排名,代號,名稱,市場,產業,新部位建議,既有部位狀態,今天動作,下一次確認,既有部位說明,短期時機分數,中期研究分數,長期初篩分數,長期方法覆蓋率%,資料健康度,資料健康狀態,收盤價,即時價,營收YoY%,累計營收YoY%,營益率%,負債比%,流動比率%,EPS,本益比,股價淨值比,殖利率%,ETF家數,ETF_1日增減張,ETF_3日增減張,ETF_5日增減張,ETF_10日增減張,ETF_20日增減張,主動ETF_5日增減張,法人1日張,法人5日張,法人10日張,法人20日張,投信買賣超1日張,投信買賣超5日張,投信買賣超10日張,投信買賣超20日張,投信5日買超天數,投信5日賣超天數,投信5日估算金額,自營商買賣超5日張,自營商買賣超10日張,外資持股比率%,外資持股1日增減張,外資持股5日增減張,外資持股10日增減張,外資持股20日增減張,外資買賣超1日張,外資買賣超5日張,外資買賣超10日張,外資買賣超20日張,RSI14,KD-K,KD-D,KD-J,KD近3日黃金交叉,KD近3日死亡交叉,距20EMA%,5日報酬%,淘汰原因
1,8271,宇瞻,TWSE,半導體業,可開始承接,符合加碼條件,只在回測承接區且法人未轉弱時分2–3批,回測時與每個交易日收盤後,已有部位可續抱；回測20日EMA約 219.24 且ETF、外資與投信未轉弱時，才考慮下一批。,76.2,82.8,69.8,85,100,完整,232,232,164.99,235.51,34.73,55.84,184.73,35.51,5.77,3.16,1.92,5,0,16,133,362,240,132,-672.551,1288.952,4072.8419999999996,4472.824999999999,0,132.318,363.42,241.42000000000002,3,0,30697776,-174.572,-210.282,11.37,-653,1002,5041,,-653.887,1331.2060000000001,3919.7039999999997,4247.842999999999,58.56,66.7,73.25,53.59,false,true,5.82,2.2,
2,2603,長榮,TWSE,航運業,可開始承接,符合加碼條件,只在回測承接區且法人未轉弱時分2–3批,回測時與每個交易日收盤後,已有部位可續抱；回測20日EMA約 205.94 且ETF、外資與投信未轉弱時，才考慮下一批。,78.6,74.8,68.8,85,91,可用,214.5,216,43.07,4.21,10.34,35.3,161.2,3.84,9.38,0.8,7.46,31,1904,2361,3359,4081,1989,1269,-1327.742,20019.73,25264.106000000003,62637.892000000014,1991,3837.346,3428.108,-2111.801,4,1,823110717,134.909,136.165,22.35,-2806,15357,21995,,-3143.947,16047.475000000002,21699.833000000002,62302.98500000001,62.35,80.23,78.29,84.11,false,false,4.16,4.63,
3,5289,宜鼎,TPEX,電腦及週邊設備業,等待確認,正常持有,今天不下單,每個交易日收盤後，檢查趨勢與法人籌碼,"已有部位可續抱觀察，但暫不追價；若收盤跌破60日EMA約 1,476.55 且法人籌碼轉弱，先減碼三分之一。",72.8,81.6,77.1,85,100,可用,1520,1530,636.53,548.79,56.13,48.99,233.33,166.45,8.44,6.29,1.13,11,0,5,8,112,100,8,287.694,287.694,287.694,287.694,0,0,0,0,0,0,0,16.122,16.122,26.65,,,,,271.572,271.572,271.572,271.572,54.38,66.16,68.8,60.89,false,true,5.81,3.75,外資持股趨勢資料不足或期間有非市場異動；ETF加碼金額或跨基金共識不足
4,2605,新興,TWSE,航運業,等待確認,正常持有,今天不下單,每個交易日收盤後，檢查趨勢與法人籌碼,已有部位可續抱觀察，但暫不追價；若收盤跌破60日EMA約 31.73 且法人籌碼轉弱，先減碼三分之一。,68.6,79.1,81.3,85,85,完整,32.55,31.75,36.27,35.12,33.49,26.88,212.23,3.67,6.64,0.99,3.07,1,0,0,0,2,187,0,-216.924,1946.7169999999999,4754.2,10399.061000000002,0,0,16,216,0,0,0,456.94499999999994,92.24799999999999,49.91,-333,1394,8356,,-237.248,1489.7720000000002,4645.952,11194.889,57.56,73.56,68.67,83.34,false,false,2.66,1.72,官方重大訊息出現高風險關鍵字，須查原文；單季稅前獲利對營業外貢獻依賴偏高
5,6691,洋基工程,TWSE,其他電子業,等待確認,正常持有,今天不下單,每個交易日收盤後，檢查趨勢與法人籌碼,已有部位可續抱觀察，但暫不追價；若收盤跌破60日EMA約 693.71 且法人籌碼轉弱，先減碼三分之一。,79,77.6,54.5,85,100,完整,733,740.5,177.06,98.1,16.22,72.04,135.24,17.46,21.93,11.92,3,10,-2,-9,82,98,400,92,41.341,497.258,353.0659999999999,-1392.776,-2,81.501,98.501,402.501,1,4,59740233,-11.327,34.28600000000001,13.08,84,482,-678,,38.687,427.08400000000006,220.27900000000008,-1784.631,56.54,78.03,70.6,92.9,false,false,3.96,5.01,ETF 1/3日已轉為減碼；ETF加碼金額或跨基金共識不足
6,2408,南亞科,TWSE,半導體業,等待確認,正常持有,今天不下單,每個交易日收盤後，檢查趨勢與法人籌碼,已有部位可續抱觀察，但暫不追價；若收盤跌破60日EMA約 397.50 且法人籌碼轉弱，先減碼三分之一。,66.7,76.9,83.1,85,100,可用,482.5,496.75,719.61,660.87,69.08,16.78,691.01,23.38,18.72,5.16,0.28,35,-444,-1598,-1955,1543,6749,-2097,-15238.671,44143.320999999996,90164.757,31508.426999999978,49.624,139.228,6577.053000000001,3672.018000000002,3,2,67177510,1711.372,-498.8829999999998,14.6,-20792,28063,60111,,-14721.317,42292.721000000005,84086.58699999998,28688.331000000006,58.75,85.6,78.88,99.04,false,false,10.76,8.43,20日累積後5日轉為調節；ETF 1/3日已轉為減碼；主動ETF 5日轉為減碼；短線過熱或乖離過大
7,6177,達麗,TWSE,建材營造,等待確認,保護持有,今天不新增部位；未完成確認前不機械式賣出,今天收盤後；若跌破，再看下一交易日是否收復,已有部位暫停加碼；若收盤跌破60日EMA約 46.83，且下一交易日仍未收復，先減碼三分之一；若ETF或外資繼續轉弱，再分批降低部位。,63.2,75.6,63.6,85,100,完整,47.7,47.73,470.04,637.82,35.66,73.72,132.76,5.03,6.39,1.77,6.29,2,0,0,0,-11,-97,0,-826.143,-1400.8650000000002,-3822.1110000000003,161.07099999999906,0,0,-11.154,281.18899999999996,0,0,0,242.204,181.00300000000004,6.64,-903,-1751,-2956,,-885.598,-1643.069,-3991.9599999999996,-599.2379999999998,52.82,53.21,55.83,47.98,false,true,0.2,-0.1,外資持股5/10日下降，且外資5日賣超
8,2330,台積電,TWSE,半導體業,等待確認,正常持有,今天不下單,每個交易日收盤後，檢查趨勢與法人籌碼,"已有部位可續抱觀察，但暫不追價；若收盤跌破60日EMA約 2,331.27 且法人籌碼轉弱，先減碼三分之一。",76.1,74.9,66.5,85,90.9,可用,2415,2442.5,44.69,37.01,58.1,31.5,248.83,22.08,32.47,10.63,0.91,68,771,1153,-246,19489,49638,-263,2923.671,4603.178000000001,11499.378999999997,-52833.844,587.054,1100.1609999999998,8720.08,16431.591000000004,4,1,2656888815,628.5730000000001,-22.563000000000557,69.17,2867,4288,-43215,,2626.903,2874.4439999999986,2801.8619999999974,-88614.83300000001,54,83.31,75.07,99.8,false,false,1.89,0.42,20日累積後5日轉為調節；主動ETF 5日轉為減碼；20日趨勢尚未上彎
9,6446,藥華藥,TWSE,生技醫療業,等待確認,正常持有,今天不下單,每個交易日收盤後，檢查趨勢與法人籌碼,"已有部位可續抱觀察，但暫不追價；若收盤跌破60日EMA約 1,084.05 且法人籌碼轉弱，先減碼三分之一。",78.7,74.8,69.1,85,100,完整,1440,1447.5,92.59,77.46,43.77,16.54,527.8,11.35,70.52,14.61,0.18,18,10,55,67,115,191,44,105.206,2677.379,1781.8519999999999,201.17999999999972,234,310.279,394.135,474.04299999999995,3,2,446801760,-66.08699999999999,-51.58499999999999,25.37,-505,2070,12599,,-102.241,2433.187,1439.3019999999997,-211.7580000000006,65.51,80.14,71.8,96.81,false,false,15.72,7.87,短線過熱或乖離過大
10,6491,晶碩,TWSE,生技醫療業,等待確認,正常持有,今天不下單,每個交易日收盤後，檢查趨勢與法人籌碼,已有部位可續抱觀察，但暫不追價；若收盤跌破60日EMA約 339.19 且法人籌碼轉弱，先減碼三分之一。,73.1,74.8,66.8,85,100,完整,378,375.5,17.42,23.1,28.18,31.22,147.7,13.13,15.76,2.51,2.65,2,-5,2,166,237,214,166,96.499,929.8100000000001,2071.265,2025.7359999999994,-5,96,107,81,1,2,36288000,-7.0009999999999994,57.494,21.77,99,797,1783,,97.299,840.8109999999999,1906.771,1994.7579999999998,65.14,85.04,79.63,95.86,false,false,5.65,-0.26,ETF加碼金額或跨基金共識不足
11,2476,鉅祥,TWSE,電子零組件業,等待確認,正常持有,今天不下單,每個交易日收盤後，檢查趨勢與法人籌碼,已有部位可續抱觀察，但暫不追價；若收盤跌破60日EMA約 120.11 且法人籌碼轉弱，先減碼三分之一。,73.1,74.5,73.8,85,100,完整,128,125,54.4,39.61,19.32,27.64,314.36,2.98,20.81,3.08,2.32,2,0,11,11,205,205,11,1119.343,996.485,1999.9000000000003,2162.6460000000006,0,11,205,205,1,0,1408000,488.488,892.533,9.93,696,86,409,,786.303,496.997,902.3670000000001,967.4489999999998,57.09,89.67,82.74,103.54,false,false,4.91,2.81,20日趨勢尚未上彎；2日內除權息，等待價格重置；ETF加碼金額或跨基金共識不足
12,3706,神達,TWSE,電腦及週邊設備業,等待確認,正常持有,今天不下單,每個交易日收盤後，檢查趨勢與法人籌碼,已有部位可續抱觀察，但暫不追價；若收盤跌破60日EMA約 88.41 且法人籌碼轉弱，先減碼三分之一。,79.9,74.4,59.1,85,91,可用,92.4,93.15,49.73,45.52,3.72,50.24,171.44,1.1,17.63,1.85,4.33,15,-92,-99,206,452,9229,481,9786.27,14651.719,31217.096,39609.248,-92,205.503,473.503,9264.503,1,4,18988477,441.494,725.0780000000002,9.83,8773,10834,24068,,9467.114,14004.722000000002,30018.515000000003,32012.052,55.68,75.6,73.2,80.41,false,false,2.32,0.54,ETF 1/3日已轉為減碼；ETF加碼金額或跨基金共識不足
13,2360,致茂,TWSE,其他電子業,等待確認,正常持有,今天不下單,每個交易日收盤後，檢查趨勢與法人籌碼,"已有部位可續抱觀察，但暫不追價；若收盤跌破60日EMA約 2,047.41 且法人籌碼轉弱，先減碼三分之一。",74.6,74.2,61.5,85,100,可用,2195,2277.5,175.26,101.53,39.54,47.08,167.28,21.27,55.99,28.18,0.89,47,43,68,120,967,2077,87,114.214,647.693,-2207.583,-3338.9680000000008,229.949,-74.524,-774.6569999999999,3492.7230000000004,3,2,-163580180,-81.66199999999998,-115.72899999999998,58.46,-144,807,-3569,,-156.304,803.8789999999999,-1317.1970000000003,-7096.887000000001,58.05,72.39,60.49,96.18,false,false,8.57,16.45,短線過熱或乖離過大；高波動且5日漲幅過大
14,2542,興富發,TWSE,建材營造,等待確認,保護持有,今天不新增部位；未完成確認前不機械式賣出,今天收盤後；若跌破，再看下一交易日是否收復,已有部位暫停加碼；若收盤跌破60日EMA約 43.11，且下一交易日仍未收復，先減碼三分之一；若ETF或外資繼續轉弱，再分批降低部位。,72.3,73.8,54.2,85,100,可用,44.8,45.08,196.59,404.28,24.76,77.72,140.2,2.45,10.37,1.91,8.93,10,300,1265,2268,2701,37209,0,1024.866,1853.8139999999999,4167.377,9653.732,294,2262.051,2695.051,37702.651,5,0,101339885,-54.242999999999995,1840.5600000000002,7.96,1126,-1517,-1321,,729.145,-353.994,-368.2339999999999,-34690.389,59.55,83.89,74.67,102.32,false,false,1.67,1.7,外資持股5/10日下降，且外資5日賣超；官方重大訊息出現高風險關鍵字，須查原文
15,2855,統一證,TWSE,金融保險業,等待確認,保護持有,今天不新增部位；未完成確認前不機械式賣出,今天收盤後；若跌破，再看下一交易日是否收復,已有部位暫停加碼；若收盤跌破60日EMA約 45.19，且下一交易日仍未收復，先減碼三分之一；若ETF或外資繼續轉弱，再分批降低部位。,68,73.4,66.7,85,90.8,可用,47.5,48.28,19.6,252.71,,84.35,116.12,1.43,10.63,1.82,4.44,11,600,2542,4321,5407,9895,0,2476.058,1485.2769999999996,5029.9389999999985,2764.151999999999,594,4315.061,5437.061,9945.592,5,0,204965398,0,0,7.4,2439,-2243,-5171,,1882.058,-2829.7840000000006,-407.12200000000064,-7181.4400000000005,56.65,85.57,77.36,101.97,false,false,4.59,3.6,外資持股5/10日下降，且外資5日賣超；20日趨勢尚未上彎
16,2347,聯強,TWSE,電子通路業,等待確認,正常持有,今天不下單,每個交易日收盤後，檢查趨勢與法人籌碼,已有部位可續抱觀察，但暫不追價；若收盤跌破60日EMA約 88.45 且法人籌碼轉弱，先減碼三分之一。,72.1,73.2,56.8,85,100,可用,91.6,91.95,126.88,84.54,2.49,70.33,142.57,4.12,12.53,1.76,4.59,23,42,151,1295,1843,-10494,-10,2510.259,3892.9399999999996,10006.023,20247.475,116,1671.916,1734.911,-12640.213,5,0,153147506,13.214999999999982,-2823.2149999999997,30.01,2667,2710,13835,,2390.776,2207.8089999999997,11094.327,33567.301,52.69,52.05,62.77,30.61,false,true,0.93,-5.66,主動ETF 5日轉為減碼；ETF加碼金額或跨基金共識不足
17,4441,振大環球,TWSE,紡織纖維,等待確認,保護持有,今天不新增部位；未完成確認前不機械式賣出,今天收盤後；若跌破，再看下一交易日是否收復,已有部位暫停加碼；若收盤跌破60日EMA約 190.64，且下一交易日仍未收復，先減碼三分之一；若ETF或外資繼續轉弱，再分批降低部位。,62,72.7,74,85,100,完整,201,201.5,27.99,13.84,17.62,30.51,243.38,9.08,11.14,1.99,5.37,1,0,0,0,0,0,0,-18,51.999,2.4710000000000027,27.174,60,60,60,60,1,0,12060000,93.999,81,0.96,-95,-175,-260,,-79,-102,-138.52899999999997,-131.38799999999998,67.96,82.72,79.77,88.63,false,false,7.67,6.63,外資持股5/10日下降，且外資5日賣超
18,2344,華邦電,TWSE,半導體業,等待確認,降低部位,停止加碼；反彈未站回恢復區時分批減碼,每個交易日收盤後，確認是否站回恢復區,已有部位先停止加碼。反彈若仍未站回 163.42，分批降低部位；只有站回且ETF／外資賣壓收斂後才重新評估。,57.9,72.3,65.5,85,100,可用,177,182,291.55,160.97,42.34,40.78,159.78,7.65,19.51,4.83,0.28,35,-4369,-4885,-4899,637,2493,-4643,-43919.119,-47048.97,22327.028,-74847.777,-11140.522,-11172.258000000002,-9924.430000000002,-39484.200000000004,1,4,-1977489666,-2.966999999999871,-1559.761,16.99,-33941,-44556,-17029,,-30701.517,-35873.74500000001,33811.21899999999,-39294.46100000001,55.87,83.18,76.75,96.05,false,false,8.31,4.73,20日累積後5日轉為調節；ETF 1/3日已轉為減碼；主動ETF 5日轉為減碼；投信5/10日持續且具金額意義的賣超；外資持股5/10日下降，且外資5日賣超
19,2108,南帝,TWSE,橡膠工業,等待確認,正常持有,今天不下單,每個交易日收盤後，檢查趨勢與法人籌碼,已有部位可續抱觀察，但暫不追價；若收盤跌破60日EMA約 28.16 且法人籌碼轉弱，先減碼三分之一。,67.2,72.3,75.3,85,85,完整,30.85,30.6,32.74,24.72,16.6,12.36,812.87,1.28,17.33,1.03,3.24,1,0,0,0,1,157,0,1586.497,4754.79,5300.321,3815.9539999999997,0,0,1,157,0,0,0,95.445,80.55,6.49,1584,4563,5730,,1584.349,4659.345,5218.771000000001,3572.9120000000003,68.65,85.26,71.14,113.49,false,false,8.32,12.39,
20,2428,興勤,TWSE,電子零組件業,等待確認,保護持有,今天不新增部位；未完成確認前不機械式賣出,今天收盤後；若跌破，再看下一交易日是否收復,已有部位暫停加碼；若收盤跌破60日EMA約 251.42，且下一交易日仍未收復，先減碼三分之一；若ETF或外資繼續轉弱，再分批降低部位。,68.8,71.9,72.8,85,100,完整,254.5,258.75,48.36,24.42,22.64,36.2,299.37,7.55,18.09,2.76,2.32,3,-12,-12,110,110,72,110,-229.8,-452.751,-912.2120000000001,580.8419999999998,-12,110.324,110.324,372.324,2,1,28077458,142.232,131.643,18.65,-162,-600,-600,,-243.353,-705.307,-1154.179,160.1199999999999,52.64,81.14,65.39,112.64,false,false,5,11.38,ETF 1/3日已轉為減碼；外資持股5/10日下降，且外資5日賣超；20日趨勢尚未上彎；高波動且5日漲幅過大；ETF加碼金額或跨基金共識不足
21,3017,奇鋐,TWSE,電腦及週邊設備業,等待確認,正常持有,今天不下單,每個交易日收盤後，檢查趨勢與法人籌碼,"已有部位可續抱觀察，但暫不追價；若收盤跌破60日EMA約 2,452.31 且法人籌碼轉弱，先減碼三分之一。",76.6,71.5,49.1,85,100,可用,2910,2932.5,57.39,80.34,25.97,68.07,126.07,44.54,38.79,20.7,0.72,45,143,158,220,1386,2341,118,260.367,3776.228,8013.954,7999.610999999999,-32,1503.5210000000002,3941.567,6477.308,3,2,4375246110,363.52299999999997,507.77799999999996,53.15,188,1654,3598,,139.001,1909.1839999999997,3564.609,645.4639999999997,64.3,84.55,80.9,91.84,false,false,13.6,6.59,短線過熱或乖離過大；官方重大訊息出現高風險關鍵字，須查原文
22,3033,威健,TWSE,電子通路業,等待確認,正常持有,今天不下單,每個交易日收盤後，檢查趨勢與法人籌碼,已有部位可續抱觀察，但暫不追價；若收盤跌破60日EMA約 47.38 且法人籌碼轉弱，先減碼三分之一。,71.4,71.5,53.9,85,100,完整,50.3,49.45,78.71,32.99,3.65,78.4,133.84,3.38,11.05,2.07,3.82,5,1,0,1,505,641,0,1666.624,10393.606,12439.545,-543.902,1,1.442,505.51199999999994,641.6049999999999,2,1,72533,-441.35100000000006,64.35199999999998,25.87,2260,10731,9309,,1758.294,10833.515,11869.680999999999,1175.1629999999989,55.7,76.69,67.86,94.36,false,false,3.91,5.23,20日趨勢尚未上彎；ETF加碼金額或跨基金共識不足；官方重大訊息出現高風險關鍵字，須查原文
23,2383,台光電,TWSE,電子零組件業,等待確認,正常持有,今天不下單,每個交易日收盤後，檢查趨勢與法人籌碼,"已有部位可續抱觀察，但暫不追價；若收盤跌破60日EMA約 4,908.96 且法人籌碼轉弱，先減碼三分之一。",77.3,71.3,48.8,85,100,可用,5730,5747.5,129.4,89.4,24.72,63.23,135.5,42.46,89.6,35.2,0.44,51,40,161,191,923,1734,139,366.209,871.0089999999999,-1058.1380000000001,-1371.8620000000005,56.993,392.70700000000005,1284.103,1813.316,4,1,2250211110,-31.207,-153.29699999999997,42.9,294,583,-2547,,305.609,509.5089999999999,-2188.944,-3219.3409999999994,62.85,92.6,83.93,109.96,false,false,11.97,9.25,短線過熱或乖離過大
24,3030,德律,TWSE,其他電子業,等待確認,正常持有,今天不下單,每個交易日收盤後，檢查趨勢與法人籌碼,已有部位可續抱觀察，但暫不追價；若收盤跌破60日EMA約 308.56 且法人籌碼轉弱，先減碼三分之一。,68,71.2,69.4,85,100,完整,307.5,312.25,38.19,26.75,38.59,34.3,215.96,7.36,23.3,7.46,2.28,6,0,-1,-1,2,15,0,624.913,860.134,1617.534,533.2450000000001,0,-1.832,8.768,25.768,0,1,-563340,62.828,201.669,10.81,278,604,1046,,579.833,799.138,1407.097,534.1249999999997,54.43,83.07,73.39,102.42,false,false,4.48,3.36,20日累積後5日轉為調節
25,3515,華擎,TWSE,電腦及週邊設備業,等待確認,正常持有,今天不下單,每個交易日收盤後，檢查趨勢與法人籌碼,已有部位可續抱觀察，但暫不追價；若收盤跌破60日EMA約 217.64 且法人籌碼轉弱，先減碼三分之一。,67.6,71.1,62.5,85,100,完整,224.5,230.25,131.35,18.86,8.04,52.42,174.78,7.1,14.5,2.39,4.9,3,0,0,0,-2,-3,0,672.676,233.87400000000005,550.749,226.446,0,0.494,-1.3130000000000002,-2.212,1,0,110903,48.041000000000004,34.332000000000015,8.43,628,288,664,,640.993,185.33900000000003,517.73,210.11900000000014,62.41,81.59,74.8,95.18,false,false,6.98,7.16,
26,6139,亞翔,TWSE,其他電子業,等待確認,保護持有,今天不新增部位；未完成確認前不機械式賣出,今天收盤後；若跌破，再看下一交易日是否收復,已有部位暫停加碼；若收盤跌破60日EMA約 788.39，且下一交易日仍未收復，先減碼三分之一；若ETF或外資繼續轉弱，再分批降低部位。,71,70.8,54.1,85,91,可用,811,825.5,62.28,68.37,17.21,65.29,145.77,9.45,22.51,8.73,2.84,20,147,248,182,1020,2448,199,-680.779,-1379.776,-2064.1679999999997,-8387.344,212,95.17899999999997,1036.466,2044.2659999999996,3,2,77190169,160.424,479.345,23.67,-808,-1658,-7711,,-858.572,-1635.379,-3579.979,-10547.134,51.34,78.8,69.73,96.93,false,false,1.7,1.37,外資持股5/10日下降，且外資5日賣超；20日趨勢尚未上彎
27,3088,艾訊,TPEX,電腦及週邊設備業,等待確認,正常持有,今天不下單,每個交易日收盤後，檢查趨勢與法人籌碼,已有部位可續抱觀察，但暫不追價；若收盤跌破60日EMA約 132.66 且法人籌碼轉弱，先減碼三分之一。,61.5,70.6,71.5,85,100,可用,140,140.5,66.92,45.48,12.29,33.69,239.98,4.28,17.54,2.8,2.09,1,0,0,0,5,10,0,19.338,19.338,19.338,19.338,0,0,0,0,0,0,0,-36.012,-36.012,20.25,,,,,55.35,55.35,55.35,55.35,53.02,68.98,58.56,89.83,false,false,3.02,5.66,外資持股趨勢資料不足或期間有非市場異動；20日趨勢尚未上彎
28,3324,雙鴻,TPEX,其他電子業,等待確認,正常持有,今天不下單,每個交易日收盤後，檢查趨勢與法人籌碼,已有部位可續抱觀察，但暫不追價；若收盤跌破60日EMA約 984.06 且法人籌碼轉弱，先減碼三分之一。,64.2,70.6,57.8,85,100,可用,1050,1032.5,116.7,83.28,16.87,59.14,183.92,23.01,24.22,7.37,1.13,3,0,0,-1,1,8,0,-71.423,-71.423,-71.423,-71.423,0,0,0,0,0,0,0,-29.777,-29.777,29.38,,,,,-41.646,-41.646,-41.646,-41.646,60.32,81.44,76.17,91.96,false,false,8.4,8.81,20日累積後5日轉為調節；外資持股趨勢資料不足或期間有非市場異動
29,1736,喬山,TWSE,運動休閒,等待確認,正常持有,今天不下單,每個交易日收盤後，檢查趨勢與法人籌碼,已有部位可續抱觀察，但暫不追價；若收盤跌破60日EMA約 128.76 且法人籌碼轉弱，先減碼三分之一。,67.7,70.5,53.4,85,100,完整,139,138,35.8,12.75,7.5,70.85,125.91,3.27,12.57,3.08,3.24,2,0,0,0,518,518,0,-285.055,1533.7709999999997,1971.156,1595.625,0,0.252,565.252,919.252,1,0,35028,2.135,-22.128,5.75,-248,1733,1420,,-286.055,1531.384,1428.0320000000002,688.0460000000004,54.91,70.65,63.12,85.7,false,false,3.72,3.35,
30,5904,寶雅*,TPEX,居家生活,等待確認,保護持有,今天不新增部位；未完成確認前不機械式賣出,今天收盤後；若跌破，再看下一交易日是否收復,已有部位暫停加碼；若收盤跌破60日EMA約 66.30，且下一交易日仍未收復，先減碼三分之一；若ETF或外資繼續轉弱，再分批降低部位。,71.3,70.3,51.6,85,100,可用,82.5,78,19.22,14.47,16.38,78.94,111.99,17.45,24.26,1.21,3.09,10,1058,6641,9381,9381,9188,6435,-25502.327,-25502.327,-25502.327,-25502.327,608,608,608,608,1,0,50160000,-278.784,-278.784,26.84,,,,,-25831.543,-25831.543,-25831.543,-25831.543,70.84,77.1,80.95,69.39,false,true,13.43,14.58,外資持股趨勢資料不足或期間有非市場異動；KD高檔死亡交叉，等待動能確認；強勢上漲後盤中急跌反轉
31,5274,信驊,TPEX,半導體業,等待確認,正常持有,今天不下單,每個交易日收盤後，檢查趨勢與法人籌碼,"已有部位可續抱觀察，但暫不追價；若收盤跌破60日EMA約 14,891.09 且法人籌碼轉弱，先減碼三分之一。",71.1,70.2,54,85,100,可用,17370,17865,97.59,68.06,53.36,45.44,201.99,78.28,115.87,84.28,0.47,30,43,59,84,179,365,83,33.104,33.104,33.104,33.104,63.002,63.002,63.002,63.002,1,0,1094344740,3.539,3.539,53.11,,,,,-33.437,-33.437,-33.437,-33.437,63.32,88.12,82.07,100.21,false,false,12.39,8.43,外資持股趨勢資料不足或期間有非市場異動；短線過熱或乖離過大
32,2441,超豐,TWSE,半導體業,等待確認,正常持有,今天不下單,每個交易日收盤後，檢查趨勢與法人籌碼,已有部位可續抱觀察，但暫不追價；若收盤跌破60日EMA約 120.88 且法人籌碼轉弱，先減碼三分之一。,72.6,70.1,68,85,100,完整,125.5,127.25,41.65,24.68,20.06,18.34,230.57,2.98,23.24,2.6,2.39,10,0,-28,521,1520,4483,557,3158.783,7976.0869999999995,5459.843999999999,-634.7040000000011,0,520.766,1519.766,4482.766,2,2,65356133,621.7080000000001,804.5500000000002,11.21,2838,6357,465,,2931.702,6833.612999999999,3135.5279999999993,-4723.661000000001,52.43,82.82,73.65,101.15,false,false,3.79,5.91,20日趨勢尚未上彎
33,6245,立端,TPEX,通信網路業,等待確認,正常持有,今天不下單,每個交易日收盤後，檢查趨勢與法人籌碼,已有部位可續抱觀察，但暫不追價；若收盤跌破60日EMA約 80.93 且法人籌碼轉弱，先減碼三分之一。,63,70,67.5,85,100,可用,88,87.95,102.55,17.99,8.15,41.82,223.77,1.81,20.09,2.17,4.32,1,0,0,1,-4,-7,0,74.383,74.383,74.383,74.383,0,0,0,0,0,0,0,-17.703,-17.703,11.07,,,,,92.086,92.086,92.086,92.086,62.82,79.06,70.48,96.21,false,false,6.96,8.64,外資持股趨勢資料不足或期間有非市場異動
34,8464,億豐,TWSE,居家生活,等待確認,正常持有,今天不下單,每個交易日收盤後，檢查趨勢與法人籌碼,已有部位可續抱觀察，但暫不追價；若收盤跌破60日EMA約 363.63 且法人籌碼轉弱，先減碼三分之一。,71.8,69.9,67.8,85,100,完整,391,368.75,16.43,3.86,27.66,25.49,384.65,10.37,17.08,3.98,4.09,11,20,18,95,81,90,0,0.684,280.3790000000001,513.9960000000002,678.9770000000001,20,94.907,85.523,117.809,2,2,37108637,1.5019999999999998,-7.5539999999999985,40.66,-11,155,300,,-19.323,183.97000000000006,436.02700000000004,572.3860000000001,64.21,63.54,60.85,68.93,true,false,3.85,4.13,當下除權息調整價未守20日EMA；ETF加碼金額或跨基金共識不足
35,8016,矽創,TWSE,半導體業,等待確認,正常持有,今天不下單,每個交易日收盤後，檢查趨勢與法人籌碼,已有部位可續抱觀察，但暫不追價；若收盤跌破60日EMA約 291.49 且法人籌碼轉弱，先減碼三分之一。,70,69.7,66.5,85,100,完整,311.5,318.75,34.48,29.75,14.18,31.5,231.35,12.28,15.57,2.77,3.69,12,0,-17,96,-175,-75,120,115.435,438.68,1035.4900000000002,1812.8700000000001,0,95.68,-174.861,-120.91999999999999,1,3,29804320,60.552,87.534,44.77,87,243,1087,,93,282.448,1122.8170000000002,1918.0850000000005,56.08,77,69.16,92.68,false,false,4.61,6.5,20日趨勢尚未上彎
36,1714,和桐,TWSE,化學工業,等待確認,保護持有,今天不新增部位；未完成確認前不機械式賣出,今天收盤後；若跌破，再看下一交易日是否收復,已有部位暫停加碼；若收盤跌破60日EMA約 14.89，且下一交易日仍未收復，先減碼三分之一；若ETF或外資繼續轉弱，再分批降低部位。,68.1,69.3,65.4,85,100,完整,17.4,17.25,77.38,61.22,11.49,29.6,335.99,0.89,14.75,1.29,1.03,2,79,79,20,1805,4030,96,997.727,-9629.213,-26259.466999999997,-11675.600999999997,79,20,1805,4030,1,1,348000,513.813,416.389,16.72,465,-7950,-15132,,836.225,-10163.026000000002,-28480.856000000007,-15951.595000000007,60.61,85.27,72.27,111.25,false,false,11.12,17.97,外資持股5/10日下降，且外資5日賣超；20日趨勢尚未上彎；高波動且5日漲幅過大；ETF加碼金額或跨基金共識不足；融資增幅與短線漲幅同步偏高；借券賣出與借券賣出餘額壓力升高
37,3036,文曄,TWSE,電子通路業,等待確認,正常持有,今天不下單,每個交易日收盤後，檢查趨勢與法人籌碼,已有部位可續抱觀察，但暫不追價；若收盤跌破60日EMA約 218.33 且法人籌碼轉弱，先減碼三分之一。,69.9,69.3,48.4,85,91,可用,217.5,219.75,94.85,111.03,2.01,83.24,116.9,5.32,15.43,2.44,3.59,26,-12,-54,323,957,-3965,435,-2374.65,-4680.435,-12106.907000000001,-12278.539,-692.049,532.702,5129.343,-3001.9150000000004,3,2,115862685,68.80500000000006,242.32500000000005,27,-2241,7074,-10812,,-1799.904,-5281.942,-17478.575,-9933.907000000001,52.69,70.91,72.37,68,false,true,2.84,-3.33,ETF 1/3日已轉為減碼
38,2357,華碩,TWSE,電腦及週邊設備業,等待確認,正常持有,今天不下單,每個交易日收盤後，檢查趨勢與法人籌碼,已有部位可續抱觀察，但暫不追價；若收盤跌破60日EMA約 740.11 且法人籌碼轉弱，先減碼三分之一。,66,69,57.5,85,100,可用,852,937,53.33,40.88,7.05,62.01,128,38.83,15.23,2.21,4.93,43,42,519,472,1503,1814,-481,1349.865,4537.748,11781.142,23245.644,75.887,-287.27,524.4639999999999,-795.0660000000001,4,1,-244754040,90.26500000000001,640.177,38.1,526,3724,13419,,1186.544,4734.753,10616.501,22076.914999999994,66.8,82.32,79,88.97,true,false,8.17,1.67,主動ETF 5日轉為減碼；短線過熱或乖離過大；ETF加碼金額或跨基金共識不足
39,2436,偉詮電,TWSE,半導體業,等待確認,保護持有,今天不新增部位；未完成確認前不機械式賣出,今天收盤後；若跌破，再看下一交易日是否收復,已有部位暫停加碼；若收盤跌破60日EMA約 65.11，且下一交易日仍未收復，先減碼三分之一；若ETF或外資繼續轉弱，再分批降低部位。,62.2,69,67.3,85,100,完整,67.6,68.1,42.93,30.13,11.77,33,261.25,3.02,12.43,2.84,2.9,2,0,0,-25,5,22,0,1258.594,6604.877,6620.741000000001,2836.618,-158,-340,-310,-293,0,3,-22984000,155.696,331.914,13.46,1337,6806,5186,,1337.472,6789.1810000000005,6598.827,3221.361000000001,59.66,88.27,79.1,106.63,false,false,8.83,10.82,20日累積後5日轉為調節；投信5/10日持續且具金額意義的賣超；單季稅前獲利對營業外貢獻依賴偏高
40,7750,新代,TWSE,電機機械,等待確認,保護持有,今天不新增部位；未完成確認前不機械式賣出,今天收盤後；若跌破，再看下一交易日是否收復,"已有部位暫停加碼；若收盤跌破60日EMA約 2,135.26，且下一交易日仍未收復，先減碼三分之一；若ETF或外資繼續轉弱，再分批降低部位。",59.7,68.9,61.1,85,100,完整,2390,2390,202.65,95.42,27.76,45.28,228.69,42.53,41.08,12.75,0.67,4,0,-1,-1,121,121,0,43.524,-236.018,148.459,98.56799999999997,0,-39.36,109.64,157.64,0,2,-94070400,-9.734,3.891,17.76,44,-167,-56,,43.161,-186.924,34.92799999999997,-65.85600000000002,58.62,77.72,77.62,77.92,false,false,7.96,-2.85,20日累積後5日轉為調節；外資持股5/10日下降，且外資5日賣超
41,2317,鴻海,TWSE,其他電子業,等待確認,正常持有,今天不下單,每個交易日收盤後，檢查趨勢與法人籌碼,已有部位可續抱觀察，但暫不追價；若收盤跌破60日EMA約 249.47 且法人籌碼轉弱，先減碼三分之一。,72.9,68.7,49.8,85,88,可用,270,266.75,54.19,37.89,3.57,61.98,145.13,3.56,19.18,2.12,2.66,44,164,475,-86,9432,25947,0,31084.173,53933.038,123778.03199999999,182871.99200000006,255.973,126.41900000000007,2524.752,7645.212999999999,4,1,34133130,1278.6769999999997,3230.6079999999997,40.89,26947,49812,99797,,29370.661,52527.942,118022.67199999999,158189.205,62.2,90.95,83.99,104.87,false,false,6.33,4.45,20日累積後5日轉為調節；外資持股趨勢資料不足或期間有非市場異動
42,3702,大聯大,TWSE,電子通路業,等待確認,保護持有,今天不新增部位；未完成確認前不機械式賣出,今天收盤後；若跌破，再看下一交易日是否收復,已有部位暫停加碼；若收盤跌破60日EMA約 112.06，且下一交易日仍未收復，先減碼三分之一；若ETF或外資繼續轉弱，再分批降低部位。,67.6,68.4,49.3,85,91,可用,122.5,122.75,90.83,59.92,2.68,80.68,123.6,3.3,14.96,2.29,3.1,31,-70,-244,761,-677,13870,155,-3078.075,-6499.243000000001,-1368.933000000001,-610.8010000000007,1,1525.653,-365.46900000000005,12089.926,5,0,186892493,266.99800000000005,1700.8359999999998,34.58,-3394,-8372,-9911,,-3336.31,-8291.894,-2704.2999999999997,-17758.238,55.27,76.6,76.82,76.18,false,true,3.42,-5.04,ETF 1/3日已轉為減碼；外資持股5/10日下降，且外資5日賣超
43,3264,欣銓,TPEX,半導體業,等待確認,正常持有,今天不下單,每個交易日收盤後，檢查趨勢與法人籌碼,已有部位可續抱觀察，但暫不追價；若收盤跌破60日EMA約 210.60 且法人籌碼轉弱，先減碼三分之一。,66.7,68.1,53.4,85,100,可用,216.5,223.75,52.26,31.9,29.05,52.52,88.08,4.39,28.26,5.23,1.94,16,0,1525,1645,2048,1374,1650,1198.654,1198.654,1198.654,1198.654,-149.987,-149.987,-149.987,-149.987,0,1,-32472185,-29.823,-29.823,36.12,,,,,1378.464,1378.464,1378.464,1378.464,53.18,80.05,71.3,97.56,false,false,4.36,7.18,外資持股趨勢資料不足或期間有非市場異動；20日趨勢尚未上彎
44,3577,泓格,TPEX,電腦及週邊設備業,等待確認,正常持有,今天不下單,每個交易日收盤後，檢查趨勢與法人籌碼,已有部位可續抱觀察，但暫不追價；若收盤跌破60日EMA約 125.77 且法人籌碼轉弱，先減碼三分之一。,59.7,68.1,70.7,85,100,可用,130.5,134.25,54.07,39.95,30.26,27.72,225.16,3.28,30,5.66,1.53,1,0,0,7,14,14,0,-44.136,-44.136,-44.136,-44.136,0,0,0,0,0,0,0,0.227,0.227,3.66,,,,,-44.363,-44.363,-44.363,-44.363,48.8,61.11,56.97,69.41,false,false,-1.78,-5.43,外資持股趨勢資料不足或期間有非市場異動；ETF加碼金額或跨基金共識不足
45,6505,台塑化,TWSE,油電燃氣業,等待確認,保護持有,今天不新增部位；未完成確認前不機械式賣出,今天收盤後；若跌破，再看下一交易日是否收復,已有部位暫停加碼；若收盤跌破60日EMA約 64.86，且下一交易日仍未收復，先減碼三分之一；若ETF或外資繼續轉弱，再分批降低部位。,63.9,67.6,70.6,85,100,完整,70.2,69.9,32.35,11.84,13.74,16.6,520.61,4.32,12.19,1.37,1.71,9,6,62,110,930,3571,0,-3162.28,-12167.55,-26923.197,31077.392000000007,7,186.298,499.743,8229.569,3,0,13078120,820.561,242.88500000000013,7.01,-3219,-12902,-4727,,-2919.525,-13174.409,-27665.825,21489.267,50.63,35.64,27.3,52.32,false,false,-0.82,3.85,外資持股5/10日下降，且外資5日賣超；當下除權息調整價未守20日EMA；ETF加碼金額或跨基金共識不足；借券賣出與借券賣出餘額壓力升高
46,2395,研華,TWSE,電腦及週邊設備業,等待確認,正常持有,今天不下單,每個交易日收盤後，檢查趨勢與法人籌碼,已有部位可續抱觀察，但暫不追價；若收盤跌破60日EMA約 530.74 且法人籌碼轉弱，先減碼三分之一。,66.2,67.3,60.6,85,100,可用,686,705.5,87.58,40.26,19.04,40.5,171.12,9.05,43.45,10.77,1.63,30,2,3,-45,7,2616,-41,487.475,2364.096,2421.9359999999997,1019.9939999999997,167,265.635,-666.683,2492.6870000000004,4,1,182225610,9.895999999999987,309.808,35.49,276,2264,867,,242.613,2088.565,2778.811,-2173.411,74.94,80.89,73.49,95.68,false,false,14.79,8.37,20日累積後5日轉為調節；主動ETF 5日轉為減碼；短線過熱或乖離過大
47,6770,力積電,TWSE,半導體業,等待確認,正常持有,今天不下單,每個交易日收盤後，檢查趨勢與法人籌碼,已有部位可續抱觀察，但暫不追價；若收盤跌破60日EMA約 66.88 且法人籌碼轉弱，先減碼三分之一。,65.4,67.3,59.9,85,88,可用,73.7,74.15,70.54,42.68,104.82,44.07,311.73,3.36,41.64,3.24,,10,0,-10,38,371,1986,0,117071.307,142927.46500000003,99245.72700000001,-112620.76099999997,0,38.105000000000004,171.596,2385.5959999999995,1,2,2808339,6940.602000000001,7375.773,14.67,114684,144945,50748,,113974.233,135948.758,91698.35800000001,-111877.45699999998,60.25,88.35,75.56,113.92,false,false,13.35,11.5,外資持股趨勢資料不足或期間有非市場異動；20日趨勢尚未上彎；短線過熱或乖離過大；高波動且5日漲幅過大；ETF加碼金額或跨基金共識不足
48,3022,威強電,TWSE,電腦及週邊設備業,等待確認,正常持有,今天不下單,每個交易日收盤後，檢查趨勢與法人籌碼,已有部位可續抱觀察，但暫不追價；若收盤跌破60日EMA約 86.38 且法人籌碼轉弱，先減碼三分之一。,70.1,67.1,66.8,85,91,可用,105.5,105.25,73.92,26.75,2.29,27.05,323.07,0.96,29.89,1.62,3.32,3,0,-59,286,280,278,284,698.321,5137.686,6269.999,9736.743,0,285.432,280.191,277.58299999999997,2,1,30113076,52.99200000000002,288.893,24.43,689,4603,7526,,692.428,4799.262,5700.914999999999,9134.505,63.6,78.24,79.44,75.83,false,true,10.4,8.09,ETF加碼金額或跨基金共識不足；單季稅前獲利對營業外貢獻依賴偏高
49,6196,帆宣,TWSE,其他電子業,等待確認,保護持有,今天不新增部位；未完成確認前不機械式賣出,今天收盤後；若跌破，再看下一交易日是否收復,已有部位暫停加碼；若收盤跌破60日EMA約 496.44，且下一交易日仍未收復，先減碼三分之一；若ETF或外資繼續轉弱，再分批降低部位。,68.3,66.7,46.1,85,100,完整,499,517,101.35,47.39,8.65,72.75,122.81,13.26,22.6,6.15,1.29,12,0,0,98,10,174,98,-232.148,22.469,83.48,736.113,-183,-543.231,-622.231,-390.231,1,3,-271072269,-1.9579999999999975,79.991,18.08,-43,527,1131,,-40.208,567.658,625.72,1265.359,46.99,59.24,56.86,63.99,false,false,-1.66,-1.96,投信5/10日持續且具金額意義的賣超；20日趨勢尚未上彎
50,3044,健鼎,TWSE,電子零組件業,等待確認,保護持有,今天不新增部位；未完成確認前不機械式賣出,今天收盤後；若跌破，再看下一交易日是否收復,已有部位暫停加碼；若收盤跌破60日EMA約 438.29，且下一交易日仍未收復，先減碼三分之一；若ETF或外資繼續轉弱，再分批降低部位。,58.7,66.5,62.6,85,100,可用,485.5,511.5,56.55,34.71,20.58,48.8,162.21,13.02,20.8,4.58,2.62,22,-23,-65,-74,281,20,0,-447.048,-1759.243,-3212.1109999999994,-5719.290000000001,-3.023,1160.679,1689.7340000000002,588.7010000000002,4,1,563509655,105.53899999999999,187.635,48.88,-939,-3488,-7116,,-438.71,-3025.4610000000002,-5089.4800000000005,-7096.353000000001,66.08,90.39,78.1,114.96,false,false,17.43,21.83,20日累積後5日轉為調節；ETF 1/3日已轉為減碼；外資持股5/10日下降，且外資5日賣超；20日趨勢尚未上彎；短線過熱或乖離過大；高波動且5日漲幅過大；官方重大訊息出現高風險關鍵字，須查原文
51,4916,事欣科,TWSE,電腦及週邊設備業,等待確認,保護持有,今天不新增部位；未完成確認前不機械式賣出,今天收盤後；若跌破，再看下一交易日是否收復,已有部位暫停加碼；若收盤跌破60日EMA約 98.96，且下一交易日仍未收復，先減碼三分之一；若ETF或外資繼續轉弱，再分批降低部位。,57.1,66.4,67.9,85,100,完整,103,103.75,128.95,58.42,9.14,32.64,257.18,5.45,15.77,3.53,0.49,1,0,0,0,0,39,0,-542.273,-3367.8940000000002,-3002.5130000000004,-5360.796,0,0,0,39,0,0,0,25.106,121.11799999999998,2.98,-445,-2498,-2761,,-539,-3393,-3123.6310000000003,-5267.591,50.16,66.57,65.38,68.94,false,false,0.16,-1.44,外資持股5/10日下降，且外資5日賣超；20日趨勢尚未上彎；單季稅前獲利對營業外貢獻依賴偏高
52,1560,中砂,TWSE,電機機械,等待確認,正常持有,今天不下單,每個交易日收盤後，檢查趨勢與法人籌碼,已有部位可續抱觀察，但暫不追價；若收盤跌破60日EMA約 667.07 且法人籌碼轉弱，先減碼三分之一。,68.5,66.3,55.8,85,100,完整,728,724.5,26.56,23.56,21.9,36.64,166.07,6.44,61.9,12.01,0.68,6,0,-5,-6,557,571,-4,878.333,866.104,377.2170000000001,-515.4839999999997,26.5,35.528999999999996,1825.529,3090.2889999999998,2,3,25865112,-158.868,-153.225,37.45,914,966,-2579,,937.188,989.443,-1295.087,-3247.828,57.52,84.93,75.69,103.42,false,false,7.06,7.06,20日累積後5日轉為調節；主動ETF 5日轉為減碼；20日趨勢尚未上彎
53,2356,英業達,TWSE,電腦及週邊設備業,等待確認,正常持有,今天不下單,每個交易日收盤後，檢查趨勢與法人籌碼,已有部位可續抱觀察，但暫不追價；若收盤跌破60日EMA約 62.31 且法人籌碼轉弱，先減碼三分之一。,72.8,66.3,41.1,85,100,可用,69,72.25,65.73,40.78,1.78,83.6,108.21,1.76,22.26,3.19,2.9,23,732,342,656,2379,-20112,0,27348.668,36750.166,52594.193,90408.18500000003,881.822,635.417,1402.85,-29001.456000000002,2,3,43843773,555.977,631.7350000000001,18.87,23403,37660,86684,,25668.472,35558.772000000004,50559.60800000001,119645.121,59.85,78.92,75.25,86.27,false,false,7.38,5.02,短線過熱或乖離過大
54,8996,高力,TWSE,電機機械,等待確認,保護持有,今天不新增部位；未完成確認前不機械式賣出,今天收盤後；若跌破，再看下一交易日是否收復,"已有部位暫停加碼；若收盤跌破60日EMA約 1,122.44，且下一交易日仍未收復，先減碼三分之一；若ETF或外資繼續轉弱，再分批降低部位。",67.5,66.2,52.8,85,91,可用,1170,1227.5,57.63,115.43,20.71,47.81,160.65,6.54,83.45,23.43,0.39,20,87,204,198,1068,1201,208,-550.685,-1968.679,-2714.679,-2914.373,267,978.837,2489.571,1429.458,5,0,1145239290,69.863,-226.17300000000003,33.27,-833,-2949,-3878,,-860.197,-3017.379,-4978.077,-4412.541999999999,55.54,84.47,72.23,108.93,false,false,9.97,13.04,外資持股5/10日下降，且外資5日賣超；20日趨勢尚未上彎；短線過熱或乖離過大；高波動且5日漲幅過大；融資增幅與短線漲幅同步偏高
55,4576,大銀微系統,TWSE,電機機械,等待確認,正常持有,今天不下單,每個交易日收盤後，檢查趨勢與法人籌碼,已有部位可續抱觀察，但暫不追價；若收盤跌破60日EMA約 206.80 且法人籌碼轉弱，先減碼三分之一。,62.4,66.1,54.5,85,100,完整,227,231.75,60.14,49.67,17.35,38.14,200.45,1.92,69.21,6.34,0.35,1,0,0,0,0,0,0,451.702,-158.04600000000002,1094.319,1722.2770000000003,0,0,0,0,0,0,0,94.84599999999999,203.759,6.52,323,-205,1227,,378.829,-252.8920000000001,890.5599999999998,1542.73,59.14,78.9,74.05,88.6,false,false,9.37,4.13,
56,3617,碩天,TWSE,其他電子業,等待確認,正常持有,今天不下單,每個交易日收盤後，檢查趨勢與法人籌碼,已有部位可續抱觀察，但暫不追價；若收盤跌破60日EMA約 214.58 且法人籌碼轉弱，先減碼三分之一。,64.8,65.9,70.5,85,91,可用,235,235.5,13.58,9.64,16.26,37.35,279.17,4.13,16.64,2.43,4.23,3,0,0,1,6,4,0,53.798,155.26,815.9680000000001,1300.8849999999998,0,0.635,5.502,3.388,1,0,149225,-36.669,5.964999999999998,9.49,39,164,855,,50.198,191.29399999999998,804.5009999999999,1337.8669999999997,60.89,85.53,80.9,94.79,false,false,5.68,1.51,20日趨勢尚未上彎
57,2609,陽明,TWSE,航運業,等待確認,正常持有,今天不下單,每個交易日收盤後，檢查趨勢與法人籌碼,已有部位可續抱觀察，但暫不追價；若收盤跌破60日EMA約 51.26 且法人籌碼轉弱，先減碼三分之一。,75.1,65.9,60.9,85,88.7,可用,51.7,51.35,34.56,5.78,1.94,28.34,441.4,0.41,16.79,0.55,3.87,12,31,115,215,150,25,0,-1508.583,15103.757999999998,20588.496999999996,55624.958,31.654,215.596,185.802,-110.018,5,0,11146313,597.2579999999999,126.96999999999994,20.83,-2983,15673,44342,,-1401.803,14290.904,20275.725000000002,56140.706000000006,54.73,74.36,64.66,93.76,true,false,1.46,2.17,單季稅前獲利對營業外貢獻依賴偏高
58,1402,遠東新,TWSE,紡織纖維,等待確認,正常持有,今天不下單,每個交易日收盤後，檢查趨勢與法人籌碼,已有部位可續抱觀察，但暫不追價；若收盤跌破60日EMA約 27.36 且法人籌碼轉弱，先減碼三分之一。,68.6,65.8,51.2,85,91,可用,27.55,27.28,20.58,7.41,7.99,52.4,105.62,0.61,17.11,0.63,4.54,14,73,197,434,-3587,5376,0,15319.037,57188.731,79253.288,161261.012,72.768,433.786,-3516.76,5489.992,5,0,11950804,358.922,-706.004,16.75,14626,54462,117331,,15079.303,56396.023,83476.052,157559.28499999997,52.7,61.14,51.15,81.13,false,false,0.83,3.18,當下除權息調整價未守20日EMA
59,6805,富世達,TWSE,電子零組件業,等待確認,保護持有,今天不新增部位；未完成確認前不機械式賣出,今天收盤後；若跌破，再看下一交易日是否收復,"已有部位暫停加碼；若收盤跌破60日EMA約 1,618.65，且下一交易日仍未收復，先減碼三分之一；若ETF或外資繼續轉弱，再分批降低部位。",68.2,65.6,56.7,85,100,完整,1835,1825,17.07,53.86,27.31,47.74,210.62,25.77,39.25,15.06,0.68,16,50,323,438,605,855,440,-98.213,973.1590000000001,1409.2959999999998,880.3059999999999,401,3106.859,4368.859,4892.459000000001,5,0,5701086265,22.226999999999997,102.83099999999999,13.15,-473,-2158,-3461,,-486.918,-2155.927,-3062.3940000000002,-4130.967,64.46,88.85,82.15,102.27,false,false,16.29,14.69,外資持股5/10日下降，且外資5日賣超；短線過熱或乖離過大；高波動且5日漲幅過大
60,3003,健和興,TWSE,電子零組件業,等待確認,正常持有,今天不下單,每個交易日收盤後，檢查趨勢與法人籌碼,已有部位可續抱觀察，但暫不追價；若收盤跌破60日EMA約 61.55 且法人籌碼轉弱，先減碼三分之一。,65.8,65.5,66.2,85,79,可用,69.7,69.5,92.99,39.79,8.87,21.85,464.19,0.47,69.01,1.69,1.43,2,0,0,0,1,1,0,101.401,3129.9530000000004,3524.3210000000004,2921.6210000000005,0,0,0,0,0,0,0,-46.940999999999995,-75.88900000000001,6.4,169,3237,3394,,115,3176.8940000000002,3600.2100000000005,2924.7480000000005,66.13,81.43,73.94,96.42,false,false,11.52,17.14,
61,6510,精測,TPEX,半導體業,等待確認,正常持有,今天不下單,每個交易日收盤後，檢查趨勢與法人籌碼,"已有部位可續抱觀察，但暫不追價；若收盤跌破60日EMA約 3,002.58 且法人籌碼轉弱，先減碼三分之一。",67.3,65.4,62.4,85,100,可用,2825,2862.5,49.87,30,32.26,28.04,436.63,25.45,66.63,9.19,0.54,9,117,216,182,188,27,185,77.154,77.154,77.154,77.154,102.002,102.002,102.002,102.002,1,0,288155650,28.523,28.523,21.75,,,,,-53.371,-53.371,-53.371,-53.371,51.47,73.36,68.98,82.13,false,false,2.96,2.54,外資持股趨勢資料不足或期間有非市場異動
62,6781,AES-KY,TWSE,電子零組件業,等待確認,正常持有,今天不下單,每個交易日收盤後，檢查趨勢與法人籌碼,"已有部位可續抱觀察，但暫不追價；若收盤跌破60日EMA約 1,086.55 且法人籌碼轉弱，先減碼三分之一。",66.2,65.3,66.5,85,91,可用,1145,1152.5,28.24,26.35,24.16,32.21,291.85,10.64,29.26,5.41,1.67,4,0,0,0,0,0,0,353.429,2133.496,2719.697,2858.3289999999997,0,-0.185,9.815,24.814999999999998,1,1,-211825,-3.9249999999999985,93.027,71.08,313,2081,2681,,354.216,2137.6059999999998,2616.8549999999996,2809.2319999999995,58.11,81.58,78.29,88.16,false,false,7.72,7.51,
63,1303,南亞,TWSE,塑膠工業,等待確認,保護持有,今天不新增部位；未完成確認前不機械式賣出,今天收盤後；若跌破，再看下一交易日是否收復,已有部位暫停加碼；若收盤跌破60日EMA約 156.02，且下一交易日仍未收復，先減碼三分之一；若ETF或外資繼續轉弱，再分批降低部位。,69.4,65.1,53.3,85,100,可用,189,189,44.53,19.94,9.92,31.17,177.84,5.17,30.48,3.14,0.42,26,4042,8528,7500,16444,129492,4787,-9114.487,-21603.443,-88825.223,-88574.825,4300,9705.068,20491.342,120959.58000000002,4,1,1834257852,830.1039999999999,-334.78200000000004,31.07,-11422,-32355,-77256,,-12290.027,-32138.614999999998,-108981.783,-213250.13499999998,56.64,80.28,70.76,99.33,false,false,6.12,6.78,外資持股5/10日下降，且外資5日賣超；20日趨勢尚未上彎；借券賣出與借券賣出餘額壓力升高；單季稅前獲利對營業外貢獻依賴偏高
64,6166,凌華,TWSE,電腦及週邊設備業,等待確認,正常持有,今天不下單,每個交易日收盤後，檢查趨勢與法人籌碼,已有部位可續抱觀察，但暫不追價；若收盤跌破60日EMA約 128.16 且法人籌碼轉弱，先減碼三分之一。,63.7,65,49.1,85,100,完整,137,139.25,38.15,40.63,11.38,62.79,137.33,3.12,26.15,4.84,0.88,2,0,1,1,1,1,0,546.681,-189.4299999999999,-2478.2780000000002,1221.2130000000002,0,0.503,0.553,0.553,1,0,68911,-16.057000000000002,234.017,21.96,663,-74,262,,532.197,-173.876,-2712.8480000000004,989.3449999999995,50.67,67.23,59.46,82.77,false,false,0.41,-1.44,
65,3029,零壹,TWSE,資訊服務業,等待確認,正常持有,今天不下單,每個交易日收盤後，檢查趨勢與法人籌碼,已有部位可續抱觀察，但暫不追價；若收盤跌破60日EMA約 103.79 且法人籌碼轉弱，先減碼三分之一。,61.3,64.8,52.6,85,100,完整,108.5,111.25,59.18,16.2,6.32,63.78,142.48,3.63,15.48,3.42,5.07,3,0,-1,-1,2,-7,0,-0.14,-11.619000000000035,2661.833,3966.2729999999997,0,-1.8199999999999998,1.8629999999999995,-7.057,0,2,-197470,33.928000000000004,11.509000000000004,6.7,-30,-314,2878,,-23.12,-43.72700000000004,2648.461,3958.41,57.26,60.04,63.75,52.63,false,true,2.48,1.4,
66,3443,創意,TWSE,半導體業,等待確認,正常持有,今天不下單,每個交易日收盤後，檢查趨勢與法人籌碼,"已有部位可續抱觀察，但暫不追價；若收盤跌破60日EMA約 4,281.68 且法人籌碼轉弱，先減碼三分之一。",73.8,64.8,36.7,85,100,可用,5130,5260,158.38,102.55,13.81,63.98,144.84,23.89,131.5,51.05,0.39,42,87,34,41,111,498,40,285.979,451.67400000000004,986.6110000000001,1314.579,250.879,288.79400000000004,619.673,1150.163,4,1,1481513220,127.68400000000003,45.95900000000002,26.21,-15,56,550,,-10.351,35.196000000000005,320.97900000000004,31.552999999999905,65.41,90.62,82.14,107.56,false,false,17.63,16.86,短線過熱或乖離過大；高波動且5日漲幅過大
67,3563,牧德,TWSE,光電業,等待確認,正常持有,今天不下單,每個交易日收盤後，檢查趨勢與法人籌碼,已有部位可續抱觀察，但暫不追價；若收盤跌破60日EMA約 704.59 且法人籌碼轉弱，先減碼三分之一。,61.9,64.7,67.4,85,100,完整,717,718.5,31.84,11.61,38.88,28.21,317.07,9.8,42.08,8.27,1.95,2,0,0,0,0,-73,0,246.625,135.74,682.444,686.585,0,-0.768,7.232,-39.768,0,1,-550656,29.725,120.46199999999999,7.99,158,2,478,,182.121,106.78300000000002,554.75,771.7819999999999,56.33,84.75,75.67,102.92,false,false,7.15,4.67,20日趨勢尚未上彎
68,6285,啟碁,TWSE,通信網路業,等待確認,正常持有,今天不下單,每個交易日收盤後，檢查趨勢與法人籌碼,已有部位可續抱觀察，但暫不追價；若收盤跌破60日EMA約 248.89 且法人籌碼轉弱，先減碼三分之一。,65.6,64.5,44.9,85,100,可用,251.5,253.5,89.82,32.02,5,65.98,133.19,5.75,27.55,3.4,1.71,17,-21,313,217,512,493,400,-1134.669,-1280.786,1233.3539999999998,868.6319999999992,-103,384.007,-172.1629999999999,-474.1629999999999,2,2,96577761,-14.487999999999971,209.228,24.08,-1068,-1389,2782,,-975.641,-1650.3050000000003,1196.2889999999998,1377.5799999999997,51.56,75.44,70.6,85.12,false,false,2.26,-3.27,20日趨勢尚未上彎；借券賣出與借券賣出餘額壓力升高
69,2890,永豐金,TWSE,金融保險業,等待確認,正常持有,今天不下單,每個交易日收盤後，檢查趨勢與法人籌碼,已有部位可續抱觀察，但暫不追價；若收盤跌破60日EMA約 37.10 且法人籌碼轉弱，先減碼三分之一。,65.6,64.5,52.9,85,88,可用,39.85,39.65,51.3,54.62,,92.98,,0.76,19.07,2.18,3.26,31,-589,-2119,-6082,3422,99508,-1883,8731.98,10510.779999999999,57798.384,103606.00900000003,118.252,-1800.548,660.7019999999998,46074.056,3,2,-71751838,-1487.659,-2909.2929999999997,29.51,4942,94345,162341,,8869.859,13798.987,60046.97499999999,42976.46899999998,57.49,42.84,43.37,41.77,false,false,1.85,0.76,20日累積後5日轉為調節；ETF 1/3日已轉為減碼；主動ETF 5日轉為減碼；外資持股趨勢資料不足或期間有非市場異動；20日趨勢尚未上彎
70,2727,王品,TWSE,觀光餐旅,等待確認,保護持有,今天不新增部位；未完成確認前不機械式賣出,今天收盤後；若跌破，再看下一交易日是否收復,已有部位暫停加碼；若收盤跌破60日EMA約 233.45，且下一交易日仍未收復，先減碼三分之一；若ETF或外資繼續轉弱，再分批降低部位。,58,64,52,85,100,完整,234,233,15.19,12.51,8.04,74.84,104.61,9.86,13,4.56,6.89,2,0,0,0,0,2,0,-23.253,1635.4789999999998,2419.8089999999997,3833.263,0,0,1,5,0,0,0,-28.915,-124.31200000000001,32.82,-71,1396,3129,,-21.462,1664.3939999999998,2543.1209999999996,4239.518999999999,51.96,60.61,56.74,68.35,true,false,1.01,4.46,20日趨勢尚未上彎
71,3231,緯創,TWSE,電腦及週邊設備業,等待確認,正常持有,今天不下單,每個交易日收盤後，檢查趨勢與法人籌碼,已有部位可續抱觀察，但暫不追價；若收盤跌破60日EMA約 163.01 且法人籌碼轉弱，先減碼三分之一。,61.6,63.9,46.6,85,100,可用,193.5,197.75,60.76,88.16,3.59,82.37,118.14,7.78,15.37,3.17,2.84,43,-466,-403,-1820,13773,13336,-2125,5957.221,11687.719,122466.23,308194.43100000004,-3416.832,-14176.324,10120.345999999998,14671.257999999998,1,4,-2743118694,716.329,877.9250000000005,34.79,5410,16973,234770,,8824.935,25147.713999999996,111467.95899999999,286285.19299999997,64.07,74.54,74.5,74.61,true,false,8.98,0.26,20日累積後5日轉為調節；ETF 1/3日已轉為減碼；主動ETF 5日轉為減碼；投信20日買超後近5日轉賣；外資持股趨勢資料不足或期間有非市場異動
72,6197,佳必琪,TWSE,電子零組件業,等待確認,正常持有,今天不下單,每個交易日收盤後，檢查趨勢與法人籌碼,已有部位可續抱觀察，但暫不追價；若收盤跌破60日EMA約 300.21 且法人籌碼轉弱，先減碼三分之一。,61.5,63.9,60.5,85,100,完整,305.5,312.5,15.29,23.42,22.77,43.32,210.43,7,25.82,6.64,2.27,2,0,0,0,104,143,0,404.959,-691.4280000000001,-809.7620000000001,-83.21700000000007,0,0.299,106.299,147.299,1,0,91345,-176.762,-106.58599999999998,6.38,393,-238,167,,421.086,-514.9649999999999,-809.4749999999998,62.90300000000016,48.19,66.24,65.31,68.1,false,false,-0.84,-2.24,20日趨勢尚未上彎
73,3010,華立,TWSE,電子通路業,等待確認,正常持有,今天不下單,每個交易日收盤後，檢查趨勢與法人籌碼,已有部位可續抱觀察，但暫不追價；若收盤跌破60日EMA約 123.30 且法人籌碼轉弱，先減碼三分之一。,64.7,63.9,55.5,85,91,可用,132.5,132.75,31.45,19.64,3.83,55.43,159.26,2.47,14.13,1.45,4,5,0,-1,0,-3,-9,0,2398.652,2384.0630000000006,2986.5010000000007,2016.8650000000011,0,-0.16600000000000004,2.3840000000000003,-0.33299999999999974,1,1,-21995,135.582,241.445,20.29,2267,2277,2261,,2252.456,2248.647,2742.672,1797.862,67.65,87.77,79.87,103.56,false,false,10.23,11.34,
74,2301,光寶科,TWSE,電腦及週邊設備業,等待確認,正常持有,今天不下單,每個交易日收盤後，檢查趨勢與法人籌碼,已有部位可續抱觀察，但暫不追價；若收盤跌破60日EMA約 218.08 且法人籌碼轉弱，先減碼三分之一。,70.2,63.8,48.5,85,100,可用,259.5,278.75,37.61,26.99,12.8,59.6,138.63,4.8,30.35,6.15,1.93,27,1263,1057,1142,3192,4115,224,2040.235,6317.347,68634.847,58451.30799999999,1403.054,1678.1570000000002,2222.282,-600.2479999999996,3,2,435481742,38.303000000000026,1549.0900000000001,43.49,366,4076,53057,,706.507,4600.887000000001,64863.47499999999,53812.107999999986,62.38,82.55,80.45,86.73,false,false,10.89,4.22,短線過熱或乖離過大
75,6672,騰輝電子-KY,TWSE,電子零組件業,等待確認,正常持有,今天不下單,每個交易日收盤後，檢查趨勢與法人籌碼,已有部位可續抱觀察，但暫不追價；若收盤跌破60日EMA約 230.56 且法人籌碼轉弱，先減碼三分之一。,57.8,63.8,60.8,85,91,可用,268,267.25,90.82,42.48,11.67,42.48,319.89,1.73,48.46,5.15,1.25,1,-1,-1,-6,1,77,0,829.477,462.82499999999993,-865.1400000000001,-3898.9659999999994,-1,-6,1,77,0,2,-1608000,219.741,328.10499999999996,19.41,382,-69,-2158,,717.92,249.08399999999997,-1194.245,-4129.217,61.49,90.09,77.21,115.85,false,false,13.38,20.99,20日累積後5日轉為調節；ETF 1/3日已轉為減碼；20日趨勢尚未上彎；短線過熱或乖離過大；高波動且5日漲幅過大
76,2501,國建,TWSE,建材營造,等待確認,保護持有,今天不新增部位；未完成確認前不機械式賣出,今天收盤後；若跌破，再看下一交易日是否收復,已有部位暫停加碼；若收盤跌破60日EMA約 23.13，且下一交易日仍未收復，先減碼三分之一；若ETF或外資繼續轉弱，再分批降低部位。,57,63.7,62.2,85,91,可用,23.15,23,119.67,35.31,17.44,61.26,165.66,1.21,5.98,0.85,5.18,1,0,0,0,-1129,-742,0,1564.852,1146.307,-863.3559999999999,1722.7040000000002,0,0,-1129,-742,0,0,0,9.472000000000008,-96.08000000000001,12.49,1824,1926,3833,,1546.07,1136.8349999999998,361.7239999999998,2541.249,54.53,69.04,54.59,97.96,true,false,2.47,4.04,20日趨勢尚未上彎；借券賣出與借券賣出餘額壓力升高
77,2397,友通,TWSE,電腦及週邊設備業,等待確認,正常持有,今天不下單,每個交易日收盤後，檢查趨勢與法人籌碼,已有部位可續抱觀察，但暫不追價；若收盤跌破60日EMA約 59.83 且法人籌碼轉弱，先減碼三分之一。,58.8,63.6,52.7,85,100,完整,66.7,66.8,51.27,29.16,6.75,61.22,141.25,2.05,24.43,2.26,3.67,1,0,0,0,0,0,0,-72.72,466.085,1362.971,2056.652,0,0,0,0,0,0,0,9.64,6.565000000000001,15.49,-16,530,1561,,-76.72,456.445,1356.406,2043.087,65.62,88.67,78.24,109.52,false,false,9.5,7.41,
78,2006,東和鋼鐵,TWSE,鋼鐵工業,等待確認,保護持有,今天不新增部位；未完成確認前不機械式賣出,今天收盤後；若跌破，再看下一交易日是否收復,已有部位暫停加碼；若收盤跌破60日EMA約 73.29，且下一交易日仍未收復，先減碼三分之一；若ETF或外資繼續轉弱，再分批降低部位。,63.6,63.5,61.4,85,100,完整,83.8,83.35,13.89,0.68,12.1,35.77,165.62,4.07,11.13,1.79,5.13,11,152,149,136,-323,1685,0,66.105,9064.414,17577.552000000003,27119.400999999998,152,136.224,-307.695,1670.865,1,2,11415571,74.28699999999999,-67.54400000000003,27.89,-25,9093,21526,,-82.234,8853.903,17952.791,25595.928,64.85,79.74,85.41,68.4,false,true,6.73,6.89,KD高檔死亡交叉，等待動能確認
79,3048,益登,TWSE,電子通路業,等待確認,保護持有,今天不新增部位；未完成確認前不機械式賣出,今天收盤後；若跌破，再看下一交易日是否收復,已有部位暫停加碼；若收盤跌破60日EMA約 56.15，且下一交易日仍未收復，先減碼三分之一；若ETF或外資繼續轉弱，再分批降低部位。,59.3,63.4,46.9,85,100,完整,59.7,59.75,54.6,34.3,2.25,81.14,133.57,3.15,12.68,2.19,1.68,1,0,0,0,0,0,0,-1770.308,-1873.1250000000002,-8431.300000000001,-6735.9800000000005,0,0,0,0,0,0,0,112.41500000000002,242.84900000000002,5.96,-1031,-1502,-4621,,-1743.907,-1985.54,-8674.149,-6797.973,58.9,81.76,76.32,92.65,false,false,8.2,2.4,外資持股5/10日下降，且外資5日賣超；借券賣出與借券賣出餘額壓力升高
80,2379,瑞昱,TWSE,半導體業,等待確認,正常持有,今天不下單,每個交易日收盤後，檢查趨勢與法人籌碼,已有部位可續抱觀察，但暫不追價；若收盤跌破60日EMA約 708.01 且法人籌碼轉弱，先減碼三分之一。,67.9,63.3,44.5,85,100,可用,766,766.5,32.54,13.31,10.89,65.75,118.89,15.86,27.77,7.83,3.26,47,13,24,185,1358,2077,-14,-292.325,393.54,-396.4780000000002,218.67999999999995,35.986,297.68,1321.2140000000002,1351.8510000000008,5,0,228022880,78.383,-55.13900000000001,44.96,-1774,-1339,-4092,,-329.351,17.476999999999975,-1662.5529999999999,-1259.4359999999992,55.03,82.04,71.25,103.61,false,false,2.82,2,主動ETF 5日轉為減碼；ETF加碼，但外資持股5/10日同步下降；20日趨勢尚未上彎
81,5471,松翰,TWSE,半導體業,等待確認,保護持有,今天不新增部位；未完成確認前不機械式賣出,今天收盤後；若跌破，再看下一交易日是否收復,已有部位暫停加碼；若收盤跌破60日EMA約 54.85，且下一交易日仍未收復，先減碼三分之一；若ETF或外資繼續轉弱，再分批降低部位。,59.2,63.2,65.8,85,100,完整,56.2,57,37.74,29.98,10.2,18.75,428.52,1.2,33.86,2.61,1.42,1,0,0,0,0,0,0,-59.317,-244.053,-1691.3790000000001,-2910.2009999999996,0,0,0,0,0,0,0,-3.0779999999999994,-37.334999999999994,11.43,-32,-215,-48,,-57.317,-240.97500000000002,-1654.044,-2899.0960000000005,51,83.38,75.28,99.59,false,false,1.32,2.18,外資持股5/10日下降，且外資5日賣超；20日趨勢尚未上彎
82,4961,天鈺,TWSE,半導體業,等待確認,正常持有,今天不下單,每個交易日收盤後，檢查趨勢與法人籌碼,已有部位可續抱觀察，但暫不追價；若收盤跌破60日EMA約 164.01 且法人籌碼轉弱，先減碼三分之一。,61.5,63.1,67.2,85,100,完整,173,174.25,32.91,5.67,7.97,20.7,391.38,5.07,19.44,1.2,4.46,4,0,0,-10,42,210,0,270.584,2192.655,2770.251,2708.1489999999994,0,-10,42,157,0,1,-1730000,41.47,31.869,22.7,250,2077,2563,,271.561,2161.185,2696.382,2564.263,59.88,88.6,78.29,109.22,false,false,5.5,9.15,20日累積後5日轉為調節
83,6669,緯穎,TWSE,電腦及週邊設備業,等待確認,正常持有,今天不下單,每個交易日收盤後，檢查趨勢與法人籌碼,"已有部位可續抱觀察，但暫不追價；若收盤跌破60日EMA約 5,233.63 且法人籌碼轉弱，先減碼三分之一。",65,62.9,45.2,85,100,完整,6025,6037.5,39.23,41.27,6.79,75.35,132.12,156.38,19.32,8.2,2.73,41,3,-207,-146,362,448,-232,-81.674,-315.1570000000001,261.1479999999999,2338.0319999999997,-191.875,-622.7840000000001,854.7239999999999,2287.649,1,4,-3752273600,54.173,-40.836999999999996,27.94,51,118,-438,,115.997,253.45399999999998,-552.739,-77.9660000000001,59.89,72.67,75.59,66.85,false,true,6.33,-2.43,20日累積後5日轉為調節；主動ETF 5日轉為減碼；投信20日買超後近5日轉賣
84,3008,大立光,TWSE,光電業,等待確認,保護持有,今天不新增部位；未完成確認前不機械式賣出,今天收盤後；若跌破，再看下一交易日是否收復,"已有部位暫停加碼；若收盤跌破60日EMA約 3,980.28，且下一交易日仍未收復，先減碼三分之一；若ETF或外資繼續轉弱，再分批降低部位。",70.1,62.8,69.1,85,100,可用,4585,4627.5,-10.66,7.49,37.52,14.43,485.47,82.35,24.39,3.13,1.74,39,186,108,220,647,1231,197,236.751,-120.04400000000001,-910.2819999999999,-1248.7749999999999,199,225.80700000000002,965.455,2486.904,3,2,1035325095,120.176,182.719,27.2,-154,-840,-3519,,-44.488,-466.027,-2058.456,-3699.8509999999997,58.99,71.57,68.71,77.29,false,false,7.86,0.22,外資持股5/10日下降，且外資5日賣超；2日內除權息，等待價格重置
85,2302,麗正,TWSE,半導體業,等待確認,正常持有,今天不下單,每個交易日收盤後，檢查趨勢與法人籌碼,已有部位可續抱觀察，但暫不追價；若收盤跌破60日EMA約 39.05 且法人籌碼轉弱，先減碼三分之一。,58.3,62.8,53.3,85,85,完整,45.55,46.45,81.16,30.47,14.17,34.29,148.18,0.6,42.57,4.12,0.77,1,-2,-2,-7,2,246,0,124.78,1556.788,2560.9689999999996,816.3089999999993,-2,-7,2,246,0,2,-318850,92.324,66.35699999999999,2.44,35,1535,756,,34.812,1471.464,2492.612,519.9520000000002,57.74,82.52,73.38,100.81,false,false,7.8,7.43,ETF 1/3日已轉為減碼；20日趨勢尚未上彎
86,8114,振樺電,TWSE,電腦及週邊設備業,等待確認,正常持有,今天不下單,每個交易日收盤後，檢查趨勢與法人籌碼,已有部位可續抱觀察，但暫不追價；若收盤跌破60日EMA約 208.81 且法人籌碼轉弱，先減碼三分之一。,59.4,62.7,66,85,100,完整,215,216,41.37,-18.68,18.27,38.04,165.47,7.09,15.32,2.33,5.33,3,0,0,0,4,4,0,-32.969,-67.88500000000002,1355.9350000000002,3796.3230000000003,0,0,115,343,0,0,0,-172.57299999999998,-44.66399999999998,16.41,94,107,2422,,104.636,104.68800000000003,1285.599,3480.9670000000006,51.37,57.57,59.29,54.13,false,true,0.53,-6.52,
87,3023,信邦,TWSE,電子零組件業,等待確認,正常持有,今天不下單,每個交易日收盤後，檢查趨勢與法人籌碼,已有部位可續抱觀察，但暫不追價；若收盤跌破60日EMA約 306.05 且法人籌碼轉弱，先減碼三分之一。,69.4,62.5,52.6,85,100,完整,315.5,315.75,28.97,11.44,10.95,52.87,162.52,7.37,23.6,4.66,3.17,16,-12,-69,457,1056,1971,245,454.086,37.3070000000001,2074.963,15.894000000000347,-4,514.914,999.914,1457.914,2,2,162455367,-990.4350000000002,-632.422,41.1,916,12,-1190,,615.66,512.8279999999997,1707.4709999999998,-1256.1010000000003,53.55,79.58,74.62,89.51,false,false,2.23,-0.79,ETF 1/3日已轉為減碼；20日趨勢尚未上彎
88,9941,裕融,TWSE,其他,等待確認,正常持有,今天不下單,每個交易日收盤後，檢查趨勢與法人籌碼,已有部位可續抱觀察，但暫不追價；若收盤跌破60日EMA約 81.11 且法人籌碼轉弱，先減碼三分之一。,69.9,62.5,43.5,85,100,完整,85.7,85.45,2.26,-1.74,14.77,85.93,98.25,3.86,12.23,1.43,5.34,6,0,-1,301,392,376,303,94.454,1987.502,2443.8359999999993,4756.862,0,300.69,391.69,375.542,3,1,25769133,247.25900000000001,301.25899999999996,5.22,-386,209,1810,,22.51,1439.5529999999999,1750.8869999999997,3843.0640000000003,65.93,82.01,69.08,107.86,false,false,3.29,4.13,累計營收負成長且當月改善不足
89,2362,藍天,TWSE,電腦及週邊設備業,等待確認,正常持有,今天不下單,每個交易日收盤後，檢查趨勢與法人籌碼,已有部位可續抱觀察，但暫不追價；若收盤跌破60日EMA約 43.92 且法人籌碼轉弱，先減碼三分之一。,64.4,62.2,54.4,85,100,完整,48.9,48.48,-8.06,13.31,5.93,57.37,114.49,4.05,8.04,0.6,4.09,2,0,2,2,2,-307,0,1180.995,4299.999999999999,5764.226999999999,6867.844999999998,0,1.681,1.681,-307.319,1,0,82201,-5.972000000000001,-30.726999999999997,10.71,1212,4465,6828,,1208.995,4304.291,5793.272999999999,7192.7339999999995,61,68.84,69.71,67.11,false,true,7.21,3.71,單季稅前獲利對營業外貢獻依賴偏高
90,1409,新纖,TWSE,紡織纖維,等待確認,保護持有,今天不新增部位；未完成確認前不機械式賣出,今天收盤後；若跌破，再看下一交易日是否收復,已有部位暫停加碼；若收盤跌破60日EMA約 23.33，且下一交易日仍未收復，先減碼三分之一；若ETF或外資繼續轉弱，再分批降低部位。,64.4,62.2,38.2,85,88,可用,24.8,25.05,56.23,15.35,,77.76,102.04,0.39,18.37,0.95,3.63,3,0,4,4,225,245,0,1083.946,-6073.8189999999995,-11548.322,-11843.644,0,3.8,254.8,292.8,1,0,94240,739.37,818.2909999999999,10.77,-1076,-9125,-7774,,725.948,-6816.989,-12621.413,-12174.368,55.16,81.22,69.61,104.43,false,false,5.2,9.73,外資持股5/10日下降，且外資5日賣超；20日趨勢尚未上彎
91,6834,天二科技,TWSE,電子零組件業,等待確認,正常持有,今天不下單,每個交易日收盤後，檢查趨勢與法人籌碼,已有部位可續抱觀察，但暫不追價；若收盤跌破60日EMA約 89.90 且法人籌碼轉弱，先減碼三分之一。,57.9,62.2,54.4,85,85,完整,107,108.25,88.24,44.28,10.85,40.75,153.28,1.6,46.52,6.14,0.37,1,-1,-1,-5,1,167,0,-634.474,840.3489999999999,-770.8860000000002,906.9799999999998,-1,-5,1,167,0,2,-535000,2.3610000000000007,-8.796999999999999,13.02,-638,896,667,,-628.679,842.988,-763.089,751.314,57.75,83.07,69.93,109.35,false,false,11.26,17.32,ETF 1/3日已轉為減碼；20日趨勢尚未上彎；短線過熱或乖離過大；高波動且5日漲幅過大
92,2834,臺企銀,TWSE,金融保險業,等待確認,正常持有,今天不下單,每個交易日收盤後，檢查趨勢與法人籌碼,已有部位可續抱觀察，但暫不追價；若收盤跌破60日EMA約 16.32 且法人籌碼轉弱，先減碼三分之一。,58.1,62.1,66.1,85,91,可用,16.5,16.42,18,6.18,,94.16,,0.35,12.6,1.08,6.06,13,14,-22,-142,9735,9700,0,-2971.951,-69151.325,-101233.14099999997,-80507.21399999996,14,-26.469,8058.633999999999,8112.863999999999,2,2,-436739,-25.420000000000016,-1407.549,17.71,5195,18792,-65778,,-3013.951,-69099.436,-107884.226,-87855.38799999999,44.71,17.66,27.29,-1.62,false,false,-1.09,-1.49,20日累積後5日轉為調節；20日趨勢尚未上彎；當下除權息調整價未守20日EMA
93,1476,儒鴻,TWSE,紡織纖維,等待確認,保護持有,今天不新增部位；未完成確認前不機械式賣出,今天收盤後；若跌破，再看下一交易日是否收復,已有部位暫停加碼；若收盤跌破60日EMA約 340.87，且下一交易日仍未收復，先減碼三分之一；若ETF或外資繼續轉弱，再分批降低部位。,54.2,61.7,74.8,85,100,完整,324.5,322.75,23.26,5.98,20.96,24,273.93,12.35,13.44,3.07,4.62,13,79,96,239,243,-1324,0,-936.514,-2554.22,-572.4489999999998,1028.9080000000001,78.876,217.128,226.61699999999996,-1337.2150000000001,4,1,70458036,303.62,291.379,29.9,-1017,-2956,-115,,-1017.384,-3074.9680000000003,-1090.4450000000006,2128.0609999999992,40.86,26.36,47.03,-14.99,false,false,-4.75,-8.59,外資持股5/10日下降，且外資5日賣超；當下除權息調整價未守20日EMA
94,6202,盛群,TWSE,半導體業,等待確認,正常持有,今天不下單,每個交易日收盤後，檢查趨勢與法人籌碼,已有部位可續抱觀察，但暫不追價；若收盤跌破60日EMA約 59.98 且法人籌碼轉弱，先減碼三分之一。,68.6,61.6,56.6,85,100,完整,63.8,63.05,40.77,15.61,11.26,29.68,345.14,0.94,53.17,3.63,1.07,4,0,0,63,467,514,66,-91.228,2873.365,6914.251,-1287.8010000000008,0,63,467,514,1,0,4019400,-55.258,-11.935000000000002,16.67,-63,2919,3685,,-74.079,2865.623,6459.186,-1228.1300000000006,56.42,84.57,79.63,94.44,false,false,6.99,6.16,20日趨勢尚未上彎；2日內除權息，等待價格重置
95,2105,正新,TWSE,橡膠工業,等待確認,保護持有,今天不新增部位；未完成確認前不機械式賣出,今天收盤後；若跌破，再看下一交易日是否收復,已有部位暫停加碼；若收盤跌破60日EMA約 31.61，且下一交易日仍未收復，先減碼三分之一；若ETF或外資繼續轉弱，再分批降低部位。,61.7,61.3,59.4,85,100,完整,32.1,30.98,12.4,5.98,9.96,40.94,274.96,1.05,17.64,1.19,5.61,13,-69,-176,-177,333,-13027,0,1338.229,5209.003000000001,6576.0340000000015,19007.355000000003,71,521.665,143.93399999999994,-16976.021,5,0,16745446,-130.72400000000002,-189.16300000000007,9.55,1080,4697,6683,,1189.245,4818.062,6621.263,35122.146,58.05,81.51,64.49,115.53,false,false,2.3,5.25,ETF 1/3日已轉為減碼；20日趨勢尚未上彎；當下除權息調整價未守20日EMA；官方重大訊息出現高風險關鍵字，須查原文
96,3711,日月光投控,TWSE,半導體業,等待確認,正常持有,今天不下單,每個交易日收盤後，檢查趨勢與法人籌碼,已有部位可續抱觀察，但暫不追價；若收盤跌破60日EMA約 590.70 且法人籌碼轉弱，先減碼三分之一。,69,61.1,37.4,85,100,可用,621,628.5,43.15,25.13,10.59,60.87,107.01,8.04,44.93,7.02,1.06,59,-470,2105,2116,6950,12308,2829,-2876.643,-5175.713000000001,-15930.381,-34577.969999999994,-1622.427,3692.2509999999997,9093.296,14469.504000000003,4,1,2292887871,45.52499999999998,645.4939999999999,76.3,-1083,-10015,-36904,,-1405.298,-8913.489,-25669.171,-53175.193,52.15,80.42,73.16,94.93,false,false,2.47,4.72,外資持股趨勢資料不足或期間有非市場異動；20日趨勢尚未上彎；借券賣出與借券賣出餘額壓力升高
97,8046,南電,TWSE,電子零組件業,等待確認,正常持有,今天不下單,每個交易日收盤後，檢查趨勢與法人籌碼,"已有部位可續抱觀察，但暫不追價；若收盤跌破60日EMA約 1,018.76 且法人籌碼轉弱，先減碼三分之一。",63.8,60.8,59.2,85,100,完整,1265,1287.5,50.24,39.38,17.18,24.03,338.73,5.53,148.65,16.59,0.16,33,346,345,335,586,1483,417,-913.161,-2837.519,-2926.2229999999995,-4827.966999999999,855.22,792.9,820.802,2968.796,2,2,1003018500,-388.901,334.143,12.99,-997,-1526,454,,-1346.564,-3241.5180000000005,-4081.1679999999997,-8306.187,60.87,85.96,70.8,116.28,false,false,15.45,19.34,20日趨勢尚未上彎；短線過熱或乖離過大；高波動且5日漲幅過大；融資增幅與短線漲幅同步偏高；借券賣出與借券賣出餘額壓力升高
98,1904,正隆,TWSE,造紙工業,等待確認,正常持有,今天不下單,每個交易日收盤後，檢查趨勢與法人籌碼,已有部位可續抱觀察，但暫不追價；若收盤跌破60日EMA約 21.60 且法人籌碼轉弱，先減碼三分之一。,55.8,60.8,49.5,85,85,完整,25.15,25.55,22.82,7.53,6.98,58.93,121.21,1.45,11.59,0.91,1.79,1,0,3,3,3,3,0,3183.837,11502.703,11694.353000000001,12987.224000000002,0,2.688,21.688000000000002,45.688,1,0,67603,236.722,80.72200000000001,11.44,3353,12076,11407,,2971.652,11263.293,11591.943000000001,12759.217000000002,74.81,89.76,76.11,117.06,false,false,11.75,18.35,短線過熱或乖離過大
99,6579,研揚,TWSE,電腦及週邊設備業,等待確認,正常持有,今天不下單,每個交易日收盤後，檢查趨勢與法人籌碼,已有部位可續抱觀察，但暫不追價；若收盤跌破60日EMA約 158.39 且法人籌碼轉弱，先減碼三分之一。,51.2,60.6,68.8,85,100,完整,160,162,28.16,28.66,10.2,26.1,221.03,6.15,21.86,2.66,2.34,1,0,0,0,0,0,0,44.841,-487.241,52.10600000000002,481.743,0,0,5,8,0,0,0,-6.979999999999997,25.150000000000002,4.38,47,-442,183,,43,-480.26099999999997,21.956000000000074,303.92600000000004,47.39,38.49,45.88,23.69,false,true,-2.69,-10.86,當下除權息調整價未守20日EMA
100,6944,兆聯實業,TWSE,綠能環保,等待確認,保護持有,今天不新增部位；未完成確認前不機械式賣出,今天收盤後；若跌破，再看下一交易日是否收復,已有部位暫停加碼；若收盤跌破60日EMA約 741.86，且下一交易日仍未收復，先減碼三分之一；若ETF或外資繼續轉弱，再分批降低部位。,61.2,60.5,52.5,85,91,可用,747,754,29.31,41.94,22.51,49.71,177.5,10.08,21.02,6.47,2.68,4,0,7,7,141,157,8,-19.426,-423.187,-744.5120000000001,-2276.597,0,7.368,127.82500000000002,128.36800000000002,1,1,5503896,-25.307,-12.940999999999995,14.5,-15,-247,-2200,,-20.275,-405.248,-859.396,-2354.6529999999993,48.56,53.62,56.64,47.57,false,true,-1.16,-5.08,外資持股5/10日下降，且外資5日賣超；20日趨勢尚未上彎；當下除權息調整價未守20日EMA
101,3374,精材,TPEX,半導體業,等待確認,正常持有,今天不下單,每個交易日收盤後，檢查趨勢與法人籌碼,已有部位可續抱觀察，但暫不追價；若收盤跌破60日EMA約 298.56 且法人籌碼轉弱，先減碼三分之一。,60.1,60.2,45.1,85,100,可用,330,327.25,30.96,32.62,22.9,46.4,178.27,2.88,51.81,9.08,0.76,4,0,1,1,1,4,0,-704.253,-704.253,-704.253,-704.253,-3,-3,-3,-3,0,1,-990000,259.508,259.508,16.66,,,,,-960.761,-960.761,-960.761,-960.761,51.94,69.87,58.42,92.76,false,false,2,5.43,外資持股趨勢資料不足或期間有非市場異動；20日趨勢尚未上彎
102,6173,信昌電,TPEX,電子零組件業,等待確認,正常持有,今天不下單,每個交易日收盤後，檢查趨勢與法人籌碼,已有部位可續抱觀察，但暫不追價；若收盤跌破60日EMA約 197.75 且法人籌碼轉弱，先減碼三分之一。,52.3,60.1,66,85,100,可用,203.5,208,47.87,21.96,21.45,17.1,208.65,2.98,38.32,3.43,0.88,1,0,0,0,-1,14,0,-554.824,-554.824,-554.824,-554.824,0,0,0,0,0,0,0,-55.795,-55.795,13.55,,,,,-499.029,-499.029,-499.029,-499.029,53.22,83.97,67.6,116.71,false,false,10.11,23.33,外資持股趨勢資料不足或期間有非市場異動；20日趨勢尚未上彎；短線過熱或乖離過大；高波動且5日漲幅過大
103,1326,台化,TWSE,塑膠工業,等待確認,正常持有,今天不下單,每個交易日收盤後，檢查趨勢與法人籌碼,已有部位可續抱觀察，但暫不追價；若收盤跌破60日EMA約 57.80 且法人籌碼轉弱，先減碼三分之一。,63.3,60,56.2,85,100,完整,59.6,60.25,34.18,13.89,2.99,23.33,283.06,2.11,25.25,0.67,1.01,8,0,-7,-7,2328,2356,0,7828.533,938.9480000000007,-19979.684,-9757.392999999993,0,-6.998,2328.002,2347.002,0,1,-417081,615.5770000000002,-410.6759999999999,37.5,4991,-2333,-20861,,7275.63,330.3689999999999,-21897.010000000002,-11260.275000000001,48.53,49.17,35.62,76.27,false,false,-1.15,1.71,20日累積後5日轉為調節；20日趨勢尚未上彎；當下除權息調整價未守20日EMA；單季稅前獲利對營業外貢獻依賴偏高
104,6548,長科*,TPEX,半導體業,等待確認,正常持有,今天不下單,每個交易日收盤後，檢查趨勢與法人籌碼,已有部位可續抱觀察，但暫不追價；若收盤跌破60日EMA約 72.63 且法人籌碼轉弱，先減碼三分之一。,60.6,60,47.6,85,100,可用,75.3,76.5,35.44,25.93,14.32,49.37,200.5,1.22,33.92,5.37,1.79,5,0,0,-5,1542,7433,0,515.297,515.297,515.297,515.297,0,0,0,0,0,0,0,29.797,29.797,5.23,,,,,485.5,485.5,485.5,485.5,52.51,76.83,72.65,85.2,false,false,3.14,1.21,20日累積後5日轉為調節；外資持股趨勢資料不足或期間有非市場異動；20日趨勢尚未上彎
105,2324,仁寶,TWSE,電腦及週邊設備業,等待確認,正常持有,今天不下單,每個交易日收盤後，檢查趨勢與法人籌碼,已有部位可續抱觀察，但暫不追價；若收盤跌破60日EMA約 35.52 且法人籌碼轉弱，先減碼三分之一。,63.2,60,41.4,85,87.9,可用,39.9,40.4,38.26,18.82,1.31,67.75,130.7,0.45,30,1.33,2.76,12,-126,-592,-966,1980,3118,0,54989.098,49783.346,101565.038,148401.167,60.921,-26.125999999999998,1718.3480000000002,-2175.714000000001,1,4,-1042427,2784.4579999999996,3713.2439999999997,38.08,51024,45587,112048,,51024.49,47025.013999999996,96133.446,142718.457,65.34,79.61,72.46,93.93,false,false,9.14,7.98,20日累積後5日轉為調節；ETF 1/3日已轉為減碼；外資持股趨勢資料不足或期間有非市場異動
106,3105,穩懋,TPEX,半導體業,等待確認,正常持有,今天不下單,每個交易日收盤後，檢查趨勢與法人籌碼,已有部位可續抱觀察，但暫不追價；若收盤跌破60日EMA約 399.27 且法人籌碼轉弱，先減碼三分之一。,67.1,59.9,49.3,85,100,可用,400,409.25,31.18,33.42,11.91,30.31,161.86,3.56,47,3.87,0.5,12,654,710,834,906,-1,695,6274.599,6274.599,6274.599,6274.599,825.374,825.374,825.374,825.374,1,0,330149600,290.644,290.644,26.94,,,,,5158.581,5158.581,5158.581,5158.581,55.69,83.46,73.96,102.48,false,false,10.04,6.38,外資持股趨勢資料不足或期間有非市場異動；20日趨勢尚未上彎；短線過熱或乖離過大
107,2464,盟立,TWSE,其他電子業,等待確認,正常持有,今天不下單,每個交易日收盤後，檢查趨勢與法人籌碼,已有部位可續抱觀察，但暫不追價；若收盤跌破60日EMA約 151.20 且法人籌碼轉弱，先減碼三分之一。,70.1,59.6,36.7,85,100,完整,196.5,194.75,62.1,25.64,4.36,55.35,126.78,0.66,517.11,7.46,0.25,3,0,1,63,407,407,62,5572.866,12804.34,16208.382,19054.996,0,62.539,556.539,836.539,2,0,12288914,280.195,734.753,14.66,5361,11701,15869,,5419.065,12461.606,14917.09,18068.025000000005,68.42,86.45,80.09,99.16,false,false,20.56,15.59,短線過熱或乖離過大；高波動且5日漲幅過大；融資增幅與短線漲幅同步偏高
108,2801,彰銀,TWSE,金融保險業,等待確認,保護持有,今天不新增部位；未完成確認前不機械式賣出,今天收盤後；若跌破，再看下一交易日是否收復,已有部位暫停加碼；若收盤跌破60日EMA約 22.73，且下一交易日仍未收復，先減碼三分之一；若ETF或外資繼續轉弱，再分批降低部位。,60.3,59.2,56.1,85,91,可用,23.7,23.73,7.11,13.38,,93.51,,0.44,14.81,1.23,4.43,20,28,-1125,-2526,11946,65011,0,-1471.942,-21556.277000000002,-83001.17399999998,-66949.91199999998,28,-2411.6949999999997,4802.838,57991.981,1,4,-57157171,167.54700000000003,-6705.071,16.56,-3815,-10735,-112064,,-1606.942,-19312.129,-81098.941,-123904.26399999998,53.52,21.4,28.05,8.11,false,false,0.52,0.21,20日累積後5日轉為調節；投信20日買超後近5日轉賣；外資持股5/10日下降，且外資5日賣超；20日趨勢尚未上彎
109,2731,雄獅,TWSE,觀光餐旅,等待確認,保護持有,今天不新增部位；未完成確認前不機械式賣出,今天收盤後；若跌破，再看下一交易日是否收復,已有部位暫停加碼；若收盤跌破60日EMA約 150.80，且下一交易日仍未收復，先減碼三分之一；若ETF或外資繼續轉弱，再分批降低部位。,48.8,58.9,56,85,100,完整,145.5,144.75,13.41,10.33,4.43,65.83,134.89,7.27,8.95,3.04,8.8,2,0,-1,-1,2,8,0,48.906,-298.426,-499.8499999999999,-485.2919999999999,0,-51,-48.71,-42.535000000000004,0,1,-7420500,6.233,-28.153999999999996,8.99,107,-47,-130,,53.36,-253.659,-422.9859999999999,-427.68199999999985,45.24,44.78,51.95,30.44,false,false,-0.31,-0.34,20日累積後5日轉為調節；外資持股5/10日下降，且外資5日賣超；當下除權息調整價未守20日EMA
110,4904,遠傳,TWSE,通信網路業,等待確認,正常持有,今天不下單,每個交易日收盤後，檢查趨勢與法人籌碼,已有部位可續抱觀察，但暫不追價；若收盤跌破60日EMA約 101.54 且法人籌碼轉弱，先減碼三分之一。,60.3,58.8,54,85,91,可用,101,100.25,14.87,10.79,17.63,45.96,92.82,1.03,25.63,3.8,3.77,35,2378,2259,3586,5871,-2552,1394,1725.328,4634.515,21029.102000000003,68578.50300000001,2526.929,4442.095,4428.265,-9869.525,5,0,448651595,9.920000000000002,206.40499999999997,19.44,-827,-1044,45505,,-794.275,182.49999999999991,16394.432,72203.461,45.58,21.48,27.18,10.09,false,false,-1.43,0,當下除權息調整價未守20日EMA
111,2493,揚博,TWSE,電子零組件業,等待確認,保護持有,今天不新增部位；未完成確認前不機械式賣出,今天收盤後；若跌破，再看下一交易日是否收復,已有部位暫停加碼；若收盤跌破60日EMA約 212.50，且下一交易日仍未收復，先減碼三分之一；若ETF或外資繼續轉弱，再分批降低部位。,59.2,58.4,48.9,85,91,可用,243,238.5,25.93,11.87,17.97,51.53,160.67,1.26,57.45,10.61,1.65,2,-3,-3,-5,6,320,0,-380.868,-1088.492,-4284.649,731.9329999999993,-3,39,50,364,2,2,9477000,144.702,187.943,7.14,-58,-949,-3036,,-390.85,-1272.194,-4522.592,229.41500000000053,55.67,84.55,70.82,112.01,false,false,9.4,18.25,20日累積後5日轉為調節；ETF 1/3日已轉為減碼；外資持股5/10日下降，且外資5日賣超；20日趨勢尚未上彎；高波動且5日漲幅過大；融資增幅與短線漲幅同步偏高；借券賣出與借券賣出餘額壓力升高
112,2312,金寶,TWSE,其他電子業,等待確認,正常持有,今天不下單,每個交易日收盤後，檢查趨勢與法人籌碼,已有部位可續抱觀察，但暫不追價；若收盤跌破60日EMA約 32.29 且法人籌碼轉弱，先減碼三分之一。,66,58.3,36.6,85,91,可用,33.5,34.03,49.23,1.22,2.47,70.62,122.81,0.35,32.21,2.25,1.79,4,0,-6,20,48,167,0,4801.129,10058.873000000001,22367.989,24090.962,0,19.731,47.731,166.731,1,1,660989,632.0090000000001,1746.799,8.96,4225,7669,19283,,4552.86,9407.133,20573.459,24828.105999999996,54.52,75.84,69.11,89.29,false,false,4.13,4.69,20日趨勢尚未上彎
113,3661,世芯-KY,TWSE,半導體業,等待確認,保護持有,今天不新增部位；未完成確認前不機械式賣出,今天收盤後；若跌破，再看下一交易日是否收復,"已有部位暫停加碼；若收盤跌破60日EMA約 3,828.54，且下一交易日仍未收復，先減碼三分之一；若ETF或外資繼續轉弱，再分批降低部位。",61.2,58.3,60.1,85,91,可用,4055,4125,181.78,-13.78,32.66,27.06,344.81,17.55,59.43,7.66,0.84,24,-12,-11,-21,23,159,-8,323.37,864.9060000000001,727.25,-827.919,-7,-330.021,-310.021,-379.01399999999995,2,3,-1338235155,117.131,255.417,50.99,257,1001,-652,,327.67,1077.796,781.8539999999999,-613.812,60.08,86.39,77.48,104.22,false,false,11.51,12.33,20日累積後5日轉為調節；ETF 1/3日已轉為減碼；主動ETF 5日轉為減碼；投信5/10日持續且具金額意義的賣超；20日趨勢尚未上彎；短線過熱或乖離過大；高波動且5日漲幅過大
114,5388,中磊,TWSE,通信網路業,等待確認,保護持有,今天不新增部位；未完成確認前不機械式賣出,今天收盤後；若跌破，再看下一交易日是否收復,已有部位暫停加碼；若收盤跌破60日EMA約 85.17，且下一交易日仍未收復，先減碼三分之一；若ETF或外資繼續轉弱，再分批降低部位。,49.3,58.1,50,85,100,完整,82.4,80.8,51.3,56.86,3.13,72.17,130.23,2.59,18.43,1.52,3.03,3,0,0,2,-4,-6,0,-13726.934,-12320.403999999999,-6759.638999999997,-2851.2889999999984,0,2.233,-3.132,-5.802,2,0,183999,199.74900000000005,167.75400000000002,21.51,-13054,-11802,-2923,,-13695.721,-12522.386,-6924.261,-2494.161000000002,43.46,53.23,63.32,33.04,false,true,-5.64,-10.04,外資持股5/10日下降，且外資5日賣超；當下除權息調整價未守20日EMA
115,2884,玉山金,TWSE,金融保險業,等待確認,正常持有,今天不下單,每個交易日收盤後，檢查趨勢與法人籌碼,已有部位可續抱觀察，但暫不追價；若收盤跌破60日EMA約 35.31 且法人籌碼轉弱，先減碼三分之一。,62,57.8,51.1,85,91,可用,36.75,36.67,4.75,21.58,,93.91,,0.62,16.7,2.09,3.81,30,-90,-376,-685,11088,44291,0,-5459.996,-24903.613000000005,12544.942999999992,169942.27499999997,363.395,2945.6530000000002,3962.3329999999996,10690.99,5,0,108252748,-987.8779999999999,-1278.1799999999998,31.84,-4907,-24310,28921,,-5878.345,-26861.388000000003,9860.789999999997,137421.924,52.17,40.21,57.47,5.68,false,false,-0.35,-3.54,20日累積後5日轉為調節；ETF 1/3日已轉為減碼；當下除權息調整價未守20日EMA
116,1717,長興,TWSE,化學工業,等待確認,正常持有,今天不下單,每個交易日收盤後，檢查趨勢與法人籌碼,已有部位可續抱觀察，但暫不追價；若收盤跌破60日EMA約 69.39 且法人籌碼轉弱，先減碼三分之一。,67,57.2,40.7,85,100,可用,78.6,79.25,23.86,10.48,7.03,51.77,173.89,1.09,41.37,2.96,1.27,5,200,993,1436,2504,2518,1442,18025.639,28052.456999999995,34847.967999999986,18554.225999999988,200.07,1436.493,3867.435,4807.581,5,0,112908350,1924.9320000000002,2607.978,12.98,17523,26408,27316,,16328.784,24691.032,28372.554999999997,13736.199000000004,67.51,91.91,83.08,109.56,false,false,17.27,18.2,外資持股趨勢資料不足或期間有非市場異動；20日趨勢尚未上彎；短線過熱或乖離過大
117,2610,華航,TWSE,航運業,等待確認,正常持有,今天不下單,每個交易日收盤後，檢查趨勢與法人籌碼,已有部位可續抱觀察，但暫不追價；若收盤跌破60日EMA約 21.04 且法人籌碼轉弱，先減碼三分之一。,52.1,57,49.3,85,100,完整,20.25,20.13,25.34,17.43,7.53,73.06,66.84,1.08,9.38,1.24,4,18,29,257,7158,6738,31981,6797,-4997.508,-99720.109,-30573.406000000006,62320.380999999994,29,7157.743,6808.781,19646.038999999997,4,1,144944296,-2949.705,-2092.2030000000004,15.81,-4623,-103754,20534,,-4977.318,-103928.147,-35289.984,45566.57200000001,38.83,29.01,49.3,-11.56,false,true,-5.59,-10.4,當下除權息調整價未守20日EMA；借券賣出與借券賣出餘額壓力升高；官方重大訊息出現高風險關鍵字，須查原文
118,3211,順達,TPEX,電腦及週邊設備業,等待確認,正常持有,今天不下單,每個交易日收盤後，檢查趨勢與法人籌碼,已有部位可續抱觀察，但暫不追價；若收盤跌破60日EMA約 380.44 且法人籌碼轉弱，先減碼三分之一。,60.9,56.5,44.7,85,100,可用,412,410.25,20.88,21.66,9.45,52.5,143.34,3.4,55.53,7.1,2.78,9,69,69,68,71,904,69,-136.256,-136.256,-136.256,-136.256,1807,1807,1807,1807,1,0,744484000,-131.991,-131.991,19.84,,,,,-1811.265,-1811.265,-1811.265,-1811.265,58.54,82.96,65.72,117.44,false,false,12.65,26.96,外資持股趨勢資料不足或期間有非市場異動；20日趨勢尚未上彎；短線過熱或乖離過大；高波動且5日漲幅過大
119,3529,力旺,TPEX,半導體業,等待確認,正常持有,今天不下單,每個交易日收盤後，檢查趨勢與法人籌碼,"已有部位可續抱觀察，但暫不追價；若收盤跌破60日EMA約 2,808.10 且法人籌碼轉弱，先減碼三分之一。",54.5,56.3,50.6,85,100,可用,2660,2670,23.77,19.72,60.64,43.12,194.99,15.75,89.23,56.96,0.77,18,-3,-7,-9,162,294,-7,-13.541,-13.541,-13.541,-13.541,-2.997,-2.997,-2.997,-2.997,0,1,-7972020,-3.325,-3.325,66.52,,,,,-7.219,-7.219,-7.219,-7.219,51.45,66.84,70.64,59.25,false,true,2.71,1.14,20日累積後5日轉為調節；ETF 1/3日已轉為減碼；主動ETF 5日轉為減碼；外資持股趨勢資料不足或期間有非市場異動；估值高且成長不足以支撐
120,4938,和碩,TWSE,電腦及週邊設備業,等待確認,正常持有,今天不下單,每個交易日收盤後，檢查趨勢與法人籌碼,已有部位可續抱觀察，但暫不追價；若收盤跌破60日EMA約 84.72 且法人籌碼轉弱，先減碼三分之一。,67.3,56.3,43.3,85,100,可用,91.4,99.95,11.56,-1.99,1.36,62.17,126.76,2.26,15.41,1.18,4.39,26,-66,3350,4114,5595,-6411,0,8768.716,11645.881000000001,27452.33,56969.756,43,4661.741,5440.011,-9516.289999999999,5,0,426083127,-186.56100000000004,375.609,31.28,7850,4395,38624,,8259.658,7170.701,21636.71,62978.432,61.93,84.18,74.82,102.9,false,false,5.53,2.12,短線過熱或乖離過大
121,2388,威盛,TWSE,半導體業,等待確認,正常持有,今天不下單,每個交易日收盤後，檢查趨勢與法人籌碼,已有部位可續抱觀察，但暫不追價；若收盤跌破60日EMA約 72.90 且法人籌碼轉弱，先減碼三分之一。,60.4,56.2,40.7,85,90.8,可用,77.5,78.45,43.29,35.69,-24.02,38.87,195.46,0.08,430.56,1.97,0.06,4,0,-20,-90,17,-781,0,-1758.976,-1532.1560000000002,9988.389000000001,9323.750000000002,0,-90.062,9.937999999999988,-788.062,0,2,-6979805,-676.0490000000001,39.23499999999987,17.41,-1493,-1805,7874,,-1661.147,-766.0449999999998,9939.215999999999,10927.458999999995,53.43,68.15,71.59,61.25,false,true,2.41,-6.63,單季稅前獲利對營業外貢獻依賴偏高
122,5314,世紀*,TPEX,其他,等待確認,正常持有,今天不下單,每個交易日收盤後，檢查趨勢與法人籌碼,已有部位可續抱觀察，但暫不追價；若收盤跌破60日EMA約 62.39 且法人籌碼轉弱，先減碼三分之一。,58.7,56.1,28.7,85,85,可用,62.5,62.5,149.63,159.94,,,,,12.14,9.59,2.82,1,0,0,-3,8,4,0,732.41,732.41,732.41,732.41,0,0,0,0,0,0,0,182.351,182.351,6.73,,,,,550.059,550.059,550.059,550.059,56.12,90.97,79.8,113.33,false,false,6.18,10.04,20日累積後5日轉為調節；外資持股趨勢資料不足或期間有非市場異動；20日趨勢尚未上彎；高波動且5日漲幅過大；2日內除權息，等待價格重置
123,1477,聚陽,TWSE,紡織纖維,等待確認,保護持有,今天不新增部位；未完成確認前不機械式賣出,今天收盤後；若跌破，再看下一交易日是否收復,已有部位暫停加碼；若收盤跌破60日EMA約 223.95，且下一交易日仍未收復，先減碼三分之一；若ETF或外資繼續轉弱，再分批降低部位。,58,55.4,55.9,85,100,完整,219,216.25,7.86,-1.63,14.44,42.05,180.12,7.65,14.95,3.92,6.85,17,84,135,182,530,778,68,-928.17,-3517.424,-4193.743,-4731.992000000001,84,182.10399999999998,535.076,817.428,5,0,39880776,-6.977000000000001,-137.703,16.85,-1038,-4521,-5102,,-1017.393,-3692.5509999999995,-4591.116,-5490.302,47.49,56,64.36,39.27,false,true,-0.73,-2.67,累計營收負成長且當月改善不足；外資持股5/10日下降，且外資5日賣超；當下除權息調整價未守20日EMA
124,1605,華新,TWSE,電器電纜,等待確認,正常持有,今天不下單,每個交易日收盤後，檢查趨勢與法人籌碼,已有部位可續抱觀察，但暫不追價；若收盤跌破60日EMA約 34.79 且法人籌碼轉弱，先減碼三分之一。,60.3,54.7,48.8,85,100,可用,40,40.88,10.08,0.98,1.4,38.79,147.45,2.85,12.23,0.88,1.25,7,-6,-19,-19,17,58,0,44268.856,84302.08300000001,127270.422,95481.131,-6.207,-19.006999999999998,53.694,130.659,0,3,-760280,601.225,2037.9220000000003,17.36,44225,82371,98787,,44292.104,83719.865,125178.80600000001,96025.18100000001,67.67,88.72,80.35,105.45,false,false,15.05,14.78,20日累積後5日轉為調節；ETF 1/3日已轉為減碼；短線過熱或乖離過大；單季稅前獲利對營業外貢獻依賴偏高
125,2425,承啟,TWSE,電腦及週邊設備業,等待確認,保護持有,今天不新增部位；未完成確認前不機械式賣出,今天收盤後；若跌破，再看下一交易日是否收復,已有部位暫停加碼；若收盤跌破60日EMA約 41.46，且下一交易日仍未收復，先減碼三分之一；若ETF或外資繼續轉弱，再分批降低部位。,49,54.5,45.2,85,71,可用,41.9,41.7,143.6,120.82,0.01,54.57,183.46,0.62,,1.61,0.24,1,-1,-1,-6,1,207,0,-1287.8,-5988.3769999999995,-5221.722999999999,-7044.6709999999985,-1,-6,1,207,0,2,-251400,5.5809999999999995,-100.135,3.99,-981,-5226,-6888,,-1294.8,-5987.958,-5122.587999999999,-7223.211999999999,44.3,44.27,62.44,7.93,false,true,-8.57,-14.66,ETF 1/3日已轉為減碼；外資持股5/10日下降，且外資5日賣超；當下除權息調整價未守20日EMA；單季稅前獲利對營業外貢獻依賴偏高
126,6831,邁科,TWSE,電腦及週邊設備業,等待確認,保護持有,今天不新增部位；未完成確認前不機械式賣出,今天收盤後；若跌破，再看下一交易日是否收復,已有部位暫停加碼；若收盤跌破60日EMA約 656.50，且下一交易日仍未收復，先減碼三分之一；若ETF或外資繼續轉弱，再分批降低部位。,64.7,54.4,40.7,85,91,可用,678,697.5,31.25,20.93,6.55,47.68,164.08,0.66,137.8,17.1,0.44,5,0,12,17,608,612,17,96.308,-263.786,-388.52000000000004,-1571.2380000000003,101,118,452,-299,3,0,80004000,20.156000000000006,-29.031999999999993,14.68,-27,-321,-857,,-36.953,-401.942,-811.4880000000002,-1292.8940000000002,53.13,74.8,65.05,94.31,false,false,6.9,13.57,外資持股5/10日下降，且外資5日賣超；20日趨勢尚未上彎；高波動且5日漲幅過大
127,7795,長廣,TWSE,電子零組件業,等待確認,保護持有,今天不新增部位；未完成確認前不機械式賣出,今天收盤後；若跌破，再看下一交易日是否收復,已有部位暫停加碼；若收盤跌破60日EMA約 441.88，且下一交易日仍未收復，先減碼三分之一；若ETF或外資繼續轉弱，再分批降低部位。,51.7,54.2,56.7,85,100,完整,506,556,61.01,9.7,15.64,29.24,432.72,0.88,223.89,14.04,0.42,1,0,0,0,0,0,0,-44.008,-1867.237,-2607.795,-3266.7,0,-0.053,0.947,2.947,0,1,-26818,15.992000000000004,34.918000000000006,6.03,-52,-1814,-2608,,-61,-1883.176,-2643.66,-3307.6079999999997,60.37,85.7,71.73,113.66,false,false,14.67,18.78,外資持股5/10日下降，且外資5日賣超；20日趨勢尚未上彎；短線過熱或乖離過大；高波動且5日漲幅過大
128,2454,聯發科,TWSE,半導體業,等待確認,正常持有,今天不下單,每個交易日收盤後，檢查趨勢與法人籌碼,"已有部位可續抱觀察，但暫不追價；若收盤跌破60日EMA約 3,708.63 且法人籌碼轉弱，先減碼三分之一。",65.3,54,37.8,85,100,可用,4015,4162.5,12.16,0.84,15.19,45.06,123.94,30.44,66.31,15.11,1.33,70,-57,3,-1,1811,2787,40,4.425,938.4409999999996,1585.0879999999997,-1594.1950000000002,-122.592,-577.908,1428.202,777.783,0,5,-2320300620,61.06500000000001,235.305,55.36,162,1760,-3223,,148.529,1455.284,-78.41900000000032,-3161.5120000000006,55.85,82.27,77.53,91.73,false,false,4.93,0.37,20日累積後5日轉為調節；投信20日買超後近5日轉賣
129,2412,中華電,TWSE,通信網路業,等待確認,正常持有,今天不下單,每個交易日收盤後，檢查趨勢與法人籌碼,已有部位可續抱觀察，但暫不追價；若收盤跌破60日EMA約 138.54 且法人籌碼轉弱，先減碼三分之一。,47.6,53.5,60.1,85,100,可用,136,135.25,3.68,7.23,21.73,30.99,122.39,2.68,26.72,2.88,3.82,36,-1984,-1981,-1275,911,6167,-1072,-3185.699,-5982.468,8350.218,112269.039,-1975.046,-1083.921,-858.3220000000001,680.2839999999997,3,2,-147413256,-131.986,-322.707,17.23,-381,-11313,57672,,-1239.653,-4766.561000000001,9531.247,106412.56600000002,39.29,11.95,20.47,-5.1,false,false,-1.34,-0.73,20日累積後5日轉為調節；ETF 1/3日已轉為減碼；主動ETF 5日轉為減碼；當下除權息調整價未守20日EMA
130,2354,鴻準,TWSE,其他電子業,等待確認,正常持有,今天不下單,每個交易日收盤後，檢查趨勢與法人籌碼,已有部位可續抱觀察，但暫不追價；若收盤跌破60日EMA約 57.32 且法人籌碼轉弱，先減碼三分之一。,61,53,50.6,85,100,完整,63,62.75,37.46,-11.25,1.29,36.29,219.89,1.1,26.69,0.78,2.38,6,0,0,-6,15,76,0,5805.428,25194.557,32994.014,31222.103000000003,0,-5.835,35.165,108.16499999999999,1,2,-367605,1014.322,1205.101,12.75,2750,23135,32009,,5606.208,24186.069999999996,31753.747999999996,30436.928999999996,67.45,79.74,76.98,85.26,false,false,7.97,13.51,20日累積後5日轉為調節；融資增幅與短線漲幅同步偏高；單季稅前獲利對營業外貢獻依賴偏高
131,2377,微星,TWSE,電腦及週邊設備業,等待確認,正常持有,今天不下單,每個交易日收盤後，檢查趨勢與法人籌碼,已有部位可續抱觀察，但暫不追價；若收盤跌破60日EMA約 138.09 且法人籌碼轉弱，先減碼三分之一。,66.1,52.6,47.1,85,100,完整,169,168.75,-0.02,-6.48,6.74,54.86,182.8,7.59,14.66,2.46,2.49,21,-150,-223,121,-323,3508,369,8782.009,17253.729,31059.081,41860.731999999996,-113,306.476,-373.101,2459.274,2,3,51794444,1275.1149999999998,2969.624999999999,18.16,7922,12257,18193,,7854.332,15672.138,28462.557,35816.96199999999,71.8,86.05,75.44,107.27,false,false,13.09,11.92,累計營收負成長且當月改善不足；ETF 1/3日已轉為減碼；短線過熱或乖離過大；融資增幅與短線漲幅同步偏高
132,9910,豐泰,TWSE,運動休閒,等待確認,正常持有,今天不下單,每個交易日收盤後，檢查趨勢與法人籌碼,已有部位可續抱觀察，但暫不追價；若收盤跌破60日EMA約 71.55 且法人籌碼轉弱，先減碼三分之一。,60.9,52,42.5,85,100,完整,71,70.65,1,-2.96,4.99,51.08,137.19,1.71,14.43,2.96,5.77,8,34,139,248,311,-2946,0,455.334,2832.358,2700.92,2386.06,34,248.239,311.02700000000004,-2945.7209999999995,5,0,17624969,17.423,-80.915,5.56,547,2538,3490,,422.046,2566.696,2470.8079999999995,5393.87,55.92,67.76,57.07,89.14,false,false,2.29,5.34,累計營收負成長且當月改善不足
133,2201,裕隆,TWSE,汽車工業,等待確認,正常持有,今天不下單,每個交易日收盤後，檢查趨勢與法人籌碼,已有部位可續抱觀察，但暫不追價；若收盤跌破60日EMA約 27.83 且法人籌碼轉弱，先減碼三分之一。,67.1,51.7,33.4,85,91,可用,28.35,28.88,-3.92,-3.66,9.01,74.03,100.51,0.35,33.35,0.47,1.98,4,45,32,32,822,294,45,1666.323,2367.378,2741.7790000000005,5539.577,45,32.188,840.188,331.188,1,1,912530,39.72800000000001,-11.54699999999999,5.03,1406,1604,1722,,1589.462,2295.462,1913.1380000000001,5131.694,56.55,53.42,42.12,76.02,false,false,2.2,3.66,累計營收負成長且當月改善不足；20日趨勢尚未上彎
134,3045,台灣大,TWSE,通信網路業,等待確認,正常持有,今天不下單,每個交易日收盤後，檢查趨勢與法人籌碼,已有部位可續抱觀察，但暫不追價；若收盤跌破60日EMA約 112.82 且法人籌碼轉弱，先減碼三分之一。,48.8,51,46.9,85,100,可用,109.5,108.25,7.14,4.2,12.15,61.22,52.55,2.86,20.7,3.97,4.33,36,-40,-302,-454,786,-7896,-1,708.619,-2213.8619999999996,5743.281000000001,72781.682,91.317,292.405,-37.8650000000001,-13495.108,4,1,32018347,190.952,314.135,16.35,381,-2440,36161,,598.224,-2697.219,5467.011,82130.726,36.78,15.12,22.45,0.45,false,false,-1.95,-0.9,ETF 1/3日已轉為減碼；主動ETF 5日轉為減碼；當下除權息調整價未守20日EMA；官方重大訊息出現高風險關鍵字，須查原文
135,6715,嘉基,TWSE,電子零組件業,等待確認,正常持有,今天不下單,每個交易日收盤後，檢查趨勢與法人籌碼,已有部位可續抱觀察，但暫不追價；若收盤跌破60日EMA約 392.08 且法人籌碼轉弱，先減碼三分之一。,51.9,50.9,57.1,85,91,可用,396.5,422,23.35,2.68,15.89,19.28,332.23,1.02,187.91,7.28,0.49,1,0,0,0,0,-53,0,106.78,-26.071000000000005,-155.87100000000004,-927.4950000000001,0,-478,-680,-814,0,2,-189527000,5.670000000000001,-38.603,2.63,110,504,936,,106,446.259,562.7320000000001,-121.5269999999999,53.34,74.54,57.2,109.23,false,false,7.11,6.73,20日趨勢尚未上彎；短線過熱或乖離過大；估值高且成長不足以支撐
136,2002,中鋼,TWSE,鋼鐵工業,等待確認,正常持有,今天不下單,每個交易日收盤後，檢查趨勢與法人籌碼,已有部位可續抱觀察，但暫不追價；若收盤跌破60日EMA約 19.02 且法人籌碼轉弱，先減碼三分之一。,67.4,50.4,24.6,85,100,可用,19.75,19.67,21.85,2.63,1.81,51.15,126.1,-0.03,,1,0.76,8,-14,-47,-47,52,15,0,17669.413,143186.03600000002,153880.59000000003,351686.77300000004,-14,-46.663,227.601,224.70100000000002,0,2,-921594,3281.264,1040.399,15.15,11929,131631,226333,,18378.28,139951.435,152612.59000000003,343697.0420000001,69.81,78.35,65.56,103.92,false,false,3.3,4.5,20日累積後5日轉為調節；ETF 1/3日已轉為減碼
137,2484,希華,TWSE,電子零組件業,等待確認,正常持有,今天不下單,每個交易日收盤後，檢查趨勢與法人籌碼,已有部位可續抱觀察，但暫不追價；若收盤跌破60日EMA約 66.65 且法人籌碼轉弱，先減碼三分之一。,55.9,50.3,56,85,85,完整,73.9,76.15,7.1,-1.19,10.26,19.25,453.99,0.86,53.17,2.87,0.95,1,-3,-3,-12,2,416,0,1642.441,1334.7640000000001,-1140.856,-5687.489000000001,-3,-12,2,416,0,2,-886800,-9.229000000000001,32.474999999999994,5.14,1641,1353,129,,1631.451,1355.993,-1175.3310000000006,-6128.576000000001,53,73.77,65.38,90.54,false,false,3.29,4.82,累計營收負成長且當月改善不足；ETF 1/3日已轉為減碼；20日趨勢尚未上彎
138,5483,中美晶,TPEX,半導體業,等待確認,正常持有,今天不下單,每個交易日收盤後，檢查趨勢與法人籌碼,已有部位可續抱觀察，但暫不追價；若收盤跌破60日EMA約 180.33 且法人籌碼轉弱，先減碼三分之一。,64.1,50.3,27.8,85,85,可用,185,191.75,27.72,5.36,,,,,26.28,2.3,1.89,13,150,172,201,396,5064,150,4356.744,4356.744,4356.744,4356.744,300.254,300.254,300.254,300.254,1,0,55546990,260.987,260.987,26.88,,,,,3795.503,3795.503,3795.503,3795.503,49.11,51.59,39.42,75.94,false,false,-0.12,3.93,外資持股趨勢資料不足或期間有非市場異動；20日趨勢尚未上彎
139,7734,印能科技,TPEX,半導體業,等待確認,正常持有,今天不下單,每個交易日收盤後，檢查趨勢與法人籌碼,"已有部位可續抱觀察，但暫不追價；若收盤跌破60日EMA約 3,160.37 且法人籌碼轉弱，先減碼三分之一。",63.4,50.2,19.8,85,85,可用,3350,3352.5,62.33,62.94,,,,,70.62,13.89,0.59,4,0,1,1,45,45,1,60.561,60.561,60.561,60.561,-26,-26,-26,-26,0,1,-87100000,3.567,3.567,3.75,,,,,82.994,82.994,82.994,82.994,52.42,43.8,54.36,22.67,false,false,1.69,-2.62,外資持股趨勢資料不足或期間有非市場異動
140,6913,鴻呈,TPEX,電子零組件業,等待確認,正常持有,今天不下單,每個交易日收盤後，檢查趨勢與法人籌碼,已有部位可續抱觀察，但暫不追價；若收盤跌破60日EMA約 128.24 且法人籌碼轉弱，先減碼三分之一。,54.6,50,27.1,85,85,可用,150,149.75,67.45,37.13,,,,,22.83,3.75,1.67,1,0,0,9,9,9,0,311.401,311.401,311.401,311.401,0,0,0,0,0,0,0,-24.339,-24.339,6.33,,,,,335.74,335.74,335.74,335.74,74.15,86.53,81.67,96.24,false,false,13.44,18.58,外資持股趨勢資料不足或期間有非市場異動；短線過熱或乖離過大
141,1519,華城,TWSE,電機機械,等待確認,正常持有,今天不下單,每個交易日收盤後，檢查趨勢與法人籌碼,已有部位可續抱觀察，但暫不追價；若收盤跌破60日EMA約 694.36 且法人籌碼轉弱，先減碼三分之一。,59.4,49.7,36.1,85,91,可用,720,730,-8.32,-3.68,21.2,71.74,144.13,3.29,49.48,27.61,1.67,12,0,-1,-91,37,14,-90,-34.306,-449.93699999999995,119.26200000000001,1299.086,15,-75.775,20.560999999999996,-12.229000000000003,1,2,-54558000,68.57999999999998,92.84799999999998,18.6,-40,174,824,,-58.068,-442.742,5.853000000000023,1305.493,63.53,86.73,79.45,101.29,false,false,8.85,8.6,累計營收負成長且當月改善不足；20日累積後5日轉為調節；主動ETF 5日轉為減碼
142,8454,富邦媒,TWSE,數位雲端,等待確認,正常持有,今天不下單,每個交易日收盤後，檢查趨勢與法人籌碼,已有部位可續抱觀察，但暫不追價；若收盤跌破60日EMA約 260.78 且法人籌碼轉弱，先減碼三分之一。,54.5,49.3,31.5,85,100,完整,267.5,268,5.23,2.77,2.94,70.81,68.67,4.81,25.75,8.54,3.74,7,0,-1,-1,191,123,0,-35.841,-482.51199999999994,-272.7959999999999,449.6110000000001,-0.142,-0.89,196.43099999999998,133.27100000000002,0,3,-238075,-18.212999999999997,-139.00900000000001,11.81,-82,-304,379,,-38.775,-463.409,-330.21799999999996,574.078,51.62,65.36,68.23,59.63,false,true,1.76,2.29,20日累積後5日轉為調節
143,6121,新普,TPEX,電腦及週邊設備業,等待確認,正常持有,今天不下單,每個交易日收盤後，檢查趨勢與法人籌碼,已有部位可續抱觀察，但暫不追價；若收盤跌破60日EMA約 388.66 且法人籌碼轉弱，先減碼三分之一。,59.9,49,30.2,85,85,可用,431.5,437,12.34,4.88,,,,,14.53,2.11,5.05,17,19,30,48,232,-1671,0,211.337,211.337,211.337,211.337,19,19,19,19,1,0,8198500,-64.104,-64.104,45.53,,,,,256.441,256.441,256.441,256.441,65.33,86.75,74.93,110.39,false,false,11.14,15.84,外資持股趨勢資料不足或期間有非市場異動；短線過熱或乖離過大
144,9933,中鼎,TWSE,其他,等待確認,正常持有,今天不下單,每個交易日收盤後，檢查趨勢與法人籌碼,已有部位可續抱觀察，但暫不追價；若收盤跌破60日EMA約 39.07 且法人籌碼轉弱，先減碼三分之一。,56.5,48.3,37.3,85,100,完整,42,42.28,-0.72,-16.56,10.5,79.51,109.31,2.71,7.75,1.65,2.38,3,-2,-7,-7,5,-447,0,4575.783,4992.465,5104.445000000001,7391.070000000001,-2.8,-7.708,21.492,-419.094,0,2,-323736,-521.443,-521.7330000000001,19.24,4841,5513,4455,,4840.509,5521.616,5604.686,8207.185,65.24,77.11,58.6,114.14,false,false,8.66,14.6,累計營收負成長且當月改善不足；ETF 1/3日已轉為減碼；20日趨勢尚未上彎
145,8039,台虹,TWSE,電子零組件業,等待確認,正常持有,今天不下單,每個交易日收盤後，檢查趨勢與法人籌碼,已有部位可續抱觀察，但暫不追價；若收盤跌破60日EMA約 175.56 且法人籌碼轉弱，先減碼三分之一。,59.4,48.2,46,85,100,完整,227,242,-6.06,1.15,6.25,32.38,237.55,1.56,72.06,5.35,0.88,3,0,46,46,313,313,46,-4964.41,-4590.965,-3682.737,-5874.704999999999,7,280.073,446.07299999999987,675.0729999999999,4,0,63576571,-349.8309999999999,-662.0639999999999,20.57,-4436,-4725,26,,-4757.115,-4521.207,-3466.746,-7883.793000000001,58.86,67.16,61.83,77.83,false,false,11.31,3.18,短線過熱或乖離過大
146,7828,創新服務,TPEX,半導體業,等待確認,正常持有,今天不下單,每個交易日收盤後，檢查趨勢與法人籌碼,"已有部位可續抱觀察，但暫不追價；若收盤跌破60日EMA約 1,692.38 且法人籌碼轉弱，先減碼三分之一。",53.7,47.8,18.6,85,85,可用,1760,1840,397.16,235.8,,,,,260.36,60.98,0.26,2,0,0,0,-2,15,0,28.41,28.41,28.41,28.41,0,0,0,0,0,0,0,-0.403,-0.403,26.16,,,,,28.813,28.813,28.813,28.813,51.74,80.24,68.57,103.58,false,false,4.15,0.57,外資持股趨勢資料不足或期間有非市場異動；20日趨勢尚未上彎
147,6533,晶心科,TWSE,半導體業,等待確認,保護持有,今天不新增部位；未完成確認前不機械式賣出,今天收盤後；若跌破，再看下一交易日是否收復,已有部位暫停加碼；若收盤跌破60日EMA約 219.36，且下一交易日仍未收復，先減碼三分之一；若ETF或外資繼續轉弱，再分批降低部位。,51.2,47.3,41.9,85,91,可用,254.5,252.25,22.24,56.03,-62.19,28.8,595.6,-3.28,,2.96,,1,0,0,-20,0,3,0,-274.908,-799.642,273.178,153.65299999999996,0,-20,0,3,0,1,-5090000,-5.882999999999999,-4.543999999999999,11.13,-329,-730,-135,,-273.194,-773.759,277.7219999999999,154.77299999999988,65.12,83.99,77.98,96.01,false,false,10.95,11.38,20日累積後5日轉為調節；外資持股5/10日下降，且外資5日賣超；高波動且5日漲幅過大
148,3479,安勤,TPEX,電腦及週邊設備業,等待確認,正常持有,今天不下單,每個交易日收盤後，檢查趨勢與法人籌碼,已有部位可續抱觀察，但暫不追價；若收盤跌破60日EMA約 132.76 且法人籌碼轉弱，先減碼三分之一。,54.1,47.3,25.6,85,85,可用,140.5,142.75,19.67,14.6,,,,,20.69,3.15,3.29,1,0,0,1,-3,-5,0,37.024,37.024,37.024,37.024,0,0,0,0,0,0,0,-4.704,-4.704,8.25,,,,,41.728,41.728,41.728,41.728,51.04,67.43,56.95,88.37,false,false,0.41,0.36,外資持股趨勢資料不足或期間有非市場異動；20日趨勢尚未上彎
149,1718,中纖,TWSE,化學工業,等待確認,保護持有,今天不新增部位；未完成確認前不機械式賣出,今天收盤後；若跌破，再看下一交易日是否收復,已有部位暫停加碼；若收盤跌破60日EMA約 10.41，且下一交易日仍未收復，先減碼三分之一；若ETF或外資繼續轉弱，再分批降低部位。,52.5,47,25.8,85,68,最低門檻,11.2,11.2,11.17,3.08,,91,87.26,0.17,46.67,0.67,,1,-20,-20,-86,15,2834,0,6849.941,-5859.984000000002,-49706.891,-41206.85399999999,-20,-86,15,2834,0,2,-963200,5.112999999999957,-927.136,5.96,6746,-2633,-14108,,7148.469,-5779.097,-48794.755000000005,-38883.429000000004,52.82,72.44,54.47,108.37,false,false,4.39,12.11,ETF 1/3日已轉為減碼；外資持股5/10日下降，且外資5日賣超；20日趨勢尚未上彎；高波動且5日漲幅過大；融資增幅與短線漲幅同步偏高；借券賣出與借券賣出餘額壓力升高
150,3491,昇達科,TPEX,通信網路業,等待確認,正常持有,今天不下單,每個交易日收盤後，檢查趨勢與法人籌碼,"已有部位可續抱觀察，但暫不追價；若收盤跌破60日EMA約 1,366.09 且法人籌碼轉弱，先減碼三分之一。",54.6,46.8,17.8,85,85,可用,1320,1330,82.02,70.79,,,,,144.42,26.07,0.52,8,0,-7,-8,83,113,-8,24.298,24.298,24.298,24.298,34,34,34,34,1,0,44880000,24.866,24.866,31.8,,,,,-34.568,-34.568,-34.568,-34.568,54.23,74.76,65.78,92.7,false,false,7.64,2.72,20日累積後5日轉為調節；主動ETF 5日轉為減碼；外資持股趨勢資料不足或期間有非市場異動
151,6223,旺矽,TPEX,半導體業,等待確認,正常持有,今天不下單,每個交易日收盤後，檢查趨勢與法人籌碼,"已有部位可續抱觀察，但暫不追價；若收盤跌破60日EMA約 5,880.88 且法人籌碼轉弱，先減碼三分之一。",60,46.8,17.1,85,83.5,可用,6600,6730,66.5,52.26,,,,,175.72,41.04,0.33,39,11,-31,-34,303,537,-65,86.723,86.723,86.723,86.723,14.904,14.904,14.904,14.904,1,0,98366400,4.344,4.344,28.46,,,,,67.475,67.475,67.475,67.475,58.48,83.46,75.07,100.25,false,false,9.41,5.68,20日累積後5日轉為調節；主動ETF 5日轉為減碼；外資持股趨勢資料不足或期間有非市場異動；20日趨勢尚未上彎
152,1810,和成,TWSE,玻璃陶瓷,等待確認,保護持有,今天不新增部位；未完成確認前不機械式賣出,今天收盤後；若跌破，再看下一交易日是否收復,已有部位暫停加碼；若收盤跌破60日EMA約 23.54，且下一交易日仍未收復，先減碼三分之一；若ETF或外資繼續轉弱，再分批降低部位。,48.4,46.5,57.5,85,90.4,可用,24.2,24.73,-3.71,-7.6,-19.13,20.48,326.07,3.64,6.4,0.91,0.83,2,0,0,5,48,72,0,-477.015,-942.5079999999998,-4964.1759999999995,-4668.630999999999,0,0,16.937,40.422000000000004,0,0,0,-15.739,-131.921,3.57,-538,-1041,-11643,,-477.579,-926.769,-4849.192,-5931.885999999999,46.6,39.77,37.3,44.73,false,false,-3.9,-2.81,累計營收負成長且當月改善不足；外資持股5/10日下降，且外資5日賣超；20日趨勢尚未上彎；當下除權息調整價未守20日EMA；單季稅前獲利對營業外貢獻依賴偏高
153,2409,友達,TWSE,光電業,等待確認,正常持有,今天不下單,每個交易日收盤後，檢查趨勢與法人籌碼,已有部位可續抱觀察，但暫不追價；若收盤跌破60日EMA約 25.08 且法人籌碼轉弱，先減碼三分之一。,63.8,45.2,27.6,85,100,可用,26.25,26.58,-2.64,-1.21,-0.3,55.81,116.87,0.03,109.38,1.28,1.52,11,-1,102,71,2353,6474,137,-5594.261,-50671.16100000001,-101882.83700000001,-80650.48800000001,-0.698,71.022,2439.5119999999997,6612.486,1,4,1864328,3428.105000000001,3914.934000000001,10.25,7898,-25704,-2746,,-5804.657,-54170.288,-108237.283,-83674.64099999999,52.19,69.06,64.01,79.17,false,false,2.55,7.36,累計營收負成長且當月改善不足；外資持股趨勢資料不足或期間有非市場異動；20日趨勢尚未上彎；估值高且成長不足以支撐；單季稅前獲利對營業外貢獻依賴偏高
154,9914,美利達,TWSE,運動休閒,等待確認,正常持有,今天不下單,每個交易日收盤後，檢查趨勢與法人籌碼,已有部位可續抱觀察，但暫不追價；若收盤跌破60日EMA約 76.01 且法人籌碼轉弱，先減碼三分之一。,59.5,45.2,34.9,85,91,可用,93.3,86.8,-1.08,-13.22,5.21,43.46,142.15,1.09,25.22,1.39,3,2,0,1,1,-32,-27,0,1312.545,5121.2,5347.869,11071.333,118,118.676,91.676,-97.324,2,0,11072471,174.577,207.01100000000002,27.37,1806,5818,6710,,1259.151,4827.947,5049.182,11115.792,75.39,79.96,66.28,107.34,false,false,14.6,19.16,累計營收負成長且當月改善不足；強勢上漲後盤中急跌反轉；借券賣出與借券賣出餘額壓力升高
155,3693,營邦,TPEX,電腦及週邊設備業,等待確認,正常持有,今天不下單,每個交易日收盤後，檢查趨勢與法人籌碼,已有部位可續抱觀察，但暫不追價；若收盤跌破60日EMA約 504.64 且法人籌碼轉弱，先減碼三分之一。,54.3,45.2,20.6,85,85,可用,502,552,148.93,11.06,,,,,58.3,4.08,1.59,1,0,0,16,71,64,16,-28.532,-28.532,-28.532,-28.532,0,0,0,0,0,0,0,32.335,32.335,9.58,,,,,-60.867,-60.867,-60.867,-60.867,51.84,60.24,61.7,57.3,false,true,2.21,0.2,外資持股趨勢資料不足或期間有非市場異動；短線過熱或乖離過大
156,4979,華星光,TPEX,通信網路業,等待確認,正常持有,今天不下單,每個交易日收盤後，檢查趨勢與法人籌碼,已有部位可續抱觀察，但暫不追價；若收盤跌破60日EMA約 472.09 且法人籌碼轉弱，先減碼三分之一。,63.6,44.5,12.6,85,85,可用,561,595.5,31.01,17.64,,,,,101.45,19.32,0.38,4,250,600,598,600,2475,600,3119.692,3119.692,3119.692,3119.692,488,488,488,488,1,0,273768000,112.106,112.106,19.89,,,,,2519.586,2519.586,2519.586,2519.586,64.91,90.13,83.02,104.34,false,false,22.01,14.02,外資持股趨勢資料不足或期間有非市場異動；短線過熱或乖離過大；高波動且5日漲幅過大
157,2882,國泰金,TWSE,未分類,等待確認,正常持有,今天不下單,每個交易日收盤後，檢查趨勢與法人籌碼,已有部位可續抱觀察，但暫不追價；若收盤跌破60日EMA約 95.09 且法人籌碼轉弱，先減碼三分之一。,62.6,44,27.2,85,75,可用,99.7,99.95,,,,94.35,,2.15,15.13,1.99,3.51,32,1248,1117,436,20965,26524,-9,3713.014,2052.4759999999987,34179.55,71447.453,1163.316,1009.9720000000001,16483.694,12384.069999999994,2,3,100694208,-321.152,-429.6179999999998,23.1,1860,1757,8116,,2361.816,1363.6560000000009,18125.474000000002,50428.059,53.47,64.7,67,60.12,false,true,1.2,-0.8,主動ETF 5日轉為減碼
158,5371,中光電,TPEX,光電業,等待確認,正常持有,今天不下單,每個交易日收盤後，檢查趨勢與法人籌碼,已有部位可續抱觀察，但暫不追價；若收盤跌破60日EMA約 81.19 且法人籌碼轉弱，先減碼三分之一。,50.5,42.1,28.4,85,100,可用,86.5,86.8,12.37,6.77,-1.16,44.48,126,-0.5,346,1.04,0.58,1,0,0,-8,0,17,0,-237.188,-237.188,-237.188,-237.188,0,0,0,0,0,0,0,-97.483,-97.483,15.12,,,,,-139.705,-139.705,-139.705,-139.705,53.7,76,68.23,91.54,false,false,3.74,-4.42,20日累積後5日轉為調節；外資持股趨勢資料不足或期間有非市場異動；20日趨勢尚未上彎；估值高且成長不足以支撐
159,2883,凱基金,TWSE,未分類,等待確認,正常持有,今天不下單,每個交易日收盤後，檢查趨勢與法人籌碼,已有部位可續抱觀察，但暫不追價；若收盤跌破60日EMA約 28.37 且法人籌碼轉弱，先減碼三分之一。,61.1,41.8,29.3,85,75,可用,31.2,31.17,,,,91.24,,0.69,17.53,1.56,3.21,26,3632,14693,21070,41375,83564,-72,6977.783,56.434000000004744,111767.013,227734.10399999996,4243.422,24805.415,33245.784999999996,44238.421,5,0,773928948,-2532.268,-2000.5029999999997,26.63,380,-14415,95470,,2856.557,-22216.713,80521.73100000001,157441.261,58.44,75.56,73.01,80.65,false,false,2.54,-1.27,主動ETF 5日轉為減碼
160,6226,光鼎,TWSE,光電業,等待確認,保護持有,今天不新增部位；未完成確認前不機械式賣出,今天收盤後；若跌破，再看下一交易日是否收復,已有部位暫停加碼；若收盤跌破60日EMA約 18.88，且下一交易日仍未收復，先減碼三分之一；若ETF或外資繼續轉弱，再分批降低部位。,42.3,41.3,42,85,85,完整,20.3,20.42,21.51,6.38,-4.11,38.7,205,0.03,,1.87,,1,-2,-2,-9,2,295,0,-400.99,-4783.995000000001,-6797.090000000001,-11247.430000000002,-2,-9,2,295,0,2,-182700,15.999999999999996,-10.562999999999999,2.18,-419,-4655,-6099,,-430.99,-4790.995,-6788.526999999999,-10497.262,48.29,38.97,46.51,23.91,false,true,-3.59,-2.4,ETF 1/3日已轉為減碼；外資持股5/10日下降，且外資5日賣超；20日趨勢尚未上彎；當下除權息調整價未守20日EMA；單季稅前獲利對營業外貢獻依賴偏高
161,8932,智通*,TPEX,數位雲端,等待確認,正常持有,今天不下單,每個交易日收盤後，檢查趨勢與法人籌碼,已有部位可續抱觀察，但暫不追價；若收盤跌破60日EMA約 103.91 且法人籌碼轉弱，先減碼三分之一。,53.6,40.1,12.2,85,85,可用,107.5,107.75,10.67,11.86,,,,,54.85,15.1,0.56,1,0,0,-4,3,-1,0,491.116,491.116,491.116,491.116,0,0,0,0,0,0,0,87.732,87.732,24.02,,,,,403.384,403.384,403.384,403.384,53.34,80.68,64.33,113.36,false,false,3.71,8.15,外資持股趨勢資料不足或期間有非市場異動；20日趨勢尚未上彎
162,2881,富邦金,TWSE,未分類,等待確認,正常持有,今天不下單,每個交易日收盤後，檢查趨勢與法人籌碼,已有部位可續抱觀察，但暫不追價；若收盤跌破60日EMA約 120.89 且法人籌碼轉弱，先減碼三分之一。,57.6,40,26.8,85,75,可用,127,127.75,,,,92.11,,2.4,17.47,1.94,3.35,35,414,334,-3616,14979,40019,-3202,-988.789,-611.75,23719.556999999997,53284.186,434.675,-2956.011,11194.134,27906.255,1,4,-375413397,-228.764,-614.2629999999998,18.46,-2016,4199,12965,,-1425.688,2573.0249999999996,13139.686,19330.832000000002,51.28,50.25,58.87,33.01,false,false,0,-1.93,20日累積後5日轉為調節；主動ETF 5日轉為減碼；投信20日買超後近5日轉賣
163,2892,第一金,TWSE,未分類,等待確認,保護持有,今天不新增部位；未完成確認前不機械式賣出,今天收盤後；若跌破，再看下一交易日是否收復,已有部位暫停加碼；若收盤跌破60日EMA約 32.84，且下一交易日仍未收復，先減碼三分之一；若ETF或外資繼續轉弱，再分批降低部位。,56.1,39.6,29.6,85,75,可用,33.15,33.05,,,,94.22,,0.57,17,1.6,3.92,27,-123,1332,9147,21500,82257,10237,11855.67,-20127.334999999995,-26359.339,-4221.539000000001,-95.966,10087.046,16769.947,66197.365,3,2,334385575,-15228.734,-1907.4140000000002,24.68,5969,-12992,-67199,,13521.627,-14985.647,-41221.871999999996,-80856.579,42.74,27.99,44.85,-5.71,false,false,-3.8,-7.66,外資持股5/10日下降，且外資5日賣超；當下除權息調整價未守20日EMA；借券賣出與借券賣出餘額壓力升高
164,6643,M31,TPEX,半導體業,等待確認,正常持有,今天不下單,每個交易日收盤後，檢查趨勢與法人籌碼,已有部位可續抱觀察，但暫不追價；若收盤跌破60日EMA約 462.84 且法人籌碼轉弱，先減碼三分之一。,53.6,39.4,37.9,85,100,可用,456.5,459,29.21,-2.89,-10.18,10.91,573.46,-1.24,480.53,10.23,0.26,1,0,0,10,0,0,0,69.708,69.708,69.708,69.708,0,0,0,0,0,0,0,1.622,1.622,13.45,,,,,68.086,68.086,68.086,68.086,55.34,72.13,63.63,89.14,false,false,5.65,10.27,外資持股趨勢資料不足或期間有非市場異動；高波動且5日漲幅過大
165,2887,台新新光金,TWSE,未分類,等待確認,正常持有,今天不下單,每個交易日收盤後，檢查趨勢與法人籌碼,已有部位可續抱觀察，但暫不追價；若收盤跌破60日EMA約 32.15 且法人籌碼轉弱，先減碼三分之一。,59.5,39.3,24.9,85,72,可用,35.65,35.5,,,,93.39,,0.82,17.48,1.56,3.09,35,4421,17451,13697,27566,218145,-3215,13895.946,24574.841,103325.485,115286.273,4943.774,17933.334000000003,16693.012000000002,137173.40800000002,4,1,639323357,-1249.879,-949.069,23.26,5093,13255,132388,,9082.949,7891.386,87581.54200000002,-52891.71099999998,57.53,78.09,75.25,83.78,false,false,2.31,-0.14,主動ETF 5日轉為減碼；外資持股趨勢資料不足或期間有非市場異動；20日趨勢尚未上彎
166,2891,中信金,TWSE,未分類,等待確認,保護持有,今天不新增部位；未完成確認前不機械式賣出,今天收盤後；若跌破，再看下一交易日是否收復,已有部位暫停加碼；若收盤跌破60日EMA約 64.25，且下一交易日仍未收復，先減碼三分之一；若ETF或外資繼續轉弱，再分批降低部位。,55,39.3,28.2,85,72,可用,66.6,65.95,,,,93.83,,1.18,16.05,2.38,3.75,39,66,1637,-833,11493,38352,-3892,709.249,15250.454,76421.644,144220.234,-4279.726,-2331.595,-2186.4959999999996,946.248000000005,1,4,-155284227,-1505.309,368.6600000000003,35.07,6149,20692,82394,,4780.007,19087.358,78239.48,118808.574,55.7,84.11,79.83,92.66,false,false,1.94,0.91,20日累積後5日轉為調節；主動ETF 5日轉為減碼；投信5/10日持續且具金額意義的賣超；外資持股趨勢資料不足或期間有非市場異動；20日趨勢尚未上彎；官方重大訊息出現高風險關鍵字，須查原文
167,2886,兆豐金,TWSE,未分類,等待確認,保護持有,今天不新增部位；未完成確認前不機械式賣出,今天收盤後；若跌破，再看下一交易日是否收復,已有部位暫停加碼；若收盤跌破60日EMA約 46.52，且下一交易日仍未收復，先減碼三分之一；若ETF或外資繼續轉弱，再分批降低部位。,60.2,38.5,27.2,85,75,可用,48.7,45.8,,,,91.97,,0.63,19.8,1.8,3.59,37,4245,8051,16682,44820,103165,7837,-10015.145,-46899.668999999994,-36470.371,12988.919000000002,4775.042,20397.175,39192.52399999999,73377.594,5,0,993342423,444.20000000000005,3749.3499999999995,18.62,-18507,-70418,-100089,,-14609.611,-67741.04400000001,-79412.24500000002,-94450.11500000005,48.88,22.94,41.38,-13.93,false,false,-1.57,-4.88,外資持股5/10日下降，且外資5日賣超；當下除權息調整價未守20日EMA；2日內除權息，等待價格重置；借券賣出與借券賣出餘額壓力升高
168,4991,環宇-KY,TPEX,半導體業,等待確認,正常持有,今天不下單,每個交易日收盤後，檢查趨勢與法人籌碼,已有部位可續抱觀察，但暫不追價；若收盤跌破60日EMA約 488.66 且法人籌碼轉弱，先減碼三分之一。,55.3,36.8,10,85,85,可用,484.5,493.25,-6.93,45.75,,,,,200.21,13.74,0,4,900,934,934,934,938,929,-1744.195,-1744.195,-1744.195,-1744.195,172,172,172,172,1,0,83334000,15.561,15.561,23.88,,,,,-1931.756,-1931.756,-1931.756,-1931.756,54.43,81.64,77.2,90.51,false,false,9.06,3.3,外資持股趨勢資料不足或期間有非市場異動；估值高且成長不足以支撐
169,2880,華南金,TWSE,未分類,等待確認,保護持有,今天不新增部位；未完成確認前不機械式賣出,今天收盤後；若跌破，再看下一交易日是否收復,已有部位暫停加碼；若收盤跌破60日EMA約 38.80，且下一交易日仍未收復，先減碼三分之一；若ETF或外資繼續轉弱，再分批降低部位。,60.4,36.1,15.1,85,75,可用,42.77,39.5,,,,94.52,,0.55,20.87,2.47,3.36,27,5798,17092,32652,72565,162840,6939,-9136.195,-22073.792,-10596.117000000002,26460.746,6462,36639.027,67607.111,131306.54100000003,5,0,1582805966,-1513.722,1638.1589999999994,13.45,-24396,-57112,-125147,,-15261.45,-57199.097,-79841.387,-142713.744,62.9,60.51,70.16,41.2,false,true,2.28,-1.37,外資持股5/10日下降，且外資5日賣超；當下除權息調整價未守20日EMA；2日內除權息，等待價格重置
170,2885,元大金,TWSE,未分類,等待確認,正常持有,今天不下單,每個交易日收盤後，檢查趨勢與法人籌碼,已有部位可續抱觀察，但暫不追價；若收盤跌破60日EMA約 63.66 且法人籌碼轉弱，先減碼三分之一。,58,35.2,19.8,85,75,可用,68.6,68.9,,,,91.67,,1.08,21.11,2.55,3.21,40,-550,-6967,-9428,6500,22405,-6960,241.238,-2292.2690000000002,37152.65,64988.689,-458.389,-5217.298000000001,8897.484999999999,12997.091000000002,2,3,-357906643,-532.781,-258.6340000000001,26.98,607,3405,22142,,734.307,3457.8100000000013,28513.799000000003,39508.647,58.32,71.06,71.15,70.87,false,true,2.77,-1.15,20日累積後5日轉為調節；ETF 1/3日已轉為減碼；主動ETF 5日轉為減碼；投信20日買超後近5日轉賣
171,5880,合庫金,TWSE,未分類,等待確認,正常持有,今天不下單,每個交易日收盤後，檢查趨勢與法人籌碼,已有部位可續抱觀察，但暫不追價；若收盤跌破60日EMA約 24.41 且法人籌碼轉弱，先減碼三分之一。,45.5,35,27.8,85,75,可用,24.1,24.03,,,,94.65,,0.36,17.21,1.34,4.36,18,226,10048,9776,22419,34933,154,-5615.88,-48901.512,13969.182999999994,93577.31999999999,255,1464.4,8832.423999999999,10722.600999999997,4,0,35292040,188.54700000000003,-272.895,16.7,-5129,-49250,36578,,-5920.885,-50554.458999999995,5409.654000000002,73162.021,38.49,19.59,36.18,-13.59,false,false,-4.16,-7.13,當下除權息調整價未守20日EMA
172,2466,冠西電,TWSE,光電業,等待確認,保護持有,今天不新增部位；未完成確認前不機械式賣出,今天收盤後；若跌破，再看下一交易日是否收復,已有部位暫停加碼；若收盤跌破60日EMA約 81.84，且下一交易日仍未收復，先減碼三分之一；若ETF或外資繼續轉弱，再分批降低部位。,45.1,32.2,18.9,85,71,可用,94,94.75,-9.82,-11.03,-32.41,54.79,111.42,0.03,127.03,8.01,,1,-3,-3,-13,2,417,0,316.309,-326.22400000000005,-386.16300000000007,-1024.544,-3,-13,2,417,0,2,-1222000,-3,-11,12.4,321,-310,-1016,,321.309,-310.2239999999998,-377.16299999999984,-1417.3719999999998,51.07,44.75,42.21,49.84,false,false,-1.03,-2.39,累計營收負成長且當月改善不足；ETF 1/3日已轉為減碼；外資持股5/10日下降，且外資5日賣超；20日趨勢尚未上彎；當下除權息調整價未守20日EMA；估值高且成長不足以支撐；單季稅前獲利對營業外貢獻依賴偏高
173,3363,上詮,TPEX,通信網路業,等待確認,正常持有,今天不下單,每個交易日收盤後，檢查趨勢與法人籌碼,已有部位可續抱觀察，但暫不追價；若收盤跌破60日EMA約 626.76 且法人籌碼轉弱，先減碼三分之一。,50.7,30.1,5.1,85,85,可用,630,626.5,12.09,-14.3,,,,,,12.49,0,2,0,0,0,-249,-220,0,195.93,195.93,195.93,195.93,0,0,0,0,0,0,0,24.677,24.677,20.63,,,,,171.253,171.253,171.253,171.253,55.41,82.58,74.23,99.28,false,false,8.75,5,外資持股趨勢資料不足或期間有非市場異動
174,2451,創見,TWSE,半導體業,暫不承接,降低部位,停止加碼；反彈未站回恢復區時分批減碼,每個交易日收盤後，確認是否站回恢復區,已有部位先停止加碼。反彈若仍未站回 277.65，分批降低部位；只有站回且ETF／外資賣壓收斂後才重新評估。,67.2,82.3,87.9,85,100,可用,294.5,296,307.66,402.68,73.7,28.68,309.01,46.63,5.12,3.3,4,18,0,-39,-44,-43,-2226,0,3230.776,7726.064,6972.383000000001,-748.3249999999991,0,-43.342,-33.518,-2154.518,0,4,-12764219,-5.781000000000006,-96.294,11.46,3204,7750,2248,,3182.071,7775.187,7102.195,1370.9659999999985,58.42,79.06,81.44,74.3,false,true,6.07,4.25,ETF短中期同步減碼；投信5/10日持續且具金額意義的賣超；KD高檔死亡交叉，等待動能確認
175,3260,威剛,TPEX,半導體業,暫不承接,保護持有,今天不新增部位；未完成確認前不機械式賣出,今天收盤後；若跌破，再看下一交易日是否收復,已有部位暫停加碼；若收盤跌破60日EMA約 400.07，且下一交易日仍未收復，先減碼三分之一；若ETF或外資繼續轉弱，再分批降低部位。,67,81,71.3,85,100,可用,409.5,413.25,331.29,206.73,38.98,62.91,181.44,62.46,5.29,3.37,4.15,14,1,-9,-27,-4,340,-1,3850.872,3850.872,3850.872,3850.872,0,0,0,0,0,0,0,72.075,72.075,20.87,,,,,3778.797,3778.797,3778.797,3778.797,53.52,59.95,67.46,44.93,false,true,2.43,3.41,ETF短中期同步減碼；20日累積後5日轉為調節；主動ETF 5日轉為減碼；外資持股趨勢資料不足或期間有非市場異動
176,2637,慧洋-KY,TWSE,航運業,暫不承接,保護持有,今天不新增部位；未完成確認前不機械式賣出,今天收盤後；若跌破，再看下一交易日是否收復,已有部位暫停加碼；若收盤跌破60日EMA約 79.77，且下一交易日仍未收復，先減碼三分之一；若ETF或外資繼續轉弱，再分批降低部位。,69.2,79.7,70.1,85,90.7,可用,88,86.3,56.22,35.67,27.6,40.19,109.87,1.6,12.38,1.3,3.98,7,0,-8,-22,-775,-5,0,542.877,3244.585,6456.12,9909.598,-2,196.833,1099.833,3995.486,1,4,17321304,0.2799999999999976,-6.218,25.31,551,3053,3745,,546.356,3047.472,5362.505,6127.679,64.58,87.53,79.97,102.66,false,false,5.15,3.04,ETF短中期同步減碼
177,2606,裕民,TWSE,航運業,暫不承接,保護持有,今天不新增部位；未完成確認前不機械式賣出,今天收盤後；若跌破，再看下一交易日是否收復,已有部位暫停加碼；若收盤跌破60日EMA約 63.81，且下一交易日仍未收復，先減碼三分之一；若ETF或外資繼續轉弱，再分批降低部位。,69.8,78.2,71.5,85,100,可用,67.4,65.75,26.34,26.31,28.58,55.87,161.86,3.51,9.94,1.41,4.15,8,0,-9,-10,-515,-4569,0,1130.13,7001.110000000001,14497.178000000002,22604.275999999998,0,-36.427,-884.427,-4931.427,0,3,-2455180,53.202000000000005,186.037,20.89,1223,6804,18425,,1266.057,6984.334999999999,15195.567999999997,27558.161999999997,63.03,84.58,78.62,96.49,false,false,4.78,4.5,ETF短中期同步減碼
178,2615,萬海,TWSE,航運業,暫不承接,保護持有,今天不新增部位；未完成確認前不機械式賣出,今天收盤後；若跌破，再看下一交易日是否收復,已有部位暫停加碼；若收盤跌破60日EMA約 82.25，且下一交易日仍未收復，先減碼三分之一；若ETF或外資繼續轉弱，再分批降低部位。,70.7,77,77.5,85,90.2,可用,87.1,87.05,50.13,12.83,17.32,31.69,396.45,2.73,8.04,0.85,3.44,11,-2,-17,-22,-19,-227,0,-535.666,15274.974000000002,21758.063000000006,58579.426000000014,-2.1,-29.241000000000003,10.10499999999999,-177.272,0,4,-2546891,1070.0079999999998,1040.3149999999996,45.29,-416,15326,35542,,-463.625,14234.206999999999,20707.643,58053.53200000001,60.44,65.55,63.53,69.59,true,false,2.84,1.99,ETF短中期同步減碼；ETF 1/3日已轉為減碼
179,4967,十銓,TWSE,半導體業,暫不承接,保護持有,今天不新增部位；未完成確認前不機械式賣出,今天收盤後；若跌破，再看下一交易日是否收復,已有部位暫停加碼；若收盤跌破60日EMA約 250.44，且下一交易日仍未收復，先減碼三分之一；若ETF或外資繼續轉弱，再分批降低部位。,57.9,74.8,72.1,85,100,完整,279.5,281.75,98.75,71.29,35.94,50.67,191.64,53.44,4.15,2.13,3.58,2,0,-30,-30,-59,-33,0,754.061,3375.8370000000004,6191.64,6264.358,0,-30,-57.29,-31.29,0,2,-8385000,33.54400000000001,327.307,10.82,870,1308,3434,,746.028,3372.293,5921.623000000001,6065.538000000001,66.13,87.49,87.16,88.15,false,false,10.83,5.27,ETF短中期同步減碼
180,6005,群益證,TWSE,金融保險業,暫不承接,保護持有,今天不新增部位；未完成確認前不機械式賣出,今天收盤後；若跌破，再看下一交易日是否收復,已有部位暫停加碼；若收盤跌破60日EMA約 30.81，且下一交易日仍未收復，先減碼三分之一；若ETF或外資繼續轉弱，再分批降低部位。,68.6,74,72.6,85,91,可用,30.6,31.17,25.09,110.96,,86.55,110.74,1.34,8.55,1.38,5.59,8,0,1410,1399,4788,-20007,445,-4345.484,-27339.923,-28731.479,-45741.91799999999,0,-20.843,3407.558,-21362.413,0,3,-637796,0,0,17.61,-2153,-25588,-36891,,-4345.484,-27319.079999999998,-32139.036999999997,-24379.50499999999,48.85,51.24,53.84,46.04,false,false,0.22,-0.69,中期趨勢仍向下；外資持股5/10日下降，且外資5日賣超；20日趨勢尚未上彎；ETF加碼金額或跨基金共識不足
181,2027,大成鋼,TWSE,鋼鐵工業,暫不承接,保護持有,今天不新增部位；未完成確認前不機械式賣出,今天收盤後；若跌破，再看下一交易日是否收復,已有部位暫停加碼；若收盤跌破60日EMA約 42.26，且下一交易日仍未收復，先減碼三分之一；若ETF或外資繼續轉弱，再分批降低部位。,68.3,72.9,69.1,85,91,可用,46.85,50.45,46.12,32.56,18.07,41.61,366.04,1.17,13.7,1.39,3.2,9,-101,91,-81,-1499,7286,443,2558.957,24033.998999999996,28444.400999999998,76143.39199999999,0,5171.586,2096.986000000001,7931.240000000002,2,2,242288804,-2040.669,-2308.7889999999998,23.14,1999,21203,37467,,2536.836,20903.082,28656.204,67501.76500000001,65.35,81.6,79.02,86.76,false,false,5.69,5.64,ETF短中期同步減碼；20日累積後5日轉為調節；短線過熱或乖離過大；官方重大訊息出現高風險關鍵字，須查原文
182,8112,至上,TWSE,電子通路業,暫不承接,保護持有,今天不新增部位；未完成確認前不機械式賣出,今天收盤後；若跌破，再看下一交易日是否收復,已有部位暫停加碼；若收盤跌破60日EMA約 87.46，且下一交易日仍未收復，先減碼三分之一；若ETF或外資繼續轉弱，再分批降低部位。,68.6,72.5,54.7,85,100,完整,96.9,99.85,333.48,180.42,3.16,85.96,127.95,9.45,7.33,2.38,3.92,7,-170,-175,-174,-811,-1444,0,-7586.265,42292.657,57769.59599999999,60082.872999999985,217.253,117.46699999999998,-519.527,-2972.012,1,3,11382552,99.23999999999998,101.95599999999999,22.74,-7563,39352,42102,,-7357.923,42075.95,58187.166999999994,63950.07800000001,62.77,85.99,78.02,101.93,false,false,9.8,12.41,ETF短中期同步減碼；ETF 1/3日已轉為減碼；短線過熱或乖離過大
183,2337,旺宏,TWSE,半導體業,暫不承接,保護持有,今天不新增部位；未完成確認前不機械式賣出,今天收盤後；若跌破，再看下一交易日是否收復,已有部位暫停加碼；若收盤跌破60日EMA約 135.21，且下一交易日仍未收復，先減碼三分之一；若ETF或外資繼續轉弱，再分批降低部位。,66.6,71.6,64.9,85,100,可用,136.5,139.25,180.48,137.83,36.83,35.77,235.89,4.82,32.35,4.36,,11,0,-85,-326,-265,-5095,-181,10911.782,44877.992000000006,6590.680000000004,-46799.618,-8,12960.532,22137.532,11527.532,2,3,1769112618,520.1399999999999,-1413.0980000000002,24,10264,27902,-38621,,11058.528,31397.32,-14133.753999999999,-56906.092,54.46,84.67,73.28,107.47,false,false,8.36,16.17,ETF短中期同步減碼；主動ETF 5日轉為減碼；20日趨勢尚未上彎；高波動且5日漲幅過大
184,9945,潤泰新,TWSE,其他,暫不承接,保護持有,今天不新增部位；未完成確認前不機械式賣出,今天收盤後；若跌破，再看下一交易日是否收復,已有部位暫停加碼；若收盤跌破60日EMA約 26.17，且下一交易日仍未收復，先減碼三分之一；若ETF或外資繼續轉弱，再分批降低部位。,66.4,71.5,71.1,85,91,可用,27.2,26.92,2.01,33.94,17.71,41.18,181.95,0.99,7.64,0.68,4.04,5,0,-12,-12,-21,9,0,124.102,1721.659,6865.385,24411.271000000004,0,-12.024,-21.024,8.975999999999999,0,1,-327053,126.347,-95.55199999999996,7.72,249,2937,16488,,61.146,1607.3359999999998,6981.961,24627.512000000002,59.21,70.86,64.67,83.25,true,false,2.15,3.03,ETF短中期同步減碼；20日累積後5日轉為調節；單季稅前獲利對營業外貢獻依賴偏高
185,6782,視陽,TWSE,生技醫療業,暫不承接,保護持有,今天不新增部位；未完成確認前不機械式賣出,今天收盤後；若跌破，再看下一交易日是否收復,已有部位暫停加碼；若收盤跌破60日EMA約 197.23，且下一交易日仍未收復，先減碼三分之一；若ETF或外資繼續轉弱，再分批降低部位。,59.9,71,66.8,85,100,完整,207.5,207.5,17.2,22.38,29.03,35.02,110.57,8.45,12.58,2.94,4.05,1,-55,-55,-55,-86,-86,-55,50.881,1213.156,1743.326,1077.7950000000003,-55,-55,-86,14,0,1,-11412500,-32.027,-40.417,10.19,102,1218,1107,,108.51,1300.183,1869.743,1113.5,58.89,78.96,79.03,78.82,false,true,4.4,4.27,ETF短中期同步減碼；ETF 1/3日已轉為減碼；主動ETF 5日轉為減碼
186,7769,鴻勁,TWSE,半導體業,暫不承接,保護持有,今天不新增部位；未完成確認前不機械式賣出,今天收盤後；若跌破，再看下一交易日是否收復,"已有部位暫停加碼；若收盤跌破60日EMA約 6,321.52，且下一交易日仍未收復，先減碼三分之一；若ETF或外資繼續轉弱，再分批降低部位。",66.4,71,62.9,85,100,可用,6480,6582.5,100.83,93.16,49.13,33.36,287.37,56.14,66.9,20.53,1,30,-36,-72,-188,-41,143,-183,37.621,-91.07,348.505,234.56699999999998,-32,-284.301,372.993,379.97,0,5,-1842270480,-3.8890000000000002,-1.9049999999999994,19.36,28,127,188,,67.601,197.11999999999998,-22.583000000000037,-175.27100000000002,52.33,70.09,70.83,68.62,false,true,2.75,-0.77,ETF短中期同步減碼；20日累積後5日轉為調節；ETF 1/3日已轉為減碼；主動ETF 5日轉為減碼；投信20日買超後近5日轉賣；20日趨勢尚未上彎
187,2467,志聖,TWSE,電子零組件業,暫不承接,降低部位,停止加碼；反彈未站回恢復區時分批減碼,每個交易日收盤後，確認是否站回恢復區,已有部位先停止加碼。反彈若仍未站回 541.81，分批降低部位；只有站回且ETF／外資賣壓收斂後才重新評估。,63.2,70.8,59.1,85,100,可用,552,562,132.73,87.05,26.06,44,119.58,7.16,55.09,5.5,1,8,0,-1,-1,-89,-199,0,404.456,438.5810000000001,510.1270000000002,904.743,0.008,-44.08,-140.1,-397.282,1,3,-24332160,36.17099999999999,13.696999999999992,20.45,263,394,-104,,378.505,446.49,636.53,1179.589,52.81,79.87,69.29,101.04,false,false,4.51,6.77,ETF短中期同步減碼；投信5/10日持續且具金額意義的賣超；外資持股趨勢資料不足或期間有非市場異動；20日趨勢尚未上彎
188,2618,長榮航,TWSE,航運業,暫不承接,保護持有,今天不新增部位；未完成確認前不機械式賣出,今天收盤後；若跌破，再看下一交易日是否收復,已有部位暫停加碼；若收盤跌破60日EMA約 40.77，且下一交易日仍未收復，先減碼三分之一；若ETF或外資繼續轉弱，再分批降低部位。,68.9,70.7,61.8,85,91,可用,42.15,41.13,21.42,17.08,18.64,63.19,112.11,1.53,8,1.68,4.74,29,188,-296,-658,-4265,-27381,88,-408.722,19155.761,133407.06,262960.663,420.776,693.261,-4418.271,-36778.108,3,2,29220951,-1576.766,-1713.5479999999993,31.95,-1348,25846,233695,,-808.567,20039.266,139538.87900000002,296647.81999999995,49.75,45.27,59.97,15.86,false,true,-0.71,-3.77,ETF短中期同步減碼；當下除權息調整價未守20日EMA
189,4763,材料*-KY,TWSE,化學工業,暫不承接,保護持有,今天不新增部位；未完成確認前不機械式賣出,今天收盤後；若跌破，再看下一交易日是否收復,已有部位暫停加碼；若收盤跌破60日EMA約 47.31，且下一交易日仍未收復，先減碼三分之一；若ETF或外資繼續轉弱，再分批降低部位。,67.9,70.7,78.9,85,91,可用,52.6,52.1,32.05,-24.98,49.58,6.15,1311.55,1.13,10.17,2.41,5.8,7,-111,-112,-13,-79,1265,-12,4174.034,15549.928,15657.633999999998,19042.148,-111,-25.135000000000005,-78.305,1576.5529999999999,2,2,-1322101,247.79200000000003,195.67600000000002,48.15,4361,15862,13976,,4405.385,15327.271,15540.262999999999,17163.094999999998,64.88,69.96,63.56,82.76,false,false,6.7,8.57,ETF短中期同步減碼；20日累積後5日轉為調節；ETF 1/3日已轉為減碼；主動ETF 5日轉為減碼
190,2495,普安,TWSE,電腦及週邊設備業,暫不承接,保護持有,今天不新增部位；未完成確認前不機械式賣出,今天收盤後；若跌破，再看下一交易日是否收復,已有部位暫停加碼；若收盤跌破60日EMA約 42.03，且下一交易日仍未收復，先減碼三分之一；若ETF或外資繼續轉弱，再分批降低部位。,60.2,69.7,70,85,100,完整,39.95,40.4,64.24,46.43,14.2,42.69,215.77,0.61,19.68,2.41,2,2,0,0,15,22,30,0,622.059,650.383,575.3610000000001,870.4839999999998,0,15,22,30,1,0,599250,2.6000000000000005,78.11,7.84,626,806,3681,,636.881,632.7830000000001,475.2510000000001,1045.3890000000006,49.52,84.26,73,106.79,false,false,2.1,4.31,中期趨勢仍向下；20日趨勢尚未上彎；ETF加碼金額或跨基金共識不足
191,1608,華榮,TWSE,電器電纜,暫不承接,保護持有,今天不新增部位；未完成確認前不機械式賣出,今天收盤後；若跌破，再看下一交易日是否收復,已有部位暫停加碼；若收盤跌破60日EMA約 33.19，且下一交易日仍未收復，先減碼三分之一；若ETF或外資繼續轉弱，再分批降低部位。,64.2,69.5,68,85,100,完整,37.95,37.5,42.67,19.38,10.42,37.4,158.43,7.04,3.29,1.42,5.27,3,0,-1,-3,-8,-9,0,9288.993,17888.185999999998,21029.079999999998,14668.351,0,-3,5.1179999999999986,16.632999999999996,0,2,-113850,320.75899999999996,1.4789999999999375,5.18,9000,15883,20063,,9108.219,17570.427,21022.482999999997,15051.277999999997,69.29,88.42,80.71,103.84,false,false,14.1,13.62,ETF短中期同步減碼；短線過熱或乖離過大；單季稅前獲利對營業外貢獻依賴偏高
192,8422,可寧衛*,TWSE,綠能環保,暫不承接,降低部位,停止加碼；反彈未站回恢復區時分批減碼,每個交易日收盤後，確認是否站回恢復區,已有部位先停止加碼。反彈若仍未站回 27.11，分批降低部位；只有站回且ETF／外資賣壓收斂後才重新評估。,61.4,69.2,63.4,85,91,可用,26.9,26.98,59.87,28.17,34.38,48.24,158.92,0.21,24.91,2.83,4.46,4,1,-4,-29,-28,56,0,1918.455,8143.519999999999,11409.138999999997,13829.161999999997,1,-28.604,-8.604,-744.604,1,2,-769448,393.003,611.1179999999999,5.21,159,3284,10928,,1886.121,7779.121000000001,10806.625000000002,14226.672000000002,54.14,85.66,77.06,102.86,false,false,2.28,3.46,中期趨勢仍向下；ETF短中期同步減碼；20日累積後5日轉為調節；20日趨勢尚未上彎
193,6670,復盛應用,TWSE,運動休閒,暫不承接,降低部位,停止加碼；反彈未站回恢復區時分批減碼,每個交易日收盤後，確認是否站回恢復區,已有部位先停止加碼。反彈若仍未站回 264.46，分批降低部位；只有站回且ETF／外資賣壓收斂後才重新評估。,61.2,68.9,69.3,85,91,可用,264,266.75,25.09,11.6,14.94,33.72,249.05,6.96,12.81,2.18,6.06,6,0,-1,-124,-201,-589,-120,-76.784,154.926,-134.823,793.6949999999999,0,-123.72800000000001,-199.728,-561.373,1,3,-32664192,-11.213999999999999,-17.685,24.4,-58,274,939,,-61.582,289.86800000000005,82.59000000000002,1637.4199999999998,50.39,66.2,59.41,79.8,false,false,0.14,2.13,ETF短中期同步減碼；主動ETF 5日轉為減碼；投信5/10日持續且具金額意義的賣超；官方重大訊息出現高風險關鍵字，須查原文
194,1590,亞德客-KY,TWSE,電機機械,暫不承接,降低部位,停止加碼；反彈未站回恢復區時分批減碼,每個交易日收盤後，確認是否站回恢復區,"已有部位先停止加碼。反彈若仍未站回 1,455.50，分批降低部位；只有站回且ETF／外資賣壓收斂後才重新評估。",63.8,68.5,71.1,85,91,可用,1595,1582.5,50.78,32.87,33.2,17.79,280.31,13.35,34.92,6.27,1.83,18,0,-527,-527,-508,-167,-528,-6.884,-483.6209999999999,-372.212,-242.93800000000007,0,-705.312,-411.966,-346.6700000000001,1,3,-1124972640,-8.86,-44.717,80.8,-15,251,28,,-16.367,230.551,84.47099999999998,105.24799999999998,67.05,89.68,83.71,101.63,false,false,9.58,5.63,ETF短中期同步減碼；主動ETF 5日轉為減碼；投信5/10日持續且具金額意義的賣超
195,2374,佳能,TWSE,光電業,暫不承接,保護持有,今天不新增部位；未完成確認前不機械式賣出,今天收盤後；若跌破，再看下一交易日是否收復,已有部位暫停加碼；若收盤跌破60日EMA約 72.10，且下一交易日仍未收復，先減碼三分之一；若ETF或外資繼續轉弱，再分批降低部位。,61.3,68.4,63.5,85,100,完整,71.5,72.25,64.11,53.36,9.83,37.89,158.61,1.55,22.07,2.71,2.8,1,0,0,0,0,0,0,243.007,320.635,2943.877,2039.7780000000002,0,0,6,10,0,0,0,90.852,173.924,5.07,36,-227,947,,257.806,229.78299999999984,2763.953,2572.3430000000003,54.03,86.23,80.62,97.44,false,false,3.14,3.17,中期趨勢仍向下；20日趨勢尚未上彎
196,4766,南寶,TWSE,化學工業,暫不承接,保護持有,今天不新增部位；未完成確認前不機械式賣出,今天收盤後；若跌破，再看下一交易日是否收復,已有部位暫停加碼；若收盤跌破60日EMA約 340.50，且下一交易日仍未收復，先減碼三分之一；若ETF或外資繼續轉弱，再分批降低部位。,63.6,67.9,59.5,85,91,可用,343.5,343.5,20.76,11.03,17.63,50.01,191.82,6.55,16.55,3.17,5.24,5,0,-2,-15,-40,-4,0,20.046,308.779,404.08799999999997,123.626,0,-14.433,-38.433,-0.43299999999999983,0,2,-4957735,12.101,72.14500000000001,15.59,-8,305,180,,18.046,311.111,370.376,67.058,58.94,87.04,72.98,115.16,false,false,3.9,7.51,ETF短中期同步減碼；20日趨勢尚未上彎
197,6279,胡連,TPEX,電子零組件業,暫不承接,保護持有,今天不新增部位；未完成確認前不機械式賣出,今天收盤後；若跌破，再看下一交易日是否收復,已有部位暫停加碼；若收盤跌破60日EMA約 118.75，且下一交易日仍未收復，先減碼三分之一；若ETF或外資繼續轉弱，再分批降低部位。,58.5,67.5,67.5,85,100,可用,130.5,129.25,38.2,12.36,11.54,42.65,146.91,4.4,11.45,1.71,4.21,1,0,-1,-2,-8,-13,0,330.218,330.218,330.218,330.218,0,0,0,0,0,0,0,19.773,19.773,9.21,,,,,310.445,310.445,310.445,310.445,71.87,93.21,85.11,109.39,false,false,7.58,9.66,ETF短中期同步減碼；外資持股趨勢資料不足或期間有非市場異動
198,4772,台特化,TPEX,化學工業,暫不承接,保護持有,今天不新增部位；未完成確認前不機械式賣出,今天收盤後；若跌破，再看下一交易日是否收復,已有部位暫停加碼；若收盤跌破60日EMA約 263.00，且下一交易日仍未收復，先減碼三分之一；若ETF或外資繼續轉弱，再分批降低部位。,57.6,67.4,60.8,85,100,可用,254,257.75,269.27,263.78,40.7,45.88,267.26,2.83,45.85,10.14,1.18,1,0,0,-2,1,1,0,76.014,76.014,76.014,76.014,0,0,0,0,0,0,0,16.114,16.114,7.31,,,,,59.9,59.9,59.9,59.9,53.55,79.02,70.43,96.21,false,false,4.31,7.17,中期趨勢仍向下；20日累積後5日轉為調節；外資持股趨勢資料不足或期間有非市場異動；20日趨勢尚未上彎
199,8462,柏文,TWSE,運動休閒,暫不承接,保護持有,今天不新增部位；未完成確認前不機械式賣出,今天收盤後；若跌破，再看下一交易日是否收復,已有部位暫停加碼；若收盤跌破60日EMA約 154.90，且下一交易日仍未收復，先減碼三分之一；若ETF或外資繼續轉弱，再分批降低部位。,61.8,67.1,46.7,85,100,完整,179,178,18.28,19.93,17.59,81.24,78.24,5.68,17.15,5.98,4.07,1,0,-1,-1,-1,2,0,203.03,213.196,430.63700000000006,721.5550000000001,0,-1,-1,2,0,1,-179000,3,-16.027,5.95,199,209,686,,201.03,211.196,447.664,722.816,70.7,73.69,67.25,86.56,false,false,8.83,7.51,ETF短中期同步減碼；20日累積後5日轉為調節
200,2607,榮運,TWSE,航運業,暫不承接,保護持有,今天不新增部位；未完成確認前不機械式賣出,今天收盤後；若跌破，再看下一交易日是否收復,已有部位暫停加碼；若收盤跌破60日EMA約 48.14，且下一交易日仍未收復，先減碼三分之一；若ETF或外資繼續轉弱，再分批降低部位。,56.6,66.7,73.6,85,91,可用,50.5,50.3,40.6,7.8,11.71,28.48,338.24,1.04,10.68,0.86,5.35,1,0,-10,-10,-10,-10,0,452.054,561.5129999999999,427.26799999999986,1730.9739999999997,0,-9.541,-9.541,-9.541,0,1,-481821,14.286,-26.714,8.36,436,520,1500,,451.768,556.768,463.52299999999997,1742.496,72.28,83.79,71.85,107.66,false,false,5.65,7.45,ETF短中期同步減碼
201,2404,漢唐,TWSE,其他電子業,暫不承接,保護持有,今天不新增部位；未完成確認前不機械式賣出,今天收盤後；若跌破，再看下一交易日是否收復,"已有部位暫停加碼；若收盤跌破60日EMA約 1,151.58，且下一交易日仍未收復，先減碼三分之一；若ETF或外資繼續轉弱，再分批降低部位。",60.1,66.6,53.2,85,100,完整,1135,1160,63.77,73.9,19.79,81.91,117.19,36.23,21.1,14.9,3.52,20,0,-2,-4,-877,-1734,0,-57.85,31.663999999999987,-1258.9830000000002,-2525.8429999999994,0,-7.485,-1122.563,-2357.563,0,2,-8495475,-90.118,-83.481,37.91,-106,102,70,,-48.374,129.267,-52.93900000000011,513.8419999999999,47.81,73.54,69.59,81.43,false,false,-0.59,1.79,中期趨勢仍向下；ETF短中期同步減碼；20日趨勢尚未上彎
202,2376,技嘉,TWSE,電腦及週邊設備業,暫不承接,降低部位,停止加碼；反彈未站回恢復區時分批減碼,每個交易日收盤後，確認是否站回恢復區,已有部位先停止加碼。反彈若仍未站回 342.89，分批降低部位；只有站回且ETF／外資賣壓收斂後才重新評估。,64.8,66.5,50.6,85,91,可用,375.5,386,59.67,49.96,7.06,72.95,137.4,7.86,17.54,3.9,3.2,31,48,-664,-1082,-588,3722,-935,4783.816,8693.401,20449.724000000002,15733.484000000008,205.765,-1440.355,-1131.785,869.4169999999999,1,4,-540853302,447.077,-2016.9199999999998,23.71,5065,10447,20538,,4224.006,9686.679,23598.429,15606.523999999998,66.59,84.64,73.34,107.25,false,false,9.51,9.8,ETF短中期同步減碼；20日累積後5日轉為調節；主動ETF 5日轉為減碼；投信5/10日持續且具金額意義的賣超；短線過熱或乖離過大；融資增幅與短線漲幅同步偏高
203,5871,中租-KY,TWSE,其他,暫不承接,保護持有,今天不新增部位；未完成確認前不機械式賣出,今天收盤後；若跌破，再看下一交易日是否收復,已有部位暫停加碼；若收盤跌破60日EMA約 113.08，且下一交易日仍未收復，先減碼三分之一；若ETF或外資繼續轉弱，再分批降低部位。,60.3,66.5,62.4,85,91,可用,113.5,113.25,6.82,-0.78,30.94,79.13,112.36,3.26,10.63,1.11,5.29,30,20,52,-476,-1574,20403,-540,-712.882,280.45300000000043,3770.3480000000004,42152.26,24,-526.96,-1624.036,16360.737000000001,3,2,-59809960,-18.682999999999993,-461.2029999999999,45.57,1710,2768,20696,,-721.273,826.0959999999995,5855.5869999999995,25942.372,49.95,49.2,32.86,81.88,true,false,0.19,1.34,累計營收負成長且當月改善不足；ETF短中期同步減碼；20日累積後5日轉為調節；主動ETF 5日轉為減碼；20日趨勢尚未上彎；當下除權息調整價未守20日EMA
204,2382,廣達,TWSE,電腦及週邊設備業,暫不承接,保護持有,今天不新增部位；未完成確認前不機械式賣出,今天收盤後；若跌破，再看下一交易日是否收復,已有部位暫停加碼；若收盤跌破60日EMA約 333.47，且下一交易日仍未收復，先減碼三分之一；若ETF或外資繼續轉弱，再分批降低部位。,65.1,66.4,47.6,85,88,可用,325.5,325,131.32,92.67,2.85,87.45,117.06,5.5,16.37,6.05,4.79,48,985,1173,1010,3031,11340,140,1751.619,-4852.628000000001,-40646.467000000004,-28480.900000000005,1098.476,1356.674,1497.647,4901.790999999999,4,1,441597387,109.17400000000002,-536.2890000000002,23.34,-8816,223571,191920,,636.241,-6318.476000000001,-41607.825,-28920.051000000003,50.49,75.17,57.5,110.5,false,false,2.03,7.07,中期趨勢仍向下；外資持股趨勢資料不足或期間有非市場異動；20日趨勢尚未上彎
205,2308,台達電,TWSE,電子零組件業,暫不承接,保護持有,今天不新增部位；未完成確認前不機械式賣出,今天收盤後；若跌破，再看下一交易日是否收復,"已有部位暫停加碼；若收盤跌破60日EMA約 1,856.54，且下一交易日仍未收復，先減碼三分之一；若ETF或外資繼續轉弱，再分批降低部位。",69.4,66,50.2,85,100,可用,1790,1857.5,47.75,42.08,17.22,53.58,159.95,17.59,56.97,15.83,0.65,55,81,1006,1317,3197,7838,1356,-829.531,-3607.5930000000008,-8967.39,-19783.286999999997,170.791,2320.162,2951.179,5990.663999999999,5,0,4153089980,120.85299999999998,1069.099,62.09,-1416,-6087,-20634,,-1166.554,-6048.608,-12987.668,-28336.386000000002,51,76.81,66.3,97.84,false,false,2.64,8.48,中期趨勢仍向下；外資持股趨勢資料不足或期間有非市場異動；20日趨勢尚未上彎
206,6206,飛捷,TWSE,電腦及週邊設備業,暫不承接,降低部位,停止加碼；反彈未站回恢復區時分批減碼,每個交易日收盤後，確認是否站回恢復區,已有部位先停止加碼。反彈若仍未站回 136.57，分批降低部位；只有站回且ETF／外資賣壓收斂後才重新評估。,54.7,66,77.4,85,100,完整,146,153.75,38.19,26.39,29.65,29.6,275.95,5.93,16.13,3.98,3.77,6,0,-2,-455,-500,-6,-453,-44.338,807.6490000000001,4936.170999999999,6045.675999999999,0,-455.023,-500.311,-5.852999999999952,0,3,-66433358,-43.60700000000001,-42.35300000000002,19.55,-28,1302,6253,,-27.72,1306.279,5478.835,6304.402,58.09,73.92,74.12,73.53,false,true,6.9,-1.35,ETF短中期同步減碼；主動ETF 5日轉為減碼；投信5/10日持續且具金額意義的賣超；短線過熱或乖離過大
207,6739,竹陞科技,TPEX,其他電子業,暫不承接,保護持有,今天不新增部位；未完成確認前不機械式賣出,今天收盤後；若跌破，再看下一交易日是否收復,"已有部位暫停加碼；若收盤跌破60日EMA約 1,110.21，且下一交易日仍未收復，先減碼三分之一；若ETF或外資繼續轉弱，再分批降低部位。",54.7,65.9,66.1,85,100,可用,1030,1052.5,99.49,97.13,58.57,38.6,181.02,13.31,43.63,23.3,1.26,1,0,0,0,30,50,0,8.833,8.833,8.833,8.833,-22,-22,-22,-22,0,1,-22660000,0.743,0.743,3.16,,,,,30.09,30.09,30.09,30.09,48.98,69.48,62.48,83.47,false,false,0.11,-1.44,中期趨勢仍向下；外資持股趨勢資料不足或期間有非市場異動；20日趨勢尚未上彎
208,1708,東鹼,TWSE,化學工業,暫不承接,保護持有,今天不新增部位；未完成確認前不機械式賣出,今天收盤後；若跌破，再看下一交易日是否收復,已有部位暫停加碼；若收盤跌破60日EMA約 49.32，且下一交易日仍未收復，先減碼三分之一；若ETF或外資繼續轉弱，再分批降低部位。,55.3,65.9,63.6,85,85,完整,49.3,49.68,24.66,13.44,16.49,39.42,104.33,1.98,11.94,1.61,3.25,1,-4,-4,-18,4,621,0,107.514,442.89099999999996,-117.47800000000012,-836.9500000000002,-4,-18,4,621,0,2,-887400,-6.2979999999999965,-28.811999999999998,9.76,56,87,-1301,,137.718,467.18899999999996,-92.66600000000005,-1260.64,44.61,56.59,49.88,70,false,false,-2.5,-1.6,中期趨勢仍向下；ETF 1/3日已轉為減碼；20日趨勢尚未上彎；當下除權息調整價未守20日EMA
209,2421,建準,TWSE,電子零組件業,暫不承接,降低部位,停止加碼；反彈未站回恢復區時分批減碼,每個交易日收盤後，確認是否站回恢復區,已有部位先停止加碼。反彈若仍未站回 141.89，分批降低部位；只有站回且ETF／外資賣壓收斂後才重新評估。,60.3,65.8,61.3,85,100,完整,150.5,150.25,31.65,20.34,15.56,50.21,164.23,4.78,16.18,4.09,3.48,7,0,-120,-181,-181,-170,0,477.614,7299.892,10278.674,8178.299,0,-181.087,-175.087,-161.087,0,3,-27253593,86.11500000000001,152.35899999999998,31.41,-100,6489,8367,,535.25,7394.8640000000005,10301.402,8424.140999999998,60.01,82.01,81.25,83.53,false,false,6.82,7.12,ETF短中期同步減碼；投信5/10日持續且具金額意義的賣超
210,2305,全友,TWSE,電腦及週邊設備業,暫不承接,保護持有,今天不新增部位；未完成確認前不機械式賣出,今天收盤後；若跌破，再看下一交易日是否收復,已有部位暫停加碼；若收盤跌破60日EMA約 29.03，且下一交易日仍未收復，先減碼三分之一；若ETF或外資繼續轉弱，再分批降低部位。,51.5,65.7,73.3,85,100,完整,27.8,29.42,197.8,96.82,17.3,24.45,372.4,0.51,33.9,2.31,,1,-9,-9,-9,1,211,0,323.894,-1918.1220000000003,-4211.537,-6457.997,-9,-9,1,211,0,1,-250200,-37.013999999999996,-91.05799999999999,2.87,401,-1370,-7174,,367.27,-1872.1080000000002,-4121.478999999999,-6625.704999999997,43.24,22.58,25.89,15.97,false,false,-7.98,-5.28,中期趨勢仍向下；20日累積後5日轉為調節；ETF 1/3日已轉為減碼；外資持股5/10日下降，且外資5日賣超；20日趨勢尚未上彎；當下除權息調整價未守20日EMA
211,6187,萬潤,TPEX,半導體業,暫不承接,保護持有,今天不新增部位；未完成確認前不機械式賣出,今天收盤後；若跌破，再看下一交易日是否收復,"已有部位暫停加碼；若收盤跌破60日EMA約 1,036.32，且下一交易日仍未收復，先減碼三分之一；若ETF或外資繼續轉弱，再分批降低部位。",59.3,65.2,56.7,85,100,可用,1155,1192.5,73.44,42.72,29.5,35.14,178.04,11.9,59.88,13.2,1.01,13,-509,-510,-589,-974,-1232,-587,1024.8,1024.8,1024.8,1024.8,-247,-247,-247,-247,0,1,-285285000,46.314,46.314,31.43,,,,,1225.486,1225.486,1225.486,1225.486,56.92,72.2,70.13,76.35,false,false,10.11,7.94,ETF短中期同步減碼；ETF 1/3日已轉為減碼；主動ETF 5日轉為減碼；外資持股趨勢資料不足或期間有非市場異動；短線過熱或乖離過大
212,3028,增你強,TWSE,電子通路業,暫不承接,降低部位,停止加碼；反彈未站回恢復區時分批減碼,每個交易日收盤後，確認是否站回恢復區,已有部位先停止加碼。反彈若仍未站回 70.36，分批降低部位；只有站回且ETF／外資賣壓收斂後才重新評估。,52.2,65.1,55.6,85,93,可用,69.7,70.25,117.59,96.81,4.64,81.04,119.22,5.24,9.71,2.28,4.3,2,0,-2,-1,-7,-4,0,-368.859,-1604.5910000000001,-455.73600000000016,-5590.559000000001,-3,-3.4,-4.213999999999999,-1.1280000000000001,1,2,-236980,-105.23399999999998,-108.72099999999999,10.88,-424,-1922,-2135,,-360.717,-1495.9569999999999,-342.8009999999998,-5163.727,51.06,76.24,70.89,86.96,false,false,2.12,-2.79,中期趨勢仍向下；ETF短中期同步減碼；外資持股5/10日下降，且外資5日賣超；20日趨勢尚未上彎
213,3005,神基,TWSE,電腦及週邊設備業,暫不承接,保護持有,今天不新增部位；未完成確認前不機械式賣出,今天收盤後；若跌破，再看下一交易日是否收復,已有部位暫停加碼；若收盤跌破60日EMA約 109.37，且下一交易日仍未收復，先減碼三分之一；若ETF或外資繼續轉弱，再分批降低部位。,60.5,65.1,63.4,85,91,可用,114.5,115.75,16.14,8.73,13.51,48.07,174.1,1.74,14.05,3.05,5.93,14,-28,-99,-160,-318,-1223,0,378.755,257.817,5091.822,8426.307999999999,0,-18.916,-360.587,-1960.025,0,3,-2165882,-180.346,-118.49599999999995,14.54,422,133,4375,,387.434,457.07900000000006,5570.905,9955.138,56.71,65.78,69.58,58.18,false,true,1.46,-0.43,ETF短中期同步減碼；ETF 1/3日已轉為減碼
214,5522,遠雄,TWSE,建材營造,暫不承接,降低部位,停止加碼；反彈未站回恢復區時分批減碼,每個交易日收盤後，確認是否站回恢復區,已有部位先停止加碼。反彈若仍未站回 67.58，分批降低部位；只有站回且ETF／外資賣壓收斂後才重新評估。,48.4,65.1,78.1,85,91,可用,63,62.3,189.24,453.3,26.72,56.07,173.09,1.76,6.66,1.03,8.73,5,0,-2,-7,-13,-215,0,-1702,145.8380000000002,-488.0189999999998,1902.178,0,4.625,4.22,-56.72999999999999,1,1,291375,-26,-128,4.83,-1405,800,578,,-1702,167.2130000000002,-364.2389999999998,2039.239,36.28,26.62,24.75,30.36,true,false,-3.56,-2.17,中期趨勢仍向下；ETF短中期同步減碼；20日趨勢尚未上彎；當下除權息調整價未守20日EMA
215,2031,新光鋼,TWSE,鋼鐵工業,暫不承接,保護持有,今天不新增部位；未完成確認前不機械式賣出,今天收盤後；若跌破，再看下一交易日是否收復,已有部位暫停加碼；若收盤跌破60日EMA約 40.22，且下一交易日仍未收復，先減碼三分之一；若ETF或外資繼續轉弱，再分批降低部位。,58.7,64.8,57.9,85,100,完整,45.35,45.98,37.57,2.27,9.27,59.27,154.73,5.23,7.02,1.22,5.51,2,0,-1,-2,-21,-32,0,-59.02,6141.008,5385.414000000001,6860.438000000002,0,-2,-21,68.807,0,2,-90700,139.368,99.84,10.07,-332,5771,5776,,-99.967,6003.639999999999,5306.574,6719.418000000001,68.87,79.84,70.94,97.66,false,false,9.37,16.88,ETF短中期同步減碼；單季稅前獲利對營業外貢獻依賴偏高
216,2368,金像電,TWSE,電子零組件業,暫不承接,降低部位,停止加碼；反彈未站回恢復區時分批減碼,每個交易日收盤後，確認是否站回恢復區,"已有部位先停止加碼。反彈若仍未站回 1,063.71，分批降低部位；只有站回且ETF／外資賣壓收斂後才重新評估。",57.5,64.5,55.1,85,91,可用,1000,1017.5,77.38,70.29,26.85,58.63,170.81,6.87,45.15,14.66,0.98,35,202,-683,-1317,-3920,-6338,-1321,-936.26,-4130.768,-9388.637999999999,-9164.342,2385.982,1287.5339999999997,-1242.5780000000004,-9615.803000000002,3,2,1287534000,203.93200000000002,-164.473,28.11,-3148,-5614,-2743,,-3313.25,-5622.234,-7981.587,468.753999999999,52.15,77.22,69.58,92.48,false,false,5.17,6.38,中期趨勢仍向下；ETF短中期同步減碼；主動ETF 5日轉為減碼；外資持股5/10日下降，且外資5日賣超；20日趨勢尚未上彎
217,6442,光聖,TWSE,通信網路業,暫不承接,保護持有,今天不新增部位；未完成確認前不機械式賣出,今天收盤後；若跌破，再看下一交易日是否收復,"已有部位暫停加碼；若收盤跌破60日EMA約 1,570.55，且下一交易日仍未收復，先減碼三分之一；若ETF或外資繼續轉弱，再分批降低部位。",63.3,64.3,56,85,91,可用,1595,1602.5,49.25,30.48,26.4,53.24,215.86,7.82,60.17,17.62,0.71,10,0,0,-109,-107,-116,-107,176.125,140.70000000000005,-499.29200000000003,-2062.8940000000002,145,69.04599999999999,49.895999999999994,157.01899999999995,3,2,110128370,23.563000000000002,-37.278999999999996,33.16,25,224,-1259,,13.925,48.09100000000002,-511.90900000000005,-2183.648,58.96,85.87,73.57,110.48,false,false,14.92,16.42,ETF短中期同步減碼；主動ETF 5日轉為減碼；短線過熱或乖離過大；高波動且5日漲幅過大；官方重大訊息出現高風險關鍵字，須查原文
218,9958,世紀鋼,TWSE,鋼鐵工業,暫不承接,降低部位,停止加碼；反彈未站回恢復區時分批減碼,每個交易日收盤後，確認是否站回恢復區,已有部位先停止加碼。反彈若仍未站回 111.79，分批降低部位；只有站回且ETF／外資賣壓收斂後才重新評估。,50.9,64.2,56.5,85,100,完整,107,104.75,91.16,36.22,21.68,56.42,122.11,4.08,15.2,2.24,4.21,3,0,-3,-3,-236,42,0,-1594.465,568.3489999999999,1594.2060000000001,1831.924,0,-3.436,-230.436,50.56399999999999,0,1,-367652,-63.093999999999994,-119.68999999999998,10.29,-1600,386,2279,,-1472.716,634.8790000000002,1944.332,2033.0619999999997,44.09,59.04,61.1,54.93,false,true,-3.11,0,中期趨勢仍向下；ETF短中期同步減碼；20日累積後5日轉為調節；20日趨勢尚未上彎；當下除權息調整價未守20日EMA
219,3406,玉晶光,TWSE,光電業,暫不承接,保護持有,今天不新增部位；未完成確認前不機械式賣出,今天收盤後；若跌破，再看下一交易日是否收復,已有部位暫停加碼；若收盤跌破60日EMA約 564.44，且下一交易日仍未收復，先減碼三分之一；若ETF或外資繼續轉弱，再分批降低部位。,62.4,64.1,67.8,85,100,完整,578,595.5,1.63,14.2,18.27,39.42,238.38,13.99,15.64,2.41,2.94,6,0,-2,-4,-4,-72,0,-84.87,956.962,886.8420000000001,1262.818,-2,330.762,119.762,-249.238,2,3,191180436,-60.25900000000001,154.043,43.41,-159,944,1069,,-119.163,686.4590000000001,613.037,1526.2110000000002,56.48,78.6,68.95,97.89,false,false,7.18,8.44,ETF短中期同步減碼；20日趨勢尚未上彎；官方重大訊息出現高風險關鍵字，須查原文
220,6214,精誠,TWSE,資訊服務業,暫不承接,保護持有,今天不新增部位；未完成確認前不機械式賣出,今天收盤後；若跌破，再看下一交易日是否收復,已有部位暫停加碼；若收盤跌破60日EMA約 138.23，且下一交易日仍未收復，先減碼三分之一；若ETF或外資繼續轉弱，再分批降低部位。,56.6,63.8,58.6,85,100,完整,142.5,156.5,31.82,36.21,4.26,57.26,154,6.15,13.31,2.11,4.21,7,0,-6,-5,-5,-11,0,61.296,-1257.855,553.47,3256.5160000000005,0,-4.234,-4.027000000000001,-10.295000000000002,1,1,-603345,-44.859,-61.191,14.71,47,-1069,1932,,64.073,-1208.762,618.6880000000001,3251.3889999999997,49.16,32.27,46.88,3.04,false,false,-1.11,-6.86,ETF短中期同步減碼
221,1773,勝一,TWSE,化學工業,暫不承接,降低部位,停止加碼；反彈未站回恢復區時分批減碼,每個交易日收盤後，確認是否站回恢復區,已有部位先停止加碼。反彈若仍未站回 166.20，分批降低部位；只有站回且ETF／外資賣壓收斂後才重新評估。,54.4,63.7,58.7,85,100,完整,161,161.5,33.55,20.97,23.46,37.93,104.11,4.38,20.07,4.22,2.48,2,0,-3,-3,-3,4,0,-34.424,-92.803,-554.644,-2774.1809999999996,-170,-518.017,-607.017,-596.017,0,5,-83400737,43.373999999999995,55.09699999999999,7.25,103,472,-1719,,102.052,381.84,-2.724000000000018,-2197.7200000000003,47.94,75.01,63.33,98.37,false,false,0.02,2.55,中期趨勢仍向下；ETF短中期同步減碼；20日累積後5日轉為調節；投信5/10日持續且具金額意義的賣超；20日趨勢尚未上彎
222,5434,崇越,TWSE,電子通路業,暫不承接,降低部位,停止加碼；反彈未站回恢復區時分批減碼,每個交易日收盤後，確認是否站回恢復區,已有部位先停止加碼。反彈若仍未站回 518.92，分批降低部位；只有站回且ETF／外資賣壓收斂後才重新評估。,62.8,63.5,50.1,85,100,可用,532,538.5,42.61,23.54,7.4,53.86,133.72,14.79,19.91,4.7,2.52,24,-8,-10,-61,-258,311,-30,38.214,-425.274,105.41999999999996,1610.243,-7.987,-647.549,-1551.677,-377.7310000000001,1,4,-344496068,114.10000000000001,31.128000000000007,31.04,66,243,1908,,24.34,108.175,1625.969,1946.261,54.5,65.8,52.84,91.72,false,false,2.52,3.91,ETF短中期同步減碼；20日累積後5日轉為調節；ETF 1/3日已轉為減碼；主動ETF 5日轉為減碼；投信5/10日持續且具金額意義的賣超；20日趨勢尚未上彎
223,3034,聯詠,TWSE,半導體業,暫不承接,降低部位,停止加碼；反彈未站回恢復區時分批減碼,每個交易日收盤後，確認是否站回恢復區,已有部位先停止加碼。反彈若仍未站回 521.68，分批降低部位；只有站回且ETF／外資賣壓收斂後才重新評估。,63.8,63.3,59.3,85,100,可用,537,543.5,26.8,1.15,20.26,42.09,222.47,16.59,18.74,4.74,4.28,50,-26,-77,-250,-579,-3520,-17,596.289,1352.1589999999999,6847.468,16410.899,0.965,-126.288,-626.3069999999999,-4587.081999999999,2,3,-67816656,-509.685,-420.26999999999987,42.19,675,1444,14731,,661.233,1988.1319999999998,7894.045,20955.034999999996,57.38,60.15,65.95,48.55,false,false,2.94,-2.36,ETF短中期同步減碼；ETF 1/3日已轉為減碼；主動ETF 5日轉為減碼；投信5/10日持續且具金額意義的賣超
224,6414,樺漢,TWSE,電腦及週邊設備業,暫不承接,降低部位,停止加碼；反彈未站回恢復區時分批減碼,每個交易日收盤後，確認是否站回恢復區,已有部位先停止加碼。反彈若仍未站回 443.23，分批降低部位；只有站回且ETF／外資賣壓收斂後才重新評估。,59.2,63.3,49.1,85,91,可用,455.5,472.75,55.07,27.54,5.37,62.87,127.12,5.15,21.17,2.52,3.03,9,0,-1,-42,-71,-87,0,305.547,140.12700000000007,39.40700000000004,4621.398,0,-41.874,-70.874,-36.873999999999995,0,3,-19073607,-15.101,39.58900000000002,47.7,286,274,2783,,307.375,197.10200000000003,70.69200000000012,5182.026,55.43,62.76,59.12,70.05,false,false,2.77,-2.88,ETF短中期同步減碼；投信5/10日持續且具金額意義的賣超
225,2353,宏碁,TWSE,電腦及週邊設備業,暫不承接,保護持有,今天不新增部位；未完成確認前不機械式賣出,今天收盤後；若跌破，再看下一交易日是否收復,已有部位暫停加碼；若收盤跌破60日EMA約 31.03，且下一交易日仍未收復，先減碼三分之一；若ETF或外資繼續轉弱，再分批降低部位。,67.1,62.7,45.8,85,100,完整,31.75,32.23,21.93,23.14,1.64,67.67,121.95,0.96,18.9,1.24,4.09,16,-283,-388,-384,-1145,-16512,0,11641.252,16790.662,35177.020000000004,44897.564,-153.204,264.906,-1317.069,-20169.634000000002,4,1,8410766,679.029,593.99,13.63,9643,18278,34460,,10521.216,15846.727000000004,35900.099,61371.33800000001,57.46,86.51,73,113.53,false,false,4.34,4.96,ETF短中期同步減碼；ETF 1/3日已轉為減碼；20日趨勢尚未上彎；單季稅前獲利對營業外貢獻依賴偏高
226,6525,捷敏-KY,TWSE,半導體業,暫不承接,保護持有,今天不新增部位；未完成確認前不機械式賣出,今天收盤後；若跌破，再看下一交易日是否收復,已有部位暫停加碼；若收盤跌破60日EMA約 140.25，且下一交易日仍未收復，先減碼三分之一；若ETF或外資繼續轉弱，再分批降低部位。,56.4,62.7,60.8,85,100,完整,143,151,31.99,18.13,21.2,34.8,210.53,3.84,19.89,3.92,3.5,3,-1,-2,-7,-9,164,0,140.753,338.691,-805.9439999999998,3129.0080000000003,-1,-7,-9,163.984,0,4,-1001000,116.554,176.184,16.71,171,141,417,,141.547,229.137,-973.1279999999999,3043.2130000000006,48.87,82.51,69.09,109.35,false,false,-0.01,5.93,ETF短中期同步減碼；20日累積後5日轉為調節；ETF 1/3日已轉為減碼；20日趨勢尚未上彎
227,6640,均華,TPEX,半導體業,暫不承接,保護持有,今天不新增部位；未完成確認前不機械式賣出,今天收盤後；若跌破，再看下一交易日是否收復,"已有部位暫停加碼；若收盤跌破60日EMA約 1,033.57，且下一交易日仍未收復，先減碼三分之一；若ETF或外資繼續轉弱，再分批降低部位。",54.6,62.7,51.3,85,100,可用,1000,1025,266.01,72.66,19.3,43.77,100.76,9.52,59.7,5.58,1.5,1,0,0,0,0,0,0,67.132,67.132,67.132,67.132,0,0,0,0,0,0,0,10.333,10.333,5.88,,,,,56.799,56.799,56.799,56.799,53.94,70.28,67.27,76.3,false,false,6.75,9.89,中期趨勢仍向下；外資持股趨勢資料不足或期間有非市場異動；20日趨勢尚未上彎
228,8070,長華*,TWSE,電子通路業,暫不承接,降低部位,停止加碼；反彈未站回恢復區時分批減碼,每個交易日收盤後，確認是否站回恢復區,已有部位先停止加碼。反彈若仍未站回 49.70，分批降低部位；只有站回且ETF／外資賣壓收斂後才重新評估。,55.8,62.7,66.6,85,100,完整,48.7,49.18,33.63,26.21,12.01,39.01,235.2,1.3,28.82,1.29,5.56,7,0,-3,-3,-23,310,0,338.963,827.776,1974.0049999999999,-1990.98,0,-3.248,-10.916,329.71,1,1,-158178,151.57700000000003,97.80600000000004,11.42,268,464,741,,296.092,679.447,1887.1149999999998,-2223.16,50.19,82.97,75.16,98.6,false,false,1.31,3.07,中期趨勢仍向下；ETF短中期同步減碼；20日累積後5日轉為調節；20日趨勢尚未上彎
229,2316,楠梓電,TWSE,電子零組件業,暫不承接,保護持有,今天不新增部位；未完成確認前不機械式賣出,今天收盤後；若跌破，再看下一交易日是否收復,已有部位暫停加碼；若收盤跌破60日EMA約 164.06，且下一交易日仍未收復，先減碼三分之一；若ETF或外資繼續轉弱，再分批降低部位。,52,62.5,66.7,85,100,完整,161.5,166.25,74.43,37.52,-11.96,31.91,225.44,6.54,11.29,2.03,1.24,2,-3,-3,-12,-54,507,0,-1117.017,-1742.1080000000002,-2581.149,-3132.2209999999995,-3,-11.541,-169.541,391.459,1,2,-1863871,-134.42100000000002,-80.07700000000003,35.49,-701,-807,875,,-1031.733,-1596.1460000000002,-2331.5310000000004,-3292.781,48.06,71.74,69.62,75.98,false,false,-0.59,1.25,中期趨勢仍向下；ETF短中期同步減碼；20日累積後5日轉為調節；ETF 1/3日已轉為減碼；20日趨勢尚未上彎；單季稅前獲利對營業外貢獻依賴偏高
230,3526,凡甲,TPEX,電子零組件業,暫不承接,降低部位,停止加碼；反彈未站回恢復區時分批減碼,每個交易日收盤後，確認是否站回恢復區,已有部位先停止加碼。反彈若仍未站回 312.30，分批降低部位；只有站回且ETF／外資賣壓收斂後才重新評估。,48.6,62.5,74.7,85,95.8,可用,288.5,290.25,41.36,27.12,31.35,45.89,284.73,9.08,16.24,4.66,5.84,4,0,-2,-2,-2,-3,0,0.761,0.761,0.761,0.761,0,0,0,0,0,0,0,-16.339,-16.339,18.35,,,,,17.1,17.1,17.1,17.1,41.46,29.81,39.48,10.47,false,false,-3.51,-6.03,中期趨勢仍向下；ETF短中期同步減碼；外資持股趨勢資料不足或期間有非市場異動；20日趨勢尚未上彎；當下除權息調整價未守20日EMA
231,6613,朋億*,TPEX,其他電子業,暫不承接,保護持有,今天不新增部位；未完成確認前不機械式賣出,今天收盤後；若跌破，再看下一交易日是否收復,已有部位暫停加碼；若收盤跌破60日EMA約 295.73，且下一交易日仍未收復，先減碼三分之一；若ETF或外資繼續轉弱，再分批降低部位。,47.2,62.2,69.1,85,100,可用,266.5,276.5,64.32,49.04,15.82,45.74,202.18,8.51,15.76,3.23,3.75,1,0,0,1,-1,-2,0,29.307,29.307,29.307,29.307,0,0,0,0,0,0,0,1.223,1.223,6.73,,,,,28.084,28.084,28.084,28.084,39.71,23.52,33.33,3.91,false,true,-8.73,-10.87,中期趨勢仍向下；外資持股趨勢資料不足或期間有非市場異動；20日趨勢尚未上彎；當下除權息調整價未守20日EMA
232,5469,瀚宇博,TWSE,電子零組件業,暫不承接,降低部位,停止加碼；反彈未站回恢復區時分批減碼,每個交易日收盤後，確認是否站回恢復區,已有部位先停止加碼。反彈若仍未站回 77.99，分批降低部位；只有站回且ETF／外資賣壓收斂後才重新評估。,55.6,62.2,58.6,85,91,可用,76.7,77.35,24.09,24.44,7.89,53.01,134.88,1.23,13.39,0.99,3.29,4,0,-1,-1,-1,-1,0,406.258,1063.4830000000002,867.964,-2069.129,0,-1.427,9.573,14.573,0,1,-109451,10.578999999999999,-235.39999999999998,9.03,282,725,1426,,428.258,1054.3310000000001,1093.791,-1845.8970000000002,56.56,86.44,74.84,109.64,false,false,5.35,8.95,中期趨勢仍向下；ETF短中期同步減碼；20日趨勢尚未上彎
233,1229,聯華,TWSE,食品工業,暫不承接,保護持有,今天不新增部位；未完成確認前不機械式賣出,今天收盤後；若跌破，再看下一交易日是否收復,已有部位暫停加碼；若收盤跌破60日EMA約 41.03，且下一交易日仍未收復，先減碼三分之一；若ETF或外資繼續轉弱，再分批降低部位。,60.9,61.8,57.8,85,88,可用,41.5,41.3,114.98,-4.95,9.65,20.5,100.83,0.55,15.96,1.33,4.82,6,0,0,-12,-651,235,-11,-12.43,2679.625,1161.8429999999998,1878.7400000000002,0,-12.03,-621.03,281.97,1,3,-499245,81.78399999999999,-221.31800000000004,8.94,35,2995,7628,,-12.138,2609.871,2004.1909999999998,1712.3409999999997,55.14,62.79,45.58,97.21,false,false,1.49,3.49,ETF短中期同步減碼；20日累積後5日轉為調節；主動ETF 5日轉為減碼；外資持股趨勢資料不足或期間有非市場異動；單季稅前獲利對營業外貢獻依賴偏高
234,2327,國巨*,TWSE,電子零組件業,暫不承接,保護持有,今天不新增部位；未完成確認前不機械式賣出,今天收盤後；若跌破，再看下一交易日是否收復,已有部位暫停加碼；若收盤跌破60日EMA約 676.72，且下一交易日仍未收復，先減碼三分之一；若ETF或外資繼續轉弱，再分批降低部位。,58,61.4,50.4,85,87.4,可用,602,639.5,51.51,32.52,25.19,57.9,116.8,3.9,47.4,7.42,1,43,-215,786,-169,150,-1311,115,-10293.726,-27028.809999999998,-38943.725999999995,-58180.76099999999,229.847,149.03400000000033,-2905.917,-15383.894,3,2,89718468,1081.885,-2070.5299999999997,46.87,-9578,-26947,-27903,,-10377.145,-28259.729,-33967.27900000001,-40072.61700000002,44.02,72.61,57.59,102.63,false,false,-4.16,4.15,中期趨勢仍向下；外資持股趨勢資料不足或期間有非市場異動；20日趨勢尚未上彎
235,6191,精成科,TWSE,電子零組件業,暫不承接,保護持有,今天不新增部位；未完成確認前不機械式賣出,今天收盤後；若跌破，再看下一交易日是否收復,已有部位暫停加碼；若收盤跌破60日EMA約 93.25，且下一交易日仍未收復，先減碼三分之一；若ETF或外資繼續轉弱，再分批降低部位。,56,61.3,57.4,85,100,完整,87.1,88.25,18.97,28.12,7.6,49.82,126.43,2.32,15.17,1.18,2.99,5,0,-1,-1,6,1536,0,577.764,1737.6760000000002,1904.7870000000003,-3536.83,0,-1.094,15.905999999999999,1550.906,0,1,-95287,31.423000000000002,-8.008999999999995,3.87,-302,1011,2142,,571.697,1707.347,1896.89,-4532.715999999999,46.3,77.15,62.68,106.08,false,false,-0.4,3.2,中期趨勢仍向下；20日累積後5日轉為調節；20日趨勢尚未上彎
236,3665,貿聯-KY,TWSE,其他電子業,暫不承接,降低部位,停止加碼；反彈未站回恢復區時分批減碼,每個交易日收盤後，確認是否站回恢復區,"已有部位先停止加碼。反彈若仍未站回 2,141.28，分批降低部位；只有站回且ETF／外資賣壓收斂後才重新評估。",57.4,61.3,55.9,85,87.6,可用,2155,2167.5,59.59,37.93,14.9,45.52,223.16,11.66,43.49,9.01,0.7,38,-577,-1323,-1700,-428,1890,-1140,-820.962,-2621.246,-1778.6340000000002,886.413,-1318.43,-2291.504,-481.0559999999997,5677.275000000001,1,4,-4938191120,-11.408999999999999,32.151,52.56,484,-125,-857,,497.443,-318.3330000000001,-1329.7290000000003,-4890.59,51.55,43.64,54.49,21.95,false,false,0.64,-8.49,ETF短中期同步減碼；20日累積後5日轉為調節；ETF 1/3日已轉為減碼；主動ETF 5日轉為減碼；投信5/10日持續且具金額意義的賣超；外資持股趨勢資料不足或期間有非市場異動
237,3090,日電貿,TWSE,電子零組件業,暫不承接,降低部位,停止加碼；反彈未站回恢復區時分批減碼,每個交易日收盤後，確認是否站回恢復區,已有部位先停止加碼。反彈若仍未站回 194.52，分批降低部位；只有站回且ETF／外資賣壓收斂後才重新評估。,49.4,61.1,65.5,85,100,完整,170.5,177.25,66.62,28.75,12.12,30.9,156.34,4.91,22.58,2.64,2.82,6,-3,-4,-103,-173,341,-87,-4298.559,-11740.066,-21789.364999999998,-18878.918,-3,318.872,-4009.128,-10886.128,1,2,54367676,114.053,33.07700000000001,9.01,-3363,-10082,-14167,,-4347.396,-12172.991,-17813.314,-8059.086999999998,45.69,83.15,69.1,111.23,false,false,-0.96,15.99,中期趨勢仍向下；ETF短中期同步減碼；20日累積後5日轉為調節；ETF 1/3日已轉為減碼；主動ETF 5日轉為減碼；外資持股5/10日下降，且外資5日賣超；20日趨勢尚未上彎；高波動且5日漲幅過大；融資增幅與短線漲幅同步偏高；借券賣出與借券賣出餘額壓力升高
238,3708,上緯投控,TWSE,綠能環保,暫不承接,保護持有,今天不新增部位；未完成確認前不機械式賣出,今天收盤後；若跌破，再看下一交易日是否收復,已有部位暫停加碼；若收盤跌破60日EMA約 106.06，且下一交易日仍未收復，先減碼三分之一；若ETF或外資繼續轉弱，再分批降低部位。,63.1,61.1,65.8,85,100,完整,104,103.25,100.18,8.19,-7.81,13.77,187.94,-0.87,2.51,0.43,6.25,2,-1,-1,-1,2,-26,0,341.713,678.9770000000001,826.0730000000001,201.9880000000001,-1,-1,2,-26,0,1,-104000,1.5220000000000038,-15.051999999999996,8.19,281,682,489,,352.714,678.4549999999999,839.1249999999999,472.3689999999999,55.67,82.41,69.79,107.64,false,false,4.93,7,中期趨勢仍向下；ETF 1/3日已轉為減碼；20日趨勢尚未上彎；單季稅前獲利對營業外貢獻依賴偏高
239,2449,京元電子,TWSE,半導體業,暫不承接,保護持有,今天不新增部位；未完成確認前不機械式賣出,今天收盤後；若跌破，再看下一交易日是否收復,已有部位暫停加碼；若收盤跌破60日EMA約 272.08，且下一交易日仍未收復，先減碼三分之一；若ETF或外資繼續轉弱，再分批降低部位。,56.5,60.9,49.6,85,100,可用,259,257.75,36.75,36.18,26.25,51.32,147.28,3.91,33.94,5.05,0.58,35,-160,-94,-144,6367,14853,0,6234.038,-7404.433000000001,-13876.646999999999,-57547.842,-132.646,-310.97,8799.555,8130.080999999998,3,2,-80541230,375.19199999999995,20.567999999999955,29.3,5130,14033,-21184,,5585.403,-7468.655000000001,-22696.77,-65503.91399999999,50.06,78.02,65.5,103.05,false,false,2.08,4.86,中期趨勢仍向下；20日累積後5日轉為調節；ETF 1/3日已轉為減碼；外資持股趨勢資料不足或期間有非市場異動；20日趨勢尚未上彎
240,7751,竑騰,TPEX,半導體業,暫不承接,保護持有,今天不新增部位；未完成確認前不機械式賣出,今天收盤後；若跌破，再看下一交易日是否收復,"已有部位暫停加碼；若收盤跌破60日EMA約 1,388.73，且下一交易日仍未收復，先減碼三分之一；若ETF或外資繼續轉弱，再分批降低部位。",48.8,60.9,54.8,85,100,可用,1315,1307.5,50.97,64.94,33.81,48.73,198.28,13.85,50.97,14.98,1.37,2,-75,-88,-128,-127,-135,-128,29.385,29.385,29.385,29.385,-105,-105,-105,-105,0,1,-138075000,0.291,0.291,7.38,,,,,134.094,134.094,134.094,134.094,50.68,59.26,68.91,39.95,false,true,1.66,-6.41,ETF短中期同步減碼；ETF 1/3日已轉為減碼；主動ETF 5日轉為減碼；外資持股趨勢資料不足或期間有非市場異動
241,6515,穎崴,TWSE,半導體業,暫不承接,降低部位,停止加碼；反彈未站回恢復區時分批減碼,每個交易日收盤後，確認是否站回恢復區,"已有部位先停止加碼。反彈若仍未站回 7,505.37，分批降低部位；只有站回且ETF／外資賣壓收斂後才重新評估。",53.6,60.7,48.8,85,90.9,可用,7170,7207.5,155.57,82.29,26.06,54.61,230.87,19.54,146.93,39.77,0.69,29,-1,-4,-51,-292,-676,-53,18.158,-51.17399999999999,-262.283,-494.93899999999996,-1,-20.926000000000002,-244.432,-1279.92,2,3,-150039420,-10.152000000000001,-3.6830000000000003,22.16,6,-19,160,,20.464,-20.096,-14.168000000000006,777.5409999999999,53.27,82.54,72.61,102.42,false,false,5.93,4.14,中期趨勢仍向下；ETF短中期同步減碼；ETF 1/3日已轉為減碼；投信5/10日持續且具金額意義的賣超；20日趨勢尚未上彎
242,1319,東陽,TWSE,汽車工業,暫不承接,降低部位,停止加碼；反彈未站回恢復區時分批減碼,每個交易日收盤後，確認是否站回恢復區,已有部位先停止加碼。反彈若仍未站回 79.09，分批降低部位；只有站回且ETF／外資賣壓收斂後才重新評估。,59.9,60.6,62.7,85,100,完整,79.2,78.75,22.66,-10.21,15.76,29.8,156.04,2.98,12.86,1.73,6.31,8,-42,-141,-329,-409,-2108,0,1429.201,4725.999000000001,5076.092000000001,5114.347000000002,-42,-329.453,-396.453,-2002.231,0,5,-26092678,-24.4,71.21900000000001,10.14,1490,4822,5732,,1503.201,5079.852,5401.325999999999,7821.309999999999,61.02,90.79,80.04,112.29,false,false,5.01,8.64,ETF短中期同步減碼；ETF 1/3日已轉為減碼；投信5/10日持續且具金額意義的賣超
243,8081,致新,TWSE,半導體業,暫不承接,降低部位,停止加碼；反彈未站回恢復區時分批減碼,每個交易日收盤後，確認是否站回恢復區,已有部位先停止加碼。反彈若仍未站回 268.00，分批降低部位；只有站回且ETF／外資賣壓收斂後才重新評估。,56.7,60.6,66.7,85,100,完整,268,272.75,10.01,0.37,18.9,29.31,258.31,9.13,14.57,2.83,5.97,9,-47,-48,-48,-93,-127,0,52.607,1691.67,1686.903,928.206,-47,-55.534,-145.237,-179.084,0,4,-14883112,23.643999999999995,10.167999999999994,19.37,63,1811,376,,102.157,1723.5600000000002,1821.9720000000004,1238.9260000000004,52.5,77.02,72.07,86.94,false,false,2.59,3.88,中期趨勢仍向下；ETF短中期同步減碼；ETF 1/3日已轉為減碼；投信5/10日持續且具金額意義的賣超；20日趨勢尚未上彎
244,1609,大亞,TWSE,電器電纜,暫不承接,保護持有,今天不新增部位；未完成確認前不機械式賣出,今天收盤後；若跌破，再看下一交易日是否收復,已有部位暫停加碼；若收盤跌破60日EMA約 36.85，且下一交易日仍未收復，先減碼三分之一；若ETF或外資繼續轉弱，再分批降低部位。,60.7,60.5,45.2,85,91,可用,37.7,38.4,11.53,17.91,14.08,68.56,129.15,0.66,15.77,1.69,1.86,2,0,-10,-10,-9,-22,0,2491.459,2537.051,3299.8789999999995,-663.7680000000005,0,-10.458,-1.4580000000000002,-7.458,0,1,-394267,-19.037,40.42699999999999,13.07,2232,2487,2257,,2373.62,2566.546,3260.9100000000003,-201.0019999999999,55.1,71.97,62.45,91.03,false,false,3.27,5.31,ETF短中期同步減碼；20日趨勢尚未上彎
245,1513,中興電,TWSE,電機機械,暫不承接,保護持有,今天不新增部位；未完成確認前不機械式賣出,今天收盤後；若跌破，再看下一交易日是否收復,已有部位暫停加碼；若收盤跌破60日EMA約 163.17，且下一交易日仍未收復，先減碼三分之一；若ETF或外資繼續轉弱，再分批降低部位。,64.1,60.1,48,85,100,完整,165.5,174.5,3.83,3.53,19.35,56.3,105.97,4.5,18.62,3.93,3.63,11,-20,-70,-104,-151,-2921,0,4377.986,4480.69,8348.572,3581.3549999999996,0,-3.677,-177.79700000000003,-3720.993,0,2,-608543,264.7339999999999,287.35999999999996,11.39,3993,4226,4299,,4031.906,4219.633,8239.009,7615.353999999998,55.48,78.94,70.51,95.81,false,false,3.15,2.8,ETF短中期同步減碼；ETF 1/3日已轉為減碼；20日趨勢尚未上彎
246,6239,力成,TWSE,半導體業,暫不承接,保護持有,今天不新增部位；未完成確認前不機械式賣出,今天收盤後；若跌破，再看下一交易日是否收復,已有部位暫停加碼；若收盤跌破60日EMA約 284.31，且下一交易日仍未收復，先減碼三分之一；若ETF或外資繼續轉弱，再分批降低部位。,58,60.1,48.6,85,100,可用,281.5,286.75,29.37,31.93,14.16,44.87,169.04,5.5,27.87,3.64,1.6,24,-16,-50,-292,4113,4363,-178,-2896.055,-8109.914000000001,-21821.53,-30423.375000000004,15.431,1203.63,6814.905000000001,4201.159,4,1,338821845,-98.79200000000003,-695.844,32.97,-2851,-8705,-31703,,-2910.371,-9214.752,-27940.591000000004,-34112.21300000001,50.86,78.42,68.13,98.99,false,false,2.64,9.75,中期趨勢仍向下；20日累積後5日轉為調節；ETF 1/3日已轉為減碼；主動ETF 5日轉為減碼；外資持股5/10日下降，且外資5日賣超；20日趨勢尚未上彎
247,6257,矽格,TWSE,半導體業,暫不承接,降低部位,停止加碼；反彈未站回恢復區時分批減碼,每個交易日收盤後，確認是否站回恢復區,已有部位先停止加碼。反彈若仍未站回 211.17，分批降低部位；只有站回且ETF／外資賣壓收斂後才重新評估。,55.9,60.1,54.7,85,100,完整,211,215.25,26.62,19.31,24.09,43.78,182.58,4.65,24.68,4,2.01,14,0,-2,-203,74,-497,-179,365.76,-3832.6399999999994,-4679.5599999999995,-13672.936999999998,0.015,-310.962,-211.80400000000003,-972.7149999999999,2,3,-65612982,160.469,163.75099999999998,28.95,159,-3212,-7702,,262.77,-3682.147,-4631.5070000000005,-12319.363000000001,50.07,75.29,64.46,96.96,false,false,1.35,4.2,中期趨勢仍向下；主動ETF 5日轉為減碼；投信5/10日持續且具金額意義的賣超；外資持股5/10日下降，且外資5日賣超；20日趨勢尚未上彎
248,2351,順德,TWSE,半導體業,暫不承接,保護持有,今天不新增部位；未完成確認前不機械式賣出,今天收盤後；若跌破，再看下一交易日是否收復,已有部位暫停加碼；若收盤跌破60日EMA約 172.91，且下一交易日仍未收復，先減碼三分之一；若ETF或外資繼續轉弱，再分批降低部位。,63,60,45.8,85,100,完整,172,178.25,54,28.51,10.82,41.64,196.42,2.82,43.99,4.08,0.6,4,0,0,118,856,638,118,196.343,-407.71900000000005,-756.146,4977.561,0,118,419,-920,1,0,20296000,-23.89500000000001,44.86299999999999,20.96,298,-323,4512,,168.02,-501.824,-1220.009,6388.371999999999,50.58,75.61,71.12,84.6,false,false,2.23,1.78,中期趨勢仍向下；20日趨勢尚未上彎
249,1612,宏泰,TWSE,電器電纜,暫不承接,保護持有,今天不新增部位；未完成確認前不機械式賣出,今天收盤後；若跌破，再看下一交易日是否收復,已有部位暫停加碼；若收盤跌破60日EMA約 33.76，且下一交易日仍未收復，先減碼三分之一；若ETF或外資繼續轉弱，再分批降低部位。,56.3,59.8,71.5,85,100,完整,34.65,34.97,7.44,-0.07,12.77,17.8,334.32,2.62,8.88,1.17,7.22,2,0,-4,-6,-22,66,0,165.363,1420.949,915.2360000000002,-2242.598,0,-6,-22,251.553,0,2,-207900,22.461999999999996,-5.689,15.44,179,1775,428,,175.326,1404.4869999999999,942.9249999999998,-2453.129,66.19,85.42,73.36,109.55,false,false,7.77,12.68,累計營收負成長且當月改善不足；ETF短中期同步減碼；20日累積後5日轉為調節
250,8150,南茂,TWSE,半導體業,暫不承接,降低部位,停止加碼；反彈未站回恢復區時分批減碼,每個交易日收盤後，確認是否站回恢復區,已有部位先停止加碼。反彈若仍未站回 91.90，分批降低部位；只有站回且ETF／外資賣壓收斂後才重新評估。,56.4,59.8,50.8,85,100,完整,92.2,94.25,43.6,29.53,10.25,47.09,238.63,2,28.72,2.6,1.33,6,0,-6,-6,-42,-575,0,-26423.754,-27052.878,-37413.54,-68004.987,0,-5.712,-6233.559,-17189.559,0,1,-526646,-311.9069999999997,-587.6449999999996,35.16,-21819,-23544,-30251,,-24202.639,-26735.259,-30592.336000000003,-46438.528000000006,49.96,78.76,67.71,100.86,false,false,1.38,6.59,ETF短中期同步減碼；外資持股5/10日下降，且外資5日賣超；20日趨勢尚未上彎；借券賣出與借券賣出餘額壓力升高
251,3042,晶技,TWSE,電子零組件業,暫不承接,降低部位,停止加碼；反彈未站回恢復區時分批減碼,每個交易日收盤後，確認是否站回恢復區,已有部位先停止加碼。反彈若仍未站回 175.33，分批降低部位；只有站回且ETF／外資賣壓收斂後才重新評估。,58.3,59.7,60.9,85,91,可用,181.5,186.75,22.91,9.94,15.08,32.91,231.24,1.32,34.64,4.08,2.64,8,0,-2,-2,-272,-917,0,2610.709,224.05899999999974,7408.697,9152.168999999998,0,-131.19299999999998,-241.29299999999998,-4034.2929999999997,0,3,-23811529,390.57900000000006,1379.7849999999999,21.99,2079,432,13241,,1896.275,-35.326999999999884,6270.205,12454.011999999999,53.65,82.49,73.5,100.47,false,false,5.4,2.54,ETF短中期同步減碼；投信5/10日持續且具金額意義的賣超；20日趨勢尚未上彎
252,5243,乙盛-KY,TWSE,光電業,暫不承接,降低部位,停止加碼；反彈未站回恢復區時分批減碼,每個交易日收盤後，確認是否站回恢復區,已有部位先停止加碼。反彈若仍未站回 95.14，分批降低部位；只有站回且ETF／外資賣壓收斂後才重新評估。,50.7,59.6,62.8,85,91,可用,91.4,91.35,48.1,4.89,11,37.79,176.08,1.47,18.77,1.78,2.41,1,0,-1,-1,-1,4,0,541.505,-142.10700000000003,-16.323999999999998,1561.8419999999999,0,-1,-601,-496,0,1,-91400,396.674,667.257,53.98,-40,-957,1317,,384,-537.781,-82.5809999999999,1862.2250000000001,52.59,88.6,76.34,113.12,false,false,4.09,6.4,中期趨勢仍向下；ETF短中期同步減碼；20日累積後5日轉為調節；20日趨勢尚未上彎
253,1795,美時,TWSE,生技醫療業,暫不承接,降低部位,停止加碼；反彈未站回恢復區時分批減碼,每個交易日收盤後，確認是否站回恢復區,已有部位先停止加碼。反彈若仍未站回 196.44，分批降低部位；只有站回且ETF／外資賣壓收斂後才重新評估。,50.5,59.5,54.4,85,91,可用,188.5,187.75,3.94,67.97,22.66,77.65,159.47,2.18,12.86,2.06,1.43,2,0,-2,-2,-155,-152,0,-101.8,1014.618,2358.361,1822.4390000000005,0,-2.119,-149.119,-143.119,0,1,-399431,43.214,-14.614000000000011,52.32,-504,-68,394,,-88.776,973.523,2522.0940000000005,2220.1350000000007,49.2,77.57,72.24,88.22,false,false,0.16,-0.79,中期趨勢仍向下；ETF短中期同步減碼；20日趨勢尚未上彎；當下除權息調整價未守20日EMA
254,1504,東元,TWSE,電機機械,暫不承接,保護持有,今天不新增部位；未完成確認前不機械式賣出,今天收盤後；若跌破，再看下一交易日是否收復,已有部位暫停加碼；若收盤跌破60日EMA約 68.21，且下一交易日仍未收復，先減碼三分之一；若ETF或外資繼續轉弱，再分批降低部位。,63.6,59.4,55.1,85,100,完整,67.3,70.2,13.81,7.05,9.49,33.82,217.56,1.63,24.38,1.64,2.97,10,-2,-3,-4,-6,1391,0,-478.997,1022.057,9088.018999999998,-2999.3110000000015,-2,-43.831,-14.062000000000001,-788.8829999999996,1,3,-2949826,256.24300000000005,173.4990000000001,6.99,-584,111,2422,,-745.5,809.6449999999999,8928.582,-1521.8589999999986,51.31,82.77,74.83,98.65,false,false,1.2,1.2,ETF短中期同步減碼；20日累積後5日轉為調節；ETF 1/3日已轉為減碼
255,3227,原相,TPEX,半導體業,暫不承接,降低部位,停止加碼；反彈未站回恢復區時分批減碼,每個交易日收盤後，確認是否站回恢復區,已有部位先停止加碼。反彈若仍未站回 208.46，分批降低部位；只有站回且ETF／外資賣壓收斂後才重新評估。,50.1,58.9,73.2,85,100,可用,204,204.5,23.57,5.4,18.18,22.55,310.76,6.11,17.22,2.05,4.91,9,0,-1,-16,-54,-182,0,-433.711,-433.711,-433.711,-433.711,0,0,0,0,0,0,0,-39.711,-39.711,30.41,,,,,-394,-394,-394,-394,49.68,74.94,77.65,69.52,false,true,0.43,-2.63,中期趨勢仍向下；ETF短中期同步減碼；外資持股趨勢資料不足或期間有非市場異動；20日趨勢尚未上彎
256,6449,鈺邦,TWSE,電子零組件業,暫不承接,降低部位,停止加碼；反彈未站回恢復區時分批減碼,每個交易日收盤後，確認是否站回恢復區,已有部位先停止加碼。反彈若仍未站回 272.88，分批降低部位；只有站回且ETF／外資賣壓收斂後才重新評估。,50.6,58.6,57.4,85,71,可用,244,258.75,34.78,24.24,19.21,41.31,128.28,2.11,31.73,3.9,1.72,1,0,0,0,0,44,0,228.848,-369.76899999999995,-858.526,751.1949999999999,0,0,0,44,0,0,0,11.855999999999998,16.930999999999997,6.5,223,-367,-492,,227.491,-381.62499999999994,-875.4569999999999,723.9190000000001,45.89,77.57,67.15,98.4,false,false,-1.26,6.32,中期趨勢仍向下；外資持股5/10日下降，且外資5日賣超；20日趨勢尚未上彎
257,2363,矽統,TWSE,半導體業,暫不承接,降低部位,停止加碼；反彈未站回恢復區時分批減碼,每個交易日收盤後，確認是否站回恢復區,已有部位先停止加碼。反彈若仍未站回 58.22，分批降低部位；只有站回且ETF／外資賣壓收斂後才重新評估。,51.2,58.5,57.9,85,100,完整,55.4,55.7,72.07,95.03,5.52,5.93,176.11,0.2,102.59,0.58,1.08,3,0,-18,-98,2,42,0,-2149.003,1774.6799999999998,3118.053,-10485.946,0,-98.729,1.2710000000000008,41.271,0,2,-5469587,2297.247,3194.366,6.52,-1970,-3046,-1806,,-2005.17,-423.8380000000001,-77.58400000000006,-12914.008,48.55,79.4,69.6,98.99,false,false,0.68,5.12,中期趨勢仍向下；20日累積後5日轉為調節；外資持股5/10日下降，且外資5日賣超；20日趨勢尚未上彎
258,8086,宏捷科,TPEX,半導體業,暫不承接,保護持有,今天不新增部位；未完成確認前不機械式賣出,今天收盤後；若跌破，再看下一交易日是否收復,已有部位暫停加碼；若收盤跌破60日EMA約 131.92，且下一交易日仍未收復，先減碼三分之一；若ETF或外資繼續轉弱，再分批降低部位。,47.2,57.8,69.2,85,100,可用,119,120.25,18.39,39.99,24.75,21.4,324.69,2.93,22.2,2.76,1.41,1,0,0,-2,1,0,0,-319.263,-319.263,-319.263,-319.263,0,0,0,0,0,0,0,5.867,5.867,21.33,,,,,-325.13,-325.13,-325.13,-325.13,46.3,55.28,55.91,54.02,false,true,-1.27,-4.03,中期趨勢仍向下；外資持股趨勢資料不足或期間有非市場異動；20日趨勢尚未上彎；當下除權息調整價未守20日EMA
259,8936,國統,TPEX,其他,暫不承接,降低部位,停止加碼；反彈未站回恢復區時分批減碼,每個交易日收盤後，確認是否站回恢復區,已有部位先停止加碼。反彈若仍未站回 53.66，分批降低部位；只有站回且ETF／外資賣壓收斂後才重新評估。,46.6,57.8,67.1,85,100,可用,52,51.55,5.81,17.86,19.11,43.73,183.13,1.87,11.98,2.04,5.77,1,0,-1,-3,-15,-24,0,337.079,337.079,337.079,337.079,0,0,0,0,0,0,0,270.079,270.079,11.01,,,,,67,67,67,67,44.14,65.56,64.46,67.77,false,false,-1.26,-0.19,中期趨勢仍向下；ETF短中期同步減碼；外資持股趨勢資料不足或期間有非市場異動；20日趨勢尚未上彎；當下除權息調整價未守20日EMA
260,3533,嘉澤,TWSE,電子零組件業,暫不承接,降低部位,停止加碼；反彈未站回恢復區時分批減碼,每個交易日收盤後，確認是否站回恢復區,"已有部位先停止加碼。反彈若仍未站回 2,082.19，分批降低部位；只有站回且ETF／外資賣壓收斂後才重新評估。",50.3,57.8,70.5,85,91,可用,2010,1915,18.6,17.44,29.04,19.05,381.17,21.37,28.24,5.38,1.74,24,-79,-80,-88,-11,-110,-87,-647.367,-579.4459999999999,-829.9259999999999,-1772.4250000000002,-60,-18.836000000000002,-315.61899999999997,-875.505,2,3,-37860360,12.059999999999999,53.275999999999996,49.27,-593,-562,-493,,-581.393,-572.67,-567.583,-945.4,51.55,77.67,69.77,93.47,false,false,2.35,2.81,中期趨勢仍向下；ETF短中期同步減碼；ETF 1/3日已轉為減碼；主動ETF 5日轉為減碼；投信5/10日持續且具金額意義的賣超；外資持股5/10日下降，且外資5日賣超；20日趨勢尚未上彎；當下除權息調整價未守20日EMA
261,2393,億光,TWSE,光電業,暫不承接,降低部位,停止加碼；反彈未站回恢復區時分批減碼,每個交易日收盤後，確認是否站回恢復區,已有部位先停止加碼。反彈若仍未站回 65.81，分批降低部位；只有站回且ETF／外資賣壓收斂後才重新評估。,51.8,57.8,70.8,85,90.5,可用,63.3,64.25,17.44,5.2,7.41,31.13,236.99,0.91,15.11,1.36,7.11,12,-412,-519,-899,-496,-375,-895,-1625.842,811.5310000000001,1698.121000000001,-8209.815999999999,-415,-902.7030000000001,-499.33400000000006,-255.019,1,4,-57141100,65.87700000000001,-1927.663,26.83,-1134,2293,-1556,,-1215,1648.357,4125.1179999999995,-8655.220000000001,47,77.27,61.91,107.98,false,false,-0.51,4.28,中期趨勢仍向下；ETF短中期同步減碼；ETF 1/3日已轉為減碼；主動ETF 5日轉為減碼；投信5/10日持續且具金額意義的賣超；20日趨勢尚未上彎；官方重大訊息出現高風險關鍵字，須查原文
262,2049,上銀,TWSE,電機機械,暫不承接,保護持有,今天不新增部位；未完成確認前不機械式賣出,今天收盤後；若跌破，再看下一交易日是否收復,已有部位暫停加碼；若收盤跌破60日EMA約 330.97，且下一交易日仍未收復，先減碼三分之一；若ETF或外資繼續轉弱，再分批降低部位。,57.7,57.7,53.9,85,100,完整,369,396.25,33.94,20.36,11.98,31.19,225.94,4.03,55.91,3.33,0.54,9,-120,-119,-1199,-187,-294,-1200,808.987,4147.939,7281.083,7582.691000000001,-120,-1611.701,-165.61099999999993,-340.05099999999993,2,2,-594717669,174.77399999999997,505.7719999999999,38.44,855,5443,6392,,888.263,5584.866,6940.922,7465.038,59.78,77.94,76.91,80,false,false,7.66,1.1,ETF短中期同步減碼；ETF 1/3日已轉為減碼；主動ETF 5日轉為減碼；短線過熱或乖離過大
263,4551,智伸科,TWSE,汽車工業,暫不承接,降低部位,停止加碼；反彈未站回恢復區時分批減碼,每個交易日收盤後，確認是否站回恢復區,已有部位先停止加碼。反彈若仍未站回 179.30，分批降低部位；只有站回且ETF／外資賣壓收斂後才重新評估。,52.6,57.7,58.4,85,100,完整,172.5,176.5,23.12,19.4,14.4,37.61,221.94,4.77,18.1,2.15,2.43,2,-1,-1,-6,1,595,0,187.482,-1637.47,-1997.183,22.09699999999978,109,959,966,1560,5,0,165427500,11.036999999999997,-33.125,57.36,134,-2542,-1450,,66,-2607.507,-2930.0580000000004,-1426.4600000000005,46.68,62.22,53.17,80.31,false,false,-1.9,4.23,中期趨勢仍向下；ETF 1/3日已轉為減碼；外資持股5/10日下降，且外資5日賣超；20日趨勢尚未上彎
264,5347,世界,TPEX,半導體業,暫不承接,保護持有,今天不新增部位；未完成確認前不機械式賣出,今天收盤後；若跌破，再看下一交易日是否收復,已有部位暫停加碼；若收盤跌破60日EMA約 162.76，且下一交易日仍未收復，先減碼三分之一；若ETF或外資繼續轉弱，再分批降低部位。,53.4,57.6,45.8,85,100,可用,159.5,163.25,30.25,15.48,18.63,57.61,134.59,2.84,34.52,4.76,2.8,24,609,532,-2041,-313,1625,-469,-2654.384,-2654.384,-2654.384,-2654.384,1647.184,1647.184,1647.184,1647.184,1,0,262725848,-269.957,-269.957,30.45,,,,,-4031.611,-4031.611,-4031.611,-4031.611,49.39,62.61,54.68,78.49,false,false,0.88,1.59,中期趨勢仍向下；ETF短中期同步減碼；20日累積後5日轉為調節；主動ETF 5日轉為減碼；外資持股趨勢資料不足或期間有非市場異動；20日趨勢尚未上彎
265,2478,大毅,TWSE,電子零組件業,暫不承接,降低部位,停止加碼；反彈未站回恢復區時分批減碼,每個交易日收盤後，確認是否站回恢復區,已有部位先停止加碼。反彈若仍未站回 140.41，分批降低部位；只有站回且ETF／外資賣壓收斂後才重新評估。,46.8,57.3,65.2,85,100,完整,128.5,133.25,47.49,19.84,15.93,29.93,259.07,2.91,34.64,2.52,1.56,2,-2,-2,-10,-250,109,0,2782.31,-3483.385,-5445.160000000001,-4108.530000000001,-2,-10,-250,109,0,2,-1285000,124.737,103.017,17.93,2861,-3001,-3562,,2739.43,-3598.1220000000003,-5298.177,-4281.88,45.83,70.13,57.43,95.53,false,false,-1.95,7.08,中期趨勢仍向下；ETF短中期同步減碼；20日累積後5日轉為調節；ETF 1/3日已轉為減碼；外資持股5/10日下降，且外資5日賣超；20日趨勢尚未上彎
266,2812,台中銀,TWSE,金融保險業,暫不承接,降低部位,停止加碼；反彈未站回恢復區時分批減碼,每個交易日收盤後，確認是否站回恢復區,已有部位先停止加碼。反彈若仍未站回 18.92，分批降低部位；只有站回且ETF／外資賣壓收斂後才重新評估。,51.4,56.9,64.4,85,100,完整,18.65,18.63,1.56,19.29,,90.61,,0.87,11.1,1.17,5.68,8,9,-6,-6,7515,10450,0,-2057.13,-35569.468,-66177.35900000001,93.7809999999863,9,-6.162,6476.338,9402.250999999998,1,2,-114921,330.417,-762.2259999999999,8.34,164,-24232,-57200,,-2140.13,-35893.723,-71891.47099999999,-9050.456000000002,42.75,20.35,25.57,9.92,false,false,-1.41,-0.8,中期趨勢仍向下；20日累積後5日轉為調節；外資持股5/10日下降，且外資5日賣超；20日趨勢尚未上彎；當下除權息調整價未守20日EMA
267,4583,台灣精銳,TWSE,電機機械,暫不承接,降低部位,停止加碼；反彈未站回恢復區時分批減碼,每個交易日收盤後，確認是否站回恢復區,已有部位先停止加碼。反彈若仍未站回 588.24，分批降低部位；只有站回且ETF／外資賣壓收斂後才重新評估。,48.9,56.9,69.9,85,100,完整,497,507,21.11,15.07,34.42,10.76,1265.54,6.81,36.9,4.01,2.01,3,0,-1,-1,-1,-1,0,125.949,224.55300000000003,1106.7069999999999,1188.9559999999997,0,-0.899,-0.899,-0.899,0,1,-446803,0.501,-13.135,2.68,127,226,1160,,126.949,224.95100000000002,1120.741,1196.4059999999997,37.43,63.33,52.3,85.38,false,false,-5.39,-3.5,中期趨勢仍向下；ETF短中期同步減碼；20日趨勢尚未上彎；當下除權息調整價未守20日EMA
268,2345,智邦,TWSE,通信網路業,暫不承接,降低部位,停止加碼；反彈未站回恢復區時分批減碼,每個交易日收盤後，確認是否站回恢復區,"已有部位先停止加碼。反彈若仍未站回 2,273.51，分批降低部位；只有站回且ETF／外資賣壓收斂後才重新評估。",51.1,56.8,46.9,85,100,可用,2215,2240,71.69,62.36,14.72,65.32,142.45,34.7,34.8,17.93,0.68,49,-29,-9,-81,692,2095,-121,-797.198,-2649.2090000000003,-2932.588,-3254.0879999999997,140,-498.64300000000003,-95.75800000000001,1231.86,2,3,-1104494245,123.55299999999998,52.05599999999999,57.21,-1058,-2363,-3198,,-908.723,-2274.119,-2888.886,-4814.830000000001,47.91,43,52.67,23.65,false,true,-1.19,-7.13,中期趨勢仍向下；20日累積後5日轉為調節；ETF 1/3日已轉為減碼；主動ETF 5日轉為減碼；投信5/10日持續且具金額意義的賣超；外資持股5/10日下降，且外資5日賣超；20日趨勢尚未上彎；當下除權息調整價未守20日EMA
269,1503,士電,TWSE,電機機械,暫不承接,保護持有,今天不新增部位；未完成確認前不機械式賣出,今天收盤後；若跌破，再看下一交易日是否收復,已有部位暫停加碼；若收盤跌破60日EMA約 209.16，且下一交易日仍未收復，先減碼三分之一；若ETF或外資繼續轉弱，再分批降低部位。,58.7,56.7,52.4,85,91,可用,199,204.75,15.1,10.84,16.05,35.72,150.79,2.79,29.66,2.73,2.51,8,0,2,2,0,1196,0,33.101,194.075,707.459,-1228.664,0,1.749,7.602,1207.6019999999999,1,1,348051,-5.796999999999999,13.988000000000003,30.33,15,730,1695,,26.911,198.12300000000002,685.8689999999999,-2114.5960000000005,45.65,70.04,60.4,89.33,false,false,-0.81,0.76,中期趨勢仍向下；20日趨勢尚未上彎
270,3016,嘉晶,TWSE,半導體業,暫不承接,保護持有,今天不新增部位；未完成確認前不機械式賣出,今天收盤後；若跌破，再看下一交易日是否收復,已有部位暫停加碼；若收盤跌破60日EMA約 104.88，且下一交易日仍未收復，先減碼三分之一；若ETF或外資繼續轉弱，再分批降低部位。,57.9,56.6,49.3,85,100,完整,104,108.25,51.43,31.32,14.09,31.1,295.64,1,86.67,5.8,0.48,2,0,0,0,0,0,0,-553.375,-1150.412,-2158.4300000000003,-3574.8080000000004,0,0.681,0.681,0.681,1,0,70824,168.895,319.782,4.46,-529,-1410,-2178,,-603.071,-1319.988,-2478.893,-3642.0169999999994,50.66,82.57,73.42,100.86,false,false,2.96,0,中期趨勢仍向下；外資持股5/10日下降，且外資5日賣超；20日趨勢尚未上彎
271,6438,迅得,TWSE,其他電子業,暫不承接,保護持有,今天不新增部位；未完成確認前不機械式賣出,今天收盤後；若跌破，再看下一交易日是否收復,已有部位暫停加碼；若收盤跌破60日EMA約 151.63，且下一交易日仍未收復，先減碼三分之一；若ETF或外資繼續轉弱，再分批降低部位。,55,56.5,55.8,85,91,可用,149.5,150.25,5.38,10.93,11.12,44.54,178.15,1.76,27.38,2.18,3.34,1,0,0,0,0,0,0,159.351,242.67600000000002,728.699,151.349,0,0,0,0,0,0,0,-4.226,30.590999999999998,6.41,141,105,-188,,150.309,246.902,698.108,260.2589999999999,53.33,83.93,73.12,105.56,false,false,3.01,1.7,中期趨勢仍向下；20日趨勢尚未上彎
272,2207,和泰車,TWSE,汽車工業,暫不承接,保護持有,今天不新增部位；未完成確認前不機械式賣出,今天收盤後；若跌破，再看下一交易日是否收復,已有部位暫停加碼；若收盤跌破60日EMA約 495.50，且下一交易日仍未收復，先減碼三分之一；若ETF或外資繼續轉弱，再分批降低部位。,62,56.4,36.4,85,100,可用,504,522.5,15.89,13.51,,77.58,99.75,21.57,12.4,3.28,3.97,15,19,30,40,41,-164,0,-116.229,-116.50299999999999,780.991,2307.351,19,40.689,47.535000000000004,-153.26700000000002,5,0,20507256,-0.10699999999999932,-42.19,22.47,-137,-162,1518,,-136.764,-157.085,775.646,2494.669,50.13,16.9,29.64,-8.59,false,false,-0.72,-0.98,
273,3019,亞光,TWSE,光電業,暫不承接,降低部位,停止加碼；反彈未站回恢復區時分批減碼,每個交易日收盤後，確認是否站回恢復區,已有部位先停止加碼。反彈若仍未站回 139.49，分批降低部位；只有站回且ETF／外資賣壓收斂後才重新評估。,55.4,56.4,57.4,85,100,完整,137.5,139.25,14.81,15.48,9.05,40.75,215.07,2.98,23.19,2.58,3.35,2,0,-2,-2,-2,-2,0,52.517,1486.341,5152.784,529.9850000000001,0,-2.589,-2.589,-2.589,0,1,-355987,69.118,220.243,7.93,318,1574,3327,,160.1,1419.8120000000001,4935.130000000001,1570.7990000000013,51.82,76.97,69.38,92.15,false,false,2.25,2.61,中期趨勢仍向下；ETF短中期同步減碼；20日趨勢尚未上彎
274,9939,宏全,TWSE,其他,暫不承接,保護持有,今天不新增部位；未完成確認前不機械式賣出,今天收盤後；若跌破，再看下一交易日是否收復,已有部位暫停加碼；若收盤跌破60日EMA約 128.45，且下一交易日仍未收復，先減碼三分之一；若ETF或外資繼續轉弱，再分批降低部位。,59.4,56.4,46.1,85,100,完整,134,137.25,-1,2.72,16.21,59.06,108.5,6.55,12.18,2,4.63,7,4,0,-1,-223,-47,0,-127.199,2994.0640000000003,4318.121,7242.054999999999,4,-46.297,-262.297,279.686,1,2,-6203798,-45.836000000000006,-59.55900000000001,16.35,-292,3098,5340,,-133.765,3086.197,4639.977,7032.302,53.52,61.78,71.49,42.36,false,true,0.68,0,ETF短中期同步減碼
275,2539,櫻花建,TWSE,建材營造,暫不承接,保護持有,今天不新增部位；未完成確認前不機械式賣出,今天收盤後；若跌破，再看下一交易日是否收復,已有部位暫停加碼；若收盤跌破60日EMA約 41.03，且下一交易日仍未收復，先減碼三分之一；若ETF或外資繼續轉弱，再分批降低部位。,58.9,56.4,63.2,85,91,可用,42.15,41.9,-15.44,19.46,40.49,41.67,297.64,0.68,14.89,2.69,6.64,3,0,-1,-1,-1,-155,0,652.703,-920.788,-83.06000000000009,3625.6370000000006,0,-0.615,-0.615,-154.615,0,1,-25922,-29.154,-41.959,2.41,224,873,4306,,650.703,-891.019,-40.48599999999999,3760.615,54.46,56.22,64.74,39.18,false,true,0.98,-2.77,ETF短中期同步減碼
276,1210,大成,TWSE,食品工業,暫不承接,降低部位,停止加碼；反彈未站回恢復區時分批減碼,每個交易日收盤後，確認是否站回恢復區,已有部位先停止加碼。反彈若仍未站回 55.45，分批降低部位；只有站回且ETF／外資賣壓收斂後才重新評估。,52.1,56.3,52,85,91,可用,53,52.35,21.5,8.41,4.39,55.28,83.22,0.94,12.56,1.76,5.66,6,158,198,1345,1343,2262,1196,-1486.972,-359.6110000000001,-6850.153,-2196.089,158,1345.42,1361.42,2292.42,4,1,71307260,-536.682,-1207.742,7.56,-388,-3721,-7368,,-1213.765,-1168.3490000000002,-7003.830999999999,-5776.386999999998,34.14,21.27,19.82,24.17,true,false,-4.41,-3.64,中期趨勢仍向下；外資持股5/10日下降，且外資5日賣超；20日趨勢尚未上彎；當下除權息調整價未守20日EMA
277,2486,一詮,TWSE,光電業,暫不承接,保護持有,今天不新增部位；未完成確認前不機械式賣出,今天收盤後；若跌破，再看下一交易日是否收復,已有部位暫停加碼；若收盤跌破60日EMA約 230.81，且下一交易日仍未收復，先減碼三分之一；若ETF或外資繼續轉弱，再分批降低部位。,57.4,56.1,41.3,85,100,完整,230,234.25,42.52,27.53,8.05,57.6,181.35,0.91,198.28,8.95,0.22,3,0,0,0,80,949,0,-80.782,-2785.732,1687.7719999999995,-3400.9410000000007,0,0,1075,1944,0,0,0,51.157,-888.335,12.17,271,-2719,1973,,-71.323,-2836.889,1501.1070000000002,-3909.745,51.26,73.88,67.9,85.85,false,false,2.56,5.26,中期趨勢仍向下；20日趨勢尚未上彎
278,3014,聯陽,TWSE,半導體業,暫不承接,降低部位,停止加碼；反彈未站回恢復區時分批減碼,每個交易日收盤後，確認是否站回恢復區,已有部位先停止加碼。反彈若仍未站回 136.89，分批降低部位；只有站回且ETF／外資賣壓收斂後才重新評估。,45.7,56.1,66.6,85,100,完整,135,135.75,8.76,-0.58,28.48,33.51,218.05,5.88,13.64,3.05,6.3,10,0,-2,-303,-218,-88,-287,21.646,-3459.387,-3071.758,-1796.148,0,-303.113,-218.233,-113.12199999999996,0,3,-40920255,15.395000000000001,-51.781,19.43,107,-2480,-552,,24.631,-3171.669,-2801.744,-1649.4250000000004,51.15,84.49,77.09,99.28,false,false,1.67,3.85,累計營收負成長且當月改善不足；中期趨勢仍向下；ETF短中期同步減碼；主動ETF 5日轉為減碼；投信5/10日持續且具金額意義的賣超；外資持股5/10日下降，且外資5日賣超；20日趨勢尚未上彎
279,1216,統一,TWSE,食品工業,暫不承接,降低部位,停止加碼；反彈未站回恢復區時分批減碼,每個交易日收盤後，確認是否站回恢復區,已有部位先停止加碼。反彈若仍未站回 75.83，分批降低部位；只有站回且ETF／外資賣壓收斂後才重新評估。,61.4,55.9,39.2,85,100,可用,76.3,75.5,8.85,4.09,5.86,72.24,86.59,2.56,18.43,3.18,3.93,30,-277,-932,-2681,-1821,44364,-1079,5016.338,44946.343,104746.22899999999,123519.487,-27,-1156.647,-4492.299999999999,30338.248000000003,1,4,-88252166,-569.175,-697.303,32.7,4398,42900,95086,,5055.324,46672.16499999999,109935.832,81029.66899999998,51.78,65.08,45.61,104.02,false,false,0.62,4.23,ETF短中期同步減碼；20日累積後5日轉為調節；ETF 1/3日已轉為減碼；主動ETF 5日轉為減碼；投信5/10日持續且具金額意義的賣超；20日趨勢尚未上彎；當下除權息調整價未守20日EMA
280,5876,上海商銀,TWSE,金融保險業,暫不承接,降低部位,停止加碼；反彈未站回恢復區時分批減碼,每個交易日收盤後，確認是否站回恢復區,已有部位先停止加碼。反彈若仍未站回 43.81，分批降低部位；只有站回且ETF／外資賣壓收斂後才重新評估。,49.7,55.9,62.4,85,91,可用,42.85,42.48,19.61,1.29,,88.71,,1.05,13.6,1,4.2,20,-7,60,-1415,-2693,2603,-1693,-819.497,-351.3619999999999,17359.775999999998,75522.495,193,-354.384,-2911.384,-8657.384,4,1,-15185354,-1325.306,-1784.3500000000001,54.38,-846,2463,45177,,-1007.165,1328.328,22055.510000000002,82571.82400000001,43.41,13.7,19.65,1.79,false,false,-2.19,-2.94,ETF短中期同步減碼；20日累積後5日轉為調節；主動ETF 5日轉為減碼；20日趨勢尚未上彎；當下除權息調整價未守20日EMA
281,8131,福懋科,TWSE,半導體業,暫不承接,降低部位,停止加碼；反彈未站回恢復區時分批減碼,每個交易日收盤後，確認是否站回恢復區,已有部位先停止加碼。反彈若仍未站回 67.50，分批降低部位；只有站回且ETF／外資賣壓收斂後才重新評估。,44.5,55.8,66.1,85,100,完整,64.1,65.15,28.83,38.9,15.72,21.17,277.62,1.93,18.58,1.84,1.56,3,0,-7,-7,-7,-143,0,833.039,-1327.326,1013.9999999999999,-14104.820999999998,0,-6.6,-6.6,-142.6,0,1,-423060,-113.46199999999999,-34.36399999999999,4.17,1192,-570,-3859,,836.291,-1207.2639999999997,1054.964,-13145.529000000002,47.67,64.58,59.7,74.34,false,false,-1,-2.88,中期趨勢仍向下；ETF短中期同步減碼；外資持股5/10日下降，且外資5日賣超；20日趨勢尚未上彎
282,6271,同欣電,TWSE,半導體業,暫不承接,降低部位,停止加碼；反彈未站回恢復區時分批減碼,每個交易日收盤後，確認是否站回恢復區,已有部位先停止加碼。反彈若仍未站回 206.94，分批降低部位；只有站回且ETF／外資賣壓收斂後才重新評估。,53.8,55.7,62.9,85,100,完整,198,201.75,22.42,4.47,16.16,24.15,259.54,4.37,22.27,1.52,1.52,3,0,-4,-4,-498,-1020,0,1258.308,1927.8880000000004,-5980.614,-6454.376000000001,0,746.257,-75.74300000000005,-3213.743,1,1,147758886,-668.587,67.86599999999999,29.55,1714,2948,-3772,,1293.199,1850.2180000000003,-5972.737,-2997.1330000000007,49.41,83.32,72.66,104.65,false,false,1.88,4.21,中期趨勢仍向下；ETF短中期同步減碼；20日趨勢尚未上彎
283,2889,國票金,TWSE,金融保險業,暫不承接,保護持有,今天不新增部位；未完成確認前不機械式賣出,今天收盤後；若跌破，再看下一交易日是否收復,已有部位暫停加碼；若收盤跌破60日EMA約 15.37，且下一交易日仍未收復，先減碼三分之一；若ETF或外資繼續轉弱，再分批降低部位。,49.5,55.7,54.5,85,91,可用,15.2,15.48,16.12,104.08,,88.34,,0.25,19.74,1.19,3.88,2,0,-20,-20,-17,-80,0,-1241.34,-6507.281,-4869.808000000001,-2704.4040000000005,0,-20.394,-17.394,-80.394,1,1,-309989,202.365,-396.099,9.34,-1213,-6819,413,,-1228,-6689.252,-4456.3150000000005,-2595.291,40.55,16.52,26.48,-3.39,false,false,-1.43,-0.98,中期趨勢仍向下；ETF短中期同步減碼；20日趨勢尚未上彎
284,2845,遠東銀,TWSE,金融保險業,暫不承接,保護持有,今天不新增部位；未完成確認前不機械式賣出,今天收盤後；若跌破，再看下一交易日是否收復,已有部位暫停加碼；若收盤跌破60日EMA約 13.02，且下一交易日仍未收復，先減碼三分之一；若ETF或外資繼續轉弱，再分批降低部位。,50.2,55.6,58.9,85,91,可用,13.1,13.18,5.43,15.28,,92.01,,0.25,14.89,0.9,4.81,7,8,-33,-33,-27,3104,0,-559.124,-6360.442999999999,9918.592,25964.509,8,-33.142,-27.142000000000003,3092.858,1,1,-434160,64,-603.482,9.55,-374,-2807,16898,,-610.124,-6391.3009999999995,10549.215999999999,23252.900999999998,44.58,9.74,21.47,-13.72,false,false,-1.03,-1.5,ETF短中期同步減碼；20日累積後5日轉為調節；20日趨勢尚未上彎；當下除權息調整價未守20日EMA
285,3209,全科,TWSE,電子通路業,暫不承接,降低部位,停止加碼；反彈未站回恢復區時分批減碼,每個交易日收盤後，確認是否站回恢復區,已有部位先停止加碼。反彈若仍未站回 58.37，分批降低部位；只有站回且ETF／外資賣壓收斂後才重新評估。,46,55.6,49.4,85,91,可用,55.5,56.05,47.9,44.92,2.85,75.99,128.79,1.52,15.46,2.49,4.5,1,0,0,0,0,-338,0,-788.008,-1378.165,-780.551,-2746.954,0,0,0,-338,0,0,0,-38.295,-56.004,17.71,-764,-1407,-271,,-770.957,-1339.87,-724.5469999999998,-2341.1809999999996,43.72,49.48,59.15,30.15,false,true,-2.84,-5.45,中期趨勢仍向下；外資持股5/10日下降，且外資5日賣超；20日趨勢尚未上彎；當下除權息調整價未守20日EMA；官方重大訊息出現高風險關鍵字，須查原文
286,8110,華東,TWSE,半導體業,暫不承接,保護持有,今天不新增部位；未完成確認前不機械式賣出,今天收盤後；若跌破，再看下一交易日是否收復,已有部位暫停加碼；若收盤跌破60日EMA約 48.52，且下一交易日仍未收復，先減碼三分之一；若ETF或外資繼續轉弱，再分批降低部位。,54,55.6,61.2,85,91,可用,46.8,46.68,18.51,14.06,5.25,25.4,254.53,0.49,17.14,1.91,3.18,2,0,0,0,0,0,0,1462.877,2328.458,-423.5989999999997,-1914.1639999999998,0,0.359,0.359,0.359,1,0,16801,37.483,-18.948999999999984,1.55,1267,2340,601,,1484.22,2290.616,-405.009,-1838.1219999999998,53.26,85.61,76.63,103.57,false,false,5.01,1.74,中期趨勢仍向下；20日趨勢尚未上彎；單季稅前獲利對營業外貢獻依賴偏高
287,4764,雙鍵,TWSE,化學工業,暫不承接,降低部位,停止加碼；反彈未站回恢復區時分批減碼,每個交易日收盤後，確認是否站回恢復區,已有部位先停止加碼。反彈若仍未站回 274.49，分批降低部位；只有站回且ETF／外資賣壓收斂後才重新評估。,49.2,55.5,44.7,85,100,完整,249.5,253,44.07,28.61,14.74,52.67,140.17,2.26,80.48,8.36,0.4,1,0,-133,-159,37,37,-159,285.585,-557.181,-420.27200000000005,1905.58,40,-1575,-879,2549,1,3,-392962500,92.887,48.513999999999996,26.56,-28,702,-70,,188.77,924.932,410.21400000000006,-502.2479999999998,43.84,30.38,27.37,36.41,true,false,-6.19,-4.41,中期趨勢仍向下；20日累積後5日轉為調節；主動ETF 5日轉為減碼；投信5/10日持續且具金額意義的賣超；20日趨勢尚未上彎；當下除權息調整價未守20日EMA
288,2492,華新科,TWSE,電子零組件業,暫不承接,降低部位,停止加碼；反彈未站回恢復區時分批減碼,每個交易日收盤後，確認是否站回恢復區,已有部位先停止加碼。反彈若仍未站回 328.71，分批降低部位；只有站回且ETF／外資賣壓收斂後才重新評估。,51.6,55.4,56.5,85,100,完整,288,303.75,41.95,18.66,9.02,34.44,157.66,4.93,32.36,2.1,0.87,8,-7,-12,-42,8,-2448,0,-15634.818,-25689.178,-38214.42,-40621.69699999999,504,2258.776,942.7759999999998,-4634.224,3,2,650527488,-2246.603,-3373.924,18.12,-12470,-22252,-30399,,-14198.286,-25701.351,-35783.272,-35450.001000000004,45.45,76.46,64.96,99.44,false,false,-1.79,10.98,中期趨勢仍向下；ETF 1/3日已轉為減碼；外資持股5/10日下降，且外資5日賣超；20日趨勢尚未上彎；高波動且5日漲幅過大；融資增幅與短線漲幅同步偏高；借券賣出與借券賣出餘額壓力升高
289,5285,界霖,TWSE,半導體業,暫不承接,保護持有,今天不新增部位；未完成確認前不機械式賣出,今天收盤後；若跌破，再看下一交易日是否收復,已有部位暫停加碼；若收盤跌破60日EMA約 80.90，且下一交易日仍未收復，先減碼三分之一；若ETF或外資繼續轉弱，再分批降低部位。,54.4,55.4,51.3,85,100,完整,80.8,81.35,27.24,13.48,9.77,45.73,333.32,2.01,26.15,2.67,1.86,1,0,0,0,0,0,0,53.189,140.194,48.56499999999998,351.737,0,0,-120,-120,0,0,0,-0.34000000000000075,-28.376000000000005,8.33,36,65,440,,51.042,140.534,196.94100000000003,544.0030000000002,50.11,87.71,74.59,113.95,false,false,1.86,4.39,中期趨勢仍向下；20日趨勢尚未上彎
290,8358,金居,TPEX,電子零組件業,暫不承接,降低部位,停止加碼；反彈未站回恢復區時分批減碼,每個交易日收盤後，確認是否站回恢復區,已有部位先停止加碼。反彈若仍未站回 437.35，分批降低部位；只有站回且ETF／外資賣壓收斂後才重新評估。,45.5,55.3,61.8,85,100,可用,418.5,429.5,54.87,44.88,24.99,24.79,184.41,4.22,62.37,11.36,0.48,9,-413,-422,-542,-1083,-994,-542,-2108.195,-2108.195,-2108.195,-2108.195,-803,-803,-803,-803,0,1,-336055500,99.825,99.825,27.76,,,,,-1405.02,-1405.02,-1405.02,-1405.02,52.4,79.54,64.01,110.58,false,false,8.61,19.74,中期趨勢仍向下；ETF短中期同步減碼；ETF 1/3日已轉為減碼；主動ETF 5日轉為減碼；外資持股趨勢資料不足或期間有非市場異動；20日趨勢尚未上彎；高波動且5日漲幅過大
291,1101,台泥,TWSE,水泥工業,暫不承接,保護持有,今天不新增部位；未完成確認前不機械式賣出,今天收盤後；若跌破，再看下一交易日是否收復,已有部位暫停加碼；若收盤跌破60日EMA約 24.11，且下一交易日仍未收復，先減碼三分之一；若ETF或外資繼續轉弱，再分批降低部位。,63.7,55.2,42.1,85,100,完整,24.45,24.53,1.54,1.54,7.25,49.78,179.65,0.38,,0.78,3.27,7,-10,-54,-56,-44,-3790,0,115.98,24134.003,-5585.171999999997,65424.697,-10,-56.41,58.59,-3625.41,0,3,-1379224,-296.716,208.98899999999992,14.95,1718,40035,82833,,44.372,24487.129,-5852.751,69498.896,55.07,67.91,57.28,89.19,false,false,1.3,1.66,ETF短中期同步減碼；ETF 1/3日已轉為減碼
292,3265,台星科,TPEX,半導體業,暫不承接,保護持有,今天不新增部位；未完成確認前不機械式賣出,今天收盤後；若跌破，再看下一交易日是否收復,已有部位暫停加碼；若收盤跌破60日EMA約 165.83，且下一交易日仍未收復，先減碼三分之一；若ETF或外資繼續轉弱，再分批降低部位。,49.1,55.2,54.9,85,100,可用,175,187,6.55,18.37,21.9,41.35,203.97,3.85,24.54,3.77,2.34,1,0,0,-98,-98,-255,-98,967.699,967.699,967.699,967.699,0,0,0,0,0,0,0,64.134,64.134,9.21,,,,,903.565,903.565,903.565,903.565,57.89,82.52,70.83,105.9,false,false,9.48,12.54,ETF短中期同步減碼；主動ETF 5日轉為減碼；外資持股趨勢資料不足或期間有非市場異動；20日趨勢尚未上彎；短線過熱或乖離過大；高波動且5日漲幅過大
293,6147,頎邦,TPEX,半導體業,暫不承接,降低部位,停止加碼；反彈未站回恢復區時分批減碼,每個交易日收盤後，確認是否站回恢復區,已有部位先停止加碼。反彈若仍未站回 178.31，分批降低部位；只有站回且ETF／外資賣壓收斂後才重新評估。,47.4,55.2,65.2,85,100,可用,156.5,164.25,39.18,20.94,16.68,13.08,262.19,1.87,37.8,1.99,1.79,8,0,15,-230,-2237,-11079,-264,-2320.289,-2320.289,-2320.289,-2320.289,0.023,0.023,0.023,0.023,1,0,3600,-475.214,-475.214,35.22,,,,,-1845.098,-1845.098,-1845.098,-1845.098,45.75,78.45,69.06,97.23,false,false,-2.49,-1.26,中期趨勢仍向下；ETF短中期同步減碼；主動ETF 5日轉為減碼；外資持股趨勢資料不足或期間有非市場異動；20日趨勢尚未上彎
294,3026,禾伸堂,TWSE,電子零組件業,暫不承接,降低部位,停止加碼；反彈未站回恢復區時分批減碼,每個交易日收盤後，確認是否站回恢復區,已有部位先停止加碼。反彈若仍未站回 615.64，分批降低部位；只有站回且ETF／外資賣壓收斂後才重新評估。,54,55,51.8,85,100,可用,685,712,37.05,18.63,14.38,40.55,193.98,6.73,66.83,11,0.85,11,-3,-3,-13,-1040,-84,0,-783.872,-5262.3150000000005,-6518.954,1123.074000000001,865,2176,-2225.9,-3357.4,2,3,1490560000,-339.32199999999995,-146.54899999999998,16.67,-1070,-6897,-4002,,-1233.014,-7098.9929999999995,-4146.504999999999,5033.2530000000015,54.24,82.07,64.21,117.79,false,false,11.27,25.23,ETF短中期同步減碼；ETF 1/3日已轉為減碼；外資持股5/10日下降，且外資5日賣超；20日趨勢尚未上彎；短線過熱或乖離過大；高波動且5日漲幅過大；融資增幅與短線漲幅同步偏高
295,2489,瑞軒,TWSE,光電業,暫不承接,保護持有,今天不新增部位；未完成確認前不機械式賣出,今天收盤後；若跌破，再看下一交易日是否收復,已有部位暫停加碼；若收盤跌破60日EMA約 36.50，且下一交易日仍未收復，先減碼三分之一；若ETF或外資繼續轉弱，再分批降低部位。,55.2,55,52.6,85,93.9,可用,33,32.83,32.24,15.51,0.78,42.95,188.56,0.44,23.74,1.52,3.64,3,0,-3,12,26,35,0,1619.289,-817.2110000000002,-8654.462,6762.069,-5,7,38.05,-3758.95,1,2,231000,105.08699999999999,-16.253000000000007,5.98,1267,-1533,2226,,1655.959,-929.2979999999998,-8676.259,10740.624000000002,49.56,85.57,74.86,106.99,false,false,2.65,-0.3,中期趨勢仍向下；20日趨勢尚未上彎；官方重大訊息出現高風險關鍵字，須查原文；單季稅前獲利對營業外貢獻依賴偏高
296,6526,達發,TWSE,半導體業,暫不承接,保護持有,今天不新增部位；未完成確認前不機械式賣出,今天收盤後；若跌破，再看下一交易日是否收復,已有部位暫停加碼；若收盤跌破60日EMA約 613.64，且下一交易日仍未收復，先減碼三分之一；若ETF或外資繼續轉弱，再分批降低部位。,53.6,54.9,55.9,85,100,可用,619,631,17.44,10.55,14.98,31.02,239.33,9.72,34.33,5.5,2.18,14,0,0,-47,-66,42,-37,88.318,351.19100000000003,286.355,375.3059999999999,0,-10.335,-151.335,-110.33500000000001,1,2,-6397365,-24.147,-4.021000000000001,7.54,85,411,396,,85.273,385.673,441.71099999999996,528.723,52.95,76.96,72.78,85.31,false,false,3.01,-2.06,ETF短中期同步減碼；20日累積後5日轉為調節；主動ETF 5日轉為減碼；20日趨勢尚未上彎
297,8210,勤誠,TWSE,電腦及週邊設備業,暫不承接,降低部位,停止加碼；反彈未站回恢復區時分批減碼,每個交易日收盤後，確認是否站回恢復區,"已有部位先停止加碼。反彈若仍未站回 1,170.12，分批降低部位；只有站回且ETF／外資賣壓收斂後才重新評估。",45.2,54.9,55.8,85,100,完整,1005,1015,41.51,53.4,24.82,56.81,149.43,21.83,26.34,10.1,1.39,15,-159,-159,20,72,-170,21,-413.978,-2969.7729999999997,-2373.450999999999,-1427.0839999999994,-160,-1015.5160000000001,-216.51600000000008,-487.5160000000001,1,4,-1020593580,37.863,67.62700000000001,8.19,-156,-1557,-1382,,-256.737,-1992.1200000000001,-2224.562,-979.562,40.34,31.28,46.57,0.71,false,true,-9.2,-14.1,中期趨勢仍向下；ETF 1/3日已轉為減碼；投信5/10日持續且具金額意義的賣超；外資持股5/10日下降，且外資5日賣超；20日趨勢尚未上彎；當下除權息調整價未守20日EMA
298,8299,群聯,TPEX,半導體業,暫不承接,保護持有,今天不新增部位；未完成確認前不機械式賣出,今天收盤後；若跌破，再看下一交易日是否收復,"已有部位暫停加碼；若收盤跌破60日EMA約 2,062.00，且下一交易日仍未收復，先減碼三分之一；若ETF或外資繼續轉弱，再分批降低部位。",56.8,54.8,32.4,85,85,可用,2210,2197.5,377.55,263.52,,,,,21.14,6.59,1.05,14,0,-9,-406,-81,-585,-390,573.365,573.365,573.365,573.365,0.013,0.013,0.013,0.013,1,0,28730,110.925,110.925,40.16,,,,,462.427,462.427,462.427,462.427,61.38,90.12,79.36,111.65,false,false,13.27,19.78,ETF短中期同步減碼；主動ETF 5日轉為減碼；外資持股趨勢資料不足或期間有非市場異動；20日趨勢尚未上彎；短線過熱或乖離過大；高波動且5日漲幅過大
299,6278,台表科,TWSE,光電業,暫不承接,保護持有,今天不新增部位；未完成確認前不機械式賣出,今天收盤後；若跌破，再看下一交易日是否收復,已有部位暫停加碼；若收盤跌破60日EMA約 173.48，且下一交易日仍未收復，先減碼三分之一；若ETF或外資繼續轉弱，再分批降低部位。,59.3,54.7,46.2,85,91,可用,171,173.25,12.18,4.43,5.77,58.08,140.83,2.17,19.52,2.22,3.25,9,0,48,48,-327,-609,50,-383.525,296.06100000000015,-256.7619999999999,2270.5630000000006,0,48.656,-629.414,-2081.4139999999998,1,1,8320176,373.66200000000003,495.62300000000016,17.21,-433,303,4690,,-444.546,-126.257,-122.97100000000012,4211.247,51.91,87.11,74.74,111.87,false,false,4.22,1.79,中期趨勢仍向下；20日趨勢尚未上彎
300,1215,卜蜂,TWSE,食品工業,暫不承接,降低部位,停止加碼；反彈未站回恢復區時分批減碼,每個交易日收盤後，確認是否站回恢復區,已有部位先停止加碼。反彈若仍未站回 115.73，分批降低部位；只有站回且ETF／外資賣壓收斂後才重新評估。,47.4,54.5,51.5,85,100,完整,108.5,107.75,8.05,5.17,9.26,65.34,86.75,3.24,12.5,2.93,6.45,3,0,-1,-1,-1,-87,0,-170.188,54.321,-605.3879999999999,283.5960000000001,0,-1.434,4.566,-78.434,0,1,-155589,11.953999999999999,-47.01200000000001,37.8,-187,-142,-818,,-175.423,43.801000000000016,-562.9419999999999,418.2760000000002,47.4,77.9,66.02,101.68,false,false,0.28,4.33,中期趨勢仍向下；ETF短中期同步減碼；20日趨勢尚未上彎；當下除權息調整價未守20日EMA
301,2472,立隆電,TWSE,電子零組件業,暫不承接,降低部位,停止加碼；反彈未站回恢復區時分批減碼,每個交易日收盤後，確認是否站回恢復區,已有部位先停止加碼。反彈若仍未站回 282.47，分批降低部位；只有站回且ETF／外資賣壓收斂後才重新評估。,45.5,54.4,65.4,85,100,完整,250,259,36.23,20.85,20.37,26.28,287.97,3.98,28.9,4.28,1.4,7,0,1,-918,-813,-1088,-919,320.021,-1116.493,-2341.588,2956.2149999999997,0,-840.595,-2597.735,-4023.735,2,2,-210148750,133.68900000000002,166.30000000000004,11.02,259,-445,2400,,182.56,-409.5869999999999,89.8470000000001,7038.821999999999,43.55,71.52,58.64,97.3,false,false,-3.82,3.95,中期趨勢仍向下；ETF短中期同步減碼；主動ETF 5日轉為減碼；20日趨勢尚未上彎；當下除權息調整價未守20日EMA
302,4749,新應材,TPEX,半導體業,暫不承接,保護持有,今天不新增部位；未完成確認前不機械式賣出,今天收盤後；若跌破，再看下一交易日是否收復,已有部位暫停加碼；若收盤跌破60日EMA約 863.57，且下一交易日仍未收復，先減碼三分之一；若ETF或外資繼續轉弱，再分批降低部位。,53.9,54.3,57.4,85,100,可用,809,814,22.53,18.07,25.14,28.91,445.09,6.94,62.76,7.26,0.99,6,0,-5,-5,46,46,-5,-36.883,-36.883,-36.883,-36.883,0,0,0,0,0,0,0,-5.343,-5.343,11.74,,,,,-31.54,-31.54,-31.54,-31.54,49.73,79.06,72.63,91.93,false,false,1.48,1.89,中期趨勢仍向下；20日累積後5日轉為調節；主動ETF 5日轉為減碼；外資持股趨勢資料不足或期間有非市場異動；20日趨勢尚未上彎
303,4585,達明,TWSE,其他電子業,暫不承接,保護持有,今天不新增部位；未完成確認前不機械式賣出,今天收盤後；若跌破，再看下一交易日是否收復,已有部位暫停加碼；若收盤跌破60日EMA約 310.65，且下一交易日仍未收復，先減碼三分之一；若ETF或外資繼續轉弱，再分批降低部位。,55.3,54,56.4,85,100,完整,311,316,23.82,13.09,6.71,10.35,340.31,1.83,111.87,4.66,0.32,1,0,-1,-1,-1,-1,0,58.149,50.486999999999995,158.887,54.276999999999965,0,-1.374,-0.3740000000000001,1.626,0,1,-427314,14.563999999999998,0.10899999999999466,0.55,44,72,194,,50.054,37.29700000000001,159.15200000000002,83.74699999999999,53.8,67.83,61.78,79.93,false,false,2.75,3.32,ETF短中期同步減碼；20日趨勢尚未上彎；估值高且成長不足以支撐；單季稅前獲利對營業外貢獻依賴偏高
304,1802,台玻,TWSE,玻璃陶瓷,暫不承接,降低部位,停止加碼；反彈未站回恢復區時分批減碼,每個交易日收盤後，確認是否站回恢復區,已有部位先停止加碼。反彈若仍未站回 59.55，分批降低部位；只有站回且ETF／外資賣壓收斂後才重新評估。,60.7,53.9,39.3,85,90.9,可用,57.6,58.05,28.45,14.22,7.88,42.7,141.11,0.2,443.08,3.37,,7,0,-5,-5,-3,-975,0,2390.958,5597.898000000001,1564.2560000000005,-15239.914999999999,0,-4.944,-74.944,-1107.944,0,1,-284774,1238.57,-250.27599999999998,5.04,1279,4409,4300,,2156.392,4364.272000000001,1889.4760000000015,-11085.613999999998,53.25,83.11,72.22,104.87,false,false,5.55,6.86,中期趨勢仍向下；ETF短中期同步減碼；20日趨勢尚未上彎
305,2303,聯電,TWSE,半導體業,暫不承接,降低部位,停止加碼；反彈未站回恢復區時分批減碼,每個交易日收盤後，確認是否站回恢復區,已有部位先停止加碼。反彈若仍未站回 127.98，分批降低部位；只有站回且ETF／外資賣壓收斂後才重新評估。,49.7,53.7,60.1,85,100,可用,123,125.25,18.98,12.41,20.21,33.34,216.6,4.68,18.5,3.48,2.12,62,-5452,-8164,-11532,-2810,-34090,-868,484.056,15829.924000000003,-152070.672,-240459.453,-8652.905,-25271.841999999997,-12960.651999999996,-81512.659,1,4,-3108436566,7591.449,3413.807,40.77,604,31280,-35369,,5676.679,33510.317,-142523.827,-138489.26799999998,45.11,63.04,56.26,76.61,false,false,-3.06,0.82,中期趨勢仍向下；ETF短中期同步減碼；ETF 1/3日已轉為減碼；主動ETF 5日轉為減碼；投信5/10日持續且具金額意義的賣超；外資持股趨勢資料不足或期間有非市場異動；20日趨勢尚未上彎；當下除權息調整價未守20日EMA；單季稅前獲利對營業外貢獻依賴偏高
306,2543,皇昌,TWSE,建材營造,暫不承接,保護持有,今天不新增部位；未完成確認前不機械式賣出,今天收盤後；若跌破，再看下一交易日是否收復,已有部位暫停加碼；若收盤跌破60日EMA約 41.72，且下一交易日仍未收復，先減碼三分之一；若ETF或外資繼續轉弱，再分批降低部位。,56.2,53.6,42.9,85,91,可用,41,41.1,93.82,60.82,9.02,50.36,105.92,0.37,16.53,2.16,3.73,1,0,-1,-1,-1,-1,0,345.701,709.824,1710.329,3037.196,0,-0.493,5.507,11.507,0,1,-20213,13.852000000000007,11.361000000000008,1.77,271,1070,1413,,328.86,696.465,1693.461,3020.296,59.02,74.47,57.11,109.21,false,false,5.91,9.48,ETF短中期同步減碼
307,8926,台汽電,TWSE,油電燃氣業,暫不承接,降低部位,停止加碼；反彈未站回恢復區時分批減碼,每個交易日收盤後，確認是否站回恢復區,已有部位先停止加碼。反彈若仍未站回 64.33，分批降低部位；只有站回且ETF／外資賣壓收斂後才重新評估。,41.3,53.5,48.4,85,100,完整,56.8,56.95,1459.06,776.03,8.18,62.23,145.36,3.27,15.6,2.37,3.73,5,-1,-4,-4,9,69,0,-474.198,-11467.288,-17479.583000000002,-21542.612000000005,-1,-3.798,22.893,93.39800000000002,0,2,-215726,45.38199999999999,-131.65900000000002,7.09,449,-7627,-12132,,-467.277,-11508.872,-17370.817,-21493.383000000005,32.74,28.71,35.85,14.42,false,true,-9.12,-10.27,中期趨勢仍向下；20日累積後5日轉為調節；ETF 1/3日已轉為減碼；外資持股5/10日下降，且外資5日賣超；20日趨勢尚未上彎；當下除權息調整價未守20日EMA；借券賣出與借券賣出餘額壓力升高
308,2406,國碩,TWSE,光電業,暫不承接,降低部位,停止加碼；反彈未站回恢復區時分批減碼,每個交易日收盤後，確認是否站回恢復區,已有部位先停止加碼。反彈若仍未站回 33.75，分批降低部位；只有站回且ETF／外資賣壓收斂後才重新評估。,46.5,53.5,49.2,85,71,可用,31.65,32.1,66.13,119.89,10.29,48.86,198.09,0.27,,3.04,,1,-6,-6,-28,5,946,0,-41.205,-682.061,-2615.614,-21976.111,-6,-28,5,946,0,2,-886200,-113.64399999999999,-136.749,9.95,-21,-731,-12082,,50.795,-540.4170000000001,-2483.8650000000002,-22980.274999999998,45.48,60.14,58.99,62.45,false,false,-2.39,-3.65,中期趨勢仍向下；ETF 1/3日已轉為減碼；外資持股5/10日下降，且外資5日賣超；20日趨勢尚未上彎；當下除權息調整價未守20日EMA
309,6155,鈞寶,TWSE,電子零組件業,暫不承接,保護持有,今天不新增部位；未完成確認前不機械式賣出,今天收盤後；若跌破，再看下一交易日是否收復,已有部位暫停加碼；若收盤跌破60日EMA約 63.15，且下一交易日仍未收復，先減碼三分之一；若ETF或外資繼續轉弱，再分批降低部位。,50.6,53.3,55.4,85,85,完整,58.4,60.65,22.68,20.21,8.88,31.23,167.27,0.82,32.44,3.15,1.37,1,-1,-1,-6,1,194,0,70.999,492.80899999999997,58.55200000000002,975.0970000000001,-1,-6,1,194,0,2,-350400,-1.591,-48.087,10.35,87,522,770,,72,500.4,105.63900000000001,782.6120000000001,47.31,74.94,65.1,94.61,false,false,0.91,6.38,中期趨勢仍向下；ETF 1/3日已轉為減碼；20日趨勢尚未上彎；單季稅前獲利對營業外貢獻依賴偏高
310,3413,京鼎,TWSE,半導體業,暫不承接,降低部位,停止加碼；反彈未站回恢復區時分批減碼,每個交易日收盤後，確認是否站回恢復區,已有部位先停止加碼。反彈若仍未站回 321.07，分批降低部位；只有站回且ETF／外資賣壓收斂後才重新評估。,40.4,53.2,57.6,85,100,完整,303.5,308.25,30.07,19.5,12.62,40.54,166.04,8.89,15.11,2.03,3.62,2,0,-2,-2,-2,-2,0,-132.422,-680.546,839.527,106.49499999999989,0,-234.469,-204.469,-116.469,0,3,-71161341,-131.469,3.512000000000004,27.67,-128,-371,-1341,,-108.985,-314.60800000000006,1040.484,546.1690000000001,43.11,45.72,49.02,39.1,false,true,-4.35,-5.6,中期趨勢仍向下；ETF短中期同步減碼；投信5/10日持續且具金額意義的賣超；外資持股5/10日下降，且外資5日賣超；20日趨勢尚未上彎；當下除權息調整價未守20日EMA
311,3673,TPK-KY,TWSE,光電業,暫不承接,保護持有,今天不新增部位；未完成確認前不機械式賣出,今天收盤後；若跌破，再看下一交易日是否收復,已有部位暫停加碼；若收盤跌破60日EMA約 67.58，且下一交易日仍未收復，先減碼三分之一；若ETF或外資繼續轉弱，再分批降低部位。,50.6,53.1,55.2,85,71,可用,63.2,64.25,16.67,15.13,-0.32,47.04,216.68,1.33,17.36,0.63,2.85,1,0,0,0,0,129,0,475.767,220.87199999999996,640.1029999999997,3453.812,0,0,0,129,0,0,0,47.972,119.46300000000002,38.72,637,134,5479,,518.932,172.90000000000003,520.6400000000001,4294.823000000001,47.09,83.95,72.87,106.12,false,false,-0.01,2.6,中期趨勢仍向下；20日趨勢尚未上彎；單季稅前獲利對營業外貢獻依賴偏高
312,2633,台灣高鐵,TWSE,航運業,暫不承接,降低部位,停止加碼；反彈未站回恢復區時分批減碼,每個交易日收盤後，確認是否站回恢復區,已有部位先停止加碼。反彈若仍未站回 26.05，分批降低部位；只有站回且ETF／外資賣壓收斂後才重新評估。,48.6,52.9,45.6,85,100,完整,25.8,25.83,4.27,4.06,40.17,81.85,76.96,0.67,21.15,2.07,4.46,10,286,1213,2172,-807,1816,0,-1394,-11172.990000000002,-11797.987000000001,-2224.237000000002,286,2171.9700000000003,-760.0299999999997,1890.9700000000003,5,0,56036826,-189.767,-754.622,6,-954,-9211,-3920,,-1689,-13155.193,-10283.335,-3614.8189999999986,45.76,19.5,23.73,11.04,false,false,-0.55,-0.39,中期趨勢仍向下；外資持股5/10日下降，且外資5日賣超；20日趨勢尚未上彎；當下除權息調整價未守20日EMA
313,2547,日勝生,TWSE,建材營造,暫不承接,保護持有,今天不新增部位；未完成確認前不機械式賣出,今天收盤後；若跌破，再看下一交易日是否收復,已有部位暫停加碼；若收盤跌破60日EMA約 10.61，且下一交易日仍未收復，先減碼三分之一；若ETF或外資繼續轉弱，再分批降低部位。,44.3,52.7,44.7,85,100,完整,10.1,10.13,152.25,60.16,17.73,77.43,77.87,0.01,84.17,0.78,7.92,1,0,0,0,-21,-77,0,-4479.548,-1358.3220000000001,1771.386,6699.581,0,0,-20.887999999999998,398.728,0,0,0,118.17,-87.41699999999999,13.83,-3991,-566,8641,,-4434,-1476.4920000000002,1879.691,6234.682000000001,38.8,58.05,61.33,51.49,false,true,-3.6,-1.94,中期趨勢仍向下；20日趨勢尚未上彎；當下除權息調整價未守20日EMA
314,6409,旭隼,TWSE,其他電子業,暫不承接,保護持有,今天不新增部位；未完成確認前不機械式賣出,今天收盤後；若跌破，再看下一交易日是否收復,已有部位暫停加碼；若收盤跌破60日EMA約 956.72，且下一交易日仍未收復，先減碼三分之一；若ETF或外資繼續轉弱，再分批降低部位。,53.1,52.5,44,85,100,完整,995,991,25.81,-4.29,18.11,58.77,134.82,12.58,38.55,11.04,3.7,12,-2,-3,-9,-4,455,0,-36.255,-97.23599999999999,-47.89899999999996,387.73800000000006,-2.025,-7.215999999999999,-1.652,485.04200000000003,1,4,-7179920,13.626999999999999,14.87,52.57,-26,6,650,,-25.969,-103.64699999999999,-61.116999999999976,-53.58299999999997,50.41,56.77,57,56.32,false,true,0.15,3.32,ETF短中期同步減碼；20日累積後5日轉為調節；ETF 1/3日已轉為減碼；20日趨勢尚未上彎；當下除權息調整價未守20日EMA
315,3059,華晶科,TWSE,光電業,暫不承接,保護持有,今天不新增部位；未完成確認前不機械式賣出,今天收盤後；若跌破，再看下一交易日是否收復,已有部位暫停加碼；若收盤跌破60日EMA約 42.56，且下一交易日仍未收復，先減碼三分之一；若ETF或外資繼續轉弱，再分批降低部位。,52.5,52.4,56,85,100,完整,40.8,41.05,4.71,7.04,6.46,35.86,200.37,0.64,32.38,1.23,2.45,2,0,0,0,0,0,0,780.796,1180.718,2289.2019999999998,3353.015000000001,0,0,0,0,0,0,0,-2.403,-94.38900000000001,8.89,776,1333,3425,,776.299,1183.1209999999999,2383.5909999999994,4066.593,46.84,82.02,70.89,104.28,false,false,-0.13,2,中期趨勢仍向下；20日趨勢尚未上彎
316,2634,漢翔,TWSE,航運業,暫不承接,降低部位,停止加碼；反彈未站回恢復區時分批減碼,每個交易日收盤後，確認是否站回恢復區,已有部位先停止加碼。反彈若仍未站回 61.44，分批降低部位；只有站回且ETF／外資賣壓收斂後才重新評估。,51.1,52.3,39.2,85,96.9,可用,61.7,64.2,19.99,8.92,9.96,63.19,151.33,1.3,29.81,3.16,1.26,3,-12,-25,-874,-687,1055,-800,-2169.942,-10495.301,-6204.896000000001,-14213.636000000002,-12,-874.02,-669.02,1082.98,0,5,-53927034,-98.32800000000003,792.322,3.88,-1925,-9575,953,,-1875.661,-9522.953,-6328.198,-10944.604000000003,51.98,50.9,46.35,60,false,false,0.42,-2.83,ETF短中期同步減碼；20日累積後5日轉為調節；ETF 1/3日已轉為減碼；主動ETF 5日轉為減碼；投信5/10日持續且具金額意義的賣超；20日趨勢尚未上彎；官方重大訊息出現高風險關鍵字，須查原文
317,2355,敬鵬,TWSE,電子零組件業,暫不承接,保護持有,今天不新增部位；未完成確認前不機械式賣出,今天收盤後；若跌破，再看下一交易日是否收復,已有部位暫停加碼；若收盤跌破60日EMA約 47.23，且下一交易日仍未收復，先減碼三分之一；若ETF或外資繼續轉弱，再分批降低部位。,51.1,52.2,59.1,85,100,完整,42.8,43.5,15.91,6.17,4.6,31.31,221.89,1.07,22.53,0.97,2.34,1,0,0,0,0,-594,0,305.936,1001.3889999999999,1233.476,3147.9310000000005,0,0,0,-594,0,0,0,47.419999999999995,48.55699999999999,17.91,275,1154,8740,,294,953.9689999999999,1184.919,4509.335,47.89,90.93,77.48,117.84,false,false,1.32,4.52,中期趨勢仍向下；20日趨勢尚未上彎；官方重大訊息出現高風險關鍵字，須查原文
318,2401,凌陽,TWSE,半導體業,暫不承接,降低部位,停止加碼；反彈未站回恢復區時分批減碼,每個交易日收盤後，確認是否站回恢復區,已有部位先停止加碼。反彈若仍未站回 28.09，分批降低部位；只有站回且ETF／外資賣壓收斂後才重新評估。,49.7,52.1,52.6,85,100,完整,27.7,27.73,37.59,22.12,9.83,27.75,359.89,0.35,277,1.94,,2,0,0,-40,20,51,0,-47.801,-470.20599999999996,1139.5180000000003,-3786.7030000000004,0,-40,20,51,0,1,-1108000,142.99899999999997,316.513,18.46,400,-614,-1129,,-111.725,-573.2049999999999,803.005,-3081.6600000000003,48.83,78.08,69.49,95.25,false,false,0.16,-0.18,中期趨勢仍向下；20日累積後5日轉為調節；外資持股5/10日下降，且外資5日賣超；20日趨勢尚未上彎
319,6415,矽力*-KY,TWSE,半導體業,暫不承接,降低部位,停止加碼；反彈未站回恢復區時分批減碼,每個交易日收盤後，確認是否站回恢復區,已有部位先停止加碼。反彈若仍未站回 478.50，分批降低部位；只有站回且ETF／外資賣壓收斂後才重新評估。,50.4,52.1,59.3,85,90.7,可用,449,476.25,58.55,30.14,8.03,16.19,578.28,1.98,60.35,4.57,0.57,15,-50,-136,-158,-437,-1000,-143,-883.711,58.24400000000003,-420.61299999999994,-2675.25,-1359,-1466.823,-3622.8230000000003,-7641.463000000001,0,5,-658603527,-42.408,6.018000000000001,81.16,513,1583,5994,,499.746,1567.475,3196.192,5290.804999999999,46.16,68.29,65.12,74.65,false,false,-1.55,0.9,中期趨勢仍向下；ETF短中期同步減碼；ETF 1/3日已轉為減碼；主動ETF 5日轉為減碼；投信5/10日持續且具金額意義的賣超；20日趨勢尚未上彎；單季稅前獲利對營業外貢獻依賴偏高
320,2481,強茂,TWSE,半導體業,暫不承接,降低部位,停止加碼；反彈未站回恢復區時分批減碼,每個交易日收盤後，確認是否站回恢復區,已有部位先停止加碼。反彈若仍未站回 146.63，分批降低部位；只有站回且ETF／外資賣壓收斂後才重新評估。,50.5,52,43.3,85,91,可用,139,145,30.98,16.46,6.5,48.21,180.12,0.75,44.13,3.66,1.29,6,0,124,-30,915,354,-26,-3935.992,-5278.025000000001,-19170.48,-30583.150999999987,-426,300.24,5429.29,-4727.71,1,2,41733360,149.73100000000002,-87.98200000000003,17.37,-3590,-5602,-20751,,-3556.74,-5727.995999999999,-24511.788,-23502.271999999997,46.63,80.68,69.46,103.11,false,false,-1.88,3.73,中期趨勢仍向下；20日累積後5日轉為調節；外資持股5/10日下降，且外資5日賣超；20日趨勢尚未上彎
321,2375,凱美,TWSE,電子零組件業,暫不承接,降低部位,停止加碼；反彈未站回恢復區時分批減碼,每個交易日收盤後，確認是否站回恢復區,已有部位先停止加碼。反彈若仍未站回 143.68，分批降低部位；只有站回且ETF／外資賣壓收斂後才重新評估。,48.9,51.9,54.6,85,91,可用,127,135.25,37.92,12.71,6.01,33.33,175.11,0.78,38.6,1.38,0.94,3,-2,-2,-8,202,487,0,-107.118,-1573.0199999999998,-3138.3929999999996,3123.1250000000005,-2,-8,202,487,0,2,-1016000,2.565000000000005,82.446,13.42,198,-1278,-453,,-95.92,-1567.5850000000003,-3422.839,2654.1400000000003,42,67.88,56.17,91.29,false,false,-4.96,2.83,中期趨勢仍向下；20日累積後5日轉為調節；ETF 1/3日已轉為減碼；外資持股5/10日下降，且外資5日賣超；20日趨勢尚未上彎
322,2313,華通,TWSE,電子零組件業,暫不承接,保護持有,今天不新增部位；未完成確認前不機械式賣出,今天收盤後；若跌破，再看下一交易日是否收復,已有部位暫停加碼；若收盤跌破60日EMA約 222.73，且下一交易日仍未收復，先減碼三分之一；若ETF或外資繼續轉弱，再分批降低部位。,56.8,51.8,45.8,85,100,可用,209,217.75,16.01,13.61,9.84,51.87,165.85,2.5,33.66,5.13,1.34,17,17,143,345,384,597,92,-2040.621,-8151.491000000001,5649.025999999998,-5643.229000000003,404,2017.4260000000002,9926.426,5747.016,4,1,421642034,-676.28,-154.80199999999996,19.14,-2008,-6453,23129,,-2555.382,-9492.637,-4122.598000000002,-7725.6910000000025,49.6,78.74,72.92,90.39,false,false,1.11,-4.13,中期趨勢仍向下；外資持股趨勢資料不足或期間有非市場異動；20日趨勢尚未上彎
323,4915,致伸,TWSE,電子零組件業,暫不承接,降低部位,停止加碼；反彈未站回恢復區時分批減碼,每個交易日收盤後，確認是否站回恢復區,已有部位先停止加碼。反彈若仍未站回 67.88，分批降低部位；只有站回且ETF／外資賣壓收斂後才重新評估。,46.7,51.8,53.5,85,100,完整,60.4,60.75,9.34,12.3,4.03,62.65,127.13,2.55,12.2,1.4,7.57,11,646,639,647,1539,-118,0,182.822,-3423.407,-2100.5689999999995,-2408.1059999999993,646,646.606,1538.606,-11.66800000000012,2,1,39055002,-3.618000000000002,-59.87700000000001,26.3,-164,-2046,-4283,,-451.372,-4066.395,-3579.2980000000002,-2349.1190000000006,33.25,16.63,21.63,6.61,false,false,-5.06,-5.18,中期趨勢仍向下；外資持股5/10日下降，且外資5日賣超；20日趨勢尚未上彎；當下除權息調整價未守20日EMA
324,6290,良維,TPEX,電子零組件業,暫不承接,保護持有,今天不新增部位；未完成確認前不機械式賣出,今天收盤後；若跌破，再看下一交易日是否收復,已有部位暫停加碼；若收盤跌破60日EMA約 256.77，且下一交易日仍未收復，先減碼三分之一；若ETF或外資繼續轉弱，再分批降低部位。,44,51.6,61.8,85,100,可用,218.5,224.25,14.36,8.07,17.85,40.09,258.6,4.5,23.27,4.7,2.83,1,0,0,-1,1,1,0,-344.183,-344.183,-344.183,-344.183,0,0,0,0,0,0,0,-26.364,-26.364,19.05,,,,,-317.819,-317.819,-317.819,-317.819,41.05,67.05,54.96,91.24,false,false,-4.43,2.34,中期趨勢仍向下；20日累積後5日轉為調節；外資持股趨勢資料不足或期間有非市場異動；20日趨勢尚未上彎；當下除權息調整價未守20日EMA
325,8261,富鼎,TWSE,半導體業,暫不承接,降低部位,停止加碼；反彈未站回恢復區時分批減碼,每個交易日收盤後，確認是否站回恢復區,已有部位先停止加碼。反彈若仍未站回 206.67，分批降低部位；只有站回且ETF／外資賣壓收斂後才重新評估。,45.8,51.4,66.1,85,100,完整,184,202,10.26,8.42,23.89,19.47,421.83,3.07,27.59,3.83,2.72,2,-2,-2,-7,-274,-43,0,418.562,799.0190000000001,-965.7599999999998,3511.8910000000005,-2,-7,-274,-43,0,2,-1288000,-10.322000000000003,-86.22200000000001,10.84,458,1339,3603,,414.497,816.341,-605.538,3998.3059999999996,41.13,60.98,44.3,94.35,false,false,-9.05,2.51,中期趨勢仍向下；ETF短中期同步減碼；ETF 1/3日已轉為減碼；20日趨勢尚未上彎；當下除權息調整價未守20日EMA
326,6282,康舒,TWSE,電子零組件業,暫不承接,降低部位,停止加碼；反彈未站回恢復區時分批減碼,每個交易日收盤後，確認是否站回恢復區,已有部位先停止加碼。反彈若仍未站回 51.65，分批降低部位；只有站回且ETF／外資賣壓收斂後才重新評估。,48.2,51.2,46.6,85,100,完整,47.15,48.18,42.45,27.31,2.16,57.03,160.52,0.37,38.65,1.78,1.7,5,27,-52,-52,481,481,29,-7662.91,-11031.895999999997,-6600.224999999996,-20003.186999999998,27,-51.569,481.431,481.431,1,2,-2431478,-44.99399999999999,424.193,12,-7271,-11908,-8729,,-7131.645,-10935.333,-7505.849,-19982.516,45.42,76.81,72.4,85.64,false,false,-2.56,-1.77,中期趨勢仍向下；20日累積後5日轉為調節；外資持股5/10日下降，且外資5日賣超；20日趨勢尚未上彎；當下除權息調整價未守20日EMA
327,2329,華泰,TWSE,半導體業,暫不承接,保護持有,今天不新增部位；未完成確認前不機械式賣出,今天收盤後；若跌破，再看下一交易日是否收復,已有部位暫停加碼；若收盤跌破60日EMA約 49.27，且下一交易日仍未收復，先減碼三分之一；若ETF或外資繼續轉弱，再分批降低部位。,52.1,50.9,48.2,85,100,完整,44.7,45.78,1.84,9.26,5.98,38.44,141.36,0.96,19.96,1.8,2.24,4,0,-9,3,12,328,0,375.777,827.692,2360.587,-5436.295999999999,0,2.492000000000001,11.492,327.492,1,1,111392,36.133,61.38300000000001,9.4,240,446,-481,,407.27,789.067,2287.7120000000004,-4444.932999999999,46.49,83.9,73.45,104.78,false,false,-0.43,0.9,中期趨勢仍向下；20日趨勢尚未上彎
328,4958,臻鼎-KY,TWSE,電子零組件業,暫不承接,降低部位,停止加碼；反彈未站回恢復區時分批減碼,每個交易日收盤後，確認是否站回恢復區,已有部位先停止加碼。反彈若仍未站回 487.83，分批降低部位；只有站回且ETF／外資賣壓收斂後才重新評估。,48.3,50.4,48.1,85,100,可用,471.5,494,31.82,16.5,7.03,39.71,160.6,3.55,55.8,3.39,0.73,40,-2521,-4656,-5673,-4759,-3672,-5715,-17708.007,-27130.311,-40099.887,-57714.23100000001,-1861.211,-1112.0320000000002,2885.192,-603.8250000000003,2,3,-524323088,-298.28200000000015,393.93499999999983,54.98,-8209,-19029,-38940,,-15022.433,-25719.997,-43379.013999999996,-56372.644,46.62,74.05,66.53,89.1,false,false,-2.41,-3.38,中期趨勢仍向下；ETF短中期同步減碼；ETF 1/3日已轉為減碼；主動ETF 5日轉為減碼；外資持股5/10日下降，且外資5日賣超；20日趨勢尚未上彎
329,6788,華景電,TPEX,半導體業,暫不承接,保護持有,今天不新增部位；未完成確認前不機械式賣出,今天收盤後；若跌破，再看下一交易日是否收復,已有部位暫停加碼；若收盤跌破60日EMA約 380.71，且下一交易日仍未收復，先減碼三分之一；若ETF或外資繼續轉弱，再分批降低部位。,53.7,50.1,31.8,85,85,可用,363.5,370.5,61.53,18.22,,,,,19.66,5.82,4.13,2,0,0,0,5,5,0,60.663,60.663,60.663,60.663,0,0,0,0,0,0,0,4.663,4.663,11.71,,,,,56,56,56,56,50.8,82.78,74.06,100.23,false,false,2.53,1.25,中期趨勢仍向下；外資持股趨勢資料不足或期間有非市場異動；20日趨勢尚未上彎
330,2402,毅嘉,TWSE,電子零組件業,暫不承接,降低部位,停止加碼；反彈未站回恢復區時分批減碼,每個交易日收盤後，確認是否站回恢復區,已有部位先停止加碼。反彈若仍未站回 60.45，分批降低部位；只有站回且ETF／外資賣壓收斂後才重新評估。,45.9,49.8,44.5,85,91,可用,56.7,57.05,24.02,17.28,2.87,55.67,145.67,0.07,29.08,2.45,3.53,1,0,0,-61,-61,0,-61,445.445,1183.689,1172.569,-415.5490000000001,0,-61,-61,0,0,1,-3458700,52.46900000000001,158.704,5.45,410,1700,2607,,447.937,1192.2199999999998,1074.8649999999998,186.89599999999967,47.73,80.44,67.13,107.07,false,false,0.52,5,中期趨勢仍向下；ETF短中期同步減碼；主動ETF 5日轉為減碼；20日趨勢尚未上彎
331,3576,聯合再生,TWSE,光電業,暫不承接,保護持有,今天不新增部位；未完成確認前不機械式賣出,今天收盤後；若跌破，再看下一交易日是否收復,已有部位暫停加碼；若收盤跌破60日EMA約 17.55，且下一交易日仍未收復，先減碼三分之一；若ETF或外資繼續轉弱，再分批降低部位。,53.8,49.7,39.9,85,91,可用,17.3,17.88,72.75,-14.82,-86.65,48.61,146.42,1.07,41.19,2.15,,1,0,-6,-6,-6,-6,0,775.029,1274.66,-1983.4859999999996,31758.572,0,-6.181,-6.181,-6.181,0,1,-106931,9.998999999999999,-88,14.48,772,1271,-3555,,772.029,1270.842,-1889.305,31766.753000000004,49.99,58.08,52.97,68.29,false,false,0.27,-5.21,ETF短中期同步減碼；單季稅前獲利對營業外貢獻依賴偏高
332,6789,采鈺,TWSE,半導體業,暫不承接,保護持有,今天不新增部位；未完成確認前不機械式賣出,今天收盤後；若跌破，再看下一交易日是否收復,已有部位暫停加碼；若收盤跌破60日EMA約 474.01，且下一交易日仍未收復，先減碼三分之一；若ETF或外資繼續轉弱，再分批降低部位。,56.2,49.5,50.9,85,100,完整,452.5,459,24.63,11.27,21.04,18.54,367.01,2.95,86.35,7.8,0.66,8,0,1,4,12,-122,0,321.382,-407.65099999999995,-71.36099999999993,2024.3600000000001,0,3.657,16.657,-114.343,3,1,1654793,-10.97300000000001,40.93299999999999,4.64,259,-151,1403,,274.582,-400.3350000000001,-128.9510000000001,2404.9010000000003,48.11,65.14,56.83,81.78,false,false,-0.17,-0.22,中期趨勢仍向下；20日趨勢尚未上彎；估值高且成長不足以支撐
333,1722,台肥,TWSE,化學工業,暫不承接,降低部位,停止加碼；反彈未站回恢復區時分批減碼,每個交易日收盤後，確認是否站回恢復區,已有部位先停止加碼。反彈若仍未站回 46.71，分批降低部位；只有站回且ETF／外資賣壓收斂後才重新評估。,49.9,49.1,50.7,85,100,完整,46.1,46.05,9.75,6.83,4.8,36.33,228.72,0.43,54.88,0.85,4.34,4,0,-5,-5,-4,5,0,58.977,3310.728,2555.1310000000003,2527.348000000001,0,-4.963,16.037,37.037,1,1,-228794,750.693,690.559,8.5,178,-609,-1397,,-65,2564.998,1848.5349999999999,1700.7499999999995,47.08,57.98,40.81,92.32,false,false,-0.11,1.77,中期趨勢仍向下；ETF短中期同步減碼；20日累積後5日轉為調節；20日趨勢尚未上彎；當下除權息調整價未守20日EMA
334,8028,昇陽半導體,TWSE,半導體業,暫不承接,降低部位,停止加碼；反彈未站回恢復區時分批減碼,每個交易日收盤後，確認是否站回恢復區,已有部位先停止加碼。反彈若仍未站回 281.93，分批降低部位；只有站回且ETF／外資賣壓收斂後才重新評估。,40.1,48.9,40.6,85,91,可用,265,269.75,36.53,29.62,25.5,57.58,129.28,1.61,58.63,8.75,1.02,3,0,-221,-221,-179,-93,-218,405.205,-4602.847,-4496,-85.63899999999967,-790,-2388.843,-2986.843,-2273.843,0,5,-633043395,-25.307999999999993,-49.783999999999985,26.61,1140,-2158,-699,,1161.276,-2188.696,-1459.373,2414.861,45.03,51.15,47.27,58.9,false,false,-4.15,-6.03,中期趨勢仍向下；ETF短中期同步減碼；主動ETF 5日轉為減碼；投信5/10日持續且具金額意義的賣超；外資持股5/10日下降，且外資5日賣超；20日趨勢尚未上彎；當下除權息調整價未守20日EMA
335,3714,富采,TWSE,光電業,暫不承接,保護持有,今天不新增部位；未完成確認前不機械式賣出,今天收盤後；若跌破，再看下一交易日是否收復,已有部位暫停加碼；若收盤跌破60日EMA約 58.93，且下一交易日仍未收復，先減碼三分之一；若ETF或外資繼續轉弱，再分批降低部位。,53,48.8,53.1,85,100,完整,58.3,59.15,24.92,5.07,-5.92,18.44,355.3,1.49,,0.99,1.54,2,0,-9,-9,-9,-9,0,2899.627,1364.5739999999998,4638.383,10178.536000000002,0,-8.636,-8.636,-8.636,0,1,-503479,213.33100000000002,238.572,13.06,1835,493,6989,,2866.681,1159.8790000000001,4408.446999999999,10279.685999999998,53.59,82.91,75.51,97.71,false,false,4.73,5.81,中期趨勢仍向下；ETF短中期同步減碼；20日趨勢尚未上彎；單季稅前獲利對營業外貢獻依賴偏高
336,6472,保瑞,TWSE,生技醫療業,暫不承接,保護持有,今天不新增部位；未完成確認前不機械式賣出,今天收盤後；若跌破，再看下一交易日是否收復,已有部位暫停加碼；若收盤跌破60日EMA約 409.97，且下一交易日仍未收復，先減碼三分之一；若ETF或外資繼續轉弱，再分批降低部位。,56.8,48.7,34.6,85,91,可用,424,425.5,5.77,-0.09,10.18,63.32,138.18,0.21,33.6,3.71,2.36,2,0,-1,-1,-1,-3,0,17.414,482.958,1577.153,1151.6070000000002,0,-0.037,1.963,1.963,0,1,-15688,-24.162,55.82899999999999,11.84,9,598,1218,,40.325,507.1569999999999,1519.3609999999999,1251.9859999999999,56.14,78.12,71.28,91.78,false,false,3.39,-0.12,累計營收負成長且當月改善不足；ETF短中期同步減碼；20日趨勢尚未上彎
337,1301,台塑,TWSE,塑膠工業,暫不承接,保護持有,今天不新增部位；未完成確認前不機械式賣出,今天收盤後；若跌破，再看下一交易日是否收復,已有部位暫停加碼；若收盤跌破60日EMA約 55.03，且下一交易日仍未收復，先減碼三分之一；若ETF或外資繼續轉弱，再分批降低部位。,56.2,48.5,48,85,100,完整,56.2,58.55,4.77,-2.48,1.77,26.47,301.26,2.19,34.27,0.62,0.89,6,0,-15,-15,-276,399,-9,5606.959,1748.6040000000003,-23885.255999999998,-33660.19899999999,0,-15.126,-276.126,386.774,0,1,-850081,112.18299999999994,-948.4920000000002,33.5,4503,97,-23818,,5402.759,1651.547000000001,-22660.638,-31162.285000000003,48.18,49.96,36.79,76.3,false,false,-1.34,0.36,累計營收負成長且當月改善不足；ETF短中期同步減碼；20日累積後5日轉為調節；主動ETF 5日轉為減碼；20日趨勢尚未上彎；官方重大訊息出現高風險關鍵字，須查原文；單季稅前獲利對營業外貢獻依賴偏高
338,3481,群創,TWSE,光電業,暫不承接,保護持有,今天不新增部位；未完成確認前不機械式賣出,今天收盤後；若跌破，再看下一交易日是否收復,已有部位暫停加碼；若收盤跌破60日EMA約 50.05，且下一交易日仍未收復，先減碼三分之一；若ETF或外資繼續轉弱，再分批降低部位。,58.9,48.5,39.5,85,90.2,可用,50.4,51.15,-1.94,13.55,2.25,40.84,145.85,0.2,458.18,1.78,1.98,14,-12,-96,-132,-989,1127,-12,-206.399,23249.962,-59891.66900000001,-33359.606000000014,-17.596,-137.607,-1276.0430000000001,-70699.698,0,4,-6935393,1759.0590000000002,-3381.75,21.58,-9512,16757,5877,,-979.5,21628.510000000002,-55233.876,50003.126000000004,48.45,77.99,69.29,95.38,false,false,-0.03,5.44,ETF短中期同步減碼；20日累積後5日轉為調節；ETF 1/3日已轉為減碼；主動ETF 5日轉為減碼；20日趨勢尚未上彎；估值高且成長不足以支撐
339,2548,華固,TWSE,建材營造,暫不承接,降低部位,停止加碼；反彈未站回恢復區時分批減碼,每個交易日收盤後，確認是否站回恢復區,已有部位先停止加碼。反彈若仍未站回 100.53，分批降低部位；只有站回且ETF／外資賣壓收斂後才重新評估。,36.5,48.4,62.4,85,100,可用,93.6,93.65,-91.05,102.17,20.15,61.37,222.93,2.81,7.57,1.44,9.08,1,0,-4,-4,-4,-97,0,-238.004,-3447.932,-7309.9259999999995,-8286.387999999999,0,-70.209,-64.209,-154.209,0,3,-6571562,12.397000000000002,-118.39299999999999,14.9,-115,639,-2821,,-234.7,-3390.12,-7127.324,-7944.101999999999,35.78,10.91,19.28,-5.82,false,false,-2.92,-3.01,中期趨勢仍向下；ETF短中期同步減碼；外資持股趨勢資料不足或期間有非市場異動；20日趨勢尚未上彎；當下除權息調整價未守20日EMA
340,2458,義隆,TWSE,半導體業,暫不承接,降低部位,停止加碼；反彈未站回恢復區時分批減碼,每個交易日收盤後，確認是否站回恢復區,已有部位先停止加碼。反彈若仍未站回 159.19，分批降低部位；只有站回且ETF／外資賣壓收斂後才重新評估。,43.4,48.4,56.2,85,91,可用,146,146.75,-13.21,2.03,24.15,41.37,173.47,2.46,16.08,4.32,4.84,18,0,-226,-387,-516,333,97,-429.937,-8403.403,-7624.6810000000005,-5026.229,-200,-1326.1599999999999,-1448.9889999999998,-406.8309999999998,1,4,-193619360,-117.94900000000001,-186.36,21.24,-236,-6623,-4838,,-220.48,-6959.294,-5989.332,-4149.861,38.72,24.83,25.53,23.41,false,false,-6.54,-9.03,中期趨勢仍向下；ETF短中期同步減碼；20日累積後5日轉為調節；投信5/10日持續且具金額意義的賣超；外資持股5/10日下降，且外資5日賣超；20日趨勢尚未上彎；當下除權息調整價未守20日EMA；借券賣出與借券賣出餘額壓力升高
341,1514,亞力,TWSE,電機機械,暫不承接,降低部位,停止加碼；反彈未站回恢復區時分批減碼,每個交易日收盤後，確認是否站回恢復區,已有部位先停止加碼。反彈若仍未站回 109.88，分批降低部位；只有站回且ETF／外資賣壓收斂後才重新評估。,48.2,48.3,43.5,85,100,完整,102,104.25,6.51,14.57,9.84,54.56,175.67,1.65,27.95,4.39,2.16,2,0,-4,-4,-3,-3,0,-363.105,-587.197,-325.26500000000004,-453.03800000000007,0,-4.394,-2.394,0.6059999999999999,0,1,-448188,7.161999999999997,6.838999999999999,12.87,-150,81,-3317,,-382.505,-589.965,-329.71000000000004,-353.055,44.68,78.45,70.46,94.42,false,false,-1.12,0.49,中期趨勢仍向下；ETF短中期同步減碼；20日趨勢尚未上彎
342,3592,瑞鼎,TWSE,半導體業,暫不承接,降低部位,停止加碼；反彈未站回恢復區時分批減碼,每個交易日收盤後，確認是否站回恢復區,已有部位先停止加碼。反彈若仍未站回 249.50，分批降低部位；只有站回且ETF／外資賣壓收斂後才重新評估。,39.4,48.3,52.7,85,100,完整,238,240,13.97,6.21,5.23,47.33,188.43,8.35,13.98,1.59,6.13,6,0,-2,-14,-69,-718,0,-76.13,-451.32400000000007,-460.52600000000007,-11.077000000000083,0,-14,-69,-756.931,0,2,-3332000,-7.999999999999999,-11.947999999999999,15.04,-41,-236,133,,-67.13,-429.32399999999996,-379.5779999999999,758.5400000000001,44.46,69.69,71.57,65.92,false,true,-1.51,-2.26,中期趨勢仍向下；ETF短中期同步減碼；20日趨勢尚未上彎；當下除權息調整價未守20日EMA
343,4123,晟德,TPEX,生技醫療業,暫不承接,保護持有,今天不新增部位；未完成確認前不機械式賣出,今天收盤後；若跌破，再看下一交易日是否收復,已有部位暫停加碼；若收盤跌破60日EMA約 38.50，且下一交易日仍未收復，先減碼三分之一；若ETF或外資繼續轉弱，再分批降低部位。,42.3,48.1,56.8,85,82,可用,35.1,34.05,15.28,18.09,51.98,28.42,184.68,-11.24,26.39,1.54,6.4,1,33,33,33,618,618,33,152.697,152.697,152.697,152.697,33,33,33,33,1,0,1158300,-47.189,-47.189,11.65,,,,,166.886,166.886,166.886,166.886,30.78,53.31,68.08,23.78,false,true,-8.15,-10.34,中期趨勢仍向下；外資持股趨勢資料不足或期間有非市場異動；20日趨勢尚未上彎；當下除權息調整價未守20日EMA
344,9904,寶成,TWSE,運動休閒,暫不承接,保護持有,今天不新增部位；未完成確認前不機械式賣出,今天收盤後；若跌破，再看下一交易日是否收復,已有部位暫停加碼；若收盤跌破60日EMA約 25.04，且下一交易日仍未收復，先減碼三分之一；若ETF或外資繼續轉弱，再分批降低部位。,51.3,47.6,54.4,85,91,可用,23.95,23.83,-0.64,-2.57,3.16,37.44,149.28,0.76,6.6,0.47,5.43,11,-27,-49,26,710,-14199,0,-3295.377,7441.442999999999,-22141.571999999996,-12025.971999999994,80,560.457,552.3530000000001,-17241.265000000003,5,0,13422945,-412.621,-422.1910000000001,28.49,-3367,10797,-10033,,-3377.082,7293.607000000001,-22271.734000000004,3987.6969999999983,43.13,53.9,44.9,71.91,false,false,-0.76,2.13,累計營收負成長且當月改善不足；中期趨勢仍向下；ETF 1/3日已轉為減碼；20日趨勢尚未上彎；當下除權息調整價未守20日EMA
345,3357,臺慶科,TPEX,電子零組件業,暫不承接,保護持有,今天不新增部位；未完成確認前不機械式賣出,今天收盤後；若跌破，再看下一交易日是否收復,已有部位暫停加碼；若收盤跌破60日EMA約 234.34，且下一交易日仍未收復，先減碼三分之一；若ETF或外資繼續轉弱，再分批降低部位。,49.2,47.5,27.9,85,85,可用,230.5,253.5,63.31,29.22,,,,,23.71,2.67,2.21,2,0,0,-1,-142,-16,0,534.382,534.382,534.382,534.382,0,0,0,0,0,0,0,75.518,75.518,20.86,,,,,458.864,458.864,458.864,458.864,52.3,84.04,72.84,106.43,false,false,4.99,9.76,中期趨勢仍向下；ETF短中期同步減碼；外資持股趨勢資料不足或期間有非市場異動；20日趨勢尚未上彎；短線過熱或乖離過大
346,3680,家登,TPEX,半導體業,暫不承接,保護持有,今天不新增部位；未完成確認前不機械式賣出,今天收盤後；若跌破，再看下一交易日是否收復,已有部位暫停加碼；若收盤跌破60日EMA約 475.76，且下一交易日仍未收復，先減碼三分之一；若ETF或外資繼續轉弱，再分批降低部位。,52.2,47.1,26.7,85,85,可用,452.5,471.5,71.69,28.67,,,,,46.27,3.87,1.52,2,0,0,-1,1,1,0,246.944,246.944,246.944,246.944,0,0,0,0,0,0,0,30.353,30.353,26.35,,,,,216.591,216.591,216.591,216.591,48.77,78.82,68.03,100.38,false,false,0.57,1.12,中期趨勢仍向下；20日累積後5日轉為調節；外資持股趨勢資料不足或期間有非市場異動；20日趨勢尚未上彎
347,3293,鈊象,TPEX,文化創意業,暫不承接,保護持有,今天不新增部位；未完成確認前不機械式賣出,今天收盤後；若跌破，再看下一交易日是否收復,已有部位暫停加碼；若收盤跌破60日EMA約 754.52，且下一交易日仍未收復，先減碼三分之一；若ETF或外資繼續轉弱，再分批降低部位。,55.2,47,25.6,85,85,可用,781,762.5,25.86,17.13,,,,,19.35,18.28,4.61,19,11,20,-2,-196,-152,-24,-252.308,-252.308,-252.308,-252.308,11,11,11,11,1,0,8591000,-23.151,-23.151,26.26,,,,,-240.157,-240.157,-240.157,-240.157,57.15,77.11,81.99,67.36,false,true,2.2,0.51,ETF短中期同步減碼；主動ETF 5日轉為減碼；外資持股趨勢資料不足或期間有非市場異動；當下除權息調整價未守20日EMA；KD高檔死亡交叉，等待動能確認
348,2352,佳世達,TWSE,電腦及週邊設備業,暫不承接,保護持有,今天不新增部位；未完成確認前不機械式賣出,今天收盤後；若跌破，再看下一交易日是否收復,已有部位暫停加碼；若收盤跌破60日EMA約 29.30，且下一交易日仍未收復，先減碼三分之一；若ETF或外資繼續轉弱，再分批降低部位。,48.4,46.9,37.3,85,100,完整,28.9,29.13,4.13,1.48,1.29,69.11,115.41,0.58,37.53,1.15,3.46,6,-4,-20,12,67,3027,0,1.552,-2081.1470000000004,2497.7939999999994,-6433.179,-4,12.195,67.195,3027.195,1,2,352436,101.012,59.19200000000002,7.92,-1126,-1554,3723,,-23.395,-2194.3540000000003,2371.4069999999997,-8992.878,47.29,66.5,60.12,79.26,false,false,-0.91,1.58,中期趨勢仍向下；ETF 1/3日已轉為減碼；20日趨勢尚未上彎；當下除權息調整價未守20日EMA
349,9921,巨大,TWSE,運動休閒,暫不承接,保護持有,今天不新增部位；未完成確認前不機械式賣出,今天收盤後；若跌破，再看下一交易日是否收復,已有部位暫停加碼；若收盤跌破60日EMA約 82.12，且下一交易日仍未收復，先減碼三分之一；若ETF或外資繼續轉弱，再分批降低部位。,55.4,46.8,38.5,85,100,完整,109,109.25,12.75,-7.36,2.77,48.95,184.22,1.11,70.32,1.24,1.65,2,0,-1,-1,-1,1,0,2388.447,12467.350000000002,12604.323000000002,14925.423000000003,120,119.276,272.276,178.276,1,1,13001084,128.37900000000002,137.54100000000003,30.89,2039,11432,11955,,2334.622,12219.695,12194.506000000001,14448.084000000003,77.86,84.85,73.12,108.3,false,false,20.21,28.08,ETF短中期同步減碼；20日累積後5日轉為調節；短線過熱或乖離過大
350,3583,辛耘,TWSE,半導體業,暫不承接,降低部位,停止加碼；反彈未站回恢復區時分批減碼,每個交易日收盤後，確認是否站回恢復區,已有部位先停止加碼。反彈若仍未站回 751.21，分批降低部位；只有站回且ETF／外資賣壓收斂後才重新評估。,53,46.8,32.6,85,91,可用,734,745,6.58,6.76,12.95,70.99,109.29,4.14,49.76,7.72,0.78,7,-150,-251,-161,-38,-582,-160,308.428,161.33100000000002,271.01099999999997,367.5799999999999,-195.6,-409.99,-387.99,-1057.99,1,4,-300932660,24.121999999999993,106.381,22.24,458,647,1131,,466.091,547.1990000000001,552.6200000000001,1434.7010000000002,50,79.31,67.96,102.02,false,false,1.82,4.41,中期趨勢仍向下；ETF短中期同步減碼；ETF 1/3日已轉為減碼；投信5/10日持續且具金額意義的賣超；20日趨勢尚未上彎
351,2646,星宇航空,TWSE,航運業,暫不承接,降低部位,停止加碼；反彈未站回恢復區時分批減碼,每個交易日收盤後，確認是否站回恢復區,已有部位先停止加碼。反彈若仍未站回 21.17，分批降低部位；只有站回且ETF／外資賣壓收斂後才重新評估。,39.5,46.5,33.9,85,91,可用,20.55,20.48,42.79,31.97,9.87,78.34,92.65,0.3,228.33,1.94,,2,0,-14,-14,-1803,-1780,0,-2293.308,-9990.427,-7070.902999999998,8749.812000000002,0,-14.304,-1778.304,-1731.304,0,1,-293947,-69.328,-337.99300000000005,3.18,-1568,-9720,-729,,-2296.308,-9906.794999999998,-4954.605999999999,10378.524,38.59,16.31,24.08,0.77,false,false,-2.93,-3.52,中期趨勢仍向下；ETF短中期同步減碼；外資持股5/10日下降，且外資5日賣超；20日趨勢尚未上彎；當下除權息調整價未守20日EMA
352,2851,中再保,TWSE,未分類,暫不承接,保護持有,今天不新增部位；未完成確認前不機械式賣出,今天收盤後；若跌破，再看下一交易日是否收復,已有部位暫停加碼；若收盤跌破60日EMA約 35.48，且下一交易日仍未收復，先減碼三分之一；若ETF或外資繼續轉弱，再分批降低部位。,52.4,46.5,48.8,85,75,可用,36.7,37.1,,,,60.25,,2.3,7.08,1.25,5.99,2,0,-20,-20,-20,1,0,331.12,673.332,931.354,705.384,0,-20,-20,1,0,1,-734000,6.801000000000002,-172.89200000000002,9.26,260,885,1931,,275.619,686.5310000000001,1124.246,737.586,57.57,86.87,77.15,106.33,false,false,2.79,4.86,ETF短中期同步減碼；20日累積後5日轉為調節；20日趨勢尚未上彎
353,6462,神盾,TPEX,半導體業,暫不承接,保護持有,今天不新增部位；未完成確認前不機械式賣出,今天收盤後；若跌破，再看下一交易日是否收復,已有部位暫停加碼；若收盤跌破60日EMA約 107.94，且下一交易日仍未收復，先減碼三分之一；若ETF或外資繼續轉弱，再分批降低部位。,49.9,46.4,22.8,85,85,可用,101.5,102.75,63.86,70.36,,,,,,1.36,0,1,0,0,-10,5,11,0,-77.492,-77.492,-77.492,-77.492,0,0,0,0,0,0,0,-2.492,-2.492,11.24,,,,,-75,-75,-75,-75,48.98,78.31,70.08,94.78,false,false,0.96,2.11,中期趨勢仍向下；20日累積後5日轉為調節；外資持股趨勢資料不足或期間有非市場異動；20日趨勢尚未上彎
354,2369,菱生,TWSE,半導體業,暫不承接,保護持有,今天不新增部位；未完成確認前不機械式賣出,今天收盤後；若跌破，再看下一交易日是否收復,已有部位暫停加碼；若收盤跌破60日EMA約 34.64，且下一交易日仍未收復，先減碼三分之一；若ETF或外資繼續轉弱，再分批降低部位。,48,46.3,41.1,85,100,完整,33.15,33.63,34.22,36.82,3.21,34.41,239.33,0.29,,2.52,,1,0,0,0,0,0,0,637.337,1526.426,1191.7810000000004,-17161.040999999997,0,0,0,0,0,0,0,-85.072,23.200000000000003,15.45,583,1235,-6021,,616.08,1611.4979999999998,1168.5810000000001,-15717.655000000002,46.96,75.76,69.53,88.21,false,false,-1.58,-1.63,中期趨勢仍向下；20日趨勢尚未上彎；當下除權息調整價未守20日EMA
355,2645,長榮航太,TWSE,航運業,暫不承接,降低部位,停止加碼；反彈未站回恢復區時分批減碼,每個交易日收盤後，確認是否站回恢復區,已有部位先停止加碼。反彈若仍未站回 193.91，分批降低部位；只有站回且ETF／外資賣壓收斂後才重新評估。,38.5,46.2,51.5,85,100,可用,182,183,18.48,13.29,20.27,49.28,239.87,4.59,23.21,5.08,2.75,5,19,-16,-36,-95,-543,0,-1265.674,-2801.885,-2380.308,212.38099999999991,32,-121.559,-820.559,-4124.559,1,4,-22123738,-47.943,-32.343,10.3,-1189,-2541,-305,,-1267.973,-2632.383,-1527.406,4514.692,41.78,46.79,51.94,36.47,false,true,-6.14,-7.38,中期趨勢仍向下；ETF短中期同步減碼；投信5/10日持續且具金額意義的賣超；外資持股5/10日下降，且外資5日賣超；20日趨勢尚未上彎；當下除權息調整價未守20日EMA
356,3596,智易,TWSE,通信網路業,暫不承接,降低部位,停止加碼；反彈未站回恢復區時分批減碼,每個交易日收盤後，確認是否站回恢復區,已有部位先停止加碼。反彈若仍未站回 183.04，分批降低部位；只有站回且ETF／外資賣壓收斂後才重新評估。,35.8,46.2,49.4,85,100,完整,168.5,168.75,7.74,2.77,6.57,69.48,125.16,6.5,12.96,2.26,5.34,4,0,-2,-1,-199,-198,0,-705.846,-5746.363,-4306.169,-4213.403000000001,0,-1.242,-198.697,-197.919,1,1,-209277,-35.968,-23.480000000000004,32.15,-698,-5625,-4207,,-701.644,-5709.152999999999,-4083.9919999999993,-3670.6009999999987,38.37,28.32,44.62,-4.29,false,true,-5.99,-10.13,中期趨勢仍向下；ETF短中期同步減碼；外資持股5/10日下降，且外資5日賣超；20日趨勢尚未上彎；當下除權息調整價未守20日EMA
357,2912,統一超,TWSE,貿易百貨,暫不承接,降低部位,停止加碼；反彈未站回恢復區時分批減碼,每個交易日收盤後，確認是否站回恢復區,已有部位先停止加碼。反彈若仍未站回 229.32，分批降低部位；只有站回且ETF／外資賣壓收斂後才重新評估。,45.4,45.5,33.5,85,100,完整,219.5,218.5,8.48,5.55,4.22,83.11,76.89,6.03,19.77,5.57,4.1,21,0,0,-20,-995,8137,-13,48.195,130.65700000000004,7189.654,9055.882,0,-370.494,-1334.407,8398.158,1,3,-81323433,-22.220999999999997,-546.337,13.96,-27,786,4055,,47.195,523.3720000000001,9070.398000000001,1283.5530000000003,34.54,13.58,14.08,12.56,false,false,-3.46,-0.9,中期趨勢仍向下；ETF短中期同步減碼；20日累積後5日轉為調節；主動ETF 5日轉為減碼；投信5/10日持續且具金額意義的賣超；20日趨勢尚未上彎；當下除權息調整價未守20日EMA
358,2439,美律,TWSE,通信網路業,暫不承接,降低部位,停止加碼；反彈未站回恢復區時分批減碼,每個交易日收盤後，確認是否站回恢復區,已有部位先停止加碼。反彈若仍未站回 85.86，分批降低部位；只有站回且ETF／外資賣壓收斂後才重新評估。,46.1,45.3,49.2,85,100,完整,81.1,81.65,-0.29,9.93,0.98,54.44,163.73,1.54,14.8,1.2,4.93,6,0,0,1,-3,-13,0,-13.151,-587.5619999999999,-2679.176,-5912.361,0,1.374,-2.653,-13.155,1,0,111431,86.268,148.394,9.93,-60,-503,-3037,,-15.1,-675.204,-2824.917,-5639.786,39.55,58.71,48.1,79.92,false,false,-1.88,-0.37,中期趨勢仍向下；外資持股5/10日下降，且外資5日賣超；20日趨勢尚未上彎；當下除權息調整價未守20日EMA；單季稅前獲利對營業外貢獻依賴偏高
359,1785,光洋科,TPEX,其他電子業,暫不承接,保護持有,今天不新增部位；未完成確認前不機械式賣出,今天收盤後；若跌破，再看下一交易日是否收復,已有部位暫停加碼；若收盤跌破60日EMA約 122.48，且下一交易日仍未收復，先減碼三分之一；若ETF或外資繼續轉弱，再分批降低部位。,45.3,45.2,30.2,85,85,可用,106.5,108.75,46.43,68.68,,,,,15.92,3.91,1.88,4,0,9,2,-502,-512,0,1082.087,1082.087,1082.087,1082.087,0.036,0.036,0.036,0.036,1,0,3834,-26.519,-26.519,18.67,,,,,1108.57,1108.57,1108.57,1108.57,42.46,65.52,70.31,55.95,false,true,-5.2,-4.48,中期趨勢仍向下；外資持股趨勢資料不足或期間有非市場異動；20日趨勢尚未上彎；當下除權息調整價未守20日EMA
360,6291,沛亨,TPEX,半導體業,暫不承接,保護持有,今天不新增部位；未完成確認前不機械式賣出,今天收盤後；若跌破，再看下一交易日是否收復,已有部位暫停加碼；若收盤跌破60日EMA約 432.05，且下一交易日仍未收復，先減碼三分之一；若ETF或外資繼續轉弱，再分批降低部位。,50.4,44.9,24.6,85,85,可用,402.5,404.75,39.45,41.76,,,,,34.76,11.88,1.49,2,0,0,-1,0,-219,0,145.665,145.665,145.665,145.665,0,0,0,0,0,0,0,9.808,9.808,6.63,,,,,135.857,135.857,135.857,135.857,51.04,82.92,70.86,107.04,false,false,4.81,5.92,中期趨勢仍向下；外資持股趨勢資料不足或期間有非市場異動；20日趨勢尚未上彎
361,1102,亞泥,TWSE,水泥工業,暫不承接,降低部位,停止加碼；反彈未站回恢復區時分批減碼,每個交易日收盤後，確認是否站回恢復區,已有部位先停止加碼。反彈若仍未站回 34.01，分批降低部位；只有站回且ETF／外資賣壓收斂後才重新評估。,38.2,43.8,55.5,85,91,可用,32.35,32.23,-7.51,-7.28,7.99,39.06,129.35,0.56,10.86,0.65,7.11,17,-339,-756,-745,-3618,-2115,0,-2858.699,-4852.491,-4041.9849999999988,20806.846,-197.647,-36.688999999999965,-3810.277,-6118.121,3,2,-1186889,-184.607,-546.439,12.48,-2208,-3354,16261,,-2693.64,-4631.195,314.73099999999977,32461.289,37.43,27.88,35.86,11.94,false,true,-2.3,-0.77,累計營收負成長且當月改善不足；中期趨勢仍向下；ETF短中期同步減碼；ETF 1/3日已轉為減碼；20日趨勢尚未上彎；當下除權息調整價未守20日EMA
362,6664,群翊,TPEX,電子零組件業,暫不承接,保護持有,今天不新增部位；未完成確認前不機械式賣出,今天收盤後；若跌破，再看下一交易日是否收復,已有部位暫停加碼；若收盤跌破60日EMA約 368.20，且下一交易日仍未收復，先減碼三分之一；若ETF或外資繼續轉弱，再分批降低部位。,51.7,43.7,22.5,85,85,可用,366.5,367.5,30.21,16.75,,,,,25.19,5.77,2.77,2,0,0,0,0,-1,0,129.207,129.207,129.207,129.207,0,0,0,0,0,0,0,12.889,12.889,8.6,,,,,116.318,116.318,116.318,116.318,53.24,76.27,63.95,100.91,false,false,4.06,4.12,中期趨勢仍向下；外資持股趨勢資料不足或期間有非市場異動；20日趨勢尚未上彎
363,3704,合勤控,TWSE,通信網路業,暫不承接,降低部位,停止加碼；反彈未站回恢復區時分批減碼,每個交易日收盤後，確認是否站回恢復區,已有部位先停止加碼。反彈若仍未站回 45.64，分批降低部位；只有站回且ETF／外資賣壓收斂後才重新評估。,36.6,43,49.4,85,100,完整,42.6,42.75,-11.75,10.29,5.46,57.31,152.64,1.55,12.75,1.43,0.94,1,0,0,0,0,0,0,-3891.203,-5665.568,-2407.1870000000004,-4457.62,0,0,0,0,0,0,0,-35.69399999999999,-123.219,13.87,-3912,-5856,-3219,,-3867.112,-5629.874000000001,-2283.9680000000003,-4330.401,44.42,53.26,61.02,37.76,false,true,-6.66,-12.7,中期趨勢仍向下；外資持股5/10日下降，且外資5日賣超；20日趨勢尚未上彎；當下除權息調整價未守20日EMA
364,6435,大中,TPEX,半導體業,暫不承接,保護持有,今天不新增部位；未完成確認前不機械式賣出,今天收盤後；若跌破，再看下一交易日是否收復,已有部位暫停加碼；若收盤跌破60日EMA約 275.12，且下一交易日仍未收復，先減碼三分之一；若ETF或外資繼續轉弱，再分批降低部位。,47.9,43,26.4,85,65,最低門檻,261.5,283.25,24.17,12.78,,,,,24.26,5.14,2.87,1,0,0,0,0,437,0,67.522,67.522,67.522,67.522,0,0,0,0,0,0,0,12.657,12.657,11.36,,,,,54.865,54.865,54.865,54.865,45.59,75.29,64.28,97.32,false,false,-2.41,2.55,中期趨勢仍向下；外資持股趨勢資料不足或期間有非市場異動；20日趨勢尚未上彎
365,6176,瑞儀,TWSE,光電業,暫不承接,降低部位,停止加碼；反彈未站回恢復區時分批減碼,每個交易日收盤後，確認是否站回恢復區,已有部位先停止加碼。反彈若仍未站回 120.18，分批降低部位；只有站回且ETF／外資賣壓收斂後才重新評估。,35.2,42.9,57.9,85,100,完整,108.4,,-9.48,-6.48,10.12,48.32,178.45,2.81,10.05,1.03,4.31,6,0,0,-2,-439,-514,0,-1324.571,-3202.567,-5435.945000000001,-3500.514,0,-1.819,-438.78,-593.249,1,2,-147885,-25.277,-17.975000000000023,34.42,-1341,-3538,-5020,,-1340.905,-3175.4710000000005,-4979.1900000000005,-2945.8250000000007,36.3,22.72,33.37,1.41,false,false,-4.29,-3.9,累計營收負成長且當月改善不足；中期趨勢仍向下；ETF短中期同步減碼；外資持股5/10日下降，且外資5日賣超；20日趨勢尚未上彎；當下除權息調整價未守20日EMA
366,3715,定穎投控,TWSE,電子零組件業,暫不承接,降低部位,停止加碼；反彈未站回恢復區時分批減碼,每個交易日收盤後，確認是否站回恢復區,已有部位先停止加碼。反彈若仍未站回 141.56，分批降低部位；只有站回且ETF／外資賣壓收斂後才重新評估。,41.2,42.8,28.5,85,91,可用,118,119.5,69.65,40.9,2.32,72.15,133.12,-0.74,121.65,3.11,0.92,2,0,-1,-1,-1,-429,0,-1077.448,-2875.3240000000005,-4783.5960000000005,2703.7349999999997,0,-0.982,-208.982,-609.982,0,1,-115876,-28.170999999999992,157.08599999999998,12.04,-746,-2079,177,,-984.186,-2846.171,-4731.7,3865.1479999999997,44.89,73.8,66.6,88.2,false,false,-1.71,7.76,中期趨勢仍向下；ETF短中期同步減碼；20日趨勢尚未上彎；當下除權息調整價未守20日EMA
367,5439,高技,TPEX,電子零組件業,暫不承接,降低部位,停止加碼；反彈未站回恢復區時分批減碼,每個交易日收盤後，確認是否站回恢復區,已有部位先停止加碼。反彈若仍未站回 287.44，分批降低部位；只有站回且ETF／外資賣壓收斂後才重新評估。,43.8,42.6,26.9,85,85,可用,245.5,249.5,4.48,40.78,,,,,16.02,5.34,2.93,2,0,0,-11,-1230,-3092,-10,132.627,132.627,132.627,132.627,0,0,0,0,0,0,0,16.04,16.04,22.73,,,,,116.587,116.587,116.587,116.587,45.95,83.54,70.96,108.69,false,false,0.41,8.63,中期趨勢仍向下；ETF短中期同步減碼；主動ETF 5日轉為減碼；外資持股趨勢資料不足或期間有非市場異動；20日趨勢尚未上彎
368,4966,譜瑞-KY,TPEX,半導體業,暫不承接,降低部位,停止加碼；反彈未站回恢復區時分批減碼,每個交易日收盤後，確認是否站回恢復區,已有部位先停止加碼。反彈若仍未站回 625.30，分批降低部位；只有站回且ETF／外資賣壓收斂後才重新評估。,39.5,42.5,64.9,85,100,可用,591,597.5,-4.34,-0.78,13.79,14.61,478.03,14.43,18.8,2.05,3.01,9,0,8,-163,-141,83,-162,13.461,13.461,13.461,13.461,0,0,0,0,0,0,0,-7.571,-7.571,39.97,,,,,21.032,21.032,21.032,21.032,45.71,68.24,68.05,68.61,false,false,-1.47,-4.37,累計營收負成長且當月改善不足；中期趨勢仍向下；ETF短中期同步減碼；20日累積後5日轉為調節；主動ETF 5日轉為減碼；外資持股趨勢資料不足或期間有非市場異動；20日趨勢尚未上彎；當下除權息調整價未守20日EMA
369,6488,環球晶,TPEX,半導體業,暫不承接,保護持有,今天不新增部位；未完成確認前不機械式賣出,今天收盤後；若跌破，再看下一交易日是否收復,已有部位暫停加碼；若收盤跌破60日EMA約 965.99，且下一交易日仍未收復，先減碼三分之一；若ETF或外資繼續轉弱，再分批降低部位。,48.9,42.3,31.5,85,100,可用,933,988.5,19.59,-4.44,9.93,55.88,128.14,11.87,45.29,4.61,0.83,19,-1,6,-804,-1226,-825,-830,487.701,487.701,487.701,487.701,-632.376,-632.376,-632.376,-632.376,0,1,-590006808,142.019,142.019,29.28,,,,,978.058,978.058,978.058,978.058,45.74,44.16,33.55,65.38,false,false,-4.07,7,中期趨勢仍向下；ETF短中期同步減碼；主動ETF 5日轉為減碼；外資持股趨勢資料不足或期間有非市場異動；20日趨勢尚未上彎；單季稅前獲利對營業外貢獻依賴偏高
370,8054,安國,TPEX,半導體業,暫不承接,保護持有,今天不新增部位；未完成確認前不機械式賣出,今天收盤後；若跌破，再看下一交易日是否收復,已有部位暫停加碼；若收盤跌破60日EMA約 96.51，且下一交易日仍未收復，先減碼三分之一；若ETF或外資繼續轉弱，再分批降低部位。,43.3,42,21.2,85,85,可用,84.6,86.2,97.88,164.72,,,,,,3.45,0,1,0,0,-20,0,5,0,99.987,99.987,99.987,99.987,0,0,0,0,0,0,0,-8.018,-8.018,8.49,,,,,108.005,108.005,108.005,108.005,41.82,64.95,51.51,91.83,false,false,-3.19,1.68,中期趨勢仍向下；20日累積後5日轉為調節；外資持股趨勢資料不足或期間有非市場異動；20日趨勢尚未上彎；當下除權息調整價未守20日EMA
371,2515,中工,TWSE,建材營造,暫不承接,保護持有,今天不新增部位；未完成確認前不機械式賣出,今天收盤後；若跌破，再看下一交易日是否收復,已有部位暫停加碼；若收盤跌破60日EMA約 12.48，且下一交易日仍未收復，先減碼三分之一；若ETF或外資繼續轉弱，再分批降低部位。,47.7,41.5,40.9,85,91,可用,11.95,12.08,-12.29,25.37,4.95,64.22,235.82,0.16,24.9,0.84,4.18,1,0,0,0,0,-755,0,1535.325,5214.7390000000005,1689.2380000000007,-25027.378,0,0,0,-803,0,0,0,102.143,-192.74200000000002,7.77,749,5890,-7064,,1578.1,5112.5960000000005,1881.9800000000007,-22485.393000000004,43.7,48.22,50.38,43.9,false,true,-1.25,0.42,中期趨勢仍向下；20日趨勢尚未上彎；當下除權息調整價未守20日EMA
372,2498,宏達電,TWSE,通信網路業,暫不承接,降低部位,停止加碼；反彈未站回恢復區時分批減碼,每個交易日收盤後，確認是否站回恢復區,已有部位先停止加碼。反彈若仍未站回 42.41，分批降低部位；只有站回且ETF／外資賣壓收斂後才重新評估。,46.4,41.2,48.1,85,93,可用,40.5,40.88,21.2,-6.79,-89.63,32.56,220.19,-0.62,15.64,1.29,1.23,4,0,-1,-1,-1,2,0,555.118,1407.382,3934.4909999999995,455.0029999999995,0,-1.485,-1.485,1.515,0,1,-60143,-110.656,71.94899999999998,9.22,551,1519,6513,,551.3,1519.5230000000001,3864.0270000000005,1243.960000000001,45.01,64.24,57.85,77,false,false,-1.18,0.12,中期趨勢仍向下；ETF短中期同步減碼；20日累積後5日轉為調節；20日趨勢尚未上彎；當下除權息調整價未守20日EMA
373,3035,智原,TWSE,半導體業,暫不承接,降低部位,停止加碼；反彈未站回恢復區時分批減碼,每個交易日收盤後，確認是否站回恢復區,已有部位先停止加碼。反彈若仍未站回 188.28，分批降低部位；只有站回且ETF／外資賣壓收斂後才重新評估。,44.8,40.9,44,85,100,可用,179,180.25,9.97,-46.08,6.21,28.62,211.45,1.16,70.47,2.73,1.01,5,0,-3,-13,-3,124,0,670.259,210.09300000000007,693.4820000000008,-526.5679999999993,0,-12.029,-2.029,124.971,0,2,-2153191,-127.64099999999999,-750.956,13.1,680,-232,-271,,642.735,349.76300000000003,1446.467,1237.677,47.24,77.23,59.56,112.57,false,false,-0.54,4.37,累計營收負成長且當月改善不足；中期趨勢仍向下；ETF短中期同步減碼；20日累積後5日轉為調節；20日趨勢尚未上彎
374,6584,南俊國際,TPEX,電子零組件業,暫不承接,保護持有,今天不新增部位；未完成確認前不機械式賣出,今天收盤後；若跌破，再看下一交易日是否收復,已有部位暫停加碼；若收盤跌破60日EMA約 583.15，且下一交易日仍未收復，先減碼三分之一；若ETF或外資繼續轉弱，再分批降低部位。,47.1,40.8,16.7,85,85,可用,543,597,32.8,51.97,,,,,71.07,10.75,0.46,2,0,0,-1,0,1,0,-206.764,-206.764,-206.764,-206.764,0,0,0,0,0,0,0,-22.398,-22.398,13.07,,,,,-184.366,-184.366,-184.366,-184.366,49.53,75.3,63.43,99.04,false,false,2.3,11.5,中期趨勢仍向下；20日累積後5日轉為調節；外資持股趨勢資料不足或期間有非市場異動；20日趨勢尚未上彎；短線過熱或乖離過大；高波動且5日漲幅過大
375,2328,廣宇,TWSE,電子零組件業,暫不承接,保護持有,今天不新增部位；未完成確認前不機械式賣出,今天收盤後；若跌破，再看下一交易日是否收復,已有部位暫停加碼；若收盤跌破60日EMA約 47.78，且下一交易日仍未收復，先減碼三分之一；若ETF或外資繼續轉弱，再分批降低部位。,53.4,39.6,39.6,85,90.3,可用,46.5,47.48,16.37,-11.61,-0.34,26.95,285.15,-0.16,47.45,1.6,1.94,3,0,10,28,38,44,0,907.239,159.20399999999995,1566.6599999999999,939.2479999999998,0,18,18,24,1,0,837000,-229.23799999999997,-218.275,8.92,806,1056,1838,,817.93,370.44200000000035,1766.9350000000004,2053.2400000000002,51.8,83.43,71.86,106.57,false,false,2.42,5.44,中期趨勢仍向下；20日趨勢尚未上彎
376,3131,弘塑,TPEX,半導體業,暫不承接,降低部位,停止加碼；反彈未站回恢復區時分批減碼,每個交易日收盤後，確認是否站回恢復區,"已有部位先停止加碼。反彈若仍未站回 2,877.30，分批降低部位；只有站回且ETF／外資賣壓收斂後才重新評估。",45.5,39.4,21.8,85,85,可用,2555,2577.5,42.41,20.07,,,,,48.63,18.62,1.8,11,6,0,-127,-115,-184,-125,42.749,42.749,42.749,42.749,2,2,2,2,1,0,5110000,-1.596,-1.596,34.22,,,,,42.345,42.345,42.345,42.345,44.81,58.72,46.69,82.78,false,false,-2.78,8.96,中期趨勢仍向下；ETF短中期同步減碼；主動ETF 5日轉為減碼；外資持股趨勢資料不足或期間有非市場異動；20日趨勢尚未上彎；當下除權息調整價未守20日EMA
377,3532,台勝科,TWSE,半導體業,暫不承接,保護持有,今天不新增部位；未完成確認前不機械式賣出,今天收盤後；若跌破，再看下一交易日是否收復,已有部位暫停加碼；若收盤跌破60日EMA約 331.79，且下一交易日仍未收復，先減碼三分之一；若ETF或外資繼續轉弱，再分批降低部位。,46.8,38.7,24.1,85,100,完整,312,343,28.77,17.64,-0.14,52.63,270.98,-0.05,240,4.98,0.32,6,0,-156,-151,-149,153,-155,1164.866,-1537.212,-2736.133,-4231.851,0,-1819.392,-5184.392,-6045.392,1,2,-567650304,-69.12899999999999,179.213,44.34,1191,36,4617,,1182.766,351.3090000000002,2269.0460000000003,2889.824,44.62,56.39,40.4,88.39,false,false,-6.64,-1.42,中期趨勢仍向下；ETF短中期同步減碼；20日累積後5日轉為調節；主動ETF 5日轉為減碼；20日趨勢尚未上彎
378,6138,茂達,TPEX,半導體業,暫不承接,降低部位,停止加碼；反彈未站回恢復區時分批減碼,每個交易日收盤後，確認是否站回恢復區,已有部位先停止加碼。反彈若仍未站回 310.47，分批降低部位；只有站回且ETF／外資賣壓收斂後才重新評估。,42.3,38.7,26.1,85,85,可用,292.5,307,9.03,11.92,,,,,21.46,6.36,3.74,6,0,0,-160,-146,146,-149,-0.06,-0.06,-0.06,-0.06,0,0,0,0,0,0,0,-0.074,-0.074,13.38,,,,,0.014,0.014,0.014,0.014,45.87,56.1,46.52,75.26,false,false,-2.56,1.04,中期趨勢仍向下；ETF短中期同步減碼；20日累積後5日轉為調節；主動ETF 5日轉為減碼；外資持股趨勢資料不足或期間有非市場異動；20日趨勢尚未上彎
379,2206,三陽工業,TWSE,汽車工業,暫不承接,降低部位,停止加碼；反彈未站回恢復區時分批減碼,每個交易日收盤後，確認是否站回恢復區,已有部位先停止加碼。反彈若仍未站回 62.32，分批降低部位；只有站回且ETF／外資賣壓收斂後才重新評估。,35.8,38.5,45.2,85,91,可用,60.8,59.95,-5.94,-5.43,9.42,55.08,146.51,1.37,10.72,1.72,5.03,2,0,-8,-8,-657,-13,0,-432.334,-17.033999999999963,708.3909999999998,3685.032,0,-8.17,-641.1700000000001,13.829999999999927,0,1,-496736,2,-59,7.89,-366,-72,3673,,-437.334,-10.864000000000004,1408.561,3652.2019999999993,43.62,27.21,33.12,15.37,false,false,-2.44,0.16,累計營收負成長且當月改善不足；中期趨勢仍向下；ETF短中期同步減碼；20日趨勢尚未上彎；當下除權息調整價未守20日EMA
380,5309,系統電,TPEX,電子零組件業,暫不承接,保護持有,今天不新增部位；未完成確認前不機械式賣出,今天收盤後；若跌破，再看下一交易日是否收復,已有部位暫停加碼；若收盤跌破60日EMA約 59.19，且下一交易日仍未收復，先減碼三分之一；若ETF或外資繼續轉弱，再分批降低部位。,47.2,37.8,15.2,85,85,可用,56,56.15,29.2,6.98,,,,,266.67,2.46,0.89,1,-1,-2,-2,4,4,0,-505.187,-505.187,-505.187,-505.187,-1,-1,-1,-1,0,1,-56000,-51.72,-51.72,10.32,,,,,-452.467,-452.467,-452.467,-452.467,51.37,85.77,75.55,106.22,false,false,3.06,6.26,中期趨勢仍向下；20日累積後5日轉為調節；ETF 1/3日已轉為減碼；外資持股趨勢資料不足或期間有非市場異動；20日趨勢尚未上彎
381,4906,正文,TWSE,通信網路業,暫不承接,降低部位,停止加碼；反彈未站回恢復區時分批減碼,每個交易日收盤後，確認是否站回恢復區,已有部位先停止加碼。反彈若仍未站回 37.60，分批降低部位；只有站回且ETF／外資賣壓收斂後才重新評估。,47.7,36.9,30,85,100,完整,36.5,37.2,32.24,-21.48,-4.77,39.64,161.83,-0.42,304.17,1.46,1.29,1,0,0,0,0,-674,0,686.051,-2003.347,-1328.4370000000001,-3822.272,0,0,0,-674,0,0,0,365.06,285.352,8.94,500,-279,-116,,546.182,-2368.407,-1613.789,-2572.38,51.22,76.81,68.1,94.23,false,false,3.05,-3.05,中期趨勢仍向下；外資持股5/10日下降，且外資5日賣超；20日趨勢尚未上彎
382,6706,惠特,TWSE,光電業,暫不承接,降低部位,停止加碼；反彈未站回恢復區時分批減碼,每個交易日收盤後，確認是否站回恢復區,已有部位先停止加碼。反彈若仍未站回 132.14，分批降低部位；只有站回且ETF／外資賣壓收斂後才重新評估。,46.5,35.2,24.9,85,91,可用,124,124.25,89.25,-42.75,-77.09,51.32,219.71,-0.96,,2.59,,1,0,0,0,0,0,0,368.657,-477.831,-240.41199999999992,476.49,0,0,-34,-34,0,0,0,82.395,157.005,6.77,332,-373,-538,,346.707,-560.2260000000001,-363.4170000000001,616.7079999999999,53.71,81.92,70.28,105.21,false,false,7.88,6.44,中期趨勢仍向下；外資持股5/10日下降，且外資5日賣超；20日趨勢尚未上彎
383,2371,大同,TWSE,電機機械,暫不承接,降低部位,停止加碼；反彈未站回恢復區時分批減碼,每個交易日收盤後，確認是否站回恢復區,已有部位先停止加碼。反彈若仍未站回 27.43，分批降低部位；只有站回且ETF／外資賣壓收斂後才重新評估。,49.7,34.9,22.8,85,91,可用,26.35,26.53,-14.15,1.24,3.77,62.06,193.93,-0.05,,1.17,,4,-4,-24,-24,-1057,-2106,0,4426.271,4179.054,11807.363,12517.258999999998,-4,-24.884,-1057.884,-2106.884,0,2,-655693,-292.704,-406.302,6.34,4261,3115,5827,,4569.806,4496.642,13271.549,15759.895,51.41,72.51,67.54,82.44,false,false,1.58,3.33,中期趨勢仍向下；ETF短中期同步減碼；ETF 1/3日已轉為減碼；20日趨勢尚未上彎
384,6284,佳邦,TPEX,電子零組件業,暫不承接,保護持有,今天不新增部位；未完成確認前不機械式賣出,今天收盤後；若跌破，再看下一交易日是否收復,已有部位暫停加碼；若收盤跌破60日EMA約 87.11，且下一交易日仍未收復，先減碼三分之一；若ETF或外資繼續轉弱，再分批降低部位。,41.5,34.4,21.9,85,85,可用,79.3,81.75,0.76,-6.69,,,,,20.81,1.36,2.38,1,0,0,0,0,0,0,284.082,284.082,284.082,284.082,0,0,0,0,0,0,0,26.082,26.082,8.4,,,,,258,258,258,258,46.76,76.29,64.08,100.71,false,false,-0.32,2.45,累計營收負成長且當月改善不足；中期趨勢仍向下；外資持股趨勢資料不足或期間有非市場異動；20日趨勢尚未上彎
385,2367,燿華,TWSE,電子零組件業,暫不承接,降低部位,停止加碼；反彈未站回恢復區時分批減碼,每個交易日收盤後，確認是否站回恢復區,已有部位先停止加碼。反彈若仍未站回 50.83，分批降低部位；只有站回且ETF／外資賣壓收斂後才重新評估。,48.5,34.3,18.1,85,91,可用,45.75,45.48,24.95,-3.13,-7.71,50.74,95.51,-0.4,,2.54,0.44,2,0,-5,-5,-5,-5,0,1873.309,3812.692,4035.174,14940.755000000001,0,-4.187,-4.187,-4.187,0,1,-191555,106.10300000000002,44.87300000000002,8.63,1149,4486,11001,,1854.224,3710.776,3994.4879999999994,14985.689999999999,51.82,90.1,75.83,118.64,false,false,5.06,9.98,中期趨勢仍向下；ETF短中期同步減碼；20日趨勢尚未上彎
386,6182,合晶,TPEX,半導體業,暫不承接,保護持有,今天不新增部位；未完成確認前不機械式賣出,今天收盤後；若跌破，再看下一交易日是否收復,已有部位暫停加碼；若收盤跌破60日EMA約 106.57，且下一交易日仍未收復，先減碼三分之一；若ETF或外資繼續轉弱，再分批降低部位。,46.5,34.3,12.2,85,85,可用,103,113,18.9,10.52,,,,,2575,3.87,0,2,0,-459,-474,-674,-5000,-472,-437.264,-437.264,-437.264,-437.264,111,111,111,111,1,0,11433000,-741.012,-741.012,25.11,,,,,192.748,192.748,192.748,192.748,44.89,59.03,47.74,81.6,false,false,-5.98,-0.96,中期趨勢仍向下；ETF短中期同步減碼；主動ETF 5日轉為減碼；外資持股趨勢資料不足或期間有非市場異動；20日趨勢尚未上彎；估值高且成長不足以支撐
387,6683,雍智科技,TPEX,半導體業,暫不承接,降低部位,停止加碼；反彈未站回恢復區時分批減碼,每個交易日收盤後，確認是否站回恢復區,"已有部位先停止加碼。反彈若仍未站回 1,406.82，分批降低部位；只有站回且ETF／外資賣壓收斂後才重新評估。",38.1,34.2,18,85,85,可用,1270,1365,24.37,30.46,,,,,56.7,12.38,0.71,3,0,-1,-26,-24,-12,-25,-35.269,-35.269,-35.269,-35.269,0,0,0,0,0,0,0,-8.738,-8.738,17.55,,,,,-26.531,-26.531,-26.531,-26.531,50.35,87.27,74.86,112.1,false,false,4.47,6.28,中期趨勢仍向下；ETF短中期同步減碼；主動ETF 5日轉為減碼；外資持股趨勢資料不足或期間有非市場異動；20日趨勢尚未上彎；短線過熱或乖離過大
388,8033,雷虎,TWSE,其他,暫不承接,降低部位,停止加碼；反彈未站回恢復區時分批減碼,每個交易日收盤後，確認是否站回恢復區,已有部位先停止加碼。反彈若仍未站回 184.27，分批降低部位；只有站回且ETF／外資賣壓收斂後才重新評估。,35,32.8,38.2,85,71,可用,173,175.5,-9.48,7.42,-0.7,45.47,219,0.34,258.21,13.69,,1,-3,-3,-13,2,410,0,-5137.498,-8024.5779999999995,-7536.301,-10773.645999999999,-3,-13,2,410,0,2,-2249000,-87.716,-26.715999999999994,9.8,-4625,-7003,-8803,,-5107.185,-7923.862,-7511.585000000001,-10958.038,45.83,65.92,65.57,66.62,false,false,-6.11,-8.47,中期趨勢仍向下；ETF 1/3日已轉為減碼；外資持股5/10日下降，且外資5日賣超；20日趨勢尚未上彎；當下除權息調整價未守20日EMA；估值高且成長不足以支撐；單季稅前獲利對營業外貢獻依賴偏高
389,4919,新唐,TWSE,半導體業,暫不承接,降低部位,停止加碼；反彈未站回恢復區時分批減碼,每個交易日收盤後，確認是否站回恢復區,已有部位先停止加碼。反彈若仍未站回 146.22，分批降低部位；只有站回且ETF／外資賣壓收斂後才重新評估。,41.9,29,18.9,85,100,完整,125.5,128.25,7.92,-0.34,-2.79,46.5,189.95,-0.57,,3.4,,7,0,-2,-47,-303,-266,0,285.242,2985.5960000000005,2654.643000000001,11883.286000000002,0,-197.198,-453.287,-1328.287,0,3,-24748349,-74.96400000000001,-362.39500000000004,4.53,-7,2401,8457,,285.757,3257.758,3470.325,13956.859999999999,42.33,62.31,58.81,69.31,false,false,-5.15,-3.46,累計營收負成長且當月改善不足；中期趨勢仍向下；ETF短中期同步減碼；投信5/10日持續且具金額意義的賣超；20日趨勢尚未上彎；當下除權息調整價未守20日EMA；單季稅前獲利對營業外貢獻依賴偏高
390,5536,聖暉*,TPEX,其他電子業,暫不承接,降低部位,停止加碼；反彈未站回恢復區時分批減碼,每個交易日收盤後，確認是否站回恢復區,"已有部位先停止加碼。反彈若仍未站回 1,075.51，分批降低部位；只有站回且ETF／外資賣壓收斂後才重新評估。",30.4,28.6,19.8,85,85,可用,918,930,3.41,24.33,,,,,25.5,8.69,2.18,12,-195,-250,-271,-315,-469,-271,-487.447,-487.447,-487.447,-487.447,-419.992,-419.992,-419.992,-419.992,0,1,-385552656,9.379,9.379,42.85,,,,,-76.834,-76.834,-76.834,-76.834,35.74,32.04,39.11,17.92,false,true,-12.52,-10,中期趨勢仍向下；ETF短中期同步減碼；ETF 1/3日已轉為減碼；主動ETF 5日轉為減碼；外資持股趨勢資料不足或期間有非市場異動；20日趨勢尚未上彎；當下除權息調整價未守20日EMA
391,6116,彩晶,TWSE,光電業,暫不承接,降低部位,停止加碼；反彈未站回恢復區時分批減碼,每個交易日收盤後，確認是否站回恢復區,已有部位先停止加碼。反彈若仍未站回 14.45，分批降低部位；只有站回且ETF／外資賣壓收斂後才重新評估。,37.2,27.9,11.3,85,68,最低門檻,14.15,14.23,-3.14,2.29,,,,,,1.2,,1,0,7,7,7,7,-2407,-6668.724,-24806.485,-26731.52,-10749.976999999997,0,6.712,6.712,6.712,1,0,94975,-221.12299999999988,100.24900000000014,4.54,-6429,-23121,-7979,,-6738.742,-24592.074,-26838.481,-9349.860000000004,47.88,75.4,67.57,91.08,false,false,-0.35,-0.35,中期趨勢仍向下；主動ETF 5日轉為減碼；外資持股5/10日下降，且外資5日賣超；20日趨勢尚未上彎
392,2540,愛山林,TWSE,建材營造,暫不承接,降低部位,停止加碼；反彈未站回恢復區時分批減碼,每個交易日收盤後，確認是否站回恢復區,已有部位先停止加碼。反彈若仍未站回 53.36，分批降低部位；只有站回且ETF／外資賣壓收斂後才重新評估。,23.2,23,23.1,85,91,可用,44.5,44.13,7.03,-37.39,0.97,73.69,138.77,-0.01,74.17,2.56,13.48,1,0,-7,-7,-7,-7,0,-570.904,-4802.827,-2015.3920000000014,1895.5409999999986,0,-6.923,-6.923,-6.923,0,1,-308073,-1653,195,1.51,102,-3401,-1929,,-392.904,-3142.904,-2203.469,844.4639999999997,29.9,14.64,27.37,-10.82,false,false,-15.77,-23.01,累計營收負成長且當月改善不足；中期趨勢仍向下；ETF短中期同步減碼；外資持股5/10日下降，且外資5日賣超；20日趨勢尚未上彎；當下除權息調整價未守20日EMA
393,9946,三發地產,TWSE,建材營造,不建立部位,保護持有,今天不新增部位；未完成確認前不機械式賣出,今天收盤後；若跌破，再看下一交易日是否收復,已有部位暫停加碼；若收盤跌破60日EMA約 18.17，且下一交易日仍未收復，先減碼三分之一；若ETF或外資繼續轉弱，再分批降低部位。,65.4,81.4,85.3,85,100,完整,18.85,18.98,1180.83,3975.11,45.27,58.38,224.99,2.84,4.53,0.86,7.27,2,-3,-3,-13,2,426,0,208,291.999,290.794,819.361,-3,-13,2,426,0,2,-245050,-10,-42,3.47,204,224,478,,204,314.999,330.794,391.36099999999993,59.75,76.36,63.23,102.62,false,false,3.34,5.6,"單日成交金額低於5,000萬元；20日累積後5日轉為調節；ETF 1/3日已轉為減碼；20日趨勢尚未上彎"
394,3006,晶豪科,TWSE,半導體業,不建立部位,優先降低風險,依風險與流動性分批降低部位,風險解除且基本面與趨勢重新確認後,已有部位應優先降低曝險；目前觸發「處置或交易限制事件」。待事件解除或基本面重新確認後再評估。,61.9,76.4,75.6,85,100,可用,274,279.5,491.06,281.48,44.44,36.84,267.13,27.58,8.64,4.1,0.36,5,0,-9,6,6,-369,0,873.47,15052.068,27113.496,17833.423,0,5.285,7.285,-363.71500000000003,1,1,1448090,-54.18300000000002,300.3,42.44,973,15142,19227,,976.417,15100.966,26805.911,18534.641,64.62,89.74,82.84,103.53,false,false,18.7,14.64,處置或交易限制風險；短線過熱或乖離過大；高波動且5日漲幅過大；ETF加碼金額或跨基金共識不足
395,3213,茂訊,TPEX,電腦及週邊設備業,不建立部位,保護持有,今天不新增部位；未完成確認前不機械式賣出,今天收盤後；若跌破，再看下一交易日是否收復,已有部位暫停加碼；若收盤跌破60日EMA約 125.97，且下一交易日仍未收復，先減碼三分之一；若ETF或外資繼續轉弱，再分批降低部位。,60.8,74.2,83.1,85,100,可用,134,134.25,70.37,20.36,25.64,30.04,300.49,5.62,13.97,2.01,5.22,1,0,0,1,-2,-4,0,-40.991,-40.991,-40.991,-40.991,0,0,0,0,0,0,0,-1.037,-1.037,16.37,,,,,-39.954,-39.954,-39.954,-39.954,55.44,70.32,71.67,67.6,false,true,2.65,-0.37,"單日成交金額低於5,000萬元；外資持股趨勢資料不足或期間有非市場異動"
396,5351,鈺創,TPEX,半導體業,不建立部位,優先降低風險,依風險與流動性分批降低部位,風險解除且基本面與趨勢重新確認後,已有部位應優先降低曝險；目前觸發「處置或交易限制事件」。待事件解除或基本面重新確認後再評估。,66.8,73.3,66.2,85,100,可用,122,124.5,590.83,481.09,30.67,40.59,243.12,6.69,18.89,5.56,0,2,0,-20,722,752,782,752,2062.533,2062.533,2062.533,2062.533,0,0,0,0,0,0,0,-2,-2,41.22,,,,,2064.533,2064.533,2064.533,2064.533,70.91,92.24,81.86,112.99,false,false,26.89,26.42,處置或交易限制風險；外資持股趨勢資料不足或期間有非市場異動；短線過熱或乖離過大；高波動且5日漲幅過大；ETF加碼金額或跨基金共識不足
397,4105,東洋,TPEX,生技醫療業,不建立部位,保護持有,今天不新增部位；未完成確認前不機械式賣出,今天收盤後；若跌破，再看下一交易日是否收復,已有部位暫停加碼；若收盤跌破60日EMA約 76.34，且下一交易日仍未收復，先減碼三分之一；若ETF或外資繼續轉弱，再分批降低部位。,62.1,72.3,75.9,85,100,可用,77.3,76.65,11.28,7.4,30.78,34.48,213.15,3.42,11.09,2.76,5.82,2,0,0,0,10,3,0,-383.019,-383.019,-383.019,-383.019,0,0,0,0,0,0,0,7,7,22.28,,,,,-390.019,-390.019,-390.019,-390.019,54.7,77.86,68.1,97.38,false,false,0.86,0.91,"單日成交金額低於5,000萬元；外資持股趨勢資料不足或期間有非市場異動；20日趨勢尚未上彎"
398,5288,豐祥-KY,TWSE,電機機械,不建立部位,保護持有,今天不新增部位；未完成確認前不機械式賣出,今天收盤後；若跌破，再看下一交易日是否收復,已有部位暫停加碼；若收盤跌破60日EMA約 181.23，且下一交易日仍未收復，先減碼三分之一；若ETF或外資繼續轉弱，再分批降低部位。,67.6,71.7,69.5,85,100,完整,192,191.25,52.81,32.27,14.42,26.27,230.68,8.03,12.8,2.11,3.39,2,0,0,0,128,130,0,-7.611,161.95200000000003,6.052000000000021,234.05399999999997,0,15,162,260,1,0,2880000,5.8580000000000005,-16.042,59.72,-13,139,-140,,-8,141.094,-139.906,-17.187999999999988,53.55,66.88,67.13,66.39,false,true,1.01,0.26,"單日成交金額低於5,000萬元"
399,8499,鼎炫-KY,TWSE,其他電子業,不建立部位,保護持有,今天不新增部位；未完成確認前不機械式賣出,今天收盤後；若跌破，再看下一交易日是否收復,已有部位暫停加碼；若收盤跌破60日EMA約 276.29，且下一交易日仍未收復，先減碼三分之一；若ETF或外資繼續轉弱，再分批降低部位。,57.9,71.5,80.4,85,91,可用,265.5,265.75,135.9,93.56,18.33,24.71,357.1,2.61,26.6,1.28,3.01,1,0,0,0,0,0,0,-5.004,53.165,7.507999999999999,-193.716,0,0,0,0,0,0,0,-0.835,-13.491999999999999,71.97,-3,54,-89,,-5,54,21,-176.621,49.45,74.18,60.37,101.81,false,false,1.19,4.53,"單日成交金額低於5,000萬元；中期趨勢仍向下；20日趨勢尚未上彎"
400,1808,潤隆,TWSE,建材營造,不建立部位,保護持有,今天不新增部位；未完成確認前不機械式賣出,今天收盤後；若跌破，再看下一交易日是否收復,已有部位暫停加碼；若收盤跌破60日EMA約 31.36，且下一交易日仍未收復，先減碼三分之一；若ETF或外資繼續轉弱，再分批降低部位。,61.4,71.3,58,85,100,完整,32.75,32.8,3460.15,13488.27,22.07,73.55,166.02,2.52,7.74,2.12,4.58,1,0,-14,-14,-14,-14,0,335.015,799.7139999999999,442.8119999999999,3517.7799999999997,0,-13.962,-13.962,-13.962,0,1,-457255,241,293,4.56,-452,-569,596,,358.015,572.6759999999999,163.7739999999999,3230.7419999999997,55.96,58.28,61.34,52.17,true,true,1.63,1.08,"單日成交金額低於5,000萬元；ETF短中期同步減碼"
401,6183,關貿,TWSE,資訊服務業,不建立部位,保護持有,今天不新增部位；未完成確認前不機械式賣出,今天收盤後；若跌破，再看下一交易日是否收復,已有部位暫停加碼；若收盤跌破60日EMA約 91.51，且下一交易日仍未收復，先減碼三分之一；若ETF或外資繼續轉弱，再分批降低部位。,64.3,71.3,63.3,85,100,完整,94.4,94.4,42.52,14.47,29.53,49.64,147.35,2.41,20.98,5.27,3.76,2,0,0,0,0,47,0,19.987,11.985999999999997,23.93,198.03,0,0,0,47,0,0,0,12,-8.056,1.17,14,-26,93,,17.987,-0.014000000000001123,31.985999999999997,154.086,63.75,80.58,69.52,102.7,true,false,2.58,2.5,"單日成交金額低於5,000萬元"
402,6192,巨路,TWSE,其他電子業,不建立部位,降低部位,停止加碼；反彈未站回恢復區時分批減碼,每個交易日收盤後，確認是否站回恢復區,已有部位先停止加碼。反彈若仍未站回 118.55，分批降低部位；只有站回且ETF／外資賣壓收斂後才重新評估。,58.3,71.3,76.5,85,100,完整,120.5,119.25,53.76,12.5,17.09,39.96,228.04,5.3,11.65,1.54,4.81,1,0,-1,-1,-1,2,0,-29.977,-6.758999999999997,-63.378,-462.8949999999999,0,-1,-1,2,0,1,-120500,8.898,-64.505,24.53,-22,-11,-253,,-24.11,-14.656999999999998,2.1269999999999953,-406.06,59.54,82.66,76.33,95.33,false,false,3.93,5.24,"單日成交金額低於5,000萬元；ETF短中期同步減碼；20日累積後5日轉為調節；外資持股5/10日下降，且外資5日賣超；20日趨勢尚未上彎"
403,8341,日友,TWSE,綠能環保,不建立部位,保護持有,今天不新增部位；未完成確認前不機械式賣出,今天收盤後；若跌破，再看下一交易日是否收復,已有部位暫停加碼；若收盤跌破60日EMA約 76.68，且下一交易日仍未收復，先減碼三分之一；若ETF或外資繼續轉弱，再分批降低部位。,62.8,70.1,67.8,85,85,完整,76.6,76.7,17.55,17.66,29.81,43.1,112.4,2.97,14.62,1.86,5.22,1,0,0,0,0,41,0,17.5,143.084,69.72399999999999,699.644,0,0,0,41,0,0,0,13.316,0.33200000000000074,5.52,16,132,442,,14.5,129.768,69.392,649.1720000000001,51.08,64.43,51.75,89.78,false,false,0.33,1.73,"單日成交金額低於5,000萬元"
404,2459,敦吉,TWSE,其他電子業,不建立部位,保護持有,今天不新增部位；未完成確認前不機械式賣出,今天收盤後；若跌破，再看下一交易日是否收復,已有部位暫停加碼；若收盤跌破60日EMA約 65.38，且下一交易日仍未收復，先減碼三分之一；若ETF或外資繼續轉弱，再分批降低部位。,62.7,70,73.4,85,91,可用,66.2,66.5,18.4,11.23,14.95,35.33,192.37,1.41,12.66,1.26,6.34,1,0,0,0,0,0,0,49,72,-54.77,-70.86600000000001,0,0,0,0,0,0,0,22,-13,15.78,66,55,-87,,50,50,-41.77,-64.86600000000001,58.54,71,57.81,97.39,false,false,1.8,2.95,"單日成交金額低於5,000萬元"
405,2527,宏璟,TWSE,建材營造,不建立部位,保護持有,今天不新增部位；未完成確認前不機械式賣出,今天收盤後；若跌破，再看下一交易日是否收復,已有部位暫停加碼；若收盤跌破60日EMA約 41.80，且下一交易日仍未收復，先減碼三分之一；若ETF或外資繼續轉弱，再分批降低部位。,62.5,69.7,69.6,85,91,可用,46.35,46.3,30.49,1500.25,24.56,35.23,156,3.45,9.14,0.56,3.24,1,0,0,0,1,86,0,-165.804,-161.57199999999995,-1332.58,640.2639999999999,0,0,1,86,0,0,0,-50.885999999999996,-19.82800000000001,43.75,-47,-136,-1070,,-129.013,-110.68600000000002,-1313.752,510.12099999999987,54.77,67.29,60.99,79.89,false,false,2.69,8.42,"單日成交金額低於5,000萬元；外資持股5/10日下降，且外資5日賣超"
406,8109,博大,TPEX,電子零組件業,不建立部位,保護持有,今天不新增部位；未完成確認前不機械式賣出,今天收盤後；若跌破，再看下一交易日是否收復,已有部位暫停加碼；若收盤跌破60日EMA約 126.59，且下一交易日仍未收復，先減碼三分之一；若ETF或外資繼續轉弱，再分批降低部位。,57,69.6,80.5,85,100,可用,130.5,132.25,45.35,26.9,36.05,22.91,415.49,3.84,17.56,3.55,3.45,1,-1,-1,-1,2,2,0,-46.832,-46.832,-46.832,-46.832,-1,-1,-1,-1,0,1,-130500,-3.832,-3.832,4.6,,,,,-42,-42,-42,-42,52.12,76.58,70.15,89.43,false,false,1.11,0,"單日成交金額低於5,000萬元；20日累積後5日轉為調節；ETF 1/3日已轉為減碼；外資持股趨勢資料不足或期間有非市場異動；20日趨勢尚未上彎"
407,6902,GOGOLOOK,TWSE,數位雲端,不建立部位,保護持有,今天不新增部位；未完成確認前不機械式賣出,今天收盤後；若跌破，再看下一交易日是否收復,已有部位暫停加碼；若收盤跌破60日EMA約 123.24，且下一交易日仍未收復，先減碼三分之一；若ETF或外資繼續轉弱，再分批降低部位。,61.2,69.1,67.1,85,73,可用,130,133.25,30.83,28,19.35,43.02,231.06,3.33,27.03,5.67,,1,0,0,0,3,3,0,25.579,-14.692,55.088,97.462,0,0,0,0,0,0,0,1.193,-1.807,3.91,25,-9,117,,24.579,-15.884999999999998,56.895,98.26899999999999,56.73,84.24,81.05,90.64,false,false,4.35,5.69,"單日成交金額低於5,000萬元；20日趨勢尚未上彎；官方重大訊息出現高風險關鍵字，須查原文"
408,2420,新巨,TWSE,電子零組件業,不建立部位,保護持有,今天不新增部位；未完成確認前不機械式賣出,今天收盤後；若跌破，再看下一交易日是否收復,已有部位暫停加碼；若收盤跌破60日EMA約 57.78，且下一交易日仍未收復，先減碼三分之一；若ETF或外資繼續轉弱，再分批降低部位。,61.4,68.3,80.2,85,91,可用,56.8,57.85,18.59,4.06,29.85,28.03,376.2,1.05,14.42,2.09,5.28,1,0,0,8,16,22,0,67.003,551.9159999999999,1020.5509999999999,422.96199999999993,0,8,16,22,1,0,454400,11.676,-36.69499999999999,7.84,74,456,826,,74.003,532.24,1041.246,442.1920000000001,49.15,72.53,64.14,89.31,false,false,0.59,2.9,"單日成交金額低於5,000萬元；中期趨勢仍向下；20日趨勢尚未上彎；ETF加碼金額或跨基金共識不足"
409,6763,綠界科技*,TPEX,數位雲端,不建立部位,保護持有,今天不新增部位；未完成確認前不機械式賣出,今天收盤後；若跌破，再看下一交易日是否收復,已有部位暫停加碼；若收盤跌破60日EMA約 44.58，且下一交易日仍未收復，先減碼三分之一；若ETF或外資繼續轉弱，再分批降低部位。,53.6,68.2,68.6,85,100,可用,43.25,43.25,12.67,12.83,24.38,59.22,138.01,1.08,10.47,2.67,6.94,1,0,0,0,0,0,0,48.598,48.598,48.598,48.598,0,0,0,0,0,0,0,-10.402,-10.402,2.38,,,,,59,59,59,59,50.5,72.37,67.8,81.5,false,false,0.92,2.49,"單日成交金額低於5,000萬元；中期趨勢仍向下；外資持股趨勢資料不足或期間有非市場異動；20日趨勢尚未上彎"
410,4536,拓凱,TWSE,運動休閒,不建立部位,保護持有,今天不新增部位；未完成確認前不機械式賣出,今天收盤後；若跌破，再看下一交易日是否收復,已有部位暫停加碼；若收盤跌破60日EMA約 165.25，且下一交易日仍未收復，先減碼三分之一；若ETF或外資繼續轉弱，再分批降低部位。,64.7,67.9,68.9,85,91,可用,170.5,169,20.39,2.23,17.11,33.18,279.74,3.61,12.7,1.69,4.69,2,0,0,0,6,8,0,83.539,450.321,437.196,897.6520000000002,0,0,-114,-112,0,0,0,10.942,-78.09799999999998,14.58,79,335,1375,,82.26,439.379,629.294,1732.134,59.43,81.15,72.68,98.09,false,false,1.62,2.71,"單日成交金額低於5,000萬元；20日趨勢尚未上彎"
411,6585,鼎基,TWSE,其他,不建立部位,保護持有,今天不新增部位；未完成確認前不機械式賣出,今天收盤後；若跌破，再看下一交易日是否收復,已有部位暫停加碼；若收盤跌破60日EMA約 116.73，且下一交易日仍未收復，先減碼三分之一；若ETF或外資繼續轉弱，再分批降低部位。,61,67.8,67.8,85,85,完整,118,119,50.26,18.13,25.03,26.52,175.41,4.81,15.21,2.17,3.81,1,-1,-1,-2,0,56,0,109.001,298.999,-89.66099999999997,122.65800000000007,-1,-2,0,56,0,2,-236000,4.999,-11.282,3.91,133,275,195,,110,296,-78.379,64.46100000000001,48.13,64.37,59.01,75.1,false,false,-0.67,-2.88,"單日成交金額低於5,000萬元；ETF 1/3日已轉為減碼；20日趨勢尚未上彎"
412,6605,帝寶,TWSE,汽車工業,不建立部位,保護持有,今天不新增部位；未完成確認前不機械式賣出,今天收盤後；若跌破，再看下一交易日是否收復,已有部位暫停加碼；若收盤跌破60日EMA約 134.81，且下一交易日仍未收復，先減碼三分之一；若ETF或外資繼續轉弱，再分批降低部位。,61.1,67.7,64.7,85,100,完整,137.5,137.25,24.28,0.01,16.7,39.05,152.48,7.71,10.31,1.11,4.73,1,0,0,0,0,5,0,29.299,-107.09800000000007,534.8699999999999,1469.116,0,0,4,11,0,0,0,-9.903,-23.874999999999996,14.35,25,-29,859,,27.658,-97.195,554.745,1463.0410000000002,54.81,71.6,69.95,74.88,false,false,1.98,1.1,"單日成交金額低於5,000萬元"
413,2423,固緯,TWSE,其他電子業,不建立部位,保護持有,今天不新增部位；未完成確認前不機械式賣出,今天收盤後；若跌破，再看下一交易日是否收復,已有部位暫停加碼；若收盤跌破60日EMA約 72.65，且下一交易日仍未收復，先減碼三分之一；若ETF或外資繼續轉弱，再分批降低部位。,60.7,67.5,73.4,85,80.4,可用,75,76.05,17.46,23,24.89,30.95,250.79,2.49,17.77,3.64,3.33,2,0,0,0,8,53,0,37,-103.422,26.41300000000001,262.962,0,0,1,46,0,0,0,2,-47.113,5.1,33,-84,61,,35,-105.422,72.52600000000001,234.13599999999997,51.72,73.59,70.4,79.97,false,false,1.43,1.08,"單日成交金額低於5,000萬元；20日趨勢尚未上彎"
414,6024,群益期,TWSE,金融保險業,不建立部位,保護持有,今天不新增部位；未完成確認前不機械式賣出,今天收盤後；若跌破，再看下一交易日是否收復,已有部位暫停加碼；若收盤跌破60日EMA約 58.06，且下一交易日仍未收復，先減碼三分之一；若ETF或外資繼續轉弱，再分批降低部位。,66.1,67,64.5,85,91,可用,61.4,61.5,81,-15.23,,87.11,113.58,1.76,10.28,1.41,5.65,2,0,0,0,14,140,0,-33.552,169.485,891.0350000000001,592.0050000000001,0,0,1,127,0,0,0,0,-11,4.95,-33,169,364,,-33.552,169.485,901.0350000000001,469.0050000000001,61.53,79.69,68.55,101.97,false,false,2.44,2.85,"單日成交金額低於5,000萬元"
415,9935,慶豐富,TWSE,居家生活,不建立部位,保護持有,今天不新增部位；未完成確認前不機械式賣出,今天收盤後；若跌破，再看下一交易日是否收復,已有部位暫停加碼；若收盤跌破60日EMA約 19.28，且下一交易日仍未收復，先減碼三分之一；若ETF或外資繼續轉弱，再分批降低部位。,59.2,66.9,57.9,85,91,可用,20.15,20.25,9.5,8.2,10.69,69.03,106.69,0.51,12.29,1.37,5.96,1,0,0,0,-3,36,0,-3.91,404.039,433.258,1120.5229999999997,0,0,-3.4509999999999996,36.044000000000004,0,0,0,4,-15,6.46,-4,306,849,,-3.91,400.039,451.70899999999995,1078.4789999999998,58.79,61.32,70.65,42.67,false,true,2.52,2.54,"單日成交金額低於5,000萬元"
416,6531,愛普*,TWSE,半導體業,不建立部位,優先降低風險,依風險與流動性分批降低部位,風險解除且基本面與趨勢重新確認後,已有部位應優先降低曝險；目前觸發「處置或交易限制事件」。待事件解除或基本面重新確認後再評估。,56.7,66.3,67.4,85,100,可用,878,881,144.57,102.88,29.44,24.47,373.6,8.33,50.63,11.4,0.8,19,3,-22,-23,260,591,-35,95.824,-42.803999999999974,205.0809999999999,705.316,3.008,105.338,-351.524,-314.53600000000006,4,1,92486764,124.898,234.349,30.49,-252,21,1146,,12.471,-273.03999999999996,322.25599999999986,1033.1640000000002,51.95,69.31,67.97,71.98,false,false,4.17,2.69,處置或交易限制風險；20日累積後5日轉為調節；主動ETF 5日轉為減碼；20日趨勢尚未上彎
417,2753,八方雲集,TWSE,觀光餐旅,不建立部位,保護持有,今天不新增部位；未完成確認前不機械式賣出,今天收盤後；若跌破，再看下一交易日是否收復,已有部位暫停加碼；若收盤跌破60日EMA約 180.53，且下一交易日仍未收復，先減碼三分之一；若ETF或外資繼續轉弱，再分批降低部位。,63.5,66.3,56.7,85,91,可用,183,183.25,10.39,7.72,12.55,52.65,148.58,3.56,13.59,3.43,6.56,3,0,-1,-2,-7,-12,0,-63,187.445,616.566,1227.87,0,-2,-6.591,-11.529,0,2,-366000,5,-12.318000000000001,6.22,-65,178,923,,-63,184.445,635.4749999999999,1255.224,57.14,76.94,72.95,84.91,false,false,1.54,2.23,"單日成交金額低於5,000萬元；ETF短中期同步減碼"
418,1723,中碳,TWSE,化學工業,不建立部位,保護持有,今天不新增部位；未完成確認前不機械式賣出,今天收盤後；若跌破，再看下一交易日是否收復,已有部位暫停加碼；若收盤跌破60日EMA約 84.01，且下一交易日仍未收復，先減碼三分之一；若ETF或外資繼續轉弱，再分批降低部位。,62.2,66.1,59.2,85,100,完整,84.8,85.1,46.18,11.5,14.62,32.06,176.63,2.07,27.27,2.46,2.18,1,-1,-2,-2,3,2,0,-50.305,427.88100000000003,95.88799999999999,1202.526,-1,-2,3,2,0,2,-169600,8.424,-1.1160000000000014,9.26,-9,550,509,,-51.13,421.457,94.00400000000009,1236.17,49.84,60.26,53,74.77,false,false,-0.05,1.31,"單日成交金額低於5,000萬元；20日累積後5日轉為調節；ETF 1/3日已轉為減碼；20日趨勢尚未上彎"
419,6277,宏正,TWSE,電腦及週邊設備業,不建立部位,保護持有,今天不新增部位；未完成確認前不機械式賣出,今天收盤後；若跌破，再看下一交易日是否收復,已有部位暫停加碼；若收盤跌破60日EMA約 74.62，且下一交易日仍未收復，先減碼三分之一；若ETF或外資繼續轉弱，再分批降低部位。,60.5,66.1,68.8,85,91,可用,78.6,83.4,30.91,15.24,14.42,32.83,208.56,1.08,24.18,2.02,4.45,2,0,0,0,1,38,0,-7.138,346.26800000000003,610.215,1818.8119999999994,0,0,1,38,0,0,0,8.302,-19.328,10.93,-35,299,1228,,-8.443,337.966,628.543,1768.1369999999997,54.62,60.97,56.13,70.64,false,false,1.65,1.42,"單日成交金額低於5,000萬元"
420,1419,新紡,TWSE,紡織纖維,不建立部位,保護持有,今天不新增部位；未完成確認前不機械式賣出,今天收盤後；若跌破，再看下一交易日是否收復,已有部位暫停加碼；若收盤跌破60日EMA約 65.97，且下一交易日仍未收復，先減碼三分之一；若ETF或外資繼續轉弱，再分批降低部位。,55,66,72.4,85,71,可用,65.3,65.65,30.69,28.41,10.51,20.53,161.5,9.37,4.96,0.96,2.76,2,0,0,0,140,235,0,6,-42.982,-96.35300000000001,294.061,0,0,140,233,0,0,0,15,-13,1.4,26,-47,398,,6,-57.982,-223.353,69.151,45.57,26.65,28.42,23.1,false,false,-1.34,-0.46,"單日成交金額低於5,000萬元；中期趨勢仍向下；20日趨勢尚未上彎；當下除權息調整價未守20日EMA；單季稅前獲利對營業外貢獻依賴偏高"
421,2059,川湖,TWSE,電子零組件業,不建立部位,優先降低風險,依風險與流動性分批降低部位,風險解除且基本面與趨勢重新確認後,已有部位應優先降低曝險；目前觸發「處置或交易限制事件」。待事件解除或基本面重新確認後再評估。,57.1,65.7,70.4,85,100,可用,12045,12195,355.52,136.58,77.05,28.35,356.12,110.96,66.4,34.01,0.42,35,2,-6,-35,104,208,-51,-106.508,24.218999999999994,138.69099999999997,666.7059999999999,-10.007,-60.062,489.942,1088.6839999999997,2,3,-723446790,34.057,5.009999999999995,23.65,-104,89,-114,,-102.482,50.22399999999999,-356.26099999999997,-463.50299999999993,76.46,92.16,87.87,100.72,false,false,27.03,27.19,處置或交易限制風險；20日累積後5日轉為調節；投信20日買超後近5日轉賣；短線過熱或乖離過大；高波動且5日漲幅過大
422,3653,健策,TWSE,電子零組件業,不建立部位,優先降低風險,依風險與流動性分批降低部位,風險解除且基本面與趨勢重新確認後,已有部位應優先降低曝險；目前觸發「處置或交易限制事件」。待事件解除或基本面重新確認後再評估。,60.4,65.7,65.1,85,100,可用,4470,4455,90.96,35.95,35.34,28.69,256.61,25.33,100.88,27.82,0.49,37,-1,-331,-276,468,1108,-280,158.019,-122.007,884.409,944.285,-2,-225.60000000000002,1660.3609999999999,3485.479,2,3,-1008432000,115.05100000000002,192.85100000000003,25.4,135,146,-1956,,136.438,-11.457999999999998,-968.8030000000001,-2879.955,65,79.21,76.74,84.16,true,true,15.86,3,處置或交易限制風險；20日累積後5日轉為調節；ETF 1/3日已轉為減碼；主動ETF 5日轉為減碼；投信20日買超後近5日轉賣；短線過熱或乖離過大
423,7749,意騰-KY,TWSE,半導體業,不建立部位,保護持有,今天不新增部位；未完成確認前不機械式賣出,今天收盤後；若跌破，再看下一交易日是否收復,已有部位暫停加碼；若收盤跌破60日EMA約 398.81，且下一交易日仍未收復，先減碼三分之一；若ETF或外資繼續轉弱，再分批降低部位。,50.2,65.5,79.6,85,91,可用,359.5,364,42.67,60.24,32,10.43,897.15,3.56,28.85,4.25,2.5,1,0,0,-10,0,0,0,-3.778,-25.684,-26.45499999999999,-75.07699999999997,0,-10,0,0,0,1,-3595000,1.042,-1.0030000000000006,23.22,-2,-34,297,,-4.82,-16.726,-25.452,-58.83,46.54,81.76,71.91,101.46,false,false,0.46,3.3,"單日成交金額低於5,000萬元；中期趨勢仍向下；20日趨勢尚未上彎"
424,4571,鈞興-KY,TWSE,電機機械,不建立部位,保護持有,今天不新增部位；未完成確認前不機械式賣出,今天收盤後；若跌破，再看下一交易日是否收復,已有部位暫停加碼；若收盤跌破60日EMA約 168.58，且下一交易日仍未收復，先減碼三分之一；若ETF或外資繼續轉弱，再分批降低部位。,60.6,65.4,69.1,85,91,可用,172,173.25,36.12,3.89,18.97,19.94,401.3,2.41,19.09,2.65,3.06,1,0,0,0,0,2,0,91.342,-213.08700000000002,-81.63200000000002,-412.265,0,0,0,2,0,0,0,42.370999999999995,61.662,63.71,89,-229,-221,,91.342,-255.458,-143.29399999999998,-467.17800000000005,58.87,73.79,70.89,79.57,false,false,6.43,5.52,"單日成交金額低於5,000萬元；外資持股5/10日下降，且外資5日賣超"
425,1232,大統益,TWSE,食品工業,不建立部位,保護持有,今天不新增部位；未完成確認前不機械式賣出,今天收盤後；若跌破，再看下一交易日是否收復,已有部位暫停加碼；若收盤跌破60日EMA約 151.28，且下一交易日仍未收復，先減碼三分之一；若ETF或外資繼續轉弱，再分批降低部位。,62.6,65.1,53.3,85,100,完整,155,153.25,41.52,13.95,8.36,46.42,205.52,4.71,17.17,4.5,4.65,1,0,0,0,0,30,0,-5.724,10.740000000000002,-202.912,-133.623,0,0,0,30,0,0,0,14,-3,2.85,1,148,366,,-11.724,-3.259999999999998,-199.912,-151.973,53.34,49.1,44.16,58.99,false,false,0.62,1.64,"單日成交金額低於5,000萬元；當下除權息調整價未守20日EMA"
426,6274,台燿,TPEX,電子零組件業,不建立部位,優先降低風險,依風險與流動性分批降低部位,風險解除且基本面與趨勢重新確認後,已有部位應優先降低曝險；目前觸發「處置或交易限制事件」。待事件解除或基本面重新確認後再評估。,60.5,64.9,55.4,85,100,可用,1600,1620,121.52,91.3,21.29,48.55,205.37,12.4,81.26,19.83,0.47,23,-19,8,555,867,908,205,-341.603,-341.603,-341.603,-341.603,-28,-28,-28,-28,0,1,-44800000,-82.357,-82.357,29.81,,,,,-231.246,-231.246,-231.246,-231.246,59.85,89.41,81,106.21,false,false,14.55,8.84,處置或交易限制風險；外資持股趨勢資料不足或期間有非市場異動；短線過熱或乖離過大
427,4953,緯致,TPEX,資訊服務業,不建立部位,保護持有,今天不新增部位；未完成確認前不機械式賣出,今天收盤後；若跌破，再看下一交易日是否收復,已有部位暫停加碼；若收盤跌破60日EMA約 124.85，且下一交易日仍未收復，先減碼三分之一；若ETF或外資繼續轉弱，再分批降低部位。,58,64.8,67.1,85,100,可用,125,127.75,33.37,31.28,6.01,39.51,231.31,4.88,12.56,2.17,4.11,2,0,0,1,-2,-4,0,-41.835,-41.835,-41.835,-41.835,0,0,0,0,0,0,0,-23.835,-23.835,14.71,,,,,-18,-18,-18,-18,49.92,56.25,60.59,47.59,false,true,0.05,-3.85,"單日成交金額低於5,000萬元；外資持股趨勢資料不足或期間有非市場異動"
428,8021,尖點,TWSE,其他電子業,不建立部位,優先降低風險,依風險與流動性分批降低部位,風險解除且基本面與趨勢重新確認後,已有部位應優先降低曝險；目前觸發「價格跌破60日EMA且20日趨勢向下」。待事件解除或基本面重新確認後再評估。,59.5,64.8,61.3,85,91,可用,427,430,102.56,72.33,20.12,35.15,258.65,1.17,122.35,11.51,0.46,9,-3,177,11,-243,1352,25,-52.864,1500.4159999999997,1450.6359999999997,1582.2629999999997,-47,1280.43,1096.43,2971.3230000000003,4,1,546743610,23.86800000000001,-57.80999999999999,21.27,-128,949,1470,,-42.582,196.11799999999994,412.0160000000001,-715.3739999999999,50.82,85.14,74.13,107.16,false,false,3.45,7.83,處置或交易限制風險；中期趨勢仍向下；20日趨勢尚未上彎；借券賣出與借券賣出餘額壓力升高
429,2211,長榮鋼,TWSE,鋼鐵工業,不建立部位,降低部位,停止加碼；反彈未站回恢復區時分批減碼,每個交易日收盤後，確認是否站回恢復區,已有部位先停止加碼。反彈若仍未站回 92.01，分批降低部位；只有站回且ETF／外資賣壓收斂後才重新評估。,49.1,64.7,79.4,85,91,可用,87.6,86.45,38.3,6.54,18.62,20.87,278.83,1.07,10.71,1.34,7.42,4,0,-4,-6,-11,-23,0,-263.272,1885.5439999999999,1582.0479999999998,1483.955,0,-6.011,-53.011,56.358000000000004,0,2,-526564,-22.445,-292.138,4.05,-234,1948,3758,,-262,1914,1927.197,1999.8669999999997,39.98,53.44,45.57,69.16,false,false,-1.35,1.04,"單日成交金額低於5,000萬元；中期趨勢仍向下；ETF短中期同步減碼；20日趨勢尚未上彎；當下除權息調整價未守20日EMA"
430,2707,晶華,TWSE,觀光餐旅,不建立部位,保護持有,今天不新增部位；未完成確認前不機械式賣出,今天收盤後；若跌破，再看下一交易日是否收復,已有部位暫停加碼；若收盤跌破60日EMA約 178.92，且下一交易日仍未收復，先減碼三分之一；若ETF或外資繼續轉弱，再分批降低部位。,55.8,64,59.8,85,100,完整,179,179,6.4,5.27,27.28,57.65,154.04,8.62,12.4,5.87,6.01,1,0,-1,-1,-1,3,0,-89.05,-16.572000000000003,-152.16400000000004,508.1629999999999,0,-1,-1,3,0,1,-179000,-13.127000000000002,-39.61200000000001,7.1,-56,36,264,,-85,-2.4450000000000003,-111.55200000000002,530.356,50.48,59.5,54.11,70.28,false,false,0.06,1.7,"單日成交金額低於5,000萬元；ETF短中期同步減碼；20日累積後5日轉為調節；20日趨勢尚未上彎"
431,1615,大山,TWSE,電器電纜,不建立部位,保護持有,今天不新增部位；未完成確認前不機械式賣出,今天收盤後；若跌破，再看下一交易日是否收復,已有部位暫停加碼；若收盤跌破60日EMA約 43.98，且下一交易日仍未收復，先減碼三分之一；若ETF或外資繼續轉弱，再分批降低部位。,57.3,62.7,72,85,68,最低門檻,44.8,44.4,11.52,3.48,19.03,23,277.39,0.94,9.45,1.8,5.8,1,0,0,0,0,63,0,216.982,173.494,285.494,175.811,0,0,0,62,0,0,0,-12,-14,1.05,227,196,478,,216.982,185.494,299.494,115.811,62.04,60.32,47.7,85.55,false,false,3.91,6.54,"單日成交金額低於5,000萬元；外資持股趨勢資料不足或期間有非市場異動；20日趨勢尚未上彎"
432,5515,建國,TWSE,建材營造,不建立部位,保護持有,今天不新增部位；未完成確認前不機械式賣出,今天收盤後；若跌破，再看下一交易日是否收復,已有部位暫停加碼；若收盤跌破60日EMA約 41.74，且下一交易日仍未收復，先減碼三分之一；若ETF或外資繼續轉弱，再分批降低部位。,60.7,62.6,63.8,85,91,可用,45.9,50.3,30.84,28.06,13.33,50.62,177.24,1.96,7.69,1.63,7.19,2,0,0,0,0,60,0,239.032,504.592,32.11799999999998,698.97,0,0,0,60,0,0,0,60.393,-2.4460000000000033,12.57,196,453,469,,196.389,444.19899999999996,34.563999999999936,671.7040000000001,66.64,76.03,61.59,104.91,false,false,6.71,9.42,"單日成交金額低於5,000萬元；短線過熱或乖離過大"
433,7722,LINEPAY,TWSE,數位雲端,不建立部位,保護持有,今天不新增部位；未完成確認前不機械式賣出,今天收盤後；若跌破，再看下一交易日是否收復,已有部位暫停加碼；若收盤跌破60日EMA約 290.91，且下一交易日仍未收復，先減碼三分之一；若ETF或外資繼續轉弱，再分批降低部位。,59.7,62.2,52.2,85,71,可用,291.5,291.75,13.18,14.66,5.19,54.81,188.17,1.97,41.35,1.83,0.69,1,0,0,-1,0,50,0,16.589,51.585,-6.841000000000001,127.035,0,-1,0,48,0,1,-291500,17.397000000000002,10.326000000000002,58.9,16,44,16,,16.192,35.188,-17.166999999999998,69.726,52.51,61.47,52.96,78.5,false,false,1.81,7.96,"單日成交金額低於5,000萬元；20日趨勢尚未上彎"
434,6561,是方,TPEX,通信網路業,不建立部位,保護持有,今天不新增部位；未完成確認前不機械式賣出,今天收盤後；若跌破，再看下一交易日是否收復,已有部位暫停加碼；若收盤跌破60日EMA約 334.17，且下一交易日仍未收復，先減碼三分之一；若ETF或外資繼續轉弱，再分批降低部位。,57.8,62,55.8,85,100,可用,329,327.75,18.04,0,37.23,53.51,68.34,7.57,21.9,7.76,4.35,3,0,0,1,-1,-1,0,6.017,6.017,6.017,6.017,0,0,0,0,0,0,0,-1,-1,7.04,,,,,7.017,7.017,7.017,7.017,51.3,54.25,51.87,59.02,true,true,0.7,1.08,"單日成交金額低於5,000萬元；外資持股趨勢資料不足或期間有非市場異動"
435,1726,永記,TWSE,化學工業,不建立部位,保護持有,今天不新增部位；未完成確認前不機械式賣出,今天收盤後；若跌破，再看下一交易日是否收復,已有部位暫停加碼；若收盤跌破60日EMA約 77.61，且下一交易日仍未收復，先減碼三分之一；若ETF或外資繼續轉弱，再分批降低部位。,54.5,62,72.6,85,85,完整,77.5,77.75,11.56,4.27,13.07,18.14,405.41,3.66,12.09,1.19,4.77,1,0,0,0,0,51,0,-3,-13.05,-39.05,-61.03200000000001,0,0,0,51,0,0,0,0,-14,12.69,-5,-13,63,,-5,-13.05,-25.05,-102.03200000000001,49.07,46.85,42.52,55.5,true,false,-0.01,0.65,"單日成交金額低於5,000萬元；中期趨勢仍向下；20日趨勢尚未上彎"
436,4543,萬在,TPEX,電機機械,不建立部位,保護持有,今天不新增部位；未完成確認前不機械式賣出,今天收盤後；若跌破，再看下一交易日是否收復,已有部位暫停加碼；若收盤跌破60日EMA約 34.05，且下一交易日仍未收復，先減碼三分之一；若ETF或外資繼續轉弱，再分批降低部位。,51,61.9,70.4,85,70,可用,32.2,32,17.86,21.13,15.89,30.31,241.58,1.37,12.58,1.03,2.17,1,0,0,0,3,3,0,45.741,45.741,45.741,45.741,0,0,0,0,0,0,0,0.741,0.741,9.96,,,,,45,45,45,45,48.17,69.47,70,68.4,false,true,0.64,3.54,"單日成交金額低於5,000萬元；中期趨勢仍向下；外資持股趨勢資料不足或期間有非市場異動；20日趨勢尚未上彎"
437,5534,長虹,TWSE,建材營造,不建立部位,降低部位,停止加碼；反彈未站回恢復區時分批減碼,每個交易日收盤後，確認是否站回恢復區,已有部位先停止加碼。反彈若仍未站回 78.70，分批降低部位；只有站回且ETF／外資賣壓收斂後才重新評估。,57.5,61.7,64,85,100,完整,78.3,78.3,269.79,63.45,17.45,56.25,185.49,1.05,13.83,1.16,7.02,2,16,16,16,300,300,16,208.597,-340.15599999999995,-698.9949999999999,139.39299999999992,16,16,150,-15,1,0,1252800,142.16000000000003,240.0140000000001,9.07,155,-1063,-2181,,172.697,-498.31600000000003,-1089.009,-342.7000000000001,47,44.03,41.06,49.97,false,false,-0.34,0.26,"單日成交金額低於5,000萬元；中期趨勢仍向下；外資持股5/10日下降，且外資5日賣超；20日趨勢尚未上彎；當下除權息調整價未守20日EMA"
438,2474,可成,TWSE,其他電子業,不建立部位,優先降低風險,依風險與流動性分批降低部位,風險解除且基本面與趨勢重新確認後,已有部位應優先降低曝險；目前觸發「單月與累計營收同步明顯衰退」。待事件解除或基本面重新確認後再評估。,76.1,61.2,57.1,85,100,完整,205,204.25,-34.29,-31.97,4.51,38.16,133.88,5.14,13.64,0.8,5.01,24,24,26,44,127,6747,0,159.502,3592.629,1915.0749999999998,-241.1400000000003,46,157.582,93.27299999999997,6100.243,5,0,32304310,147.54,100.08999999999999,15.57,-85,3348,2010,,56.86,3287.507,1721.712,-6234.398,63.86,78.65,65.03,105.87,false,false,6.74,12.95,營收動能同步衰退；累計營收負成長且當月改善不足；單季稅前獲利對營業外貢獻依賴偏高
439,8213,志超,TWSE,電子零組件業,不建立部位,保護持有,今天不新增部位；未完成確認前不機械式賣出,今天收盤後；若跌破，再看下一交易日是否收復,已有部位暫停加碼；若收盤跌破60日EMA約 33.64，且下一交易日仍未收復，先減碼三分之一；若ETF或外資繼續轉弱，再分批降低部位。,57.3,61.1,58.1,85,100,完整,33.3,33.95,38.39,14.72,3.54,47.82,177.28,0.93,16.9,0.53,3.42,1,0,0,0,0,0,0,342.405,278.858,116.894,-2129.445,0,0,0,0,0,0,0,70.71900000000001,-43.89399999999998,21.14,345,154,-927,,337.079,208.13899999999995,160.78799999999995,-2164.4939999999997,57.88,83.16,68.21,113.05,false,false,5.64,10.26,"單日成交金額低於5,000萬元；中期趨勢仍向下；20日趨勢尚未上彎"
440,6146,耕興,TPEX,其他電子業,不建立部位,保護持有,今天不新增部位；未完成確認前不機械式賣出,今天收盤後；若跌破，再看下一交易日是否收復,已有部位暫停加碼；若收盤跌破60日EMA約 197.39，且下一交易日仍未收復，先減碼三分之一；若ETF或外資繼續轉弱，再分批降低部位。,54.7,61,72.8,85,100,可用,192.5,193.75,10.64,9.37,30.97,34.5,233.06,6.04,16.87,3.67,6.23,3,0,0,0,4,-3,0,49.036,49.036,49.036,49.036,0,0,0,0,0,0,0,0.536,0.536,31.57,,,,,48.5,48.5,48.5,48.5,49.59,60.55,57.77,66.12,true,false,0.36,-0.77,"單日成交金額低於5,000萬元；中期趨勢仍向下；外資持股趨勢資料不足或期間有非市場異動；20日趨勢尚未上彎"
441,4736,泰博,TWSE,生技醫療業,不建立部位,優先降低風險,依風險與流動性分批降低部位,風險解除且基本面與趨勢重新確認後,已有部位應優先降低曝險；目前觸發「單月與累計營收同步明顯衰退」。待事件解除或基本面重新確認後再評估。,59.7,60.5,70,85,91,可用,134,140.25,-11.91,-1.06,25.4,23.84,273.12,2.99,7.34,1.33,3.73,2,0,0,0,0,30,0,73.855,195.64100000000002,185.988,838.8380000000001,0,0,0,30,0,0,0,1,-32.166,6.73,68,194,459,,74.855,194.64100000000002,218.154,825.409,69.23,79.82,65.83,107.8,false,false,3.49,3.47,"單日成交金額低於5,000萬元；營收動能同步衰退；累計營收負成長且當月改善不足"
442,2010,春源,TWSE,鋼鐵工業,不建立部位,保護持有,今天不新增部位；未完成確認前不機械式賣出,今天收盤後；若跌破，再看下一交易日是否收復,已有部位暫停加碼；若收盤跌破60日EMA約 22.42，且下一交易日仍未收復，先減碼三分之一；若ETF或外資繼續轉弱，再分批降低部位。,60.7,60.3,58.2,85,85,完整,22.95,23.03,-0.95,5.9,7.89,45.34,176.99,1.35,9.14,1.19,8.71,1,0,0,0,2,207,0,-25,5756.363,5412.567,6305.867999999999,0,0,2,207,0,0,0,-12.985,-177.79000000000002,8.66,-37,5804,6052,,-37,5769.348,5588.356999999999,6173.347999999998,63.3,82.44,75.45,96.41,false,false,4.72,8.77,"單日成交金額低於5,000萬元"
443,9942,茂順,TWSE,其他,不建立部位,降低部位,停止加碼；反彈未站回恢復區時分批減碼,每個交易日收盤後，確認是否站回恢復區,已有部位先停止加碼。反彈若仍未站回 118.52，分批降低部位；只有站回且ETF／外資賣壓收斂後才重新評估。,46.2,60,75.2,85,91,可用,116,116.25,11.01,14.66,24.47,24.59,354.85,2.22,14.13,2.13,6.03,1,0,-1,-1,-1,1,0,-53.003,-19.215999999999994,-89.33800000000001,241.715,0,-1,-1,1,0,1,-116000,-15,-85,4.76,-26,19,86,,-45.003,-3.215999999999994,-3.338000000000008,111.71499999999999,43.76,48.86,43.81,58.96,false,false,-1.53,1.31,"單日成交金額低於5,000萬元；中期趨勢仍向下；ETF短中期同步減碼；20日累積後5日轉為調節；20日趨勢尚未上彎；當下除權息調整價未守20日EMA"
444,1720,生達,TWSE,生技醫療業,不建立部位,保護持有,今天不新增部位；未完成確認前不機械式賣出,今天收盤後；若跌破，再看下一交易日是否收復,已有部位暫停加碼；若收盤跌破60日EMA約 57.06，且下一交易日仍未收復，先減碼三分之一；若ETF或外資繼續轉弱，再分批降低部位。,48.9,59.8,73.3,85,100,完整,56.5,56.5,6.35,2.29,21.32,24.3,218.16,2.49,9.83,1.63,5.31,1,0,0,0,1,11,0,-12.632,89.958,-254.478,-203.264,0,0,1,5,0,0,0,21.637999999999998,-53.28500000000001,5.43,-23,-37,190,,-35.55,68.32000000000002,-202.19299999999998,-181.98199999999994,44.55,30.76,33.99,24.31,false,false,-0.83,-0.18,"單日成交金額低於5,000萬元；中期趨勢仍向下；20日趨勢尚未上彎；當下除權息調整價未守20日EMA"
445,1342,八貫,TWSE,其他,不建立部位,保護持有,今天不新增部位；未完成確認前不機械式賣出,今天收盤後；若跌破，再看下一交易日是否收復,已有部位暫停加碼；若收盤跌破60日EMA約 105.52，且下一交易日仍未收復，先減碼三分之一；若ETF或外資繼續轉弱，再分批降低部位。,51.4,59.7,64.2,85,85,完整,103,103.25,76.92,34.14,18.32,41.09,208.83,4.1,14.57,3.57,5.83,1,0,0,-3,1,102,0,38.748,273.264,-757.3019999999999,-718.1769999999999,0,-3,1,102,0,1,-309000,0.28400000000000036,-11.809,32.46,75,285,-614,,39.748,275.98,-746.4929999999999,-819.8549999999999,43.58,66.09,52.8,92.66,false,false,-2.06,0.98,"單日成交金額低於5,000萬元；中期趨勢仍向下；20日趨勢尚未上彎；當下除權息調整價未守20日EMA"
446,3167,大量,TWSE,電機機械,不建立部位,優先降低風險,依風險與流動性分批降低部位,風險解除且基本面與趨勢重新確認後,已有部位應優先降低曝險；目前觸發「價格跌破60日EMA且20日趨勢向下」。待事件解除或基本面重新確認後再評估。,43.3,59.6,51.4,85,100,完整,672,677.5,152.87,131.8,24.48,64.49,143.75,9.26,47.12,14.01,0.58,3,0,-66,-66,-152,-374,-66,-44.19,-1294.5630000000003,-1612.9510000000005,-2476.7660000000005,0,-72,-1801,-2890,0,2,-48384000,-25.927000000000003,183.455,10.59,-77,-1194,1303,,-80.19,-1196.636,4.594000000000051,147.66599999999997,49.93,72.96,66.2,86.49,false,false,2.53,4.19,處置或交易限制風險；中期趨勢仍向下；ETF短中期同步減碼；主動ETF 5日轉為減碼；20日趨勢尚未上彎
447,1537,廣隆,TWSE,電機機械,不建立部位,保護持有,今天不新增部位；未完成確認前不機械式賣出,今天收盤後；若跌破，再看下一交易日是否收復,已有部位暫停加碼；若收盤跌破60日EMA約 126.05，且下一交易日仍未收復，先減碼三分之一；若ETF或外資繼續轉弱，再分批降低部位。,59.7,59.3,59.1,85,100,完整,127.5,127.5,7.08,1.6,11.23,32.26,319,4.01,15.42,2.47,5.65,1,0,0,0,0,1,0,-34,-102.74499999999999,-136.35,271.74600000000004,0,0,0,1,0,0,0,-3.003,-27.862000000000002,15.95,-9,-69,-43,,-34,-99.74199999999999,-108.48799999999997,171.19700000000003,57.67,59.6,48.51,81.78,false,false,0.79,1.59,"單日成交金額低於5,000萬元；外資持股5/10日下降，且外資5日賣超"
448,2455,全新,TWSE,通信網路業,不建立部位,優先降低風險,依風險與流動性分批降低部位,風險解除且基本面與趨勢重新確認後,已有部位應優先降低曝險；目前觸發「處置或交易限制事件」。待事件解除或基本面重新確認後再評估。,63.7,59.3,53.9,85,99,可用,384.5,387,45.12,30.48,23.4,35.4,220.15,2.2,94.24,19.47,0.68,14,1,20,13,211,338,25,441.078,2515.272,-1250.334,1256.8389999999997,7,540.057,902.057,1696.057,5,0,207651917,358.9200000000001,591.245,27.6,202,1817,-1201,,247.696,1616.295,-2743.6359999999995,-778.5210000000002,58.76,81.09,76.46,90.36,false,false,11.55,-0.9,處置或交易限制風險；短線過熱或乖離過大
449,6756,威鋒電子,TWSE,半導體業,不建立部位,保護持有,今天不新增部位；未完成確認前不機械式賣出,今天收盤後；若跌破，再看下一交易日是否收復,已有部位暫停加碼；若收盤跌破60日EMA約 95.52，且下一交易日仍未收復，先減碼三分之一；若ETF或外資繼續轉弱，再分批降低部位。,58.8,59.3,53.2,85,91,可用,98.2,100.75,70.68,22.5,-12.22,24.85,205.7,0.64,64.61,2.35,0.92,1,0,0,0,0,0,0,-42,182.416,396.21999999999997,210.52399999999997,0,0,0,0,0,0,0,0.96,-14.236,3.65,-45,216,393,,-43,181.45600000000002,410.456,212.02100000000002,52.21,68.87,71.46,63.68,false,true,1.38,-1.11,"單日成交金額低於5,000萬元；單季稅前獲利對營業外貢獻依賴偏高"
450,2480,敦陽科,TWSE,資訊服務業,不建立部位,保護持有,今天不新增部位；未完成確認前不機械式賣出,今天收盤後；若跌破，再看下一交易日是否收復,已有部位暫停加碼；若收盤跌破60日EMA約 154.69，且下一交易日仍未收復，先減碼三分之一；若ETF或外資繼續轉弱，再分批降低部位。,54.1,59.2,52.4,85,100,完整,154,156.5,22.36,15.96,12.11,65.42,134.32,4.91,17.58,5,5.06,5,0,-1,-1,-12,16,0,50.051,226.52200000000002,-567.5999999999999,-48.940999999999846,0,-1.217,-12.081,16.223,0,2,-187418,-1.986,-86.29299999999999,10.66,57,257,-220,,49.843,229.725,-469.2259999999999,-22.94299999999987,46.67,30.89,33.2,26.29,false,true,-1.28,0.65,"單日成交金額低於5,000萬元；中期趨勢仍向下；ETF短中期同步減碼；20日累積後5日轉為調節；20日趨勢尚未上彎"
451,9911,櫻花,TWSE,居家生活,不建立部位,降低部位,停止加碼；反彈未站回恢復區時分批減碼,每個交易日收盤後，確認是否站回恢復區,已有部位先停止加碼。反彈若仍未站回 83.17，分批降低部位；只有站回且ETF／外資賣壓收斂後才重新評估。,50.1,58.9,64,85,100,完整,82.1,82.3,9.67,6.76,15.65,37.15,166.9,3.26,12.73,2.76,6.09,2,0,0,0,15,19,0,-81,-36,-670.2509999999999,-673.7419999999998,0,0,17,20,0,0,0,66,-11.601999999999997,18.74,-166,-119,-604,,-152,-102,-675.649,-717.019,44.48,46.93,42.51,55.78,false,false,-0.49,0.86,"單日成交金額低於5,000萬元；中期趨勢仍向下；外資持股5/10日下降，且外資5日賣超；20日趨勢尚未上彎；當下除權息調整價未守20日EMA"
452,4137,麗豐-KY,TWSE,生技醫療業,不建立部位,保護持有,今天不新增部位；未完成確認前不機械式賣出,今天收盤後；若跌破，再看下一交易日是否收復,已有部位暫停加碼；若收盤跌破60日EMA約 100.03，且下一交易日仍未收復，先減碼三分之一；若ETF或外資繼續轉弱，再分批降低部位。,44.7,58.9,71.4,85,91,可用,94.1,94.8,2.76,7.74,15.53,43.21,206.97,1.41,11.97,1.39,10.63,2,0,0,0,-1,-6,0,-109.414,-16.288000000000007,112.09599999999999,72.622,0,0,-1.678,-6.52,0,0,0,39.932,24.943,54.72,-92,-22,116,,-106.442,-56.22,88.831,27.147000000000006,39.6,49.34,56.76,34.51,false,true,-1.86,-1.47,"單日成交金額低於5,000萬元；中期趨勢仍向下；20日趨勢尚未上彎；當下除權息調整價未守20日EMA"
453,8415,大國鋼,TPEX,鋼鐵工業,不建立部位,保護持有,今天不新增部位；未完成確認前不機械式賣出,今天收盤後；若跌破，再看下一交易日是否收復,已有部位暫停加碼；若收盤跌破60日EMA約 36.19，且下一交易日仍未收復，先減碼三分之一；若ETF或外資繼續轉弱，再分批降低部位。,60.3,58.6,33.3,85,85,可用,38.65,39.13,36.76,21.39,,,,,11.68,1.37,3.88,1,0,0,0,-473,-465,0,216.858,216.858,216.858,216.858,0,0,0,0,0,0,0,27.858,27.858,7.31,,,,,189,189,189,189,65.24,71.84,62.4,90.73,false,false,3.28,4.18,"單日成交金額低於5,000萬元；外資持股趨勢資料不足或期間有非市場異動"
454,6213,聯茂,TWSE,電子零組件業,不建立部位,優先降低風險,依風險與流動性分批降低部位,風險解除且基本面與趨勢重新確認後,已有部位應優先降低曝險；目前觸發「ETF 5/10日同步減碼」。待事件解除或基本面重新確認後再評估。,55.9,58.3,48.8,85,100,可用,464,464,96.88,34.73,10.99,47.81,173.03,4.39,71.94,7.47,0.65,12,-5,-8,-64,-7,650,-40,1513.087,16413.528,17414.957,8856.178999999996,-5,3034.2039999999997,2725.2039999999997,4006.2039999999997,3,2,1407870656,913.0939999999998,1069.049,19.31,1077,12234,7386,,1352.061,12466.23,13620.704,4773.600999999998,72.1,91.38,79.1,115.96,false,false,30.06,36.07,處置或交易限制風險；ETF短中期同步減碼；20日累積後5日轉為調節；ETF 1/3日已轉為減碼；主動ETF 5日轉為減碼；短線過熱或乖離過大；高波動且5日漲幅過大
455,8436,大江,TPEX,生技醫療業,不建立部位,優先降低風險,依風險與流動性分批降低部位,風險解除且基本面與趨勢重新確認後,已有部位應優先降低曝險；目前觸發「單月與累計營收同步明顯衰退」。待事件解除或基本面重新確認後再評估。,66.5,58.2,55.1,85,100,可用,124.5,122.5,-12.19,-2.53,18.09,36.7,169.74,4.13,14.15,1.79,4.82,2,10,9,8,198,194,10,-367.032,-367.032,-367.032,-367.032,10,10,10,10,1,0,1245000,25.968,25.968,12.5,,,,,-403,-403,-403,-403,64.91,77.09,66.59,98.1,false,false,5.74,8.73,營收動能同步衰退；累計營收負成長且當月改善不足；外資持股趨勢資料不足或期間有非市場異動
456,3622,洋華,TWSE,光電業,不建立部位,保護持有,今天不新增部位；未完成確認前不機械式賣出,今天收盤後；若跌破，再看下一交易日是否收復,已有部位暫停加碼；若收盤跌破60日EMA約 55.15，且下一交易日仍未收復，先減碼三分之一；若ETF或外資繼續轉弱，再分批降低部位。,54.4,57.9,75.8,85,91,可用,55.1,55.5,-6.03,-3.56,21.05,14.94,617.21,1.09,9.43,1.14,5.81,1,0,0,2,-6,-10,0,67.018,103.21799999999998,160.53199999999998,-172.96,0,2.169,-5.765,-9.713999999999999,1,0,119512,9.911,-37.690000000000005,3.8,68,88,714,,67.018,91.138,203.987,-204.577,54.8,86.85,80.08,100.39,false,false,1.75,2.04,"單日成交金額低於5,000萬元；累計營收負成長且當月改善不足；中期趨勢仍向下；20日趨勢尚未上彎；單季稅前獲利對營業外貢獻依賴偏高"
457,2546,根基,TWSE,建材營造,不建立部位,保護持有,今天不新增部位；未完成確認前不機械式賣出,今天收盤後；若跌破，再看下一交易日是否收復,已有部位暫停加碼；若收盤跌破60日EMA約 84.91，且下一交易日仍未收復，先減碼三分之一；若ETF或外資繼續轉弱，再分批降低部位。,63,57.7,49.8,85,100,完整,99.6,98.25,5.52,18.75,12.17,61.6,158.04,8.89,6.66,1.98,6.02,3,0,31,31,194,260,20,134.045,-110.39099999999999,-25.230999999999966,443.457,0,-1,162,228,0,1,-99600,40.406,-0.7140000000000022,3.68,170,-111,-47,,134.045,-149.79700000000003,-186.51700000000005,180.17099999999994,76.63,77.7,69.01,95.07,true,false,11.08,12.45,"單日成交金額低於5,000萬元；外資持股5/10日下降，且外資5日賣超；短線過熱或乖離過大"
458,6690,安碁資訊,TPEX,數位雲端,不建立部位,保護持有,今天不新增部位；未完成確認前不機械式賣出,今天收盤後；若跌破，再看下一交易日是否收復,已有部位暫停加碼；若收盤跌破60日EMA約 166.00，且下一交易日仍未收復，先減碼三分之一；若ETF或外資繼續轉弱，再分批降低部位。,47.3,57.3,69.9,85,70,可用,163,165,8.89,14.33,14.18,37.1,213.57,5.1,14.89,1.62,5.52,1,0,0,0,6,6,0,10.263,10.263,10.263,10.263,0,0,0,0,0,0,0,0.263,0.263,3.83,,,,,10,10,10,10,47.76,67.01,69.07,62.89,false,true,-0.22,-0.91,"單日成交金額低於5,000萬元；中期趨勢仍向下；外資持股趨勢資料不足或期間有非市場異動；20日趨勢尚未上彎"
459,6592,和潤企業,TWSE,其他,不建立部位,保護持有,今天不新增部位；未完成確認前不機械式賣出,今天收盤後；若跌破，再看下一交易日是否收復,已有部位暫停加碼；若收盤跌破60日EMA約 60.75，且下一交易日仍未收復，先減碼三分之一；若ETF或外資繼續轉弱，再分批降低部位。,57.7,57.1,44.9,85,100,完整,61.5,61.55,-3.15,-4.14,19.84,87.04,105.16,2.22,12.35,1.17,5.37,1,0,-10,-10,-20,-337,0,283.59,731.091,825.448,1578.6460000000002,0,-10.032,-20.172,-337.601,0,1,-616968,24.837000000000003,-41.763999999999996,23.08,272,872,1588,,271.931,716.2859999999998,887.3839999999998,1969.8929999999998,55.58,51.33,43.94,66.11,true,false,1.36,2.5,"單日成交金額低於5,000萬元；累計營收負成長且當月改善不足；ETF短中期同步減碼"
460,3169,亞信,TPEX,半導體業,不建立部位,保護持有,今天不新增部位；未完成確認前不機械式賣出,今天收盤後；若跌破，再看下一交易日是否收復,已有部位暫停加碼；若收盤跌破60日EMA約 104.16，且下一交易日仍未收復，先減碼三分之一；若ETF或外資繼續轉弱，再分批降低部位。,49.1,57,71.3,85,100,可用,101.5,103.25,22.42,4.74,26.67,19.13,496.46,1.96,26.64,3.63,3.15,1,0,0,0,7,7,0,0.674,0.674,0.674,0.674,0,0,0,0,0,0,0,-0.452,-0.452,4.99,,,,,1.126,1.126,1.126,1.126,48.07,64.98,63.92,67.1,false,false,-0.37,-1.46,"單日成交金額低於5,000萬元；中期趨勢仍向下；外資持股趨勢資料不足或期間有非市場異動；20日趨勢尚未上彎"
461,3037,欣興,TWSE,電子零組件業,不建立部位,優先降低風險,依風險與流動性分批降低部位,風險解除且基本面與趨勢重新確認後,已有部位應優先降低曝險；目前觸發「處置或交易限制事件」。待事件解除或基本面重新確認後再評估。,59.1,56.4,43.2,85,100,可用,1000,1035,43.69,30.76,11.71,59.23,176.35,11.7,66.58,12.84,0.2,48,7,111,312,7034,11357,-6,2469.721,6133.452,22562.193,14245.978000000003,-50,568.208,11612.766,19582.962000000003,3,2,568208000,267.669,-100.15600000000002,36.69,2216,4383,-520,,2296.751,5297.574999999999,11049.583000000002,-5826.235999999998,59.58,90.67,82.55,106.91,false,false,10.15,3.2,處置或交易限制風險；主動ETF 5日轉為減碼；外資持股趨勢資料不足或期間有非市場異動；短線過熱或乖離過大；單季稅前獲利對營業外貢獻依賴偏高
462,2897,王道銀行,TWSE,金融保險業,不建立部位,降低部位,停止加碼；反彈未站回恢復區時分批減碼,每個交易日收盤後，確認是否站回恢復區,已有部位先停止加碼。反彈若仍未站回 10.28，分批降低部位；只有站回且ETF／外資賣壓收斂後才重新評估。,41.1,56.1,65.4,85,91,可用,10.1,10.13,17.35,28.22,,90.87,,0.28,14.85,0.69,5.15,1,0,-34,-34,-2703,-2539,0,-743,-2653.3230000000003,460.61100000000033,9779.752000000002,0,-34.152,-2703.152,-2539.152,0,1,-344935,145,-544,8.73,-587,-2743,17238,,-657,-2764.1710000000003,3707.763,12391.802000000001,39.6,25.73,32.37,12.44,false,false,-1.37,-1.46,"單日成交金額低於5,000萬元；中期趨勢仍向下；ETF短中期同步減碼；20日趨勢尚未上彎；當下除權息調整價未守20日EMA"
463,1712,興農,TWSE,化學工業,不建立部位,保護持有,今天不新增部位；未完成確認前不機械式賣出,今天收盤後；若跌破，再看下一交易日是否收復,已有部位暫停加碼；若收盤跌破60日EMA約 39.85，且下一交易日仍未收復，先減碼三分之一；若ETF或外資繼續轉弱，再分批降低部位。,49.4,55.9,54.1,85,100,完整,39.1,39.17,21.54,5.25,8.25,47.84,141.74,1.56,14.75,2,6.39,2,0,0,0,-9,428,0,-163.173,370.183,-1070.4859999999999,-1872.8169999999996,0,0,0.6960000000000015,604.409,0,0,0,41.924,-64.67800000000001,13.18,-137,461,-1111,,-180.206,328.259,-1006.504,-2431.949,47.39,42.09,37.07,52.12,true,false,-0.26,1.3,"單日成交金額低於5,000萬元；中期趨勢仍向下；20日趨勢尚未上彎；當下除權息調整價未守20日EMA"
464,5269,祥碩,TWSE,半導體業,不建立部位,優先降低風險,依風險與流動性分批降低部位,風險解除且基本面與趨勢重新確認後,已有部位應優先降低曝險；目前觸發「ETF 5/10日同步減碼」。待事件解除或基本面重新確認後再評估。,58.3,55.9,62,85,100,可用,1440,1447.5,-37.99,-2.25,23.41,17.16,178.89,52.07,15.36,2.98,3.15,16,0,0,-73,-35,318,-38,31.48,129.115,443.822,1507.6480000000001,-25,-100.237,-48.01199999999999,296.988,2,3,-144341280,-21.239,8.456999999999994,9.5,53,178,1575,,60.143,250.591,483.377,1403.561,53,75.34,60.61,104.8,false,false,1.84,1.77,營收動能同步衰退；累計營收負成長且當月改善不足；ETF短中期同步減碼；20日累積後5日轉為調節；主動ETF 5日轉為減碼；投信5/10日持續且具金額意義的賣超；20日趨勢尚未上彎；單季稅前獲利對營業外貢獻依賴偏高
465,2535,達欣工,TWSE,建材營造,不建立部位,保護持有,今天不新增部位；未完成確認前不機械式賣出,今天收盤後；若跌破，再看下一交易日是否收復,已有部位暫停加碼；若收盤跌破60日EMA約 86.35，且下一交易日仍未收復，先減碼三分之一；若ETF或外資繼續轉弱，再分批降低部位。,59.9,55.7,46.6,85,100,完整,88.8,89.05,20.63,22.05,9.12,64.06,185.27,6.32,8.7,2.13,5.18,2,0,0,0,241,248,0,-56.09,-284.866,-250.468,-247.269,0,0,243,253,0,0,0,2.040999999999997,-88.562,7.05,-67,-285,-413,,-58.589,-286.907,-404.906,-458.44599999999997,50.67,47.48,57.44,27.56,false,true,0.02,1.02,"單日成交金額低於5,000萬元；外資持股5/10日下降，且外資5日賣超"
466,3450,聯鈞,TWSE,半導體業,不建立部位,優先降低風險,依風險與流動性分批降低部位,風險解除且基本面與趨勢重新確認後,已有部位應優先降低曝險；目前觸發「處置或交易限制事件」。待事件解除或基本面重新確認後再評估。,62.8,55.7,37.8,85,91,可用,507,517,98,20.29,12.75,43,192,0.69,150.89,14.16,0.2,5,0,199,814,1627,1927,815,359.962,7657.923,8165.562,9166.966,0,1703.904,412.904,3396.904,3,1,863879328,272.822,301.66700000000003,22.1,383,5779,6231,,289.194,5681.197,7450.991,5504.563000000001,55.86,81,72.7,97.6,false,false,10.1,6.74,處置或交易限制風險；20日趨勢尚未上彎；短線過熱或乖離過大
467,1307,三芳,TWSE,塑膠工業,不建立部位,降低部位,停止加碼；反彈未站回恢復區時分批減碼,每個交易日收盤後，確認是否站回恢復區,已有部位先停止加碼。反彈若仍未站回 32.60，分批降低部位；只有站回且ETF／外資賣壓收斂後才重新評估。,39.3,55.5,67.5,85,100,完整,30.9,30.88,11.02,5.71,12.33,46.72,186.74,1.46,9.22,1.23,7.12,1,0,-1,-3,-25,-38,0,-104.896,-1249.163,-668.6319999999998,-910.4979999999997,0,-3,-25,152.28900000000002,0,2,-92700,-16.203000000000003,-70.052,7.08,-134,-889,-813,,-93,-1229.96,-573.5799999999999,-962.9989999999998,40.34,45.42,54.49,27.28,false,true,-2.87,-3.44,"單日成交金額低於5,000萬元；中期趨勢仍向下；ETF短中期同步減碼；外資持股5/10日下降，且外資5日賣超；20日趨勢尚未上彎；當下除權息調整價未守20日EMA"
468,6679,鈺太,TPEX,半導體業,不建立部位,保護持有,今天不新增部位；未完成確認前不機械式賣出,今天收盤後；若跌破，再看下一交易日是否收復,已有部位暫停加碼；若收盤跌破60日EMA約 244.02，且下一交易日仍未收復，先減碼三分之一；若ETF或外資繼續轉弱，再分批降低部位。,40.3,54.9,79.5,85,100,可用,212,216.75,8.73,7.32,24.37,6.41,1081.33,6.34,17.18,1.92,3.07,1,0,0,-10,0,3,0,-6.785,-6.785,-6.785,-6.785,0,0,0,0,0,0,0,-2.785,-2.785,10.62,,,,,-4,-4,-4,-4,42.32,48.8,51.53,43.35,false,true,-3.78,-8.42,"單日成交金額低於5,000萬元；中期趨勢仍向下；20日累積後5日轉為調節；外資持股趨勢資料不足或期間有非市場異動；20日趨勢尚未上彎；當下除權息調整價未守20日EMA"
469,3679,新至陞,TWSE,電子零組件業,不建立部位,保護持有,今天不新增部位；未完成確認前不機械式賣出,今天收盤後；若跌破，再看下一交易日是否收復,已有部位暫停加碼；若收盤跌破60日EMA約 112.47，且下一交易日仍未收復，先減碼三分之一；若ETF或外資繼續轉弱，再分批降低部位。,43.5,54.3,69.3,85,100,完整,109,109.5,18.38,-6.8,17.76,48.94,241.4,4.18,9.22,1.42,8.26,1,0,0,0,0,-5,0,18,-12.229999999999997,32.994,200.001,0,0,-0.776,-5.34,0,0,0,0,-10,8.57,17,-9,152,,17,-12.229999999999997,43.77,211.341,45.8,23.25,24.99,19.79,false,false,-0.8,-0.46,"單日成交金額低於5,000萬元；中期趨勢仍向下；20日趨勢尚未上彎；當下除權息調整價未守20日EMA"
470,1907,永豐餘,TWSE,造紙工業,不建立部位,保護持有,今天不新增部位；未完成確認前不機械式賣出,今天收盤後；若跌破，再看下一交易日是否收復,已有部位暫停加碼；若收盤跌破60日EMA約 27.74，且下一交易日仍未收復，先減碼三分之一；若ETF或外資繼續轉弱，再分批降低部位。,60.1,54.3,41.2,85,91,可用,30.15,30.1,7.28,4.85,-0.43,46.4,119.9,0.13,21.54,0.64,3.32,3,0,-23,-23,656,688,0,198.669,2292.234,5692.139,9370.536,0,-23.212,671.2780000000001,695.9850000000001,0,1,-699842,-13,-208,12.96,255,2581,7306,,194.669,2328.446,5228.861,8866.551,64.57,72.74,78.38,61.46,false,true,3.06,1.34,"單日成交金額低於5,000萬元；20日累積後5日轉為調節；單季稅前獲利對營業外貢獻依賴偏高"
471,2528,皇普,TWSE,建材營造,不建立部位,優先降低風險,依風險與流動性分批降低部位,風險解除且基本面與趨勢重新確認後,已有部位應優先降低曝險；目前觸發「單月與累計營收同步明顯衰退」。待事件解除或基本面重新確認後再評估。,56.4,54,52.9,85,100,完整,20.6,20.58,-33.23,-58.59,23.42,65.26,190.14,0.57,8.37,1.19,14.56,1,0,0,0,-9,172,0,128.305,380.305,470.921,1196.252,0,0,-8.305,-103.159,0,0,0,-193,-313,1.52,100,521,769,,128.305,573.3050000000001,792.226,1713.411,61.88,73.58,71.43,77.9,false,false,3.95,2.49,"單日成交金額低於5,000萬元；營收動能同步衰退；累計營收負成長且當月改善不足"
472,6115,鎰勝,TWSE,電子零組件業,不建立部位,保護持有,今天不新增部位；未完成確認前不機械式賣出,今天收盤後；若跌破，再看下一交易日是否收復,已有部位暫停加碼；若收盤跌破60日EMA約 46.59，且下一交易日仍未收復，先減碼三分之一；若ETF或外資繼續轉弱，再分批降低部位。,44.4,53.6,65.9,85,100,完整,45.2,45.43,11.92,11.81,9.05,40.04,214.74,1.48,13.22,1.66,6.19,1,0,0,0,0,0,0,38,153,73,133.3,0,0,0,0,0,0,0,36,-17,5.41,-7,55,192,,29,117,90,133.3,40.61,23.69,27.71,15.66,false,false,-0.93,0.22,"單日成交金額低於5,000萬元；中期趨勢仍向下；20日趨勢尚未上彎；當下除權息調整價未守20日EMA"
473,4746,台耀,TWSE,生技醫療業,不建立部位,保護持有,今天不新增部位；未完成確認前不機械式賣出,今天收盤後；若跌破，再看下一交易日是否收復,已有部位暫停加碼；若收盤跌破60日EMA約 52.87，且下一交易日仍未收復，先減碼三分之一；若ETF或外資繼續轉弱，再分批降低部位。,57.9,53.6,53.8,85,91,可用,53.8,53.45,3.14,-7.23,14.17,36.6,232.78,0.16,19.08,0.83,5.58,1,0,0,0,0,0,0,-141.457,940.522,1742.7549999999999,179.20699999999994,0,0,0,0,0,0,0,56.875,272.925,9.17,-194,525,-158,,-137.982,883.6469999999999,1469.83,-133.24300000000017,55.72,81.1,78.29,86.71,false,false,1.92,1.7,"單日成交金額低於5,000萬元；累計營收負成長且當月改善不足"
474,3189,景碩,TWSE,半導體業,不建立部位,優先降低風險,依風險與流動性分批降低部位,風險解除且基本面與趨勢重新確認後,已有部位應優先降低曝險；目前觸發「外資持股5/10日下降且外資5日賣超」。待事件解除或基本面重新確認後再評估。,59.3,53.3,37.4,85,100,可用,858,872,35.85,30.74,10.89,37.32,172.99,3.74,159.18,10.17,0.18,21,0,0,1236,2128,2091,1231,998.117,45.234000000000094,4430.265,794.7370000000002,0.011,2359.1349999999998,3726.384,6385.162,3,2,2024137830,1182.751,1343.351,20.19,667,-3031,-3308,,771.329,-3496.652,-639.4699999999999,-5571.183,60.14,91.83,82.04,111.4,false,false,11.44,3.62,處置或交易限制風險；外資持股5/10日下降，且外資5日賣超；短線過熱或乖離過大
475,2915,潤泰全,TWSE,貿易百貨,不建立部位,優先降低風險,依風險與流動性分批降低部位,風險解除且基本面與趨勢重新確認後,已有部位應優先降低曝險；目前觸發「ETF 5/10日同步減碼」。待事件解除或基本面重新確認後再評估。,58.4,53.3,62.9,85,91,可用,54.5,53.85,-18.52,-22.47,-1.96,9.9,483.12,2.59,6.39,0.51,3.49,3,0,-5,-5,-4,-3,0,-80.29,1162.956,4693.904,8066.939,0,-5.511,-4.511,-3.511,0,1,-300350,65.65299999999999,-20.709000000000003,5.95,275,1822,8961,,-157.29,1102.814,4719.124000000001,8012.125,66.19,86.79,73.16,114.06,false,false,4.46,5.21,營收動能同步衰退；累計營收負成長且當月改善不足；ETF短中期同步減碼；單季稅前獲利對營業外貢獻依賴偏高
476,6762,達亞,TPEX,生技醫療業,不建立部位,保護持有,今天不新增部位；未完成確認前不機械式賣出,今天收盤後；若跌破，再看下一交易日是否收復,已有部位暫停加碼；若收盤跌破60日EMA約 166.90，且下一交易日仍未收復，先減碼三分之一；若ETF或外資繼續轉弱，再分批降低部位。,56.9,53.2,34.1,85,65,最低門檻,170,176,31.77,0.84,5.37,52.58,55.97,0.21,340,4.59,0.59,1,0,0,0,3,3,0,0,0,0,0,0,0,0,0,0,0,0,0,0,5.83,,,,,0,0,0,0,50.66,43.77,43,45.32,true,false,0.02,0.59,"單日成交金額低於5,000萬元；外資持股趨勢資料不足或期間有非市場異動"
477,4755,三福化,TWSE,化學工業,不建立部位,降低部位,停止加碼；反彈未站回恢復區時分批減碼,每個交易日收盤後，確認是否站回恢復區,已有部位先停止加碼。反彈若仍未站回 128.96，分批降低部位；只有站回且ETF／外資賣壓收斂後才重新評估。,53.2,53,51.9,85,100,可用,119.5,121.25,12.89,0.25,10.78,33.59,165.2,2.33,26.03,1.77,3.1,2,0,0,10,13,13,0,29,-3.8359999999999985,-236.61,-1235.902,0,10,10,10,1,0,1195000,15.164000000000001,-8.836999999999998,23.33,5,-8,-367,,14,-29,-237.773,-1234.0060000000003,47.96,79.91,70.2,99.35,false,false,0.56,3.02,"單日成交金額低於5,000萬元；中期趨勢仍向下；外資持股5/10日下降，且外資5日賣超；20日趨勢尚未上彎"
478,6962,奕力-KY,TWSE,半導體業,不建立部位,保護持有,今天不新增部位；未完成確認前不機械式賣出,今天收盤後；若跌破，再看下一交易日是否收復,已有部位暫停加碼；若收盤跌破60日EMA約 34.48，且下一交易日仍未收復，先減碼三分之一；若ETF或外資繼續轉弱，再分批降低部位。,53.6,52.9,58.4,85,91,可用,34,34.5,23.91,-1.43,3.76,20.83,263.36,0.58,23.29,0.82,2.94,1,0,0,-15,5,16,0,86.379,1414.609,1874.0169999999998,-3413.3660000000004,0,-15,5,16,0,1,-510000,26.252000000000002,33.838,38.77,333,1624,-623,,87,1403.357,1835.179,-3362.825,53.82,80.94,67.92,106.99,false,false,3.64,8.97,"單日成交金額低於5,000萬元；中期趨勢仍向下；20日累積後5日轉為調節；20日趨勢尚未上彎"
479,6143,振曜,TPEX,通信網路業,不建立部位,保護持有,今天不新增部位；未完成確認前不機械式賣出,今天收盤後；若跌破，再看下一交易日是否收復,已有部位暫停加碼；若收盤跌破60日EMA約 94.46，且下一交易日仍未收復，先減碼三分之一；若ETF或外資繼續轉弱，再分批降低部位。,41.5,52.8,65.6,85,100,可用,88.8,88.6,5.16,15.83,10.45,43.35,196.37,3.03,11.28,2.7,6.76,1,0,0,2,-3,-6,0,-32.115,-32.115,-32.115,-32.115,0,0,0,0,0,0,0,2.885,2.885,5.49,,,,,-35,-35,-35,-35,41.66,52.87,55.59,47.43,false,true,-3.72,-5.33,"單日成交金額低於5,000萬元；中期趨勢仍向下；外資持股趨勢資料不足或期間有非市場異動；20日趨勢尚未上彎；當下除權息調整價未守20日EMA"
480,6189,豐藝,TWSE,電子通路業,不建立部位,保護持有,今天不新增部位；未完成確認前不機械式賣出,今天收盤後；若跌破，再看下一交易日是否收復,已有部位暫停加碼；若收盤跌破60日EMA約 49.46，且下一交易日仍未收復，先減碼三分之一；若ETF或外資繼續轉弱，再分批降低部位。,55.8,52.7,47.3,85,91,可用,49.6,49.68,5.87,-1.26,4.6,57.46,168.57,1,18.86,2.02,5.44,3,0,-1,-1,-20,-34,0,84.042,657.53,1819.0510000000002,1613.7679999999998,0,-0.772,-19.919999999999998,-9.839999999999995,1,1,-38291,-4.176000000000002,-77.399,7.97,183,753,1499,,80.399,662.478,1916.3700000000001,1657.8729999999998,53.23,87.35,77.29,107.45,false,false,1.82,1.64,"單日成交金額低於5,000萬元；累計營收負成長且當月改善不足；ETF短中期同步減碼；20日趨勢尚未上彎"
481,5234,達興材料,TWSE,光電業,不建立部位,降低部位,停止加碼；反彈未站回恢復區時分批減碼,每個交易日收盤後，確認是否站回恢復區,已有部位先停止加碼。反彈若仍未站回 363.12，分批降低部位；只有站回且ETF／外資賣壓收斂後才重新評估。,48.1,52.6,60.1,85,100,完整,337.5,344,11.51,10.23,20.09,31.51,235.6,4.44,40.27,10.46,1.93,3,0,-2,-2,-1,2,0,0.81,-12.109000000000002,-165.796,-897.3599999999999,-5,-6.559,-9.559000000000001,-34.559,0,2,-2213662,23.347,39.101000000000006,9.09,-27,-51,86,,6.099,-28.897000000000002,-195.338,-467.313,47.93,86.45,75.76,107.85,false,false,0.5,0.75,"單日成交金額低於5,000萬元；中期趨勢仍向下；ETF短中期同步減碼；20日累積後5日轉為調節；20日趨勢尚未上彎"
482,8411,福貞-KY,TWSE,其他,不建立部位,保護持有,今天不新增部位；未完成確認前不機械式賣出,今天收盤後；若跌破，再看下一交易日是否收復,已有部位暫停加碼；若收盤跌破60日EMA約 12.59，且下一交易日仍未收復，先減碼三分之一；若ETF或外資繼續轉弱，再分批降低部位。,58.4,52.3,24.1,85,56,不足,13.05,13.05,28.17,20.63,,,,,130.5,0.47,0.77,1,0,0,0,4,4,0,35,137,165,288.5,0,0,0,0,0,0,0,25,-7,53.99,35,112,236,,35,112,172,286.5,56.55,47.89,49.29,45.07,false,false,1.23,-0.38,"資料健康度低於65%門檻；單日成交金額低於5,000萬元"
483,2597,潤弘,TWSE,建材營造,不建立部位,保護持有,今天不新增部位；未完成確認前不機械式賣出,今天收盤後；若跌破，再看下一交易日是否收復,已有部位暫停加碼；若收盤跌破60日EMA約 166.26，且下一交易日仍未收復，先減碼三分之一；若ETF或外資繼續轉弱，再分批降低部位。,57.1,52,43.1,85,91,可用,167,168.25,3.13,13.32,13.49,57.34,134.72,2.38,14.7,5.57,5.79,5,0,-1,-1,13,22,0,43.42,277.123,423.557,903.5249999999999,0,-1.342,18.485,32.019,0,1,-224114,-28.93,-59.945,2.24,11,235,622,,43.414,307.395,465.017,938.7610000000001,53.91,82.62,74.01,99.85,false,false,1.31,2.14,"單日成交金額低於5,000萬元；20日累積後5日轉為調節；20日趨勢尚未上彎"
484,5292,華懋,TWSE,綠能環保,不建立部位,保護持有,今天不新增部位；未完成確認前不機械式賣出,今天收盤後；若跌破，再看下一交易日是否收復,已有部位暫停加碼；若收盤跌破60日EMA約 182.97，且下一交易日仍未收復，先減碼三分之一；若ETF或外資繼續轉弱，再分批降低部位。,54.8,52,39.6,85,91,可用,187,189,2.51,-6.19,20.2,58.06,157.89,2.58,18.5,4.36,3.48,1,0,0,0,0,-43,0,43.31,13.036999999999995,-42.014,-218.98200000000003,0,0,0,-43,0,0,0,22.936999999999998,20.875999999999998,4.36,38,5,228,,36,-9.899999999999999,-62.89000000000001,-189.13600000000002,61.36,82.33,71.81,103.37,false,false,8.29,14.72,"單日成交金額低於5,000萬元；累計營收負成長且當月改善不足；20日趨勢尚未上彎"
485,8442,威宏-KY,TWSE,其他,不建立部位,保護持有,今天不新增部位；未完成確認前不機械式賣出,今天收盤後；若跌破，再看下一交易日是否收復,已有部位暫停加碼；若收盤跌破60日EMA約 44.83，且下一交易日仍未收復，先減碼三分之一；若ETF或外資繼續轉弱，再分批降低部位。,47.4,51.7,50.7,85,91,可用,44,44,13,9.87,0.73,52.46,170.15,0.03,24.58,0.85,6.82,1,0,0,0,-1,-6,0,1,-18,-32.970000000000006,113.26299999999999,0,0,-0.97,-6.07,0,0,0,-2,4,56.26,1,-16,159,,1,-16,-36,84.4,48.69,42.2,40.69,45.21,false,false,-0.54,-0.34,"單日成交金額低於5,000萬元；中期趨勢仍向下；20日趨勢尚未上彎；當下除權息調整價未守20日EMA"
486,2497,怡利電,TWSE,汽車工業,不建立部位,降低部位,停止加碼；反彈未站回恢復區時分批減碼,每個交易日收盤後，確認是否站回恢復區,已有部位先停止加碼。反彈若仍未站回 53.86，分批降低部位；只有站回且ETF／外資賣壓收斂後才重新評估。,44.7,51.5,48.5,85,100,完整,48.8,47,16.54,20.16,8.69,55.57,125.63,1.59,21.59,2.06,4.1,1,0,0,0,0,0,0,120.478,-172.12100000000004,-989.8790000000001,-1152.9540000000002,0,0,0,0,0,0,0,-59.987,47.24,3.64,130,-74,-655,,122,-112.13399999999999,-1037.119,-1197.815,43.28,65.27,55.28,85.26,false,false,-2.36,3.83,"單日成交金額低於5,000萬元；中期趨勢仍向下；外資持股5/10日下降，且外資5日賣超；20日趨勢尚未上彎；當下除權息調整價未守20日EMA；官方重大訊息出現高風險關鍵字，須查原文"
487,2323,中環,TWSE,光電業,不建立部位,保護持有,今天不新增部位；未完成確認前不機械式賣出,今天收盤後；若跌破，再看下一交易日是否收復,已有部位暫停加碼；若收盤跌破60日EMA約 10.64，且下一交易日仍未收復，先減碼三分之一；若ETF或外資繼續轉弱，再分批降低部位。,52,51.4,59.2,85,91,可用,10.3,10.38,2.88,14,6.21,33.28,277.29,-0.41,4.72,0.6,1.94,1,0,0,45,90,223,0,909.9,2278.906,6225.637000000001,-16516.333,0,45,90,223,1,0,463500,91.63,187.824,10.55,994,1960,-3376,,951.9,2142.276,5947.813,-14768.856999999998,47.44,74.53,69.56,84.48,false,false,-0.37,0,"單日成交金額低於5,000萬元；中期趨勢仍向下；20日趨勢尚未上彎"
488,2204,中華,TWSE,汽車工業,不建立部位,降低部位,停止加碼；反彈未站回恢復區時分批減碼,每個交易日收盤後，確認是否站回恢復區,已有部位先停止加碼。反彈若仍未站回 54.12，分批降低部位；只有站回且ETF／外資賣壓收斂後才重新評估。,41.1,51.2,62.4,85,91,可用,51.5,51.45,13.64,10.58,4.62,24.95,116.52,1.18,9.5,0.77,6.99,3,0,-308,-1994,-3188,-3464,-1981,14.949,-1445.569,2153.934,-213.565,0,-1993.872,-3177.495,-3282.1319999999996,0,4,-102684408,-17.255000000000003,-277.467,18.47,-228,111,5525,,30.6,565.5580000000002,5608.896000000001,3204.2069999999994,39.97,33.89,28.81,44.06,false,false,-2.15,0,"單日成交金額低於5,000萬元；中期趨勢仍向下；ETF短中期同步減碼；主動ETF 5日轉為減碼；投信5/10日持續且具金額意義的賣超；20日趨勢尚未上彎；當下除權息調整價未守20日EMA"
489,2477,美隆電,TWSE,其他電子業,不建立部位,保護持有,今天不新增部位；未完成確認前不機械式賣出,今天收盤後；若跌破，再看下一交易日是否收復,已有部位暫停加碼；若收盤跌破60日EMA約 21.80，且下一交易日仍未收復，先減碼三分之一；若ETF或外資繼續轉弱，再分批降低部位。,48.8,51.1,52.6,85,100,完整,21.8,21.58,34.11,-1.03,0.92,49.41,199.41,0.17,24.77,0.85,6.42,1,0,0,0,-2,36,0,-97.817,59.18300000000001,192.78700000000003,382.49600000000004,0,0,-2.7960000000000003,35.258,0,0,0,0,-28,23.91,-96,54,693,,-97.817,59.18300000000001,223.583,369.238,52.24,60.9,67.23,48.24,false,true,0.54,1.16,"單日成交金額低於5,000萬元；當下除權息調整價未守20日EMA；單季稅前獲利對營業外貢獻依賴偏高"
490,3163,波若威,TPEX,通信網路業,不建立部位,優先降低風險,依風險與流動性分批降低部位,風險解除且基本面與趨勢重新確認後,已有部位應優先降低曝險；目前觸發「處置或交易限制事件」。待事件解除或基本面重新確認後再評估。,54.3,51,52.1,85,100,可用,718,725,28.65,18.96,3.61,25.12,374.74,4.12,73.27,17.6,0.49,2,0,0,0,1,-59,0,2.293,2.293,2.293,2.293,0,0,0,0,0,0,0,10.325,10.325,10.71,,,,,-8.032,-8.032,-8.032,-8.032,56.75,77.06,71.6,87.98,false,false,10.54,-0.55,處置或交易限制風險；外資持股趨勢資料不足或期間有非市場異動；單季稅前獲利對營業外貢獻依賴偏高
491,9938,百和,TWSE,其他,不建立部位,降低部位,停止加碼；反彈未站回恢復區時分批減碼,每個交易日收盤後，確認是否站回恢復區,已有部位先停止加碼。反彈若仍未站回 45.05，分批降低部位；只有站回且ETF／外資賣壓收斂後才重新評估。,40.4,51,56.9,85,91,可用,42.5,42.45,15.99,2.26,12.89,53.72,118.79,0.87,12.35,0.98,7.06,4,-269,-1080,-1839,-2610,-2655,-1834,-89.383,-1716.1399999999999,-5243.843999999999,-8380.518999999998,-269,-1839,-2609.397,-2352.758,0,5,-78157500,-32.980000000000004,-699.278,8,204,911,-1853,,199.615,155.84000000000003,-1935.1689999999999,-6457.4169999999995,34.9,11.99,12.94,10.09,false,false,-3.86,0,"單日成交金額低於5,000萬元；中期趨勢仍向下；ETF短中期同步減碼；ETF 1/3日已轉為減碼；主動ETF 5日轉為減碼；投信5/10日持續且具金額意義的賣超；20日趨勢尚未上彎；當下除權息調整價未守20日EMA"
492,1582,信錦,TWSE,電子零組件業,不建立部位,保護持有,今天不新增部位；未完成確認前不機械式賣出,今天收盤後；若跌破，再看下一交易日是否收復,已有部位暫停加碼；若收盤跌破60日EMA約 80.62，且下一交易日仍未收復，先減碼三分之一；若ETF或外資繼續轉弱，再分批降低部位。,52.8,50.6,51.2,85,100,完整,75.4,75.8,22.47,-2.28,1.81,43.02,195.59,1.65,23.49,1.47,3.98,1,0,0,0,0,-199,0,30.685,506.97799999999995,588.018,1062.912,0,0,0,-199,0,0,0,37.789,-93.45599999999999,4.92,-52,247,523,,33.561,469.189,681.4739999999999,1678.663,52.67,91.04,79.63,113.86,false,false,3.74,6.2,"單日成交金額低於5,000萬元；中期趨勢仍向下；20日趨勢尚未上彎；單季稅前獲利對營業外貢獻依賴偏高"
493,2015,豐興,TWSE,鋼鐵工業,不建立部位,保護持有,今天不新增部位；未完成確認前不機械式賣出,今天收盤後；若跌破，再看下一交易日是否收復,已有部位暫停加碼；若收盤跌破60日EMA約 63.53，且下一交易日仍未收復，先減碼三分之一；若ETF或外資繼續轉弱，再分批降低部位。,54.7,50.3,58.5,85,100,可用,63.5,63.8,5.45,-9.32,9.45,15.81,342.19,2.36,14.84,1.67,5.2,5,0,3,3,121,235,7,-215.019,-52.46700000000004,339.906,1781.8439999999998,0,3.687,118.687,232.687,1,1,234124,29,-14,12.77,-211,-86,1347,,-215.019,-85.15399999999997,235.21900000000008,1523.157,47.25,40.61,48.59,24.65,true,true,-1.25,0,"單日成交金額低於5,000萬元；累計營收負成長且當月改善不足；當下除權息調整價未守20日EMA"
494,9917,中保科,TWSE,其他,不建立部位,保護持有,今天不新增部位；未完成確認前不機械式賣出,今天收盤後；若跌破，再看下一交易日是否收復,已有部位暫停加碼；若收盤跌破60日EMA約 109.95，且下一交易日仍未收復，先減碼三分之一；若ETF或外資繼續轉弱，再分批降低部位。,44.5,50.3,49.6,85,91,可用,107.5,108,4.94,2.09,17.61,52.85,112.37,1.6,15.86,3.33,5.77,7,0,-1,-4,-4,614,0,-36.39,-188.035,-276.47800000000007,2718.58,0,-3.5540000000000003,2.4459999999999997,623.446,1,2,-382055,0.5800000000000001,-48.754999999999995,39.24,-30,-165,1000,,-36.39,-185.06099999999998,-230.169,2104.261,41.8,12.35,19.9,-2.74,false,false,-0.96,-0.46,"單日成交金額低於5,000萬元；ETF短中期同步減碼；20日累積後5日轉為調節；當下除權息調整價未守20日EMA"
495,5236,凌陽創新,TWSE,半導體業,不建立部位,降低部位,停止加碼；反彈未站回恢復區時分批減碼,每個交易日收盤後，確認是否站回恢復區,已有部位先停止加碼。反彈若仍未站回 153.42，分批降低部位；只有站回且ETF／外資賣壓收斂後才重新評估。,37.7,50.2,68.1,85,100,完整,142,144.25,-1.5,14.76,33.2,30.49,329.86,5.86,13.83,3.45,6.34,1,0,0,-20,0,0,0,-2.295,-95.176,-39.85099999999999,-402.232,0,-20,0,0,0,1,-2840000,3.4959999999999996,-6.0710000000000015,6.83,0,-59,-350,,-0.295,-78.672,-33.779999999999994,-395.83299999999997,40.54,41.78,51.25,22.85,false,true,-3.35,-5.02,"單日成交金額低於5,000萬元；中期趨勢仍向下；外資持股5/10日下降，且外資5日賣超；20日趨勢尚未上彎；當下除權息調整價未守20日EMA"
496,2385,群光,TWSE,電子零組件業,不建立部位,優先降低風險,依風險與流動性分批降低部位,風險解除且基本面與趨勢重新確認後,已有部位應優先降低曝險；目前觸發「價格跌破60日EMA且20日趨勢向下」。待事件解除或基本面重新確認後再評估。,57.2,50.1,52.1,85,100,可用,105,107.75,-12.24,-6.27,5.03,52.04,143.4,5.06,11.78,1.72,6.86,26,-15,-72,-331,-563,-6904,0,1054.667,2363.778,7652.6900000000005,9305.223,16.878,-166.301,-608.269,-7850.419,3,2,-17461605,-70.683,-867.139,22.77,954,3158,9067,,1041.717,2600.7619999999997,9128.098,17751.764,46.88,50.79,49.75,52.87,true,false,0.03,0.96,營收動能同步衰退；累計營收負成長且當月改善不足；中期趨勢仍向下；ETF短中期同步減碼；ETF 1/3日已轉為減碼；20日趨勢尚未上彎
497,6577,勁豐,TPEX,電腦及週邊設備業,不建立部位,保護持有,今天不新增部位；未完成確認前不機械式賣出,今天收盤後；若跌破，再看下一交易日是否收復,已有部位暫停加碼；若收盤跌破60日EMA約 79.01，且下一交易日仍未收復，先減碼三分之一；若ETF或外資繼續轉弱，再分批降低部位。,54.6,50.1,30.2,85,85,可用,80.4,80.55,19.45,3.52,,,,,13.65,3.02,6.22,1,0,0,0,-1,-4,0,-5.217,-5.217,-5.217,-5.217,0,0,0,0,0,0,0,0.223,0.223,1.52,,,,,-5.44,-5.44,-5.44,-5.44,51.45,49.49,35.34,77.79,true,false,0.48,0.5,"單日成交金額低於5,000萬元；外資持股趨勢資料不足或期間有非市場異動"
498,3081,聯亞,TPEX,通信網路業,不建立部位,優先降低風險,依風險與流動性分批降低部位,風險解除且基本面與趨勢重新確認後,已有部位應優先降低曝險；目前觸發「處置或交易限制事件」。待事件解除或基本面重新確認後再評估。,61.2,50,18,85,85,可用,2725,2785,176.54,120.95,,,,,234.51,53.42,0.15,14,192,192,297,284,267,285,394.997,394.997,394.997,394.997,192,192,192,192,1,0,523200000,161.592,161.592,19.89,,,,,41.405,41.405,41.405,41.405,71.39,92.58,84.59,108.58,false,false,32,26.16,處置或交易限制風險；外資持股趨勢資料不足或期間有非市場異動；短線過熱或乖離過大；高波動且5日漲幅過大
499,5209,新鼎,TPEX,其他,不建立部位,優先降低風險,依風險與流動性分批降低部位,風險解除且基本面與趨勢重新確認後,已有部位應優先降低曝險；目前觸發「單月與累計營收同步明顯衰退」。待事件解除或基本面重新確認後再評估。,54.3,49.8,45.9,85,100,可用,163,163.75,-25.02,-26.44,14.77,78.82,121.04,8.72,8.95,4.5,7.94,1,0,0,0,-1,-3,0,11.316,11.316,11.316,11.316,0,0,0,0,0,0,0,-4.684,-4.684,2,,,,,16,16,16,16,60.66,86.14,78.98,100.46,false,false,3.22,2.52,"單日成交金額低於5,000萬元；營收動能同步衰退；累計營收負成長且當月改善不足；外資持股趨勢資料不足或期間有非市場異動"
500,6703,軒郁,TPEX,生技醫療業,不建立部位,保護持有,今天不新增部位；未完成確認前不機械式賣出,今天收盤後；若跌破，再看下一交易日是否收復,已有部位暫停加碼；若收盤跌破60日EMA約 104.14，且下一交易日仍未收復，先減碼三分之一；若ETF或外資繼續轉弱，再分批降低部位。,46.4,49.6,31.8,85,85,可用,104.5,103.75,32.48,15.77,,,,,10.27,2.85,0.96,1,0,0,0,-1,23,0,-68.652,-68.652,-68.652,-68.652,0,0,0,0,0,0,0,0.964,0.964,14.24,,,,,-69.616,-69.616,-69.616,-69.616,47.24,76.48,77.53,74.38,false,true,-1.05,-1.42,"單日成交金額低於5,000萬元；外資持股趨勢資料不足或期間有非市場異動；20日趨勢尚未上彎；當下除權息調整價未守20日EMA"
501,3550,聯穎,TWSE,電子零組件業,不建立部位,降低部位,停止加碼；反彈未站回恢復區時分批減碼,每個交易日收盤後，確認是否站回恢復區,已有部位先停止加碼。反彈若仍未站回 24.28，分批降低部位；只有站回且ETF／外資賣壓收斂後才重新評估。,47.5,49.6,39.4,85,71,可用,23.5,23.9,38.33,28.96,1.97,60.89,163.11,0.21,,1.51,,1,-2,-2,-8,1,252,0,385.356,-2097.673,-3091.727,-3173.4619999999995,-2,-8,1,252,0,2,-188000,2.373,-19.866,5.92,386,-1915,-2861,,385.92,-2092.0460000000003,-3072.8610000000003,-3429.1380000000004,49.17,74.58,69.67,84.38,false,false,1.24,4.21,"單日成交金額低於5,000萬元；中期趨勢仍向下；ETF 1/3日已轉為減碼；外資持股5/10日下降，且外資5日賣超；20日趨勢尚未上彎"
502,2903,遠百,TWSE,貿易百貨,不建立部位,保護持有,今天不新增部位；未完成確認前不機械式賣出,今天收盤後；若跌破，再看下一交易日是否收復,已有部位暫停加碼；若收盤跌破60日EMA約 22.42，且下一交易日仍未收復，先減碼三分之一；若ETF或外資繼續轉弱，再分批降低部位。,46.5,49.5,47.4,85,91,可用,22,21.7,-1.69,-0.48,14.91,72.43,51.94,0.39,13.58,0.99,5.68,3,599,581,581,578,920,0,-149,-568.9490000000001,-412.18100000000027,6857.8589999999995,599,580.729,601.729,947.729,1,1,12776038,168.81,193.11700000000002,7.89,-785,-1374,3487,,-753,-1318.4879999999998,-1207.0269999999998,6128.114,45.06,17.87,24.94,3.73,false,false,-0.76,0,"單日成交金額低於5,000萬元；累計營收負成長且當月改善不足；中期趨勢仍向下；20日趨勢尚未上彎；當下除權息調整價未守20日EMA；官方重大訊息出現高風險關鍵字，須查原文"
503,2415,錩新,TWSE,電子零組件業,不建立部位,保護持有,今天不新增部位；未完成確認前不機械式賣出,今天收盤後；若跌破，再看下一交易日是否收復,已有部位暫停加碼；若收盤跌破60日EMA約 31.70，且下一交易日仍未收復，先減碼三分之一；若ETF或外資繼續轉弱，再分批降低部位。,41.3,49.5,48.4,85,85,完整,31.3,29.73,8.33,9.96,6.5,71.54,127.59,0.47,19.94,1.63,5.08,1,-2,-2,-7,1,232,0,-3.149,-54.699,-97.67399999999999,-13.03399999999998,-2,-7,1,232,0,2,-219100,2.052,-27.948,21.25,2,62,155,,-3.801,-49.751000000000005,-70.72600000000001,-236.25300000000001,45.77,52.45,49.71,57.93,false,false,-1.93,0,"單日成交金額低於5,000萬元；中期趨勢仍向下；ETF 1/3日已轉為減碼；20日趨勢尚未上彎；當下除權息調整價未守20日EMA"
504,2414,精技,TWSE,電子通路業,不建立部位,降低部位,停止加碼；反彈未站回恢復區時分批減碼,每個交易日收盤後，確認是否站回恢復區,已有部位先停止加碼。反彈若仍未站回 56.78，分批降低部位；只有站回且ETF／外資賣壓收斂後才重新評估。,35.8,49.4,48.9,85,85,完整,52.8,52.8,25.35,42.94,2.85,76.08,120,2.53,12.85,2.71,5.68,1,-1,-1,-8,2,277,0,28,-1132.241,-661.8149999999999,-1511.952,-1,-8,2,277,0,2,-422400,-14,-156,4.69,32,-927,-4,,62,-1110.241,-507.81499999999994,-1682.952,39.9,27.83,41.54,0.42,false,false,-7.02,-12.87,"單日成交金額低於5,000萬元；中期趨勢仍向下；ETF 1/3日已轉為減碼；外資持股5/10日下降，且外資5日賣超；20日趨勢尚未上彎；當下除權息調整價未守20日EMA"
505,2923,鼎固-KY,TWSE,建材營造,不建立部位,降低部位,停止加碼；反彈未站回恢復區時分批減碼,每個交易日收盤後，確認是否站回恢復區,已有部位先停止加碼。反彈若仍未站回 30.41，分批降低部位；只有站回且ETF／外資賣壓收斂後才重新評估。,35.9,49.3,59.5,85,91,可用,27.25,27.6,75.3,151.74,52.88,59.07,293.58,0.02,,1.03,0.44,1,0,-26,-26,-26,-26,0,62,-155.031,-220.88,804.885,0,-25.583,-25.583,-25.583,0,1,-697137,-38,-89.596,99.53,87,-91,415,,87,-91.44800000000001,-105.70100000000002,870.8499999999999,42.62,9.29,13.79,0.29,false,false,-10.39,-7,"單日成交金額低於5,000萬元；中期趨勢仍向下；ETF短中期同步減碼；20日趨勢尚未上彎；當下除權息調整價未守20日EMA"
506,1336,台翰,TPEX,電子零組件業,不建立部位,保護持有,今天不新增部位；未完成確認前不機械式賣出,今天收盤後；若跌破，再看下一交易日是否收復,已有部位暫停加碼；若收盤跌破60日EMA約 14.92，且下一交易日仍未收復，先減碼三分之一；若ETF或外資繼續轉弱，再分批降低部位。,55,49.3,25.1,85,53,不足,16.2,16.27,67.07,7.49,,,,,43.78,0.67,1.6,1,0,0,0,3,3,0,-109.915,-109.915,-109.915,-109.915,0,0,0,0,0,0,0,-52.915,-52.915,3.31,,,,,-57,-57,-57,-57,59.83,64.13,51.48,89.43,false,false,6.11,6.58,"資料健康度低於65%門檻；單日成交金額低於5,000萬元；外資持股趨勢資料不足或期間有非市場異動"
507,6281,全國電,TWSE,電子通路業,不建立部位,保護持有,今天不新增部位；未完成確認前不機械式賣出,今天收盤後；若跌破，再看下一交易日是否收復,已有部位暫停加碼；若收盤跌破60日EMA約 51.90，且下一交易日仍未收復，先減碼三分之一；若ETF或外資繼續轉弱，再分批降低部位。,46.9,49.2,45.5,85,100,完整,51.7,51.7,4.3,-0.66,2.85,72.06,130.4,2.26,13.86,1.84,6.38,1,0,0,0,0,0,0,12,-10,20,219.80500000000004,0,0,0,0,0,0,0,6,-4,2.85,13,126,258,,12,-16,24,213.80500000000004,51.47,45.73,40.03,57.14,true,false,0.18,0.58,"單日成交金額低於5,000萬元；累計營收負成長且當月改善不足；中期趨勢仍向下；20日趨勢尚未上彎"
508,8473,山林水,TWSE,綠能環保,不建立部位,保護持有,今天不新增部位；未完成確認前不機械式賣出,今天收盤後；若跌破，再看下一交易日是否收復,已有部位暫停加碼；若收盤跌破60日EMA約 43.84，且下一交易日仍未收復，先減碼三分之一；若ETF或外資繼續轉弱，再分批降低部位。,52.5,49,28.8,85,56,不足,42.85,45.9,42.18,15.57,,,,,15.04,1.1,4.39,1,0,0,1,2,2,0,94.298,15.772999999999982,-426.70799999999997,-146.66099999999994,0,0,0,0,0,0,0,-21.444,-48.893,4.36,263,290,320,,88.499,37.216999999999985,-377.81500000000005,-115.39800000000007,47.88,70.38,51.55,108.04,false,false,0.24,3.5,"資料健康度低於65%門檻；單日成交金額低於5,000萬元；中期趨勢仍向下；20日趨勢尚未上彎"
509,3060,銘異,TWSE,電腦及週邊設備業,不建立部位,降低部位,停止加碼；反彈未站回恢復區時分批減碼,每個交易日收盤後，確認是否站回恢復區,已有部位先停止加碼。反彈若仍未站回 30.94，分批降低部位；只有站回且ETF／外資賣壓收斂後才重新評估。,43.7,48.9,52,85,85,完整,28.9,29.2,36.44,19.99,4.73,40.82,202.51,0.68,43.13,1.45,0.69,1,-2,-2,-12,2,391,0,-46.437,-310.161,139.03599999999994,-3817.4179999999997,-2,-12,2,391,0,2,-346800,0.5210000000000001,-78.443,12.21,-24,-308,-1778,,-44.319,-298.682,215.479,-4218.003,44.79,65.14,64.2,67.01,false,false,-2.02,-0.52,"單日成交金額低於5,000萬元；中期趨勢仍向下；ETF 1/3日已轉為減碼；外資持股5/10日下降，且外資5日賣超；20日趨勢尚未上彎；當下除權息調整價未守20日EMA"
510,1447,力鵬,TWSE,紡織纖維,不建立部位,保護持有,今天不新增部位；未完成確認前不機械式賣出,今天收盤後；若跌破，再看下一交易日是否收復,已有部位暫停加碼；若收盤跌破60日EMA約 6.99，且下一交易日仍未收復，先減碼三分之一；若ETF或外資繼續轉弱，再分批降低部位。,50.7,48.8,34.1,85,85,完整,7.05,7.06,21.3,11.53,0.28,47.59,124.93,0.12,,0.73,,1,-12,-12,-51,9,1688,0,661.876,-1005.6690000000001,-719.3050000000001,428.183,-12,-51,9,1688,0,2,-359550,-12,-25,3.2,676,-943,-128,,675.876,-942.6690000000001,-703.3050000000001,-1372.345,45.72,54.8,47.04,70.32,false,false,-2.56,1.73,"單日成交金額低於5,000萬元；ETF 1/3日已轉為減碼；外資持股5/10日下降，且外資5日賣超；20日趨勢尚未上彎；當下除權息調整價未守20日EMA；單季稅前獲利對營業外貢獻依賴偏高"
511,3218,大學光,TPEX,生技醫療業,不建立部位,保護持有,今天不新增部位；未完成確認前不機械式賣出,今天收盤後；若跌破，再看下一交易日是否收復,已有部位暫停加碼；若收盤跌破60日EMA約 137.09，且下一交易日仍未收復，先減碼三分之一；若ETF或外資繼續轉弱，再分批降低部位。,47.7,48.8,31.5,85,85,可用,142.5,137,19.34,5.47,,,,,10.55,3.12,5.44,1,0,-1,-3,-7,-10,0,-79.452,-79.452,-79.452,-79.452,0,0,0,0,0,0,0,0.068,0.068,8.57,,,,,-79.52,-79.52,-79.52,-79.52,57.57,80.49,74.95,91.55,false,false,2.35,1.79,"單日成交金額低於5,000萬元；ETF短中期同步減碼；外資持股趨勢資料不足或期間有非市場異動；當下除權息調整價未守20日EMA"
512,4933,友輝,TPEX,光電業,不建立部位,優先降低風險,依風險與流動性分批降低部位,風險解除且基本面與趨勢重新確認後,已有部位應優先降低曝險；目前觸發「價格跌破60日EMA且20日趨勢向下」。待事件解除或基本面重新確認後再評估。,41.5,48.7,73.8,85,100,可用,55.4,55.9,-29.49,-10.51,16.56,25.33,348.18,2.91,7.68,1.18,5.21,1,0,0,10,17,17,0,20.127,20.127,20.127,20.127,0,0,0,0,0,0,0,-0.007,-0.007,7.74,,,,,20.134,20.134,20.134,20.134,40.3,59.82,61.25,56.95,false,true,-2.59,-3.15,"單日成交金額低於5,000萬元；營收動能同步衰退；累計營收負成長且當月改善不足；中期趨勢仍向下；外資持股趨勢資料不足或期間有非市場異動；20日趨勢尚未上彎；當下除權息調整價未守20日EMA"
513,8163,達方,TWSE,電腦及週邊設備業,不建立部位,保護持有,今天不新增部位；未完成確認前不機械式賣出,今天收盤後；若跌破，再看下一交易日是否收復,已有部位暫停加碼；若收盤跌破60日EMA約 34.41，且下一交易日仍未收復，先減碼三分之一；若ETF或外資繼續轉弱，再分批降低部位。,50.4,48.5,39.4,85,100,完整,31.9,32.85,16.17,10.35,1.68,61.95,138.69,0.51,53.17,0.82,1.57,1,0,0,0,0,0,0,328.597,447.233,-276.64300000000003,-2084.63,0,0,0,0,0,0,0,-10.111,-140.515,9.46,646,806,-286,,328.153,457.34400000000005,-136.128,-1862.7160000000001,43.71,71.42,63.76,86.72,false,false,-1.54,2.74,"單日成交金額低於5,000萬元；中期趨勢仍向下；20日趨勢尚未上彎"
514,8938,明安,TPEX,運動休閒,不建立部位,保護持有,今天不新增部位；未完成確認前不機械式賣出,今天收盤後；若跌破，再看下一交易日是否收復,已有部位暫停加碼；若收盤跌破60日EMA約 55.21，且下一交易日仍未收復，先減碼三分之一；若ETF或外資繼續轉弱，再分批降低部位。,39.2,48.1,58.8,85,100,可用,52.6,52.65,15.6,-5.08,3,40.38,202.65,1.34,10.02,1.06,7.6,1,0,0,0,-3,149,0,-27.477,-27.477,-27.477,-27.477,0,0,0,0,0,0,0,-1.517,-1.517,6.39,,,,,-25.96,-25.96,-25.96,-25.96,35.48,12.17,15.61,5.3,false,false,-2.75,-1.87,"單日成交金額低於5,000萬元；中期趨勢仍向下；外資持股趨勢資料不足或期間有非市場異動；20日趨勢尚未上彎；當下除權息調整價未守20日EMA"
515,6122,擎邦,TPEX,電機機械,不建立部位,保護持有,今天不新增部位；未完成確認前不機械式賣出,今天收盤後；若跌破，再看下一交易日是否收復,已有部位暫停加碼；若收盤跌破60日EMA約 48.92，且下一交易日仍未收復，先減碼三分之一；若ETF或外資繼續轉弱，再分批降低部位。,41.8,47.7,49.3,85,100,可用,46.6,47,16.11,-2.28,10.87,63.76,146.27,2.19,10,2.04,7.3,1,0,0,0,-2,48,0,-25.255,-25.255,-25.255,-25.255,0,0,0,0,0,0,0,-81.255,-81.255,3.79,,,,,56,56,56,56,40.3,28.1,27.29,29.72,false,false,-3.33,1.53,"單日成交金額低於5,000萬元；中期趨勢仍向下；外資持股趨勢資料不足或期間有非市場異動；20日趨勢尚未上彎；當下除權息調整價未守20日EMA"
516,2504,國產,TWSE,建材營造,不建立部位,降低部位,停止加碼；反彈未站回恢復區時分批減碼,每個交易日收盤後，確認是否站回恢復區,已有部位先停止加碼。反彈若仍未站回 32.73，分批降低部位；只有站回且ETF／外資賣壓收斂後才重新評估。,47.8,47.6,54,85,100,完整,31.2,31.13,-4.67,-8.25,20.83,46.08,115.96,1.47,9.78,1.42,8.33,8,0,-30,-30,-161,343,0,236.487,4033.2980000000002,-146.98699999999985,2450.092,0,-30.04,-136.918,401.70500000000004,0,2,-937248,-35.29800000000001,-149.41400000000002,6.34,232,3980,4710,,236.487,4098.636,139.34500000000043,2272.3260000000005,46.09,38.3,32.69,49.52,true,false,-0.35,2.8,"單日成交金額低於5,000萬元；累計營收負成長且當月改善不足；中期趨勢仍向下；ETF短中期同步減碼；20日累積後5日轉為調節；20日趨勢尚未上彎；當下除權息調整價未守20日EMA"
517,1707,葡萄王,TWSE,生技醫療業,不建立部位,降低部位,停止加碼；反彈未站回恢復區時分批減碼,每個交易日收盤後，確認是否站回恢復區,已有部位先停止加碼。反彈若仍未站回 96.08，分批降低部位；只有站回且ETF／外資賣壓收斂後才重新評估。,38.4,47.1,67.2,85,91,可用,89,89,-5.08,-3.01,14.72,23.5,159.55,1.18,11.13,1.32,6.74,1,0,-1,-1,-1,-69,0,-142.608,-196.127,-1129.452,-975.1360000000001,0,-1,-1,3,0,1,-89000,1.637,-23.489,13.85,-60,-6,-379,,-142.173,-196.764,-1104.963,-951.647,38.83,29.84,28.41,32.68,true,false,-1.65,0.34,"單日成交金額低於5,000萬元；累計營收負成長且當月改善不足；中期趨勢仍向下；ETF短中期同步減碼；外資持股5/10日下降，且外資5日賣超；20日趨勢尚未上彎；當下除權息調整價未守20日EMA"
518,9930,中聯資源,TWSE,綠能環保,不建立部位,保護持有,今天不新增部位；未完成確認前不機械式賣出,今天收盤後；若跌破，再看下一交易日是否收復,已有部位暫停加碼；若收盤跌破60日EMA約 65.29，且下一交易日仍未收復，先減碼三分之一；若ETF或外資繼續轉弱，再分批降低部位。,41.9,47,52.8,85,100,完整,62.3,62.6,11.94,-4.23,9.79,43.21,90.16,2.16,14.1,2.5,6.42,2,0,0,0,0,23,0,-3.824,-210.937,-324.10200000000003,148.19099999999997,0,0,0,23,0,0,0,5.8870000000000005,-45.278,2.02,2,-176,63,,1.176,-216.824,-278.824,164.772,34.94,37.83,34.73,44.05,true,false,-1.27,0,"單日成交金額低於5,000萬元；中期趨勢仍向下；20日趨勢尚未上彎；當下除權息調整價未守20日EMA"
519,2450,神腦,TWSE,通信網路業,不建立部位,降低部位,停止加碼；反彈未站回恢復區時分批減碼,每個交易日收盤後，確認是否站回恢復區,已有部位先停止加碼。反彈若仍未站回 29.04，分批降低部位；只有站回且ETF／外資賣壓收斂後才重新評估。,39.2,46.9,56.7,85,100,完整,28.2,28.25,13.06,15.51,0.89,42.18,178.91,0.67,17.41,1.17,5.5,1,0,0,0,0,0,0,-24,-211.2,-315.2,-274.87,0,0,0,0,0,0,0,3,-17,1.26,-21,-184,-161,,-24,-214.2,-298.2,-268.87,34.23,12.6,16.72,4.37,false,false,-1.31,-0.88,"單日成交金額低於5,000萬元；中期趨勢仍向下；外資持股5/10日下降，且外資5日賣超；20日趨勢尚未上彎；當下除權息調整價未守20日EMA"
520,6509,聚和,TPEX,化學工業,不建立部位,保護持有,今天不新增部位；未完成確認前不機械式賣出,今天收盤後；若跌破，再看下一交易日是否收復,已有部位暫停加碼；若收盤跌破60日EMA約 47.47，且下一交易日仍未收復，先減碼三分之一；若ETF或外資繼續轉弱，再分批降低部位。,54.9,46.8,22.6,85,85,可用,48.5,49,12,5.81,,,,,14.92,1.82,2.87,1,-2,-4,-4,5,4,0,367.609,367.609,367.609,367.609,-2,-2,-2,-2,0,1,-97000,-34.678,-34.678,12.26,,,,,404.287,404.287,404.287,404.287,55.22,88.63,75.26,115.37,false,false,3.27,5.78,"單日成交金額低於5,000萬元；20日累積後5日轉為調節；ETF 1/3日已轉為減碼；外資持股趨勢資料不足或期間有非市場異動；20日趨勢尚未上彎"
521,4532,瑞智,TWSE,電機機械,不建立部位,降低部位,停止加碼；反彈未站回恢復區時分批減碼,每個交易日收盤後，確認是否站回恢復區,已有部位先停止加碼。反彈若仍未站回 24.73，分批降低部位；只有站回且ETF／外資賣壓收斂後才重新評估。,41.5,46.7,47.6,85,91,可用,23.8,23.85,13.98,3.21,5.88,63.19,130.18,0.48,13.01,1.13,6.3,2,0,-1,-2,-42,-106,0,63.981,-1479.56,-1456.316,-3961.341000000001,0,-2,-42.246,-105.52699999999999,0,2,-47600,-8.560000000000002,-21.380000000000003,18.01,86,-1372,-3028,,79,-1469,-1392.69,-3595.3620000000005,41.29,43.56,52.27,26.14,false,true,-2.31,-1.24,"單日成交金額低於5,000萬元；中期趨勢仍向下；ETF短中期同步減碼；外資持股5/10日下降，且外資5日賣超；20日趨勢尚未上彎；當下除權息調整價未守20日EMA"
522,1815,富喬,TPEX,電子零組件業,不建立部位,優先降低風險,依風險與流動性分批降低部位,風險解除且基本面與趨勢重新確認後,已有部位應優先降低曝險；目前觸發「價格跌破60日EMA且20日趨勢向下」。待事件解除或基本面重新確認後再評估。,51.7,46.6,22.8,85,85,可用,90,90.6,68.11,46.9,,,,,46.15,3.99,1.11,3,0,4605,4599,10880,10775,4600,1292.365,1292.365,1292.365,1292.365,0,0,0,0,0,0,0,-32.662,-32.662,12.79,,,,,1325.027,1325.027,1325.027,1325.027,56.66,82.42,73.96,99.34,false,false,8.46,7.27,處置或交易限制風險；中期趨勢仍向下；外資持股趨勢資料不足或期間有非市場異動；20日趨勢尚未上彎
523,2838,聯邦銀,TWSE,金融保險業,不建立部位,降低部位,停止加碼；反彈未站回恢復區時分批減碼,每個交易日收盤後，確認是否站回恢復區,已有部位先停止加碼。反彈若仍未站回 20.54，分批降低部位；只有站回且ETF／外資賣壓收斂後才重新評估。,39,46.2,58,85,91,可用,19.9,19.92,-22.04,17.83,,91.93,,0.35,14.11,1.08,5.33,3,0,-15,-15,-11,-90,0,310,-5072.686,-4948.2609999999995,-8856.21,0,-14.134,28.866,-39.134,1,1,-281267,73.268,-635.419,4.18,145,-4613,-2270,,235,-5131.82,-4341.708,-8241.485,37.38,20.9,32.87,-3.05,false,true,-3.11,-3.63,"單日成交金額低於5,000萬元；中期趨勢仍向下；ETF短中期同步減碼；外資持股5/10日下降，且外資5日賣超；20日趨勢尚未上彎；當下除權息調整價未守20日EMA"
524,6026,福邦證,TPEX,金融業,不建立部位,降低部位,停止加碼；反彈未站回恢復區時分批減碼,每個交易日收盤後，確認是否站回恢復區,已有部位先停止加碼。反彈若仍未站回 15.07，分批降低部位；只有站回且ETF／外資賣壓收斂後才重新評估。,47.2,46.2,34,85,85,可用,14.65,14.83,-44.17,159.98,,,,,8.62,1.02,9.31,2,0,-20,-20,-34,-124,0,550.1,550.1,550.1,550.1,0,0,0,0,0,0,0,0,0,4.55,,,,,550.1,550.1,550.1,550.1,51.66,76.3,66.04,96.82,false,false,2.25,3.53,"單日成交金額低於5,000萬元；中期趨勢仍向下；ETF短中期同步減碼；外資持股趨勢資料不足或期間有非市場異動；20日趨勢尚未上彎"
525,6743,安普新,TWSE,其他電子業,不建立部位,保護持有,今天不新增部位；未完成確認前不機械式賣出,今天收盤後；若跌破，再看下一交易日是否收復,已有部位暫停加碼；若收盤跌破60日EMA約 28.86，且下一交易日仍未收復，先減碼三分之一；若ETF或外資繼續轉弱，再分批降低部位。,43.8,46,36.2,85,91,可用,27.5,27.3,50.24,9.62,1.93,69.09,87.9,-0.19,33.54,1.51,10.91,1,0,0,0,-3,-11,0,-16.914,200.086,-399.12100000000004,-271.66200000000003,0,0,-3.027,-11.042,0,0,0,6,-51.092,3.62,-14,485,52,,-6.914,194.086,-345.002,-250.52800000000002,44.26,35.45,27.98,50.38,true,false,-2.8,4.17,"單日成交金額低於5,000萬元；中期趨勢仍向下；20日趨勢尚未上彎；當下除權息調整價未守20日EMA"
526,6412,群電,TWSE,電子零組件業,不建立部位,優先降低風險,依風險與流動性分批降低部位,風險解除且基本面與趨勢重新確認後,已有部位應優先降低曝險；目前觸發「價格跌破60日EMA且20日趨勢向下」。待事件解除或基本面重新確認後再評估。,52,45.9,45.3,85,100,完整,79.8,80.85,-12.99,-8.41,3.27,55.91,141.5,3.04,13.15,2.07,4.64,5,0,-4,8,10,7,0,340.195,459.394,-1050.982,-1621.588,0,7.929,9.806,7.255999999999999,1,1,632734,-21.528,-62.605999999999995,5.42,321,486,-748,,338.233,472.99300000000005,-998.1819999999999,-1283.4360000000001,44.52,56.77,51.8,66.73,false,false,-1.28,1.53,營收動能同步衰退；累計營收負成長且當月改善不足；中期趨勢仍向下；20日趨勢尚未上彎；單季稅前獲利對營業外貢獻依賴偏高
527,2832,台產,TWSE,未分類,不建立部位,保護持有,今天不新增部位；未完成確認前不機械式賣出,今天收盤後；若跌破，再看下一交易日是否收復,已有部位暫停加碼；若收盤跌破60日EMA約 55.96，且下一交易日仍未收復，先減碼三分之一；若ETF或外資繼續轉弱，再分批降低部位。,51.5,45.9,48.8,85,75,可用,58.5,58.95,,,,52.67,,1.64,11.25,1.21,5.98,1,0,0,0,-3,53,0,-5.889,76.32900000000001,340.34000000000003,404.6200000000001,0,0,-3.625,52.446,0,0,0,-1.722999999999999,-47.492999999999995,4.52,-7,82,409,,-6.948,78.05199999999999,391.45799999999997,381.66700000000003,57.03,49.43,57.82,32.66,false,false,1.25,-0.17,"單日成交金額低於5,000萬元"
528,3558,神準,TPEX,通信網路業,不建立部位,保護持有,今天不新增部位；未完成確認前不機械式賣出,今天收盤後；若跌破，再看下一交易日是否收復,已有部位暫停加碼；若收盤跌破60日EMA約 129.00，且下一交易日仍未收復，先減碼三分之一；若ETF或外資繼續轉弱，再分批降低部位。,53.9,45.7,33.8,85,100,可用,130,130.5,3.17,-14.05,1.15,56.65,127.18,0.81,60.75,1.28,2.31,1,0,0,0,6,6,0,39.822,39.822,39.822,39.822,0,0,0,0,0,0,0,0.331,0.331,2.69,,,,,39.491,39.491,39.491,39.491,51.86,79.38,72.01,94.14,false,false,1.39,1.56,"單日成交金額低於5,000萬元；累計營收負成長且當月改善不足；外資持股趨勢資料不足或期間有非市場異動；20日趨勢尚未上彎"
529,2373,震旦行,TWSE,其他電子業,不建立部位,保護持有,今天不新增部位；未完成確認前不機械式賣出,今天收盤後；若跌破，再看下一交易日是否收復,已有部位暫停加碼；若收盤跌破60日EMA約 55.18，且下一交易日仍未收復，先減碼三分之一；若ETF或外資繼續轉弱，再分批降低部位。,39.9,45.5,56.7,85,91,可用,53.3,53.85,-3.53,-2.63,4.67,52.68,186.73,0.72,13.67,1.7,6.94,1,0,0,0,0,0,0,-1,-13,-32,51.04299999999999,0,0,0,0,0,0,0,-3,-16,1.41,3,-10,76,,3,-10,-16,58.04299999999999,36.02,22.7,24.59,18.93,false,false,-1.05,-0.19,"單日成交金額低於5,000萬元；累計營收負成長且當月改善不足；中期趨勢仍向下；20日趨勢尚未上彎；當下除權息調整價未守20日EMA"
530,1434,福懋,TWSE,紡織纖維,不建立部位,保護持有,今天不新增部位；未完成確認前不機械式賣出,今天收盤後；若跌破，再看下一交易日是否收復,已有部位暫停加碼；若收盤跌破60日EMA約 17.46，且下一交易日仍未收復，先減碼三分之一；若ETF或外資繼續轉弱，再分批降低部位。,48.3,45.4,50.6,85,85,完整,17.7,17.7,-1.54,-4.42,2.41,24.34,260.28,0.5,19.24,0.61,2.82,1,0,4,4,4,4,-1232,168.631,1829.8419999999999,-494.23900000000015,-7020.164,0,4.192,22.192,41.192,1,0,74198,24.031999999999996,-148.523,8.13,153,1853,2436,,161.631,1801.618,-367.9079999999998,-6962.628,49.18,50.07,34.67,80.88,false,false,-0.36,2.61,"單日成交金額低於5,000萬元；累計營收負成長且當月改善不足；主動ETF 5日轉為減碼；20日趨勢尚未上彎；當下除權息調整價未守20日EMA；單季稅前獲利對營業外貢獻依賴偏高"
531,9926,新海,TWSE,油電燃氣業,不建立部位,保護持有,今天不新增部位；未完成確認前不機械式賣出,今天收盤後；若跌破，再看下一交易日是否收復,已有部位暫停加碼；若收盤跌破60日EMA約 49.53，且下一交易日仍未收復，先減碼三分之一；若ETF或外資繼續轉弱，再分批降低部位。,42,45.4,46.9,85,73,可用,49,49.25,-0.93,-0.99,18.15,54.43,151.22,1.61,17.19,1.98,4.29,1,0,0,0,1,1,0,1,4,8,209.10799999999998,0,0,0,0,0,0,0,0,-8,0.81,1,4,155,,1,4,16,212.10799999999998,43.28,25.02,33.01,9.05,false,true,-0.87,0,"單日成交金額低於5,000萬元；累計營收負成長且當月改善不足；中期趨勢仍向下；20日趨勢尚未上彎；當下除權息調整價未守20日EMA"
532,1440,南紡,TWSE,紡織纖維,不建立部位,保護持有,今天不新增部位；未完成確認前不機械式賣出,今天收盤後；若跌破，再看下一交易日是否收復,已有部位暫停加碼；若收盤跌破60日EMA約 12.99，且下一交易日仍未收復，先減碼三分之一；若ETF或外資繼續轉弱，再分批降低部位。,54.6,44.5,33.9,85,85,完整,13.6,13.73,16.29,-12.73,-1.69,37.31,136.81,0.14,453.33,0.79,2.21,1,0,4,4,4,4,0,1146.181,5273.89,5128.951,1867.018,0,3.943,12.943,5.943,1,0,53625,470.10299999999995,388.17699999999996,7.44,1382,5030,4407,,1147.442,4799.844,4727.831,1477.9309999999998,62.56,78.08,63.35,107.52,false,false,5.25,10.57,"單日成交金額低於5,000萬元；20日趨勢尚未上彎；估值高且成長不足以支撐；單季稅前獲利對營業外貢獻依賴偏高"
533,6752,叡揚,TPEX,資訊服務業,不建立部位,保護持有,今天不新增部位；未完成確認前不機械式賣出,今天收盤後；若跌破，再看下一交易日是否收復,已有部位暫停加碼；若收盤跌破60日EMA約 100.38，且下一交易日仍未收復，先減碼三分之一；若ETF或外資繼續轉弱，再分批降低部位。,48.8,44.3,28.7,85,53,不足,100.5,100.05,7.01,4.85,,,,,13.49,2.91,4.78,1,0,0,0,3,3,0,-0.1,-0.1,-0.1,-0.1,0,0,0,0,0,0,0,0,0,3.02,,,,,-0.1,-0.1,-0.1,-0.1,55.24,62.11,64.1,58.13,false,true,1.84,2.13,"資料健康度低於65%門檻；單日成交金額低於5,000萬元；外資持股趨勢資料不足或期間有非市場異動"
534,6890,來億-KY,TWSE,運動休閒,不建立部位,降低部位,停止加碼；反彈未站回恢復區時分批減碼,每個交易日收盤後，確認是否站回恢復區,已有部位先停止加碼。反彈若仍未站回 186.65，分批降低部位；只有站回且ETF／外資賣壓收斂後才重新評估。,49.2,44.2,49.2,85,91,可用,179.5,178.5,8.06,-12.03,2.55,26.79,524.31,0.75,17.75,1.81,5,2,0,-1,-1,-81,-69,0,84.894,141.622,185.036,978.975,0,-1.512,-75.512,-59.512,0,1,-271404,-4.2379999999999995,-17.032000000000004,86.47,82,160,893,,84.332,147.372,277.58,995.605,49.69,72.07,55.53,105.16,false,false,1.58,4.66,"單日成交金額低於5,000萬元；累計營收負成長且當月改善不足；中期趨勢仍向下；ETF短中期同步減碼；20日趨勢尚未上彎"
535,4568,科際精密,TPEX,電機機械,不建立部位,保護持有,今天不新增部位；未完成確認前不機械式賣出,今天收盤後；若跌破，再看下一交易日是否收復,已有部位暫停加碼；若收盤跌破60日EMA約 40.46，且下一交易日仍未收復，先減碼三分之一；若ETF或外資繼續轉弱，再分批降低部位。,45,43.9,27.8,85,53,不足,40.25,39.23,28.44,4.56,,,,,27.76,1.13,4.92,1,0,0,0,3,3,0,-1,-1,-1,-1,0,0,0,0,0,0,0,0,0,19.95,,,,,-1,-1,-1,-1,53.74,87.51,77.02,108.48,false,false,0.99,2.03,"資料健康度低於65%門檻；單日成交金額低於5,000萬元；中期趨勢仍向下；外資持股趨勢資料不足或期間有非市場異動；20日趨勢尚未上彎；當下除權息調整價未守20日EMA"
536,4502,健信,TPEX,電機機械,不建立部位,保護持有,今天不新增部位；未完成確認前不機械式賣出,今天收盤後；若跌破，再看下一交易日是否收復,已有部位暫停加碼；若收盤跌破60日EMA約 15.75，且下一交易日仍未收復，先減碼三分之一；若ETF或外資繼續轉弱，再分批降低部位。,47.7,43.8,20.2,85,53,不足,15.7,15.85,48.21,29.79,,,,,,1.63,0,1,0,0,0,2,2,0,-2,-2,-2,-2,0,0,0,0,0,0,0,0,0,4.1,,,,,-2,-2,-2,-2,47.36,75.24,80.3,65.14,false,true,-0.08,0,"資料健康度低於65%門檻；單日成交金額低於5,000萬元；中期趨勢仍向下；外資持股趨勢資料不足或期間有非市場異動；20日趨勢尚未上彎；KD高檔死亡交叉，等待動能確認"
537,2014,中鴻,TWSE,鋼鐵工業,不建立部位,保護持有,今天不新增部位；未完成確認前不機械式賣出,今天收盤後；若跌破，再看下一交易日是否收復,已有部位暫停加碼；若收盤跌破60日EMA約 17.43，且下一交易日仍未收復，先減碼三分之一；若ETF或外資繼續轉弱，再分批降低部位。,55.8,43.7,23.2,85,85,完整,17.45,17.58,17.19,-5.05,1.16,53.43,139.58,0.07,,2.04,,1,0,4,4,4,4,0,-350.72,10455.876,12145.943000000001,19551.989999999998,0,3.595,3.595,3.595,1,0,62733,-22,-57,7.36,-623,9924,11657,,-349.72,10474.280999999999,12199.348,19513.394999999997,53.57,66.63,58.9,82.09,false,false,1.22,3.56,"單日成交金額低於5,000萬元"
538,6790,永豐實,TWSE,造紙工業,不建立部位,保護持有,今天不新增部位；未完成確認前不機械式賣出,今天收盤後；若跌破，再看下一交易日是否收復,已有部位暫停加碼；若收盤跌破60日EMA約 39.23，且下一交易日仍未收復，先減碼三分之一；若ETF或外資繼續轉弱，再分批降低部位。,41.2,43.6,48.2,85,100,完整,38.05,38.1,-7.89,-2.2,8.88,48.59,152.4,1.52,12.35,1.82,6.96,1,0,0,0,1,45,0,-0.583,-8.069999999999997,-71.791,526.719,0,0,1,125,0,0,0,1.5710000000000002,-167.95,1.99,-1,-4,409,,-0.614,-9.641000000000002,95.15899999999999,551.669,36.01,22.39,29.06,9.05,false,false,-1.57,-0.52,"單日成交金額低於5,000萬元；累計營收負成長且當月改善不足；中期趨勢仍向下；20日趨勢尚未上彎；當下除權息調整價未守20日EMA"
539,2491,吉祥全,TWSE,光電業,不建立部位,優先降低風險,依風險與流動性分批降低部位,風險解除且基本面與趨勢重新確認後,已有部位應優先降低曝險；目前觸發「處置或交易限制事件」。待事件解除或基本面重新確認後再評估。,38.2,43.5,59.3,85,71,可用,34.5,35.25,6.55,-5.1,-126.79,15.89,662.97,0.85,10.03,2.83,,1,-1,-1,-4,0,147,0,6,-439.549,-366.044,154.80599999999998,-1,-4,0,147,0,2,-138000,-4.7490000000000006,-8.244,6.16,7,-431,31,,7,-430.8,-357.79999999999995,9.050000000000011,59.25,85.55,73.49,109.69,false,false,11.78,18.76,"單日成交金額低於5,000萬元；處置或交易限制風險；累計營收負成長且當月改善不足；ETF 1/3日已轉為減碼；20日趨勢尚未上彎；短線過熱或乖離過大；高波動且5日漲幅過大；單季稅前獲利對營業外貢獻依賴偏高"
540,4942,嘉彰,TWSE,光電業,不建立部位,降低部位,停止加碼；反彈未站回恢復區時分批減碼,每個交易日收盤後，確認是否站回恢復區,已有部位先停止加碼。反彈若仍未站回 36.51，分批降低部位；只有站回且ETF／外資賣壓收斂後才重新評估。,38.7,43.4,67.4,85,100,完整,34.5,33.15,-9.75,-7.23,4.58,18.47,371.26,0.77,11.9,0.53,5.8,1,0,0,0,0,0,0,-3.532,6.468,-95.844,-521.636,0,0,0,0,0,0,0,17,-22.311999999999998,6.4,-4,-4,-444,,-3.532,-10.532,-73.532,-504.412,36.66,44.12,33.67,65.01,false,false,-2.09,1.92,"單日成交金額低於5,000萬元；累計營收負成長且當月改善不足；中期趨勢仍向下；外資持股5/10日下降，且外資5日賣超；20日趨勢尚未上彎；當下除權息調整價未守20日EMA"
541,1515,力山,TWSE,電機機械,不建立部位,保護持有,今天不新增部位；未完成確認前不機械式賣出,今天收盤後；若跌破，再看下一交易日是否收復,已有部位暫停加碼；若收盤跌破60日EMA約 31.15，且下一交易日仍未收復，先減碼三分之一；若ETF或外資繼續轉弱，再分批降低部位。,43.3,43.3,36.2,85,85,完整,31.25,31.17,4.61,1.32,-1.26,51.78,96.36,0.12,20.97,1.45,1.92,1,-2,-2,-12,3,416,0,127.8,-782.078,-1508.995,354.0680000000001,-2,-12,3,416,0,2,-375000,-28.259,23.079,4.61,304,-855,1659,,142.669,-741.819,-1535.074,237.64500000000004,46.51,60.06,48.74,82.7,false,false,-3.27,1.13,"單日成交金額低於5,000萬元；ETF 1/3日已轉為減碼；20日趨勢尚未上彎；當下除權息調整價未守20日EMA；單季稅前獲利對營業外貢獻依賴偏高"
542,3402,漢科,TPEX,其他電子業,不建立部位,保護持有,今天不新增部位；未完成確認前不機械式賣出,今天收盤後；若跌破，再看下一交易日是否收復,已有部位暫停加碼；若收盤跌破60日EMA約 136.27，且下一交易日仍未收復，先減碼三分之一；若ETF或外資繼續轉弱，再分批降低部位。,44,43.3,29.1,85,84.2,可用,128.5,130.25,36.77,19.61,,,,,17.53,4.79,4.67,2,0,0,1,0,-1,0,23.972,23.972,23.972,23.972,0,0,0,0,0,0,0,-1,-1,9.58,,,,,24.972,24.972,24.972,24.972,45.72,67.5,61.51,79.48,false,false,-2.23,-1.15,"單日成交金額低於5,000萬元；中期趨勢仍向下；外資持股趨勢資料不足或期間有非市場異動；20日趨勢尚未上彎；當下除權息調整價未守20日EMA"
543,6719,力智,TWSE,半導體業,不建立部位,優先降低風險,依風險與流動性分批降低部位,風險解除且基本面與趨勢重新確認後,已有部位應優先降低曝險；目前觸發「價格跌破60日EMA且20日趨勢向下」。待事件解除或基本面重新確認後再評估。,37.5,43,64.5,85,100,完整,206,211.75,-15.47,-6.28,17.85,18.57,987.87,4.2,23.2,1.54,2.23,2,0,0,-10,0,1,0,-61.474,-206.42200000000003,-296.76300000000003,-831.7549999999999,0,-10,1,4,0,1,-2060000,-69.406,-10.363000000000007,6.93,-54,2,311,,-54.066,-127.01599999999999,-287.4,-610.4080000000001,40.94,51.72,50.32,54.52,false,false,-5.86,-4.63,營收動能同步衰退；累計營收負成長且當月改善不足；中期趨勢仍向下；20日累積後5日轉為調節；20日趨勢尚未上彎；當下除權息調整價未守20日EMA
544,8105,凌巨,TWSE,光電業,不建立部位,保護持有,今天不新增部位；未完成確認前不機械式賣出,今天收盤後；若跌破，再看下一交易日是否收復,已有部位暫停加碼；若收盤跌破60日EMA約 17.69，且下一交易日仍未收復，先減碼三分之一；若ETF或外資繼續轉弱，再分批降低部位。,47.1,42.8,45.8,85,71,可用,17.15,17.13,11.87,0.49,0.53,25.59,202.48,0.43,571.67,0.94,,1,-5,-5,-19,3,601,0,371,666.2560000000001,476.10300000000007,-2923.733,-5,-19,3,601,0,2,-325850,0.0039999999999995595,-98.99600000000001,39.33,495,959,-3768,,380,685.252,572.0989999999999,-3471.241,48.25,81.21,69.56,104.51,false,false,0.63,2.69,"單日成交金額低於5,000萬元；中期趨勢仍向下；ETF 1/3日已轉為減碼；20日趨勢尚未上彎；估值高且成長不足以支撐；單季稅前獲利對營業外貢獻依賴偏高"
545,5903,全家,TPEX,居家生活,不建立部位,保護持有,今天不新增部位；未完成確認前不機械式賣出,今天收盤後；若跌破，再看下一交易日是否收復,已有部位暫停加碼；若收盤跌破60日EMA約 188.19，且下一交易日仍未收復，先減碼三分之一；若ETF或外資繼續轉弱，再分批降低部位。,42.1,42.6,28.7,85,100,可用,185.5,185.75,4.92,7.59,1.5,87.84,47.87,3.69,23.63,4.72,3.5,1,0,0,0,-5,-4,0,2,2,2,2,0,0,0,0,0,0,0,0,0,50.97,,,,,2,2,2,2,41.37,40.65,39.38,43.18,true,false,-0.77,0.82,"單日成交金額低於5,000萬元；中期趨勢仍向下；外資持股趨勢資料不足或期間有非市場異動；20日趨勢尚未上彎；當下除權息調整價未守20日EMA"
546,6768,志強-KY,TWSE,運動休閒,不建立部位,降低部位,停止加碼；反彈未站回恢復區時分批減碼,每個交易日收盤後，確認是否站回恢復區,已有部位先停止加碼。反彈若仍未站回 75.69，分批降低部位；只有站回且ETF／外資賣壓收斂後才重新評估。,30,42,61.8,85,91,可用,65.6,65.3,6.64,-3.2,6.14,35.59,256.21,1.2,12.42,0.85,7.87,1,0,-247,-505,-749,-1487,-502,-467.955,-168.96999999999997,622.398,865.9460000000001,0,-505,-749,-1393.6960000000001,0,4,-33128000,-0.9670000000000001,-5.296000000000001,57.86,-438,-242,1060,,-467.955,336.99700000000007,1376.694,2274.036,32.67,27.17,27.3,26.93,false,true,-4.85,-0.61,"單日成交金額低於5,000萬元；累計營收負成長且當月改善不足；中期趨勢仍向下；ETF短中期同步減碼；主動ETF 5日轉為減碼；投信5/10日持續且具金額意義的賣超；20日趨勢尚未上彎；當下除權息調整價未守20日EMA"
547,2850,新產,TWSE,未分類,不建立部位,保護持有,今天不新增部位；未完成確認前不機械式賣出,今天收盤後；若跌破，再看下一交易日是否收復,已有部位暫停加碼；若收盤跌破60日EMA約 146.89，且下一交易日仍未收復，先減碼三分之一；若ETF或外資繼續轉弱，再分批降低部位。,51.1,41.6,39.5,85,75,可用,158,158.5,,,,62.41,,3.99,11.28,2.29,4.6,4,0,-1,-1,19,22,0,-17.77,18.885000000000005,119.86100000000008,583.7009999999999,0,-1.358,23.642,30.642,0,1,-214564,-4.056000000000001,-56.464,11.09,-29,-13,398,,-19.77,24.298999999999992,152.68300000000002,619.2420000000001,56.83,52.06,60.04,36.11,false,false,1.59,0.32,"單日成交金額低於5,000萬元；20日累積後5日轉為調節"
548,4968,立積,TWSE,半導體業,不建立部位,保護持有,今天不新增部位；未完成確認前不機械式賣出,今天收盤後；若跌破，再看下一交易日是否收復,已有部位暫停加碼；若收盤跌破60日EMA約 105.32，且下一交易日仍未收復，先減碼三分之一；若ETF或外資繼續轉弱，再分批降低部位。,39.4,41.5,53.5,85,100,完整,96.9,97.85,-1.63,3.65,3.27,25.03,385.26,1,26.19,3.31,1.65,2,0,0,-20,0,3,0,32.891,9.832999999999998,900.647,-575.2639999999999,0,-20,0,3,0,1,-1938000,-27.706,-30.063,4.39,-104,-178,578,,31.934,57.539000000000016,930.7099999999999,-458.2649999999999,44.17,58.64,62.8,50.3,false,true,-1.7,-1.92,"單日成交金額低於5,000萬元；中期趨勢仍向下；20日累積後5日轉為調節；20日趨勢尚未上彎；當下除權息調整價未守20日EMA"
549,1444,力麗,TWSE,紡織纖維,不建立部位,降低部位,停止加碼；反彈未站回恢復區時分批減碼,每個交易日收盤後，確認是否站回恢復區,已有部位先停止加碼。反彈若仍未站回 7.47，分批降低部位；只有站回且ETF／外資賣壓收斂後才重新評估。,43.9,41.5,31.1,85,85,完整,7.25,7.3,-8.32,19.84,-1.41,44.94,88.37,0.14,,0.71,,1,-15,-15,-68,13,2251,0,522.503,-258.25399999999996,-336.149,-1324.797,-15,-68,13,2251,0,2,-493000,-57,-302,5.34,538,-133,-224,,537.503,-133.25399999999996,-47.14899999999999,-3535.6980000000003,42.65,51.27,36.81,80.18,false,false,-2.9,1.26,"單日成交金額低於5,000萬元；中期趨勢仍向下；ETF 1/3日已轉為減碼；外資持股5/10日下降，且外資5日賣超；20日趨勢尚未上彎；當下除權息調整價未守20日EMA；單季稅前獲利對營業外貢獻依賴偏高"
550,5222,全訊,TWSE,半導體業,不建立部位,優先降低風險,依風險與流動性分批降低部位,風險解除且基本面與趨勢重新確認後,已有部位應優先降低曝險；目前觸發「價格跌破60日EMA且20日趨勢向下」。待事件解除或基本面重新確認後再評估。,47.3,41.3,50,85,93,可用,118,118.25,-18.09,-15.6,16.7,15.68,245.71,0.63,61.78,3.68,2.12,2,0,-1,-22,-2,0,0,112.685,205.10299999999998,326.895,-484.99799999999993,0,-22,-2,0,0,3,-2596000,46.44,34.321,3.81,208,225,-104,,68.535,180.66299999999998,294.574,-455.465,53.55,86.65,72.92,114.12,false,false,2.64,4.42,"單日成交金額低於5,000萬元；營收動能同步衰退；累計營收負成長且當月改善不足；中期趨勢仍向下；ETF短中期同步減碼；20日趨勢尚未上彎"
551,4420,光明,TPEX,紡織纖維,不建立部位,優先降低風險,依風險與流動性分批降低部位,風險解除且基本面與趨勢重新確認後,已有部位應優先降低曝險；目前觸發「價格跌破60日EMA且20日趨勢向下」。待事件解除或基本面重新確認後再評估。,46.9,41,48.4,85,100,可用,36.15,36.55,-12.01,-8.81,2.22,11.91,222.84,0.94,26.98,1.03,8.3,1,0,0,0,0,18,0,0.079,0.079,0.079,0.079,0,0,0,0,0,0,0,0.079,0.079,0.78,,,,,0,0,0,0,55.29,58.36,48.4,78.27,false,false,1.88,1.97,"單日成交金額低於5,000萬元；營收動能同步衰退；累計營收負成長且當月改善不足；中期趨勢仍向下；外資持股趨勢資料不足或期間有非市場異動；20日趨勢尚未上彎；單季稅前獲利對營業外貢獻依賴偏高"
552,2359,所羅門,TWSE,其他電子業,不建立部位,保護持有,今天不新增部位；未完成確認前不機械式賣出,今天收盤後；若跌破，再看下一交易日是否收復,已有部位暫停加碼；若收盤跌破60日EMA約 136.41，且下一交易日仍未收復，先減碼三分之一；若ETF或外資繼續轉弱，再分批降低部位。,54,40.7,14.9,85,56,不足,143,157,36.32,7.92,,,,,73.71,4.26,0.7,1,0,0,0,1,1,0,1014.058,2931.7859999999996,5975.018000000001,2268.9360000000015,0,0,0,0,0,0,0,80.28299999999999,159.54099999999988,8.44,958,2864,6674,,974.8,2851.5029999999997,5815.477,2046.1930000000002,52.67,66.9,63.69,73.31,false,false,2.29,-1.38,資料健康度低於65%門檻；短線過熱或乖離過大
553,6469,大樹,TPEX,生技醫療業,不建立部位,保護持有,今天不新增部位；未完成確認前不機械式賣出,今天收盤後；若跌破，再看下一交易日是否收復,已有部位暫停加碼；若收盤跌破60日EMA約 75.61，且下一交易日仍未收復，先減碼三分之一；若ETF或外資繼續轉弱，再分批降低部位。,38.3,40.5,37.6,85,82,可用,70.7,70.5,5.77,1.86,2.34,73.33,149.2,1.57,20.55,2.89,5.31,1,0,0,0,327,327,0,-148.061,-148.061,-148.061,-148.061,0,0,0,0,0,0,0,4.939,4.939,7.2,,,,,-153,-153,-153,-153,33.67,13.47,14.24,11.93,false,false,-4.41,-0.42,"單日成交金額低於5,000萬元；中期趨勢仍向下；外資持股趨勢資料不足或期間有非市場異動；20日趨勢尚未上彎；當下除權息調整價未守20日EMA"
554,2243,宏旭-KY,TWSE,汽車工業,不建立部位,降低部位,停止加碼；反彈未站回恢復區時分批減碼,每個交易日收盤後，確認是否站回恢復區,已有部位先停止加碼。反彈若仍未站回 44.76，分批降低部位；只有站回且ETF／外資賣壓收斂後才重新評估。,37.2,39.9,34.8,85,91,可用,41,41.33,-8.57,25.9,7.78,72.47,125.51,0.66,16.47,3.2,,1,-1,-1,-4,1,66,0,37.633,-45.531000000000006,-341.09499999999997,-1005.4570000000001,-1,-4,1,66,0,2,-164000,18,0.9830000000000005,28.55,21,-52,-570,,20.633,-59.531000000000006,-343.078,-1084.8049999999998,39.64,20.29,18.52,23.84,true,false,-8.41,-5.53,"單日成交金額低於5,000萬元；中期趨勢仍向下；20日累積後5日轉為調節；ETF 1/3日已轉為減碼；外資持股5/10日下降，且外資5日賣超；20日趨勢尚未上彎；當下除權息調整價未守20日EMA"
555,2387,精元,TWSE,電腦及週邊設備業,不建立部位,優先降低風險,依風險與流動性分批降低部位,風險解除且基本面與趨勢重新確認後,已有部位應優先降低曝險；目前觸發「價格跌破60日EMA且20日趨勢向下」。待事件解除或基本面重新確認後再評估。,38.4,39.7,54.1,85,100,完整,37.05,37.1,-27.12,-12.55,1.59,42.64,184.67,0.66,12.43,0.68,10.8,3,0,0,3,-14,113,0,-337.701,-1013.6359999999999,-874.8809999999999,-1460.131,0,2.996,-14.411999999999999,112.60100000000001,1,0,111002,8.19,-53.369,8.97,-270,-565,-667,,-337.008,-1024.8220000000001,-807.1000000000001,-1549.2710000000002,36.68,27.17,38.66,4.19,false,true,-2.68,-2.11,"單日成交金額低於5,000萬元；營收動能同步衰退；累計營收負成長且當月改善不足；中期趨勢仍向下；外資持股5/10日下降，且外資5日賣超；20日趨勢尚未上彎；當下除權息調整價未守20日EMA"
556,6120,達運,TWSE,光電業,不建立部位,優先降低風險,依風險與流動性分批降低部位,風險解除且基本面與趨勢重新確認後,已有部位應優先降低曝險；目前觸發「價格跌破60日EMA且20日趨勢向下」。待事件解除或基本面重新確認後再評估。,40.2,39.7,51.5,85,100,完整,12.75,12.88,-13.71,-4.91,-3.57,43,214.38,1.42,9.38,0.77,1.96,1,0,0,35,71,97,0,-581.177,-2267.6789999999996,1818.8630000000003,-5377.81,0,35,71,97,1,0,446250,65.33000000000001,-128.319,8.86,-429,-2183,-1321,,-568.798,-2368.009,1876.182,-5617.553999999998,43.69,52.53,62.66,32.28,false,true,-3.23,-6.59,"單日成交金額低於5,000萬元；營收動能同步衰退；累計營收負成長且當月改善不足；中期趨勢仍向下；外資持股5/10日下降，且外資5日賣超；20日趨勢尚未上彎；當下除權息調整價未守20日EMA；單季稅前獲利對營業外貢獻依賴偏高"
557,2247,汎德永業,TWSE,汽車工業,不建立部位,保護持有,今天不新增部位；未完成確認前不機械式賣出,今天收盤後；若跌破，再看下一交易日是否收復,已有部位暫停加碼；若收盤跌破60日EMA約 228.72，且下一交易日仍未收復，先減碼三分之一；若ETF或外資繼續轉弱，再分批降低部位。,44.3,39.5,45.1,85,100,完整,228.5,227.5,-1.36,-22.82,3.09,41.1,269.81,6.55,16.49,1.45,6.35,2,0,0,0,-1,21,0,8,91.961,148.885,343.82399999999996,0,0,-0.804,20.976,0,0,0,1,-8,4,23,67,242,,8,90.961,157.689,344.919,51.01,51.59,52.71,49.34,false,true,0.26,0.88,"單日成交金額低於5,000萬元；累計營收負成長且當月改善不足；中期趨勢仍向下；20日趨勢尚未上彎；當下除權息調整價未守20日EMA"
558,8215,明基材,TWSE,光電業,不建立部位,保護持有,今天不新增部位；未完成確認前不機械式賣出,今天收盤後；若跌破，再看下一交易日是否收復,已有部位暫停加碼；若收盤跌破60日EMA約 26.16，且下一交易日仍未收復，先減碼三分之一；若ETF或外資繼續轉弱，再分批降低部位。,49.1,39.4,19.5,85,100,完整,25.35,25.38,11.38,6.31,-3.62,69.5,105.86,-0.96,,1.69,1.18,1,-2,-5,-5,8,7,0,317.999,807.8960000000001,1042.863,-233.85099999999983,-2,-5,8,7,0,2,-126750,-8.992,-35.21,1.8,318,501,800,,320,821.888,1070.073,-172.52399999999992,50.94,84.85,74.57,105.4,false,false,2.33,6.29,"單日成交金額低於5,000萬元；中期趨勢仍向下；20日累積後5日轉為調節；ETF 1/3日已轉為減碼；20日趨勢尚未上彎"
559,3376,新日興,TWSE,電子零組件業,不建立部位,優先降低風險,依風險與流動性分批降低部位,風險解除且基本面與趨勢重新確認後,已有部位應優先降低曝險；目前觸發「價格跌破60日EMA且20日趨勢向下」。待事件解除或基本面重新確認後再評估。,54.4,39.4,41.9,85,91,可用,192,191.75,-10.26,-12.84,-0.44,22.67,276.74,0.15,282.35,2.16,2.08,3,0,-2,-2,-2,-2,0,749.687,1366.685,2440.1659999999997,-455.2770000000005,0,8.337,12.337,-1484.663,1,1,1600704,135.18199999999996,754.767,14.46,129,2306,2123,,538.409,1223.166,1673.062,747.0209999999995,54.24,78.8,70.81,94.79,false,false,3.6,3.78,營收動能同步衰退；累計營收負成長且當月改善不足；中期趨勢仍向下；ETF短中期同步減碼；20日趨勢尚未上彎；估值高且成長不足以支撐；單季稅前獲利對營業外貢獻依賴偏高
560,2849,安泰銀,TWSE,金融保險業,不建立部位,保護持有,今天不新增部位；未完成確認前不機械式賣出,今天收盤後；若跌破，再看下一交易日是否收復,已有部位暫停加碼；若收盤跌破60日EMA約 14.46，且下一交易日仍未收復，先減碼三分之一；若ETF或外資繼續轉弱，再分批降低部位。,42.9,38.9,20.7,85,68,最低門檻,14.45,14.5,11.12,19.62,,,,,16.8,0.77,3.53,1,0,4,4,4,4,0,10,-21.230999999999995,-50.230999999999995,1282.1689999999999,0,3.769,3.769,3.769,1,0,54462,-4,-122,59.03,28,1,1080,,16,-21,68,1317.3999999999999,44.55,20.89,32.76,-2.86,false,false,-1.81,-1.37,"單日成交金額低於5,000萬元；中期趨勢仍向下；20日趨勢尚未上彎；當下除權息調整價未守20日EMA"
561,2331,精英,TWSE,電腦及週邊設備業,不建立部位,保護持有,今天不新增部位；未完成確認前不機械式賣出,今天收盤後；若跌破，再看下一交易日是否收復,已有部位暫停加碼；若收盤跌破60日EMA約 20.41，且下一交易日仍未收復，先減碼三分之一；若ETF或外資繼續轉弱，再分批降低部位。,42.6,38.5,35.2,85,91,可用,19.3,19.38,-13.43,14.75,0.43,52.3,138.69,0.11,38.6,0.99,,1,0,0,0,0,0,0,131.131,605.618,1438.204,-29.04599999999982,0,0,0,0,0,0,0,8.679999999999993,-54.03500000000001,6.01,61,926,1618,,56.531,596.938,1492.239,79.029,46.81,71.45,69.52,75.32,false,false,-0.84,-1.28,"單日成交金額低於5,000萬元；中期趨勢仍向下；20日趨勢尚未上彎；當下除權息調整價未守20日EMA；單季稅前獲利對營業外貢獻依賴偏高"
562,4503,金雨,TPEX,電機機械,不建立部位,優先降低風險,依風險與流動性分批降低部位,風險解除且基本面與趨勢重新確認後,已有部位應優先降低曝險；目前觸發「價格跌破60日EMA且20日趨勢向下」。待事件解除或基本面重新確認後再評估。,31.3,38.3,65.9,85,70,可用,26.25,26.73,-75.88,-3.41,23.96,25.76,1290.4,2.28,7.06,1.1,0,1,0,0,2,4,4,0,237.65,237.65,237.65,237.65,0,0,0,0,0,0,0,1.65,1.65,2.24,,,,,236,236,236,236,28.92,16.31,18.45,12.02,false,false,-19.32,-21.05,營收動能同步衰退；累計營收負成長且當月改善不足；中期趨勢仍向下；外資持股趨勢資料不足或期間有非市場異動；20日趨勢尚未上彎；當下除權息調整價未守20日EMA；單季稅前獲利對營業外貢獻依賴偏高
563,3015,全漢,TWSE,電子零組件業,不建立部位,保護持有,今天不新增部位；未完成確認前不機械式賣出,今天收盤後；若跌破，再看下一交易日是否收復,已有部位暫停加碼；若收盤跌破60日EMA約 57.13，且下一交易日仍未收復，先減碼三分之一；若ETF或外資繼續轉弱，再分批降低部位。,40.5,38.2,52.4,85,100,完整,55.7,56.35,-4.07,-6.12,0.56,29.03,188.6,1.08,21.93,0.7,3.95,5,-4,-6,-4,19,387,0,-199.831,25.657000000000036,432.0160000000001,-1575.5949999999998,-4,-3.9819999999999993,18.636000000000003,386.962,1,3,-221797,24.374,21.734999999999996,9.78,-294,-82,1128,,-206.717,5.265000000000004,391.6450000000001,-1935.9859999999999,47.66,68.93,67.65,71.49,false,false,-1.24,-0.71,"單日成交金額低於5,000萬元；累計營收負成長且當月改善不足；中期趨勢仍向下；20日累積後5日轉為調節；ETF 1/3日已轉為減碼；20日趨勢尚未上彎；當下除權息調整價未守20日EMA；單季稅前獲利對營業外貢獻依賴偏高"
564,5287,數字,TPEX,數位雲端,不建立部位,保護持有,今天不新增部位；未完成確認前不機械式賣出,今天收盤後；若跌破，再看下一交易日是否收復,已有部位暫停加碼；若收盤跌破60日EMA約 149.36，且下一交易日仍未收復，先減碼三分之一；若ETF或外資繼續轉弱，再分批降低部位。,48,38.1,23.3,85,85,可用,152.5,155.5,-2.6,-1.84,,,,,10.93,3.73,7.31,1,0,0,0,-1,33,0,15.056,15.056,15.056,15.056,0,0,0,0,0,0,0,1.106,1.106,15.96,,,,,13.95,13.95,13.95,13.95,70.1,56,41.86,84.28,false,false,3.49,4.1,"單日成交金額低於5,000萬元；累計營收負成長且當月改善不足；外資持股趨勢資料不足或期間有非市場異動；20日趨勢尚未上彎"
565,9907,統一實,TWSE,其他,不建立部位,降低部位,停止加碼；反彈未站回恢復區時分批減碼,每個交易日收盤後，確認是否站回恢復區,已有部位先停止加碼。反彈若仍未站回 15.63，分批降低部位；只有站回且ETF／外資賣壓收斂後才重新評估。,43,38,47.1,85,100,完整,14.9,14.95,-1.73,-11.15,4.31,38.72,173.59,0.35,15.68,1.13,7.92,4,0,-37,-45,-2321,-8737,0,658.998,2399.0099999999998,-2474.422,1980.122,0,-44.731,-2292.596,-8156.179,0,2,-666492,38.743,-367.907,15.66,505,2094,3336,,658.998,2404.998,186.08100000000059,10343.301,45.19,36.37,30.28,48.53,true,false,-0.52,2.41,"單日成交金額低於5,000萬元；累計營收負成長且當月改善不足；中期趨勢仍向下；ETF短中期同步減碼；20日趨勢尚未上彎；當下除權息調整價未守20日EMA"
566,2023,燁輝,TWSE,鋼鐵工業,不建立部位,保護持有,今天不新增部位；未完成確認前不機械式賣出,今天收盤後；若跌破，再看下一交易日是否收復,已有部位暫停加碼；若收盤跌破60日EMA約 13.84，且下一交易日仍未收復，先減碼三分之一；若ETF或外資繼續轉弱，再分批降低部位。,54,37.9,15.3,85,85,完整,13.8,13.85,10.99,-5.71,1.29,68.92,101.13,-0.52,,0.8,,1,0,5,5,5,5,0,238.638,1021.2389999999999,-300.5550000000002,1494.9789999999998,0,4.657,40.657,74.657,1,0,64267,215.617,-380.38300000000004,3.97,47,571,1780,,55.021,800.9649999999999,39.17100000000005,1377.7039999999997,50.97,64.1,54.54,83.21,false,false,0.17,1.1,"單日成交金額低於5,000萬元；中期趨勢仍向下；20日趨勢尚未上彎"
567,6919,康霈*,TWSE,生技醫療業,不建立部位,優先降低風險,依風險與流動性分批降低部位,風險解除且基本面與趨勢重新確認後,已有部位應優先降低曝險；目前觸發「單月與累計營收同步明顯衰退」。待事件解除或基本面重新確認後再評估。,62.8,37,30.5,85,100,完整,110.5,107.75,-100,-82.2,-14263.34,2.37,6003.39,-0.21,,18.67,,4,0,1,1,1,3,0,1469.034,2702.079,7966.039,17101.100999999995,0,0.996,0.996,-2.004,1,0,110058,-14.607999999999997,-69.717,15.04,1464,2716,12943,,1464.255,2715.691,8034.76,17234.335,56.86,73.55,69.79,81.08,false,false,4.02,1.84,營收動能同步衰退；累計營收負成長且當月改善不足
568,2718,全心投控,TPEX,建材營造,不建立部位,優先降低風險,依風險與流動性分批降低部位,風險解除且基本面與趨勢重新確認後,已有部位應優先降低曝險；目前觸發「價格跌破60日EMA且20日趨勢向下」。待事件解除或基本面重新確認後再評估。,41.9,37,28.8,85,85,可用,45.55,46.05,-96.01,-89.11,,,,,2.42,0.61,12.07,1,0,0,0,-1,13,0,11,11,11,11,0,0,0,0,0,0,0,0,0,0.6,,,,,11,11,11,11,48.66,73.79,61.3,98.76,false,false,0.51,1.67,"單日成交金額低於5,000萬元；營收動能同步衰退；累計營收負成長且當月改善不足；中期趨勢仍向下；外資持股趨勢資料不足或期間有非市場異動；20日趨勢尚未上彎"
569,4188,安克,TPEX,生技醫療業,不建立部位,保護持有,今天不新增部位；未完成確認前不機械式賣出,今天收盤後；若跌破，再看下一交易日是否收復,已有部位暫停加碼；若收盤跌破60日EMA約 10.54，且下一交易日仍未收復，先減碼三分之一；若ETF或外資繼續轉弱，再分批降低部位。,40.8,37,43.9,85,70,可用,9.95,9.87,56.55,-3.69,-311.28,4.75,1848.87,-0.45,,1.22,0,1,0,0,0,4,4,0,-0.007,-0.007,-0.007,-0.007,0,0,0,0,0,0,0,-0.007,-0.007,0.07,,,,,0,0,0,0,46.79,67.73,65.74,71.72,false,false,-0.44,-0.5,"單日成交金額低於5,000萬元；中期趨勢仍向下；外資持股趨勢資料不足或期間有非市場異動；20日趨勢尚未上彎；當下除權息調整價未守20日EMA"
570,1227,佳格,TWSE,食品工業,不建立部位,保護持有,今天不新增部位；未完成確認前不機械式賣出,今天收盤後；若跌破，再看下一交易日是否收復,已有部位暫停加碼；若收盤跌破60日EMA約 29.30，且下一交易日仍未收復，先減碼三分之一；若ETF或外資繼續轉弱，再分批降低部位。,36.8,36.8,23.1,85,68,最低門檻,28.7,28.7,7.74,6.86,,,,,19.66,1.36,4.67,1,0,2,2,2,2,-676,-400.667,-506.236,-1207.2839999999999,2009.9100000000005,0,2.305,13.305,25.305,1,0,66154,50.126999999999995,-331.907,7.3,-303,-369,3473,,-410,-558.6679999999999,-888.682,2294.3330000000005,41.54,24.57,28.92,15.85,true,true,-1.77,0,"單日成交金額低於5,000萬元；中期趨勢仍向下；主動ETF 5日轉為減碼；20日趨勢尚未上彎；當下除權息調整價未守20日EMA"
571,2338,光罩,TWSE,半導體業,不建立部位,保護持有,今天不新增部位；未完成確認前不機械式賣出,今天收盤後；若跌破，再看下一交易日是否收復,已有部位暫停加碼；若收盤跌破60日EMA約 44.82，且下一交易日仍未收復，先減碼三分之一；若ETF或外資繼續轉弱，再分批降低部位。,48,36.7,21.2,85,79,可用,40.45,41.53,4.42,-3.89,0.93,66.11,77.74,0.52,,2.19,,2,0,0,0,4,4,0,268.784,31.396000000000072,384.81200000000007,-5534.826,0,0,0,0,0,0,0,-14.623999999999999,-351.786,5.15,263,47,-49,,268.973,46.01999999999998,736.5980000000001,-4816.382,45.61,81.84,69.46,106.6,false,false,-0.94,1.89,"單日成交金額低於5,000萬元；累計營收負成長且當月改善不足；中期趨勢仍向下；20日趨勢尚未上彎；單季稅前獲利對營業外貢獻依賴偏高"
572,6104,創惟,TPEX,半導體業,不建立部位,保護持有,今天不新增部位；未完成確認前不機械式賣出,今天收盤後；若跌破，再看下一交易日是否收復,已有部位暫停加碼；若收盤跌破60日EMA約 96.44，且下一交易日仍未收復，先減碼三分之一；若ETF或外資繼續轉弱，再分批降低部位。,38.2,36.4,26.7,85,85,可用,93.3,95.25,4.49,0.44,,,,,20.37,4.24,4.82,1,0,0,-50,0,3,0,16.123,16.123,16.123,16.123,0,0,0,0,0,0,0,-5.877,-5.877,18.29,,,,,22,22,22,22,47.36,78.57,77.27,81.18,false,false,-0.57,-0.96,"單日成交金額低於5,000萬元；中期趨勢仍向下；20日累積後5日轉為調節；外資持股趨勢資料不足或期間有非市場異動；20日趨勢尚未上彎"
573,3703,欣陸,TWSE,建材營造,不建立部位,降低部位,停止加碼；反彈未站回恢復區時分批減碼,每個交易日收盤後，確認是否站回恢復區,已有部位先停止加碼。反彈若仍未站回 20.82，分批降低部位；只有站回且ETF／外資賣壓收斂後才重新評估。,37.6,36,35.9,85,85,完整,20,20.08,-9.88,-9,5.41,70.54,121.44,0.57,10.15,0.6,5.25,1,0,1,1,1,396,0,-761.562,-4045.635,-3589.1070000000004,-789.7490000000003,0,1,9,411,1,0,20000,73.236,-13.00099999999999,20.29,-461,-3330,-663,,-761,-4119.871,-3585.1059999999993,-1206.3249999999994,33.41,17.96,26.63,0.61,false,false,-2.26,-1.72,"單日成交金額低於5,000萬元；累計營收負成長且當月改善不足；中期趨勢仍向下；外資持股5/10日下降，且外資5日賣超；20日趨勢尚未上彎；當下除權息調整價未守20日EMA"
574,2208,台船,TWSE,航運業,不建立部位,降低部位,停止加碼；反彈未站回恢復區時分批減碼,每個交易日收盤後，確認是否站回恢復區,已有部位先停止加碼。反彈若仍未站回 19.38，分批降低部位；只有站回且ETF／外資賣壓收斂後才重新評估。,42.3,35.7,20.7,85,100,完整,19.05,19.17,20.17,-26.52,-9.53,85.87,108.02,0.28,38.88,3.2,,1,0,-10,-10,-10,-10,0,518.825,23.48100000000005,-441.1959999999999,-3458.310000000001,0,-10.487,-10.487,-10.487,0,1,-199777,-4,-91,7.29,519,38,-3285,,518.825,37.96800000000002,-339.70900000000006,-3383.823,48.09,60.85,52.51,77.55,false,false,-0.8,-0.26,"單日成交金額低於5,000萬元；中期趨勢仍向下；ETF短中期同步減碼；20日趨勢尚未上彎；當下除權息調整價未守20日EMA；單季稅前獲利對營業外貢獻依賴偏高"
575,3545,敦泰,TWSE,半導體業,不建立部位,優先降低風險,依風險與流動性分批降低部位,風險解除且基本面與趨勢重新確認後,已有部位應優先降低曝險；目前觸發「價格跌破60日EMA且20日趨勢向下」。待事件解除或基本面重新確認後再評估。,43.1,35.7,36,85,91,可用,50.8,51.05,-14.27,-13.61,-5.88,31.93,219.88,0.02,,1.26,1.59,2,0,-5,-10,0,7,0,135.686,205.62199999999999,1748.565,1141.0109999999995,0,-10,0,7,0,2,-508000,-34.650999999999996,-72.732,15.26,57,257,1141,,139,250.27300000000002,1821.297,1336.631,49.03,84.98,80.12,94.71,false,false,0.55,0.59,"單日成交金額低於5,000萬元；營收動能同步衰退；累計營收負成長且當月改善不足；中期趨勢仍向下；20日累積後5日轉為調節；20日趨勢尚未上彎"
576,3228,金麗科,TPEX,半導體業,不建立部位,保護持有,今天不新增部位；未完成確認前不機械式賣出,今天收盤後；若跌破，再看下一交易日是否收復,已有部位暫停加碼；若收盤跌破60日EMA約 163.85，且下一交易日仍未收復，先減碼三分之一；若ETF或外資繼續轉弱，再分批降低部位。,41.4,35,36.4,85,100,可用,146,149.5,27.57,12.87,-42.81,14.14,297.68,-1,,15.43,0,1,0,0,-100,0,0,0,52.373,52.373,52.373,52.373,0,0,0,0,0,0,0,3.143,3.143,6.88,,,,,49.23,49.23,49.23,49.23,42.03,68.58,55.81,94.1,false,false,-3.02,0.34,"單日成交金額低於5,000萬元；中期趨勢仍向下；外資持股趨勢資料不足或期間有非市場異動；20日趨勢尚未上彎；當下除權息調整價未守20日EMA"
577,3078,僑威,TPEX,電子零組件業,不建立部位,優先降低風險,依風險與流動性分批降低部位,風險解除且基本面與趨勢重新確認後,已有部位應優先降低曝險；目前觸發「價格跌破60日EMA且20日趨勢向下」。待事件解除或基本面重新確認後再評估。,44.1,34,26.6,85,85,可用,54.2,52.85,-49.57,-46.65,,,,,10.99,1.83,7.38,3,0,0,10,27,-18,0,74.738,74.738,74.738,74.738,0,0,0,0,0,0,0,20.618,20.618,12.18,,,,,54.12,54.12,54.12,54.12,53.3,85.7,79.25,98.59,false,false,1.52,2.65,"單日成交金額低於5,000萬元；營收動能同步衰退；累計營收負成長且當月改善不足；中期趨勢仍向下；外資持股趨勢資料不足或期間有非市場異動；20日趨勢尚未上彎；當下除權息調整價未守20日EMA"
578,1109,信大,TWSE,水泥工業,不建立部位,優先降低風險,依風險與流動性分批降低部位,風險解除且基本面與趨勢重新確認後,已有部位應優先降低曝險；目前觸發「價格跌破60日EMA且20日趨勢向下」。待事件解除或基本面重新確認後再評估。,34.6,33.5,53.3,85,73,可用,13.55,13.58,-20.64,-16.99,1.66,11.48,456.76,0.15,19.64,0.56,6.64,1,0,0,0,9,9,0,1,-54,-177.538,-14.910000000000007,0,0,0,0,0,0,0,-1,-68.658,2.42,-100,-154,235,,1,-53,-108.88,12.820000000000004,28.98,12.52,13.59,10.38,false,false,-1.72,0,"單日成交金額低於5,000萬元；營收動能同步衰退；累計營收負成長且當月改善不足；中期趨勢仍向下；20日趨勢尚未上彎；當下除權息調整價未守20日EMA"
579,6456,GIS-KY,TWSE,光電業,不建立部位,優先降低風險,依風險與流動性分批降低部位,風險解除且基本面與趨勢重新確認後,已有部位應優先降低曝險；目前觸發「單月與累計營收同步明顯衰退」。待事件解除或基本面重新確認後再評估。,53,32.8,23.5,85,100,完整,68.6,67.9,-24.68,-22.66,-4.23,47.73,231.73,-3.76,,0.78,,1,0,0,0,0,0,0,-255.017,2380.1949999999997,3476.846,3488.7219999999993,0,0,0,0,0,0,0,241.51599999999996,270.04799999999994,45.05,73,2042,1687,,-231.665,2138.679,3206.798,3569.17,56.17,79.42,67.41,103.45,false,false,7.72,13.76,營收動能同步衰退；累計營收負成長且當月改善不足；20日趨勢尚未上彎；高波動且5日漲幅過大；融資增幅與短線漲幅同步偏高
580,3062,建漢,TWSE,通信網路業,不建立部位,保護持有,今天不新增部位；未完成確認前不機械式賣出,今天收盤後；若跌破，再看下一交易日是否收復,已有部位暫停加碼；若收盤跌破60日EMA約 23.41，且下一交易日仍未收復，先減碼三分之一；若ETF或外資繼續轉弱，再分批降低部位。,46.1,31.6,26,85,100,完整,21.3,21.45,5.13,-0.85,-14.5,35.21,171.25,-0.88,,1.73,,1,0,0,0,0,0,0,399.613,918.7909999999999,1701.8469999999998,574.1250000000001,0,0,0,0,0,0,0,91.91599999999998,24.47499999999999,9.92,390,256,1448,,316.138,826.875,1677.3720000000003,754.7520000000004,47.83,89.4,76.22,115.77,false,false,1.06,3.15,"單日成交金額低於5,000萬元；累計營收負成長且當月改善不足；中期趨勢仍向下；20日趨勢尚未上彎"
581,6230,尼得科超眾,TWSE,電腦及週邊設備業,不建立部位,保護持有,今天不新增部位；未完成確認前不機械式賣出,今天收盤後；若跌破，再看下一交易日是否收復,已有部位暫停加碼；若收盤跌破60日EMA約 123.04，且下一交易日仍未收復，先減碼三分之一；若ETF或外資繼續轉弱，再分批降低部位。,42.1,31.6,28.7,85,100,完整,108.5,118,-0.33,7.56,0.68,44.52,214.62,-1.82,,1.61,,1,0,0,0,0,0,0,12.1,29.618000000000002,87.738,48.07400000000001,0,0,0,0,0,0,0,1.4209999999999998,-7.677000000000001,87.1,12,32,91,,11.205,28.197,95.41499999999999,56.75399999999999,39.09,44.85,46.21,42.13,false,true,-3.5,0.46,"單日成交金額低於5,000萬元；中期趨勢仍向下；20日趨勢尚未上彎"
582,3483,力致,TPEX,電腦及週邊設備業,不建立部位,優先降低風險,依風險與流動性分批降低部位,風險解除且基本面與趨勢重新確認後,已有部位應優先降低曝險；目前觸發「價格跌破60日EMA且20日趨勢向下」。待事件解除或基本面重新確認後再評估。,42.2,30.6,19.4,85,85,可用,75.1,75.3,-16.03,-3.4,,,,,25.81,1.51,3.99,2,0,0,2,5,3,0,37.352,37.352,37.352,37.352,0,0,0,0,0,0,0,0,0,12.03,,,,,37.352,37.352,37.352,37.352,42.13,56.95,52.65,65.54,false,false,-2.37,2.18,"單日成交金額低於5,000萬元；營收動能同步衰退；累計營收負成長且當月改善不足；中期趨勢仍向下；外資持股趨勢資料不足或期間有非市場異動；20日趨勢尚未上彎；當下除權息調整價未守20日EMA"
583,6203,海韻電,TPEX,電子零組件業,不建立部位,優先降低風險,依風險與流動性分批降低部位,風險解除且基本面與趨勢重新確認後,已有部位應優先降低曝險；目前觸發「價格跌破60日EMA且20日趨勢向下」。待事件解除或基本面重新確認後再評估。,34.9,29.9,26.6,85,85,可用,61.1,61.25,-37.17,-30.06,,,,,12.1,1.56,6.55,1,0,0,8,16,20,0,9.999,9.999,9.999,9.999,0,0,0,0,0,0,0,-0.001,-0.001,2.9,,,,,10,10,10,10,33.42,10.16,13.41,3.65,false,false,-3.45,0.16,"單日成交金額低於5,000萬元；營收動能同步衰退；累計營收負成長且當月改善不足；中期趨勢仍向下；外資持股趨勢資料不足或期間有非市場異動；20日趨勢尚未上彎；當下除權息調整價未守20日EMA"
584,6451,訊芯-KY,TWSE,半導體業,不建立部位,優先降低風險,依風險與流動性分批降低部位,風險解除且基本面與趨勢重新確認後,已有部位應優先降低曝險；目前觸發「價格跌破60日EMA且20日趨勢向下」。待事件解除或基本面重新確認後再評估。,44,29.4,10.4,85,91,可用,451,453,7.42,-3.18,-5.18,59.67,166.56,-1.45,,6.83,0.05,1,0,0,0,0,-70,0,126.497,1112.5030000000002,902.6530000000002,2381.737,0,-0.718,-0.718,-70.718,0,1,-323818,63.268,33.81500000000001,66.44,106,1619,1928,,129.477,1049.9530000000002,869.5560000000003,2376.7610000000004,51.33,75.64,65.56,95.81,false,false,4.45,4.88,處置或交易限制風險；累計營收負成長且當月改善不足；中期趨勢仍向下；20日趨勢尚未上彎
585,8924,大田,TPEX,運動休閒,不建立部位,優先降低風險,依風險與流動性分批降低部位,風險解除且基本面與趨勢重新確認後,已有部位應優先降低曝險；目前觸發「價格跌破60日EMA且20日趨勢向下」。待事件解除或基本面重新確認後再評估。,34.1,29.3,40.7,85,100,可用,51.8,51.55,-38.22,-1.33,-0.45,27.92,273.95,-0.58,18.84,1.11,8.3,1,0,0,0,-1,39,0,10.833,10.833,10.833,10.833,0,0,0,0,0,0,0,-0.167,-0.167,2.9,,,,,11,11,11,11,30.02,15.09,12.82,19.63,true,false,-3.95,-0.38,"單日成交金額低於5,000萬元；營收動能同步衰退；累計營收負成長且當月改善不足；中期趨勢仍向下；外資持股趨勢資料不足或期間有非市場異動；20日趨勢尚未上彎；當下除權息調整價未守20日EMA"
586,2020,美亞,TWSE,鋼鐵工業,不建立部位,優先降低風險,依風險與流動性分批降低部位,風險解除且基本面與趨勢重新確認後,已有部位應優先降低曝險；目前觸發「價格跌破60日EMA且20日趨勢向下」。待事件解除或基本面重新確認後再評估。,35,28.7,23.2,85,56,不足,21.15,21.23,-62.27,-19.32,,,,,10.9,1.38,8.51,1,0,0,0,4,4,0,-84,-50.830000000000005,-112.06200000000001,14.253999999999976,0,0,0,0,0,0,0,2,-91.262,1.67,-90,-31,14,,-84,-52.830000000000005,-20.80000000000001,125.42099999999999,46.45,49.62,54.32,40.23,false,true,-0.61,0.95,"資料健康度低於65%門檻；單日成交金額低於5,000萬元；營收動能同步衰退；累計營收負成長且當月改善不足；中期趨勢仍向下；20日趨勢尚未上彎；當下除權息調整價未守20日EMA"
587,6971,惠民實業,TPEX,綠能環保,不建立部位,優先降低風險,依風險與流動性分批降低部位,風險解除且基本面與趨勢重新確認後,已有部位應優先降低曝險；目前觸發「價格跌破60日EMA且20日趨勢向下」。待事件解除或基本面重新確認後再評估。,31.7,28.6,25.5,85,53,不足,25.45,25.33,-25.15,-11.45,,,,,11.52,1.08,5.89,1,0,0,0,2,2,0,0,0,0,0,0,0,0,0,0,0,0,0,0,0.3,,,,,0,0,0,0,31.79,21.11,16.18,30.97,true,false,-2.63,-0.59,"資料健康度低於65%門檻；單日成交金額低於5,000萬元；營收動能同步衰退；累計營收負成長且當月改善不足；中期趨勢仍向下；外資持股趨勢資料不足或期間有非市場異動；20日趨勢尚未上彎；當下除權息調整價未守20日EMA"
588,4549,桓達,TPEX,電機機械,不建立部位,保護持有,今天不新增部位；未完成確認前不機械式賣出,今天收盤後；若跌破，再看下一交易日是否收復,已有部位暫停加碼；若收盤跌破60日EMA約 97.89，且下一交易日仍未收復，先減碼三分之一；若ETF或外資繼續轉弱，再分批降低部位。,41.5,27.4,11.5,85,85,可用,91.9,93.45,-8.94,-8.63,,,,,30.13,2.66,3.48,1,0,0,0,6,6,0,5.498,5.498,5.498,5.498,0,0,0,0,0,0,0,0.498,0.498,3.21,,,,,5,5,5,5,44.38,67.73,61.1,80.99,false,false,-1.2,1.66,"單日成交金額低於5,000萬元；累計營收負成長且當月改善不足；中期趨勢仍向下；外資持股趨勢資料不足或期間有非市場異動；20日趨勢尚未上彎"
589,8476,台境*,TWSE,綠能環保,不建立部位,優先降低風險,依風險與流動性分批降低部位,風險解除且基本面與趨勢重新確認後,已有部位應優先降低曝險；目前觸發「價格跌破60日EMA且20日趨勢向下」。待事件解除或基本面重新確認後再評估。,37.2,26,20.7,85,71,可用,20.15,20.48,-96.04,-6.72,2.34,55.74,159.3,0,47.98,1.75,0.99,1,-2,-2,-10,2,323,0,1.194,-163.306,-399.588,-1142.589,-2,-10,2,323,0,2,-201500,-2,-47.512,1.41,5,-117,613,,5.194,-151.30599999999998,-354.076,-1459.0770000000002,43.12,42.52,38.24,51.07,false,false,-3.99,0.25,"單日成交金額低於5,000萬元；營收動能同步衰退；累計營收負成長且當月改善不足；中期趨勢仍向下；ETF 1/3日已轉為減碼；20日趨勢尚未上彎；當下除權息調整價未守20日EMA"
590,6988,威力暘-創,TWSE,汽車工業,不建立部位,優先降低風險,依風險與流動性分批降低部位,風險解除且基本面與趨勢重新確認後,已有部位應優先降低曝險；目前觸發「價格跌破60日EMA且20日趨勢向下」。待事件解除或基本面重新確認後再評估。,42.1,26,8.2,85,56,不足,13,12.83,-17.35,-13.42,,,,,,0.85,,1,0,0,0,2,2,0,-11,-67.001,-55.98400000000001,-13.984000000000009,0,0,0,0,0,0,0,-24.000999999999998,-17.983999999999998,3.79,-3,-43,-38,,-3,-43,-38,-27.200000000000003,52.79,53.21,40.37,78.89,false,false,2.34,9.24,"資料健康度低於65%門檻；單日成交金額低於5,000萬元；營收動能同步衰退；累計營收負成長且當月改善不足；中期趨勢仍向下；外資持股5/10日下降，且外資5日賣超；20日趨勢尚未上彎"
591,2530,華建,TWSE,建材營造,不建立部位,優先降低風險,依風險與流動性分批降低部位,風險解除且基本面與趨勢重新確認後,已有部位應優先降低曝險；目前觸發「價格跌破60日EMA且20日趨勢向下」。待事件解除或基本面重新確認後再評估。,37.4,25.7,23.2,85,100,完整,19.4,19.55,-99.96,-96.27,-19.93,67.08,170.33,-0.11,29.39,1.63,9.54,2,0,-20,-20,-53,494,0,121.341,-33.659000000000006,-822.3299999999999,1366.3500000000001,0,-20,-46.886,940.163,0,1,-388000,-349,-354,3.37,129,317,800,,121.341,335.341,-421.444,798.2959999999999,47.2,18.35,24.08,6.89,false,false,-1.09,-1.02,"單日成交金額低於5,000萬元；營收動能同步衰退；累計營收負成長且當月改善不足；中期趨勢仍向下；ETF短中期同步減碼；20日累積後5日轉為調節；20日趨勢尚未上彎；當下除權息調整價未守20日EMA"
592,2601,益航,TWSE,航運業,不建立部位,優先降低風險,依風險與流動性分批降低部位,風險解除且基本面與趨勢重新確認後,已有部位應優先降低曝險；目前觸發「單月與累計營收同步明顯衰退」。待事件解除或基本面重新確認後再評估。,39.8,24.2,8.2,85,56,不足,6.16,6.18,-53.33,-54.79,,,,,,0.68,,1,0,0,0,8,8,0,678.179,-389.06399999999996,-133.095,2051.9579999999996,0,0,0,0,0,0,0,-4,-42,13.29,678,-385,1549,,678.179,-385.06399999999996,-91.095,2072.958,44.8,31.27,33.39,27.01,false,true,-3.15,-5.23,"資料健康度低於65%門檻；單日成交金額低於5,000萬元；營收動能同步衰退；累計營收負成長且當月改善不足；中期趨勢仍向下；20日趨勢尚未上彎；當下除權息調整價未守20日EMA；官方重大訊息出現高風險關鍵字，須查原文"
593,1314,中石化,TWSE,塑膠工業,不建立部位,優先降低風險,依風險與流動性分批降低部位,風險解除且基本面與趨勢重新確認後,已有部位應優先降低曝險；目前觸發「價格跌破60日EMA且20日趨勢向下」。待事件解除或基本面重新確認後再評估。,36.1,23.4,20.7,85,91,可用,7.78,7.77,-35.6,-30.74,-15.82,40.44,153.87,-0.07,,0.39,,1,0,-66,-66,-66,-66,0,1910.732,-12524.437000000002,-15559.162000000002,-53202.61300000001,0,-66.604,-66.604,-66.604,0,1,-518179,659.9399999999998,637.3239999999998,9.74,579,-11102,-10547,,1568.83,-13117.773000000001,-16129.882000000001,-53459.64999999999,43.5,50.85,43.78,64.98,false,false,-2.25,-0.77,營收動能同步衰退；累計營收負成長且當月改善不足；中期趨勢仍向下；ETF短中期同步減碼；外資持股5/10日下降，且外資5日賣超；20日趨勢尚未上彎；當下除權息調整價未守20日EMA
594,6823,濾能,TPEX,半導體業,不建立部位,保護持有,今天不新增部位；未完成確認前不機械式賣出,今天收盤後；若跌破，再看下一交易日是否收復,已有部位暫停加碼；若收盤跌破60日EMA約 67.67，且下一交易日仍未收復，先減碼三分之一；若ETF或外資繼續轉弱，再分批降低部位。,34,23.2,9.4,85,53,不足,62.8,63.3,-33.69,8.03,,,,,,3.4,0,1,0,0,0,11,11,0,-1.127,-1.127,-1.127,-1.127,0,0,0,0,0,0,0,-0.127,-0.127,24.45,,,,,-1,-1,-1,-1,43.46,41.87,48.11,29.37,false,true,-2.95,-6.55,"資料健康度低於65%門檻；單日成交金額低於5,000萬元；中期趨勢仍向下；外資持股趨勢資料不足或期間有非市場異動；20日趨勢尚未上彎；當下除權息調整價未守20日EMA"
595,8069,元太,TPEX,光電業,不建立部位,優先降低風險,依風險與流動性分批降低部位,風險解除且基本面與趨勢重新確認後,已有部位應優先降低曝險；目前觸發「價格跌破60日EMA且20日趨勢向下」。待事件解除或基本面重新確認後再評估。,27.8,21.5,19.5,85,85,可用,166,166.25,-26.18,-3.79,,,,,17.24,2.97,3.55,12,-10,-68,-147,141,6081,-75,-3195.591,-3195.591,-3195.591,-3195.591,-9.839,-9.839,-9.839,-9.839,0,1,-1633274,181.362,181.362,40.42,,,,,-3367.114,-3367.114,-3367.114,-3367.114,34.87,25.5,41,-5.48,false,true,-10.61,-15.09,營收動能同步衰退；累計營收負成長且當月改善不足；中期趨勢仍向下；20日累積後5日轉為調節；ETF 1/3日已轉為減碼；主動ETF 5日轉為減碼；外資持股趨勢資料不足或期間有非市場異動；20日趨勢尚未上彎；當下除權息調整價未守20日EMA
596,6160,欣技,TPEX,電腦及週邊設備業,不建立部位,優先降低風險,依風險與流動性分批降低部位,風險解除且基本面與趨勢重新確認後,已有部位應優先降低曝險；目前觸發「價格跌破60日EMA且20日趨勢向下」。待事件解除或基本面重新確認後再評估。,33.9,20,6.9,85,53,不足,14.15,14.08,-17.17,-18.06,,,,,,1.55,0,1,0,0,0,2,2,0,3.422,3.422,3.422,3.422,0,0,0,0,0,0,0,-0.578,-0.578,2.31,,,,,4,4,4,4,37.23,44.23,42.06,48.58,false,false,-3.15,-1.39,"資料健康度低於65%門檻；單日成交金額低於5,000萬元；營收動能同步衰退；累計營收負成長且當月改善不足；中期趨勢仍向下；外資持股趨勢資料不足或期間有非市場異動；20日趨勢尚未上彎；當下除權息調整價未守20日EMA"