排名,代號,名稱,市場,產業,新部位建議,既有部位建議,既有部位說明,分數,信心度,收盤價,即時價,營收YoY%,累計營收YoY%,營益率%,負債比%,流動比率%,EPS,本益比,股價淨值比,殖利率%,ETF家數,ETF_1日增減張,ETF_3日增減張,ETF_5日增減張,ETF_10日增減張,ETF_20日增減張,主動ETF_5日增減張,法人1日張,法人5日張,法人10日張,法人20日張,投信買賣超1日張,投信買賣超5日張,投信買賣超10日張,投信買賣超20日張,投信5日買超天數,投信5日賣超天數,投信5日估算金額,自營商買賣超5日張,自營商買賣超10日張,外資持股比率%,外資持股1日增減張,外資持股5日增減張,外資持股10日增減張,外資持股20日增減張,外資買賣超1日張,外資買賣超5日張,外資買賣超10日張,外資買賣超20日張,RSI14,KD-K,KD-D,KD-J,KD近3日黃金交叉,KD近3日死亡交叉,距20EMA%,5日報酬%,淘汰原因
1,2027,大成鋼,TWSE,鋼鐵工業,可開始承接,續抱／回測可加碼,已有部位可續抱；回測20日EMA約 42.00 且ETF、外資與投信未轉弱時，才考慮下一批。,77.3,100,43.25,,43.73,30.28,18.07,41.61,366.04,1.17,12.65,1.28,3.47,9,1553,1994,1335,8785,44489,1845,10198.306,9422.087000000001,47698.991,62142.447,6250,732.925,5834.254000000001,39108.926999999996,2,3,31699006,348.15999999999997,3019.176,22.03,3560,8597,46290,,3551.338,8341.002,38845.560999999994,18525.309999999998,56.46,63.7,69.17,52.76,false,true,2.98,-1.14,
2,2357,華碩,TWSE,電腦及週邊設備業,可開始承接,續抱／回測可加碼,已有部位可續抱；回測20日EMA約 732.40 且ETF、外資與投信未轉弱時，才考慮下一批。,76.8,100,761,,55.63,38.85,5.71,52.83,148.3,13.19,13.6,1.97,5.52,43,352,1062,864,310,37,1,1697.651,4615.329,11464.501999999999,25878.368,52.328,454.082,-1319.5299999999997,-2818.5149999999994,3,2,345556402,289.767,1323.6180000000002,36.68,1652,2857,22463,,1574.587,3871.48,11460.414,28447.399,57.3,74.38,75.61,71.9,false,true,3.91,0.53,
3,2884,玉山金,TWSE,金融保險業,可開始承接,續抱／回測可加碼,已有部位可續抱；回測20日EMA約 35.43 且ETF、外資與投信未轉弱時，才考慮下一批。,68.5,100,36.5,,25.3,24.84,,93.91,,0.62,16.59,2.07,3.84,29,6815,10325,11047,33203,52736,9,4273.801,31116.936000000005,157397.332,256432.50699999998,997.327,3074.025,6728.657,11261.843,5,0,112201913,9388.501,23107.541,31.75,1349,14497,161052,,123.355,18654.410000000003,127561.13400000002,211775.909,63.09,69.62,68.94,70.96,true,false,3.01,1.25,
4,2615,萬海,TWSE,航運業,等待確認,續抱觀察,已有部位可續抱觀察，但暫不追價；若收盤跌破60日EMA約 80.77 且法人籌碼轉弱，先減碼三分之一。,74.5,100,85,,32.7,6.39,17.32,31.69,396.45,2.73,7.85,0.83,3.53,11,90,163,295,-200,587,0,4870.774,14192.140000000001,36821.363000000005,56464.50100000001,96.247,316.921,-187.377,594.608,4,0,26938285,-293.245,-337.14899999999994,44.52,5027,13878,56007,,4724.215,14168.464000000002,37345.889,55957.797000000006,57.66,63.12,64.73,59.91,false,true,3.04,-0.12,
5,6214,精誠,TWSE,資訊服務業,等待確認,續抱觀察,已有部位可續抱觀察，但暫不追價；若收盤跌破60日EMA約 135.00 且法人籌碼轉弱，先減碼三分之一。,74.5,100,144,,76.9,37,4.94,47.39,168.59,2.64,15.09,2.06,4.17,7,0,0,2,-6,254,0,435.738,1267.4559999999997,2703.046,6580.704,0,1.242,-6.268,478.73199999999997,1,0,178848,52.769,76.613,14.33,85,906,4469,,429.982,1213.445,2632.7009999999996,6017.665999999999,58.1,73.01,66.32,86.4,false,false,2.8,1.77,官方重大訊息出現高風險關鍵字，須查原文
6,2637,慧洋-KY,TWSE,航運業,等待確認,續抱觀察,已有部位可續抱觀察，但暫不追價；若收盤跌破60日EMA約 77.75 且法人籌碼轉弱，先減碼三分之一。,72.9,100,80.4,,57.92,32.32,27.6,40.19,109.87,1.6,11.31,1.19,4.35,8,0,7,26,771,-670,20,406.971,1333.9499999999998,3453.478,17158.978,202,1933,2895.653,3552.6530000000002,5,0,155413200,54.385999999999996,-207.349,24.59,280,-1638,6541,,279.742,-653.4359999999999,765.174,13567.212,50.93,51.27,52.23,49.35,false,true,-0.34,-3.83,當下除權息調整價未守20日EMA；ETF加碼金額或跨基金共識不足
7,2610,華航,TWSE,航運業,等待確認,續抱觀察,已有部位可續抱觀察，但暫不追價；若收盤跌破60日EMA約 20.82 且法人籌碼轉弱，先減碼三分之一。,72.5,100,21.7,,28.82,16.09,11.29,70.94,74.06,0.85,8.48,1.29,3.73,16,480,5600,7977,25243,70935,0,13936.239,67487.16100000001,92893.78700000001,72570.062,509,8038.205,12837.258,28517.807999999997,5,0,174429049,-231.40800000000007,-800.027,16.35,13459,53546,113757,,14106.422,59680.36400000001,80856.55600000001,47877.417000000016,53.98,57.64,47.89,77.13,true,false,1.69,1.64,20日趨勢尚未上彎
8,2812,台中銀,TWSE,金融保險業,等待確認,續抱觀察,已有部位可續抱觀察，但暫不追價；若收盤跌破60日EMA約 20.10 且法人籌碼轉弱，先減碼三分之一。,70.7,100,20.65,,16.56,22.61,,90.8,,0.4,13.32,1.33,5.13,7,11,53,90,2935,2845,0,-3858.981,20020.573,66271.14,96378.95000000001,11,89.951,2925.913,2901.906,5,0,1857488,528.452,504.21200000000005,9.44,-8851,8947,53067,,-4059.981,19402.17,62841.015,93328.42199999999,60.22,73.67,65.15,90.71,false,false,1.13,0.98,ETF加碼金額或跨基金共識不足
9,9945,潤泰新,TWSE,其他,等待確認,續抱觀察,已有部位可續抱觀察，但暫不追價；若收盤跌破60日EMA約 25.89 且法人籌碼轉弱，先減碼三分之一。,70,100,26.05,,29.57,40.43,17.71,41.18,181.95,0.99,7.32,0.65,4.22,5,0,9,35,30,-419,0,2753.667,7895.521999999999,17545.886,7238.207999999999,0,35,30,-419,2,0,911750,67.945,-129.665,7.41,3681,7731,24175,,2700.045,7792.576999999999,17645.551,7643.025999999998,48.93,38.01,47.38,19.28,false,false,-0.56,-1.33,20日趨勢尚未上彎；當下除權息調整價未守20日EMA；ETF加碼金額或跨基金共識不足；單季稅前獲利對營業外貢獻依賴偏高
10,2618,長榮航,TWSE,航運業,等待確認,續抱觀察,已有部位可續抱觀察，但暫不追價；若收盤跌破60日EMA約 39.87 且法人籌碼轉弱，先減碼三分之一。,69.3,100,41.45,,26.58,16.36,18.64,63.19,112.11,1.53,7.87,1.65,4.83,29,882,3025,146,-23116,5540,1,10249.494,85377.13299999999,129553.60299999997,337873.797,-2887.721,-3517.968,-32359.837,-19023.665,3,2,-145819774,1399.7959999999998,4804.498999999999,29.27,13265,88588,369901,,12757.838,87495.30500000001,157108.94100000002,356517.539,50.71,49.36,50.31,47.45,true,true,-0.25,-1.54,20日趨勢尚未上彎；當下除權息調整價未守20日EMA
11,5522,遠雄,TWSE,建材營造,等待確認,續抱觀察,已有部位可續抱觀察，但暫不追價；若收盤跌破60日EMA約 68.79 且法人籌碼轉弱，先減碼三分之一。,68.4,100,65.6,,2513.5,792.74,26.72,56.07,173.09,1.76,6.93,1.08,8.38,5,0,-3,11,-202,770,0,-28.3,171.56600000000003,2390.197,3848.9480000000003,3,19.05,-60.94999999999999,1392.05,4,1,1249680,23,47.669,4.73,-242,-207,3323,,-29.3,129.51600000000002,2403.478,2356.2290000000003,42.49,23.86,33.84,3.88,false,false,-1.98,-0.76,當下除權息調整價未守20日EMA
12,2059,川湖,TWSE,電子零組件業,等待確認,續抱觀察,"已有部位可續抱觀察，但暫不追價；若收盤跌破60日EMA約 6,712.98 且法人籌碼轉弱，先減碼三分之一。",67.5,100,7145,,220.52,98.95,67.06,20.2,547.07,36.58,62.98,21.6,0.71,32,23,74,61,104,305,18,202.893,402.21500000000003,528.015,365.948,41.486,204.97400000000002,598.742,948.2,4,1,1464539230,10.366999999999994,36.51499999999999,23.97,121,192,-406,,130.224,186.87399999999997,-107.24200000000005,-633.167,44.14,27.3,36.79,8.32,false,false,-7.99,-12.06,當下除權息調整價未守20日EMA
13,3665,貿聯-KY,TWSE,其他電子業,等待確認,續抱觀察,"已有部位可續抱觀察，但暫不追價；若收盤跌破60日EMA約 2,058.52 且法人籌碼轉弱，先減碼三分之一。",67.5,100,2090,,63.79,33.97,14.9,45.52,223.16,11.66,42.18,8.74,0.73,37,192,695,1541,2318,2631,1124,324.693,2443.1130000000003,2665.047,4024.197,244.013,3271.96,6158.331000000001,6983.335000000001,5,0,6838396400,39.69099999999999,67.577,52.88,120,-239,-1069,,89.295,-868.5380000000001,-3560.861,-3006.7799999999997,52.27,70.84,70.1,72.33,false,false,2.37,-1.18,外資持股趨勢資料不足或期間有非市場異動；借券賣出與借券賣出餘額壓力升高
14,2605,新興,TWSE,航運業,等待確認,續抱觀察,已有部位可續抱觀察，但暫不追價；若收盤跌破60日EMA約 31.67 且法人籌碼轉弱，先減碼三分之一。,67.4,85,31.1,,51.62,32.98,35.32,22.98,186.53,0.66,14.88,1.03,3.22,1,0,4,4,185,185,0,1158.1,3290.718,5644.860999999999,13301.875999999998,6,22,200,198,5,0,684200,-1041.173,-1104.076,49.14,774,3845,11627,,1239.703,4309.8910000000005,6548.937000000002,13676.580000000002,49.57,46.86,57.3,26,false,true,-0.2,-1.11,當下除權息調整價未守20日EMA；ETF加碼金額或跨基金共識不足
15,2395,研華,TWSE,電腦及週邊設備業,等待確認,暫停加碼／跌破減碼,已有部位暫停加碼；若收盤跌破60日EMA約 494.77，且下一交易日仍未收復，先減碼三分之一；若ETF或外資繼續轉弱，再分批降低部位。,67.2,100,550,,73.39,32.18,18.29,40.64,165.38,3.85,42.67,9.63,2.03,30,189,359,741,2609,3122,124,195.039,-230.35000000000002,-1401.942,1658.534,807.085,1298.821,3159.37,3419.839,5,0,714351550,101.601,390.90999999999997,35.16,-705,-2002,-4057,,-677.219,-1630.772,-4952.222,-2499.821999999999,54.54,56.48,60.39,48.64,false,true,1.19,-7.72,外資持股5/10日下降，且外資5日賣超
16,3231,緯創,TWSE,電腦及週邊設備業,等待確認,續抱觀察,已有部位可續抱觀察，但暫不追價；若收盤跌破60日EMA約 153.70 且法人籌碼轉弱，先減碼三分之一。,67.1,100,169.5,,53.85,94.01,3.44,81.27,120.01,3.06,17,2.83,3.24,41,2291,6244,8344,-437,26928,6243,4458.334,144820.75400000002,185728.201,150934.516,1253.878,21282.839,4550.912000000001,28734.357,5,0,3607441211,2591.011,6360.055000000001,31.41,7103,127296,216759,,4022.653,120946.904,174817.23399999997,121661.73399999997,59.69,73.12,70.39,78.6,false,false,6.07,3.35,外資持股趨勢資料不足或期間有非市場異動
17,3702,大聯大,TWSE,電子通路業,等待確認,暫停加碼／跌破減碼,已有部位暫停加碼；若收盤跌破60日EMA約 108.45，且下一交易日仍未收復，先減碼三分之一；若ETF或外資繼續轉弱，再分批降低部位。,66.9,100,106,,131.85,55.18,2.68,80.68,123.6,3.3,12.94,1.98,3.58,31,457,671,9577,14547,57217,115,-781.2,1857.8000000000002,758.1320000000005,-12789.507,243.5,9310.446,12455.395,53265.256,5,0,986907276,436.352,3356.675,34.72,-1035,-7463,-24248,,-1041.783,-7888.998,-15053.937999999998,-68510.628,43.35,40.87,51.46,19.7,false,true,-5.48,-10.17,外資持股5/10日下降，且外資5日賣超；當下除權息調整價未守20日EMA
18,2845,遠東銀,TWSE,金融保險業,等待確認,續抱觀察,已有部位可續抱觀察，但暫不追價；若收盤跌破60日EMA約 12.93 且法人籌碼轉弱，先減碼三分之一。,66.3,100,13.3,,20.15,17.21,,92.01,,0.25,15.11,0.91,4.74,7,490,2555,2555,3131,10838,0,476.041,10238.638999999997,16045.916999999998,49935.977,490,2555,3120,10814,3,0,33981500,309.23199999999997,222.23199999999997,9.24,-4402,1466,17031,,-128.959,7374.406999999999,12703.685,38633.636,54.42,43.01,48.16,32.73,false,false,0.33,-0.37,
19,6669,緯穎,TWSE,電腦及週邊設備業,等待確認,續抱觀察,"已有部位可續抱觀察，但暫不追價；若收盤跌破60日EMA約 4,960.93 且法人籌碼轉弱，先減碼三分之一。",66.3,100,5135,,29.79,41.71,6.31,67.6,153.41,75.95,17.21,6.81,3.2,39,83,234,219,86,1175,202,275.45,1511.4669999999999,2076.884,3431.1960000000004,137.958,1229.394,1432.925,4526.1669999999995,4,1,6312938190,103.63499999999999,169.18599999999998,28.24,154,132,-163,,90.907,178.438,474.77299999999997,-1328.307,50.05,62.78,67.27,53.78,false,true,-0.76,-6.64,當下除權息調整價未守20日EMA
20,2207,和泰車,TWSE,汽車工業,等待確認,續抱觀察,已有部位可續抱觀察，但暫不追價；若收盤跌破60日EMA約 485.32 且法人籌碼轉弱，先減碼三分之一。,65.9,100,519,,48.36,13.06,,77.85,100.73,7.95,15.2,3.65,3.85,15,0,4,62,-205,28,0,479.668,940.2080000000001,1526.3600000000001,2078.289,3,67.78999999999999,-200.80200000000005,29.07499999999996,3,1,35183010,11.652,8.139,22.34,499,813,2052,,469.405,860.766,1719.023,2016.4489999999996,73.23,74.9,66.06,92.59,true,false,6.01,5.49,
21,3022,威強電,TWSE,電腦及週邊設備業,等待確認,續抱觀察,已有部位可續抱觀察，但暫不追價；若收盤跌破60日EMA約 81.60 且法人籌碼轉弱，先減碼三分之一。,65.9,100,88,,79.97,18.78,2.29,27.05,323.07,0.96,24.93,1.35,3.98,2,0,0,0,-2,19,0,24.704,1160.8980000000001,3466.744,5754.468,0,0,-2.608,19.392,0,0,0,-62.389,35.761999999999986,21.17,-142,1774,5624,,89.219,1223.2869999999998,3433.5899999999997,5622.887,52.69,67.1,64.82,71.65,false,false,0.71,-3.19,單季稅前獲利對營業外貢獻依賴偏高
22,5288,豐祥-KY,TWSE,電機機械,等待確認,續抱觀察,已有部位可續抱觀察，但暫不追價；若收盤跌破60日EMA約 177.29 且法人籌碼轉弱，先減碼三分之一。,65.7,100,183,,71.59,28.97,14.46,24.96,236.86,3.59,15.21,2.09,3.55,1,0,0,0,2,1,0,66.243,45.093999999999994,228.00199999999995,246.41699999999992,8,28,98,97,4,0,5124000,10.217999999999998,7.283999999999999,59.94,57,16,45,,54.28,6.876000000000001,122.718,115.768,46.95,43.82,56.97,17.52,false,true,-2.48,-5.67,當下除權息調整價未守20日EMA
23,3706,神達,TWSE,電腦及週邊設備業,等待確認,暫停加碼／跌破減碼,已有部位暫停加碼；若收盤跌破60日EMA約 87.53，且下一交易日仍未收復，先減碼三分之一；若ETF或外資繼續轉弱，再分批降低部位。,65.5,100,85.3,,80.93,44.8,3.72,50.24,171.44,1.1,16.28,1.7,4.69,15,37,1223,2627,8777,37317,0,544.503,786.4809999999998,8392.152,11949.632,46,2646,8791,37618,5,0,225703800,-1438.007,-2392.3849999999998,7.89,941,-1696,-1097,,832.189,-421.51200000000017,1993.5369999999998,-22664.578999999998,40.47,46.98,56.92,27.09,false,true,-4.45,-6.47,外資持股5/10日下降，且外資5日賣超；當下除權息調整價未守20日EMA
24,2603,長榮,TWSE,航運業,等待確認,續抱觀察,已有部位可續抱觀察，但暫不追價；若收盤跌破60日EMA約 201.99 且法人籌碼轉弱，先減碼三分之一。,65.1,100,201.5,,30.01,-2.44,10.34,35.3,161.2,3.84,8.81,0.75,7.94,30,739,1116,84,-2086,-2985,0,3901.656,9103.782,37373.786,62773.217,147.199,-697.279,-5539.909,-8843.47,4,1,-140501718,176.367,2310.543,21.46,3646,2791,50358,,3688.87,9624.694,40603.151999999995,70704.32999999999,51.76,54.69,65.15,33.77,false,true,0.79,-2.18,
25,2006,東和鋼鐵,TWSE,鋼鐵工業,等待確認,續抱觀察,已有部位可續抱觀察，但暫不追價；若收盤跌破60日EMA約 69.70 且法人籌碼轉弱，先減碼三分之一。,65,100,72.4,,9.01,-1.3,10.22,37.35,152.88,1.66,10.92,1.63,5.94,11,94,547,1037,2008,3876,0,468.24,3628.2619999999997,9541.849,13934.078000000001,100,1049.6390000000001,1978.56,3842.56,4,0,75993864,-23.945,-79.848,25.32,365,2745,11395,,377.879,2602.5679999999998,7643.137000000001,10133.436000000002,61.31,78.49,73.71,88.05,false,false,2.11,1.83,累計營收負成長且當月改善不足
26,6277,宏正,TWSE,電腦及週邊設備業,等待確認,續抱觀察,已有部位可續抱觀察，但暫不追價；若收盤跌破60日EMA約 73.25 且法人籌碼轉弱，先減碼三分之一。,64.3,100,76.3,,35.12,12.79,14.42,32.83,208.56,1.08,23.48,1.96,4.59,2,0,0,0,37,37,0,223.434,518.0020000000001,1208.5969999999998,1217.5369999999998,0,0,37,37,0,0,0,30.013,32.003,10.33,307,514,938,,227.434,487.98900000000003,1139.5939999999998,1151.5339999999999,53.46,40.01,47.81,24.4,false,false,0.87,-2.68,
27,1101,台泥,TWSE,水泥工業,等待確認,續抱觀察,已有部位可續抱觀察，但暫不追價；若收盤跌破60日EMA約 24.07 且法人籌碼轉弱，先減碼三分之一。,64.1,100,24.35,,32.4,1.54,8.42,49.01,223.86,0.1,,0.78,3.29,7,12,19,9,-3746,-3993,0,1376.272,38139.297,71009.869,-9659.334000000003,53,97,-3684,-3947,3,1,2361950,364.93300000000005,-657.778,14.48,6597,47281,92251,,1455.2,37677.364,75351.647,-4334.472999999998,55.58,75.02,75.37,74.34,false,true,1.9,2.1,
28,2887,台新新光金,TWSE,金融保險業,等待確認,暫停加碼／跌破減碼,已有部位暫停加碼；若收盤跌破60日EMA約 30.85，且下一交易日仍未收復，先減碼三分之一；若ETF或外資繼續轉弱，再分批降低部位。,63.9,100,32.6,,329.5,334.28,,93.39,,0.82,15.98,1.43,3.37,33,10862,18134,32378,190579,273496,0,3505.741,11085.802,11960.787999999999,125387.79699999999,2420.353,20709.235,120480.39600000001,185073.349,4,1,675121061,15954.543000000001,31953.645,22.87,-10864,-22204,-176939,,-4816.549,-25577.976000000002,-140473.253,-102743.465,43.97,24.27,31.95,8.92,false,false,-4.13,-5.78,外資持股5/10日下降，且外資5日賣超；當下除權息調整價未守20日EMA；借券賣出與借券賣出餘額壓力升高
29,2890,永豐金,TWSE,金融保險業,等待確認,續抱觀察,已有部位可續抱觀察，但暫不追價；若收盤跌破60日EMA約 36.10 且法人籌碼轉弱，先減碼三分之一。,63.9,100,38.6,,50.94,55.23,,92.98,,0.76,18.47,2.11,3.37,30,6528,12236,46424,96086,206207,270,8026.84,32565.947000000004,45807.625,124848.14300000001,2142.995,12896.097,45413.35400000001,141380.69300000003,5,0,497789344,-166.7400000000007,17464.777,29.13,3143,22219,10807,,2923.198,19836.59,-17070.506000000005,-44650.441000000006,52.31,49.56,46.13,56.42,false,false,-0.3,-2.54,20日趨勢尚未上彎；當下除權息調整價未守20日EMA；借券賣出與借券賣出餘額壓力升高
30,6446,藥華藥,TWSE,生技醫療業,等待確認,續抱觀察,"已有部位可續抱觀察，但暫不追價；若收盤跌破60日EMA約 1,011.80 且法人籌碼轉弱，先減碼三分之一。",63.7,100,1080,,94.88,74.59,40.75,14.06,652.75,5.79,67.71,11.66,0.24,17,8,135,136,76,520,129,457.422,-22.403999999999996,-1580.672,-3174.733,8,101.51100000000002,79.90800000000003,491.908,3,1,109631880,35.025999999999996,-9.520000000000007,24.97,951,703,-2165,,442.573,-158.94100000000003,-1651.06,-3646.429,44.07,12.88,14.89,8.86,false,false,-7.12,-8.47,20日趨勢尚未上彎；當下除權息調整價未守20日EMA
31,2707,晶華,TWSE,觀光餐旅,等待確認,續抱觀察,已有部位可續抱觀察，但暫不追價；若收盤跌破60日EMA約 179.05 且法人籌碼轉弱，先減碼三分之一。,63.6,100,180,,13.94,5.11,28.9,65.43,123.74,5.73,12.86,6.48,5.97,1,0,0,0,4,3,0,171.066,425.331,660.3270000000001,1366.259,0,0,4,2,0,0,0,18.661,14.419,7.14,116,314,598,,169.066,406.67,641.908,1356.84,53.78,65.67,58.39,80.23,false,false,0.35,0.56,
32,2539,櫻花建,TWSE,建材營造,等待確認,續抱觀察,已有部位可續抱觀察，但暫不追價；若收盤跌破60日EMA約 40.38 且法人籌碼轉弱，先減碼三分之一。,63.5,100,42.65,,79.55,22.59,40.49,41.67,297.64,0.68,15.07,2.72,6.57,3,0,0,8,-154,-746,0,1807.373,2525.069,3708.6970000000006,5455.4980000000005,0,8,-154,-746,1,0,341200,-12.338,61.596,2.26,1885,2483,3828,,1754.139,2529.407,3801.101,6130.9220000000005,67.16,69.02,63.08,80.91,true,false,5.52,6.63,
33,6024,群益期,TWSE,金融保險業,等待確認,暫停加碼／跌破減碼,已有部位暫停加碼；若收盤跌破60日EMA約 61.16，且下一交易日仍未收復，先減碼三分之一；若ETF或外資繼續轉弱，再分批降低部位。,63.5,100,63.1,,124.15,-29.03,,87.11,113.58,1.76,10.57,1.45,5.5,2,0,1,1,126,125,0,-21.398,-528.461,-299.0300000000001,-3.8850000000001046,0,1,126,125,1,0,63100,5,7,4.6,8,-503,-344,,-23.398,-534.461,-432.0300000000001,-137.8850000000001,49.42,45.08,58.3,18.63,false,true,-0.81,-2.17,外資持股5/10日下降，且外資5日賣超；當下除權息調整價未守20日EMA；2日內除權息，等待價格重置
34,6670,復盛應用,TWSE,運動休閒,等待確認,續抱觀察,已有部位可續抱觀察，但暫不追價；若收盤跌破60日EMA約 265.13 且法人籌碼轉弱，先減碼三分之一。,63.4,100,267,,7.85,9.91,14.94,33.72,249.05,6.96,12.95,2.21,5.99,7,0,0,0,-388,-568,0,67.686,641.0310000000001,928.518,1513.668,1,2,-361.64500000000004,-792.645,2,0,534000,-102.841,-264.667,24.25,67,737,1783,,65.386,741.872,1554.83,2547.906,53.19,73.46,76.57,67.23,false,true,1.01,1.71,
35,8114,振樺電,TWSE,電腦及週邊設備業,等待確認,續抱觀察,已有部位可續抱觀察，但暫不追價；若收盤跌破60日EMA約 206.09 且法人籌碼轉弱，先減碼三分之一。,63.3,100,209.5,,19.14,-25.79,17.79,29.6,215.8,2.75,13.97,2.11,5.47,3,0,0,0,0,-4,0,5.692,1533.24,2440.388,2919.691,0,108,228,383,1,0,22626000,-7.466,17.019999999999996,14.67,-335,1088,1831,,-2.38,1432.7060000000001,2195.3680000000004,2490.606,51,54.14,56.99,48.42,false,true,0.63,-5.2,
36,6414,樺漢,TWSE,電腦及週邊設備業,等待確認,續抱觀察,已有部位可續抱觀察，但暫不追價；若收盤跌破60日EMA約 385.43 且法人籌碼轉弱，先減碼三分之一。,63.2,100,436.5,,56.97,23.33,5.37,62.87,127.12,5.15,20.28,2.42,3.16,9,0,0,0,-16,-190,0,-186.738,2669.8360000000002,4581.991,8341.336,0,-20,34,-30,0,2,-8730000,-116.09,-563.343,47.71,-198,2800,7257,,-190.745,2805.926,5111.334,9935.864,55.52,54.77,68.14,28.03,false,true,2.29,-10.92,
37,5269,祥碩,TWSE,半導體業,等待確認,續抱觀察,"已有部位可續抱觀察，但暫不追價；若收盤跌破60日EMA約 1,426.71 且法人籌碼轉弱，先減碼三分之一。",62.8,100,1450,,-22.41,5.4,23.09,10.61,299.01,24.85,17.79,2.91,3.13,18,4,8,53,353,1942,0,322.301,831.6629999999999,1063.8259999999998,2740.5429999999997,5,45,345,1934,5,0,65250000,-146.94799999999998,-201.35799999999998,9.13,382,1300,951,,359.892,933.6110000000001,920.1840000000001,1080.5120000000002,50.03,47.86,40.59,62.41,true,false,0.1,2.47,20日趨勢尚未上彎；單季稅前獲利對營業外貢獻依賴偏高
38,2412,中華電,TWSE,通信網路業,等待確認,續抱觀察,已有部位可續抱觀察，但暫不追價；若收盤跌破60日EMA約 138.93 且法人籌碼轉弱，先減碼三分之一。,62.1,100,140.5,,11.4,7.83,21.85,24.9,164.38,1.3,27.93,2.75,3.7,36,550,1056,1796,5256,25979,-944,13096.671,50305.62,103918.821,58116.674,-564.666,243.474,1538.6059999999998,20857.093999999997,3,2,34208097,3420.276,5498.896,17.16,14197,51830,100273,,12934.049,46641.87000000001,96881.31900000002,42866.90400000001,55.74,82.43,77.82,91.65,false,false,1.1,1.44,主動ETF 5日轉為減碼；外資持股趨勢資料不足或期間有非市場異動；20日趨勢尚未上彎
39,8464,億豐,TWSE,居家生活,等待確認,續抱觀察,已有部位可續抱觀察，但暫不追價；若收盤跌破60日EMA約 356.20 且法人籌碼轉弱，先減碼三分之一。,62.1,100,378.5,,11.73,1.69,28.11,34.78,246.69,5.62,17.14,4.07,4.23,11,0,3,2,9,1134,0,51.235,-20.908999999999992,164.981,767.393,12,26.441000000000003,32.286,1158.277,3,1,10007919,3.169,-3.6639999999999997,40.53,47,-88,185,,39.408,-50.519000000000005,136.35899999999992,-388.4910000000001,64.18,80.32,68.4,104.16,false,false,3.81,4.27,
40,1907,永豐餘,TWSE,造紙工業,等待確認,續抱觀察,已有部位可續抱觀察，但暫不追價；若收盤跌破60日EMA約 26.86 且法人籌碼轉弱，先減碼三分之一。,62,100,28.45,,12.66,4.44,-0.43,46.4,119.9,0.13,20.32,0.6,3.51,3,0,0,7,32,1392,0,1602.789,2857.7630000000004,3678.3970000000004,9443.006000000001,0,9.007,24.706999999999997,1379.7069999999999,2,0,256249,33,16,12.6,-349,1388,4184,,1586.789,2815.7560000000003,3637.69,7998.137999999999,58.3,43.09,39.72,49.83,true,false,1.96,1.43,單季稅前獲利對營業外貢獻依賴偏高
41,6206,飛捷,TWSE,電腦及週邊設備業,等待確認,續抱觀察,已有部位可續抱觀察，但暫不追價；若收盤跌破60日EMA約 125.53 且法人籌碼轉弱，先減碼三分之一。,61.9,100,123,,26.29,24.61,28.09,19.03,419.58,2.51,17.25,3.17,4.47,7,0,0,0,494,480,0,-160.868,884.5,1109.5049999999999,445.83299999999986,0,0,494.45799999999997,479.45799999999997,0,0,0,-31.019000000000002,-210.52,15.56,-133,546,-1049,,-148.208,915.519,825.5669999999998,193.3439999999997,44.83,48.55,50.51,44.65,false,true,-2.91,-2.77,當下除權息調整價未守20日EMA
42,2425,承啟,TWSE,電腦及週邊設備業,等待確認,暫停加碼／跌破減碼,已有部位暫停加碼；若收盤跌破60日EMA約 39.07，且下一交易日仍未收復，先減碼三分之一；若ETF或外資繼續轉弱，再分批降低部位。,61.9,85,44.15,,375.57,116.51,0.01,54.57,183.46,0.62,,1.7,0.23,1,0,3,49,206,206,0,-395.618,-3078.592,-1822.9479999999999,-2161.021,0,49,206,206,3,0,2163350,75.715,71.676,8.56,-303,-2484,-1398,,-407.618,-3203.307,-2100.624,-2477.386,55.67,56.02,56.74,54.58,false,true,2.64,-2.21,外資持股5/10日下降，且外資5日賣超；單季稅前獲利對營業外貢獻依賴偏高
43,2801,彰銀,TWSE,金融保險業,等待確認,暫停加碼／跌破減碼,已有部位暫停加碼；若收盤跌破60日EMA約 22.85，且下一交易日仍未收復，先減碼三分之一；若ETF或外資繼續轉弱，再分批降低部位。,61.7,100,24.45,,9.51,14.62,,93.51,,0.44,15.28,1.27,4.29,17,614,1426,11003,53065,142445,0,-5340.895,-17939.028,16051.262000000002,20005.095,685,11171.294,53189.143000000004,142557.588,5,0,273138138,5713.16,5667.442,17.16,-8896,-40460,-50628,,-11111.594,-34823.482,-42805.323000000004,-127556.42000000001,62.71,75.37,76.01,74.09,false,true,1.92,-0.81,外資持股5/10日下降，且外資5日賣超
44,1232,大統益,TWSE,食品工業,等待確認,續抱觀察,已有部位可續抱觀察，但暫不追價；若收盤跌破60日EMA約 149.87 且法人籌碼轉弱，先減碼三分之一。,61.1,100,156.5,,16.3,9.34,8.14,38.02,271.83,2.33,18.09,3.99,4.6,1,0,2,2,30,30,0,101.817,378.31,69.28899999999993,789.7189999999999,0,2,30,28,1,0,313000,0.9910000000000001,-8.649999999999999,2.81,149,306,729,,105.817,375.319,47.93900000000002,764.369,56.63,18.36,26.77,1.55,false,false,2.31,1.95,
45,2915,潤泰全,TWSE,貿易百貨,等待確認,續抱觀察,已有部位可續抱觀察，但暫不追價；若收盤跌破60日EMA約 49.99 且法人籌碼轉弱，先減碼三分之一。,61.1,100,51.1,,12.84,-22.99,-1.96,9.9,483.12,2.59,5.99,0.48,3.72,3,0,0,0,1,-479,0,1537.246,1909.5420000000004,3373.0350000000003,2150.456,0,0,1,-479,0,0,0,58.62000000000001,79.03399999999999,5.56,1886,4653,2622,,1511.246,1850.922,3293.001,2528.6140000000005,49.78,32.33,36.61,23.76,false,false,-0.47,-0.78,20日趨勢尚未上彎；當下除權息調整價未守20日EMA；單季稅前獲利對營業外貢獻依賴偏高
46,2376,技嘉,TWSE,電腦及週邊設備業,等待確認,暫停加碼／跌破減碼,已有部位暫停加碼；若收盤跌破60日EMA約 327.37，且下一交易日仍未收復，先減碼三分之一；若ETF或外資繼續轉弱，再分批降低部位。,60.8,100,321.5,,68.55,48.36,7.06,72.95,137.4,7.86,15.02,3.34,3.73,31,390,866,1968,4310,10323,-840,-224.389,-2696.1850000000004,-4716.24,-5748.155999999999,313.245,326.87199999999984,2001.2019999999998,7344.641,4,1,105089348,81.60699999999994,1274.4629999999997,20.03,-1300,-4100,-6406,,-469.685,-3104.6639999999998,-7991.905000000001,-14911.744,41.34,46.46,62.84,13.7,false,true,-4.94,-7.61,外資持股5/10日下降，且外資5日賣超；當下除權息調整價未守20日EMA
47,5876,上海商銀,TWSE,金融保險業,等待確認,續抱觀察,已有部位可續抱觀察，但暫不追價；若收盤跌破60日EMA約 42.13 且法人籌碼轉弱，先減碼三分之一。,60.7,100,44.35,,-4.39,-1.56,,88.71,,1.05,14.08,1.03,4.06,20,679,8491,8243,5296,21048,51,10874.32,26142.334000000003,58162.719000000005,84549.883,71,1784,-5746,5078,4,1,79120400,-1970.0420000000001,3392.405,53.91,9206,22096,77586,,10265.805,26328.376,60516.314,70082.043,55.24,46.07,62.72,12.77,true,true,0.93,-0.46,累計營收負成長且當月改善不足
48,9917,中保科,TWSE,其他,等待確認,續抱觀察,已有部位可續抱觀察，但暫不追價；若收盤跌破60日EMA約 110.58 且法人籌碼轉弱，先減碼三分之一。,60.6,100,111,,2.56,1.63,17.61,52.85,112.37,1.6,16.37,3.44,5.59,7,0,78,178,618,1105,0,595.716,1488.729,2995.058,3397.761,2,182,621,1107,4,0,20202000,47,39.628,39.28,611,1145,1957,,561.716,1259.729,2334.43,2251.263,57.03,78.26,71.14,92.51,false,false,1.7,3.26,
49,2527,宏璟,TWSE,建材營造,等待確認,續抱觀察,已有部位可續抱觀察，但暫不追價；若收盤跌破60日EMA約 40.49 且法人籌碼轉弱，先減碼三分之一。,60.5,100,41.65,,365.12,2533.23,24.56,35.23,156,3.45,8.21,0.51,3.6,1,0,2,2,85,1,0,302.318,-281.85200000000003,1972.8439999999998,3950.808,0,2,85,1,1,0,83300,58.499,63.971000000000004,44.19,511,115,3652,,314.304,-342.35100000000006,1823.873,3853.529,44.46,30.12,49.88,-9.42,false,false,-6.84,-15.09,當下除權息調整價未守20日EMA
50,4536,拓凱,TWSE,運動休閒,等待確認,續抱觀察,已有部位可續抱觀察，但暫不追價；若收盤跌破60日EMA約 163.92 且法人籌碼轉弱，先減碼三分之一。,60.4,100,167,,10.04,-0.91,17.11,33.18,279.74,3.61,12.44,1.66,4.79,2,0,0,0,2,1,0,312.088,700.537,460.456,1352.495,0,0,2,121,0,0,0,6.374,-644.384,13.9,332,762,1064,,310.213,694.163,1102.84,1224.549,51.88,51.79,38.29,78.79,false,false,0.28,0.91,20日趨勢尚未上彎
51,6505,台塑化,TWSE,油電燃氣業,等待確認,續抱觀察,已有部位可續抱觀察，但暫不追價；若收盤跌破60日EMA約 63.05 且法人籌碼轉弱，先減碼三分之一。,60.4,100,74.8,,18.46,8.2,15.13,17.92,451.26,2.14,26.81,1.9,1.6,9,453,-414,-812,2641,5449,-1572,-859.229,20445.163,58000.589,106404.688,164.21,-1154.79,7729.826000000001,10047.942000000001,2,3,-86378292,-1002.6429999999999,1115.6710000000003,7.29,-1538,21697,84293,,-1512.844,22602.596,49155.092,93379.06199999999,55.39,34.82,57.48,-10.51,false,false,2.46,-12.1,20日累積後5日轉為調節；主動ETF 5日轉為減碼；投信20日買超後近5日轉賣
52,2850,新產,TWSE,金融保險業,等待確認,續抱觀察,已有部位可續抱觀察，但暫不追價；若收盤跌破60日EMA約 141.78 且法人籌碼轉弱，先減碼三分之一。,60.3,100,155.5,,3.28,14.4,,62.41,,3.99,11.1,2.25,4.68,4,0,0,0,3,1,0,238.117,495.148,463.84,881.5999999999999,2,5,7,6,3,0,777500,-7,-9.719,11.03,-169,193,414,,224.117,497.148,466.559,892.319,65.61,67.97,62.92,78.08,true,false,4.87,5.78,
53,1590,亞德客-KY,TWSE,電機機械,等待確認,續抱觀察,"已有部位可續抱觀察，但暫不追價；若收盤跌破60日EMA約 1,338.87 且法人籌碼轉弱，先減碼三分之一。",60.2,100,1325,,44.88,30.08,33.2,17.79,280.31,13.35,29.01,5.21,2.2,15,3,-186,-87,341,384,-193,34.434,-182.58100000000002,129.274,1222.433,2.4,-368.56,65.29599999999999,119.132,4,1,-488342000,27.994000000000003,43.201,80.8,43,33,338,,28.627,157.98499999999999,20.776999999999973,1062.626,46.38,59.8,65.13,49.14,false,true,-2.83,-7.34,20日累積後5日轉為調節；主動ETF 5日轉為減碼；當下除權息調整價未守20日EMA
54,3045,台灣大,TWSE,通信網路業,等待確認,續抱觀察,已有部位可續抱觀察，但暫不追價；若收盤跌破60日EMA約 113.46 且法人籌碼轉弱，先減碼三分之一。,60.2,100,113.5,,6.57,3.74,11.92,57.77,54.69,1.37,23.02,3.78,4.18,37,990,1910,932,-8682,18911,1,4367.191,30940.168999999998,67038.401,85950.037,181.55,-135.01099999999997,-13457.242999999999,10419.847000000002,4,1,-15323748,1223.333,3831.929,16.18,3612,29972,105981,,3819.903,29851.847,76663.715,71431.162,50.26,80.88,76.56,89.51,false,false,0.32,0.89,20日趨勢尚未上彎
55,5871,中租-KY,TWSE,其他,等待確認,續抱觀察,已有部位可續抱觀察，但暫不追價；若收盤跌破60日EMA約 113.58 且法人籌碼轉弱，先減碼三分之一。,60.1,100,112.5,,-0.82,-2,30.94,79.13,112.36,3.26,10.53,1.1,5.33,29,3831,5477,8996,21977,18411,31,6010.525,14992.362999999998,38381.912000000004,36004.46200000001,-39,5088.487999999999,17984.773,14379.773000000001,4,1,572454900,-242.8,310.35400000000004,45.01,6257,11166,27318,,6194.129,10146.675,20086.784999999996,20184.045,42.19,39.25,55.63,6.51,false,false,-3.17,-6.71,累計營收負成長且當月改善不足；當下除權息調整價未守20日EMA
56,3005,神基,TWSE,電腦及週邊設備業,等待確認,續抱觀察,已有部位可續抱觀察，但暫不追價；若收盤跌破60日EMA約 107.52 且法人籌碼轉弱，先減碼三分之一。,59.8,100,107,,28.59,7.54,13.51,48.07,174.1,1.74,13.13,2.85,6.35,15,89,86,38,-905,-5282,0,791.476,889.753,3334.486,14632.253,3,-71.601,-1599.438,-6680.438,3,2,-7661307,-38.31,549.691,13.85,780,100,7879,,749.739,999.6640000000001,4384.233,19731.944,45.56,28.38,39.24,6.64,false,false,-2.97,-6.55,當下除權息調整價未守20日EMA
57,1210,大成,TWSE,食品工業,等待確認,續抱觀察,已有部位可續抱觀察，但暫不追價；若收盤跌破60日EMA約 55.72 且法人籌碼轉弱，先減碼三分之一。,59.6,100,57.2,,12.17,6.36,4.39,55.28,83.22,0.94,13.55,1.9,5.24,5,59,229,490,919,3026,0,469.937,1528.9180000000001,4654.064,8470.486,67,507,931,3036,4,0,29000400,1281.432,2495.62,8.4,576,204,-1323,,213.767,-259.514,1227.444,1863.362,52.19,41.24,42.07,39.59,true,true,-0.02,0.35,當下除權息調整價未守20日EMA
58,2379,瑞昱,TWSE,半導體業,等待確認,續抱觀察,已有部位可續抱觀察，但暫不追價；若收盤跌破60日EMA約 697.08 且法人籌碼轉弱，先減碼三分之一。,59.5,100,738,,20.6,10.52,11.89,68.4,114.69,8.44,26.57,8.42,3.39,46,315,557,999,719,8611,1,245.925,370.2579999999999,615.1579999999999,-1582.141,243.383,897.3410000000001,30.63700000000017,7280.5960000000005,5,0,662237658,-174.96,181.404,45.59,90,-881,-3360,,146.041,-352.12300000000005,403.1170000000002,-9847.101999999999,48.87,51.04,45.53,62.06,false,false,-1.52,-0.67,外資持股趨勢資料不足或期間有非市場異動；20日趨勢尚未上彎；當下除權息調整價未守20日EMA
59,2892,第一金,TWSE,金融保險業,等待確認,續抱觀察,已有部位可續抱觀察，但暫不追價；若收盤跌破60日EMA約 31.95 且法人籌碼轉弱，先減碼三分之一。,59.5,100,34.8,,9.73,22.32,,94.22,,0.57,17.85,1.68,3.74,24,5062,8085,17152,60757,203050,0,548.735,-6252.805,22137.8,109582.962,1760.945,12569.424,49427.418000000005,187600.193,5,0,437415955,8051.697,12345.089,24.97,-8589,-25696,2823,,-5851.608,-26873.926,-39634.706999999995,-91738.371,68.06,80.99,79.03,84.91,true,false,2.95,1.16,官方重大訊息出現高風險關鍵字，須查原文
60,3653,健策,TWSE,電子零組件業,等待確認,暫停加碼／跌破減碼,"已有部位暫停加碼；若收盤跌破60日EMA約 3,560.50，且下一交易日仍未收復，先減碼三分之一；若ETF或外資繼續轉弱，再分批降低部位。",59,100,3310,,57.64,26.64,31.98,29.4,241.82,9.53,91.56,22.93,0.66,33,168,303,406,640,617,273,-126.556,-130.827,59.876000000000005,250.85400000000004,399.016,1243.003,1825.1179999999997,1229.1029999999998,5,0,4114339930,27.558999999999997,145.91,25.86,-494,-1274,-1174,,-514.082,-1401.389,-1911.152,-1140.1580000000001,46.02,49.28,57.97,31.9,false,true,-2.9,-5.43,外資持股5/10日下降，且外資5日賣超；當下除權息調整價未守20日EMA
61,9939,宏全,TWSE,其他,等待確認,續抱觀察,已有部位可續抱觀察，但暫不追價；若收盤跌破60日EMA約 125.59 且法人籌碼轉弱，先減碼三分之一。,58.9,100,130,,12.13,3.43,13.21,59.36,103.23,2.25,14.41,2.02,4.77,8,0,0,-1,176,451,0,770.806,861.239,2923.934,6655.51,2,3,541.983,817.983,2,1,390000,-34.565,-10.373999999999999,14.74,620,557,4335,,785.562,892.804,2392.325,5414.556,56.82,59.86,66.5,46.57,false,false,1.7,-1.52,20日累積後5日轉為調節
62,2542,興富發,TWSE,建材營造,等待確認,暫停加碼／跌破減碼,已有部位暫停加碼；若收盤跌破60日EMA約 42.63，且下一交易日仍未收復，先減碼三分之一；若ETF或外資繼續轉弱，再分批降低部位。,58.8,100,43.25,,16.47,461.12,24.17,75.42,144.92,1.15,13.31,1.66,9.25,10,170,281,6880,34504,44055,0,1946.751,863.7700000000004,5486.355000000001,15789.458000000002,174,6901.6,35007.6,44151.6,5,0,298494200,2957.088,4800.910000000001,8,2440,-558,-11066,,1472.891,-8994.918,-34322.155000000006,-32864.357,47.37,42.99,54.77,19.41,false,true,-0.91,-3.46,外資持股5/10日下降，且外資5日賣超；當下除權息調整價未守20日EMA
63,5388,中磊,TWSE,通信網路業,等待確認,續抱觀察,已有部位可續抱觀察，但暫不追價；若收盤跌破60日EMA約 83.95 且法人籌碼轉弱，先減碼三分之一。,58.6,100,81.9,,70.83,58.09,2.94,69.5,131.55,1.01,20.48,1.56,3.05,2,0,0,0,-2,-1201,0,-3128.102,2242.643,3908.35,15295.4,0,0,-2.67,-829.6700000000001,0,0,0,-545.37,-519.08,23.4,-2058,2826,11908,,-2471.8,2788.013,4430.1,15567.853000000001,44.15,42.08,51.38,23.46,false,true,-4.03,-6.08,當下除權息調整價未守20日EMA
64,6579,研揚,TWSE,電腦及週邊設備業,等待確認,續抱觀察,已有部位可續抱觀察，但暫不追價；若收盤跌破60日EMA約 156.25 且法人籌碼轉弱，先減碼三分之一。,58.5,100,158,,47.1,28.75,8.7,22.94,253.99,3.81,28.99,2.56,2.37,1,0,0,0,0,0,0,98.429,333.66100000000006,429.637,1796.4270000000001,2,4,3,2,2,0,632000,73.495,144.667,4.3,-280,56,362,,93.2,256.16600000000005,281.97,1608.97,46.37,49.22,55.47,36.71,false,true,-3.9,-5.39,當下除權息調整價未守20日EMA；單季稅前獲利對營業外貢獻依賴偏高
65,6533,晶心科,TWSE,半導體業,等待確認,暫停加碼／跌破減碼,已有部位暫停加碼；若收盤跌破60日EMA約 212.91，且下一交易日仍未收復，先減碼三分之一；若ETF或外資繼續轉弱，再分批降低部位。,58.1,100,198,,247.04,62.07,-62.19,28.8,595.6,-3.28,,2.3,,1,0,3,3,3,8,0,44.912,-280.04100000000005,-119.52500000000005,-110.55400000000003,0,3,3,8,1,0,594000,-17.259,0.4240000000000004,10.88,63,-263,-51,,54.663,-265.78200000000004,-122.94900000000001,-137.582,42.39,22.17,33.36,-0.21,false,false,-6.65,-15.57,外資持股5/10日下降，且外資5日賣超；當下除權息調整價未守20日EMA
66,2834,臺企銀,TWSE,金融保險業,等待確認,暫停加碼／跌破減碼,已有部位暫停加碼；若收盤跌破60日EMA約 17.30，且下一交易日仍未收復，先減碼三分之一；若ETF或外資繼續轉弱，再分批降低部位。,57.6,100,17.95,,-7.72,4.14,,94.16,,0.35,13.7,1.17,5.57,12,65,137,111,-35,-183,0,-12412.248,-10233.729999999996,20725.927000000003,4373.681000000004,112,229.018,54.22999999999999,-95.65200000000002,4,1,4110873,664.0609999999999,642.8589999999999,18.02,-13051,-35173,-48112,,-12790.005,-11126.808999999997,20028.838000000003,4085.6589999999997,53.74,71.55,76.21,62.23,false,true,0.19,-0.83,外資持股5/10日下降，且外資5日賣超
67,2324,仁寶,TWSE,電腦及週邊設備業,等待確認,續抱觀察,已有部位可續抱觀察，但暫不追價；若收盤跌破60日EMA約 35.10 且法人籌碼轉弱，先減碼三分之一。,57.2,100,34.85,,58.38,15.82,1.31,67.75,130.7,0.45,26.2,1.16,3.16,11,721,1143,1237,1138,-33410,0,6027.434,19599.955,46836.129,57756.30900000001,154.098,527.2719999999999,-3894.0620000000004,-43102.057,5,0,18375429,177.0329999999999,4145.18,35.87,6607,14303,62758,,5295.45,18895.65,46585.011,92859.87599999999,44.72,46.91,54.01,32.72,false,true,-3.04,-3.73,外資持股趨勢資料不足或期間有非市場異動；當下除權息調整價未守20日EMA
68,1216,統一,TWSE,食品工業,等待確認,暫停加碼／跌破減碼,已有部位暫停加碼；若收盤跌破60日EMA約 75.71，且下一交易日仍未收復，先減碼三分之一；若ETF或外資繼續轉弱，再分批降低部位。,57.1,100,78.2,,4.6,3.29,5.86,70.13,88.34,1.15,21.14,3.07,3.84,32,4101,8268,14393,46185,56898,202,4006.656,9502.601,18773.258,57453.86,1890.906,11373.269,34830.547999999995,38235.18199999999,5,0,889389636,5459.505,12848.873000000001,30.87,-578,-9216,-14999,,537.666,-7330.173000000001,-28906.163,-479.9780000000028,56.07,43.69,47.48,36.11,false,false,0.79,1.82,外資持股5/10日下降，且外資5日賣超；2日內除權息，等待價格重置
69,2480,敦陽科,TWSE,資訊服務業,等待確認,續抱觀察,已有部位可續抱觀察，但暫不追價；若收盤跌破60日EMA約 154.21 且法人籌碼轉弱，先減碼三分之一。,56.7,100,156,,14.66,14.96,12.41,64.43,134.91,2.63,18.59,5.56,5,5,0,0,0,28,32,0,45.065,250.05399999999997,518.659,1830.036,0,0,28.304,33.304,0,0,0,38.337999999999994,44.072,11.03,57,178,242,,43.374,211.716,446.28299999999996,1732.3809999999999,47.25,34.42,35.34,32.6,false,true,-1.11,-1.89,當下除權息調整價未守20日EMA
70,2880,華南金,TWSE,金融保險業,等待確認,暫停加碼／跌破減碼,已有部位暫停加碼；若收盤跌破60日EMA約 37.36，且下一交易日仍未收復，先減碼三分之一；若ETF或外資繼續轉弱，再分批降低部位。,56.5,100,41.8,,29.2,36.2,,94.52,,0.55,20.19,2.39,3.47,24,7908,17967,32307,90275,110785,0,5361.936,5282.823,37056.863,65081.48199999999,3181.685,25954.686,63699.43000000001,65140.00200000001,5,0,1084905875,15185.763,36229.79,14.2,2056,-21469,-40460,,-2227.872,-35857.626000000004,-62872.357,-53020.102,68.97,83.72,85.84,79.49,false,true,4.91,1.33,外資持股5/10日下降，且外資5日賣超；KD高檔死亡交叉，等待動能確認
71,5434,崇越,TWSE,電子通路業,等待確認,續抱觀察,已有部位可續抱觀察，但暫不追價；若收盤跌破60日EMA約 489.95 且法人籌碼轉弱，先減碼三分之一。,56.5,100,491.5,,32.86,20.2,7.72,55.57,130.51,6.86,20.85,4.95,2.73,25,1,19,195,569,4938,0,126.407,109.608,1504.823,1581.8960000000002,3,194.139,1173.946,6752.028,5,0,95419319,-6.203,10.585,30.06,256,10,-1764,,132.25,-78.32799999999999,320.2920000000001,-5210.505,41.34,25.58,39.38,-2.04,false,false,-7.67,-13.01,當下除權息調整價未守20日EMA
72,2889,國票金,TWSE,金融保險業,等待確認,續抱觀察,已有部位可續抱觀察，但暫不追價；若收盤跌破60日EMA約 15.34 且法人籌碼轉弱，先減碼三分之一。,56.1,100,15.4,,100.04,130.05,,88.34,,0.25,20,1.2,3.83,2,0,7,7,-63,-100,0,-1263.465,1159.2830000000004,2165.4040000000005,25694.095,0,7,-63,1906,2,0,107800,327.38,367.38,9.39,-730,2153,12500,,-1377.4,824.903,1861.024,23197.525999999998,47.32,37.58,43.31,26.12,false,false,-0.91,-1.91,當下除權息調整價未守20日EMA
73,2883,凱基金,TWSE,金融保險業,等待確認,續抱觀察,已有部位可續抱觀察，但暫不追價；若收盤跌破60日EMA約 27.36 且法人籌碼轉弱，先減碼三分之一。,56,100,29.15,,-23.3,241.65,,91.24,,0.69,16.38,1.46,3.43,25,11947,17121,17298,42189,42705,-179,4996.33,34908.771,115967.09100000001,235278.496,5449.029,8344.087000000001,10992.636000000002,-15239.954999999998,4,1,243230136,11918.416,28054.925000000003,26.15,-5997,5290,110320,,-4961.412,14646.268,76919.53,214139.024,48.11,40.82,52.64,17.2,false,true,-2,-4.27,主動ETF 5日轉為減碼；當下除權息調整價未守20日EMA
74,1736,喬山,TWSE,運動休閒,等待確認,暫停加碼／跌破減碼,已有部位暫停加碼；若收盤跌破60日EMA約 126.53，且下一交易日仍未收復，先減碼三分之一；若ETF或外資繼續轉弱，再分批降低部位。,55.5,100,134.5,,14.49,9.38,-0.78,69.64,130.22,0.08,16.34,2.9,3.35,1,0,0,0,0,-170,0,30.012,-349.671,-375.53099999999995,-139.56799999999998,74,125,354,183,2,2,16812500,15.747,10.455,5.21,2,-235,-493,,-51.988,-490.418,-739.986,-350.00800000000004,55.43,48.17,50.57,43.36,false,true,2.68,-1.47,外資持股5/10日下降，且外資5日賣超；單季稅前獲利對營業外貢獻依賴偏高
75,2912,統一超,TWSE,貿易百貨,等待確認,暫停加碼／跌破減碼,已有部位暫停加碼；若收盤跌破60日EMA約 232.22，且下一交易日仍未收復，先減碼三分之一；若ETF或外資繼續轉弱，再分批降低部位。,55.5,100,241,,6.31,5.05,4.26,80.62,82.73,2.97,21.97,5.39,3.73,25,425,1270,3049,9132,9902,37,705.209,-1398.9940000000001,1866.2279999999998,9880.201000000001,622,3652.4049999999997,9732.564999999999,10508.990999999998,5,0,880229605,7.850000000000001,-79.49199999999999,13.08,-214,-5115,-4242,,111.233,-5059.249,-7786.845,-719.0079999999998,56.54,47.59,46.49,49.8,true,false,1.13,0.63,外資持股5/10日下降，且外資5日賣超；2日內除權息，等待價格重置
76,2885,元大金,TWSE,金融保險業,等待確認,暫停加碼／跌破減碼,已有部位暫停加碼；若收盤跌破60日EMA約 61.92，且下一交易日仍未收復，先減碼三分之一；若ETF或外資繼續轉弱，再分批降低部位。,55.1,100,62.2,,72.83,142.25,,91.67,,1.08,19.14,2.31,3.54,39,6286,11787,12837,15905,36280,3314,81.362,15448.527999999998,27836.03899999999,26741.323999999986,2410.96,13896.228,4099.605999999998,11078.213999999998,5,0,864345382,7370.014,12741.585,26.76,-5750,-7354,-21398,,-5173.976,-5817.713999999999,10994.847999999996,-4931.847000000003,41.68,39.22,34.99,47.69,false,false,-3.81,-1.43,外資持股5/10日下降，且外資5日賣超；20日趨勢尚未上彎；當下除權息調整價未守20日EMA；借券賣出與借券賣出餘額壓力升高
77,2362,藍天,TWSE,電腦及週邊設備業,等待確認,續抱觀察,已有部位可續抱觀察，但暫不追價；若收盤跌破60日EMA約 42.79 且法人籌碼轉弱，先減碼三分之一。,54.8,100,41.85,,30.25,17.64,6.85,57.84,111.43,0.61,18.68,0.55,4.78,1,0,0,0,-309,-315,0,266.271,533.284,1103.6180000000002,220.11000000000013,0,0,-309,-315,0,0,0,27.936999999999998,13.156999999999996,9.76,345,901,1600,,247.336,505.347,1399.461,547.8330000000001,44.16,62.44,66.83,53.66,false,true,-2.85,-3.35,當下除權息調整價未守20日EMA
78,2882,國泰金,TWSE,金融保險業,等待確認,續抱觀察,已有部位可續抱觀察，但暫不追價；若收盤跌破60日EMA約 93.27 且法人籌碼轉弱，先減碼三分之一。,54.8,100,94.1,,-42.04,436.35,,94.35,,2.15,14.28,1.88,3.72,31,6095,11348,9685,5559,-55326,3,1455.313,4847.907999999999,37267.903,70490.85399999999,3211.224,5620.684000000001,-4099.623999999999,-67989.975,4,1,528906364,5351.57,9064.942,22.98,-4662,-9369,22211,,-3446.605,-6124.345999999998,32302.585000000003,128197.66500000001,43.68,42.31,48.55,29.84,false,true,-2.77,-2.79,20日趨勢尚未上彎；當下除權息調整價未守20日EMA
79,2886,兆豐金,TWSE,金融保險業,等待確認,暫停加碼／跌破減碼,已有部位暫停加碼；若收盤跌破60日EMA約 44.80，且下一交易日仍未收復，先減碼三分之一；若ETF或外資繼續轉弱，再分批降低部位。,54.7,100,49.9,,1.53,19.42,,91.97,,0.63,20.28,1.84,3.51,33,10382,16554,22912,58345,182395,2500,5834.339,7416.587999999998,49459.28999999999,120188.40099999998,5321.87,16277.933,34185.06999999999,175915.37199999997,5,0,812268857,11132.530999999999,30312.09,19.18,-2850,-18276,-10633,,-3373.804,-19993.876,-15037.869999999999,-100497.95,75.75,84.82,82.54,89.38,false,false,4.81,3.53,外資持股5/10日下降，且外資5日賣超；借券賣出與借券賣出餘額壓力升高
80,5880,合庫金,TWSE,金融保險業,等待確認,續抱觀察,已有部位可續抱觀察，但暫不追價；若收盤跌破60日EMA約 24.56 且法人籌碼轉弱，先減碼三分之一。,54.3,100,26.1,,-8.4,16.98,,94.65,,0.36,18.64,1.45,4.02,16,3897,5788,6158,12514,16501,0,21016.033,48324.468,79608.137,141065.22,812.919,1868.156,1890.1770000000001,2002.9880000000003,4,1,48758872,6272.355,9965.593,16.71,15395,37606,103387,,17505.156,40183.957,67752.367,126738.83600000001,75.34,88.8,83.72,98.97,true,false,2.78,2.15,官方重大訊息出現高風險關鍵字，須查原文
81,2881,富邦金,TWSE,金融保險業,等待確認,續抱觀察,已有部位可續抱觀察，但暫不追價；若收盤跌破60日EMA約 118.06 且法人籌碼轉弱，先減碼三分之一。,53.6,100,123,,-53.65,466.35,,92.11,,2.4,16.92,1.88,3.46,35,5550,9248,9538,25040,-29775,0,5310.184,9360.829,29564.628999999994,61883.07899999999,3093.485,6125.031000000001,16712.121,-40455.675,4,1,753378813,4165.307,6661.361999999999,18.37,505,816,19506,,795.517,-929.5090000000004,6191.146000000001,94403.958,46.95,51.72,58.51,38.14,false,true,-2.11,-3.15,20日趨勢尚未上彎；當下除權息調整價未守20日EMA；借券賣出與借券賣出餘額壓力升高
82,6166,凌華,TWSE,電腦及週邊設備業,等待確認,續抱觀察,已有部位可續抱觀察，但暫不追價；若收盤跌破60日EMA約 125.93 且法人籌碼轉弱，先減碼三分之一。,53.5,100,139,,25.89,41.08,12.12,60.93,142.12,1.57,38.5,5.23,0.86,1,0,0,0,0,0,0,-1092.03,2596.745,3699.491,4519.593,0,0,0,0,0,0,0,3.308,-2.701999999999998,23.12,-991,2773,3837,,-1094.118,2593.437,3702.193,4518.905000000001,50.92,56.1,61.56,45.2,false,true,-0.1,-4.14,當下除權息調整價未守20日EMA
83,3413,京鼎,TWSE,半導體業,等待確認,暫停加碼／跌破減碼,已有部位暫停加碼；若收盤跌破60日EMA約 325.33，且下一交易日仍未收復，先減碼三分之一；若ETF或外資繼續轉弱，再分批降低部位。,53.2,100,289,,39.75,17.7,13.07,42.48,150.31,4.28,15.35,2.01,3.8,3,0,0,0,0,0,0,-902.85,-2519.17,-733.0320000000002,3710.6659999999997,0,0,88,1599,0,0,0,-477.991,-326.717,26.56,-770,-2567,-943,,-798.296,-2041.179,-494.3149999999998,2362.0950000000003,37.08,19.05,33.16,-9.18,false,false,-12.87,-20.39,外資持股5/10日下降，且外資5日賣超；當下除權息調整價未守20日EMA
84,9941,裕融,TWSE,其他,等待確認,續抱觀察,已有部位可續抱觀察，但暫不追價；若收盤跌破60日EMA約 80.34 且法人籌碼轉弱，先減碼三分之一。,52.8,100,82,,-4,-2.42,14.5,85.28,99.11,1.82,12.01,1.32,5.59,6,0,1,1,-16,-42,0,400.733,869.9910000000001,2313.0260000000003,5062.327,0,1,-16.148,-68.148,1,0,82000,233.784,236.99699999999999,5.16,329,1430,1540,,377.414,635.207,2092.1769999999997,4846.341,51.77,33.87,37.89,25.83,false,false,0.09,0,累計營收負成長且當月改善不足
85,3008,大立光,TWSE,光電業,等待確認,暫停加碼／跌破減碼,"已有部位暫停加碼；若收盤跌破60日EMA約 3,847.06，且下一交易日仍未收復，先減碼三分之一；若ETF或外資繼續轉弱，再分批降低部位。",52.7,100,3850,,-10.46,11.26,37.39,17.56,402.4,46.63,24.03,2.73,2.08,35,87,189,236,584,-31,131,-178.71,-393.531,-338.49300000000017,-3423.749,111.017,791.0619999999999,1521.4489999999998,1142.2479999999998,5,0,3045588700,-190.82,-218.54700000000003,29.18,-242,-924,-3603,,-273.701,-993.7729999999999,-1641.395,-4429.005999999999,44.2,31.37,32.23,29.64,true,true,-5.42,-3.75,外資持股5/10日下降，且外資5日賣超；20日趨勢尚未上彎；當下除權息調整價未守20日EMA；官方重大訊息出現高風險關鍵字，須查原文
86,2634,漢翔,TWSE,航運業,等待確認,續抱觀察,已有部位可續抱觀察，但暫不追價；若收盤跌破60日EMA約 55.53 且法人籌碼轉弱，先減碼三分之一。,52.3,98.6,60.7,,7.23,7.04,3.59,64.76,142.74,0.28,75.88,3.15,1.29,4,0,29,416,1742,2399,1,1689.56,5259.527,-8008.740000000002,1367.418999999998,7,431,1752,2403,5,0,26161700,-1426.181,-5144.334000000001,4.47,2163,6511,-1263,,2061.072,6254.707999999999,-4616.406000000003,231.60799999999836,51.51,20.55,32.54,-3.43,false,false,-0.69,-5.75,當下除權息調整價未守20日EMA
87,2377,微星,TWSE,電腦及週邊設備業,等待確認,續抱觀察,已有部位可續抱觀察，但暫不追價；若收盤跌破60日EMA約 132.82 且法人籌碼轉弱，先減碼三分之一。,52.2,100,137.5,,-9.23,-7.56,6.89,53.89,187.47,4.04,14.37,2.12,3.05,20,237,322,984,3831,26770,9,-333.488,-5199.497,10801.650999999998,41176.066999999995,126,846,2832.375,24844.375,5,0,116325000,-1717.16,614.8709999999999,15.44,137,-4797,20401,,-198.836,-4328.3369999999995,7354.405,14304.972000000002,44.83,41.88,54.19,17.28,false,true,-4.17,-11.29,累計營收負成長且當月改善不足；當下除權息調整價未守20日EMA
88,1326,台化,TWSE,塑膠工業,等待確認,續抱觀察,已有部位可續抱觀察，但暫不追價；若收盤跌破60日EMA約 57.67 且法人籌碼轉弱，先減碼三分之一。,52,100,58.5,,11.59,10.79,3.82,29.29,188.37,1.07,390,0.92,1.03,6,2,5,9,28,1054,1,919.664,-1276.9019999999982,10222.291,-21166.483,2,9,19,926,3,0,526500,-1351.7700000000002,-433.44400000000036,37.86,3026,176,-2315,,1631.072,65.86799999999857,10636.735,-20049.279000000002,44.23,21.21,36.49,-9.34,false,false,-8.24,-17.14,當下除權息調整價未守20日EMA；估值高且成長不足以支撐；借券賣出與借券賣出餘額壓力升高；單季稅前獲利對營業外貢獻依賴偏高
89,1723,中碳,TWSE,化學工業,等待確認,續抱觀察,已有部位可續抱觀察，但暫不追價；若收盤跌破60日EMA約 83.98 且法人籌碼轉弱，先減碼三分之一。,51.9,100,82.3,,32.12,6.31,14.18,30.11,200.59,0.77,33.19,2.37,2.25,1,1,1,0,-1,-14,0,96.56,139.22500000000002,1106.6380000000001,2254.724,1,0,-1,-14,1,1,0,-10.287999999999997,-34.528000000000006,9.11,116,151,2297,,104.521,149.51300000000003,1142.1660000000002,2376.2740000000003,43.1,26.99,38.54,3.89,false,false,-4.04,-3.97,當下除權息調整價未守20日EMA
90,5534,長虹,TWSE,建材營造,等待確認,續抱觀察,已有部位可續抱觀察，但暫不追價；若收盤跌破60日EMA約 78.96 且法人籌碼轉弱，先減碼三分之一。,51.9,100,78,,124.21,34.2,8.61,52.34,200.43,0.19,15.92,1.09,7.05,1,0,0,0,0,0,0,45.662,-326.261,838.3879999999999,1644.494,0,0,-165,-165,0,0,0,97.824,257.079,9.56,47,-637,534,,31.5,-424.085,746.309,1833.155,41.3,22.54,30.73,6.16,false,false,-1.9,-2.38,當下除權息調整價未守20日EMA
91,3029,零壹,TWSE,資訊服務業,等待確認,續抱觀察,已有部位可續抱觀察，但暫不追價；若收盤跌破60日EMA約 102.29 且法人籌碼轉弱，先減碼三分之一。,51.7,100,99.3,,13.58,9.41,5.61,57.92,157.45,1.77,14.6,3.27,5.54,3,0,0,0,-9,-215,0,0.671,286.51099999999997,1304.44,4344.484,0,0,-8.92,-214.92000000000002,0,0,0,3.482,3.4110000000000005,5.1,158,217,729,,1.837,283.029,1309.949,4564.863,41.1,30.31,44.46,2,false,false,-3.26,-4.52,當下除權息調整價未守20日EMA
92,2002,中鋼,TWSE,鋼鐵工業,等待確認,續抱觀察,已有部位可續抱觀察，但暫不追價；若收盤跌破60日EMA約 18.96 且法人籌碼轉弱，先減碼三分之一。,51.1,100,18.95,,9.61,-0.16,-0.78,50.93,117.78,-0.16,,0.98,0.79,7,17,26,14,-37,-284,0,9901.078,111661.102,197806.183,146329.93699999998,88,94,-2.8999999999999986,-393.9,2,1,1781300,4434.313,6724.630999999999,14.26,18417,85750,141337,,9457.236,107132.78899999999,191084.45199999996,140958.12799999997,52.02,59.79,63.01,53.35,false,true,0.4,0.53,累計營收負成長且當月改善不足
93,6944,兆聯實業,TWSE,綠能環保,等待確認,暫停加碼／跌破減碼,已有部位暫停加碼；若收盤跌破60日EMA約 739.13，且下一交易日仍未收復，先減碼三分之一；若ETF或外資繼續轉弱，再分批降低部位。,51.1,100,687,,29.98,44.54,22.51,49.71,177.5,10.08,19.33,5.95,2.91,4,0,0,18,16,9,5,-156.432,-1692.418,-1532.0849999999996,-1281.0689999999995,1,2.237,0.5430000000000001,-27.457,2,0,1536819,-79.083,-37.370999999999995,15.37,-210,-1536,-1069,,-168.675,-1615.572,-1495.257,-1236.0180000000003,39.21,32.76,47.02,4.22,false,true,-9.74,-13.29,外資持股5/10日下降，且外資5日賣超；當下除權息調整價未守20日EMA
94,6226,光鼎,TWSE,光電業,等待確認,續抱觀察,已有部位可續抱觀察，但暫不追價；若收盤跌破60日EMA約 18.00 且法人籌碼轉弱，先減碼三分之一。,50.7,85,22.55,,22.5,4,-6.37,40.97,123.71,0.01,,2.16,,1,0,5,70,293,293,0,893.032,118.84399999999982,-4450.34,-552.3400000000001,0,70,293,293,3,0,1578500,8.395000000000003,-1034.605,7.62,948,179,-2186,,904.5,40.44900000000007,-3708.7349999999997,-1045.7349999999997,56.09,39.91,24.95,69.81,true,false,7.68,18.06,20日趨勢尚未上彎；高波動且5日漲幅過大；融資增幅與短線漲幅同步偏高；單季稅前獲利對營業外貢獻依賴偏高
95,2548,華固,TWSE,建材營造,等待確認,暫停加碼／跌破減碼,已有部位暫停加碼；若收盤跌破60日EMA約 102.35，且下一交易日仍未收復，先減碼三分之一；若ETF或外資繼續轉弱，再分批降低部位。,49.3,100,98,,-88.82,181.43,20.69,61.16,207.99,2.28,7.64,1.52,8.67,1,0,0,0,-93,-277,0,-357.792,-1741.3809999999999,-976.4619999999996,-3864.473,2,4,-90,-274,2,0,392000,39.88999999999999,-69.68400000000001,16.2,-163,-1069,-1848,,-394.071,-1785.2710000000002,-816.7780000000002,-3142.3450000000003,47.64,72.58,74.02,69.71,false,true,-0.13,-1.41,外資持股5/10日下降，且外資5日賣超；當下除權息調整價未守20日EMA
96,9921,巨大,TWSE,運動休閒,等待確認,續抱觀察,已有部位可續抱觀察，但暫不追價；若收盤跌破60日EMA約 77.71 且法人籌碼轉弱，先減碼三分之一。,48.8,100,87.4,,15.98,-10.5,-1.53,48.26,167.76,-0.51,218.5,1,2.06,2,0,0,0,2,2,0,865.279,1214.558,2321.1,2722.825,2,-95,-94,38,2,1,-8303000,-4.9110000000000005,161.522,27.8,1039,-177,1676,,863.064,1314.4689999999998,2253.5779999999995,2530.6809999999996,63.29,52.03,58.17,39.74,false,true,6.1,3.31,估值高且成長不足以支撐
97,1303,南亞,TWSE,塑膠工業,等待確認,續抱觀察,已有部位可續抱觀察，但暫不追價；若收盤跌破60日EMA約 147.92 且法人籌碼轉弱，先減碼三分之一。,46.5,100,141.5,,31.79,15.98,5.45,38.16,147.43,1.8,61.26,2.92,0.57,23,-9699,-8519,-4215,113048,178452,-10229,7888.853,13729.046999999999,250.39799999999946,4811.375,-19728.097,-20258.4,100468.23800000001,169012.90500000003,3,2,-2866563600,4433.631,4050.512,32.41,24890,29319,-180936,,25498.257,29553.816000000003,-104268.352,-174884.185,39.09,11.35,26,-17.96,false,false,-20.34,-31.97,20日累積後5日轉為調節；ETF 1/3日已轉為減碼；主動ETF 5日轉為減碼；當下除權息調整價未守20日EMA；單季稅前獲利對營業外貢獻依賴偏高
98,2645,長榮航太,TWSE,航運業,等待確認,續抱觀察,已有部位可續抱觀察，但暫不追價；若收盤跌破60日EMA約 189.62 且法人籌碼轉弱，先減碼三分之一。,44.6,100,182,,13.01,12.44,23.83,48.63,239.47,2.58,27.79,5.38,2.75,6,40,59,51,-448,-159,0,396.367,604.572,2592.689,5051.364,3,-813,-3304,-3463,2,1,-147966000,20.022000000000002,-145.409,10.66,-36,1058,4133,,372.425,1397.5500000000002,6042.098,8471.723999999998,40.04,10.28,14.51,1.83,false,false,-10.6,-6.67,當下除權息調整價未守20日EMA
99,1301,台塑,TWSE,塑膠工業,等待確認,續抱觀察,已有部位可續抱觀察，但暫不追價；若收盤跌破60日EMA約 54.96 且法人籌碼轉弱，先減碼三分之一。,43.2,100,56.2,,-2.69,-3.62,-3.1,34.25,182.85,0.51,,0.92,0.89,6,0,0,3,675,679,0,-1385.164,-4502.672999999999,-9774.943,21326.006,0,3,662.9,629.9,1,0,168600,-1861.4319999999998,-1936.1959999999997,33.85,-1564,-1787,21147,,-1199.087,-2644.241000000002,-8501.647,20431.871999999996,45.85,23.68,38.58,-6.12,false,false,-5.78,-11.5,累計營收負成長且當月改善不足；當下除權息調整價未守20日EMA；單季稅前獲利對營業外貢獻依賴偏高
100,9914,美利達,TWSE,運動休閒,等待確認,續抱觀察,已有部位可續抱觀察，但暫不追價；若收盤跌破60日EMA約 73.64 且法人籌碼轉弱，先減碼三分之一。,43.2,85,79.2,,-5.51,-15.29,5.21,43.46,142.15,1.09,21.41,1.18,3.54,1,0,0,0,5,338,0,961.018,655.7320000000002,5723.464,5304.588,3,-192,-189,144,2,1,-15206400,75.604,-154.146,25.38,904,762,6725,,868.733,772.1279999999999,6066.61,5120.288,56.75,24.38,33.87,5.38,false,false,2.18,-0.13,累計營收負成長且當月改善不足
101,6919,康霈*,TWSE,生技醫療業,等待確認,續抱觀察,已有部位可續抱觀察，但暫不追價；若收盤跌破60日EMA約 104.66 且法人籌碼轉弱，先減碼三分之一。,43,100,102,,,-70.78,-12291550,1.82,4520.84,-0.07,,16.94,,4,0,0,0,2,4,0,2922.706,5239.5380000000005,9135.062000000002,13043.827000000003,0,0,-3,-7,0,0,0,14.119999999999983,-61.51300000000003,14.54,2851,5167,12801,,2877.508,5225.418,9199.574999999999,12979.589,48.43,22.93,23.91,20.96,false,false,-1.35,-1.92,外資持股趨勢資料不足或期間有非市場異動；當下除權息調整價未守20日EMA
102,2466,冠西電,TWSE,光電業,等待確認,暫停加碼／跌破減碼,已有部位暫停加碼；若收盤跌破60日EMA約 76.97，且下一交易日仍未收復，先減碼三分之一；若ETF或外資繼續轉弱，再分批降低部位。,42.5,85,89.8,,53.03,-11.62,-32.41,54.79,111.42,0.03,121.35,7.65,,1,0,7,99,415,415,0,32.881,-542.2090000000001,-638.3810000000001,3019.6279999999997,0,99,415,415,3,0,8890200,-2,-13.171999999999997,12.62,28,-639,-553,,27.881,-639.2090000000001,-1040.209,2596.8,48.09,19.84,35.35,-11.17,false,false,-6.68,-22.25,外資持股5/10日下降，且外資5日賣超；當下除權息調整價未守20日EMA；單季稅前獲利對營業外貢獻依賴偏高
103,8039,台虹,TWSE,電子零組件業,等待確認,續抱觀察,已有部位可續抱觀察，但暫不追價；若收盤跌破60日EMA約 162.63 且法人籌碼轉弱，先減碼三分之一。,42.4,100,175.5,,-6.57,2.45,6.06,32.91,245.15,0.65,74.05,4.37,1.13,2,0,0,0,0,-253,0,-42.346,1427.477,-2191.968,12382.882,0,-1804,229,1029,1,1,-316602000,537.039,1996.0790000000002,21.69,-72,2992,12833,,-71.346,2694.438,-4417.0470000000005,9174.115999999998,47.69,38.58,63.88,-12.04,false,true,-7.66,-24.68,當下除權息調整價未守20日EMA；借券賣出與借券賣出餘額壓力升高
104,3532,台勝科,TWSE,半導體業,等待確認,暫停加碼／跌破減碼,已有部位暫停加碼；若收盤跌破60日EMA約 346.84，且下一交易日仍未收復，先減碼三分之一；若ETF或外資繼續轉弱，再分批降低部位。,41.4,100,308,,23.71,15.76,-3.18,52.65,251.18,-0.18,389.87,4.93,0.32,7,4,7,296,302,456,0,307.251,-2162.284,-1495.7179999999998,4686.459,-319,-3947,-861,6958,0,5,-1215676000,-251.217,-1255.496,43.75,481,2303,957,,684.489,2035.933,620.778,-549.104,38.34,8.34,19.6,-14.18,false,false,-23.18,-34.19,投信5/10日持續且具金額意義的賣超；當下除權息調整價未守20日EMA；估值高且成長不足以支撐
105,2208,台船,TWSE,航運業,等待確認,暫停加碼／跌破減碼,已有部位暫停加碼；若收盤跌破60日EMA約 19.53，且下一交易日仍未收復，先減碼三分之一；若ETF或外資繼續轉弱，再分批降低部位。,36.2,100,18.4,,14.86,-30.71,-3.8,85.17,110.85,0.07,,3.19,,1,0,0,0,0,0,0,-105.379,-2928.5159999999996,-3017.114,-4731.068,0,0,0,0,0,0,0,17,27,7.32,-118,-2946,-3640,,-118.379,-2945.5159999999996,-3044.114,-4745.061,42.31,9.89,16.11,-2.56,false,false,-6.32,-8.46,外資持股5/10日下降，且外資5日賣超；當下除權息調整價未守20日EMA；單季稅前獲利對營業外貢獻依賴偏高
106,2201,裕隆,TWSE,汽車工業,等待確認,續抱觀察,已有部位可續抱觀察，但暫不追價；若收盤跌破60日EMA約 27.95 且法人籌碼轉弱，先減碼三分之一。,36,100,27,,-8.06,-3.62,9.01,74.03,100.51,0.35,31.76,0.45,2.07,3,0,1,1,-528,-541,0,423.86,350.35699999999997,2797.798,9652.905999999999,8,25,-509,-526,4,0,675000,-88.892,88.24200000000002,4.91,381,452,1462,,423.584,414.249,3218.556,10004.567,38.5,15.56,24.81,-2.95,false,false,-3.39,-3.91,累計營收負成長且當月改善不足；當下除權息調整價未守20日EMA
107,3576,聯合再生,TWSE,光電業,等待確認,續抱觀察,已有部位可續抱觀察，但暫不追價；若收盤跌破60日EMA約 17.63 且法人籌碼轉弱，先減碼三分之一。,33.6,100,16,,-9.51,-24.09,-86.65,48.61,146.42,1.07,38.1,1.99,,1,0,0,0,0,0,0,469.81,-1510.8220000000001,33742.058,44512.71399999999,0,0,0,0,0,0,0,155,86,14.6,391,-1666,57782,,390.81,-1665.8220000000001,33656.058,44469.71399999999,38.5,23.27,39.69,-9.56,false,false,-8.99,-17.74,累計營收負成長且當月改善不足；當下除權息調整價未守20日EMA；單季稅前獲利對營業外貢獻依賴偏高
108,8271,宇瞻,TWSE,半導體業,暫不承接,暫停加碼／跌破減碼,已有部位暫停加碼；若收盤跌破60日EMA約 199.72，且下一交易日仍未收復，先減碼三分之一；若ETF或外資繼續轉弱，再分批降低部位。,68.8,100,222.5,,200.65,251.11,32.85,58.38,158.13,14.54,5.53,3.03,2,3,0,0,-31,-122,560,0,2169.352,1068.0749999999998,399.98299999999983,-1255.6420000000003,0,-31,-122,560,0,1,-6897500,13.719999999999999,193.844,8.65,1917,1522,1285,,2126.55,1085.3550000000005,328.1390000000002,-1856.8519999999999,61.92,81.05,74.73,93.69,false,false,11.13,13.23,ETF短中期同步減碼；20日累積後5日轉為調節
109,6177,達麗,TWSE,建材營造,暫不承接,暫停加碼／跌破減碼,已有部位暫停加碼；若收盤跌破60日EMA約 46.39，且下一交易日仍未收復，先減碼三分之一；若ETF或外資繼續轉弱，再分批降低部位。,68.7,100,47.1,,1322.16,667.77,43.14,72.12,139.8,3.53,6.31,1.75,6.37,2,0,-14,-86,-86,1805,0,719.715,1461.4660000000001,3983.1820000000002,5741.87,0,-86.657,292.343,2370.343,0,2,-4081545,142.673,298.117,7.52,679,1199,4923,,700.895,1405.45,3392.722,3064.41,51.93,47.94,61.67,20.47,false,true,0.05,-2.48,ETF短中期同步減碼；20日累積後5日轉為調節
110,2451,創見,TWSE,半導體業,暫不承接,停止加碼／開始減碼,已有部位先停止加碼。反彈若仍未站回 272.67，分批降低部位；只有站回且ETF／外資賣壓收斂後才重新評估。,67.7,100,269.5,,381.55,422.17,71.8,29.58,288.26,18.93,4.69,3.02,4.37,18,1,11,-471,-2184,-503,0,97.647,-6255.102000000001,-7720.708,-11483.315,6,-462,-2121,-437,4,1,-124509000,157.868,131.521,9.85,76,-4690,-4106,,9.909,-5950.97,-5731.229000000001,-11157.019,52.87,77.92,65.95,101.87,false,false,4.43,11.59,中期趨勢仍向下；ETF短中期同步減碼；外資持股5/10日下降，且外資5日賣超；20日趨勢尚未上彎
111,2347,聯強,TWSE,電子通路業,暫不承接,停止加碼／開始減碼,已有部位先停止加碼。反彈若仍未站回 87.65，分批降低部位；只有站回且ETF／外資賣壓收斂後才重新評估。,63.7,100,85.4,,135.45,77.39,2.67,67.19,132.14,1.77,14.85,1.81,4.92,23,267,906,-954,-12338,11586,0,66.638,2006.0729999999999,10241.452,6944.433000000001,40,-1239,-14375.124,7743.876,4,1,-105810600,538.6969999999999,2143.602,29.3,-85,1933,29178,,-188.14,2706.3759999999997,22472.974,1153.1129999999976,43.64,54.5,59.34,44.81,false,true,-2.57,-3.17,中期趨勢仍向下；ETF短中期同步減碼；20日累積後5日轉為調節；20日趨勢尚未上彎；當下除權息調整價未守20日EMA
112,2211,長榮鋼,TWSE,鋼鐵工業,暫不承接,暫停加碼／跌破減碼,已有部位暫停加碼；若收盤跌破60日EMA約 93.86，且下一交易日仍未收復，先減碼三分之一；若ETF或外資繼續轉弱，再分批降低部位。,63,100,88,,47.25,2.08,18.62,20.87,278.83,1.07,10.76,1.35,7.39,4,0,0,0,-12,-11,0,378.907,758.528,-98.09299999999993,-535.364,4,8,109.369,106.369,2,0,704000,-175.073,-280.132,3.48,654,1386,258,,371.347,925.601,72.66999999999996,-504.33000000000004,32.44,19.66,19.81,19.37,false,false,-3.38,0.23,中期趨勢仍向下；20日趨勢尚未上彎；當下除權息調整價未守20日EMA
113,9958,世紀鋼,TWSE,鋼鐵工業,暫不承接,暫停加碼／跌破減碼,已有部位暫停加碼；若收盤跌破60日EMA約 113.18，且下一交易日仍未收復，先減碼三分之一；若ETF或外資繼續轉弱，再分批降低部位。,62.5,100,104,,64.09,29.18,28.83,49.86,123.34,2.63,13.27,2.24,4.33,4,0,0,9,278,498,9,538.017,923.5010000000001,237.7180000000002,558.5330000000001,2,13,281,501,2,0,1352000,-126.12200000000001,-132.01200000000003,10.19,1001,2009,933,,584.32,1036.623,88.72999999999996,64.90799999999996,34.48,18.26,23.65,7.48,false,false,-7.42,-9.96,中期趨勢仍向下；20日趨勢尚未上彎；當下除權息調整價未守20日EMA
114,2897,王道銀行,TWSE,金融保險業,暫不承接,暫停加碼／跌破減碼,已有部位暫停加碼；若收盤跌破60日EMA約 10.30，且下一交易日仍未收復，先減碼三分之一；若ETF或外資繼續轉弱，再分批降低部位。,62.4,100,10.25,,14.1,30.36,,90.87,,0.28,15.07,0.7,5.07,2,0,0,132,164,2669,132,2743.34,10035.06,9319.141000000001,12158.141000000001,0,132,164,2669,1,0,1353000,370.102,471.102,8.47,2743,9858,5739,,2646.34,9532.958,8684.039000000002,9041.039000000002,44.71,41.44,40.93,42.45,true,false,-1.11,-2.38,中期趨勢仍向下；20日趨勢尚未上彎；當下除權息調整價未守20日EMA
115,3034,聯詠,TWSE,半導體業,暫不承接,暫停加碼／跌破減碼,已有部位暫停加碼；若收盤跌破60日EMA約 488.22，且下一交易日仍未收復，先減碼三分之一；若ETF或外資繼續轉弱，再分批降低部位。,62,100,505,,18.96,-2.75,17.4,30.62,363.74,6.19,20.7,4.27,4.55,49,162,256,-201,-2941,182,1,1677.653,4820.126,9563.431,17701.769,77.303,-317.219,-3960.775,-1296.4209999999998,4,1,-160195595,113.44899999999998,463.21599999999995,40.7,1468,5674,26014,,1679.253,5023.896000000001,13060.990000000002,19984.461000000003,51.23,69.46,62.46,83.45,false,false,0.87,0.8,ETF短中期同步減碼；20日累積後5日轉為調節；20日趨勢尚未上彎
116,2606,裕民,TWSE,航運業,暫不承接,停止加碼／開始減碼,已有部位先停止加碼。反彈若仍未站回 63.38，分批降低部位；只有站回且ETF／外資賣壓收斂後才重新評估。,61.6,100,61.3,,35.52,26.3,25.38,54.72,192.33,1.17,11.77,1.28,4.57,8,0,-2,-696,-4052,-4335,0,-99.468,4101.72,8107.098000000001,16161.923000000003,1,-689,-4047,-5101,2,3,-42235700,-137.35500000000002,-208.49600000000004,19.12,-14,3475,16210,,-42.536,4928.075,12362.594000000001,21497.035,43.7,41.39,50.85,22.48,false,true,-2.31,-4.37,ETF短中期同步減碼；投信5/10日持續且具金額意義的賣超；當下除權息調整價未守20日EMA
117,2317,鴻海,TWSE,其他電子業,暫不承接,暫停加碼／跌破減碼,已有部位暫停加碼；若收盤跌破60日EMA約 246.24，且下一交易日仍未收復，先減碼三分之一；若ETF或外資繼續轉弱，再分批降低部位。,61,100,237,,52.11,34.99,3.57,61.98,145.13,3.56,16.83,1.86,3.03,41,4888,7665,8067,16515,29437,0,2028.148,5885.988000000001,59093.96000000001,-5606.317999999999,1094.229,3661.776,5120.460999999999,12047.257,5,0,867840912,4863.995,13806.966,40.14,-2493,-6120,45716,,-1315.535,-2639.7829999999994,40166.533,-29575.217999999993,42.27,46.53,57.98,23.65,false,true,-3.38,-5.77,中期趨勢仍向下；外資持股趨勢資料不足或期間有非市場異動；20日趨勢尚未上彎；當下除權息調整價未守20日EMA；借券賣出與借券賣出餘額壓力升高
118,3036,文曄,TWSE,電子通路業,暫不承接,暫停加碼／跌破減碼,已有部位暫停加碼；若收盤跌破60日EMA約 219.41，且下一交易日仍未收復，先減碼三分之一；若ETF或外資繼續轉弱，再分批降低部位。,60.9,100,184.5,,188.09,114.03,2.01,83.24,116.9,5.32,13.09,2.07,4.23,23,302,449,454,-4922,-22532,359,1281.939,1739.4000000000003,-171.63199999999983,-11801.564,140.844,401.078,-8131.258,-28159.837,4,1,73998891,-129.95200000000003,414.95799999999997,27.72,-10,-1775,382,,1007.132,1468.274,7544.668,16202.198999999999,31.71,39.87,44.5,30.62,false,true,-9.45,-6.58,中期趨勢仍向下；20日趨勢尚未上彎；當下除權息調整價未守20日EMA
119,2382,廣達,TWSE,電腦及週邊設備業,暫不承接,暫停加碼／跌破減碼,已有部位暫停加碼；若收盤跌破60日EMA約 345.21，且下一交易日仍未收復，先減碼三分之一；若ETF或外資繼續轉弱，再分批降低部位。,60.3,100,309.5,,102.87,86.48,2.85,87.45,117.06,5.5,15.56,5.75,5.04,48,1392,5723,6283,8309,32898,0,18.258,1770.937,12165.567,9405.516,371.799,4864.436,3404.144,25475.795,5,0,1505542942,57.88799999999998,-3926.351,19.86,937,483,-377,,519.439,-3151.3869999999997,12687.774,-13707.492,31.23,18.19,21.25,12.07,false,true,-9.41,-5.93,中期趨勢仍向下；20日趨勢尚未上彎；當下除權息調整價未守20日EMA
120,9938,百和,TWSE,其他,暫不承接,停止加碼／開始減碼,已有部位先停止加碼。反彈若仍未站回 46.25，分批降低部位；只有站回且ETF／外資賣壓收斂後才重新評估。,60.3,100,46.6,,21.21,0.03,12.89,53.72,118.79,0.87,13.55,1.08,6.44,3,0,-12,-35,-45,1640,0,-212.687,-2338.554,-3136.675,-1146.7510000000002,0,-35.12,256.639,1941.6390000000001,0,2,-1636592,568.778,1128.934,8.09,47,-1594,-2306,,-191.314,-2872.212,-4522.248,-4264.099,54.89,56.83,62.8,44.89,false,false,0.75,-1.06,ETF短中期同步減碼；20日累積後5日轉為調節；外資持股5/10日下降，且外資5日賣超
121,2855,統一證,TWSE,金融保險業,暫不承接,停止加碼／開始減碼,已有部位先停止加碼。反彈若仍未站回 45.82，分批降低部位；只有站回且ETF／外資賣壓收斂後才重新評估。,60.2,100,40.8,,199.02,334.18,,84.35,116.12,1.43,9.13,1.57,5.17,12,601,1963,2279,4484,8579,1,215.81,-2864.428,-2265.7870000000003,-1762.1720000000005,619,2313,4508.531,8555.530999999999,5,0,94370400,0,0,7.35,-148,-5900,-12019,,-403.19,-5177.428,-6774.317999999999,-10315.703,29.94,24.39,24.73,23.71,false,true,-10.96,-8.31,中期趨勢仍向下；外資持股5/10日下降，且外資5日賣超；20日趨勢尚未上彎；當下除權息調整價未守20日EMA
122,8462,柏文,TWSE,運動休閒,暫不承接,暫停加碼／跌破減碼,已有部位暫停加碼；若收盤跌破60日EMA約 149.14，且下一交易日仍未收復，先減碼三分之一；若ETF或外資繼續轉弱，再分批降低部位。,59.8,100,164,,20.11,20.24,16.17,77.98,71.55,2.42,17.67,4.8,4.44,1,0,0,0,3,3,0,196.756,240.70600000000002,290.918,1322.194,0,0,3,3,0,0,0,11.766,12.766,5.39,200,235,996,,194.99,228.94000000000003,275.15200000000004,1313.428,67.2,61.17,44.6,94.31,true,false,5.35,5.13,
123,1795,美時,TWSE,生技醫療業,暫不承接,停止加碼／開始減碼,已有部位先停止加碼。反彈若仍未站回 202.23，分批降低部位；只有站回且ETF／外資賣壓收斂後才重新評估。,59.4,100,175.5,,225.46,84.17,22.66,77.65,159.47,2.18,11.97,1.92,1.53,2,0,0,1,3,58,1,438.668,-748.2539999999999,-535.9219999999998,-1153.292,2,5,6,61,2,0,877500,-124.15899999999999,-239.96300000000002,51.97,45,-550,-1098,,440.438,-629.095,-301.959,-953.2449999999999,32.34,10.6,11.5,8.8,false,false,-7.68,-8.83,中期趨勢仍向下；外資持股5/10日下降，且外資5日賣超；20日趨勢尚未上彎；當下除權息調整價未守20日EMA
124,2646,星宇航空,TWSE,航運業,暫不承接,暫停加碼／跌破減碼,已有部位暫停加碼；若收盤跌破60日EMA約 21.15，且下一交易日仍未收復，先減碼三分之一；若ETF或外資繼續轉弱，再分批降低部位。,59.2,100,21.5,,40.81,30,9.87,78.34,92.65,0.3,238.89,2.03,,3,0,0,0,23,1789,0,2409.588,8160.4220000000005,15820.715,24476.119000000002,10,30,47,1809,4,0,645000,185.52999999999997,440.5849999999999,3.39,2292,5535,12325,,2381.098,7944.892,15333.13,22316.405,53.4,49.98,48.82,52.31,true,false,0.66,0.47,
125,1476,儒鴻,TWSE,紡織纖維,暫不承接,暫停加碼／跌破減碼,已有部位暫停加碼；若收盤跌破60日EMA約 338.34，且下一交易日仍未收復，先減碼三分之一；若ETF或外資繼續轉弱，再分批降低部位。,58.6,100,338.5,,14.42,3.22,22.81,25.39,252.31,6.69,16.38,3.38,4.43,13,1,6,-267,-1567,-1264,0,162.324,667.531,1601.357,4955.101,2.6,-262.485,-1563.832,-1257.2150000000001,3,1,-88851172,-29.149,-53.317,30.3,304,1002,4081,,168.103,959.165,3218.506,6320.198,52.64,54.71,53.53,57.07,true,false,0.87,0.3,ETF短中期同步減碼
126,2316,楠梓電,TWSE,電子零組件業,暫不承接,暫停加碼／跌破減碼,已有部位暫停加碼；若收盤跌破60日EMA約 167.18，且下一交易日仍未收復，先減碼三分之一；若ETF或外資繼續轉弱，再分批降低部位。,58,100,136.5,,27.83,30.96,-7.14,31.42,226.6,3.53,8.84,1.8,1.47,2,58,83,177,561,574,77,479.023,312.697,-551.0720000000001,-2680.855,58,177,561,574,5,0,24160500,-125.94600000000001,-150.822,35.92,111,1652,-1261,,441.304,261.6429999999999,-961.25,-3010.5299999999997,30.56,17.31,19.26,13.4,false,true,-19.83,-15.48,中期趨勢仍向下；20日趨勢尚未上彎；當下除權息調整價未守20日EMA；單季稅前獲利對營業外貢獻依賴偏高
127,4967,十銓,TWSE,半導體業,暫不承接,暫停加碼／跌破減碼,已有部位暫停加碼；若收盤跌破60日EMA約 246.72，且下一交易日仍未收復，先減碼三分之一；若ETF或外資繼續轉弱，再分批降低部位。,57.8,85,218.5,,35,67.74,32.12,67.6,163.3,27,5.59,2.62,4.58,2,0,0,0,26,866,0,-42.331,-443.19500000000005,72.71800000000002,-415.385,0,0,26,866,0,0,0,-9.719999999999995,-97.197,6.45,-20,-272,6,,-63.462,-433.47499999999997,143.915,-596.764,39.79,57.92,49.74,74.28,false,false,-4.54,0,中期趨勢仍向下；20日趨勢尚未上彎；當下除權息調整價未守20日EMA
128,2727,王品,TWSE,觀光餐旅,暫不承接,暫停加碼／跌破減碼,已有部位暫停加碼；若收盤跌破60日EMA約 233.88，且下一交易日仍未收復，先減碼三分之一；若ETF或外資繼續轉弱，再分批降低部位。,57.6,100,229,,16.59,12.08,8.25,76.35,99.96,5.04,13.76,4.95,7.04,2,0,0,0,2,-133,0,391.163,1058.041,1413.4540000000002,-258.4789999999998,1,2,4,-160,2,0,458000,-90.658,-286.944,29.96,57,758,201,,428.029,1146.699,1696.3980000000001,169.78100000000006,45.87,68.35,48.42,108.21,false,false,-0.59,3.39,中期趨勢仍向下；20日趨勢尚未上彎；當下除權息調整價未守20日EMA
129,4904,遠傳,TWSE,通信網路業,暫不承接,暫停加碼／跌破減碼,已有部位暫停加碼；若收盤跌破60日EMA約 101.08，且下一交易日仍未收復，先減碼三分之一；若ETF或外資繼續轉弱，再分批降低部位。,57.6,100,106.5,,15.9,10.14,17.63,45.96,92.82,1.03,27.03,4.01,3.58,37,-853,-239,-2514,-8423,23904,-1295,7004.589,29343.964,47549.401000000005,46290.97600000001,-1833.905,-3805.848,-14297.789999999999,14135.16,3,2,-405322812,1754.685,6038.162,19.04,8998,30871,59900,,9030.747,31395.127,55809.028999999995,26664.896999999997,58.54,80.24,76.9,86.9,false,false,3.33,3.4,ETF短中期同步減碼；20日累積後5日轉為調節；ETF 1/3日已轉為減碼；主動ETF 5日轉為減碼；20日趨勢尚未上彎
130,8112,至上,TWSE,電子通路業,暫不承接,停止加碼／開始減碼,已有部位先停止加碼。反彈若仍未站回 87.16，分批降低部位；只有站回且ETF／外資賣壓收斂後才重新評估。,57.5,100,76.7,,231.17,153.98,3.1,81.61,145.57,3.91,9.24,2.19,4.95,7,0,-5,-176,-633,12467,0,-1113.582,-13486.573,2313.2770000000005,-15177.803,0,-176,-2452.485,10648.515,0,2,-13499200,-627.189,-997.1489999999999,13.14,1600,-12168,3352,,-1258.842,-12683.384,5762.910999999999,-24200.353,34.13,27.23,35.74,10.2,false,true,-10.36,-12.94,中期趨勢仍向下；ETF短中期同步減碼；20日累積後5日轉為調節；外資持股趨勢資料不足或期間有非市場異動；20日趨勢尚未上彎；當下除權息調整價未守20日EMA
131,2851,中再保,TWSE,金融保險業,暫不承接,暫停加碼／跌破減碼,已有部位暫停加碼；若收盤跌破60日EMA約 35.54，且下一交易日仍未收復，先減碼三分之一；若ETF或外資繼續轉弱，再分批降低部位。,57.4,100,34.05,,6.04,148.43,,60.25,,2.3,6.57,1.16,6.46,2,0,0,0,21,1279,0,429.405,501.353,-225.97000000000003,2616.881,0,0,21,1279,0,0,0,39.031,139.69,9.09,560,580,325,,419.288,462.322,-386.65999999999985,1353.5580000000002,34.33,16.07,16.61,14.97,false,false,-5.92,-4.62,中期趨勢仍向下；20日趨勢尚未上彎；當下除權息調整價未守20日EMA
132,6782,視陽,TWSE,生技醫療業,暫不承接,停止加碼／開始減碼,已有部位先停止加碼。反彈若仍未站回 195.54，分批降低部位；只有站回且ETF／外資賣壓收斂後才重新評估。,57.3,100,177,,45.95,23.39,28.11,32.69,126.45,3.82,11.94,2.65,4.75,1,0,0,0,0,0,0,36.304,-431.94899999999996,-665.531,-38.664999999999964,0,0,100,100,0,0,0,-29.313,-9.288000000000002,7.7,76,-461,-679,,35.802,-402.636,-756.2430000000002,-213.4580000000002,29.86,11.39,11.26,11.64,true,false,-7.52,-6.1,中期趨勢仍向下；外資持股5/10日下降，且外資5日賣超；20日趨勢尚未上彎；當下除權息調整價未守20日EMA
133,8926,台汽電,TWSE,油電燃氣業,暫不承接,停止加碼／開始減碼,已有部位先停止加碼。反彈若仍未站回 67.38，分批降低部位；只有站回且ETF／外資賣壓收斂後才重新評估。,57.2,100,60.8,,1719.48,712.57,8.45,63.98,169.34,2.11,14.9,2.55,3.49,5,3,1,469,60,727,0,148.22,-1327.69,-4063.0290000000005,-14788.45,9,482.437,70.505,734.505,2,2,29332170,20.162999999999997,-10.968000000000004,8.38,254,-1395,-9982,,130.357,-1830.2900000000002,-4122.566000000001,-15611.91,31.45,12.67,11.09,15.83,true,true,-9.77,-6.03,中期趨勢仍向下；外資持股5/10日下降，且外資5日賣超；20日趨勢尚未上彎；當下除權息調整價未守20日EMA
134,2330,台積電,TWSE,半導體業,暫不承接,停止加碼／開始減碼,"已有部位先停止加碼。反彈若仍未站回 2,364.24，分批降低部位；只有站回且ETF／外資賣壓收斂後才重新評估。",56.9,100,2200,,67.87,35.61,58.1,31.5,248.83,22.08,29.58,9.68,1,66,8890,11653,12649,30149,42379,-2024,-4665.24,-28902.03,-64333.223,-102045.455,1652.413,2110.1279999999997,7711.511,17768.148999999998,4,1,4642281600,11770.858999999999,19371.961,69.16,-14292,-45538,-130313,,-11210.895,-42783.017,-91416.695,-143758.185,35.18,21.83,32.8,-0.12,false,true,-6.95,-8.33,中期趨勢仍向下；主動ETF 5日轉為減碼；外資持股5/10日下降，且外資5日賣超；20日趨勢尚未上彎；當下除權息調整價未守20日EMA
135,2867,三商壽,TWSE,金融保險業,暫不承接,暫停加碼／跌破減碼,已有部位暫停加碼；若收盤跌破60日EMA約 8.54，且下一交易日仍未收復，先減碼三分之一；若ETF或外資繼續轉弱，再分批降低部位。,56.9,100,9.37,,187.2,335.29,,95.07,,-0.03,66.93,0.71,,1,0,0,0,0,0,0,6424.688,27642.688000000002,71331.289,116526.189,0,0,0,0,0,0,0,2814,5048.48,21.8,4137,24172,132755,,4105.688,24828.688000000002,66282.80900000001,106497.709,69.19,64.05,66.85,58.43,false,false,3.79,0.97,
136,7749,意騰-KY,TWSE,半導體業,暫不承接,暫停加碼／跌破減碼,已有部位暫停加碼；若收盤跌破60日EMA約 420.59，且下一交易日仍未收復，先減碼三分之一；若ETF或外資繼續轉弱，再分批降低部位。,56.4,100,311.5,,64.48,64.12,32,10.43,897.15,3.56,25,3.68,2.89,1,0,0,0,0,5,0,98.809,53.966,-48.62199999999999,-129.529,0,0,0,0,0,0,0,-12.193999999999999,-15.244,22.94,161,166,-4,,104.107,66.15999999999998,-33.378000000000014,-113.05000000000001,22.03,12.67,14.78,8.44,false,true,-17.76,-15.35,中期趨勢仍向下；20日趨勢尚未上彎；當下除權息調整價未守20日EMA
137,8016,矽創,TWSE,半導體業,暫不承接,暫停加碼／跌破減碼,已有部位暫停加碼；若收盤跌破60日EMA約 290.75，且下一交易日仍未收復，先減碼三分之一；若ETF或外資繼續轉弱，再分批降低部位。,56.2,100,264.5,,26.61,28.95,11.53,34.06,215.56,4.6,16.61,2.72,4.35,13,34,46,-2,100,455,44,219.838,133.04999999999998,777.38,4401.464,34,-2,53.941,336.94100000000003,3,1,-529000,-46.471,-71.829,43.87,-45,6,697,,194.199,181.521,795.268,4343.141,35.21,24.72,27.97,18.24,false,true,-11.69,-11.69,中期趨勢仍向下；20日累積後5日轉為調節；20日趨勢尚未上彎；當下除權息調整價未守20日EMA
138,2609,陽明,TWSE,航運業,暫不承接,停止加碼／開始減碼,已有部位先停止加碼。反彈若仍未站回 51.33，分批降低部位；只有站回且ETF／外資賣壓收斂後才重新評估。,55.9,100,50.1,,20.18,0.49,1.94,28.34,441.4,0.41,16.27,0.53,3.99,12,1,-5,-1,-112,367,0,4634.086,12807.454000000002,35036.460999999996,18679.697999999997,1.887,16.349999999999998,-295.82000000000005,166.34399999999994,3,2,819135,-255.672,-532.7,20.12,8107,19327,70400,,4679.453,13046.776,35864.981,19472.635000000002,46.64,58.18,63.03,48.48,false,true,-1.28,-2.53,中期趨勢仍向下；ETF短中期同步減碼；20日累積後5日轉為調節；20日趨勢尚未上彎；當下除權息調整價未守20日EMA；單季稅前獲利對營業外貢獻依賴偏高
139,9802,鈺齊-KY,TWSE,運動休閒,暫不承接,暫停加碼／跌破減碼,已有部位暫停加碼；若收盤跌破60日EMA約 76.12，且下一交易日仍未收復，先減碼三分之一；若ETF或外資繼續轉弱，再分批降低部位。,55.8,100,72.7,,15.45,0.37,5.13,38.72,126.86,0.89,12.82,1.08,7.02,1,0,0,0,-245,-245,0,39.5,432.05899999999997,854.384,2405.199,2,6,-240,-240,3,0,436200,16.741999999999997,21.387999999999998,41.9,-22,520,1367,,38.5,409.317,1072.996,2581.911,44.12,38.59,39.35,37.09,false,false,-1.7,-1.62,中期趨勢仍向下；20日趨勢尚未上彎；當下除權息調整價未守20日EMA
140,2204,中華,TWSE,汽車工業,暫不承接,暫停加碼／跌破減碼,已有部位暫停加碼；若收盤跌破60日EMA約 55.07，且下一交易日仍未收復，先減碼三分之一；若ETF或外資繼續轉弱，再分批降低部位。,55.7,100,51.7,,6.71,10.1,4.62,24.95,116.52,1.18,9.54,0.78,6.96,5,0,-12,1,-276,1324,33,236.729,-202.039,-2367.499,714.8009999999999,4,11.774000000000001,-104.637,1491.363,2,2,608716,19.974,141.827,17.54,396,396,-2465,,237.11,-233.787,-2404.6889999999994,-1439.3889999999997,29.09,8.82,12.67,1.12,false,false,-5.29,-6.85,中期趨勢仍向下；20日趨勢尚未上彎；當下除權息調整價未守20日EMA
141,2356,英業達,TWSE,電腦及週邊設備業,暫不承接,停止加碼／開始減碼,已有部位先停止加碼。反彈若仍未站回 62.86，分批降低部位；只有站回且ETF／外資賣壓收斂後才重新評估。,55.7,100,60.3,,61.62,36.83,1.8,80.71,109.27,0.68,22.93,2.95,3.32,23,1204,1677,-2448,-22491,20391,0,8187.216,17089.351,37813.992,15874.720000000001,751.426,-2703.925,-30404.306,8946.55,4,1,-163046677,-416.08500000000004,-867.2150000000001,17.4,7382,34110,63500,,7498.082,20209.361,69085.513,6903.669000000009,43.95,46.2,44.27,50.06,false,false,-4.07,-2.27,中期趨勢仍向下；ETF短中期同步減碼；20日累積後5日轉為調節；20日趨勢尚未上彎；當下除權息調整價未守20日EMA
142,1714,和桐,TWSE,化學工業,暫不承接,暫停加碼／跌破減碼,已有部位暫停加碼；若收盤跌破60日EMA約 14.71，且下一交易日仍未收復，先減碼三分之一；若ETF或外資繼續轉弱，再分批降低部位。,55.6,100,13.2,,73.41,58.4,6.87,29.31,345.88,0.23,20.63,1.02,1.36,1,0,41,600,2225,2225,0,4728.022,10800.197999999999,14583.865999999996,-53858.959,0,600,2225,2225,3,0,7920000,-1.9329999999999927,-170.395,19.34,4580,10820,-2078,,4815.136,10202.131000000001,12529.261,-54507.528,34.28,11.78,13.71,7.94,false,true,-16.18,-15.92,中期趨勢仍向下；20日趨勢尚未上彎；當下除權息調整價未守20日EMA
143,2731,雄獅,TWSE,觀光餐旅,暫不承接,暫停加碼／跌破減碼,已有部位暫停加碼；若收盤跌破60日EMA約 152.67，且下一交易日仍未收復，先減碼三分之一；若ETF或外資繼續轉弱，再分批降低部位。,55.6,100,145,,-0.46,9.79,5.1,59.31,150.1,4.17,8.48,2.53,8.83,2,0,0,1,6,247,0,259.547,120.251,14.558000000000016,-553.033,0,1.189,6.175,248.175,1,0,172405,26.461999999999996,13.078999999999999,9.31,276,165,-248,,258.6,92.60000000000002,-4.6959999999999855,-791.66,42.72,52.25,48.41,59.94,false,false,-0.94,0,中期趨勢仍向下；20日趨勢尚未上彎；當下除權息調整價未守20日EMA
144,2633,台灣高鐵,TWSE,航運業,暫不承接,暫停加碼／跌破減碼,已有部位暫停加碼；若收盤跌破60日EMA約 26.12，且下一交易日仍未收復，先減碼三分之一；若ETF或外資繼續轉弱，再分批降低部位。,55.3,100,26.05,,2.77,4.03,43.23,80.58,117.4,0.37,21.53,1.96,4.41,10,411,493,2043,2623,13708,1,2697.764,6260.213,9573.749999999998,11587.002999999997,430,2083,2651,13729,3,1,54262150,302.978,254.234,6.07,2389,107,7629,,2159.764,3874.235,6668.5160000000005,-2323.826000000001,49.21,52.42,52.71,51.86,false,true,-0.14,0.39,中期趨勢仍向下；20日趨勢尚未上彎；當下除權息調整價未守20日EMA
145,3017,奇鋐,TWSE,電腦及週邊設備業,暫不承接,暫停加碼／跌破減碼,"已有部位暫停加碼；若收盤跌破60日EMA約 2,367.48，且下一交易日仍未收復，先減碼三分之一；若ETF或外資繼續轉弱，再分批降低部位。",55.2,100,2095,,66.11,85.46,24.51,70.84,120.56,20.17,34.42,18.21,1,42,151,332,341,955,2071,131,-169.189,1611.712,-14.342999999999847,1655.2760000000003,-137.941,1180.059,2535.741,4085.7459999999996,4,1,2472223605,168.60999999999999,369.06100000000004,52.32,-72,311,-2947,,-76.055,263.0430000000001,-2919.1449999999995,-2543.2739999999994,39.65,46.51,54.91,29.69,false,true,-9.63,-7.51,中期趨勢仍向下；20日趨勢尚未上彎；當下除權息調整價未守20日EMA
146,2323,中環,TWSE,光電業,暫不承接,停止加碼／開始減碼,已有部位先停止加碼。反彈若仍未站回 10.83，分批降低部位；只有站回且ETF／外資賣壓收斂後才重新評估。,55.1,100,9.51,,38.84,16.06,6.21,33.28,277.29,-0.41,4.36,0.55,2.1,1,22,22,22,133,33,0,-6540.502,-14863.082000000002,-22741.97,-21232.169,22,22,133,33,1,0,209220,-905.35,-2158.3,9.82,-5324,-11344,-24272,,-5933.806,-13979.732,-20716.67,-18925.498,33.12,20.44,26.16,9.01,false,true,-10.25,-10.28,中期趨勢仍向下；外資持股5/10日下降，且外資5日賣超；20日趨勢尚未上彎；當下除權息調整價未守20日EMA
147,3617,碩天,TWSE,其他電子業,暫不承接,暫停加碼／跌破減碼,已有部位暫停加碼；若收盤跌破60日EMA約 210.08，且下一交易日仍未收復，先減碼三分之一；若ETF或外資繼續轉弱，再分批降低部位。,55.1,100,204.5,,25.6,8.89,16.26,37.35,279.17,4.13,14.48,2.11,4.86,3,0,0,0,-2,11,0,-9.989,170.194,484.91700000000003,336.105,0,0,-2.114,11.886,0,0,0,-12.445999999999998,-46.334999999999994,8.5,-193,-81,-220,,0.332,182.64,533.366,273.17499999999995,41.72,35.08,34.19,36.87,false,false,-4.65,-1.92,中期趨勢仍向下；20日趨勢尚未上彎；當下除權息調整價未守20日EMA
148,6196,帆宣,TWSE,其他電子業,暫不承接,暫停加碼／跌破減碼,已有部位暫停加碼；若收盤跌破60日EMA約 497.91，且下一交易日仍未收復，先減碼三分之一；若ETF或外資繼續轉弱，再分批降低部位。,55.1,100,447,,120.99,39.48,8.25,69.23,128.63,5.08,28.47,5.64,1.44,13,66,67,67,164,-794,0,349.312,552.586,652.633,1609.738,69,136,232,-730.436,5,0,60792000,-72.22,-219.006,17.89,554,711,2269,,326.899,488.806,639.6389999999999,2526.7349999999997,32.5,17.57,26.92,-1.13,false,false,-15.25,-18.43,中期趨勢仍向下；20日趨勢尚未上彎；當下除權息調整價未守20日EMA
149,8021,尖點,TWSE,其他電子業,暫不承接,暫停加碼／跌破減碼,已有部位暫停加碼；若收盤跌破60日EMA約 448.57，且下一交易日仍未收復，先減碼三分之一；若ETF或外資繼續轉弱，再分批降低部位。,55,100,316.5,,90.11,66.6,20.12,35.15,258.65,1.17,90.69,8.53,0.62,11,0,6,1252,1595,1756,1092,536.437,594.002,131.62699999999995,1424.1799999999998,9,1445,1874.893,1988.893,3,1,457342500,-94.69,-615.876,20.3,544,62,468,,546.437,-756.308,-1127.3899999999999,-168.9989999999999,31.01,6.02,10.82,-3.6,false,false,-27.59,-24.37,中期趨勢仍向下；20日趨勢尚未上彎；當下除權息調整價未守20日EMA
150,2441,超豐,TWSE,半導體業,暫不承接,停止加碼／開始減碼,已有部位先停止加碼。反彈若仍未站回 124.77，分批降低部位；只有站回且ETF／外資賣壓收斂後才重新評估。,54.8,100,98.6,,33.15,21.76,19.56,13.88,325.2,1.4,21.11,2.22,3.04,8,6,7,422,2963,5384,0,-1772.106,-3332.936,-6094.548000000001,-1826.7849999999999,6,422,2963,5384,3,0,41609200,-867.436,-1198.3590000000002,10.74,-1240,-2235,-8780,,-1652.789,-2887.5,-7859.188999999999,-5925.407999999999,31.19,11.35,19.26,-4.46,false,false,-20.97,-22.67,中期趨勢仍向下；外資持股5/10日下降，且外資5日賣超；20日趨勢尚未上彎；當下除權息調整價未守20日EMA；借券賣出與借券賣出餘額壓力升高
151,6770,力積電,TWSE,半導體業,暫不承接,暫停加碼／跌破減碼,已有部位暫停加碼；若收盤跌破60日EMA約 68.29，且下一交易日仍未收復，先減碼三分之一；若ETF或外資繼續轉弱，再分批降低部位。,54.8,100,50.4,,68.75,37.81,104.82,44.07,311.73,3.36,28.47,2.21,,10,31,110,108,1615,819,0,1240.189,-93646.488,-211866.48799999998,-260502.713,-39,-7556,2214,-1736,1,4,-380822400,-7178.543,-10504.673000000003,12.2,-902,-65872,-186827,,3428.994,-78911.945,-203575.815,-248026.00300000003,29.45,7.76,15.97,-8.66,false,false,-23.76,-25.77,中期趨勢仍向下；外資持股趨勢資料不足或期間有非市場異動；20日趨勢尚未上彎；當下除權息調整價未守20日EMA；借券賣出與借券賣出餘額壓力升高
152,1608,華榮,TWSE,電器電纜,暫不承接,暫停加碼／跌破減碼,已有部位暫停加碼；若收盤跌破60日EMA約 33.06，且下一交易日仍未收復，先減碼三分之一；若ETF或外資繼續轉弱，再分批降低部位。,54.7,100,27.55,,13.35,15.81,12.15,35.31,187.04,0.37,5,1.2,7.26,3,0,0,6,-1,983,0,608.247,-1090.989,-6360.729,-8328.464,5,21.256,11.515,991.515,4,0,585603,-1.727999999999997,-401.039,2.15,972,875,-5545,,597.946,-1110.5169999999998,-5971.205,-8955.445,23.29,7.6,8.82,5.17,false,false,-12.46,-9.52,中期趨勢仍向下；20日趨勢尚未上彎；當下除權息調整價未守20日EMA
153,7769,鴻勁,TWSE,半導體業,暫不承接,暫停加碼／跌破減碼,"已有部位暫停加碼；若收盤跌破60日EMA約 6,313.65，且下一交易日仍未收復，先減碼三分之一；若ETF或外資繼續轉弱，再分批降低部位。",54.7,100,5175,,106.54,91.6,49.98,22.17,439.84,25.7,64.57,14.84,1.26,30,29,59,52,184,350,4,-41.631,-4.222000000000008,-113.93800000000002,-97.42399999999998,-135.99,-136.39,6.977000000000007,588.022,2,3,-705818250,22.817999999999998,31.773,19.3,98,84,-342,,84.518,109.35000000000001,-152.688,-748.889,32.11,19.22,32.44,-7.24,false,false,-17.59,-19.2,中期趨勢仍向下；投信20日買超後近5日轉賣；20日趨勢尚未上彎；當下除權息調整價未守20日EMA；2日內除權息，等待價格重置
154,1402,遠東新,TWSE,紡織纖維,暫不承接,暫停加碼／跌破減碼,已有部位暫停加碼；若收盤跌破60日EMA約 27.43，且下一交易日仍未收復，先減碼三分之一；若ETF或外資繼續轉弱，再分批降低部位。,54.6,100,27.25,,12.06,5.35,7.99,52.4,105.62,0.61,16.93,0.62,4.59,15,1,2532,5703,8963,35890,1,2667.331,36432.03,82007.72399999999,95695.20599999998,30.255,5764.378,9006.751999999999,35920.161,4,1,157079300,-1757.5279999999998,-1082.261,15.18,3623,33388,70127,,2860.472,32425.18,74083.23300000001,60840.826,46.01,47.35,51.78,38.49,false,true,-0.99,0.18,中期趨勢仍向下；20日趨勢尚未上彎；當下除權息調整價未守20日EMA
155,2363,矽統,TWSE,半導體業,暫不承接,暫停加碼／跌破減碼,已有部位暫停加碼；若收盤跌破60日EMA約 60.51，且下一交易日仍未收復，先減碼三分之一；若ETF或外資繼續轉弱，再分批降低部位。,54.6,100,45.5,,74.8,99.91,7.2,9.18,298.04,0.17,26.76,1.15,1.32,2,10,24,24,40,70,0,-1104.071,-4861.636,-13603.999,-13692.597000000002,10,24,40,70,2,0,1092000,-507.664,-807.5749999999999,6.91,-330,207,-7652,,-978.947,-4377.972,-12836.424,-12413.690999999999,26.79,12.43,18.4,0.51,false,false,-22.34,-22.88,中期趨勢仍向下；20日趨勢尚未上彎；當下除權息調整價未守20日EMA
156,6139,亞翔,TWSE,其他電子業,暫不承接,停止加碼／開始減碼,已有部位先停止加碼。反彈若仍未站回 812.79，分批降低部位；只有站回且ETF／外資賣壓收斂後才重新評估。,54.6,100,671,,49.7,69.88,17.21,65.29,145.77,9.45,18.62,7.22,3.43,21,28,139,490,1428,4291,195,119.253,-4222.422,-6323.1759999999995,-10874.391,-171,308.8,1007.8,4131.8,3,2,207204800,-125.88400000000004,-363.821,25.16,424,-4186,-9686,,399.054,-4405.338,-6967.154999999999,-14302.864999999998,33.51,20.52,30.77,0.01,false,true,-17.44,-20.5,中期趨勢仍向下；外資持股5/10日下降，且外資5日賣超；20日趨勢尚未上彎；當下除權息調整價未守20日EMA；借券賣出與借券賣出餘額壓力升高
157,6691,洋基工程,TWSE,其他電子業,暫不承接,停止加碼／開始減碼,已有部位先停止加碼。反彈若仍未站回 705.17，分批降低部位；只有站回且ETF／外資賣壓收斂後才重新評估。,54.5,100,629,,115.19,84.29,15.74,73.14,132.4,7.19,23.3,12.74,3.5,11,0,5,62,302,2828,0,-126.627,-979.784,-1745.842,-2724.9210000000003,1,64,304,2873,4,0,40256000,-36.367999999999995,-44.932,12.87,-71,-933,-2730,,-117.473,-1007.4160000000002,-2004.91,-5576.513,34.65,21.15,28.99,5.47,false,true,-10.8,-13.36,中期趨勢仍向下；外資持股5/10日下降，且外資5日賣超；20日趨勢尚未上彎；當下除權息調整價未守20日EMA
158,2753,八方雲集,TWSE,觀光餐旅,暫不承接,停止加碼／開始減碼,已有部位先停止加碼。反彈若仍未站回 180.16，分批降低部位；只有站回且ETF／外資賣壓收斂後才重新評估。,54.4,100,176,,10.85,7.26,12.55,52.65,148.58,3.56,13.07,3.3,6.82,3,0,-2,-4,-5,248,0,37.654,369.18999999999994,611.3039999999999,393.11699999999985,0,-4.479,-4.938,247.062,0,2,-788304,2.0349999999999993,-3.5070000000000006,5.27,52,292,690,,35.517,371.634,619.749,157.09400000000005,42.32,48.02,49.76,44.54,false,true,-1.36,-0.28,中期趨勢仍向下；ETF短中期同步減碼；20日累積後5日轉為調節；20日趨勢尚未上彎；當下除權息調整價未守20日EMA
159,4915,致伸,TWSE,電子零組件業,暫不承接,暫停加碼／跌破減碼,已有部位暫停加碼；若收盤跌破60日EMA約 70.09，且下一交易日仍未收復，先減碼三分之一；若ETF或外資繼續轉弱，再分批降低部位。,54.4,100,63,,27.58,12.84,4.34,58.7,137.38,1.3,11.95,1.36,7.25,11,8,1072,820,-1657,4040,-252,-904.725,-893.051,-307.5370000000001,1926.0099999999998,8,820,-1550.274,4148.726000000001,2,1,51660000,31.740000000000002,12.558,26.56,-1848,-3036,1035,,-924.08,-1744.7910000000002,1230.1789999999999,-2401.7030000000004,29.76,28.09,30.32,23.64,false,true,-5.5,-4.98,中期趨勢仍向下；主動ETF 5日轉為減碼；20日趨勢尚未上彎；當下除權息調整價未守20日EMA
160,4916,事欣科,TWSE,電腦及週邊設備業,暫不承接,停止加碼／開始減碼,已有部位先停止加碼。反彈若仍未站回 103.61，分批降低部位；只有站回且ETF／外資賣壓收斂後才重新評估。,54.4,100,90.2,,80.52,48.63,6.95,28.74,303.3,4.49,16.08,3.05,0.55,1,0,1,1,39,39,0,366.756,-1453.623,-2358.283,-10249.54,0,1,39,39,1,0,90200,-236.66299999999998,-253.323,4.52,410,-1061,-4443,,421.02,-1217.96,-2143.96,-10209.96,37.23,19.69,27.88,3.3,false,false,-12.95,-15.31,中期趨勢仍向下；外資持股5/10日下降，且外資5日賣超；20日趨勢尚未上彎；當下除權息調整價未守20日EMA；2日內除權息，等待價格重置；單季稅前獲利對營業外貢獻依賴偏高
161,2305,全友,TWSE,電腦及週邊設備業,暫不承接,停止加碼／開始減碼,已有部位先停止加碼。反彈若仍未站回 33.00，分批降低部位；只有站回且ETF／外資賣壓收斂後才重新評估。,54.2,100,27.45,,142.33,79.62,7.52,21.16,492.74,0.16,101.67,2.37,,1,0,5,54,210,208,0,1421.426,-3531.875,-2246.4599999999996,-5164.3279999999995,0,54,210,208,3,0,1482300,44.127999999999986,47.76599999999999,4.62,1445,-3590,-5317,,1457.827,-3630.003,-2504.226,-5279.221,37,13.85,21.18,-0.81,false,true,-16.83,-18.67,中期趨勢仍向下；外資持股5/10日下降，且外資5日賣超；20日趨勢尚未上彎；當下除權息調整價未守20日EMA；單季稅前獲利對營業外貢獻依賴偏高
162,2478,大毅,TWSE,電子零組件業,暫不承接,暫停加碼／跌破減碼,已有部位暫停加碼；若收盤跌破60日EMA約 149.30，且下一交易日仍未收復，先減碼三分之一；若ETF或外資繼續轉弱，再分批降低部位。,54.2,100,104.5,,35.76,15.27,13.1,29.06,276.11,1.14,28.17,2.05,1.91,3,0,6,156,359,607,4,579.442,490.93499999999995,1336.63,2175.867,0,156,359,607,3,0,16302000,-49.314,-38.667,20.48,-219,126,4750,,589.222,384.2489999999998,1016.2969999999999,1721.7880000000005,30.4,6.08,10.43,-2.62,false,false,-31.07,-30.33,中期趨勢仍向下；20日趨勢尚未上彎；當下除權息調整價未守20日EMA
163,3006,晶豪科,TWSE,半導體業,暫不承接,停止加碼／開始減碼,已有部位先停止加碼。反彈若仍未站回 212.25，分批降低部位；只有站回且ETF／外資賣壓收斂後才重新評估。,54.2,100,172,,328.35,242.62,31.03,35.71,300.12,7.22,20.45,3.75,0.58,4,5,12,-68,-375,-536,0,-1656.46,-7637.282,-9280.073,-1558.7700000000004,8,-62,-371,-1907,3,1,-10664000,-418.015,-637.803,33.38,-1819,-7704,3574,,-1492.77,-7157.266999999999,-8271.269999999999,1415.1630000000014,36.24,23.63,34.38,2.12,false,true,-17.98,-20.92,中期趨勢仍向下；ETF短中期同步減碼；20日趨勢尚未上彎；當下除權息調整價未守20日EMA
164,3515,華擎,TWSE,電腦及週邊設備業,暫不承接,暫停加碼／跌破減碼,已有部位暫停加碼；若收盤跌破60日EMA約 221.35，且下一交易日仍未收復，先減碼三分之一；若ETF或外資繼續轉弱，再分批降低部位。,54.2,100,190.5,,47.6,4.43,7.22,50.15,185.85,4.14,12.02,2.09,5.77,3,0,0,0,-1,26,0,17.645,-168.62199999999999,-324.303,293.18499999999995,0,0,-0.899,25.101,0,0,0,-7.947,-15.792999999999997,7.87,78,-21,692,,31.215,-160.67499999999998,-307.611,381.06600000000003,29.19,30.38,41.07,8.99,false,true,-8.98,-8.85,中期趨勢仍向下；20日趨勢尚未上彎；當下除權息調整價未守20日EMA
165,8261,富鼎,TWSE,半導體業,暫不承接,暫停加碼／跌破減碼,已有部位暫停加碼；若收盤跌破60日EMA約 218.62，且下一交易日仍未收復，先減碼三分之一；若ETF或外資繼續轉弱，再分批降低部位。,54,100,175.5,,16.09,8.1,25.66,11.26,757.9,1.57,26.31,3.66,2.85,3,0,3,54,231,414,0,1254.219,2672.539,4477.651000000001,6952.787,0,54,231,414,3,0,9477000,-250.135,-357.19300000000004,10.43,1169,3112,6582,,1287.104,2868.6740000000004,4603.844,6893.1759999999995,32.91,5.81,10.93,-4.42,false,false,-28.31,-30.91,中期趨勢仍向下；20日趨勢尚未上彎；當下除權息調整價未守20日EMA
166,3708,上緯投控,TWSE,綠能環保,暫不承接,停止加碼／開始減碼,已有部位先停止加碼。反彈若仍未站回 109.77，分批降低部位；只有站回且ETF／外資賣壓收斂後才重新評估。,53.8,100,88.1,,61.7,-2.02,-37.61,20.7,182.77,0.13,2.16,0.46,7.38,2,0,1,0,-28,252,0,-57.064,-631.377,-624.085,-869.2130000000002,0,0,-28,-48,1,1,0,-212.49699999999999,-229.329,7.34,86,-296,-157,,52.6,-418.88,-366.756,-626.7460000000001,29.53,22.98,29.89,9.14,false,true,-13.03,-14.47,中期趨勢仍向下；外資持股5/10日下降，且外資5日賣超；20日趨勢尚未上彎；當下除權息調整價未守20日EMA；單季稅前獲利對營業外貢獻依賴偏高
167,8422,可寧衛*,TWSE,綠能環保,暫不承接,暫停加碼／跌破減碼,已有部位暫停加碼；若收盤跌破60日EMA約 27.60，且下一交易日仍未收復，先減碼三分之一；若ETF或外資繼續轉弱，再分批降低部位。,53.8,100,24.8,,50.34,24.01,34.38,48.24,158.92,0.21,22.96,2.61,4.84,4,0,23,18,84,9832,0,3405.934,1117.097,2420.023,-16550.895,8,42,-736,8213,5,0,1041600,-139.951,-264.02399999999994,4.78,4930,5137,5208,,3357.85,1215.048,3420.047,-24462.703,34.53,25.51,29.28,17.97,false,true,-5.9,-4.62,中期趨勢仍向下；20日趨勢尚未上彎；當下除權息調整價未守20日EMA
168,3044,健鼎,TWSE,電子零組件業,暫不承接,停止加碼／開始減碼,已有部位先停止加碼。反彈若仍未站回 452.39，分批降低部位；只有站回且ETF／外資賣壓收斂後才重新評估。,53.5,100,339.5,,41.97,30.8,18.34,43.71,185.42,5.61,16.5,3.06,3.74,24,144,209,195,-261,-7020,0,216.537,-2025.7830000000001,-2507.179,-9130.045,56.277,49.87800000000001,-1101.033,-8622.780999999999,4,1,16933581,150.66400000000002,600.727,49.82,79,-2162,-3357,,76.98,-2226.325,-2006.8729999999996,-765.6859999999997,24.28,18.24,22.89,8.94,false,true,-19.24,-18.68,中期趨勢仍向下；外資持股5/10日下降，且外資5日賣超；20日趨勢尚未上彎；當下除權息調整價未守20日EMA
169,6005,群益證,TWSE,金融保險業,暫不承接,停止加碼／開始減碼,已有部位先停止加碼。反彈若仍未站回 35.09，分批降低部位；只有站回且ETF／外資賣壓收斂後才重新評估。,53.5,100,32.85,,101.2,127.6,,86.55,110.74,1.34,9.18,1.48,5.21,7,3,36,-4824,-24795,-45072,0,-2423.577,-9134.197000000002,-17010.439000000002,-47249.490000000005,19,-4789.896,-24769.971,-45053.506,4,1,-157348084,0,0,19.03,-2493,-6234,-13326,,-2442.577,-4344.301000000001,7759.531999999997,-2194.984000000002,37.28,44.65,45.86,42.22,false,true,-6.31,-3.81,中期趨勢仍向下；ETF短中期同步減碼；外資持股5/10日下降，且外資5日賣超；20日趨勢尚未上彎；當下除權息調整價未守20日EMA
170,7750,新代,TWSE,電機機械,暫不承接,停止加碼／開始減碼,"已有部位先停止加碼。反彈若仍未站回 2,065.21，分批降低部位；只有站回且ETF／外資賣壓收斂後才重新評估。",53.5,100,1890,,151.4,81.37,25.78,43.96,234.83,15.38,47.16,11.87,0.85,4,0,0,0,0,-17,0,47.683,-48.75600000000001,-49.89100000000001,-137.38100000000003,22,43,48,25,5,0,81270000,-1.2109999999999994,2.8930000000000007,17.69,-5,-105,-221,,23.938,-90.54499999999999,-100.784,-162.966,41.03,44.47,50.96,31.5,false,true,-6.9,-6.9,中期趨勢仍向下；外資持股5/10日下降，且外資5日賣超；20日趨勢尚未上彎；當下除權息調整價未守20日EMA
171,2420,新巨,TWSE,電子零組件業,暫不承接,停止加碼／開始減碼,已有部位先停止加碼。反彈若仍未站回 58.72，分批降低部位；只有站回且ETF／外資賣壓收斂後才重新評估。,53.4,100,53.8,,10.73,1.47,29.85,28.03,376.2,1.05,13.65,1.98,5.58,1,6,6,6,6,-69,0,-34.912,-259.005,-597.589,-795.3700000000001,6,6,6,-69,1,0,322800,27.727000000000004,-4.535,7.19,3,-168,-640,,-45.812,-292.732,-599.054,-853.2929999999999,26.84,25.15,27.52,20.4,false,true,-7.36,-7.24,中期趨勢仍向下；外資持股5/10日下降，且外資5日賣超；20日趨勢尚未上彎；當下除權息調整價未守20日EMA
172,2458,義隆,TWSE,半導體業,暫不承接,暫停加碼／跌破減碼,已有部位暫停加碼；若收盤跌破60日EMA約 162.96，且下一交易日仍未收復，先減碼三分之一；若ETF或外資繼續轉弱，再分批降低部位。,53.4,100,149.5,,7.13,4.54,24.15,41.37,173.47,2.46,16.46,4.43,4.73,18,5,18,597,849,9800,0,626.407,653.6640000000001,2598.452,7172.048000000001,8,603,1042.158,11043.158,5,0,90148500,-126.09400000000002,-283.177,23.17,802,1038,-1793,,687.616,176.75800000000004,1839.4710000000002,-3363.9429999999993,35.09,20.89,25.66,11.35,false,true,-11.3,-14.33,中期趨勢仍向下；20日趨勢尚未上彎；當下除權息調整價未守20日EMA
173,6197,佳必琪,TWSE,電子零組件業,暫不承接,暫停加碼／跌破減碼,已有部位暫停加碼；若收盤跌破60日EMA約 299.88，且下一交易日仍未收復，先減碼三分之一；若ETF或外資繼續轉弱，再分批降低部位。,53.4,100,277.5,,45.21,25.04,22.63,46.8,214.11,3.21,27.07,7.42,2.49,2,0,0,0,39,47,0,381.587,288.712,726.545,-294.5039999999999,1,2,41,-15,2,0,555000,-71.34599999999999,-186.833,6.77,437,638,565,,425.81,358.058,872.3779999999999,-96.60500000000002,33.06,28.8,32.59,21.22,false,true,-12.79,-11.9,中期趨勢仍向下；20日趨勢尚未上彎；當下除權息調整價未守20日EMA
174,2105,正新,TWSE,橡膠工業,暫不承接,暫停加碼／跌破減碼,已有部位暫停加碼；若收盤跌破60日EMA約 31.82，且下一交易日仍未收復，先減碼三分之一；若ETF或外資繼續轉弱，再分批降低部位。,53.2,100,30.4,,15.01,4.92,9.93,41.86,262.14,0.57,18.77,1.16,5.92,13,459,699,-1869,-13360,-8098,0,-821.153,-1512.5860000000002,12431.321,73587.984,39,-2392.9410000000003,-17119.954999999998,-15343.874,4,1,-72745406,673.432,1050.3930000000003,9.38,-297,1284,40635,,-1115.419,206.92299999999977,28500.882999999998,84928.79699999999,36.88,8.9,17.19,-7.69,false,false,-4.07,-2.72,ETF短中期同步減碼；當下除權息調整價未守20日EMA
175,2421,建準,TWSE,電子零組件業,暫不承接,停止加碼／開始減碼,已有部位先停止加碼。反彈若仍未站回 141.56，分批降低部位；只有站回且ETF／外資賣壓收斂後才重新評估。,53.1,100,124.5,,18.65,18.27,15.71,41.69,205.96,2.36,15.2,3.14,4.21,7,0,0,0,11,364,0,-186.056,-92.744,-2100.375,-1888.2690000000002,2,4,14,367,2,0,498000,-75.868,-237.114,28.41,-390,-221,-1544,,-163.833,-20.876000000000005,-1877.261,-1730.9309999999996,35.41,40.88,40.93,40.77,false,true,-7.36,-5.68,中期趨勢仍向下；外資持股5/10日下降，且外資5日賣超；20日趨勢尚未上彎；當下除權息調整價未守20日EMA
176,2360,致茂,TWSE,其他電子業,暫不承接,停止加碼／開始減碼,"已有部位先停止加碼。反彈若仍未站回 2,056.59，分批降低部位；只有站回且ETF／外資賣壓收斂後才重新評估。",53,100,1835,,73.02,90.6,40.45,47.77,158.31,9.12,57.87,28.03,1.06,45,155,265,256,1110,1151,3,31.174,-298.31600000000003,-1131.385,-742.2969999999999,569.614,1749.817,4267.38,2233.3,5,0,3210914195,181.384,380.925,58.75,-634,-2331,-3195,,-608.627,-2229.5170000000003,-5779.6900000000005,-3400.2890000000007,40.49,48.02,58.4,27.27,false,true,-8.88,-13.65,中期趨勢仍向下；外資持股5/10日下降，且外資5日賣超；20日趨勢尚未上彎；當下除權息調整價未守20日EMA
177,2472,立隆電,TWSE,電子零組件業,暫不承接,暫停加碼／跌破減碼,已有部位暫停加碼；若收盤跌破60日EMA約 301.44，且下一交易日仍未收復，先減碼三分之一；若ETF或外資繼續轉弱，再分批降低部位。,53,100,220,,36.2,18.17,18.68,21.92,353.68,1.6,25.43,3.77,1.59,7,0,95,57,-275,-392,95,1732.508,3317.8370000000004,5297.803000000001,8111.8020000000015,-18,54,-1426,635,2,2,11880000,-101.346,-225.172,11.32,1459,2891,7377,,1770.066,3365.1829999999995,6948.974999999999,8145.714,30.55,7.45,8.7,4.94,false,false,-26.85,-22.12,中期趨勢仍向下；20日趨勢尚未上彎；當下除權息調整價未守20日EMA
178,7722,LINEPAY,TWSE,數位雲端,暫不承接,暫停加碼／跌破減碼,已有部位暫停加碼；若收盤跌破60日EMA約 295.70，且下一交易日仍未收復，先減碼三分之一；若ETF或外資繼續轉弱，再分批降低部位。,53,85,272.5,,14.16,14.91,5.19,54.81,188.17,1.97,38.65,1.71,0.73,1,0,1,14,50,50,0,54.354,50.382,133.876,266.203,0,12,48,164,3,0,3270000,-1.492,-1.0170000000000006,58.95,56,50,117,,56.217,39.873999999999995,86.893,104.47300000000001,39.74,32.87,40.87,16.88,false,true,-6.54,-8.44,中期趨勢仍向下；20日趨勢尚未上彎；當下除權息調整價未守20日EMA
179,4961,天鈺,TWSE,半導體業,暫不承接,暫停加碼／跌破減碼,已有部位暫停加碼；若收盤跌破60日EMA約 164.47，且下一交易日仍未收復，先減碼三分之一；若ETF或外資繼續轉弱，再分批降低部位。,52.8,100,149,,24.76,1.53,6.54,14.25,647.07,1.86,17.87,1.01,5.18,4,0,0,0,168,977,0,0.685,-245.265,-62.10199999999999,1437.248,0,0,115,923,0,0,0,-43.184000000000005,-44.983000000000004,20.64,26,58,448,,7.382,-202.08100000000002,-132.11900000000003,505.71900000000005,34.09,33.39,39.51,21.14,false,true,-8.22,-9.42,中期趨勢仍向下；20日趨勢尚未上彎；當下除權息調整價未守20日EMA
180,6605,帝寶,TWSE,汽車工業,暫不承接,暫停加碼／跌破減碼,已有部位暫停加碼；若收盤跌破60日EMA約 134.60，且下一交易日仍未收復，先減碼三分之一；若ETF或外資繼續轉弱，再分批降低部位。,52.8,100,131,,4.45,-3.37,18.3,36.89,129.82,4.41,9.82,1.05,4.96,1,0,0,0,5,4,0,54.256,112.88599999999994,934.2459999999999,65.27199999999993,1,3,7,5,3,0,393000,14.62,18.95,13.9,77,116,1112,,50.403,95.26599999999996,908.2959999999998,132.71899999999982,45.83,47.1,53.86,33.59,false,true,-1.04,-3.32,累計營收負成長且當月改善不足；中期趨勢仍向下；20日趨勢尚未上彎；當下除權息調整價未守20日EMA
181,8210,勤誠,TWSE,電腦及週邊設備業,暫不承接,停止加碼／開始減碼,"已有部位先停止加碼。反彈若仍未站回 1,204.96，分批降低部位；只有站回且ETF／外資賣壓收斂後才重新評估。",52.8,100,981,,98.03,55.56,25.03,51.74,177.09,10.73,29.08,9.75,1.43,16,0,1,-49,-242,-1175,-50,105.886,731.458,946.367,95.35400000000004,264,96,-271,-1579.4,2,1,94176000,-14.067,-27.632999999999996,9.57,-193,349,1597,,-157.633,649.5250000000001,1245,1744.991,32.89,26.27,37.64,3.54,false,true,-14.46,-14.7,中期趨勢仍向下；ETF短中期同步減碼；主動ETF 5日轉為減碼；20日趨勢尚未上彎；當下除權息調整價未守20日EMA
182,9911,櫻花,TWSE,居家生活,暫不承接,停止加碼／開始減碼,已有部位先停止加碼。反彈若仍未站回 83.51，分批降低部位；只有站回且ETF／外資賣壓收斂後才重新評估。,52.7,100,82.3,,6.72,6.3,16.6,44.5,144.79,1.87,12.94,2.9,6.08,2,0,0,0,4,2,0,-134.203,-146.14600000000002,-3.490999999999996,828.665,0,0,3,1,0,0,0,36,34.879,18.98,-119,-58,-44,,-136.203,-182.146,-41.36999999999996,791.7860000000001,41.98,22.58,21.31,25.13,true,false,-0.98,-0.12,中期趨勢仍向下；外資持股5/10日下降，且外資5日賣超；20日趨勢尚未上彎；當下除權息調整價未守20日EMA
183,1102,亞泥,TWSE,水泥工業,暫不承接,暫停加碼／跌破減碼,已有部位暫停加碼；若收盤跌破60日EMA約 34.51，且下一交易日仍未收復，先減碼三分之一；若ETF或外資繼續轉弱，再分批降低部位。,52.5,100,32.8,,-2.21,-7.24,7.99,39.06,129.35,0.56,11.01,0.66,7.01,18,472,737,664,1503,-44864,1,625.64,7218.001,24848.831000000002,-49941.356,45.919,132.40900000000002,-2307.844,-52208.663,4,1,4343015,955.1560000000001,-4989.883,12.26,810,8336,-28609,,230.308,6130.436,32146.558,3077.149999999994,37.02,36.93,31.07,48.64,true,false,-2.99,1.08,累計營收負成長且當月改善不足；中期趨勢仍向下；20日趨勢尚未上彎；當下除權息調整價未守20日EMA
184,2408,南亞科,TWSE,半導體業,暫不承接,停止加碼／開始減碼,已有部位先停止加碼。反彈若仍未站回 412.27，分批降低部位；只有站回且ETF／外資賣壓收斂後才重新評估。,52.5,100,353.5,,621.34,643.12,61.34,19.89,561.77,8.41,31.65,5.68,0.38,34,713,1236,287,5206,10625,497,-6208.469,-29910.718000000004,-58656.33,-70916.503,-1684.152,-6092.503,-2905.035,-7222.848,1,4,-2153699810,-1124.441,-353.03900000000004,12.22,-6135,-13821,-40512,,-4426.51,-22693.774,-55398.256,-68756.979,41.8,20.31,29.9,1.13,true,true,-14.25,-20.65,中期趨勢仍向下；投信5/10日持續且具金額意義的賣超；外資持股5/10日下降，且外資5日賣超；20日趨勢尚未上彎；當下除權息調整價未守20日EMA；借券賣出與借券賣出餘額壓力升高
185,2428,興勤,TWSE,電子零組件業,暫不承接,暫停加碼／跌破減碼,已有部位暫停加碼；若收盤跌破60日EMA約 260.52，且下一交易日仍未收復，先減碼三分之一；若ETF或外資繼續轉弱，再分批降低部位。,52.5,100,209,,46.62,20.42,19.9,31.64,370.61,2.21,19,2.28,2.82,2,0,0,0,-38,-41,0,538.68,693.8319999999999,1493.0539999999999,1313.8819999999998,0,0,262,1959,0,0,0,-34.188,-83.24499999999999,19.46,216,435,436,,552.031,728.0199999999999,1314.299,-461.93000000000006,28.8,9.28,10.02,7.8,false,false,-20.86,-18.68,中期趨勢仍向下；20日趨勢尚未上彎；當下除權息調整價未守20日EMA
186,5469,瀚宇博,TWSE,電子零組件業,暫不承接,暫停加碼／跌破減碼,已有部位暫停加碼；若收盤跌破60日EMA約 80.79，且下一交易日仍未收復，先減碼三分之一；若ETF或外資繼續轉弱，再分批降低部位。,52.5,100,65.2,,15.36,24.52,7.89,53.01,134.88,1.23,11.38,0.84,3.87,4,0,0,0,0,11065,0,195.838,-118.44200000000001,-2937.093,-7834.146000000001,4,8,5,11069,2,0,521600,-19.096999999999998,-2.4049999999999905,8.92,443,892,-1427,,197.401,-107.34499999999998,-2939.688,-18670.795,27.3,29.85,30.77,28,false,true,-12.54,-9.32,中期趨勢仍向下；20日趨勢尚未上彎；當下除權息調整價未守20日EMA
187,1342,八貫,TWSE,其他,暫不承接,暫停加碼／跌破減碼,已有部位暫停加碼；若收盤跌破60日EMA約 106.92，且下一交易日仍未收復，先減碼三分之一；若ETF或外資繼續轉弱，再分批降低部位。,52.3,85,103,,40.14,28.64,20.36,44.95,190.74,2.08,17.31,3.84,5.83,1,0,1,24,101,101,0,36.742,-29.143000000000004,39.12499999999999,550.0319999999999,0,24,101,101,3,0,2472000,9.767,11.486999999999998,33.31,72,52,113,,35.841,-62.910000000000004,-73.36200000000001,438.0709999999999,36.04,21.2,30.52,2.55,false,false,-7.17,-9.65,中期趨勢仍向下；20日趨勢尚未上彎；當下除權息調整價未守20日EMA
188,4551,智伸科,TWSE,汽車工業,暫不承接,暫停加碼／跌破減碼,已有部位暫停加碼；若收盤跌破60日EMA約 184.94，且下一交易日仍未收復，先減碼三分之一；若ETF或外資繼續轉弱，再分批降低部位。,52.2,100,160.5,,30.66,18.75,15.27,37.46,218.37,2.7,24.06,2.06,2.62,2,0,3,47,594,594,0,757.249,1370.426,2019.28,2530.145,0,47,594,-160,3,0,7543500,-53.903000000000006,-78.318,59.17,30,640,2788,,766,1377.329,1503.598,2803.4809999999998,32.96,17.47,17.26,17.91,true,true,-17.27,-11.81,中期趨勢仍向下；20日趨勢尚未上彎；當下除權息調整價未守20日EMA；2日內除權息，等待價格重置
189,6672,騰輝電子-KY,TWSE,電子零組件業,暫不承接,停止加碼／開始減碼,已有部位先停止加碼。反彈若仍未站回 240.61，分批降低部位；只有站回且ETF／外資賣壓收斂後才重新評估。,52.2,100,185.5,,68.12,34.55,11.67,42.48,319.89,1.73,33.54,3.57,1.81,1,0,3,23,76,73,0,306.341,-590.1809999999999,-3033.826,-3438.2479999999996,0,23,76,73,3,0,4266500,-194.913,-174.85400000000004,21.34,-104,-775,-3881,,361.496,-418.2679999999999,-2934.9719999999998,-3102.281,28.58,7.88,11.08,1.47,false,false,-22.9,-21.06,中期趨勢仍向下；外資持股5/10日下降，且外資5日賣超；20日趨勢尚未上彎；當下除權息調整價未守20日EMA
190,2436,偉詮電,TWSE,半導體業,暫不承接,停止加碼／開始減碼,已有部位先停止加碼。反彈若仍未站回 66.45，分批降低部位；只有站回且ETF／外資賣壓收斂後才重新評估。,52.1,100,51.8,,18.28,28.04,13.67,31.86,264.43,0.7,15.37,2.35,3.78,2,10,15,15,17,17,0,-538.404,-1865.969,-3784.123,-3070.59,10,15,17,17,2,0,777000,-259.71900000000005,-423.65700000000004,9.93,-1043,-1878,-6778,,-409.812,-1621.25,-3377.466,-2045.7170000000006,28.3,22.59,26.27,15.24,false,true,-16.36,-15.5,中期趨勢仍向下；外資持股5/10日下降，且外資5日賣超；20日趨勢尚未上彎；當下除權息調整價未守20日EMA
191,6805,富世達,TWSE,電子零組件業,暫不承接,暫停加碼／跌破減碼,"已有部位暫停加碼；若收盤跌破60日EMA約 1,617.72，且下一交易日仍未收復，先減碼三分之一；若ETF或外資繼續轉弱，再分批降低部位。",52.1,100,1265,,32.66,62.64,26.78,54.2,183.93,13.38,32.29,11.68,0.99,13,1,2,132,250,112,131,107.757,1.6319999999999961,-528.99,-686.3000000000001,1,455.6,523.6,-1303.4,5,0,576334000,1.7220000000000013,15.982999999999999,17.58,112,-428,805,,116.021,-455.69000000000005,-1068.573,598.9339999999997,35.71,45.78,52.45,32.43,false,true,-12.57,-9.32,中期趨勢仍向下；20日趨勢尚未上彎；當下除權息調整價未守20日EMA
192,2476,鉅祥,TWSE,電子零組件業,暫不承接,停止加碼／開始減碼,已有部位先停止加碼。反彈若仍未站回 120.57，分批降低部位；只有站回且ETF／外資賣壓收斂後才重新評估。,52,100,106,,53.76,36.92,17.83,22.15,420.68,1.14,24.26,2.49,2.83,1,0,0,0,0,0,0,781.932,25.332,162.74600000000004,79.57900000000006,0,0,0,0,0,0,0,49.570999999999984,97.66400000000002,9.61,827,-292,-818,,829.29,-24.239000000000033,65.08199999999994,-1568.01,33.79,30.4,37.31,16.57,false,true,-12.08,-12.4,中期趨勢仍向下；外資持股5/10日下降，且外資5日賣超；20日趨勢尚未上彎；當下除權息調整價未守20日EMA
193,6525,捷敏-KY,TWSE,半導體業,暫不承接,暫停加碼／跌破減碼,已有部位暫停加碼；若收盤跌破60日EMA約 142.64，且下一交易日仍未收復，先減碼三分之一；若ETF或外資繼續轉弱，再分批降低部位。,52,100,120.5,,19.84,15.64,19.12,39.59,183.44,1.62,19.85,3.55,4.15,3,0,3,42,173,157,0,637.216,1811.095,3934.952,5017.016,0,42,172.984,154.984,3,0,5061000,-93.44600000000001,-254.373,17.49,169,1424,4395,,641.867,1862.5409999999997,4016.3410000000003,4789.898,33.5,5.53,9.47,-2.37,false,false,-22.67,-22.26,中期趨勢仍向下；20日趨勢尚未上彎；當下除權息調整價未守20日EMA
194,6531,愛普*,TWSE,半導體業,暫不承接,暫停加碼／跌破減碼,已有部位暫停加碼；若收盤跌破60日EMA約 877.52，且下一交易日仍未收復，先減碼三分之一；若ETF或外資繼續轉弱，再分批降低部位。,52,100,627,,59.48,94.68,28.01,22.86,396.63,4.15,63.72,8.64,1.11,20,13,23,26,331,505,14,127.672,190.81799999999996,500.2349999999999,1720.397,114.201,85.285,36.98800000000003,-1510.012,2,3,53473695,-208.97399999999996,-247.66099999999994,30.09,136,492,2584,,143.547,314.5069999999999,710.9079999999999,3624.178,30.59,16.94,30.13,-9.43,false,true,-26.37,-30.95,中期趨勢仍向下；20日趨勢尚未上彎；當下除權息調整價未守20日EMA
195,3209,全科,TWSE,電子通路業,暫不承接,停止加碼／開始減碼,已有部位先停止加碼。反彈若仍未站回 59.00，分批降低部位；只有站回且ETF／外資賣壓收斂後才重新評估。,51.9,100,53.4,,170.41,44.35,2.85,75.99,128.79,1.52,14.87,2.4,4.68,1,0,0,-67,-338,-849,0,444.278,-67.34799999999993,-1966.4029999999998,-3614.8949999999995,0,-67,-338,-849,0,1,-3577800,3.3720000000000034,-11.768999999999998,17.93,578,252,-1766,,455.225,-3.7199999999999704,-1616.634,-2726.6220000000003,33.8,32.42,36.77,23.72,false,true,-7.88,-6.64,中期趨勢仍向下；ETF短中期同步減碼；20日趨勢尚未上彎；當下除權息調整價未守20日EMA
196,3443,創意,TWSE,半導體業,暫不承接,暫停加碼／跌破減碼,"已有部位暫停加碼；若收盤跌破60日EMA約 4,240.16，且下一交易日仍未收復，先減碼三分之一；若ETF或外資繼續轉弱，再分批降低部位。",51.9,100,3295,,103.72,93.05,15.93,58.49,158.41,12.28,99.13,30.28,0.61,42,36,99,118,387,608,27,46.914,556.0899999999999,327.96799999999996,-114.09500000000003,-37.887,96.00099999999999,530.4899999999999,313.9369999999999,3,2,316323295,152.6,86.904,25.95,77,205,-411,,77.554,307.489,-289.42600000000016,-315.1360000000002,32.3,29.37,42.73,2.66,false,true,-20.4,-24.6,中期趨勢仍向下；20日趨勢尚未上彎；當下除權息調整價未守20日EMA
197,6191,精成科,TWSE,電子零組件業,暫不承接,暫停加碼／跌破減碼,已有部位暫停加碼；若收盤跌破60日EMA約 96.98，且下一交易日仍未收復，先減碼三分之一；若ETF或外資繼續轉弱，再分批降低部位。,51.9,100,79.6,,10.28,30.15,8.21,55.15,136.26,1.59,12.4,1.44,3.27,5,0,0,0,1530,15407,0,609.614,-955.537,-5441.617,-3948.120999999999,4,8,1535,15329,2,0,636800,-128.841,-547.011,3.62,739,906,-1891,,665.333,-834.6959999999999,-6429.606,-18287.251,25.53,20.27,23.76,13.28,false,true,-14.08,-12.53,中期趨勢仍向下；20日趨勢尚未上彎；當下除權息調整價未守20日EMA
198,2838,聯邦銀,TWSE,金融保險業,暫不承接,停止加碼／開始減碼,已有部位先停止加碼。反彈若仍未站回 20.86，分批降低部位；只有站回且ETF／外資賣壓收斂後才重新評估。,51.8,100,20.45,,-2.49,25.18,,91.93,,0.35,14.5,1.1,5.18,3,3,12,12,-79,28,0,-556.783,-1684.7299999999998,-3907.949,-7500.603999999999,28,40,-68,-125,3,0,818000,227.5,59.828,4.22,-124,-496,-6743,,-727.021,-1952.2300000000002,-3899.777,-7511.557000000001,42.58,26.46,18.35,42.68,true,false,-1.97,0.99,中期趨勢仍向下；外資持股5/10日下降，且外資5日賣超；20日趨勢尚未上彎；當下除權息調整價未守20日EMA
199,6585,鼎基,TWSE,其他,暫不承接,暫停加碼／跌破減碼,已有部位暫停加碼；若收盤跌破60日EMA約 117.05，且下一交易日仍未收復，先減碼三分之一；若ETF或外資繼續轉弱，再分批降低部位。,51.8,85,110,,91.44,13.81,20.46,26.69,164.32,1.86,22.45,2.14,4.09,1,0,1,13,56,56,0,131.011,166.98499999999999,212.31899999999996,289.532,0,13,56,56,3,0,1430000,18.247,13.479,3.91,130,199,76,,128.3,135.73800000000006,142.84000000000006,264.05300000000005,34.45,28.73,38.22,9.76,false,true,-10.44,-13.39,中期趨勢仍向下；20日趨勢尚未上彎；當下除權息調整價未守20日EMA
200,8454,富邦媒,TWSE,數位雲端,暫不承接,暫停加碼／跌破減碼,已有部位暫停加碼；若收盤跌破60日EMA約 260.41，且下一交易日仍未收復，先減碼三分之一；若ETF或外資繼續轉弱，再分批降低部位。,51.7,100,250.5,,6.5,2.38,2.97,61.1,75.03,2.43,23.9,6.41,3.99,7,-1,0,40,-68,-302,0,172.184,667.694,722.407,432.99400000000014,2.543,46.126999999999995,-63.16000000000001,-298.682,4,0,11554813,-108.742,-118.729,11.85,260,494,1097,,199.283,730.309,904.2959999999999,875.95,42.53,25.43,17,42.29,true,false,-4.19,1.01,中期趨勢仍向下；20日趨勢尚未上彎；當下除權息調整價未守20日EMA
201,2891,中信金,TWSE,金融保險業,暫不承接,暫停加碼／跌破減碼,已有部位暫停加碼；若收盤跌破60日EMA約 63.71，且下一交易日仍未收復，先減碼三分之一；若ETF或外資繼續轉弱，再分批降低部位。,51.6,100,62,,-17.9,97.76,,93.83,,1.18,14.94,2.22,4.03,39,11131,15389,19727,26859,73187,3629,12874.821,13958.092999999999,67798.59,90380.38399999999,11833.583,17237.267000000003,3132.7440000000042,30628.883000000005,5,0,1068710554,10140.848,24096.751999999997,34.63,780,-4854,37679,,-1520.731,-13420.022,40569.094,35822.778000000006,36.7,35.92,32.19,43.4,false,false,-4.33,-3.12,中期趨勢仍向下；20日趨勢尚未上彎；當下除權息調整價未守20日EMA
202,2383,台光電,TWSE,電子零組件業,暫不承接,停止加碼／開始減碼,"已有部位先停止加碼。反彈若仍未站回 4,890.19，分批降低部位；只有站回且ETF／外資賣壓收斂後才重新評估。",51.5,100,4100,,120.69,81.82,21.56,63.41,132.76,14.9,88.94,30.64,0.61,49,123,268,306,811,1707,137,72.564,-241.736,-313.7239999999999,-954.9869999999999,6.03,-9.686999999999998,529.213,1218.4560000000001,3,2,-39716700,113.20299999999997,187.45999999999998,43.5,10,-410,-1267,,50.375,-345.25199999999995,-1030.397,-2512.191,35.02,31.91,40.62,14.48,false,true,-16.16,-20,中期趨勢仍向下；外資持股5/10日下降，且外資5日賣超；20日趨勢尚未上彎；當下除權息調整價未守20日EMA
203,3033,威健,TWSE,電子通路業,暫不承接,停止加碼／開始減碼,已有部位先停止加碼。反彈若仍未站回 49.09，分批降低部位；只有站回且ETF／外資賣壓收斂後才重新評估。,51.4,100,43.45,,54.45,26.2,3.41,78.5,137.52,1.52,16.52,1.97,4.42,4,2,6,6,136,-452,0,220.451,-2976.383,-12983.447,2655.617,2,6,136.093,-451.90700000000004,2,0,260700,-969.358,-2425.0220000000004,23.51,15,-2122,-54,,322.4,-2013.025,-10694.518,5298.9710000000005,33.62,18.68,25.05,5.93,false,false,-11.49,-13.45,中期趨勢仍向下；外資持股5/10日下降，且外資5日賣超；20日趨勢尚未上彎；當下除權息調整價未守20日EMA
204,6781,AES-KY,TWSE,電子零組件業,暫不承接,暫停加碼／跌破減碼,"已有部位暫停加碼；若收盤跌破60日EMA約 1,094.69，且下一交易日仍未收復，先減碼三分之一；若ETF或外資繼續轉弱，再分批降低部位。",51.3,100,870,,25.58,26.01,24.16,32.21,291.85,10.64,22.23,4.11,2.2,5,0,0,0,0,0,0,140.939,25.426999999999985,138.63199999999998,-460.12300000000005,0,0,15,15,0,0,0,-83.62899999999999,-68.74499999999999,68.08,200,116,-307,,189.41,109.056,192.37700000000004,-321.59399999999994,29.92,26.89,30.3,20.06,false,true,-15.32,-13.43,中期趨勢仍向下；20日趨勢尚未上彎；當下除權息調整價未守20日EMA；官方重大訊息出現高風險關鍵字，須查原文
205,2308,台達電,TWSE,電子零組件業,暫不承接,暫停加碼／跌破減碼,"已有部位暫停加碼；若收盤跌破60日EMA約 1,923.02，且下一交易日仍未收復，先減碼三分之一；若ETF或外資繼續轉弱，再分批降低部位。",51.1,100,1495,,55.43,41.02,17.83,47.78,195.36,7.91,47.58,13.22,0.78,53,844,1241,1582,4641,5149,198,301.707,-7121.571999999999,-10815.896999999999,-17689.949999999997,170.965,-561.594,3039.485,3175.4500000000003,3,2,-839583030,644.209,1493.3359999999998,62.58,-734,-7759,-20717,,-346.87,-7204.187000000001,-15348.718,-22715.938000000002,28.5,23.36,32.51,5.05,false,true,-17.86,-20.48,中期趨勢仍向下；外資持股趨勢資料不足或期間有非市場異動；20日趨勢尚未上彎；當下除權息調整價未守20日EMA
206,3023,信邦,TWSE,電子零組件業,暫不承接,停止加碼／開始減碼,已有部位先停止加碼。反彈若仍未站回 305.21，分批降低部位；只有站回且ETF／外資賣壓收斂後才重新評估。,51.1,100,278,,17.59,8.75,11.53,45.52,189.46,3.6,20.79,4.11,3.6,14,43,63,571,915,6681,0,-53.291,-1475.629,-2059.069,-5058.901,11,316,458,5735,4,1,87848000,230.54999999999998,446.50299999999993,40.63,122,-2306,-4839,,-140.134,-2022.1789999999999,-2963.572,-11514.569,35.59,20.31,23.49,13.96,false,false,-8.92,-12.3,中期趨勢仍向下；外資持股5/10日下降，且外資5日賣超；20日趨勢尚未上彎；當下除權息調整價未守20日EMA
207,6285,啟碁,TWSE,通信網路業,暫不承接,停止加碼／開始減碼,已有部位先停止加碼。反彈若仍未站回 251.17，分批降低部位；只有站回且ETF／外資賣壓收斂後才重新評估。,51.1,100,216,,84.37,22.8,4.67,59.57,143.94,2.36,31.86,2.99,1.99,16,86,182,-73,-13,-52,64,2293.976,1038.1840000000002,-364.722,-3920.033,14,-162,-302,-2608,4,1,-34992000,-473.90400000000005,-244.01300000000003,23.74,2170,1128,4101,,2399.815,1674.0880000000002,181.2910000000004,-1262.424,35.6,35.98,45.56,16.81,false,true,-12.8,-14.62,中期趨勢仍向下；ETF短中期同步減碼；20日趨勢尚未上彎；當下除權息調整價未守20日EMA
208,2345,智邦,TWSE,通信網路業,暫不承接,停止加碼／開始減碼,"已有部位先停止加碼。反彈若仍未站回 2,286.52，分批降低部位；只有站回且ETF／外資賣壓收斂後才重新評估。",51,100,1910,,61.16,60.28,14.33,60.24,153.87,14.92,36.12,16.34,0.79,47,249,504,523,1403,2126,184,442.228,27.17100000000005,-321.49999999999994,-1335.77,47.091,278.169,1327.6180000000002,2112.2780000000002,4,1,531302790,125.32400000000001,276.826,57.73,272,-310,-2925,,325.14,-376.322,-1925.944,-3495.6849999999995,32.98,28.17,34.9,14.71,false,true,-15.71,-16.41,中期趨勢仍向下；外資持股5/10日下降，且外資5日賣超；20日趨勢尚未上彎；當下除權息調整價未守20日EMA；2日內除權息，等待價格重置
209,4938,和碩,TWSE,電腦及週邊設備業,暫不承接,暫停加碼／跌破減碼,已有部位暫停加碼；若收盤跌破60日EMA約 83.52，且下一交易日仍未收復，先減碼三分之一；若ETF或外資繼續轉弱，再分批降低部位。,51,100,82,,15.89,-3.93,1.16,60.1,131.03,0.58,18.85,1.08,4.89,26,479,723,-1660,-12006,-23998,0,-1138.72,17487.271,29517.426000000003,39178.988000000005,148,-2075,-14956.301,-29611.301,3,2,-170150000,660.476,3132.005,30.39,-2086,14674,32519,,-1620.473,18901.795,41341.721999999994,63454.73599999999,45.02,43.2,52.14,25.3,false,true,-2.46,-2.84,ETF短中期同步減碼；當下除權息調整價未守20日EMA
210,2501,國建,TWSE,建材營造,暫不承接,暫停加碼／跌破減碼,已有部位暫停加碼；若收盤跌破60日EMA約 23.44，且下一交易日仍未收復，先減碼三分之一；若ETF或外資繼續轉弱，再分批降低部位。,50.9,100,22.15,,-71.58,26.93,17.44,61.26,165.66,1.21,5.72,0.81,5.42,2,0,8,9,387,1499,1,286.786,693.335,2586.06,-8181.969,0,9,387,1499,2,0,199350,17.654000000000003,19.535,12.25,528,1050,-4106,,266.028,666.681,2179.525,-9264.264,40.01,37.87,41.71,30.19,false,true,-3.5,-0.67,中期趨勢仍向下；20日趨勢尚未上彎；當下除權息調整價未守20日EMA
211,2495,普安,TWSE,電腦及週邊設備業,暫不承接,暫停加碼／跌破減碼,已有部位暫停加碼；若收盤跌破60日EMA約 43.97，且下一交易日仍未收復，先減碼三分之一；若ETF或外資繼續轉弱，再分批降低部位。,50.8,100,32.5,,40.29,43.44,12.57,37.27,246.88,0.33,28.76,1.9,2.46,2,8,8,8,8,7,0,709.247,875.654,295.12299999999993,652.4579999999996,8,8,8,7,1,0,260000,-130.979,-283.015,7.56,958,2909,-1399,,742.049,998.6329999999999,570.1379999999998,1203.6139999999996,22.98,9.99,11.75,6.47,false,false,-21.92,-17.41,中期趨勢仍向下；20日趨勢尚未上彎；當下除權息調整價未守20日EMA；單季稅前獲利對營業外貢獻依賴偏高
212,4766,南寶,TWSE,化學工業,暫不承接,停止加碼／開始減碼,已有部位先停止加碼。反彈若仍未站回 346.15，分批降低部位；只有站回且ETF／外資賣壓收斂後才重新評估。,50.8,100,310,,12.82,9.33,17.63,50.01,191.82,6.55,14.93,2.86,5.81,6,0,2,2,36,412,0,-43.527,-198.82199999999997,-280.462,95.019,1,4,38,415,3,0,1240000,-9.313,-15.144000000000002,15.29,-18,-185,-800,,-45.9,-193.50900000000001,-303.318,-281.846,28.8,22.03,25.51,15.07,false,true,-7.46,-6.91,中期趨勢仍向下；外資持股5/10日下降，且外資5日賣超；20日趨勢尚未上彎；當下除權息調整價未守20日EMA
213,5243,乙盛-KY,TWSE,光電業,暫不承接,暫停加碼／跌破減碼,已有部位暫停加碼；若收盤跌破60日EMA約 99.27，且下一交易日仍未收復，先減碼三分之一；若ETF或外資繼續轉弱，再分批降低部位。,50.6,100,74.8,,38.27,-0.89,11,37.79,176.08,1.47,15.36,1.45,2.94,1,0,0,0,5,4,0,867.688,960.901,1578.166,1078.174,0,0,105,104,0,0,0,-485.74,-471.64000000000004,54.26,1312,1790,2505,,1266.739,1446.6409999999998,1944.8059999999998,1635.5009999999997,25.73,16.21,21.01,6.59,false,false,-18.06,-17.53,中期趨勢仍向下；20日趨勢尚未上彎；當下除權息調整價未守20日EMA
214,8131,福懋科,TWSE,半導體業,暫不承接,停止加碼／開始減碼,已有部位先停止加碼。反彈若仍未站回 69.80，分批降低部位；只有站回且ETF／外資賣壓收斂後才重新評估。,50.6,100,53.6,,60.87,40.86,16.12,16.39,507.35,0.96,27.07,1.88,1.87,3,0,1,1,-136,-142,0,-602.415,-9933.073999999999,-15118.820999999998,-8523.265999999998,0,1,-136,-142,1,0,53600,-338.173,-782.328,3.43,-315,-7118,-12066,,-519.791,-9595.900999999998,-14200.492999999999,-7620.524999999998,30.99,10.63,17.89,-3.89,false,false,-21.7,-25.35,中期趨勢仍向下；外資持股5/10日下降，且外資5日賣超；20日趨勢尚未上彎；當下除權息調整價未守20日EMA；借券賣出與借券賣出餘額壓力升高
215,3028,增你強,TWSE,電子通路業,暫不承接,停止加碼／開始減碼,已有部位先停止加碼。反彈若仍未站回 71.43，分批降低部位；只有站回且ETF／外資賣壓收斂後才重新評估。,50.6,93,58.3,,65.62,93.18,5.4,79.69,121.64,3.05,11.41,2.17,5.15,2,0,-23,-23,1,94,0,-523.567,-1471.0010000000002,-5134.823,-6434.039000000001,2,-21,3.0859999999999985,95.086,1,1,-1224300,-273.663,-316.983,10.99,63,-1869,-5436,,-352.338,-1176.338,-4820.926,-6063.042,29.13,13.78,18.31,4.72,false,true,-15.61,-13.5,中期趨勢仍向下；20日累積後5日轉為調節；外資持股5/10日下降，且外資5日賣超；20日趨勢尚未上彎；當下除權息調整價未守20日EMA；借券賣出與借券賣出餘額壓力升高
216,2344,華邦電,TWSE,半導體業,暫不承接,停止加碼／開始減碼,已有部位先停止加碼。反彈若仍未站回 163.02，分批降低部位；只有站回且ETF／外資賣壓收斂後才重新評估。,50.5,100,130,,189.88,139.2,32.81,46.52,147.43,2.25,38.58,5.02,0.38,33,2002,2989,3555,1856,4797,-155,-14362.073,-40142.539,-97174.805,-190973.191,608.567,-16566.842,-29559.770000000004,-109717.369,2,3,-2153689460,2502.2659999999996,5490.644999999999,16.63,-16730,-33263,-86515,,-15329.863,-26077.963000000003,-73105.68,-84812.09999999999,35.19,15.89,25.14,-2.61,false,true,-20.25,-23.98,中期趨勢仍向下；主動ETF 5日轉為減碼；投信5/10日持續且具金額意義的賣超；外資持股5/10日下降，且外資5日賣超；20日趨勢尚未上彎；當下除權息調整價未守20日EMA
217,1215,卜蜂,TWSE,食品工業,暫不承接,暫停加碼／跌破減碼,已有部位暫停加碼；若收盤跌破60日EMA約 119.42，且下一交易日仍未收復，先減碼三分之一；若ETF或外資繼續轉弱，再分批降低部位。,50.3,100,106.5,,8.69,4.68,7.99,66.08,78.21,1.26,11.48,2.96,6.57,3,0,0,0,-86,-87,0,290.492,-374.37,888.984,1664.536,2,4,-83,-264,2,0,426000,-1.7880000000000003,-9.233999999999998,38.02,184,-157,1733,,279.443,-376.582,981.218,1915.3689999999997,32,27.3,28.52,24.85,false,false,-3.65,-2.29,中期趨勢仍向下；20日趨勢尚未上彎；當下除權息調整價未守20日EMA
218,2493,揚博,TWSE,電子零組件業,暫不承接,暫停加碼／跌破減碼,已有部位暫停加碼；若收盤跌破60日EMA約 212.45，且下一交易日仍未收復，先減碼三分之一；若ETF或外資繼續轉弱，再分批降低部位。,50.3,100,176,,32.06,9.46,17.97,51.53,160.67,1.26,41.61,7.69,2.27,2,0,5,193,314,342,0,260.108,1608.5409999999997,5016.581999999999,5542.882999999999,0,193,314,244,3,0,33968000,-72.31,-49.425,10.33,-277,1013,5667,,311.483,1487.8509999999997,4752.007,5426.031999999999,35.06,11.77,19.38,-3.47,false,false,-24.01,-32.82,中期趨勢仍向下；20日趨勢尚未上彎；當下除權息調整價未守20日EMA
219,3048,益登,TWSE,電子通路業,暫不承接,暫停加碼／跌破減碼,已有部位暫停加碼；若收盤跌破60日EMA約 56.62，且下一交易日仍未收復，先減碼三分之一；若ETF或外資繼續轉弱，再分批降低部位。,50.3,100,44.2,,60.1,31.06,2.02,83.47,126.46,1.22,15.9,2.04,2.26,1,0,0,0,0,0,0,1073.324,1375.068,1695.3200000000002,-912.1570000000002,0,0,0,0,0,0,0,-84.112,-180.856,8.39,1266,1933,5320,,1132.091,1459.1799999999998,1876.176,-634.4780000000001,23.12,14.57,16.56,10.58,false,true,-18.19,-13.16,中期趨勢仍向下；20日趨勢尚未上彎；當下除權息調整價未守20日EMA
220,3010,華立,TWSE,電子通路業,暫不承接,停止加碼／開始減碼,已有部位先停止加碼。反彈若仍未站回 124.66，分批降低部位；只有站回且ETF／外資賣壓收斂後才重新評估。,49.8,100,110.5,,13.92,17.66,3.83,55.43,159.26,2.47,11.78,1.21,4.8,5,0,-2,-2,-6,-62,0,-530.219,-954.9469999999999,-969.636,-2718.817,2,2,-2.717,-208.717,2,1,221000,-42.3,-22.108999999999998,19.19,-293,-599,-1502,,-497.87,-914.6469999999999,-944.81,-2411.953,34.42,44.5,51.6,30.31,false,true,-6.87,-7.14,中期趨勢仍向下；ETF短中期同步減碼；外資持股5/10日下降，且外資5日賣超；20日趨勢尚未上彎；當下除權息調整價未守20日EMA
221,5236,凌陽創新,TWSE,半導體業,暫不承接,暫停加碼／跌破減碼,已有部位暫停加碼；若收盤跌破60日EMA約 157.26，且下一交易日仍未收復，先減碼三分之一；若ETF或外資繼續轉弱，再分批降低部位。,49.8,100,137.5,,12.78,17.77,35.04,31.79,316.05,2.97,14.43,3.59,6.55,1,0,0,0,0,5,0,-135.491,-124.13700000000001,-362.38100000000003,-407.38100000000003,0,0,0,5,0,0,0,6.222,-0.3280000000000003,6.62,-499,-475,,,-137.03,-130.359,-362.053,-409.053,28.01,32.25,36.13,24.48,false,true,-9.95,-8.94,中期趨勢仍向下；外資持股趨勢資料不足或期間有非市場異動；20日趨勢尚未上彎；當下除權息調整價未守20日EMA
222,8110,華東,TWSE,半導體業,暫不承接,停止加碼／開始減碼,已有部位先停止加碼。反彈若仍未站回 50.86，分批降低部位；只有站回且ETF／外資賣壓收斂後才重新評估。,49.8,100,34.15,,16.26,13.32,5.25,25.4,254.53,0.49,12.51,1.39,4.36,2,0,0,0,0,0,0,161.126,-788.336,-1490.565,-9275.425,0,0,0,0,0,0,0,42.00300000000002,-57.451999999999984,1.41,360,-157,-878,,202.201,-830.3389999999999,-1433.1129999999998,-8702.184,26.27,7.47,12.64,-2.86,false,false,-24.56,-23,中期趨勢仍向下；外資持股5/10日下降，且外資5日賣超；20日趨勢尚未上彎；當下除權息調整價未守20日EMA；單季稅前獲利對營業外貢獻依賴偏高
223,8046,南電,TWSE,電子零組件業,暫不承接,暫停加碼／跌破減碼,已有部位暫停加碼；若收盤跌破60日EMA約 998.25，且下一交易日仍未收復，先減碼三分之一；若ETF或外資繼續轉弱，再分批降低部位。,49.7,100,879,,50.03,37.2,12.1,24.86,317.54,2.03,186.23,12.16,0.23,31,85,179,205,897,3726,58,-1138.756,1818.411,-1901.744,-1158.268,-872.961,-1161.961,2147.9939999999997,16857.268,2,3,-1021363719,139.75099999999998,175.28099999999998,13.36,-661,2890,-15431,,-349.604,2840.621,-4225.019,-17576.606,38.51,11.45,25.06,-15.76,false,false,-20.96,-32.64,中期趨勢仍向下；投信20日買超後近5日轉賣；20日趨勢尚未上彎；當下除權息調整價未守20日EMA
224,2497,怡利電,TWSE,汽車工業,暫不承接,暫停加碼／跌破減碼,已有部位暫停加碼；若收盤跌破60日EMA約 56.65，且下一交易日仍未收復，先減碼三分之一；若ETF或外資繼續轉弱，再分批降低部位。,49.6,100,42.8,,52.52,21.2,8.13,48.83,155.09,0.8,18.94,1.81,4.67,1,0,0,0,0,0,0,1015.8,312.10299999999995,-163.07500000000005,1354.769,0,0,0,0,0,0,0,-15.997000000000002,-2.3790000000000022,4.08,623,-87,-1189,,1012.1,328.1,-160.69599999999997,1350.048,23.65,7.83,9.97,3.56,false,false,-21.58,-21.32,中期趨勢仍向下；20日趨勢尚未上彎；當下除權息調整價未守20日EMA
225,5471,松翰,TWSE,半導體業,暫不承接,暫停加碼／跌破減碼,已有部位暫停加碼；若收盤跌破60日EMA約 54.95，且下一交易日仍未收復，先減碼三分之一；若ETF或外資繼續轉弱，再分批降低部位。,49.6,100,46.7,,47.67,28.64,9.07,14,616.33,0.48,48.14,2.21,1.71,1,0,0,0,0,0,0,199.651,313.837,-1218.8220000000001,-712.5480000000002,0,0,0,0,0,0,0,46.074999999999996,26.22999999999999,12.11,269,1084,1041,,210.278,267.76199999999994,-1245.0520000000001,-803.5639999999999,31.82,15.43,22.41,1.46,false,false,-17.75,-18.78,中期趨勢仍向下；20日趨勢尚未上彎；當下除權息調整價未守20日EMA
226,2455,全新,TWSE,通信網路業,暫不承接,暫停加碼／跌破減碼,已有部位暫停加碼；若收盤跌破60日EMA約 335.05，且下一交易日仍未收復，先減碼三分之一；若ETF或外資繼續轉弱，再分批降低部位。,49.5,98.7,272.5,,23.55,27.65,23.63,32.02,359.31,1.06,85.96,13.74,0.96,14,1,33,75,127,34,74,-378.683,94.53800000000001,2507.1730000000002,-1061.8179999999993,23,516,794,1158,5,0,140610000,-242.44600000000003,-251.942,28.95,-206,1287,5344,,-224.782,-179.01600000000008,1965.1149999999998,-19.271999999999935,36.54,45.69,52.31,32.46,false,true,-15.29,-16.02,中期趨勢仍向下；20日趨勢尚未上彎；當下除權息調整價未守20日EMA；估值高且成長不足以支撐
227,6155,鈞寶,TWSE,電子零組件業,暫不承接,暫停加碼／跌破減碼,已有部位暫停加碼；若收盤跌破60日EMA約 66.90，且下一交易日仍未收復，先減碼三分之一；若ETF或外資繼續轉弱，再分批降低部位。,49.5,85,49.55,,47.94,19.79,7.21,24.97,198.5,0.18,99.1,2.72,1.61,1,0,3,46,193,193,0,194.726,837.955,916.545,1817.654,0,46,193,193,3,0,2279300,61.236999999999995,46.57199999999999,10.3,217,734,2039,,200.25,730.718,676.973,1560.417,25.53,10.66,10.94,10.12,false,false,-22.68,-17.69,中期趨勢仍向下；20日趨勢尚未上彎；當下除權息調整價未守20日EMA
228,2301,光寶科,TWSE,電腦及週邊設備業,暫不承接,停止加碼／開始減碼,已有部位先停止加碼。反彈若仍未站回 208.88，分批降低部位；只有站回且ETF／外資賣壓收斂後才重新評估。,49.4,100,185,,36.98,25.08,9.44,58.11,141.92,1.66,27.21,4.76,2.7,25,1303,3105,2835,923,-1651,0,-1247.522,-8552.881000000001,-10183.539,1771.101999999999,506.451,1814.9709999999998,-2822.5300000000007,-7751.704000000001,4,1,335769635,692.6640000000001,3690.3580000000006,40.72,-2939,-11013,-10604,,-2033.391,-11060.516,-11051.367,4105.5380000000005,36.74,34.2,42.96,16.69,false,true,-11.43,-15.14,中期趨勢仍向下；外資持股5/10日下降，且外資5日賣超；20日趨勢尚未上彎；當下除權息調整價未守20日EMA
229,2368,金像電,TWSE,電子零組件業,暫不承接,停止加碼／開始減碼,"已有部位先停止加碼。反彈若仍未站回 1,119.70，分批降低部位；只有站回且ETF／外資賣壓收斂後才重新評估。",49.4,100,729,,78.22,68.74,26.85,58.63,170.81,6.87,32.91,10.69,1.34,38,-590,-502,-1586,-2418,-2754,-1824,709.924,892.9000000000001,224.29599999999994,121.5139999999999,-886.993,-4390.748,-8373.224999999999,-12439.749999999998,0,5,-3200855292,125.86200000000001,147.18,29.64,1515,5187,13611,,1513.806,5157.786,8450.341,13128.899,21.7,7.96,14.07,-4.26,false,true,-26.39,-22.45,中期趨勢仍向下；ETF短中期同步減碼；ETF 1/3日已轉為減碼；主動ETF 5日轉為減碼；投信5/10日持續且具金額意義的賣超；20日趨勢尚未上彎；當下除權息調整價未守20日EMA
230,2467,志聖,TWSE,電子零組件業,暫不承接,停止加碼／開始減碼,已有部位先停止加碼。反彈若仍未站回 553.08，分批降低部位；只有站回且ETF／外資賣壓收斂後才重新評估。,49.4,100,461,,94.08,78.92,24.37,58.85,117.19,3.06,61.3,8.65,1.19,9,28,38,4,-110,-183,37,-54.974,190.42000000000002,394.616,-228.41499999999996,29,6.086999999999996,-257.18199999999996,-377.18199999999996,4,1,2806107,243.793,108.73899999999999,20.49,-86,-62,-604,,-92.807,-59.459999999999994,543.059,86.57099999999991,37.12,12.48,18.98,-0.52,false,false,-15.8,-15.57,中期趨勢仍向下；外資持股5/10日下降，且外資5日賣超；20日趨勢尚未上彎；當下除權息調整價未守20日EMA
231,2393,億光,TWSE,光電業,暫不承接,停止加碼／開始減碼,已有部位先停止加碼。反彈若仍未站回 67.38，分批降低部位；只有站回且ETF／外資賣壓收斂後才重新評估。,49.3,100,61.2,,10.58,3.16,7.41,31.13,236.99,0.91,14.61,1.32,7.35,12,0,-25,-213,119,-623,0,-1121.844,-6248.501,-9907.937,-14235.192,2,-210.935,244.31499999999997,-498.68499999999995,1,2,-12909222,110.80199999999999,2628.0860000000002,25.91,-792,-5633,-14368,,-1124.511,-6148.368,-12780.338000000002,-16556.181000000004,29.2,15.54,24.09,-1.56,false,false,-8.26,-8.79,中期趨勢仍向下；外資持股5/10日下降，且外資5日賣超；20日趨勢尚未上彎；當下除權息調整價未守20日EMA；借券賣出與借券賣出餘額壓力升高
232,8070,長華*,TWSE,電子通路業,暫不承接,停止加碼／開始減碼,已有部位先停止加碼。反彈若仍未站回 50.84，分批降低部位；只有站回且ETF／外資賣壓收斂後才重新評估。,49.3,100,42.05,,32.82,24.87,12.13,47.87,258.16,0.51,39.67,1.67,6.44,7,1,1,1,333,7020,0,-222.957,-1314.0600000000002,-3964.985,-3546.131000000001,6,12,340.626,7024.626,3,0,504600,-60.054,-195.336,11.19,-97,-908,-6962,,-194.74,-1266.006,-4110.275,-10209.36,28.11,14.91,18.99,6.74,false,true,-14.75,-14.18,中期趨勢仍向下；外資持股5/10日下降，且外資5日賣超；20日趨勢尚未上彎；當下除權息調整價未守20日EMA
233,3406,玉晶光,TWSE,光電業,暫不承接,停止加碼／開始減碼,已有部位先停止加碼。反彈若仍未站回 580.95，分批降低部位；只有站回且ETF／外資賣壓收斂後才重新評估。,49,100,466.5,,4.51,17.17,19.55,41.75,231.81,7.9,14.14,2.01,3.64,7,0,2,-6,-68,-102,0,10.114,52.447,375.976,-1206.468,-54,-262,-369,-249,1,4,-122223000,-70.426,-168.198,42.64,-30,200,47,,147.461,384.87300000000005,913.1740000000001,-504.5849999999999,29.01,13.1,14.28,10.74,false,true,-15.92,-11.81,中期趨勢仍向下；ETF短中期同步減碼；投信5/10日持續且具金額意義的賣超；20日趨勢尚未上彎；當下除權息調整價未守20日EMA
234,1319,東陽,TWSE,汽車工業,暫不承接,暫停加碼／跌破減碼,已有部位暫停加碼；若收盤跌破60日EMA約 80.84，且下一交易日仍未收復，先減碼三分之一；若ETF或外資繼續轉弱，再分批降低部位。,48.8,100,70.5,,3.04,-14.34,15.76,22.37,232.66,1.62,12.66,1.43,7.09,8,0,0,0,-1699,-2349,0,388.84,1269.904,38.25500000000011,-3685.515,5,11,-1605.778,-2250.7780000000002,3,0,775500,-229.80399999999997,-775.9509999999999,9.44,677,1570,1375,,537.918,1488.708,2419.9840000000004,-1314.3529999999996,32.58,18.94,20.46,15.9,false,false,-6.08,-3.69,累計營收負成長且當月改善不足；中期趨勢仍向下；20日趨勢尚未上彎；當下除權息調整價未守20日EMA
235,2375,凱美,TWSE,電子零組件業,暫不承接,暫停加碼／跌破減碼,已有部位暫停加碼；若收盤跌破60日EMA約 152.53，且下一交易日仍未收復，先減碼三分之一；若ETF或外資繼續轉弱，再分批降低部位。,48.8,100,107.5,,18.39,8.62,6.01,33.33,175.11,0.78,32.67,1.17,1.12,2,0,5,68,285,285,0,1233.16,3229.684,6261.518,8483.815,0,68,285,285,3,0,7310000,-60.056,-100.461,16.37,1297,2748,5212,,1254.545,3221.74,6076.979,8755.973,26.09,3.57,5.83,-0.94,false,false,-29.87,-26.12,中期趨勢仍向下；20日趨勢尚未上彎；當下除權息調整價未守20日EMA
236,4532,瑞智,TWSE,電機機械,暫不承接,停止加碼／開始減碼,已有部位先停止加碼。反彈若仍未站回 25.01，分批降低部位；只有站回且ETF／外資賣壓收斂後才重新評估。,48.8,100,23.35,,28.8,1.91,5.88,63.19,130.18,0.48,12.76,1.11,6.42,2,0,-12,-45,-64,1418,0,-1004.037,-1883.7209999999998,-2505.025,-839.9360000000001,0,-44.438,-63.281,1617.719,0,2,-1037627,-8.282999999999998,-239.072,18.26,-1040,-1785,-2941,,-1000,-1831,-2202.672,-1989.6550000000002,33.72,14.14,14.17,14.07,true,true,-6.51,-5.27,中期趨勢仍向下；ETF短中期同步減碼；20日累積後5日轉為調節；外資持股5/10日下降，且外資5日賣超；20日趨勢尚未上彎；當下除權息調整價未守20日EMA
237,2489,瑞軒,TWSE,光電業,暫不承接,暫停加碼／跌破減碼,已有部位暫停加碼；若收盤跌破60日EMA約 38.60，且下一交易日仍未收復，先減碼三分之一；若ETF或外資繼續轉弱，再分批降低部位。,48.8,93.7,26.1,,23.43,12.6,1.07,40.71,197.42,0.15,23.94,1.23,4.6,3,0,3,3,6,14,0,4365.311,6989.816,15416.530999999999,8582.820999999996,6,-3798,-3797,-3789,3,2,-99127800,5.286000000000001,-203.352,7.51,4703,11558,19690,,4402.381,10782.53,19416.882999999998,12926.237999999998,20.91,10.4,11.34,8.53,false,false,-23.18,-17.41,中期趨勢仍向下；20日趨勢尚未上彎；當下除權息調整價未守20日EMA
238,1708,東鹼,TWSE,化學工業,暫不承接,停止加碼／開始減碼,已有部位先停止加碼。反彈若仍未站回 52.99，分批降低部位；只有站回且ETF／外資賣壓收斂後才重新評估。,48.8,85,47.5,,3.25,11.5,16.67,41.95,100.39,1.11,14.09,1.6,3.37,1,0,10,147,617,617,0,966.926,-81.79399999999998,-719.4720000000001,-3726.353,0,147,617,617,3,0,6982500,-87.601,-168.49800000000002,9.92,-148,-900,-7219,,980.79,-141.19299999999998,-1167.974,-4196.7119999999995,35.52,20.2,26.61,7.37,false,true,-10.37,-12.2,中期趨勢仍向下；外資持股5/10日下降，且外資5日賣超；20日趨勢尚未上彎；當下除權息調整價未守20日EMA
239,3673,TPK-KY,TWSE,光電業,暫不承接,暫停加碼／跌破減碼,已有部位暫停加碼；若收盤跌破60日EMA約 70.58，且下一交易日仍未收復，先減碼三分之一；若ETF或外資繼續轉弱，再分批降低部位。,48.8,85,53.5,,7.03,14.87,-0.32,47.04,216.68,1.33,14.7,0.54,3.36,1,0,4,4,129,129,0,1858.212,2850.226,2813.7090000000003,-1163.025,0,4,129,129,1,0,214000,-530.345,-1089.474,38.64,2125,5179,6061,,1928.802,3376.5710000000004,3774.183000000001,486.3060000000005,26.57,10.14,12.83,4.76,false,true,-21.09,-18.07,中期趨勢仍向下；20日趨勢尚未上彎；當下除權息調整價未守20日EMA；單季稅前獲利對營業外貢獻依賴偏高
240,3592,瑞鼎,TWSE,半導體業,暫不承接,停止加碼／開始減碼,已有部位先停止加碼。反彈若仍未站回 254.25，分批降低部位；只有站回且ETF／外資賣壓收斂後才重新評估。,48.6,100,225.5,,18.59,4.99,5.28,44.86,200.84,3.82,14.09,1.59,6.47,7,0,0,-62,-649,162,-62,-22.621,106.58700000000002,449.44899999999996,1025.693,0,-62,-687.931,-151.93100000000004,0,1,-13981000,8.026,-0.7379999999999995,15.3,7,327,1310,,-25.015,160.56100000000004,1138.118,1195.442,31.19,29.56,29.83,29.01,false,true,-8.49,-4.45,中期趨勢仍向下；ETF短中期同步減碼；20日累積後5日轉為調節；主動ETF 5日轉為減碼；20日趨勢尚未上彎；當下除權息調整價未守20日EMA
241,2449,京元電子,TWSE,半導體業,暫不承接,停止加碼／開始減碼,已有部位先停止加碼。反彈若仍未站回 284.03，分批降低部位；只有站回且ETF／外資賣壓收斂後才重新評估。,48.5,100,212.5,,28.64,36.08,27.2,51.9,152.33,1.87,28.83,4.77,0.71,34,597,5601,6048,8486,10146,475,-4533.407,-24627.199999999997,-43671.195,-62982.47899999999,4.758,23.543999999999983,-669.474,4050.682,3,2,5003100,-304.783,-194.577,30.42,-4927,-25378,-71542,,-4579.628,-24345.960999999996,-42807.144,-66982.77900000001,31.96,13.23,22.47,-5.25,false,true,-21.87,-24.36,中期趨勢仍向下；外資持股5/10日下降，且外資5日賣超；20日趨勢尚未上彎；當下除權息調整價未守20日EMA；借券賣出與借券賣出餘額壓力升高
242,3037,欣興,TWSE,電子零組件業,暫不承接,暫停加碼／跌破減碼,已有部位暫停加碼；若收盤跌破60日EMA約 856.43，且下一交易日仍未收復，先減碼三分之一；若ETF或外資繼續轉弱，再分批降低部位。,48.5,100,688,,36.31,28.42,7.36,56.18,132.43,3.28,45.81,8.83,0.29,46,800,1235,1714,4323,7115,470,-1682.607,-5966.410000000001,-8316.215,-49485.206,1917.242,4447.242,7970.196000000001,17203.263,4,1,3059702496,857.6649999999998,589.4079999999998,36.02,-4145,-11557,14010,,-3951.277,-11271.317000000001,-16875.819,-67534.581,35.6,23.48,34.76,0.93,false,true,-19.42,-24.15,中期趨勢仍向下；外資持股趨勢資料不足或期間有非市場異動；20日趨勢尚未上彎；當下除權息調整價未守20日EMA；單季稅前獲利對營業外貢獻依賴偏高
243,8081,致新,TWSE,半導體業,暫不承接,停止加碼／開始減碼,已有部位先停止加碼。反彈若仍未站回 272.24，分批降低部位；只有站回且ETF／外資賣壓收斂後才重新評估。,48.5,100,241.5,,7.19,-1.3,17.55,29.64,259.16,4.62,13.75,2.86,6.63,10,0,0,0,-34,990,0,-101.191,-1792.648,-758.6970000000001,-728.922,0,0,-33.84700000000001,444.153,0,0,0,12.644000000000002,-141.804,17.13,-407,-1551,-1134,,-94.259,-1805.292,-583.0459999999998,-595.8979999999997,36.77,45.54,42.85,50.9,false,false,-8.81,-4.55,累計營收負成長且當月改善不足；中期趨勢仍向下；外資持股5/10日下降，且外資5日賣超；20日趨勢尚未上彎；當下除權息調整價未守20日EMA
244,4583,台灣精銳,TWSE,電機機械,暫不承接,暫停加碼／跌破減碼,已有部位暫停加碼；若收盤跌破60日EMA約 628.75，且下一交易日仍未收復，先減碼三分之一；若ETF或外資繼續轉弱，再分批降低部位。,48.4,100,487,,29.98,14.06,35.52,16.5,589.27,3.56,36.15,3.93,2.05,4,0,0,0,0,0,0,54.207,85.09200000000001,82.24900000000002,142.09100000000004,0,0,0,0,0,0,0,16.014,6.583999999999999,1.29,46,46,120,,45.01,69.07799999999999,75.66499999999999,132.478,23.69,22.54,35.67,-3.72,false,true,-16.06,-17.18,中期趨勢仍向下；20日趨勢尚未上彎；當下除權息調整價未守20日EMA
245,1773,勝一,TWSE,化學工業,暫不承接,停止加碼／開始減碼,已有部位先停止加碼。反彈若仍未站回 169.93，分批降低部位；只有站回且ETF／外資賣壓收斂後才重新評估。,48.3,100,148,,20.49,18.72,23.35,32.56,133.33,2.02,18.45,3.88,2.7,2,0,0,0,7,6,0,-470.722,-1770.3060000000003,-2219.5370000000003,-1207.6540000000005,3,6,11,10,2,0,888000,-56.811,-35.541,7.23,-729,-1781,-2043,,-467.99,-1719.4950000000001,-2194.996,-1187.7960000000003,29.16,11.24,16.01,1.7,false,false,-11.72,-12.43,中期趨勢仍向下；外資持股5/10日下降，且外資5日賣超；20日趨勢尚未上彎；當下除權息調整價未守20日EMA
246,2354,鴻準,TWSE,其他電子業,暫不承接,暫停加碼／跌破減碼,已有部位暫停加碼；若收盤跌破60日EMA約 56.56，且下一交易日仍未收復，先減碼三分之一；若ETF或外資繼續轉弱，再分批降低部位。,48.3,100,53,,10.66,-21.9,1.48,29.41,278.46,0.47,25.12,0.7,2.83,6,2,19,22,61,75,0,-616.901,-1772.9199999999996,-1771.9109999999996,1926.2400000000002,10,39,73,83,4,0,2067000,-253.584,-528.0920000000001,10.61,42,1759,6855,,-592.133,-1558.3360000000002,-1316.8190000000002,2283.14,37.97,44.09,51.02,30.25,false,true,-5.02,-5.53,中期趨勢仍向下；20日趨勢尚未上彎；當下除權息調整價未守20日EMA；單季稅前獲利對營業外貢獻依賴偏高
247,2903,遠百,TWSE,貿易百貨,暫不承接,暫停加碼／跌破減碼,已有部位暫停加碼；若收盤跌破60日EMA約 22.55，且下一交易日仍未收復，先減碼三分之一；若ETF或外資繼續轉弱，再分批降低部位。,48.3,100,22.35,,-2.42,-0.3,14.91,72.43,51.94,0.39,13.8,1.01,5.59,3,0,342,342,342,2481,0,1690.953,4886.642000000001,7270.04,8301.493,9,352,346,2482,2,0,7867200,-18.840000000000003,-411.101,7.99,2038,4900,9059,,1707.282,4553.482,7335.141,6456.566999999999,48.66,63.71,61.46,68.21,true,false,-0.06,1.13,累計營收負成長且當月改善不足；中期趨勢仍向下；20日趨勢尚未上彎；當下除權息調整價未守20日EMA
248,3030,德律,TWSE,其他電子業,暫不承接,停止加碼／開始減碼,已有部位先停止加碼。反彈若仍未站回 315.40，分批降低部位；只有站回且ETF／外資賣壓收斂後才重新評估。,48.3,100,255,,0.43,24.77,38.16,21.99,343.54,3.5,22.08,5.76,2.75,6,0,2,2,13,14,0,204.499,-619.8900000000001,-1084.289,-6290.896000000001,2,7,17,28,3,0,1785000,-227.058,-228.317,10.17,398,-467,-1046,,304.205,-399.832,-872.972,-6014.113,31.45,28.43,37.56,10.16,false,true,-14.18,-14.57,中期趨勢仍向下；外資持股5/10日下降，且外資5日賣超；20日趨勢尚未上彎；當下除權息調整價未守20日EMA
249,1477,聚陽,TWSE,紡織纖維,暫不承接,暫停加碼／跌破減碼,已有部位暫停加碼；若收盤跌破60日EMA約 224.52，且下一交易日仍未收復，先減碼三分之一；若ETF或外資繼續轉弱，再分批降低部位。,48.2,100,216.5,,0.53,-3.12,15.48,46.49,162,4.35,15.63,4.11,6.93,15,24,155,203,248,3751,-30,240.183,502.331,-538.249,3213.37,26,206.495,282.352,3805.352,4,1,44706168,114.21799999999999,78.585,18.97,212,119,-2604,,192.725,181.618,-899.1859999999999,-673.201,46.4,40.8,32.69,57.03,true,false,-0.86,0.93,累計營收負成長且當月改善不足；中期趨勢仍向下；主動ETF 5日轉為減碼；20日趨勢尚未上彎；當下除權息調整價未守20日EMA
250,2401,凌陽,TWSE,半導體業,暫不承接,停止加碼／開始減碼,已有部位先停止加碼。反彈若仍未站回 28.86，分批降低部位；只有站回且ETF／外資賣壓收斂後才重新評估。,48.2,100,24.15,,35.25,19.54,7.83,25.17,398.66,-0.02,,1.73,,2,5,16,16,31,51,0,-1204.797,-5755.447,-4926.2210000000005,-3876.563,5,16,31,51,2,0,386400,-649.985,-1072.556,18.26,-499,-2329,-1436,,-876.562,-5121.4619999999995,-3884.665,-2215.281,33.58,20.79,25.94,10.49,false,true,-16.32,-19.23,中期趨勢仍向下；外資持股5/10日下降，且外資5日賣超；20日趨勢尚未上彎；當下除權息調整價未守20日EMA；借券賣出與借券賣出餘額壓力升高
251,4576,大銀微系統,TWSE,電機機械,暫不承接,暫停加碼／跌破減碼,已有部位暫停加碼；若收盤跌破60日EMA約 206.24，且下一交易日仍未收復，先減碼三分之一；若ETF或外資繼續轉弱，再分批降低部位。,47.8,100,176,,62.56,47.78,16.65,37.33,204.05,0.96,69.29,5.1,0.45,1,0,0,0,0,0,0,228.05,278.052,627.958,-827.469,0,0,0,0,0,0,0,-54.926,-24.211999999999996,5.75,349,308,645,,235.253,332.97799999999995,652.17,-673.714,36.18,24.24,28.17,16.37,false,true,-12.16,-11.11,中期趨勢仍向下；20日趨勢尚未上彎；當下除權息調整價未守20日EMA
252,1707,葡萄王,TWSE,生技醫療業,暫不承接,暫停加碼／跌破減碼,已有部位暫停加碼；若收盤跌破60日EMA約 98.64，且下一交易日仍未收復，先減碼三分之一；若ETF或外資繼續轉弱，再分批降低部位。,47.7,100,90.9,,-7.24,-2.69,14.72,23.5,159.55,1.18,11.36,1.35,6.6,1,0,0,0,-68,-71,0,105.079,285.098,154.316,419.9200000000001,0,0,4,1,0,0,0,7,-3,14.34,166,342,666,,106.079,278.098,153.316,433.9200000000001,37.87,23.9,27.63,16.45,false,false,-1.45,0.33,累計營收負成長且當月改善不足；中期趨勢仍向下；20日趨勢尚未上彎；當下除權息調整價未守20日EMA
253,3060,銘異,TWSE,電腦及週邊設備業,暫不承接,停止加碼／開始減碼,已有部位先停止加碼。反彈若仍未站回 31.98，分批降低部位；只有站回且ETF／外資賣壓收斂後才重新評估。,47.6,85,26.15,,48.98,17.56,4.37,39.04,211.89,0.33,,1.31,0.76,1,0,7,93,389,389,0,-1285.601,-2216.975,-3956.4539999999997,-6636.641,0,93,389,389,3,0,2431950,66.506,88.028,11.92,-1165,-2177,-6413,,-1276.356,-2376.4809999999998,-4433.482,-7127.063,31.11,13.54,14.96,10.7,false,false,-15.8,-13.27,中期趨勢仍向下；外資持股5/10日下降，且外資5日賣超；20日趨勢尚未上彎；當下除權息調整價未守20日EMA
254,2404,漢唐,TWSE,其他電子業,暫不承接,停止加碼／開始減碼,"已有部位先停止加碼。反彈若仍未站回 1,165.46，分批降低部位；只有站回且ETF／外資賣壓收斂後才重新評估。",47.4,100,1015,,50.9,76.24,19.57,82.86,114.62,16.31,18.87,13.33,3.94,21,7,-118,-282,-857,-1906,-127,199.848,-777.583,-1266.86,-76.20299999999997,274,-685,-1235,-3012,3,2,-695275000,-129.268,-598.6410000000001,37.9,-98,52,2247,,-48.193,36.685,566.781,3773.315,33.9,13.83,18.18,5.15,false,false,-12.91,-13.62,中期趨勢仍向下；ETF短中期同步減碼；主動ETF 5日轉為減碼；20日趨勢尚未上彎；當下除權息調整價未守20日EMA
255,3481,群創,TWSE,光電業,暫不承接,暫停加碼／跌破減碼,已有部位暫停加碼；若收盤跌破60日EMA約 50.77，且下一交易日仍未收復，先減碼三分之一；若ETF或外資繼續轉弱，再分批降低部位。,47.4,100,41.8,,17.25,16.11,2.25,40.84,145.85,0.2,380,1.47,2.39,15,36,233,1017,2113,2909,12,-10197.029,74320.796,26532.06299999999,-62794.788,-247.295,-44.52699999999999,-69423.655,-77196.108,2,3,-1861229,-3246.116,-9281.284,22.46,-7543,76349,111121,,-7747.523,77611.439,105237.00200000001,41154.50600000001,28.43,10.26,11.22,8.35,false,false,-22.03,-20.38,中期趨勢仍向下；20日趨勢尚未上彎；當下除權息調整價未守20日EMA；估值高且成長不足以支撐
256,1560,中砂,TWSE,電機機械,暫不承接,停止加碼／開始減碼,已有部位先停止加碼。反彈若仍未站回 682.27，分批降低部位；只有站回且ETF／外資賣壓收斂後才重新評估。,47.3,100,594,,16.39,23.02,19.38,38.56,179.04,2.94,58.58,10.74,0.83,6,3,254,254,14,175,250,-82.313,-458.46299999999997,-892.701,-1175.808,320,1103.76,1264.76,1208.76,4,0,655633440,-154.905,-204.72,38.25,-346,-1381,-1648,,-351.339,-1407.318,-1952.741,-2091.826,36.71,30.18,39.01,12.52,false,true,-12.94,-15.98,中期趨勢仍向下；外資持股5/10日下降，且外資5日賣超；20日趨勢尚未上彎；當下除權息調整價未守20日EMA
257,6515,穎崴,TWSE,半導體業,暫不承接,停止加碼／開始減碼,"已有部位先停止加碼。反彈若仍未站回 7,857.11，分批降低部位；只有站回且ETF／外資賣壓收斂後才重新評估。",47.3,100,5415,,287.9,70.27,26.06,54.61,230.87,19.54,110.96,30.04,0.91,29,-96,-92,-94,-384,-427,-97,17.959,-47.675000000000004,-232.656,-352.087,-100,-187.393,-1035.488,-942.488,2,3,-1014733095,3.9299999999999997,11.123,22.2,148,172,880,,116.09,135.788,791.7090000000001,588.3330000000001,29.89,19.5,25.1,8.3,false,true,-22.18,-16.69,中期趨勢仍向下；ETF短中期同步減碼；ETF 1/3日已轉為減碼；主動ETF 5日轉為減碼；投信5/10日持續且具金額意義的賣超；20日趨勢尚未上彎；當下除權息調整價未守20日EMA
258,9904,寶成,TWSE,運動休閒,暫不承接,停止加碼／開始減碼,已有部位先停止加碼。反彈若仍未站回 25.48，分批降低部位；只有站回且ETF／外資賣壓收斂後才重新評估。,47.3,100,24.1,,-3.26,-2.86,3.16,37.44,149.28,0.76,6.64,0.47,5.39,11,358,567,-2536,-14909,-47741,0,5917.612,-2465.546,10115.599999999999,-35634.47,32,-2947.261,-17793.618000000002,-53273.344,4,1,-71028990,192.14399999999998,1649.787,28.87,6666,1123,25417,,5607.411,289.5709999999999,26259.430999999997,16362.145999999997,36.15,20.37,24.58,11.94,false,false,-1.6,-0.62,累計營收負成長且當月改善不足；中期趨勢仍向下；ETF短中期同步減碼；20日趨勢尚未上彎；當下除權息調整價未守20日EMA
259,3450,聯鈞,TWSE,半導體業,暫不承接,停止加碼／開始減碼,已有部位先停止加碼。反彈若仍未站回 454.87，分批降低部位；只有站回且ETF／外資賣壓收斂後才重新評估。,47.1,100,364.5,,88.18,9.91,12.75,43,192,0.69,108.48,10.18,0.27,3,0,300,300,300,300,300,668.556,41.090999999999894,1001.4039999999998,-998.9090000000001,1,2467,2984,2983,5,0,899221500,-74.433,-36.168000000000006,17.21,408,-897,-260,,709.457,-2351.476,-1946.428,-3772.25,35.5,22.78,31.31,5.7,false,true,-19.87,-20.5,中期趨勢仍向下；外資持股5/10日下降，且外資5日賣超；20日趨勢尚未上彎；當下除權息調整價未守20日EMA；借券賣出與借券賣出餘額壓力升高
260,2406,國碩,TWSE,光電業,暫不承接,停止加碼／開始減碼,已有部位先停止加碼。反彈若仍未站回 34.67，分批降低部位；只有站回且ETF／外資賣壓收斂後才重新評估。,47.1,85,28.75,,63,133.5,10.29,48.86,198.09,0.27,,2.76,,1,0,16,401,941,941,0,-2325.257,-13018.982,-19360.497000000003,-32053.867,0,401,941,941,3,0,11528750,66.43199999999999,194.91299999999995,10.63,-1985,-9702,-24027,,-2275.419,-13486.414,-20496.41,-32975.792,34.88,29.25,33.39,20.98,false,true,-15.45,-18.56,中期趨勢仍向下；外資持股5/10日下降，且外資5日賣超；20日趨勢尚未上彎；當下除權息調整價未守20日EMA；借券賣出與借券賣出餘額壓力升高
261,2337,旺宏,TWSE,半導體業,暫不承接,停止加碼／開始減碼,已有部位先停止加碼。反彈若仍未站回 140.66，分批降低部位；只有站回且ETF／外資賣壓收斂後才重新評估。,47,100,102,,216.09,128.76,18.46,38.35,233.04,0.9,,3.99,,12,-2464,-2391,-5186,-4830,-4367,-5306,-15367.524,-33734.957,-53390.297999999995,-112307.815,-3730,-10440,-10610,-13748,1,4,-1064880000,237.32099999999997,-7.960000000000036,24.77,-12455,-23231,-44551,,-11618.916,-23532.278,-42772.337999999996,-100344.891,31.54,13.55,22.67,-4.68,false,true,-22.24,-24.44,中期趨勢仍向下；ETF短中期同步減碼；ETF 1/3日已轉為減碼；主動ETF 5日轉為減碼；投信5/10日持續且具金額意義的賣超；外資持股5/10日下降，且外資5日賣超；20日趨勢尚未上彎；當下除權息調整價未守20日EMA
262,2374,佳能,TWSE,光電業,暫不承接,停止加碼／開始減碼,已有部位先停止加碼。反彈若仍未站回 73.77，分批降低部位；只有站回且ETF／外資賣壓收斂後才重新評估。,46.8,100,62.6,,18.97,51.37,9.09,31.36,189.9,0.73,22.52,2.36,3.19,1,0,0,0,0,0,0,588.975,-720.0159999999998,-904.0989999999999,867.6620000000003,3,6,4,3,2,0,375600,-201.847,-716.489,4.44,588,-1197,-1042,,662.532,-524.1689999999999,-191.6099999999999,1764.862,30.11,23.34,25.02,19.98,false,true,-10.19,-7.53,中期趨勢仍向下；外資持股5/10日下降，且外資5日賣超；20日趨勢尚未上彎；當下除權息調整價未守20日EMA
263,2597,潤弘,TWSE,建材營造,暫不承接,暫停加碼／跌破減碼,已有部位暫停加碼；若收盤跌破60日EMA約 166.69，且下一交易日仍未收復，先減碼三分之一；若ETF或外資繼續轉弱，再分批降低部位。,46.7,100,163,,2.95,15.29,13.49,57.34,134.72,2.38,14.35,5.44,5.93,5,0,0,1,9,201,0,150.88,457.65199999999993,479.9679999999999,683.905,3,6.949,13.534,203.534,2,0,1132687,17.147,-7.31,2.14,47,310,642,,140.733,433.55600000000004,473.744,498.79100000000005,45.14,46.04,35.17,67.78,false,false,-0.93,3.16,中期趨勢仍向下；20日趨勢尚未上彎；當下除權息調整價未守20日EMA
264,6442,光聖,TWSE,通信網路業,暫不承接,暫停加碼／跌破減碼,"已有部位暫停加碼；若收盤跌破60日EMA約 1,647.11，且下一交易日仍未收復，先減碼三分之一；若ETF或外資繼續轉弱，再分批降低部位。",46.5,100,1110,,1.65,27.4,26.4,53.24,215.86,7.82,41.87,12.26,1.01,10,2,12,60,-9,148,57,-44.814,-1188.0659999999998,-1563.6019999999999,-582.7639999999999,3,246,107.12299999999999,-51.52600000000001,5,0,273060000,26.449999999999996,1.0139999999999976,33.26,68,-1184,1829,,-58.179,-1460.516,-1671.739,-393.40099999999995,30.5,25.27,34.76,6.29,false,true,-20.65,-19.86,中期趨勢仍向下；外資持股趨勢資料不足或期間有非市場異動；20日趨勢尚未上彎；當下除權息調整價未守20日EMA
265,6526,達發,TWSE,半導體業,暫不承接,暫停加碼／跌破減碼,已有部位暫停加碼；若收盤跌破60日EMA約 621.12，且下一交易日仍未收復，先減碼三分之一；若ETF或外資繼續轉弱，再分批降低部位。,46.4,100,507,,14.4,9.3,14.96,28.83,249.76,4.47,29.1,4.74,2.66,15,1,7,7,108,495,0,58.28,107.83500000000001,88.95099999999996,869.5459999999999,2,-60,41,466,3,1,-30420000,-14.077000000000002,-39.061,7.28,-24,-33,-270,,63.087,181.91199999999998,87.01199999999994,505.424,29.69,21.05,25.22,12.73,false,true,-15.67,-14.21,中期趨勢仍向下；ETF加碼，但外資持股5/10日同步下降；20日趨勢尚未上彎；當下除權息調整價未守20日EMA
266,6834,天二科技,TWSE,電子零組件業,暫不承接,暫停加碼／跌破減碼,已有部位暫停加碼；若收盤跌破60日EMA約 88.96，且下一交易日仍未收復，先減碼三分之一；若ETF或外資繼續轉弱，再分批降低部位。,46.4,85,74.1,,66.46,36.56,8.5,37.92,154.16,0.45,121.48,4.49,0.54,1,0,3,40,166,166,0,525.929,1404.2050000000002,1677.8660000000002,1071.3300000000002,0,40,166,166,3,0,2964000,-10.040000000000001,-2.536999999999999,13.73,481,1291,-237,,533.131,1374.2450000000001,1514.4030000000002,938.8530000000003,31.58,6.58,12.25,-4.75,false,false,-25.83,-26.27,中期趨勢仍向下；20日趨勢尚未上彎；當下除權息調整價未守20日EMA
267,2303,聯電,TWSE,半導體業,暫不承接,停止加碼／開始減碼,已有部位先停止加碼。反彈若仍未站回 138.21，分批降低部位；只有站回且ETF／外資賣壓收斂後才重新評估。,46.1,100,102.5,,22.85,11.28,18.47,32.2,271.87,1.29,25.75,3.17,2.55,60,-5436,-2968,-15842,-31281,-139397,-11573,21998.256,43442.574,-88388.78099999999,-90149.35699999999,-15489.849,-43325.984,-68552.00699999998,-177596.402,1,4,-4440913360,-3682.7490000000003,-23871.333000000002,41.71,38078,85727,-9783,,39628.432,90451.307,4034.5590000000066,121219.076,29.57,8.55,16.56,-7.48,false,false,-25.84,-26.26,中期趨勢仍向下；ETF短中期同步減碼；ETF 1/3日已轉為減碼；主動ETF 5日轉為減碼；投信5/10日持續且具金額意義的賣超；外資持股趨勢資料不足或期間有非市場異動；20日趨勢尚未上彎；當下除權息調整價未守20日EMA
268,2385,群光,TWSE,電子零組件業,暫不承接,暫停加碼／跌破減碼,已有部位暫停加碼；若收盤跌破60日EMA約 114.65，且下一交易日仍未收復，先減碼三分之一；若ETF或外資繼續轉弱，再分批降低部位。,46,100,101.5,,-5.48,-5.27,7.55,54.77,137,2,11.46,1.79,7.09,26,114,191,-828,-6342,-13160,0,-1666.65,-2084.8970000000004,1652.5329999999994,3075.1409999999996,15.607,-950.7330000000001,-7242.15,-14876.88,4,1,-96499399,100.6,271.01699999999994,21.43,-1021,-1140,12384,,-1692.465,-1234.7640000000001,8623.666,16980.324999999997,33.44,38.83,44.35,27.78,false,true,-4.7,-4.69,累計營收負成長且當月改善不足；ETF短中期同步減碼；當下除權息調整價未守20日EMA
269,6239,力成,TWSE,半導體業,暫不承接,停止加碼／開始減碼,已有部位先停止加碼。反彈若仍未站回 293.80，分批降低部位；只有站回且ETF／外資賣壓收斂後才重新評估。,46,100,233,,21.71,32.41,12.95,41.87,192.9,2.5,27.74,2.95,1.93,23,186,272,1034,250,-9709,728,601.909,-6306.263000000001,-8601.845000000001,-7087.516000000001,-2146,-2004.1570000000002,-2613.746,-13356.134,2,3,-466968581,-62.735000000000014,183.52300000000002,36.58,2872,-4329,-6294,,2923.767,-4239.371,-6171.622,7783.121,29.94,14.43,20.67,1.93,false,true,-20,-20.75,中期趨勢仍向下；投信5/10日持續且具金額意義的賣超；外資持股5/10日下降，且外資5日賣超；20日趨勢尚未上彎；當下除權息調整價未守20日EMA；2日內除權息，等待價格重置
270,2439,美律,TWSE,通信網路業,暫不承接,停止加碼／開始減碼,已有部位先停止加碼。反彈若仍未站回 87.83，分批降低部位；只有站回且ETF／外資賣壓收斂後才重新評估。,45.9,100,81.3,,0.15,11.89,1.88,55.01,162.61,1.03,16.52,1.22,4.92,6,0,0,0,-10,-1907,0,-264.674,-1378.058,-3233.1850000000004,-6696.159000000001,0,0,-10.501999999999999,-1906.502,0,0,0,-147.90400000000002,-407.814,11,39,-314,-2158,,-190.825,-1230.154,-2814.8689999999997,-4172.449999999999,32.49,25.19,25.52,24.52,false,true,-4.72,-3.67,中期趨勢仍向下；外資持股5/10日下降，且外資5日賣超；20日趨勢尚未上彎；當下除權息調整價未守20日EMA；單季稅前獲利對營業外貢獻依賴偏高
271,3019,亞光,TWSE,光電業,暫不承接,停止加碼／開始減碼,已有部位先停止加碼。反彈若仍未站回 142.64，分批降低部位；只有站回且ETF／外資賣壓收斂後才重新評估。,45.8,100,123,,13.14,15.6,7.76,38.97,223.85,1.05,17.93,2.41,3.74,2,0,0,0,0,0,0,-886.553,-2534.8880000000004,-4622.799,-5543.289,0,0,0,0,0,0,0,-670.458,-1258.4679999999998,6.31,-383,-1211,-1413,,-674.054,-1864.4299999999998,-3364.331,-4505.8189999999995,33.58,25.31,29.94,16.04,false,true,-10.52,-11.51,中期趨勢仍向下；外資持股5/10日下降，且外資5日賣超；20日趨勢尚未上彎；當下除權息調整價未守20日EMA
272,3533,嘉澤,TWSE,電子零組件業,暫不承接,停止加碼／開始減碼,"已有部位先停止加碼。反彈若仍未站回 2,134.48，分批降低部位；只有站回且ETF／外資賣壓收斂後才重新評估。",45.8,100,1725,,17.26,17.24,29.04,19.05,381.17,21.37,24.24,4.62,2.02,23,3,6,-21,-99,-724,0,17.937,-349.153,-942.4990000000001,-1282.978,-46,-424.926,-559.886,-1488.886,1,4,-732997350,4.771000000000001,-4.795999999999999,49.68,-8,-26,-108,,68.212,71.00200000000001,-377.817,256.04499999999996,30.77,33.51,44.33,11.88,false,true,-13.18,-14.18,中期趨勢仍向下；ETF短中期同步減碼；投信5/10日持續且具金額意義的賣超；20日趨勢尚未上彎；當下除權息調整價未守20日EMA
273,6409,旭隼,TWSE,其他電子業,暫不承接,暫停加碼／跌破減碼,已有部位暫停加碼；若收盤跌破60日EMA約 947.62，且下一交易日仍未收復，先減碼三分之一；若ETF或外資繼續轉弱，再分批降低部位。,45.8,100,923,,5.72,-8.79,18.11,42.09,188.74,4.46,26.44,7.84,3.98,12,1,3,70,459,2374,0,69.24,423.55,435.63699999999994,813.7389999999999,1.918,72.71600000000001,486.69399999999996,2401.176,4,0,67116868,-13.950999999999999,-58.590999999999994,52.32,40,435,-1010,,64.657,364.78499999999997,7.533999999999994,-1470.5030000000002,39.8,19.26,20.9,15.97,false,true,-8.41,-7.52,累計營收負成長且當月改善不足；中期趨勢仍向下；20日趨勢尚未上彎；當下除權息調整價未守20日EMA
274,3003,健和興,TWSE,電子零組件業,暫不承接,停止加碼／開始減碼,已有部位先停止加碼。反彈若仍未站回 61.36，分批降低部位；只有站回且ETF／外資賣壓收斂後才重新評估。,45.7,100,54.3,,36.15,31.5,8.87,21.85,464.19,0.47,53.76,1.32,1.84,1,0,0,0,0,0,0,7.754,-73.434,-602.7,-553.6010000000001,0,0,0,0,0,0,0,28.732999999999997,72.762,4,-46,-338,-1492,,3.7,-102.167,-675.462,-627.931,30.86,14.52,19.92,3.71,false,false,-11.51,-11.13,中期趨勢仍向下；外資持股5/10日下降，且外資5日賣超；20日趨勢尚未上彎；當下除權息調整價未守20日EMA
275,3596,智易,TWSE,通信網路業,暫不承接,暫停加碼／跌破減碼,已有部位暫停加碼；若收盤跌破60日EMA約 185.47，且下一交易日仍未收復，先減碼三分之一；若ETF或外資繼續轉弱，再分批降低部位。,45.7,100,169.5,,3.96,1.92,6.43,70.73,123.01,3.12,13.4,2.37,5.31,5,0,0,0,1,913,0,-317.814,-336.183,92.76599999999999,470.096,0,0,0.778,912.778,0,0,0,-74.145,-321.40299999999996,33.97,-274,-207,526,,-272.438,-262.038,413.39099999999996,-115.42499999999995,34.04,38.31,43.96,27.01,false,true,-8.47,-9.6,中期趨勢仍向下；20日趨勢尚未上彎；當下除權息調整價未守20日EMA
276,6213,聯茂,TWSE,電子零組件業,暫不承接,停止加碼／開始減碼,已有部位先停止加碼。反彈若仍未站回 323.35，分批降低部位；只有站回且ETF／外資賣壓收斂後才重新評估。,45.7,100,249,,47.94,25.62,4.64,47.16,179.33,0.87,60.88,4.29,1.2,12,-77,-136,208,657,1066,120,1543.231,-10081.439,-8558.778,-16985.07,-77,-1469,1281,6194,1,4,-365781000,-963.8019999999999,-992.675,15.51,1044,-6439,-13582,,1923.533,-7648.6370000000015,-8847.103000000005,-21727.873000000007,32.79,9.57,18.12,-7.53,false,false,-22.99,-32.15,中期趨勢仍向下；ETF 1/3日已轉為減碼；投信20日買超後近5日轉賣；外資持股5/10日下降，且外資5日賣超；20日趨勢尚未上彎；當下除權息調整價未守20日EMA；借券賣出與借券賣出餘額壓力升高
277,1609,大亞,TWSE,電器電纜,暫不承接,停止加碼／開始減碼,已有部位先停止加碼。反彈若仍未站回 37.30，分批降低部位；只有站回且ETF／外資賣壓收斂後才重新評估。,45.6,100,33,,22.67,19.01,14.08,68.56,129.15,0.66,13.81,1.48,2.12,2,0,2,2,-13,-22,0,-284.109,-3451.6279999999997,-3963.6469999999995,6065.861000000001,3,11,-6,-17,5,0,363000,-233.96800000000002,-495.735,12.65,889,-1033,-7316,,-312.918,-3228.6600000000003,-3461.9120000000003,6441.468000000001,33.78,17.3,22.89,6.12,false,true,-11.25,-12.58,中期趨勢仍向下；外資持股5/10日下降，且外資5日賣超；20日趨勢尚未上彎；當下除權息調整價未守20日EMA
278,2543,皇昌,TWSE,建材營造,暫不承接,暫停加碼／跌破減碼,已有部位暫停加碼；若收盤跌破60日EMA約 43.15，且下一交易日仍未收復，先減碼三分之一；若ETF或外資繼續轉弱，再分批降低部位。,45.6,100,36.5,,105.33,54.81,9.02,50.36,105.92,0.37,14.72,1.92,4.19,1,0,0,0,0,0,0,-165.074,660.606,1326.8670000000002,2292.5290000000005,3,8,6,6,3,0,292000,-16.618,-5.967999999999998,1.46,-326,-211,1121,,-170.291,669.224,1326.8349999999998,2327,34.6,27.17,33.69,14.13,false,false,-6.89,-6.41,中期趨勢仍向下；20日趨勢尚未上彎；當下除權息調整價未守20日EMA
279,3714,富采,TWSE,光電業,暫不承接,暫停加碼／跌破減碼,已有部位暫停加碼；若收盤跌破60日EMA約 60.58，且下一交易日仍未收復，先減碼三分之一；若ETF或外資繼續轉弱，再分批降低部位。,45.6,100,46.1,,18.97,1.73,-5.84,18.47,365.22,-0.2,,0.81,1.95,2,0,0,0,0,0,0,1350.475,1597.9850000000004,5540.153,5868.381000000001,0,0,0,0,0,0,0,-103.036,-331.08599999999996,12.86,1319,5549,11637,,1347.078,1701.0210000000002,5871.239,5982.026999999998,27.15,16.8,20.7,9.01,false,true,-17.87,-14.31,中期趨勢仍向下；20日趨勢尚未上彎；當下除權息調整價未守20日EMA
280,6415,矽力*-KY,TWSE,半導體業,暫不承接,停止加碼／開始減碼,已有部位先停止加碼。反彈若仍未站回 495.17，分批降低部位；只有站回且ETF／外資賣壓收斂後才重新評估。,45.5,100,375.5,,37.77,25.54,8.03,16.19,578.28,1.98,50.47,3.82,0.68,15,-161,-202,-193,-563,-528,-216,403.61,208.16000000000003,-2254.6369999999997,-2862.8189999999995,-1144,-2506.6400000000003,-4018.6400000000003,-5672.64,1,4,-941243320,-271.45500000000004,-330.61,80.29,1405,2616,3056,,1595.557,2986.255,2094.6130000000003,3210.6630000000005,30.27,18.39,24.34,6.49,false,true,-22.12,-22.34,中期趨勢仍向下；ETF短中期同步減碼；ETF 1/3日已轉為減碼；主動ETF 5日轉為減碼；投信5/10日持續且具金額意義的賣超；20日趨勢尚未上彎；當下除權息調整價未守20日EMA；單季稅前獲利對營業外貢獻依賴偏高
281,3014,聯陽,TWSE,半導體業,暫不承接,暫停加碼／跌破減碼,已有部位暫停加碼；若收盤跌破60日EMA約 139.37，且下一交易日仍未收復，先減碼三分之一；若ETF或外資繼續轉弱，再分批降低部位。,45.4,100,121,,-1.12,-2.09,28.74,37.14,205.88,2.85,13.08,3.24,7.02,11,0,-10,-65,130,3246,0,-289.686,1189.665,1275.61,-1265.1059999999998,0,-65.475,105.111,3039.111,0,2,-7922475,29.305,18.18,20.58,-110,1349,337,,-293.49,1225.835,1152.3190000000002,-4182.781999999999,31.43,33.21,36.63,26.35,false,true,-10.5,-9.02,累計營收負成長且當月改善不足；中期趨勢仍向下；20日累積後5日轉為調節；20日趨勢尚未上彎；當下除權息調整價未守20日EMA
282,6278,台表科,TWSE,光電業,暫不承接,停止加碼／開始減碼,已有部位先停止加碼。反彈若仍未站回 179.60，分批降低部位；只有站回且ETF／外資賣壓收斂後才重新評估。,45.4,100,136.5,,9.24,3.13,5.77,58.08,140.83,2.17,15.58,1.77,4.07,8,-310,-296,-345,-282,5678,-293,1862.93,3451.294,2527.3250000000003,-10157.658,-310,-224,-1452,2134,3,1,-30576000,-108.29700000000001,-354.893,16.86,1491,3646,1174,,2202.293,3783.591,4334.218,-11059.09,26.54,13.46,16.14,8.1,false,true,-20.36,-18.26,中期趨勢仍向下；ETF短中期同步減碼；20日累積後5日轉為調節；ETF 1/3日已轉為減碼；主動ETF 5日轉為減碼；20日趨勢尚未上彎；當下除權息調整價未守20日EMA
283,3042,晶技,TWSE,電子零組件業,暫不承接,停止加碼／開始減碼,已有部位先停止加碼。反彈若仍未站回 178.07，分批降低部位；只有站回且ETF／外資賣壓收斂後才重新評估。,45.3,100,136.5,,19.98,7.73,15.08,32.91,231.24,1.32,26.05,3.07,3.52,8,0,2,-47,-645,-336,0,2823.707,3826.288,1743.4719999999998,-4728.017,0,-2771,-3793,-713,0,3,-378241500,-590.7389999999999,-647.335,19.98,2241,6334,2968,,2868.898,7188.027000000001,6183.807000000001,-839.1409999999996,30.57,10.02,14.79,0.48,false,true,-22.08,-19.23,中期趨勢仍向下；ETF短中期同步減碼；投信5/10日持續且具金額意義的賣超；20日趨勢尚未上彎；當下除權息調整價未守20日EMA
284,3704,合勤控,TWSE,通信網路業,暫不承接,暫停加碼／跌破減碼,已有部位暫停加碼；若收盤跌破60日EMA約 44.16，且下一交易日仍未收復，先減碼三分之一；若ETF或外資繼續轉弱，再分批降低部位。,45.3,100,40.9,,47.87,13.91,1.83,49.3,172.53,0.29,35.57,1.41,0.98,1,0,0,0,0,0,0,253.153,-1039.4080000000001,-2050.433,3502.397,0,0,0,0,0,0,0,-17.577999999999992,-3.999999999999986,14.4,274,-1001,3352,,264.153,-1021.83,-2046.433,3413.861,36.88,25.83,35.4,6.68,false,false,-10.62,-13.26,中期趨勢仍向下；20日趨勢尚未上彎；當下除權息調整價未守20日EMA
285,6202,盛群,TWSE,半導體業,暫不承接,停止加碼／開始減碼,已有部位先停止加碼。反彈若仍未站回 59.85，分批降低部位；只有站回且ETF／外資賣壓收斂後才重新評估。,45.3,100,45.05,,30.93,11.58,6.69,25.14,428.08,0.3,37.54,2.57,1.51,3,0,4,4,47,37,0,-1676.976,-2621.46,-8202.052,-1354.4660000000003,0,4,47,37,1,0,180200,-239.147,-561.736,14.1,-1085,-2252,-449,,-1586.159,-2386.313,-7687.316000000001,-793.6340000000018,29.45,7.32,12.21,-2.46,false,false,-23.29,-21.65,中期趨勢仍向下；外資持股5/10日下降，且外資5日賣超；20日趨勢尚未上彎；當下除權息調整價未守20日EMA
286,8996,高力,TWSE,電機機械,暫不承接,停止加碼／開始減碼,"已有部位先停止加碼。反彈若仍未站回 1,159.71，分批降低部位；只有站回且ETF／外資賣壓收斂後才重新評估。",45.3,100,859,,37.56,128.96,20.71,47.81,160.65,6.54,61.27,17.2,0.53,17,-1,33,5,133,-614,-47,831.688,120.536,-199.69399999999996,-1038.825,-287,-813.024,-1060.113,-2124.1580000000004,2,3,-698387616,44.57000000000001,294.88399999999996,38.45,1058,962,732,,1058.954,888.9899999999997,565.5349999999996,878.0589999999996,29.68,15.34,19.79,6.43,false,true,-22.25,-20.46,中期趨勢仍向下；主動ETF 5日轉為減碼；投信5/10日持續且具金額意義的賣超；20日趨勢尚未上彎；當下除權息調整價未守20日EMA
287,2486,一詮,TWSE,光電業,暫不承接,暫停加碼／跌破減碼,已有部位暫停加碼；若收盤跌破60日EMA約 235.34，且下一交易日仍未收復，先減碼三分之一；若ETF或外資繼續轉弱，再分批降低部位。,45.2,100,184.5,,35.04,24.86,6.99,61.39,190.92,0.29,361.76,8.19,0.27,3,80,280,500,869,559,500,358.132,-930.6460000000004,-5088.713000000001,-2144.09,80,500,869,180,5,0,92250000,-715.119,-546.861,11.34,529,42,-294,,606.181,-715.5270000000003,-5410.852000000001,-2086.4760000000006,35.1,11.54,21.2,-7.77,false,false,-20.07,-20.65,中期趨勢仍向下；20日趨勢尚未上彎；當下除權息調整價未守20日EMA
288,4585,達明,TWSE,其他電子業,暫不承接,暫停加碼／跌破減碼,已有部位暫停加碼；若收盤跌破60日EMA約 316.57，且下一交易日仍未收復，先減碼三分之一；若ETF或外資繼續轉弱，再分批降低部位。,45.2,100,288.5,,41.88,11.7,5.4,11.23,441.99,0.65,218.56,4.39,0.35,2,0,0,0,0,0,0,13.683,-59.748000000000005,-104.61000000000001,20.786999999999978,1,2,2,2,2,0,577000,-15.828999999999999,-31.205,0.36,17,-6,1,,17.87,-45.919,-75.40499999999999,-2.6629999999999825,38.69,18.8,20.84,14.71,false,false,-5.58,-6.03,中期趨勢仍向下；20日趨勢尚未上彎；當下除權息調整價未守20日EMA；單季稅前獲利對營業外貢獻依賴偏高
289,3711,日月光投控,TWSE,半導體業,暫不承接,暫停加碼／跌破減碼,已有部位暫停加碼；若收盤跌破60日EMA約 588.54，且下一交易日仍未收復，先減碼三分之一；若ETF或外資繼續轉弱，再分批降低部位。,45,100,499,,32.86,22.02,10.1,60.19,114.67,3.24,46.33,6.25,1.32,56,1663,2787,2093,5358,12780,322,-3333.262,-9150.87,-18647.589,-34372.2,751.608,-265.78100000000023,5376.2080000000005,18174.363,4,1,-132624719,2046.0529999999999,3482.225,76.85,-5127,-12183,-38306,,-4634.756,-10931.142,-27506.022,-57424.434,33.05,17.46,30.67,-8.96,false,false,-19.35,-23.93,中期趨勢仍向下；外資持股趨勢資料不足或期間有非市場異動；20日趨勢尚未上彎；當下除權息調整價未守20日EMA
290,2302,麗正,TWSE,半導體業,暫不承接,停止加碼／開始減碼,已有部位先停止加碼。反彈若仍未站回 42.08，分批降低部位；只有站回且ETF／外資賣壓收斂後才重新評估。,45,85,34.15,,45.71,22.13,7.43,33.36,146.92,0.25,43.23,3.18,1.02,1,0,3,58,244,244,0,-6.143,-2013.3919999999998,-1744.6599999999999,-2312.8189999999995,0,58,244,244,3,0,1980700,28.303999999999995,-16,0.84,68,-1914,-941,,37.857,-2099.696,-1972.6599999999999,-2539.8189999999995,35.38,18.51,27.26,1.02,false,true,-18.84,-21.58,中期趨勢仍向下；外資持股5/10日下降，且外資5日賣超；20日趨勢尚未上彎；當下除權息調整價未守20日EMA；單季稅前獲利對營業外貢獻依賴偏高
291,1504,東元,TWSE,電機機械,暫不承接,停止加碼／開始減碼,已有部位先停止加碼。反彈若仍未站回 69.18，分批降低部位；只有站回且ETF／外資賣壓收斂後才重新評估。,44.8,100,62,,0.15,5.92,8.28,36.63,211.34,0.51,27.56,1.73,3.23,10,51,170,164,1397,1329,0,-481.569,-9839.386,-12087.33,-17741.972,64,-1377.498,-774.8209999999997,-597.4789999999997,3,2,-85404876,-469.476,-862.0680000000001,6.66,604,-5428,-13556,,-531.925,-7992.411999999999,-10450.440999999999,-16023.668999999998,37.59,29.31,38.88,10.18,false,true,-7.65,-8.96,中期趨勢仍向下；外資持股5/10日下降，且外資5日賣超；20日趨勢尚未上彎；當下除權息調整價未守20日EMA
292,2351,順德,TWSE,半導體業,暫不承接,停止加碼／開始減碼,已有部位先停止加碼。反彈若仍未站回 176.87，分批降低部位；只有站回且ETF／外資賣壓收斂後才重新評估。,44.5,100,130.5,,51.72,24.21,9.69,43.39,218.26,1.22,57.74,3.28,0.79,2,0,4,-17,-218,554,4,1432.985,4273.391,5733.706999999999,12631.358,-725,-1138,-1339,-408,1,4,-148509000,-223.07399999999998,-535.674,21.55,2121,5579,7345,,2201.846,5634.465,7608.380999999999,14073.735,30.2,5.72,10.09,-3.02,false,false,-25.04,-22.32,中期趨勢仍向下；ETF短中期同步減碼；20日累積後5日轉為調節；投信5/10日持續且具金額意義的賣超；20日趨勢尚未上彎；當下除權息調整價未守20日EMA
293,6271,同欣電,TWSE,半導體業,暫不承接,停止加碼／開始減碼,已有部位先停止加碼。反彈若仍未站回 215.60，分批降低部位；只有站回且ETF／外資賣壓收斂後才重新評估。,44.4,100,149,,10.56,1.65,13.96,23.83,258.7,1.89,16.76,1.14,2.01,3,-248,-461,-461,-522,-310,-461,-641.448,-818.1119999999999,-473.7619999999997,-8074.8319999999985,-440,-2382,-3138,-2848,0,5,-354918000,-112.702,-311.366,31.71,-887,755,4892,,-142.383,1676.59,2975.604,-4072.053,26.82,5.93,10.81,-3.82,false,false,-28.4,-26.6,中期趨勢仍向下；ETF短中期同步減碼；ETF 1/3日已轉為減碼；主動ETF 5日轉為減碼；投信5/10日持續且具金額意義的賣超；20日趨勢尚未上彎；當下除權息調整價未守20日EMA
294,2402,毅嘉,TWSE,電子零組件業,暫不承接,暫停加碼／跌破減碼,已有部位暫停加碼；若收盤跌破60日EMA約 63.03，且下一交易日仍未收復，先減碼三分之一；若ETF或外資繼續轉弱，再分批降低部位。,44.2,100,49.8,,21.7,16.07,2.87,55.67,145.67,0.07,25.54,2.15,4.02,2,0,0,0,61,61,0,124.068,-330.047,-1588.1180000000002,-4510.161,0,0,61,61,0,0,0,-386.528,-761.149,4.76,344,484,-2286,,321.104,56.48099999999999,-887.969,-3687.804,25.44,15.57,20,6.7,false,true,-16.93,-15.02,中期趨勢仍向下；20日趨勢尚未上彎；當下除權息調整價未守20日EMA
295,6449,鈺邦,TWSE,電子零組件業,暫不承接,暫停加碼／跌破減碼,已有部位暫停加碼；若收盤跌破60日EMA約 290.49，且下一交易日仍未收復，先減碼三分之一；若ETF或外資繼續轉弱，再分批降低部位。,44.2,85,202,,23.29,22.31,19.21,41.31,128.28,2.11,26.27,3.23,2.08,1,0,0,0,44,44,0,208.644,271.2030000000001,1609.721,1666.0789999999997,0,0,44,-328,0,0,0,-18.24,-33.655,7.38,253,320,1293,,219.789,289.443,1599.376,2061.062,29.47,10.07,13.24,3.73,false,false,-26.69,-25.05,中期趨勢仍向下；20日趨勢尚未上彎；當下除權息調整價未守20日EMA
296,2464,盟立,TWSE,其他電子業,暫不承接,暫停加碼／跌破減碼,已有部位暫停加碼；若收盤跌破60日EMA約 144.79，且下一交易日仍未收復，先減碼三分之一；若ETF或外資繼續轉弱，再分批降低部位。,44,100,123,,43.05,19.87,2.24,55.04,125.76,0.24,,5.05,0.41,1,0,0,0,0,-222,0,971.684,753.346,2846.614,2208.8280000000004,280,280,280,58,1,0,34440000,-444.36199999999997,-584.3209999999999,7.95,603,1327,-25,,767.4,917.7079999999999,3150.9350000000004,3230.737,33.65,19.78,24.4,10.53,false,true,-17.42,-18.54,中期趨勢仍向下；20日趨勢尚未上彎；當下除權息調整價未守20日EMA
297,2313,華通,TWSE,電子零組件業,暫不承接,停止加碼／開始減碼,已有部位先停止加碼。反彈若仍未站回 230.79，分批降低部位；只有站回且ETF／外資賣壓收斂後才重新評估。,43.9,100,171,,20.96,13.2,9.92,49.86,156.65,1.26,30.16,4.35,1.64,17,82,127,130,213,916,0,7203.853,17124.441,-11292.255,-2925.379000000001,-34.41,-5879.41,-4179.41,8229.59,1,4,-1005379110,-256.38000000000005,-3509.7520000000004,19.2,7659,23802,24486,,7294.986,23260.231,-3603.0930000000008,-7146.706,31.94,15.03,22.24,0.61,false,false,-19.55,-17.79,中期趨勢仍向下；投信5/10日持續且具金額意義的賣超；外資持股趨勢資料不足或期間有非市場異動；20日趨勢尚未上彎；當下除權息調整價未守20日EMA
298,1409,新纖,TWSE,紡織纖維,暫不承接,暫停加碼／跌破減碼,已有部位暫停加碼；若收盤跌破60日EMA約 23.52，且下一交易日仍未收復，先減碼三分之一；若ETF或外資繼續轉弱，再分批降低部位。,43.8,100,20.4,,13.44,9.32,,77.76,102.04,0.39,15.11,0.78,4.41,2,0,-8,-8,20,2153,0,2495.629,2964.767,-295.32200000000023,-25022.631999999998,12,17,38,2154,2,1,346800,-555.9219999999999,-780.3669999999998,11.75,4265,7990,-40457,,2578.443,3503.689,447.0450000000001,-24146.125,32.11,12.55,16.48,4.68,false,true,-16.49,-16.39,中期趨勢仍向下；20日累積後5日轉為調節；20日趨勢尚未上彎；當下除權息調整價未守20日EMA
299,2327,國巨*,TWSE,電子零組件業,暫不承接,停止加碼／開始減碼,已有部位先停止加碼。反彈若仍未站回 735.47，分批降低部位；只有站回且ETF／外資賣壓收斂後才重新評估。,43.8,100,507,,38.91,29.35,25.19,57.9,116.8,3.9,39.92,6.25,1.18,43,786,-223,-427,-1211,-11440,-1420,-1519.306,-3760.8570000000004,-19237.035,-28551.407,-867.711,-8352.97,-12477.977,-32745.955,0,5,-4234955790,300.48,-653.7199999999999,48.08,-883,2996,-11472,,-638.338,4291.633000000001,-6105.338,10402.908000000001,26.97,7.94,12.78,-1.75,false,true,-31.06,-27.88,中期趨勢仍向下；ETF短中期同步減碼；主動ETF 5日轉為減碼；投信5/10日持續且具金額意義的賣超；外資持股趨勢資料不足或期間有非市場異動；20日趨勢尚未上彎；當下除權息調整價未守20日EMA
300,2371,大同,TWSE,電機機械,暫不承接,暫停加碼／跌破減碼,已有部位暫停加碼；若收盤跌破60日EMA約 28.25，且下一交易日仍未收復，先減碼三分之一；若ETF或外資繼續轉弱，再分批降低部位。,43.8,100,24.1,,16.64,4.03,3.77,62.06,193.93,-0.05,,1.07,,4,6,9,5,-1049,210,0,2422.316,2137.3849999999993,709.8959999999988,14069.099999999999,6,5,-1049,210.8499999999999,2,1,120500,-484.966,-729.45,5.97,2663,-2130,-7684,,2540.258,2617.351,2488.346000000001,14446.535000000002,27.88,16.48,19.61,10.21,false,false,-8.83,-8.71,中期趨勢仍向下；ETF加碼，但外資持股5/10日同步下降；20日趨勢尚未上彎；當下除權息調整價未守20日EMA
301,2481,強茂,TWSE,半導體業,暫不承接,停止加碼／開始減碼,已有部位先停止加碼。反彈若仍未站回 156.34，分批降低部位；只有站回且ETF／外資賣壓收斂後才重新評估。,43.8,100,112.5,,27.37,13.98,6.5,48.21,180.12,0.75,35.71,2.97,1.6,4,0,0,4,-561,-254,4,-1273.32,-7449.516,-11412.671,-12384.349000000002,-1313,-11060,-10157,-15062,1,4,-1244250000,-885.333,-2265.187,23.56,-420,2894,-1214,,500.189,4495.817,1009.5160000000005,4178.558000000001,31,4.85,8.86,-3.19,false,false,-28.04,-28.57,中期趨勢仍向下；投信5/10日持續且具金額意義的賣超；20日趨勢尚未上彎；當下除權息調整價未守20日EMA
302,1514,亞力,TWSE,電機機械,暫不承接,停止加碼／開始減碼,已有部位先停止加碼。反彈若仍未站回 113.96，分批降低部位；只有站回且ETF／外資賣壓收斂後才重新評估。,43.7,100,96.76,,39.69,16.03,8.36,50.13,195.66,0.73,28.78,4.09,2.23,2,0,0,0,0,-1,0,-105.937,-473.13699999999994,-127.773,-3380.8379999999997,1,3,3,1,3,0,296100,-85.19,-107.428,12.99,-18,-3006,-5897,,-81.673,-390.947,-23.34499999999997,-3187.004,30.92,24.74,27.03,20.17,false,true,-10.42,-9.03,中期趨勢仍向下；外資持股5/10日下降，且外資5日賣超；20日趨勢尚未上彎；當下除權息調整價未守20日EMA；2日內除權息，等待價格重置
303,6282,康舒,TWSE,電子零組件業,暫不承接,暫停加碼／跌破減碼,已有部位暫停加碼；若收盤跌破60日EMA約 53.67，且下一交易日仍未收復，先減碼三分之一；若ETF或外資繼續轉弱，再分批降低部位。,43.7,100,40.7,,28.28,24.91,2.93,56.18,135.55,0.27,81.4,1.55,1.97,4,3,4,2,0,3534,0,3064.89,2243.4399999999996,-13402.962000000001,-19709.763,3,2,0,3534,2,1,81400,-109.88799999999998,-926.295,13.02,3943,21,-21450,,3037.238,2351.3280000000004,-12476.667,-22479.671,27.32,13.29,15.83,8.19,false,false,-19.55,-16.43,中期趨勢仍向下；20日趨勢尚未上彎；當下除權息調整價未守20日EMA
304,1717,長興,TWSE,化學工業,暫不承接,暫停加碼／跌破減碼,已有部位暫停加碼；若收盤跌破60日EMA約 70.54，且下一交易日仍未收復，先減碼三分之一；若ETF或外資繼續轉弱，再分批降低部位。,43.5,100,54.8,,16.21,8.32,5.22,52.21,169.15,0.37,37.03,2.23,1.82,4,1,3,3,14,21,0,1307.137,-5459.144000000001,-16293.742000000002,-6564.777000000002,9,939.738,940.1460000000001,1640.0030000000002,4,0,51497642,-1643.5990000000002,-2597.5320000000006,10.49,2853,-2203,-21788,,2514.764,-4755.283,-14636.356,-6133.652999999998,28.84,9.94,11.8,6.2,false,false,-16.76,-12.46,中期趨勢仍向下；外資持股趨勢資料不足或期間有非市場異動；20日趨勢尚未上彎；當下除權息調整價未守20日EMA
305,2329,華泰,TWSE,半導體業,暫不承接,停止加碼／開始減碼,已有部位先停止加碼。反彈若仍未站回 51.85，分批降低部位；只有站回且ETF／外資賣壓收斂後才重新評估。,43.5,100,38.75,,3.62,10.66,5.61,49.35,135.61,0.33,17.53,2.23,2.58,4,0,0,0,316,316,0,516.945,-3521.5199999999995,-7796.882999999999,-16815.292999999998,0,0,316,316,0,0,0,-657.5200000000001,-1380.2379999999998,9.2,755,-1845,-5168,,791.944,-2864,-6732.644999999999,-15353.404999999999,27.66,18.71,24.71,6.71,false,true,-17.9,-17.2,中期趨勢仍向下；外資持股5/10日下降，且外資5日賣超；20日趨勢尚未上彎；當下除權息調整價未守20日EMA
306,9907,統一實,TWSE,其他,暫不承接,停止加碼／開始減碼,已有部位先停止加碼。反彈若仍未站回 15.93，分批降低部位；只有站回且ETF／外資賣壓收斂後才重新評估。,43.2,100,15.25,,-6.1,-12.63,3.84,32.66,229.48,0.17,13.74,1.08,7.74,5,0,-33,-635,-6416,-4188,-555,1816.007,2405.4490000000005,4454.544000000001,13123.945000000002,11,-601.678,-5863.583,-3640.5829999999996,1,3,-9175589,302.90700000000004,160.90700000000004,15.6,1802,2422,12718,,1782.1,2704.22,10157.22,16546.71,45.57,57.59,51.77,69.23,true,true,-0.26,0.66,累計營收負成長且當月改善不足；中期趨勢仍向下；ETF短中期同步減碼；主動ETF 5日轉為減碼；20日趨勢尚未上彎；當下除權息調整價未守20日EMA
307,2355,敬鵬,TWSE,電子零組件業,暫不承接,停止加碼／開始減碼,已有部位先停止加碼。反彈若仍未站回 49.97，分批降低部位；只有站回且ETF／外資賣壓收斂後才重新評估。,43,100,36,,4.44,4.61,4.8,27.67,241.35,0.62,21.3,0.81,2.78,1,0,0,-115,-594,-607,0,1101.312,842.0139999999999,1914.455,2545.5679999999993,0,-115,-594,-607,0,1,-4140000,-388.568,-815.961,17.26,969,6140,9860,,1201.985,1345.5819999999997,3324.4159999999997,4660.948,18.85,10.29,13.52,3.82,false,false,-20.19,-16.76,中期趨勢仍向下；ETF短中期同步減碼；20日趨勢尚未上彎；當下除權息調整價未守20日EMA；借券賣出與借券賣出餘額壓力升高
308,4571,鈞興-KY,TWSE,電機機械,暫不承接,停止加碼／開始減碼,已有部位先停止加碼。反彈若仍未站回 171.73，分批降低部位；只有站回且ETF／外資賣壓收斂後才重新評估。,43,100,144.5,,5.51,-1.05,18.97,19.94,401.3,2.41,16.04,2.23,3.65,1,0,0,0,2,1,0,-136.134,-243.915,-330.633,-855.0609999999999,0,0,2,1,0,0,0,-1.3339999999999999,-8.748999999999999,63.84,-111,-155,-240,,-137.252,-242.581,-323.884,-843.27,30.23,29.54,30.78,27.04,false,true,-8.89,-7.37,累計營收負成長且當月改善不足；中期趨勢仍向下；外資持股5/10日下降，且外資5日賣超；20日趨勢尚未上彎；當下除權息調整價未守20日EMA
309,5234,達興材料,TWSE,光電業,暫不承接,暫停加碼／跌破減碼,已有部位暫停加碼；若收盤跌破60日EMA約 375.81，且下一交易日仍未收復，先減碼三分之一；若ETF或外資繼續轉弱，再分批降低部位。,43,100,298.5,,21.77,10.01,20.1,41.63,176.52,2.21,38.77,9.93,2.18,4,0,0,0,3,0,0,-40.066,-228.035,-731.564,-984.4839999999999,1,-18,-25,-28,2,1,-5373000,-386.43800000000005,-434.58900000000006,9.17,164,160,-578,,146.847,176.40300000000002,-271.97499999999997,-517.5039999999999,24.08,12.39,12.21,12.77,true,false,-14.5,-11.95,中期趨勢仍向下；20日趨勢尚未上彎；當下除權息調整價未守20日EMA
310,9910,豐泰,TWSE,運動休閒,暫不承接,停止加碼／開始減碼,已有部位先停止加碼。反彈若仍未站回 72.42，分批降低部位；只有站回且ETF／外資賣壓收斂後才重新評估。,43,100,70.8,,-3.9,-3.67,4,45.25,167.9,0.68,15.32,2.61,5.79,8,8,23,-526,-3257,-6975,0,1473.121,1018.6070000000002,-314.8599999999999,-4966.341,8,-526.033,-3256.7479999999996,-6972.748,4,1,-37243136,65.022,18.826000000000008,5.27,1451,660,1633,,1425.619,1479.6179999999997,2923.062,1873.005,53.93,59.9,47.87,83.96,false,false,2.29,3.66,累計營收負成長且當月改善不足；中期趨勢仍向下；ETF短中期同步減碼；20日趨勢尚未上彎
311,2049,上銀,TWSE,電機機械,暫不承接,停止加碼／開始減碼,已有部位先停止加碼。反彈若仍未站回 323.37，分批降低部位；只有站回且ETF／外資賣壓收斂後才重新評估。,42.9,100,290.5,,31.62,18.05,9.88,31.29,229.46,1.64,63.29,2.74,0.69,10,1,1,-18,-107,-626,-19,-112.286,-150.64000000000001,301.608,1195.306,-34,-84.093,-174.44,-814.613,0,4,-24429016,-112.39699999999999,-48.067999999999984,36.48,-185,-533,938,,-23.291,45.849999999999994,524.116,2035.2510000000002,37.79,33.57,37.83,25.03,false,true,-8.93,-9.36,中期趨勢仍向下；ETF短中期同步減碼；主動ETF 5日轉為減碼；投信5/10日持續且具金額意義的賣超；20日趨勢尚未上彎；當下除權息調整價未守20日EMA
312,1605,華新,TWSE,電器電纜,暫不承接,停止加碼／開始減碼,已有部位先停止加碼。反彈若仍未站回 34.91，分批降低部位；只有站回且ETF／外資賣壓收斂後才重新評估。,42.8,100,29.35,,29.34,-0.44,1.33,43.02,149.83,0.81,21.42,0.79,1.7,6,10,19,26,41,-58,0,-8139.754,-25819.206,-31789.290999999997,-63613.998999999996,33.335,76.983,76.96500000000002,-33.88599999999998,4,1,2259451,-1877.6870000000001,-2712.631,14.55,-7685,-25507,-36617,,-8010.452,-24018.502,-29153.625000000004,-58642.115000000005,31.61,24.85,31.63,11.3,false,true,-12.25,-12.39,中期趨勢仍向下；外資持股5/10日下降，且外資5日賣超；20日趨勢尚未上彎；當下除權息調整價未守20日EMA；單季稅前獲利對營業外貢獻依賴偏高
313,2409,友達,TWSE,光電業,暫不承接,暫停加碼／跌破減碼,已有部位暫停加碼；若收盤跌破60日EMA約 25.10，且下一交易日仍未收復，先減碼三分之一；若ETF或外資繼續轉弱，再分批降低部位。,42.8,100,23.65,,13.83,-1,-0.92,57.02,111.83,-0.15,73.91,1.19,1.69,10,60,191,242,4121,3966,0,15106.864,59320.009,21232.349000000002,-186219.283,93.754,314.24800000000005,4172.974,4003.2340000000004,5,0,7431965,-4528.643,-7503.267,10.82,13660,39848,-5381,,17554.027,63534.403999999995,24562.641999999996,-165785.389,38.05,25.1,20.53,34.23,true,false,-10.69,-8.33,中期趨勢仍向下；外資持股趨勢資料不足或期間有非市場異動；20日趨勢尚未上彎；當下除權息調整價未守20日EMA；2日內除權息，等待價格重置
314,6789,采鈺,TWSE,半導體業,暫不承接,暫停加碼／跌破減碼,已有部位暫停加碼；若收盤跌破60日EMA約 489.54，且下一交易日仍未收復，先減碼三分之一；若ETF或外資繼續轉弱，再分批降低部位。,42.6,100,400.5,,15.55,9.04,22.83,15.27,482.54,1.5,86.13,6.74,0.75,8,8,13,8,-134,-130,0,1075.173,1461.513,2095.721,2967.6279999999997,10,12,-131,-336,3,2,4806000,-169.303,-307.13100000000003,4.66,1156,1466,3036,,1118.613,1618.816,2533.8520000000003,3526.86,32.12,21.26,29.22,5.34,false,true,-16.72,-18.6,中期趨勢仍向下；20日趨勢尚未上彎；當下除權息調整價未守20日EMA；估值高且成長不足以支撐
315,2312,金寶,TWSE,其他電子業,暫不承接,暫停加碼／跌破減碼,已有部位暫停加碼；若收盤跌破60日EMA約 32.57，且下一交易日仍未收復，先減碼三分之一；若ETF或外資繼續轉弱，再分批降低部位。,42.5,100,29.1,,32.7,-5.29,2.47,70.62,122.81,0.35,27.98,1.95,2.06,4,9,9,9,119,16,0,2265.278,-982.6660000000003,1722.9730000000004,3905.7069999999985,9,9,119,16,1,0,261900,-1439.109,-2650.674,7.73,2990,840,11309,,2585.058,447.4429999999998,4254.646999999999,5849.0999999999985,35.95,30.54,37.51,16.59,false,true,-10.61,-11.82,中期趨勢仍向下；20日趨勢尚未上彎；當下除權息調整價未守20日EMA
316,2369,菱生,TWSE,半導體業,暫不承接,停止加碼／開始減碼,已有部位先停止加碼。反彈若仍未站回 35.54，分批降低部位；只有站回且ETF／外資賣壓收斂後才重新評估。,42.3,100,27.6,,36.52,37.3,1.56,34.01,247.52,0.1,,2.13,,1,0,0,0,0,0,0,-2911.973,-11380.313,-18352.822,-30091.689,0,0,0,0,0,0,0,-585.283,-1466.586,14.65,-1625,-9042,-21466,,-2628.569,-10795.029999999999,-16886.236,-28843.725000000006,31.65,8.53,13.88,-2.17,false,false,-22.2,-24.28,中期趨勢仍向下；外資持股5/10日下降，且外資5日賣超；20日趨勢尚未上彎；當下除權息調整價未守20日EMA；借券賣出與借券賣出餘額壓力升高
317,3059,華晶科,TWSE,光電業,暫不承接,暫停加碼／跌破減碼,已有部位暫停加碼；若收盤跌破60日EMA約 43.75，且下一交易日仍未收復，先減碼三分之一；若ETF或外資繼續轉弱，再分批降低部位。,42.3,100,37.5,,3.02,7.47,4.96,37.56,187.36,0.26,30.49,1.15,2.67,2,0,0,0,0,-1,0,481.25,496.93299999999994,1063.8129999999999,3397.255,0,0,0,-1,0,0,0,-234.204,-619.189,8.11,579,1026,3524,,561.733,731.137,1683.0020000000002,4567.87,27.01,10.57,11.86,8,false,false,-12.2,-9.53,中期趨勢仍向下；20日趨勢尚未上彎；當下除權息調整價未守20日EMA
318,8150,南茂,TWSE,半導體業,暫不承接,停止加碼／開始減碼,已有部位先停止加碼。反彈若仍未站回 98.29，分批降低部位；只有站回且ETF／外資賣壓收斂後才重新評估。,42.2,100,72.9,,37.23,27.07,7.49,45.11,243.73,0.72,61.78,2.07,1.69,7,0,0,0,-533,97,0,-33.849,-12185.398,-30591.44699999999,-17660.70199999999,-1960,-8559,-10956,5423,0,5,-623951100,-2016.361,-3789.2549999999997,39.18,992,-1883,-30740,,2302.482,-1610.0370000000003,-15846.192,-21945.197999999997,32.85,5.74,13.93,-10.65,false,false,-25.83,-27.1,中期趨勢仍向下；投信5/10日持續且具金額意義的賣超；外資持股趨勢資料不足或期間有非市場異動；20日趨勢尚未上彎；當下除權息調整價未守20日EMA；借券賣出與借券賣出餘額壓力升高
319,2388,威盛,TWSE,半導體業,暫不承接,停止加碼／開始減碼,已有部位先停止加碼。反彈若仍未站回 72.10，分批降低部位；只有站回且ETF／外資賣壓收斂後才重新評估。,42.1,100,67.4,,34.01,34.24,-24.02,38.87,195.46,0.08,374.44,1.71,0.07,3,10,28,-135,-798,-778,0,-671.954,-855.789,-664.6390000000001,-3471.272,10,-135,-798,-778,2,1,-9099000,-657.969,-854.8820000000001,15.79,-192,-1130,3310,,-283.342,-62.82000000000011,988.2429999999997,-2406.9120000000003,42.77,53.9,61.19,39.33,false,true,-6.52,-10.01,中期趨勢仍向下；ETF短中期同步減碼；20日趨勢尚未上彎；當下除權息調整價未守20日EMA；單季稅前獲利對營業外貢獻依賴偏高
320,6719,力智,TWSE,半導體業,暫不承接,暫停加碼／跌破減碼,已有部位暫停加碼；若收盤跌破60日EMA約 236.34，且下一交易日仍未收復，先減碼三分之一；若ETF或外資繼續轉弱，再分批降低部位。,41.9,100,199,,-3.56,-4.78,18.44,15.94,1465.57,2.1,27.72,1.47,2.31,2,0,1,1,1,1,0,29.715,-420.762,-534.992,-153.61099999999988,1,3,3,3,3,0,597000,-222.99499999999998,-214.98399999999998,6.87,-117,253,-300,,88.34,-200.767,-323.00800000000004,186.12799999999993,34.74,20.57,26.06,9.6,false,true,-16.61,-19.27,累計營收負成長且當月改善不足；中期趨勢仍向下；20日趨勢尚未上彎；當下除權息調整價未守20日EMA
321,1513,中興電,TWSE,電機機械,暫不承接,停止加碼／開始減碼,已有部位先停止加碼。反彈若仍未站回 165.26，分批降低部位；只有站回且ETF／外資賣壓收斂後才重新評估。,41.8,100,149.5,,8.31,3.48,18.54,55.13,111.04,1.94,18.17,3.43,4.01,12,62,91,-319,-2770,-1939,0,-993.26,-4412.351,-4767.217,-2055.185,1,-625.521,-3543.1960000000004,-3195.0310000000004,2,2,-93515389,-561.41,-600.3660000000001,9.92,-770,-3122,3335,,-874.663,-3225.42,-623.6550000000002,397.16899999999987,30.77,19.76,24.38,10.51,false,true,-8.21,-8,中期趨勢仍向下；ETF短中期同步減碼；20日趨勢尚未上彎；當下除權息調整價未守20日EMA
322,3703,欣陸,TWSE,建材營造,暫不承接,暫停加碼／跌破減碼,已有部位暫停加碼；若收盤跌破60日EMA約 21.01，且下一交易日仍未收復，先減碼三分之一；若ETF或外資繼續轉弱，再分批降低部位。,41.8,85,20.45,,-5.55,-8.84,5.1,70.2,122.38,0.33,9.83,0.62,5.13,1,0,4,4,395,395,0,184.498,1144.2259999999999,2799.3579999999997,2149.654,3,13,402,400,5,0,265850,32.675,18.576999999999998,20.53,362,1351,3116,,166.451,1098.551,2378.781,1718.781,42.15,54.9,61.35,42.02,false,true,-1.38,-0.49,累計營收負成長且當月改善不足；中期趨勢仍向下；20日趨勢尚未上彎；當下除權息調整價未守20日EMA
323,3563,牧德,TWSE,光電業,暫不承接,停止加碼／開始減碼,已有部位先停止加碼。反彈若仍未站回 722.12，分批降低部位；只有站回且ETF／外資賣壓收斂後才重新評估。,41.7,100,588,,15.62,8.47,38.68,29.36,306.97,4.61,37.55,7.22,2.38,3,0,0,-14,-73,135,0,47.197,-173.093,4.14100000000003,-268.30699999999996,1,-3,-47,249,2,1,-1764000,-100.54199999999999,-165.891,7.24,28,-1,240,,112.867,-69.55099999999999,217.032,-390.627,34.27,35.91,42.08,23.57,false,true,-12.93,-12.24,中期趨勢仍向下；ETF短中期同步減碼；20日累積後5日轉為調節；20日趨勢尚未上彎；當下除權息調整價未守20日EMA
324,6120,達運,TWSE,光電業,暫不承接,停止加碼／開始減碼,已有部位先停止加碼。反彈若仍未站回 13.71，分批降低部位；只有站回且ETF／外資賣壓收斂後才重新評估。,41.7,100,11.6,,42.06,-3.78,-2.25,47.11,196.07,-0.15,,0.78,2.16,1,14,14,14,26,26,0,-1657.624,-4380.885,-7196.673000000002,-10291.270000000002,14,14,26,26,1,0,162400,112.41,271.063,8.46,-1647,-3696,-7961,,-1667.712,-4507.295,-7493.736000000001,-10405.754,30.92,15.06,21.65,1.88,false,false,-12.84,-13.43,中期趨勢仍向下；外資持股5/10日下降，且外資5日賣超；20日趨勢尚未上彎；當下除權息調整價未守20日EMA
325,1722,台肥,TWSE,化學工業,暫不承接,暫停加碼／跌破減碼,已有部位暫停加碼；若收盤跌破60日EMA約 47.12，且下一交易日仍未收復，先減碼三分之一；若ETF或外資繼續轉弱，再分批降低部位。,41.4,100,45.3,,-10.47,6.42,-1.3,34.15,398.51,0.19,43.56,0.81,4.42,4,0,-4,-4,9,1,0,347.418,235.837,-27.783,4051.601,8,13,21,9,2,1,588900,111.83200000000001,99.00200000000001,8.67,249,242,-746,,285.7,111.005,-147.7849999999999,3927.8630000000003,33.57,10.67,13.86,4.3,true,true,-3.49,-2.58,中期趨勢仍向下；20日累積後5日轉為調節；20日趨勢尚未上彎；當下除權息調整價未守20日EMA；單季稅前獲利對營業外貢獻依賴偏高
326,4764,雙鍵,TWSE,化學工業,暫不承接,停止加碼／開始減碼,已有部位先停止加碼。反彈若仍未站回 295.16，分批降低部位；只有站回且ETF／外資賣壓收斂後才重新評估。,41.4,100,253,,22.36,26.34,14.65,51.67,136.61,1.03,134.57,8.94,0.4,1,0,0,0,0,53,0,-393.158,1414.809,2325.852,3301.0549999999994,0,2210,3428,5271,4,0,559130000,-99.50399999999998,-189.68599999999998,26.02,-178,-531,-1905,,-307.055,-695.6869999999999,-912.462,-1824.099,41.05,16.15,25.18,-1.91,false,false,-14.29,-11.78,中期趨勢仍向下；外資持股5/10日下降，且外資5日賣超；20日趨勢尚未上彎；當下除權息調整價未守20日EMA；估值高且成長不足以支撐
327,6257,矽格,TWSE,半導體業,暫不承接,停止加碼／開始減碼,已有部位先停止加碼。反彈若仍未站回 220.28，分批降低部位；只有站回且ETF／外資賣壓收斂後才重新評估。,41.4,100,181.5,,21,18.08,22.37,44.09,185.48,2.1,27.13,4.02,2.34,13,205,238,-106,-571,-173,-153,665.49,-4216.781,-8993.377,-5316.267,-105,-298.84,-760.911,-10.507999999999925,2,3,-54239460,-413.291,-544.61,29.78,527,-3673,-11729,,919.174,-3504.65,-7687.856,-4517.171999999999,32.02,21.5,30.17,4.16,false,true,-17.6,-18.79,中期趨勢仍向下；ETF短中期同步減碼；主動ETF 5日轉為減碼；投信5/10日持續且具金額意義的賣超；外資持股5/10日下降，且外資5日賣超；20日趨勢尚未上彎；當下除權息調整價未守20日EMA
328,1503,士電,TWSE,電機機械,暫不承接,停止加碼／開始減碼,已有部位先停止加碼。反彈若仍未站回 215.11，分批降低部位；只有站回且ETF／外資賣壓收斂後才重新評估。,41.3,100,188.5,,-10.58,10.27,16.05,35.72,150.79,2.79,28.09,2.59,2.65,8,4,4,241,1196,1203,0,-102.391,-1018.989,-1936.123,-2639.058,7,247,1200,1205,3,0,46559500,-38.732000000000006,-335.658,29.85,65,-758,-2539,,-65.801,-1227.257,-2800.465,-3138.5860000000002,32.77,30.94,36.7,19.43,false,true,-10.14,-10.87,中期趨勢仍向下；外資持股5/10日下降，且外資5日賣超；20日趨勢尚未上彎；當下除權息調整價未守20日EMA
329,2331,精英,TWSE,電腦及週邊設備業,暫不承接,暫停加碼／跌破減碼,已有部位暫停加碼；若收盤跌破60日EMA約 20.93，且下一交易日仍未收復，先減碼三分之一；若ETF或外資繼續轉弱，再分批降低部位。,41.3,100,17.8,,25.84,20.41,0.43,52.3,138.69,0.11,35.6,0.91,,1,0,0,0,0,-1037,0,-135.347,-1508.571,-1467.2499999999998,-1372.6559999999997,0,0,0,-1037,0,0,0,-16.71,-54.03999999999999,5.68,-52,-266,1337,,-120.242,-1491.8609999999999,-1413.2099999999998,-167.11199999999985,29.79,19.28,25.7,6.45,false,false,-10.38,-11.22,中期趨勢仍向下；20日趨勢尚未上彎；當下除權息調整價未守20日EMA；單季稅前獲利對營業外貢獻依賴偏高
330,7795,長廣,TWSE,電子零組件業,暫不承接,停止加碼／開始減碼,已有部位先停止加碼。反彈若仍未站回 457.66，分批降低部位；只有站回且ETF／外資賣壓收斂後才重新評估。,41.2,100,347.5,,62.55,2.93,10.99,32.61,363.61,0.21,124.55,9.74,0.62,1,0,0,0,0,0,0,-120.241,-96.29699999999997,-658.9050000000001,-123.69500000000016,1,2,2,2,2,0,695000,-19.192999999999998,3.0430000000000064,9.26,-124,-65,-1356,,-124.339,-79.10399999999998,-663.9480000000001,-136.73800000000006,32.5,6.17,8.37,1.78,false,false,-24.07,-19.93,中期趨勢仍向下；外資持股5/10日下降，且外資5日賣超；20日趨勢尚未上彎；當下除權息調整價未守20日EMA
331,4746,台耀,TWSE,生技醫療業,暫不承接,停止加碼／開始減碼,已有部位先停止加碼。反彈若仍未站回 52.88，分批降低部位；只有站回且ETF／外資賣壓收斂後才重新評估。,41.1,100,49.7,,0.29,-8.86,14.17,36.6,232.78,0.16,17.62,0.77,6.04,1,0,0,0,0,0,0,-374.327,-1153.637,-1563.5479999999998,-165.9029999999998,0,0,0,0,0,0,0,45.75600000000001,39.52500000000001,8.43,-334,-1044,-1718,,-377.093,-1199.393,-1603.073,-228.7360000000001,35.88,17.64,17.49,17.94,true,true,-4.73,-4.61,累計營收負成長且當月改善不足；中期趨勢仍向下；外資持股5/10日下降，且外資5日賣超；20日趨勢尚未上彎；當下除權息調整價未守20日EMA
332,5285,界霖,TWSE,半導體業,暫不承接,暫停加碼／跌破減碼,已有部位暫停加碼；若收盤跌破60日EMA約 83.01，且下一交易日仍未收復，先減碼三分之一；若ETF或外資繼續轉弱，再分批降低部位。,40.9,100,66.1,,14.12,11.04,9.87,45.84,258.99,1,31.48,2.27,2.27,1,0,0,0,0,0,0,-48.208,239.097,303.172,3182.247,0,0,0,0,0,0,0,-33.940999999999995,-43.89,8.3,-27,411,477,,-51.207,273.038,347.062,3147.985,28.81,6.91,8.86,3,false,false,-21.43,-19.88,中期趨勢仍向下；20日趨勢尚未上彎；當下除權息調整價未守20日EMA
333,1718,中纖,TWSE,化學工業,暫不承接,暫停加碼／跌破減碼,已有部位暫停加碼；若收盤跌破60日EMA約 10.60，且下一交易日仍未收復，先減碼三分之一；若ETF或外資繼續轉弱，再分批降低部位。,40.9,81,9.2,,1.92,1.56,,91,87.26,0.17,38.33,0.55,,1,0,46,672,2819,2819,0,-3.236,25467.293,8500.037000000002,26371.082000000002,0,672,2819,2819,3,0,6182400,-2253.534,-4230.289,8.55,1284,29595,24647,,208.18,27048.827,9911.326,19093.903999999995,32.2,6.2,11.66,-4.74,false,false,-22.69,-25.51,中期趨勢仍向下；20日趨勢尚未上彎；當下除權息調整價未守20日EMA
334,3189,景碩,TWSE,半導體業,暫不承接,停止加碼／開始減碼,已有部位先停止加碼。反彈若仍未站回 728.01，分批降低部位；只有站回且ETF／外資賣壓收斂後才重新評估。,40.8,100,576,,32.27,29.79,8.02,38.47,187.51,1.17,162.25,7.03,0.26,22,12,91,40,-37,76,127,-97.346,-3152.0219999999995,-3635.5279999999993,-7252.296999999999,1817,16.114000000000033,2658.7780000000002,3249.0660000000003,2,3,9281664,-135.51099999999997,-1362.5929999999998,20.28,-2070,-2827,-1473,,-1958.111,-3032.625,-4931.713000000001,-8919.561000000002,36.34,17.31,30.86,-9.81,false,false,-20.88,-27.64,中期趨勢仍向下；外資持股5/10日下降，且外資5日賣超；20日趨勢尚未上彎；當下除權息調整價未守20日EMA
335,3016,嘉晶,TWSE,半導體業,暫不承接,暫停加碼／跌破減碼,已有部位暫停加碼；若收盤跌破60日EMA約 108.35，且下一交易日仍未收復，先減碼三分之一；若ETF或外資繼續轉弱，再分批降低部位。,40.6,100,77.3,,41.17,27.87,10.6,31.18,329.36,0.35,188.54,4.56,0.65,1,0,0,0,0,0,0,-387.198,1310.9,-1416.3780000000002,-7469.635,0,0,0,0,0,0,0,-167.08700000000002,-253.254,5.46,-1015,716,-1750,,-351.418,1477.987,-1163.124,-7175.01,29.27,6.06,10.46,-2.76,false,false,-27.32,-26.38,中期趨勢仍向下；20日趨勢尚未上彎；當下除權息調整價未守20日EMA
336,3715,定穎投控,TWSE,電子零組件業,暫不承接,停止加碼／開始減碼,已有部位先停止加碼。反彈若仍未站回 153.55，分批降低部位；只有站回且ETF／外資賣壓收斂後才重新評估。,40.5,100,98,,45.48,36.23,2.32,72.15,133.12,-0.74,101.03,2.58,1.1,2,0,0,-83,-428,-437,0,3138.7,4930.022000000001,7487.331000000001,-9646.46,0,-83,-401,-982,0,1,-8134000,-387.77299999999997,-708.517,13.84,3479,5279,8381,,3211.256,5400.794999999998,8596.847999999998,-7358.722000000002,19.83,9.46,10.9,6.57,false,false,-25.72,-21.91,中期趨勢仍向下；ETF短中期同步減碼；20日趨勢尚未上彎；當下除權息調整價未守20日EMA
337,3035,智原,TWSE,半導體業,暫不承接,暫停加碼／跌破減碼,已有部位暫停加碼；若收盤跌破60日EMA約 196.27，且下一交易日仍未收復，先減碼三分之一；若ETF或外資繼續轉弱，再分批降低部位。,40.2,100,167,,26.57,-50.61,3.7,31.04,227.18,0.4,65.75,2.54,1.08,5,0,3,3,127,130,0,-1123.316,-1978.935,-1220.0499999999997,1759.7750000000005,0,3,127,129,1,0,501000,-840.175,-1138.26,12.62,-635,-1522,640,,-584.58,-1141.76,-208.79000000000005,2205.3,34.15,33.27,42.9,14.02,false,true,-15.31,-16.08,中期趨勢仍向下；20日趨勢尚未上彎；當下除權息調整價未守20日EMA
338,4958,臻鼎-KY,TWSE,電子零組件業,暫不承接,停止加碼／開始減碼,已有部位先停止加碼。反彈若仍未站回 521.54，分批降低部位；只有站回且ETF／外資賣壓收斂後才重新評估。,40.1,100,404.5,,32.83,13.89,6.15,41.45,158.83,1.33,57.05,3.44,0.85,40,494,919,242,1087,1646,-798,6102.773,-5281.785000000002,-17614.344,-10633.089,-281.405,-4908.161,-3489.0170000000003,-360.29100000000017,1,4,-1985351124,-714.224,-1131.6970000000001,58.45,6010,-1844,-3868,,6151.918,340.60000000000036,-12993.63,-8585.051,33.68,11.22,16.74,0.19,false,false,-22.44,-27.64,中期趨勢仍向下；主動ETF 5日轉為減碼；投信5/10日持續且具金額意義的賣超；ETF加碼，但外資持股5/10日同步下降；20日趨勢尚未上彎；當下除權息調整價未守20日EMA
339,6890,來億-KY,TWSE,運動休閒,暫不承接,暫停加碼／跌破減碼,已有部位暫停加碼；若收盤跌破60日EMA約 193.20，且下一交易日仍未收復，先減碼三分之一；若ETF或外資繼續轉弱，再分批降低部位。,40.1,100,176,,-3.2,-14.77,2.55,26.79,524.31,0.75,17.41,1.78,5.1,3,0,0,0,12,131,0,260.762,577.2570000000001,793.9390000000001,902.4970000000001,2,4,16,131,2,0,704000,69.26799999999999,59.91399999999999,86.32,218,516,1038,,187.016,503.98900000000003,718.025,797.5540000000001,41.65,37.17,26.47,58.57,false,false,-4.74,2.92,累計營收負成長且當月改善不足；中期趨勢仍向下；20日趨勢尚未上彎；當下除權息調整價未守20日EMA
340,2353,宏碁,TWSE,電腦及週邊設備業,暫不承接,停止加碼／開始減碼,已有部位先停止加碼。反彈若仍未站回 31.43，分批降低部位；只有站回且ETF／外資賣壓收斂後才重新評估。,40,100,28.65,,-3.02,23.35,1.11,64.82,129.54,0.23,21.7,1.18,4.54,15,445,737,-2927,-15367,-57199,0,1683.971,-9519.987,9720.544000000002,27072.557,56.91,-3410.876,-18852.565,-63917.649999999994,4,1,-97721597,-252.11200000000002,3101.8700000000003,12.19,4244,-9312,29032,,1675.694,-5856.999000000002,25471.239,85372.925,34.25,30.82,31.83,28.8,false,true,-7.02,-6.22,中期趨勢仍向下；ETF短中期同步減碼；20日趨勢尚未上彎；當下除權息調整價未守20日EMA；單季稅前獲利對營業外貢獻依賴偏高
341,6472,保瑞,TWSE,生技醫療業,暫不承接,停止加碼／開始減碼,已有部位先停止加碼。反彈若仍未站回 412.59，分批降低部位；只有站回且ETF／外資賣壓收斂後才重新評估。,40,100,378,,39.22,-1.14,10.18,63.32,138.18,0.21,29.95,3.3,2.65,2,0,0,0,-2,-4,0,204.023,-251.85099999999994,-425.54599999999994,-170.30599999999993,1,2,0,-2,2,0,756000,-86.017,-158.171,10.8,164,-114,-134,,220.295,-167.83400000000006,-267.3750000000001,-106.83800000000008,39.58,14.54,17.49,8.63,false,false,-6.44,-10.64,中期趨勢仍向下；外資持股5/10日下降，且外資5日賣超；20日趨勢尚未上彎；當下除權息調整價未守20日EMA；2日內除權息，等待價格重置
342,4968,立積,TWSE,半導體業,暫不承接,暫停加碼／跌破減碼,已有部位暫停加碼；若收盤跌破60日EMA約 108.85，且下一交易日仍未收復，先減碼三分之一；若ETF或外資繼續轉弱，再分批降低部位。,39.7,100,87.6,,-1.09,5.31,2.14,23.34,416.64,0.58,29.59,2.88,1.83,2,0,3,3,3,9,0,118.319,-530.647,-1475.911,-1822.4499999999998,0,3,3,9,1,0,262800,-50.556,-89.93599999999999,3.83,268,65,-1007,,142.905,-483.091,-1388.975,-1692.1949999999997,24.32,15.6,16.55,13.72,false,true,-14.28,-12.84,中期趨勢仍向下；20日趨勢尚未上彎；當下除權息調整價未守20日EMA；單季稅前獲利對營業外貢獻依賴偏高
343,1802,台玻,TWSE,玻璃陶瓷,暫不承接,停止加碼／開始減碼,已有部位先停止加碼。反彈若仍未站回 62.40，分批降低部位；只有站回且ETF／外資賣壓收斂後才重新評估。,39.6,100,44.05,,27,11.68,7.88,42.7,141.11,0.2,338.85,2.58,,6,0,0,-569,-972,-2302,-569,5191.14,-1101.5129999999995,-16804.171,-94136.494,-67,-622,-1033,-2822,1,2,-27399100,-320.93100000000004,-2796.0809999999997,5,4986,3060,-30292,,4787.671,-158.58199999999874,-12975.09,-92122.005,25.58,7.24,10.71,0.3,false,false,-23.18,-20.77,中期趨勢仍向下；ETF短中期同步減碼；主動ETF 5日轉為減碼；20日趨勢尚未上彎；當下除權息調整價未守20日EMA
344,3661,世芯-KY,TWSE,半導體業,暫不承接,停止加碼／開始減碼,"已有部位先停止加碼。反彈若仍未站回 3,931.70，分批降低部位；只有站回且ETF／外資賣壓收斂後才重新評估。",39.3,100,2805,,15.39,-39.74,32.66,27.06,344.81,17.55,41.11,5.3,1.22,25,3,19,46,136,251,-43,-623.835,-1392.547,-1555.169,-3869.617,-51.986,-112.68599999999999,-68.99300000000001,-171.04200000000003,2,3,-316084230,-51.513000000000005,-90.51,50.12,-576,-1402,-3254,,-550.675,-1228.348,-1395.666,-3519.702,27.65,11.71,17.38,0.37,false,true,-23.04,-21.87,中期趨勢仍向下；主動ETF 5日轉為減碼；投信5/10日持續且具金額意義的賣超；外資持股趨勢資料不足或期間有非市場異動；20日趨勢尚未上彎；當下除權息調整價未守20日EMA
345,6438,迅得,TWSE,其他電子業,暫不承接,停止加碼／開始減碼,已有部位先停止加碼。反彈若仍未站回 155.03，分批降低部位；只有站回且ETF／外資賣壓收斂後才重新評估。,39.3,100,130.5,,-3.13,11.99,11.12,44.54,178.15,1.76,23.9,1.9,3.83,1,0,0,0,0,0,0,36.8,-395.962,-577.3499999999999,-324.52499999999986,0,0,0,0,0,0,0,-81.719,-139.501,5.84,-252,-660,-1076,,59.971,-314.243,-437.84900000000005,-149.5820000000001,32.33,20.47,28.32,4.77,false,true,-11.46,-13.86,中期趨勢仍向下；外資持股5/10日下降，且外資5日賣超；20日趨勢尚未上彎；當下除權息調整價未守20日EMA
346,3545,敦泰,TWSE,半導體業,暫不承接,停止加碼／開始減碼,已有部位先停止加碼。反彈若仍未站回 53.58，分批降低部位；只有站回且ETF／外資賣壓收斂後才重新評估。,39.2,100,45.8,,2.16,-13.49,-5.88,31.93,219.88,0.02,,1.14,1.77,2,0,6,6,7,12,0,-33.211,-428.847,-607.554,-329.48199999999997,0,6,7,12,1,0,274800,-17.585,-129.888,14.49,28,-576,-1148,,-16,-417.26199999999994,-484.666,-185.74099999999999,30.16,20.55,21.66,18.32,false,true,-10.72,-8.95,累計營收負成長且當月改善不足；中期趨勢仍向下；外資持股5/10日下降，且外資5日賣超；20日趨勢尚未上彎；當下除權息調整價未守20日EMA
347,2498,宏達電,TWSE,通信網路業,暫不承接,暫停加碼／跌破減碼,已有部位暫停加碼；若收盤跌破60日EMA約 43.33，且下一交易日仍未收復，先減碼三分之一；若ETF或外資繼續轉弱，再分批降低部位。,39,93,38.55,,-8.53,-9.73,-86.23,30.58,223.07,-0.29,18.62,1.19,1.3,4,0,1,1,3,-12,0,-1014.505,-2876.065,-3479.4880000000003,-5649.050000000001,0,1,3,-12,1,0,38550,-459.719,-862.4209999999999,8.83,-1391,3186,4680,,-824.211,-2417.346,-2620.067,-3864.156,32.76,21.64,27.46,10,false,true,-8.99,-7.89,累計營收負成長且當月改善不足；中期趨勢仍向下；20日趨勢尚未上彎；當下除權息調整價未守20日EMA
348,6412,群電,TWSE,電子零組件業,暫不承接,暫停加碼／跌破減碼,已有部位暫停加碼；若收盤跌破60日EMA約 87.86，且下一交易日仍未收復，先減碼三分之一；若ETF或外資繼續轉弱，再分批降低部位。,38.8,100,77.5,,-0.77,-7.65,4.29,57.97,135.6,1.01,14.9,2.15,4.77,5,0,0,0,-3,-78,0,101.152,-24.277999999999988,-570.606,-2459.027,0,0,-2.55,-77.55,0,0,0,-114.653,-282.80199999999996,5.67,178,275,-823,,154.006,90.375,-285.254,-1780.56,32.15,26.76,26.01,28.27,true,true,-8.05,-5.72,累計營收負成長且當月改善不足；中期趨勢仍向下；20日趨勢尚未上彎；當下除權息調整價未守20日EMA
349,1515,力山,TWSE,電機機械,暫不承接,暫停加碼／跌破減碼,已有部位暫停加碼；若收盤跌破60日EMA約 31.53，且下一交易日仍未收復，先減碼三分之一；若ETF或外資繼續轉弱，再分批降低部位。,38.7,85,28.3,,6.37,0.7,-0.43,48.31,104.05,0.07,28.88,1.32,2.12,1,0,6,98,413,413,0,981.138,3345.734,1863.0629999999999,4298.951999999999,0,98,413,413,3,0,2773400,3.9250000000000016,-322.656,5.53,1049,3319,1929,,982.047,3243.809,1772.7190000000005,3862.2530000000006,36.39,8.38,18.78,-12.41,false,false,-20.52,-26.11,中期趨勢仍向下；20日趨勢尚未上彎；當下除權息調整價未守20日EMA；單季稅前獲利對營業外貢獻依賴偏高
350,6962,奕力-KY,TWSE,半導體業,暫不承接,停止加碼／開始減碼,已有部位先停止加碼。反彈若仍未站回 35.58，分批降低部位；只有站回且ETF／外資賣壓收斂後才重新評估。,38.6,100,30.15,,-0.33,-5.7,3.76,20.83,263.36,0.58,20.65,0.73,3.32,1,0,0,0,11,18,0,-153.375,-2354.1890000000003,-5287.383,-7779.5509999999995,0,0,11,18,0,0,0,-48.504,-100.37899999999999,38.45,174,-2165,-7994,,-141.685,-2305.685,-5198.004,-7767.004000000001,29.18,14.81,18.37,7.69,false,true,-11,-10.13,累計營收負成長且當月改善不足；中期趨勢仍向下；外資持股5/10日下降，且外資5日賣超；20日趨勢尚未上彎；當下除權息調整價未守20日EMA；2日內除權息，等待價格重置
351,4919,新唐,TWSE,半導體業,暫不承接,暫停加碼／跌破減碼,已有部位暫停加碼；若收盤跌破60日EMA約 155.09，且下一交易日仍未收復，先減碼三分之一；若ETF或外資繼續轉弱，再分批降低部位。,38.2,100,108.5,,1.16,-1.55,-1.4,56.76,203.24,0.02,,3.45,,8,0,8,8,37,216,0,1679.228,7394.8099999999995,9228.643,2363.331,0,8,-875,-3661,1,0,868000,-116.335,-382.89200000000005,3.8,1328,5378,7631,,1702.728,7503.1449999999995,10486.535,6079.674000000001,27.72,9.99,17.47,-4.98,false,false,-26.04,-24.13,累計營收負成長且當月改善不足；中期趨勢仍向下；20日趨勢尚未上彎；當下除權息調整價未守20日EMA；單季稅前獲利對營業外貢獻依賴偏高
352,4755,三福化,TWSE,化學工業,暫不承接,停止加碼／開始減碼,已有部位先停止加碼。反彈若仍未站回 134.41，分批降低部位；只有站回且ETF／外資賣壓收斂後才重新評估。,38,100,106,,15.63,-1.64,9.51,33.58,142.21,1.01,29.36,1.91,3.49,1,0,0,0,0,0,0,122.915,-771.0889999999999,-999.292,-1363.1000000000001,0,0,0,0,0,0,0,-0.7120000000000002,-3.059,23.3,187,-395,-402,,120.01,-770.377,-996.2330000000001,-1355.2910000000002,29.37,11.4,13.49,7.22,false,false,-15.05,-13.47,中期趨勢仍向下；外資持股5/10日下降，且外資5日賣超；20日趨勢尚未上彎；當下除權息調整價未守20日EMA
353,6831,邁科,TWSE,電腦及週邊設備業,暫不承接,停止加碼／開始減碼,已有部位先停止加碼。反彈若仍未站回 676.05，分批降低部位；只有站回且ETF／外資賣壓收斂後才重新評估。,36.4,100,511,,29.3,18.23,6.55,47.68,164.08,0.66,103.86,12.89,0.59,5,0,0,0,4,13,0,66.834,-271.118,-1182.7179999999998,-325.9859999999999,-20,-170,-751,-350,0,4,-86870000,11.998999999999999,49.687999999999995,15.79,93,-110,-677,,91.242,-113.117,-481.40600000000006,95.10699999999997,33.47,23.14,30.06,9.29,false,true,-23.98,-19.53,中期趨勢仍向下；投信5/10日持續且具金額意義的賣超；外資持股5/10日下降，且外資5日賣超；20日趨勢尚未上彎；當下除權息調整價未守20日EMA；官方重大訊息出現高風險關鍵字，須查原文
354,2352,佳世達,TWSE,電腦及週邊設備業,暫不承接,暫停加碼／跌破減碼,已有部位暫停加碼；若收盤跌破60日EMA約 29.61，且下一交易日仍未收復，先減碼三分之一；若ETF或外資繼續轉弱，再分批降低部位。,36.2,100,26.95,,-0.62,1.03,1.34,71.52,114.51,0.2,43.47,1.45,3.71,6,20,22,18,2960,33941,0,-222.051,1387.4809999999998,-8930.973,-19204.815000000002,20,18,2960,33941,2,1,485100,1380.18,-526.6879999999999,7.71,603,548,-29053,,-183.809,-10.699000000000524,-11364.285000000002,-52645.043000000005,33.73,13.31,15.8,8.34,false,false,-10.67,-11.35,中期趨勢仍向下；20日趨勢尚未上彎；當下除權息調整價未守20日EMA
355,2454,聯發科,TWSE,半導體業,暫不承接,停止加碼／開始減碼,"已有部位先停止加碼。反彈若仍未站回 3,723.95，分批降低部位；只有站回且ETF／外資賣壓收斂後才重新評估。",35.8,100,3150,,2.8,-0.77,15.35,46.07,122.07,15.17,50.2,12.88,1.7,68,697,989,403,1001,357,134,64.555,-2887.959,-3179.283,-9890.251,-1.217,-661.375,-650.419,-1397.1390000000001,1,4,-2083331250,625.198,554.2289999999998,55.34,-411,-3417,-7264,,-169.676,-2851.782,-3083.0930000000008,-9464.1,33.46,31.6,39.96,14.89,false,true,-15.41,-18.18,累計營收負成長且當月改善不足；中期趨勢仍向下；投信5/10日持續且具金額意義的賣超；外資持股5/10日下降，且外資5日賣超；20日趨勢尚未上彎；當下除權息調整價未守20日EMA
356,8163,達方,TWSE,電腦及週邊設備業,暫不承接,停止加碼／開始減碼,已有部位先停止加碼。反彈若仍未站回 35.72，分批降低部位；只有站回且ETF／外資賣壓收斂後才重新評估。,35.3,100,28.95,,1.08,9.33,1.31,61.59,135.35,0.2,56.76,0.79,1.73,1,0,0,0,0,0,0,-377.631,-1125.958,-1807.9870000000003,-3638.059,0,0,0,0,0,0,0,-15.060999999999996,-81.399,9.27,-329,-816,-220,,-348.1,-1110.8970000000002,-1726.5880000000002,-3399.9710000000005,25.37,12.47,13.93,9.56,false,true,-15.79,-11.87,中期趨勢仍向下；外資持股5/10日下降，且外資5日賣超；20日趨勢尚未上彎；當下除權息調整價未守20日EMA
357,2328,廣宇,TWSE,電子零組件業,暫不承接,暫停加碼／跌破減碼,已有部位暫停加碼；若收盤跌破60日EMA約 49.28，且下一交易日仍未收復，先減碼三分之一；若ETF或外資繼續轉弱，再分批降低部位。,35.1,100,40.35,,-0.74,-15.92,-0.34,26.95,285.15,-0.16,41.17,1.39,2.23,2,6,6,6,6,6,0,951.28,-482.487,-627.412,-5063.862,6,6,6,6,1,0,242100,-403.3400000000001,-919.7170000000001,8.74,1170,910,5704,,1055.335,-85.14699999999996,286.30500000000006,-4162.283,27.34,18.22,24.13,6.41,false,false,-13.8,-14.15,累計營收負成長且當月改善不足；中期趨勢仍向下；20日趨勢尚未上彎；當下除權息調整價未守20日EMA
358,2484,希華,TWSE,電子零組件業,暫不承接,暫停加碼／跌破減碼,已有部位暫停加碼；若收盤跌破60日EMA約 65.68，且下一交易日仍未收復，先減碼三分之一；若ETF或外資繼續轉弱，再分批降低部位。,34.9,85,59.3,,-1.4,-2.65,6.84,17.71,483.73,0.33,80.14,2.31,1.18,1,0,7,99,414,414,0,2788.381,1279.3190000000002,-4546.633,-7691.365,0,99,414,414,3,0,5870700,1.7829999999999995,-7.388000000000005,5.84,2784,1245,-7258,,2782.573,1178.5359999999996,-4953.245000000001,-8003.761999999999,37.13,7.75,13.39,-3.51,false,false,-19.94,-17.75,累計營收負成長且當月改善不足；中期趨勢仍向下；20日趨勢尚未上彎；當下除權息調整價未守20日EMA；估值高且成長不足以支撐
359,6451,訊芯-KY,TWSE,半導體業,暫不承接,停止加碼／開始減碼,已有部位先停止加碼。反彈若仍未站回 481.34，分批降低部位；只有站回且ETF／外資賣壓收斂後才重新評估。,34.8,100,342.5,,40.55,-5.21,-5.18,59.67,166.56,-1.45,,5.19,0.06,2,0,0,-13,-70,-213,0,627.168,742.513,1479.084,2191.7250000000004,0,-13,-70,-213,0,1,-4452500,73.313,41.87900000000001,65.22,638,554,2041,,619.863,682.1999999999999,1507.205,2473.041,30.67,14.44,22.58,-1.82,false,true,-24.81,-22.86,中期趨勢仍向下；ETF短中期同步減碼；20日趨勢尚未上彎；當下除權息調整價未守20日EMA
360,5222,全訊,TWSE,半導體業,暫不承接,停止加碼／開始減碼,已有部位先停止加碼。反彈若仍未站回 122.08，分批降低部位；只有站回且ETF／外資賣壓收斂後才重新評估。,34.1,93,104,,-4.97,-15.18,17.42,21.97,225.11,0.22,55.61,3.94,2.4,2,0,2,2,2,6,0,-50.796,-551.014,-811.893,-362.85,0,2,2,6,1,0,208000,-39.959,-63.854000000000006,3.57,122,-322,-379,,-50.272,-513.0550000000001,-750.0390000000002,-323.31700000000023,30.06,12.75,16.48,5.29,false,false,-11.42,-11.49,累計營收負成長且當月改善不足；中期趨勢仍向下；外資持股5/10日下降，且外資5日賣超；20日趨勢尚未上彎；當下除權息調整價未守20日EMA
361,1582,信錦,TWSE,電子零組件業,暫不承接,停止加碼／開始減碼,已有部位先停止加碼。反彈若仍未站回 84.44，分批降低部位；只有站回且ETF／外資賣壓收斂後才重新評估。,33.6,100,64.5,,-9.5,-6.27,5.27,40.68,201.5,0.35,23.45,1.24,4.65,1,0,0,-39,-199,-261,0,2.795,-1.6020000000000323,474.894,-641.164,0,-39,-199,-261,0,1,-2515500,-88.71600000000001,-323.295,4.64,-5,116,855,,19.787,126.114,997.1890000000001,218.89300000000003,21.43,11.53,13.13,8.34,false,false,-13.52,-9.54,累計營收負成長且當月改善不足；中期趨勢仍向下；ETF短中期同步減碼；20日趨勢尚未上彎；當下除權息調整價未守20日EMA
362,2515,中工,TWSE,建材營造,暫不承接,停止加碼／開始減碼,已有部位先停止加碼。反彈若仍未站回 12.62，分批降低部位；只有站回且ETF／外資賣壓收斂後才重新評估。,33.3,100,11.65,,-14.32,32.15,4.95,64.22,235.82,0.16,24.27,0.81,4.29,1,0,0,0,-755,-772,0,-1415.383,-14652.657999999998,-26716.615999999998,-16672.213999999996,0,0,-803,-837.258,0,0,0,-193.012,-1546.2430000000002,7.5,-601,-11392,-20760,,-1401.219,-14459.646,-24367.373,-15460.605,34.64,14.99,13.87,17.21,true,false,-5.94,-4.51,中期趨勢仍向下；外資持股5/10日下降，且外資5日賣超；20日趨勢尚未上彎；當下除權息調整價未守20日EMA
363,2338,光罩,TWSE,半導體業,暫不承接,停止加碼／開始減碼,已有部位先停止加碼。反彈若仍未站回 47.29，分批降低部位；只有站回且ETF／外資賣壓收斂後才重新評估。,31.3,100,35.15,,0.08,-5.14,0.93,66.11,77.74,0.52,,1.9,,1,0,0,0,0,0,0,-201.145,-1684.473,-5919.638,-8650.421,0,0,0,0,0,0,0,-179.604,-366.658,4.88,-34,-1056,-5987,,-130.076,-1504.869,-5552.98,-8128.8279999999995,25.95,9.88,15.55,-1.46,false,false,-20.13,-19.01,累計營收負成長且當月改善不足；中期趨勢仍向下；外資持股5/10日下降，且外資5日賣超；20日趨勢尚未上彎；當下除權息調整價未守20日EMA；單季稅前獲利對營業外貢獻依賴偏高
364,2367,燿華,TWSE,電子零組件業,暫不承接,暫停加碼／跌破減碼,已有部位暫停加碼；若收盤跌破60日EMA約 54.53，且下一交易日仍未收復，先減碼三分之一；若ETF或外資繼續轉弱，再分批降低部位。,31.2,100,35.85,,-4.14,-7.37,-7.71,50.74,95.51,-0.4,,1.99,0.56,2,0,0,0,0,0,0,5158.888,7183.38,10905.581,15298.875,0,0,0,0,0,0,0,-258.614,-85.62099999999995,7.9,5707,5836,10686,,5235.966,7441.994000000001,10991.202000000003,15079.176000000003,23.1,9.88,13.55,2.55,false,false,-22.94,-20.86,累計營收負成長且當月改善不足；中期趨勢仍向下；20日趨勢尚未上彎；當下除權息調整價未守20日EMA
365,3583,辛耘,TWSE,半導體業,暫不承接,停止加碼／開始減碼,已有部位先停止加碼。反彈若仍未站回 774.82，分批降低部位；只有站回且ETF／外資賣壓收斂後才重新評估。,31.2,100,624,,-2.67,6.79,12.95,70.99,109.29,4.14,42.31,6.56,0.92,8,-98,-112,-133,-544,-548,-112,149.967,282.82000000000005,96.5690000000001,-63.822999999999865,-98,-143,-670,-832,2,3,-89232000,-81.339,-115.51200000000001,21.47,267,508,1401,,264.605,507.15900000000005,882.0809999999999,999.838,32.37,13.1,21.78,-4.26,false,false,-18.31,-18.64,中期趨勢仍向下；ETF短中期同步減碼；ETF 1/3日已轉為減碼；投信5/10日持續且具金額意義的賣超；20日趨勢尚未上彎；當下除權息調整價未守20日EMA；2日內除權息，等待價格重置
366,8105,凌巨,TWSE,光電業,暫不承接,停止加碼／開始減碼,已有部位先停止加碼。反彈若仍未站回 18.21，分批降低部位；只有站回且ETF／外資賣壓收斂後才重新評估。,31.1,85,15.15,,-8.9,-1.2,0.53,25.59,202.48,0.43,505,0.83,,1,0,9,142,598,598,0,-590.19,-1997.19,-3399.8360000000002,1019.9139999999998,0,142,598,598,3,0,2151300,83,45.504,39.08,-4039,-4845,-5913,,-582.19,-2222.19,-4043.34,340.40999999999985,31.18,22.58,25.75,16.24,false,true,-15.98,-14.89,累計營收負成長且當月改善不足；中期趨勢仍向下；外資持股5/10日下降，且外資5日賣超；20日趨勢尚未上彎；當下除權息調整價未守20日EMA；估值高且成長不足以支撐；單季稅前獲利對營業外貢獻依賴偏高
367,6715,嘉基,TWSE,電子零組件業,暫不承接,停止加碼／開始減碼,已有部位先停止加碼。反彈若仍未站回 407.91，分批降低部位；只有站回且ETF／外資賣壓收斂後才重新評估。,28.2,100,320.5,,-9.2,-0.12,15.89,19.28,332.23,1.02,151.9,5.88,0.61,1,0,0,-10,-53,-146,0,73.243,154.791,-771.624,-1917.533,0,-91,-134,-226,0,2,-29165500,23.92,46.635000000000005,1.58,78,229,-1462,,76,221.871,-684.2589999999999,-1561.259,35.19,24.16,38.06,-3.63,false,true,-19.32,-16.42,累計營收負成長且當月改善不足；中期趨勢仍向下；ETF短中期同步減碼；20日趨勢尚未上彎；當下除權息調整價未守20日EMA；估值高且成長不足以支撐
368,4906,正文,TWSE,通信網路業,暫不承接,停止加碼／開始減碼,已有部位先停止加碼。反彈若仍未站回 38.89，分批降低部位；只有站回且ETF／外資賣壓收斂後才重新評估。,28.1,100,30.25,,-5.24,-28.21,-6.58,43.62,153.18,-0.32,,1.2,1.55,1,0,0,-131,-674,-690,0,-313.622,-1729.663,-2493.835,-7938.975,0,-131,-674,-690,0,1,-3962750,-540.736,-861.2440000000001,8.72,1,-1058,-1213,,-236.621,-1057.9270000000001,-958.5910000000001,-5875.321,27.98,17.91,20.86,12,false,true,-17.28,-16.09,累計營收負成長且當月改善不足；中期趨勢仍向下；ETF短中期同步減碼；外資持股5/10日下降，且外資5日賣超；20日趨勢尚未上彎；當下除權息調整價未守20日EMA
369,3376,新日興,TWSE,電子零組件業,暫不承接,停止加碼／開始減碼,已有部位先停止加碼。反彈若仍未站回 198.54，分批降低部位；只有站回且ETF／外資賣壓收斂後才重新評估。,27.9,100,169,,-4.76,-13.25,-0.44,22.67,276.74,0.15,248.53,1.9,2.37,3,0,0,0,0,-429,0,85.858,-1222.8110000000001,-2895.443,-8246.402,1,-997,-1497,-2177,2,2,-168493000,-169.31900000000002,-472.40200000000004,12.97,138,-792,-3091,,204.04,-56.491999999999976,-926.041,-5658.604,28.3,15.15,19.37,6.69,false,false,-10.96,-11.75,累計營收負成長且當月改善不足；中期趨勢仍向下；外資持股5/10日下降，且外資5日賣超；20日趨勢尚未上彎；當下除權息調整價未守20日EMA；估值高且成長不足以支撐；單季稅前獲利對營業外貢獻依賴偏高
370,9935,慶豐富,TWSE,居家生活,不建立部位,暫停加碼／跌破減碼,已有部位暫停加碼；若收盤跌破60日EMA約 19.04，且下一交易日仍未收復，先減碼三分之一；若ETF或外資繼續轉弱，再分批降低部位。,67.3,85,19.2,,17.01,7.96,10.69,69.03,106.69,0.51,11.71,1.3,6.25,1,0,-5,39,39,558,0,140.1,377.1049999999999,687.265,1601.2649999999999,0,39.495000000000005,39.495000000000005,558.495,1,1,758304,19,21,6.2,143,392,734,,138.1,318.61,626.7700000000001,970.7700000000001,52.11,68.32,68.21,68.55,false,false,0.48,-0.78,"單日成交金額低於5,000萬元；ETF加碼金額或跨基金共識不足"
371,4736,泰博,TWSE,生技醫療業,不建立部位,暫停加碼／跌破減碼,已有部位暫停加碼；若收盤跌破60日EMA約 126.48，且下一交易日仍未收復，先減碼三分之一；若ETF或外資繼續轉弱，再分批降低部位。,67,100,129.5,,2.09,1.25,25.4,23.84,273.12,2.99,7.09,1.29,3.86,2,0,1,1,30,30,0,65.385,279.834,652.85,1080.21,0,1,30,30,1,0,129500,19.595,15.594999999999999,6.52,74,259,532,,68.385,259.23900000000003,607.2550000000001,1034.6150000000002,58.3,55.07,62.07,41.05,false,false,1.01,-0.77,"單日成交金額低於5,000萬元；ETF加碼金額或跨基金共識不足"
372,1419,新紡,TWSE,紡織纖維,不建立部位,暫停加碼／跌破減碼,已有部位暫停加碼；若收盤跌破60日EMA約 66.18，且下一交易日仍未收復，先減碼三分之一；若ETF或外資繼續轉弱，再分批降低部位。,66.8,85,70.1,,17.98,28.04,10.51,20.53,161.5,9.37,5.33,1.03,2.57,1,0,2,2,95,95,0,138.304,268.504,390.414,700.422,0,2,93,90,1,0,140200,-5,4.91,1.36,-34,267,236,,132.304,271.504,292.504,600.512,64.07,76.76,63.7,102.88,false,false,4.54,6.37,"單日成交金額低於5,000萬元；單季稅前獲利對營業外貢獻依賴偏高"
373,1720,生達,TWSE,生技醫療業,不建立部位,暫停加碼／跌破減碼,已有部位暫停加碼；若收盤跌破60日EMA約 57.22，且下一交易日仍未收復，先減碼三分之一；若ETF或外資繼續轉弱，再分批降低部位。,66.4,100,57.8,,9.11,1.64,20.8,25.03,204.52,1.3,10.7,1.71,5.19,1,0,0,6,10,9,0,296.088,264.857,51.21400000000001,356.214,0,0,4,3,0,0,0,45.176,27.003,5.49,321,291,63,,294.088,219.68100000000004,20.21100000000004,327.211,52.85,52.2,42.5,71.61,true,false,0.45,0.13,"單日成交金額低於5,000萬元；20日趨勢尚未上彎"
374,2832,台產,TWSE,金融保險業,不建立部位,暫停加碼／跌破減碼,已有部位暫停加碼；若收盤跌破60日EMA約 54.92，且下一交易日仍未收復，先減碼三分之一；若ETF或外資繼續轉弱，再分批降低部位。,65.3,85,56.9,,7.27,8.04,,52.67,,1.64,10.94,1.18,6.15,1,0,-5,56,56,586,0,118.563,88.696,64.27999999999999,433.241,0,56.071,56.071,590.071,1,1,3190440,35,18,4.36,126,7,95,,116.563,-2.375,-9.791000000000006,-105.82999999999998,55.57,49.49,46.91,54.65,true,false,0.83,1.07,"單日成交金額低於5,000萬元"
375,5515,建國,TWSE,建材營造,不建立部位,暫停加碼／跌破減碼,已有部位暫停加碼；若收盤跌破60日EMA約 41.09，且下一交易日仍未收復，先減碼三分之一；若ETF或外資繼續轉弱，再分批降低部位。,64.2,100,42.35,,24.55,27.59,13.33,50.62,177.24,1.96,7.09,1.5,7.79,2,0,2,2,60,-275,0,-26.5,317.298,666.8520000000001,847.4720000000002,0,2,60,-275,1,0,84700,25.76,-30.287999999999997,12.49,-29,298,1067,,-42.4,289.538,637.1400000000001,1150.967,52.01,44.19,55.56,21.45,false,false,0.33,1.07,"單日成交金額低於5,000萬元"
376,1808,潤隆,TWSE,建材營造,不建立部位,暫停加碼／跌破減碼,已有部位暫停加碼；若收盤跌破60日EMA約 30.83，且下一交易日仍未收復，先減碼三分之一；若ETF或外資繼續轉弱，再分批降低部位。,62.3,100,31.4,,162537.27,17993.12,22.8,73.51,175.66,1.06,11.72,2.05,4.78,1,0,0,0,0,0,0,443.519,985.634,3074.968,4584.4169999999995,0,0,0,0,0,0,0,-44,8,4.61,498,1091,5145,,475.519,1029.634,3066.968,4566.4169999999995,51.38,53.2,65,29.61,false,true,-0.07,-1.72,"單日成交金額低於5,000萬元；當下除權息調整價未守20日EMA"
377,9942,茂順,TWSE,其他,不建立部位,暫停加碼／跌破減碼,已有部位暫停加碼；若收盤跌破60日EMA約 119.59，且下一交易日仍未收復，先減碼三分之一；若ETF或外資繼續轉弱，再分批降低部位。,61.5,100,120,,26.64,15.31,24.47,24.59,354.85,2.22,14.62,2.2,5.83,1,0,0,0,2,2,0,48.654,77.57100000000001,331.053,456.82300000000004,0,0,2,2,0,0,0,33,214,4.67,40,6,308,,38.654,44.57100000000001,115.05300000000001,238.82299999999998,45.99,32.55,48.7,0.24,false,false,-1.15,-2.83,"單日成交金額低於5,000萬元；當下除權息調整價未守20日EMA；2日內除權息，等待價格重置"
378,2607,榮運,TWSE,航運業,不建立部位,暫停加碼／跌破減碼,已有部位暫停加碼；若收盤跌破60日EMA約 48.27，且下一交易日仍未收復，先減碼三分之一；若ETF或外資繼續轉弱，再分批降低部位。,61.4,100,47.4,,25.41,2.45,11.71,28.48,338.24,1.04,10.02,0.81,5.7,1,0,0,0,0,0,0,343.083,860.5150000000001,1303.7060000000001,877.076,0,0,0,0,0,0,0,21,24.733,8.26,396,974,2095,,332.083,839.5150000000001,1278.9730000000002,1031.0890000000002,49.84,75.35,73.4,79.26,false,false,0.23,0.21,"單日成交金額低於5,000萬元；中期趨勢仍向下；20日趨勢尚未上彎"
379,4137,麗豐-KY,TWSE,生技醫療業,不建立部位,停止加碼／開始減碼,已有部位先停止加碼。反彈若仍未站回 101.83，分批降低部位；只有站回且ETF／外資賣壓收斂後才重新評估。,61,100,94.8,,22.6,8.62,15.53,43.21,206.97,1.41,12.06,1.4,10.55,2,0,-3,-7,-5,273,0,19.452,-48.763000000000005,-39.47399999999999,-999.336,0,-6.8420000000000005,-4.8420000000000005,273.158,0,2,-648622,26.762999999999998,27.052,54.59,37,8,157,,12.4,-68.684,-61.684,-1176.684,36.64,34.67,31.09,41.83,true,false,-2.36,0.11,"單日成交金額低於5,000萬元；中期趨勢仍向下；ETF短中期同步減碼；20日累積後5日轉為調節；20日趨勢尚未上彎；當下除權息調整價未守20日EMA"
380,6183,關貿,TWSE,資訊服務業,不建立部位,暫停加碼／跌破減碼,已有部位暫停加碼；若收盤跌破60日EMA約 91.11，且下一交易日仍未收復，先減碼三分之一；若ETF或外資繼續轉弱，再分批降低部位。,60.7,100,92.8,,7.45,9,29.1,35.05,207.12,1.07,22.91,4.64,3.83,2,0,1,1,47,47,0,56.6,87.6,174.1,291.1,0,1,47,47,1,0,92800,5,5,1.17,57,85,198,,55.6,81.6,122.1,237.1,63.76,85.07,78.29,98.64,true,true,2,1.87,"單日成交金額低於5,000萬元；KD高檔死亡交叉，等待動能確認"
381,2546,根基,TWSE,建材營造,不建立部位,暫停加碼／跌破減碼,已有部位暫停加碼；若收盤跌破60日EMA約 92.06，且下一交易日仍未收復，先減碼三分之一；若ETF或外資繼續轉弱，再分批降低部位。,59.9,100,98,,44.27,21.26,5.33,61.72,157.79,1.43,10.3,2.06,6.12,2,0,1,1,66,66,0,189.367,263.399,468.688,570.6899999999999,0,1,66,66,1,0,98000,26,36,3.83,175,152,191,,188.367,236.399,366.688,435.69,64.69,71.08,67.28,78.69,true,false,2.79,2.08,"單日成交金額低於5,000萬元"
382,2414,精技,TWSE,電子通路業,不建立部位,暫停加碼／跌破減碼,已有部位暫停加碼；若收盤跌破60日EMA約 55.86，且下一交易日仍未收復，先減碼三分之一；若ETF或外資繼續轉弱，再分批降低部位。,59.8,85,55.3,,87.26,46.2,3.14,63.13,139.01,1.17,15.67,2.62,5.42,1,0,4,66,275,275,0,60.7,112.529,-850.137,-788.9759999999999,0,66,275,275,3,0,3649800,3,50,4.79,66,153,-1297,,65.7,43.528999999999996,-1175.137,-1164.976,40.89,24.36,22.69,27.72,true,false,-5.06,-3.49,"單日成交金額低於5,000萬元；中期趨勢仍向下；20日趨勢尚未上彎；當下除權息調整價未守20日EMA"
383,9946,三發地產,TWSE,建材營造,不建立部位,暫停加碼／跌破減碼,已有部位暫停加碼；若收盤跌破60日EMA約 18.21，且下一交易日仍未收復，先減碼三分之一；若ETF或外資繼續轉弱，再分批降低部位。,59.7,85,17.95,,-11.49,4131.79,46.84,59.28,221.67,2.56,4.31,0.82,7.63,2,0,7,101,424,759,0,76.7,149.58799999999997,528.567,817.379,0,101,424,759,3,0,1812950,43,44,3.37,81,160,16,,57.7,5.587999999999994,60.567,-0.6209999999999809,41.74,25.55,22.08,32.48,true,true,-2.73,-1.64,"單日成交金額低於5,000萬元；中期趨勢仍向下；20日趨勢尚未上彎；當下除權息調整價未守20日EMA"
384,2459,敦吉,TWSE,其他電子業,不建立部位,暫停加碼／跌破減碼,已有部位暫停加碼；若收盤跌破60日EMA約 65.57，且下一交易日仍未收復，先減碼三分之一；若ETF或外資繼續轉弱，再分批降低部位。,58.5,100,64.4,,20.97,9.92,14.95,35.33,192.37,1.41,12.31,1.22,6.52,1,0,0,0,0,0,0,-4.2,-60.480000000000004,-16.096000000000004,-63.096000000000004,0,0,0,0,0,0,0,10,7,15.79,-5,-66,80,,-5.2,-70.48,-23.096000000000004,-77.096,45.33,28.97,36.07,14.78,false,false,-0.88,-1.08,"單日成交金額低於5,000萬元；當下除權息調整價未守20日EMA"
385,1537,廣隆,TWSE,電機機械,不建立部位,暫停加碼／跌破減碼,已有部位暫停加碼；若收盤跌破60日EMA約 125.84，且下一交易日仍未收復，先減碼三分之一；若ETF或外資繼續轉弱，再分批降低部位。,57.6,100,126.5,,14.05,0.69,11.36,22.65,520.51,2.11,16.64,2.25,5.69,1,0,0,0,1,1,0,34.443,187.156,408.096,416.192,0,0,1,1,0,0,0,129.034,127.41099999999999,16.03,13,29,139,,33.405,58.122,279.685,289.781,51.25,55.52,56.8,52.97,false,true,0.11,0.8,"單日成交金額低於5,000萬元"
386,2923,鼎固-KY,TWSE,建材營造,不建立部位,暫停加碼／跌破減碼,已有部位暫停加碼；若收盤跌破60日EMA約 28.02，且下一交易日仍未收復，先減碼三分之一；若ETF或外資繼續轉弱，再分批降低部位。,57.4,100,41,,294.84,170.39,52.88,59.07,293.58,0.02,,1.56,0.29,1,0,0,0,0,0,0,321.959,520.159,1025.765,1828.855,0,0,0,0,0,0,0,-0.29100000000000037,49.214000000000006,99.53,313,520,1656,,313.25,520.45,976.551,1755.551,72.56,77.16,68.48,94.52,true,false,25.89,26.93,"單日成交金額低於5,000萬元；短線過熱或乖離過大；高波動且5日漲幅過大"
387,3679,新至陞,TWSE,電子零組件業,不建立部位,暫停加碼／跌破減碼,已有部位暫停加碼；若收盤跌破60日EMA約 113.61，且下一交易日仍未收復，先減碼三分之一；若ETF或外資繼續轉弱，再分批降低部位。,57.4,85,115,,1.35,-10.64,19.63,49.63,245.99,2.67,13.55,1.54,7.83,1,0,-1,-5,-5,125,0,76.1,112.536,167.007,252.007,0,-4.564,-4.564,126.436,0,2,-524860,2,4,8.5,77,107,216,,75.1,115.1,167.571,119.571,61.49,68.04,58.13,87.87,true,true,3.91,4.55,"單日成交金額低於5,000萬元；累計營收負成長且當月改善不足；ETF短中期同步減碼"
388,8499,鼎炫-KY,TWSE,其他電子業,不建立部位,停止加碼／開始減碼,已有部位先停止加碼。反彈若仍未站回 286.63，分批降低部位；只有站回且ETF／外資賣壓收斂後才重新評估。,56.2,100,242,,116.29,87,18.33,24.71,357.1,2.61,24.25,1.16,3.31,1,0,0,0,0,0,0,-24.969,-100.02699999999999,-201.224,-106.096,0,0,0,0,0,0,0,-0.4270000000000004,-3.603000000000001,71.97,-19,-88,-139,,-23.3,-99.6,-197.621,-98.62100000000001,30.3,8.39,8.78,7.6,false,false,-12.55,-10.2,"單日成交金額低於5,000萬元；中期趨勢仍向下；外資持股5/10日下降，且外資5日賣超；20日趨勢尚未上彎；當下除權息調整價未守20日EMA"
389,2206,三陽工業,TWSE,汽車工業,不建立部位,優先出脫,已有部位應優先降低曝險；目前觸發「單月與累計營收同步明顯衰退」。待事件解除或基本面重新確認後再評估。,55.8,100,63.6,,-13.38,-5.33,9.42,55.08,146.51,1.37,11.22,1.8,4.81,3,0,0,32,644,1882,32,1250.621,2648.7799999999997,2976.6409999999996,6362.670999999999,7,47,655,1890,3,0,2989200,48,78,7.67,1449,2026,-329,,1222.621,2553.7799999999997,2243.6409999999996,4389.670999999999,54.63,57.14,50,71.42,true,false,1.37,6,營收動能同步衰退；累計營收負成長且當月改善不足
390,4763,材料*-KY,TWSE,化學工業,不建立部位,優先出脫,已有部位應優先降低曝險；目前觸發「單月與累計營收同步明顯衰退」。待事件解除或基本面重新確認後再評估。,55.8,100,47,,-10.11,-30.69,49.58,6.15,1311.55,1.13,9.09,2.15,6.49,7,0,0,4,1344,1588,0,-240.758,-4061.429,3384.514000000001,858.3900000000012,5,15.067,1654.858,1896.858,3,0,708149,-324.671,106.82399999999998,46.5,443,-2290,5467,,-184.2,-3751.825,1622.8320000000008,-1144.2769999999994,47.75,39.81,48.16,23.12,false,true,-2.2,-6.56,營收動能同步衰退；累計營收負成長且當月改善不足；當下除權息調整價未守20日EMA
391,1726,永記,TWSE,化學工業,不建立部位,暫停加碼／跌破減碼,已有部位暫停加碼；若收盤跌破60日EMA約 77.68，且下一交易日仍未收復，先減碼三分之一；若ETF或外資繼續轉弱，再分批降低部位。,55.8,85,78.4,,-5.59,3.17,14.08,14.57,526.27,2.03,13.22,1.17,4.72,1,0,1,1,51,51,0,46.8,62.779,-21.982,10.018,0,1,51,51,1,0,78400,4,4,12.7,51,74,-48,,45.8,57.779,-76.982,-44.982,53.24,35.64,32.61,41.7,true,false,0.75,3.84,"單日成交金額低於5,000萬元；20日趨勢尚未上彎"
392,1615,大山,TWSE,電器電纜,不建立部位,暫停加碼／跌破減碼,已有部位暫停加碼；若收盤跌破60日EMA約 44.61，且下一交易日仍未收復，先減碼三分之一；若ETF或外資繼續轉弱，再分批降低部位。,55.3,85,42.05,,28.36,2.23,19.03,23,277.39,0.94,8.87,1.69,6.18,1,0,1,1,63,63,0,23,81,-109.68300000000002,53.50799999999998,0,1,62,62,1,0,42050,7,12,0.91,37,179,-372,,25,73,-183.683,-18.49199999999999,31.17,14.36,20.43,2.24,false,false,-4.71,-2.21,"單日成交金額低於5,000萬元；中期趨勢仍向下；20日趨勢尚未上彎；當下除權息調整價未守20日EMA"
393,2108,南帝,TWSE,橡膠工業,不建立部位,暫停加碼／跌破減碼,已有部位暫停加碼；若收盤跌破60日EMA約 27.98，且下一交易日仍未收復，先減碼三分之一；若ETF或外資繼續轉弱，再分批降低部位。,55.3,85,26.6,,31.78,23.46,12.41,12.75,771.21,0.34,30.57,0.92,3.76,1,0,4,4,156,156,0,-406.38,-981.0260000000001,-1484.3670000000002,589.8449999999998,0,4,156,156,1,0,106400,-7.542,5.491999999999999,5.38,-312,228,658,,-392.54,-977.484,-1645.8590000000002,418.54499999999985,37.54,29.08,37.05,13.14,false,true,-5.42,-5.34,"單日成交金額低於5,000萬元；當下除權息調整價未守20日EMA"
394,6115,鎰勝,TWSE,電子零組件業,不建立部位,暫停加碼／跌破減碼,已有部位暫停加碼；若收盤跌破60日EMA約 47.10，且下一交易日仍未收復，先減碼三分之一；若ETF或外資繼續轉弱，再分批降低部位。,53.9,100,45.75,,15.96,11.79,8.93,34.53,261.24,0.71,16.11,1.54,6.12,1,0,0,0,0,0,0,21.3,71.3,60.3,-611.7,0,0,0,0,0,0,0,21,17,5.35,44,87,-456,,17.3,50.3,43.3,-631.7,40.77,54.88,48.43,67.79,false,false,-1.25,0.11,"單日成交金額低於5,000萬元；中期趨勢仍向下；20日趨勢尚未上彎；當下除權息調整價未守20日EMA"
395,8341,日友,TWSE,綠能環保,不建立部位,暫停加碼／跌破減碼,已有部位暫停加碼；若收盤跌破60日EMA約 76.93，且下一交易日仍未收復，先減碼三分之一；若ETF或外資繼續轉弱，再分批降低部位。,53.3,85,76.2,,6.99,17.68,31.59,46.31,118.1,1.51,16.21,1.94,5.25,1,0,1,1,41,41,0,50.727,281.012,629.92,1068.013,0,1,41,41,1,0,76200,9.555,9.14,5.44,109,338,880,,48.381,270.457,579.78,1017.2909999999999,46.24,52.5,58.45,40.61,false,true,-0.62,0.66,"單日成交金額低於5,000萬元；中期趨勢仍向下；20日趨勢尚未上彎；當下除權息調整價未守20日EMA"
396,1712,興農,TWSE,化學工業,不建立部位,停止加碼／開始減碼,已有部位先停止加碼。反彈若仍未站回 40.17，分批降低部位；只有站回且ETF／外資賣壓收斂後才重新評估。,53.2,100,39.15,,4.08,3.12,7.64,49.53,134.41,0.67,15.79,2.1,6.39,2,0,-12,426,437,1515,0,-165.045,-375.394,-802.3310000000001,-492.28600000000006,4,429.713,603.713,1681.713,2,1,16823264,61.337999999999994,19.400999999999993,13.24,-139,-836,-1411,,-189.009,-866.445,-1425.4450000000002,-2181.312,44.36,40.52,41.28,39,true,true,-0.69,0.77,"單日成交金額低於5,000萬元；中期趨勢仍向下；外資持股5/10日下降，且外資5日賣超；20日趨勢尚未上彎；當下除權息調整價未守20日EMA"
397,6192,巨路,TWSE,其他電子業,不建立部位,停止加碼／開始減碼,已有部位先停止加碼。反彈若仍未站回 119.83，分批降低部位；只有站回且ETF／外資賣壓收斂後才重新評估。,53.2,100,108,,16.94,5.75,17.1,42.57,213.85,2.63,11.05,1.43,5.37,1,0,0,0,3,3,0,-140.23,-273.955,-399.51699999999994,-62.31599999999992,0,0,3,2,0,0,0,4.34,5.670000000000001,24.56,-92,-219,-195,,-138.295,-278.29499999999996,-408.18699999999995,-73.18699999999995,28.41,18.3,23.21,8.48,false,false,-7.17,-6.49,"單日成交金額低於5,000萬元；中期趨勢仍向下；外資持股5/10日下降，且外資5日賣超；20日趨勢尚未上彎；當下除權息調整價未守20日EMA"
398,2031,新光鋼,TWSE,鋼鐵工業,不建立部位,暫停加碼／跌破減碼,已有部位暫停加碼；若收盤跌破60日EMA約 39.55，且下一交易日仍未收復，先減碼三分之一；若ETF或外資繼續轉弱，再分批降低部位。,53.1,100,39.5,,7.82,-2.42,9.32,60.87,148.59,0.22,8.64,1.2,6.33,2,0,0,0,-11,444,0,50.035,578.8209999999999,1475.0240000000001,4072.428,0,0,89.807,541.807,0,0,0,-12.88199999999999,-27.626999999999992,8.44,47,559,3112,,64.134,591.703,1412.844,3537.6059999999998,49.62,56.26,62.94,42.91,false,true,-0.27,-0.75,"單日成交金額低於5,000萬元；累計營收負成長且當月改善不足；當下除權息調整價未守20日EMA"
399,1307,三芳,TWSE,塑膠工業,不建立部位,暫停加碼／跌破減碼,已有部位暫停加碼；若收盤跌破60日EMA約 32.99，且下一交易日仍未收復，先減碼三分之一；若ETF或外資繼續轉弱，再分批降低部位。,51.5,100,30.65,,11.11,4.77,13.9,45.87,164.97,0.97,11.19,1.25,7.18,1,0,0,0,-13,-59,0,-326.859,-857.996,-241.86599999999996,-2585.618,0,0,177.28900000000002,131.28900000000002,0,0,0,-14.151000000000002,-29.736,7.14,-126,-567,1110,,-310,-843.845,-389.41900000000004,-1577.412,33.52,28,35.94,12.1,false,true,-5.44,-5.69,"單日成交金額低於5,000萬元；中期趨勢仍向下；20日趨勢尚未上彎；當下除權息調整價未守20日EMA"
400,2450,神腦,TWSE,通信網路業,不建立部位,暫停加碼／跌破減碼,已有部位暫停加碼；若收盤跌破60日EMA約 29.25，且下一交易日仍未收復，先減碼三分之一；若ETF或外資繼續轉弱，再分批降低部位。,51.4,100,28.8,,16.42,15.9,0.71,45.77,159.98,0.25,18.82,1.22,5.38,1,0,0,0,0,0,0,54,115.32999999999998,40.329999999999984,44.329999999999984,0,0,0,0,0,0,0,14,11,1.37,63,135,185,,54,101.33,29.33,30.33,45.42,38.44,33.92,47.48,false,false,-0.31,0.35,"單日成交金額低於5,000萬元；中期趨勢仍向下；20日趨勢尚未上彎；當下除權息調整價未守20日EMA"
401,2530,華建,TWSE,建材營造,不建立部位,優先出脫,已有部位應優先降低曝險；目前觸發「單月與累計營收同步明顯衰退」。待事件解除或基本面重新確認後再評估。,51.3,100,20.65,,-96.97,-94.26,-2.09,66.65,160.8,-0.04,10.54,1.73,8.96,2,0,-16,547,547,2295,0,999.125,1352.324,2188.6800000000003,2346.0200000000004,0,548.049,987.049,2732.049,1,1,11317212,-36.109,-18.10900000000001,3.39,1018,1021,1581,,1018.234,840.384,1219.7399999999998,375.0799999999997,60.12,70.6,64.59,82.62,false,false,4.53,6.99,營收動能同步衰退；累計營收負成長且當月改善不足
402,2015,豐興,TWSE,鋼鐵工業,不建立部位,暫停加碼／跌破減碼,已有部位暫停加碼；若收盤跌破60日EMA約 62.92，且下一交易日仍未收復，先減碼三分之一；若ETF或外資繼續轉弱，再分批降低部位。,51,100,65.6,,-9.73,-11.51,9.2,19.29,277.39,0.91,16.52,1.8,5.03,3,0,5,5,114,114,0,323.715,1126.202,1441.9379999999999,2703.1499999999996,0,5,114,85,1,0,328000,41,40,12.73,324,1089,2183,,309.715,1080.202,1287.9379999999999,2591.1499999999996,66.37,74.92,73.12,78.52,true,false,3.45,4.63,"單日成交金額低於5,000萬元；累計營收負成長且當月改善不足"
403,8442,威宏-KY,TWSE,其他,不建立部位,暫停加碼／跌破減碼,已有部位暫停加碼；若收盤跌破60日EMA約 45.18，且下一交易日仍未收復，先減碼三分之一；若ETF或外資繼續轉弱，再分批降低部位。,51,85,44.15,,32.95,9.28,0.73,52.46,170.15,0.03,24.66,0.85,6.8,1,0,-1,-5,-5,157,0,28.2,142.1,146.23299999999998,150.23299999999998,0,-5.1,-5.1,156.9,0,2,-225165,27,30.933,56.24,24,145,30,,24.2,120.2,120.4,-36.599999999999994,49.71,45.91,55.62,26.47,false,true,-0.76,-2.11,"單日成交金額低於5,000萬元；ETF短中期同步減碼；當下除權息調整價未守20日EMA"
404,2010,春源,TWSE,鋼鐵工業,不建立部位,暫停加碼／跌破減碼,已有部位暫停加碼；若收盤跌破60日EMA約 22.57，且下一交易日仍未收復，先減碼三分之一；若ETF或外資繼續轉弱，再分批降低部位。,50.7,85,21,,-0.43,7.1,7.21,48.27,163.4,0.57,9.01,1.13,9.52,1,0,5,5,205,205,0,-74.659,404.823,893.3009999999999,-3756.401,0,5,205,205,1,0,105000,103.96499999999999,103.30999999999999,7.73,-58,13,1049,,-81.625,295.85799999999995,584.991,-4157.711,34.05,50.96,46.48,59.91,false,false,-2.49,-0.47,"單日成交金額低於5,000萬元；中期趨勢仍向下；20日趨勢尚未上彎；當下除權息調整價未守20日EMA"
405,1447,力鵬,TWSE,紡織纖維,不建立部位,暫停加碼／跌破減碼,已有部位暫停加碼；若收盤跌破60日EMA約 7.01，且下一交易日仍未收復，先減碼三分之一；若ETF或外資繼續轉弱，再分批降低部位。,50.5,85,6.85,,53.19,10.86,0.72,51.28,123.65,0.1,,0.76,,1,0,27,400,1679,1679,0,183.141,969.76,1147.488,886.4880000000003,0,400,1679,1679,3,0,2740000,-6,137.52800000000002,3.27,177,576,437,,177.141,575.76,-669.04,-341.03999999999996,39.88,11.53,14.33,5.94,false,false,-10.52,-11.95,"單日成交金額低於5,000萬元；當下除權息調整價未守20日EMA"
406,2528,皇普,TWSE,建材營造,不建立部位,暫停加碼／跌破減碼,已有部位暫停加碼；若收盤跌破60日EMA約 19.53，且下一交易日仍未收復，先減碼三分之一；若ETF或外資繼續轉弱，再分批降低部位。,50.1,85,19.25,,-5.37,-68.41,-398.67,67.95,179.48,-0.11,8.05,1.17,15.58,1,0,168,181,181,1344,0,202.349,-66.46900000000002,725.3309999999999,1836.2289999999998,0,4.145999999999999,-94.854,1066.146,1,1,79810,-60,-101,1.29,69,-237,1019,,201.349,-10.615000000000038,921.185,878.0829999999999,50.13,54.73,61.18,41.83,false,true,-0.02,-1.61,"單日成交金額低於5,000萬元；累計營收負成長且當月改善不足；當下除權息調整價未守20日EMA"
407,2547,日勝生,TWSE,建材營造,不建立部位,停止加碼／開始減碼,已有部位先停止加碼。反彈若仍未站回 10.69，分批降低部位；只有站回且ETF／外資賣壓收斂後才重新評估。,50.1,85,10.25,,141.99,43.61,21.82,75.59,87.59,0.06,73.21,0.74,7.8,1,0,-26,-56,-56,3379,0,1919.204,5567.630999999999,4928.195,10187.594,0,-56.384,419.616,3849.616,0,2,-577936,132.964,153.58800000000002,13.44,1623,4627,-1583,,1919.568,5491.051,4354.991,6173.011,37.28,22.89,14.73,39.2,true,false,-3.07,0.99,"單日成交金額低於5,000萬元；中期趨勢仍向下；ETF短中期同步減碼；20日趨勢尚未上彎；當下除權息調整價未守20日EMA"
408,2535,達欣工,TWSE,建材營造,不建立部位,暫停加碼／跌破減碼,已有部位暫停加碼；若收盤跌破60日EMA約 85.18，且下一交易日仍未收復，先減碼三分之一；若ETF或外資繼續轉弱，再分批降低部位。,50,100,86.3,,19.94,22.31,10.61,67.39,168.08,2.88,10.35,2.27,5.33,1,0,0,0,7,6,0,53.716,-29.732,3.1989999999999874,-466.50800000000004,1,3,10,8,3,0,258900,40.415000000000006,46.739000000000004,7.15,92,-144,-233,,48.403,-73.147,-53.540000000000006,-457.65,43.89,37.71,40.13,32.86,false,true,-1.86,-2.27,"單日成交金額低於5,000萬元；外資持股5/10日下降，且外資5日賣超；20日趨勢尚未上彎；當下除權息調整價未守20日EMA"
409,2373,震旦行,TWSE,其他電子業,不建立部位,暫停加碼／跌破減碼,已有部位暫停加碼；若收盤跌破60日EMA約 55.81，且下一交易日仍未收復，先減碼三分之一；若ETF或外資繼續轉弱，再分批降低部位。,49.7,100,54,,4.91,-2.47,4.67,52.68,186.73,0.72,13.85,1.72,6.85,1,0,0,0,0,0,0,65.1,85.1,83.04299999999999,112.043,0,0,0,0,0,0,0,6,9,1.41,64,86,147,,63.1,79.1,74.04299999999999,100.043,39.75,25.31,25.26,25.4,true,false,-1.07,1.31,"單日成交金額低於5,000萬元；累計營收負成長且當月改善不足；中期趨勢仍向下；20日趨勢尚未上彎；當下除權息調整價未守20日EMA"
410,2397,友通,TWSE,電腦及週邊設備業,不建立部位,暫停加碼／跌破減碼,已有部位暫停加碼；若收盤跌破60日EMA約 59.09，且下一交易日仍未收復，先減碼三分之一；若ETF或外資繼續轉弱，再分批降低部位。,49.5,100,54,,31.37,25.65,5.57,58.1,145.39,0.76,23.28,1.91,4.54,1,0,0,0,0,0,0,-133,77.48199999999999,693.6809999999999,1657.681,0,0,0,0,0,0,0,4,7,14.19,-74,77,846,,-134,73.48199999999999,686.6809999999999,1658.681,36.89,40.77,50.92,20.46,false,true,-6.74,-8.94,"單日成交金額低於5,000萬元；中期趨勢仍向下；20日趨勢尚未上彎；當下除權息調整價未守20日EMA"
411,3090,日電貿,TWSE,電子零組件業,不建立部位,優先出脫,已有部位應優先降低曝險；目前觸發「價格跌破60日EMA且20日趨勢向下」。待事件解除或基本面重新確認後再評估。,49.4,100,126.5,,32.37,22.69,13.32,29.72,147.32,1.7,26.35,2.06,3.79,7,0,8,130,514,517,0,-379.378,274.865,2910.4469999999997,1112.268,-442,-1177,-6877,-14904,0,5,-148890500,16.741999999999997,33.219999999999985,14.63,374,1987,15246,,57.335,1435.123,9754.226999999999,16232.163999999999,22.98,4.28,7.08,-1.32,false,true,-38.45,-30.87,處置或交易限制風險；中期趨勢仍向下；投信5/10日持續且具金額意義的賣超；20日趨勢尚未上彎；當下除權息調整價未守20日EMA
412,6790,永豐實,TWSE,造紙工業,不建立部位,暫停加碼／跌破減碼,已有部位暫停加碼；若收盤跌破60日EMA約 39.57，且下一交易日仍未收復，先減碼三分之一；若ETF或外資繼續轉弱，再分批降低部位。,49.2,100,39.05,,-4.83,-1.24,9.89,43.5,207.33,0.83,12.72,1.71,6.79,1,0,2,2,44,44,0,152.7,319.20799999999997,598.51,298.7009999999999,0,2,124,124,1,0,78100,13,18,1.95,156,301,507,,151.7,304.20799999999997,456.51,125.70099999999991,45.59,64.4,51.13,90.94,false,false,-0.49,1.43,"單日成交金額低於5,000萬元；累計營收負成長且當月改善不足；中期趨勢仍向下；20日趨勢尚未上彎；當下除權息調整價未守20日EMA"
413,9930,中聯資源,TWSE,綠能環保,不建立部位,暫停加碼／跌破減碼,已有部位暫停加碼；若收盤跌破60日EMA約 66.37，且下一交易日仍未收復，先減碼三分之一；若ETF或外資繼續轉弱，再分批降低部位。,49.2,100,63.9,,-7.26,-6.65,10.6,38.06,133.9,1.1,13.51,2.3,6.26,2,0,2,2,23,21,0,126.396,286.396,472.293,580.576,0,2,23,21,1,0,127800,23,5.696999999999999,2.09,123,251,782,,123.396,261.396,443.596,550.879,43.86,65.71,57.16,82.81,false,false,-0.44,1.75,"單日成交金額低於5,000萬元；累計營收負成長且當月改善不足；中期趨勢仍向下；20日趨勢尚未上彎；當下除權息調整價未守20日EMA"
414,2504,國產,TWSE,建材營造,不建立部位,優先出脫,已有部位應優先降低曝險；目前觸發「價格跌破60日EMA且20日趨勢向下」。待事件解除或基本面重新確認後再評估。,48.9,100,31.55,,-18.57,-8.83,21.85,38.45,131.85,0.7,9.59,1.32,8.24,8,552,525,526,504,-3135,0,831.116,2947.4109999999996,2597.0789999999997,-2863.657,562,546.623,538.623,-3108.3770000000004,3,2,17245956,79.562,-74.525,6.23,279,3360,3953,,212.116,2321.226,2132.981,168.15800000000013,43.88,49.38,52.27,43.59,false,true,-1.17,1.12,營收動能同步衰退；累計營收負成長且當月改善不足；中期趨勢仍向下；20日趨勢尚未上彎；當下除權息調整價未守20日EMA
415,2423,固緯,TWSE,其他電子業,不建立部位,暫停加碼／跌破減碼,已有部位暫停加碼；若收盤跌破60日EMA約 72.46，且下一交易日仍未收復，先減碼三分之一；若ETF或外資繼續轉弱，再分批降低部位。,48.4,85,66.5,,26.66,23.96,25.97,29.35,257.46,1.3,18.68,3.43,3.76,1,0,0,0,45,45,0,55.5,-10.669000000000004,236.54899999999998,110.94899999999998,0,0,45,45,0,0,0,31,29.939,5.05,81,-2,194,,54.5,-41.669,161.61,42.676000000000016,34.32,13.13,18.92,1.53,false,false,-11.21,-11.1,"單日成交金額低於5,000萬元；中期趨勢仍向下；20日趨勢尚未上彎；當下除權息調整價未守20日EMA"
416,1444,力麗,TWSE,紡織纖維,不建立部位,停止加碼／開始減碼,已有部位先停止加碼。反彈若仍未站回 7.96，分批降低部位；只有站回且ETF／外資賣壓收斂後才重新評估。,48.2,85,7.21,,25.55,24.23,-0.66,45.64,86.07,0.07,,0.73,,1,0,36,533,2238,2238,0,672.747,621.7339999999999,-988.648,186.57899999999972,0,533,2238,2238,3,0,3842930,266,261.901,5.34,576,-177,-2985,,575.747,-177.26600000000008,-3488.549,-2265.4209999999994,38.24,11.21,16.45,0.73,false,false,-9.41,-10.43,"單日成交金額低於5,000萬元；中期趨勢仍向下；外資持股5/10日下降，且外資5日賣超；20日趨勢尚未上彎；當下除權息調整價未守20日EMA；單季稅前獲利對營業外貢獻依賴偏高"
417,6281,全國電,TWSE,電子通路業,不建立部位,暫停加碼／跌破減碼,已有部位暫停加碼；若收盤跌破60日EMA約 52.04，且下一交易日仍未收復，先減碼三分之一；若ETF或外資繼續轉弱，再分批降低部位。,48.1,100,52,,-0.86,-1.6,3.12,73.4,127.06,1.13,13.94,1.93,6.35,1,0,0,0,0,0,0,29.7,99.3,199.805,320.805,0,0,0,0,0,0,0,8,10,2.69,29,91,127,,28.7,91.3,189.805,308.805,54.84,51.74,51.67,51.88,false,false,0.68,1.36,"單日成交金額低於5,000萬元；累計營收負成長且當月改善不足"
418,8213,志超,TWSE,電子零組件業,不建立部位,停止加碼／開始減碼,已有部位先停止加碼。反彈若仍未站回 34.81，分批降低部位；只有站回且ETF／外資賣壓收斂後才重新評估。,47.9,100,28.9,,26.05,10.64,2.32,48.99,172.88,0.3,14.97,0.47,3.94,1,0,0,0,0,0,0,-588.079,-1608.184,-2246.339,-4267.0869999999995,0,0,0,0,0,0,0,88.099,78.943,21,-395,-1293,-3549,,-610.3,-1696.283,-2325.282,-4330.26,25.44,13.57,16.87,6.98,false,true,-11.46,-10.39,"單日成交金額低於5,000萬元；中期趨勢仍向下；外資持股5/10日下降，且外資5日賣超；20日趨勢尚未上彎；當下除權息調整價未守20日EMA"
419,2387,精元,TWSE,電腦及週邊設備業,不建立部位,優先出脫,已有部位應優先降低曝險；目前觸發「價格跌破60日EMA且20日趨勢向下」。待事件解除或基本面重新確認後再評估。,47.7,100,37.6,,-17.57,-9.89,2.13,44.48,180.59,0.49,13.19,0.71,10.64,3,0,-8,132,127,1199,0,-233.953,-297.16700000000003,-585.25,-86.346,0,132.46800000000002,127.01300000000002,1199.013,1,1,4980797,57.936,29.907999999999998,9.19,-116,-241,-1035,,-245.58,-487.571,-742.171,-1330.171,36.16,38.29,41.04,32.79,false,true,-3.31,-2.84,"單日成交金額低於5,000萬元；營收動能同步衰退；累計營收負成長且當月改善不足；中期趨勢仍向下；外資持股5/10日下降，且外資5日賣超；20日趨勢尚未上彎；當下除權息調整價未守20日EMA；單季稅前獲利對營業外貢獻依賴偏高"
420,2415,錩新,TWSE,電子零組件業,不建立部位,暫停加碼／跌破減碼,已有部位暫停加碼；若收盤跌破60日EMA約 31.98，且下一交易日仍未收復，先減碼三分之一；若ETF或外資繼續轉弱，再分批降低部位。,47.6,85,29.9,,9.2,10.25,11.14,69.2,133.88,0.35,15.57,1.52,5.32,1,0,4,55,231,231,0,92.195,129.737,84.64,772.963,0,55,231,231,3,0,1644500,28.362,19.166999999999994,21.23,97,138,-238,,91.854,46.375,-165.527,508.24299999999994,35.73,18.56,24.54,6.61,false,true,-11.01,-14.57,"單日成交金額低於5,000萬元；中期趨勢仍向下；20日趨勢尚未上彎；當下除權息調整價未守20日EMA"
421,2477,美隆電,TWSE,其他電子業,不建立部位,優先出脫,已有部位應優先降低曝險；目前觸發「價格跌破60日EMA且20日趨勢向下」。待事件解除或基本面重新確認後再評估。,47.4,85,21.2,,-15.09,-7.77,1.55,48.26,226.32,0.11,13.09,0.82,6.6,1,0,-4,38,38,452,0,35.8,89.85400000000001,189.709,127.709,0,38.054,38.054,452.054,1,1,806745,5,6,23.77,36,468,432,,35.8,46.8,145.655,-328.345,45.46,64.43,59.87,73.56,false,false,-0.95,0.24,"單日成交金額低於5,000萬元；營收動能同步衰退；累計營收負成長且當月改善不足；中期趨勢仍向下；20日趨勢尚未上彎；當下除權息調整價未守20日EMA；單季稅前獲利對營業外貢獻依賴偏高"
422,6176,瑞儀,TWSE,光電業,不建立部位,優先出脫,已有部位應優先降低曝險；目前觸發「價格跌破60日EMA且20日趨勢向下」。待事件解除或基本面重新確認後再評估。,47.2,100,83.9,,-15.03,-5.98,11.95,49.96,165.92,2.29,8.95,1.07,4.17,7,0,4,4,-75,-7054,0,1131.033,2165.335,1935.4309999999991,7365.814999999999,0,4,-154.469,-7134.469,1,0,335600,-115.06600000000002,56.534999999999975,35.79,664,1336,1310,,1093.962,2276.4010000000003,2033.3650000000007,14605.62,36.61,41.4,44.95,34.29,false,true,-4.15,-4,營收動能同步衰退；累計營收負成長且當月改善不足；中期趨勢仍向下；20日趨勢尚未上彎；當下除權息調整價未守20日EMA
423,3622,洋華,TWSE,光電業,不建立部位,優先出脫,已有部位應優先降低曝險；目前觸發「價格跌破60日EMA且20日趨勢向下」。待事件解除或基本面重新確認後再評估。,46.7,100,51.7,,-19.47,-3.09,21.05,14.94,617.21,1.09,8.85,1.07,6.19,1,0,0,0,-4,118,0,-116.928,-230.482,-333.49199999999996,-639.2489999999999,0,0,-3.949,119.051,0,0,0,88.384,79.021,3.72,-72,586,482,,-132.34,-318.86600000000004,-408.564,-832.5640000000001,34.47,31.65,30.86,33.23,false,false,-4.76,-2.64,"單日成交金額低於5,000萬元；營收動能同步衰退；累計營收負成長且當月改善不足；中期趨勢仍向下；20日趨勢尚未上彎；當下除權息調整價未守20日EMA；單季稅前獲利對營業外貢獻依賴偏高"
424,6743,安普新,TWSE,其他電子業,不建立部位,暫停加碼／跌破減碼,已有部位暫停加碼；若收盤跌破60日EMA約 29.50，且下一交易日仍未收復，先減碼三分之一；若ETF或外資繼續轉弱，再分批降低部位。,46.7,85,29.85,,29.71,0.77,1.93,69.09,87.9,-0.19,36.4,1.64,10.05,1,0,-3,-8,-8,490,0,9.695,71.469,127.459,476.231,0,-8.015,-8.015,488.985,0,2,-239248,53,41,3.57,19,-14,-35,,7.695,26.484,94.47400000000002,-64.75399999999996,46.85,47.84,45.84,51.84,false,false,-1.31,-0.67,"單日成交金額低於5,000萬元；ETF短中期同步減碼；20日趨勢尚未上彎；當下除權息調整價未守20日EMA"
425,4441,振大環球,TWSE,紡織纖維,不建立部位,暫停加碼／跌破減碼,已有部位暫停加碼；若收盤跌破60日EMA約 191.71，且下一交易日仍未收復，先減碼三分之一；若ETF或外資繼續轉弱，再分批降低部位。,46.5,100,173,,-3.51,10.64,17.54,28.19,286.75,4.81,12.13,1.79,6.24,1,0,0,0,0,0,0,-2.991,-29.895,24.703000000000003,60.703,0,0,0,0,0,0,0,11,17.561999999999998,1.27,-6,-49,36,,-4.991,-40.894999999999996,7.141000000000005,42.141000000000005,32.4,28.72,24.42,37.33,true,true,-4.27,-0.57,"單日成交金額低於5,000萬元；中期趨勢仍向下；20日趨勢尚未上彎；當下除權息調整價未守20日EMA"
426,3550,聯穎,TWSE,電子零組件業,不建立部位,暫停加碼／跌破減碼,已有部位暫停加碼；若收盤跌破60日EMA約 25.03，且下一交易日仍未收復，先減碼三分之一；若ETF或外資繼續轉弱，再分批降低部位。,46.5,85,19.1,,38.08,27.35,1.97,60.89,163.11,0.21,,1.23,,1,0,4,60,251,251,0,259.668,171.728,-81.73500000000001,-3541.2219999999998,0,60,251,251,3,0,1146000,18.948,23.542,8.69,248,120,511,,246.866,92.78000000000003,-356.27700000000004,-3806.2470000000003,28.52,10.66,11.9,8.16,false,true,-21.65,-16.41,"單日成交金額低於5,000萬元；中期趨勢仍向下；20日趨勢尚未上彎；當下除權息調整價未守20日EMA"
427,2492,華新科,TWSE,電子零組件業,不建立部位,優先出脫,已有部位應優先降低曝險；目前觸發「價格跌破60日EMA且20日趨勢向下」。待事件解除或基本面重新確認後再評估。,46.1,100,220.5,,25.84,14.67,7.54,38.88,156.23,1.69,42.24,2,1.13,8,10,37,885,-2456,-2023,0,-510.149,1623.644,-2407.277,-1695.181,13,18,-5577,-7679,4,1,3969000,315.2099999999999,2836.452,24.69,88,1461,1316,,87.663,1290.434,333.27099999999996,3502.1600000000003,25.76,6.68,10.02,0.01,false,true,-36.51,-26.5,處置或交易限制風險；中期趨勢仍向下；20日趨勢尚未上彎；當下除權息調整價未守20日EMA
428,6756,威鋒電子,TWSE,半導體業,不建立部位,停止加碼／開始減碼,已有部位先停止加碼。反彈若仍未站回 95.32，分批降低部位；只有站回且ETF／外資賣壓收斂後才重新評估。,46.1,100,86.3,,50.06,16.36,-12.22,24.85,205.7,0.64,56.78,2.07,1.04,1,0,0,0,0,0,0,-24.573,-75.666,-185.696,-145.761,0,0,0,0,0,0,0,11.998000000000001,12.739,2.99,-20,-67,-199,,-23.8,-87.66399999999999,-198.435,-153.435,36.13,33.72,40.8,19.57,false,true,-9.46,-9.92,"單日成交金額低於5,000萬元；中期趨勢仍向下；外資持股5/10日下降，且外資5日賣超；20日趨勢尚未上彎；當下除權息調整價未守20日EMA；單季稅前獲利對營業外貢獻依賴偏高"
429,2491,吉祥全,TWSE,光電業,不建立部位,暫停加碼／跌破減碼,已有部位暫停加碼；若收盤跌破60日EMA約 30.09，且下一交易日仍未收復，先減碼三分之一；若ETF或外資繼續轉弱，再分批降低部位。,45.2,85,23.55,,7.63,-7.13,-126.79,15.89,662.97,0.85,6.85,1.93,,1,0,3,35,147,147,0,298.4,420.59999999999997,520.8499999999999,625.7599999999999,0,35,147,147,3,0,824250,6,7,6.59,299,382,320,,299.4,379.59999999999997,366.84999999999997,467.76,25.69,6.65,9.66,0.63,false,false,-25.37,-23.54,"單日成交金額低於5,000萬元；累計營收負成長且當月改善不足；中期趨勢仍向下；20日趨勢尚未上彎；當下除權息調整價未守20日EMA；單季稅前獲利對營業外貢獻依賴偏高"
430,8476,台境*,TWSE,綠能環保,不建立部位,暫停加碼／跌破減碼,已有部位暫停加碼；若收盤跌破60日EMA約 21.06，且下一交易日仍未收復，先減碼三分之一；若ETF或外資繼續轉弱，再分批降低部位。,45.2,85,19.75,,66.05,3.11,2.34,55.74,159.3,0,47.02,1.71,1.01,1,0,5,77,321,321,0,129.9,-618.153,-743.0010000000002,-2259.4710000000005,0,77,321,321,3,0,1520750,40,41,1.12,252,130,46,,114.9,-735.153,-1105.0010000000002,-2627.4710000000005,36.68,25.82,42.4,-7.34,false,true,-12.1,-15.05,"單日成交金額低於5,000萬元；中期趨勢仍向下；20日趨勢尚未上彎；當下除權息調整價未守20日EMA"
431,1810,和成,TWSE,玻璃陶瓷,不建立部位,優先出脫,已有部位應優先降低曝險；目前觸發「外資持股5/10日下降且外資5日賣超」。待事件解除或基本面重新確認後再評估。,44.9,100,23.8,,-11.91,-8.26,-19.13,20.48,326.07,3.64,6.3,0.89,0.84,1,0,0,9,24,137,0,1967.259,-6164.4310000000005,295.5450000000001,763.4160000000002,0,8.797,23.485,136.485,1,0,209369,1189.092,1354.7540000000001,5.1,2133,-7007,-358,,1974.217,-7362.32,-1082.693999999999,-764.7469999999994,45.4,21.24,40.79,-17.86,false,false,-9.82,-30.31,營收動能同步衰退；累計營收負成長且當月改善不足；外資持股5/10日下降，且外資5日賣超；當下除權息調整價未守20日EMA；單季稅前獲利對營業外貢獻依賴偏高
432,1229,聯華,TWSE,食品工業,不建立部位,優先出脫,已有部位應優先降低曝險；目前觸發「價格跌破60日EMA且20日趨勢向下」。待事件解除或基本面重新確認後再評估。,44.3,100,40.9,,-52.01,-22.93,9.65,20.5,100.83,0.55,15.73,1.32,4.89,7,1,4,4,886,1545,0,969.107,945.6140000000001,716.8970000000002,-4032.8459999999995,13,29,903,1530,4,0,1186100,208.6,105.747,8.86,1042,2956,738,,901.393,708.0139999999999,-291.8499999999999,-5650.352,48.97,44.43,47.33,38.62,false,true,-0.42,1.74,營收動能同步衰退；累計營收負成長且當月改善不足；中期趨勢仍向下；20日趨勢尚未上彎；當下除權息調整價未守20日EMA；單季稅前獲利對營業外貢獻依賴偏高
433,6768,志強-KY,TWSE,運動休閒,不建立部位,停止加碼／開始減碼,已有部位先停止加碼。反彈若仍未站回 79.10，分批降低部位；只有站回且ETF／外資賣壓收斂後才重新評估。,44.2,100,69.5,,5.2,-4.39,6.14,35.59,256.21,1.2,13.16,0.9,7.42,2,0,0,-82,-738,-756,-82,149.889,173.37199999999999,243.54799999999994,234.3219999999999,0,-82,-644.696,-662.696,0,1,-5699000,-3.160000000000001,-9.098,57.49,230,308,1106,,149.5,258.532,897.3419999999999,922.4089999999999,35.56,37.79,34.27,44.84,false,false,-3.94,-0.43,"單日成交金額低於5,000萬元；累計營收負成長且當月改善不足；中期趨勢仍向下；ETF短中期同步減碼；主動ETF 5日轉為減碼；20日趨勢尚未上彎；當下除權息調整價未守20日EMA"
434,2474,可成,TWSE,其他電子業,不建立部位,優先出脫,已有部位應優先降低曝險；目前觸發「價格跌破60日EMA且20日趨勢向下」。待事件解除或基本面重新確認後再評估。,44.1,100,180.5,,-55.07,-31.58,6.45,36.79,147.21,2.63,17.29,0.71,5.69,24,96,489,1525,6620,13597,0,-704.956,-1469.8270000000002,-2156.215,-7946.146000000001,28,1439,6006.97,12438.970000000001,5,0,259739500,-277.687,-207.07500000000005,15.1,-120,-535,-1005,,-499.237,-2631.14,-7956.11,-20676.281,33.13,29.52,35.69,17.18,false,true,-6.05,-6.48,營收動能同步衰退；累計營收負成長且當月改善不足；中期趨勢仍向下；外資持股5/10日下降，且外資5日賣超；20日趨勢尚未上彎；當下除權息調整價未守20日EMA；單季稅前獲利對營業外貢獻依賴偏高
435,1612,宏泰,TWSE,電器電纜,不建立部位,優先出脫,已有部位應優先降低曝險；目前觸發「價格跌破60日EMA且20日趨勢向下」。待事件解除或基本面重新確認後再評估。,43.9,100,29.8,,-11.28,-1.37,14.25,17.94,333.61,0.82,9.93,1.16,8.39,2,0,2,2,88,47,0,-517.753,-1428.064,-3157.834,-8509.082,0,2,273.553,230.553,1,0,59600,13.549999999999997,-35.333,14.95,-236,-1099,-4635,,-493.615,-1443.614,-3396.054,-8417.848,21.86,23.84,23.87,23.78,false,true,-7.95,-5.1,營收動能同步衰退；累計營收負成長且當月改善不足；中期趨勢仍向下；外資持股5/10日下降，且外資5日賣超；20日趨勢尚未上彎；當下除權息調整價未守20日EMA
436,4942,嘉彰,TWSE,光電業,不建立部位,優先出脫,已有部位應優先降低曝險；目前觸發「價格跌破60日EMA且20日趨勢向下」。待事件解除或基本面重新確認後再評估。,43.4,100,34.3,,-10.88,-6.79,5.6,20.11,341.31,0.52,11.59,0.54,5.83,1,0,0,0,0,0,0,-62.628,-265.347,-425.79200000000003,-245.79200000000003,0,0,0,0,0,0,0,14.929,5.088000000000001,6.45,-61,-371,-511,,-61.276,-280.276,-430.88,-252.88,23.59,19.92,20.5,18.76,true,true,-6.99,-6.54,"單日成交金額低於5,000萬元；營收動能同步衰退；累計營收負成長且當月改善不足；中期趨勢仍向下；外資持股5/10日下降，且外資5日賣超；20日趨勢尚未上彎；當下除權息調整價未守20日EMA"
437,2247,汎德永業,TWSE,汽車工業,不建立部位,暫停加碼／跌破減碼,已有部位暫停加碼；若收盤跌破60日EMA約 228.86，且下一交易日仍未收復，先減碼三分之一；若ETF或外資繼續轉弱，再分批降低部位。,43.2,85,226,,-6.99,-26.05,2.55,41.59,264.5,2.35,14.23,1.47,6.42,2,0,-1,-3,22,155,0,97.495,110.659,194.93900000000002,302.961,0,-3.2199999999999998,21.78,155.78,0,2,-727720,1,-14.071000000000002,3.77,102,54,15,,96.495,112.879,187.23000000000002,151.252,47.4,46.62,33.66,72.53,false,false,-0.4,2.73,"單日成交金額低於5,000萬元；累計營收負成長且當月改善不足；中期趨勢仍向下；20日趨勢尚未上彎；當下除權息調整價未守20日EMA"
438,3167,大量,TWSE,電機機械,不建立部位,優先出脫,已有部位應優先降低曝險；目前觸發「價格跌破60日EMA且20日趨勢向下」。待事件解除或基本面重新確認後再評估。,42.3,100,482.5,,139.66,127.28,21.03,65.6,141.97,3.19,47.03,11.93,0.81,6,0,-61,-171,-222,-110,-149,167.57,662.365,-863.815,-119.06899999999996,-102,-1033,-1089,190,0,5,-498422500,137.181,82.113,10.71,239,1415,450,,238.57,1558.184,143.07199999999992,-292.654,24.81,4.59,10.53,-7.28,false,false,-32.01,-30.97,處置或交易限制風險；中期趨勢仍向下；ETF短中期同步減碼；主動ETF 5日轉為減碼；投信5/10日持續且具金額意義的賣超；20日趨勢尚未上彎；當下除權息調整價未守20日EMA
439,8028,昇陽半導體,TWSE,半導體業,不建立部位,優先出脫,已有部位應優先降低曝險；目前觸發「價格跌破60日EMA且20日趨勢向下」。待事件解除或基本面重新確認後再評估。,42.2,100,252,,33.62,28.4,25.5,57.58,129.28,1.61,55.75,8.33,1.07,5,0,1,1,86,233,0,-250.061,622.1439999999999,4410.360999999999,6783.661999999998,-173,-481,713,294,2,2,-121212000,-80.38,-176.873,27.45,-19,823,4636,,-26.36,1183.5240000000001,3874.2340000000004,6605.969000000001,35.78,15.45,27.23,-8.09,false,false,-16.44,-18.18,處置或交易限制風險；中期趨勢仍向下；20日趨勢尚未上彎；當下除權息調整價未守20日EMA
440,6189,豐藝,TWSE,電子通路業,不建立部位,停止加碼／開始減碼,已有部位先停止加碼。反彈若仍未站回 49.88，分批降低部位；只有站回且ETF／外資賣壓收斂後才重新評估。,42,100,45.75,,4.49,-2.48,4.6,57.46,168.57,1,17.4,1.86,5.9,3,0,0,0,-14,-17,0,-89.716,-448.45300000000003,-205.28300000000002,2093.486,0,0,10.08,6.08,0,0,0,43.649,43.134,7.29,-56,-309,-61,,-127.4,-492.102,-258.49699999999996,1993.975,34.32,33.69,38.35,24.39,false,true,-6.77,-7.2,"單日成交金額低於5,000萬元；累計營收負成長且當月改善不足；中期趨勢仍向下；外資持股5/10日下降，且外資5日賣超；20日趨勢尚未上彎；當下除權息調整價未守20日EMA"
441,2540,愛山林,TWSE,建材營造,不建立部位,優先出脫,已有部位應優先降低曝險；目前觸發「單月與累計營收同步明顯衰退」。待事件解除或基本面重新確認後再評估。,41.8,100,57.8,,-49.07,-44.16,0.97,73.69,138.77,-0.01,96.33,3.33,10.38,1,0,0,0,0,0,0,1610.39,2837.013,3910.933,4819.817,0,0,0,0,0,0,0,875,863,1.86,928,1335,2999,,1007.39,1962.013,3047.933,3996.817,71.1,69.32,58.87,90.21,true,false,6.56,7.64,營收動能同步衰退；累計營收負成長且當月改善不足；估值高且成長不足以支撐
442,2243,宏旭-KY,TWSE,汽車工業,不建立部位,暫停加碼／跌破減碼,已有部位暫停加碼；若收盤跌破60日EMA約 42.48，且下一交易日仍未收復，先減碼三分之一；若ETF或外資繼續轉弱，再分批降低部位。,41.4,100,44.25,,-40.08,31.45,7.78,72.47,125.51,0.66,17.77,3.45,,1,0,2,19,65,63,0,180.592,-210.483,-664.362,-1835.175,0,19,65,63,3,0,840750,15.365000000000002,12.365000000000002,29.04,187,-233,-1179,,184.592,-244.848,-741.7269999999999,-1904.54,40.42,21.13,31.44,0.5,false,true,-12.22,-15.23,"單日成交金額低於5,000萬元；外資持股5/10日下降，且外資5日賣超；20日趨勢尚未上彎；當下除權息調整價未守20日EMA"
443,6592,和潤企業,TWSE,其他,不建立部位,停止加碼／開始減碼,已有部位先停止加碼。反彈若仍未站回 60.81，分批降低部位；只有站回且ETF／外資賣壓收斂後才重新評估。,41.4,100,60.1,,-6.2,-4.3,19.17,87.19,105.79,0.76,12.22,1.17,5.49,2,0,-9,-9,-317,-662,0,-68.281,202.32399999999998,753.198,350.74599999999987,0,-9.429,-317.429,-661.739,0,1,-566683,-15.4,-11.882000000000001,22.89,-32,175,6799,,-60.19,227.15300000000002,1082.509,1015.509,45.87,38.83,43.97,28.56,false,true,-0.88,-0.66,"單日成交金額低於5,000萬元；累計營收負成長且當月改善不足；中期趨勢仍向下；ETF短中期同步減碼；20日趨勢尚未上彎；當下除權息調整價未守20日EMA"
444,3026,禾伸堂,TWSE,電子零組件業,不建立部位,優先出脫,已有部位應優先降低曝險；目前觸發「價格跌破60日EMA且20日趨勢向下」。待事件解除或基本面重新確認後再評估。,40.3,100,474.5,,33.9,15.61,13.36,39.01,204.01,2.86,61.15,8.13,1.22,15,0,1,71,956,5179,-8,390.408,173.12200000000013,7642.028,10283.157,2,-602,-1131.5,7951.5,3,2,-285649000,-74.738,-406.23,18.96,363,-188,8724,,361.552,849.86,9179.758,3400.8139999999985,32.07,3.89,8.43,-5.18,false,false,-32.45,-28.43,處置或交易限制風險；中期趨勢仍向下；主動ETF 5日轉為減碼；20日趨勢尚未上彎；當下除權息調整價未守20日EMA
445,3015,全漢,TWSE,電子零組件業,不建立部位,優先出脫,已有部位應優先降低曝險；目前觸發「價格跌破60日EMA且20日趨勢向下」。待事件解除或基本面重新確認後再評估。,40.1,100,50.8,,-14.01,-6.48,0.87,32.83,195.35,0.37,25.02,0.81,4.33,5,8,14,95,368,389,0,-171.039,-451.4789999999999,-2007.6109999999999,333.10000000000036,8,95,368.326,389.326,4,0,4826000,-18.637999999999998,-48.306,9.52,-94,644,-1703,,-174.752,-527.841,-2327.631,-37.71900000000005,34.54,13.2,14.77,10.04,true,true,-11.97,-11.03,營收動能同步衰退；累計營收負成長且當月改善不足；中期趨勢仍向下；20日趨勢尚未上彎；當下除權息調整價未守20日EMA；單季稅前獲利對營業外貢獻依賴偏高
446,8033,雷虎,TWSE,其他,不建立部位,優先出脫,已有部位應優先降低曝險；目前觸發「外資持股5/10日下降且外資5日賣超」。待事件解除或基本面重新確認後再評估。,38.6,85,157,,19.63,9.67,-0.7,45.47,219,0.34,234.33,12.42,,1,0,6,97,408,408,0,325.201,-1501.484,-3237.3450000000003,11427.368999999999,0,97,408,408,3,0,15229000,-14.27,-198.89199999999997,13.78,311,-2247,-3797,,331.144,-1584.2140000000004,-3446.4530000000004,11818.260999999999,37.37,6.8,15.6,-10.82,false,false,-19.48,-20.1,處置或交易限制風險；外資持股5/10日下降，且外資5日賣超；當下除權息調整價未守20日EMA；估值高且成長不足以支撐；單季稅前獲利對營業外貢獻依賴偏高
447,6230,尼得科超眾,TWSE,電腦及週邊設備業,不建立部位,停止加碼／開始減碼,已有部位先停止加碼。反彈若仍未站回 128.58，分批降低部位；只有站回且ETF／外資賣壓收斂後才重新評估。,38,100,112,,-3.16,9.01,0.75,44.13,216.93,-0.91,,1.67,,1,0,0,0,0,0,0,2.514,-25.603,-39.664,-11.757999999999996,0,0,0,0,0,0,0,0.49699999999999994,-1.0030000000000001,86.98,0,-18,-12,,1.5,-26.1,-38.661,-13.646,36.35,36.93,37.16,36.47,false,true,-5.41,-2.18,"單日成交金額低於5,000萬元；中期趨勢仍向下；外資持股5/10日下降，且外資5日賣超；20日趨勢尚未上彎；當下除權息調整價未守20日EMA"
448,8215,明基材,TWSE,光電業,不建立部位,停止加碼／開始減碼,已有部位先停止加碼。反彈若仍未站回 27.00，分批降低部位；只有站回且ETF／外資賣壓收斂後才重新評估。,36.7,100,21.7,,13.05,5.47,-5.26,68.2,104.63,-0.64,,1.42,1.38,1,3,4,2,-1,-41,0,-216.124,-710.012,-1276.7140000000002,-2764.9400000000005,3,2,-1,-41,2,1,43400,-14.314,-33.117000000000004,1.44,-48,-361,-2180,,-217.4,-697.6980000000001,-1242.5970000000002,-2632.597,26.94,11.29,13.54,6.8,false,false,-15.79,-13.55,"單日成交金額低於5,000萬元；中期趨勢仍向下；外資持股5/10日下降，且外資5日賣超；20日趨勢尚未上彎；當下除權息調整價未守20日EMA"
449,9933,中鼎,TWSE,其他,不建立部位,優先出脫,已有部位應優先降低曝險；目前觸發「價格跌破60日EMA且20日趨勢向下」。待事件解除或基本面重新確認後再評估。,33.4,100,36.3,,-16.64,-18.79,9.67,81.57,102.9,1,8.58,1.57,2.75,3,3,0,-2,-452,-516,0,-1454.021,-1129.707,2286.625,2677.532,10.5,12.700000000000001,-440.586,-507.586,2,2,461010,173.11,124.712,18.65,-1533,-1129,871,,-1631.978,-1315.517,2602.4990000000003,2909.201,27.92,35.85,42.57,22.42,false,true,-9.21,-9.59,營收動能同步衰退；累計營收負成長且當月改善不足；中期趨勢仍向下；ETF短中期同步減碼；20日趨勢尚未上彎；當下除權息調整價未守20日EMA
450,1519,華城,TWSE,電機機械,不建立部位,優先出脫,已有部位應優先降低曝險；目前觸發「價格跌破60日EMA且20日趨勢向下」。待事件解除或基本面重新確認後再評估。,31.8,100,668,,-25.78,-2.69,21.2,71.74,144.13,3.29,45.91,25.61,1.8,11,-1,-1,-1,-23,-332,-1,269.798,561.047,1179.824,-1274.173,1,3.229,-32.79,-893.79,2,0,2156972,-41.56399999999999,-87.02599999999998,18.46,-25,361,566,,284.514,599.382,1299.6399999999999,-133.9680000000003,37.39,47.57,50.77,41.16,false,true,-6.45,-5.25,營收動能同步衰退；累計營收負成長且當月改善不足；中期趨勢仍向下；ETF短中期同步減碼；ETF 1/3日已轉為減碼；主動ETF 5日轉為減碼；20日趨勢尚未上彎；當下除權息調整價未守20日EMA
451,6706,惠特,TWSE,光電業,不建立部位,優先出脫,已有部位應優先降低曝險；目前觸發「價格跌破60日EMA且20日趨勢向下」。待事件解除或基本面重新確認後再評估。,29.8,100,94.1,,-26.07,-49.65,-77.09,51.32,219.71,-0.96,,1.96,,1,0,0,0,0,0,0,102.361,-215.654,716.9019999999999,1296.4789999999998,0,0,0,0,0,0,0,-59.88099999999997,-263.223,7.28,-76,-140,1675,,169.3,-155.77300000000002,980.125,1710.578,24.86,13.63,17.42,6.04,false,true,-22.74,-19.23,營收動能同步衰退；累計營收負成長且當月改善不足；中期趨勢仍向下；20日趨勢尚未上彎；當下除權息調整價未守20日EMA
452,3062,建漢,TWSE,通信網路業,不建立部位,優先出脫,已有部位應優先降低曝險；目前觸發「價格跌破60日EMA且20日趨勢向下」。待事件解除或基本面重新確認後再評估。,29.3,100,18.9,,-34.39,-1.86,-14.02,34.5,174.14,-0.54,,1.5,,1,0,0,0,0,0,0,2.988,-313.55499999999995,-1127.722,-4989.933,0,0,0,0,0,0,0,-96.088,-205.102,9.59,175,352,-612,,19.333,-217.46699999999998,-922.62,-4532.17,20.23,12.21,14.78,7.06,false,false,-14.68,-12.5,營收動能同步衰退；累計營收負成長且當月改善不足；中期趨勢仍向下；20日趨勢尚未上彎；當下除權息調整價未守20日EMA
453,1314,中石化,TWSE,塑膠工業,不建立部位,優先出脫,已有部位應優先降低曝險；目前觸發「價格跌破60日EMA且20日趨勢向下」。待事件解除或基本面重新確認後再評估。,29,100,7.51,,-29.27,-30.03,-15.82,40.44,153.87,-0.07,,0.37,,1,0,0,0,0,0,0,-3488.89,-26004.132,-37643.451,-40922.364,0,0,0,0,0,0,0,-645.538,-313.683,9.92,-2956,-3811,-116292,,-3605.894,-25358.594,-37329.768000000004,-40678.38500000001,34.9,6.78,9.47,1.39,false,false,-10.36,-10.81,營收動能同步衰退；累計營收負成長且當月改善不足；中期趨勢仍向下；外資持股5/10日下降，且外資5日賣超；20日趨勢尚未上彎；當下除權息調整價未守20日EMA
454,5292,華懋,TWSE,綠能環保,不建立部位,停止加碼／開始減碼,已有部位先停止加碼。反彈若仍未站回 188.73，分批降低部位；只有站回且ETF／外資賣壓收斂後才重新評估。,28.9,100,155.5,,-8.28,-7.9,20.2,58.06,157.89,2.58,15.38,3.62,4.18,1,0,0,-5,-43,-40,0,17.973,-31.5,-176.96800000000002,-1153.488,0,-5,-43,-44,0,1,-777500,-5.3999999999999995,-7.7219999999999995,4.23,23,-10,-1036,,18.8,-21.1,-126.24599999999998,-1056.246,27.59,19.59,20.71,17.35,false,true,-11.46,-9.06,"單日成交金額低於5,000萬元；累計營收負成長且當月改善不足；中期趨勢仍向下；ETF短中期同步減碼；外資持股5/10日下降，且外資5日賣超；20日趨勢尚未上彎；當下除權息調整價未守20日EMA"
455,6456,GIS-KY,TWSE,光電業,不建立部位,優先出脫,已有部位應優先降低曝險；目前觸發「價格跌破60日EMA且20日趨勢向下」。待事件解除或基本面重新確認後再評估。,28.1,100,53.3,,-48.22,-22.34,-2,53.6,221.7,-0.61,,0.59,,1,0,0,0,0,0,0,285.952,-1733.2349999999997,11.876000000000232,-1282.3959999999997,0,0,0,0,0,0,0,-307.602,-350.496,44.32,261,-789,2171,,350.695,-1425.633,362.37199999999996,-995.125,32.44,16.09,25.1,-1.91,false,false,-18.47,-22.42,營收動能同步衰退；累計營收負成長且當月改善不足；中期趨勢仍向下；20日趨勢尚未上彎；當下除權息調整價未守20日EMA