排名,代號,名稱,市場,產業,新部位建議,既有部位狀態,持有判斷模式,今天動作,下一次確認,既有部位說明,主要原因,短期時機分數,中期研究分數,長期初篩分數,長期方法覆蓋率%,資料健康度,資料健康狀態,收盤價,即時價,營收YoY%,累計營收YoY%,營益率%,負債比%,流動比率%,EPS,本益比,股價淨值比,殖利率%,ETF家數,ETF_1日增減張,ETF_3日增減張,ETF_5日增減張,ETF_10日增減張,ETF_20日增減張,主動ETF_5日增減張,法人1日張,法人5日張,法人10日張,法人20日張,投信買賣超1日張,投信買賣超5日張,投信買賣超10日張,投信買賣超20日張,投信5日買超天數,投信5日賣超天數,投信5日估算金額,自營商買賣超5日張,自營商買賣超10日張,外資持股比率%,外資持股1日增減張,外資持股5日增減張,外資持股10日增減張,外資持股20日增減張,外資買賣超1日張,外資買賣超5日張,外資買賣超10日張,外資買賣超20日張,RSI14,KD-K,KD-D,KD-J,KD近3日黃金交叉,KD近3日死亡交叉,距20EMA%,5日報酬%,淘汰原因
1,6670,復盛應用,TWSE,運動休閒,可開始承接,符合加碼條件,add,只在回測承接區且法人未轉弱時分2–3批,回測時與每個交易日收盤後,已有部位可續抱；回測20日EMA約 272.86 且ETF、外資與投信未轉弱時，才考慮下一批。,未觸發明確減碼訊號,72,75.7,67.6,85,100,完整,273,273,45.02,14.88,15.25,40.17,200.45,13.1,11.15,2.45,5.86,6,0,49,109,131,283,0,93.728,86.27799999999999,81.39,378.30199999999996,0,108.39,116.78,268.51699999999994,4,0,29590470,-83.64,-134.757,25,79,117,195,,93.728,61.52799999999999,99.36699999999999,332.46,51.18,45.29,36.96,61.96,true,false,0.05,-0.91,ETF加碼金額或跨基金共識尚未同時成立
2,6505,台塑化,TWSE,油電燃氣業,可開始承接,符合加碼條件,add,只在回測承接區且法人未轉弱時分2–3批,回測時與每個交易日收盤後,已有部位可續抱；回測20日EMA約 83.63 且ETF、外資與投信未轉弱時，才考慮下一批。,未觸發明確減碼訊號,79.9,72.8,67.3,85,100,完整,94.3,91.1,50.29,16.72,13.74,16.6,520.61,4.32,16.37,1.85,1.27,11,1270,1676,1784,5623,8598,1622,16559.825,23553.64,21442.883,18072.126,8088,10414.958999999999,18280.498,31200.391,5,0,982130634,69.30399999999999,91.97300000000001,6.86,8561,12508,2978,,8411.155,13069.377,3070.411999999997,-14247.778000000008,71.7,77.13,70.18,91.03,false,false,12.75,9.02,
3,2347,聯強,TWSE,電子通路業,可開始承接,符合加碼條件,add,只在回測承接區且法人未轉弱時分2–3批,回測時與每個交易日收盤後,已有部位可續抱；回測20日EMA約 90.39 且ETF、外資與投信未轉弱時，才考慮下一批。,未觸發明確減碼訊號,75.1,72.7,54.7,85,100,可用,94.5,99,122.02,89.66,2.49,70.33,142.57,4.12,12.93,1.82,4.44,23,61,582,761,1622,4559,26,467.615,3781.03,5888.708000000001,10071.588000000002,14.6,592.639,1475.072,3268.4739999999997,4,1,56004386,89.69400000000002,361.283,30.07,329,3024,4020,,347.231,3098.6969999999997,4052.3529999999996,6644.112,67.76,74.52,77.42,68.73,true,true,4.54,4.07,ETF加碼金額或跨基金共識尚未同時成立
4,3014,聯陽,TWSE,半導體業,可開始承接,符合加碼條件,add,只在回測承接區且法人未轉弱時分2–3批,回測時與每個交易日收盤後,已有部位可續抱；回測20日EMA約 135.54 且ETF、外資與投信未轉弱時，才考慮下一批。,未觸發明確減碼訊號,69.6,68.1,67.1,85,100,可用,143.5,144,5.33,0.16,28.48,33.51,218.05,5.88,14.49,3.24,5.92,11,13,-19,169,249,349,0,622.208,462.352,2026.1339999999998,1076.713,16.48,173.204,252.85600000000005,353.34,4,1,24854774,33.599000000000004,48.57900000000001,20.12,706,472,1796,,596.27,255.54899999999975,1724.6989999999996,720.9819999999997,68.73,83.59,78.7,93.38,false,false,5.88,5.9,ETF加碼金額或跨基金共識尚未同時成立
5,2449,京元電子,TWSE,半導體業,可開始承接,符合加碼條件,add,只在回測承接區且法人未轉弱時分2–3批,回測時與每個交易日收盤後,已有部位可續抱；回測20日EMA約 279.98 且ETF、外資與投信未轉弱時，才考慮下一批。,未觸發明確減碼訊號,74.6,67.6,48.1,85,100,可用,294.5,300,31.58,35.53,26.25,51.32,147.28,3.91,38.6,5.75,0.51,35,77,-205,1889,1276,5592,1121,-13181.399,10519.907,40318.704999999994,12509.91499999999,1,7198.803,6782.378,14584.719,3,2,2120047484,593.6840000000002,4057.6210000000005,29.78,-12118,667,28690,,-12634.181,2727.42,29478.70600000001,-4706.560999999994,57.75,65.35,66.12,63.8,false,true,5.19,1.03,
6,4961,天鈺,TWSE,半導體業,可開始承接,符合加碼條件,add,只在回測承接區且法人未轉弱時分2–3批,回測時與每個交易日收盤後,已有部位可續抱；回測20日EMA約 176.24 且ETF、外資與投信未轉弱時，才考慮下一批。,未觸發明確減碼訊號,69.3,67.2,67.1,85,100,完整,184.5,182.5,50.15,10.63,7.97,20.7,391.38,5.07,20.73,1.28,4.18,4,-2,16,16,16,15,0,201.83,811.035,3170.084,4743.099000000001,-2,16,16,15,1,2,2952000,-2.4610000000000007,98.138,25.55,166,519,2461,,186.771,797.496,3055.946,4567.896,64.22,71.32,72.88,68.18,false,false,4.69,0.54,ETF加碼金額或跨基金共識尚未同時成立
7,3006,晶豪科,TWSE,半導體業,等待確認,保護持有,protect,今天不新增部位；未完成確認前不機械式賣出,今天收盤後；若跌破，再看下一交易日是否收復,已有部位暫停加碼；若收盤跌破60日EMA約 258.67，且下一交易日仍未收復，先減碼三分之一；若ETF或外資繼續轉弱，再分批降低部位。,外資持股5/10日下降且外資5日賣超,77.1,84.5,75.4,85,100,可用,285,292.5,605.24,324.38,44.44,36.84,267.13,27.58,8.99,4.27,0.35,8,20,-1,19,532,707,0,3273.493,-7034.995,-7585.95,-11911.039,20,21,529,749,3,1,5985000,109.46999999999997,333.7269999999999,38.98,2722,-7165,-7133,,2900.127,-7165.465,-8448.677000000001,-13382.494000000002,53.96,44.05,38.05,56.05,true,false,2.07,-2.06,外資持股5/10日下降，且外資5日賣超；ETF加碼金額或跨基金共識尚未同時成立
8,8299,群聯,TPEX,半導體業,等待確認,正常持有,standard,今天不下單,每個交易日收盤後，檢查趨勢與法人籌碼,"已有部位可續抱觀察，但暫不追價；若收盤跌破60日EMA約 2,070.30 且法人籌碼轉弱，先減碼三分之一。",未觸發明確減碼訊號,68.8,79.7,73.1,85,100,可用,2115,2145,376.52,278.99,37.86,47.31,257.91,187.43,9.69,4.58,1.1,19,1,-12,-22,353,-556,-20,-7.581,-7.581,-7.581,-7.581,1.33,1.33,1.33,1.33,1,0,2812950,36.512,36.512,44.18,,,,,-45.423,-45.423,-45.423,-45.423,53.19,57.71,58.83,55.45,false,true,1.55,-1.17,主動ETF 5日轉為減碼；外資持股尚未完成5／10日可比核對或期間有非市場異動；此項不給分，不解讀為轉弱
9,6206,飛捷,TWSE,電腦及週邊設備業,等待確認,正常持有,standard,今天不下單,每個交易日收盤後，檢查趨勢與法人籌碼,已有部位可續抱觀察，但暫不追價；若收盤跌破60日EMA約 136.24 且法人籌碼轉弱，先減碼三分之一。,未觸發明確減碼訊號,74.1,78.7,78.8,85,100,完整,143,143,62.18,30.08,29.65,29.6,275.95,5.93,15.8,3.9,3.85,7,-2,-5,-5,22,294,0,469.17,902.5360000000001,782.242,1666.9270000000001,-2,-4.5760000000000005,22.055999999999997,551.044,0,2,-654368,99.80599999999998,175.49699999999999,20.19,281,663,524,,387.844,807.306,584.6890000000001,1066.5149999999999,55.98,67.83,65.96,71.56,true,true,2.75,3.25,20日累積後5日轉為調節；ETF 1/3日已轉為減碼
10,2408,南亞科,TWSE,半導體業,等待確認,保護持有,protect,今天不新增部位；未完成確認前不機械式賣出,今天收盤後；若跌破，再看下一交易日是否收復,已有部位暫停加碼；若收盤跌破60日EMA約 469.37，且下一交易日仍未收復，先減碼三分之一；若ETF或外資繼續轉弱，再分批降低部位。,投信5/10日持續且具金額意義地賣超,66.6,78.5,82,85,100,可用,506,515,560.85,638.19,69.08,16.78,691.01,23.38,19.64,5.41,0.27,38,70,1,96,4970,2839,-154,1588.706,-19490.944,5516.255999999999,-40341.437999999995,-898,-3607.213,-3317.639,-9122.252,0,5,-1825249778,-841.376,19.019999999999982,16.41,1396,-11725,12084,,2281.592,-15042.355000000003,8814.874999999995,-27459.555000000008,51.63,58.47,54.18,67.04,false,false,0.65,-3.62,主動ETF 5日轉為減碼；投信5/10日持續且具金額意義的賣超；20日趨勢尚未上彎；ETF加碼金額或跨基金共識尚未同時成立；借券賣出與借券賣出餘額壓力升高
11,2027,大成鋼,TWSE,鋼鐵工業,等待確認,正常持有,standard,今天不下單,每個交易日收盤後，檢查趨勢與法人籌碼,已有部位可續抱觀察，但暫不追價；若收盤跌破60日EMA約 46.14 且法人籌碼轉弱，先減碼三分之一。,未觸發明確減碼訊號,75,77.7,71.6,85,100,完整,47.15,47.4,46.09,34.23,19.7,43.68,295.53,3.1,9.3,1.39,3.18,11,66,1785,1724,5812,25441,459,-1822.744,2572.347,8889.619,15140.496000000003,-2,1495,5628.755,24117.755,2,3,70489250,606.082,984.671,25.33,-1371,294,2464,,-1569.57,471.2649999999999,2276.193,-9226.880000000001,48.66,58.42,48.31,78.63,false,false,-0.56,-0.42,20日趨勢尚未上彎；當下除權息調整價未守20日EMA
12,2855,統一證,TWSE,金融保險業,等待確認,正常持有,standard,今天不下單,每個交易日收盤後，檢查趨勢與法人籌碼,已有部位可續抱觀察，但暫不追價；若收盤跌破60日EMA約 49.47 且法人籌碼轉弱，先減碼三分之一。,未觸發明確減碼訊號,68.5,77.2,72,85,100,可用,55.5,55.9,109.88,217.4,,87.34,112.56,6.96,5.76,1.85,3.8,12,-13,-66,-102,4978,15917,0,-2642.273,9140.992,13478.289,20107.474,-0.6,-81.687,4991.329,16144.197,1,4,-4533628,0,0,7.28,-5957,4564,6115,,-2641.673,9222.679,8486.96,3963.2769999999978,63.72,69.37,74.43,59.26,false,true,4.4,4.13,20日累積後5日轉為調節；ETF 1/3日已轉為減碼
13,7749,意騰-KY,TWSE,半導體業,等待確認,正常持有,standard,今天不下單,每個交易日收盤後，檢查趨勢與法人籌碼,已有部位可續抱觀察，但暫不追價；若收盤跌破60日EMA約 376.01 且法人籌碼轉弱，先減碼三分之一。,未觸發明確減碼訊號,70,76.8,79.9,85,100,完整,386,393,60.5,60.27,36.17,17.76,499.02,7.57,26.69,4.85,2.33,1,10,30,30,30,36,0,36.339,127.431,-26.682,-9.461000000000006,10,30.009,30.009,36.009,3,0,11583474,6.656999999999999,0.35699999999999754,22.5,42,69,-82,,29,90.76500000000001,-57.04799999999998,-41.726999999999975,58.56,75.56,73.82,79.04,false,false,4.39,7.07,ETF加碼金額或跨基金共識尚未同時成立
14,9945,潤泰新,TWSE,其他,等待確認,正常持有,standard,今天不下單,每個交易日收盤後，檢查趨勢與法人籌碼,已有部位可續抱觀察，但暫不追價；若收盤跌破60日EMA約 27.77 且法人籌碼轉弱，先減碼三分之一。,未觸發明確減碼訊號,73.2,76.7,75.1,85,100,完整,29.05,29.2,37.99,34.41,20.1,34.7,158.5,3.7,5.08,0.51,3.79,5,0,0,10,2180,2180,0,-1505.316,3077.9030000000002,10370.439,11389.735,0,10,2170,2170,1,0,290500,56.656000000000006,1473.545,8.58,-933,4059,7370,,-1484,3011.2470000000003,6726.893999999999,7532.467999999998,55.55,68.24,68,68.71,false,false,1.27,0.35,ETF加碼金額或跨基金共識尚未同時成立；單季稅前獲利對營業外貢獻依賴偏高
15,5351,鈺創,TPEX,半導體業,等待確認,正常持有,standard,今天不下單,每個交易日收盤後，檢查趨勢與法人籌碼,已有部位可續抱觀察，但暫不追價；若收盤跌破60日EMA約 105.23 且法人籌碼轉弱，先減碼三分之一。,未觸發明確減碼訊號,69.9,75.8,67.1,85,100,可用,109.5,111,525.32,488.92,30.67,40.59,243.12,6.69,16.95,4.99,0,2,70,10,10,40,-182,0,1033.388,1033.388,1033.388,1033.388,70,70,70,70,1,0,7665000,26.398,26.398,33.33,,,,,936.99,936.99,936.99,936.99,49.24,44.92,36.94,60.87,false,false,-0.76,-3.52,外資持股尚未完成5／10日可比核對或期間有非市場異動；此項不給分，不解讀為轉弱；20日趨勢尚未上彎；ETF加碼金額或跨基金共識尚未同時成立
16,2605,新興,TWSE,航運業,等待確認,保護持有,protect,今天不新增部位；未完成確認前不機械式賣出,今天收盤後；若跌破，再看下一交易日是否收復,已有部位暫停加碼；若收盤跌破60日EMA約 34.62，且下一交易日仍未收復，先減碼三分之一；若ETF或外資繼續轉弱，再分批降低部位。,外資持股5/10日下降且外資5日賣超,60.5,75.7,82.2,85,100,完整,35.4,35.6,58.75,38.72,33.49,26.88,212.23,3.67,7.22,1.07,2.82,1,0,0,0,0,0,0,-5234.764,-4955.714,227.7829999999999,6515.541000000001,-200,-200,-356,-379,0,1,-7080000,217.62299999999993,2648.9809999999998,48.57,-4711,-5792,-2875,,-4703.867,-4973.3369999999995,-2065.198,2623.361999999999,48.17,41.38,47.62,28.9,false,true,-1.77,-1.94,外資持股5/10日下降，且外資5日賣超；當下除權息調整價未守20日EMA；單季稅前獲利對營業外貢獻依賴偏高
17,2344,華邦電,TWSE,半導體業,等待確認,保護持有,protect,今天不新增部位；未完成確認前不機械式賣出,今天收盤後；若跌破，再看下一交易日是否收復,已有部位暫停加碼；若收盤跌破60日EMA約 169.30，且下一交易日仍未收復，先減碼三分之一；若ETF或外資繼續轉弱，再分批降低部位。,外資持股5/10日下降且外資5日賣超；投信5/10日持續且具金額意義地賣超,63.3,75,66,85,100,可用,174,176.5,289.43,177.39,42.34,40.78,159.78,7.65,19.18,4.75,0.29,36,209,255,357,-610,-13356,-140,6055.992,-38347.715,-42363.35699999999,-65561.08699999998,-2002,-21785.794,-35545.68,-51349.393,0,5,-3790728156,-824.178,4279.264999999999,18.78,8701,-7943,-2904,,7390.748,-15737.743,-11096.942000000003,-15062.067000000006,50.62,59.57,51.28,76.15,false,false,0.43,-3.06,主動ETF 5日轉為減碼；投信5/10日持續且具金額意義的賣超；外資持股5/10日下降，且外資5日賣超；20日趨勢尚未上彎；借券賣出與借券賣出餘額壓力升高
18,6770,力積電,TWSE,半導體業,等待確認,正常持有,standard,今天不下單,每個交易日收盤後，檢查趨勢與法人籌碼,已有部位可續抱觀察，但暫不追價；若收盤跌破60日EMA約 69.60 且法人籌碼轉弱，先減碼三分之一。,未觸發明確減碼訊號,72.1,74.9,68.1,85,100,可用,72.3,73.6,76.19,47.08,58.03,34.6,495.94,4.08,24.1,2.64,,13,4,-11,49,4272,4153,0,15574.741,-18513.027999999995,83659.721,156128.28999999998,4,49.565,4314.5740000000005,11621.574,2,3,3583549,39.63900000000021,9709.033,16.25,14852,-25968,81150,,15263.585,-18602.232,69636.114,134814.85100000002,53.2,68.69,65.04,75.99,false,false,1.46,-2.3,ETF加碼金額或跨基金共識尚未同時成立
19,1773,勝一,TWSE,化學工業,等待確認,正常持有,standard,今天不下單,每個交易日收盤後，檢查趨勢與法人籌碼,已有部位可續抱觀察，但暫不追價；若收盤跌破60日EMA約 162.99 且法人籌碼轉弱，先減碼三分之一。,未觸發明確減碼訊號,71,74.8,58.1,85,100,完整,167.5,169.5,44.62,23.96,23.46,37.93,104.11,4.38,20.89,4.39,2.39,2,0,0,0,0,0,0,226.736,-197.08000000000004,-215.25000000000006,-1758.069,1,3,41,2,3,0,502500,-7.115999999999998,-1.4969999999999972,6.86,232,68,141,,215.487,-192.964,-254.75300000000001,-1726.4029999999998,59.03,74.13,62.67,97.05,false,false,3.19,2.45,
20,1708,東鹼,TWSE,化學工業,等待確認,正常持有,standard,今天不下單,每個交易日收盤後，檢查趨勢與法人籌碼,已有部位可續抱觀察，但暫不追價；若收盤跌破60日EMA約 49.99 且法人籌碼轉弱，先減碼三分之一。,未觸發明確減碼訊號,70.4,74.6,61.2,85,100,完整,52,52.5,33.17,15.97,16.49,39.42,104.33,1.98,12.59,1.7,3.08,1,0,0,0,0,-15,0,-1485.196,533.0260000000003,2582.1319999999996,2438.9329999999995,0,0,0,-15,0,0,0,-14.184999999999999,-26.57999999999999,9.93,-1438,263,2680,,-1473.372,547.211,2608.7119999999995,2557.711,58.75,73.44,65.36,89.58,false,false,3.17,2.56,
21,2637,慧洋-KY,TWSE,航運業,等待確認,正常持有,standard,今天不下單,每個交易日收盤後，檢查趨勢與法人籌碼,已有部位可續抱觀察，但暫不追價；若收盤跌破60日EMA約 91.54 且法人籌碼轉弱，先減碼三分之一。,未觸發明確減碼訊號,60.2,73.9,69.6,85,100,可用,95,94.6,34.96,35.38,33.36,41.18,92.13,4.1,10.57,1.43,3.68,9,0,-2,1,-440,1089,0,-1526.952,-991.2460000000001,1919.7549999999997,10358.543,1,5.718999999999999,789.44,3885.508,3,1,543305,-9.032000000000002,-79.63100000000001,28.34,-1488,-1012,1084,,-1498.003,-987.9330000000001,1209.946,6323.844999999999,45.23,36.66,50.99,8,false,false,-3.54,-6.86,當下除權息調整價未守20日EMA
22,2603,長榮,TWSE,航運業,等待確認,保護持有,protect,今天不新增部位；未完成確認前不機械式賣出,今天收盤後；若跌破，再看下一交易日是否收復,已有部位暫停加碼；若收盤跌破60日EMA約 225.87，且下一交易日仍未收復，先減碼三分之一；若ETF或外資繼續轉弱，再分批降低部位。,外資持股5/10日下降且外資5日賣超,72.5,73.6,67.4,85,100,可用,238,237.5,48.64,9.78,14.77,39.75,138.81,11.24,9.44,0.92,6.72,32,89,3193,4193,11518,17096,135,-3202.633,-907.2869999999996,5126.200000000001,9632.895,-0.1,4006.8100000000004,13584.397,19714.671000000002,4,1,953620780,454.697,902.752,25.7,-2889,-5280,-16140,,-3221.855,-5368.794,-9360.949,-10429.879,53.82,70.05,75.09,59.98,false,true,0.34,-1.04,外資持股5/10日下降，且外資5日賣超
23,6739,竹陞科技,TPEX,其他電子業,等待確認,正常持有,standard,今天不下單,每個交易日收盤後，檢查趨勢與法人籌碼,"已有部位可續抱觀察，但暫不追價；若收盤跌破60日EMA約 1,105.88 且法人籌碼轉弱，先減碼三分之一。",未觸發明確減碼訊號,64.8,73.3,65.1,85,100,可用,1125,1125,96.73,97.06,58.57,38.6,181.02,13.31,47.65,25.45,1.16,1,0,0,0,0,0,0,-25.082,-25.082,-25.082,-25.082,0,0,0,0,0,0,0,-2.321,-2.321,2.98,,,,,-22.761,-22.761,-22.761,-22.761,51.89,32.02,24.39,47.26,true,false,1.55,-2.17,外資持股尚未完成5／10日可比核對或期間有非市場異動；此項不給分，不解讀為轉弱
24,2476,鉅祥,TWSE,電子零組件業,等待確認,正常持有,standard,今天不下單,每個交易日收盤後，檢查趨勢與法人籌碼,已有部位可續抱觀察，但暫不追價；若收盤跌破60日EMA約 121.06 且法人籌碼轉弱，先減碼三分之一。,未觸發明確減碼訊號,69.9,73.1,72.5,85,100,完整,124.5,125,41.04,39.81,19.32,27.64,314.36,2.98,20.24,2.99,2.39,2,0,0,0,0,-225,0,316.12,833.4250000000001,1397.4979999999998,958.3029999999999,0,0,0,-225,0,0,0,397.00500000000005,889.8280000000001,8.15,329,369,655,,286.296,436.42,507.6700000000001,-330.1789999999999,56.03,72.44,64.01,89.3,false,false,2.23,0.4,
25,3088,艾訊,TPEX,電腦及週邊設備業,等待確認,正常持有,standard,今天不下單,每個交易日收盤後，檢查趨勢與法人籌碼,已有部位可續抱觀察，但暫不追價；若收盤跌破60日EMA約 128.35 且法人籌碼轉弱，先減碼三分之一。,未觸發明確減碼訊號,66.2,72.8,71.4,85,100,可用,136,139,78.53,49.5,12.29,33.69,239.98,4.28,17.04,2.72,2.15,1,0,0,0,0,0,0,626.096,626.096,626.096,626.096,0,0,0,0,0,0,0,11.032,11.032,19.23,,,,,615.064,615.064,615.064,615.064,62.95,74.73,66.03,92.13,false,false,6.83,7.51,外資持股尚未完成5／10日可比核對或期間有非市場異動；此項不給分，不解讀為轉弱
26,2376,技嘉,TWSE,電腦及週邊設備業,等待確認,正常持有,standard,今天不下單,每個交易日收盤後，檢查趨勢與法人籌碼,已有部位可續抱觀察，但暫不追價；若收盤跌破60日EMA約 347.70 且法人籌碼轉弱，先減碼三分之一。,未觸發明確減碼訊號,71.2,72.2,52.8,85,100,可用,362,366.5,98.43,55.23,6.23,74.46,144.47,17.73,13.55,3.65,3.31,30,21,-150,-164,3767,7788,-197,1947.068,3207.276,3567.9249999999997,-1281.75,2,-190.004,3325.237,6420.593000000002,2,3,-68781448,-288.761,95.66599999999998,24.02,1828,12139,9456,,1778.058,3686.041,147.02200000000028,-7118.1489999999985,55.12,60.61,56.5,68.83,false,false,1.47,1.69,20日累積後5日轉為調節；主動ETF 5日轉為減碼；投信20日買超後近5日轉賣
27,2606,裕民,TWSE,航運業,等待確認,保護持有,protect,今天不新增部位；未完成確認前不機械式賣出,今天收盤後；若跌破，再看下一交易日是否收復,已有部位暫停加碼；若收盤跌破60日EMA約 71.26，且下一交易日仍未收復，先減碼三分之一；若ETF或外資繼續轉弱，再分批降低部位。,外資持股5/10日下降且外資5日賣超,66.5,72.2,68.7,85,100,可用,73.4,73.4,18.16,25.1,28.58,55.87,161.86,3.51,10.83,1.54,3.81,8,0,498,438,1822,2039,498,-2082.726,-2123.7479999999996,-868.6069999999995,6212.794000000001,1,441,1906,2420,3,1,32369400,-10.418999999999997,-53.28800000000001,24.25,-2142,-3255,-3263,,-2044.573,-2554.3289999999997,-2721.3189999999995,3864.730000000001,45.8,35.34,41.61,22.8,true,true,-2.87,-5.17,外資持股5/10日下降，且外資5日賣超；當下除權息調整價未守20日EMA；ETF加碼金額或跨基金共識尚未同時成立
28,2357,華碩,TWSE,電腦及週邊設備業,等待確認,保護持有,protect,今天不新增部位；未完成確認前不機械式賣出,今天收盤後；若跌破，再看下一交易日是否收復,已有部位暫停加碼；若收盤跌破60日EMA約 883.73，且下一交易日仍未收復，先減碼三分之一；若ETF或外資繼續轉弱，再分批降低部位。,外資持股5/10日下降且外資5日賣超,70,72,55.1,85,100,可用,963,967,51.17,42.3,7.05,62.01,128,38.83,14.08,2.37,4.36,44,-40,68,82,131,5658,-7,389.567,33.858999999999924,-252.03700000000003,4635.864,-95.5,-26.632999999999996,1.9590000000000884,6051.027999999999,3,2,-25647579,186.95800000000003,88.04900000000002,39.24,99,-3378,-3201,,403.659,-126.46599999999995,-342.045,-800.588,55.11,71.11,59.99,93.37,false,false,1.29,0.31,主動ETF 5日轉為減碼；外資持股5/10日下降，且外資5日賣超；ETF加碼金額或跨基金共識尚未同時成立
29,3022,威強電,TWSE,電腦及週邊設備業,等待確認,正常持有,standard,今天不下單,每個交易日收盤後，檢查趨勢與法人籌碼,已有部位可續抱觀察，但暫不追價；若收盤跌破60日EMA約 88.97 且法人籌碼轉弱，先減碼三分之一。,未觸發明確減碼訊號,64.1,71.7,73.9,85,100,完整,93,94,84.98,32.41,6.47,32.04,248.51,3.29,12.35,1.44,3.76,2,0,0,0,-1,-1,0,70.774,1016.7449999999999,2537.168,822.4960000000003,0,0,-1.264,-1.264,0,0,0,35.18900000000001,55.571000000000005,21.76,-142,347,1889,,63.907,981.556,2482.861,934.7990000000003,54.71,75,65.99,93.03,false,false,2.94,2.2,20日趨勢尚未上彎；單季稅前獲利對營業外貢獻依賴偏高
30,2368,金像電,TWSE,電子零組件業,等待確認,保護持有,protect,今天不新增部位；未完成確認前不機械式賣出,今天收盤後；若跌破，再看下一交易日是否收復,"已有部位暫停加碼；若收盤跌破60日EMA約 1,060.22，且下一交易日仍未收復，先減碼三分之一；若ETF或外資繼續轉弱，再分批降低部位。",外資持股5/10日下降且外資5日賣超,72.3,71.3,55.3,85,100,可用,1120,1230,76.39,71.25,26.62,56.53,165.77,16.17,40.2,13.74,0.88,37,415,483,638,1441,-79,592,-432.587,-5375.593,-8669.534,-13686.871000000001,803.91,2147.5730000000003,1778.4150000000004,4538.098,4,1,2405281760,899.976,957.2530000000002,23.28,-1423,-8382,-11234,,-1429.677,-8423.142,-11405.202000000001,-18664.628,56.46,72.38,56.12,104.91,false,false,5.94,9.8,外資持股5/10日下降，且外資5日賣超；短線過熱或乖離過大；融資增幅與短線漲幅同步偏高；借券賣出與借券賣出餘額壓力升高；官方重大訊息出現高風險關鍵字，須查原文
31,3167,大量,TWSE,電機機械,等待確認,正常持有,standard,今天不下單,每個交易日收盤後，檢查趨勢與法人籌碼,已有部位可續抱觀察，但暫不追價；若收盤跌破60日EMA約 774.30 且法人籌碼轉弱，先減碼三分之一。,未觸發明確減碼訊號,70.1,71.2,50.7,85,100,完整,903,901,152.98,135.15,24.48,64.49,143.75,9.26,63.32,18.82,0.43,4,0,0,0,150,278,0,-592.096,-519.846,-2451.865,1322.8900000000003,0,38,413,713,1,1,34314000,-49.066,-29.390000000000008,10.67,-685,60,-2494,,-582.553,-508.78,-2835.4749999999995,803.7680000000003,59.01,66.77,57.17,85.97,false,false,8.24,8.27,
32,2316,楠梓電,TWSE,電子零組件業,等待確認,正常持有,standard,今天不下單,每個交易日收盤後，檢查趨勢與法人籌碼,已有部位可續抱觀察，但暫不追價；若收盤跌破60日EMA約 160.66 且法人籌碼轉弱，先減碼三分之一。,未觸發明確減碼訊號,69.9,71,65.5,85,100,完整,162,167.5,61.19,40.6,-11.96,31.91,225.44,6.54,11.32,2.04,1.23,1,0,0,0,0,-10,0,207.234,151.997,-116.47499999999998,-1287.8629999999998,0,0.024,0.024,-9.975999999999999,1,0,3888,38.387,36.793000000000006,37.87,395,515,888,,170.344,113.58600000000001,-153.29200000000003,-1216.176,53.49,61.07,49.78,83.64,false,false,1.96,3.51,單季稅前獲利對營業外貢獻依賴偏高
33,2404,漢唐,TWSE,其他電子業,等待確認,正常持有,standard,今天不下單,每個交易日收盤後，檢查趨勢與法人籌碼,"已有部位可續抱觀察，但暫不追價；若收盤跌破60日EMA約 1,114.76 且法人籌碼轉弱，先減碼三分之一。",未觸發明確減碼訊號,65.8,71,52.6,85,100,完整,1220,1220,59.05,71.61,19.79,81.91,117.19,36.23,18.4,12.86,3.28,15,-11,82,98,-107,181,-249,-506.68,2104.444,3398.8530000000005,1743.2500000000014,403,2094,2029,2208,5,0,2554680000,91.533,221.07199999999997,37.45,-841,-83,1127,,-848.69,-81.08900000000006,1148.7809999999997,-637.4630000000002,62.73,83.51,76.74,97.05,false,false,8.75,8.44,主動ETF 5日轉為減碼
34,6531,愛普*,TWSE,半導體業,等待確認,正常持有,standard,今天不下單,每個交易日收盤後，檢查趨勢與法人籌碼,已有部位可續抱觀察，但暫不追價；若收盤跌破60日EMA約 910.41 且法人籌碼轉弱，先減碼三分之一。,未觸發明確減碼訊號,69.5,71,66.8,85,100,可用,929,940,150.82,109.13,29.44,24.47,373.6,8.33,53.58,12.06,0.75,20,-5,55,122,96,792,135,-1495.604,-819.296,-389.69500000000005,1265.417,-5,267.62,124.62,2190.7830000000004,4,1,248618980,-95.726,-127.936,33.47,-1118,-251,367,,-1393.994,-991.1899999999998,-386.37899999999973,-834.0079999999998,49.35,52.99,49.35,60.27,true,false,-1.54,-4.03,當下除權息調整價未守20日EMA
35,3044,健鼎,TWSE,電子零組件業,等待確認,正常持有,standard,今天不下單,每個交易日收盤後，檢查趨勢與法人籌碼,已有部位可續抱觀察，但暫不追價；若收盤跌破60日EMA約 479.93 且法人籌碼轉弱，先減碼三分之一。,未觸發明確減碼訊號,68,70.9,60.5,85,100,可用,521,525,65.48,38.72,20.58,48.8,162.21,13.02,22.32,4.92,2.44,23,15,-17,-52,402,1192,-36,-465.18,1235.583,269.64700000000033,560.7840000000002,-118,-37,353.678,862.133,2,3,-19277000,25.092,-47.517999999999994,48.46,-362,1162,-25,,-371.278,1247.491,-36.51299999999998,-15.567999999999898,57.86,74.35,76.2,70.65,false,true,2.52,0.58,20日累積後5日轉為調節；主動ETF 5日轉為減碼；投信20日買超後近5日轉賣
36,3036,文曄,TWSE,電子通路業,等待確認,正常持有,standard,今天不下單,每個交易日收盤後，檢查趨勢與法人籌碼,已有部位可續抱觀察，但暫不追價；若收盤跌破60日EMA約 205.91 且法人籌碼轉弱，先減碼三分之一。,未觸發明確減碼訊號,66.6,70.6,50.6,85,100,可用,207.5,210,98.21,109.2,2.11,84.66,111.03,13,10.65,2.12,3.76,22,21,-242,-272,1239,339,-313,863.411,2155.079,1048.3020000000001,-22273.027000000002,-15,366.37199999999996,3374.2889999999998,2995.1389999999997,1,4,76022190,109.21300000000001,1009.293,27.72,1415,-6703,-19711,,848.548,1679.4940000000004,-3335.2799999999993,-25706.001,59.53,84.22,78.2,96.26,false,false,3.43,0.97,20日累積後5日轉為調節；主動ETF 5日轉為減碼；外資持股尚未完成5／10日可比核對或期間有非市場異動；此項不給分，不解讀為轉弱
37,2382,廣達,TWSE,電腦及週邊設備業,等待確認,正常持有,standard,今天不下單,每個交易日收盤後，檢查趨勢與法人籌碼,已有部位可續抱觀察，但暫不追價；若收盤跌破60日EMA約 335.45 且法人籌碼轉弱，先減碼三分之一。,未觸發明確減碼訊號,69.5,70.4,47.9,85,100,可用,336.5,339.5,177.45,102.63,3.1,87.6,112.75,12.93,14.66,5.32,4.64,48,182,1820,5120,18158,23355,-30,1021.92,-3509.263,9747.283000000001,33701.02,-27,4676.552,17296.708,23303.323999999993,4,1,1573659748,637.52,1944.678,23.49,1887,-15899,-16224,,894.127,-8823.335,-9494.102999999997,9152.518,49.89,51.25,58.31,37.15,false,true,-0.35,-1.9,主動ETF 5日轉為減碼；外資持股尚未完成5／10日可比核對或期間有非市場異動；此項不給分，不解讀為轉弱；ETF加碼金額或跨基金共識尚未同時成立
38,4576,大銀微系統,TWSE,電機機械,等待確認,正常持有,standard,今天不下單,每個交易日收盤後，檢查趨勢與法人籌碼,已有部位可續抱觀察，但暫不追價；若收盤跌破60日EMA約 220.89 且法人籌碼轉弱，先減碼三分之一。,未觸發明確減碼訊號,71.1,70.4,55.1,85,100,完整,241,244.5,98.05,55.75,17.35,38.14,200.45,1.92,73.48,6.73,0.33,1,0,0,0,0,0,0,901.308,251.04999999999984,155.41099999999994,2173.337,0,0,81,160,0,0,0,39.88500000000002,85.11900000000001,7.73,569,-17,-11,,788.396,211.16499999999996,-10.708000000000084,1667.0990000000002,57.27,50.02,38.07,73.94,true,false,4.69,0.42,
39,3491,昇達科,TPEX,通信網路業,等待確認,正常持有,standard,今天不下單,每個交易日收盤後，檢查趨勢與法人籌碼,"已有部位可續抱觀察，但暫不追價；若收盤跌破60日EMA約 1,413.37 且法人籌碼轉弱，先減碼三分之一。",未觸發明確減碼訊號,69.6,70.2,63.1,85,100,可用,1510,1520,93.19,73.4,28.88,37.31,263.15,8.15,120.03,22.88,0.45,16,1,31,14,252,486,11,-245.702,-245.702,-245.702,-245.702,-9.863,-9.863,-9.863,-9.863,0,1,-14893130,-70.102,-70.102,31.27,,,,,-165.737,-165.737,-165.737,-165.737,55.14,73.25,71.34,77.08,false,false,3.38,-3.51,外資持股尚未完成5／10日可比核對或期間有非市場異動；此項不給分，不解讀為轉弱；ETF加碼金額或跨基金共識尚未同時成立
40,4916,事欣科,TWSE,電腦及週邊設備業,等待確認,正常持有,standard,今天不下單,每個交易日收盤後，檢查趨勢與法人籌碼,已有部位可續抱觀察，但暫不追價；若收盤跌破60日EMA約 99.49 且法人籌碼轉弱，先減碼三分之一。,未觸發明確減碼訊號,66.2,70.1,66.5,85,100,完整,101.5,102,82.96,61.85,9.14,32.64,257.18,5.45,15.54,3.48,0.49,1,0,0,0,0,0,0,34.273,818.4010000000001,1735.372,648.1819999999999,0,0,0,0,0,0,0,37.574,147.86700000000002,3.68,31,713,1622,,86.312,780.827,1587.505,652.8440000000002,52.48,67.08,63.75,73.74,false,false,1.13,-3.79,單季稅前獲利對營業外貢獻依賴偏高
41,3231,緯創,TWSE,電腦及週邊設備業,等待確認,保護持有,protect,今天不新增部位；未完成確認前不機械式賣出,今天收盤後；若跌破，再看下一交易日是否收復,已有部位暫停加碼；若收盤跌破60日EMA約 177.01，且下一交易日仍未收復，先減碼三分之一；若ETF或外資繼續轉弱，再分批降低部位。,投信5/10日持續且具金額意義地賣超,67.4,70,47.4,85,100,可用,185.5,186.5,166.48,98.87,3.59,82.37,118.14,7.78,14.73,3.04,2.96,40,280,-179,-38,9278,20465,-1315,8549.795,-28600.727999999996,-39308.950999999994,-57474.865999999995,31,-13201.271,-3961.2520000000004,25836.273999999998,1,4,-2448835770,1118.636,256.56599999999975,35.07,5995,-50339,177058,,8079.74,-16518.092999999997,-35604.265,-85997.49500000002,52.6,41.55,34.81,55.02,true,false,0.72,-0.54,20日累積後5日轉為調節；主動ETF 5日轉為減碼；投信5/10日持續且具金額意義的賣超；外資持股尚未完成5／10日可比核對或期間有非市場異動；此項不給分，不解讀為轉弱
42,2059,川湖,TWSE,電子零組件業,等待確認,正常持有,standard,今天不下單,每個交易日收盤後，檢查趨勢與法人籌碼,"已有部位可續抱觀察，但暫不追價；若收盤跌破60日EMA約 11,178.20 且法人籌碼轉弱，先減碼三分之一。",未觸發明確減碼訊號,67.9,69.8,70.5,85,100,可用,12115,12115,344.42,163.96,77.05,28.35,356.12,110.96,66.79,34.2,0.42,35,6,-25,0,19,-150,-6,60.656,43.475999999999985,-212.632,-462.9789999999999,-19.2,-65.23500000000001,69.26799999999999,-468.08500000000004,2,3,-790322025,53.492000000000004,11.512000000000008,23.44,55,70,-284,,68.97,55.218999999999994,-293.41200000000003,-33.941000000000074,45.75,39.21,39.7,38.23,false,true,-3.44,-3.04,主動ETF 5日轉為減碼；20日趨勢尚未上彎；當下除權息調整價未守20日EMA
43,1815,富喬,TPEX,電子零組件業,等待確認,正常持有,standard,今天不下單,每個交易日收盤後，檢查趨勢與法人籌碼,已有部位可續抱觀察，但暫不追價；若收盤跌破60日EMA約 105.32 且法人籌碼轉弱，先減碼三分之一。,未觸發明確減碼訊號,61.6,69.6,68,85,100,可用,116,117,79.21,51.2,23.66,36.17,273.98,2.24,33.62,4.95,0.86,4,-4,-4,-4,112,580,0,-2930.266,-2930.266,-2930.266,-2930.266,-5,-5,-5,-5,0,1,-580000,76.236,76.236,24.65,,,,,-3001.502,-3001.502,-3001.502,-3001.502,52.35,35.12,39.33,26.71,false,true,-0.3,-2.93,20日累積後5日轉為調節；ETF 1/3日已轉為減碼；外資持股尚未完成5／10日可比核對或期間有非市場異動；此項不給分，不解讀為轉弱
44,6274,台燿,TPEX,電子零組件業,等待確認,正常持有,standard,今天不下單,每個交易日收盤後，檢查趨勢與法人籌碼,"已有部位可續抱觀察，但暫不追價；若收盤跌破60日EMA約 1,416.22 且法人籌碼轉弱，先減碼三分之一。",未觸發明確減碼訊號,69.6,69.2,55.5,85,100,可用,1485,1520,132.48,97.01,21.29,48.55,205.37,12.4,75.42,18.4,0.51,23,278,410,699,-935,-2760,686,-448.672,-448.672,-448.672,-448.672,-312,-312,-312,-312,0,1,-463320000,19.732,19.732,31.4,,,,,-156.404,-156.404,-156.404,-156.404,55.46,77.12,68.64,94.09,false,false,4.19,8.39,外資持股尚未完成5／10日可比核對或期間有非市場異動；此項不給分，不解讀為轉弱；20日趨勢尚未上彎
45,6664,群翊,TPEX,電子零組件業,等待確認,正常持有,standard,今天不下單,每個交易日收盤後，檢查趨勢與法人籌碼,已有部位可續抱觀察，但暫不追價；若收盤跌破60日EMA約 355.60 且法人籌碼轉弱，先減碼三分之一。,未觸發明確減碼訊號,68.1,69.1,60.7,85,100,可用,370,370,32.28,18.74,34.02,56.53,188.59,7.29,22.25,5.41,2.74,2,0,2,2,5,9,0,242.478,242.478,242.478,242.478,0,0,0,0,0,0,0,34.274,34.274,10.72,,,,,208.204,208.204,208.204,208.204,61.93,75.77,55.4,116.51,false,false,6.11,8.98,外資持股尚未完成5／10日可比核對或期間有非市場異動；此項不給分，不解讀為轉弱；20日趨勢尚未上彎；ETF加碼金額或跨基金共識尚未同時成立
46,4551,智伸科,TWSE,汽車工業,等待確認,正常持有,strong,漲停先續抱；不追價,今日收盤確認是否守住20日EMA,價格仍在20／60日EMA之上且今日漲停；法人未同步轉弱。若收盤跌破20日EMA約 162.97 且法人續弱，再轉為保護持有。,今日漲停／趨勢站穩；法人未同步轉弱,74.6,68.9,59.6,85,100,完整,179.5,197,33.5,21.06,14.4,37.61,221.94,4.77,18.84,2.23,2.34,2,0,0,92,92,88,92,469.542,517.35,486.4720000000001,-1600.9569999999999,131,223,223,49,2,0,40028500,38.422,31.871999999999993,54.36,303,261,244,,295.986,255.928,231.6,-1607.596,62.3,69.6,50.96,106.87,false,false,10.14,12.54,短線過熱或乖離過大；ETF加碼金額或跨基金共識尚未同時成立
47,6579,研揚,TWSE,電腦及週邊設備業,等待確認,正常持有,standard,今天不下單,每個交易日收盤後，檢查趨勢與法人籌碼,已有部位可續抱觀察，但暫不追價；若收盤跌破60日EMA約 153.01 且法人籌碼轉弱，先減碼三分之一。,未觸發明確減碼訊號,67.6,68.8,67.3,85,100,完整,157.5,160,26.58,28.37,10.2,26.1,221.03,6.15,21.52,2.62,2.38,1,0,0,0,0,0,0,113.238,198.67700000000002,416.052,166.587,0,0,-47,-54,0,0,0,51.824999999999996,59.206999999999994,3.46,95,125,389,,76.972,146.85199999999998,403.84499999999997,98.11499999999994,58.85,74.85,72.39,79.78,true,true,3.93,3.62,
48,3577,泓格,TPEX,電腦及週邊設備業,等待確認,正常持有,standard,今天不下單,每個交易日收盤後，檢查趨勢與法人籌碼,已有部位可續抱觀察，但暫不追價；若收盤跌破60日EMA約 118.84 且法人籌碼轉弱，先減碼三分之一。,未觸發明確減碼訊號,63.1,68.6,69.5,85,100,可用,122,129.5,34.05,39.27,30.26,27.72,225.16,3.28,28.05,5.3,1.64,1,0,0,0,0,0,0,54.939,54.939,54.939,54.939,0,0,0,0,0,0,0,13.196,13.196,3.9,,,,,41.743,41.743,41.743,41.743,57.74,64.49,64.49,64.51,true,true,5.45,2.52,外資持股尚未完成5／10日可比核對或期間有非市場異動；此項不給分，不解讀為轉弱
49,3702,大聯大,TWSE,電子通路業,等待確認,保護持有,protect,今天不新增部位；未完成確認前不機械式賣出,今天收盤後；若跌破，再看下一交易日是否收復,已有部位暫停加碼；若收盤跌破60日EMA約 110.10，且下一交易日仍未收復，先減碼三分之一；若ETF或外資繼續轉弱，再分批降低部位。,KD高檔死亡交叉（僅屬時機警示）,65.8,68.6,50.1,85,100,可用,115,113.5,80.46,62.39,2.64,83.99,119.79,8.42,9.85,2.06,3.17,25,26,-1160,-41,1462,1219,-4129,-571.311,3413.1579999999994,12349.192,19497.656,-21,-32,1480.5320000000002,1300.5320000000002,2,3,-3680000,-108.86900000000001,-116.47700000000002,34.42,-414,2689,10776,,-449.27,3554.0270000000005,10985.136999999999,20378.137,58.64,80.96,82.72,77.42,false,true,3.99,0.44,20日累積後5日轉為調節；主動ETF 5日轉為減碼；KD高檔死亡交叉，等待動能確認
50,3081,聯亞,TPEX,通信網路業,等待確認,正常持有,standard,今天不下單,每個交易日收盤後，檢查趨勢與法人籌碼,"已有部位可續抱觀察，但暫不追價；若收盤跌破60日EMA約 2,592.18 且法人籌碼轉弱，先減碼三分之一。",未觸發明確減碼訊號,63.9,68.2,68,85,99.6,可用,2650,2910,180.9,129.04,44.5,24.1,288.03,7.75,228.06,51.95,0.15,20,2,-23,-21,179,13,-21,-55.454,-55.454,-55.454,-55.454,1.834,1.834,1.834,1.834,1,0,4860100,-9.014,-9.014,18.94,,,,,-48.274,-48.274,-48.274,-48.274,44.47,28.73,30.97,24.24,false,true,-5.73,-7.99,20日累積後5日轉為調節；主動ETF 5日轉為減碼；外資持股尚未完成5／10日可比核對或期間有非市場異動；此項不給分，不解讀為轉弱；20日趨勢尚未上彎
51,2885,元大金,TWSE,金融保險業,等待確認,保護持有,protect,今天不新增部位；未完成確認前不機械式賣出,今天收盤後；若跌破，再看下一交易日是否收復,已有部位暫停加碼；若收盤跌破60日EMA約 65.56，且下一交易日仍未收復，先減碼三分之一；若ETF或外資繼續轉弱，再分批降低部位。,投信5/10日持續且具金額意義地賣超,66,68.1,59.1,85,100,可用,68.7,69.2,57.94,116.28,,92.04,,2.64,16.09,2.39,3.2,40,3023,1539,1041,-6662,-11958,-657,-940.341,-2463.965000000001,-7192.433000000001,42395.347,1331,-1147.003,-13492.688,-13734.184000000001,2,3,-78799106,1605.522,2863.8399999999997,26.94,-2837,-5964,3502,,-2950.685,-2922.484000000001,3436.414999999998,54805.096,52.91,37.07,51.47,8.25,false,true,0.04,-1.86,主動ETF 5日轉為減碼；投信5/10日持續且具金額意義的賣超
52,1609,大亞,TWSE,電器電纜,等待確認,正常持有,standard,今天不下單,每個交易日收盤後，檢查趨勢與法人籌碼,已有部位可續抱觀察，但暫不追價；若收盤跌破60日EMA約 37.28 且法人籌碼轉弱，先減碼三分之一。,未觸發明確減碼訊號,67.8,68,50.5,85,100,完整,38.5,38.8,34.84,20.01,12.94,68.3,151.61,2.24,14.21,1.62,1.82,2,0,0,0,0,-1,0,-938.945,461.10799999999995,2318.854,4692.023000000001,0,0,-90,-105,0,0,0,99.688,57.447,13.62,-880,-125,1718,,-937.383,361.42,2351.407,4759.218000000001,60.28,71.17,62.65,88.22,false,false,2.1,1.32,
53,6245,立端,TPEX,通信網路業,等待確認,正常持有,standard,今天不下單,每個交易日收盤後，檢查趨勢與法人籌碼,已有部位可續抱觀察，但暫不追價；若收盤跌破60日EMA約 82.51 且法人籌碼轉弱，先減碼三分之一。,未觸發明確減碼訊號,64.1,67.5,63.6,85,100,可用,88.7,90,38.36,20.67,8.15,41.82,223.77,1.81,20.25,2.19,4.28,1,0,0,0,-1,-1,0,520.052,520.052,520.052,520.052,0,0,0,0,0,0,0,9.709,9.709,13.5,,,,,510.343,510.343,510.343,510.343,61.28,65.74,62.51,72.21,true,true,5.47,3.62,外資持股尚未完成5／10日可比核對或期間有非市場異動；此項不給分，不解讀為轉弱
54,3005,神基,TWSE,電腦及週邊設備業,等待確認,正常持有,standard,今天不下單,每個交易日收盤後，檢查趨勢與法人籌碼,已有部位可續抱觀察，但暫不追價；若收盤跌破60日EMA約 113.70 且法人籌碼轉弱，先減碼三分之一。,未觸發明確減碼訊號,67.2,67.4,64.4,85,100,完整,117,116.5,18.39,9.96,15.34,44.17,195.75,4.27,13.9,2.87,5.8,14,39,-34,426,1165,1054,0,386.143,869.3919999999999,3938.2030000000004,5338.937,22.566,366.505,1201.082,1261.569,3,2,42881085,131.87,159.24600000000004,15.18,-306,-430,567,,318.407,371.01699999999994,2577.875,4122.427000000001,53.18,57.07,64.51,42.17,false,true,0.46,-1.27,ETF加碼金額或跨基金共識尚未同時成立
55,1736,喬山,TWSE,運動休閒,等待確認,正常持有,standard,今天不下單,每個交易日收盤後，檢查趨勢與法人籌碼,已有部位可續抱觀察，但暫不追價；若收盤跌破60日EMA約 127.32 且法人籌碼轉弱，先減碼三分之一。,未觸發明確減碼訊號,64.1,67.2,50.1,85,100,完整,128,128.5,22.66,14.11,7.5,70.85,125.91,3.27,11.57,2.83,3.52,1,0,0,0,0,-518,0,182.419,482.66299999999995,417.366,139.07599999999988,0,-62,-409,-1018,0,1,-7936000,4.3100000000000005,4.051000000000002,5.93,-32,268,666,,180.084,540.353,822.315,1169.0310000000002,51.78,46.39,37.51,64.14,true,false,1.12,1.99,20日趨勢尚未上彎
56,8464,億豐,TWSE,居家生活,等待確認,正常持有,standard,今天不下單,每個交易日收盤後，檢查趨勢與法人籌碼,已有部位可續抱觀察，但暫不追價；若收盤跌破60日EMA約 368.10 且法人籌碼轉弱，先減碼三分之一。,未觸發明確減碼訊號,67.5,67.2,66.2,85,100,完整,372.5,370.5,17.76,5.52,27.66,25.49,384.65,10.37,16.27,3.79,4.3,11,0,-1,0,-192,30,0,95.798,344.38599999999997,689.003,971.189,30,31.999,-96.12,104.89699999999999,2,0,11919627,1.884,39.309,40.9,68,332,779,,65.974,310.503,745.8140000000001,834.422,50.21,38.4,44.04,27.11,false,false,-0.03,0.68,當下除權息調整價未守20日EMA
57,2436,偉詮電,TWSE,半導體業,等待確認,正常持有,strong,強勢續抱；不追高,今日收盤確認是否守住20日EMA,價格仍在20／60日EMA之上且短線強勢；法人未同步轉弱。若收盤跌破20日EMA約 68.90 且法人續弱，再轉為保護持有。,價格強勢站上20／60日EMA；法人未同步轉弱,66.4,67,65.1,85,100,完整,75.9,78.3,32.15,30.41,11.77,33,261.25,3.02,13.95,3.19,2.58,3,-14,6,6,25,677,0,2791.363,3513.75,4683.437,4759.219,-14,6,25,677,1,1,455400,928.061,971.2529999999999,13.42,2179,2206,4517,,2249.891,2579.6890000000003,3687.184,3186.902000000001,66.99,83.28,70.13,109.59,false,false,10.16,11.78,短線過熱或乖離過大；ETF加碼金額或跨基金共識尚未同時成立；借券賣出與借券賣出餘額壓力升高；單季稅前獲利對營業外貢獻依賴偏高
58,2302,麗正,TWSE,半導體業,等待確認,正常持有,standard,今天不下單,每個交易日收盤後，檢查趨勢與法人籌碼,已有部位可續抱觀察，但暫不追價；若收盤跌破60日EMA約 41.96 且法人籌碼轉弱，先減碼三分之一。,未觸發明確減碼訊號,63.6,66.9,53.8,85,100,完整,45.3,45.6,87.72,37.96,14.17,34.29,148.18,0.6,42.34,4.1,0.77,1,0,0,0,0,-6,0,547.155,-498.991,2623.626,1871.0740000000005,0,0,0,-6,0,0,0,136.434,228.91899999999998,2.75,544,-795,2084,,544.153,-635.425,2394.7070000000003,1705.024,57,75.4,69.16,87.88,false,false,3.57,2.03,
59,7828,創新服務,TPEX,半導體業,等待確認,正常持有,standard,今天不下單,每個交易日收盤後，檢查趨勢與法人籌碼,"已有部位可續抱觀察，但暫不追價；若收盤跌破60日EMA約 1,813.40 且法人籌碼轉弱，先減碼三分之一。",未觸發明確減碼訊號,60.1,66.9,69.6,85,100,可用,1900,1900,192.14,226.2,39.39,10.55,741.72,4.52,192.7,14.89,0.24,2,0,0,0,2,2,0,-23.021,-23.021,-23.021,-23.021,0,0,0,0,0,0,0,-6.033,-6.033,28.53,,,,,-16.988,-16.988,-16.988,-16.988,50.47,33.85,40.92,19.73,false,false,-0.87,-10.59,外資持股尚未完成5／10日可比核對或期間有非市場異動；此項不給分，不解讀為轉弱；當下除權息調整價未守20日EMA
60,2317,鴻海,TWSE,其他電子業,等待確認,正常持有,standard,今天不下單,每個交易日收盤後，檢查趨勢與法人籌碼,已有部位可續抱觀察，但暫不追價；若收盤跌破60日EMA約 249.91 且法人籌碼轉弱，先減碼三分之一。,未觸發明確減碼訊號,66.7,66.6,50.2,85,100,可用,250.5,253,51.98,39.73,3.67,62.3,142.27,7.84,16.51,1.84,2.86,43,590,288,591,2074,-12,-289,2984.796,-11049.283000000003,-10941.328000000001,-5575.924,-28.041,1064.631,2619.876,5996.105999999999,2,3,266690066,1699.101,1971.2610000000004,40.31,2757,-4704,-5845,,3091.044,-13813.015,-15532.464999999998,-10159.437999999995,49.34,57.42,58.94,54.37,false,true,-0.2,0,主動ETF 5日轉為減碼；外資持股尚未完成5／10日可比核對或期間有非市場異動；此項不給分，不解讀為轉弱
61,8358,金居,TPEX,電子零組件業,等待確認,正常持有,standard,今天不下單,每個交易日收盤後，檢查趨勢與法人籌碼,已有部位可續抱觀察，但暫不追價；若收盤跌破60日EMA約 469.81 且法人籌碼轉弱，先減碼三分之一。,未觸發明確減碼訊號,66.6,66.6,60.8,85,96.3,可用,498,516,59.71,46.82,24.99,24.79,184.41,4.22,74.22,13.52,0.4,12,-4,-4,-4,61,-134,0,-3844.457,-3844.457,-3844.457,-3844.457,-3.7,-3.7,-3.7,-3.7,0,1,-1842600,-1132.103,-1132.103,25.83,,,,,-2708.654,-2708.654,-2708.654,-2708.654,52.72,45.32,40.24,55.49,true,false,1.33,-0.3,ETF 1/3日已轉為減碼；外資持股尚未完成5／10日可比核對或期間有非市場異動；此項不給分，不解讀為轉弱
62,2308,台達電,TWSE,電子零組件業,等待確認,正常持有,standard,今天不下單,每個交易日收盤後，檢查趨勢與法人籌碼,"已有部位可續抱觀察，但暫不追價；若收盤跌破60日EMA約 1,811.81 且法人籌碼轉弱，先減碼三分之一。",未觸發明確減碼訊號,73,66.5,48.4,85,100,可用,1835,1870,34.95,41.06,17.22,53.58,159.95,17.59,58.4,16.23,0.63,54,416,262,2011,2316,604,1715,-2414.014,4833.627,8742.541,-11190.357000000002,379.972,6045.592000000001,5787.984,2038.0149999999999,5,0,11093661320,1093.587,1782.0840000000003,61.5,-2812,-2363,761,,-2790.202,-2305.5520000000006,1172.4729999999995,-14503.614000000003,53.92,73.92,68.64,84.47,false,false,2.34,5.76,外資持股尚未完成5／10日可比核對或期間有非市場異動；此項不給分，不解讀為轉弱
63,6187,萬潤,TPEX,半導體業,等待確認,正常持有,standard,今天不下單,每個交易日收盤後，檢查趨勢與法人籌碼,"已有部位可續抱觀察，但暫不追價；若收盤跌破60日EMA約 1,198.54 且法人籌碼轉弱，先減碼三分之一。",未觸發明確減碼訊號,67.4,66.5,55.9,85,100,可用,1310,1440,103.06,51.11,29.5,35.14,178.04,11.9,67.91,14.97,0.89,18,119,95,31,73,155,31,624.775,624.775,624.775,624.775,-81.845,-81.845,-81.845,-81.845,0,1,-107216950,7.566,7.566,34.15,,,,,699.054,699.054,699.054,699.054,56.39,46.46,28.87,81.63,true,true,4.69,4.8,外資持股尚未完成5／10日可比核對或期間有非市場異動；此項不給分，不解讀為轉弱；20日趨勢尚未上彎；短線過熱或乖離過大
64,6426,統新,TWSE,通信網路業,等待確認,保護持有,protect,今天不新增部位；未完成確認前不機械式賣出,今天收盤後；若跌破，再看下一交易日是否收復,已有部位暫停加碼；若收盤跌破60日EMA約 267.34，且下一交易日仍未收復，先減碼三分之一；若ETF或外資繼續轉弱，再分批降低部位。,KD高檔死亡交叉（僅屬時機警示）,58.9,66.5,68.7,85,100,完整,354,334,78.21,68.31,26.07,10.23,811.46,2.96,89.39,13.65,0.14,1,0,0,0,-33,118,0,-505.294,-1039.491,583.854,2338.4619999999995,0,0,-33,118,0,0,0,84.71699999999998,58.16099999999998,15.07,-576,-1169,689,,-575.054,-1124.208,558.6929999999999,2319.326,61.05,73.39,81.62,56.93,true,true,8.3,-5.22,KD高檔死亡交叉，等待動能確認
65,3653,健策,TWSE,電子零組件業,等待確認,正常持有,strong,強勢續抱；不追高,今日收盤確認是否守住20日EMA,"價格仍在20／60日EMA之上且短線強勢；外資偏弱先觀察，不因分歧減碼。若收盤跌破20日EMA約 5,837.72 且法人續弱，再轉為保護持有。",價格強勢站上20／60日EMA；外資偏弱，先觀察,67.2,66.4,64.1,85,100,可用,6895,7170,90.9,42.93,35.34,28.69,256.61,25.33,155.61,42.91,0.32,39,10,28,23,90,99,14,-175.705,-270.829,80.813,408.071,127.738,476.659,666.3499999999999,504.3399999999998,4,1,3286563805,31.353000000000005,55.76300000000001,25.91,-352,-838,-658,,-309.035,-778.8410000000001,-641.3000000000002,-60.70500000000024,73,82.59,69.22,109.32,false,false,18.11,24.8,外資持股5/10日下降，且外資5日賣超；短線過熱或乖離過大
66,2897,王道銀行,TWSE,金融保險業,等待確認,保護持有,protect,今天不新增部位；未完成確認前不機械式賣出,今天收盤後；若跌破，再看下一交易日是否收復,已有部位暫停加碼；若收盤跌破60日EMA約 10.62，且下一交易日仍未收復，先減碼三分之一；若ETF或外資繼續轉弱，再分批降低部位。,外資持股5/10日下降且外資5日賣超,57.7,66.3,66.6,85,100,完整,10.95,11,7.89,25.14,,91.08,,0.54,13.69,0.73,4.75,2,0,0,0,-243,2785,0,-2213.945,-8070.950999999999,-1065.119999999999,24760.65,0,0,-243,2785,0,0,0,3.307000000000002,501.151,9.76,-2261,-8122,-1383,,-2213.945,-8074.258,-1323.2709999999988,21224.792,54.17,37.08,57.13,-3.02,false,false,0.19,-1.35,外資持股5/10日下降，且外資5日賣超
67,2851,中再保,TWSE,金融保險業,等待確認,正常持有,standard,今天不下單,每個交易日收盤後，檢查趨勢與法人籌碼,已有部位可續抱觀察，但暫不追價；若收盤跌破60日EMA約 42.25 且法人籌碼轉弱，先減碼三分之一。,未觸發明確減碼訊號,63.4,65.9,66.9,85,100,完整,47.05,47.55,-31.48,75.57,,59.8,,7.91,4.46,1.43,4.68,4,-4,-4,-4,1375,2314,0,-94.963,2064.465,3307.5209999999997,8036.6680000000015,-4,-4,1375,2314,0,1,-188200,-460.462,-641.4689999999999,10.97,-157,2496,2724,,-62.34,2528.9269999999997,2573.99,6542.255,58.8,65.07,70.48,54.25,false,true,1.89,0.11,20日累積後5日轉為調節；ETF 1/3日已轉為減碼
68,2890,永豐金,TWSE,金融保險業,等待確認,保護持有,protect,今天不新增部位；未完成確認前不機械式賣出,今天收盤後；若跌破，再看下一交易日是否收復,已有部位暫停加碼；若收盤跌破60日EMA約 40.89，且下一交易日仍未收復，先減碼三分之一；若ETF或外資繼續轉弱，再分批降低部位。,外資持股5/10日下降且外資5日賣超,70,65.9,54.5,85,100,可用,43.9,44.35,49.48,53.91,,93.3,,1.66,16.57,2.4,2.96,32,661,4896,5368,37517,48951,0,-2655.204,-1761.659,7612.956,61032.341,-197,3804.1059999999998,35663.93,55518.905999999995,4,1,167000253,1921.229,3765.2309999999998,29.47,-4196,-7871,-15325,,-3317.11,-7486.994000000001,-31816.205,4077.2679999999964,55.33,48.3,68.06,8.78,false,false,0.31,-2.98,外資持股5/10日下降，且外資5日賣超
69,6166,凌華,TWSE,電腦及週邊設備業,等待確認,正常持有,strong,強勢續抱；不追高,今日收盤確認是否守住20日EMA,價格仍在20／60日EMA之上且短線強勢；法人未同步轉弱。若收盤跌破20日EMA約 121.37 且法人續弱，再轉為保護持有。,價格強勢站上20／60日EMA；法人未同步轉弱,65.9,65.9,49.3,85,100,完整,135,137.5,47.83,41.6,11.38,62.79,137.33,3.12,25.76,4.77,0.89,2,0,0,0,0,0,0,558.491,1766.4560000000001,1709.122,-1172.693,0,0,0,0,0,0,0,141.407,-21.89099999999999,19.66,638,1362,1423,,682.738,1625.049,1731.0129999999997,-1160.2510000000004,66.04,74.25,63.85,95.04,false,false,11.23,17.9,短線過熱或乖離過大
70,7751,竑騰,TPEX,半導體業,等待確認,正常持有,standard,今天不下單,每個交易日收盤後，檢查趨勢與法人籌碼,"已有部位可續抱觀察，但暫不追價；若收盤跌破60日EMA約 1,488.44 且法人籌碼轉弱，先減碼三分之一。",未觸發明確減碼訊號,62.2,65.9,52.2,85,100,可用,1555,1602.5,41.32,61.38,33.81,48.73,198.28,13.85,60.27,17.71,1.16,1,0,0,0,5,15,0,21.828,21.828,21.828,21.828,0,0,0,0,0,0,0,4.143,4.143,10.14,,,,,17.685,17.685,17.685,17.685,53.82,75.52,56.03,114.5,false,false,4.15,4.71,外資持股尚未完成5／10日可比核對或期間有非市場異動；此項不給分，不解讀為轉弱；20日趨勢尚未上彎
71,2379,瑞昱,TWSE,半導體業,等待確認,正常持有,standard,今天不下單,每個交易日收盤後，檢查趨勢與法人籌碼,已有部位可續抱觀察，但暫不追價；若收盤跌破60日EMA約 720.14 且法人籌碼轉弱，先減碼三分之一。,未觸發明確減碼訊號,74,65.8,44,85,100,可用,760,768,28.08,14.97,10.89,65.75,118.89,15.86,27.56,7.77,3.29,49,37,703,629,652,2743,-6,696.46,5324.813,9787.932,10347.073,10,566.1850000000001,588.533,2777.1359999999995,3,2,430300600,253.568,254.11,46.1,703,3927,8091,,702.805,4505.0599999999995,8945.288999999999,7630.760999999998,58.82,67.24,67.55,66.63,false,true,3.83,4.54,主動ETF 5日轉為減碼
72,6213,聯茂,TWSE,電子零組件業,等待確認,正常持有,strong,強勢續抱；不追高,今日收盤確認是否守住20日EMA,價格仍在20／60日EMA之上且短線強勢；法人未同步轉弱。若收盤跌破20日EMA約 533.78 且法人續弱，再轉為保護持有。,價格強勢站上20／60日EMA；法人未同步轉弱,77.1,65.6,47.3,85,100,可用,620,649,97.93,42.25,10.99,47.81,173.03,4.39,96.12,9.98,0.48,17,0,94,99,938,932,95,198.399,10391.344000000001,3949.6060000000016,-357.1409999999976,181,803,2692,918.8000000000002,4,1,497860000,329.532,-212.76900000000003,21.22,358,7960,1561,,420.317,9258.812,1470.3750000000002,-899.3189999999994,69.71,80.2,66.54,107.51,false,false,16.15,22.77,短線過熱或乖離過大
73,6679,鈺太,TPEX,半導體業,等待確認,正常持有,standard,今天不下單,每個交易日收盤後，檢查趨勢與法人籌碼,已有部位可續抱觀察，但暫不追價；若收盤跌破60日EMA約 216.06 且法人籌碼轉弱，先減碼三分之一。,未觸發明確減碼訊號,61.8,65.6,78.5,85,100,可用,206,206.5,0.32,6.47,24.37,6.41,1081.33,6.34,16.69,1.86,3.16,1,30,60,60,60,60,0,51.857,51.857,51.857,51.857,30,30,30,30,1,0,6180000,-15.191,-15.191,9.58,,,,,37.048,37.048,37.048,37.048,54.04,75.1,61.08,103.16,false,false,2.33,4.3,外資持股尚未完成5／10日可比核對或期間有非市場異動；此項不給分，不解讀為轉弱
74,3693,營邦,TPEX,電腦及週邊設備業,等待確認,正常持有,standard,今天不下單,每個交易日收盤後，檢查趨勢與法人籌碼,已有部位可續抱觀察，但暫不追價；若收盤跌破60日EMA約 599.43 且法人籌碼轉弱，先減碼三分之一。,未觸發明確減碼訊號,63.1,65.4,52.5,85,100,可用,702,706,171.01,25.27,10.27,46.95,164.12,8.66,45.53,5.75,1.14,1,0,0,0,0,0,0,-291.346,-291.346,-291.346,-291.346,0,0,0,0,0,0,0,-10.786,-10.786,20.51,,,,,-280.56,-280.56,-280.56,-280.56,61.97,67.54,70.92,60.77,true,true,4.6,-0.28,外資持股尚未完成5／10日可比核對或期間有非市場異動；此項不給分，不解讀為轉弱
75,2006,東和鋼鐵,TWSE,鋼鐵工業,等待確認,正常持有,standard,今天不下單,每個交易日收盤後，檢查趨勢與法人籌碼,已有部位可續抱觀察，但暫不追價；若收盤跌破60日EMA約 79.57 且法人籌碼轉弱，先減碼三分之一。,未觸發明確減碼訊號,67.3,65.3,59.1,85,100,完整,85.4,85.4,15.12,2.35,12.1,35.77,165.62,4.07,11.34,1.83,5.04,11,-4,823,822,-1033,554,699,-308.77,645.04,4146.852,5262.477000000001,0,829.742,-1012.47,569.1010000000001,3,0,70859967,15.393,93.57600000000001,28.23,-319,-288,4987,,-306.425,-200.095,5065.746,4597.923,57.18,65.38,63.34,69.47,false,false,2.08,-2.51,
76,5439,高技,TPEX,電子零組件業,等待確認,正常持有,standard,今天不下單,每個交易日收盤後，檢查趨勢與法人籌碼,已有部位可續抱觀察，但暫不追價；若收盤跌破60日EMA約 264.21 且法人籌碼轉弱，先減碼三分之一。,未觸發明確減碼訊號,66.2,65.2,53.4,85,100,可用,253,258.5,5.24,34.29,15.78,67.67,169.55,8.15,13.99,5.83,2.85,2,0,85,204,204,126,204,30.609,30.609,30.609,30.609,0,0,0,0,0,0,0,-14.769,-14.769,23.23,,,,,45.378,45.378,45.378,45.378,50.86,63.92,48.9,93.95,false,false,0.74,2.43,外資持股尚未完成5／10日可比核對或期間有非市場異動；此項不給分，不解讀為轉弱
77,6944,兆聯實業,TWSE,綠能環保,等待確認,正常持有,standard,今天不下單,每個交易日收盤後，檢查趨勢與法人籌碼,已有部位可續抱觀察，但暫不追價；若收盤跌破60日EMA約 726.06 且法人籌碼轉弱，先減碼三分之一。,未觸發明確減碼訊號,66.1,65,52.6,85,100,完整,776,776,37.21,41.23,23.2,53.56,163.33,16.5,19.28,7.03,2.58,2,0,0,0,-5,-158,0,46.943,339.60699999999997,337.23999999999995,0.05399999999993099,0,0,-3.225999999999999,-174.84699999999998,0,0,0,-0.609,12.653999999999995,14.75,-33,201,148,,44.851,340.21599999999995,327.81199999999995,166.06199999999995,66.95,80.04,67.82,104.47,false,false,7.56,9.6,
78,3479,安勤,TPEX,電腦及週邊設備業,等待確認,正常持有,standard,今天不下單,每個交易日收盤後，檢查趨勢與法人籌碼,已有部位可續抱觀察，但暫不追價；若收盤跌破60日EMA約 130.79 且法人籌碼轉弱，先減碼三分之一。,未觸發明確減碼訊號,62.8,64.9,52.7,85,100,可用,138.5,140.5,35.43,17.27,8.25,57.39,155.72,3.95,19,3.01,3.34,1,0,0,0,-1,-1,0,137.939,137.939,137.939,137.939,0,0,0,0,0,0,0,-0.123,-0.123,9.17,,,,,138.062,138.062,138.062,138.062,62,70.85,62.49,87.56,true,false,5.54,5.32,外資持股尚未完成5／10日可比核對或期間有非市場異動；此項不給分，不解讀為轉弱
79,4904,遠傳,TWSE,通信網路業,等待確認,正常持有,standard,今天不下單,每個交易日收盤後，檢查趨勢與法人籌碼,已有部位可續抱觀察，但暫不追價；若收盤跌破60日EMA約 102.99 且法人籌碼轉弱，先減碼三分之一。,未觸發明確減碼訊號,70.7,64.9,50.7,85,100,可用,104.5,105,15.65,11.38,17.57,51.58,74.42,2.14,25.43,4.38,3.65,33,149,1423,1809,1650,855,746,-453.092,1226.404,4515.339,14970.132,0,1431.3890000000001,1153.8220000000001,1831.4389999999999,4,0,149580151,808.405,1328.536,20.2,-860,-1010,2745,,-792.308,-1013.3899999999999,2032.9810000000002,12606.156,51.19,42.73,59.46,9.26,false,false,-0.13,-2.34,
80,6291,沛亨,TPEX,半導體業,等待確認,正常持有,standard,今天不下單,每個交易日收盤後，檢查趨勢與法人籌碼,已有部位可續抱觀察，但暫不追價；若收盤跌破60日EMA約 448.06 且法人籌碼轉弱，先減碼三分之一。,未觸發明確減碼訊號,66.4,64.9,55.8,85,100,可用,499,503,33.42,40.5,24.29,36.66,247.35,6.36,43.09,14.73,1.2,2,10,20,20,19,20,0,32.757,32.757,32.757,32.757,10,10,10,10,1,0,4990000,30.777,30.777,4.66,,,,,-8.02,-8.02,-8.02,-8.02,59.2,57.06,61.19,48.79,false,false,5.6,-4.77,外資持股尚未完成5／10日可比核對或期間有非市場異動；此項不給分，不解讀為轉弱
81,1303,南亞,TWSE,塑膠工業,等待確認,正常持有,standard,今天不下單,每個交易日收盤後，檢查趨勢與法人籌碼,已有部位可續抱觀察，但暫不追價；若收盤跌破60日EMA約 201.40 且法人籌碼轉弱，先減碼三分之一。,未觸發明確減碼訊號,70.8,64.8,50.9,85,100,可用,247,252,46.75,23.17,9.92,31.17,177.84,5.17,39.84,4.1,0.32,31,727,-5293,-4602,2730,4176,-5649,33821.654,19921.594000000012,5883.466000000009,2348.0380000000114,1825,-208.57799999999997,29169.868000000002,50059.646,3,2,-51518766,2846.4050000000007,2600.989000000001,30.4,27894,17387,-23495,,30203.488,17283.767000000007,-25887.390999999992,-47004.73099999999,61.73,59.87,52.65,74.32,true,false,7.71,3.78,20日累積後5日轉為調節；主動ETF 5日轉為減碼；借券賣出與借券賣出餘額壓力升高；單季稅前獲利對營業外貢獻依賴偏高
82,3617,碩天,TWSE,其他電子業,等待確認,正常持有,standard,今天不下單,每個交易日收盤後，檢查趨勢與法人籌碼,已有部位可續抱觀察，但暫不追價；若收盤跌破60日EMA約 235.04 且法人籌碼轉弱，先減碼三分之一。,未觸發明確減碼訊號,58.8,64.8,73.6,85,100,完整,240.5,245.5,13.31,10.15,22.32,36.99,273.56,11.12,11.52,2.31,4.13,4,0,0,0,49,27,0,64.985,156.916,286.133,336.164,0,0,49.485,27.485,0,0,0,-20.734,-49.233000000000004,9.96,72,223,333,,65.343,177.65,285.88100000000003,375.0470000000001,47.7,40.14,46.1,28.21,false,true,-1.19,-2.24,20日趨勢尚未上彎
83,4772,台特化,TPEX,化學工業,等待確認,正常持有,standard,今天不下單,每個交易日收盤後，檢查趨勢與法人籌碼,已有部位可續抱觀察，但暫不追價；若收盤跌破60日EMA約 253.95 且法人籌碼轉弱，先減碼三分之一。,未觸發明確減碼訊號,60.4,64.8,57.1,85,100,可用,271,298,18.89,184.6,40.7,45.88,267.26,2.83,48.92,10.81,1.11,1,0,0,0,0,0,0,410.376,410.376,410.376,410.376,0,0,0,0,0,0,0,132.696,132.696,9.23,,,,,277.68,277.68,277.68,277.68,66.13,80.05,66.73,106.71,false,false,8.95,8.4,外資持股尚未完成5／10日可比核對或期間有非市場異動；此項不給分，不解讀為轉弱；20日趨勢尚未上彎；短線過熱或乖離過大
84,2801,彰銀,TWSE,金融保險業,等待確認,保護持有,protect,今天不新增部位；未完成確認前不機械式賣出,今天收盤後；若跌破，再看下一交易日是否收復,已有部位暫停加碼；若收盤跌破60日EMA約 25.30，且下一交易日仍未收復，先減碼三分之一；若ETF或外資繼續轉弱，再分批降低部位。,外資持股5/10日下降且外資5日賣超,66.8,64.7,59.1,85,100,可用,27.5,27.7,21.13,14.34,,93.5,,0.94,16.18,1.41,3.82,19,-111,983,650,31588,69346,0,-1406.906,-7752.507,-19379.087999999996,3926.069000000005,-98,587,32124.184,69823.90499999998,1,4,16142500,81.269,1673.5259999999998,16.43,-5376,-5659,-43625,,-1281.143,-8420.776,-53176.798,-68215.134,56.17,29.38,52.32,-16.51,false,false,0.67,-5.01,外資持股5/10日下降，且外資5日賣超
85,3324,雙鴻,TPEX,其他電子業,等待確認,正常持有,strong,強勢續抱；不追高,今日收盤確認是否守住20日EMA,"價格仍在20／60日EMA之上且短線強勢；法人未同步轉弱。若收盤跌破20日EMA約 1,424.07 且法人續弱，再轉為保護持有。",價格強勢站上20／60日EMA；法人未同步轉弱,64.5,64.7,52.4,85,100,可用,1630,1605,67.18,81.01,16.87,59.14,183.92,23.01,37.59,11.44,0.73,6,2,58,59,62,62,56,-580.284,-580.284,-580.284,-580.284,178.419,178.419,178.419,178.419,1,0,290822970,-48.707,-48.707,40.82,,,,,-709.996,-709.996,-709.996,-709.996,66.5,82.42,77.5,92.26,false,false,14.46,10.14,外資持股尚未完成5／10日可比核對或期間有非市場異動；此項不給分，不解讀為轉弱；短線過熱或乖離過大；高波動且5日漲幅過大
86,6834,天二科技,TWSE,電子零組件業,等待確認,保護持有,protect,今天不新增部位；未完成確認前不機械式賣出,今天收盤後；若跌破，再看下一交易日是否收復,已有部位暫停加碼；若收盤跌破60日EMA約 97.30，且下一交易日仍未收復，先減碼三分之一；若ETF或外資繼續轉弱，再分批降低部位。,外資持股5/10日下降且外資5日賣超,60.3,64.6,53.6,85,100,完整,112.5,113,114.3,52.76,10.85,40.75,153.28,1.6,48.91,6.45,0.36,1,0,0,0,0,-4,0,-315.171,-1414.632,-1130.4060000000002,1557.384,0,0,0,-4,0,0,0,141.011,65.35600000000001,12.32,-361,-1704,-1577,,-329.451,-1555.643,-1195.7620000000002,1312.727,60.2,68.03,65.26,73.57,false,false,7.44,1.81,外資持股5/10日下降，且外資5日賣超
87,8932,智通*,TPEX,數位雲端,等待確認,正常持有,standard,今天不下單,每個交易日收盤後，檢查趨勢與法人籌碼,已有部位可續抱觀察，但暫不追價；若收盤跌破60日EMA約 90.14 且法人籌碼轉弱，先減碼三分之一。,未觸發明確減碼訊號,64.1,64.6,62.6,85,100,可用,93.4,93,12.76,11.97,44.53,37.52,250.98,1.13,44.27,13.48,1.41,1,0,0,0,0,0,0,260.747,260.747,260.747,260.747,0,0,0,0,0,0,0,-109.633,-109.633,28.31,,,,,370.38,370.38,370.38,370.38,53.42,69.16,64.09,79.31,false,false,1.65,0.54,外資持股尚未完成5／10日可比核對或期間有非市場異動；此項不給分，不解讀為轉弱
88,2892,第一金,TWSE,金融保險業,等待確認,正常持有,standard,今天不下單,每個交易日收盤後，檢查趨勢與法人籌碼,已有部位可續抱觀察，但暫不追價；若收盤跌破60日EMA約 35.79 且法人籌碼轉弱，先減碼三分之一。,未觸發明確減碼訊號,74.2,64.5,53.5,85,100,可用,38.6,39.25,13.9,17.99,,94.24,,1.24,18.04,1.84,3.37,27,908,4852,5301,23984,47959,0,-3084.524,15662.643999999998,56486.363,205271.17,382,4739.762,23057.506999999998,50746.912999999986,5,0,182954813,420.253,2557.368,26.69,-3869,22011,41647,,-3536.945,10502.629,30871.488000000005,151598.71,56.96,42.01,63.19,-0.37,false,false,0.61,-3.02,借券賣出與借券賣出餘額壓力升高
89,8926,台汽電,TWSE,油電燃氣業,等待確認,正常持有,standard,今天不下單,每個交易日收盤後，檢查趨勢與法人籌碼,已有部位可續抱觀察，但暫不追價；若收盤跌破60日EMA約 59.99 且法人籌碼轉弱，先減碼三分之一。,未觸發明確減碼訊號,61.3,64.5,46,85,100,完整,58.3,58.5,1263.62,824.82,8.18,62.23,145.36,3.27,16.02,2.44,3.64,5,0,181,181,178,518,0,-313.911,-450.039,453.51099999999985,-4323.873999999999,1,186,212.579,546.7460000000001,4,0,10843800,1.2430000000000003,81.285,6.59,-371,-618,1100,,-321.865,-637.282,159.64700000000005,-4951.283,48.4,49.8,55.55,38.31,false,true,-0.14,-2.51,
90,6197,佳必琪,TWSE,電子零組件業,等待確認,正常持有,standard,今天不下單,每個交易日收盤後，檢查趨勢與法人籌碼,已有部位可續抱觀察，但暫不追價；若收盤跌破60日EMA約 304.76 且法人籌碼轉弱，先減碼三分之一。,未觸發明確減碼訊號,62.7,64.4,59.8,85,100,完整,319,336,25.35,23.68,22.77,43.32,210.43,7,26.97,6.93,2.17,1,0,0,0,0,-181,0,54.167,-30.92400000000002,530.145,-2520.264,0,0.027,-28.973,-216.973,1,0,8613,-149.068,-119.76800000000001,4.94,-83,-121,513,,66.712,118.11700000000003,678.886,-2231.6850000000004,56.84,71.65,63.62,87.72,false,false,2.96,-0.47,
91,6414,樺漢,TWSE,電腦及週邊設備業,等待確認,正常持有,standard,今天不下單,每個交易日收盤後，檢查趨勢與法人籌碼,已有部位可續抱觀察，但暫不追價；若收盤跌破60日EMA約 391.05 且法人籌碼轉弱，先減碼三分之一。,未觸發明確減碼訊號,63,64.4,50.6,85,100,完整,398,417,43.06,29.39,5.47,64.66,128.3,12.31,16.53,2.1,3.46,9,-3,-1,-1,9,20,0,655.582,186.872,-89.61099999999998,-1374.549,-3,-1,30,41,2,1,-398000,61.378,47.809999999999995,44.31,624,93,-198,,600.74,126.49399999999999,-167.42100000000005,-1433.1440000000002,56.37,59.13,48.38,80.61,false,false,4.04,6.85,20日累積後5日轉為調節；ETF 1/3日已轉為減碼；20日趨勢尚未上彎
92,2412,中華電,TWSE,通信網路業,等待確認,保護持有,protect,今天不新增部位；未完成確認前不機械式賣出,今天收盤後；若跌破，再看下一交易日是否收復,已有部位暫停加碼；若收盤跌破60日EMA約 139.73，且下一交易日仍未收復，先減碼三分之一；若ETF或外資繼續轉弱，再分批降低部位。,KD高檔死亡交叉（僅屬時機警示）,69.7,64.3,60.4,85,100,可用,144,144,25.61,9.5,21.73,30.99,122.39,2.68,28.29,3.05,3.61,36,168,1206,1531,-317,-1425,503,-173.945,11128.417,56433.365999999995,95513.723,-67,1341.0970000000002,-628.9909999999999,-278.256,4,1,193117968,-32.02000000000001,226.796,18.21,-758,7858,53535,,-152.945,9819.34,56835.561,95713.37700000001,64.99,77.55,88.58,55.49,true,true,1.36,-1.03,外資持股尚未完成5／10日可比核對或期間有非市場異動；此項不給分，不解讀為轉弱；KD高檔死亡交叉，等待動能確認
93,3293,鈊象,TPEX,文化創意業,等待確認,正常持有,standard,今天不下單,每個交易日收盤後，檢查趨勢與法人籌碼,已有部位可續抱觀察，但暫不追價；若收盤跌破60日EMA約 734.34 且法人籌碼轉弱，先減碼三分之一。,未觸發明確減碼訊號,69.9,64.3,56.2,85,100,可用,779,790,24.8,18.09,59.05,55.02,152.62,22.77,18,14.52,4.62,17,0,51,141,960,-4946,46,1140.367,1140.367,1140.367,1140.367,0,0,0,0,0,0,0,-25.252,-25.252,30.4,,,,,1165.619,1165.619,1165.619,1165.619,69.88,86.23,82.1,94.5,false,false,6.99,6.86,外資持股尚未完成5／10日可比核對或期間有非市場異動；此項不給分，不解讀為轉弱
94,6173,信昌電,TPEX,電子零組件業,等待確認,正常持有,standard,今天不下單,每個交易日收盤後，檢查趨勢與法人籌碼,已有部位可續抱觀察，但暫不追價；若收盤跌破60日EMA約 244.85 且法人籌碼轉弱，先減碼三分之一。,未觸發明確減碼訊號,62.7,64.1,63.3,85,100,可用,297.5,299.5,54.27,26.14,21.45,17.1,208.65,2.98,56.03,5.02,0.61,2,0,0,0,199,359,0,6.601,6.601,6.601,6.601,0,0,0,0,0,0,0,-22.022,-22.022,13.97,,,,,28.623,28.623,28.623,28.623,59.42,47.3,60.41,21.08,false,false,5.08,-5.25,外資持股尚未完成5／10日可比核對或期間有非市場異動；此項不給分，不解讀為轉弱
95,6907,雅特力-KY,TPEX,半導體業,等待確認,正常持有,standard,今天不下單,每個交易日收盤後，檢查趨勢與法人籌碼,已有部位可續抱觀察，但暫不追價；若收盤跌破60日EMA約 179.09 且法人籌碼轉弱，先減碼三分之一。,未觸發明確減碼訊號,59.4,64.1,58,85,100,可用,180.5,189,198.72,115.32,15.78,36.08,303.6,4,36.24,6.98,0.55,1,10,30,30,30,30,0,10.131,10.131,10.131,10.131,10,10,10,10,1,0,1805000,-0.869,-0.869,52.29,,,,,1,1,1,1,47.21,39.09,38.81,39.66,false,false,-2.03,-3.22,外資持股尚未完成5／10日可比核對或期間有非市場異動；此項不給分，不解讀為轉弱；20日趨勢尚未上彎
96,2609,陽明,TWSE,航運業,等待確認,正常持有,standard,今天不下單,每個交易日收盤後，檢查趨勢與法人籌碼,已有部位可續抱觀察，但暫不追價；若收盤跌破60日EMA約 56.32 且法人籌碼轉弱，先減碼三分之一。,未觸發明確減碼訊號,66.3,64,66.7,85,100,可用,58.4,59.1,56.17,11.93,7.6,28.37,420.88,2.05,13.15,0.62,3.42,9,8,125,224,-187,381,0,-6230.578,4914.746999999999,34911.486000000004,69985.14500000002,11,235,-186.572,736.081,5,0,13724000,-575.764,470.7269999999999,25.77,-6278,1962,32486,,-5903.084,5255.511,34627.331000000006,69985.13900000002,49.38,34.28,50.82,1.2,false,true,-1.22,-4.26,20日趨勢尚未上彎；當下除權息調整價未守20日EMA
97,3563,牧德,TWSE,光電業,等待確認,正常持有,strong,強勢續抱；不追高,今日收盤確認是否守住20日EMA,價格仍在20／60日EMA之上且短線強勢；法人未同步轉弱。若收盤跌破20日EMA約 699.76 且法人續弱，再轉為保護持有。,價格強勢站上20／60日EMA；法人未同步轉弱,60.5,64,67.1,85,100,完整,794,830,35.68,14.39,38.88,28.21,317.07,9.8,46.6,9.15,1.76,2,0,0,0,0,9,0,-161.846,-161.76000000000005,-183.25000000000006,-317.9810000000001,0,0,-13,-23,0,0,0,151.13199999999998,147.785,7.08,-164,-42,42,,-192.17,-312.89199999999994,-318.03499999999997,-398.6039999999999,71.08,77.71,60.64,111.85,false,false,13.47,18.33,短線過熱或乖離過大；融資增幅與短線漲幅同步偏高
98,5536,聖暉*,TPEX,其他電子業,等待確認,正常持有,standard,今天不下單,每個交易日收盤後，檢查趨勢與法人籌碼,已有部位可續抱觀察，但暫不追價；若收盤跌破60日EMA約 939.54 且法人籌碼轉弱，先減碼三分之一。,未觸發明確減碼訊號,62.5,64,54,85,100,可用,902,900,44.54,26.89,17.71,55.52,160.97,23.73,22.54,6.74,2.22,8,13,12,12,23,20,0,-107.437,-107.437,-107.437,-107.437,12.5,12.5,12.5,12.5,1,0,11275000,-3.72,-3.72,42.77,,,,,-116.217,-116.217,-116.217,-116.217,53.06,84.47,71.92,109.57,false,false,2.85,1.58,外資持股尚未完成5／10日可比核對或期間有非市場異動；此項不給分，不解讀為轉弱
99,6805,富世達,TWSE,電子零組件業,等待確認,正常持有,standard,今天不下單,每個交易日收盤後，檢查趨勢與法人籌碼,"已有部位可續抱觀察，但暫不追價；若收盤跌破60日EMA約 1,997.36 且法人籌碼轉弱，先減碼三分之一。",未觸發明確減碼訊號,65.1,63.8,55.4,85,100,可用,2515,2630,29.14,49.81,27.31,47.74,210.62,25.77,53.8,20.64,0.5,17,0,-98,130,82,-676,71,7.283,876.616,2117.527,2792.7699999999995,-111,1559.7,2078.7,629.7999999999997,3,2,3922645500,-54.587,-22.17300000000001,15.39,54,-506,74,,122.545,-628.4970000000001,61.00000000000006,2259.8639999999996,64.8,71.29,67.31,79.24,false,false,11.23,9.59,短線過熱或乖離過大
100,1513,中興電,TWSE,電機機械,等待確認,正常持有,standard,今天不下單,每個交易日收盤後，檢查趨勢與法人籌碼,已有部位可續抱觀察，但暫不追價；若收盤跌破60日EMA約 164.68 且法人籌碼轉弱，先減碼三分之一。,未觸發明確減碼訊號,70.8,63.7,48.9,85,100,完整,167,167.5,8.93,4.21,19.35,56.3,105.97,4.5,18.79,3.96,3.59,11,14,51,442,1277,924,0,893.339,2861.7270000000003,4198.8589999999995,5714.131999999999,101,496.999,1355.917,1122.917,3,0,82998833,187.989,337.396,13.14,583,1216,1272,,741.227,2176.739,2505.5460000000003,4476.148000000001,54.28,66.62,58.08,83.7,false,false,0.97,0,20日趨勢尚未上彎
101,2363,矽統,TWSE,半導體業,等待確認,正常持有,strong,強勢續抱；不追高,今日收盤確認是否守住20日EMA,價格仍在20／60日EMA之上且短線強勢；法人未同步轉弱。若收盤跌破20日EMA約 54.87 且法人續弱，再轉為保護持有。,價格強勢站上20／60日EMA；法人未同步轉弱,62.7,63.7,57.4,85,100,完整,59.2,60.9,81.06,92.6,5.52,5.93,176.11,0.2,109.63,0.62,1.03,3,10,30,30,30,30,0,9.42,203.3809999999994,4650.579,238.6899999999996,10,30,30,30,2,0,1776000,1484.3740000000003,1637.692,6.54,-267,-2478,3682,,-357.631,-1310.9930000000008,2982.8869999999993,-1689.6550000000007,65.21,69.07,63.86,79.49,false,false,7.88,10.24,
102,3037,欣興,TWSE,電子零組件業,等待確認,正常持有,strong,強勢續抱；不追高,今日收盤確認是否守住20日EMA,"價格仍在20／60日EMA之上且短線強勢；法人未同步轉弱。若收盤跌破20日EMA約 1,043.50 且法人續弱，再轉為保護持有。",價格強勢站上20／60日EMA；法人未同步轉弱,74.5,63.7,42.7,85,100,可用,1165,1155,56.26,34.16,11.71,59.23,176.35,11.7,77.56,14.96,0.17,50,387,449,376,1352,832,293,-179.003,15155.288999999999,18114.356,25401.306000000004,483.693,1362.34,1164.8749999999995,-7569.4490000000005,4,1,1587126100,235.52099999999996,249.44600000000003,41.89,-895,13859,16996,,-765.924,13557.428,16700.035,32278.010000000006,65.49,84.57,77.14,99.43,false,false,11.64,18.76,外資持股尚未完成5／10日可比核對或期間有非市場異動；此項不給分，不解讀為轉弱；單季稅前獲利對營業外貢獻依賴偏高
103,3529,力旺,TPEX,半導體業,等待確認,正常持有,strong,強勢續抱；不追高,今日收盤確認是否守住20日EMA,"價格仍在20／60日EMA之上且短線強勢；法人未同步轉弱。若收盤跌破20日EMA約 2,835.72 且法人續弱，再轉為保護持有。",價格強勢站上20／60日EMA；法人未同步轉弱,65.8,63.4,52.2,85,98.9,可用,3305,3505,42.77,21.9,60.64,43.12,194.99,15.75,110.87,70.77,0.62,16,11,64,71,70,65,74,-494.695,-494.695,-494.695,-494.695,242.969,242.969,242.969,242.969,1,0,803012545,-13.258,-13.258,57.95,,,,,-724.406,-724.406,-724.406,-724.406,67.46,86.06,82.16,93.87,false,false,16.55,16.17,外資持股尚未完成5／10日可比核對或期間有非市場異動；此項不給分，不解讀為轉弱；短線過熱或乖離過大；高波動且5日漲幅過大
104,5876,上海商銀,TWSE,金融保險業,等待確認,正常持有,standard,今天不下單,每個交易日收盤後，檢查趨勢與法人籌碼,已有部位可續抱觀察，但暫不追價；若收盤跌破60日EMA約 45.46 且法人籌碼轉弱，先減碼三分之一。,未觸發明確減碼訊號,68.3,62.9,59.3,85,100,可用,48.85,49,7.06,1.96,,88.62,,2.08,13.8,1.11,3.68,19,174,1721,2276,4824,9212,0,700.761,4084.5269999999996,13701.903999999999,59931.278,40,1759,4251.862,9786.806,5,0,85927150,1281.33,2197.455,55.67,141,-298,6066,,299.552,1044.1970000000001,7252.5869999999995,49450.373999999996,61.51,52.83,71.98,14.53,false,false,1.75,-1.21,
105,3189,景碩,TWSE,半導體業,等待確認,正常持有,strong,強勢續抱；不追高,今日收盤確認是否守住20日EMA,價格仍在20／60日EMA之上且短線強勢；法人未同步轉弱。若收盤跌破20日EMA約 858.31 且法人續弱，再轉為保護持有。,價格強勢站上20／60日EMA；法人未同步轉弱,81.5,62.8,36.8,85,100,可用,955,897,40.58,32.09,10.89,37.32,172.99,3.74,177.18,11.32,0.16,26,99,656,662,1673,1446,661,1342.055,22223.467999999997,22012.423999999995,15525.509999999997,287,1193.001,2441.001,-1528.6839999999997,3,2,1139315955,1693.775,1432.481,22.45,539,18033,17905,,1103.879,19336.692,18138.942,15905.575,64.95,78.61,70.34,95.14,false,false,11.26,14.78,高波動且5日漲幅過大；強勢上漲後盤中急跌反轉
106,4958,臻鼎-KY,TWSE,電子零組件業,等待確認,保護持有,protect,今天不新增部位；未完成確認前不機械式賣出,今天收盤後；若跌破，再看下一交易日是否收復,已有部位暫停加碼；若收盤跌破60日EMA約 484.44，且下一交易日仍未收復，先減碼三分之一；若ETF或外資繼續轉弱，再分批降低部位。,投信5/10日持續且具金額意義地賣超,73.4,62.8,47.6,85,100,可用,498.5,519,41.05,19.89,7.03,39.71,160.6,3.55,58.99,3.58,0.69,41,39,-185,640,1197,3248,592,13280.942,-2244.9580000000005,-19612.613000000005,-18393.696000000004,2941,-680.5859999999998,-954.9829999999997,8613.374,2,3,-339272121,534.7920000000001,1.5250000000001336,52.95,9156,4473,-7836,,9983.568,-2099.1640000000007,-18659.155000000002,-26735.98700000001,53.94,47.49,36.48,69.5,true,false,3.11,5.39,投信5/10日持續且具金額意義的賣超；借券賣出與借券賣出餘額壓力升高
107,3034,聯詠,TWSE,半導體業,等待確認,正常持有,standard,今天不下單,每個交易日收盤後，檢查趨勢與法人籌碼,已有部位可續抱觀察，但暫不追價；若收盤跌破60日EMA約 527.88 且法人籌碼轉弱，先減碼三分之一。,未觸發明確減碼訊號,62.9,62.7,58.5,85,100,可用,540,550,26.33,4.11,20.26,42.09,222.47,16.59,18.84,4.76,4.26,50,-154,-93,-281,347,1328,-27,892.613,1695.695,6684.881,13983.232999999998,-186,-355.509,272.467,1436.2060000000001,1,4,-191974860,250.514,557.4340000000001,45.15,1484,2909,5325,,1000.075,1800.69,5854.98,12133.89,49.33,49.27,57.91,31.98,false,true,-0.68,-3.23,20日累積後5日轉為調節；ETF 1/3日已轉為減碼；主動ETF 5日轉為減碼；投信20日買超後近5日轉賣；20日趨勢尚未上彎
108,2884,玉山金,TWSE,金融保險業,等待確認,保護持有,protect,今天不新增部位；未完成確認前不機械式賣出,今天收盤後；若跌破，再看下一交易日是否收復,已有部位暫停加碼；若收盤跌破60日EMA約 40.43，且下一交易日仍未收復，先減碼三分之一；若ETF或外資繼續轉弱，再分批降低部位。,外資持股5/10日下降且外資5日賣超,70,62.6,50.9,85,100,可用,44.9,44.9,19.29,21.26,,94.21,,1.32,18.63,2.58,3.12,31,1270,8199,9432,35391,74648,0,-1655.386,7310.124000000001,5408.949000000004,69131.126,221,7619.358,34306.118,83685.961,5,0,342109174,2951.962,4205.278,30.22,-3371,-32326,-45489,,-2727.04,-3261.196,-33102.447,-18590.564999999995,59.44,34.36,57.01,-10.95,false,false,1.3,-3.23,外資持股5/10日下降，且外資5日賣超
109,2353,宏碁,TWSE,電腦及週邊設備業,等待確認,正常持有,standard,今天不下單,每個交易日收盤後，檢查趨勢與法人籌碼,已有部位可續抱觀察，但暫不追價；若收盤跌破60日EMA約 31.38 且法人籌碼轉弱，先減碼三分之一。,未觸發明確減碼訊號,62.5,62.5,46.5,85,100,完整,31.4,31.5,38.41,25.08,1.64,67.67,121.95,0.96,18.69,1.22,4.14,16,102,541,662,3063,11352,0,-1682.667,-6378.084999999999,13566.800000000001,14405.188000000002,16,370.00899999999996,2805.302,11841.151,5,0,11618283,518.311,5024.0779999999995,13.78,92,-6393,12072,,-1721.914,-7266.405000000001,5737.42,-945.7440000000024,49.1,40.67,44.76,32.48,false,true,-0.56,-1.72,當下除權息調整價未守20日EMA；單季稅前獲利對營業外貢獻依賴偏高
110,2850,新產,TWSE,金融保險業,等待確認,正常持有,standard,今天不下單,每個交易日收盤後，檢查趨勢與法人籌碼,已有部位可續抱觀察，但暫不追價；若收盤跌破60日EMA約 155.26 且法人籌碼轉弱，先減碼三分之一。,未觸發明確減碼訊號,63.1,62.5,60.1,85,100,完整,161,160.75,4.71,9.52,,63.76,,8.51,10.47,2.31,4.52,5,0,0,0,-17,224,0,168.412,417.61199999999997,278.6089999999998,-171.2680000000002,0,0,-17,222,0,0,0,17.545,57.931,10.91,152,402,231,,145.463,400.067,237.67799999999994,-445.02600000000007,55.6,62.46,58.14,71.11,false,false,1.35,1.26,20日趨勢尚未上彎
111,2883,凱基金,TWSE,金融保險業,等待確認,保護持有,protect,今天不新增部位；未完成確認前不機械式賣出,今天收盤後；若跌破，再看下一交易日是否收復,已有部位暫停加碼；若收盤跌破60日EMA約 33.59，且下一交易日仍未收復，先減碼三分之一；若ETF或外資繼續轉弱，再分批降低部位。,外資持股5/10日下降且外資5日賣超,67,62.3,56.1,85,100,可用,38.95,39.4,-51.73,4170.37,,89.78,,1.64,13.62,1.54,2.57,28,1740,2647,2899,15538,22063,0,3505.481,-2972.5939999999973,1135.5980000000027,82468.995,732,108.53999999999996,10349.647,26721.576,2,3,4227633,1868.584,4479.209000000001,29.7,559,-1506,-4137,,1546.848,-4949.718000000001,-13693.258000000002,51590.416,65.75,55.45,69.98,26.39,false,false,3.75,-0.89,外資持股5/10日下降，且外資5日賣超
112,6155,鈞寶,TWSE,電子零組件業,等待確認,正常持有,strong,強勢續抱；不追高,今日收盤確認是否守住20日EMA,價格仍在20／60日EMA之上且短線強勢；法人未同步轉弱。若收盤跌破20日EMA約 57.59 且法人續弱，再轉為保護持有。,價格強勢站上20／60日EMA；法人未同步轉弱,61.7,62.3,56.6,85,100,完整,64,65.4,50.05,23.8,8.88,31.23,167.27,0.82,35.56,3.45,1.25,1,0,0,0,0,-4,0,-1016.908,-288.788,380.157,355.0649999999999,0,0,0,-4,0,0,0,31.080999999999996,29.080999999999996,7.78,-1055,-264,453,,-1063.534,-319.86900000000014,351.07599999999985,308.98399999999975,65.4,71.35,58.33,97.37,false,false,11.13,12.68,短線過熱或乖離過大；單季稅前獲利對營業外貢獻依賴偏高
113,2882,國泰金,TWSE,金融保險業,等待確認,正常持有,standard,今天不下單,每個交易日收盤後，檢查趨勢與法人籌碼,已有部位可續抱觀察，但暫不追價；若收盤跌破60日EMA約 104.03 且法人籌碼轉弱，先減碼三分之一。,未觸發明確減碼訊號,70.6,62,56.1,85,100,可用,111.5,113,-69.47,62.51,,92.45,,4.95,13.15,1.61,3.14,33,472,3569,3606,4705,15283,-175,3707.367,4866.874,-2946.1450000000004,9601.861999999997,-146,2791.723,3731.678,18208.387,3,2,311277114,-112.04200000000009,1684.5199999999998,23.16,3472,4805,-3945,,3743.01,2187.1930000000007,-8362.343,-10733.587,56.44,47.45,50.21,41.94,false,true,1.28,0.9,主動ETF 5日轉為減碼
114,1326,台化,TWSE,塑膠工業,等待確認,保護持有,protect,今天不新增部位；未完成確認前不機械式賣出,今天收盤後；若跌破，再看下一交易日是否收復,已有部位暫停加碼；若收盤跌破60日EMA約 63.48，且下一交易日仍未收復，先減碼三分之一；若ETF或外資繼續轉弱，再分批降低部位。,外資持股5/10日下降且外資5日賣超,66.9,61.9,54.7,85,100,完整,67.5,67.6,31.7,15.97,2.99,23.33,283.06,2.11,28.6,0.76,0.89,8,0,0,0,-555,-353,0,-326.083,-4408.836,-15076.939,60117.42599999999,0,0,-560.23,-284.281,0,0,0,-120.65700000000004,-455.947,38.63,209,-4270,-13859,,203.801,-4288.179,-14060.762000000002,61383.71799999999,52.77,36.09,30.75,46.78,true,false,0.76,-0.88,外資持股5/10日下降，且外資5日賣超；單季稅前獲利對營業外貢獻依賴偏高
115,2406,國碩,TWSE,光電業,等待確認,保護持有,protect,今天不新增部位；未完成確認前不機械式賣出,今天收盤後；若跌破，再看下一交易日是否收復,已有部位暫停加碼；若收盤跌破60日EMA約 30.18，且下一交易日仍未收復，先減碼三分之一；若ETF或外資繼續轉弱，再分批降低部位。,外資持股5/10日下降且外資5日賣超,62.2,61.9,45.8,85,100,完整,30.3,30.5,86.11,114.85,4.92,49.59,194.97,0.33,168.33,2.87,,1,0,0,0,0,-22,0,-712.555,-5441.554,-5749.546,-6213.35,0,0,0,-22,0,0,0,18.652,-111.69599999999998,6.61,-432,-4185,-4218,,-717.316,-5460.206,-5637.849999999999,-6060.7429999999995,59.84,76.71,67.67,94.81,false,false,5.8,9.58,外資持股5/10日下降，且外資5日賣超
116,2303,聯電,TWSE,半導體業,等待確認,正常持有,standard,今天不下單,每個交易日收盤後，檢查趨勢與法人籌碼,已有部位可續抱觀察，但暫不追價；若收盤跌破60日EMA約 134.95 且法人籌碼轉弱，先減碼三分之一。,未觸發明確減碼訊號,61.8,61.8,58.1,85,100,可用,153.5,156.5,30.71,14.66,20.21,33.34,216.6,4.68,23.08,4.34,1.7,61,798,-6528,-5534,7562,15825,-6819,-2148.99,9421.34,111277.723,95054.331,9537,17198.684,76518.351,123772.22300000001,4,1,2639997994,5692.83,13645.097999999998,41.2,-17818,-18814,17626,,-12782.614,-13470.173999999999,21114.273999999998,-47032.14600000001,61.81,64.45,73.02,47.31,false,false,5.97,-1.6,20日累積後5日轉為調節；外資持股尚未完成5／10日可比核對或期間有非市場異動；此項不給分，不解讀為轉弱；單季稅前獲利對營業外貢獻依賴偏高
117,5880,合庫金,TWSE,金融保險業,等待確認,正常持有,standard,今天不下單,每個交易日收盤後，檢查趨勢與法人籌碼,已有部位可續抱觀察，但暫不追價；若收盤跌破60日EMA約 25.65 且法人籌碼轉弱，先減碼三分之一。,未觸發明確減碼訊號,60.6,61.8,59.2,85,100,可用,26.05,26.05,23.6,18.31,,94.53,,0.8,17.03,1.41,4.03,17,537,839,1730,2876,-6794,0,-1405.379,-689.0649999999996,15879.272,103620.886,-1,1159.2060000000001,1947.2469999999998,-4096.348,3,2,30197316,3250.084,6299.259,17.34,-2963,-7365,6554,,-2250.947,-5098.355000000001,7632.765999999998,100334.341,44.48,25.9,48.18,-18.66,false,false,-2.01,-4.58,外資持股尚未完成5／10日可比核對或期間有非市場異動；此項不給分，不解讀為轉弱；當下除權息調整價未守20日EMA
118,8110,華東,TWSE,半導體業,等待確認,保護持有,protect,今天不新增部位；未完成確認前不機械式賣出,今天收盤後；若跌破，再看下一交易日是否收復,已有部位暫停加碼；若收盤跌破60日EMA約 46.33，且下一交易日仍未收復，先減碼三分之一；若ETF或外資繼續轉弱，再分批降低部位。,外資持股5/10日下降且外資5日賣超,56.5,61.7,68.4,85,100,完整,48.4,48.8,24.85,15.54,2.74,18.15,273.44,2.59,8.88,1.29,3.08,2,0,0,0,0,0,0,390.917,-9458.407,-7547.692,-7896.597000000002,0,0,0,0,0,0,0,341.69300000000004,508.0639999999999,1.08,605,-7120,-4718,,457.944,-9800.1,-8055.756000000001,-8218.917,57.78,66.86,63.14,74.29,false,false,5.16,2.11,外資持股5/10日下降，且外資5日賣超；單季稅前獲利對營業外貢獻依賴偏高
119,1560,中砂,TWSE,電機機械,等待確認,正常持有,standard,今天不下單,每個交易日收盤後，檢查趨勢與法人籌碼,已有部位可續抱觀察，但暫不追價；若收盤跌破60日EMA約 743.28 且法人籌碼轉弱，先減碼三分之一。,未觸發明確減碼訊號,68.3,61.6,54.8,85,100,可用,956,964,30.38,24.45,21.9,36.64,166.07,6.44,81.29,15.78,0.52,13,0,96,179,366,498,169,34.61,2199.4970000000003,2237.174,4782.527999999999,2,731.9,1407.9,1362.5,4,1,699696400,-160.827,-78.43499999999999,40.56,49,1657,951,,46.725,1628.424,907.7090000000001,3662.822,73.52,88.63,87.17,91.55,false,false,15.56,6.7,短線過熱或乖離過大
120,3211,順達,TPEX,電腦及週邊設備業,等待確認,正常持有,standard,今天不下單,每個交易日收盤後，檢查趨勢與法人籌碼,已有部位可續抱觀察，但暫不追價；若收盤跌破60日EMA約 377.98 且法人籌碼轉弱，先減碼三分之一。,未觸發明確減碼訊號,68.9,61.5,43.3,85,100,可用,386,390,17.34,20.9,9.45,52.5,143.34,3.4,52.02,6.65,2.97,7,2,2,2,112,266,0,-0.113,-0.113,-0.113,-0.113,1.8,1.8,1.8,1.8,1,0,694800,138.017,138.017,19.14,,,,,-139.93,-139.93,-139.93,-139.93,54.22,63.16,56.23,77.02,false,false,2.75,4.89,外資持股尚未完成5／10日可比核對或期間有非市場異動；此項不給分，不解讀為轉弱
121,6438,迅得,TWSE,其他電子業,等待確認,正常持有,standard,今天不下單,每個交易日收盤後，檢查趨勢與法人籌碼,已有部位可續抱觀察，但暫不追價；若收盤跌破60日EMA約 150.87 且法人籌碼轉弱，先減碼三分之一。,未觸發明確減碼訊號,63.9,61.5,55.8,85,100,完整,162,163,15.54,11.5,11.24,42.36,182.26,3.79,28.08,2.1,3.09,1,0,0,0,0,0,0,489.907,863.3960000000001,816.104,1507.303,0,0,0,0,0,0,0,108.26499999999999,147.96299999999997,7.84,499,695,479,,479.781,755.1310000000001,668.1410000000001,1360.5330000000001,66.73,70.04,53.36,103.38,false,false,7.17,9.09,
122,2881,富邦金,TWSE,金融保險業,等待確認,正常持有,standard,今天不下單,每個交易日收盤後，檢查趨勢與法人籌碼,已有部位可續抱觀察，但暫不追價；若收盤跌破60日EMA約 137.32 且法人籌碼轉弱，先減碼三分之一。,未觸發明確減碼訊號,66.3,61.1,53.4,85,100,可用,151.5,151.5,-48.02,172.43,,90.67,,6.67,14.16,1.87,2.81,35,-1271,-1748,-4416,415,1260,0,1964.917,3050.5889999999995,5002.679,6955.518999999999,-1687,-4903.965,96.34299999999985,2894.8279999999995,0,5,-742950697,241.4900000000001,1776.467,18.77,4059,6272,5242,,4214.038,7713.063999999999,3129.868999999999,2412.900999999999,59.39,55.66,65.02,36.92,false,true,1.98,0.66,20日累積後5日轉為調節；ETF 1/3日已轉為減碼；投信20日買超後近5日轉賣
123,3026,禾伸堂,TWSE,電子零組件業,等待確認,保護持有,protect,今天不新增部位；未完成確認前不機械式賣出,今天收盤後；若跌破，再看下一交易日是否收復,已有部位暫停加碼；若收盤跌破60日EMA約 694.50，且下一交易日仍未收復，先減碼三分之一；若ETF或外資繼續轉弱，再分批降低部位。,外資持股5/10日下降且外資5日賣超,69.1,61.1,50.2,85,100,可用,796,796,33.22,20.41,14.38,40.55,193.98,6.73,77.66,12.78,0.73,14,0,22,26,210,832,23,-748.712,-1581.004,-746.9329999999999,-1505.771,185,377,2019.302,5811.052,5,0,300092000,35.858,57.06199999999999,11.99,-909,-721,-1708,,-877.457,-1993.8619999999999,-2823.2969999999996,-7192.742999999999,57.43,55.76,55.96,55.35,false,false,5.77,-0.13,外資持股5/10日下降，且外資5日賣超
124,7610,聯友金屬-創,TWSE,綠能環保,等待確認,正常持有,standard,今天不下單,每個交易日收盤後，檢查趨勢與法人籌碼,"已有部位可續抱觀察，但暫不追價；若收盤跌破60日EMA約 1,711.42 且法人籌碼轉弱，先減碼三分之一。",未觸發明確減碼訊號,49.4,61,64.4,85,100,完整,1730,1600,852.63,563.52,63.23,52.41,289.5,25.37,49.66,26.97,0.14,1,0,0,0,11,11,0,-36.862,25.080999999999996,-882.625,-483.9590000000003,0,0,11,11,0,0,0,-2.0669999999999997,0.5460000000000002,19.12,-147,-167,-696,,-36.642,27.148000000000003,-894.171,-483.39799999999997,46.98,45.07,48.03,39.15,false,true,-4.27,-11.05,當下除權息調整價未守20日EMA
125,6147,頎邦,TPEX,半導體業,等待確認,正常持有,standard,今天不下單,每個交易日收盤後，檢查趨勢與法人籌碼,已有部位可續抱觀察，但暫不追價；若收盤跌破60日EMA約 188.15 且法人籌碼轉弱，先減碼三分之一。,未觸發明確減碼訊號,63,60.7,61.9,85,100,可用,208.5,218,43.61,23.86,16.68,13.08,262.19,1.87,50.36,2.65,1.34,12,12,-268,563,497,690,640,-1470.807,-1470.807,-1470.807,-1470.807,-288,-288,-288,-288,0,1,-60048000,-27.786,-27.786,33.81,,,,,-1155.021,-1155.021,-1155.021,-1155.021,56.85,62.44,72.93,41.45,false,true,3.92,-8.95,外資持股尚未完成5／10日可比核對或期間有非市場異動；此項不給分，不解讀為轉弱
126,2301,光寶科,TWSE,電腦及週邊設備業,等待確認,保護持有,protect,今天不新增部位；未完成確認前不機械式賣出,今天收盤後；若跌破，再看下一交易日是否收復,已有部位暫停加碼；若收盤跌破60日EMA約 262.90，且下一交易日仍未收復，先減碼三分之一；若ETF或外資繼續轉弱，再分批降低部位。,投信5/10日持續且具金額意義地賣超,65.2,60.6,45.6,85,100,可用,281,290,25.2,26.73,12.8,59.6,138.63,4.8,32.87,6.66,1.78,34,157,316,284,387,998,-29,-3261.889,-3922.159,-11956.208999999999,-32911.024,2,-971.748,-817.4480000000001,-1035.8770000000009,1,4,-273061188,100.33800000000002,-1581.1419999999998,43.03,-2978,343,-6215,,-3230.216,-3050.749,-9557.619,-28959.29,49.93,42.31,38.95,49.03,false,false,-0.98,-0.35,主動ETF 5日轉為減碼；投信5/10日持續且具金額意義的賣超；20日趨勢尚未上彎
127,4915,致伸,TWSE,電子零組件業,等待確認,正常持有,standard,今天不下單,每個交易日收盤後，檢查趨勢與法人籌碼,已有部位可續抱觀察，但暫不追價；若收盤跌破60日EMA約 64.13 且法人籌碼轉弱，先減碼三分之一。,未觸發明確減碼訊號,60.6,60.4,52.1,85,100,完整,63.5,63.7,20.38,13.33,4.03,62.65,127.13,2.55,12.83,1.47,7.2,11,0,538,538,2094,2436,0,-481.605,-25.932000000000016,453.8550000000005,-1708.5119999999995,3,540.815,2096.632,2438.371,3,0,34341753,50.24000000000001,-505.33799999999997,24.98,21,9,1133,,-458.475,-616.987,-1137.4389999999999,-3465.2019999999998,52.31,39.12,58.46,0.46,false,false,0.35,-3.05,
128,6683,雍智科技,TPEX,半導體業,等待確認,正常持有,standard,今天不下單,每個交易日收盤後，檢查趨勢與法人籌碼,"已有部位可續抱觀察，但暫不追價；若收盤跌破60日EMA約 1,409.20 且法人籌碼轉弱，先減碼三分之一。",未觸發明確減碼訊號,63.1,60.4,57.8,85,100,可用,1475,1485,25.74,29.82,28.83,25.08,307.5,12.24,65.85,14.38,0.61,4,0,-26,-16,8,61,-15,160.357,160.357,160.357,160.357,25,25,25,25,1,0,36875000,15.124,15.124,20.21,,,,,120.233,120.233,120.233,120.233,53.37,53.12,65.7,27.95,false,true,1.35,-11.68,20日累積後5日轉為調節；主動ETF 5日轉為減碼；外資持股尚未完成5／10日可比核對或期間有非市場異動；此項不給分，不解讀為轉弱
129,2401,凌陽,TWSE,半導體業,等待確認,正常持有,standard,今天不下單,每個交易日收盤後，檢查趨勢與法人籌碼,已有部位可續抱觀察，但暫不追價；若收盤跌破60日EMA約 26.27 且法人籌碼轉弱，先減碼三分之一。,未觸發明確減碼訊號,66.4,60.3,52.6,85,100,完整,26.05,26.5,40.95,24.27,9.83,27.75,359.89,0.35,260.5,1.81,,2,10,40,40,40,40,0,241.849,552.9259999999999,1168.635,-1499.154,10,40,40,40,2,0,1042000,67.556,153.497,16.68,-358,-1918,-1091,,174.783,445.36999999999995,975.1379999999999,-1428.1509999999998,53.92,70.98,63.21,86.53,false,false,2.45,2.36,ETF加碼，但外資持股5/10日同步下降
130,6191,精成科,TWSE,電子零組件業,等待確認,正常持有,standard,今天不下單,每個交易日收盤後，檢查趨勢與法人籌碼,已有部位可續抱觀察，但暫不追價；若收盤跌破60日EMA約 86.30 且法人籌碼轉弱，先減碼三分之一。,未觸發明確減碼訊號,54,60.2,55.9,85,100,可用,83.1,83,20.45,26.98,7.6,49.82,126.43,2.32,14.48,1.13,3.13,6,0,-67,-67,2,277,-67,587.797,196.62600000000006,699.1760000000002,1384.8920000000003,0,-67,-75,196,0,1,-5567700,20.776,24.595000000000002,4.44,656,613,1297,,595.03,242.84999999999994,749.5809999999999,1209.7350000000001,48.9,55.45,56,54.34,false,true,0.15,-0.12,20日累積後5日轉為調節；主動ETF 5日轉為減碼
131,8046,南電,TWSE,電子零組件業,等待確認,保護持有,protect,今天不新增部位；未完成確認前不機械式賣出,今天收盤後；若跌破，再看下一交易日是否收復,"已有部位暫停加碼；若收盤跌破60日EMA約 1,106.03，且下一交易日仍未收復，先減碼三分之一；若ETF或外資繼續轉弱，再分批降低部位。",投信5/10日持續且具金額意義地賣超,66.1,60.2,57.8,85,100,可用,1270,1280,40.59,39.56,17.18,24.03,338.73,5.53,149.24,16.66,0.16,34,107,134,-418,1028,2100,-280,1515.403,9379.756999999998,10363.623,3885.882999999997,-91,-1516.227,-479.09900000000005,-7283.492,2,3,-1925608290,701.7420000000001,964.387,12.92,1338,9233,9218,,1587.749,10194.242,9878.335000000001,11103.701000000001,61.7,83.94,70.91,109.98,false,false,10.92,15.45,20日累積後5日轉為調節；主動ETF 5日轉為減碼；投信5/10日持續且具金額意義的賣超；20日趨勢尚未上彎
132,3045,台灣大,TWSE,通信網路業,等待確認,正常持有,standard,今天不下單,每個交易日收盤後，檢查趨勢與法人籌碼,已有部位可續抱觀察，但暫不追價；若收盤跌破60日EMA約 116.95 且法人籌碼轉弱，先減碼三分之一。,未觸發明確減碼訊號,66.4,59.8,44.1,85,100,可用,121,122,8.5,4.73,12.15,61.22,52.55,2.86,22.87,4.38,3.92,36,127,271,199,2713,5190,-225,-81.522,8724.545,17530.733999999997,48859.95899999999,0,-425.969,2040.5840000000003,5805.942,1,3,-51542249,379.61199999999997,-310.41100000000006,19.07,-240,9230,16277,,-211.031,8770.902,15800.560999999998,44876.078,56.76,46.59,67.59,4.58,false,false,0.3,-2.42,主動ETF 5日轉為減碼；投信20日買超後近5日轉賣
133,3169,亞信,TPEX,半導體業,等待確認,正常持有,strong,強勢續抱；不追高,今日收盤確認是否守住20日EMA,價格仍在20／60日EMA之上且短線強勢；法人未同步轉弱。若收盤跌破20日EMA約 105.74 且法人續弱，再轉為保護持有。,價格強勢站上20／60日EMA；法人未同步轉弱,57,59.8,68.2,85,100,可用,115.5,115.5,9.62,5.36,26.67,19.13,496.46,1.96,30.31,4.13,2.77,1,0,0,0,0,0,0,240.981,240.981,240.981,240.981,0,0,0,0,0,0,0,-1.516,-1.516,5.95,,,,,242.497,242.497,242.497,242.497,71.73,68,57.04,89.92,false,false,9.23,11.59,外資持股尚未完成5／10日可比核對或期間有非市場異動；此項不給分，不解讀為轉弱
134,7795,長廣,TWSE,電子零組件業,等待確認,保護持有,protect,今天不新增部位；未完成確認前不機械式賣出,今天收盤後；若跌破，再看下一交易日是否收復,已有部位暫停加碼；若收盤跌破60日EMA約 490.81，且下一交易日仍未收復，先減碼三分之一；若ETF或外資繼續轉弱，再分批降低部位。,外資持股5/10日下降且外資5日賣超,57.6,59.7,58.9,85,100,完整,496,499.5,111.5,24.77,15.64,29.24,432.72,0.88,219.47,13.76,0.43,1,0,0,0,0,0,0,118.109,-382.779,-796.768,-991.4789999999998,0,0,-7,43,0,0,0,2.0089999999999995,-36.613,5.76,130,-340,-627,,123.331,-384.78799999999995,-753.155,-934.7880000000001,48.41,41.68,32.55,59.95,false,false,-1.15,1.85,外資持股5/10日下降，且外資5日賣超；20日趨勢尚未上彎；當下除權息調整價未守20日EMA
135,4763,材料*-KY,TWSE,化學工業,等待確認,保護持有,protect,今天不新增部位；未完成確認前不機械式賣出,今天收盤後；若跌破，再看下一交易日是否收復,已有部位暫停加碼；若收盤跌破60日EMA約 47.95，且下一交易日仍未收復，先減碼三分之一；若ETF或外資繼續轉弱，再分批降低部位。,外資持股5/10日下降且外資5日賣超,52,59.4,75.1,85,100,完整,46.85,47.1,20.82,-20.91,41.68,18.57,438.89,1.85,11.24,2.37,6.51,9,0,1,16,2783,5352,0,-889.672,-15116.823,-9927.553000000002,-7177.906000000003,8,28,2867.2819999999997,5430.93,4,0,1311800,-864.9280000000001,498.03299999999996,45.91,1933,-6755,-1662,,-928.094,-14279.894999999999,-13292.867999999997,-14287.05299999999,45.94,27.34,34.82,12.37,false,true,-2.54,-7.23,外資持股5/10日下降，且外資5日賣超；當下除權息調整價未守20日EMA
136,1904,正隆,TWSE,造紙工業,等待確認,正常持有,standard,今天不下單,每個交易日收盤後，檢查趨勢與法人籌碼,已有部位可續抱觀察，但暫不追價；若收盤跌破60日EMA約 23.76 且法人籌碼轉弱，先減碼三分之一。,未觸發明確減碼訊號,53.3,59,49.1,85,100,完整,24.25,24.2,23.12,9.49,6.98,58.93,121.21,1.45,11.18,0.88,1.86,1,0,0,0,0,0,0,-868.476,471.16599999999994,527.98,1329.5399999999997,0,0,-267,-308,0,0,0,-18.53,34.47,12.17,-944,419,680,,-881.476,489.696,760.51,1953.708,46.23,36.11,42.08,24.17,false,true,-1.75,-2.02,20日趨勢尚未上彎；當下除權息調整價未守20日EMA
137,5234,達興材料,TWSE,光電業,等待確認,正常持有,standard,今天不下單,每個交易日收盤後，檢查趨勢與法人籌碼,已有部位可續抱觀察，但暫不追價；若收盤跌破60日EMA約 319.27 且法人籌碼轉弱，先減碼三分之一。,未觸發明確減碼訊號,60.4,59,60.5,85,100,完整,322,354,18.52,11.28,20.09,31.51,235.6,4.44,38.42,9.98,2.02,3,0,0,0,0,30,0,145.9,144.033,64.78199999999998,-586.369,0,0,-2,-9,0,0,0,22.054999999999996,13.890999999999995,8.14,156,148,40,,162.968,121.97800000000001,52.891000000000005,-497.11699999999996,63.38,68.13,54.95,94.5,false,false,8.01,8.78,20日趨勢尚未上彎；短線過熱或乖離過大
138,8150,南茂,TWSE,半導體業,等待確認,正常持有,strong,強勢續抱；不追高,今日收盤確認是否守住20日EMA,價格仍在20／60日EMA之上且短線強勢；法人未同步轉弱。若收盤跌破20日EMA約 96.08 且法人續弱，再轉為保護持有。,價格強勢站上20／60日EMA；法人未同步轉弱,62.4,59,48.8,85,100,可用,104.5,109,33.27,30.04,10.25,47.09,238.63,2,32.55,2.94,1.18,7,0,5,5,35,76,0,-21302.189,28021.461000000003,45712.756,49929.488999999994,1,8,83,268,2,1,836000,604.7020000000001,2864.315,42.97,-19498,26655,40398,,-20626.616,27408.759,42765.441,47766.134,61.31,71.57,66.16,82.38,false,false,8.77,11.17,外資持股尚未完成5／10日可比核對或期間有非市場異動；此項不給分，不解讀為轉弱；短線過熱或乖離過大
139,9904,寶成,TWSE,運動休閒,等待確認,正常持有,standard,今天不下單,每個交易日收盤後，檢查趨勢與法人籌碼,已有部位可續抱觀察，但暫不追價；若收盤跌破60日EMA約 24.77 且法人籌碼轉弱，先減碼三分之一。,未觸發明確減碼訊號,65.6,59,57.2,85,100,完整,24.8,24.8,4.33,-1.77,2.25,34.13,162.9,2.37,5.25,0.39,5.24,11,23,360,560,10315,10521,0,490.116,4404.710999999999,7324.7029999999995,-12109.894000000004,-51,311.25800000000004,10053.119999999999,10904.005000000001,4,1,7719198,116.179,702.653,27.17,667,5259,1374,,424.398,3977.2740000000003,-3431.0699999999997,-24873.409999999996,53.44,79.09,73.89,89.48,false,false,0.62,0.4,累計營收負成長且當月改善不足；20日趨勢尚未上彎；單季稅前獲利對營業外貢獻依賴偏高
140,3450,聯鈞,TWSE,半導體業,等待確認,保護持有,protect,今天不新增部位；未完成確認前不機械式賣出,今天收盤後；若跌破，再看下一交易日是否收復,已有部位暫停加碼；若收盤跌破60日EMA約 513.21，且下一交易日仍未收復，先減碼三分之一；若ETF或外資繼續轉弱，再分批降低部位。,外資持股5/10日下降且外資5日賣超,65.5,58.7,40.9,85,100,可用,525,528,109.76,29.44,18.21,44.79,189.07,2.78,106.49,13.69,0.19,7,0,-80,123,403,1152,120,-20.941,-3514.219,-7745.380999999999,-11588.945999999998,0,1280,2014,64,1,3,672000000,-108.064,-358.4959999999999,17,-40,-3019,-6914,,17.404,-4686.155,-9400.884999999998,-11693.365000000002,48.63,42.41,41.56,44.1,true,true,-1.4,-2.42,外資持股5/10日下降，且外資5日賣超；20日趨勢尚未上彎；當下除權息調整價未守20日EMA；借券賣出與借券賣出餘額壓力升高
141,2886,兆豐金,TWSE,金融保險業,等待確認,正常持有,standard,今天不下單,每個交易日收盤後，檢查趨勢與法人籌碼,已有部位可續抱觀察，但暫不追價；若收盤跌破60日EMA約 48.45 且法人籌碼轉弱，先減碼三分之一。,未觸發明確減碼訊號,63.9,58.6,52.9,85,100,可用,49.1,49.15,15.55,16.58,,92.31,,1.44,19.11,1.81,3.56,34,1317,2794,3938,19589,25171,-569,-1612.507,12229.415,23098.625,139955.008,487,-6644.0650000000005,1004.9599999999991,13676.081999999997,3,2,-326223592,3307.5939999999996,5137.283,20.8,-3668,23927,29498,,-3664.53,15565.885999999999,16956.381999999998,123087.62099999998,45.73,20.07,37.03,-13.85,false,false,-1.94,-3.91,主動ETF 5日轉為減碼；當下除權息調整價未守20日EMA
142,2891,中信金,TWSE,金融保險業,等待確認,正常持有,standard,今天不下單,每個交易日收盤後，檢查趨勢與法人籌碼,已有部位可續抱觀察，但暫不追價；若收盤跌破60日EMA約 66.39 且法人籌碼轉弱，先減碼三分之一。,未觸發明確減碼訊號,65.1,58.6,51.8,85,100,可用,68.7,69.4,-32.01,36.5,,92.82,,1.96,16.44,1.96,3.64,38,1530,6098,6974,24743,50923,-297,2562.24,880.3100000000004,48723.096000000005,77657.437,189,4836.808,22305.582000000002,56932.751,4,1,332288710,3020.941,5706.739999999999,35.03,840,-11848,26399,,1392.658,-6977.439,20710.773999999998,16277.430999999993,53.9,45.48,58.04,20.36,false,false,0.61,-1.15,主動ETF 5日轉為減碼
143,6290,良維,TPEX,電子零組件業,等待確認,正常持有,standard,今天不下單,每個交易日收盤後，檢查趨勢與法人籌碼,已有部位可續抱觀察，但暫不追價；若收盤跌破60日EMA約 257.09 且法人籌碼轉弱，先減碼三分之一。,未觸發明確減碼訊號,58.1,58.6,58.1,85,100,可用,269.5,270.5,18.19,9.34,17.85,40.09,258.6,4.5,28.7,5.8,2.3,1,0,0,0,0,0,0,-93.039,-93.039,-93.039,-93.039,0,0,0,0,0,0,0,-79.206,-79.206,21.81,,,,,-13.833,-13.833,-13.833,-13.833,55.46,53.78,57.62,46.1,false,true,2.04,-4.6,外資持股尚未完成5／10日可比核對或期間有非市場異動；此項不給分，不解讀為轉弱
144,2880,華南金,TWSE,金融保險業,等待確認,保護持有,protect,今天不新增部位；未完成確認前不機械式賣出,今天收盤後；若跌破，再看下一交易日是否收復,已有部位暫停加碼；若收盤跌破60日EMA約 42.10，且下一交易日仍未收復，先減碼三分之一；若ETF或外資繼續轉弱，再分批降低部位。,外資持股5/10日下降且外資5日賣超；投信5/10日持續且具金額意義地賣超,61.6,58.5,50.4,85,100,可用,44.9,45.4,11.95,27.69,,94.68,,1.24,19.44,2.58,3.23,22,831,2158,696,-7629,-26396,-656,-1494.62,-3185.345,7254.908,63162.01500000001,-53,-1306.674,-9853.665,-21510.808000000005,2,3,-58669663,3567.0109999999995,4931.333,14.48,-2775,-19556,-8938,,-2826.738,-5445.682,12177.240000000002,83451.725,53.2,32.69,54.47,-10.87,false,false,-0.3,-5.77,主動ETF 5日轉為減碼；投信5/10日持續且具金額意義的賣超；外資持股5/10日下降，且外資5日賣超
145,1101,台泥,TWSE,水泥工業,等待確認,正常持有,standard,今天不下單,每個交易日收盤後，檢查趨勢與法人籌碼,已有部位可續抱觀察，但暫不追價；若收盤跌破60日EMA約 24.35 且法人籌碼轉弱，先減碼三分之一。,未觸發明確減碼訊號,68.9,58,40.8,85,100,完整,25.3,25.85,10.65,2.7,7.25,49.78,179.65,0.38,,0.82,3.16,6,-5,-51,-91,1777,3501,0,-520.245,26719.521999999997,-1534.4640000000072,-7657.789000000011,1,-65,1535,3006.415,2,3,-1644500,715.221,2775.5780000000004,12.71,-1458,15926,-38206,,-301.243,26069.301,-5845.042000000001,-12945.926,59.02,61.48,52.21,80.01,false,false,2.75,3.9,20日累積後5日轉為調節；ETF 1/3日已轉為減碼
146,3105,穩懋,TPEX,半導體業,等待確認,正常持有,standard,今天不下單,每個交易日收盤後，檢查趨勢與法人籌碼,已有部位可續抱觀察，但暫不追價；若收盤跌破60日EMA約 434.81 且法人籌碼轉弱，先減碼三分之一。,未觸發明確減碼訊號,62.7,58,46.5,85,100,可用,493,495,30.55,33.01,11.91,30.31,161.86,3.56,57.93,4.77,0.41,14,-6,-16,-13,213,-154,0,-1072.833,-1072.833,-1072.833,-1072.833,437,437,437,437,1,0,215441000,-2.73,-2.73,32.44,,,,,-1507.103,-1507.103,-1507.103,-1507.103,60.87,74.96,74.37,76.16,false,false,5.85,-1.4,ETF 1/3日已轉為減碼；外資持股尚未完成5／10日可比核對或期間有非市場異動；此項不給分，不解讀為轉弱
147,2464,盟立,TWSE,其他電子業,等待確認,正常持有,standard,今天不下單,每個交易日收盤後，檢查趨勢與法人籌碼,已有部位可續抱觀察，但暫不追價；若收盤跌破60日EMA約 177.56 且法人籌碼轉弱，先減碼三分之一。,未觸發明確減碼訊號,60.8,57.6,36.8,85,100,可用,192,195,73.71,31.44,4.36,55.35,126.78,0.66,505.26,7.29,0.24,4,0,0,6,0,202,0,541.799,-4949.7699999999995,-4463.555999999999,-632.676999999998,0,6,0,702,1,0,1152000,-85.973,15.798000000000002,13.65,522,-4017,-323,,659.704,-4869.7970000000005,-4479.354,-1644.7970000000005,51.99,66.16,56.44,85.61,false,false,0.91,-2.54,外資持股尚未完成5／10日可比核對或期間有非市場異動；此項不給分，不解讀為轉弱；20日趨勢尚未上彎
148,2484,希華,TWSE,電子零組件業,等待確認,正常持有,standard,今天不下單,每個交易日收盤後，檢查趨勢與法人籌碼,已有部位可續抱觀察，但暫不追價；若收盤跌破60日EMA約 70.17 且法人籌碼轉弱，先減碼三分之一。,未觸發明確減碼訊號,64.5,57.6,58.6,85,100,完整,76.9,77.4,25.09,1.71,10.26,19.25,453.99,0.86,55.32,2.99,0.91,1,0,0,0,0,-9,0,4994.97,3933.164,6109.122000000001,5410.123000000002,0,0,0,-9,0,0,0,108.86,142.964,9.49,5125,4175,5586,,4941.316,3824.304,5966.158,5324.685,60.59,71.95,62.55,90.74,false,false,7.33,9.23,20日趨勢尚未上彎；融資增幅與短線漲幅同步偏高
149,2492,華新科,TWSE,電子零組件業,等待確認,保護持有,protect,今天不新增部位；未完成確認前不機械式賣出,今天收盤後；若跌破，再看下一交易日是否收復,已有部位暫停加碼；若收盤跌破60日EMA約 310.51，且下一交易日仍未收復，先減碼三分之一；若ETF或外資繼續轉弱，再分批降低部位。,外資持股5/10日下降且外資5日賣超,57.2,57.6,55.2,85,100,可用,302,305,45.54,22.1,9.02,34.44,157.66,4.93,33.93,2.21,0.83,9,1,1,7,17,-11,0,-8100.464,-8576.866,-12874.535,-11824.513999999997,-61,-123,-5076,-5338,1,2,-37146000,333.753,776.4079999999999,10.9,-5895,-7395,-7330,,-7559.673,-8787.618999999999,-8574.943,-4587.13,49.13,35.84,38.73,30.06,true,true,-0.82,-2.42,外資持股5/10日下降，且外資5日賣超
150,2887,台新新光金,TWSE,金融保險業,等待確認,保護持有,protect,今天不新增部位；未完成確認前不機械式賣出,今天收盤後；若跌破，再看下一交易日是否收復,已有部位暫停加碼；若收盤跌破60日EMA約 38.02，且下一交易日仍未收復，先減碼三分之一；若ETF或外資繼續轉弱，再分批降低部位。,外資持股5/10日下降且外資5日賣超,62.2,57.5,53.2,85,100,可用,41.8,41.9,-44.54,81.88,,92.4,,1.69,15.48,1.54,2.63,35,1990,4824,4107,26955,101704,-1088,-10036.105,-40062.42,-22518.018000000004,67951.298,662,1909.978,24774.756999999998,110221.258,3,2,79837080,5310.51,6202.0779999999995,22.95,-9242,-39926,-38137,,-11665.083,-47282.908,-53494.853,-48826.89700000001,54.06,31.19,52.97,-12.38,false,false,-0.29,-5.86,主動ETF 5日轉為減碼；外資持股5/10日下降，且外資5日賣超；當下除權息調整價未守20日EMA
151,2481,強茂,TWSE,半導體業,等待確認,保護持有,protect,今天不新增部位；未完成確認前不機械式賣出,今天收盤後；若跌破，再看下一交易日是否收復,已有部位暫停加碼；若收盤跌破60日EMA約 153.19，且下一交易日仍未收復，先減碼三分之一；若ETF或外資繼續轉弱，再分批降低部位。,外資持股5/10日下降且外資5日賣超,61.9,57.3,40.8,85,100,完整,175.5,177,29.82,18.1,9.31,47.75,162.68,2.03,46.55,4.45,1.03,7,0,0,0,1060,4059,0,-3420.333,-6668.481,7872.5470000000005,-18633.862999999998,180,270,8048.6,15076.6,4,0,47385000,-106.21800000000002,550.386,9.5,-2620,-6040,-82,,-3192.86,-6832.262999999999,-726.4389999999985,-31764.066,63.87,79.06,74.86,87.47,false,false,8.46,4.15,外資持股5/10日下降，且外資5日賣超
152,3673,TPK-KY,TWSE,光電業,等待確認,保護持有,protect,今天不新增部位；未完成確認前不機械式賣出,今天收盤後；若跌破，再看下一交易日是否收復,已有部位暫停加碼；若收盤跌破60日EMA約 65.77，且下一交易日仍未收復，先減碼三分之一；若ETF或外資繼續轉弱，再分批降低部位。,外資持股5/10日下降且外資5日賣超,57.7,57.3,53.2,85,100,完整,68.7,71.8,16.14,15.26,-1.41,48,197.98,3.33,15,0.69,2.62,1,0,0,0,0,0,0,-632.558,-927.354,-381.13499999999976,-1294.116,0,0.076,0.076,0.076,1,0,5221,266.27500000000003,381.658,38.29,-1041,-1685,-392,,-843.518,-1193.7050000000002,-762.8690000000005,-1025.7980000000005,60.89,75.43,65.28,95.71,false,false,5.8,6.51,外資持股5/10日下降，且外資5日賣超；20日趨勢尚未上彎；單季稅前獲利對營業外貢獻依賴偏高
153,8028,昇陽半導體,TWSE,半導體業,等待確認,正常持有,strong,強勢續抱；不追高,今日收盤確認是否守住20日EMA,價格仍在20／60日EMA之上且短線強勢；外資偏弱先觀察，不因分歧減碼。若收盤跌破20日EMA約 252.67 且法人續弱，再轉為保護持有。,價格強勢站上20／60日EMA；外資偏弱，先觀察,58.6,57.2,39.6,85,100,完整,289,295.5,25.57,29.06,25.73,56.22,135.92,3.32,51.79,8.66,0.93,3,0,0,0,0,0,0,329.869,-480.33799999999997,-739.577,-6014.883000000001,2202,10453,14833,14948,4,0,3020917000,289.539,416.822,15.53,-2277,-9450,-12974,,-2008.153,-11222.877,-15989.399000000001,-21226.708,67.31,82.63,72.17,103.54,false,false,14.38,12.45,外資持股5/10日下降，且外資5日賣超；短線過熱或乖離過大；融資增幅與短線漲幅同步偏高；借券賣出與借券賣出餘額壓力升高
154,1102,亞泥,TWSE,水泥工業,等待確認,正常持有,standard,今天不下單,每個交易日收盤後，檢查趨勢與法人籌碼,已有部位可續抱觀察，但暫不追價；若收盤跌破60日EMA約 34.67 且法人籌碼轉弱，先減碼三分之一。,未觸發明確減碼訊號,63.6,56.9,55.3,85,100,完整,35.3,35.05,-1.3,-6.56,8.87,38.22,147.03,2.13,9.75,0.68,6.52,18,119,663,860,3026,9427,0,756.25,8986.655999999999,13148.152999999998,29089.88,25,537.967,2654.9170000000004,9924.157000000001,5,0,18990235,696.635,619.1939999999998,14.06,740,7810,10810,,398.156,7752.054,9874.042000000001,19841.144,54.37,64.23,71.78,49.13,false,true,0.41,0.43,累計營收負成長且當月改善不足；當下除權息調整價未守20日EMA；單季稅前獲利對營業外貢獻依賴偏高
155,8054,安國,TPEX,半導體業,等待確認,正常持有,standard,今天不下單,每個交易日收盤後，檢查趨勢與法人籌碼,已有部位可續抱觀察，但暫不追價；若收盤跌破60日EMA約 87.46 且法人籌碼轉弱，先減碼三分之一。,未觸發明確減碼訊號,67.5,56.8,26,85,100,可用,87.2,88.8,157.45,163.51,-5.37,48.62,119.56,-0.23,,3.6,0,1,20,50,50,50,50,0,188.458,188.458,188.458,188.458,20,20,20,20,1,0,1744000,4.251,4.251,4.91,,,,,164.207,164.207,164.207,164.207,58.6,52.16,51.73,53.03,true,true,3.99,3.32,外資持股尚未完成5／10日可比核對或期間有非市場異動；此項不給分，不解讀為轉弱
156,2838,聯邦銀,TWSE,金融保險業,等待確認,保護持有,protect,今天不新增部位；未完成確認前不機械式賣出,今天收盤後；若跌破，再看下一交易日是否收復,已有部位暫停加碼；若收盤跌破60日EMA約 20.76，且下一交易日仍未收復，先減碼三分之一；若ETF或外資繼續轉弱，再分批降低部位。,外資持股5/10日下降且外資5日賣超,48,55.7,64.7,85,100,完整,20.55,20.5,3.88,15.77,,91.54,,0.67,13.17,1.07,5.16,3,0,-5,-5,10,7,0,-2449.174,-2311.945,-1581.1189999999997,2731.081,5,15,23,12,3,1,308250,114.03200000000001,492.84799999999996,4.15,-2620,-2115,-2247,,-2488.963,-2440.9770000000003,-2096.967,2421.95,42.59,27.77,49.78,-16.27,false,false,-2.38,-3.97,20日累積後5日轉為調節；外資持股5/10日下降，且外資5日賣超；當下除權息調整價未守20日EMA
157,2351,順德,TWSE,半導體業,等待確認,正常持有,standard,今天不下單,每個交易日收盤後，檢查趨勢與法人籌碼,已有部位可續抱觀察，但暫不追價；若收盤跌破60日EMA約 206.79 且法人籌碼轉弱，先減碼三分之一。,未觸發明確減碼訊號,58.7,55.3,43.4,85,100,完整,215.5,214,61.22,32.46,10.82,41.64,196.42,2.82,55.12,5.11,0.48,3,0,0,0,8,115,0,165.49,3340.7810000000004,4804.152000000001,6818.534,0,65,103,720,1,0,14007500,-161.39900000000003,-402.0350000000001,27.46,-188,3096,5073,,126.488,3437.18,5103.187,6602.038,45.87,17.3,32.83,-13.77,false,false,-5.17,-10.77,當下除權息調整價未守20日EMA
158,2845,遠東銀,TWSE,金融保險業,等待確認,正常持有,standard,今天不下單,每個交易日收盤後，檢查趨勢與法人籌碼,已有部位可續抱觀察，但暫不追價；若收盤跌破60日EMA約 13.25 且法人籌碼轉弱，先減碼三分之一。,未觸發明確減碼訊號,47.4,55.3,66,85,100,可用,13.1,13.15,5.07,13.97,,92.03,,0.54,12.97,0.89,4.81,8,0,728,728,4185,5664,0,-2605.076,-4656.097,-55.43199999999979,64984.96,0,728,4185,5601,1,0,9536800,-1517.087,-1058.6760000000002,10.85,-2503,-3910,6315,,-2588,-3867.01,-3181.7560000000003,59028.951,39.53,15.54,32.2,-17.79,false,false,-2.6,-3.32,外資持股尚未完成5／10日可比核對或期間有非市場異動；此項不給分，不解讀為轉弱；當下除權息調整價未守20日EMA
159,3550,聯穎,TWSE,電子零組件業,等待確認,正常持有,strong,漲停先續抱；不追價,今日收盤確認是否守住20日EMA,價格仍在20／60日EMA之上且今日漲停；法人未同步轉弱。若收盤跌破20日EMA約 23.50 且法人續弱，再轉為保護持有。,今日漲停／趨勢站穩；法人未同步轉弱,58.9,55.2,39.9,85,100,完整,26.2,28.8,33.66,29.52,3.34,59.83,178.9,0.67,218.33,1.61,,1,0,0,0,0,-6,0,410.614,1195.3899999999999,2333.9929999999995,1651.4059999999995,0,0,0,-6,0,0,0,3.2409999999999997,-11.051,9.3,416,1199,2327,,409.476,1192.149,2345.0439999999994,1672.4249999999995,67.27,79.82,66.57,106.32,false,false,11.5,10.55,短線過熱或乖離過大
160,2489,瑞軒,TWSE,光電業,等待確認,正常持有,standard,今天不下單,每個交易日收盤後，檢查趨勢與法人籌碼,已有部位可續抱觀察，但暫不追價；若收盤跌破60日EMA約 38.52 且法人籌碼轉弱，先減碼三分之一。,未觸發明確減碼訊號,60.6,55.1,47.3,85,93,可用,41.1,41.5,23.59,16.63,0.78,42.95,188.56,0.44,29.57,1.9,2.92,3,0,12,12,37,72,0,647.85,-13405.87,-1910.8100000000013,1245.637999999999,13.7,25.5,-22.4,2.6000000000000014,2,0,1048050,-2490.817,-504.3719999999999,6.68,1333,-7530,3024,,780.114,-10940.553,-1384.0380000000005,3116.262999999999,54.66,53.94,57.94,45.93,false,true,2.06,-6.91,單季稅前獲利對營業外貢獻依賴偏高
161,3016,嘉晶,TWSE,半導體業,等待確認,正常持有,strong,強勢續抱；不追高,今日收盤確認是否守住20日EMA,價格仍在20／60日EMA之上且短線強勢；法人未同步轉弱。若收盤跌破20日EMA約 123.55 且法人續弱，再轉為保護持有。,價格強勢站上20／60日EMA；法人未同步轉弱,57.8,54.5,48,85,100,可用,172.5,185,57.79,34.73,14.09,31.1,295.64,1,143.75,9.62,0.29,2,0,0,0,0,0,0,2536.131,26275.967000000004,20175.106000000003,21994.246000000003,0,0,7,7,0,0,0,638.778,895.224,12.41,2322,25525,21744,,2406.738,25637.189000000002,19272.882,20604.958000000002,86.82,94.11,88.48,105.36,false,false,39.62,48.07,外資持股尚未完成5／10日可比核對或期間有非市場異動；此項不給分，不解讀為轉弱；短線過熱或乖離過大
162,2313,華通,TWSE,電子零組件業,等待確認,保護持有,protect,今天不新增部位；未完成確認前不機械式賣出,今天收盤後；若跌破，再看下一交易日是否收復,已有部位暫停加碼；若收盤跌破60日EMA約 225.96，且下一交易日仍未收復，先減碼三分之一；若ETF或外資繼續轉弱，再分批降低部位。,外資持股5/10日下降且外資5日賣超,59.6,54,43.1,85,100,可用,226,229,6.87,12.68,9.84,51.87,165.85,2.5,36.39,5.54,1.24,20,2,-51,-102,169,1928,-85,2103.797,-6377.893,-12195.600999999999,-28948.64100000001,747,67.22599999999989,1630.2689999999998,-5928.291000000001,3,2,15193076,-405.098,-493.5010000000001,18.65,-161,-6538,-9256,,1329.348,-6040.021,-13332.368999999999,-21914.129999999997,50.85,45.23,39.32,57.06,false,false,0.36,-1.09,20日累積後5日轉為調節；主動ETF 5日轉為減碼；外資持股5/10日下降，且外資5日賣超；20日趨勢尚未上彎
163,6640,均華,TPEX,半導體業,等待確認,正常持有,standard,今天不下單,每個交易日收盤後，檢查趨勢與法人籌碼,"已有部位可續抱觀察，但暫不追價；若收盤跌破60日EMA約 1,087.77 且法人籌碼轉弱，先減碼三分之一。",未觸發明確減碼訊號,52.5,53.7,45.8,85,90,可用,1040,1040,18.69,60.51,19.3,43.77,100.76,9.52,62.09,5.8,1.44,3,0,0,0,26,248,0,37.688,37.688,37.688,37.688,-80,-80,-80,-80,0,1,-83200000,18.688,18.688,4.7,,,,,99,99,99,99,45.22,15.78,18.05,11.24,false,false,-5.14,-11.86,外資持股尚未完成5／10日可比核對或期間有非市場異動；此項不給分，不解讀為轉弱；當下除權息調整價未守20日EMA
164,1301,台塑,TWSE,塑膠工業,等待確認,保護持有,protect,今天不新增部位；未完成確認前不機械式賣出,今天收盤後；若跌破，再看下一交易日是否收復,已有部位暫停加碼；若收盤跌破60日EMA約 60.52，且下一交易日仍未收復，先減碼三分之一；若ETF或外資繼續轉弱，再分批降低部位。,外資持股5/10日下降且外資5日賣超,65,52.3,47.3,85,100,完整,64.6,65.7,6.79,-1.47,1.77,26.47,301.26,2.19,39.39,0.72,0.77,5,0,0,0,19,-1527,0,790.35,-2783.891,-15536.088,47742.778999999995,0,0,-7,-1564.056,0,0,0,481.5190000000001,14.878000000000043,34.49,806,-4142,-17846,,790.55,-3265.41,-15543.966,48222.08,54.7,50.65,47.74,56.46,false,false,1.33,-0.62,累計營收負成長且當月改善不足；外資持股5/10日下降，且外資5日賣超；單季稅前獲利對營業外貢獻依賴偏高
165,1409,新纖,TWSE,紡織纖維,等待確認,正常持有,standard,今天不下單,每個交易日收盤後，檢查趨勢與法人籌碼,已有部位可續抱觀察，但暫不追價；若收盤跌破60日EMA約 24.15 且法人籌碼轉弱，先減碼三分之一。,未觸發明確減碼訊號,56.4,52.2,36.4,85,100,可用,24.35,24.5,-8.56,12.01,,76.61,103.39,1.18,11.07,0.82,3.7,3,0,0,0,0,327,0,263.795,-1283.9309999999998,-243.9269999999999,-26606.283,1,5,-183,127,3,0,121750,-753.7980000000001,-882.2530000000002,9.23,131,-1109,1559,,536.765,-535.1330000000004,821.3259999999991,-24866.42,49.06,30.35,24.86,41.35,true,false,-0.42,-0.61,20日趨勢尚未上彎
166,2634,漢翔,TWSE,航運業,等待確認,正常持有,standard,今天不下單,每個交易日收盤後，檢查趨勢與法人籌碼,已有部位可續抱觀察，但暫不追價；若收盤跌破60日EMA約 62.63 且法人籌碼轉弱，先減碼三分之一。,未觸發明確減碼訊號,57.7,51.8,37.1,85,96.6,可用,63.1,64.9,13.15,9.47,9.96,63.19,151.33,1.3,30.48,3.23,1.24,4,0,-1,-2,41,35,0,-1082.008,-2763.415,-323.3330000000001,-21786.380999999998,2,6,123,109,3,1,378600,-730.732,853.979,3.01,-488,-1746,737,,-1095.856,-2038.6830000000002,-1300.3120000000001,-21271.056,45.63,31.31,29.51,34.91,true,true,-1.86,-2.32,20日累積後5日轉為調節；20日趨勢尚未上彎
167,3035,智原,TWSE,半導體業,等待確認,正常持有,strong,強勢續抱；不追高,今日收盤確認是否守住20日EMA,價格仍在20／60日EMA之上且短線強勢；法人未同步轉弱。若收盤跌破20日EMA約 187.77 且法人續弱，再轉為保護持有。,價格強勢站上20／60日EMA；法人未同步轉弱,63.5,51.5,44.8,85,100,可用,210,217.5,29.88,-41.07,6.21,28.62,211.45,1.16,82.68,3.2,0.86,5,-18,2,2,2,42,0,1686.026,6301.176,11576.232,10272.089,-18,2,2,42,1,1,420000,815.0669999999999,2022.5539999999999,17.14,1797,6213,10232,,1569.855,5484.109,9551.678,8979.607,71.39,84.12,76.47,99.42,false,false,11.84,10.24,短線過熱或乖離過大
168,2377,微星,TWSE,電腦及週邊設備業,等待確認,正常持有,standard,今天不下單,每個交易日收盤後，檢查趨勢與法人籌碼,已有部位可續抱觀察，但暫不追價；若收盤跌破60日EMA約 146.79 且法人籌碼轉弱，先減碼三分之一。,未觸發明確減碼訊號,60.5,51.4,46.6,85,100,完整,151,152,-6.06,-6.42,6.74,54.86,182.8,7.59,13.1,2.2,2.78,20,22,61,65,873,2245,-28,168.128,1491.849,7461.993,24369.707,-3,-21,747.212,2341.212,1,4,-3171000,205.191,491.2160000000001,19.44,-104,1479,5667,,64.548,1307.658,6223.564999999999,21966.853,49.49,45.51,50.62,35.28,false,true,-0.52,-2.58,累計營收負成長且當月改善不足；主動ETF 5日轉為減碼
169,6122,擎邦,TPEX,電機機械,等待確認,正常持有,strong,強勢續抱；不追高,今日收盤確認是否守住20日EMA,價格仍在20／60日EMA之上且短線強勢；法人未同步轉弱。若收盤跌破20日EMA約 52.46 且法人續弱，再轉為保護持有。,價格強勢站上20／60日EMA；法人未同步轉弱,54.4,51.3,44.7,85,100,可用,59.7,60,13.59,-0.19,10.87,63.76,146.27,2.19,12.81,2.61,5.7,1,2,-12,42,65,80,0,220.211,220.211,220.211,220.211,2.794,2.794,2.794,2.794,1,0,166802,6.748,6.748,7.98,,,,,210.669,210.669,210.669,210.669,85.21,91.51,83.75,107.05,false,false,13.81,16.6,外資持股尚未完成5／10日可比核對或期間有非市場異動；此項不給分，不解讀為轉弱；短線過熱或乖離過大
170,2466,冠西電,TWSE,光電業,等待確認,保護持有,protect,今天不新增部位；未完成確認前不機械式賣出,今天收盤後；若跌破，再看下一交易日是否收復,已有部位暫停加碼；若收盤跌破60日EMA約 96.40，且下一交易日仍未收復，先減碼三分之一；若ETF或外資繼續轉弱，再分批降低部位。,外資持股5/10日下降且外資5日賣超,58.7,51.1,29.2,85,100,完整,113.5,112.5,59.92,1.39,-12.17,58.31,118.6,0.05,72.29,10.16,,1,0,0,0,0,-10,0,-700.918,-400.22400000000005,-49.99900000000008,126.51599999999993,0,0.049,0.049,-9.951,1,0,5562,4,6,11.71,-703,-404,-56,,-702.918,-404.273,-56.04800000000006,131.46699999999996,59.28,74.44,71.77,79.77,false,false,6.38,7.08,外資持股5/10日下降，且外資5日賣超；單季稅前獲利對營業外貢獻依賴偏高
171,3714,富采,TWSE,光電業,等待確認,保護持有,protect,今天不新增部位；未完成確認前不機械式賣出,今天收盤後；若跌破，再看下一交易日是否收復,已有部位暫停加碼；若收盤跌破60日EMA約 62.03，且下一交易日仍未收復，先減碼三分之一；若ETF或外資繼續轉弱，再分批降低部位。,外資持股5/10日下降且外資5日賣超,58.5,50.9,51.5,85,100,完整,68.1,68.9,14.23,6.22,-5.92,18.44,355.3,1.49,,1.16,1.32,2,0,0,0,0,0,0,1678.823,-3966.1639999999998,3519.929,11585.035,0,2,145,145,2,0,136200,-57.735000000000014,591.7379999999999,13.95,776,-5872,-2681,,1647.283,-3910.429,2783.191,10892.898,62.29,64.48,61.87,69.72,false,false,5.16,1.04,外資持股5/10日下降，且外資5日賣超；單季稅前獲利對營業外貢獻依賴偏高
172,3008,大立光,TWSE,光電業,等待確認,保護持有,protect,今天不新增部位；未完成確認前不機械式賣出,今天收盤後；若跌破，再看下一交易日是否收復,"已有部位暫停加碼；若收盤跌破60日EMA約 5,528.39，且下一交易日仍未收復，先減碼三分之一；若ETF或外資繼續轉弱，再分批降低部位。",外資持股5/10日下降且外資5日賣超,53.3,50.5,65.2,85,100,可用,6020,5960,-16.23,3.71,37.52,14.43,485.47,82.35,32.02,4.11,1.33,41,6,3,12,-467,-774,3,-328.433,-1568.403,-1727.312,-2337.0950000000003,1,167.915,-75.20699999999997,-199.22700000000003,3,2,1010848300,192.474,141.30399999999995,24.94,-243,-2133,-2338,,-278.144,-1928.792,-1793.4089999999997,-2505.1709999999994,47.45,27.49,31.15,20.16,false,true,-4.13,-6.38,外資持股5/10日下降，且外資5日賣超；20日趨勢尚未上彎；當下除權息調整價未守20日EMA
173,6462,神盾,TPEX,半導體業,等待確認,正常持有,standard,今天不下單,每個交易日收盤後，檢查趨勢與法人籌碼,已有部位可續抱觀察，但暫不追價；若收盤跌破60日EMA約 102.11 且法人籌碼轉弱，先減碼三分之一。,未觸發明確減碼訊號,63.1,50.5,30.1,85,100,可用,103,105,11.1,61.61,-21.7,32.94,114.5,-3.05,,1.27,0,1,30,60,60,60,60,0,335.873,335.873,335.873,335.873,30,30,30,30,1,0,3090000,5.853,5.853,13.49,,,,,300.02,300.02,300.02,300.02,59.47,62.76,49.41,89.45,false,false,3.81,6.08,外資持股尚未完成5／10日可比核對或期間有非市場異動；此項不給分，不解讀為轉弱；20日趨勢尚未上彎
174,5309,系統電,TPEX,電子零組件業,等待確認,正常持有,strong,漲停先續抱；不追價,今日收盤確認是否守住20日EMA,價格仍在20／60日EMA之上且今日漲停；法人未同步轉弱。若收盤跌破20日EMA約 52.43 且法人續弱，再轉為保護持有。,今日漲停／趨勢站穩；法人未同步轉弱,57.5,49.7,46.8,85,100,可用,59.1,65,27.55,9.37,-5.41,32.97,447.01,0.06,347.65,2.57,0.84,1,0,0,0,1,185,0,2779.457,2779.457,2779.457,2779.457,0,0,0,0,0,0,0,234.02,234.02,12.57,,,,,2545.437,2545.437,2545.437,2545.437,71.9,83.15,68.6,112.26,false,false,12.73,14.76,外資持股尚未完成5／10日可比核對或期間有非市場異動；此項不給分，不解讀為轉弱；短線過熱或乖離過大
175,3605,宏致,TWSE,電子零組件業,等待確認,正常持有,strong,強勢續抱；不追高,今日收盤確認是否守住20日EMA,價格仍在20／60日EMA之上且短線強勢；法人未同步轉弱。若收盤跌破20日EMA約 147.48 且法人續弱，再轉為保護持有。,價格強勢站上20／60日EMA；法人未同步轉弱,47.4,48.4,46,85,100,完整,182.5,184,17.24,17.16,6.38,44.58,178.17,1.89,48.03,3.58,0.86,1,0,10,10,10,10,10,-412.646,2911.4889999999996,10015.378,1163.7979999999995,0,5030.1,5030.1,5691.1,3,0,917993250,-343.92,-59.50700000000003,21.9,-454,-1950,5655,,-427.56,-1774.6910000000003,5044.785,-4174.225,78.54,89.09,85.77,95.75,false,false,23.75,18.51,短線過熱或乖離過大；高波動且5日漲幅過大
176,3715,定穎投控,TWSE,電子零組件業,等待確認,正常持有,standard,今天不下單,每個交易日收盤後，檢查趨勢與法人籌碼,已有部位可續抱觀察，但暫不追價；若收盤跌破60日EMA約 128.27 且法人籌碼轉弱，先減碼三分之一。,未觸發明確減碼訊號,54.4,48.3,26.2,85,100,完整,124.5,112.5,83.96,46.5,1.58,75.09,128.44,-1.55,,3.37,0.87,2,0,0,0,0,0,0,95.933,787.738,-272.71999999999986,-9146.958,0,0,0,0,0,0,0,164.197,74.126,9.87,382,1000,477,,50.226,623.5410000000002,-346.8459999999998,-9115.666,52.43,44.16,37.47,57.54,false,false,1.95,5.06,當下除權息調整價未守20日EMA
177,6182,合晶,TPEX,半導體業,等待確認,正常持有,standard,今天不下單,每個交易日收盤後，檢查趨勢與法人籌碼,已有部位可續抱觀察，但暫不追價；若收盤跌破60日EMA約 110.03 且法人籌碼轉弱，先減碼三分之一。,未觸發明確減碼訊號,57.3,47.9,34.5,85,100,可用,121,123,19.97,11.75,2.25,33.96,210.31,0.06,526.09,4.45,0,1,0,0,0,0,-157,0,-14335.508,-14335.508,-14335.508,-14335.508,0,0,0,0,0,0,0,-516.732,-516.732,23.34,,,,,-13818.776,-13818.776,-13818.776,-13818.776,58.62,74.94,67.4,90.01,false,false,6.96,4.31,外資持股尚未完成5／10日可比核對或期間有非市場異動；此項不給分，不解讀為轉弱；估值高，現有成長幅度尚未支撐目前估值
178,9933,中鼎,TWSE,其他,等待確認,正常持有,standard,今天不下單,每個交易日收盤後，檢查趨勢與法人籌碼,已有部位可續抱觀察，但暫不追價；若收盤跌破60日EMA約 40.09 且法人籌碼轉弱，先減碼三分之一。,未觸發明確減碼訊號,51.8,47.9,39.6,85,100,完整,40.35,40.4,5.25,-14.13,10.5,79.51,109.31,2.71,7.44,1.59,2.35,4,0,0,0,-136,1384,0,-926.984,-2073.7380000000003,-95.5440000000001,-1501.7739999999997,1,3,-234.09999999999997,1253.6,3,0,121050,121.59400000000001,-43.50400000000002,19.18,-998,-2263,225,,-996.741,-2198.3320000000003,182.05999999999938,-2186.3770000000004,47.11,27.85,48.03,-12.5,false,false,-1.38,-4.61,累計營收負成長且當月改善不足；當下除權息調整價未守20日EMA
179,6533,晶心科,TWSE,半導體業,等待確認,正常持有,strong,漲停先續抱；不追價,今日收盤確認是否守住20日EMA,價格仍在20／60日EMA之上且今日漲停；法人未同步轉弱。若收盤跌破20日EMA約 256.96 且法人續弱，再轉為保護持有。,今日漲停／趨勢站穩；法人未同步轉弱,62.8,45.5,37.3,85,100,完整,303.5,333.5,-25.73,40.4,-34.39,29.28,497.25,-4.62,,3.59,,1,-5,-5,5,15,-6,0,359.415,2344.21,3271.913,2754.7709999999997,-5,5,15,-6,1,1,1517500,76.33699999999999,88.18299999999999,15.65,332,1916,3063,,350.73,2262.873,3168.73,2685.293,70,79.08,63.56,110.11,false,false,18.11,12.2,ETF 1/3日已轉為減碼；短線過熱或乖離過大；高波動且5日漲幅過大；融資增幅與短線漲幅同步偏高
180,9921,巨大,TWSE,運動休閒,等待確認,正常持有,standard,今天不下單,每個交易日收盤後，檢查趨勢與法人籌碼,已有部位可續抱觀察，但暫不追價；若收盤跌破60日EMA約 91.27 且法人籌碼轉弱，先減碼三分之一。,未觸發明確減碼訊號,55.4,45.1,34.6,85,100,完整,94.1,94.4,3.21,-6.11,2.77,48.95,184.22,1.11,60.71,1.07,1.93,1,0,0,0,-162,-162,0,670.87,1048.386,2482.708,-552.882,0,0,-171,-173,0,0,0,-10.754,-26.853,31.99,-8,-157,1807,,660.213,1059.1399999999999,2680.561,-104.42599999999976,50.3,58.03,45.4,83.29,false,false,0.56,3.63,累計營收負成長且當月改善不足；20日趨勢尚未上彎
181,2201,裕隆,TWSE,汽車工業,等待確認,保護持有,protect,今天不新增部位；未完成確認前不機械式賣出,今天收盤後；若跌破，再看下一交易日是否收復,已有部位暫停加碼；若收盤跌破60日EMA約 29.05，且下一交易日仍未收復，先減碼三分之一；若ETF或外資繼續轉弱，再分批降低部位。,外資持股5/10日下降且外資5日賣超,50.4,43.4,32.4,85,100,完整,29.2,29.2,-2.02,-3.46,9.68,74.19,99.35,0.5,32.81,0.48,1.92,2,0,10,10,-63,-722,0,-311.828,-4044.299,-6993.360999999999,-17783.045,0,12,-159,-826,2,0,350400,67.602,574.835,4.49,-447,-5017,-4597,,-326.914,-4123.901,-7409.196,-17327.639999999996,45.9,7.28,12.75,-3.66,false,false,-1.51,-1.35,累計營收負成長且當月改善不足；外資持股5/10日下降，且外資5日賣超；當下除權息調整價未守20日EMA
182,3228,金麗科,TPEX,半導體業,等待確認,正常持有,strong,漲停先續抱；不追價,今日收盤確認是否守住20日EMA,價格仍在20／60日EMA之上且今日漲停；法人未同步轉弱。若收盤跌破20日EMA約 168.01 且法人續弱，再轉為保護持有。,今日漲停／趨勢站穩；法人未同步轉弱,60.4,43.4,34.5,85,100,可用,180,198,10.79,12.61,-42.81,14.14,297.68,-1,,19.03,0,1,5,35,35,35,25,0,164.565,164.565,164.565,164.565,5,5,5,5,1,0,900000,-66.015,-66.015,7.51,,,,,225.58,225.58,225.58,225.58,62.5,60.97,48.61,85.7,false,false,7.13,7.78,外資持股尚未完成5／10日可比核對或期間有非市場異動；此項不給分，不解讀為轉弱；短線過熱或乖離過大
183,2208,台船,TWSE,航運業,等待確認,正常持有,standard,今天不下單,每個交易日收盤後，檢查趨勢與法人籌碼,已有部位可續抱觀察，但暫不追價；若收盤跌破60日EMA約 19.19 且法人籌碼轉弱，先減碼三分之一。,未觸發明確減碼訊號,50.5,41.6,23.3,85,100,完整,19.1,19.1,55.64,-19.76,-9.53,85.87,108.02,0.28,38.98,3.2,,1,0,0,0,0,0,0,-625.561,1666.29,1284.7730000000004,1184.7130000000002,0,0,0,0,0,0,0,18,79,6.74,-628,1648,1206,,-627.561,1648.29,1205.7730000000004,1114.7130000000002,49.31,60.85,63.29,55.97,false,true,-0.18,-0.26,當下除權息調整價未守20日EMA；單季稅前獲利對營業外貢獻依賴偏高
184,2498,宏達電,TWSE,通信網路業,等待確認,正常持有,standard,今天不下單,每個交易日收盤後，檢查趨勢與法人籌碼,已有部位可續抱觀察，但暫不追價；若收盤跌破60日EMA約 41.18 且法人籌碼轉弱，先減碼三分之一。,未觸發明確減碼訊號,51,41.4,42.8,85,90,可用,43,44.5,-7.71,-6.92,-89.63,32.56,220.19,-0.62,16.6,1.37,1.16,3,0,0,0,-344,-352,0,954.115,-4209.727999999999,-5972.652999999999,-10789.619,0,0,-344,-352,0,0,0,671.405,915.026,8.27,1223,-3825,-3344,,565.118,-4881.133000000001,-6543.679,-11329.675000000001,66.21,57.76,44.16,84.96,false,false,5.5,8.72,累計營收負成長且當月改善不足；外資持股尚未完成5／10日可比核對或期間有非市場異動；此項不給分，不解讀為轉弱
185,4919,新唐,TWSE,半導體業,等待確認,保護持有,protect,今天不新增部位；未完成確認前不機械式賣出,今天收盤後；若跌破，再看下一交易日是否收復,已有部位暫停加碼；若收盤跌破60日EMA約 130.52，且下一交易日仍未收復，先減碼三分之一；若ETF或外資繼續轉弱，再分批降低部位。,外資持股5/10日下降且外資5日賣超,57.3,40.5,21.1,85,100,完整,135.5,136.5,12.1,1.01,-2.79,46.5,189.95,-0.57,,3.67,,5,10,30,26,-367,-365,0,-1135.817,-15871.690999999999,-14882.368999999997,-14703.850999999999,11,29.485,-281.515,-279.515,4,1,3995217,148.62300000000005,515.9480000000001,1.45,-927,-13437,-11928,,-1173.315,-16049.798999999999,-15116.802,-14803.483999999999,62.51,72.38,65.27,86.59,false,false,8.76,7.11,外資持股5/10日下降，且外資5日賣超；借券賣出與借券賣出餘額壓力升高；單季稅前獲利對營業外貢獻依賴偏高
186,2409,友達,TWSE,光電業,等待確認,正常持有,strong,強勢續抱；不追高,今日收盤確認是否守住20日EMA,價格仍在20／60日EMA之上且短線強勢；法人未同步轉弱。若收盤跌破20日EMA約 30.88 且法人續弱，再轉為保護持有。,價格強勢站上20／60日EMA；法人未同步轉弱,57.3,39.6,25.6,85,100,可用,35.05,36,-5.86,-1.82,-0.3,55.81,116.87,0.03,146.04,1.71,1.14,11,0,-27,-97,3048,610,0,23042.178,291767.22900000005,218641.02000000002,539225.418,0,152.808,3766.119,1328.2990000000004,1,3,5355920,28756.658,24282.460999999992,16.75,17694,228240,171943,,15537.128,262857.763,190592.43999999997,491814.56399999995,67.85,78.8,75.24,85.93,false,false,13.5,15.49,累計營收負成長且當月改善不足；20日累積後5日轉為調節；短線過熱或乖離過大；估值高，現有成長幅度尚未支撐目前估值；單季稅前獲利對營業外貢獻依賴偏高
187,2338,光罩,TWSE,半導體業,等待確認,正常持有,standard,今天不下單,每個交易日收盤後，檢查趨勢與法人籌碼,已有部位可續抱觀察，但暫不追價；若收盤跌破60日EMA約 43.94 且法人籌碼轉弱，先減碼三分之一。,未觸發明確減碼訊號,52.8,37.7,18,85,100,完整,47.1,47.6,-8.95,-4.54,0.07,65.87,86.6,0.61,,2.5,,1,0,0,0,0,0,0,235.705,-260.3510000000001,-4400.089,-7554.275,0,0,0,0,0,0,0,-310.827,-35.48700000000002,3.59,458,1066,-1737,,204.248,50.476,-4364.602,-7397.844999999999,58.06,30.69,43.77,4.54,false,false,4.13,-5.8,累計營收負成長且當月改善不足；單季稅前獲利對營業外貢獻依賴偏高
188,3363,上詮,TPEX,通信網路業,等待確認,正常持有,standard,今天不下單,每個交易日收盤後，檢查趨勢與法人籌碼,已有部位可續抱觀察，但暫不追價；若收盤跌破60日EMA約 658.01 且法人籌碼轉弱，先減碼三分之一。,未觸發明確減碼訊號,50,29.5,29.1,85,100,可用,652,653,13.2,-10.56,-30.58,11.1,873.99,-1.18,,12.96,0,3,0,0,0,89,389,0,139.662,139.662,139.662,139.662,0,0,0,0,0,0,0,0.038,0.038,22.24,,,,,139.624,139.624,139.624,139.624,47.29,25.83,21.51,34.47,true,false,-2.57,-4.54,外資持股尚未完成5／10日可比核對或期間有非市場異動；此項不給分，不解讀為轉弱；當下除權息調整價未守20日EMA
189,7856,漢測,TPEX,半導體業,等待確認,正常持有,standard,今天不下單,每個交易日收盤後，檢查趨勢與法人籌碼,已有部位可續抱觀察，但暫不追價；若收盤跌破60日EMA約 — 且法人籌碼轉弱，先減碼三分之一。,未觸發明確減碼訊號,30.3,27.1,36.7,85,76,可用,4315,4330,,,33.59,39.29,216.19,21.5,159.93,64.36,0.02,1,0,4,4,4,4,4,109.003,109.003,109.003,109.003,77,77,77,77,1,0,332255000,8,8,16.07,,,,,24.003,24.003,24.003,24.003,,,,,,,,,外資持股尚未完成5／10日可比核對或期間有非市場異動；此項不給分，不解讀為轉弱
190,2451,創見,TWSE,半導體業,暫不承接,保護持有,protect,今天不新增部位；未完成確認前不機械式賣出,今天收盤後；若跌破，再看下一交易日是否收復,已有部位暫停加碼；若收盤跌破60日EMA約 283.48，且下一交易日仍未收復，先減碼三分之一；若ETF或外資繼續轉弱，再分批降低部位。,ETF 5/10日同步減碼,70.4,84.4,88.7,85,100,可用,286,289,275.47,384,73.7,28.68,309.01,46.63,4.98,3.21,4.12,16,16,5,-15,-342,-328,38,694.141,1844.355,1968.716,-290.08299999999997,17,-12.2,-431.6,-387.40000000000003,1,3,-3489200,-5.756999999999998,5.346000000000011,11.76,203,773,1856,,666.931,1862.312,2394.97,145.061,51.12,73.62,62.45,95.96,false,false,0.48,1.06,ETF短中期同步減碼；20日趨勢尚未上彎
191,4967,十銓,TWSE,半導體業,暫不承接,保護持有,protect,今天不新增部位；未完成確認前不機械式賣出,今天收盤後；若跌破，再看下一交易日是否收復,已有部位暫停加碼；若收盤跌破60日EMA約 265.81，且下一交易日仍未收復，先減碼三分之一；若ETF或外資繼續轉弱，再分批降低部位。,ETF 5/10日同步減碼；外資持股5/10日下降且外資5日賣超,59.5,77.1,72.7,85,100,完整,272,275,275.06,87.02,35.94,50.67,191.64,53.44,4.04,2.07,3.17,3,-2,-2,-2,-2,242,0,77.481,-368.582,-846.476,2411.351,-2,-1.992,-2.392,241.608,1,1,-541824,-56.94,-172.90499999999997,11.6,136,-542,-433,,82.111,-309.65,-671.179,2467.7729999999997,50.3,44.13,40.85,50.67,true,true,-0.37,-1.81,ETF短中期同步減碼；20日累積後5日轉為調節；ETF 1/3日已轉為減碼；外資持股5/10日下降，且外資5日賣超；20日趨勢尚未上彎
192,6005,群益證,TWSE,金融保險業,暫不承接,保護持有,protect,今天不新增部位；未完成確認前不機械式賣出,今天收盤後；若跌破，再看下一交易日是否收復,已有部位暫停加碼；若收盤跌破60日EMA約 31.30，且下一交易日仍未收復，先減碼三分之一；若ETF或外資繼續轉弱，再分批降低部位。,ETF 5/10日同步減碼；外資持股5/10日下降且外資5日賣超,63.1,73.4,74.4,85,100,完整,31.65,31.9,45.35,99.72,,89.2,108.57,3.24,5.88,1.32,5.4,6,0,-5,-7,-5438,-8567,0,-2026.062,-4032.8559999999998,-14859.940999999999,-21668.009,4,8.583,-5331.6140000000005,-8480.614000000001,3,2,271652,0,0,16.81,-2091,-3814,-8416,,-2030.062,-4041.439,-9528.327000000001,-13187.395,50.16,49.78,50.25,48.82,false,true,-0.27,0.48,ETF短中期同步減碼；外資持股5/10日下降，且外資5日賣超
193,2395,研華,TWSE,電腦及週邊設備業,暫不承接,保護持有,protect,今天不新增部位；未完成確認前不機械式賣出,今天收盤後；若跌破，再看下一交易日是否收復,已有部位暫停加碼；若收盤跌破60日EMA約 633.01，且下一交易日仍未收復，先減碼三分之一；若ETF或外資繼續轉弱，再分批降低部位。,ETF 5/10日同步減碼,74.2,72.6,59.4,85,100,可用,730,743,87.52,45.88,19.04,40.5,171.12,9.05,46.23,11.47,1.53,35,31,-474,-550,-695,-1096,-588,6.543,2152.652,4680.024,6250.354,528,97.931,-63.97,131.183,2,3,71489630,134.421,150.094,36.1,-580,1988,4925,,-545.73,1920.3,4593.900000000001,5996.8640000000005,64.79,75.07,70.26,84.7,false,false,5.83,5.8,ETF短中期同步減碼；主動ETF 5日轉為減碼
194,2330,台積電,TWSE,半導體業,暫不承接,保護持有,protect,今天不新增部位；未完成確認前不機械式賣出,今天收盤後；若跌破，再看下一交易日是否收復,"已有部位暫停加碼；若收盤跌破60日EMA約 2,393.34，且下一交易日仍未收復，先減碼三分之一；若ETF或外資繼續轉弱，再分批降低部位。",ETF 5/10日同步減碼；投信5/10日持續且具金額意義地賣超,65,72.5,68.8,85,100,可用,2475,2485,53.32,39.26,59.29,30.94,245.76,49.33,28.69,9.98,0.89,69,1352,-769,-1218,-207,-10123,-2006,-2990.209,-2627.3670000000006,-11672.402000000002,-14432.556000000002,628.676,-1472.878,-368.9369999999998,-2328.851,2,3,-3645373050,1766.362,4946.006000000001,69.19,-4378,-9089,-22213,,-3736.382,-2920.8509999999997,-16249.471000000001,-17257.727,56.89,72.13,64.09,88.23,false,false,1.46,0.61,ETF短中期同步減碼；主動ETF 5日轉為減碼；投信5/10日持續且具金額意義的賣超；外資持股尚未完成5／10日可比核對或期間有非市場異動；此項不給分，不解讀為轉弱
195,2360,致茂,TWSE,其他電子業,暫不承接,保護持有,protect,今天不新增部位；未完成確認前不機械式賣出,今天收盤後；若跌破，再看下一交易日是否收復,"已有部位暫停加碼；若收盤跌破60日EMA約 2,134.54，且下一交易日仍未收復，先減碼三分之一；若ETF或外資繼續轉弱，再分批降低部位。",ETF 5/10日同步減碼；投信5/10日持續且具金額意義地賣超,68.1,72.5,61.2,85,100,可用,2185,2225,156.3,108.41,39.54,47.08,167.28,21.27,55.74,28.06,0.89,49,-152,-526,-840,-745,-759,-867,-490.493,313.56300000000005,249.66599999999997,2037.745,-446,-1297.3690000000001,-1219.776,68.03499999999985,0,5,-2834751265,123.269,300.863,59.41,111,1665,1299,,-25.606,1487.663,1168.5790000000002,1699.2599999999998,50.3,43.47,47.72,34.98,false,true,-0.73,-4.59,ETF短中期同步減碼；ETF 1/3日已轉為減碼；主動ETF 5日轉為減碼；投信5/10日持續且具金額意義的賣超
196,6691,洋基工程,TWSE,其他電子業,暫不承接,保護持有,protect,今天不新增部位；未完成確認前不機械式賣出,今天收盤後；若跌破，再看下一交易日是否收復,已有部位暫停加碼；若收盤跌破60日EMA約 628.31，且下一交易日仍未收復，先減碼三分之一；若ETF或外資繼續轉弱，再分批降低部位。,ETF 5/10日同步減碼,63.3,72.1,54.5,85,100,可用,654,654,213.7,112.82,16.22,72.04,135.24,17.46,19.56,10.64,3.36,9,-27,-27,-26,-237,-201,-13,-151.476,-224.062,180.776,-444.25500000000005,-26.6,4.399999999999999,-197.6,-146.6,1,1,2877600,-28.506,23.086,12.54,-144,-311,5118,,-110.779,-199.95599999999996,355.2900000000001,-313.4949999999999,57.26,79.71,72.02,95.08,false,false,3.47,0.62,ETF短中期同步減碼；ETF 1/3日已轉為減碼；主動ETF 5日轉為減碼；外資持股尚未完成5／10日可比核對或期間有非市場異動；此項不給分，不解讀為轉弱
197,3260,威剛,TPEX,半導體業,暫不承接,保護持有,protect,今天不新增部位；未完成確認前不機械式賣出,今天收盤後；若跌破，再看下一交易日是否收復,已有部位暫停加碼；若收盤跌破60日EMA約 400.63，且下一交易日仍未收復，先減碼三分之一；若ETF或外資繼續轉弱，再分批降低部位。,價格跌破60日EMA且20日趨勢向下,51.7,72,72,85,100,可用,377,386.5,279.81,218.14,38.98,62.91,181.44,62.46,4.87,3.1,4.51,15,14,14,-53,431,981,-15,-760.352,-760.352,-760.352,-760.352,15.1,15.1,15.1,15.1,1,0,5692700,45.752,45.752,23.06,,,,,-821.204,-821.204,-821.204,-821.204,36.98,11.91,15.51,4.69,false,false,-4.49,-4.92,中期趨勢仍向下；20日累積後5日轉為調節；主動ETF 5日轉為減碼；外資持股尚未完成5／10日可比核對或期間有非市場異動；此項不給分，不解讀為轉弱；20日趨勢尚未上彎；當下除權息調整價未守20日EMA
198,2615,萬海,TWSE,航運業,暫不承接,保護持有,protect,今天不新增部位；未完成確認前不機械式賣出,今天收盤後；若跌破，再看下一交易日是否收復,已有部位暫停加碼；若收盤跌破60日EMA約 102.86，且下一交易日仍未收復，先減碼三分之一；若ETF或外資繼續轉弱，再分批降低部位。,ETF 5/10日同步減碼；投信5/10日持續且具金額意義地賣超,53,70.8,80,85,100,可用,111,113,65.59,19.2,22.16,33.53,299.27,6.84,7.62,1.08,2.7,12,-39,-250,-416,-1395,-1068,-120,-3355.245,-8826.626,5409.503,-5177.121999999999,-37,-406.471,-1428.1860000000001,-1117.719,0,5,-45118281,-1883.062,468.9870000000003,48.34,-2141,-7005,6209,,-2107.812,-6537.093,6368.702,-2314.257999999999,49.28,30.73,46.41,-0.63,false,true,-2.06,-7.88,ETF短中期同步減碼；ETF 1/3日已轉為減碼；主動ETF 5日轉為減碼；投信5/10日持續且具金額意義的賣超；20日趨勢尚未上彎；當下除權息調整價未守20日EMA
199,5289,宜鼎,TPEX,電腦及週邊設備業,暫不承接,降低部位,trim,停止加碼；反彈未站回恢復區時分批減碼,每個交易日收盤後，確認是否站回恢復區,"已有部位先停止加碼。反彈若仍未站回 1,394.76，分批降低部位；只有站回且ETF／外資賣壓收斂後才重新評估。",價格跌破60日EMA且20日趨勢向下；ETF 5/10日同步減碼,49.7,70.2,77.8,85,100,可用,1280,1285,576.29,553.15,56.13,48.99,233.33,166.45,7.11,5.3,1.33,10,2,-50,-53,-52,-64,-55,-34.827,-34.827,-34.827,-34.827,2.497,2.497,2.497,2.497,1,0,3196160,-1.467,-1.467,17.5,,,,,-35.857,-35.857,-35.857,-35.857,40.46,33.82,34.6,32.27,false,true,-3.85,-2.66,中期趨勢仍向下；ETF短中期同步減碼；主動ETF 5日轉為減碼；外資持股尚未完成5／10日可比核對或期間有非市場異動；此項不給分，不解讀為轉弱；20日趨勢尚未上彎；當下除權息調整價未守20日EMA
200,9958,世紀鋼,TWSE,鋼鐵工業,暫不承接,保護持有,protect,今天不新增部位；未完成確認前不機械式賣出,今天收盤後；若跌破，再看下一交易日是否收復,已有部位暫停加碼；若收盤跌破60日EMA約 99.24，且下一交易日仍未收復，先減碼三分之一；若ETF或外資繼續轉弱，再分批降低部位。,價格跌破60日EMA且20日趨勢向下,61,70,58.6,85,100,可用,92.1,93,91.07,41.49,21.68,56.42,122.11,4.08,13.08,1.93,4.89,3,0,385,385,385,385,385,202.59,180.461,2749.404,2428.225,0,385,332.477,323.477,2,0,35458500,-3.249,-33.083999999999996,9.24,342,794,3879,,198.605,-201.28999999999996,2450.011,2253.6600000000003,44.82,66.96,66.35,68.17,true,false,-0.65,-2.02,中期趨勢仍向下；外資持股尚未完成5／10日可比核對或期間有非市場異動；此項不給分，不解讀為轉弱；20日趨勢尚未上彎；ETF加碼金額或跨基金共識尚未同時成立
201,8271,宇瞻,TWSE,半導體業,暫不承接,降低部位,trim,停止加碼；反彈未站回恢復區時分批減碼,每個交易日收盤後，確認是否站回恢復區,已有部位先停止加碼。反彈若仍未站回 212.44，分批降低部位；只有站回且ETF／外資賣壓收斂後才重新評估。,價格跌破60日EMA且20日趨勢向下；外資持股5/10日下降且外資5日賣超,49.7,69.7,70.2,85,100,完整,199.5,200,177.1,226.89,34.73,55.84,184.73,35.51,4.96,2.72,2.23,3,0,0,0,0,-280,0,-93.999,-654.438,-2039.15,-5449.435,0,0,-0.6,-280.6,0,0,0,-5.6370000000000005,-3.6259999999999994,8.67,-284,-195,-1200,,-103,-648.801,-2034.9240000000002,-5001.334999999999,37.22,16.27,17.33,14.14,false,true,-4.59,-2.92,中期趨勢仍向下；外資持股5/10日下降，且外資5日賣超；20日趨勢尚未上彎；當下除權息調整價未守20日EMA
202,2467,志聖,TWSE,電子零組件業,暫不承接,保護持有,protect,今天不新增部位；未完成確認前不機械式賣出,今天收盤後；若跌破，再看下一交易日是否收復,已有部位暫停加碼；若收盤跌破60日EMA約 553.36，且下一交易日仍未收復，先減碼三分之一；若ETF或外資繼續轉弱，再分批降低部位。,外資持股5/10日下降且外資5日賣超,62.7,69.1,57.3,85,100,完整,544,554,60.73,83.37,26.06,44,119.58,7.16,54.29,5.42,1.01,9,0,-1,-1,0,136,0,206.654,-149.162,-1006.5090000000001,-1631.334,0,-1,0,167.85899999999998,0,1,-544000,54.991,62.458000000000006,20.6,171,-235,-1055,,170.95,-203.15300000000002,-1068.967,-1762.7269999999999,48.22,40.65,24.64,72.67,true,false,-0.47,3.03,中期趨勢仍向下；20日累積後5日轉為調節；外資持股5/10日下降，且外資5日賣超；20日趨勢尚未上彎
203,5274,信驊,TPEX,半導體業,暫不承接,保護持有,protect,今天不新增部位；未完成確認前不機械式賣出,今天收盤後；若跌破，再看下一交易日是否收復,"已有部位暫停加碼；若收盤跌破60日EMA約 16,968.43，且下一交易日仍未收復，先減碼三分之一；若ETF或外資繼續轉弱，再分批降低部位。",ETF 5/10日同步減碼,65.1,68.4,54.4,85,100,可用,19395,19395,118.42,74.49,53.36,45.44,201.99,78.28,129.38,94.1,0.42,32,24,-39,-40,-24,-111,-36,-2.404,-2.404,-2.404,-2.404,13.979,13.979,13.979,13.979,1,0,271122705,1.195,1.195,53.38,,,,,-17.578,-17.578,-17.578,-17.578,58.56,59.62,63.94,50.98,false,true,4.27,0.54,ETF短中期同步減碼；主動ETF 5日轉為減碼；外資持股尚未完成5／10日可比核對或期間有非市場異動；此項不給分，不解讀為轉弱
204,2889,國票金,TWSE,金融保險業,暫不承接,保護持有,protect,今天不新增部位；未完成確認前不機械式賣出,今天收盤後；若跌破，再看下一交易日是否收復,已有部位暫停加碼；若收盤跌破60日EMA約 15.97，且下一交易日仍未收復，先減碼三分之一；若ETF或外資繼續轉弱，再分批降低部位。,ETF 5/10日同步減碼,56.5,68.1,67.4,85,100,可用,16.4,16.55,51.9,94.92,,88.92,,0.77,13.44,1.25,3.6,2,0,-3,-3,-3,-3,0,-3630.959,-8365.579,-5245.966,55572.565,0,-3,-3,-3,0,1,-49200,-55.855000000000004,531.159,11.41,-3961,-8541,-3243,,-3631,-8306.724,-5774.124999999998,54988.91500000001,49.11,26.88,49.17,-17.72,false,false,-1.06,-4.37,ETF短中期同步減碼；外資持股尚未完成5／10日可比核對或期間有非市場異動；此項不給分，不解讀為轉弱；當下除權息調整價未守20日EMA；官方重大訊息出現高風險關鍵字，須查原文
205,6672,騰輝電子-KY,TWSE,電子零組件業,暫不承接,正常持有,strong,強勢續抱；不追高,今日收盤確認是否守住20日EMA,價格仍在20／60日EMA之上且短線強勢；ETF偏弱先觀察，不因分歧減碼。若收盤跌破20日EMA約 299.97 且法人續弱，再轉為保護持有。,價格強勢站上20／60日EMA；ETF偏弱，先觀察,64,67.6,65.6,85,100,完整,335.5,336.5,133.24,53.6,14.55,29.42,311.02,4.75,50.68,5.7,1,2,0,-3,-3,-3,-21,-3,-947.584,2914.42,4287.216,2585.783,0,-2.989,98.011,80.011,1,1,-1002809,117.071,156.61100000000002,27.02,-722,2415,3907,,-899.995,2800.3379999999997,4032.593999999999,2371.429999999999,67.6,82.12,70.28,105.8,false,false,11.84,11.09,ETF短中期同步減碼；主動ETF 5日轉為減碼；短線過熱或乖離過大
206,3017,奇鋐,TWSE,電腦及週邊設備業,暫不承接,保護持有,protect,今天不新增部位；未完成確認前不機械式賣出,今天收盤後；若跌破，再看下一交易日是否收復,"已有部位暫停加碼；若收盤跌破60日EMA約 3,015.71，且下一交易日仍未收復，先減碼三分之一；若ETF或外資繼續轉弱，再分批降低部位。",ETF 5/10日同步減碼；外資持股5/10日下降且外資5日賣超,63.7,67,47.8,85,100,可用,3400,3450,54.34,76.1,25.97,68.07,126.07,44.54,45.32,24.19,0.61,49,-330,-270,-321,-255,-446,-369,-919.088,-737.507,-408.299,704.761,-513.1,-237.31199999999998,-333.52599999999995,-306.134,3,2,-806860800,159.77599999999998,372.096,54.21,-365,-421,-53,,-452.792,-659.971,-446.8689999999999,858.2150000000001,55.44,69.55,63.99,80.68,false,false,2.39,-0.87,ETF短中期同步減碼；ETF 1/3日已轉為減碼；主動ETF 5日轉為減碼；外資持股5/10日下降，且外資5日賣超
207,3680,家登,TPEX,半導體業,暫不承接,保護持有,protect,今天不新增部位；未完成確認前不機械式賣出,今天收盤後；若跌破，再看下一交易日是否收復,已有部位暫停加碼；若收盤跌破60日EMA約 500.45，且下一交易日仍未收復，先減碼三分之一；若ETF或外資繼續轉弱，再分批降低部位。,ETF 5/10日同步減碼,64.1,66.9,55.3,85,100,可用,548,555,49.94,31.32,16.54,47.06,233.81,8.09,36.85,4.06,1.26,3,-2,-2,-2,-1,37,0,249.32,249.32,249.32,249.32,-1.348,-1.348,-1.348,-1.348,0,1,-738704,34.356,34.356,31.31,,,,,216.312,216.312,216.312,216.312,58.84,71.49,59.59,95.29,false,false,5.07,2.81,ETF短中期同步減碼；20日累積後5日轉為調節；ETF 1/3日已轉為減碼；外資持股尚未完成5／10日可比核對或期間有非市場異動；此項不給分，不解讀為轉弱
208,1795,美時,TWSE,生技醫療業,暫不承接,保護持有,protect,今天不新增部位；未完成確認前不機械式賣出,今天收盤後；若跌破，再看下一交易日是否收復,已有部位暫停加碼；若收盤跌破60日EMA約 184.92，且下一交易日仍未收復，先減碼三分之一；若ETF或外資繼續轉弱，再分批降低部位。,價格跌破60日EMA且20日趨勢向下,58.3,66.8,56.9,85,100,完整,177.5,177.5,81.68,69.19,24.59,77.62,146.44,4.65,12.54,1.94,1.52,2,0,0,0,0,-44,0,74.235,-81.481,335.051,-1824.2869999999998,0,2,10,-37,2,0,355000,-53.553,-71.165,49.91,391,295,1577,,100.072,-29.927999999999997,396.216,-1648.5040000000001,43.84,54.58,54.55,54.66,false,false,-1.12,-1.39,中期趨勢仍向下；20日趨勢尚未上彎；當下除權息調整價未守20日EMA
209,6214,精誠,TWSE,資訊服務業,暫不承接,保護持有,protect,今天不新增部位；未完成確認前不機械式賣出,今天收盤後；若跌破，再看下一交易日是否收復,已有部位暫停加碼；若收盤跌破60日EMA約 169.27，且下一交易日仍未收復，先減碼三分之一；若ETF或外資繼續轉弱，再分批降低部位。,ETF 5/10日同步減碼,62.7,66.8,53.6,85,100,完整,189,188,61.91,39.65,4.26,57.26,154,6.15,17.65,2.8,3.17,9,10,-13,-13,-38,324,-22,-232.428,548.512,2232.7169999999996,3770.879999999999,10,-11,22.973,160.19799999999998,3,1,-2079000,-18.479999999999997,-91.80599999999998,17.73,-133,952,2773,,-223.045,577.992,2301.5499999999997,3781.4219999999996,63.61,52.42,63.05,31.15,false,false,1.35,-2.83,ETF短中期同步減碼；20日累積後5日轉為調節；主動ETF 5日轉為減碼
210,3030,德律,TWSE,其他電子業,暫不承接,降低部位,trim,停止加碼；反彈未站回恢復區時分批減碼,每個交易日收盤後，確認是否站回恢復區,已有部位先停止加碼。反彈若仍未站回 288.27，分批降低部位；只有站回且ETF／外資賣壓收斂後才重新評估。,價格跌破60日EMA且20日趨勢向下；ETF 5/10日同步減碼,62.3,66.7,69.9,85,100,完整,276,282,31.88,27.42,38.59,34.3,215.96,7.36,20.91,6.7,2.54,6,0,-1,-1,-2,-5,0,306.567,629.086,667.36,-1383.505,0,1,13.3,7.300000000000001,1,0,276000,55.64,44.807,9.72,307,214,399,,242.076,572.4459999999999,609.2529999999999,-1255.2069999999999,50.3,64.07,49.19,93.82,false,false,1.18,3.37,中期趨勢仍向下；ETF短中期同步減碼；20日趨勢尚未上彎
211,6446,藥華藥,TWSE,生技醫療業,暫不承接,保護持有,protect,今天不新增部位；未完成確認前不機械式賣出,今天收盤後；若跌破，再看下一交易日是否收復,"已有部位暫停加碼；若收盤跌破60日EMA約 1,226.42，且下一交易日仍未收復，先減碼三分之一；若ETF或外資繼續轉弱，再分批降低部位。",外資持股5/10日下降且外資5日賣超,57.3,66.3,68.9,85,100,可用,1195,1240,105.43,81.24,43.77,16.54,527.8,11.35,58.52,12.13,0.22,22,16,-4,-50,8424,8275,-5,-54.882,-1806.641,-2471.2580000000003,-6893.023,0,-47.684999999999995,8424.06,7579.533999999999,2,2,-56983575,-16.845,39.937,21.99,188,-3641,-10431,,50.725,-1742.1109999999999,-10935.255000000001,-14452.752999999999,42.84,34.45,20.44,62.48,true,false,-4.04,1.27,中期趨勢仍向下；20日累積後5日轉為調節；主動ETF 5日轉為減碼；外資持股5/10日下降，且外資5日賣超；20日趨勢尚未上彎；當下除權息調整價未守20日EMA
212,1714,和桐,TWSE,化學工業,暫不承接,保護持有,protect,今天不新增部位；未完成確認前不機械式賣出,今天收盤後；若跌破，再看下一交易日是否收復,已有部位暫停加碼；若收盤跌破60日EMA約 15.80，且下一交易日仍未收復，先減碼三分之一；若ETF或外資繼續轉弱，再分批降低部位。,未觸發明確減碼訊號,58.6,65.4,66.2,85,100,完整,15.75,16.05,56.11,60.54,11.49,29.6,335.99,0.89,13.35,1.16,1.14,1,0,0,0,0,-1847,0,87.35,3402.0199999999995,4839.635999999999,-19051.647,0,0,0,-1847,0,0,0,-116.64299999999999,-249.059,16.4,-739,1649,3957,,72.944,3518.6629999999996,5088.695,-17388.931,46.6,62.92,56.16,76.44,false,false,-1.68,0.32,中期趨勢仍向下；20日趨勢尚未上彎
213,6442,光聖,TWSE,通信網路業,暫不承接,保護持有,protect,今天不新增部位；未完成確認前不機械式賣出,今天收盤後；若跌破，再看下一交易日是否收復,"已有部位暫停加碼；若收盤跌破60日EMA約 1,590.74，且下一交易日仍未收復，先減碼三分之一；若ETF或外資繼續轉弱，再分批降低部位。",ETF 5/10日同步減碼；投信5/10日持續且具金額意義地賣超,53.8,65.4,67.2,85,100,完整,1500,1635,152.24,42.6,29.66,31.99,217.81,19.07,44.38,9.01,0.75,9,0,-105,-178,-176,17,-178,-249.434,-1298.344,-1455.7690000000002,-542.789,0,-1127,-1682,-947.5,0,4,-1690500000,-13.538,-94.44399999999999,32.34,-293,-183,285,,-241.65,-157.806,320.67499999999995,371.62199999999984,44.34,13,14.12,10.75,false,false,-4.53,-4.76,中期趨勢仍向下；ETF短中期同步減碼；20日累積後5日轉為調節；主動ETF 5日轉為減碼；投信5/10日持續且具金額意義的賣超；20日趨勢尚未上彎
214,2337,旺宏,TWSE,半導體業,暫不承接,降低部位,trim,停止加碼；反彈未站回恢復區時分批減碼,每個交易日收盤後，確認是否站回恢復區,已有部位先停止加碼。反彈若仍未站回 126.46，分批降低部位；只有站回且ETF／外資賣壓收斂後才重新評估。,價格跌破60日EMA且20日趨勢向下；ETF 5/10日同步減碼；外資持股5/10日下降且外資5日賣超,52,65.2,66.4,85,100,可用,118.5,120,218.53,149.14,36.83,35.77,235.89,4.82,28.08,3.79,,10,7,-570,-531,-237,-4665,-637,2962.674,-9178.979,-5498.253999999999,-14210.437000000002,9,-619,-369,-5395,3,2,-73351500,682.016,1061.0210000000002,24.33,2898,-11436,-3211,,2738.707,-9241.994999999999,-6190.274999999999,-9722.663999999999,46.35,37.15,34.51,42.43,false,false,-1.43,-2.07,中期趨勢仍向下；ETF短中期同步減碼；主動ETF 5日轉為減碼；外資持股5/10日下降，且外資5日賣超；20日趨勢尚未上彎；當下除權息調整價未守20日EMA
215,6196,帆宣,TWSE,其他電子業,暫不承接,保護持有,protect,今天不新增部位；未完成確認前不機械式賣出,今天收盤後；若跌破，再看下一交易日是否收復,已有部位暫停加碼；若收盤跌破60日EMA約 510.64，且下一交易日仍未收復，先減碼三分之一；若ETF或外資繼續轉弱，再分批降低部位。,ETF 5/10日同步減碼,65.1,65.1,43.9,85,100,完整,544,553,83.89,51.72,8.65,72.75,122.81,13.26,24.64,6.71,1.19,11,0,0,-61,-50,-321,-60,-345.267,202.791,1310.8220000000001,3078.4140000000007,0,-61,-52.45,-352.45,0,1,-33184000,-36.24100000000001,120.50299999999999,19.79,-347,262,1259,,-337.544,300.03200000000004,1242.769,3296.115,57.03,73.1,73.01,73.26,false,false,3.24,0.74,ETF短中期同步減碼；主動ETF 5日轉為減碼
216,6669,緯穎,TWSE,電腦及週邊設備業,暫不承接,保護持有,protect,今天不新增部位；未完成確認前不機械式賣出,今天收盤後；若跌破，再看下一交易日是否收復,"已有部位暫停加碼；若收盤跌破60日EMA約 2,077.98，且下一交易日仍未收復，先減碼三分之一；若ETF或外資繼續轉弱，再分批降低部位。",ETF 5/10日同步減碼；投信5/10日持續且具金額意義地賣超,58.9,65,56.5,85,100,可用,2100,2130,50.36,42.8,6.79,75.35,132.12,156.38,6.73,2.86,7.82,46,-43,-723,-1428,-1692,-1729,-1427,-269.245,-1923.215,-7270.832,-19150.164,-91,-3287.085,-4218.195000000001,-6924.651000000001,0,5,-6902878500,33.28,-244.18,22.26,-29,1596,-2457,,-169.816,1330.5900000000001,-2808.4570000000003,-10891.945000000002,42.04,11.66,13.26,8.48,false,false,-4.79,-1.87,ETF短中期同步減碼；ETF 1/3日已轉為減碼；主動ETF 5日轉為減碼；投信5/10日持續且具金額意義的賣超；20日趨勢尚未上彎；當下除權息調整價未守20日EMA
217,2031,新光鋼,TWSE,鋼鐵工業,暫不承接,保護持有,protect,今天不新增部位；未完成確認前不機械式賣出,今天收盤後；若跌破，再看下一交易日是否收復,已有部位暫停加碼；若收盤跌破60日EMA約 43.36，且下一交易日仍未收復，先減碼三分之一；若ETF或外資繼續轉弱，再分批降低部位。,ETF 5/10日同步減碼,62.2,64.9,54.8,85,100,完整,45.7,45.4,18.59,3.91,9.27,59.27,154.73,5.23,7.07,1.23,5.47,2,0,-4,-4,-8,-35,0,741.81,2116.787,2406.133,2313.8309999999997,5,1.1019999999999999,-2.794,-30.023,1,1,50361,-8.921999999999999,-37.465999999999994,10.96,739,2110,2385,,735.347,2124.607,2446.393,2378.7439999999997,58.17,76.91,69.31,92.11,false,false,1.94,1.56,ETF短中期同步減碼；20日趨勢尚未上彎；單季稅前獲利對營業外貢獻依賴偏高
218,2421,建準,TWSE,電子零組件業,暫不承接,保護持有,protect,今天不新增部位；未完成確認前不機械式賣出,今天收盤後；若跌破，再看下一交易日是否收復,已有部位暫停加碼；若收盤跌破60日EMA約 154.85，且下一交易日仍未收復，先減碼三分之一；若ETF或外資繼續轉弱，再分批降低部位。,ETF 5/10日同步減碼；投信5/10日持續且具金額意義地賣超,61,64.9,58.1,85,100,完整,163.5,166.5,26.03,21.08,15.56,50.21,164.23,4.78,17.58,4.44,3.2,7,-6,-128,-158,-267,-351,0,-312.934,480.033,872.661,8758.427,-5,-155,-226,-116,0,4,-25342500,-171.094,-280.086,36.62,19,1028,1548,,-209.115,806.1270000000001,1378.7470000000003,9106.449,52.4,52.57,49.43,58.83,false,false,0.26,-2.1,ETF短中期同步減碼；ETF 1/3日已轉為減碼；投信5/10日持續且具金額意義的賣超
219,2618,長榮航,TWSE,航運業,暫不承接,保護持有,protect,今天不新增部位；未完成確認前不機械式賣出,今天收盤後；若跌破，再看下一交易日是否收復,已有部位暫停加碼；若收盤跌破60日EMA約 41.60，且下一交易日仍未收復，先減碼三分之一；若ETF或外資繼續轉弱，再分批降低部位。,未觸發明確減碼訊號,67.3,64.9,57.3,85,100,完整,41.5,42,24.92,18.06,13.25,62.38,115.28,2.24,8.74,1.61,4.82,29,1086,13154,18007,33847,45555,2840,-1723.777,23483.992000000002,24845.775999999998,52568.582,924,17468.419,33492.91900000001,46535.60500000001,5,0,724939389,1432.071,1814.2759999999996,32.68,-3548,5647,-8712,,-3068.282,4583.502,-10461.419000000002,5531.589999999998,45.62,52.26,57.67,41.44,false,true,-1.37,-0.6,中期趨勢仍向下；20日趨勢尚未上彎；當下除權息調整價未守20日EMA
220,8112,至上,TWSE,電子通路業,暫不承接,降低部位,trim,停止加碼；反彈未站回恢復區時分批減碼,每個交易日收盤後，確認是否站回恢復區,已有部位先停止加碼。反彈若仍未站回 87.42，分批降低部位；只有站回且ETF／外資賣壓收斂後才重新評估。,價格跌破60日EMA且20日趨勢向下；外資持股5/10日下降且外資5日賣超,55.5,64.9,55.2,85,100,完整,82.7,83,154.83,177.42,3.16,85.96,127.95,9.45,6.26,2.03,4.59,7,-28,825,825,824,3109,0,-2107.327,-8030.572,-16974.167,-42911.579999999994,-27,828,941.795,3226.795,3,1,68475600,-120.09899999999999,-532.9279999999999,13.16,-2568,-7060,-16147,,-2065.656,-8738.473,-17383.034,-45780.941,36.9,33.47,21.63,57.15,true,false,-3.09,-0.48,中期趨勢仍向下；外資持股5/10日下降，且外資5日賣超；20日趨勢尚未上彎；當下除權息調整價未守20日EMA
221,2441,超豐,TWSE,半導體業,暫不承接,保護持有,protect,今天不新增部位；未完成確認前不機械式賣出,今天收盤後；若跌破，再看下一交易日是否收復,已有部位暫停加碼；若收盤跌破60日EMA約 119.24，且下一交易日仍未收復，先減碼三分之一；若ETF或外資繼續轉弱，再分批降低部位。,ETF 5/10日同步減碼；投信5/10日持續且具金額意義地賣超,60.5,64.8,67.4,85,100,完整,122,123,41.98,26.93,20.06,18.34,230.57,2.98,22.59,2.52,2.47,8,53,-1313,-2093,-2112,-3595,-2000,-195.737,2354.729,8930.194,2752.2639999999974,54,-1810,-1724,-3207,2,3,-220820000,51.04499999999999,265.66599999999994,11.22,-311,2676,9377,,-274.634,4113.684,10388.527999999998,6280.418,53.75,63.36,67.64,54.8,false,true,1.73,-1.21,ETF短中期同步減碼；主動ETF 5日轉為減碼；投信5/10日持續且具金額意義的賣超
222,3264,欣銓,TPEX,半導體業,暫不承接,保護持有,protect,今天不新增部位；未完成確認前不機械式賣出,今天收盤後；若跌破，再看下一交易日是否收復,已有部位暫停加碼；若收盤跌破60日EMA約 226.82，且下一交易日仍未收復，先減碼三分之一；若ETF或外資繼續轉弱，再分批降低部位。,ETF 5/10日同步減碼,57.4,64.5,52,85,100,可用,241.5,243.5,46.57,33.89,29.05,52.52,88.08,4.39,31.53,5.83,1.74,17,27,-729,-1523,-889,-447,-1514,-3420.284,-3420.284,-3420.284,-3420.284,-706,-706,-706,-706,0,1,-170499000,-131.566,-131.566,40.74,,,,,-2582.718,-2582.718,-2582.718,-2582.718,51.86,47.94,56.47,30.87,false,true,0.15,-10.06,ETF短中期同步減碼；外資持股尚未完成5／10日可比核對或期間有非市場異動；此項不給分，不解讀為轉弱
223,2727,王品,TWSE,觀光餐旅,暫不承接,保護持有,protect,今天不新增部位；未完成確認前不機械式賣出,今天收盤後；若跌破，再看下一交易日是否收復,已有部位暫停加碼；若收盤跌破60日EMA約 231.95，且下一交易日仍未收復，先減碼三分之一；若ETF或外資繼續轉弱，再分批降低部位。,ETF 5/10日同步減碼；投信5/10日持續且具金額意義地賣超,59.4,64.1,48.4,85,100,完整,235,234.25,11.31,12.33,8.04,74.84,104.61,9.86,13.06,4.58,6.86,2,-99,-191,-223,-223,-374,-223,172.273,395.25800000000004,6.414000000000016,-167.859,-99,-223,-221,-373,0,4,-52405000,-108.34700000000001,-147.717,33.52,293,705,378,,293.941,726.605,375.1310000000001,498.3040000000001,61.08,71.57,48.87,116.96,false,false,2,3.52,ETF短中期同步減碼；ETF 1/3日已轉為減碼；主動ETF 5日轉為減碼；投信5/10日持續且具金額意義的賣超；20日趨勢尚未上彎
224,3665,貿聯-KY,TWSE,其他電子業,暫不承接,正常持有,strong,強勢續抱；不追高,今日收盤確認是否守住20日EMA,"價格仍在20／60日EMA之上且短線強勢；ETF／外資偏弱先觀察，不因分歧減碼。若收盤跌破20日EMA約 2,172.43 且法人續弱，再轉為保護持有。",價格強勢站上20／60日EMA；ETF／外資偏弱，先觀察,64.4,64,54.8,85,100,可用,2445,2475,53.99,40.01,16.12,46.24,213.69,26.94,44.9,9.62,0.62,40,323,234,-31,-50,-162,-45,1002.836,118.77900000000008,766.9340000000002,-2922.495999999999,307,584.322,702.568,1251.314,4,1,1428667290,17.989,56.156,49.84,648,-250,-184,,720.485,-483.5319999999999,8.210000000000054,-4142.403,64.81,86.74,77.47,105.27,false,false,12.55,10.63,ETF短中期同步減碼；外資持股5/10日下降，且外資5日賣超；短線過熱或乖離過大
225,8016,矽創,TWSE,半導體業,暫不承接,保護持有,protect,今天不新增部位；未完成確認前不機械式賣出,今天收盤後；若跌破，再看下一交易日是否收復,已有部位暫停加碼；若收盤跌破60日EMA約 288.45，且下一交易日仍未收復，先減碼三分之一；若ETF或外資繼續轉弱，再分批降低部位。,ETF 5/10日同步減碼,58.8,63.5,65.3,85,100,完整,285,292,23.69,28.97,14.18,31.5,231.35,12.28,14.24,2.54,4.04,11,16,18,-28,-34,63,0,54.025,189.196,425.497,267.30099999999993,16,-27.798000000000002,-33.966,62.459,2,3,-7922430,2.181,-3.566,46.72,32,325,588,,36.025,214.81300000000002,463.029,257.288,49.1,65.92,55.3,87.17,false,false,0.29,1.42,中期趨勢仍向下；ETF短中期同步減碼；20日累積後5日轉為調節；20日趨勢尚未上彎
226,3533,嘉澤,TWSE,電子零組件業,暫不承接,正常持有,strong,強勢續抱；不追高,今日收盤確認是否守住20日EMA,"價格仍在20／60日EMA之上且短線強勢；ETF／外資偏弱先觀察，不因分歧減碼。若收盤跌破20日EMA約 1,653.57 且法人續弱，再轉為保護持有。",價格強勢站上20／60日EMA；ETF／外資偏弱，先觀察,59.3,63.1,70.2,85,100,完整,1710,1850,19.58,17.7,25.46,25.84,276.95,39.04,20.85,4.69,2.04,18,0,-1,-81,-207,-328,-80,57.892,-604.0900000000001,-1051.41,-1943.6190000000001,10,54,-115.445,-235.91899999999998,2,2,92340000,19.654,-56.808,43.62,92,-615,-695,,68.747,-677.7439999999999,-879.1569999999999,-1572.0979999999997,53.65,71.14,59.07,95.28,false,false,3.41,7.89,ETF短中期同步減碼；主動ETF 5日轉為減碼；外資持股5/10日下降，且外資5日賣超
227,1608,華榮,TWSE,電器電纜,暫不承接,保護持有,protect,今天不新增部位；未完成確認前不機械式賣出,今天收盤後；若跌破，再看下一交易日是否收復,已有部位暫停加碼；若收盤跌破60日EMA約 35.16，且下一交易日仍未收復，先減碼三分之一；若ETF或外資繼續轉弱，再分批降低部位。,ETF 5/10日同步減碼；外資持股5/10日下降且外資5日賣超,55,62.8,67.2,85,100,完整,35.2,36.3,17.9,19.18,10.42,37.4,158.43,7.04,3.05,1.32,5.68,3,0,-4,-4,-23,-27,0,-844.421,-715.6810000000003,-1684.7990000000004,-2345.9750000000004,0,-4.94,-165.727,-190.67600000000004,0,1,-173888,-12.857999999999999,-258.207,4.98,-781,-748,-912,,-848.634,-697.883,-1260.8650000000002,-1917.9000000000005,44.01,14.78,20.21,3.92,true,true,-1.95,-1.68,ETF短中期同步減碼；外資持股5/10日下降，且外資5日賣超；20日趨勢尚未上彎；單季稅前獲利對營業外貢獻依賴偏高
228,6257,矽格,TWSE,半導體業,暫不承接,保護持有,protect,今天不新增部位；未完成確認前不機械式賣出,今天收盤後；若跌破，再看下一交易日是否收復,已有部位暫停加碼；若收盤跌破60日EMA約 216.87，且下一交易日仍未收復，先減碼三分之一；若ETF或外資繼續轉弱，再分批降低部位。,ETF 5/10日同步減碼,61.4,62.8,53.9,85,100,可用,236.5,238.5,28.58,20.49,24.09,43.78,182.58,4.65,27.66,4.48,1.8,12,21,17,-69,-723,-340,-45,-2205.577,3446.788,27676.220000000005,15093.288,22,-61,-694,-341.2579999999999,2,2,-14426500,31.19299999999987,2238.017,31.36,-2372,2878,25986,,-2126.454,3476.5950000000003,26132.203,13960.748,59.15,64.58,66.3,61.16,false,true,4.55,-3.27,ETF短中期同步減碼；主動ETF 5日轉為減碼
229,2834,臺企銀,TWSE,金融保險業,暫不承接,保護持有,protect,今天不新增部位；未完成確認前不機械式賣出,今天收盤後；若跌破，再看下一交易日是否收復,已有部位暫停加碼；若收盤跌破60日EMA約 17.07，且下一交易日仍未收復，先減碼三分之一；若ETF或外資繼續轉弱，再分批降低部位。,ETF 5/10日同步減碼；外資持股5/10日下降且外資5日賣超,58.2,62.7,67.1,85,100,可用,17.6,17.6,8.82,6.52,,94,,0.71,12.94,1.11,5.68,7,0,-7,-7,-4322,-15339,0,-8184.034,-27584.717,-7087.979000000003,28098.004999999997,9,15.999,-4351.267,-15554.184,2,1,281582,166.36399999999998,2143.018,16.48,-8186,-36508,-18518,,-8188.275,-27767.079999999998,-4879.73,42076.846,50.06,27.02,49.64,-18.21,false,false,-0.84,-4.09,ETF短中期同步減碼；外資持股5/10日下降，且外資5日賣超；當下除權息調整價未守20日EMA
230,2548,華固,TWSE,建材營造,暫不承接,降低部位,trim,停止加碼；反彈未站回恢復區時分批減碼,每個交易日收盤後，確認是否站回恢復區,已有部位先停止加碼。反彈若仍未站回 96.41，分批降低部位；只有站回且ETF／外資賣壓收斂後才重新評估。,價格跌破60日EMA且20日趨勢向下；外資持股5/10日下降且外資5日賣超,51.3,62.6,68.6,85,93,可用,92.2,93,139.53,105.33,20.15,61.37,222.93,2.81,7.45,1.42,9.22,2,0,3,3,9,17,0,-347.261,-1145.533,-1640.973,-2477.795,3.3,6.1,-12.9,-7.6000000000000005,2,0,562420,-45.18,28.314999999999998,13.7,-758,-1678,-2231,,-356.18,-1106.453,-1656.388,-2494.6979999999994,42.65,24.26,31.47,9.83,false,true,-1.79,-4.46,中期趨勢仍向下；外資持股5/10日下降，且外資5日賣超；20日趨勢尚未上彎；當下除權息調整價未守20日EMA
231,1785,光洋科,TPEX,其他電子業,暫不承接,保護持有,protect,今天不新增部位；未完成確認前不機械式賣出,今天收盤後；若跌破，再看下一交易日是否收復,已有部位暫停加碼；若收盤跌破60日EMA約 107.55，且下一交易日仍未收復，先減碼三分之一；若ETF或外資繼續轉弱，再分批降低部位。,價格跌破60日EMA且20日趨勢向下,60.6,62.5,54.7,85,100,可用,98,99.5,30.71,63.4,10.31,57.48,172.98,3.66,14.65,3.6,2.04,3,13,13,13,16,16,0,829.678,829.678,829.678,829.678,13,13,13,13,1,0,1274000,-129.276,-129.276,19.53,,,,,945.954,945.954,945.954,945.954,45.34,52.01,39.99,76.05,false,false,-0.47,1.24,中期趨勢仍向下；外資持股尚未完成5／10日可比核對或期間有非市場異動；此項不給分，不解讀為轉弱；20日趨勢尚未上彎
232,7750,新代,TWSE,電機機械,暫不承接,降低部位,trim,停止加碼；反彈未站回恢復區時分批減碼,每個交易日收盤後，確認是否站回恢復區,"已有部位先停止加碼。反彈若仍未站回 2,145.92，分批降低部位；只有站回且ETF／外資賣壓收斂後才重新評估。",價格跌破60日EMA且20日趨勢向下；外資持股5/10日下降且外資5日賣超,53.9,62.5,61.6,85,100,完整,1960,1990,151.07,101.32,27.76,45.28,228.69,42.53,33.69,10.45,0.82,6,0,0,0,3,4,0,0.226,-81.18,-300.27500000000003,-413.394,0,0,3,4,0,0,0,3.9669999999999996,16.031,16.22,2,-85,-312,,3.116,-85.147,-319.306,-406.09500000000014,40.22,42.24,29.88,66.96,false,false,-5.09,0.51,中期趨勢仍向下；外資持股5/10日下降，且外資5日賣超；20日趨勢尚未上彎；當下除權息調整價未守20日EMA
233,2428,興勤,TWSE,電子零組件業,暫不承接,保護持有,protect,今天不新增部位；未完成確認前不機械式賣出,今天收盤後；若跌破，再看下一交易日是否收復,已有部位暫停加碼；若收盤跌破60日EMA約 253.12，且下一交易日仍未收復，先減碼三分之一；若ETF或外資繼續轉弱，再分批降低部位。,ETF 5/10日同步減碼；外資持股5/10日下降且外資5日賣超,47.5,62,72.6,85,100,完整,251.5,252,51.21,27.61,22.64,36.2,299.37,7.55,17.87,2.73,2.35,3,-1,-18,-18,-18,-240,-17,-215.586,-861.9469999999999,-563.7899999999998,-992.992,-1,-18,-18,-240,0,2,-4527000,-15.241,7.32,13.98,-252,-654,-511,,-209.598,-828.7059999999999,-553.1099999999998,-732.5349999999997,47.73,37.9,46.94,19.81,false,true,-0.97,-3.27,ETF短中期同步減碼；ETF 1/3日已轉為減碼；主動ETF 5日轉為減碼；外資持股5/10日下降，且外資5日賣超；當下除權息調整價未守20日EMA
234,5434,崇越,TWSE,電子通路業,暫不承接,保護持有,protect,今天不新增部位；未完成確認前不機械式賣出,今天收盤後；若跌破，再看下一交易日是否收復,已有部位暫停加碼；若收盤跌破60日EMA約 519.96，且下一交易日仍未收復，先減碼三分之一；若ETF或外資繼續轉弱，再分批降低部位。,ETF 5/10日同步減碼；投信5/10日持續且具金額意義地賣超,60,62,48.6,85,100,可用,540,552,36.34,25.2,7.4,53.86,133.72,14.79,20.21,4.77,2.49,22,0,-4,-29,-284,-65,-7,-21.301,-265.29100000000005,-462.03900000000004,-1382.0010000000002,0,-29,-284,-37.22399999999999,0,3,-15660000,-19.3,3.6879999999999997,30.04,-19,-146,54,,-18.219,-216.991,-181.72700000000003,-1269.389,53.96,55.83,56.3,54.9,true,true,0.95,0,ETF短中期同步減碼；主動ETF 5日轉為減碼；投信5/10日持續且具金額意義的賣超
235,6788,華景電,TPEX,半導體業,暫不承接,降低部位,trim,停止加碼；反彈未站回恢復區時分批減碼,每個交易日收盤後，確認是否站回恢復區,已有部位先停止加碼。反彈若仍未站回 358.19，分批降低部位；只有站回且ETF／外資賣壓收斂後才重新評估。,價格跌破60日EMA且20日趨勢向下；ETF 5/10日同步減碼,52.6,62,71.4,85,100,可用,344.5,348,20.38,18.49,34.89,32.23,315.71,9.79,17.84,5.06,4.35,2,0,0,-1,-1,-1,0,45.535,45.535,45.535,45.535,0,0,0,0,0,0,0,0.18,0.18,13.47,,,,,45.355,45.355,45.355,45.355,50.17,68.24,52.76,99.21,false,false,0.88,0.88,中期趨勢仍向下；ETF短中期同步減碼；外資持股尚未完成5／10日可比核對或期間有非市場異動；此項不給分，不解讀為轉弱；20日趨勢尚未上彎
236,3357,臺慶科,TPEX,電子零組件業,暫不承接,保護持有,protect,今天不新增部位；未完成確認前不機械式賣出,今天收盤後；若跌破，再看下一交易日是否收復,已有部位暫停加碼；若收盤跌破60日EMA約 217.78，且下一交易日仍未收復，先減碼三分之一；若ETF或外資繼續轉弱，再分批降低部位。,價格跌破60日EMA且20日趨勢向下,49.5,61.8,70.7,85,100,可用,203,209,53.07,32.22,16.21,29.91,188.39,6.33,19.04,2.06,2.5,1,0,0,0,0,0,0,-35.247,-35.247,-35.247,-35.247,0,0,0,0,0,0,0,-19.25,-19.25,21.34,,,,,-15.997,-15.997,-15.997,-15.997,43.98,44.68,47.94,38.16,false,true,-2.09,-2.17,中期趨勢仍向下；外資持股尚未完成5／10日可比核對或期間有非市場異動；此項不給分，不解讀為轉弱；20日趨勢尚未上彎
237,3706,神達,TWSE,電腦及週邊設備業,暫不承接,降低部位,trim,停止加碼；反彈未站回恢復區時分批減碼,每個交易日收盤後，確認是否站回恢復區,已有部位先停止加碼。反彈若仍未站回 81.05，分批降低部位；只有站回且ETF／外資賣壓收斂後才重新評估。,價格跌破60日EMA且20日趨勢向下；ETF 5/10日同步減碼；投信5/10日持續且具金額意義地賣超,47.5,61.8,61.9,85,100,完整,78.9,80.8,119.89,52.57,3.96,56.75,189.14,2.58,14.09,1.37,5.07,14,-13,-2545,-3895,-5040,-247,-3486,452.61,-5313.24,-8073.023999999999,-15958.406999999996,-11,-3919,-5059.175,-705.5750000000002,0,5,-309209100,-335.957,-1193.7069999999999,9.15,-3504,-3956,1404,,479.717,-1058.283,-1820.1419999999998,-13588.848,41.29,30.18,29.47,31.6,true,true,-2.04,-1.99,中期趨勢仍向下；ETF短中期同步減碼；ETF 1/3日已轉為減碼；主動ETF 5日轉為減碼；投信5/10日持續且具金額意義的賣超；20日趨勢尚未上彎；官方重大訊息出現高風險關鍵字，須查原文
238,3029,零壹,TWSE,資訊服務業,暫不承接,保護持有,protect,今天不新增部位；未完成確認前不機械式賣出,今天收盤後；若跌破，再看下一交易日是否收復,已有部位暫停加碼；若收盤跌破60日EMA約 110.84，且下一交易日仍未收復，先減碼三分之一；若ETF或外資繼續轉弱，再分批降低部位。,ETF 5/10日同步減碼,59.2,61.7,49.5,85,100,完整,117.5,118.5,44.44,20.13,6.32,63.78,142.48,3.63,16.76,3.71,4.68,3,0,-1,-1,-3,-15,0,-404.828,-602.8029999999999,-588.8409999999999,354.0680000000002,0,-0.644,-3.3449999999999998,-14.948,1,1,-75670,-45.80800000000001,19.001999999999995,7.62,-514,-840,153,,-396.683,-556.3509999999999,-604.4979999999996,367.8000000000005,54.08,43.64,54.05,22.82,false,true,0.94,-6,ETF短中期同步減碼
239,5347,世界,TPEX,半導體業,暫不承接,保護持有,protect,今天不新增部位；未完成確認前不機械式賣出,今天收盤後；若跌破，再看下一交易日是否收復,已有部位暫停加碼；若收盤跌破60日EMA約 160.95，且下一交易日仍未收復，先減碼三分之一；若ETF或外資繼續轉弱，再分批降低部位。,ETF 5/10日同步減碼,62.9,61.6,45.3,85,100,可用,178.5,183,40.48,18.42,18.63,57.61,134.59,2.84,38.64,5.32,2.51,22,76,38,-161,-1929,-1495,0,4188.501,4188.501,4188.501,4188.501,76,76,76,76,1,0,13566000,538.979,538.979,32.62,,,,,3573.522,3573.522,3573.522,3573.522,66.02,75.71,73.4,80.35,true,true,8.88,3.78,ETF短中期同步減碼；外資持股尚未完成5／10日可比核對或期間有非市場異動；此項不給分，不解讀為轉弱
240,2493,揚博,TWSE,電子零組件業,暫不承接,保護持有,protect,今天不新增部位；未完成確認前不機械式賣出,今天收盤後；若跌破，再看下一交易日是否收復,已有部位暫停加碼；若收盤跌破60日EMA約 195.05，且下一交易日仍未收復，先減碼三分之一；若ETF或外資繼續轉弱，再分批降低部位。,ETF 5/10日同步減碼,61.7,61.5,51.1,85,100,完整,196,199.5,29.35,14.07,17.43,51.21,163.49,2.67,37.48,8.06,2.04,2,0,0,-2,-3,-8,0,422.147,-458.42400000000004,-669.244,652.2389999999999,0,-1.962,-2.9619999999999997,-77.962,1,1,-384552,28.945000000000014,124.14100000000002,8.41,574,23,905,,447.277,-485.40700000000004,-790.4230000000001,592.007,53.08,66.34,62.19,74.64,false,false,3.84,1.82,ETF短中期同步減碼；借券賣出與借券賣出餘額壓力升高
241,8996,高力,TWSE,電機機械,暫不承接,正常持有,strong,強勢續抱；不追高,今日收盤確認是否守住20日EMA,"價格仍在20／60日EMA之上且短線強勢；ETF／外資偏弱先觀察，不因分歧減碼。若收盤跌破20日EMA約 1,379.43 且法人續弱，再轉為保護持有。",價格強勢站上20／60日EMA；ETF／外資偏弱，先觀察,58.1,61.5,50.6,85,100,可用,1585,1650,112.84,115.03,17.58,50.01,160.68,8.69,106.73,28.78,0.29,23,66,-110,-74,-305,-852,-74,-526.883,-421.849,-1254.89,-4103.761,189,825.8,518.453,160.95299999999997,3,2,1308893000,-135.37699999999998,-21.781999999999982,23.13,-661,-679,-1148,,-727.813,-1112.2720000000002,-1751.5610000000001,-4306.333,64.15,80.01,76.05,87.92,false,false,14.9,10.84,ETF短中期同步減碼；主動ETF 5日轉為減碼；外資持股5/10日下降，且外資5日賣超；短線過熱或乖離過大；高波動且5日漲幅過大
242,2383,台光電,TWSE,電子零組件業,暫不承接,降低部位,trim,停止加碼；反彈未站回恢復區時分批減碼,每個交易日收盤後，確認是否站回恢復區,"已有部位先停止加碼。反彈若仍未站回 5,189.12，分批降低部位；只有站回且ETF／外資賣壓收斂後才重新評估。",價格跌破60日EMA且20日趨勢向下；ETF 5/10日同步減碼；投信5/10日持續且具金額意義地賣超,57,61.4,49.2,85,100,可用,4920,4940,129.85,95.18,24.72,63.23,135.5,42.46,76.94,30.22,0.51,53,61,-329,-352,-412,-373,-267,-479.252,-1551.003,-2374.0370000000003,-3469.453,-187.675,-2048.3639999999996,-3800.841,-4429.579,0,5,-10077950880,238.714,486.54600000000005,43.68,-517,227,936,,-282.423,258.64699999999993,940.2579999999999,572.622,41.72,39,32.02,52.97,false,false,-4.51,0.61,中期趨勢仍向下；ETF短中期同步減碼；主動ETF 5日轉為減碼；投信5/10日持續且具金額意義的賣超；20日趨勢尚未上彎；當下除權息調整價未守20日EMA
243,6139,亞翔,TWSE,其他電子業,暫不承接,降低部位,trim,停止加碼；反彈未站回恢復區時分批減碼,每個交易日收盤後，確認是否站回恢復區,已有部位先停止加碼。反彈若仍未站回 757.78，分批降低部位；只有站回且ETF／外資賣壓收斂後才重新評估。,價格跌破60日EMA且20日趨勢向下；ETF 5/10日同步減碼；外資持股5/10日下降且外資5日賣超,49.7,61.4,53.4,85,100,完整,732,738,41.69,63.37,18.19,75.95,125.12,25.91,14.75,8.33,3.14,17,-1,-227,-230,-755,-727,-189,-1724.86,-3297.2749999999996,-2676.7479999999996,-5325.688,-1,-571.5,-1204,-1774.1,1,4,-418338000,-158.8,-165.907,21.58,-1376,-1901,-460,,-1609.609,-2566.9750000000004,-1306.8410000000006,-2910.278,47.79,60.83,49.52,83.45,false,false,-0.47,-0.14,中期趨勢仍向下；ETF短中期同步減碼；ETF 1/3日已轉為減碼；主動ETF 5日轉為減碼；投信5/10日持續且具金額意義的賣超；外資持股5/10日下降，且外資5日賣超；20日趨勢尚未上彎
244,3413,京鼎,TWSE,半導體業,暫不承接,保護持有,protect,今天不新增部位；未完成確認前不機械式賣出,今天收盤後；若跌破，再看下一交易日是否收復,已有部位暫停加碼；若收盤跌破60日EMA約 296.83，且下一交易日仍未收復，先減碼三分之一；若ETF或外資繼續轉弱，再分批降低部位。,價格跌破60日EMA且20日趨勢向下,58.5,61.2,56.4,85,100,完整,291,294,23.54,20.05,12.62,40.54,166.04,8.89,14.49,1.95,3.77,2,0,0,0,0,0,0,125.941,449.687,314.79,-1950.26,0,0,0,-62,0,0,0,11.21,40.571,24.17,160,426,533,,106.517,438.47700000000003,274.21900000000005,-1876.444,54.68,81.13,69.76,103.85,false,false,2.05,2.11,中期趨勢仍向下；20日趨勢尚未上彎
245,3227,原相,TPEX,半導體業,暫不承接,保護持有,protect,今天不新增部位；未完成確認前不機械式賣出,今天收盤後；若跌破，再看下一交易日是否收復,已有部位暫停加碼；若收盤跌破60日EMA約 195.43，且下一交易日仍未收復，先減碼三分之一；若ETF或外資繼續轉弱，再分批降低部位。,價格跌破60日EMA且20日趨勢向下,59.8,61,72,85,100,可用,185.5,188,10.13,5.98,18.18,22.55,310.76,6.11,15.65,1.86,5.39,9,20,159,266,282,353,239,160.569,160.569,160.569,160.569,20,20,20,20,1,0,3710000,23.725,23.725,28.93,,,,,116.844,116.844,116.844,116.844,44.59,59.13,50.62,76.15,false,false,-0.77,-0.27,中期趨勢仍向下；外資持股尚未完成5／10日可比核對或期間有非市場異動；此項不給分，不解讀為轉弱；20日趨勢尚未上彎
246,8081,致新,TWSE,半導體業,暫不承接,保護持有,protect,今天不新增部位；未完成確認前不機械式賣出,今天收盤後；若跌破，再看下一交易日是否收復,已有部位暫停加碼；若收盤跌破60日EMA約 258.11，且下一交易日仍未收復，先減碼三分之一；若ETF或外資繼續轉弱，再分批降低部位。,價格跌破60日EMA且20日趨勢向下,59.4,60.9,66.8,85,100,可用,255.5,258,10.57,1.63,18.9,29.31,258.31,9.13,13.89,2.7,6.26,11,9,30,29,34,106,0,109.883,138.83100000000002,446.53100000000006,246.0460000000001,10.4,30.599999999999998,35.788999999999994,107.489,3,1,7818300,3.431,7.112,18.79,58,-74,227,,97.483,104.80000000000001,403.63,188.298,52.8,78.77,66.55,103.2,false,false,1.2,0.99,中期趨勢仍向下；20日趨勢尚未上彎
247,4938,和碩,TWSE,電腦及週邊設備業,暫不承接,保護持有,protect,今天不新增部位；未完成確認前不機械式賣出,今天收盤後；若跌破，再看下一交易日是否收復,已有部位暫停加碼；若收盤跌破60日EMA約 88.74，且下一交易日仍未收復，先減碼三分之一；若ETF或外資繼續轉弱，再分批降低部位。,ETF 5/10日同步減碼；投信5/10日持續且具金額意義地賣超,63.6,60.7,45.9,85,100,可用,90.8,91,34.11,1.49,1.36,62.17,126.76,2.26,15.31,1.17,4.42,26,-23,-103,-462,-542,10953,0,-242.374,-2882.048,-5675.217,-6982.062000000001,-96,-711.061,-756.2760000000001,11397.294,2,3,-64564339,1221.2790000000002,1406.1800000000003,31.23,274,987,240,,-634.544,-3392.266,-6325.121,-19754.769,52.02,55.4,51.78,62.64,false,false,0.31,0.55,ETF短中期同步減碼；20日累積後5日轉為調節；ETF 1/3日已轉為減碼；投信5/10日持續且具金額意義的賣超
248,2374,佳能,TWSE,光電業,暫不承接,保護持有,protect,今天不新增部位；未完成確認前不機械式賣出,今天收盤後；若跌破，再看下一交易日是否收復,已有部位暫停加碼；若收盤跌破60日EMA約 69.04，且下一交易日仍未收復，先減碼三分之一；若ETF或外資繼續轉弱，再分批降低部位。,價格跌破60日EMA且20日趨勢向下,51.8,60.5,61.4,85,100,完整,66.2,68.5,34.7,50.06,9.83,37.89,158.61,1.55,20.43,2.51,3.01,1,0,0,0,0,0,0,214.05,-293.04200000000003,552.9970000000001,-1582.201,0,0,-76,-87,0,0,0,-19.964,-63.516,5.76,311,-69,1302,,219,-273.07800000000003,692.5129999999999,-1365.883,42.59,26.4,27.31,24.59,false,true,-1.46,-1.93,中期趨勢仍向下；20日趨勢尚未上彎
249,2388,威盛,TWSE,半導體業,暫不承接,保護持有,protect,今天不新增部位；未完成確認前不機械式賣出,今天收盤後；若跌破，再看下一交易日是否收復,已有部位暫停加碼；若收盤跌破60日EMA約 73.12，且下一交易日仍未收復，先減碼三分之一；若ETF或外資繼續轉弱，再分批降低部位。,未觸發明確減碼訊號,61.8,60.2,46.7,85,100,完整,71.2,73.3,77.39,39.64,-15.21,38.79,190.19,0.34,44.5,1.78,0.07,3,20,60,60,60,60,0,804.361,-2084.9,-6054.197,-8078.739,20,60,60,60,2,0,4272000,50.303,-53.83800000000001,15.17,862,188,-2640,,732.54,-2195.203,-6060.359,-7504.016,46.04,20.14,15.96,28.51,true,false,-1.7,1.86,中期趨勢仍向下；20日趨勢尚未上彎；單季稅前獲利對營業外貢獻依賴偏高
250,6271,同欣電,TWSE,半導體業,暫不承接,保護持有,protect,今天不新增部位；未完成確認前不機械式賣出,今天收盤後；若跌破，再看下一交易日是否收復,已有部位暫停加碼；若收盤跌破60日EMA約 214.86，且下一交易日仍未收復，先減碼三分之一；若ETF或外資繼續轉弱，再分批降低部位。,ETF 5/10日同步減碼,58.1,60.1,61.5,85,100,完整,227,230,23.09,6.76,16.16,24.15,259.54,4.37,25.53,1.74,1.32,4,0,-37,-37,-37,302,-37,-144.354,823.408,2483.918,6055.155000000001,0,-37,173,821,0,1,-8399000,13.825000000000006,4.100999999999999,31.67,-338,647,2212,,-155.327,846.5830000000001,2306.8169999999996,5351.548000000001,55.99,64.31,62.21,68.51,false,false,1.84,-1.09,ETF短中期同步減碼；20日累積後5日轉為調節；主動ETF 5日轉為減碼
251,1402,遠東新,TWSE,紡織纖維,暫不承接,保護持有,protect,今天不新增部位；未完成確認前不機械式賣出,今天收盤後；若跌破，再看下一交易日是否收復,已有部位暫停加碼；若收盤跌破60日EMA約 27.97，且下一交易日仍未收復，先減碼三分之一；若ETF或外資繼續轉弱，再分批降低部位。,價格跌破60日EMA且20日趨勢向下,52.8,59.9,51.8,85,100,完整,27.75,27.8,15.2,8.35,7.75,54.39,100.03,1.15,14.38,0.64,4.5,14,0,260,459,1150,9979,0,-1681.571,-1900.627,-11064.605999999998,-4060.2929999999965,4,-882.9259999999999,-12863.962,-17281.423000000006,4,1,-24501196,-84.95699999999998,-107.697,17.39,-1624,-1028,1667,,-1640.379,-932.744,1907.0530000000008,12344.331000000002,44.46,46.64,40.79,58.35,false,false,-1.41,-1.25,中期趨勢仍向下；20日趨勢尚未上彎；當下除權息調整價未守20日EMA
252,5243,乙盛-KY,TWSE,光電業,暫不承接,降低部位,trim,停止加碼；反彈未站回恢復區時分批減碼,每個交易日收盤後，確認是否站回恢復區,已有部位先停止加碼。反彈若仍未站回 91.58，分批降低部位；只有站回且ETF／外資賣壓收斂後才重新評估。,價格跌破60日EMA且20日趨勢向下；外資持股5/10日下降且外資5日賣超,51.6,59.8,62.4,85,100,完整,88.7,89.7,54.12,10.26,11.49,39.81,168.64,3,16.93,1.73,2.48,1,0,0,0,0,0,0,-3.439,-600.678,-596.5339999999999,-1194.5249999999999,0,0,0,0,0,0,0,-181.453,-248.3,52.18,-201,-679,-902,,0.167,-419.22499999999997,-348.2339999999999,-831.6889999999999,48.35,53.95,45.54,70.77,false,false,-0.57,-1.77,中期趨勢仍向下；外資持股5/10日下降，且外資5日賣超；20日趨勢尚未上彎
253,6285,啟碁,TWSE,通信網路業,暫不承接,保護持有,protect,今天不新增部位；未完成確認前不機械式賣出,今天收盤後；若跌破，再看下一交易日是否收復,已有部位暫停加碼；若收盤跌破60日EMA約 239.26，且下一交易日仍未收復，先減碼三分之一；若ETF或外資繼續轉弱，再分批降低部位。,價格跌破60日EMA且20日趨勢向下,61.3,59.8,44.6,85,100,完整,232.5,236.5,81.21,37.83,5,65.98,133.19,5.75,25.47,3.14,1.85,14,16,59,57,-609,-2045,0,-1004.522,1220.137,-586.8809999999999,-2340.006,2,7,-457,-1794.2999999999997,4,0,1627500,421.22599999999994,455.7269999999999,23.51,-1062,248,-1103,,-884.864,791.911,-585.608,-495.23600000000016,48.7,65.72,55.89,85.38,false,false,-0.11,2.2,中期趨勢仍向下；20日趨勢尚未上彎
254,3090,日電貿,TWSE,電子零組件業,暫不承接,保護持有,protect,今天不新增部位；未完成確認前不機械式賣出,今天收盤後；若跌破，再看下一交易日是否收復,已有部位暫停加碼；若收盤跌破60日EMA約 176.12，且下一交易日仍未收復，先減碼三分之一；若ETF或外資繼續轉弱，再分批降低部位。,價格跌破60日EMA且20日趨勢向下,54.7,59.5,63.5,85,100,完整,161,163.5,38.45,30.03,12.12,30.9,156.34,4.91,21.32,2.49,2.98,7,0,80,214,214,198,214,-630.87,-315.5989999999999,1331.7340000000004,178.1700000000003,0,216,272,879,3,1,34776000,-34.94799999999999,-42.03299999999999,7.72,-702,-1001,568,,-594.89,-496.65100000000007,1101.7669999999998,-670.1650000000009,44.16,38.65,39.42,37.11,false,true,-2.69,-2.42,中期趨勢仍向下；20日趨勢尚未上彎；當下除權息調整價未守20日EMA
255,2327,國巨*,TWSE,電子零組件業,暫不承接,保護持有,protect,今天不新增部位；未完成確認前不機械式賣出,今天收盤後；若跌破，再看下一交易日是否收復,已有部位暫停加碼；若收盤跌破60日EMA約 600.19，且下一交易日仍未收復，先減碼三分之一；若ETF或外資繼續轉弱，再分批降低部位。,ETF 5/10日同步減碼；外資持股5/10日下降且外資5日賣超,50.9,59.3,51.3,85,100,可用,548,543,51.8,34.95,25.85,64.73,131.19,8.48,36.9,6.37,1.09,38,-608,-1560,-1462,-701,-3799,-1585,-17413.416,-9131.765,-9329.714999999998,-32041.405,-1518.584,-1246.5339999999999,1161.5970000000002,-9688.551,2,3,-683100632,1678.597,2075.41,44.22,-15070,-8571,-12007,,-15516.938,-9563.828000000001,-12566.722000000003,-24485.996000000006,45.81,51.32,51.65,50.66,false,true,-2.25,-0.36,ETF短中期同步減碼；ETF 1/3日已轉為減碼；主動ETF 5日轉為減碼；外資持股5/10日下降，且外資5日賣超；當下除權息調整價未守20日EMA
256,8086,宏捷科,TPEX,半導體業,暫不承接,保護持有,protect,今天不新增部位；未完成確認前不機械式賣出,今天收盤後；若跌破，再看下一交易日是否收復,已有部位暫停加碼；若收盤跌破60日EMA約 118.83，且下一交易日仍未收復，先減碼三分之一；若ETF或外資繼續轉弱，再分批降低部位。,價格跌破60日EMA且20日趨勢向下,50.2,59.3,70,85,100,可用,110,111.5,12.56,35.83,24.75,21.4,324.69,2.93,20.52,2.55,1.53,1,0,0,0,0,0,0,-10.391,-10.391,-10.391,-10.391,0,0,0,0,0,0,0,-11.769,-11.769,16.36,,,,,1.378,1.378,1.378,1.378,46.07,63.51,55.31,79.91,false,false,-0.83,-0.9,中期趨勢仍向下；外資持股尚未完成5／10日可比核對或期間有非市場異動；此項不給分，不解讀為轉弱；20日趨勢尚未上彎
257,3042,晶技,TWSE,電子零組件業,暫不承接,正常持有,strong,強勢續抱；不追高,今日收盤確認是否守住20日EMA,價格仍在20／60日EMA之上且短線強勢；ETF偏弱先觀察，不因分歧減碼。若收盤跌破20日EMA約 186.84 且法人續弱，再轉為保護持有。,價格強勢站上20／60日EMA；ETF偏弱，先觀察,56.6,59.2,60.9,85,100,完整,208.5,224,23.48,11.7,16,31.85,238.42,2.96,36.01,4.5,2.3,8,-1,-198,-198,-489,-496,-196,-1273.45,1554.114,11856.365000000002,18285.457,1050,2004,1933.3000000000002,1918.3000000000002,3,2,417834000,2376.9980000000005,2062.8660000000004,23.4,-2109,-2650,7547,,-2638.681,-2826.884000000001,7860.198999999999,15192.057999999997,66.55,71.7,66.58,81.92,false,false,11.59,13.01,ETF短中期同步減碼；ETF 1/3日已轉為減碼；主動ETF 5日轉為減碼；短線過熱或乖離過大；融資增幅與短線漲幅同步偏高
258,3060,銘異,TWSE,電腦及週邊設備業,暫不承接,保護持有,protect,今天不新增部位；未完成確認前不機械式賣出,今天收盤後；若跌破，再看下一交易日是否收復,已有部位暫停加碼；若收盤跌破60日EMA約 28.19，且下一交易日仍未收復，先減碼三分之一；若ETF或外資繼續轉弱，再分批降低部位。,外資持股5/10日下降且外資5日賣超,59.8,59.2,52.2,85,100,完整,27.45,28.2,46.39,23.06,4.73,40.82,202.51,0.68,40.97,1.37,0.73,1,0,0,0,0,-9,0,-18.096,-154.562,-500.31000000000006,-2401.4689999999996,0,0,0,-9,0,0,0,4.279,8.425,10,75,-19,-292,,-20.393,-158.84099999999995,-508.73499999999996,-2402.3549999999996,53.77,58.99,55.16,66.66,false,false,2.51,2.81,中期趨勢仍向下；外資持股5/10日下降，且外資5日賣超；20日趨勢尚未上彎
259,6510,精測,TPEX,半導體業,暫不承接,保護持有,protect,今天不新增部位；未完成確認前不機械式賣出,今天收盤後；若跌破，再看下一交易日是否收復,"已有部位暫停加碼；若收盤跌破60日EMA約 3,139.31，且下一交易日仍未收復，先減碼三分之一；若ETF或外資繼續轉弱，再分批降低部位。",ETF 5/10日同步減碼,53.9,59.2,62.7,85,100,可用,3140,3150,54.27,33.14,32.26,28.04,436.63,25.45,74.06,10.21,0.49,14,0,-229,-270,-450,170,-207,-22.655,-22.655,-22.655,-22.655,-71.242,-71.242,-71.242,-71.242,0,1,-223699880,-11.008,-11.008,17.47,,,,,59.595,59.595,59.595,59.595,46.89,31.87,39.3,17.01,false,true,-4.88,-10.8,ETF短中期同步減碼；20日累積後5日轉為調節；主動ETF 5日轉為減碼；外資持股尚未完成5／10日可比核對或期間有非市場異動；此項不給分，不解讀為轉弱；當下除權息調整價未守20日EMA
260,6781,AES-KY,TWSE,電子零組件業,暫不承接,降低部位,trim,停止加碼；反彈未站回恢復區時分批減碼,每個交易日收盤後，確認是否站回恢復區,"已有部位先停止加碼。反彈若仍未站回 1,059.61，分批降低部位；只有站回且ETF／外資賣壓收斂後才重新評估。",價格跌破60日EMA且20日趨勢向下；外資持股5/10日下降且外資5日賣超,53.9,59.2,66.6,85,100,完整,1010,1025,26.64,26.39,25.76,35.13,265.53,23.45,23.89,4.87,1.89,4,0,0,0,0,0,0,-31.407,-181.29399999999998,-351.355,-278.8399999999999,0,0,7.978,25.335,0,0,0,-7.73,-0.4289999999999994,70.27,-41,-160,-315,,-34.217,-173.564,-358.904,-231.74599999999998,44.06,48.25,37.46,69.82,false,false,-2.03,0,中期趨勢仍向下；外資持股5/10日下降，且外資5日賣超；20日趨勢尚未上彎；當下除權息調整價未守20日EMA
261,1590,亞德客-KY,TWSE,電機機械,暫不承接,降低部位,trim,停止加碼；反彈未站回恢復區時分批減碼,每個交易日收盤後，確認是否站回恢復區,"已有部位先停止加碼。反彈若仍未站回 1,348.36，分批降低部位；只有站回且ETF／外資賣壓收斂後才重新評估。",價格跌破60日EMA且20日趨勢向下；外資持股5/10日下降且外資5日賣超；投信5/10日持續且具金額意義地賣超,48.2,58.8,73.1,85,100,完整,1210,1180,43.33,34.08,34.22,16.97,305.42,29.91,23.25,4.41,2.41,18,3,7,4,16,15,-1,30.485,-561.947,-1305.607,-1513.0339999999994,-19,-18,-3.192,-43.403000000000006,2,3,-21780000,-12.28,20.284000000000002,80.11,56,-569,-1213,,48.937,-531.667,-1322.699,-1462.3390000000004,31.95,25.55,18.97,38.72,false,false,-6.35,-0.82,中期趨勢仍向下；主動ETF 5日轉為減碼；投信5/10日持續且具金額意義的賣超；外資持股5/10日下降，且外資5日賣超；20日趨勢尚未上彎；當下除權息調整價未守20日EMA
262,6525,捷敏-KY,TWSE,半導體業,暫不承接,降低部位,trim,停止加碼；反彈未站回恢復區時分批減碼,每個交易日收盤後，確認是否站回恢復區,已有部位先停止加碼。反彈若仍未站回 136.78，分批降低部位；只有站回且ETF／外資賣壓收斂後才重新評估。,價格跌破60日EMA且20日趨勢向下；ETF 5/10日同步減碼；外資持股5/10日下降且外資5日賣超,50.9,58.7,61.4,85,100,完整,133.5,135.5,30.53,19.76,21.2,34.8,210.53,3.84,18.57,3.66,3.75,3,0,-2,-2,-3,-22,0,158.101,-22.841999999999985,611.373,-103.0549999999999,0,-1.865,-3.751,-213.935,1,1,-248977,5.641,47.449999999999996,15.4,-108,-712,-242,,151.539,-26.618000000000052,567.674,196.12,48.29,67.72,63.47,76.23,false,false,0.02,-1.48,中期趨勢仍向下；ETF短中期同步減碼；外資持股5/10日下降，且外資5日賣超；20日趨勢尚未上彎
263,3131,弘塑,TPEX,半導體業,暫不承接,保護持有,protect,今天不新增部位；未完成確認前不機械式賣出,今天收盤後；若跌破，再看下一交易日是否收復,"已有部位暫停加碼；若收盤跌破60日EMA約 2,593.38，且下一交易日仍未收復，先減碼三分之一；若ETF或外資繼續轉弱，再分批降低部位。",ETF 5/10日同步減碼,58.8,58.7,42.6,85,99.2,可用,2475,2480,43.35,22.9,17.3,79.25,130.43,27.27,43.82,22.51,1.86,13,-1,-27,-32,-55,-44,-30,137.166,137.166,137.166,137.166,-0.276,-0.276,-0.276,-0.276,0,1,-683100,7.889,7.889,34.48,,,,,129.553,129.553,129.553,129.553,51.66,55.01,44.99,75.05,false,false,1.96,1.23,ETF短中期同步減碼；ETF 1/3日已轉為減碼；主動ETF 5日轉為減碼；外資持股尚未完成5／10日可比核對或期間有非市場異動；此項不給分，不解讀為轉弱
264,2610,華航,TWSE,航運業,暫不承接,保護持有,protect,今天不新增部位；未完成確認前不機械式賣出,今天收盤後；若跌破，再看下一交易日是否收復,已有部位暫停加碼；若收盤跌破60日EMA約 20.53，且下一交易日仍未收復，先減碼三分之一；若ETF或外資繼續轉弱，再分批降低部位。,價格跌破60日EMA且20日趨勢向下,57.3,58.6,49.2,85,100,完整,20.1,20.2,27.22,18.65,7.53,73.06,66.84,1.08,9.31,1.23,4.03,18,-221,10639,16874,20999,27496,0,-1876.72,20450.735000000004,9286.942000000006,36009.47800000001,-216,17096,21201.765,27666.765,4,1,343629600,396.028,892.9440000000002,15.2,-1463,4123,-11014,,-1707.958,2958.7070000000003,-12807.766999999998,8093.049,44.06,51.48,53.77,46.89,false,true,-1.18,-0.25,中期趨勢仍向下；20日趨勢尚未上彎；當下除權息調整價未守20日EMA
265,2454,聯發科,TWSE,半導體業,暫不承接,保護持有,protect,今天不新增部位；未完成確認前不機械式賣出,今天收盤後；若跌破，再看下一交易日是否收復,"已有部位暫停加碼；若收盤跌破60日EMA約 4,221.43，且下一交易日仍未收復，先減碼三分之一；若ETF或外資繼續轉弱，再分批降低部位。",ETF 5/10日同步減碼,67.9,58.5,39.9,85,100,可用,4910,4910,44.08,5.76,15.19,45.06,123.94,30.44,81.09,18.47,1.09,70,98,-191,-121,-952,-890,-221,-4814.216,2165.2689999999993,6240.2959999999985,12575.915999999997,-59.444,319.77299999999997,-159.15000000000003,2602.796,2,3,1570085430,493.25,1128.707,56.32,-4694,1694,5648,,-4669.389,1352.246,5270.7390000000005,8204.27,59.66,63.7,65.04,61,false,true,5.05,4.25,ETF短中期同步減碼；主動ETF 5日轉為減碼
266,6472,保瑞,TWSE,生技醫療業,暫不承接,保護持有,protect,今天不新增部位；未完成確認前不機械式賣出,今天收盤後；若跌破，再看下一交易日是否收復,已有部位暫停加碼；若收盤跌破60日EMA約 418.01，且下一交易日仍未收復，先減碼三分之一；若ETF或外資繼續轉弱，再分批降低部位。,ETF 5/10日同步減碼,56.6,58.5,41.9,85,100,可用,422.5,426.25,59.22,6.09,14.11,66.33,129.65,4.56,34.83,3.56,2.37,2,0,-1,-1,-1,-2,0,107.345,-212.05800000000005,1298.293,198.54999999999987,0,-134,282.611,464.611,0,4,-56615000,-115.85600000000001,26.726999999999993,12.93,132,82,2920,,118.881,37.798,988.9549999999999,-248.21300000000014,50.66,54.1,56.45,49.41,false,true,0.25,-4.95,ETF短中期同步減碼；投信20日買超後近5日轉賣；外資持股尚未完成5／10日可比核對或期間有非市場異動；此項不給分，不解讀為轉弱；20日趨勢尚未上彎
267,3661,世芯-KY,TWSE,半導體業,暫不承接,降低部位,trim,停止加碼；反彈未站回恢復區時分批減碼,每個交易日收盤後，確認是否站回恢復區,"已有部位先停止加碼。反彈若仍未站回 3,804.52，分批降低部位；只有站回且ETF／外資賣壓收斂後才重新評估。",價格跌破60日EMA且20日趨勢向下；ETF 5/10日同步減碼；投信5/10日持續且具金額意義地賣超,51,58.4,59.6,85,100,可用,3685,3790,273.61,13.58,25.49,32.68,290.95,37.57,54.05,5.27,0.88,21,5,15,-6,-2360,-2394,-18,-111.151,-51.065,-868.249,-3391.154,-2,-51.956,-2732.224,-2688.8590000000004,1,4,-191457860,98.34200000000001,71.93,50.38,-62,-418,1723,,-92.703,-97.45100000000001,1792.045,-755.2869999999998,47.8,58.79,47.66,81.05,false,false,-1.2,4.1,中期趨勢仍向下；ETF短中期同步減碼；主動ETF 5日轉為減碼；投信5/10日持續且具金額意義的賣超；20日趨勢尚未上彎
268,4991,環宇-KY,TPEX,半導體業,暫不承接,保護持有,protect,今天不新增部位；未完成確認前不機械式賣出,今天收盤後；若跌破，再看下一交易日是否收復,已有部位暫停加碼；若收盤跌破60日EMA約 482.98，且下一交易日仍未收復，先減碼三分之一；若ETF或外資繼續轉弱，再分批降低部位。,ETF 5/10日同步減碼,58.4,58.3,60.1,85,100,可用,474.5,488,45.62,45.57,18.87,12.71,998.83,2.58,147.82,12.92,0,4,0,-1050,-1201,-1200,-1127,-1200,599.659,599.659,599.659,599.659,170,170,170,170,1,0,80665000,-33.939,-33.939,21.88,,,,,463.598,463.598,463.598,463.598,50.63,52.05,44.98,66.19,false,false,1.01,0.11,中期趨勢仍向下；ETF短中期同步減碼；主動ETF 5日轉為減碼；外資持股尚未完成5／10日可比核對或期間有非市場異動；此項不給分，不解讀為轉弱；20日趨勢尚未上彎
269,3048,益登,TWSE,電子通路業,暫不承接,降低部位,trim,停止加碼；反彈未站回恢復區時分批減碼,每個交易日收盤後，確認是否站回恢復區,已有部位先停止加碼。反彈若仍未站回 53.93，分批降低部位；只有站回且ETF／外資賣壓收斂後才重新評估。,價格跌破60日EMA且20日趨勢向下；外資持股5/10日下降且外資5日賣超,51,58.2,47.6,85,100,完整,51.1,52,50.31,36.26,2.25,81.14,133.57,3.15,10.85,1.87,1.96,1,0,0,0,0,0,0,-291.317,-644.388,-687.5730000000001,-813.5060000000001,0,0,0,0,0,0,0,-26.749,25.930000000000003,5.29,-339,-641,-859,,-297,-617.639,-713.5029999999999,-786.1179999999999,43.39,60.63,46.97,87.96,false,false,-1.48,0.2,中期趨勢仍向下；外資持股5/10日下降，且外資5日賣超；20日趨勢尚未上彎
270,6584,南俊國際,TPEX,電子零組件業,暫不承接,降低部位,trim,停止加碼；反彈未站回恢復區時分批減碼,每個交易日收盤後，確認是否站回恢復區,已有部位先停止加碼。反彈若仍未站回 585.96，分批降低部位；只有站回且ETF／外資賣壓收斂後才重新評估。,價格跌破60日EMA且20日趨勢向下；ETF 5/10日同步減碼,48.2,58.2,61.3,85,100,可用,543,560,37.66,50.05,29.58,32.16,184.25,6.47,51.57,10.39,0.45,3,0,-18,-18,-105,-21,-18,-38.594,-38.594,-38.594,-38.594,0,0,0,0,0,0,0,-0.598,-0.598,12.18,,,,,-37.996,-37.996,-37.996,-37.996,42.65,23.2,24.76,20.09,false,true,-4.37,-5.73,中期趨勢仍向下；ETF短中期同步減碼；主動ETF 5日轉為減碼；外資持股尚未完成5／10日可比核對或期間有非市場異動；此項不給分，不解讀為轉弱；20日趨勢尚未上彎；當下除權息調整價未守20日EMA
271,5483,中美晶,TPEX,半導體業,暫不承接,保護持有,protect,今天不新增部位；未完成確認前不機械式賣出,今天收盤後；若跌破，再看下一交易日是否收復,已有部位暫停加碼；若收盤跌破60日EMA約 182.02，且下一交易日仍未收復，先減碼三分之一；若ETF或外資繼續轉弱，再分批降低部位。,ETF 5/10日同步減碼,60.3,58,45.6,85,100,可用,189,191,11.68,6.1,11.23,54.63,131.28,5.02,21.07,2.27,1.85,11,-13,-50,-65,-91,-125,-22,3847.59,3847.59,3847.59,3847.59,-13,-13,-13,-13,0,1,-2457000,103.017,103.017,27.04,,,,,3757.573,3757.573,3757.573,3757.573,54.37,57.82,60.37,52.72,false,true,2.6,0.8,ETF短中期同步減碼；ETF 1/3日已轉為減碼；主動ETF 5日轉為減碼；外資持股尚未完成5／10日可比核對或期間有非市場異動；此項不給分，不解讀為轉弱
272,3033,威健,TWSE,電子通路業,暫不承接,降低部位,trim,停止加碼；反彈未站回恢復區時分批減碼,每個交易日收盤後，確認是否站回恢復區,已有部位先停止加碼。反彈若仍未站回 44.68，分批降低部位；只有站回且ETF／外資賣壓收斂後才重新評估。,價格跌破60日EMA且20日趨勢向下；ETF 5/10日同步減碼；外資持股5/10日下降且外資5日賣超,46.8,57.9,53.4,85,100,完整,42,42.4,56.84,35.67,3.65,78.4,133.84,3.38,9.23,1.73,4.57,4,0,-5,-5,-12,-577,0,145.31,-2076.754,-2351.611,-13992.848,0,-4.64,-11.479,-576.226,1,1,-194880,-664.3340000000001,-675.8600000000001,19.85,-2,-2548,-2197,,263.019,-1407.78,-1664.2719999999997,-12494.730999999998,40.41,54.7,46.83,70.45,false,false,-1.51,0.96,中期趨勢仍向下；ETF短中期同步減碼；外資持股5/10日下降，且外資5日賣超；20日趨勢尚未上彎；當下除權息調整價未守20日EMA
273,3592,瑞鼎,TWSE,半導體業,暫不承接,保護持有,protect,今天不新增部位；未完成確認前不機械式賣出,今天收盤後；若跌破，再看下一交易日是否收復,已有部位暫停加碼；若收盤跌破60日EMA約 232.74，且下一交易日仍未收復，先減碼三分之一；若ETF或外資繼續轉弱，再分批降低部位。,價格跌破60日EMA且20日趨勢向下,56.9,57.9,53.8,85,100,完整,225,229,22.85,8.17,5.23,47.33,188.43,8.35,13.21,1.5,6.49,6,8,27,25,24,33,0,109.987,185.092,346.879,97.87900000000002,8,25.301,23.601999999999997,32.71899999999999,2,1,5692725,-1.855,3.661,14.88,60,100,377,,101.987,161.64600000000002,319.616,83.08099999999996,48.98,62.54,64.91,57.8,false,true,0.22,0.22,中期趨勢仍向下；20日趨勢尚未上彎
274,4749,新應材,TPEX,半導體業,暫不承接,降低部位,trim,停止加碼；反彈未站回恢復區時分批減碼,每個交易日收盤後，確認是否站回恢復區,已有部位先停止加碼。反彈若仍未站回 789.87，分批降低部位；只有站回且ETF／外資賣壓收斂後才重新評估。,價格跌破60日EMA且20日趨勢向下；ETF 5/10日同步減碼,55.9,57.9,60.8,85,100,可用,764,780,41.95,20.99,25.14,28.91,445.09,6.94,59.27,6.85,1.05,6,-2,-2,-2,-69,-63,0,112.541,112.541,112.541,112.541,-1.207,-1.207,-1.207,-1.207,0,1,-922148,49.097,49.097,13.76,,,,,64.651,64.651,64.651,64.651,53,52.14,38.8,78.83,false,false,2.33,3.1,中期趨勢仍向下；ETF短中期同步減碼；ETF 1/3日已轉為減碼；外資持股尚未完成5／10日可比核對或期間有非市場異動；此項不給分，不解讀為轉弱；20日趨勢尚未上彎
275,2211,長榮鋼,TWSE,鋼鐵工業,暫不承接,降低部位,trim,停止加碼；反彈未站回恢復區時分批減碼,每個交易日收盤後，確認是否站回恢復區,已有部位先停止加碼。反彈若仍未站回 85.28，分批降低部位；只有站回且ETF／外資賣壓收斂後才重新評估。,價格跌破60日EMA且20日趨勢向下；ETF 5/10日同步減碼；外資持股5/10日下降且外資5日賣超,40.9,57.6,76,85,100,完整,78.8,78.8,11.85,7.22,20.01,25.6,197.65,3.26,10.68,1.19,8.25,4,0,-1,-1,-3,36,0,-244.879,-1778.4099999999999,-2173.44,-1868.192,5,3.387,-61.225,-26.491,1,1,266896,19.927999999999997,27.088999999999995,3.37,-452,-1602,-1919,,-264.725,-1801.725,-2139.304,-1776.3180000000004,29.91,9.38,13.21,1.72,false,false,-3.21,-2.48,中期趨勢仍向下；ETF短中期同步減碼；20日累積後5日轉為調節；外資持股5/10日下降，且外資5日賣超；20日趨勢尚未上彎；當下除權息調整價未守20日EMA
276,6121,新普,TPEX,電腦及週邊設備業,暫不承接,保護持有,protect,今天不新增部位；未完成確認前不機械式賣出,今天收盤後；若跌破，再看下一交易日是否收復,已有部位暫停加碼；若收盤跌破60日EMA約 387.74，且下一交易日仍未收復，先減碼三分之一；若ETF或外資繼續轉弱，再分批降低部位。,價格跌破60日EMA且20日趨勢向下,57.4,57.4,64.8,85,100,可用,379.5,379.5,4.65,4.85,11.49,43.1,222.47,15.89,11.46,1.77,5.74,16,2,95,212,422,953,170,42.217,42.217,42.217,42.217,1.8,1.8,1.8,1.8,1,0,683100,3.012,3.012,45.38,,,,,37.405,37.405,37.405,37.405,46.13,55.3,40.3,85.28,false,false,-0.61,2.15,中期趨勢仍向下；外資持股尚未完成5／10日可比核對或期間有非市場異動；此項不給分，不解讀為轉弱；20日趨勢尚未上彎；當下除權息調整價未守20日EMA
277,5904,寶雅*,TPEX,居家生活,暫不承接,保護持有,protect,今天不新增部位；未完成確認前不機械式賣出,今天收盤後；若跌破，再看下一交易日是否收復,已有部位暫停加碼；若收盤跌破60日EMA約 70.69，且下一交易日仍未收復，先減碼三分之一；若ETF或外資繼續轉弱，再分批降低部位。,價格跌破60日EMA且20日趨勢向下,55,57.3,48.7,85,100,可用,68.8,68.8,10.32,13.91,16.38,78.94,111.99,17.45,20.24,1.01,3.7,9,193,345,506,2684,2181,430,-629.444,-629.444,-629.444,-629.444,192.8,192.8,192.8,192.8,1,0,13264640,8.932,8.932,25.59,,,,,-831.176,-831.176,-831.176,-831.176,36.47,10.63,23.08,-14.27,false,false,-4.3,-4.58,中期趨勢仍向下；外資持股尚未完成5／10日可比核對或期間有非市場異動；此項不給分，不解讀為轉弱；20日趨勢尚未上彎；當下除權息調整價未守20日EMA
278,5425,台半,TPEX,半導體業,暫不承接,保護持有,protect,今天不新增部位；未完成確認前不機械式賣出,今天收盤後；若跌破，再看下一交易日是否收復,已有部位暫停加碼；若收盤跌破60日EMA約 92.27，且下一交易日仍未收復，先減碼三分之一；若ETF或外資繼續轉弱，再分批降低部位。,ETF 5/10日同步減碼,59.7,57.2,44,85,100,可用,95.8,96.3,22.43,7.49,8.99,50.58,181.79,1.52,34.84,3.07,2.11,1,0,-21,-21,-21,-102,-21,2314.98,2314.98,2314.98,2314.98,0,0,0,0,0,0,0,22.238,22.238,19.52,,,,,2292.742,2292.742,2292.742,2292.742,56.83,80.98,74.14,94.68,false,false,3.51,3.46,ETF短中期同步減碼；主動ETF 5日轉為減碼；外資持股尚未完成5／10日可比核對或期間有非市場異動；此項不給分，不解讀為轉弱
279,2393,億光,TWSE,光電業,暫不承接,降低部位,trim,停止加碼；反彈未站回恢復區時分批減碼,每個交易日收盤後，確認是否站回恢復區,已有部位先停止加碼。反彈若仍未站回 64.65，分批降低部位；只有站回且ETF／外資賣壓收斂後才重新評估。,價格跌破60日EMA且20日趨勢向下；ETF 5/10日同步減碼；投信5/10日持續且具金額意義地賣超,50.3,57,66.4,85,100,可用,63.6,63.75,14.1,6.28,8.54,37.1,195.25,2.14,13.56,1.47,7.08,11,-309,-1001,-769,-573,-1487,-926,205.298,-440.252,1453.9799999999998,1106.8259999999998,-296.852,-756.7340000000002,-560.455,-1475.218,2,3,-48128282,8.151,-410.77,28.87,327,71,2157,,498.1,308.3310000000001,2425.2050000000004,3175.748,49.38,62.61,59.17,69.47,false,false,0.08,-1.24,中期趨勢仍向下；ETF短中期同步減碼；ETF 1/3日已轉為減碼；主動ETF 5日轉為減碼；投信5/10日持續且具金額意義的賣超；20日趨勢尚未上彎
280,3265,台星科,TPEX,半導體業,暫不承接,保護持有,protect,今天不新增部位；未完成確認前不機械式賣出,今天收盤後；若跌破，再看下一交易日是否收復,已有部位暫停加碼；若收盤跌破60日EMA約 171.48，且下一交易日仍未收復，先減碼三分之一；若ETF或外資繼續轉弱，再分批降低部位。,ETF 5/10日同步減碼,52.8,57,53.3,85,100,可用,180.5,185,3.36,16.45,21.9,41.35,203.97,3.85,25.32,3.89,2.27,2,0,-24,-24,-24,-119,-24,-291.966,-291.966,-291.966,-291.966,0,0,0,0,0,0,0,-61.785,-61.785,10.87,,,,,-230.181,-230.181,-230.181,-230.181,55.15,58.3,55.93,63.03,false,false,3.21,0.28,ETF短中期同步減碼；主動ETF 5日轉為減碼；外資持股尚未完成5／10日可比核對或期間有非市場異動；此項不給分，不解讀為轉弱
281,6223,旺矽,TPEX,半導體業,暫不承接,保護持有,protect,今天不新增部位；未完成確認前不機械式賣出,今天收盤後；若跌破，再看下一交易日是否收復,"已有部位暫停加碼；若收盤跌破60日EMA約 5,627.40，且下一交易日仍未收復，先減碼三分之一；若ETF或外資繼續轉弱，再分批降低部位。",ETF 5/10日同步減碼,52.2,57,46.8,85,100,可用,5185,5300,69.87,54.79,33.54,55.09,161.51,28.08,111.03,31.94,0.42,37,-54,-107,-234,-180,-236,-201,-189.236,-189.236,-189.236,-189.236,-398.335,-398.335,-398.335,-398.335,0,1,-2065366975,14.777,14.777,30.29,,,,,194.322,194.322,194.322,194.322,43.38,35.18,42.97,19.6,true,true,-5.59,-10.6,ETF短中期同步減碼；ETF 1/3日已轉為減碼；主動ETF 5日轉為減碼；外資持股尚未完成5／10日可比核對或期間有非市場異動；此項不給分，不解讀為轉弱；當下除權息調整價未守20日EMA
282,2402,毅嘉,TWSE,電子零組件業,暫不承接,保護持有,protect,今天不新增部位；未完成確認前不機械式賣出,今天收盤後；若跌破，再看下一交易日是否收復,已有部位暫停加碼；若收盤跌破60日EMA約 57.02，且下一交易日仍未收復，先減碼三分之一；若ETF或外資繼續轉弱，再分批降低部位。,未觸發明確減碼訊號,60.6,56.7,43.9,85,100,完整,56.9,57.9,16.42,17.17,4.36,56.6,161.09,0.46,34.07,2.4,3.51,1,0,0,0,0,0,0,569.152,441.63699999999994,-79.64400000000012,-3067.8340000000003,0,0,0,0,0,0,0,64.196,-27.377000000000002,5.59,346,554,692,,431.119,377.441,-52.26700000000005,-2798.768,56.59,63.36,46.71,96.68,false,false,3.32,5.18,中期趨勢仍向下；20日趨勢尚未上彎
283,2472,立隆電,TWSE,電子零組件業,暫不承接,保護持有,protect,今天不新增部位；未完成確認前不機械式賣出,今天收盤後；若跌破，再看下一交易日是否收復,已有部位暫停加碼；若收盤跌破60日EMA約 241.06，且下一交易日仍未收復，先減碼三分之一；若ETF或外資繼續轉弱，再分批降低部位。,價格跌破60日EMA且20日趨勢向下,46.3,56.6,68.7,85,100,完整,213,216.5,51.19,24.38,20.37,26.28,287.97,3.98,21.69,3.68,1.64,4,0,0,0,0,-415,0,-321.95,-1994.0079999999998,-1954.301,-1765.798,0,-824,-3395.8,-7228.8,1,2,-175512000,6.789,-24.977,14.05,-179,-1460,1628,,-302.159,-1176.7969999999998,1466.476,5600.198,43.17,49.51,46.46,55.61,false,false,-2.29,-1.39,中期趨勢仍向下；20日趨勢尚未上彎；當下除權息調整價未守20日EMA
284,1717,長興,TWSE,化學工業,暫不承接,保護持有,protect,今天不新增部位；未完成確認前不機械式賣出,今天收盤後；若跌破，再看下一交易日是否收復,已有部位暫停加碼；若收盤跌破60日EMA約 71.67，且下一交易日仍未收復，先減碼三分之一；若ETF或外資繼續轉弱，再分批降低部位。,ETF 5/10日同步減碼,60.5,56.5,40,85,100,完整,72.5,74.3,20.95,11.78,7.03,51.77,173.89,1.09,38.16,2.73,1.38,6,0,-600,-600,-347,-1648,-600,2451.686,-530.7479999999998,-6662.681,-5571.908999999996,2,-592,273,1774.81,2,1,-42920000,-197.773,381.89900000000006,12.09,2613,124,-5202,,2448.647,259.025,-7317.58,-5777.580999999998,51.53,68.4,54.35,96.5,false,false,0.69,1.54,ETF短中期同步減碼；主動ETF 5日轉為減碼；20日趨勢尚未上彎
285,6138,茂達,TPEX,半導體業,暫不承接,保護持有,protect,今天不新增部位；未完成確認前不機械式賣出,今天收盤後；若跌破，再看下一交易日是否收復,已有部位暫停加碼；若收盤跌破60日EMA約 290.15，且下一交易日仍未收復，先減碼三分之一；若ETF或外資繼續轉弱，再分批降低部位。,價格跌破60日EMA且20日趨勢向下,57.4,56.3,57.2,85,100,可用,278.5,282,2.5,10.67,19.7,36.78,238.48,7.64,18.73,5.52,3.93,4,9,29,15,14,15,-13,146.99,146.99,146.99,146.99,9,9,9,9,1,0,2506500,-2.35,-2.35,13.35,,,,,140.34,140.34,140.34,140.34,48.58,71.91,59.67,96.39,false,false,0.27,0.91,中期趨勢仍向下；主動ETF 5日轉為減碼；外資持股尚未完成5／10日可比核對或期間有非市場異動；此項不給分，不解讀為轉弱；20日趨勢尚未上彎
286,1476,儒鴻,TWSE,紡織纖維,暫不承接,降低部位,trim,停止加碼；反彈未站回恢復區時分批減碼,每個交易日收盤後，確認是否站回恢復區,已有部位先停止加碼。反彈若仍未站回 310.87，分批降低部位；只有站回且ETF／外資賣壓收斂後才重新評估。,價格跌破60日EMA且20日趨勢向下；外資持股5/10日下降且外資5日賣超,48.1,55.9,71.4,85,100,完整,273,274.5,-1.13,5.04,20.96,24,273.93,12.35,11.31,2.58,5.49,12,2,21,41,284,766,0,-0.608,-1495.529,-1998.4629999999997,-3955.731999999999,2,-8.453,233.786,711.097,2,3,-2307669,12.79,-31.32999999999999,27.53,64,-1426,-1999,,-0.512,-1499.866,-2200.9190000000003,-4538.3330000000005,25.64,11.91,12.5,10.74,true,true,-6.05,-3.19,中期趨勢仍向下；外資持股5/10日下降，且外資5日賣超；20日趨勢尚未上彎；當下除權息調整價未守20日EMA
287,5388,中磊,TWSE,通信網路業,暫不承接,降低部位,trim,停止加碼；反彈未站回恢復區時分批減碼,每個交易日收盤後，確認是否站回恢復區,已有部位先停止加碼。反彈若仍未站回 78.16，分批降低部位；只有站回且ETF／外資賣壓收斂後才重新評估。,價格跌破60日EMA且20日趨勢向下；外資持股5/10日下降且外資5日賣超,44.6,55.9,50.9,85,100,完整,71.7,73,45.05,55.15,3.13,72.17,130.23,2.59,16.04,1.33,3.49,3,0,0,0,-1,-1,0,-1539.548,-2592.46,-2647.188,-12701.183,0,0,-1.294,-1.294,0,0,0,359.946,392.519,10.88,-1107,-2482,-2271,,-1545.391,-2952.406,-3038.4129999999996,-12076.674,36.53,42.8,47.33,33.73,false,true,-3.15,-2.58,中期趨勢仍向下；外資持股5/10日下降，且外資5日賣超；20日趨勢尚未上彎；當下除權息調整價未守20日EMA
288,2049,上銀,TWSE,電機機械,暫不承接,降低部位,trim,停止加碼；反彈未站回恢復區時分批減碼,每個交易日收盤後，確認是否站回恢復區,已有部位先停止加碼。反彈若仍未站回 341.55，分批降低部位；只有站回且ETF／外資賣壓收斂後才重新評估。,價格跌破60日EMA且20日趨勢向下；外資持股5/10日下降且外資5日賣超,55.5,55.7,55.8,85,100,完整,335.5,338.5,42.3,23.03,11.98,31.19,225.94,4.03,50.83,3.03,0.6,6,0,0,0,-3,-167,0,1186.436,-191.84400000000016,-4093.8300000000004,-491.9519999999995,0,2,17.581,-1080.4189999999999,2,0,671000,123.97100000000002,-84.14899999999997,38.73,803,-542,-4235,,1054.762,-317.8150000000001,-4027.262,608.7410000000002,46.74,44.48,33.86,65.73,true,false,-1.38,0.3,中期趨勢仍向下；外資持股5/10日下降，且外資5日賣超；20日趨勢尚未上彎；當下除權息調整價未守20日EMA
289,6278,台表科,TWSE,光電業,暫不承接,正常持有,strong,強勢續抱；不追高,今日收盤確認是否守住20日EMA,價格仍在20／60日EMA之上且短線強勢；ETF偏弱先觀察，不因分歧減碼。若收盤跌破20日EMA約 196.38 且法人續弱，再轉為保護持有。,價格強勢站上20／60日EMA；ETF偏弱，先觀察,60.3,55.3,42,85,100,可用,216,218,10.87,5.23,5.98,59.36,138.91,4.93,21.88,2.7,2.57,10,-519,-574,-574,-514,130,-574,224.561,1418.5349999999999,1892.4239999999998,3735.4539999999993,-159,-197,-81,3047,2,2,-42552000,1067.6789999999999,1332.409,17.39,644,1314,1574,,268.976,547.856,641.015,-103.64200000000014,65.7,80.28,69.83,101.17,false,false,9.99,10.2,ETF短中期同步減碼；20日累積後5日轉為調節；ETF 1/3日已轉為減碼；主動ETF 5日轉為減碼；融資增幅與短線漲幅同步偏高
290,7769,鴻勁,TWSE,半導體業,暫不承接,降低部位,trim,停止加碼；反彈未站回恢復區時分批減碼,每個交易日收盤後，確認是否站回恢復區,"已有部位先停止加碼。反彈若仍未站回 6,244.25，分批降低部位；只有站回且ETF／外資賣壓收斂後才重新評估。",價格跌破60日EMA且20日趨勢向下；ETF 5/10日同步減碼；投信5/10日持續且具金額意義地賣超,38.9,55.2,64.9,85,100,可用,5585,5710,91.58,92.92,49.13,33.36,287.37,56.14,57.66,17.69,1.16,29,2,-181,-431,-425,-586,-433,-178.008,-1554.488,-1469.0549999999998,-1147.1309999999996,-250.149,-1255.192,-1253.4609999999998,-1805.6149999999996,0,5,-7010247320,-13.411,34.584,20.08,12,-454,7,,66.836,-285.885,-250.178,620.9510000000001,39,9.75,18.35,-7.47,false,false,-8.87,-14.6,中期趨勢仍向下；ETF短中期同步減碼；主動ETF 5日轉為減碼；投信5/10日持續且具金額意義的賣超；20日趨勢尚未上彎；當下除權息調整價未守20日EMA
291,8422,可寧衛*,TWSE,綠能環保,暫不承接,降低部位,trim,停止加碼；反彈未站回恢復區時分批減碼,每個交易日收盤後，確認是否站回恢復區,已有部位先停止加碼。反彈若仍未站回 26.53，分批降低部位；只有站回且ETF／外資賣壓收斂後才重新評估。,價格跌破60日EMA且20日趨勢向下；ETF 5/10日同步減碼；外資持股5/10日下降且外資5日賣超,44,55.2,52.2,85,100,完整,25.5,25.5,105.85,35.88,27.67,55.71,104.84,0.55,26.56,3.37,4.71,3,0,0,-1,-1901,-1715,0,13.1,-7340.0650000000005,-7006.649,-6703.602,1,3,-1976,-1798,2,0,76500,-64.185,-412,5.33,383,-5771,-1820,,63.1,-7278.88,-4618.649,-3932.6990000000005,39.34,9.78,16.48,-3.63,false,false,-2.19,-3.95,中期趨勢仍向下；ETF短中期同步減碼；外資持股5/10日下降，且外資5日賣超；20日趨勢尚未上彎；當下除權息調整價未守20日EMA
292,5285,界霖,TWSE,半導體業,暫不承接,保護持有,protect,今天不新增部位；未完成確認前不機械式賣出,今天收盤後；若跌破，再看下一交易日是否收復,已有部位暫停加碼；若收盤跌破60日EMA約 83.93，且下一交易日仍未收復，先減碼三分之一；若ETF或外資繼續轉弱，再分批降低部位。,未觸發明確減碼訊號,55.9,55.1,49.2,85,100,完整,90.5,91.5,19.93,14.29,9.77,45.73,333.32,2.01,29.29,3,1.66,1,0,0,0,0,0,0,141.735,-111.77000000000004,856.2159999999999,561.6659999999999,0,0,0,0,0,0,0,21.871,52.42100000000001,8.35,99,-148,809,,140.711,-133.6409999999999,803.7950000000001,454.01800000000026,57.03,67,70.55,59.89,false,true,3.5,-3,
293,8210,勤誠,TWSE,電腦及週邊設備業,暫不承接,降低部位,trim,停止加碼；反彈未站回恢復區時分批減碼,每個交易日收盤後，確認是否站回恢復區,"已有部位先停止加碼。反彈若仍未站回 1,011.92，分批降低部位；只有站回且ETF／外資賣壓收斂後才重新評估。",價格跌破60日EMA且20日趨勢向下；ETF 5/10日同步減碼；外資持股5/10日下降且外資5日賣超,41.3,55.1,55.5,85,100,完整,877,880,40.54,51.68,24.82,56.81,149.43,21.83,22.99,8.81,1.6,11,0,-96,-301,-699,-1950,-300,-642.423,-1095.202,-1608.6019999999999,-3434.700999999999,0,-588,-1080,-2751,0,4,-515676000,-11.728999999999997,3.600000000000002,8.48,-580,-469,-614,,-633.198,-495.473,-532.202,-604.9850000000001,36.6,31.34,33.31,27.42,false,true,-4.45,-2.77,中期趨勢仍向下；ETF短中期同步減碼；主動ETF 5日轉為減碼；投信5/10日持續且具金額意義的賣超；外資持股5/10日下降，且外資5日賣超；20日趨勢尚未上彎；當下除權息調整價未守20日EMA
294,2486,一詮,TWSE,光電業,暫不承接,保護持有,protect,今天不新增部位；未完成確認前不機械式賣出,今天收盤後；若跌破，再看下一交易日是否收復,已有部位暫停加碼；若收盤跌破60日EMA約 239.26，且下一交易日仍未收復，先減碼三分之一；若ETF或外資繼續轉弱，再分批降低部位。,外資持股5/10日下降且外資5日賣超,58.4,55,40.5,85,100,完整,237,241,46.07,30,8.05,57.6,181.35,0.91,204.31,9.22,0.21,5,0,0,0,1,1,0,404.564,-1053.887,-3052.9719999999998,-11138.894999999999,0,-150,-98,-608,0,1,-35550000,88.92699999999999,-308.363,7.26,-26,-974,-1747,,408.209,-992.8140000000001,-2646.6090000000004,-9995.826000000003,47.78,41.96,28.34,69.19,false,false,-0.94,-0.21,中期趨勢仍向下；外資持股5/10日下降，且外資5日賣超；20日趨勢尚未上彎
295,2478,大毅,TWSE,電子零組件業,暫不承接,降低部位,trim,停止加碼；反彈未站回恢復區時分批減碼,每個交易日收盤後，確認是否站回恢復區,已有部位先停止加碼。反彈若仍未站回 128.08，分批降低部位；只有站回且ETF／外資賣壓收斂後才重新評估。,價格跌破60日EMA且20日趨勢向下；ETF 5/10日同步減碼,45.1,54.8,66.6,85,100,完整,117.5,120,43.63,22.77,15.93,29.93,259.07,2.91,24.18,2.31,1.7,3,0,-29,-29,-29,-152,-29,-427.459,22.025000000000013,714.268,643.1070000000002,0,-29,-29,-152,0,1,-3407500,9.363000000000001,64.054,11.99,-394,97,571,,-438.884,41.66199999999995,679.2139999999999,791.4069999999999,43.62,39.03,43.15,30.8,false,true,-2.82,-2.49,中期趨勢仍向下；ETF短中期同步減碼；主動ETF 5日轉為減碼；20日趨勢尚未上彎；當下除權息調整價未守20日EMA
296,2352,佳世達,TWSE,電腦及週邊設備業,暫不承接,保護持有,protect,今天不新增部位；未完成確認前不機械式賣出,今天收盤後；若跌破，再看下一交易日是否收復,已有部位暫停加碼；若收盤跌破60日EMA約 28.97，且下一交易日仍未收復，先減碼三分之一；若ETF或外資繼續轉弱，再分批降低部位。,未觸發明確減碼訊號,61.3,54.6,36.9,85,100,完整,29,29.1,11.82,2.74,1.29,69.11,115.41,0.58,37.66,1.15,3.45,6,0,0,0,2008,3241,0,671.941,2476.1200000000003,4849.587,8295.743000000002,0,0,2008,3241,0,0,0,-151.26999999999998,150.83800000000002,7.1,-9,1306,1672,,669.699,2627.3900000000003,2690.7490000000003,4684.479,50.64,53.38,57.29,45.56,false,true,0.17,-0.68,
297,3711,日月光投控,TWSE,半導體業,暫不承接,保護持有,protect,今天不新增部位；未完成確認前不機械式賣出,今天收盤後；若跌破，再看下一交易日是否收復,已有部位暫停加碼；若收盤跌破60日EMA約 614.68，且下一交易日仍未收復，先減碼三分之一；若ETF或外資繼續轉弱，再分批降低部位。,ETF 5/10日同步減碼；投信5/10日持續且具金額意義地賣超,58.1,54.4,36,85,100,可用,687,710,45.66,27.98,10.59,60.87,107.01,8.04,49.71,7.76,0.96,55,-71,-4346,-4521,-7637,-14307,-4640,-1690.256,17416.893,23536.986999999997,38992.67,-927,-3665.5600000000004,-5839.158,-12289.424,2,3,-2518239720,2288.837,3403.2949999999996,77.94,-842,18464,25526,,-723.983,18793.616,25972.850000000002,47916.43400000001,63.34,80.21,73.82,92.98,false,false,7.03,7.68,ETF短中期同步減碼；ETF 1/3日已轉為減碼；主動ETF 5日轉為減碼；投信5/10日持續且具金額意義的賣超；外資持股尚未完成5／10日可比核對或期間有非市場異動；此項不給分，不解讀為轉弱
298,2354,鴻準,TWSE,其他電子業,暫不承接,保護持有,protect,今天不新增部位；未完成確認前不機械式賣出,今天收盤後；若跌破，再看下一交易日是否收復,已有部位暫停加碼；若收盤跌破60日EMA約 61.86，且下一交易日仍未收復，先減碼三分之一；若ETF或外資繼續轉弱，再分批降低部位。,ETF 5/10日同步減碼,60,54.3,51.5,85,100,完整,65.1,64.8,58.42,-1.69,1.29,36.29,219.89,1.1,27.58,0.81,2.3,5,0,-3,-6,-109,-120,0,-1238.377,1252.6230000000005,792.5160000000005,32140.367000000002,2,2,-33,-54,2,1,130200,-323.66499999999996,-601.36,14.27,-505,1233,548,,-1083.171,1574.288,1426.8759999999997,32112.064,54.87,36.75,41.34,27.57,false,false,0.56,-0.91,ETF短中期同步減碼；單季稅前獲利對營業外貢獻依賴偏高
299,3481,群創,TWSE,光電業,暫不承接,保護持有,protect,今天不新增部位；未完成確認前不機械式賣出,今天收盤後；若跌破，再看下一交易日是否收復,已有部位暫停加碼；若收盤跌破60日EMA約 49.14，且下一交易日仍未收復，先減碼三分之一；若ETF或外資繼續轉弱，再分批降低部位。,ETF 5/10日同步減碼；投信5/10日持續且具金額意義地賣超,65.2,54,42.2,85,100,可用,49.75,51.8,0.02,11.86,2.4,43.52,150.57,0.77,63.78,1.77,2.01,15,0,-20,-87,-1905,-2292,0,7155.797,6595.638999999996,-5699.421000000004,9114.999,12,-8665.304,-11696.697,-12245.256000000001,1,3,-431098874,1203.469,4115.822000000001,20.55,6308,2447,-751,,5882.78,14057.474000000002,1881.454000000002,24955.214999999993,52.78,55.73,52.95,61.3,false,false,1.45,3.11,ETF短中期同步減碼；投信5/10日持續且具金額意義的賣超
300,6239,力成,TWSE,半導體業,暫不承接,保護持有,protect,今天不新增部位；未完成確認前不機械式賣出,今天收盤後；若跌破，再看下一交易日是否收復,已有部位暫停加碼；若收盤跌破60日EMA約 280.26，且下一交易日仍未收復，先減碼三分之一；若ETF或外資繼續轉弱，再分批降低部位。,ETF 5/10日同步減碼；投信5/10日持續且具金額意義地賣超,47.5,54,47.8,85,100,可用,281,277,24.46,30.83,14.16,44.87,169.04,5.5,27.82,3.63,1.6,24,48,-125,-3036,-5422,-5743,-3011,-3736.748,-5164.050000000001,541.2869999999991,-9167.015000000003,27,-3354.115,-7736.95,-7865.342,1,3,-942506315,128.98299999999995,1503.516,32.1,-3669,-2284,6362,,-3711.572,-1938.9180000000001,6774.721,-1383.1260000000002,50.67,55.63,58.73,49.45,false,true,0.13,-1.06,ETF短中期同步減碼；主動ETF 5日轉為減碼；投信5/10日持續且具金額意義的賣超；當下除權息調整價未守20日EMA
301,8261,富鼎,TWSE,半導體業,暫不承接,保護持有,protect,今天不新增部位；未完成確認前不機械式賣出,今天收盤後；若跌破，再看下一交易日是否收復,已有部位暫停加碼；若收盤跌破60日EMA約 186.97，且下一交易日仍未收復，先減碼三分之一；若ETF或外資繼續轉弱，再分批降低部位。,價格跌破60日EMA且20日趨勢向下,57,54,63.4,85,100,完整,176.5,177,-3,6.81,23.89,19.47,421.83,3.07,26.46,3.68,2.83,2,5,25,25,25,20,0,4.415,138.99599999999998,2349.7059999999997,1841.7909999999988,5,25.021,25.021,20.021,3,0,4416207,113.409,115.734,6.81,17,-179,2003,,30.995,0.5660000000000309,2208.951,1763.315,48.39,68.1,64.77,74.76,false,false,0.21,-0.28,中期趨勢仍向下；20日趨勢尚未上彎
302,2812,台中銀,TWSE,金融保險業,暫不承接,保護持有,protect,今天不新增部位；未完成確認前不機械式賣出,今天收盤後；若跌破，再看下一交易日是否收復,已有部位暫停加碼；若收盤跌破60日EMA約 19.04，且下一交易日仍未收復，先減碼三分之一；若ETF或外資繼續轉弱，再分批降低部位。,ETF 5/10日同步減碼；外資持股5/10日下降且外資5日賣超,44.7,53.9,66.6,85,100,完整,18.8,18.9,1.76,16.74,,90.61,,0.87,11.19,1.18,5.64,6,0,-2,-2,-1844,-8407,0,-11681.265,-23812.646,-29556.721000000005,36656.329999999994,0,-2,-1861.524,-8423.369999999999,0,1,-37600,-79.09700000000001,851.379,9.12,-11257,-19850,-25255,,-11633.119,-23731.549000000003,-28546.576,44261.356999999996,39.97,19.25,37.56,-17.37,false,false,-1.92,-2.84,ETF短中期同步減碼；外資持股5/10日下降，且外資5日賣超；當下除權息調整價未守20日EMA
303,6789,采鈺,TWSE,半導體業,暫不承接,保護持有,protect,今天不新增部位；未完成確認前不機械式賣出,今天收盤後；若跌破，再看下一交易日是否收復,已有部位暫停加碼；若收盤跌破60日EMA約 461.76，且下一交易日仍未收復，先減碼三分之一；若ETF或外資繼續轉弱，再分批降低部位。,ETF 5/10日同步減碼,60.8,53.8,50.2,85,100,完整,478.5,490,17.99,12.16,21.04,18.54,367.01,2.95,91.32,8.25,0.63,7,2,-3,-4,-466,-456,0,91.354,13.606000000000037,446.717,-475.9290000000001,2,-4,-480,-473,1,3,-1914000,68.213,111.29,4.34,185,-542,420,,74.223,-50.607,815.427,-85.97900000000006,58.23,71.01,56.25,100.55,false,false,4.47,4.13,ETF短中期同步減碼；估值高，現有成長幅度尚未支撐目前估值
304,2105,正新,TWSE,橡膠工業,暫不承接,降低部位,trim,停止加碼；反彈未站回恢復區時分批減碼,每個交易日收盤後，確認是否站回恢復區,已有部位先停止加碼。反彈若仍未站回 30.93，分批降低部位；只有站回且ETF／外資賣壓收斂後才重新評估。,價格跌破60日EMA且20日趨勢向下；外資持股5/10日下降且外資5日賣超,52.5,53.4,57.2,85,100,完整,30.1,30.05,4.64,5.81,9.96,40.94,274.96,1.05,16.54,1.12,5.98,12,116,632,821,1478,1325,0,255.132,153.8420000000001,-11012.836000000001,-16462.207000000002,23,505.045,1199.756,1818.8340000000003,5,0,15201855,686.256,987.026,8.55,326,-1235,-11010,,-52.889,-1037.4589999999998,-13199.618,-18850.985,41.02,37.5,29.85,52.8,false,false,-0.87,0.33,中期趨勢仍向下；外資持股5/10日下降，且外資5日賣超；20日趨勢尚未上彎；當下除權息調整價未守20日EMA
305,3406,玉晶光,TWSE,光電業,暫不承接,保護持有,protect,今天不新增部位；未完成確認前不機械式賣出,今天收盤後；若跌破，再看下一交易日是否收復,已有部位暫停加碼；若收盤跌破60日EMA約 790.06，且下一交易日仍未收復，先減碼三分之一；若ETF或外資繼續轉弱，再分批降低部位。,ETF 5/10日同步減碼；外資持股5/10日下降且外資5日賣超,48,53,59.3,85,100,完整,882,870,0.72,11.8,18.27,39.42,238.38,13.99,23.86,3.67,1.93,7,-9,7,-34,-239,-302,33,-73.28,-1889.384,-2438.8899999999994,1386.7600000000002,-9,-121,372.62,7245.12,2,3,-106722000,-225.912,-173.62599999999998,39.4,129,-1219,-2358,,-23.911,-1542.4720000000002,-2637.884,-5676.838999999998,48.66,10.88,17.68,-2.7,false,false,-4.2,-9.26,ETF短中期同步減碼；投信20日買超後近5日轉賣；外資持股5/10日下降，且外資5日賣超；當下除權息調整價未守20日EMA；借券賣出與借券賣出餘額壓力升高
306,7734,印能科技,TPEX,半導體業,暫不承接,降低部位,trim,停止加碼；反彈未站回恢復區時分批減碼,每個交易日收盤後，確認是否站回恢復區,"已有部位先停止加碼。反彈若仍未站回 2,905.31，分批降低部位；只有站回且ETF／外資賣壓收斂後才重新評估。",價格跌破60日EMA且20日趨勢向下；ETF 5/10日同步減碼,46,53,63.1,85,100,可用,2680,2740,-1.27,52.61,53.25,22.22,492.21,28.72,56.49,11.11,0.74,2,0,-25,-40,-40,-55,-40,-27.987,-27.987,-27.987,-27.987,0,0,0,0,0,0,0,-7.17,-7.17,6.28,,,,,-20.817,-20.817,-20.817,-20.817,46.51,57.87,44.69,84.23,false,false,-1.44,0.37,中期趨勢仍向下；ETF短中期同步減碼；主動ETF 5日轉為減碼；外資持股尚未完成5／10日可比核對或期間有非市場異動；此項不給分，不解讀為轉弱；20日趨勢尚未上彎
307,6449,鈺邦,TWSE,電子零組件業,暫不承接,保護持有,protect,今天不新增部位；未完成確認前不機械式賣出,今天收盤後；若跌破，再看下一交易日是否收復,已有部位暫停加碼；若收盤跌破60日EMA約 238.28，且下一交易日仍未收復，先減碼三分之一；若ETF或外資繼續轉弱，再分批降低部位。,價格跌破60日EMA且20日趨勢向下,42.2,52.9,57.4,85,100,完整,205.5,211,21.17,23.82,17.33,39.73,114.61,4.42,22.88,2.7,2.04,1,0,0,0,0,0,0,-223.765,-551.6469999999999,-773.8389999999999,-2719.8929999999996,0,0.007,-1217.993,-3717.993,1,0,1439,-9.089,13.905000000000003,5.21,-256,-523,425,,-222.264,-542.565,430.249,1027.552,39.58,17.37,23.47,5.15,false,false,-5.62,-5.3,中期趨勢仍向下；20日趨勢尚未上彎；當下除權息調整價未守20日EMA
308,5871,中租-KY,TWSE,其他,暫不承接,降低部位,trim,停止加碼；反彈未站回恢復區時分批減碼,每個交易日收盤後，確認是否站回恢復區,已有部位先停止加碼。反彈若仍未站回 112.24，分批降低部位；只有站回且ETF／外資賣壓收斂後才重新評估。,價格跌破60日EMA且20日趨勢向下；外資持股5/10日下降且外資5日賣超,48.6,52.5,56.6,85,100,可用,107,107,-0.68,-0.77,31.24,79.97,110.35,5.84,9.89,1.07,5.61,30,35,1795,1784,3000,6885,0,-2353.347,-21548.189,-21988.710999999996,-27528.725999999995,-33,1697.749,2900.1189999999997,5871.707999999999,3,2,181659143,173.45499999999998,339.194,44.03,-1240,-14330,-13734,,-2344.298,-23419.392999999996,-25228.023999999994,-33737.987,37.14,8.02,12.91,-1.78,false,false,-3.46,-4.46,累計營收負成長且當月改善不足；中期趨勢仍向下；外資持股5/10日下降，且外資5日賣超；20日趨勢尚未上彎；當下除權息調整價未守20日EMA
309,6415,矽力*-KY,TWSE,半導體業,暫不承接,降低部位,trim,停止加碼；反彈未站回恢復區時分批減碼,每個交易日收盤後，確認是否站回恢復區,已有部位先停止加碼。反彈若仍未站回 445.46，分批降低部位；只有站回且ETF／外資賣壓收斂後才重新評估。,價格跌破60日EMA且20日趨勢向下；ETF 5/10日同步減碼；投信5/10日持續且具金額意義地賣超,46.9,52.5,64.2,85,100,完整,409,416.5,52.54,33.04,10.43,14.57,718.18,6.03,41.52,3.94,0.62,10,-24,-109,-135,-152,-137,-125,-83.276,-272.26000000000005,680.724,-3235.9439999999995,-133,-248,-257.77,-1366.77,1,4,-101432000,-45.067,-70.184,81.19,56,12,1008,,57.703,20.80699999999996,1008.6780000000001,-1735.507,43.26,52.12,60.83,34.71,false,true,-3.56,-6.51,中期趨勢仍向下；ETF短中期同步減碼；ETF 1/3日已轉為減碼；主動ETF 5日轉為減碼；投信5/10日持續且具金額意義的賣超；20日趨勢尚未上彎；當下除權息調整價未守20日EMA；單季稅前獲利對營業外貢獻依賴偏高
310,6548,長科*,TPEX,半導體業,暫不承接,降低部位,trim,停止加碼；反彈未站回恢復區時分批減碼,每個交易日收盤後，確認是否站回恢復區,已有部位先停止加碼。反彈若仍未站回 72.42，分批降低部位；只有站回且ETF／外資賣壓收斂後才重新評估。,價格跌破60日EMA且20日趨勢向下；ETF 5/10日同步減碼,47.8,52.5,48.5,85,100,可用,71.8,71.9,43.66,28.26,14.32,49.37,200.5,1.22,32.34,5.12,1.88,5,-6,-10,-22,-209,503,0,319.414,319.414,319.414,319.414,-6,-6,-6,-6,0,1,-430800,15.414,15.414,5.79,,,,,310,310,310,310,48.26,33.39,41.99,16.18,false,true,-0.75,-4.01,中期趨勢仍向下；ETF短中期同步減碼；20日累積後5日轉為調節；ETF 1/3日已轉為減碼；外資持股尚未完成5／10日可比核對或期間有非市場異動；此項不給分，不解讀為轉弱；20日趨勢尚未上彎；當下除權息調整價未守20日EMA
311,2329,華泰,TWSE,半導體業,暫不承接,保護持有,protect,今天不新增部位；未完成確認前不機械式賣出,今天收盤後；若跌破，再看下一交易日是否收復,已有部位暫停加碼；若收盤跌破60日EMA約 45.31，且下一交易日仍未收復，先減碼三分之一；若ETF或外資繼續轉弱，再分批降低部位。,未觸發明確減碼訊號,52.3,52.4,48.1,85,100,完整,43.8,44.85,4.76,8.67,5.98,38.44,141.36,0.96,19.55,1.76,2.28,4,0,0,0,0,0,0,-214.176,-1396.9569999999999,1127.358,1308.4709999999998,0,0,0,0,0,0,0,-12.471000000000004,25.87999999999998,9.71,-173,-347,3044,,-216.011,-1384.4859999999999,1101.478,1357.7410000000002,51.68,69.45,65.73,76.9,false,false,0.95,-1.24,
312,3019,亞光,TWSE,光電業,暫不承接,降低部位,trim,停止加碼；反彈未站回恢復區時分批減碼,每個交易日收盤後，確認是否站回恢復區,已有部位先停止加碼。反彈若仍未站回 138.26，分批降低部位；只有站回且ETF／外資賣壓收斂後才重新評估。,價格跌破60日EMA且20日趨勢向下；外資持股5/10日下降且外資5日賣超,49.1,52.4,56.1,85,100,完整,135.5,137.5,15.29,15.45,9.05,40.75,215.07,2.98,22.85,2.55,3.39,2,0,0,0,0,0,0,566.878,-4189.053,-5692.999,-4587.794999999999,0,0,0,0,0,0,0,-103.17099999999999,104.82099999999997,7.87,882,-3249,-4615,,476.697,-4085.882,-5797.819999999999,-4515.536999999998,47.01,46.32,39.52,59.93,false,false,-1.14,-1.09,中期趨勢仍向下；外資持股5/10日下降，且外資5日賣超；20日趨勢尚未上彎
313,1802,台玻,TWSE,玻璃陶瓷,暫不承接,降低部位,trim,停止加碼；反彈未站回恢復區時分批減碼,每個交易日收盤後，確認是否站回恢復區,已有部位先停止加碼。反彈若仍未站回 59.00，分批降低部位；只有站回且ETF／外資賣壓收斂後才重新評估。,價格跌破60日EMA且20日趨勢向下；外資持股5/10日下降且外資5日賣超,53.2,52.2,41.8,85,93,可用,57.6,57.6,32.59,16.58,10.45,41.77,135.23,0.64,66.98,3.24,,6,0,0,0,255,1269,0,-2119.17,-3731.260000000001,-9617.271000000002,-11884.997000000003,0,8,263,1363,2,0,460800,-64.22799999999984,1374.0770000000002,5.27,-1042,-1727,-6043,,-2038.839,-3675.0319999999992,-11254.347999999998,-12786.555,47.11,37.48,40.61,31.24,false,true,-1.48,-2.04,中期趨勢仍向下；外資持股5/10日下降，且外資5日賣超；20日趨勢尚未上彎；當下除權息調整價未守20日EMA
314,2375,凱美,TWSE,電子零組件業,暫不承接,保護持有,protect,今天不新增部位；未完成確認前不機械式賣出,今天收盤後；若跌破，再看下一交易日是否收復,已有部位暫停加碼；若收盤跌破60日EMA約 129.44，且下一交易日仍未收復，先減碼三分之一；若ETF或外資繼續轉弱，再分批降低部位。,價格跌破60日EMA且20日趨勢向下,46.2,51.7,59.3,85,100,完整,117.5,120,37.59,15.91,7.44,28.89,190.62,1.85,28.25,1.2,1.02,2,0,0,0,0,-207,0,108.638,-239.29299999999998,515.953,-1809.171,0,0,0,-207,0,0,0,-21.579,-19,8.7,107,-161,445,,114.047,-217.71400000000003,534.953,-1443.005,41.94,29.41,31.02,26.21,false,true,-2.76,-1.67,中期趨勢仍向下；20日趨勢尚未上彎；當下除權息調整價未守20日EMA
315,2645,長榮航太,TWSE,航運業,暫不承接,降低部位,trim,停止加碼；反彈未站回恢復區時分批減碼,每個交易日收盤後，確認是否站回恢復區,已有部位先停止加碼。反彈若仍未站回 179.33，分批降低部位；只有站回且ETF／外資賣壓收斂後才重新評估。,價格跌破60日EMA且20日趨勢向下；外資持股5/10日下降且外資5日賣超,46.2,51.5,53.1,85,100,可用,172,172,25.97,14.87,20.27,49.28,239.87,4.59,21.94,4.8,2.91,5,8,32,29,-326,-364,0,-57.371,-520.14,-418.653,-2445.2279999999996,0,-1,-396,-356,0,1,-172000,-165.039,148.965,6.01,-151,-645,-356,,-70.987,-354.101,-171.618,-2094.618,43.66,25.78,29.42,18.51,false,true,-1.19,-1.15,中期趨勢仍向下；外資持股5/10日下降，且外資5日賣超；20日趨勢尚未上彎；當下除權息調整價未守20日EMA
316,6282,康舒,TWSE,電子零組件業,暫不承接,降低部位,trim,停止加碼；反彈未站回恢復區時分批減碼,每個交易日收盤後，確認是否站回恢復區,已有部位先停止加碼。反彈若仍未站回 46.48，分批降低部位；只有站回且ETF／外資賣壓收斂後才重新評估。,價格跌破60日EMA且20日趨勢向下；ETF 5/10日同步減碼；外資持股5/10日下降且外資5日賣超,47.3,51.5,46.5,85,100,完整,42.8,44,38.47,28.85,2.16,57.03,160.52,0.37,35.08,1.61,1.87,4,-10,-10,-10,-6,-198,0,-189.96,-2692.4560000000006,-3152.1750000000006,-7167.965,-10,-10,-6,-198,0,1,-428000,55.81200000000001,-101.01799999999997,11.46,-98,-2462,-2569,,-76.756,-2738.2679999999996,-3045.1569999999997,-6449.098,41.72,49.02,45.59,55.88,false,false,-1.56,-0.12,中期趨勢仍向下；ETF短中期同步減碼；ETF 1/3日已轉為減碼；外資持股5/10日下降，且外資5日賣超；20日趨勢尚未上彎
317,8069,元太,TPEX,光電業,暫不承接,保護持有,protect,今天不新增部位；未完成確認前不機械式賣出,今天收盤後；若跌破，再看下一交易日是否收復,已有部位暫停加碼；若收盤跌破60日EMA約 163.93，且下一交易日仍未收復，先減碼三分之一；若ETF或外資繼續轉弱，再分批降低部位。,價格跌破60日EMA且20日趨勢向下,45.6,51.5,66.7,85,100,可用,142.5,146,3.29,-2.88,33.72,36.32,154.89,5.65,13.86,2.17,4.13,11,13,307,373,-811,-469,0,-1166.286,-1166.286,-1166.286,-1166.286,13,13,13,13,1,0,1852500,-7.408,-7.408,40.1,,,,,-1171.878,-1171.878,-1171.878,-1171.878,34.14,28.81,25.67,35.09,true,true,-4.52,-2.73,累計營收負成長且當月改善不足；中期趨勢仍向下；外資持股尚未完成5／10日可比核對或期間有非市場異動；此項不給分，不解讀為轉弱；20日趨勢尚未上彎；當下除權息調整價未守20日EMA
318,2345,智邦,TWSE,通信網路業,暫不承接,降低部位,trim,停止加碼；反彈未站回恢復區時分批減碼,每個交易日收盤後，確認是否站回恢復區,"已有部位先停止加碼。反彈若仍未站回 2,087.49，分批降低部位；只有站回且ETF／外資賣壓收斂後才重新評估。",價格跌破60日EMA且20日趨勢向下；ETF 5/10日同步減碼；外資持股5/10日下降且外資5日賣超,41.7,51.1,46.7,85,100,可用,1810,1815,59.42,61.86,14.72,65.32,142.45,34.7,28.44,14.65,0.83,46,-529,-1103,-1343,-1194,-2531,-1376,-1366.233,-3748.503,-6045.9839999999995,-11370.103999999998,-736.046,-2711.051,-4916.669,-9819.883999999998,0,5,-4907002310,161.122,314.468,56.64,-672,-1121,-1373,,-632.095,-1198.574,-1443.7830000000001,-2010.105,37.44,35.46,33.24,39.88,false,false,-6.59,-2.43,中期趨勢仍向下；ETF短中期同步減碼；ETF 1/3日已轉為減碼；主動ETF 5日轉為減碼；投信5/10日持續且具金額意義的賣超；外資持股5/10日下降，且外資5日賣超；20日趨勢尚未上彎；當下除權息調整價未守20日EMA
319,6515,穎崴,TWSE,半導體業,暫不承接,降低部位,trim,停止加碼；反彈未站回恢復區時分批減碼,每個交易日收盤後，確認是否站回恢復區,"已有部位先停止加碼。反彈若仍未站回 6,834.65，分批降低部位；只有站回且ETF／外資賣壓收斂後才重新評估。",價格跌破60日EMA且20日趨勢向下；ETF 5/10日同步減碼；外資持股5/10日下降且外資5日賣超,39.2,51.1,51.4,85,100,可用,5675,5675,233.37,97.88,24.63,44.89,225.07,38.24,92.91,23.99,0.87,24,2,-31,-134,-155,116,-32,-109.487,-1377.847,-1631.401,-1740.551,-68,-903.201,-1125.787,-132.88700000000006,0,5,-5125665675,11.091000000000001,24.046,20.52,-38,-534,-600,,-40.92,-485.73699999999997,-529.6599999999999,-1633.168,37.58,16.82,16.65,17.16,true,false,-10.14,-11.81,中期趨勢仍向下；ETF短中期同步減碼；20日累積後5日轉為調節；主動ETF 5日轉為減碼；投信5/10日持續且具金額意義的賣超；外資持股5/10日下降，且外資5日賣超；20日趨勢尚未上彎；當下除權息調整價未守20日EMA
320,3023,信邦,TWSE,電子零組件業,暫不承接,降低部位,trim,停止加碼；反彈未站回恢復區時分批減碼,每個交易日收盤後，確認是否站回恢復區,已有部位先停止加碼。反彈若仍未站回 318.66，分批降低部位；只有站回且ETF／外資賣壓收斂後才重新評估。,價格跌破60日EMA且20日趨勢向下；外資持股5/10日下降且外資5日賣超,46.6,50.9,52.1,85,100,完整,307.5,313,32.47,13.93,10.95,52.87,162.52,7.37,23,4.54,3.25,14,5,23,16,206,-134,0,0.716,-480.029,-19.77699999999998,1093.2939999999999,-2,-8,181,9,0,4,-2460000,-3.5970000000000018,31.438,42.17,-90,-379,-157,,-11.698,-468.432,-232.21500000000003,1109.592,41.54,10.72,17.43,-2.7,false,true,-3.5,-6.11,中期趨勢仍向下；外資持股5/10日下降，且外資5日賣超；20日趨勢尚未上彎；當下除權息調整價未守20日EMA
321,4966,譜瑞-KY,TPEX,半導體業,暫不承接,保護持有,protect,今天不新增部位；未完成確認前不機械式賣出,今天收盤後；若跌破，再看下一交易日是否收復,已有部位暫停加碼；若收盤跌破60日EMA約 583.48，且下一交易日仍未收復，先減碼三分之一；若ETF或外資繼續轉弱，再分批降低部位。,價格跌破60日EMA且20日趨勢向下,51.7,50.8,66,85,100,可用,569,579,0.23,-0.66,13.79,14.61,478.03,14.43,18.1,1.97,3.13,7,0,20,20,28,-323,0,29.693,29.693,29.693,29.693,0,0,0,0,0,0,0,-0.335,-0.335,39.48,,,,,30.028,30.028,30.028,30.028,51.27,74.07,68.22,85.76,false,false,1.11,0.18,累計營收負成長且當月改善不足；中期趨勢仍向下；外資持股尚未完成5／10日可比核對或期間有非市場異動；此項不給分，不解讀為轉弱；20日趨勢尚未上彎
322,2355,敬鵬,TWSE,電子零組件業,暫不承接,保護持有,protect,今天不新增部位；未完成確認前不機械式賣出,今天收盤後；若跌破，再看下一交易日是否收復,已有部位暫停加碼；若收盤跌破60日EMA約 43.91，且下一交易日仍未收復，先減碼三分之一；若ETF或外資繼續轉弱，再分批降低部位。,價格跌破60日EMA且20日趨勢向下,49.4,50.4,57.9,85,100,完整,41.6,42,13.43,7.07,4.6,31.31,221.89,1.07,21.89,0.94,2.4,1,0,0,0,0,0,0,-1.141,932.5590000000001,654.5270000000002,635.7120000000002,0,0,0,0,0,0,0,-81.593,-47.958,17.1,-371,-248,-582,,-1.247,1014.152,702.485,903.7209999999998,47.23,59.37,46.45,85.21,false,false,-0.29,1.46,中期趨勢仍向下；20日趨勢尚未上彎
323,2542,興富發,TWSE,建材營造,暫不承接,降低部位,trim,停止加碼；反彈未站回恢復區時分批減碼,每個交易日收盤後，確認是否站回恢復區,已有部位先停止加碼。反彈若仍未站回 44.98，分批降低部位；只有站回且ETF／外資賣壓收斂後才重新評估。,價格跌破60日EMA且20日趨勢向下；外資持股5/10日下降且外資5日賣超,46.4,50.4,51.3,85,100,可用,38.6,39.35,-20.88,261.31,24.76,77.72,140.2,2.45,8.94,1.65,10.36,14,-183,3527,5662,18377,36284,570,-2641.674,-9936.442,-7944.990999999999,-3863.181000000002,-159.5,5685.499,18391.989,36299.689000000006,4,1,219460261,-2399.128,-2258.118,6.92,2382,-4567,-23600,,-2534.257,-13222.813,-24078.862,-38035.205,24.12,12.62,23.45,-9.03,false,false,-13.77,-19.25,中期趨勢仍向下；外資持股5/10日下降，且外資5日賣超；20日趨勢尚未上彎；當下除權息調整價未守20日EMA
324,1504,東元,TWSE,電機機械,暫不承接,降低部位,trim,停止加碼；反彈未站回恢復區時分批減碼,每個交易日收盤後，確認是否站回恢復區,已有部位先停止加碼。反彈若仍未站回 69.77，分批降低部位；只有站回且ETF／外資賣壓收斂後才重新評估。,價格跌破60日EMA且20日趨勢向下；外資持股5/10日下降且外資5日賣超,47.6,50.3,55.6,85,100,完整,68.5,69.4,16.83,8.22,9.49,33.82,217.56,1.63,24.82,1.67,2.92,12,-5,-760,-801,1141,1216,-727,-113.45,-3444.272,-6043.313,-7172.125,-3,-793,1064.9360000000001,964.9360000000001,0,5,-54320500,4.1969999999999885,596.145,7.03,-1678,-3759,-9473,,-121.314,-2655.469,-7704.393999999999,-7607.133000000001,43.23,16.23,14.64,19.43,true,false,-1.83,-1.44,中期趨勢仍向下；20日累積後5日轉為調節；ETF 1/3日已轉為減碼；主動ETF 5日轉為減碼；投信20日買超後近5日轉賣；外資持股5/10日下降，且外資5日賣超；20日趨勢尚未上彎；當下除權息調整價未守20日EMA
325,2369,菱生,TWSE,半導體業,暫不承接,降低部位,trim,停止加碼；反彈未站回恢復區時分批減碼,每個交易日收盤後，確認是否站回恢復區,已有部位先停止加碼。反彈若仍未站回 32.26，分批降低部位；只有站回且ETF／外資賣壓收斂後才重新評估。,價格跌破60日EMA且20日趨勢向下；外資持股5/10日下降且外資5日賣超,53.1,50.3,41.5,85,100,完整,31.6,32.2,32.9,36.28,3.21,34.41,239.33,0.29,,2.41,,1,0,0,0,0,0,0,1058.39,-3011.6459999999997,-6358.1089999999995,-8847.398000000001,0,0,0,0,0,0,0,17.824999999999996,-57.137,13.45,798,-1402,-3999,,1014.24,-3029.471,-6300.971999999999,-8478.189999999999,52.29,55.31,50.53,64.86,false,false,1.86,1.94,中期趨勢仍向下；外資持股5/10日下降，且外資5日賣超；20日趨勢尚未上彎
326,3583,辛耘,TWSE,半導體業,暫不承接,降低部位,trim,停止加碼；反彈未站回恢復區時分批減碼,每個交易日收盤後，確認是否站回恢復區,已有部位先停止加碼。反彈若仍未站回 726.44，分批降低部位；只有站回且ETF／外資賣壓收斂後才重新評估。,價格跌破60日EMA且20日趨勢向下；外資持股5/10日下降且外資5日賣超,53.6,50,35.9,85,100,完整,713,722,18.06,8.12,14.84,64.8,115.15,9.16,43.74,5.87,0.81,4,0,0,0,-170,-368,0,98.943,-163.37599999999998,-368.71099999999996,-1841.6419999999998,0,0,-192,-482,0,0,0,8.529999999999998,-27.125,21.32,15,-286,-280,,71.124,-171.90600000000003,-149.58600000000004,-1351.684,50.77,57.32,43.54,84.87,false,false,0.98,1.57,中期趨勢仍向下；外資持股5/10日下降，且外資5日賣超；20日趨勢尚未上彎
327,9939,宏全,TWSE,其他,暫不承接,降低部位,trim,停止加碼；反彈未站回恢復區時分批減碼,每個交易日收盤後，確認是否站回恢復區,已有部位先停止加碼。反彈若仍未站回 128.54，分批降低部位；只有站回且ETF／外資賣壓收斂後才重新評估。,價格跌破60日EMA且20日趨勢向下；ETF 5/10日同步減碼；外資持股5/10日下降且外資5日賣超,42.6,49.9,49.5,85,100,完整,124.5,124.5,7.08,3.29,16.21,59.06,108.5,6.55,11.32,1.86,4.98,6,0,-1,-1,-3,-262,0,-45.44,-258.156,-693.268,-1841.281,0,-46.448,-75.896,-448.015,0,2,-5782776,2.866,-40.481,16.41,-138,-228,-567,,-43.953,-214.574,-576.8910000000001,-1370.9769999999999,35.54,17.73,20.92,11.34,false,true,-2.29,-1.97,中期趨勢仍向下；ETF短中期同步減碼；外資持股5/10日下降，且外資5日賣超；20日趨勢尚未上彎；當下除權息調整價未守20日EMA
328,1605,華新,TWSE,電器電纜,暫不承接,保護持有,protect,今天不新增部位；未完成確認前不機械式賣出,今天收盤後；若跌破，再看下一交易日是否收復,已有部位暫停加碼；若收盤跌破60日EMA約 36.58，且下一交易日仍未收復，先減碼三分之一；若ETF或外資繼續轉弱，再分批降低部位。,外資持股5/10日下降且外資5日賣超,49.8,49.8,50.2,85,100,完整,36.35,36.7,14.97,2.47,1.4,38.79,147.45,2.85,11.02,0.79,1.38,5,0,0,0,-252,932,0,-4166.922,-2932.489,-9321.547999999999,-8022.954999999999,4,18,-252.327,905.4699999999999,3,0,654300,-38.29600000000002,-392.40700000000004,18.07,-5388,-4413,-6738,,-3894.323,-2912.1929999999984,-8676.813999999998,-7080.875,42.9,18.3,23.86,7.17,false,true,-2.14,-2.02,中期趨勢仍向下；外資持股5/10日下降，且外資5日賣超；20日趨勢尚未上彎；當下除權息調整價未守20日EMA；單季稅前獲利對營業外貢獻依賴偏高
329,8033,雷虎,TWSE,其他,暫不承接,降低部位,trim,停止加碼；反彈未站回恢復區時分批減碼,每個交易日收盤後，確認是否站回恢復區,已有部位先停止加碼。反彈若仍未站回 176.31，分批降低部位；只有站回且ETF／外資賣壓收斂後才重新評估。,價格跌破60日EMA且20日趨勢向下；外資持股5/10日下降且外資5日賣超,50.7,49.2,51.1,85,100,完整,169,169,74.96,14.45,-0.26,23.39,337.66,0.62,352.08,8.55,,1,0,0,0,0,-9,0,-53.518,-445.111,-98.78000000000003,-3061.5339999999997,0,0,0,-9,0,0,0,-0.21799999999999997,-18.701999999999995,3.94,-40,-490,-130,,-53.991,-444.893,-80.07800000000003,-3006.073,43.22,27.04,24.3,32.53,false,false,-2.57,-2.03,中期趨勢仍向下；外資持股5/10日下降，且外資5日賣超；20日趨勢尚未上彎；當下除權息調整價未守20日EMA；單季稅前獲利對營業外貢獻依賴偏高
330,3596,智易,TWSE,通信網路業,暫不承接,降低部位,trim,停止加碼；反彈未站回恢復區時分批減碼,每個交易日收盤後，確認是否站回恢復區,已有部位先停止加碼。反彈若仍未站回 165.39，分批降低部位；只有站回且ETF／外資賣壓收斂後才重新評估。,價格跌破60日EMA且20日趨勢向下；外資持股5/10日下降且外資5日賣超,42.1,49,48.6,85,100,完整,153.5,154,1.93,2.66,6.57,69.48,125.16,6.5,11.81,2.06,5.86,4,0,0,0,0,0,0,-95.391,-1298.794,-2143.4049999999997,-6988.481000000001,0,0,-0.592,-0.592,0,0,0,5.865,-58.154,25.5,-102,-1330,-2138,,-97.674,-1304.659,-2084.659,-6933.709000000001,39.81,34.12,33,36.36,true,true,-1.76,-1.29,中期趨勢仍向下；外資持股5/10日下降，且外資5日賣超；20日趨勢尚未上彎；當下除權息調整價未守20日EMA
331,1319,東陽,TWSE,汽車工業,暫不承接,保護持有,protect,今天不新增部位；未完成確認前不機械式賣出,今天收盤後；若跌破，再看下一交易日是否收復,已有部位暫停加碼；若收盤跌破60日EMA約 79.84，且下一交易日仍未收復，先減碼三分之一；若ETF或外資繼續轉弱，再分批降低部位。,價格跌破60日EMA且20日趨勢向下,45.6,48.9,62.6,85,100,完整,77.8,77.9,7.4,-8.29,15.76,29.8,156.04,2.98,12.63,1.7,6.43,7,0,149,149,41,-62,0,-190.033,-237.617,1073.565,1284.748,3,153.949,32.899,-75.428,3,1,11977232,-7.010000000000002,494.02099999999996,11.62,-103,-118,910,,-198.82,-384.556,546.6450000000001,1006.6020000000002,40.85,32.06,42.54,11.09,false,true,-2.3,-3.35,累計營收負成長且當月改善不足；中期趨勢仍向下；20日趨勢尚未上彎；當下除權息調整價未守20日EMA
332,1477,聚陽,TWSE,紡織纖維,暫不承接,降低部位,trim,停止加碼；反彈未站回恢復區時分批減碼,每個交易日收盤後，確認是否站回恢復區,已有部位先停止加碼。反彈若仍未站回 204.49，分批降低部位；只有站回且ETF／外資賣壓收斂後才重新評估。,價格跌破60日EMA且20日趨勢向下；外資持股5/10日下降且外資5日賣超,48.9,48.6,53.1,85,100,完整,190,190,-5.12,-2.17,14.44,42.05,180.12,7.65,12.97,3.4,7.89,13,13,276,536,234,180,0,-154.561,-48.31300000000002,-897.7750000000001,-872.6159999999998,13.001,638.009,456.576,448.6560000000002,5,0,121221710,15.443999999999997,-19.178,14.65,-81,-415,-450,,-163.776,-701.766,-1335.173,-1299.5910000000001,35.85,30.52,33.18,25.21,true,true,-2.51,-2.06,累計營收負成長且當月改善不足；中期趨勢仍向下；外資持股5/10日下降，且外資5日賣超；20日趨勢尚未上彎；當下除權息調整價未守20日EMA
333,3532,台勝科,TWSE,半導體業,暫不承接,保護持有,protect,今天不新增部位；未完成確認前不機械式賣出,今天收盤後；若跌破，再看下一交易日是否收復,已有部位暫停加碼；若收盤跌破60日EMA約 382.66，且下一交易日仍未收復，先減碼三分之一；若ETF或外資繼續轉弱，再分批降低部位。,未觸發明確減碼訊號,72.4,48.1,22.8,85,100,完整,454,464,29.28,19.14,-0.14,52.63,270.98,-0.05,349.23,7.25,0.22,9,1,79,77,149,319,80,14.75,685.0219999999999,1043.997,4314.762,1,78,796,4983,3,2,35412000,-438.837,235.85299999999995,44.23,53,1092,3,,70.452,1045.859,12.143999999999892,-697.9800000000001,63.92,65.55,62.67,71.32,true,false,7.7,1.45,
334,2324,仁寶,TWSE,電腦及週邊設備業,暫不承接,降低部位,trim,停止加碼；反彈未站回恢復區時分批減碼,每個交易日收盤後，確認是否站回恢復區,已有部位先停止加碼。反彈若仍未站回 37.83，分批降低部位；只有站回且ETF／外資賣壓收斂後才重新評估。,價格跌破60日EMA且20日趨勢向下；外資持股5/10日下降且外資5日賣超,45.1,48,42.5,85,100,可用,36.05,36.6,14.5,18.31,1.25,70.57,122.78,1.18,18.12,1.11,3.05,11,137,489,342,1009,-1769,0,-13730.813,-58983.536,-89608.41500000001,-146949.259,11,9.568999999999996,486.812,-1123.8829999999998,3,2,344962,348.64700000000005,-1520.824,34.69,-13913,-57468,-86640,,-13959.215,-59341.75200000001,-88574.403,-141159.834,38.12,7.56,12.15,-1.61,false,true,-4.69,-4.38,中期趨勢仍向下；外資持股5/10日下降，且外資5日賣超；20日趨勢尚未上彎；當下除權息調整價未守20日EMA
335,2356,英業達,TWSE,電腦及週邊設備業,暫不承接,降低部位,trim,停止加碼；反彈未站回恢復區時分批減碼,每個交易日收盤後，確認是否站回恢復區,已有部位先停止加碼。反彈若仍未站回 63.08，分批降低部位；只有站回且ETF／外資賣壓收斂後才重新評估。,價格跌破60日EMA且20日趨勢向下；ETF 5/10日同步減碼；外資持股5/10日下降且外資5日賣超,40.8,47.4,40.9,85,100,可用,59.2,60,35.83,40.12,1.78,83.6,108.21,1.76,19.1,2.73,3.38,24,33,192,-381,-1624,-33,0,-4024.186,-15378.592,-18599.729,-23801.047,-67,-722.5730000000001,-1963.9120000000003,552.289,1,4,-42776322,233.128,2191.6259999999997,18.15,-3533,-10416,-10112,,-4059.31,-14889.146999999999,-18827.443,-24757.673999999995,34.78,12.28,17.11,2.62,false,true,-5.07,-4.05,中期趨勢仍向下；ETF短中期同步減碼；投信5/10日持續且具金額意義的賣超；外資持股5/10日下降，且外資5日賣超；20日趨勢尚未上彎；當下除權息調整價未守20日EMA
336,2633,台灣高鐵,TWSE,航運業,暫不承接,降低部位,trim,停止加碼；反彈未站回恢復區時分批減碼,每個交易日收盤後，確認是否站回恢復區,已有部位先停止加碼。反彈若仍未站回 25.98，分批降低部位；只有站回且ETF／外資賣壓收斂後才重新評估。,價格跌破60日EMA且20日趨勢向下；外資持股5/10日下降且外資5日賣超,46.2,47.3,42.7,85,100,完整,25.45,25.6,-1.57,3.32,40.17,81.85,76.96,0.67,20.86,2.04,4.52,10,76,1134,1994,6964,13026,0,-5081.906,-13697.190999999999,-24702.351000000002,-26368.405000000006,80,2008.999,6966.604,13006.604,5,0,51129025,43.562,319.49800000000005,5.37,-4429,-12776,-26265,,-5166.841,-15749.752,-31988.453000000005,-39662.24999999999,32.68,8.12,14.65,-4.93,false,false,-1.52,-1.17,中期趨勢仍向下；外資持股5/10日下降，且外資5日賣超；20日趨勢尚未上彎；當下除權息調整價未守20日EMA
337,2439,美律,TWSE,通信網路業,暫不承接,保護持有,protect,今天不新增部位；未完成確認前不機械式賣出,今天收盤後；若跌破，再看下一交易日是否收復,已有部位暫停加碼；若收盤跌破60日EMA約 80.90，且下一交易日仍未收復，先減碼三分之一；若ETF或外資繼續轉弱，再分批降低部位。,未觸發明確減碼訊號,50.7,47.1,47.4,85,100,完整,78.1,85.9,-6.7,7.23,0.98,54.44,163.73,1.54,14.25,1.16,5.22,6,-2,-3,-3,26,-336,0,503.966,1541.028,3307.0829999999996,1319.4169999999995,-2,-3,25.788,-336.212,0,2,-234300,-75.40599999999999,-90.13699999999999,10.66,570,1657,3326,,487.517,1619.434,3371.432,1999.1329999999996,46.94,68.24,70.93,62.88,false,true,-0.22,-0.13,中期趨勢仍向下；ETF 1/3日已轉為減碼；20日趨勢尚未上彎；單季稅前獲利對營業外貢獻依賴偏高
338,6830,汎銓,TWSE,其他電子業,暫不承接,保護持有,protect,今天不新增部位；未完成確認前不機械式賣出,今天收盤後；若跌破，再看下一交易日是否收復,已有部位暫停加碼；若收盤跌破60日EMA約 510.40，且下一交易日仍未收復，先減碼三分之一；若ETF或外資繼續轉弱，再分批降低部位。,未觸發明確減碼訊號,56.4,46.7,24.7,85,100,完整,533,549,31.95,22.67,0.6,48.43,120.55,-0.25,2132,8.54,0.19,1,0,0,0,0,12,0,58.016,-812.463,35.454000000000036,459.36300000000006,0,0.006,-7.994,-0.9939999999999998,1,0,3198,-62.541000000000004,-40.604,6.22,165,-371,630,,58.445,-749.9280000000001,84.05199999999992,527.1899999999998,51.42,36.78,36.89,36.56,false,true,-0.64,-5.33,
339,2312,金寶,TWSE,其他電子業,暫不承接,保護持有,protect,今天不新增部位；未完成確認前不機械式賣出,今天收盤後；若跌破，再看下一交易日是否收復,已有部位暫停加碼；若收盤跌破60日EMA約 31.76，且下一交易日仍未收復，先減碼三分之一；若ETF或外資繼續轉弱，再分批降低部位。,價格跌破60日EMA且20日趨勢向下,49.6,46.3,35.2,85,100,完整,30.7,30.45,22.38,3.52,2.82,73.25,123.94,0.7,25.8,1.91,1.95,4,0,10,10,30,56,0,11.94,1342.3089999999997,-1056.7150000000006,-448.824000000001,2,18,351,377,3,0,552600,-221.57899999999998,-1123.991,8.62,-6783,-5596,-4602,,31.1,1545.8880000000001,-283.7239999999997,1062.7650000000003,43.57,37.78,39.8,33.72,false,true,-1.77,-0.97,中期趨勢仍向下；ETF加碼，但外資持股5/10日同步下降；20日趨勢尚未上彎；當下除權息調整價未守20日EMA
340,4906,正文,TWSE,通信網路業,暫不承接,保護持有,protect,今天不新增部位；未完成確認前不機械式賣出,今天收盤後；若跌破，再看下一交易日是否收復,已有部位暫停加碼；若收盤跌破60日EMA約 37.05，且下一交易日仍未收復，先減碼三分之一；若ETF或外資繼續轉弱，再分批降低部位。,未觸發明確減碼訊號,62.3,46.3,30.7,85,100,完整,40.2,40.6,56.09,-14.39,-4.77,39.64,161.83,-0.42,335,1.61,1.17,1,0,0,0,0,0,0,2511.407,5432.764,6421.991999999999,2214.4449999999993,0,0,0,0,0,0,0,533.078,580.2449999999999,7.8,1692,3750,5333,,2077.611,4899.686,5841.7469999999985,1668.2539999999972,64.55,68.94,60.99,84.82,false,false,8.4,8.65,
341,1514,亞力,TWSE,電機機械,暫不承接,保護持有,protect,今天不新增部位；未完成確認前不機械式賣出,今天收盤後；若跌破，再看下一交易日是否收復,已有部位暫停加碼；若收盤跌破60日EMA約 104.41，且下一交易日仍未收復，先減碼三分之一；若ETF或外資繼續轉弱，再分批降低部位。,價格跌破60日EMA且20日趨勢向下,56.2,45.5,38,85,100,完整,102,102.5,-26.52,7.94,9.84,54.56,175.67,1.65,27.95,4.39,2.16,2,0,4,4,34,99,0,690.663,1002.7149999999999,1214.3129999999999,1556.3229999999994,0,4,5.320999999999998,194.321,1,0,408000,-5.008,-40.565999999999995,13.18,685,1150,1655,,682.605,1003.723,1249.5580000000002,1463.9479999999999,49.45,54.02,49.44,63.2,false,false,0.02,0.49,中期趨勢仍向下；20日趨勢尚未上彎
342,6284,佳邦,TPEX,電子零組件業,暫不承接,保護持有,protect,今天不新增部位；未完成確認前不機械式賣出,今天收盤後；若跌破，再看下一交易日是否收復,已有部位暫停加碼；若收盤跌破60日EMA約 80.38，且下一交易日仍未收復，先減碼三分之一；若ETF或外資繼續轉弱，再分批降低部位。,未觸發明確減碼訊號,49.1,45,44.5,85,100,可用,77,84.7,-0.77,-5.93,5.51,43.74,130.22,0.91,20.21,1.32,2.45,1,0,0,0,20,71,0,196.932,196.932,196.932,196.932,0,0,0,0,0,0,0,1.007,1.007,9.35,,,,,195.925,195.925,195.925,195.925,50.03,36.54,23.38,62.87,true,false,0.75,1.32,累計營收負成長且當月改善不足；中期趨勢仍向下；外資持股尚未完成5／10日可比核對或期間有非市場異動；此項不給分，不解讀為轉弱；20日趨勢尚未上彎
343,9941,裕融,TWSE,其他,暫不承接,保護持有,protect,今天不新增部位；未完成確認前不機械式賣出,今天收盤後；若跌破，再看下一交易日是否收復,已有部位暫停加碼；若收盤跌破60日EMA約 80.77，且下一交易日仍未收復，先減碼三分之一；若ETF或外資繼續轉弱，再分批降低部位。,價格跌破60日EMA且20日趨勢向下,36.2,45,45.9,85,100,可用,78.3,78.3,1.87,-1.3,14.77,85.93,98.25,3.86,11.17,1.31,5.85,8,-324,-707,-916,97,346,-913,-448.94,-1018.02,-687.1179999999999,743.6020000000001,-328.402,-920.586,93.231,332.65200000000004,0,5,-72081884,-43.306999999999995,-91.86200000000002,4.74,-178,358,214,,-113.74,-54.12700000000001,-688.487,594.2920000000001,35.84,9.64,17.52,-6.14,false,false,-2.83,-1.88,累計營收負成長且當月改善不足；中期趨勢仍向下；20日累積後5日轉為調節；ETF 1/3日已轉為減碼；主動ETF 5日轉為減碼；投信20日買超後近5日轉賣；外資持股尚未完成5／10日可比核對或期間有非市場異動；此項不給分，不解讀為轉弱；20日趨勢尚未上彎；當下除權息調整價未守20日EMA
344,1216,統一,TWSE,食品工業,暫不承接,降低部位,trim,停止加碼；反彈未站回恢復區時分批減碼,每個交易日收盤後，確認是否站回恢復區,已有部位先停止加碼。反彈若仍未站回 75.56，分批降低部位；只有站回且ETF／外資賣壓收斂後才重新評估。,價格跌破60日EMA且20日趨勢向下；外資持股5/10日下降且外資5日賣超,50.5,44.3,33.2,85,100,可用,73.9,74,3.79,4.05,5.86,72.24,86.59,2.56,17.85,3.08,4.06,30,345,909,1145,145,-5720,0,-1294.585,-772.9940000000001,-1638.384,12640.446,-69,359.514,-696.6890000000001,-3505.086,4,1,26568085,1297.002,1524.2740000000001,34.15,-1765,-5142,-3510,,-1719.729,-2429.5099999999998,-2465.969,16060.787,39.91,30.73,37.57,17.04,false,true,-1.74,-1.47,中期趨勢仍向下；外資持股5/10日下降，且外資5日賣超；20日趨勢尚未上彎；當下除權息調整價未守20日EMA
345,1519,華城,TWSE,電機機械,暫不承接,降低部位,trim,停止加碼；反彈未站回恢復區時分批減碼,每個交易日收盤後，確認是否站回恢復區,已有部位先停止加碼。反彈若仍未站回 710.78，分批降低部位；只有站回且ETF／外資賣壓收斂後才重新評估。,價格跌破60日EMA且20日趨勢向下；外資持股5/10日下降且外資5日賣超,47.3,44.2,39.4,85,100,完整,688,705,12.5,-1.77,21.68,71.6,146.34,6.52,45.03,23.61,1.74,13,-1,-6,-11,190,192,0,-481.529,-820.302,-378.64599999999996,-61.97799999999995,34,24,129.339,366.147,1,4,16512000,-34.692,-34.102000000000004,18.11,-409,-573,-158,,-509.211,-809.6099999999999,-473.8829999999998,-324.14399999999983,42.25,19.11,25.93,5.48,false,true,-3.21,-4.58,中期趨勢仍向下；20日累積後5日轉為調節；ETF 1/3日已轉為減碼；外資持股5/10日下降，且外資5日賣超；20日趨勢尚未上彎；當下除權息調整價未守20日EMA
346,1718,中纖,TWSE,化學工業,暫不承接,保護持有,protect,今天不新增部位；未完成確認前不機械式賣出,今天收盤後；若跌破，再看下一交易日是否收復,已有部位暫停加碼；若收盤跌破60日EMA約 10.57，且下一交易日仍未收復，先減碼三分之一；若ETF或外資繼續轉弱，再分批降低部位。,未觸發明確減碼訊號,49.9,44.2,27.9,85,100,可用,10.55,10.6,4.43,3.25,,90.72,88.16,0.46,17.88,0.59,,1,0,0,0,0,-65,0,1411.821,8179.343000000001,19242.631999999998,11118.627999999997,0,0,0,-65,0,0,0,1051.0339999999999,1424.906,6.47,811,3900,15099,,1388.821,7128.309,17817.726000000002,10336.707000000002,47.93,42.23,45.98,34.72,false,true,-0.71,-0.47,中期趨勢仍向下；20日趨勢尚未上彎；當下除權息調整價未守20日EMA
347,2504,國產,TWSE,建材營造,暫不承接,降低部位,trim,停止加碼；反彈未站回恢復區時分批減碼,每個交易日收盤後，確認是否站回恢復區,已有部位先停止加碼。反彈若仍未站回 31.70，分批降低部位；只有站回且ETF／外資賣壓收斂後才重新評估。,價格跌破60日EMA且20日趨勢向下；外資持股5/10日下降且外資5日賣超,44.3,44.2,52.2,85,100,完整,30.55,30.7,-8.07,-8.23,20.83,46.08,115.96,1.47,9.58,1.39,8.51,8,23,-124,430,677,749,0,-1203.365,-5305.254,-6309.559999999999,-7317.747999999998,29.499,440.52299999999997,564.0160000000001,623.8200000000003,3,1,13457978,77.70100000000001,259.541,5.84,-1433,-4136,-4686,,-1247.622,-5823.478,-7133.117,-7551.577000000001,40.91,33.26,42.11,15.56,false,true,-1.78,-3.32,累計營收負成長且當月改善不足；中期趨勢仍向下；外資持股5/10日下降，且外資5日賣超；20日趨勢尚未上彎；當下除權息調整價未守20日EMA
348,6643,M31,TPEX,半導體業,暫不承接,正常持有,strong,強勢續抱；不追高,今日收盤確認是否守住20日EMA,價格仍在20／60日EMA之上且短線強勢；ETF偏弱先觀察，不因分歧減碼。若收盤跌破20日EMA約 452.49 且法人續弱，再轉為保護持有。,價格強勢站上20／60日EMA；ETF偏弱，先觀察,50.5,44.2,42.4,85,100,可用,505,527,73.08,4.06,-10.18,10.91,573.46,-1.24,531.58,11.32,0.24,1,-11,-1,-1,-1,14,0,-288.863,-288.863,-288.863,-288.863,-11,-11,-11,-11,0,1,-5555000,-2.654,-2.654,14.9,,,,,-275.209,-275.209,-275.209,-275.209,65.41,77.36,71.59,88.91,false,false,11.6,10.26,ETF短中期同步減碼；20日累積後5日轉為調節；ETF 1/3日已轉為減碼；外資持股尚未完成5／10日可比核對或期間有非市場異動；此項不給分，不解讀為轉弱；短線過熱或乖離過大
349,1503,士電,TWSE,電機機械,暫不承接,保護持有,protect,今天不新增部位；未完成確認前不機械式賣出,今天收盤後；若跌破，再看下一交易日是否收復,已有部位暫停加碼；若收盤跌破60日EMA約 203.09，且下一交易日仍未收復，先減碼三分之一；若ETF或外資繼續轉弱，再分批降低部位。,價格跌破60日EMA且20日趨勢向下,44.9,44.1,46.9,85,100,完整,194,194,-0.38,9.54,14.79,38.12,135.8,5.04,26.72,2.61,2.58,8,-2,2,-3,85,133,0,-307.745,-579.433,-1733.807,-586.4779999999998,-1,0,96,140,1,3,0,-33.898,-5.587000000000003,30.62,-69,311,-311,,-284.671,-545.5350000000001,-1824.2200000000003,-567.9660000000005,40.88,10.38,15.6,-0.05,false,false,-2.6,-2.76,中期趨勢仍向下；20日累積後5日轉為調節；20日趨勢尚未上彎；當下除權息調整價未守20日EMA
350,6116,彩晶,TWSE,光電業,暫不承接,保護持有,protect,今天不新增部位；未完成確認前不機械式賣出,今天收盤後；若跌破，再看下一交易日是否收復,已有部位暫停加碼；若收盤跌破60日EMA約 14.38，且下一交易日仍未收復，先減碼三分之一；若ETF或外資繼續轉弱，再分批降低部位。,未觸發明確減碼訊號,59.7,43.3,33.5,85,100,完整,14.9,15.25,8,2.93,-15.24,20.77,179.8,-0.02,,1.14,,1,0,0,0,0,0,0,890.676,1673.4300000000003,2452.1499999999996,-17168.661000000004,0,0.1,0.1,0.1,1,0,1490,2886.985,2808.3790000000004,4.44,457,1481,3872,,-711.3,-1213.6550000000007,-356.3290000000005,-19819.357000000004,55.66,50.37,47.91,55.3,false,false,2.92,6.43,
351,2207,和泰車,TWSE,汽車工業,暫不承接,降低部位,trim,停止加碼；反彈未站回恢復區時分批減碼,每個交易日收盤後，確認是否站回恢復區,已有部位先停止加碼。反彈若仍未站回 522.11，分批降低部位；只有站回且ETF／外資賣壓收斂後才重新評估。,價格跌破60日EMA且20日趨勢向下；外資持股5/10日下降且外資5日賣超,43.7,43.2,36,85,100,可用,506,508,10.57,13.13,,77.58,99.75,21.57,12.44,3.29,3.95,14,1,17,29,-112,-3,0,-94.206,-407.845,-326.37600000000003,-54.740000000000016,1,31,-124.21199999999997,-27.936999999999976,5,0,15686000,8.907,74.35000000000001,22.44,-90,-545,-295,,-94.215,-447.752,-276.51399999999995,-62.09199999999993,40.66,13.88,28.07,-14.49,false,false,-3.09,-5.77,中期趨勢仍向下；外資持股5/10日下降，且外資5日賣超；20日趨勢尚未上彎；當下除權息調整價未守20日EMA
352,6831,邁科,TWSE,電腦及週邊設備業,暫不承接,降低部位,trim,停止加碼；反彈未站回恢復區時分批減碼,每個交易日收盤後，確認是否站回恢復區,已有部位先停止加碼。反彈若仍未站回 594.95，分批降低部位；只有站回且ETF／外資賣壓收斂後才重新評估。,價格跌破60日EMA且20日趨勢向下；外資持股5/10日下降且外資5日賣超；投信5/10日持續且具金額意義地賣超,42.8,43,40.6,85,100,完整,492,520,29.1,22.27,8.86,49.58,153.31,1.66,88.81,12.1,0.61,4,0,0,0,0,0,0,119.91,-454.604,-664.8389999999999,-1660.2999999999995,0,-296,-527,-1440,0,4,-145632000,17.681,-11.900999999999998,14.11,22,-451,-166,,90.098,-176.28500000000003,-125.93800000000002,-219.05000000000013,34.87,10.72,12.32,7.52,false,false,-9.27,-8.04,中期趨勢仍向下；投信5/10日持續且具金額意義的賣超；外資持股5/10日下降，且外資5日賣超；20日趨勢尚未上彎；當下除權息調整價未守20日EMA
353,2912,統一超,TWSE,貿易百貨,暫不承接,降低部位,trim,停止加碼；反彈未站回恢復區時分批減碼,每個交易日收盤後，確認是否站回恢復區,已有部位先停止加碼。反彈若仍未站回 220.97，分批降低部位；只有站回且ETF／外資賣壓收斂後才重新評估。,價格跌破60日EMA且20日趨勢向下；外資持股5/10日下降且外資5日賣超,46.7,42.6,29.4,85,100,完整,212,212,4.82,5.46,4.22,83.11,76.89,6.03,19.1,5.38,4.25,20,-16,68,56,741,-118,0,-429.364,-2141.282,-1677.6770000000006,-2655.9590000000007,-15,139,993.9670000000001,135.53800000000012,2,2,29468000,108.349,204.168,14.24,-108,-3190,-2658,,-445.364,-2388.631,-2875.812,-2888.8530000000005,34.23,11.6,19.36,-3.93,false,false,-1.83,-2.08,中期趨勢仍向下；外資持股5/10日下降，且外資5日賣超；20日趨勢尚未上彎；當下除權息調整價未守20日EMA
354,6488,環球晶,TPEX,半導體業,暫不承接,保護持有,protect,今天不新增部位；未完成確認前不機械式賣出,今天收盤後；若跌破，再看下一交易日是否收復,已有部位暫停加碼；若收盤跌破60日EMA約 957.70，且下一交易日仍未收復，先減碼三分之一；若ETF或外資繼續轉弱，再分批降低部位。,ETF 5/10日同步減碼,49.2,42.1,30.2,85,100,可用,945,985,7.61,-3.11,9.93,55.88,128.14,11.87,45.87,4.67,0.81,20,5,-13,-46,-20,-366,-7,-751.134,-751.134,-751.134,-751.134,-45.4,-45.4,-45.4,-45.4,0,1,-42903000,52.92,52.92,25.56,,,,,-758.654,-758.654,-758.654,-758.654,49.02,51.08,50.52,52.21,false,false,-0.11,0.11,累計營收負成長且當月改善不足；中期趨勢仍向下；ETF短中期同步減碼；主動ETF 5日轉為減碼；外資持股尚未完成5／10日可比核對或期間有非市場異動；此項不給分，不解讀為轉弱；20日趨勢尚未上彎；單季稅前獲利對營業外貢獻依賴偏高
355,2646,星宇航空,TWSE,航運業,暫不承接,降低部位,trim,停止加碼；反彈未站回恢復區時分批減碼,每個交易日收盤後，確認是否站回恢復區,已有部位先停止加碼。反彈若仍未站回 20.72，分批降低部位；只有站回且ETF／外資賣壓收斂後才重新評估。,價格跌破60日EMA且20日趨勢向下；外資持股5/10日下降且外資5日賣超,46,41.4,21.5,85,100,完整,20.05,20.15,47.79,33.98,1.81,80.06,79.55,-0.11,,1.96,,2,0,0,0,11,11,0,-1257.899,-729.9079999999998,-6213.259,-15174.001,2,8,12,0,3,0,160400,-63.257999999999996,75.69999999999999,3.05,-1674,-731,-1649,,-1183.899,-674.6499999999999,-6300.959000000001,-15150.53,37.59,26.71,27.83,24.47,false,true,-1.77,-2.67,中期趨勢仍向下；外資持股5/10日下降，且外資5日賣超；20日趨勢尚未上彎；當下除權息調整價未守20日EMA
356,8454,富邦媒,TWSE,數位雲端,暫不承接,保護持有,protect,今天不新增部位；未完成確認前不機械式賣出,今天收盤後；若跌破，再看下一交易日是否收復,已有部位暫停加碼；若收盤跌破60日EMA約 250.95，且下一交易日仍未收復，先減碼三分之一；若ETF或外資繼續轉弱，再分批降低部位。,價格跌破60日EMA且20日趨勢向下,39,40.8,34.1,85,100,完整,236,236.5,7.8,3.38,2.94,70.81,68.67,4.81,22.71,7.53,4.24,6,0,0,-1,7,28,0,-81.966,-162.408,203.918,173.30000000000004,0,-0.9870000000000001,-38.187000000000005,-21.866000000000003,0,2,-232932,1.021,26.152,11.96,-69,-131,263,,-81.1,-162.44199999999998,215.953,169.72000000000003,39.77,29.83,48.24,-6.98,false,false,-3.39,-5.22,中期趨勢仍向下；20日累積後5日轉為調節；20日趨勢尚未上彎；當下除權息調整價未守20日EMA
357,3163,波若威,TPEX,通信網路業,暫不承接,降低部位,trim,停止加碼；反彈未站回恢復區時分批減碼,每個交易日收盤後，確認是否站回恢復區,已有部位先停止加碼。反彈若仍未站回 700.53，分批降低部位；只有站回且ETF／外資賣壓收斂後才重新評估。,價格跌破60日EMA且20日趨勢向下；ETF 5/10日同步減碼,38.7,40.1,50.1,85,100,可用,646,657,9.69,17.73,3.61,25.12,374.74,3.5,65.92,15.83,0.54,1,0,0,-13,-13,-13,-13,-70.907,-70.907,-70.907,-70.907,-3,-3,-3,-3,0,1,-1938000,-0.814,-0.814,9.61,,,,,-67.093,-67.093,-67.093,-67.093,41.31,32.04,29.16,37.81,false,false,-5.23,-2.86,中期趨勢仍向下；ETF短中期同步減碼；主動ETF 5日轉為減碼；外資持股尚未完成5／10日可比核對或期間有非市場異動；此項不給分，不解讀為轉弱；20日趨勢尚未上彎；當下除權息調整價未守20日EMA；單季稅前獲利對營業外貢獻依賴偏高
358,6706,惠特,TWSE,光電業,暫不承接,保護持有,protect,今天不新增部位；未完成確認前不機械式賣出,今天收盤後；若跌破，再看下一交易日是否收復,已有部位暫停加碼；若收盤跌破60日EMA約 133.57，且下一交易日仍未收復，先減碼三分之一；若ETF或外資繼續轉弱，再分批降低部位。,未觸發明確減碼訊號,55.4,39.9,23.9,85,100,完整,151,152,120.53,-34.99,-84.96,51.49,206.17,-2.85,,3.2,,1,0,0,0,0,0,0,483.517,447.5430000000001,-1735.6149999999998,-1575.402,0,0,0,0,0,0,0,120.55199999999999,736.141,4.5,305,145,-2292,,287.842,326.991,-2471.756,-2425.917,59.9,47.57,58.04,26.62,false,true,8.28,1,
359,2002,中鋼,TWSE,鋼鐵工業,暫不承接,降低部位,trim,停止加碼；反彈未站回恢復區時分批減碼,每個交易日收盤後，確認是否站回恢復區,已有部位先停止加碼。反彈若仍未站回 18.94，分批降低部位；只有站回且ETF／外資賣壓收斂後才重新評估。,價格跌破60日EMA且20日趨勢向下；ETF 5/10日同步減碼；外資持股5/10日下降且外資5日賣超,48.5,39.7,22.8,85,100,可用,18.8,18.9,12.97,3.81,1.81,51.15,126.1,-0.03,,0.95,0.8,8,-4,-35,-62,-3611,-712,0,9879.129,-32265.82,-89658.69799999999,-92271.83,9,-8,-3711.422,-1731.467,2,3,-150400,163.90400000000002,1178.9419999999998,14.72,11918,-7092,-44774,,10050.129,-32421.724,-87126.21800000001,-90048.03600000001,46.94,20.46,14.05,33.27,true,false,-0.2,0.27,中期趨勢仍向下；ETF短中期同步減碼；ETF 1/3日已轉為減碼；外資持股5/10日下降，且外資5日賣超；20日趨勢尚未上彎
360,6409,旭隼,TWSE,其他電子業,暫不承接,降低部位,trim,停止加碼；反彈未站回恢復區時分批減碼,每個交易日收盤後，確認是否站回恢復區,已有部位先停止加碼。反彈若仍未站回 944.81，分批降低部位；只有站回且ETF／外資賣壓收斂後才重新評估。,價格跌破60日EMA且20日趨勢向下；ETF 5/10日同步減碼；外資持股5/10日下降且外資5日賣超,39.7,39.7,40.4,85,100,完整,877,875,-3.16,-4.14,18.11,58.77,134.82,12.58,33.98,9.73,4.19,11,-4,-6,-7,-33,144,0,-16.026,-185.662,-8.91300000000001,-365.14200000000005,-4,-7.02,-14.62100000000001,139.957,0,4,-6156540,-17.322,-1.5659999999999987,51.96,-1,-257,-157,,-12.151,-161.32,7.274000000000008,-473.159,37.58,34.33,34.65,33.7,false,true,-4.19,-3.41,累計營收負成長且當月改善不足；中期趨勢仍向下；ETF短中期同步減碼；20日累積後5日轉為調節；ETF 1/3日已轉為減碼；外資持股5/10日下降，且外資5日賣超；20日趨勢尚未上彎；當下除權息調整價未守20日EMA
361,1722,台肥,TWSE,化學工業,暫不承接,降低部位,trim,停止加碼；反彈未站回恢復區時分批減碼,每個交易日收盤後，確認是否站回恢復區,已有部位先停止加碼。反彈若仍未站回 44.63，分批降低部位；只有站回且ETF／外資賣壓收斂後才重新評估。,價格跌破60日EMA且20日趨勢向下；外資持股5/10日下降且外資5日賣超,41.9,39.1,46,85,100,完整,41.15,41.15,-11.28,4.58,4.8,36.33,228.72,0.43,48.99,0.76,4.86,4,0,0,0,270,266,0,-530.891,-4197.495999999999,-6824.981,-8200.361999999997,1,3,132,118,3,0,123450,-6,81,7.73,-544,-2656,-1950,,-531.891,-4194.495999999999,-7037.981,-7573.727999999999,21,8.06,9.14,5.9,false,false,-4.05,-2.95,中期趨勢仍向下；外資持股5/10日下降，且外資5日賣超；20日趨勢尚未上彎；當下除權息調整價未守20日EMA
362,2367,燿華,TWSE,電子零組件業,暫不承接,保護持有,protect,今天不新增部位；未完成確認前不機械式賣出,今天收盤後；若跌破，再看下一交易日是否收復,已有部位暫停加碼；若收盤跌破60日EMA約 45.34，且下一交易日仍未收復，先減碼三分之一；若ETF或外資繼續轉弱，再分批降低部位。,價格跌破60日EMA且20日趨勢向下,51.9,36,17.1,85,100,完整,42.25,42.65,26.13,-0.08,-6.5,56.05,95.69,-0.64,,2.42,0.47,2,0,0,0,0,0,0,218.672,1676.192,1950.36,4117.402999999999,0,0,0,0,0,0,0,-45.875,-281.806,9.16,276,2032,3091,,224.097,1722.067,2232.166,4614.482,50.49,66.05,53.35,91.44,false,false,1.04,3.68,中期趨勢仍向下；20日趨勢尚未上彎
363,6451,訊芯-KY,TWSE,半導體業,暫不承接,保護持有,protect,今天不新增部位；未完成確認前不機械式賣出,今天收盤後；若跌破，再看下一交易日是否收復,已有部位暫停加碼；若收盤跌破60日EMA約 443.05，且下一交易日仍未收復，先減碼三分之一；若ETF或外資繼續轉弱，再分批降低部位。,價格跌破60日EMA且20日趨勢向下,42.1,35,17.8,85,100,完整,416.5,422,49.81,1.77,-0.79,54.01,153.7,-0.72,382.11,5.52,0.05,1,0,0,0,0,0,0,-38.271,-863.7170000000001,405.8119999999999,-4644.8679999999995,0,0,22,22,0,0,0,-31.842,-117.883,63.17,-10,-754,903,,-38.929,-831.875,501.69500000000005,-4568.831,46.43,42.21,42.8,41.01,false,true,-2.37,-6.09,中期趨勢仍向下；20日趨勢尚未上彎；當下除權息調整價未守20日EMA；單季稅前獲利對營業外貢獻依賴偏高
364,6949,沛爾生醫*-創,TWSE,生技醫療業,暫不承接,降低部位,trim,停止加碼；反彈未站回恢復區時分批減碼,每個交易日收盤後，確認是否站回恢復區,已有部位先停止加碼。反彈若仍未站回 560.24，分批降低部位；只有站回且ETF／外資賣壓收斂後才重新評估。,價格跌破60日EMA且20日趨勢向下；外資持股5/10日下降且外資5日賣超,31.4,30.1,37.2,85,100,完整,49.2,48,164.71,4.21,-1292.9,10.57,1007.25,-2.54,,25.1,,1,0,0,0,209,209,0,-656.027,-3172.27,-4583.185999999999,-12960.360999999999,0,0,209,209,0,0,0,-334.80999999999995,-817.1989999999998,3.18,-597,-2837,-3975,,-597.429,-2837.46,-3974.9870000000005,-12335.304,21.86,17.67,21.29,10.42,false,true,-78.29,-9.72,中期趨勢仍向下；外資持股5/10日下降，且外資5日賣超；20日趨勢尚未上彎；當下除權息調整價未守20日EMA；官方重大訊息出現高風險關鍵字，須查原文
365,6026,福邦證,TPEX,金融業,不建立部位,保護持有,protect,今天不新增部位；未完成確認前不機械式賣出,今天收盤後；若跌破，再看下一交易日是否收復,已有部位暫停加碼；若收盤跌破60日EMA約 15.19，且下一交易日仍未收復，先減碼三分之一；若ETF或外資繼續轉弱，再分批降低部位。,未觸發明確減碼訊號,65.6,79.1,80.1,85,100,可用,15.9,16.05,231.78,170.4,,63.75,137.88,1.08,5.76,1,8.58,2,14,-70,246,379,492,0,-72.564,-72.564,-72.564,-72.564,13.304,13.304,13.304,13.304,1,0,211534,0,0,6.88,,,,,-85.868,-85.868,-85.868,-85.868,66.72,75.07,72.95,79.3,false,false,3.15,2.58,"單日成交金額低於5,000萬元；外資持股尚未完成5／10日可比核對或期間有非市場異動；此項不給分，不解讀為轉弱；ETF加碼金額或跨基金共識尚未同時成立"
366,8109,博大,TPEX,電子零組件業,不建立部位,保護持有,protect,今天不新增部位；未完成確認前不機械式賣出,今天收盤後；若跌破，再看下一交易日是否收復,已有部位暫停加碼；若收盤跌破60日EMA約 129.34，且下一交易日仍未收復，先減碼三分之一；若ETF或外資繼續轉弱，再分批降低部位。,未觸發明確減碼訊號,66.6,75.7,80.4,85,100,可用,134.5,134.5,56.12,30.7,36.05,22.91,415.49,3.84,18.1,3.65,3.35,1,0,0,0,1,95,0,124.667,124.667,124.667,124.667,0,0,0,0,0,0,0,33.528,33.528,4.8,,,,,91.139,91.139,91.139,91.139,58.09,74.17,66.65,89.23,false,false,2.68,0.37,"單日成交金額低於5,000萬元；外資持股尚未完成5／10日可比核對或期間有非市場異動；此項不給分，不解讀為轉弱"
367,2495,普安,TWSE,電腦及週邊設備業,不建立部位,保護持有,protect,今天不新增部位；未完成確認前不機械式賣出,今天收盤後；若跌破，再看下一交易日是否收復,已有部位暫停加碼；若收盤跌破60日EMA約 39.34，且下一交易日仍未收復，先減碼三分之一；若ETF或外資繼續轉弱，再分批降低部位。,未觸發明確減碼訊號,66.4,74.5,70,85,100,完整,38.95,39.4,106.21,53.01,14.2,42.69,215.77,0.61,19.19,2.35,2.05,2,0,0,0,40,158,0,295.137,131.86100000000005,660.2819999999999,683.3919999999998,0,0,40,158,0,0,0,-3.368,-34.182,8.52,310,74,609,,297.137,135.22900000000007,654.4640000000002,662.1390000000001,55.41,64.25,59.08,74.59,false,false,2.3,2.37,"單日成交金額低於5,000萬元"
368,4105,東洋,TPEX,生技醫療業,不建立部位,保護持有,protect,今天不新增部位；未完成確認前不機械式賣出,今天收盤後；若跌破，再看下一交易日是否收復,已有部位暫停加碼；若收盤跌破60日EMA約 77.24，且下一交易日仍未收復，先減碼三分之一；若ETF或外資繼續轉弱，再分批降低部位。,未觸發明確減碼訊號,67.5,74.3,73.9,85,100,可用,78.8,79,14.86,8.28,30.78,34.48,213.15,3.42,11.31,2.82,5.71,2,8,-34,124,191,209,0,116.526,116.526,116.526,116.526,8.136,8.136,8.136,8.136,1,0,641117,0,0,22.67,,,,,108.39,108.39,108.39,108.39,58.97,72.27,78.15,60.51,false,true,0.84,0.51,"單日成交金額低於5,000萬元；外資持股尚未完成5／10日可比核對或期間有非市場異動；此項不給分，不解讀為轉弱；ETF加碼金額或跨基金共識尚未同時成立"
369,6613,朋億*,TPEX,其他電子業,不建立部位,保護持有,protect,今天不新增部位；未完成確認前不機械式賣出,今天收盤後；若跌破，再看下一交易日是否收復,已有部位暫停加碼；若收盤跌破60日EMA約 274.65，且下一交易日仍未收復，先減碼三分之一；若ETF或外資繼續轉弱，再分批降低部位。,未觸發明確減碼訊號,61,72.8,69.5,85,100,可用,270,278.5,186.82,63.62,15.82,45.74,202.18,8.51,15.97,3.27,3.7,1,0,0,0,-1,-1,0,38.083,38.083,38.083,38.083,0,0,0,0,0,0,0,0,0,6.36,,,,,38.083,38.083,38.083,38.083,52.1,83.18,73.76,102.02,false,false,1.51,0,"單日成交金額低於5,000萬元；外資持股尚未完成5／10日可比核對或期間有非市場異動；此項不給分，不解讀為轉弱"
370,9946,三發地產,TWSE,建材營造,不建立部位,保護持有,protect,今天不新增部位；未完成確認前不機械式賣出,今天收盤後；若跌破，再看下一交易日是否收復,已有部位暫停加碼；若收盤跌破60日EMA約 17.75，且下一交易日仍未收復，先減碼三分之一；若ETF或外資繼續轉弱，再分批降低部位。,價格跌破60日EMA且20日趨勢向下,52.8,72.3,85.9,85,100,完整,16.85,17.4,185.26,2974.14,45.27,58.38,224.99,2.84,3.62,0.76,8.19,2,0,0,0,0,-9,0,-11,328.076,67.07600000000002,-281.919,0,0,0,-9,0,0,0,3,95,3.11,-27,333,156,,-25,325.076,-27.923999999999978,-363.919,40.83,27.57,28.65,25.41,false,true,-2.46,0.9,"單日成交金額低於5,000萬元；中期趨勢仍向下；20日趨勢尚未上彎"
371,6509,聚和,TPEX,化學工業,不建立部位,保護持有,protect,今天不新增部位；未完成確認前不機械式賣出,今天收盤後；若跌破，再看下一交易日是否收復,已有部位暫停加碼；若收盤跌破60日EMA約 46.83，且下一交易日仍未收復，先減碼三分之一；若ETF或外資繼續轉弱，再分批降低部位。,未觸發明確減碼訊號,64.4,70.3,68,85,100,可用,48.15,48.7,20.02,7.33,21.4,32.53,226.71,2.16,13.3,1.7,2.89,1,0,0,0,2,279,0,174.084,174.084,174.084,174.084,0,0,0,0,0,0,0,-6.05,-6.05,12.11,,,,,180.134,180.134,180.134,180.134,62.45,89.28,79.72,108.39,false,false,3.28,3.66,"單日成交金額低於5,000萬元；外資持股尚未完成5／10日可比核對或期間有非市場異動；此項不給分，不解讀為轉弱"
372,4736,泰博,TWSE,生技醫療業,不建立部位,保護持有,protect,今天不新增部位；未完成確認前不機械式賣出,今天收盤後；若跌破，再看下一交易日是否收復,已有部位暫停加碼；若收盤跌破60日EMA約 124.10，且下一交易日仍未收復，先減碼三分之一；若ETF或外資繼續轉弱，再分批降低部位。,未觸發明確減碼訊號,63.5,70.1,75.9,85,100,完整,128.5,129,42.69,3.28,19.54,21,319.04,16.6,4.71,1.1,3.95,2,0,0,0,0,17,0,-26.81,19.701999999999998,351.009,530.385,0,50,129,386,1,0,6425000,-6,13.147,7.15,-179,-89,203,,-26.81,-24.298,208.862,244.603,51.46,48.53,67.09,11.39,false,true,-0.37,-3.38,"單日成交金額低於5,000萬元；單季稅前獲利對營業外貢獻依賴偏高"
373,2607,榮運,TWSE,航運業,不建立部位,保護持有,protect,今天不新增部位；未完成確認前不機械式賣出,今天收盤後；若跌破，再看下一交易日是否收復,已有部位暫停加碼；若收盤跌破60日EMA約 51.16，且下一交易日仍未收復，先減碼三分之一；若ETF或外資繼續轉弱，再分批降低部位。,未觸發明確減碼訊號,61.6,69.9,70.8,85,100,完整,53.1,53.3,49.39,12.76,11.94,34.11,198.54,2.68,10.6,0.9,5.08,1,0,0,0,0,0,0,-138.046,204.40300000000002,470.812,893.6159999999999,0,0,0,0,0,0,0,-7.549000000000001,45.588,8.4,-163,125,298,,-138.339,211.95200000000003,425.22400000000005,854.7669999999999,56.82,67.23,71.7,58.3,false,true,0.25,-0.38,"單日成交金額低於5,000萬元"
374,8499,鼎炫-KY,TWSE,其他電子業,不建立部位,保護持有,protect,今天不新增部位；未完成確認前不機械式賣出,今天收盤後；若跌破，再看下一交易日是否收復,已有部位暫停加碼；若收盤跌破60日EMA約 263.94，且下一交易日仍未收復，先減碼三分之一；若ETF或外資繼續轉弱，再分批降低部位。,價格跌破60日EMA且20日趨勢向下,56.6,68.8,77.1,85,100,完整,257,256.5,91.24,93.23,14.34,24.81,345.43,3.91,24.18,1.27,3.11,1,0,0,0,0,0,0,9,22,67.258,52.99899999999999,0,0,0,0,0,0,0,0,3.041,72.19,-6,-3,22,,9,22,64.217,51.858999999999995,49.45,46.11,31.85,74.63,false,false,0.38,0.59,"單日成交金額低於5,000萬元；中期趨勢仍向下；20日趨勢尚未上彎"
375,8021,尖點,TWSE,其他電子業,不建立部位,優先降低風險,risk,依風險與流動性分批降低部位,風險解除且基本面與趨勢重新確認後,已有部位應優先降低曝險；目前觸發「處置或交易限制事件」。待事件解除或基本面重新確認後再評估。,處置或交易限制事件,64,67.9,61.1,85,100,完整,480,488,97.75,76.07,24.71,37.35,239.28,3.25,96.77,11.2,0.41,9,0,0,0,0,146,0,72.227,2853.148,2995.0890000000004,136.9830000000004,-30,1767,1758,1021,1,2,848160000,-14.824000000000012,55.05299999999998,17.52,102,714,207,,102.227,1100.972,1182.036,-1054.0659999999998,60.37,90.88,80.63,111.38,false,false,6.17,4.35,處置或交易限制風險
376,5288,豐祥-KY,TWSE,電機機械,不建立部位,保護持有,protect,今天不新增部位；未完成確認前不機械式賣出,今天收盤後；若跌破，再看下一交易日是否收復,已有部位暫停加碼；若收盤跌破60日EMA約 185.36，且下一交易日仍未收復，先減碼三分之一；若ETF或外資繼續轉弱，再分批降低部位。,未觸發明確減碼訊號,58,67.8,72.4,85,100,可用,186.5,189,60.1,35.38,14.42,26.27,230.68,8.03,12.43,2.05,3.49,1,0,0,0,0,-128,0,13.813,136.77900000000002,239.07700000000003,219.00500000000002,-10,-10,-10,-118,0,1,-1865000,0.88,10.146999999999998,60.12,24,158,41,,23.813,145.899,238.92999999999998,325.831,48.02,62.01,63.56,58.91,false,true,-0.46,-1.32,"單日成交金額低於5,000萬元；外資持股尚未完成5／10日可比核對或期間有非市場異動；此項不給分，不解讀為轉弱；20日趨勢尚未上彎"
377,6605,帝寶,TWSE,汽車工業,不建立部位,保護持有,protect,今天不新增部位；未完成確認前不機械式賣出,今天收盤後；若跌破，再看下一交易日是否收復,已有部位暫停加碼；若收盤跌破60日EMA約 136.90，且下一交易日仍未收復，先減碼三分之一；若ETF或外資繼續轉弱，再分批降低部位。,未觸發明確減碼訊號,59,67.2,68,85,100,完整,138,138.5,28.25,3.08,16.7,39.05,152.48,7.71,8.52,1.14,4.71,1,0,0,0,0,0,0,68.956,198.596,1067.4909999999998,1473.5469999999998,0,0,-40,-42,0,0,0,-2.205,-23.825,15.28,71,58,907,,72.035,200.801,1131.316,1542.585,50.92,62.32,62.56,61.84,false,true,0.07,-0.72,"單日成交金額低於5,000萬元；20日趨勢尚未上彎"
378,8415,大國鋼,TPEX,鋼鐵工業,不建立部位,保護持有,protect,今天不新增部位；未完成確認前不機械式賣出,今天收盤後；若跌破，再看下一交易日是否收復,已有部位暫停加碼；若收盤跌破60日EMA約 36.25，且下一交易日仍未收復，先減碼三分之一；若ETF或外資繼續轉弱，再分批降低部位。,價格跌破60日EMA且20日趨勢向下,47.6,67.2,78.1,85,100,可用,35.15,35.45,38.11,23.4,21.86,35.39,194.62,2.17,8.85,1.23,4.27,1,0,0,0,-510,-87,0,-234.345,-234.345,-234.345,-234.345,0,0,0,0,0,0,0,-0.183,-0.183,7.35,,,,,-234.162,-234.162,-234.162,-234.162,39.94,49.19,33.72,80.13,false,false,-1.67,2.33,"單日成交金額低於5,000萬元；中期趨勢仍向下；外資持股尚未完成5／10日可比核對或期間有非市場異動；此項不給分，不解讀為轉弱；20日趨勢尚未上彎；當下除權息調整價未守20日EMA"
379,2527,宏璟,TWSE,建材營造,不建立部位,保護持有,protect,今天不新增部位；未完成確認前不機械式賣出,今天收盤後；若跌破，再看下一交易日是否收復,已有部位暫停加碼；若收盤跌破60日EMA約 43.68，且下一交易日仍未收復，先減碼三分之一；若ETF或外資繼續轉弱，再分批降低部位。,未觸發明確減碼訊號,60.5,67.1,67.6,85,100,完整,48.35,49.2,4.18,1088.12,22.9,25.51,148.94,3.99,8.5,0.34,3.1,1,0,0,0,0,0,0,252.161,743.107,1164.365,562.1610000000001,0,0,0,0,0,0,0,-3.9849999999999994,27.415,43.45,47,483,980,,252.054,747.0920000000001,1136.9500000000003,636.0700000000004,66.11,82.87,74.87,98.85,false,false,6.39,5.57,"單日成交金額低於5,000萬元"
380,1612,宏泰,TWSE,電器電纜,不建立部位,保護持有,protect,今天不新增部位；未完成確認前不機械式賣出,今天收盤後；若跌破，再看下一交易日是否收復,已有部位暫停加碼；若收盤跌破60日EMA約 34.48，且下一交易日仍未收復，先減碼三分之一；若ETF或外資繼續轉弱，再分批降低部位。,ETF 5/10日同步減碼,60.6,66.4,75.4,85,100,完整,35.35,35.35,19.6,2.06,12.77,17.8,334.32,2.62,9.06,1.19,7.07,2,0,-5,-5,-9,-41,0,264.228,570.696,698.361,1381.797,4,-0.5609999999999999,-5.12,-36.984,1,1,-19831,-23.105,25.808,15.86,186,268,169,,249.894,594.362,677.673,1406.209,62.29,73.94,61.73,98.35,false,false,1.5,0.86,"單日成交金額低於5,000萬元；ETF短中期同步減碼"
381,5469,瀚宇博,TWSE,電子零組件業,不建立部位,保護持有,protect,今天不新增部位；未完成確認前不機械式賣出,今天收盤後；若跌破，再看下一交易日是否收復,已有部位暫停加碼；若收盤跌破60日EMA約 74.42，且下一交易日仍未收復，先減碼三分之一；若ETF或外資繼續轉弱，再分批降低部位。,未觸發明確減碼訊號,64.2,66.4,58.9,85,100,完整,73.6,74.6,26.41,24.72,7.35,43.83,130.96,2.05,13.63,0.58,3.42,4,0,0,0,858,919,0,219.449,93.21600000000001,-786.2649999999999,-1267.4279999999999,0,0,742,785,0,0,0,-2,76.04400000000001,7.84,-29,-68,-1573,,218.449,95.21600000000001,-1604.309,-2074.85,52.98,44.36,42.16,48.76,true,true,1.07,1.1,"單日成交金額低於5,000萬元"
382,4441,振大環球,TWSE,紡織纖維,不建立部位,保護持有,protect,今天不新增部位；未完成確認前不機械式賣出,今天收盤後；若跌破，再看下一交易日是否收復,已有部位暫停加碼；若收盤跌破60日EMA約 180.16，且下一交易日仍未收復，先減碼三分之一；若ETF或外資繼續轉弱，再分批降低部位。,價格跌破60日EMA且20日趨勢向下,49.1,66.3,75.8,85,100,完整,170,170.75,20.56,14.76,17.62,30.51,243.38,9.08,9.42,1.69,6.35,1,0,0,0,0,0,0,-1.96,-16.02,32.06,-76.62,0,0,0,-60,0,0,0,-5,-4,0.9,-1,-4,41,,-1.96,-11.02,36.06,85.38,37.92,21.93,27.56,10.67,false,false,-2.02,-1.16,"單日成交金額低於5,000萬元；中期趨勢仍向下；20日趨勢尚未上彎；當下除權息調整價未守20日EMA"
383,3028,增你強,TWSE,電子通路業,不建立部位,保護持有,protect,今天不新增部位；未完成確認前不機械式賣出,今天收盤後；若跌破，再看下一交易日是否收復,已有部位暫停加碼；若收盤跌破60日EMA約 65.85，且下一交易日仍未收復，先減碼三分之一；若ETF或外資繼續轉弱，再分批降低部位。,價格跌破60日EMA且20日趨勢向下,57.7,66.2,55.3,85,93,可用,62.7,62.8,87.95,95.6,4.64,81.04,119.22,5.24,8.73,2.05,4.78,2,0,5,5,15,30,0,-132.117,-46.00399999999997,-351.15399999999994,-1471.1539999999998,6.1,11.3,19.288,34.688,2,0,708510,-23.009999999999998,18.308000000000003,9.98,329,834,1078,,-109.884,-34.294000000000004,-388.75,-1463.5860000000002,46.14,56.07,45.35,77.5,false,false,-0.31,1.46,"單日成交金額低於5,000萬元；中期趨勢仍向下；20日趨勢尚未上彎；當下除權息調整價未守20日EMA"
384,2397,友通,TWSE,電腦及週邊設備業,不建立部位,保護持有,protect,今天不新增部位；未完成確認前不機械式賣出,今天收盤後；若跌破，再看下一交易日是否收復,已有部位暫停加碼；若收盤跌破60日EMA約 61.11，且下一交易日仍未收復，先減碼三分之一；若ETF或外資繼續轉弱，再分批降低部位。,未觸發明確減碼訊號,62.4,66,51.8,85,100,完整,63,63.5,48.01,31.4,6.75,61.22,141.25,2.05,23.08,2.14,3.89,1,0,0,0,0,0,0,98.16,273.354,187.40300000000002,-382.361,0,0,0,0,0,0,0,8,-42,14.77,33,201,166,,89.16,265.354,229.40300000000002,-346.36099999999993,58.43,69.9,59.81,90.08,false,false,2.41,2.61,"單日成交金額低於5,000萬元；20日趨勢尚未上彎"
385,3526,凡甲,TPEX,電子零組件業,不建立部位,保護持有,protect,今天不新增部位；未完成確認前不機械式賣出,今天收盤後；若跌破，再看下一交易日是否收復,已有部位暫停加碼；若收盤跌破60日EMA約 287.98，且下一交易日仍未收復，先減碼三分之一；若ETF或外資繼續轉弱，再分批降低部位。,價格跌破60日EMA且20日趨勢向下,55.2,65.9,74.5,85,94.9,可用,270.5,271.75,38.84,28.57,31.35,45.89,284.73,9.08,15.23,4.37,6.23,4,0,1,1,2,1,0,-24.108,-24.108,-24.108,-24.108,1.1,1.1,1.1,1.1,1,0,297550,-6.551,-6.551,16.84,,,,,-18.657,-18.657,-18.657,-18.657,42.11,62.36,49.07,88.94,false,false,-1.08,-0.18,"單日成交金額低於5,000萬元；中期趨勢仍向下；外資持股尚未完成5／10日可比核對或期間有非市場異動；此項不給分，不解讀為轉弱；20日趨勢尚未上彎；當下除權息調整價未守20日EMA"
386,2753,八方雲集,TWSE,觀光餐旅,不建立部位,保護持有,protect,今天不新增部位；未完成確認前不機械式賣出,今天收盤後；若跌破，再看下一交易日是否收復,已有部位暫停加碼；若收盤跌破60日EMA約 176.35，且下一交易日仍未收復，先減碼三分之一；若ETF或外資繼續轉弱，再分批降低部位。,未觸發明確減碼訊號,66.2,65.4,55.9,85,100,完整,179,178.75,9.29,7.92,12.11,50.44,168.25,7.01,12.76,3.16,6.7,3,2,-9,30,46,47,0,-37.318,47.22200000000001,-44.80799999999999,-119.48399999999997,2.007,29.747,45.195,46.90000000000001,3,2,5324713,-0.11199999999999999,7.390000000000001,6.02,-113,-47,-131,,-39.325,17.587,-97.393,-168.753,52.9,67.82,64.34,74.79,false,false,0.11,-0.56,"單日成交金額低於5,000萬元；ETF加碼，但外資持股5/10日同步下降；當下除權息調整價未守20日EMA"
387,4766,南寶,TWSE,化學工業,不建立部位,保護持有,protect,今天不新增部位；未完成確認前不機械式賣出,今天收盤後；若跌破，再看下一交易日是否收復,已有部位暫停加碼；若收盤跌破60日EMA約 341.30，且下一交易日仍未收復，先減碼三分之一；若ETF或外資繼續轉弱，再分批降低部位。,未觸發明確減碼訊號,59.6,64.8,59.1,85,100,完整,341,345,14.17,11.43,16.69,49.05,191.73,13.82,14.55,2.9,5.28,5,0,0,0,-13,-13,0,6.75,71.622,212.63799999999995,207.12999999999994,0,0,-25,-26,0,0,0,0.978,-9.984,15.88,10,65,231,,5.994,70.644,247.62199999999999,267.157,50.14,71.76,65.91,83.48,false,false,-0.05,-1.45,"單日成交金額低於5,000萬元；中期趨勢仍向下；20日趨勢尚未上彎"
388,3213,茂訊,TPEX,電腦及週邊設備業,不建立部位,保護持有,protect,今天不新增部位；未完成確認前不機械式賣出,今天收盤後；若跌破，再看下一交易日是否收復,已有部位暫停加碼；若收盤跌破60日EMA約 125.98，且下一交易日仍未收復，先減碼三分之一；若ETF或外資繼續轉弱，再分批降低部位。,未觸發明確減碼訊號,53.9,64.7,77.6,85,100,可用,125.5,127,6.49,17.96,25.64,30.04,300.49,5.62,13.09,1.89,5.58,1,0,0,0,-1,-1,0,77.763,77.763,77.763,77.763,0,0,0,0,0,0,0,-0.617,-0.617,14.2,,,,,78.38,78.38,78.38,78.38,49.6,68.11,58.78,86.78,false,false,0.29,0.8,"單日成交金額低於5,000萬元；中期趨勢仍向下；外資持股尚未完成5／10日可比核對或期間有非市場異動；此項不給分，不解讀為轉弱；20日趨勢尚未上彎"
389,7780,大研生醫*,TWSE,食品工業,不建立部位,保護持有,protect,今天不新增部位；未完成確認前不機械式賣出,今天收盤後；若跌破，再看下一交易日是否收復,已有部位暫停加碼；若收盤跌破60日EMA約 16.94，且下一交易日仍未收復，先減碼三分之一；若ETF或外資繼續轉弱，再分批降低部位。,價格跌破60日EMA且20日趨勢向下,50.7,64.5,74.2,85,100,完整,16.05,16.6,38.14,36.33,17.32,21.13,474.92,0.29,30.28,2.65,8.97,1,0,0,0,-60,645,0,8.277,-66.57799999999997,-70.25099999999998,-700.463,0,0,-60,645,0,0,0,-4.059,-19.732,0.75,7,88,442,,10,-62.51899999999999,9.480999999999995,-1288.634,37.31,23.84,29.22,13.09,false,true,-1.95,-2.13,"單日成交金額低於5,000萬元；中期趨勢仍向下；20日趨勢尚未上彎"
390,2414,精技,TWSE,電子通路業,不建立部位,保護持有,protect,今天不新增部位；未完成確認前不機械式賣出,今天收盤後；若跌破，再看下一交易日是否收復,已有部位暫停加碼；若收盤跌破60日EMA約 53.75，且下一交易日仍未收復，先減碼三分之一；若ETF或外資繼續轉弱，再分批降低部位。,外資持股5/10日下降且外資5日賣超,56.6,64.4,50.2,85,100,完整,53.1,53.1,79.52,47.82,2.85,76.08,120,2.53,12.92,2.72,5.65,1,0,0,0,0,-6,0,33.495,-3.024000000000001,27.449,75.946,0,0,0,-6,0,0,0,1,18,4.3,-13,-45,-36,,27.495,-4.023999999999994,9.448999999999998,62.946,50.25,68.02,65.05,73.96,false,false,0.42,-0.38,"單日成交金額低於5,000萬元；外資持股5/10日下降，且外資5日賣超"
391,3402,漢科,TPEX,其他電子業,不建立部位,保護持有,protect,今天不新增部位；未完成確認前不機械式賣出,今天收盤後；若跌破，再看下一交易日是否收復,已有部位暫停加碼；若收盤跌破60日EMA約 128.44，且下一交易日仍未收復，先減碼三分之一；若ETF或外資繼續轉弱，再分批降低部位。,未觸發明確減碼訊號,60.5,64.4,49.6,85,100,可用,131,134,32.84,21.37,11.72,69.75,118.47,3.64,18.25,4.53,4.58,1,0,0,0,-1,-1,0,115.314,115.314,115.314,115.314,0,0,0,0,0,0,0,7.475,7.475,10.13,,,,,107.839,107.839,107.839,107.839,60.5,81.43,76.71,90.87,false,false,3.83,1.55,"單日成交金額低於5,000萬元；外資持股尚未完成5／10日可比核對或期間有非市場異動；此項不給分，不解讀為轉弱"
392,5314,世紀*,TPEX,其他,不建立部位,優先降低風險,risk,依風險與流動性分批降低部位,風險解除且基本面與趨勢重新確認後,已有部位應優先降低曝險；目前觸發「處置或交易限制事件」。待事件解除或基本面重新確認後再評估。,處置或交易限制事件,44.3,64.2,65.1,85,100,可用,27.45,27.75,102.52,151.4,12.5,49.57,97.87,0.66,5.93,4.43,115.19,1,0,0,0,-14,-32,0,226.917,226.917,226.917,226.917,0,0,0,0,0,0,0,372,372,4.45,,,,,-145.083,-145.083,-145.083,-145.083,46.07,15.19,15.08,15.42,true,false,-9.63,-10,處置或交易限制風險；外資持股尚未完成5／10日可比核對或期間有非市場異動；此項不給分，不解讀為轉弱；20日趨勢尚未上彎；當下除權息調整價未守20日EMA
393,2305,全友,TWSE,電腦及週邊設備業,不建立部位,優先降低風險,risk,依風險與流動性分批降低部位,風險解除且基本面與趨勢重新確認後,已有部位應優先降低曝險；目前觸發「KD高檔死亡交叉（僅屬時機警示）」。待事件解除或基本面重新確認後再評估。,價格強勢站上20／60日EMA；法人未同步轉弱,54.7,64,67.6,85,100,完整,69.1,73.8,239.99,113.21,17.3,24.45,372.4,0.51,84.27,5.75,,1,0,0,0,0,-6,0,816.1,2854.181,11024.750999999998,11110.480999999998,0,0,0,-6,0,0,0,19.535,117.92299999999999,8.44,801,2696,10755,,801.1,2834.646,10906.828000000001,10426.442,90.03,94.78,93.63,97.1,true,true,40.92,17.72,處置或交易限制風險；短線過熱或乖離過大；KD高檔死亡交叉，等待動能確認
394,6763,綠界科技*,TPEX,數位雲端,不建立部位,保護持有,protect,今天不新增部位；未完成確認前不機械式賣出,今天收盤後；若跌破，再看下一交易日是否收復,已有部位暫停加碼；若收盤跌破60日EMA約 42.42，且下一交易日仍未收復，先減碼三分之一；若ETF或外資繼續轉弱，再分批降低部位。,價格跌破60日EMA且20日趨勢向下,51,63.8,61.4,85,100,可用,41.15,41.38,14.91,13.08,24.38,59.22,138.01,1.08,9.96,2.54,7.29,1,0,0,0,25,105,0,6.566,6.566,6.566,6.566,0,0,0,0,0,0,0,-0.034,-0.034,2.74,,,,,6.6,6.6,6.6,6.6,45.05,49.32,56.43,35.09,false,true,-0.52,-0.48,"單日成交金額低於5,000萬元；中期趨勢仍向下；外資持股尚未完成5／10日可比核對或期間有非市場異動；此項不給分，不解讀為轉弱；20日趨勢尚未上彎"
395,1307,三芳,TWSE,塑膠工業,不建立部位,降低部位,trim,停止加碼；反彈未站回恢復區時分批減碼,每個交易日收盤後，確認是否站回恢復區,已有部位先停止加碼。反彈若仍未站回 31.30，分批降低部位；只有站回且ETF／外資賣壓收斂後才重新評估。,價格跌破60日EMA且20日趨勢向下；ETF 5/10日同步減碼,51.3,63.1,66,85,100,完整,30.85,30.85,10.83,6.38,12.33,46.72,186.74,1.46,9.21,1.23,7.13,1,0,-5,-5,-10,-45,0,171.538,58.537000000000006,-311.007,-386.2319999999999,5,-0.001000000000000334,-4.9990000000000006,-39.936,1,1,-31,-57.021,-79.824,7,-74,26,-277,,178.538,115.55900000000003,-226.18399999999997,-189.82299999999998,52.16,62.9,59.21,70.28,false,false,0.6,0.98,"單日成交金額低於5,000萬元；中期趨勢仍向下；ETF短中期同步減碼；20日趨勢尚未上彎"
396,2420,新巨,TWSE,電子零組件業,不建立部位,保護持有,protect,今天不新增部位；未完成確認前不機械式賣出,今天收盤後；若跌破，再看下一交易日是否收復,已有部位暫停加碼；若收盤跌破60日EMA約 55.69，且下一交易日仍未收復，先減碼三分之一；若ETF或外資繼續轉弱，再分批降低部位。,價格跌破60日EMA且20日趨勢向下,49.1,63,77.8,85,100,完整,53.9,54.05,33.83,7.17,32.49,35.51,227.62,2.3,12.06,2.11,5.57,1,0,0,0,0,0,0,15.598,79.71799999999999,132.128,115.12999999999998,0,0,0,0,0,0,0,-12.283000000000001,8.509999999999998,8.01,-10,59,112,,17.001,92.001,123.618,176.85500000000002,44.12,58.13,48.15,78.08,false,false,-0.52,0.94,"單日成交金額低於5,000萬元；中期趨勢仍向下；20日趨勢尚未上彎；當下除權息調整價未守20日EMA"
397,2849,安泰銀,TWSE,金融保險業,不建立部位,保護持有,protect,今天不新增部位；未完成確認前不機械式賣出,今天收盤後；若跌破，再看下一交易日是否收復,已有部位暫停加碼；若收盤跌破60日EMA約 15.01，且下一交易日仍未收復，先減碼三分之一；若ETF或外資繼續轉弱，再分批降低部位。,未觸發明確減碼訊號,56.9,63,62.2,85,100,完整,15.5,15.55,18.9,19.5,,91.11,,0.54,15.98,0.84,3.29,1,0,0,0,0,0,0,-62,-46.655,221.476,377.328,0,0,0,0,0,0,0,52,147,59.04,-83,-99,80,,-83,-98.655,74.476,233.32799999999997,51.03,41.9,64.93,-4.16,false,true,-0.53,-4.62,"單日成交金額低於5,000萬元；當下除權息調整價未守20日EMA"
398,2108,南帝,TWSE,橡膠工業,不建立部位,降低部位,trim,停止加碼；反彈未站回恢復區時分批減碼,每個交易日收盤後，確認是否站回恢復區,已有部位先停止加碼。反彈若仍未站回 28.89，分批降低部位；只有站回且ETF／外資賣壓收斂後才重新評估。,價格跌破60日EMA且20日趨勢向下；外資持股5/10日下降且外資5日賣超,48.9,62.8,77.4,85,100,完整,28.2,28.15,41.83,26.69,16.6,12.36,812.87,1.28,15.84,0.94,3.55,1,0,0,0,0,0,0,-161.324,-106.02900000000002,-69.96800000000002,-648.4040000000001,0,0,0,0,0,0,0,33.557,97.24000000000002,6.53,-400,-340,-347,,-181.76,-139.586,-167.20800000000003,-675.7699999999999,42.78,54.81,53.1,58.23,false,false,-2.38,-1.4,"單日成交金額低於5,000萬元；中期趨勢仍向下；外資持股5/10日下降，且外資5日賣超；20日趨勢尚未上彎；當下除權息調整價未守20日EMA"
399,5236,凌陽創新,TWSE,半導體業,不建立部位,保護持有,protect,今天不新增部位；未完成確認前不機械式賣出,今天收盤後；若跌破，再看下一交易日是否收復,已有部位暫停加碼；若收盤跌破60日EMA約 141.44，且下一交易日仍未收復，先減碼三分之一；若ETF或外資繼續轉弱，再分批降低部位。,價格跌破60日EMA且20日趨勢向下,56.2,62.8,70.9,85,100,完整,135.5,136.75,13.22,14.58,33.2,30.49,329.86,5.86,13.19,3.29,6.64,1,10,30,30,30,30,0,5.951,-2.6140000000000008,30.234,27.838,10,30,30,30,2,0,4065000,2,4.795000000000001,6.02,-31,-32,8,,-8.049,-34.614000000000004,-4.561000000000006,-3.6300000000000097,48.2,72.17,62.22,92.07,false,false,0.25,1.12,"單日成交金額低於5,000萬元；中期趨勢仍向下；20日趨勢尚未上彎"
400,8070,長華*,TWSE,電子通路業,不建立部位,保護持有,protect,今天不新增部位；未完成確認前不機械式賣出,今天收盤後；若跌破，再看下一交易日是否收復,已有部位暫停加碼；若收盤跌破60日EMA約 49.91，且下一交易日仍未收復，先減碼三分之一；若ETF或外資繼續轉弱，再分批降低部位。,未觸發明確減碼訊號,55,62.7,65.4,85,100,完整,49.7,50,37.57,27.68,12.01,39.01,235.2,1.3,29.41,1.31,5.45,8,0,-4,-4,411,395,0,7.917,-724.179,847.4100000000001,-328.2779999999999,0,-4.371,271.411,235.863,0,1,-217239,89.51,144.202,10.9,-5,-880,305,,1.001,-809.318,431.7970000000001,-600.8109999999999,49.4,52.53,54.72,48.14,false,true,-0.21,-1.97,"單日成交金額低於5,000萬元；中期趨勢仍向下；20日累積後5日轉為調節；20日趨勢尚未上彎"
401,1419,新紡,TWSE,紡織纖維,不建立部位,降低部位,trim,停止加碼；反彈未站回恢復區時分批減碼,每個交易日收盤後，確認是否站回恢復區,已有部位先停止加碼。反彈若仍未站回 66.19，分批降低部位；只有站回且ETF／外資賣壓收斂後才重新評估。,價格跌破60日EMA且20日趨勢向下；外資持股5/10日下降且外資5日賣超,48.9,62.4,71.1,85,100,完整,65.6,65.3,5.94,24.56,9.09,17.87,178.88,11.2,4.72,0.86,2.74,1,0,0,0,0,-140,0,-27,-42.022999999999996,-138.265,-171.202,0,0,-69,-217,0,0,0,8,24,1.35,-30,-64,-92,,-33,-50.022999999999996,-93.265,25.797999999999973,46.02,43,41.55,45.89,true,false,-0.9,-1.2,"單日成交金額低於5,000萬元；中期趨勢仍向下；外資持股5/10日下降，且外資5日賣超；20日趨勢尚未上彎；當下除權息調整價未守20日EMA；單季稅前獲利對營業外貢獻依賴偏高"
402,2480,敦陽科,TWSE,資訊服務業,不建立部位,保護持有,protect,今天不新增部位；未完成確認前不機械式賣出,今天收盤後；若跌破，再看下一交易日是否收復,已有部位暫停加碼；若收盤跌破60日EMA約 157.48，且下一交易日仍未收復，先減碼三分之一；若ETF或外資繼續轉弱，再分批降低部位。,未觸發明確減碼訊號,60.5,62.2,50.6,85,100,完整,159.5,161,20.16,16.45,12.11,65.42,134.32,4.91,18.21,5.18,4.89,5,0,-1,-1,7,22,0,-35.865,72.708,903.707,1155.328,0,-1.161,6.988,21.878,0,1,-185180,0.8170000000000001,15.646999999999998,12.41,-35,85,855,,-36.286,73.05199999999999,881.0720000000001,1122.683,50.67,42.93,57.75,13.31,false,true,-0.14,-3.33,"單日成交金額低於5,000萬元；20日累積後5日轉為調節"
403,3135,凌航,TWSE,半導體業,不建立部位,保護持有,protect,今天不新增部位；未完成確認前不機械式賣出,今天收盤後；若跌破，再看下一交易日是否收復,已有部位暫停加碼；若收盤跌破60日EMA約 163.29，且下一交易日仍未收復，先減碼三分之一；若ETF或外資繼續轉弱，再分批降低部位。,價格跌破60日EMA且20日趨勢向下,46.3,62.2,63.4,85,100,可用,156.5,159,237.79,246.13,20.31,53.77,264.03,20.87,6.75,3.26,2.39,1,0,0,0,0,-288,0,-22.223,-261.424,-323.66499999999996,-1376.197,0,0.007,0.007,-287.993,1,0,1096,-7.741999999999999,-26.487,0.83,-43,-207,-128,,-19.343,-253.689,-297.18499999999995,-1038.7559999999999,40.64,13.71,16.15,8.83,false,true,-3.67,-4.28,"單日成交金額低於5,000萬元；中期趨勢仍向下；外資持股尚未完成5／10日可比核對或期間有非市場異動；此項不給分，不解讀為轉弱；20日趨勢尚未上彎；當下除權息調整價未守20日EMA"
404,4532,瑞智,TWSE,電機機械,不建立部位,保護持有,protect,今天不新增部位；未完成確認前不機械式賣出,今天收盤後；若跌破，再看下一交易日是否收復,已有部位暫停加碼；若收盤跌破60日EMA約 24.35，且下一交易日仍未收復，先減碼三分之一；若ETF或外資繼續轉弱，再分批降低部位。,未觸發明確減碼訊號,66,62.1,48.5,85,100,完整,25.05,25,21.41,4.72,5.71,63.36,131.61,1.01,13.25,1.14,5.99,2,11,-53,165,251,268,0,-3.451,725.692,1254.1540000000002,798.9260000000002,11.242,165.239,250.39300000000003,268.20400000000006,3,2,4139237,4.999,45.831999999999994,18.21,-402,73,544,,-14.693,555.454,957.9289999999999,479.47399999999993,61.32,73.95,66.8,88.24,false,false,2.71,1.62,"單日成交金額低於5,000萬元"
405,2323,中環,TWSE,光電業,不建立部位,保護持有,protect,今天不新增部位；未完成確認前不機械式賣出,今天收盤後；若跌破，再看下一交易日是否收復,已有部位暫停加碼；若收盤跌破60日EMA約 10.73，且下一交易日仍未收復，先減碼三分之一；若ETF或外資繼續轉弱，再分批降低部位。,外資持股5/10日下降且外資5日賣超,55,61.7,69.3,85,100,完整,10.7,10.95,20.09,14.78,4.73,36.4,276.3,0.99,3.53,0.58,1.87,1,0,0,0,0,0,0,-2065.271,-529.4799999999999,-2038.591,-9960.594,0,0,0,0,0,0,0,-26.947000000000003,85.732,9.88,-2050,-503,-4801,,-2050.123,-502.5329999999998,-2124.323,-9775.642,49.17,64.08,60.46,71.31,false,false,-0.26,0,"單日成交金額低於5,000萬元；中期趨勢仍向下；外資持股5/10日下降，且外資5日賣超；20日趨勢尚未上彎；2日內除權息，等待價格重置；單季稅前獲利對營業外貢獻依賴偏高"
406,6756,威鋒電子,TWSE,半導體業,不建立部位,保護持有,protect,今天不新增部位；未完成確認前不機械式賣出,今天收盤後；若跌破，再看下一交易日是否收復,已有部位暫停加碼；若收盤跌破60日EMA約 97.30，且下一交易日仍未收復，先減碼三分之一；若ETF或外資繼續轉弱，再分批降低部位。,未觸發明確減碼訊號,60.5,61.7,53.5,85,100,完整,98.8,98.6,96.94,29.55,-3.54,27.19,182.34,1.24,55.51,2.28,0.91,1,0,0,0,0,0,0,15.021,20.131,114.79599999999999,342.988,0,0,0,0,0,0,0,0.568,0.23300000000000032,4.03,-27,-61,31,,15,19.563000000000002,114.56299999999999,345.793,52.48,59.46,49.61,79.16,false,false,0.98,1.02,"單日成交金額低於5,000萬元；20日趨勢尚未上彎；單季稅前獲利對營業外貢獻依賴偏高"
407,3679,新至陞,TWSE,電子零組件業,不建立部位,保護持有,protect,今天不新增部位；未完成確認前不機械式賣出,今天收盤後；若跌破，再看下一交易日是否收復,已有部位暫停加碼；若收盤跌破60日EMA約 109.75，且下一交易日仍未收復，先減碼三分之一；若ETF或外資繼續轉弱，再分批降低部位。,價格跌破60日EMA且20日趨勢向下,55.3,61.6,69.4,85,100,完整,108.5,108.75,28.18,-2.82,17.76,48.94,241.4,4.18,9.18,1.41,8.29,1,1,-4,15,23,29,0,1.949,43.506,47.25,77.447,0.949,14.506,22.25,28.447999999999997,3,1,1573901,1,5,8.63,1,28,-17,,1,28,20,44.375,50.31,52.84,58.07,42.38,false,true,0.16,0,"單日成交金額低於5,000萬元；中期趨勢仍向下；20日趨勢尚未上彎"
408,6577,勁豐,TPEX,電腦及週邊設備業,不建立部位,保護持有,protect,今天不新增部位；未完成確認前不機械式賣出,今天收盤後；若跌破，再看下一交易日是否收復,已有部位暫停加碼；若收盤跌破60日EMA約 79.55，且下一交易日仍未收復，先減碼三分之一；若ETF或外資繼續轉弱，再分批降低部位。,未觸發明確減碼訊號,54.7,61.5,66.5,85,100,可用,79.4,80.1,2.79,3.43,18.63,45.78,188.58,3.52,10.98,3.37,6.3,1,1,-2,8,12,16,0,0.491,0.491,0.491,0.491,0.491,0.491,0.491,0.491,1,0,38985,0,0,1.53,,,,,0,0,0,0,48.3,60.9,62.24,58.23,false,true,-0.23,0.51,"單日成交金額低於5,000萬元；中期趨勢仍向下；外資持股尚未完成5／10日可比核對或期間有非市場異動；此項不給分，不解讀為轉弱；20日趨勢尚未上彎"
409,8936,國統,TPEX,其他,不建立部位,保護持有,protect,今天不新增部位；未完成確認前不機械式賣出,今天收盤後；若跌破，再看下一交易日是否收復,已有部位暫停加碼；若收盤跌破60日EMA約 52.06，且下一交易日仍未收復，先減碼三分之一；若ETF或外資繼續轉弱，再分批降低部位。,ETF 5/10日同步減碼,55.1,61.2,60.4,85,100,可用,51.9,52.2,12.34,17.13,19.11,43.73,183.13,1.87,11.96,2.03,5.78,1,0,-3,-3,-6,-29,0,-101.693,-101.693,-101.693,-101.693,0,0,0,0,0,0,0,4.298,4.298,11.37,,,,,-105.991,-105.991,-105.991,-105.991,54.18,64.3,70.14,52.62,false,true,0.66,-0.38,"單日成交金額低於5,000萬元；ETF短中期同步減碼；外資持股尚未完成5／10日可比核對或期間有非市場異動；此項不給分，不解讀為轉弱"
410,5287,數字,TPEX,數位雲端,不建立部位,保護持有,protect,今天不新增部位；未完成確認前不機械式賣出,今天收盤後；若跌破，再看下一交易日是否收復,已有部位暫停加碼；若收盤跌破60日EMA約 137.26，且下一交易日仍未收復，先減碼三分之一；若ETF或外資繼續轉弱，再分批降低部位。,未觸發明確減碼訊號,58,61.1,67.3,85,100,可用,137.5,137.75,2.31,-1.31,38.3,39.46,155.27,7.68,9,2.98,8.11,1,1,-5,19,29,36,0,-17.982,-17.982,-17.982,-17.982,1.245,1.245,1.245,1.245,1,0,171188,0.6,0.6,16.05,,,,,-19.827,-19.827,-19.827,-19.827,53.38,62.82,60.27,67.91,false,false,0.54,-1.08,"單日成交金額低於5,000萬元；累計營收負成長且當月改善不足；外資持股尚未完成5／10日可比核對或期間有非市場異動；此項不給分，不解讀為轉弱；20日趨勢尚未上彎"
411,3003,健和興,TWSE,電子零組件業,不建立部位,保護持有,protect,今天不新增部位；未完成確認前不機械式賣出,今天收盤後；若跌破，再看下一交易日是否收復,已有部位暫停加碼；若收盤跌破60日EMA約 61.74，且下一交易日仍未收復，先減碼三分之一；若ETF或外資繼續轉弱，再分批降低部位。,價格跌破60日EMA且20日趨勢向下,52.4,60.8,70.5,85,100,完整,59.7,60.2,59.31,42.13,10.05,23.56,446.65,1.46,24.07,1.41,1.68,1,0,0,0,0,0,0,-4.787,531.9309999999999,376.101,-3127.628,0,0,0,0,0,0,0,-45.69,-46.772000000000006,4.52,-79,571,412,,-4.783,577.6210000000001,422.87300000000005,-2981.914,45.88,75.46,61.72,102.95,false,false,-1.02,1.36,"單日成交金額低於5,000萬元；中期趨勢仍向下；20日趨勢尚未上彎；當下除權息調整價未守20日EMA"
412,8213,志超,TWSE,電子零組件業,不建立部位,保護持有,protect,今天不新增部位；未完成確認前不機械式賣出,今天收盤後；若跌破，再看下一交易日是否收復,已有部位暫停加碼；若收盤跌破60日EMA約 33.10，且下一交易日仍未收復，先減碼三分之一；若ETF或外資繼續轉弱，再分批降低部位。,未觸發明確減碼訊號,57.1,60.8,56.9,85,100,完整,32.8,33.25,35.05,17.29,3.54,47.82,177.28,0.93,16.65,0.52,3.48,1,0,0,0,0,0,0,-105.305,41.857,-3.5300000000000082,-28.627999999999986,0,0,0,0,0,0,0,3.3080000000000003,18.86,21.03,-108,16,-113,,-105,38.54900000000001,-22.389999999999986,50.07299999999999,50.08,59.47,62.22,53.97,false,true,-0.08,-0.61,"單日成交金額低於5,000萬元"
413,3218,大學光,TPEX,生技醫療業,不建立部位,降低部位,trim,停止加碼；反彈未站回恢復區時分批減碼,每個交易日收盤後，確認是否站回恢復區,已有部位先停止加碼。反彈若仍未站回 136.14，分批降低部位；只有站回且ETF／外資賣壓收斂後才重新評估。,價格跌破60日EMA且20日趨勢向下；ETF 5/10日同步減碼,44.6,60.1,67.1,85,100,可用,133.5,134.25,9.38,5.96,30.76,39,136.31,5.99,9.88,2.92,5.81,1,0,-2,-2,-3,-12,0,-48.45,-48.45,-48.45,-48.45,0,0,0,0,0,0,0,-0.45,-0.45,7.84,,,,,-48,-48,-48,-48,42.1,26.31,24.99,28.94,false,false,-1.26,-0.37,"單日成交金額低於5,000萬元；中期趨勢仍向下；ETF短中期同步減碼；外資持股尚未完成5／10日可比核對或期間有非市場異動；此項不給分，不解讀為轉弱；20日趨勢尚未上彎；當下除權息調整價未守20日EMA"
414,5306,桂盟,TWSE,運動休閒,不建立部位,保護持有,protect,今天不新增部位；未完成確認前不機械式賣出,今天收盤後；若跌破，再看下一交易日是否收復,已有部位暫停加碼；若收盤跌破60日EMA約 90.84，且下一交易日仍未收復，先減碼三分之一；若ETF或外資繼續轉弱，再分批降低部位。,價格跌破60日EMA且20日趨勢向下,47.2,60,65.4,85,100,完整,88.6,88.2,12.06,11.01,22.73,34.61,153.49,3.94,12.55,1.18,4.23,1,0,0,0,-9,113,0,-20,-35.449,-69.074,-306.352,0,0,-9,113,0,0,0,1,15,12.97,-20,20,73,,-20,-36.449,-75.07399999999998,-417.35200000000003,38.78,35.05,35.78,33.59,false,true,-2.13,0.57,"單日成交金額低於5,000萬元；中期趨勢仍向下；20日趨勢尚未上彎；當下除權息調整價未守20日EMA"
415,1720,生達,TWSE,生技醫療業,不建立部位,降低部位,trim,停止加碼；反彈未站回恢復區時分批減碼,每個交易日收盤後，確認是否站回恢復區,已有部位先停止加碼。反彈若仍未站回 56.53，分批降低部位；只有站回且ETF／外資賣壓收斂後才重新評估。,價格跌破60日EMA且20日趨勢向下；外資持股5/10日下降且外資5日賣超,49.3,59.8,72,85,100,完整,56.1,56.4,7.78,2.98,21.32,24.3,218.16,2.49,9.76,1.62,5.35,1,0,0,0,0,0,0,-49.764,-91.974,-185.694,-518.005,0,0,0,0,0,0,0,2.235,47.115,4.81,-75,-120,-255,,-49.764,-94.209,-232.809,-558.4580000000001,46.8,53.27,48.33,63.16,false,false,-0.13,0.18,"單日成交金額低於5,000萬元；中期趨勢仍向下；外資持股5/10日下降，且外資5日賣超；20日趨勢尚未上彎"
416,6177,達麗,TWSE,建材營造,不建立部位,降低部位,trim,停止加碼；反彈未站回恢復區時分批減碼,每個交易日收盤後，確認是否站回恢復區,已有部位先停止加碼。反彈若仍未站回 47.26，分批降低部位；只有站回且ETF／外資賣壓收斂後才重新評估。,價格跌破60日EMA且20日趨勢向下；外資持股5/10日下降且外資5日賣超,50,59.6,59.4,85,100,完整,46.25,46.3,-8.72,322.35,35.66,73.72,132.76,5.03,5.1,1.82,6.49,3,14,-57,211,232,1181,0,-114.093,-1748.6109999999996,-2001.9499999999994,-1344.196999999999,22.804,219.95499999999998,241.56799999999998,451.463,3,1,10172919,-4.688000000000001,-3.0709999999999997,6.92,-344,-1279,-1502,,-136.897,-1963.878,-2240.447,-1380.339,41.99,13.24,21.15,-2.57,false,true,-2.14,-4.34,"單日成交金額低於5,000萬元；中期趨勢仍向下；外資持股5/10日下降，且外資5日賣超；20日趨勢尚未上彎；當下除權息調整價未守20日EMA"
417,2455,全新,TWSE,通信網路業,不建立部位,優先降低風險,risk,依風險與流動性分批降低部位,風險解除且基本面與趨勢重新確認後,已有部位應優先降低曝險；目前觸發「ETF 5/10日同步減碼」。待事件解除或基本面重新確認後再評估。,ETF 5/10日同步減碼；外資持股5/10日下降且外資5日賣超；處置或交易限制事件,56,59.3,54,85,100,可用,543,519,71.16,35.87,23.4,35.4,220.15,2.2,133.09,27.49,0.48,17,0,-9,-8,-590,-1147,-8,45.107,-1429.601,-1833.0660000000003,12803.05,35,1125,1756.71,5040.51,2,3,610875000,1328.9370000000001,1783.103,30.76,-62,-3705,-5199,,-109.309,-3883.538,-5372.879,6600.960000000001,60.38,57.15,62.12,47.22,false,true,4.65,-2.34,處置或交易限制風險；ETF短中期同步減碼；主動ETF 5日轉為減碼；外資持股5/10日下降，且外資5日賣超
418,5209,新鼎,TPEX,其他,不建立部位,保護持有,protect,今天不新增部位；未完成確認前不機械式賣出,今天收盤後；若跌破，再看下一交易日是否收復,已有部位暫停加碼；若收盤跌破60日EMA約 163.49，且下一交易日仍未收復，先減碼三分之一；若ETF或外資繼續轉弱，再分批降低部位。,未觸發明確減碼訊號,58.3,59.1,51.6,85,100,可用,166.5,170.25,92.18,-11.97,14.77,78.82,121.04,8.72,9.14,4.59,7.78,1,0,-2,7,11,13,0,-32.134,-32.134,-32.134,-32.134,0.476,0.476,0.476,0.476,1,0,79254,-8,-8,3.45,,,,,-24.61,-24.61,-24.61,-24.61,52.53,16.87,34.58,-18.56,false,false,0.03,-4.58,"單日成交金額低於5,000萬元；外資持股尚未完成5／10日可比核對或期間有非市場異動；此項不給分，不解讀為轉弱"
419,2425,承啟,TWSE,電腦及週邊設備業,不建立部位,保護持有,protect,今天不新增部位；未完成確認前不機械式賣出,今天收盤後；若跌破，再看下一交易日是否收復,已有部位暫停加碼；若收盤跌破60日EMA約 38.83，且下一交易日仍未收復，先減碼三分之一；若ETF或外資繼續轉弱，再分批降低部位。,價格跌破60日EMA且20日趨勢向下,52.2,59,51.1,85,100,完整,37.45,38.25,118.46,120.45,0.61,54.62,183.31,0.68,21.04,1.44,0.27,1,0,0,0,0,-4,0,-9.919,-62.48299999999999,487.973,1304.26,0,0,0,-4,0,0,0,-5.657,-94.957,6.7,-98,-139,501,,-9.919,-56.82600000000001,582.93,1352.2169999999999,46.91,62.1,57.18,71.95,false,false,-0.27,1.22,"單日成交金額低於5,000萬元；中期趨勢仍向下；20日趨勢尚未上彎；單季稅前獲利對營業外貢獻依賴偏高"
420,2832,台產,TWSE,金融保險業,不建立部位,保護持有,protect,今天不新增部位；未完成確認前不機械式賣出,今天收盤後；若跌破，再看下一交易日是否收復,已有部位暫停加碼；若收盤跌破60日EMA約 57.55，且下一交易日仍未收復，先減碼三分之一；若ETF或外資繼續轉弱，再分批降低部位。,未觸發明確減碼訊號,50.3,59,68.4,85,100,完整,56.8,57.6,11.73,6.47,,53.86,,3.33,9.45,1.19,6.16,1,5,-18,67,103,124,0,-95.136,-196.375,220.01,-214.199,4.377,66.888,102.594,123.38100000000003,3,1,3799238,-0.7870000000000004,14.385,4.45,-90,-249,116,,-99.08,-262.476,103.03100000000002,-370.427,39.62,42.01,53.51,18.99,false,true,-2.17,-3.24,"單日成交金額低於5,000萬元；中期趨勢仍向下；20日趨勢尚未上彎；當下除權息調整價未守20日EMA"
421,2477,美隆電,TWSE,其他電子業,不建立部位,保護持有,protect,今天不新增部位；未完成確認前不機械式賣出,今天收盤後；若跌破，再看下一交易日是否收復,已有部位暫停加碼；若收盤跌破60日EMA約 21.84，且下一交易日仍未收復，先減碼三分之一；若ETF或外資繼續轉弱，再分批降低部位。,未觸發明確減碼訊號,61.1,58.9,52.9,85,100,完整,23.1,23.3,27.95,3.73,0.92,49.41,199.41,0.17,26.25,0.9,6.06,1,4,-14,52,80,99,0,-14.976,269.68100000000004,424.41800000000006,-28.372999999999905,3.4,51.956999999999994,79.694,98.872,3,1,1200207,3,16,23.41,-17,-88,-4,,-18.376,214.724,328.724,-138.83200000000005,69.17,77.1,74.1,83.09,false,false,3.86,3.36,"單日成交金額低於5,000萬元；ETF加碼，但外資持股5/10日同步下降；單季稅前獲利對營業外貢獻依賴偏高"
422,6202,盛群,TWSE,半導體業,不建立部位,保護持有,protect,今天不新增部位；未完成確認前不機械式賣出,今天收盤後；若跌破，再看下一交易日是否收復,已有部位暫停加碼；若收盤跌破60日EMA約 58.10，且下一交易日仍未收復，先減碼三分之一；若ETF或外資繼續轉弱，再分批降低部位。,未觸發明確減碼訊號,61.3,58.7,58.4,85,100,完整,58.4,52.7,43.73,18.93,11.26,29.68,345.14,0.94,48.67,3.33,1.16,3,10,30,30,30,-410,0,79.958,1131.6950000000002,1087.835,863.478,10,30,30,-410,2,0,1752000,15.823999999999987,39.02599999999999,16.67,106,1149,1150,,94.455,1085.871,1018.809,1342.579,53.63,72.53,60.03,97.53,false,false,2.04,4.66,"單日成交金額低於5,000萬元；當下除權息調整價未守20日EMA"
423,2423,固緯,TWSE,其他電子業,不建立部位,降低部位,trim,停止加碼；反彈未站回恢復區時分批減碼,每個交易日收盤後，確認是否站回恢復區,已有部位先停止加碼。反彈若仍未站回 73.35，分批降低部位；只有站回且ETF／外資賣壓收斂後才重新評估。,價格跌破60日EMA且20日趨勢向下；外資持股5/10日下降且外資5日賣超,44.6,58.6,74.1,85,100,完整,72,71.7,28.15,23.65,24.89,30.95,250.79,2.49,17.06,3.49,3.47,1,0,0,0,0,0,0,-32.701,-92.59400000000001,-49.59400000000001,-121.30000000000001,0,0,0,0,0,0,0,2,15,4.97,-77,-130,-110,,-32.701,-94.59400000000001,-64.59400000000001,-133.3,42.69,38.69,47.61,20.84,false,true,-1.84,-2.44,"單日成交金額低於5,000萬元；中期趨勢仍向下；外資持股5/10日下降，且外資5日賣超；20日趨勢尚未上彎；當下除權息調整價未守20日EMA"
424,5515,建國,TWSE,建材營造,不建立部位,保護持有,protect,今天不新增部位；未完成確認前不機械式賣出,今天收盤後；若跌破，再看下一交易日是否收復,已有部位暫停加碼；若收盤跌破60日EMA約 48.18，且下一交易日仍未收復，先減碼三分之一；若ETF或外資繼續轉弱，再分批降低部位。,未觸發明確減碼訊號,60.4,58.4,57.6,85,100,完整,52.7,53.5,-4.38,23.08,12.56,54.43,163.72,6.08,5.34,1.82,6.26,2,0,0,0,0,-1,0,-13.975,138.39000000000001,-11.705999999999989,-1016.438,0,0,0,-1,0,0,0,-39.617,-55.766000000000005,13,-216,4,-147,,-20.975,178.00700000000003,44.060000000000045,-892.275,62.17,73.71,54.29,112.55,false,false,3.74,5.61,"單日成交金額低於5,000萬元；20日趨勢尚未上彎；單季稅前獲利對營業外貢獻依賴偏高"
425,3010,華立,TWSE,電子通路業,不建立部位,保護持有,protect,今天不新增部位；未完成確認前不機械式賣出,今天收盤後；若跌破，再看下一交易日是否收復,已有部位暫停加碼；若收盤跌破60日EMA約 125.22，且下一交易日仍未收復，先減碼三分之一；若ETF或外資繼續轉弱，再分批降低部位。,ETF 5/10日同步減碼；外資持股5/10日下降且外資5日賣超,52.9,58.3,55.9,85,100,完整,125,126.5,23.63,20.14,4.04,53.53,149.98,5.93,11.17,1.19,4.24,5,-1,-2,-2,-3,-6,0,-77.897,-210.174,-687.7750000000001,-1124.1950000000002,-1,-2,-30.833,-36.833,0,2,-250000,-6.647,-2.3760000000000012,19.4,-102,-201,-655,,-74.95,-201.52700000000002,-654.566,-1075.9119999999998,49.01,58.57,48.2,79.31,false,false,-0.27,0,"單日成交金額低於5,000萬元；中期趨勢仍向下；ETF短中期同步減碼；ETF 1/3日已轉為減碼；外資持股5/10日下降，且外資5日賣超；20日趨勢尚未上彎"
426,2010,春源,TWSE,鋼鐵工業,不建立部位,保護持有,protect,今天不新增部位；未完成確認前不機械式賣出,今天收盤後；若跌破，再看下一交易日是否收復,已有部位暫停加碼；若收盤跌破60日EMA約 22.37，且下一交易日仍未收復，先減碼三分之一；若ETF或外資繼續轉弱，再分批降低部位。,未觸發明確減碼訊號,58.5,58,54.6,85,100,完整,22.45,22.65,-6.24,4.31,7.89,45.34,176.99,1.35,8.94,1.16,8.91,1,0,0,0,0,0,0,-176.456,637.4440000000001,416.0350000000001,64.90800000000016,0,0,0,0,0,0,0,-49.38,60.686,8.72,-321,472,431,,-173.456,686.8240000000001,355.34900000000005,-24.948999999999984,54.95,65.1,50.6,94.09,false,false,1.27,2.05,"單日成交金額低於5,000萬元；20日趨勢尚未上彎"
427,6279,胡連,TPEX,電子零組件業,不建立部位,降低部位,trim,停止加碼；反彈未站回恢復區時分批減碼,每個交易日收盤後，確認是否站回恢復區,已有部位先停止加碼。反彈若仍未站回 117.89，分批降低部位；只有站回且ETF／外資賣壓收斂後才重新評估。,價格跌破60日EMA且20日趨勢向下；ETF 5/10日同步減碼,43.5,58,67.2,85,100,可用,111.5,113,29.82,14.56,11.54,42.65,146.91,4.4,9.78,1.46,4.93,1,0,-1,-1,-3,-14,0,0.179,0.179,0.179,0.179,0,0,0,0,0,0,0,1.781,1.781,9.53,,,,,-1.602,-1.602,-1.602,-1.602,36.08,49,44.24,58.53,false,false,-2.74,-1.76,"單日成交金額低於5,000萬元；中期趨勢仍向下；ETF短中期同步減碼；外資持股尚未完成5／10日可比核對或期間有非市場異動；此項不給分，不解讀為轉弱；20日趨勢尚未上彎；當下除權息調整價未守20日EMA"
428,9942,茂順,TWSE,其他,不建立部位,降低部位,trim,停止加碼；反彈未站回恢復區時分批減碼,每個交易日收盤後，確認是否站回恢復區,已有部位先停止加碼。反彈若仍未站回 115.72，分批降低部位；只有站回且ETF／外資賣壓收斂後才重新評估。,價格跌破60日EMA且20日趨勢向下；外資持股5/10日下降且外資5日賣超,45.9,58,70.1,85,100,完整,113,114.25,13.63,14.53,24.72,35.21,198.05,4.76,12.38,2.25,6.19,1,0,0,0,0,0,0,-29,-38.231,-77.143,-139.03199999999998,0,0,0,0,0,0,0,0,10,4.56,-29,-41,-99,,-29,-38.231,-87.143,-152.72899999999998,37.5,38.99,51.85,13.28,false,true,-1.1,-1.74,"單日成交金額低於5,000萬元；中期趨勢仍向下；外資持股5/10日下降，且外資5日賣超；20日趨勢尚未上彎；當下除權息調整價未守20日EMA"
429,6189,豐藝,TWSE,電子通路業,不建立部位,保護持有,protect,今天不新增部位；未完成確認前不機械式賣出,今天收盤後；若跌破，再看下一交易日是否收復,已有部位暫停加碼；若收盤跌破60日EMA約 48.49，且下一交易日仍未收復，先減碼三分之一；若ETF或外資繼續轉弱，再分批降低部位。,ETF 5/10日同步減碼,59.1,57.9,49.1,85,100,完整,50.2,50.1,11.83,0.18,4.79,62.16,154.02,2.01,12.4,2.19,5.38,3,0,-3,-3,-9,-33,0,582.868,1355.0870000000002,1949.4560000000001,1944.2340000000004,3,-0.43599999999999994,-5.835,-29.835,1,1,-21887,-16.682999999999996,-2.025999999999996,8.93,433,1208,1988,,586.97,1372.206,1957.317,1985.5910000000001,66.25,88.83,77.41,111.69,false,false,4.29,4.26,"單日成交金額低於5,000萬元；ETF短中期同步減碼"
430,3515,華擎,TWSE,電腦及週邊設備業,不建立部位,保護持有,protect,今天不新增部位；未完成確認前不機械式賣出,今天收盤後；若跌破，再看下一交易日是否收復,已有部位暫停加碼；若收盤跌破60日EMA約 216.92，且下一交易日仍未收復，先減碼三分之一；若ETF或外資繼續轉弱，再分批降低部位。,未觸發明確減碼訊號,57.2,57.8,55.4,85,100,完整,211,223,3.32,16.88,8.04,52.42,174.78,7.1,13.63,2.24,5.21,3,0,0,0,10,33,0,-1.627,70.871,389.988,-2.353999999999786,0,0,9.564,32.564,0,0,0,-41.698,-27.587,8.47,16,30,275,,-1,112.56899999999999,408.01099999999997,75.91599999999977,45.73,58.02,48.59,76.88,false,false,-1.42,-0.47,"單日成交金額低於5,000萬元；中期趨勢仍向下；20日趨勢尚未上彎"
431,1808,潤隆,TWSE,建材營造,不建立部位,降低部位,trim,停止加碼；反彈未站回恢復區時分批減碼,每個交易日收盤後，確認是否站回恢復區,已有部位先停止加碼。反彈若仍未站回 33.84，分批降低部位；只有站回且ETF／外資賣壓收斂後才重新評估。,價格跌破60日EMA且20日趨勢向下；外資持股5/10日下降且外資5日賣超,40.6,57.7,57.4,85,100,完整,31.6,31.95,33032.93,13849.62,22.07,73.55,166.02,2.52,7.47,2.04,4.75,2,0,0,0,-126,1033,0,-281,-966.65,586.3040000000001,-2073.242,0,-329,-455,1715,0,1,-10396400,-363,-276,4.08,-514,-2157,-338,,-297,-274.65,1317.304,-3658.2419999999997,38.34,18.36,30.11,-5.15,false,true,-6.61,-11.98,"單日成交金額低於5,000萬元；中期趨勢仍向下；外資持股5/10日下降，且外資5日賣超；20日趨勢尚未上彎；當下除權息調整價未守20日EMA"
432,1615,大山,TWSE,電器電纜,不建立部位,保護持有,protect,今天不新增部位；未完成確認前不機械式賣出,今天收盤後；若跌破，再看下一交易日是否收復,已有部位暫停加碼；若收盤跌破60日EMA約 43.71，且下一交易日仍未收復，先減碼三分之一；若ETF或外資繼續轉弱，再分批降低部位。,價格跌破60日EMA且20日趨勢向下,44.5,57.6,74.5,85,100,完整,42.6,42.83,20.26,5.24,18.84,29.01,226.5,2.53,8.24,1.78,6.1,1,0,0,0,0,0,0,-47,28,5.036000000000001,-35.716,0,0,0,0,0,0,0,2,35,0.97,-46,-16,-137,,-47,26,-29.964,-63.716,36.74,18.46,20.96,13.48,false,true,-1.62,-0.23,"單日成交金額低於5,000萬元；中期趨勢仍向下；20日趨勢尚未上彎；當下除權息調整價未守20日EMA"
433,5269,祥碩,TWSE,半導體業,不建立部位,優先降低風險,risk,依風險與流動性分批降低部位,風險解除且基本面與趨勢重新確認後,已有部位應優先降低曝險；目前觸發「單月與累計營收同步明顯衰退」。待事件解除或基本面重新確認後再評估。,單月與累計營收同步明顯衰退,64.8,57.6,61.2,85,100,可用,1475,1490,-32.51,-6.92,23.41,17.16,178.89,52.07,15.73,3.05,3.08,17,-1,8,7,64,239,0,33.161,63.972,1388.0959999999998,1126.5219999999995,-1,7,64.587,240.37099999999998,1,3,10325000,-31.551,35.00699999999999,10.49,-29,67,1219,,24.084,88.523,1288.5020000000002,935.1900000000002,56.39,83.27,78.62,92.58,false,false,2.11,-1.34,營收動能同步衰退；累計營收負成長且當月改善不足；單季稅前獲利對營業外貢獻依賴偏高
434,2362,藍天,TWSE,電腦及週邊設備業,不建立部位,保護持有,protect,今天不新增部位；未完成確認前不機械式賣出,今天收盤後；若跌破，再看下一交易日是否收復,已有部位暫停加碼；若收盤跌破60日EMA約 46.43，且下一交易日仍未收復，先減碼三分之一；若ETF或外資繼續轉弱，再分批降低部位。,外資持股5/10日下降且外資5日賣超,49.5,57.4,56.1,85,100,完整,46.7,46.8,12.1,13.15,5.93,57.37,114.49,4.05,7.68,0.58,4.28,2,0,0,0,0,0,0,-266.972,-309.834,-35.660000000000004,-29.19799999999995,0,0,0,0,0,0,0,5.777,35.694,10.65,-416,-539,-262,,-268.774,-315.611,-71.35399999999998,-45.813000000000045,45.82,45.46,51.47,33.44,false,true,-1.75,-3.41,"單日成交金額低於5,000萬元；外資持股5/10日下降，且外資5日賣超；20日趨勢尚未上彎；當下除權息調整價未守20日EMA；單季稅前獲利對營業外貢獻依賴偏高"
435,6146,耕興,TPEX,其他電子業,不建立部位,降低部位,trim,停止加碼；反彈未站回恢復區時分批減碼,每個交易日收盤後，確認是否站回恢復區,已有部位先停止加碼。反彈若仍未站回 188.83，分批降低部位；只有站回且ETF／外資賣壓收斂後才重新評估。,價格跌破60日EMA且20日趨勢向下；ETF 5/10日同步減碼,47.5,57.4,72.7,85,100,可用,180,182.5,10.46,9.51,30.97,34.5,233.06,6.04,15.78,3.43,6.67,3,-1,-1,-1,-1,-2,0,46.935,46.935,46.935,46.935,-1,-1,-1,-1,0,1,-180000,-0.065,-0.065,30.8,,,,,48,48,48,48,40.85,70.42,56.47,98.32,false,false,-1.13,0.84,"單日成交金額低於5,000萬元；中期趨勢仍向下；ETF短中期同步減碼；ETF 1/3日已轉為減碼；外資持股尚未完成5／10日可比核對或期間有非市場異動；此項不給分，不解讀為轉弱；20日趨勢尚未上彎"
436,8131,福懋科,TWSE,半導體業,不建立部位,降低部位,trim,停止加碼；反彈未站回恢復區時分批減碼,每個交易日收盤後，確認是否站回恢復區,已有部位先停止加碼。反彈若仍未站回 63.55，分批降低部位；只有站回且ETF／外資賣壓收斂後才重新評估。,價格跌破60日EMA且20日趨勢向下；ETF 5/10日同步減碼；外資持股5/10日下降且外資5日賣超,47.9,57.3,65.6,85,100,完整,61.6,61.6,29.25,37.5,15.72,21.17,277.62,1.93,17.86,1.77,1.62,3,0,-1,-1,-1,-1,0,161.95,-1301.5059999999999,-1788.0239999999997,-5537.751,0,-1,-1,-1,0,1,-61600,-1.2840000000000003,19.711999999999996,2.93,185,-1075,-1306,,161.762,-1299.2220000000002,-1806.736,-5518.197,49.51,57.68,48.33,76.38,false,false,0.42,0.49,"單日成交金額低於5,000萬元；中期趨勢仍向下；ETF短中期同步減碼；外資持股5/10日下降，且外資5日賣超；20日趨勢尚未上彎"
437,6192,巨路,TWSE,其他電子業,不建立部位,降低部位,trim,停止加碼；反彈未站回恢復區時分批減碼,每個交易日收盤後，確認是否站回恢復區,已有部位先停止加碼。反彈若仍未站回 115.05，分批降低部位；只有站回且ETF／外資賣壓收斂後才重新評估。,價格跌破60日EMA且20日趨勢向下；外資持股5/10日下降且外資5日賣超,43.6,57.2,72.8,85,100,完整,109.5,110,12.99,12.56,17.09,39.96,228.04,5.3,10.59,1.4,5.3,1,0,0,0,0,0,0,-43.05,-84.38,-97.82199999999999,-490.81600000000003,0,0,0,0,0,0,0,-1.25,3.288,23.53,-68,-102,-129,,-43,-83.13,-101.11,-490.755,35.88,34.37,37.29,28.52,false,true,-2.36,-1.79,"單日成交金額低於5,000萬元；中期趨勢仍向下；外資持股5/10日下降，且外資5日賣超；20日趨勢尚未上彎；當下除權息調整價未守20日EMA"
438,8462,柏文,TWSE,運動休閒,不建立部位,降低部位,trim,停止加碼；反彈未站回恢復區時分批減碼,每個交易日收盤後，確認是否站回恢復區,已有部位先停止加碼。反彈若仍未站回 162.51，分批降低部位；只有站回且ETF／外資賣壓收斂後才重新評估。,價格跌破60日EMA且20日趨勢向下；外資持股5/10日下降且外資5日賣超,47.4,57.1,45.9,85,100,完整,157,160,16.75,19.49,17.59,81.24,78.24,5.68,15.04,5.24,4.64,1,0,0,0,0,0,0,-23.112,-68.382,-145.09300000000002,-418.515,0,0,0,0,0,0,0,0.34,4.951,5.38,-23,-91,-178,,-23.082,-68.72200000000001,-150.04399999999998,-425.35999999999996,36.3,22.13,24.4,17.58,false,true,-3.39,-3.09,"單日成交金額低於5,000萬元；中期趨勢仍向下；外資持股5/10日下降，且外資5日賣超；20日趨勢尚未上彎；當下除權息調整價未守20日EMA"
439,8938,明安,TPEX,運動休閒,不建立部位,保護持有,protect,今天不新增部位；未完成確認前不機械式賣出,今天收盤後；若跌破，再看下一交易日是否收復,已有部位暫停加碼；若收盤跌破60日EMA約 53.01，且下一交易日仍未收復，先減碼三分之一；若ETF或外資繼續轉弱，再分批降低部位。,未觸發明確減碼訊號,56.1,57.1,56.1,85,100,可用,52.7,52.45,17.8,-3.04,3,40.38,202.65,1.34,10.04,1.06,7.59,1,4,-17,60,93,209,0,6.956,6.956,6.956,6.956,3.956,3.956,3.956,3.956,1,0,208481,0,0,6.69,,,,,3,3,3,3,53.26,75.09,68.04,89.21,false,false,1.06,4.56,"單日成交金額低於5,000萬元；外資持股尚未完成5／10日可比核對或期間有非市場異動；此項不給分，不解讀為轉弱"
440,9911,櫻花,TWSE,居家生活,不建立部位,降低部位,trim,停止加碼；反彈未站回恢復區時分批減碼,每個交易日收盤後，確認是否站回恢復區,已有部位先停止加碼。反彈若仍未站回 82.37，分批降低部位；只有站回且ETF／外資賣壓收斂後才重新評估。,價格跌破60日EMA且20日趨勢向下；外資持股5/10日下降且外資5日賣超,51.6,57.1,60.8,85,100,完整,81.6,81.65,6.79,6.77,15.65,37.15,166.9,3.26,12.65,2.75,6.13,2,0,1,1,1,1,0,54.026,-75.97399999999999,-523.9739999999999,-1283.138,0,3,14,14,3,0,244800,0,21,18.18,59,-24,-498,,56.026,-78.97399999999999,-558.9739999999999,-1300.138,45.1,32.02,31.26,33.53,true,true,-0.22,-0.49,"單日成交金額低於5,000萬元；中期趨勢仍向下；外資持股5/10日下降，且外資5日賣超；20日趨勢尚未上彎；當下除權息調整價未守20日EMA"
441,2731,雄獅,TWSE,觀光餐旅,不建立部位,保護持有,protect,今天不新增部位；未完成確認前不機械式賣出,今天收盤後；若跌破，再看下一交易日是否收復,已有部位暫停加碼；若收盤跌破60日EMA約 145.69，且下一交易日仍未收復，先減碼三分之一；若ETF或外資繼續轉弱，再分批降低部位。,價格跌破60日EMA且20日趨勢向下,50.3,56.9,52.1,85,100,完整,143,144.25,6.99,9.93,4.43,65.83,134.89,7.27,8.8,2.99,8.95,2,0,0,0,-3,4,0,20.885,124.59899999999999,96.995,-173.808,0,0,-3.1349999999999993,3.781000000000001,0,0,0,0.359,7.492000000000001,8.12,-125,-115,-158,,21.014,124.24000000000001,92.63800000000002,-187.981,47.77,73.93,69.65,82.49,false,false,-0.18,0,"單日成交金額低於5,000萬元；中期趨勢仍向下；20日趨勢尚未上彎"
442,2459,敦吉,TWSE,其他電子業,不建立部位,降低部位,trim,停止加碼；反彈未站回恢復區時分批減碼,每個交易日收盤後，確認是否站回恢復區,已有部位先停止加碼。反彈若仍未站回 65.77，分批降低部位；只有站回且ETF／外資賣壓收斂後才重新評估。,價格跌破60日EMA且20日趨勢向下；外資持股5/10日下降且外資5日賣超,43.2,56.8,73.3,85,100,完整,64.9,65,15.37,11.74,15.75,34.67,199.27,3.19,11.61,1.15,6.47,1,0,0,0,0,0,0,-13,-81,-103.05,-108,0,0,0,0,0,0,0,1,20,15.43,-43,-112,-164,,-13,-82,-123.05,-120.00000000000001,35.3,24,31.6,8.81,false,true,-1.17,-0.76,"單日成交金額低於5,000萬元；中期趨勢仍向下；外資持股5/10日下降，且外資5日賣超；20日趨勢尚未上彎；當下除權息調整價未守20日EMA"
443,1342,八貫,TWSE,其他,不建立部位,保護持有,protect,今天不新增部位；未完成確認前不機械式賣出,今天收盤後；若跌破，再看下一交易日是否收復,已有部位暫停加碼；若收盤跌破60日EMA約 102.83，且下一交易日仍未收復，先減碼三分之一；若ETF或外資繼續轉弱，再分批降低部位。,價格跌破60日EMA且20日趨勢向下,49.7,56.7,60.1,85,100,完整,101,101,62.83,37.04,18.32,41.09,208.83,4.1,14.29,3.5,5.94,1,0,0,0,0,-2,0,-1.17,64.31099999999999,70.949,-356.74499999999995,0,0,0,-2,0,0,0,2.623,-3.4750000000000005,31.59,-27,-86,-132,,-2.352,61.688,74.424,-339.476,46.1,58.95,52.74,71.39,false,false,-0.38,-0.98,"單日成交金額低於5,000萬元；中期趨勢仍向下；20日趨勢尚未上彎；當下除權息調整價未守20日EMA"
444,2547,日勝生,TWSE,建材營造,不建立部位,降低部位,trim,停止加碼；反彈未站回恢復區時分批減碼,每個交易日收盤後，確認是否站回恢復區,已有部位先停止加碼。反彈若仍未站回 10.18，分批降低部位；只有站回且ETF／外資賣壓收斂後才重新評估。,價格跌破60日EMA且20日趨勢向下；外資持股5/10日下降且外資5日賣超,52,56.2,44,85,100,完整,9.85,9.9,81.23,63.45,17.73,77.43,77.87,0.01,82.08,0.76,8.12,1,25,-104,383,588,688,0,120.875,-314.57099999999997,-417.6539999999999,-1874.5859999999998,44.08,402.27199999999993,606.8719999999998,706.865,3,1,3962379,11.795,68.75,13.67,-208,-781,-894,,77,-728.638,-1093.276,-2569.193,43.37,51.2,52.22,49.17,false,true,-0.96,-2.48,"單日成交金額低於5,000萬元；中期趨勢仍向下；外資持股5/10日下降，且外資5日賣超；20日趨勢尚未上彎；當下除權息調整價未守20日EMA"
445,6703,軒郁,TPEX,生技醫療業,不建立部位,保護持有,protect,今天不新增部位；未完成確認前不機械式賣出,今天收盤後；若跌破，再看下一交易日是否收復,已有部位暫停加碼；若收盤跌破60日EMA約 102.57，且下一交易日仍未收復，先減碼三分之一；若ETF或外資繼續轉弱，再分批降低部位。,價格跌破60日EMA且20日趨勢向下,47.7,56.2,61.9,85,100,可用,100,99.95,1.83,13.89,10.87,44.41,224.81,4.13,9.74,2.55,1,1,1,-4,15,23,38,0,-3.03,-3.03,-3.03,-3.03,0.97,0.97,0.97,0.97,1,0,97000,0,0,14.17,,,,,-4,-4,-4,-4,37.9,38.85,43.6,29.35,false,true,-1.28,-0.99,"單日成交金額低於5,000萬元；中期趨勢仍向下；外資持股尚未完成5／10日可比核對或期間有非市場異動；此項不給分，不解讀為轉弱；20日趨勢尚未上彎；當下除權息調整價未守20日EMA"
446,6585,鼎基,TWSE,其他,不建立部位,降低部位,trim,停止加碼；反彈未站回恢復區時分批減碼,每個交易日收盤後，確認是否站回恢復區,已有部位先停止加碼。反彈若仍未站回 111.87，分批降低部位；只有站回且ETF／外資賣壓收斂後才重新評估。,價格跌破60日EMA且20日趨勢向下；外資持股5/10日下降且外資5日賣超,45.8,56.1,67.6,85,100,完整,103.5,104.5,12.09,17.34,25.03,26.52,175.41,4.81,13.34,1.9,4.35,1,0,0,0,0,-2,0,-1,-36.923,-1.0429999999999993,-344.47200000000004,0,0,0,-2,0,0,0,0.89,-15.999999999999998,3.02,-1,-37,-29,,-1,-37.813,14.956999999999997,-324.308,36.2,54.05,54.76,52.62,false,true,-3.54,-1.9,"單日成交金額低於5,000萬元；中期趨勢仍向下；外資持股5/10日下降，且外資5日賣超；20日趨勢尚未上彎；當下除權息調整價未守20日EMA"
447,4583,台灣精銳,TWSE,電機機械,不建立部位,降低部位,trim,停止加碼；反彈未站回恢復區時分批減碼,每個交易日收盤後，確認是否站回恢復區,已有部位先停止加碼。反彈若仍未站回 497.18，分批降低部位；只有站回且ETF／外資賣壓收斂後才重新評估。,價格跌破60日EMA且20日趨勢向下；ETF 5/10日同步減碼；外資持股5/10日下降且外資5日賣超,44,55.7,70.5,85,100,完整,429,437.25,23.63,15.97,34.42,10.76,1265.54,6.81,31.85,3.46,2.33,1,0,0,-1,-4,-34,0,-8,-28.778000000000002,1.0929999999999946,-98.46799999999999,0,-0.859,-16.859,-46.859,0,1,-368511,-1.033,2.9269999999999996,2.35,-12,-43,-9,,-7,-26.886,15.025,-51.029,36.64,35.94,28.67,50.49,false,false,-3.17,-0.58,"單日成交金額低於5,000萬元；中期趨勢仍向下；ETF短中期同步減碼；外資持股5/10日下降，且外資5日賣超；20日趨勢尚未上彎；當下除權息調整價未守20日EMA"
448,2243,宏旭-KY,TWSE,汽車工業,不建立部位,保護持有,protect,今天不新增部位；未完成確認前不機械式賣出,今天收盤後；若跌破，再看下一交易日是否收復,已有部位暫停加碼；若收盤跌破60日EMA約 45.12，且下一交易日仍未收復，先減碼三分之一；若ETF或外資繼續轉弱，再分批降低部位。,外資持股5/10日下降且外資5日賣超,56.6,55.6,34,85,100,完整,50.5,50.5,106.44,34.09,2.46,69.45,133.26,0.33,48.1,3.65,,1,0,0,0,0,-3,0,-38.999,-181.57999999999998,-278.024,-808.453,0,0,0,-3,0,0,0,1.706,3.263,26.74,-37,-165,-261,,-40.999,-183.286,-281.28700000000003,-809.4530000000002,58.09,48.41,58.24,28.74,false,true,4.48,2.85,"單日成交金額低於5,000萬元；外資持股5/10日下降，且外資5日賣超"
449,4123,晟德,TPEX,生技醫療業,不建立部位,保護持有,protect,今天不新增部位；未完成確認前不機械式賣出,今天收盤後；若跌破，再看下一交易日是否收復,已有部位暫停加碼；若收盤跌破60日EMA約 32.98，且下一交易日仍未收復，先減碼三分之一；若ETF或外資繼續轉弱，再分批降低部位。,價格跌破60日EMA且20日趨勢向下,46.5,55.6,59.2,85,100,可用,31,31.08,61.53,22.2,51.98,28.42,184.68,-11.24,23.31,1.36,7.24,1,0,0,0,0,-618,0,405.315,405.315,405.315,405.315,0,0,0,0,0,0,0,-25.021,-25.021,9.34,,,,,430.336,430.336,430.336,430.336,44.02,75.19,78.28,69,false,true,-0.45,0.32,"單日成交金額低於5,000萬元；中期趨勢仍向下；外資持股尚未完成5／10日可比核對或期間有非市場異動；此項不給分，不解讀為轉弱；20日趨勢尚未上彎；當下除權息調整價未守20日EMA"
450,8341,日友,TWSE,綠能環保,不建立部位,降低部位,trim,停止加碼；反彈未站回恢復區時分批減碼,每個交易日收盤後，確認是否站回恢復區,已有部位先停止加碼。反彈若仍未站回 75.67，分批降低部位；只有站回且ETF／外資賣壓收斂後才重新評估。,價格跌破60日EMA且20日趨勢向下；外資持股5/10日下降且外資5日賣超,46.5,55.6,65.8,85,100,完整,74.3,75.2,3.97,15.68,29.81,43.1,112.4,2.97,14.18,1.81,5.38,1,0,0,0,0,0,0,-24,-14.041,-72.944,-371.992,0,0,0,0,0,0,0,1.7329999999999999,17.691,5.28,-99,-51,-138,,-24,-15.774000000000001,-90.635,-386.06500000000005,39.88,35.62,39.57,27.73,false,true,-0.79,-1.33,"單日成交金額低於5,000萬元；中期趨勢仍向下；外資持股5/10日下降，且外資5日賣超；20日趨勢尚未上彎"
451,2497,怡利電,TWSE,汽車工業,不建立部位,降低部位,trim,停止加碼；反彈未站回恢復區時分批減碼,每個交易日收盤後，確認是否站回恢復區,已有部位先停止加碼。反彈若仍未站回 47.66，分批降低部位；只有站回且ETF／外資賣壓收斂後才重新評估。,價格跌破60日EMA且20日趨勢向下；外資持股5/10日下降且外資5日賣超,50.7,55.5,51.5,85,100,完整,43.6,44.55,17.29,19.77,8.69,55.57,125.63,1.59,13.67,1.95,4.59,1,0,5,5,35,115,0,-24.568,-169.47400000000002,-244.45000000000002,-748.49,0,5,35,115,1,0,218000,1.0219999999999998,-9.501,2.69,-34,-93,-60,,-25.438,-175.49599999999998,-269.94899999999996,-849.226,40.79,54.62,52.98,57.9,false,false,-1.27,-1.69,"單日成交金額低於5,000萬元；中期趨勢仍向下；外資持股5/10日下降，且外資5日賣超；20日趨勢尚未上彎"
452,3374,精材,TPEX,半導體業,不建立部位,優先降低風險,risk,依風險與流動性分批降低部位,風險解除且基本面與趨勢重新確認後,已有部位應優先降低曝險；目前觸發「ETF 5/10日同步減碼」。待事件解除或基本面重新確認後再評估。,ETF 5/10日同步減碼；處置或交易限制事件,50.7,55.5,42.9,85,100,可用,455,473,36.74,33.24,22.9,46.4,178.27,2.88,71.43,12.52,0.55,4,-3,-3,-3,-102,47,0,695.817,695.817,695.817,695.817,-2.428,-2.428,-2.428,-2.428,0,1,-1104740,478.723,478.723,19.73,,,,,219.522,219.522,219.522,219.522,57.9,59.02,56.19,64.69,false,false,5.07,2.36,處置或交易限制風險；ETF短中期同步減碼；20日累積後5日轉為調節；ETF 1/3日已轉為減碼；外資持股尚未完成5／10日可比核對或期間有非市場異動；此項不給分，不解讀為轉弱
453,5522,遠雄,TWSE,建材營造,不建立部位,降低部位,trim,停止加碼；反彈未站回恢復區時分批減碼,每個交易日收盤後，確認是否站回恢復區,已有部位先停止加碼。反彈若仍未站回 64.11，分批降低部位；只有站回且ETF／外資賣壓收斂後才重新評估。,價格跌破60日EMA且20日趨勢向下；外資持股5/10日下降且外資5日賣超,45.4,55.5,70,85,100,完整,60.7,60.7,-46.74,85.24,23.71,56.27,172.19,1.99,6.05,1,9.06,4,6,-32,113,-521,-503,0,-35.903,-951.5160000000001,-3211.4849999999997,-3919.741,9.519,119.90400000000001,-428.75700000000006,-412.60800000000006,3,1,7278173,111,193,4.2,-159,-1303,-2756,,-67.422,-1182.42,-2975.728,-3781.9420000000005,39.84,30.68,33.73,24.57,false,true,-1.97,-2.41,"單日成交金額低於5,000萬元；中期趨勢仍向下；外資持股5/10日下降，且外資5日賣超；20日趨勢尚未上彎；當下除權息調整價未守20日EMA"
454,6277,宏正,TWSE,電腦及週邊設備業,不建立部位,降低部位,trim,停止加碼；反彈未站回恢復區時分批減碼,每個交易日收盤後，確認是否站回恢復區,已有部位先停止加碼。反彈若仍未站回 78.18，分批降低部位；只有站回且ETF／外資賣壓收斂後才重新評估。,價格跌破60日EMA且20日趨勢向下；外資持股5/10日下降且外資5日賣超,44.6,55.5,68.9,85,100,完整,76.7,76.2,17.1,15.48,15.5,33.78,205.16,2.5,18.53,1.91,4.56,2,0,0,0,0,0,0,-8,-26.933,12.180999999999992,-51.60200000000002,0,0,0,0,0,0,0,1,-41.3,12.4,-165,-288,-178,,-8,-27.933,53.480999999999995,12.174,43.29,43.69,49.21,32.65,false,true,-1.89,-2.79,"單日成交金額低於5,000萬元；中期趨勢仍向下；外資持股5/10日下降，且外資5日賣超；20日趨勢尚未上彎；當下除權息調整價未守20日EMA"
455,1726,永記,TWSE,化學工業,不建立部位,保護持有,protect,今天不新增部位；未完成確認前不機械式賣出,今天收盤後；若跌破，再看下一交易日是否收復,已有部位暫停加碼；若收盤跌破60日EMA約 77.24，且下一交易日仍未收復，先減碼三分之一；若ETF或外資繼續轉弱，再分批降低部位。,外資持股5/10日下降且外資5日賣超,47.8,55.4,70.4,85,100,完整,76.2,78.05,0.15,3.8,13.07,18.14,405.41,3.66,11.89,1.17,4.86,1,0,0,0,0,0,0,-9,-88,-96.973,-164.952,0,0,0,0,0,0,0,1,5,12.53,-9,-89,-105,,-9,-89,-101.973,-167.952,37.88,12.08,19.2,-2.17,false,false,-0.91,-0.91,"單日成交金額低於5,000萬元；中期趨勢仍向下；外資持股5/10日下降，且外資5日賣超；20日趨勢尚未上彎"
456,1723,中碳,TWSE,化學工業,不建立部位,降低部位,trim,停止加碼；反彈未站回恢復區時分批減碼,每個交易日收盤後，確認是否站回恢復區,已有部位先停止加碼。反彈若仍未站回 83.85，分批降低部位；只有站回且ETF／外資賣壓收斂後才重新評估。,價格跌破60日EMA且20日趨勢向下；外資持股5/10日下降且外資5日賣超,46,55.3,58.4,85,100,完整,80,80.1,46.94,15.22,14.62,32.06,176.63,2.07,25.72,2.32,2.31,1,0,0,0,1,142,0,-227.845,-599.9,-1280.35,-3434.2989999999995,0,0,1,142,0,0,0,-0.2489999999999999,-67.566,8.86,-214,-356,-226,,-223.651,-599.6510000000001,-1213.784,-3450.83,33.66,13.36,15.38,9.31,false,true,-2.71,-0.74,"單日成交金額低於5,000萬元；中期趨勢仍向下；外資持股5/10日下降，且外資5日賣超；20日趨勢尚未上彎；當下除權息調整價未守20日EMA"
457,6561,是方,TPEX,通信網路業,不建立部位,保護持有,protect,今天不新增部位；未完成確認前不機械式賣出,今天收盤後；若跌破，再看下一交易日是否收復,已有部位暫停加碼；若收盤跌破60日EMA約 323.10，且下一交易日仍未收復，先減碼三分之一；若ETF或外資繼續轉弱，再分批降低部位。,價格跌破60日EMA且20日趨勢向下,48.2,55.3,55.3,85,100,可用,308.5,315.75,16.38,1.88,37.23,53.51,68.34,7.57,20.54,7.28,4.63,3,0,0,0,4,16,0,-11.107,-11.107,-11.107,-11.107,-5.9,-5.9,-5.9,-5.9,0,1,-1820150,11.793,11.793,7.38,,,,,-17,-17,-17,-17,35.7,32.64,37.13,23.65,false,true,-2.13,-2.68,"單日成交金額低於5,000萬元；中期趨勢仍向下；外資持股尚未完成5／10日可比核對或期間有非市場異動；此項不給分，不解讀為轉弱；20日趨勢尚未上彎"
458,6913,鴻呈,TPEX,電子零組件業,不建立部位,保護持有,protect,今天不新增部位；未完成確認前不機械式賣出,今天收盤後；若跌破，再看下一交易日是否收復,已有部位暫停加碼；若收盤跌破60日EMA約 133.92，且下一交易日仍未收復，先減碼三分之一；若ETF或外資繼續轉弱，再分批降低部位。,價格跌破60日EMA且20日趨勢向下,45.1,55,59.4,85,100,可用,127,128.75,25.04,35.39,13.78,51.27,228.81,4.11,19.33,3.18,1.97,1,0,0,0,0,0,0,-7.281,-7.281,-7.281,-7.281,0,0,0,0,0,0,0,-1.487,-1.487,5.08,,,,,-5.794,-5.794,-5.794,-5.794,39.55,47.04,46.46,48.19,false,false,-4.28,-2.68,"單日成交金額低於5,000萬元；中期趨勢仍向下；外資持股尚未完成5／10日可比核對或期間有非市場異動；此項不給分，不解讀為轉弱；20日趨勢尚未上彎；當下除權息調整價未守20日EMA"
459,8114,振樺電,TWSE,電腦及週邊設備業,不建立部位,降低部位,trim,停止加碼；反彈未站回恢復區時分批減碼,每個交易日收盤後，確認是否站回恢復區,已有部位先停止加碼。反彈若仍未站回 193.72，分批降低部位；只有站回且ETF／外資賣壓收斂後才重新評估。,價格跌破60日EMA且20日趨勢向下；ETF 5/10日同步減碼,45.1,55,67.3,85,100,完整,179,180.5,38.75,-14.2,18.27,38.04,165.47,7.09,12.76,1.94,6.41,3,-2,-3,-3,-3,-5,0,16.902,-61.31599999999999,56.25700000000001,-1177.532,-2,-3,-3,-523,0,2,-537000,-0.06200000000000008,5.288,13.95,32,32,230,,17.99,-58.254000000000005,53.96899999999999,-652.981,40.81,41.14,28.16,67.1,true,true,-2.08,0,"單日成交金額低於5,000萬元；中期趨勢仍向下；ETF短中期同步減碼；ETF 1/3日已轉為減碼；20日趨勢尚未上彎；當下除權息調整價未守20日EMA"
460,9917,中保科,TWSE,其他,不建立部位,保護持有,protect,今天不新增部位；未完成確認前不機械式賣出,今天收盤後；若跌破，再看下一交易日是否收復,已有部位暫停加碼；若收盤跌破60日EMA約 105.47，且下一交易日仍未收復，先減碼三分之一；若ETF或外資繼續轉弱，再分批降低部位。,ETF 5/10日同步減碼,54.1,55,44.9,85,100,可用,105.5,105.5,4.4,2.38,17.46,58.36,98.74,3.35,15.38,3.73,5.88,7,0,-1,-1,-348,-304,0,-77.695,-333.73,-220.214,-1182.0629999999999,1,2,-300,-259,3,1,211000,15,33,39.26,-54,8526,9021,,-88.695,-350.73,46.786,-880.063,48.27,31.86,42.61,10.36,false,false,-0.44,-2.76,"單日成交金額低於5,000萬元；ETF短中期同步減碼；外資持股尚未完成5／10日可比核對或期間有非市場異動；此項不給分，不解讀為轉弱；當下除權息調整價未守20日EMA"
461,9935,慶豐富,TWSE,居家生活,不建立部位,降低部位,trim,停止加碼；反彈未站回恢復區時分批減碼,每個交易日收盤後，確認是否站回恢復區,已有部位先停止加碼。反彈若仍未站回 19.15，分批降低部位；只有站回且ETF／外資賣壓收斂後才重新評估。,價格跌破60日EMA且20日趨勢向下；外資持股5/10日下降且外資5日賣超,49.2,54.9,54,85,100,完整,18.2,18.25,-4.68,6.4,11.62,70.48,125.46,1.12,7.37,1.19,6.59,1,5,-17,64,98,120,0,-74.429,-120.61,-386.71999999999997,-1356.1090000000002,4.183,63.922,98.044,119.977,3,1,1163380,2,12,6.01,-75,-175,-452,,-78.612,-186.53199999999998,-496.764,-1461.0860000000002,35.37,51.64,36.35,82.23,false,false,-2.65,-0.27,"單日成交金額低於5,000萬元；中期趨勢仍向下；外資持股5/10日下降，且外資5日賣超；20日趨勢尚未上彎；當下除權息調整價未守20日EMA"
462,3209,全科,TWSE,電子通路業,不建立部位,保護持有,protect,今天不新增部位；未完成確認前不機械式賣出,今天收盤後；若跌破，再看下一交易日是否收復,已有部位暫停加碼；若收盤跌破60日EMA約 49.80，且下一交易日仍未收復，先減碼三分之一；若ETF或外資繼續轉弱，再分批降低部位。,價格跌破60日EMA且20日趨勢向下,42.7,54.5,53.3,85,100,可用,45.5,45.95,27.44,42.65,2.95,74.58,145.9,3.28,7.6,1.9,5.49,1,0,0,0,0,0,0,-339.063,-434.34999999999997,-67.22999999999998,-5036.898999999999,0,0,0,0,0,0,0,1,-43.101,12.13,-630,1001,1622,,-337.894,-435.34999999999997,-24.128999999999962,-4692.222,39.33,66.45,60.4,78.54,false,false,-1.83,-0.66,"單日成交金額低於5,000萬元；中期趨勢仍向下；外資持股尚未完成5／10日可比核對或期間有非市場異動；此項不給分，不解讀為轉弱；20日趨勢尚未上彎；當下除權息調整價未守20日EMA"
463,2474,可成,TWSE,其他電子業,不建立部位,優先降低風險,risk,依風險與流動性分批降低部位,風險解除且基本面與趨勢重新確認後,已有部位應優先降低曝險；目前觸發「外資持股5/10日下降且外資5日賣超」。待事件解除或基本面重新確認後再評估。,外資持股5/10日下降且外資5日賣超；單月與累計營收同步明顯衰退,64.4,54.4,55.2,85,100,完整,205.5,205.5,-40.46,-33.11,4.51,38.16,133.88,5.14,13.67,0.8,5,23,8,744,693,2552,3237,0,-606.847,-2102.823,-2617.96,-2613.744,-6,641.999,2517.5950000000003,3340.5950000000003,3,2,131930795,39.559,154.03999999999996,13.58,-488,-2820,-4494,,-622.143,-2784.381,-5289.594999999999,-5804.7199999999975,49.38,46.75,56.72,26.82,false,true,-0.56,-1.91,營收動能同步衰退；累計營收負成長且當月改善不足；外資持股5/10日下降，且外資5日賣超；當下除權息調整價未守20日EMA；單季稅前獲利對營業外貢獻依賴偏高
464,9802,鈺齊-KY,TWSE,運動休閒,不建立部位,降低部位,trim,停止加碼；反彈未站回恢復區時分批減碼,每個交易日收盤後，確認是否站回恢復區,已有部位先停止加碼。反彈若仍未站回 70.18，分批降低部位；只有站回且ETF／外資賣壓收斂後才重新評估。,價格跌破60日EMA且20日趨勢向下；ETF 5/10日同步減碼；投信5/10日持續且具金額意義地賣超,42.9,54.3,56.9,85,100,完整,64.7,64.2,35.31,8.32,5.03,39.53,126.09,1.78,12.76,0.96,7.88,2,0,-120,-340,-465,662,-340,194.416,-156.12300000000002,-280.83799999999997,-1795.1860000000001,0,-340,-524,595,0,4,-21998000,-212.539,-200.12800000000001,41.6,-325,-357,-15,,203.416,396.416,443.29,-2354.4640000000004,37.04,38.08,25.9,62.46,true,false,-2.79,-0.31,"單日成交金額低於5,000萬元；中期趨勢仍向下；ETF短中期同步減碼；主動ETF 5日轉為減碼；投信5/10日持續且具金額意義的賣超；20日趨勢尚未上彎；當下除權息調整價未守20日EMA"
465,1232,大統益,TWSE,食品工業,不建立部位,保護持有,protect,今天不新增部位；未完成確認前不機械式賣出,今天收盤後；若跌破，再看下一交易日是否收復,已有部位暫停加碼；若收盤跌破60日EMA約 154.04，且下一交易日仍未收復，先減碼三分之一；若ETF或外資繼續轉弱，再分批降低部位。,價格跌破60日EMA且20日趨勢向下,48.9,54.2,50.5,85,100,完整,154,153.75,34.56,16.57,8.36,46.42,205.52,4.71,17.05,4.47,4.68,1,0,0,0,0,0,0,-16.988,2.5900000000000016,-41.104,61.57600000000001,0,0,-23,-28,0,0,0,2,16,2.83,-17,-33,-128,,-16.988,0.590000000000002,-34.10399999999999,77.641,44.36,30.82,32.87,26.7,true,true,-0.7,-0.96,"單日成交金額低於5,000萬元；中期趨勢仍向下；20日趨勢尚未上彎；當下除權息調整價未守20日EMA"
466,2707,晶華,TWSE,觀光餐旅,不建立部位,降低部位,trim,停止加碼；反彈未站回恢復區時分批減碼,每個交易日收盤後，確認是否站回恢復區,已有部位先停止加碼。反彈若仍未站回 178.34，分批降低部位；只有站回且ETF／外資賣壓收斂後才重新評估。,價格跌破60日EMA且20日趨勢向下；外資持股5/10日下降且外資5日賣超,43.1,54.2,57.4,85,100,完整,175,176,7.58,5.56,27.28,57.65,154.04,8.62,12.12,5.73,6.14,1,0,0,0,0,0,0,-95.37,-26.604,-167.766,-575.788,0,0,-21,-26,0,0,0,1.09,9.739999999999998,6.82,-98,-27,-162,,-94.975,-27.69399999999999,-156.50599999999997,-562.8219999999999,33.26,28.52,37.68,10.18,false,true,-1.45,-1.13,"單日成交金額低於5,000萬元；中期趨勢仍向下；外資持股5/10日下降，且外資5日賣超；20日趨勢尚未上彎；當下除權息調整價未守20日EMA"
467,3708,上緯投控,TWSE,綠能環保,不建立部位,降低部位,trim,停止加碼；反彈未站回恢復區時分批減碼,每個交易日收盤後，確認是否站回恢復區,已有部位先停止加碼。反彈若仍未站回 101.79，分批降低部位；只有站回且ETF／外資賣壓收斂後才重新評估。,價格跌破60日EMA且20日趨勢向下；外資持股5/10日下降且外資5日賣超,52.5,54.2,63.8,85,100,完整,97.6,96.9,534.57,23.25,-7.81,13.77,187.94,-0.87,2.36,0.4,6.66,2,0,0,0,1,96,0,-169.429,-257.057,-257.62600000000003,-523.242,0,0,1,96,0,0,0,0.22699999999999987,7.236,7.31,-202,-489,-364,,-169.41,-257.284,-265.86199999999997,-509.5160000000001,46.92,58.62,53.08,69.72,false,false,-0.86,0.93,"單日成交金額低於5,000萬元；中期趨勢仍向下；外資持股5/10日下降，且外資5日賣超；20日趨勢尚未上彎；當下除權息調整價未守20日EMA；單季稅前獲利對營業外貢獻依賴偏高"
468,4755,三福化,TWSE,化學工業,不建立部位,保護持有,protect,今天不新增部位；未完成確認前不機械式賣出,今天收盤後；若跌破，再看下一交易日是否收復,已有部位暫停加碼；若收盤跌破60日EMA約 120.09，且下一交易日仍未收復，先減碼三分之一；若ETF或外資繼續轉弱，再分批降低部位。,價格跌破60日EMA且20日趨勢向下,54.6,54.2,50.6,85,100,完整,118,118.75,10.88,1.6,10.78,33.59,165.2,2.33,25.71,1.74,3.14,1,0,0,0,0,0,0,80.494,-37.506,35.325,-212.844,0,0,0,0,0,0,0,3,31,23.04,42,126,194,,80.494,-40.506,4.325000000000003,-258.863,56.06,67.81,55.61,92.22,false,false,2.37,4.42,"單日成交金額低於5,000萬元；中期趨勢仍向下；20日趨勢尚未上彎"
469,6183,關貿,TWSE,資訊服務業,不建立部位,降低部位,trim,停止加碼；反彈未站回恢復區時分批減碼,每個交易日收盤後，確認是否站回恢復區,已有部位先停止加碼。反彈若仍未站回 91.75，分批降低部位；只有站回且ETF／外資賣壓收斂後才重新評估。,價格跌破60日EMA且20日趨勢向下；外資持股5/10日下降且外資5日賣超,44.4,54.2,59.4,85,100,完整,90.5,90.55,5.57,13.35,29.53,49.64,147.35,2.41,20.11,5.05,3.92,2,0,0,0,0,0,0,-5,-7,-5,-8.311999999999998,0,0,0,0,0,0,0,-2,13,1.12,-2,-5,-18,,-2,-5,-18,-13.312,40.79,38.82,42.99,30.48,false,true,-1.13,-0.98,"單日成交金額低於5,000萬元；中期趨勢仍向下；外資持股5/10日下降，且外資5日賣超；20日趨勢尚未上彎；當下除權息調整價未守20日EMA"
470,6962,奕力-KY,TWSE,半導體業,不建立部位,保護持有,protect,今天不新增部位；未完成確認前不機械式賣出,今天收盤後；若跌破，再看下一交易日是否收復,已有部位暫停加碼；若收盤跌破60日EMA約 32.40，且下一交易日仍未收復，先減碼三分之一；若ETF或外資繼續轉弱，再分批降低部位。,未觸發明確減碼訊號,61.1,54.2,53.8,85,100,完整,31.85,32.95,7.16,-0.21,-1.55,22.41,239.24,0.61,21.82,0.79,3.14,1,10,30,30,30,30,0,624.2,829.7120000000001,1450.7540000000001,-1583.9609999999998,10,30.076,30.076,30.076,3,0,957921,0.24600000000000044,-42.317,37.62,34,-2132,-421,,618,799.39,1462.9950000000001,-1495.406,53.74,70.56,60.01,91.67,false,false,1.51,3.07,"單日成交金額低於5,000萬元；累計營收負成長且當月改善不足；ETF加碼，但外資持股5/10日同步下降；單季稅前獲利對營業外貢獻依賴偏高"
471,2501,國建,TWSE,建材營造,不建立部位,降低部位,trim,停止加碼；反彈未站回恢復區時分批減碼,每個交易日收盤後，確認是否站回恢復區,已有部位先停止加碼。反彈若仍未站回 22.45，分批降低部位；只有站回且ETF／外資賣壓收斂後才重新評估。,價格跌破60日EMA且20日趨勢向下；外資持股5/10日下降且外資5日賣超,43.6,54,58.9,85,100,完整,21.15,21.4,60.18,37.18,15.98,62.17,168.24,1.43,7.37,0.76,5.67,1,0,0,0,0,0,0,474.531,-2399.932,-9028.918,-11154.657000000001,0,0,0,0,0,0,0,14.328,-28.230000000000004,11.33,397,-2212,-8053,,473,-2414.26,-9000.688,-11112.659000000003,33.76,19.61,23.13,12.59,false,true,-2.96,-2.98,"單日成交金額低於5,000萬元；中期趨勢仍向下；外資持股5/10日下降，且外資5日賣超；20日趨勢尚未上彎；當下除權息調整價未守20日EMA"
472,5471,松翰,TWSE,半導體業,不建立部位,保護持有,protect,今天不新增部位；未完成確認前不機械式賣出,今天收盤後；若跌破，再看下一交易日是否收復,已有部位暫停加碼；若收盤跌破60日EMA約 55.03，且下一交易日仍未收復，先減碼三分之一；若ETF或外資繼續轉弱，再分批降低部位。,價格跌破60日EMA且20日趨勢向下,49.9,54,63.6,85,100,完整,52.7,53.5,20.44,28.77,10.2,18.75,428.52,1.2,31.75,2.45,1.52,1,0,0,0,0,0,0,192.15,527.347,292.361,-2023.5370000000005,0,0,0,0,0,0,0,-14.327,-48.126000000000005,10.61,179,367,253,,190.15,541.674,340.487,-1979.0320000000004,43.36,57.69,41.22,90.64,false,false,-1.91,1.15,"單日成交金額低於5,000萬元；中期趨勢仍向下；20日趨勢尚未上彎；當下除權息調整價未守20日EMA"
473,6115,鎰勝,TWSE,電子零組件業,不建立部位,保護持有,protect,今天不新增部位；未完成確認前不機械式賣出,今天收盤後；若跌破，再看下一交易日是否收復,已有部位暫停加碼；若收盤跌破60日EMA約 45.03，且下一交易日仍未收復，先減碼三分之一；若ETF或外資繼續轉弱，再分批降低部位。,外資持股5/10日下降且外資5日賣超,46,54,63.9,85,100,完整,44,43.95,10.76,11.67,9.05,40.04,214.74,1.48,12.87,1.61,6.36,1,0,0,0,0,0,0,-19,-104,-47,-142.89499999999998,0,0,0,0,0,0,0,11,11,5.19,-15,-65,-57,,-20,-115,-58,-144.89499999999998,44.7,28.49,34.85,15.76,false,true,-0.53,-3.08,"單日成交金額低於5,000萬元；外資持股5/10日下降，且外資5日賣超；當下除權息調整價未守20日EMA"
474,6526,達發,TWSE,半導體業,不建立部位,優先降低風險,risk,依風險與流動性分批降低部位,風險解除且基本面與趨勢重新確認後,已有部位應優先降低曝險；目前觸發「處置或交易限制事件」。待事件解除或基本面重新確認後再評估。,價格強勢站上20／60日EMA；法人未同步轉弱,56.4,54,54.6,85,100,可用,814,800,26.11,12.53,14.98,31.02,239.33,9.72,45.15,7.23,1.66,14,0,91,48,-181,-164,102,205.434,4756.894,5960.087,5749.784000000001,0,48,-173,-168,1,2,39072000,342.347,683.1419999999999,10.87,147,4174,5257,,211.639,4366.547,5449.945,5218.261000000001,75.05,83.68,76.74,97.55,false,false,16.63,17.8,處置或交易限制風險；短線過熱或乖離過大
475,3443,創意,TWSE,半導體業,不建立部位,優先降低風險,risk,依風險與流動性分批降低部位,風險解除且基本面與趨勢重新確認後,已有部位應優先降低曝險；目前觸發「ETF 5/10日同步減碼」。待事件解除或基本面重新確認後再評估。,今日漲停／趨勢站穩；ETF偏弱，先觀察,53.6,53.8,34.7,85,100,可用,7925,8715,111.02,103.84,13.81,63.98,144.84,23.89,203.15,78.87,0.25,44,-56,-202,-226,-146,-247,-223,-86.887,453.15500000000003,202.23100000000002,225.95499999999998,-175,-513.005,487.64200000000005,567.4950000000002,1,4,-4065564625,171.25900000000001,103.614,27.19,5,602,-142,,33.502,794.9010000000001,-389.0249999999999,-359.43399999999986,68.76,87.22,85.65,90.34,false,false,15.2,10.84,處置或交易限制風險；ETF短中期同步減碼；ETF 1/3日已轉為減碼；主動ETF 5日轉為減碼；投信20日買超後近5日轉賣；短線過熱或乖離過大
476,3704,合勤控,TWSE,通信網路業,不建立部位,降低部位,trim,停止加碼；反彈未站回恢復區時分批減碼,每個交易日收盤後，確認是否站回恢復區,已有部位先停止加碼。反彈若仍未站回 42.14，分批降低部位；只有站回且ETF／外資賣壓收斂後才重新評估。,價格跌破60日EMA且20日趨勢向下；外資持股5/10日下降且外資5日賣超,46.3,53.7,53.1,85,100,完整,40.25,41.5,28.11,12.38,5.46,57.31,152.64,1.55,12.05,1.36,0.99,1,0,0,0,0,0,0,-26.492,-2122.9049999999997,-5148.711,-10040.776999999998,0,0,0,0,0,0,0,18.869999999999997,-6.542999999999999,10.44,-190,-1538,-3678,,-29,-2141.775,-5142.168000000001,-10057.306,45.16,36.72,45.33,19.49,false,true,-1.6,-2.19,"單日成交金額低於5,000萬元；中期趨勢仍向下；外資持股5/10日下降，且外資5日賣超；20日趨勢尚未上彎"
477,4137,麗豐-KY,TWSE,生技醫療業,不建立部位,降低部位,trim,停止加碼；反彈未站回恢復區時分批減碼,每個交易日收盤後，確認是否站回恢復區,已有部位先停止加碼。反彈若仍未站回 87.42，分批降低部位；只有站回且ETF／外資賣壓收斂後才重新評估。,價格跌破60日EMA且20日趨勢向下；外資持股5/10日下降且外資5日賣超,45.1,53.5,61.9,85,100,完整,76.5,77.2,-10.71,5.24,14.8,50.68,163.86,2.92,11.33,1.28,13.07,2,2,-8,31,48,58,0,25.794,-60.156,-111.112,-996.052,2.031,31.043999999999997,47.617,57.941,3,1,2374866,0.7130000000000001,6.184000000000001,53.36,37,-59,-59,,23.763,-91.913,-164.913,-979.922,31.46,45.32,54.96,26.03,false,true,-3.61,-2.92,"單日成交金額低於5,000萬元；中期趨勢仍向下；外資持股5/10日下降，且外資5日賣超；20日趨勢尚未上彎；當下除權息調整價未守20日EMA"
478,4746,台耀,TWSE,生技醫療業,不建立部位,降低部位,trim,停止加碼；反彈未站回恢復區時分批減碼,每個交易日收盤後，確認是否站回恢復區,已有部位先停止加碼。反彈若仍未站回 49.73，分批降低部位；只有站回且ETF／外資賣壓收斂後才重新評估。,價格跌破60日EMA且20日趨勢向下；ETF 5/10日同步減碼；投信5/10日持續且具金額意義地賣超,44.9,53.4,59.9,85,100,完整,47.7,48,25.69,-3.37,10.89,40.35,186.2,0.04,12.05,0.77,6.29,1,-115,-390,-481,-481,-702,-481,275,892.451,1997,-104.2320000000002,-115,-481,-481,-702,0,4,-22943700,1,3,9.14,268,1266,2327,,390,1372.451,2475,935.9069999999999,47.06,66.13,65.7,66.99,false,false,-0.22,-0.31,"單日成交金額低於5,000萬元；中期趨勢仍向下；ETF短中期同步減碼；ETF 1/3日已轉為減碼；主動ETF 5日轉為減碼；投信5/10日持續且具金額意義的賣超；20日趨勢尚未上彎"
479,2915,潤泰全,TWSE,貿易百貨,不建立部位,優先降低風險,risk,依風險與流動性分批降低部位,風險解除且基本面與趨勢重新確認後,已有部位應優先降低曝險；目前觸發「單月與累計營收同步明顯衰退」。待事件解除或基本面重新確認後再評估。,單月與累計營收同步明顯衰退,56.3,53.3,62.6,85,100,完整,58.5,58.5,-15.65,-21.69,6.83,8.24,192.43,8.96,4.21,0.38,3.25,2,0,0,0,-494,-458,0,-131.062,1483.4399999999998,2435.625,1736.1869999999997,0,0,-494,-458,0,0,0,73.463,-214.04100000000003,6.54,-269,1309,3747,,-146.005,1409.9769999999999,3143.666,2788.204,54.59,74.65,76.81,70.34,false,true,0.63,-0.85,營收動能同步衰退；累計營收負成長且當月改善不足；單季稅前獲利對營業外貢獻依賴偏高
480,4953,緯致,TPEX,資訊服務業,不建立部位,保護持有,protect,今天不新增部位；未完成確認前不機械式賣出,今天收盤後；若跌破，再看下一交易日是否收復,已有部位暫停加碼；若收盤跌破60日EMA約 121.92，且下一交易日仍未收復，先減碼三分之一；若ETF或外資繼續轉弱，再分批降低部位。,價格跌破60日EMA且20日趨勢向下,43.3,53.2,65.6,85,100,可用,116.5,116.5,26.64,30.66,6.01,39.51,231.31,4.88,11.71,2.02,4.41,2,0,0,0,11,45,0,-11.554,-11.554,-11.554,-11.554,0,0,0,0,0,0,0,-0.579,-0.579,12.74,,,,,-10.975,-10.975,-10.975,-10.975,39.3,15.66,25.26,-3.55,false,false,-2.67,-5.28,"單日成交金額低於5,000萬元；中期趨勢仍向下；外資持股尚未完成5／10日可比核對或期間有非市場異動；此項不給分，不解讀為轉弱；20日趨勢尚未上彎；當下除權息調整價未守20日EMA"
481,4979,華星光,TPEX,通信網路業,不建立部位,優先降低風險,risk,依風險與流動性分批降低部位,風險解除且基本面與趨勢重新確認後,已有部位應優先降低曝險；目前觸發「ETF 5/10日同步減碼」。待事件解除或基本面重新確認後再評估。,ETF 5/10日同步減碼；處置或交易限制事件,48.1,53.2,57.3,85,100,可用,567,578,37.45,20.32,19.62,28.96,353.35,2.91,92.8,18.18,0.38,3,0,-1139,-1749,-2042,-5042,0,69.314,69.314,69.314,69.314,0,0,0,0,0,0,0,125.314,125.314,18.55,,,,,-56,-56,-56,-56,49.93,50.01,50.28,49.48,false,true,-1.19,-7.2,處置或交易限制風險；ETF短中期同步減碼；外資持股尚未完成5／10日可比核對或期間有非市場異動；此項不給分，不解讀為轉弱；20日趨勢尚未上彎
482,1434,福懋,TWSE,紡織纖維,不建立部位,保護持有,protect,今天不新增部位；未完成確認前不機械式賣出,今天收盤後；若跌破，再看下一交易日是否收復,已有部位暫停加碼；若收盤跌破60日EMA約 17.73，且下一交易日仍未收復，先減碼三分之一；若ETF或外資繼續轉弱，再分批降低部位。,未觸發明確減碼訊號,60.7,52.8,51.2,85,100,完整,18,18,-7.17,-4.73,2.41,24.34,260.28,0.5,19.57,0.62,2.78,1,0,0,0,0,0,0,-65.771,1126.246,1793.7310000000002,3190.576,0,4,-13,-21,2,0,72000,19,190.817,8.58,-66,1187,1122,,-65.771,1103.246,1615.9140000000002,3041.941,53.06,65.96,58.31,81.26,false,false,0.62,1.12,"單日成交金額低於5,000萬元；累計營收負成長且當月改善不足；單季稅前獲利對營業外貢獻依賴偏高"
483,2539,櫻花建,TWSE,建材營造,不建立部位,保護持有,protect,今天不新增部位；未完成確認前不機械式賣出,今天收盤後；若跌破，再看下一交易日是否收復,已有部位暫停加碼；若收盤跌破60日EMA約 34.43，且下一交易日仍未收復，先減碼三分之一；若ETF或外資繼續轉弱，再分批降低部位。,ETF 5/10日同步減碼,42.1,52.8,70.5,85,100,可用,34,34.15,-8.69,17.78,40.6,38.54,310.41,2.36,8.08,2.03,8.24,2,-27,-27,-27,-148,-137,0,37.053,-168.85999999999999,-359.068,1352.7930000000001,-26.62,-26.62,-147.62,-136.62,0,1,-905080,47.564,119.83999999999999,2.33,-1556,-1441,4580,,57.89,-189.804,-331.28799999999995,1442.8220000000001,43.84,29.27,39.76,8.29,false,true,-2.35,-5.82,"單日成交金額低於5,000萬元；ETF短中期同步減碼；ETF 1/3日已轉為減碼；外資持股尚未完成5／10日可比核對或期間有非市場異動；此項不給分，不解讀為轉弱；當下除權息調整價未守20日EMA"
484,4933,友輝,TPEX,光電業,不建立部位,優先降低風險,risk,依風險與流動性分批降低部位,風險解除且基本面與趨勢重新確認後,已有部位應優先降低曝險；目前觸發「價格跌破60日EMA且20日趨勢向下」。待事件解除或基本面重新確認後再評估。,價格跌破60日EMA且20日趨勢向下；單月與累計營收同步明顯衰退,46.6,52.6,73.2,85,100,可用,53.4,53.45,-35.64,-13.53,16.56,25.33,348.18,2.91,7.41,1.14,5.41,1,0,0,0,0,0,0,4,4,4,4,0,0,0,0,0,0,0,-1,-1,7.85,,,,,5,5,5,5,50.06,72.48,59.97,97.51,false,false,0.78,2.69,"單日成交金額低於5,000萬元；營收動能同步衰退；累計營收負成長且當月改善不足；中期趨勢仍向下；外資持股尚未完成5／10日可比核對或期間有非市場異動；此項不給分，不解讀為轉弱；20日趨勢尚未上彎"
485,2450,神腦,TWSE,通信網路業,不建立部位,保護持有,protect,今天不新增部位；未完成確認前不機械式賣出,今天收盤後；若跌破，再看下一交易日是否收復,已有部位暫停加碼；若收盤跌破60日EMA約 28.51，且下一交易日仍未收復，先減碼三分之一；若ETF或外資繼續轉弱，再分批降低部位。,未觸發明確減碼訊號,47,52.4,56.2,85,100,完整,28.2,28.2,27.64,17.04,0.89,42.18,178.91,0.67,17.41,1.17,5.5,1,0,0,0,0,0,0,-15,41,58,74.52100000000002,0,0,0,0,0,0,0,3,28,1.21,-15,37,29,,-15,38,30,59.521000000000015,43.45,55.14,59.23,46.95,false,true,-0.25,-0.35,"單日成交金額低於5,000萬元；當下除權息調整價未守20日EMA"
486,2491,吉祥全,TWSE,光電業,不建立部位,保護持有,protect,今天不新增部位；未完成確認前不機械式賣出,今天收盤後；若跌破，再看下一交易日是否收復,已有部位暫停加碼；若收盤跌破60日EMA約 37.65，且下一交易日仍未收復，先減碼三分之一；若ETF或外資繼續轉弱，再分批降低部位。,外資持股5/10日下降且外資5日賣超,51.5,52.4,64.5,85,100,完整,40.2,41.7,10.9,-3.23,-170.2,17.78,507.82,29.98,1.26,0.81,,1,0,0,0,0,-3,0,267.999,-243.24099999999999,-355.875,149.18299999999988,0,0,0,-3,0,0,0,5,-34,9.84,268,-248,-322,,267.999,-248.24099999999999,-321.875,188.68200000000002,49.34,25.53,28.14,20.3,false,true,-1.36,-2.66,"單日成交金額低於5,000萬元；外資持股5/10日下降，且外資5日賣超；20日趨勢尚未上彎；單季稅前獲利對營業外貢獻依賴偏高"
487,4536,拓凱,TWSE,運動休閒,不建立部位,保護持有,protect,今天不新增部位；未完成確認前不機械式賣出,今天收盤後；若跌破，再看下一交易日是否收復,已有部位暫停加碼；若收盤跌破60日EMA約 165.07，且下一交易日仍未收復，先減碼三分之一；若ETF或外資繼續轉弱，再分批降低部位。,價格跌破60日EMA且20日趨勢向下,46.5,52.4,63.4,85,100,完整,161.5,162.25,7.74,2.9,16.23,34.22,265.4,6.55,12.19,1.55,4.95,2,0,0,0,0,0,0,-37.021,339.25300000000004,486.45200000000006,195.35700000000008,0,0,0,0,0,0,0,0.978,0.978,15.17,-49,354,493,,-36.989,338.27500000000003,485.47400000000005,206.2340000000001,40.43,56.54,65.16,39.3,false,true,-1.94,-2.71,"單日成交金額低於5,000萬元；中期趨勢仍向下；20日趨勢尚未上彎；當下除權息調整價未守20日EMA"
488,5534,長虹,TWSE,建材營造,不建立部位,降低部位,trim,停止加碼；反彈未站回恢復區時分批減碼,每個交易日收盤後，確認是否站回恢復區,已有部位先停止加碼。反彈若仍未站回 76.71，分批降低部位；只有站回且ETF／外資賣壓收斂後才重新評估。,價格跌破60日EMA且20日趨勢向下；ETF 5/10日同步減碼；外資持股5/10日下降且外資5日賣超,40.8,52.3,62.2,85,100,完整,73.3,73.9,88.58,67.05,17.45,56.25,185.49,1.05,12.95,1.09,6.9,2,-83,-282,-401,-401,-196,-401,-202.432,-635.51,-1074.703,-1629.9710000000005,-83,-401,-401,-493,0,4,-29393300,-4.479,-378.89,9.28,-158,-145,-131,,-121.004,-230.031,-294.813,-753.9479999999998,38.57,22.46,27.55,12.28,false,true,-2.25,-4.06,"單日成交金額低於5,000萬元；中期趨勢仍向下；ETF短中期同步減碼；ETF 1/3日已轉為減碼；主動ETF 5日轉為減碼；投信5/10日持續且具金額意義的賣超；外資持股5/10日下降，且外資5日賣超；20日趨勢尚未上彎；當下除權息調整價未守20日EMA"
489,6104,創惟,TPEX,半導體業,不建立部位,保護持有,protect,今天不新增部位；未完成確認前不機械式賣出,今天收盤後；若跌破，再看下一交易日是否收復,已有部位暫停加碼；若收盤跌破60日EMA約 94.25，且下一交易日仍未收復，先減碼三分之一；若ETF或外資繼續轉弱，再分批降低部位。,價格跌破60日EMA且20日趨勢向下,49.4,52.2,54.4,85,100,可用,91,89.5,3.37,0.77,13.92,35.3,172.53,2.87,19.16,3.84,4.95,1,10,30,30,30,30,0,123.16,123.16,123.16,123.16,10,10,10,10,1,0,910000,0.16,0.16,21.39,,,,,113,113,113,113,44.42,40.09,30.06,60.15,false,false,-1.2,0.66,"單日成交金額低於5,000萬元；中期趨勢仍向下；外資持股尚未完成5／10日可比核對或期間有非市場異動；此項不給分，不解讀為轉弱；20日趨勢尚未上彎；當下除權息調整價未守20日EMA"
490,8442,威宏-KY,TWSE,其他,不建立部位,降低部位,trim,停止加碼；反彈未站回恢復區時分批減碼,每個交易日收盤後，確認是否站回恢復區,已有部位先停止加碼。反彈若仍未站回 45.58，分批降低部位；只有站回且ETF／外資賣壓收斂後才重新評估。,價格跌破60日EMA且20日趨勢向下；外資持股5/10日下降且外資5日賣超,49.7,52,50.5,85,100,完整,44.8,44.9,36.95,12.91,3.35,54.91,161.46,1.38,14.41,0.85,6.7,1,1,-5,18,27,35,0,-4.816,-32.909,-34.253,-20.706000000000003,1.184,18.091,27.747,34.92399999999999,3,1,810477,-5,2,55.93,-4,-45,-86,,-6,-46,-64,-5.376999999999995,43.4,38.13,45.21,23.97,false,true,-1.71,-3.03,"單日成交金額低於5,000萬元；中期趨勢仍向下；外資持股5/10日下降，且外資5日賣超；20日趨勢尚未上彎；當下除權息調整價未守20日EMA"
491,2535,達欣工,TWSE,建材營造,不建立部位,保護持有,protect,今天不新增部位；未完成確認前不機械式賣出,今天收盤後；若跌破，再看下一交易日是否收復,已有部位暫停加碼；若收盤跌破60日EMA約 88.57，且下一交易日仍未收復，先減碼三分之一；若ETF或外資繼續轉弱，再分批降低部位。,未觸發明確減碼訊號,54,51.9,44.7,85,100,完整,89.1,90,44.17,24.72,9.12,64.06,185.27,6.32,8.73,2.14,5.16,1,0,0,0,0,-241,0,28.487,223.966,119.84300000000002,-66.18699999999998,0,0,-29,-277,0,0,0,-2.0580000000000003,23.229000000000003,7.02,28,233,59,,27.507,226.024,125.61399999999999,189.51699999999994,47.13,34.1,43.23,15.85,false,false,-0.57,-1.33,"單日成交金額低於5,000萬元；20日趨勢尚未上彎"
492,7722,LINEPAY,TWSE,數位雲端,不建立部位,降低部位,trim,停止加碼；反彈未站回恢復區時分批減碼,每個交易日收盤後，確認是否站回恢復區,已有部位先停止加碼。反彈若仍未站回 276.78，分批降低部位；只有站回且ETF／外資賣壓收斂後才重新評估。,價格跌破60日EMA且20日趨勢向下；外資持股5/10日下降且外資5日賣超,45.2,51.9,53.9,85,100,完整,258,259.75,8.66,13.82,6.41,56.57,181.62,4.35,30.71,1.59,0.78,1,0,0,0,0,-1,0,-27.183,-44.187000000000005,-59.637,-108.25300000000001,0,0,6,5,0,0,0,-3,3,58.72,-23,-27,-60,,-25.183,-41.187,-68.637,-110.00500000000001,36.04,25.12,28.15,19.07,false,true,-3.51,-1.71,"單日成交金額低於5,000萬元；中期趨勢仍向下；外資持股5/10日下降，且外資5日賣超；20日趨勢尚未上彎；當下除權息調整價未守20日EMA"
493,2458,義隆,TWSE,半導體業,不建立部位,優先降低風險,risk,依風險與流動性分批降低部位,風險解除且基本面與趨勢重新確認後,已有部位應優先降低曝險；目前觸發「價格跌破60日EMA且20日趨勢向下」。待事件解除或基本面重新確認後再評估。,價格跌破60日EMA且20日趨勢向下；ETF 5/10日同步減碼；外資持股5/10日下降且外資5日賣超,50.7,51.8,61.1,85,100,完整,136,137,-36.72,-3.41,22.95,31.65,227.9,5.53,12.64,3.47,5.2,16,3,41,-62,-295,-689,0,-234.415,-1399.8960000000002,-1386.996,-3269.1040000000003,3,-61.195,-345.072,-1062.422,2,3,-8322520,12.250000000000002,196.215,18.94,-192,-1729,-1425,,-226.594,-1350.9509999999998,-1238.1389999999997,-2125.344,51.59,76.57,65.87,97.96,false,false,2.12,3.03,營收動能同步衰退；累計營收負成長且當月改善不足；中期趨勢仍向下；ETF短中期同步減碼；外資持股5/10日下降，且外資5日賣超；20日趨勢尚未上彎
494,2520,冠德,TWSE,建材營造,不建立部位,保護持有,protect,今天不新增部位；未完成確認前不機械式賣出,今天收盤後；若跌破，再看下一交易日是否收復,已有部位暫停加碼；若收盤跌破60日EMA約 35.76，且下一交易日仍未收復，先減碼三分之一；若ETF或外資繼續轉弱，再分批降低部位。,未觸發明確減碼訊號,56.3,51.4,48.6,85,100,完整,37,37.45,-26.5,16.93,18.25,57.5,171.93,1.87,11.01,0.91,4.38,1,0,0,0,-108,976,0,-276.401,187.64299999999997,1463.799,693.9889999999999,0,0,-265.9,794.1,0,0,0,14.042000000000002,55.659000000000006,13.16,-233,80,2461,,-254.544,173.601,1674.0400000000002,-101.55299999999977,53.18,35.07,43.6,18.01,false,false,0.4,-2.63,"單日成交金額低於5,000萬元"
495,5222,全訊,TWSE,半導體業,不建立部位,保護持有,protect,今天不新增部位；未完成確認前不機械式賣出,今天收盤後；若跌破，再看下一交易日是否收復,已有部位暫停加碼；若收盤跌破60日EMA約 106.26，且下一交易日仍未收復，先減碼三分之一；若ETF或外資繼續轉弱，再分批降低部位。,ETF 5/10日同步減碼,48,51.1,58.4,85,93,可用,104.5,105.5,59.94,-10.15,16.7,15.68,245.71,0.63,54.71,3.26,2.39,1,0,0,-3,-3,0,0,-35.679,80.655,97.97899999999998,-125.50200000000001,0,-2.399,-2.399,0.601,0,1,-250695,1.7189999999999999,7.783,3.05,-147,-218,-146,,-35.002,81.335,92.59499999999998,-127.74600000000001,48.7,56.59,55.78,58.21,false,false,-0.27,0.97,"單日成交金額低於5,000萬元；ETF短中期同步減碼"
496,6024,群益期,TWSE,金融保險業,不建立部位,保護持有,protect,今天不新增部位；未完成確認前不機械式賣出,今天收盤後；若跌破，再看下一交易日是否收復,已有部位暫停加碼；若收盤跌破60日EMA約 60.37，且下一交易日仍未收復，先減碼三分之一；若ETF或外資繼續轉弱，再分批降低部位。,價格跌破60日EMA且20日趨勢向下,44.5,51,64.6,85,100,完整,60.2,60.35,7.8,-12.89,,92.26,107.73,4.09,8.29,1.39,5.76,2,0,0,0,0,0,0,-46,40.572999999999986,-40.96000000000002,-425.09299999999996,0,0,0,0,0,0,0,3,7,5.06,-46,54,-22,,-46,37.572999999999986,-47.96000000000002,-433.09299999999996,41.45,38.93,44.07,28.64,false,true,-1.66,-1.63,"單日成交金額低於5,000萬元；累計營收負成長且當月改善不足；中期趨勢仍向下；20日趨勢尚未上彎；當下除權息調整價未守20日EMA；單季稅前獲利對營業外貢獻依賴偏高"
497,4968,立積,TWSE,半導體業,不建立部位,保護持有,protect,今天不新增部位；未完成確認前不機械式賣出,今天收盤後；若跌破，再看下一交易日是否收復,已有部位暫停加碼；若收盤跌破60日EMA約 95.91，且下一交易日仍未收復，先減碼三分之一；若ETF或外資繼續轉弱，再分批降低部位。,未觸發明確減碼訊號,57.3,50.9,54.4,85,100,完整,92.8,92.8,-2.44,2.84,3.27,25.03,385.26,1,25.08,3.17,1.72,2,20,50,50,50,50,0,94.326,370.17999999999995,765.384,927.1899999999999,20,50,50,50,2,0,4640000,5.969000000000001,38.727000000000004,4.72,-122,-153,283,,67.95,314.211,676.657,861.4019999999999,52.57,75.07,69.4,86.41,false,false,1.3,0.87,"單日成交金額低於5,000萬元"
498,6715,嘉基,TWSE,電子零組件業,不建立部位,優先降低風險,risk,依風險與流動性分批降低部位,風險解除且基本面與趨勢重新確認後,已有部位應優先降低曝險；目前觸發「處置或交易限制事件」。待事件解除或基本面重新確認後再評估。,處置或交易限制事件,45.1,50.6,55.6,85,100,可用,452,452,113.02,10.24,6.77,20.15,319.88,0.89,297.37,8.34,0.43,1,0,0,0,0,0,0,-24.02,-288.968,-151.4370000000002,-580.5050000000002,0,0,-910,-910,0,0,0,-113.055,12.494,2.4,-19,-153,960,,-18,-175.913,746.069,316.7249999999999,62.29,85.37,82.42,91.26,false,false,12.45,4.39,處置或交易限制風險；外資持股尚未完成5／10日可比核對或期間有非市場異動；此項不給分，不解讀為轉弱；短線過熱或乖離過大
499,1210,大成,TWSE,食品工業,不建立部位,保護持有,protect,今天不新增部位；未完成確認前不機械式賣出,今天收盤後；若跌破，再看下一交易日是否收復,已有部位暫停加碼；若收盤跌破60日EMA約 53.31，且下一交易日仍未收復，先減碼三分之一；若ETF或外資繼續轉弱，再分批降低部位。,價格跌破60日EMA且20日趨勢向下,46.3,50.3,43.8,85,100,完整,51.6,51.7,13.42,9.05,3.89,55.78,84.62,1.48,12.68,1.69,5.81,5,0,0,0,-143,-13,0,-484.524,-1266.7259999999999,-1519.589,-1121.406,1,5,-141,-19,3,0,258000,71.34,56.29100000000001,7.64,-453,-170,969,,-505.056,-1343.0659999999998,-1434.8799999999997,-1017.7659999999996,40.35,39.07,48.14,20.93,false,true,-1.19,-2.09,"單日成交金額低於5,000萬元；中期趨勢仍向下；20日趨勢尚未上彎；當下除權息調整價未守20日EMA"
500,2718,全心投控,TPEX,建材營造,不建立部位,優先降低風險,risk,依風險與流動性分批降低部位,風險解除且基本面與趨勢重新確認後,已有部位應優先降低曝險；目前觸發「價格跌破60日EMA且20日趨勢向下」。待事件解除或基本面重新確認後再評估。,價格跌破60日EMA且20日趨勢向下；單月與累計營收同步明顯衰退,43,50,75.9,85,100,可用,40.65,40.6,-93.1,-89.69,33.05,17.92,536.6,2.72,3.9,0.57,13.7,1,1,-3,13,20,24,0,1.856,1.856,1.856,1.856,0.856,0.856,0.856,0.856,1,0,34796,0,0,0.53,,,,,1,1,1,1,37.32,70.1,61.81,86.67,false,false,-2.16,-0.12,"單日成交金額低於5,000萬元；營收動能同步衰退；累計營收負成長且當月改善不足；中期趨勢仍向下；外資持股尚未完成5／10日可比核對或期間有非市場異動；此項不給分，不解讀為轉弱；20日趨勢尚未上彎；當下除權息調整價未守20日EMA；單季稅前獲利對營業外貢獻依賴偏高"
501,2546,根基,TWSE,建材營造,不建立部位,保護持有,protect,今天不新增部位；未完成確認前不機械式賣出,今天收盤後；若跌破，再看下一交易日是否收復,已有部位暫停加碼；若收盤跌破60日EMA約 98.58，且下一交易日仍未收復，先減碼三分之一；若ETF或外資繼續轉弱，再分批降低部位。,未觸發明確減碼訊號,57.6,49.8,43.2,85,100,完整,106,106.75,-24.41,11.19,12.17,61.6,158.04,8.89,7.09,2.11,5.66,3,0,0,0,0,-163,0,-22.097,11.424999999999997,15.612999999999985,-304.813,0,0,0,-163,0,0,0,1.827,22.826999999999998,4.1,-41,-34,-55,,-28.097,9.597999999999995,-7.214000000000006,-162.322,54.81,62.97,58.65,71.61,false,false,1.07,-0.47,"單日成交金額低於5,000萬元；20日趨勢尚未上彎"
502,6120,達運,TWSE,光電業,不建立部位,保護持有,protect,今天不新增部位；未完成確認前不機械式賣出,今天收盤後；若跌破，再看下一交易日是否收復,已有部位暫停加碼；若收盤跌破60日EMA約 12.84，且下一交易日仍未收復，先減碼三分之一；若ETF或外資繼續轉弱，再分批降低部位。,外資持股5/10日下降且外資5日賣超,54.3,49.8,50.9,85,100,完整,13.05,13.75,-3.09,-4.69,-3.57,43,214.38,1.42,9.6,0.79,1.92,1,0,0,0,0,0,0,1234.054,-1238.2389999999998,-1238.7779999999998,-3047.22,0,0,0,0,0,0,0,-5.987,87.485,8.2,520,-1453,-1489,,1232.411,-1232.252,-1326.263,-2931.084,58.93,56.43,50.73,67.83,false,false,3.98,5.67,"單日成交金額低於5,000萬元；累計營收負成長且當月改善不足；外資持股5/10日下降，且外資5日賣超；單季稅前獲利對營業外貢獻依賴偏高"
503,2204,中華,TWSE,汽車工業,不建立部位,降低部位,trim,停止加碼；反彈未站回恢復區時分批減碼,每個交易日收盤後，確認是否站回恢復區,已有部位先停止加碼。反彈若仍未站回 53.46，分批降低部位；只有站回且ETF／外資賣壓收斂後才重新評估。,價格跌破60日EMA且20日趨勢向下；外資持股5/10日下降且外資5日賣超,46.1,49.7,62.1,85,100,完整,52,52.25,-3.04,9.09,5.12,24.02,123.61,3.19,8.47,0.75,6.92,3,11,-51,174,266,298,0,-138.258,-285.77299999999997,-849.5889999999999,-915.6630000000001,18.598,181.31300000000002,169.002,184.74800000000005,3,2,9428276,12.799,70.43400000000001,18.67,-382,-578,-862,,-164.049,-479.885,-1089.025,-1171.127,38.43,32.45,35.37,26.61,false,true,-1.59,-1.33,"單日成交金額低於5,000萬元；中期趨勢仍向下；外資持股5/10日下降，且外資5日賣超；20日趨勢尚未上彎；當下除權息調整價未守20日EMA"
504,8436,大江,TPEX,生技醫療業,不建立部位,降低部位,trim,停止加碼；反彈未站回恢復區時分批減碼,每個交易日收盤後，確認是否站回恢復區,已有部位先停止加碼。反彈若仍未站回 113.91，分批降低部位；只有站回且ETF／外資賣壓收斂後才重新評估。,價格跌破60日EMA且20日趨勢向下；ETF 5/10日同步減碼,40.1,49.6,61.9,85,100,可用,105.5,106,2.05,-1.98,18.09,36.7,169.74,4.13,11.99,1.52,5.7,1,0,-66,-66,-67,-535,-64,122.948,122.948,122.948,122.948,0,0,0,0,0,0,0,0.3,0.3,12.78,,,,,122.648,122.648,122.648,122.648,35.06,49.88,35.89,77.85,false,false,-2.85,1.93,"單日成交金額低於5,000萬元；累計營收負成長且當月改善不足；中期趨勢仍向下；ETF短中期同步減碼；主動ETF 5日轉為減碼；外資持股尚未完成5／10日可比核對或期間有非市場異動；此項不給分，不解讀為轉弱；20日趨勢尚未上彎；當下除權息調整價未守20日EMA"
505,1215,卜蜂,TWSE,食品工業,不建立部位,降低部位,trim,停止加碼；反彈未站回恢復區時分批減碼,每個交易日收盤後，確認是否站回恢復區,已有部位先停止加碼。反彈若仍未站回 110.63，分批降低部位；只有站回且ETF／外資賣壓收斂後才重新評估。,價格跌破60日EMA且20日趨勢向下；外資持股5/10日下降且外資5日賣超,43.1,49.3,46.7,85,100,完整,105.5,105.5,1.31,4.69,9.26,65.34,86.75,3.24,12.15,2.84,6.64,4,0,0,0,0,200,0,8.138,-1985.77,-3085.404,-2412.4980000000005,0,0,-22,425,0,0,0,4.127000000000001,39.162000000000006,36.04,-244,-1993,-2778,,6.604,-1989.8970000000002,-3102.566,-2860.872,41.23,22.66,25.34,17.3,false,false,-1.88,-3.65,"單日成交金額低於5,000萬元；中期趨勢仍向下；外資持股5/10日下降，且外資5日賣超；20日趨勢尚未上彎；當下除權息調整價未守20日EMA"
506,1227,佳格,TWSE,食品工業,不建立部位,降低部位,trim,停止加碼；反彈未站回恢復區時分批減碼,每個交易日收盤後，確認是否站回恢復區,已有部位先停止加碼。反彈若仍未站回 28.77，分批降低部位；只有站回且ETF／外資賣壓收斂後才重新評估。,價格跌破60日EMA且20日趨勢向下；外資持股5/10日下降且外資5日賣超,44.8,49.2,49.2,85,100,完整,28,28,10.7,7.39,4.15,40.08,164.89,0.8,17.39,1.39,4.79,1,0,0,0,0,0,0,-468.756,-774.0729999999999,-1276.4119999999998,-3761.9,0,0,-128,-143,0,0,0,11.129999999999999,69.621,6.79,-795,-788,-1005,,-469,-785.203,-1218.033,-3688.0769999999998,38.15,22.05,26.5,13.15,false,true,-1.31,-1.58,"單日成交金額低於5,000萬元；中期趨勢仍向下；外資持股5/10日下降，且外資5日賣超；20日趨勢尚未上彎；當下除權息調整價未守20日EMA"
507,2415,錩新,TWSE,電子零組件業,不建立部位,保護持有,protect,今天不新增部位；未完成確認前不機械式賣出,今天收盤後；若跌破，再看下一交易日是否收復,已有部位暫停加碼；若收盤跌破60日EMA約 27.87，且下一交易日仍未收復，先減碼三分之一；若ETF或外資繼續轉弱，再分批降低部位。,價格跌破60日EMA且20日趨勢向下,45.4,49.2,46.4,85,100,可用,27.25,27.58,-0.6,8.38,6.5,71.54,127.59,0.47,17.36,1.42,5.83,1,0,0,0,0,-32,0,46,-14.371000000000002,57.230999999999995,-224.859,0,0,0,-32,0,0,0,0.6290000000000001,1.985,20.74,57,85,2069,,46,-15,55.246,-195.844,46.41,41.73,30.7,63.8,false,false,-0.63,0.18,"單日成交金額低於5,000萬元；中期趨勢仍向下；外資持股尚未完成5／10日可比核對或期間有非市場異動；此項不給分，不解讀為轉弱；20日趨勢尚未上彎"
508,6743,安普新,TWSE,其他電子業,不建立部位,保護持有,protect,今天不新增部位；未完成確認前不機械式賣出,今天收盤後；若跌破，再看下一交易日是否收復,已有部位暫停加碼；若收盤跌破60日EMA約 28.59，且下一交易日仍未收復，先減碼三分之一；若ETF或外資繼續轉弱，再分批降低部位。,KD高檔死亡交叉（僅屬時機警示）,55.9,49,32.1,85,100,完整,31.1,32.35,12.68,10.16,4.18,75.63,84.26,0,28.02,2.01,9.65,1,3,-15,55,85,99,0,160.18,587.53,673.869,648.287,3.633,55.525999999999996,85.168,99.52000000000001,3,1,1726859,7,16,4.09,137,535,630,,154.547,525.004,572.7010000000001,530.7670000000002,74.29,82.02,82.15,81.77,false,true,6.26,5.78,"單日成交金額低於5,000萬元；KD高檔死亡交叉，等待動能確認"
509,1537,廣隆,TWSE,電機機械,不建立部位,保護持有,protect,今天不新增部位；未完成確認前不機械式賣出,今天收盤後；若跌破，再看下一交易日是否收復,已有部位暫停加碼；若收盤跌破60日EMA約 120.27，且下一交易日仍未收復，先減碼三分之一；若ETF或外資繼續轉弱，再分批降低部位。,價格跌破60日EMA且20日趨勢向下,43.8,48.6,61.3,85,100,完整,115.5,115,10.98,2.73,11.23,32.26,319,4.01,13.97,2.24,6.23,1,0,0,0,0,0,0,-3.984,-20.303,-0.3030000000000008,-254.229,0,0,0,0,0,0,0,0.6809999999999999,-9.319,15.34,-41,-15,63,,-3.984,-20.984,9.015999999999998,-246.053,39.93,44.79,45.67,43.02,false,true,-0.82,-1.28,"單日成交金額低於5,000萬元；中期趨勢仍向下；20日趨勢尚未上彎；當下除權息調整價未守20日EMA"
510,3059,華晶科,TWSE,光電業,不建立部位,保護持有,protect,今天不新增部位；未完成確認前不機械式賣出,今天收盤後；若跌破，再看下一交易日是否收復,已有部位暫停加碼；若收盤跌破60日EMA約 39.91，且下一交易日仍未收復，先減碼三分之一；若ETF或外資繼續轉弱，再分批降低部位。,價格跌破60日EMA且20日趨勢向下,46.7,48.6,56.2,85,100,完整,37.85,38.2,8.25,7.21,6.46,35.86,200.37,0.64,30.04,1.14,2.64,2,0,0,0,50,175,0,96.469,582.5440000000001,1018.028,-1158.498,0,0,50,175,0,0,0,-19.42,-44.60000000000001,7.83,-163,519,1120,,97,601.964,1012.628,-1107.096,40.87,59.53,56.41,65.77,false,false,-1.2,-0.79,"單日成交金額低於5,000萬元；中期趨勢仍向下；20日趨勢尚未上彎；當下除權息調整價未守20日EMA"
511,3558,神準,TPEX,通信網路業,不建立部位,保護持有,protect,今天不新增部位；未完成確認前不機械式賣出,今天收盤後；若跌破，再看下一交易日是否收復,已有部位暫停加碼；若收盤跌破60日EMA約 124.86，且下一交易日仍未收復，先減碼三分之一；若ETF或外資繼續轉弱，再分批降低部位。,未觸發明確減碼訊號,52.6,48.5,36.5,85,100,可用,124.5,125.25,36.8,-8.32,1.15,56.65,127.18,0.81,58.18,1.23,2.41,1,0,0,0,0,0,0,32.5,32.5,32.5,32.5,0,0,0,0,0,0,0,13.499,13.499,3.67,,,,,19.001,19.001,19.001,19.001,52.83,70.13,59.46,91.48,false,false,1.46,2.89,"單日成交金額低於5,000萬元；中期趨勢仍向下；外資持股尚未完成5／10日可比核對或期間有非市場異動；此項不給分，不解讀為轉弱；20日趨勢尚未上彎"
512,6203,海韻電,TPEX,電子零組件業,不建立部位,優先降低風險,risk,依風險與流動性分批降低部位,風險解除且基本面與趨勢重新確認後,已有部位應優先降低曝險；目前觸發「單月與累計營收同步明顯衰退」。待事件解除或基本面重新確認後再評估。,單月與累計營收同步明顯衰退,42.6,48.4,71.2,85,100,可用,59.9,59.45,-32.19,-30.32,11.15,23.84,383.27,1.89,9.12,1.68,6.68,1,0,0,0,0,0,0,22,22,22,22,0,0,0,0,0,0,0,0,0,3.13,,,,,22,22,22,22,45.83,28.31,25.08,34.78,true,true,-0.14,0.5,"單日成交金額低於5,000萬元；營收動能同步衰退；累計營收負成長且當月改善不足；外資持股尚未完成5／10日可比核對或期間有非市場異動；此項不給分，不解讀為轉弱；當下除權息調整價未守20日EMA"
513,3622,洋華,TWSE,光電業,不建立部位,優先降低風險,risk,依風險與流動性分批降低部位,風險解除且基本面與趨勢重新確認後,已有部位應優先降低曝險；目前觸發「價格跌破60日EMA且20日趨勢向下」。待事件解除或基本面重新確認後再評估。,價格跌破60日EMA且20日趨勢向下；單月與累計營收同步明顯衰退,37.4,48,77.8,85,100,完整,44.65,44.85,-35.95,-8.19,21.64,14.28,649.81,1.1,8.75,0.86,7.17,1,0,0,0,-2,-2,0,49.095,-253.464,-385.168,-1758.0970000000002,0,0,-1.914,-1.914,0,0,0,-93.464,-87.905,2.63,61,-8,240,,47,-160,-295.349,-1740.765,32.01,25.09,26.34,22.6,false,true,-5.56,-3.98,"單日成交金額低於5,000萬元；營收動能同步衰退；累計營收負成長且當月改善不足；中期趨勢仍向下；20日趨勢尚未上彎；當下除權息調整價未守20日EMA"
514,1712,興農,TWSE,化學工業,不建立部位,降低部位,trim,停止加碼；反彈未站回恢復區時分批減碼,每個交易日收盤後，確認是否站回恢復區,已有部位先停止加碼。反彈若仍未站回 39.96，分批降低部位；只有站回且ETF／外資賣壓收斂後才重新評估。,價格跌破60日EMA且20日趨勢向下；外資持股5/10日下降且外資5日賣超,48,47.9,45.5,85,100,完整,39.6,39.7,-2.71,4.31,8.25,47.84,141.74,1.56,14.94,2.03,6.31,2,11,-46,168,257,278,0,-429.715,-746.9269999999999,-1643.6109999999999,-551.3919999999999,16.996,176.04699999999997,289.75499999999994,306.25999999999993,3,1,6971461,4.974,-156.66699999999997,12.53,-507,-906,-1627,,-446.948,-927.948,-1776.699,-638.5139999999999,43.71,15.98,22.17,3.6,false,false,-0.9,-1.12,"單日成交金額低於5,000萬元；中期趨勢仍向下；外資持股5/10日下降，且外資5日賣超；20日趨勢尚未上彎；當下除權息調整價未守20日EMA"
515,6719,力智,TWSE,半導體業,不建立部位,優先降低風險,risk,依風險與流動性分批降低部位,風險解除且基本面與趨勢重新確認後,已有部位應優先降低曝險；目前觸發「價格跌破60日EMA且20日趨勢向下」。待事件解除或基本面重新確認後再評估。,價格跌破60日EMA且20日趨勢向下；單月與累計營收同步明顯衰退,48.9,47.8,64.8,85,100,完整,184,184.5,-15.97,-7.64,17.85,18.57,987.87,4.2,20.72,1.38,2.5,2,10,30,30,30,51,0,53.481,-44.198,-40.994000000000014,275.1779999999999,10,30,8,22,2,0,5520000,13.267999999999999,19.567,6.87,62,82,188,,43.339,-87.466,-68.56099999999999,297.22600000000006,43.04,47.11,45.06,51.23,false,false,-1.37,-0.27,營收動能同步衰退；累計營收負成長且當月改善不足；中期趨勢仍向下；20日趨勢尚未上彎；當下除權息調整價未守20日EMA
516,3015,全漢,TWSE,電子零組件業,不建立部位,保護持有,protect,今天不新增部位；未完成確認前不機械式賣出,今天收盤後；若跌破，再看下一交易日是否收復,已有部位暫停加碼；若收盤跌破60日EMA約 54.30，且下一交易日仍未收復，先減碼三分之一；若ETF或外資繼續轉弱，再分批降低部位。,價格跌破60日EMA且20日趨勢向下,52.8,47.7,53.8,85,100,完整,53.7,54.2,1.3,-5.23,0.56,29.03,188.6,1.08,21.14,0.67,4.1,5,0,0,0,0,214,0,-31.5,40.094,62.60600000000001,-265.17599999999993,0,0,0.21999999999999886,214.22,0,0,0,0.8999999999999995,-5.852,9.39,-78,43,80,,-33.5,39.19399999999999,68.23799999999999,-442.933,53.57,65.47,55.69,85.04,false,false,1.61,3.67,"單日成交金額低於5,000萬元；累計營收負成長且當月改善不足；中期趨勢仍向下；20日趨勢尚未上彎；單季稅前獲利對營業外貢獻依賴偏高"
517,4571,鈞興-KY,TWSE,電機機械,不建立部位,保護持有,protect,今天不新增部位；未完成確認前不機械式賣出,今天收盤後；若跌破，再看下一交易日是否收復,已有部位暫停加碼；若收盤跌破60日EMA約 159.39，且下一交易日仍未收復，先減碼三分之一；若ETF或外資繼續轉弱，再分批降低部位。,價格跌破60日EMA且20日趨勢向下,45.6,47.7,61.8,85,100,完整,152.5,152,-4.01,2.64,17.19,25.38,311.88,4.16,17.04,2.43,3.46,1,0,0,0,0,0,0,0.185,7.429000000000002,-20.621000000000002,-295.407,0,0,0,0,0,0,0,-6,-8.501,63.12,2,11,-2,,5.185,13.428999999999998,-12.12,-279.198,46.3,76.37,59.5,110.13,false,false,-0.48,0.66,"單日成交金額低於5,000萬元；中期趨勢仍向下；20日趨勢尚未上彎；當下除權息調整價未守20日EMA"
518,2528,皇普,TWSE,建材營造,不建立部位,優先降低風險,risk,依風險與流動性分批降低部位,風險解除且基本面與趨勢重新確認後,已有部位應優先降低曝險；目前觸發「單月與累計營收同步明顯衰退」。待事件解除或基本面重新確認後再評估。,單月與累計營收同步明顯衰退,49.2,47.5,53.1,85,100,完整,19.3,19.9,-76.39,-62.18,23.42,65.26,190.14,0.57,7.85,1.12,15.54,1,10,-43,157,240,321,0,-178.732,-121.06600000000003,-309.39300000000003,253.616,10.268,156.92000000000002,240.68800000000005,321.12500000000006,3,1,3028556,-330,-951.545,1.61,-110,-72,-198,,-130,52.01400000000001,401.464,883.0360000000001,40.46,31.72,43.42,8.3,false,true,-2.98,-2.03,"單日成交金額低於5,000萬元；營收動能同步衰退；累計營收負成長且當月改善不足；中期趨勢仍向下；ETF加碼，但外資持股5/10日同步下降；20日趨勢尚未上彎"
519,9938,百和,TWSE,其他,不建立部位,保護持有,protect,今天不新增部位；未完成確認前不機械式賣出,今天收盤後；若跌破，再看下一交易日是否收復,已有部位暫停加碼；若收盤跌破60日EMA約 41.63，且下一交易日仍未收復，先減碼三分之一；若ETF或外資繼續轉弱，再分批降低部位。,價格跌破60日EMA且20日趨勢向下,48.4,47.4,52.2,85,100,完整,38.2,38.25,-3.18,1.5,11.5,53.33,110.43,1.36,11.75,0.87,7.85,2,13,-55,188,287,-229,0,141.571,178.04799999999997,-71.08999999999992,-3157.5249999999996,20.535,195.99,294.68399999999997,-221.45200000000003,3,2,7486818,13.496,-141.577,7.43,65,109,-112,,119,-31.437999999999988,-224.197,-2440.615,29.65,33.15,25.07,49.3,false,false,-2.71,1.33,"單日成交金額低於5,000萬元；中期趨勢仍向下；20日趨勢尚未上彎；當下除權息調整價未守20日EMA"
520,2373,震旦行,TWSE,其他電子業,不建立部位,降低部位,trim,停止加碼；反彈未站回恢復區時分批減碼,每個交易日收盤後，確認是否站回恢復區,已有部位先停止加碼。反彈若仍未站回 53.79，分批降低部位；只有站回且ETF／外資賣壓收斂後才重新評估。,價格跌破60日EMA且20日趨勢向下；外資持股5/10日下降且外資5日賣超,40,47.3,55.1,85,100,完整,52.5,52.65,3.6,-1.83,5.2,51.07,134.22,1.63,14.04,1.59,7.05,1,0,0,0,0,0,0,-6,-12,-1,17.391,0,0,0,0,0,0,0,1,12,1.4,-6,-13,-16,,-6,-13,-13,8.390999999999998,37.39,36.62,44.62,20.62,false,true,-0.97,-1.13,"單日成交金額低於5,000萬元；累計營收負成長且當月改善不足；中期趨勢仍向下；外資持股5/10日下降，且外資5日賣超；20日趨勢尚未上彎；當下除權息調整價未守20日EMA"
521,9910,豐泰,TWSE,運動休閒,不建立部位,保護持有,protect,今天不新增部位；未完成確認前不機械式賣出,今天收盤後；若跌破，再看下一交易日是否收復,已有部位暫停加碼；若收盤跌破60日EMA約 69.68，且下一交易日仍未收復，先減碼三分之一；若ETF或外資繼續轉弱，再分批降低部位。,未觸發明確減碼訊號,59.4,47.2,36.6,85,100,完整,69.1,68.9,-2.79,-2.94,4.99,51.08,137.19,1.71,14.04,2.89,5.93,8,9,134,244,1993,2679,0,32.916,1314.7350000000001,2227.3990000000003,4478.398,9,244,1992.8159999999998,2668.346,5,0,16860400,9.751,58.559999999999995,5.87,105,1309,867,,25.005,1060.984,176.02299999999985,1628.403,50.86,54.86,45.41,73.77,false,false,0.32,1.02,"單日成交金額低於5,000萬元；累計營收負成長且當月改善不足"
522,2543,皇昌,TWSE,建材營造,不建立部位,保護持有,protect,今天不新增部位；未完成確認前不機械式賣出,今天收盤後；若跌破，再看下一交易日是否收復,已有部位暫停加碼；若收盤跌破60日EMA約 39.55，且下一交易日仍未收復，先減碼三分之一；若ETF或外資繼續轉弱，再分批降低部位。,價格跌破60日EMA且20日趨勢向下,46.7,47.1,40.2,85,100,完整,38.15,37.9,51.51,59.41,12.32,57.93,101.48,1.34,13.2,2.1,4.01,1,0,0,0,0,0,0,252.132,-79.60600000000005,903.4529999999999,1770.0869999999995,0,0,-71,-81,0,0,0,8.897,41.794999999999995,1.82,354,-546,275,,253.071,-88.50299999999999,932.6579999999999,1857.5990000000002,46.74,33.19,38.54,22.5,false,false,-0.84,-3.3,"單日成交金額低於5,000萬元；中期趨勢仍向下；20日趨勢尚未上彎；當下除權息調整價未守20日EMA"
523,1810,和成,TWSE,玻璃陶瓷,不建立部位,保護持有,protect,今天不新增部位；未完成確認前不機械式賣出,今天收盤後；若跌破，再看下一交易日是否收復,已有部位暫停加碼；若收盤跌破60日EMA約 24.09，且下一交易日仍未收復，先減碼三分之一；若ETF或外資繼續轉弱，再分批降低部位。,價格跌破60日EMA且20日趨勢向下,43.9,46.8,61.6,85,100,完整,23.7,23.5,4.61,-6.31,-10.35,20.16,316.24,3.62,6.48,0.84,0.84,1,0,0,0,-23,28,0,91.23,746.604,1429.8220000000003,1367.232,0,0,-23.185,27.967999999999996,0,0,0,7,20.207,2.09,88,751,1474,,91.473,739.604,1432.8000000000002,1341.334,43.45,42.8,38.55,51.3,false,false,-1.64,-1.46,"單日成交金額低於5,000萬元；累計營收負成長且當月改善不足；中期趨勢仍向下；20日趨勢尚未上彎；當下除權息調整價未守20日EMA；單季稅前獲利對營業外貢獻依賴偏高"
524,6281,全國電,TWSE,電子通路業,不建立部位,保護持有,protect,今天不新增部位；未完成確認前不機械式賣出,今天收盤後；若跌破，再看下一交易日是否收復,已有部位暫停加碼；若收盤跌破60日EMA約 51.44，且下一交易日仍未收復，先減碼三分之一；若ETF或外資繼續轉弱，再分批降低部位。,價格跌破60日EMA且20日趨勢向下,44.4,46.6,43.8,85,100,完整,51.2,51.15,3.33,-0.17,2.85,72.06,130.4,2.26,13.73,1.82,6.45,1,0,0,0,0,0,0,-7,2,-6,7.881,0,0,0,0,0,0,0,1,3,2.62,-6,-3,-25,,-7,1,-9,-0.11899999999999977,48.68,29.62,22.74,43.37,true,false,0,0.2,"單日成交金額低於5,000萬元；累計營收負成長且當月改善不足；中期趨勢仍向下；20日趨勢尚未上彎；當下除權息調整價未守20日EMA"
525,4549,桓達,TPEX,電機機械,不建立部位,保護持有,protect,今天不新增部位；未完成確認前不機械式賣出,今天收盤後；若跌破，再看下一交易日是否收復,已有部位暫停加碼；若收盤跌破60日EMA約 96.99，且下一交易日仍未收復，先減碼三分之一；若ETF或外資繼續轉弱，再分批降低部位。,價格跌破60日EMA且20日趨勢向下,42.2,46.5,61.5,85,100,可用,96.2,96.5,5.66,-6.99,23.7,33.36,475.96,2.28,23.64,2.9,3.33,1,0,0,0,0,0,0,6.628,6.628,6.628,6.628,0,0,0,0,0,0,0,-0.372,-0.372,1.21,,,,,7,7,7,7,47.56,51.86,47.59,60.38,false,false,-0.74,-0.82,"單日成交金額低於5,000萬元；累計營收負成長且當月改善不足；中期趨勢仍向下；外資持股尚未完成5／10日可比核對或期間有非市場異動；此項不給分，不解讀為轉弱；20日趨勢尚未上彎；當下除權息調整價未守20日EMA"
526,6143,振曜,TPEX,通信網路業,不建立部位,保護持有,protect,今天不新增部位；未完成確認前不機械式賣出,今天收盤後；若跌破，再看下一交易日是否收復,已有部位暫停加碼；若收盤跌破60日EMA約 88.20，且下一交易日仍未收復，先減碼三分之一；若ETF或外資繼續轉弱，再分批降低部位。,價格跌破60日EMA且20日趨勢向下,36.5,46.5,61.9,85,100,可用,81,80.5,-12.97,11.48,10.45,43.35,196.37,3.03,10.29,2.46,7.41,1,0,0,0,-1,-1,0,-52.455,-52.455,-52.455,-52.455,0,0,0,0,0,0,0,-0.455,-0.455,5.62,,,,,-52,-52,-52,-52,33.38,40.24,41.74,37.23,false,true,-3.24,-2.17,"單日成交金額低於5,000萬元；中期趨勢仍向下；外資持股尚未完成5／10日可比核對或期間有非市場異動；此項不給分，不解讀為轉弱；20日趨勢尚未上彎；當下除權息調整價未守20日EMA"
527,6768,志強-KY,TWSE,運動休閒,不建立部位,降低部位,trim,停止加碼；反彈未站回恢復區時分批減碼,每個交易日收盤後，確認是否站回恢復區,已有部位先停止加碼。反彈若仍未站回 67.55，分批降低部位；只有站回且ETF／外資賣壓收斂後才重新評估。,價格跌破60日EMA且20日趨勢向下；ETF 5/10日同步減碼,39.9,46.3,58.2,85,100,完整,62.5,62.5,6.86,-2.38,5.93,38.72,218.82,2.67,12.53,0.85,8.26,1,0,-2,-2,-4,-18,0,-44.026,54.385999999999996,319.12800000000004,-61.30599999999998,3,1.017,-0.9640000000000002,-80.81400000000001,1,1,63562,2.132,2.792,57.68,-148,-200,-59,,-47,51.236999999999995,317.3,21.219999999999985,39.4,55.43,51.29,63.72,false,false,-1.15,-0.64,"單日成交金額低於5,000萬元；累計營收負成長且當月改善不足；中期趨勢仍向下；ETF短中期同步減碼；20日趨勢尚未上彎；當下除權息調整價未守20日EMA"
528,1707,葡萄王,TWSE,生技醫療業,不建立部位,優先降低風險,risk,依風險與流動性分批降低部位,風險解除且基本面與趨勢重新確認後,已有部位應優先降低曝險；目前觸發「價格跌破60日EMA且20日趨勢向下」。待事件解除或基本面重新確認後再評估。,價格跌破60日EMA且20日趨勢向下；外資持股5/10日下降且外資5日賣超；單月與累計營收同步明顯衰退,39.3,46.1,64.2,85,100,完整,85.9,86.5,-20.14,-5.36,15.96,22.65,158.79,2.75,11.08,1.24,6.98,1,0,0,0,0,0,0,-245.206,-457.65099999999995,-1293.479,-1679.571,2,2,2,2,1,0,171800,1.459,0.21299999999999836,12.18,-409,-659,-1324,,-247.746,-461.11,-1295.692,-1663.435,33.76,13.96,17.37,7.15,true,true,-2.55,-1.6,"單日成交金額低於5,000萬元；營收動能同步衰退；累計營收負成長且當月改善不足；中期趨勢仍向下；外資持股5/10日下降，且外資5日賣超；20日趨勢尚未上彎；當下除權息調整價未守20日EMA"
529,4942,嘉彰,TWSE,光電業,不建立部位,優先降低風險,risk,依風險與流動性分批降低部位,風險解除且基本面與趨勢重新確認後,已有部位應優先降低曝險；目前觸發「價格跌破60日EMA且20日趨勢向下」。待事件解除或基本面重新確認後再評估。,價格跌破60日EMA且20日趨勢向下；單月與累計營收同步明顯衰退,43.2,46,66.5,85,100,完整,31.95,32.2,-13.5,-7.99,4.58,18.47,371.26,0.77,11.02,0.49,6.26,1,0,0,0,0,0,0,-15,-41.45,-117.33999999999999,-301.014,0,0,0,0,0,0,0,-1.5,5.529999999999999,6.12,-15,-25,13,,-15,-39.95,-122.87,-305.603,40.36,51.14,36.98,79.48,false,false,-0.47,2.08,"單日成交金額低於5,000萬元；營收動能同步衰退；累計營收負成長且當月改善不足；中期趨勢仍向下；20日趨勢尚未上彎"
530,2923,鼎固-KY,TWSE,建材營造,不建立部位,降低部位,trim,停止加碼；反彈未站回恢復區時分批減碼,每個交易日收盤後，確認是否站回恢復區,已有部位先停止加碼。反彈若仍未站回 26.39，分批降低部位；只有站回且ETF／外資賣壓收斂後才重新評估。,價格跌破60日EMA且20日趨勢向下；外資持股5/10日下降且外資5日賣超,41,45.9,47.6,85,100,完整,23.9,24.17,218.99,159.22,14.07,58.69,288.95,-0.11,,0.9,0.5,1,0,0,0,0,0,0,-33.99,-113.39900000000002,-195.025,-315.15099999999995,0,0,0,0,0,0,0,31.591,87.965,99.49,-58,-145,-279,,-57.99,-144.99,-282.99,-398.725,43.18,47.04,52.29,36.52,false,true,-6.24,-11.81,"單日成交金額低於5,000萬元；中期趨勢仍向下；外資持股5/10日下降，且外資5日賣超；20日趨勢尚未上彎；當下除權息調整價未守20日EMA"
531,3078,僑威,TPEX,電子零組件業,不建立部位,優先降低風險,risk,依風險與流動性分批降低部位,風險解除且基本面與趨勢重新確認後,已有部位應優先降低曝險；目前觸發「價格跌破60日EMA且20日趨勢向下」。待事件解除或基本面重新確認後再評估。,價格跌破60日EMA且20日趨勢向下；單月與累計營收同步明顯衰退,48.3,45.9,61.1,85,100,可用,45.65,47,-49.34,-46.93,6.99,35.08,273.61,1.02,12.68,1.52,8.76,3,9,-38,140,216,278,0,43.308,43.308,43.308,43.308,14.181,14.181,14.181,14.181,1,0,647363,19.127,19.127,12.39,,,,,10,10,10,10,41.12,73.58,65.45,89.85,false,false,-1.49,2.58,"單日成交金額低於5,000萬元；營收動能同步衰退；累計營收負成長且當月改善不足；中期趨勢仍向下；外資持股尚未完成5／10日可比核對或期間有非市場異動；此項不給分，不解讀為轉弱；20日趨勢尚未上彎"
532,4420,光明,TPEX,紡織纖維,不建立部位,保護持有,protect,今天不新增部位；未完成確認前不機械式賣出,今天收盤後；若跌破，再看下一交易日是否收復,已有部位暫停加碼；若收盤跌破60日EMA約 37.22，且下一交易日仍未收復，先減碼三分之一；若ETF或外資繼續轉弱，再分批降低部位。,價格跌破60日EMA且20日趨勢向下,45.3,45.9,55.2,85,100,可用,35.8,36.08,13.51,-6.33,2.22,11.91,222.84,0.94,26.72,1.02,8.38,1,1,-4,12,19,24,0,-1.196,-1.196,-1.196,-1.196,0.804,0.804,0.804,0.804,1,0,28783,0,0,0.81,,,,,-2,-2,-2,-2,38.05,17.27,24.02,3.79,false,false,-3.27,-0.83,"單日成交金額低於5,000萬元；中期趨勢仍向下；外資持股尚未完成5／10日可比核對或期間有非市場異動；此項不給分，不解讀為轉弱；20日趨勢尚未上彎；當下除權息調整價未守20日EMA；單季稅前獲利對營業外貢獻依賴偏高"
533,3545,敦泰,TWSE,半導體業,不建立部位,保護持有,protect,今天不新增部位；未完成確認前不機械式賣出,今天收盤後；若跌破，再看下一交易日是否收復,已有部位暫停加碼；若收盤跌破60日EMA約 51.11，且下一交易日仍未收復，先減碼三分之一；若ETF或外資繼續轉弱，再分批降低部位。,未觸發明確減碼訊號,62.2,45.5,34.6,85,100,完整,51.9,52,-8.27,-12.95,-5.92,33.53,207.81,0.64,,1.27,1.56,2,10,30,30,30,30,0,100.345,536.322,1465.69,2171.004,10,30,30,30,2,0,1557000,21.323999999999998,19.872999999999998,15.76,22,457,1498,,74.325,484.99799999999993,1415.817,2155.969,56.65,66.17,63.59,71.31,false,false,2.42,0.58,"單日成交金額低於5,000萬元；累計營收負成長且當月改善不足；單季稅前獲利對營業外貢獻依賴偏高"
534,3576,聯合再生,TWSE,光電業,不建立部位,優先降低風險,risk,依風險與流動性分批降低部位,風險解除且基本面與趨勢重新確認後,已有部位應優先降低曝險；目前觸發「單月與累計營收同步明顯衰退」。待事件解除或基本面重新確認後再評估。,單月與累計營收同步明顯衰退,60.9,45.4,33.4,85,100,完整,17.95,18.2,-13.03,-14.58,-55.84,46.52,154.12,0.93,33.24,2.26,,1,0,0,0,0,0,0,858.866,5033.362000000001,8407.209000000003,8348.841000000002,0,0.1,0.1,0.1,1,0,1795,15,90,15.44,859,5018,8320,,858.866,5018.262000000001,8317.109,8337.741,58.5,67.58,58.48,85.77,false,false,4,4.97,營收動能同步衰退；累計營收負成長且當月改善不足；單季稅前獲利對營業外貢獻依賴偏高
535,2903,遠百,TWSE,貿易百貨,不建立部位,降低部位,trim,停止加碼；反彈未站回恢復區時分批減碼,每個交易日收盤後，確認是否站回恢復區,已有部位先停止加碼。反彈若仍未站回 22.29，分批降低部位；只有站回且ETF／外資賣壓收斂後才重新評估。,價格跌破60日EMA且20日趨勢向下；外資持股5/10日下降且外資5日賣超,44.9,45.3,41.2,85,100,完整,21.9,21.95,-0.64,-0.5,14.05,73.04,49.46,0.55,14.7,1.03,5.71,4,0,185,185,10,2282,0,-668.801,-311.827,-2639.786,-2700.9090000000006,0,185,-247,1986,1,0,4051500,26.933,186.12699999999998,7.87,-972,-773,-1878,,-703.734,-523.76,-2578.913,-4973.512000000001,42.39,42.71,47.07,33.99,false,true,-1.29,-1.35,"單日成交金額低於5,000萬元；累計營收負成長且當月改善不足；中期趨勢仍向下；外資持股5/10日下降，且外資5日賣超；20日趨勢尚未上彎；當下除權息調整價未守20日EMA"
536,8163,達方,TWSE,電腦及週邊設備業,不建立部位,保護持有,protect,今天不新增部位；未完成確認前不機械式賣出,今天收盤後；若跌破，再看下一交易日是否收復,已有部位暫停加碼；若收盤跌破60日EMA約 31.83，且下一交易日仍未收復，先減碼三分之一；若ETF或外資繼續轉弱，再分批降低部位。,價格跌破60日EMA且20日趨勢向下,46,45.2,38.2,85,100,完整,30.15,30.2,11.18,10.46,1.68,61.95,138.69,0.51,50.25,0.77,1.66,1,0,0,0,0,0,0,185.767,471.773,288.47799999999995,-460.1390000000001,0,0,0,0,0,0,0,1.1950000000000003,31.465999999999998,9.06,-213,21,-170,,180.016,470.578,257.01200000000006,-488.4619999999999,45.32,62.92,53.82,81.1,false,false,-0.57,1.01,"單日成交金額低於5,000萬元；中期趨勢仍向下；20日趨勢尚未上彎；當下除權息調整價未守20日EMA"
537,2387,精元,TWSE,電腦及週邊設備業,不建立部位,優先降低風險,risk,依風險與流動性分批降低部位,風險解除且基本面與趨勢重新確認後,已有部位應優先降低曝險；目前觸發「外資持股5/10日下降且外資5日賣超」。待事件解除或基本面重新確認後再評估。,外資持股5/10日下降且外資5日賣超；單月與累計營收同步明顯衰退,49,44.9,52.8,85,100,完整,36.25,36.67,-17.12,-13.16,1.59,42.64,184.67,0.66,12.16,0.67,11.03,3,8,-32,119,180,218,0,-76.547,74.848,138.326,215.156,7.795,119.12299999999999,180.07,218.281,3,1,4318209,1.658,17.148,8.69,-117,-90,-161,,-84,-45.93300000000001,-58.89200000000001,-3.5490000000000066,42.86,52.21,62.33,31.97,false,true,-1.15,-1.63,"單日成交金額低於5,000萬元；營收動能同步衰退；累計營收負成長且當月改善不足；外資持股5/10日下降，且外資5日賣超"
538,2597,潤弘,TWSE,建材營造,不建立部位,保護持有,protect,今天不新增部位；未完成確認前不機械式賣出,今天收盤後；若跌破，再看下一交易日是否收復,已有部位暫停加碼；若收盤跌破60日EMA約 168.15，且下一交易日仍未收復，先減碼三分之一；若ETF或外資繼續轉弱，再分批降低部位。,價格跌破60日EMA且20日趨勢向下,45.4,44.5,34.4,85,100,完整,167,167,40.91,16.72,13.16,68.77,112.85,5.08,14.32,6.98,5.79,5,0,0,0,-3,53,0,17.228,-59.23,78.419,1253.966,1,3,29.499,85.017,3,0,501000,-1.7219999999999995,32.125,2.4,29,-23,8,,16.942,-60.508,16.794999999999995,1114.7800000000002,44.65,25.22,34.64,6.37,false,false,-1.35,-3.19,"單日成交金額低於5,000萬元；中期趨勢仍向下；20日趨勢尚未上彎；當下除權息調整價未守20日EMA"
539,2385,群光,TWSE,電子零組件業,不建立部位,優先降低風險,risk,依風險與流動性分批降低部位,風險解除且基本面與趨勢重新確認後,已有部位應優先降低曝險；目前觸發「價格跌破60日EMA且20日趨勢向下」。待事件解除或基本面重新確認後再評估。,價格跌破60日EMA且20日趨勢向下；ETF 5/10日同步減碼；投信5/10日持續且具金額意義地賣超,44.6,44.2,49.8,85,100,可用,104.5,105,-23.13,-8.49,5.03,52.04,143.4,5.06,11.73,1.71,6.89,23,-12,-13,-73,-204,-117,0,288.077,-98.88000000000002,2106.0899999999997,4926.8279999999995,-30.3,-143.70499999999998,-231.44699999999997,54.57500000000002,1,4,-15017172,82.744,165.13099999999997,24.53,379,-719,1847,,285.969,-37.91900000000003,2172.406,4739.156,44.81,41.4,43.99,36.21,false,true,-0.98,-1.42,營收動能同步衰退；累計營收負成長且當月改善不足；中期趨勢仍向下；ETF短中期同步減碼；ETF 1/3日已轉為減碼；投信5/10日持續且具金額意義的賣超；20日趨勢尚未上彎；當下除權息調整價未守20日EMA
540,9930,中聯資源,TWSE,綠能環保,不建立部位,降低部位,trim,停止加碼；反彈未站回恢復區時分批減碼,每個交易日收盤後，確認是否站回恢復區,已有部位先停止加碼。反彈若仍未站回 63.16，分批降低部位；只有站回且ETF／外資賣壓收斂後才重新評估。,價格跌破60日EMA且20日趨勢向下；外資持股5/10日下降且外資5日賣超,40,43.4,50.9,85,100,完整,60.2,60.1,6.03,-3.03,9.79,43.21,90.16,2.16,13.62,2.42,6.64,2,0,0,0,0,-1,0,0.257,-56.67699999999999,-105.993,-141.16899999999998,0,0,0,-1,0,0,0,1.7830000000000001,26.617000000000004,1.91,2,-57,-168,,0,-58.46,-132.61,-151.14600000000002,27.04,6.82,11.38,-2.28,false,false,-2.18,-1.79,"單日成交金額低於5,000萬元；累計營收負成長且當月改善不足；中期趨勢仍向下；外資持股5/10日下降，且外資5日賣超；20日趨勢尚未上彎；當下除權息調整價未守20日EMA"
541,8039,台虹,TWSE,電子零組件業,不建立部位,優先降低風險,risk,依風險與流動性分批降低部位,風險解除且基本面與趨勢重新確認後,已有部位應優先降低曝險；目前觸發「外資持股5/10日下降且外資5日賣超」。待事件解除或基本面重新確認後再評估。,外資持股5/10日下降且外資5日賣超；單月與累計營收同步明顯衰退,57.8,43.3,42.1,85,93,可用,273.5,274,-13.83,-0.91,6.25,32.38,237.55,1.56,86.83,6.44,0.73,4,0,0,0,41,107,0,-751.484,-2064.8,-7049.493000000001,-26216.807,70,72,-3421,-3732,3,0,19692000,-179.44899999999998,44.93299999999999,14.56,-1259,-2743,-2864,,-1009.153,-1957.351,-3673.4260000000004,-21992.586000000003,50.78,31.23,20.38,52.95,true,true,0.09,1.48,營收動能同步衰退；累計營收負成長且當月改善不足；外資持股5/10日下降，且外資5日賣超；20日趨勢尚未上彎；估值高，現有成長幅度尚未支撐目前估值
542,2540,愛山林,TWSE,建材營造,不建立部位,保護持有,protect,今天不新增部位；未完成確認前不機械式賣出,今天收盤後；若跌破，再看下一交易日是否收復,已有部位暫停加碼；若收盤跌破60日EMA約 49.96，且下一交易日仍未收復，先減碼三分之一；若ETF或外資繼續轉弱，再分批降低部位。,未觸發明確減碼訊號,46.4,43,29.6,85,100,完整,47.6,47.6,98.38,-25.15,2.6,82.96,121.15,0.02,,4.18,12.61,1,0,0,0,0,0,0,-53.78,273.59299999999996,700.5319999999999,1202.0139999999997,0,0,0,0,0,0,0,21,147,1.72,-65,169,596,,-53.78,252.593,553.532,1048.9240000000002,44.33,23.89,37.05,-2.44,false,false,-2.4,-5.93,"單日成交金額低於5,000萬元；當下除權息調整價未守20日EMA"
543,2371,大同,TWSE,電機機械,不建立部位,優先降低風險,risk,依風險與流動性分批降低部位,風險解除且基本面與趨勢重新確認後,已有部位應優先降低曝險；目前觸發「ETF 5/10日同步減碼」。待事件解除或基本面重新確認後再評估。,ETF 5/10日同步減碼；單月與累計營收同步明顯衰退,57.1,42.8,30,85,100,完整,29.35,29.55,-11.49,-0.69,4.56,60.69,195.43,0.91,,1.25,,2,0,0,-1,-370,187,0,-323.705,4185.012,12795.637999999997,16542.873,0,-0.861,-377.861,179.139,0,1,-25270,62.72899999999996,384.301,7.07,-1188,6196,14145,,-585.636,4123.143999999999,12789.198,16202.273,58.45,61.24,63.96,55.81,false,true,2.83,0.51,營收動能同步衰退；累計營收負成長且當月改善不足；ETF短中期同步減碼；20日累積後5日轉為調節
544,6790,永豐實,TWSE,造紙工業,不建立部位,保護持有,protect,今天不新增部位；未完成確認前不機械式賣出,今天收盤後；若跌破，再看下一交易日是否收復,已有部位暫停加碼；若收盤跌破60日EMA約 38.39，且下一交易日仍未收復，先減碼三分之一；若ETF或外資繼續轉弱，再分批降低部位。,價格跌破60日EMA且20日趨勢向下,40.8,42.8,47.1,85,100,完整,37.6,37.78,-4.1,-2.43,8.88,48.59,152.4,1.52,12.21,1.8,7.05,1,0,0,0,0,0,0,-21.698,17.652,110.45200000000001,82.34400000000001,3,3,3,3,1,0,112800,3.652,13.452,1.93,-25,9,80,,-25,11,94,64.543,38.16,22.87,29.68,9.23,false,true,-0.74,-0.53,"單日成交金額低於5,000萬元；累計營收負成長且當月改善不足；中期趨勢仍向下；20日趨勢尚未上彎；當下除權息調整價未守20日EMA"
545,1444,力麗,TWSE,紡織纖維,不建立部位,保護持有,protect,今天不新增部位；未完成確認前不機械式賣出,今天收盤後；若跌破，再看下一交易日是否收復,已有部位暫停加碼；若收盤跌破60日EMA約 7.14，且下一交易日仍未收復，先減碼三分之一；若ETF或外資繼續轉弱，再分批降低部位。,價格跌破60日EMA且20日趨勢向下,46.9,42.4,30.7,85,100,完整,6.94,6.95,-14.56,16.04,-1.41,44.94,88.37,0.14,,0.68,,1,0,0,0,0,-52,0,272.888,117.79599999999996,-441.76000000000005,-3783.1229999999996,0,0,0,-52,0,0,0,-332,296,5.19,366,543,-120,,357.888,449.79599999999994,-737.76,-4028.1229999999996,47.29,57.64,48.12,76.68,false,false,-0.15,1.91,"單日成交金額低於5,000萬元；中期趨勢仍向下；20日趨勢尚未上彎；當下除權息調整價未守20日EMA；單季稅前獲利對營業外貢獻依賴偏高"
546,6592,和潤企業,TWSE,其他,不建立部位,降低部位,trim,停止加碼；反彈未站回恢復區時分批減碼,每個交易日收盤後，確認是否站回恢復區,已有部位先停止加碼。反彈若仍未站回 60.17，分批降低部位；只有站回且ETF／外資賣壓收斂後才重新評估。,價格跌破60日EMA且20日趨勢向下；外資持股5/10日下降且外資5日賣超,34.9,42.4,46.2,85,100,完整,56.9,57,-4.05,-4.12,19.84,87.04,105.16,2.22,11.43,1.09,5.8,2,0,0,0,-30,357,0,-369.777,-1218.867,-1953.6680000000001,-1830.6599999999996,0,0,-30,357,0,0,0,26.795,80.44300000000001,22.76,-299,-1245,-1498,,-389.391,-1245.662,-2004.1109999999999,-2249.799,23.85,4.31,7.63,-2.32,false,false,-3.96,-3.23,"單日成交金額低於5,000萬元；累計營收負成長且當月改善不足；中期趨勢仍向下；外資持股5/10日下降，且外資5日賣超；20日趨勢尚未上彎；當下除權息調整價未守20日EMA"
547,2328,廣宇,TWSE,電子零組件業,不建立部位,保護持有,protect,今天不新增部位；未完成確認前不機械式賣出,今天收盤後；若跌破，再看下一交易日是否收復,已有部位暫停加碼；若收盤跌破60日EMA約 46.72，且下一交易日仍未收復，先減碼三分之一；若ETF或外資繼續轉弱，再分批降低部位。,未觸發明確減碼訊號,57.5,42.3,35.9,85,100,完整,47,47.05,19.67,-7.84,0,31.57,236.18,-0.24,109.3,1.67,1.91,2,0,0,0,0,0,0,138.614,1296.664,1495.0879999999997,3691.3599999999997,0,0,0,0,0,0,0,104.45300000000002,184.18500000000006,9.43,14,44,283,,117.614,1192.2109999999998,1310.9029999999996,3503.722999999999,54.55,63.32,58.18,73.61,false,false,1.23,1.29,"單日成交金額低於5,000萬元；估值高，現有成長幅度尚未支撐目前估值"
548,1907,永豐餘,TWSE,造紙工業,不建立部位,降低部位,trim,停止加碼；反彈未站回恢復區時分批減碼,每個交易日收盤後，確認是否站回恢復區,已有部位先停止加碼。反彈若仍未站回 29.04，分批降低部位；只有站回且ETF／外資賣壓收斂後才重新評估。,價格跌破60日EMA且20日趨勢向下；外資持股5/10日下降且外資5日賣超,39.1,42.2,44.1,85,100,完整,27.9,27.9,6.03,5,0.15,43.8,126.95,0.47,16.41,0.51,3.58,3,0,0,0,-124,-479,0,-259.576,-1036.026,-1003.433,-1169.137,3,11,-112.467,-463.723,3,0,306900,8,49.995,12.99,-137,-579,-465,,-243.576,-1055.0259999999998,-940.9609999999999,-727.409,33.04,12.53,22.34,-7.1,false,true,-3.92,-4.62,"單日成交金額低於5,000萬元；中期趨勢仍向下；外資持股5/10日下降，且外資5日賣超；20日趨勢尚未上彎；當下除權息調整價未守20日EMA；單季稅前獲利對營業外貢獻依賴偏高"
549,2015,豐興,TWSE,鋼鐵工業,不建立部位,降低部位,trim,停止加碼；反彈未站回恢復區時分批減碼,每個交易日收盤後，確認是否站回恢復區,已有部位先停止加碼。反彈若仍未站回 64.30，分批降低部位；只有站回且ETF／外資賣壓收斂後才重新評估。,價格跌破60日EMA且20日趨勢向下；外資持股5/10日下降且外資5日賣超,39.3,42,59.3,85,100,完整,63.1,63.1,9.67,-7.35,9.45,15.81,342.19,2.36,14.74,1.66,5.23,3,0,0,0,0,-120,0,-154.913,-256.932,-372.54699999999997,-256.644,0,0,0,-120,0,0,0,12,75,12.76,-157,-273,-447,,-157.913,-268.932,-447.54699999999997,-190.644,40.01,33.98,45.7,10.53,false,true,-1.87,-2.92,"單日成交金額低於5,000萬元；累計營收負成長且當月改善不足；中期趨勢仍向下；外資持股5/10日下降，且外資5日賣超；20日趨勢尚未上彎；當下除權息調整價未守20日EMA"
550,1582,信錦,TWSE,電子零組件業,不建立部位,降低部位,trim,停止加碼；反彈未站回恢復區時分批減碼,每個交易日收盤後，確認是否站回恢復區,已有部位先停止加碼。反彈若仍未站回 75.43，分批降低部位；只有站回且ETF／外資賣壓收斂後才重新評估。,價格跌破60日EMA且20日趨勢向下；外資持股5/10日下降且外資5日賣超,41.4,41.9,49.4,85,100,完整,70.1,70.4,1.6,-1.8,1.81,43.02,195.59,1.65,21.84,1.37,4.28,1,0,0,0,0,0,0,116.598,-71.00000000000001,-90.86100000000002,-47.376000000000005,0,0,0,0,0,0,0,-13.078000000000001,17.555000000000003,5.02,112,-20,-56,,116.84,-57.92199999999998,-108.41599999999998,10.407000000000046,40.19,51.5,46.48,61.54,false,false,-1.74,-1.13,"單日成交金額低於5,000萬元；累計營收負成長且當月改善不足；中期趨勢仍向下；外資持股5/10日下降，且外資5日賣超；20日趨勢尚未上彎；當下除權息調整價未守20日EMA；單季稅前獲利對營業外貢獻依賴偏高"
551,3483,力致,TPEX,電腦及週邊設備業,不建立部位,優先降低風險,risk,依風險與流動性分批降低部位,風險解除且基本面與趨勢重新確認後,已有部位應優先降低曝險；目前觸發「單月與累計營收同步明顯衰退」。待事件解除或基本面重新確認後再評估。,單月與累計營收同步明顯衰退,50,41.8,39.3,85,100,可用,77.5,77.75,-32.24,-7.86,0.44,48.8,166.92,0.69,26.63,1.56,3.87,2,0,0,0,-1,-1,0,31.949,31.949,31.949,31.949,0,0,0,0,0,0,0,-1.015,-1.015,13.3,,,,,32.964,32.964,32.964,32.964,53.52,56.8,44.65,81.11,false,false,1.75,3.06,"單日成交金額低於5,000萬元；營收動能同步衰退；累計營收負成長且當月改善不足；外資持股尚未完成5／10日可比核對或期間有非市場異動；此項不給分，不解讀為轉弱；單季稅前獲利對營業外貢獻依賴偏高"
552,3703,欣陸,TWSE,建材營造,不建立部位,保護持有,protect,今天不新增部位；未完成確認前不機械式賣出,今天收盤後；若跌破，再看下一交易日是否收復,已有部位暫停加碼；若收盤跌破60日EMA約 20.11，且下一交易日仍未收復，先減碼三分之一；若ETF或外資繼續轉弱，再分批降低部位。,外資持股5/10日下降且外資5日賣超,42.2,41.7,37.1,85,100,完整,19.5,19.5,15.27,-6.39,5.41,70.54,121.44,0.57,9.9,0.59,5.38,1,0,0,0,1,-1,0,-701,-1575,-1852.903,-1125.2779999999998,0,0,-89,-105,0,0,0,9,57,19.42,-626,-1418,-1474,,-701,-1584,-1820.903,-996.049,41.94,20.19,30.96,-1.36,false,false,-1.42,-2.74,"單日成交金額低於5,000萬元；外資持股5/10日下降，且外資5日賣超；當下除權息調整價未守20日EMA"
553,6412,群電,TWSE,電子零組件業,不建立部位,優先降低風險,risk,依風險與流動性分批降低部位,風險解除且基本面與趨勢重新確認後,已有部位應優先降低曝險；目前觸發「價格跌破60日EMA且20日趨勢向下」。待事件解除或基本面重新確認後再評估。,價格跌破60日EMA且20日趨勢向下；單月與累計營收同步明顯衰退,46,41.7,44.2,85,100,完整,74.1,75.3,-19.67,-9.88,3.27,55.91,141.5,3.04,12.21,1.92,4.99,5,0,5,5,29,93,0,-49.621,25.251999999999995,315.672,-1585.3939999999998,0,5,28.764,92.764,1,0,370500,-43.058,-33.486,5.15,-17,93,302,,-28,63.31,320.394,-1446.986,34.84,50.17,47.38,55.75,false,false,-1.5,0.14,"單日成交金額低於5,000萬元；營收動能同步衰退；累計營收負成長且當月改善不足；中期趨勢仍向下；20日趨勢尚未上彎；單季稅前獲利對營業外貢獻依賴偏高"
554,8215,明基材,TWSE,光電業,不建立部位,保護持有,protect,今天不新增部位；未完成確認前不機械式賣出,今天收盤後；若跌破，再看下一交易日是否收復,已有部位暫停加碼；若收盤跌破60日EMA約 26.07，且下一交易日仍未收復，先減碼三分之一；若ETF或外資繼續轉弱，再分批降低部位。,未觸發明確減碼訊號,55,41.6,18.7,85,100,完整,28,28.35,4.88,6.13,-3.62,69.5,105.86,-0.96,,1.87,1.07,1,0,0,0,4,430,0,234.697,2287.196,616.1210000000001,430.70700000000005,0,0,4,430,0,0,0,15.702999999999996,21.724999999999998,2.08,255,2274,904,,234.711,2271.493,590.3960000000001,-4.8339999999998895,59.91,57.91,60.21,53.31,false,true,5.23,2.38,"單日成交金額低於5,000萬元"
555,6890,來億-KY,TWSE,運動休閒,不建立部位,降低部位,trim,停止加碼；反彈未站回恢復區時分批減碼,每個交易日收盤後，確認是否站回恢復區,已有部位先停止加碼。反彈若仍未站回 166.65，分批降低部位；只有站回且ETF／外資賣壓收斂後才重新評估。,價格跌破60日EMA且20日趨勢向下；外資持股5/10日下降且外資5日賣超,41.1,41.4,52.5,85,100,完整,147,148.5,3.13,-10.53,7.73,31.24,364.73,4.53,14.13,1.58,6.1,2,0,0,0,0,20,0,-1.165,-203.06,-536.014,-1353.82,0,0,-43,-24,0,0,0,0.5979999999999999,11.164,85.86,-8,-193,-398,,-2,-203.65800000000002,-504.178,-1357.2880000000005,36.1,26.29,21.24,36.4,false,false,-4.32,-1.34,"單日成交金額低於5,000萬元；累計營收負成長且當月改善不足；中期趨勢仍向下；外資持股5/10日下降，且外資5日賣超；20日趨勢尚未上彎；當下除權息調整價未守20日EMA"
556,6176,瑞儀,TWSE,光電業,不建立部位,優先降低風險,risk,依風險與流動性分批降低部位,風險解除且基本面與趨勢重新確認後,已有部位應優先降低曝險；目前觸發「價格跌破60日EMA且20日趨勢向下」。待事件解除或基本面重新確認後再評估。,價格跌破60日EMA且20日趨勢向下；ETF 5/10日同步減碼；外資持股5/10日下降且外資5日賣超,32.1,40.6,55.4,85,100,完整,90.2,91.2,-13.63,-7.43,10.12,48.32,178.45,2.81,11.15,1.14,3.88,5,-30,-47,-47,-85,-83,0,-723.397,-3653.956,-2679.7850000000008,-5394.2040000000015,-30,-47.001,-85.069,-83.069,0,3,-4239490,-14.475999999999999,-10.444999999999993,32.62,-606,-3614,-2154,,-694.835,-3592.4790000000003,-2584.271,-5336.326999999999,35.92,35.53,51.68,3.24,false,true,-3.91,-6.14,營收動能同步衰退；累計營收負成長且當月改善不足；中期趨勢仍向下；ETF短中期同步減碼；ETF 1/3日已轉為減碼；外資持股5/10日下降，且外資5日賣超；20日趨勢尚未上彎；當下除權息調整價未守20日EMA
557,4585,達明,TWSE,其他電子業,不建立部位,保護持有,protect,今天不新增部位；未完成確認前不機械式賣出,今天收盤後；若跌破，再看下一交易日是否收復,已有部位暫停加碼；若收盤跌破60日EMA約 301.08，且下一交易日仍未收復，先減碼三分之一；若ETF或外資繼續轉弱，再分批降低部位。,價格跌破60日EMA且20日趨勢向下,42.2,40,51.8,85,100,完整,290,292.25,-6.11,10.42,6.71,10.35,340.31,1.83,104.32,4.34,0.34,1,0,0,0,0,0,0,-2.2,-38.855999999999995,201.948,639.7560000000001,0,0,-19,-24,0,0,0,-3.6559999999999997,-17.653,1.32,2,-30,327,,-2.2,-35.2,238.601,692.6129999999999,42.22,27.83,42.36,-1.24,false,true,-2.12,-4.29,"單日成交金額低於5,000萬元；中期趨勢仍向下；20日趨勢尚未上彎；當下除權息調整價未守20日EMA；估值高，現有成長幅度尚未支撐目前估值；單季稅前獲利對營業外貢獻依賴偏高"
558,2206,三陽工業,TWSE,汽車工業,不建立部位,降低部位,trim,停止加碼；反彈未站回恢復區時分批減碼,每個交易日收盤後，確認是否站回恢復區,已有部位先停止加碼。反彈若仍未站回 63.37，分批降低部位；只有站回且ETF／外資賣壓收斂後才重新評估。,價格跌破60日EMA且20日趨勢向下；外資持股5/10日下降且外資5日賣超,38.6,39.7,45.3,85,100,完整,62.5,62.5,-0.22,-4.83,8.71,57.04,142.77,3.14,10.47,1.84,4.9,2,0,0,0,-150,-150,0,-173.234,-13.504999999999995,118.66900000000004,-450.82699999999994,2,8,-37,-44,3,0,500000,20,85,7.91,-177,-252,-180,,-182.234,-41.504999999999995,70.66899999999997,-484.827,41.38,32.08,50.14,-4.02,false,false,-1.38,-2.5,"單日成交金額低於5,000萬元；累計營收負成長且當月改善不足；中期趨勢仍向下；外資持股5/10日下降，且外資5日賣超；20日趨勢尚未上彎；當下除權息調整價未守20日EMA"
559,2247,汎德永業,TWSE,汽車工業,不建立部位,保護持有,protect,今天不新增部位；未完成確認前不機械式賣出,今天收盤後；若跌破，再看下一交易日是否收復,已有部位暫停加碼；若收盤跌破60日EMA約 228.58，且下一交易日仍未收復，先減碼三分之一；若ETF或外資繼續轉弱，再分批降低部位。,未觸發明確減碼訊號,42.5,39.5,48.2,85,100,完整,223,223,0.71,-20.63,3.09,41.1,269.81,6.55,16.09,1.41,6.5,2,1,-4,15,22,27,0,-12.028,-7.1179999999999986,40.175000000000004,142.48200000000003,0.972,14.855,12.785,12.668,3,1,3312665,1,2,4.07,-10,-18,53,,-13,-22.973,25.39,127.20500000000001,33.55,38.48,52.65,10.15,false,true,-2.79,-3.67,"單日成交金額低於5,000萬元；累計營收負成長且當月改善不足；當下除權息調整價未守20日EMA"
560,6226,光鼎,TWSE,光電業,不建立部位,優先降低風險,risk,依風險與流動性分批降低部位,風險解除且基本面與趨勢重新確認後,已有部位應優先降低曝險；目前觸發「處置或交易限制事件」。待事件解除或基本面重新確認後再評估。,價格強勢站上20／60日EMA；法人未同步轉弱,40.5,39.4,38.2,85,100,完整,45.55,49.2,13.06,7.14,-4.11,38.7,205,0.03,,4.2,,1,0,0,0,0,-7,0,163.01,406.61,12888.276000000002,7315.644000000003,0,0,0,-7,0,0,0,729,659.004,13.56,144,-590,12228,,144.01,-322.39000000000004,12229.272,6677.593,71.12,80.11,78.51,83.32,false,false,20.91,-0.33,處置或交易限制風險；短線過熱或乖離過大；單季稅前獲利對營業外貢獻依賴偏高
561,3062,建漢,TWSE,通信網路業,不建立部位,保護持有,protect,今天不新增部位；未完成確認前不機械式賣出,今天收盤後；若跌破，再看下一交易日是否收復,已有部位暫停加碼；若收盤跌破60日EMA約 21.95，且下一交易日仍未收復，先減碼三分之一；若ETF或外資繼續轉弱，再分批降低部位。,今日漲停／趨勢站穩；法人未同步轉弱,49,38.9,30.4,85,100,完整,22,24.2,34.74,2.58,-14.5,35.21,171.25,-0.88,,1.79,,1,0,0,0,0,0,0,13.636,-1311.659,-776.4060000000002,-464.66200000000015,0,0,0,0,0,0,0,7.4019999999999975,148.916,9.69,293,-279,594,,14.513,-1319.0610000000001,-925.3220000000001,-540.3340000000001,57.34,65.86,66.58,64.43,false,true,3.14,4.51,"單日成交金額低於5,000萬元；短線過熱或乖離過大"
562,2331,精英,TWSE,電腦及週邊設備業,不建立部位,保護持有,protect,今天不新增部位；未完成確認前不機械式賣出,今天收盤後；若跌破，再看下一交易日是否收復,已有部位暫停加碼；若收盤跌破60日EMA約 19.59，且下一交易日仍未收復，先減碼三分之一；若ETF或外資繼續轉弱，再分批降低部位。,價格跌破60日EMA且20日趨勢向下,40.9,38.8,39.3,85,100,完整,18.7,18.9,-20.16,9.46,0.32,49.75,146.68,0.53,18.51,0.96,,1,0,0,0,0,0,0,-223,313.359,392.78200000000004,-652.8539999999998,0,0,0,0,0,0,0,-2,-9.265999999999998,5.81,-137,52,142,,-223,315.359,402.048,-551.992,42.6,38.03,43.77,26.53,false,true,-2.01,-1.06,"單日成交金額低於5,000萬元；中期趨勢仍向下；20日趨勢尚未上彎；當下除權息調整價未守20日EMA；單季稅前獲利對營業外貢獻依賴偏高"
563,1229,聯華,TWSE,食品工業,不建立部位,優先降低風險,risk,依風險與流動性分批降低部位,風險解除且基本面與趨勢重新確認後,已有部位應優先降低曝險；目前觸發「價格跌破60日EMA且20日趨勢向下」。待事件解除或基本面重新確認後再評估。,價格跌破60日EMA且20日趨勢向下；外資持股5/10日下降且外資5日賣超；單月與累計營收同步明顯衰退,42.7,38.5,46.8,85,100,完整,39.55,39.6,-13.13,-5.93,7.77,20.09,88.96,1.19,15.88,1.13,5.06,6,0,9,9,-64,1725,0,-1961.138,-3200.4929999999995,-3864.5719999999997,-1629.851,3,20.999,32.117000000000004,1817.117,3,1,830510,17.645000000000003,-59.214,8.98,-1829,-2837,-2384,,-1959.585,-3239.137,-3837.4750000000004,-3405.862000000001,35.19,9.07,12,3.23,false,false,-2.74,-3.18,營收動能同步衰退；累計營收負成長且當月改善不足；中期趨勢仍向下；外資持股5/10日下降，且外資5日賣超；20日趨勢尚未上彎；當下除權息調整價未守20日EMA；單季稅前獲利對營業外貢獻依賴偏高
564,6230,尼得科超眾,TWSE,電腦及週邊設備業,不建立部位,保護持有,protect,今天不新增部位；未完成確認前不機械式賣出,今天收盤後；若跌破，再看下一交易日是否收復,已有部位暫停加碼；若收盤跌破60日EMA約 114.52，且下一交易日仍未收復，先減碼三分之一；若ETF或外資繼續轉弱，再分批降低部位。,外資持股5/10日下降且外資5日賣超,51.3,37.6,27.8,85,100,完整,111.5,115,-0.86,6.45,0.68,44.52,214.62,-1.82,,1.66,,1,0,0,0,0,0,0,-10.95,-16.86,5.301000000000002,30.393,0,0,0,0,0,0,0,1.05,5.05,87.11,-9,-12,-9,,-11,-17.91,0.2510000000000012,26.239,51.18,40.39,43.07,35.04,true,true,0.67,-1.33,"單日成交金額低於5,000萬元；外資持股5/10日下降，且外資5日賣超"
565,1447,力鵬,TWSE,紡織纖維,不建立部位,保護持有,protect,今天不新增部位；未完成確認前不機械式賣出,今天收盤後；若跌破，再看下一交易日是否收復,已有部位暫停加碼；若收盤跌破60日EMA約 6.77，且下一交易日仍未收復，先減碼三分之一；若ETF或外資繼續轉弱，再分批降低部位。,價格跌破60日EMA且20日趨勢向下,44.9,37.1,27.8,85,100,完整,6.5,6.5,-34.08,3.93,0.28,47.59,124.93,0.12,,0.68,,1,0,0,0,0,-39,0,103.858,198.31199999999998,173.611,-479.6929999999999,0,0,0,-39,0,0,0,9,25,3.08,104,189,149,,103.858,189.31199999999998,148.611,-470.69300000000004,44,39.21,36.27,45.09,false,false,-1.21,0.46,"單日成交金額低於5,000萬元；中期趨勢仍向下；20日趨勢尚未上彎；當下除權息調整價未守20日EMA；單季稅前獲利對營業外貢獻依賴偏高"
566,8476,台境*,TWSE,綠能環保,不建立部位,優先降低風險,risk,依風險與流動性分批降低部位,風險解除且基本面與趨勢重新確認後,已有部位應優先降低曝險；目前觸發「價格跌破60日EMA且20日趨勢向下」。待事件解除或基本面重新確認後再評估。,價格跌破60日EMA且20日趨勢向下；單月與累計營收同步明顯衰退,46.8,37.1,29.9,85,100,完整,19.85,19.85,-94.33,-17.76,5.87,57.13,181.25,0.12,70.89,1.72,1.01,1,0,0,0,0,-8,0,80.24,496.84000000000003,544.229,521.62,0,0,0,-8,0,0,0,-18,-14,1.66,68,338,451,,81.24,514.84,558.229,542.62,51.2,56,58.5,51.01,false,false,0.83,0.51,"單日成交金額低於5,000萬元；營收動能同步衰退；累計營收負成長且當月改善不足；中期趨勢仍向下；20日趨勢尚未上彎"
567,9914,美利達,TWSE,運動休閒,不建立部位,優先降低風險,risk,依風險與流動性分批降低部位,風險解除且基本面與趨勢重新確認後,已有部位應優先降低曝險；目前觸發「價格跌破60日EMA且20日趨勢向下」。待事件解除或基本面重新確認後再評估。,價格跌破60日EMA且20日趨勢向下；外資持股5/10日下降且外資5日賣超；單月與累計營收同步明顯衰退,41.8,36.1,36.8,85,100,完整,67.1,73.8,-20.71,-14.17,8.5,44.19,142.91,2.15,19.45,1.03,4.17,1,0,0,0,0,-305,0,-253.58,-1207.502,-2044.536,-7940.6939999999995,-236,-236,-267,-582,0,1,-15835600,9.519000000000002,-191.663,25.02,-56,-1483,-2577,,-22,-981.021,-1585.8729999999998,-6527.174999999998,29.61,19.43,12.33,33.63,true,false,-6.71,-0.74,營收動能同步衰退；累計營收負成長且當月改善不足；中期趨勢仍向下；外資持股5/10日下降，且外資5日賣超；20日趨勢尚未上彎
568,1440,南紡,TWSE,紡織纖維,不建立部位,保護持有,protect,今天不新增部位；未完成確認前不機械式賣出,今天收盤後；若跌破，再看下一交易日是否收復,已有部位暫停加碼；若收盤跌破60日EMA約 13.34，且下一交易日仍未收復，先減碼三分之一；若ETF或外資繼續轉弱，再分批降低部位。,價格跌破60日EMA且20日趨勢向下,44.3,35.8,32.6,85,100,完整,13.3,13.15,-4.23,-11.81,-1.69,37.31,136.81,0.14,443.33,0.77,2.26,1,0,0,0,0,0,0,-754.333,208.66600000000008,-216.60999999999996,1946.944,0,0,-351,-386,0,0,0,81,131.56900000000002,7.82,-723,939,849,,-774.333,127.66600000000008,2.8210000000000264,2088.918,47.4,55.73,46.98,73.24,false,false,-0.87,-1.12,"單日成交金額低於5,000萬元；累計營收負成長且當月改善不足；中期趨勢仍向下；20日趨勢尚未上彎；當下除權息調整價未守20日EMA；估值高，現有成長幅度尚未支撐目前估值；單季稅前獲利對營業外貢獻依賴偏高"
569,2530,華建,TWSE,建材營造,不建立部位,優先降低風險,risk,依風險與流動性分批降低部位,風險解除且基本面與趨勢重新確認後,已有部位應優先降低曝險；目前觸發「單月與累計營收同步明顯衰退」。待事件解除或基本面重新確認後再評估。,單月與累計營收同步明顯衰退,56.3,35.3,22.5,85,100,完整,20.1,20.1,-99.87,-96.56,-19.93,67.08,170.33,-0.11,30.45,1.69,11.49,2,13,-71,246,379,549,0,27.861,-289.594,-956.582,-1995.2840000000003,25.321,264.41999999999996,506.566,675.8750000000001,3,1,5314842,-431.125,-556.125,2.73,-10,298,-606,,14.54,-122.88900000000001,-907.023,-1602.034,51.85,42.09,47.73,30.81,false,false,0.43,-3.37,"單日成交金額低於5,000萬元；營收動能同步衰退；累計營收負成長且當月改善不足"
570,1515,力山,TWSE,電機機械,不建立部位,保護持有,protect,今天不新增部位；未完成確認前不機械式賣出,今天收盤後；若跌破，再看下一交易日是否收復,已有部位暫停加碼；若收盤跌破60日EMA約 31.12，且下一交易日仍未收復，先減碼三分之一；若ETF或外資繼續轉弱，再分批降低部位。,價格跌破60日EMA且20日趨勢向下,39.2,33.1,31.5,85,100,完整,29.3,29.7,-7.59,-0.1,-1.26,51.78,96.36,0.12,19.66,1.36,2.05,1,0,0,0,0,-9,0,18.808,172.92,438.452,-743.5050000000001,0,0,0,-9,0,0,0,7.539,-1.5050000000000003,2.65,-4,161,629,,13.9,165.381,439.9569999999999,-729.8850000000001,41.71,35.64,34.47,37.98,false,false,-3.86,-4.25,"單日成交金額低於5,000萬元；累計營收負成長且當月改善不足；中期趨勢仍向下；20日趨勢尚未上彎；當下除權息調整價未守20日EMA；單季稅前獲利對營業外貢獻依賴偏高"
571,9907,統一實,TWSE,其他,不建立部位,優先降低風險,risk,依風險與流動性分批降低部位,風險解除且基本面與趨勢重新確認後,已有部位應優先降低曝險；目前觸發「價格跌破60日EMA且20日趨勢向下」。待事件解除或基本面重新確認後再評估。,價格跌破60日EMA且20日趨勢向下；外資持股5/10日下降且外資5日賣超；單月與累計營收同步明顯衰退,41,33,42.6,85,100,完整,14.7,14.8,-10.05,-11.02,4.31,38.72,173.59,0.35,15.47,1.11,8.03,4,32,-143,485,739,812,0,-1229.343,-2048.097,-2567.065,-221.31500000000054,46.305,498.772,427.4080000000001,461.5900000000001,3,2,7331948,17.802,53.69699999999999,15.94,-1656,-3090,-3394,,-1275.86,-2564.671,-3048.17,-666.6770000000002,34.46,4.35,9.05,-5.06,false,false,-2.07,-2,"單日成交金額低於5,000萬元；營收動能同步衰退；累計營收負成長且當月改善不足；中期趨勢仍向下；外資持股5/10日下降，且外資5日賣超；20日趨勢尚未上彎；當下除權息調整價未守20日EMA"
572,1314,中石化,TWSE,塑膠工業,不建立部位,優先降低風險,risk,依風險與流動性分批降低部位,風險解除且基本面與趨勢重新確認後,已有部位應優先降低曝險；目前觸發「單月與累計營收同步明顯衰退」。待事件解除或基本面重新確認後再評估。,單月與累計營收同步明顯衰退,49.9,32.1,20.6,85,100,完整,8.74,9,-24.41,-30.19,-9.51,39.62,167.64,-0.52,,0.44,,1,0,0,0,0,0,0,-10833.264,-24631.122,9747.698000000002,26022.577999999998,0,0,0,0,0,0,0,-645.3119999999999,2130.505,10.15,-12976,-30401,5705,,-10771.239,-23985.81,7617.192999999999,24513.266,57.53,55.45,57.53,51.27,false,true,2.76,-2.46,營收動能同步衰退；累計營收負成長且當月改善不足
573,2014,中鴻,TWSE,鋼鐵工業,不建立部位,優先降低風險,risk,依風險與流動性分批降低部位,風險解除且基本面與趨勢重新確認後,已有部位應優先降低曝險；目前觸發「價格跌破60日EMA且20日趨勢向下」。待事件解除或基本面重新確認後再評估。,價格跌破60日EMA且20日趨勢向下；單月與累計營收同步明顯衰退,48.8,31.9,17.1,85,100,完整,16.8,16.9,-29.31,-7.63,1.16,53.43,139.58,0.07,,1.96,,1,0,0,0,0,0,0,-300.897,3017,951.393,-880.0879999999999,0,0,0,0,0,0,0,23,101,7.2,-301,2994,852,,-300.897,2994,850.393,-968.5539999999999,49.21,64.06,51.76,88.68,false,false,0.19,1.51,營收動能同步衰退；累計營收負成長且當月改善不足；中期趨勢仍向下；20日趨勢尚未上彎
574,6456,GIS-KY,TWSE,光電業,不建立部位,優先降低風險,risk,依風險與流動性分批降低部位,風險解除且基本面與趨勢重新確認後,已有部位應優先降低曝險；目前觸發「單月與累計營收同步明顯衰退」。待事件解除或基本面重新確認後再評估。,今日漲停／趨勢站穩；法人未同步轉弱,50.8,30.6,23.1,85,100,完整,89.4,98.3,-29.98,-23.62,-4.23,47.73,231.73,-3.76,,1.01,,1,0,0,0,0,0,0,1045.629,10095.055,9874.598999999998,4403.975999999997,0,0,0,0,0,0,0,1284.719,1288.182,47.1,-164,6904,6893,,721.1,8810.336,8586.417,3638.698999999999,77.48,85.13,68.68,118.04,false,false,25.09,36.7,營收動能同步衰退；累計營收負成長且當月改善不足；短線過熱或乖離過大；融資增幅與短線漲幅同步偏高
575,3376,新日興,TWSE,電子零組件業,不建立部位,優先降低風險,risk,依風險與流動性分批降低部位,風險解除且基本面與趨勢重新確認後,已有部位應優先降低曝險；目前觸發「價格跌破60日EMA且20日趨勢向下」。待事件解除或基本面重新確認後再評估。,價格跌破60日EMA且20日趨勢向下；外資持股5/10日下降且外資5日賣超；單月與累計營收同步明顯衰退,37.3,30.1,40.6,85,100,完整,171.5,174.5,-10.01,-12.5,-1.84,27.54,220.84,0.47,118.28,2.03,2.33,3,0,0,0,0,-1,0,-105.864,-2094.934,-6415.468,-19451.891,0,0,99,197.40800000000002,0,0,0,-131.786,-246.015,10.92,91,-1427,-4732,,-63.72,-1963.1480000000001,-6268.4529999999995,-17476.905000000002,36.59,17.94,19.61,14.61,false,true,-6.88,-4.19,營收動能同步衰退；累計營收負成長且當月改善不足；中期趨勢仍向下；外資持股5/10日下降，且外資5日賣超；20日趨勢尚未上彎；當下除權息調整價未守20日EMA；估值高，現有成長幅度尚未支撐目前估值；單季稅前獲利對營業外貢獻依賴偏高
576,8924,大田,TPEX,運動休閒,不建立部位,優先降低風險,risk,依風險與流動性分批降低部位,風險解除且基本面與趨勢重新確認後,已有部位應優先降低曝險；目前觸發「價格跌破60日EMA且20日趨勢向下」。待事件解除或基本面重新確認後再評估。,價格跌破60日EMA且20日趨勢向下；單月與累計營收同步明顯衰退,36.2,27,37.8,85,100,可用,49.4,49.28,-39.66,-8,-0.45,27.92,273.95,-0.58,17.96,1.06,8.7,1,2,-9,31,48,87,0,-4.294,-4.294,-4.294,-4.294,2.053,2.053,2.053,2.053,1,0,101418,-0.347,-0.347,3.11,,,,,-6,-6,-6,-6,33.89,28.73,30.95,24.29,false,true,-1.5,-1.4,"單日成交金額低於5,000萬元；營收動能同步衰退；累計營收負成長且當月改善不足；中期趨勢仍向下；外資持股尚未完成5／10日可比核對或期間有非市場異動；此項不給分，不解讀為轉弱；20日趨勢尚未上彎；當下除權息調整價未守20日EMA"
577,2023,燁輝,TWSE,鋼鐵工業,不建立部位,優先降低風險,risk,依風險與流動性分批降低部位,風險解除且基本面與趨勢重新確認後,已有部位應優先降低曝險；目前觸發「價格跌破60日EMA且20日趨勢向下」。待事件解除或基本面重新確認後再評估。,價格跌破60日EMA且20日趨勢向下；外資持股5/10日下降且外資5日賣超；單月與累計營收同步明顯衰退,36.6,23.6,11.3,85,100,完整,13.55,13.65,-14.31,-6.72,1.29,68.92,101.13,-0.52,,0.78,,1,0,0,0,0,0,0,-590.471,-1528.083,-4074.355,-2001.6099999999997,2,8,-148,-144,3,0,108400,21,202,3.91,-472,-1446,-3015,,-592.471,-1557.083,-4128.355,-1961.552999999999,39.99,10.99,14.95,3.05,false,false,-1.31,-0.37,"單日成交金額低於5,000萬元；營收動能同步衰退；累計營收負成長且當月改善不足；中期趨勢仍向下；外資持股5/10日下降，且外資5日賣超；20日趨勢尚未上彎；當下除權息調整價未守20日EMA"
578,6919,康霈*,TWSE,生技醫療業,不建立部位,優先降低風險,risk,依風險與流動性分批降低部位,風險解除且基本面與趨勢重新確認後,已有部位應優先降低曝險；目前觸發「價格跌破60日EMA且20日趨勢向下」。待事件解除或基本面重新確認後再評估。,價格跌破60日EMA且20日趨勢向下；外資持股5/10日下降且外資5日賣超；單月與累計營收同步明顯衰退,36.8,21.5,30.6,85,100,完整,79.5,82.5,-100,-86.08,-14263.34,2.37,6003.39,-0.21,,13.43,,2,0,0,0,9,-8,0,-645.56,-4370.095,-5279.545,-40189.045,0,0,-190,-264.175,0,0,0,-57.196000000000005,101.37799999999999,11.8,-631,-4313,-5323,,-631.341,-4312.899,-5190.923000000001,-39736.644,35.13,20.76,33.68,-5.06,false,true,-7.03,-7.34,營收動能同步衰退；累計營收負成長且當月改善不足；中期趨勢仍向下；外資持股5/10日下降，且外資5日賣超；20日趨勢尚未上彎；當下除權息調整價未守20日EMA
579,3718,中光電投控,TPEX,光電業,不建立部位,保護持有,protect,今天不新增部位；未完成確認前不機械式賣出,今天收盤後；若跌破，再看下一交易日是否收復,已有部位暫停加碼；若收盤跌破60日EMA約 —，且下一交易日仍未收復，先減碼三分之一；若ETF或外資繼續轉弱，再分批降低部位。,未觸發明確減碼訊號,19.7,6.7,0,85,60,需補強，暫不列入A級新部位,64.6,64.6,,,,,,,,,,1,0,0,0,0,64,0,66.048,66.048,66.048,66.048,0,0,0,0,0,0,0,-18.996,-18.996,8.14,,,,,85.044,85.044,85.044,85.044,,,,,,,,,資料健康度低於65%門檻；外資持股尚未完成5／10日可比核對或期間有非市場異動；此項不給分，不解讀為轉弱