排名,代號,名稱,市場,產業,新部位建議,既有部位狀態,持有判斷模式,今天動作,下一次確認,既有部位說明,主要原因,短期時機分數,中期研究分數,長期初篩分數,長期方法覆蓋率%,資料健康度,資料健康狀態,收盤價,即時價,營收YoY%,累計營收YoY%,營益率%,負債比%,流動比率%,EPS,本益比,股價淨值比,殖利率%,ETF家數,ETF_1日增減張,ETF_3日增減張,ETF_5日增減張,ETF_10日增減張,ETF_20日增減張,主動ETF_5日增減張,法人1日張,法人5日張,法人10日張,法人20日張,投信買賣超1日張,投信買賣超5日張,投信買賣超10日張,投信買賣超20日張,投信5日買超天數,投信5日賣超天數,投信5日估算金額,自營商買賣超5日張,自營商買賣超10日張,外資持股比率%,外資持股1日增減張,外資持股5日增減張,外資持股10日增減張,外資持股20日增減張,外資買賣超1日張,外資買賣超5日張,外資買賣超10日張,外資買賣超20日張,RSI14,KD-K,KD-D,KD-J,KD近3日黃金交叉,KD近3日死亡交叉,距20EMA%,5日報酬%,淘汰原因
1,2395,研華,TWSE,電腦及週邊設備業,可開始承接,符合加碼條件,add,只在回測承接區且法人未轉弱時分2–3批,回測時與每個交易日收盤後,已有部位可續抱；回測20日EMA約 669.03 且ETF、外資與投信未轉弱時，才考慮下一批。,未觸發明確減碼訊號,79.6,74.2,59.6,85,100,可用,680,680,87.58,40.26,19.04,40.5,171.12,9.05,43.07,10.68,1.64,34,-143,8,246,778,2584,293,-1646.719,1246.8999999999999,1357.4650000000001,2797.9499999999994,-121,744.746,1338.563,3578.617,4,1,506427280,108.447,53.912000000000006,35.44,-1411,661,184,,-1495.197,393.7070000000002,-35.00999999999982,-524.5039999999999,55.05,54,58.15,45.69,true,true,1.64,0.44,
2,6442,光聖,TWSE,通信網路業,可開始承接,符合加碼條件,add,只在回測承接區且法人未轉弱時分2–3批,回測時與每個交易日收盤後,"已有部位可續抱；回測20日EMA約 1,607.84 且ETF、外資與投信未轉弱時，才考慮下一批。",未觸發明確減碼訊號,76.9,71.1,63.8,85,100,完整,1700,1710,49.25,30.48,29.66,31.99,217.81,19.07,50.3,10.21,0.66,9,1,191,196,51,99,191,-211.406,742.587,688.762,428.68799999999993,4.5,541.5,151.5,1000.546,4,1,920550000,129.06799999999998,164.64999999999998,32.25,-194,12,261,,-207.18,72.01899999999995,372.61199999999997,-770.4190000000002,58.57,61.49,68.1,48.26,false,true,5.73,4.29,
3,4967,十銓,TWSE,半導體業,等待確認,正常持有,standard,今天不下單,每個交易日收盤後，檢查趨勢與法人籌碼,已有部位可續抱觀察，但暫不追價；若收盤跌破60日EMA約 260.19 且法人籌碼轉弱，先減碼三分之一。,未觸發明確減碼訊號,79.8,85,71.6,85,100,完整,277.5,283.5,98.75,71.29,35.94,50.67,191.64,53.44,4.12,2.12,3.11,3,0,142,244,235,225,249,562.203,633.2180000000001,177.76099999999997,-1255.2529999999997,0,244,234.6,224.6,3,0,67710000,-106.752,-293.393,9.55,673,751,630,,558.381,495.9699999999999,236.5540000000001,-1081.416,58.42,50.12,50.87,48.64,false,false,2.69,0.54,ETF加碼金額或跨基金共識不足
4,3260,威剛,TPEX,半導體業,等待確認,正常持有,standard,今天不下單,每個交易日收盤後，檢查趨勢與法人籌碼,已有部位可續抱觀察，但暫不追價；若收盤跌破60日EMA約 404.33 且法人籌碼轉弱，先減碼三分之一。,未觸發明確減碼訊號,75.7,83.9,70.8,85,100,可用,412,418,331.29,206.73,38.98,62.91,181.44,62.46,5.33,3.39,4.13,15,0,146,234,655,519,165,2866.107,2866.107,2866.107,2866.107,0,0,0,0,0,0,0,323.878,323.878,23.32,,,,,2542.229,2542.229,2542.229,2542.229,52.35,38.32,34.65,45.65,true,false,1.03,-0.36,外資持股趨勢資料不足或期間有非市場異動；20日趨勢尚未上彎
5,2451,創見,TWSE,半導體業,等待確認,保護持有,protect,今天不新增部位；未完成確認前不機械式賣出,今天收盤後；若跌破，再看下一交易日是否收復,已有部位暫停加碼；若收盤跌破60日EMA約 284.31，且下一交易日仍未收復，先減碼三分之一；若ETF或外資繼續轉弱，再分批降低部位。,外資持股5/10日下降且外資5日賣超,65.7,82.4,88.8,85,100,可用,289.5,293.5,307.66,402.68,73.7,28.68,309.01,46.63,5.04,3.25,4.07,17,0,0,20,-24,-521,0,665.856,-1662.0370000000003,-6906.781000000001,3907.4129999999986,31,49.8,5.399999999999994,-493.942,3,2,14417100,-33.865,-151.284,11.41,788,-1832,-7793,,621.917,-1677.972,-6760.897000000001,4523.731000000001,50.27,26,29.17,19.67,false,false,-0.46,-1.7,外資持股5/10日下降，且外資5日賣超；20日趨勢尚未上彎
6,2637,慧洋-KY,TWSE,航運業,等待確認,正常持有,standard,今天不下單,每個交易日收盤後，檢查趨勢與法人籌碼,已有部位可續抱觀察，但暫不追價；若收盤跌破60日EMA約 86.36 且法人籌碼轉弱，先減碼三分之一。,未觸發明確減碼訊號,74.7,82.1,69.6,85,100,可用,99.2,99.2,56.22,35.67,33.36,41.18,92.13,4.1,11.03,1.49,3.53,8,439,443,552,543,738,0,-221.808,3258.326,1478.8740000000003,9067.741,437,757.6279999999999,-5536.641,-10704.508,5,0,75156698,89.044,56.130999999999986,27.91,-646,2384,6035,,-646.396,2411.6540000000005,6959.384,19698.455,63.75,54.29,47.81,67.24,true,false,5.96,5.42,ETF加碼金額或跨基金共識不足
7,3006,晶豪科,TWSE,半導體業,等待確認,保護持有,protect,今天不新增部位；未完成確認前不機械式賣出,今天收盤後；若跌破，再看下一交易日是否收復,已有部位暫停加碼；若收盤跌破60日EMA約 243.13，且下一交易日仍未收復，先減碼三分之一；若ETF或外資繼續轉弱，再分批降低部位。,外資持股5/10日下降且外資5日賣超,74.1,81.6,74.7,85,100,可用,297,301.5,491.06,281.48,44.44,36.84,267.13,27.58,9.37,4.45,0.34,6,0,138,235,216,192,235,9683.221,-3995.474000000001,-1472.0610000000008,3531.9129999999986,-1,234,215,191.285,3,1,69498000,108.37899999999996,619.414,43.14,9347,-4057,-1857,,9409.456,-4337.852999999999,-2306.4749999999985,3642.062000000002,63.39,60.39,63.04,55.07,false,false,10.45,1.54,外資持股5/10日下降，且外資5日賣超；短線過熱或乖離過大；ETF加碼金額或跨基金共識不足；借券賣出與借券賣出餘額壓力升高
8,2605,新興,TWSE,航運業,等待確認,正常持有,standard,今天不下單,每個交易日收盤後，檢查趨勢與法人籌碼,已有部位可續抱觀察，但暫不追價；若收盤跌破60日EMA約 33.40 且法人籌碼轉弱，先減碼三分之一。,未觸發明確減碼訊號,71.1,80,80.1,85,100,完整,36.35,36.75,36.27,35.12,33.49,26.88,212.23,3.67,7.42,1.1,2.75,1,0,0,0,0,-2,0,2276.645,2819.8439999999996,-5417.443000000001,-8300.369000000004,-3,-7,-6,-15,1,2,-254450,1056.8010000000002,-135.84099999999998,48.47,1961,-173,-6698,,1961.398,1770.043,-5275.602,-7191.585999999999,62.09,40.83,33.96,54.57,true,false,4.36,2.83,單季稅前獲利對營業外貢獻依賴偏高
9,2027,大成鋼,TWSE,鋼鐵工業,等待確認,保護持有,protect,今天不新增部位；未完成確認前不機械式賣出,今天收盤後；若跌破，再看下一交易日是否收復,已有部位暫停加碼；若收盤跌破60日EMA約 45.62，且下一交易日仍未收復，先減碼三分之一；若ETF或外資繼續轉弱，再分批降低部位。,外資持股5/10日下降且外資5日賣超,70.9,77.7,71.3,85,100,完整,49.1,49.25,46.12,32.56,19.7,43.68,295.53,3.1,9.68,1.44,3.05,9,3081,7607,9790,13464,5066,-2084,-9408.85,-4304.081000000002,-7840.430000000001,35836.556,3092,10304,14365.83,-7890.818,5,0,505926400,951.0219999999999,-29.989000000000058,24.96,-13574,-16782,-23080,,-13276.789,-15559.102999999997,-22176.270999999997,47682.092000000004,54.9,47.57,45.71,51.3,true,false,0.64,0.61,主動ETF 5日轉為減碼；外資持股5/10日下降，且外資5日賣超；ETF加碼金額或跨基金共識不足
10,6177,達麗,TWSE,建材營造,等待確認,正常持有,standard,今天不下單,每個交易日收盤後，檢查趨勢與法人籌碼,已有部位可續抱觀察，但暫不追價；若收盤跌破60日EMA約 47.25 且法人籌碼轉弱，先減碼三分之一。,未觸發明確減碼訊號,70.2,76.7,65.2,85,100,完整,47.4,47.35,470.04,637.82,35.66,73.72,132.76,5.03,5.23,1.87,6.33,3,31,570,899,899,892,839,-1714.517,841.35,2238.463,1889.2800000000004,31.139,849.096,855.096,848.133,4,1,40247150,-148.649,45.806,7.07,-1128,835,2101,,-1746.387,140.903,1337.5610000000001,535.3380000000003,47.82,42.28,48.01,30.8,true,true,-0.95,0.64,20日趨勢尚未上彎；當下除權息調整價未守20日EMA；ETF加碼金額或跨基金共識不足
11,2615,萬海,TWSE,航運業,等待確認,正常持有,standard,今天不下單,每個交易日收盤後，檢查趨勢與法人籌碼,已有部位可續抱觀察，但暫不追價；若收盤跌破60日EMA約 95.83 且法人籌碼轉弱，先減碼三分之一。,未觸發明確減碼訊號,72.9,76.3,77.9,85,100,可用,114.5,113,50.13,12.83,22.16,33.53,299.27,6.84,7.86,1.11,2.62,12,-49,298,518,425,2032,584,599.384,4765.251,9144.788,101381.349,-56.389,500.12199999999996,409.289,1992.491,3,2,57263969,-219.111,-601.1239999999999,48.27,556,2757,-1758,,553.743,4484.24,9336.623000000001,94832.524,63.55,29.38,36.35,15.43,false,false,5.29,0.44,ETF加碼金額或跨基金共識不足
12,2467,志聖,TWSE,電子零組件業,等待確認,正常持有,standard,今天不下單,每個交易日收盤後，檢查趨勢與法人籌碼,已有部位可續抱觀察，但暫不追價；若收盤跌破60日EMA約 560.63 且法人籌碼轉弱，先減碼三分之一。,未觸發明確減碼訊號,76.9,75.8,57.6,85,100,完整,619,625,132.73,87.05,26.06,44,119.58,7.16,61.78,6.17,0.89,9,0,130,138,135,-289,139,295.273,545.982,1752.3009999999997,2214.967,-1.141,135.93,140.93,-300.307,3,2,84140670,-30.013999999999996,-3.1140000000000043,21.89,293,393,1416,,287.904,440.066,1614.4850000000001,2568.0370000000003,60.03,74.1,71.83,78.63,false,false,6.84,0.98,ETF加碼金額或跨基金共識不足
13,7750,新代,TWSE,電機機械,等待確認,正常持有,standard,今天不下單,每個交易日收盤後，檢查趨勢與法人籌碼,"已有部位可續抱觀察，但暫不追價；若收盤跌破60日EMA約 2,230.22 且法人籌碼轉弱，先減碼三分之一。",未觸發明確減碼訊號,78.1,75.2,60.5,85,100,完整,2375,2450,202.65,95.42,27.76,45.28,228.69,42.53,40.82,12.67,0.67,6,0,2,13,13,120,13,48.458,161.58599999999998,33.43799999999998,-306.216,0,13,36,331.64,2,1,30875000,6.415000000000003,28.991000000000007,17.02,51,131,-30,,49.631,142.17100000000002,-31.552999999999976,-668.708,53.12,47.79,44.8,53.75,true,false,2.42,4.63,20日趨勢尚未上彎；ETF加碼金額或跨基金共識不足
14,2855,統一證,TWSE,金融保險業,等待確認,正常持有,standard,今天不下單,每個交易日收盤後，檢查趨勢與法人籌碼,已有部位可續抱觀察，但暫不追價；若收盤跌破60日EMA約 46.63 且法人籌碼轉弱，先減碼三分之一。,未觸發明確減碼訊號,66.9,74.8,71.6,85,100,可用,52,54.5,19.6,252.71,,87.34,112.56,6.96,5.4,1.73,4.06,11,-7,1362,4434,6038,13538,0,1936.236,2593.8060000000005,7187.968000000001,7629.950000000001,-15,4645.139,6250.879,13733.94,4,1,241547228,0,0,7.09,2047,1013,5293,,1951.236,-2051.333,937.0889999999995,-6103.990000000002,70.61,91.34,86.09,101.84,false,false,7.49,4.94,短線過熱或乖離過大
15,2542,興富發,TWSE,建材營造,等待確認,保護持有,protect,今天不新增部位；未完成確認前不機械式賣出,今天收盤後；若跌破，再看下一交易日是否收復,已有部位暫停加碼；若收盤跌破60日EMA約 45.17，且下一交易日仍未收復，先減碼三分之一；若ETF或外資繼續轉弱，再分批降低部位。,外資持股5/10日下降且外資5日賣超,75.3,73.9,53.5,85,100,可用,48,48,196.59,404.28,24.76,77.72,140.2,2.45,11.11,2.05,8.33,11,2705,9252,13314,15891,22229,3571,-815.245,8769.531,11084.230000000001,51801.412,2705,13314,15899.3,22081.351,5,0,639072000,198.13899999999998,699.144,8.29,-2120,-6088,-8081,,-3640.62,-4742.608,-5514.214,28565.378,59.54,70.19,63.99,82.61,true,false,1.63,2.89,外資持股5/10日下降，且外資5日賣超
16,6739,竹陞科技,TPEX,其他電子業,等待確認,正常持有,standard,今天不下單,每個交易日收盤後，檢查趨勢與法人籌碼,"已有部位可續抱觀察，但暫不追價；若收盤跌破60日EMA約 1,087.67 且法人籌碼轉弱，先減碼三分之一。",未觸發明確減碼訊號,67.8,73.8,65.1,85,100,可用,1110,1110,99.49,97.13,58.57,38.6,181.02,13.31,47.01,25.11,1.17,1,0,0,0,0,0,0,99.281,99.281,99.281,99.281,17,17,17,17,1,0,18870000,0.904,0.904,3.77,,,,,81.377,81.377,81.377,81.377,54.28,67.47,67.4,67.6,false,false,3.79,-5.93,外資持股趨勢資料不足或期間有非市場異動
17,2428,興勤,TWSE,電子零組件業,等待確認,正常持有,standard,今天不下單,每個交易日收盤後，檢查趨勢與法人籌碼,已有部位可續抱觀察，但暫不追價；若收盤跌破60日EMA約 252.60 且法人籌碼轉弱，先減碼三分之一。,未觸發明確減碼訊號,67.9,73.6,71.5,85,100,完整,259.5,260,48.36,24.42,22.64,36.2,299.37,7.55,18.44,2.82,2.27,4,-8,-8,-28,0,2344,-27,-112.855,799.9830000000001,-1147.142,-5446.367,-8,-28,-2000,454.324,0,2,-7266000,16.078,27.631,14.7,-84,1005,903,,-108.064,811.9050000000001,825.227,-6062.251,53.74,49.3,38.52,70.85,true,false,2.72,2.98,20日累積後5日轉為調節；ETF 1/3日已轉為減碼；主動ETF 5日轉為減碼
18,2382,廣達,TWSE,電腦及週邊設備業,等待確認,正常持有,standard,今天不下單,每個交易日收盤後，檢查趨勢與法人籌碼,已有部位可續抱觀察，但暫不追價；若收盤跌破60日EMA約 333.54 且法人籌碼轉弱，先減碼三分之一。,未觸發明確減碼訊號,76.2,73.1,47.5,85,100,可用,347.5,350,131.32,92.67,3.1,87.6,112.75,12.93,15.14,5.5,4.49,48,866,586,3017,4830,6131,0,657.411,21885.234,33882.503000000004,45430.557,1083.154,4313.24,6257.392,9036.981,5,0,1498850900,255.98000000000005,663.164,23.85,-764,20077,26857,,-627.21,17316.014,26961.947000000004,36690.71200000001,61.6,83.25,80.16,89.44,false,false,4.35,2.66,外資持股趨勢資料不足或期間有非市場異動
19,6531,愛普*,TWSE,半導體業,等待確認,保護持有,protect,今天不新增部位；未完成確認前不機械式賣出,今天收盤後；若跌破，再看下一交易日是否收復,已有部位暫停加碼；若收盤跌破60日EMA約 880.96，且下一交易日仍未收復，先減碼三分之一；若ETF或外資繼續轉弱，再分批降低部位。,外資持股5/10日下降且外資5日賣超,74.5,73.1,66.6,85,100,可用,960,980,144.57,102.88,29.44,24.47,373.6,8.33,55.36,12.46,0.73,20,28,41,50,780,452,44,871.686,-695.786,647.8580000000001,1160.6199999999997,37.364,531.231,1801.231,-3434.9800000000005,5,0,509981760,10.797,67.149,33.03,1014,-1172,-1146,,792.799,-1237.814,-1220.5220000000002,4600.746999999999,57.46,69.05,69.9,67.35,false,true,6.47,3.56,外資持股5/10日下降，且外資5日賣超
20,2606,裕民,TWSE,航運業,等待確認,正常持有,standard,今天不下單,每個交易日收盤後，檢查趨勢與法人籌碼,已有部位可續抱觀察，但暫不追價；若收盤跌破60日EMA約 68.13 且法人籌碼轉弱，先減碼三分之一。,未觸發明確減碼訊號,64.9,73,67.5,85,100,可用,78.6,79.5,26.34,26.31,28.58,55.87,161.86,3.51,11.59,1.65,3.56,7,-168,-237,112,-1321,-1401,-125,-205.158,911.563,15370.364,29599.144999999997,-170,308,-1968,-1481.427,2,3,24208800,232.85999999999999,-887.3980000000001,24.41,-494,542,18356,,-124.932,370.7030000000001,18225.762,30921.612,66.83,76.46,70.09,89.22,true,false,7.79,3.29,ETF 1/3日已轉為減碼；主動ETF 5日轉為減碼
21,3515,華擎,TWSE,電腦及週邊設備業,等待確認,正常持有,standard,今天不下單,每個交易日收盤後，檢查趨勢與法人籌碼,已有部位可續抱觀察，但暫不追價；若收盤跌破60日EMA約 219.85 且法人籌碼轉弱，先減碼三分之一。,未觸發明確減碼訊號,73,73,60,85,100,可用,231,235,131.35,18.86,8.04,52.42,174.78,7.1,14.92,2.45,4.76,3,5,13,17,21,21,0,220.613,857.1510000000001,1033.295,2062.5879999999997,5,17,21,21,4,0,3927000,-20.882,-25.872000000000003,9.02,257,506,711,,243.656,861.033,1038.167,1971.805,60.49,64.15,59.72,73.01,true,true,4.44,3.82,外資持股趨勢資料不足或期間有非市場異動；ETF加碼金額或跨基金共識不足
22,2357,華碩,TWSE,電腦及週邊設備業,等待確認,正常持有,standard,今天不下單,每個交易日收盤後，檢查趨勢與法人籌碼,已有部位可續抱觀察，但暫不追價；若收盤跌破60日EMA約 842.12 且法人籌碼轉弱，先減碼三分之一。,未觸發明確減碼訊號,75.1,72.7,55.1,85,100,可用,999,991,53.33,40.88,7.05,62.01,128,38.83,14.61,2.46,4.2,43,1396,1612,3226,3273,3731,-15,-1141.415,5357.367,8066.228,18315.638000000003,1435.59,3629.2819999999997,3846.709,4561.655,5,0,3625652718,-170.25899999999996,-231.77399999999997,39.88,-2150,3651,5787,,-2433.14,1898.344,4451.293,14019.336999999998,63.18,78.28,77.18,80.5,true,true,5.79,0,主動ETF 5日轉為減碼；ETF加碼金額或跨基金共識不足
23,2376,技嘉,TWSE,電腦及週邊設備業,等待確認,正常持有,standard,今天不下單,每個交易日收盤後，檢查趨勢與法人籌碼,已有部位可續抱觀察，但暫不追價；若收盤跌破60日EMA約 342.46 且法人籌碼轉弱，先減碼三分之一。,未觸發明確減碼訊號,74.4,72.7,51.8,85,100,可用,364.5,367.5,59.67,49.96,6.23,74.46,144.47,17.73,13.64,3.67,3.29,30,460,542,2097,2446,3718,-171,-89.939,-25.185999999999922,685.8770000000002,3534.7980000000007,464.621,1045.5610000000001,-856.935,760.975,4,1,381106985,-343.203,-574.461,23.58,-159,559,2991,,-370.378,-727.5439999999999,2117.2729999999997,3178.8880000000017,56.72,71.07,65.17,82.85,false,false,3.07,1.82,主動ETF 5日轉為減碼；ETF加碼金額或跨基金共識不足
24,3044,健鼎,TWSE,電子零組件業,等待確認,正常持有,standard,今天不下單,每個交易日收盤後，檢查趨勢與法人籌碼,已有部位可續抱觀察，但暫不追價；若收盤跌破60日EMA約 458.95 且法人籌碼轉弱，先減碼三分之一。,未觸發明確減碼訊號,70.8,72.5,60.9,85,100,可用,493,495,56.55,34.71,20.58,48.8,162.21,13.02,21.12,4.65,2.58,25,-15,48,383,238,69,225,76.588,313.501,1001.025,-1115.2409999999995,33.416,632.6659999999999,401.61799999999994,3193.625,5,0,311904338,-66.22000000000001,-132.12499999999997,48.43,19,-250,757,,15.964,-252.945,731.5319999999999,-3958.841000000001,59.55,69.69,68.43,72.23,false,false,3.87,-0.7,
25,2897,王道銀行,TWSE,金融保險業,等待確認,保護持有,protect,今天不新增部位；未完成確認前不機械式賣出,今天收盤後；若跌破，再看下一交易日是否收復,已有部位暫停加碼；若收盤跌破60日EMA約 10.34，且下一交易日仍未收復，先減碼三分之一；若ETF或外資繼續轉弱，再分批降低部位。,KD高檔死亡交叉（僅屬時機警示）,70.3,72.2,69.2,85,100,完整,10.75,10.75,17.35,28.22,,91.08,,0.54,13.44,0.72,4.84,2,0,1776,3028,3028,2994,3028,2339.541,22111.783,30548.336,32577.21,0,3028,3028,2993.848,3,0,32551000,164.79500000000002,57.795000000000016,9.69,2435,19065,27725,,2295.521,18918.988,27462.541,29154.567000000003,66.71,80.28,83.2,74.43,false,true,2.8,3.86,KD高檔死亡交叉，等待動能確認；ETF加碼金額或跨基金共識不足
26,3231,緯創,TWSE,電腦及週邊設備業,等待確認,正常持有,standard,今天不下單,每個交易日收盤後，檢查趨勢與法人籌碼,已有部位可續抱觀察，但暫不追價；若收盤跌破60日EMA約 172.71 且法人籌碼轉弱，先減碼三分之一。,未觸發明確減碼訊號,81.6,71.8,45.4,85,100,可用,197,191.5,60.76,88.16,3.59,82.37,118.14,7.78,15.65,3.23,2.79,42,2150,4737,7064,8186,1562,1151,-7450.078,54620.399999999994,30065.59199999999,7242.604999999993,2948.657,28655.234999999997,30023.390999999992,23037.025999999994,5,0,5645081295,1540.484,1374.125,34.04,-17169,18588,-4961,,-10618.915,24424.680999999997,-1331.9240000000045,-15401.922000000006,64.98,74.1,58.98,104.35,false,false,6.95,10.67,20日趨勢尚未上彎
27,8112,至上,TWSE,電子通路業,等待確認,保護持有,protect,今天不新增部位；未完成確認前不機械式賣出,今天收盤後；若跌破，再看下一交易日是否收復,已有部位暫停加碼；若收盤跌破60日EMA約 89.57，且下一交易日仍未收復，先減碼三分之一；若ETF或外資繼續轉弱，再分批降低部位。,外資持股5/10日下降且外資5日賣超,65.1,71.6,54.8,85,100,完整,90.4,90.9,333.48,180.42,3.16,85.96,127.95,9.45,6.84,2.22,4.2,7,-11,89,199,159,2177,0,-1464.873,-12052.015,-25585.253,1704.0099999999911,-11,199,159,1816.1019999999999,2,2,17989600,175.582,-713.831,17.45,-1301,-11017,-24165,,-1493.011,-12426.597,-25030.422000000002,1254.6939999999995,48.82,24.28,24.93,22.98,false,false,-0.82,-0.44,外資持股5/10日下降，且外資5日賣超；當下除權息調整價未守20日EMA；ETF加碼金額或跨基金共識不足
28,2603,長榮,TWSE,航運業,等待確認,正常持有,standard,今天不下單,每個交易日收盤後，檢查趨勢與法人籌碼,已有部位可續抱觀察，但暫不追價；若收盤跌破60日EMA約 218.62 且法人籌碼轉弱，先減碼三分之一。,未觸發明確減碼訊號,68.8,71.5,66.7,85,100,可用,233,248.5,43.07,4.21,14.77,39.75,138.81,11.24,9.24,0.9,6.87,31,426,2016,3548,2479,4438,1181,701.211,-64.60200000000077,5680.339999999999,104670.603,495,3128.3929999999996,-2581.879000000001,506.73299999999915,4,1,728915569,-403.009,-2349.179,26.45,-1023,-6603,6758,,87.305,-2789.986000000001,10611.398,105201.33599999998,55.14,35.75,39.11,29.02,false,false,0.84,-0.21,
29,4763,材料*-KY,TWSE,化學工業,等待確認,正常持有,standard,今天不下單,每個交易日收盤後，檢查趨勢與法人籌碼,已有部位可續抱觀察，但暫不追價；若收盤跌破60日EMA約 47.94 且法人籌碼轉弱，先減碼三分之一。,未觸發明確減碼訊號,75.3,71.5,73.4,85,100,完整,50.6,50.3,32.05,-24.98,41.68,18.57,438.89,1.85,12.13,2.56,6.03,8,0,1395,2378,2384,2267,2382,-1257.82,6184.745000000001,5082.404,5519.000999999999,-3,2372,2385,2249.5769999999998,3,2,120023200,897.303,978.8550000000001,46.53,-1920,-825,-3292,,-1323.8,2915.4419999999996,1718.5489999999995,2367.7929999999997,55.52,68.48,57.81,89.81,false,false,3.28,9.29,ETF加碼，但外資持股5/10日同步下降；ETF加碼金額或跨基金共識不足
30,3135,凌航,TWSE,半導體業,等待確認,保護持有,protect,今天不新增部位；未完成確認前不機械式賣出,今天收盤後；若跌破，再看下一交易日是否收復,已有部位暫停加碼；若收盤跌破60日EMA約 164.49，且下一交易日仍未收復，先減碼三分之一；若ETF或外資繼續轉弱，再分批降低部位。,外資持股5/10日下降且外資5日賣超,61,71.5,62.9,85,85,完整,173,175.5,204.32,247.31,20.31,53.77,264.03,20.87,7.47,3.61,2.16,1,0,0,0,0,302,0,-132.303,-682.043,-1935.176,-1164.164,0,0,0,288,0,0,0,-26.382,-46.723000000000006,0.95,-117,-387,-1424,,-133,-655.6610000000001,-1888.4530000000002,-1377.204,56.22,46.26,62.17,14.44,false,false,3.09,-0.69,外資持股5/10日下降，且外資5日賣超
31,2845,遠東銀,TWSE,金融保險業,等待確認,正常持有,standard,今天不下單,每個交易日收盤後，檢查趨勢與法人籌碼,已有部位可續抱觀察，但暫不追價；若收盤跌破60日EMA約 13.10 且法人籌碼轉弱，先減碼三分之一。,未觸發明確減碼訊號,76.7,71.3,63.2,85,100,可用,13.75,13.75,5.43,15.28,,92.03,,0.54,13.61,0.93,4.58,9,-1,1347,5748,5745,10733,5656,5447.554,53547.197,52844.888,76678.12800000001,-10,5686,5683,10593.858,2,3,78182500,-169.15599999999995,1759.505,10.65,5195,48055,44187,,5219.336,48030.353,45402.383,61937.765,62.08,76.22,65.36,97.94,true,false,2.89,3.07,ETF加碼金額或跨基金共識不足
32,3491,昇達科,TPEX,通信網路業,等待確認,正常持有,standard,今天不下單,每個交易日收盤後，檢查趨勢與法人籌碼,"已有部位可續抱觀察，但暫不追價；若收盤跌破60日EMA約 1,368.44 且法人籌碼轉弱，先減碼三分之一。",未觸發明確減碼訊號,71.7,71,63.1,85,100,可用,1510,1525,82.02,70.79,28.88,37.31,263.15,8.15,120.03,22.88,0.45,13,-1,115,237,543,587,234,-216.443,-216.443,-216.443,-216.443,31.67,31.67,31.67,31.67,1,0,47821700,14.57,14.57,30.58,,,,,-262.683,-262.683,-262.683,-262.683,60.03,75.86,68.6,90.38,false,false,9.74,9.42,外資持股趨勢資料不足或期間有非市場異動
33,2527,宏璟,TWSE,建材營造,等待確認,正常持有,standard,今天不下單,每個交易日收盤後，檢查趨勢與法人籌碼,已有部位可續抱觀察，但暫不追價；若收盤跌破60日EMA約 42.58 且法人籌碼轉弱，先減碼三分之一。,未觸發明確減碼訊號,62.9,70.7,70.9,85,100,完整,43.4,43.85,30.49,1500.25,22.9,25.51,148.94,3.99,7.63,0.31,3.46,1,0,0,0,0,-1,0,-211.624,-219.941,-1109.879,-1918.1329999999998,0,0,0,-1,0,0,0,-88.116,-228.184,43.09,-117,414,-303,,-207.712,-131.82499999999993,-881.6949999999999,-1925.9089999999997,48.33,50.22,49.2,52.28,false,false,-0.7,1.4,20日趨勢尚未上彎
34,3706,神達,TWSE,電腦及週邊設備業,等待確認,正常持有,standard,今天不下單,每個交易日收盤後，檢查趨勢與法人籌碼,已有部位可續抱觀察，但暫不追價；若收盤跌破60日EMA約 90.05 且法人籌碼轉弱，先減碼三分之一。,未觸發明確減碼訊號,72.4,70.7,58,85,100,完整,92.6,93.8,49.73,45.52,3.96,56.75,189.14,2.58,16.54,1.61,4.32,14,884,2702,3266,4670,8289,0,-2465.612,2660.7299999999977,3585.347999999997,20512.566,879,3255,4660.6,8268.103000000001,5,0,301413000,563.886,971.9949999999998,9.49,-2145,2372,-3054,,-3550.003,-1158.1560000000009,-2047.2470000000008,8287.271999999999,53.06,46.45,55.23,28.91,false,true,0.65,0.11,2日內除權息，等待價格重置
35,2347,聯強,TWSE,電子通路業,等待確認,正常持有,standard,今天不下單,每個交易日收盤後，檢查趨勢與法人籌碼,已有部位可續抱觀察，但暫不追價；若收盤跌破60日EMA約 88.04 且法人籌碼轉弱，先減碼三分之一。,未觸發明確減碼訊號,66,70.5,55.6,85,100,可用,89.3,90.2,126.88,84.54,2.49,70.33,142.57,4.12,12.22,1.72,4.7,23,541,310,-187,432,2539,-1201,-12.3,4465.481000000001,1138.953,3858.309,580,-661.777,246.77199999999996,3208.3199999999997,2,3,-59096686,-22.710000000000008,-447.49,29.95,-630,4831,1441,,-674.801,5149.968,1339.6710000000005,1533.0190000000002,53.4,64.92,48.07,98.64,false,false,1.46,2.64,20日累積後5日轉為調節；主動ETF 5日轉為減碼；投信20日買超後近5日轉賣；20日趨勢尚未上彎
36,7828,創新服務,TPEX,半導體業,等待確認,正常持有,standard,今天不下單,每個交易日收盤後，檢查趨勢與法人籌碼,"已有部位可續抱觀察，但暫不追價；若收盤跌破60日EMA約 1,703.64 且法人籌碼轉弱，先減碼三分之一。",未觸發明確減碼訊號,64.2,70.4,70,85,100,可用,1870,1872.5,397.16,235.8,39.39,10.55,741.72,4.52,189.66,14.65,0.24,2,0,0,0,-1,-1,0,-12.885,-12.885,-12.885,-12.885,33,33,33,33,1,0,61710000,-38.8,-38.8,26.9,,,,,-7.085,-7.085,-7.085,-7.085,57.1,75.47,68.1,90.22,false,false,7.78,5.95,外資持股趨勢資料不足或期間有非市場異動
37,8021,尖點,TWSE,其他電子業,等待確認,正常持有,strong,強勢續抱；不追高,今日收盤確認是否守住20日EMA,價格仍在20／60日EMA之上且短線強勢；投信偏弱先觀察，不因分歧減碼。若收盤跌破20日EMA約 426.52 且法人續弱，再轉為保護持有。,價格強勢站上20／60日EMA；投信偏弱，先觀察,71.3,70.4,61.8,85,100,完整,462,500,102.56,72.33,24.71,37.35,239.28,3.25,93.15,10.78,0.43,9,0,92,154,146,122,155,3383.621,-1101.1409999999996,-2982.9159999999993,-7486.269999999999,-212,-444,-862,-1675.57,2,3,-205128000,-55.38399999999999,14.068,17.93,3989,736,-836,,3583.716,-601.757,-2134.984,-5702.202,56.92,72.6,66.63,84.53,true,true,8.32,6.21,投信5/10日持續且具金額意義的賣超；短線過熱或乖離過大；ETF加碼金額或跨基金共識不足；借券賣出與借券賣出餘額壓力升高
38,3017,奇鋐,TWSE,電腦及週邊設備業,等待確認,正常持有,standard,今天不下單,每個交易日收盤後，檢查趨勢與法人籌碼,"已有部位可續抱觀察，但暫不追價；若收盤跌破60日EMA約 2,802.89 且法人籌碼轉弱，先減碼三分之一。",未觸發明確減碼訊號,76.1,70.3,47.6,85,100,可用,3420,3380,57.39,80.34,25.97,68.07,126.07,44.54,45.59,24.33,0.61,48,31,295,322,645,431,160,-614.033,744.744,2479.97,7683.0109999999995,207,706.9080000000001,2597.683,3646.981999999999,4,1,2417625360,-95.12399999999998,206.182,54.11,-810,125,-63,,-811.711,132.95999999999998,-323.89500000000004,3958.791,62.8,82.34,80.29,86.44,false,false,8.33,-0.15,
39,2889,國票金,TWSE,金融保險業,等待確認,正常持有,standard,今天不下單,每個交易日收盤後，檢查趨勢與法人籌碼,已有部位可續抱觀察，但暫不追價；若收盤跌破60日EMA約 15.48 且法人籌碼轉弱，先減碼三分之一。,未觸發明確減碼訊號,67.4,70.2,64.7,85,100,完整,16.45,16.45,16.12,104.08,,88.92,,0.77,13.48,1.25,3.59,2,0,0,0,0,-22,0,-1095.435,38246.108,62808.976,70092.24100000001,0,0,0,-2027.394,0,0,0,206.84,319.929,11.21,-3544,34900,60743,,-1163.377,38039.268000000004,62489.047,71712.48599999999,66.42,73.69,68.81,83.45,true,false,3.91,4.05,
40,2383,台光電,TWSE,電子零組件業,等待確認,保護持有,protect,今天不新增部位；未完成確認前不機械式賣出,今天收盤後；若跌破，再看下一交易日是否收復,"已有部位暫停加碼；若收盤跌破60日EMA約 5,248.60，且下一交易日仍未收復，先減碼三分之一；若ETF或外資繼續轉弱，再分批降低部位。",外資持股5/10日下降且外資5日賣超；投信5/10日持續且具金額意義地賣超,69.9,70,48.7,85,100,可用,5495,5555,129.4,89.4,24.72,63.23,135.5,42.46,85.93,33.75,0.45,54,36,-41,47,-119,-77,83,144.51,-724.2460000000001,-1317.6730000000002,1144.6129999999998,30.759,-284.348,-1062.7649999999999,-1648.2949999999998,2,3,-1562492260,5.910000000000002,138.359,43.45,146,-436,-266,,131.003,-445.808,-393.267,2464.0150000000003,50.33,25.93,26.42,24.95,false,false,-0.35,0.18,投信5/10日持續且具金額意義的賣超；外資持股5/10日下降，且外資5日賣超
41,3081,聯亞,TPEX,通信網路業,等待確認,正常持有,standard,今天不下單,每個交易日收盤後，檢查趨勢與法人籌碼,"已有部位可續抱觀察，但暫不追價；若收盤跌破60日EMA約 2,477.74 且法人籌碼轉弱，先減碼三分之一。",未觸發明確減碼訊號,66.5,70,68,85,100,可用,3070,3080,176.54,120.95,44.5,24.1,288.03,7.75,264.2,60.18,0.13,19,-2,-50,-22,296,1166,13,-257.907,-257.907,-257.907,-257.907,-74,-74,-74,-74,0,1,-227180000,49.214,49.214,21.99,,,,,-233.121,-233.121,-233.121,-233.121,56.8,50.6,66.43,18.93,false,true,3.77,-13.03,20日累積後5日轉為調節；ETF 1/3日已轉為減碼；外資持股趨勢資料不足或期間有非市場異動
42,3022,威強電,TWSE,電腦及週邊設備業,等待確認,保護持有,protect,今天不新增部位；未完成確認前不機械式賣出,今天收盤後；若跌破，再看下一交易日是否收復,已有部位暫停加碼；若收盤跌破60日EMA約 89.03，且下一交易日仍未收復，先減碼三分之一；若ETF或外資繼續轉弱，再分批降低部位。,外資持股5/10日下降且外資5日賣超,61.1,69.8,73.8,85,100,完整,91.5,95,73.92,26.75,6.47,32.04,248.51,3.29,12.15,1.42,3.83,2,0,0,0,1,-283,0,-2140.038,-416.0820000000002,-1705.294,-3907.4220000000005,0,0,1,-283,0,0,0,-81.91600000000001,-151.42600000000002,21.38,-2118,-351,-1540,,-2114.779,-334.166,-1554.868,-3171.242,48.84,42.76,34.06,60.16,true,true,-1.13,1.33,外資持股5/10日下降，且外資5日賣超；20日趨勢尚未上彎；單季稅前獲利對營業外貢獻依賴偏高
43,2851,中再保,TWSE,金融保險業,等待確認,正常持有,standard,今天不下單,每個交易日收盤後，檢查趨勢與法人籌碼,已有部位可續抱觀察，但暫不追價；若收盤跌破60日EMA約 39.38 且法人籌碼轉弱，先減碼三分之一。,未觸發明確減碼訊號,69.7,69.6,68.1,85,100,完整,44.95,44.95,-33.46,111.05,,59.8,,7.91,4.26,1.37,4.89,3,0,494,847,831,810,855,-2074.152,-494.01899999999995,3164.521,6919.469000000001,0,847,831,810,3,0,38072650,126.874,14.792000000000002,10.02,-2209,-1528,2446,,-2069.741,-1467.893,2318.729,6231.358999999999,59.81,61.43,70.01,44.27,true,true,3.67,-2.71,ETF加碼金額或跨基金共識不足
44,6907,雅特力-KY,TPEX,半導體業,等待確認,正常持有,standard,今天不下單,每個交易日收盤後，檢查趨勢與法人籌碼,已有部位可續抱觀察，但暫不追價；若收盤跌破60日EMA約 175.77 且法人籌碼轉弱，先減碼三分之一。,未觸發明確減碼訊號,68,69.5,56.8,85,82,可用,199.5,196,198.45,104.94,15.78,36.08,303.6,4,40.06,7.71,0.5,1,0,0,0,0,50,0,519.369,519.369,519.369,519.369,0,0,0,0,0,0,0,9.499,9.499,52.76,,,,,509.87,509.87,509.87,509.87,57.74,60.48,48.31,84.83,true,true,7.45,8.42,外資持股趨勢資料不足或期間有非市場異動
45,6187,萬潤,TPEX,半導體業,等待確認,正常持有,standard,今天不下單,每個交易日收盤後，檢查趨勢與法人籌碼,"已有部位可續抱觀察，但暫不追價；若收盤跌破60日EMA約 1,162.37 且法人籌碼轉弱，先減碼三分之一。",未觸發明確減碼訊號,70.9,69.4,55.4,85,100,可用,1370,1380,73.44,42.72,29.5,35.14,178.04,11.9,71.02,15.66,0.85,17,50,114,139,-305,-1688,137,64.389,64.389,64.389,64.389,50,50,50,50,1,0,68500000,-21.759,-21.759,33.15,,,,,36.148,36.148,36.148,36.148,58.91,57.78,60.84,51.67,false,false,7.32,1.86,外資持股趨勢資料不足或期間有非市場異動
46,2436,偉詮電,TWSE,半導體業,等待確認,正常持有,standard,今天不下單,每個交易日收盤後，檢查趨勢與法人籌碼,已有部位可續抱觀察，但暫不追價；若收盤跌破60日EMA約 65.44 且法人籌碼轉弱，先減碼三分之一。,未觸發明確減碼訊號,65.8,69.3,66.5,85,100,完整,71.7,74.7,42.93,30.13,11.77,33,261.25,3.02,13.18,3.01,2.73,2,0,0,0,0,-12,0,6085.654,7956.341,3871.8160000000007,2484.0520000000015,0,0,0,-327,0,0,0,108.21000000000001,196.75600000000003,14.3,5851,6918,3441,,5950.205,7848.131,3675.0600000000004,3208.068,64.09,70.03,60.04,90.01,false,false,9.19,9.13,短線過熱或乖離過大；融資增幅與短線漲幅同步偏高；單季稅前獲利對營業外貢獻依賴偏高
47,5274,信驊,TPEX,半導體業,等待確認,正常持有,strong,漲停先續抱；不追價,今日收盤確認是否守住20日EMA,"價格仍在20／60日EMA之上且今日漲停；法人未同步轉弱。若收盤跌破20日EMA約 16,636.91 且法人續弱，再轉為保護持有。",今日漲停／趨勢站穩；法人未同步轉弱,71.8,69.3,53.9,85,100,可用,19215,21135,97.59,68.06,53.36,45.44,201.99,78.28,128.18,93.23,0.42,32,0,23,115,-98,-133,92,100.454,100.454,100.454,100.454,56.918,56.918,56.918,56.918,1,0,1093679370,-1.184,-1.184,52.94,,,,,44.72,44.72,44.72,44.72,69.39,78.68,65.61,104.83,false,false,15.5,19.61,外資持股趨勢資料不足或期間有非市場異動；短線過熱或乖離過大
48,3264,欣銓,TPEX,半導體業,等待確認,正常持有,standard,今天不下單,每個交易日收盤後，檢查趨勢與法人籌碼,已有部位可續抱觀察，但暫不追價；若收盤跌破60日EMA約 215.35 且法人籌碼轉弱，先減碼三分之一。,未觸發明確減碼訊號,67.3,69.2,52.8,85,100,可用,227,230,52.26,31.9,29.05,52.52,88.08,4.39,29.63,5.48,1.85,14,15,464,241,-2700,-1711,163,-505.791,-505.791,-505.791,-505.791,14.769,14.769,14.769,14.769,1,0,3352563,60.583,60.583,36.94,,,,,-581.143,-581.143,-581.143,-581.143,54.69,65.64,67.64,61.63,false,true,2.76,-0.44,外資持股趨勢資料不足或期間有非市場異動
49,2449,京元電子,TWSE,半導體業,等待確認,保護持有,protect,今天不新增部位；未完成確認前不機械式賣出,今天收盤後；若跌破，再看下一交易日是否收復,已有部位暫停加碼；若收盤跌破60日EMA約 263.08，且下一交易日仍未收復，先減碼三分之一；若ETF或外資繼續轉弱，再分批降低部位。,外資持股5/10日下降且外資5日賣超,73.9,69.1,49.4,85,100,可用,273,278,36.75,36.18,26.25,51.32,147.28,3.91,35.78,5.33,0.55,36,883,592,3278,5860,2129,3024,8871.685,-4300.83,-5037.172999999998,-23029.019,1560.575,5651.372,10222.569,5327.330999999998,3,2,1542824556,428.3910000000001,869.2560000000001,27.95,7162,-7106,-9105,,6996.163,-10380.593000000003,-16128.998000000007,-28670.481000000007,57.13,70.34,68.34,74.35,true,true,6.42,6.23,外資持股5/10日下降，且外資5日賣超
50,7749,意騰-KY,TWSE,半導體業,等待確認,正常持有,standard,今天不下單,每個交易日收盤後，檢查趨勢與法人籌碼,已有部位可續抱觀察，但暫不追價；若收盤跌破60日EMA約 380.94 且法人籌碼轉弱，先減碼三分之一。,未觸發明確減碼訊號,56.2,69.1,79.9,85,100,完整,354,365,42.67,60.24,36.17,17.76,499.02,7.57,24.48,4.45,2.54,1,0,0,0,0,18,0,195.628,149.534,13.894999999999996,-52.041000000000004,0,0,0,18,0,0,0,0.622,-5.01,23.38,221,-238,-283,,195,148.912,18.905,-61.115,45.63,35.67,50.41,6.2,false,false,-2.19,-2.21,
51,8473,山林水,TWSE,綠能環保,等待確認,保護持有,protect,今天不新增部位；未完成確認前不機械式賣出,今天收盤後；若跌破，再看下一交易日是否收復,已有部位暫停加碼；若收盤跌破60日EMA約 40.36，且下一交易日仍未收復，先減碼三分之一；若ETF或外資繼續轉弱，再分批降低部位。,外資持股5/10日下降且外資5日賣超,60.9,69.1,65.1,85,93,可用,41.14,40.8,42.18,15.57,26.41,55.27,151.78,2.43,13.19,1.19,4.04,1,0,0,0,0,0,0,-536,-944.53,-694.929,-1091.636,0,0,0,0,0,0,0,1,-9.771999999999998,3.71,-295,-483,-730,,-536,-945.53,-685.1569999999999,-1061.3960000000002,52.78,51.05,62.09,28.97,false,true,0.59,-0.87,外資持股5/10日下降，且外資5日賣超；2日內除權息，等待價格重置
52,1815,富喬,TPEX,電子零組件業,等待確認,正常持有,standard,今天不下單,每個交易日收盤後，檢查趨勢與法人籌碼,已有部位可續抱觀察，但暫不追價；若收盤跌破60日EMA約 101.26 且法人籌碼轉弱，先減碼三分之一。,未觸發明確減碼訊號,65.5,68.9,67.1,85,100,可用,130,135,68.11,46.9,23.66,36.17,273.98,2.24,37.68,5.55,0.77,4,0,33,309,327,321,0,23779.293,23779.293,23779.293,23779.293,4741,4741,4741,4741,1,0,616330000,713.175,713.175,36.53,,,,,18325.118,18325.118,18325.118,18325.118,68.69,65.8,72.89,51.6,false,false,15.8,2.77,外資持股趨勢資料不足或期間有非市場異動；短線過熱或乖離過大；2日內除權息，等待價格重置；ETF加碼金額或跨基金共識不足
53,4576,大銀微系統,TWSE,電機機械,等待確認,正常持有,strong,強勢續抱；不追高,今日收盤確認是否守住20日EMA,價格仍在20／60日EMA之上且短線強勢；法人未同步轉弱。若收盤跌破20日EMA約 220.91 且法人續弱，再轉為保護持有。,價格強勢站上20／60日EMA；法人未同步轉弱,70,68.9,54.7,85,100,完整,247,247,60.14,49.67,17.35,38.14,200.45,1.92,75.3,6.9,0.32,1,0,0,0,0,0,0,640.937,1812.722,2455.847,1716.835,0,0,0,0,0,0,0,127.06799999999998,143.70699999999997,7.55,712,1735,2081,,647.642,1685.654,2312.14,1694.5380000000005,65.33,75.18,67.34,90.87,false,false,11.81,14.09,
54,2618,長榮航,TWSE,航運業,等待確認,正常持有,standard,今天不下單,每個交易日收盤後，檢查趨勢與法人籌碼,已有部位可續抱觀察，但暫不追價；若收盤跌破60日EMA約 41.32 且法人籌碼轉弱，先減碼三分之一。,未觸發明確減碼訊號,71.5,68.4,56.5,85,100,完整,42.1,41.5,21.42,17.08,13.25,62.38,115.28,2.24,8.86,1.63,4.75,28,1919,5871,11273,11199,8393,5919,-2138.563,15246.721,13215.076,39341.09900000001,1951.638,12392.783,13208.743999999999,13187.126999999999,5,0,521736164,-454.168,-2436.8269999999998,32.75,-3931,4326,5454,,-3882.705,3308.1059999999998,2443.1589999999997,30901.594999999998,49.29,44.35,49.38,34.27,false,false,-0.42,0.24,20日趨勢尚未上彎；當下除權息調整價未守20日EMA；借券賣出與借券賣出餘額壓力升高
55,3167,大量,TWSE,電機機械,等待確認,正常持有,strong,強勢續抱；不追高,今日收盤確認是否守住20日EMA,價格仍在20／60日EMA之上且短線強勢；法人未同步轉弱。若收盤跌破20日EMA約 746.18 且法人續弱，再轉為保護持有。,價格強勢站上20／60日EMA；法人未同步轉弱,63.9,68.4,51.1,85,100,完整,883,874,152.87,131.8,24.48,64.49,143.75,9.26,61.92,18.41,0.44,4,0,0,-22,127,242,-22,-46.368,-8.63999999999996,470.08700000000005,-1196.3859999999995,0,-113,36,720,1,3,-99779000,4.961000000000003,-85.518,9.88,-81,74,814,,-22.102,99.39900000000003,519.6050000000001,-1875.803,63.94,80.44,72.77,95.78,true,true,18.34,11.21,20日累積後5日轉為調節；主動ETF 5日轉為減碼；投信20日買超後近5日轉賣；短線過熱或乖離過大；KD高檔死亡交叉，等待動能確認；高波動且5日漲幅過大
56,3563,牧德,TWSE,光電業,等待確認,正常持有,standard,今天不下單,每個交易日收盤後，檢查趨勢與法人籌碼,已有部位可續抱觀察，但暫不追價；若收盤跌破60日EMA約 697.47 且法人籌碼轉弱，先減碼三分之一。,未觸發明確減碼訊號,69.7,67.8,67.3,85,100,完整,699,730,31.84,11.61,38.88,28.21,317.07,9.8,41.02,8.06,2,2,0,9,9,9,219,0,86.453,270.389,359.28100000000006,64.53700000000008,0,8,8,203.232,1,0,5592000,14.154000000000003,11.049000000000003,7.3,95,345,273,,82.185,248.235,340.232,-107.65199999999996,53.2,57.79,60.41,52.56,false,true,1.9,2.49,ETF加碼金額或跨基金共識不足
57,6788,華景電,TPEX,半導體業,等待確認,正常持有,standard,今天不下單,每個交易日收盤後，檢查趨勢與法人籌碼,已有部位可續抱觀察，但暫不追價；若收盤跌破60日EMA約 371.15 且法人籌碼轉弱，先減碼三分之一。,未觸發明確減碼訊號,58.2,67.8,73.9,85,100,可用,358.5,365,61.53,18.22,34.89,32.23,315.71,9.79,18.57,5.26,4.18,2,0,0,0,0,-2,0,80.065,80.065,80.065,80.065,0,0,0,0,0,0,0,2.41,2.41,12.83,,,,,77.655,77.655,77.655,77.655,49.13,33.07,46.23,6.76,false,false,-0.18,-0.69,外資持股趨勢資料不足或期間有非市場異動
58,9945,潤泰新,TWSE,其他,等待確認,保護持有,protect,今天不新增部位；未完成確認前不機械式賣出,今天收盤後；若跌破，再看下一交易日是否收復,已有部位暫停加碼；若收盤跌破60日EMA約 27.28，且下一交易日仍未收復，先減碼三分之一；若ETF或外資繼續轉弱，再分批降低部位。,外資持股5/10日下降且外資5日賣超,60,67.8,74.9,85,100,完整,27.9,27.9,2.01,33.94,20.1,34.7,158.5,3.7,4.88,0.49,3.94,4,0,0,0,-2782,-3983,0,-1933.052,-1592.6839999999997,-9288.89,8018.2710000000025,0,0,-2782,-3983.024,0,0,0,384.087,294.927,8.17,-793,-239,-4733,,-2082.884,-1976.7709999999997,-6801.817000000001,11406.868,48.38,31.07,30.14,32.95,true,false,-1.12,0.36,外資持股5/10日下降，且外資5日賣超；當下除權息調整價未守20日EMA；單季稅前獲利對營業外貢獻依賴偏高
59,2890,永豐金,TWSE,金融保險業,等待確認,正常持有,standard,今天不下單,每個交易日收盤後，檢查趨勢與法人籌碼,已有部位可續抱觀察，但暫不追價；若收盤跌破60日EMA約 38.65 且法人籌碼轉弱，先減碼三分之一。,未觸發明確減碼訊號,71.3,67.7,56.6,85,100,可用,42.6,41.3,51.3,54.62,,93.3,,1.66,16.08,2.33,3.05,30,337,763,4470,2178,46170,-1134,-2542.283,21466.243000000002,54727.687999999995,72356.08399999999,1124.793,11833.979000000001,11549.19,64435.062000000005,4,1,504127505,-1565.616,-4559.286,29.58,-2994,18834,55997,,-3805.852,11197.88,47737.784,15047.322000000004,70.01,84.59,76.56,100.65,false,false,4.76,3.65,主動ETF 5日轉為減碼；ETF加碼金額或跨基金共識不足
60,6669,緯穎,TWSE,電腦及週邊設備業,等待確認,保護持有,protect,今天不新增部位；未完成確認前不機械式賣出,今天收盤後；若跌破，再看下一交易日是否收復,"已有部位暫停加碼；若收盤跌破60日EMA約 2,011.08，且下一交易日仍未收復，先減碼三分之一；若ETF或外資繼續轉弱，再分批降低部位。",外資持股5/10日下降且外資5日賣超,63.7,67.3,54.9,85,100,可用,2490,2510,39.23,41.27,6.79,75.35,132.12,156.38,7.98,3.39,6.6,45,209,669,681,1053,-330,29,-2081.731,-8200.749,-8759.697,-9445.939,-748.929,-74.603,68.60899999999995,-829.6140000000001,3,2,-185761470,-1259.6779999999999,-890.0089999999999,23.89,-997,-6168,-7157,,-1105.688,-6866.468,-7938.2970000000005,-7912.130000000002,64.22,61.6,69.04,46.73,false,true,8.32,4.68,外資持股5/10日下降，且外資5日賣超；借券賣出與借券賣出餘額壓力升高
61,1402,遠東新,TWSE,紡織纖維,等待確認,保護持有,protect,今天不新增部位；未完成確認前不機械式賣出,今天收盤後；若跌破，再看下一交易日是否收復,已有部位暫停加碼；若收盤跌破60日EMA約 27.94，且下一交易日仍未收復，先減碼三分之一；若ETF或外資繼續轉弱，再分批降低部位。,外資持股5/10日下降且外資5日賣超,71.7,67.1,48.7,85,100,完整,28.7,28.7,20.58,7.41,7.75,54.39,100.03,1.15,14.87,0.66,4.36,15,401,4655,8282,8289,11821,7040,-4528.865,4406.522000000001,-3437.45,82970.56999999999,-2890.374,4969.5779999999995,6106.2959999999985,35403.246,3,2,142626889,860.616,872.9590000000001,17.15,-1806,-1598,-11491,,-1781.12,-1423.6719999999996,-10416.705,46840.71,53.36,51.93,49.85,56.08,true,false,0.62,1.23,外資持股5/10日下降，且外資5日賣超
62,6426,統新,TWSE,通信網路業,等待確認,正常持有,strong,漲停先續抱；不追價,今日收盤確認是否守住20日EMA,價格仍在20／60日EMA之上且今日漲停；法人未同步轉弱。若收盤跌破20日EMA約 248.37 且法人續弱，再轉為保護持有。,今日漲停／趨勢站穩；法人未同步轉弱,65.4,67.1,68.6,85,85,完整,296,325.5,52.7,66.77,26.07,10.23,811.46,2.96,74.75,11.42,0.17,1,0,89,151,151,151,89,466.957,1155.8780000000002,1776.5310000000002,1678.2590000000005,0,151,151,151,2,0,44696000,23.041000000000004,75.53399999999999,11.94,446,923,1423,,434.919,981.8370000000001,1549.9970000000003,1440.1910000000003,71.75,80.9,75.99,90.72,true,false,19.18,13.41,短線過熱或乖離過大
63,6640,均華,TPEX,半導體業,等待確認,正常持有,strong,強勢續抱；不追高,今日收盤確認是否守住20日EMA,"價格仍在20／60日EMA之上且短線強勢；法人未同步轉弱。若收盤跌破20日EMA約 1,093.44 且法人續弱，再轉為保護持有。",價格強勢站上20／60日EMA；法人未同步轉弱,66.6,67,49.1,85,100,可用,1300,1310,266.01,72.66,19.3,43.77,100.76,9.52,77.61,7.26,1.15,2,1,103,114,116,116,113,78.547,78.547,78.547,78.547,131,131,131,131,1,0,170300000,-6.328,-6.328,4.42,,,,,-46.125,-46.125,-46.125,-46.125,68.43,85.92,76.44,104.87,false,false,18.89,14.04,外資持股趨勢資料不足或期間有非市場異動；短線過熱或乖離過大；高波動且5日漲幅過大；ETF加碼金額或跨基金共識不足
64,1773,勝一,TWSE,化學工業,等待確認,保護持有,protect,今天不新增部位；未完成確認前不機械式賣出,今天收盤後；若跌破，再看下一交易日是否收復,已有部位暫停加碼；若收盤跌破60日EMA約 163.42，且下一交易日仍未收復，先減碼三分之一；若ETF或外資繼續轉弱，再分批降低部位。,外資持股5/10日下降且外資5日賣超,59.1,66.8,56.9,85,100,完整,160.5,163.5,33.55,20.97,23.46,37.93,104.11,4.38,20.01,4.21,2.49,2,0,0,0,0,-3,0,-173.396,-1775.923,-1911.491,-2437.8449999999993,-1,-1,-1,-767.017,0,1,-160500,-2.6160000000000014,26.036999999999995,6.69,-166,-1458,-1640,,-178,-1772.3070000000002,-1936.5280000000002,-1718.2170000000003,48.85,38.34,50.5,14.03,false,true,-0.39,-2.13,外資持股5/10日下降，且外資5日賣超
65,6515,穎崴,TWSE,半導體業,等待確認,正常持有,strong,強勢續抱；不追高,今日收盤確認是否守住20日EMA,"價格仍在20／60日EMA之上且短線強勢；外資偏弱先觀察，不因分歧減碼。若收盤跌破20日EMA約 6,656.12 且法人續弱，再轉為保護持有。",價格強勢站上20／60日EMA；外資偏弱，先觀察,70.4,66.8,50.4,85,100,可用,7000,7350,155.57,82.29,24.63,44.89,225.07,38.24,114.6,29.59,0.71,27,0,173,215,162,50,113,-41.458,-71.273,-20.61499999999998,-237.73599999999993,32,753.4,510.8979999999999,-445.986,5,0,5273800000,2.621,8.629999999999999,22.54,-88,-805,-538,,-79.461,-827.2940000000001,-540.143,198.82499999999982,56.48,72.98,64.57,89.8,false,false,5.17,11.38,外資持股5/10日下降，且外資5日賣超
66,6664,群翊,TPEX,電子零組件業,等待確認,正常持有,standard,今天不下單,每個交易日收盤後，檢查趨勢與法人籌碼,已有部位可續抱觀察，但暫不追價；若收盤跌破60日EMA約 360.67 且法人籌碼轉弱，先減碼三分之一。,未觸發明確減碼訊號,63.9,66.8,60.8,85,100,可用,356.5,363,30.21,16.75,34.02,56.53,188.59,7.29,21.44,5.21,2.85,2,4,3,4,4,4,0,70.924,70.924,70.924,70.924,4,4,4,4,1,0,1426000,-0.793,-0.793,9.43,,,,,67.717,67.717,67.717,67.717,50.92,42.97,50.8,27.32,false,true,0.7,2.59,外資持股趨勢資料不足或期間有非市場異動
67,6781,AES-KY,TWSE,電子零組件業,等待確認,正常持有,standard,今天不下單,每個交易日收盤後，檢查趨勢與法人籌碼,"已有部位可續抱觀察，但暫不追價；若收盤跌破60日EMA約 1,086.64 且法人籌碼轉弱，先減碼三分之一。",未觸發明確減碼訊號,68.3,66.7,66.1,85,100,完整,1080,1095,28.24,26.35,25.76,35.13,265.53,23.45,25.54,5.21,1.77,4,0,0,0,1,1,0,-95.982,114.833,317.36699999999996,1078.896,0.5,17.357,18.642999999999997,18.025999999999996,2,0,18745560,-44.995,14.218000000000004,70.63,-89,277,419,,-88.536,142.471,284.50600000000003,1109.375,49.23,48.02,54.65,34.76,false,true,-0.95,-4,
68,7751,竑騰,TPEX,半導體業,等待確認,正常持有,standard,今天不下單,每個交易日收盤後，檢查趨勢與法人籌碼,"已有部位可續抱觀察，但暫不追價；若收盤跌破60日EMA約 1,496.01 且法人籌碼轉弱，先減碼三分之一。",未觸發明確減碼訊號,64.4,66.5,53.1,85,100,可用,1590,1675,50.97,64.94,33.81,48.73,198.28,13.85,61.63,18.11,1.13,2,5,10,10,37,-208,10,-45.27,-45.27,-45.27,-45.27,5,5,5,5,1,0,7950000,-6.255,-6.255,9.13,,,,,-44.015,-44.015,-44.015,-44.015,51.97,27.37,37.36,7.38,false,false,0.97,-1.55,外資持股趨勢資料不足或期間有非市場異動
69,5871,中租-KY,TWSE,其他,等待確認,正常持有,standard,今天不下單,每個交易日收盤後，檢查趨勢與法人籌碼,已有部位可續抱觀察，但暫不追價；若收盤跌破60日EMA約 112.98 且法人籌碼轉弱，先減碼三分之一。,未觸發明確減碼訊號,64.1,66.3,59.8,85,100,可用,112.5,113,6.82,-0.78,31.24,79.97,110.35,5.84,10.4,1.13,5.33,29,140,1346,3765,2548,1439,1879,950.31,-7457.778,-2842.9750000000004,6591.255999999999,138,2843.765,1653.262,1287.341,4,1,319923563,285.975,-0.5309999999999633,44.83,1664,-8614,-5322,,687.574,-10587.518,-4495.705999999998,6006.9320000000025,48.21,25.46,38.69,-0.99,false,false,-0.63,-3.85,累計營收負成長且當月改善不足；外資持股趨勢資料不足或期間有非市場異動；當下除權息調整價未守20日EMA
70,6510,精測,TPEX,半導體業,等待確認,正常持有,strong,強勢續抱；不追高,今日收盤確認是否守住20日EMA,"價格仍在20／60日EMA之上且短線強勢；法人未同步轉弱。若收盤跌破20日EMA約 2,981.57 且法人續弱，再轉為保護持有。",價格強勢站上20／60日EMA；法人未同步轉弱,69.7,66.2,61.5,85,100,可用,3470,3800,49.87,30,32.26,28.04,436.63,25.45,81.84,11.28,0.44,15,131,225,330,435,695,329,-23.635,-23.635,-23.635,-23.635,342.474,342.474,342.474,342.474,1,0,1188384780,23.576,23.576,16.01,,,,,-389.685,-389.685,-389.685,-389.685,68.18,78.38,69.43,96.29,false,false,16.38,21.97,外資持股趨勢資料不足或期間有非市場異動；短線過熱或乖離過大
71,6584,南俊國際,TPEX,電子零組件業,等待確認,正常持有,standard,今天不下單,每個交易日收盤後，檢查趨勢與法人籌碼,已有部位可續抱觀察，但暫不追價；若收盤跌破60日EMA約 598.26 且法人籌碼轉弱，先減碼三分之一。,未觸發明確減碼訊號,64.9,66.2,60.2,85,100,可用,619,630,32.8,51.97,29.58,32.16,184.25,6.47,58.78,11.85,0.39,3,0,88,84,84,150,84,-119.711,-119.711,-119.711,-119.711,0,0,0,0,0,0,0,-5.447,-5.447,12.03,,,,,-114.264,-114.264,-114.264,-114.264,53.03,45.92,55.31,27.15,false,true,1.55,-1.59,外資持股趨勢資料不足或期間有非市場異動；2日內除權息，等待價格重置
72,5243,乙盛-KY,TWSE,光電業,等待確認,正常持有,standard,今天不下單,每個交易日收盤後，檢查趨勢與法人籌碼,已有部位可續抱觀察，但暫不追價；若收盤跌破60日EMA約 92.85 且法人籌碼轉弱，先減碼三分之一。,未觸發明確減碼訊號,65.2,66.1,60.4,85,100,完整,95.4,98.5,48.1,4.89,11.49,39.81,168.64,3,18.21,1.86,2.31,1,0,0,0,0,-1,0,-54.001,90.58699999999999,-297.21000000000015,69.29399999999981,0,0,0,-1,0,0,0,21.534999999999997,-3.8960000000000026,53.29,-94,-168,-410,,-106.991,69.05199999999996,-293.31399999999996,-52.24799999999996,58.74,51.32,50.95,52.07,true,false,5.57,5.65,
73,3034,聯詠,TWSE,半導體業,等待確認,正常持有,standard,今天不下單,每個交易日收盤後，檢查趨勢與法人籌碼,已有部位可續抱觀察，但暫不追價；若收盤跌破60日EMA約 516.50 且法人籌碼轉弱，先減碼三分之一。,未觸發明確減碼訊號,70.3,66,58.5,85,100,可用,540,535,26.8,1.15,20.26,42.09,222.47,16.59,18.84,4.76,4.26,49,4,-43,311,847,1037,-136,1041.264,3882.626,8754.505000000001,13076.854000000001,30.441,468.3620000000001,1107.825,1590.6049999999998,3,2,252915480,-54.426,-71.30800000000002,43.94,1084,2723,6131,,994.432,3468.6899999999996,7717.987999999999,11629.792999999998,53.24,35.98,44.57,18.79,false,false,0.99,0,主動ETF 5日轉為減碼；20日趨勢尚未上彎
74,3090,日電貿,TWSE,電子零組件業,等待確認,保護持有,protect,今天不新增部位；未完成確認前不機械式賣出,今天收盤後；若跌破，再看下一交易日是否收復,已有部位暫停加碼；若收盤跌破60日EMA約 183.24，且下一交易日仍未收復，先減碼三分之一；若ETF或外資繼續轉弱，再分批降低部位。,外資持股5/10日下降且外資5日賣超,61.1,66,64.1,85,100,完整,171.5,174,66.62,28.75,12.12,30.9,156.34,4.91,22.72,2.65,2.8,7,-11,67,42,16,3457,-36,-3404.76,-404.14599999999996,-1658.8480000000002,-10174.921,-11,665,639,3498.872,2,2,114047500,93.27799999999999,53.131,8.01,-3437,-872,-1140,,-3396.275,-1162.4240000000004,-2350.9790000000007,-13707.525000000001,49.04,46.92,45.46,49.84,true,true,0.66,-2,主動ETF 5日轉為減碼；外資持股5/10日下降，且外資5日賣超
75,8150,南茂,TWSE,半導體業,等待確認,正常持有,standard,今天不下單,每個交易日收盤後，檢查趨勢與法人籌碼,已有部位可續抱觀察，但暫不追價；若收盤跌破60日EMA約 91.01 且法人籌碼轉弱，先減碼三分之一。,未觸發明確減碼訊號,69.9,66,51.3,85,100,可用,91.3,92,43.6,29.53,10.25,47.09,238.63,2,28.44,2.57,1.35,7,20,25,21,24,1986,0,3565.604,15164.188999999998,12516.709999999997,-19894.401000000005,117,114,268,-10711.712,3,2,10408200,127.74700000000007,127.44600000000005,37.98,3846,15964,14241,,3203.633,14922.442000000001,12121.264000000001,-8180.230999999998,51.14,52.87,54.48,49.64,false,true,1.27,2.47,外資持股趨勢資料不足或期間有非市場異動
76,3680,家登,TPEX,半導體業,等待確認,正常持有,standard,今天不下單,每個交易日收盤後，檢查趨勢與法人籌碼,已有部位可續抱觀察，但暫不追價；若收盤跌破60日EMA約 482.68 且法人籌碼轉弱，先減碼三分之一。,未觸發明確減碼訊號,63,65.5,56.1,85,100,可用,529,544,71.69,28.67,16.54,47.06,233.81,8.09,35.57,3.92,1.3,2,0,0,0,-1,-1,0,350.186,350.186,350.186,350.186,0,0,0,0,0,0,0,84.081,84.081,29.28,,,,,266.105,266.105,266.105,266.105,62.01,76.22,73.94,80.77,false,false,7.59,7.3,外資持股趨勢資料不足或期間有非市場異動
77,2356,英業達,TWSE,電腦及週邊設備業,等待確認,正常持有,strong,強勢續抱；不追高,今日收盤確認是否守住20日EMA,價格仍在20／60日EMA之上且短線強勢；法人未同步轉弱。若收盤跌破20日EMA約 65.87 且法人續弱，再轉為保護持有。,價格強勢站上20／60日EMA；法人未同步轉弱,71,65.4,41.1,85,100,可用,66.1,72.5,65.73,40.78,1.78,83.6,108.21,1.76,21.32,3.05,3.03,22,-132,-121,381,1023,-2001,0,-11751.055,7015.168999999999,10157.458,47667.139,-114.288,1143.906,2386.5010000000007,1052.5990000000008,3,2,75612187,-1297.129,-1089.2679999999998,19.04,-11298,4220,6833,,-11254.244,7168.392,8860.224999999999,46997.33500000001,51.29,54.75,51.46,61.34,true,true,0.35,-0.9,ETF 1/3日已轉為減碼
78,4766,南寶,TWSE,化學工業,等待確認,正常持有,strong,漲停先續抱；不追價,今日收盤確認是否守住20日EMA,價格仍在20／60日EMA之上且今日漲停；法人未同步轉弱。若收盤跌破20日EMA約 342.20 且法人續弱，再轉為保護持有。,今日漲停／趨勢站穩；法人未同步轉弱,59.5,65,59.2,85,100,完整,344.5,378.5,20.76,11.03,16.69,49.05,191.73,13.82,14.7,2.93,5.22,5,0,0,0,0,-2,0,-0.781,33.393,-37.72599999999999,297.33600000000007,0,-1,-1,-3.433,0,1,-344500,4.016000000000001,-72.393,15.68,-8,-61,-89,,-2.997,30.37700000000001,35.667000000000016,371.37800000000004,53.36,38.55,46.88,21.89,false,false,0.67,-0.14,
79,5876,上海商銀,TWSE,金融保險業,等待確認,正常持有,standard,今天不下單,每個交易日收盤後，檢查趨勢與法人籌碼,已有部位可續抱觀察，但暫不追價；若收盤跌破60日EMA約 43.27 且法人籌碼轉弱，先減碼三分之一。,未觸發明確減碼訊號,66,64.7,64.9,85,100,可用,46.95,43,19.61,1.29,,88.62,,2.08,13.26,1.06,3.83,18,1033,4399,4140,1810,843,5496,5933.441,28912.628,24801.566,29499.509000000005,1059,5165,3561.7439999999997,4859.33,4,1,242496750,-713.231,-1640.6299999999999,55.16,4733,24172,23618,,4823.815,24460.859,22880.452,26976.639000000003,70.82,92.25,81.48,113.79,false,false,5.8,9.44,外資持股趨勢資料不足或期間有非市場異動；當下除權息調整價未守20日EMA
80,2609,陽明,TWSE,航運業,等待確認,保護持有,protect,今天不新增部位；未完成確認前不機械式賣出,今天收盤後；若跌破，再看下一交易日是否收復,已有部位暫停加碼；若收盤跌破60日EMA約 54.48，且下一交易日仍未收復，先減碼三分之一；若ETF或外資繼續轉弱，再分批降低部位。,外資持股5/10日下降且外資5日賣超,65.7,64.6,66.2,85,100,可用,58.1,58,34.56,5.78,7.6,28.37,420.88,2.05,13.09,0.62,3.44,10,179,208,386,392,1049,0,25.797,-8419.516,-30404.324,174315.532,171.442,368.697,346.044,986.883,3,2,21421296,-451.63099999999986,-1812.8509999999999,23.99,-489,-49400,-79097,,-538.008,-8336.581999999999,-28937.516999999996,167261.357,55.43,24.16,29.07,14.36,false,false,1.69,-2.35,外資持股5/10日下降，且外資5日賣超
81,6147,頎邦,TPEX,半導體業,等待確認,正常持有,standard,今天不下單,每個交易日收盤後，檢查趨勢與法人籌碼,已有部位可續抱觀察，但暫不追價；若收盤跌破60日EMA約 176.81 且法人籌碼轉弱，先減碼三分之一。,未觸發明確減碼訊號,70.3,64.6,62.6,85,100,可用,191,191,39.18,20.94,16.68,13.08,262.19,1.87,46.14,2.43,1.47,9,-6,-6,376,-139,-92,368,5958.634,5958.634,5958.634,5958.634,9.611,9.611,9.611,9.611,1,0,1835701,2094.785,2094.785,33.87,,,,,3854.238,3854.238,3854.238,3854.238,58.72,64.9,64.69,65.32,true,true,8.93,8.83,ETF 1/3日已轉為減碼；外資持股趨勢資料不足或期間有非市場異動
82,8070,長華*,TWSE,電子通路業,等待確認,正常持有,standard,今天不下單,每個交易日收盤後，檢查趨勢與法人籌碼,已有部位可續抱觀察，但暫不追價；若收盤跌破60日EMA約 49.93 且法人籌碼轉弱，先減碼三分之一。,未觸發明確減碼訊號,60.7,64.6,64.7,85,100,完整,49.9,52,33.63,26.21,12.01,39.01,235.2,1.3,29.53,1.32,5.43,8,-16,54,14,-25,3788,-47,-323.875,192.78299999999993,1182.442,614.0850000000005,-19,8.192000000000004,-30.160999999999994,3776.494,1,4,408781,10.614999999999998,31.79499999999999,10.95,-256,365,1410,,-327.87,173.976,1180.808,-3443.8110000000006,50.25,30.83,36.58,19.33,false,true,0.03,-0.6,主動ETF 5日轉為減碼
83,2421,建準,TWSE,電子零組件業,等待確認,正常持有,standard,今天不下單,每個交易日收盤後，檢查趨勢與法人籌碼,已有部位可續抱觀察，但暫不追價；若收盤跌破60日EMA約 149.21 且法人籌碼轉弱，先減碼三分之一。,未觸發明確減碼訊號,60.1,64.5,57.8,85,100,完整,171.5,177,31.65,20.34,15.56,50.21,164.23,4.78,18.44,4.66,3.06,7,10,11,8,8,-31,0,-2114.954,-1770.585,15513.984999999999,16069.941999999995,9,202,202,160.913,5,0,34643000,101.26599999999999,602.913,35.98,-2278,-2636,14014,,-2228.553,-2073.851,14709.072,15520.514,61.83,72.55,71.54,74.56,true,true,8.02,-4.46,
84,1503,士電,TWSE,電機機械,等待確認,正常持有,standard,今天不下單,每個交易日收盤後，檢查趨勢與法人籌碼,已有部位可續抱觀察，但暫不追價；若收盤跌破60日EMA約 206.26 且法人籌碼轉弱，先減碼三分之一。,未觸發明確減碼訊號,73.2,64.4,49.6,85,100,完整,207.5,207.5,15.1,10.84,14.79,38.12,135.8,5.04,28.58,2.79,2.41,8,12,24,29,32,-40,0,173.115,963.971,903.346,2733.6280000000006,10,24,26.853,-49.397999999999996,3,2,4980000,21.155000000000015,145.966,30.6,184,819,277,,177.938,918.8159999999999,730.527,2759.611,53.5,53.35,52.61,54.84,true,false,1.95,3.75,
85,1409,新纖,TWSE,紡織纖維,等待確認,保護持有,protect,今天不新增部位；未完成確認前不機械式賣出,今天收盤後；若跌破，再看下一交易日是否收復,已有部位暫停加碼；若收盤跌破60日EMA約 23.93，且下一交易日仍未收復，先減碼三分之一；若ETF或外資繼續轉弱，再分批降低部位。,外資持股5/10日下降且外資5日賣超,65.3,64.1,43.6,85,100,可用,24.35,24,56.23,15.35,,76.61,103.39,1.18,11.07,0.82,3.7,3,-2,172,327,327,326,329,-1397.14,-19935.922,-19583.965999999997,-27969.18099999999,-9,311,313,297.8,3,2,7572850,257.64,211.78299999999996,9.35,-1258,-12799,-14244,,-1341.187,-20504.561999999998,-20108.749,-31360.527000000002,49.18,31.14,39.53,14.38,false,true,-0.65,-1.02,外資持股5/10日下降，且外資5日賣超；當下除權息調整價未守20日EMA
86,1802,台玻,TWSE,玻璃陶瓷,等待確認,正常持有,standard,今天不下單,每個交易日收盤後，檢查趨勢與法人籌碼,已有部位可續抱觀察，但暫不追價；若收盤跌破60日EMA約 59.29 且法人籌碼轉弱，先減碼三分之一。,未觸發明確減碼訊號,73.5,63.9,41.4,85,93,可用,60.7,59.7,28.45,14.22,10.45,41.77,135.23,0.64,70.58,3.42,,7,1,77,701,391,347,0,6397.992,573.348,23800.197000000004,33342.551999999996,113,904,676,617.056,5,0,54872800,-1393.765,502.81199999999995,5.67,6108,-2092,15468,,5993.804,1063.1129999999998,22621.385000000002,31704.088000000003,57.19,52.38,59,39.15,false,true,3.66,-0.16,
87,5434,崇越,TWSE,電子通路業,等待確認,保護持有,protect,今天不新增部位；未完成確認前不機械式賣出,今天收盤後；若跌破，再看下一交易日是否收復,已有部位暫停加碼；若收盤跌破60日EMA約 510.53，且下一交易日仍未收復，先減碼三分之一；若ETF或外資繼續轉弱，再分批降低部位。,外資持股5/10日下降且外資5日賣超,62.7,63.8,48.8,85,100,可用,541,543,42.61,23.54,7.4,53.86,133.72,14.79,20.25,4.78,2.48,23,-39,-39,-59,28,69,-58,48.055,-365.35699999999997,-654.858,-1400.938,-33.224,-31.111999999999995,75.888,508.935,1,4,-16831592,-81.17500000000001,-77.07100000000001,30.18,97,-130,-561,,78.947,-253.07,-653.675,-1833.6310000000003,55.09,69.41,59.26,89.71,false,false,2.3,5.05,20日累積後5日轉為調節；ETF 1/3日已轉為減碼；主動ETF 5日轉為減碼；投信20日買超後近5日轉賣；外資持股5/10日下降，且外資5日賣超
88,6173,信昌電,TPEX,電子零組件業,等待確認,正常持有,strong,強勢續抱；不追高,今日收盤確認是否守住20日EMA,價格仍在20／60日EMA之上且短線強勢；法人未同步轉弱。若收盤跌破20日EMA約 230.05 且法人續弱，再轉為保護持有。,價格強勢站上20／60日EMA；法人未同步轉弱,65.6,63.8,63.1,85,100,可用,286.5,313.5,47.87,21.96,21.45,17.1,208.65,2.98,53.95,4.83,0.63,2,0,94,160,160,163,160,714.982,714.982,714.982,714.982,0,0,0,0,0,0,0,104.864,104.864,14.46,,,,,610.118,610.118,610.118,610.118,67.61,86.13,79.04,100.32,false,false,24.54,16.46,外資持股趨勢資料不足或期間有非市場異動；短線過熱或乖離過大；高波動且5日漲幅過大
89,4772,台特化,TPEX,化學工業,等待確認,正常持有,standard,今天不下單,每個交易日收盤後，檢查趨勢與法人籌碼,已有部位可續抱觀察，但暫不追價；若收盤跌破60日EMA約 259.31 且法人籌碼轉弱，先減碼三分之一。,未觸發明確減碼訊號,53.4,63.7,60,85,100,可用,250.5,252,269.27,263.78,40.7,45.88,267.26,2.83,45.22,10,1.2,1,0,0,0,0,0,0,-24.95,-24.95,-24.95,-24.95,-40,-40,-40,-40,0,1,-10020000,6.946,6.946,8.01,,,,,8.104,8.104,8.104,8.104,47.76,22.76,35.76,-3.23,false,false,-1.17,-2.91,外資持股趨勢資料不足或期間有非市場異動；當下除權息調整價未守20日EMA
90,3169,亞信,TPEX,半導體業,等待確認,正常持有,standard,今天不下單,每個交易日收盤後，檢查趨勢與法人籌碼,已有部位可續抱觀察，但暫不追價；若收盤跌破60日EMA約 103.53 且法人籌碼轉弱，先減碼三分之一。,未觸發明確減碼訊號,59.9,63.6,70.1,85,100,可用,107.5,105,22.42,4.74,26.67,19.13,496.46,1.96,28.22,3.85,2.98,1,0,0,0,0,0,0,-38.516,-38.516,-38.516,-38.516,0,0,0,0,0,0,0,-0.521,-0.521,4.6,,,,,-37.995,-37.995,-37.995,-37.995,58.05,41.29,44.54,34.8,false,true,3.94,6.97,外資持股趨勢資料不足或期間有非市場異動
91,2301,光寶科,TWSE,電腦及週邊設備業,等待確認,保護持有,protect,今天不新增部位；未完成確認前不機械式賣出,今天收盤後；若跌破，再看下一交易日是否收復,已有部位暫停加碼；若收盤跌破60日EMA約 250.99，且下一交易日仍未收復，先減碼三分之一；若ETF或外資繼續轉弱，再分批降低部位。,外資持股5/10日下降且外資5日賣超,67.9,63.3,46.5,85,100,可用,299,305,37.61,26.99,12.8,59.6,138.63,4.8,34.97,7.08,1.67,33,-38,230,398,1656,6104,1009,-10078.746,-10692.241,-8019.792,17928.181,107.734,1968.407,9829.055,17526.707,5,0,588553693,-427.45799999999986,540.1540000000001,43.52,-10470,-12213,-18349,,-9722.056,-12233.19,-18389.000999999997,997.2020000000025,58.2,52.44,66.73,23.85,false,true,4.46,-1.97,外資持股5/10日下降，且外資5日賣超
92,3357,臺慶科,TPEX,電子零組件業,等待確認,正常持有,standard,今天不下單,每個交易日收盤後，檢查趨勢與法人籌碼,已有部位可續抱觀察，但暫不追價；若收盤跌破60日EMA約 225.64 且法人籌碼轉弱，先減碼三分之一。,未觸發明確減碼訊號,51.7,63.3,70.5,85,100,可用,213.5,207,63.31,29.22,16.21,29.91,188.39,6.33,20.03,2.17,2.38,1,0,0,0,-90,-90,0,153.894,153.894,153.894,153.894,0,0,0,0,0,0,0,-4.568,-4.568,20.37,,,,,158.462,158.462,158.462,158.462,47.64,29.8,29.9,29.58,false,false,-0.71,-0.93,外資持股趨勢資料不足或期間有非市場異動；當下除權息調整價未守20日EMA
93,5471,松翰,TWSE,半導體業,等待確認,正常持有,standard,今天不下單,每個交易日收盤後，檢查趨勢與法人籌碼,已有部位可續抱觀察，但暫不追價；若收盤跌破60日EMA約 56.88 且法人籌碼轉弱，先減碼三分之一。,未觸發明確減碼訊號,61.2,63.3,64.4,85,100,完整,61,59.4,37.74,29.98,10.2,18.75,428.52,1.2,36.75,2.84,1.31,1,0,0,0,0,0,0,-467.05,-162.495,997.0369999999999,-1282.5510000000002,0,0,0,0,0,0,0,-20.683,11.998000000000005,11.53,-327,-45,1140,,-470.671,-141.81199999999998,985.039,-1315.8120000000001,58.55,70.78,71.4,69.56,false,true,3.19,-0.33,
94,3131,弘塑,TPEX,半導體業,等待確認,正常持有,standard,今天不下單,每個交易日收盤後，檢查趨勢與法人籌碼,"已有部位可續抱觀察，但暫不追價；若收盤跌破60日EMA約 2,677.67 且法人籌碼轉弱，先減碼三分之一。",未觸發明確減碼訊號,70.8,63.1,42,85,100,可用,2555,2555,42.41,20.07,17.3,79.25,130.43,27.27,45.24,23.24,1.8,13,0,1,36,27,-59,22,258.966,258.966,258.966,258.966,6.3,6.3,6.3,6.3,1,0,16096500,8.17,8.17,34.8,,,,,244.496,244.496,244.496,244.496,52.3,55.05,50.03,65.07,true,true,3.73,6.02,外資持股趨勢資料不足或期間有非市場異動
95,8996,高力,TWSE,電機機械,等待確認,正常持有,strong,強勢續抱；不追高,今日收盤確認是否守住20日EMA,"價格仍在20／60日EMA之上且短線強勢；外資偏弱先觀察，不因分歧減碼。若收盤跌破20日EMA約 1,193.09 且法人續弱，再轉為保護持有。",價格強勢站上20／60日EMA；外資偏弱，先觀察,60.1,63.1,50.2,85,100,可用,1240,1330,57.63,115.43,17.58,50.01,160.68,8.69,83.5,22.52,0.37,24,-412,-435,-222,89,950,-236,-2089.986,-3120.496,-6307.355,-7040.824,-1139,-744,660.8729999999999,5319.232999999999,4,1,-922560000,173.517,315.38800000000003,23.58,-558,-1481,-4923,,-889.71,-2550.013,-7283.616,-12796.090999999999,53.65,59.37,61.68,54.74,true,true,3.93,5.53,20日累積後5日轉為調節；ETF 1/3日已轉為減碼；主動ETF 5日轉為減碼；外資持股5/10日下降，且外資5日賣超；借券賣出與借券賣出餘額壓力升高
96,2891,中信金,TWSE,金融保險業,等待確認,正常持有,standard,今天不下單,每個交易日收盤後，檢查趨勢與法人籌碼,已有部位可續抱觀察，但暫不追價；若收盤跌破60日EMA約 64.84 且法人籌碼轉弱，先減碼三分之一。,未觸發明確減碼訊號,75.3,63,52.8,85,100,可用,67.4,67.8,-18.42,66.45,,92.82,,1.96,16.12,1.93,3.71,37,2580,3498,14617,18191,9209,718,-5107.126,26320.835,32201.715999999997,-3640.7510000000057,3535.551,22019.153,26835.017,19258.264,5,0,1484090912,-1088.92,-3667.175,35.1,-5075,18872,18725,,-9028.35,5390.601999999999,9033.873999999998,-19324.954000000005,57.72,80.05,76.36,87.43,false,false,2.39,4.17,
97,6683,雍智科技,TPEX,半導體業,等待確認,正常持有,strong,強勢續抱；不追高,今日收盤確認是否守住20日EMA,"價格仍在20／60日EMA之上且短線強勢；法人未同步轉弱。若收盤跌破20日EMA約 1,275.42 且法人續弱，再轉為保護持有。",價格強勢站上20／60日EMA；法人未同步轉弱,68,63,58.5,85,100,可用,1410,1400,24.37,30.46,28.83,25.08,307.5,12.24,62.95,13.74,0.64,4,27,27,27,27,25,27,-382.576,-382.576,-382.576,-382.576,41,41,41,41,1,0,57810000,-16.356,-16.356,17.59,,,,,-407.22,-407.22,-407.22,-407.22,58.29,76.92,71.43,87.92,false,false,10.55,16.53,外資持股趨勢資料不足或期間有非市場異動；高波動且5日漲幅過大
98,1904,正隆,TWSE,造紙工業,等待確認,正常持有,standard,今天不下單,每個交易日收盤後，檢查趨勢與法人籌碼,已有部位可續抱觀察，但暫不追價；若收盤跌破60日EMA約 23.13 且法人籌碼轉弱，先減碼三分之一。,未觸發明確減碼訊號,59.5,63,47.9,85,85,完整,24.45,24.7,22.82,7.53,6.98,58.93,121.21,1.45,11.27,0.89,1.84,1,0,0,0,0,3,0,-658.519,-465.91599999999994,680.4140000000001,11375.073,-6,-13,-11,-8.312,1,2,-317850,69.681,116.32799999999999,12,-654,-417,685,,-735.448,-522.5970000000001,575.0859999999999,10907.903999999999,51.78,23.03,30.25,8.6,false,false,-0.52,-2.98,
99,2353,宏碁,TWSE,電腦及週邊設備業,等待確認,保護持有,protect,今天不新增部位；未完成確認前不機械式賣出,今天收盤後；若跌破，再看下一交易日是否收復,已有部位暫停加碼；若收盤跌破60日EMA約 31.23，且下一交易日仍未收復，先減碼三分之一；若ETF或外資繼續轉弱，再分批降低部位。,外資持股5/10日下降且外資5日賣超,66.6,62.9,44.6,85,100,完整,32.3,32.3,21.93,23.14,1.64,67.67,121.95,0.96,19.23,1.26,4.02,15,1418,1964,6900,7336,6525,-257,-14517.204,4904.648000000001,11277.156000000003,36202.100999999995,1431.443,7528.482,8460.903,9109.132000000001,5,0,243169969,-94.44499999999987,-436.69199999999984,13.48,-17896,-9579,-16881,,-15924.698,-2529.3890000000015,3252.9449999999983,24774.266,57.11,71.38,68.54,77.04,false,false,2.87,2.54,主動ETF 5日轉為減碼；外資持股5/10日下降，且外資5日賣超；單季稅前獲利對營業外貢獻依賴偏高
100,2379,瑞昱,TWSE,半導體業,等待確認,保護持有,protect,今天不新增部位；未完成確認前不機械式賣出,今天收盤後；若跌破，再看下一交易日是否收復,已有部位暫停加碼；若收盤跌破60日EMA約 715.76，且下一交易日仍未收復，先減碼三分之一；若ETF或外資繼續轉弱，再分批降低部位。,外資持股5/10日下降且外資5日賣超,68.8,62.8,44.6,85,100,可用,729,753,32.54,13.31,10.89,65.75,118.89,15.86,26.43,7.45,3.43,49,128,651,1975,2065,2432,362,-12.537,-958.4879999999999,-597.995,-1566.3129999999999,130.568,2088.5910000000003,2266.0110000000004,2887.0780000000004,5,0,1522582839,169.809,249.735,43.5,-55,-4564,-5891,,-226.011,-3216.888,-3113.741,-4736.844999999999,49.88,32.23,41.01,14.68,false,true,0.11,1.11,外資持股5/10日下降，且外資5日賣超；20日趨勢尚未上彎；2日內除權息，等待價格重置
101,6214,精誠,TWSE,資訊服務業,等待確認,保護持有,protect,今天不新增部位；未完成確認前不機械式賣出,今天收盤後；若跌破，再看下一交易日是否收復,已有部位暫停加碼；若收盤跌破60日EMA約 157.08，且下一交易日仍未收復，先減碼三分之一；若ETF或外資繼續轉弱，再分批降低部位。,KD高檔死亡交叉（僅屬時機警示）,62.1,62.7,52,85,100,完整,185,184.75,31.82,36.21,4.26,57.26,154,6.15,17.27,2.74,3.24,9,4,236,386,374,3872,367,119.197,-269.063,682.6139999999998,6956.487000000001,4,386,374,3872.487,4,0,71410000,-4.2,-68.694,16.14,85,-245,776,,111.517,-650.863,377.30800000000005,2986.4509999999996,74.72,82.45,82.7,81.96,true,true,5.55,0.82,KD高檔死亡交叉，等待動能確認
102,2362,藍天,TWSE,電腦及週邊設備業,等待確認,正常持有,standard,今天不下單,每個交易日收盤後，檢查趨勢與法人籌碼,已有部位可續抱觀察，但暫不追價；若收盤跌破60日EMA約 45.80 且法人籌碼轉弱，先減碼三分之一。,未觸發明確減碼訊號,62.9,62.5,53.4,85,100,完整,47.95,49,-8.06,13.31,5.93,57.37,114.49,4.05,7.89,0.59,4.17,2,0,0,0,2,6,0,-729.394,143.97399999999996,250.533,1638.9139999999998,0,0,2,5.681,0,0,0,1.3930000000000007,17.41,10.75,-654,311,368,,-743.284,142.581,231.12299999999996,1609.8749999999998,52.19,42.62,45.69,36.47,true,true,0.42,0.42,單季稅前獲利對營業外貢獻依賴偏高
103,2006,東和鋼鐵,TWSE,鋼鐵工業,等待確認,保護持有,protect,今天不新增部位；未完成確認前不機械式賣出,今天收盤後；若跌破，再看下一交易日是否收復,已有部位暫停加碼；若收盤跌破60日EMA約 77.17，且下一交易日仍未收復，先減碼三分之一；若ETF或外資繼續轉弱，再分批降低部位。,外資持股5/10日下降且外資5日賣超,63.2,62.4,60.1,85,100,完整,80.8,80.8,13.89,0.68,12.1,35.77,165.62,4.07,10.73,1.73,5.32,11,-1,869,1490,1470,2172,1475,-450.934,160.798,-80.38399999999997,-481.7800000000001,-4,1482.741,1464.494,2159.8810000000003,4,1,119805473,3.7209999999999965,-77.153,27.42,-188,-1043,-1319,,-470.622,-1325.6640000000002,-1467.7250000000001,-2636.6700000000005,51.59,46.75,48.92,42.41,false,true,-0.35,0,外資持股5/10日下降，且外資5日賣超；20日趨勢尚未上彎；當下除權息調整價未守20日EMA
104,7795,長廣,TWSE,電子零組件業,等待確認,正常持有,standard,今天不下單,每個交易日收盤後，檢查趨勢與法人籌碼,已有部位可續抱觀察，但暫不追價；若收盤跌破60日EMA約 486.10 且法人籌碼轉弱，先減碼三分之一。,未觸發明確減碼訊號,67.8,62.1,56.2,85,100,完整,536,541,61.01,9.7,15.64,29.24,432.72,0.88,237.17,14.87,0.4,1,0,0,0,0,0,0,235.215,579.325,145.4590000000002,784.1600000000003,9,8,8,6.947,1,1,4288000,-34.985,29.014999999999993,7.01,286,629,168,,269.2,606.31,108.44399999999999,617.169,53.64,24.98,26.51,21.94,false,false,3.16,5.51,
105,1326,台化,TWSE,塑膠工業,等待確認,正常持有,standard,今天不下單,每個交易日收盤後，檢查趨勢與法人籌碼,已有部位可續抱觀察，但暫不追價；若收盤跌破60日EMA約 60.70 且法人籌碼轉弱，先減碼三分之一。,未觸發明確減碼訊號,71.6,62,54.7,85,100,完整,71.9,72.5,34.18,13.89,2.99,23.33,283.06,2.11,30.47,0.81,0.83,8,0,108,207,207,1484,209,8809.617,52249.676999999996,104441.722,90320.275,-8,199,130.949,1397.951,2,1,14308100,-1035.202,1731.89,38.88,8320,53065,102012,,8559.103,53085.879,102578.88300000002,90268.361,64.14,71.31,73.52,66.89,false,true,10.59,5.27,單季稅前獲利對營業外貢獻依賴偏高
106,2303,聯電,TWSE,半導體業,等待確認,正常持有,strong,強勢續抱；不追高,今日收盤確認是否守住20日EMA,價格仍在20／60日EMA之上且短線強勢；法人未同步轉弱。若收盤跌破20日EMA約 126.99 且法人續弱，再轉為保護持有。,價格強勢站上20／60日EMA；法人未同步轉弱,68.1,62,57.1,85,100,可用,143,151,18.98,12.41,20.21,33.34,216.6,4.68,21.5,4.04,1.83,60,2902,180,443,-9512,-50717,3892,52579.053,28272.653,40498.88699999999,40703.47099999998,14860.005,16936.462999999996,9590.869999999994,-71270.099,3,2,2421914209,3253.075,6410.729,41.59,37907,21254,46601,,38568.009,8083.115000000005,24497.288,95138.88000000002,62.98,75.09,68.24,88.79,true,true,12.61,10.85,外資持股趨勢資料不足或期間有非市場異動；短線過熱或乖離過大；單季稅前獲利對營業外貢獻依賴偏高
107,1319,東陽,TWSE,汽車工業,等待確認,正常持有,standard,今天不下單,每個交易日收盤後，檢查趨勢與法人籌碼,已有部位可續抱觀察，但暫不追價；若收盤跌破60日EMA約 80.36 且法人籌碼轉弱，先減碼三分之一。,未觸發明確減碼訊號,64,61.9,62.7,85,100,完整,81.7,83,22.66,-10.21,15.76,29.8,156.04,2.98,13.26,1.79,6.12,8,-47,-57,36,34,-124,0,-163.734,1204.594,2616.026,14960.180999999999,-50,29.774,30.734,15.28100000000001,1,4,2432536,-32.649,49.291,11.75,93,1463,2225,,-102.203,1207.469,2536.0009999999993,14854.385,54.61,36.99,39.99,30.98,false,true,0.63,-1.09,ETF 1/3日已轉為減碼
108,2882,國泰金,TWSE,金融保險業,等待確認,正常持有,standard,今天不下單,每個交易日收盤後，檢查趨勢與法人籌碼,已有部位可續抱觀察，但暫不追價；若收盤跌破60日EMA約 99.60 且法人籌碼轉弱，先減碼三分之一。,未觸發明確減碼訊號,66.7,61.9,56,85,100,可用,114.5,115,-69.71,422.1,,92.45,,4.95,13.5,1.65,3.06,33,-533,63,8493,12244,12082,3400,-2355.868,5165.795,33644.556000000004,35451.49400000001,-14.38,11505.703,14106.452,14845.853000000001,4,1,1317402993,818.6300000000001,1028.9440000000002,23.24,-2193,-5739,20508,,-2282.868,-7158.538,18509.160000000003,20509.157,70.64,86.22,81.88,94.89,false,false,8.22,3.62,
109,6548,長科*,TPEX,半導體業,等待確認,正常持有,standard,今天不下單,每個交易日收盤後，檢查趨勢與法人籌碼,已有部位可續抱觀察，但暫不追價；若收盤跌破60日EMA約 72.57 且法人籌碼轉弱，先減碼三分之一。,未觸發明確減碼訊號,66.1,61.8,47.9,85,100,可用,73.6,74.1,35.44,25.93,14.32,49.37,200.5,1.22,33.15,5.25,1.83,5,4,335,729,729,890,465,-2778.752,-2778.752,-2778.752,-2778.752,4,4,4,4,1,0,294400,-16.752,-16.752,5.39,,,,,-2766,-2766,-2766,-2766,51.25,58.99,57.68,61.61,false,false,1.06,3.08,外資持股趨勢資料不足或期間有非市場異動；20日趨勢尚未上彎
110,1229,聯華,TWSE,食品工業,等待確認,正常持有,standard,今天不下單,每個交易日收盤後，檢查趨勢與法人籌碼,已有部位可續抱觀察，但暫不追價；若收盤跌破60日EMA約 41.34 且法人籌碼轉弱，先減碼三分之一。,未觸發明確減碼訊號,68.5,61.6,54.7,85,100,完整,41.65,41.65,114.98,-4.95,7.77,20.09,88.96,1.19,16.73,1.19,4.8,7,1,1020,1749,1761,1754,1678,282.535,1318.334,2631.3080000000004,9363.749,-6,1743,1757,1734.596,4,1,72595950,61.80499999999999,131.391,8.99,29,-124,1768,,248,-486.471,742.9170000000001,7353.658,51.13,39.58,50.83,17.06,false,false,-0.02,-0.36,當下除權息調整價未守20日EMA；單季稅前獲利對營業外貢獻依賴偏高
111,6291,沛亨,TPEX,半導體業,等待確認,正常持有,strong,強勢續抱；不追高,今日收盤確認是否守住20日EMA,價格仍在20／60日EMA之上且短線強勢；法人未同步轉弱。若收盤跌破20日EMA約 411.59 且法人續弱，再轉為保護持有。,價格強勢站上20／60日EMA；法人未同步轉弱,58.1,61.6,56.9,85,100,可用,442.5,485,39.45,41.76,24.29,36.66,247.35,6.36,38.21,13.06,1.36,2,0,0,1,0,0,0,-238.785,-238.785,-238.785,-238.785,-79,-79,-79,-79,0,1,-34957500,9.215,9.215,3.74,,,,,-169,-169,-169,-169,58.94,70.66,70.65,70.68,false,false,7.51,9.26,外資持股趨勢資料不足或期間有非市場異動；短線過熱或乖離過大
112,8422,可寧衛*,TWSE,綠能環保,等待確認,保護持有,protect,今天不新增部位；未完成確認前不機械式賣出,今天收盤後；若跌破，再看下一交易日是否收復,已有部位暫停加碼；若收盤跌破60日EMA約 26.88，且下一交易日仍未收復，先減碼三分之一；若ETF或外資繼續轉弱，再分批降低部位。,外資持股5/10日下降且外資5日賣超,52.3,61.6,55.1,85,100,完整,26.05,26.35,59.87,28.17,27.67,55.71,104.84,0.55,27.14,3.44,4.61,4,0,166,196,189,3873,0,-706.267,-1152.73,2303.4970000000003,15246.680000000002,-4,187,181,3856.396,3,1,4871350,-456.73,-608.9409999999999,5.37,-1738,-2589,-1500,,-599,-883,2731.438,11793.880000000001,41.96,12.5,25.21,-12.93,false,false,-2.02,-2.8,外資持股5/10日下降，且外資5日賣超；當下除權息調整價未守20日EMA
113,1303,南亞,TWSE,塑膠工業,等待確認,正常持有,standard,今天不下單,每個交易日收盤後，檢查趨勢與法人籌碼,已有部位可續抱觀察，但暫不追價；若收盤跌破60日EMA約 181.34 且法人籌碼轉弱，先減碼三分之一。,未觸發明確減碼訊號,63.9,61.5,51.5,85,100,可用,230.5,234,44.53,19.94,9.92,31.17,177.84,5.17,37.18,3.83,0.35,29,-283,-1783,1570,4240,15824,4062,4093.937,-11270.682999999999,52295.173,22728.818000000007,5483,12956.287,33853.523,44046.968,4,1,2986424154,-2982.683,129.53900000000021,30.83,-3395,-20381,13831,,-1305.492,-21244.287,18312.111,-23854.002999999997,60.63,71.21,72.58,68.46,false,true,9.28,-4.95,ETF 1/3日已轉為減碼；借券賣出與借券賣出餘額壓力升高；單季稅前獲利對營業外貢獻依賴偏高
114,3045,台灣大,TWSE,通信網路業,等待確認,保護持有,protect,今天不新增部位；未完成確認前不機械式賣出,今天收盤後；若跌破，再看下一交易日是否收復,已有部位暫停加碼；若收盤跌破60日EMA約 113.73，且下一交易日仍未收復，先減碼三分之一；若ETF或外資繼續轉弱，再分批降低部位。,KD高檔死亡交叉（僅屬時機警示）,71.8,61.4,44.6,85,100,可用,117,116.5,7.14,4.2,12.15,61.22,52.55,2.86,22.12,4.24,4.05,37,-97,964,1512,1377,829,2373,418.3,17810.774,33617.366,74966.871,-7.398,2603.109,3132.344,3748.562000000001,4,1,304563753,-707.94,-1861.972,18.35,412,16228,32969,,392.413,15915.605,32346.994,74080.79699999998,63.81,90.97,93.85,85.22,false,true,1.81,0.86,KD高檔死亡交叉，等待動能確認
115,2464,盟立,TWSE,其他電子業,等待確認,正常持有,strong,強勢續抱；不追高,今日收盤確認是否守住20日EMA,價格仍在20／60日EMA之上且短線強勢；法人未同步轉弱。若收盤跌破20日EMA約 191.04 且法人續弱，再轉為保護持有。,價格強勢站上20／60日EMA；法人未同步轉弱,72.8,61.2,36.4,85,100,完整,203,206,62.1,25.64,4.36,55.35,126.78,0.66,534.21,7.71,0.23,3,0,120,202,202,202,202,-3508.714,8346.366,2997.803,15403.536,64,516,666,1425.539,3,0,104748000,648.918,606.147,15.67,-3158,6170,1248,,-3790.164,7181.448,1725.656,13290.066,56.98,64.28,59.92,73,false,false,6.26,12.78,高波動且5日漲幅過大；融資增幅與短線漲幅同步偏高
116,8932,智通*,TPEX,數位雲端,等待確認,正常持有,standard,今天不下單,每個交易日收盤後，檢查趨勢與法人籌碼,已有部位可續抱觀察，但暫不追價；若收盤跌破60日EMA約 89.26 且法人籌碼轉弱，先減碼三分之一。,未觸發明確減碼訊號,63.2,61.2,58.4,85,100,可用,94.2,94.4,10.67,11.86,44.53,37.52,250.98,1.13,44.64,13.59,1.4,1,0,0,0,0,-1,0,-54.037,-54.037,-54.037,-54.037,0,0,0,0,0,0,0,-126.187,-126.187,26.38,,,,,72.15,72.15,72.15,72.15,54.37,45.5,45.96,44.59,false,false,3.16,-1.88,外資持股趨勢資料不足或期間有非市場異動
117,2207,和泰車,TWSE,汽車工業,等待確認,正常持有,standard,今天不下單,每個交易日收盤後，檢查趨勢與法人籌碼,已有部位可續抱觀察，但暫不追價；若收盤跌破60日EMA約 506.21 且法人籌碼轉弱，先減碼三分之一。,未觸發明確減碼訊號,72.3,61.1,35.3,85,100,可用,539,535.5,15.89,13.51,,77.58,99.75,21.57,13.26,3.51,3.71,15,23,25,76,80,189,0,33.106,296.193,301.227,190.347,21,72,65.599,171.736,3,2,38808000,1.723,10.258000000000001,22.46,11,250,264,,3.119,222.46999999999997,225.36999999999998,-5.919000000000008,63.63,71.02,61.12,90.83,true,false,3.63,5.07,
118,2492,華新科,TWSE,電子零組件業,等待確認,正常持有,strong,漲停先續抱；不追價,今日收盤確認是否守住20日EMA,價格仍在20／60日EMA之上且今日漲停；投信偏弱先觀察，不因分歧減碼。若收盤跌破20日EMA約 292.14 且法人續弱，再轉為保護持有。,今日漲停／趨勢站穩；投信偏弱，先觀察,64.8,61.1,54.5,85,100,完整,323,355,41.95,18.66,9.02,34.44,157.66,4.93,36.29,2.36,0.77,8,-3,-15,8,-11,-41,0,8662.518,13632.022000000003,17384.755000000005,-36585.53999999999,-4,-307,-296,1220.7759999999998,0,5,-99161000,-324.2519999999999,166.9719999999999,14.72,7917,12041,14220,,8312.24,14263.274000000001,17513.783000000003,-33772.204999999994,56.19,70.96,62.39,88.11,true,true,10.56,9.49,ETF 1/3日已轉為減碼；投信5/10日持續且具金額意義的賣超；短線過熱或乖離過大
119,2887,台新新光金,TWSE,金融保險業,等待確認,保護持有,protect,今天不新增部位；未完成確認前不機械式賣出,今天收盤後；若跌破，再看下一交易日是否收復,已有部位暫停加碼；若收盤跌破60日EMA約 34.99，且下一交易日仍未收復，先減碼三分之一；若ETF或外資繼續轉弱，再分批降低部位。,KD高檔死亡交叉（僅屬時機警示）,68.5,61.1,54.5,85,100,可用,41.1,41.1,-15.63,163.8,,92.4,,1.69,15.22,1.51,2.68,35,14048,12534,26768,30300,145323,0,-7189.125,40175.282,87937.155,138581.546,15310.022,36155.578,41027.417,163944.179,5,0,1485994256,-47.45099999999999,-3360.6090000000004,23.29,-15364,28472,79042,,-23784.11,4067.154999999999,50270.346999999994,-20271.575000000004,71.14,80.85,82.42,77.71,false,true,7.09,6.61,KD高檔死亡交叉，等待動能確認
120,6257,矽格,TWSE,半導體業,等待確認,保護持有,protect,今天不新增部位；未完成確認前不機械式賣出,今天收盤後；若跌破，再看下一交易日是否收復,已有部位暫停加碼；若收盤跌破60日EMA約 209.47，且下一交易日仍未收復，先減碼三分之一；若ETF或外資繼續轉弱，再分批降低部位。,外資持股5/10日下降且外資5日賣超,57.1,61.1,54.8,85,100,完整,213,217.5,26.62,19.31,24.09,43.78,182.58,4.65,24.91,4.04,2,11,-2,-153,-215,299,-3931,-332,127.501,-8818.627,-13931.946000000002,-22663.709000000003,-33.258,-39.12900000000002,-741.129,-4992.130999999999,2,3,-8334477,-160.58600000000004,92.10400000000004,25.59,435,-8079,-12734,,110.829,-8618.911999999998,-13282.920999999998,-17411.203999999998,52.62,56.79,59.54,51.29,false,true,1.92,2.16,ETF 1/3日已轉為減碼；主動ETF 5日轉為減碼；外資持股5/10日下降，且外資5日賣超；借券賣出與借券賣出餘額壓力升高
121,2801,彰銀,TWSE,金融保險業,等待確認,正常持有,standard,今天不下單,每個交易日收盤後，檢查趨勢與法人籌碼,已有部位可續抱觀察，但暫不追價；若收盤跌破60日EMA約 23.65 且法人籌碼轉弱，先減碼三分之一。,未觸發明確減碼訊號,62.4,60.9,59.1,85,100,可用,26.5,26.55,7.11,13.38,,93.5,,0.94,15.59,1.36,3.96,21,4275,8061,14622,14997,12824,-6107,-5589.889,8112.958999999999,21253.748,30582.15499999999,4234,14533,14975.987000000001,12713.630000000001,4,1,385124500,341.301,1039.66,16.92,-13212,-7340,68988,,-10130.267,-6761.342,5238.101000000001,16765.673999999995,78,89.05,87.29,92.55,false,false,6.45,5.37,外資持股趨勢資料不足或期間有非市場異動；短線過熱或乖離過大；借券賣出與借券賣出餘額壓力升高
122,2481,強茂,TWSE,半導體業,等待確認,保護持有,protect,今天不新增部位；未完成確認前不機械式賣出,今天收盤後；若跌破，再看下一交易日是否收復,已有部位暫停加碼；若收盤跌破60日EMA約 146.61，且下一交易日仍未收復，先減碼三分之一；若ETF或外資繼續轉弱，再分批降低部位。,外資持股5/10日下降且外資5日賣超,68,60.8,42.8,85,100,完整,158,159.5,30.98,16.46,9.31,47.75,162.68,2.03,41.91,4.01,1.14,6,1000,2999,2999,3259,2285,2999,-4931.289,-9204.128999999999,2090.412000000003,-23577.845999999994,1940,6285,7605,6138.24,4,0,993030000,-393.442,-187.7550000000001,12.07,-7504,-10135,-655,,-6994.15,-15095.687000000002,-5326.8330000000005,-29090.443,57.43,73.25,70.53,78.69,false,false,6.9,4.64,外資持股5/10日下降，且外資5日賣超；借券賣出與借券賣出餘額壓力升高
123,3443,創意,TWSE,半導體業,等待確認,正常持有,standard,今天不下單,每個交易日收盤後，檢查趨勢與法人籌碼,"已有部位可續抱觀察，但暫不追價；若收盤跌破60日EMA約 4,951.72 且法人籌碼轉弱，先減碼三分之一。",未觸發明確減碼訊號,66,60.8,35.5,85,100,可用,5935,6095,158.38,102.55,13.81,63.98,144.84,23.89,152.14,59.07,0.34,43,-76,-36,-29,21,411,-8,-91.434,-52.735000000000014,622.903,2805.6000000000004,-116.064,-154.242,100.84900000000002,976.2510000000002,3,2,-915426270,-100.53800000000001,-5.29600000000001,27.43,104,94,469,,78.418,202.04500000000002,527.3499999999999,1690.0439999999999,61.19,49.29,56.88,34.12,false,false,6.38,-2.7,20日累積後5日轉為調節；ETF 1/3日已轉為減碼
124,2892,第一金,TWSE,金融保險業,等待確認,正常持有,standard,今天不下單,每個交易日收盤後，檢查趨勢與法人籌碼,已有部位可續抱觀察，但暫不追價；若收盤跌破60日EMA約 33.70 且法人籌碼轉弱，先減碼三分之一。,未觸發明確減碼訊號,69.6,60.7,52.1,85,100,可用,37.3,36.2,2.37,18.65,,94.24,,1.24,17.43,1.78,3.49,25,6077,3014,8654,5994,41684,-4903,5026.634,65715.75200000001,171258.227,287243.139,6620.441,11947.905999999999,9018.570999999998,46409.193,4,1,445656894,45.61300000000003,298.9120000000001,26.22,-1385,54095,162965,,-1733.101,53722.233,161940.74399999998,256009.18799999997,72.52,90.33,85.87,99.25,false,false,6.26,5.67,主動ETF 5日轉為減碼
125,6271,同欣電,TWSE,半導體業,等待確認,正常持有,standard,今天不下單,每個交易日收盤後，檢查趨勢與法人籌碼,已有部位可續抱觀察，但暫不追價；若收盤跌破60日EMA約 208.12 且法人籌碼轉弱，先減碼三分之一。,未觸發明確減碼訊號,64.3,60.7,60.7,85,100,完整,232.5,230,22.42,4.47,16.16,24.15,259.54,4.37,26.15,1.79,1.29,3,0,0,0,0,-4,0,-2311.217,4274.798,2602.164999999999,4495.613999999999,0,123,-577,-580.743,1,0,28597500,8.617999999999995,-38.91100000000001,31.19,-2229,3837,3211,,-2194.308,4143.18,3218.0759999999996,5262.781999999998,62.27,78.55,77.47,80.7,true,true,9.99,9.67,
126,5439,高技,TPEX,電子零組件業,等待確認,正常持有,standard,今天不下單,每個交易日收盤後，檢查趨勢與法人籌碼,已有部位可續抱觀察，但暫不追價；若收盤跌破60日EMA約 271.94 且法人籌碼轉弱，先減碼三分之一。,未觸發明確減碼訊號,55.7,60.6,53.9,85,100,可用,262.5,268,4.48,40.78,15.78,67.67,169.55,8.15,14.51,6.05,2.74,2,0,0,0,-268,-400,0,158.942,158.942,158.942,158.942,0,0,0,0,0,0,0,39.691,39.691,21.47,,,,,119.251,119.251,119.251,119.251,54.49,62.17,64.77,56.96,false,true,2.77,-1.87,外資持股趨勢資料不足或期間有非市場異動
127,2388,威盛,TWSE,半導體業,等待確認,正常持有,standard,今天不下單,每個交易日收盤後，檢查趨勢與法人籌碼,已有部位可續抱觀察，但暫不追價；若收盤跌破60日EMA約 73.64 且法人籌碼轉弱，先減碼三分之一。,未觸發明確減碼訊號,64.6,60.2,44.6,85,100,可用,77.7,78.5,43.29,35.69,-15.21,38.79,190.19,0.34,48.56,1.94,0.06,4,0,0,0,2,-23,0,-3531.64,1187.1109999999999,-382.92500000000007,-7306.034000000001,0,0,2,-26.062,0,0,0,60.82300000000003,-77.74799999999998,15.89,-3188,1642,230,,-3429.942,1126.288,-307.177,-7102.104000000001,54.47,64.19,57.27,78.04,false,false,3.3,6.88,20日趨勢尚未上彎；單季稅前獲利對營業外貢獻依賴偏高
128,2881,富邦金,TWSE,金融保險業,等待確認,保護持有,protect,今天不新增部位；未完成確認前不機械式賣出,今天收盤後；若跌破，再看下一交易日是否收復,已有部位暫停加碼；若收盤跌破60日EMA約 129.01，且下一交易日仍未收復，先減碼三分之一；若ETF或外資繼續轉弱，再分批降低部位。,KD高檔死亡交叉（僅屬時機警示）,67.9,60.2,53.6,85,100,可用,149.5,150.5,-79.15,4391.87,,90.67,,6.67,13.97,1.84,2.84,34,-476,-1427,-160,3702,1918,850,-1305.129,3272.9750000000004,20995.735,46845.371999999996,-58.524,1473.415,7468.108,6531.348000000002,2,3,220275542,1449.7129999999997,1078.1239999999998,18.75,98,5449,12738,,-1750.605,349.84699999999975,12449.502999999999,39983.88399999999,70.01,83.94,88.59,74.66,false,true,7.39,3.82,20日累積後5日轉為調節；ETF 1/3日已轉為減碼；KD高檔死亡交叉，等待動能確認；借券賣出與借券賣出餘額壓力升高
129,3026,禾伸堂,TWSE,電子零組件業,等待確認,正常持有,strong,漲停先續抱；不追價,今日收盤確認是否守住20日EMA,價格仍在20／60日EMA之上且今日漲停；法人未同步轉弱。若收盤跌破20日EMA約 680.00 且法人續弱，再轉為保護持有。,今日漲停／趨勢站穩；法人未同步轉弱,64.3,60,50.8,85,100,可用,771,848,37.05,18.63,14.38,40.55,193.98,6.73,75.22,12.38,0.75,11,0,-3,84,240,365,0,635.432,415.9030000000005,-501.51199999999955,-8583.949,81,619.25,-548.05,3463.85,3,2,477441750,-133.87599999999998,5.895000000000033,14.78,143,-110,317,,402.943,-69.471,40.64300000000006,-11567.226999999999,59.07,63.03,57.24,74.62,true,true,13.38,3.91,短線過熱或乖離過大；借券賣出與借券賣出餘額壓力升高
130,2313,華通,TWSE,電子零組件業,等待確認,保護持有,protect,今天不新增部位；未完成確認前不機械式賣出,今天收盤後；若跌破，再看下一交易日是否收復,已有部位暫停加碼；若收盤跌破60日EMA約 225.74，且下一交易日仍未收復，先減碼三分之一；若ETF或外資繼續轉弱，再分批降低部位。,外資持股5/10日下降且外資5日賣超,71.9,59.8,43.3,85,100,可用,240,230,16.01,13.61,9.84,51.87,165.85,2.5,38.65,5.89,1.17,20,-8,110,987,1459,1639,231,-21014.991,-14573.149000000003,12280.666999999996,15040.394999999999,-3788.59,2838.41,9920.41,12137.644,4,1,681218400,296.5200000000001,1789.362,19.03,-16534,-17445,-1111,,-17596.478,-17708.078999999998,570.8950000000032,798.6140000000024,56.35,67.96,71.74,60.4,true,true,4.36,-3.42,外資持股5/10日下降，且外資5日賣超
131,3661,世芯-KY,TWSE,半導體業,等待確認,正常持有,standard,今天不下單,每個交易日收盤後，檢查趨勢與法人籌碼,"已有部位可續抱觀察，但暫不追價；若收盤跌破60日EMA約 3,897.28 且法人籌碼轉弱，先減碼三分之一。",未觸發明確減碼訊號,65.6,59.7,54.8,85,100,可用,4040,4210,181.78,-13.78,25.49,32.68,290.95,37.57,59.25,5.77,0.81,28,-5,-15,-7,51,-80,10,-404.642,82.97600000000003,727.784,1149.89,-153,64.457,240.42199999999997,-932.6700000000001,4,1,260406280,91.706,356.874,51.38,-204,-3,264,,-257.986,-73.18699999999998,130.488,1676.298,53.41,61.84,65.05,55.42,false,true,2.04,-0.86,ETF 1/3日已轉為減碼；外資持股趨勢資料不足或期間有非市場異動
132,1723,中碳,TWSE,化學工業,等待確認,保護持有,protect,今天不新增部位；未完成確認前不機械式賣出,今天收盤後；若跌破，再看下一交易日是否收復,已有部位暫停加碼；若收盤跌破60日EMA約 84.97，且下一交易日仍未收復，先減碼三分之一；若ETF或外資繼續轉弱，再分批降低部位。,外資持股5/10日下降且外資5日賣超,54.4,59.6,57.9,85,100,完整,84,83.5,46.18,11.5,14.62,32.06,176.63,2.07,27.01,2.43,2.2,1,5,47,81,81,75,0,-602.4,-999.051,-1041.936,226.99300000000005,5,81,81,75,4,0,6804000,-11.277000000000001,-6.521000000000001,9.4,-562,-857,-844,,-603.602,-1068.774,-1116.4149999999997,103.93100000000017,43.3,26.46,34.44,10.51,false,false,-2.35,-2.44,外資持股5/10日下降，且外資5日賣超；當下除權息調整價未守20日EMA
133,3693,營邦,TPEX,電腦及週邊設備業,等待確認,正常持有,strong,強勢續抱；不追高,今日收盤確認是否守住20日EMA,價格仍在20／60日EMA之上且短線強勢；法人未同步轉弱。若收盤跌破20日EMA約 582.07 且法人續弱，再轉為保護持有。,價格強勢站上20／60日EMA；法人未同步轉弱,58.5,59.4,50.7,85,100,可用,682,701,148.93,11.06,10.27,46.95,164.12,8.66,44.23,5.58,1.17,1,0,0,0,0,0,0,427.351,427.351,427.351,427.351,0,0,0,0,0,0,0,37.785,37.785,18.46,,,,,389.566,389.566,389.566,389.566,77.33,84.75,81.98,90.29,false,false,17.17,12.91,外資持股趨勢資料不足或期間有非市場異動；短線過熱或乖離過大
134,4958,臻鼎-KY,TWSE,電子零組件業,等待確認,保護持有,protect,今天不新增部位；未完成確認前不機械式賣出,今天收盤後；若跌破，再看下一交易日是否收復,已有部位暫停加碼；若收盤跌破60日EMA約 482.48，且下一交易日仍未收復，先減碼三分之一；若ETF或外資繼續轉弱，再分批降低部位。,外資持股5/10日下降且外資5日賣超,68.6,59.4,46.8,85,100,可用,501,519,31.82,16.5,7.03,39.71,160.6,3.55,59.29,3.6,0.68,39,503,-86,1378,1494,-3416,956,13172.073,-776.5950000000012,7573.138999999999,-20190.622000000003,2722.203,8376.752,8309.588,4192.914,3,2,4196752752,-1111.999,413.05399999999986,54.13,10275,-6864,-353,,9974.569,-8041.348000000002,-1149.5030000000017,-23586.617,53.45,51.37,53.8,46.5,false,true,4.3,0.2,外資持股5/10日下降，且外資5日賣超
135,6526,達發,TWSE,半導體業,等待確認,保護持有,protect,今天不新增部位；未完成確認前不機械式賣出,今天收盤後；若跌破，再看下一交易日是否收復,已有部位暫停加碼；若收盤跌破60日EMA約 613.01，且下一交易日仍未收復，先減碼三分之一；若ETF或外資繼續轉弱，再分批降低部位。,外資持股5/10日下降且外資5日賣超,63.6,59.4,55.5,85,100,可用,644,651,17.44,10.55,14.98,31.02,239.33,9.72,35.72,5.72,2.1,13,-1,-12,23,21,-122,0,-31.497,-422.89300000000003,-219.71900000000002,-33.56299999999996,-2,11,9,-168.335,1,3,7084000,19.945,30.21,7.6,-35,-398,-265,,-34.244,-453.838,-258.929,124.77100000000004,57.66,55.59,59.38,47.99,false,true,4.6,6.1,ETF 1/3日已轉為減碼；外資持股5/10日下降，且外資5日賣超
136,6913,鴻呈,TPEX,電子零組件業,等待確認,正常持有,standard,今天不下單,每個交易日收盤後，檢查趨勢與法人籌碼,已有部位可續抱觀察，但暫不追價；若收盤跌破60日EMA約 137.32 且法人籌碼轉弱，先減碼三分之一。,未觸發明確減碼訊號,47.4,59.4,61.8,85,100,可用,136.5,137.25,67.45,37.13,13.78,51.27,228.81,4.11,20.78,3.42,1.83,1,0,0,0,0,0,0,-758.598,-758.598,-758.598,-758.598,0,0,0,0,0,0,0,-76.314,-76.314,6.56,,,,,-682.284,-682.284,-682.284,-682.284,43.52,35.56,50.86,4.94,false,true,-6.83,-17.77,外資持股趨勢資料不足或期間有非市場異動；當下除權息調整價未守20日EMA
137,2884,玉山金,TWSE,金融保險業,等待確認,正常持有,standard,今天不下單,每個交易日收盤後，檢查趨勢與法人籌碼,已有部位可續抱觀察，但暫不追價；若收盤跌破60日EMA約 37.24 且法人籌碼轉弱，先減碼三分之一。,未觸發明確減碼訊號,66.3,57.9,50,85,100,可用,43.55,44,4.75,21.58,,94.21,,1.32,18.07,2.5,3.21,30,8100,9868,17720,23551,108447,0,1067.246,32091.313000000002,39129.98400000001,12241.21300000002,8972.726,24650.559,33404.187000000005,123375.63900000002,5,0,1073531844,1262.9859999999999,-1378.9149999999997,30.56,-8911,-24523,352614,,-8346.532,6177.767999999998,7104.7119999999995,-107900.29000000001,82.53,92.18,90.52,95.51,false,false,9.65,9.56,外資持股趨勢資料不足或期間有非市場異動；短線過熱或乖離過大
138,2633,台灣高鐵,TWSE,航運業,等待確認,保護持有,protect,今天不新增部位；未完成確認前不機械式賣出,今天收盤後；若跌破，再看下一交易日是否收復,已有部位暫停加碼；若收盤跌破60日EMA約 26.07，且下一交易日仍未收復，先減碼三分之一；若ETF或外資繼續轉弱，再分批降低部位。,外資持股5/10日下降且外資5日賣超,59.2,57.8,45.1,85,100,完整,26,26,4.27,4.06,40.17,81.85,76.96,0.67,21.31,2.09,4.42,10,1620,3103,3883,4350,10660,1260,-1106.99,-328.84100000000024,-483.7470000000003,-6498.6320000000005,1609,3858,4328,10614.97,5,0,100308000,77.868,162.32,5.85,-2397,-4342,-3850,,-2771.99,-4264.709,-4974.067000000001,-17332.940000000002,46.9,40.36,53.95,13.19,false,false,-0.4,0,外資持股5/10日下降，且外資5日賣超；當下除權息調整價未守20日EMA
139,3211,順達,TPEX,電腦及週邊設備業,等待確認,正常持有,standard,今天不下單,每個交易日收盤後，檢查趨勢與法人籌碼,已有部位可續抱觀察，但暫不追價；若收盤跌破60日EMA約 379.46 且法人籌碼轉弱，先減碼三分之一。,未觸發明確減碼訊號,60.9,57.6,44,85,100,可用,384,393,20.88,21.66,9.45,52.5,143.34,3.4,51.75,6.62,2.99,7,2,53,69,-32,-533,0,-704.117,-704.117,-704.117,-704.117,2,2,2,2,1,0,768000,22.758,22.758,19.19,,,,,-728.875,-728.875,-728.875,-728.875,51.85,68.94,68.55,69.71,false,false,1.73,-0.65,外資持股趨勢資料不足或期間有非市場異動
140,1605,華新,TWSE,電器電纜,等待確認,正常持有,standard,今天不下單,每個交易日收盤後，檢查趨勢與法人籌碼,已有部位可續抱觀察，但暫不追價；若收盤跌破60日EMA約 36.29 且法人籌碼轉弱，先減碼三分之一。,未觸發明確減碼訊號,62.7,57.4,49.4,85,100,可用,37.9,38.35,10.08,0.98,1.4,38.79,147.45,2.85,11.48,0.82,1.32,7,35,396,677,681,616,0,-4545.85,-5949.572,16969.004,99033.84300000001,21.666,647.732,655.502,560.9669999999999,4,1,24549043,-633.689,-1317.8070000000002,18.15,-4910,-10405,13976,,-4620.755,-5963.615000000001,17631.308999999997,100738.56400000001,53.13,34.59,45.34,13.08,false,false,0.5,-3.32,單季稅前獲利對營業外貢獻依賴偏高
141,1102,亞泥,TWSE,水泥工業,等待確認,正常持有,standard,今天不下單,每個交易日收盤後，檢查趨勢與法人籌碼,已有部位可續抱觀察，但暫不追價；若收盤跌破60日EMA約 34.24 且法人籌碼轉弱，先減碼三分之一。,未觸發明確減碼訊號,64,57.3,54.7,85,100,完整,35.05,35.15,-7.51,-7.28,8.87,38.22,147.03,2.13,9.68,0.67,6.56,18,441,3668,5570,5087,4268,5128,-1380.153,4534.588,10539.499,35384.27099999999,455.956,6288.479,5887.727,6665.6,5,0,220411189,-518.608,-3215.0480000000002,13.4,-1537,-1321,9316,,-1896.791,-1235.2829999999994,7866.82,33913.82300000001,59.48,76.36,78.78,71.53,false,false,1.64,1.45,累計營收負成長且當月改善不足；單季稅前獲利對營業外貢獻依賴偏高
142,2486,一詮,TWSE,光電業,等待確認,保護持有,protect,今天不新增部位；未完成確認前不機械式賣出,今天收盤後；若跌破，再看下一交易日是否收復,已有部位暫停加碼；若收盤跌破60日EMA約 241.10，且下一交易日仍未收復，先減碼三分之一；若ETF或外資繼續轉弱，再分批降低部位。,外資持股5/10日下降且外資5日賣超,61.8,57.3,39.9,85,100,完整,254.5,254.5,42.52,27.53,8.05,57.6,181.35,0.91,219.4,9.9,0.2,5,0,0,0,678,1746,0,-767.608,-6889.332,-6009.872000000001,-6765.170000000002,0,-5,760,3816,0,1,-1272500,-157.317,-82.12599999999999,8.41,-306,-7243,-5834,,-764.904,-6727.015000000001,-6687.746000000001,-10476.942000000003,52.6,39.44,61.91,-5.49,false,true,0.84,-3.23,外資持股5/10日下降，且外資5日賣超
143,2520,冠德,TWSE,建材營造,等待確認,保護持有,protect,今天不新增部位；未完成確認前不機械式賣出,今天收盤後；若跌破，再看下一交易日是否收復,已有部位暫停加碼；若收盤跌破60日EMA約 34.98，且下一交易日仍未收復，先減碼三分之一；若ETF或外資繼續轉弱，再分批降低部位。,外資持股5/10日下降且外資5日賣超,61,57.2,52.5,85,85,完整,36.6,36.6,-4.46,25.84,18.25,57.5,171.93,1.87,10.89,0.9,4.43,1,0,636,1084,1084,1084,636,-744.734,-966.2100000000002,-1985.102,2055.273,-3,1077,1078,1071,4,1,39418200,114.50999999999999,-91.991,12.73,-506,-1438,-1753,,-780.793,-2157.7200000000003,-2971.1110000000003,1345.4699999999996,56.53,68.26,63.96,76.87,true,false,1.68,0.41,外資持股5/10日下降，且外資5日賣超
144,2377,微星,TWSE,電腦及週邊設備業,等待確認,正常持有,standard,今天不下單,每個交易日收盤後，檢查趨勢與法人籌碼,已有部位可續抱觀察，但暫不追價；若收盤跌破60日EMA約 143.84 且法人籌碼轉弱，先減碼三分之一。,未觸發明確減碼訊號,72.3,56.9,46.5,85,100,完整,158.5,160,-0.02,-6.48,6.74,54.86,182.8,7.59,13.75,2.31,2.65,20,421,1924,2020,1955,2085,878,-5681.799,11607.265000000001,20883.378,13133.975000000002,425,2209,2286.688,2835.271,4,1,350126500,-421.09,-261.36400000000003,18.72,-4014,8488,23669,,-5731.696,9819.355,18858.054,11791.655999999999,58.33,74.06,67.68,86.8,false,false,4.75,2.26,累計營收負成長且當月改善不足
145,2501,國建,TWSE,建材營造,等待確認,保護持有,protect,今天不新增部位；未完成確認前不機械式賣出,今天收盤後；若跌破，再看下一交易日是否收復,已有部位暫停加碼；若收盤跌破60日EMA約 22.94，且下一交易日仍未收復，先減碼三分之一；若ETF或外資繼續轉弱，再分批降低部位。,外資持股5/10日下降且外資5日賣超,48.1,56.6,58.5,85,100,完整,22.3,22.2,119.67,35.31,15.98,62.17,168.24,1.43,7.77,0.81,5.38,1,0,0,0,0,-2,0,-1602.485,-1278.4479999999999,-4636.127999999999,-1333.8679999999983,0,0,0,-2,0,0,0,41.611,59.11399999999999,12,-1541,-1238,-4572,,-1632.156,-1320.059,-4695.241999999999,-1422.3499999999997,41.7,21.18,23.41,16.71,false,false,-1.52,-0.22,外資持股5/10日下降，且外資5日賣超；當下除權息調整價未守20日EMA
146,6278,台表科,TWSE,光電業,等待確認,保護持有,protect,今天不新增部位；未完成確認前不機械式賣出,今天收盤後；若跌破，再看下一交易日是否收復,已有部位暫停加碼；若收盤跌破60日EMA約 180.71，且下一交易日仍未收復，先減碼三分之一；若ETF或外資繼續轉弱，再分批降低部位。,外資持股5/10日下降且外資5日賣超,62.9,56.6,44.1,85,100,可用,195,195.5,12.18,4.43,5.98,59.36,138.91,4.93,19.76,2.43,2.85,10,-1,99,250,1718,-390,0,-9.883,688.8190000000001,2281.1830000000004,2596.575,1092,1734,5802.6,5797.256,5,0,338130000,-276.023,156.39499999999998,16.86,-484,-489,-2861,,-1074.035,-769.1580000000001,-3677.8120000000004,-3332.85,56.56,63.67,69.86,51.3,false,false,3.81,-2.26,外資持股5/10日下降，且外資5日賣超
147,4938,和碩,TWSE,電腦及週邊設備業,等待確認,正常持有,standard,今天不下單,每個交易日收盤後，檢查趨勢與法人籌碼,已有部位可續抱觀察，但暫不追價；若收盤跌破60日EMA約 87.53 且法人籌碼轉弱，先減碼三分之一。,未觸發明確減碼訊號,64.3,56.2,41.8,85,100,可用,93.6,95.2,11.56,-1.99,1.36,62.17,126.76,2.26,15.78,1.21,4.28,25,2671,4019,6660,6339,20038,-730,-3753.196,1301.8970000000004,1372.472,24123.905999999995,2684,7219.722999999999,7316.699999999999,22063.132999999998,5,0,675766073,-17.12299999999999,-73.21799999999999,31.55,-6649,-8412,-8474,,-6319.662,-5900.7029999999995,-5871.009999999999,5460.370999999999,59.44,74.42,65.04,93.2,false,false,3.47,2.74,主動ETF 5日轉為減碼；外資持股趨勢資料不足或期間有非市場異動
148,3003,健和興,TWSE,電子零組件業,等待確認,保護持有,protect,今天不新增部位；未完成確認前不機械式賣出,今天收盤後；若跌破，再看下一交易日是否收復,已有部位暫停加碼；若收盤跌破60日EMA約 63.63，且下一交易日仍未收復，先減碼三分之一；若ETF或外資繼續轉弱，再分批降低部位。,外資持股5/10日下降且外資5日賣超,44.9,56.2,71.9,85,93,可用,59,59.2,92.99,39.79,10.05,23.56,446.65,1.46,23.79,1.39,1.69,2,0,0,0,0,0,0,-2015.804,-2397.413,-1069.739,24.797000000000025,0,0,0,0,0,0,0,-56.163999999999994,-17.36599999999999,4.67,-1922,-3391,-2118,,-1950,-2341.2490000000003,-1052.373,46.1279999999997,37.98,24.78,38.23,-2.11,false,true,-9.81,-14.49,外資持股5/10日下降，且外資5日賣超；當下除權息調整價未守20日EMA
149,3105,穩懋,TPEX,半導體業,等待確認,正常持有,standard,今天不下單,每個交易日收盤後，檢查趨勢與法人籌碼,已有部位可續抱觀察，但暫不追價；若收盤跌破60日EMA約 407.81 且法人籌碼轉弱，先減碼三分之一。,未觸發明確減碼訊號,56.2,55.9,48.2,85,100,可用,450.5,461,31.18,33.42,11.91,30.31,161.86,3.56,52.94,4.36,0.44,13,-10,-340,-312,278,1637,-324,-15.131,-15.131,-15.131,-15.131,1835.658,1835.658,1835.658,1835.658,1,0,826963929,-29.934,-29.934,26.84,,,,,-1820.855,-1820.855,-1820.855,-1820.855,58.46,72.17,74.97,66.58,false,true,7.64,0.67,20日累積後5日轉為調節；ETF 1/3日已轉為減碼；主動ETF 5日轉為減碼；外資持股趨勢資料不足或期間有非市場異動
150,3673,TPK-KY,TWSE,光電業,等待確認,正常持有,standard,今天不下單,每個交易日收盤後，檢查趨勢與法人籌碼,已有部位可續抱觀察，但暫不追價；若收盤跌破60日EMA約 66.42 且法人籌碼轉弱，先減碼三分之一。,未觸發明確減碼訊號,54.8,55.7,54.2,85,100,完整,65.8,66.4,16.67,15.13,-1.41,48,197.98,3.33,14.37,0.66,2.74,1,0,0,0,0,0,0,328.768,654.1829999999999,4649.342,263.45899999999955,0,0,0,0,0,0,0,-237.73000000000002,88.59700000000004,38.55,135,802,3867,,343.883,891.913,4560.745,448.483,51.39,46.37,61.08,16.96,false,false,0.92,-3.52,單季稅前獲利對營業外貢獻依賴偏高
151,6121,新普,TPEX,電腦及週邊設備業,等待確認,正常持有,standard,今天不下單,每個交易日收盤後，檢查趨勢與法人籌碼,已有部位可續抱觀察，但暫不追價；若收盤跌破60日EMA約 393.90 且法人籌碼轉弱，先減碼三分之一。,未觸發明確減碼訊號,49.8,55.2,65.4,85,100,可用,386.5,386.75,12.34,4.88,11.49,43.1,222.47,15.89,11.67,1.8,5.64,16,60,111,147,13,264,-22,18.252,18.252,18.252,18.252,60,60,60,60,1,0,23190000,0.198,0.198,46.03,,,,,-41.946,-41.946,-41.946,-41.946,44.25,33.95,45.1,11.65,false,true,-2.86,-4.33,主動ETF 5日轉為減碼；外資持股趨勢資料不足或期間有非市場異動；當下除權息調整價未守20日EMA
152,6290,良維,TPEX,電子零組件業,等待確認,保護持有,protect,今天不新增部位；未完成確認前不機械式賣出,今天收盤後；若跌破，再看下一交易日是否收復,已有部位暫停加碼；若收盤跌破60日EMA約 249.71，且下一交易日仍未收復，先減碼三分之一；若ETF或外資繼續轉弱，再分批降低部位。,KD高檔死亡交叉（僅屬時機警示）,53.3,55.2,58,85,100,可用,269.5,276,14.36,8.07,17.85,40.09,258.6,4.5,28.7,5.8,2.3,1,0,0,0,0,-1,0,-933.776,-933.776,-933.776,-933.776,0,0,0,0,0,0,0,-116.818,-116.818,19.56,,,,,-816.958,-816.958,-816.958,-816.958,63.26,79.84,80.42,78.69,true,true,10.62,6.31,外資持股趨勢資料不足或期間有非市場異動；短線過熱或乖離過大；KD高檔死亡交叉，等待動能確認
153,5425,台半,TPEX,半導體業,等待確認,正常持有,standard,今天不下單,每個交易日收盤後，檢查趨勢與法人籌碼,已有部位可續抱觀察，但暫不追價；若收盤跌破60日EMA約 92.33 且法人籌碼轉弱，先減碼三分之一。,未觸發明確減碼訊號,55.7,55.1,44.6,85,100,可用,92.4,93,24.09,5.52,8.99,50.58,181.79,1.52,33.6,2.96,2.19,1,-10,-10,-33,4891,6435,-33,-633.778,-633.778,-633.778,-633.778,-10,-10,-10,-10,0,1,-924000,-29.395,-29.395,17.23,,,,,-594.383,-594.383,-594.383,-594.383,51.06,40.59,47.14,27.47,false,false,0.92,-2.53,ETF 1/3日已轉為減碼；主動ETF 5日轉為減碼；外資持股趨勢資料不足或期間有非市場異動
154,2352,佳世達,TWSE,電腦及週邊設備業,等待確認,正常持有,standard,今天不下單,每個交易日收盤後，檢查趨勢與法人籌碼,已有部位可續抱觀察，但暫不追價；若收盤跌破60日EMA約 28.96 且法人籌碼轉弱，先減碼三分之一。,未觸發明確減碼訊號,62.6,54.4,36.6,85,100,完整,29,29.2,4.13,1.48,1.29,69.11,115.41,0.58,37.66,1.15,3.45,6,63,605,828,849,1731,0,-2995.021,1735.2859999999996,-3267.0600000000004,-17818.067,63,828,849,1731.195,5,0,24012000,100.673,92.44200000000001,6.95,-2458,-3392,-5107,,-3027.979,806.6130000000004,-4208.502,-19536.481000000003,51.54,58.12,48.19,77.99,false,false,0.96,2.29,ETF加碼，但外資持股5/10日同步下降；20日趨勢尚未上彎
155,2489,瑞軒,TWSE,光電業,等待確認,正常持有,standard,今天不下單,每個交易日收盤後，檢查趨勢與法人籌碼,已有部位可續抱觀察，但暫不追價；若收盤跌破60日EMA約 37.37 且法人籌碼轉弱，先減碼三分之一。,未觸發明確減碼訊號,55.3,54.4,48.5,85,93,可用,40.9,41,32.24,15.51,0.78,42.95,188.56,0.44,29.42,1.89,2.93,3,0,0,0,-10,234,0,1479.97,-9433.401,-1259.0589999999993,2819.323,-1,-3,-16,225,0,2,-122700,-725.8810000000003,199.42299999999966,6.49,1717,-8384,1860,,1422.078,-8704.52,-1442.4820000000004,1306.8219999999997,61.98,56.73,68.89,32.41,false,true,7.23,-3.08,單季稅前獲利對營業外貢獻依賴偏高
156,6789,采鈺,TWSE,半導體業,等待確認,保護持有,protect,今天不新增部位；未完成確認前不機械式賣出,今天收盤後；若跌破，再看下一交易日是否收復,已有部位暫停加碼；若收盤跌破60日EMA約 464.73，且下一交易日仍未收復，先減碼三分之一；若ETF或外資繼續轉弱，再分批降低部位。,外資持股5/10日下降且外資5日賣超,64.2,54.1,50.6,85,100,完整,471,473.25,24.63,11.27,21.04,18.54,367.01,2.95,89.89,8.12,0.64,8,-3,-19,31,27,29,0,22.685,-575.276,-189.42099999999994,45.42400000000012,-4,28,24,23.657,1,4,13188000,17.85900000000001,87.11600000000001,4.34,-49,-724,-740,,5.493,-621.135,-300.537,-23.147999999999954,54.56,62.19,66.12,54.35,false,true,2.95,0.75,ETF 1/3日已轉為減碼；外資持股5/10日下降，且外資5日賣超；估值高且成長不足以支撐
157,2354,鴻準,TWSE,其他電子業,等待確認,正常持有,standard,今天不下單,每個交易日收盤後，檢查趨勢與法人籌碼,已有部位可續抱觀察，但暫不追價；若收盤跌破60日EMA約 59.84 且法人籌碼轉弱，先減碼三分之一。,未觸發明確減碼訊號,63.2,53.7,49.4,85,100,完整,65.7,66.3,37.46,-11.25,1.29,36.29,219.89,1.1,27.84,0.82,2.28,6,0,-6,3,-26,-53,0,-147.545,16395.271,25772.670000000002,36967.334,-5,-8,-36,-72.835,1,4,-525600,171.35300000000007,1731.72,13.65,-282,11883,19711,,-194.578,16231.917999999998,24076.95,35703.062999999995,63.83,76.5,74.35,80.8,false,false,4.6,1.55,單季稅前獲利對營業外貢獻依賴偏高
158,3714,富采,TWSE,光電業,等待確認,正常持有,standard,今天不下單,每個交易日收盤後，檢查趨勢與法人籌碼,已有部位可續抱觀察，但暫不追價；若收盤跌破60日EMA約 59.84 且法人籌碼轉弱，先減碼三分之一。,未觸發明確減碼訊號,64.8,53.7,52.6,85,100,完整,67.2,67.2,24.92,5.07,-5.92,18.44,355.3,1.49,,1.14,1.34,2,0,0,0,2,-5,0,-1611.144,10980.140000000001,13767.526,16296.409999999998,0,0,2,-4.635999999999999,0,0,0,254.88600000000002,490.13500000000005,14.73,-2186,9405,10766,,-1721.598,10725.254,13275.391,16003.781000000003,66.42,76.37,73.01,83.08,true,true,10.36,9.09,單季稅前獲利對營業外貢獻依賴偏高
159,3163,波若威,TPEX,通信網路業,等待確認,正常持有,standard,今天不下單,每個交易日收盤後，檢查趨勢與法人籌碼,已有部位可續抱觀察，但暫不追價；若收盤跌破60日EMA約 716.53 且法人籌碼轉弱，先減碼三分之一。,未觸發明確減碼訊號,60,53.4,51.5,85,100,可用,752,746,28.65,18.96,3.61,25.12,374.74,3.5,76.73,18.43,0.47,2,0,0,0,0,0,0,-566.243,-566.243,-566.243,-566.243,0,0,0,0,0,0,0,-98.991,-98.991,10.74,,,,,-467.252,-467.252,-467.252,-467.252,53.76,48.13,54.51,35.37,false,false,2.43,1.48,外資持股趨勢資料不足或期間有非市場異動；單季稅前獲利對營業外貢獻依賴偏高
160,3189,景碩,TWSE,半導體業,等待確認,正常持有,standard,今天不下單,每個交易日收盤後，檢查趨勢與法人籌碼,已有部位可續抱觀察，但暫不追價；若收盤跌破60日EMA約 768.32 且法人籌碼轉弱，先減碼三分之一。,未觸發明確減碼訊號,62.3,53.1,37.4,85,100,可用,813,815,35.85,30.74,10.89,37.32,172.99,3.74,150.83,9.63,0.19,25,1,13,332,-245,294,-71,-2830.27,-782.7819999999992,-4885.676,-8335.347,116.315,-839.593,-1518.5929999999998,-542.4929999999999,3,2,-682589109,-107.00599999999999,958.785,18.49,-2555,209,-3479,,-2890.685,163.81700000000092,-4325.8679999999995,-8516.976,49.14,29,36.21,14.57,false,false,-1.95,-0.73,主動ETF 5日轉為減碼；當下除權息調整價未守20日EMA
161,2454,聯發科,TWSE,半導體業,等待確認,正常持有,strong,強勢續抱；不追高,今日收盤確認是否守住20日EMA,"價格仍在20／60日EMA之上且短線強勢；法人未同步轉弱。若收盤跌破20日EMA約 4,100.22 且法人續弱，再轉為保護持有。",價格強勢站上20／60日EMA；法人未同步轉弱,65.2,52.8,37.2,85,100,可用,4760,5010,12.16,0.84,15.19,45.06,123.94,30.44,78.61,17.91,1.12,71,103,-125,147,-244,-2819,336,4276.585,6538.304999999999,7742.404,6035.227,920.029,2562.63,1721.8840000000002,-5037.36,4,1,12198118800,917.0120000000001,1078.666,56,3319,3873,5292,,2913.002,3058.663,4941.854,11290.079000000002,70.8,81.07,71.54,100.14,false,false,16.09,21.27,外資持股趨勢資料不足或期間有非市場異動；短線過熱或乖離過大
162,1101,台泥,TWSE,水泥工業,等待確認,保護持有,protect,今天不新增部位；未完成確認前不機械式賣出,今天收盤後；若跌破，再看下一交易日是否收復,已有部位暫停加碼；若收盤跌破60日EMA約 24.25，且下一交易日仍未收復，先減碼三分之一；若ETF或外資繼續轉弱，再分批降低部位。,外資持股5/10日下降且外資5日賣超,60.1,52.7,40.9,85,100,完整,24.3,24.25,1.54,1.54,7.25,49.78,179.65,0.38,,0.79,3.29,5,54,610,1042,910,802,0,-8553.912,-19819.162,-51136.963,-33896.704000000005,31,990,666.415,508.005,4,1,24057000,799.213,975.243,13.12,-11376,-169464,-190042,,-8736.816,-21608.375,-52778.621,-35608.979,48.85,24.5,31.16,11.19,false,true,-0.59,-0.41,外資持股5/10日下降，且外資5日賣超；當下除權息調整價未守20日EMA
163,2491,吉祥全,TWSE,光電業,等待確認,正常持有,standard,今天不下單,每個交易日收盤後，檢查趨勢與法人籌碼,已有部位可續抱觀察，但暫不追價；若收盤跌破60日EMA約 36.07 且法人籌碼轉弱，先減碼三分之一。,未觸發明確減碼訊號,52.3,52.3,64.1,85,100,完整,43,43,6.55,-5.1,-170.2,17.78,507.82,29.98,1.34,0.86,,1,0,0,0,-1,-3,0,-183.33,444.45,3714.2569999999996,3341.5059999999994,0,0,-1,-3,0,0,0,-5.499,3.9890000000000008,10.22,-185,444,3678,,-185.33,449.94899999999996,3711.268,3334.2619999999997,53.09,37.8,56.63,0.13,false,false,1.59,-15.35,累計營收負成長且當月改善不足；單季稅前獲利對營業外貢獻依賴偏高
164,6284,佳邦,TPEX,電子零組件業,等待確認,正常持有,standard,今天不下單,每個交易日收盤後，檢查趨勢與法人籌碼,已有部位可續抱觀察，但暫不追價；若收盤跌破60日EMA約 82.87 且法人籌碼轉弱，先減碼三分之一。,未觸發明確減碼訊號,57.6,52.2,46,85,100,可用,79.9,79.9,0.76,-6.69,5.51,43.74,130.22,0.91,20.97,1.37,2.36,1,10,30,41,49,49,0,33.14,33.14,33.14,33.14,10,10,10,10,1,0,799000,17.14,17.14,8.77,,,,,6,6,6,6,51.3,55.09,53.14,59,true,true,1.89,2.96,累計營收負成長且當月改善不足；外資持股趨勢資料不足或期間有非市場異動
165,2355,敬鵬,TWSE,電子零組件業,等待確認,保護持有,protect,今天不新增部位；未完成確認前不機械式賣出,今天收盤後；若跌破，再看下一交易日是否收復,已有部位暫停加碼；若收盤跌破60日EMA約 45.20，且下一交易日仍未收復，先減碼三分之一；若ETF或外資繼續轉弱，再分批降低部位。,外資持股5/10日下降且外資5日賣超,49.5,51.2,57.9,85,100,完整,42.2,43.65,15.91,6.17,4.6,31.31,221.89,1.07,22.21,0.96,2.37,1,0,0,0,0,0,0,-161.945,-314.91800000000006,1078.527,784.848,0,0,0,0,0,0,0,-177.42000000000002,88.53600000000003,17.11,-145,-2482,-1266,,-151,-137.49800000000005,989.9909999999998,564.4449999999997,46.42,38.58,51.65,12.44,false,true,-1.26,-3.87,外資持股5/10日下降，且外資5日賣超
166,8046,南電,TWSE,電子零組件業,等待確認,保護持有,protect,今天不新增部位；未完成確認前不機械式賣出,今天收盤後；若跌破，再看下一交易日是否收復,"已有部位暫停加碼；若收盤跌破60日EMA約 1,091.88，且下一交易日仍未收復，先減碼三分之一；若ETF或外資繼續轉弱，再分批降低部位。",外資持股5/10日下降且外資5日賣超；投信5/10日持續且具金額意義地賣超,49,50.7,58.8,85,100,可用,1050,1075,50.24,39.38,17.18,24.03,338.73,5.53,123.38,13.77,0.19,34,129,-232,431,659,1906,196,-429.79,-8652.274,-10767.979,-14583.099,-584,-4934.118,-3443.334,1562.9879999999996,0,5,-5180823900,-577.6669999999999,-656.0219999999999,10.97,109,-2292,-6172,,260.966,-3140.489,-6668.623,-14539.484999999999,41.59,23.6,35.09,0.63,false,true,-9.05,-14.63,投信5/10日持續且具金額意義的賣超；外資持股5/10日下降，且外資5日賣超；當下除權息調整價未守20日EMA；借券賣出與借券賣出餘額壓力升高
167,1519,華城,TWSE,電機機械,等待確認,正常持有,standard,今天不下單,每個交易日收盤後，檢查趨勢與法人籌碼,已有部位可續抱觀察，但暫不追價；若收盤跌破60日EMA約 709.95 且法人籌碼轉弱，先減碼三分之一。,未觸發明確減碼訊號,64.6,50.4,36,85,100,可用,739,759,-8.32,-3.68,21.68,71.6,146.34,6.52,48.36,25.36,1.62,12,0,0,0,0,0,0,623.727,1264.212,670.84,-1626.884,112,270.65,366.733,422.878,5,0,200010350,117.43200000000002,271.965,18.09,526,831,648,,483.735,876.1300000000001,32.14200000000008,-2339.7880000000005,55.61,45.99,53.14,31.7,false,false,2.25,1.37,累計營收負成長且當月改善不足；外資持股趨勢資料不足或期間有非市場異動
168,2402,毅嘉,TWSE,電子零組件業,等待確認,保護持有,protect,今天不新增部位；未完成確認前不機械式賣出,今天收盤後；若跌破，再看下一交易日是否收復,已有部位暫停加碼；若收盤跌破60日EMA約 58.48，且下一交易日仍未收復，先減碼三分之一；若ETF或外資繼續轉弱，再分批降低部位。,外資持股5/10日下降且外資5日賣超,47.2,50.2,44.9,85,100,完整,56.1,56.1,24.02,17.28,4.36,56.6,161.09,0.46,33.59,2.37,3.57,1,0,0,0,0,0,0,-413.531,-3214.7780000000002,-1582.584,-1700.815,0,0,0,0,0,0,0,-183.06,6.526,5.28,-345,-2389,-759,,-353.6,-3031.7180000000003,-1589.1100000000004,-1592.4050000000004,47.77,40.49,57.95,5.57,false,true,-1.14,-6.03,外資持股5/10日下降，且外資5日賣超；當下除權息調整價未守20日EMA
169,9933,中鼎,TWSE,其他,等待確認,保護持有,protect,今天不新增部位；未完成確認前不機械式賣出,今天收盤後；若跌破，再看下一交易日是否收復,已有部位暫停加碼；若收盤跌破60日EMA約 39.34，且下一交易日仍未收復，先減碼三分之一；若ETF或外資繼續轉弱，再分批降低部位。,外資持股5/10日下降且外資5日賣超,61.1,49.8,38.6,85,100,完整,39.55,39.8,-0.72,-16.56,10.5,79.51,109.31,2.71,7.44,1.59,2.36,4,14,744,1270,1270,1248,976,-822.977,-2459.016,-3964.0959999999995,4135.109000000002,9.1,1260.1,1261.1,1231.2920000000001,5,0,50782030,90.916,74.40799999999999,18.96,-1123,-3855,-5587,,-918.077,-3810.0319999999997,-5299.603999999999,3145.8160000000016,47.63,22.35,28.29,10.47,false,false,-1.07,-0.49,累計營收負成長且當月改善不足；外資持股5/10日下降，且外資5日賣超；2日內除權息，等待價格重置
170,6488,環球晶,TPEX,半導體業,等待確認,正常持有,standard,今天不下單,每個交易日收盤後，檢查趨勢與法人籌碼,已有部位可續抱觀察，但暫不追價；若收盤跌破60日EMA約 970.97 且法人籌碼轉弱，先減碼三分之一。,未觸發明確減碼訊號,60.9,48.4,30.4,85,100,可用,971,990,19.59,-4.44,9.93,55.88,128.14,11.87,47.14,4.8,0.79,20,-7,-40,138,92,463,125,-632.19,-632.19,-632.19,-632.19,-66.679,-66.679,-66.679,-66.679,0,1,-64745309,183.191,183.191,28,,,,,-748.702,-748.702,-748.702,-748.702,49.28,58.47,49.41,76.57,false,false,-0.05,6.47,ETF 1/3日已轉為減碼；外資持股趨勢資料不足或期間有非市場異動；單季稅前獲利對營業外貢獻依賴偏高
171,1301,台塑,TWSE,塑膠工業,等待確認,正常持有,standard,今天不下單,每個交易日收盤後，檢查趨勢與法人籌碼,已有部位可續抱觀察，但暫不追價；若收盤跌破60日EMA約 58.26 且法人籌碼轉弱，先減碼三分之一。,未觸發明確減碼訊號,60,48.3,45.9,85,100,完整,66.6,67.2,4.77,-2.48,1.77,26.47,301.26,2.19,40.61,0.74,0.75,5,0,-474,-1546,1065,630,-1549,5481.125,26794.605,100426.152,88204.41900000001,-10,-1556,1054.944,596.818,0,4,-103629600,2296.6079999999997,4448.119000000001,34.64,5042,26318,95306,,4911.152,26053.997,94923.08899999999,83376.48099999999,64.27,69.3,71.8,64.31,false,true,6.95,0.6,累計營收負成長且當月改善不足；20日累積後5日轉為調節；主動ETF 5日轉為減碼；投信20日買超後近5日轉賣；單季稅前獲利對營業外貢獻依賴偏高
172,2371,大同,TWSE,電機機械,等待確認,正常持有,standard,今天不下單,每個交易日收盤後，檢查趨勢與法人籌碼,已有部位可續抱觀察，但暫不追價；若收盤跌破60日EMA約 27.52 且法人籌碼轉弱，先減碼三分之一。,未觸發明確減碼訊號,61.2,47,32.5,85,100,完整,28.15,28.15,-14.15,1.24,4.56,60.69,195.43,0.91,,1.19,,3,26,132,180,182,132,-322,782.466,2522.76,6750.632,11353.983,26,180,182,131.11599999999999,3,2,5067000,-8.565999999999988,620.1109999999999,6.38,437,299,-262,,725.337,2351.326,5948.521000000001,10535.099999999999,55.94,37.99,47.17,19.62,false,false,2,0.36,主動ETF 5日轉為減碼
173,2850,新產,TWSE,金融保險業,等待確認,保護持有,protect,今天不新增部位；未完成確認前不機械式賣出,今天收盤後；若跌破，再看下一交易日是否收復,已有部位暫停加碼；若收盤跌破60日EMA約 153.43，且下一交易日仍未收復，先減碼三分之一；若ETF或外資繼續轉弱，再分批降低部位。,外資持股5/10日下降且外資5日賣超,52.6,46.9,53.1,85,92,可用,157,157,,,,63.76,,8.51,10.21,2.25,4.63,5,0,142,241,241,241,242,-280.618,-349.445,-723.209,-402.55299999999994,-1,239,239,236.642,3,2,37523000,9.365,19.035,10.84,-292,-583,-966,,-286.38,-597.81,-981.2439999999999,-691.8799999999998,45.87,14.01,23.02,-4.02,false,false,-1.87,-1.26,外資持股5/10日下降，且外資5日賣超；20日趨勢尚未上彎；當下除權息調整價未守20日EMA
174,8039,台虹,TWSE,電子零組件業,等待確認,正常持有,strong,漲停先續抱；不追價,今日收盤確認是否守住20日EMA,價格仍在20／60日EMA之上且今日漲停；外資偏弱先觀察，不因分歧減碼。若收盤跌破20日EMA約 289.16 且法人續弱，再轉為保護持有。,今日漲停／趨勢站穩；外資偏弱，先觀察,57,46,43.9,85,93,可用,327,359.5,-6.06,1.15,6.25,32.38,237.55,1.56,103.81,7.7,0.61,4,0,-40,14,22,23,-102,-66.974,-6572.689,-522.5209999999997,-10407.987000000001,0,269,2406,3613.073,3,1,87963000,320.115,976.174,18.11,-730,-7464,-4196,,-115.124,-7161.804,-3904.694999999999,-13057.277999999998,62.79,48.68,56.94,32.15,false,false,13.09,0,主動ETF 5日轉為減碼；外資持股5/10日下降，且外資5日賣超；短線過熱或乖離過大；估值高且成長不足以支撐；借券賣出與借券賣出餘額壓力升高
175,6472,保瑞,TWSE,生技醫療業,等待確認,保護持有,protect,今天不新增部位；未完成確認前不機械式賣出,今天收盤後；若跌破，再看下一交易日是否收復,已有部位暫停加碼；若收盤跌破60日EMA約 418.09，且下一交易日仍未收復，先減碼三分之一；若ETF或外資繼續轉弱，再分批降低部位。,外資持股5/10日下降且外資5日賣超,49.2,45.9,34.7,85,100,完整,416,423,5.77,-0.09,14.11,66.33,129.65,4.56,34.3,3.51,2.4,3,0,0,-1,258,1031,0,-1.38,-571.275,-1704.56,-839.5219999999997,-1,-3,574,1806.963,0,3,-1248000,4.322999999999999,-50.96000000000001,10.63,244,-366,-1350,,-29.96,-572.598,-2227.6,-2629.4279999999994,46.69,11.85,23.31,-11.08,false,false,-2.14,-3.93,累計營收負成長且當月改善不足；20日累積後5日轉為調節；外資持股5/10日下降，且外資5日賣超；當下除權息調整價未守20日EMA
176,3532,台勝科,TWSE,半導體業,等待確認,保護持有,protect,今天不新增部位；未完成確認前不機械式賣出,今天收盤後；若跌破，再看下一交易日是否收復,已有部位暫停加碼；若收盤跌破60日EMA約 352.29，且下一交易日仍未收復，先減碼三分之一；若ETF或外資繼續轉弱，再分批降低部位。,外資持股5/10日下降且外資5日賣超,65.4,45.1,23.1,85,100,完整,403,415,28.77,17.64,-0.14,52.63,270.98,-0.05,310,6.43,0.25,7,0,104,176,176,179,177,465.343,2249.51,453.471,10696.547000000002,897,2407,3851,10393.608,4,1,970021000,-74.279,-634.839,44.33,-435,-104,-2705,,-415.32,-83.21099999999996,-2762.6899999999996,941.6280000000004,58.15,65.82,66.45,64.56,false,false,7.42,6.33,外資持股5/10日下降，且外資5日賣超
177,3035,智原,TWSE,半導體業,等待確認,正常持有,standard,今天不下單,每個交易日收盤後，檢查趨勢與法人籌碼,已有部位可續抱觀察，但暫不追價；若收盤跌破60日EMA約 182.77 且法人籌碼轉弱，先減碼三分之一。,未觸發明確減碼訊號,53.6,44.9,44.9,85,100,可用,179,177,9.97,-46.08,6.21,28.62,211.45,1.16,70.47,2.73,1.01,5,0,0,0,1,328,0,-99.112,611.6019999999999,1800.7859999999996,3289.3250000000003,0,0,1,328.971,0,0,0,77.21800000000002,290.279,13.27,-3,455,1225,,-107.285,534.384,1509.507,1769.9120000000003,50.04,60.38,63.92,53.29,false,true,0.5,2.29,累計營收負成長且當月改善不足；當下除權息調整價未守20日EMA
178,3715,定穎投控,TWSE,電子零組件業,等待確認,保護持有,protect,今天不新增部位；未完成確認前不機械式賣出,今天收盤後；若跌破，再看下一交易日是否收復,已有部位暫停加碼；若收盤跌破60日EMA約 130.28，且下一交易日仍未收復，先減碼三分之一；若ETF或外資繼續轉弱，再分批降低部位。,外資持股5/10日下降且外資5日賣超,46.7,44.3,26.2,85,100,完整,119.5,109.5,69.65,40.9,1.58,75.09,128.44,-1.55,,3.24,0.9,2,0,0,0,0,-1,0,-161.199,-3858.289,-6372.5,-11144.985,0,0,0,-0.982,0,0,0,-18.765000000000015,193.82199999999997,9.31,-134,-2006,-5260,,-217.326,-3839.5239999999994,-6566.322,-11040.998,50.07,56.16,62.17,44.13,false,true,1.02,-0.83,外資持股5/10日下降，且外資5日賣超；當下除權息調整價未守20日EMA；官方重大訊息出現高風險關鍵字，須查原文
179,6830,汎銓,TWSE,其他電子業,等待確認,正常持有,strong,強勢續抱；不追高,今日收盤確認是否守住20日EMA,價格仍在20／60日EMA之上且短線強勢；法人未同步轉弱。若收盤跌破20日EMA約 509.17 且法人續弱，再轉為保護持有。,價格強勢站上20／60日EMA；法人未同步轉弱,59.4,43.1,24.6,85,100,完整,582,571,26.15,21.18,0.6,48.43,120.55,-0.25,2328,9.33,0.17,1,0,12,12,54,79,12,-63.127,71.04,-283.90399999999994,-963.104,0,12,204,350,1,0,6984000,-52.31400000000001,-9.440000000000005,4.85,-27,186,-492,,-30.295,111.35399999999998,-478.46399999999994,-1373.467,67.69,74.18,80.54,61.45,false,true,14.3,11.92,短線過熱或乖離過大；KD高檔死亡交叉，等待動能確認；高波動且5日漲幅過大
180,3234,光環,TPEX,通信網路業,等待確認,正常持有,standard,今天不下單,每個交易日收盤後，檢查趨勢與法人籌碼,已有部位可續抱觀察，但暫不追價；若收盤跌破60日EMA約 140.22 且法人籌碼轉弱，先減碼三分之一。,未觸發明確減碼訊號,47.9,40.7,29.3,85,82,可用,199.5,211,96.94,16.4,-15.02,43.49,196.95,-0.48,,31.97,0,1,0,372,372,372,372,53,-1252.293,-1252.293,-1252.293,-1252.293,0,0,0,0,0,0,0,-29.69,-29.69,12.37,,,,,-1222.603,-1222.603,-1222.603,-1222.603,69.57,74.76,83.34,57.59,false,false,16.87,7.84,外資持股趨勢資料不足或期間有非市場異動；短線過熱或乖離過大
181,4906,正文,TWSE,通信網路業,等待確認,保護持有,protect,今天不新增部位；未完成確認前不機械式賣出,今天收盤後；若跌破，再看下一交易日是否收復,已有部位暫停加碼；若收盤跌破60日EMA約 36.85，且下一交易日仍未收復，先減碼三分之一；若ETF或外資繼續轉弱，再分批降低部位。,外資持股5/10日下降且外資5日賣超,51.1,39,29.5,85,100,完整,36.8,38.2,32.24,-21.48,-4.77,39.64,161.83,-0.42,306.67,1.48,1.28,1,0,0,0,0,0,0,-912.069,-2353.0710000000004,-11872.617000000002,-10566.671000000004,0,0,0,0,0,0,0,3.6689999999999827,47.05799999999998,6.98,-1512,-1635,-7954,,-904.292,-2356.7400000000002,-11919.675,-10772.059999999998,52.63,57.81,61.2,51.01,false,true,2.03,1.66,外資持股5/10日下降，且外資5日賣超
182,2515,中工,TWSE,建材營造,等待確認,正常持有,standard,今天不下單,每個交易日收盤後，檢查趨勢與法人籌碼,已有部位可續抱觀察，但暫不追價；若收盤跌破60日EMA約 12.24 且法人籌碼轉弱，先減碼三分之一。,未觸發明確減碼訊號,42.9,38.9,38.8,85,100,可用,11.9,11.9,-12.29,25.37,4.44,64.71,225.23,0.25,24.79,0.82,4.2,1,0,0,0,0,0,0,-3221.636,-559.5239999999997,-754.8169999999997,4416.668000000001,-6,-6,-6,-20,0,1,-71400,-76.923,-3.4350000000000023,7.82,-2482,7717,7723,,-3221.615,-476.6009999999999,-745.3819999999997,4620.778,44.9,27.9,40.56,2.59,false,false,-0.96,-1.24,外資持股趨勢資料不足或期間有非市場異動；當下除權息調整價未守20日EMA
183,2328,廣宇,TWSE,電子零組件業,等待確認,正常持有,standard,今天不下單,每個交易日收盤後，檢查趨勢與法人籌碼,已有部位可續抱觀察，但暫不追價；若收盤跌破60日EMA約 46.90 且法人籌碼轉弱，先減碼三分之一。,未觸發明確減碼訊號,51,37.3,35.9,85,100,可用,46,46.5,16.37,-11.61,0,31.57,236.18,-0.24,106.98,1.63,1.96,3,0,0,0,1,13,0,-40.366,1536.1860000000001,4147.180000000001,3694.921000000001,0,0,1,3,0,0,0,-9.196000000000026,58.37999999999998,9.26,30,473,2256,,-10,1545.3819999999998,4087.7999999999993,3884.369999999999,49.68,51.16,59.1,35.27,false,true,-0.09,-1.71,估值高且成長不足以支撐
184,6706,惠特,TWSE,光電業,等待確認,保護持有,protect,今天不新增部位；未完成確認前不機械式賣出,今天收盤後；若跌破，再看下一交易日是否收復,已有部位暫停加碼；若收盤跌破60日EMA約 127.38，且下一交易日仍未收復，先減碼三分之一；若ETF或外資繼續轉弱，再分批降低部位。,外資持股5/10日下降且外資5日賣超,47.9,36.4,24,85,100,完整,123.5,122,89.25,-42.75,-84.96,51.49,206.17,-2.85,,2.62,,1,0,0,0,0,0,0,-302.899,-1254.215,-1633.0030000000002,-838.7050000000003,0,0,0,0,0,0,0,11.043000000000006,52.134,5.79,-259,-1113,-1456,,-273.76,-1265.2579999999998,-1685.1369999999997,-823.7419999999996,52.16,46.99,57.49,26,false,true,1.76,0.41,外資持股5/10日下降，且外資5日賣超
185,6116,彩晶,TWSE,光電業,等待確認,保護持有,protect,今天不新增部位；未完成確認前不機械式賣出,今天收盤後；若跌破，再看下一交易日是否收復,已有部位暫停加碼；若收盤跌破60日EMA約 14.32，且下一交易日仍未收復，先減碼三分之一；若ETF或外資繼續轉弱，再分批降低部位。,外資持股5/10日下降且外資5日賣超,47.2,33.1,31.1,85,100,完整,14.2,14.3,-3.14,2.29,-15.24,20.77,179.8,-0.02,,1.09,,1,0,0,0,0,7,0,2798.434,-8853.437,-6556.353000000001,-15168.071,0,0,0,6.712,0,0,0,-84.679,-621.576,4.62,3314,-7812,-5086,,2529.725,-8768.758000000002,-5934.777000000002,-14297.742000000002,49.33,28.53,37.13,11.34,false,false,0.08,-2.07,外資持股5/10日下降，且外資5日賣超
186,6451,訊芯-KY,TWSE,半導體業,等待確認,保護持有,protect,今天不新增部位；未完成確認前不機械式賣出,今天收盤後；若跌破，再看下一交易日是否收復,已有部位暫停加碼；若收盤跌破60日EMA約 453.33，且下一交易日仍未收復，先減碼三分之一；若ETF或外資繼續轉弱，再分批降低部位。,外資持股5/10日下降且外資5日賣超,50.5,33.1,11.8,85,100,完整,448.5,459,7.42,-3.18,-0.79,54.01,153.7,-0.72,411.47,5.95,0.05,1,0,0,0,1,1,0,8.379,-4381.125,-3346.3259999999996,-5580.143000000001,0,0,1,0.28200000000000003,0,0,0,150.975,189.336,62.48,6,-3560,-2532,,-4.041,-4532.1,-3536.6620000000003,-5712.020999999999,50.67,55.58,64.96,36.81,false,true,0.76,-1.64,累計營收負成長且當月改善不足；外資持股5/10日下降，且外資5日賣超；估值高且成長不足以支撐；借券賣出與借券賣出餘額壓力升高；單季稅前獲利對營業外貢獻依賴偏高
187,3363,上詮,TPEX,通信網路業,等待確認,正常持有,standard,今天不下單,每個交易日收盤後，檢查趨勢與法人籌碼,已有部位可續抱觀察，但暫不追價；若收盤跌破60日EMA約 649.49 且法人籌碼轉弱，先減碼三分之一。,未觸發明確減碼訊號,53.3,32.1,28.9,85,100,可用,723,725,12.09,-14.3,-30.58,11.1,873.99,-1.18,,14.37,0,2,0,0,0,0,13,0,-12.655,-12.655,-12.655,-12.655,-65,-65,-65,-65,0,1,-46995000,5.187,5.187,22.45,,,,,47.158,47.158,47.158,47.158,58.48,65.16,74.46,46.56,false,true,6.57,-3.21,外資持股趨勢資料不足或期間有非市場異動
188,2367,燿華,TWSE,電子零組件業,等待確認,正常持有,standard,今天不下單,每個交易日收盤後，檢查趨勢與法人籌碼,已有部位可續抱觀察，但暫不追價；若收盤跌破60日EMA約 47.58 且法人籌碼轉弱，先減碼三分之一。,未觸發明確減碼訊號,46.3,31.8,17.2,85,100,完整,42.4,42.4,24.95,-3.13,-6.5,56.05,95.69,-0.64,,2.43,0.47,2,0,0,0,3,0,0,-698.96,682.3120000000001,432.8170000000001,5648.995000000001,0,0,3,0.8129999999999997,0,0,0,10.962999999999997,-204.06400000000002,8.53,-404,-1343,-4370,,-670.696,671.3489999999999,633.8809999999999,6550.215999999999,44.33,31.13,45.58,2.25,false,true,-2.54,-4.61,當下除權息調整價未守20日EMA
189,8299,群聯,TPEX,半導體業,暫不承接,保護持有,protect,今天不新增部位；未完成確認前不機械式賣出,今天收盤後；若跌破，再看下一交易日是否收復,"已有部位暫停加碼；若收盤跌破60日EMA約 2,069.05，且下一交易日仍未收復，先減碼三分之一；若ETF或外資繼續轉弱，再分批降低部位。",ETF 5/10日同步減碼,69.9,80.8,72.8,85,100,可用,2095,2095,377.55,263.52,37.86,47.31,257.91,187.43,9.6,4.54,1.11,17,0,-5,-124,-138,-580,-131,618.763,618.763,618.763,618.763,-38.413,-38.413,-38.413,-38.413,0,1,-80475235,105.621,105.621,42.03,,,,,551.555,551.555,551.555,551.555,52.59,40.36,44.6,31.88,false,false,1.58,-3.23,ETF短中期同步減碼；主動ETF 5日轉為減碼；外資持股趨勢資料不足或期間有非市場異動
190,2408,南亞科,TWSE,半導體業,暫不承接,保護持有,protect,今天不新增部位；未完成確認前不機械式賣出,今天收盤後；若跌破，再看下一交易日是否收復,已有部位暫停加碼；若收盤跌破60日EMA約 449.38，且下一交易日仍未收復，先減碼三分之一；若ETF或外資繼續轉弱，再分批降低部位。,ETF 5/10日同步減碼；外資持股5/10日下降且外資5日賣超；投信5/10日持續且具金額意義地賣超,65.7,78.3,81.8,85,100,可用,517,527,719.61,660.87,69.08,16.78,691.01,23.38,20.06,5.53,0.26,36,-97,-863,-1574,-3306,-3911,-897,14655.262,-67571.338,-28188.428999999996,31758.486,351.71,-5280.23,-5962.993999999999,-656.9759999999983,1,4,-2729878910,-4101.982,-3769.42,15.84,13727,-60294,-15137,,13693.266,-58189.126000000004,-18456.015000000003,36096.34,55.07,37.27,41.76,28.28,false,false,3.16,-4.79,ETF短中期同步減碼；ETF 1/3日已轉為減碼；主動ETF 5日轉為減碼；投信5/10日持續且具金額意義的賣超；外資持股5/10日下降，且外資5日賣超
191,2344,華邦電,TWSE,半導體業,暫不承接,保護持有,protect,今天不新增部位；未完成確認前不機械式賣出,今天收盤後；若跌破，再看下一交易日是否收復,已有部位暫停加碼；若收盤跌破60日EMA約 167.47，且下一交易日仍未收復，先減碼三分之一；若ETF或外資繼續轉弱，再分批降低部位。,ETF 5/10日同步減碼；投信5/10日持續且具金額意義地賣超,64.7,76.8,65.2,85,100,可用,180,186,291.55,160.97,42.34,40.78,159.78,7.65,19.85,4.91,0.28,35,-276,-4300,-11723,-15600,-52163,-10124,49955.061,-35263.233,-15782.706999999993,23880.28700000001,-1360.001,-17270.993,-20577.284999999996,-78127.03299999998,1,4,-3108778740,-2658.3240000000005,-4289,19.33,38861,-36859,1517,,47386.632,-15333.916000000005,9083.577999999994,106178.95699999998,53.73,40.73,42.37,37.46,false,false,2.52,-1.37,ETF短中期同步減碼；ETF 1/3日已轉為減碼；主動ETF 5日轉為減碼；投信5/10日持續且具金額意義的賣超；借券賣出與借券賣出餘額壓力升高
192,2330,台積電,TWSE,半導體業,暫不承接,保護持有,protect,今天不新增部位；未完成確認前不機械式賣出,今天收盤後；若跌破，再看下一交易日是否收復,"已有部位暫停加碼；若收盤跌破60日EMA約 2,363.01，且下一交易日仍未收復，先減碼三分之一；若ETF或外資繼續轉弱，再分批降低部位。",ETF 5/10日同步減碼；投信5/10日持續且具金額意義地賣超,74,76,68,85,100,可用,2460,2470,44.69,37.01,59.29,30.94,245.76,49.33,28.52,9.92,0.89,69,-1531,-7031,-8243,-10806,-14450,-796,16487.834,10673.365999999998,15455.925999999998,21698.622999999996,-367.588,-1371.1560000000002,-4277.023999999999,-4203.714999999998,2,3,-3373043760,1240.998,1898.211,69.27,16493,18415,24660,,16135.314,10803.524000000001,17834.739,23594.814000000002,57.94,72.28,64.85,87.14,true,false,2.4,2.29,ETF短中期同步減碼；ETF 1/3日已轉為減碼；主動ETF 5日轉為減碼；投信5/10日持續且具金額意義的賣超
193,5289,宜鼎,TPEX,電腦及週邊設備業,暫不承接,保護持有,protect,今天不新增部位；未完成確認前不機械式賣出,今天收盤後；若跌破，再看下一交易日是否收復,"已有部位暫停加碼；若收盤跌破60日EMA約 1,450.39，且下一交易日仍未收復，先減碼三分之一；若ETF或外資繼續轉弱，再分批降低部位。",價格跌破60日EMA且20日趨勢向下,59.5,76,77.2,85,100,可用,1405,1445,636.53,548.79,56.13,48.99,233.33,166.45,7.8,5.81,1.21,10,35,1,-12,5,84,-110,-32.574,-32.574,-32.574,-32.574,35,35,35,35,1,0,49175000,17.617,17.617,26.8,,,,,-85.191,-85.191,-85.191,-85.191,46.84,23.64,23.91,23.11,false,false,-2.04,-3.1,中期趨勢仍向下；20日累積後5日轉為調節；主動ETF 5日轉為減碼；外資持股趨勢資料不足或期間有非市場異動；20日趨勢尚未上彎
194,5351,鈺創,TPEX,半導體業,暫不承接,保護持有,protect,今天不新增部位；未完成確認前不機械式賣出,今天收盤後；若跌破，再看下一交易日是否收復,已有部位暫停加碼；若收盤跌破60日EMA約 102.52，且下一交易日仍未收復，先減碼三分之一；若ETF或外資繼續轉弱，再分批降低部位。,ETF 5/10日同步減碼,66.3,75.5,66.8,85,100,可用,118.5,123,590.83,481.09,30.67,40.59,243.12,6.69,18.34,5.4,0,2,0,-83,-162,-182,-222,-162,1425.469,1425.469,1425.469,1425.469,0,0,0,0,0,0,0,0.141,0.141,37.02,,,,,1425.328,1425.328,1425.328,1425.328,55.86,41.8,33.33,58.74,true,true,3.6,0.42,ETF短中期同步減碼；主動ETF 5日轉為減碼；外資持股趨勢資料不足或期間有非市場異動
195,6770,力積電,TWSE,半導體業,暫不承接,保護持有,protect,今天不新增部位；未完成確認前不機械式賣出,今天收盤後；若跌破，再看下一交易日是否收復,已有部位暫停加碼；若收盤跌破60日EMA約 68.43，且下一交易日仍未收復，先減碼三分之一；若ETF或外資繼續轉弱，再分批降低部位。,ETF 5/10日同步減碼,72.1,75.1,68,85,100,完整,72.9,73.5,70.54,42.68,58.03,34.6,495.94,4.08,24.3,2.67,,10,0,-2,-63,-153,-1085,0,126073.622,5835.907000000021,56869.69400000002,231936.84100000001,7427,7364,7273.491,6634.596,1,3,536835600,-510.0950000000005,3999.3859999999995,15.51,111094,8711,41602,,112644.189,-1017.9980000000069,45596.81699999998,215961.79799999998,56.24,54.05,46.45,69.23,true,true,4.88,-0.14,ETF短中期同步減碼
196,8271,宇瞻,TWSE,半導體業,暫不承接,保護持有,protect,今天不新增部位；未完成確認前不機械式賣出,今天收盤後；若跌破，再看下一交易日是否收復,已有部位暫停加碼；若收盤跌破60日EMA約 216.69，且下一交易日仍未收復，先減碼三分之一；若ETF或外資繼續轉弱，再分批降低部位。,ETF 5/10日同步減碼；外資持股5/10日下降且外資5日賣超,55.7,74.8,69.6,85,100,完整,222,222,164.99,235.51,34.73,55.84,184.73,35.51,5.52,3.02,2,4,0,-122,-243,-243,-322,-243,389.995,-1156.414,-1656.5949999999998,-2349.876,0,-243,-243.4,-323.082,0,2,-53946000,-94.321,-224.252,10.84,451,-462,-747,,375.89,-819.0930000000001,-1188.943,-1697.875,48.63,21.04,26,11.1,false,false,-1.29,-2.42,ETF短中期同步減碼；主動ETF 5日轉為減碼；外資持股5/10日下降，且外資5日賣超；20日趨勢尚未上彎；當下除權息調整價未守20日EMA
197,2059,川湖,TWSE,電子零組件業,暫不承接,保護持有,protect,今天不新增部位；未完成確認前不機械式賣出,今天收盤後；若跌破，再看下一交易日是否收復,"已有部位暫停加碼；若收盤跌破60日EMA約 10,490.26，且下一交易日仍未收復，先減碼三分之一；若ETF或外資繼續轉弱，再分批降低部位。",ETF 5/10日同步減碼；投信5/10日持續且具金額意義地賣超,69.5,73.1,70.1,85,100,可用,13905,13905,355.52,136.58,77.05,28.35,356.12,110.96,76.66,39.26,0.37,37,-4,-83,-101,-111,-65,-67,-10.72,-134.38499999999996,82.17400000000004,345.818,20.988,-199.862,-190.19799999999998,256.4510000000001,1,4,-2779081110,9.055999999999997,56.819,23.6,-24,48,273,,-23.187,56.421,215.553,-6.194000000000017,64.43,42.05,47.06,32.03,false,false,5.31,-1.94,ETF短中期同步減碼；ETF 1/3日已轉為減碼；主動ETF 5日轉為減碼；投信5/10日持續且具金額意義的賣超
198,2360,致茂,TWSE,其他電子業,暫不承接,正常持有,strong,漲停先續抱；不追價,今日收盤確認是否守住20日EMA,"價格仍在20／60日EMA之上且今日漲停；ETF／投信偏弱先觀察，不因分歧減碼。若收盤跌破20日EMA約 2,063.44 且法人續弱，再轉為保護持有。",今日漲停／趨勢站穩；ETF／投信偏弱，先觀察,68.5,73.1,61.3,85,100,可用,2230,2450,175.26,101.53,39.54,47.08,167.28,21.27,56.89,28.63,0.87,45,-22,-125,-166,-199,-625,-44,666.184,282.55499999999995,423.2199999999999,906.3259999999999,31.241,-26.083,-1379.269,-2132.3709999999996,2,3,-58165090,110.70400000000001,260.56,59.07,560,68,1606,,570.699,197.93399999999997,1541.929,2758.2459999999996,59.54,63.37,45.89,98.32,false,false,8.07,13.78,ETF短中期同步減碼；ETF 1/3日已轉為減碼；主動ETF 5日轉為減碼；投信5/10日持續且具金額意義的賣超；短線過熱或乖離過大
199,6005,群益證,TWSE,金融保險業,暫不承接,保護持有,protect,今天不新增部位；未完成確認前不機械式賣出,今天收盤後；若跌破，再看下一交易日是否收復,已有部位暫停加碼；若收盤跌破60日EMA約 30.98，且下一交易日仍未收復，先減碼三分之一；若ETF或外資繼續轉弱，再分批降低部位。,ETF 5/10日同步減碼；投信5/10日持續且具金額意義地賣超,61.9,72.8,73.8,85,100,可用,32.7,32.95,25.09,110.96,,89.2,108.57,3.24,6.08,1.37,5.23,8,-6,-1848,-3069,-3092,-3147,-3396,-1386,-255.05200000000013,-1041.6140000000003,-21404.368,-16,-3092,-3111.531,-3187.575,0,5,-101108400,0,0,17.33,-1385,53220,52819,,-1370,2836.9480000000003,2069.917000000001,-18216.792999999998,65.19,83.99,79.24,93.49,false,false,4.27,5.48,ETF短中期同步減碼；ETF 1/3日已轉為減碼；主動ETF 5日轉為減碼；投信5/10日持續且具金額意義的賣超；外資持股趨勢資料不足或期間有非市場異動
200,6691,洋基工程,TWSE,其他電子業,暫不承接,保護持有,protect,今天不新增部位；未完成確認前不機械式賣出,今天收盤後；若跌破，再看下一交易日是否收復,已有部位暫停加碼；若收盤跌破60日EMA約 627.63，且下一交易日仍未收復，先減碼三分之一；若ETF或外資繼續轉弱，再分批降低部位。,外資持股5/10日下降且外資5日賣超,65.6,72.3,55.3,85,100,完整,624,629,177.06,98.1,16.22,72.04,135.24,17.46,18.67,10.15,3.53,10,0,12,44,41,418,0,252.115,-129.75099999999995,-644.435,-3475.956,0,59,73,412.501,2,2,36816000,16.068,2.6850000000000005,9.84,239,-240,-670,,233.455,-204.81899999999996,-720.1199999999999,-3911.12,49.03,43.81,40.29,50.83,true,true,-0.06,1.46,中期趨勢仍向下；外資持股5/10日下降，且外資5日賣超；20日趨勢尚未上彎；ETF加碼金額或跨基金共識不足
201,3213,茂訊,TPEX,電腦及週邊設備業,暫不承接,保護持有,protect,今天不新增部位；未完成確認前不機械式賣出,今天收盤後；若跌破，再看下一交易日是否收復,已有部位暫停加碼；若收盤跌破60日EMA約 127.29，且下一交易日仍未收復，先減碼三分之一；若ETF或外資繼續轉弱，再分批降低部位。,未觸發明確減碼訊號,54.3,69.8,82.5,85,100,可用,126,129,70.37,20.36,25.64,30.04,300.49,5.62,13.14,1.89,5.56,1,0,0,0,0,0,0,-485.101,-485.101,-485.101,-485.101,0,0,0,0,0,0,0,-10.101,-10.101,14.49,,,,,-475,-475,-475,-475,43.95,32.57,33.89,29.93,false,true,-2.07,-0.4,中期趨勢仍向下；外資持股趨勢資料不足或期間有非市場異動；20日趨勢尚未上彎
202,2305,全友,TWSE,電腦及週邊設備業,暫不承接,正常持有,strong,強勢續抱；不追高,今日收盤確認是否守住20日EMA,價格仍在20／60日EMA之上且短線強勢；ETF／外資偏弱先觀察，不因分歧減碼。若收盤跌破20日EMA約 29.80 且法人續弱，再轉為保護持有。,價格強勢站上20／60日EMA；ETF／外資偏弱，先觀察,60,69.6,70.9,85,100,完整,33.4,34,197.8,96.82,17.3,24.45,372.4,0.51,40.73,2.78,,1,0,-2,-2,-4,-15,0,722.255,-1831.87,-281.7319999999998,-1166.4099999999999,0,-2,-4,-15,0,1,-66800,169.869,186.35399999999998,2.57,755,-1835,-246,,688.702,-1999.739,-464.0860000000001,-1320.8440000000005,61.4,79.53,68.94,100.7,false,false,12.09,11.15,ETF短中期同步減碼；外資持股5/10日下降，且外資5日賣超；短線過熱或乖離過大；高波動且5日漲幅過大
203,6505,台塑化,TWSE,油電燃氣業,暫不承接,保護持有,protect,今天不新增部位；未完成確認前不機械式賣出,今天收盤後；若跌破，再看下一交易日是否收復,已有部位暫停加碼；若收盤跌破60日EMA約 69.14，且下一交易日仍未收復，先減碼三分之一；若ETF或外資繼續轉弱，再分批降低部位。,ETF 5/10日同步減碼；外資持股5/10日下降且外資5日賣超,67.4,69.4,68.5,85,100,完整,79.7,78.1,32.35,11.84,13.74,16.6,520.61,4.32,13.84,1.56,1.51,8,-60,-311,-345,-310,-3872,0,937.965,-10253.304,-1513.2400000000002,-19448.447,131,1114.368,1114.7359999999999,-8411.018999999998,4,1,88815130,504.56199999999995,637.5740000000001,6.91,194,-11885,-2794,,666.879,-11872.234000000002,-3265.5500000000015,-11500.690000000002,61.89,73.22,67.23,85.2,false,false,7.54,8.44,ETF短中期同步減碼；ETF 1/3日已轉為減碼；外資持股5/10日下降，且外資5日賣超
204,6196,帆宣,TWSE,其他電子業,暫不承接,保護持有,protect,今天不新增部位；未完成確認前不機械式賣出,今天收盤後；若跌破，再看下一交易日是否收復,已有部位暫停加碼；若收盤跌破60日EMA約 497.73，且下一交易日仍未收復，先減碼三分之一；若ETF或外資繼續轉弱，再分批降低部位。,ETF 5/10日同步減碼；投信5/10日持續且具金額意義地賣超,69.7,69.3,45.1,85,100,完整,514,508,101.35,47.39,8.65,72.75,122.81,13.26,23.28,6.34,1.25,12,-1,-109,-301,-306,76,-303,77.669,1461.9089999999999,939.7449999999999,1148.8529999999998,-2,-336,-399.3,-622.531,1,4,-172704000,38.149,-8.207,18.99,66,1767,1342,,68.848,1759.7599999999998,1347.2519999999997,1870.5039999999997,53.97,69.8,63.31,82.79,false,false,2.48,5.98,ETF短中期同步減碼；20日累積後5日轉為調節；ETF 1/3日已轉為減碼；主動ETF 5日轉為減碼；投信5/10日持續且具金額意義的賣超
205,2885,元大金,TWSE,金融保險業,暫不承接,保護持有,protect,今天不新增部位；未完成確認前不機械式賣出,今天收盤後；若跌破，再看下一交易日是否收復,已有部位暫停加碼；若收盤跌破60日EMA約 63.11，且下一交易日仍未收復，先減碼三分之一；若ETF或外資繼續轉弱，再分批降低部位。,ETF 5/10日同步減碼；投信5/10日持續且具金額意義地賣超,71.8,68.9,56.9,85,100,可用,70.2,70.5,78.99,130.25,,92.04,,2.64,16.44,2.44,3.13,40,-666,-1052,-4645,-8616,3090,1522,3395.674,36891.075,42929.780000000006,-20251.66899999999,-44.474,-323.7170000000003,-3949.272,745.5489999999995,2,3,-22724933,-681.9490000000001,-1858.255,26.87,3822,40356,51158,,3640.352,37896.740999999995,48737.307,-18023.996999999996,69.66,88.17,77.18,110.15,false,false,6.75,7.34,ETF短中期同步減碼；20日累積後5日轉為調節；ETF 1/3日已轉為減碼；投信5/10日持續且具金額意義的賣超
206,6672,騰輝電子-KY,TWSE,電子零組件業,暫不承接,保護持有,protect,今天不新增部位；未完成確認前不機械式賣出,今天收盤後；若跌破，再看下一交易日是否收復,已有部位暫停加碼；若收盤跌破60日EMA約 251.92，且下一交易日仍未收復，先減碼三分之一；若ETF或外資繼續轉弱，再分批降低部位。,ETF 5/10日同步減碼,66,68.9,65.4,85,100,完整,299.5,305,90.82,42.48,14.55,29.42,311.02,4.75,45.24,5.09,1.12,2,-2,-4,-8,-14,530,-6,413.203,315.7140000000001,884.055,2334.761,-2,-8,-14,530,0,3,-2396000,38.099000000000004,76.007,22.14,652,571,1092,,401.864,285.61500000000007,822.0480000000002,1695.0440000000003,62.16,64.69,58.1,77.86,true,false,10.03,8.91,ETF短中期同步減碼；20日累積後5日轉為調節；ETF 1/3日已轉為減碼；主動ETF 5日轉為減碼；短線過熱或乖離過大
207,7769,鴻勁,TWSE,半導體業,暫不承接,保護持有,protect,今天不新增部位；未完成確認前不機械式賣出,今天收盤後；若跌破，再看下一交易日是否收復,"已有部位暫停加碼；若收盤跌破60日EMA約 6,289.01，且下一交易日仍未收復，先減碼三分之一；若ETF或外資繼續轉弱，再分批降低部位。",ETF 5/10日同步減碼；投信5/10日持續且具金額意義地賣超,64.7,68.9,63.6,85,100,可用,6565,6795,100.83,93.16,49.13,33.36,287.37,56.14,67.78,20.8,0.99,27,-3,-25,-111,-191,-315,-99,405.587,590.548,9.76599999999996,353.674,60.15,-451.281,-1047.62,-1054.972,1,4,-2962659765,19.401,15.442,20.01,341,1006,1022,,339.158,1022.428,1041.944,1397.552,55.91,50.18,32.57,85.39,true,false,5.56,12.03,ETF短中期同步減碼；ETF 1/3日已轉為減碼；主動ETF 5日轉為減碼；投信5/10日持續且具金額意義的賣超；20日趨勢尚未上彎
208,6491,晶碩,TWSE,生技醫療業,暫不承接,保護持有,protect,今天不新增部位；未完成確認前不機械式賣出,今天收盤後；若跌破，再看下一交易日是否收復,已有部位暫停加碼；若收盤跌破60日EMA約 356.70，且下一交易日仍未收復，先減碼三分之一；若ETF或外資繼續轉弱，再分批降低部位。,ETF 5/10日同步減碼,60.1,68.8,65.1,85,100,完整,379.5,378,17.42,23.1,28.18,31.22,147.7,13.13,15.83,2.52,2.64,1,0,-36,-71,-71,-196,-71,-57.999,24.795999999999992,599.136,1073.428,0,-71,-71,-196,0,2,-26944500,4.840999999999999,2.4609999999999985,23.09,-111,62,670,,-59.346,90.955,667.6750000000001,1278.268,53.87,45.82,55.35,26.74,false,true,0.66,-5.01,ETF短中期同步減碼；主動ETF 5日轉為減碼
209,2368,金像電,TWSE,電子零組件業,暫不承接,保護持有,protect,今天不新增部位；未完成確認前不機械式賣出,今天收盤後；若跌破，再看下一交易日是否收復,"已有部位暫停加碼；若收盤跌破60日EMA約 1,064.97，且下一交易日仍未收復，先減碼三分之一；若ETF或外資繼續轉弱，再分批降低部位。",ETF 5/10日同步減碼；外資持股5/10日下降且外資5日賣超,63.6,68.6,55.3,85,100,可用,1120,1115,77.38,70.29,26.62,56.53,165.77,16.17,40.2,13.74,0.88,38,-20,-1526,-1019,-1567,-2876,-1164,334.516,-3397.143,-1931.5510000000002,-3640.576,-7.028,1652.7039999999997,3528.7180000000003,10925.478,3,2,1851028480,490.997,765.1750000000001,25.55,-417,-5880,-6153,,166.76,-5540.844,-6225.444,-15221.515,55.72,58.59,63.99,47.78,false,true,5.55,-3.86,ETF短中期同步減碼；ETF 1/3日已轉為減碼；主動ETF 5日轉為減碼；外資持股5/10日下降，且外資5日賣超；借券賣出與借券賣出餘額壓力升高
210,2404,漢唐,TWSE,其他電子業,暫不承接,降低部位,trim,停止加碼；反彈未站回恢復區時分批減碼,每個交易日收盤後，確認是否站回恢復區,"已有部位先停止加碼。反彈若仍未站回 1,120.11，分批降低部位；只有站回且ETF／外資賣壓收斂後才重新評估。",價格跌破60日EMA且20日趨勢向下；外資持股5/10日下降且外資5日賣超,61.9,68.6,54.4,85,100,完整,1080,1100,63.77,73.9,19.79,81.91,117.19,36.23,16.29,11.39,3.7,16,39,49,100,255,424,-95,196.811,-982.396,-1839.775,-2404.801,33,48,194.922,-161.563,3,2,51840000,49.755999999999986,36.384999999999984,37.02,153,-920,-1900,,167.84,-1080.152,-2071.082,-2102.3720000000003,47.43,48.72,36.34,73.48,true,false,-0.41,1.89,中期趨勢仍向下；主動ETF 5日轉為減碼；外資持股5/10日下降，且外資5日賣超；20日趨勢尚未上彎；ETF加碼金額或跨基金共識不足
211,1608,華榮,TWSE,電器電纜,暫不承接,保護持有,protect,今天不新增部位；未完成確認前不機械式賣出,今天收盤後；若跌破，再看下一交易日是否收復,已有部位暫停加碼；若收盤跌破60日EMA約 34.76，且下一交易日仍未收復，先減碼三分之一；若ETF或外資繼續轉弱，再分批降低部位。,ETF 5/10日同步減碼,59,68.5,68.6,85,100,完整,36.05,38.05,42.67,19.38,10.42,37.4,158.43,7.04,3.13,1.35,5.55,3,0,-14,-24,-39,-67,0,-976.694,-2716.647,4794.901000000001,15707.751,-3,-30.630000000000003,-44.544000000000004,-78.21000000000001,1,4,-1104211,-12.376000000000003,229.524,4.92,-1065,-4102,2306,,-1002.578,-2673.641,4609.921,15583.703999999998,51.82,21.72,37.64,-10.12,false,false,-0.33,-4.38,ETF短中期同步減碼；單季稅前獲利對營業外貢獻依賴偏高
212,2337,旺宏,TWSE,半導體業,暫不承接,降低部位,trim,停止加碼；反彈未站回恢復區時分批減碼,每個交易日收盤後，確認是否站回恢復區,已有部位先停止加碼。反彈若仍未站回 130.19，分批降低部位；只有站回且ETF／外資賣壓收斂後才重新評估。,價格跌破60日EMA且20日趨勢向下；ETF 5/10日同步減碼；投信5/10日持續且具金額意義地賣超,56.4,68,65.3,85,100,可用,124.5,125,180.48,137.83,36.83,35.77,235.89,4.82,29.5,3.98,,11,0,-992,-3342,-3538,-7635,-3307,8567.579,-13920.339,-1351.746000000001,-8458.603000000001,-6,-3780,-4344,-32948.468,0,5,-470610000,-134.51300000000003,185.349,24.61,7698,-8480,5517,,7691.316,-10005.826000000001,2806.904999999999,28345.937999999995,49.38,39.79,38.79,41.77,true,false,0.29,-1.19,中期趨勢仍向下；ETF短中期同步減碼；主動ETF 5日轉為減碼；投信5/10日持續且具金額意義的賣超；20日趨勢尚未上彎
213,1708,東鹼,TWSE,化學工業,暫不承接,保護持有,protect,今天不新增部位；未完成確認前不機械式賣出,今天收盤後；若跌破，再看下一交易日是否收復,已有部位暫停加碼；若收盤跌破60日EMA約 49.80，且下一交易日仍未收復，先減碼三分之一；若ETF或外資繼續轉弱，再分批降低部位。,ETF 5/10日同步減碼,57.2,67.9,61.9,85,100,完整,50,50.7,24.66,13.44,16.49,39.42,104.33,1.98,12.11,1.63,3.2,1,0,-5,-5,-9,-17,0,-1200.575,-1095.177,547.0680000000001,-4114.023999999999,0,-5,-9,-17,0,1,-250000,-47.1,58.20399999999999,8.55,-1199,-1197,686,,-1204.2,-1043.0769999999998,497.86400000000015,-4201.905999999999,47.34,33.51,43.35,13.84,true,true,-0.99,-1.19,ETF短中期同步減碼
214,2317,鴻海,TWSE,其他電子業,暫不承接,保護持有,protect,今天不新增部位；未完成確認前不機械式賣出,今天收盤後；若跌破，再看下一交易日是否收復,已有部位暫停加碼；若收盤跌破60日EMA約 249.87，且下一交易日仍未收復，先減碼三分之一；若ETF或外資繼續轉弱，再分批降低部位。,ETF 5/10日同步減碼,71.6,67.9,50,85,100,可用,256,258.5,54.19,37.89,3.67,62.3,142.27,7.84,16.88,1.88,2.8,45,-586,-2304,-1851,-1410,-10640,1245,-3298.302,29182.977,28384.483999999993,-25555.848,39.195,1847.5,1809.9320000000002,-5092.378000000001,4,1,472960000,805.241,2050.651,40.55,-2324,27373,28599,,-2609.789,26530.236,24523.901,-19812.268999999993,54.17,77.35,68.33,95.38,false,false,1.71,2.4,ETF短中期同步減碼；ETF 1/3日已轉為減碼；外資持股趨勢資料不足或期間有非市場異動；20日趨勢尚未上彎
215,1560,中砂,TWSE,電機機械,暫不承接,保護持有,protect,今天不新增部位；未完成確認前不機械式賣出,今天收盤後；若跌破，再看下一交易日是否收復,已有部位暫停加碼；若收盤跌破60日EMA約 683.04，且下一交易日仍未收復，先減碼三分之一；若ETF或外資繼續轉弱，再分批降低部位。,ETF 5/10日同步減碼；投信5/10日持續且具金額意義地賣超,71.4,67.8,55.6,85,100,完整,730,724,26.56,23.56,21.9,36.64,166.07,6.44,62.07,12.05,0.68,7,-1,-3,-63,-166,-1032,-69,878.026,858.569,662.3449999999999,1033.2379999999996,-1,-163,-271,-1376.471,1,4,-118990000,129.395,118.66600000000003,38.59,791,871,784,,801.026,892.174,814.679,2540.8680000000004,56.12,61,54.36,74.27,false,false,4.27,6.88,ETF短中期同步減碼；ETF 1/3日已轉為減碼；主動ETF 5日轉為減碼；投信5/10日持續且具金額意義的賣超
216,2308,台達電,TWSE,電子零組件業,暫不承接,保護持有,protect,今天不新增部位；未完成確認前不機械式賣出,今天收盤後；若跌破，再看下一交易日是否收復,"已有部位暫停加碼；若收盤跌破60日EMA約 1,828.99，且下一交易日仍未收復，先減碼三分之一；若ETF或外資繼續轉弱，再分批降低部位。",ETF 5/10日同步減碼,69.6,67.5,49.6,85,100,可用,1850,1880,47.75,42.08,17.22,53.58,159.95,17.59,58.88,16.36,0.63,56,-115,-374,-249,-362,-1511,89,225.033,-4076.7910000000006,-6087.876,-14726.256,-9.759,-443.51300000000015,-3976.2270000000003,-4377.655000000001,3,2,-820499050,192.82600000000002,831.8870000000001,61.92,233,-3581,-3020,,186.882,-3826.1040000000007,-2943.536000000001,-10706.674000000003,54.92,70,61.38,87.23,false,false,3.37,0.54,ETF短中期同步減碼；ETF 1/3日已轉為減碼；外資持股趨勢資料不足或期間有非市場異動
217,3653,健策,TWSE,電子零組件業,暫不承接,保護持有,protect,今天不新增部位；未完成確認前不機械式賣出,今天收盤後；若跌破，再看下一交易日是否收復,"已有部位暫停加碼；若收盤跌破60日EMA約 4,531.89，且下一交易日仍未收復，先減碼三分之一；若ETF或外資繼續轉弱，再分批降低部位。",ETF 5/10日同步減碼；投信5/10日持續且具金額意義地賣超,67,67.2,64.1,85,100,可用,5655,5662.5,90.96,35.95,35.34,28.69,256.61,25.33,127.62,35.19,0.38,39,12,63,-25,-42,292,-2,-152.98,-33.70099999999998,178.31,2548.9730000000004,-21,-350.394,-217.909,602.8960000000002,1,4,-1981478070,-9.955999999999994,14.150000000000004,26.27,-137,101,143,,-135.007,326.649,382.069,1883.479,60.74,68.73,75.2,55.79,false,false,6.21,-5.59,ETF短中期同步減碼；20日累積後5日轉為調節；主動ETF 5日轉為減碼；投信5/10日持續且具金額意義的賣超
218,2834,臺企銀,TWSE,金融保險業,暫不承接,保護持有,protect,今天不新增部位；未完成確認前不機械式賣出,今天收盤後；若跌破，再看下一交易日是否收復,已有部位暫停加碼；若收盤跌破60日EMA約 16.48，且下一交易日仍未收復，先減碼三分之一；若ETF或外資繼續轉弱，再分批降低部位。,ETF 5/10日同步減碼；投信5/10日持續且具金額意義地賣超,59.4,66.7,68.9,85,100,可用,17.2,17.2,18,6.18,,94,,0.71,12.65,1.08,5.81,9,2,-4649,-7931,-11006,-11766,-8102,2285.695,-40320.396,-20670.921000000002,-97953.647,-26,-8004.509,-11152.896999999999,-11974.259999999998,0,5,-137677555,265.029,697.711,16.29,102,-201726,-55502,,2080.695,-32580.915999999997,-10215.734999999999,-86883.745,63.31,75.97,71.13,85.67,false,false,2.55,1.47,ETF短中期同步減碼；主動ETF 5日轉為減碼；投信5/10日持續且具金額意義的賣超；外資持股趨勢資料不足或期間有非市場異動
219,3617,碩天,TWSE,其他電子業,暫不承接,保護持有,protect,今天不新增部位；未完成確認前不機械式賣出,今天收盤後；若跌破，再看下一交易日是否收復,已有部位暫停加碼；若收盤跌破60日EMA約 230.59，且下一交易日仍未收復，先減碼三分之一；若ETF或外資繼續轉弱，再分批降低部位。,ETF 5/10日同步減碼,57,66.3,73.5,85,100,可用,248.5,249.5,13.58,9.64,22.32,36.99,273.56,11.12,11.91,2.38,4,4,-2,-2,-14,-26,577,-14,-66.572,-130.699,-19.91500000000002,1127.2060000000001,-2,-14,-26,577,1,2,-3479000,-2.7299999999999986,-50.70099999999999,9.64,-66,-375,-160,,-68.228,-113.969,56.786,545.76,54.75,32.43,33.76,29.77,false,false,1.32,-2.17,ETF短中期同步減碼；20日累積後5日轉為調節；ETF 1/3日已轉為減碼；主動ETF 5日轉為減碼；外資持股趨勢資料不足或期間有非市場異動
220,6446,藥華藥,TWSE,生技醫療業,暫不承接,保護持有,protect,今天不新增部位；未完成確認前不機械式賣出,今天收盤後；若跌破，再看下一交易日是否收復,"已有部位暫停加碼；若收盤跌破60日EMA約 1,232.74，且下一交易日仍未收復，先減碼三分之一；若ETF或外資繼續轉弱，再分批降低部位。",ETF 5/10日同步減碼；外資持股5/10日下降且外資5日賣超；投信5/10日持續且具金額意義地賣超,57.7,66,68.9,85,100,可用,1325,1370,92.59,77.46,43.77,16.54,527.8,11.35,64.89,13.45,0.19,20,-1,-10,-150,-127,88,-127,485.844,-1732.911,-3075.225,-1840.2419999999995,-60,-901.852,-788.283,-340.3930000000001,2,3,-1194953900,46.06,3.9849999999999985,24.65,597,-814,-1387,,526.547,-877.119,-2290.927,-1555.4930000000008,47.5,16.21,25.83,-3.03,false,false,-3.58,-5.02,ETF短中期同步減碼；20日累積後5日轉為調節；ETF 1/3日已轉為減碼；主動ETF 5日轉為減碼；投信5/10日持續且具金額意義的賣超；外資持股5/10日下降，且外資5日賣超；當下除權息調整價未守20日EMA
221,6206,飛捷,TWSE,電腦及週邊設備業,暫不承接,保護持有,protect,今天不新增部位；未完成確認前不機械式賣出,今天收盤後；若跌破，再看下一交易日是否收復,已有部位暫停加碼；若收盤跌破60日EMA約 134.67，且下一交易日仍未收復，先減碼三分之一；若ETF或外資繼續轉弱，再分批降低部位。,ETF 5/10日同步減碼,55.2,65.9,77.8,85,100,完整,136,137,38.19,26.39,29.65,29.6,275.95,5.93,15.03,3.71,4.04,6,-1,-5,-10,-18,-25,0,-445.089,-159.52500000000003,-760.812,-1778.7889999999998,-1,-10.86,-18.428,-25.428,0,5,-1476960,-39.321999999999996,-164.5,19.49,-281,50,-537,,-421.77,-109.34299999999999,-577.884,-1292.8970000000004,47.25,26.17,27.78,22.94,true,true,-2.08,-1.45,ETF短中期同步減碼；ETF 1/3日已轉為減碼；20日趨勢尚未上彎；當下除權息調整價未守20日EMA
222,3088,艾訊,TPEX,電腦及週邊設備業,暫不承接,保護持有,protect,今天不新增部位；未完成確認前不機械式賣出,今天收盤後；若跌破，再看下一交易日是否收復,已有部位暫停加碼；若收盤跌破60日EMA約 129.22，且下一交易日仍未收復，先減碼三分之一；若ETF或外資繼續轉弱，再分批降低部位。,價格跌破60日EMA且20日趨勢向下,53.1,65.7,72.8,85,100,可用,124,126.5,66.92,45.48,12.29,33.69,239.98,4.28,15.54,2.48,2.36,1,0,0,0,0,0,0,-606.252,-606.252,-606.252,-606.252,0,0,0,0,0,0,0,-7.797,-7.797,18.24,,,,,-598.455,-598.455,-598.455,-598.455,45.25,42.73,34.08,60.04,true,true,-1.98,0.81,中期趨勢仍向下；外資持股趨勢資料不足或期間有非市場異動；20日趨勢尚未上彎
223,9958,世紀鋼,TWSE,鋼鐵工業,暫不承接,保護持有,protect,今天不新增部位；未完成確認前不機械式賣出,今天收盤後；若跌破，再看下一交易日是否收復,已有部位暫停加碼；若收盤跌破60日EMA約 104.02，且下一交易日仍未收復，先減碼三分之一；若ETF或外資繼續轉弱，再分批降低部位。,價格跌破60日EMA且20日趨勢向下,53.6,65.7,57.8,85,100,完整,91.6,91.5,91.16,36.22,21.68,56.42,122.11,4.08,13.01,1.92,4.91,3,0,0,0,0,-204,0,488.93,-450.15200000000004,-2580.2980000000002,-10466.442,-1,-3,-3,-225.436,0,2,-274800,210.842,225.132,7.84,614,416,-498,,217.26,-657.9940000000001,-2802.43,-10194.377999999999,35.8,19.49,8.9,40.67,true,false,-4.7,1.44,中期趨勢仍向下；20日趨勢尚未上彎；當下除權息調整價未守20日EMA
224,2476,鉅祥,TWSE,電子零組件業,暫不承接,保護持有,protect,今天不新增部位；未完成確認前不機械式賣出,今天收盤後；若跌破，再看下一交易日是否收復,已有部位暫停加碼；若收盤跌破60日EMA約 120.89，且下一交易日仍未收復，先減碼三分之一；若ETF或外資繼續轉弱，再分批降低部位。,ETF 5/10日同步減碼；投信5/10日持續且具金額意義地賣超,52.4,65.5,73.8,85,100,完整,122,121.5,54.4,39.61,19.32,27.64,314.36,2.98,19.84,2.93,2.43,2,-4,-107,-218,-227,1077,-218,-22.126,-228.394,1798.73,-37.778999999999954,-4,-218,-227,1077,0,4,-26596000,100.96199999999999,1425.208,8.05,-94,-507,342,,-15.178,-111.356,600.522,-3459.406,49.36,50.08,62.1,26.03,false,true,-0.46,-2.79,ETF短中期同步減碼；20日累積後5日轉為調節；ETF 1/3日已轉為減碼；主動ETF 5日轉為減碼；投信5/10日持續且具金額意義的賣超；20日趨勢尚未上彎；當下除權息調整價未守20日EMA
225,3702,大聯大,TWSE,電子通路業,暫不承接,保護持有,protect,今天不新增部位；未完成確認前不機械式賣出,今天收盤後；若跌破，再看下一交易日是否收復,已有部位暫停加碼；若收盤跌破60日EMA約 109.39，且下一交易日仍未收復，先減碼三分之一；若ETF或外資繼續轉弱，再分批降低部位。,價格跌破60日EMA且20日趨勢向下,62.6,65.2,52,85,100,可用,105,105,90.83,59.92,2.64,83.99,119.79,8.42,8.99,1.88,3.47,28,465,233,560,5853,1687,-82,444.983,2235.6769999999997,-5385.083999999999,-32536.065000000002,473,920,4684,-632.474,4,1,96600000,-590.2139999999999,-2836.8199999999997,33.38,495,1663,-6322,,-109.218,1905.8909999999998,-7232.264,-29767.955,44.95,41.92,30.23,65.32,false,false,-1.95,5.42,中期趨勢仍向下；主動ETF 5日轉為減碼；20日趨勢尚未上彎；當下除權息調整價未守20日EMA
226,3010,華立,TWSE,電子通路業,暫不承接,保護持有,protect,今天不新增部位；未完成確認前不機械式賣出,今天收盤後；若跌破，再看下一交易日是否收復,已有部位暫停加碼；若收盤跌破60日EMA約 125.59，且下一交易日仍未收復，先減碼三分之一；若ETF或外資繼續轉弱，再分批降低部位。,ETF 5/10日同步減碼；外資持股5/10日下降且外資5日賣超,61.7,65,56.6,85,100,完整,129.5,129.75,31.45,19.64,4.04,53.53,149.98,5.93,11.57,1.23,4.09,5,-2,-2,-3,-5,-5,0,-264.463,-375.791,-787.905,1037.922,-3,-6,-8,-10.109,0,3,-777000,12.841000000000001,34.605,19.7,-225,-302,-672,,-264,-382.632,-814.51,964.8990000000003,57.45,56.87,57.24,56.15,true,true,1.88,1.17,ETF短中期同步減碼；ETF 1/3日已轉為減碼；外資持股5/10日下降，且外資5日賣超
227,1590,亞德客-KY,TWSE,電機機械,暫不承接,保護持有,protect,今天不新增部位；未完成確認前不機械式賣出,今天收盤後；若跌破，再看下一交易日是否收復,"已有部位暫停加碼；若收盤跌破60日EMA約 1,402.76，且下一交易日仍未收復，先減碼三分之一；若ETF或外資繼續轉弱，再分批降低部位。",ETF 5/10日同步減碼；外資持股5/10日下降且外資5日賣超；投信5/10日持續且具金額意義地賣超,55.9,64.8,72.8,85,100,完整,1370,1405,50.78,32.87,34.22,16.97,305.42,29.91,26.32,5,2.12,17,3,-1,-3,-6,-670,0,-6.542,-131.418,-460.16700000000003,-641.988,1.614,-13.977,-2.0020000000000007,-665.24,1,3,-19148490,-12.250000000000002,-34.728,80.78,-16,-141,-373,,-8.818,-105.191,-423.43699999999995,37.01800000000003,42.1,20.56,28.97,3.75,false,false,-4.04,-3.86,中期趨勢仍向下；ETF短中期同步減碼；投信5/10日持續且具金額意義的賣超；外資持股5/10日下降，且外資5日賣超；20日趨勢尚未上彎；當下除權息調整價未守20日EMA
228,6139,亞翔,TWSE,其他電子業,暫不承接,降低部位,trim,停止加碼；反彈未站回恢復區時分批減碼,每個交易日收盤後，確認是否站回恢復區,已有部位先停止加碼。反彈若仍未站回 776.47，分批降低部位；只有站回且ETF／外資賣壓收斂後才重新評估。,價格跌破60日EMA且20日趨勢向下；外資持股5/10日下降且外資5日賣超；投信5/10日持續且具金額意義地賣超,57,64.6,54.6,85,100,完整,739,740,62.28,68.37,18.19,75.95,125.12,25.91,14.89,8.41,3.11,21,-19,-85,5,129,212,7,121.838,-941.878,-3769.4690000000005,-6465.922000000001,-1,-313.1,-735.423,-989.244,1,4,-231380900,-116.02600000000001,15.283999999999992,21.58,72,-1005,-2967,,182.232,-512.752,-3049.33,-5494.316000000001,43.7,25.79,26.92,23.54,false,false,-3.18,-2.12,中期趨勢仍向下；ETF 1/3日已轉為減碼；投信5/10日持續且具金額意義的賣超；外資持股5/10日下降，且外資5日賣超；20日趨勢尚未上彎；當下除權息調整價未守20日EMA
229,2441,超豐,TWSE,半導體業,暫不承接,保護持有,protect,今天不新增部位；未完成確認前不機械式賣出,今天收盤後；若跌破，再看下一交易日是否收復,已有部位暫停加碼；若收盤跌破60日EMA約 118.67，且下一交易日仍未收復，先減碼三分之一；若ETF或外資繼續轉弱，再分批降低部位。,未觸發明確減碼訊號,59.5,64.5,67.6,85,100,完整,118,119.5,41.65,24.68,20.06,18.34,230.57,2.98,21.85,2.44,2.55,9,11,-482,-939,212,1093,-977,297.576,-347.69900000000007,-677.098,-262.82699999999977,11,-939,212,1092.766,2,3,-110802000,-22.708999999999996,141.956,9.98,291,622,-1793,,268.829,614.01,-1031.054,-788.6860000000004,50.27,48.95,48.61,49.63,true,true,0.82,2.16,中期趨勢仍向下；20日累積後5日轉為調節；主動ETF 5日轉為減碼；投信20日買超後近5日轉賣；20日趨勢尚未上彎
230,6834,天二科技,TWSE,電子零組件業,暫不承接,保護持有,protect,今天不新增部位；未完成確認前不機械式賣出,今天收盤後；若跌破，再看下一交易日是否收復,已有部位暫停加碼；若收盤跌破60日EMA約 91.46，且下一交易日仍未收復，先減碼三分之一；若ETF或外資繼續轉弱，再分批降低部位。,ETF 5/10日同步減碼,61.4,64.5,53.8,85,100,完整,97,100,88.24,44.28,10.85,40.75,153.28,1.6,42.17,5.56,0.41,1,0,-2,-2,-3,-5,0,-156.103,1634.3940000000002,587.7270000000001,-786.715,0,-2,-3,-5,0,1,-194000,17.34,31.321,12.8,-160,1582,727,,-161.228,1619.054,559.4060000000002,-827.3089999999999,53.31,51.34,38.92,76.16,true,true,3.85,7.9,ETF短中期同步減碼；20日趨勢尚未上彎
231,6613,朋億*,TPEX,其他電子業,暫不承接,保護持有,protect,今天不新增部位；未完成確認前不機械式賣出,今天收盤後；若跌破，再看下一交易日是否收復,已有部位暫停加碼；若收盤跌破60日EMA約 280.50，且下一交易日仍未收復，先減碼三分之一；若ETF或外資繼續轉弱，再分批降低部位。,價格跌破60日EMA且20日趨勢向下,51.3,64.4,68.2,85,100,可用,265,267,64.32,49.04,15.82,45.74,202.18,8.51,15.67,3.21,3.77,1,0,0,0,0,0,0,28.211,28.211,28.211,28.211,0,0,0,0,0,0,0,1,1,5.56,,,,,27.211,27.211,27.211,27.211,46.31,43.05,47.19,34.79,false,true,-0.99,-4.85,中期趨勢仍向下；外資持股趨勢資料不足或期間有非市場異動；20日趨勢尚未上彎；當下除權息調整價未守20日EMA
232,8926,台汽電,TWSE,油電燃氣業,暫不承接,保護持有,protect,今天不新增部位；未完成確認前不機械式賣出,今天收盤後；若跌破，再看下一交易日是否收復,已有部位暫停加碼；若收盤跌破60日EMA約 60.89，且下一交易日仍未收復，先減碼三分之一；若ETF或外資繼續轉弱，再分批降低部位。,價格跌破60日EMA且20日趨勢向下,60.6,64.1,46.1,85,100,完整,57.9,58.2,1459.06,776.03,8.18,62.23,145.36,3.27,15.91,2.42,3.66,5,9,109,186,186,172,0,-1178.351,1.8129999999998745,-4.169000000000153,-3032.486,6,179,180,132.42899999999997,4,0,10364100,30.709999999999997,149.68599999999998,6.75,-1185,-815,678,,-1210,-207.89699999999988,-333.8549999999999,-3245.2,46.51,67.85,56.85,89.85,true,false,0.2,3.58,中期趨勢仍向下；20日趨勢尚未上彎
233,2812,台中銀,TWSE,金融保險業,暫不承接,保護持有,protect,今天不新增部位；未完成確認前不機械式賣出,今天收盤後；若跌破，再看下一交易日是否收復,已有部位暫停加碼；若收盤跌破60日EMA約 18.92，且下一交易日仍未收復，先減碼三分之一；若ETF或外資繼續轉弱，再分批降低部位。,ETF 5/10日同步減碼；投信5/10日持續且具金額意義地賣超,58.8,64,67.5,85,100,可用,19.25,19.2,1.56,19.29,,90.61,,0.87,11.46,1.21,5.51,8,-4,-3293,-6243,-6292,-6515,-6439,-4392.655,39054.808999999994,43108.29799999999,45059.571999999986,-11,-6247,-6296.169,-6536.18,1,4,-120254750,212.498,359.998,9.17,-4336,42462,76440,,-4522,45089.311,49044.469000000005,51029.216,56.93,67.5,73.78,54.94,false,true,0.94,1.05,ETF短中期同步減碼；ETF 1/3日已轉為減碼；主動ETF 5日轉為減碼；投信5/10日持續且具金額意義的賣超；外資持股趨勢資料不足或期間有非市場異動
234,6579,研揚,TWSE,電腦及週邊設備業,暫不承接,保護持有,protect,今天不新增部位；未完成確認前不機械式賣出,今天收盤後；若跌破，再看下一交易日是否收復,已有部位暫停加碼；若收盤跌破60日EMA約 154.05，且下一交易日仍未收復，先減碼三分之一；若ETF或外資繼續轉弱，再分批降低部位。,外資持股5/10日下降且外資5日賣超,57.9,64,68.5,85,100,完整,152,154.5,28.16,28.66,10.2,26.1,221.03,6.15,20.77,2.53,2.47,1,0,0,0,0,0,0,-97.059,-141.184,-656.045,-2793.5679999999998,-1,-2,-2,-4,0,2,-304000,47.711,181.07,3.28,-98,-74,-461,,-98.27,-186.895,-835.115,-2964.6639999999998,49.12,65.21,51.79,92.05,true,true,0.48,3.75,中期趨勢仍向下；外資持股5/10日下降，且外資5日賣超；20日趨勢尚未上彎
235,6274,台燿,TPEX,電子零組件業,暫不承接,保護持有,protect,今天不新增部位；未完成確認前不機械式賣出,今天收盤後；若跌破，再看下一交易日是否收復,"已有部位暫停加碼；若收盤跌破60日EMA約 1,417.64，且下一交易日仍未收復，先減碼三分之一；若ETF或外資繼續轉弱，再分批降低部位。",ETF 5/10日同步減碼,60,63.7,55.8,85,100,可用,1370,1470,121.52,91.3,21.29,48.55,205.37,12.4,69.58,16.98,0.55,26,-2,-267,-449,-127,461,-369,-806.81,-806.81,-806.81,-806.81,-1766,-1766,-1766,-1766,0,1,-2419420000,3.242,3.242,29.06,,,,,955.948,955.948,955.948,955.948,44.71,22.61,23.02,21.77,false,false,-4.85,-4.53,中期趨勢仍向下；ETF短中期同步減碼；20日累積後5日轉為調節；ETF 1/3日已轉為減碼；主動ETF 5日轉為減碼；外資持股趨勢資料不足或期間有非市場異動；20日趨勢尚未上彎
236,2478,大毅,TWSE,電子零組件業,暫不承接,保護持有,protect,今天不新增部位；未完成確認前不機械式賣出,今天收盤後；若跌破，再看下一交易日是否收復,已有部位暫停加碼；若收盤跌破60日EMA約 133.19，且下一交易日仍未收復，先減碼三分之一；若ETF或外資繼續轉弱，再分批降低部位。,ETF 5/10日同步減碼,58.6,63.5,65.5,85,100,完整,127,127.5,47.49,19.84,15.93,29.93,259.07,2.91,26.13,2.49,1.57,3,-14,-17,-50,-85,4394,-47,-432.88,1477.248,1209.3220000000001,-8634.971,-14,-50,-85,4394,0,3,-6350000,-3.6659999999999946,37.17100000000001,12.45,-579,1538,1708,,-424.791,1530.9139999999998,1257.1509999999996,-13128.347,49.67,46.15,42.76,52.92,true,false,1.51,2.83,ETF短中期同步減碼；20日累積後5日轉為調節；ETF 1/3日已轉為減碼；主動ETF 5日轉為減碼
237,1714,和桐,TWSE,化學工業,暫不承接,保護持有,protect,今天不新增部位；未完成確認前不機械式賣出,今天收盤後；若跌破，再看下一交易日是否收復,已有部位暫停加碼；若收盤跌破60日EMA約 15.78，且下一交易日仍未收復，先減碼三分之一；若ETF或外資繼續轉弱，再分批降低部位。,ETF 5/10日同步減碼；外資持股5/10日下降且外資5日賣超,52.1,63.2,64.7,85,100,完整,16.45,16.45,77.38,61.22,11.49,29.6,335.99,0.89,13.94,1.22,1.09,1,0,-1809,-1809,-1827,-1765,-1789,-2616.772,-19102.199,-14722.459,-10036.972000000002,0,-1809,-1827,-1765,0,1,-29758050,275.186,394.9079999999999,16.36,-1827,-10851,-3994,,-2549.99,-17568.385000000002,-13290.367000000002,-8470.302000000005,49.23,31.24,44.83,4.06,false,true,-1.31,-2.66,ETF短中期同步減碼；主動ETF 5日轉為減碼；外資持股5/10日下降，且外資5日賣超；當下除權息調整價未守20日EMA；借券賣出與借券賣出餘額壓力升高
238,3023,信邦,TWSE,電子零組件業,暫不承接,保護持有,protect,今天不新增部位；未完成確認前不機械式賣出,今天收盤後；若跌破，再看下一交易日是否收復,已有部位暫停加碼；若收盤跌破60日EMA約 312.56，且下一交易日仍未收復，先減碼三分之一；若ETF或外資繼續轉弱，再分批降低部位。,ETF 5/10日同步減碼,66.9,63.2,50.5,85,100,完整,339.5,340,28.97,11.44,10.95,52.87,162.52,7.37,25.39,5.01,2.95,14,-1,-132,-318,-464,-826,-365,-316.098,1076.591,1256.7079999999999,3311.0119999999993,5,-190,-294,-454.086,3,2,-64505000,1.968,-66.127,42.36,-264,1256,1795,,-313.775,1264.623,1616.8349999999998,4347.432999999999,63.5,74.38,67.77,87.58,false,false,5.73,8.64,ETF短中期同步減碼；ETF 1/3日已轉為減碼；主動ETF 5日轉為減碼
239,3029,零壹,TWSE,資訊服務業,暫不承接,保護持有,protect,今天不新增部位；未完成確認前不機械式賣出,今天收盤後；若跌破，再看下一交易日是否收復,已有部位暫停加碼；若收盤跌破60日EMA約 107.08，且下一交易日仍未收復，先減碼三分之一；若ETF或外資繼續轉弱，再分批降低部位。,ETF 5/10日同步減碼,60.2,63.1,51.3,85,100,完整,109.5,113,59.18,16.2,6.32,63.78,142.48,3.63,15.62,3.46,5.02,3,0,-5,-9,-13,-21,0,-228.909,166.443,645.059,3115.8540000000003,0,-9.282,-12.934,-20.933999999999997,0,4,-1016379,52.1,98.54799999999999,7.51,-257,-285,21,,-245.831,123.62500000000003,559.4450000000002,2940.186,49.96,33.02,46.15,6.75,false,false,-0.64,-3.1,ETF短中期同步減碼
240,1513,中興電,TWSE,電機機械,暫不承接,保護持有,protect,今天不新增部位；未完成確認前不機械式賣出,今天收盤後；若跌破，再看下一交易日是否收復,已有部位暫停加碼；若收盤跌破60日EMA約 164.40，且下一交易日仍未收復，先減碼三分之一；若ETF或外資繼續轉弱，再分批降低部位。,ETF 5/10日同步減碼；投信5/10日持續且具金額意義地賣超,66.8,62.9,48.4,85,100,完整,167,167,3.83,3.53,19.35,56.3,105.97,4.5,18.79,3.96,3.59,11,-65,-212,-276,-565,-930,0,781.106,1413.802,2890.9599999999996,17506.753,-63,-175,-387.252,-525.486,1,4,-29225000,96.61999999999999,179.68199999999996,12.17,842,650,1249,,801.983,1492.1819999999998,3098.5299999999997,17636.037,53.28,32.4,32.36,32.47,true,false,1.12,1.83,ETF短中期同步減碼；ETF 1/3日已轉為減碼；投信5/10日持續且具金額意義的賣超
241,2302,麗正,TWSE,半導體業,暫不承接,保護持有,protect,今天不新增部位；未完成確認前不機械式賣出,今天收盤後；若跌破，再看下一交易日是否收復,已有部位暫停加碼；若收盤跌破60日EMA約 41.02，且下一交易日仍未收復，先減碼三分之一；若ETF或外資繼續轉弱，再分批降低部位。,ETF 5/10日同步減碼,57.7,62.9,53.4,85,100,完整,43.3,42.3,81.16,30.47,14.17,34.29,148.18,0.6,40.47,3.92,0.81,1,0,-2,-2,-3,-7,0,-193.924,-78.51200000000003,1101.3659999999998,692.4559999999993,0,-2,-3,-7,0,1,-86600,-63.635000000000005,-38.573,2.02,-194,10,1200,,-194.045,-12.876999999999953,1142.9389999999999,648.9459999999998,50.85,42.41,43.38,40.47,false,true,0.24,-1.93,ETF短中期同步減碼；當下除權息調整價未守20日EMA
242,7734,印能科技,TPEX,半導體業,暫不承接,降低部位,trim,停止加碼；反彈未站回恢復區時分批減碼,每個交易日收盤後，確認是否站回恢復區,"已有部位先停止加碼。反彈若仍未站回 3,047.30，分批降低部位；只有站回且ETF／外資賣壓收斂後才重新評估。",價格跌破60日EMA且20日趨勢向下；ETF 5/10日同步減碼,52.1,62.8,68.9,85,100,可用,2915,3015,62.33,62.94,53.25,22.22,492.21,28.72,61.45,12.08,0.68,2,0,-8,-15,-49,-110,-15,40.135,40.135,40.135,40.135,-50,-50,-50,-50,0,1,-145750000,8.676,8.676,5.25,,,,,81.459,81.459,81.459,81.459,47.39,32.9,29.61,39.48,true,false,-1.39,3.19,中期趨勢仍向下；ETF短中期同步減碼；主動ETF 5日轉為減碼；外資持股趨勢資料不足或期間有非市場異動；20日趨勢尚未上彎
243,2049,上銀,TWSE,電機機械,暫不承接,保護持有,protect,今天不新增部位；未完成確認前不機械式賣出,今天收盤後；若跌破，再看下一交易日是否收復,已有部位暫停加碼；若收盤跌破60日EMA約 343.31，且下一交易日仍未收復，先減碼三分之一；若ETF或外資繼續轉弱，再分批降低部位。,ETF 5/10日同步減碼；投信5/10日持續且具金額意義地賣超,66.4,62.6,54.9,85,100,完整,364.5,361,33.94,20.36,11.98,31.19,225.94,4.03,55.23,3.29,0.55,7,0,-83,-164,-217,-1349,-163,494.745,1547.652,640.703,3446.2949999999996,-1,-914,-1783.369,720.018,1,4,-333153000,146.042,205.84800000000004,39.17,512,2272,2217,,511.895,2315.61,2218.2240000000006,2983.6710000000003,55.2,55.69,45.71,75.65,false,false,2.69,4.14,ETF短中期同步減碼；主動ETF 5日轉為減碼；投信5/10日持續且具金額意義的賣超；20日趨勢尚未上彎
244,2327,國巨*,TWSE,電子零組件業,暫不承接,降低部位,trim,停止加碼；反彈未站回恢復區時分批減碼,每個交易日收盤後，確認是否站回恢復區,已有部位先停止加碼。反彈若仍未站回 626.61，分批降低部位；只有站回且ETF／外資賣壓收斂後才重新評估。,價格跌破60日EMA且20日趨勢向下；ETF 5/10日同步減碼；投信5/10日持續且具金額意義地賣超,59.4,62.2,50.6,85,100,可用,589,576,51.51,32.52,25.85,64.73,131.19,8.48,39.66,6.85,1.02,38,-97,-535,-2337,-3787,-3659,-1951,7286.599,7092.936999999999,-21130.148,-72605.846,-109.246,-6645.903,-21932.292,-21690.371000000003,0,5,-3914436867,100.48300000000012,2185.562,45.42,5404,12410,-2220,,6448.279,13638.356999999998,-1383.4180000000022,-50551.48900000001,50.11,49.18,39.1,69.32,true,true,2.79,8.07,中期趨勢仍向下；ETF短中期同步減碼；ETF 1/3日已轉為減碼；主動ETF 5日轉為減碼；投信5/10日持續且具金額意義的賣超；20日趨勢尚未上彎；融資增幅與短線漲幅同步偏高
245,5904,寶雅*,TPEX,居家生活,暫不承接,保護持有,protect,今天不新增部位；未完成確認前不機械式賣出,今天收盤後；若跌破，再看下一交易日是否收復,已有部位暫停加碼；若收盤跌破60日EMA約 70.19，且下一交易日仍未收復，先減碼三分之一；若ETF或外資繼續轉弱，再分批降低部位。,ETF 5/10日同步減碼,54.4,62.1,50.4,85,100,可用,71.7,71.7,19.22,14.47,16.38,78.94,111.99,17.45,21.09,1.05,3.55,9,-5,-259,-500,-949,-381,-535,-134.749,-134.749,-134.749,-134.749,-5,-5,-5,-5,0,1,-358500,-86.626,-86.626,25.28,,,,,-43.123,-43.123,-43.123,-43.123,45.04,21.08,16.52,30.22,true,false,-2.91,-4.4,ETF短中期同步減碼；ETF 1/3日已轉為減碼；主動ETF 5日轉為減碼；外資持股趨勢資料不足或期間有非市場異動；20日趨勢尚未上彎；當下除權息調整價未守20日EMA
246,5880,合庫金,TWSE,金融保險業,暫不承接,保護持有,protect,今天不新增部位；未完成確認前不機械式賣出,今天收盤後；若跌破，再看下一交易日是否收復,已有部位暫停加碼；若收盤跌破60日EMA約 24.85，且下一交易日仍未收復，先減碼三分之一；若ETF或外資繼續轉弱，再分批降低部位。,ETF 5/10日同步減碼；投信5/10日持續且具金額意義地賣超,58.9,61.9,58.4,85,100,可用,26.5,26.4,20.44,17.55,,94.53,,0.8,17.32,1.43,3.96,18,-567,-6167,-9035,-8873,34800,-6166,3936.86,52377.525,73900.09800000001,71448.06700000001,-55,-5893.652,-5901.617,38928.153,0,5,-156181778,797.639,1329.826,17.13,3954,123617,143280,,3338.139,57473.538,78471.88900000002,32877.16800000003,68.22,88.22,88.07,88.53,false,false,3.6,3.72,ETF短中期同步減碼；20日累積後5日轉為調節；ETF 1/3日已轉為減碼；主動ETF 5日轉為減碼；投信5/10日持續且具金額意義的賣超；外資持股趨勢資料不足或期間有非市場異動
247,1476,儒鴻,TWSE,紡織纖維,暫不承接,保護持有,protect,今天不新增部位；未完成確認前不機械式賣出,今天收盤後；若跌破，再看下一交易日是否收復,已有部位暫停加碼；若收盤跌破60日EMA約 328.19，且下一交易日仍未收復，先減碼三分之一；若ETF或外資繼續轉弱，再分批降低部位。,價格跌破60日EMA且20日趨勢向下,58.2,61.8,73.3,85,100,完整,306,306,23.26,5.98,20.96,24,273.93,12.35,12.68,2.89,4.9,13,32,50,361,433,799,0,-333.603,748.313,116.11900000000003,-2938.357,31.799,356.475,428.64300000000003,792.7040000000001,5,0,109081350,35.78,-19.739,29.13,-380,342,-632,,-374.191,356.058,-292.7850000000001,-3412.927,35.63,32.76,43.16,11.96,false,true,-3.75,-0.97,中期趨勢仍向下；20日趨勢尚未上彎；當下除權息調整價未守20日EMA
248,2374,佳能,TWSE,光電業,暫不承接,保護持有,protect,今天不新增部位；未完成確認前不機械式賣出,今天收盤後；若跌破，再看下一交易日是否收復,已有部位暫停加碼；若收盤跌破60日EMA約 70.39，且下一交易日仍未收復，先減碼三分之一；若ETF或外資繼續轉弱，再分批降低部位。,價格跌破60日EMA且20日趨勢向下,49.9,61.6,63.3,85,100,完整,67.5,69.2,64.11,53.36,9.83,37.89,158.61,1.55,20.83,2.56,2.95,1,0,0,0,0,0,0,-626.787,-1657.613,-767.81,-3643.5909999999994,-2,-4,-4,-7,0,2,-270000,-32.631,-105.64599999999999,5.15,-409,-516,1936,,-622,-1620.9819999999997,-658.1639999999998,-3342.5110000000004,45.2,36.65,47.19,15.58,false,true,-1.74,-1.75,中期趨勢仍向下；20日趨勢尚未上彎
249,3036,文曄,TWSE,電子通路業,暫不承接,降低部位,trim,停止加碼；反彈未站回恢復區時分批減碼,每個交易日收盤後，確認是否站回恢復區,已有部位先停止加碼。反彈若仍未站回 209.65，分批降低部位；只有站回且ETF／外資賣壓收斂後才重新評估。,價格跌破60日EMA且20日趨勢向下；ETF 5/10日同步減碼；投信5/10日持續且具金額意義地賣超,48.7,61.6,51.8,85,100,可用,192.5,195,94.85,111.03,2.11,84.66,111.03,13,9.88,1.96,4.05,23,-64,-406,-761,-1321,-5448,-414,-1052.307,-18243.935,-27225.523,-39040.62,-58.078,-488.29699999999997,-830.398,-7764.308,1,4,-93997172,-107.226,-523.886,24.32,-1504,-12670,-19048,,-935.137,-17648.412,-25871.239,-29398.396,42.11,42.74,30.48,67.27,false,false,-3.09,-1.79,中期趨勢仍向下；ETF短中期同步減碼；ETF 1/3日已轉為減碼；主動ETF 5日轉為減碼；投信5/10日持續且具金額意義的賣超；外資持股趨勢資料不足或期間有非市場異動；20日趨勢尚未上彎；當下除權息調整價未守20日EMA
250,6239,力成,TWSE,半導體業,暫不承接,保護持有,protect,今天不新增部位；未完成確認前不機械式賣出,今天收盤後；若跌破，再看下一交易日是否收復,已有部位暫停加碼；若收盤跌破60日EMA約 280.06，且下一交易日仍未收復，先減碼三分之一；若ETF或外資繼續轉弱，再分批降低部位。,ETF 5/10日同步減碼,63.5,61.6,49.2,85,100,可用,280,284.5,29.37,31.93,14.16,44.87,169.04,5.5,27.72,3.62,1.61,24,-17,-303,-191,-348,-527,-64,1503.05,2127.354,-6951.255999999999,-22200.573999999997,-12.392,-28.19599999999997,-602.1959999999999,-2731.739,1,4,-7894880,122.803,113.91800000000003,31.67,1448,1934,-5788,,1441.177,2032.7469999999994,-6462.978,-18901.695000000003,51.44,43.74,49.61,31.99,false,false,1.22,1.08,ETF短中期同步減碼；ETF 1/3日已轉為減碼；主動ETF 5日轉為減碼
251,3711,日月光投控,TWSE,半導體業,暫不承接,保護持有,protect,今天不新增部位；未完成確認前不機械式賣出,今天收盤後；若跌破，再看下一交易日是否收復,已有部位暫停加碼；若收盤跌破60日EMA約 594.30，且下一交易日仍未收復，先減碼三分之一；若ETF或外資繼續轉弱，再分批降低部位。,ETF 5/10日同步減碼；投信5/10日持續且具金額意義地賣超,68.3,61.4,36.9,85,100,可用,621,625,43.15,25.13,10.59,60.87,107.01,8.04,44.93,7.02,1.06,55,-675,-1194,-5372,-9163,-21349,-4775,18519.021,19424.107,8494.568,5355.409999999998,-510.015,-5176.1320000000005,-10365.092,-36182.156,2,3,-3214377972,1387.638,2063.04,77.21,18264,22985,17401,,18355.617,23212.601,16796.62,39437.936,54.74,56.39,49.01,71.16,true,false,3.42,6.34,ETF短中期同步減碼；ETF 1/3日已轉為減碼；主動ETF 5日轉為減碼；投信5/10日持續且具金額意義的賣超；外資持股趨勢資料不足或期間有非市場異動
252,5483,中美晶,TPEX,半導體業,暫不承接,保護持有,protect,今天不新增部位；未完成確認前不機械式賣出,今天收盤後；若跌破，再看下一交易日是否收復,已有部位暫停加碼；若收盤跌破60日EMA約 180.94，且下一交易日仍未收復，先減碼三分之一；若ETF或外資繼續轉弱，再分批降低部位。,ETF 5/10日同步減碼,62.1,61.2,47.5,85,100,可用,183.5,186,27.72,5.36,11.23,54.63,131.28,5.02,20.46,2.2,1.91,11,-24,-72,-185,-213,3505,-272,497.403,497.403,497.403,497.403,-23.299,-23.299,-23.299,-23.299,0,1,-4275366,74.88,74.88,24.59,,,,,445.822,445.822,445.822,445.822,50.26,54.97,46.88,71.15,true,true,0.73,3.09,ETF短中期同步減碼；20日累積後5日轉為調節；ETF 1/3日已轉為減碼；主動ETF 5日轉為減碼；外資持股趨勢資料不足或期間有非市場異動
253,3028,增你強,TWSE,電子通路業,暫不承接,降低部位,trim,停止加碼；反彈未站回恢復區時分批減碼,每個交易日收盤後，確認是否站回恢復區,已有部位先停止加碼。反彈若仍未站回 68.23，分批降低部位；只有站回且ETF／外資賣壓收斂後才重新評估。,價格跌破60日EMA且20日趨勢向下；外資持股5/10日下降且外資5日賣超,47.4,61.1,55.8,85,93,可用,63.4,64.5,117.59,96.81,4.64,81.04,119.22,5.24,8.83,2.07,4.73,2,0,0,0,-3,11,0,-438.828,-644.372,-2254.3520000000003,-2790.6240000000007,0,0,-3.8,-14.8,0,0,0,-44.86599999999999,-83.857,9.66,-110,-170,-1687,,-435.998,-599.5060000000001,-2166.695,-2625.276,40.88,17.48,23.83,4.76,false,true,-3.51,-2.01,中期趨勢仍向下；外資持股5/10日下降，且外資5日賣超；20日趨勢尚未上彎；當下除權息調整價未守20日EMA
254,2363,矽統,TWSE,半導體業,暫不承接,降低部位,trim,停止加碼；反彈未站回恢復區時分批減碼,每個交易日收盤後，確認是否站回恢復區,已有部位先停止加碼。反彈若仍未站回 55.04，分批降低部位；只有站回且ETF／外資賣壓收斂後才重新評估。,價格跌破60日EMA且20日趨勢向下；外資持股5/10日下降且外資5日賣超,57.6,61,58.2,85,100,完整,52.5,53.3,72.07,95.03,5.52,5.93,176.11,0.2,97.22,0.55,1.16,3,0,0,0,1,-25,0,-744.869,-547.657,-2185.558,-3757.019,0,0,1,-25.729,0,0,0,638.588,736.9190000000001,6.17,-1309,-846,-492,,-1366.182,-1186.245,-2923.4770000000003,-4639.119000000001,49.64,51.04,42.98,67.16,true,true,1.1,2.74,中期趨勢仍向下；外資持股5/10日下降，且外資5日賣超；20日趨勢尚未上彎
255,2412,中華電,TWSE,通信網路業,暫不承接,保護持有,protect,今天不新增部位；未完成確認前不機械式賣出,今天收盤後；若跌破，再看下一交易日是否收復,已有部位暫停加碼；若收盤跌破60日EMA約 137.64，且下一交易日仍未收復，先減碼三分之一；若ETF或外資繼續轉弱，再分批降低部位。,ETF 5/10日同步減碼,61.7,60.9,58.9,85,100,可用,138,137.5,3.68,7.23,21.73,30.99,122.39,2.68,27.11,2.92,3.77,35,-179,-1141,-1446,-1335,4075,-627,1097.621,15033.029999999999,9908.116999999998,434.1449999999993,0.312,-345.516,321.00199999999995,6337.867,3,2,-47681208,205.019,363.007,17.2,-1151,14258,9347,,959.297,15173.526999999998,9224.107999999998,-6428.031000000001,56.49,75.43,65.3,95.68,false,false,0.8,1.47,ETF短中期同步減碼；20日累積後5日轉為調節；ETF 1/3日已轉為減碼；主動ETF 5日轉為減碼；外資持股趨勢資料不足或期間有非市場異動
256,1609,大亞,TWSE,電器電纜,暫不承接,保護持有,protect,今天不新增部位；未完成確認前不機械式賣出,今天收盤後；若跌破，再看下一交易日是否收復,已有部位暫停加碼；若收盤跌破60日EMA約 37.04，且下一交易日仍未收復，先減碼三分之一；若ETF或外資繼續轉弱，再分批降低部位。,ETF 5/10日同步減碼；外資持股5/10日下降且外資5日賣超,59,60.7,48.1,85,100,完整,37.2,37.95,11.53,17.91,12.94,68.3,151.61,2.24,13.73,1.56,1.88,2,0,-1,-1,-1,-11,0,-4.771,-193.53800000000024,-1473.0700000000004,4250.450999999999,-2,-6,-5,-19.458,0,3,-223200,-18.399,6.203999999999999,13.11,133,-33,-138,,-0.527,-169.13900000000012,-1474.2740000000001,4340.688,49.93,30.14,37.88,14.66,false,false,-0.14,-1.06,ETF短中期同步減碼；外資持股5/10日下降，且外資5日賣超
257,4916,事欣科,TWSE,電腦及週邊設備業,暫不承接,保護持有,protect,今天不新增部位；未完成確認前不機械式賣出,今天收盤後；若跌破，再看下一交易日是否收復,已有部位暫停加碼；若收盤跌破60日EMA約 99.47，且下一交易日仍未收復，先減碼三分之一；若ETF或外資繼續轉弱，再分批降低部位。,價格跌破60日EMA且20日趨勢向下,47.8,60.6,67.6,85,100,完整,97.1,97.1,128.95,58.42,9.14,32.64,257.18,5.45,14.87,3.33,0.51,1,0,0,0,0,0,0,-83.958,-588.8880000000001,-441.10900000000004,-3483.742,0,0,0,0,0,0,0,-71.985,-69.74300000000001,2.18,24,-297,10,,-79.15,-516.903,-371.366,-3404.8289999999997,42.56,21.19,28.28,7,false,true,-3.2,-2.8,中期趨勢仍向下；20日趨勢尚未上彎；當下除權息調整價未守20日EMA；單季稅前獲利對營業外貢獻依賴偏高
258,6197,佳必琪,TWSE,電子零組件業,暫不承接,保護持有,protect,今天不新增部位；未完成確認前不機械式賣出,今天收盤後；若跌破，再看下一交易日是否收復,已有部位暫停加碼；若收盤跌破60日EMA約 302.23，且下一交易日仍未收復，先減碼三分之一；若ETF或外資繼續轉弱，再分批降低部位。,ETF 5/10日同步減碼；外資持股5/10日下降且外資5日賣超；投信5/10日持續且具金額意義地賣超,53.9,60.6,59.5,85,100,完整,308,309,15.29,23.42,22.77,43.32,210.43,7,26.04,6.7,2.25,1,0,-91,-181,-181,-181,-181,-417.707,-2787.9080000000004,-2867.7400000000007,-2817.4810000000016,-1,-183,-183,-183.701,0,4,-56364000,83.554,129.169,4.58,-200,-1777,-1872,,-301.827,-2688.462,-2813.9090000000006,-2632.8370000000014,50.59,50.3,57.12,36.65,false,true,0.57,1.82,ETF短中期同步減碼；主動ETF 5日轉為減碼；投信5/10日持續且具金額意義的賣超；外資持股5/10日下降，且外資5日賣超
259,6223,旺矽,TPEX,半導體業,暫不承接,降低部位,trim,停止加碼；反彈未站回恢復區時分批減碼,每個交易日收盤後，確認是否站回恢復區,"已有部位先停止加碼。反彈若仍未站回 5,667.75，分批降低部位；只有站回且ETF／外資賣壓收斂後才重新評估。",價格跌破60日EMA且20日趨勢向下；ETF 5/10日同步減碼,57.2,60.5,46.7,85,100,可用,5490,5537.5,66.5,52.26,33.54,55.09,161.51,28.08,117.56,33.82,0.4,37,5,-250,-277,-547,-416,-48,305.186,305.186,305.186,305.186,-3.945,-3.945,-3.945,-3.945,0,1,-21658050,-23.536,-23.536,29.18,,,,,332.667,332.667,332.667,332.667,49.1,59.26,47.61,82.57,false,false,0.63,7.02,中期趨勢仍向下；ETF短中期同步減碼；主動ETF 5日轉為減碼；外資持股趨勢資料不足或期間有非市場異動；20日趨勢尚未上彎
260,3042,晶技,TWSE,電子零組件業,暫不承接,保護持有,protect,今天不新增部位；未完成確認前不機械式賣出,今天收盤後；若跌破，再看下一交易日是否收復,已有部位暫停加碼；若收盤跌破60日EMA約 178.82，且下一交易日仍未收復，先減碼三分之一；若ETF或外資繼續轉弱，再分批降低部位。,ETF 5/10日同步減碼,62.9,60.4,62.4,85,100,完整,176.5,188,22.91,9.94,16,31.85,238.42,2.96,30.48,3.81,2.72,9,-40,-198,-7,-9,-11,196,1697.679,6781.925,11357.944,3807.6580000000013,-40,-7,50.9,919.7070000000001,2,3,-1235500,-307.307,-420.31899999999996,22.44,1602,7010,10705,,1512.302,7096.232,11727.363,3916.428999999998,47.36,23.82,30.91,9.62,false,false,-2.1,-4.85,ETF短中期同步減碼；ETF 1/3日已轉為減碼
261,2316,楠梓電,TWSE,電子零組件業,暫不承接,降低部位,trim,停止加碼；反彈未站回恢復區時分批減碼,每個交易日收盤後，確認是否站回恢復區,已有部位先停止加碼。反彈若仍未站回 161.80，分批降低部位；只有站回且ETF／外資賣壓收斂後才重新評估。,價格跌破60日EMA且20日趨勢向下；ETF 5/10日同步減碼,50,60.1,66.6,85,100,完整,159,159,74.43,37.52,-11.96,31.91,225.44,6.54,11.11,2,1.26,1,0,-3,-3,-6,-3483,0,350.021,-863.573,-549.6340000000001,-1207.7890000000002,0,-3,-6,-3482.541,0,1,-477000,37.36,10.298999999999996,37.21,488,470,112,,329.086,-897.9329999999998,-553.9329999999999,2315.0190000000007,48.61,36.22,43.01,22.66,false,true,-0.43,-0.31,中期趨勢仍向下；ETF短中期同步減碼；20日趨勢尚未上彎；當下除權息調整價未守20日EMA；借券賣出與借券賣出餘額壓力升高；單季稅前獲利對營業外貢獻依賴偏高
262,6213,聯茂,TWSE,電子零組件業,暫不承接,保護持有,protect,今天不新增部位；未完成確認前不機械式賣出,今天收盤後；若跌破，再看下一交易日是否收復,已有部位暫停加碼；若收盤跌破60日EMA約 409.58，且下一交易日仍未收復，先減碼三分之一；若ETF或外資繼續轉弱，再分批降低部位。,ETF 5/10日同步減碼；外資持股5/10日下降且外資5日賣超,58.3,60,48,85,100,可用,513,516,96.88,34.73,10.99,47.81,173.03,4.39,79.53,8.26,0.58,14,0,-58,-60,-382,365,-201,-2459.709,-1938.6939999999995,-7640.2519999999995,7791.940999999999,26,-941.2,-4567.2,-5041.996,4,1,-482835600,-15.86,-401.125,21.01,-2554,-2006,-3987,,-2514.27,-981.6339999999996,-2671.9269999999997,12410.374,57.33,35.66,50.33,6.32,false,false,2.9,-6.39,ETF短中期同步減碼；20日累積後5日轉為調節；主動ETF 5日轉為減碼；外資持股5/10日下降，且外資5日賣超
263,2610,華航,TWSE,航運業,暫不承接,保護持有,protect,今天不新增部位；未完成確認前不機械式賣出,今天收盤後；若跌破，再看下一交易日是否收復,已有部位暫停加碼；若收盤跌破60日EMA約 20.69，且下一交易日仍未收復，先減碼三分之一；若ETF或外資繼續轉弱，再分批降低部位。,價格跌破60日EMA且20日趨勢向下,58.7,59.8,48.8,85,100,完整,20.45,20.45,25.34,17.43,7.53,73.06,66.84,1.08,9.47,1.26,3.96,17,1277,2128,5299,5930,9200,0,2582.498,18604.056,18078.074,-54423.422999999995,1261,5262,6097.156,9581.891,5,0,107607900,-466.877,-662.315,15.25,1835,11387,9013,,1101.916,13808.932999999997,12643.232999999997,-62722.00200000001,46.3,42.71,45.81,36.51,false,false,-0.6,0.99,中期趨勢仍向下；20日趨勢尚未上彎；當下除權息調整價未守20日EMA
264,3019,亞光,TWSE,光電業,暫不承接,保護持有,protect,今天不新增部位；未完成確認前不機械式賣出,今天收盤後；若跌破，再看下一交易日是否收復,已有部位暫停加碼；若收盤跌破60日EMA約 139.46，且下一交易日仍未收復，先減碼三分之一；若ETF或外資繼續轉弱，再分批降低部位。,未觸發明確減碼訊號,62.5,59.6,55.3,85,100,完整,142,143,14.81,15.48,9.05,40.75,215.07,2.98,23.95,2.67,3.24,2,0,0,0,1,0,0,-2108.673,-726.4009999999997,1945.78,4176.38,0,0,1,-0.589,0,0,0,-396.09400000000005,-133.83300000000003,9.38,-1558,245,3392,,-2050.116,-330.30699999999956,2078.6130000000007,3890.2470000000003,52.47,49.01,57.09,32.86,false,true,1.28,-0.7,
265,1215,卜蜂,TWSE,食品工業,暫不承接,保護持有,protect,今天不新增部位；未完成確認前不機械式賣出,今天收盤後；若跌破，再看下一交易日是否收復,已有部位暫停加碼；若收盤跌破60日EMA約 112.93，且下一交易日仍未收復，先減碼三分之一；若ETF或外資繼續轉弱，再分批降低部位。,未觸發明確減碼訊號,59.3,59.5,46.5,85,100,完整,111,111,8.05,5.17,9.26,65.34,86.75,3.24,12.79,2.99,6.31,3,0,0,0,0,-1,0,100.777,306.601,304.26700000000005,-89.3649999999999,-1,-3,5,112.566,0,2,-333000,42.782000000000004,49.044,37.08,90,207,-292,,85.698,266.81899999999996,250.22299999999998,-275.88200000000006,57.25,71.05,55.37,102.41,true,false,1.66,3.26,
266,3005,神基,TWSE,電腦及週邊設備業,暫不承接,保護持有,protect,今天不新增部位；未完成確認前不機械式賣出,今天收盤後；若跌破，再看下一交易日是否收復,已有部位暫停加碼；若收盤跌破60日EMA約 112.60，且下一交易日仍未收復，先減碼三分之一；若ETF或外資繼續轉弱，再分批降低部位。,ETF 5/10日同步減碼,50.8,59.5,64.8,85,100,完整,113,114,16.14,8.73,15.34,44.17,195.75,4.27,13.42,2.77,6.01,13,47,-9,-163,-306,-679,-68,-759.873,-799.4490000000001,199.79499999999996,2186.503,52.159,-17.26400000000001,-51.88800000000001,-104.06500000000001,2,3,-1950832,-151.772,-266.627,14.84,-566,-18,1761,,-809.566,-630.4130000000001,518.31,2831.7980000000002,45.17,28.8,35.93,14.55,false,true,-2,-3.42,ETF短中期同步減碼；主動ETF 5日轉為減碼；當下除權息調整價未守20日EMA
267,5347,世界,TPEX,半導體業,暫不承接,保護持有,protect,今天不新增部位；未完成確認前不機械式賣出,今天收盤後；若跌破，再看下一交易日是否收復,已有部位暫停加碼；若收盤跌破60日EMA約 158.13，且下一交易日仍未收復，先減碼三分之一；若ETF或外資繼續轉弱，再分批降低部位。,價格跌破60日EMA且20日趨勢向下,60.4,59.3,46.2,85,100,可用,156,155,30.25,15.48,18.63,57.61,134.59,2.84,33.77,4.65,2.87,22,-285,-200,91,1210,2119,-266,4911.171,4911.171,4911.171,4911.171,1550.078,1550.078,1550.078,1550.078,1,0,241812168,161.036,161.036,30.67,,,,,3200.057,3200.057,3200.057,3200.057,51.38,46.01,36.68,64.68,true,true,1.77,2.97,中期趨勢仍向下；ETF 1/3日已轉為減碼；主動ETF 5日轉為減碼；外資持股趨勢資料不足或期間有非市場異動；20日趨勢尚未上彎
268,6438,迅得,TWSE,其他電子業,暫不承接,保護持有,protect,今天不新增部位；未完成確認前不機械式賣出,今天收盤後；若跌破，再看下一交易日是否收復,已有部位暫停加碼；若收盤跌破60日EMA約 150.48，且下一交易日仍未收復，先減碼三分之一；若ETF或外資繼續轉弱，再分批降低部位。,未觸發明確減碼訊號,61.2,59.3,55.6,85,100,完整,155.5,156,5.38,10.93,11.24,42.36,182.26,3.79,26.95,2.01,3.22,1,0,0,0,0,-137,0,97.163,781.639,1246.56,1547.7759999999998,0,0,0,-137,0,0,0,31.761,41.519,7.26,121,340,580,,107.692,749.8779999999999,1205.0409999999997,1688.2289999999996,58.01,59.05,63.3,50.54,false,true,3.66,4.71,
269,6449,鈺邦,TWSE,電子零組件業,暫不承接,保護持有,protect,今天不新增部位；未完成確認前不機械式賣出,今天收盤後；若跌破，再看下一交易日是否收復,已有部位暫停加碼；若收盤跌破60日EMA約 252.12，且下一交易日仍未收復，先減碼三分之一；若ETF或外資繼續轉弱，再分批降低部位。,價格跌破60日EMA且20日趨勢向下,51.1,58.8,57.2,85,100,可用,231.5,236,34.78,24.24,17.33,39.73,114.61,4.42,25.78,3.04,1.81,1,0,0,0,0,0,0,-578.181,-433.116,-2168.673,-3078.915,-500,-500,-500,-500,0,1,-115750000,-7.456999999999999,7.507999999999999,4.35,-88,124,-1288,,-52.292,74.34099999999991,-1676.181,-2579.327,48.47,58.95,56.25,64.37,true,true,0.22,-0.22,中期趨勢仍向下；外資持股趨勢資料不足或期間有非市場異動；20日趨勢尚未上彎
270,1785,光洋科,TPEX,其他電子業,暫不承接,保護持有,protect,今天不新增部位；未完成確認前不機械式賣出,今天收盤後；若跌破，再看下一交易日是否收復,已有部位暫停加碼；若收盤跌破60日EMA約 113.60，且下一交易日仍未收復，先減碼三分之一；若ETF或外資繼續轉弱，再分批降低部位。,價格跌破60日EMA且20日趨勢向下,51.1,58.7,55.2,85,100,可用,102,104,46.43,68.68,10.31,57.48,172.98,3.66,15.25,3.75,1.96,3,-1,-1,0,-3,-4397,0,343.965,343.965,343.965,343.965,-0.61,-0.61,-0.61,-0.61,0,1,-62220,-0.32,-0.32,19.57,,,,,344.895,344.895,344.895,344.895,42.92,41.15,41.82,39.81,false,true,-1.94,-0.97,中期趨勢仍向下；ETF 1/3日已轉為減碼；外資持股趨勢資料不足或期間有非市場異動；20日趨勢尚未上彎；當下除權息調整價未守20日EMA
271,2324,仁寶,TWSE,電腦及週邊設備業,暫不承接,保護持有,protect,今天不新增部位；未完成確認前不機械式賣出,今天收盤後；若跌破，再看下一交易日是否收復,已有部位暫停加碼；若收盤跌破60日EMA約 37.66，且下一交易日仍未收復，先減碼三分之一；若ETF或外資繼續轉弱，再分批降低部位。,ETF 5/10日同步減碼；投信5/10日持續且具金額意義地賣超,54.9,58.6,43.2,85,100,可用,40.05,40.05,38.26,18.82,1.25,70.57,122.78,1.18,20.13,1.23,2.75,11,-73,-1175,-2351,-3234,-5775,-1503,-53617.398,-19628.883999999995,-47759.70199999999,81177.05500000001,-50.968,-1353.879,-909.2749999999999,77.82700000000014,0,5,-54222854,-158.40200000000002,-2579.19,37.74,-51883,-31851,-63464,,-51963.88,-18116.602999999996,-44271.237,75271.30399999999,53.1,44.54,41.92,49.79,true,false,1.2,-0.74,ETF短中期同步減碼；ETF 1/3日已轉為減碼；主動ETF 5日轉為減碼；投信5/10日持續且具金額意義的賣超；外資持股趨勢資料不足或期間有非市場異動
272,3030,德律,TWSE,其他電子業,暫不承接,降低部位,trim,停止加碼；反彈未站回恢復區時分批減碼,每個交易日收盤後，確認是否站回恢復區,已有部位先停止加碼。反彈若仍未站回 300.55，分批降低部位；只有站回且ETF／外資賣壓收斂後才重新評估。,價格跌破60日EMA且20日趨勢向下；ETF 5/10日同步減碼；外資持股5/10日下降且外資5日賣超,46.3,58.6,70.1,85,100,完整,282,288,38.19,26.75,38.59,34.3,215.96,7.36,21.36,6.84,2.48,6,0,-1,-2,-4,-9,0,-22.234,-1677.667,-1533.2759999999998,-899.0059999999999,-1,-5,-7.4,-25.232,0,4,-1410000,-63.78200000000001,-56.149,9.67,-68,-1582,-1700,,0,-1608.8849999999998,-1469.7269999999999,-649.392,44.09,37.61,48.48,15.87,false,true,-2.81,-2.93,中期趨勢仍向下；ETF短中期同步減碼；外資持股5/10日下降，且外資5日賣超；20日趨勢尚未上彎；當下除權息調整價未守20日EMA
273,6191,精成科,TWSE,電子零組件業,暫不承接,保護持有,protect,今天不新增部位；未完成確認前不機械式賣出,今天收盤後；若跌破，再看下一交易日是否收復,已有部位暫停加碼；若收盤跌破60日EMA約 88.51，且下一交易日仍未收復，先減碼三分之一；若ETF或外資繼續轉弱，再分批降低部位。,價格跌破60日EMA且20日趨勢向下,52.8,58.6,56.6,85,100,可用,82.8,83.6,18.97,28.12,7.6,49.82,126.43,2.32,14.43,1.12,3.14,6,0,20,190,204,694,0,184.825,52.914,1002.359,479.8759999999999,30,217,232,716.906,5,0,17967600,-23.256999999999998,-40.53999999999999,4.12,277,33,1334,,148.13,-140.82900000000004,810.899,-96.36399999999998,44.02,46.67,50.32,39.38,false,true,-1.19,-1.08,中期趨勢仍向下；20日趨勢尚未上彎；當下除權息調整價未守20日EMA
274,6414,樺漢,TWSE,電腦及週邊設備業,暫不承接,降低部位,trim,停止加碼；反彈未站回恢復區時分批減碼,每個交易日收盤後，確認是否站回恢復區,已有部位先停止加碼。反彈若仍未站回 402.74，分批降低部位；只有站回且ETF／外資賣壓收斂後才重新評估。,價格跌破60日EMA且20日趨勢向下；外資持股5/10日下降且外資5日賣超,51.2,58.6,51.5,85,100,完整,389.5,383,55.07,27.54,5.47,64.66,128.3,12.31,16.18,2.06,3.54,9,7,8,6,4,3,0,-458.675,-402.78700000000003,-1015.3249999999998,-4839.474,7,6,4,-4.874,2,2,2337000,6.561999999999999,2.101,45.02,-414,-329,-921,,-439.239,-415.34900000000005,-1021.4259999999999,-4377.367,43.58,40.1,33.21,53.89,true,true,-3.29,0,中期趨勢仍向下；外資持股5/10日下降，且外資5日賣超；20日趨勢尚未上彎；當下除權息調整價未守20日EMA
275,6679,鈺太,TPEX,半導體業,暫不承接,保護持有,protect,今天不新增部位；未完成確認前不機械式賣出,今天收盤後；若跌破，再看下一交易日是否收復,已有部位暫停加碼；若收盤跌破60日EMA約 226.07，且下一交易日仍未收復，先減碼三分之一；若ETF或外資繼續轉弱，再分批降低部位。,價格跌破60日EMA且20日趨勢向下,48.2,58.6,79.3,85,100,可用,207,213.5,8.73,7.32,24.37,6.41,1081.33,6.34,16.77,1.87,3.14,1,0,0,0,0,0,0,-240.697,-240.697,-240.697,-240.697,0,0,0,0,0,0,0,-10.699,-10.699,10.19,,,,,-229.998,-229.998,-229.998,-229.998,47.45,55,55.46,54.08,false,true,0.1,3.24,中期趨勢仍向下；外資持股趨勢資料不足或期間有非市場異動；20日趨勢尚未上彎
276,6166,凌華,TWSE,電腦及週邊設備業,暫不承接,降低部位,trim,停止加碼；反彈未站回恢復區時分批減碼,每個交易日收盤後，確認是否站回恢復區,已有部位先停止加碼。反彈若仍未站回 124.32，分批降低部位；只有站回且ETF／外資賣壓收斂後才重新評估。,價格跌破60日EMA且20日趨勢向下；外資持股5/10日下降且外資5日賣超,52.6,58.5,50.1,85,100,完整,116,121,38.15,40.63,11.38,62.79,137.33,3.12,22.14,4.1,1.03,2,0,0,0,1,2,0,-1490.16,-2408.3680000000004,-3237.1820000000007,-5623.333000000001,0,0,1,1.5030000000000001,0,0,0,4.91,27.597,19.26,-1392,-2309,-3140,,-1490.965,-2413.2780000000002,-3265.779,-5587.061,42.64,40.55,33.36,54.93,false,false,-4.61,0.43,中期趨勢仍向下；外資持股5/10日下降，且外資5日賣超；20日趨勢尚未上彎；當下除權息調整價未守20日EMA
277,8016,矽創,TWSE,半導體業,暫不承接,保護持有,protect,今天不新增部位；未完成確認前不機械式賣出,今天收盤後；若跌破，再看下一交易日是否收復,已有部位暫停加碼；若收盤跌破60日EMA約 293.32，且下一交易日仍未收復，先減碼三分之一；若ETF或外資繼續轉弱，再分批降低部位。,價格跌破60日EMA且20日趨勢向下,51.4,58.4,66.6,85,100,完整,291.5,283.5,34.48,29.75,14.18,31.5,231.35,12.28,14.57,2.59,3.95,11,-1,-4,5,-21,-2474,0,-46.755,186.05399999999997,-194.476,-230.48300000000006,-1,5.021000000000001,-20.773,-2473.514,1,4,1463622,-10.458,-13.866000000000001,46.39,-43,52,-198,,-45.959,191.49099999999999,-159.837,2350.3159999999993,47.02,30.07,36.24,17.73,false,true,-1.25,0.87,中期趨勢仍向下；ETF 1/3日已轉為減碼；20日趨勢尚未上彎；當下除權息調整價未守20日EMA
278,3014,聯陽,TWSE,半導體業,暫不承接,降低部位,trim,停止加碼；反彈未站回恢復區時分批減碼,每個交易日收盤後，確認是否站回恢復區,已有部位先停止加碼。反彈若仍未站回 134.18，分批降低部位；只有站回且ETF／外資賣壓收斂後才重新評估。,價格跌破60日EMA且20日趨勢向下；外資持股5/10日下降且外資5日賣超,53.2,58.2,66.5,85,100,可用,132,133.5,8.76,-0.58,28.48,33.51,218.05,5.88,13.33,2.98,6.44,11,21,53,39,27,345,0,-107.858,-676.4669999999999,-762.4710000000001,-664.4200000000001,21.061,39.904,28.860000000000003,346.743,4,1,5267328,-35.384,-27.319,18.9,-118,-619,-624,,-130.443,-680.9869999999999,-764.012,-960.513,50.23,65.42,58.33,79.61,false,false,0.48,2.72,累計營收負成長且當月改善不足；中期趨勢仍向下；外資持股5/10日下降，且外資5日賣超；20日趨勢尚未上彎
279,2312,金寶,TWSE,其他電子業,暫不承接,保護持有,protect,今天不新增部位；未完成確認前不機械式賣出,今天收盤後；若跌破，再看下一交易日是否收復,已有部位暫停加碼；若收盤跌破60日EMA約 32.24，且下一交易日仍未收復，先減碼三分之一；若ETF或外資繼續轉弱，再分批降低部位。,未觸發明確減碼訊號,65.8,58.1,36.5,85,100,完整,32.3,32.3,49.23,1.22,2.82,73.25,123.94,0.7,27.14,2,1.86,4,20,25,26,32,25,0,-4763.675,3740.4649999999992,8056.586999999998,13708.996999999998,20,26,32,24.731,3,0,839800,-80.67699999999991,-563.338,9.21,-4223,2627,5246,,-4528.136,3795.1419999999994,8587.925,15409.382,50.07,55.02,55.22,54.63,false,true,0.14,-0.15,
280,2345,智邦,TWSE,通信網路業,暫不承接,降低部位,trim,停止加碼；反彈未站回恢復區時分批減碼,每個交易日收盤後，確認是否站回恢復區,"已有部位先停止加碼。反彈若仍未站回 2,206.38，分批降低部位；只有站回且ETF／外資賣壓收斂後才重新評估。",價格跌破60日EMA且20日趨勢向下；ETF 5/10日同步減碼；外資持股5/10日下降且外資5日賣超,52.3,58,46.6,85,100,可用,2100,2175,71.69,62.36,14.72,65.32,142.45,34.7,32.99,17,0.71,47,-30,-200,-477,-698,-1333,-346,16.608,-1532.323,-4053.3230000000003,-7689.780000000001,32.13,-1168.853,-2960.8639999999996,-4859.3589999999995,1,4,-2454591300,76.142,86.63699999999999,56.9,18,-213,-891,,13.602,-439.6119999999999,-1179.096,-3077.586,46.37,53.13,49.94,59.5,false,false,-1.69,3.19,中期趨勢仍向下；ETF短中期同步減碼；ETF 1/3日已轉為減碼；主動ETF 5日轉為減碼；投信5/10日持續且具金額意義的賣超；外資持股5/10日下降，且外資5日賣超；20日趨勢尚未上彎
281,4904,遠傳,TWSE,通信網路業,暫不承接,保護持有,protect,今天不新增部位；未完成確認前不機械式賣出,今天收盤後；若跌破，再看下一交易日是否收復,已有部位暫停加碼；若收盤跌破60日EMA約 101.55，且下一交易日仍未收復，先減碼三分之一；若ETF或外資繼續轉弱，再分批降低部位。,ETF 5/10日同步減碼,57.6,57.8,50.7,85,100,可用,102,101,14.87,10.79,17.57,51.58,74.42,2.14,24.82,4.27,3.74,33,-88,-780,-1568,-4199,-4950,-472,-1006.805,4694.98,6341.592,15961.734999999997,23.885,-278.41400000000004,-2422.563,-1457.624,3,2,-28398228,-359.884,-978.313,20.01,-1052,4681,9495,,-1035.06,5333.278,9742.468,18465.342,50.06,72.54,72.88,71.85,false,true,0,0.99,ETF短中期同步減碼；ETF 1/3日已轉為減碼；主動ETF 5日轉為減碼；當下除權息調整價未守20日EMA
282,8464,億豐,TWSE,居家生活,暫不承接,降低部位,trim,停止加碼；反彈未站回恢復區時分批減碼,每個交易日收盤後，確認是否站回恢復區,已有部位先停止加碼。反彈若仍未站回 370.66，分批降低部位；只有站回且ETF／外資賣壓收斂後才重新評估。,價格跌破60日EMA且20日趨勢向下；外資持股5/10日下降且外資5日賣超,52.9,57.8,66.7,85,100,完整,361,361.75,16.43,3.86,27.66,25.49,384.65,10.37,15.77,3.67,4.43,11,0,3,188,273,348,0,-86.88,-115.01299999999999,228.846,447.129,-1,185,264.714,365.47999999999996,3,1,66785000,4.759,5.603000000000001,40.52,-85,-462,-176,,-90.03,-304.77200000000005,-41.47100000000003,82.93,43.53,48.37,58.92,27.26,false,true,-2.61,-3.48,中期趨勢仍向下；外資持股5/10日下降，且外資5日賣超；20日趨勢尚未上彎；當下除權息調整價未守20日EMA
283,2886,兆豐金,TWSE,金融保險業,暫不承接,保護持有,protect,今天不新增部位；未完成確認前不機械式賣出,今天收盤後；若跌破，再看下一交易日是否收復,已有部位暫停加碼；若收盤跌破60日EMA約 47.11，且下一交易日仍未收復，先減碼三分之一；若ETF或外資繼續轉弱，再分批降低部位。,ETF 5/10日同步減碼,65.6,57.7,49.5,85,100,可用,50.2,48.45,4.11,16.72,,92.31,,1.44,19.53,1.85,3.49,35,344,-320,-440,-6853,26982,-4738,7824.594,81013.687,149020.273,270249.46099999995,1207.84,5938.794,720.4830000000004,41643.623,3,2,298127459,-1488.1440000000002,-3305.1270000000004,20.51,6824,75032,156382,,6344.973,76563.037,151604.91699999996,246807.34499999997,60.03,81.05,75.51,92.13,false,false,3.54,3.4,ETF短中期同步減碼；20日累積後5日轉為調節；主動ETF 5日轉為減碼；20日趨勢尚未上彎；當下除權息調整價未守20日EMA
284,6155,鈞寶,TWSE,電子零組件業,暫不承接,保護持有,protect,今天不新增部位；未完成確認前不機械式賣出,今天收盤後；若跌破，再看下一交易日是否收復,已有部位暫停加碼；若收盤跌破60日EMA約 60.50，且下一交易日仍未收復，先減碼三分之一；若ETF或外資繼續轉弱，再分批降低部位。,ETF 5/10日同步減碼,57.3,57.7,55.1,85,100,完整,58.2,59.3,22.68,20.21,8.88,31.23,167.27,0.82,32.33,3.14,1.37,1,0,-1,-1,-3,-5,0,397.083,391.993,357.872,-1911.7870000000003,0,-1,-3,-5,0,1,-58200,6,1,7.76,400,417,371,,396.083,386.993,359.872,-1915.9819999999995,50.5,33.92,31.17,39.44,true,false,1.66,1.93,ETF短中期同步減碼；單季稅前獲利對營業外貢獻依賴偏高
285,2351,順德,TWSE,半導體業,暫不承接,保護持有,protect,今天不新增部位；未完成確認前不機械式賣出,今天收盤後；若跌破，再看下一交易日是否收復,已有部位暫停加碼；若收盤跌破60日EMA約 189.96，且下一交易日仍未收復，先減碼三分之一；若ETF或外資繼續轉弱，再分批降低部位。,未觸發明確減碼訊號,64.4,57.6,42.1,85,100,完整,233.5,234.5,54,28.51,10.82,41.64,196.42,2.82,59.72,5.53,0.44,3,0,67,123,124,-2229,123,-1072.157,-1110.279,4635.213999999999,3996.383999999999,0,583,906,-743,4,0,136130500,45.46700000000001,148.376,23.55,-957,-1685,3905,,-1126.315,-1738.746,3580.8379999999997,4539.139,65.53,75.57,78.26,70.19,false,false,11.26,0.43,
286,4551,智伸科,TWSE,汽車工業,暫不承接,降低部位,trim,停止加碼；反彈未站回恢復區時分批減碼,每個交易日收盤後，確認是否站回恢復區,已有部位先停止加碼。反彈若仍未站回 172.05，分批降低部位；只有站回且ETF／外資賣壓收斂後才重新評估。,價格跌破60日EMA且20日趨勢向下；ETF 5/10日同步減碼；外資持股5/10日下降且外資5日賣超,50.5,57.6,59.4,85,100,完整,167.5,168,23.12,19.4,14.4,37.61,221.94,4.77,17.58,2.09,2.51,2,0,-1,-1,-3,-90,0,-846.98,-1362.527,-1681.2030000000002,-3493.2909999999997,-54,-155,163,1047,1,3,-25962500,-72.424,-45.935,54.68,-757,-1168,-1816,,-790.639,-1135.1029999999998,-1798.268,-4636.312,49.67,69.82,62.25,84.97,false,false,0.88,5.02,中期趨勢仍向下；ETF短中期同步減碼；投信20日買超後近5日轉賣；外資持股5/10日下降，且外資5日賣超；20日趨勢尚未上彎
287,4749,新應材,TPEX,半導體業,暫不承接,保護持有,protect,今天不新增部位；未完成確認前不機械式賣出,今天收盤後；若跌破，再看下一交易日是否收復,已有部位暫停加碼；若收盤跌破60日EMA約 823.78，且下一交易日仍未收復，先減碼三分之一；若ETF或外資繼續轉弱，再分批降低部位。,價格跌破60日EMA且20日趨勢向下,61,57.6,58.5,85,100,可用,787,798,22.53,18.07,25.14,28.91,445.09,6.94,61.06,7.06,1.02,6,0,-3,7,5,5,0,-106.455,-106.455,-106.455,-106.455,0,0,0,0,0,0,0,19.714,19.714,12.78,,,,,-126.169,-126.169,-126.169,-126.169,50.58,54.69,57.08,49.91,false,true,1.01,2.34,中期趨勢仍向下；外資持股趨勢資料不足或期間有非市場異動；20日趨勢尚未上彎
288,1504,東元,TWSE,電機機械,暫不承接,保護持有,protect,今天不新增部位；未完成確認前不機械式賣出,今天收盤後；若跌破，再看下一交易日是否收復,已有部位暫停加碼；若收盤跌破60日EMA約 69.73，且下一交易日仍未收復，先減碼三分之一；若ETF或外資繼續轉弱，再分批降低部位。,ETF 5/10日同步減碼,59.3,57.3,55.2,85,100,完整,71.7,73,13.81,7.05,9.49,33.82,217.56,1.63,25.98,1.75,2.79,11,73,-300,-179,-165,3320,-569,-527.942,266.4449999999997,2502.97,25430.856000000003,66,-356,-340.663,3088.877,3,2,-25525200,-583.789,-387.326,7.36,-1040,-881,-1571,,-589.85,1206.2340000000004,3230.9590000000003,22121.060999999998,53.76,38.83,45.11,26.26,false,false,0.81,-1.1,ETF短中期同步減碼；20日累積後5日轉為調節；主動ETF 5日轉為減碼
289,8081,致新,TWSE,半導體業,暫不承接,保護持有,protect,今天不新增部位；未完成確認前不機械式賣出,今天收盤後；若跌破，再看下一交易日是否收復,已有部位暫停加碼；若收盤跌破60日EMA約 262.76，且下一交易日仍未收復，先減碼三分之一；若ETF或外資繼續轉弱，再分批降低部位。,價格跌破60日EMA且20日趨勢向下,53.3,57.1,66.8,85,100,可用,253,262,10.01,0.37,18.9,29.31,258.31,9.13,13.76,2.67,6.32,11,-1,-1,46,43,288,0,13.684,79.97400000000002,111.97599999999997,512.7829999999999,-1,46,43.4,288.5,1,2,11638000,-29.151000000000003,-35.669,18.71,5,203,364,,14.129,63.125,104.24499999999998,383.139,45.07,33.7,44.99,11.14,false,true,-1.64,-0.98,中期趨勢仍向下；ETF 1/3日已轉為減碼；20日趨勢尚未上彎
290,3529,力旺,TPEX,半導體業,暫不承接,保護持有,protect,今天不新增部位；未完成確認前不機械式賣出,今天收盤後；若跌破，再看下一交易日是否收復,"已有部位暫停加碼；若收盤跌破60日EMA約 2,630.15，且下一交易日仍未收復，先減碼三分之一；若ETF或外資繼續轉弱，再分批降低部位。",ETF 5/10日同步減碼,53.6,56.9,51.4,85,100,可用,2570,2780,23.77,19.72,60.64,43.12,194.99,15.75,86.21,55.03,0.8,13,0,-1,-51,-157,-304,-54,-84.016,-84.016,-84.016,-84.016,602.948,602.948,602.948,602.948,1,0,1549576360,93.498,93.498,63.2,,,,,-780.462,-780.462,-780.462,-780.462,53.06,57.99,53.71,66.55,true,true,4.81,7.08,中期趨勢仍向下；ETF短中期同步減碼；主動ETF 5日轉為減碼；外資持股趨勢資料不足或期間有非市場異動；20日趨勢尚未上彎；短線過熱或乖離過大；估值高且成長不足以支撐
291,3533,嘉澤,TWSE,電子零組件業,暫不承接,降低部位,trim,停止加碼；反彈未站回恢復區時分批減碼,每個交易日收盤後，確認是否站回恢復區,"已有部位先停止加碼。反彈若仍未站回 1,895.11，分批降低部位；只有站回且ETF／外資賣壓收斂後才重新評估。",價格跌破60日EMA且20日趨勢向下；ETF 5/10日同步減碼；投信5/10日持續且具金額意義地賣超,51.4,56.9,70.7,85,100,完整,1695,1700,18.6,17.44,25.46,25.84,276.95,39.04,20.67,4.65,2.06,20,-1,-38,-68,-346,-1196,-72,17.358,122.19099999999997,-1252.866,-7665.147000000001,0.989,-67.372,-758.856,-1910.804,1,4,-114195540,-46.464000000000006,30.800999999999995,44.65,-38,108,-554,,13.167,236.027,-524.8109999999999,-5934.687000000001,44.42,60.36,60.18,60.72,false,false,-1.62,0.3,中期趨勢仍向下；ETF短中期同步減碼；ETF 1/3日已轉為減碼；主動ETF 5日轉為減碼；投信5/10日持續且具金額意義的賣超；20日趨勢尚未上彎；當下除權息調整價未守20日EMA
292,5285,界霖,TWSE,半導體業,暫不承接,保護持有,protect,今天不新增部位；未完成確認前不機械式賣出,今天收盤後；若跌破，再看下一交易日是否收復,已有部位暫停加碼；若收盤跌破60日EMA約 81.28，且下一交易日仍未收復，先減碼三分之一；若ETF或外資繼續轉弱，再分批降低部位。,未觸發明確減碼訊號,58.1,56.9,50.2,85,100,完整,87.7,88.55,27.24,13.48,9.77,45.73,333.32,2.01,28.38,2.9,1.71,1,0,0,0,0,0,0,-99.508,112.46599999999998,-53.05900000000004,-147.34199999999998,0,0,0,0,0,0,0,103.163,130.507,7.66,-117,-79,-333,,-102.641,9.303000000000054,-183.56599999999992,-340.21799999999985,59.52,77.79,74.99,83.38,false,false,6.32,8.27,
293,2727,王品,TWSE,觀光餐旅,暫不承接,保護持有,protect,今天不新增部位；未完成確認前不機械式賣出,今天收盤後；若跌破，再看下一交易日是否收復,已有部位暫停加碼；若收盤跌破60日EMA約 233.58，且下一交易日仍未收復，先減碼三分之一；若ETF或外資繼續轉弱，再分批降低部位。,ETF 5/10日同步減碼,43.4,56.7,50.8,85,100,完整,230,230.5,15.19,12.51,8.04,74.84,104.61,9.86,12.78,4.48,7.01,2,0,0,-80,-261,-326,-80,-171.86,-213.38,-264.769,-151.46699999999998,0,-81,-262,-328,0,2,-18630000,-65.75999999999999,-70.24699999999999,32.98,-153,-108,19,,-154,-66.62000000000002,67.47799999999998,245.81699999999995,44.53,24.3,32.27,8.37,false,false,-1.33,-2.34,ETF短中期同步減碼；主動ETF 5日轉為減碼；當下除權息調整價未守20日EMA
294,2880,華南金,TWSE,金融保險業,暫不承接,保護持有,protect,今天不新增部位；未完成確認前不機械式賣出,今天收盤後；若跌破，再看下一交易日是否收復,已有部位暫停加碼；若收盤跌破60日EMA約 39.71，且下一交易日仍未收復，先減碼三分之一；若ETF或外資繼續轉弱，再分批降低部位。,ETF 5/10日同步減碼；投信5/10日持續且具金額意義地賣超,58.2,56.7,50.7,85,100,可用,44.35,44.55,6.47,30.37,,94.68,,1.24,19.2,2.55,3.27,25,-569,-6311,-15213,-22880,5522,-4912,3543.606,25335.874,54411.052,65780.421,0,-9077.743,-14431.226999999999,22272.297,0,4,-402597902,-2457.1059999999998,-5947.162,14.42,3299,32608,73983,,3458.094,36870.723,74789.44100000002,65493.41500000001,69.97,92.16,83.93,108.6,false,false,6.76,7.26,ETF短中期同步減碼；20日累積後5日轉為調節；ETF 1/3日已轉為減碼；主動ETF 5日轉為減碼；投信5/10日持續且具金額意義的賣超；外資持股趨勢資料不足或期間有非市場異動；20日趨勢尚未上彎
295,6944,兆聯實業,TWSE,綠能環保,暫不承接,降低部位,trim,停止加碼；反彈未站回恢復區時分批減碼,每個交易日收盤後，確認是否站回恢復區,已有部位先停止加碼。反彈若仍未站回 731.46，分批降低部位；只有站回且ETF／外資賣壓收斂後才重新評估。,價格跌破60日EMA且20日趨勢向下；ETF 5/10日同步減碼；投信5/10日持續且具金額意義地賣超,49.8,56.5,55.1,85,100,可用,719,725.5,29.31,41.94,23.2,53.56,163.33,16.5,17.86,6.51,2.78,3,0,-71,-156,-157,-158,-157,176.211,-223.85699999999997,-386.58299999999997,-857.9470000000002,0,-174,-169,-170.70700000000002,1,3,-125106000,21.668999999999997,30.045999999999996,14.71,198,40,-56,,161.473,-71.52600000000001,-247.62899999999996,-734.2869999999998,47.79,36.75,29.1,52.04,true,true,-0.39,0.28,中期趨勢仍向下；ETF短中期同步減碼；主動ETF 5日轉為減碼；投信5/10日持續且具金額意義的賣超；外資持股趨勢資料不足或期間有非市場異動；20日趨勢尚未上彎
296,8131,福懋科,TWSE,半導體業,暫不承接,降低部位,trim,停止加碼；反彈未站回恢復區時分批減碼,每個交易日收盤後，確認是否站回恢復區,已有部位先停止加碼。反彈若仍未站回 65.16，分批降低部位；只有站回且ETF／外資賣壓收斂後才重新評估。,價格跌破60日EMA且20日趨勢向下；外資持股5/10日下降且外資5日賣超,48.2,56.5,66,85,100,完整,61.9,62.2,28.83,38.9,15.72,21.17,277.62,1.93,17.94,1.78,1.62,3,0,0,0,2,-4,0,239.632,-463.067,-457.60399999999987,-531.419,0,0,2,-3.5999999999999996,0,0,0,-1.9510000000000014,-24.698999999999998,3.92,183,-795,-702,,225.026,-461.116,-434.905,-272.6979999999999,46,41.67,46.8,31.39,false,true,-1.47,-2.83,中期趨勢仍向下；外資持股5/10日下降，且外資5日賣超；20日趨勢尚未上彎；當下除權息調整價未守20日EMA
297,2472,立隆電,TWSE,電子零組件業,暫不承接,降低部位,trim,停止加碼；反彈未站回恢復區時分批減碼,每個交易日收盤後，確認是否站回恢復區,已有部位先停止加碼。反彈若仍未站回 256.70，分批降低部位；只有站回且ETF／外資賣壓收斂後才重新評估。,價格跌破60日EMA且20日趨勢向下；ETF 5/10日同步減碼；投信5/10日持續且具金額意義地賣超,50.4,56.4,66.7,85,100,完整,226,221.5,36.23,20.85,20.37,26.28,287.97,3.98,23.01,3.9,1.55,5,0,-53,-106,-459,-1991,-106,-589.864,360.13999999999993,-1887.4489999999998,-4940.123,-488,-1089,-1905.5,-3700.095,0,4,-246114000,5.203000000000001,66.95300000000002,11.68,-135,1234,881,,-112.157,1443.937,-48.90200000000024,-1261.6770000000001,44.83,38.63,35.32,45.24,true,false,-1.69,0.89,中期趨勢仍向下；ETF短中期同步減碼；主動ETF 5日轉為減碼；投信5/10日持續且具金額意義的賣超；20日趨勢尚未上彎；當下除權息調整價未守20日EMA
298,3265,台星科,TPEX,半導體業,暫不承接,保護持有,protect,今天不新增部位；未完成確認前不機械式賣出,今天收盤後；若跌破，再看下一交易日是否收復,已有部位暫停加碼；若收盤跌破60日EMA約 169.89，且下一交易日仍未收復，先減碼三分之一；若ETF或外資繼續轉弱，再分批降低部位。,ETF 5/10日同步減碼,51.1,56.4,54.1,85,100,可用,176,173,6.55,18.37,21.9,41.35,203.97,3.85,24.68,3.8,2.33,2,-12,-12,-39,-66,3406,-39,176.474,176.474,176.474,176.474,-12,-12,-12,-12,0,1,-2112000,86.417,86.417,8.86,,,,,102.057,102.057,102.057,102.057,52.99,56.17,60.81,46.89,false,true,1.58,-1.12,ETF短中期同步減碼；20日累積後5日轉為調節；ETF 1/3日已轉為減碼；主動ETF 5日轉為減碼；外資持股趨勢資料不足或期間有非市場異動；當下除權息調整價未守20日EMA
299,6285,啟碁,TWSE,通信網路業,暫不承接,降低部位,trim,停止加碼；反彈未站回恢復區時分批減碼,每個交易日收盤後，確認是否站回恢復區,已有部位先停止加碼。反彈若仍未站回 244.83，分批降低部位；只有站回且ETF／外資賣壓收斂後才重新評估。,價格跌破60日EMA且20日趨勢向下；ETF 5/10日同步減碼；投信5/10日持續且具金額意義地賣超,51.3,56.4,44.5,85,100,可用,239.5,242,89.82,32.02,5,65.98,133.19,5.75,26.23,3.23,1.8,16,3,-550,-1095,-1485,-1444,-224,-858.436,509.4870000000001,1286.089,-2605.074,-39.675,-1034.97,-1341.47,-1130.463,0,5,-247875315,-98.19300000000004,41.03099999999995,23.97,-748,1102,2248,,-780.254,1642.6499999999999,2586.5280000000002,-1151.6929999999993,48.13,48.45,53.39,38.59,false,true,-0.97,-1.84,中期趨勢仍向下；ETF短中期同步減碼；主動ETF 5日轉為減碼；投信5/10日持續且具金額意義的賣超；20日趨勢尚未上彎
300,3413,京鼎,TWSE,半導體業,暫不承接,保護持有,protect,今天不新增部位；未完成確認前不機械式賣出,今天收盤後；若跌破，再看下一交易日是否收復,已有部位暫停加碼；若收盤跌破60日EMA約 305.24，且下一交易日仍未收復，先減碼三分之一；若ETF或外資繼續轉弱，再分批降低部位。,價格跌破60日EMA且20日趨勢向下,48.2,56.3,57.9,85,100,完整,284,286.5,30.07,19.5,12.62,40.54,166.04,8.89,14.14,1.9,3.87,2,0,0,0,1,-1,0,-65.495,-289.278,-2500.639,-5306.521999999999,0,-175,-331,-332.469,0,2,-49700000,12.607000000000001,-45.399,24.1,91,18,-1444,,-69.79,-126.88500000000002,-2124.24,-4748.6449999999995,40.71,40.57,35.34,51.04,false,false,-2.26,1.79,中期趨勢仍向下；20日趨勢尚未上彎；當下除權息調整價未守20日EMA
301,3665,貿聯-KY,TWSE,其他電子業,暫不承接,保護持有,protect,今天不新增部位；未完成確認前不機械式賣出,今天收盤後；若跌破，再看下一交易日是否收復,"已有部位暫停加碼；若收盤跌破60日EMA約 2,127.32，且下一交易日仍未收復，先減碼三分之一；若ETF或外資繼續轉弱，再分批降低部位。",價格跌破60日EMA且20日趨勢向下,53.8,56.2,55.6,85,100,可用,2070,2070,59.59,37.93,16.12,46.24,213.69,26.94,38.01,8.15,0.73,40,-131,-153,85,-64,-1366,20,-621.375,-2260.615,-3025.1,-7734.5189999999975,2.99,879.864,963.751,-1974.992,3,2,1821318480,0.4299999999999997,-135.69,50.65,-198,-2544,-4142,,-615.935,-3140.909,-3853.161,-5797.34,46.61,44.22,48.74,35.17,false,true,-3.73,-4.61,中期趨勢仍向下；ETF 1/3日已轉為減碼；外資持股趨勢資料不足或期間有非市場異動；20日趨勢尚未上彎；當下除權息調整價未守20日EMA
302,6415,矽力*-KY,TWSE,半導體業,暫不承接,降低部位,trim,停止加碼；反彈未站回恢復區時分批減碼,每個交易日收盤後，確認是否站回恢復區,已有部位先停止加碼。反彈若仍未站回 461.11，分批降低部位；只有站回且ETF／外資賣壓收斂後才重新評估。,價格跌破60日EMA且20日趨勢向下；投信5/10日持續且具金額意義地賣超,58.9,56.2,63.5,85,100,可用,418,435,58.55,30.14,10.43,14.57,718.18,6.03,42.44,4.02,0.61,12,-6,-21,62,26,-480,51,-601.575,-532.5419999999999,-2584.0750000000003,-2447.6259999999997,-1,-1046,-1721,-4119.823,0,5,-437228000,43.352000000000004,-24.763000000000005,81.49,-498,426,-376,,-609.264,470.106,-838.3119999999999,1673.3460000000002,42.28,23.6,27.56,15.67,false,false,-4.96,1.33,中期趨勢仍向下；ETF 1/3日已轉為減碼；投信5/10日持續且具金額意義的賣超；20日趨勢尚未上彎；當下除權息調整價未守20日EMA；單季稅前獲利對營業外貢獻依賴偏高
303,8086,宏捷科,TPEX,半導體業,暫不承接,保護持有,protect,今天不新增部位；未完成確認前不機械式賣出,今天收盤後；若跌破，再看下一交易日是否收復,已有部位暫停加碼；若收盤跌破60日EMA約 124.69，且下一交易日仍未收復，先減碼三分之一；若ETF或外資繼續轉弱，再分批降低部位。,價格跌破60日EMA且20日趨勢向下,44.5,56.1,70.2,85,100,可用,112.5,112.5,18.39,39.99,24.75,21.4,324.69,2.93,20.99,2.61,1.49,1,0,0,0,0,1,0,-550.671,-550.671,-550.671,-550.671,0,0,0,0,0,0,0,0.329,0.329,15.61,,,,,-551,-551,-551,-551,43.54,28.9,40.64,5.42,false,true,-3.28,-4.66,中期趨勢仍向下；外資持股趨勢資料不足或期間有非市場異動；20日趨勢尚未上彎；當下除權息調整價未守20日EMA
304,5388,中磊,TWSE,通信網路業,暫不承接,降低部位,trim,停止加碼；反彈未站回恢復區時分批減碼,每個交易日收盤後，確認是否站回恢復區,已有部位先停止加碼。反彈若仍未站回 81.53，分批降低部位；只有站回且ETF／外資賣壓收斂後才重新評估。,價格跌破60日EMA且20日趨勢向下；外資持股5/10日下降且外資5日賣超,43.9,55.5,50.5,85,100,完整,75.3,75.5,51.3,56.86,3.13,72.17,130.23,2.59,16.85,1.39,3.32,3,0,0,0,0,0,0,-485.354,-5452.98,-9875.327,-46184.888,0,0,0,-371.234,0,0,0,-10.555000000000007,-116.59500000000003,12.48,-569,-3876,-7615,,-551,-5442.424999999999,-9758.731999999998,-45874.352,33.93,19.8,18.21,22.97,true,true,-4.25,-2.46,中期趨勢仍向下；外資持股5/10日下降，且外資5日賣超；20日趨勢尚未上彎；當下除權息調整價未守20日EMA
305,8210,勤誠,TWSE,電腦及週邊設備業,暫不承接,降低部位,trim,停止加碼；反彈未站回恢復區時分批減碼,每個交易日收盤後，確認是否站回恢復區,"已有部位先停止加碼。反彈若仍未站回 1,081.37，分批降低部位；只有站回且ETF／外資賣壓收斂後才重新評估。",價格跌破60日EMA且20日趨勢向下；ETF 5/10日同步減碼；投信5/10日持續且具金額意義地賣超,43.4,55.5,55.2,85,100,可用,937,955,41.51,53.4,24.82,56.81,149.43,21.83,24.56,9.42,1.49,14,-243,-253,-275,-318,-450,-275,-1029.604,-624.3230000000001,-784.437,-3149.764,-332,-495,-723,-2950.516,1,4,-463815000,23.772000000000006,35.38700000000001,8.41,-651,-175,-32,,-675.999,-153.09500000000003,-96.82400000000004,-250.954,40.32,34.5,40.14,23.2,false,true,-5.65,-3.3,中期趨勢仍向下；ETF短中期同步減碼；ETF 1/3日已轉為減碼；主動ETF 5日轉為減碼；投信5/10日持續且具金額意義的賣超；外資持股趨勢資料不足或期間有非市場異動；20日趨勢尚未上彎；當下除權息調整價未守20日EMA
306,3293,鈊象,TPEX,文化創意業,暫不承接,降低部位,trim,停止加碼；反彈未站回恢復區時分批減碼,每個交易日收盤後，確認是否站回恢復區,已有部位先停止加碼。反彈若仍未站回 740.01，分批降低部位；只有站回且ETF／外資賣壓收斂後才重新評估。,價格跌破60日EMA且20日趨勢向下；ETF 5/10日同步減碼,50.3,55.3,56.2,85,100,可用,710,714,25.86,17.13,59.05,55.02,152.62,22.77,16.4,13.24,5.07,16,62,95,-3973,-10722,-13823,0,-195.681,-195.681,-195.681,-195.681,62,62,62,62,1,0,44020000,-9.963,-9.963,28.61,,,,,-247.718,-247.718,-247.718,-247.718,42.36,31.34,25.29,43.43,false,false,-2.07,-2.74,中期趨勢仍向下；ETF短中期同步減碼；外資持股趨勢資料不足或期間有非市場異動；20日趨勢尚未上彎；當下除權息調整價未守20日EMA
307,4979,華星光,TPEX,通信網路業,暫不承接,保護持有,protect,今天不新增部位；未完成確認前不機械式賣出,今天收盤後；若跌破，再看下一交易日是否收復,已有部位暫停加碼；若收盤跌破60日EMA約 522.07，且下一交易日仍未收復，先減碼三分之一；若ETF或外資繼續轉弱，再分批降低部位。,ETF 5/10日同步減碼,54.5,55,56.6,85,90,可用,590,610,31.01,17.64,19.62,28.96,353.35,2.91,96.56,18.92,0.36,6,-1260,-1819,-2154,-393,985,-2249,-2900.928,-2900.928,-2900.928,-2900.928,-657,-657,-657,-657,0,1,-387630000,-169.874,-169.874,18,,,,,-2074.054,-2074.054,-2074.054,-2074.054,55.26,52.27,62.06,32.67,true,true,3.61,-3.12,ETF短中期同步減碼；20日累積後5日轉為調節；ETF 1/3日已轉為減碼；主動ETF 5日轉為減碼；外資持股趨勢資料不足或期間有非市場異動
308,8028,昇陽半導體,TWSE,半導體業,暫不承接,降低部位,trim,停止加碼；反彈未站回恢復區時分批減碼,每個交易日收盤後，確認是否站回恢復區,已有部位先停止加碼。反彈若仍未站回 266.27，分批降低部位；只有站回且ETF／外資賣壓收斂後才重新評估。,價格跌破60日EMA且20日趨勢向下；外資持股5/10日下降且外資5日賣超,53.1,54.8,42.4,85,100,完整,249.5,249,36.53,29.62,25.73,56.22,135.92,3.32,44.71,7.47,1.08,3,0,0,0,1,-1108,0,331.08,-1396.296,-1917.048,-6035.423999999999,370,54,-543,-5292.843,1,2,13473000,46.691,22.255000000000003,25.32,-8,-1379,-1365,,-87.61,-1496.987,-1396.303,-707.8279999999997,46.73,50.8,46.74,58.93,true,true,-0.75,3.53,中期趨勢仍向下；外資持股5/10日下降，且外資5日賣超；20日趨勢尚未上彎；當下除權息調整價未守20日EMA
309,2393,億光,TWSE,光電業,暫不承接,保護持有,protect,今天不新增部位；未完成確認前不機械式賣出,今天收盤後；若跌破，再看下一交易日是否收復,已有部位暫停加碼；若收盤跌破60日EMA約 65.50，且下一交易日仍未收復，先減碼三分之一；若ETF或外資繼續轉弱，再分批降低部位。,ETF 5/10日同步減碼；投信5/10日持續且具金額意義地賣超,46.3,54.7,66.8,85,100,可用,63.5,63.75,17.44,5.2,8.54,37.1,195.25,2.14,13.54,1.47,7.09,11,47,-148,-1009,-1034,-1809,-1020,-455.58,107.88400000000004,1514.234,5660.365,46.99,-1009.9060000000001,-1030.246,-1805.632,1,4,-64129031,-15.236000000000004,-695.759,28.48,-480,905,3053,,-508,1133.0259999999998,3240.2389999999996,8074.245999999999,44.18,32.91,50.39,-2.07,false,false,-2.16,-3.93,ETF短中期同步減碼；主動ETF 5日轉為減碼；投信5/10日持續且具金額意義的賣超；當下除權息調整價未守20日EMA
310,3209,全科,TWSE,電子通路業,暫不承接,降低部位,trim,停止加碼；反彈未站回恢復區時分批減碼,每個交易日收盤後，確認是否站回恢復區,已有部位先停止加碼。反彈若仍未站回 52.28，分批降低部位；只有站回且ETF／外資賣壓收斂後才重新評估。,價格跌破60日EMA且20日趨勢向下；外資持股5/10日下降且外資5日賣超,40.6,54.7,55.1,85,100,完整,45.9,46.35,47.9,44.92,2.95,74.58,145.9,3.28,7.66,1.92,5.45,1,0,0,0,0,-1,0,-662.807,-1282.79,-7294.3769999999995,-11048.918999999998,0,0,0,-1,0,0,0,-75.72200000000001,9.271999999999979,12.37,-554,-2780,-8166,,-651,-1207.0679999999998,-7303.648999999999,-11032.353,33.62,23.71,27.27,16.61,false,true,-6.22,0.11,中期趨勢仍向下；外資持股5/10日下降，且外資5日賣超；20日趨勢尚未上彎；當下除權息調整價未守20日EMA
311,3227,原相,TPEX,半導體業,暫不承接,保護持有,protect,今天不新增部位；未完成確認前不機械式賣出,今天收盤後；若跌破，再看下一交易日是否收復,已有部位暫停加碼；若收盤跌破60日EMA約 202.38，且下一交易日仍未收復，先減碼三分之一；若ETF或外資繼續轉弱，再分批降低部位。,價格跌破60日EMA且20日趨勢向下,44.4,54.4,72.9,85,100,可用,190.5,190,23.57,5.4,18.18,22.55,310.76,6.11,16.08,1.91,5.25,9,11,23,31,26,516,0,-383.251,-383.251,-383.251,-383.251,-147,-147,-147,-147,0,1,-28003500,-19.251,-19.251,29.65,,,,,-217,-217,-217,-217,41.12,29.05,39.58,8,false,true,-2.85,-0.78,中期趨勢仍向下；外資持股趨勢資料不足或期間有非市場異動；20日趨勢尚未上彎；當下除權息調整價未守20日EMA
312,1717,長興,TWSE,化學工業,暫不承接,保護持有,protect,今天不新增部位；未完成確認前不機械式賣出,今天收盤後；若跌破，再看下一交易日是否收復,已有部位暫停加碼；若收盤跌破60日EMA約 71.97，且下一交易日仍未收復，先減碼三分之一；若ETF或外資繼續轉弱，再分批降低部位。,ETF 5/10日同步減碼,54.3,54.2,39.4,85,100,可用,73.5,74.5,23.86,10.48,7.03,51.77,173.89,1.09,38.68,2.77,1.36,5,0,-1600,-1299,-998,-414,-1300,-8651.998,-8346.609999999997,25723.473000000005,39683.62600000001,-5.191,-1698.595,3953.4049999999997,4550.102,2,2,-124846732,-2374.103,281.48600000000005,13.11,-7611,-4830,18955,,-8480.191,-4273.912000000002,21488.582,35154.934,50.02,41.22,54.72,14.23,false,true,-1.29,-10.91,ETF短中期同步減碼；主動ETF 5日轉為減碼；外資持股趨勢資料不足或期間有非市場異動
313,2634,漢翔,TWSE,航運業,暫不承接,保護持有,protect,今天不新增部位；未完成確認前不機械式賣出,今天收盤後；若跌破，再看下一交易日是否收復,已有部位暫停加碼；若收盤跌破60日EMA約 62.01，且下一交易日仍未收復，先減碼三分之一；若ETF或外資繼續轉弱，再分批降低部位。,ETF 5/10日同步減碼；外資持股5/10日下降且外資5日賣超,57.9,54.1,38.2,85,97,可用,66.3,67.9,19.99,8.92,9.96,63.19,151.33,1.3,32.03,3.4,1.18,3,0,-13,-13,-35,-70,0,-319.43,-6270.144,-29176.012,-2978.993000000005,-4,-22,-43,-87.02,1,3,-1458600,321.55199999999996,-940.3749999999998,3.64,-933,-774,-22677,,-1179.455,-6569.696,-28192.637000000002,-2953.538000000006,51.06,14.13,17.16,8.08,false,false,-0.21,-0.9,ETF短中期同步減碼；外資持股5/10日下降，且外資5日賣超；借券賣出與借券賣出餘額壓力升高
314,3033,威健,TWSE,電子通路業,暫不承接,降低部位,trim,停止加碼；反彈未站回恢復區時分批減碼,每個交易日收盤後，確認是否站回恢復區,已有部位先停止加碼。反彈若仍未站回 46.38，分批降低部位；只有站回且ETF／外資賣壓收斂後才重新評估。,價格跌破60日EMA且20日趨勢向下；ETF 5/10日同步減碼；外資持股5/10日下降且外資5日賣超,38.1,53.9,54.4,85,100,完整,43.25,43.05,78.71,32.99,3.65,78.4,133.84,3.38,9.51,1.78,4.44,4,0,-279,-554,-567,-594,-530,-2058.392,-5271.0019999999995,-11790.545999999998,-21423.285,0,-553.373,-567.037,-594.037,0,3,-23933382,-103.08,-718.1030000000001,21.45,-1664,-4010,-9832,,-2003.76,-4614.549,-10505.405999999999,-17652.861999999997,35.92,9.75,13.82,1.63,false,false,-4.88,-2.92,中期趨勢仍向下；ETF短中期同步減碼；主動ETF 5日轉為減碼；投信5/10日持續且具金額意義的賣超；外資持股5/10日下降，且外資5日賣超；20日趨勢尚未上彎；當下除權息調整價未守20日EMA
315,2548,華固,TWSE,建材營造,暫不承接,保護持有,protect,今天不新增部位；未完成確認前不機械式賣出,今天收盤後；若跌破，再看下一交易日是否收復,已有部位暫停加碼；若收盤跌破60日EMA約 97.83，且下一交易日仍未收復，先減碼三分之一；若ETF或外資繼續轉弱，再分批降低部位。,價格跌破60日EMA且20日趨勢向下,46,53.9,62.8,85,93,可用,94.2,94,-91.05,102.17,20.15,61.37,222.93,2.81,7.62,1.45,9.02,2,0,0,0,-6,170,0,-144.899,-97.86400000000003,-2533.284,-4482.893999999999,-1,-3,-9,163.99099999999999,0,2,-282600,-18.784,-26.516,14.13,-41,38,-1615,,-150.463,-76.08000000000001,-2497.768,-4565.54,45.04,26.44,25.37,28.6,true,false,-0.56,1.4,中期趨勢仍向下；20日趨勢尚未上彎；當下除權息調整價未守20日EMA
316,5536,聖暉*,TPEX,其他電子業,暫不承接,降低部位,trim,停止加碼；反彈未站回恢復區時分批減碼,每個交易日收盤後，確認是否站回恢復區,已有部位先停止加碼。反彈若仍未站回 981.31，分批降低部位；只有站回且ETF／外資賣壓收斂後才重新評估。,價格跌破60日EMA且20日趨勢向下；ETF 5/10日同步減碼,51.3,53.8,50.8,85,100,可用,874,889,3.41,24.33,17.71,55.52,160.97,23.73,21.84,6.53,2.29,8,7,7,-14,-17,-3758,-57,266.877,266.877,266.877,266.877,6.877,6.877,6.877,6.877,1,0,6010498,21.845,21.845,43.78,,,,,238.155,238.155,238.155,238.155,42.89,49.19,41.02,65.54,true,true,-2.09,1.16,中期趨勢仍向下；ETF短中期同步減碼；主動ETF 5日轉為減碼；外資持股趨勢資料不足或期間有非市場異動；20日趨勢尚未上彎；當下除權息調整價未守20日EMA
317,6525,捷敏-KY,TWSE,半導體業,暫不承接,降低部位,trim,停止加碼；反彈未站回恢復區時分批減碼,每個交易日收盤後，確認是否站回恢復區,已有部位先停止加碼。反彈若仍未站回 140.32，分批降低部位；只有站回且ETF／外資賣壓收斂後才重新評估。,價格跌破60日EMA且20日趨勢向下；ETF 5/10日同步減碼；外資持股5/10日下降且外資5日賣超,42.4,53.8,61.6,85,100,完整,133.5,135,31.99,18.13,21.2,34.8,210.53,3.84,18.57,3.66,3.75,3,0,-8,-12,-19,-27,0,-364.14,-491.50100000000003,-396.48,-2471.4359999999997,0,-11.41,-18.287,165.713,0,3,-1523235,-42.482,-97.684,15.36,-299,-277,-122,,-362.766,-437.609,-280.50899999999996,-2587.511,42.76,25.61,33.8,9.25,false,true,-4.7,-4.3,中期趨勢仍向下；ETF短中期同步減碼；外資持股5/10日下降，且外資5日賣超；20日趨勢尚未上彎；當下除權息調整價未守20日EMA
318,5234,達興材料,TWSE,光電業,暫不承接,降低部位,trim,停止加碼；反彈未站回恢復區時分批減碼,每個交易日收盤後，確認是否站回恢復區,已有部位先停止加碼。反彈若仍未站回 334.81，分批降低部位；只有站回且ETF／外資賣壓收斂後才重新評估。,價格跌破60日EMA且20日趨勢向下；外資持股5/10日下降且外資5日賣超,52,53.6,60.6,85,100,完整,302,302,11.51,10.23,20.09,31.51,235.6,4.44,36.04,9.36,2.15,3,1,10,17,18,15,0,16.057,-204.42999999999998,-484.28,-937.8609999999999,0,-15,-98,-128.559,2,1,-4530000,-17.588,-38.178000000000004,8.28,39,-123,-268,,15,-171.84199999999998,-348.10200000000003,-715.988,43.77,37.77,28.32,56.68,true,true,-1.31,2.2,中期趨勢仍向下；外資持股5/10日下降，且外資5日賣超；20日趨勢尚未上彎；當下除權息調整價未守20日EMA
319,1514,亞力,TWSE,電機機械,暫不承接,保護持有,protect,今天不新增部位；未完成確認前不機械式賣出,今天收盤後；若跌破，再看下一交易日是否收復,已有部位暫停加碼；若收盤跌破60日EMA約 106.18，且下一交易日仍未收復，先減碼三分之一；若ETF或外資繼續轉弱，再分批降低部位。,未觸發明確減碼訊號,60.2,53.5,42.6,85,100,完整,102.5,103.5,6.51,14.57,9.84,54.56,175.67,1.65,28.08,4.41,2.15,2,15,42,50,56,54,0,25.729,79.89999999999996,-1353.569,-1249.8370000000002,14,48,54,50.606,4,0,4920000,-16.572000000000006,8.370999999999988,12.43,93,633,-293,,-2.463,48.47199999999998,-1415.9399999999998,-1321.3989999999997,49.05,25.7,33.16,10.78,false,false,0.12,0.49,
320,3016,嘉晶,TWSE,半導體業,暫不承接,降低部位,trim,停止加碼；反彈未站回恢復區時分批減碼,每個交易日收盤後，確認是否站回恢復區,已有部位先停止加碼。反彈若仍未站回 103.16，分批降低部位；只有站回且ETF／外資賣壓收斂後才重新評估。,價格跌破60日EMA且20日趨勢向下；外資持股5/10日下降且外資5日賣超,53.6,53.5,49.9,85,100,完整,100.5,103,51.43,31.32,14.09,31.1,295.64,1,83.75,5.6,0.5,2,0,0,0,1,2,0,-221.096,-1023.137,-788.1659999999996,-2569.121,0,0,1,2.681,0,0,0,-23.431000000000026,118.786,4,-196,-922,-667,,-226.472,-999.7059999999999,-907.952,-2859.182,48.71,42.37,45.86,35.39,false,true,-0.45,-2.43,中期趨勢仍向下；外資持股5/10日下降，且外資5日賣超；20日趨勢尚未上彎
321,4915,致伸,TWSE,電子零組件業,暫不承接,降低部位,trim,停止加碼；反彈未站回恢復區時分批減碼,每個交易日收盤後，確認是否站回恢復區,已有部位先停止加碼。反彈若仍未站回 64.24，分批降低部位；只有站回且ETF／外資賣壓收斂後才重新評估。,價格跌破60日EMA且20日趨勢向下；外資持股5/10日下降且外資5日賣超,49.6,53.5,52,85,100,完整,60.2,59.1,9.34,12.3,4.03,62.65,127.13,2.55,12.16,1.39,7.59,11,-4,66,152,132,2878,0,-974.707,-1494.9550000000002,-4349.132,-6424.112,-4,151.107,133.934,2879.5400000000004,2,2,9096641,-150.68,-178.264,24.73,-725,-1262,-2877,,-979,-1495.382,-4304.802,-8999.508999999998,43.49,58.77,52.18,71.95,true,true,-0.76,1.35,中期趨勢仍向下；外資持股5/10日下降，且外資5日賣超；20日趨勢尚未上彎；當下除權息調整價未守20日EMA
322,2105,正新,TWSE,橡膠工業,暫不承接,降低部位,trim,停止加碼；反彈未站回恢復區時分批減碼,每個交易日收盤後，確認是否站回恢復區,已有部位先停止加碼。反彈若仍未站回 31.31，分批降低部位；只有站回且ETF／外資賣壓收斂後才重新評估。,價格跌破60日EMA且20日趨勢向下；ETF 5/10日同步減碼；外資持股5/10日下降且外資5日賣超,47.2,53.4,59.1,85,100,完整,30.7,30.85,12.4,5.98,9.96,40.94,274.96,1.05,16.87,1.14,5.86,12,375,-105,-589,-1070,-1272,-839,-1567.936,-1842.0900000000001,-10410.515999999998,-13951.264999999998,390,120.295,-1763.0949999999998,-390.45299999999986,3,2,3693057,275.807,-363.524,8.99,-2038,-3834,-9978,,-2174,-2238.192,-8283.897,-12508.689,44.51,38.81,41.9,32.64,false,false,-1.12,-0.65,中期趨勢仍向下；ETF短中期同步減碼；主動ETF 5日轉為減碼；外資持股5/10日下降，且外資5日賣超；20日趨勢尚未上彎；當下除權息調整價未守20日EMA
323,2375,凱美,TWSE,電子零組件業,暫不承接,保護持有,protect,今天不新增部位；未完成確認前不機械式賣出,今天收盤後；若跌破，再看下一交易日是否收復,已有部位暫停加碼；若收盤跌破60日EMA約 135.57，且下一交易日仍未收復，先減碼三分之一；若ETF或外資繼續轉弱，再分批降低部位。,ETF 5/10日同步減碼；外資持股5/10日下降且外資5日賣超,47.6,53.3,58.2,85,100,完整,127,129.5,37.92,12.71,7.44,28.89,190.62,1.85,30.53,1.3,0.94,2,0,-102,-202,-204,-208,-200,185.172,-948.258,-3292.6369999999997,-8222.250000000002,0,-202,-204,-208,0,2,-25654000,-16.046000000000006,86.64299999999997,9.17,137,-444,-2264,,131.86,-730.212,-3175.2799999999997,-8067.102999999999,48,33.11,36.22,26.9,false,false,-0.02,0,ETF短中期同步減碼；主動ETF 5日轉為減碼；外資持股5/10日下降，且外資5日賣超
324,2493,揚博,TWSE,電子零組件業,暫不承接,保護持有,protect,今天不新增部位；未完成確認前不機械式賣出,今天收盤後；若跌破，再看下一交易日是否收復,已有部位暫停加碼；若收盤跌破60日EMA約 200.02，且下一交易日仍未收復，先減碼三分之一；若ETF或外資繼續轉弱，再分批降低部位。,價格跌破60日EMA且20日趨勢向下,52,53.3,51.1,85,100,完整,184,183,25.93,11.87,17.43,51.21,163.49,2.67,35.18,7.57,2.17,2,0,-2,0,-6,-14,0,98.504,450.041,559.3089999999999,-2234.8559999999998,0,0,-6,-14,1,2,0,38.131,56.78,7.12,131,479,1016,,80.158,411.91,508.529,-2006.8019999999997,44.6,55.38,53.43,59.27,false,false,-3.08,2.51,中期趨勢仍向下；20日趨勢尚未上彎；當下除權息調整價未守20日EMA
325,8261,富鼎,TWSE,半導體業,暫不承接,降低部位,trim,停止加碼；反彈未站回恢復區時分批減碼,每個交易日收盤後，確認是否站回恢復區,已有部位先停止加碼。反彈若仍未站回 195.73，分批降低部位；只有站回且ETF／外資賣壓收斂後才重新評估。,價格跌破60日EMA且20日趨勢向下；ETF 5/10日同步減碼,50.5,53.3,66.1,85,100,完整,181,180.5,10.26,8.42,23.89,19.47,421.83,3.07,27.14,3.77,2.76,2,0,-1,-1,-8,-21,0,-42.62,172.96499999999997,-668.4100000000001,-7298.573,0,-1,-8,-21,0,1,-181000,48.035999999999994,-31.165000000000006,5.45,25,317,-517,,-72.673,125.92900000000003,-629.2450000000001,-7332.07,45.33,29,29.39,28.21,false,false,-2.04,1.4,中期趨勢仍向下；ETF短中期同步減碼；20日趨勢尚未上彎；當下除權息調整價未守20日EMA
326,1795,美時,TWSE,生技醫療業,暫不承接,降低部位,trim,停止加碼；反彈未站回恢復區時分批減碼,每個交易日收盤後，確認是否站回恢復區,已有部位先停止加碼。反彈若仍未站回 190.11，分批降低部位；只有站回且ETF／外資賣壓收斂後才重新評估。,價格跌破60日EMA且20日趨勢向下；ETF 5/10日同步減碼,41.8,53,52.9,85,100,完整,180.5,182,3.94,67.97,24.59,77.62,146.44,4.65,12.76,1.98,1.5,2,0,-22,-44,-44,-46,-44,-171.504,-621.329,-1205.677,-800.14,-1,-47,-47,-51.119,0,4,-8483500,-32.772999999999996,-187.22299999999998,51.76,-42,44,-1718,,-173.135,-541.5559999999999,-971.4540000000001,-594.667,40.8,13.01,23.55,-8.08,false,false,-2.92,-2.96,中期趨勢仍向下；ETF短中期同步減碼；主動ETF 5日轉為減碼；20日趨勢尚未上彎；當下除權息調整價未守20日EMA
327,3037,欣興,TWSE,電子零組件業,暫不承接,保護持有,protect,今天不新增部位；未完成確認前不機械式賣出,今天收盤後；若跌破，再看下一交易日是否收復,已有部位暫停加碼；若收盤跌破60日EMA約 952.51，且下一交易日仍未收復，先減碼三分之一；若ETF或外資繼續轉弱，再分批降低部位。,ETF 5/10日同步減碼；投信5/10日持續且具金額意義地賣超,54.7,53,42.6,85,100,可用,949,960,43.69,30.76,11.71,59.23,176.35,11.7,63.18,12.18,0.21,49,222,-1390,-1194,-1276,-2430,-142,2085.811,-218.08299999999963,12554.836000000001,57400.05699999999,360,-10093.404,-9486.841000000002,-11359.823000000002,1,4,-9578640396,1697.683,1817.11,40.57,950,8202,20612,,1079.698,8177.637999999999,20224.567,66565.003,45.08,18.03,25.41,3.26,false,false,-5.62,-5.01,中期趨勢仍向下；ETF短中期同步減碼；主動ETF 5日轉為減碼；投信5/10日持續且具金額意義的賣超；外資持股趨勢資料不足或期間有非市場異動；20日趨勢尚未上彎；當下除權息調整價未守20日EMA；單季稅前獲利對營業外貢獻依賴偏高
328,3481,群創,TWSE,光電業,暫不承接,保護持有,protect,今天不新增部位；未完成確認前不機械式賣出,今天收盤後；若跌破，再看下一交易日是否收復,已有部位暫停加碼；若收盤跌破60日EMA約 49.27，且下一交易日仍未收復，先減碼三分之一；若ETF或外資繼續轉弱，再分批降低部位。,ETF 5/10日同步減碼；投信5/10日持續且具金額意義地賣超,64.7,52.5,40.7,85,100,可用,49.95,51,-1.94,13.55,2.4,43.52,150.57,0.77,64.04,1.77,2,14,-19,-22,-169,-415,12541,0,47899.258,42532.65700000001,49802.75100000001,-55305.717999999986,-37.714,-212.113,-237.998,12465.621000000001,0,5,-10595044,-1395.754,-113.93700000000013,20.69,36247,26402,43947,,44175.133,44140.524,50154.686,-59093.176999999996,52.81,56.43,54.65,59.99,false,false,2.65,0.2,ETF短中期同步減碼；20日累積後5日轉為調節；ETF 1/3日已轉為減碼；投信5/10日持續且具金額意義的賣超；20日趨勢尚未上彎
329,4585,達明,TWSE,其他電子業,暫不承接,保護持有,protect,今天不新增部位；未完成確認前不機械式賣出,今天收盤後；若跌破，再看下一交易日是否收復,已有部位暫停加碼；若收盤跌破60日EMA約 304.30，且下一交易日仍未收復，先減碼三分之一；若ETF或外資繼續轉弱，再分批降低部位。,價格跌破60日EMA且20日趨勢向下,56.2,52.5,56,85,100,完整,297.5,298,23.82,13.09,6.71,10.35,340.31,1.83,107.01,4.45,0.34,1,0,0,0,0,-1,0,132.834,177.52499999999998,297.091,25.832000000000008,0,0,0,-2.374,0,0,0,-1.068000000000002,5.402999999999997,0.68,165,236,311,,133.289,178.593,291.688,38.26699999999998,48.68,28.07,24.28,35.64,true,false,-0.13,1.36,中期趨勢仍向下；20日趨勢尚未上彎；估值高且成長不足以支撐；單季稅前獲利對營業外貢獻依賴偏高
330,8110,華東,TWSE,半導體業,暫不承接,保護持有,protect,今天不新增部位；未完成確認前不機械式賣出,今天收盤後；若跌破，再看下一交易日是否收復,已有部位暫停加碼；若收盤跌破60日EMA約 46.77，且下一交易日仍未收復，先減碼三分之一；若ETF或外資繼續轉弱，再分批降低部位。,價格跌破60日EMA且20日趨勢向下,45.5,52.5,68.1,85,100,完整,43.85,42,18.51,14.06,2.74,18.15,273.44,2.59,8.05,1.17,3.4,2,0,0,0,2,3,0,47.725,124.18500000000003,1623.7779999999998,6049.81,0,0,2,3.359,0,0,0,-77.095,-87.233,2.1,251,-204,944,,45.772,201.28000000000003,1709.011,6163.382,44.74,24.93,34.72,5.36,false,false,-2.07,-3.94,中期趨勢仍向下；20日趨勢尚未上彎；當下除權息調整價未守20日EMA；單季稅前獲利對營業外貢獻依賴偏高
331,6138,茂達,TPEX,半導體業,暫不承接,保護持有,protect,今天不新增部位；未完成確認前不機械式賣出,今天收盤後；若跌破，再看下一交易日是否收復,已有部位暫停加碼；若收盤跌破60日EMA約 300.57，且下一交易日仍未收復，先減碼三分之一；若ETF或外資繼續轉弱，再分批降低部位。,價格跌破60日EMA且20日趨勢向下,49.9,52.4,57.4,85,100,可用,288,288,9.03,11.92,19.7,36.78,238.48,7.64,19.37,5.7,3.8,5,0,0,1,0,-118,0,-145.123,-145.123,-145.123,-145.123,0,0,0,0,0,0,0,3.385,3.385,13.01,,,,,-148.508,-148.508,-148.508,-148.508,47.27,38.2,44.67,25.28,false,true,-0.87,-1.37,中期趨勢仍向下；外資持股趨勢資料不足或期間有非市場異動；20日趨勢尚未上彎；當下除權息調整價未守20日EMA
332,6279,胡連,TPEX,電子零組件業,暫不承接,降低部位,trim,停止加碼；反彈未站回恢復區時分批減碼,每個交易日收盤後，確認是否站回恢復區,已有部位先停止加碼。反彈若仍未站回 123.34，分批降低部位；只有站回且ETF／外資賣壓收斂後才重新評估。,價格跌破60日EMA且20日趨勢向下；ETF 5/10日同步減碼,34.1,52.4,67.6,85,100,可用,114,114.5,38.2,12.36,11.54,42.65,146.91,4.4,10,1.5,4.82,1,0,-5,-8,-12,-19,0,-737.114,-737.114,-737.114,-737.114,0,0,0,0,0,0,0,-27.114,-27.114,8.84,,,,,-710,-710,-710,-710,30.11,18.29,31.53,-8.2,false,false,-7.57,-9.16,中期趨勢仍向下；ETF短中期同步減碼；外資持股趨勢資料不足或期間有非市場異動；20日趨勢尚未上彎；當下除權息調整價未守20日EMA
333,8114,振樺電,TWSE,電腦及週邊設備業,暫不承接,降低部位,trim,停止加碼；反彈未站回恢復區時分批減碼,每個交易日收盤後，確認是否站回恢復區,已有部位先停止加碼。反彈若仍未站回 203.21，分批降低部位；只有站回且ETF／外資賣壓收斂後才重新評估。,價格跌破60日EMA且20日趨勢向下；ETF 5/10日同步減碼；外資持股5/10日下降且外資5日賣超,41.5,52.1,66.4,85,100,完整,189.5,192,41.37,-18.68,18.27,38.04,165.47,7.09,13.51,2.06,6.05,3,-1,-1,-2,-5,-4,0,-345.093,-317.852,-575.4679999999998,-2131.859,-1,-2,-5,16,0,2,-379000,-1.034,0.9100000000000001,13.99,-259,-140,-385,,-346,-314.818,-571.3779999999999,-1911.993,40.96,29.07,36.25,14.7,true,true,-4.51,-1.3,中期趨勢仍向下；ETF短中期同步減碼；ETF 1/3日已轉為減碼；外資持股5/10日下降，且外資5日賣超；20日趨勢尚未上彎；當下除權息調整價未守20日EMA
334,2645,長榮航太,TWSE,航運業,暫不承接,降低部位,trim,停止加碼；反彈未站回恢復區時分批減碼,每個交易日收盤後，確認是否站回恢復區,已有部位先停止加碼。反彈若仍未站回 183.41，分批降低部位；只有站回且ETF／外資賣壓收斂後才重新評估。,價格跌破60日EMA且20日趨勢向下；ETF 5/10日同步減碼；外資持股5/10日下降且外資5日賣超,47.1,51.7,51.6,85,100,可用,174,174.5,18.48,13.29,20.27,49.28,239.87,4.59,22.19,4.86,2.87,5,-4,-43,-34,-87,-164,0,-172.01,-736.9569999999999,-3948.498,-19044.431,-3,31,155,222.441,1,4,5394000,-46.221000000000004,124.095,6.2,-139,-533,-3430,,-171.34,-721.7359999999999,-4227.592999999999,-19352.599,43.33,21.85,23.42,18.71,false,true,-2.69,0.58,中期趨勢仍向下；ETF短中期同步減碼；ETF 1/3日已轉為減碼；外資持股5/10日下降，且外資5日賣超；20日趨勢尚未上彎；當下除權息調整價未守20日EMA
335,9941,裕融,TWSE,其他,暫不承接,保護持有,protect,今天不新增部位；未完成確認前不機械式賣出,今天收盤後；若跌破，再看下一交易日是否收復,已有部位暫停加碼；若收盤跌破60日EMA約 81.12，且下一交易日仍未收復，先減碼三分之一；若ETF或外資繼續轉弱，再分批降低部位。,價格跌破60日EMA且20日趨勢向下,48.4,51.6,47.3,85,100,完整,80.5,80.75,2.26,-1.74,14.77,85.93,98.25,3.86,11.48,1.35,5.69,8,-96,-104,192,1027,1274,-96,-87.461,533.788,653.0379999999999,2161.6089999999995,-99,188.788,1010.66,1256.35,1,3,15197434,-38.953,39.83299999999999,4.76,-269,-672,-1726,,-12,383.953,-397.45500000000004,410.861,43.33,34.04,46.55,9.01,false,false,-2.45,-5.51,累計營收負成長且當月改善不足；中期趨勢仍向下；ETF 1/3日已轉為減碼；主動ETF 5日轉為減碼；ETF加碼，但外資持股5/10日同步下降；20日趨勢尚未上彎；當下除權息調整價未守20日EMA
336,6282,康舒,TWSE,電子零組件業,暫不承接,降低部位,trim,停止加碼；反彈未站回恢復區時分批減碼,每個交易日收盤後，確認是否站回恢復區,已有部位先停止加碼。反彈若仍未站回 48.57，分批降低部位；只有站回且ETF／外資賣壓收斂後才重新評估。,價格跌破60日EMA且20日趨勢向下；ETF 5/10日同步減碼,45.5,51.4,46.2,85,100,完整,44.35,44.6,42.45,27.31,2.16,57.03,160.52,0.37,36.35,1.67,1.8,4,12,-171,-355,-396,-406,-551,554.048,-1037.4970000000003,-2538.841000000001,-14648.722000000002,12,-355,-396,-405.569,3,2,-15744250,-115.41200000000005,-388.7600000000001,12.03,-188,-6341,2511,,468.638,-567.085,-1754.0810000000001,-12772.422,42.68,36.7,37.15,35.81,false,true,-2.23,-1.22,中期趨勢仍向下；ETF短中期同步減碼；主動ETF 5日轉為減碼；20日趨勢尚未上彎；當下除權息調整價未守20日EMA
337,2359,所羅門,TWSE,其他電子業,暫不承接,保護持有,protect,今天不新增部位；未完成確認前不機械式賣出,今天收盤後；若跌破，再看下一交易日是否收復,已有部位暫停加碼；若收盤跌破60日EMA約 142.27，且下一交易日仍未收復，先減碼三分之一；若ETF或外資繼續轉弱，再分批降低部位。,外資持股5/10日下降且外資5日賣超,49.4,51.2,52.8,85,93,可用,142,144.5,36.32,7.92,-0.42,38.21,223.7,4.55,21.16,3.8,0.7,1,0,0,0,0,0,0,-115.215,-3553.842,-7516.445000000001,-4263.816999999999,0,0,0,0,0,0,0,-90.03400000000002,-178.16100000000003,6.75,-32,-1785,-5703,,-123.856,-3463.808,-7338.284,-3884.1020000000008,46,20.28,20.6,19.66,false,false,-2.86,-1.73,中期趨勢仍向下；外資持股5/10日下降，且外資5日賣超；20日趨勢尚未上彎；當下除權息調整價未守20日EMA；借券賣出與借券賣出餘額壓力升高；單季稅前獲利對營業外貢獻依賴偏高
338,2329,華泰,TWSE,半導體業,暫不承接,保護持有,protect,今天不新增部位；未完成確認前不機械式賣出,今天收盤後；若跌破，再看下一交易日是否收復,已有部位暫停加碼；若收盤跌破60日EMA約 46.60，且下一交易日仍未收復，先減碼三分之一；若ETF或外資繼續轉弱，再分批降低部位。,價格跌破60日EMA且20日趨勢向下,51.9,51.1,48.5,85,100,完整,43.3,44.3,1.84,9.26,5.98,38.44,141.36,0.96,19.33,1.74,2.31,4,0,0,0,2,-5,0,421.476,1223.526,1776.37,645.4049999999997,0,0,2,-5.507999999999999,0,0,0,9.831,-101.28399999999999,9.37,227,436,1252,,420.811,1213.695,1875.654,767.2619999999996,45.86,32.01,36.36,23.32,false,false,-0.78,-0.46,中期趨勢仍向下；20日趨勢尚未上彎
339,6533,晶心科,TWSE,半導體業,暫不承接,保護持有,protect,今天不新增部位；未完成確認前不機械式賣出,今天收盤後；若跌破，再看下一交易日是否收復,已有部位暫停加碼；若收盤跌破60日EMA約 234.80，且下一交易日仍未收復，先減碼三分之一；若ETF或外資繼續轉弱，再分批降低部位。,未觸發明確減碼訊號,58.3,50.5,41.8,85,100,完整,257,260.5,22.24,56.03,-34.39,29.28,497.25,-4.62,,3.04,,1,0,0,0,-5,-5,0,-130.616,-231.585,69.32899999999995,-400.14100000000013,0,0,-5,-5,0,0,0,-1.7329999999999999,-2.2349999999999994,9.97,-119,-100,167,,-132,-229.85199999999995,76.56400000000005,-375.0059999999999,58.19,43.77,49.49,32.34,false,false,2.19,1.03,
340,9910,豐泰,TWSE,運動休閒,暫不承接,保護持有,protect,今天不新增部位；未完成確認前不機械式賣出,今天收盤後；若跌破，再看下一交易日是否收復,已有部位暫停加碼；若收盤跌破60日EMA約 70.33，且下一交易日仍未收復，先減碼三分之一；若ETF或外資繼續轉弱，再分批降低部位。,未觸發明確減碼訊號,60.5,50.5,39.5,85,100,完整,69.8,70.8,1,-2.96,4.99,51.08,137.19,1.71,14.19,2.91,5.87,8,191,288,417,473,1144,0,677.275,1732.37,-23.3110000000002,4693.513,187,406.092,462.092,1124.7069999999999,5,0,28345222,77.995,131.77,5.67,-223,432,-1349,,436.422,1248.283,-617.1730000000001,3853.576,53.57,45.09,27.28,80.72,true,false,1.22,3.1,累計營收負成長且當月改善不足；中期趨勢仍向下；20日趨勢尚未上彎
341,3596,智易,TWSE,通信網路業,暫不承接,降低部位,trim,停止加碼；反彈未站回恢復區時分批減碼,每個交易日收盤後，確認是否站回恢復區,已有部位先停止加碼。反彈若仍未站回 172.99，分批降低部位；只有站回且ETF／外資賣壓收斂後才重新評估。,價格跌破60日EMA且20日趨勢向下；外資持股5/10日下降且外資5日賣超,43.4,50.3,48.6,85,100,完整,159.5,159.5,7.74,2.77,6.57,69.48,125.16,6.5,12.27,2.14,5.64,4,0,0,0,0,-1,0,-84.592,-2010.4750000000001,-4928.6810000000005,-13574.676,0,0,0,-0.913,0,0,0,26.567,31.241999999999997,27.22,-97,-1961,-4886,,-87,-2037.042,-4959.923,-13562.472000000002,39.62,33.33,27.98,44.02,true,true,-2.29,0.95,中期趨勢仍向下；外資持股5/10日下降，且外資5日賣超；20日趨勢尚未上彎；當下除權息調整價未守20日EMA
342,1477,聚陽,TWSE,紡織纖維,暫不承接,降低部位,trim,停止加碼；反彈未站回恢復區時分批減碼,每個交易日收盤後，確認是否站回恢復區,已有部位先停止加碼。反彈若仍未站回 212.37，分批降低部位；只有站回且ETF／外資賣壓收斂後才重新評估。,價格跌破60日EMA且20日趨勢向下；ETF 5/10日同步減碼；投信5/10日持續且具金額意義地賣超,44.5,49.1,54.4,85,100,完整,195,193.5,7.86,-1.63,14.44,42.05,180.12,7.65,13.31,3.49,7.69,15,115,-21,-215,-224,431,-391,-293.261,-310.27299999999997,-397.80999999999995,-8407.578,114.815,-237.11399999999998,-378.436,221.03200000000004,2,3,-46237230,2.774,-29.157000000000007,14.69,-385,-130,38,,-408.48,-75.93300000000002,9.782999999999902,-8321.477,36.3,28.44,27.52,30.28,true,false,-3.25,0.26,累計營收負成長且當月改善不足；中期趨勢仍向下；ETF短中期同步減碼；20日累積後5日轉為調節；主動ETF 5日轉為減碼；投信5/10日持續且具金額意義的賣超；20日趨勢尚未上彎；當下除權息調整價未守20日EMA
343,2406,國碩,TWSE,光電業,暫不承接,降低部位,trim,停止加碼；反彈未站回恢復區時分批減碼,每個交易日收盤後，確認是否站回恢復區,已有部位先停止加碼。反彈若仍未站回 31.35，分批降低部位；只有站回且ETF／外資賣壓收斂後才重新評估。,價格跌破60日EMA且20日趨勢向下；ETF 5/10日同步減碼；外資持股5/10日下降且外資5日賣超,42.4,48.9,45.8,85,100,完整,27.25,27.5,66.13,119.89,4.92,49.59,194.97,0.33,151.39,2.58,,1,0,-8,-8,-14,-26,0,39.826,-574.2399999999999,-1980.625,-9594.394,0,-8,-14,-26,0,1,-218000,-0.560999999999999,-11.415999999999999,7.66,117,-125,-1405,,35.043,-565.6789999999999,-1955.2089999999998,-9388.075,34.53,24.89,31.85,10.97,false,true,-5.53,-2.85,中期趨勢仍向下；ETF短中期同步減碼；外資持股5/10日下降，且外資5日賣超；20日趨勢尚未上彎；當下除權息調整價未守20日EMA
344,9904,寶成,TWSE,運動休閒,暫不承接,保護持有,protect,今天不新增部位；未完成確認前不機械式賣出,今天收盤後；若跌破，再看下一交易日是否收復,已有部位暫停加碼；若收盤跌破60日EMA約 24.90，且下一交易日仍未收復，先減碼三分之一；若ETF或外資繼續轉弱，再分批降低部位。,ETF 5/10日同步減碼；外資持股5/10日下降且外資5日賣超,50.9,48.9,54.1,85,100,完整,24.6,24.7,-0.64,-2.57,2.25,34.13,162.9,2.37,5.21,0.39,5.28,11,341,170,-129,-957,-1325,0,-2407.113,-8922.027,-26952.405999999995,-18230.58899999999,356,420.36799999999994,0.8919999999999391,844.9359999999999,4,1,10341053,1187.2490000000003,905.7790000000003,27.77,-296,-10097,-27030,,-3043.64,-10529.644,-27859.076999999997,-20002.43299999999,49.47,30.13,36.61,17.16,false,false,-0.18,-1.01,累計營收負成長且當月改善不足；ETF短中期同步減碼；外資持股5/10日下降，且外資5日賣超；單季稅前獲利對營業外貢獻依賴偏高
345,2369,菱生,TWSE,半導體業,暫不承接,保護持有,protect,今天不新增部位；未完成確認前不機械式賣出,今天收盤後；若跌破，再看下一交易日是否收復,已有部位暫停加碼；若收盤跌破60日EMA約 33.18，且下一交易日仍未收復，先減碼三分之一；若ETF或外資繼續轉弱，再分批降低部位。,價格跌破60日EMA且20日趨勢向下,52.1,48.8,41.9,85,100,完整,30.95,31.85,34.22,36.82,3.21,34.41,239.33,0.29,,2.36,,1,0,0,0,0,0,0,143.209,1234.326,-2624.5689999999995,-530.0509999999997,0,0,0,0,0,0,0,-22.941999999999993,-132.31099999999998,14.86,-71,633,-2074,,103,1257.268,-2492.2580000000003,-284.4610000000001,44.29,28.55,35.94,13.76,false,true,-2.52,-0.96,中期趨勢仍向下；20日趨勢尚未上彎
346,6182,合晶,TPEX,半導體業,暫不承接,保護持有,protect,今天不新增部位；未完成確認前不機械式賣出,今天收盤後；若跌破，再看下一交易日是否收復,已有部位暫停加碼；若收盤跌破60日EMA約 108.34，且下一交易日仍未收復，先減碼三分之一；若ETF或外資繼續轉弱，再分批降低部位。,ETF 5/10日同步減碼,58.6,48.7,34.4,85,100,可用,111.5,113,18.9,10.52,2.25,33.96,210.31,0.06,484.78,4.1,0,1,0,0,-157,-157,-153,-157,4263.377,4263.377,4263.377,4263.377,100,100,100,100,1,0,11150000,530.184,530.184,19.14,,,,,3633.193,3633.193,3633.193,3633.193,50.48,44.3,39.62,53.67,true,true,1.3,5.69,ETF短中期同步減碼；主動ETF 5日轉為減碼；外資持股趨勢資料不足或期間有非市場異動；估值高且成長不足以支撐
347,1216,統一,TWSE,食品工業,暫不承接,保護持有,protect,今天不新增部位；未完成確認前不機械式賣出,今天收盤後；若跌破，再看下一交易日是否收復,已有部位暫停加碼；若收盤跌破60日EMA約 75.87，且下一交易日仍未收復，先減碼三分之一；若ETF或外資繼續轉弱，再分批降低部位。,ETF 5/10日同步減碼；投信5/10日持續且具金額意義地賣超,53,48.4,34.9,85,100,可用,75.2,75.6,8.85,4.09,5.86,72.24,86.59,2.56,18.16,3.13,3.99,30,-284,-1962,-4269,-7314,-14020,0,-927.97,7085.665999999999,21367.081,86433.03499999999,15,-1525.721,-3899.51,-7341.805,1,4,-114734219,-741.919,-1654.8719999999998,34.12,-343,9895,30214,,-945.238,9353.306,26921.463000000003,96727.39199999998,43.01,21.54,33.77,-2.92,false,false,-1.4,-1.31,ETF短中期同步減碼；ETF 1/3日已轉為減碼；投信5/10日持續且具金額意義的賣超；當下除權息調整價未守20日EMA
348,2484,希華,TWSE,電子零組件業,暫不承接,保護持有,protect,今天不新增部位；未完成確認前不機械式賣出,今天收盤後；若跌破，再看下一交易日是否收復,已有部位暫停加碼；若收盤跌破60日EMA約 69.90，且下一交易日仍未收復，先減碼三分之一；若ETF或外資繼續轉弱，再分批降低部位。,ETF 5/10日同步減碼,51.5,48.1,55.6,85,100,完整,70.3,75,7.1,-1.19,10.26,19.25,453.99,0.86,50.58,2.73,1,1,0,-3,-3,-6,-12,0,194.063,-796.181,-5027.980000000001,-652.8830000000005,0,-3,-6,-12,0,1,-210900,4.331000000000003,51.690000000000005,5.8,313,1146,1119,,183.892,-797.5120000000002,-5073.670000000002,-737.5130000000012,45.57,20.32,34.04,-7.13,false,false,-4.06,-5,累計營收負成長且當月改善不足；ETF短中期同步減碼；借券賣出與借券賣出餘額壓力升高
349,3704,合勤控,TWSE,通信網路業,暫不承接,保護持有,protect,今天不新增部位；未完成確認前不機械式賣出,今天收盤後；若跌破，再看下一交易日是否收復,已有部位暫停加碼；若收盤跌破60日EMA約 43.12，且下一交易日仍未收復，先減碼三分之一；若ETF或外資繼續轉弱，再分批降低部位。,外資持股5/10日下降且外資5日賣超,44.4,47.9,48.8,85,100,完整,39.7,43.5,-11.75,10.29,5.46,57.31,152.64,1.55,11.89,1.34,1.01,1,0,0,0,0,0,0,-636.9,-2464.7129999999997,-4815.803,-18431.081,0,0,0,0,0,0,0,26.377000000000002,40.799,11.64,-236,-1325,-3344,,-645,-2491.09,-4856.602,-18398.049000000003,39.23,16.71,24.04,2.03,false,true,-5.6,-4.68,中期趨勢仍向下；外資持股5/10日下降，且外資5日賣超；20日趨勢尚未上彎；借券賣出與借券賣出餘額壓力升高
350,1722,台肥,TWSE,化學工業,暫不承接,保護持有,protect,今天不新增部位；未完成確認前不機械式賣出,今天收盤後；若跌破，再看下一交易日是否收復,已有部位暫停加碼；若收盤跌破60日EMA約 45.99，且下一交易日仍未收復，先減碼三分之一；若ETF或外資繼續轉弱，再分批降低部位。,價格跌破60日EMA且20日趨勢向下,49.9,47.4,49.8,85,100,完整,44.6,44.55,9.75,6.83,4.8,36.33,228.72,0.43,53.1,0.83,4.48,4,-1,-4,-4,2,-70,0,-115.693,3101.879,2900.148,-1072.5209999999995,-6,-15,-8,-89.963,1,3,-669000,-246.522,-264.09599999999995,8.22,59,2433,2411,,-132,3363.401,3172.2440000000006,-1015.1549999999995,38.53,26.41,23,33.22,true,false,-1.22,0.11,中期趨勢仍向下；ETF 1/3日已轉為減碼；20日趨勢尚未上彎；當下除權息調整價未守20日EMA
351,6409,旭隼,TWSE,其他電子業,暫不承接,降低部位,trim,停止加碼；反彈未站回恢復區時分批減碼,每個交易日收盤後，確認是否站回恢復區,"已有部位先停止加碼。反彈若仍未站回 1,004.67，分批降低部位；只有站回且ETF／外資賣壓收斂後才重新評估。",價格跌破60日EMA且20日趨勢向下；外資持股5/10日下降且外資5日賣超,48.4,47.4,43.1,85,100,完整,977,979,25.81,-4.29,18.11,58.77,134.82,12.58,37.85,10.84,3.76,12,1,8,42,80,134,0,47.271,-169.04999999999998,-170.755,122.94800000000001,10.459,67.81500000000001,106.763,284.07300000000004,5,0,66255255,-4.498999999999999,-0.37699999999999934,52.42,24,-211,-207,,24.755,-232.36600000000004,-277.1410000000001,-149.91500000000002,45.28,20.58,27.16,7.4,false,false,-2.75,-5.6,中期趨勢仍向下；外資持股5/10日下降，且外資5日賣超；20日趨勢尚未上彎；當下除權息調整價未守20日EMA
352,2883,凱基金,TWSE,金融保險業,暫不承接,保護持有,protect,今天不新增部位；未完成確認前不機械式賣出,今天收盤後；若跌破，再看下一交易日是否收復,已有部位暫停加碼；若收盤跌破60日EMA約 30.53，且下一交易日仍未收復，先減碼三分之一；若ETF或外資繼續轉弱，再分批降低部位。,ETF 5/10日同步減碼,57.4,47.3,49.3,85,92,可用,36.95,36.95,,,,89.78,,1.64,12.92,1.46,2.71,25,6068,1291,-931,-2819,91930,-1458,3856.979,33908.144,130839.2,197258.24099999992,7322.068,8966.786,2857.4840000000013,99836.82800000001,5,0,331322743,864.867,-1454.7080000000003,27.12,-3673,21843,123449,,-3641.62,24076.491,129436.424,101813.74,80.02,92.27,88.95,98.92,false,false,10.9,9.16,ETF短中期同步減碼；20日累積後5日轉為調節；主動ETF 5日轉為減碼；短線過熱或乖離過大；借券賣出與借券賣出餘額壓力升高
353,2458,義隆,TWSE,半導體業,暫不承接,降低部位,trim,停止加碼；反彈未站回恢復區時分批減碼,每個交易日收盤後，確認是否站回恢復區,已有部位先停止加碼。反彈若仍未站回 150.08，分批降低部位；只有站回且ETF／外資賣壓收斂後才重新評估。,價格跌破60日EMA且20日趨勢向下；ETF 5/10日同步減碼,39.3,46.6,64.4,85,100,完整,131,131.5,-13.21,2.03,22.95,31.65,227.9,5.53,12.17,3.35,5.4,17,-80,-61,-5,-186,1027,0,56.965,-477.37600000000003,-2728.201,-8698.051,-102,-28.959999999999994,-210.149,498.9180000000001,3,2,-3793760,-188.62099999999998,-278.635,19.27,405,86,-173,,163.952,-259.795,-2239.417,-9172.850999999999,31.23,23.17,20.92,27.67,true,false,-6.72,-3.32,中期趨勢仍向下；ETF短中期同步減碼；20日累積後5日轉為調節；ETF 1/3日已轉為減碼；20日趨勢尚未上彎；當下除權息調整價未守20日EMA
354,3583,辛耘,TWSE,半導體業,暫不承接,保護持有,protect,今天不新增部位；未完成確認前不機械式賣出,今天收盤後；若跌破，再看下一交易日是否收復,已有部位暫停加碼；若收盤跌破60日EMA約 739.70，且下一交易日仍未收復，先減碼三分之一；若ETF或外資繼續轉弱，再分批降低部位。,ETF 5/10日同步減碼；外資持股5/10日下降且外資5日賣超,46.1,45.6,34.8,85,100,完整,722,726,6.58,6.76,14.84,64.8,115.15,9.16,44.29,5.94,0.8,4,-35,-48,-48,-48,-970,-48,124.894,-676.079,-888.1719999999998,-1001.1970000000001,-58,-77,-77,-1104.99,0,2,-55594000,70.271,78.06700000000002,21.75,173,-531,-768,,159.066,-669.3499999999999,-889.239,150.74499999999992,48.63,39.89,49.5,20.66,false,true,-0.84,-0.28,ETF短中期同步減碼；ETF 1/3日已轉為減碼；主動ETF 5日轉為減碼；外資持股5/10日下降，且外資5日賣超；當下除權息調整價未守20日EMA
355,6831,邁科,TWSE,電腦及週邊設備業,暫不承接,降低部位,trim,停止加碼；反彈未站回恢復區時分批減碼,每個交易日收盤後，確認是否站回恢復區,已有部位先停止加碼。反彈若仍未站回 633.20，分批降低部位；只有站回且ETF／外資賣壓收斂後才重新評估。,價格跌破60日EMA且20日趨勢向下；外資持股5/10日下降且外資5日賣超；投信5/10日持續且具金額意義地賣超,47.9,45.2,40.4,85,100,完整,568,590,31.25,20.93,8.86,49.58,153.31,1.66,102.53,13.97,0.53,4,0,0,0,51,-332,0,-426.64,-673.795,-1073.2359999999999,-1482.709,-129,-573,-921,-1593,0,4,-325464000,4.298,314.985,14.53,-298,-69,-504,,-300.788,-105.09300000000002,-467.221,-164.38199999999998,42.41,51.61,55.89,43.05,false,true,-6.24,-8.09,中期趨勢仍向下；投信5/10日持續且具金額意義的賣超；外資持股5/10日下降，且外資5日賣超；20日趨勢尚未上彎；當下除權息調整價未守20日EMA
356,2201,裕隆,TWSE,汽車工業,暫不承接,保護持有,protect,今天不新增部位；未完成確認前不機械式賣出,今天收盤後；若跌破，再看下一交易日是否收復,已有部位暫停加碼；若收盤跌破60日EMA約 28.64，且下一交易日仍未收復，先減碼三分之一；若ETF或外資繼續轉弱，再分批降低部位。,ETF 5/10日同步減碼；外資持股5/10日下降且外資5日賣超,49.9,45,33.6,85,100,完整,30.8,30.9,-3.92,-3.66,9.68,74.19,99.35,0.5,34.61,0.51,1.82,3,30,-327,-709,-693,-657,-834,-1022.079,-10070.548999999999,-8504.746999999998,-2152.051999999997,26,-718,-701,-673.812,3,2,-22114400,-605.749,-423.76200000000006,4.72,221,-5129,-4621,,-1068.434,-8746.800000000001,-7379.985000000001,-1254.825000000001,62.55,75.83,74.5,78.5,false,false,3.87,3.53,累計營收負成長且當月改善不足；ETF短中期同步減碼；主動ETF 5日轉為減碼；外資持股5/10日下降，且外資5日賣超
357,4123,晟德,TPEX,生技醫療業,暫不承接,降低部位,trim,停止加碼；反彈未站回恢復區時分批減碼,每個交易日收盤後，確認是否站回恢復區,已有部位先停止加碼。反彈若仍未站回 34.39，分批降低部位；只有站回且ETF／外資賣壓收斂後才重新評估。,價格跌破60日EMA且20日趨勢向下；ETF 5/10日同步減碼,31.1,44.9,58,85,100,可用,29.55,29.5,15.28,18.09,51.98,28.42,184.68,-11.24,22.22,1.3,7.6,1,0,-309,-618,-618,-583,-618,-669.476,-669.476,-669.476,-669.476,0,0,0,0,0,0,0,-34.476,-34.476,11.22,,,,,-635,-635,-635,-635,20.42,5.4,9.35,-2.52,false,false,-8.02,-5.44,中期趨勢仍向下；ETF短中期同步減碼；主動ETF 5日轉為減碼；外資持股趨勢資料不足或期間有非市場異動；20日趨勢尚未上彎；當下除權息調整價未守20日EMA
358,9921,巨大,TWSE,運動休閒,暫不承接,保護持有,protect,今天不新增部位；未完成確認前不機械式賣出,今天收盤後；若跌破，再看下一交易日是否收復,已有部位暫停加碼；若收盤跌破60日EMA約 91.05，且下一交易日仍未收復，先減碼三分之一；若ETF或外資繼續轉弱，再分批降低部位。,未觸發明確減碼訊號,51.5,44.7,37.1,85,100,完整,97.3,100.5,12.75,-7.36,2.77,48.95,184.22,1.11,62.77,1.11,1.87,2,0,0,0,0,-2,0,-182.748,-270.408,730.9540000000001,11085.346000000001,-1,-2,-2,114.276,0,2,-194600,-133.822,-336.837,32.1,-77,88,2483,,-175.205,-134.586,1069.791,11002.643,47.99,13.32,26.34,-12.72,false,false,-2.63,-4.61,
359,9939,宏全,TWSE,其他,暫不承接,降低部位,trim,停止加碼；反彈未站回恢復區時分批減碼,每個交易日收盤後，確認是否站回恢復區,已有部位先停止加碼。反彈若仍未站回 131.97，分批降低部位；只有站回且ETF／外資賣壓收斂後才重新評估。,價格跌破60日EMA且20日趨勢向下；ETF 5/10日同步減碼；外資持股5/10日下降且外資5日賣超,36.7,44.3,46.8,85,100,完整,129,129.5,-1,2.72,16.21,59.06,108.5,6.55,11.73,1.93,4.81,6,0,-4,-131,-629,-907,-124,-698.407,-1037.9,-1437.181,-912.3700000000003,-51,-244.22199999999998,-742.663,-1068.96,0,5,-31504638,40.24999999999999,47.57299999999999,16.73,-654,-934,-846,,-675,-833.928,-742.091,66.13599999999997,41.99,24.69,34.17,5.73,false,false,-2.25,-1.9,中期趨勢仍向下；ETF短中期同步減碼；主動ETF 5日轉為減碼；投信5/10日持續且具金額意義的賣超；外資持股5/10日下降，且外資5日賣超；20日趨勢尚未上彎；當下除權息調整價未守20日EMA
360,8454,富邦媒,TWSE,數位雲端,暫不承接,保護持有,protect,今天不新增部位；未完成確認前不機械式賣出,今天收盤後；若跌破，再看下一交易日是否收復,已有部位暫停加碼；若收盤跌破60日EMA約 256.14，且下一交易日仍未收復，先減碼三分之一；若ETF或外資繼續轉弱，再分批降低部位。,價格跌破60日EMA且20日趨勢向下,47.6,43.5,30.2,85,100,完整,242,254,5.23,2.77,2.94,70.81,68.67,4.81,23.29,7.72,4.13,7,-1,-1,19,18,2,0,-19.016,-122.35900000000001,-115.65899999999999,123.013,-1.229,13.703000000000003,13.407000000000004,-5.694999999999996,1,3,3316126,11.905000000000001,5.494,11.73,5,-91,143,,-25.425,-147.96700000000004,-134.56000000000006,106.09599999999995,39.64,20.29,18.07,24.75,true,false,-3.59,-2.02,中期趨勢仍向下；ETF 1/3日已轉為減碼；20日趨勢尚未上彎
361,2646,星宇航空,TWSE,航運業,暫不承接,保護持有,protect,今天不新增部位；未完成確認前不機械式賣出,今天收盤後；若跌破，再看下一交易日是否收復,已有部位暫停加碼；若收盤跌破60日EMA約 20.98，且下一交易日仍未收復，先減碼三分之一；若ETF或外資繼續轉弱，再分批降低部位。,外資持股5/10日下降且外資5日賣超,46.5,43.2,22.1,85,100,完整,20.5,22.55,42.79,31.97,1.81,80.06,79.55,-0.11,,2.01,,2,0,0,0,0,-14,0,-810,-3938.076,-2935.0589999999997,-647.8109999999997,-6,-13,-11,-37.304,1,2,-266500,-16.969,54.122,3.21,-965,-3262,-3607,,-853,-3908.107,-2978.181,-672.8299999999999,38.7,18.62,30.35,-4.85,false,false,-1.79,-1.91,中期趨勢仍向下；外資持股5/10日下降，且外資5日賣超；20日趨勢尚未上彎
362,6715,嘉基,TWSE,電子零組件業,暫不承接,保護持有,protect,今天不新增部位；未完成確認前不機械式賣出,今天收盤後；若跌破，再看下一交易日是否收復,已有部位暫停加碼；若收盤跌破60日EMA約 383.45，且下一交易日仍未收復，先減碼三分之一；若ETF或外資繼續轉弱，再分批降低部位。,價格跌破60日EMA且20日趨勢向下,45.9,43.2,52.5,85,100,完整,339,333,23.35,2.68,6.77,20.15,319.88,0.89,223.03,6.26,0.57,1,0,0,0,1,-138,0,192.706,1.6899999999999515,-874.666,-723.473,0,0,1,293,0,0,0,42.541000000000004,30.752,1.42,235,210,-551,,188.841,-40.85099999999999,-906.4179999999999,-1112.0639999999999,44.88,22.85,16.6,35.35,true,false,-5.87,6.44,中期趨勢仍向下；20日趨勢尚未上彎；當下除權息調整價未守20日EMA；估值高且成長不足以支撐
363,4966,譜瑞-KY,TPEX,半導體業,暫不承接,降低部位,trim,停止加碼；反彈未站回恢復區時分批減碼,每個交易日收盤後，確認是否站回恢復區,已有部位先停止加碼。反彈若仍未站回 600.91，分批降低部位；只有站回且ETF／外資賣壓收斂後才重新評估。,價格跌破60日EMA且20日趨勢向下；ETF 5/10日同步減碼,39.3,42.8,64.6,85,100,可用,566,576,-4.34,-0.78,13.79,14.61,478.03,14.43,18,1.96,3.14,7,5,-283,-356,-773,-250,-368,29.08,29.08,29.08,29.08,5,5,5,5,1,0,2830000,-1.231,-1.231,40.01,,,,,25.311,25.311,25.311,25.311,44.2,38.53,48.03,19.52,false,true,-1.79,-2.08,累計營收負成長且當月改善不足；中期趨勢仍向下；ETF短中期同步減碼；主動ETF 5日轉為減碼；外資持股趨勢資料不足或期間有非市場異動；20日趨勢尚未上彎；當下除權息調整價未守20日EMA
364,3576,聯合再生,TWSE,光電業,暫不承接,保護持有,protect,今天不新增部位；未完成確認前不機械式賣出,今天收盤後；若跌破，再看下一交易日是否收復,已有部位暫停加碼；若收盤跌破60日EMA約 17.48，且下一交易日仍未收復，先減碼三分之一；若ETF或外資繼續轉弱，再分批降低部位。,價格跌破60日EMA且20日趨勢向下,43.4,42.7,40.9,85,100,完整,17.05,17.25,72.75,-14.82,-55.84,46.52,154.12,0.93,31.57,2.15,,1,0,0,0,0,-6,0,-91.8,-1923.1370000000004,2786.581,9493.273000000001,0,0,0,-6.181,0,0,0,53,-1,14.95,-120,-1976,2788,,-119.8,-1976.1370000000004,2787.581,9547.554,47.13,29.39,41.85,4.47,false,true,-1.4,-6.32,中期趨勢仍向下；20日趨勢尚未上彎；當下除權息調整價未守20日EMA；單季稅前獲利對營業外貢獻依賴偏高
365,2912,統一超,TWSE,貿易百貨,暫不承接,降低部位,trim,停止加碼；反彈未站回恢復區時分批減碼,每個交易日收盤後，確認是否站回恢復區,已有部位先停止加碼。反彈若仍未站回 224.23，分批降低部位；只有站回且ETF／外資賣壓收斂後才重新評估。,價格跌破60日EMA且20日趨勢向下；ETF 5/10日同步減碼；外資持股5/10日下降且外資5日賣超,41.9,42.5,30.8,85,100,完整,215,215.5,8.48,5.55,4.22,83.11,76.89,6.03,19.37,5.46,4.19,21,5,-15,-541,-1153,-1789,0,-640.836,-1467.471,-1477.439,1478.2920000000004,5,-543,-1153.493,-2037.0439999999996,1,4,-116745000,-51.283,-52.891,14.37,-580,-911,-1460,,-664.836,-873.1880000000001,-271.0550000000002,3605.365,36.14,16.47,26.87,-4.33,false,false,-2.03,-0.69,中期趨勢仍向下；ETF短中期同步減碼；投信5/10日持續且具金額意義的賣超；外資持股5/10日下降，且外資5日賣超；20日趨勢尚未上彎；當下除權息調整價未守20日EMA
366,2439,美律,TWSE,通信網路業,暫不承接,保護持有,protect,今天不新增部位；未完成確認前不機械式賣出,今天收盤後；若跌破，再看下一交易日是否收復,已有部位暫停加碼；若收盤跌破60日EMA約 82.78，且下一交易日仍未收復，先減碼三分之一；若ETF或外資繼續轉弱，再分批降低部位。,價格跌破60日EMA且20日趨勢向下,41.6,42.3,48.8,85,100,可用,76.9,76.9,-0.29,9.93,0.98,54.44,163.73,1.54,14.03,1.14,5.31,7,14,37,44,53,481,0,-510.073,-2081.288,-2676.6380000000004,-5570.088000000002,14,44,53,481,3,2,3383600,-249.41699999999997,-313.61899999999997,8.84,-7,-38,-661,,-522.551,-1875.871,-2416.019,-5900.927000000001,32.34,12.35,20.73,-4.39,false,false,-3.54,-2.41,中期趨勢仍向下；外資持股趨勢資料不足或期間有非市場異動；20日趨勢尚未上彎；當下除權息調整價未守20日EMA；單季稅前獲利對營業外貢獻依賴偏高
367,2409,友達,TWSE,光電業,暫不承接,保護持有,protect,今天不新增部位；未完成確認前不機械式賣出,今天收盤後；若跌破，再看下一交易日是否收復,已有部位暫停加碼；若收盤跌破60日EMA約 25.61，且下一交易日仍未收復，先減碼三分之一；若ETF或外資繼續轉弱，再分批降低部位。,ETF 5/10日同步減碼；投信5/10日持續且具金額意義地賣超,56.5,41.9,27.2,85,100,可用,28.7,28.95,-2.64,-1.21,-0.3,55.81,116.87,0.03,119.58,1.4,1.39,10,4,-1125,-2329,-2508,-2579,-2243,177822.653,211212.338,281651.541,195853.99300000002,3.873,-2329.283,-2507.9399999999996,-2579.0839999999994,1,3,-66850422,20645.082,21024.011,13.75,161425,206933,269993,,156579.623,192896.539,263135.47000000003,185480.67400000003,65.98,64.65,58.1,77.75,false,false,9.12,7.69,累計營收負成長且當月改善不足；ETF短中期同步減碼；主動ETF 5日轉為減碼；投信5/10日持續且具金額意義的賣超；外資持股趨勢資料不足或期間有非市場異動；估值高且成長不足以支撐；單季稅前獲利對營業外貢獻依賴偏高
368,6176,瑞儀,TWSE,光電業,暫不承接,降低部位,trim,停止加碼；反彈未站回恢復區時分批減碼,每個交易日收盤後，確認是否站回恢復區,已有部位先停止加碼。反彈若仍未站回 109.87，分批降低部位；只有站回且ETF／外資賣壓收斂後才重新評估。,價格跌破60日EMA且20日趨勢向下；外資持股5/10日下降且外資5日賣超,35.9,41.6,55.5,85,100,完整,91.4,90.8,-9.48,-6.48,10.12,48.32,178.45,2.81,11.3,1.16,3.83,6,2,2,2,-50,-2714,0,-131.936,-1127.3190000000002,-4354.955000000001,-7064.343000000001,2,2,-50,-50.175,1,0,182800,3.838999999999996,38.105,33.5,-335,-1665,-2498,,-135.272,-1133.1580000000001,-4343.06,-7058.915,22.64,9.71,7.73,13.66,true,true,-7.83,0.22,累計營收負成長且當月改善不足；中期趨勢仍向下；外資持股5/10日下降，且外資5日賣超；20日趨勢尚未上彎；當下除權息調整價未守20日EMA
369,1718,中纖,TWSE,化學工業,暫不承接,保護持有,protect,今天不新增部位；未完成確認前不機械式賣出,今天收盤後；若跌破，再看下一交易日是否收復,已有部位暫停加碼；若收盤跌破60日EMA約 10.55，且下一交易日仍未收復，先減碼三分之一；若ETF或外資繼續轉弱，再分批降低部位。,ETF 5/10日同步減碼；外資持股5/10日下降且外資5日賣超,40.7,41.4,29.2,85,100,可用,10.45,10.5,11.17,3.08,,90.72,88.16,0.46,17.71,0.59,,1,0,-22,-22,-42,-79,0,-1653.241,-16190.736,-9182.352000000003,-4029.175000000004,0,-22,-42,-79,0,1,-229900,-587.942,-686.587,5.42,-1301,-10863,-5379,,-1594.279,-15580.794,-8453.765,-3415.9029999999993,45.02,19.12,31.84,-6.3,false,false,-2.43,-4.13,ETF短中期同步減碼；外資持股5/10日下降，且外資5日賣超；當下除權息調整價未守20日EMA
370,2498,宏達電,TWSE,通信網路業,暫不承接,保護持有,protect,今天不新增部位；未完成確認前不機械式賣出,今天收盤後；若跌破，再看下一交易日是否收復,已有部位暫停加碼；若收盤跌破60日EMA約 41.58，且下一交易日仍未收復，先減碼三分之一；若ETF或外資繼續轉弱，再分批降低部位。,ETF 5/10日同步減碼；外資持股5/10日下降且外資5日賣超,44.8,41,47.2,85,93,可用,41,40.5,21.2,-6.79,-89.63,32.56,220.19,-0.62,15.83,1.31,1.22,4,0,-8,-8,-30,-41,0,-1107.983,-2508.786,-3600.231,-3981.16,0,-8,-30,-41.485,0,2,-328000,386.06,307.295,8.72,-990,-2380,-2670,,-981.016,-2886.8459999999995,-3877.5259999999994,-4303.748999999999,50.37,42.41,46.53,34.17,false,true,0.32,1.99,ETF短中期同步減碼；外資持股5/10日下降，且外資5日賣超；當下除權息調整價未守20日EMA
371,2002,中鋼,TWSE,鋼鐵工業,暫不承接,降低部位,trim,停止加碼；反彈未站回恢復區時分批減碼,每個交易日收盤後，確認是否站回恢復區,已有部位先停止加碼。反彈若仍未站回 19.09，分批降低部位；只有站回且ETF／外資賣壓收斂後才重新評估。,價格跌破60日EMA且20日趨勢向下；外資持股5/10日下降且外資5日賣超,52.4,40.7,24,85,100,可用,19,19,21.85,2.63,1.81,51.15,126.1,-0.03,,0.96,0.79,8,67,612,1876,1841,1699,0,-1167.983,-1067.9169999999995,-21037.732,15658.804000000004,27,1786,1617.8319999999999,1375.1689999999999,5,0,33934000,499.59899999999993,-730.1189999999999,14.92,-7108,-9442,-27255,,-1414.983,-3353.5159999999996,-21925.445,19334.078999999998,47.79,26.71,28.14,23.85,true,true,-0.46,0.26,中期趨勢仍向下；外資持股5/10日下降，且外資5日賣超；20日趨勢尚未上彎；當下除權息調整價未守20日EMA；官方重大訊息出現高風險關鍵字，須查原文
372,4919,新唐,TWSE,半導體業,暫不承接,保護持有,protect,今天不新增部位；未完成確認前不機械式賣出,今天收盤後；若跌破，再看下一交易日是否收復,已有部位暫停加碼；若收盤跌破60日EMA約 134.62，且下一交易日仍未收復，先減碼三分之一；若ETF或外資繼續轉弱，再分批降低部位。,價格跌破60日EMA且20日趨勢向下,53.8,34.5,19.8,85,100,完整,122.5,124.5,7.92,-0.34,-2.79,46.5,189.95,-0.57,,3.31,,7,0,0,4,-7,-35,0,-28.337,690.912,1165.214,1687.6979999999996,0,4,-7.089,-35.287,1,1,490000,53.111000000000004,93.811,4.37,-438,255,530,,-174.815,633.801,1078.4920000000002,934.5870000000002,47.92,57.25,54.8,62.16,true,true,0.33,2.08,累計營收負成長且當月改善不足；中期趨勢仍向下；20日趨勢尚未上彎；單季稅前獲利對營業外貢獻依賴偏高
373,8033,雷虎,TWSE,其他,暫不承接,降低部位,trim,停止加碼；反彈未站回恢復區時分批減碼,每個交易日收盤後，確認是否站回恢復區,已有部位先停止加碼。反彈若仍未站回 183.80，分批降低部位；只有站回且ETF／外資賣壓收斂後才重新評估。,價格跌破60日EMA且20日趨勢向下；ETF 5/10日同步減碼；外資持股5/10日下降且外資5日賣超,37.7,34.5,44.2,85,100,完整,177,178,-9.48,7.42,-0.26,23.39,337.66,0.62,368.75,8.95,,1,0,-3,-3,-6,-11,0,-223.815,-1477.339,-5768.1449999999995,-16632.418999999998,0,-3,-6,-11,0,1,-531000,-11.847000000000001,-117.11900000000001,4.68,-401,-332,-3143,,-257.113,-1462.4920000000002,-5645.026000000001,-16801.316,45.76,16.6,24.07,1.65,false,false,-3.7,-5.35,中期趨勢仍向下；ETF短中期同步減碼；外資持股5/10日下降，且外資5日賣超；20日趨勢尚未上彎；當下除權息調整價未守20日EMA；估值高且成長不足以支撐；借券賣出與借券賣出餘額壓力升高；單季稅前獲利對營業外貢獻依賴偏高
374,2466,冠西電,TWSE,光電業,暫不承接,保護持有,protect,今天不新增部位；未完成確認前不機械式賣出,今天收盤後；若跌破，再看下一交易日是否收復,已有部位暫停加碼；若收盤跌破60日EMA約 89.61，且下一交易日仍未收復，先減碼三分之一；若ETF或外資繼續轉弱，再分批降低部位。,ETF 5/10日同步減碼；外資持股5/10日下降且外資5日賣超,46.3,34.3,20.2,85,100,完整,100.5,90.6,-9.82,-11.03,-12.17,58.31,118.6,0.05,64.01,9,,1,0,-3,-3,-6,-11,0,302.122,-155.7549999999999,-700.5749999999999,-2351.809,0,-3,-6,-11,0,1,-301500,-1,5,11.41,304,-152,-700,,304.122,-151.7549999999999,-699.5749999999999,-2342.48,52.88,29.92,37.82,14.14,false,false,1.51,1.52,累計營收負成長且當月改善不足；ETF短中期同步減碼；外資持股5/10日下降，且外資5日賣超；當下除權息調整價未守20日EMA；單季稅前獲利對營業外貢獻依賴偏高
375,6643,M31,TPEX,半導體業,暫不承接,保護持有,protect,今天不新增部位；未完成確認前不機械式賣出,今天收盤後；若跌破，再看下一交易日是否收復,已有部位暫停加碼；若收盤跌破60日EMA約 443.27，且下一交易日仍未收復，先減碼三分之一；若ETF或外資繼續轉弱，再分批降低部位。,價格跌破60日EMA且20日趨勢向下,42.8,33.3,38.5,85,100,可用,411,415,29.21,-2.89,-10.18,10.91,573.46,-1.24,432.63,9.21,0.29,1,0,0,0,0,29,0,1.012,1.012,1.012,1.012,0,0,0,0,0,0,0,3.141,3.141,14.13,,,,,-2.129,-2.129,-2.129,-2.129,45.53,20.88,29.2,4.23,false,false,-2.16,-0.12,中期趨勢仍向下；外資持股趨勢資料不足或期間有非市場異動；20日趨勢尚未上彎；當下除權息調整價未守20日EMA
376,9914,美利達,TWSE,運動休閒,暫不承接,降低部位,trim,停止加碼；反彈未站回恢復區時分批減碼,每個交易日收盤後，確認是否站回恢復區,已有部位先停止加碼。反彈若仍未站回 82.12，分批降低部位；只有站回且ETF／外資賣壓收斂後才重新評估。,價格跌破60日EMA且20日趨勢向下；ETF 5/10日同步減碼；外資持股5/10日下降且外資5日賣超,26.8,28.4,36.2,85,100,完整,77.8,77.8,-1.08,-13.22,8.5,44.19,142.91,2.15,22.55,1.19,3.6,1,0,-153,-305,-305,-304,-305,-696.333,-2164.7509999999997,-3651.0519999999997,-2155.7160000000003,-1,-308,-308,-192.324,0,4,-23962400,-109.101,-235.533,26.51,-388,-1184,-1993,,-650.847,-1747.6499999999999,-3107.519,-2587.87,40.68,4.19,10.19,-7.8,false,false,-5.26,-5.01,累計營收負成長且當月改善不足；中期趨勢仍向下；ETF短中期同步減碼；主動ETF 5日轉為減碼；投信5/10日持續且具金額意義的賣超；外資持股5/10日下降，且外資5日賣超；20日趨勢尚未上彎；當下除權息調整價未守20日EMA
377,8415,大國鋼,TPEX,鋼鐵工業,不建立部位,保護持有,protect,今天不新增部位；未完成確認前不機械式賣出,今天收盤後；若跌破，再看下一交易日是否收復,已有部位暫停加碼；若收盤跌破60日EMA約 36.82，且下一交易日仍未收復，先減碼三分之一；若ETF或外資繼續轉弱，再分批降低部位。,未觸發明確減碼訊號,62.6,74.4,77.5,85,100,可用,37.2,37.42,36.76,21.39,21.86,35.39,194.62,2.17,9.37,1.31,4.03,1,0,248,423,423,423,423,-82.679,-82.679,-82.679,-82.679,0,0,0,0,0,0,0,99.999,99.999,7.41,,,,,-182.678,-182.678,-182.678,-182.678,47.24,38.68,33.68,48.68,true,false,-0.74,1.22,"單日成交金額低於5,000萬元；外資持股趨勢資料不足或期間有非市場異動；20日趨勢尚未上彎；當下除權息調整價未守20日EMA；ETF加碼金額或跨基金共識不足"
378,6670,復盛應用,TWSE,運動休閒,不建立部位,保護持有,protect,今天不新增部位；未完成確認前不機械式賣出,今天收盤後；若跌破，再看下一交易日是否收復,已有部位暫停加碼；若收盤跌破60日EMA約 267.46，且下一交易日仍未收復，先減碼三分之一；若ETF或外資繼續轉弱，再分批降低部位。,未觸發明確減碼訊號,69.2,72.5,66.7,85,100,完整,276,275.75,25.09,11.6,15.25,40.17,200.45,13.1,11.27,2.48,5.8,6,10,81,153,171,166,106,1,-30.49199999999999,671.547,887.238,10,152.957,209.35,203.62199999999999,4,1,42216132,-54.056999999999995,-34.852,24.9,0,-78,577,,1,-129.392,497.049,699.895,55.75,54.78,58.66,47.01,false,true,1.66,-4,"單日成交金額低於5,000萬元；ETF加碼金額或跨基金共識不足"
379,1808,潤隆,TWSE,建材營造,不建立部位,保護持有,protect,今天不新增部位；未完成確認前不機械式賣出,今天收盤後；若跌破，再看下一交易日是否收復,已有部位暫停加碼；若收盤跌破60日EMA約 32.85，且下一交易日仍未收復，先減碼三分之一；若ETF或外資繼續轉弱，再分批降低部位。,外資持股5/10日下降且外資5日賣超,68.5,72.1,55.8,85,100,完整,34.25,34.25,3460.15,13488.27,22.07,73.55,166.02,2.52,8.1,2.22,4.38,2,0,680,1159,1159,1145,1159,-505,-722.7579999999998,-3148.5779999999995,1235.393,0,1159,1159,1145.038,3,0,39695750,11,231.51999999999998,4.29,-188,-1268,-4286,,-505,-1892.7579999999998,-4539.097999999999,-474.16499999999894,50.84,31.18,41.48,10.58,false,false,-0.58,0.44,"單日成交金額低於5,000萬元；外資持股5/10日下降，且外資5日賣超；當下除權息調整價未守20日EMA；ETF加碼金額或跨基金共識不足"
380,9946,三發地產,TWSE,建材營造,不建立部位,降低部位,trim,停止加碼；反彈未站回恢復區時分批減碼,每個交易日收盤後，確認是否站回恢復區,已有部位先停止加碼。反彈若仍未站回 18.18，分批降低部位；只有站回且ETF／外資賣壓收斂後才重新評估。,價格跌破60日EMA且20日趨勢向下；ETF 5/10日同步減碼；外資持股5/10日下降且外資5日賣超,49.5,71.4,86.2,85,100,完整,17.2,17.5,1180.83,3975.11,45.27,58.38,224.99,2.84,3.69,0.77,8.02,2,0,-3,-3,-6,-12,0,-80,-148.92000000000002,-974.644,-557.354,0,-3,-6,-12,0,1,-51600,-11,-32.007999999999996,2.97,-55,-40,-1122,,-80,-134.92000000000002,-936.636,-453.346,35.12,10.53,14.47,2.66,false,false,-4.43,-0.29,"單日成交金額低於5,000萬元；中期趨勢仍向下；ETF短中期同步減碼；外資持股5/10日下降，且外資5日賣超；20日趨勢尚未上彎；當下除權息調整價未守20日EMA"
381,1419,新紡,TWSE,紡織纖維,不建立部位,保護持有,protect,今天不新增部位；未完成確認前不機械式賣出,今天收盤後；若跌破，再看下一交易日是否收復,已有部位暫停加碼；若收盤跌破60日EMA約 65.90，且下一交易日仍未收復，先減碼三分之一；若ETF或外資繼續轉弱，再分批降低部位。,今日漲停／趨勢站穩；ETF偏弱，先觀察,55.1,69.1,72.4,85,100,完整,68.3,75.1,30.69,28.41,9.09,17.87,178.88,11.2,4.91,0.9,2.64,1,0,-70,-140,-140,-140,-140,14,29.296,-62.75899999999999,-133.082,0,-140,-140,-140,0,2,-9562000,7,1,1.39,23,144,48,,15,162.296,76.24099999999999,13.917999999999989,59.42,82.17,76.98,92.54,true,true,2.96,3.96,"單日成交金額低於5,000萬元；ETF短中期同步減碼；主動ETF 5日轉為減碼；短線過熱或乖離過大；KD高檔死亡交叉，等待動能確認；單季稅前獲利對營業外貢獻依賴偏高"
382,8109,博大,TPEX,電子零組件業,不建立部位,保護持有,protect,今天不新增部位；未完成確認前不機械式賣出,今天收盤後；若跌破，再看下一交易日是否收復,已有部位暫停加碼；若收盤跌破60日EMA約 128.52，且下一交易日仍未收復，先減碼三分之一；若ETF或外資繼續轉弱，再分批降低部位。,未觸發明確減碼訊號,58.4,68.7,79.8,85,100,可用,129,129.5,45.35,26.9,36.05,22.91,415.49,3.84,17.36,3.5,3.49,1,3,31,54,54,50,0,-9.376,-9.376,-9.376,-9.376,3,3,3,3,1,0,387000,-3.376,-3.376,3.81,,,,,-9,-9,-9,-9,47.56,33.41,40.92,18.38,false,true,-1.3,0,"單日成交金額低於5,000萬元；外資持股趨勢資料不足或期間有非市場異動；當下除權息調整價未守20日EMA；ETF加碼金額或跨基金共識不足"
383,6026,福邦證,TPEX,金融業,不建立部位,保護持有,protect,今天不新增部位；未完成確認前不機械式賣出,今天收盤後；若跌破，再看下一交易日是否收復,已有部位暫停加碼；若收盤跌破60日EMA約 14.97，且下一交易日仍未收復，先減碼三分之一；若ETF或外資繼續轉弱，再分批降低部位。,未觸發明確減碼訊號,62.9,68.5,71.6,85,100,可用,15.15,15.2,-44.17,159.98,,63.75,137.88,1.08,5.49,0.95,9,2,37,75,54,42,24,0,13.777,13.777,13.777,13.777,36.777,36.777,36.777,36.777,1,0,557172,0,0,5.63,,,,,-23,-23,-23,-23,59.36,77.89,77.35,78.97,true,true,2.08,1,"單日成交金額低於5,000萬元；外資持股趨勢資料不足或期間有非市場異動；ETF加碼金額或跨基金共識不足"
384,5306,桂盟,TWSE,運動休閒,不建立部位,保護持有,protect,今天不新增部位；未完成確認前不機械式賣出,今天收盤後；若跌破，再看下一交易日是否收復,已有部位暫停加碼；若收盤跌破60日EMA約 91.51，且下一交易日仍未收復，先減碼三分之一；若ETF或外資繼續轉弱，再分批降低部位。,外資持股5/10日下降且外資5日賣超,59.2,68.3,65.8,85,85,完整,93.1,93,27.07,10.88,22.73,34.61,153.49,3.94,13.19,1.23,4.03,1,0,72,122,122,122,72,-13.7,-61.59100000000001,-104.436,51.73299999999999,0,122,122,122,3,0,11358200,-1,5,12.99,-21,-182,-239,,-13.7,-182.591,-231.436,-67.26700000000008,48.3,27.27,29,23.79,true,true,-0.81,-0.53,"單日成交金額低於5,000萬元；外資持股5/10日下降，且外資5日賣超；當下除權息調整價未守20日EMA"
385,8499,鼎炫-KY,TWSE,其他電子業,不建立部位,保護持有,protect,今天不新增部位；未完成確認前不機械式賣出,今天收盤後；若跌破，再看下一交易日是否收復,已有部位暫停加碼；若收盤跌破60日EMA約 270.14，且下一交易日仍未收復，先減碼三分之一；若ETF或外資繼續轉弱，再分批降低部位。,未觸發明確減碼訊號,54.4,68.2,78,85,100,完整,258,262,135.9,93.56,14.34,24.81,345.43,3.91,24.27,1.27,3.1,1,0,0,0,0,0,0,11,3.324,-13.713000000000001,27.371000000000002,0,0,0,0,0,0,0,0.324,-2.713,72.11,10,32,36,,10,3,-11,28,46.05,11.42,18.55,-2.86,false,false,-1.67,-0.77,"單日成交金額低於5,000萬元；當下除權息調整價未守20日EMA"
386,6902,GOGOLOOK,TWSE,數位雲端,不建立部位,保護持有,protect,今天不新增部位；未完成確認前不機械式賣出,今天收盤後；若跌破，再看下一交易日是否收復,已有部位暫停加碼；若收盤跌破60日EMA約 125.12，且下一交易日仍未收復，先減碼三分之一；若ETF或外資繼續轉弱，再分批降低部位。,未觸發明確減碼訊號,62.1,68.2,60.4,85,93,可用,126,125.5,30.83,28,19.35,43.02,231.06,3.33,26.2,5.49,,1,0,0,0,0,2,0,20.99,13.049999999999995,34.979,17.438999999999993,0,0,0,0,0,0,0,-3,-2,3.92,19,8,28,,20.99,16.049999999999994,36.97899999999999,16.63199999999999,48.89,38.49,35.94,43.58,true,false,-0.33,-1.18,"單日成交金額低於5,000萬元；當下除權息調整價未守20日EMA"
387,2495,普安,TWSE,電腦及週邊設備業,不建立部位,保護持有,protect,今天不新增部位；未完成確認前不機械式賣出,今天收盤後；若跌破，再看下一交易日是否收復,已有部位暫停加碼；若收盤跌破60日EMA約 40.16，且下一交易日仍未收復，先減碼三分之一；若ETF或外資繼續轉弱，再分批降低部位。,價格跌破60日EMA且20日趨勢向下,57.6,67.6,69.9,85,100,完整,37.4,38.4,64.24,46.43,14.2,42.69,215.77,0.61,18.42,2.26,2.14,2,30,70,98,110,112,0,173.149,-140.80700000000002,127.4489999999999,1041.241,30,98,110,112,4,0,3665200,-30.888,-46.883,8.21,166,-41,301,,149.149,-207.91899999999998,64.332,1118.913,43.48,41.33,44.4,35.18,false,true,-1.78,-2.48,"單日成交金額低於5,000萬元；中期趨勢仍向下；20日趨勢尚未上彎；ETF加碼金額或跨基金共識不足"
388,5288,豐祥-KY,TWSE,電機機械,不建立部位,保護持有,protect,今天不新增部位；未完成確認前不機械式賣出,今天收盤後；若跌破，再看下一交易日是否收復,已有部位暫停加碼；若收盤跌破60日EMA約 184.83，且下一交易日仍未收復，先減碼三分之一；若ETF或外資繼續轉弱，再分批降低部位。,ETF 5/10日同步減碼,57.1,67.6,70.4,85,100,完整,191,190.5,52.81,32.27,14.42,26.27,230.68,8.03,12.73,2.1,3.4,1,0,-64,-128,-128,-128,-128,12.215,-10.028999999999995,20.53000000000001,60.57600000000005,0,-123,-113,-98,0,2,-23493000,0.7409999999999997,-3.0210000000000004,60.04,10,75,132,,9.017,112.23,136.55100000000004,161.75800000000004,52.5,55.45,47.79,70.75,false,false,0.76,2.41,"單日成交金額低於5,000萬元；ETF短中期同步減碼；主動ETF 5日轉為減碼；20日趨勢尚未上彎"
389,2607,榮運,TWSE,航運業,不建立部位,保護持有,protect,今天不新增部位；未完成確認前不機械式賣出,今天收盤後；若跌破，再看下一交易日是否收復,已有部位暫停加碼；若收盤跌破60日EMA約 49.94，且下一交易日仍未收復，先減碼三分之一；若ETF或外資繼續轉弱，再分批降低部位。,未觸發明確減碼訊號,58.8,67.1,70.1,85,100,完整,53.1,53.8,40.6,7.8,11.94,34.11,198.54,2.68,10.6,0.9,5.08,1,0,0,0,0,-10,0,-95.97,152.905,215.676,891.7269999999999,0,0,0,-9.541,0,0,0,17.053,-3.7090000000000014,8.29,-126,-49,-212,,-109.97,135.852,219.38500000000002,886.6020000000001,66.92,78.22,79.03,76.59,false,true,2.66,0.76,"單日成交金額低於5,000萬元"
390,2108,南帝,TWSE,橡膠工業,不建立部位,保護持有,protect,今天不新增部位；未完成確認前不機械式賣出,今天收盤後；若跌破，再看下一交易日是否收復,已有部位暫停加碼；若收盤跌破60日EMA約 28.96，且下一交易日仍未收復，先減碼三分之一；若ETF或外資繼續轉弱，再分批降低部位。,外資持股5/10日下降且外資5日賣超,56.7,67,75.6,85,100,完整,29,29.5,32.74,24.72,16.6,12.36,812.87,1.28,16.29,0.97,3.45,1,0,0,0,0,-1,0,-631.513,-658.9590000000001,-101.44400000000017,3432.087,0,0,0,-1,0,0,0,23.450000000000006,66.361,6.58,-587,-557,-130,,-664.164,-682.4089999999999,-167.80499999999995,3359.399,45.31,22.44,36.33,-5.32,false,false,-2.53,-4.92,"單日成交金額低於5,000萬元；外資持股5/10日下降，且外資5日賣超；當下除權息調整價未守20日EMA"
391,2480,敦陽科,TWSE,資訊服務業,不建立部位,保護持有,protect,今天不新增部位；未完成確認前不機械式賣出,今天收盤後；若跌破，再看下一交易日是否收復,已有部位暫停加碼；若收盤跌破60日EMA約 155.90，且下一交易日仍未收復，先減碼三分之一；若ETF或外資繼續轉弱，再分批降低部位。,未觸發明確減碼訊號,69.8,67,51.3,85,100,完整,157.5,158,22.36,15.96,12.11,65.42,134.32,4.91,17.98,5.11,4.95,5,5,11,15,16,13,0,19.773,131.973,170.49400000000003,901.5520000000001,5,15.211,16.055999999999997,13.055999999999997,4,1,2395733,1.8939999999999992,4.811999999999999,11.52,17,109,149,,10.651,114.868,149.626,879.673,51.05,34.06,29.13,43.93,true,false,0.29,0.32,"單日成交金額低於5,000萬元；ETF加碼金額或跨基金共識不足"
392,6024,群益期,TWSE,金融保險業,不建立部位,保護持有,protect,今天不新增部位；未完成確認前不機械式賣出,今天收盤後；若跌破，再看下一交易日是否收復,已有部位暫停加碼；若收盤跌破60日EMA約 59.99，且下一交易日仍未收復，先減碼三分之一；若ETF或外資繼續轉弱，再分批降低部位。,外資持股5/10日下降且外資5日賣超,63,66.8,67.2,85,100,完整,62.9,62.5,81,-15.23,,92.26,107.73,4.09,8.66,1.46,5.52,2,0,0,0,0,-1,0,-60.383,-41.193000000000005,-31.868000000000013,662.3609999999999,0,0,0,-1,0,0,0,2,5,5.22,-65,-31,-26,,-60.383,-43.193000000000005,-36.86800000000001,656.3609999999999,58.31,66.61,68.45,62.95,true,true,1.26,-0.94,"單日成交金額低於5,000萬元；外資持股5/10日下降，且外資5日賣超；單季稅前獲利對營業外貢獻依賴偏高"
393,5522,遠雄,TWSE,建材營造,不建立部位,降低部位,trim,停止加碼；反彈未站回恢復區時分批減碼,每個交易日收盤後，確認是否站回恢復區,已有部位先停止加碼。反彈若仍未站回 65.56，分批降低部位；只有站回且ETF／外資賣壓收斂後才重新評估。,價格跌破60日EMA且20日趨勢向下；ETF 5/10日同步減碼,50,66.7,77.5,85,100,完整,63.3,63.2,189.24,453.3,23.71,56.27,172.19,1.99,6.31,1.04,8.69,5,17,-5,-8,-13,-27,0,-56.039,235.36599999999999,-826.0550000000001,-3049.173,15.961,-10.975999999999999,-13.975999999999999,-512.3489999999999,3,2,-694781,44,5.8089999999999975,4.58,-86,23,-1017,,-101,202.34199999999998,-817.888,-2513.481,46.29,64,57.15,77.7,true,false,-0.47,2.59,"單日成交金額低於5,000萬元；中期趨勢仍向下；ETF短中期同步減碼；20日趨勢尚未上彎；當下除權息調整價未守20日EMA"
394,1232,大統益,TWSE,食品工業,不建立部位,保護持有,protect,今天不新增部位；未完成確認前不機械式賣出,今天收盤後；若跌破，再看下一交易日是否收復,已有部位暫停加碼；若收盤跌破60日EMA約 153.53，且下一交易日仍未收復，先減碼三分之一；若ETF或外資繼續轉弱，再分批降低部位。,未觸發明確減碼訊號,67,66.3,51.1,85,100,完整,157.5,157.5,41.52,13.95,8.36,46.42,205.52,4.71,17.44,4.57,4.57,1,0,0,0,0,-1,0,22.266,125.91899999999998,117.43999999999998,359.63699999999994,0,0,0,-2,0,0,0,6.9350000000000005,3.7920000000000007,2.96,26,108,39,,18.266,118.98399999999998,113.64799999999998,339.84499999999997,56.6,53.4,47.35,65.48,true,false,0.89,0.32,"單日成交金額低於5,000萬元"
395,2459,敦吉,TWSE,其他電子業,不建立部位,保護持有,protect,今天不新增部位；未完成確認前不機械式賣出,今天收盤後；若跌破，再看下一交易日是否收復,已有部位暫停加碼；若收盤跌破60日EMA約 65.94，且下一交易日仍未收復，先減碼三分之一；若ETF或外資繼續轉弱，再分批降低部位。,未觸發明確減碼訊號,57.1,66.2,73.6,85,100,完整,66.4,66.05,18.4,11.23,15.75,34.67,199.27,3.19,11.88,1.18,6.33,1,0,0,0,0,0,0,-9,6.027000000000001,-39.777,104.131,0,0,0,0,0,0,0,2,-7,15.59,-11,-134,-167,,-12,4.027000000000001,-32.777,107.131,51.53,34.73,41.36,21.49,false,false,-0.05,-0.75,"單日成交金額低於5,000萬元；當下除權息調整價未守20日EMA"
396,6577,勁豐,TPEX,電腦及週邊設備業,不建立部位,保護持有,protect,今天不新增部位；未完成確認前不機械式賣出,今天收盤後；若跌破，再看下一交易日是否收復,已有部位暫停加碼；若收盤跌破60日EMA約 79.62，且下一交易日仍未收復，先減碼三分之一；若ETF或外資繼續轉弱，再分批降低部位。,未觸發明確減碼訊號,59.3,66.1,67.9,85,100,可用,80,80.45,19.45,3.52,18.63,45.78,188.58,3.52,11.07,3.4,6.25,1,1,3,3,3,3,0,-0.159,-0.159,-0.159,-0.159,1.108,1.108,1.108,1.108,1,0,88640,-0.267,-0.267,1.36,,,,,-1,-1,-1,-1,49.11,56.37,49.37,70.36,false,false,-0.36,-0.87,"單日成交金額低於5,000萬元；外資持股趨勢資料不足或期間有非市場異動"
397,6703,軒郁,TPEX,生技醫療業,不建立部位,保護持有,protect,今天不新增部位；未完成確認前不機械式賣出,今天收盤後；若跌破，再看下一交易日是否收復,已有部位暫停加碼；若收盤跌破60日EMA約 103.84，且下一交易日仍未收復，先減碼三分之一；若ETF或外資繼續轉弱，再分批降低部位。,價格跌破60日EMA且20日趨勢向下,54.8,65.9,66.5,85,100,可用,103.5,102,32.48,15.77,10.87,44.41,224.81,4.13,10.08,2.64,0.97,1,2,13,12,12,11,0,-0.838,-0.838,-0.838,-0.838,2.189,2.189,2.189,2.189,1,0,226562,-0.027,-0.027,14.23,,,,,-3,-3,-3,-3,48.75,74.49,62.07,99.33,true,false,-0.02,0.49,"單日成交金額低於5,000萬元；中期趨勢仍向下；外資持股趨勢資料不足或期間有非市場異動；20日趨勢尚未上彎；當下除權息調整價未守20日EMA"
398,6277,宏正,TWSE,電腦及週邊設備業,不建立部位,保護持有,protect,今天不新增部位；未完成確認前不機械式賣出,今天收盤後；若跌破，再看下一交易日是否收復,已有部位暫停加碼；若收盤跌破60日EMA約 77.45，且下一交易日仍未收復，先減碼三分之一；若ETF或外資繼續轉弱，再分批降低部位。,未觸發明確減碼訊號,59.2,65.8,69.9,85,100,完整,79.6,79.65,30.91,15.24,15.5,33.78,205.16,2.5,19.23,1.98,4.4,2,0,0,0,0,-1,0,-27,34.36,-86.661,2173.3059999999996,0,0,0,-1,0,0,0,-7.906,-14.745999999999999,12.55,-17,41,-40,,-29,42.26599999999999,-71.915,2128.603,50.1,44.22,34.55,63.56,true,false,-0.35,1.92,"單日成交金額低於5,000萬元；當下除權息調整價未守20日EMA"
399,8442,威宏-KY,TWSE,其他,不建立部位,保護持有,protect,今天不新增部位；未完成確認前不機械式賣出,今天收盤後；若跌破，再看下一交易日是否收復,已有部位暫停加碼；若收盤跌破60日EMA約 45.11，且下一交易日仍未收復，先減碼三分之一；若ETF或外資繼續轉弱，再分批降低部位。,未觸發明確減碼訊號,66,65.7,55.2,85,100,完整,45.65,45.6,13,9.87,3.35,54.91,161.46,1.38,14.68,0.86,6.57,1,2,4,3,3,2,0,9.67,37.653999999999996,-284.346,-92.952,2.67,2.9069999999999996,2.9069999999999996,2.3009999999999997,3,1,132705,-2.253,-103.253,56.06,12,16,-294,,10,37,-184,11,52.37,34.61,31.26,41.29,true,false,0.34,0.77,"單日成交金額低於5,000萬元"
400,2423,固緯,TWSE,其他電子業,不建立部位,保護持有,protect,今天不新增部位；未完成確認前不機械式賣出,今天收盤後；若跌破，再看下一交易日是否收復,已有部位暫停加碼；若收盤跌破60日EMA約 73.47，且下一交易日仍未收復，先減碼三分之一；若ETF或外資繼續轉弱，再分批降低部位。,外資持股5/10日下降且外資5日賣超,57.4,65.5,72.7,85,100,可用,74.3,77.8,17.46,23,24.89,30.95,250.79,2.49,17.61,3.61,3.36,2,0,0,0,0,0,0,13,-57.301,-47.111000000000004,25.07499999999999,0,0,0,0,0,0,0,2,3,5.07,108,-170,-161,,10,-59.301,-50.111000000000004,9.074999999999989,49.83,25.33,25.71,24.58,false,false,0.02,0.81,"單日成交金額低於5,000萬元；外資持股5/10日下降，且外資5日賣超；20日趨勢尚未上彎"
401,2031,新光鋼,TWSE,鋼鐵工業,不建立部位,保護持有,protect,今天不新增部位；未完成確認前不機械式賣出,今天收盤後；若跌破，再看下一交易日是否收復,已有部位暫停加碼；若收盤跌破60日EMA約 42.52，且下一交易日仍未收復，先減碼三分之一；若ETF或外資繼續轉弱，再分批降低部位。,ETF 5/10日同步減碼,57.9,65.2,56.8,85,100,完整,44.3,44.7,37.57,2.27,9.27,59.27,154.73,5.23,6.86,1.19,5.64,2,0,-12,-20,-31,-45,0,-186.893,24.553000000000026,191.353,605.7939999999999,0,-19.435,-26.313,-40.313,0,3,-860970,32.82,39.742000000000004,10.15,-177,27,284,,-190.19,11.168000000000006,177.92400000000004,549.7119999999998,50.8,19.47,31.55,-4.7,false,false,-0.82,-1.56,"單日成交金額低於5,000萬元；ETF短中期同步減碼；單季稅前獲利對營業外貢獻依賴偏高"
402,7780,大研生醫*,TWSE,食品工業,不建立部位,保護持有,protect,今天不新增部位；未完成確認前不機械式賣出,今天收盤後；若跌破，再看下一交易日是否收復,已有部位暫停加碼；若收盤跌破60日EMA約 17.33，且下一交易日仍未收復，先減碼三分之一；若ETF或外資繼續轉弱，再分批降低部位。,外資持股5/10日下降且外資5日賣超,52.8,65.2,74.2,85,85,完整,16.65,16.6,32.08,36.04,17.32,21.13,474.92,0.29,31.42,2.75,8.65,1,0,416,705,705,705,416,21.271,-174.40300000000005,343.83899999999994,1128.83,0,705,705,705,3,0,11738250,-6.4030000000000005,-18.610999999999997,0.71,47,-888,-565,,24,-873,-342.54999999999995,463.165,43.08,20.94,31.32,0.18,false,false,-1.17,-0.6,"單日成交金額低於5,000萬元；外資持股5/10日下降，且外資5日賣超；當下除權息調整價未守20日EMA"
403,2211,長榮鋼,TWSE,鋼鐵工業,不建立部位,保護持有,protect,今天不新增部位；未完成確認前不機械式賣出,今天收盤後；若跌破，再看下一交易日是否收復,已有部位暫停加碼；若收盤跌破60日EMA約 87.91，且下一交易日仍未收復，先減碼三分之一；若ETF或外資繼續轉弱，再分批降低部位。,價格跌破60日EMA且20日趨勢向下,50.2,65.1,77.6,85,100,完整,83,82.95,38.3,6.54,20.01,25.6,197.65,3.26,11.25,1.25,7.83,4,0,-5,42,37,25,0,-10.365,22.858999999999966,-515.097,-1706.206,-2,36.959,36.355000000000004,20.344000000000005,1,3,3067597,-46.083,-65.13999999999999,3.77,-86,-284,-566,,-16,31.982999999999976,-486.312,-1349.768,40.53,33.26,36.42,26.95,false,false,-1.24,0.48,"單日成交金額低於5,000萬元；中期趨勢仍向下；ETF加碼，但外資持股5/10日同步下降；20日趨勢尚未上彎；當下除權息調整價未守20日EMA"
404,6605,帝寶,TWSE,汽車工業,不建立部位,保護持有,protect,今天不新增部位；未完成確認前不機械式賣出,今天收盤後；若跌破，再看下一交易日是否收復,已有部位暫停加碼；若收盤跌破60日EMA約 136.47，且下一交易日仍未收復，先減碼三分之一；若ETF或外資繼續轉弱，再分批降低部位。,未觸發明確減碼訊號,57.6,65.1,66.5,85,100,完整,137.5,137.25,24.28,0.01,16.7,39.05,152.48,7.71,8.49,1.13,4.73,1,0,0,0,0,-1,0,-39.552,134.62400000000002,138.22200000000004,1153.356,-1,-2,-2,-5,0,2,-275000,3.189999999999999,14.028,14.59,-36,105,110,,-41,133.434,126.19399999999999,1073.424,49.6,23.77,30.74,9.84,false,false,-0.38,-0.72,"單日成交金額低於5,000萬元；當下除權息調整價未守20日EMA"
405,4105,東洋,TPEX,生技醫療業,不建立部位,保護持有,protect,今天不新增部位；未完成確認前不機械式賣出,今天收盤後；若跌破，再看下一交易日是否收復,已有部位暫停加碼；若收盤跌破60日EMA約 76.80，且下一交易日仍未收復，先減碼三分之一；若ETF或外資繼續轉弱，再分批降低部位。,ETF 5/10日同步減碼,51.3,65,74.7,85,100,可用,76.5,76.9,11.28,7.4,30.78,34.48,213.15,3.42,10.98,2.74,5.88,2,18,0,-12,-12,-15,0,-117.876,-117.876,-117.876,-117.876,18.353,18.353,18.353,18.353,1,0,1404005,-11.229,-11.229,22.37,,,,,-125,-125,-125,-125,43.63,18.54,27.92,-0.22,false,false,-1.06,-1.67,"單日成交金額低於5,000萬元；ETF短中期同步減碼；外資持股趨勢資料不足或期間有非市場異動；當下除權息調整價未守20日EMA"
406,4441,振大環球,TWSE,紡織纖維,不建立部位,保護持有,protect,今天不新增部位；未完成確認前不機械式賣出,今天收盤後；若跌破，再看下一交易日是否收復,已有部位暫停加碼；若收盤跌破60日EMA約 185.70，且下一交易日仍未收復，先減碼三分之一；若ETF或外資繼續轉弱，再分批降低部位。,價格跌破60日EMA且20日趨勢向下,49.3,64.5,74,85,100,完整,174.5,173.5,27.99,13.84,17.62,30.51,243.38,9.08,9.67,1.73,6.19,1,0,0,0,0,0,0,-6,-37.96,-110.95599999999999,-379.956,0,-30,-60,0,0,1,-5235000,-49,-93,0.82,-6,62,104,,-6,41.04,42.044,-297.956,41.38,39.4,26.59,65.01,false,false,-2.71,1.75,"單日成交金額低於5,000萬元；中期趨勢仍向下；20日趨勢尚未上彎；當下除權息調整價未守20日EMA"
407,2849,安泰銀,TWSE,金融保險業,不建立部位,保護持有,protect,今天不新增部位；未完成確認前不機械式賣出,今天收盤後；若跌破，再看下一交易日是否收復,已有部位暫停加碼；若收盤跌破60日EMA約 14.48，且下一交易日仍未收復，先減碼三分之一；若ETF或外資繼續轉弱，再分批降低部位。,價格強勢站上20／60日EMA；法人未同步轉弱,62.1,64.5,60.1,85,85,完整,15.7,15.63,11.12,19.62,,91.11,,0.54,16.19,0.85,3.25,1,0,0,0,0,4,0,64,262,-50,-157.331,0,0,0,3.769,0,0,0,0,-14,59.02,61,262,-36,,61,262,-36,-16,68.59,74.37,66.33,90.44,false,false,7.34,10.56,"單日成交金額低於5,000萬元"
408,5314,世紀*,TPEX,其他,不建立部位,優先降低風險,risk,依風險與流動性分批降低部位,風險解除且基本面與趨勢重新確認後,已有部位應優先降低曝險；目前觸發「處置或交易限制事件」。待事件解除或基本面重新確認後再評估。,今日漲停／趨勢站穩；法人未同步轉弱,49.5,64.2,60.4,85,100,可用,35.2,38.7,149.63,159.94,12.5,49.57,97.87,0.66,7.6,5.69,5.01,1,0,0,27,27,14,0,3885.527,3885.527,3885.527,3885.527,0,0,0,0,0,0,0,4.147,4.147,6.4,,,,,3881.38,3881.38,3881.38,3881.38,69.62,38.71,52.82,10.48,false,false,24.17,-2.22,處置或交易限制風險；外資持股趨勢資料不足或期間有非市場異動；短線過熱或乖離過大
409,9935,慶豐富,TWSE,居家生活,不建立部位,保護持有,protect,今天不新增部位；未完成確認前不機械式賣出,今天收盤後；若跌破，再看下一交易日是否收復,已有部位暫停加碼；若收盤跌破60日EMA約 19.59，且下一交易日仍未收復，先減碼三分之一；若ETF或外資繼續轉弱，再分批降低部位。,外資持股5/10日下降且外資5日賣超,55.1,64.2,58.6,85,100,完整,19.45,19.9,9.5,8.2,11.62,70.48,125.46,1.12,7.87,1.27,6.17,1,9,12,6,6,4,0,-262.831,-291.318,-201.016,236.45999999999998,9.435,6.844,6.844,4.69,3,1,133116,31,12,6.58,-269,-326,-219,,-272.266,-329.162,-219.86000000000004,218.76999999999992,42.5,9.41,13.03,2.17,false,false,-2.02,-0.77,"單日成交金額低於5,000萬元；中期趨勢仍向下；外資持股5/10日下降，且外資5日賣超；20日趨勢尚未上彎"
410,3218,大學光,TPEX,生技醫療業,不建立部位,保護持有,protect,今天不新增部位；未完成確認前不機械式賣出,今天收盤後；若跌破，再看下一交易日是否收復,已有部位暫停加碼；若收盤跌破60日EMA約 137.38，且下一交易日仍未收復，先減碼三分之一；若ETF或外資繼續轉弱，再分批降低部位。,ETF 5/10日同步減碼,48.9,63.9,68.2,85,100,可用,137,137.75,19.34,5.47,30.76,39,136.31,5.99,10.14,3,5.66,1,0,-4,-7,-9,-16,0,-98.399,-98.399,-98.399,-98.399,0,0,0,0,0,0,0,0.601,0.601,8.42,,,,,-99,-99,-99,-99,47.53,42.1,54.04,18.21,false,true,-0.97,-4.53,"單日成交金額低於5,000萬元；中期趨勢仍向下；ETF短中期同步減碼；外資持股趨勢資料不足或期間有非市場異動；20日趨勢尚未上彎；當下除權息調整價未守20日EMA"
411,6192,巨路,TWSE,其他電子業,不建立部位,保護持有,protect,今天不新增部位；未完成確認前不機械式賣出,今天收盤後；若跌破，再看下一交易日是否收復,已有部位暫停加碼；若收盤跌破60日EMA約 117.45，且下一交易日仍未收復，先減碼三分之一；若ETF或外資繼續轉弱，再分批降低部位。,外資持股5/10日下降且外資5日賣超,49.4,63.9,75.8,85,100,完整,115,115,53.76,12.5,17.09,39.96,228.04,5.3,11.12,1.47,5.04,1,0,0,0,0,-1,0,-77.775,-207.12900000000002,-284.449,-601.469,0,0,0,-1,0,0,0,2.651,-4.169000000000001,23.86,-47,-175,-245,,-82,-209.78,-280.28,-601.3489999999999,45.95,44.88,52.51,29.61,false,false,-1,-1.29,"單日成交金額低於5,000萬元；外資持股5/10日下降，且外資5日賣超；當下除權息調整價未守20日EMA"
412,2707,晶華,TWSE,觀光餐旅,不建立部位,保護持有,protect,今天不新增部位；未完成確認前不機械式賣出,今天收盤後；若跌破，再看下一交易日是否收復,已有部位暫停加碼；若收盤跌破60日EMA約 178.97，且下一交易日仍未收復，先減碼三分之一；若ETF或外資繼續轉弱，再分批降低部位。,外資持股5/10日下降且外資5日賣超,59.2,63.8,56.4,85,100,完整,179,181,6.4,5.27,27.28,57.65,154.04,8.62,12.4,5.87,6.01,1,0,0,0,0,-1,0,-40.194,-131.34300000000002,-396.30100000000004,-194.64700000000005,0,0,0,-2,0,0,0,6.223,12.040000000000001,7,-43,-118,-433,,-44,-137.566,-408.341,-181.83500000000004,49.34,45.58,41.07,54.59,true,false,-0.1,1.13,"單日成交金額低於5,000萬元；外資持股5/10日下降，且外資5日賣超"
413,6183,關貿,TWSE,資訊服務業,不建立部位,保護持有,protect,今天不新增部位；未完成確認前不機械式賣出,今天收盤後；若跌破，再看下一交易日是否收復,已有部位暫停加碼；若收盤跌破60日EMA約 92.02，且下一交易日仍未收復，先減碼三分之一；若ETF或外資繼續轉弱，再分批降低部位。,價格跌破60日EMA且20日趨勢向下,54.4,63.8,62,85,100,完整,92.5,91.8,42.52,14.47,29.53,49.64,147.35,2.41,20.56,5.16,3.84,2,0,0,0,0,0,0,15,20.35,-3.6599999999999984,10.326,0,0,0,0,0,0,0,-2,-7,1.13,15,22,-48,,16,22.35,3.3400000000000016,10.326,51.37,34.19,32.42,37.73,true,false,0.19,1.65,"單日成交金額低於5,000萬元；20日趨勢尚未上彎；當下除權息調整價未守20日EMA"
414,1342,八貫,TWSE,其他,不建立部位,保護持有,protect,今天不新增部位；未完成確認前不機械式賣出,今天收盤後；若跌破，再看下一交易日是否收復,已有部位暫停加碼；若收盤跌破60日EMA約 104.27，且下一交易日仍未收復，先減碼三分之一；若ETF或外資繼續轉弱，再分批降低部位。,外資持股5/10日下降且外資5日賣超,55.7,63.5,64.2,85,100,完整,103.5,103.5,76.92,34.14,18.32,41.09,208.83,4.1,14.64,3.59,5.8,1,0,0,0,-1,-2,0,-10.877,-243.95,-240.59599999999998,-277.84299999999996,0,0,-1,-242.999,0,0,0,-2.859,-6.667999999999999,32.17,-6,-412,-439,,-8.019,-241.091,-232.92800000000003,-46.286000000000044,48.89,33.41,37.85,24.54,false,false,0.15,0,"單日成交金額低於5,000萬元；外資持股5/10日下降，且外資5日賣超"
415,2539,櫻花建,TWSE,建材營造,不建立部位,保護持有,protect,今天不新增部位；未完成確認前不機械式賣出,今天收盤後；若跌破，再看下一交易日是否收復,已有部位暫停加碼；若收盤跌破60日EMA約 34.18，且下一交易日仍未收復，先減碼三分之一；若ETF或外資繼續轉弱，再分批降低部位。,未觸發明確減碼訊號,67.4,63.4,68,85,100,完整,35.15,35.5,-15.44,19.46,40.6,38.54,310.41,2.36,8.35,2.1,7.97,3,0,-8,14,14,13,0,125.75,359.298,-350.6,-2844.522,0,14,14,12.385,1,3,492100,86.809,3.3349999999999973,2.37,196,857,1642,,91.999,258.489,-367.93500000000006,-2911.582,53.8,49.82,51.34,46.77,false,false,0.84,-2.77,"單日成交金額低於5,000萬元"
416,8354,冠好,TPEX,其他,不建立部位,保護持有,protect,今天不新增部位；未完成確認前不機械式賣出,今天收盤後；若跌破，再看下一交易日是否收復,已有部位暫停加碼；若收盤跌破60日EMA約 16.80，且下一交易日仍未收復，先減碼三分之一；若ETF或外資繼續轉弱，再分批降低部位。,未觸發明確減碼訊號,57.4,63.2,61.8,85,70,可用,17.45,17.4,12.68,5.73,2.18,49.29,123.61,1.39,6.44,0.63,0.63,1,0,0,0,0,1,0,-13,-13,-13,-13,0,0,0,0,0,0,0,0,0,1.02,,,,,-13,-13,-13,-13,54.72,54.98,51.65,61.63,false,false,0.87,1.45,"單日成交金額低於5,000萬元；外資持股趨勢資料不足或期間有非市場異動；單季稅前獲利對營業外貢獻依賴偏高"
417,2753,八方雲集,TWSE,觀光餐旅,不建立部位,保護持有,protect,今天不新增部位；未完成確認前不機械式賣出,今天收盤後；若跌破，再看下一交易日是否收復,已有部位暫停加碼；若收盤跌破60日EMA約 174.91，且下一交易日仍未收復，先減碼三分之一；若ETF或外資繼續轉弱，再分批降低部位。,ETF 5/10日同步減碼；外資持股5/10日下降且外資5日賣超,58.5,63,56.9,85,100,完整,179.5,179.25,10.39,7.72,12.11,50.44,168.25,7.01,12.79,3.17,6.69,3,5,1,-4,-7,-12,0,-19.473,-110.556,-216.37400000000002,140.46199999999996,4.527,-3.686,-6.652,-11.645000000000001,1,4,-661637,2.084,5.027,6.26,-27,-76,-362,,-27,-108.95400000000001,-214.749,146.91199999999995,58.04,50.01,65.06,19.92,false,false,0.88,-1.37,"單日成交金額低於5,000萬元；ETF短中期同步減碼；外資持股5/10日下降，且外資5日賣超"
418,3324,雙鴻,TPEX,其他電子業,不建立部位,優先降低風險,risk,依風險與流動性分批降低部位,風險解除且基本面與趨勢重新確認後,已有部位應優先降低曝險；目前觸發「處置或交易限制事件」。待事件解除或基本面重新確認後再評估。,價格強勢站上20／60日EMA；法人未同步轉弱,54.8,62.8,54,85,100,可用,1440,1490,116.7,83.28,16.87,59.14,183.92,23.01,33.21,10.1,0.83,3,-1,-1,3,3,1,0,29.65,29.65,29.65,29.65,-1,-1,-1,-1,0,1,-1440000,-46.426,-46.426,42.21,,,,,77.076,77.076,77.076,77.076,71.65,88.86,86.16,94.26,false,false,20.99,15.2,處置或交易限制風險；ETF 1/3日已轉為減碼；外資持股趨勢資料不足或期間有非市場異動；短線過熱或乖離過大；高波動且5日漲幅過大
419,6585,鼎基,TWSE,其他,不建立部位,降低部位,trim,停止加碼；反彈未站回恢復區時分批減碼,每個交易日收盤後，確認是否站回恢復區,已有部位先停止加碼。反彈若仍未站回 115.65，分批降低部位；只有站回且ETF／外資賣壓收斂後才重新評估。,價格跌破60日EMA且20日趨勢向下；ETF 5/10日同步減碼,51.1,62.5,70.2,85,100,完整,114,113.5,50.26,18.13,25.03,26.52,175.41,4.81,14.69,2.1,3.95,1,0,-1,-1,-1,-2,0,28,26.114999999999995,-1.2120000000000033,13.621999999999986,0,-1,-1,-2,0,1,-114000,1.8969999999999998,-0.015000000000000346,3.52,30,10,-67,,28,25.218000000000004,-0.19699999999999207,-3.0939999999999372,46.62,40.47,34.6,52.22,true,false,-0.75,1.33,"單日成交金額低於5,000萬元；中期趨勢仍向下；ETF短中期同步減碼；20日趨勢尚未上彎；當下除權息調整價未守20日EMA"
420,4961,天鈺,TWSE,半導體業,不建立部位,保護持有,protect,今天不新增部位；未完成確認前不機械式賣出,今天收盤後；若跌破，再看下一交易日是否收復,已有部位暫停加碼；若收盤跌破60日EMA約 164.48，且下一交易日仍未收復，先減碼三分之一；若ETF或外資繼續轉弱，再分批降低部位。,ETF 5/10日同步減碼,58.8,62.2,67.2,85,100,完整,165.5,171,32.91,5.67,7.97,20.7,391.38,5.07,18.6,1.15,4.66,4,-1,-1,-3,-6,64,0,79.177,-130.20099999999996,-240.24199999999993,414.4810000000001,-1,-3,-6,64,0,2,-496500,4.193,-4.939000000000001,22.39,83,122,-157,,77.177,-131.39399999999998,-229.303,376.131,50.87,64.88,64.49,65.67,false,false,0.24,1.85,"單日成交金額低於5,000萬元；ETF短中期同步減碼；20日累積後5日轉為調節；ETF 1/3日已轉為減碼"
421,2323,中環,TWSE,光電業,不建立部位,保護持有,protect,今天不新增部位；未完成確認前不機械式賣出,今天收盤後；若跌破，再看下一交易日是否收復,已有部位暫停加碼；若收盤跌破60日EMA約 10.75，且下一交易日仍未收復，先減碼三分之一；若ETF或外資繼續轉弱，再分批降低部位。,外資持股5/10日下降且外資5日賣超,56.8,62.1,68.2,85,100,完整,10.8,10.9,2.88,14,4.73,36.4,276.3,0.99,3.56,0.59,1.85,1,0,0,0,0,-30,0,-895.351,-4984.715,-6704.717000000001,2391.223000000002,0,0,0,-30,0,0,0,-70.057,-810.3489999999999,10.53,-925,-5563,-6542,,-899.351,-4914.658,-5894.368,2232.2960000000003,50.94,44.45,49.28,34.77,false,true,0.06,-1.37,"單日成交金額低於5,000萬元；外資持股5/10日下降，且外資5日賣超；單季稅前獲利對營業外貢獻依賴偏高"
422,9917,中保科,TWSE,其他,不建立部位,保護持有,protect,今天不新增部位；未完成確認前不機械式賣出,今天收盤後；若跌破，再看下一交易日是否收復,已有部位暫停加碼；若收盤跌破60日EMA約 104.89，且下一交易日仍未收復，先減碼三分之一；若ETF或外資繼續轉弱，再分批降低部位。,外資持股5/10日下降且外資5日賣超,63.4,62.1,47.8,85,100,完整,106.5,106.75,4.94,2.09,17.46,58.36,98.74,3.35,15.52,3.76,5.82,7,9,27,37,43,36,0,-0.246,-349.11,-328.817,172.45,8,34,39,30.446,4,0,3621000,13,18,39.25,8,-354,-337,,-17.246,-396.11,-385.817,118.29099999999998,65.49,73.77,74.7,71.91,false,false,1.27,0.47,"單日成交金額低於5,000萬元；外資持股5/10日下降，且外資5日賣超"
423,6509,聚和,TPEX,化學工業,不建立部位,保護持有,protect,今天不新增部位；未完成確認前不機械式賣出,今天收盤後；若跌破，再看下一交易日是否收復,已有部位暫停加碼；若收盤跌破60日EMA約 46.94，且下一交易日仍未收復，先減碼三分之一；若ETF或外資繼續轉弱，再分批降低部位。,未觸發明確減碼訊號,55.4,62,66.5,85,100,可用,46.3,46,12,5.81,21.4,32.53,226.71,2.16,12.79,1.64,3.01,1,8,92,158,158,147,0,-239.091,-239.091,-239.091,-239.091,8,8,8,8,1,0,370400,-2.895,-2.895,11.58,,,,,-244.196,-244.196,-244.196,-244.196,48.49,67.49,62.64,77.18,false,false,-0.22,0.76,"單日成交金額低於5,000萬元；外資持股趨勢資料不足或期間有非市場異動；當下除權息調整價未守20日EMA"
424,2397,友通,TWSE,電腦及週邊設備業,不建立部位,保護持有,protect,今天不新增部位；未完成確認前不機械式賣出,今天收盤後；若跌破，再看下一交易日是否收復,已有部位暫停加碼；若收盤跌破60日EMA約 61.27，且下一交易日仍未收復，先減碼三分之一；若ETF或外資繼續轉弱，再分批降低部位。,外資持股5/10日下降且外資5日賣超,54.6,61.9,52.4,85,100,完整,61.9,61.9,51.27,29.16,6.75,61.22,141.25,2.05,22.67,2.1,3.96,1,0,0,0,0,0,0,-94.246,-366.116,-584.5360000000001,-1110.0190000000002,0,0,0,0,0,0,0,2,-4,14.72,-95,-371,-586,,-96.246,-368.116,-580.5360000000001,-1167.0760000000002,48.22,26.91,28.92,22.91,false,true,-1.07,-1.75,"單日成交金額低於5,000萬元；外資持股5/10日下降，且外資5日賣超；20日趨勢尚未上彎；當下除權息調整價未守20日EMA"
425,3577,泓格,TPEX,電腦及週邊設備業,不建立部位,保護持有,protect,今天不新增部位；未完成確認前不機械式賣出,今天收盤後；若跌破，再看下一交易日是否收復,已有部位暫停加碼；若收盤跌破60日EMA約 121.28，且下一交易日仍未收復，先減碼三分之一；若ETF或外資繼續轉弱，再分批降低部位。,價格跌破60日EMA且20日趨勢向下,49.3,61.8,71.8,85,100,可用,113.5,117,54.07,39.95,30.26,27.72,225.16,3.28,26.09,4.93,1.76,1,0,0,0,0,0,0,-12.18,-12.18,-12.18,-12.18,0,0,0,0,0,0,0,6.798,6.798,2.76,,,,,-18.978,-18.978,-18.978,-18.978,41.87,30,25.82,38.34,true,true,-3.65,-2.99,"單日成交金額低於5,000萬元；中期趨勢仍向下；外資持股趨勢資料不足或期間有非市場異動；20日趨勢尚未上彎；當下除權息調整價未守20日EMA"
426,6245,立端,TPEX,通信網路業,不建立部位,保護持有,protect,今天不新增部位；未完成確認前不機械式賣出,今天收盤後；若跌破，再看下一交易日是否收復,已有部位暫停加碼；若收盤跌破60日EMA約 81.10，且下一交易日仍未收復，先減碼三分之一；若ETF或外資繼續轉弱，再分批降低部位。,價格跌破60日EMA且20日趨勢向下,50,61.8,68,85,100,可用,79.3,79.3,102.55,17.99,8.15,41.82,223.77,1.81,18.11,1.95,4.79,1,0,0,0,0,0,0,-24.451,-24.451,-24.451,-24.451,0,0,0,0,0,0,0,-1.511,-1.511,10.92,,,,,-22.94,-22.94,-22.94,-22.94,45.34,22.58,22.27,23.2,true,false,-1.98,-3.06,"單日成交金額低於5,000萬元；中期趨勢仍向下；外資持股趨勢資料不足或期間有非市場異動；20日趨勢尚未上彎；當下除權息調整價未守20日EMA"
427,1726,永記,TWSE,化學工業,不建立部位,保護持有,protect,今天不新增部位；未完成確認前不機械式賣出,今天收盤後；若跌破，再看下一交易日是否收復,已有部位暫停加碼；若收盤跌破60日EMA約 77.52，且下一交易日仍未收復，先減碼三分之一；若ETF或外資繼續轉弱，再分批降低部位。,外資持股5/10日下降且外資5日賣超,55.1,61.7,71.1,85,100,完整,77.8,77.3,11.56,4.27,13.07,18.14,405.41,3.66,12.14,1.19,4.76,1,0,0,0,0,0,0,4.348,-20.303,-54.53999999999999,-124.966,0,0,0,0,0,0,0,0,2,12.61,4,-20,-57,,4.348,-20.303,-56.53999999999999,-125.966,53.39,53.01,50.31,58.41,true,false,0.44,0.39,"單日成交金額低於5,000萬元；外資持股5/10日下降，且外資5日賣超；當下除權息調整價未守20日EMA"
428,3526,凡甲,TPEX,電子零組件業,不建立部位,降低部位,trim,停止加碼；反彈未站回恢復區時分批減碼,每個交易日收盤後，確認是否站回恢復區,已有部位先停止加碼。反彈若仍未站回 298.85，分批降低部位；只有站回且ETF／外資賣壓收斂後才重新評估。,價格跌破60日EMA且20日趨勢向下；ETF 5/10日同步減碼,46.4,61.2,73.9,85,95.4,可用,281,282,41.36,27.12,31.35,45.89,284.73,9.08,15.82,4.54,5.99,4,0,-2,-3,-6,-6,0,-90.852,-90.852,-90.852,-90.852,0,0,0,0,0,0,0,-1.087,-1.087,17.12,,,,,-89.765,-89.765,-89.765,-89.765,41.97,53.29,59.03,41.82,false,true,-1.52,-1.06,"單日成交金額低於5,000萬元；中期趨勢仍向下；ETF短中期同步減碼；外資持股趨勢資料不足或期間有非市場異動；20日趨勢尚未上彎；當下除權息調整價未守20日EMA"
429,5515,建國,TWSE,建材營造,不建立部位,保護持有,protect,今天不新增部位；未完成確認前不機械式賣出,今天收盤後；若跌破，再看下一交易日是否收復,已有部位暫停加碼；若收盤跌破60日EMA約 46.69，且下一交易日仍未收復，先減碼三分之一；若ETF或外資繼續轉弱，再分批降低部位。,ETF 5/10日同步減碼；外資持股5/10日下降且外資5日賣超,56.2,61.1,62.2,85,100,完整,51.8,52.05,30.84,28.06,12.56,54.43,163.72,6.08,5.25,1.79,6.37,2,0,-1,-1,-1,-2,0,-127.334,-336.661,-183.164,1896.063,0,-1,-1,-2,0,1,-51800,-34.066,-45.721000000000004,13.37,-118,-722,-561,,-127.898,-301.595,-136.44299999999998,1916.1960000000001,58.41,29.93,35.88,18.01,false,false,1.32,-0.96,"單日成交金額低於5,000萬元；ETF短中期同步減碼；外資持股5/10日下降，且外資5日賣超；單季稅前獲利對營業外貢獻依賴偏高"
430,5534,長虹,TWSE,建材營造,不建立部位,保護持有,protect,今天不新增部位；未完成確認前不機械式賣出,今天收盤後；若跌破，再看下一交易日是否收復,已有部位暫停加碼；若收盤跌破60日EMA約 78.04，且下一交易日仍未收復，先減碼三分之一；若ETF或外資繼續轉弱，再分批降低部位。,價格跌破60日EMA且20日趨勢向下,58.7,61,63.6,85,100,完整,75.6,75.6,269.79,63.45,17.45,56.25,185.49,1.05,13.36,1.12,6.69,2,0,112,205,205,534,205,-368.269,626.873,1737.763,2527.0289999999995,0,205,205,534,2,0,15498000,22.361000000000004,-62.138999999999996,9.62,-334,527,1821,,-376,399.512,1594.9019999999998,1641.3900000000003,39.82,36.41,31.26,46.7,true,false,-2.04,0.27,"單日成交金額低於5,000萬元；中期趨勢仍向下；20日趨勢尚未上彎；當下除權息調整價未守20日EMA"
431,8411,福貞-KY,TWSE,其他,不建立部位,保護持有,protect,今天不新增部位；未完成確認前不機械式賣出,今天收盤後；若跌破，再看下一交易日是否收復,已有部位暫停加碼；若收盤跌破60日EMA約 12.72，且下一交易日仍未收復，先減碼三分之一；若ETF或外資繼續轉弱，再分批降低部位。,未觸發明確減碼訊號,63.1,60.9,45.3,85,93,可用,13,12.95,28.17,20.63,1.24,53.65,115.95,0.21,38.24,0.46,0.77,1,0,0,1,1,2,0,18,5,-25,95,0,0,0,0,0,0,0,-8,-27,53.98,14,13,4,,18,13,2,111,54.55,84.97,74.05,106.83,false,false,0.76,0,"單日成交金額低於5,000萬元；20日趨勢尚未上彎"
432,2838,聯邦銀,TWSE,金融保險業,不建立部位,保護持有,protect,今天不新增部位；未完成確認前不機械式賣出,今天收盤後；若跌破，再看下一交易日是否收復,已有部位暫停加碼；若收盤跌破60日EMA約 20.44，且下一交易日仍未收復，先減碼三分之一；若ETF或外資繼續轉弱，再分批降低部位。,ETF 5/10日同步減碼,59.1,60.8,61.9,85,100,可用,20.95,20.95,-22.04,17.83,,91.54,,0.67,13.43,1.09,5.06,3,0,-2,-3,-2,-18,0,582.88,2052.425,584.2320000000002,-2522.1769999999997,-15,-15,-10,-25.134,1,3,-314250,5.439,222.454,4.14,734,13877,12576,,528,2061.986,371.778,-3133.2639999999997,62.66,83.02,72.7,103.67,false,false,2.43,3.46,"單日成交金額低於5,000萬元；ETF短中期同步減碼；外資持股趨勢資料不足或期間有非市場異動"
433,8462,柏文,TWSE,運動休閒,不建立部位,保護持有,protect,今天不新增部位；未完成確認前不機械式賣出,今天收盤後；若跌破，再看下一交易日是否收復,已有部位暫停加碼；若收盤跌破60日EMA約 162.40，且下一交易日仍未收復，先減碼三分之一；若ETF或外資繼續轉弱，再分批降低部位。,外資持股5/10日下降且外資5日賣超,53.3,60.8,46.2,85,100,完整,164.5,165.25,18.28,19.93,17.59,81.24,78.24,5.68,15.76,5.49,4.43,1,0,0,0,0,-1,0,-37.089,-148.718,-231.64299999999994,-29.020999999999958,0,0,0,-1,0,0,0,0.7410000000000001,3.6470000000000002,5.72,-39,-149,-235,,-39.089,-149.459,-235.29,-58.075999999999965,42.61,18.62,25.68,4.5,false,false,-2.94,-2.08,"單日成交金額低於5,000萬元；外資持股5/10日下降，且外資5日賣超；20日趨勢尚未上彎；當下除權息調整價未守20日EMA"
434,5469,瀚宇博,TWSE,電子零組件業,不建立部位,保護持有,protect,今天不新增部位；未完成確認前不機械式賣出,今天收盤後；若跌破，再看下一交易日是否收復,已有部位暫停加碼；若收盤跌破60日EMA約 75.45，且下一交易日仍未收復，先減碼三分之一；若ETF或外資繼續轉弱，再分批降低部位。,未觸發明確減碼訊號,54.4,60.6,59.5,85,100,完整,72.3,73.2,24.09,24.44,7.35,43.83,130.96,2.05,13.39,0.57,3.49,4,0,61,61,62,237,0,139.857,-285.15500000000003,492.54099999999994,-2001.2860000000005,-2,55,57,226.573,1,1,3976500,-16.400000000000002,-26.728000000000005,8.18,238,-653,426,,130.012,-323.755,462.269,-2173.4519999999998,47.46,38.25,45.68,23.37,false,true,-0.6,-2.3,"單日成交金額低於5,000萬元"
435,6756,威鋒電子,TWSE,半導體業,不建立部位,保護持有,protect,今天不新增部位；未完成確認前不機械式賣出,今天收盤後；若跌破，再看下一交易日是否收復,已有部位暫停加碼；若收盤跌破60日EMA約 97.46，且下一交易日仍未收復，先減碼三分之一；若ETF或外資繼續轉弱，再分批降低部位。,未觸發明確減碼訊號,60.4,60.5,52.9,85,100,完整,99.9,103,70.68,22.5,-3.54,27.19,182.34,1.24,56.12,2.3,0.9,1,0,0,0,0,0,0,-40.516,271.977,360.02199999999993,314.24099999999993,0,0,0,0,0,0,0,1.369,1.541,4.13,-43,283,305,,-42.516,270.608,358.481,302.481,51.21,46.63,57.58,24.74,false,true,0.09,-0.6,"單日成交金額低於5,000萬元；單季稅前獲利對營業外貢獻依賴偏高"
436,1712,興農,TWSE,化學工業,不建立部位,保護持有,protect,今天不新增部位；未完成確認前不機械式賣出,今天收盤後；若跌破，再看下一交易日是否收復,已有部位暫停加碼；若收盤跌破60日EMA約 39.89，且下一交易日仍未收復，先減碼三分之一；若ETF或外資繼續轉弱，再分批降低部位。,ETF 5/10日同步減碼,57.3,60.3,50.2,85,100,完整,40.3,40.3,21.54,5.25,8.25,47.84,141.74,1.56,15.21,2.06,6.2,2,25,-4,-19,-19,-26,0,-274.135,777.367,763.0690000000001,679.157,22.805,-24.166,-20.166,-26.974,2,2,-973890,3.9339999999999997,-22.075999999999993,12.94,-327,-989,-1077,,-305.118,797.599,805.3110000000001,478.7900000000002,57.72,63.34,72.78,44.48,false,true,0.92,0.88,"單日成交金額低於5,000萬元；ETF短中期同步減碼"
437,9802,鈺齊-KY,TWSE,運動休閒,不建立部位,保護持有,protect,今天不新增部位；未完成確認前不機械式賣出,今天收盤後；若跌破，再看下一交易日是否收復,已有部位暫停加碼；若收盤跌破60日EMA約 73.35，且下一交易日仍未收復，先減碼三分之一；若ETF或外資繼續轉弱，再分批降低部位。,外資持股5/10日下降且外資5日賣超,57.3,60.3,54.4,85,100,完整,72,72.2,30.87,5.11,5.03,39.53,126.09,1.78,14.2,1.06,7.08,2,160,671,965,965,787,787,-89.835,27.97399999999999,102.04899999999998,210.08299999999997,159,964,964,786,5,0,69408000,112.163,336.16200000000003,42.27,106,-552,-788,,-253.169,-1048.189,-1198.113,-992.104,49.12,53.9,55.53,50.64,true,true,0,0.7,"單日成交金額低於5,000萬元；外資持股5/10日下降，且外資5日賣超"
438,8358,金居,TPEX,電子零組件業,不建立部位,優先降低風險,risk,依風險與流動性分批降低部位,風險解除且基本面與趨勢重新確認後,已有部位應優先降低曝險；目前觸發「處置或交易限制事件」。待事件解除或基本面重新確認後再評估。,處置或交易限制事件,55.8,60,60.1,85,99,可用,515,533,54.87,44.88,24.99,24.79,184.41,4.22,76.75,13.98,0.39,12,2,42,7,-155,-334,-179,52.765,52.765,52.765,52.765,26,26,26,26,1,0,13390000,-18.139,-18.139,28.66,,,,,44.904,44.904,44.904,44.904,60.37,64.88,69.03,56.58,false,false,10.7,-4.63,處置或交易限制風險；主動ETF 5日轉為減碼；外資持股趨勢資料不足或期間有非市場異動；短線過熱或乖離過大
439,6752,叡揚,TPEX,資訊服務業,不建立部位,保護持有,protect,今天不新增部位；未完成確認前不機械式賣出,今天收盤後；若跌破，再看下一交易日是否收復,已有部位暫停加碼；若收盤跌破60日EMA約 97.21，且下一交易日仍未收復，先減碼三分之一；若ETF或外資繼續轉弱，再分批降低部位。,未觸發明確減碼訊號,54.2,60,56.8,85,85,可用,97.1,97,7.01,4.85,11.82,48.89,102.91,2.94,14.13,2.69,4.94,1,0,0,0,1,2,0,0,0,0,0,0,0,0,0,0,0,0,0,0,3.09,,,,,0,0,0,0,52.64,77.14,71.42,88.57,false,false,0.35,0.1,"單日成交金額低於5,000萬元；外資持股趨勢資料不足或期間有非市場異動"
440,4736,泰博,TWSE,生技醫療業,不建立部位,優先降低風險,risk,依風險與流動性分批降低部位,風險解除且基本面與趨勢重新確認後,已有部位應優先降低曝險；目前觸發「單月與累計營收同步明顯衰退」。待事件解除或基本面重新確認後再評估。,單月與累計營收同步明顯衰退,62.3,59.8,68,85,100,完整,125.5,126,-11.91,-1.06,19.54,21,319.04,16.6,4.6,1.07,4.04,2,0,0,0,2,2,0,-52,-63.977000000000004,-542.104,455.18800000000005,10,100,302,452,4,0,12550000,-88,-101.738,6.79,96,14,-610,,32,-75.977,-742.366,-52.073999999999955,53.18,44.1,43.33,45.66,true,false,0.21,-1.57,營收動能同步衰退；累計營收負成長且當月改善不足；單季稅前獲利對營業外貢獻依賴偏高
441,6763,綠界科技*,TPEX,數位雲端,不建立部位,保護持有,protect,今天不新增部位；未完成確認前不機械式賣出,今天收盤後；若跌破，再看下一交易日是否收復,已有部位暫停加碼；若收盤跌破60日EMA約 43.21，且下一交易日仍未收復，先減碼三分之一；若ETF或外資繼續轉弱，再分批降低部位。,價格跌破60日EMA且20日趨勢向下,47.9,59.7,59.5,85,100,可用,40.9,41.08,12.67,12.83,24.38,59.22,138.01,1.08,9.9,2.52,7.33,1,20,50,70,80,80,0,-7.624,-7.624,-7.624,-7.624,20,20,20,20,1,0,818000,0.376,0.376,2.34,,,,,-28,-28,-28,-28,38.03,17.69,19.2,14.66,false,false,-1.99,-1.56,"單日成交金額低於5,000萬元；中期趨勢仍向下；外資持股趨勢資料不足或期間有非市場異動；20日趨勢尚未上彎；當下除權息調整價未守20日EMA"
442,9942,茂順,TWSE,其他,不建立部位,降低部位,trim,停止加碼；反彈未站回恢復區時分批減碼,每個交易日收盤後，確認是否站回恢復區,已有部位先停止加碼。反彈若仍未站回 116.78，分批降低部位；只有站回且ETF／外資賣壓收斂後才重新評估。,價格跌破60日EMA且20日趨勢向下；外資持股5/10日下降且外資5日賣超,46.9,59.6,72.9,85,100,完整,114,114.25,11.01,14.66,24.72,35.21,198.05,4.76,12.49,2.27,6.14,1,0,0,0,0,-1,0,-3,-22.106,-129.95000000000002,-406.679,0,0,0,-1,0,0,0,4.697,-115.31299999999999,4.68,-3,-27,-15,,-3,-26.802999999999997,-14.636999999999993,-178.36599999999999,41.39,30.64,39.65,12.64,false,true,-1.06,-1.72,"單日成交金額低於5,000萬元；中期趨勢仍向下；外資持股5/10日下降，且外資5日賣超；20日趨勢尚未上彎；當下除權息調整價未守20日EMA"
443,2420,新巨,TWSE,電子零組件業,不建立部位,降低部位,trim,停止加碼；反彈未站回恢復區時分批減碼,每個交易日收盤後，確認是否站回恢復區,已有部位先停止加碼。反彈若仍未站回 56.85，分批降低部位；只有站回且ETF／外資賣壓收斂後才重新評估。,價格跌破60日EMA且20日趨勢向下；外資持股5/10日下降且外資5日賣超,45.8,59.4,76.4,85,100,完整,54.2,54.35,18.59,4.06,32.49,35.51,227.62,2.3,12.13,2.12,5.54,1,0,0,0,0,0,0,-88.189,-24.50999999999999,-578.044,922.8190000000002,0,0,0,0,0,0,0,13.581000000000001,-90.25999999999999,7.8,-94,-3,-501,,-95.086,-38.090999999999994,-487.78400000000005,946.681,39.48,42.16,37.61,51.25,false,false,-2.41,-0.55,"單日成交金額低於5,000萬元；中期趨勢仍向下；外資持股5/10日下降，且外資5日賣超；20日趨勢尚未上彎；當下除權息調整價未守20日EMA"
444,2731,雄獅,TWSE,觀光餐旅,不建立部位,降低部位,trim,停止加碼；反彈未站回恢復區時分批減碼,每個交易日收盤後，確認是否站回恢復區,已有部位先停止加碼。反彈若仍未站回 147.66，分批降低部位；只有站回且ETF／外資賣壓收斂後才重新評估。,價格跌破60日EMA且20日趨勢向下；外資持股5/10日下降且外資5日賣超,52.5,59.3,52.7,85,100,完整,144.5,144.5,13.41,10.33,4.43,65.83,134.89,7.27,8.89,3.02,8.86,2,0,0,0,0,-2,0,-4,-138.026,-93.59400000000002,-742.9440000000002,0,0,0,-229.377,0,0,0,3.417,-5.595,8.46,28,-135,-125,,-7,-141.44299999999998,-87.99899999999997,-517.9079999999999,48.37,36.83,36.81,36.87,true,false,0.02,0.35,"單日成交金額低於5,000萬元；中期趨勢仍向下；外資持股5/10日下降，且外資5日賣超；20日趨勢尚未上彎"
445,3402,漢科,TPEX,其他電子業,不建立部位,保護持有,protect,今天不新增部位；未完成確認前不機械式賣出,今天收盤後；若跌破，再看下一交易日是否收復,已有部位暫停加碼；若收盤跌破60日EMA約 129.91，且下一交易日仍未收復，先減碼三分之一；若ETF或外資繼續轉弱，再分批降低部位。,價格跌破60日EMA且20日趨勢向下,53,59.3,50.6,85,100,可用,125,121,36.77,19.61,11.72,69.75,118.47,3.64,17.41,4.32,4.8,2,0,0,2,2,4,0,-12.668,-12.668,-12.668,-12.668,0,0,0,0,0,0,0,0.132,0.132,9.1,,,,,-12.8,-12.8,-12.8,-12.8,49.85,57.14,49.06,73.31,true,true,1.08,3.31,"單日成交金額低於5,000萬元；中期趨勢仍向下；外資持股趨勢資料不足或期間有非市場異動；20日趨勢尚未上彎；當下除權息調整價未守20日EMA"
446,1736,喬山,TWSE,運動休閒,不建立部位,降低部位,trim,停止加碼；反彈未站回恢復區時分批減碼,每個交易日收盤後，確認是否站回恢復區,已有部位先停止加碼。反彈若仍未站回 128.35，分批降低部位；只有站回且ETF／外資賣壓收斂後才重新評估。,價格跌破60日EMA且20日趨勢向下；ETF 5/10日同步減碼；投信5/10日持續且具金額意義地賣超,46.8,59,52.4,85,100,完整,126,126.5,35.8,12.75,7.5,70.85,125.91,3.27,11.39,2.79,3.57,1,0,-259,-518,-518,-518,-518,2.449,-447.65700000000004,-541.2420000000001,-149.04600000000005,-1,-609,-609,-801.748,0,4,-76734000,0.8939999999999997,3.8939999999999997,5.65,5,10,-412,,-4.57,160.44899999999998,63.863999999999976,615.0619999999999,46.39,35.76,24,59.29,true,true,-1.63,0,"單日成交金額低於5,000萬元；中期趨勢仍向下；ETF短中期同步減碼；主動ETF 5日轉為減碼；投信5/10日持續且具金額意義的賣超；20日趨勢尚未上彎；當下除權息調整價未守20日EMA"
447,6805,富世達,TWSE,電子零組件業,不建立部位,優先降低風險,risk,依風險與流動性分批降低部位,風險解除且基本面與趨勢重新確認後,已有部位應優先降低曝險；目前觸發「ETF 5/10日同步減碼」。待事件解除或基本面重新確認後再評估。,ETF 5/10日同步減碼；處置或交易限制事件,54,58.9,54.9,85,100,完整,2265,2265,17.07,53.86,27.31,47.74,210.62,25.77,48.45,18.59,0.55,16,1,-199,-363,-527,-507,-364,160.917,-465.035,2578.7219999999998,4254.922,10.1,-1059.9,581.0999999999999,4572.959,1,2,-2400673500,-8.161000000000001,25.584000000000003,14.48,192,439,2184,,150.973,603.026,1972.0379999999996,-251.7650000000005,64.52,69.33,70.05,67.89,false,false,12.62,-1.74,處置或交易限制風險；ETF短中期同步減碼；主動ETF 5日轉為減碼；短線過熱或乖離過大
448,6122,擎邦,TPEX,電機機械,不建立部位,保護持有,protect,今天不新增部位；未完成確認前不機械式賣出,今天收盤後；若跌破，再看下一交易日是否收復,已有部位暫停加碼；若收盤跌破60日EMA約 48.88，且下一交易日仍未收復，先減碼三分之一；若ETF或外資繼續轉弱，再分批降低部位。,未觸發明確減碼訊號,61.8,58.7,47.3,85,100,可用,51.5,51.5,16.11,-2.28,10.87,63.76,146.27,2.19,11.05,2.26,6.6,1,7,8,5,5,3,0,61.837,61.837,61.837,61.837,6.303,6.303,6.303,6.303,1,0,324605,0.512,0.512,5.63,,,,,55.022,55.022,55.022,55.022,65.49,75.78,73.27,80.82,true,false,4.89,7.29,"單日成交金額低於5,000萬元；外資持股趨勢資料不足或期間有非市場異動"
449,1615,大山,TWSE,電器電纜,不建立部位,保護持有,protect,今天不新增部位；未完成確認前不機械式賣出,今天收盤後；若跌破，再看下一交易日是否收復,已有部位暫停加碼；若收盤跌破60日EMA約 44.00，且下一交易日仍未收復，先減碼三分之一；若ETF或外資繼續轉弱，再分批降低部位。,未觸發明確減碼訊號,48.7,58.5,71.5,85,100,可用,43.85,43.93,11.52,3.48,18.84,29.01,226.5,2.53,8.48,1.84,5.93,1,0,0,0,0,0,0,8,-7.045999999999999,158.64100000000002,339.15,0,0,0,0,0,0,0,2,-17,1.08,10,-5,192,,7,-9.046,175.64100000000002,350.15,48.57,21.49,30.27,3.92,false,false,-0.37,-0.45,"單日成交金額低於5,000萬元；外資持股趨勢資料不足或期間有非市場異動；當下除權息調整價未守20日EMA"
450,8341,日友,TWSE,綠能環保,不建立部位,降低部位,trim,停止加碼；反彈未站回恢復區時分批減碼,每個交易日收盤後，確認是否站回恢復區,已有部位先停止加碼。反彈若仍未站回 76.33，分批降低部位；只有站回且ETF／外資賣壓收斂後才重新評估。,價格跌破60日EMA且20日趨勢向下；外資持股5/10日下降且外資5日賣超,46.4,58.4,66.8,85,100,完整,75.1,75.1,17.55,17.66,29.81,43.1,112.4,2.97,14.33,1.83,5.33,1,0,0,0,0,0,0,-25.704,-87.006,-41.08200000000001,73.22999999999998,0,0,0,0,0,0,0,9.743,-15.434999999999999,5.55,-27,-80,-3,,-36.749,-96.749,-25.647000000000006,80.083,40.04,9.35,18.19,-8.33,false,false,-1.08,-1.05,"單日成交金額低於5,000萬元；中期趨勢仍向下；外資持股5/10日下降，且外資5日賣超；20日趨勢尚未上彎；當下除權息調整價未守20日EMA"
451,2415,錩新,TWSE,電子零組件業,不建立部位,保護持有,protect,今天不新增部位；未完成確認前不機械式賣出,今天收盤後；若跌破，再看下一交易日是否收復,已有部位暫停加碼；若收盤跌破60日EMA約 28.19，且下一交易日仍未收復，先減碼三分之一；若ETF或外資繼續轉弱，再分批降低部位。,ETF 5/10日同步減碼,54.3,58.3,48.4,85,100,完整,28.6,29,8.33,9.96,6.5,71.54,127.59,0.47,18.22,1.49,5.56,1,0,-28,-28,-4,-7,0,32.17,-165.934,-185.882,-324.3090000000001,0,-28,-4,-7,0,1,-800800,0.806,3.012,20.76,62,123,-121,,32.17,-138.73999999999998,-184.894,-320.22400000000005,52.59,58.15,62.55,49.36,false,true,1.4,-1.21,"單日成交金額低於5,000萬元；ETF短中期同步減碼"
452,3708,上緯投控,TWSE,綠能環保,不建立部位,保護持有,protect,今天不新增部位；未完成確認前不機械式賣出,今天收盤後；若跌破，再看下一交易日是否收復,已有部位暫停加碼；若收盤跌破60日EMA約 104.20，且下一交易日仍未收復，先減碼三分之一；若ETF或外資繼續轉弱，再分批降低部位。,外資持股5/10日下降且外資5日賣超,58.9,58.2,66.5,85,100,完整,99.6,99.35,100.18,8.19,-7.81,13.77,187.94,-0.87,2.41,0.41,6.53,2,2,31,54,54,50,0,-91.101,-235.28900000000002,-211.233,457.00000000000006,2,54,54,50,4,0,5378400,-77.25899999999999,-112.101,7.82,-91,-210,-304,,-71,-212.02999999999997,-153.13199999999998,553.721,45.84,21.17,26.17,11.18,false,false,-1.43,-2.83,"單日成交金額低於5,000萬元；外資持股5/10日下降，且外資5日賣超；當下除權息調整價未守20日EMA；單季稅前獲利對營業外貢獻依賴偏高"
453,1612,宏泰,TWSE,電器電纜,不建立部位,保護持有,protect,今天不新增部位；未完成確認前不機械式賣出,今天收盤後；若跌破，再看下一交易日是否收復,已有部位暫停加碼；若收盤跌破60日EMA約 34.18，且下一交易日仍未收復，先減碼三分之一；若ETF或外資繼續轉弱，再分批降低部位。,ETF 5/10日同步減碼；外資持股5/10日下降且外資5日賣超,52.7,58.1,71.2,85,100,完整,34.7,34.85,7.44,-0.07,12.77,17.8,334.32,2.62,8.9,1.17,7.2,2,0,-14,-23,-37,-62,0,-230,-350.124,435.25500000000005,2888.946,0,-22.743000000000002,-33.281000000000006,-58.281000000000006,0,3,-789182,21.356,-9.969000000000001,15.52,-248,-550,-156,,-243,-348.737,478.505,2875.594,57.08,28.42,39.28,6.72,false,false,0.99,-1.14,"單日成交金額低於5,000萬元；累計營收負成長且當月改善不足；ETF短中期同步減碼；外資持股5/10日下降，且外資5日賣超"
454,1336,台翰,TPEX,電子零組件業,不建立部位,保護持有,protect,今天不新增部位；未完成確認前不機械式賣出,今天收盤後；若跌破，再看下一交易日是否收復,已有部位暫停加碼；若收盤跌破60日EMA約 15.74，且下一交易日仍未收復，先減碼三分之一；若ETF或外資繼續轉弱，再分批降低部位。,未觸發明確減碼訊號,54.6,58.1,49.8,85,90,可用,16.3,16.5,67.07,7.49,2.56,44.05,120.96,0.41,21.73,0.67,1.6,1,0,0,0,0,0,0,11.201,11.201,11.201,11.201,0,0,0,0,0,0,0,0,0,3.8,,,,,11.201,11.201,11.201,11.201,49.83,25.65,34.35,8.25,false,true,-0.86,-2.98,"單日成交金額低於5,000萬元；外資持股趨勢資料不足或期間有非市場異動"
455,2455,全新,TWSE,通信網路業,不建立部位,優先降低風險,risk,依風險與流動性分批降低部位,風險解除且基本面與趨勢重新確認後,已有部位應優先降低曝險；目前觸發「KD高檔死亡交叉（僅屬時機警示）」。待事件解除或基本面重新確認後再評估。,KD高檔死亡交叉（僅屬時機警示）；處置或交易限制事件,62,58,52.7,85,100,可用,500,511,45.12,30.48,23.4,35.4,220.15,2.2,122.55,25.32,0.52,17,-4,-8,15,70,1582,367,690.797,7914.034000000001,17377.879,18147.546000000002,-19,2543,3974,8478.057,3,2,1271500000,-797.6750000000001,599.585,31.53,49,6035,10416,,128.636,6168.709000000001,12804.294000000002,9224.896,64.06,78.17,82.59,69.33,false,true,11.43,4.82,處置或交易限制風險；ETF 1/3日已轉為減碼；短線過熱或乖離過大；KD高檔死亡交叉，等待動能確認
456,1307,三芳,TWSE,塑膠工業,不建立部位,降低部位,trim,停止加碼；反彈未站回恢復區時分批減碼,每個交易日收盤後，確認是否站回恢復區,已有部位先停止加碼。反彈若仍未站回 31.68，分批降低部位；只有站回且ETF／外資賣壓收斂後才重新評估。,價格跌破60日EMA且20日趨勢向下；ETF 5/10日同步減碼,42.6,57.6,66.1,85,100,完整,30.5,30.5,11.02,5.71,12.33,46.72,186.74,1.46,9.1,1.22,7.21,1,0,-15,-25,-39,-61,0,-74.753,-295.028,279.84299999999996,-566.001,0,-24.936999999999998,-34.912,-56.912,0,3,-760578,-19.721999999999998,-37.901999999999994,7.06,-57,-95,114,,-58.076,-250.36900000000003,352.657,-434.3040000000001,42.55,18.79,23.85,8.66,false,false,-0.92,-0.16,"單日成交金額低於5,000萬元；中期趨勢仍向下；ETF短中期同步減碼；20日趨勢尚未上彎；當下除權息調整價未守20日EMA"
457,6561,是方,TPEX,通信網路業,不建立部位,保護持有,protect,今天不新增部位；未完成確認前不機械式賣出,今天收盤後；若跌破，再看下一交易日是否收復,已有部位暫停加碼；若收盤跌破60日EMA約 328.81，且下一交易日仍未收復，先減碼三分之一；若ETF或外資繼續轉弱，再分批降低部位。,價格跌破60日EMA且20日趨勢向下,52.9,57.6,54.6,85,100,可用,322,323.25,18.04,0,37.23,53.51,68.34,7.57,21.44,7.6,4.44,3,3,8,10,12,12,0,-7.771,-7.771,-7.771,-7.771,3,3,3,3,1,0,966000,-0.771,-0.771,7.09,,,,,-10,-10,-10,-10,47.08,44.52,48.64,36.29,false,true,-0.28,0.31,"單日成交金額低於5,000萬元；中期趨勢仍向下；外資持股趨勢資料不足或期間有非市場異動；20日趨勢尚未上彎"
458,3450,聯鈞,TWSE,半導體業,不建立部位,優先降低風險,risk,依風險與流動性分批降低部位,風險解除且基本面與趨勢重新確認後,已有部位應優先降低曝險；目前觸發「處置或交易限制事件」。待事件解除或基本面重新確認後再評估。,處置或交易限制事件,59.7,57.5,39.9,85,100,完整,585,585,98,20.29,18.21,44.79,189.07,2.78,118.66,15.26,0.17,7,0,0,749,-631,439,749,248.042,-2110.7529999999997,5141.621,9301.054999999998,-1,740,892,6067.904,2,3,432900000,26.379999999999967,133.04699999999997,22.44,389,-3537,2273,,394.14,-2877.133,4116.5740000000005,2855.638,55.62,57.84,66.57,40.39,false,true,4.44,-9.44,處置或交易限制風險
459,2204,中華,TWSE,汽車工業,不建立部位,保護持有,protect,今天不新增部位；未完成確認前不機械式賣出,今天收盤後；若跌破，再看下一交易日是否收復,已有部位暫停加碼；若收盤跌破60日EMA約 53.92，且下一交易日仍未收復，先減碼三分之一；若ETF或外資繼續轉弱，再分批降低部位。,ETF 5/10日同步減碼；外資持股5/10日下降且外資5日賣超,49.5,57.3,66,85,100,完整,53.6,53.45,13.64,10.58,5.12,24.02,123.61,3.19,8.73,0.77,6.72,3,26,16,-4,-13,-41,0,-379.57,-159.13200000000006,-615.9330000000001,3683.073,24.162,-9.238999999999997,-12.152999999999997,-45.031,1,4,-495210,27.092000000000002,46.03,18.84,-387,-185,-897,,-416.994,-176.985,-649.8100000000001,4055.7599999999993,49.25,48.41,56.42,32.38,false,false,-0.26,-0.74,"單日成交金額低於5,000萬元；ETF短中期同步減碼；外資持股5/10日下降，且外資5日賣超；當下除權息調整價未守20日EMA"
460,4953,緯致,TPEX,資訊服務業,不建立部位,保護持有,protect,今天不新增部位；未完成確認前不機械式賣出,今天收盤後；若跌破，再看下一交易日是否收復,已有部位暫停加碼；若收盤跌破60日EMA約 123.76，且下一交易日仍未收復，先減碼三分之一；若ETF或外資繼續轉弱，再分批降低部位。,價格跌破60日EMA且20日趨勢向下,49.2,57.2,66.1,85,100,可用,120,120.25,33.37,31.28,6.01,39.51,231.31,4.88,12.06,2.09,4.28,2,5,17,26,28,28,0,-77.7,-77.7,-77.7,-77.7,5,5,5,5,1,0,600000,0.3,0.3,14.21,,,,,-83,-83,-83,-83,40.76,21.69,28.89,7.31,false,true,-2.09,-2.04,"單日成交金額低於5,000萬元；中期趨勢仍向下；外資持股趨勢資料不足或期間有非市場異動；20日趨勢尚未上彎；當下除權息調整價未守20日EMA"
461,2425,承啟,TWSE,電腦及週邊設備業,不建立部位,降低部位,trim,停止加碼；反彈未站回恢復區時分批減碼,每個交易日收盤後，確認是否站回恢復區,已有部位先停止加碼。反彈若仍未站回 39.93，分批降低部位；只有站回且ETF／外資賣壓收斂後才重新評估。,價格跌破60日EMA且20日趨勢向下；ETF 5/10日同步減碼,48.6,57.1,51.6,85,100,完整,37.3,39,143.6,120.82,0.61,54.62,183.31,0.68,20.96,1.43,0.27,1,0,-1,-1,-3,-5,0,-19.383,517.669,804.6510000000001,-775.885,0,-1,-3,-5,0,1,-37300,51,54.313,5.82,-51,324,684,,-19.383,467.669,753.338,-863.6569999999999,40.92,41.88,34.93,55.76,true,true,-4.82,-0.27,"單日成交金額低於5,000萬元；中期趨勢仍向下；ETF短中期同步減碼；20日趨勢尚未上彎；當下除權息調整價未守20日EMA；單季稅前獲利對營業外貢獻依賴偏高"
462,3679,新至陞,TWSE,電子零組件業,不建立部位,保護持有,protect,今天不新增部位；未完成確認前不機械式賣出,今天收盤後；若跌破，再看下一交易日是否收復,已有部位暫停加碼；若收盤跌破60日EMA約 110.70，且下一交易日仍未收復，先減碼三分之一；若ETF或外資繼續轉弱，再分批降低部位。,價格跌破60日EMA且20日趨勢向下,50,57.1,68.1,85,100,完整,108,107.5,18.38,-6.8,17.76,48.94,241.4,4.18,9.14,1.41,8.33,1,2,4,3,3,2,0,16.141,27.215999999999998,27.621999999999996,153.426,2.141,2.774,2.774,2.29,3,1,299592,0.624,-2.9699999999999998,8.66,12,24,28,,12,23.818,27.818,153.106,46.93,32.52,28.79,39.97,true,true,-0.47,-0.46,"單日成交金額低於5,000萬元；中期趨勢仍向下；20日趨勢尚未上彎；當下除權息調整價未守20日EMA"
463,5269,祥碩,TWSE,半導體業,不建立部位,優先降低風險,risk,依風險與流動性分批降低部位,風險解除且基本面與趨勢重新確認後,已有部位應優先降低曝險；目前觸發「單月與累計營收同步明顯衰退」。待事件解除或基本面重新確認後再評估。,單月與累計營收同步明顯衰退,63.7,57.1,61.9,85,100,可用,1440,1485,-37.99,-2.25,23.41,17.16,178.89,52.07,15.36,2.98,3.15,16,36,47,101,133,103,0,1.741,102.97199999999998,286.096,408.902,36,101.78399999999999,133.217,74.552,5,0,146568960,-38.797999999999995,-46.038,9.2,0,67,165,,-40.056,39.98600000000002,198.91700000000003,155.57000000000005,51.6,49.91,58.23,33.27,false,true,0.54,1.05,營收動能同步衰退；累計營收負成長且當月改善不足；外資持股趨勢資料不足或期間有非市場異動；單季稅前獲利對營業外貢獻依賴偏高
464,4523,永彰,TPEX,電機機械,不建立部位,保護持有,protect,今天不新增部位；未完成確認前不機械式賣出,今天收盤後；若跌破，再看下一交易日是否收復,已有部位暫停加碼；若收盤跌破60日EMA約 25.61，且下一交易日仍未收復，先減碼三分之一；若ETF或外資繼續轉弱，再分批降低部位。,價格跌破60日EMA且20日趨勢向下,44.5,57,60.6,85,70,可用,23.65,24.9,106.54,75.86,-9.59,39.83,166.11,-0.92,0.88,0.84,11.17,1,0,0,0,1,1,0,5.975,5.975,5.975,5.975,0,0,0,0,0,0,0,-0.025,-0.025,3.41,,,,,6,6,6,6,35.73,34.26,34.17,34.43,false,false,-2.33,-0.63,"單日成交金額低於5,000萬元；中期趨勢仍向下；外資持股趨勢資料不足或期間有非市場異動；20日趨勢尚未上彎"
465,4536,拓凱,TWSE,運動休閒,不建立部位,降低部位,trim,停止加碼；反彈未站回恢復區時分批減碼,每個交易日收盤後，確認是否站回恢復區,已有部位先停止加碼。反彈若仍未站回 166.45，分批降低部位；只有站回且ETF／外資賣壓收斂後才重新評估。,價格跌破60日EMA且20日趨勢向下；外資持股5/10日下降且外資5日賣超,47.6,56.9,67.3,85,100,完整,163,163,20.39,2.23,16.23,34.22,265.4,6.55,12.3,1.57,4.91,2,0,0,0,0,-1,0,-120.297,-85.20399999999998,-329.64399999999995,239.21400000000006,0,0,0,-1,1,1,0,-4.456,-11.841999999999999,14.54,-90,-62,-291,,-116,-80.748,-317.80199999999996,248.39700000000005,39.96,20.17,24.45,11.61,false,false,-2.08,0.62,"單日成交金額低於5,000萬元；中期趨勢仍向下；外資持股5/10日下降，且外資5日賣超；20日趨勢尚未上彎；當下除權息調整價未守20日EMA"
466,1720,生達,TWSE,生技醫療業,不建立部位,保護持有,protect,今天不新增部位；未完成確認前不機械式賣出,今天收盤後；若跌破，再看下一交易日是否收復,已有部位暫停加碼；若收盤跌破60日EMA約 56.81，且下一交易日仍未收復，先減碼三分之一；若ETF或外資繼續轉弱，再分批降低部位。,價格跌破60日EMA且20日趨勢向下,45.5,56.8,72,85,100,可用,56.2,56.4,6.35,2.29,21.32,24.3,218.16,2.49,9.77,1.62,5.34,1,0,0,0,0,-1,0,-51.949,-151.17999999999998,-454.9749999999999,-727.4399999999999,0,0,0,-1,0,0,0,13.382000000000001,15.48,4.96,-140,-211,413,,-63.949,-164.562,-470.455,-776.0049999999999,44.9,23.25,30.88,7.97,false,false,-0.54,-0.88,"單日成交金額低於5,000萬元；中期趨勢仍向下；外資持股趨勢資料不足或期間有非市場異動；20日趨勢尚未上彎；當下除權息調整價未守20日EMA"
467,4571,鈞興-KY,TWSE,電機機械,不建立部位,降低部位,trim,停止加碼；反彈未站回恢復區時分批減碼,每個交易日收盤後，確認是否站回恢復區,已有部位先停止加碼。反彈若仍未站回 164.49，分批降低部位；只有站回且ETF／外資賣壓收斂後才重新評估。,價格跌破60日EMA且20日趨勢向下；外資持股5/10日下降且外資5日賣超,49.1,56.8,68.2,85,100,完整,158,158,36.12,3.89,17.19,25.38,311.88,4.16,17.65,2.52,3.34,1,0,0,0,0,-1,0,-45.532,-83.025,-199.513,-247.28800000000007,0,0,0,-1,0,0,0,-3.63,-2.63,63.33,-41,-63,-176,,-45.462,-79.39500000000001,-196.883,-209.19800000000004,47.13,42.17,35.8,54.92,true,true,-1.04,1.28,"單日成交金額低於5,000萬元；中期趨勢仍向下；外資持股5/10日下降，且外資5日賣超；20日趨勢尚未上彎；當下除權息調整價未守20日EMA"
468,3622,洋華,TWSE,光電業,不建立部位,降低部位,trim,停止加碼；反彈未站回恢復區時分批減碼,每個交易日收盤後，確認是否站回恢復區,已有部位先停止加碼。反彈若仍未站回 53.83，分批降低部位；只有站回且ETF／外資賣壓收斂後才重新評估。,價格跌破60日EMA且20日趨勢向下；外資持股5/10日下降且外資5日賣超,49.9,56.7,77.8,85,100,完整,53.5,50.5,-6.03,-3.56,21.64,14.28,649.81,1.1,10.49,1.03,5.98,1,0,0,0,0,0,0,-59,-630.529,-863.9549999999999,-1675.4950000000001,0,0,0,0,0,0,0,82.757,210.40600000000003,2.81,-50,-650,-816,,-62,-713.2860000000001,-1074.361,-1971.0900000000001,52.98,54.39,58.44,46.28,false,true,1.22,0.75,"單日成交金額低於5,000萬元；累計營收負成長且當月改善不足；中期趨勢仍向下；外資持股5/10日下降，且外資5日賣超；20日趨勢尚未上彎；2日內除權息，等待價格重置"
469,8213,志超,TWSE,電子零組件業,不建立部位,保護持有,protect,今天不新增部位；未完成確認前不機械式賣出,今天收盤後；若跌破，再看下一交易日是否收復,已有部位暫停加碼；若收盤跌破60日EMA約 33.34，且下一交易日仍未收復，先減碼三分之一；若ETF或外資繼續轉弱，再分批降低部位。,未觸發明確減碼訊號,50.7,56.7,56.7,85,100,完整,32.95,32.75,38.39,14.72,3.54,47.82,177.28,0.93,16.73,0.53,3.46,1,0,0,0,0,0,0,24.323,37.004999999999995,333.397,666.4949999999999,0,0,0,0,0,0,0,13.426,-19.728,21.18,17,-72,352,,17,23.579000000000008,353.125,594.921,52.1,42.3,47.52,31.84,false,true,0.55,0.15,"單日成交金額低於5,000萬元；當下除權息調整價未守20日EMA"
470,2832,台產,TWSE,金融保險業,不建立部位,保護持有,protect,今天不新增部位；未完成確認前不機械式賣出,今天收盤後；若跌破，再看下一交易日是否收復,已有部位暫停加碼；若收盤跌破60日EMA約 57.45，且下一交易日仍未收復，先減碼三分之一；若ETF或外資繼續轉弱，再分批降低部位。,外資持股5/10日下降且外資5日賣超,51.4,56.6,65.1,85,100,完整,57.9,58.1,-5.13,5.74,,53.86,,3.33,9.63,1.21,6.04,1,9,10,5,5,2,0,-62.819,-172.39200000000002,-524.465,-308.10099999999994,9.873,4.997,4.997,2.735,3,1,289326,13.403,25.156,4.39,-69,-190,-554,,-73.55,-190.792,-554.618,-316.28600000000006,44.13,27.03,33.72,13.66,false,false,-1.66,-0.69,"單日成交金額低於5,000萬元；外資持股5/10日下降，且外資5日賣超；20日趨勢尚未上彎；當下除權息調整價未守20日EMA"
471,6202,盛群,TWSE,半導體業,不建立部位,保護持有,protect,今天不新增部位；未完成確認前不機械式賣出,今天收盤後；若跌破，再看下一交易日是否收復,已有部位暫停加碼；若收盤跌破60日EMA約 59.15，且下一交易日仍未收復，先減碼三分之一；若ETF或外資繼續轉弱，再分批降低部位。,ETF 5/10日同步減碼,54.6,56.5,57.8,85,100,完整,59,60,40.77,15.61,11.26,29.68,345.14,0.94,49.17,3.36,1.15,3,0,-220,-440,-460,-475,-440,27.185,730.5,913.857,803.566,0,-440,-460,-475,0,2,-25960000,-6.449,2.958000000000002,16.48,53,1321,673,,26,1176.949,1370.8990000000001,1356.8149999999998,50.72,55.19,53.03,59.52,true,true,0.75,1.9,"單日成交金額低於5,000萬元；中期趨勢仍向下；ETF短中期同步減碼；主動ETF 5日轉為減碼；20日趨勢尚未上彎"
472,4543,萬在,TPEX,電機機械,不建立部位,保護持有,protect,今天不新增部位；未完成確認前不機械式賣出,今天收盤後；若跌破，再看下一交易日是否收復,已有部位暫停加碼；若收盤跌破60日EMA約 31.44，且下一交易日仍未收復，先減碼三分之一；若ETF或外資繼續轉弱，再分批降低部位。,價格跌破60日EMA且20日趨勢向下,41.5,56.4,72,85,90,可用,29.4,29.53,17.86,21.13,15.89,30.31,241.58,1.37,11.48,0.94,2.38,1,0,0,0,0,1,0,-55.612,-55.612,-55.612,-55.612,0,0,0,0,0,0,0,0.388,0.388,9.75,,,,,-56,-56,-56,-56,37.88,17.6,27.01,-1.22,false,false,-2.91,-2,"單日成交金額低於5,000萬元；中期趨勢仍向下；外資持股趨勢資料不足或期間有非市場異動；20日趨勢尚未上彎；當下除權息調整價未守20日EMA"
473,3374,精材,TPEX,半導體業,不建立部位,優先降低風險,risk,依風險與流動性分批降低部位,風險解除且基本面與趨勢重新確認後,已有部位應優先降低曝險；目前觸發「處置或交易限制事件」。待事件解除或基本面重新確認後再評估。,價格強勢站上20／60日EMA；法人未同步轉弱,58.7,56.1,42.8,85,100,可用,469.5,479,30.96,32.62,22.9,46.4,178.27,2.88,73.7,12.92,0.53,5,0,-2,70,137,138,67,932.514,932.514,932.514,932.514,0,0,0,0,0,0,0,212.535,212.535,21.68,,,,,719.979,719.979,719.979,719.979,73.54,92.33,85.72,105.54,false,false,26.1,11.12,處置或交易限制風險；外資持股趨勢資料不足或期間有非市場異動；短線過熱或乖離過大；高波動且5日漲幅過大
474,3048,益登,TWSE,電子通路業,不建立部位,保護持有,protect,今天不新增部位；未完成確認前不機械式賣出,今天收盤後；若跌破，再看下一交易日是否收復,已有部位暫停加碼；若收盤跌破60日EMA約 55.80，且下一交易日仍未收復，先減碼三分之一；若ETF或外資繼續轉弱，再分批降低部位。,價格跌破60日EMA且20日趨勢向下,48.2,55.8,47.6,85,100,完整,53.5,53.2,54.6,34.3,2.25,81.14,133.57,3.15,11.36,1.96,1.87,1,0,0,0,0,0,0,-72.568,24.876999999999995,-1745.2709999999997,-1113.8069999999998,0,0,0,0,0,0,0,-21.686999999999998,-94.18499999999999,5.53,-78,-116,-1818,,-72.59,46.56400000000001,-1651.0859999999998,-912.998,43.16,15.83,17.7,12.09,false,false,-2.73,-2.55,"單日成交金額低於5,000萬元；中期趨勢仍向下；20日趨勢尚未上彎；當下除權息調整價未守20日EMA"
475,5287,數字,TPEX,數位雲端,不建立部位,保護持有,protect,今天不新增部位；未完成確認前不機械式賣出,今天收盤後；若跌破，再看下一交易日是否收復,已有部位暫停加碼；若收盤跌破60日EMA約 137.76，且下一交易日仍未收復，先減碼三分之一；若ETF或外資繼續轉弱，再分批降低部位。,未觸發明確減碼訊號,52.8,55.8,63.5,85,100,可用,136,138.25,-2.6,-1.84,38.3,39.46,155.27,7.68,8.9,2.95,8.2,1,3,4,3,3,2,0,-22.191,-22.191,-22.191,-22.191,2.809,2.809,2.809,2.809,1,0,382024,0,0,15.14,,,,,-25,-25,-25,-25,43.22,11.88,16.2,3.24,false,false,-1.12,0,"單日成交金額低於5,000萬元；累計營收負成長且當月改善不足；外資持股趨勢資料不足或期間有非市場異動"
476,6104,創惟,TPEX,半導體業,不建立部位,保護持有,protect,今天不新增部位；未完成確認前不機械式賣出,今天收盤後；若跌破，再看下一交易日是否收復,已有部位暫停加碼；若收盤跌破60日EMA約 96.24，且下一交易日仍未收復，先減碼三分之一；若ETF或外資繼續轉弱，再分批降低部位。,未觸發明確減碼訊號,52.8,55.6,53.4,85,100,可用,95.9,96.45,4.49,0.44,13.92,35.3,172.53,2.87,20.19,4.05,4.69,1,0,0,0,0,70,0,-113.954,-113.954,-113.954,-113.954,0,0,0,0,0,0,0,-4.971,-4.971,21.65,,,,,-108.983,-108.983,-108.983,-108.983,49.72,27.73,44.5,-5.82,false,false,-0.33,-1.34,"單日成交金額低於5,000萬元；外資持股趨勢資料不足或期間有非市場異動"
477,8936,國統,TPEX,其他,不建立部位,降低部位,trim,停止加碼；反彈未站回恢復區時分批減碼,每個交易日收盤後，確認是否站回恢復區,已有部位先停止加碼。反彈若仍未站回 52.30，分批降低部位；只有站回且ETF／外資賣壓收斂後才重新評估。,價格跌破60日EMA且20日趨勢向下；ETF 5/10日同步減碼,42.3,55.6,67.5,85,100,可用,50.2,50.25,5.81,17.86,19.11,43.73,183.13,1.87,11.57,1.97,5.98,1,0,-9,-16,-25,-41,0,-15.814,-15.814,-15.814,-15.814,0,0,0,0,0,0,0,43.186,43.186,10.4,,,,,-59,-59,-59,-59,37.63,12.25,26.84,-16.93,false,false,-1.64,-0.99,"單日成交金額低於5,000萬元；中期趨勢仍向下；ETF短中期同步減碼；外資持股趨勢資料不足或期間有非市場異動；20日趨勢尚未上彎；當下除權息調整價未守20日EMA"
478,2477,美隆電,TWSE,其他電子業,不建立部位,保護持有,protect,今天不新增部位；未完成確認前不機械式賣出,今天收盤後；若跌破，再看下一交易日是否收復,已有部位暫停加碼；若收盤跌破60日EMA約 21.51，且下一交易日仍未收復，先減碼三分之一；若ETF或外資繼續轉弱，再分批降低部位。,外資持股5/10日下降且外資5日賣超,57.3,55.5,51.9,85,100,完整,21.65,21.7,34.11,-1.03,0.92,49.41,199.41,0.17,24.6,0.84,6.47,1,8,12,7,7,5,0,17.684,-245.472,-577.47,-832.3120000000001,7.669,6.912999999999999,6.912999999999999,5.167,3,1,149666,4.585,3.5869999999999997,23.4,7,-245,-531,,7.015,-256.97,-587.97,-849.066,55.4,53.44,47.82,64.66,false,false,1.43,-1.14,"單日成交金額低於5,000萬元；外資持股5/10日下降，且外資5日賣超；20日趨勢尚未上彎；單季稅前獲利對營業外貢獻依賴偏高"
479,6743,安普新,TWSE,其他電子業,不建立部位,保護持有,protect,今天不新增部位；未完成確認前不機械式賣出,今天收盤後；若跌破，再看下一交易日是否收復,已有部位暫停加碼；若收盤跌破60日EMA約 27.95，且下一交易日仍未收復，先減碼三分之一；若ETF或外資繼續轉弱，再分批降低部位。,未觸發明確減碼訊號,58.2,55.4,36,85,100,完整,28.65,28.2,50.24,9.62,4.18,75.63,84.26,0,25.81,1.85,10.47,1,8,6,1,1,-1,0,-67.704,-151.897,26.768999999999977,60.557000000000016,8.196,1.2439999999999998,1.2439999999999998,-0.6460000000000001,2,2,35641,0,-21,3.53,-40,-142,25,,-75.9,-153.14100000000002,46.52499999999995,61.202999999999975,58.98,90.61,83.39,105.05,false,false,4.16,3.8,"單日成交金額低於5,000萬元"
480,6690,安碁資訊,TPEX,數位雲端,不建立部位,保護持有,protect,今天不新增部位；未完成確認前不機械式賣出,今天收盤後；若跌破，再看下一交易日是否收復,已有部位暫停加碼；若收盤跌破60日EMA約 165.10，且下一交易日仍未收復，先減碼三分之一；若ETF或外資繼續轉弱，再分批降低部位。,價格跌破60日EMA且20日趨勢向下,46.7,55.4,66.7,85,90,可用,163,164,8.89,14.33,14.18,37.1,213.57,5.1,14.89,1.62,5.52,1,0,0,0,0,0,0,0.795,0.795,0.795,0.795,0,0,0,0,0,0,0,0,0,4.17,,,,,0.795,0.795,0.795,0.795,46.76,26.2,35.05,8.51,false,true,-0.5,-0.91,"單日成交金額低於5,000萬元；中期趨勢仍向下；外資持股趨勢資料不足或期間有非市場異動；20日趨勢尚未上彎"
481,4583,台灣精銳,TWSE,電機機械,不建立部位,降低部位,trim,停止加碼；反彈未站回恢復區時分批減碼,每個交易日收盤後，確認是否站回恢復區,已有部位先停止加碼。反彈若仍未站回 535.27，分批降低部位；只有站回且ETF／外資賣壓收斂後才重新評估。,價格跌破60日EMA且20日趨勢向下；外資持股5/10日下降且外資5日賣超,47.1,55.3,70.1,85,100,完整,462,467.5,21.11,15.07,34.42,10.76,1265.54,6.81,34.3,3.73,2.16,3,0,0,0,0,-1,0,-13,-24.946,-63.262,128.873,0,0,0,-0.899,0,0,0,1.4720000000000002,3.4040000000000004,2.42,-12,-143,-182,,-15,-26.418000000000003,-66.66600000000001,127.574,40.19,38.36,39.88,35.31,false,true,-3.66,0.43,"單日成交金額低於5,000萬元；中期趨勢仍向下；外資持股5/10日下降，且外資5日賣超；20日趨勢尚未上彎；當下除權息調整價未守20日EMA"
482,2474,可成,TWSE,其他電子業,不建立部位,優先降低風險,risk,依風險與流動性分批降低部位,風險解除且基本面與趨勢重新確認後,已有部位應優先降低曝險；目前觸發「外資持股5/10日下降且外資5日賣超」。待事件解除或基本面重新確認後再評估。,外資持股5/10日下降且外資5日賣超；單月與累計營收同步明顯衰退,63.6,54.8,55.4,85,100,完整,208.5,205,-34.29,-31.97,4.51,38.16,133.88,5.14,13.87,0.81,4.93,23,52,108,120,32,623,-182,-649.965,-739.9099999999997,149.3480000000004,843.6250000000002,55,237,234.762,1083.777,4,1,49414500,-64.93699999999998,-402.442,14.59,-542,-1294,-1239,,-706.717,-911.9730000000001,317.02800000000013,346.34799999999973,58.76,57.48,67.29,37.86,false,true,1.76,0,營收動能同步衰退；累計營收負成長且當月改善不足；主動ETF 5日轉為減碼；外資持股5/10日下降，且外資5日賣超；單季稅前獲利對營業外貢獻依賴偏高
483,2547,日勝生,TWSE,建材營造,不建立部位,降低部位,trim,停止加碼；反彈未站回恢復區時分批減碼,每個交易日收盤後，確認是否站回恢復區,已有部位先停止加碼。反彈若仍未站回 10.37，分批降低部位；只有站回且ETF／外資賣壓收斂後才重新評估。,價格跌破60日EMA且20日趨勢向下；外資持股5/10日下降且外資5日賣超,48.4,54.8,45.3,85,100,完整,9.95,9.98,152.25,60.16,17.73,77.43,77.87,0.01,82.92,0.76,8.04,1,57,43,10,10,-3,0,-900.805,-104.04399999999987,-1685.94,-4658.903,56.574,9.515999999999998,22.516,9.476999999999999,2,2,94684,2.131000000000001,-201.847,13.76,-709,-116,-1416,,-970,-115.69100000000003,-1506.609,-4416.467000000001,39.06,11.99,16.2,3.55,false,false,-1.65,-0.1,"單日成交金額低於5,000萬元；中期趨勢仍向下；外資持股5/10日下降，且外資5日賣超；20日趨勢尚未上彎；當下除權息調整價未守20日EMA"
484,2597,潤弘,TWSE,建材營造,不建立部位,保護持有,protect,今天不新增部位；未完成確認前不機械式賣出,今天收盤後；若跌破，再看下一交易日是否收復,已有部位暫停加碼；若收盤跌破60日EMA約 167.46，且下一交易日仍未收復，先減碼三分之一；若ETF或外資繼續轉弱，再分批降低部位。,未觸發明確減碼訊號,64.7,54.8,33.5,85,100,完整,171,170.5,3.13,13.32,13.16,68.77,112.85,5.08,14.67,7.14,5.65,5,0,0,50,50,47,0,78.451,581.421,933.6270000000001,1401.3980000000004,0,50,50,47.357,1,1,8550000,17.265,15.469000000000001,2.24,48,239,263,,67.733,514.156,868.1579999999999,1471.4049999999997,57.1,45.01,48.71,37.62,false,false,1.29,0,"單日成交金額低於5,000萬元"
485,4137,麗豐-KY,TWSE,生技醫療業,不建立部位,降低部位,trim,停止加碼；反彈未站回恢復區時分批減碼,每個交易日收盤後，確認是否站回恢復區,已有部位先停止加碼。反彈若仍未站回 93.75，分批降低部位；只有站回且ETF／外資賣壓收斂後才重新評估。,價格跌破60日EMA且20日趨勢向下；外資持股5/10日下降且外資5日賣超,39.9,54.6,66.2,85,100,完整,78.1,78.4,2.76,7.74,14.8,50.68,163.86,2.92,11.57,1.31,12.8,2,5,6,3,3,2,0,-82.023,-556.8349999999999,-989.4669999999999,-1695.591,4.582,2.9960000000000004,2.9960000000000004,1.9490000000000005,2,2,233988,-72.282,-119.287,53.56,-26,-249,-503,,-77.24,-487.549,-873.1759999999999,-1497.286,13.25,3.48,4,2.44,false,false,-9.53,-7.24,"單日成交金額低於5,000萬元；中期趨勢仍向下；外資持股5/10日下降，且外資5日賣超；20日趨勢尚未上彎；當下除權息調整價未守20日EMA"
486,6115,鎰勝,TWSE,電子零組件業,不建立部位,保護持有,protect,今天不新增部位；未完成確認前不機械式賣出,今天收盤後；若跌破，再看下一交易日是否收復,已有部位暫停加碼；若收盤跌破60日EMA約 45.54，且下一交易日仍未收復，先減碼三分之一；若ETF或外資繼續轉弱，再分批降低部位。,價格跌破60日EMA且20日趨勢向下,46.7,54.5,64.5,85,100,完整,44.1,44.63,11.92,11.81,9.05,40.04,214.74,1.48,12.89,1.62,6.35,1,0,0,0,0,0,0,9,-48,-331,-528,0,0,0,0,0,0,0,1,-33,5.21,11,53,-178,,5,-49,-298,-509,40.31,43.86,34.1,63.38,false,false,-0.81,1.03,"單日成交金額低於5,000萬元；中期趨勢仍向下；20日趨勢尚未上彎"
487,1210,大成,TWSE,食品工業,不建立部位,保護持有,protect,今天不新增部位；未完成確認前不機械式賣出,今天收盤後；若跌破，再看下一交易日是否收復,已有部位暫停加碼；若收盤跌破60日EMA約 53.99，且下一交易日仍未收復，先減碼三分之一；若ETF或外資繼續轉弱，再分批降低部位。,價格跌破60日EMA且20日趨勢向下,52.9,54.4,44.7,85,100,完整,52.1,52.4,21.5,8.41,3.89,55.78,84.62,1.48,12.8,1.71,5.76,5,0,0,130,130,-636,0,278.329,202.66199999999998,-1449.215,-2454.4629999999997,-4,121,122,-652.58,2,2,6304100,-113.596,-175.725,7.41,285,376,-812,,264.323,195.25800000000004,-1395.49,-316.558,39.93,33.81,29.31,42.82,true,false,-1.15,1.36,"單日成交金額低於5,000萬元；中期趨勢仍向下；20日趨勢尚未上彎；當下除權息調整價未守20日EMA"
488,9911,櫻花,TWSE,居家生活,不建立部位,保護持有,protect,今天不新增部位；未完成確認前不機械式賣出,今天收盤後；若跌破，再看下一交易日是否收復,已有部位暫停加碼；若收盤跌破60日EMA約 82.85，且下一交易日仍未收復，先減碼三分之一；若ETF或外資繼續轉弱，再分批降低部位。,價格跌破60日EMA且20日趨勢向下,42.9,54.3,62.6,85,100,可用,81.7,81.7,9.67,6.76,15.65,37.15,166.9,3.26,12.67,2.75,6.12,2,0,0,-1,0,0,0,-25,-597.674,-696.779,-763.3790000000001,0,-1,0,0,1,1,-81700,8,-10.105,18.42,-7,-599,-722,,-30,-604.674,-686.674,-782.2740000000001,41.03,23.15,36.3,-3.16,false,false,-0.84,-1.57,"單日成交金額低於5,000萬元；中期趨勢仍向下；外資持股趨勢資料不足或期間有非市場異動；20日趨勢尚未上彎；當下除權息調整價未守20日EMA"
489,3479,安勤,TPEX,電腦及週邊設備業,不建立部位,保護持有,protect,今天不新增部位；未完成確認前不機械式賣出,今天收盤後；若跌破，再看下一交易日是否收復,已有部位暫停加碼；若收盤跌破60日EMA約 130.60，且下一交易日仍未收復，先減碼三分之一；若ETF或外資繼續轉弱，再分批降低部位。,價格跌破60日EMA且20日趨勢向下,47.1,54,52.7,85,100,可用,125.5,126.25,19.67,14.6,8.25,57.39,155.72,3.95,17.22,2.73,3.68,1,0,0,0,0,0,0,-91.191,-91.191,-91.191,-91.191,0,0,0,0,0,0,0,-0.544,-0.544,7,,,,,-90.647,-90.647,-90.647,-90.647,42.12,26.66,23.06,33.86,true,false,-2.98,-0.79,"單日成交金額低於5,000萬元；中期趨勢仍向下；外資持股趨勢資料不足或期間有非市場異動；20日趨勢尚未上彎；當下除權息調整價未守20日EMA"
490,1707,葡萄王,TWSE,生技醫療業,不建立部位,保護持有,protect,今天不新增部位；未完成確認前不機械式賣出,今天收盤後；若跌破，再看下一交易日是否收復,已有部位暫停加碼；若收盤跌破60日EMA約 93.40，且下一交易日仍未收復，先減碼三分之一；若ETF或外資繼續轉弱，再分批降低部位。,未觸發明確減碼訊號,52.1,53.8,63.2,85,100,完整,91,92.6,-5.08,-3.01,15.96,22.65,158.79,2.75,11.74,1.32,6.59,1,0,0,0,0,-1,0,78.848,145.12300000000002,-395.711,-934.0660000000001,0,0,1,0,0,0,0,1.0279999999999996,1.0109999999999986,13.53,82,-1269,-1803,,75.989,144.09500000000003,-397.722,-934.7520000000001,52.13,56.89,58.83,52.99,false,true,0.64,1.79,"單日成交金額低於5,000萬元；累計營收負成長且當月改善不足"
491,5236,凌陽創新,TWSE,半導體業,不建立部位,保護持有,protect,今天不新增部位；未完成確認前不機械式賣出,今天收盤後；若跌破，再看下一交易日是否收復,已有部位暫停加碼；若收盤跌破60日EMA約 146.02，且下一交易日仍未收復，先減碼三分之一；若ETF或外資繼續轉弱，再分批降低部位。,價格跌破60日EMA且20日趨勢向下,45.7,53.8,67.9,85,100,完整,137.5,138.25,-1.5,14.76,33.2,30.49,329.86,5.86,13.39,3.34,6.55,1,0,0,0,0,9,0,-15,83.723,64.38399999999999,-344.052,0,0,0,9,0,0,0,1,-6.019,6.2,-23,-13,-4,,-15,82.723,70.40299999999999,-333.954,44.27,55.7,49.39,68.33,false,false,-0.81,2.23,"單日成交金額低於5,000萬元；中期趨勢仍向下；20日趨勢尚未上彎；當下除權息調整價未守20日EMA"
492,2546,根基,TWSE,建材營造,不建立部位,保護持有,protect,今天不新增部位；未完成確認前不機械式賣出,今天收盤後；若跌破，再看下一交易日是否收復,已有部位暫停加碼；若收盤跌破60日EMA約 94.89，且下一交易日仍未收復，先減碼三分之一；若ETF或外資繼續轉弱，再分批降低部位。,ETF 5/10日同步減碼,52.3,53.6,49.1,85,100,可用,105.5,105.5,5.52,18.75,12.17,61.6,158.04,8.89,7.06,2.1,5.69,3,0,-82,-163,-163,-164,-163,-14.333,-314.529,-365.899,466.143,0,-163,-163,-164,0,2,-17196500,3.48,-15.197000000000003,4.11,-14,-138,390,,-18.333,-155.009,-187.70199999999997,657.024,56.76,39.87,36.01,47.6,true,false,1.36,-0.94,"單日成交金額低於5,000萬元；ETF短中期同步減碼；主動ETF 5日轉為減碼；外資持股趨勢資料不足或期間有非市場異動"
493,2497,怡利電,TWSE,汽車工業,不建立部位,降低部位,trim,停止加碼；反彈未站回恢復區時分批減碼,每個交易日收盤後，確認是否站回恢復區,已有部位先停止加碼。反彈若仍未站回 49.96，分批降低部位；只有站回且ETF／外資賣壓收斂後才重新評估。,價格跌破60日EMA且20日趨勢向下；外資持股5/10日下降且外資5日賣超,47.3,53.4,50.9,85,100,完整,44.25,44.55,16.54,20.16,8.69,55.57,125.63,1.59,13.87,1.98,4.52,1,10,40,60,70,70,0,-118.008,-227.41799999999998,-297.046,-864.6729999999999,10,60,70,70,3,0,2655000,-3.1289999999999996,-20.139,2.89,-122,-267,-307,,-127.978,-284.289,-346.907,-901.762,36.11,28.3,38.82,7.27,false,true,-3.81,-1.67,"單日成交金額低於5,000萬元；中期趨勢仍向下；外資持股5/10日下降，且外資5日賣超；20日趨勢尚未上彎；當下除權息調整價未守20日EMA"
494,4549,桓達,TPEX,電機機械,不建立部位,保護持有,protect,今天不新增部位；未完成確認前不機械式賣出,今天收盤後；若跌破，再看下一交易日是否收復,已有部位暫停加碼；若收盤跌破60日EMA約 97.42，且下一交易日仍未收復，先減碼三分之一；若ETF或外資繼續轉弱，再分批降低部位。,未觸發明確減碼訊號,57.2,53.4,58.4,85,100,可用,101.47,100.5,-8.94,-8.63,23.7,33.36,475.96,2.28,25.43,3.12,3.09,1,0,0,0,0,0,0,1.017,1.017,1.017,1.017,0,0,0,0,0,0,0,-0.228,-0.228,3.72,,,,,1.245,1.245,1.245,1.245,60.05,60.49,57.17,67.12,true,false,3.17,0.49,"單日成交金額低於5,000萬元；累計營收負成長且當月改善不足；外資持股趨勢資料不足或期間有非市場異動；2日內除權息，等待價格重置"
495,2385,群光,TWSE,電子零組件業,不建立部位,優先降低風險,risk,依風險與流動性分批降低部位,風險解除且基本面與趨勢重新確認後,已有部位應優先降低曝險；目前觸發「ETF 5/10日同步減碼」。待事件解除或基本面重新確認後再評估。,ETF 5/10日同步減碼；單月與累計營收同步明顯衰退,59.9,53.3,49.4,85,100,可用,110.5,109,-12.24,-6.27,5.03,52.04,143.4,5.06,12.4,1.81,6.52,24,90,0,-51,-207,-730,-73,-301.565,3591.5139999999997,6144.672999999999,11330.943,92.803,117.838,89.40399999999998,-1632.6950000000002,3,2,13021099,-20.441,-148.30299999999997,24.3,309,3723,7058,,-390.404,3494.117,6203.572,13551.642000000003,59.72,74.27,66.81,89.19,true,true,2.91,3.76,營收動能同步衰退；累計營收負成長且當月改善不足；ETF短中期同步減碼；主動ETF 5日轉為減碼
496,3008,大立光,TWSE,光電業,不建立部位,優先降低風險,risk,依風險與流動性分批降低部位,風險解除且基本面與趨勢重新確認後,已有部位應優先降低曝險；目前觸發「ETF 5/10日同步減碼」。待事件解除或基本面重新確認後再評估。,ETF 5/10日同步減碼；外資持股5/10日下降且外資5日賣超；處置或交易限制事件,49.5,53.1,64.7,85,100,可用,6660,6660,-10.66,7.49,37.52,14.43,485.47,82.35,35.42,4.55,1.2,42,-88,-179,-165,-29,237,-179,-737.748,-593.3199999999999,-18.677999999999955,499.502,-458.36,-423.65,389.93600000000004,1326.7880000000002,2,3,-2821509000,69.512,17.347000000000005,26.68,-210,-175,-583,,-257.699,-239.182,-425.961,-1276.51,59.11,67.09,80.32,40.61,false,false,6.34,-12.94,處置或交易限制風險；ETF短中期同步減碼；20日累積後5日轉為調節；ETF 1/3日已轉為減碼；主動ETF 5日轉為減碼；投信20日買超後近5日轉賣；外資持股5/10日下降，且外資5日賣超
497,2414,精技,TWSE,電子通路業,不建立部位,降低部位,trim,停止加碼；反彈未站回恢復區時分批減碼,每個交易日收盤後，確認是否站回恢復區,已有部位先停止加碼。反彈若仍未站回 54.30，分批降低部位；只有站回且ETF／外資賣壓收斂後才重新評估。,價格跌破60日EMA且20日趨勢向下；ETF 5/10日同步減碼；外資持股5/10日下降且外資5日賣超,42.3,52.9,47.8,85,100,完整,52.1,52.15,25.35,42.94,2.85,76.08,120,2.53,12.68,2.67,5.76,1,0,-2,-2,-4,-7,0,-47,-15.393999999999991,-256.945,-1569.06,0,-2,-4,-7,0,1,-104200,3,-4.693,4.22,-33,-6,-255,,-49,-16.39399999999999,-248.252,-1493.367,41.24,53.61,48.36,64.1,false,false,-1.7,0.58,"單日成交金額低於5,000萬元；中期趨勢仍向下；ETF短中期同步減碼；外資持股5/10日下降，且外資5日賣超；20日趨勢尚未上彎；當下除權息調整價未守20日EMA"
498,2923,鼎固-KY,TWSE,建材營造,不建立部位,保護持有,protect,今天不新增部位；未完成確認前不機械式賣出,今天收盤後；若跌破，再看下一交易日是否收復,已有部位暫停加碼；若收盤跌破60日EMA約 27.00，且下一交易日仍未收復，先減碼三分之一；若ETF或外資繼續轉弱，再分批降低部位。,未觸發明確減碼訊號,55.9,52.8,45.3,85,100,完整,27.1,27.2,75.3,151.74,14.07,58.69,288.95,-0.11,,1.02,0.44,1,0,0,0,0,-26,0,81.035,111.049,13.04900000000002,-215.71599999999998,0,0,0,-25.583,0,0,0,14.035,65.035,99.51,69,97,-52,,69,97.01399999999998,-51.98600000000002,-250.055,51.59,43.56,35.32,60.05,true,false,3.73,11.98,"單日成交金額低於5,000萬元；20日趨勢尚未上彎；高波動且5日漲幅過大"
499,3406,玉晶光,TWSE,光電業,不建立部位,優先降低風險,risk,依風險與流動性分批降低部位,風險解除且基本面與趨勢重新確認後,已有部位應優先降低曝險；目前觸發「ETF 5/10日同步減碼」。待事件解除或基本面重新確認後再評估。,ETF 5/10日同步減碼；KD高檔死亡交叉（僅屬時機警示）；處置或交易限制事件,48.1,52.8,58.6,85,100,完整,987,1000,1.63,14.2,18.27,39.42,238.38,13.99,26.7,4.11,1.72,6,-15,-53,-51,-143,-148,0,-75.532,3313.0499999999997,9271.81,9542.401999999996,-16,2366.5,4424.5,7132.262,1,3,2335735500,-138.759,59.842,45.45,-89,983,4719,,-89.088,1085.309,4787.468000000001,2320.039000000001,70.09,83.83,87.38,76.74,false,true,19.44,-1.79,處置或交易限制風險；ETF短中期同步減碼；ETF 1/3日已轉為減碼；短線過熱或乖離過大；KD高檔死亡交叉，等待動能確認
500,2915,潤泰全,TWSE,貿易百貨,不建立部位,優先降低風險,risk,依風險與流動性分批降低部位,風險解除且基本面與趨勢重新確認後,已有部位應優先降低曝險；目前觸發「外資持股5/10日下降且外資5日賣超」。待事件解除或基本面重新確認後再評估。,外資持股5/10日下降且外資5日賣超；單月與累計營收同步明顯衰退,55.6,52.7,62.6,85,100,完整,56.7,57,-18.52,-22.47,6.83,8.24,192.43,8.96,4.08,0.37,3.35,3,0,-23,45,43,650,0,-685.734,-324.759,-2871.792,4651.139,0,45,43,649.489,1,3,2551500,-83.251,-320.917,6.13,-576,-737,-4259,,-707,-286.50800000000004,-2593.8750000000005,4245.58,50.86,27.53,27.74,27.11,true,true,-0.63,1.25,營收動能同步衰退；累計營收負成長且當月改善不足；外資持股5/10日下降，且外資5日賣超；當下除權息調整價未守20日EMA；單季稅前獲利對營業外貢獻依賴偏高
501,8938,明安,TPEX,運動休閒,不建立部位,保護持有,protect,今天不新增部位；未完成確認前不機械式賣出,今天收盤後；若跌破，再看下一交易日是否收復,已有部位暫停加碼；若收盤跌破60日EMA約 53.67，且下一交易日仍未收復，先減碼三分之一；若ETF或外資繼續轉弱，再分批降低部位。,價格跌破60日EMA且20日趨勢向下,50.2,52.7,56.5,85,100,可用,52.2,52.7,15.6,-5.08,3,40.38,202.65,1.34,9.94,1.05,7.66,1,9,106,102,102,101,0,-11.685,-11.685,-11.685,-11.685,8.925,8.925,8.925,8.925,1,0,465885,-0.61,-0.61,6.54,,,,,-20,-20,-20,-20,47.82,53.45,37.83,84.67,true,false,0.12,3.16,"單日成交金額低於5,000萬元；中期趨勢仍向下；外資持股趨勢資料不足或期間有非市場異動；20日趨勢尚未上彎"
502,4991,環宇-KY,TPEX,半導體業,不建立部位,優先降低風險,risk,依風險與流動性分批降低部位,風險解除且基本面與趨勢重新確認後,已有部位應優先降低曝險；目前觸發「處置或交易限制事件」。待事件解除或基本面重新確認後再評估。,處置或交易限制事件,57.2,52.3,54,85,100,可用,494,495,-6.93,45.75,18.87,12.71,998.83,2.58,153.89,13.45,0,5,0,71,73,68,1298,71,-23.509,-23.509,-23.509,-23.509,0,0,0,0,0,0,0,14.687,14.687,22.4,,,,,-38.196,-38.196,-38.196,-38.196,51.13,58.64,67.26,41.39,false,true,0.45,-8.35,處置或交易限制風險；外資持股趨勢資料不足或期間有非市場異動；估值高且成長不足以支撐
503,2020,美亞,TWSE,鋼鐵工業,不建立部位,優先降低風險,risk,依風險與流動性分批降低部位,風險解除且基本面與趨勢重新確認後,已有部位應優先降低曝險；目前觸發「單月與累計營收同步明顯衰退」。待事件解除或基本面重新確認後再評估。,單月與累計營收同步明顯衰退,51.9,52.2,49.6,85,93,可用,21.65,21.65,-62.27,-19.32,15.97,54.52,145.53,1.02,10.46,1.36,8.31,1,0,0,0,0,0,0,-115.997,-45.39100000000001,97.08999999999999,295.027,0,0,0,0,0,0,0,8,-2,1.9,-116,-66,92,,-121.997,-53.39100000000001,99.08999999999999,289.02799999999996,50.55,25.71,42.5,-7.87,false,false,-0.13,-0.69,"單日成交金額低於5,000萬元；營收動能同步衰退；累計營收負成長且當月改善不足；當下除權息調整價未守20日EMA"
504,6762,達亞,TPEX,生技醫療業,不建立部位,保護持有,protect,今天不新增部位；未完成確認前不機械式賣出,今天收盤後；若跌破，再看下一交易日是否收復,已有部位暫停加碼；若收盤跌破60日EMA約 166.70，且下一交易日仍未收復，先減碼三分之一；若ETF或外資繼續轉弱，再分批降低部位。,未觸發明確減碼訊號,56,52.2,31.9,85,90,可用,168,173,31.77,0.84,5.37,52.58,55.97,0.21,336,4.53,0.6,1,0,0,0,0,1,0,-0.978,-0.978,-0.978,-0.978,0,0,0,0,0,0,0,0.022,0.022,5.82,,,,,-1,-1,-1,-1,52.53,67.96,44.31,115.26,false,false,0.82,3.07,"單日成交金額低於5,000萬元；外資持股趨勢資料不足或期間有非市場異動；20日趨勢尚未上彎"
505,2903,遠百,TWSE,貿易百貨,不建立部位,保護持有,protect,今天不新增部位；未完成確認前不機械式賣出,今天收盤後；若跌破，再看下一交易日是否收復,已有部位暫停加碼；若收盤跌破60日EMA約 22.36，且下一交易日仍未收復，先減碼三分之一；若ETF或外資繼續轉弱，再分批降低部位。,外資持股5/10日下降且外資5日賣超,55.5,52,42.4,85,100,完整,22.25,22.25,-1.69,-0.48,14.05,73.04,49.46,0.55,14.93,1.04,5.62,4,-1,1037,1769,1769,4025,1770,-529,-1049.1390000000001,185.98199999999997,3848.7449999999985,-6,1757,1758,4001.729,4,1,39093250,13.475999999999999,55.476,7.95,-506,-2753,-1191,,-547,-2819.615,-1627.4939999999997,-416.6740000000003,49.11,27.2,34.01,13.58,false,false,-0.17,-0.45,"單日成交金額低於5,000萬元；累計營收負成長且當月改善不足；外資持股5/10日下降，且外資5日賣超；當下除權息調整價未守20日EMA"
506,7722,LINEPAY,TWSE,數位雲端,不建立部位,保護持有,protect,今天不新增部位；未完成確認前不機械式賣出,今天收盤後；若跌破，再看下一交易日是否收復,已有部位暫停加碼；若收盤跌破60日EMA約 285.66，且下一交易日仍未收復，先減碼三分之一；若ETF或外資繼續轉弱，再分批降低部位。,價格跌破60日EMA且20日趨勢向下,46.6,52,47.2,85,100,可用,279,280,13.18,14.66,6.41,56.57,181.62,4.35,33.21,1.72,0.72,1,0,0,0,-1,-1,0,29.187,8.123999999999999,45.208,-12.324000000000009,0,0,-1,-1,0,0,0,-0.7790000000000001,0.5319999999999995,58.87,29,2047,2091,,27.187,8.903,45.676,-14.781,47.01,26.79,33.34,13.7,false,false,-1.01,-2.11,"單日成交金額低於5,000萬元；中期趨勢仍向下；外資持股趨勢資料不足或期間有非市場異動；20日趨勢尚未上彎；當下除權息調整價未守20日EMA"
507,2010,春源,TWSE,鋼鐵工業,不建立部位,保護持有,protect,今天不新增部位；未完成確認前不機械式賣出,今天收盤後；若跌破，再看下一交易日是否收復,已有部位暫停加碼；若收盤跌破60日EMA約 22.52，且下一交易日仍未收復，先減碼三分之一；若ETF或外資繼續轉弱，再分批降低部位。,外資持股5/10日下降且外資5日賣超,45.4,51.6,56.8,85,100,完整,22.3,22.33,-0.95,5.9,7.89,45.34,176.99,1.35,8.88,1.15,8.97,1,0,0,0,0,-2,0,-631.807,-643.737,-226.84300000000002,358.5479999999999,0,0,0,-2,0,0,0,66.17099999999999,33.17099999999999,8.62,-645,-557,-134,,-670,-709.9079999999999,-260.01399999999995,288.8610000000001,46.89,29.27,35.44,16.94,false,false,-0.87,-1.76,"單日成交金額低於5,000萬元；外資持股5/10日下降，且外資5日賣超；當下除權息調整價未守20日EMA"
508,4568,科際精密,TPEX,電機機械,不建立部位,保護持有,protect,今天不新增部位；未完成確認前不機械式賣出,今天收盤後；若跌破，再看下一交易日是否收復,已有部位暫停加碼；若收盤跌破60日EMA約 40.06，且下一交易日仍未收復，先減碼三分之一；若ETF或外資繼續轉弱，再分批降低部位。,價格跌破60日EMA且20日趨勢向下,44.1,51.6,58.5,85,90,可用,39.4,39.6,28.44,4.56,2.91,38.03,248.44,0.51,21.89,1.18,5.03,1,0,0,0,0,1,0,-1,-1,-1,-1,0,0,0,0,0,0,0,0,0,19.95,,,,,-1,-1,-1,-1,44.45,40.91,55.52,11.7,false,true,-0.56,-1.25,"單日成交金額低於5,000萬元；中期趨勢仍向下；外資持股趨勢資料不足或期間有非市場異動；20日趨勢尚未上彎；當下除權息調整價未守20日EMA"
509,6143,振曜,TPEX,通信網路業,不建立部位,保護持有,protect,今天不新增部位；未完成確認前不機械式賣出,今天收盤後；若跌破，再看下一交易日是否收復,已有部位暫停加碼；若收盤跌破60日EMA約 91.91，且下一交易日仍未收復，先減碼三分之一；若ETF或外資繼續轉弱，再分批降低部位。,價格跌破60日EMA且20日趨勢向下,39.4,51.5,64.9,85,100,可用,86.5,86.4,5.16,15.83,10.45,43.35,196.37,3.03,10.99,2.63,6.94,1,0,0,0,0,0,0,-133.559,-133.559,-133.559,-133.559,0,0,0,0,0,0,0,-0.759,-0.759,5.35,,,,,-132.8,-132.8,-132.8,-132.8,36.52,8.36,15.51,-5.95,false,false,-3.12,-2.37,"單日成交金額低於5,000萬元；中期趨勢仍向下；外資持股趨勢資料不足或期間有非市場異動；20日趨勢尚未上彎；當下除權息調整價未守20日EMA"
510,9926,新海,TWSE,油電燃氣業,不建立部位,保護持有,protect,今天不新增部位；未完成確認前不機械式賣出,今天收盤後；若跌破，再看下一交易日是否收復,已有部位暫停加碼；若收盤跌破60日EMA約 49.42，且下一交易日仍未收復，先減碼三分之一；若ETF或外資繼續轉弱，再分批降低部位。,價格跌破60日EMA且20日趨勢向下,52.9,51.5,44.4,85,93,可用,49.55,49.4,-0.93,-0.99,18.15,54.43,151.22,1.61,17.39,2.01,4.24,1,0,0,0,0,2,0,32,33,60,17,0,0,0,0,0,0,0,1,3,0.79,32,32,57,,32,32,57,12,54.97,49.61,41.66,65.5,true,false,0.79,1.43,"單日成交金額低於5,000萬元；累計營收負成長且當月改善不足；20日趨勢尚未上彎"
511,2543,皇昌,TWSE,建材營造,不建立部位,保護持有,protect,今天不新增部位；未完成確認前不機械式賣出,今天收盤後；若跌破，再看下一交易日是否收復,已有部位暫停加碼；若收盤跌破60日EMA約 40.46，且下一交易日仍未收復，先減碼三分之一；若ETF或外資繼續轉弱，再分批降低部位。,未觸發明確減碼訊號,52.3,51.4,41.9,85,100,完整,38.65,38.65,93.82,60.82,12.32,57.93,101.48,1.34,13.37,2.12,3.96,1,0,0,0,0,-1,0,219.973,351.1979999999999,823.808,1781.5,-1,-3,-3,-6.493,0,2,-115950,60.685,-31.184000000000005,1.74,49,-360,587,,207.978,293.5130000000001,857.992,1762.3229999999994,49.29,30.1,33.09,24.1,false,false,0,-2.89,"單日成交金額低於5,000萬元；當下除權息調整價未守20日EMA"
512,3550,聯穎,TWSE,電子零組件業,不建立部位,保護持有,protect,今天不新增部位；未完成確認前不機械式賣出,今天收盤後；若跌破，再看下一交易日是否收復,已有部位暫停加碼；若收盤跌破60日EMA約 23.82，且下一交易日仍未收復，先減碼三分之一；若ETF或外資繼續轉弱，再分批降低部位。,今日漲停／趨勢站穩；ETF偏弱，先觀察,49.3,51.4,41.2,85,100,完整,22.95,25.2,38.33,28.96,3.34,59.83,178.9,0.67,191.25,1.41,,1,0,-2,-2,-4,-7,0,-96.821,-408.15299999999996,-34.666999999999945,1338.6180000000002,0,-2,-4,-7,0,1,-45900,-0.38400000000000034,-3.5950000000000006,6.94,-120,-350,27,,-98.821,-405.769,-27.07199999999996,1333.277,45.99,29.1,39.43,8.44,false,false,-1.63,-3.57,"單日成交金額低於5,000萬元；ETF短中期同步減碼"
513,6146,耕興,TPEX,其他電子業,不建立部位,降低部位,trim,停止加碼；反彈未站回恢復區時分批減碼,每個交易日收盤後，確認是否站回恢復區,已有部位先停止加碼。反彈若仍未站回 194.53，分批降低部位；只有站回且ETF／外資賣壓收斂後才重新評估。,價格跌破60日EMA且20日趨勢向下；ETF 5/10日同步減碼,38.8,51.4,72.6,85,100,可用,181,179.5,10.64,9.37,30.97,34.5,233.06,6.04,15.86,3.45,6.63,3,0,0,-1,-1,-1,0,-157.39,-157.39,-157.39,-157.39,0,0,0,0,0,0,0,-1.39,-1.39,30.25,,,,,-156,-156,-156,-156,32.24,23.71,36.25,-1.39,false,true,-4.87,-5.97,"單日成交金額低於5,000萬元；中期趨勢仍向下；ETF短中期同步減碼；外資持股趨勢資料不足或期間有非市場異動；20日趨勢尚未上彎；當下除權息調整價未守20日EMA"
514,2528,皇普,TWSE,建材營造,不建立部位,優先降低風險,risk,依風險與流動性分批降低部位,風險解除且基本面與趨勢重新確認後,已有部位應優先降低曝險；目前觸發「單月與累計營收同步明顯衰退」。待事件解除或基本面重新確認後再評估。,單月與累計營收同步明顯衰退,54.7,51.3,52.4,85,100,完整,20.1,20.05,-33.23,-58.59,23.42,65.26,190.14,0.57,8.17,1.16,14.93,1,23,56,43,43,38,0,44.163,345.79100000000005,743.7700000000001,1585.164,23.163,43.394,43.394,38.21,3,1,872219,10,-126,1.71,49,604,798,,21,292.397,826.376,1659.954,50.21,32.19,34.12,28.33,false,false,-0.22,0.5,"單日成交金額低於5,000萬元；營收動能同步衰退；累計營收負成長且當月改善不足；20日趨勢尚未上彎；當下除權息調整價未守20日EMA"
515,6592,和潤企業,TWSE,其他,不建立部位,保護持有,protect,今天不新增部位；未完成確認前不機械式賣出,今天收盤後；若跌破，再看下一交易日是否收復,已有部位暫停加碼；若收盤跌破60日EMA約 60.86，且下一交易日仍未收復，先減碼三分之一；若ETF或外資繼續轉弱，再分批降低部位。,未觸發明確減碼訊號,53.2,51.2,45.5,85,100,可用,60.6,60.5,-3.15,-4.14,19.84,87.04,105.16,2.22,12.17,1.16,5.45,2,0,228,387,387,377,387,-92.723,346.506,141.86999999999998,992.0889999999999,0,387,387,376.968,3,0,23452200,10.830999999999998,19.697999999999997,22.96,-111,-19,-262,,-105.4,-51.325,-264.828,563.043,47.63,35.1,39.18,26.96,false,false,-0.47,0.66,"單日成交金額低於5,000萬元；累計營收負成長且當月改善不足；外資持股趨勢資料不足或期間有非市場異動；當下除權息調整價未守20日EMA"
516,2450,神腦,TWSE,通信網路業,不建立部位,保護持有,protect,今天不新增部位；未完成確認前不機械式賣出,今天收盤後；若跌破，再看下一交易日是否收復,已有部位暫停加碼；若收盤跌破60日EMA約 28.66，且下一交易日仍未收復，先減碼三分之一；若ETF或外資繼續轉弱，再分批降低部位。,價格跌破60日EMA且20日趨勢向下,47,51.1,55.1,85,100,完整,28.35,28.28,13.06,15.51,0.89,42.18,178.91,0.67,17.5,1.18,5.47,1,0,0,0,0,0,0,54,74,13.657,-211.34300000000002,0,0,0,0,0,0,0,-4,-16.343,1.2,49,78,35,,49,78,30,-209,50.12,69.4,62.72,82.75,false,false,0.22,0.89,"單日成交金額低於5,000萬元；中期趨勢仍向下；20日趨勢尚未上彎；當下除權息調整價未守20日EMA"
517,2401,凌陽,TWSE,半導體業,不建立部位,保護持有,protect,今天不新增部位；未完成確認前不機械式賣出,今天收盤後；若跌破，再看下一交易日是否收復,已有部位暫停加碼；若收盤跌破60日EMA約 26.96，且下一交易日仍未收復，先減碼三分之一；若ETF或外資繼續轉弱，再分批降低部位。,價格跌破60日EMA且20日趨勢向下,50.1,51,53.2,85,100,完整,25.55,25.8,37.59,22.12,9.83,27.75,359.89,0.35,255.5,1.78,,2,0,0,0,0,210,0,-252.702,59.259000000000015,-988.4759999999999,-7307.629000000002,0,0,0,210,0,0,0,-12.393000000000022,37.11199999999998,17.17,-341,-9,-945,,-269.102,71.65199999999993,-1025.588,-7595.736,44.94,44.9,42.29,50.11,true,true,-1.4,1.19,"單日成交金額低於5,000萬元；中期趨勢仍向下；20日趨勢尚未上彎；當下除權息調整價未守20日EMA"
518,9938,百和,TWSE,其他,不建立部位,降低部位,trim,停止加碼；反彈未站回恢復區時分批減碼,每個交易日收盤後，確認是否站回恢復區,已有部位先停止加碼。反彈若仍未站回 43.58，分批降低部位；只有站回且ETF／外資賣壓收斂後才重新評估。,價格跌破60日EMA且20日趨勢向下；ETF 5/10日同步減碼；投信5/10日持續且具金額意義地賣超,39,50.9,58.4,85,100,完整,41.1,41.1,15.99,2.26,11.5,53.33,110.43,1.36,12.65,0.94,7.3,2,28,-257,-554,-565,-1546,-548,35.275,-717.471,-984.7060000000001,-1101.9950000000001,28.275,-554.227,-559.774,-1541.2640000000001,1,4,-22778730,-6.404,-51.536,7.86,-184,37,-487,,13,-156.84,-373.39599999999996,372.797,32.42,17.78,30.53,-7.72,false,false,-2.63,-1.79,"單日成交金額低於5,000萬元；中期趨勢仍向下；ETF短中期同步減碼；主動ETF 5日轉為減碼；投信5/10日持續且具金額意義的賣超；20日趨勢尚未上彎；當下除權息調整價未守20日EMA"
519,6462,神盾,TPEX,半導體業,不建立部位,保護持有,protect,今天不新增部位；未完成確認前不機械式賣出,今天收盤後；若跌破，再看下一交易日是否收復,已有部位暫停加碼；若收盤跌破60日EMA約 104.11，且下一交易日仍未收復，先減碼三分之一；若ETF或外資繼續轉弱，再分批降低部位。,未觸發明確減碼訊號,54.6,50.3,33.9,85,100,可用,100.5,103,63.86,70.36,-21.7,32.94,114.5,-3.05,,1.24,0,1,0,0,0,0,-5,0,-23.162,-23.162,-23.162,-23.162,0,0,0,0,0,0,0,-10.273,-10.273,12.31,,,,,-12.889,-12.889,-12.889,-12.889,49.91,50.6,51.45,48.9,true,true,0.38,0.6,"單日成交金額低於5,000萬元；外資持股趨勢資料不足或期間有非市場異動"
520,4502,健信,TPEX,電機機械,不建立部位,保護持有,protect,今天不新增部位；未完成確認前不機械式賣出,今天收盤後；若跌破，再看下一交易日是否收復,已有部位暫停加碼；若收盤跌破60日EMA約 15.72，且下一交易日仍未收復，先減碼三分之一；若ETF或外資繼續轉弱，再分批降低部位。,價格跌破60日EMA且20日趨勢向下,49.3,50.3,32.7,85,90,可用,15.65,15.65,48.21,29.79,-0.63,77.55,94.31,0.2,,1.63,0,1,0,0,1,1,2,0,-2,-2,-2,-2,0,0,0,0,0,0,0,0,0,4.09,,,,,-2,-2,-2,-2,44.52,46.04,62.38,13.36,false,false,-0.21,-0.32,"單日成交金額低於5,000萬元；中期趨勢仍向下；外資持股趨勢資料不足或期間有非市場異動；20日趨勢尚未上彎；當下除權息調整價未守20日EMA；單季稅前獲利對營業外貢獻依賴偏高"
521,2206,三陽工業,TWSE,汽車工業,不建立部位,保護持有,protect,今天不新增部位；未完成確認前不機械式賣出,今天收盤後；若跌破，再看下一交易日是否收復,已有部位暫停加碼；若收盤跌破60日EMA約 62.39，且下一交易日仍未收復，先減碼三分之一；若ETF或外資繼續轉弱，再分批降低部位。,外資持股5/10日下降且外資5日賣超,52.5,49.5,44.4,85,100,完整,63.4,62.95,-5.94,-5.43,8.71,57.04,142.77,3.14,10.62,1.86,4.83,2,0,0,0,0,-8,0,-126.373,-480.137,-836.0899999999999,550.7969999999997,-4,-8,-7,-23.17,1,2,-507200,25,53,7.93,-144,-562,-942,,-143.373,-497.137,-882.09,510.81899999999973,53.93,58.12,57.53,59.32,true,false,0.53,0.48,"單日成交金額低於5,000萬元；累計營收負成長且當月改善不足；外資持股5/10日下降，且外資5日賣超；當下除權息調整價未守20日EMA"
522,2015,豐興,TWSE,鋼鐵工業,不建立部位,保護持有,protect,今天不新增部位；未完成確認前不機械式賣出,今天收盤後；若跌破，再看下一交易日是否收復,已有部位暫停加碼；若收盤跌破60日EMA約 63.85，且下一交易日仍未收復，先減碼三分之一；若ETF或外資繼續轉弱，再分批降低部位。,ETF 5/10日同步減碼,51.2,49.4,56.8,85,100,可用,64.7,64.7,5.45,-9.32,9.45,15.81,342.19,2.36,15.12,1.71,5.1,4,0,-60,-120,-120,-125,-120,-37.701,50.672,118.114,-299.33,0,-120,-120,-125.313,0,2,-7764000,0,-3,12.82,-19,205,282,,-32.701,170.672,241.114,-194.88199999999992,53.5,46.41,48.57,42.11,false,false,0.49,1.41,"單日成交金額低於5,000萬元；累計營收負成長且當月改善不足；ETF短中期同步減碼；主動ETF 5日轉為減碼；20日趨勢尚未上彎"
523,3059,華晶科,TWSE,光電業,不建立部位,保護持有,protect,今天不新增部位；未完成確認前不機械式賣出,今天收盤後；若跌破，再看下一交易日是否收復,已有部位暫停加碼；若收盤跌破60日EMA約 41.14，且下一交易日仍未收復，先減碼三分之一；若ETF或外資繼續轉弱，再分批降低部位。,價格跌破60日EMA且20日趨勢向下,47.5,49.1,55.8,85,100,可用,39,39,4.71,7.04,6.46,35.86,200.37,0.64,30.95,1.18,2.56,2,30,70,95,107,111,0,-259.567,-1525.3810000000003,-2131.373,-891.6160000000002,30,95,107,111,4,0,3705000,-121.623,-204.979,7.61,-170,-1170,-2768,,-286.142,-1498.7579999999998,-2033.3939999999998,-718.9429999999995,42.87,38.93,41.81,33.18,false,true,-1.62,-1.39,"單日成交金額低於5,000萬元；中期趨勢仍向下；外資持股趨勢資料不足或期間有非市場異動；20日趨勢尚未上彎；當下除權息調整價未守20日EMA；2日內除權息，等待價格重置"
524,9930,中聯資源,TWSE,綠能環保,不建立部位,保護持有,protect,今天不新增部位；未完成確認前不機械式賣出,今天收盤後；若跌破，再看下一交易日是否收復,已有部位暫停加碼；若收盤跌破60日EMA約 64.32，且下一交易日仍未收復，先減碼三分之一；若ETF或外資繼續轉弱，再分批降低部位。,未觸發明確減碼訊號,49.2,49.1,49.4,85,100,完整,63.1,62.85,11.94,-4.23,9.79,43.21,90.16,2.16,14.28,2.54,6.34,2,0,-1,-1,0,0,0,14.979,23.436999999999998,-1.2500000000000053,63.361999999999995,0,-1,0,0,0,1,-63100,10.436999999999998,11.749999999999996,2.03,8,16,-16,,6,14,-13,29.964,48.18,40.26,40.24,40.32,true,false,-0.05,0.16,"單日成交金額低於5,000萬元；當下除權息調整價未守20日EMA"
525,4755,三福化,TWSE,化學工業,不建立部位,保護持有,protect,今天不新增部位；未完成確認前不機械式賣出,今天收盤後；若跌破，再看下一交易日是否收復,已有部位暫停加碼；若收盤跌破60日EMA約 123.68，且下一交易日仍未收復，先減碼三分之一；若ETF或外資繼續轉弱，再分批降低部位。,外資持股5/10日下降且外資5日賣超,46.4,49,50.1,85,100,可用,116,116.75,12.89,0.25,10.78,33.59,165.2,2.33,25.27,1.71,3.19,2,0,0,0,0,2,0,-53.035,-88.67599999999999,-195.228,-197.13799999999998,0,0,0,0,0,0,0,19.329,18.329,22.95,-33,-204,-322,,-55.035,-108.005,-213.55700000000002,-211.08800000000002,45.61,35.14,44.43,16.55,false,false,-1.35,-1.69,"單日成交金額低於5,000萬元；外資持股5/10日下降，且外資5日賣超；當下除權息調整價未守20日EMA"
526,2535,達欣工,TWSE,建材營造,不建立部位,保護持有,protect,今天不新增部位；未完成確認前不機械式賣出,今天收盤後；若跌破，再看下一交易日是否收復,已有部位暫停加碼；若收盤跌破60日EMA約 87.98，且下一交易日仍未收復，先減碼三分之一；若ETF或外資繼續轉弱，再分批降低部位。,ETF 5/10日同步減碼；投信5/10日持續且具金額意義地賣超,47.6,48.9,44.8,85,100,完整,89.2,89.15,20.63,22.05,9.12,64.06,185.27,6.32,8.74,2.14,5.16,1,0,-121,-241,-241,-241,-241,-18.639,-211.47500000000002,-347.4460000000001,-331.93800000000005,-1,-243,-243,-244,0,4,-21675600,12.665999999999999,-4.007999999999999,7.01,-52,6,-132,,-28.073,18.859,-100.438,-107.08100000000002,48.4,25.49,32.13,12.2,false,false,-0.61,-1.22,"單日成交金額低於5,000萬元；ETF短中期同步減碼；主動ETF 5日轉為減碼；投信5/10日持續且具金額意義的賣超；20日趨勢尚未上彎；當下除權息調整價未守20日EMA"
527,6281,全國電,TWSE,電子通路業,不建立部位,保護持有,protect,今天不新增部位；未完成確認前不機械式賣出,今天收盤後；若跌破，再看下一交易日是否收復,已有部位暫停加碼；若收盤跌破60日EMA約 51.69，且下一交易日仍未收復，先減碼三分之一；若ETF或外資繼續轉弱，再分批降低部位。,價格跌破60日EMA且20日趨勢向下,47.2,48.9,44.2,85,100,完整,51.6,51.6,4.3,-0.66,2.85,72.06,130.4,2.26,13.83,1.84,6.4,1,0,0,0,0,0,0,5,7,-12.709,0.29100000000000037,0,0,0,0,0,0,0,6,-2.7089999999999996,2.7,6,2,-9,,5,1,-10,0,52.31,56.66,51.76,66.45,true,false,0.23,0.58,"單日成交金額低於5,000萬元；累計營收負成長且當月改善不足；中期趨勢仍向下；20日趨勢尚未上彎"
528,2373,震旦行,TWSE,其他電子業,不建立部位,保護持有,protect,今天不新增部位；未完成確認前不機械式賣出,今天收盤後；若跌破，再看下一交易日是否收復,已有部位暫停加碼；若收盤跌破60日EMA約 54.29，且下一交易日仍未收復，先減碼三分之一；若ETF或外資繼續轉弱，再分批降低部位。,價格跌破60日EMA且20日趨勢向下,45.9,48.7,52.7,85,100,完整,53.8,53.3,-3.53,-2.63,5.2,51.07,134.22,1.63,14.39,1.63,6.88,1,0,0,0,0,0,0,23,24,10,2.9800000000000004,0,0,0,0,0,0,0,1,-6,1.4,23,23,16,,23,23,16,2.9800000000000004,55.35,50.45,33.93,83.5,true,false,0.83,1.32,"單日成交金額低於5,000萬元；累計營收負成長且當月改善不足；中期趨勢仍向下；20日趨勢尚未上彎；當下除權息調整價未守20日EMA"
529,6962,奕力-KY,TWSE,半導體業,不建立部位,保護持有,protect,今天不新增部位；未完成確認前不機械式賣出,今天收盤後；若跌破，再看下一交易日是否收復,已有部位暫停加碼；若收盤跌破60日EMA約 33.06，且下一交易日仍未收復，先減碼三分之一；若ETF或外資繼續轉弱，再分批降低部位。,外資持股5/10日下降且外資5日賣超,47.9,48.7,54.9,85,100,完整,31.8,31.95,23.91,-1.43,-1.55,22.41,239.24,0.61,21.78,0.79,3.14,1,0,0,0,0,245,0,-143.588,-3106.422,-3549.2760000000003,-5516.151,0,0,0,245,0,0,0,24.483999999999998,20.944,37.81,-258,-6438,-6750,,-142,-3130.906,-3570.22,-5690.736,48.25,41.14,47.03,29.36,false,true,-0.1,0.79,"單日成交金額低於5,000萬元；外資持股5/10日下降，且外資5日賣超；單季稅前獲利對營業外貢獻依賴偏高"
530,3592,瑞鼎,TWSE,半導體業,不建立部位,降低部位,trim,停止加碼；反彈未站回恢復區時分批減碼,每個交易日收盤後，確認是否站回恢復區,已有部位先停止加碼。反彈若仍未站回 238.24，分批降低部位；只有站回且ETF／外資賣壓收斂後才重新評估。,價格跌破60日EMA且20日趨勢向下；ETF 5/10日同步減碼,40.4,48.5,53.4,85,100,完整,221.5,221.25,13.97,6.21,5.23,47.33,188.43,8.35,13.01,1.48,6.59,6,-1,-3,-4,-10,43,0,-36.38,42.373999999999995,-209.786,-873.521,-1,-4.485,-10.18,42.82,1,4,-993428,-0.44499999999999984,-6.704999999999999,14.52,-66,-655,-832,,-36.38,47.304,-192.901,-902.076,40.56,34.35,39.44,24.17,false,true,-2.55,1.14,"單日成交金額低於5,000萬元；中期趨勢仍向下；ETF短中期同步減碼；20日累積後5日轉為調節；ETF 1/3日已轉為減碼；20日趨勢尚未上彎；當下除權息調整價未守20日EMA"
531,2504,國產,TWSE,建材營造,不建立部位,保護持有,protect,今天不新增部位；未完成確認前不機械式賣出,今天收盤後；若跌破，再看下一交易日是否收復,已有部位暫停加碼；若收盤跌破60日EMA約 32.10，且下一交易日仍未收復，先減碼三分之一；若ETF或外資繼續轉弱，再分批降低部位。,ETF 5/10日同步減碼,49.1,48.4,53.1,85,100,完整,31.3,31.45,-4.67,-8.25,20.83,46.08,115.96,1.47,9.81,1.42,8.31,8,64,8,-31,-49,-93,0,354.193,-353.468,-2733.47,-1931.9939999999997,58.287,-44.007000000000005,-56.007000000000005,-111.952,1,4,-1377419,-128.051,-683.3720000000002,6.21,311,1146,-842,,263.906,-181.41,-1994.091,-1308.0809999999997,48.11,25.21,36.69,2.25,false,false,-0.25,0.32,"單日成交金額低於5,000萬元；累計營收負成長且當月改善不足；ETF短中期同步減碼"
532,6504,南六,TWSE,其他,不建立部位,保護持有,protect,今天不新增部位；未完成確認前不機械式賣出,今天收盤後；若跌破，再看下一交易日是否收復,已有部位暫停加碼；若收盤跌破60日EMA約 37.81，且下一交易日仍未收復，先減碼三分之一；若ETF或外資繼續轉弱，再分批降低部位。,未觸發明確減碼訊號,52.5,48.4,37.8,85,73,可用,37.7,38.08,0.67,1.02,3.02,64.01,118.94,0.01,24.17,0.79,2.65,1,0,0,0,1,1,0,5,10.913,7.913,-36.047,0,0,0,0,0,0,0,0.953,1.9529999999999998,0.99,4,10,10,,5,9.96,5.960000000000001,-37,48.93,42.73,46.92,34.35,false,false,-0.21,0.8,"單日成交金額低於5,000萬元；中期趨勢仍向下；20日趨勢尚未上彎"
533,8069,元太,TPEX,光電業,不建立部位,優先降低風險,risk,依風險與流動性分批降低部位,風險解除且基本面與趨勢重新確認後,已有部位應優先降低曝險；目前觸發「價格跌破60日EMA且20日趨勢向下」。待事件解除或基本面重新確認後再評估。,價格跌破60日EMA且20日趨勢向下；單月與累計營收同步明顯衰退,46,48.3,63.4,85,100,可用,150.5,150.5,-26.18,-3.79,33.72,36.32,154.89,5.65,14.64,2.29,3.91,12,114,164,435,430,528,0,-185.575,-185.575,-185.575,-185.575,132.122,132.122,132.122,132.122,1,0,19884361,73.732,73.732,39.64,,,,,-391.429,-391.429,-391.429,-391.429,34.39,18.76,23.37,9.52,false,false,-6.46,-3.83,營收動能同步衰退；累計營收負成長且當月改善不足；中期趨勢仍向下；外資持股趨勢資料不足或期間有非市場異動；20日趨勢尚未上彎；當下除權息調整價未守20日EMA
534,2247,汎德永業,TWSE,汽車工業,不建立部位,保護持有,protect,今天不新增部位；未完成確認前不機械式賣出,今天收盤後；若跌破，再看下一交易日是否收復,已有部位暫停加碼；若收盤跌破60日EMA約 227.80，且下一交易日仍未收復，先減碼三分之一；若ETF或外資繼續轉弱，再分批降低部位。,KD高檔死亡交叉（僅屬時機警示）,58.2,47.9,45.5,85,100,完整,234,232.75,-1.36,-22.82,3.09,41.1,269.81,6.55,16.88,1.48,6.2,2,2,3,1,1,1,0,21.28,66.293,129.527,138.68999999999997,2.193,1.376,1.376,0.8749999999999999,2,2,321984,0.609,-1.391,3.99,22,28,64,,19.478,64.308,129.542,138.206,63.1,83.12,80.49,88.38,true,true,2.29,1.52,"單日成交金額低於5,000萬元；累計營收負成長且當月改善不足；KD高檔死亡交叉，等待動能確認"
535,1434,福懋,TWSE,紡織纖維,不建立部位,保護持有,protect,今天不新增部位；未完成確認前不機械式賣出,今天收盤後；若跌破，再看下一交易日是否收復,已有部位暫停加碼；若收盤跌破60日EMA約 17.66，且下一交易日仍未收復，先減碼三分之一；若ETF或外資繼續轉弱，再分批降低部位。,未觸發明確減碼訊號,53.9,47.8,50.6,85,85,完整,18.1,17.95,-1.54,-4.42,2.41,24.34,260.28,0.5,19.67,0.63,2.76,1,0,0,0,0,4,0,-51.548,586.444,4539.771,7906.899,-4,-9,-8,-12.808,1,2,-162900,49.1,109.273,8.52,-70,721,4419,,-79.548,546.3439999999998,4438.498,7771.201,53.68,56.36,61.29,46.5,false,true,0.78,-0.28,"單日成交金額低於5,000萬元；累計營收負成長且當月改善不足；當下除權息調整價未守20日EMA；單季稅前獲利對營業外貢獻依賴偏高"
536,3060,銘異,TWSE,電腦及週邊設備業,不建立部位,降低部位,trim,停止加碼；反彈未站回恢復區時分批減碼,每個交易日收盤後，確認是否站回恢復區,已有部位先停止加碼。反彈若仍未站回 29.15，分批降低部位；只有站回且ETF／外資賣壓收斂後才重新評估。,價格跌破60日EMA且20日趨勢向下；ETF 5/10日同步減碼；外資持股5/10日下降且外資5日賣超,40.5,47.1,51.9,85,100,完整,26.2,26.25,36.44,19.99,4.73,40.82,202.51,0.68,39.1,1.31,0.76,1,0,-3,-3,-5,-10,0,-134.425,-1166.034,-2044.5900000000004,-2699.456,0,-3,-5,-10,0,1,-78600,3.875,-7.244000000000001,10.35,-129,-1134,-1845,,-137.425,-1166.909,-2032.3460000000002,-2690.9120000000003,37.2,24,20.76,30.47,true,false,-4.1,-1.13,"單日成交金額低於5,000萬元；中期趨勢仍向下；ETF短中期同步減碼；外資持股5/10日下降，且外資5日賣超；20日趨勢尚未上彎；當下除權息調整價未守20日EMA"
537,4532,瑞智,TWSE,電機機械,不建立部位,降低部位,trim,停止加碼；反彈未站回恢復區時分批減碼,每個交易日收盤後，確認是否站回恢復區,已有部位先停止加碼。反彈若仍未站回 24.33，分批降低部位；只有站回且ETF／外資賣壓收斂後才重新評估。,價格跌破60日EMA且20日趨勢向下；ETF 5/10日同步減碼；外資持股5/10日下降且外資5日賣超,40.4,46.9,48.8,85,100,完整,23.5,23.5,13.98,3.21,5.71,63.36,131.61,1.01,12.43,1.07,6.38,2,25,18,-10,-29,-74,0,-468.622,-749.428,-772.979,-1018.923,25.359,-9.622,-29.151,-73.922,1,4,-226117,22.433999999999997,-14.562000000000005,18.01,-64,-482,-447,,-507.82,-762.24,-729.2660000000001,-907.0590000000001,38.84,18.53,30.51,-5.44,false,false,-1.79,-1.47,"單日成交金額低於5,000萬元；中期趨勢仍向下；ETF短中期同步減碼；外資持股5/10日下降，且外資5日賣超；20日趨勢尚未上彎；當下除權息調整價未守20日EMA"
538,1907,永豐餘,TWSE,造紙工業,不建立部位,保護持有,protect,今天不新增部位；未完成確認前不機械式賣出,今天收盤後；若跌破，再看下一交易日是否收復,已有部位暫停加碼；若收盤跌破60日EMA約 28.75，且下一交易日仍未收復，先減碼三分之一；若ETF或外資繼續轉弱，再分批降低部位。,ETF 5/10日同步減碼；外資持股5/10日下降且外資5日賣超,45.9,46.7,43.2,85,100,完整,29.1,29.1,7.28,4.85,0.15,43.8,126.95,0.47,17.12,0.53,3.44,3,0,-203,-396,-396,-421,-396,-846.666,-810.14,-1244.493,1788.4930000000006,0,-394,-392,-417.432,1,2,-11465400,4,82.2,12.99,-617,-32,-712,,-861.666,-420.13999999999993,-934.693,1914.7250000000001,43.39,20.79,29.84,2.7,false,false,-2.62,-2.51,"單日成交金額低於5,000萬元；ETF短中期同步減碼；主動ETF 5日轉為減碼；外資持股5/10日下降，且外資5日賣超；20日趨勢尚未上彎；當下除權息調整價未守20日EMA；單季稅前獲利對營業外貢獻依賴偏高"
539,1582,信錦,TWSE,電子零組件業,不建立部位,保護持有,protect,今天不新增部位；未完成確認前不機械式賣出,今天收盤後；若跌破，再看下一交易日是否收復,已有部位暫停加碼；若收盤跌破60日EMA約 78.03，且下一交易日仍未收復，先減碼三分之一；若ETF或外資繼續轉弱，再分批降低部位。,未觸發明確減碼訊號,46.6,46.6,50.2,85,100,完整,73.5,73.25,22.47,-2.28,1.81,43.02,195.59,1.65,22.9,1.44,4.08,1,0,0,0,0,0,0,-35.988,150.85299999999998,97.076,514.331,0,0,0,0,0,0,0,-28.107999999999997,-34.262,4.99,-56,15,412,,-38.926,178.961,131.338,556.917,46.75,36.51,50.96,7.6,false,false,-0.93,-3.92,"單日成交金額低於5,000萬元；當下除權息調整價未守20日EMA；單季稅前獲利對營業外貢獻依賴偏高"
540,4933,友輝,TPEX,光電業,不建立部位,優先降低風險,risk,依風險與流動性分批降低部位,風險解除且基本面與趨勢重新確認後,已有部位應優先降低曝險；目前觸發「價格跌破60日EMA且20日趨勢向下」。待事件解除或基本面重新確認後再評估。,價格跌破60日EMA且20日趨勢向下；單月與累計營收同步明顯衰退,36.8,46.1,73.4,85,100,可用,53.7,54.1,-29.49,-10.51,16.56,25.33,348.18,2.91,7.45,1.15,5.38,1,0,0,0,0,0,0,8.673,8.673,8.673,8.673,0,0,0,0,0,0,0,2.673,2.673,7.65,,,,,6,6,6,6,39.09,39.37,55.11,7.88,false,true,-1.98,-2.36,"單日成交金額低於5,000萬元；營收動能同步衰退；累計營收負成長且當月改善不足；中期趨勢仍向下；外資持股趨勢資料不足或期間有非市場異動；20日趨勢尚未上彎；當下除權息調整價未守20日EMA"
541,6971,惠民實業,TPEX,綠能環保,不建立部位,優先降低風險,risk,依風險與流動性分批降低部位,風險解除且基本面與趨勢重新確認後,已有部位應優先降低曝險；目前觸發「單月與累計營收同步明顯衰退」。待事件解除或基本面重新確認後再評估。,單月與累計營收同步明顯衰退,47.5,46.1,42.1,85,90,可用,26.3,26.35,-25.15,-11.45,5.63,71.93,119.54,0.82,11.43,1.16,5.7,1,0,0,0,0,1,0,12,12,12,12,0,0,0,0,0,0,0,0,0,0.4,,,,,12,12,12,12,53.86,37.69,39.91,33.25,false,false,0.75,0.96,"單日成交金額低於5,000萬元；營收動能同步衰退；累計營收負成長且當月改善不足；外資持股趨勢資料不足或期間有非市場異動；2日內除權息，等待價格重置"
542,1227,佳格,TWSE,食品工業,不建立部位,降低部位,trim,停止加碼；反彈未站回恢復區時分批減碼,每個交易日收盤後，確認是否站回恢復區,已有部位先停止加碼。反彈若仍未站回 29.05，分批降低部位；只有站回且ETF／外資賣壓收斂後才重新評估。,價格跌破60日EMA且20日趨勢向下；外資持股5/10日下降且外資5日賣超,42.3,46.1,48.1,85,85,完整,28.4,28.48,7.74,6.86,4.15,40.08,164.89,0.8,17.64,1.41,4.72,1,0,0,0,0,2,0,-538.066,-1807.5149999999999,-3625.9909999999995,-4408.457,-3,-2,-1,-4.695,1,1,-56800,25.693,46.668000000000006,6.89,-320,-1564,-3439,,-553.604,-1831.208,-3671.6589999999997,-4467.706,40.55,17.28,22.55,6.74,false,false,-1.4,-1.56,"單日成交金額低於5,000萬元；中期趨勢仍向下；外資持股5/10日下降，且外資5日賣超；20日趨勢尚未上彎；當下除權息調整價未守20日EMA"
543,2718,全心投控,TPEX,建材營造,不建立部位,優先降低風險,risk,依風險與流動性分批降低部位,風險解除且基本面與趨勢重新確認後,已有部位應優先降低曝險；目前觸發「價格跌破60日EMA且20日趨勢向下」。待事件解除或基本面重新確認後再評估。,價格跌破60日EMA且20日趨勢向下；單月與累計營收同步明顯衰退,36.2,45.9,75.8,85,100,可用,41.4,41.3,-96.01,-89.11,33.05,17.92,536.6,2.72,3.98,0.58,13.45,1,1,2,1,1,1,0,1.373,1.373,1.373,1.373,1.37,1.37,1.37,1.37,1,0,56718,0.003,0.003,0.55,,,,,0,0,0,0,30.45,5.22,11.65,-7.65,false,false,-6.88,-0.72,"單日成交金額低於5,000萬元；營收動能同步衰退；累計營收負成長且當月改善不足；中期趨勢仍向下；外資持股趨勢資料不足或期間有非市場異動；20日趨勢尚未上彎；當下除權息調整價未守20日EMA；單季稅前獲利對營業外貢獻依賴偏高"
544,2243,宏旭-KY,TWSE,汽車工業,不建立部位,保護持有,protect,今天不新增部位；未完成確認前不機械式賣出,今天收盤後；若跌破，再看下一交易日是否收復,已有部位暫停加碼；若收盤跌破60日EMA約 42.17，且下一交易日仍未收復，先減碼三分之一；若ETF或外資繼續轉弱，再分批降低部位。,ETF 5/10日同步減碼；外資持股5/10日下降且外資5日賣超,52.7,45.8,27.3,85,100,完整,45.25,46.1,-8.57,25.9,2.46,69.45,133.26,0.33,43.1,3.27,,1,0,-1,-1,-2,-4,0,-111.9,-400.49699999999996,-612.497,-863.2889999999999,0,-1,-2,-4,0,1,-45250,0.032,-0.968,27.28,-110,-399,-603,,-109.9,-399.529,-609.529,-877.9729999999998,55.67,64.52,60.73,72.12,false,false,4.99,7.74,"單日成交金額低於5,000萬元；ETF短中期同步減碼；外資持股5/10日下降，且外資5日賣超"
545,6790,永豐實,TWSE,造紙工業,不建立部位,保護持有,protect,今天不新增部位；未完成確認前不機械式賣出,今天收盤後；若跌破，再看下一交易日是否收復,已有部位暫停加碼；若收盤跌破60日EMA約 38.71，且下一交易日仍未收復，先減碼三分之一；若ETF或外資繼續轉弱，再分批降低部位。,價格跌破60日EMA且20日趨勢向下,45.6,45.6,46.9,85,100,完整,38.1,38.17,-7.89,-2.2,8.88,48.59,152.4,1.52,12.37,1.82,6.96,1,0,0,0,0,-1,0,24.651,73.333,3.629000000000005,-239.37099999999998,0,0,2,1,0,0,0,3.3630000000000004,-16.340999999999998,1.91,26,88,29,,24,69.97,17.97,-230.63200000000003,45.58,43.7,39.66,51.78,true,false,-0.17,0.4,"單日成交金額低於5,000萬元；累計營收負成長且當月改善不足；中期趨勢仍向下；20日趨勢尚未上彎"
546,1537,廣隆,TWSE,電機機械,不建立部位,保護持有,protect,今天不新增部位；未完成確認前不機械式賣出,今天收盤後；若跌破，再看下一交易日是否收復,已有部位暫停加碼；若收盤跌破60日EMA約 123.27，且下一交易日仍未收復，先減碼三分之一；若ETF或外資繼續轉弱，再分批降低部位。,價格跌破60日EMA且20日趨勢向下,38.6,45.5,60.2,85,100,完整,115.5,115.75,7.08,1.6,11.23,32.26,319,4.01,13.97,2.24,6.23,1,0,0,0,-51,0,0,-15,-170.79399999999998,-267.794,-885.79,0,0,-51,0,0,0,0,1.143,3.143,15.34,-10,12,-27,,-17,-171.937,-219.937,-771.269,17.84,10.63,10.99,9.92,false,true,-3.85,-2.53,"單日成交金額低於5,000萬元；中期趨勢仍向下；20日趨勢尚未上彎；當下除權息調整價未守20日EMA"
547,8054,安國,TPEX,半導體業,不建立部位,保護持有,protect,今天不新增部位；未完成確認前不機械式賣出,今天收盤後；若跌破，再看下一交易日是否收復,已有部位暫停加碼；若收盤跌破60日EMA約 89.72，且下一交易日仍未收復，先減碼三分之一；若ETF或外資繼續轉弱，再分批降低部位。,價格跌破60日EMA且20日趨勢向下,47,44.7,26.2,85,100,可用,82.8,88.7,97.88,164.72,-5.37,48.62,119.56,-0.23,,3.42,0,1,0,0,0,0,2,0,-5.726,-5.726,-5.726,-5.726,0,0,0,0,0,0,0,-0.766,-0.766,4.46,,,,,-4.96,-4.96,-4.96,-4.96,46.47,43.08,47.13,34.98,false,true,-0.4,-0.12,"單日成交金額低於5,000萬元；中期趨勢仍向下；外資持股趨勢資料不足或期間有非市場異動；20日趨勢尚未上彎"
548,6203,海韻電,TPEX,電子零組件業,不建立部位,優先降低風險,risk,依風險與流動性分批降低部位,風險解除且基本面與趨勢重新確認後,已有部位應優先降低曝險；目前觸發「價格跌破60日EMA且20日趨勢向下」。待事件解除或基本面重新確認後再評估。,價格跌破60日EMA且20日趨勢向下；單月與累計營收同步明顯衰退,37.4,44.6,70.9,85,100,可用,60.2,60.4,-37.17,-30.06,11.15,23.84,383.27,1.89,9.16,1.69,6.64,1,0,0,0,0,0,0,9.977,9.977,9.977,9.977,0,0,0,0,0,0,0,-0.023,-0.023,2.94,,,,,10,10,10,10,41.23,56.1,48.49,71.33,false,false,-0.81,0.67,"單日成交金額低於5,000萬元；營收動能同步衰退；累計營收負成長且當月改善不足；中期趨勢仍向下；外資持股趨勢資料不足或期間有非市場異動；20日趨勢尚未上彎；當下除權息調整價未守20日EMA"
549,6189,豐藝,TWSE,電子通路業,不建立部位,降低部位,trim,停止加碼；反彈未站回恢復區時分批減碼,每個交易日收盤後，確認是否站回恢復區,已有部位先停止加碼。反彈若仍未站回 48.87，分批降低部位；只有站回且ETF／外資賣壓收斂後才重新評估。,價格跌破60日EMA且20日趨勢向下；ETF 5/10日同步減碼,40.7,44.5,48,85,100,完整,47.55,47.55,5.87,-1.26,4.79,62.16,154.02,2.01,11.74,2.07,5.68,3,0,-10,-17,-27,-47,0,-209.998,149.20999999999998,-149.83800000000002,691.7309999999999,0,-17.13,-25.548,-45.548,0,3,-814531,2.4350000000000005,-49.28,8.17,-121,230,58,,-208.22,163.90499999999997,-75.01000000000003,787.3359999999999,43.18,24.53,32.95,7.71,false,false,-1.53,-1.14,"單日成交金額低於5,000萬元；累計營收負成長且當月改善不足；中期趨勢仍向下；ETF短中期同步減碼；20日趨勢尚未上彎；當下除權息調整價未守20日EMA"
550,8163,達方,TWSE,電腦及週邊設備業,不建立部位,保護持有,protect,今天不新增部位；未完成確認前不機械式賣出,今天收盤後；若跌破，再看下一交易日是否收復,已有部位暫停加碼；若收盤跌破60日EMA約 32.97，且下一交易日仍未收復，先減碼三分之一；若ETF或外資繼續轉弱，再分批降低部位。,價格跌破60日EMA且20日趨勢向下,43.6,44.4,38.7,85,100,完整,30.95,31.25,16.17,10.35,1.68,61.95,138.69,0.51,51.58,0.79,1.62,1,0,0,0,0,0,0,-334.927,2.0099999999999483,198.5209999999999,935.0819999999999,0,0,0,0,0,0,0,14.979,14.067,9.34,-275,-133,65,,-343.99,-12.968999999999994,184.454,893.6099999999999,43.1,29,37.54,11.92,false,true,-1.7,-0.48,"單日成交金額低於5,000萬元；中期趨勢仍向下；20日趨勢尚未上彎；當下除權息調整價未守20日EMA"
551,6719,力智,TWSE,半導體業,不建立部位,優先降低風險,risk,依風險與流動性分批降低部位,風險解除且基本面與趨勢重新確認後,已有部位應優先降低曝險；目前觸發「價格跌破60日EMA且20日趨勢向下」。待事件解除或基本面重新確認後再評估。,價格跌破60日EMA且20日趨勢向下；單月與累計營收同步明顯衰退,42.1,44.3,64.7,85,100,完整,190,190.5,-15.47,-6.28,17.85,18.57,987.87,4.2,21.4,1.42,2.42,2,0,0,0,0,50,0,14.046,263.015,-218.12200000000004,-841.201,-1,-2,-2,47,0,2,-380000,-12.012,-17.534999999999997,6.28,9,68,-168,,12.825,277.02700000000004,-198.587,-784.8639999999999,39.34,22.87,25.07,18.46,false,true,-3.53,1.06,營收動能同步衰退；累計營收負成長且當月改善不足；中期趨勢仍向下；20日趨勢尚未上彎；當下除權息調整價未守20日EMA
552,1440,南紡,TWSE,紡織纖維,不建立部位,保護持有,protect,今天不新增部位；未完成確認前不機械式賣出,今天收盤後；若跌破，再看下一交易日是否收復,已有部位暫停加碼；若收盤跌破60日EMA約 13.32，且下一交易日仍未收復，先減碼三分之一；若ETF或外資繼續轉弱，再分批降低部位。,今日漲停／趨勢站穩；法人未同步轉弱,55.1,43.9,33.9,85,85,完整,13.5,14.85,16.29,-12.73,-1.69,37.31,136.81,0.14,450,0.78,2.22,1,0,0,0,0,4,0,-952.125,442.0119999999997,1755.8539999999998,7111.048999999999,0,1,3,6.943,1,0,13500,249.784,221.94600000000003,7.68,-1200,556,1819,,-998,191.2279999999996,1530.9079999999994,6790.672999999999,48.97,34.59,47.54,8.68,false,true,-1.06,-2.88,"單日成交金額低於5,000萬元；估值高且成長不足以支撐；單季稅前獲利對營業外貢獻依賴偏高"
553,2023,燁輝,TWSE,鋼鐵工業,不建立部位,保護持有,protect,今天不新增部位；未完成確認前不機械式賣出,今天收盤後；若跌破，再看下一交易日是否收復,已有部位暫停加碼；若收盤跌破60日EMA約 13.84，且下一交易日仍未收復，先減碼三分之一；若ETF或外資繼續轉弱，再分批降低部位。,未觸發明確減碼訊號,64.2,43.9,15.3,85,85,完整,13.95,13.95,10.99,-5.71,1.29,68.92,101.13,-0.52,,0.81,,1,0,0,0,0,5,0,125.054,-214.16399999999987,212.81100000000012,1624.806,0,2,4,8.657,1,0,27900,205.003,-20.057000000000016,4.01,106,-310,384,,95.054,-421.1669999999999,228.86800000000002,1477.589,53.61,49.79,46.36,56.66,true,false,0.76,-1.41,"單日成交金額低於5,000萬元"
554,4420,光明,TPEX,紡織纖維,不建立部位,優先降低風險,risk,依風險與流動性分批降低部位,風險解除且基本面與趨勢重新確認後,已有部位應優先降低曝險；目前觸發「KD高檔死亡交叉（僅屬時機警示）」。待事件解除或基本面重新確認後再評估。,KD高檔死亡交叉（僅屬時機警示）；單月與累計營收同步明顯衰退,52.6,43.8,48.4,85,100,可用,38.75,39.13,-12.01,-8.81,2.22,11.91,222.84,0.94,28.92,1.1,7.74,1,2,4,3,3,2,0,-11.186,-11.186,-11.186,-11.186,1.814,1.814,1.814,1.814,1,0,70293,0,0,0.91,,,,,-13,-13,-13,-13,70.1,88.84,86.8,92.9,true,true,4.22,5.01,"單日成交金額低於5,000萬元；營收動能同步衰退；累計營收負成長且當月改善不足；外資持股趨勢資料不足或期間有非市場異動；KD高檔死亡交叉，等待動能確認；單季稅前獲利對營業外貢獻依賴偏高"
555,6768,志強-KY,TWSE,運動休閒,不建立部位,降低部位,trim,停止加碼；反彈未站回恢復區時分批減碼,每個交易日收盤後，確認是否站回恢復區,已有部位先停止加碼。反彈若仍未站回 70.58，分批降低部位；只有站回且ETF／外資賣壓收斂後才重新評估。,價格跌破60日EMA且20日趨勢向下；ETF 5/10日同步減碼；外資持股5/10日下降且外資5日賣超,36.4,43.4,56.8,85,100,完整,63.8,63.65,6.64,-3.2,5.93,38.72,218.82,2.67,12.79,0.87,8.09,1,0,-6,-10,-14,-177,0,-64.027,-81.905,-144.68200000000002,-590.642,-14,-53.886,-108.85799999999999,-405.858,0,4,-3437927,1.4960000000000002,-2.3089999999999997,57.89,-47,-618,-616,,-49,-29.515000000000004,-33.515000000000015,-181.57100000000003,35.66,20.92,29.39,3.97,false,false,-2.35,-1.85,"單日成交金額低於5,000萬元；累計營收負成長且當月改善不足；中期趨勢仍向下；ETF短中期同步減碼；外資持股5/10日下降，且外資5日賣超；20日趨勢尚未上彎；當下除權息調整價未守20日EMA"
556,4746,台耀,TWSE,生技醫療業,不建立部位,降低部位,trim,停止加碼；反彈未站回恢復區時分批減碼,每個交易日收盤後，確認是否站回恢復區,已有部位先停止加碼。反彈若仍未站回 51.28，分批降低部位；只有站回且ETF／外資賣壓收斂後才重新評估。,價格跌破60日EMA且20日趨勢向下；ETF 5/10日同步減碼；外資持股5/10日下降且外資5日賣超,33.3,43.2,57.1,85,100,完整,46.4,46.4,3.14,-7.23,10.89,40.35,186.2,0.04,11.72,0.75,6.47,1,0,0,-111,-291,0,-111,281.844,-1790.6960000000001,-2730.0240000000003,-3299.907,0,-111,-291,0,0,1,-5150400,-202.696,-203.524,7.04,364,-857,-1404,,282.9,-1477,-2235.5,-3134.0679999999998,33.6,12.59,9.72,18.34,true,false,-6.17,-4.82,"單日成交金額低於5,000萬元；累計營收負成長且當月改善不足；中期趨勢仍向下；ETF短中期同步減碼；主動ETF 5日轉為減碼；外資持股5/10日下降，且外資5日賣超；20日趨勢尚未上彎；當下除權息調整價未守20日EMA"
557,8215,明基材,TWSE,光電業,不建立部位,保護持有,protect,今天不新增部位；未完成確認前不機械式賣出,今天收盤後；若跌破，再看下一交易日是否收復,已有部位暫停加碼；若收盤跌破60日EMA約 25.60，且下一交易日仍未收復，先減碼三分之一；若ETF或外資繼續轉弱，再分批降低部位。,未觸發明確減碼訊號,56.3,43,19.8,85,100,完整,25.35,26,11.38,6.31,-3.62,69.5,105.86,-0.96,,1.69,1.18,1,12,143,243,243,227,0,-25.937,-255.00300000000004,134.42099999999988,681.1989999999998,12,243,243,227,4,0,6160050,0.1429999999999998,-0.7830000000000006,1.8,2,-140,159,,-41.958,-498.1460000000001,-107.79600000000013,511.2399999999999,51.86,58.33,61.47,52.05,false,true,1.17,-0.98,"單日成交金額低於5,000萬元"
558,4188,安克,TPEX,生技醫療業,不建立部位,保護持有,protect,今天不新增部位；未完成確認前不機械式賣出,今天收盤後；若跌破，再看下一交易日是否收復,已有部位暫停加碼；若收盤跌破60日EMA約 11.66，且下一交易日仍未收復，先減碼三分之一；若ETF或外資繼續轉弱，再分批降低部位。,未觸發明確減碼訊號,50.5,42.8,41.8,85,90,可用,13.7,13.6,56.55,-3.69,-311.28,4.75,1848.87,-0.45,,1.68,0,1,0,0,0,0,0,0,13.957,13.957,13.957,13.957,0,0,0,0,0,0,0,-0.043,-0.043,0.09,,,,,14,14,14,14,59.51,39.44,56.35,5.61,false,false,5.48,-7.74,"單日成交金額低於5,000萬元；外資持股趨勢資料不足或期間有非市場異動"
559,6226,光鼎,TWSE,光電業,不建立部位,優先降低風險,risk,依風險與流動性分批降低部位,風險解除且基本面與趨勢重新確認後,已有部位應優先降低曝險；目前觸發「ETF 5/10日同步減碼」。待事件解除或基本面重新確認後再評估。,ETF 5/10日同步減碼；處置或交易限制事件,42.7,42.1,39.8,85,100,完整,32.4,31.5,21.51,6.38,-4.11,38.7,205,0.03,,2.99,,1,0,-2,-2,-4,-8,0,-681,-22.320000000000164,4854.0199999999995,4852.968000000001,0,-2,-4,-8,0,1,-64800,10,14.847000000000003,8.9,-690,-278,4551,,-681,-30.320000000000164,4843.173,4814.968000000001,64.42,70.17,77.49,55.53,false,true,15.48,2.53,處置或交易限制風險；ETF短中期同步減碼；短線過熱或乖離過大；單季稅前獲利對營業外貢獻依賴偏高
560,6890,來億-KY,TWSE,運動休閒,不建立部位,降低部位,trim,停止加碼；反彈未站回恢復區時分批減碼,每個交易日收盤後，確認是否站回恢復區,已有部位先停止加碼。反彈若仍未站回 177.16，分批降低部位；只有站回且ETF／外資賣壓收斂後才重新評估。,價格跌破60日EMA且20日趨勢向下；外資持股5/10日下降且外資5日賣超,43.7,42.1,51.1,85,100,完整,166,167,8.06,-12.03,7.73,31.24,364.73,4.53,15.96,1.78,5.4,2,0,0,20,20,19,0,-120.526,-112.29799999999999,124.80199999999999,-454.79300000000006,-1,19,19,14.488,1,1,3154000,6.652000000000001,3.7740000000000014,86.23,-131,-75,-35,,-127.19,-137.95,102.02799999999999,-399.593,45.44,27.84,35.58,12.35,true,true,-1.6,-0.6,"單日成交金額低於5,000萬元；累計營收負成長且當月改善不足；中期趨勢仍向下；外資持股5/10日下降，且外資5日賣超；20日趨勢尚未上彎；當下除權息調整價未守20日EMA"
561,4942,嘉彰,TWSE,光電業,不建立部位,降低部位,trim,停止加碼；反彈未站回恢復區時分批減碼,每個交易日收盤後，確認是否站回恢復區,已有部位先停止加碼。反彈若仍未站回 35.01，分批降低部位；只有站回且ETF／外資賣壓收斂後才重新評估。,價格跌破60日EMA且20日趨勢向下；外資持股5/10日下降且外資5日賣超,37.2,42,66.6,85,100,完整,33,33.28,-9.75,-7.23,4.58,18.47,371.26,0.77,11.38,0.51,6.06,1,0,0,0,0,0,0,-0.1,-11.116,-15.238999999999999,-321.107,0,0,0,0,0,0,0,3.884,5.760999999999999,6.21,-3,-14,-1,,-3,-15,-21,-316.532,33.34,25.04,26.64,21.82,false,false,-1.51,-0.45,"單日成交金額低於5,000萬元；累計營收負成長且當月改善不足；中期趨勢仍向下；外資持股5/10日下降，且外資5日賣超；20日趨勢尚未上彎；當下除權息調整價未守20日EMA"
562,9907,統一實,TWSE,其他,不建立部位,保護持有,protect,今天不新增部位；未完成確認前不機械式賣出,今天收盤後；若跌破，再看下一交易日是否收復,已有部位暫停加碼；若收盤跌破60日EMA約 15.45，且下一交易日仍未收復，先減碼三分之一；若ETF或外資繼續轉弱，再分批降低部位。,ETF 5/10日同步減碼,49.4,41.9,46.9,85,100,完整,15.3,15.25,-1.73,-11.15,4.31,38.72,173.59,0.35,16.11,1.16,7.71,4,73,34,-26,-52,-153,0,73.342,1822.225,6741.232999999999,11728.748000000001,65.871,-31.54600000000001,-46.40800000000001,-146.90800000000002,1,4,-482654,21,151,16.14,81,1810,7127,,-21.529,1832.7710000000002,6636.641,11728.736,52.76,44.5,60.09,13.33,false,true,0.41,0.33,"單日成交金額低於5,000萬元；累計營收負成長且當月改善不足；ETF短中期同步減碼"
563,1810,和成,TWSE,玻璃陶瓷,不建立部位,保護持有,protect,今天不新增部位；未完成確認前不機械式賣出,今天收盤後；若跌破，再看下一交易日是否收復,已有部位暫停加碼；若收盤跌破60日EMA約 24.27，且下一交易日仍未收復，先減碼三分之一；若ETF或外資繼續轉弱，再分批降低部位。,價格跌破60日EMA且20日趨勢向下,42,41.8,58.4,85,100,可用,24.05,24.1,-3.71,-7.6,-10.35,20.16,316.24,3.62,6.57,0.85,0.83,2,0,0,0,5,9,0,-134.217,462.03099999999995,-1138.89,-8735.197000000002,0,0,0,-2.7879999999999985,0,0,0,10.004,26.669,1.7,-130,488,-1170,,-143.705,452.02699999999993,-1165.559,-8741.739000000001,43.61,7.97,12.74,-1.57,false,false,-3.86,-3.41,"單日成交金額低於5,000萬元；累計營收負成長且當月改善不足；中期趨勢仍向下；20日趨勢尚未上彎；當下除權息調整價未守20日EMA；單季稅前獲利對營業外貢獻依賴偏高"
564,5309,系統電,TPEX,電子零組件業,不建立部位,保護持有,protect,今天不新增部位；未完成確認前不機械式賣出,今天收盤後；若跌破，再看下一交易日是否收復,已有部位暫停加碼；若收盤跌破60日EMA約 56.20，且下一交易日仍未收復，先減碼三分之一；若ETF或外資繼續轉弱，再分批降低部位。,價格跌破60日EMA且20日趨勢向下,44.5,41.6,47.9,85,100,可用,51.4,52,29.2,6.98,-5.41,32.97,447.01,0.06,302.35,2.23,0.97,1,6,62,105,105,98,0,-213.225,-213.225,-213.225,-213.225,6,6,6,6,1,0,308400,0.775,0.775,10.78,,,,,-220,-220,-220,-220,41.89,25.89,34.42,8.84,false,false,-3,-4.64,"單日成交金額低於5,000萬元；中期趨勢仍向下；外資持股趨勢資料不足或期間有非市場異動；20日趨勢尚未上彎；當下除權息調整價未守20日EMA"
565,5222,全訊,TWSE,半導體業,不建立部位,優先降低風險,risk,依風險與流動性分批降低部位,風險解除且基本面與趨勢重新確認後,已有部位應優先降低曝險；目前觸發「外資持股5/10日下降且外資5日賣超」。待事件解除或基本面重新確認後再評估。,外資持股5/10日下降且外資5日賣超；單月與累計營收同步明顯衰退,45.8,41.6,51.9,85,93,可用,105.5,105.5,-18.09,-15.6,16.7,15.68,245.71,0.63,55.24,3.29,2.37,2,0,0,0,0,-69,0,13.741,-110.026,-274.326,-544.672,0,0,0,-65,0,0,0,3.7040000000000006,2.691000000000001,3.2,26,-155,-331,,8.011,-113.73,-277.017,-501.90200000000004,48.96,26.52,29.29,20.97,false,true,-0.24,-0.47,"單日成交金額低於5,000萬元；營收動能同步衰退；累計營收負成長且當月改善不足；外資持股5/10日下降，且外資5日賣超；當下除權息調整價未守20日EMA"
566,2331,精英,TWSE,電腦及週邊設備業,不建立部位,降低部位,trim,停止加碼；反彈未站回恢復區時分批減碼,每個交易日收盤後，確認是否站回恢復區,已有部位先停止加碼。反彈若仍未站回 20.03，分批降低部位；只有站回且ETF／外資賣壓收斂後才重新評估。,價格跌破60日EMA且20日趨勢向下；外資持股5/10日下降且外資5日賣超,42.7,41.2,40.1,85,100,完整,19.35,19.65,-13.43,14.75,0.32,49.75,146.68,0.53,19.16,1,,1,0,0,0,0,0,0,-404.486,-658.128,-410.47500000000014,-1813.6309999999999,0,0,0,0,0,0,0,-22,-10.765000000000004,5.87,-276,-478,-255,,-378.486,-636.128,-399.7100000000001,-1793.7820000000004,46.52,18.33,24.53,5.92,false,true,-1.35,-1.28,"單日成交金額低於5,000萬元；中期趨勢仍向下；外資持股5/10日下降，且外資5日賣超；20日趨勢尚未上彎；單季稅前獲利對營業外貢獻依賴偏高"
567,1447,力鵬,TWSE,紡織纖維,不建立部位,降低部位,trim,停止加碼；反彈未站回恢復區時分批減碼,每個交易日收盤後，確認是否站回恢復區,已有部位先停止加碼。反彈若仍未站回 6.94，分批降低部位；只有站回且ETF／外資賣壓收斂後才重新評估。,價格跌破60日EMA且20日趨勢向下；ETF 5/10日同步減碼；外資持股5/10日下降且外資5日賣超,38.7,41.1,34.5,85,100,完整,6.68,6.68,21.3,11.53,0.28,47.59,124.93,0.12,,0.69,,1,0,-13,-13,-25,-47,0,111.745,-405.655,-315.30499999999995,-1085.4470000000001,0,-13,-25,-47,0,1,-86840,7,19,3.07,112,-400,-309,,111.745,-399.655,-309.30499999999995,-974.447,40.46,11.95,16.52,2.82,false,false,-3.3,-2.34,"單日成交金額低於5,000萬元；中期趨勢仍向下；ETF短中期同步減碼；外資持股5/10日下降，且外資5日賣超；20日趨勢尚未上彎；當下除權息調整價未守20日EMA；單季稅前獲利對營業外貢獻依賴偏高"
568,3015,全漢,TWSE,電子零組件業,不建立部位,降低部位,trim,停止加碼；反彈未站回恢復區時分批減碼,每個交易日收盤後，確認是否站回恢復區,已有部位先停止加碼。反彈若仍未站回 55.48，分批降低部位；只有站回且ETF／外資賣壓收斂後才重新評估。,價格跌破60日EMA且20日趨勢向下；外資持股5/10日下降且外資5日賣超,47,41,52.2,85,100,完整,53,53,-4.07,-6.12,0.56,29.03,188.6,1.08,20.87,0.66,4.15,5,6,71,124,122,108,0,-28.092,-147.69599999999997,-435.402,-673.631,6,124,122,108,4,0,6572000,-8.384,-5.76,9.38,-12,-160,-165,,-39,-263.312,-551.642,-776.1500000000001,44.21,34.88,39.3,26.04,false,true,-1.82,-0.75,"單日成交金額低於5,000萬元；累計營收負成長且當月改善不足；中期趨勢仍向下；外資持股5/10日下降，且外資5日賣超；20日趨勢尚未上彎；當下除權息調整價未守20日EMA；單季稅前獲利對營業外貢獻依賴偏高"
569,4968,立積,TWSE,半導體業,不建立部位,保護持有,protect,今天不新增部位；未完成確認前不機械式賣出,今天收盤後；若跌破，再看下一交易日是否收復,已有部位暫停加碼；若收盤跌破60日EMA約 98.93，且下一交易日仍未收復，先減碼三分之一；若ETF或外資繼續轉弱，再分批降低部位。,價格跌破60日EMA且20日趨勢向下,40.3,40.8,54.6,85,100,完整,90.3,90.65,-1.63,3.65,3.27,25.03,385.26,1,24.41,3.09,1.77,2,0,0,0,0,15,0,17.417,175.197,264.99800000000005,35.17800000000003,0,0,0,15,0,0,0,-0.008999999999999897,-0.6310000000000002,4.67,-140,43,214,,15.317,175.20600000000002,265.629,92.04200000000006,41.32,36.4,48.34,12.51,false,true,-2.65,-0.55,"單日成交金額低於5,000萬元；中期趨勢仍向下；20日趨勢尚未上彎；當下除權息調整價未守20日EMA"
570,3483,力致,TPEX,電腦及週邊設備業,不建立部位,優先降低風險,risk,依風險與流動性分批降低部位,風險解除且基本面與趨勢重新確認後,已有部位應優先降低曝險；目前觸發「單月與累計營收同步明顯衰退」。待事件解除或基本面重新確認後再評估。,單月與累計營收同步明顯衰退,48,40.7,39.4,85,100,可用,78.5,78.4,-16.03,-3.4,0.44,48.8,166.92,0.69,26.98,1.58,3.82,2,0,0,0,0,0,0,-107.903,-107.903,-107.903,-107.903,0,0,0,0,0,0,0,4.097,4.097,12.46,,,,,-112,-112,-112,-112,56.41,67.27,67.12,67.59,false,false,3.67,5.94,"單日成交金額低於5,000萬元；營收動能同步衰退；累計營收負成長且當月改善不足；外資持股趨勢資料不足或期間有非市場異動；單季稅前獲利對營業外貢獻依賴偏高"
571,5209,新鼎,TPEX,其他,不建立部位,優先降低風險,risk,依風險與流動性分批降低部位,風險解除且基本面與趨勢重新確認後,已有部位應優先降低曝險；目前觸發「價格跌破60日EMA且20日趨勢向下」。待事件解除或基本面重新確認後再評估。,價格跌破60日EMA且20日趨勢向下；單月與累計營收同步明顯衰退,41,40.7,45.8,85,100,可用,154,154,-25.02,-26.44,14.77,78.82,121.04,8.72,8.46,4.25,8.41,1,1,2,1,1,1,0,-26.196,-26.196,-26.196,-26.196,1.081,1.081,1.081,1.081,1,0,166474,-16.222,-16.222,1.97,,,,,-11.055,-11.055,-11.055,-11.055,35.65,17.72,15.89,21.4,true,false,-2.07,-1.91,"單日成交金額低於5,000萬元；營收動能同步衰退；累計營收負成長且當月改善不足；中期趨勢仍向下；外資持股趨勢資料不足或期間有非市場異動；20日趨勢尚未上彎；當下除權息調整價未守20日EMA"
572,3228,金麗科,TPEX,半導體業,不建立部位,保護持有,protect,今天不新增部位；未完成確認前不機械式賣出,今天收盤後；若跌破，再看下一交易日是否收復,已有部位暫停加碼；若收盤跌破60日EMA約 161.50，且下一交易日仍未收復，先減碼三分之一；若ETF或外資繼續轉弱，再分批降低部位。,未觸發明確減碼訊號,50.5,40.6,36.2,85,100,可用,177,179.5,27.57,12.87,-42.81,14.14,297.68,-1,,18.71,0,1,0,0,0,0,15,0,-23.069,-23.069,-23.069,-23.069,0,0,0,0,0,0,0,1.676,1.676,6.55,,,,,-24.745,-24.745,-24.745,-24.745,64.99,75.17,73.94,77.64,false,false,9.9,3.21,"單日成交金額低於5,000萬元；外資持股趨勢資料不足或期間有非市場異動"
573,2387,精元,TWSE,電腦及週邊設備業,不建立部位,優先降低風險,risk,依風險與流動性分批降低部位,風險解除且基本面與趨勢重新確認後,已有部位應優先降低曝險；目前觸發「價格跌破60日EMA且20日趨勢向下」。待事件解除或基本面重新確認後再評估。,價格跌破60日EMA且20日趨勢向下；單月與累計營收同步明顯衰退,41.6,40.2,52.8,85,100,完整,36.2,36.2,-27.12,-12.55,1.59,42.64,184.67,0.66,12.15,0.67,11.05,3,18,21,10,10,6,0,-81.08,65.996,112.666,-1494.331,17.583,10.089999999999996,10.089999999999996,6.064999999999996,2,2,365258,6.271,-1.082000000000001,8.79,-91,76,166,,-103,49.63500000000002,103.65800000000002,-1495.764,38.39,41.26,58.06,7.67,false,true,-1.6,-1.09,"單日成交金額低於5,000萬元；營收動能同步衰退；累計營收負成長且當月改善不足；中期趨勢仍向下；20日趨勢尚未上彎；當下除權息調整價未守20日EMA"
574,3376,新日興,TWSE,電子零組件業,不建立部位,優先降低風險,risk,依風險與流動性分批降低部位,風險解除且基本面與趨勢重新確認後,已有部位應優先降低曝險；目前觸發「單月與累計營收同步明顯衰退」。待事件解除或基本面重新確認後再評估。,單月與累計營收同步明顯衰退,51.8,40,39.2,85,100,完整,206.5,204,-10.26,-12.84,-1.84,27.54,220.84,0.47,142.41,2.44,1.94,3,0,0,0,-1,-2,0,-1388.098,-2244.026,5470.536999999999,5822.956999999999,-1,-2,63.408,60.745000000000005,0,2,-413000,-861.0199999999999,188.69100000000026,16.87,-1005,-1013,5315,,-1262.517,-1381.0060000000003,5218.438,5482.3730000000005,57.17,64.26,68.22,56.33,false,true,3.32,-3.5,營收動能同步衰退；累計營收負成長且當月改善不足；估值高且成長不足以支撐；單季稅前獲利對營業外貢獻依賴偏高
575,6412,群電,TWSE,電子零組件業,不建立部位,優先降低風險,risk,依風險與流動性分批降低部位,風險解除且基本面與趨勢重新確認後,已有部位應優先降低曝險；目前觸發「價格跌破60日EMA且20日趨勢向下」。待事件解除或基本面重新確認後再評估。,價格跌破60日EMA且20日趨勢向下；外資持股5/10日下降且外資5日賣超；單月與累計營收同步明顯衰退,42.6,40,43.9,85,100,完整,77,76.7,-12.99,-8.41,3.27,55.91,141.5,3.04,12.69,2,4.81,5,20,40,52,62,61,0,-316.976,-582.804,-51.789,37.12900000000003,20,52,62,61.528,4,0,4004000,-54.852000000000004,-53.56600000000002,5.26,-247,-648,-141,,-340.721,-579.952,-60.223000000000056,140.99399999999997,39.47,32.46,45.65,6.09,false,true,-1.98,-2.53,營收動能同步衰退；累計營收負成長且當月改善不足；中期趨勢仍向下；外資持股5/10日下降，且外資5日賣超；20日趨勢尚未上彎；當下除權息調整價未守20日EMA；單季稅前獲利對營業外貢獻依賴偏高
576,4503,金雨,TPEX,電機機械,不建立部位,優先降低風險,risk,依風險與流動性分批降低部位,風險解除且基本面與趨勢重新確認後,已有部位應優先降低曝險；目前觸發「價格跌破60日EMA且20日趨勢向下」。待事件解除或基本面重新確認後再評估。,價格跌破60日EMA且20日趨勢向下；單月與累計營收同步明顯衰退,30.8,39.4,66.7,85,90,可用,23.7,24.3,-75.88,-3.41,23.96,25.76,1290.4,2.28,6.37,1,0,1,0,0,0,0,0,0,-8.901,-8.901,-8.901,-8.901,0,0,0,0,0,0,0,-0.001,-0.001,1.9,,,,,-8.9,-8.9,-8.9,-8.9,34.51,13.15,19.31,0.85,false,false,-8.25,-4.82,"單日成交金額低於5,000萬元；營收動能同步衰退；累計營收負成長且當月改善不足；中期趨勢仍向下；外資持股趨勢資料不足或期間有非市場異動；20日趨勢尚未上彎；當下除權息調整價未守20日EMA；單季稅前獲利對營業外貢獻依賴偏高"
577,6230,尼得科超眾,TWSE,電腦及週邊設備業,不建立部位,保護持有,protect,今天不新增部位；未完成確認前不機械式賣出,今天收盤後；若跌破，再看下一交易日是否收復,已有部位暫停加碼；若收盤跌破60日EMA約 117.29，且下一交易日仍未收復，先減碼三分之一；若ETF或外資繼續轉弱，再分批降低部位。,未觸發明確減碼訊號,54.1,39.2,28.1,85,100,完整,113,112.25,-0.33,7.56,0.68,44.52,214.62,-1.82,,1.68,,1,0,0,0,0,0,0,32,44.346000000000004,97.447,54.946,0,0,0,0,0,0,0,1.3460000000000003,2.346,87.14,31,45,97,,30,43,95.101,47.873999999999995,54.35,67.33,53.86,94.28,true,true,2.94,4.63,"單日成交金額低於5,000萬元"
578,3558,神準,TPEX,通信網路業,不建立部位,保護持有,protect,今天不新增部位；未完成確認前不機械式賣出,今天收盤後；若跌破，再看下一交易日是否收復,已有部位暫停加碼；若收盤跌破60日EMA約 126.95，且下一交易日仍未收復，先減碼三分之一；若ETF或外資繼續轉弱，再分批降低部位。,未觸發明確減碼訊號,42.2,39,34.2,85,100,可用,118.5,129.5,3.17,-14.05,1.15,56.65,127.18,0.81,55.37,1.17,2.53,1,0,0,0,0,0,0,-6.657,-6.657,-6.657,-6.657,0,0,0,0,0,0,0,1.343,1.343,2.96,,,,,-8,-8,-8,-8,37.97,7.89,15.66,-7.63,false,false,-4.7,-3.27,"單日成交金額低於5,000萬元；累計營收負成長且當月改善不足；中期趨勢仍向下；外資持股趨勢資料不足或期間有非市場異動；20日趨勢尚未上彎"
579,2601,益航,TWSE,航運業,不建立部位,優先降低風險,risk,依風險與流動性分批降低部位,風險解除且基本面與趨勢重新確認後,已有部位應優先降低曝險；目前觸發「單月與累計營收同步明顯衰退」。待事件解除或基本面重新確認後再評估。,單月與累計營收同步明顯衰退,55.6,38.8,28,85,93,可用,6.8,6.81,-53.33,-54.79,16.87,34.68,98.33,-0.2,,0.76,,1,0,0,6,6,6,0,699.407,545.4290000000001,-608.409,-1733.794,0,0,0,0,0,0,0,6,16,13,699,539,-624,,699.407,539.4290000000001,-624.409,-1724.794,53.35,16.33,19.59,9.81,false,false,0.87,0,"單日成交金額低於5,000萬元；營收動能同步衰退；累計營收負成長且當月改善不足"
580,1515,力山,TWSE,電機機械,不建立部位,保護持有,protect,今天不新增部位；未完成確認前不機械式賣出,今天收盤後；若跌破，再看下一交易日是否收復,已有部位暫停加碼；若收盤跌破60日EMA約 31.91，且下一交易日仍未收復，先減碼三分之一；若ETF或外資繼續轉弱，再分批降低部位。,ETF 5/10日同步減碼；外資持股5/10日下降且外資5日賣超,36.4,38.6,36.4,85,100,完整,30.55,31,4.61,1.32,-1.26,51.78,96.36,0.12,20.5,1.42,1.96,1,0,-3,-3,-6,-11,0,-182.853,-853.176,-2143.792,-6547.596999999999,0,-3,-6,-11,0,1,-91650,8.881,13.819,2.37,-130,-599,-1426,,-180.599,-859.057,-2151.6110000000003,-6389.025000000001,42.47,10.82,20.6,-8.72,false,false,-6.32,-8.53,"單日成交金額低於5,000萬元；ETF短中期同步減碼；外資持股5/10日下降，且外資5日賣超；當下除權息調整價未守20日EMA；單季稅前獲利對營業外貢獻依賴偏高"
581,6120,達運,TWSE,光電業,不建立部位,優先降低風險,risk,依風險與流動性分批降低部位,風險解除且基本面與趨勢重新確認後,已有部位應優先降低曝險；目前觸發「價格跌破60日EMA且20日趨勢向下」。待事件解除或基本面重新確認後再評估。,價格跌破60日EMA且20日趨勢向下；外資持股5/10日下降且外資5日賣超；單月與累計營收同步明顯衰退,37.5,38.6,51.3,85,100,完整,12.35,12.5,-13.71,-4.91,-3.57,43,214.38,1.42,9.08,0.75,2.02,1,0,0,0,0,-20,0,-209.599,-1581.132,-2077.1389999999997,-3761.7120000000004,0,0,0,-20,0,0,0,17.730999999999998,-42.955000000000005,8.43,-179,-1397,-1964,,-219.549,-1598.8630000000003,-2034.1840000000002,-3883.715,40.15,24.68,33.06,7.92,false,true,-2.47,-2.76,"單日成交金額低於5,000萬元；營收動能同步衰退；累計營收負成長且當月改善不足；中期趨勢仍向下；外資持股5/10日下降，且外資5日賣超；20日趨勢尚未上彎；當下除權息調整價未守20日EMA；單季稅前獲利對營業外貢獻依賴偏高"
582,8436,大江,TPEX,生技醫療業,不建立部位,優先降低風險,risk,依風險與流動性分批降低部位,風險解除且基本面與趨勢重新確認後,已有部位應優先降低曝險；目前觸發「價格跌破60日EMA且20日趨勢向下」。待事件解除或基本面重新確認後再評估。,價格跌破60日EMA且20日趨勢向下；ETF 5/10日同步減碼；單月與累計營收同步明顯衰退,28.7,38.4,58.2,85,100,可用,110,112,-12.19,-2.53,18.09,36.7,169.74,4.13,12.5,1.58,5.47,3,-111,-309,-414,-106,-48,-408,-376.378,-376.378,-376.378,-376.378,-112.001,-112.001,-112.001,-112.001,0,1,-12320110,-12.377,-12.377,11.4,,,,,-252,-252,-252,-252,32.2,18.22,29.8,-4.94,false,false,-7.46,-12.7,營收動能同步衰退；累計營收負成長且當月改善不足；中期趨勢仍向下；ETF短中期同步減碼；ETF 1/3日已轉為減碼；主動ETF 5日轉為減碼；外資持股趨勢資料不足或期間有非市場異動；20日趨勢尚未上彎；當下除權息調整價未守20日EMA
583,3703,欣陸,TWSE,建材營造,不建立部位,降低部位,trim,停止加碼；反彈未站回恢復區時分批減碼,每個交易日收盤後，確認是否站回恢復區,已有部位先停止加碼。反彈若仍未站回 20.31，分批降低部位；只有站回且ETF／外資賣壓收斂後才重新評估。,價格跌破60日EMA且20日趨勢向下；ETF 5/10日同步減碼,40.4,37.8,34.9,85,100,完整,19.75,19.8,-9.88,-9,5.41,70.54,121.44,0.57,10.03,0.59,5.32,1,0,0,-2,-2,-2,0,-497,1026.8290000000002,-2094.112,-9842.873,-2,-7,-6,-10,0,3,-138250,36,-42.117,19.62,-1136,-4981,-7800,,-515,997.8290000000001,-2045.995,-9636.595000000001,45.67,64.82,57.95,78.55,true,false,-0.39,1.02,"單日成交金額低於5,000萬元；累計營收負成長且當月改善不足；中期趨勢仍向下；ETF短中期同步減碼；20日趨勢尚未上彎；當下除權息調整價未守20日EMA"
584,2540,愛山林,TWSE,建材營造,不建立部位,降低部位,trim,停止加碼；反彈未站回恢復區時分批減碼,每個交易日收盤後，確認是否站回恢復區,已有部位先停止加碼。反彈若仍未站回 50.52，分批降低部位；只有站回且ETF／外資賣壓收斂後才重新評估。,價格跌破60日EMA且20日趨勢向下；外資持股5/10日下降且外資5日賣超,41.5,37.7,27.4,85,100,完整,46.9,47.1,7.03,-37.39,2.6,82.96,121.15,0.02,,4.11,12.79,1,0,0,0,0,-7,0,-2,-314.804,-1683.477,-1312.5690000000004,0,0,0,-6.923,0,0,0,114,-466.90999999999997,1.55,-9,-855,-1532,,-25,-428.80400000000003,-1216.567,-574.7360000000002,42.38,31.1,44.65,3.99,false,false,-2.7,-6.01,"單日成交金額低於5,000萬元；累計營收負成長且當月改善不足；中期趨勢仍向下；外資持股5/10日下降，且外資5日賣超；20日趨勢尚未上彎；當下除權息調整價未守20日EMA"
585,1444,力麗,TWSE,紡織纖維,不建立部位,降低部位,trim,停止加碼；反彈未站回恢復區時分批減碼,每個交易日收盤後，確認是否站回恢復區,已有部位先停止加碼。反彈若仍未站回 7.30，分批降低部位；只有站回且ETF／外資賣壓收斂後才重新評估。,價格跌破60日EMA且20日趨勢向下；ETF 5/10日同步減碼；外資持股5/10日下降且外資5日賣超,37.8,37.6,30.7,85,100,完整,7.03,7.03,-8.32,19.84,-1.41,44.94,88.37,0.14,,0.69,,1,0,-18,-18,-33,-62,0,-415,-1559.1670000000001,-1934.9780000000005,-1648.025,0,-18,-33,-62,0,1,-126540,26,44,5.26,-232,-725,-949,,-435,-1567.1670000000001,-1945.9780000000005,-1610.025,41.03,16.73,19.31,11.57,false,false,-2.5,-0.85,"單日成交金額低於5,000萬元；中期趨勢仍向下；ETF短中期同步減碼；外資持股5/10日下降，且外資5日賣超；20日趨勢尚未上彎；當下除權息調整價未守20日EMA；單季稅前獲利對營業外貢獻依賴偏高"
586,1109,信大,TWSE,水泥工業,不建立部位,優先降低風險,risk,依風險與流動性分批降低部位,風險解除且基本面與趨勢重新確認後,已有部位應優先降低曝險；目前觸發「價格跌破60日EMA且20日趨勢向下」。待事件解除或基本面重新確認後再評估。,價格跌破60日EMA且20日趨勢向下；單月與累計營收同步明顯衰退,41,37,52.8,85,93,可用,13.55,13.55,-20.64,-16.99,1.66,11.48,456.76,0.15,19.64,0.56,6.64,1,0,0,0,0,0,0,14.9,12.919999999999998,-160.05100000000002,-119.30700000000003,0,0,0,0,0,0,0,7.9,12.929,2.37,10,5,-174,,10,5.02,-172.98,-140.98,45.44,30.21,28.28,34.07,true,false,-0.17,0.74,"單日成交金額低於5,000萬元；營收動能同步衰退；累計營收負成長且當月改善不足；中期趨勢仍向下；20日趨勢尚未上彎；當下除權息調整價未守20日EMA"
587,3545,敦泰,TWSE,半導體業,不建立部位,優先降低風險,risk,依風險與流動性分批降低部位,風險解除且基本面與趨勢重新確認後,已有部位應優先降低曝險；目前觸發「單月與累計營收同步明顯衰退」。待事件解除或基本面重新確認後再評估。,單月與累計營收同步明顯衰退,46.5,36.9,34.7,85,100,可用,51,49.8,-14.27,-13.61,-5.92,33.53,207.81,0.64,,1.25,1.59,2,0,0,0,0,55,0,36.4,675.7620000000001,550.3480000000001,544.9549999999999,0,0,0,55,0,0,0,-23.436000000000003,-0.19700000000000406,14.96,92,780,-50,,28.32,699.198,550.545,523.0970000000002,52.63,57.69,56.59,59.89,false,false,1.51,4.94,"單日成交金額低於5,000萬元；營收動能同步衰退；累計營收負成長且當月改善不足；外資持股趨勢資料不足或期間有非市場異動；當下除權息調整價未守20日EMA；單季稅前獲利對營業外貢獻依賴偏高"
588,3078,僑威,TPEX,電子零組件業,不建立部位,優先降低風險,risk,依風險與流動性分批降低部位,風險解除且基本面與趨勢重新確認後,已有部位應優先降低曝險；目前觸發「價格跌破60日EMA且20日趨勢向下」。待事件解除或基本面重新確認後再評估。,價格跌破60日EMA且20日趨勢向下；單月與累計營收同步明顯衰退,33.8,36.3,61.1,85,100,可用,44.95,44.55,-49.57,-46.65,6.99,35.08,273.61,1.02,12.49,1.5,8.9,3,21,42,29,29,26,0,-137.509,-137.509,-137.509,-137.509,20.71,20.71,20.71,20.71,1,0,930915,-12.219,-12.219,11.51,,,,,-146,-146,-146,-146,20.75,9.08,10.99,5.26,false,false,-10.98,-13.39,"單日成交金額低於5,000萬元；營收動能同步衰退；累計營收負成長且當月改善不足；中期趨勢仍向下；外資持股趨勢資料不足或期間有非市場異動；20日趨勢尚未上彎；當下除權息調整價未守20日EMA"
589,2014,中鴻,TWSE,鋼鐵工業,不建立部位,降低部位,trim,停止加碼；反彈未站回恢復區時分批減碼,每個交易日收盤後，確認是否站回恢復區,已有部位先停止加碼。反彈若仍未站回 17.27，分批降低部位；只有站回且ETF／外資賣壓收斂後才重新評估。,價格跌破60日EMA且20日趨勢向下；外資持股5/10日下降且外資5日賣超,43.8,36,23.4,85,85,完整,17,17.02,17.19,-5.05,1.16,53.43,139.58,0.07,,1.99,,1,0,0,0,0,4,0,-182,-928.424,-1506.1879999999999,-2056.94,0,0,0,3.595,0,0,0,35,50,7.2,-207,-1043,-1693,,-207,-963.424,-1556.1879999999999,-2137.535,46.18,21.49,22.53,19.41,false,false,-0.59,-0.29,"單日成交金額低於5,000萬元；中期趨勢仍向下；外資持股5/10日下降，且外資5日賣超；20日趨勢尚未上彎；當下除權息調整價未守20日EMA"
590,2208,台船,TWSE,航運業,不建立部位,降低部位,trim,停止加碼；反彈未站回恢復區時分批減碼,每個交易日收盤後，確認是否站回恢復區,已有部位先停止加碼。反彈若仍未站回 19.24，分批降低部位；只有站回且ETF／外資賣壓收斂後才重新評估。,價格跌破60日EMA且20日趨勢向下；外資持股5/10日下降且外資5日賣超,41.5,34.5,21.9,85,100,完整,18.8,18.9,20.17,-26.52,-9.53,85.87,108.02,0.28,38.37,3.15,,1,0,0,0,0,-10,0,-46.001,-1073.25,-2993.433,-8909.419999999998,0,0,0,-10.487,0,0,0,21,39,6.57,-66,-1094,-3032,,-66.001,-1094.25,-3032.433,-8949.933,43.77,6.83,11.02,-1.56,false,false,-1.73,-2.59,"單日成交金額低於5,000萬元；中期趨勢仍向下；外資持股5/10日下降，且外資5日賣超；20日趨勢尚未上彎；當下除權息調整價未守20日EMA；單季稅前獲利對營業外貢獻依賴偏高"
591,2530,華建,TWSE,建材營造,不建立部位,優先降低風險,risk,依風險與流動性分批降低部位,風險解除且基本面與趨勢重新確認後,已有部位應優先降低曝險；目前觸發「單月與累計營收同步明顯衰退」。待事件解除或基本面重新確認後再評估。,單月與累計營收同步明顯衰退,52.7,33.5,22.6,85,100,完整,19.75,19.6,-99.96,-96.27,-19.93,67.08,170.33,-0.11,29.92,1.66,11.7,2,37,132,111,95,67,0,-332.584,437.767,-1376.3909999999998,-1638.1660000000002,33.816,109.43,102.43,74.38600000000001,3,1,2161243,-54,-93,2.86,-623,-2813,-5496,,-396.4,382.33700000000005,-1385.8209999999997,-1228.552,52.11,67.16,60.43,80.63,false,false,1.09,5.05,"單日成交金額低於5,000萬元；營收動能同步衰退；累計營收負成長且當月改善不足；ETF加碼，但外資持股5/10日同步下降"
592,2338,光罩,TWSE,半導體業,不建立部位,降低部位,trim,停止加碼；反彈未站回恢復區時分批減碼,每個交易日收盤後，確認是否站回恢復區,已有部位先停止加碼。反彈若仍未站回 42.25，分批降低部位；只有站回且ETF／外資賣壓收斂後才重新評估。,價格跌破60日EMA且20日趨勢向下；外資持股5/10日下降且外資5日賣超,41.9,33.4,20.9,85,93,可用,38.55,38.85,4.42,-3.89,0.07,65.87,86.6,0.61,,2.05,,2,0,0,0,0,5,0,-161.251,-255.08800000000002,-1431.574,-2006.8559999999998,0,0,0,0,0,0,0,-72.437,-107.22899999999998,4.51,-123,-53,-1206,,-162,-182.65099999999995,-1324.3449999999998,-1850.4620000000002,43.87,23.54,31.14,8.35,false,false,-1.62,-1.28,"單日成交金額低於5,000萬元；累計營收負成長且當月改善不足；中期趨勢仍向下；外資持股5/10日下降，且外資5日賣超；20日趨勢尚未上彎；當下除權息調整價未守20日EMA；單季稅前獲利對營業外貢獻依賴偏高"
593,8924,大田,TPEX,運動休閒,不建立部位,優先降低風險,risk,依風險與流動性分批降低部位,風險解除且基本面與趨勢重新確認後,已有部位應優先降低曝險；目前觸發「價格跌破60日EMA且20日趨勢向下」。待事件解除或基本面重新確認後再評估。,價格跌破60日EMA且20日趨勢向下；單月與累計營收同步明顯衰退,42.2,32.4,39.3,85,100,可用,51,50.8,-38.22,-1.33,-0.45,27.92,273.95,-0.58,18.55,1.1,8.43,1,5,35,32,32,31,0,2.608,2.608,2.608,2.608,4.632,4.632,4.632,4.632,1,0,236232,-0.024,-0.024,3.04,,,,,-2,-2,-2,-2,42.1,54.81,39.89,84.64,false,false,-0.31,1.39,"單日成交金額低於5,000萬元；營收動能同步衰退；累計營收負成長且當月改善不足；中期趨勢仍向下；外資持股趨勢資料不足或期間有非市場異動；20日趨勢尚未上彎；當下除權息調整價未守20日EMA"
594,1314,中石化,TWSE,塑膠工業,不建立部位,優先降低風險,risk,依風險與流動性分批降低部位,風險解除且基本面與趨勢重新確認後,已有部位應優先降低曝險；目前觸發「單月與累計營收同步明顯衰退」。待事件解除或基本面重新確認後再評估。,單月與累計營收同步明顯衰退,51,32.1,20.8,85,100,完整,8.1,8.09,-35.6,-30.74,-9.51,39.62,167.64,-0.52,,0.41,,1,0,0,0,0,-66,0,-2263.362,-2867.427999999999,23832.646,18727.892999999996,0,0,0,-66.604,0,0,0,-559.315,349.3109999999999,9.83,-1731,-3189,19533,,-2318.362,-2308.1130000000003,23483.335,17958.933999999997,51.98,41.51,51.94,20.65,false,true,0.65,-0.98,營收動能同步衰退；累計營收負成長且當月改善不足
595,6456,GIS-KY,TWSE,光電業,不建立部位,優先降低風險,risk,依風險與流動性分批降低部位,風險解除且基本面與趨勢重新確認後,已有部位應優先降低曝險；目前觸發「單月與累計營收同步明顯衰退」。待事件解除或基本面重新確認後再評估。,單月與累計營收同步明顯衰退,47.9,31,23.4,85,100,完整,68.8,68.2,-24.68,-22.66,-4.23,47.73,231.73,-3.76,,0.78,,1,0,0,0,1,2,0,-549.626,-2686.0460000000003,876.8599999999997,1901.4759999999997,0,0,1,2,0,0,0,-181.50400000000002,-9.732000000000031,45.56,-265,-2243,1381,,-472.585,-2504.542,885.5920000000001,2047.5790000000002,51.94,36.79,47.8,14.78,false,false,0.85,-3.91,營收動能同步衰退；累計營收負成長且當月改善不足；當下除權息調整價未守20日EMA
596,6988,威力暘-創,TWSE,汽車工業,不建立部位,優先降低風險,risk,依風險與流動性分批降低部位,風險解除且基本面與趨勢重新確認後,已有部位應優先降低曝險；目前觸發「價格跌破60日EMA且20日趨勢向下」。待事件解除或基本面重新確認後再評估。,價格跌破60日EMA且20日趨勢向下；外資持股5/10日下降且外資5日賣超；單月與累計營收同步明顯衰退,44.8,30.8,27.6,85,93,可用,12.25,12.18,-17.35,-13.42,-2.35,45,295.53,-0.2,,0.8,,1,0,0,0,0,0,0,3,-72.556,-157.64,-316.15099999999995,0,0,0,0,0,0,0,-8.556000000000001,4.359999999999999,3.15,11,-64,-162,,11,-64,-162,-321,54.35,63.41,42.25,105.73,true,false,2.97,6.52,"單日成交金額低於5,000萬元；營收動能同步衰退；累計營收負成長且當月改善不足；中期趨勢仍向下；外資持股5/10日下降，且外資5日賣超；20日趨勢尚未上彎"
597,3062,建漢,TWSE,通信網路業,不建立部位,保護持有,protect,今天不新增部位；未完成確認前不機械式賣出,今天收盤後；若跌破，再看下一交易日是否收復,已有部位暫停加碼；若收盤跌破60日EMA約 22.15，且下一交易日仍未收復，先減碼三分之一；若ETF或外資繼續轉弱，再分批降低部位。,未觸發明確減碼訊號,41.7,29.5,26.2,85,100,可用,20.5,21.5,5.13,-0.85,-14.5,35.21,171.25,-0.88,,1.66,,1,0,0,0,0,0,0,-165.043,-421.963,-269.011,1121.694,0,0,0,0,0,0,0,-11.987999999999998,-26.321999999999996,9.37,-40,-1367,-1498,,-167.977,-409.975,-242.68900000000002,1217.413,44.52,37.17,45.39,20.73,false,true,-1.33,-0.97,"單日成交金額低於5,000萬元；累計營收負成長且當月改善不足；外資持股趨勢資料不足或期間有非市場異動"
598,6160,欣技,TPEX,電腦及週邊設備業,不建立部位,優先降低風險,risk,依風險與流動性分批降低部位,風險解除且基本面與趨勢重新確認後,已有部位應優先降低曝險；目前觸發「單月與累計營收同步明顯衰退」。待事件解除或基本面重新確認後再評估。,價格強勢站上20／60日EMA；法人未同步轉弱,40.8,27.8,24,85,90,可用,14.6,15.95,-17.17,-18.06,-12.19,47.97,188.56,-0.82,,1.7,0,1,0,0,0,0,0,0,-5.175,-5.175,-5.175,-5.175,0,0,0,0,0,0,0,-0.175,-0.175,2.42,,,,,-5,-5,-5,-5,44.92,16.64,27.28,-4.64,false,false,-1.62,-2.67,"單日成交金額低於5,000萬元；營收動能同步衰退；累計營收負成長且當月改善不足；外資持股趨勢資料不足或期間有非市場異動"
599,8476,台境*,TWSE,綠能環保,不建立部位,優先降低風險,risk,依風險與流動性分批降低部位,風險解除且基本面與趨勢重新確認後,已有部位應優先降低曝險；目前觸發「價格跌破60日EMA且20日趨勢向下」。待事件解除或基本面重新確認後再評估。,價格跌破60日EMA且20日趨勢向下；ETF 5/10日同步減碼；單月與累計營收同步明顯衰退,31.2,27.7,32,85,100,完整,18.85,19.02,-96.04,-6.72,5.87,57.13,181.25,0.12,67.32,1.63,1.06,1,0,-3,-3,-5,-9,0,-15,63.006,209.406,640.107,0,-3,-5,-9,0,1,-56550,2,4,1.47,-77,-26,80,,-15,64.006,210.406,643.107,34.48,12.79,17.26,3.84,false,false,-4.88,-2.84,"單日成交金額低於5,000萬元；營收動能同步衰退；累計營收負成長且當月改善不足；中期趨勢仍向下；ETF短中期同步減碼；20日趨勢尚未上彎；當下除權息調整價未守20日EMA"
600,6823,濾能,TPEX,半導體業,不建立部位,保護持有,protect,今天不新增部位；未完成確認前不機械式賣出,今天收盤後；若跌破，再看下一交易日是否收復,已有部位暫停加碼；若收盤跌破60日EMA約 64.91，且下一交易日仍未收復，先減碼三分之一；若ETF或外資繼續轉弱，再分批降低部位。,價格跌破60日EMA且20日趨勢向下,36,24.4,10.5,85,90,可用,60.1,60,-33.69,8.03,-46.47,59.08,104.4,-4.73,,3.7,0,1,0,0,0,0,0,0,20.069,20.069,20.069,20.069,0,0,0,0,0,0,0,0.069,0.069,22.6,,,,,20,20,20,20,38.9,22.35,29.37,8.31,false,false,-2.98,-3.38,"單日成交金額低於5,000萬元；中期趨勢仍向下；外資持股趨勢資料不足或期間有非市場異動；20日趨勢尚未上彎；當下除權息調整價未守20日EMA"
601,6919,康霈*,TWSE,生技醫療業,不建立部位,優先降低風險,risk,依風險與流動性分批降低部位,風險解除且基本面與趨勢重新確認後,已有部位應優先降低曝險；目前觸發「價格跌破60日EMA且20日趨勢向下」。待事件解除或基本面重新確認後再評估。,價格跌破60日EMA且20日趨勢向下；ETF 5/10日同步減碼；外資持股5/10日下降且外資5日賣超,27.7,17,30.5,85,100,完整,85.2,85.3,-100,-82.2,-14263.34,2.37,6003.39,-0.21,,14.39,,2,0,0,-1,-17,-16,0,-1245.725,-21203.225,-38083.017,-36450.735,-4,-5,-53.175,-60.178999999999995,0,2,-426000,-293.28,-57.10399999999999,12.52,-1296,-21829,-39056,,-1294.958,-20904.945,-37972.738,-36238.840000000004,31.84,9.92,10.5,8.75,false,false,-12.66,-10.13,營收動能同步衰退；累計營收負成長且當月改善不足；中期趨勢仍向下；ETF短中期同步減碼；外資持股5/10日下降，且外資5日賣超；20日趨勢尚未上彎；當下除權息調整價未守20日EMA
602,3718,中光電投控,TPEX,未分類,不建立部位,保護持有,protect,今天不新增部位；未完成確認前不機械式賣出,今天收盤後；若跌破，再看下一交易日是否收復,已有部位暫停加碼；若收盤跌破60日EMA約 —，且下一交易日仍未收復，先減碼三分之一；若ETF或外資繼續轉弱，再分批降低部位。,未觸發明確減碼訊號,16.8,5.9,0,85,27,不足,70.9,71.1,,,,,,,,,,1,0,64,64,64,64,0,-1074.792,-1074.792,-1074.792,-1074.792,0,0,0,0,0,0,0,-95.323,-95.323,7.64,,,,,-979.469,-979.469,-979.469,-979.469,,,,,,,,,資料健康度低於65%門檻；外資持股趨勢資料不足或期間有非市場異動