排名,代號,名稱,市場,產業,新部位建議,既有部位建議,既有部位說明,分數,信心度,收盤價,即時價,營收YoY%,累計營收YoY%,營益率%,負債比%,流動比率%,EPS,本益比,股價淨值比,殖利率%,ETF家數,ETF_1日增減張,ETF_3日增減張,ETF_5日增減張,ETF_10日增減張,ETF_20日增減張,主動ETF_5日增減張,法人1日張,法人5日張,法人10日張,法人20日張,投信買賣超1日張,投信買賣超5日張,投信買賣超10日張,投信買賣超20日張,投信5日買超天數,投信5日賣超天數,投信5日估算金額,自營商買賣超5日張,自營商買賣超10日張,外資持股比率%,外資持股1日增減張,外資持股5日增減張,外資持股10日增減張,外資持股20日增減張,外資買賣超1日張,外資買賣超5日張,外資買賣超10日張,外資買賣超20日張,RSI14,KD-K,KD-D,KD-J,KD近3日黃金交叉,KD近3日死亡交叉,距20EMA%,5日報酬%,淘汰原因
1,2376,技嘉,TWSE,電腦及週邊設備業,可開始承接,續抱／回測可加碼,已有部位可續抱；回測20日EMA約 336.29 且ETF、外資與投信未轉弱時，才考慮下一批。,75.2,88,343,343.75,68.55,48.36,,,,,15.97,3.55,3.51,32,19,-261,494,2462,5294,211,4963.781,11756.322999999999,9060.138,8947.69,31.85,308.57,635.442,2328.9269999999997,3,2,105530940,-2463.997,-2382.39,22.15,7572,8770,6057,,4976.009,13911.749999999998,10807.085999999998,7372.239999999998,53.37,55.85,48.45,70.66,true,false,2,7.69,
2,2324,仁寶,TWSE,電腦及週邊設備業,可開始承接,續抱／回測可加碼,已有部位可續抱；回測20日EMA約 36.11 且ETF、外資與投信未轉弱時，才考慮下一批。,71.3,87.9,36.95,36.88,58.38,15.82,,,,,27.78,1.23,2.98,12,-88,1721,2946,4183,7481,1503,13109.864,51781.692,71381.64700000001,115462.13200000001,-1.963,1744.4740000000002,2271.746,-1784.4070000000002,4,1,64458314,928.7860000000001,1105.819,37.05,14811,87703,104141,,12931.622,49108.43199999999,68004.082,109856.45199999999,54.77,72.5,63.29,90.92,false,false,2.32,9.48,
3,3706,神達,TWSE,電腦及週邊設備業,等待確認,續抱觀察,已有部位可續抱觀察，但暫不追價；若收盤跌破60日EMA約 87.87 且法人籌碼轉弱，先減碼三分之一。,78.2,88,93.7,93.35,80.93,44.8,,,,,17.54,1.84,4.35,15,243,207,246,2873,8995,246,6015.645,16565.377,17351.858,20399.997000000003,243,268,2914,9315,2,3,24629200,283.584,-1154.423,9.01,5519,18174,18587,,5747.768,16013.793000000001,15592.280999999999,12492.267,60.33,77.02,62.75,105.57,false,false,4.49,11.41,ETF加碼金額或跨基金共識不足
4,2408,南亞科,TWSE,半導體業,等待確認,續抱觀察,已有部位可續抱觀察，但暫不追價；若收盤跌破60日EMA約 384.73 且法人籌碼轉弱，先減碼三分之一。,77,100,457.5,453.5,621.34,643.12,69.08,16.78,691.01,23.38,17.27,4.76,0.3,36,835,1878,3498,3785,12908,2222,8149.133,46021.436,16110.718000000004,-7106.260999999995,3916.935,6437.825,345.32199999999966,15811.696,3,1,2864832125,-2210.255,-3334.696,13.7,7793,39802,16012,,7255.434,41793.866,19100.092,-25116.554000000004,57.04,71.41,52.79,108.64,false,false,11.05,39.48,短線過熱或乖離過大；高波動且5日漲幅過大；融資增幅與短線漲幅同步偏高；官方重大訊息出現高風險關鍵字，須查原文
5,2347,聯強,TWSE,電子通路業,等待確認,續抱觀察,已有部位可續抱觀察，但暫不追價；若收盤跌破60日EMA約 87.86 且法人籌碼轉弱，先減碼三分之一。,74,88,94,94.45,135.45,77.39,,,,,16.89,2.06,4.33,23,-37,24,548,-405,-9623,82,673.935,6113.083,8119.156,22363.083,-1.504,62.99499999999999,-1176.005,-13295.349,3,2,6116814,-2836.43,-2297.7329999999997,29.85,1273,20237,33691,,1437.062,8886.517999999998,11592.893999999998,41313.273,57.79,76.22,72.02,84.64,false,false,4.29,9.18,
6,8271,宇瞻,TWSE,半導體業,等待確認,暫停加碼／跌破減碼,已有部位暫停加碼；若收盤跌破60日EMA約 204.07，且下一交易日仍未收復，先減碼三分之一；若ETF或外資繼續轉弱，再分批降低部位。,73.9,100,244.5,242.75,200.65,251.11,34.73,55.84,184.73,35.51,5.65,3.09,1.96,4,0,228,229,198,376,228,841.624,2783.8899999999994,3851.964999999999,2606.6489999999994,-0.5,231.102,200.102,378.102,4,1,52460154,-35.71000000000001,-21.99000000000001,10.59,966,5008,4083,,888.691,2588.4980000000005,3673.8530000000005,2070.3230000000012,66.1,80.77,77.79,86.74,true,true,15.53,19.85,短線過熱或乖離過大；KD高檔死亡交叉，等待動能確認；高波動且5日漲幅過大；ETF加碼金額或跨基金共識不足
7,5288,豐祥-KY,TWSE,電機機械,等待確認,暫停加碼／跌破減碼,已有部位暫停加碼；若收盤跌破60日EMA約 179.20，且下一交易日仍未收復，先減碼三分之一；若ETF或外資繼續轉弱，再分批降低部位。,72,100,187.5,188,71.59,28.97,14.42,26.27,230.68,8.03,12.77,2.1,3.39,2,0,128,128,128,129,128,-76.999,-155.89999999999998,-110.80599999999998,89.311,5,147,175,244,5,0,28150500,-21.9,-11.681999999999999,59.52,-79,-226,-199,,-79,-281,-274.124,-145.46400000000006,50.65,55.72,52.81,61.53,true,false,-0.34,1.08,外資持股5/10日下降，且外資5日賣超；2日內除權息，等待價格重置；ETF加碼金額或跨基金共識不足
8,2357,華碩,TWSE,電腦及週邊設備業,等待確認,續抱觀察,已有部位可續抱觀察，但暫不追價；若收盤跌破60日EMA約 726.93 且法人籌碼轉弱，先減碼三分之一。,71.9,88,816,812.5,55.63,38.85,,,,,14.97,2.17,5.01,44,-153,-53,1031,1896,2009,-270,1909.822,7243.393999999999,11858.723000000002,29899.440000000002,-80.347,811.7339999999999,1265.8159999999998,-612.3930000000003,3,2,680233092,549.9119999999999,839.6789999999999,37.6,1907,15636,19568,,1976.945,5881.748,9753.228,28028.059999999998,61.3,78.73,79.9,76.41,false,true,6.65,10.72,ETF 1/3日已轉為減碼；主動ETF 5日轉為減碼；ETF加碼金額或跨基金共識不足
9,2317,鴻海,TWSE,其他電子業,等待確認,續抱觀察,已有部位可續抱觀察，但暫不追價；若收盤跌破60日EMA約 247.04 且法人籌碼轉弱，先減碼三分之一。,71.6,85,264.5,263.75,52.11,34.99,,,,,18.36,2.03,2.77,44,-598,-176,9518,17585,30892,730,36358.7,69844.99399999999,75730.98199999999,135562.851,-1107.959,2398.3329999999996,6060.109,9060.892,3,2,619969080,1951.9309999999996,6815.926,40.54,34814,89657,98402,,36977.842,65494.73,62854.947,109376.095,60.55,81.57,68.07,108.56,false,false,6.4,15.25,ETF 1/3日已轉為減碼；外資持股趨勢資料不足或期間有非市場異動；借券賣出與借券賣出餘額壓力升高
10,3006,晶豪科,TWSE,半導體業,等待確認,續抱觀察,已有部位可續抱觀察，但暫不追價；若收盤跌破60日EMA約 211.62 且法人籌碼轉弱，先減碼三分之一。,71.3,100,254.5,252.25,328.35,242.62,44.44,36.84,267.13,27.58,7.54,3.58,0.42,4,0,0,0,-68,-380,0,4440.049,12061.428000000002,4424.146000000002,14037.266000000001,0,2,-60,-376,1,0,478000,354.483,-63.532,37.34,4255,8526,9104,,4290.59,11704.944999999998,4547.677999999998,15268.042999999998,62.13,80.05,59.74,120.66,false,false,20.2,55.18,20日趨勢尚未上彎；短線過熱或乖離過大；高波動且5日漲幅過大
11,6214,精誠,TWSE,資訊服務業,等待確認,續抱觀察,已有部位可續抱觀察，但暫不追價；若收盤跌破60日EMA約 137.44 且法人籌碼轉弱，先減碼三分之一。,70.8,88,146,146.75,76.9,37,,,,,16.04,2.19,3.92,7,-1,-5,0,2,-13,0,163.669,1811.325,3078.781,7434.501,-1.593,0.20699999999999985,1.4489999999999998,211.864,1,2,31671,-16.332000000000008,36.437,15.1,177,3620,4113,,135.057,1827.4499999999998,3040.8950000000004,7155.603000000001,53.91,66.45,72.28,54.77,true,true,1.24,1.74,ETF 1/3日已轉為減碼；官方重大訊息出現高風險關鍵字，須查原文
12,1714,和桐,TWSE,化學工業,等待確認,暫停加碼／跌破減碼,已有部位暫停加碼；若收盤跌破60日EMA約 14.63，且下一交易日仍未收復，先減碼三分之一；若ETF或外資繼續轉弱，再分批降低部位。,70.5,100,16.2,16.2,73.41,58.4,11.49,29.6,335.99,0.89,12.5,1.09,1.22,2,1,1702,1785,2385,4010,1695,-3059.222,-16630.253999999997,-5830.055999999996,-15625.075999999997,1,1785,2385,4010,5,0,26328750,-97.42399999999998,-99.35699999999997,17.53,-3136,-14548,-8011,,-3033.438,-18317.83,-8115.699000000001,-18596.012000000002,55.11,66.13,43.05,112.3,false,false,6.87,28.57,外資持股5/10日下降，且外資5日賣超；20日趨勢尚未上彎；短線過熱或乖離過大；ETF加碼金額或跨基金共識不足；融資增幅與短線漲幅同步偏高
13,2610,華航,TWSE,航運業,等待確認,續抱觀察,已有部位可續抱觀察，但暫不追價；若收盤跌破60日EMA約 21.09 且法人籌碼轉弱，先減碼三分之一。,70.4,88,22.2,22.17,28.82,16.09,,,,,8.83,1.34,3.58,17,856,-772,-420,7557,26030,1463,14693.382,69146.703,136633.864,171149.5,856.025,-348.9619999999999,7689.243,-16327.528999999999,4,1,-7886541,857.5020000000002,626.0940000000003,17.51,14825,128262,177431,,13888.815,68638.163,128318.52700000003,188553.29600000003,56.25,79.53,76.87,84.86,false,false,1.91,2.3,20日累積後5日轉為調節
14,7750,新代,TWSE,電機機械,等待確認,續抱觀察,"已有部位可續抱觀察，但暫不追價；若收盤跌破60日EMA約 2,096.37 且法人籌碼轉弱，先減碼三分之一。",70.1,100,2365,2370,151.4,81.37,27.76,45.28,228.69,42.53,61.38,15.45,0.65,5,0,122,122,122,122,122,63.917,384.47700000000003,335.72100000000006,212.4650000000001,3,149,192,197,3,0,366540000,13.625,12.414000000000001,17.99,47,93,70,,49.384,221.85200000000003,131.307,15.634999999999977,60.49,79.26,69.76,98.26,false,false,11.2,27.84,短線過熱或乖離過大；高波動且5日漲幅過大；ETF加碼金額或跨基金共識不足
15,3036,文曄,TWSE,電子通路業,等待確認,暫停加碼／跌破減碼,已有部位暫停加碼；若收盤跌破60日EMA約 217.53，且下一交易日仍未收復，先減碼三分之一；若ETF或外資繼續轉弱，再分批降低部位。,70.1,88,229.5,229.75,188.09,114.03,,,,,15.96,2.53,3.47,26,-720,-39,634,1088,-3193,207,-3238.376,-7426.472000000001,-5687.072,-8547.943,-615.031,4596.6410000000005,4997.719,-3430.353,4,1,1034244225,173.51999999999998,43.56799999999997,26.45,-2288,-22574,-13520,,-2602.295,-12196.633,-10728.358999999999,-4701.544999999998,62.93,78.49,65.56,104.35,false,false,10.8,25.07,ETF 1/3日已轉為減碼；外資持股5/10日下降，且外資5日賣超；20日趨勢尚未上彎；短線過熱或乖離過大；融資增幅與短線漲幅同步偏高
16,6197,佳必琪,TWSE,電子零組件業,等待確認,續抱觀察,已有部位可續抱觀察，但暫不追價；若收盤跌破60日EMA約 299.95 且法人籌碼轉弱，先減碼三分之一。,69.7,100,316.5,316.25,45.21,25.04,22.77,43.32,210.43,7,26.42,6.79,2.21,2,0,104,104,104,153,104,244.325,-118.33400000000003,170.37799999999993,-902.7800000000001,0,106,108,93,4,0,33125000,70.176,-1.1699999999999946,6.58,322,340,929,,257.913,-294.51,63.54800000000001,-893.0609999999999,51.39,71.19,54.53,104.51,false,false,1.86,19.21,20日趨勢尚未上彎；ETF加碼金額或跨基金共識不足
17,2451,創見,TWSE,半導體業,等待確認,暫停加碼／跌破減碼,已有部位暫停加碼；若收盤跌破60日EMA約 274.08，且下一交易日仍未收復，先減碼三分之一；若ETF或外資繼續轉弱，再分批降低部位。,69.6,100,293,291.75,381.55,422.17,73.7,28.68,309.01,46.63,4.91,3.17,4.17,18,-18,-164,1,-469,-1404,-9,-1333.144,-753.6809999999998,-7008.783,-10580.128,-18.9,9.823999999999984,-452.17600000000004,-1335.176,1,4,2775280,-90.51299999999999,67.355,9.66,-1195,-5414,-5630,,-1230.874,-672.992,-6623.962,-9283.379,59.51,83.74,80.68,89.86,true,true,8.49,8.72,ETF 1/3日已轉為減碼；主動ETF 5日轉為減碼；外資持股5/10日下降，且外資5日賣超；KD高檔死亡交叉，等待動能確認
18,2615,萬海,TWSE,航運業,等待確認,續抱觀察,已有部位可續抱觀察，但暫不追價；若收盤跌破60日EMA約 81.56 且法人籌碼轉弱，先減碼三分之一。,68.7,87.2,84.3,84.45,32.7,6.39,,,,,7.89,0.84,3.51,11,-11,-40,3,290,-227,-15,211.162,6483.089,20675.229,57179.689,-10.264,39.346,356.267,-179.52700000000004,2,3,3360148,-29.692999999999984,-322.938,44.75,63,37608,51557,,226.441,6473.436,20641.9,57565.15,53.63,56.57,60.25,49.22,true,true,0.72,-0.12,ETF 1/3日已轉為減碼；主動ETF 5日轉為減碼；ETF加碼金額或跨基金共識不足
19,3033,威健,TWSE,電子通路業,等待確認,續抱觀察,已有部位可續抱觀察，但暫不追價；若收盤跌破60日EMA約 47.05 且法人籌碼轉弱，先減碼三分之一。,68.3,88,47.5,47.55,54.45,26.2,,,,,18.17,2.17,4.02,5,-4,503,504,510,635,530,-410.335,2045.9390000000003,-930.4439999999997,1654.5780000000013,-4.467,504.06999999999994,510.06999999999994,633.8519999999999,3,1,24094546,505.703,-463.65500000000003,23.66,-386,-651,-7238,,-455.998,1036.1660000000002,-976.8589999999997,2540.1409999999996,48.14,54.36,41.31,80.45,false,false,-0.79,12.83,ETF加碼，但外資持股5/10日同步下降；20日趨勢尚未上彎；2日內除權息，等待價格重置；ETF加碼金額或跨基金共識不足
20,6533,晶心科,TWSE,半導體業,等待確認,續抱觀察,已有部位可續抱觀察，但暫不追價；若收盤跌破60日EMA約 214.40 且法人籌碼轉弱，先減碼三分之一。,68.3,88,230.5,229.75,247.04,62.07,,,,,,2.66,,1,0,0,20,23,23,0,129.639,1072.82,792.779,918.084,0,20,23,23,1,0,4570000,1.3389999999999995,-15.919999999999998,12.57,117,517,884,,128.722,1051.481,785.6989999999998,872.9659999999999,57.86,69.6,57.54,93.72,false,false,5.86,14.11,高波動且5日漲幅過大；ETF加碼金額或跨基金共識不足
21,3702,大聯大,TWSE,電子通路業,等待確認,續抱觀察,已有部位可續抱觀察，但暫不追價；若收盤跌破60日EMA約 110.17 且法人籌碼轉弱，先減碼三分之一。,68.1,88,126,125.25,131.85,55.18,,,,,15.75,2.41,2.95,31,-377,-2029,-1438,8139,14924,-632,-757.893,5130.3099999999995,6988.11,-2074.103000000001,-345.062,-1891.1219999999998,7419.3240000000005,11146.273000000001,2,3,-243954738,1433.8379999999997,1870.19,35.08,-982,-4046,-18855,,-1098.443,5587.594,-2301.404,-18143.697,61.85,78.06,64.38,105.41,false,false,9.33,19.43,20日累積後5日轉為調節；ETF 1/3日已轉為減碼；主動ETF 5日轉為減碼；投信20日買超後近5日轉賣
22,2605,新興,TWSE,航運業,等待確認,續抱觀察,已有部位可續抱觀察，但暫不追價；若收盤跌破60日EMA約 31.55 且法人籌碼轉弱，先減碼三分之一。,67.6,68,31.85,31.92,51.62,32.98,,,,,15.31,1.06,3.13,1,0,0,2,6,187,0,2271.153,2807.4829999999993,6098.201,14355.454,0,16,38,211,3,0,512000,-364.697,-1405.87,49.67,2199,8736,13633,,2199,3156.1800000000003,7466.070999999999,15246.621,54.88,56.46,46.29,76.82,true,false,2.13,6.34,ETF加碼金額或跨基金共識不足
23,2441,超豐,TWSE,半導體業,等待確認,暫停加碼／跌破減碼,已有部位暫停加碼；若收盤跌破60日EMA約 120.26，且下一交易日仍未收復，先減碼三分之一；若ETF或外資繼續轉弱，再分批降低部位。,67.2,100,122.5,122.25,33.15,21.76,20.06,18.34,230.57,2.98,21.94,2.45,2.53,9,50,882,999,1421,4989,977,-1604.718,-2516.243,-5849.179,-10000.866,50,999,1421,4989,3,2,118381500,182.84199999999998,-684.594,10.09,-1513,-7683,-11404,,-1687.107,-3698.0849999999996,-6585.584999999999,-13776.487,50.98,66.4,45.39,108.43,false,false,2.73,30.88,外資持股5/10日下降，且外資5日賣超；20日趨勢尚未上彎；短線過熱或乖離過大；高波動且5日漲幅過大；融資增幅與短線漲幅同步偏高
24,2356,英業達,TWSE,電腦及週邊設備業,等待確認,續抱觀察,已有部位可續抱觀察，但暫不追價；若收盤跌破60日EMA約 61.73 且法人籌碼轉弱，先減碼三分之一。,66.6,88,64.9,65.1,61.62,36.83,,,,,24.98,3.21,3.04,23,-150,613,1723,-725,-3972,0,-6008.317,15844.026999999998,32933.378,31694.819999999992,-80.114,767.4329999999999,-1936.4920000000004,-15061.080000000002,3,2,50420348,75.75799999999998,-340.3270000000001,17.82,-5088,75967,96193,,-5100.029,15000.836000000001,35210.19700000001,49380.47700000001,53.17,74.34,65.2,92.62,false,false,2.62,12.87,20日趨勢尚未上彎
25,3231,緯創,TWSE,電腦及週邊設備業,等待確認,續抱觀察,已有部位可續抱觀察，但暫不追價；若收盤跌破60日EMA約 159.09 且法人籌碼轉弱，先減碼三分之一。,66.6,85,189,188.5,53.85,94.01,,,,,19.36,3.23,2.85,45,1425,9797,15591,23935,18320,11774,38105.585,110778.511,255599.265,285690.014,5824.909,24296.67,45579.509,27895.479999999996,5,0,4689257310,161.59600000000032,2752.6070000000004,34.26,38076,256409,297257,,35613.026,86320.245,207267.14899999998,257997.66599999997,64.39,77.47,77.18,78.04,false,false,10.47,18.12,外資持股趨勢資料不足或期間有非市場異動
26,2603,長榮,TWSE,航運業,等待確認,暫停加碼／跌破減碼,已有部位暫停加碼；若收盤跌破60日EMA約 202.41，且下一交易日仍未收復，先減碼三分之一；若ETF或外資繼續轉弱，再分批降低部位。,66.3,88,203.5,203.75,30.01,-2.44,,,,,8.96,0.76,7.8,31,-110,-460,722,800,-1766,262,-978.498,5244.376,14348.157999999998,68809.451,-73.055,-409.23800000000006,-1106.517,-7901.845,2,3,-83893790,1.2560000000000002,177.62299999999996,21.64,-2574,25711,45771,,-677.802,5652.358,15277.051999999998,73414.945,52.65,65,65.35,64.28,false,true,0.73,1.24,ETF 1/3日已轉為減碼；投信5/10日持續且具金額意義的賣超
27,8114,振樺電,TWSE,電腦及週邊設備業,等待確認,續抱觀察,已有部位可續抱觀察，但暫不追價；若收盤跌破60日EMA約 207.36 且法人籌碼轉弱，先減碼三分之一。,66.2,100,225,224.75,19.14,-25.79,18.27,38.04,165.47,7.09,16.39,2.5,4.99,3,-1,-1,4,4,3,0,659.113,1423.8200000000002,2957.06,3925.465,-1,115,223,498,2,1,26450000,127.90899999999999,120.44300000000001,16.27,501,2924,2840,,553.18,1180.9110000000003,2613.617,3279.059,57.12,59.57,50.47,77.78,true,false,6.33,17.49,ETF 1/3日已轉為減碼；高波動且5日漲幅過大
28,4961,天鈺,TWSE,半導體業,等待確認,續抱觀察,已有部位可續抱觀察，但暫不追價；若收盤跌破60日EMA約 162.57 且法人籌碼轉弱，先減碼三分之一。,66,100,165.5,165.5,24.76,1.53,7.97,20.7,391.38,5.07,19,1.08,4.87,4,0,0,52,52,612,0,254.829,577.596,332.3309999999999,298.6059999999999,0,52,52,559,1,0,8242000,-9.600999999999999,-52.785000000000004,20.99,143,911,772,,254.236,535.1969999999999,333.1159999999999,-205.56700000000012,54.64,65.63,48.71,99.48,false,false,3.89,15.73,20日趨勢尚未上彎
29,1608,華榮,TWSE,電器電纜,等待確認,續抱觀察,已有部位可續抱觀察，但暫不追價；若收盤跌破60日EMA約 32.67 且法人籌碼轉弱，先減碼三分之一。,65.9,100,34.25,34.28,13.35,15.81,10.42,37.4,158.43,7.04,2.9,1.25,5.99,3,0,-25,-5,1,239,0,1093.751,3140.894,2049.9049999999997,-7034.476000000001,0,8.117999999999999,29.374,261.264,2,2,271141,-319.28000000000003,-321.0080000000001,2.67,1410,2902,639,,1643.125,3452.056,2341.539,-6572.460999999999,59.06,73.83,56.07,109.36,false,false,8.04,27.09,20日累積後5日轉為調節；20日趨勢尚未上彎；短線過熱或乖離過大；單季稅前獲利對營業外貢獻依賴偏高
30,9945,潤泰新,TWSE,其他,等待確認,續抱觀察,已有部位可續抱觀察，但暫不追價；若收盤跌破60日EMA約 26.02 且法人籌碼轉弱，先減碼三分之一。,65.9,88,26.4,26.4,29.57,40.43,,,,,7.42,0.66,4.17,5,0,-5,-9,26,21,0,-2500.827,5143.726,13039.248000000001,28081.168,0,-9,26,21,0,2,-237600,-221.89899999999994,-153.95399999999992,7.61,-2148,17697,28778,,-2516.785,5374.625,13167.202000000001,28300.616,51.03,51.81,55.5,44.44,false,true,-0.04,-1.12,20日累積後5日轉為調節；當下除權息調整價未守20日EMA
31,2476,鉅祥,TWSE,電子零組件業,等待確認,續抱觀察,已有部位可續抱觀察，但暫不追價；若收盤跌破60日EMA約 119.15 且法人籌碼轉弱，先減碼三分之一。,65.7,88,127,127.25,53.76,36.92,,,,,28.49,2.92,2.39,2,0,194,194,194,194,194,931.373,1003.415,1028.747,883.586,0,194,194,194,2,0,24153000,404.04499999999996,453.61599999999993,9.89,762,260,876,,814.299,405.37,381.1309999999999,-517.7950000000001,56.73,80,64.04,111.92,false,false,5.86,20.38,20日趨勢尚未上彎；短線過熱或乖離過大
32,2301,光寶科,TWSE,電腦及週邊設備業,等待確認,續抱觀察,已有部位可續抱觀察，但暫不追價；若收盤跌破60日EMA約 211.40 且法人籌碼轉弱，先減碼三分之一。,65.4,100,251.5,251.25,36.98,25.08,12.8,59.6,138.63,4.8,29.12,5.9,2.01,26,483,687,2049,4884,3834,0,30008.198,62317.49999999999,53764.619,53293.719,470.701,544.125,2359.096,-2862.774,3,2,135487125,1510.7869999999998,2203.451,43.31,29662,56347,44479,,29757.994,60262.587999999996,49202.07199999999,50381.047999999995,64.41,77.58,67.54,97.67,false,false,14.25,32.37,短線過熱或乖離過大；高波動且5日漲幅過大
33,2207,和泰車,TWSE,汽車工業,等待確認,續抱觀察,已有部位可續抱觀察，但暫不追價；若收盤跌破60日EMA約 492.72 且法人籌碼轉弱，先減碼三分之一。,65.1,88,515,516.5,48.36,13.06,,,,,14.91,3.58,3.93,15,5,1,1,63,-106,0,-151.829,897.494,1837.702,2774.9,4.285,6.846,74.636,-99.92700000000002,4,1,3484614,-42.083,-30.431,22.5,-171,1707,2690,,-173.166,932.731,1793.4969999999998,2887.5159999999996,56.11,40.94,54.35,14.13,false,false,1.78,-6.53,
34,1101,台泥,TWSE,水泥工業,等待確認,續抱觀察,已有部位可續抱觀察，但暫不追價；若收盤跌破60日EMA約 24.04 且法人籌碼轉弱，先減碼三分之一。,64.9,88,24.5,24.58,32.4,1.54,,,,,,0.77,3.33,7,4,-22,12,21,-3810,0,1980.968,-29719.175,8420.122,-4500.078999999998,4,115,212,-3678,4,0,2765750,505.7049999999999,870.6379999999999,14.42,14409,47991,110166,,1622.968,-30339.879999999997,7337.484000000004,-294.71399999999267,56.23,42.25,41.44,43.87,true,false,2.22,1.87,
35,3704,合勤控,TWSE,通信網路業,等待確認,續抱觀察,已有部位可續抱觀察，但暫不追價；若收盤跌破60日EMA約 44.22 且法人籌碼轉弱，先減碼三分之一。,64.7,100,47.1,47.15,47.87,13.91,5.46,57.31,152.64,1.55,14.61,1.64,0.82,1,0,0,0,0,0,0,2297.007,3258.381,2218.973,6759.0740000000005,0,0,0,0,0,0,0,-87.52499999999999,-105.103,15.28,2270,3352,500,,2314.005,3345.9060000000004,2324.076,6749.404,53.79,65.82,50.46,96.53,false,false,3.48,18.05,高波動且5日漲幅過大
36,2395,研華,TWSE,電腦及週邊設備業,等待確認,續抱觀察,已有部位可續抱觀察，但暫不追價；若收盤跌破60日EMA約 511.27 且法人籌碼轉弱，先減碼三分之一。,64.5,100,620,615.5,73.39,32.18,19.04,40.5,171.12,9.05,40.09,9.94,1.76,30,-15,-223,52,793,2873,-229,-33.568,57.84000000000003,-172.51,-162.58299999999986,-16,-932.318,366.50300000000004,2344.165,2,3,-590157294,299.91200000000003,401.51300000000003,35.23,-172,-3217,-4348,,-163.709,690.2460000000001,-940.526,-3475.2199999999993,66.84,66.42,60.71,77.85,true,false,9.78,13.35,ETF 1/3日已轉為減碼；主動ETF 5日轉為減碼；投信20日買超後近5日轉賣；ETF加碼，但外資持股5/10日同步下降
37,8210,勤誠,TWSE,電腦及週邊設備業,等待確認,續抱觀察,"已有部位可續抱觀察，但暫不追價；若收盤跌破60日EMA約 1,189.05 且法人籌碼轉弱，先減碼三分之一。",64,88,1235,1237.5,98.03,55.56,,,,,34.69,11.62,1.2,16,0,15,52,3,-415,50,84.196,596.322,1327.78,1897.792,0,799,895,182,4,0,934830000,29.764000000000003,15.697,9.43,102,411,1088,,94.988,-232.442,417.083,1781.0149999999999,56.74,72.1,55.04,106.23,false,false,8.71,29.86,20日趨勢尚未上彎；短線過熱或乖離過大；高波動且5日漲幅過大
38,3617,碩天,TWSE,其他電子業,等待確認,續抱觀察,已有部位可續抱觀察，但暫不追價；若收盤跌破60日EMA約 211.85 且法人籌碼轉弱，先減碼三分之一。,63.8,88,228,228.25,25.6,8.89,,,,,16.4,2.39,4.29,3,-1,-2,5,5,3,0,315.938,660.708,830.9019999999998,805.8539999999998,-1.067,4.867,4.867,2.753,1,2,1126711,42.63399999999999,30.187999999999995,9.32,254,693,814,,252.25,613.2069999999999,795.8469999999999,750.973,58.16,78.43,66.64,102.01,false,false,4.92,14,ETF 1/3日已轉為減碼；20日趨勢尚未上彎
39,6770,力積電,TWSE,半導體業,等待確認,暫停加碼／跌破減碼,已有部位暫停加碼；若收盤跌破60日EMA約 66.58，且下一交易日仍未收復，先減碼三分之一；若ETF或外資繼續轉弱，再分批降低部位。,63.7,85,66.8,66.1,68.75,37.81,,,,,37.34,2.9,,10,0,341,333,441,1135,324,-17682.636,-43681.738000000005,-137328.226,-240039.294,0,133.49099999999999,-7422.509,740.491,1,1,8823755,435.17100000000005,-6743.371999999999,11.6,-14243,-133482,-188145,,-15672.112,-44250.399999999994,-123162.34499999999,-233921.141,52.74,67.58,44.53,113.67,false,false,5.69,34.81,外資持股趨勢資料不足或期間有非市場異動；20日趨勢尚未上彎；短線過熱或乖離過大；高波動且5日漲幅過大
40,2330,台積電,TWSE,半導體業,等待確認,暫停加碼／跌破減碼,"已有部位暫停加碼；若收盤跌破60日EMA約 2,320.65，且下一交易日仍未收復，先減碼三分之一；若ETF或外資繼續轉弱，再分批降低部位。",63.6,87.9,2375,2375,67.87,35.61,,,,,32.33,10.59,0.91,68,316,2413,19732,32381,56194,3909,9947.715,6896.200999999997,-22005.829,-85474.35,-1204.507,7619.919,9730.047,17879.839,4,1,18325905195,-651.136,11119.723,69.15,12903,-47043,-111949,,12251.238,-72.58200000000033,-42855.599,-126281.449,50.89,70.9,58.04,96.62,false,false,0.62,7.71,外資持股5/10日下降，且外資5日賣超；20日趨勢尚未上彎
41,3029,零壹,TWSE,資訊服務業,等待確認,續抱觀察,已有部位可續抱觀察，但暫不追價；若收盤跌破60日EMA約 102.94 且法人籌碼轉弱，先減碼三分之一。,63.3,100,109.5,109.75,13.58,9.41,6.32,63.78,142.48,3.63,15.74,3.52,5.14,3,-2,-9,3,3,-6,0,366.855,2673.452,2959.9629999999997,5073.768,-2.16,3.683,3.683,-6.118,1,4,394081,-22.419000000000004,-18.937000000000005,6.89,344,3152,3676,,371.985,2692.188,2975.217,5107.396000000001,60.17,67.19,59.58,82.4,false,false,4.84,7.88,ETF 1/3日已轉為減碼
42,2344,華邦電,TWSE,半導體業,等待確認,續抱觀察,已有部位可續抱觀察，但暫不追價；若收盤跌破60日EMA約 156.40 且法人籌碼轉弱，先減碼三分之一。,63.2,88,171,169.25,189.88,139.2,,,,,50.15,6.52,0.3,35,1613,3060,5536,9091,12663,2178,17495.905,69375.99799999999,29233.458999999988,-39595.38600000001,9995.104,1247.8279999999995,-15319.014000000001,-41500.098,2,3,210882932,-1556.7940000000003,945.4719999999996,17.99,10476,16330,-18867,,9363.434,69684.96399999999,43607.001,-4519.789000000004,54.48,71.77,49.52,116.26,false,false,8.41,44.3,20日趨勢尚未上彎；短線過熱或乖離過大；高波動且5日漲幅過大
43,6139,亞翔,TWSE,其他電子業,等待確認,暫停加碼／跌破減碼,已有部位暫停加碼；若收盤跌破60日EMA約 785.00，且下一交易日仍未收復，先減碼三分之一；若ETF或外資繼續轉弱，再分批降低部位。,63.1,88,829,834,49.7,69.88,,,,,22.2,8.61,2.88,21,-2,807,838,1328,2587,806,73.729,-684.3919999999999,-4906.813999999999,-9841.015,-2.4,941.287,1250.087,2405.087,4,1,753029600,318.92100000000005,193.03700000000006,24.37,-345,-6580,-9161,,42.235,-1944.6,-6349.938,-12055.445,53.48,60.19,42.88,94.81,false,false,4.78,28.93,外資持股5/10日下降，且外資5日賣超；20日趨勢尚未上彎；短線過熱或乖離過大；高波動且5日漲幅過大；借券賣出與借券賣出餘額壓力升高
44,2383,台光電,TWSE,電子零組件業,等待確認,暫停加碼／跌破減碼,"已有部位暫停加碼；若收盤跌破60日EMA約 4,825.78，且下一交易日仍未收復，先減碼三分之一；若ETF或外資繼續轉弱，再分批降低部位。",62.9,100,5305,5305,120.69,81.82,24.72,63.23,135.5,42.46,82.02,32.22,0.48,50,-79,395,732,1038,2013,491,-29.101,-1929.147,-2170.883,-1898.5339999999997,-96.859,891.396,881.709,1811.55,3,2,4675372020,-122.08999999999999,-8.88699999999998,42.74,117,-4098,-3935,,101.233,-2698.453,-3043.7049999999995,-3768.575999999999,56.35,79.19,65.07,107.44,false,false,7.31,22.94,外資持股5/10日下降，且外資5日賣超；20日趨勢尚未上彎；短線過熱或乖離過大；高波動且5日漲幅過大
45,3023,信邦,TWSE,電子零組件業,等待確認,續抱觀察,已有部位可續抱觀察，但暫不追價；若收盤跌破60日EMA約 304.58 且法人籌碼轉弱，先減碼三分之一。,62.9,100,324.5,323.75,17.59,8.75,10.95,52.87,162.52,7.37,23.78,4.7,3.14,15,181,537,599,1170,1737,365,651.223,2037.656,562.0270000000002,-1423.9859999999999,84,485,801,987,5,0,154230000,358.013,588.563,41.09,266,-1305,-2206,,610.698,1194.6429999999998,-827.5360000000002,-3348.91,58.28,74.53,54.72,114.16,false,false,6.44,18.86,ETF加碼，但外資持股5/10日同步下降；20日趨勢尚未上彎
46,6691,洋基工程,TWSE,其他電子業,等待確認,暫停加碼／跌破減碼,已有部位暫停加碼；若收盤跌破60日EMA約 687.65，且下一交易日仍未收復，先減碼三分之一；若ETF或外資繼續轉弱，再分批降低部位。,62.7,88,712,716,115.19,84.29,,,,,25.86,14.13,3.15,11,-1,1,16,78,508,0,109.88,-144.192,-1123.976,-2418.12,-1,17,81,554,3,2,11866000,45.61300000000001,9.245000000000005,12.68,73,-1310,-2340,,75.244,-206.805,-1214.221,-2974.424,53.46,62.91,45.21,98.31,false,false,3.05,17.3,外資持股5/10日下降，且外資5日賣超；20日趨勢尚未上彎
47,2855,統一證,TWSE,金融保險業,等待確認,續抱觀察,已有部位可續抱觀察，但暫不追價；若收盤跌破60日EMA約 45.03 且法人籌碼轉弱，先減碼三分之一。,62.5,91.7,45.15,45.05,199.02,334.18,,,,,10.26,1.76,4.6,11,-47,159,1086,3369,7131,-1131,1092.84,3544.662,680.2339999999997,-4920.25,-47,1122,3435,7176.228,4,1,51443700,0,0,7.54,970,-4079,-5814,,1139.84,2422.662,-2754.7660000000005,-12096.478000000001,48.63,74.09,60.45,101.38,false,false,0.19,12.59,主動ETF 5日轉為減碼；ETF加碼，但外資持股5/10日同步下降；20日趨勢尚未上彎；當下除權息調整價未守20日EMA
48,4938,和碩,TWSE,電腦及週邊設備業,等待確認,續抱觀察,已有部位可續抱觀察，但暫不追價；若收盤跌破60日EMA約 84.04 且法人籌碼轉弱，先減碼三分之一。,62.5,88,87.8,87.75,15.89,-3.93,,,,,20.57,1.18,4.48,26,-6,437,1481,-179,-9309,275,5489.513,15806.449,33293.72,49850.542,44.604,778.27,-1296.73,-14743.368,5,0,69655165,562.17,1222.646,31.11,5566,47627,51666,,5508.499,14466.009,33367.804000000004,59673.093,56.15,69.24,60.05,87.61,false,false,3.03,9.07,官方重大訊息出現高風險關鍵字，須查原文
49,6446,藥華藥,TWSE,生技醫療業,等待確認,續抱觀察,"已有部位可續抱觀察，但暫不追價；若收盤跌破60日EMA約 1,043.31 且法人籌碼轉弱，先減碼三分之一。",61.9,88,1285,1282.5,94.88,74.59,,,,,83.7,14.41,0.19,17,19,41,48,184,408,41,7.644,-895.527,-917.9309999999999,-4031.185,46,83.856,185.36700000000002,173.36700000000002,4,1,111947760,14.502000000000008,49.528000000000006,24.88,-60,9760,9596,,-49.248,-993.885,-1152.826,-4206.252,59.52,67.77,50.41,102.49,false,false,9,25.37,20日趨勢尚未上彎；短線過熱或乖離過大；高波動且5日漲幅過大
50,4916,事欣科,TWSE,電腦及週邊設備業,等待確認,續抱觀察,已有部位可續抱觀察，但暫不追價；若收盤跌破60日EMA約 98.04 且法人籌碼轉弱，先減碼三分之一。,61.8,88,108,107.75,80.52,48.63,,,,,18.63,3.53,0.48,1,0,0,0,1,39,0,650.999,365.38100000000003,-1088.2420000000002,-4081.8060000000005,0,0,1,39,0,0,0,96.012,-140.651,5.24,768,588,-3251,,657.928,269.369,-948.591,-4088.594,55.73,66.56,46.39,106.9,false,false,5.97,22.03,20日趨勢尚未上彎；短線過熱或乖離過大；高波動且5日漲幅過大
51,2425,承啟,TWSE,電腦及週邊設備業,等待確認,續抱觀察,已有部位可續抱觀察，但暫不追價；若收盤跌破60日EMA約 40.60 且法人籌碼轉弱，先減碼三分之一。,61.8,68,47.95,47.68,375.57,116.51,,,,,,1.89,0.2,1,0,0,7,56,213,0,1154.179,766.6540000000002,-2311.9379999999996,-1080.1579999999994,0,7,56,213,3,1,343700,-105.716,-30.000999999999994,9.41,1064,-296,0,,1158.179,865.3700000000001,-2337.937,-1287.27,59.74,71.21,69.78,74.07,false,false,6.14,12.3,ETF加碼，但外資持股5/10日同步下降；融資增幅與短線漲幅同步偏高
52,3665,貿聯-KY,TWSE,其他電子業,等待確認,續抱觀察,"已有部位可續抱觀察，但暫不追價；若收盤跌破60日EMA約 2,085.19 且法人籌碼轉弱，先減碼三分之一。",61.7,83.7,2460,2432.5,63.79,33.97,,,,,47.53,9.85,0.64,39,61,737,1272,2813,3851,976,733.981,842.6120000000001,3285.7250000000004,3721.7129999999997,131.996,1810.4479999999999,5082.407999999999,8408.317,5,0,4263605040,43.56000000000001,83.251,52.62,645,-1881,-1085,,596.198,-1011.3960000000001,-1879.9339999999997,-4699.572,64,75.93,68.34,91.11,true,false,15.57,28.8,外資持股趨勢資料不足或期間有非市場異動；短線過熱或乖離過大；高波動且5日漲幅過大；借券賣出與借券賣出餘額壓力升高
53,2887,台新新光金,TWSE,金融保險業,等待確認,續抱觀察,已有部位可續抱觀察，但暫不追價；若收盤跌破60日EMA約 31.63 且法人籌碼轉弱，先減碼三分之一。,61.6,89,34.9,34.75,329.5,334.28,,,,,17.5,1.57,3.08,35,-171,-1418,13869,46247,268344,-38,4800.097,78750.644,89836.446,135398.999,-20.782,-1240.3220000000001,19468.913,172205.012,1,4,-44279495,300.80999999999995,16255.353000000001,23.21,58943,87032,-38173,,5982.893,79690.156,54112.18000000001,-76778.559,54.88,73.71,65.67,89.8,false,false,1.09,5.28,ETF 1/3日已轉為減碼；主動ETF 5日轉為減碼；投信20日買超後近5日轉賣；外資持股趨勢資料不足或期間有非市場異動
54,6491,晶碩,TWSE,生技醫療業,等待確認,續抱觀察,已有部位可續抱觀察，但暫不追價；若收盤跌破60日EMA約 333.53 且法人籌碼轉弱，先減碼三分之一。,61.3,88,375.5,375.75,33.94,24.22,,,,,18.22,2.62,2.64,1,0,71,71,71,47,71,523.058,1141.455,922.416,1585.1670000000001,-60,11,11,-16,1,1,4169000,64.495,-35.711999999999996,20.75,546,983,1306,,561.164,1065.96,947.128,1664.306,65.44,77.41,61.44,109.35,false,false,7.92,16.8,20日趨勢尚未上彎；2日內除權息，等待價格重置
55,7769,鴻勁,TWSE,半導體業,等待確認,暫停加碼／跌破減碼,"已有部位暫停加碼；若收盤跌破60日EMA約 6,300.33，且下一交易日仍未收復，先減碼三分之一；若ETF或外資繼續轉弱，再分批降低部位。",61.3,87.9,6455,6417.5,106.54,91.6,,,,,81.48,18.73,1,30,15,93,147,199,423,113,131.007,439.575,435.35299999999995,473.7439999999999,25.001,657.294,520.904,941.462,4,1,4292129820,1.983999999999999,24.802,19.29,113,-61,-300,,103.134,-219.70299999999997,-110.35299999999997,-530.0409999999999,51.71,75.02,60.89,103.28,false,false,2.84,14.86,外資持股5/10日下降，且外資5日賣超；20日趨勢尚未上彎；高波動且5日漲幅過大
56,6669,緯穎,TWSE,電腦及週邊設備業,等待確認,暫停加碼／跌破減碼,"已有部位暫停加碼；若收盤跌破60日EMA約 5,116.70，且下一交易日仍未收復，先減碼三分之一；若ETF或外資繼續轉弱，再分批降低部位。",61.2,88,6215,6207.5,29.79,41.71,,,,,20.7,8.19,2.66,41,-93,163,508,727,672,512,146.075,576.305,2087.772,3055.0499999999997,-117.578,1477.508,2706.902,3820.287,4,1,9123611900,-95.01,8.624999999999993,27.87,381,-462,-193,,280.697,-806.193,-627.7550000000001,-921.2500000000001,65.35,81.38,73.65,96.84,false,false,13.18,26.84,外資持股5/10日下降，且外資5日賣超；短線過熱或乖離過大；高波動且5日漲幅過大
57,6944,兆聯實業,TWSE,綠能環保,等待確認,暫停加碼／跌破減碼,已有部位暫停加碼；若收盤跌破60日EMA約 739.99，且下一交易日仍未收復，先減碼三分之一；若ETF或外資繼續轉弱，再分批降低部位。,61.1,88,789,789,29.98,44.54,,,,,22.14,6.81,2.54,5,0,134,134,152,150,134,-49.869,-321.32500000000005,-2013.7430000000002,-1472.952,-15,120.45700000000001,122.694,102.694,3,1,94799659,12.366,-66.717,14.83,-20,-1740,-1835,,-24.799,-454.148,-2069.7200000000003,-1584.3690000000001,54.93,61.97,49.19,87.54,true,false,4.23,19.73,外資持股5/10日下降，且外資5日賣超；高波動且5日漲幅過大
58,2397,友通,TWSE,電腦及週邊設備業,等待確認,續抱觀察,已有部位可續抱觀察，但暫不追價；若收盤跌破60日EMA約 58.73 且法人籌碼轉弱，先減碼三分之一。,61,100,61.1,61.15,31.37,25.65,6.75,61.22,141.25,2.05,22.75,2.11,3.95,1,0,0,0,0,0,0,730.748,896.8860000000001,974.368,1720.388,0,0,0,0,0,0,0,-3.0749999999999993,0.9250000000000007,15.03,722,1786,1668,,721.823,899.961,973.443,1725.463,57.8,63.56,48.4,93.88,true,false,5.77,15.94,20日趨勢尚未上彎
59,3017,奇鋐,TWSE,電腦及週邊設備業,等待確認,續抱觀察,"已有部位可續抱觀察，但暫不追價；若收盤跌破60日EMA約 2,402.99 且法人籌碼轉弱，先減碼三分之一。",61,87.8,2925,2930,66.11,85.46,,,,,44.86,23.73,0.77,44,178,535,1166,1507,2282,952,1373.101,4237.726000000001,5849.438,3294.4720000000007,524.3,2438.046,3618.105,4309.07,5,0,6655865580,144.25500000000002,312.865,52.73,815,874,-1006,,794.266,1655.425,1918.4679999999998,-1326.9820000000002,67.48,84.77,72.25,109.82,false,false,19.98,38.63,短線過熱或乖離過大；高波動且5日漲幅過大
60,6585,鼎基,TWSE,其他,等待確認,暫停加碼／跌破減碼,已有部位暫停加碼；若收盤跌破60日EMA約 116.68，且下一交易日仍未收復，先減碼三分之一；若ETF或外資繼續轉弱，再分批降低部位。,60.9,85,118,117.75,91.44,13.81,25.03,26.52,175.41,4.81,15.66,2.23,3.7,1,0,0,2,15,58,0,-213.007,-388.65999999999997,-221.67499999999998,-395.017,0,2,15,58,2,0,243000,-16.281,1.966000000000002,3.52,-183,-51,-47,,-216,-374.37899999999996,-238.64099999999993,-420.49699999999996,47.54,56.21,43.76,81.11,true,false,-1.33,9.77,外資持股5/10日下降，且外資5日賣超；20日趨勢尚未上彎；當下除權息調整價未守20日EMA
61,3037,欣興,TWSE,電子零組件業,等待確認,續抱觀察,已有部位可續抱觀察，但暫不追價；若收盤跌破60日EMA約 860.21 且法人籌碼轉弱，先減碼三分之一。,60.7,100,977,970.5,36.31,28.42,11.71,59.23,176.35,11.7,64.51,12.44,0.2,48,697,4861,6722,8436,14506,5634,10348.148,16428.741,10462.331000000002,-1557.3209999999963,1817.592,11044.558,15491.800000000001,27446.833,5,0,10702176702,-367.825,489.84000000000003,36.43,8973,-1787,28688,,8712.45,5752.008000000001,-5519.308999999998,-29616.817,58.31,77.87,62.15,109.3,false,false,12.36,36.45,外資持股趨勢資料不足或期間有非市場異動；短線過熱或乖離過大；高波動且5日漲幅過大；單季稅前獲利對營業外貢獻依賴偏高
62,2049,上銀,TWSE,電機機械,等待確認,續抱觀察,已有部位可續抱觀察，但暫不追價；若收盤跌破60日EMA約 324.15 且法人籌碼轉弱，先減碼三分之一。,60.4,88,362.5,362,31.62,18.05,,,,,79.52,3.44,0.55,10,0,1011,1012,994,891,1012,1035.603,3133.1440000000002,2982.5040000000004,3809.362000000001,-0.264,1446.09,1361.9969999999998,1309.9099999999999,4,1,527822850,330.99800000000005,218.601,36.9,864,1522,2354,,843.327,1356.056,1401.906,2484.872,61.65,76.16,63.1,102.27,false,false,11.19,28.09,20日趨勢尚未上彎；短線過熱或乖離過大；高波動且5日漲幅過大
63,1590,亞德客-KY,TWSE,電機機械,等待確認,暫停加碼／跌破減碼,"已有部位暫停加碼；若收盤跌破60日EMA約 1,358.01，且下一交易日仍未收復，先減碼三分之一；若ETF或外資繼續轉弱，再分批降低部位。",59.9,88,1540,1547.5,44.88,30.08,,,,,33.06,5.94,1.93,17,9,17,19,-68,404,19,194.378,111.40899999999996,-71.17200000000004,634.623,49,293.346,-75.214,415.786,4,0,442952460,-35.857,-7.863000000000004,80.68,106,-85,-92,,132.643,-146.08,11.904999999999944,230.47599999999994,64.8,78.86,67.66,101.26,true,false,10.19,14.93,外資持股5/10日下降，且外資5日賣超
64,1736,喬山,TWSE,運動休閒,等待確認,暫停加碼／跌破減碼,已有部位暫停加碼；若收盤跌破60日EMA約 127.09，且下一交易日仍未收復，先減碼三分之一；若ETF或外資繼續轉弱，再分批降低部位。,59.6,88,141.5,141.75,14.49,9.38,,,,,16.34,2.9,3.35,2,402,518,518,518,518,518,789.882,437.3849999999999,87.71399999999994,355.3299999999999,372,565,690,917,4,1,75992500,-24.263,-8.516000000000002,5.18,406,-639,-588,,421.38,-103.352,-593.77,-570.048,58.96,55.56,42.69,81.28,true,false,8.14,10.98,外資持股5/10日下降，且外資5日賣超；20日趨勢尚未上彎
65,2059,川湖,TWSE,電子零組件業,等待確認,暫停加碼／跌破減碼,"已有部位暫停加碼；若收盤跌破60日EMA約 7,089.02，且下一交易日仍未收復，先減碼三分之一；若ETF或外資繼續轉弱，再分批降低部位。",59.4,87.9,9955,10035,220.52,98.95,,,,,83.47,28.62,0.54,33,31,79,139,200,396,103,-3.043,114.47199999999998,516.687,594.384,74.495,550.004,754.9780000000001,1383.679,5,0,5208537880,-29.047000000000004,-18.680000000000003,23.55,-73,-192,-636,,-75.826,-406.48499999999996,-219.61099999999996,-803.626,69.69,85.77,69.37,118.56,false,false,20.14,39.43,外資持股5/10日下降，且外資5日賣超；短線過熱或乖離過大；高波動且5日漲幅過大
66,1605,華新,TWSE,電器電纜,等待確認,暫停加碼／跌破減碼,已有部位暫停加碼；若收盤跌破60日EMA約 34.35，且下一交易日仍未收復，先減碼三分之一；若ETF或外資繼續轉弱，再分批降低部位。,58.9,88,34.45,34.28,29.34,-0.44,,,,,25.44,0.94,1.43,7,3,4,36,62,82,0,18763.908,42968.33899999999,17149.132999999994,2419.899999999994,2.868,72.701,149.68399999999997,133.635,4,0,2533630,1436.6970000000001,-440.98999999999984,15.5,18301,17892,15648,,18179.511,41458.941,17440.439,3339.435999999998,53.18,72.91,57.36,104.01,false,false,3.66,20.45,20日趨勢尚未上彎；短線過熱或乖離過大
67,3048,益登,TWSE,電子通路業,等待確認,暫停加碼／跌破減碼,已有部位暫停加碼；若收盤跌破60日EMA約 55.75，且下一交易日仍未收復，先減碼三分之一；若ETF或外資繼續轉弱，再分批降低部位。,58.9,88,57.7,57.55,60.1,31.06,,,,,20.97,2.7,1.72,1,0,0,0,0,0,0,-3536.405,-6558.175,-5183.107000000001,-3089.714000000001,0,0,0,0,0,0,0,130.434,46.321999999999996,6.52,-2660,-3318,-310,,-3608.96,-6688.609,-5229.429000000001,-2917.429000000001,55.64,78.16,59,116.49,false,false,7.84,34.97,外資持股5/10日下降，且外資5日賣超；20日趨勢尚未上彎；短線過熱或乖離過大；高波動且5日漲幅過大；融資增幅與短線漲幅同步偏高；借券賣出與借券賣出餘額壓力升高
68,2464,盟立,TWSE,其他電子業,等待確認,續抱觀察,已有部位可續抱觀察，但暫不追價；若收盤跌破60日EMA約 146.36 且法人籌碼轉弱，先減碼三分之一。,58.9,85,177,178.25,43.05,19.87,,,,,,6.98,0.29,2,0,344,344,344,344,344,1197.971,3404.0420000000004,4157.388000000001,1894.7810000000009,0,494,774,774,2,0,83980000,454.558,10.195999999999984,9.26,1390,3110,5145,,1169.133,2455.484,3373.1920000000005,1525.5690000000004,62.58,77.93,60.56,112.67,false,false,16.52,44.49,外資持股趨勢資料不足或期間有非市場異動；20日趨勢尚未上彎；短線過熱或乖離過大；高波動且5日漲幅過大；融資增幅與短線漲幅同步偏高
69,2542,興富發,TWSE,建材營造,等待確認,續抱觀察,已有部位可續抱觀察，但暫不追價；若收盤跌破60日EMA約 42.89 且法人籌碼轉弱，先減碼三分之一。,58.9,84.8,43.85,43.83,16.47,461.12,,,,,13.55,1.69,9.08,10,493,433,433,7317,38174,0,-25.03,2313.563,3177.3330000000005,6630.122000000001,493,433,7334.6,38266.6,3,2,19073650,1894.803,4851.891,8.03,-852,-6947,-10598,,-594.028,-14.239999999999782,-9009.158,-38239.794,51.12,60.46,59.03,63.31,false,false,0.07,-1.13,外資持股趨勢資料不足或期間有非市場異動
70,6672,騰輝電子-KY,TWSE,電子零組件業,等待確認,暫停加碼／跌破減碼,已有部位暫停加碼；若收盤跌破60日EMA約 227.49，且下一交易日仍未收復，先減碼三分之一；若ETF或外資繼續轉弱，再分批降低部位。,58.8,88,231,230,68.12,34.55,,,,,40.05,4.26,1.51,1,0,1,7,30,82,0,-350.822,-1327.9650000000001,-1918.146,-5698.168,0,7,30,82,3,1,1550500,108.364,-86.54899999999998,19.51,-281,-3514,-4575,,-335.746,-1443.329,-1861.5970000000002,-5532.476000000001,49.47,63.94,42.47,106.88,false,false,1.27,27.62,外資持股5/10日下降，且外資5日賣超；20日趨勢尚未上彎；短線過熱或乖離過大；高波動且5日漲幅過大
71,6579,研揚,TWSE,電腦及週邊設備業,等待確認,續抱觀察,已有部位可續抱觀察，但暫不追價；若收盤跌破60日EMA約 157.59 且法人籌碼轉弱，先減碼三分之一。,58.7,88,173.5,173.75,47.1,28.75,,,,,32.94,2.91,2.09,1,0,0,0,0,0,0,557.956,539.3470000000001,873.0080000000002,1118.7540000000001,0,5,9,7,3,0,897500,32.129999999999995,105.625,4.64,501,919,1078,,511.557,502.21700000000004,758.383,946.29,55.67,55.97,46.87,74.17,true,false,5.25,16.44,20日趨勢尚未上彎；高波動且5日漲幅過大
72,3443,創意,TWSE,半導體業,等待確認,續抱觀察,"已有部位可續抱觀察，但暫不追價；若收盤跌破60日EMA約 4,206.39 且法人籌碼轉弱，先減碼三分之一。",58.5,100,4425,4427.5,103.72,93.05,13.81,63.98,144.84,23.89,112.54,43.69,0.46,42,22,24,70,188,437,0,76.179,534.9370000000001,1091.027,311.1400000000001,7.408,330.879,426.88,424.188,5,0,1452558810,-81.725,70.875,26.17,92,-361,82,,85.837,285.7829999999999,593.2719999999998,-56.44300000000021,54.73,75.91,60.97,105.79,false,false,7.11,27.89,20日趨勢尚未上彎；短線過熱或乖離過大；高波動且5日漲幅過大
73,6605,帝寶,TWSE,汽車工業,等待確認,續抱觀察,已有部位可續抱觀察，但暫不追價；若收盤跌破60日EMA約 134.42 且法人籌碼轉弱，先減碼三分之一。,58.5,88,137,137.75,4.45,-3.37,,,,,10.19,1.09,4.78,1,0,0,0,0,3,0,189.86,641.968,754.8539999999999,1505.721,0,4,7,8,3,0,544000,-13.972,0.6479999999999999,14.36,168,1142,1660,,189.479,651.94,747.206,1567.42,58.24,68.96,59.28,88.31,true,false,2.71,4.18,累計營收負成長且當月改善不足
74,2845,遠東銀,TWSE,金融保險業,等待確認,續抱觀察,已有部位可續抱觀察，但暫不追價；若收盤跌破60日EMA約 13.00 且法人籌碼轉弱，先減碼三分之一。,58.4,92,13.2,13.18,20.15,17.21,,,,,15.11,0.91,4.74,7,0,1,6,2561,5186,0,-875.983,16279.035,26517.674,49555.119,0,6,2561,5160,3,0,79800,-667.482,-358.25,9.61,-1204,19986,30307,,-898.983,16940.517,24314.924000000003,44508.369000000006,48.21,36.42,46.22,16.82,false,true,-0.69,-1.86,當下除權息調整價未守20日EMA
75,1326,台化,TWSE,塑膠工業,等待確認,續抱觀察,已有部位可續抱觀察，但暫不追價；若收盤跌破60日EMA約 57.56 且法人籌碼轉弱，先減碼三分之一。,58.4,88,58.1,58.05,11.59,10.79,,,,,390.67,0.92,1.02,8,0,1135,2335,2344,2493,2335,1250.629,-20918.632,-22195.533999999996,-26346.257999999994,0,2335,2344,2374,3,0,136831000,-1026.2530000000002,-2378.023,37.54,1464,4063,11258,,1384.153,-22227.379,-22161.511000000002,-28075.768,45.19,15.9,15.32,17.07,true,false,-4.72,3.01,20日趨勢尚未上彎；當下除權息調整價未守20日EMA；估值高且成長不足以支撐；借券賣出與借券賣出餘額壓力升高
76,2345,智邦,TWSE,通信網路業,等待確認,暫停加碼／跌破減碼,"已有部位暫停加碼；若收盤跌破60日EMA約 2,282.05，且下一交易日仍未收復，先減碼三分之一；若ETF或外資繼續轉弱，再分批降低部位。",58.4,87.8,2405,2402.5,61.16,60.28,,,,,45.1,20.41,0.63,49,29,196,773,1296,2635,482,-83.017,-283.3789999999999,-256.2079999999999,-1586.186,-66.736,402.885,681.054,1947.691,4,1,960880725,-71.49699999999999,53.82700000000002,57.63,-72,-1337,-2517,,-64.484,-614.767,-991.0890000000002,-3420.0240000000003,55.16,72.33,60.92,95.14,false,false,5.93,24.29,外資持股5/10日下降，且外資5日賣超；20日趨勢尚未上彎；短線過熱或乖離過大；高波動且5日漲幅過大
77,2388,威盛,TWSE,半導體業,等待確認,續抱觀察,已有部位可續抱觀察，但暫不追價；若收盤跌破60日EMA約 72.03 且法人籌碼轉弱，先減碼三分之一。,58.2,87.8,78.9,79,34.01,34.24,,,,,461.11,2.11,0.06,4,-100,-93,107,-28,-697,0,5109.572,11520.545000000002,10664.756000000003,10263.277000000004,-100,100,-35,-704,1,1,8300000,715.2839999999999,57.314999999999856,17.73,5392,14009,15302,,5360.793,10705.260999999999,10642.440999999997,10222.894999999999,56.45,76.31,69.84,89.24,false,false,6.48,20.83,ETF 1/3日已轉為減碼；短線過熱或乖離過大；高波動且5日漲幅過大
78,2362,藍天,TWSE,電腦及週邊設備業,等待確認,續抱觀察,已有部位可續抱觀察，但暫不追價；若收盤跌破60日EMA約 43.26 且法人籌碼轉弱，先減碼三分之一。,57.9,88,51.7,51.4,30.25,17.64,,,,,21.05,0.62,4.24,1,0,0,0,0,-315,0,716.455,1464.227,1997.511,1956.634,0,0,0,-315,0,0,0,-24.755000000000003,3.181999999999995,9.99,733,2695,3291,,726.463,1488.9819999999997,1994.3289999999995,2269.4519999999993,73.29,79.25,67.24,103.27,false,false,16.63,24.73,短線過熱或乖離過大
79,2421,建準,TWSE,電子零組件業,等待確認,續抱觀察,已有部位可續抱觀察，但暫不追價；若收盤跌破60日EMA約 140.61 且法人籌碼轉弱，先減碼三分之一。,57.9,88,153.5,154.5,18.65,18.27,,,,,17.16,3.55,3.73,7,0,0,0,0,244,0,1274.334,2978.782,2886.0380000000005,-410.3569999999995,0,6,10,252,3,0,843000,66.24400000000001,-9.623999999999981,29.15,1193,1531,1014,,1245.628,2906.538,2885.662,-249.67200000000003,64.43,85.28,70.51,114.81,false,false,12.91,27.39,20日趨勢尚未上彎；短線過熱或乖離過大
80,2915,潤泰全,TWSE,貿易百貨,等待確認,續抱觀察,已有部位可續抱觀察，但暫不追價；若收盤跌破60日EMA約 50.33 且法人籌碼轉弱，先減碼三分之一。,57.8,88,51.2,51.25,12.84,-22.99,,,,,6.07,0.48,3.67,3,0,1,1,1,0,0,294.047,3530.9480000000003,5440.490000000001,3769.2340000000004,0,1,1,0,1,0,51800,-86.362,-27.741999999999987,5.78,179,10408,9553,,273.047,3616.31,5467.232000000001,3753.7350000000006,48.79,52.1,53.26,49.8,false,true,-0.67,-0.39,20日趨勢尚未上彎；當下除權息調整價未守20日EMA
81,2455,全新,TWSE,通信網路業,等待確認,續抱觀察,已有部位可續抱觀察，但暫不追價；若收盤跌破60日EMA約 334.72 且法人籌碼轉弱，先減碼三分之一。,57.4,98.9,370,367.25,23.55,27.65,23.4,35.4,220.15,2.2,95.1,19.65,0.68,15,0,-7,198,273,338,194,-4303.791,-3765.606,-3671.068000000001,349.3689999999988,0,362,878,1429,3,1,140456000,232.325,-10.121000000000038,26.62,-4266,-3507,111,,-4263.473,-4359.931,-4538.947,186.9429999999993,57.69,75.89,63.9,99.88,false,false,12.37,39.36,短線過熱或乖離過大；高波動且5日漲幅過大；估值高且成長不足以支撐；融資增幅與短線漲幅同步偏高；借券賣出與借券賣出餘額壓力升高
82,2379,瑞昱,TWSE,半導體業,等待確認,續抱觀察,已有部位可續抱觀察，但暫不追價；若收盤跌破60日EMA約 700.27 且法人籌碼轉弱，先減碼三分之一。,57.2,85,744,744.5,20.6,10.52,,,,,27.03,8.57,3.33,47,6,247,1173,2172,3321,-32,879.31,-790.0180000000001,-419.76000000000005,-1078.1530000000002,15.724,1023.5340000000001,1920.8750000000002,2058.963,5,0,768674034,-133.522,-308.4819999999999,45.22,728,-3507,-3099,,821.543,-1680.0300000000002,-2032.1530000000005,-4055.6730000000007,51.52,57.91,48.1,77.54,true,false,1.02,6.74,主動ETF 5日轉為減碼；外資持股趨勢資料不足或期間有非市場異動；20日趨勢尚未上彎
83,3711,日月光投控,TWSE,半導體業,等待確認,續抱觀察,已有部位可續抱觀察，但暫不追價；若收盤跌破60日EMA約 586.05 且法人籌碼轉弱，先減碼三分之一。,57.1,84.6,594,592.5,32.86,22.02,,,,,55.06,7.42,1.11,58,1153,2920,4834,6927,14139,2448,27.347,-10754.668000000001,-19905.538000000004,-28701.022000000004,1710.465,5401.045,5135.264,17699.748,5,0,3202819685,599.969,2646.022,76.52,-2067,-27133,-43029,,-2332.853,-16755.681999999997,-27686.823999999997,-51602.30799999999,48.41,64.6,50.29,93.22,false,false,-1.04,17.62,外資持股趨勢資料不足或期間有非市場異動；20日趨勢尚未上彎；當下除權息調整價未守20日EMA；高波動且5日漲幅過大；融資增幅與短線漲幅同步偏高；借券賣出與借券賣出餘額壓力升高
84,3653,健策,TWSE,電子零組件業,等待確認,暫停加碼／跌破減碼,"已有部位暫停加碼；若收盤跌破60日EMA約 3,626.16，且下一交易日仍未收復，先減碼三分之一；若ETF或外資繼續轉弱，再分批降低部位。",56.9,88,4500,4485,57.64,26.64,,,,,120.06,30.06,0.5,36,139,468,744,1150,1415,688,-41.054,1006.416,875.589,1486.635,491.001,1885.9609999999998,3128.964,3529.1890000000003,5,0,8185070740,77.80000000000001,105.35900000000002,25.3,-498,-2146,-2449,,-523.147,-957.345,-2358.734,-2268.365,69.94,83.85,71.15,109.26,false,false,22.87,43.54,外資持股5/10日下降，且外資5日賣超；短線過熱或乖離過大；高波動且5日漲幅過大
85,2801,彰銀,TWSE,金融保險業,等待確認,暫停加碼／跌破減碼,已有部位暫停加碼；若收盤跌破60日EMA約 22.63，且下一交易日仍未收復，先減碼三分之一；若ETF或外資繼續轉弱，再分批降低部位。,56.8,92,23.25,23.23,9.51,14.62,,,,,14.78,1.23,4.44,20,7146,14472,14472,25475,67303,7141,-24498.208,-61444.89699999998,-79383.92499999999,-42431.37399999998,-205.027,7214.532999999999,18385.826999999997,60110.009,3,2,170623705,-6872.617999999999,-1159.457999999999,16.65,-16945,-112868,-118100,,-15948.002,-61786.81199999999,-96610.29399999998,-101026.92499999997,46.45,37.63,59.38,-5.86,false,true,-1.98,-3.91,外資持股5/10日下降，且外資5日賣超；當下除權息調整價未守20日EMA；借券賣出與借券賣出餘額壓力升高
86,6834,天二科技,TWSE,電子零組件業,等待確認,暫停加碼／跌破減碼,已有部位暫停加碼；若收盤跌破60日EMA約 88.46，且下一交易日仍未收復，先減碼三分之一；若ETF或外資繼續轉弱，再分批降低部位。,56.7,85,91.7,91.8,66.46,36.56,10.85,40.75,153.28,1.6,39.65,5.23,0.44,1,0,5,6,46,172,0,-518.529,-1611.235,-207.0300000000001,-1985.618,0,6,46,172,2,0,547200,-11.158,-21.198,12.01,-432,-2714,-966,,-518.518,-1606.0769999999998,-231.83199999999988,-1924.2939999999999,47.12,58.23,40.66,93.37,false,false,-2.61,26.31,外資持股5/10日下降，且外資5日賣超；20日趨勢尚未上彎；當下除權息調整價未守20日EMA；短線過熱或乖離過大；高波動且5日漲幅過大
87,3450,聯鈞,TWSE,半導體業,等待確認,續抱觀察,已有部位可續抱觀察，但暫不追價；若收盤跌破60日EMA約 447.10 且法人籌碼轉弱，先減碼三分之一。,56.5,88,485.5,484.75,88.18,9.91,,,,,141.37,13.27,0.21,4,350,813,813,1113,1113,813,-122.018,507.6389999999999,548.7299999999998,-281.77400000000034,-400,-1291,1176,1692,3,2,-613225000,28.845000000000027,-45.58799999999998,18.14,44,1073,804,,159.713,1769.7939999999999,-581.6820000000001,-2004.284,55.16,67.78,48.14,107.07,false,false,9.72,43.43,20日趨勢尚未上彎；短線過熱或乖離過大；高波動且5日漲幅過大
88,2002,中鋼,TWSE,鋼鐵工業,等待確認,續抱觀察,已有部位可續抱觀察，但暫不追價；若收盤跌破60日EMA約 18.94 且法人籌碼轉弱，先減碼三分之一。,56.4,88,19,19,9.61,-0.16,,,,,,0.97,0.79,8,7,31,99,113,46,0,5700.665,10694.553999999998,122355.656,192008.849,7,274.264,368.264,195.264,5,0,5183590,-2240.8650000000002,2193.448,14.31,6707,128634,177387,,5655.665,12661.155,119793.94399999999,187889.73099999997,53.76,40.82,42.55,37.35,false,false,0.56,0.26,累計營收負成長且當月改善不足
89,2890,永豐金,TWSE,金融保險業,等待確認,續抱觀察,已有部位可續抱觀察，但暫不追價；若收盤跌破60日EMA約 36.75 且法人籌碼轉弱，先減碼三分之一。,56.3,92,39.2,39.08,50.94,55.23,,,,,18.92,2.16,3.29,31,-497,-1008,9504,55928,115861,-561,5108.544,47287.604,79853.551,119486.476,-217.417,2461.25,15357.346999999998,48978.94,2,3,97342438,-1421.634,-1588.3740000000007,29.45,7366,58252,40511,,6692.412,46247.988,66084.578,48807.403,53.13,53.56,57.77,45.13,false,true,0.19,0.9,ETF 1/3日已轉為減碼；主動ETF 5日轉為減碼；20日趨勢尚未上彎；當下除權息調整價未守20日EMA
90,2354,鴻準,TWSE,其他電子業,等待確認,續抱觀察,已有部位可續抱觀察，但暫不追價；若收盤跌破60日EMA約 56.51 且法人籌碼轉弱，先減碼三分之一。,56.3,88,61,61,10.66,-21.9,,,,,26.3,0.73,2.7,6,0,-15,21,43,86,0,159.863,7799.457,6026.537000000001,6624.391000000001,0,41,80,111,3,1,2275500,190.779,-62.805,11.11,365,10915,13577,,198.702,7567.678,6009.342,7024.201,64.28,77.4,66.12,99.95,false,false,8.51,14.88,20日趨勢尚未上彎
91,2885,元大金,TWSE,金融保險業,等待確認,續抱觀察,已有部位可續抱觀察，但暫不追價；若收盤跌破60日EMA約 62.94 且法人籌碼轉弱，先減碼三分之一。,56.1,92,67.5,67.45,72.83,142.25,,,,,21.35,2.58,3.17,40,169,6545,15928,28765,41084,7864,1197.645,39444.919,54893.447,43880.75,1361.328,14114.783,28011.011000000002,18067.518000000004,5,0,979565940,274.14699999999993,7644.161000000001,26.95,851,65724,18635,,513.675,25055.989,19238.275000000005,8739.078999999998,55.51,73.85,68.03,85.48,false,false,2.2,6.97,20日趨勢尚未上彎；借券賣出與借券賣出餘額壓力升高
92,2892,第一金,TWSE,金融保險業,等待確認,暫停加碼／跌破減碼,已有部位暫停加碼；若收盤跌破60日EMA約 32.66，且下一交易日仍未收復，先減碼三分之一；若ETF或外資繼續轉弱，再分批降低部位。,55.9,92,35.8,35.78,9.73,22.32,,,,,18.41,1.73,3.62,26,1650,5595,12338,29490,75958,6519,-6083.293,-6232.003999999997,-12484.808999999997,61559.941000000006,1635.867,6682.901000000001,19252.325000000004,56700.582,5,0,239916146,13321.32,21373.017000000003,24.77,-12786,-64359,-49601,,-11962.069,-26236.225,-53110.151,-21983.641000000003,63.75,68.86,74.82,56.93,false,false,3.09,0.85,外資持股5/10日下降，且外資5日賣超
93,6805,富世達,TWSE,電子零組件業,等待確認,暫停加碼／跌破減碼,"已有部位暫停加碼；若收盤跌破60日EMA約 1,599.30，且下一交易日仍未收復，先減碼三分之一；若ETF或外資繼續轉弱，再分批降低部位。",55.6,88,1760,1760,32.66,62.64,,,,,40.84,14.78,0.78,14,140,139,167,299,307,166,146.752,436.13700000000006,437.76900000000006,276.63500000000005,1049,1262,1717.6,228.5999999999999,4,0,2019200000,80.60399999999998,82.326,16.3,-845,-1787,-1670,,-874.088,-906.4669999999999,-1362.157,-51.72499999999991,63.52,81.43,68.09,108.13,false,false,18.6,43.09,外資持股5/10日下降，且外資5日賣超；短線過熱或乖離過大；高波動且5日漲幅過大
94,2834,臺企銀,TWSE,金融保險業,等待確認,暫停加碼／跌破減碼,已有部位暫停加碼；若收盤跌破60日EMA約 16.29，且下一交易日仍未收復，先減碼三分之一；若ETF或外資繼續轉弱，再分批降低部位。,55.4,92,16.65,16.65,-7.72,4.14,,,,,12.79,1.09,5.97,13,-31,9891,9877,9988,9745,8102,-24472.961,-32081.815999999988,-42315.54599999998,-67588.39299999998,-31.318,8085.102999999999,8314.121,8003.655999999999,4,1,135425475,-1382.129,-718.0679999999998,17.51,-35548,-76895,-57690,,-23329.934,-38784.79,-49911.598999999995,-74586.981,47.69,42.22,58.17,10.32,false,false,-0.85,-1.57,外資持股5/10日下降，且外資5日賣超；20日趨勢尚未上彎；當下除權息調整價未守20日EMA
95,2634,漢翔,TWSE,航運業,等待確認,續抱觀察,已有部位可續抱觀察，但暫不追價；若收盤跌破60日EMA約 56.49 且法人籌碼轉弱，先減碼三分之一。,55.3,82,61.9,61.95,7.23,7.04,,,,,79.38,3.3,1.23,4,1,-670,187,603,2018,125,10424.228,4290.405000000001,9549.931999999999,3842.547999999997,1,205,636,2039,3,2,13017500,890.6500000000001,-535.5309999999997,4.89,9462,-3448,-7665,,9487.282,3194.7549999999987,9449.463,3727.958999999999,52.72,38.8,29.25,57.91,true,false,1.1,5.63,ETF加碼，但外資持股5/10日同步下降
96,4576,大銀微系統,TWSE,電機機械,等待確認,續抱觀察,已有部位可續抱觀察，但暫不追價；若收盤跌破60日EMA約 204.31 且法人籌碼轉弱，先減碼三分之一。,54.9,88,217,217.5,62.56,47.78,,,,,85.83,6.31,0.37,1,0,0,0,0,0,0,275.497,1252.3650000000002,1530.4170000000004,1457.2590000000005,0,0,0,0,0,0,0,108.913,53.98699999999999,6.69,267,1052,2196,,212.857,1143.452,1476.43,1599.5300000000002,56.49,74.79,58.76,106.85,false,false,8.53,31.91,20日趨勢尚未上彎；短線過熱或乖離過大；高波動且5日漲幅過大
97,4904,遠傳,TWSE,通信網路業,等待確認,續抱觀察,已有部位可續抱觀察，但暫不追價；若收盤跌破60日EMA約 101.45 且法人籌碼轉弱，先減碼三分之一。,54.8,88,101.5,101.25,15.9,10.14,,,,,25.63,3.8,3.77,35,367,-724,2285,-229,1541,-694,1762.72,16394.587,45738.551,73257.402,229.955,-13.829999999999814,-3819.6779999999994,-9157.615,2,3,-1396830,196.485,1951.17,19.47,1606,57357,72462,,1683.573,16211.932,47607.059,78702.707,46.67,25.66,39.53,-2.06,false,false,-1.34,-3.79,主動ETF 5日轉為減碼；當下除權息調整價未守20日EMA
98,2006,東和鋼鐵,TWSE,鋼鐵工業,等待確認,暫停加碼／跌破減碼,已有部位暫停加碼；若收盤跌破60日EMA約 71.47，且下一交易日仍未收復，先減碼三分之一；若ETF或外資繼續轉弱，再分批降低部位。,54.6,100,86,85.85,9.01,-1.3,12.1,35.77,165.62,4.07,10.41,1.68,5.48,11,-9,-470,-459,578,2816,-455,-721.898,8513.137999999999,12141.4,22914.561999999998,-9,-443.91900000000004,605.72,2796.676,2,3,-34803250,-141.83100000000002,-165.776,26.65,-632,15315,19886,,-612.876,9098.887999999999,11701.456,20327.662,76.02,88.98,86.93,93.09,true,true,14.75,17.17,累計營收負成長且當月改善不足；20日累積後5日轉為調節；ETF 1/3日已轉為減碼；主動ETF 5日轉為減碼；投信20日買超後近5日轉賣；短線過熱或乖離過大；KD高檔死亡交叉，等待動能確認
99,1560,中砂,TWSE,電機機械,等待確認,暫停加碼／跌破減碼,已有部位暫停加碼；若收盤跌破60日EMA約 661.85，且下一交易日仍未收復，先減碼三分之一；若ETF或外資繼續轉弱，再分批降低部位。,54.6,88,690,692.5,16.39,23.02,,,,,67.06,12.29,0.73,7,0,415,563,817,590,561,-167.896,-488.88699999999994,-947.3499999999999,-1341.4209999999998,0,1790,2893.76,2789.76,4,0,1217200000,5.643000000000004,-149.262,36.81,-145,-3333,-3468,,-157.864,-2284.53,-3691.848,-3932.897,52.22,71.51,55.61,103.31,false,false,2.53,18.56,外資持股5/10日下降，且外資5日賣超；20日趨勢尚未上彎；高波動且5日漲幅過大
100,2302,麗正,TWSE,半導體業,等待確認,續抱觀察,已有部位可續抱觀察，但暫不追價；若收盤跌破60日EMA約 38.26 且法人籌碼轉弱，先減碼三分之一。,54.6,68,41.9,42.03,45.71,22.13,,,,,53.67,3.95,0.83,1,0,7,9,67,253,0,597.028,1004.1809999999999,-1009.211,-70.52800000000002,0,9,67,253,3,0,381600,-25.966999999999995,2.336999999999996,1.52,702,-664,-1144,,597.023,1021.1479999999999,-1078.548,-287.55600000000004,51.42,61.49,46.05,92.37,false,false,1.97,25.26,ETF加碼，但外資持股5/10日同步下降；20日趨勢尚未上彎；短線過熱或乖離過大；高波動且5日漲幅過大
101,1303,南亞,TWSE,塑膠工業,等待確認,暫停加碼／跌破減碼,已有部位暫停加碼；若收盤跌破60日EMA約 151.18，且下一交易日仍未收復，先減碼三分之一；若ETF或外資繼續轉弱，再分批降低部位。,54.5,88,177,175.75,31.79,15.98,,,,,76.62,3.66,0.45,26,-2697,5098,8944,4729,163052,4653,-10597.782,-67221.78,-53492.73300000001,-81695.62000000001,-4181,10786.274,-9472.126000000002,161647.301,3,2,1909170498,-1164.886,3268.745,31.47,-6306,-70381,-227332,,-6340.656,-76843.168,-47289.35200000001,-255653.964,52.67,57.54,39.59,93.44,false,false,2.29,22.07,外資持股5/10日下降，且外資5日賣超；20日趨勢尚未上彎；短線過熱或乖離過大；高波動且5日漲幅過大；融資增幅與短線漲幅同步偏高
102,8996,高力,TWSE,電機機械,等待確認,暫停加碼／跌破減碼,"已有部位暫停加碼；若收盤跌破60日EMA約 1,125.55，且下一交易日仍未收復，先減碼三分之一；若ETF或外資繼續轉弱，再分批降低部位。",54.4,88,1135,1135,37.56,128.96,,,,,73.82,20.72,0.44,18,410,828,870,875,919,860,-925.828,-746,-625.4639999999999,-1131.508,915.932,1510.7340000000002,697.7100000000002,313.6880000000001,3,1,1563609690,-296.036,-251.466,36.43,-1754,-1084,-1040,,-1808.883,-1960.698,-1071.708,-1353.611,53.46,68.11,45.58,113.18,false,false,8.16,45.89,外資持股5/10日下降，且外資5日賣超；20日趨勢尚未上彎；短線過熱或乖離過大；高波動且5日漲幅過大
103,3189,景碩,TWSE,半導體業,等待確認,續抱觀察,已有部位可續抱觀察，但暫不追價；若收盤跌破60日EMA約 684.55 且法人籌碼轉弱，先減碼三分之一。,54,87.5,834,829.5,32.27,29.79,,,,,233.24,10.11,0.18,22,664,672,892,932,854,892,4232.613,4385.031,1233.0089999999998,4331.523999999999,931.864,1367.249,1383.3629999999998,4511.459,4,1,1132082172,160.59999999999997,25.08899999999997,20.76,3395,-2514,-1334,,3198.315,2857.182,-175.4430000000002,1071.4199999999996,59.2,74.8,54.91,114.57,false,false,13.77,44.29,ETF加碼，但外資持股5/10日同步下降；20日趨勢尚未上彎；短線過熱或乖離過大；高波動且5日漲幅過大；融資增幅與短線漲幅同步偏高
104,2883,凱基金,TWSE,金融保險業,等待確認,續抱觀察,已有部位可續抱觀察，但暫不追價；若收盤跌破60日EMA約 27.94 且法人籌碼轉弱，先減碼三分之一。,53.9,92,30.7,30.63,-23.3,241.65,,,,,17.75,1.58,3.16,26,-1374,8686,20305,37603,76309,-3126,37269.375,111710.579,146619.34999999998,266025.169,-1154.883,8440.369999999999,16784.457,13257.770999999997,2,3,266715692,531.7650000000001,12450.180999999999,26.71,39894,149163,204164,,39175.595,102738.444,117384.71200000003,217275.47100000002,55.66,72.25,64.91,86.92,false,false,1.9,6.04,主動ETF 5日轉為減碼
105,2493,揚博,TWSE,電子零組件業,等待確認,續抱觀察,已有部位可續抱觀察，但暫不追價；若收盤跌破60日EMA約 209.98 且法人籌碼轉弱，先減碼三分之一。,53.7,88,218.5,218.25,32.06,9.46,,,,,48.58,8.97,1.95,2,0,9,11,204,335,0,-1192.733,-3196.157,-1587.616,3711.571,0,11,204,237,2,0,2260500,43.241000000000014,-29.068999999999985,7.88,-1115,-2515,2514,,-1194.89,-3250.398,-1762.547,3604.453,49.33,57.74,39.04,95.15,false,false,0.23,32.02,20日趨勢尚未上彎；短線過熱或乖離過大；高波動且5日漲幅過大；融資增幅與短線漲幅同步偏高
106,2377,微星,TWSE,電腦及週邊設備業,等待確認,續抱觀察,已有部位可續抱觀察，但暫不追價；若收盤跌破60日EMA約 135.16 且法人籌碼轉弱，先減碼三分之一。,53.6,88,153,153.25,-9.23,-7.56,,,,,15.78,2.32,2.78,20,-29,-674,-444,540,4091,-407,3657.548,13805.352,8605.855,45015.274999999994,-11.633,-679.577,166.423,2250.798,1,4,-102616127,1694.5100000000002,-22.649999999999864,16.71,110,16951,11893,,2987.57,12790.419,8462.082,37625.213,60.98,65.79,53.89,89.6,true,false,5.56,12.5,累計營收負成長且當月改善不足；20日累積後5日轉為調節；ETF 1/3日已轉為減碼；主動ETF 5日轉為減碼；投信20日買超後近5日轉賣
107,6505,台塑化,TWSE,油電燃氣業,等待確認,續抱觀察,已有部位可續抱觀察，但暫不追價；若收盤跌破60日EMA約 64.01 且法人籌碼轉弱，先減碼三分之一。,53.6,88,66.9,66.95,18.46,8.2,,,,,24.23,1.72,1.78,9,3,-4,820,8,6520,0,-1598.438,-14755.646999999999,5689.516000000003,84311.723,0,313.445,-841.345,10848.814,3,1,21188882,-577.676,-1580.319,7.14,-1661,13838,58118,,-1729.738,-14491.416000000001,8111.1799999999985,70985.032,46.06,9.07,15,-2.78,false,false,-5.76,-6.56,當下除權息調整價未守20日EMA；借券賣出與借券賣出餘額壓力升高
108,2891,中信金,TWSE,金融保險業,等待確認,續抱觀察,已有部位可續抱觀察，但暫不追價；若收盤跌破60日EMA約 63.93 且法人籌碼轉弱，先減碼三分之一。,53.3,92,65.7,65.35,-17.9,97.76,,,,,15.9,2.36,3.79,40,-1042,427,12326,32053,65336,-2717,14132.119,61171.19,75129.28300000001,171365.581,-979.876,145.09899999999993,17382.366,17034.079,2,3,9576534,1873.969,12014.817,34.97,18597,60661,83856,,15924.568,59152.121999999996,45732.1,139072.275,52.8,78.49,68.52,98.43,false,false,1.23,4.12,主動ETF 5日轉為減碼；20日趨勢尚未上彎
109,6213,聯茂,TWSE,電子零組件業,等待確認,續抱觀察,已有部位可續抱觀察，但暫不追價；若收盤跌破60日EMA約 300.45 且法人籌碼轉弱，先減碼三分之一。,53.2,86.8,375,375,47.94,25.62,,,,,83.37,5.88,0.88,12,0,109,57,265,793,30,2950.181,1001.4289999999999,-9080.010000000002,-14699.059000000003,0,-309,-1778,1681,1,2,-105369000,155.95500000000004,-807.847,15.95,3323,-6700,-5104,,2727.342,1154.4740000000006,-6494.1630000000005,-14681.476,61.25,68.8,43.57,119.26,false,false,18.06,56.58,ETF加碼，但外資持股5/10日同步下降；20日趨勢尚未上彎；短線過熱或乖離過大；高波動且5日漲幅過大；融資增幅與短線漲幅同步偏高
110,2881,富邦金,TWSE,金融保險業,等待確認,續抱觀察,已有部位可續抱觀察，但暫不追價；若收盤跌破60日EMA約 119.86 且法人籌碼轉弱，先減碼三分之一。,53.1,92,126,125.25,-53.65,466.35,,,,,17.81,1.98,3.28,35,-92,10644,18595,28133,43466,1582,4315.122,24331.306999999997,33692.136,62264.4,-749.258,14150.145,20275.176,29579.003,4,1,1832443778,-385.49900000000014,3779.8079999999995,18.43,5346,16027,24745,,5205.578,10566.661,9637.152,25605.279000000002,50.12,63.81,66.16,59.12,false,true,-0.54,1.61,當下除權息調整價未守20日EMA
111,2880,華南金,TWSE,金融保險業,等待確認,暫停加碼／跌破減碼,已有部位暫停加碼；若收盤跌破60日EMA約 38.46，且下一交易日仍未收復，先減碼三分之一；若ETF或外資繼續轉弱，再分批降低部位。,52.9,92,44,44.23,29.2,36.2,,,,,21.16,2.5,3.31,26,6058,23979,39913,72220,147554,5666,-2.311,11477.675,16760.497999999996,68211.516,6331,30968.084,56922.770000000004,99974.02900000001,5,0,1356402079,3151.8809999999994,18337.643999999997,13.86,-4354,-83539,-92111,,-5203.755,-22642.29,-58499.916,-80201.541,73.54,74.19,76.35,69.87,false,false,6.07,3.17,外資持股5/10日下降，且外資5日賣超
112,1477,聚陽,TWSE,紡織纖維,等待確認,暫停加碼／跌破減碼,已有部位暫停加碼；若收盤跌破60日EMA約 224.20，且下一交易日仍未收復，先減碼三分之一；若ETF或外資繼續轉弱，再分批降低部位。,52.7,100,226.5,226.25,0.53,-3.12,14.44,42.05,180.12,7.65,15.36,4.03,6.67,16,20,321,348,551,1466,321,-326.206,-676.319,-173.98799999999994,-1450.2019999999998,19.555,352.972,559.467,1504.4789999999998,5,0,79418700,-130.726,-16.508,18.69,-167,-2080,-3181,,-320.477,-898.5649999999998,-716.9469999999999,-2840.778,59.09,78.22,67.75,99.15,false,false,2.84,2.49,累計營收負成長且當月改善不足；外資持股5/10日下降，且外資5日賣超；20日趨勢尚未上彎
113,1708,東鹼,TWSE,化學工業,等待確認,暫停加碼／跌破減碼,已有部位暫停加碼；若收盤跌破60日EMA約 49.29，且下一交易日仍未收復，先減碼三分之一；若ETF或外資繼續轉弱，再分批降低部位。,52.4,68,49.65,49.68,3.25,11.5,,,,,14.87,1.69,3.19,1,0,1,22,169,639,0,241.092,-560.3690000000001,-642.163,-7070.77,0,22,169,639,3,1,1102200,-22.514000000000003,-110.11500000000001,9.73,188,-2568,-3294,,215.153,-559.855,-701.048,-7511.28,44.72,38.09,29.71,54.85,true,false,-2.96,7.47,外資持股5/10日下降，且外資5日賣超；20日趨勢尚未上彎；當下除權息調整價未守20日EMA
114,3008,大立光,TWSE,光電業,等待確認,暫停加碼／跌破減碼,"已有部位暫停加碼；若收盤跌破60日EMA約 3,913.84，且下一交易日仍未收復，先減碼三分之一；若ETF或外資繼續轉弱，再分批降低部位。",52.2,88,4600,4607.5,-10.46,11.26,,,,,28.56,3.24,1.75,39,143,196,427,663,1133,350,-18.047,-790.2379999999999,-1183.7689999999998,-2988.0519999999997,421,739.648,1530.71,2657.641,5,0,3383889600,62.54299999999999,-128.277,27.84,-285,-3444,-4839,,-389.081,-1592.429,-2586.2019999999998,-5547.852,60.78,75.55,61.47,103.69,false,false,10.68,23.82,外資持股5/10日下降，且外資5日賣超；短線過熱或乖離過大；高波動且5日漲幅過大
115,8039,台虹,TWSE,電子零組件業,等待確認,續抱觀察,已有部位可續抱觀察，但暫不追價；若收盤跌破60日EMA約 168.36 且法人籌碼轉弱，先減碼三分之一。,52,100,220,217,-6.57,2.45,6.25,32.38,237.55,1.56,69.84,5.18,0.9,3,0,267,267,267,267,267,1659.428,908.2279999999998,2335.705,14750.881,29,166,-1638,1448,3,1,36520000,-312.23299999999995,224.80600000000007,22.36,1169,2298,10379,,1134.497,1054.4610000000002,3748.8990000000003,11149.501,59.97,51.77,41.89,71.53,true,false,13.76,39.24,短線過熱或乖離過大；高波動且5日漲幅過大
116,6166,凌華,TWSE,電腦及週邊設備業,等待確認,續抱觀察,已有部位可續抱觀察，但暫不追價；若收盤跌破60日EMA約 126.40 且法人籌碼轉弱，先減碼三分之一。,51.8,88,143,142.75,25.89,41.08,,,,,38.5,5.23,0.86,1,0,0,0,0,0,0,391.899,-2288.848,307.8970000000004,1385.0490000000004,0,0.05,0.05,0.05,1,0,6950,250.074,253.382,22,387,879,1424,,372.293,-2538.972,54.46499999999969,1132.1529999999998,54.38,41.78,37.24,50.85,true,false,5.94,13.94,20日趨勢尚未上彎；高波動且5日漲幅過大
117,9921,巨大,TWSE,運動休閒,等待確認,續抱觀察,已有部位可續抱觀察，但暫不追價；若收盤跌破60日EMA約 79.03 且法人籌碼轉弱，先減碼三分之一。,51.8,88,88.4,89.65,15.98,-10.5,,,,,212.75,0.97,2.12,2,0,0,0,0,2,0,117.964,136.97300000000004,1351.531,3785.737,0,153,58,58,3,0,13020300,9.162000000000003,4.251000000000002,27.98,-3,473,985,,100.749,-25.189000000000032,1289.2799999999997,3551.678,63.34,52.44,42.13,73.05,true,false,5.52,2.67,估值高且成長不足以支撐
118,6472,保瑞,TWSE,生技醫療業,等待確認,續抱觀察,已有部位可續抱觀察，但暫不追價；若收盤跌破60日EMA約 409.28 且法人籌碼轉弱，先減碼三分之一。,51.7,85,418,415.75,39.22,-1.14,,,,,33.64,3.71,2.36,2,0,0,0,0,-4,0,670.789,1094.195,842.3439999999999,771.4009999999998,0,2,4,0,2,0,849000,79.991,-6.026000000000003,11.38,613,565,568,,579.04,1012.204,844.3700000000001,882.8010000000002,55.07,66.49,46.4,106.66,false,false,3.69,8.85,外資持股趨勢資料不足或期間有非市場異動；20日趨勢尚未上彎
119,2886,兆豐金,TWSE,金融保險業,等待確認,暫停加碼／跌破減碼,已有部位暫停加碼；若收盤跌破60日EMA約 46.01，且下一交易日仍未收復，先減碼三分之一；若ETF或外資繼續轉弱，再分批降低部位。,51.2,92,50.7,50.9,1.53,19.42,,,,,20.81,1.89,3.42,36,3515,13693,28138,51050,99936,6800,-3913.549,10429.297999999999,17845.886,90980.772,3718.872,18795.349,35073.282,67553.45199999999,5,0,962321869,3305.1499999999996,14437.680999999999,19.1,228,-40563,-33250,,-7854.11,-11671.201,-31665.076999999997,-17777.625999999997,62.51,61.07,71.71,39.77,false,false,2.82,-1.55,外資持股5/10日下降，且外資5日賣超；借券賣出與借券賣出餘額壓力升高
120,6409,旭隼,TWSE,其他電子業,等待確認,續抱觀察,已有部位可續抱觀察，但暫不追價；若收盤跌破60日EMA約 947.75 且法人籌碼轉弱，先減碼三分之一。,51,88,1005,1007.5,5.72,-8.79,,,,,27.59,8.18,3.82,12,-1,-2,5,75,555,0,-9.415,49.33700000000001,472.887,-462.24300000000005,-1.265,5.564,78.28,581.517,3,2,5358132,1.2430000000000003,-12.708000000000004,52.56,19,390,-102,,-13.393,42.52999999999999,407.31499999999994,-981.687,52.63,52.18,37.97,80.61,false,false,2.23,13.18,累計營收負成長且當月改善不足；ETF 1/3日已轉為減碼；20日趨勢尚未上彎
121,6226,光鼎,TWSE,光電業,等待確認,暫停加碼／跌破減碼,已有部位暫停加碼；若收盤跌破60日EMA約 18.58，且下一交易日仍未收復，先減碼三分之一；若ETF或外資繼續轉弱，再分批降低部位。,50.4,68,22.85,22.85,22.5,4,,,,,,2,,1,1,1,11,81,304,0,-2728,-2013.095,-1894.251,-4082.9849999999997,1,11,81,304,4,1,228800,-26.563,-18.168,6.21,-2692,-5267,-4521,,-2729,-1997.5320000000002,-1957.0830000000003,-4377.817,55.92,58.43,48.62,78.03,false,false,8.22,12.56,外資持股5/10日下降，且外資5日賣超；20日趨勢尚未上彎；高波動且5日漲幅過大
122,9941,裕融,TWSE,其他,等待確認,續抱觀察,已有部位可續抱觀察，但暫不追價；若收盤跌破60日EMA約 80.59 且法人籌碼轉弱，先減碼三分之一。,50.2,88,81.3,81.85,-4,-2.42,,,,,12.05,1.33,5.57,6,101,91,91,92,66,101,323.285,456.33400000000006,1326.325,3625.406,101,91,92,38.426,1,2,7489300,54,287.784,5.19,78,766,1026,,135,311.334,946.541,3239.685,48.14,36.63,36.09,37.72,true,false,-0.62,-0.12,累計營收負成長且當月改善不足；20日趨勢尚未上彎
123,2454,聯發科,TWSE,半導體業,等待確認,暫停加碼／跌破減碼,"已有部位暫停加碼；若收盤跌破60日EMA約 3,669.28，且下一交易日仍未收復，先減碼三分之一；若ETF或外資繼續轉弱，再分批降低部位。",49.4,100,3930,3922.5,2.8,-0.77,15.19,45.06,123.94,30.44,66.06,15.05,1.34,70,34,904,1812,2190,3217,701,1643.692,646.6469999999999,-2241.312,-5262.869000000001,-11.107,2006.11,1344.735,1523.3909999999998,4,1,8024440000,174.23999999999995,799.4380000000001,55.25,1878,-5213,-6278,,1846.903,-1533.7029999999997,-4385.485,-8233.657,53.86,74.98,62.48,99.99,false,false,4.73,21.48,累計營收負成長且當月改善不足；外資持股5/10日下降，且外資5日賣超；20日趨勢尚未上彎；短線過熱或乖離過大；高波動且5日漲幅過大
124,2889,國票金,TWSE,金融保險業,等待確認,續抱觀察,已有部位可續抱觀察，但暫不追價；若收盤跌破60日EMA約 15.36 且法人籌碼轉弱，先減碼三分之一。,49,92,15.25,15.25,100.04,130.05,,,,,19.94,1.2,3.84,2,0,0,3,10,-97,0,202.017,1637.473,2796.7560000000003,17659.448,0,3,10,1909,1,0,46050,-598.4639999999999,-271.08399999999995,9.53,139,7350,3788,,69,2232.937,3057.84,15758.532,42.05,33.48,42.33,15.79,false,true,-1.59,-2.56,當下除權息調整價未守20日EMA
125,2548,華固,TWSE,建材營造,等待確認,暫停加碼／跌破減碼,已有部位暫停加碼；若收盤跌破60日EMA約 101.42，且下一交易日仍未收復，先減碼三分之一；若ETF或外資繼續轉弱，再分批降低部位。,48.9,100,95.9,95.9,-88.82,181.43,20.15,61.37,222.93,2.81,7.53,1.5,8.81,1,0,0,0,0,-96,0,-2509.218,-3861.994,-5603.375,-7404.499,0,6,10,-88,3,0,579000,-130.79000000000002,-90.90000000000002,15.45,-2112,-3185,-2431,,-2486,-3737.204,-5522.475,-6892.0650000000005,41.77,32.64,44.52,8.88,false,false,-1.9,-3.23,外資持股5/10日下降，且外資5日賣超；當下除權息調整價未守20日EMA
126,2466,冠西電,TWSE,光電業,等待確認,暫停加碼／跌破減碼,已有部位暫停加碼；若收盤跌破60日EMA約 80.10，且下一交易日仍未收復，先減碼三分之一；若ETF或外資繼續轉弱，再分批降低部位。,48.3,68,96.1,95.6,53.03,-11.62,,,,,130.14,8.2,,1,0,1,15,114,430,0,209.027,-59.93900000000002,-602.148,-215.76300000000003,0,15,114,430,3,1,1444500,-8,-10,12.58,208,-812,-934,,208.027,-66.93900000000002,-706.148,-619.5909999999999,53.87,42.29,33.16,60.56,true,false,0.43,3.67,外資持股5/10日下降，且外資5日賣超；當下除權息調整價未守20日EMA
127,9917,中保科,TWSE,其他,等待確認,續抱觀察,已有部位可續抱觀察，但暫不追價；若收盤跌破60日EMA約 110.27 且法人籌碼轉弱，先減碼三分之一。,46.9,88,108,108.25,2.56,1.63,,,,,15.93,3.35,5.74,7,-2,0,0,178,972,0,-116.285,-88.44300000000001,1400.286,3523.3230000000003,-2,6,188,979,4,1,648000,-49.334999999999994,-2.3349999999999937,39.28,-113,981,1810,,-116.285,-45.108000000000004,1214.6209999999999,2549.0299999999997,44.01,25.16,41.78,-8.1,false,false,-0.92,-2.7,當下除權息調整價未守20日EMA
128,5876,上海商銀,TWSE,金融保險業,等待確認,暫停加碼／跌破減碼,已有部位暫停加碼；若收盤跌破60日EMA約 42.54，且下一交易日仍未收復，先減碼三分之一；若ETF或外資繼續轉弱，再分批降低部位。,46,92,43.35,43.45,-4.39,-1.56,,,,,14.02,1.03,4.08,20,186,-2301,-1278,6965,12112,-2780,-225.096,17711.138,43853.472,103102.799,279,-2557,-773,-3428,2,3,-112891550,-459.0440000000001,-2429.0860000000002,54.33,-533,55081,82774,,-176.883,20727.182,47055.55800000001,100238.14200000002,46.94,21.84,34.33,-3.13,false,false,-1.74,-3.24,累計營收負成長且當月改善不足；20日累積後5日轉為調節；主動ETF 5日轉為減碼；投信5/10日持續且具金額意義的賣超；當下除權息調整價未守20日EMA
129,2484,希華,TWSE,電子零組件業,等待確認,暫停加碼／跌破減碼,已有部位暫停加碼；若收盤跌破60日EMA約 65.65，且下一交易日仍未收復，先減碼三分之一；若ETF或外資繼續轉弱，再分批降低部位。,44.7,85,71.1,70.85,-1.4,-2.65,10.26,19.25,453.99,0.86,50.72,2.74,0.99,1,3,1,14,113,428,0,-4009.929,-2475.62,-1196.3010000000002,-9822.017,3,14,113,428,3,1,987000,41.70399999999999,43.486999999999995,4.3,-4011,-4159,-6183,,-4041.155,-2531.324,-1352.7880000000002,-10222.08,50.17,56.33,38.59,91.83,false,false,0.65,23.44,累計營收負成長且當月改善不足；外資持股5/10日下降，且外資5日賣超；20日趨勢尚未上彎；短線過熱或乖離過大；高波動且5日漲幅過大；融資增幅與短線漲幅同步偏高
130,3576,聯合再生,TWSE,光電業,等待確認,續抱觀察,已有部位可續抱觀察，但暫不追價；若收盤跌破60日EMA約 17.58 且法人籌碼轉弱，先減碼三分之一。,41.4,88,17.35,17.38,-9.51,-24.09,,,,,43.45,2.27,,1,0,0,0,0,0,0,1151.221,-3258.146,-4768.968000000001,54619.488,0,0,0,0,0,0,0,-97.999,57.001000000000005,14.41,1180,14538,49759,,1180.22,-3160.147,-4825.969,54622.487,50.08,50.9,36.56,79.56,true,false,0.4,10.86,累計營收負成長且當月改善不足
131,8112,至上,TWSE,電子通路業,暫不承接,暫停加碼／跌破減碼,已有部位暫停加碼；若收盤跌破60日EMA約 86.22，且下一交易日仍未收復，先減碼三分之一；若ETF或外資繼續轉弱，再分批降低部位。,73,88,88.3,87.95,231.17,153.98,,,,,10.39,2.46,4.41,7,-633,-637,-637,-813,-1199,0,3821.486,15476.938999999997,1990.3659999999954,-118.25400000000445,-632.498,-636.994,-812.994,-3018.4790000000003,0,2,-54908883,2.715999999999987,-624.473,15.78,4018,23751,22824,,4745.807,16111.216999999999,3427.8329999999987,4499.555,54.88,66.44,48.89,101.55,false,false,4.32,16.8,ETF短中期同步減碼；ETF 1/3日已轉為減碼；20日趨勢尚未上彎
132,2637,慧洋-KY,TWSE,航運業,暫不承接,暫停加碼／跌破減碼,已有部位暫停加碼；若收盤跌破60日EMA約 78.55，且下一交易日仍未收復，先減碼三分之一；若ETF或外資繼續轉弱，再分批降低部位。,69,87.7,85.1,85.35,57.92,32.32,,,,,12.01,1.26,4.1,7,-8,-750,-753,-728,23,-739,1272.325,3211.5350000000003,4545.485000000001,15954.012,-8,903,2836,5582.866,3,2,77116200,-6.498000000000001,47.88799999999999,24.91,1393,1069,1687,,1387.953,2315.0330000000004,1661.5970000000004,10337.459,60.33,68.99,58.66,89.66,false,false,4.26,8.96,ETF短中期同步減碼；20日累積後5日轉為調節；ETF 1/3日已轉為減碼；主動ETF 5日轉為減碼
133,2027,大成鋼,TWSE,鋼鐵工業,暫不承接,停止加碼／開始減碼,已有部位先停止加碼。反彈若仍未站回 43.15，分批降低部位；只有站回且ETF／外資賣壓收斂後才重新評估。,66.6,88,46.45,46.33,43.73,30.28,,,,,12.97,1.32,3.38,9,764,-1917,-1418,-83,11771,734,4191.738,4410.402,13832.489000000001,62926.86499999999,811.702,-3074.5999999999995,-2341.6749999999993,5512.644000000001,2,3,-136358510,-268.1199999999999,80.04000000000002,22.32,3489,43715,65202,,3480.395,7753.121999999999,16094.123999999998,54015.393,66.7,75.53,69.47,87.67,true,true,7.65,6.29,ETF短中期同步減碼；20日累積後5日轉為調節；投信5/10日持續且具金額意義的賣超
134,5388,中磊,TWSE,通信網路業,暫不承接,暫停加碼／跌破減碼,已有部位暫停加碼；若收盤跌破60日EMA約 84.49，且下一交易日仍未收復，先減碼三分之一；若ETF或外資繼續轉弱，再分批降低部位。,65.2,88,91,91.05,70.83,58.09,,,,,22.9,1.75,2.73,2,-3,-6,-6,-6,-8,0,2889.577,5560.764999999999,7803.408,19009.006,-2.684,-5.365,-5.365,363.965,0,2,-491434,-31.995000000000005,-577.365,25.38,2869,11250,15122,,2834.295,5598.125,8386.137999999999,18678.011,59.03,63.72,51.75,87.68,true,false,5.43,15.04,ETF短中期同步減碼；ETF 1/3日已轉為減碼；官方重大訊息出現高風險關鍵字，須查原文
135,6782,視陽,TWSE,生技醫療業,暫不承接,暫停加碼／跌破減碼,已有部位暫停加碼；若收盤跌破60日EMA約 194.78，且下一交易日仍未收復，先減碼三分之一；若ETF或外資繼續轉弱，再分批降低部位。,65.1,100,205,205,45.95,23.39,29.03,35.02,110.57,8.45,12.06,2.82,4.22,1,-31,-31,-31,-31,-31,-31,417.181,530.17,98.22099999999989,-64.11400000000009,-31,-31,-31,69,0,1,-6169000,-8.39,-37.702999999999996,8.26,449,-250,-344,,448,569.5600000000001,166.9240000000001,-182.4429999999999,62.85,80.4,61.45,118.31,false,false,6.82,14.53,ETF短中期同步減碼；ETF 1/3日已轉為減碼；主動ETF 5日轉為減碼；20日趨勢尚未上彎
136,2606,裕民,TWSE,航運業,暫不承接,暫停加碼／跌破減碼,已有部位暫停加碼；若收盤跌破60日EMA約 63.31，且下一交易日仍未收復，先減碼三分之一；若ETF或外資繼續轉弱，再分批降低部位。,65.1,87.9,64.5,64.35,35.52,26.3,,,,,12.38,1.34,4.34,8,0,-501,-505,-1203,-4644,-501,2198.367,7496.068,11597.788,21077.594,0,-848,-1537,-4982,1,2,-54696000,132.835,-4.519999999999996,20.08,2081,17245,19930,,2109.569,8211.233,13139.308,26211.338000000003,56.27,70.16,58.46,93.54,false,false,2.37,6.26,ETF短中期同步減碼；主動ETF 5日轉為減碼
137,2618,長榮航,TWSE,航運業,暫不承接,停止加碼／開始減碼,已有部位先停止加碼。反彈若仍未站回 42.35，分批降低部位；只有站回且ETF／外資賣壓收斂後才重新評估。,65,88,43.15,43.18,26.58,16.36,,,,,8.31,1.75,4.57,28,-242,-5245,-3607,-3461,-32617,-3500,22357.717,114251.299,199628.432,438375.83400000003,-133.929,-5111.532,-8629.5,-59683.669,1,4,-223885102,-136.7819999999997,1263.0140000000001,31.47,23883,239112,340139,,23852.111,119499.613,206994.91799999998,499904.209,56.67,74.54,72.04,79.53,false,false,1.89,3.35,ETF短中期同步減碼；ETF 1/3日已轉為減碼；主動ETF 5日轉為減碼；投信5/10日持續且具金額意義的賣超
138,3209,全科,TWSE,電子通路業,暫不承接,暫停加碼／跌破減碼,已有部位暫停加碼；若收盤跌破60日EMA約 58.60，且下一交易日仍未收復，先減碼三分之一；若ETF或外資繼續轉弱，再分批降低部位。,63.4,88,58.5,58.45,170.41,44.35,,,,,16.35,2.64,4.26,1,0,0,0,-67,-342,0,-244.669,597.614,530.266,-1847.094,0,0,-67,-342,0,0,0,-17.708999999999996,-14.336999999999993,18.31,-254,60,-812,,-270.865,615.323,611.603,-1452.448,51.36,71.83,58.87,97.76,false,false,1.82,11.85,中期趨勢仍向下；20日趨勢尚未上彎
139,6414,樺漢,TWSE,電腦及週邊設備業,暫不承接,暫停加碼／跌破減碼,已有部位暫停加碼；若收盤跌破60日EMA約 394.83，且下一交易日仍未收復，先減碼三分之一；若ETF或外資繼續轉弱，再分批降低部位。,62.6,88,469.5,463.5,56.97,23.33,,,,,21.79,2.6,2.94,9,-29,-29,-29,-29,-51,0,-369.777,-100.72000000000014,2569.116,6076.447,-29,-29,-49,109,0,1,-13601000,54.69000000000002,-61.39999999999998,47.51,-426,3494,5986,,-432.233,-126.40999999999997,2679.5159999999996,7085.037,61.66,47.35,42.29,57.47,true,false,8.38,16.5,ETF短中期同步減碼；ETF 1/3日已轉為減碼；高波動且5日漲幅過大
140,4967,十銓,TWSE,半導體業,暫不承接,暫停加碼／跌破減碼,已有部位暫停加碼；若收盤跌破60日EMA約 246.44，且下一交易日仍未收復，先減碼三分之一；若ETF或外資繼續轉弱，再分批降低部位。,62.5,88,279,278.75,35,67.74,,,,,6.8,3.18,3.77,2,0,-30,-29,-29,367,0,1396.923,2815.803,2372.608,2743.4359999999997,-0.3,-27.29,-27.29,368.71000000000004,3,2,-7245495,293.76300000000003,284.043,9.28,1229,1977,3400,,1336.29,2549.3299999999995,2115.854999999999,2418.266999999999,67.99,90.14,81.14,108.13,false,false,16.68,31.29,ETF短中期同步減碼；20日累積後5日轉為調節；短線過熱或乖離過大
141,2337,旺宏,TWSE,半導體業,暫不承接,停止加碼／開始減碼,已有部位先停止加碼。反彈若仍未站回 135.30，分批降低部位；只有站回且ETF／外資賣壓收斂後才重新評估。,61.7,100,129,129,216.09,128.76,36.83,35.77,235.89,4.82,27.84,3.76,,12,200,65,61,-5125,-4686,-182,-26382.079,-38287.312,-72022.26899999999,-87652.97299999998,10582,9177,-1263,1321,2,2,1078297500,-1933.238,-1695.9170000000001,22.59,-34580,-61539,-79815,,-35273.087,-45531.074,-69063.352,-89792.738,50.95,64.48,42.89,107.66,false,false,4.68,40.52,中期趨勢仍向下；主動ETF 5日轉為減碼；外資持股5/10日下降，且外資5日賣超；20日趨勢尚未上彎；短線過熱或乖離過大；高波動且5日漲幅過大；借券賣出與借券賣出餘額壓力升高
142,3005,神基,TWSE,電腦及週邊設備業,暫不承接,停止加碼／開始減碼,已有部位先停止加碼。反彈若仍未站回 111.94，分批降低部位；只有站回且ETF／外資賣壓收斂後才重新評估。,61.7,88,115,114.75,28.59,7.54,,,,,14.11,3.06,5.9,14,-30,-359,-158,-120,-422,-364,449.575,4834.005,5723.758,12566.593,-17.545,-341.67100000000005,-413.27200000000005,-1757.958,2,3,-39292165,61.85000000000002,23.540000000000028,14.52,293,5326,7849,,529.886,5113.826,6113.490000000001,13231.264000000001,58.33,71.65,60.21,94.51,false,false,2.73,4.55,ETF短中期同步減碼；ETF 1/3日已轉為減碼；主動ETF 5日轉為減碼；投信5/10日持續且具金額意義的賣超
143,3028,增你強,TWSE,電子通路業,暫不承接,暫停加碼／跌破減碼,已有部位暫停加碼；若收盤跌破60日EMA約 70.39，且下一交易日仍未收復，先減碼三分之一；若ETF或外資繼續轉弱，再分批降低部位。,61.6,76,71.5,71.95,65.62,93.18,,,,,14.03,2.67,4.18,2,-3,-6,-6,-27,2,0,620.009,1148.855,-322.1460000000001,-4357.403,-4.928,-0.8140000000000001,-21.814,7.2719999999999985,2,2,-58364,-3.487000000000002,-277.15,11.69,572,-1400,-1997,,615.738,1153.156,-23.182000000000016,-4009.182,54,75.82,54.19,119.08,false,false,5.32,25.22,ETF短中期同步減碼；20日累積後5日轉為調節；ETF 1/3日已轉為減碼；20日趨勢尚未上彎；短線過熱或乖離過大；高波動且5日漲幅過大
144,3022,威強電,TWSE,電腦及週邊設備業,暫不承接,暫停加碼／跌破減碼,已有部位暫停加碼；若收盤跌破60日EMA約 83.42，且下一交易日仍未收復，先減碼三分之一；若ETF或外資繼續轉弱，再分批降低部位。,61.5,88,100,99.4,79.97,18.78,,,,,27.65,1.5,3.59,2,-3,-6,-6,-6,-8,0,484.798,1132.3129999999999,2293.211,6384.7119999999995,-2.622,-5.241,-5.241,-7.849,0,2,-511522,235.90099999999998,173.51199999999997,21.82,323,5370,5489,,310.267,901.653,2124.94,6095.654,65.4,78.82,68.15,100.18,true,false,11.5,19.76,ETF短中期同步減碼；ETF 1/3日已轉為減碼
145,2382,廣達,TWSE,電腦及週邊設備業,暫不承接,暫停加碼／跌破減碼,已有部位暫停加碼；若收盤跌破60日EMA約 336.28，且下一交易日仍未收復，先減碼三分之一；若ETF或外資繼續轉弱，再分批降低部位。,61.5,85,303,302.25,102.87,86.48,,,,,15.28,5.65,5.13,47,-17,-686,2019,8302,22273,-399,-4216.633,-35793.839,-34022.901999999995,-30935.232999999997,-10.065,140.97299999999996,5005.409,14057.903999999999,2,3,42855792,-645.4630000000002,-587.5750000000003,17.89,-3240,-28022,-20568,,-3355.631,-35289.349,-38440.736000000004,-40847.632000000005,37.53,38.17,29.02,56.47,false,false,-5.76,8.6,中期趨勢仍向下；ETF 1/3日已轉為減碼；主動ETF 5日轉為減碼；外資持股趨勢資料不足或期間有非市場異動；20日趨勢尚未上彎；當下除權息調整價未守20日EMA；融資增幅與短線漲幅同步偏高
146,3413,京鼎,TWSE,半導體業,暫不承接,暫停加碼／跌破減碼,已有部位暫停加碼；若收盤跌破60日EMA約 322.46，且下一交易日仍未收復，先減碼三分之一；若ETF或外資繼續轉弱，再分批降低部位。,60.8,88,318.5,316.75,39.75,17.7,,,,,17.07,2.24,3.42,3,0,0,0,0,0,0,212.314,1520.073,-999.0969999999999,932.335,0,30,30,118,1,0,9645000,134.98100000000002,-343.01,28.01,133,-636,1535,,206.037,1355.0919999999999,-686.0870000000002,939.126,48.06,55.03,40.13,84.84,false,false,-1.28,12.74,中期趨勢仍向下；20日趨勢尚未上彎；當下除權息調整價未守20日EMA；高波動且5日漲幅過大
147,2323,中環,TWSE,光電業,暫不承接,暫停加碼／跌破減碼,已有部位暫停加碼；若收盤跌破60日EMA約 10.68，且下一交易日仍未收復，先減碼三分之一；若ETF或外資繼續轉弱，再分批降低部位。,60.2,88,10.25,10.23,38.84,16.06,,,,,4.72,0.6,1.94,1,0,0,45,67,78,0,-727.798,3946.7310000000007,-10916.351,-24016.684,0,45,67,78,2,0,463500,96.19400000000002,-809.156,10.37,-762,-4190,-14948,,-762.798,3805.5370000000003,-10174.195,-21209.528,46.23,65.46,49.53,97.33,false,false,-1.17,9.28,中期趨勢仍向下；ETF加碼，但外資持股5/10日同步下降；20日趨勢尚未上彎；當下除權息調整價未守20日EMA
148,3515,華擎,TWSE,電腦及週邊設備業,暫不承接,停止加碼／開始減碼,已有部位先停止加碼。反彈若仍未站回 217.53，分批降低部位；只有站回且ETF／外資賣壓收斂後才重新評估。,59.8,88,213.5,214.25,47.6,4.43,,,,,13.22,2.3,5.25,3,-1,-2,-2,-2,-3,0,210.766,316.875,148.25300000000001,892.193,-0.904,-1.807,-1.807,-2.706,0,2,-378566,-13.708999999999998,-21.656,8.19,239,557,909,,209.433,332.391,171.71599999999998,922.5799999999999,54.19,65.16,46.94,101.6,true,false,3.66,12.66,中期趨勢仍向下；ETF短中期同步減碼；ETF 1/3日已轉為減碼；20日趨勢尚未上彎
149,8016,矽創,TWSE,半導體業,暫不承接,停止加碼／開始減碼,已有部位先停止加碼。反彈若仍未站回 291.97，分批降低部位；只有站回且ETF／外資賣壓收斂後才重新評估。,59.8,88,309.5,309.25,26.61,28.95,,,,,18.37,3,3.93,12,-69,-416,-271,-273,231,-285,340.011,596.8100000000001,729.86,1739.243,-68.771,-270.54100000000005,-272.54100000000005,115.49599999999992,1,3,-79133243,26.982,-19.489000000000004,44.57,351,1176,1309,,376.965,840.369,1021.89,1855.213,55.72,63.9,45.35,100.99,false,false,6,21.61,ETF短中期同步減碼；20日累積後5日轉為調節；ETF 1/3日已轉為減碼；主動ETF 5日轉為減碼；投信5/10日持續且具金額意義的賣超；20日趨勢尚未上彎；短線過熱或乖離過大
150,6005,群益證,TWSE,金融保險業,暫不承接,停止加碼／開始減碼,已有部位先停止加碼。反彈若仍未站回 34.90，分批降低部位；只有站回且ETF／外資賣壓收斂後才重新評估。,59.7,92,34.55,34.53,101.2,127.6,,,,,9.73,1.57,4.91,8,-14,3385,3389,-1435,-24392,3396,-2777.773,-1391.556,-10525.753,-40588.873999999996,-13.398,3428.401,-1361.495,-24343.268,4,1,119479775,0,0,18.79,-2736,-3019,-5030,,-2764.375,-4819.957,-9164.258,-16246.606,47.14,64.48,58.41,76.62,false,false,-0.59,5.5,中期趨勢仍向下；外資持股5/10日下降，且外資5日賣超；20日趨勢尚未上彎；當下除權息調整價未守20日EMA
151,6202,盛群,TWSE,半導體業,暫不承接,暫停加碼／跌破減碼,已有部位暫停加碼；若收盤跌破60日EMA約 59.18，且下一交易日仍未收復，先減碼三分之一；若ETF或外資繼續轉弱，再分批降低部位。,59.6,100,58.2,58.2,30.93,11.58,11.26,29.68,345.14,0.94,50.08,3.42,1.13,4,30,404,404,408,431,374,1158.743,4040.886,1419.4259999999997,3514.3179999999993,30,404,408,431,2,0,24280400,43.32300000000001,-195.82399999999998,15.41,813,770,-5288,,1057.999,3593.563,1207.25,3568.41,49.39,73.91,59.52,102.68,false,false,0.66,19.75,中期趨勢仍向下；20日趨勢尚未上彎；高波動且5日漲幅過大
152,8131,福懋科,TWSE,半導體業,暫不承接,暫停加碼／跌破減碼,已有部位暫停加碼；若收盤跌破60日EMA約 67.92，且下一交易日仍未收復，先減碼三分之一；若ETF或外資繼續轉弱，再分批降低部位。,59.5,100,63.7,63.35,60.87,40.86,15.72,21.17,277.62,1.93,19.13,1.9,1.52,3,0,0,0,1,-145,0,750.76,2341.326,-7591.7480000000005,-13186.469000000001,0,0,1,-145,0,0,0,79.098,-259.075,4.3,451,-3134,-4158,,771.13,2262.228,-7333.673,-12381.957999999999,46.74,57.34,40.89,90.22,false,false,-2.33,24.66,中期趨勢仍向下；20日趨勢尚未上彎；當下除權息調整價未守20日EMA；短線過熱或乖離過大；高波動且5日漲幅過大；借券賣出與借券賣出餘額壓力升高
153,2884,玉山金,TWSE,金融保險業,暫不承接,暫停加碼／跌破減碼,已有部位暫停加碼；若收盤跌破60日EMA約 35.00，且下一交易日仍未收復，先減碼三分之一；若ETF或外資繼續轉弱，再分批降低部位。,59.5,92,38,37.92,25.3,24.84,,,,,17.32,2.16,3.67,30,163,617,11773,22820,57045,418,-1776.201,37448.556,68565.492,237774.637,-135.085,1016.6799999999998,4090.7050000000004,10532.525000000001,2,3,38735508,-290.302,9098.199,31.99,-6355,69056,169908,,-903.336,36722.178,55376.58800000001,199056.026,66.38,74.06,76.84,68.5,false,true,3.66,0.8,
154,6206,飛捷,TWSE,電腦及週邊設備業,暫不承接,暫停加碼／跌破減碼,已有部位暫停加碼；若收盤跌破60日EMA約 127.28，且下一交易日仍未收復，先減碼三分之一；若ETF或外資繼續轉弱，再分批降低部位。,59.4,88,143.5,144,26.29,24.61,,,,,20.76,3.82,3.72,7,-2,-7,-45,-45,447,-47,2048.805,4128.521999999999,5013.021999999999,4117.995999999999,-1.645,-45.288,-45.288,446.382,1,4,-6702624,1.2540000000000013,-29.765,18.64,1958,5652,4392,,1955.953,4172.556,5088.074999999999,3902.436999999999,61.54,73.24,64.64,90.43,false,false,9.51,21.61,ETF短中期同步減碼；20日累積後5日轉為調節；ETF 1/3日已轉為減碼；主動ETF 5日轉為減碼；短線過熱或乖離過大；融資增幅與短線漲幅同步偏高
155,6285,啟碁,TWSE,通信網路業,暫不承接,暫停加碼／跌破減碼,已有部位暫停加碼；若收盤跌破60日EMA約 248.72，且下一交易日仍未收復，先減碼三分之一；若ETF或外資繼續轉弱，再分批降低部位。,59.3,100,245.5,245.25,84.37,22.8,5,65.98,133.19,5.75,38.35,3.6,1.65,16,-10,128,295,216,64,139,410.414,2514.14,3552.3240000000005,4299.513000000001,0,-556.17,-718.17,-3148.17,2,2,-144604200,223.71599999999998,-250.188,24.37,369,4915,3246,,329.14,2846.5940000000005,4520.682000000001,7027.944,49.65,69.62,58.02,92.81,false,false,0.55,20.34,中期趨勢仍向下；20日趨勢尚未上彎；短線過熱或乖離過大；高波動且5日漲幅過大
156,2436,偉詮電,TWSE,半導體業,暫不承接,停止加碼／開始減碼,已有部位先停止加碼。反彈若仍未站回 64.83，分批降低部位；只有站回且ETF／外資賣壓收斂後才重新評估。,59.2,88,61.4,61.15,18.28,28.04,,,,,18.1,2.77,3.21,2,0,0,30,45,47,0,-1530.996,15.864000000000004,-1850.105,-7063.964,0,30,45,47,1,0,1830000,176.218,-83.50100000000002,10.06,-1220,-1436,-4846,,-1623.495,-190.35399999999996,-1811.6039999999998,-6423.195,49.77,71.6,53.59,107.63,false,false,2.09,21.58,中期趨勢仍向下；外資持股5/10日下降，且外資5日賣超；20日趨勢尚未上彎；短線過熱或乖離過大
157,3010,華立,TWSE,電子通路業,暫不承接,停止加碼／開始減碼,已有部位先停止加碼。反彈若仍未站回 122.82，分批降低部位；只有站回且ETF／外資賣壓收斂後才重新評估。,58.8,88,119,119.75,13.92,17.66,,,,,12.69,1.3,4.45,5,-2,-3,-3,-5,-11,0,307.085,602.438,-352.5090000000001,-1393.6000000000001,-1.726,2.55,4.55,-3.1670000000000003,3,1,303450,105.863,63.56300000000001,19.41,295,284,124,,294.72,494.0250000000001,-420.62199999999984,-1413.1889999999999,50.59,68.77,56.11,94.08,false,false,1.37,10.19,中期趨勢仍向下；ETF短中期同步減碼；ETF 1/3日已轉為減碼；20日趨勢尚未上彎
158,2363,矽統,TWSE,半導體業,暫不承接,暫停加碼／跌破減碼,已有部位暫停加碼；若收盤跌破60日EMA約 58.53，且下一交易日仍未收復，先減碼三分之一；若ETF或外資繼續轉弱，再分批降低部位。,58.7,88,52.5,52.55,74.8,99.91,,,,,31,1.33,1.14,2,0,0,100,124,170,0,1087.029,1343.3730000000003,-3518.263,-16160.627,0,100,124,170,1,0,5270000,897.1189999999999,389.4549999999999,7.11,177,1327,-2227,,263.67,346.25400000000013,-4031.718,-16202.91,42.54,51.92,36.5,82.78,false,false,-4.42,17.19,中期趨勢仍向下；20日趨勢尚未上彎；當下除權息調整價未守20日EMA；高波動且5日漲幅過大
159,8926,台汽電,TWSE,油電燃氣業,暫不承接,停止加碼／開始減碼,已有部位先停止加碼。反彈若仍未站回 65.18，分批降低部位；只有站回且ETF／外資賣壓收斂後才重新評估。,58.4,88,63.3,63.35,1719.48,712.57,,,,,15.51,2.65,3.35,5,1,-4,13,482,271,0,-1013.244,-6012.295,-7339.985000000001,-18508.192000000003,1,26.691000000000003,509.12800000000004,289.12800000000004,3,1,1689540,-177.041,-156.87800000000001,8.01,-934,-5798,-7587,,-1016.175,-5861.945,-7692.235,-18728.295,42.74,53.16,36.43,86.61,false,false,-2.38,7.65,中期趨勢仍向下；外資持股5/10日下降，且外資5日賣超；20日趨勢尚未上彎；當下除權息調整價未守20日EMA
160,3044,健鼎,TWSE,電子零組件業,暫不承接,停止加碼／開始減碼,已有部位先停止加碼。反彈若仍未站回 439.09，分批降低部位；只有站回且ETF／外資賣壓收斂後才重新評估。,58.2,88,398,397.75,41.97,30.8,,,,,19.36,3.59,3.19,22,-43,106,355,550,409,74,-466.803,-1452.868,-3478.651,-6055.048,67.986,529.0550000000001,578.9330000000001,-719.6349999999999,5,0,210828418,82.09599999999999,232.75999999999996,49.54,-552,-4152,-4963,,-535.957,-2064.019,-4290.343999999999,-5488.129999999999,44.77,69.01,51.38,104.26,false,false,-1.26,16.37,中期趨勢仍向下；外資持股5/10日下降，且外資5日賣超；20日趨勢尚未上彎；當下除權息調整價未守20日EMA
161,2308,台達電,TWSE,電子零組件業,暫不承接,暫停加碼／跌破減碼,"已有部位暫停加碼；若收盤跌破60日EMA約 1,866.06，且下一交易日仍未收復，先減碼三分之一；若ETF或外資繼續轉弱，再分批降低部位。",58.1,100,1675,1670,55.43,41.02,17.22,53.58,159.95,17.59,52.51,14.59,0.7,55,-90,-866,1880,3462,7401,293,260.498,-5359.797,-12481.368999999999,-18796.968,-78.077,631.0170000000002,69.4230000000002,4238.925,2,3,1041178050,948.2459999999999,1592.455,62.32,8,-16084,-25590,,117.818,-6939.0599999999995,-14143.247,-25767.156,43.43,48,37.53,68.93,true,false,-3.22,9.48,中期趨勢仍向下；ETF 1/3日已轉為減碼；外資持股趨勢資料不足或期間有非市場異動；20日趨勢尚未上彎；當下除權息調整價未守20日EMA；融資增幅與短線漲幅同步偏高
162,9958,世紀鋼,TWSE,鋼鐵工業,暫不承接,停止加碼／開始減碼,已有部位先停止加碼。反彈若仍未站回 111.54，分批降低部位；只有站回且ETF／外資賣壓收斂後才重新評估。,58.1,88,110,109.75,64.09,29.18,,,,,13.65,2.3,4.21,3,0,-233,-233,-224,71,-233,234.465,1025.857,1949.3580000000002,1076.6419999999998,0,-227,-214,79,2,2,-24289000,-56.596000000000004,-182.71800000000002,10.14,-235,1711,1122,,223.866,1309.453,2346.0759999999996,1048.0289999999995,49.42,51.63,35.5,83.89,false,false,0.44,8.37,中期趨勢仍向下；ETF短中期同步減碼；20日累積後5日轉為調節；主動ETF 5日轉為減碼；20日趨勢尚未上彎
163,1795,美時,TWSE,生技醫療業,暫不承接,停止加碼／開始減碼,已有部位先停止加碼。反彈若仍未站回 198.33，分批降低部位；只有站回且ETF／外資賣壓收斂後才重新評估。,57.5,88,187.5,187.25,225.46,84.17,,,,,12.96,2.08,1.42,2,0,-153,-153,-152,-125,-153,546.645,1343.743,595.4890000000003,-1354.8339999999996,0,-147,-142,-117,2,2,-27930000,-57.82800000000002,-181.98700000000002,52.35,282,1182,1351,,566.19,1548.5710000000001,919.4760000000001,-631.5239999999999,48.47,67.68,45.88,111.29,false,false,0.08,8.38,中期趨勢仍向下；ETF短中期同步減碼；主動ETF 5日轉為減碼；20日趨勢尚未上彎；當下除權息調整價未守20日EMA
164,6196,帆宣,TWSE,其他電子業,暫不承接,暫停加碼／跌破減碼,已有部位暫停加碼；若收盤跌破60日EMA約 494.96，且下一交易日仍未收復，先減碼三分之一；若ETF或外資繼續轉弱，再分批降低部位。,57.5,88,503,502.5,120.99,39.48,,,,,32.42,6.42,1.27,12,0,-92,-88,-21,-894,-91,145.076,61.01100000000001,613.5970000000001,1117.0950000000003,-0.35,-79,57,-822,3,2,-40211000,81.949,9.728999999999994,17.84,78,758,1218,,100.308,58.06200000000002,546.868,2133.573,47.69,53.47,40.91,78.6,false,false,-1.24,15.37,ETF短中期同步減碼；主動ETF 5日轉為減碼；20日趨勢尚未上彎；當下除權息調整價未守20日EMA
165,1717,長興,TWSE,化學工業,暫不承接,暫停加碼／跌破減碼,已有部位暫停加碼；若收盤跌破60日EMA約 68.94，且下一交易日仍未收復，先減碼三分之一；若ETF或外資繼續轉弱，再分批降低部位。,57.5,85,66.5,66.55,16.21,8.32,,,,,44.93,2.71,1.5,5,364,865,1068,1071,1085,1058,3940.964,6795.5109999999995,1336.3669999999997,-25899.129,363.575,2430.942,3370.68,3368.299,5,0,161657643,683.0459999999999,-960.553,10.75,3298,-1148,-9476,,3293.592,3681.5229999999997,-1073.7600000000002,-26545.141,51.23,78.75,59.02,118.19,false,false,3.06,19.39,中期趨勢仍向下；外資持股趨勢資料不足或期間有非市場異動；20日趨勢尚未上彎
166,4915,致伸,TWSE,電子零組件業,暫不承接,暫停加碼／跌破減碼,已有部位暫停加碼；若收盤跌破60日EMA約 68.97，且下一交易日仍未收復，先減碼三分之一；若ETF或外資繼續轉弱，再分批降低部位。,57.4,88,61.9,61.75,27.58,12.84,,,,,12.09,1.38,7.17,11,0,-10,892,1712,-835,0,129.146,1322.838,429.787,1096.3339999999998,0,892,1712,-728.749,1,2,56820400,-56.259,-24.519,26.73,345,-795,1643,,125,487.097,-1257.694,1841.306,32.19,31.24,37.53,18.67,false,true,-5.23,-2.67,中期趨勢仍向下；20日趨勢尚未上彎；當下除權息調整價未守20日EMA
167,3034,聯詠,TWSE,半導體業,暫不承接,停止加碼／開始減碼,已有部位先停止加碼。反彈若仍未站回 512.67，分批降低部位；只有站回且ETF／外資賣壓收斂後才重新評估。,57.3,100,543,542.5,18.96,-2.75,20.26,42.09,222.47,16.59,19.19,4.85,4.18,50,-412,-842,-329,-530,-1053,-295,2301.708,5495.309,10315.435000000001,24214.295,-399.888,-500.0189999999999,-817.2379999999998,-2477.459,1,4,-275010450,89.41499999999999,202.86399999999998,41.95,2997,17476,30832,,2746.894,5905.913,10929.809,28023.565,60.07,71.94,71.75,72.34,false,false,5.92,10.59,ETF短中期同步減碼；ETF 1/3日已轉為減碼；主動ETF 5日轉為減碼；投信5/10日持續且具金額意義的賣超；20日趨勢尚未上彎
168,2351,順德,TWSE,半導體業,暫不承接,暫停加碼／跌破減碼,已有部位暫停加碼；若收盤跌破60日EMA約 173.31，且下一交易日仍未收復，先減碼三分之一；若ETF或外資繼續轉弱，再分批降低部位。,57.1,88,172,172,51.72,24.21,,,,,74.78,4.25,0.61,3,155,738,738,721,1324,738,-292.215,-348.42699999999996,3924.964,6500.878,155,301,-837,-232,2,2,50869000,68.75800000000001,-154.31599999999997,21.14,-493,4793,6279,,-470.985,-718.185,4916.280000000001,7359.261,50.3,73.18,53.16,113.21,false,false,2.76,28.84,中期趨勢仍向下；20日趨勢尚未上彎；短線過熱或乖離過大；高波動且5日漲幅過大
169,5469,瀚宇博,TWSE,電子零組件業,暫不承接,暫停加碼／跌破減碼,已有部位暫停加碼；若收盤跌破60日EMA約 78.29，且下一交易日仍未收復，先減碼三分之一；若ETF或外資繼續轉弱，再分批降低部位。,57,88,70.3,70.15,15.36,24.52,,,,,12.29,0.91,3.58,4,0,0,0,0,1003,0,303.499,-195.519,-313.961,-7722.421,0,11,19,1016,3,0,774400,-245.97899999999998,-265.07599999999996,8.88,332,728,1094,,303.868,39.45999999999998,-67.885,-8391.875,43.46,60.73,47.11,87.96,false,false,-1.85,11.94,中期趨勢仍向下；20日趨勢尚未上彎；當下除權息調整價未守20日EMA
170,2882,國泰金,TWSE,金融保險業,暫不承接,暫停加碼／跌破減碼,已有部位暫停加碼；若收盤跌破60日EMA約 94.34，且下一交易日仍未收復，先減碼三分之一；若ETF或外資繼續轉弱，再分批降低部位。,56.8,92,98.3,98.05,-42.04,436.35,,,,,15.25,2.01,3.48,32,-287,10987,20523,30208,24707,366,2464.252,32127.074,36974.981999999996,62597.94499999999,-631.512,15473.722000000002,21094.406000000003,8633.703000000001,4,1,1555109061,-108.46600000000024,5243.103999999999,23.09,2779,26521,44347,,3166.29,16761.818000000003,10637.472000000005,44265.037000000004,51.43,66.25,63.66,71.42,false,false,0.4,3.26,
171,5434,崇越,TWSE,電子通路業,暫不承接,停止加碼／開始減碼,已有部位先停止加碼。反彈若仍未站回 518.96，分批降低部位；只有站回且ETF／外資賣壓收斂後才重新評估。,56.7,100,505,507,32.86,20.2,7.4,53.86,133.72,14.79,19.16,4.52,2.62,25,-55,-209,-197,-2,983,-143,37.64,530.694,640.302,2280.956,-407.95,-904.1280000000002,-709.9890000000001,2089.1279999999997,1,4,-462913536,-82.97200000000001,-89.17500000000001,30.91,518,1709,834,,499.218,1517.794,1439.466,196.8209999999999,46.36,35.37,31.51,43.08,true,false,-2.69,6.2,ETF短中期同步減碼；20日累積後5日轉為調節；ETF 1/3日已轉為減碼；主動ETF 5日轉為減碼；投信5/10日持續且具金額意義的賣超；20日趨勢尚未上彎；當下除權息調整價未守20日EMA
172,2812,台中銀,TWSE,金融保險業,暫不承接,暫停加碼／跌破減碼,已有部位暫停加碼；若收盤跌破60日EMA約 18.87，且下一交易日仍未收復，先減碼三分之一；若ETF或外資繼續轉弱，再分批降低部位。,56.7,92,18.4,18.45,16.56,22.61,,,,,12.13,1.21,5.64,8,-25,7538,7521,7611,10398,6703,-10668.847,-30607.890999999996,-10587.317999999996,36581.974,-24.454,6482.5,6572.451,9340.923999999999,3,2,121871000,-1092.643,-564.191,8.74,-6050,-12612,9237,,-9945.415,-35997.74800000001,-16595.578,27748.439,34.46,22.58,41.21,-14.68,false,false,-3.42,-4.93,中期趨勢仍向下；20日趨勢尚未上彎；當下除權息調整價未守20日EMA
173,6781,AES-KY,TWSE,電子零組件業,暫不承接,暫停加碼／跌破減碼,"已有部位暫停加碼；若收盤跌破60日EMA約 1,072.86，且下一交易日仍未收復，先減碼三分之一；若ETF或外資繼續轉弱，再分批降低部位。",56.6,88,1070,1072.5,25.58,26.01,,,,,27.22,5.03,1.79,5,0,0,0,0,0,0,321.02,586.2009999999999,611.628,-132.47799999999995,0,10,10,25,1,0,10650000,96.952,13.322999999999999,68.64,311,543,793,,310.066,479.249,588.3050000000001,-121.69399999999996,54.36,74.94,57.84,109.12,false,false,5.83,27.08,中期趨勢仍向下；20日趨勢尚未上彎；短線過熱或乖離過大
174,2316,楠梓電,TWSE,電子零組件業,暫不承接,暫停加碼／跌破減碼,已有部位暫停加碼；若收盤跌破60日EMA約 164.05，且下一交易日仍未收復，先減碼三分之一；若ETF或外資繼續轉弱，再分批降低部位。,56.5,88,163.5,162.75,27.83,30.96,,,,,10.33,2.11,1.25,2,0,-46,-42,135,532,-57,-68.591,-839.041,-526.344,-3026.6800000000003,0,-158,19,416,1,3,-25201000,54.34399999999999,-71.60200000000002,35.94,3,123,1371,,-111.758,-735.385,-473.7420000000001,-3203.803,49.01,66.24,45.43,107.86,false,false,1.14,26.25,中期趨勢仍向下；20日累積後5日轉為調節；主動ETF 5日轉為減碼；投信20日買超後近5日轉賣；20日趨勢尚未上彎；短線過熱或乖離過大；高波動且5日漲幅過大
175,2393,億光,TWSE,光電業,暫不承接,暫停加碼／跌破減碼,已有部位暫停加碼；若收盤跌破60日EMA約 66.20，且下一交易日仍未收復，先減碼三分之一；若ETF或外資繼續轉弱，再分批降低部位。,56.3,87.5,60.7,60.85,10.58,3.16,,,,,14.49,1.31,7.41,13,168,369,403,192,42,408,1777.407,886.5899999999999,-5361.911,-12116.455,168.437,403.369,192.43400000000003,166.13,3,2,24484498,-1993.54,-1882.7379999999998,26.31,768,-5759,-11814,,1574.518,2476.7609999999995,-3671.6070000000004,-13111.6,37.76,39.08,28.25,60.74,true,false,-5.09,-1.14,中期趨勢仍向下；ETF加碼，但外資持股5/10日同步下降；20日趨勢尚未上彎；當下除權息調整價未守20日EMA
176,2539,櫻花建,TWSE,建材營造,暫不承接,暫停加碼／跌破減碼,已有部位暫停加碼；若收盤跌破60日EMA約 40.78，且下一交易日仍未收復，先減碼三分之一；若ETF或外資繼續轉弱，再分批降低部位。,56.2,88,42.95,42.9,79.55,22.59,,,,,15.32,2.76,6.46,3,0,0,0,8,-154,0,1110.154,837.7279999999998,3362.7969999999996,5206.602,0,0,8,-154,0,0,0,-12.805000000000007,-25.143000000000008,2.33,940,3125,4400,,1108,850.533,3379.94,5306.404,61.27,72.06,68.91,78.37,true,true,3.75,0,
177,2404,漢唐,TWSE,其他電子業,暫不承接,停止加碼／開始減碼,"已有部位先停止加碼。反彈若仍未站回 1,151.12，分批降低部位；只有站回且ETF／外資賣壓收斂後才重新評估。",56,88,1170,1172.5,50.9,76.24,,,,,20.72,14.64,3.59,21,-3,-899,-873,-1155,-1617,-778,20.738,-1290.6470000000002,-2068.23,-2061.647,-263,-1115.078,-1800.078,-3267.078,2,3,-1243311970,6.636999999999997,-122.631,37.86,343,-78,1396,,339.95,-182.20600000000005,-145.52100000000007,2051.042,51.89,65.36,46.7,102.67,false,false,2.65,15.84,ETF短中期同步減碼；ETF 1/3日已轉為減碼；主動ETF 5日轉為減碼；投信5/10日持續且具金額意義的賣超；20日趨勢尚未上彎
178,6191,精成科,TWSE,電子零組件業,暫不承接,暫停加碼／跌破減碼,已有部位暫停加碼；若收盤跌破60日EMA約 94.19，且下一交易日仍未收復，先減碼三分之一；若ETF或外資繼續轉弱，再分批降低部位。,55.9,88,84.5,84.95,10.28,30.15,,,,,13.15,1.52,3.08,5,0,0,7,7,1537,0,425.372,167.11100000000005,-788.4259999999999,-10654.226,0,17,25,1467,3,0,1434800,-39.432,-168.27300000000002,3.67,340,1032,1656,,416.78,189.54299999999992,-645.153,-11178.732,39.42,42.74,32.37,63.48,false,false,-4.07,9.17,中期趨勢仍向下；20日趨勢尚未上彎；當下除權息調整價未守20日EMA
179,1215,卜蜂,TWSE,食品工業,暫不承接,暫停加碼／跌破減碼,已有部位暫停加碼；若收盤跌破60日EMA約 116.71，且下一交易日仍未收復，先減碼三分之一；若ETF或外資繼續轉弱，再分批降低部位。,55.7,100,107.5,107.25,8.69,4.68,9.26,65.34,86.75,3.24,11.98,2.8,6.73,3,0,0,0,0,-89,0,30.031,-659.709,-1034.079,1489.486,0,6,10,-81,3,0,624000,-58.966,-60.754000000000005,37.85,-68,-988,525,,30.153,-606.7429999999999,-983.3249999999999,1614.6750000000002,44.28,44.64,32.11,69.71,true,false,-0.45,0.47,中期趨勢仍向下；20日趨勢尚未上彎；當下除權息調整價未守20日EMA
180,6239,力成,TWSE,半導體業,暫不承接,停止加碼／開始減碼,已有部位先停止加碼。反彈若仍未站回 284.72，分批降低部位；只有站回且ETF／外資賣壓收斂後才重新評估。,55.5,88,265,266.75,21.71,32.41,,,,,30.54,3.25,1.75,25,917,2525,4405,5439,5926,4123,-5953.78,-13711.615999999998,-20017.879,-22686.900999999998,931.836,5611.275,3607.1179999999995,3671.321999999999,4,1,1439292037,-597.0519999999999,-659.7869999999998,34.12,-6651,-24388,-23321,,-6692.607,-18725.839,-22965.21,-24827.977,45.56,50.62,34.52,82.8,false,false,-2.33,23.54,中期趨勢仍向下；外資持股5/10日下降，且外資5日賣超；20日趨勢尚未上彎；當下除權息調整價未守20日EMA；短線過熱或乖離過大；高波動且5日漲幅過大；融資增幅與短線漲幅同步偏高
181,3019,亞光,TWSE,光電業,暫不承接,暫停加碼／跌破減碼,已有部位暫停加碼；若收盤跌破60日EMA約 140.02，且下一交易日仍未收復，先減碼三分之一；若ETF或外資繼續轉弱，再分批降低部位。,55.4,100,131,130.25,13.14,15.6,9.05,40.75,215.07,2.98,19.53,2.62,3.43,2,0,0,0,0,0,0,1220.08,3666.4429999999998,1131.5549999999996,-1226.7640000000006,0,0,0,0,0,0,0,151.125,-519.333,7.37,847,2771,381,,1216.279,3515.3179999999998,1650.8879999999995,-646.5260000000007,45.18,61.22,48.69,86.26,false,false,-2.28,10.08,中期趨勢仍向下；20日趨勢尚未上彎；當下除權息調整價未守20日EMA
182,3592,瑞鼎,TWSE,半導體業,暫不承接,停止加碼／開始減碼,已有部位先停止加碼。反彈若仍未站回 250.52，分批降低部位；只有站回且ETF／外資賣壓收斂後才重新評估。,55.4,100,245,244.25,18.59,4.99,5.23,47.33,188.43,8.35,14.3,1.62,6,6,0,-103,-55,-117,-385,-99,-513.327,-9.201999999999988,97.38500000000002,258.318,0,-55,-117,-424.79999999999995,1,2,-13392500,-3.9479999999999986,4.078000000000002,15.35,-439,1155,1417,,-518.634,49.74599999999999,210.30700000000002,713.5329999999999,49.88,75.82,57.13,113.2,false,false,1.29,11.62,中期趨勢仍向下；ETF短中期同步減碼；主動ETF 5日轉為減碼；20日趨勢尚未上彎
183,8454,富邦媒,TWSE,數位雲端,暫不承接,暫停加碼／跌破減碼,已有部位暫停加碼；若收盤跌破60日EMA約 258.81，且下一交易日仍未收復，先減碼三分之一；若ETF或外資繼續轉弱，再分批降低部位。,55.4,100,256,255.75,6.5,2.38,2.94,70.81,68.67,4.81,25.17,8.34,3.82,7,0,-1,192,232,132,0,138.33,209.716,877.4099999999999,1215.2749999999999,-0.091,197.321,243.448,138.166,3,1,51599442,-120.796,-229.53800000000004,11.93,188,728,998,,154.586,133.19100000000006,863.5,1335.8029999999999,47.13,68.99,56.18,94.6,false,false,-0.56,3.85,中期趨勢仍向下；20日趨勢尚未上彎；當下除權息調整價未守20日EMA
184,8110,華東,TWSE,半導體業,暫不承接,停止加碼／開始減碼,已有部位先停止加碼。反彈若仍未站回 48.77，分批降低部位；只有站回且ETF／外資賣壓收斂後才重新評估。,55.2,88,45.55,45.43,16.26,13.32,,,,,16.85,1.88,3.24,2,0,0,0,0,0,0,-730.556,-2752.0570000000002,-3540.3930000000005,-7326.117,0,0,0,0,0,0,0,-56.431999999999995,-14.428999999999991,1.1,-760,-1441,-67,,-788.634,-2695.625,-3525.964,-6925.021000000001,50.89,70.81,50.42,111.6,false,false,4.2,34.96,中期趨勢仍向下；外資持股5/10日下降，且外資5日賣超；20日趨勢尚未上彎；短線過熱或乖離過大；高波動且5日漲幅過大
185,3563,牧德,TWSE,光電業,暫不承接,暫停加碼／跌破減碼,已有部位暫停加碼；若收盤跌破60日EMA約 707.20，且下一交易日仍未收復，先減碼三分之一；若ETF或外資繼續轉弱，再分批降低部位。,55.1,100,689,689.5,15.62,8.47,38.88,28.21,317.07,9.8,40.2,7.9,2.04,3,0,0,0,-14,-74,0,368.065,546.704,373.61099999999993,587.297,0,8,5,-39,2,0,5480000,90.737,-9.805000000000007,7.99,302,346,785,,320,447.96700000000004,378.41600000000005,724.8310000000001,52.63,72.64,55.89,106.13,false,false,4.21,22.82,中期趨勢仍向下；20日趨勢尚未上彎；短線過熱或乖離過大；高波動且5日漲幅過大
186,2401,凌陽,TWSE,半導體業,暫不承接,暫停加碼／跌破減碼,已有部位暫停加碼；若收盤跌破60日EMA約 28.12，且下一交易日仍未收復，先減碼三分之一；若ETF或外資繼續轉弱，再分批降低部位。,54.9,88,27,27.1,35.25,19.54,,,,,,1.99,,2,0,0,60,76,101,0,718.177,1609.7240000000002,-4145.723,-3225.188,0,60,76,101,1,0,1665000,173.51399999999998,-476.471,18.56,545,2568,145,,510.187,1376.21,-3745.252,-2054.9709999999995,46.12,57.25,41.94,87.86,false,false,-2.43,15.14,中期趨勢仍向下；20日趨勢尚未上彎；當下除權息調整價未守20日EMA；高波動且5日漲幅過大
187,2850,新產,TWSE,金融保險業,暫不承接,暫停加碼／跌破減碼,已有部位暫停加碼；若收盤跌破60日EMA約 144.98，且下一交易日仍未收復，先減碼三分之一；若ETF或外資繼續轉弱，再分批降低部位。,54.7,92,157,156,3.28,14.4,,,,,11.24,2.28,4.62,4,0,1,20,20,24,0,-8.412,100.97600000000003,596.124,817.0889999999999,0,25,30,32,2,1,3937500,-52.408,-59.408,11.1,1,355,628,,-8.004,128.38400000000004,625.532,834.5920000000001,59.07,59.24,68.4,40.91,false,true,2.45,0,
188,6282,康舒,TWSE,電子零組件業,暫不承接,暫停加碼／跌破減碼,已有部位暫停加碼；若收盤跌破60日EMA約 52.00，且下一交易日仍未收復，先減碼三分之一；若ETF或外資繼續轉弱，再分批降低部位。,54.5,88,47.8,47.75,28.28,24.91,,,,,96,1.83,1.67,5,1,523,533,535,1933,522,160.842,4431.671,6675.111,-17753.194,1,533,535,1933,4,0,25584000,469.1869999999999,359.29899999999986,13.39,311,2586,-15333,,78.735,3429.4839999999995,5780.812,-20705.190000000002,46.34,66.14,47.88,102.68,false,false,-0.98,23.04,中期趨勢仍向下；20日趨勢尚未上彎；當下除權息調整價未守20日EMA；短線過熱或乖離過大；高波動且5日漲幅過大；官方重大訊息出現高風險關鍵字，須查原文
189,2867,三商壽,TWSE,金融保險業,暫不承接,暫停加碼／跌破減碼,已有部位暫停加碼；若收盤跌破60日EMA約 8.76，且下一交易日仍未收復，先減碼三分之一；若ETF或外資繼續轉弱，再分批降低部位。,54.4,92,9.77,9.75,187.2,335.29,,,,,69.79,0.74,,1,0,0,0,0,0,0,797,49456.045,77098.73300000001,151325.63400000002,0,0,0,0,0,0,0,4730,7544,22.55,754,71352,161205,,835,44726.045,69554.73300000001,139272.154,72.25,70.65,71.92,68.12,false,true,4.34,1.98,
190,8070,長華*,TWSE,電子通路業,暫不承接,停止加碼／開始減碼,已有部位先停止加碼。反彈若仍未站回 49.88，分批降低部位；只有站回且ETF／外資賣壓收斂後才重新評估。,54.3,100,47.15,47.05,32.82,24.87,12.01,39.01,235.2,1.3,44.58,1.88,5.74,7,-4,-21,-20,-19,307,0,521.246,1146.229,-167.83099999999996,-6450.695,-3.836,-7.667999999999999,4.332000000000001,323.017,2,3,-362313,-53.77100000000001,-113.825,11.36,707,-435,-2743,,568.181,1207.6680000000001,-58.33799999999992,-6412.79,45.23,66.55,50.28,99.07,false,false,-1.57,13.48,中期趨勢仍向下；ETF短中期同步減碼；20日累積後5日轉為調節；ETF 1/3日已轉為減碼；20日趨勢尚未上彎；當下除權息調整價未守20日EMA
191,8422,可寧衛*,TWSE,綠能環保,暫不承接,暫停加碼／跌破減碼,已有部位暫停加碼；若收盤跌破60日EMA約 27.19，且下一交易日仍未收復，先減碼三分之一；若ETF或外資繼續轉弱，再分批降低部位。,54.3,88,25.95,25.92,50.34,24.01,,,,,24.07,2.73,4.62,4,-16,1,1,19,-1654,0,-812.726,3265.6189999999992,4382.715999999999,-10133.063,-16,20,62,-3240,4,1,520000,218.115,78.16400000000002,4.97,-1289,9480,13389,,-796,3027.504,4242.552,-6822.138000000001,47.25,64.91,54,86.73,false,false,-0.54,6.57,中期趨勢仍向下；20日趨勢尚未上彎；當下除權息調整價未守20日EMA
192,1609,大亞,TWSE,電器電纜,暫不承接,暫停加碼／跌破減碼,已有部位暫停加碼；若收盤跌破60日EMA約 36.73，且下一交易日仍未收復，先減碼三分之一；若ETF或外資繼續轉弱，再分批降低部位。,54,88,35.95,35.98,22.67,19.01,,,,,14.98,1.6,1.96,2,0,0,1,3,-21,0,609.778,762.8279999999999,-2688.8,-9895.384,0,9,20,-9,3,0,322200,59.464,-174.50400000000002,12.75,361,1092,-2397,,532.614,694.364,-2534.296,-9209.937,47.8,53.97,39.32,83.26,false,false,-0.53,10.62,中期趨勢仍向下；20日趨勢尚未上彎；當下除權息調整價未守20日EMA
193,2609,陽明,TWSE,航運業,暫不承接,停止加碼／開始減碼,已有部位先停止加碼。反彈若仍未站回 51.15，分批降低部位；只有站回且ETF／外資賣壓收斂後才重新評估。,54,85.6,50.2,50.15,20.18,0.49,,,,,16.43,0.54,3.95,12,35,-7,-65,-79,122,0,-6172.986,5484.7390000000005,18292.193000000003,28113.551,34.373,-29.794,-13.444000000000003,-32.56,2,3,-1507576,-470.288,-725.96,20.39,-4950,50549,91125,,-6067.582,5984.821,19031.597,30772.115000000005,46.84,44.45,50.27,32.82,false,false,-0.92,0.4,中期趨勢仍向下；ETF短中期同步減碼；20日累積後5日轉為調節；20日趨勢尚未上彎；當下除權息調整價未守20日EMA
194,2727,王品,TWSE,觀光餐旅,暫不承接,暫停加碼／跌破減碼,已有部位暫停加碼；若收盤跌破60日EMA約 232.82，且下一交易日仍未收復，先減碼三分之一；若ETF或外資繼續轉弱，再分批降低部位。,53.9,88,223.5,223.75,16.59,12.08,,,,,13.46,4.84,7.2,2,0,0,0,0,1,0,-413.728,784.3299999999999,1842.3709999999999,700.3679999999999,0,1,3,4,1,0,224000,-95.397,-186.055,31.13,-376,2275,1658,,-378.368,878.727,2025.426,1100.3159999999998,40.41,32.28,46.06,4.71,false,false,-2.42,-3.66,中期趨勢仍向下；20日趨勢尚未上彎；當下除權息調整價未守20日EMA
195,2303,聯電,TWSE,半導體業,暫不承接,暫停加碼／跌破減碼,已有部位暫停加碼；若收盤跌破60日EMA約 128.83，且下一交易日仍未收復，先減碼三分之一；若ETF或外資繼續轉弱，再分批降低部位。,53.6,100,120,120.25,22.85,11.28,20.21,33.34,216.6,4.68,18.35,3.45,2.14,63,1307,5298,8717,-7124,-28006,-1805,-23785.203,-167900.596,-124458.022,-250785.79700000002,5713.948,12311.19,-31014.794,-59192.341,3,2,1501965180,-4177.642,-7860.391,40.5,-25284,-92799,-183520,,-28026.23,-176034.14400000003,-85582.83700000003,-152097.15000000002,42.21,48.14,35.48,73.45,false,false,-7.26,9.09,中期趨勢仍向下；外資持股趨勢資料不足或期間有非市場異動；20日趨勢尚未上彎；當下除權息調整價未守20日EMA；融資增幅與短線漲幅同步偏高；單季稅前獲利對營業外貢獻依賴偏高
196,3014,聯陽,TWSE,半導體業,暫不承接,暫停加碼／跌破減碼,已有部位暫停加碼；若收盤跌破60日EMA約 137.00，且下一交易日仍未收復，先減碼三分之一；若ETF或外資繼續轉弱，再分批降低部位。,53.5,100,130.5,130.75,-1.12,-2.09,28.48,33.51,218.05,5.88,13.13,2.94,6.54,11,-4,-19,85,20,897,0,100.998,387.629,1577.2939999999999,494.39699999999993,-4.628,84.88,19.405,692.381,1,4,11034400,-67.176,-37.871,20.93,39,2247,1095,,106.544,369.925,1595.7599999999998,273.08500000000004,45.62,68.5,53.2,99.08,false,false,-0.81,9.21,累計營收負成長且當月改善不足；中期趨勢仍向下；ETF 1/3日已轉為減碼；20日趨勢尚未上彎；當下除權息調整價未守20日EMA
197,6670,復盛應用,TWSE,運動休閒,暫不承接,停止加碼／開始減碼,已有部位先停止加碼。反彈若仍未站回 264.07，分批降低部位；只有站回且ETF／外資賣壓收斂後才重新評估。,53.5,88,261.5,262,7.85,9.91,,,,,12.54,2.14,6.19,8,-53,-87,-77,-77,-570,-84,-45.206,-289.74899999999997,351.28200000000004,680.553,-53,-76,-74,-713.444,2,3,-19646000,-6.471,-109.312,24.2,22,1126,1705,,5.758,-207.278,534.5939999999999,1640.11,48.94,36.43,40.73,27.84,false,false,-0.15,0,中期趨勢仍向下；ETF短中期同步減碼；ETF 1/3日已轉為減碼；主動ETF 5日轉為減碼；投信5/10日持續且具金額意義的賣超；20日趨勢尚未上彎
198,1476,儒鴻,TWSE,紡織纖維,暫不承接,暫停加碼／跌破減碼,已有部位暫停加碼；若收盤跌破60日EMA約 341.29，且下一交易日仍未收復，先減碼三分之一；若ETF或外資繼續轉弱，再分批降低部位。,53.4,88,364.5,363.75,14.42,3.22,,,,,17.17,3.54,4.23,13,6,3,4,-263,-1276,0,609.424,1981.7710000000002,2649.3019999999997,4621.352999999999,5.363,9.489,-252.996,-1268.459,4,1,3368595,-12.241,-41.39,30.97,563,3562,5457,,607.165,1984.5230000000001,2943.688,5984.1,66.21,82.24,73.48,99.76,false,false,6,3.55,
199,2374,佳能,TWSE,光電業,暫不承接,暫停加碼／跌破減碼,已有部位暫停加碼；若收盤跌破60日EMA約 72.14，且下一交易日仍未收復，先減碼三分之一；若ETF或外資繼續轉弱，再分批降低部位。,53.4,88,69,69.15,18.97,51.37,,,,,24.93,2.61,2.89,1,0,0,0,0,0,0,1129.501,2623.242,1903.2260000000006,1672.6080000000006,0,6,12,8,3,0,415800,83.072,-118.775,5.14,907,919,526,,1062.352,2534.17,2010.0010000000002,2393.6040000000003,49.36,76.73,58.54,113.1,false,false,1.03,15.77,中期趨勢仍向下；20日趨勢尚未上彎
200,2486,一詮,TWSE,光電業,暫不承接,暫停加碼／跌破減碼,已有部位暫停加碼；若收盤跌破60日EMA約 230.18，且下一交易日仍未收復，先減碼三分之一；若ETF或外資繼續轉弱，再分批降低部位。,53.3,88,225,225.75,35.04,24.86,,,,,428.43,9.69,0.23,3,0,0,80,580,949,80,-455.184,4473.503999999999,3542.8579999999984,2759.026999999998,200,1075,1575,1944,3,0,234887500,-939.492,-1654.611,13.33,-562,4404,1994,,-633.15,4337.996,3622.469,1941.996,50.01,60.15,43,94.47,false,false,2.03,31.58,中期趨勢仍向下；20日趨勢尚未上彎；短線過熱或乖離過大；高波動且5日漲幅過大
201,4551,智伸科,TWSE,汽車工業,暫不承接,暫停加碼／跌破減碼,已有部位暫停加碼；若收盤跌破60日EMA約 180.76，且下一交易日仍未收復，先減碼三分之一；若ETF或外資繼續轉弱，再分批降低部位。,53.3,88,170,168.25,30.66,18.75,,,,,24.81,2.13,2.54,2,0,5,7,54,601,0,-25.781,-359.713,1010.7129999999999,3542.804,0,7,54,338,3,0,1158500,-44.16199999999999,-98.06499999999998,59.57,-27,814,1234,,-26.53,-322.55100000000004,1054.778,3411.8450000000003,42.79,41.61,30.15,64.52,false,false,-5.47,14.48,中期趨勢仍向下；20日趨勢尚未上彎；當下除權息調整價未守20日EMA
202,5269,祥碩,TWSE,半導體業,暫不承接,暫停加碼／跌破減碼,"已有部位暫停加碼；若收盤跌破60日EMA約 1,412.85，且下一交易日仍未收復，先減碼三分之一；若ETF或外資繼續轉弱，再分批降低部位。",53.3,88,1410,1412.5,-22.41,5.4,,,,,17.36,2.84,3.21,18,0,1,38,91,638,-3,342.609,314.707,1146.37,2013.7929999999997,15,52.225,97.225,644.225,3,1,73898375,29.695999999999998,-117.25200000000001,9.26,283,1228,1205,,294.837,232.786,1166.397,1593.7209999999998,48.97,48.74,39.36,67.49,true,false,-0.04,8.05,中期趨勢仍向下；主動ETF 5日轉為減碼；20日趨勢尚未上彎
203,2449,京元電子,TWSE,半導體業,暫不承接,停止加碼／開始減碼,已有部位先停止加碼。反彈若仍未站回 274.69，分批降低部位；只有站回且ETF／外資賣壓收斂後才重新評估。,53.3,87.6,249,248.25,28.64,36.08,,,,,33.51,5.55,0.61,35,-8,4604,6511,12559,18065,5427,-2169.672,-6472.214,-31099.413999999997,-72092.33499999999,213.052,9110.525,9134.069,11516.458999999999,4,1,2250299675,-354.624,-659.407,29.62,-1617,-34483,-65527,,-2081.058,-15228.115,-39574.075999999994,-82954.04799999998,45.76,55.36,40.27,85.55,false,false,-2.67,22.36,中期趨勢仍向下；外資持股5/10日下降，且外資5日賣超；20日趨勢尚未上彎；當下除權息調整價未守20日EMA；短線過熱或乖離過大；高波動且5日漲幅過大；借券賣出與借券賣出餘額壓力升高
204,2495,普安,TWSE,電腦及週邊設備業,暫不承接,暫停加碼／跌破減碼,已有部位暫停加碼；若收盤跌破60日EMA約 42.46，且下一交易日仍未收復，先減碼三分之一；若ETF或外資繼續轉弱，再分批降低部位。,52.9,88,38.6,38.5,40.29,43.44,,,,,33.89,2.24,2.09,2,0,0,7,15,15,0,-358.326,-75.02200000000002,800.6319999999998,-2994.626,0,7,15,15,1,0,268100,75.51,-55.468999999999994,7.55,-381,2311,2124,,-409.871,-157.532,841.1009999999999,-2673.325,44.52,66.41,46.23,106.77,false,false,-1.7,21.19,中期趨勢仍向下；20日趨勢尚未上彎；當下除權息調整價未守20日EMA；短線過熱或乖離過大；高波動且5日漲幅過大
205,2412,中華電,TWSE,通信網路業,暫不承接,暫停加碼／跌破減碼,已有部位暫停加碼；若收盤跌破60日EMA約 138.78，且下一交易日仍未收復，先減碼三分之一；若ETF或外資繼續轉弱，再分批降低部位。,52.8,88,137,136.75,11.4,7.83,,,,,27.24,2.68,3.8,36,59,-1276,2186,3982,10080,-1135,1242.02,14332.686000000002,64638.30600000001,99077.67800000001,-1.274,225.59900000000016,469.07300000000015,3632.7120000000004,2,3,30907063,-190.721,3229.5550000000003,17.38,2272,85191,126463,,1089.905,14297.808,60939.678000000014,101792.98300000002,42.36,26.3,41.8,-4.69,false,false,-1.11,-2.49,中期趨勢仍向下；主動ETF 5日轉為減碼；20日趨勢尚未上彎；當下除權息調整價未守20日EMA
206,2731,雄獅,TWSE,觀光餐旅,暫不承接,停止加碼／開始減碼,已有部位先停止加碼。反彈若仍未站回 151.66，分批降低部位；只有站回且ETF／外資賣壓收斂後才重新評估。,52.6,88,145,145.5,-0.46,9.79,,,,,8.54,2.55,8.77,2,0,-2,3,4,5,0,-448.816,-201.4239999999999,-81.17299999999987,-788.2469999999998,0,2.2900000000000005,3.4790000000000005,5.479000000000001,1,1,334340,-34.387,-7.924999999999998,9.04,-403,-104,-70,,-448.816,-169.327,-76.72699999999998,-765.787,43.52,56.86,58.73,53.12,false,true,-0.77,0.35,中期趨勢仍向下；外資持股5/10日下降，且外資5日賣超；20日趨勢尚未上彎；當下除權息調整價未守20日EMA
207,3030,德律,TWSE,其他電子業,暫不承接,暫停加碼／跌破減碼,已有部位暫停加碼；若收盤跌破60日EMA約 309.53，且下一交易日仍未收復，先減碼三分之一；若ETF或外資繼續轉弱，再分批降低部位。,52.5,88,294.5,293.25,0.43,24.77,,,,,25.76,6.72,2.35,6,0,-2,3,5,15,0,17.962,757.4000000000001,137.51000000000008,-1483.283,-0.5,10.6,17.6,25.6,3,2,3153500,138.841,-88.217,10.56,37,458,248,,22.075,607.959,208.12699999999992,-1374.1100000000001,49.12,67.52,54.07,94.42,false,false,1.02,18.27,中期趨勢仍向下；20日趨勢尚未上彎
208,5243,乙盛-KY,TWSE,光電業,暫不承接,暫停加碼／跌破減碼,已有部位暫停加碼；若收盤跌破60日EMA約 95.91，且下一交易日仍未收復，先減碼三分之一；若ETF或外資繼續轉弱，再分批降低部位。,52.3,88,87.2,88,38.27,-0.89,,,,,17.64,1.67,2.56,1,0,0,0,0,3,0,80.778,125.78300000000003,1086.684,2225.548,0,-600,-600,-497,0,2,-51540000,270.58299999999997,-215.15699999999998,54.55,-19,2069,3019,,-92.535,455.2,1901.8410000000001,3023.69,47.02,66.92,45.29,110.17,false,false,0.23,21.28,中期趨勢仍向下；20日趨勢尚未上彎；短線過熱或乖離過大
209,8464,億豐,TWSE,居家生活,暫不承接,暫停加碼／跌破減碼,已有部位暫停加碼；若收盤跌破60日EMA約 360.31，且下一交易日仍未收復，先減碼三分之一；若ETF或外資繼續轉弱，再分批降低部位。,52.3,88,381.5,383,11.73,1.69,,,,,17.01,4.03,4.26,11,-6,-14,-14,-12,92,-5,16.925,233.61700000000002,212.70800000000003,642.32,-6.068,-9.383999999999999,17.057000000000002,120.049,2,3,-3523692,-9.055999999999997,-5.886999999999998,40.61,3,6,484,,7.673,252.05700000000002,201.538,526.1410000000001,63.41,55.4,62.31,41.58,false,false,2.86,-0.26,ETF短中期同步減碼；20日累積後5日轉為調節；ETF 1/3日已轉為減碼；主動ETF 5日轉為減碼
210,6515,穎崴,TWSE,半導體業,暫不承接,停止加碼／開始減碼,"已有部位先停止加碼。反彈若仍未站回 7,588.17，分批降低部位；只有站回且ETF／外資賣壓收斂後才重新評估。",52.2,87.9,6880,6835,287.9,70.27,,,,,141.09,38.19,0.72,28,2,-42,-241,-335,-631,-246,-75.701,-211.109,-258.784,-440.36699999999996,-32,-223.50599999999997,-410.899,-1369.899,0,5,-1538838810,6.468999999999999,10.399,22.22,-44,240,989,,-43.888,5.927999999999997,141.716,910.807,49.28,69.4,52.05,104.1,false,false,2.76,30.06,中期趨勢仍向下；ETF短中期同步減碼；投信5/10日持續且具金額意義的賣超；20日趨勢尚未上彎；短線過熱或乖離過大；高波動且5日漲幅過大
211,3406,玉晶光,TWSE,光電業,暫不承接,暫停加碼／跌破減碼,已有部位暫停加碼；若收盤跌破60日EMA約 566.16，且下一交易日仍未收復，先減碼三分之一；若ETF或外資繼續轉弱，再分批降低部位。,52.1,88,536,536.5,4.51,17.17,,,,,16.15,2.3,3.19,7,-1,0,0,-6,-121,0,295.732,-70.11999999999992,-17.672999999999917,-418.4799999999999,22,-211,-473,-479,2,1,-112463000,214.30200000000002,143.87600000000003,42.58,194,90,547,,196.086,-73.422,311.451,141.56400000000008,47.98,67.86,46.96,109.64,false,false,0.86,19.78,中期趨勢仍向下；20日趨勢尚未上彎
212,3533,嘉澤,TWSE,電子零組件業,暫不承接,停止加碼／開始減碼,"已有部位先停止加碼。反彈若仍未站回 2,097.91，分批降低部位；只有站回且ETF／外資賣壓收斂後才重新評估。",52.1,88,1975,1977.5,17.26,17.24,,,,,27.47,5.23,1.79,24,0,73,77,56,-20,72,-400.683,-250.47999999999993,-599.6329999999999,-1072.7359999999999,-70.11,-296.783,-721.7090000000001,-1042.709,2,3,-580210765,41.216,45.987,49.76,-213,-91,-108,,-339.367,5.086999999999989,76.089,19.46799999999996,48.91,66.18,53.98,90.58,false,false,0.74,16.86,中期趨勢仍向下；投信5/10日持續且具金額意義的賣超；ETF加碼，但外資持股5/10日同步下降；20日趨勢尚未上彎
213,4583,台灣精銳,TWSE,電機機械,暫不承接,暫停加碼／跌破減碼,已有部位暫停加碼；若收盤跌破60日EMA約 600.01，且下一交易日仍未收復，先減碼三分之一；若ETF或外資繼續轉弱，再分批降低部位。,52,100,505,507,29.98,14.06,34.42,10.76,1265.54,6.81,38.23,4.16,1.94,4,0,0,0,0,0,0,49,882.154,967.2460000000001,1050.991,0,0,0,0,0,0,0,-13.636000000000001,2.377999999999999,2.4,43,933,990,,50,895.79,964.868,1056.641,38.99,41.7,33.48,58.12,true,false,-6.1,12.1,中期趨勢仍向下；20日趨勢尚未上彎；當下除權息調整價未守20日EMA
214,5880,合庫金,TWSE,金融保險業,暫不承接,暫停加碼／跌破減碼,已有部位暫停加碼；若收盤跌破60日EMA約 24.96，且下一交易日仍未收復，先減碼三分之一；若ETF或外資繼續轉弱，再分批降低部位。,52,92,26.25,26.23,-8.4,16.98,,,,,19,1.48,3.95,18,3,6233,12643,18801,27294,6166,-803.048,62870.695,111195.163,188349.50400000002,-24.651,7368.023999999999,9236.179999999998,9257.435999999998,4,1,195989438,-461.442,5810.913,17.01,-386,92225,121117,,-725.397,55964.113000000005,96148.07,168181.828,57.39,57.06,71.58,28.01,false,false,0.93,-2.78,
215,8021,尖點,TWSE,其他電子業,暫不承接,暫停加碼／跌破減碼,已有部位暫停加碼；若收盤跌破60日EMA約 433.21，且下一交易日仍未收復，先減碼三分之一；若ETF或外資繼續轉弱，再分批降低部位。,52,88,421,416.75,90.11,66.6,,,,,113.47,10.67,0.5,10,3,-257,-254,998,1340,-267,-1278.95,-49.7800000000002,544.2219999999998,1447.8659999999998,16,-184,1261,1713.893,2,2,-72864000,-81.678,-176.368,20.62,-756,1075,661,,-1210.244,215.89800000000014,-540.4099999999999,160.9630000000002,49.98,65.4,43.54,109.12,false,false,3.42,43.2,中期趨勢仍向下；20日累積後5日轉為調節；主動ETF 5日轉為減碼；20日趨勢尚未上彎；短線過熱或乖離過大；高波動且5日漲幅過大
216,2329,華泰,TWSE,半導體業,暫不承接,暫停加碼／跌破減碼,已有部位暫停加碼；若收盤跌破60日EMA約 49.90，且下一交易日仍未收復，先減碼三分之一；若ETF或外資繼續轉弱，再分批降低部位。,51.9,100,44,44.03,3.62,10.66,5.98,38.44,141.36,0.96,19.78,1.78,2.26,4,0,0,9,9,325,0,413.019,1532.895,-1988.6249999999995,-11687.723,0,9,9,325,1,0,398700,25.25000000000003,-632.27,9.34,253,-545,-2167,,393.928,1498.6450000000002,-1365.355,-10478.01,44.33,60.12,42.2,95.96,false,false,-2.25,17.18,中期趨勢仍向下；ETF加碼，但外資持股5/10日同步下降；20日趨勢尚未上彎；當下除權息調整價未守20日EMA
217,2105,正新,TWSE,橡膠工業,暫不承接,暫停加碼／跌破減碼,已有部位暫停加碼；若收盤跌破60日EMA約 31.58，且下一交易日仍未收復，先減碼三分之一；若ETF或外資繼續轉弱，再分批降低部位。,51.9,88,30.9,30.88,15.01,4.92,,,,,18.83,1.17,5.9,13,24,-224,510,-1359,-10274,-415,644.901,1367.031,-145.55500000000006,29086.576,89.054,-377.731,-2770.672,-17195.008,3,2,-11520795,-58.43900000000002,614.9929999999999,9.41,586,-1625,33528,,650.363,1803.201,2010.124,43709.163,44.86,37.04,23.57,63.98,true,false,-0.88,1.15,中期趨勢仍向下；主動ETF 5日轉為減碼；20日趨勢尚未上彎；當下除權息調整價未守20日EMA
218,2481,強茂,TWSE,半導體業,暫不承接,停止加碼／開始減碼,已有部位先停止加碼。反彈若仍未站回 147.91，分批降低部位；只有站回且ETF／外資賣壓收斂後才重新評估。,51.9,88,140,139.25,27.37,13.98,,,,,42.54,3.53,1.34,5,0,76,945,949,691,945,-3106.437,-13892.454999999998,-21341.970999999998,-30445.634,18,5129.05,-5930.95,-8229.95,4,1,687292700,-237.71300000000002,-1123.046,18.84,-3105,-26568,-17430,,-3262.894,-18783.792,-14287.975000000002,-17615.304,46.34,60.9,38.57,105.54,false,false,-2.47,30.84,中期趨勢仍向下；外資持股5/10日下降，且外資5日賣超；20日趨勢尚未上彎；當下除權息調整價未守20日EMA；短線過熱或乖離過大；高波動且5日漲幅過大；融資增幅與短線漲幅同步偏高
219,3714,富采,TWSE,光電業,暫不承接,暫停加碼／跌破減碼,已有部位暫停加碼；若收盤跌破60日EMA約 58.99，且下一交易日仍未收復，先減碼三分之一；若ETF或外資繼續轉弱，再分批降低部位。,51.9,88,57,57.1,18.97,1.73,,,,,,0.97,1.63,2,0,0,0,0,0,0,138.69,3273.809,4871.794,11887.34,0,0,0,0,0,0,0,25.241,-77.795,12.99,-680,7274,10421,,105.073,3248.5679999999998,4949.588999999999,12081.398,52.32,69.26,48.26,111.26,false,false,4.77,25.14,中期趨勢仍向下；20日趨勢尚未上彎；短線過熱或乖離過大
220,1504,東元,TWSE,電機機械,暫不承接,暫停加碼／跌破減碼,已有部位暫停加碼；若收盤跌破60日EMA約 68.33，且下一交易日仍未收復，先減碼三分之一；若ETF或外資繼續轉弱，再分批降低部位。,51.7,88,66.2,66.25,0.15,5.92,,,,,29.56,1.85,3.01,10,-5,-16,-2,162,1375,0,2827.882,8065.962,-1773.4240000000002,-18666.236,-5.113,29.769000000000002,-1347.729,-675.065,2,2,1979639,-82.74399999999991,-552.2199999999999,6.99,2480,3285,8640,,2862.844,8118.937,126.52499999999975,-16626.982,48.62,64.81,51.37,91.68,false,false,0.01,9.42,中期趨勢仍向下；20日累積後5日轉為調節；ETF 1/3日已轉為減碼；20日趨勢尚未上彎
221,6525,捷敏-KY,TWSE,半導體業,暫不承接,暫停加碼／跌破減碼,已有部位暫停加碼；若收盤跌破60日EMA約 140.16，且下一交易日仍未收復，先減碼三分之一；若ETF或外資繼續轉弱，再分批降低部位。,51.7,88,138,138,19.84,15.64,,,,,22.24,3.97,3.7,3,0,-3,-2,40,170,0,105.506,-1144.635,666.46,3695.593,0,-2,40,169.442,1,1,-270000,59.63000000000001,-33.815999999999995,16.6,82,984,1644,,50.044,-1202.2649999999999,660.2760000000001,3804.151,45.62,55.65,36.36,94.21,false,false,-4.27,23.21,中期趨勢仍向下；20日累積後5日轉為調節；20日趨勢尚未上彎；當下除權息調整價未守20日EMA；短線過熱或乖離過大；高波動且5日漲幅過大
222,9939,宏全,TWSE,其他,暫不承接,暫停加碼／跌破減碼,已有部位暫停加碼；若收盤跌破60日EMA約 126.73，且下一交易日仍未收復，先減碼三分之一；若ETF或外資繼續轉弱，再分批降低部位。,51.7,88,141.5,141.75,12.13,3.43,,,,,14.86,2.09,4.63,7,0,-222,-222,-223,-21,-216,439.994,1324.057,2185.2960000000003,5937.35,0,-216,-213,351.199,2,2,-28944000,-13.722999999999999,-48.288,15.31,408,3084,4604,,426.565,1553.78,2446.5840000000003,5500.303,74.14,76.61,66.43,96.97,true,false,8.82,9.69,ETF短中期同步減碼；主動ETF 5日轉為減碼
223,6257,矽格,TWSE,半導體業,暫不承接,停止加碼／開始減碼,已有部位先停止加碼。反彈若仍未站回 211.72，分批降低部位；只有站回且ETF／外資賣壓收斂後才重新評估。,51.6,88,205.5,205,21,18.08,,,,,30.27,4.48,2.1,14,-34,21,277,171,416,248,223.39,-846.9199999999998,-5063.701,-13770.756000000001,-33.79,99.158,-199.682,44.452,1,4,20079495,3.2819999999999965,-410.00899999999996,29.61,270,-4623,-8983,,275.471,-949.3600000000001,-4454.01,-12785.072,46.58,51.18,38.05,77.42,false,false,-1.73,18.44,中期趨勢仍向下；外資持股5/10日下降，且外資5日賣超；20日趨勢尚未上彎；當下除權息調整價未守20日EMA；高波動且5日漲幅過大
224,1773,勝一,TWSE,化學工業,暫不承接,停止加碼／開始減碼,已有部位先停止加碼。反彈若仍未站回 166.78，分批降低部位；只有站回且ETF／外資賣壓收斂後才重新評估。,51.3,100,157.5,157,20.49,18.72,23.46,37.93,104.11,4.38,19.58,4.12,2.55,2,0,0,0,0,4,0,-77.691,-461.841,-2232.147,-2437.1749999999997,-95,-89,-83,-83,3,1,-13973000,11.722999999999997,-45.08800000000001,7.09,-28,-2491,-2358,,6,-384.56399999999996,-2104.0589999999997,-2302.3569999999995,42.78,46.39,32.47,74.23,false,false,-2.37,7.51,中期趨勢仍向下；外資持股5/10日下降，且外資5日賣超；20日趨勢尚未上彎；當下除權息調整價未守20日EMA
225,3673,TPK-KY,TWSE,光電業,暫不承接,暫停加碼／跌破減碼,已有部位暫停加碼；若收盤跌破60日EMA約 68.23，且下一交易日仍未收復，先減碼三分之一；若ETF或外資繼續轉弱，再分批降低部位。,51.3,68,61.1,60.95,7.03,14.87,,,,,16.92,0.62,2.92,1,0,0,0,4,129,0,294.328,419.2309999999999,3269.457,2162.529,0,0,4,129,0,0,0,71.49099999999999,-458.85400000000004,38.69,141,4683,5423,,188.212,347.73999999999995,3724.311,3031.5780000000004,43.18,62.34,42.16,102.72,false,false,-3.73,20.75,中期趨勢仍向下；20日趨勢尚未上彎；當下除權息調整價未守20日EMA；短線過熱或乖離過大；高波動且5日漲幅過大
226,2353,宏碁,TWSE,電腦及週邊設備業,暫不承接,停止加碼／開始減碼,已有部位先停止加碼。反彈若仍未站回 31.03，分批降低部位；只有站回且ETF／外資賣壓收斂後才重新評估。,51,88,29.9,30,-3.02,23.35,,,,,22.92,1.25,4.3,16,52,-1580,-761,-3688,-18322,257,8824.634,18386.358,8866.371000000001,60605.632,111.429,-1581.975,-4992.851,-24740.851,3,2,-47854744,-85.03900000000004,-337.15100000000007,13.03,9977,17191,38800,,8737.024,20053.371999999996,14196.372999999996,79669.75499999999,46.19,55.93,43.11,81.58,false,false,-0.68,7.17,中期趨勢仍向下；ETF短中期同步減碼；20日趨勢尚未上彎；當下除權息調整價未守20日EMA
227,2360,致茂,TWSE,其他電子業,暫不承接,停止加碼／開始減碼,"已有部位先停止加碼。反彈若仍未站回 2,037.20，分批降低部位；只有站回且ETF／外資賣壓收斂後才重新評估。",51,87.9,1955,1947.5,73.02,90.6,,,,,59.44,28.79,1.03,47,-192,-719,847,1103,2023,532,-398.081,-2855.2760000000003,-3153.5920000000006,-2684.7600000000007,-1120.922,-700.133,1049.684,2359.407,2,3,-1319750705,-34.06699999999999,147.317,58.27,694,-5940,-7355,,733.653,-2121.076,-4350.593,-5340.048,47.56,42.12,45.18,36,false,false,-1.56,2.36,中期趨勢仍向下；ETF 1/3日已轉為減碼；投信20日買超後近5日轉賣；外資持股5/10日下降，且外資5日賣超；20日趨勢尚未上彎；當下除權息調整價未守20日EMA
228,2368,金像電,TWSE,電子零組件業,暫不承接,停止加碼／開始減碼,"已有部位先停止加碼。反彈若仍未站回 1,076.01，分批降低部位；只有站回且ETF／外資賣壓收斂後才重新評估。",50.9,88,990,980.5,78.22,68.74,,,,,42.44,13.79,1.04,35,-1596,-1707,-2603,-4189,-4970,-2843,-2339.443,-5257.87,-4364.97,-4409.387,-2099.011,-2530.112,-6920.859999999999,-15342.775999999998,1,4,-2378305280,-368.405,-242.54299999999992,29.2,81,3742,8439,,8.488,-2359.3529999999996,2798.433000000001,11630.223000000002,50.85,68.49,47.64,110.19,false,false,5.07,37.31,中期趨勢仍向下；ETF短中期同步減碼；ETF 1/3日已轉為減碼；主動ETF 5日轉為減碼；投信5/10日持續且具金額意義的賣超；20日趨勢尚未上彎；短線過熱或乖離過大；高波動且5日漲幅過大；融資增幅與短線漲幅同步偏高；官方重大訊息出現高風險關鍵字，須查原文
229,1409,新纖,TWSE,紡織纖維,暫不承接,停止加碼／開始減碼,已有部位先停止加碼。反彈若仍未站回 23.28，分批降低部位；只有站回且ETF／外資賣壓收斂後才重新評估。,50.8,88,22.45,22.38,13.44,9.32,,,,,16.74,0.87,3.98,2,0,221,221,213,510,226,123.687,-5474.503,-2509.736,-54885.203,0,251,268,548,4,0,5672600,78.92099999999999,-477.001,11.34,-12,-7575,-11139,,-17.692,-5804.424,-2300.7349999999997,-54028.444,43.84,55.7,38.16,90.79,false,false,-3.55,11.14,中期趨勢仍向下；外資持股5/10日下降，且外資5日賣超；20日趨勢尚未上彎；當下除權息調整價未守20日EMA
230,5471,松翰,TWSE,半導體業,暫不承接,停止加碼／開始減碼,已有部位先停止加碼。反彈若仍未站回 55.16，分批降低部位；只有站回且ETF／外資賣壓收斂後才重新評估。,50.8,88,54,54.05,47.67,28.64,,,,,56.7,2.6,1.45,1,0,0,0,0,0,0,200.049,-1447.3259999999998,-1133.4889999999998,-1416.8369999999995,0,0,0,0,0,0,0,-34.257,11.818,11.56,253,-1510,-2056,,202.348,-1413.0689999999997,-1145.3069999999998,-1447.8729999999996,46.74,66.33,51.11,96.77,false,false,-2.1,15.38,中期趨勢仍向下；外資持股5/10日下降，且外資5日賣超；20日趨勢尚未上彎；當下除權息調整價未守20日EMA；高波動且5日漲幅過大
231,2489,瑞軒,TWSE,光電業,暫不承接,暫停加碼／跌破減碼,已有部位暫停加碼；若收盤跌破60日EMA約 36.92，且下一交易日仍未收復，先減碼三分之一；若ETF或外資繼續轉弱，再分批降低部位。,50.6,76.8,31.8,31.63,23.43,12.6,,,,,30.37,1.56,3.63,3,0,0,14,20,31,0,-6820.524,-7837.251000000001,-847.4350000000014,10307.480999999998,-2,31.05,-3766.95,-3759.95,4,1,1027755,-121.34,-116.054,6.23,-6370,-2506,7429,,-6864,-7746.960999999999,3035.569000000001,14580.697,45.96,68.39,46.85,111.48,false,false,-0.47,29.8,中期趨勢仍向下；20日趨勢尚未上彎；當下除權息調整價未守20日EMA；短線過熱或乖離過大；高波動且5日漲幅過大
232,1514,亞力,TWSE,電機機械,暫不承接,暫停加碼／跌破減碼,已有部位暫停加碼；若收盤跌破60日EMA約 110.92，且下一交易日仍未收復，先減碼三分之一；若ETF或外資繼續轉弱，再分批降低部位。,50.4,88,100,100.75,39.69,16.03,,,,,29.59,4.2,2.17,2,0,0,1,1,1,0,221.032,261.932,-211.20499999999996,-5164.485,0,2,5,4,2,0,203000,-0.3230000000000004,-85.513,12.84,222,-3229,-5148,,217.215,260.255,-130.692,-4845.951,41.21,56.82,44.81,80.83,false,false,-3.68,8.7,中期趨勢仍向下；ETF加碼，但外資持股5/10日同步下降；20日趨勢尚未上彎；當下除權息調整價未守20日EMA
233,2312,金寶,TWSE,其他電子業,暫不承接,暫停加碼／跌破減碼,已有部位暫停加碼；若收盤跌破60日EMA約 32.22，且下一交易日仍未收復，先減碼三分之一；若ETF或外資繼續轉弱，再分批降低部位。,50.4,88,31.65,31.73,32.7,-5.29,,,,,30.77,2.14,1.88,4,0,0,28,37,47,0,-320.699,12309.115999999998,11326.449999999997,18328.892,0,28,37,47,2,0,896000,1114.79,-324.3190000000001,8.45,-1276,16132,17131,,-372.133,11166.326,11613.768999999998,18846.838,47.8,63.43,52.66,84.98,false,false,-0.77,14.47,中期趨勢仍向下；20日趨勢尚未上彎；當下除權息調整價未守20日EMA；高波動且5日漲幅過大
234,2406,國碩,TWSE,光電業,暫不承接,停止加碼／開始減碼,已有部位先停止加碼。反彈若仍未站回 34.04，分批降低部位；只有站回且ETF／外資賣壓收斂後才重新評估。,50.4,68,31.95,32.03,63,133.5,,,,,,3.15,,1,0,2,33,434,974,0,-48.36,-1933.5529999999999,-14952.535,-32006.877999999997,0,33,434,974,3,1,1084050,-23.104999999999997,43.327,10.16,-77,-11005,-19698,,-87.038,-1943.4479999999999,-15429.862000000001,-33113.031,46,55.4,43.58,79.04,false,false,-2.5,12.7,中期趨勢仍向下；外資持股5/10日下降，且外資5日賣超；20日趨勢尚未上彎；當下除權息調整價未守20日EMA；高波動且5日漲幅過大
235,4968,立積,TWSE,半導體業,暫不承接,暫停加碼／跌破減碼,已有部位暫停加碼；若收盤跌破60日EMA約 106.56，且下一交易日仍未收復，先減碼三分之一；若ETF或外資繼續轉弱，再分批降低部位。,50.3,100,97.3,97.25,-1.09,5.31,3.27,25.03,385.26,1,26.7,3.38,1.62,2,0,0,20,23,24,0,200.335,890.814,360.1669999999999,-1118.056,0,20,23,24,1,0,1976000,-2.357,-52.913,4.58,213,1037,466,,196.14,873.1709999999999,390.0799999999999,-1007.22,43.76,70.12,56.18,98.01,false,false,-2.39,9.82,中期趨勢仍向下；20日趨勢尚未上彎；當下除權息調整價未守20日EMA
236,4764,雙鍵,TWSE,化學工業,暫不承接,停止加碼／開始減碼,已有部位先停止加碼。反彈若仍未站回 279.28，分批降低部位；只有站回且ETF／外資賣壓收斂後才重新評估。,50.3,88,264.5,261.25,22.36,26.34,,,,,138.83,9.22,0.38,2,0,196,196,196,249,196,-83.848,136.90900000000005,1551.718,3492.967,0,696,2906,5967,3,0,181656000,-44.373000000000005,-143.87700000000004,25.74,-43,-1096,-1140,,-83.915,-514.7180000000001,-1210.4050000000002,-2277.1400000000003,45.23,36.88,30.27,50.11,false,false,-5.14,11.84,中期趨勢仍向下；外資持股5/10日下降，且外資5日賣超；20日趨勢尚未上彎；當下除權息調整價未守20日EMA；高波動且5日漲幅過大；估值高且成長不足以支撐
237,6831,邁科,TWSE,電腦及週邊設備業,暫不承接,停止加碼／開始減碼,已有部位先停止加碼。反彈若仍未站回 658.34，分批降低部位；只有站回且ETF／外資賣壓收斂後才重新評估。,50.3,88,656,656,29.3,18.23,,,,,121.34,15.06,0.5,5,-31,619,591,591,603,591,-284.704,-124.73400000000002,-395.852,-1522.704,9,334,164,-356,4,1,199398000,-49.188,-37.189,15.16,-263,-532,-783,,-268.133,-409.54599999999994,-522.6629999999999,-1138.686,50.54,61.63,44.9,95.07,false,false,3.85,37.38,中期趨勢仍向下；外資持股5/10日下降，且外資5日賣超；20日趨勢尚未上彎；短線過熱或乖離過大；高波動且5日漲幅過大
238,2375,凱美,TWSE,電子零組件業,暫不承接,暫停加碼／跌破減碼,已有部位暫停加碼；若收盤跌破60日EMA約 146.19，且下一交易日仍未收復，先減碼三分之一；若ETF或外資繼續轉弱，再分批降低部位。,50.2,88,122.5,122.25,18.39,8.62,,,,,37.54,1.34,0.97,3,0,200,210,278,495,200,351.117,-1565.373,1664.3110000000001,5337.9490000000005,0,210,278,495,4,0,25935000,79.88099999999997,19.82499999999997,14.6,304,-897,3806,,278.632,-1855.254,1366.486,5087.247,36.91,42.81,29.46,69.53,false,false,-11.23,15.57,中期趨勢仍向下；20日趨勢尚未上彎；當下除權息調整價未守20日EMA；高波動且5日漲幅過大；2日內除權息，等待價格重置
239,2480,敦陽科,TWSE,資訊服務業,暫不承接,停止加碼／開始減碼,已有部位先停止加碼。反彈若仍未站回 156.66，分批降低部位；只有站回且ETF／外資賣壓收斂後才重新評估。,50.1,100,154,154.5,14.66,14.96,12.11,65.42,134.32,4.91,17.47,4.97,5.1,5,-2,-11,-11,-11,16,0,41.373,-794.1220000000001,-544.068,-26.351,-1.433,-10.864,-10.864,16.061,0,3,-1662192,-84.307,-45.96900000000001,10.42,28,-250,-250,,40.106,-698.951,-487.2349999999999,-5.453999999999894,46.32,30.22,35.14,20.37,false,false,-1.7,-2.84,中期趨勢仍向下；ETF短中期同步減碼；20日累積後5日轉為調節；ETF 1/3日已轉為減碼；外資持股5/10日下降，且外資5日賣超；20日趨勢尚未上彎；當下除權息調整價未守20日EMA
240,2428,興勤,TWSE,電子零組件業,暫不承接,暫停加碼／跌破減碼,已有部位暫停加碼；若收盤跌破60日EMA約 253.28，且下一交易日仍未收復，先減碼三分之一；若ETF或外資繼續轉弱，再分批降低部位。,50.1,88,227,226.75,46.62,20.42,,,,,20.77,2.49,2.58,2,0,0,0,0,-41,0,-9.492,-459.461,234.37099999999992,575.0989999999999,0,0,0,259,0,0,0,-10.589000000000002,-44.777,19.12,-33,-172,392,,-9.029,-448.87200000000007,279.14799999999985,424.06899999999996,39.6,48.38,34.47,76.2,false,false,-7.36,14.07,中期趨勢仍向下；20日趨勢尚未上彎；當下除權息調整價未守20日EMA
241,4766,南寶,TWSE,化學工業,暫不承接,停止加碼／開始減碼,已有部位先停止加碼。反彈若仍未站回 340.54，分批降低部位；只有站回且ETF／外資賣壓收斂後才重新評估。,50,88,320,318.75,12.82,9.33,,,,,15.39,2.95,5.63,6,-30,-29,-25,-23,10,0,-6.644,95.309,-103.513,-888.808,-30,-24,-20,13,2,1,-7668000,60.044,50.730999999999995,15.34,14,-155,-236,,24.685,59.265,-134.244,-921.244,40.1,49.4,39.44,69.32,false,false,-2.05,3.73,中期趨勢仍向下；ETF短中期同步減碼；20日累積後5日轉為調節；ETF 1/3日已轉為減碼；20日趨勢尚未上彎；當下除權息調整價未守20日EMA
242,2313,華通,TWSE,電子零組件業,暫不承接,暫停加碼／跌破減碼,已有部位暫停加碼；若收盤跌破60日EMA約 223.66，且下一交易日仍未收復，先減碼三分之一；若ETF或外資繼續轉弱，再分批降低部位。,49.9,84.7,219.5,218.25,20.96,13.2,,,,,38.45,5.55,1.28,17,-2,37,39,169,956,-16,6342.061,13800.517,30924.958,30602.254999999997,-2,7909,2029.5900000000001,16560.59,4,1,1724162000,521.478,265.0979999999999,19.67,5917,39471,24092,,5671.811,5370.038999999999,28630.269999999997,15285.822999999997,53.38,71.66,49.02,116.95,false,false,7.32,42.53,中期趨勢仍向下；主動ETF 5日轉為減碼；外資持股趨勢資料不足或期間有非市場異動；20日趨勢尚未上彎；短線過熱或乖離過大；高波動且5日漲幅過大
243,1210,大成,TWSE,食品工業,暫不承接,停止加碼／開始減碼,已有部位先停止加碼。反彈若仍未站回 56.51，分批降低部位；只有站回且ETF／外資賣壓收斂後才重新評估。,49.8,88,54.9,54.9,12.17,6.36,,,,,13.03,1.83,5.45,5,0,-2,-2,488,1785,0,-2122.872,-6490.5419999999995,-4961.623999999999,-3005.047999999999,0,16,523,1808,3,0,880000,-671.06,610.3720000000001,7.97,-2079,-4077,-3925,,-2132.932,-5835.481999999999,-6094.995999999998,-7309.332999999998,37.27,13.56,21.31,-1.94,false,false,-2.86,-4.36,中期趨勢仍向下；20日累積後5日轉為調節；外資持股5/10日下降，且外資5日賣超；20日趨勢尚未上彎；當下除權息調整價未守20日EMA；2日內除權息，等待價格重置
244,1319,東陽,TWSE,汽車工業,暫不承接,停止加碼／開始減碼,已有部位先停止加碼。反彈若仍未站回 79.23，分批降低部位；只有站回且ETF／外資賣壓收斂後才重新評估。,49.8,88,75.9,76.15,3.04,-14.34,,,,,13.09,1.48,6.86,8,-114,-120,-80,-80,-1786,0,270.929,350.09299999999996,1619.9970000000003,-639.5989999999997,-114,-67,-56,-1679.213,2,3,-4884300,95.61900000000001,-134.185,9.33,251,973,1253,,395.929,321.47399999999993,1810.182,1173.19,52.26,71.5,53.01,108.48,false,false,2.56,6.3,累計營收負成長且當月改善不足；中期趨勢仍向下；ETF短中期同步減碼；ETF 1/3日已轉為減碼；20日趨勢尚未上彎
245,9802,鈺齊-KY,TWSE,運動休閒,暫不承接,停止加碼／開始減碼,已有部位先停止加碼。反彈若仍未站回 75.11，分批降低部位；只有站回且ETF／外資賣壓收斂後才重新評估。,49.8,88,69.4,69.3,15.45,0.37,,,,,12.22,1.03,7.36,1,-312,-312,-312,-312,-557,-312,270.157,36.53299999999999,468.592,1652.275,-312,-306,-300,-547,3,1,-21205800,21.976,38.718,42.18,528,740,1035,,542.987,320.557,729.874,2134.906,36.59,19.7,27.08,4.92,false,false,-4.2,-2.94,中期趨勢仍向下；ETF短中期同步減碼；ETF 1/3日已轉為減碼；主動ETF 5日轉為減碼；20日趨勢尚未上彎；當下除權息調整價未守20日EMA
246,2369,菱生,TWSE,半導體業,暫不承接,停止加碼／開始減碼,已有部位先停止加碼。反彈若仍未站回 34.77，分批降低部位；只有站回且ETF／外資賣壓收斂後才重新評估。,49.7,88,33.65,33.67,36.52,37.3,,,,,,2.6,,1,0,0,0,0,0,0,2237.172,-334.6450000000001,-11714.957999999999,-25851.017999999996,0,0,0,0,0,0,0,108.272,-477.01099999999997,15.12,1668,-8222,-13843,,2223.667,-442.91700000000003,-11237.947,-24726.431,47.95,65.03,44.05,107,false,false,-0.57,25.09,中期趨勢仍向下；外資持股5/10日下降，且外資5日賣超；20日趨勢尚未上彎；當下除權息調整價未守20日EMA；短線過熱或乖離過大；高波動且5日漲幅過大；借券賣出與借券賣出餘額壓力升高
247,2204,中華,TWSE,汽車工業,暫不承接,停止加碼／開始減碼,已有部位先停止加碼。反彈若仍未站回 54.42，分批降低部位；只有站回且ETF／外資賣壓收斂後才重新評估。,49.6,88,50.3,50.3,6.71,10.1,,,,,9.5,0.77,6.99,4,-664,-1194,-1194,-1193,-1429,-1171,3873.234,3599.503,3397.464,1073.9059999999997,-663.672,-1183.623,-1171.849,-1251.578,2,3,-60956585,-260.212,-240.23799999999997,18.45,4538,3237,3018,,4537.689,5043.338000000001,4809.5509999999995,2199.4639999999995,32.62,18.25,19.13,16.5,false,true,-5.37,-3.64,中期趨勢仍向下；ETF短中期同步減碼；ETF 1/3日已轉為減碼；主動ETF 5日轉為減碼；投信5/10日持續且具金額意義的賣超；20日趨勢尚未上彎；當下除權息調整價未守20日EMA
248,2472,立隆電,TWSE,電子零組件業,暫不承接,停止加碼／開始減碼,已有部位先停止加碼。反彈若仍未站回 288.03，分批降低部位；只有站回且ETF／外資賣壓收斂後才重新評估。,49.6,88,235.5,233.5,36.2,18.17,,,,,27.8,4.12,1.46,7,32,105,105,162,-164,105,-313.17,-1225.095,2092.742,7686.454,31.4,-1757.1399999999999,-1703.1399999999999,-2319.14,1,4,-422592170,32.61100000000001,-68.73499999999999,11.29,-623,700,8926,,-304.978,499.4339999999999,3864.6169999999997,10244.061,38.11,43.25,30.42,68.91,false,false,-12.3,16.01,中期趨勢仍向下；投信5/10日持續且具金額意義的賣超；20日趨勢尚未上彎；當下除權息調整價未守20日EMA；高波動且5日漲幅過大
249,1402,遠東新,TWSE,紡織纖維,暫不承接,暫停加碼／跌破減碼,已有部位暫停加碼；若收盤跌破60日EMA約 27.34，且下一交易日仍未收復，先減碼三分之一；若ETF或外資繼續轉弱，再分批降低部位。,49.4,88,26.8,26.88,12.06,5.35,,,,,16.58,0.61,4.68,14,11,-3994,-4021,1682,21233,-3788,2340.012,22064.557,58496.587,118869.24099999998,10.852,-3950.5460000000003,1813.8319999999997,21321.263,3,2,-105479578,-1064.926,-2822.4539999999997,15.73,2931,71300,137371,,2975.771,27080.029,59505.209,100483.301,41.94,23.89,31.74,8.2,false,false,-1.7,-1.29,中期趨勢仍向下；20日累積後5日轉為調節；主動ETF 5日轉為減碼；20日趨勢尚未上彎；當下除權息調整價未守20日EMA
250,3596,智易,TWSE,通信網路業,暫不承接,停止加碼／開始減碼,已有部位先停止加碼。反彈若仍未站回 184.33，分批降低部位；只有站回且ETF／外資賣壓收斂後才重新評估。,49.3,100,182,182.5,3.96,1.92,6.57,69.48,125.16,6.5,14.82,2.63,4.8,4,-2,-198,-198,-198,-172,-195,477.494,1440.194,1104.0109999999997,1765.3509999999997,-1.228,-197.45499999999998,-197.45499999999998,-171.677,0,3,-37022812,12.488,-61.657,34.7,430,1991,1705,,464.761,1625.161,1363.1229999999998,2277.415,48.56,67.43,56.71,88.87,false,false,-0.39,8.01,中期趨勢仍向下；ETF短中期同步減碼；ETF 1/3日已轉為減碼；主動ETF 5日轉為減碼；投信5/10日持續且具金額意義的賣超；20日趨勢尚未上彎；當下除權息調整價未守20日EMA
251,2305,全友,TWSE,電腦及週邊設備業,暫不承接,停止加碼／開始減碼,已有部位先停止加碼。反彈若仍未站回 31.46，分批降低部位；只有站回且ETF／外資賣壓收斂後才重新評估。,49.3,88,26.45,26.45,142.33,79.62,,,,,108.7,2.53,,1,0,1,10,64,219,0,-2337.147,-2293.415,-5825.29,-7639.664,0,10,64,219,3,1,293500,-54.044,-9.916,3.54,-2315,-6447,-6179,,-2336.863,-2249.371,-5879.374,-7729.826,38.4,30.81,35.61,21.21,false,true,-15.92,-3.99,中期趨勢仍向下；外資持股5/10日下降，且外資5日賣超；20日趨勢尚未上彎；當下除權息調整價未守20日EMA
252,3045,台灣大,TWSE,通信網路業,暫不承接,停止加碼／開始減碼,已有部位先停止加碼。反彈若仍未站回 113.14，分批降低部位；只有站回且ETF／外資賣壓收斂後才重新評估。,49.2,88,110.5,110.25,6.57,3.74,,,,,22.41,3.68,4.29,37,-89,-1641,1240,2172,-3558,-1723,-70.75,7957.143,38897.31199999999,110699.076,-31.845,-330.2700000000003,-465.2810000000002,-12298.305,2,3,-36494835,123.183,1346.516,16.42,438,53192,91158,,113.857,8164.2300000000005,38016.077,120874.07699999999,38.68,22.32,38.32,-9.67,false,false,-1.71,-3.07,中期趨勢仍向下；ETF 1/3日已轉為減碼；主動ETF 5日轉為減碼；投信5/10日持續且具金額意義的賣超；20日趨勢尚未上彎；當下除權息調整價未守20日EMA；官方重大訊息出現高風險關鍵字，須查原文
253,6526,達發,TWSE,半導體業,暫不承接,暫停加碼／跌破減碼,已有部位暫停加碼；若收盤跌破60日EMA約 611.86，且下一交易日仍未收復，先減碼三分之一；若ETF或外資繼續轉弱，再分批降低部位。,49,88,639,636.5,14.4,9.3,,,,,36.28,5.9,2.14,15,-10,-61,-19,-12,263,-49,193.606,-64.836,42.99900000000001,-38.06099999999998,15,-141,-201,102,3,2,-89112000,20.125999999999998,6.048999999999997,7.29,121,-23,-387,,139.974,56.03799999999998,237.94999999999996,-98.48300000000006,56.77,73.48,53.56,113.31,false,false,8.21,29.61,ETF短中期同步減碼；20日累積後5日轉為調節；ETF 1/3日已轉為減碼；主動ETF 5日轉為減碼；20日趨勢尚未上彎；短線過熱或乖離過大；高波動且5日漲幅過大
254,2402,毅嘉,TWSE,電子零組件業,暫不承接,暫停加碼／跌破減碼,已有部位暫停加碼；若收盤跌破60日EMA約 61.07，且下一交易日仍未收復，先減碼三分之一；若ETF或外資繼續轉弱，再分批降低部位。,48.8,88,54.3,54.2,21.7,16.07,,,,,27.69,2.34,3.7,2,0,0,0,0,61,0,-241.657,-11.11999999999999,-341.167,-3074.109,0,0,0,61,0,0,0,106.235,-280.293,4.9,-3,924,-94,,-233.327,-117.355,-60.87400000000003,-2258.364,40.37,49.28,37.36,73.12,false,false,-4.33,12.19,中期趨勢仍向下；20日趨勢尚未上彎；當下除權息調整價未守20日EMA
255,2409,友達,TWSE,光電業,暫不承接,暫停加碼／跌破減碼,已有部位暫停加碼；若收盤跌破60日EMA約 24.91，且下一交易日仍未收復，先減碼三分之一；若ETF或外資繼續轉弱，再分批降低部位。,48.8,85,24.1,23.98,13.83,-1,,,,,76.41,1.23,1.64,11,-1,2023,2282,2524,6451,2112,-30756.574,-51211.67600000001,8108.332999999993,-9153.811000000016,-0.445,2368.49,2682.738,6560.088,4,1,57909581,486.8290000000004,-4041.8139999999994,10.59,-19760,-24473,-93042,,-29375.079,-54066.995,9467.408999999994,-4383.548999999999,43.09,50.09,40.1,70.08,false,false,-4.91,8.56,中期趨勢仍向下；外資持股趨勢資料不足或期間有非市場異動；20日趨勢尚未上彎；當下除權息調整價未守20日EMA
256,3035,智原,TWSE,半導體業,暫不承接,暫停加碼／跌破減碼,已有部位暫停加碼；若收盤跌破60日EMA約 189.86，且下一交易日仍未收復，先減碼三分之一；若ETF或外資繼續轉弱，再分批降低部位。,48.6,100,171.5,170.75,26.57,-50.61,6.21,28.62,211.45,1.16,67.52,2.61,1.05,5,0,0,10,13,140,0,1144.215,483.389,-1495.546,1777.1329999999998,0,10,13,139,1,0,1715000,-623.315,-1463.49,13.19,1328,1860,-644,,1016.884,1096.7039999999993,-45.05600000000072,2998.7119999999995,42.3,36.04,29.85,48.41,true,false,-5.64,13.95,中期趨勢仍向下；20日趨勢尚未上彎；當下除權息調整價未守20日EMA；高波動且5日漲幅過大
257,8081,致新,TWSE,半導體業,暫不承接,停止加碼／開始減碼,已有部位先停止加碼。反彈若仍未站回 267.90，分批降低部位；只有站回且ETF／外資賣壓收斂後才重新評估。,48.6,88,260,259.25,7.19,-1.3,,,,,14.68,3.05,6.2,9,-1,-92,-45,-45,279,-88,59.568,-4.7669999999999675,-1797.415,-1619.9720000000002,-0.852,-89.703,-89.703,-39.55000000000001,1,3,-23143374,-13.475999999999999,-0.8320000000000016,17.26,91,-621,-749,,53.161,98.41200000000003,-1706.8799999999999,-1221.549,48.54,67.85,54.14,95.26,false,false,0.46,12.07,累計營收負成長且當月改善不足；中期趨勢仍向下；ETF短中期同步減碼；20日累積後5日轉為調節；ETF 1/3日已轉為減碼；主動ETF 5日轉為減碼；投信5/10日持續且具金額意義的賣超；20日趨勢尚未上彎
258,2645,長榮航太,TWSE,航運業,暫不承接,停止加碼／開始減碼,已有部位先停止加碼。反彈若仍未站回 196.59，分批降低部位；只有站回且ETF／外資賣壓收斂後才重新評估。,48.5,87.5,194,193.25,13.01,12.44,,,,,30,5.81,2.54,5,-5,-127,-59,-8,-282,-145,425.963,421.57700000000006,1026.1490000000001,1513.025,0,-699,-1512,-4116,1,3,-137353500,15.600000000000001,35.62200000000001,10.98,422,3657,7377,,422.491,1104.9769999999999,2502.527,5591.138999999999,48.42,55.91,36.36,94.99,false,false,-1.32,10.23,ETF短中期同步減碼；ETF 1/3日已轉為減碼；主動ETF 5日轉為減碼；投信5/10日持續且具金額意義的賣超；20日趨勢尚未上彎；當下除權息調整價未守20日EMA
259,3016,嘉晶,TWSE,半導體業,暫不承接,停止加碼／開始減碼,已有部位先停止加碼。反彈若仍未站回 105.10，分批降低部位；只有站回且ETF／外資賣壓收斂後才重新評估。,48.4,100,103,102.75,41.17,27.87,14.09,31.1,295.64,1,86.67,5.8,0.48,1,0,0,0,0,0,0,282.106,-1008.018,302.8820000000002,-3180.0460000000003,0,0,0,0,0,0,0,150.887,-16.200000000000003,4.94,203,-3118,-5987,,185.142,-1158.905,319.0820000000001,-2979.3230000000003,49.95,68.72,43.54,119.08,false,false,2.91,38.44,中期趨勢仍向下；外資持股5/10日下降，且外資5日賣超；20日趨勢尚未上彎；短線過熱或乖離過大；高波動且5日漲幅過大
260,6415,矽力*-KY,TWSE,半導體業,暫不承接,停止加碼／開始減碼,已有部位先停止加碼。反彈若仍未站回 481.52，分批降低部位；只有站回且ETF／外資賣壓收斂後才重新評估。,48.4,87.7,446,444.5,37.77,25.54,,,,,59.81,4.53,0.57,15,-284,-314,-279,-472,-775,-349,-330.247,-478.85699999999997,-270.69699999999995,-2335.412,-443,-2156,-4662.64,-7376.64,0,5,-959420000,48.426,-223.029,80.75,38,2807,4251,,75.041,1628.717,4614.972000000001,5365.8240000000005,45.21,57.67,42.26,88.5,false,false,-2.27,18.77,中期趨勢仍向下；ETF短中期同步減碼；ETF 1/3日已轉為減碼；主動ETF 5日轉為減碼；投信5/10日持續且具金額意義的賣超；20日趨勢尚未上彎；當下除權息調整價未守20日EMA；高波動且5日漲幅過大
261,4585,達明,TWSE,其他電子業,暫不承接,暫停加碼／跌破減碼,已有部位暫停加碼；若收盤跌破60日EMA約 310.65，且下一交易日仍未收復，先減碼三分之一；若ETF或外資繼續轉弱，再分批降低部位。,48.3,88,302,302,41.88,11.7,,,,,228.03,4.58,0.33,2,0,0,0,0,0,0,95.449,108.39999999999999,48.651999999999994,-46.85400000000001,0,1,3,3,1,0,301000,-14.455000000000002,-30.284000000000002,0.48,87,149,148,,88.855,121.855,75.93599999999999,34.349999999999994,50.17,58.94,42,92.83,false,false,1.1,11.85,中期趨勢仍向下；20日趨勢尚未上彎
262,6278,台表科,TWSE,光電業,暫不承接,停止加碼／開始減碼,已有部位先停止加碼。反彈若仍未站回 174.34，分批降低部位；只有站回且ETF／外資賣壓收斂後才重新評估。,48.3,88,161,160.5,9.24,3.13,,,,,19.18,2.18,3.31,9,0,175,-375,-720,657,-225,-435.685,-552.8229999999999,2898.4710000000005,-3221.2289999999994,-231,-678.0699999999999,-902.0699999999999,-2913.0699999999997,2,3,-113915760,121.96099999999998,13.663999999999987,17.11,-296,2818,8212,,-316.1,3.2859999999999445,3786.877,664.0709999999999,46.56,65.52,45.11,106.36,false,false,-0.92,23.37,中期趨勢仍向下；ETF短中期同步減碼；20日累積後5日轉為調節；主動ETF 5日轉為減碼；投信5/10日持續且具金額意義的賣超；20日趨勢尚未上彎；當下除權息調整價未守20日EMA；短線過熱或乖離過大；高波動且5日漲幅過大
263,2355,敬鵬,TWSE,電子零組件業,暫不承接,暫停加碼／跌破減碼,已有部位暫停加碼；若收盤跌破60日EMA約 47.92，且下一交易日仍未收復，先減碼三分之一；若ETF或外資繼續轉弱，再分批降低部位。,48.2,88,41.3,41.18,4.44,4.61,,,,,24.23,0.92,2.44,1,0,0,0,-115,-598,0,226.225,232.087,1074.1009999999999,4397.947,0,0,-115,-598,0,0,0,1.1370000000000005,-387.431,17.62,298,7017,11124,,119.502,230.95000000000005,1576.532,6186.038,42.36,66.08,42.7,112.84,false,false,-2.39,19.71,中期趨勢仍向下；20日趨勢尚未上彎；當下除權息調整價未守20日EMA
264,1802,台玻,TWSE,玻璃陶瓷,暫不承接,停止加碼／開始減碼,已有部位先停止加碼。反彈若仍未站回 60.04，分批降低部位；只有站回且ETF／外資賣壓收斂後才重新評估。,47.9,88,54.2,53.85,27,11.68,,,,,414.62,3.16,,7,0,0,1,-568,-1160,0,-4542.174,-4033.642,-5135.155,-40421.377,0,-70,-692,-2074,2,1,-3773000,-1488.846,-1809.7769999999998,4.89,-2309,-3924,-24397,,-4304.735,-2474.796,-2633.377999999999,-41788.373999999996,47.15,63.37,42.28,105.55,false,false,0.24,27.23,中期趨勢仍向下；外資持股5/10日下降，且外資5日賣超；20日趨勢尚未上彎；當下除權息調整價未守20日EMA；短線過熱或乖離過大；高波動且5日漲幅過大
265,3042,晶技,TWSE,電子零組件業,暫不承接,停止加碼／開始減碼,已有部位先停止加碼。反彈若仍未站回 174.91，分批降低部位；只有站回且ETF／外資賣壓收斂後才重新評估。,47.9,88,172.5,171,19.98,7.73,,,,,33.78,3.98,2.71,8,0,-157,-270,-317,-739,-115,1390.115,7184.638000000001,11010.926000000001,5594.535000000002,-0.1,-110.1,-2881.1,-3220.1,2,3,-19487700,989.2060000000002,398.46700000000016,21.87,1140,9468,14708,,1201.775,6305.532000000001,13493.559,10793.510000000002,49.64,68.37,49.76,105.59,false,false,1.87,25.91,中期趨勢仍向下；ETF短中期同步減碼；主動ETF 5日轉為減碼；投信5/10日持續且具金額意義的賣超；20日趨勢尚未上彎；短線過熱或乖離過大；高波動且5日漲幅過大；融資增幅與短線漲幅同步偏高
266,2439,美律,TWSE,通信網路業,暫不承接,停止加碼／開始減碼,已有部位先停止加碼。反彈若仍未站回 86.47，分批降低部位；只有站回且ETF／外資賣壓收斂後才重新評估。,47.8,100,80.2,80.25,0.15,11.89,0.98,54.44,163.73,1.54,14.85,1.21,4.91,6,-2,-5,-4,-4,-18,0,-579.435,-2091.614,-3469.672,-7973.1900000000005,-2.515,-4.027,-4.027,-18.529,1,2,-327798,62.12600000000001,-85.77799999999999,10.13,-830,-2944,-2836,,-646.48,-2149.713,-3379.867,-7389.867,32.79,30.94,27.84,37.13,true,false,-3.69,-0.87,中期趨勢仍向下；ETF短中期同步減碼；ETF 1/3日已轉為減碼；外資持股5/10日下降，且外資5日賣超；20日趨勢尚未上彎；當下除權息調整價未守20日EMA；單季稅前獲利對營業外貢獻依賴偏高
267,2498,宏達電,TWSE,通信網路業,暫不承接,暫停加碼／跌破減碼,已有部位暫停加碼；若收盤跌破60日EMA約 42.69，且下一交易日仍未收復，先減碼三分之一；若ETF或外資繼續轉弱，再分批降低部位。,47.8,93,40.6,40.58,-8.53,-9.73,-89.63,32.56,220.19,-0.62,15.62,1.29,1.24,4,0,0,0,1,-12,0,1620.041,2527.109,-348.95600000000024,-494.4340000000002,0,0,1,-12,0,0,0,182.605,-277.11400000000003,9.04,1465,8096,6179,,1492.663,2344.504,-72.84200000000011,515.8029999999999,44.49,46.2,36.05,66.5,false,false,-1.6,7.27,累計營收負成長且當月改善不足；中期趨勢仍向下；20日趨勢尚未上彎；當下除權息調整價未守20日EMA
268,1513,中興電,TWSE,電機機械,暫不承接,停止加碼／開始減碼,已有部位先停止加碼。反彈若仍未站回 163.25，分批降低部位；只有站回且ETF／外資賣壓收斂後才重新評估。,47.7,88,159,159.25,8.31,3.48,,,,,19.56,3.7,3.73,11,-14,-141,-47,-366,-2604,-154,973.971,3867.8819999999996,-544.4690000000006,1012.3519999999994,-4.33,-174.12,-799.641,-3833.063,1,4,-28033320,22.626,-538.784,10.55,738,1776,6593,,1000.71,4019.3759999999997,793.9559999999999,4431.948,46.8,65.01,48.65,97.72,false,false,-0.63,8.16,中期趨勢仍向下；ETF短中期同步減碼；ETF 1/3日已轉為減碼；主動ETF 5日轉為減碼；投信5/10日持續且具金額意義的賣超；20日趨勢尚未上彎；當下除權息調整價未守20日EMA
269,3715,定穎投控,TWSE,電子零組件業,暫不承接,停止加碼／開始減碼,已有部位先停止加碼。反彈若仍未站回 144.67，分批降低部位；只有站回且ETF／外資賣壓收斂後才重新評估。,47.7,88,116.5,115.75,45.48,36.23,,,,,112.89,2.89,0.99,2,0,0,0,-83,-430,0,-495.432,-1908.272,3021.75,-723.1660000000002,0,-208,-291,-1165,0,3,-22776000,185.25699999999998,-202.51600000000002,12.78,-699,2035,7442,,-592.222,-1885.529,3515.2659999999996,1230.8099999999995,42.58,55.44,35.35,95.62,false,false,-2.95,28.16,中期趨勢仍向下；投信5/10日持續且具金額意義的賣超；20日趨勢尚未上彎；當下除權息調整價未守20日EMA；短線過熱或乖離過大；高波動且5日漲幅過大
270,4958,臻鼎-KY,TWSE,電子零組件業,暫不承接,停止加碼／開始減碼,已有部位先停止加碼。反彈若仍未站回 489.02，分批降低部位；只有站回且ETF／外資賣壓收斂後才重新評估。,47.6,88,477.5,473.5,32.83,13.89,,,,,68.83,4.15,0.7,40,-1,934,914,1156,3289,133,-1944.03,-12969.576000000001,-18251.361,-9619.597999999998,230.315,3997.224,-910.9369999999998,7120.111,4,1,1950645312,692.2170000000001,-22.006999999999834,56.76,-2764,-28694,-44561,,-2568.586,-17659.017,-17318.417,-16950.752999999997,47.23,60.13,38.53,103.32,false,false,-1.76,26.99,中期趨勢仍向下；外資持股5/10日下降，且外資5日賣超；20日趨勢尚未上彎；當下除權息調整價未守20日EMA；短線過熱或乖離過大；高波動且5日漲幅過大；融資增幅與短線漲幅同步偏高
271,3090,日電貿,TWSE,電子零組件業,暫不承接,停止加碼／開始減碼,已有部位先停止加碼。反彈若仍未站回 198.62，分批降低部位；只有站回且ETF／外資賣壓收斂後才重新評估。,47.4,100,153.5,151.75,32.37,22.69,12.12,30.9,156.34,4.91,30.63,2.4,3.27,7,0,-74,-70,60,263,-88,-1480.261,-10049.299,-9774.434,-9731.981,0,-4328,-5505,-18855,1,3,-636216000,-80.97600000000003,-64.23400000000001,12.52,-1320,-3660,8152,,-1354.469,-5640.323,-4205.2,9459.586,38.05,52.29,32.26,92.36,false,false,-12.54,34.65,中期趨勢仍向下；20日累積後5日轉為調節；主動ETF 5日轉為減碼；投信5/10日持續且具金額意義的賣超；20日趨勢尚未上彎；當下除權息調整價未守20日EMA；短線過熱或乖離過大；高波動且5日漲幅過大；融資增幅與短線漲幅同步偏高
272,2385,群光,TWSE,電子零組件業,暫不承接,停止加碼／開始減碼,已有部位先停止加碼。反彈若仍未站回 112.85，分批降低部位；只有站回且ETF／外資賣壓收斂後才重新評估。,47.3,100,102.5,102.75,-5.48,-5.27,5.03,52.04,143.4,5.06,11.74,1.83,6.92,26,-141,-485,-232,-1059,-6022,-289,327.434,5288.912,3204.015,12374.663,-125.711,-441.9680000000001,-1392.701,-7671.1410000000005,2,3,-45964672,-796.456,-695.8560000000001,22.35,815,11209,17337,,513.021,6527.335999999999,5292.571999999998,20199.952999999998,38.49,51.47,54.98,44.46,false,true,-2.87,-1.91,累計營收負成長且當月改善不足；中期趨勢仍向下；ETF短中期同步減碼；ETF 1/3日已轉為減碼；主動ETF 5日轉為減碼；投信5/10日持續且具金額意義的賣超；20日趨勢尚未上彎；當下除權息調整價未守20日EMA；官方重大訊息出現高風險關鍵字，須查原文
273,8261,富鼎,TWSE,半導體業,暫不承接,停止加碼／開始減碼,已有部位先停止加碼。反彈若仍未站回 213.12，分批降低部位；只有站回且ETF／外資賣壓收斂後才重新評估。,46.8,100,186,185.75,16.09,8.1,23.89,19.47,421.83,3.07,26.91,3.74,2.79,2,0,-275,-267,-213,-3,-275,-1207.306,-1764.779,907.7600000000001,4629.598,0,-267,-213,-3,2,2,-47926500,-75.9,-326.03499999999997,9.71,-1492,2410,5280,,-1197.433,-1421.879,1446.795,4997.665,39.82,28.53,17.74,50.09,false,false,-12.73,17.72,中期趨勢仍向下；ETF短中期同步減碼；主動ETF 5日轉為減碼；20日趨勢尚未上彎；當下除權息調整價未守20日EMA；高波動且5日漲幅過大
274,9904,寶成,TWSE,運動休閒,暫不承接,暫停加碼／跌破減碼,已有部位暫停加碼；若收盤跌破60日EMA約 25.18，且下一交易日仍未收復，先減碼三分之一；若ETF或外資繼續轉弱，再分批降低部位。,46.7,88,23.75,23.75,-3.26,-2.86,,,,,6.46,0.46,5.54,11,41,147,684,-1852,-12376,0,-25658.313,-29583.014999999996,-32048.56099999999,-27251.68099999999,91.239,-8.103999999999997,-2955.365,-17670.764,2,2,-190039,-9.570000000000007,182.57400000000004,28.12,-20284,-20055,5824,,-25566.204,-29565.341000000008,-29275.770000000004,-11760.450000000004,38.26,25.86,25.15,27.29,true,true,-1.85,-1.04,累計營收負成長且當月改善不足；中期趨勢仍向下；20日趨勢尚未上彎；當下除權息調整價未守20日EMA
275,2458,義隆,TWSE,半導體業,暫不承接,暫停加碼／跌破減碼,已有部位暫停加碼；若收盤跌破60日EMA約 161.21，且下一交易日仍未收復，先減碼三分之一；若ETF或外資繼續轉弱，再分批降低部位。,46.6,88,147,146.75,7.13,4.54,,,,,17.68,4.75,4.4,17,-44,-291,-129,468,1666,-199,361.972,778.7220000000002,1432.3860000000002,2509.2389999999996,-43.415,-122.82899999999995,480.17100000000005,2912.975,2,3,-19714054,-68.411,-194.50500000000002,23.42,207,2472,2384,,352.213,969.962,1146.7199999999998,185.42599999999948,37.35,30.97,30.94,31.03,false,false,-9.14,-0.68,中期趨勢仍向下；20日累積後5日轉為調節；ETF 1/3日已轉為減碼；主動ETF 5日轉為減碼；投信20日買超後近5日轉賣；20日趨勢尚未上彎；當下除權息調整價未守20日EMA；官方重大訊息出現高風險關鍵字，須查原文
276,6919,康霈*,TWSE,生技醫療業,暫不承接,暫停加碼／跌破減碼,已有部位暫停加碼；若收盤跌破60日EMA約 105.13，且下一交易日仍未收復，先減碼三分之一；若ETF或外資繼續轉弱，再分批降低部位。,46.6,88,107,106.5,,-70.78,,,,,,18.02,,4,0,0,0,0,4,0,1610.674,5263.96,10503.498,18649.036999999997,0,0,0,-8,0,0,0,-55.10900000000002,-40.98900000000003,14.86,1519,9820,15411,,1599.827,5319.069,10544.487000000001,18815.218,53.84,69.96,59.96,89.97,false,false,1.98,3.88,
277,3059,華晶科,TWSE,光電業,暫不承接,暫停加碼／跌破減碼,已有部位暫停加碼；若收盤跌破60日EMA約 42.79，且下一交易日仍未收復，先減碼三分之一；若ETF或外資繼續轉弱，再分批降低部位。,46.5,88,40.25,40.23,3.02,7.47,,,,,32.52,1.23,2.5,2,0,0,0,0,0,0,446.213,1108.4840000000002,1605.417,3592.3019999999997,0,0,0,0,0,0,0,-91.98599999999999,-326.19,8.46,464,2214,3606,,454,1200.47,1931.607,4935.87,43.68,60.21,39.91,100.82,false,false,-1.8,11.03,中期趨勢仍向下；20日趨勢尚未上彎；當下除權息調整價未守20日EMA
278,4571,鈞興-KY,TWSE,電機機械,暫不承接,暫停加碼／跌破減碼,已有部位暫停加碼；若收盤跌破60日EMA約 168.06，且下一交易日仍未收復，先減碼三分之一；若ETF或外資繼續轉弱，再分批降低部位。,46.5,88,164.5,164.25,5.51,-1.05,,,,,18.09,2.51,3.23,1,0,0,0,0,1,0,75.837,131.45499999999998,-112.46000000000001,-362.435,0,0,0,0,0,0,0,19.291,17.956999999999997,64.15,64,26,-3,,58.164,112.16399999999999,-130.417,-369.219,54.92,74.27,55.46,111.89,false,false,5,18.77,累計營收負成長且當月改善不足；中期趨勢仍向下；20日趨勢尚未上彎
279,6271,同欣電,TWSE,半導體業,暫不承接,停止加碼／開始減碼,已有部位先停止加碼。反彈若仍未站回 208.10，分批降低部位；只有站回且ETF／外資賣壓收斂後才重新評估。,46.3,100,192,191.25,10.56,1.65,16.16,24.15,259.54,4.37,21.37,1.46,1.58,3,0,0,-494,-955,-805,-494,-2690.602,-7908.502,-8726.614,-5060.288999999999,0,-822,-3204,-4147,0,2,-156180000,736.453,623.7509999999999,28.14,-2994,-8386,-3305,,-2995.874,-7822.955,-6146.365000000001,-1021.420000000001,46.69,65.4,42.62,110.96,false,false,-0.76,28.86,中期趨勢仍向下；ETF短中期同步減碼；主動ETF 5日轉為減碼；外資持股5/10日下降，且外資5日賣超；20日趨勢尚未上彎；當下除權息調整價未守20日EMA；短線過熱或乖離過大；高波動且5日漲幅過大；融資增幅與短線漲幅同步偏高
280,1102,亞泥,TWSE,水泥工業,暫不承接,停止加碼／開始減碼,已有部位先停止加碼。反彈若仍未站回 34.20，分批降低部位；只有站回且ETF／外資賣壓收斂後才重新評估。,46.3,88,32.9,32.88,-2.21,-7.24,,,,,10.94,0.65,7.06,17,34,-3648,-2873,-2209,2161,-3860,114.379,810.5059999999999,8028.507,-34806.729,99.736,-3773.588,-3641.179,-4855.725,3,2,-123018969,-361.832,593.324,12.58,1260,27543,15147,,215.822,4945.9259999999995,11076.362000000001,-25080.417,42.07,38.41,37.78,39.68,true,true,-1.33,-0.9,累計營收負成長且當月改善不足；中期趨勢仍向下；ETF短中期同步減碼；20日累積後5日轉為調節；主動ETF 5日轉為減碼；20日趨勢尚未上彎；當下除權息調整價未守20日EMA
281,2467,志聖,TWSE,電子零組件業,暫不承接,停止加碼／開始減碼,已有部位先停止加碼。反彈若仍未站回 542.59，分批降低部位；只有站回且ETF／外資賣壓收斂後才重新評估。,46.3,85,514,513.5,94.08,78.92,,,,,68.75,9.7,1.06,8,1,-120,-88,-84,-183,-92,139.086,71.54600000000002,261.96600000000007,-835.6299999999999,-10.538,-96.02000000000001,-89.93300000000002,-354.85900000000004,2,3,-49642340,-22.474000000000004,221.31900000000002,20.2,148,-550,-408,,152.09,190.04000000000002,130.57999999999998,-581.0830000000001,46.75,58.61,43.42,88.98,false,false,-1.96,16.03,中期趨勢仍向下；ETF短中期同步減碼；主動ETF 5日轉為減碼；投信5/10日持續且具金額意義的賣超；外資持股趨勢資料不足或期間有非市場異動；20日趨勢尚未上彎；當下除權息調整價未守20日EMA；高波動且5日漲幅過大
282,6789,采鈺,TWSE,半導體業,暫不承接,暫停加碼／跌破減碼,已有部位暫停加碼；若收盤跌破60日EMA約 478.85，且下一交易日仍未收復，先減碼三分之一；若ETF或外資繼續轉弱，再分批降低部位。,46.2,88,451.5,451.5,15.55,9.04,,,,,97.53,7.63,0.66,8,0,5,8,16,-123,0,96.993,336.29,1797.8029999999999,3057.9429999999998,0,13,25,-116,4,0,5895500,51.906,-117.39699999999999,4.69,79,2125,2657,,75.219,271.384,1890.2,3356.958,46.15,54.62,40.41,83.05,false,false,-1.8,17.27,中期趨勢仍向下；20日趨勢尚未上彎；當下除權息調整價未守20日EMA；高波動且5日漲幅過大；估值高且成長不足以支撐
283,1216,統一,TWSE,食品工業,暫不承接,暫停加碼／跌破減碼,已有部位暫停加碼；若收盤跌破60日EMA約 75.38，且下一交易日仍未收復，先減碼三分之一；若ETF或外資繼續轉弱，再分批降低部位。,46.1,88,73,72.8,4.6,3.29,,,,,19.78,2.87,4.1,31,-161,-2708,860,15253,52968,-2652,2145.089,59799.886,69302.48700000001,91434.07500000001,-64,-3335.6530000000002,8037.616,32778.05,1,4,-244169800,-128.12800000000004,5331.377,31.95,2501,34563,31977,,2717.656,63263.667,55933.49399999999,42284.07199999999,35.54,14.76,21.32,1.65,false,false,-3.7,-3.44,中期趨勢仍向下；ETF 1/3日已轉為減碼；主動ETF 5日轉為減碼；投信20日買超後近5日轉賣；20日趨勢尚未上彎；當下除權息調整價未守20日EMA
284,5285,界霖,TWSE,半導體業,暫不承接,暫停加碼／跌破減碼,已有部位暫停加碼；若收盤跌破60日EMA約 81.20，且下一交易日仍未收復，先減碼三分之一；若ETF或外資繼續轉弱，再分批降低部位。,46,88,77.5,77.5,14.12,11.04,,,,,36.86,2.66,1.94,1,0,0,0,0,0,0,-22.127,-91.62899999999998,147.468,370.76199999999994,0,-120,-120,-120,0,1,-9288000,-28.036,-61.977,8.27,-89,328,974,,-22.026,56.407000000000025,329.44500000000005,534.4240000000001,45.16,65.42,43.19,109.9,false,false,-2.54,19.6,中期趨勢仍向下；20日趨勢尚未上彎；當下除權息調整價未守20日EMA；高波動且5日漲幅過大
285,2646,星宇航空,TWSE,航運業,暫不承接,暫停加碼／跌破減碼,已有部位暫停加碼；若收盤跌破60日EMA約 21.18，且下一交易日仍未收復，先減碼三分之一；若ETF或外資繼續轉弱，再分批降低部位。,45.9,88,21.1,21.13,40.81,30,,,,,236.67,2.01,,2,0,-1789,-1789,-1789,-1541,-1789,1138.697,2919.524,11079.946000000002,21732.74,0,-1764,-1734,-1500,2,2,-37573200,-268.66499999999996,-83.13499999999996,3.5,740,11044,16053,,1144.697,4952.189,12897.081,23121.947,46.33,27.59,35.96,10.84,false,false,-1.13,-2.09,ETF短中期同步減碼；主動ETF 5日轉為減碼；當下除權息調整價未守20日EMA
286,3583,辛耘,TWSE,半導體業,暫不承接,暫停加碼／跌破減碼,已有部位暫停加碼；若收盤跌破60日EMA約 756.49，且下一交易日仍未收復，先減碼三分之一；若ETF或外資繼續轉弱，再分批降低部位。,45.9,88,728,727.5,-2.67,6.79,,,,,47.66,7.4,0.82,8,39,41,123,-10,-415,123,-49.876,109.67999999999999,392.5,696.4920000000001,-76,22,-121,-642,2,2,15466000,82.259,0.9199999999999946,21.44,29,562,1275,,15.725,5.421000000000021,512.5800000000002,1426.73,48.2,61.94,44.36,97.1,false,false,0.22,22.56,中期趨勢仍向下；20日趨勢尚未上彎；短線過熱或乖離過大；高波動且5日漲幅過大
287,9938,百和,TWSE,其他,暫不承接,停止加碼／開始減碼,已有部位先停止加碼。反彈若仍未站回 45.42，分批降低部位；只有站回且ETF／外資賣壓收斂後才重新評估。,45.6,88,42.2,42.1,21.21,0.03,,,,,12.35,0.98,7.06,4,-281,-771,-771,-806,-832,-748,-520.376,-3527.704,-5866.257999999999,-5480.189999999999,-280.967,-770.3969999999999,-805.5169999999999,-529.795,1,2,-32741872,-666.298,-97.52000000000007,7.69,-99,-4100,-4554,,-226,-2091.009,-4963.221,-5391.221,31.14,11.82,24.28,-13.11,false,false,-6.52,-6.84,中期趨勢仍向下；ETF短中期同步減碼；ETF 1/3日已轉為減碼；主動ETF 5日轉為減碼；外資持股5/10日下降，且外資5日賣超；20日趨勢尚未上彎；當下除權息調整價未守20日EMA
288,6155,鈞寶,TWSE,電子零組件業,暫不承接,暫停加碼／跌破減碼,已有部位暫停加碼；若收盤跌破60日EMA約 64.17，且下一交易日仍未收復，先減碼三分之一；若ETF或外資繼續轉弱，再分批降低部位。,45.6,68,54.7,54.4,47.94,19.79,,,,,109.8,3.01,1.46,1,0,6,7,53,200,0,-31.376,-434.25699999999995,403.6980000000001,1325.656,0,7,53,200,3,0,384300,-46.495999999999995,14.741000000000003,9.75,-133,-259,803,,-21,-394.76099999999997,335.95700000000005,1109.778,38.64,59.64,41.6,95.72,false,false,-7.43,17.38,中期趨勢仍向下；20日趨勢尚未上彎；當下除權息調整價未守20日EMA
289,2371,大同,TWSE,電機機械,暫不承接,停止加碼／開始減碼,已有部位先停止加碼。反彈若仍未站回 27.56，分批降低部位；只有站回且ETF／外資賣壓收斂後才重新評估。,45.2,88,25.45,25.38,16.64,4.03,,,,,,1.13,,4,2,-1057,-1033,-1028,-1930,-1059,1831.861,7628.309,9765.694,13448.248,2,-1033,-1028,-1929,2,2,-26341500,-113.598,-598.564,6.19,1232,-2154,-7826,,1857.787,8774.907000000001,11392.258,16106.917000000001,44.13,59.74,43.03,93.16,false,false,-1.28,8.3,中期趨勢仍向下；ETF短中期同步減碼；主動ETF 5日轉為減碼；20日趨勢尚未上彎；當下除權息調整價未守20日EMA
290,5871,中租-KY,TWSE,其他,暫不承接,暫停加碼／跌破減碼,已有部位暫停加碼；若收盤跌破60日EMA約 113.17，且下一交易日仍未收復，先減碼三分之一；若ETF或外資繼續轉弱，再分批降低部位。,45.2,88,109,109.25,-0.82,-2,,,,,10.49,1.09,5.36,30,25,-976,-1098,7898,22281,-944,350.008,3489.895,18482.257999999998,45763.498999999996,25,-1097.076,3991.4120000000003,18276.558,2,3,-122872512,-442.5199999999999,-685.3199999999999,45.41,1048,20646,33996,,334.797,5029.491,15176.166000000001,26672.552,37.66,16.05,24.42,-0.7,false,false,-4.32,-1.36,累計營收負成長且當月改善不足；中期趨勢仍向下；20日累積後5日轉為調節；主動ETF 5日轉為減碼；投信20日買超後近5日轉賣；20日趨勢尚未上彎；當下除權息調整價未守20日EMA
291,3661,世芯-KY,TWSE,半導體業,暫不承接,暫停加碼／跌破減碼,"已有部位暫停加碼；若收盤跌破60日EMA約 3,815.46，且下一交易日仍未收復，先減碼三分之一；若ETF或外資繼續轉弱，再分批降低部位。",45.2,85,3645,3637.5,15.39,-39.74,,,,,52.91,6.82,0.95,25,-33,-25,44,90,233,-22,316.737,-137.65599999999995,-1530.203,-2877.857,7,20,-92.68599999999999,-253.144,4,1,72200000,138.286,86.77299999999998,49.83,268,-2053,-2932,,268.434,-295.942,-1524.29,-2576.4179999999997,51.01,72.52,51.82,113.91,false,false,3.93,30.88,中期趨勢仍向下；ETF 1/3日已轉為減碼；主動ETF 5日轉為減碼；外資持股趨勢資料不足或期間有非市場異動；20日趨勢尚未上彎；短線過熱或乖離過大；高波動且5日漲幅過大
292,8150,南茂,TWSE,半導體業,暫不承接,停止加碼／開始減碼,已有部位先停止加碼。反彈若仍未站回 91.70，分批降低部位；只有站回且ETF／外資賣壓收斂後才重新評估。,45.2,85,86.5,86.4,37.23,27.07,,,,,73.31,2.46,1.42,6,0,200,-36,-36,-380,-36,-3045.413,-10360.662,-22546.059999999998,-53416.57299999999,-165,-6227.847,-14786.847,-13569.847000000002,1,4,-538708765,-275.73799999999994,-2292.0989999999997,38.5,-4431,-33673,-28823,,-3364.093,-3857.0769999999998,-5467.114,-38488.64,45.98,52.53,32.53,92.52,false,false,-3.84,31.06,中期趨勢仍向下；ETF短中期同步減碼；投信5/10日持續且具金額意義的賣超；外資持股趨勢資料不足或期間有非市場異動；20日趨勢尚未上彎；當下除權息調整價未守20日EMA；短線過熱或乖離過大；高波動且5日漲幅過大
293,2201,裕隆,TWSE,汽車工業,暫不承接,暫停加碼／跌破減碼,已有部位暫停加碼；若收盤跌破60日EMA約 27.84，且下一交易日仍未收復，先減碼三分之一；若ETF或外資繼續轉弱，再分批降低部位。,44.8,88,27.4,27.38,-8.06,-3.62,,,,,32.18,0.45,2.05,4,0,790,790,791,251,790,674.897,374.4010000000002,724.7580000000002,3306.9990000000003,0,808,833,281,4,0,22098800,-51.275,-140.167,4.88,511,-483,2161,,652.585,-382.3239999999996,31.925000000000345,2881.4360000000006,45.63,33.03,30.91,37.29,false,false,-1.11,0.92,累計營收負成長且當月改善不足；中期趨勢仍向下；20日趨勢尚未上彎；當下除權息調整價未守20日EMA
294,5234,達興材料,TWSE,光電業,暫不承接,停止加碼／開始減碼,已有部位先停止加碼。反彈若仍未站回 365.99，分批降低部位；只有站回且ETF／外資賣壓收斂後才重新評估。,44.8,88,332,334.5,21.77,10.01,,,,,43.51,11.15,1.94,4,0,0,1,1,3,0,38.987,-153.687,-381.72200000000004,-1231.616,-5,-3,-21,-30,2,1,-1005000,15.753999999999998,-370.684,9.14,38,-53,-394,,33.604,-166.44099999999997,9.962000000000026,-727.0619999999999,44.73,69.11,49.48,108.36,false,false,-1.4,13.12,中期趨勢仍向下；外資持股5/10日下降，且外資5日賣超；20日趨勢尚未上彎；當下除權息調整價未守20日EMA
295,6412,群電,TWSE,電子零組件業,暫不承接,停止加碼／開始減碼,已有部位先停止加碼。反彈若仍未站回 86.32，分批降低部位；只有站回且ETF／外資賣壓收斂後才重新評估。,44.7,100,77.8,77.7,-0.77,-7.65,3.27,55.91,141.5,3.04,12.95,2.04,4.71,5,-3,-5,2,2,-1,0,-1793.237,-1510.3760000000002,-1534.6540000000002,-3787.8010000000004,-2.563,1.8769999999999998,1.8769999999999998,-0.673,1,2,147532,-41.077999999999996,-155.731,5.3,-1759,-1181,-1332,,-1780.801,-1471.1749999999997,-1380.7999999999995,-3243.8789999999995,39.31,46.09,40.71,56.83,false,false,-4.63,3.18,累計營收負成長且當月改善不足；中期趨勢仍向下；ETF 1/3日已轉為減碼；外資持股5/10日下降，且外資5日賣超；20日趨勢尚未上彎；當下除權息調整價未守20日EMA；單季稅前獲利對營業外貢獻依賴偏高
296,2352,佳世達,TWSE,電腦及週邊設備業,暫不承接,暫停加碼／跌破減碼,已有部位暫停加碼；若收盤跌破60日EMA約 29.33，且下一交易日仍未收復，先減碼三分之一；若ETF或外資繼續轉弱，再分批降低部位。,44.7,88,28.85,28.73,-0.62,1.03,,,,,45.89,1.53,3.51,6,2,2,55,73,2915,0,103.249,4578.941,5966.422,-29322.564,2,55,73,2915,3,0,1564750,-41.81999999999999,1338.3600000000001,8.01,-157,3169,-818,,182.59,4565.761,4555.062,-31281.357,46.32,53.36,37.67,84.72,false,false,-1.47,9.07,中期趨勢仍向下；20日趨勢尚未上彎；當下除權息調整價未守20日EMA
297,6719,力智,TWSE,半導體業,暫不承接,停止加碼／開始減碼,已有部位先停止加碼。反彈若仍未站回 230.41，分批降低部位；只有站回且ETF／外資賣壓收斂後才重新評估。,44.5,88,214.5,213.75,-3.56,-4.78,,,,,30.08,1.59,2.13,2,0,0,10,11,11,0,-74.174,-90.34099999999998,-511.10299999999995,-756.8159999999998,0,11,14,14,2,0,2376000,59.043,-163.952,6.92,0,-602,-11,,-97.491,-160.38399999999996,-361.15099999999995,-450.174,43.88,45.81,33.63,70.18,false,false,-4.39,14.1,累計營收負成長且當月改善不足；中期趨勢仍向下；外資持股5/10日下降，且外資5日賣超；20日趨勢尚未上彎；當下除權息調整價未守20日EMA
298,6451,訊芯-KY,TWSE,半導體業,暫不承接,暫停加碼／跌破減碼,已有部位暫停加碼；若收盤跌破60日EMA約 464.32，且下一交易日仍未收復，先減碼三分之一；若ETF或外資繼續轉弱，再分批降低部位。,44.4,88,447,443.5,40.55,-5.21,,,,,,6.51,0.05,2,0,0,0,-13,-70,0,-71.684,-209.8499999999999,532.6630000000001,2019.806,0,0,-13,-70,0,0,0,-29.453000000000003,43.86,65,-277,-92,2162,,-104.509,-180.39699999999993,501.803,2181.886,50.73,57.74,39.02,95.19,false,false,4.74,38.82,中期趨勢仍向下；20日趨勢尚未上彎；短線過熱或乖離過大；高波動且5日漲幅過大
299,1718,中纖,TWSE,化學工業,暫不承接,停止加碼／開始減碼,已有部位先停止加碼。反彈若仍未站回 10.88，分批降低部位；只有站回且ETF／外資賣壓收斂後才重新評估。,44.4,68,10.3,10.3,1.92,1.56,,,,,41.63,0.6,,1,2,8,101,773,2920,0,-4552.267,-43846.907,-18379.613999999998,-15268.402999999998,2,101,773,2920,4,1,1008990,-932.249,-3185.7830000000004,6.12,-3955,-31850,-22690,,-4731.633,-43015.658,-15966.83100000001,-17254.33200000001,44.39,41.92,24.78,76.22,false,false,-5.34,19.21,中期趨勢仍向下；外資持股5/10日下降，且外資5日賣超；20日趨勢尚未上彎；當下除權息調整價未守20日EMA；高波動且5日漲幅過大；融資增幅與短線漲幅同步偏高；借券賣出與借券賣出餘額壓力升高
300,2633,台灣高鐵,TWSE,航運業,暫不承接,停止加碼／開始減碼,已有部位先停止加碼。反彈若仍未站回 26.08，分批降低部位；只有站回且ETF／外資賣壓收斂後才重新評估。,44.1,88,25.8,25.83,2.77,4.03,,,,,21.4,1.95,4.44,10,486,-3004,-2979,-936,3526,-3454,-2181,-624.9970000000012,5635.2159999999985,16577.135,486,-2932,-849,3586,2,3,-75938800,-564.855,-261.877,6.17,-2708,1804,13934,,-2670,2871.858,6746.093000000001,13375.041000000001,44.88,26.08,36.34,5.56,false,false,-0.82,-1.9,中期趨勢仍向下；ETF短中期同步減碼；20日累積後5日轉為調節；主動ETF 5日轉為減碼；投信5/10日持續且具金額意義的賣超；20日趨勢尚未上彎；當下除權息調整價未守20日EMA
301,1503,士電,TWSE,電機機械,暫不承接,暫停加碼／跌破減碼,已有部位暫停加碼；若收盤跌破60日EMA約 210.52，且下一交易日仍未收復，先減碼三分之一；若ETF或外資繼續轉弱，再分批降低部位。,43.6,88,196,196,-10.58,10.27,,,,,29.43,2.71,2.53,8,-1,-2,-2,239,1202,0,329.746,513.384,-505.60499999999996,-2506.676,-1,5.853,252.853,1210.853,3,2,1155968,19.785,-18.94700000000001,30.19,1109,683,-1059,,293.027,487.7460000000001,-739.5109999999999,-3134.834,41.76,49.21,41.73,64.16,false,false,-3.31,7.1,中期趨勢仍向下；20日累積後5日轉為調節；ETF 1/3日已轉為減碼；20日趨勢尚未上彎；當下除權息調整價未守20日EMA
302,1582,信錦,TWSE,電子零組件業,暫不承接,暫停加碼／跌破減碼,已有部位暫停加碼；若收盤跌破60日EMA約 81.53，且下一交易日仍未收復，先減碼三分之一；若ETF或外資繼續轉弱，再分批降低部位。,43.5,100,72.2,71.95,-9.5,-6.27,1.81,43.02,195.59,1.65,22.12,1.39,4.23,1,0,0,0,-39,-200,0,-4.971,81.03999999999999,79.43799999999999,418.76199999999994,0,0,-39,-195,0,0,0,-131.245,-219.961,4.75,48,23,983,,-8.058,212.285,338.399,1266.778,45.52,73.67,52.27,116.48,false,false,0.23,15.52,累計營收負成長且當月改善不足；中期趨勢仍向下；20日趨勢尚未上彎；當下除權息調整價未守20日EMA；單季稅前獲利對營業外貢獻依賴偏高
303,7795,長廣,TWSE,電子零組件業,暫不承接,停止加碼／開始減碼,已有部位先停止加碼。反彈若仍未站回 438.80，分批降低部位；只有站回且ETF／外資賣壓收斂後才重新評估。,43.1,88,424,422.5,62.55,2.93,,,,,152.69,11.94,0.5,1,0,0,0,0,0,0,-171.26,-740.558,-836.8549999999999,-2099.4139999999998,0,1,3,3,1,0,426000,18.926,-0.267000000000003,8.33,-162,-1220,-1454,,-164.259,-760.484,-839.5880000000001,-2136.383,47.62,61.62,42.55,99.75,false,false,-1.27,27.71,中期趨勢仍向下；外資持股5/10日下降，且外資5日賣超；20日趨勢尚未上彎；當下除權息調整價未守20日EMA；短線過熱或乖離過大；高波動且5日漲幅過大；官方重大訊息出現高風險關鍵字，須查原文
304,6442,光聖,TWSE,通信網路業,暫不承接,停止加碼／開始減碼,"已有部位先停止加碼。反彈若仍未站回 1,578.02，分批降低部位；只有站回且ETF／外資賣壓收斂後才重新評估。",42.9,88,1345,1345,1.65,27.4,,,,,51.68,15.14,0.82,10,0,1,2,62,28,1,-502.041,-639.9920000000001,-1828.058,-1478.397,-2,-19.15,226.85,-238.15,0,4,-26235500,-60.842,-34.392,32.89,-268,-1540,-349,,-458.875,-560,-2020.516,-1085.739,47.22,61.78,49.63,86.06,false,false,-0.08,28.1,中期趨勢仍向下；外資持股5/10日下降，且外資5日賣超；20日趨勢尚未上彎；當下除權息調整價未守20日EMA；短線過熱或乖離過大；高波動且5日漲幅過大
305,2338,光罩,TWSE,半導體業,暫不承接,暫停加碼／跌破減碼,已有部位暫停加碼；若收盤跌破60日EMA約 45.47，且下一交易日仍未收復，先減碼三分之一；若ETF或外資繼續轉弱，再分批降低部位。,42.9,76,39.5,39.58,0.08,-5.14,,,,,,2.15,,2,0,4,4,4,4,0,-6.583,353.416,-1331.057,-9274.993,0,0,0,0,0,0,0,-337.16200000000003,-516.7660000000001,5.14,-7,-52,-3956,,-5.388,690.578,-814.2909999999999,-8434.668,42.01,58.27,40.32,94.17,false,false,-4.32,17.91,累計營收負成長且當月改善不足；中期趨勢仍向下；ETF加碼，但外資持股5/10日同步下降；20日趨勢尚未上彎；當下除權息調整價未守20日EMA；高波動且5日漲幅過大
306,6449,鈺邦,TWSE,電子零組件業,暫不承接,暫停加碼／跌破減碼,已有部位暫停加碼；若收盤跌破60日EMA約 277.54，且下一交易日仍未收復，先減碼三分之一；若ETF或外資繼續轉弱，再分批降低部位。,42.6,68,233.5,234.5,23.29,22.31,,,,,29.84,3.67,1.83,1,0,0,0,0,44,0,-97.451,-488.75699999999995,-217.55399999999997,730.2719999999999,0,0,0,-130,0,0,0,5.075000000000001,-13.164999999999997,6.9,-103,-507,1382,,-103.224,-493.832,-204.38900000000004,902.9670000000001,41.21,55.83,38.17,91.15,false,false,-7.07,21.93,中期趨勢仍向下；20日趨勢尚未上彎；當下除權息調整價未守20日EMA；短線過熱或乖離過大；高波動且5日漲幅過大
307,3481,群創,TWSE,光電業,暫不承接,停止加碼／開始減碼,已有部位先停止加碼。反彈若仍未站回 50.45，分批降低部位；只有站回且ETF／外資賣壓收斂後才重新評估。,42.5,87.2,49,48.83,17.25,16.11,,,,,434.55,1.68,2.09,14,-104,-1185,-857,163,1627,-1078,-42405.203,-83141.63100000001,-8820.835000000001,-61105.391,-104.392,-1138.4360000000001,-1182.9630000000002,-77174.238,2,3,-54417241,-5140.809,-8386.925000000001,21.37,-38665,-77398,22563,,-38794.875,-76862.386,749.0530000000008,33727.18000000001,44.87,58.95,40.12,96.59,false,false,-2.86,18.36,中期趨勢仍向下；20日累積後5日轉為調節；ETF 1/3日已轉為減碼；主動ETF 5日轉為減碼；投信5/10日持續且具金額意義的賣超；20日趨勢尚未上彎；當下除權息調整價未守20日EMA；估值高且成長不足以支撐
308,4755,三福化,TWSE,化學工業,暫不承接,停止加碼／開始減碼,已有部位先停止加碼。反彈若仍未站回 130.32，分批降低部位；只有站回且ETF／外資賣壓收斂後才重新評估。,42.4,87.6,115,114.75,15.63,-1.64,,,,,32.13,2.1,3.19,2,0,3,3,3,3,0,93,-232.774,-1003.8629999999999,-1256.9199999999998,0,0,0,0,0,0,0,-24.000999999999998,-24.712999999999997,23.33,107,-409,-479,,91,-208.773,-979.15,-1226.15,42.26,60.64,41.37,99.17,false,false,-3.45,11.11,中期趨勢仍向下；外資持股5/10日下降，且外資5日賣超；20日趨勢尚未上彎；當下除權息調整價未守20日EMA
309,2327,國巨*,TWSE,電子零組件業,暫不承接,停止加碼／開始減碼,已有部位先停止加碼。反彈若仍未站回 689.16，分批降低部位；只有站回且ETF／外資賣壓收斂後才重新評估。,42.3,84.4,568,563.5,38.91,29.35,,,,,45.51,7.12,1.04,43,861,2056,319,-358,-1395,-523,-7146.297,-11914.916,-15675.773,-44255.115999999995,1112.193,-3054.951,-11407.920999999998,-25140.379,2,3,-1765761678,-3152.415,-2851.935,48.18,-8075,-11591,-16628,,-8196.014,-5707.549999999998,-1415.9169999999986,-13394.586,38.26,41.64,28.9,67.11,false,false,-12.45,24.42,中期趨勢仍向下；主動ETF 5日轉為減碼；投信5/10日持續且具金額意義的賣超；外資持股趨勢資料不足或期間有非市場異動；20日趨勢尚未上彎；當下除權息調整價未守20日EMA；短線過熱或乖離過大；高波動且5日漲幅過大
310,1722,台肥,TWSE,化學工業,暫不承接,停止加碼／開始減碼,已有部位先停止加碼。反彈若仍未站回 46.79，分批降低部位；只有站回且ETF／外資賣壓收斂後才重新評估。,41.7,88,45.1,45.13,-10.47,6.42,,,,,43.56,0.81,4.42,4,0,-2,1,-3,5,0,202.119,-755.597,-519.76,-876.149,0,21,34,30,3,0,951300,-60.13399999999999,51.69800000000001,8.56,180,-1121,-526,,123.982,-716.4629999999999,-605.4579999999999,-952.1059999999997,35.35,12.65,14.35,9.24,false,true,-2.46,-1.53,中期趨勢仍向下；外資持股5/10日下降，且外資5日賣超；20日趨勢尚未上彎；當下除權息調整價未守20日EMA
311,2328,廣宇,TWSE,電子零組件業,暫不承接,暫停加碼／跌破減碼,已有部位暫停加碼；若收盤跌破60日EMA約 48.02，且下一交易日仍未收復，先減碼三分之一；若ETF或外資繼續轉弱，再分批降低部位。,41.7,87.6,45.05,44.93,-0.74,-15.92,,,,,45,1.52,2.04,3,0,10,10,16,16,0,558.817,1407.4560000000001,924.969,2387.025,0,0,6,6,0,0,0,10.962999999999994,-392.377,8.71,514,1489,3353,,537.937,1396.4930000000002,1311.3460000000005,3075.5510000000004,47.46,61.36,41.54,100.99,false,false,0.14,16.11,累計營收負成長且當月改善不足；中期趨勢仍向下；20日趨勢尚未上彎；當下除權息調整價未守20日EMA
312,2492,華新科,TWSE,電子零組件業,暫不承接,停止加碼／開始減碼,已有部位先停止加碼。反彈若仍未站回 335.42，分批降低部位；只有站回且ETF／外資賣壓收斂後才重新評估。,41.3,88,253.5,251.75,25.84,14.67,,,,,49.71,2.35,0.96,8,0,40,50,935,-1985,0,-4640.36,-12525.241999999998,-10901.597999999998,-15950.847999999998,0,-1316,-1298,-8763,0,3,-341502000,-1127.321,-812.1109999999998,22.71,-4081,-8092,-5429,,-4239.205,-10081.921,-8791.487,-9007.845,36.91,50.66,35.14,81.7,false,false,-15.36,27.71,中期趨勢仍向下；投信5/10日持續且具金額意義的賣超；外資持股5/10日下降，且外資5日賣超；20日趨勢尚未上彎；當下除權息調整價未守20日EMA；短線過熱或乖離過大；高波動且5日漲幅過大；融資增幅與短線漲幅同步偏高
313,2478,大毅,TWSE,電子零組件業,暫不承接,停止加碼／開始減碼,已有部位先停止加碼。反彈若仍未站回 142.96，分批降低部位；只有站回且ETF／外資賣壓收斂後才重新評估。,41.2,88,121.5,120.75,35.76,15.27,,,,,32.35,2.36,1.67,2,0,-251,-240,-84,152,-252,151.912,-1961.775,-1470.8400000000001,3084.653,0,-240,-84,152,2,2,-28800000,-21.72,-71.03399999999999,20.01,96,-1355,612,,161.432,-1700.0549999999998,-1315.806,3023.184,40.41,47.17,32.29,76.93,false,false,-10.37,21.62,中期趨勢仍向下；ETF短中期同步減碼；20日累積後5日轉為調節；主動ETF 5日轉為減碼；20日趨勢尚未上彎；當下除權息調整價未守20日EMA；短線過熱或乖離過大；高波動且5日漲幅過大
314,9914,美利達,TWSE,運動休閒,暫不承接,暫停加碼／跌破減碼,已有部位暫停加碼；若收盤跌破60日EMA約 74.26，且下一交易日仍未收復，先減碼三分之一；若ETF或外資繼續轉弱，再分批降低部位。,41.1,88,78.1,78.5,-5.51,-15.29,,,,,21.16,1.17,3.58,1,0,-33,-33,-33,14,-33,1333.816,226.6690000000001,882.4010000000003,6828.9980000000005,0,-27,-219,-176,2,2,-2114100,32.434,108.038,25.42,1364,1686,7136,,1253.533,221.23499999999996,993.363,7010.482,53.68,36.68,29,52.02,true,false,0.83,-0.38,累計營收負成長且當月改善不足；ETF短中期同步減碼；20日累積後5日轉為調節；主動ETF 5日轉為減碼；2日內除權息，等待價格重置
315,2912,統一超,TWSE,貿易百貨,暫不承接,暫停加碼／跌破減碼,已有部位暫停加碼；若收盤跌破60日EMA約 230.70，且下一交易日仍未收復，先減碼三分之一；若ETF或外資繼續轉弱，再分批降低部位。,41,100,220,219.75,6.31,5.05,4.22,83.11,76.89,6.03,19.95,5.62,4.06,22,-15,-897,-975,2074,8378,-814,1260.911,7058.996999999999,5660.003,12876.701,-14.931,-963.913,2688.492,8985.201000000001,1,4,-213506730,-524.116,-516.2660000000001,13.89,1365,450,2221,,1279.381,8547.026,3487.7769999999996,4312.719999999999,33.69,14.04,20.81,0.5,false,false,-4.83,-4.35,中期趨勢仍向下；20日累積後5日轉為調節；ETF 1/3日已轉為減碼；主動ETF 5日轉為減碼；投信20日買超後近5日轉賣；20日趨勢尚未上彎；當下除權息調整價未守20日EMA
316,8163,達方,TWSE,電腦及週邊設備業,暫不承接,停止加碼／開始減碼,已有部位先停止加碼。反彈若仍未站回 34.80，分批降低部位；只有站回且ETF／外資賣壓收斂後才重新評估。,40.4,100,31.05,30.78,1.08,9.33,1.68,61.95,138.69,0.51,51.75,0.8,1.61,1,0,0,0,0,0,0,-1216.018,-723.876,-1849.834,-2082.7070000000003,0,0,0,0,0,0,0,-130.404,-145.465,9.17,-862,-1198,-1114,,-1034.923,-593.472,-1704.3690000000001,-1730.0690000000004,39.06,57.2,44.42,82.75,false,false,-5.25,8.57,中期趨勢仍向下；外資持股5/10日下降，且外資5日賣超；20日趨勢尚未上彎；當下除權息調整價未守20日EMA
317,9910,豐泰,TWSE,運動休閒,暫不承接,暫停加碼／跌破減碼,已有部位暫停加碼；若收盤跌破60日EMA約 71.64，且下一交易日仍未收復，先減碼三分之一；若ETF或外資繼續轉弱，再分批降低部位。,40.1,88,68.4,69.05,-3.9,-3.67,,,,,14.59,2.49,6.08,8,55,51,63,-463,-2966,0,393.807,-131.43799999999993,887.1690000000003,-1002.0609999999997,55,62.788000000000004,-463.245,-2966.245,3,2,4231911,-98.33799999999998,-33.31599999999998,5.3,295,775,2118,,350.366,-95.88800000000008,1383.7299999999998,1962.3519999999999,46.86,28.94,33.36,20.09,false,false,-0.45,-2.84,累計營收負成長且當月改善不足；中期趨勢仍向下；20日趨勢尚未上彎
318,1707,葡萄王,TWSE,生技醫療業,暫不承接,停止加碼／開始減碼,已有部位先停止加碼。反彈若仍未站回 96.98，分批降低部位；只有站回且ETF／外資賣壓收斂後才重新評估。,39.9,88,88.4,88.45,-7.24,-2.69,,,,,11.09,1.32,6.76,1,0,0,0,0,-72,0,-394.387,-933.325,-648.2270000000001,-427.2270000000001,0,0,0,0,0,0,0,-25.126,-18.126,13.86,-427,-612,-420,,-393.448,-908.1989999999998,-630.1009999999999,-393.1009999999999,32.92,15.91,21.5,4.74,false,true,-2.84,-2.96,累計營收負成長且當月改善不足；中期趨勢仍向下；外資持股5/10日下降，且外資5日賣超；20日趨勢尚未上彎；當下除權息調整價未守20日EMA
319,1301,台塑,TWSE,塑膠工業,暫不承接,暫停加碼／跌破減碼,已有部位暫停加碼；若收盤跌破60日EMA約 54.89，且下一交易日仍未收復，先減碼三分之一；若ETF或外資繼續轉弱，再分批降低部位。,38.5,88,55.3,55.15,-2.69,-3.62,,,,,,0.91,0.89,6,-97,-261,-261,-258,414,-261,1042.768,-25633.86,-30136.533,-5645.215000000004,-97,-261,-258,385,0,2,-14616000,-1060.675,-2922.107,33.5,777,-19453,15291,,1009.558,-24312.184999999998,-26956.426000000003,-5411.508000000002,45.84,18.32,17.2,20.56,true,false,-3.9,2.41,累計營收負成長且當月改善不足；ETF短中期同步減碼；20日累積後5日轉為調節；ETF 1/3日已轉為減碼；主動ETF 5日轉為減碼；20日趨勢尚未上彎；當下除權息調整價未守20日EMA；借券賣出與借券賣出餘額壓力升高
320,2367,燿華,TWSE,電子零組件業,暫不承接,暫停加碼／跌破減碼,已有部位暫停加碼；若收盤跌破60日EMA約 51.72，且下一交易日仍未收復，先減碼三分之一；若ETF或外資繼續轉弱，再分批降低部位。,37.8,88,41.85,41.63,-4.14,-7.37,,,,,,2.31,0.48,2,0,0,0,0,0,0,-804.872,222.48200000000008,7405.862,18021.423,0,0,0,0,0,0,0,-61.22999999999999,-319.844,8,328,3766,8988,,-883.054,283.712,7725.706,17552.494,42.85,61.65,41.02,102.91,false,false,-3.05,25.3,累計營收負成長且當月改善不足；中期趨勢仍向下；20日趨勢尚未上彎；當下除權息調整價未守20日EMA；短線過熱或乖離過大；高波動且5日漲幅過大
321,3376,新日興,TWSE,電子零組件業,暫不承接,暫停加碼／跌破減碼,已有部位暫停加碼；若收盤跌破60日EMA約 194.64，且下一交易日仍未收復，先減碼三分之一；若ETF或外資繼續轉弱，再分批降低部位。,37.7,88,188.5,187.25,-4.76,-13.25,,,,,272.06,2.08,2.16,3,0,0,0,0,-359,0,662.194,1073.481,-149.3300000000002,-2968.5330000000004,0,4,-993,-2083,3,0,740000,619.585,450.266,13.28,663,422,-1520,,431.481,449.89599999999996,393.4039999999999,-1449.342,50.92,67.62,46.99,108.88,false,false,1.98,17.81,累計營收負成長且當月改善不足；中期趨勢仍向下；20日趨勢尚未上彎；2日內除權息，等待價格重置；估值高且成長不足以支撐
322,4906,正文,TWSE,通信網路業,暫不承接,暫停加碼／跌破減碼,已有部位暫停加碼；若收盤跌破60日EMA約 37.89，且下一交易日仍未收復，先減碼三分之一；若ETF或外資繼續轉弱，再分批降低部位。,36.6,88,35.3,35.28,-5.24,-28.21,,,,,,1.49,1.25,1,0,0,0,-131,-679,0,-269.096,674.9100000000001,-1054.7529999999997,-1596.9959999999996,0,0,-131,-679,0,0,0,-79.70800000000001,-620.444,9,-453,-75,-1141,,-303.493,754.6179999999999,-303.309,168.29600000000005,47.83,66.34,49.13,100.77,false,false,-0.01,21.93,累計營收負成長且當月改善不足；中期趨勢仍向下；20日趨勢尚未上彎；當下除權息調整價未守20日EMA；短線過熱或乖離過大；高波動且5日漲幅過大
323,2515,中工,TWSE,建材營造,暫不承接,停止加碼／開始減碼,已有部位先停止加碼。反彈若仍未站回 12.49，分批降低部位；只有站回且ETF／外資賣壓收斂後才重新評估。,36.3,88,11.85,11.88,-14.32,32.15,,,,,24.79,0.83,4.2,1,0,0,0,0,-772,0,-347.556,-3525.5009999999997,-18178.159,-35200.046,0,0,0,-830,0,0,0,-294.885,-487.89700000000005,7.41,-156,-9049,-19398,,-347,-3230.616,-17690.262,-33270.262,40.62,49.58,42.1,64.55,false,false,-2.57,1.72,中期趨勢仍向下；外資持股5/10日下降，且外資5日賣超；20日趨勢尚未上彎；當下除權息調整價未守20日EMA
324,4919,新唐,TWSE,半導體業,暫不承接,停止加碼／開始減碼,已有部位先停止加碼。反彈若仍未站回 149.10，分批降低部位；只有站回且ETF／外資賣壓收斂後才重新評估。,35.2,88,125,123.75,1.16,-1.55,,,,,,4.13,,7,-150,-476,-256,-248,-151,-325,-430.663,-330.9529999999995,7063.857,10160.673999999999,-150,-256.089,-248.089,-1063.089,1,4,-33291570,-287.431,-403.766,3.96,-197,6082,7997,,-289.75,212.567,7715.712,10673.399,40.37,57.24,42.66,86.4,false,false,-8.14,17.37,累計營收負成長且當月改善不足；中期趨勢仍向下；ETF短中期同步減碼；ETF 1/3日已轉為減碼；主動ETF 5日轉為減碼；投信5/10日持續且具金額意義的賣超；20日趨勢尚未上彎；當下除權息調整價未守20日EMA；高波動且5日漲幅過大
325,9907,統一實,TWSE,其他,暫不承接,停止加碼／開始減碼,已有部位先停止加碼。反彈若仍未站回 15.73，分批降低部位；只有站回且ETF／外資賣壓收斂後才重新評估。,33.2,100,14.4,14.38,-6.1,-12.63,4.31,38.72,173.59,0.35,15.32,1.1,8.11,4,-898,-2276,-2276,-2911,-9583,-2221,-4216.994,-4873.431999999999,-2467.982999999999,3567.3430000000017,-898.251,-2247.865,-2849.5429999999997,-9010.217,3,2,-32706436,-406.65,-103.743,15.52,-2736,3843,12065,,-3318,-2218.917,485.3029999999999,12732.303,29.49,15.89,28.77,-9.86,false,false,-4.43,-6.19,累計營收負成長且當月改善不足；中期趨勢仍向下；ETF短中期同步減碼；ETF 1/3日已轉為減碼；主動ETF 5日轉為減碼；20日趨勢尚未上彎；當下除權息調整價未守20日EMA
326,6715,嘉基,TWSE,電子零組件業,暫不承接,暫停加碼／跌破減碼,已有部位暫停加碼；若收盤跌破60日EMA約 395.92，且下一交易日仍未收復，先減碼三分之一；若ETF或外資繼續轉弱，再分批降低部位。,27.8,88,359.5,357.5,-9.2,-0.12,,,,,176.07,6.82,0.52,1,0,0,0,-10,-145,0,-116.105,-129.8,24.990999999999985,-1946.354,-202,-202,-293,-428,0,1,-75043000,-44.272999999999996,-20.35299999999999,1.88,94,-140,-526,,84.996,116.47299999999998,338.34399999999994,-1338.895,45.83,40.55,31.73,58.2,true,false,-3.44,22.07,累計營收負成長且當月改善不足；中期趨勢仍向下；20日趨勢尚未上彎；當下除權息調整價未守20日EMA；短線過熱或乖離過大；高波動且5日漲幅過大；估值高且成長不足以支撐
327,6177,達麗,TWSE,建材營造,不建立部位,暫停加碼／跌破減碼,已有部位暫停加碼；若收盤跌破60日EMA約 46.59，且下一交易日仍未收復，先減碼三分之一；若ETF或外資繼續轉弱，再分批降低部位。,64.6,88,47.7,47.68,1322.16,667.77,,,,,6.39,1.77,6.28,2,-4,-11,-11,-97,-112,0,161.053,-2421.246,-959.7799999999997,3093.367,-4.256,-11.154,-97.811,454.18899999999996,0,2,-532603,-61.20099999999999,81.47200000000001,7.01,142,448,2029,,139.319,-2348.891,-943.441,2374.706,56.19,47.39,45.73,50.73,true,false,0.92,0.53,"單日成交金額低於5,000萬元；ETF短中期同步減碼；ETF 1/3日已轉為減碼"
328,1907,永豐餘,TWSE,造紙工業,不建立部位,暫停加碼／跌破減碼,已有部位暫停加碼；若收盤跌破60日EMA約 27.34，且下一交易日仍未收復，先減碼三分之一；若ETF或外資繼續轉弱，再分批降低部位。,63.2,88,30.3,30.33,12.66,4.44,,,,,21.25,0.63,3.36,3,0,652,679,686,857,666,429.07,3399.905,6257.668,9588.501,0,694.4900000000001,703.4970000000001,853.4970000000001,4,0,20661078,-195,-162,12.8,499,4877,7901,,406.07,2900.415,5716.170999999999,8869.003999999999,72.24,85.54,75.16,106.3,false,false,5.8,4.48,"單日成交金額低於5,000萬元"
329,9935,慶豐富,TWSE,居家生活,不建立部位,暫停加碼／跌破減碼,已有部位暫停加碼；若收盤跌破60日EMA約 19.13，且下一交易日仍未收復，先減碼三分之一；若ETF或外資繼續轉弱，再分批降低部位。,63,88,19.6,19.58,17.01,7.96,,,,,11.98,1.33,6.11,1,-1,-3,-3,36,32,0,-58.091,29.218999999999987,406.32399999999996,672.653,-1.317,-3.4509999999999996,36.044000000000004,32.044000000000004,0,2,-67812,-19,0,6.28,-47,756,998,,-66.774,51.669999999999995,370.28,632.6089999999999,57.01,74.98,75.2,74.53,false,true,1.37,1.29,"單日成交金額低於5,000萬元；20日累積後5日轉為調節；ETF 1/3日已轉為減碼"
330,6024,群益期,TWSE,金融保險業,不建立部位,暫停加碼／跌破減碼,已有部位暫停加碼；若收盤跌破60日EMA約 57.56，且下一交易日仍未收復，先減碼三分之一；若ETF或外資繼續轉弱，再分批降低部位。,61.3,92,59.2,59.15,124.15,-29.03,,,,,10,1.37,5.81,2,-1,-5,14,15,138,0,217.875,721.55,193.08899999999997,574.4269999999999,-1,1,2,125,1,2,59700,-11,-6,4.88,219,190,105,,218.875,731.55,197.08899999999997,452.42699999999996,51.01,46.88,42.52,55.61,true,false,-0.1,0.42,"單日成交金額低於5,000萬元；ETF 1/3日已轉為減碼；20日趨勢尚未上彎；當下除權息調整價未守20日EMA"
331,2527,宏璟,TWSE,建材營造,不建立部位,暫停加碼／跌破減碼,已有部位暫停加碼；若收盤跌破60日EMA約 40.98，且下一交易日仍未收復，先減碼三分之一；若ETF或外資繼續轉弱，再分批降低部位。,61.2,88,44.35,44.53,365.12,2533.23,,,,,8.43,0.52,3.51,1,0,0,1,3,86,0,-91.027,-1171.008,-1452.86,2320.0820000000003,0,1,3,86,1,0,42750,31.058,89.55699999999999,43.8,-70,-733,710,,-89,-1203.066,-1545.4170000000001,2103.2479999999996,51.69,40.22,34.89,50.9,true,false,0.54,9.37,"單日成交金額低於5,000萬元"
332,3708,上緯投控,TWSE,綠能環保,不建立部位,暫停加碼／跌破減碼,已有部位暫停加碼；若收盤跌破60日EMA約 106.59，且下一交易日仍未收復，先減碼三分之一；若ETF或外資繼續轉弱，再分批降低部位。,60.2,88,96.2,96.55,61.7,-2.02,,,,,2.38,0.51,6.69,2,0,0,3,3,74,0,99.076,147.096,-484.28099999999995,-816.6769999999999,0,3,3,74,1,0,291600,-16.574,-229.071,7.45,88,-29,-170,,89.57,160.67,-258.21000000000004,-562.21,44.35,53.91,40.18,81.37,false,false,-1.69,9.57,"單日成交金額低於5,000萬元；中期趨勢仍向下；ETF加碼，但外資持股5/10日同步下降；20日趨勢尚未上彎；當下除權息調整價未守20日EMA"
333,1232,大統益,TWSE,食品工業,不建立部位,暫停加碼／跌破減碼,已有部位暫停加碼；若收盤跌破60日EMA約 150.53，且下一交易日仍未收復，先減碼三分之一；若ETF或外資繼續轉弱，再分批降低部位。,60.1,100,153.5,154,16.3,9.34,8.36,46.42,205.52,4.71,16.89,4.42,4.72,1,0,0,0,2,30,0,-0.773,-213.65200000000002,164.658,453.74199999999996,0,0,2,29,0,0,0,-17,-16.009000000000004,2.76,18,228,305,,-1.773,-196.65200000000002,178.66699999999997,443.384,51.86,25.23,22.49,30.72,true,false,0.21,-1.6,"單日成交金額低於5,000萬元"
334,2535,達欣工,TWSE,建材營造,不建立部位,暫停加碼／跌破減碼,已有部位暫停加碼；若收盤跌破60日EMA約 85.86，且下一交易日仍未收復，先減碼三分之一；若ETF或外資繼續轉弱，再分批降低部位。,60,100,93.4,92.8,19.94,22.31,9.12,64.06,185.27,6.32,10.54,2.31,5.23,2,0,241,241,241,245,241,-13.92,34.398,4.666000000000004,-119.063,0,243,246,252,4,0,21359700,-90.603,-50.18799999999999,7.16,8,-86,-192,,-13.498,-117.999,-191.14600000000002,-273.207,65.23,75.16,64.98,95.51,false,false,5.52,8.1,"單日成交金額低於5,000萬元；外資持股5/10日下降，且外資5日賣超"
335,2546,根基,TWSE,建材營造,不建立部位,暫停加碼／跌破減碼,已有部位暫停加碼；若收盤跌破60日EMA約 93.54，且下一交易日仍未收復，先減碼三分之一；若ETF或外資繼續轉弱，再分批降低部位。,59.9,88,99.5,99.5,44.27,21.26,,,,,10.43,2.09,6.05,3,0,163,163,164,229,163,-115.54,85.16,348.55899999999997,589.713,0,163,164,229,2,0,16169600,-41.120000000000005,-15.120000000000005,3.76,-100,24,93,,-115.54,-36.72,199.67899999999997,334.83299999999997,58.85,57.15,67.26,36.93,false,true,1.94,1.02,"單日成交金額低於5,000萬元"
336,5522,遠雄,TWSE,建材營造,不建立部位,暫停加碼／跌破減碼,已有部位暫停加碼；若收盤跌破60日EMA約 67.99，且下一交易日仍未收復，先減碼三分之一；若ETF或外資繼續轉弱，再分批降低部位。,59.9,88,63.8,63.85,2513.5,792.74,,,,,6.81,1.06,8.54,5,-7,-6,-6,5,-49,0,-37.444,-633.857,-462.2909999999999,3464.594,-6.444,-0.40500000000000025,18.645000000000003,576.645,4,1,-26082,-102,-79,4.72,163,-966,2696,,-33,-531.452,-401.9359999999999,2866.28,37.03,11.94,15.24,5.33,false,false,-3.1,-2.45,"單日成交金額低於5,000萬元；ETF 1/3日已轉為減碼；當下除權息調整價未守20日EMA"
337,4736,泰博,TWSE,生技醫療業,不建立部位,暫停加碼／跌破減碼,已有部位暫停加碼；若收盤跌破60日EMA約 126.71，且下一交易日仍未收復，先減碼三分之一；若ETF或外資繼續轉弱，再分批降低部位。,59.8,88,128.5,128.5,2.09,1.25,,,,,7.09,1.29,3.86,2,0,0,0,1,30,0,15.863,-9.653000000000006,270.181,831.289,0,0,1,29,0,0,0,-33.166,-13.570999999999998,6.52,28,370,521,,26.863,23.512999999999998,282.752,823.86,52.39,40.94,40.6,41.64,true,false,0.16,1.18,"單日成交金額低於5,000萬元"
338,6277,宏正,TWSE,電腦及週邊設備業,不建立部位,暫停加碼／跌破減碼,已有部位暫停加碼；若收盤跌破60日EMA約 73.93，且下一交易日仍未收復，先減碼三分之一；若ETF或外資繼續轉弱，再分批降低部位。,59.8,88,75.4,75.45,35.12,12.79,,,,,23.85,1.99,4.52,2,0,0,1,1,38,0,-45.254,263.947,781.949,1390.609,0,1,1,38,1,0,77500,-27.63,2.3830000000000027,10.68,-96,1326,1312,,-46.987,290.577,778.5659999999999,1350.2259999999999,49.01,36.08,42.05,24.16,false,true,-1.18,0.94,"單日成交金額低於5,000萬元；當下除權息調整價未守20日EMA"
339,1808,潤隆,TWSE,建材營造,不建立部位,暫停加碼／跌破減碼,已有部位暫停加碼；若收盤跌破60日EMA約 31.14，且下一交易日仍未收復，先減碼三分之一；若ETF或外資繼續轉弱，再分批降低部位。,59.1,88,31.9,31.8,162537.27,17993.12,,,,,12.09,2.11,4.63,1,0,0,0,0,0,0,165.15,-356.9019999999998,628.7320000000002,3807.589,0,0,0,0,0,0,0,52,8,4.62,203,870,3799,,143.15,-408.9019999999998,620.7320000000002,3735.589,51.75,53.58,60.87,39.01,false,true,-0.03,-1.69,"單日成交金額低於5,000萬元；當下除權息調整價未守20日EMA"
340,2031,新光鋼,TWSE,鋼鐵工業,不建立部位,暫停加碼／跌破減碼,已有部位暫停加碼；若收盤跌破60日EMA約 39.40，且下一交易日仍未收復，先減碼三分之一；若ETF或外資繼續轉弱，再分批降低部位。,58.1,88,40.5,40.5,7.82,-2.42,,,,,8.49,1.18,6.44,2,0,-19,-19,-19,146,0,-187.825,-755.594,-176.77300000000008,2713.8379999999997,0,-19,-19,246.39,0,2,-737200,-39.528,-52.40999999999997,8.27,-181,418,1765,,-181,-697.066,-105.363,2519.382,57.3,49.81,39.11,71.21,true,false,3.02,5.19,"單日成交金額低於5,000萬元；累計營收負成長且當月改善不足；ETF短中期同步減碼；20日累積後5日轉為調節"
341,1447,力鵬,TWSE,紡織纖維,不建立部位,暫停加碼／跌破減碼,已有部位暫停加碼；若收盤跌破60日EMA約 6.98，且下一交易日仍未收復，先減碼三分之一；若ETF或外資繼續轉弱，再分批降低部位。,58.1,68,7.16,7.14,53.19,10.86,,,,,,0.77,,1,1,4,60,460,1739,0,865.912,286.3640000000001,1256.1240000000003,2520.3650000000002,1,60,460,1739,4,1,415800,-13,-19,3.3,826,-119,74,,825.912,239.3640000000001,815.1240000000003,676.3650000000002,46.93,36.35,23.88,61.3,false,false,-2.16,6.71,"單日成交金額低於5,000萬元；20日趨勢尚未上彎；當下除權息調整價未守20日EMA"
342,7749,意騰-KY,TWSE,半導體業,不建立部位,暫停加碼／跌破減碼,已有部位暫停加碼；若收盤跌破60日EMA約 404.43，且下一交易日仍未收復，先減碼三分之一；若ETF或外資繼續轉弱，再分批降低部位。,58,88,345.5,346,64.48,64.12,,,,,27.93,4.11,2.59,1,0,0,10,10,10,0,7.013,-0.770999999999999,53.194999999999986,-79.138,0,10,10,10,1,0,3480000,-2.0450000000000004,-14.238999999999999,23.29,14,382,-28,,6.013,-8.726000000000003,57.434,-66.55000000000001,40.18,60.34,42.6,95.81,false,false,-3.75,13.28,"單日成交金額低於5,000萬元；中期趨勢仍向下；20日趨勢尚未上彎；當下除權息調整價未守20日EMA"
343,6531,愛普*,TWSE,半導體業,不建立部位,優先出脫,已有部位應優先降低曝險；目前觸發「投信5/10日持續且具金額意義地賣超」。待事件解除或基本面重新確認後再評估。,57.7,100,888,887,59.48,94.68,29.44,24.47,373.6,8.33,86.89,11.78,0.82,20,0,288,283,309,735,278,-233.371,247.885,438.7030000000001,2171.2380000000003,-29.362,-456.86199999999997,-371.57699999999994,-680.506,1,4,-390617010,109.45100000000001,-99.52299999999998,30.48,-220,1724,2911,,-216.758,595.2959999999998,909.8029999999999,3053.0389999999998,53.98,68.02,48.16,107.74,false,false,8.62,46.29,處置或交易限制風險；投信5/10日持續且具金額意義的賣超；20日趨勢尚未上彎；短線過熱或乖離過大；高波動且5日漲幅過大
344,5515,建國,TWSE,建材營造,不建立部位,暫停加碼／跌破減碼,已有部位暫停加碼；若收盤跌破60日EMA約 41.33，且下一交易日仍未收復，先減碼三分之一；若ETF或外資繼續轉弱，再分批降低部位。,57.6,88,42.15,42.28,24.55,27.59,,,,,7.03,1.49,7.87,2,0,0,0,2,-75,0,-179.041,-472.47400000000005,-155.17600000000007,439.9509999999999,0,0,2,-75,0,0,0,-62.83899999999999,-37.07899999999999,12.35,-188,134,437,,-187.677,-409.635,-120.09699999999995,576.6070000000001,49.87,32.74,37.69,22.83,false,false,-0.37,-1.75,"單日成交金額低於5,000萬元；當下除權息調整價未守20日EMA"
345,2414,精技,TWSE,電子通路業,不建立部位,暫停加碼／跌破減碼,已有部位暫停加碼；若收盤跌破60日EMA約 56.20，且下一交易日仍未收復，先減碼三分之一；若ETF或外資繼續轉弱，再分批降低部位。,57.5,85,56.1,56.1,87.26,46.2,2.85,76.08,120,2.53,17.17,2.87,4.95,1,0,1,10,76,285,0,91.616,470.42600000000004,582.955,-554.145,0,10,76,285,3,1,606000,-142,-139,5.26,95,-27,-479,,91.616,602.426,645.955,-731.145,45.13,63.06,61.28,66.62,false,false,-3.38,2.56,"單日成交金額低於5,000萬元；中期趨勢仍向下；ETF加碼，但外資持股5/10日同步下降；20日趨勢尚未上彎；當下除權息調整價未守20日EMA"
346,3003,健和興,TWSE,電子零組件業,不建立部位,暫停加碼／跌破減碼,已有部位暫停加碼；若收盤跌破60日EMA約 60.60，且下一交易日仍未收復，先減碼三分之一；若ETF或外資繼續轉弱，再分批降低部位。,57.1,76,60.9,60.75,36.15,31.5,,,,,58.91,1.44,1.68,2,0,1,1,1,1,0,216.196,394.36799999999994,320.93399999999997,-706.341,0,0,0,0,0,0,0,-28.948,-0.2149999999999972,4.32,209,94,-617,,203.168,423.31600000000003,321.14900000000006,-731.7049999999999,51.3,67.58,45.41,111.93,false,false,1.95,13.83,"單日成交金額低於5,000萬元；20日趨勢尚未上彎；2日內除權息，等待價格重置"
347,1419,新紡,TWSE,紡織纖維,不建立部位,暫停加碼／跌破減碼,已有部位暫停加碼；若收盤跌破60日EMA約 66.09，且下一交易日仍未收復，先減碼三分之一；若ETF或外資繼續轉弱，再分批降低部位。,56.8,68,64,64.05,17.98,28.04,,,,,4.98,0.96,2.74,2,0,140,140,142,235,140,-38.848,-53.37100000000001,215.13299999999998,425.043,0,140,142,232,2,0,9184000,-28,-33,1.42,-34,391,387,,-35.848,-165.37099999999998,106.13300000000002,207.13300000000004,39.45,27.52,44.41,-6.26,false,false,-4.14,-6.43,"單日成交金額低於5,000萬元；中期趨勢仍向下；20日趨勢尚未上彎；當下除權息調整價未守20日EMA；2日內除權息，等待價格重置"
348,2528,皇普,TWSE,建材營造,不建立部位,暫停加碼／跌破減碼,已有部位暫停加碼；若收盤跌破60日EMA約 19.54，且下一交易日仍未收復，先減碼三分之一；若ETF或外資繼續轉弱，再分批降低部位。,56.7,100,20.2,20.38,-5.37,-68.41,23.42,65.26,190.14,0.57,8.17,1.16,14.93,1,-3,-9,-9,172,163,0,85.351,90.61600000000001,24.14700000000002,1376.597,-3.169,-8.305,-4.159000000000001,-112.159,0,2,-166930,-120,-180,1.4,261,333,1103,,184.52,218.92100000000002,208.30599999999993,1718.7559999999999,61.84,65.09,58.89,77.5,true,false,3.92,4.66,"單日成交金額低於5,000萬元；累計營收負成長且當月改善不足；20日累積後5日轉為調節；ETF 1/3日已轉為減碼"
349,8462,柏文,TWSE,運動休閒,不建立部位,暫停加碼／跌破減碼,已有部位暫停加碼；若收盤跌破60日EMA約 152.37，且下一交易日仍未收復，先減碼三分之一；若ETF或外資繼續轉弱，再分批降低部位。,56.7,88,165,164.5,20.11,20.24,,,,,17.94,4.87,4.37,1,0,0,0,0,2,0,-12.15,217.44100000000003,458.14699999999993,1196,0,0,0,2,0,0,0,-19.027,-7.261000000000003,5.69,-12,453,1098,,-12.15,236.46800000000002,465.40799999999996,1207.261,59.81,58.73,60.77,54.65,true,true,2.76,-4.07,"單日成交金額低於5,000萬元"
350,5236,凌陽創新,TWSE,半導體業,不建立部位,暫停加碼／跌破減碼,已有部位暫停加碼；若收盤跌破60日EMA約 154.85，且下一交易日仍未收復，先減碼三分之一；若ETF或外資繼續轉弱，再分批降低部位。,56.6,85,146,145.25,12.78,17.77,,,,,15.69,3.9,6.02,1,0,0,20,20,20,0,-24.083,55.325,-68.81200000000001,-311.384,0,20,20,20,1,0,2990000,-9.567,-3.3450000000000006,6.93,-20,-244,,,-26,44.892,-85.467,-311.931,43.81,65.7,54.49,88.11,false,false,-2.08,8.96,"單日成交金額低於5,000萬元；中期趨勢仍向下；外資持股趨勢資料不足或期間有非市場異動；20日趨勢尚未上彎；當下除權息調整價未守20日EMA"
351,2851,中再保,TWSE,金融保險業,不建立部位,暫停加碼／跌破減碼,已有部位暫停加碼；若收盤跌破60日EMA約 35.39，且下一交易日仍未收復，先減碼三分之一；若ETF或外資繼續轉弱，再分批降低部位。,56.5,92,34.9,34.92,6.04,148.43,,,,,6.76,1.19,6.29,2,0,0,0,0,544,0,-109.761,258.02200000000005,759.375,919.8009999999999,0,0,0,544,0,0,0,-179.693,-140.662,9.15,-114,2256,1045,,-89,437.71500000000003,900.037,523.652,42.62,62.41,46.66,93.89,false,false,-1.74,2.65,"單日成交金額低於5,000萬元；中期趨勢仍向下；20日趨勢尚未上彎；當下除權息調整價未守20日EMA"
352,2607,榮運,TWSE,航運業,不建立部位,暫停加碼／跌破減碼,已有部位暫停加碼；若收盤跌破60日EMA約 48.03，且下一交易日仍未收復，先減碼三分之一；若ETF或外資繼續轉弱，再分批降低部位。,56.2,88,47.05,47.05,25.41,2.45,,,,,9.94,0.8,5.74,1,0,0,0,0,0,0,-47.038,-134.245,726.27,1684.27,0,0,0,0,0,0,0,-41,-20,8.26,-44,1118,1895,,-47.038,-93.245,746.27,1670.27,47.22,45.97,52.61,32.68,false,false,-0.29,-0.21,"單日成交金額低於5,000萬元；當下除權息調整價未守20日EMA"
353,8499,鼎炫-KY,TWSE,其他電子業,不建立部位,停止加碼／開始減碼,已有部位先停止加碼。反彈若仍未站回 277.92，分批降低部位；只有站回且ETF／外資賣壓收斂後才重新評估。,56.2,88,250,251.25,116.29,87,,,,,25.45,1.22,3.15,1,0,0,0,0,0,0,-6.416,-45.657,-145.684,-190.918,0,0,0,0,0,0,0,-12.657,-13.084,71.84,-6,-178,-173,,-6,-33,-132.6,-172.62,41.01,42.87,29.75,69.12,false,false,-4.56,10.13,"單日成交金額低於5,000萬元；中期趨勢仍向下；外資持股5/10日下降，且外資5日賣超；20日趨勢尚未上彎；當下除權息調整價未守20日EMA"
354,4536,拓凱,TWSE,運動休閒,不建立部位,暫停加碼／跌破減碼,已有部位暫停加碼；若收盤跌破60日EMA約 164.20，且下一交易日仍未收復，先減碼三分之一；若ETF或外資繼續轉弱，再分批降低部位。,56,88,166.5,166.75,10.04,-0.91,,,,,12.37,1.65,4.82,2,0,0,6,6,8,0,-28.544,-13.125000000000014,687.412,1149.23,-40,-114,-114,8,1,3,-18924000,-89.03999999999999,-82.666,14.21,34,1153,1301,,12.019,189.91500000000002,884.0780000000001,1225.988,51.36,48.23,47.21,50.27,false,false,0.21,1.22,"單日成交金額低於5,000萬元；投信5/10日持續且具金額意義的賣超；20日趨勢尚未上彎"
355,2459,敦吉,TWSE,其他電子業,不建立部位,暫停加碼／跌破減碼,已有部位暫停加碼；若收盤跌破60日EMA約 65.26，且下一交易日仍未收復，先減碼三分之一；若ETF或外資繼續轉弱，再分批降低部位。,55.8,88,64.3,64.5,20.97,9.92,,,,,12.29,1.22,6.53,1,0,0,0,0,0,0,1,-126.77,-187.24999999999997,-153.25,0,0,0,0,0,0,0,-35,-25,15.72,1,-151,74,,1,-91.77,-162.25,-132.25,46.73,29.93,26.46,36.86,true,false,-0.45,1.1,"單日成交金額低於5,000萬元；當下除權息調整價未守20日EMA"
356,4137,麗豐-KY,TWSE,生技醫療業,不建立部位,停止加碼／開始減碼,已有部位先停止加碼。反彈若仍未站回 100.56，分批降低部位；只有站回且ETF／外資賣壓收斂後才重新評估。,55.8,88,94.7,94.65,22.6,8.62,,,,,12.15,1.41,10.47,2,0,-1,-1,-8,-9,0,-10.215,128.384,79.62099999999998,7.956999999999979,-0.64,-1.678,-8.52,-9.52,0,2,-160249,-14.989,11.774,54.74,3,161,174,,-2.959,145.051,76.36699999999999,-1.6330000000000098,40.94,49.3,47.17,53.57,false,false,-1.49,0.85,"單日成交金額低於5,000萬元；中期趨勢仍向下；ETF短中期同步減碼；20日趨勢尚未上彎；當下除權息調整價未守20日EMA"
357,2832,台產,TWSE,金融保險業,不建立部位,暫停加碼／跌破減碼,已有部位暫停加碼；若收盤跌破60日EMA約 55.59，且下一交易日仍未收復，先減碼三分之一；若ETF或外資繼續轉弱，再分批降低部位。,55.7,92,57.9,57.85,7.27,8.04,,,,,11.27,1.21,5.97,1,-1,-3,-3,53,49,0,-65.391,264.011,352.70700000000005,431.70700000000005,-1.383,-3.625,52.446,52.446,0,2,-212425,-45.769999999999996,-10.769999999999996,4.49,-62,274,405,,-64,313.406,311.031,409.031,54.71,64.15,68.04,56.37,false,true,0.77,0.87,"單日成交金額低於5,000萬元；20日累積後5日轉為調節；ETF 1/3日已轉為減碼"
358,1342,八貫,TWSE,其他,不建立部位,停止加碼／開始減碼,已有部位先停止加碼。反彈若仍未站回 106.09，分批降低部位；只有站回且ETF／外資賣壓收斂後才重新評估。,55.5,85,101,101.25,40.14,28.64,18.32,41.09,208.83,4.1,14.43,3.54,5.88,1,0,0,4,28,105,0,134.126,-1030.5659999999998,-1059.7089999999996,-972.0839999999996,0,4,28,105,3,1,408000,-12.093,-2.3259999999999996,32.09,130,-972,-772,,132.126,-1022.473,-1085.3829999999998,-1074.37,39.02,29.58,23.87,40.99,true,false,-4.8,-1.46,"單日成交金額低於5,000萬元；中期趨勢仍向下；外資持股5/10日下降，且外資5日賣超；20日趨勢尚未上彎；當下除權息調整價未守20日EMA"
359,2423,固緯,TWSE,其他電子業,不建立部位,暫停加碼／跌破減碼,已有部位暫停加碼；若收盤跌破60日EMA約 72.31，且下一交易日仍未收復，先減碼三分之一；若ETF或外資繼續轉弱，再分批降低部位。,55.5,65.2,73.2,73.25,26.66,23.96,,,,,20.84,3.83,3.37,2,0,4,5,5,50,0,37,129.835,119.16600000000003,282.98400000000004,0,1,1,46,1,0,74200,-49.113,-18.113,5.16,37,274,406,,36,177.948,136.27900000000002,264.158,48.31,67.23,51.27,99.16,false,false,-0.65,9.42,"單日成交金額低於5,000萬元；20日趨勢尚未上彎；當下除權息調整價未守20日EMA"
360,2211,長榮鋼,TWSE,鋼鐵工業,不建立部位,停止加碼／開始減碼,已有部位先停止加碼。反彈若仍未站回 92.60，分批降低部位；只有站回且ETF／外資賣壓收斂後才重新評估。,55.2,88,85.5,85.9,47.25,2.08,,,,,10.6,1.33,7.5,4,0,-6,-5,-5,-23,0,39.895,-303.496,455.03200000000004,-864.266,-49,-47,-39,52.541,2,2,-4074900,-269.693,-444.766,3.58,102,1344,775,,97.033,13.19700000000006,938.798,-413.202,27.2,18.64,24.67,6.58,true,true,-4.05,-3.28,"單日成交金額低於5,000萬元；中期趨勢仍向下；ETF短中期同步減碼；20日趨勢尚未上彎；當下除權息調整價未守20日EMA"
361,5534,長虹,TWSE,建材營造,不建立部位,暫停加碼／跌破減碼,已有部位暫停加碼；若收盤跌破60日EMA約 78.76，且下一交易日仍未收復，先減碼三分之一；若ETF或外資繼續轉弱，再分批降低部位。,54.9,88,77.6,77.55,124.21,34.2,,,,,15.94,1.09,7.04,2,0,284,284,284,284,284,59.901,-358.839,-685.1,867.401,0,134,134,-31,2,0,10465400,97.854,195.678,9.41,-165,-1057,130,,-97.095,-590.693,-1014.7779999999999,544.2260000000002,41.32,33.58,30.92,38.88,true,false,-1.44,-1.02,"單日成交金額低於5,000萬元；中期趨勢仍向下；20日趨勢尚未上彎；當下除權息調整價未守20日EMA"
362,6756,威鋒電子,TWSE,半導體業,不建立部位,暫停加碼／跌破減碼,已有部位暫停加碼；若收盤跌破60日EMA約 94.96，且下一交易日仍未收復，先減碼三分之一；若ETF或外資繼續轉弱，再分批降低部位。,54.9,88,103,103.5,50.06,16.36,,,,,65.33,2.38,0.91,1,0,0,0,0,0,0,108.143,213.80399999999997,138.13799999999998,-27.944000000000017,0,0,0,0,0,0,0,-15.196,-3.1979999999999986,3.34,93,246,56,,107,229,141.33599999999998,-27.664000000000016,59.43,79.51,66.06,106.41,false,false,7.69,21.89,"單日成交金額低於5,000萬元；20日趨勢尚未上彎；短線過熱或乖離過大；官方重大訊息出現高風險關鍵字，須查原文"
363,9946,三發地產,TWSE,建材營造,不建立部位,暫停加碼／跌破減碼,已有部位暫停加碼；若收盤跌破60日EMA約 18.14，且下一交易日仍未收復，先減碼三分之一；若ETF或外資繼續轉弱，再分批降低部位。,54.9,88,17.8,17.85,-11.49,4131.79,,,,,4.29,0.82,7.68,2,0,1,15,116,569,0,34.436,-1.2049999999999983,148.38299999999998,278.163,0,15,116,569,3,1,267750,-32,11,3.4,-22,164,454,,-21.564,15.795000000000002,21.38300000000001,-309.837,40.52,42.85,40.5,47.54,false,false,-2.21,-1.39,"單日成交金額低於5,000萬元；中期趨勢仍向下；20日趨勢尚未上彎；當下除權息調整價未守20日EMA"
364,4441,振大環球,TWSE,紡織纖維,不建立部位,暫停加碼／跌破減碼,已有部位暫停加碼；若收盤跌破60日EMA約 189.68，且下一交易日仍未收復，先減碼三分之一；若ETF或外資繼續轉弱，再分批降低部位。,54.8,100,194.5,194.5,-3.51,10.64,17.62,30.51,243.38,9.08,10.44,1.87,5.73,1,0,0,0,0,0,0,-38.677,-49.528,-79.423,2.921999999999997,0,0,0,0,0,0,0,-12.999,-1.9990000000000006,1.22,-38,-60,15,,-37.979,-36.528999999999996,-77.42399999999999,-1.6409999999999911,64.67,79.25,61.97,113.83,false,false,7.39,14.41,"單日成交金額低於5,000萬元；20日趨勢尚未上彎"
365,1723,中碳,TWSE,化學工業,不建立部位,暫停加碼／跌破減碼,已有部位暫停加碼；若收盤跌破60日EMA約 83.82，且下一交易日仍未收復，先減碼三分之一；若ETF或外資繼續轉弱，再分批降低部位。,54.6,100,83.4,83.2,32.12,6.31,14.62,32.06,176.63,2.07,26.91,2.42,2.21,1,1,1,5,5,4,0,35.055,-331.99300000000005,-192.76800000000014,1919.8069999999998,1,5,5,4,2,0,418500,-9.540000000000003,-19.828000000000003,9.03,11,425,1625,,30,-327.453,-177.93999999999994,1955.1770000000001,46.81,30.53,29.19,33.22,true,false,-1.46,-0.95,"單日成交金額低於5,000萬元；中期趨勢仍向下；20日趨勢尚未上彎；當下除權息調整價未守20日EMA"
366,1307,三芳,TWSE,塑膠工業,不建立部位,停止加碼／開始減碼,已有部位先停止加碼。反彈若仍未站回 32.72，分批降低部位；只有站回且ETF／外資賣壓收斂後才重新評估。,54.6,88,32.1,32.03,11.11,4.77,,,,,11.68,1.3,6.88,1,0,-22,-22,-22,-40,0,115.883,580.531,-277.46500000000003,-42.95600000000002,0,-22,-22,149.971,0,2,-704000,-53.849000000000004,-68,7.3,136,626,1361,,136.355,656.38,-187.46500000000003,475.53499999999997,48.17,70.04,53.62,102.87,false,false,0.07,4.73,"單日成交金額低於5,000萬元；中期趨勢仍向下；ETF短中期同步減碼；20日趨勢尚未上彎；當下除權息調整價未守20日EMA"
367,6192,巨路,TWSE,其他電子業,不建立部位,暫停加碼／跌破減碼,已有部位暫停加碼；若收盤跌破60日EMA約 118.47，且下一交易日仍未收復，先減碼三分之一；若ETF或外資繼續轉弱，再分批降低部位。,53.9,88,114,113.75,16.94,5.75,,,,,11.72,1.52,5.07,1,0,0,0,0,2,0,-1.819,-56.619,-330.57399999999996,-320.67299999999994,0,0,0,2,0,0,0,-73.40299999999999,-69.06299999999999,24.54,-2,-263,-331,,-1.801,16.784,-261.51099999999997,-254.40099999999995,45.91,71.01,54.1,104.82,false,false,-0.6,6.54,"單日成交金額低於5,000萬元；中期趨勢仍向下；20日趨勢尚未上彎；當下除權息調整價未守20日EMA"
368,2010,春源,TWSE,鋼鐵工業,不建立部位,暫停加碼／跌破減碼,已有部位暫停加碼；若收盤跌破60日EMA約 22.31，且下一交易日仍未收復，先減碼三分之一；若ETF或外資繼續轉弱，再分批降低部位。,53.8,68,21.35,21.38,-0.43,7.1,,,,,9.06,1.13,9.48,1,0,0,2,7,207,0,68.624,-343.7959999999998,61.02700000000016,896.5250000000001,0,2,7,207,1,0,42200,-164.805,-60.84,7.76,69,720,1268,,68.624,-180.991,114.86699999999999,698.365,45.88,59.95,51.25,77.35,true,true,0.05,2.15,"單日成交金額低於5,000萬元；中期趨勢仍向下；20日趨勢尚未上彎"
369,2015,豐興,TWSE,鋼鐵工業,不建立部位,暫停加碼／跌破減碼,已有部位暫停加碼；若收盤跌破60日EMA約 63.26，且下一交易日仍未收復，先減碼三分之一；若ETF或外資繼續轉弱，再分批降低部位。,53.4,100,65.1,64.95,-9.73,-11.51,9.45,15.81,342.19,2.36,14.84,1.67,5.2,5,0,116,118,123,232,113,-80.544,392.37300000000005,1518.575,2767.685,0,115,120,200,3,0,7302500,-43,-2,12.79,-50,1354,2094,,-79.544,320.37300000000005,1400.575,2558.685,57.12,44.48,52.72,28,false,false,1.65,-2.11,"單日成交金額低於5,000萬元；累計營收負成長且當月改善不足"
370,2420,新巨,TWSE,電子零組件業,不建立部位,暫停加碼／跌破減碼,已有部位暫停加碼；若收盤跌破60日EMA約 57.92，且下一交易日仍未收復，先減碼三分之一；若ETF或外資繼續轉弱，再分批降低部位。,53.4,88,55.1,55.05,10.73,1.47,,,,,14.01,2.03,5.43,1,0,0,8,14,14,0,89.625,468.63500000000005,209.63000000000005,-431.51699999999994,0,8,14,14,1,0,441600,-48.370999999999995,-20.644,7.54,67,359,-168,,88.626,509.006,216.27399999999994,-477.71600000000007,38.91,47.84,37.42,68.68,false,false,-2.36,3.77,"單日成交金額低於5,000萬元；中期趨勢仍向下；20日趨勢尚未上彎；當下除權息調整價未守20日EMA"
371,4532,瑞智,TWSE,電機機械,不建立部位,停止加碼／開始減碼,已有部位先停止加碼。反彈若仍未站回 24.81，分批降低部位；只有站回且ETF／外資賣壓收斂後才重新評估。,53.2,88,24.25,24.35,28.8,1.91,,,,,13.17,1.14,6.22,2,-4,-40,-40,-85,-122,0,-91.573,23.244000000000007,-1860.4769999999999,-3191.653,-3.528,-40.245999999999995,-84.684,-121.966,0,3,-969929,-12.82,-21.102999999999998,18.28,-91,-1260,-2293,,-90.9,76.31,-1754.69,-2707.8050000000003,44.82,59.71,44.56,90.03,false,false,-1.12,3.19,"單日成交金額低於5,000萬元；中期趨勢仍向下；ETF短中期同步減碼；ETF 1/3日已轉為減碼；20日趨勢尚未上彎；當下除權息調整價未守20日EMA"
372,2108,南帝,TWSE,橡膠工業,不建立部位,暫停加碼／跌破減碼,已有部位暫停加碼；若收盤跌破60日EMA約 27.86，且下一交易日仍未收復，先減碼三分之一；若ETF或外資繼續轉弱，再分批降低部位。,53.2,68,27.6,27.63,31.78,23.46,,,,,31.55,0.95,3.64,1,0,0,1,5,157,0,127.624,545.531,-435.4950000000001,-544.6930000000002,0,1,5,157,1,0,27450,-14.895,-22.436999999999998,5.57,126,1178,1668,,126.091,559.426,-418.058,-704.0409999999999,46.97,49.96,41.81,66.26,false,false,-0.68,3.95,"單日成交金額低於5,000萬元；中期趨勢仍向下；20日趨勢尚未上彎；當下除權息調整價未守20日EMA"
373,1720,生達,TWSE,生技醫療業,不建立部位,暫停加碼／跌破減碼,已有部位暫停加碼；若收盤跌破60日EMA約 57.12，且下一交易日仍未收復，先減碼三分之一；若ETF或外資繼續轉弱，再分批降低部位。,53.1,88,56.3,56.15,9.11,1.64,,,,,10.48,1.67,5.3,1,0,0,1,7,9,0,-34.535,-344.436,-79.57899999999995,-223.118,0,1,1,3,1,0,56600,-74.923,-29.747000000000003,5.45,-28,34,-2,,-30.535,-270.51300000000003,-50.831999999999994,-180.30200000000002,41.19,31.82,39.12,17.21,false,false,-1.49,-2.09,"單日成交金額低於5,000萬元；中期趨勢仍向下；20日趨勢尚未上彎；當下除權息調整價未守20日EMA"
374,8213,志超,TWSE,電子零組件業,不建立部位,停止加碼／開始減碼,已有部位先停止加碼。反彈若仍未站回 33.86，分批降低部位；只有站回且ETF／外資賣壓收斂後才重新評估。,52.8,88,30.05,30.05,26.05,10.64,,,,,15.65,0.49,3.77,1,0,0,0,0,0,0,52.608,-161.964,-1770.148,-3439.0739999999996,0,0,0,0,0,0,0,-114.613,-26.513999999999996,21.08,-15,-796,-2910,,40,-47.351,-1743.6339999999998,-3406.634,37.2,42.61,32.76,62.33,false,false,-4.1,5.44,"單日成交金額低於5,000萬元；中期趨勢仍向下；外資持股5/10日下降，且外資5日賣超；20日趨勢尚未上彎；當下除權息調整價未守20日EMA"
375,9942,茂順,TWSE,其他,不建立部位,暫停加碼／跌破減碼,已有部位暫停加碼；若收盤跌破60日EMA約 118.60，且下一交易日仍未收復，先減碼三分之一；若ETF或外資繼續轉弱，再分批降低部位。,52.6,88,114.5,114.75,26.64,15.31,,,,,13.95,2.1,6.11,1,0,0,0,0,2,0,-4.616,-70.122,7.449000000000003,433.15,0,0,0,2,0,0,0,-70,-37,4.74,-10,47,266,,-9.616,-0.12199999999999989,44.449,288.15,37.56,26.31,28.07,22.8,false,false,-3.1,2.23,"單日成交金額低於5,000萬元；中期趨勢仍向下；20日趨勢尚未上彎；當下除權息調整價未守20日EMA"
376,2497,怡利電,TWSE,汽車工業,不建立部位,停止加碼／開始減碼,已有部位先停止加碼。反彈若仍未站回 54.68，分批降低部位；只有站回且ETF／外資賣壓收斂後才重新評估。,52.3,88,48.3,48.33,52.52,21.2,,,,,20.8,1.99,4.26,1,0,0,0,0,0,0,84.834,-817.758,-505.6550000000001,-1619.663,0,0,0,0,0,0,0,107.227,91.23,3.7,86,-861,-1159,,85,-924.985,-596.885,-1724.6570000000002,39.93,42.71,30.5,67.14,false,false,-5.11,8.66,"單日成交金額低於5,000萬元；中期趨勢仍向下；外資持股5/10日下降，且外資5日賣超；20日趨勢尚未上彎；當下除權息調整價未守20日EMA"
377,9911,櫻花,TWSE,居家生活,不建立部位,停止加碼／開始減碼,已有部位先停止加碼。反彈若仍未站回 83.22，分批降低部位；只有站回且ETF／外資賣壓收斂後才重新評估。,52,88,81.9,81.95,6.72,6.3,,,,,12.8,2.87,6.14,2,0,1,15,15,18,0,-481.953,-634.2509999999999,-780.3969999999998,-745.6999999999998,0,17,17,18,2,1,1383800,-77.602,-41.602000000000004,18.79,-473,-476,-415,,-481.953,-573.649,-755.795,-728.977,41.8,22.93,22.11,24.57,true,true,-0.76,-0.24,"單日成交金額低於5,000萬元；中期趨勢仍向下；外資持股5/10日下降，且外資5日賣超；20日趨勢尚未上彎；當下除權息調整價未守20日EMA"
378,1444,力麗,TWSE,紡織纖維,不建立部位,暫停加碼／跌破減碼,已有部位暫停加碼；若收盤跌破60日EMA約 7.42，且下一交易日仍未收復，先減碼三分之一；若ETF或外資繼續轉弱，再分批降低部位。,51.9,68,7.22,7.22,25.55,24.23,,,,,,0.73,,1,1,6,81,614,2319,0,-139.094,-77.89499999999998,543.8389999999999,-631.5969999999998,1,81,614,2319,4,1,579960,-245,21,5.35,-204,-961,-3785,,-204.094,86.10499999999999,-91.16100000000006,-2899.5969999999998,40.69,18.5,14.28,26.95,true,false,-4.83,2.85,"單日成交金額低於5,000萬元；中期趨勢仍向下；ETF加碼，但外資持股5/10日同步下降；20日趨勢尚未上彎；當下除權息調整價未守20日EMA"
379,2415,錩新,TWSE,電子零組件業,不建立部位,停止加碼／開始減碼,已有部位先停止加碼。反彈若仍未站回 32.36，分批降低部位；只有站回且ETF／外資賣壓收斂後才重新評估。,51.8,68,31.5,31.53,9.2,10.25,,,,,16.3,1.59,5.08,1,0,0,8,63,239,0,-20,-42.975,86.76199999999999,-70.024,0,8,63,239,3,1,250400,-30,-1.6379999999999992,21.18,11,-98,-31,,-20,-20.975,25.399999999999977,-311.64,44.88,45.21,32.23,71.18,false,false,-2.65,7.33,"單日成交金額低於5,000萬元；中期趨勢仍向下；外資持股5/10日下降，且外資5日賣超；20日趨勢尚未上彎；當下除權息調整價未守20日EMA"
380,2753,八方雲集,TWSE,觀光餐旅,不建立部位,暫停加碼／跌破減碼,已有部位暫停加碼；若收盤跌破60日EMA約 180.06，且下一交易日仍未收復，先減碼三分之一；若ETF或外資繼續轉弱，再分批降低部位。,51.7,88,178.5,178.75,10.85,7.26,,,,,13.29,3.36,6.7,3,-1,-5,-5,-9,-13,0,-18.366,429.12100000000004,798.311,852.373,-0.607,-4.591,-9.07,-13.598,0,3,-821789,-17.318,-15.283000000000001,5.95,-12,714,1206,,-17.759,451.03,822.664,891.6790000000001,48.36,57.72,58.93,55.3,false,true,-0.16,-0.28,"單日成交金額低於5,000萬元；ETF短中期同步減碼；ETF 1/3日已轉為減碼；當下除權息調整價未守20日EMA"
381,1615,大山,TWSE,電器電纜,不建立部位,暫停加碼／跌破減碼,已有部位暫停加碼；若收盤跌破60日EMA約 44.08，且下一交易日仍未收復，先減碼三分之一；若ETF或外資繼續轉弱，再分批降低部位。,51.7,65,41.8,41.83,28.36,2.23,,,,,8.87,1.69,6.18,1,0,0,0,1,63,0,-8,112,193,74.98999999999998,0,0,1,62,0,0,0,-2,5,0.95,-9,-161,-34,,-9,114,187,4.989999999999981,33.5,30.84,28.23,36.05,false,false,-3.14,0.12,"單日成交金額低於5,000萬元；中期趨勢仍向下；外資持股趨勢資料不足或期間有非市場異動；20日趨勢尚未上彎；當下除權息調整價未守20日EMA"
382,6183,關貿,TWSE,資訊服務業,不建立部位,暫停加碼／跌破減碼,已有部位暫停加碼；若收盤跌破60日EMA約 91.25，且下一交易日仍未收復，先減碼三分之一；若ETF或外資繼續轉弱，再分批降低部位。,51.6,88,91.3,91.35,7.45,9,,,,,22.74,4.61,3.85,2,0,0,0,1,47,0,11,11.944,99.544,299.544,0,0,1,47,0,0,0,-20.055999999999997,-15.055999999999997,1.19,14,122,208,,13,32,113.6,267.6,50.25,53.58,63.81,33.12,false,false,-0.12,0,"單日成交金額低於5,000萬元；當下除權息調整價未守20日EMA"
383,6120,達運,TWSE,光電業,不建立部位,暫停加碼／跌破減碼,已有部位暫停加碼；若收盤跌破60日EMA約 13.59，且下一交易日仍未收復，先減碼三分之一；若ETF或外資繼續轉弱，再分批降低部位。,51.3,88,13.35,13.38,42.06,-3.78,,,,,,0.91,1.83,1,0,0,36,50,62,0,956.194,4086.542,-294.343,-4457.88,0,36,50,62,1,0,491400,-193.649,-81.239,9.22,786,1423,-3345,,954.182,4244.191,-263.10400000000016,-4569.766,50.06,71.93,57.21,101.39,false,false,0.99,7.66,"單日成交金額低於5,000萬元；中期趨勢仍向下；20日趨勢尚未上彎"
384,8046,南電,TWSE,電子零組件業,不建立部位,優先出脫,已有部位應優先降低曝險；目前觸發「外資持股5/10日下降且外資5日賣超」。待事件解除或基本面重新確認後再評估。,51.3,88,1110,1105,50.03,37.2,,,,,224.58,14.67,0.19,32,1,27,251,456,3606,115,416.849,-88.70399999999995,1729.7069999999999,-1770.188,0,27.902,-1134.059,14143.884,3,1,29576120,723.044,862.7949999999998,13.22,377,-2693,-10769,,360.3,-839.65,2000.9710000000002,-16636.324,52.76,56.94,38.09,94.66,false,false,4.44,32.62,處置或交易限制風險；外資持股5/10日下降，且外資5日賣超；20日趨勢尚未上彎；短線過熱或乖離過大；高波動且5日漲幅過大
385,3550,聯穎,TWSE,電子零組件業,不建立部位,停止加碼／開始減碼,已有部位先停止加碼。反彈若仍未站回 24.36，分批降低部位；只有站回且ETF／外資賣壓收斂後才重新評估。,51.3,68,22.7,22.67,38.08,27.35,,,,,,1.45,,1,0,1,9,69,260,0,-259.017,-994.054,-822.3259999999999,-278.3729999999998,0,9,69,260,3,1,202950,-22.239000000000004,-3.291000000000003,7.7,-333,-1722,-496,,-247.679,-980.8149999999999,-888.035,-527.5639999999999,45.97,66.72,46.01,108.12,false,false,-1.24,22.7,"單日成交金額低於5,000萬元；中期趨勢仍向下；外資持股5/10日下降，且外資5日賣超；20日趨勢尚未上彎；當下除權息調整價未守20日EMA；短線過熱或乖離過大"
386,3060,銘異,TWSE,電腦及週邊設備業,不建立部位,暫停加碼／跌破減碼,已有部位暫停加碼；若收盤跌破60日EMA約 31.13，且下一交易日仍未收復，先減碼三分之一；若ETF或外資繼續轉弱，再分批降低部位。,51.2,68,28.95,28.95,48.98,17.56,,,,,,1.46,0.69,1,1,2,14,107,403,0,130.034,449.197,-1767.7779999999998,-5740.5,1,14,107,403,4,1,406700,-78.964,-12.458000000000002,12.44,139,-1877,-3931,,138.06,514.1610000000001,-1862.3200000000002,-6160.388000000001,44.54,63.02,45.41,98.23,false,false,-2.52,13.98,"單日成交金額低於5,000萬元；中期趨勢仍向下；ETF加碼，但外資持股5/10日同步下降；20日趨勢尚未上彎；當下除權息調整價未守20日EMA"
387,1537,廣隆,TWSE,電機機械,不建立部位,暫停加碼／跌破減碼,已有部位暫停加碼；若收盤跌破60日EMA約 125.85，且下一交易日仍未收復，先減碼三分之一；若ETF或外資繼續轉弱，再分批降低部位。,51.1,88,126,126.25,14.05,0.69,,,,,16.51,2.23,5.74,1,0,0,0,0,1,0,-2.526,-33.605000000000004,153.551,345.54999999999995,0,0,0,1,0,0,0,-24.859,104.175,16.03,-2,28,144,,-3,-8.745999999999999,49.376000000000005,239.37599999999998,48.98,22.86,30.5,7.59,false,false,-0.14,0,"單日成交金額低於5,000萬元；20日趨勢尚未上彎"
388,6115,鎰勝,TWSE,電子零組件業,不建立部位,暫停加碼／跌破減碼,已有部位暫停加碼；若收盤跌破60日EMA約 46.76，且下一交易日仍未收復，先減碼三分之一；若ETF或外資繼續轉弱，再分批降低部位。,51.1,88,45,45.18,15.96,11.79,,,,,15.88,1.52,6.21,1,0,0,0,0,0,0,31,-80,-8.700000000000003,-736.7,0,0,0,0,0,0,0,-53,-32,5.38,36,212,108,,31,-27,23.299999999999997,-702.7,37.45,24.02,33.96,4.14,false,false,-1.79,-0.33,"單日成交金額低於5,000萬元；中期趨勢仍向下；20日趨勢尚未上彎；當下除權息調整價未守20日EMA"
389,2450,神腦,TWSE,通信網路業,不建立部位,暫停加碼／跌破減碼,已有部位暫停加碼；若收盤跌破60日EMA約 29.12，且下一交易日仍未收復，先減碼三分之一；若ETF或外資繼續轉弱，再分批降低部位。,50.8,100,28.3,28.28,16.42,15.9,0.89,42.18,178.91,0.67,17.56,1.18,5.45,1,0,0,0,0,0,0,-99,-104,11.329999999999998,-52.67,0,0,0,0,0,0,0,-20,-6,1.33,-85,-29,79,,-96,-84,17.33,-30.67,35.66,16.23,24.23,0.22,false,false,-1.48,-1.22,"單日成交金額低於5,000萬元；中期趨勢仍向下；20日趨勢尚未上彎；當下除權息調整價未守20日EMA"
390,8442,威宏-KY,TWSE,其他,不建立部位,暫停加碼／跌破減碼,已有部位暫停加碼；若收盤跌破60日EMA約 44.92，且下一交易日仍未收復，先減碼三分之一；若ETF或外資繼續轉弱，再分批降低部位。,50.7,88,43.8,43.9,32.95,9.28,,,,,24.66,0.85,6.8,1,0,-1,-1,-6,-7,0,-20.37,-14.970000000000002,127.13,13.129999999999995,-0.37,-0.97,-6.07,-7.07,0,2,-42825,6,33,56.29,-21,172,193,,-21,-20,100.2,-5.800000000000011,47.68,32.21,36.31,24,false,false,-1.07,1.27,"單日成交金額低於5,000萬元；ETF短中期同步減碼；當下除權息調整價未守20日EMA"
391,2543,皇昌,TWSE,建材營造,不建立部位,暫停加碼／跌破減碼,已有部位暫停加碼；若收盤跌破60日EMA約 41.94，且下一交易日仍未收復，先減碼三分之一；若ETF或外資繼續轉弱，再分批降低部位。,50.3,88,37.3,37.38,105.33,54.81,,,,,15.1,1.97,4.09,1,0,0,0,0,0,0,166.083,1000.505,1661.111,3245.03,0,6,14,10,3,0,224700,-2.4909999999999997,-19.108999999999998,1.57,103,261,599,,163.055,996.996,1666.22,3255.857,42.88,31.15,28.58,36.3,true,true,-2.35,4.92,"單日成交金額低於5,000萬元；中期趨勢仍向下；20日趨勢尚未上彎；當下除權息調整價未守20日EMA"
392,2707,晶華,TWSE,觀光餐旅,不建立部位,暫停加碼／跌破減碼,已有部位暫停加碼；若收盤跌破60日EMA約 178.79，且下一交易日仍未收復，先減碼三分之一；若ETF或外資繼續轉弱，再分批降低部位。,50.1,88,176.5,176.25,13.94,5.11,,,,,12.57,6.34,6.11,1,0,0,0,0,3,0,-124.017,-135.59200000000004,289.7389999999999,679.914,0,0,0,3,0,0,0,-26.485000000000003,-7.8240000000000025,7.07,-112,313,309,,-124,-109.10699999999997,297.56300000000005,694.738,41.6,29.58,40.68,7.38,false,false,-1.12,-2.22,"單日成交金額低於5,000萬元；中期趨勢仍向下；20日趨勢尚未上彎；當下除權息調整價未守20日EMA"
393,2547,日勝生,TWSE,建材營造,不建立部位,停止加碼／開始減碼,已有部位先停止加碼。反彈若仍未站回 10.62，分批降低部位；只有站回且ETF／外資賣壓收斂後才重新評估。,49.8,88,10.25,10.28,141.99,43.61,,,,,73.57,0.74,7.77,1,-8,-21,-21,-77,-103,0,663.89,3129.708,8697.339,5429.959999999999,-7.97,-20.887999999999998,-77.27199999999999,372.728,0,2,-215146,-205.587,-72.62299999999999,13.89,635,8718,5060,,620.86,3356.183,8847.233999999999,5113.233999999999,39.7,41.37,42.6,38.9,false,true,-2.02,-0.97,"單日成交金額低於5,000萬元；中期趨勢仍向下；ETF短中期同步減碼；ETF 1/3日已轉為減碼；20日趨勢尚未上彎；當下除權息調整價未守20日EMA"
394,2491,吉祥全,TWSE,光電業,不建立部位,暫停加碼／跌破減碼,已有部位暫停加碼；若收盤跌破60日EMA約 29.39，且下一交易日仍未收復，先減碼三分之一；若ETF或外資繼續轉弱，再分批降低部位。,49.8,68,31.95,31.95,7.63,-7.13,,,,,8.44,2.38,,1,0,0,4,39,151,0,-26.409,73.505,494.10499999999996,544.9549999999999,0,4,39,151,2,0,116200,-3.4949999999999974,2.5050000000000026,6.69,-27,278,485,,-27,73,452.59999999999997,390.44999999999993,54.64,64.18,38.1,116.34,false,false,8.83,44.24,"單日成交金額低於5,000萬元；累計營收負成長且當月改善不足；20日趨勢尚未上彎；短線過熱或乖離過大；高波動且5日漲幅過大"
395,2331,精英,TWSE,電腦及週邊設備業,不建立部位,暫停加碼／跌破減碼,已有部位暫停加碼；若收盤跌破60日EMA約 20.50，且下一交易日仍未收復，先減碼三分之一；若ETF或外資繼續轉弱，再分批降低部位。,49.2,88,19.25,19.23,25.84,20.41,,,,,39.1,1,,1,0,0,0,0,-387,0,256.548,832.586,-675.9849999999999,191.23500000000013,0,0,0,-387,0,0,0,-62.715,-79.42500000000001,5.85,293,1755,1278,,264.534,895.3009999999999,-596.5600000000001,713.6609999999998,46.33,62.51,47.56,92.41,false,false,-0.86,10.32,"單日成交金額低於5,000萬元；中期趨勢仍向下；20日趨勢尚未上彎；當下除權息調整價未守20日EMA"
396,8476,台境*,TWSE,綠能環保,不建立部位,暫停加碼／跌破減碼,已有部位暫停加碼；若收盤跌破60日EMA約 20.83，且下一交易日仍未收復，先減碼三分之一；若ETF或外資繼續轉弱，再分批降低部位。,49,68,20.8,20.9,66.05,3.11,,,,,47.86,1.74,1,1,1,1,12,89,333,0,-22,-236.282,-854.4350000000001,-1547.285,1,12,89,333,4,1,241200,-45.512,-5.5120000000000005,1.48,-25,161,835,,-24,-202.77,-937.9230000000001,-1876.7730000000001,46.01,25.44,21.61,33.1,true,false,-2.5,6.12,"單日成交金額低於5,000萬元；中期趨勢仍向下；20日趨勢尚未上彎；當下除權息調整價未守20日EMA"
397,2359,所羅門,TWSE,其他電子業,不建立部位,暫停加碼／跌破減碼,已有部位暫停加碼；若收盤跌破60日EMA約 135.02，且下一交易日仍未收復，先減碼三分之一；若ETF或外資繼續轉弱，再分批降低部位。,49,56,144.5,143.25,35.56,4.12,,,,,74.74,4.32,0.69,1,0,1,1,1,1,0,2557.5,3043.232000000001,2574.8200000000006,4622.269,0,0,0,0,0,0,0,79.25800000000001,81.42400000000002,6.77,2192,4052,-1654,,2374.156,2963.9739999999993,2493.3959999999993,4236.409,55.58,59.06,45.27,86.64,true,false,5.27,17,資料覆蓋不足；20日趨勢尚未上彎；高波動且5日漲幅過大
398,7722,LINEPAY,TWSE,數位雲端,不建立部位,暫停加碼／跌破減碼,已有部位暫停加碼；若收盤跌破60日EMA約 290.47，且下一交易日仍未收復，先減碼三分之一；若ETF或外資繼續轉弱，再分批降低部位。,48.9,68,270.5,272.25,14.16,14.91,,,,,38.3,1.69,0.74,1,0,0,1,15,51,0,-32.716,-58.425999999999995,-8.043999999999993,109.822,0,1,13,95,1,0,270000,-7.071,-8.562999999999999,58.84,-29,-18,68,,-31.983,-52.355000000000004,-12.481000000000005,21.042999999999992,40.39,20.18,22.62,15.3,false,false,-4.11,1.31,"單日成交金額低於5,000萬元；中期趨勢仍向下；20日趨勢尚未上彎；當下除權息調整價未守20日EMA"
399,2247,汎德永業,TWSE,汽車工業,不建立部位,暫停加碼／跌破減碼,已有部位暫停加碼；若收盤跌破60日EMA約 228.61，且下一交易日仍未收復，先減碼三分之一；若ETF或外資繼續轉弱，再分批降低部位。,48.3,88,229.5,229.5,-6.99,-26.05,,,,,14.26,1.48,6.4,2,0,-1,-1,-4,20,0,8.693,56.924,167.583,261.889,-0.307,-0.804,-4.024,18.976,0,2,-182106,-9,-8,3.92,9,197,218,,9,66.72800000000001,179.60700000000003,269.98400000000004,53.07,53,52.13,54.72,true,true,0.94,-0.43,"單日成交金額低於5,000萬元；累計營收負成長且當月改善不足；ETF短中期同步減碼；20日累積後5日轉為調節；20日趨勢尚未上彎"
400,8473,山林水,TWSE,綠能環保,不建立部位,暫停加碼／跌破減碼,已有部位暫停加碼；若收盤跌破60日EMA約 44.07，且下一交易日仍未收復，先減碼三分之一；若ETF或外資繼續轉弱，再分批降低部位。,48.2,56,41.35,41.28,18.1,11.68,,,,,14.53,1.06,4.54,1,0,1,1,1,1,0,-90.789,-442.481,-222.55899999999997,-188.45799999999997,0,0,0,0,0,0,0,-27.449,-14.922000000000004,4.2,-83,22,-57,,-90.79,-415.03200000000004,-207.63700000000003,-180.64500000000004,38.54,27.53,22.36,37.89,true,false,-3.93,3.37,"資料覆蓋不足；單日成交金額低於5,000萬元；中期趨勢仍向下；20日趨勢尚未上彎；當下除權息調整價未守20日EMA"
401,6189,豐藝,TWSE,電子通路業,不建立部位,停止加碼／開始減碼,已有部位先停止加碼。反彈若仍未站回 49.56，分批降低部位；只有站回且ETF／外資賣壓收斂後才重新評估。,48.1,88,48.7,48.73,4.49,-2.48,,,,,18.56,1.98,5.53,3,-4,-19,-19,-19,-37,0,254.23,1161.521,713.0680000000001,1232.3630000000003,-4.076,-19.148,-19.148,-11.962000000000003,0,3,-934422,-73.22300000000001,-29.574000000000016,7.69,211,986,701,,260.463,1253.892,761.79,1234.455,49.3,68.13,53.42,97.56,false,false,0.49,8.34,"單日成交金額低於5,000萬元；累計營收負成長且當月改善不足；中期趨勢仍向下；ETF短中期同步減碼；ETF 1/3日已轉為減碼；20日趨勢尚未上彎"
402,8341,日友,TWSE,綠能環保,不建立部位,暫停加碼／跌破減碼,已有部位暫停加碼；若收盤跌破60日EMA約 76.65，且下一交易日仍未收復，先減碼三分之一；若ETF或外資繼續轉弱，再分批降低部位。,48,68,75.3,75.35,6.99,17.68,,,,,16.02,1.92,5.31,1,0,0,0,1,41,0,-42.906,-73.36000000000003,207.652,700.928,0,0,1,41,0,0,0,-12.983999999999996,-3.428999999999996,5.42,-30,317,750,,-41.55,-60.37600000000002,210.081,657.603,42.55,19.61,28.31,2.2,false,false,-1.16,-0.13,"單日成交金額低於5,000萬元；中期趨勢仍向下；20日趨勢尚未上彎；當下除權息調整價未守20日EMA"
403,6902,GOGOLOOK,TWSE,數位雲端,不建立部位,暫停加碼／跌破減碼,已有部位暫停加碼；若收盤跌破60日EMA約 122.66，且下一交易日仍未收復，先減碼三分之一；若ETF或外資繼續轉弱，再分批降低部位。,47.8,56,120.5,120.5,36.46,27.5,,,,,41.98,5.74,,1,0,3,3,3,3,0,43,69.78,121.32999999999998,106.60399999999998,0,0,0,0,0,0,0,-3,-2,3.94,43,143,114,,43,72.78,123.32999999999998,110.60399999999998,44.9,79.57,67.7,103.31,false,false,-2.17,0.42,"資料覆蓋不足；單日成交金額低於5,000萬元；中期趨勢仍向下；20日趨勢尚未上彎；當下除權息調整價未守20日EMA"
404,8411,福貞-KY,TWSE,其他,不建立部位,暫停加碼／跌破減碼,已有部位暫停加碼；若收盤跌破60日EMA約 12.52，且下一交易日仍未收復，先減碼三分之一；若ETF或外資繼續轉弱，再分批降低部位。,47.4,56,12.8,12.85,7.66,19.3,,,,,131,0.47,0.76,1,0,3,3,3,3,0,4,28,76.8,194.8,0,0,0,0,0,0,0,-32,-14,53.93,3,142,245,,3,60,90.8,215.8,51.25,44.69,63.07,7.94,false,false,-0.26,-1.16,"資料覆蓋不足；單日成交金額低於5,000萬元；估值高且成長不足以支撐"
405,4746,台耀,TWSE,生技醫療業,不建立部位,暫停加碼／跌破減碼,已有部位暫停加碼；若收盤跌破60日EMA約 52.62，且下一交易日仍未收復，先減碼三分之一；若ETF或外資繼續轉弱，再分批降低部位。,47.3,88,52.7,52.6,0.29,-8.86,,,,,18.76,0.82,5.67,1,0,0,0,0,0,0,165.904,802.2330000000001,-351.40399999999994,-875.606,0,0,0,0,0,0,0,216.05,261.806,8.73,-134,-762,-1119,,126.085,586.183,-613.21,-1133.795,52.94,75.67,56.6,113.81,false,false,1.3,6.79,"單日成交金額低於5,000萬元；累計營收負成長且當月改善不足；20日趨勢尚未上彎"
406,2838,聯邦銀,TWSE,金融保險業,不建立部位,暫停加碼／跌破減碼,已有部位暫停加碼；若收盤跌破60日EMA約 20.56，且下一交易日仍未收復，先減碼三分之一；若ETF或外資繼續轉弱，再分批降低部位。,47.2,92,20.45,20.38,-2.49,25.18,,,,,14.65,1.12,5.13,3,0,0,4,16,32,0,18.819,124.42500000000007,-1560.3049999999996,-9618.63,0,43,83,-92,3,0,887950,-708.6869999999999,-481.18699999999984,4.29,70,1657,-2321,,43,790.1120000000001,-1162.118,-8868.854,44.14,49.2,49.47,48.64,false,true,-1.45,-0.73,"單日成交金額低於5,000萬元；中期趨勢仍向下；20日趨勢尚未上彎；當下除權息調整價未守20日EMA"
407,3679,新至陞,TWSE,電子零組件業,不建立部位,暫停加碼／跌破減碼,已有部位暫停加碼；若收盤跌破60日EMA約 112.76，且下一交易日仍未收復，先減碼三分之一；若ETF或外資繼續轉弱，再分批降低部位。,47.2,88,109.5,109.75,1.35,-10.64,,,,,12.9,1.47,8.22,1,0,0,0,-5,-6,0,2.704,45.224000000000004,157.76,234.873,-0.296,-0.776,-5.34,-5.34,0,2,-84972,-10,-8,8.58,-15,178,267,,3,56,171.1,245.213,46.91,21.02,28.87,5.31,false,false,-0.51,0,"單日成交金額低於5,000萬元；累計營收負成長且當月改善不足；中期趨勢仍向下；20日趨勢尚未上彎；當下除權息調整價未守20日EMA"
408,1712,興農,TWSE,化學工業,不建立部位,停止加碼／開始減碼,已有部位先停止加碼。反彈若仍未站回 39.96，分批降低部位；只有站回且ETF／外資賣壓收斂後才重新評估。,47.1,88,38.65,38.67,4.08,3.12,,,,,15.56,2.07,6.48,2,-3,-9,-9,417,415,0,-769.44,-1440.6690000000003,-1816.0630000000003,-2360.2840000000006,-3.55,0.6960000000000015,430.409,590.409,3,2,26866,-106.60200000000002,-45.26400000000002,13.07,-619,-2310,-2004,,-766,-1334.763,-2201.2079999999996,-2866.2079999999996,39.99,20.56,30.25,1.18,false,false,-1.4,-2.77,"單日成交金額低於5,000萬元；中期趨勢仍向下；20日累積後5日轉為調節；ETF 1/3日已轉為減碼；外資持股5/10日下降，且外資5日賣超；20日趨勢尚未上彎；當下除權息調整價未守20日EMA"
409,8028,昇陽半導體,TWSE,半導體業,不建立部位,優先出脫,已有部位應優先降低曝險；目前觸發「價格跌破60日EMA且20日趨勢向下」。待事件解除或基本面重新確認後再評估。,47,88,273,272.75,33.62,28.4,,,,,62.39,9.32,0.96,5,0,42,42,43,129,42,36.018,106.84700000000001,728.9909999999999,4305.687,-185,-598,-1079,-25,1,3,-168636000,-24.475999999999992,-104.856,27.81,264,-764,5719,,266.479,729.323,1912.8470000000002,4474.238,45.87,46.27,35.07,68.68,false,false,-3.79,20,處置或交易限制風險；中期趨勢仍向下；投信5/10日持續且具金額意義的賣超；20日趨勢尚未上彎；當下除權息調整價未守20日EMA；高波動且5日漲幅過大
410,2373,震旦行,TWSE,其他電子業,不建立部位,暫停加碼／跌破減碼,已有部位暫停加碼；若收盤跌破60日EMA約 55.39，且下一交易日仍未收復，先減碼三分之一；若ETF或外資繼續轉弱，再分批降低部位。,46.9,88,53.3,53.3,4.91,-2.47,,,,,13.69,1.7,6.93,1,0,0,0,0,0,0,-11,-19,66.1,148.043,0,0,0,0,0,0,0,-13,-7,1.41,-12,48,157,,-13,-6,73.1,148.043,35.49,24.96,27.18,20.53,false,true,-1.49,-0.93,"單日成交金額低於5,000萬元；累計營收負成長且當月改善不足；中期趨勢仍向下；20日趨勢尚未上彎；當下除權息調整價未守20日EMA"
411,2477,美隆電,TWSE,其他電子業,不建立部位,優先出脫,已有部位應優先降低曝險；目前觸發「價格跌破60日EMA且20日趨勢向下」。待事件解除或基本面重新確認後再評估。,46.9,88,21.65,21.73,-15.09,-7.77,,,,,13.3,0.84,6.5,1,-1,-2,-2,36,33,0,7.933,133.60399999999998,223.458,209.45799999999997,-1.067,-2.7960000000000003,35.258,32.258,0,2,-60254,-28,-23,23.88,9,605,674,,9,164.4,211.2,202.2,52.06,61.88,65.56,54.52,false,true,0.64,1.17,"單日成交金額低於5,000萬元；營收動能同步衰退；累計營收負成長且當月改善不足；中期趨勢仍向下；20日累積後5日轉為調節；ETF 1/3日已轉為減碼；20日趨勢尚未上彎"
412,1810,和成,TWSE,玻璃陶瓷,不建立部位,優先出脫,已有部位應優先降低曝險；目前觸發「單月與累計營收同步明顯衰退」。待事件解除或基本面重新確認後再評估。,46.9,87.5,24.45,24.48,-11.91,-8.26,,,,,6.59,0.93,0.8,2,0,9,43,52,50,0,-95.443,-4021.6679999999997,-10186.098999999998,-5819.685999999998,0,16.937,25.734,23.734,1,1,421731,-116.18199999999999,1072.9099999999999,3.91,-113,2541,-3313,,-85.813,-3922.423,-11284.742999999999,-7130.191999999998,47.6,22.58,20.31,27.11,true,false,-4.07,4.04,營收動能同步衰退；累計營收負成長且當月改善不足；當下除權息調整價未守20日EMA
413,4763,材料*-KY,TWSE,化學工業,不建立部位,優先出脫,已有部位應優先降低曝險；目前觸發「ETF 5/10日同步減碼」。待事件解除或基本面重新確認後再評估。,46.8,85,48.85,49.23,-10.11,-30.69,,,,,9.37,2.22,6.3,7,0,-6,-66,-62,1260,-125,-897.645,107.70600000000104,-3953.722999999999,671.5490000000009,0,-53.169999999999995,-38.102999999999994,1580.897,1,2,-2576086,-52.116000000000014,-376.787,46.54,-1508,4890,5545,,-909.235,212.99199999999973,-3538.8330000000005,-390.0520000000006,53.34,49.49,45.03,58.41,true,false,1.12,2.63,營收動能同步衰退；累計營收負成長且當月改善不足；ETF短中期同步減碼；20日累積後5日轉為調節；主動ETF 5日轉為減碼；外資持股趨勢資料不足或期間有非市場異動；20日趨勢尚未上彎
414,8033,雷虎,TWSE,其他,不建立部位,優先出脫,已有部位應優先降低曝險；目前觸發「處置或交易限制事件」。待事件解除或基本面重新確認後再評估。,46.7,68,190,187.5,19.63,9.67,,,,,282.09,14.95,,1,0,1,15,112,423,0,207.172,488.27700000000004,-1013.2069999999998,-2193.426,0,15,112,423,3,1,2835000,61,46.730000000000004,14.05,196,-1730,-4439,,196.172,412.277,-1171.9370000000004,-2393.5220000000004,51.69,67.84,44.16,115.19,false,false,1.82,26.67,處置或交易限制風險；ETF加碼，但外資持股5/10日同步下降；20日趨勢尚未上彎；短線過熱或乖離過大；高波動且5日漲幅過大；估值高且成長不足以支撐
415,3545,敦泰,TWSE,半導體業,不建立部位,暫停加碼／跌破減碼,已有部位暫停加碼；若收盤跌破60日EMA約 52.73，且下一交易日仍未收復，先減碼三分之一；若ETF或外資繼續轉弱，再分批降低部位。,46.5,88,50.2,50.05,2.16,-13.49,,,,,,1.25,1.6,2,10,10,10,16,17,0,81.877,1542.9430000000002,1114.096,309.37200000000007,10,10,16,17,1,0,505000,-38.081,-55.666,15.14,-18,1586,707,,76.972,1571.024,1153.7620000000002,535.1010000000001,47.03,75.54,59.49,107.65,false,false,-0.38,12.81,"單日成交金額低於5,000萬元；累計營收負成長且當月改善不足；中期趨勢仍向下；20日趨勢尚未上彎；當下除權息調整價未守20日EMA"
416,3015,全漢,TWSE,電子零組件業,不建立部位,優先出脫,已有部位應優先降低曝險；目前觸發「價格跌破60日EMA且20日趨勢向下」。待事件解除或基本面重新確認後再評估。,46.4,88,56.5,56.1,-14.01,-6.48,,,,,27.64,0.89,3.92,5,-3,-5,23,118,391,0,94.637,406.35900000000004,-45.11999999999993,-1718.2839999999999,-2.693,22.618000000000002,117.618,390.94399999999996,3,2,1268870,-2.6390000000000016,-21.277,9.82,63,175,-598,,90.842,386.38,-141.461,-2055.861,49.08,66.78,47.56,105.23,false,false,0.4,15.54,"單日成交金額低於5,000萬元；營收動能同步衰退；累計營收負成長且當月改善不足；中期趨勢仍向下；ETF 1/3日已轉為減碼；20日趨勢尚未上彎；當下除權息調整價未守20日EMA"
417,1519,華城,TWSE,電機機械,不建立部位,優先出脫,已有部位應優先降低曝險；目前觸發「價格跌破60日EMA且20日趨勢向下」。待事件解除或基本面重新確認後再評估。,45.9,88,666,664.5,-25.78,-2.69,,,,,45.57,25.42,1.81,12,26,37,128,127,101,99,-195.718,569.1990000000001,1130.246,1437.3220000000001,0,96.336,99.565,47.565,3,0,63870768,24.268,-17.295999999999996,18.55,-154,965,1590,,-176.729,448.59499999999997,1047.977,1565.5749999999998,52.6,75.75,67.06,93.14,false,false,2.79,10.5,營收動能同步衰退；累計營收負成長且當月改善不足；中期趨勢仍向下；20日趨勢尚未上彎
418,3026,禾伸堂,TWSE,電子零組件業,不建立部位,優先出脫,已有部位應優先降低曝險；目前觸發「價格跌破60日EMA且20日趨勢向下」。待事件解除或基本面重新確認後再評估。,45.7,100,580,586,33.9,15.61,14.38,40.55,193.98,6.73,53.37,8.78,1.06,11,0,-614,-1027,-956,2902,-1045,-80.321,-1256.6390000000001,-1083.5169999999998,9706.184000000001,-17.55,-4401.9,-5003.9,-1725.8999999999996,0,5,-2407839300,192.77299999999997,118.03499999999994,20.82,-83,4966,10534,,-84,2952.4880000000003,3802.348000000001,11674.552000000001,45.12,41.43,23.83,76.62,false,false,-5.28,35.67,處置或交易限制風險；中期趨勢仍向下；ETF短中期同步減碼；20日累積後5日轉為調節；主動ETF 5日轉為減碼；投信5/10日持續且具金額意義的賣超；20日趨勢尚未上彎；當下除權息調整價未守20日EMA；短線過熱或乖離過大；高波動且5日漲幅過大
419,2897,王道銀行,TWSE,金融保險業,不建立部位,停止加碼／開始減碼,已有部位先停止加碼。反彈若仍未站回 10.29，分批降低部位；只有站回且ETF／外資賣壓收斂後才重新評估。,45.7,92,10.1,10.13,14.1,30.36,,,,,15.07,0.7,5.07,1,0,-2669,-2669,-2537,-2185,-2669,-181,3113.934,13148.994,9066.797000000002,0,-2669,-2537,-2185,0,2,-27357250,-689,-318.898,8.83,-99,22812,16912,,-99,6471.933999999999,16004.892,11444.695,39.05,38.28,42.89,29.05,true,true,-1.86,-1.46,"單日成交金額低於5,000萬元；中期趨勢仍向下；ETF短中期同步減碼；主動ETF 5日轉為減碼；20日趨勢尚未上彎；當下除權息調整價未守20日EMA"
420,2020,美亞,TWSE,鋼鐵工業,不建立部位,暫停加碼／跌破減碼,已有部位暫停加碼；若收盤跌破60日EMA約 21.62，且下一交易日仍未收復，先減碼三分之一；若ETF或外資繼續轉弱，再分批降低部位。,45.4,56,21.15,21.13,3.63,-4.2,,,,,10.8,1.37,8.59,1,0,3,3,3,3,0,1,-61.232,-39.172000000000004,445.98800000000006,0,0,0,0,0,0,0,-93.262,-76.263,1.68,0,205,589,,1,32.03,37.091,515.251,46.21,40.2,41.14,38.32,false,true,-0.36,-0.24,"資料覆蓋不足；單日成交金額低於5,000萬元；累計營收負成長且當月改善不足；中期趨勢仍向下；20日趨勢尚未上彎；當下除權息調整價未守20日EMA"
421,2923,鼎固-KY,TWSE,建材營造,不建立部位,暫停加碼／跌破減碼,已有部位暫停加碼；若收盤跌破60日EMA約 28.67，且下一交易日仍未收復，先減碼三分之一；若ETF或外資繼續轉弱，再分批降低部位。,45.3,88,27.5,27.63,294.84,170.39,,,,,,1.11,0.41,1,0,0,0,0,0,0,-16.232,-65.84899999999996,454.31,1674.31,0,0,0,0,0,0,0,-51.596000000000004,-51.887,99.53,5,479,1524,,4.768,-14.253,506.197,1641.1970000000001,41.81,16.21,33.36,-18.1,false,false,-14.13,-25.47,"單日成交金額低於5,000萬元；當下除權息調整價未守20日EMA"
422,6962,奕力-KY,TWSE,半導體業,不建立部位,暫停加碼／跌破減碼,已有部位暫停加碼；若收盤跌破60日EMA約 34.66，且下一交易日仍未收復，先減碼三分之一；若ETF或外資繼續轉弱，再分批降低部位。,45.2,88,31.15,31.13,-0.33,-5.7,,,,,21.37,0.75,3.21,1,0,0,20,20,33,0,179.402,459.408,-1894.781,-9257.09,0,20,20,33,1,0,624000,7.586000000000008,-40.91799999999999,38.44,-4,-2480,-5619,,175.741,431.8220000000001,-1873.8629999999998,-9196.259,38.9,47.98,37.67,68.6,false,false,-4.21,7.41,"單日成交金額低於5,000萬元；累計營收負成長且當月改善不足；中期趨勢仍向下；ETF加碼，但外資持股5/10日同步下降；20日趨勢尚未上彎；當下除權息調整價未守20日EMA"
423,6438,迅得,TWSE,其他電子業,不建立部位,暫停加碼／跌破減碼,已有部位暫停加碼；若收盤跌破60日EMA約 152.15，且下一交易日仍未收復，先減碼三分之一；若ETF或外資繼續轉弱，再分批降低部位。,45.1,88,146,145.75,-3.13,11.99,,,,,26.92,2.14,3.4,1,0,0,0,0,0,0,128.776,486.0230000000001,90.06100000000012,-396.5709999999999,0,0,0,0,0,0,0,34.81699999999999,-46.90200000000001,6.28,59,-234,-564,,116.892,451.206,136.96300000000002,-269.525,49.92,65.82,48,101.45,false,false,1.22,15.42,"單日成交金額低於5,000萬元；中期趨勢仍向下；20日趨勢尚未上彎"
424,2387,精元,TWSE,電腦及週邊設備業,不建立部位,優先出脫,已有部位應優先降低曝險；目前觸發「價格跌破60日EMA且20日趨勢向下」。待事件解除或基本面重新確認後再評估。,44.8,88,37.85,37.78,-17.57,-9.89,,,,,13.28,0.71,10.57,3,-8,-17,-17,115,103,0,36.869,138.755,-158.412,-1094.891,-7.943,-17.408,115.06,102.605,0,3,-658893,-61.559,-3.622999999999994,9.26,36,66,-462,,40.842,217.72199999999998,-269.84900000000005,-1175.8490000000002,41.44,40.48,38.13,45.19,true,false,-1.3,1.2,"單日成交金額低於5,000萬元；營收動能同步衰退；累計營收負成長且當月改善不足；中期趨勢仍向下；20日累積後5日轉為調節；ETF 1/3日已轉為減碼；20日趨勢尚未上彎；當下除權息調整價未守20日EMA"
425,8215,明基材,TWSE,光電業,不建立部位,暫停加碼／跌破減碼,已有部位暫停加碼；若收盤跌破60日EMA約 26.31，且下一交易日仍未收復，先減碼三分之一；若ETF或外資繼續轉弱，再分批降低部位。,44.7,100,24,23.9,13.05,5.47,-3.62,69.5,105.86,-0.96,,1.59,1.26,1,1,1,13,15,12,0,143.276,234.96699999999998,-475.04499999999996,-1882.02,1,13,15,12,2,0,310050,-26.218,-40.532,1.65,143,-200,-554,,144.22,248.18499999999997,-449.51300000000003,-1799.513,42.63,62.25,42.76,101.21,false,false,-2.46,10.6,"單日成交金額低於5,000萬元；中期趨勢仍向下；ETF加碼，但外資持股5/10日同步下降；20日趨勢尚未上彎；當下除權息調整價未守20日EMA"
426,6790,永豐實,TWSE,造紙工業,不建立部位,暫停加碼／跌破減碼,已有部位暫停加碼；若收盤跌破60日EMA約 39.35，且下一交易日仍未收復，先減碼三分之一；若ETF或外資繼續轉弱，再分批降低部位。,44.3,88,38.2,38.15,-4.83,-1.24,,,,,12.46,1.68,6.93,1,0,0,1,3,45,0,40.655,-63.721000000000004,255.48699999999997,568.2719999999999,0,1,3,125,1,0,38250,-169.52100000000002,-156.52100000000002,2,34,384,706,,35.8,104.8,409.00800000000004,593.7930000000001,37.47,30.45,39.34,12.66,false,false,-1.72,-1.93,"單日成交金額低於5,000萬元；累計營收負成長且當月改善不足；中期趨勢仍向下；20日趨勢尚未上彎；當下除權息調整價未守20日EMA"
427,3167,大量,TWSE,電機機械,不建立部位,優先出脫,已有部位應優先降低曝險；目前觸發「價格跌破60日EMA且20日趨勢向下」。待事件解除或基本面重新確認後再評估。,44.2,85,690,700,139.66,127.28,,,,,62.87,15.95,0.61,4,0,-86,-86,-257,-183,-86,-6.969,-318.38800000000003,343.977,-1440.924,0,-1729,-2762,-2111,0,4,-1115205000,209.382,346.56300000000005,11.92,-19,2405,2368,,-6,1201.23,2759.4139999999998,347.4399999999996,51.37,64.19,39.75,113.09,false,false,6.07,56.11,處置或交易限制風險；中期趨勢仍向下；ETF短中期同步減碼；主動ETF 5日轉為減碼；投信5/10日持續且具金額意義的賣超；外資持股趨勢資料不足或期間有非市場異動；20日趨勢尚未上彎；短線過熱或乖離過大；高波動且5日漲幅過大
428,2243,宏旭-KY,TWSE,汽車工業,不建立部位,停止加碼／開始減碼,已有部位先停止加碼。反彈若仍未站回 46.83，分批降低部位；只有站回且ETF／外資賣壓收斂後才重新評估。,44,88,42.6,42.43,-40.08,31.45,,,,,17.43,3.39,,1,0,0,5,24,68,0,-5.8,-295.56399999999996,-506.04699999999997,-1443.013,0,5,24,68,3,1,217000,-17.017,-1.6519999999999992,28.62,-6,-782,-1061,,-5.8,-283.54699999999997,-528.395,-1496.3609999999999,40.79,21.98,19.85,26.22,true,false,-9.02,6.9,"單日成交金額低於5,000萬元；外資持股5/10日下降，且外資5日賣超；20日趨勢尚未上彎；當下除權息調整價未守20日EMA"
429,1726,永記,TWSE,化學工業,不建立部位,停止加碼／開始減碼,已有部位先停止加碼。反彈若仍未站回 77.60，分批降低部位；只有站回且ETF／外資賣壓收斂後才重新評估。,43.7,68,76.7,76.8,-5.59,3.17,,,,,12.98,1.15,4.81,1,0,0,0,1,51,0,-2,-26,36.778999999999996,-13.211000000000006,0,0,1,51,0,0,0,-14,-10,12.7,0,-2,-22,,-2,-12,45.779,-53.211,43.11,38.52,42.95,29.65,false,true,-1.08,-1.41,"單日成交金額低於5,000萬元；中期趨勢仍向下；外資持股5/10日下降，且外資5日賣超；20日趨勢尚未上彎；當下除權息調整價未守20日EMA"
430,3622,洋華,TWSE,光電業,不建立部位,優先出脫,已有部位應優先降低曝險；目前觸發「價格跌破60日EMA且20日趨勢向下」。待事件解除或基本面重新確認後再評估。,43.3,88,53.5,53.55,-19.47,-3.09,,,,,9.25,1.12,5.93,1,-4,-8,-8,-8,-12,0,10.288,57.314,-173.168,-474.827,-3.969,-7.933999999999999,-7.933999999999999,-11.883,0,2,-428436,-47.60099999999999,40.78300000000001,3.75,-55,682,532,,13,112.84899999999999,-206.01700000000002,-492.01700000000005,46.6,72.66,61.64,94.7,false,false,-0.61,5.31,"單日成交金額低於5,000萬元；營收動能同步衰退；累計營收負成長且當月改善不足；中期趨勢仍向下；ETF短中期同步減碼；ETF 1/3日已轉為減碼；20日趨勢尚未上彎；當下除權息調整價未守20日EMA"
431,1515,力山,TWSE,電機機械,不建立部位,優先出脫,已有部位應優先降低曝險；目前觸發「處置或交易限制事件」。待事件解除或基本面重新確認後再評估。,43.3,85,32,31.9,6.37,0.7,-1.26,51.78,96.36,0.12,31.53,1.44,1.94,1,0,1,15,113,428,0,82,-726.917,2618.817,1920.382,0,15,113,428,3,1,463500,51.338,55.263,5.08,8,1178,1437,,18,-793.255,2450.554,1423.054,47.64,37.93,21.84,70.12,true,false,-2.83,16.79,"單日成交金額低於5,000萬元；處置或交易限制風險；20日趨勢尚未上彎；當下除權息調整價未守20日EMA；高波動且5日漲幅過大；單季稅前獲利對營業外貢獻依賴偏高"
432,6281,全國電,TWSE,電子通路業,不建立部位,暫停加碼／跌破減碼,已有部位暫停加碼；若收盤跌破60日EMA約 51.95，且下一交易日仍未收復，先減碼三分之一；若ETF或外資繼續轉弱，再分批降低部位。,43.2,100,51.2,51.3,-0.86,-1.6,2.85,72.06,130.4,2.26,13.78,1.91,6.42,1,0,0,0,0,0,0,-1,30,129.3,198.34400000000005,0,0,0,0,0,0,0,-10,-2,2.73,0,128,220,,0,40,131.3,195.34400000000005,44.64,22.33,31.5,3.98,false,false,-0.76,-1.16,"單日成交金額低於5,000萬元；累計營收負成長且當月改善不足；中期趨勢仍向下；20日趨勢尚未上彎；當下除權息調整價未守20日EMA"
433,2597,潤弘,TWSE,建材營造,不建立部位,暫停加碼／跌破減碼,已有部位暫停加碼；若收盤跌破60日EMA約 165.77，且下一交易日仍未收復，先減碼三分之一；若ETF或外資繼續轉弱，再分批降低部位。,43.1,88,161.5,162.5,2.95,15.29,,,,,14.39,5.46,5.91,5,0,-1,14,15,19,0,50,146.434,604.0859999999999,746.5139999999999,0,19.827,26.776000000000003,26.776000000000003,3,0,3241715,-31.015,-13.868000000000002,2.16,36,398,577,,50,157.62199999999999,591.178,734.602,44.61,44.26,47.01,38.74,false,true,-1.18,0,"單日成交金額低於5,000萬元；中期趨勢仍向下；20日趨勢尚未上彎；當下除權息調整價未守20日EMA"
434,2474,可成,TWSE,其他電子業,不建立部位,優先出脫,已有部位應優先降低曝險；目前觸發「價格跌破60日EMA且20日趨勢向下」。待事件解除或基本面重新確認後再評估。,42.8,88,186.5,186.75,-55.07,-31.58,,,,,17.39,0.71,5.66,24,-108,-673,83,1608,7387,-221,-384.32,-1677.5539999999999,-3147.381,-4404.407999999999,-98.036,-64.30900000000003,1374.691,6267.661,2,3,-11672084,-47.45,-325.137,14.95,-192,-3852,-4476,,-260.987,-1565.795,-4196.935,-10380.077000000001,45.31,41.27,32.69,58.42,true,false,-0.67,4.48,營收動能同步衰退；累計營收負成長且當月改善不足；中期趨勢仍向下；ETF 1/3日已轉為減碼；主動ETF 5日轉為減碼；投信20日買超後近5日轉賣；外資持股5/10日下降，且外資5日賣超；20日趨勢尚未上彎；當下除權息調整價未守20日EMA
435,1612,宏泰,TWSE,電器電纜,不建立部位,優先出脫,已有部位應優先降低曝險；目前觸發「價格跌破60日EMA且20日趨勢向下」。待事件解除或基本面重新確認後再評估。,42.4,88,30.85,30.92,-11.28,-1.37,,,,,10.25,1.19,8.13,2,0,-16,-16,-14,67,0,-179.551,-505.71299999999997,-1933.777,-5847.748,0,-16,-14,252.733,0,2,-492000,-28.150999999999996,-14.601000000000003,14.87,-111,-1593,-3425,,-180.298,-461.562,-1905.1760000000002,-6022.916,37.23,61.29,46.57,90.71,false,false,-2.09,4.22,"單日成交金額低於5,000萬元；營收動能同步衰退；累計營收負成長且當月改善不足；中期趨勢仍向下；ETF短中期同步減碼；20日累積後5日轉為調節；外資持股5/10日下降，且外資5日賣超；20日趨勢尚未上彎；當下除權息調整價未守20日EMA"
436,4942,嘉彰,TWSE,光電業,不建立部位,優先出脫,已有部位應優先降低曝險；目前觸發「價格跌破60日EMA且20日趨勢向下」。待事件解除或基本面重新確認後再評估。,42.4,88,33.9,33.95,-10.88,-6.79,,,,,11.44,0.53,5.91,1,0,0,0,0,0,0,2.729,-102.312,-367.659,-398.038,0,0,0,0,0,0,0,-39.312,-24.382999999999992,6.4,3,-552,-573,,3,-63,-343.276,-365.276,24.82,16.48,19.59,10.24,false,true,-4.9,-1.17,"單日成交金額低於5,000萬元；營收動能同步衰退；累計營收負成長且當月改善不足；中期趨勢仍向下；外資持股5/10日下降，且外資5日賣超；20日趨勢尚未上彎；當下除權息調整價未守20日EMA"
437,9930,中聯資源,TWSE,綠能環保,不建立部位,暫停加碼／跌破減碼,已有部位暫停加碼；若收盤跌破60日EMA約 65.69，且下一交易日仍未收復，先減碼三分之一；若ETF或外資繼續轉弱，再分批降低部位。,42.2,88,62.2,62.25,-7.26,-6.65,,,,,13.17,2.24,6.42,2,0,0,0,2,21,0,-32.24,-113.16499999999999,173.231,587.928,0,0,2,21,0,0,0,-51.165,-28.165,2.09,-11,212,638,,-32,-62,199.39600000000002,599.396,33.73,24.59,35.81,2.14,false,false,-2.04,-1.43,"單日成交金額低於5,000萬元；累計營收負成長且當月改善不足；中期趨勢仍向下；20日趨勢尚未上彎；當下除權息調整價未守20日EMA"
438,6768,志強-KY,TWSE,運動休閒,不建立部位,停止加碼／開始減碼,已有部位先停止加碼。反彈若仍未站回 76.89，分批降低部位；只有站回且ETF／外資賣壓收斂後才重新評估。,42.1,88,65.9,65.8,5.2,-4.39,,,,,12.5,0.85,7.82,2,-125,-244,-244,-326,-984,-236,163.133,791.3679999999999,964.7399999999999,1361.812,-125,-244,-326,-890.94,0,3,-16104000,-4.328999999999999,-7.488999999999999,57.98,268,1381,1949,,288.177,1039.6970000000001,1298.2290000000003,2268.2290000000003,30.65,17.08,21.14,8.96,false,false,-5.81,-4.49,"單日成交金額低於5,000萬元；累計營收負成長且當月改善不足；中期趨勢仍向下；ETF短中期同步減碼；ETF 1/3日已轉為減碼；主動ETF 5日轉為減碼；投信5/10日持續且具金額意義的賣超；20日趨勢尚未上彎；當下除權息調整價未守20日EMA"
439,2903,遠百,TWSE,貿易百貨,不建立部位,暫停加碼／跌破減碼,已有部位暫停加碼；若收盤跌破60日EMA約 22.49，且下一交易日仍未收復，先減碼三分之一；若ETF或外資繼續轉弱，再分批降低部位。,41.9,88,21.85,21.88,-2.42,-0.3,,,,,13.58,0.99,5.68,3,0,-3,-3,339,337,0,-588,156.76800000000003,5043.410000000001,7831.029,0,21,373,357,3,0,462000,24.307000000000002,5.4670000000000005,7.98,-583,5467,9472,,-633,111.46100000000001,4664.943,8243.823,41.28,27.61,45.71,-8.6,false,false,-1.83,-3.1,"單日成交金額低於5,000萬元；累計營收負成長且當月改善不足；中期趨勢仍向下；20日累積後5日轉為調節；20日趨勢尚未上彎；當下除權息調整價未守20日EMA"
440,6176,瑞儀,TWSE,光電業,不建立部位,優先出脫,已有部位應優先降低曝險；目前觸發「價格跌破60日EMA且20日趨勢向下」。待事件解除或基本面重新確認後再評估。,41.8,100,84,84,-15.03,-5.98,10.12,48.32,178.45,2.81,10.46,1.07,4.14,6,-2,-439,-437,-433,-874,-433,-2257.924,-2233.3780000000006,-68.0430000000008,-732.8550000000009,-2.482,-436.961,-432.961,-953.4300000000001,1,3,-36966901,7.3019999999999925,-107.76400000000002,35.18,-2282,653,-4762,,-2195.462,-1803.7189999999998,472.68200000000024,365.1810000000005,41.91,45.94,46.57,44.68,false,true,-2.69,-0.94,營收動能同步衰退；累計營收負成長且當月改善不足；中期趨勢仍向下；ETF短中期同步減碼；ETF 1/3日已轉為減碼；主動ETF 5日轉為減碼；投信5/10日持續且具金額意義的賣超；20日趨勢尚未上彎；當下除權息調整價未守20日EMA
441,6743,安普新,TWSE,其他電子業,不建立部位,停止加碼／開始減碼,已有部位先停止加碼。反彈若仍未站回 29.17，分批降低部位；只有站回且ETF／外資賣壓收斂後才重新評估。,41.6,88,25.3,25.17,29.71,0.77,,,,,32.2,1.45,11.36,1,-1,-3,-3,-11,-14,0,-81.155,-599.207,-527.7379999999999,-389.798,-1.155,-3.027,-11.042,-15.042,0,2,-79913,-57.092,-4.091999999999999,3.29,-95,-524,-418,,-80,-539.088,-512.6039999999999,-364.664,26.64,17.86,30.58,-7.59,false,true,-12.97,-14.53,"單日成交金額低於5,000萬元；中期趨勢仍向下；ETF短中期同步減碼；ETF 1/3日已轉為減碼；外資持股5/10日下降，且外資5日賣超；20日趨勢尚未上彎；當下除權息調整價未守20日EMA"
442,2208,台船,TWSE,航運業,不建立部位,停止加碼／開始減碼,已有部位先停止加碼。反彈若仍未站回 19.39，分批降低部位；只有站回且ETF／外資賣壓收斂後才重新評估。,41.5,88,18.9,18.98,14.86,-30.71,,,,,,3.32,,1,0,0,0,0,0,0,249.98,-464.67700000000013,-3393.1929999999998,-4056.0600000000004,0,0,0,0,0,0,0,-87,-70,7.29,250,-2848,-4626,,249.98,-377.67700000000013,-3323.1929999999998,-4018.0600000000004,46.6,38.36,28.41,58.25,false,false,-2.04,3.85,"單日成交金額低於5,000萬元；中期趨勢仍向下；外資持股5/10日下降，且外資5日賣超；20日趨勢尚未上彎；當下除權息調整價未守20日EMA"
443,9933,中鼎,TWSE,其他,不建立部位,優先出脫,已有部位應優先降低曝險；目前觸發「價格跌破60日EMA且20日趨勢向下」。待事件解除或基本面重新確認後再評估。,41.4,88,36.85,36.92,-16.64,-18.79,,,,,8.66,1.59,2.73,3,1,-2,12,10,-452,0,-209.753,111.98000000000003,-1017.7270000000001,2117.087,1.1,29.200000000000003,41.9,-429.8,4,0,1070180,-0.29000000000000625,172.82,18.65,-210,1273,1847,,-210.234,83.06999999999977,-1232.4470000000003,2279.201,37.47,28.52,26.43,32.72,true,false,-3.77,3.08,"單日成交金額低於5,000萬元；營收動能同步衰退；累計營收負成長且當月改善不足；中期趨勢仍向下；20日趨勢尚未上彎；當下除權息調整價未守20日EMA"
444,3703,欣陸,TWSE,建材營造,不建立部位,暫停加碼／跌破減碼,已有部位暫停加碼；若收盤跌破60日EMA約 20.91，且下一交易日仍未收復，先減碼三分之一；若ETF或外資繼續轉弱，再分批降低部位。,40.6,68,20.35,20.33,-5.55,-8.84,,,,,9.78,0.61,5.16,1,0,0,0,4,395,0,-219,456.528,1600.7540000000001,3478.931,0,8,21,407,3,0,162800,-86.237,-53.562,20.69,230,2896,4524,,-219,534.7650000000001,1633.3160000000003,3110.4930000000004,40.52,31.75,40.92,13.41,false,false,-1.25,-1.21,"單日成交金額低於5,000萬元；累計營收負成長且當月改善不足；中期趨勢仍向下；20日趨勢尚未上彎；當下除權息調整價未守20日EMA"
445,2540,愛山林,TWSE,建材營造,不建立部位,優先出脫,已有部位應優先降低曝險；目前觸發「單月與累計營收同步明顯衰退」。待事件解除或基本面重新確認後再評估。,39.9,88,55.1,55.05,-49.07,-44.16,,,,,96.33,3.33,10.38,1,0,0,0,0,0,0,-45.645,2787.4350000000004,5624.448,7359.153,0,0,0,0,0,0,0,1848,2723,1.87,-58,1794,2828,,-49.645,939.435,2901.448,4676.153,48.93,47.53,60.59,21.4,false,true,-1.36,-6.45,營收動能同步衰退；累計營收負成長且當月改善不足；當下除權息調整價未守20日EMA；估值高且成長不足以支撐
446,6230,尼得科超眾,TWSE,電腦及週邊設備業,不建立部位,暫停加碼／跌破減碼,已有部位暫停加碼；若收盤跌破60日EMA約 124.89，且下一交易日仍未收復，先減碼三分之一；若ETF或外資繼續轉弱，再分批降低部位。,39.7,88,110,109.75,-3.16,9.01,,,,,,1.61,,1,0,0,0,0,0,0,4.116,58.12,32.51700000000001,24.17000000000001,0,0,0,0,0,0,0,-9.098,-8.601,87.07,4,76,69,,4.218,67.218,41.11800000000001,35.15800000000001,39.96,42.61,36.99,53.84,true,false,-3.44,4.27,"單日成交金額低於5,000萬元；中期趨勢仍向下；20日趨勢尚未上彎；當下除權息調整價未守20日EMA"
447,2501,國建,TWSE,建材營造,不建立部位,停止加碼／開始減碼,已有部位先停止加碼。反彈若仍未站回 23.21，分批降低部位；只有站回且ETF／外資賣壓收斂後才重新評估。,39.5,88,22,21.98,-71.58,26.93,,,,,5.75,0.82,5.39,1,0,-1133,-1129,-1120,-554,-1133,-947.622,-2009.663,-1316.328,-4985.436,0,-1129,-1120,-554,2,2,-25120250,-105.55199999999999,-87.898,12.32,-862,1767,1245,,-934.703,-775.111,-108.42999999999995,-3905.43,41.18,42.6,45.14,37.51,false,true,-2.8,-1.79,"單日成交金額低於5,000萬元；中期趨勢仍向下；ETF短中期同步減碼；主動ETF 5日轉為減碼；20日趨勢尚未上彎；當下除權息調整價未守20日EMA"
448,5222,全訊,TWSE,半導體業,不建立部位,暫停加碼／跌破減碼,已有部位暫停加碼；若收盤跌破60日EMA約 119.80，且下一交易日仍未收復，先減碼三分之一；若ETF或外資繼續轉弱，再分批降低部位。,39.4,76,112.5,112.5,-4.97,-15.18,,,,,60.43,4.28,2.21,2,0,0,20,22,21,0,52.075,121.792,-429.222,-681.468,0,20,22,21,1,0,2260000,-12.119,-52.078,3.56,23,-316,-263,,51.185,113.911,-399.144,-626.379,44.75,56.18,42.31,83.91,false,false,-1.75,8.17,"單日成交金額低於5,000萬元；累計營收負成長且當月改善不足；中期趨勢仍向下；ETF加碼，但外資持股5/10日同步下降；20日趨勢尚未上彎；當下除權息調整價未守20日EMA"
449,3532,台勝科,TWSE,半導體業,不建立部位,優先出脫,已有部位應優先降低曝險；目前觸發「價格跌破60日EMA且20日趨勢向下」。待事件解除或基本面重新確認後再評估。,39.3,100,315.5,316,23.71,15.76,-0.14,52.63,270.98,-0.05,243.46,5.05,0.32,7,0,0,2,298,323,0,215.692,-1198.921,-3361.205,2494.239,0,-3365,-7312,1951,0,4,-1065022500,248.342,-2.8749999999999716,44.33,227,4324,4852,,266.43,1917.737,3953.67,1975.098,43.18,28.61,17.48,50.87,true,false,-10.37,13.69,處置或交易限制風險；中期趨勢仍向下；投信5/10日持續且具金額意義的賣超；20日趨勢尚未上彎；當下除權息調整價未守20日EMA；高波動且5日漲幅過大；估值高且成長不足以支撐
450,2504,國產,TWSE,建材營造,不建立部位,優先出脫,已有部位應優先降低曝險；目前觸發「價格跌破60日EMA且20日趨勢向下」。待事件解除或基本面重新確認後再評估。,38.9,88,30.4,30.35,-18.57,-8.83,,,,,9.22,1.27,8.57,8,-39,-134,-131,395,357,0,-2070.341,-4180.285000000001,-1232.8740000000005,-4995.239,-39.111,-106.878,439.745,408.745,2,3,-3243747,-114.11600000000001,-34.554000000000016,6,-1314,-1231,3096,,-2018,-3959.2909999999997,-1638.0649999999996,-5396.065,37.42,19.67,32.43,-5.87,false,false,-3.41,-4.55,營收動能同步衰退；累計營收負成長且當月改善不足；中期趨勢仍向下；20日累積後5日轉為調節；ETF 1/3日已轉為減碼；20日趨勢尚未上彎；當下除權息調整價未守20日EMA
451,2206,三陽工業,TWSE,汽車工業,不建立部位,優先出脫,已有部位應優先降低曝險；目前觸發「價格跌破60日EMA且20日趨勢向下」。待事件解除或基本面重新確認後再評估。,38.8,88,61.3,61.35,-13.38,-5.33,,,,,10.71,1.71,5.04,2,0,-649,-649,-617,1045,-649,-301.999,725.425,3374.205,4439.374,0,-633,-586,1067,2,2,-38423100,-61,-13,7.9,-287,3818,2620,,-307.999,1419.425,3973.205,3347.374,45.15,29.46,42.76,2.85,false,true,-2.01,-5.26,營收動能同步衰退；累計營收負成長且當月改善不足；中期趨勢仍向下；ETF短中期同步減碼；20日累積後5日轉為調節；主動ETF 5日轉為減碼；20日趨勢尚未上彎；當下除權息調整價未守20日EMA
452,1314,中石化,TWSE,塑膠工業,不建立部位,優先出脫,已有部位應優先降低曝險；目前觸發「價格跌破60日EMA且20日趨勢向下」。待事件解除或基本面重新確認後再評估。,38.2,88,7.83,7.84,-29.27,-30.03,,,,,,0.39,,1,0,0,0,0,0,0,10208.384,-3034.7250000000004,-29038.857,-148666.115,0,0,0,0,0,0,0,-22.616000000000028,-668.154,10.03,10024,2442,-10309,,9661.613,-3012.1090000000004,-28370.702999999998,-145448.212,43.69,36.1,23.15,62,false,false,-2.88,6.24,營收動能同步衰退；累計營收負成長且當月改善不足；中期趨勢仍向下；20日趨勢尚未上彎；當下除權息調整價未守20日EMA
453,2530,華建,TWSE,建材營造,不建立部位,優先出脫,已有部位應優先降低曝險；目前觸發「價格跌破60日EMA且20日趨勢向下」。待事件解除或基本面重新確認後再評估。,38,88,19.25,19.25,-96.97,-94.26,,,,,10,1.64,9.44,2,-25,-33,-33,514,583,0,-57.186,-788.671,563.653,1907.916,-24.917,-26.886000000000003,521.163,1023.163,2,2,-526966,-5,-41.109,3.33,218,397,896,,-19.269,-756.7850000000001,83.59899999999993,842.8619999999999,45.31,26.86,41.05,-1.53,false,false,-2.45,-8.77,"單日成交金額低於5,000萬元；營收動能同步衰退；累計營收負成長且當月改善不足；中期趨勢仍向下；20日累積後5日轉為調節；ETF 1/3日已轉為減碼；20日趨勢尚未上彎；當下除權息調整價未守20日EMA"
454,2601,益航,TWSE,航運業,不建立部位,優先出脫,已有部位應優先降低曝險；目前觸發「單月與累計營收同步明顯衰退」。待事件解除或基本面重新確認後再評估。,37.5,56,6.23,6.24,-51.78,-55,,,,,,0.71,,1,0,8,8,8,8,0,230.018,255.96900000000002,1914.524,3079.823,0,0,0,0,0,0,0,-38,-20,13.33,230,1113,3575,,230.018,293.96900000000005,1934.524,3090.823,46.42,32.05,24.91,46.34,false,false,-2.93,2.3,"資料覆蓋不足；單日成交金額低於5,000萬元；營收動能同步衰退；累計營收負成長且當月改善不足；20日趨勢尚未上彎；當下除權息調整價未守20日EMA"
455,6456,GIS-KY,TWSE,光電業,不建立部位,優先出脫,已有部位應優先降低曝險；目前觸發「價格跌破60日EMA且20日趨勢向下」。待事件解除或基本面重新確認後再評估。,36.9,88,61.1,60.9,-48.22,-22.34,,,,,,0.67,,1,0,0,0,0,0,0,481.197,1096.651,-636.584,2072.481,0,0,0,0,0,0,0,28.531999999999996,-279.07,44.44,258,1882,1109,,447.287,1068.119,-357.51400000000007,2189.14,46.67,48.53,32.66,80.27,true,false,-1.2,19.34,營收動能同步衰退；累計營收負成長且當月改善不足；中期趨勢仍向下；20日趨勢尚未上彎；當下除權息調整價未守20日EMA；高波動且5日漲幅過大
456,9926,新海,TWSE,油電燃氣業,不建立部位,暫停加碼／跌破減碼,已有部位暫停加碼；若收盤跌破60日EMA約 49.54，且下一交易日仍未收復，先減碼三分之一；若ETF或外資繼續轉弱，再分批降低部位。,36.4,56,49,49.23,-1.61,-0.99,,,,,17.95,1.97,4.29,1,0,1,1,1,1,0,2,4,97.28299999999999,233.283,0,0,0,0,0,0,0,-8,-6,0.8,2,130,203,,2,12,103.28299999999999,237.283,42.61,26.02,34.24,9.59,false,true,-1.05,-1.21,"資料覆蓋不足；單日成交金額低於5,000萬元；累計營收負成長且當月改善不足；中期趨勢仍向下；20日趨勢尚未上彎；當下除權息調整價未守20日EMA"
457,6988,威力暘-創,TWSE,汽車工業,不建立部位,暫停加碼／跌破減碼,已有部位暫停加碼；若收盤跌破60日EMA約 13.69，且下一交易日仍未收復，先減碼三分之一；若ETF或外資繼續轉弱，再分批降低部位。,35.9,56,12.4,12.23,-2.26,-12.8,,,,,,0.77,,1,0,1,1,1,1,0,2,11.017,39.016999999999996,45.016999999999996,0,0,0,0,0,0,0,6.0169999999999995,34.217,3.88,4,-1,14,,4,5,4.800000000000001,9.8,41.25,20.19,17.15,26.26,true,false,-2.05,3.77,"資料覆蓋不足；單日成交金額低於5,000萬元；累計營收負成長且當月改善不足；中期趨勢仍向下；20日趨勢尚未上彎；當下除權息調整價未守20日EMA"
458,6706,惠特,TWSE,光電業,不建立部位,優先出脫,已有部位應優先降低曝險；目前觸發「價格跌破60日EMA且20日趨勢向下」。待事件解除或基本面重新確認後再評估。,35.7,88,112,111.5,-26.07,-49.65,,,,,,2.43,,1,0,0,0,0,0,0,-98.828,237.419,21.7650000000001,1930.382,0,-34,-34,-34,0,1,-3961000,74.61,14.729000000000006,7.25,-143,-698,1733,,-141,196.809,41.03600000000017,2397.369,44.84,64.3,43.16,106.58,false,false,-1.76,26.55,營收動能同步衰退；累計營收負成長且當月改善不足；中期趨勢仍向下；20日趨勢尚未上彎；當下除權息調整價未守20日EMA；短線過熱或乖離過大；高波動且5日漲幅過大
459,6890,來億-KY,TWSE,運動休閒,不建立部位,停止加碼／開始減碼,已有部位先停止加碼。反彈若仍未站回 188.13，分批降低部位；只有站回且ETF／外資賣壓收斂後才重新評估。,34.9,88,169.5,169.75,-3.2,-14.77,,,,,16.96,1.73,5.23,2,0,-140,-80,-80,64,-140,143.436,43.414,620.671,1141.8200000000002,0,-74,-70,70,2,2,-12691000,-12.794000000000004,56.474,86.4,128,724,1236,,146.701,130.208,634.197,1145.7,41.14,30.67,25.32,41.35,true,false,-4.31,0.89,"單日成交金額低於5,000萬元；累計營收負成長且當月改善不足；中期趨勢仍向下；ETF短中期同步減碼；20日累積後5日轉為調節；主動ETF 5日轉為減碼；20日趨勢尚未上彎；當下除權息調整價未守20日EMA"
460,1109,信大,TWSE,水泥工業,不建立部位,優先出脫,已有部位應優先降低曝險；目前觸發「價格跌破60日EMA且20日趨勢向下」。待事件解除或基本面重新確認後再評估。,34.7,56,13.55,13.58,-19.63,-16.39,,,,,17.15,0.55,6.64,1,0,6,6,6,6,0,-16.972,-123.538,57.141000000000005,54.09800000000001,0,0,0,0,0,0,0,-67.658,-19.979,2.46,-15,357,255,,-16.411,-55.879999999999995,77.12,76.12,26.62,15.84,20.9,5.7,false,true,-2.58,-1.81,"資料覆蓋不足；單日成交金額低於5,000萬元；營收動能同步衰退；累計營收負成長且當月改善不足；中期趨勢仍向下；20日趨勢尚未上彎；當下除權息調整價未守20日EMA"
461,3062,建漢,TWSE,通信網路業,不建立部位,優先出脫,已有部位應優先降低曝險；目前觸發「價格跌破60日EMA且20日趨勢向下」。待事件解除或基本面重新確認後再評估。,34.6,88,20.3,20.33,-34.39,-1.86,,,,,,1.64,,1,0,0,0,0,0,0,670.601,783.0560000000002,469.50100000000015,-1949.667,0,0,0,0,0,0,0,-67.441,-163.529,9.84,501,847,477,,666.6,850.4970000000001,633.0300000000001,-1517.4389999999999,38.99,59.34,41.93,94.17,false,false,-3.96,10.63,營收動能同步衰退；累計營收負成長且當月改善不足；中期趨勢仍向下；20日趨勢尚未上彎；當下除權息調整價未守20日EMA
462,6592,和潤企業,TWSE,其他,不建立部位,停止加碼／開始減碼,已有部位先停止加碼。反彈若仍未站回 60.73，分批降低部位；只有站回且ETF／外資賣壓收斂後才重新評估。,34.4,85,59.6,59.55,-6.2,-4.3,,,,,12.2,1.16,5.5,1,0,-10,-10,-19,-334,-10,21.472,94.357,296.68100000000004,571.1990000000001,0,-10.14,-19.569000000000003,-333.569,0,2,-608400,-66.60100000000001,-82.001,22.97,279,629,6762,,21,171.09800000000004,398.251,964.701,43.23,30.55,39.53,12.58,false,true,-1.5,-2.13,"單日成交金額低於5,000萬元；累計營收負成長且當月改善不足；中期趨勢仍向下；ETF短中期同步減碼；主動ETF 5日轉為減碼；外資持股趨勢資料不足或期間有非市場異動；20日趨勢尚未上彎；當下除權息調整價未守20日EMA"
463,8105,凌巨,TWSE,光電業,不建立部位,停止加碼／開始減碼,已有部位先停止加碼。反彈若仍未站回 17.79，分批降低部位；只有站回且ETF／外資賣壓收斂後才重新評估。,34.4,68,16.35,16.38,-8.9,-1.2,,,,,556.67,0.92,,1,1,2,22,164,620,0,317.038,-190.15300000000002,-2187.343,-2403.8099999999995,1,22,164,620,4,1,367400,-99,-16,39.11,389,-7056,-7559,,331.038,-113.15300000000002,-2335.343,-2985.3140000000003,42.39,56.16,40.88,86.71,false,false,-4.46,11.99,"單日成交金額低於5,000萬元；累計營收負成長且當月改善不足；中期趨勢仍向下；外資持股5/10日下降，且外資5日賣超；20日趨勢尚未上彎；當下除權息調整價未守20日EMA；估值高且成長不足以支撐"
464,5292,華懋,TWSE,綠能環保,不建立部位,暫停加碼／跌破減碼,已有部位暫停加碼；若收盤跌破60日EMA約 183.47，且下一交易日仍未收復，先減碼三分之一；若ETF或外資繼續轉弱，再分批降低部位。,33.9,88,164.5,164.25,-8.28,-7.9,,,,,16.12,3.8,3.99,1,0,0,0,-5,-40,0,-22.219,-55.051,-86.551,-1257.872,0,0,-5,-44,0,0,0,-2.061,-7.460999999999999,4.35,-20,179,56,,-23,-52.99,-74.09,-1140.8400000000001,41.33,57.41,41.48,89.26,false,false,-2.54,8.94,"單日成交金額低於5,000萬元；累計營收負成長且當月改善不足；中期趨勢仍向下；20日趨勢尚未上彎；當下除權息調整價未守20日EMA"
465,1229,聯華,TWSE,食品工業,不建立部位,優先出脫,已有部位應優先降低曝險；目前觸發「價格跌破60日EMA且20日趨勢向下」。待事件解除或基本面重新確認後再評估。,33.5,85,40.55,40.53,-52.01,-22.93,,,,,15.42,1.29,4.99,7,0,-646,-639,-635,376,-646,-368.451,-1517.7820000000002,-572.168,-1929.4189999999999,0,-609,-580,386,2,2,-24420900,-303.1020000000001,-94.50200000000008,8.78,-298,3935,3851,,-367.282,-605.68,102.33400000000012,-2172.917,48.02,16.55,20.05,9.56,false,false,-0.42,0.25,營收動能同步衰退；累計營收負成長且當月改善不足；中期趨勢仍向下；ETF短中期同步減碼；20日累積後5日轉為調節；主動ETF 5日轉為減碼；外資持股趨勢資料不足或期間有非市場異動；20日趨勢尚未上彎；當下除權息調整價未守20日EMA