排名,代號,名稱,市場,產業,新部位建議,既有部位狀態,今天動作,下一次確認,既有部位說明,短期時機分數,中期研究分數,長期初篩分數,長期方法覆蓋率%,資料健康度,資料健康狀態,收盤價,即時價,營收YoY%,累計營收YoY%,營益率%,負債比%,流動比率%,EPS,本益比,股價淨值比,殖利率%,ETF家數,ETF_1日增減張,ETF_3日增減張,ETF_5日增減張,ETF_10日增減張,ETF_20日增減張,主動ETF_5日增減張,法人1日張,法人5日張,法人10日張,法人20日張,投信買賣超1日張,投信買賣超5日張,投信買賣超10日張,投信買賣超20日張,投信5日買超天數,投信5日賣超天數,投信5日估算金額,自營商買賣超5日張,自營商買賣超10日張,外資持股比率%,外資持股1日增減張,外資持股5日增減張,外資持股10日增減張,外資持股20日增減張,外資買賣超1日張,外資買賣超5日張,外資買賣超10日張,外資買賣超20日張,RSI14,KD-K,KD-D,KD-J,KD近3日黃金交叉,KD近3日死亡交叉,距20EMA%,5日報酬%,淘汰原因
1,3034,聯詠,TWSE,半導體業,可開始承接,符合加碼條件,只在回測承接區且法人未轉弱時分2–3批,回測時與每個交易日收盤後,已有部位可續抱；回測20日EMA約 529.79 且ETF、外資與投信未轉弱時，才考慮下一批。,80.3,70.4,58,85,100,可用,556,557,26.8,1.15,20.26,42.09,222.47,16.59,19.36,4.9,4.14,50,4,-34,160,256,-135,91,2337.468,6369.596999999999,6464.873999999998,18741.858999999997,3.922,147.404,488.90599999999995,-1302.3280000000002,4,1,81809220,184.608,28.564000000000007,43.32,2358,6271,33430,,2285.053,6037.585,5947.404,21687.918,61.79,73.3,60.35,99.2,false,false,4.95,4.12,
2,3260,威剛,TPEX,半導體業,等待確認,正常持有,今天不下單,每個交易日收盤後，檢查趨勢與法人籌碼,已有部位可續抱觀察，但暫不追價；若收盤跌破60日EMA約 402.54 且法人籌碼轉弱，先減碼三分之一。,74.5,84.4,70.9,85,100,可用,414.5,416,331.29,206.73,38.98,62.91,181.44,62.46,5.41,3.44,4.06,14,468,550,641,339,581,342,-5937.032,-5937.032,-5937.032,-5937.032,468,468,468,468,1,0,195858000,-271.382,-271.382,25.29,,,,,-6133.65,-6133.65,-6133.65,-6133.65,53.3,55.11,53.82,57.71,false,false,1.84,4.94,外資持股趨勢資料不足或期間有非市場異動
3,2637,慧洋-KY,TWSE,航運業,等待確認,保護持有,今天不新增部位；未完成確認前不機械式賣出,下一交易日收盤，確認是否收復防守區,已有部位暫停加碼；若收盤跌破60日EMA約 83.32，且下一交易日仍未收復，先減碼三分之一；若ETF或外資繼續轉弱，再分批降低部位。,75.2,81.8,70.6,85,100,可用,90.7,91.2,56.22,35.67,33.36,41.18,92.13,4.1,10.62,1.44,3.66,8,0,-375,228,202,-574,411,-2849.1,2821.344,4731.701000000001,11677.253,-6285,-11420.7,-11446.7,-10180.867,2,3,-1090676850,32.307,12.584000000000003,27.61,3753,15794,21910,,3437.484,14209.737000000001,16165.817000000001,21996.909,54.52,54.13,69.04,24.31,false,true,1.4,-1.2,投信5/10日持續且具金額意義的賣超；借券賣出與借券賣出餘額壓力升高
4,5289,宜鼎,TPEX,電腦及週邊設備業,等待確認,正常持有,今天不下單,每個交易日收盤後，檢查趨勢與法人籌碼,"已有部位可續抱觀察，但暫不追價；若收盤跌破60日EMA約 1,487.94 且法人籌碼轉弱，先減碼三分之一。",71.5,81.6,76.7,85,100,可用,1505,1500,636.53,548.79,56.13,48.99,233.33,166.45,8.39,6.25,1.13,10,1,34,52,78,190,51,-864.447,-864.447,-864.447,-864.447,1,1,1,1,1,0,1510000,-70.487,-70.487,27.94,,,,,-794.96,-794.96,-794.96,-794.96,51.5,50.65,52.7,46.56,false,true,1.17,-0.66,外資持股趨勢資料不足或期間有非市場異動；2日內除權息，等待價格重置
5,4967,十銓,TWSE,半導體業,等待確認,正常持有,今天不下單,每個交易日收盤後，檢查趨勢與法人籌碼,已有部位可續抱觀察，但暫不追價；若收盤跌破60日EMA約 255.83 且法人籌碼轉弱，先減碼三分之一。,67.4,80.2,71.8,85,100,完整,272,272.5,98.75,71.29,35.94,50.67,191.64,53.44,4.05,2.08,3.16,2,0,0,0,0,-59,0,-1188.555,-50.58399999999983,-2325.2409999999995,2916.2910000000006,0,0,0,113.7,0,0,0,-40.53900000000001,-168.336,7.69,-954,623,1498,,-1058.859,-10.044999999999902,-2156.9049999999997,3097.57,56.91,56.46,54.67,60.02,false,false,3.25,4.62,
6,6177,達麗,TWSE,建材營造,等待確認,正常持有,今天不下單,每個交易日收盤後，檢查趨勢與法人籌碼,已有部位可續抱觀察，但暫不追價；若收盤跌破60日EMA約 47.12 且法人籌碼轉弱，先減碼三分之一。,68.9,78.3,65.4,85,100,完整,48.3,48.35,470.04,637.82,35.66,73.72,132.76,5.03,5.3,1.89,6.24,2,0,0,0,-7,-18,0,1353.758,4286.829000000001,1677.7170000000006,4567.892000000001,0,0,-6.963,225.781,0,0,0,183.97400000000002,497.00399999999996,6.9,1321,3669,1173,,1317.758,4102.8550000000005,1187.6760000000004,3554.924,54.73,54.33,51,60.99,true,false,1.04,-0.21,20日趨勢尚未上彎
7,2027,大成鋼,TWSE,鋼鐵工業,等待確認,正常持有,今天不下單,每個交易日收盤後，檢查趨勢與法人籌碼,已有部位可續抱觀察，但暫不追價；若收盤跌破60日EMA約 44.47 且法人籌碼轉弱，先減碼三分之一。,73.9,77.3,70.9,85,100,完整,49.85,50,46.12,32.56,19.7,43.68,295.53,3.1,9.98,1.49,2.96,9,-24,-23,311,-8162,-8007,307,226.415,11145.862000000001,46438.515,94285.84900000002,-24.17,259.83,-22251.17,-12768.613,1,3,13147398,-2237.737,-3536.883,25.85,-40,12939,148106,,266.55,13123.769,72226.568,111145.63200000001,61.87,67.97,73.21,57.51,false,true,3.89,-0.3,ETF 1/3日已轉為減碼
8,2476,鉅祥,TWSE,電子零組件業,等待確認,保護持有,今天不新增部位；未完成確認前不機械式賣出,下一交易日收盤，確認是否收復防守區,已有部位暫停加碼；若收盤跌破60日EMA約 120.03，且下一交易日仍未收復，先減碼三分之一；若ETF或外資繼續轉弱，再分批降低部位。,77.1,77,73.5,85,100,完整,125.5,125.5,54.4,39.61,19.32,27.64,314.36,2.98,19.59,2.9,2.46,3,8,9,831,1312,1517,830,372.806,-1021.1089999999999,-1472.1949999999995,55.22300000000064,8,831,1312,1323,4,0,100135500,875.4010000000001,1250.3690000000001,7.92,49,-2109,-3582,,-60.001,-2727.51,-4034.5640000000003,-2603.7159999999994,56.22,51.28,37.81,78.21,true,false,3.99,5.46,外資持股5/10日下降，且外資5日賣超；ETF加碼金額或跨基金共識不足；借券賣出與借券賣出餘額壓力升高
9,2855,統一證,TWSE,金融保險業,等待確認,保護持有,今天不新增部位；未完成確認前不機械式賣出,下一交易日收盤，確認是否收復防守區,已有部位暫停加碼；若收盤跌破60日EMA約 45.66，且下一交易日仍未收復，先減碼三分之一；若ETF或外資繼續轉弱，再分批降低部位。,70.8,76.8,70.2,85,100,可用,47.45,47.4,19.6,252.71,,87.34,112.56,6.96,10.34,1.77,4.57,11,1190,3140,4723,7714,13126,0,-6.65,-1254.181,614.5080000000003,-2814.795,1190,4706,7697,12661.061,5,0,217417200,0,0,6.71,-727,-5065,-17200,,-1196.65,-5960.1810000000005,-7082.492000000001,-15475.856000000003,55.71,50.18,51.6,47.33,false,false,2.59,3.49,外資持股5/10日下降，且外資5日賣超
10,2605,新興,TWSE,航運業,等待確認,正常持有,今天不下單,每個交易日收盤後，檢查趨勢與法人籌碼,已有部位可續抱觀察，但暫不追價；若收盤跌破60日EMA約 32.80 且法人籌碼轉弱，先減碼三分之一。,61.9,76.3,80.7,85,100,完整,34.5,34.85,36.27,35.12,33.49,26.88,212.23,3.67,7.49,1.11,2.72,1,0,0,0,-2,0,0,-6370.992,-11553.682,-9254.736000000003,1345.462999999998,0,-7,-9,153,0,1,-256900,-3451.91,-1207.0799999999995,48.64,-5755,-7780,7083,,-6120.075,-8094.771999999999,-8038.655999999999,2010.3960000000002,54.48,60.98,70.7,41.56,false,true,1.19,-6.12,單季稅前獲利對營業外貢獻依賴偏高
11,2330,台積電,TWSE,半導體業,等待確認,保護持有,今天不新增部位；未完成確認前不機械式賣出,下一交易日收盤，確認是否收復防守區,"已有部位暫停加碼；若收盤跌破60日EMA約 2,350.41，且下一交易日仍未收復，先減碼三分之一；若ETF或外資繼續轉弱，再分批降低部位。",73.2,76,68,85,100,可用,2420,2415,44.69,37.01,59.29,30.94,245.76,49.33,27.82,9.68,0.92,69,306,633,403,-3557,24051,-416,-17.12,-1210.2640000000001,2534.4329999999995,-40864.570999999996,658.43,838.7159999999998,349.8990000000001,3450.107,4,1,2012918400,1611.637,1073.8229999999999,69.17,-1498,-4277,-94923,,-1151.127,-3660.6169999999997,1110.7109999999993,-52677.50200000001,54.22,60.08,53.05,74.15,true,false,1.45,2.98,主動ETF 5日轉為減碼；外資持股5/10日下降，且外資5日賣超
12,7750,新代,TWSE,電機機械,等待確認,保護持有,今天不新增部位；未完成確認前不機械式賣出,下一交易日收盤，確認是否收復防守區,"已有部位暫停加碼；若收盤跌破60日EMA約 2,200.87，且下一交易日仍未收復，先減碼三分之一；若ETF或外資繼續轉弱，再分批降低部位。",76,75.1,60.4,85,100,完整,2350,2370,202.65,95.42,27.76,45.28,228.69,42.53,40.39,12.53,0.68,5,0,0,25,108,229,25,-38.136,-465.5590000000001,-248.78600000000006,-580.517,0,213,296,259.64,1,1,500550000,19.899,31.240999999999996,16.98,-62,-644,-627,,-62.579,-698.4580000000001,-576.027,-862.3100000000001,53.28,42.28,45.62,35.59,false,false,2.13,-6.56,外資持股5/10日下降，且外資5日賣超；ETF加碼金額或跨基金共識不足
13,8112,至上,TWSE,電子通路業,等待確認,正常持有,今天不下單,每個交易日收盤後，檢查趨勢與法人籌碼,已有部位可續抱觀察，但暫不追價；若收盤跌破60日EMA約 89.23 且法人籌碼轉弱，先減碼三分之一。,74.3,74.9,54.4,85,100,完整,93.2,93.1,333.48,180.42,3.16,85.96,127.95,9.45,7.11,2.31,4.04,7,2,4,836,2025,1384,0,-3095.904,5750.282999999999,-9431.858,40876.62199999999,2,836,1664.253,-801.0310000000002,3,0,78584000,-402.21599999999995,-1478.796,21.13,-3354,5649,55300,,-2823.327,5316.499000000001,-9617.314999999999,43717.109000000004,54.09,45.2,47.7,40.21,false,false,1.64,2.42,ETF加碼金額或跨基金共識不足
14,8422,可寧衛*,TWSE,綠能環保,等待確認,正常持有,今天不下單,每個交易日收盤後，檢查趨勢與法人籌碼,已有部位可續抱觀察，但暫不追價；若收盤跌破60日EMA約 27.07 且法人籌碼轉弱，先減碼三分之一。,73.7,74.1,55.1,85,100,完整,27.35,27.25,59.87,28.17,27.67,55.71,104.84,0.55,28.33,3.59,4.41,4,0,0,2559,3689,3660,0,-44.084,4760.3060000000005,12249.635,7758.585999999997,0,2550,3680,2250.396,1,1,69360000,82.536,196.321,5.43,-733,6929,20521,,-54,2127.7699999999995,8373.313999999998,4978.665,57.19,80.59,75.13,91.52,true,false,2.36,2.43,ETF加碼金額或跨基金共識不足；官方重大訊息出現高風險關鍵字，須查原文
15,3324,雙鴻,TPEX,其他電子業,等待確認,正常持有,今天不下單,每個交易日收盤後，檢查趨勢與法人籌碼,已有部位可續抱觀察，但暫不追價；若收盤跌破60日EMA約 994.69 且法人籌碼轉弱，先減碼三分之一。,72.2,73.9,56.1,85,100,可用,1070,1075,116.7,83.28,16.87,59.14,183.92,23.01,24.56,7.47,1.12,3,0,0,0,-2,1,0,1495.127,1495.127,1495.127,1495.127,470,470,470,470,1,0,500550000,201.862,201.862,31.95,,,,,823.265,823.265,823.265,823.265,61.27,63.84,49.12,93.29,true,false,7.05,8.19,外資持股趨勢資料不足或期間有非市場異動
16,3706,神達,TWSE,電腦及週邊設備業,等待確認,正常持有,今天不下單,每個交易日收盤後，檢查趨勢與法人籌碼,已有部位可續抱觀察，但暫不追價；若收盤跌破60日EMA約 89.22 且法人籌碼轉弱，先減碼三分之一。,75.6,73.5,58.2,85,100,完整,91.5,91.5,49.73,45.52,3.96,56.75,189.14,2.58,16.32,1.59,4.38,15,-1,1206,1257,3624,4205,1314,-3643.811,-194.3929999999996,18083.547,27078.416999999998,-1,1246,3613,5989.503000000001,3,2,113884400,2412.7639999999997,3109.4669999999996,9.47,-3393,-2290,24041,,-3537,-3853.157,11361.079999999998,17986.514999999996,52.84,43,42.38,44.25,true,false,0.66,0.88,
17,6206,飛捷,TWSE,電腦及週邊設備業,等待確認,正常持有,今天不下單,每個交易日收盤後，檢查趨勢與法人籌碼,已有部位可續抱觀察，但暫不追價；若收盤跌破60日EMA約 133.71 且法人籌碼轉弱，先減碼三分之一。,67.1,73.3,77.5,85,100,完整,142.5,142.5,38.19,26.39,29.65,29.6,275.95,5.93,15.41,3.8,3.94,6,0,0,1,-5,-505,0,-773.549,-1168.177,-329.72599999999994,1314.1249999999998,0,1,-5,-129.668,1,0,139500,-3.897999999999999,-164.628,19.29,-825,-1402,5619,,-795.399,-1165.2789999999998,-160.0979999999997,1595.4750000000004,52.97,25.35,27.81,20.44,false,false,1.46,-1.38,
18,2615,萬海,TWSE,航運業,等待確認,保護持有,今天不新增部位；未完成確認前不機械式賣出,下一交易日收盤，確認是否收復防守區,已有部位暫停加碼；若收盤跌破60日EMA約 90.24，且下一交易日仍未收復，先減碼三分之一；若ETF或外資繼續轉弱，再分批降低部位。,69.6,73.2,76.7,85,100,可用,115,115,50.13,12.83,22.16,33.53,299.27,6.84,8.69,1.23,2.37,12,-15,826,825,1603,1668,829,5661.467,55757.948,93356.978,116248.17800000001,-11.147,811.853,1589.789,720.4410000000003,2,3,102699404,2298.941,4909.323,48.49,4349,56936,153670,,5680.573,52647.153999999995,86857.866,109723.62699999998,68.99,79.17,85.94,65.62,false,true,12.39,7.98,短線過熱或乖離過大；KD高檔死亡交叉，等待動能確認；借券賣出與借券賣出餘額壓力升高
19,7749,意騰-KY,TWSE,半導體業,等待確認,正常持有,今天不下單,每個交易日收盤後，檢查趨勢與法人籌碼,已有部位可續抱觀察，但暫不追價；若收盤跌破60日EMA約 386.65 且法人籌碼轉弱，先減碼三分之一。,65.7,73.2,78.9,85,91,可用,377,376.5,42.67,60.24,32,10.43,897.15,3.56,30.66,4.51,2.36,1,0,0,18,18,18,0,-43.572,-51.089000000000006,-109.58800000000001,-221.723,0,18,18,8,1,0,6876000,-0.5709999999999993,-9.702,23.91,-39,75,377,,-37.786,-68.518,-117.886,-214.61599999999999,56.42,74.2,60.55,101.51,true,false,5.55,15.82,ETF加碼金額或跨基金共識不足
20,1608,華榮,TWSE,電器電纜,等待確認,正常持有,今天不下單,每個交易日收盤後，檢查趨勢與法人籌碼,已有部位可續抱觀察，但暫不追價；若收盤跌破60日EMA約 34.10 且法人籌碼轉弱，先減碼三分之一。,68.3,73.1,68.9,85,100,完整,37.9,37.6,42.67,19.38,10.42,37.4,158.43,7.04,3.17,1.37,5.46,3,0,0,0,-27,-35,0,-720.994,1418.4009999999998,7298.948,11899.775000000001,0,-6,-32.666000000000004,48.108,0,1,-219600,-8.788,-76.08299999999997,4.44,-701,1055,12898,,-718.393,1433.1889999999999,7407.696999999999,12377.044,65.37,62.67,50.15,87.73,true,false,7.49,7.37,單季稅前獲利對營業外貢獻依賴偏高
21,2382,廣達,TWSE,電腦及週邊設備業,等待確認,正常持有,今天不下單,每個交易日收盤後，檢查趨勢與法人籌碼,已有部位可續抱觀察，但暫不追價；若收盤跌破60日EMA約 331.98 且法人籌碼轉弱，先減碼三分之一。,76.7,72.8,48,85,100,可用,332,332.5,131.32,92.67,3.1,87.6,112.75,12.93,14.31,5.2,4.75,49,81,280,1128,1368,4806,377,1247.204,4462.988,14102.373000000003,-2369.7789999999977,74.332,991.6100000000001,2648.697,6039.353999999999,3,2,325743885,-478.9580000000001,-1105.4220000000003,23.23,1179,-5524,205516,,1388.754,3950.336,12559.098,-1428.617999999999,53.79,58.57,61.37,52.96,false,false,2.28,0.3,外資持股趨勢資料不足或期間有非市場異動
22,2395,研華,TWSE,電腦及週邊設備業,等待確認,保護持有,今天不新增部位；未完成確認前不機械式賣出,下一交易日收盤，確認是否收復防守區,已有部位暫停加碼；若收盤跌破60日EMA約 572.14，且下一交易日仍未收復，先減碼三分之一；若ETF或外資繼續轉弱，再分批降低部位。,75.1,72.6,59.1,85,100,可用,685,688,87.58,40.26,19.04,40.5,171.12,9.05,42.43,10.52,1.67,34,589,580,1245,2396,2590,1300,163.314,-71.01600000000003,1703.96,3692.4290000000005,609,1443.746,2846.626,3797.798,3,2,967309820,-53.681,-248.02200000000002,35.36,-524,-1419,-3119,,-474.343,-1461.0810000000001,-894.6440000000005,-42.29700000000048,63.99,49.59,50.73,47.29,false,false,5.99,-1.3,外資持股5/10日下降，且外資5日賣超
23,3167,大量,TWSE,電機機械,等待確認,保護持有,今天不新增部位；未完成確認前不機械式賣出,下一交易日收盤，確認是否收復防守區,已有部位暫停加碼；若收盤跌破60日EMA約 700.84，且下一交易日仍未收復，先減碼三分之一；若ETF或外資繼續轉弱，再分批降低部位。,72.8,72.4,51.5,85,100,完整,715,716,152.87,131.8,24.48,64.49,143.75,9.26,47.27,14.05,0.58,5,113,113,228,228,76,228,-78.916,-1726.562,-1732.1689999999996,-2969.9219999999996,113,965,797,1569,2,1,650410000,-90.47800000000001,7.0029999999999895,8.85,-103,-1693,-587,,-165.765,-2601.084,-2536.172,-4490.348,52.44,45.11,52.97,29.37,false,false,4.08,3.17,外資持股5/10日下降，且外資5日賣超
24,6139,亞翔,TWSE,其他電子業,等待確認,降低部位,停止加碼；反彈未站回恢復區時分批減碼,每個交易日收盤後，確認是否站回恢復區,已有部位先停止加碼。反彈若仍未站回 786.59，分批降低部位；只有站回且ETF／外資賣壓收斂後才重新評估。,66.9,72.4,54,85,100,完整,795,800,62.28,68.37,18.19,75.95,125.12,25.91,15.47,8.74,2.99,21,14,-7,-122,0,901,-85,-299.983,-1269.701,-3417.61,-6750.570000000001,14,-274,-337,-384.221,2,3,-210432000,109.73599999999999,27.016999999999996,22.67,-398,-939,-12505,,-363.018,-1105.4370000000001,-3107.6270000000004,-6326.091,51.11,37.37,29.92,52.27,true,false,1.25,3.79,20日累積後5日轉為調節；投信5/10日持續且具金額意義的賣超；外資持股5/10日下降，且外資5日賣超
25,2495,普安,TWSE,電腦及週邊設備業,等待確認,正常持有,今天不下單,每個交易日收盤後，檢查趨勢與法人籌碼,已有部位可續抱觀察，但暫不追價；若收盤跌破60日EMA約 40.93 且法人籌碼轉弱，先減碼三分之一。,64.1,72,69.3,85,100,完整,38.7,38.6,64.24,46.43,14.2,42.69,215.77,0.61,19.06,2.33,2.07,2,0,1,1,2,32,0,-282.663,145.11299999999997,679.5909999999999,-7883.3189999999995,0,1,2,17,1,0,38700,-88.595,-157.436,8.03,-208,256,2684,,-266.978,232.70799999999997,835.0269999999999,-7463.044,48.41,39.36,36.03,46.03,true,false,0.59,3.75,ETF加碼金額或跨基金共識不足
26,2603,長榮,TWSE,航運業,等待確認,保護持有,今天不新增部位；未完成確認前不機械式賣出,下一交易日收盤，確認是否收復防守區,已有部位暫停加碼；若收盤跌破60日EMA約 213.49，且下一交易日仍未收復，先減碼三分之一；若ETF或外資繼續轉弱，再分批降低部位。,69.2,71.8,66.4,85,100,可用,228.5,231,43.07,4.21,14.77,39.75,138.81,11.24,9.75,0.95,6.5,31,-1008,-989,-12,1111,4021,-1011,2918.291,45193.932,94443.90800000001,142606.79499999998,-926.858,23.524000000000115,2116.056,410.29600000000005,4,1,5786904,-1939.9790000000003,-547.8660000000001,26.46,6925,44236,149532,,5595.197,47110.387,92875.718,140792.152,55.01,70.22,82.65,45.36,false,true,0.84,-4.99,20日累積後5日轉為調節；ETF 1/3日已轉為減碼；主動ETF 5日轉為減碼；KD高檔死亡交叉，等待動能確認
27,3017,奇鋐,TWSE,電腦及週邊設備業,等待確認,正常持有,今天不下單,每個交易日收盤後，檢查趨勢與法人籌碼,"已有部位可續抱觀察，但暫不追價；若收盤跌破60日EMA約 2,623.47 且法人籌碼轉弱，先減碼三分之一。",76.4,71.8,48,85,100,可用,3135,3155,57.39,80.34,25.97,68.07,126.07,44.54,39.32,20.99,0.71,46,111,178,343,-112,1282,199,196.812,620.9900000000001,5276.162,8589.664000000002,50,775.375,1119.1570000000002,2989.619,5,0,2287356250,-204.534,-219.72800000000004,54.19,270,155,4431,,88.378,50.14899999999998,4376.733,5608.6849999999995,62.45,49.85,52.33,44.89,false,false,9.7,1.29,
28,4916,事欣科,TWSE,電腦及週邊設備業,等待確認,正常持有,今天不下單,每個交易日收盤後，檢查趨勢與法人籌碼,已有部位可續抱觀察，但暫不追價；若收盤跌破60日EMA約 99.60 且法人籌碼轉弱，先減碼三分之一。,66.9,71.8,67.1,85,100,完整,102.5,102.5,128.95,58.42,9.14,32.64,257.18,5.45,15.54,3.48,0.49,1,0,0,0,0,0,0,263.784,-257.37200000000007,-2018.7389999999996,-6652.112000000001,0,0,0,36,0,0,0,-19.278999999999996,3.3410000000000015,2.49,355,291,-4678,,250.383,-238.093,-2022.08,-6749.2519999999995,50.87,28.09,25.66,32.95,true,false,0.77,1.99,單季稅前獲利對營業外貢獻依賴偏高
29,6446,藥華藥,TWSE,生技醫療業,等待確認,正常持有,今天不下單,每個交易日收盤後，檢查趨勢與法人籌碼,"已有部位可續抱觀察，但暫不追價；若收盤跌破60日EMA約 1,188.00 且法人籌碼轉弱，先減碼三分之一。",71.9,71.8,68.9,85,100,可用,1580,1585,92.59,77.46,43.77,16.54,527.8,11.35,72.97,15.12,0.17,20,30,29,22,246,359,32,-305.2,-756.696,-859.227,1288.7449999999994,30,19,478.431,633.1070000000001,1,3,28310000,37.481,20.025000000000002,24.91,-280,-426,8958,,-332.57,-813.177,-1357.683,666.096,69.22,71.39,63.96,86.26,true,false,14.62,12.86,外資持股趨勢資料不足或期間有非市場異動；短線過熱或乖離過大；高波動且5日漲幅過大
30,2376,技嘉,TWSE,電腦及週邊設備業,等待確認,正常持有,今天不下單,每個交易日收盤後，檢查趨勢與法人籌碼,已有部位可續抱觀察，但暫不追價；若收盤跌破60日EMA約 338.58 且法人籌碼轉弱，先減碼三分之一。,72.4,71.6,52.2,85,100,可用,350.5,351.5,59.67,49.96,6.23,74.46,144.47,17.73,13.01,3.5,3.45,31,38,44,994,1389,1143,867,106.886,-4991.4439999999995,2042.6560000000009,9417.845,38.701,872.701,1670.571,-516.989,3,1,303263598,137.67600000000002,323.997,23.15,79,-5988,13238,,37.18,-6001.821,48.08800000000065,8686.841,51.24,18.36,23.78,7.5,false,false,0.35,0.57,
31,3135,凌航,TWSE,半導體業,等待確認,正常持有,今天不下單,每個交易日收盤後，檢查趨勢與法人籌碼,已有部位可續抱觀察，但暫不追價；若收盤跌破60日EMA約 169.57 且法人籌碼轉弱，先減碼三分之一。,60.7,71.5,62.1,85,85,完整,184,185.5,204.32,247.31,20.31,53.77,264.03,20.87,7.77,3.75,2.08,1,0,-30,288,288,288,-30,-400.495,284.35299999999984,340.4019999999999,532.507,0,288,288,288,1,1,51840000,18.377000000000002,-7.2669999999999995,2.14,-308,9,-601,,-388.026,-22.024,59.66900000000001,212.33399999999997,59.73,79.8,65.51,108.4,false,false,9.3,20.26,主動ETF 5日轉為減碼；短線過熱或乖離過大；高波動且5日漲幅過大
32,2542,興富發,TWSE,建材營造,等待確認,保護持有,今天不新增部位；未完成確認前不機械式賣出,下一交易日收盤，確認是否收復防守區,已有部位暫停加碼；若收盤跌破60日EMA約 44.39，且下一交易日仍未收復，先減碼三分之一；若ETF或外資繼續轉弱，再分批降低部位。,72.1,71.4,53.5,85,100,可用,47.85,48,196.59,404.28,24.76,77.72,140.2,2.45,11,2.03,8.42,10,221,352,565,6046,8621,0,960.279,15782.024000000001,40936.537,45068.883,221,409,5890,17488.051,4,1,19427500,-106.98099999999998,350.24800000000005,8.63,-752,551,587,,850.57,15480.005000000001,34696.289,27178.967000000004,65.98,76.31,84.75,59.41,false,true,3.13,-0.62,KD高檔死亡交叉，等待動能確認；ETF加碼金額或跨基金共識不足
33,6274,台燿,TPEX,電子零組件業,等待確認,正常持有,今天不下單,每個交易日收盤後，檢查趨勢與法人籌碼,"已有部位可續抱觀察，但暫不追價；若收盤跌破60日EMA約 1,421.40 且法人籌碼轉弱，先減碼三分之一。",76.2,71.4,55.3,85,100,可用,1530,1530,121.52,91.3,21.29,48.55,205.37,12.4,75.42,18.4,0.51,24,203,342,638,771,1717,474,554.656,554.656,554.656,554.656,443,443,443,443,1,0,657855000,93.412,93.412,28.71,,,,,18.244,18.244,18.244,18.244,53.51,30.99,36.59,19.8,false,false,3.17,2,外資持股趨勢資料不足或期間有非市場異動
34,1808,潤隆,TWSE,建材營造,等待確認,正常持有,今天不下單,每個交易日收盤後，檢查趨勢與法人籌碼,已有部位可續抱觀察，但暫不追價；若收盤跌破60日EMA約 32.23 且法人籌碼轉弱，先減碼三分之一。,67.1,70.8,54.2,85,100,完整,35.45,35.6,3460.15,13488.27,22.07,73.55,166.02,2.52,8.59,2.35,4.13,1,0,0,0,0,-14,0,-95.459,3331.448,4738.474,8387.9,0,0,0,-13.962,0,0,0,301,307,4.74,-232,2633,4463,,-96.459,3030.448,4431.474,7781.861999999999,61.34,69.03,73.23,60.61,false,true,4.81,6.46,
35,2421,建準,TWSE,電子零組件業,等待確認,正常持有,今天不下單,每個交易日收盤後，檢查趨勢與法人籌碼,已有部位可續抱觀察，但暫不追價；若收盤跌破60日EMA約 143.09 且法人籌碼轉弱，先減碼三分之一。,67.2,70.6,60.5,85,100,完整,150.5,151.5,31.65,20.34,15.56,50.21,164.23,4.78,15.48,3.91,3.64,7,1,4,4,5,-176,0,-216.536,-1000.327,109.10199999999992,5284.753999999999,1,2,3,-175.087,2,1,288000,-137.336,-248.432,31.04,-154,-708,6352,,-208.97,-864.9910000000001,354.53399999999993,5906.688999999999,59.52,47.63,36.48,69.93,true,false,4.55,3.79,ETF加碼金額或跨基金共識不足
36,3680,家登,TPEX,半導體業,等待確認,正常持有,今天不下單,每個交易日收盤後，檢查趨勢與法人籌碼,已有部位可續抱觀察，但暫不追價；若收盤跌破60日EMA約 474.23 且法人籌碼轉弱，先減碼三分之一。,68.1,70.3,57.4,85,100,可用,488,488,71.69,28.67,16.54,47.06,233.81,8.09,31.04,3.42,1.49,2,0,0,0,0,1,0,-29.876,-29.876,-29.876,-29.876,0,0,0,0,0,0,0,-0.998,-0.998,26.67,,,,,-28.878,-28.878,-28.878,-28.878,57.16,54.65,52.52,58.9,true,false,5.49,5.86,外資持股趨勢資料不足或期間有非市場異動
37,3081,聯亞,TPEX,通信網路業,等待確認,正常持有,今天不下單,每個交易日收盤後，檢查趨勢與法人籌碼,"已有部位可續抱觀察，但暫不追價；若收盤跌破60日EMA約 2,228.35 且法人籌碼轉弱，先減碼三分之一。",69.7,70.1,68,85,100,可用,3255,3255,176.54,120.95,44.5,24.1,288.03,7.75,254.73,58.03,0.14,18,1,155,175,868,966,167,-10.007,-10.007,-10.007,-10.007,62.2,62.2,62.2,62.2,1,0,184112000,-32.429,-32.429,19.19,,,,,-39.778,-39.778,-39.778,-39.778,69.97,80.04,73.87,92.38,true,false,26.46,21.46,外資持股趨勢資料不足或期間有非市場異動；短線過熱或乖離過大；高波動且5日漲幅過大
38,3617,碩天,TWSE,其他電子業,等待確認,正常持有,今天不下單,每個交易日收盤後，檢查趨勢與法人籌碼,已有部位可續抱觀察，但暫不追價；若收盤跌破60日EMA約 225.49 且法人籌碼轉弱，先減碼三分之一。,68.3,70,73.9,85,100,完整,250.5,251.5,13.58,9.64,22.32,36.99,273.56,11.12,11.86,2.37,4.02,4,9,9,391,612,618,391,-106.08,-536.4209999999999,1064.1690000000003,1080.0540000000005,9,391,612,611.568,3,0,96772500,-19.099,50.345000000000006,9.71,-90,-874,1207,,-105.15,-908.322,401.82400000000007,443.07900000000006,59.51,56.61,69.23,31.38,false,false,3.56,-2.53,ETF加碼金額或跨基金共識不足
39,4772,台特化,TPEX,化學工業,等待確認,正常持有,今天不下單,每個交易日收盤後，檢查趨勢與法人籌碼,已有部位可續抱觀察，但暫不追價；若收盤跌破60日EMA約 261.08 且法人籌碼轉弱，先減碼三分之一。,61.5,70,60.6,85,100,可用,261.5,261,269.27,263.78,40.7,45.88,267.26,2.83,47.02,10.4,1.15,1,0,0,0,0,1,0,-115.484,-115.484,-115.484,-115.484,0,0,0,0,0,0,0,-20.537,-20.537,7.73,,,,,-94.947,-94.947,-94.947,-94.947,56.88,66.05,64.17,69.81,true,false,3.93,5.66,外資持股趨勢資料不足或期間有非市場異動
40,5871,中租-KY,TWSE,其他,等待確認,正常持有,今天不下單,每個交易日收盤後，檢查趨勢與法人籌碼,已有部位可續抱觀察，但暫不追價；若收盤跌破60日EMA約 112.95 且法人籌碼轉弱，先減碼三分之一。,71.1,69.9,60.9,85,91,可用,116.5,117,6.82,-0.78,30.94,79.13,112.36,3.26,10.77,1.12,5.22,30,10,23,14,-1119,1118,0,2039.875,13042.384000000002,3907.2230000000022,18647.403000000002,14,10,-371.961,4145.564,3,2,1150000,-808.202,-829.4970000000001,45.12,-268,11224,43703,,2080.596,13840.586000000001,5108.6810000000005,14251.550000000003,57.7,74.49,61.04,101.39,false,false,2.86,6.39,累計營收負成長且當月改善不足；20日趨勢尚未上彎
41,6672,騰輝電子-KY,TWSE,電子零組件業,等待確認,保護持有,今天不新增部位；未完成確認前不機械式賣出,下一交易日收盤，確認是否收復防守區,已有部位暫停加碼；若收盤跌破60日EMA約 243.17，且下一交易日仍未收復，先減碼三分之一；若ETF或外資繼續轉弱，再分批降低部位。,71.2,69.4,65.5,85,100,完整,276,276.5,90.82,42.48,14.55,29.42,311.02,4.75,40.86,4.6,1.24,2,3,3,346,547,549,346,-89.546,-24.863000000000056,2192.055,-413.99399999999986,3,346,547,536,3,0,93593000,-175.055,63.271,20.24,-265,-356,-4443,,-143.312,-195.80800000000002,1581.784,-911.8319999999997,57.96,49.94,59.73,30.36,false,false,5.95,-2.82,外資持股5/10日下降，且外資5日賣超；ETF加碼金額或跨基金共識不足
42,8070,長華*,TWSE,電子通路業,等待確認,保護持有,今天不新增部位；未完成確認前不機械式賣出,下一交易日收盤，確認是否收復防守區,已有部位暫停加碼；若收盤跌破60日EMA約 49.85，且下一交易日仍未收復，先減碼三分之一；若ETF或外資繼續轉弱，再分批降低部位。,70.1,69.4,65.1,85,100,完整,51.3,51.3,33.63,26.21,12.01,39.01,235.2,1.3,29.17,1.3,5.5,8,28,31,1609,3844,3822,822,-143.134,-8527.322,-719.8549999999996,-2647.8119999999994,28,1603,3838,4170.916000000001,3,1,79027900,-23.904000000000003,201.514,10.74,-152,-10066,-7038,,-181.922,-10106.418,-4759.369000000001,-6913.718000000001,55.71,36.17,41.05,26.4,false,false,3.82,0.59,外資持股5/10日下降，且外資5日賣超；ETF加碼金額或跨基金共識不足
43,8464,億豐,TWSE,居家生活,等待確認,正常持有,今天不下單,每個交易日收盤後，檢查趨勢與法人籌碼,已有部位可續抱觀察，但暫不追價；若收盤跌破60日EMA約 365.35 且法人籌碼轉弱，先減碼三分之一。,70.9,69.4,68.6,85,100,完整,372.5,373.5,16.43,3.86,27.66,25.49,384.65,10.37,16.06,3.74,4.35,11,-5,-5,14,71,132,0,200.096,445.83,134.88499999999996,1232.304,-4.286,12.714,97.55,227.741,2,1,4672395,5.395999999999999,-3.1060000000000003,40.66,232,460,407,,200.64,427.72,40.44100000000007,982.0000000000001,50.74,38.63,32,51.88,true,false,0.04,0.95,ETF 1/3日已轉為減碼；20日趨勢尚未上彎；ETF加碼金額或跨基金共識不足
44,8996,高力,TWSE,電機機械,等待確認,保護持有,今天不新增部位；未完成確認前不機械式賣出,下一交易日收盤，確認是否收復防守區,"已有部位暫停加碼；若收盤跌破60日EMA約 1,140.03，且下一交易日仍未收復，先減碼三分之一；若ETF或外資繼續轉弱，再分批降低部位。",74.2,69.4,50.2,85,100,可用,1200,1195,57.63,115.43,17.58,50.01,160.68,8.69,81.82,22.06,0.38,24,182,611,663,1043,2023,500,-587.105,-602.2729999999999,-1163.464,-3758.985,563.905,1773.405,5094.405,6606.028999999999,5,0,2154687075,111.269,152.839,28.07,-730,-1890,-9179,,-1179.659,-2486.947,-6410.708,-10619.424999999997,54.88,44.62,45.45,42.94,false,false,5.5,5.73,外資持股5/10日下降，且外資5日賣超
45,1714,和桐,TWSE,化學工業,等待確認,正常持有,今天不下單,每個交易日收盤後，檢查趨勢與法人籌碼,已有部位可續抱觀察，但暫不追價；若收盤跌破60日EMA約 15.43 且法人籌碼轉弱，先減碼三分之一。,68.6,69.3,65.2,85,100,完整,16.55,16.55,77.38,61.22,11.49,29.6,335.99,0.89,13.98,1.22,1.09,2,0,0,7,62,1788,0,-186.963,2650.9770000000003,2641.6799999999994,-7600.304000000004,0,7,62,119,1,0,115500,-300.94399999999996,-261.95099999999996,16.81,485,3813,-16810,,-137.722,2944.921,2841.631,-7256.609000000001,52.83,44.58,54.55,24.64,false,false,1.26,-1.19,ETF加碼金額或跨基金共識不足
46,2357,華碩,TWSE,電腦及週邊設備業,等待確認,正常持有,今天不下單,每個交易日收盤後，檢查趨勢與法人籌碼,已有部位可續抱觀察，但暫不追價；若收盤跌破60日EMA約 795.93 且法人籌碼轉弱，先減碼三分之一。,65.4,69.3,56.5,85,100,可用,973,971,53.33,40.88,7.05,62.01,128,38.83,13.52,2.28,4.54,43,-12,1,-131,430,2244,0,302.684,681.5250000000001,9146.880000000001,21717.674000000003,-13.693,-145.406,607.5509999999999,-407.4330000000001,1,4,-134500550,-213.11,-95.21900000000002,39.15,369,811,30147,,368.681,1040.041,8634.548,21166.742,68.97,49.71,53.28,42.58,false,false,10.42,5.19,20日累積後5日轉為調節
47,3491,昇達科,TPEX,通信網路業,等待確認,正常持有,今天不下單,每個交易日收盤後，檢查趨勢與法人籌碼,"已有部位可續抱觀察，但暫不追價；若收盤跌破60日EMA約 1,347.88 且法人籌碼轉弱，先減碼三分之一。",67.5,69.3,63.5,85,100,可用,1325,1345,82.02,70.79,28.88,37.31,263.15,8.15,100.95,19.24,0.54,10,0,3,16,43,128,15,-132.886,-132.886,-132.886,-132.886,193,193,193,193,1,0,245110000,-2.783,-2.783,31.49,,,,,-323.103,-323.103,-323.103,-323.103,54.09,36.06,36.13,35.93,false,false,4.41,8.16,外資持股趨勢資料不足或期間有非市場異動；ETF加碼金額或跨基金共識不足
48,1795,美時,TWSE,生技醫療業,等待確認,正常持有,今天不下單,每個交易日收盤後，檢查趨勢與法人籌碼,已有部位可續抱觀察，但暫不追價；若收盤跌破60日EMA約 194.58 且法人籌碼轉弱，先減碼三分之一。,68,69.1,52.6,85,100,完整,195,195.5,3.94,67.97,24.59,77.62,146.44,4.65,13.71,2.12,1.39,2,0,0,0,0,-155,0,-60.346,744.1379999999999,337.1679999999999,750.8979999999995,0,-2,-2,5.881,0,1,-388000,16.76699999999999,-45.63100000000001,52.56,426,1127,1874,,21.129,729.371,384.79899999999986,967.5190000000001,56.34,66.89,64.19,72.31,false,false,2.58,4.56,
49,2428,興勤,TWSE,電子零組件業,等待確認,保護持有,今天不新增部位；未完成確認前不機械式賣出,下一交易日收盤，確認是否收復防守區,已有部位暫停加碼；若收盤跌破60日EMA約 252.45，且下一交易日仍未收復，先減碼三分之一；若ETF或外資繼續轉弱，再分批降低部位。,63.8,69,72.2,85,100,完整,250,252,48.36,24.42,22.64,36.2,299.37,7.55,17.73,2.71,2.36,4,62,62,2192,2406,2528,2191,-89.267,-545.2779999999999,-4338.945,-5432.796999999999,-138,1992,2316,2399.324,2,1,497004000,3.8830000000000027,11.260000000000003,14.07,99,-2144,-6285,,59.92,-2541.1609999999996,-6666.205,-7881.721,49.27,31.99,48.75,-1.51,false,false,0.08,-2.53,外資持股5/10日下降，且外資5日賣超；2日內除權息，等待價格重置；借券賣出與借券賣出餘額壓力升高
50,2305,全友,TWSE,電腦及週邊設備業,等待確認,正常持有,今天不下單,每個交易日收盤後，檢查趨勢與法人籌碼,已有部位可續抱觀察，但暫不追價；若收盤跌破60日EMA約 28.77 且法人籌碼轉弱，先減碼三分之一。,58.2,68.5,72.2,85,100,完整,31,31,197.8,96.82,17.3,24.45,372.4,0.51,34.39,2.35,,1,0,0,0,-11,-1,0,452.768,-110.28899999999999,63.333999999999605,-4320.111000000001,0,0,-11,9,0,0,0,13.990999999999998,-9.565000000000001,2.91,448,71,-7734,,440.601,-124.27999999999992,83.89899999999989,-4408.558000000001,54.69,44.35,28.19,76.67,true,false,7.38,15.67,20日趨勢尚未上彎；高波動且5日漲幅過大
51,3231,緯創,TWSE,電腦及週邊設備業,等待確認,正常持有,今天不下單,每個交易日收盤後，檢查趨勢與法人籌碼,已有部位可續抱觀察，但暫不追價；若收盤跌破60日EMA約 168.67 且法人籌碼轉弱，先減碼三分之一。,70.2,68.4,46.6,85,100,可用,181.5,182,60.76,88.16,3.59,82.37,118.14,7.78,14.18,2.93,3.08,42,165,262,3222,-6379,10151,2192,-9490.12,-30383.939,-32585.841999999997,13512.410000000002,156.94,2106.2780000000002,-7458.499999999998,-24131.082,5,0,375970623,-850.852,-1846.0719999999997,33.91,-9015,-32377,277561,,-9585.546,-31639.364999999998,-23281.270000000004,40760.81799999999,53.16,19.45,22.35,13.66,false,false,0.73,-0.27,外資持股趨勢資料不足或期間有非市場異動
52,2059,川湖,TWSE,電子零組件業,等待確認,保護持有,今天不新增部位；未完成確認前不機械式賣出,下一交易日收盤，確認是否收復防守區,"已有部位暫停加碼；若收盤跌破60日EMA約 9,427.44，且下一交易日仍未收復，先減碼三分之一；若ETF或外資繼續轉弱，再分批降低部位。",64.9,68.3,70,85,100,可用,14480,14510,355.52,136.58,77.05,28.35,356.12,110.96,78.75,40.33,0.36,37,14,50,66,60,185,58,88.748,159.33200000000002,263.266,361.50300000000016,158.791,301.4579999999999,606.9939999999999,904.5040000000001,5,0,4306327530,31.721999999999998,38.302,23.23,-84,-244,-944,,-82.957,-173.848,-382.03,-635.103,75.16,76.18,76.94,74.67,false,false,17.97,2.73,外資持股5/10日下降，且外資5日賣超；短線過熱或乖離過大；2日內除權息，等待價格重置
53,3653,健策,TWSE,電子零組件業,等待確認,保護持有,今天不新增部位；未完成確認前不機械式賣出,下一交易日收盤，確認是否收復防守區,"已有部位暫停加碼；若收盤跌破60日EMA約 4,150.53，且下一交易日仍未收復，先減碼三分之一；若ETF或外資繼續轉弱，再分批降低部位。",73.6,67.9,64.4,85,100,可用,5725,5725,90.96,35.95,35.34,28.69,256.61,25.33,117.47,32.39,0.42,38,1,103,282,415,1052,343,168.761,1237.242,2498.6310000000003,2490.059,-48,564.617,905.749,1465.0790000000002,3,2,2938831485,-22.006,-10.310999999999996,26.31,198,669,-1216,,218.969,694.631,1603.1930000000002,948.0999999999999,70.33,85.15,84.86,85.73,true,true,19.89,4.85,短線過熱或乖離過大；KD高檔死亡交叉，等待動能確認
54,2845,遠東銀,TWSE,金融保險業,等待確認,正常持有,今天不下單,每個交易日收盤後，檢查趨勢與法人籌碼,已有部位可續抱觀察，但暫不追價；若收盤跌破60日EMA約 13.16 且法人籌碼轉弱，先減碼三分之一。,71.1,67.9,62.9,85,91,可用,13.45,13.45,5.43,15.28,,92.01,,0.25,15.34,0.92,4.67,8,0,2863,5057,4970,5425,4366,1429.015,11449.886,27045.652000000002,45123.956000000006,0,5039,4952,5429.858,4,0,68026500,1264,2393,9.78,1754,975,35476,,1423.015,5146.886,19700.652000000002,36901.989,53.94,68.21,69.46,65.71,false,true,0.37,-0.37,ETF加碼金額或跨基金共識不足
55,2347,聯強,TWSE,電子通路業,等待確認,正常持有,今天不下單,每個交易日收盤後，檢查趨勢與法人籌碼,已有部位可續抱觀察，但暫不追價；若收盤跌破60日EMA約 88.34 且法人籌碼轉弱，先減碼三分之一。,62.6,67.8,56.6,85,100,可用,87.1,87.1,126.88,84.54,2.49,70.33,142.57,4.12,11.86,1.67,4.84,24,82,62,458,2225,4294,195,-1101.422,-499.1160000000001,1467.786,21277.538,82,423,2908,-2214.5880000000006,4,1,36674100,-207.009,-441.742,29.78,-1342,-424,30475,,-1176.818,-715.1070000000001,-998.4719999999998,25638.479,44.62,26.66,25.55,28.88,true,false,-1.95,0.93,當下除權息調整價未守20日EMA；ETF加碼金額或跨基金共識不足
56,4766,南寶,TWSE,化學工業,等待確認,正常持有,今天不下單,每個交易日收盤後，檢查趨勢與法人籌碼,已有部位可續抱觀察，但暫不追價；若收盤跌破60日EMA約 340.93 且法人籌碼轉弱，先減碼三分之一。,64.4,67.6,60,85,100,完整,343.5,344.5,20.76,11.03,16.69,49.05,191.73,13.82,14.65,2.92,5.24,5,0,0,0,0,-40,0,-75.002,359.20900000000006,170.3970000000001,416.0680000000001,0,-1,-1,-13.433,0,1,-343500,-48.935999999999986,-65.23399999999998,15.76,7,424,277,,-11,409.145,236.63100000000003,487.63899999999995,54.74,67.31,72.41,57.1,false,true,1.58,3.46,
57,2374,佳能,TWSE,光電業,等待確認,保護持有,今天不新增部位；未完成確認前不機械式賣出,下一交易日收盤，確認是否收復防守區,已有部位暫停加碼；若收盤跌破60日EMA約 71.15，且下一交易日仍未收復，先減碼三分之一；若ETF或外資繼續轉弱，再分批降低部位。,58.5,67.3,63.1,85,100,完整,70.2,70.1,64.11,53.36,9.83,37.89,158.61,1.55,20.65,2.53,2.97,1,0,0,0,0,0,0,-258.003,-2689.118,-2223.131,-2388.401,0,-3,-3,-5,0,1,-200700,-147.259,-262.95099999999996,4.69,394,-968,-218,,-181.78,-2538.859,-1957.1800000000003,-1936.0920000000006,52.64,38.31,33.96,46.99,true,false,1.93,4.93,外資持股5/10日下降，且外資5日賣超
58,2885,元大金,TWSE,金融保險業,等待確認,保護持有,今天不新增部位；未完成確認前不機械式賣出,下一交易日收盤，確認是否收復防守區,已有部位暫停加碼；若收盤跌破60日EMA約 62.00，且下一交易日仍未收復，先減碼三分之一；若ETF或外資繼續轉弱，再分批降低部位。,62.8,67.2,62,85,100,可用,62.8,62.8,78.99,130.25,,92.04,,2.64,14.61,2.17,3.53,40,-87,-948,7818,53548,66884,-1969,-1186.943,-29019.308,-63679.85400000001,-89553.49100000001,-488.477,-1801.79,3530.7429999999995,-2165.8580000000006,1,4,-112431696,-52.48100000000002,-828.5969999999999,26.48,364,-25058,-36325,,-879.681,-27165.037,-66382,-94579.37099999997,46.34,17.3,23.53,4.83,false,false,-1.58,0.48,ETF 1/3日已轉為減碼；主動ETF 5日轉為減碼；外資持股5/10日下降，且外資5日賣超；當下除權息調整價未守20日EMA；ETF加碼金額或跨基金共識不足；借券賣出與借券賣出餘額壓力升高
59,6196,帆宣,TWSE,其他電子業,等待確認,正常持有,今天不下單,每個交易日收盤後，檢查趨勢與法人籌碼,已有部位可續抱觀察，但暫不追價；若收盤跌破60日EMA約 497.35 且法人籌碼轉弱，先減碼三分之一。,69.3,67.2,45.5,85,100,完整,499,500,101.35,47.39,8.65,72.75,122.81,13.26,21.6,5.88,1.35,14,3,8,238,385,461,237,-270.386,-883.4280000000001,102.01399999999981,1204.2109999999998,3,236,-220,-953.017,4,0,112572000,-173.5,-124.47999999999999,18.29,-204,-900,2083,,-231.502,-945.928,446.494,2244.3559999999998,48.42,36.29,33.2,42.47,true,false,-0.34,-0.2,20日趨勢尚未上彎；當下除權息調整價未守20日EMA
60,2890,永豐金,TWSE,金融保險業,等待確認,正常持有,今天不下單,每個交易日收盤後，檢查趨勢與法人籌碼,已有部位可續抱觀察，但暫不追價；若收盤跌破60日EMA約 37.79 且法人籌碼轉弱，先減碼三分之一。,65.7,67.1,59.8,85,100,可用,39.1,39.15,51.3,54.62,,93.3,,1.66,14.83,2.15,3.31,31,8,-1475,7445,45422,55961,-1123,6116.547,-3041.7450000000003,20586.406,52437.283,5.198,7188.986,52881.384999999995,52973.23200000001,3,2,282527150,-506.15099999999995,-2967.917,29.25,6475,-8421,99013,,6535.506,-9724.58,-29327.062,-13106.918000000007,49.31,25.77,34.76,7.79,false,false,-0.58,-0.76,主動ETF 5日轉為減碼；當下除權息調整價未守20日EMA；ETF加碼金額或跨基金共識不足
61,2441,超豐,TWSE,半導體業,等待確認,保護持有,今天不新增部位；未完成確認前不機械式賣出,下一交易日收盤，確認是否收復防守區,已有部位暫停加碼；若收盤跌破60日EMA約 119.67，且下一交易日仍未收復，先減碼三分之一；若ETF或外資繼續轉弱，再分批降低部位。,64.6,66.8,68.4,85,100,完整,118,118,41.65,24.68,20.06,18.34,230.57,2.98,21.3,2.38,2.62,10,747,1259,1656,1648,3174,1637,-334.034,-2637.9089999999997,-1203.0039999999995,-4073.969,747,1656,1648,3876.766,4,0,190440000,-602.308,-786.6339999999999,10.04,-1474,-4180,-9662,,-1080.502,-3691.601,-2064.37,-6806.434,49.11,30.01,28.27,33.48,true,false,0.17,3.96,外資持股5/10日下降，且外資5日賣超；2日內除權息，等待價格重置
62,6584,南俊國際,TPEX,電子零組件業,等待確認,正常持有,今天不下單,每個交易日收盤後，檢查趨勢與法人籌碼,已有部位可續抱觀察，但暫不追價；若收盤跌破60日EMA約 586.56 且法人籌碼轉弱，先減碼三分之一。,67.8,66.8,60,85,100,可用,605,604,32.8,51.97,29.58,32.16,184.25,6.47,56.41,11.37,0.41,3,1,3,31,67,67,31,15.787,15.787,15.787,15.787,1,1,1,1,1,0,594000,5.719,5.719,11.94,,,,,9.068,9.068,9.068,9.068,57.92,41.38,50.89,22.36,false,false,5.82,0.83,外資持股趨勢資料不足或期間有非市場異動
63,8358,金居,TPEX,電子零組件業,等待確認,正常持有,今天不下單,每個交易日收盤後，檢查趨勢與法人籌碼,已有部位可續抱觀察，但暫不追價；若收盤跌破60日EMA約 433.95 且法人籌碼轉弱，先減碼三分之一。,69.5,66.8,60.9,85,100,可用,449,449.5,54.87,44.88,24.99,24.79,184.41,4.22,63.93,11.64,0.47,11,1,1,41,-178,-992,41,-127.006,-127.006,-127.006,-127.006,-6,-6,-6,-6,0,1,-2574000,-251.257,-251.257,25.56,,,,,130.251,130.251,130.251,130.251,57.35,64.43,62.61,68.06,true,true,9.28,9.38,外資持股趨勢資料不足或期間有非市場異動
64,2302,麗正,TWSE,半導體業,等待確認,保護持有,今天不新增部位；未完成確認前不機械式賣出,下一交易日收盤，確認是否收復防守區,已有部位暫停加碼；若收盤跌破60日EMA約 40.33，且下一交易日仍未收復，先減碼三分之一；若ETF或外資繼續轉弱，再分批降低部位。,62.4,66.7,53.2,85,100,完整,44.95,44.9,81.16,30.47,14.17,34.29,148.18,0.6,38.88,3.76,0.84,1,0,0,0,-4,0,0,-81.662,-3122.3280000000004,-2030.3040000000003,149.75999999999976,0,0,-4,30,0,0,0,-35.751,76.19200000000001,1.27,-46,-2921,-1631,,-70.553,-3086.577,-2102.496,-8.79300000000012,55.25,37.68,37.5,38.04,true,false,4.49,0.56,外資持股5/10日下降，且外資5日賣超
65,1815,富喬,TPEX,電子零組件業,等待確認,保護持有,今天不新增部位；未完成確認前不機械式賣出,下一交易日收盤，確認是否收復防守區,已有部位暫停加碼；若收盤跌破60日EMA約 94.32，且下一交易日仍未收復，先減碼三分之一；若ETF或外資繼續轉弱，再分批降低部位。,57.6,66.6,67.8,85,100,可用,117.5,118,68.11,46.9,23.66,36.17,273.98,2.24,31.59,4.65,0.92,3,0,0,0,-9,10873,0,-260.967,-260.967,-260.967,-260.967,1319,1319,1319,1319,1,0,143771000,383.429,383.429,20.87,,,,,-1963.396,-1963.396,-1963.396,-1963.396,73.08,84.58,82.26,89.21,true,true,21.41,19.9,外資持股趨勢資料不足或期間有非市場異動；短線過熱或乖離過大；KD高檔死亡交叉，等待動能確認
66,1402,遠東新,TWSE,紡織纖維,等待確認,正常持有,今天不下單,每個交易日收盤後，檢查趨勢與法人籌碼,已有部位可續抱觀察，但暫不追價；若收盤跌破60日EMA約 27.68 且法人籌碼轉弱，先減碼三分之一。,71.6,66.5,48.7,85,100,完整,28.4,28.55,20.58,7.41,7.75,54.39,100.03,1.15,15.03,0.67,4.31,14,51,94,1213,3519,-140,0,1532.549,58441.39199999999,81321.15599999997,184776.73599999998,1251.705,28178.705,30484.479000000003,39778.147000000004,5,0,817182445,-107.57799999999995,-166.57799999999992,17.35,-622,29150,205270,,303.891,30370.265,51003.255,142683.282,53.6,63.41,71.54,47.16,false,true,1,1.43,
67,3010,華立,TWSE,電子通路業,等待確認,正常持有,今天不下單,每個交易日收盤後，檢查趨勢與法人籌碼,已有部位可續抱觀察，但暫不追價；若收盤跌破60日EMA約 124.85 且法人籌碼轉弱，先減碼三分之一。,65.7,66.5,56.8,85,100,完整,129.5,129.5,31.45,19.64,4.04,53.53,149.98,5.93,11.62,1.23,4.08,5,1,2,2,2,-1,0,-285.785,-559.92,1407.8540000000003,1630.6480000000004,1,0,0,-4.8919999999999995,2,1,0,30.526,47.64599999999999,19.86,-259,-494,1408,,-296.01,-590.446,1360.208,1658.118,59.28,53.05,51.44,56.28,true,false,3.28,-0.38,
68,2889,國票金,TWSE,金融保險業,等待確認,正常持有,今天不下單,每個交易日收盤後，檢查趨勢與法人籌碼,已有部位可續抱觀察，但暫不追價；若收盤跌破60日EMA約 15.44 且法人籌碼轉弱，先減碼三分之一。,66.6,66.4,57.4,85,91,可用,15.75,15.75,16.12,104.08,,88.34,,0.25,20.26,1.22,3.78,2,0,0,0,0,-17,0,-86,4496.829,9192.265,6682.633999999999,0,0,-2006,-119.39400000000023,0,0,0,-43.751999999999995,94.825,9.53,-239,4292,6098,,-92,4540.580999999999,11103.439999999999,6128.291999999999,57.89,68.36,71.19,62.7,false,true,1.16,1.29,
69,6239,力成,TWSE,半導體業,等待確認,保護持有,今天不新增部位；未完成確認前不機械式賣出,下一交易日收盤，確認是否收復防守區,已有部位暫停加碼；若收盤跌破60日EMA約 281.28，且下一交易日仍未收復，先減碼三分之一；若ETF或外資繼續轉弱，再分批降低部位。,71.5,66,48.7,85,100,可用,286,286,29.37,31.93,14.16,44.87,169.04,5.5,27.08,3.54,1.65,23,12,776,235,-105,4210,170,-743.103,-1717.502,-10677.082,-27271.245999999996,-83,-2248.804,-2737.2000000000003,-2366.55,1,4,-615047894,121.23100000000002,-224.21599999999995,32.33,-734,556,-38038,,-816.523,410.07100000000014,-7715.666,-22987.193,54.79,54.38,47.1,68.95,true,false,4.52,8.95,投信5/10日持續且具金額意義的賣超
70,2609,陽明,TWSE,航運業,等待確認,保護持有,今天不新增部位；未完成確認前不機械式賣出,下一交易日收盤，確認是否收復防守區,已有部位暫停加碼；若收盤跌破60日EMA約 53.38，且下一交易日仍未收復，先減碼三分之一；若ETF或外資繼續轉弱，再分批降低部位。,72.9,65.8,64.5,85,100,可用,57.5,57.6,34.56,5.78,7.6,28.37,420.88,2.05,14.32,0.68,3.14,12,3,37,45,619,726,0,5529.263,163870.145,202814.919,208286.36999999997,8.43,33.43,608.289,946.3860000000001,4,1,2126148,4391.899,7180.798000000001,26.39,4810,155702,313030,,5684.503,159444.816,195025.83199999997,201389.679,56.15,70.85,81.54,49.47,false,true,2.31,-2.54,KD高檔死亡交叉，等待動能確認
71,2610,華航,TWSE,航運業,等待確認,保護持有,今天不新增部位；未完成確認前不機械式賣出,下一交易日收盤，確認是否收復防守區,已有部位暫停加碼；若收盤跌破60日EMA約 20.81，且下一交易日仍未收復，先減碼三分之一；若ETF或外資繼續轉弱，再分批降低部位。,67.6,65.8,49.2,85,100,完整,20.85,20.8,25.34,17.43,7.53,73.06,66.84,1.08,9.44,1.25,3.97,17,11,-27,442,3191,10380,0,7563.507,13434.643999999998,-37876.509000000005,-86036.71399999999,11.156,657.156,3406.156,-23600.577,5,0,13405982,544.8409999999999,-127.02300000000008,15.22,7232,13668,30014,,7503.859,12232.646999999999,-41155.642,-59715.675,50.17,61.26,43.39,97,false,false,0.6,4.77,20日趨勢尚未上彎
72,5880,合庫金,TWSE,金融保險業,等待確認,正常持有,今天不下單,每個交易日收盤後，檢查趨勢與法人籌碼,已有部位可續抱觀察，但暫不追價；若收盤跌破60日EMA約 24.52 且法人籌碼轉弱，先減碼三分之一。,68.3,65.8,58.6,85,91,可用,24.95,25,20.44,17.55,,94.65,,0.36,17.89,1.39,4.19,18,-46,-57,14678,43513,69603,0,3612.38,13694.916,27446.940999999995,25017.175999999992,-43.899,14592.193,44599.254,45800.74100000001,2,3,365534435,-862.651,-884.103,16.65,1051,2395,63059,,3603.509,-34.625999999998385,-16268.210000000001,-23500.798999999988,50.4,74.1,63.7,94.91,false,false,-0.05,0.4,ETF 1/3日已轉為減碼；20日趨勢尚未上彎；借券賣出與借券賣出餘額壓力升高
73,2006,東和鋼鐵,TWSE,鋼鐵工業,等待確認,正常持有,今天不下單,每個交易日收盤後，檢查趨勢與法人籌碼,已有部位可續抱觀察，但暫不追價；若收盤跌破60日EMA約 75.73 且法人籌碼轉弱，先減碼三分之一。,65.5,65.7,59.8,85,100,完整,81.9,82.2,13.89,0.68,12.1,35.77,165.62,4.07,10.89,1.75,5.24,11,0,0,427,705,324,0,-133.724,-683.566,-681.023,15007.081000000002,0,420,698.163,1810.794,2,0,34440000,94.42499999999998,60.219999999999985,27.56,-262,-975,25350,,-129.792,-1197.9910000000002,-1439.406,13133.019,56.95,46.84,44.38,51.77,true,false,1.6,0.74,
74,2031,新光鋼,TWSE,鋼鐵工業,等待確認,正常持有,今天不下單,每個交易日收盤後，檢查趨勢與法人籌碼,已有部位可續抱觀察，但暫不追價；若收盤跌破60日EMA約 41.73 且法人籌碼轉弱，先減碼三分之一。,61.3,65.7,56.4,85,100,完整,46.4,46.55,37.57,2.27,9.27,59.27,154.73,5.23,7.17,1.24,5.39,2,0,0,0,-13,-34,0,524.092,1377.899,627.2449999999997,9245.753,0,0,-13,65,0,0,0,21.708,88.021,10.23,548,1424,7844,,493.942,1356.191,552.2239999999998,8988.739,66.04,74.37,71.45,80.2,false,false,5.12,1.42,單季稅前獲利對營業外貢獻依賴偏高
75,1303,南亞,TWSE,塑膠工業,等待確認,保護持有,今天不新增部位；未完成確認前不機械式賣出,下一交易日收盤，確認是否收復防守區,已有部位暫停加碼；若收盤跌破60日EMA約 166.80，且下一交易日仍未收復，先減碼三分之一；若ETF或外資繼續轉弱，再分批降低部位。,72.1,65.6,52.2,85,100,可用,207,207,44.53,19.94,9.92,31.17,177.84,5.17,30.4,3.13,0.42,27,2258,2462,6147,9370,12073,2516,9430.208,-31593.765,-33178.524,-68872.234,5136,8734.551,10829.413999999999,152609.55700000003,4,1,1646462864,-2697.341,2806.37,30.69,2383,-32610,-266966,,2826.939,-37630.975000000006,-46814.308000000005,-229271.985,60.03,49.92,47.31,55.13,true,false,10.22,10.4,外資持股5/10日下降，且外資5日賣超；高波動且5日漲幅過大；借券賣出與借券賣出餘額壓力升高；單季稅前獲利對營業外貢獻依賴偏高
76,3005,神基,TWSE,電腦及週邊設備業,等待確認,正常持有,今天不下單,每個交易日收盤後，檢查趨勢與法人籌碼,已有部位可續抱觀察，但暫不追價；若收盤跌破60日EMA約 111.54 且法人籌碼轉弱，先減碼三分之一。,61.6,65.6,64.8,85,100,完整,116.5,116,16.14,8.73,15.34,44.17,195.75,4.27,13.66,2.82,5.9,14,0,2,11,-303,-504,0,-95.652,-944.406,1964.6580000000004,5272.784000000001,0,0,-46.081,-1453.542,2,1,0,-366.57399999999996,-282.4749999999999,14.54,-85,-1765,7175,,-39,-577.8319999999999,2293.2140000000004,6717.414000000001,55.31,27.79,36.96,9.45,false,false,0.99,-0.85,
77,1708,東鹼,TWSE,化學工業,等待確認,保護持有,今天不新增部位；未完成確認前不機械式賣出,下一交易日收盤，確認是否收復防守區,已有部位暫停加碼；若收盤跌破60日EMA約 49.51，且下一交易日仍未收復，先減碼三分之一；若ETF或外資繼續轉弱，再分批降低部位。,56.5,65.5,61.2,85,100,完整,50,50.1,24.66,13.44,16.49,39.42,104.33,1.98,12.25,1.65,3.16,1,0,0,2,-8,0,0,247.972,-4828.519,-4452.471,-6629.782999999999,0,2,-8,78,1,0,101200,107.804,87.71300000000002,8.56,709,-3473,-6474,,215.033,-4938.323,-4532.184,-6740.697999999999,48.46,50.43,54.38,42.54,false,true,-0.45,0.4,外資持股5/10日下降，且外資5日賣超；20日趨勢尚未上彎；當下除權息調整價未守20日EMA
78,6805,富世達,TWSE,電子零組件業,等待確認,保護持有,今天不新增部位；未完成確認前不機械式賣出,下一交易日收盤，確認是否收復防守區,"已有部位暫停加碼；若收盤跌破60日EMA約 1,688.43，且下一交易日仍未收復，先減碼三分之一；若ETF或外資繼續轉弱，再分批降低部位。",67.7,65.5,55.4,85,100,完整,2025,2025,17.07,53.86,27.31,47.74,210.62,25.77,39.47,15.14,0.68,15,81,61,59,2,558,59,185.615,210.224,1083.756,2258.29,181,849,2990,6563.859,5,0,1566405000,-26.055999999999997,-64.571,11.25,-33,-540,-5358,,-34.632,-612.72,-1841.6730000000002,-4233.062,64.36,61.09,54.86,73.55,true,false,15.51,12.5,外資持股5/10日下降，且外資5日賣超；短線過熱或乖離過大；高波動且5日漲幅過大
79,2884,玉山金,TWSE,金融保險業,等待確認,正常持有,今天不下單,每個交易日收盤後，檢查趨勢與法人籌碼,已有部位可續抱觀察，但暫不追價；若收盤跌破60日EMA約 36.08 且法人籌碼轉弱，先減碼三分之一。,72.7,65.4,53.5,85,100,可用,38.6,38.7,4.75,21.58,,94.21,,1.32,16.18,2.24,3.59,30,301,493,27686,85824,103817,0,13381.532,3933.1919999999996,-4059.6230000000005,58877.064,981.457,28474.59,90533.71800000001,95705.181,5,0,1110509010,28.180000000000007,-1400.199,31.36,13908,-19449,63489,,12135.931,-24569.578,-93193.142,-45319.85300000001,61.65,76.98,72.32,86.29,false,false,2.55,2.12,
80,6664,群翊,TPEX,電子零組件業,等待確認,正常持有,今天不下單,每個交易日收盤後，檢查趨勢與法人籌碼,已有部位可續抱觀察，但暫不追價；若收盤跌破60日EMA約 362.24 且法人籌碼轉弱，先減碼三分之一。,58.7,65.4,60.9,85,100,可用,352.5,355.5,30.21,16.75,34.02,56.53,188.59,7.29,20.81,5.05,2.93,2,0,0,0,0,0,0,-129.079,-129.079,-129.079,-129.079,0,0,0,0,0,0,0,-18.099,-18.099,8.66,,,,,-110.98,-110.98,-110.98,-110.98,50.47,49.27,46.05,55.71,false,false,1.12,5.7,外資持股趨勢資料不足或期間有非市場異動
81,5904,寶雅*,TPEX,居家生活,等待確認,正常持有,今天不下單,每個交易日收盤後，檢查趨勢與法人籌碼,已有部位可續抱觀察，但暫不追價；若收盤跌破60日EMA約 69.35 且法人籌碼轉弱，先減碼三分之一。,57.9,65.1,52.2,85,100,可用,74.7,74.8,19.22,14.47,16.38,78.94,111.99,17.45,22.03,1.1,3.4,9,-432,-693,-1073,139,8462,-1073,-950.816,-950.816,-950.816,-950.816,-432,-432,-432,-432,0,1,-32356800,-41.078,-41.078,25.75,,,,,-477.738,-477.738,-477.738,-477.738,51.5,17.47,23.27,5.88,false,false,-0.52,-4.23,20日累積後5日轉為調節；ETF 1/3日已轉為減碼；主動ETF 5日轉為減碼；外資持股趨勢資料不足或期間有非市場異動；當下除權息調整價未守20日EMA
82,3693,營邦,TPEX,電腦及週邊設備業,等待確認,正常持有,今天不下單,每個交易日收盤後，檢查趨勢與法人籌碼,已有部位可續抱觀察，但暫不追價；若收盤跌破60日EMA約 513.88 且法人籌碼轉弱，先減碼三分之一。,65.1,64.9,52,85,100,可用,559,558,148.93,11.06,10.27,46.95,164.12,8.66,35.86,4.53,1.45,1,0,0,0,0,94,0,77.065,77.065,77.065,77.065,0,0,0,0,0,0,0,45.544,45.544,10.92,,,,,31.521,31.521,31.521,31.521,60.55,62.81,53.92,80.6,true,false,7.92,10.04,外資持股趨勢資料不足或期間有非市場異動
83,6907,雅特力-KY,TPEX,半導體業,等待確認,正常持有,今天不下單,每個交易日收盤後，檢查趨勢與法人籌碼,已有部位可續抱觀察，但暫不追價；若收盤跌破60日EMA約 172.21 且法人籌碼轉弱，先減碼三分之一。,58.5,64.7,56.9,85,82,可用,189,189.5,198.45,104.94,15.78,36.08,303.6,4,36.55,7.04,0.55,1,0,0,50,50,50,0,119.71,119.71,119.71,119.71,0,0,0,0,0,0,0,-2.498,-2.498,51.99,,,,,122.208,122.208,122.208,122.208,52.84,43.62,42.56,45.75,true,true,2.51,-1.82,外資持股趨勢資料不足或期間有非市場異動；20日趨勢尚未上彎
84,1609,大亞,TWSE,電器電纜,等待確認,正常持有,今天不下單,每個交易日收盤後，檢查趨勢與法人籌碼,已有部位可續抱觀察，但暫不追價；若收盤跌破60日EMA約 37.00 且法人籌碼轉弱，先減碼三分之一。,65.9,64.6,48.7,85,100,完整,37.95,38,11.53,17.91,12.94,68.3,151.61,2.24,13.78,1.57,1.87,2,0,0,0,0,-9,0,-62.978,363.37600000000003,4981.8279999999995,3633.5379999999986,0,-4,-4,-39.458,0,1,-149400,-34.296,-92.41,13.14,122,842,1522,,-47.503,401.67199999999997,5078.237999999999,4105.064999999999,56.73,54.84,49.79,64.93,true,false,2.43,3.13,
85,2633,台灣高鐵,TWSE,航運業,等待確認,正常持有,今天不下單,每個交易日收盤後，檢查趨勢與法人籌碼,已有部位可續抱觀察，但暫不追價；若收盤跌破60日EMA約 26.05 且法人籌碼轉弱，先減碼三分之一。,69.6,64.6,45.1,85,100,完整,26.3,26.35,4.27,4.06,40.17,81.85,76.96,0.67,21.56,2.11,4.37,10,212,390,369,6030,5348,0,975.819,2959.0289999999995,-176.6160000000009,148.46899999999954,212,346,6007,11445.970000000001,4,1,9099800,51,102.538,5.98,3270,4727,786,,718.819,2562.0289999999995,-6286.154,-11268.356000000003,59.01,87.61,76.69,109.43,false,false,0.99,1.54,
86,3029,零壹,TWSE,資訊服務業,等待確認,正常持有,今天不下單,每個交易日收盤後，檢查趨勢與法人籌碼,已有部位可續抱觀察，但暫不追價；若收盤跌破60日EMA約 105.84 且法人籌碼轉弱，先減碼三分之一。,64.4,64.5,50.9,85,100,完整,109.5,110,59.18,16.2,6.32,63.78,142.48,3.63,15.76,3.49,4.98,3,0,0,0,-7,-5,0,-335.366,640.402,2176.0800000000004,4427.898,0,0,-7,-9.98,0,0,0,59.89099999999999,98.395,7.31,-311,391,4105,,-337.541,580.511,2084.685,4323.886,53.16,59.67,61,57.02,false,true,0.56,-0.45,
87,3030,德律,TWSE,其他電子業,等待確認,正常持有,今天不下單,每個交易日收盤後，檢查趨勢與法人籌碼,已有部位可續抱觀察，但暫不追價；若收盤跌破60日EMA約 303.58 且法人籌碼轉弱，先減碼三分之一。,57.2,64.4,69.6,85,100,完整,289.5,288.5,38.19,26.75,38.59,34.3,215.96,7.36,21.4,6.86,2.48,6,0,1,1,-4,-2,0,39.271,-108.201,560.03,-392.2940000000001,0,-1,-16,-13.332,1,1,-282500,-119.202,-192.58299999999997,10.41,49,-136,146,,56.995,12.000999999999998,768.613,-151.224,47.98,28.16,26.61,31.25,true,false,-0.42,1.58,當下除權息調整價未守20日EMA
88,8046,南電,TWSE,電子零組件業,等待確認,保護持有,今天不新增部位；未完成確認前不機械式賣出,下一交易日收盤，確認是否收復防守區,"已有部位暫停加碼；若收盤跌破60日EMA約 1,071.87，且下一交易日仍未收復，先減碼三分之一；若ETF或外資繼續轉弱，再分批降低部位。",71,64.4,58.7,85,100,可用,1185,1180,50.24,39.38,17.18,24.03,338.73,5.53,136.31,15.22,0.17,34,-45,-35,182,1199,1524,261,-163.403,-29.274,-3550.4700000000003,-7722.116999999998,-195,-74.118,4807.024,12922.938999999998,2,3,-85976880,168.421,-697.812,11.83,-676,-544,-17128,,-196.701,-123.57700000000001,-7659.682000000001,-19833.828,53.17,32.61,39.62,18.57,false,false,2.37,0.42,ETF 1/3日已轉為減碼；投信20日買超後近5日轉賣；外資持股5/10日下降，且外資5日賣超
89,1409,新纖,TWSE,紡織纖維,等待確認,保護持有,今天不新增部位；未完成確認前不機械式賣出,下一交易日收盤，確認是否收復防守區,已有部位暫停加碼；若收盤跌破60日EMA約 23.68，且下一交易日仍未收復，先減碼三分之一；若ETF或外資繼續轉弱，再分批降低部位。,62.5,64.3,43.6,85,100,可用,24.85,24.85,56.23,15.35,,76.61,103.39,1.18,11.11,0.82,3.68,3,0,0,0,-5,220,0,347.199,-263.48400000000004,-2374.357,-31657.248,0,-14,-19,94.8,0,1,-342300,962.1619999999999,2597.2529999999997,10.27,533,-3164,-25208,,256.285,-1211.6460000000002,-4952.610000000001,-34619.595,55.1,41.07,46.01,31.18,false,false,2.73,3.11,外資持股5/10日下降，且外資5日賣超；2日內除權息，等待價格重置
90,3443,創意,TWSE,半導體業,等待確認,正常持有,今天不下單,每個交易日收盤後，檢查趨勢與法人籌碼,"已有部位可續抱觀察，但暫不追價；若收盤跌破60日EMA約 4,662.79 且法人籌碼轉弱，先減碼三分之一。",75.1,64,35.4,85,100,可用,6125,6125,158.38,102.55,13.81,63.98,144.84,23.89,142.78,55.43,0.36,43,1,224,434,392,452,427,259.315,1246.1460000000002,2211.3140000000003,2413.2030000000004,0.976,407.21500000000003,860.8250000000002,266.0200000000002,4,1,2268187550,-20.342000000000013,75.10399999999998,27.29,268,1126,1394,,276.828,859.2729999999999,1275.385,2035.3679999999997,67.78,71.53,68.99,76.62,true,false,18.74,15.68,短線過熱或乖離過大；高波動且5日漲幅過大
91,6291,沛亨,TPEX,半導體業,等待確認,正常持有,今天不下單,每個交易日收盤後，檢查趨勢與法人籌碼,已有部位可續抱觀察，但暫不追價；若收盤跌破60日EMA約 418.22 且法人籌碼轉弱，先減碼三分之一。,62,64,57.4,85,100,可用,402,400,39.45,41.76,24.29,36.66,247.35,6.36,33.12,11.32,1.56,2,0,0,0,0,-110,0,82.701,82.701,82.701,82.701,0,0,0,0,0,0,0,3.701,3.701,5.42,,,,,79,79,79,79,52.94,55.9,47.65,72.39,true,false,4.72,6.91,外資持股趨勢資料不足或期間有非市場異動
92,6525,捷敏-KY,TWSE,半導體業,等待確認,保護持有,今天不新增部位；未完成確認前不機械式賣出,下一交易日收盤，確認是否收復防守區,已有部位暫停加碼；若收盤跌破60日EMA約 140.89，且下一交易日仍未收復，先減碼三分之一；若ETF或外資繼續轉弱，再分批降低部位。,59.9,64,61.3,85,100,完整,141.5,141.5,31.99,18.13,21.2,34.8,210.53,3.84,18.92,3.72,3.68,3,0,0,1,-7,-15,0,208.841,-729.783,-1679.703,-754.1939999999996,0,1,185,210,1,0,136000,-160.84500000000003,-18.95200000000003,15.65,254,-200,-360,,261.426,-569.938,-1845.7509999999997,-1081.9359999999997,48.5,27.35,32.6,16.85,false,false,-0.47,-0.7,外資持股5/10日下降，且外資5日賣超；當下除權息調整價未守20日EMA
93,2353,宏碁,TWSE,電腦及週邊設備業,等待確認,正常持有,今天不下單,每個交易日收盤後，檢查趨勢與法人籌碼,已有部位可續抱觀察，但暫不追價；若收盤跌破60日EMA約 31.09 且法人籌碼轉弱，先減碼三分之一。,68.5,63.9,45.5,85,100,完整,31.45,31.4,21.93,23.14,1.64,67.67,121.95,0.96,18.48,1.21,4.19,16,42,110,191,-568,-985,0,-390.855,8855.198,23716.608,48667.919,42.191,126.191,597.1780000000001,-4116.840999999999,4,1,3918231,391.098,3192.4660000000003,13.69,-10620,1555,59673,,-485.07,8337.909,19926.964,47299.20900000001,54.21,37.03,39.08,32.93,false,false,1.8,1.78,單季稅前獲利對營業外貢獻依賴偏高
94,8081,致新,TWSE,半導體業,等待確認,正常持有,今天不下單,每個交易日收盤後，檢查趨勢與法人籌碼,已有部位可續抱觀察，但暫不追價；若收盤跌破60日EMA約 265.10 且法人籌碼轉弱，先減碼三分之一。,64.4,63.8,67.1,85,100,可用,262.5,262,10.01,0.37,18.9,29.31,258.31,9.13,13.76,2.67,6.32,11,1,76,270,247,201,114,19.947,67.793,-81.96799999999999,1712.308,1,270.1,247.10000000000002,544.714,4,1,68335300,-10.209,-130.756,18.36,58,-123,394,,21,-192.09799999999998,-198.31200000000007,1375.0550000000003,51.55,42.67,37.66,52.69,true,false,1.45,2.14,
95,3045,台灣大,TWSE,通信網路業,等待確認,正常持有,今天不下單,每個交易日收盤後，檢查趨勢與法人籌碼,已有部位可續抱觀察，但暫不追價；若收盤跌破60日EMA約 112.88 且法人籌碼轉弱，先減碼三分之一。,76,63.7,44.4,85,100,可用,115.5,115.5,7.14,4.2,12.15,61.22,52.55,2.86,21.83,4.18,4.1,36,424,475,2484,59,1875,350,5709.538,45800.538,48679.108,87260.357,680.21,2682.432,1174.164,-6398.556,5,0,309820896,-1263.062,-1595.93,17.62,5900,42820,128703,,5421.346,44381.168,49100.873999999996,92687.103,63.5,95.97,86.13,115.65,false,false,2.36,1.76,借券賣出與借券賣出餘額壓力升高
96,6271,同欣電,TWSE,半導體業,等待確認,正常持有,今天不下單,每個交易日收盤後，檢查趨勢與法人籌碼,已有部位可續抱觀察，但暫不追價；若收盤跌破60日EMA約 204.25 且法人籌碼轉弱，先減碼三分之一。,66.7,63.7,62,85,100,完整,206.5,208,22.42,4.47,16.16,24.15,259.54,4.37,22.44,1.53,1.5,3,1,2,1,1,-745,-1,237.54,117.32199999999995,2644.4139999999998,3928.9800000000005,1,1,1,-545.743,2,1,199500,115.368,-19.079,29.77,233,-2,-2243,,248.104,0.9540000000000077,2662.4930000000004,5542.388000000001,55.87,60.26,51.34,78.09,true,false,5.26,6.44,主動ETF 5日轉為減碼；ETF加碼，但外資持股5/10日同步下降
97,5243,乙盛-KY,TWSE,光電業,等待確認,正常持有,今天不下單,每個交易日收盤後，檢查趨勢與法人籌碼,已有部位可續抱觀察，但暫不追價；若收盤跌破60日EMA約 93.50 且法人籌碼轉弱，先減碼三分之一。,61,63.7,61.8,85,91,可用,91.3,91.5,48.1,4.89,11,37.79,176.08,1.47,18.3,1.73,2.47,1,0,0,0,0,-1,0,99.405,240.71799999999996,673.738,923.892,0,0,0,2,0,0,0,-55.184000000000005,98.68299999999999,53.6,123,204,840,,117.989,295.90200000000004,575.0550000000001,467.104,53.8,57.85,51.98,69.58,true,false,2.87,3.51,
98,2301,光寶科,TWSE,電腦及週邊設備業,等待確認,正常持有,今天不下單,每個交易日收盤後，檢查趨勢與法人籌碼,已有部位可續抱觀察，但暫不追價；若收盤跌破60日EMA約 234.72 且法人籌碼轉弱，先減碼三分之一。,68.6,63.5,46.1,85,100,可用,306,307,37.61,26.99,12.8,59.6,138.63,4.8,34.62,7.01,1.69,31,1015,1031,2211,5641,8873,2472,2063.674,6051.807000000002,29138.815000000002,54212.700000000004,2514.697,5856.684,10230.873,5463.402999999999,5,0,1733578464,445.63600000000014,-127.24199999999988,44.28,-614,-749,72821,,-658.104,-250.5130000000015,19035.184,47514.947,71.4,81.26,72.06,99.67,true,false,16.41,11.88,短線過熱或乖離過大；高波動且5日漲幅過大；融資增幅與短線漲幅同步偏高
99,1326,台化,TWSE,塑膠工業,等待確認,保護持有,今天不新增部位；未完成確認前不機械式賣出,下一交易日收盤，確認是否收復防守區,已有部位暫停加碼；若收盤跌破60日EMA約 58.23，且下一交易日仍未收復，先減碼三分之一；若ETF或外資繼續轉弱，再分批降低部位。,70.6,63.4,56.4,85,100,完整,60.3,60.3,34.18,13.89,2.99,23.33,283.06,2.11,24.58,0.65,1.03,8,0,500,1284,1284,3614,1300,3525.942,-14463.565999999999,-8351.546999999999,4273.992999999997,0,1274,1274,1318.002,2,1,73892000,-3333.687,-2957.209,37.18,2599,-15856,-22870,,3115.032,-12403.879,-6668.3380000000025,4929.654999999996,51.74,49.03,43.69,59.7,true,true,1.53,6.35,外資持股5/10日下降，且外資5日賣超；20日趨勢尚未上彎；單季稅前獲利對營業外貢獻依賴偏高
100,3265,台星科,TPEX,半導體業,等待確認,正常持有,今天不下單,每個交易日收盤後，檢查趨勢與法人籌碼,已有部位可續抱觀察，但暫不追價；若收盤跌破60日EMA約 167.77 且法人籌碼轉弱，先減碼三分之一。,66.5,63.4,54.5,85,100,可用,173.5,173.5,6.55,18.37,21.9,41.35,203.97,3.85,23.56,3.62,2.44,2,22,22,2136,3494,3396,2136,-84.271,-84.271,-84.271,-84.271,22,22,22,22,1,0,3696000,-42.791,-42.791,7.66,,,,,-63.48,-63.48,-63.48,-63.48,54.44,41.99,45.81,34.36,false,false,3.6,-3.88,外資持股趨勢資料不足或期間有非市場異動
101,6640,均華,TPEX,半導體業,等待確認,正常持有,今天不下單,每個交易日收盤後，檢查趨勢與法人籌碼,"已有部位可續抱觀察，但暫不追價；若收盤跌破60日EMA約 1,028.30 且法人籌碼轉弱，先減碼三分之一。",54.5,63.2,50.9,85,100,可用,1010,1005,266.01,72.66,19.3,43.77,100.76,9.52,58.51,5.47,1.53,1,0,0,0,0,0,0,-20.619,-20.619,-20.619,-20.619,0,0,0,0,0,0,0,-1.621,-1.621,5,,,,,-18.998,-18.998,-18.998,-18.998,52.35,35.4,40.91,24.39,false,false,2.86,4.55,外資持股趨勢資料不足或期間有非市場異動
102,6214,精誠,TWSE,資訊服務業,等待確認,正常持有,今天不下單,每個交易日收盤後，檢查趨勢與法人籌碼,已有部位可續抱觀察，但暫不追價；若收盤跌破60日EMA約 149.18 且法人籌碼轉弱，先減碼三分之一。,66.3,63.1,52.1,85,100,完整,181.5,181,31.82,36.21,4.26,57.26,154,6.15,16.95,2.69,3.31,8,21,23,2208,3525,3520,2205,592.012,4812.305,7018.817000000001,6955.2080000000005,21,2208,3524.591,3737.839,4,0,400752000,-99.422,185.74100000000004,16.07,577,2380,7009,,576.032,2703.727,3308.4849999999997,3026.135999999999,76.93,89.19,88.99,89.6,false,false,9.84,1.68,短線過熱或乖離過大
103,2887,台新新光金,TWSE,金融保險業,等待確認,正常持有,今天不下單,每個交易日收盤後，檢查趨勢與法人籌碼,已有部位可續抱觀察，但暫不追價；若收盤跌破60日EMA約 33.50 且法人籌碼轉弱，先減碼三分之一。,71.1,63,51.5,85,88,可用,37.6,37.5,-15.63,163.8,,93.39,,0.82,18.21,1.63,2.96,35,64,-738,26681,106069,140076,-612,3693.536,-11678.293,50778.965,90776.87699999998,58.438,26465.535,112759.804,183021.85900000003,3,2,983194625,-1773.205,-2908.9469999999997,22.98,637,-36661,-97562,,5308.399,-36370.62299999999,-59071.891999999985,-105725.043,60.92,71.95,69.33,77.18,true,false,3.99,3.3,主動ETF 5日轉為減碼；外資持股趨勢資料不足或期間有非市場異動
104,3105,穩懋,TPEX,半導體業,等待確認,正常持有,今天不下單,每個交易日收盤後，檢查趨勢與法人籌碼,已有部位可續抱觀察，但暫不追價；若收盤跌破60日EMA約 394.55 且法人籌碼轉弱，先減碼三分之一。,70.4,62.9,49.6,85,100,可用,404,405,31.18,33.42,11.91,30.31,161.86,3.56,44.54,3.67,0.53,13,19,28,101,1343,431,0,4227.238,4227.238,4227.238,4227.238,19,19,19,19,1,0,7201000,141.408,141.408,26.55,,,,,4066.83,4066.83,4066.83,4066.83,56.04,54.5,44.56,74.38,true,false,8.19,11.14,外資持股趨勢資料不足或期間有非市場異動；高波動且5日漲幅過大
105,5876,上海商銀,TWSE,金融保險業,等待確認,正常持有,今天不下單,每個交易日收盤後，檢查趨勢與法人籌碼,已有部位可續抱觀察，但暫不追價；若收盤跌破60日EMA約 42.79 且法人籌碼轉弱，先減碼三分之一。,60.3,62.8,65.5,85,91,可用,43.2,43.3,19.61,1.29,,88.71,,1.05,13.89,1.02,4.11,18,129,211,583,-691,-2698,-42,851.605,7533.513000000001,5503.92,46244.873999999996,139,494.97,1129.97,3224.5860000000002,4,1,21654938,-100.675,-544.871,54.69,641,8565,122040,,780.104,7139.217999999999,4918.821,39712.558,47.9,68.24,65.23,74.27,false,false,-0.65,-0.69,主動ETF 5日轉為減碼；20日趨勢尚未上彎；當下除權息調整價未守20日EMA
106,6197,佳必琪,TWSE,電子零組件業,等待確認,保護持有,今天不新增部位；未完成確認前不機械式賣出,下一交易日收盤，確認是否收復防守區,已有部位暫停加碼；若收盤跌破60日EMA約 300.30，且下一交易日仍未收復，先減碼三分之一；若ETF或外資繼續轉弱，再分批降低部位。,59.6,62.7,59.4,85,100,完整,307.5,307,15.29,23.42,22.77,43.32,210.43,7,25.27,6.5,2.31,2,0,0,0,0,104,0,-48.005,-94.37200000000001,217.93100000000004,-925.692,0,-1,-1,-24.701,0,1,-299000,-21.970000000000002,-48.885999999999996,6.08,-48,-257,-136,,-28.376,-71.40199999999999,267.817,-577.7979999999999,51.28,46.78,38.94,62.44,true,false,1.56,2.16,外資持股5/10日下降，且外資5日賣超；20日趨勢尚未上彎
107,6548,長科*,TPEX,半導體業,等待確認,正常持有,今天不下單,每個交易日收盤後，檢查趨勢與法人籌碼,已有部位可續抱觀察，但暫不追價；若收盤跌破60日EMA約 72.42 且法人籌碼轉弱，先減碼三分之一。,64.8,62.6,47.3,85,100,可用,74,74.1,35.44,25.93,14.32,49.37,200.5,1.22,31.67,5.01,1.92,5,0,0,0,161,3115,0,-27.788,-27.788,-27.788,-27.788,0,0,0,0,0,0,0,-101.928,-101.928,5.48,,,,,74.14,74.14,74.14,74.14,52.68,40.51,31.53,58.47,true,false,2.53,4.08,外資持股趨勢資料不足或期間有非市場異動
108,6121,新普,TPEX,電腦及週邊設備業,等待確認,正常持有,今天不下單,每個交易日收盤後，檢查趨勢與法人籌碼,已有部位可續抱觀察，但暫不追價；若收盤跌破60日EMA約 392.24 且法人籌碼轉弱，先減碼三分之一。,59.3,62.5,65.2,85,100,可用,400.5,399.5,12.34,4.88,11.49,43.1,222.47,15.89,12.02,1.85,5.48,17,-130,-210,-103,122,336,-220,-76.636,-76.636,-76.636,-76.636,-130,-130,-130,-130,0,1,-51740000,0.026,0.026,46.07,,,,,53.338,53.338,53.338,53.338,52.53,25.25,32.09,11.56,false,false,1.19,-0.25,20日累積後5日轉為調節；ETF 1/3日已轉為減碼；主動ETF 5日轉為減碼；外資持股趨勢資料不足或期間有非市場異動
109,2105,正新,TWSE,橡膠工業,等待確認,正常持有,今天不下單,每個交易日收盤後，檢查趨勢與法人籌碼,已有部位可續抱觀察，但暫不追價；若收盤跌破60日EMA約 31.49 且法人籌碼轉弱，先減碼三分之一。,65,62.4,58.7,85,100,完整,31.35,31.4,12.4,5.98,9.96,40.94,274.96,1.05,17.23,1.17,5.74,13,7,58,141,4,865,0,28.04,9213.443,-4056.1229999999996,31191.874,7.362,73.362,1262.69,-4757.614,4,1,2299899,-180.32799999999997,-743.0179999999999,9.29,-184,7717,28399,,46.152,9320.409,-4575.795,36375.979,50.56,64.08,57.17,77.9,false,false,0.26,0.97,
110,3563,牧德,TWSE,光電業,等待確認,保護持有,今天不新增部位；未完成確認前不機械式賣出,下一交易日收盤，確認是否收復防守區,已有部位暫停加碼；若收盤跌破60日EMA約 698.61，且下一交易日仍未收復，先減碼三分之一；若ETF或外資繼續轉弱，再分批降低部位。,57.3,62.4,67.3,85,100,完整,684,685,31.84,11.61,38.88,28.21,317.07,9.8,38.5,7.56,2.13,2,0,0,0,210,210,0,-26.72,-364.101,-206.09300000000002,196.82999999999998,0,-14,196,170.232,0,4,-9184000,-42.854,-46.07600000000001,6.82,-35,-236,-137,,-17.848,-307.247,-356.01700000000005,164.00399999999993,51.43,35.47,34.06,38.3,true,false,1.36,1.48,外資持股5/10日下降，且外資5日賣超
111,3661,世芯-KY,TWSE,半導體業,等待確認,正常持有,今天不下單,每個交易日收盤後，檢查趨勢與法人籌碼,"已有部位可續抱觀察，但暫不追價；若收盤跌破60日EMA約 3,843.56 且法人籌碼轉弱，先減碼三分之一。",70.1,62.3,54.4,85,100,可用,3970,3960,181.78,-13.78,25.49,32.68,290.95,37.57,56.69,5.52,0.84,25,42,42,62,-91,-53,44,193.159,-514.4,153.45400000000012,-329.17399999999986,43,60.956999999999994,-803.071,-1361.5380000000002,3,2,235598805,103.58700000000002,41.34000000000002,51.15,73,-990,-1117,,91.633,-678.944,915.185,1001.868,55.84,29.89,31.13,27.4,false,false,5.11,9.37,外資持股趨勢資料不足或期間有非市場異動
112,1504,東元,TWSE,電機機械,等待確認,正常持有,今天不下單,每個交易日收盤後，檢查趨勢與法人籌碼,已有部位可續抱觀察，但暫不追價；若收盤跌破60日EMA約 69.16 且法人籌碼轉弱，先減碼三分之一。,72.2,62.2,54.9,85,100,完整,71.6,71.4,13.81,7.05,9.49,33.82,217.56,1.63,25.65,1.73,2.82,11,-10,-3,2040,3481,3528,2019,-1506.279,2467.514,21208.225000000002,25773.67100000001,-9.939,2024.0610000000001,3465.061,4731.012000000001,3,1,143303519,-169.73200000000003,636.037,7.35,-1893,-2658,17828,,-1501.154,613.1850000000004,17107.127,20402.535,57.73,48.99,62.33,22.31,false,true,2.75,-0.28,ETF 1/3日已轉為減碼
113,2379,瑞昱,TWSE,半導體業,等待確認,正常持有,今天不下單,每個交易日收盤後，檢查趨勢與法人籌碼,已有部位可續抱觀察，但暫不追價；若收盤跌破60日EMA約 712.57 且法人籌碼轉弱，先減碼三分之一。,66.8,62.2,44.4,85,100,可用,736,734,32.54,13.31,10.89,65.75,118.89,15.86,26.47,7.46,3.42,48,19,6,541,405,2065,-102,435.024,525.5849999999998,-886.9640000000002,-1019.6390000000001,18.954,530.105,608.012,-274.8399999999998,3,2,386976650,-18.973000000000013,-5.064000000000001,44.73,432,-129,-5631,,447.683,14.453000000000088,-1489.9119999999998,-1569.0179999999996,50.8,46.64,40.79,58.35,true,false,0.62,-0.27,主動ETF 5日轉為減碼；外資持股趨勢資料不足或期間有非市場異動；20日趨勢尚未上彎
114,5434,崇越,TWSE,電子通路業,等待確認,正常持有,今天不下單,每個交易日收盤後，檢查趨勢與法人籌碼,已有部位可續抱觀察，但暫不追價；若收盤跌破60日EMA約 504.39 且法人籌碼轉弱，先減碼三分之一。,59.3,62.2,49.2,85,100,可用,535,536,42.61,23.54,7.4,53.86,133.72,14.79,19.5,4.6,2.58,24,-1,-40,-43,42,-207,-38,-82.72,-1028.09,-642.827,825.816,-1,-43.888,434.652,1735.795,2,3,-22865648,-77.319,-83.70799999999998,30.44,-65,-679,569,,-63.66,-906.883,-993.771,-925.4069999999999,54.21,34.86,37.35,29.9,false,false,2.19,0.94,ETF 1/3日已轉為減碼；主動ETF 5日轉為減碼；投信20日買超後近5日轉賣；20日趨勢尚未上彎
115,9941,裕融,TWSE,其他,等待確認,正常持有,今天不下單,每個交易日收盤後，檢查趨勢與法人籌碼,已有部位可續抱觀察，但暫不追價；若收盤跌破60日EMA約 82.30 且法人籌碼轉弱，先減碼三分之一。,71.1,62.2,43.2,85,100,完整,86,85.8,2.26,-1.74,14.77,85.93,98.25,3.86,12.38,1.45,5.28,8,91,263,343,335,727,343,280.565,1563.626,1533.1239999999998,6133.429999999999,92.001,348.001,340.001,725.691,4,0,30206487,335.336,414.97600000000006,5.01,-287,959,67,,152,880.289,778.1469999999999,4657.099999999999,60.79,78.2,75.73,83.14,true,false,1.7,0.94,累計營收負成長且當月改善不足
116,3090,日電貿,TWSE,電子零組件業,等待確認,保護持有,今天不新增部位；未完成確認前不機械式賣出,下一交易日收盤，確認是否收復防守區,已有部位暫停加碼；若收盤跌破60日EMA約 187.12，且下一交易日仍未收復，先減碼三分之一；若ETF或外資繼續轉弱，再分批降低部位。,58.1,62.1,64.1,85,100,完整,165.5,165.5,66.62,28.75,12.12,30.9,156.34,4.91,21.99,2.57,2.89,7,21,22,3072,3463,3293,3070,424.671,1760.0939999999996,-4167.330000000001,-12970.172000000002,21,2650,2460,-9965.128,3,1,439900000,-113.04199999999999,-63.838999999999984,8.69,814,-150,-6915,,420.087,-776.8640000000005,-6563.491,-2627.2579999999994,45.28,32.6,42.44,12.9,false,false,-2.32,-6.76,外資持股5/10日下降，且外資5日賣超；當下除權息調整價未守20日EMA
117,6415,矽力*-KY,TWSE,半導體業,等待確認,正常持有,今天不下單,每個交易日收盤後，檢查趨勢與法人籌碼,已有部位可續抱觀察，但暫不追價；若收盤跌破60日EMA約 471.64 且法人籌碼轉弱，先減碼三分之一。,69.7,62.1,58.7,85,90.7,可用,468.5,469,58.55,30.14,8.03,16.19,578.28,1.98,60.69,4.6,0.56,12,5,5,13,-447,-995,0,489.248,861.232,637.1049999999998,488.0069999999996,5,10,-2340,-5735.823,2,1,4515000,1.1609999999999996,10.765999999999998,81.72,525,806,6748,,504.084,850.071,2966.339,6240.437,52.48,36.92,35.25,40.26,true,false,2.99,6.48,單季稅前獲利對營業外貢獻依賴偏高
118,2851,中再保,TWSE,金融保險業,等待確認,正常持有,今天不下單,每個交易日收盤後，檢查趨勢與法人籌碼,已有部位可續抱觀察，但暫不追價；若收盤跌破60日EMA約 37.36 且法人籌碼轉弱，先減碼三分之一。,55.7,62,67.5,85,100,完整,45.7,46,-33.46,111.05,,59.8,,7.91,4.14,1.33,5.03,2,0,0,0,-1,-21,0,191.064,4.070999999999913,4039.4039999999995,3312.554,0,0,-1,272,0,0,0,-308.8299999999999,22.564000000000078,9.7,-99,420,5250,,57.21,312.90099999999984,4017.8399999999997,3038.921,70.64,73.49,79.71,61.04,false,true,14.06,13.68,短線過熱或乖離過大；融資增幅與短線漲幅同步偏高
119,6147,頎邦,TPEX,半導體業,等待確認,正常持有,今天不下單,每個交易日收盤後，檢查趨勢與法人籌碼,已有部位可續抱觀察，但暫不追價；若收盤跌破60日EMA約 174.58 且法人籌碼轉弱，先減碼三分之一。,64,62,63.8,85,100,可用,185.5,185.5,39.18,20.94,16.68,13.08,262.19,1.87,40.82,2.15,1.66,8,12,19,69,49,-3128,0,4249.518,4249.518,4249.518,4249.518,-141,-141,-141,-141,0,1,-23829000,320.293,320.293,35.3,,,,,4070.225,4070.225,4070.225,4070.225,58.67,73.31,65.23,89.47,true,false,13.2,14.86,外資持股趨勢資料不足或期間有非市場異動；短線過熱或乖離過大；高波動且5日漲幅過大
120,6669,緯穎,TWSE,電腦及週邊設備業,等待確認,保護持有,今天不新增部位；未完成確認前不機械式賣出,下一交易日收盤，確認是否收復防守區,"已有部位暫停加碼；若收盤跌破60日EMA約 5,570.01，且下一交易日仍未收復，先減碼三分之一；若ETF或外資繼續轉弱，再分批降低部位。",62.5,61.9,43.2,85,100,可用,6810,6785,39.23,41.27,6.79,75.35,132.12,156.38,20.65,8.77,2.55,42,21,54,5,-229,213,-25,57.268,-338.898,-439.202,-361.7729999999999,5.876,-300.988,-493.37199999999996,-961.7270000000003,3,2,-1938362720,131.30399999999997,172.71099999999996,27.78,69,-273,-393,,26.632,-169.21400000000003,-118.54100000000004,397.05199999999996,68.41,65.38,61.14,73.86,true,false,10.77,6.82,外資持股5/10日下降，且外資5日賣超
121,8110,華東,TWSE,半導體業,等待確認,正常持有,今天不下單,每個交易日收盤後，檢查趨勢與法人籌碼,已有部位可續抱觀察，但暫不追價；若收盤跌破60日EMA約 47.65 且法人籌碼轉弱，先減碼三分之一。,61.1,61.9,68.4,85,100,完整,45.65,45.8,18.51,14.06,2.74,18.15,273.44,2.59,8.38,1.22,3.26,2,2,3,3,3,3,0,-143.536,1396.658,3551.107,179.95500000000015,2,3,3,3.359,2,0,136950,-37.203,-56.432,1.81,-568,1035,2384,,-129.356,1430.861,3604.5389999999998,396.0799999999997,51.08,45.74,44.29,48.65,true,false,1.4,5.06,單季稅前獲利對營業外貢獻依賴偏高
122,8150,南茂,TWSE,半導體業,等待確認,正常持有,今天不下單,每個交易日收盤後，檢查趨勢與法人籌碼,已有部位可續抱觀察，但暫不追價；若收盤跌破60日EMA約 91.40 且法人籌碼轉弱，先減碼三分之一。,62.7,61.9,51.2,85,100,可用,91.4,91.1,43.6,29.53,10.25,47.09,238.63,2,27.26,2.46,1.41,7,3,9,9,1971,1929,0,-2987.488,-2968.573,-33648.648,-36248.033,3,52,-10971,-7929.7119999999995,3,1,4550000,-465.973,-3189.6859999999997,35.59,-2643,-1468,-29601,,-2782.992,-2554.6,-19487.962,-27643.645999999997,50.89,39.6,34.83,49.16,true,false,1.8,4.7,外資持股趨勢資料不足或期間有非市場異動
123,1319,東陽,TWSE,汽車工業,等待確認,正常持有,今天不下單,每個交易日收盤後，檢查趨勢與法人籌碼,已有部位可續抱觀察，但暫不追價；若收盤跌破60日EMA約 79.98 且法人籌碼轉弱，先減碼三分之一。,62.7,61.7,63.3,85,100,完整,82.4,82.3,22.66,-10.21,15.76,29.8,156.04,2.98,13.41,1.81,6.05,8,0,0,2,-131,-498,0,323.678,2530.55,10985.810000000001,12911.493,0,-4,12,-923.453,0,1,-330400,-63.18099999999998,45.406000000000006,11.42,239,2117,13729,,308.778,2597.7309999999998,10928.403999999999,13318.032999999998,62.6,50.11,62.64,25.06,false,false,3.18,0.86,
124,6213,聯茂,TWSE,電子零組件業,等待確認,正常持有,今天不下單,每個交易日收盤後，檢查趨勢與法人籌碼,已有部位可續抱觀察，但暫不追價；若收盤跌破60日EMA約 370.65 且法人籌碼轉弱，先減碼三分之一。,69.4,61.5,47.6,85,100,可用,583,583,96.88,34.73,10.99,47.81,173.03,4.39,82.17,8.53,0.57,15,0,67,270,750,671,270,-56.99,4475.131,12280.455,33136.626,-653,-1604,-1124,3692.2039999999997,3,2,-850120000,-625.6350000000001,-195.8680000000001,22.36,912,6643,14412,,905.931,6704.766,13600.322999999999,30153.375,77.51,81.07,80.02,83.17,true,false,28.55,20.45,短線過熱或乖離過大；高波動且5日漲幅過大
125,8932,智通*,TPEX,數位雲端,等待確認,正常持有,今天不下單,每個交易日收盤後，檢查趨勢與法人籌碼,已有部位可續抱觀察，但暫不追價；若收盤跌破60日EMA約 105.46 且法人籌碼轉弱，先減碼三分之一。,63.8,61.5,58.4,85,100,可用,114,115,10.67,11.86,44.53,37.52,250.98,1.13,53.08,16.16,1.18,1,0,0,0,-1,2,0,1971.767,1971.767,1971.767,1971.767,0,0,0,0,0,0,0,-30.033,-30.033,26.42,,,,,2001.8,2001.8,2001.8,2001.8,58.6,64.07,65.46,61.3,false,false,6.22,4.59,外資持股趨勢資料不足或期間有非市場異動
126,6781,AES-KY,TWSE,電子零組件業,等待確認,正常持有,今天不下單,每個交易日收盤後，檢查趨勢與法人籌碼,"已有部位可續抱觀察，但暫不追價；若收盤跌破60日EMA約 1,083.07 且法人籌碼轉弱，先減碼三分之一。",58.6,61.3,65.9,85,91,可用,1060,1040,28.24,26.35,24.16,32.21,291.85,10.64,27.22,5.03,1.79,4,1,1,1,1,1,0,84.106,-179.23000000000002,335.21899999999994,1955.56,1,1,0.86,0.675,1,0,1065000,16.669,-10.415999999999999,70.21,57,-161,2073,,60.112,-196.899,344.77500000000003,2067.2709999999993,48.8,24.02,25.74,20.6,false,false,-0.72,-0.47,當下除權息調整價未守20日EMA
127,3374,精材,TPEX,半導體業,等待確認,正常持有,今天不下單,每個交易日收盤後，檢查趨勢與法人籌碼,已有部位可續抱觀察，但暫不追價；若收盤跌破60日EMA約 302.23 且法人籌碼轉弱，先減碼三分之一。,62.7,61,45.3,85,100,可用,336.5,333.5,30.96,32.62,22.9,46.4,178.27,2.88,48.82,8.56,0.8,4,0,0,0,0,2,0,179.18,179.18,179.18,179.18,0,0,0,0,0,0,0,2.404,2.404,14.98,,,,,176.776,176.776,176.776,176.776,55.77,48.48,37.33,70.77,true,false,6.51,12.54,外資持股趨勢資料不足或期間有非市場異動；20日趨勢尚未上彎；高波動且5日漲幅過大
128,3042,晶技,TWSE,電子零組件業,等待確認,正常持有,今天不下單,每個交易日收盤後，檢查趨勢與法人籌碼,已有部位可續抱觀察，但暫不追價；若收盤跌破60日EMA約 178.16 且法人籌碼轉弱，先減碼三分之一。,60.7,60.9,61.6,85,100,完整,185,185.5,22.91,9.94,16,31.85,238.42,2.96,31.95,3.99,2.59,8,1,2,2,1,-271,0,366.299,-4835.550000000001,-6617.822000000001,-7548.597000000003,1,993,992,845.707,2,0,183705000,-768.0029999999999,-396.02099999999973,19.18,-498,-4730,2349,,118.554,-5060.547,-7213.801000000001,-5376.024000000001,52.63,44.51,51.76,30.01,false,false,2.57,-0.54,借券賣出與借券賣出餘額壓力升高
129,2207,和泰車,TWSE,汽車工業,等待確認,正常持有,今天不下單,每個交易日收盤後，檢查趨勢與法人籌碼,已有部位可續抱觀察，但暫不追價；若收盤跌破60日EMA約 501.93 且法人籌碼轉弱，先減碼三分之一。,70.3,60.8,36.2,85,100,可用,523,523,15.89,13.51,,77.58,99.75,21.57,12.76,3.38,3.85,15,1,2,13,104,126,0,42.61,28.616,-56.785999999999994,511.16299999999995,0.604,9.604,100.48,-121.53200000000001,4,0,4984476,5.639,13.152000000000001,22.42,33,19,2063,,41.126,13.373000000000005,-170.418,578.412,57.43,59.83,47.06,85.36,false,false,1.88,3.36,
130,2313,華通,TWSE,電子零組件業,等待確認,正常持有,今天不下單,每個交易日收盤後，檢查趨勢與法人籌碼,已有部位可續抱觀察，但暫不追價；若收盤跌破60日EMA約 220.28 且法人籌碼轉弱，先減碼三分之一。,69.5,60.8,43.5,85,100,可用,221.5,222,16.01,13.61,9.84,51.87,165.85,2.5,35.02,5.34,1.29,17,30,50,138,149,598,0,-126.131,3164.936000000001,4973.354000000001,12560.843,1276,4696.266,5474.728999999999,20412.155,4,1,1021437855,177.73200000000003,840.8,19.01,-1324,-2585,27006,,-1461.745,-1709.0620000000004,-1342.1750000000006,-8521.252000000002,55.2,63.36,54.32,81.45,true,false,4.62,6.75,
131,2486,一詮,TWSE,光電業,等待確認,保護持有,今天不新增部位；未完成確認前不機械式賣出,下一交易日收盤，確認是否收復防守區,已有部位暫停加碼；若收盤跌破60日EMA約 234.22，且下一交易日仍未收復，先減碼三分之一；若ETF或外資繼續轉弱，再分批降低部位。,70.4,60.8,39.9,85,100,完整,261,262.5,42.52,27.53,8.05,57.6,181.35,0.91,222.41,10.04,0.19,5,658,1688,1726,1726,1886,1725,319.098,-3096.8960000000006,-237.77900000000062,-5717.687000000001,702,3230,3758,4127,5,0,833340000,-136.903,-60.73599999999999,10.97,158,-4690,-94,,-355.776,-6189.993000000001,-3935.043000000001,-10254.151,61.71,81.85,74.33,96.88,false,false,9.75,11.06,外資持股5/10日下降，且外資5日賣超
132,6146,耕興,TPEX,其他電子業,等待確認,正常持有,今天不下單,每個交易日收盤後，檢查趨勢與法人籌碼,已有部位可續抱觀察，但暫不追價；若收盤跌破60日EMA約 196.28 且法人籌碼轉弱，先減碼三分之一。,53.2,60.4,71.9,85,100,可用,192.5,192.5,10.64,9.37,30.97,34.5,233.06,6.04,17.09,3.72,6.15,3,0,0,0,0,4,0,-210.94,-210.94,-210.94,-210.94,0,0,0,0,0,0,0,-3.94,-3.94,31.03,,,,,-207,-207,-207,-207,48.82,56.2,60.48,47.64,true,true,-0.21,-1.53,外資持股趨勢資料不足或期間有非市場異動；當下除權息調整價未守20日EMA
133,2388,威盛,TWSE,半導體業,等待確認,正常持有,今天不下單,每個交易日收盤後，檢查趨勢與法人籌碼,已有部位可續抱觀察，但暫不追價；若收盤跌破60日EMA約 73.21 且法人籌碼轉弱，先減碼三分之一。,65.2,60.3,44.7,85,100,可用,74.2,74,43.29,35.69,-15.21,38.79,190.19,0.34,44.94,1.8,0.07,4,2,4,4,-3,24,0,-677.67,-2788.6059999999998,-7412.203000000001,-6192.2670000000035,2,4,-6,-477.062,2,0,287600,90.97799999999998,-44.677000000000035,15.81,-223,-2970,4033,,-567.265,-2883.584,-7361.526000000001,-5281.693000000001,49.6,25.72,24.38,28.41,true,false,-0.38,3.06,當下除權息調整價未守20日EMA；單季稅前獲利對營業外貢獻依賴偏高
134,3048,益登,TWSE,電子通路業,等待確認,正常持有,今天不下單,每個交易日收盤後，檢查趨勢與法人籌碼,已有部位可續抱觀察，但暫不追價；若收盤跌破60日EMA約 56.36 且法人籌碼轉弱，先減碼三分之一。,55,60.3,47.3,85,100,完整,56.3,56.2,54.6,34.3,2.25,81.14,133.57,3.15,11.8,2.04,1.8,1,0,0,0,0,0,0,-160.57,290.673,-809.119,-2781.4390000000003,0,0,0,0,0,0,0,-201.219,-232.949,6.14,-197,-287,-3496,,-133.1,491.89200000000005,-576.1699999999998,-2606.8709999999996,50.32,26.86,29.44,21.71,false,false,0.37,-1.23,
135,3227,原相,TPEX,半導體業,等待確認,正常持有,今天不下單,每個交易日收盤後，檢查趨勢與法人籌碼,已有部位可續抱觀察，但暫不追價；若收盤跌破60日EMA約 205.32 且法人籌碼轉弱，先減碼三分之一。,54.1,60.3,73.1,85,100,可用,197,197.5,23.57,5.4,18.18,22.55,310.76,6.11,16.37,1.95,5.16,9,0,-59,283,491,437,-99,-54.198,-54.198,-54.198,-54.198,0,0,0,0,0,0,0,-59.198,-59.198,29.76,,,,,5,5,5,5,46.35,36.31,28.76,51.41,true,false,-1.03,-0.51,主動ETF 5日轉為減碼；外資持股趨勢資料不足或期間有非市場異動；當下除權息調整價未守20日EMA
136,3673,TPK-KY,TWSE,光電業,等待確認,正常持有,今天不下單,每個交易日收盤後，檢查趨勢與法人籌碼,已有部位可續抱觀察，但暫不追價；若收盤跌破60日EMA約 66.43 且法人籌碼轉弱，先減碼三分之一。,60.4,60.1,53.4,85,91,可用,68.2,68.1,16.67,15.13,-0.32,47.04,216.68,1.33,18.13,0.66,2.73,1,0,0,0,0,0,0,2038.338,-2871.6360000000004,-1900.5720000000003,-4180.019000000001,0,0,0,117,0,0,0,225.955,-24.972,38.07,1890,-1884,4639,,1726.178,-3097.591,-1875.6000000000001,-4107.612000000001,57.52,76.65,67.23,95.49,true,true,7.32,14.62,單季稅前獲利對營業外貢獻依賴偏高
137,4576,大銀微系統,TWSE,電機機械,等待確認,正常持有,今天不下單,每個交易日收盤後，檢查趨勢與法人籌碼,已有部位可續抱觀察，但暫不追價；若收盤跌破60日EMA約 207.42 且法人籌碼轉弱，先減碼三分之一。,52.1,59.9,54.7,85,100,完整,202.5,203,60.14,49.67,17.35,38.14,200.45,1.92,60.06,5.5,0.41,1,0,0,0,0,0,0,36.722,-880.9,-548.3050000000001,-1065.661,0,0,0,0,0,0,0,-74.074,-82.88699999999999,5.71,-126,-948,726,,55,-806.826,-465.41799999999995,-1005.471,46.8,18.77,22.36,11.61,false,false,-2.33,-2.64,當下除權息調整價未守20日EMA
138,5425,台半,TPEX,半導體業,等待確認,正常持有,今天不下單,每個交易日收盤後，檢查趨勢與法人籌碼,已有部位可續抱觀察，但暫不追價；若收盤跌破60日EMA約 92.03 且法人籌碼轉弱，先減碼三分之一。,66.7,59.5,44.2,85,100,可用,96.6,96.6,24.09,5.52,8.99,50.58,181.79,1.52,31.96,2.82,2.3,1,19,19,924,1563,1563,924,1048.119,1048.119,1048.119,1048.119,19,19,19,19,1,0,1670100,61.411,61.411,17.91,,,,,967.708,967.708,967.708,967.708,57.14,53.74,50.31,60.61,true,false,8.33,5.23,外資持股趨勢資料不足或期間有非市場異動
139,5469,瀚宇博,TWSE,電子零組件業,等待確認,保護持有,今天不新增部位；未完成確認前不機械式賣出,下一交易日收盤，確認是否收復防守區,已有部位暫停加碼；若收盤跌破60日EMA約 76.42，且下一交易日仍未收復，先減碼三分之一；若ETF或外資繼續轉弱，再分批降低部位。,51.7,59.1,59.5,85,100,完整,72.2,72.1,24.09,24.44,7.35,43.83,130.96,2.05,13.22,0.56,3.53,4,1,3,3,177,176,0,78.568,-1491.0520000000001,-2247.3400000000006,-7598.5830000000005,1,-2,172,166.573,2,1,-142800,-31.849,-36.894,8.08,-65,-1547,-3698,,80.317,-1457.203,-2382.4460000000004,-7713.823,47.22,22.76,28.07,12.14,false,false,-0.51,0,外資持股5/10日下降，且外資5日賣超；當下除權息調整價未守20日EMA
140,8131,福懋科,TWSE,半導體業,等待確認,保護持有,今天不新增部位；未完成確認前不機械式賣出,下一交易日收盤，確認是否收復防守區,已有部位暫停加碼；若收盤跌破60日EMA約 66.23，且下一交易日仍未收復，先減碼三分之一；若ETF或外資繼續轉弱，再分批降低部位。,53.3,58.9,66,85,100,完整,62.8,62.8,28.83,38.9,15.72,21.17,277.62,1.93,17.83,1.77,1.63,3,2,3,3,3,-4,0,-733.733,-1054.3239999999998,-451.6579999999999,-2724.968,2,3,3,-150.6,2,0,184500,-89.928,-165.71500000000003,3.92,-695,-645,-5115,,-712.216,-967.3960000000001,-288.9430000000001,-2365.649999999999,47.07,34.27,33.94,34.93,true,false,-1.09,2.95,外資持股5/10日下降，且外資5日賣超；當下除權息調整價未守20日EMA
141,2464,盟立,TWSE,其他電子業,等待確認,正常持有,今天不下單,每個交易日收盤後，檢查趨勢與法人籌碼,已有部位可續抱觀察，但暫不追價；若收盤跌破60日EMA約 161.20 且法人籌碼轉弱，先減碼三分之一。,65.1,58.8,36.2,85,100,可用,190.5,192,62.1,25.64,4.36,55.35,126.78,0.66,507.89,7.33,0.24,3,0,1,1,-1,406,0,492.791,1606.516,9509.403999999999,16647.354999999996,114,295,873,935.539,3,0,56935000,435.32599999999996,132.21699999999996,15.1,29,27,17609,,221.712,876.1899999999999,8504.187,15762.161000000004,60.95,45.88,43.97,49.69,true,false,7.13,4.96,外資持股趨勢資料不足或期間有非市場異動
142,4979,華星光,TPEX,通信網路業,等待確認,正常持有,今天不下單,每個交易日收盤後，檢查趨勢與法人籌碼,已有部位可續抱觀察，但暫不追價；若收盤跌破60日EMA約 498.13 且法人籌碼轉弱，先減碼三分之一。,65.4,58.8,56.6,85,96.2,可用,604,598,31.01,17.64,19.62,28.96,353.35,2.91,98.36,19.28,0.36,6,0,115,115,1053,1404,0,2066.595,2066.595,2066.595,2066.595,1063,1063,1063,1063,1,0,638863000,87.227,87.227,18.58,,,,,916.368,916.368,916.368,916.368,64.31,71.42,64.3,85.67,true,false,14.81,14.18,外資持股趨勢資料不足或期間有非市場異動；短線過熱或乖離過大；高波動且5日漲幅過大
143,3406,玉晶光,TWSE,光電業,等待確認,保護持有,今天不新增部位；未完成確認前不機械式賣出,下一交易日收盤，確認是否收復防守區,已有部位暫停加碼；若收盤跌破60日EMA約 594.29，且下一交易日仍未收復，先減碼三分之一；若ETF或外資繼續轉弱，再分批降低部位。,55.1,58.4,63.4,85,100,完整,758,759,1.63,14.2,18.27,39.42,238.38,13.99,18.67,2.87,2.46,6,1,1,1,-2,-6,0,333.673,-126.91999999999996,507.60800000000006,1651.5099999999995,1,737,2712,2826.762,3,0,508530000,-80.352,77.827,41.57,348,-705,-838,,293.721,-783.568,-2282.219,-1072.552,74.1,85.65,81.05,94.85,true,false,21.3,15.37,外資持股5/10日下降，且外資5日賣超；短線過熱或乖離過大
144,6173,信昌電,TPEX,電子零組件業,等待確認,正常持有,今天不下單,每個交易日收盤後，檢查趨勢與法人籌碼,已有部位可續抱觀察，但暫不追價；若收盤跌破60日EMA約 200.95 且法人籌碼轉弱，先減碼三分之一。,52.7,58.4,64.8,85,100,可用,199,198,47.87,21.96,21.45,17.1,208.65,2.98,38.32,3.43,0.88,1,0,0,0,3,2,0,483.575,483.575,483.575,483.575,0,0,0,0,0,0,0,-157.982,-157.982,11.89,,,,,641.557,641.557,641.557,641.557,49.38,44.42,59.4,14.46,false,false,-0.2,-6.79,外資持股趨勢資料不足或期間有非市場異動；當下除權息調整價未守20日EMA
145,2420,新巨,TWSE,電子零組件業,等待確認,正常持有,今天不下單,每個交易日收盤後，檢查趨勢與法人籌碼,已有部位可續抱觀察，但暫不追價；若收盤跌破60日EMA約 57.56 且法人籌碼轉弱，先減碼三分之一。,44.1,58.3,75.8,85,100,完整,53.7,53.6,18.59,4.06,32.49,35.51,227.62,2.3,12.64,2.21,5.31,1,0,0,0,0,22,0,-657.132,-827.6669999999999,564.3770000000002,590.0630000000001,0,0,0,8,0,0,0,-9.767999999999999,53.038,7.71,-639,-808,245,,-648.999,-817.8989999999999,511.3390000000001,489.8930000000003,33.44,24.06,37.64,-3.1,false,false,-5.26,-6.12,當下除權息調整價未守20日EMA；2日內除權息，等待價格重置
146,3189,景碩,TWSE,半導體業,等待確認,正常持有,今天不下單,每個交易日收盤後，檢查趨勢與法人籌碼,已有部位可續抱觀察，但暫不追價；若收盤跌破60日EMA約 746.09 且法人籌碼轉弱，先減碼三分之一。,70.6,58.2,36.7,85,100,可用,866,881,35.85,30.74,10.89,37.32,172.99,3.74,154.92,9.89,0.18,21,5,19,522,544,2684,520,-73.147,-4563.265,-4133.879999999999,1114.8010000000013,-5,722.092,971.7139999999999,4568.461999999999,2,3,602946820,-630.652,-546.6470000000002,19.12,-146,-4590,-10396,,-158.845,-4654.704999999999,-4558.946999999999,-4246.487999999999,57.49,40.18,41.25,38.03,false,false,5.92,2,外資持股趨勢資料不足或期間有非市場異動
147,1717,長興,TWSE,化學工業,等待確認,正常持有,今天不下單,每個交易日收盤後，檢查趨勢與法人籌碼,已有部位可續抱觀察，但暫不追價；若收盤跌破60日EMA約 70.21 且法人籌碼轉弱，先減碼三分之一。,60.1,57.2,39.9,85,100,完整,72,71.9,23.86,10.48,7.03,51.77,173.89,1.09,37.74,2.7,1.39,5,0,0,-5,193,2498,0,267.644,-245.7059999999999,10367.321,7598.65,0,-14.404,205.156,1803.181,0,2,-1032767,74.467,-411.86199999999985,11.51,9,-1571,3543,,307.365,-305.769,10574.026999999998,6890.266999999997,55.23,29.82,35.49,18.5,false,false,2.93,3.45,20日累積後5日轉為調節
148,2489,瑞軒,TWSE,光電業,等待確認,正常持有,今天不下單,每個交易日收盤後，檢查趨勢與法人籌碼,已有部位可續抱觀察，但暫不追價；若收盤跌破60日EMA約 36.18 且法人籌碼轉弱，先減碼三分之一。,64.9,57.2,48.4,85,93,可用,41.6,41.5,32.24,15.51,0.78,42.95,188.56,0.44,29.17,1.87,2.96,3,0,272,258,244,273,0,3842.794,4233.655,7782.411999999999,6758.280999999999,0,255,241,257,1,2,10340250,1465.8719999999998,1178.5949999999998,7.11,5692,7920,11046,,3801.091,2512.783,6362.817,5394.216,69.55,81.89,73.39,98.89,false,false,21.37,32.91,短線過熱或乖離過大；高波動且5日漲幅過大；單季稅前獲利對營業外貢獻依賴偏高
149,1102,亞泥,TWSE,水泥工業,等待確認,正常持有,今天不下單,每個交易日收盤後，檢查趨勢與法人籌碼,已有部位可續抱觀察，但暫不追價；若收盤跌破60日EMA約 34.05 且法人籌碼轉弱，先減碼三分之一。,64.4,57,54.5,85,100,完整,35.15,35.2,-7.51,-7.28,8.87,38.22,147.03,2.13,9.64,0.67,6.59,17,15,70,157,-527,-3334,0,2304.873,32637.521,31888.677000000003,-4093.2899999999936,15.464,88.464,748.988,-842.8309999999999,4,1,3087394,-2108.588,-2551.8039999999996,13.22,2782,30142,53874,,2857.29,34657.645,33691.493,6355.121000000005,64.6,91.67,85.94,103.13,false,false,3.82,3.99,累計營收負成長且當月改善不足；單季稅前獲利對營業外貢獻依賴偏高
150,2892,第一金,TWSE,金融保險業,等待確認,正常持有,今天不下單,每個交易日收盤後，檢查趨勢與法人籌碼,已有部位可續抱觀察，但暫不追價；若收盤跌破60日EMA約 33.02 且法人籌碼轉弱，先減碼三分之一。,59.5,56.9,54.9,85,91,可用,33.3,33.4,2.37,18.65,,94.22,,0.57,17.33,1.63,3.85,26,139,-4383,-7719,36092,62777,-8467,14544.127,54920.567,120467.197,128394.41500000001,139.769,-7303.397,37717.72,59384.304000000004,1,4,-246854819,-680.149,-1938.813,25.18,14504,62534,9152,,14366.895,62904.113,84688.29000000001,77236.587,44.74,52.26,46.78,63.23,false,false,-1.63,-0.89,20日累積後5日轉為調節；主動ETF 5日轉為減碼；投信20日買超後近5日轉賣；20日趨勢尚未上彎；當下除權息調整價未守20日EMA；借券賣出與借券賣出餘額壓力升高
151,2880,華南金,TWSE,金融保險業,等待確認,正常持有,今天不下單,每個交易日收盤後，檢查趨勢與法人籌碼,已有部位可續抱觀察，但暫不追價；若收盤跌破60日EMA約 38.96 且法人籌碼轉弱，先減碼三分之一。,58.9,56.9,51.2,85,88,可用,39.5,39.6,6.47,30.37,,94.52,,0.55,19.23,2.27,3.64,27,0,-3140,-1372,40330,115005,-5839,5667.827,9342.243,20653.467999999997,44778.657999999996,0,-1648.112,30610.497,78748.31800000001,1,3,-65594858,-310.095,-16208.296,13.94,7502,50241,-58376,,5938.364,11300.449999999999,6251.267,-34311.804,45.46,41.37,32.39,59.34,true,false,-1.86,1.28,20日累積後5日轉為調節；主動ETF 5日轉為減碼；投信20日買超後近5日轉賣；外資持股趨勢資料不足或期間有非市場異動；20日趨勢尚未上彎；當下除權息調整價未守20日EMA
152,3016,嘉晶,TWSE,半導體業,等待確認,保護持有,今天不新增部位；未完成確認前不機械式賣出,下一交易日收盤，確認是否收復防守區,已有部位暫停加碼；若收盤跌破60日EMA約 104.08，且下一交易日仍未收復，先減碼三分之一；若ETF或外資繼續轉弱，再分批降低部位。,60.1,56.8,49.3,85,100,完整,102,102,51.43,31.32,14.09,31.1,295.64,1,80.67,5.4,0.52,2,1,2,2,2,2,0,-612.891,-688.404,-1565.6840000000002,-1498.71,1,2,2,2.681,2,0,193600,-24.950000000000003,142.349,4.07,-474,-307,-7001,,-565.242,-665.454,-1710.033,-1737.8730000000005,49.73,34.02,36.25,29.55,false,false,0.68,0,外資持股5/10日下降，且外資5日賣超
153,3714,富采,TWSE,光電業,等待確認,正常持有,今天不下單,每個交易日收盤後，檢查趨勢與法人籌碼,已有部位可續抱觀察，但暫不追價；若收盤跌破60日EMA約 58.71 且法人籌碼轉弱，先減碼三分之一。,69.4,56.7,52.9,85,100,完整,62.7,62.7,24.92,5.07,-5.92,18.44,355.3,1.49,,1.01,1.51,2,2,4,4,4,-5,0,1264.583,1679.9010000000003,5595.426,5402.236000000001,2,4,4,-4.635999999999999,2,0,238400,89.575,74.07100000000001,13.32,395,2150,9831,,1256.809,1586.3260000000002,5517.3550000000005,5335.071,61.01,67.62,58.67,85.51,true,false,9.34,13.59,單季稅前獲利對營業外貢獻依賴偏高
154,6834,天二科技,TWSE,電子零組件業,等待確認,正常持有,今天不下單,每個交易日收盤後，檢查趨勢與法人籌碼,已有部位可續抱觀察，但暫不追價；若收盤跌破60日EMA約 91.36 且法人籌碼轉弱，先減碼三分之一。,50.4,56.7,53.9,85,100,完整,90.5,90.2,88.24,44.28,10.85,40.75,153.28,1.6,39.17,5.17,0.44,1,0,0,1,-2,0,0,368.702,106.03399999999993,-1234.924,-858.4560000000001,0,1,-2,21,1,0,90100,10.549,12.825999999999999,12.3,289,62,-796,,365.882,94.48500000000001,-1245.75,-717.7420000000002,44.75,17.21,22.9,5.83,false,false,-4.61,-7.65,當下除權息調整價未守20日EMA
155,6510,精測,TPEX,半導體業,等待確認,正常持有,今天不下單,每個交易日收盤後，檢查趨勢與法人籌碼,"已有部位可續抱觀察，但暫不追價；若收盤跌破60日EMA約 2,926.86 且法人籌碼轉弱，先減碼三分之一。",54.5,56.6,62.6,85,100,可用,2635,2620,49.87,30,32.26,28.04,436.63,25.45,63.21,8.71,0.57,10,0,0,13,161,147,14,8.712,8.712,8.712,8.712,-4,-4,-4,-4,0,1,-10720000,-0.458,-0.458,21.22,,,,,13.17,13.17,13.17,13.17,44.73,15.45,22.49,1.36,false,false,-3.52,-0.94,外資持股趨勢資料不足或期間有非市場異動；當下除權息調整價未守20日EMA
156,6472,保瑞,TWSE,生技醫療業,等待確認,正常持有,今天不下單,每個交易日收盤後，檢查趨勢與法人籌碼,已有部位可續抱觀察，但暫不追價；若收盤跌破60日EMA約 417.38 且法人籌碼轉弱，先減碼三分之一。,68.1,56.2,36.2,85,100,完整,457,457,5.77,-0.09,14.11,66.33,129.65,4.56,38.75,3.96,2.13,3,258,774,1032,1032,1031,1032,-195.14,776.305,620.5829999999999,1725.5940000000003,258,1491,1491,1486.963,4,1,700770000,259.115,163.962,11.39,-379,-164,333,,-571.51,-973.8100000000001,-1034.379,101.54299999999998,61.75,78.48,71.28,92.88,false,false,6.63,12.84,累計營收負成長且當月改善不足
157,2484,希華,TWSE,電子零組件業,等待確認,正常持有,今天不下單,每個交易日收盤後，檢查趨勢與法人籌碼,已有部位可續抱觀察，但暫不追價；若收盤跌破60日EMA約 68.92 且法人籌碼轉弱，先減碼三分之一。,66.2,54.4,54.4,85,100,完整,77,76.7,7.1,-1.19,10.26,19.25,453.99,0.86,57.05,3.08,0.88,1,0,0,1,-6,-1,0,3908.65,5344.083,8584.939,2694.751999999999,0,1,-6,55,1,0,79300,47.12899999999999,89.88499999999998,7.42,3693,4370,-5890,,3854.372,5295.954,8501.054,2569.8410000000013,54.52,60.5,53.56,74.39,true,false,4.64,5.48,累計營收負成長且當月改善不足
158,7795,長廣,TWSE,電子零組件業,等待確認,保護持有,今天不新增部位；未完成確認前不機械式賣出,下一交易日收盤，確認是否收復防守區,已有部位暫停加碼；若收盤跌破60日EMA約 475.02，且下一交易日仍未收復，先減碼三分之一；若ETF或外資繼續轉弱，再分批降低部位。,53.6,54.2,55.9,85,100,完整,573,580,61.01,9.7,15.64,29.24,432.72,0.88,243.81,15.28,0.39,1,0,0,0,0,0,0,-157.432,-231.177,495.348,-1941.8759999999997,0,-1,-1,-1.053,0,1,-551000,-14,117.07400000000001,6.61,-152,-221,-2722,,-151.432,-216.177,379.274,-2044.604,62.96,60.1,67.79,44.72,false,false,11.2,5.33,外資持股5/10日下降，且外資5日賣超；短線過熱或乖離過大
159,2504,國產,TWSE,建材營造,等待確認,正常持有,今天不下單,每個交易日收盤後，檢查趨勢與法人籌碼,已有部位可續抱觀察，但暫不追價；若收盤跌破60日EMA約 32.30 且法人籌碼轉弱，先減碼三分之一。,58.3,53.3,52.1,85,100,完整,32.1,32.1,-4.67,-8.25,20.83,46.08,115.96,1.47,9.98,1.45,8.16,8,0,0,0,-19,372,0,143.737,3149.8599999999997,841.2529999999998,2987.1800000000003,0,-12,-30.905,-112.05599999999998,0,1,-382200,221,214.411,6.29,26,1821,4609,,127.737,2940.86,657.7470000000003,2730.1280000000006,58.54,71.12,61.42,90.52,false,false,2.53,4.9,累計營收負成長且當月改善不足
160,3008,大立光,TWSE,光電業,等待確認,保護持有,今天不新增部位；未完成確認前不機械式賣出,下一交易日收盤，確認是否收復防守區,"已有部位暫停加碼；若收盤跌破60日EMA約 4,388.26，且下一交易日仍未收復，先減碼三分之一；若ETF或外資繼續轉弱，再分批降低部位。",54.8,53.3,65.5,85,100,可用,6290,6290,-10.66,7.49,37.52,14.43,485.47,82.35,30.42,3.91,1.4,40,-84,-64,-105,176,724,-129,-83.843,-569.59,574.435,-620.3779999999999,-107,305.049,852.874,1960.519,4,1,1744880280,107.78500000000001,450.68200000000013,27.15,31,-753,-5366,,15.906,-982.424,-729.1209999999999,-3066.0049999999997,76.48,92.06,87.75,100.67,true,true,24.91,13.33,20日累積後5日轉為調節；ETF 1/3日已轉為減碼；主動ETF 5日轉為減碼；外資持股5/10日下降，且外資5日賣超；短線過熱或乖離過大；KD高檔死亡交叉，等待動能確認；高波動且5日漲幅過大
161,3163,波若威,TPEX,通信網路業,等待確認,正常持有,今天不下單,每個交易日收盤後，檢查趨勢與法人籌碼,已有部位可續抱觀察，但暫不追價；若收盤跌破60日EMA約 706.77 且法人籌碼轉弱，先減碼三分之一。,59.4,53.1,51.4,85,100,可用,782,777,28.65,18.96,3.61,25.12,374.74,3.5,78.57,18.87,0.45,2,0,0,0,0,-75,0,-234.091,-234.091,-234.091,-234.091,0,0,0,0,0,0,0,-17.956,-17.956,11.12,,,,,-216.135,-216.135,-216.135,-216.135,59.92,77.73,73.83,85.54,true,true,10.29,10.14,外資持股趨勢資料不足或期間有非市場異動；高波動且5日漲幅過大；單季稅前獲利對營業外貢獻依賴偏高
162,1301,台塑,TWSE,塑膠工業,等待確認,保護持有,今天不新增部位；未完成確認前不機械式賣出,下一交易日收盤，確認是否收復防守區,已有部位暫停加碼；若收盤跌破60日EMA約 56.06，且下一交易日仍未收復，先減碼三分之一；若ETF或外資繼續轉弱，再分批降低部位。,67.1,52.6,47.3,85,100,完整,60.1,60.1,4.77,-2.48,1.77,26.47,301.26,2.19,35.24,0.64,0.87,6,2612,2612,2612,2192,1916,2612,3511.334,-24034.370000000003,-7777.043000000004,41553.804999999986,2612,2589,2169,2030.8739999999998,1,1,149644200,-888.206,72.57900000000001,33.16,866,-25703,-43421,,620.613,-25735.164000000004,-10018.622000000008,36952.94099999999,56.1,51.17,49.6,54.32,true,true,3.79,5.81,累計營收負成長且當月改善不足；外資持股5/10日下降，且外資5日賣超；20日趨勢尚未上彎；單季稅前獲利對營業外貢獻依賴偏高
163,4749,新應材,TPEX,半導體業,等待確認,正常持有,今天不下單,每個交易日收盤後，檢查趨勢與法人籌碼,已有部位可續抱觀察，但暫不追價；若收盤跌破60日EMA約 836.69 且法人籌碼轉弱，先減碼三分之一。,51.9,52.4,58.4,85,100,可用,756,755,22.53,18.07,25.14,28.91,445.09,6.94,58.96,6.82,1.05,6,0,0,0,0,46,0,-62.487,-62.487,-62.487,-62.487,-23.138,-23.138,-23.138,-23.138,0,1,-17584880,1.532,1.532,12.32,,,,,-40.881,-40.881,-40.881,-40.881,42.07,28.83,28.09,30.31,true,false,-2.65,-0.4,外資持股趨勢資料不足或期間有非市場異動；當下除權息調整價未守20日EMA
164,2312,金寶,TWSE,其他電子業,等待確認,正常持有,今天不下單,每個交易日收盤後，檢查趨勢與法人籌碼,已有部位可續抱觀察，但暫不追價；若收盤跌破60日EMA約 32.25 且法人籌碼轉弱，先減碼三分之一。,54.2,52.3,36.7,85,100,完整,31.85,31.9,49.23,1.22,2.82,73.25,123.94,0.7,26.39,1.95,1.91,4,6,15,15,5,62,0,-2400.672,-2946.873000000001,2097.7839999999987,9415.020999999999,6,15,5,-75.269,2,0,471000,-1183.7669999999998,-1748.3129999999996,8.78,-1371,-3800,24248,,-1830.1,-1778.1059999999998,3841.0969999999998,10834.761000000002,48.28,23.76,28.98,13.33,false,false,-0.62,-1.24,當下除權息調整價未守20日EMA
165,1101,台泥,TWSE,水泥工業,等待確認,正常持有,今天不下單,每個交易日收盤後，檢查趨勢與法人籌碼,已有部位可續抱觀察，但暫不追價；若收盤跌破60日EMA約 24.20 且法人籌碼轉弱，先減碼三分之一。,60,52,40.9,85,100,完整,24.3,24.3,1.54,1.54,7.25,49.78,179.65,0.38,,0.8,3.25,7,0,0,0,-64,-86,0,-3548.238,17677.555999999997,10858.822999999997,52625.933999999994,0,-50,-114,-4002.41,0,1,-1230000,-276.397,184.74600000000004,15.65,13,21308,207139,,-3444.974,18003.952999999998,10788.076999999997,57244.172,50.6,42.99,50.9,27.19,false,true,-0.11,1.04,當下除權息調整價未守20日EMA
166,2359,所羅門,TWSE,其他電子業,等待確認,正常持有,今天不下單,每個交易日收盤後，檢查趨勢與法人籌碼,已有部位可續抱觀察，但暫不追價；若收盤跌破60日EMA約 142.23 且法人籌碼轉弱，先減碼三分之一。,49.9,51.9,52.1,85,73,可用,146.5,146.5,36.32,7.92,-0.42,38.21,223.7,4.55,21.61,3.89,0.69,1,0,0,0,0,1,0,-790.916,-6418.071,3615.108,9744.797999999999,0,0,0,0,0,0,0,-452.078,-68.26600000000002,9.45,-1070,-5961,3288,,-758.412,-5965.993,3683.373999999999,9399.826999999997,49.05,25.93,40.5,-3.22,false,false,-2.06,-9.01,當下除權息調整價未守20日EMA；單季稅前獲利對營業外貢獻依賴偏高
167,2492,華新科,TWSE,電子零組件業,等待確認,保護持有,今天不新增部位；未完成確認前不機械式賣出,下一交易日收盤，確認是否收復防守區,已有部位暫停加碼；若收盤跌破60日EMA約 315.64，且下一交易日仍未收復，先減碼三分之一；若ETF或外資繼續轉弱，再分批降低部位。,44.6,50.9,55.6,85,100,完整,268,269.5,41.95,18.66,9.02,34.44,157.66,4.93,30.11,1.96,0.93,8,0,1,2,-26,-1,0,832.7,-18297.38,-48869.88100000001,-64711.58200000002,0,-19,911,-3126.224,0,2,-5092000,-82.60499999999998,-3340.721,11.53,-1265,-18609,-62650,,848.463,-18195.774999999998,-46440.16,-59791.012,42.89,25.28,34.99,5.86,false,false,-5.67,-10.07,外資持股5/10日下降，且外資5日賣超；當下除權息調整價未守20日EMA；借券賣出與借券賣出餘額壓力升高
168,6155,鈞寶,TWSE,電子零組件業,等待確認,正常持有,今天不下單,每個交易日收盤後，檢查趨勢與法人籌碼,已有部位可續抱觀察，但暫不追價；若收盤跌破60日EMA約 61.77 且法人籌碼轉弱，先減碼三分之一。,47.2,50.3,54.9,85,100,完整,55.9,56,22.68,20.21,8.88,31.23,167.27,0.82,30.72,2.98,1.45,1,0,0,1,-2,0,0,272.435,56.34000000000003,-2477.525,-1109.1800000000003,0,1,-2,24,1,0,55300,-21.211,4.044000000000005,7.66,280,60,-1693,,276.435,76.55100000000004,-2479.569,-1156.2649999999999,43.66,17.25,26.75,-1.76,false,false,-3.15,-3.79,當下除權息調整價未守20日EMA；單季稅前獲利對營業外貢獻依賴偏高
169,1810,和成,TWSE,玻璃陶瓷,等待確認,保護持有,今天不新增部位；未完成確認前不機械式賣出,下一交易日收盤，確認是否收復防守區,已有部位暫停加碼；若收盤跌破60日EMA約 24.18，且下一交易日仍未收復，先減碼三分之一；若ETF或外資繼續轉弱，再分批降低部位。,53.9,50,58.1,85,100,可用,25.55,25.55,-3.71,-7.6,-10.35,20.16,316.24,3.62,6.76,0.88,0.81,2,0,2,2,4,52,0,-107.646,-2890.7019999999998,-7136.837,-10225.925000000001,0,0,-2.7879999999999985,11.900000000000002,0,0,0,0.8470000000000004,-16.189999999999998,2.05,-101,-1493,-9075,,-108.646,-2891.549,-7117.859,-10337.492000000002,50.58,27.47,35.55,11.29,false,false,0.03,-2.11,累計營收負成長且當月改善不足；外資持股5/10日下降，且外資5日賣超；20日趨勢尚未上彎；單季稅前獲利對營業外貢獻依賴偏高
170,1519,華城,TWSE,電機機械,等待確認,正常持有,今天不下單,每個交易日收盤後，檢查趨勢與法人籌碼,已有部位可續抱觀察，但暫不追價；若收盤跌破60日EMA約 702.51 且法人籌碼轉弱，先減碼三分之一。,62.1,49.9,36.4,85,100,可用,719,717,-8.32,-3.68,21.68,71.6,146.34,6.52,46.92,24.61,1.67,12,0,0,1,1,37,0,-158.346,-1624.992,-2407.7960000000003,-2672.753,0,1,56.919999999999995,-85.874,1,0,717000,12.729,-25.267000000000003,17.88,-86,4507,4776,,-156.419,-1638.721,-2439.449,-2507.2449999999994,59.54,60.73,68.24,45.7,false,true,3.11,0.14,累計營收負成長且當月改善不足；外資持股趨勢資料不足或期間有非市場異動
171,2491,吉祥全,TWSE,光電業,等待確認,正常持有,今天不下單,每個交易日收盤後，檢查趨勢與法人籌碼,已有部位可續抱觀察，但暫不追價；若收盤跌破60日EMA約 32.54 且法人籌碼轉弱，先減碼三分之一。,47.8,49.3,64.4,85,100,完整,46.75,46.65,6.55,-5.1,-170.2,17.78,507.82,29.98,1.33,0.86,,1,0,0,0,-2,-1,0,459.374,231.149,120.423,112.37500000000003,0,0,-2,19,0,0,0,5.748000000000003,10.192000000000004,6.29,457,228,8,,457.437,225.401,112.231,68.34099999999998,74.55,89.42,83.87,100.52,true,false,28.34,22.54,累計營收負成長且當月改善不足；短線過熱或乖離過大；高波動且5日漲幅過大；單季稅前獲利對營業外貢獻依賴偏高
172,2201,裕隆,TWSE,汽車工業,等待確認,正常持有,今天不下單,每個交易日收盤後，檢查趨勢與法人籌碼,已有部位可續抱觀察，但暫不追價；若收盤跌破60日EMA約 28.11 且法人籌碼轉弱，先減碼三分之一。,59.6,48.8,33.8,85,100,完整,28.75,28.8,-3.92,-3.66,9.68,74.19,99.35,0.5,32.25,0.47,1.95,4,0,3,1,49,826,0,382.564,3436.098,6533.469999999999,11532.892,0,-8,40,-520.812,1,2,-229600,-61.272000000000006,141.003,5.15,-14,1371,5061,,423.674,3505.37,6352.467000000001,11639.632000000001,55.37,53.6,63.67,33.44,false,true,1.09,-0.17,累計營收負成長且當月改善不足
173,6284,佳邦,TPEX,電子零組件業,等待確認,正常持有,今天不下單,每個交易日收盤後，檢查趨勢與法人籌碼,已有部位可續抱觀察，但暫不追價；若收盤跌破60日EMA約 84.42 且法人籌碼轉弱，先減碼三分之一。,50,48.8,46.2,85,100,可用,78.3,78.2,0.76,-6.69,5.51,43.74,130.22,0.91,20.21,1.32,2.45,1,0,0,0,0,0,0,-165.154,-165.154,-165.154,-165.154,0,0,0,0,0,0,0,0.769,0.769,8.89,,,,,-165.923,-165.923,-165.923,-165.923,48.12,39.83,38.57,42.36,true,false,0.23,-1.01,累計營收負成長且當月改善不足；外資持股趨勢資料不足或期間有非市場異動
174,9933,中鼎,TWSE,其他,等待確認,正常持有,今天不下單,每個交易日收盤後，檢查趨勢與法人籌碼,已有部位可續抱觀察，但暫不追價；若收盤跌破60日EMA約 39.93 且法人籌碼轉弱，先減碼三分之一。,55.8,47.7,36.5,85,100,完整,42.1,42,-0.72,-16.56,10.5,79.51,109.31,2.71,7.79,1.66,2.37,3,0,0,0,-17,-7,0,773.018,1352.7040000000002,8524.632000000001,9936.394,0,-8,-24.900000000000002,-493.694,0,1,-337600,16.509,-332.407,19.64,819,1227,10751,,818.018,1344.1950000000002,8881.939,10914.098,58.97,58.37,67.78,39.53,false,true,3.17,2.18,累計營收負成長且當月改善不足
175,2377,微星,TWSE,電腦及週邊設備業,等待確認,正常持有,今天不下單,每個交易日收盤後，檢查趨勢與法人籌碼,已有部位可續抱觀察，但暫不追價；若收盤跌破60日EMA約 140.95 且法人籌碼轉弱，先減碼三分之一。,48.5,47.4,47.8,85,100,完整,146,146,-0.02,-6.48,6.74,54.86,182.8,7.59,12.49,2.1,2.92,20,24,-21,-1731,241,305,-1672,-12.823,-9091.19,-8192.554999999998,8837.799,24,-1750,575,-384.15700000000004,2,3,-252000000,-1454.165,-1279.1239999999996,15.94,200,-5658,6866,,155.662,-5887.025000000001,-7488.431000000002,7295.275999999997,48.41,18.26,21.19,12.4,false,false,-1.31,-0.34,累計營收負成長且當月改善不足；20日累積後5日轉為調節；主動ETF 5日轉為減碼；20日趨勢尚未上彎；當下除權息調整價未守20日EMA
176,6226,光鼎,TWSE,光電業,等待確認,正常持有,今天不下單,每個交易日收盤後，檢查趨勢與法人籌碼,已有部位可續抱觀察，但暫不追價；若收盤跌破60日EMA約 19.86 且法人籌碼轉弱，先減碼三分之一。,56.6,47.4,40.5,85,100,完整,28.15,28.15,21.51,6.38,-4.11,38.7,205,0.03,,2.36,,1,0,0,1,-4,0,0,-176.744,2753.9069999999997,2126.2039999999997,-3942.1510000000007,0,1,-4,-9,1,0,25600,-41.726,32.279,4.84,-140,3163,-6569,,-177.87,2794.6330000000003,2097.925,-3940.4300000000003,69.66,85.28,67.75,120.35,false,false,27.06,32.16,短線過熱或乖離過大；高波動且5日漲幅過大；融資增幅與短線漲幅同步偏高；單季稅前獲利對營業外貢獻依賴偏高
177,8033,雷虎,TWSE,其他,等待確認,保護持有,今天不新增部位；未完成確認前不機械式賣出,下一交易日收盤，確認是否收復防守區,已有部位暫停加碼；若收盤跌破60日EMA約 179.11，且下一交易日仍未收復，先減碼三分之一；若ETF或外資繼續轉弱，再分批降低部位。,59.1,47.2,43.5,85,100,完整,192.5,192.5,-9.48,7.42,-0.26,23.39,337.66,0.62,372.92,9.05,,1,0,0,1,-5,0,0,-1358.91,-1367.5750000000003,-10964.076,-14816.595000000001,0,1,-5,51,1,0,179000,140.502,271.183,5.98,-1005,-1403,-16968,,-1356.412,-1509.0770000000002,-11230.259000000002,-14859.384000000004,53.04,38.34,44.03,26.96,false,false,3.42,4.05,外資持股5/10日下降，且外資5日賣超；估值高且成長不足以支撐；單季稅前獲利對營業外貢獻依賴偏高
178,2352,佳世達,TWSE,電腦及週邊設備業,等待確認,保護持有,今天不新增部位；未完成確認前不機械式賣出,下一交易日收盤，確認是否收復防守區,已有部位暫停加碼；若收盤跌破60日EMA約 29.13，且下一交易日仍未收復，先減碼三分之一；若ETF或外資繼續轉弱，再分批降低部位。,48.7,45.9,36.5,85,100,完整,28.1,28.1,4.13,1.48,1.29,69.11,115.41,0.58,36.56,1.12,3.55,6,6,16,185,904,995,0,-4115.311,-4767.589,-13299.761999999999,-23457.731000000003,6,185,904,3660.195,3,0,5207750,115.448,1.3539999999999992,7.08,-3113,-4502,-16404,,-4162,-5068.037,-14205.116000000002,-26954.273,43.5,29.16,37.36,12.77,false,false,-2.56,-2.26,外資持股5/10日下降，且外資5日賣超；當下除權息調整價未守20日EMA
179,2883,凱基金,TWSE,未分類,等待確認,正常持有,今天不下單,每個交易日收盤後，檢查趨勢與法人籌碼,已有部位可續抱觀察，但暫不追價；若收盤跌破60日EMA約 29.23 且法人籌碼轉弱，先減碼三分之一。,69.8,45.6,23.2,85,75,可用,32.45,32.25,,,,91.24,,0.69,17.81,1.59,3.15,26,8,6723,19565,90853,140543,-1265,24464.438,47662.23499999999,85790.239,175004.075,7.051,13325.380000000001,91699.836,103926.915,4,1,422414546,-902.795,-2886.928,26.59,24756,33825,177990,,24668.133,35239.649999999994,-3022.6690000000062,61015.193999999996,62.77,69.4,62.35,83.49,true,false,4.62,6.74,主動ETF 5日轉為減碼
180,3532,台勝科,TWSE,半導體業,等待確認,正常持有,今天不下單,每個交易日收盤後，檢查趨勢與法人籌碼,已有部位可續抱觀察，但暫不追價；若收盤跌破60日EMA約 340.32 且法人籌碼轉弱，先減碼三分之一。,64.8,45.3,23.1,85,100,完整,381.5,382,28.77,17.64,-0.14,52.63,270.98,-0.05,290.77,6.03,0.26,6,1,2,9,5,-140,0,-1065.621,10091.702000000001,9871.088000000002,13147.133,86,1795,7918,11307.608,4,1,678510000,-72.78800000000001,-358.289,44.79,-938,8746,6370,,-910.309,8369.490000000002,2311.3770000000013,2704.049000000002,56.4,69.83,69.32,70.83,true,false,8.11,7.01,20日趨勢尚未上彎；借券賣出與借券賣出餘額壓力升高
181,9910,豐泰,TWSE,運動休閒,等待確認,正常持有,今天不下單,每個交易日收盤後，檢查趨勢與法人籌碼,已有部位可續抱觀察，但暫不追價；若收盤跌破60日EMA約 71.03 且法人籌碼轉弱，先減碼三分之一。,51.3,45.3,41.4,85,100,完整,68,67.9,1,-2.96,4.99,51.08,137.19,1.71,14.23,2.92,5.86,8,25,46,70,642,927,0,-53.531,2431.902,3438.334,5785.741999999999,25,62,633.376,2.900000000000091,4,0,4340000,-80.893,-416.635,5.8,-71,2554,7689,,-78.436,2450.795,3221.593,6121.087999999999,42.9,35.89,43.39,20.91,true,true,-2.28,-1.16,累計營收負成長且當月改善不足；當下除權息調整價未守20日EMA
182,9914,美利達,TWSE,運動休閒,等待確認,正常持有,今天不下單,每個交易日收盤後，檢查趨勢與法人籌碼,已有部位可續抱觀察，但暫不追價；若收盤跌破60日EMA約 78.56 且法人籌碼轉弱，先減碼三分之一。,56.5,44.8,36.1,85,100,完整,84.9,84.9,-1.08,-13.22,8.5,44.19,142.91,2.15,24.99,1.32,3.25,2,0,0,0,0,-32,0,339.786,2831.232,590.6229999999998,11948.574000000002,0,-3,115,133.676,0,1,-258600,370.20700000000005,367.3140000000001,27.43,755,3971,12830,,418.018,2464.025,108.30899999999997,11007.096999999998,53.55,39.4,42.47,33.25,false,false,1.23,-4.18,累計營收負成長且當月改善不足；借券賣出與借券賣出餘額壓力升高
183,2371,大同,TWSE,電機機械,等待確認,保護持有,今天不新增部位；未完成確認前不機械式賣出,下一交易日收盤，確認是否收復防守區,已有部位暫停加碼；若收盤跌破60日EMA約 27.37，且下一交易日仍未收復，先減碼三分之一；若ETF或外資繼續轉弱，再分批降低部位。,56.2,44.3,32.5,85,100,完整,27.75,27.65,-14.15,1.24,4.56,60.69,195.43,0.91,,1.18,,4,0,0,0,-30,-1077,0,1291.35,2396.263,9250.132999999998,7496.301999999998,0,0,-30,-1055.034,0,0,0,8.465000000000003,169.203,6.3,-1991,-1848,-3595,,1340.349,2387.798,9110.93,8528.552,59.68,82.4,81.5,84.19,true,true,3.52,2.78,KD高檔死亡交叉，等待動能確認
184,8039,台虹,TWSE,電子零組件業,等待確認,保護持有,今天不新增部位；未完成確認前不機械式賣出,下一交易日收盤，確認是否收復防守區,已有部位暫停加碼；若收盤跌破60日EMA約 204.93，且下一交易日仍未收復，先減碼三分之一；若ETF或外資繼續轉弱，再分批降低部位。,51.4,43.7,44.2,85,100,完整,320.5,320.5,-6.06,1.15,6.25,32.38,237.55,1.56,92.54,6.87,0.68,3,0,0,1,1,314,0,5061.979,-7865.396999999999,-4117.038999999999,13180.181,441,1641,1648,4969.073,4,0,478351500,-1826.4409999999998,-1825.36,21.43,4561,-5797,-3272,,4538.621,-7679.956,-3939.6790000000005,8677.018999999998,70.27,83.34,78.45,93.1,true,true,26.71,18.05,外資持股5/10日下降，且外資5日賣超；短線過熱或乖離過大；KD高檔死亡交叉，等待動能確認；高波動且5日漲幅過大；估值高且成長不足以支撐；融資增幅與短線漲幅同步偏高；借券賣出與借券賣出餘額壓力升高
185,4906,正文,TWSE,通信網路業,等待確認,保護持有,今天不新增部位；未完成確認前不機械式賣出,下一交易日收盤，確認是否收復防守區,已有部位暫停加碼；若收盤跌破60日EMA約 36.90，且下一交易日仍未收復，先減碼三分之一；若ETF或外資繼續轉弱，再分批降低部位。,57,43.1,29.6,85,100,完整,37,37.3,32.24,-21.48,-4.77,39.64,161.83,-0.42,287.92,1.39,1.36,1,0,0,0,0,0,0,-194.948,-319.66499999999996,686.7850000000001,-4199.732,0,0,0,-231,0,0,0,-92.37300000000002,94.16299999999998,8.86,234,-361,-2131,,-146.117,-227.29199999999997,592.6220000000001,-3960.2459999999987,55.16,49.19,39.09,69.39,true,false,5.08,8.98,外資持股5/10日下降，且外資5日賣超
186,6830,汎銓,TWSE,其他電子業,等待確認,保護持有,今天不新增部位；未完成確認前不機械式賣出,下一交易日收盤，確認是否收復防守區,已有部位暫停加碼；若收盤跌破60日EMA約 460.98，且下一交易日仍未收復，先減碼三分之一；若ETF或外資繼續轉弱，再分批降低部位。,49,42.1,24.6,85,100,完整,529,526,26.15,21.18,0.6,48.43,120.55,-0.25,1964,7.87,0.2,1,19,44,44,44,44,-154,126.897,-800.7359999999999,-278.1049999999999,-135.21299999999988,19,149,165,-27,2,0,73159000,103.67000000000002,121.66100000000002,5.41,-194,-1262,-2184,,62.751,-1053.4060000000002,-564.7660000000003,-221.94200000000026,66.42,77.83,70.38,92.73,true,true,21.66,29.18,主動ETF 5日轉為減碼；外資持股5/10日下降，且外資5日賣超；短線過熱或乖離過大；高波動且5日漲幅過大
187,4991,環宇-KY,TPEX,半導體業,等待確認,正常持有,今天不下單,每個交易日收盤後，檢查趨勢與法人籌碼,已有部位可續抱觀察，但暫不追價；若收盤跌破60日EMA約 486.16 且法人籌碼轉弱，先減碼三分之一。,62.1,41.6,9.9,85,85,可用,489.5,489.5,-6.93,45.75,,,,,138.63,12.12,0,4,0,299,299,1196,1230,300,-580.665,-580.665,-580.665,-580.665,0,0,0,0,0,0,0,1.598,1.598,22.02,,,,,-582.263,-582.263,-582.263,-582.263,53.64,47.18,49.27,43,false,false,5.51,0.62,外資持股趨勢資料不足或期間有非市場異動；估值高且成長不足以支撐
188,6643,M31,TPEX,半導體業,等待確認,正常持有,今天不下單,每個交易日收盤後，檢查趨勢與法人籌碼,已有部位可續抱觀察，但暫不追價；若收盤跌破60日EMA約 451.68 且法人籌碼轉弱，先減碼三分之一。,55.4,40.6,38.1,85,100,可用,434,433,29.21,-2.89,-10.18,10.91,573.46,-1.24,436.32,9.29,0.29,1,0,0,30,29,29,0,28.952,28.952,28.952,28.952,0,0,0,0,0,0,0,1.702,1.702,14.57,,,,,27.25,27.25,27.25,27.25,51.83,38.53,31.81,51.96,true,false,2.21,5.98,外資持股趨勢資料不足或期間有非市場異動
189,2466,冠西電,TWSE,光電業,等待確認,保護持有,今天不新增部位；未完成確認前不機械式賣出,下一交易日收盤，確認是否收復防守區,已有部位暫停加碼；若收盤跌破60日EMA約 86.39，且下一交易日仍未收復，先減碼三分之一；若ETF或外資繼續轉弱，再分批降低部位。,55.7,39.5,20,85,100,完整,104,105,-9.82,-11.03,-12.17,58.31,118.6,0.05,65.61,9.22,,1,0,0,1,-5,0,0,6.393,-1211.144,-701.9580000000001,-1060.96,0,1,-5,52,1,0,103000,-10.187000000000001,-5.328000000000001,11.82,6,-1202,-2413,,6.393,-1201.9569999999999,-691.6299999999999,-1136.4769999999996,59.48,75.48,68.86,88.71,false,false,6.67,5.05,累計營收負成長且當月改善不足；外資持股5/10日下降，且外資5日賣超；單季稅前獲利對營業外貢獻依賴偏高
190,6451,訊芯-KY,TWSE,半導體業,等待確認,正常持有,今天不下單,每個交易日收盤後，檢查趨勢與法人籌碼,已有部位可續抱觀察，但暫不追價；若收盤跌破60日EMA約 452.66 且法人籌碼轉弱，先減碼三分之一。,60.3,38.9,10.6,85,91,可用,456,454.5,7.42,-3.18,-5.18,59.67,166.56,-1.45,,6.41,0.05,1,1,1,1,1,1,0,459.694,-191.7969999999999,-1789.3039999999999,-276.21199999999965,1,1,1,-23.718,1,0,423000,-8.525,-17.691,65.1,409,-42,1537,,429.429,-184.27200000000005,-1772.613,-194.89099999999985,53.36,49.94,43.74,62.33,true,false,6.1,10.14,累計營收負成長且當月改善不足；高波動且5日漲幅過大
191,3363,上詮,TPEX,通信網路業,等待確認,正常持有,今天不下單,每個交易日收盤後，檢查趨勢與法人籌碼,已有部位可續抱觀察，但暫不追價；若收盤跌破60日EMA約 621.86 且法人籌碼轉弱，先減碼三分之一。,58.9,34.7,29.1,85,100,可用,653,650,12.09,-14.3,-30.58,11.1,873.99,-1.18,,12.38,0,2,0,0,0,13,-223,0,759.3,759.3,759.3,759.3,0,0,0,0,0,0,0,30.364,30.364,20.42,,,,,728.936,728.936,728.936,728.936,57.31,62.16,49.56,87.36,true,false,9.49,11.82,外資持股趨勢資料不足或期間有非市場異動；高波動且5日漲幅過大
192,2451,創見,TWSE,半導體業,暫不承接,降低部位,停止加碼；反彈未站回恢復區時分批減碼,每個交易日收盤後，確認是否站回恢復區,已有部位先停止加碼。反彈若仍未站回 290.03，分批降低部位；只有站回且ETF／外資賣壓收斂後才重新評估。,68.2,83.6,88.8,85,100,可用,300.5,301,307.66,402.68,73.7,28.68,309.01,46.63,5.2,3.35,3.94,17,12,78,-272,-462,-503,-273,-2748.479,6232.037,8460.897,9351.039,12,-275,-465,-369.24199999999996,2,3,-82225000,29.21199999999999,-70.31700000000002,12.33,-3813,4469,6325,,-2637.69,6477.825000000001,8996.214000000002,9997.356000000002,56.13,54.67,55.64,52.74,false,true,3.61,6.94,ETF短中期同步減碼；主動ETF 5日轉為減碼；投信5/10日持續且具金額意義的賣超
193,8271,宇瞻,TWSE,半導體業,暫不承接,保護持有,今天不新增部位；未完成確認前不機械式賣出,下一交易日收盤，確認是否收復防守區,已有部位暫停加碼；若收盤跌破60日EMA約 214.19，且下一交易日仍未收復，先減碼三分之一；若ETF或外資繼續轉弱，再分批降低部位。,66,79.8,69.5,85,100,完整,231,231,164.99,235.51,34.73,55.84,184.73,35.51,5.72,3.13,1.93,5,0,0,-80,-80,282,-80,-1321.051,1199.487,-2045.4270000000001,-78.13600000000005,0,-80,-80,113.818,0,1,-18400000,-133.029,-185.26999999999998,10.56,-1103,1224,4098,,-1210.715,1412.516,-1780.157,136.722,55.35,53.01,51.84,55.33,false,false,2.22,5.24,ETF短中期同步減碼；20日累積後5日轉為調節；主動ETF 5日轉為減碼
194,3006,晶豪科,TWSE,半導體業,暫不承接,保護持有,今天不新增部位；未完成確認前不機械式賣出,下一交易日收盤，確認是否收復防守區,已有部位暫停加碼；若收盤跌破60日EMA約 231.83，且下一交易日仍未收復，先減碼三分之一；若ETF或外資繼續轉弱，再分批降低部位。,65.6,78.6,75.1,85,100,可用,272,273.5,491.06,281.48,44.44,36.84,267.13,27.58,8.51,4.04,0.37,5,1,1,-13,-14,-3,0,-1017.595,2617.5870000000004,3366.411000000001,20620.415,1,-12,-13,-136.715,3,1,-3240000,-241.60099999999997,-974.7059999999999,43.46,-917,2907,27456,,-909.801,2871.188,4354.117,22455.743000000002,59.1,67.48,60.83,80.77,true,false,7.7,10.79,ETF短中期同步減碼；高波動且5日漲幅過大；融資增幅與短線漲幅同步偏高
195,2408,南亞科,TWSE,半導體業,暫不承接,保護持有,今天不新增部位；未完成確認前不機械式賣出,下一交易日收盤，確認是否收復防守區,已有部位暫停加碼；若收盤跌破60日EMA約 429.86，且下一交易日仍未收復，先減碼三分之一；若ETF或外資繼續轉弱，再分批降低部位。,70.1,78.5,81.3,85,100,可用,517,517,719.61,660.87,69.08,16.78,691.01,23.38,19.79,5.46,0.26,34,-1145,-1260,-989,-1524,1176,-1164,-2446.884,6551.183000000001,42184.795,66290.75000000001,-1924.125,327.2470000000002,3068.9410000000003,14890.487,4,1,166895970,-417.5240000000001,169.2539999999999,16.34,469,12621,96445,,-432.87,6641.460000000001,38946.600000000006,48424.561000000016,58.44,49.01,54.86,37.3,false,false,6.86,7.48,ETF短中期同步減碼；20日累積後5日轉為調節；ETF 1/3日已轉為減碼；主動ETF 5日轉為減碼
196,8299,群聯,TPEX,半導體業,暫不承接,保護持有,今天不新增部位；未完成確認前不機械式賣出,下一交易日收盤，確認是否收復防守區,"已有部位暫停加碼；若收盤跌破60日EMA約 2,066.54，且下一交易日仍未收復，先減碼三分之一；若ETF或外資繼續轉弱，再分批降低部位。",62.9,77.9,72.8,85,100,可用,2115,2125,377.55,263.52,37.86,47.31,257.91,187.43,9.55,4.52,1.11,15,0,23,-101,-434,-510,-97,-478.492,-478.492,-478.492,-478.492,-35.223,-35.223,-35.223,-35.223,0,1,-73439955,-169.008,-169.008,40.53,,,,,-274.261,-274.261,-274.261,-274.261,54.72,45.63,45.97,44.96,false,false,4.08,7.63,ETF短中期同步減碼；主動ETF 5日轉為減碼；外資持股趨勢資料不足或期間有非市場異動
197,2344,華邦電,TWSE,半導體業,暫不承接,降低部位,停止加碼；反彈未站回恢復區時分批減碼,每個交易日收盤後，確認是否站回恢復區,已有部位先停止加碼。反彈若仍未站回 172.80，分批降低部位；只有站回且ETF／外資賣壓收斂後才重新評估。,68.5,76.8,64.7,85,100,可用,181.5,181.5,291.55,160.97,42.34,40.78,159.78,7.65,19.74,4.88,0.28,32,-50,-36,-14920,-36108,-29100,-15751,-2616.301,6130.0250000000015,-808.5599999999904,-31857.22299999999,-78.117,-20749.886,-57389.05,-53332.51200000002,1,4,-3714229594,-43.693,-295.105,19.37,3300,59102,48776,,-2347.891,26923.604000000003,56875.59500000001,22521.471000000012,56.12,53.43,53,54.29,true,false,5.03,8.04,ETF短中期同步減碼；ETF 1/3日已轉為減碼；主動ETF 5日轉為減碼；投信5/10日持續且具金額意義的賣超；借券賣出與借券賣出餘額壓力升高
198,1590,亞德客-KY,TWSE,電機機械,暫不承接,保護持有,今天不新增部位；未完成確認前不機械式賣出,下一交易日收盤，確認是否收復防守區,"已有部位暫停加碼；若收盤跌破60日EMA約 1,404.55，且下一交易日仍未收復，先減碼三分之一；若ETF或外資繼續轉弱，再分批降低部位。",72.9,75.4,72.4,85,100,完整,1465,1470,50.78,32.87,34.22,16.97,305.42,29.91,28.05,5.33,1.99,17,0,0,-7,-436,-941,0,55.715,110.955,3.9609999999999914,277.09299999999996,7,-1,-428.341,-957.961,1,2,-1460000,-27.033,26.221999999999998,80.99,55,85,467,,51.67,138.988,406.08,1234.6499999999999,52.68,38.35,32.07,50.9,true,false,0.76,0.69,ETF短中期同步減碼
199,6005,群益證,TWSE,金融保險業,暫不承接,降低部位,停止加碼；反彈未站回恢復區時分批減碼,每個交易日收盤後，確認是否站回恢復區,已有部位先停止加碼。反彈若仍未站回 30.75，分批降低部位；只有站回且ETF／外資賣壓收斂後才重新評估。,63.5,74.6,74.1,85,91,可用,30.95,30.7,25.09,110.96,,86.55,110.74,1.34,8.48,1.37,5.63,8,-9,-19,-27,-56,4735,0,-30.675,-3991.909,-14532.036,-56479.547999999995,-8.531,-47.531,-76.531,-6786.235,0,4,-1442566,0,0,17.18,160,-3773,-35542,,-22.144,-3944.378,-14455.505000000001,-49693.31299999999,53.16,47.95,45.17,53.51,true,true,1.38,2.48,ETF短中期同步減碼；20日累積後5日轉為調節；ETF 1/3日已轉為減碼；外資持股5/10日下降，且外資5日賣超
200,2606,裕民,TWSE,航運業,暫不承接,降低部位,停止加碼；反彈未站回恢復區時分批減碼,每個交易日收盤後，確認是否站回恢復區,已有部位先停止加碼。反彈若仍未站回 68.61，分批降低部位；只有站回且ETF／外資賣壓收斂後才重新評估。,66.4,74.3,68.7,85,100,可用,71.3,72,26.34,26.31,28.58,55.87,161.86,3.51,11.5,1.63,3.59,8,-1030,-1101,-1105,-1101,-1618,0,11090.864,20180.411,25166.567,35408.003,-1029,-588,-534,-1900.4270000000001,1,3,-45864000,96.00600000000001,339.76,23.75,12730,20717,51355,,12871.757,20672.405,25360.807,36852.627,57.98,71.9,80.62,54.46,true,true,3.92,2.59,ETF短中期同步減碼；ETF 1/3日已轉為減碼；投信5/10日持續且具金額意義的賣超；KD高檔死亡交叉，等待動能確認
201,6491,晶碩,TWSE,生技醫療業,暫不承接,保護持有,今天不新增部位；未完成確認前不機械式賣出,下一交易日收盤，確認是否收復防守區,已有部位暫停加碼；若收盤跌破60日EMA約 348.07，且下一交易日仍未收復，先減碼三分之一；若ETF或外資繼續轉弱，再分批降低部位。,67.5,73.4,66.7,85,100,完整,378,379,17.42,23.1,28.18,31.22,147.7,13.13,15.53,2.47,2.69,2,0,0,-120,-125,117,-120,37.126,115.583,382.86400000000003,2244.161,0,-120,-125,-108,0,1,-44700000,19.308999999999997,-9.524000000000004,22.29,43,221,2278,,38.309,216.274,517.388,2349.327,60.4,49.92,47.64,54.48,true,false,3.25,0.67,ETF短中期同步減碼；主動ETF 5日轉為減碼
202,2467,志聖,TWSE,電子零組件業,暫不承接,降低部位,停止加碼；反彈未站回恢復區時分批減碼,每個交易日收盤後，確認是否站回恢復區,已有部位先停止加碼。反彈若仍未站回 545.85，分批降低部位；只有站回且ETF／外資賣壓收斂後才重新評估。,66.2,72.7,58,85,100,完整,570,570,132.73,87.05,26.06,44,119.58,7.16,53.39,5.33,1.03,9,0,5,-467,-424,-485,-467,-58.287,-449.089,711.43,1610.8899999999999,-25,-508.929,-466.219,-539.262,1,3,-272277015,-38.481,-49.20200000000001,20.97,-21,82,1870,,-15.245,98.321,1226.851,2259.794,54.6,40.17,42.9,34.71,false,false,4.73,4.2,ETF短中期同步減碼；主動ETF 5日轉為減碼；投信5/10日持續且具金額意義的賣超
203,5351,鈺創,TPEX,半導體業,暫不承接,保護持有,今天不新增部位；未完成確認前不機械式賣出,下一交易日收盤，確認是否收復防守區,已有部位暫停加碼；若收盤跌破60日EMA約 98.46，且下一交易日仍未收復，先減碼三分之一；若ETF或外資繼續轉弱，再分批降低部位。,59.8,72.7,66.7,85,100,可用,116.5,117,590.83,481.09,30.67,40.59,243.12,6.69,17.88,5.26,0,2,0,0,-15,-20,742,0,-969.9,-969.9,-969.9,-969.9,0,0,0,0,0,0,0,-0.385,-0.385,40.89,,,,,-969.515,-969.515,-969.515,-969.515,55.7,27.58,43.2,-3.66,false,false,3.5,-7.91,ETF短中期同步減碼；20日累積後5日轉為調節；外資持股趨勢資料不足或期間有非市場異動
204,6531,愛普*,TWSE,半導體業,暫不承接,降低部位,停止加碼；反彈未站回恢復區時分批減碼,每個交易日收盤後，確認是否站回恢復區,已有部位先停止加碼。反彈若仍未站回 866.50，分批降低部位；只有站回且ETF／外資賣壓收斂後才重新評估。,69.3,71.9,66.5,85,100,可用,918,916,144.57,102.88,29.44,24.47,373.6,8.33,50.52,11.37,0.8,18,2,212,-122,-300,-30,-123,49.102,416.212,665.016,972.909,25,-3420.932,-5185.211,-5325.682,2,3,-2996736432,-109.24600000000001,-35.67200000000001,33.76,54,3814,7375,,22.632,3946.39,5885.898999999999,6219.4299999999985,54.84,54.74,43.16,77.9,true,false,6.11,9.68,ETF短中期同步減碼；主動ETF 5日轉為減碼；投信5/10日持續且具金額意義的賣超
205,2618,長榮航,TWSE,航運業,暫不承接,保護持有,今天不新增部位；未完成確認前不機械式賣出,下一交易日收盤，確認是否收復防守區,已有部位暫停加碼；若收盤跌破60日EMA約 41.10，且下一交易日仍未收復，先減碼三分之一；若ETF或外資繼續轉弱，再分批降低部位。,70,70.8,56.6,85,100,完整,42.9,43,21.42,17.08,13.25,62.38,115.28,2.24,8.88,1.64,4.74,27,8,-80,-239,-2278,-5849,-112,-747.651,25409.126000000004,28143.085000000014,201666.843,7.698,-339.302,-8.819000000000017,-23737.464,3,2,-14318544,-1499.991,-2137.8309999999997,32.62,-1251,26080,356554,,-638.937,27248.419,30289.73500000001,226998.66900000005,54.52,75.31,67.17,91.59,false,false,1.63,3.13,ETF短中期同步減碼；主動ETF 5日轉為減碼
206,2383,台光電,TWSE,電子零組件業,暫不承接,降低部位,停止加碼；反彈未站回恢復區時分批減碼,每個交易日收盤後，確認是否站回恢復區,"已有部位先停止加碼。反彈若仍未站回 5,574.28，分批降低部位；只有站回且ETF／外資賣壓收斂後才重新評估。",72.1,70.4,48.6,85,100,可用,5855,5895,129.4,89.4,24.72,63.23,135.5,42.46,87.49,34.37,0.45,52,-110,-102,-139,-129,877,-230,-59.589,480.521,2035.0380000000002,3047.5919999999996,-147.409,-897.5679999999999,-851.1419999999998,-407.2019999999999,1,4,-5021892960,180.64200000000002,270.5570000000001,43.53,11,1180,-1179,,18.706,1197.4470000000001,2615.623,3127.5420000000004,56.71,40.56,49.3,23.09,false,false,5.04,-0.43,ETF短中期同步減碼；20日累積後5日轉為調節；ETF 1/3日已轉為減碼；主動ETF 5日轉為減碼；投信5/10日持續且具金額意義的賣超
207,3264,欣銓,TPEX,半導體業,暫不承接,保護持有,今天不新增部位；未完成確認前不機械式賣出,下一交易日收盤，確認是否收復防守區,已有部位暫停加碼；若收盤跌破60日EMA約 211.59，且下一交易日仍未收復，先減碼三分之一；若ETF或外資繼續轉弱，再分批降低部位。,66.3,70.3,53.1,85,100,可用,219,217.5,52.26,31.9,29.05,52.52,88.08,4.39,27.81,5.14,1.97,15,-1193,-2757,-3125,-188,1961,-3137,-153.135,-153.135,-153.135,-153.135,-1193,-1193,-1193,-1193,0,1,-254109000,34.602,34.602,35.76,,,,,1005.263,1005.263,1005.263,1005.263,54.06,33.66,31.35,38.28,true,false,3.82,6.05,ETF短中期同步減碼；20日累積後5日轉為調節；ETF 1/3日已轉為減碼；主動ETF 5日轉為減碼；外資持股趨勢資料不足或期間有非市場異動
208,3044,健鼎,TWSE,電子零組件業,暫不承接,降低部位,停止加碼；反彈未站回恢復區時分批減碼,每個交易日收盤後，確認是否站回恢復區,已有部位先停止加碼。反彈若仍未站回 452.43，分批降低部位；只有站回且ETF／外資賣壓收斂後才重新評估。,61.8,69.6,61.6,85,100,可用,483,481,56.55,34.71,20.58,48.8,162.21,13.02,19.84,4.37,2.74,22,-2,-63,-45,-117,331,-53,115.646,-3263.745,-1270.7889999999995,-3428.7959999999985,-2.029,699.84,2336.261,2519.707,3,2,324025920,-327.98,-310.535,48.31,144,-3654,-10026,,155.914,-3635.605,-3296.5150000000003,-6052.359000000001,59.61,43.66,49.71,31.57,false,false,6.76,0.52,ETF短中期同步減碼；20日累積後5日轉為調節；ETF 1/3日已轉為減碼；主動ETF 5日轉為減碼；外資持股5/10日下降，且外資5日賣超
209,9945,潤泰新,TWSE,其他,暫不承接,保護持有,今天不新增部位；未完成確認前不機械式賣出,下一交易日收盤，確認是否收復防守區,已有部位暫停加碼；若收盤跌破60日EMA約 27.04，且下一交易日仍未收復，先減碼三分之一；若ETF或外資繼續轉弱，再分批降低部位。,60.6,68.8,73.4,85,100,完整,28.95,28.9,2.01,33.94,20.1,34.7,158.5,3.7,5.03,0.51,3.83,5,0,-1189,-1189,-1189,-1210,-1189,1107.646,1604.1870000000001,20449.698,27504.793,0,-1189,-1189,-1201.024,0,1,-34183750,-190.15499999999997,374.2130000000001,8.36,583,2773,47308,,1086.281,2983.342,21264.485,28173.14,60.27,51.24,63.17,27.37,false,false,2.36,-2.85,ETF短中期同步減碼；主動ETF 5日轉為減碼；單季稅前獲利對營業外貢獻依賴偏高
210,6788,華景電,TPEX,半導體業,暫不承接,保護持有,今天不新增部位；未完成確認前不機械式賣出,下一交易日收盤，確認是否收復防守區,已有部位暫停加碼；若收盤跌破60日EMA約 374.19，且下一交易日仍未收復，先減碼三分之一；若ETF或外資繼續轉弱，再分批降低部位。,55.7,68.2,74.1,85,100,可用,359,359,61.53,18.22,34.89,32.23,315.71,9.79,18.28,5.18,4.25,2,0,-1,-1,-2,3,0,-25.436,-25.436,-25.436,-25.436,0,0,0,0,0,0,0,-3.442,-3.442,12.3,,,,,-21.994,-21.994,-21.994,-21.994,50.54,47.91,46.61,50.5,true,false,1.17,2.57,ETF短中期同步減碼；20日累積後5日轉為調節；外資持股趨勢資料不足或期間有非市場異動
211,6770,力積電,TWSE,半導體業,暫不承接,保護持有,今天不新增部位；未完成確認前不機械式賣出,下一交易日收盤，確認是否收復防守區,已有部位暫停加碼；若收盤跌破60日EMA約 68.14，且下一交易日仍未收復，先減碼三分之一；若ETF或外資繼續轉弱，再分批降低部位。,58.4,68.1,68,85,100,可用,70.5,70.2,70.54,42.68,58.03,34.6,495.94,4.08,23,2.52,,10,0,0,-290,-928,-526,-282,-54438.965,-100169.193,116407.06700000002,94264.50700000004,0,-244,-635,11224.105,1,2,-16836000,-373.52700000000004,4350.929,13.35,-60002,-97588,-90767,,-53685.227,-99551.666,112691.13799999999,78051.71800000001,53.32,26.12,32.35,13.65,false,false,2.98,5.86,ETF短中期同步減碼；主動ETF 5日轉為減碼；外資持股趨勢資料不足或期間有非市場異動；2日內除權息，等待價格重置
212,5274,信驊,TPEX,半導體業,暫不承接,保護持有,今天不新增部位；未完成確認前不機械式賣出,下一交易日收盤，確認是否收復防守區,"已有部位暫停加碼；若收盤跌破60日EMA約 15,246.78，且下一交易日仍未收復，先減碼三分之一；若ETF或外資繼續轉弱，再分批降低部位。",64.7,67.2,54.1,85,100,可用,15560,15690,97.59,68.06,53.36,45.44,201.99,78.28,102.73,74.72,0.53,31,0,-29,-106,-36,104,-106,85.237,85.237,85.237,85.237,0,0,0,0,0,0,0,1.956,1.956,52.92,,,,,83.281,83.281,83.281,83.281,48.87,21.46,27.42,9.55,false,false,-1.51,-1.71,ETF短中期同步減碼；20日累積後5日轉為調節；外資持股趨勢資料不足或期間有非市場異動；當下除權息調整價未守20日EMA
213,6442,光聖,TWSE,通信網路業,暫不承接,保護持有,今天不新增部位；未完成確認前不機械式賣出,下一交易日收盤，確認是否收復防守區,"已有部位暫停加碼；若收盤跌破60日EMA約 1,569.19，且下一交易日仍未收復，先減碼三分之一；若ETF或外資繼續轉弱，再分批降低部位。",68.2,67.2,63.5,85,100,完整,1615,1610,49.25,30.48,29.66,31.99,217.81,19.07,47.49,9.64,0.7,9,-70,-70,-69,-22,-127,-70,187.13,583.3219999999999,-120.53700000000015,-92.31500000000017,-74,66,690,476.39700000000005,1,1,105930000,50.955000000000005,84.976,32.18,201,509,-1848,,203.472,466.367,-895.5130000000001,-525.9710000000001,57.56,54.05,54.42,53.33,false,false,7.9,5.56,ETF短中期同步減碼；ETF 1/3日已轉為減碼；主動ETF 5日轉為減碼
214,2368,金像電,TWSE,電子零組件業,暫不承接,降低部位,停止加碼；反彈未站回恢復區時分批減碼,每個交易日收盤後，確認是否站回恢復區,"已有部位先停止加碼。反彈若仍未站回 1,047.93，分批降低部位；只有站回且ETF／外資賣壓收斂後才重新評估。",58.6,66.7,56,85,100,完整,1035,1040,77.38,70.29,26.62,56.53,165.77,16.17,34.85,11.92,1.01,36,11,13,-773,-1404,-6116,-817,112.088,-2285.129,-4795.254999999999,-8391.934999999998,92.978,-596.211,5956.504,451.95399999999995,1,4,-578920881,-32.054,-222.756,26.73,-70,-1564,-5965,,-82.808,-1656.864,-10529.003,-7956.606000000002,54.58,42.92,46.58,35.59,false,false,5.04,-0.48,ETF短中期同步減碼；主動ETF 5日轉為減碼；投信20日買超後近5日轉賣；外資持股5/10日下降，且外資5日賣超
215,3022,威強電,TWSE,電腦及週邊設備業,暫不承接,保護持有,今天不新增部位；未完成確認前不機械式賣出,下一交易日收盤，確認是否收復防守區,已有部位暫停加碼；若收盤跌破60日EMA約 88.38，且下一交易日仍未收復，先減碼三分之一；若ETF或外資繼續轉弱，再分批降低部位。,52,66.7,73.9,85,100,完整,92.8,92.5,73.92,26.75,6.47,32.04,248.51,3.29,12.35,1.44,3.76,2,1,1,-283,-283,-3,-284,-361.702,-718.138,-2631.224,2791.256,1,-283,-283,-0.18999999999998352,1,1,-26319000,-45.146,-143.274,22.05,-374,-940,5620,,-355.648,-389.992,-2204.9500000000003,2760.7809999999995,49.27,24.06,21.77,28.64,true,false,-1.38,0.98,ETF短中期同步減碼；主動ETF 5日轉為減碼；當下除權息調整價未守20日EMA；單季稅前獲利對營業外貢獻依賴偏高
216,6691,洋基工程,TWSE,其他電子業,暫不承接,降低部位,停止加碼；反彈未站回恢復區時分批減碼,每個交易日收盤後，確認是否站回恢復區,已有部位先停止加碼。反彈若仍未站回 632.70，分批降低部位；只有站回且ETF／外資賣壓收斂後才重新評估。,55.7,66.7,55.5,85,100,完整,624,625,177.06,98.1,16.22,72.04,135.24,17.46,18.43,10.02,3.57,10,1,1,506,868,968,-113,-143.826,-2366.193,-2912.7940000000003,-2927.4040000000005,1,-20,342,539.501,2,1,-12320000,10.889999999999993,23.423999999999992,10.32,-92,-2260,-4861,,-140.772,-2357.083,-3278.218,-3524.0540000000005,46.94,30.86,32.7,27.19,false,false,-1.38,-2.78,中期趨勢仍向下；主動ETF 5日轉為減碼；外資持股5/10日下降，且外資5日賣超；20日趨勢尚未上彎；當下除權息調整價未守20日EMA
217,2404,漢唐,TWSE,其他電子業,暫不承接,保護持有,今天不新增部位；未完成確認前不機械式賣出,下一交易日收盤，確認是否收復防守區,"已有部位暫停加碼；若收盤跌破60日EMA約 1,138.13，且下一交易日仍未收復，先減碼三分之一；若ETF或外資繼續轉弱，再分批降低部位。",59.8,66.6,54.7,85,100,完整,1085,1080,63.77,73.9,19.79,81.91,117.19,36.23,16.14,11.28,3.74,19,10,9,37,181,-689,0,-85.449,-557.1569999999999,-423.19899999999996,240.65400000000017,10,38,-341,-810.485,4,1,40660000,-165.097,-159.72600000000003,37.98,-68,-331,1592,,-91.861,-430.06000000000006,77.52699999999993,2023.011,43.68,22.62,26.4,15.05,false,false,-2.21,-0.91,中期趨勢仍向下；20日趨勢尚未上彎；當下除權息調整價未守20日EMA
218,6187,萬潤,TPEX,半導體業,暫不承接,保護持有,今天不新增部位；未完成確認前不機械式賣出,下一交易日收盤，確認是否收復防守區,"已有部位暫停加碼；若收盤跌破60日EMA約 1,105.16，且下一交易日仍未收復，先減碼三分之一；若ETF或外資繼續轉弱，再分批降低部位。",62.9,66.3,54.9,85,100,可用,1310,1300,73.44,42.72,29.5,35.14,178.04,11.9,65.84,14.52,0.92,17,95,98,-381,-1287,-2025,-379,82.828,82.828,82.828,82.828,113,113,113,113,1,0,143510000,8.584,8.584,33.52,,,,,-38.756,-38.756,-38.756,-38.756,59.38,57.06,60.63,49.93,false,false,10.17,0.38,ETF短中期同步減碼；外資持股趨勢資料不足或期間有非市場異動
219,2812,台中銀,TWSE,金融保險業,暫不承接,保護持有,今天不新增部位；未完成確認前不機械式賣出,下一交易日收盤，確認是否收復防守區,已有部位暫停加碼；若收盤跌破60日EMA約 18.86，且下一交易日仍未收復，先減碼三分之一；若ETF或外資繼續轉弱，再分批降低部位。,62.5,66.1,68.1,85,100,完整,19,19,1.56,19.29,,90.61,,0.87,11.28,1.19,5.59,8,-34,-40,-40,-250,7267,0,2015.939,7495.053,11130.965,-4575.686000000003,-34.169,-57.169,-267.169,2518.549,0,3,-1083353,-140,93,8.55,1562,4583,-3541,,2040.108,7692.222,11305.133999999998,-7000.042999999999,52.95,78.57,71.26,93.19,false,false,0.49,0,ETF短中期同步減碼；20日累積後5日轉為調節；ETF 1/3日已轉為減碼；20日趨勢尚未上彎
220,2337,旺宏,TWSE,半導體業,暫不承接,降低部位,停止加碼；反彈未站回恢復區時分批減碼,每個交易日收盤後，確認是否站回恢復區,已有部位先停止加碼。反彈若仍未站回 132.54，分批降低部位；只有站回且ETF／外資賣壓收斂後才重新評估。,53.4,65.6,65.1,85,100,可用,124,125.5,180.48,137.83,36.83,35.77,235.89,4.82,28.91,3.9,,11,3,39,-1320,-4012,-6741,-1303,-4988.651,-4719.718,-19579.357000000004,-33833.061,3,-1313,-28512,-2039.4680000000008,3,1,-160186000,-2262.545,-3478.208,24.08,-5068,-2999,-46720,,-4924.391,-1144.1729999999998,12410.851,-29156.028,47.93,29.42,34.22,19.81,false,false,-0.98,4.2,ETF短中期同步減碼；主動ETF 5日轉為減碼；外資持股5/10日下降，且外資5日賣超
221,2356,英業達,TWSE,電腦及週邊設備業,暫不承接,降低部位,停止加碼；反彈未站回恢復區時分批減碼,每個交易日收盤後，確認是否站回恢復區,已有部位先停止加碼。反彈若仍未站回 65.47，分批降低部位；只有站回且ETF／外資賣壓收斂後才重新評估。,68,65.5,40.9,85,100,可用,66.7,66.8,65.73,40.78,1.78,83.6,108.21,1.76,21.1,3.02,3.06,22,-74,-330,-410,-2738,113,0,-1805.702,3088.615,36489.69,18951.171999999995,-74.227,-481.227,-1387.846,-6123.498999999999,0,5,-31472246,-320.012,907.264,18.78,-2661,3844,138186,,-1702.675,3889.8540000000003,36970.272,28812.465000000004,53.91,27.51,29.86,22.8,false,false,1.88,2.3,ETF短中期同步減碼；20日累積後5日轉為調節；ETF 1/3日已轉為減碼；投信5/10日持續且具金額意義的賣超
222,2801,彰銀,TWSE,金融保險業,暫不承接,降低部位,停止加碼；反彈未站回恢復區時分批減碼,每個交易日收盤後，確認是否站回恢復區,已有部位先停止加碼。反彈若仍未站回 23.76，分批降低部位；只有站回且ETF／外資賣壓收斂後才重新評估。,63.5,65.2,63.5,85,100,可用,24,23.9,7.11,13.38,,93.5,,0.94,13.97,1.22,4.42,20,-75,-301,-698,-1384,11148,0,-3754.547,1229.6540000000007,14046.817000000003,-18124.933999999997,-55.909,-785.909,-1454.909,5402.497999999999,0,4,-18665339,-371.119,40.654999999999916,16.83,57403,65016,-43885,,-3715.552,2386.682,15461.070999999996,-15568.229000000005,56.21,72.61,71.05,75.73,false,false,1,0.42,ETF短中期同步減碼；20日累積後5日轉為調節；ETF 1/3日已轉為減碼；投信5/10日持續且具金額意義的賣超；外資持股趨勢資料不足或期間有非市場異動
223,2393,億光,TWSE,光電業,暫不承接,保護持有,今天不新增部位；未完成確認前不機械式賣出,下一交易日收盤，確認是否收復防守區,已有部位暫停加碼；若收盤跌破60日EMA約 65.55，且下一交易日仍未收復，先減碼三分之一；若ETF或外資繼續轉弱，再分批降低部位。,62.6,64.8,66.6,85,100,可用,66.8,66.8,17.44,5.2,8.54,37.1,195.25,2.14,13.9,1.5,6.9,12,2,-319,-326,-770,-852,-363,-141.448,2453.223,2620.0319999999997,1533.254,2,-326,-769.879,-912.145,3,2,-21255200,-13.527999999999992,40.19100000000001,27.76,-123,2485,-3788,,-147,2792.751,3349.7199999999993,787.9960000000001,56.83,78.6,76.28,83.23,true,false,3.47,3.41,ETF短中期同步減碼；主動ETF 5日轉為減碼
224,7769,鴻勁,TWSE,半導體業,暫不承接,降低部位,停止加碼；反彈未站回恢復區時分批減碼,每個交易日收盤後，確認是否站回恢復區,"已有部位先停止加碼。反彈若仍未站回 6,382.45，分批降低部位；只有站回且ETF／外資賣壓收斂後才重新評估。",59.1,64.8,63.3,85,100,可用,6320,6335,100.83,93.16,49.13,33.36,287.37,56.14,64.11,19.67,1.05,29,10,-4,-36,-102,-78,-31,-28.556,11.994999999999997,252.119,242.28799999999995,-65,-122.031,-54.050999999999995,6.049000000000007,1,4,-757812510,-7.274,1.3639999999999977,19.47,39,151,64,,36.025,141.3,304.80600000000004,206.77,48.37,25.83,33.84,9.8,false,false,-0.98,-1.94,ETF短中期同步減碼；主動ETF 5日轉為減碼；投信5/10日持續且具金額意義的賣超；當下除權息調整價未守20日EMA
225,8021,尖點,TWSE,其他電子業,暫不承接,降低部位,停止加碼；反彈未站回恢復區時分批減碼,每個交易日收盤後，確認是否站回恢復區,已有部位先停止加碼。反彈若仍未站回 426.57，分批降低部位；只有站回且ETF／外資賣壓收斂後才重新評估。,56.5,64.8,62.2,85,100,完整,418,418.5,102.56,72.33,24.71,37.35,239.28,3.25,81.45,9.42,0.49,9,0,1,-11,-23,-263,-15,166.949,-1476.7720000000002,-4718.172999999999,-3959.463999999999,-25,-767,-848,602.43,1,3,-309868000,-38.682,-46.55800000000002,18.6,129,-690,-2397,,191.384,-671.0899999999999,-3823.615,-4651.8949999999995,50.61,36.41,35.03,39.18,true,false,1.91,6.23,ETF短中期同步減碼；主動ETF 5日轉為減碼；投信5/10日持續且具金額意義的賣超；外資持股5/10日下降，且外資5日賣超
226,6739,竹陞科技,TPEX,其他電子業,暫不承接,保護持有,今天不新增部位；未完成確認前不機械式賣出,下一交易日收盤，確認是否收復防守區,"已有部位暫停加碼；若收盤跌破60日EMA約 1,078.60，且下一交易日仍未收復，先減碼三分之一；若ETF或外資繼續轉弱，再分批降低部位。",51.8,64.7,64.9,85,100,可用,994,999,99.49,97.13,58.57,38.6,181.02,13.31,40.66,21.71,1.35,1,0,0,0,0,30,0,4.139,4.139,4.139,4.139,0,0,0,0,0,0,0,-3.866,-3.866,3.33,,,,,8.005,8.005,8.005,8.005,47.78,25.78,24.37,28.6,true,false,-0.83,1.64,中期趨勢仍向下；外資持股趨勢資料不足或期間有非市場異動；20日趨勢尚未上彎；當下除權息調整價未守20日EMA
227,3526,凡甲,TPEX,電子零組件業,暫不承接,保護持有,今天不新增部位；未完成確認前不機械式賣出,下一交易日收盤，確認是否收復防守區,已有部位暫停加碼；若收盤跌破60日EMA約 304.07，且下一交易日仍未收復，先減碼三分之一；若ETF或外資繼續轉弱，再分批降低部位。,53.5,64.6,74,85,95.4,可用,280,280,41.36,27.12,31.35,45.89,284.73,9.08,15.65,4.49,6.06,4,0,6,4,1,-1,0,-191.316,-191.316,-191.316,-191.316,0,0,0,0,0,0,0,-1.316,-1.316,17.42,,,,,-190,-190,-190,-190,38.72,25.51,20.51,35.5,true,false,-2.88,-1.23,中期趨勢仍向下；外資持股趨勢資料不足或期間有非市場異動；20日趨勢尚未上彎；當下除權息調整價未守20日EMA
228,1476,儒鴻,TWSE,紡織纖維,暫不承接,保護持有,今天不新增部位；未完成確認前不機械式賣出,下一交易日收盤，確認是否收復防守區,已有部位暫停加碼；若收盤跌破60日EMA約 333.90，且下一交易日仍未收復，先減碼三分之一；若ETF或外資繼續轉弱，再分批降低部位。,62.2,64.5,73.3,85,100,完整,316,316,23.26,5.98,20.96,24,273.93,12.35,13.21,3.02,4.7,13,0,4,51,357,522,0,151.138,849.967,-2433.194,-1818.0840000000003,0.268,49.268,355.139,131.40900000000002,5,0,15716492,15.82,-312.221,29.37,31,954,560,,148.588,784.879,-2476.112,-1893.473,40.71,48.49,36.74,71.98,false,false,-2.95,1.44,中期趨勢仍向下；20日趨勢尚未上彎；當下除權息調整價未守20日EMA
229,6613,朋億*,TPEX,其他電子業,暫不承接,保護持有,今天不新增部位；未完成確認前不機械式賣出,下一交易日收盤，確認是否收復防守區,已有部位暫停加碼；若收盤跌破60日EMA約 284.90，且下一交易日仍未收復，先減碼三分之一；若ETF或外資繼續轉弱，再分批降低部位。,49.4,64.3,69.2,85,100,可用,260.5,260.5,64.32,49.04,15.82,45.74,202.18,8.51,14.64,3,4.04,1,0,0,0,0,-1,0,-80.361,-80.361,-80.361,-80.361,0,0,0,0,0,0,0,-11.366,-11.366,6.62,,,,,-68.995,-68.995,-68.995,-68.995,42.57,24.61,15.72,42.37,true,false,-3.26,3.78,中期趨勢仍向下；外資持股趨勢資料不足或期間有非市場異動；20日趨勢尚未上彎；當下除權息調整價未守20日EMA
230,2882,國泰金,TWSE,金融保險業,暫不承接,保護持有,今天不新增部位；未完成確認前不機械式賣出,下一交易日收盤，確認是否收復防守區,已有部位暫停加碼；若收盤跌破60日EMA約 96.50，且下一交易日仍未收復，先減碼三分之一；若ETF或外資繼續轉弱，再分批降低部位。,71.7,64.3,52.9,85,91,可用,103,102.5,-69.71,422.1,,94.35,,2.15,15.63,2.06,3.4,31,-38,-34,-38,-74,25738,0,12890.009,12951.135000000002,14996.916000000001,27715.758,-37.678,-22.928999999999995,882.7829999999999,-5912.934,2,2,-2361687,-1257.204,-947.066,23.19,12909,14595,60137,,13018.233,14231.268,15061.199,31251.188,58.59,57.1,48.9,73.5,true,false,3.4,4.78,ETF短中期同步減碼；20日累積後5日轉為調節；ETF 1/3日已轉為減碼
231,8016,矽創,TWSE,半導體業,暫不承接,降低部位,停止加碼；反彈未站回恢復區時分批減碼,每個交易日收盤後，確認是否站回恢復區,已有部位先停止加碼。反彈若仍未站回 297.02，分批降低部位；只有站回且ETF／外資賣壓收斂後才重新評估。,56.6,63.9,66.6,85,100,完整,295,296,34.48,29.75,14.18,31.5,231.35,12.28,14.62,2.6,3.93,11,-11,-41,-1637,-2456,-2597,-1631,-82.215,67.61699999999999,-9.290999999999997,532.038,-11,-1637,-2456,-2152.0910000000003,0,5,-478822500,-27.382,-83.80199999999999,46.49,-69,1563,3114,,-66.27,1731.9989999999998,2530.5109999999995,2950.103,48.5,31.46,34.17,26.03,false,false,-0.68,-0.34,ETF短中期同步減碼；ETF 1/3日已轉為減碼；主動ETF 5日轉為減碼；投信5/10日持續且具金額意義的賣超；當下除權息調整價未守20日EMA
232,2360,致茂,TWSE,其他電子業,暫不承接,降低部位,停止加碼；反彈未站回恢復區時分批減碼,每個交易日收盤後，確認是否站回恢復區,"已有部位先停止加碼。反彈若仍未站回 2,089.32，分批降低部位；只有站回且ETF／外資賣壓收斂後才重新評估。",55.1,63.8,61.4,85,100,可用,1985,1980,175.26,101.53,39.54,47.08,167.28,21.27,50.13,25.23,0.99,48,-5,-261,-539,-448,631,-665,143.501,-392.908,415.69800000000004,-21.610999999999997,-887.98,-2052.177,-1659.719,-2334.953,0,5,-4032527805,75.262,64.28299999999999,58.93,994,1532,-5028,,989.638,1584.007,2011.134,2382.043,44.35,25.04,37.7,-0.29,false,false,-4.99,-6.37,ETF短中期同步減碼；20日累積後5日轉為調節；ETF 1/3日已轉為減碼；主動ETF 5日轉為減碼；投信5/10日持續且具金額意義的賣超；當下除權息調整價未守20日EMA
233,7751,竑騰,TPEX,半導體業,暫不承接,保護持有,今天不新增部位；未完成確認前不機械式賣出,下一交易日收盤，確認是否收復防守區,"已有部位暫停加碼；若收盤跌破60日EMA約 1,451.72，且下一交易日仍未收復，先減碼三分之一；若ETF或外資繼續轉弱，再分批降低部位。",57.1,63.2,51.3,85,99.1,可用,1815,1805,50.97,64.94,33.81,48.73,198.28,13.85,70.16,20.62,0.99,2,11,22,-3,-234,-286,-3,187.377,187.377,187.377,187.377,170,170,170,170,1,0,307700000,-0.029,-0.029,8.27,,,,,17.406,17.406,17.406,17.406,68.09,86.21,82.72,93.19,false,false,20.81,26.48,ETF短中期同步減碼；主動ETF 5日轉為減碼；外資持股趨勢資料不足或期間有非市場異動；短線過熱或乖離過大；高波動且5日漲幅過大
234,2834,臺企銀,TWSE,金融保險業,暫不承接,保護持有,今天不新增部位；未完成確認前不機械式賣出,下一交易日收盤，確認是否收復防守區,已有部位暫停加碼；若收盤跌破60日EMA約 16.35，且下一交易日仍未收復，先減碼三分之一；若ETF或外資繼續轉弱，再分批降低部位。,53.5,63.2,69.3,85,91,可用,16.45,16.45,18,6.18,,94.16,,0.35,12.48,1.07,6.12,13,-53,-66,-328,-776,9010,0,-8585.468,-29395.351,-67562.002,-159353.483,-33.98,-389.98,-818.98,-1205.0270000000003,0,4,-6376173,-154.28,162.68800000000005,17.98,-2493,-23171,2162,,-8543.488,-28851.091,-66905.71,-157394.09200000003,46.89,42.28,40.3,46.23,true,true,-0.41,0.3,ETF短中期同步減碼；20日累積後5日轉為調節；ETF 1/3日已轉為減碼；20日趨勢尚未上彎；當下除權息調整價未守20日EMA
235,7734,印能科技,TPEX,半導體業,暫不承接,降低部位,停止加碼；反彈未站回恢復區時分批減碼,每個交易日收盤後，確認是否站回恢復區,"已有部位先停止加碼。反彈若仍未站回 3,109.55，分批降低部位；只有站回且ETF／外資賣壓收斂後才重新評估。",52.9,62.8,68,85,100,可用,3100,3100,62.33,62.94,53.25,22.22,492.21,28.72,60.92,11.98,0.69,3,-34,-34,-34,-95,-50,-34,-43.923,-43.923,-43.923,-43.923,-96,-96,-96,-96,0,1,-277440000,5.084,5.084,4.42,,,,,46.993,46.993,46.993,46.993,49.9,30.85,19.87,52.81,true,false,0.73,6.71,中期趨勢仍向下；ETF短中期同步減碼；ETF 1/3日已轉為減碼；主動ETF 5日轉為減碼；外資持股趨勢資料不足或期間有非市場異動；20日趨勢尚未上彎
236,3088,艾訊,TPEX,電腦及週邊設備業,暫不承接,保護持有,今天不新增部位；未完成確認前不機械式賣出,下一交易日收盤，確認是否收復防守區,已有部位暫停加碼；若收盤跌破60日EMA約 130.97，且下一交易日仍未收復，先減碼三分之一；若ETF或外資繼續轉弱，再分批降低部位。,48.1,62.7,72.2,85,100,可用,125.5,125,66.92,45.48,12.29,33.69,239.98,4.28,15.54,2.48,2.36,1,0,0,0,0,10,0,-153.463,-153.463,-153.463,-153.463,0,0,0,0,0,0,0,-3.463,-3.463,18.84,,,,,-150,-150,-150,-150,43.47,12.81,15.58,7.27,false,false,-3.36,-0.79,中期趨勢仍向下；外資持股趨勢資料不足或期間有非市場異動；20日趨勢尚未上彎；當下除權息調整價未守20日EMA
237,2316,楠梓電,TWSE,電子零組件業,暫不承接,保護持有,今天不新增部位；未完成確認前不機械式賣出,下一交易日收盤，確認是否收復防守區,已有部位暫停加碼；若收盤跌破60日EMA約 162.82，且下一交易日仍未收復，先減碼三分之一；若ETF或外資繼續轉弱，再分批降低部位。,53.5,62.6,66.7,85,100,完整,159.5,161,74.43,37.52,-11.96,31.91,225.44,6.54,10.9,1.96,1.28,1,0,0,-2325,-3477,-3470,-2326,21.503,613.993,-400.48,-1777.1109999999996,0,-2325,-3477,-3404.541,0,2,-362700000,-9.109999999999994,-83.94000000000001,37.18,62,2006,2384,,47.858,2948.103,3160.459999999999,1885.484999999999,48.35,32.68,29.92,38.2,true,false,-0.28,2.57,ETF短中期同步減碼；主動ETF 5日轉為減碼；單季稅前獲利對營業外貢獻依賴偏高
238,6505,台塑化,TWSE,油電燃氣業,暫不承接,保護持有,今天不新增部位；未完成確認前不機械式賣出,下一交易日收盤，確認是否收復防守區,已有部位暫停加碼；若收盤跌破60日EMA約 66.77，且下一交易日仍未收復，先減碼三分之一；若ETF或外資繼續轉弱，再分批降低部位。,53.5,62.4,68.9,85,100,完整,70.4,70.4,32.35,11.84,13.74,16.6,520.61,4.32,12.33,1.39,1.69,8,3,3,-8,-3615,-2238,0,3407.034,-11337.951,-14382.445,36009.306,0,-56.632,-9589.052999999998,3836.506000000003,0,4,-4020872,-761.7819999999999,-553.5579999999999,6.98,3644,-10843,30747,,3587.939,-10519.536999999998,-4239.833999999998,25994.419000000005,49.55,36.51,45.73,18.06,false,true,-1.13,0.28,ETF短中期同步減碼；20日趨勢尚未上彎；當下除權息調整價未守20日EMA
239,5534,長虹,TWSE,建材營造,暫不承接,保護持有,今天不新增部位；未完成確認前不機械式賣出,下一交易日收盤，確認是否收復防守區,已有部位暫停加碼；若收盤跌破60日EMA約 78.71，且下一交易日仍未收復，先減碼三分之一；若ETF或外資繼續轉弱，再分批降低部位。,61.1,61.7,63.4,85,100,完整,77,76.9,269.79,63.45,17.45,56.25,185.49,1.05,13.3,1.12,6.72,2,0,313,313,329,613,313,1388.288,2032.837,2680.7670000000003,3590.788,0,313,329,329,1,0,23568900,277.91700000000003,303.95700000000005,9.46,1301,887,109,,1410.322,1441.9199999999998,2047.81,2686.643,42.71,41.44,54.59,15.13,false,true,-2.1,-2.78,中期趨勢仍向下；20日趨勢尚未上彎；當下除權息調整價未守20日EMA
240,2436,偉詮電,TWSE,半導體業,暫不承接,保護持有,今天不新增部位；未完成確認前不機械式賣出,下一交易日收盤，確認是否收復防守區,已有部位暫停加碼；若收盤跌破60日EMA約 65.12，且下一交易日仍未收復，先減碼三分之一；若ETF或外資繼續轉弱，再分批降低部位。,47.9,61.1,67.4,85,100,完整,63.4,64.3,42.93,30.13,11.77,33,261.25,3.02,11.69,2.67,3.08,2,0,0,-2,-12,3,0,-121.963,-1448.213,-1327.3429999999994,-1941.1029999999996,0,-2,-170,-350,0,1,-127200,-181.34300000000002,-508.85200000000003,12.54,-73,-570,889,,-19.174,-1264.87,-648.4910000000002,-883.254,48.97,19.96,27.57,4.75,false,false,-0.53,-2.61,ETF短中期同步減碼；20日累積後5日轉為調節；單季稅前獲利對營業外貢獻依賴偏高
241,1802,台玻,TWSE,玻璃陶瓷,暫不承接,降低部位,停止加碼；反彈未站回恢復區時分批減碼,每個交易日收盤後，確認是否站回恢復區,已有部位先停止加碼。反彈若仍未站回 59.20，分批降低部位；只有站回且ETF／外資賣壓收斂後才重新評估。,67.8,61,41.5,85,100,可用,60.3,59.7,28.45,14.22,10.45,41.77,135.23,0.64,67.44,3.26,,6,-357,-357,-359,-396,-399,-357,2055.482,3253.1839999999997,6838.075999999999,-25616.892,-357,-374,-411,-1387.944,0,3,-21692000,-1278.6459999999997,-48.27899999999991,5.21,2099,4387,-8936,,2568.783,4905.83,7297.355,-30871.047,58.38,63.22,59.75,70.15,true,false,6.38,5.6,ETF短中期同步減碼；ETF 1/3日已轉為減碼；主動ETF 5日轉為減碼；投信5/10日持續且具金額意義的賣超
242,1560,中砂,TWSE,電機機械,暫不承接,保護持有,今天不新增部位；未完成確認前不機械式賣出,下一交易日收盤，確認是否收復防守區,已有部位暫停加碼；若收盤跌破60日EMA約 677.00，且下一交易日仍未收復，先減碼三分之一；若ETF或外資繼續轉弱，再分批降低部位。,60.6,60.8,55.6,85,100,完整,684,682,26.56,23.56,21.9,36.64,166.07,6.44,57.57,11.17,0.73,8,0,3,-630,-865,-305,-630,-112.753,-687.28,472.938,-291.91900000000004,0,-842,-1104.5,-1521.471,1,2,-570034000,-80.87700000000001,-264.23800000000006,37.99,-108,153,-1516,,-87.278,235.59699999999998,1841.676,1652.348,48.82,28.61,37.96,9.89,false,false,-0.89,-3.25,ETF短中期同步減碼；主動ETF 5日轉為減碼；當下除權息調整價未守20日EMA
243,3702,大聯大,TWSE,電子通路業,暫不承接,降低部位,停止加碼；反彈未站回恢復區時分批減碼,每個交易日收盤後，確認是否站回恢復區,已有部位先停止加碼。反彈若仍未站回 113.11，分批降低部位；只有站回且ETF／外資賣壓收斂後才重新評估。,52.3,60.4,51.2,85,100,可用,108,108,90.83,59.92,2.64,83.99,119.79,8.42,9.42,1.97,3.31,29,2562,3782,58,-1452,-1602,-1061,2091.235,-6488.864,-20938.762000000002,-33288.466,2562,369,-2763,-1555.548,3,2,40590000,936.139,1340.4920000000002,33.71,-828,-6078,-38610,,-1004.72,-7794.003,-19516.253999999997,-35873.458999999995,43.76,26.4,27.06,25.07,true,true,-4.52,1.41,中期趨勢仍向下；主動ETF 5日轉為減碼；外資持股5/10日下降，且外資5日賣超；20日趨勢尚未上彎；當下除權息調整價未守20日EMA；2日內除權息，等待價格重置
244,7828,創新服務,TPEX,半導體業,暫不承接,保護持有,今天不新增部位；未完成確認前不機械式賣出,下一交易日收盤，確認是否收復防守區,"已有部位暫停加碼；若收盤跌破60日EMA約 1,679.56，且下一交易日仍未收復，先減碼三分之一；若ETF或外資繼續轉弱，再分批降低部位。",49,60.2,70.4,85,100,可用,1570,1580,397.16,235.8,39.39,10.55,741.72,4.52,154.16,11.91,0.3,2,0,0,0,0,-2,0,4.999,4.999,4.999,4.999,0,0,0,0,0,0,0,-2,-2,26.3,,,,,6.999,6.999,6.999,6.999,45.1,19.14,26.58,4.26,false,false,-4.7,-2.79,中期趨勢仍向下；外資持股趨勢資料不足或期間有非市場異動；20日趨勢尚未上彎；當下除權息調整價未守20日EMA
245,2881,富邦金,TWSE,金融保險業,暫不承接,降低部位,停止加碼；反彈未站回恢復區時分批減碼,每個交易日收盤後，確認是否站回恢復區,已有部位先停止加碼。反彈若仍未站回 130.65，分批降低部位；只有站回且ETF／外資賣壓收斂後才重新評估。,70.3,60.2,47.3,85,91,可用,139,138.5,-79.15,4391.87,,92.11,,2.4,19.46,2.17,3,34,-9,0,-296,-1763,18352,0,18413.494,34159.166,43637.541,64296.807,-8.232,-357.824,-929.1010000000003,-4344.465,2,3,-50632096,-647.799,-884.082,18.79,17597,33528,76647,,18667.606,35164.789,45450.723999999995,66481.116,63.41,79.15,74.09,89.27,false,false,6.39,8.17,ETF短中期同步減碼；20日累積後5日轉為調節；投信5/10日持續且具金額意義的賣超
246,2317,鴻海,TWSE,其他電子業,暫不承接,保護持有,今天不新增部位；未完成確認前不機械式賣出,下一交易日收盤，確認是否收復防守區,已有部位暫停加碼；若收盤跌破60日EMA約 249.58，且下一交易日仍未收復，先減碼三分之一；若ETF或外資繼續轉弱，再分批降低部位。,58,59.8,50.6,85,100,可用,247,246.5,54.19,37.89,3.67,62.3,142.27,7.84,16.02,1.79,2.95,45,129,225,1390,-9278,4878,95,-14763.694,-39923.998999999996,-67883.44499999999,-4010.8320000000053,-403.381,725.527,-7703.523000000001,-10265.506000000001,3,2,176303061,251.85399999999993,-1461.669,40.26,-13314,-40030,64383,,-15521.575,-40901.38,-58718.25299999999,2510.0190000000093,46.84,19.8,20.26,18.89,false,false,-1.31,0.82,中期趨勢仍向下；外資持股趨勢資料不足或期間有非市場異動；20日趨勢尚未上彎；當下除權息調整價未守20日EMA
247,2049,上銀,TWSE,電機機械,暫不承接,保護持有,今天不新增部位；未完成確認前不機械式賣出,下一交易日收盤，確認是否收復防守區,已有部位暫停加碼；若收盤跌破60日EMA約 339.66，且下一交易日仍未收復，先減碼三分之一；若ETF或外資繼續轉弱，再分批降低部位。,58.8,59.5,54.9,85,100,完整,352.5,353,33.94,20.36,11.98,31.19,225.94,4.03,52.35,3.12,0.58,9,-1,-1,-3,-1133,-1199,0,-73.885,-1554.027,3034.741,7834.499999999999,49.631,2910.631,2505.631,1039.104,4,0,1005623011,-319.399,-407.84599999999995,38.48,-236,-3827,7470,,-115.745,-4145.259,936.9560000000002,6936.050000000001,50.91,23.19,28.11,13.35,false,false,-0.22,-3.95,ETF短中期同步減碼；ETF 1/3日已轉為減碼；當下除權息調整價未守20日EMA；借券賣出與借券賣出餘額壓力升高
248,2324,仁寶,TWSE,電腦及週邊設備業,暫不承接,保護持有,今天不新增部位；未完成確認前不機械式賣出,下一交易日收盤，確認是否收復防守區,已有部位暫停加碼；若收盤跌破60日EMA約 36.96，且下一交易日仍未收復，先減碼三分之一；若ETF或外資繼續轉弱，再分批降低部位。,58,59.5,42.6,85,100,可用,41,40.95,38.26,18.82,1.25,70.57,122.78,1.18,20.5,1.26,2.7,12,-9,2,-187,-2101,726,0,-12849.427,-21244.85,116253.84399999998,145004.488,360.077,1502.077,1370.1260000000002,-2354.708,3,2,61284742,-2646.61,6739.045,38.86,-14312,-33617,184822,,-11552.506,-20100.317000000003,108144.673,138365.93199999997,58.86,45.99,50,37.96,false,false,5.04,4.33,ETF短中期同步減碼；20日累積後5日轉為調節；外資持股趨勢資料不足或期間有非市場異動
249,3023,信邦,TWSE,電子零組件業,暫不承接,保護持有,今天不新增部位；未完成確認前不機械式賣出,下一交易日收盤，確認是否收復防守區,已有部位暫停加碼；若收盤跌破60日EMA約 308.86，且下一交易日仍未收復，先減碼三分之一；若ETF或外資繼續轉弱，再分批降低部位。,60.9,59.3,50.8,85,100,完整,315,314.5,28.97,11.44,10.95,52.87,162.52,7.37,23.97,4.73,3.12,15,1,-96,-240,-305,806,-245,21.852,896.029,1860.899,1297.183,1,-154,-134,165.914,2,2,-49357000,-18.047999999999995,-220.656,41.64,50,1113,-863,,29.198,1068.077,2215.555,1979.6809999999996,51.75,55.81,56.41,54.61,false,true,0.51,-2.17,ETF短中期同步減碼；20日累積後5日轉為調節；主動ETF 5日轉為減碼
250,5439,高技,TPEX,電子零組件業,暫不承接,保護持有,今天不新增部位；未完成確認前不機械式賣出,下一交易日收盤，確認是否收復防守區,已有部位暫停加碼；若收盤跌破60日EMA約 274.81，且下一交易日仍未收復，先減碼三分之一；若ETF或外資繼續轉弱，再分批降低部位。,50.5,59.2,54.9,85,100,可用,247.5,248,4.48,40.78,15.78,67.67,169.55,8.15,13.35,5.56,2.98,2,0,-132,-132,-132,-1892,-132,-40.781,-40.781,-40.781,-40.781,0,0,0,0,0,0,0,-30.936,-30.936,21,,,,,-9.845,-9.845,-9.845,-9.845,49.46,34.72,37.49,29.17,false,false,1.65,5.54,ETF短中期同步減碼；主動ETF 5日轉為減碼；外資持股趨勢資料不足或期間有非市場異動
251,3033,威健,TWSE,電子通路業,暫不承接,降低部位,停止加碼；反彈未站回恢復區時分批減碼,每個交易日收盤後，確認是否站回恢復區,已有部位先停止加碼。反彈若仍未站回 47.06，分批降低部位；只有站回且ETF／外資賣壓收斂後才重新評估。,49,59.1,53.9,85,100,完整,45.45,45.4,78.71,32.99,3.65,78.4,133.84,3.38,10.1,1.89,4.18,5,0,0,0,-26,480,0,-1615.013,-2625.695,-14300.944,-5927.182999999998,0,0,-26,107.975,0,0,0,-1597.1170000000002,-2717.8770000000004,23.21,-1314,-909,-6869,,-1323.79,-1028.578,-11557.067000000001,-2204.738000000001,43.07,21.6,23.21,18.38,false,false,-3.22,1,中期趨勢仍向下；外資持股5/10日下降，且外資5日賣超；20日趨勢尚未上彎；當下除權息調整價未守20日EMA
252,6414,樺漢,TWSE,電腦及週邊設備業,暫不承接,保護持有,今天不新增部位；未完成確認前不機械式賣出,下一交易日收盤，確認是否收復防守區,已有部位暫停加碼；若收盤跌破60日EMA約 403.90，且下一交易日仍未收復，先減碼三分之一；若ETF或外資繼續轉弱，再分批降低部位。,54.7,58.9,51.4,85,100,完整,397,398,55.07,27.54,5.47,64.66,128.3,12.31,16.36,2.08,3.5,9,1,1,1,1,-70,0,144.192,679.406,-3008.4129999999996,-1319.1169999999997,1,13,-7,86.126,2,0,5122000,-263.834,-513.1610000000001,45.75,137,853,2927,,136.915,930.2400000000001,-2488.252,-216.32499999999976,43.4,16.27,18.28,12.25,false,false,-4.93,-2.82,中期趨勢仍向下；20日趨勢尚未上彎；當下除權息調整價未守20日EMA
253,8086,宏捷科,TPEX,半導體業,暫不承接,保護持有,今天不新增部位；未完成確認前不機械式賣出,下一交易日收盤，確認是否收復防守區,已有部位暫停加碼；若收盤跌破60日EMA約 127.27，且下一交易日仍未收復，先減碼三分之一；若ETF或外資繼續轉弱，再分批降低部位。,50,58.8,69.2,85,100,可用,117,117,18.39,39.99,24.75,21.4,324.69,2.93,21.55,2.68,1.45,1,0,0,0,1,2,0,-151.603,-151.603,-151.603,-151.603,0,0,0,0,0,0,0,50.159,50.159,17.3,,,,,-201.762,-201.762,-201.762,-201.762,47.89,38.07,32.33,49.55,true,false,-0.01,1.3,中期趨勢仍向下；外資持股趨勢資料不足或期間有非市場異動；20日趨勢尚未上彎；當下除權息調整價未守20日EMA
254,1605,華新,TWSE,電器電纜,暫不承接,保護持有,今天不新增部位；未完成確認前不機械式賣出,下一交易日收盤，確認是否收復防守區,已有部位暫停加碼；若收盤跌破60日EMA約 35.74，且下一交易日仍未收復，先減碼三分之一；若ETF或外資繼續轉弱，再分批降低部位。,64.6,58.7,49.4,85,100,可用,39.45,39.4,10.08,0.98,1.4,38.79,147.45,2.85,11.65,0.83,1.3,7,0,0,-13,-53,-20,0,1107.061,7197.633999999999,71598.73300000001,120400.01600000003,-0.263,-42.263,-82.13899999999998,-100.27700000000002,0,3,-1625012,516.0299999999999,-574.6100000000001,17.86,1150,6883,120292,,1213.958,6723.866999999999,72255.482,120132.17000000001,63.32,53.98,49.2,63.54,true,false,6.98,7.2,ETF短中期同步減碼；單季稅前獲利對營業外貢獻依賴偏高
255,2449,京元電子,TWSE,半導體業,暫不承接,降低部位,停止加碼；反彈未站回恢復區時分批減碼,每個交易日收盤後，確認是否站回恢復區,已有部位先停止加碼。反彈若仍未站回 263.33，分批降低部位；只有站回且ETF／外資賣壓收斂後才重新評估。,54.9,58.7,50.2,85,100,可用,244.5,244,36.75,36.18,26.25,51.32,147.28,3.91,31.39,4.67,0.63,33,47,-20,-635,-3714,3410,-814,-1755.338,1968.8509999999999,-14858.402000000002,-56902.809,33.326,-1347.866,-4929.129,-5133.467,3,2,-322813907,-37.79000000000001,-493.14300000000003,28.57,-1195,4952,-50485,,-1828.531,3354.5069999999996,-9436.130000000001,-49808.724,47.51,42.86,39.16,50.26,true,false,-0.28,4.04,中期趨勢仍向下；ETF短中期同步減碼；20日累積後5日轉為調節；主動ETF 5日轉為減碼；20日趨勢尚未上彎；當下除權息調整價未守20日EMA
256,3019,亞光,TWSE,光電業,暫不承接,保護持有,今天不新增部位；未完成確認前不機械式賣出,下一交易日收盤，確認是否收復防守區,已有部位暫停加碼；若收盤跌破60日EMA約 138.64，且下一交易日仍未收復，先減碼三分之一；若ETF或外資繼續轉弱，再分批降低部位。,61.6,58.6,55.6,85,100,完整,136.5,136,14.81,15.48,9.05,40.75,215.07,2.98,22.43,2.5,3.46,2,1,2,2,2,0,0,-394.276,-1032.8950000000002,1330.038,1360.4330000000002,1,2,2,-0.589,2,0,266000,-4.364000000000004,115.882,8.14,-69,137,3443,,-339.839,-1030.531,1212.156,1046.1259999999997,50.74,36.37,40.93,27.23,false,false,0.77,0,
257,2548,華固,TWSE,建材營造,暫不承接,保護持有,今天不新增部位；未完成確認前不機械式賣出,下一交易日收盤，確認是否收復防守區,已有部位暫停加碼；若收盤跌破60日EMA約 98.97，且下一交易日仍未收復，先減碼三分之一；若ETF或外資繼續轉弱，再分批降低部位。,56.8,58.6,62,85,90,可用,96.2,96,-91.05,102.17,20.15,61.37,222.93,2.81,7.79,1.48,8.82,2,0,179,180,180,176,0,-146.77,684.883,-1668.493,-7743.469000000001,0,177.2,177.2,8.990999999999985,2,1,17082080,-96.847,-76.737,14.58,-104,769,-2171,,-142.661,604.53,-1768.956,-7377.079000000001,50.45,62.22,53.39,79.88,false,false,0.47,2.45,中期趨勢仍向下；外資持股趨勢資料不足或期間有非市場異動；20日趨勢尚未上彎
258,1513,中興電,TWSE,電機機械,暫不承接,降低部位,停止加碼；反彈未站回恢復區時分批減碼,每個交易日收盤後，確認是否站回恢復區,已有部位先停止加碼。反彈若仍未站回 164.33，分批降低部位；只有站回且ETF／外資賣壓收斂後才重新評估。,57.1,58.4,48.1,85,100,完整,166,166,3.83,3.53,19.35,56.3,105.97,4.5,18.62,3.93,3.63,11,-45,-115,-169,-362,-431,0,193.612,-1056.0700000000002,14557.915,16089.073,-45.05,-179.05,-181.05,-1871.251,0,4,-29632775,-237.839,175.219,11.9,-96,-5675,11693,,261.926,-639.181,14563.746,17073.675999999996,53.01,33.54,41.27,18.08,false,false,1.04,1.22,ETF短中期同步減碼；ETF 1/3日已轉為減碼；投信5/10日持續且具金額意義的賣超
259,6409,旭隼,TWSE,其他電子業,暫不承接,保護持有,今天不新增部位；未完成確認前不機械式賣出,下一交易日收盤，確認是否收復防守區,已有部位暫停加碼；若收盤跌破60日EMA約 974.05，且下一交易日仍未收復，先減碼三分之一；若ETF或外資繼續轉弱，再分批降低部位。,64.1,58.4,42.2,85,100,完整,1040,1030,25.81,-4.29,18.11,58.77,134.82,12.58,39.52,11.32,3.6,12,1,0,0,56,55,0,13.853,-208.696,221.69299999999998,-304.405,1.968,73.968,178.58899999999997,245.18600000000004,3,0,75447360,-55.099000000000004,1.4429999999999907,52.65,-3,-217,265,,15.432,-227.565,41.660999999999994,-555.902,54.52,47.19,44.44,52.68,true,false,2.97,0.97,
260,3209,全科,TWSE,電子通路業,暫不承接,降低部位,停止加碼；反彈未站回恢復區時分批減碼,每個交易日收盤後，確認是否站回恢復區,已有部位先停止加碼。反彈若仍未站回 56.58，分批降低部位；只有站回且ETF／外資賣壓收斂後才重新評估。,46.2,58.2,54,85,100,完整,51.6,51.8,47.9,44.92,2.95,74.58,145.9,3.28,8.68,2.17,4.81,1,0,0,0,-1,-1,0,-785.481,-2239.201,-5137.682,-7605.781000000001,0,0,-1,-115,0,0,0,2.9939999999999984,-33.978,15.55,-678,-2455,-6989,,-774,-2242.195,-5102.704000000001,-7419.383000000002,37.98,19.91,18.6,22.54,true,false,-4.18,1.57,中期趨勢仍向下；外資持股5/10日下降，且外資5日賣超；20日趨勢尚未上彎；當下除權息調整價未守20日EMA
261,3357,臺慶科,TPEX,電子零組件業,暫不承接,保護持有,今天不新增部位；未完成確認前不機械式賣出,下一交易日收盤，確認是否收復防守區,已有部位暫停加碼；若收盤跌破60日EMA約 230.09，且下一交易日仍未收復，先減碼三分之一；若ETF或外資繼續轉弱，再分批降低部位。,41.7,58.1,70.4,85,100,可用,211,209.5,63.31,29.22,16.21,29.91,188.39,6.33,19.65,2.13,2.43,1,-90,-90,-90,-90,-232,-90,-31.89,-31.89,-31.89,-31.89,-90,-90,-90,-90,0,1,-18855000,-51.98,-51.98,20.21,,,,,110.09,110.09,110.09,110.09,44.8,16.39,24.24,0.67,false,false,-2.96,-3.43,ETF短中期同步減碼；ETF 1/3日已轉為減碼；主動ETF 5日轉為減碼；外資持股趨勢資料不足或期間有非市場異動；當下除權息調整價未守20日EMA
262,9958,世紀鋼,TWSE,鋼鐵工業,暫不承接,降低部位,停止加碼；反彈未站回恢復區時分批減碼,每個交易日收盤後，確認是否站回恢復區,已有部位先停止加碼。反彈若仍未站回 108.18，分批降低部位；只有站回且ETF／外資賣壓收斂後才重新評估。,38.8,58.1,57.2,85,100,完整,95.4,95.3,91.16,36.22,21.68,56.42,122.11,4.08,13.47,1.99,4.75,3,0,-201,-201,-201,-437,-201,-679.84,-3054.8340000000003,-8428.369,-6739.396000000002,0,-219,-219,-208.436,0,3,-20761200,-19.59400000000001,-244.365,7.83,-509,-2508,-4562,,-670.993,-2816.24,-7965.004000000001,-6405.9130000000005,33.22,8.99,10.6,5.76,false,false,-7.45,-3.09,中期趨勢仍向下；ETF短中期同步減碼；主動ETF 5日轉為減碼；投信5/10日持續且具金額意義的賣超；外資持股5/10日下降，且外資5日賣超；20日趨勢尚未上彎；當下除權息調整價未守20日EMA
263,8926,台汽電,TWSE,油電燃氣業,暫不承接,降低部位,停止加碼；反彈未站回恢復區時分批減碼,每個交易日收盤後，確認是否站回恢復區,已有部位先停止加碼。反彈若仍未站回 62.14，分批降低部位；只有站回且ETF／外資賣壓收斂後才重新評估。,49.6,58,46.4,85,100,完整,57.1,57.1,1459.06,776.03,8.18,62.23,145.36,3.27,15.66,2.38,3.72,5,0,0,0,-11,2,0,258.545,-336.08500000000004,-1018.335,-18370.281,0,-34,-44.772999999999996,-257.50300000000004,0,2,-1938000,146.02700000000002,50.58600000000001,6.87,1663,-1026,-18800,,128,-448.112,-1024.1480000000001,-18291.754999999997,39,61.85,49.99,85.56,false,false,-2.89,2.33,中期趨勢仍向下；外資持股5/10日下降，且外資5日賣超；20日趨勢尚未上彎；當下除權息調整價未守20日EMA
264,4763,材料*-KY,TWSE,化學工業,暫不承接,保護持有,今天不新增部位；未完成確認前不機械式賣出,下一交易日收盤，確認是否收復防守區,已有部位暫停加碼；若收盤跌破60日EMA約 47.79，且下一交易日仍未收復，先減碼三分之一；若ETF或外資繼續轉弱，再分批降低部位。,45.7,57.8,80.5,85,91,可用,46.65,46.6,32.05,-24.98,49.58,6.15,1311.55,1.13,8.69,2.06,6.79,7,0,0,2,-114,-82,0,-3681.615,-8271.341999999999,-9588.805,-1173.5839999999994,0,-4,-120.288,873.3679999999999,0,1,-179800,-449.65099999999995,-493.74,46.7,-1663,-2421,7005,,-3621.637,-7817.691000000002,-8974.777,-1700.2599999999998,42.12,20.2,23.44,13.72,false,false,-4.64,-7.99,中期趨勢仍向下；20日趨勢尚未上彎；當下除權息調整價未守20日EMA
265,2891,中信金,TWSE,金融保險業,暫不承接,降低部位,停止加碼；反彈未站回恢復區時分批減碼,每個交易日收盤後，確認是否站回恢復區,已有部位先停止加碼。反彈若仍未站回 65.03，分批降低部位；只有站回且ETF／外資賣壓收斂後才重新評估。,58,57.7,55.1,85,100,可用,64.7,64.6,-18.42,66.45,,92.82,,1.96,15.43,1.84,3.88,38,-146,-238,-451,-7823,14735,0,8085.019,-26908.006,-31850.081000000006,74356.344,-148.502,-897.563,-7465.075,-22793.013000000003,0,5,-57892813,570.36,71.03699999999995,35,261,-11496,72209,,8699.598,-26580.803,-24456.043000000005,102736.22700000001,48.15,44.86,44.92,44.75,false,false,-0.51,-0.31,ETF短中期同步減碼；20日累積後5日轉為調節；ETF 1/3日已轉為減碼；投信5/10日持續且具金額意義的賣超；當下除權息調整價未守20日EMA
266,6191,精成科,TWSE,電子零組件業,暫不承接,保護持有,今天不新增部位；未完成確認前不機械式賣出,下一交易日收盤，確認是否收復防守區,已有部位暫停加碼；若收盤跌破60日EMA約 90.46，且下一交易日仍未收復，先減碼三分之一；若ETF或外資繼續轉弱，再分批降低部位。,50.2,57.5,56.6,85,100,完整,82.1,82.1,18.97,28.12,7.6,49.82,126.43,2.32,14.09,1.1,3.21,5,1,3,46,492,498,0,-68.699,-1541.417,-262.73699999999997,-4515.0070000000005,1,41,487,481.906,3,1,3316900,-88.42500000000001,-120.78800000000001,3.89,216,-265,1245,,-43.37,-1493.992,-628.949,-4251.698,39.03,21.26,23.06,17.67,false,false,-2.98,-0.48,中期趨勢仍向下；20日趨勢尚未上彎；當下除權息調整價未守20日EMA
267,3036,文曄,TWSE,電子通路業,暫不承接,降低部位,停止加碼；反彈未站回恢復區時分批減碼,每個交易日收盤後，確認是否站回恢復區,已有部位先停止加碼。反彈若仍未站回 214.21，分批降低部位；只有站回且ETF／外資賣壓收斂後才重新評估。,43.2,57.4,51.5,85,100,完整,196,196.5,94.85,111.03,2.11,84.66,111.03,13,10.19,2.03,3.93,23,11,1,-1482,-4049,-2778,-1611,-1627.024,-6055.157999999999,-13407.950999999997,-19860.229999999996,10.938,-3667.062,-6976.755999999999,-12281.205,2,3,-727911807,-530.207,-826.68,27.29,-146,5148,-1925,,-1680.049,-1857.8889999999997,-5604.514999999999,-6018.188,41.78,11.95,20.41,-4.96,false,false,-4.82,-2.73,ETF短中期同步減碼；主動ETF 5日轉為減碼；投信5/10日持續且具金額意義的賣超；當下除權息調整價未守20日EMA
268,6285,啟碁,TWSE,通信網路業,暫不承接,降低部位,停止加碼；反彈未站回恢復區時分批減碼,每個交易日收盤後，確認是否站回恢復區,已有部位先停止加碼。反彈若仍未站回 245.87，分批降低部位；只有站回且ETF／外資賣壓收斂後才重新評估。,52.5,57.4,44.4,85,100,可用,240,242,89.82,32.02,5,65.98,133.19,5.75,25.58,3.15,1.84,17,3,-2,-21,-291,322,0,670.146,-148.606,-3343.737,-6640.32,-3,-38,-178,-1795.993,0,4,-8873000,-240.358,-521.942,23.65,663,-73,-454,,695.443,129.75199999999998,-2643.795,-4713.437,48.77,32.31,29.87,37.19,true,false,-0.21,1.91,中期趨勢仍向下；ETF短中期同步減碼；20日累積後5日轉為調節；外資持股趨勢資料不足或期間有非市場異動；20日趨勢尚未上彎
269,2478,大毅,TWSE,電子零組件業,暫不承接,降低部位,停止加碼；反彈未站回恢復區時分批減碼,每個交易日收盤後，確認是否站回恢復區,已有部位先停止加碼。反彈若仍未站回 136.23，分批降低部位；只有站回且ETF／外資賣壓收斂後才重新評估。,53.1,57.2,66.1,85,100,完整,122,122,47.49,19.84,15.93,29.93,259.07,2.91,24.79,2.37,1.66,3,27,27,4051,4506,4258,4051,821.878,789.781,-2560.2580000000003,-5958.565000000001,27,4051,4506,4572,3,0,488145500,-10.692999999999998,-6.478999999999992,11.99,1046,-1767,-12555,,800.586,-3250.5259999999994,-7059.778999999999,-10556.803999999998,44,34.57,39.2,25.31,false,false,-3.98,-9.29,中期趨勢仍向下；外資持股5/10日下降，且外資5日賣超；20日趨勢尚未上彎；當下除權息調整價未守20日EMA；借券賣出與借券賣出餘額壓力升高
270,1216,統一,TWSE,食品工業,暫不承接,降低部位,停止加碼；反彈未站回恢復區時分批減碼,每個交易日收盤後，確認是否站回恢復區,已有部位先停止加碼。反彈若仍未站回 76.66，分批降低部位；只有站回且ETF／外資賣壓收斂後才重新評估。,64.8,57.1,37.4,85,100,可用,77.5,77.7,8.85,4.09,5.86,72.24,86.59,2.56,18.82,3.25,3.85,30,-57,-160,-670,-6202,-3645,0,10003.37,50661.862,68520.196,129980.31199999999,-70,-766.721,-3522.6479999999997,3933.442,0,5,-59727566,-380.21000000000004,-1145.796,33.77,9992,51767,138580,,9982.188,51808.79299999999,73188.63999999998,121350.90799999997,55.41,78.06,80.31,73.55,false,true,1.09,0,ETF短中期同步減碼；ETF 1/3日已轉為減碼；投信5/10日持續且具金額意義的賣超；KD高檔死亡交叉，等待動能確認
271,1785,光洋科,TPEX,其他電子業,暫不承接,降低部位,停止加碼；反彈未站回恢復區時分批減碼,每個交易日收盤後，確認是否站回恢復區,已有部位先停止加碼。反彈若仍未站回 116.95，分批降低部位；只有站回且ETF／外資賣壓收斂後才重新評估。,46.9,57.1,55.3,85,100,可用,103,103,46.43,68.68,10.31,57.48,172.98,3.66,15.32,3.77,1.95,3,0,0,-2937,-4398,-4898,-2937,249.313,249.313,249.313,249.313,0,0,0,0,0,0,0,1.323,1.323,19.36,,,,,247.99,247.99,247.99,247.99,42.87,34.24,29.61,43.51,true,false,-3.09,1.98,中期趨勢仍向下；ETF短中期同步減碼；主動ETF 5日轉為減碼；外資持股趨勢資料不足或期間有非市場異動；20日趨勢尚未上彎；當下除權息調整價未守20日EMA
272,2481,強茂,TWSE,半導體業,暫不承接,降低部位,停止加碼；反彈未站回恢復區時分批減碼,每個交易日收盤後，確認是否站回恢復區,已有部位先停止加碼。反彈若仍未站回 144.65，分批降低部位；只有站回且ETF／外資賣壓收斂後才重新評估。,55.7,57.1,43.6,85,100,完整,150.5,150.5,30.98,16.46,9.31,47.75,162.68,2.03,36.34,3.48,1.31,6,2,-696,-1496,-1096,-181,-1499,601.867,-10394.84,-25657.61,-30116.819,2,-1421,-2325,-4072.76,1,2,-194677000,-1216.049,-517.332,12.43,729,-7779,-47036,,693.05,-7757.791,-22815.278,-22323.899999999994,55.22,47.73,38.78,65.62,true,false,7.26,10.26,ETF短中期同步減碼；主動ETF 5日轉為減碼；外資持股5/10日下降，且外資5日賣超；高波動且5日漲幅過大；借券賣出與借券賣出餘額壓力升高
273,6166,凌華,TWSE,電腦及週邊設備業,暫不承接,降低部位,停止加碼；反彈未站回恢復區時分批減碼,每個交易日收盤後，確認是否站回恢復區,已有部位先停止加碼。反彈若仍未站回 127.27，分批降低部位；只有站回且ETF／外資賣壓收斂後才重新評估。,50.8,57.1,49.6,85,100,完整,119.5,120,38.15,40.63,11.38,62.79,137.33,3.12,22.14,4.1,1.03,2,1,1,1,1,2,0,-1.441,-1225.562,-2167.461,-1988.8419999999994,1,1,1,1.5030000000000001,1,0,116000,192.748,-44.00200000000001,20.71,18,-1550,-1469,,-14.681,-1419.31,-2124.4590000000003,-1925.3159999999998,42.08,12.3,15.4,6.11,false,false,-6.11,-3.24,中期趨勢仍向下；外資持股5/10日下降，且外資5日賣超；20日趨勢尚未上彎；當下除權息調整價未守20日EMA
274,4764,雙鍵,TWSE,化學工業,暫不承接,降低部位,停止加碼；反彈未站回恢復區時分批減碼,每個交易日收盤後，確認是否站回恢復區,已有部位先停止加碼。反彈若仍未站回 258.66，分批降低部位；只有站回且ETF／外資賣壓收斂後才重新評估。,51.2,57,43.5,85,100,完整,233,233,44.07,28.61,14.74,52.67,140.17,2.26,68.39,7.11,0.47,1,0,0,0,0,37,0,-27.697,-179.75799999999998,217.69500000000002,153.07100000000008,0,30,440,-316,1,0,6360000,13.98,59.397,25.56,-239,-460,-1729,,-20.794,-223.738,-281.7019999999999,381.34500000000014,46.77,38.84,26.58,63.35,false,false,-0.9,15.75,中期趨勢仍向下；外資持股5/10日下降，且外資5日賣超；20日趨勢尚未上彎；當下除權息調整價未守20日EMA；高波動且5日漲幅過大
275,2363,矽統,TWSE,半導體業,暫不承接,降低部位,停止加碼；反彈未站回恢復區時分批減碼,每個交易日收盤後，確認是否站回恢復區,已有部位先停止加碼。反彈若仍未站回 56.34，分批降低部位；只有站回且ETF／外資賣壓收斂後才重新評估。,51.8,56.9,57.9,85,100,完整,51.3,51.3,72.07,95.03,5.52,5.93,176.11,0.2,93.33,0.53,1.21,3,1,3,3,-7,5,0,-710.428,-2661.3979999999992,-6032.341999999999,-10593.18,1,3,-7,-95.729,2,0,151200,-104.82099999999998,-874.034,6.27,13,-833,-8257,,-570.44,-2559.5769999999998,-5151.308,-12562.624,42.37,21.97,22.09,21.73,false,false,-2.73,0.98,中期趨勢仍向下；外資持股5/10日下降，且外資5日賣超；20日趨勢尚未上彎；當下除權息調整價未守20日EMA
276,5388,中磊,TWSE,通信網路業,暫不承接,降低部位,停止加碼；反彈未站回恢復區時分批減碼,每個交易日收盤後，確認是否站回恢復區,已有部位先停止加碼。反彈若仍未站回 83.21，分批降低部位；只有站回且ETF／外資賣壓收斂後才重新評估。,47,56.9,50.1,85,100,完整,77.4,77.4,51.3,56.86,3.13,72.17,130.23,2.59,17.25,1.43,3.24,3,0,0,0,0,-4,0,-1574.019,-8272.994,-37241.397,-26242.592999999993,0,0,-372,-0.45100000000002183,0,0,0,53.61800000000001,286.414,14.69,-879,-6891,-17722,,-1550.74,-8326.612000000001,-37155.811,-26987.864000000005,37.6,11.38,10.5,13.12,true,false,-5.03,-1.28,中期趨勢仍向下；外資持股5/10日下降，且外資5日賣超；20日趨勢尚未上彎；當下除權息調整價未守20日EMA；借券賣出與借券賣出餘額壓力升高
277,8114,振樺電,TWSE,電腦及週邊設備業,暫不承接,保護持有,今天不新增部位；未完成確認前不機械式賣出,下一交易日收盤，確認是否收復防守區,已有部位暫停加碼；若收盤跌破60日EMA約 206.23，且下一交易日仍未收復，先減碼三分之一；若ETF或外資繼續轉弱，再分批降低部位。,49.9,56.8,65.9,85,100,完整,198.5,198,41.37,-18.68,18.27,38.04,165.47,7.09,13.9,2.12,5.88,3,0,0,1,1,5,0,-110.442,-611.7299999999999,-1466.6699999999998,-661.521,0,1,21,182,1,0,195000,-0.8829999999999999,-150.94899999999998,14.59,72,-392,1558,,-110.543,-611.847,-1336.721,-749.3269999999998,44.32,23.67,20.93,29.13,true,false,-2.91,0.76,中期趨勢仍向下；20日趨勢尚未上彎；當下除權息調整價未守20日EMA
278,2308,台達電,TWSE,電子零組件業,暫不承接,保護持有,今天不新增部位；未完成確認前不機械式賣出,下一交易日收盤，確認是否收復防守區,"已有部位暫停加碼；若收盤跌破60日EMA約 1,838.60，且下一交易日仍未收復，先減碼三分之一；若ETF或外資繼續轉弱，再分批降低部位。",51.5,56.7,49.5,85,100,可用,1745,1750,47.75,42.08,17.22,53.58,159.95,17.59,54.42,15.12,0.68,55,35,94,-6,-1669,2291,-118,-1624.595,-5414.066000000001,-6312.129000000002,-14709.235,-97.541,-570.973,-1506.471,1815.1519999999998,3,2,-976363830,250.64499999999998,203.69799999999998,61.97,-1899,-4919,-32043,,-1875.313,-5093.738,-5009.356000000001,-17301.799000000003,47.1,23.73,32.1,7,false,false,-1.09,-1.13,ETF短中期同步減碼；20日累積後5日轉為調節；主動ETF 5日轉為減碼；外資持股趨勢資料不足或期間有非市場異動；當下除權息調整價未守20日EMA
279,6944,兆聯實業,TWSE,綠能環保,暫不承接,保護持有,今天不新增部位；未完成確認前不機械式賣出,下一交易日收盤，確認是否收復防守區,已有部位暫停加碼；若收盤跌破60日EMA約 738.79，且下一交易日仍未收復，先減碼三分之一；若ETF或外資繼續轉弱，再分批降低部位。,51.6,56.6,55.1,85,100,可用,721,727,29.31,41.94,23.2,53.56,163.33,16.5,17.69,6.45,2.81,4,0,0,0,0,141,0,-16.904,-365.221,-407.662,-637.9400000000002,4,3,2.925,-23.401,1,1,2136000,-17.974999999999998,18.66,14.74,-30,3628,1621,,-20.582,-350.246,-429.247,-577.313,45.56,21.56,19.45,25.78,true,false,-2.07,-1.5,中期趨勢仍向下；外資持股趨勢資料不足或期間有非市場異動；20日趨勢尚未上彎；當下除權息調整價未守20日EMA
280,8210,勤誠,TWSE,電腦及週邊設備業,暫不承接,降低部位,停止加碼；反彈未站回恢復區時分批減碼,每個交易日收盤後，確認是否站回恢復區,"已有部位先停止加碼。反彈若仍未站回 1,116.87，分批降低部位；只有站回且ETF／外資賣壓收斂後才重新評估。",43.9,56.6,54.4,85,100,完整,972,974,41.51,53.4,24.82,56.81,149.43,21.83,25.29,9.7,1.45,15,1,-33,-53,-131,100,-54,-162.081,-692.874,-1681.932,-3581.919000000001,-92,-332,-1812,-2968.916,0,5,-320380000,-40.248,-10.401999999999997,8.41,-58,-251,-459,,-48.672,-320.626,140.47000000000003,-610.4470000000001,40.53,21.19,15.41,32.75,true,false,-5.2,-1.32,中期趨勢仍向下；ETF短中期同步減碼；20日累積後5日轉為調節；主動ETF 5日轉為減碼；投信5/10日持續且具金額意義的賣超；外資持股5/10日下降，且外資5日賣超；20日趨勢尚未上彎；當下除權息調整價未守20日EMA
281,3413,京鼎,TWSE,半導體業,暫不承接,降低部位,停止加碼；反彈未站回恢復區時分批減碼,每個交易日收盤後，確認是否站回恢復區,已有部位先停止加碼。反彈若仍未站回 312.21，分批降低部位；只有站回且ETF／外資賣壓收斂後才重新評估。,48.5,56.5,57.8,85,100,完整,287.5,287.5,30.07,19.5,12.62,40.54,166.04,8.89,14.22,1.91,3.85,2,1,1,1,1,-1,0,-269.193,-1528.227,-2948.4220000000005,-445.87300000000056,1,1,1,-145.469,1,0,285500,-50.237,-179.95100000000002,25.32,-96,-1090,-1733,,-258.066,-1478.99,-2769.4710000000005,-284.22500000000065,38.65,18.02,14.39,25.3,true,false,-3.93,-0.35,中期趨勢仍向下；外資持股5/10日下降，且外資5日賣超；20日趨勢尚未上彎；當下除權息調整價未守20日EMA；借券賣出與借券賣出餘額壓力升高
282,4938,和碩,TWSE,電腦及週邊設備業,暫不承接,保護持有,今天不新增部位；未完成確認前不機械式賣出,下一交易日收盤，確認是否收復防守區,已有部位暫停加碼；若收盤跌破60日EMA約 86.38，且下一交易日仍未收復，先減碼三分之一；若ETF或外資繼續轉弱，再分批降低部位。,63.5,56.3,42.8,85,100,可用,89.6,89.3,11.56,-1.99,1.36,62.17,126.76,2.26,14.97,1.15,4.52,26,56,667,2594,10430,16570,0,-1967.68,-7051.468000000001,20213.031,35354.994999999995,56,2544,11229,9597.345000000001,4,1,225907200,-290.677,-3226.9089999999997,31.73,-1823,-10567,68689,,-1917.993,-9304.791,12210.939999999999,27303.312999999995,53.45,23.14,30.99,7.46,false,false,0.83,0.22,
283,6435,大中,TPEX,半導體業,暫不承接,保護持有,今天不新增部位；未完成確認前不機械式賣出,下一交易日收盤，確認是否收復防守區,已有部位暫停加碼；若收盤跌破60日EMA約 270.48，且下一交易日仍未收復，先減碼三分之一；若ETF或外資繼續轉弱，再分批降低部位。,50.8,56.3,58.1,85,100,可用,264,263,24.17,12.78,15.98,31.26,221.08,7.35,19.62,4.37,2.87,1,0,-66,-66,-66,-66,-66,35.233,35.233,35.233,35.233,0,0,0,0,0,0,0,1.998,1.998,9.89,,,,,33.235,33.235,33.235,33.235,48.99,35,32.41,40.17,true,false,0.79,2.72,ETF短中期同步減碼；主動ETF 5日轉為減碼；外資持股趨勢資料不足或期間有非市場異動
284,3037,欣興,TWSE,電子零組件業,暫不承接,降低部位,停止加碼；反彈未站回恢復區時分批減碼,每個交易日收盤後，確認是否站回恢復區,"已有部位先停止加碼。反彈若仍未站回 1,031.45，分批降低部位；只有站回且ETF／外資賣壓收斂後才重新評估。",58.6,56.1,42.1,85,100,可用,1155,1160,43.69,30.76,11.71,59.23,176.35,11.7,72.9,14.06,0.18,49,-817,-591,-1016,-2044,5783,-745,2027.242,6535.892,46077.344,47974.973999999995,-1212,-2326.706,-3017.1900000000005,6757.592999999999,0,5,-2547743070,258.05400000000003,589.886,39.5,3103,8517,83334,,3068.442,8604.544,48504.648,40842.06200000001,66.07,64.96,67.01,60.86,false,false,11.98,2.21,ETF短中期同步減碼；20日累積後5日轉為調節；ETF 1/3日已轉為減碼；主動ETF 5日轉為減碼；投信5/10日持續且具金額意義的賣超；外資持股趨勢資料不足或期間有非市場異動；短線過熱或乖離過大；單季稅前獲利對營業外貢獻依賴偏高
285,6579,研揚,TWSE,電腦及週邊設備業,暫不承接,降低部位,停止加碼；反彈未站回恢復區時分批減碼,每個交易日收盤後，確認是否站回恢復區,已有部位先停止加碼。反彈若仍未站回 156.05，分批降低部位；只有站回且ETF／外資賣壓收斂後才重新評估。,45.1,56.1,68.7,85,100,完整,146.5,146.5,28.16,28.66,10.2,26.1,221.03,6.15,19.88,2.42,2.58,1,0,0,0,0,0,0,-158.346,-938.173,-1678.492,-1516.6809999999994,0,-2,-2,-4,0,1,-291000,48.92100000000001,-4.479999999999997,3.48,-131,-817,-1031,,-170.67,-985.0939999999999,-1672.0120000000002,-1523.525,39.17,14.96,11.1,22.67,true,false,-5.41,-2.98,中期趨勢仍向下；外資持股5/10日下降，且外資5日賣超；20日趨勢尚未上彎；當下除權息調整價未守20日EMA
286,6202,盛群,TWSE,半導體業,暫不承接,降低部位,停止加碼；反彈未站回恢復區時分批減碼,每個交易日收盤後，確認是否站回恢復區,已有部位先停止加碼。反彈若仍未站回 59.46，分批降低部位；只有站回且ETF／外資賣壓收斂後才重新評估。,52.6,55.8,58,85,100,完整,58.3,58.6,40.77,15.61,11.26,29.68,345.14,0.94,47.25,3.23,1.2,4,0,0,-10,-15,452,0,-270.337,-884.2560000000001,-1513.345,-4291.512,0,-10,-15,56,0,1,-567000,-18.935,-69.49700000000001,16.08,-265,-704,-3446,,-275.636,-855.321,-1428.848,-4227.64,48.72,26.75,25.41,29.44,true,false,-0.39,0.52,ETF短中期同步減碼；20日累積後5日轉為調節；外資持股5/10日下降，且外資5日賣超
287,3450,聯鈞,TWSE,半導體業,暫不承接,保護持有,今天不新增部位；未完成確認前不機械式賣出,下一交易日收盤，確認是否收復防守區,已有部位暫停加碼；若收盤跌破60日EMA約 480.56，且下一交易日仍未收復，先減碼三分之一；若ETF或外資繼續轉弱，再分批降低部位。,55.5,55.7,40,85,100,完整,577,574,98,20.29,18.21,44.79,189.07,2.78,108.11,13.9,0.19,7,-1400,-1389,-419,-329,1298,-420,-1131.353,-3273.599,2403.861,6928.517999999999,-2800,-415,1825,3268.9040000000005,2,3,-221195000,-21.714999999999996,192.291,21.55,967,-2833,6442,,1630.496,-2836.884,386.5699999999999,3202.4970000000003,59.87,60.27,62.18,56.45,false,false,12.04,1.76,ETF短中期同步減碼；20日累積後5日轉為調節；ETF 1/3日已轉為減碼；投信20日買超後近5日轉賣
288,2303,聯電,TWSE,半導體業,暫不承接,降低部位,停止加碼；反彈未站回恢復區時分批減碼,每個交易日收盤後，確認是否站回恢復區,已有部位先停止加碼。反彈若仍未站回 125.89，分批降低部位；只有站回且ETF／外資賣壓收斂後才重新評估。,52.9,55.6,59.3,85,100,可用,123,123.5,18.98,12.41,20.21,33.34,216.6,4.68,18.8,3.53,2.09,59,2163,2501,-24206,-36321,-39114,-20751,-7842.993,-3269.1410000000033,-14262.687000000002,-92590.11200000001,4304.236,-36520.096,-72574.111,-94366.79800000001,2,3,-4565012000,-2632.0460000000003,9066.922999999999,41.13,-11559,37210,-136517,,-11797.235,35883.001,49244.501000000004,1368.8440000000146,48.04,55.88,46.12,75.39,true,false,0.03,6.49,中期趨勢仍向下；ETF短中期同步減碼；主動ETF 5日轉為減碼；投信5/10日持續且具金額意義的賣超；外資持股趨勢資料不足或期間有非市場異動；20日趨勢尚未上彎；單季稅前獲利對營業外貢獻依賴偏高
289,6290,良維,TPEX,電子零組件業,暫不承接,保護持有,今天不新增部位；未完成確認前不機械式賣出,下一交易日收盤，確認是否收復防守區,已有部位暫停加碼；若收盤跌破60日EMA約 247.60，且下一交易日仍未收復，先減碼三分之一；若ETF或外資繼續轉弱，再分批降低部位。,51.8,55.6,59.1,85,100,可用,239.5,241,14.36,8.07,17.85,40.09,258.6,4.5,25.45,5.14,2.59,1,0,0,0,-1,0,0,-1803.182,-1803.182,-1803.182,-1803.182,0,0,0,0,0,0,0,47.828,47.828,19.17,,,,,-1851.01,-1851.01,-1851.01,-1851.01,54.79,77.72,65.83,101.51,true,false,6.05,7.16,中期趨勢仍向下；外資持股趨勢資料不足或期間有非市場異動；20日趨勢尚未上彎
290,6526,達發,TWSE,半導體業,暫不承接,降低部位,停止加碼；反彈未站回恢復區時分批減碼,每個交易日收盤後，確認是否站回恢復區,已有部位先停止加碼。反彈若仍未站回 607.62，分批降低部位；只有站回且ETF／外資賣壓收斂後才重新評估。,55.2,55.6,56.1,85,100,可用,594,595,17.44,10.55,14.98,31.02,239.33,9.72,32.06,5.14,2.34,13,1,-38,-37,-142,-207,-38,-60.514,56.449,100.009,288.459,1,-48,-176,87.66499999999999,2,3,-27744000,-17.018,-19.533,7.73,-32,151,667,,-63.035,121.46700000000001,295.54200000000003,215.18699999999995,49.31,31.2,30.3,33.01,true,false,0.24,2.41,ETF短中期同步減碼；主動ETF 5日轉為減碼；投信5/10日持續且具金額意義的賣超
291,2345,智邦,TWSE,通信網路業,暫不承接,降低部位,停止加碼；反彈未站回恢復區時分批減碼,每個交易日收盤後，確認是否站回恢復區,"已有部位先停止加碼。反彈若仍未站回 2,236.19，分批降低部位；只有站回且ETF／外資賣壓收斂後才重新評估。",48.2,55.3,46.2,85,100,可用,2060,2055,71.69,62.36,14.72,65.32,142.45,34.7,31.89,16.43,0.74,50,95,-37,-3,-549,421,-16,-244.195,-1382.511,-3333.5,-5870.740999999999,-139.5,-1012.142,-1547.352,-2016.2909999999997,0,5,-2054648260,97.846,60.573,57.03,-126,-540,-5980,,-133.143,-468.21500000000003,-1846.721,-3868.9929999999995,42.07,18.99,21.14,14.68,false,false,-4.97,-3.06,中期趨勢仍向下；ETF短中期同步減碼；20日累積後5日轉為調節；主動ETF 5日轉為減碼；投信5/10日持續且具金額意義的賣超；外資持股5/10日下降，且外資5日賣超；20日趨勢尚未上彎；當下除權息調整價未守20日EMA
292,1503,士電,TWSE,電機機械,暫不承接,保護持有,今天不新增部位；未完成確認前不機械式賣出,下一交易日收盤，確認是否收復防守區,已有部位暫停加碼；若收盤跌破60日EMA約 206.87，且下一交易日仍未收復，先減碼三分之一；若ETF或外資繼續轉弱，再分批降低部位。,55.8,55.2,50,85,100,完整,201.5,202,15.1,10.84,14.79,38.12,135.8,5.04,27.48,2.69,2.51,8,0,2,-73,-72,-68,0,96.48,781.375,1778.127,-439.4290000000003,0,-77,-76,166.749,1,2,-15361500,-94.736,-131.394,30.57,123,793,1498,,113.414,953.1110000000001,1985.5210000000004,-109.36499999999933,49.55,48.25,51.69,41.35,false,false,0.5,2.28,ETF短中期同步減碼
293,2412,中華電,TWSE,通信網路業,暫不承接,保護持有,今天不新增部位；未完成確認前不機械式賣出,下一交易日收盤，確認是否收復防守區,已有部位暫停加碼；若收盤跌破60日EMA約 137.86，且下一交易日仍未收復，先減碼三分之一；若ETF或外資繼續轉弱，再分批降低部位。,53.5,55.2,58.9,85,100,可用,136,136,3.68,7.23,21.73,30.99,122.39,2.68,26.82,2.89,3.81,35,57,71,58,5463,8908,0,948.783,-2103.035,-6904.733,21395.951,46.667,19.566000000000003,6033.569,8565.521,3,2,2670759,6.269999999999989,150.28799999999998,17.08,115,-2394,107498,,881.116,-2128.871,-13088.59,12252.252999999997,42.72,49.88,47.54,54.54,false,false,-0.61,0,中期趨勢仍向下；20日趨勢尚未上彎；當下除權息調整價未守20日EMA
294,6257,矽格,TWSE,半導體業,暫不承接,降低部位,停止加碼；反彈未站回恢復區時分批減碼,每個交易日收盤後，確認是否站回恢復區,已有部位先停止加碼。反彈若仍未站回 208.98，分批降低部位；只有站回且ETF／外資賣壓收斂後才重新評估。,46.9,55.1,55.3,85,100,完整,204,204,26.62,19.31,24.09,43.78,182.58,4.65,23.22,3.76,2.14,12,240,244,-3013,-3973,-3694,-3259,-42.377,-4515.475,-6996.732,-17178.728,240,-3007.871,-3967.4,-4013.103,2,3,-597062393,-171.881,-247.27700000000002,28.16,-284,-1325,-13970,,-290.822,-1335.723,-2782.055,-12449.43,48.25,33.3,30.66,38.58,true,false,-0.05,2.26,中期趨勢仍向下；ETF短中期同步減碼；主動ETF 5日轉為減碼；投信5/10日持續且具金額意義的賣超；外資持股5/10日下降，且外資5日賣超；20日趨勢尚未上彎；當下除權息調整價未守20日EMA
295,2329,華泰,TWSE,半導體業,暫不承接,保護持有,今天不新增部位；未完成確認前不機械式賣出,下一交易日收盤，確認是否收復防守區,已有部位暫停加碼；若收盤跌破60日EMA約 47.77，且下一交易日仍未收復，先減碼三分之一；若ETF或外資繼續轉弱，再分批降低部位。,59.3,54.9,48.1,85,100,完整,44.1,44.15,1.84,9.26,5.98,38.44,141.36,0.96,19.35,1.74,2.31,4,2,4,4,4,16,0,-362.65,813.841,-1336.876,-8599.372,2,4,4,322.492,2,0,173400,30.128000000000014,-29.051999999999982,9.14,-285,563,-2481,,-341.994,779.713,-1311.824,-8077.767,47.42,41.6,39.86,45.09,true,false,0.05,3.28,
296,2355,敬鵬,TWSE,電子零組件業,暫不承接,保護持有,今天不新增部位；未完成確認前不機械式賣出,下一交易日收盤，確認是否收復防守區,已有部位暫停加碼；若收盤跌破60日EMA約 45.77，且下一交易日仍未收復，先減碼三分之一；若ETF或外資繼續轉弱，再分批降低部位。,54.5,54.7,57.9,85,100,完整,42.7,42.65,15.91,6.17,4.6,31.31,221.89,1.07,21.92,0.94,2.4,1,0,0,0,0,0,0,-291.753,-327.33000000000004,-1195.044,2147.774,0,0,0,-204,0,0,0,102.79499999999999,115.83799999999997,17.37,-236,-923,7691,,-261.612,-430.125,-1310.8819999999998,2825.848,50.06,51.56,49.37,55.92,true,false,1.5,2.4,
297,6515,穎崴,TWSE,半導體業,暫不承接,保護持有,今天不新增部位；未完成確認前不機械式賣出,下一交易日收盤，確認是否收復防守區,"已有部位暫停加碼；若收盤跌破60日EMA約 7,192.71，且下一交易日仍未收復，先減碼三分之一；若ETF或外資繼續轉弱，再分批降低部位。",49.4,54.7,50.4,85,100,可用,6030,6025,155.57,82.29,24.63,44.89,225.07,38.24,102.41,26.44,0.79,25,1,12,-27,-106,-493,-33,33.79,60.495000000000005,-182.80899999999997,-371.933,-34,-101.979,-985.8589999999999,-1792.8799999999999,3,2,-637878645,-9.314,-0.6590000000000016,24.19,56,170,1551,,67.463,171.78799999999998,803.7089999999998,1428.6169999999997,39.05,20.78,29.63,3.09,false,false,-7.21,-5.34,ETF短中期同步減碼；主動ETF 5日轉為減碼；當下除權息調整價未守20日EMA
298,2886,兆豐金,TWSE,金融保險業,暫不承接,保護持有,今天不新增部位；未完成確認前不機械式賣出,下一交易日收盤，確認是否收復防守區,已有部位暫停加碼；若收盤跌破60日EMA約 46.58，且下一交易日仍未收復，先減碼三分之一；若ETF或外資繼續轉弱，再分批降低部位。,58.8,54.5,51.6,85,91,可用,46.45,46.6,4.11,16.72,,91.97,,0.63,19.11,1.73,3.72,36,99,-3512,-2410,33073,84030,-6555,13099.717,72776.423,149196.97,155284.83399999997,-570.068,-3308.576,38068.311,65648.473,1,4,-155503072,-372.683,-14806.479,19.54,13337,75117,37149,,13560.292,76457.68199999999,125935.13799999998,85781.16499999996,42.42,46.19,39.01,60.55,false,false,-2.73,-1.28,中期趨勢仍向下；20日累積後5日轉為調節；主動ETF 5日轉為減碼；投信20日買超後近5日轉賣；20日趨勢尚未上彎；當下除權息調整價未守20日EMA
299,4551,智伸科,TWSE,汽車工業,暫不承接,降低部位,停止加碼；反彈未站回恢復區時分批減碼,每個交易日收盤後，確認是否站回恢復區,已有部位先停止加碼。反彈若仍未站回 174.24，分批降低部位；只有站回且ETF／外資賣壓收斂後才重新評估。,45.6,54.4,60.1,85,100,完整,159.5,160,23.12,19.4,14.4,37.61,221.94,4.77,16.26,1.93,2.71,2,0,-85,-84,-87,-85,-85,-7.707,-16.442000000000007,-495.94000000000005,-1094.5689999999995,0,-84,623,1611,1,1,-13020000,-7.765000000000001,131.009,56.26,5,101,-3058,,4.579,75.32300000000001,-1249.949,-2773.576000000001,43.56,23.52,23.39,23.79,true,false,-4.03,-0.93,中期趨勢仍向下；ETF短中期同步減碼；主動ETF 5日轉為減碼；20日趨勢尚未上彎；當下除權息調整價未守20日EMA
300,4915,致伸,TWSE,電子零組件業,暫不承接,降低部位,停止加碼；反彈未站回恢復區時分批減碼,每個交易日收盤後，確認是否站回恢復區,已有部位先停止加碼。反彈若仍未站回 65.71，分批降低部位；只有站回且ETF／外資賣壓收斂後才重新評估。,51.8,54.4,52.4,85,100,完整,60,60.2,9.34,12.3,4.03,62.65,127.13,2.55,12.08,1.38,7.64,11,1,3,1064,2754,3655,0,-1448.616,-918.7909999999999,-2798.546,-7101.670000000001,1,1064,2754,1842.6060000000002,4,0,63627200,9.094,-139.429,25.09,-1175,-1647,-6758,,-1451,-1991.885,-5413.117000000001,-8827.937000000002,36.95,52.4,47.42,62.38,false,false,-2.35,0.33,中期趨勢仍向下；外資持股5/10日下降，且外資5日賣超；20日趨勢尚未上彎；當下除權息調整價未守20日EMA
301,5347,世界,TPEX,半導體業,暫不承接,保護持有,今天不新增部位；未完成確認前不機械式賣出,下一交易日收盤，確認是否收復防守區,已有部位暫停加碼；若收盤跌破60日EMA約 160.59，且下一交易日仍未收復，先減碼三分之一；若ETF或外資繼續轉弱，再分批降低部位。,51,54.3,46.2,85,100,可用,152,152,30.25,15.48,18.63,57.61,134.59,2.84,32.58,4.49,2.97,24,13,32,123,947,598,0,-721.506,-721.506,-721.506,-721.506,2577.302,2577.302,2577.302,2577.302,1,0,387883951,-98.67,-98.67,30.27,,,,,-3200.138,-3200.138,-3200.138,-3200.138,45.37,26.64,34.74,10.44,false,false,-2.24,0.33,中期趨勢仍向下；外資持股趨勢資料不足或期間有非市場異動；20日趨勢尚未上彎；當下除權息調整價未守20日EMA
302,6278,台表科,TWSE,光電業,暫不承接,保護持有,今天不新增部位；未完成確認前不機械式賣出,下一交易日收盤，確認是否收復防守區,已有部位暫停加碼；若收盤跌破60日EMA約 175.26，且下一交易日仍未收復，先減碼三分之一；若ETF或外資繼續轉弱，再分批降低部位。,53.4,54.2,45.1,85,100,完整,199.5,199.5,12.18,4.43,5.98,59.36,138.91,4.93,18.39,2.27,3.06,8,1,2,-1624,-2105,-2742,-1649,-292.671,-2217.848,45.72399999999982,-4552.344,58,1739,54,-3761.344,3,2,315628500,-334.898,84.74799999999998,17.76,-225,-2216,7437,,-483.611,-3621.9500000000003,-93.02400000000051,-599.6590000000006,64.45,79.49,76.41,85.66,true,true,14.12,14.33,ETF短中期同步減碼；主動ETF 5日轉為減碼；短線過熱或乖離過大；高波動且5日漲幅過大
303,6223,旺矽,TPEX,半導體業,暫不承接,保護持有,今天不新增部位；未完成確認前不機械式賣出,下一交易日收盤，確認是否收復防守區,"已有部位暫停加碼；若收盤跌破60日EMA約 5,811.15，且下一交易日仍未收復，先減碼三分之一；若ETF或外資繼續轉弱，再分批降低部位。",50.7,54.1,46.4,85,100,可用,5040,5040,66.5,52.26,33.54,55.09,161.51,28.08,119.91,34.5,0.39,38,30,51,189,157,465,172,-16.807,-16.807,-16.807,-16.807,8,8,8,8,1,0,44800000,4.548,4.548,28.34,,,,,-29.355,-29.355,-29.355,-29.355,38.7,21.3,29.33,5.25,false,false,-12.19,-4.09,中期趨勢仍向下；外資持股趨勢資料不足或期間有非市場異動；20日趨勢尚未上彎；當下除權息調整價未守20日EMA
304,3131,弘塑,TPEX,半導體業,暫不承接,降低部位,停止加碼；反彈未站回恢復區時分批減碼,每個交易日收盤後，確認是否站回恢復區,"已有部位先停止加碼。反彈若仍未站回 2,748.25，分批降低部位；只有站回且ETF／外資賣壓收斂後才重新評估。",49.4,54,42.9,85,100,可用,2485,2485,42.41,20.07,17.3,79.25,130.43,27.27,40.01,20.56,2.04,11,0,0,-98,-81,-202,-97,-22.311,-22.311,-22.311,-22.311,-23,-23,-23,-23,0,1,-51980000,-6.313,-6.313,32.84,,,,,7.002,7.002,7.002,7.002,47.29,33.72,29.35,42.45,true,false,0.05,5.52,中期趨勢仍向下；ETF短中期同步減碼；主動ETF 5日轉為減碼；外資持股趨勢資料不足或期間有非市場異動；20日趨勢尚未上彎
305,3583,辛耘,TWSE,半導體業,暫不承接,保護持有,今天不新增部位；未完成確認前不機械式賣出,下一交易日收盤，確認是否收復防守區,已有部位暫停加碼；若收盤跌破60日EMA約 740.00，且下一交易日仍未收復，先減碼三分之一；若ETF或外資繼續轉弱，再分批降低部位。,59.7,54,34.6,85,100,完整,740,741,6.58,6.76,14.84,64.8,115.15,9.16,42.52,5.7,0.83,4,0,0,-147,-821,-807,-147,-35.01,-111.588,-121.25200000000001,-459.44999999999993,0,-192,-892.6,-1748.99,0,1,-133056000,-86.607,-122.60200000000002,22.69,-20,79,2234,,-25.922,167.01899999999998,893.95,1446.3129999999996,53.18,48.54,40.13,65.35,true,false,3.63,4.82,ETF短中期同步減碼；主動ETF 5日轉為減碼
306,6282,康舒,TWSE,電子零組件業,暫不承接,降低部位,停止加碼；反彈未站回恢復區時分批減碼,每個交易日收盤後，確認是否站回恢復區,已有部位先停止加碼。反彈若仍未站回 49.96，分批降低部位；只有站回且ETF／外資賣壓收斂後才重新評估。,52.6,53.8,45.9,85,100,完整,45.15,45.3,42.45,27.31,2.16,57.03,160.52,0.37,36.07,1.66,1.82,5,3,6,6,22,479,0,-670.514,-4769.008,-9195.934,-33587.773,3,6,22,444.431,2,0,264000,-585.691,-1005.6370000000002,11.53,-1790,-3694,-24963,,-660.93,-4189.317,-8212.297000000002,-33932.622,43.12,20.88,19.72,23.22,true,false,-2.88,-0.88,中期趨勢仍向下；外資持股5/10日下降，且外資5日賣超；20日趨勢尚未上彎；當下除權息調整價未守20日EMA
307,4904,遠傳,TWSE,通信網路業,暫不承接,降低部位,停止加碼；反彈未站回恢復區時分批減碼,每個交易日收盤後，確認是否站回恢復區,已有部位先停止加碼。反彈若仍未站回 101.72，分批降低部位；只有站回且ETF／外資賣壓收斂後才重新評估。,52.3,53.7,50.4,85,100,可用,100.5,101,14.87,10.79,17.57,51.58,74.42,2.14,24.94,4.29,3.72,34,-1090,-1653,-298,-1663,977,-420,2718.522,8311.597,12481.497999999998,37032.77,-1094.091,-506.068,-297.3670000000002,3758.2629999999995,2,3,-51871970,155.435,-114.47299999999998,19.85,3772,7965,86456,,3813.633,8662.23,12893.338,30037.672,45.44,71.72,66.36,82.44,false,false,-1.2,-0.99,中期趨勢仍向下；ETF短中期同步減碼；20日累積後5日轉為調節；ETF 1/3日已轉為減碼；主動ETF 5日轉為減碼；投信5/10日持續且具金額意義的賣超；20日趨勢尚未上彎；當下除權息調整價未守20日EMA
308,2458,義隆,TWSE,半導體業,暫不承接,降低部位,停止加碼；反彈未站回恢復區時分批減碼,每個交易日收盤後，確認是否站回恢復區,已有部位先停止加碼。反彈若仍未站回 154.39，分批降低部位；只有站回且ETF／外資賣壓收斂後才重新評估。,53.3,53.5,64,85,100,完整,139.5,139.5,-13.21,2.03,22.95,31.65,227.9,5.53,12.78,3.51,5.14,17,-90,-162,1449,1261,750,310,-640.198,-1244.0839999999998,-5727.714,-11933.848,-90,1446,1058,1880.4250000000002,2,3,198825000,284.296,265.63500000000005,19.55,675,-1754,-9433,,-553.736,-2974.38,-7051.348999999999,-13777.924000000003,37.45,28.72,30.52,25.12,false,true,-5.11,-4.12,中期趨勢仍向下；ETF 1/3日已轉為減碼；外資持股5/10日下降，且外資5日賣超；20日趨勢尚未上彎；當下除權息調整價未守20日EMA；官方重大訊息出現高風險關鍵字，須查原文
309,9904,寶成,TWSE,運動休閒,暫不承接,保護持有,今天不新增部位；未完成確認前不機械式賣出,下一交易日收盤，確認是否收復防守區,已有部位暫停加碼；若收盤跌破60日EMA約 24.99，且下一交易日仍未收復，先減碼三分之一；若ETF或外資繼續轉弱，再分批降低部位。,58,53.5,54.9,85,100,完整,25.1,25.05,-0.64,-2.57,2.25,34.13,162.9,2.37,5.32,0.4,5.18,11,-128,-397,-437,-369,726,0,2567.057,9415.641,10387.766,15993.291,-128.763,-483.76300000000003,600.237,-4341.249,1,4,-12142451,-399.461,-6.451000000000063,28.69,-84,1692,26535,,2709.836,10298.865,9793.979999999998,19426.12,59.07,72.8,72.94,72.54,false,true,1.94,1.62,累計營收負成長且當月改善不足；ETF短中期同步減碼；20日累積後5日轉為調節；ETF 1/3日已轉為減碼；單季稅前獲利對營業外貢獻依賴偏高
310,2354,鴻準,TWSE,其他電子業,暫不承接,保護持有,今天不新增部位；未完成確認前不機械式賣出,下一交易日收盤，確認是否收復防守區,已有部位暫停加碼；若收盤跌破60日EMA約 58.38，且下一交易日仍未收復，先減碼三分之一；若ETF或外資繼續轉弱，再分批降低部位。,57.5,53.3,50,85,100,完整,61.6,61.5,37.46,-11.25,1.29,36.29,219.89,1.1,25.64,0.75,2.48,6,-2,-1,-2,-30,-13,0,328.496,-527.488,9645.357,28570.631,-2,-12,-40,-28.835,1,4,-726000,44.50100000000002,9.315000000000026,12.23,-359,-3886,29832,,193.504,-559.989,9676.042,28310.068,59.51,42.55,40.94,45.78,true,false,2.68,1.32,ETF短中期同步減碼；ETF 1/3日已轉為減碼；單季稅前獲利對營業外貢獻依賴偏高
311,2402,毅嘉,TWSE,電子零組件業,暫不承接,保護持有,今天不新增部位；未完成確認前不機械式賣出,下一交易日收盤，確認是否收復防守區,已有部位暫停加碼；若收盤跌破60日EMA約 58.77，且下一交易日仍未收復，先減碼三分之一；若ETF或外資繼續轉弱，再分批降低部位。,54.1,53.3,44.5,85,100,完整,56.1,56.1,24.02,17.28,4.36,56.6,161.09,0.46,33.41,2.36,3.58,1,0,0,0,0,-61,0,58.709,15.547999999999988,-168.02800000000008,-922.6360000000002,0,0,0,-21,0,0,0,50.672,-79.272,5.58,142,486,1689,,27.199,-35.12399999999998,-88.75599999999997,-502.097,50.66,63.99,50.75,90.47,true,false,1.66,7.47,中期趨勢仍向下；20日趨勢尚未上彎
312,2645,長榮航太,TWSE,航運業,暫不承接,降低部位,停止加碼；反彈未站回恢復區時分批減碼,每個交易日收盤後，確認是否站回恢復區,已有部位先停止加碼。反彈若仍未站回 186.63，分批降低部位；只有站回且ETF／外資賣壓收斂後才重新評估。,49.9,53.2,52.2,85,100,可用,180,179,18.48,13.29,20.27,49.28,239.87,4.59,21.75,4.76,2.93,5,0,-1,45,-44,-118,0,-353.975,-3146.116,-14489.383999999998,-15260.474999999999,-2,38,69,-937.559,1,3,6479000,-54.714999999999996,-77.75500000000001,7.06,-208,-2831,-7369,,-317.904,-3129.4010000000003,-14480.629,-14168.038,45.69,18.32,18.12,18.71,true,false,-2.39,1.69,中期趨勢仍向下；外資持股5/10日下降，且外資5日賣超；20日趨勢尚未上彎；當下除權息調整價未守20日EMA；借券賣出與借券賣出餘額壓力升高
313,5483,中美晶,TPEX,半導體業,暫不承接,保護持有,今天不新增部位；未完成確認前不機械式賣出,下一交易日收盤，確認是否收復防守區,已有部位暫停加碼；若收盤跌破60日EMA約 181.12，且下一交易日仍未收復，先減碼三分之一；若ETF或外資繼續轉弱，再分批降低部位。,53,52.8,47.3,85,100,可用,180.5,180,27.72,5.36,11.23,54.63,131.28,5.02,20.4,2.2,1.91,12,26,-303,2061,3731,4028,1980,-21.777,-21.777,-21.777,-21.777,76,76,76,76,1,0,13908000,-37.26,-37.26,23.36,,,,,-60.517,-60.517,-60.517,-60.517,47.61,36.14,40.89,26.65,false,false,-1.62,2.27,中期趨勢仍向下；外資持股趨勢資料不足或期間有非市場異動；20日趨勢尚未上彎；當下除權息調整價未守20日EMA
314,2634,漢翔,TWSE,航運業,暫不承接,保護持有,今天不新增部位；未完成確認前不機械式賣出,下一交易日收盤，確認是否收復防守區,已有部位暫停加碼；若收盤跌破60日EMA約 60.64，且下一交易日仍未收復，先減碼三分之一；若ETF或外資繼續轉弱，再分批降低部位。,54.9,52.8,37.6,85,96.9,可用,68.4,69,19.99,8.92,9.96,63.19,151.33,1.3,32.22,3.42,1.17,3,0,-2,-1,-28,-703,0,-1379.781,-25438.362999999998,25131.3,34753.11,-4,-14,-41,-589.02,0,3,-933800,-2119.0690000000004,315.5069999999998,5.81,-2261,-32216,17596,,-1190.769,-23305.294,24856.792999999998,34516.873999999996,55.44,45.96,55.58,26.72,false,false,3.1,-0.29,ETF短中期同步減碼
315,3529,力旺,TPEX,半導體業,暫不承接,降低部位,停止加碼；反彈未站回恢復區時分批減碼,每個交易日收盤後，確認是否站回恢復區,"已有部位先停止加碼。反彈若仍未站回 2,680.49，分批降低部位；只有站回且ETF／外資賣壓收斂後才重新評估。",46.3,52.7,51.8,85,100,可用,2410,2410,23.77,19.72,60.64,43.12,194.99,15.75,73.63,47,0.93,15,-8,-111,-119,-154,20,-112,-125.36,-125.36,-125.36,-125.36,-10,-10,-10,-10,0,1,-21950000,-13.686,-13.686,65.65,,,,,-101.674,-101.674,-101.674,-101.674,47.61,21.55,17.31,30.04,true,false,-0.37,6.64,中期趨勢仍向下；ETF短中期同步減碼；20日累積後5日轉為調節；ETF 1/3日已轉為減碼；主動ETF 5日轉為減碼；外資持股趨勢資料不足或期間有非市場異動；20日趨勢尚未上彎；當下除權息調整價未守20日EMA
316,3665,貿聯-KY,TWSE,其他電子業,暫不承接,保護持有,今天不新增部位；未完成確認前不機械式賣出,下一交易日收盤，確認是否收復防守區,"已有部位暫停加碼；若收盤跌破60日EMA約 2,115.41，且下一交易日仍未收復，先減碼三分之一；若ETF或外資繼續轉弱，再分批降低部位。",45.8,52.5,55.2,85,100,可用,2020,2005,59.59,37.93,16.12,46.24,213.69,26.94,38.1,8.17,0.73,38,8,-39,1,-1083,-742,-25,78.528,-2872.299,-4146.644,-4831.689000000002,202.992,-94.107,-2003.654,-2039.665,3,2,-195272025,63.182999999999986,142.768,52.52,-484,-3104,-1982,,-89.849,-2841.3749999999995,-2285.757999999999,-2887.783999999999,43.82,28.05,35.82,12.5,false,true,-5.89,-8.18,中期趨勢仍向下；外資持股趨勢資料不足或期間有非市場異動；20日趨勢尚未上彎；當下除權息調整價未守20日EMA
317,2454,聯發科,TWSE,半導體業,暫不承接,降低部位,停止加碼；反彈未站回恢復區時分批減碼,每個交易日收盤後，確認是否站回恢復區,"已有部位先停止加碼。反彈若仍未站回 3,860.00，分批降低部位；只有站回且ETF／外資賣壓收斂後才重新評估。",55.9,52.4,38.1,85,100,可用,3935,3945,12.16,0.84,15.19,45.06,123.94,30.44,61.68,14.05,1.43,70,67,91,-838,-2560,-20,-569,358.484,-4061.3140000000003,-2113.209,-2429.99,-153.193,-3237.16,-6744.979999999999,-7617.264999999999,0,5,-12090792600,-356.056,-1294.33,55.72,212,-446,683,,415.166,-468.09799999999996,5926.101000000001,6300.121,52.56,23.42,25.6,19.05,false,false,1.94,2.34,ETF短中期同步減碼；主動ETF 5日轉為減碼；投信5/10日持續且具金額意義的賣超；借券賣出與借券賣出餘額壓力升高
318,6138,茂達,TPEX,半導體業,暫不承接,降低部位,停止加碼；反彈未站回恢復區時分批減碼,每個交易日收盤後，確認是否站回恢復區,已有部位先停止加碼。反彈若仍未站回 304.27，分批降低部位；只有站回且ETF／外資賣壓收斂後才重新評估。,47.4,52.3,57.6,85,100,可用,291.5,290,9.03,11.92,19.7,36.78,238.48,7.64,19.03,5.61,3.87,5,0,-85,-116,-118,-264,-130,60.241,60.241,60.241,60.241,0,0,0,0,0,0,0,-0.678,-0.678,13.02,,,,,60.919,60.919,60.919,60.919,48.04,34.75,34.46,35.32,true,false,-0.29,-1.85,中期趨勢仍向下；ETF短中期同步減碼；主動ETF 5日轉為減碼；外資持股趨勢資料不足或期間有非市場異動；20日趨勢尚未上彎；當下除權息調整價未守20日EMA
319,2406,國碩,TWSE,光電業,暫不承接,降低部位,停止加碼；反彈未站回恢復區時分批減碼,每個交易日收盤後，確認是否站回恢復區,已有部位先停止加碼。反彈若仍未站回 32.44，分批降低部位；只有站回且ETF／外資賣壓收斂後才重新評估。,48.7,52.2,45.6,85,100,完整,28.95,28.85,66.13,119.89,4.92,49.59,194.97,0.33,157.22,2.68,,1,0,0,2,-12,-1,0,-483.19,-2156.1890000000003,-7506.429000000001,-20906.705,0,2,-12,118,1,0,56600,-21.117000000000004,-186.64,7.93,-465,-1935,-27299,,-471.167,-2137.072,-7307.789000000001,-20864.748,40.22,28.51,20.79,43.94,true,false,-4.03,1.4,中期趨勢仍向下；外資持股5/10日下降，且外資5日賣超；20日趨勢尚未上彎；當下除權息調整價未守20日EMA
320,2351,順德,TWSE,半導體業,暫不承接,保護持有,今天不新增部位；未完成確認前不機械式賣出,下一交易日收盤，確認是否收復防守區,已有部位暫停加碼；若收盤跌破60日EMA約 176.99，且下一交易日仍未收復，先減碼三分之一；若ETF或外資繼續轉弱，再分批降低部位。,49.6,52,42.6,85,100,完整,219,219,54,28.51,10.82,41.64,196.42,2.82,51.02,4.73,0.52,3,1,1,-1588,-2352,-1496,-1589,-903.948,-2026.7049999999995,-1747.6749999999993,-581.0879999999993,1,-1188,-1648,-645,1,2,-237006000,0.9109999999999943,82.702,20.97,-795,-498,6791,,-897.75,-839.6160000000001,-182.3770000000002,260.7629999999999,72.2,89.31,79.64,108.67,false,false,20.29,18.38,ETF短中期同步減碼；主動ETF 5日轉為減碼；短線過熱或乖離過大；融資增幅與短線漲幅同步偏高
321,2439,美律,TWSE,通信網路業,暫不承接,保護持有,今天不新增部位；未完成確認前不機械式賣出,下一交易日收盤，確認是否收復防守區,已有部位暫停加碼；若收盤跌破60日EMA約 84.47，且下一交易日仍未收復，先減碼三分之一；若ETF或外資繼續轉弱，再分批降低部位。,59.1,52,47.9,85,100,可用,82.2,82.1,-0.29,9.93,0.98,54.44,163.73,1.54,15.02,1.22,4.96,7,0,1,427,428,425,426,-209.927,-921.634,-3191.406,-7664.647000000001,0,427,428,419.85900000000004,2,0,35142100,21.045,8.656000000000006,9.08,-51,-612,-6167,,-134.015,-1369.679,-3628.0619999999994,-7856.141999999999,49.24,84.92,70.83,113.09,false,false,0.43,3.92,中期趨勢仍向下；外資持股趨勢資料不足或期間有非市場異動；20日趨勢尚未上彎；2日內除權息，等待價格重置；單季稅前獲利對營業外貢獻依賴偏高
322,6449,鈺邦,TWSE,電子零組件業,暫不承接,降低部位,停止加碼；反彈未站回恢復區時分批減碼,每個交易日收盤後，確認是否站回恢復區,已有部位先停止加碼。反彈若仍未站回 259.29，分批降低部位；只有站回且ETF／外資賣壓收斂後才重新評估。,39.7,51.8,56.9,85,100,完整,211.5,212,34.78,24.24,17.33,39.73,114.61,4.42,24.94,2.94,1.88,1,0,0,0,0,0,0,-201.516,-352.084,-632.289,-408.7019999999999,0,0,0,44,0,0,0,11.142,-4.348000000000005,5.52,-210,-475,-575,,-224.385,-363.22599999999994,-627.941,-400.1500000000001,39.17,20.72,23.39,15.37,false,false,-8.57,-6.42,中期趨勢仍向下；外資持股5/10日下降，且外資5日賣超；20日趨勢尚未上彎；當下除權息調整價未守20日EMA
323,1477,聚陽,TWSE,紡織纖維,暫不承接,保護持有,今天不新增部位；未完成確認前不機械式賣出,下一交易日收盤，確認是否收復防守區,已有部位暫停加碼；若收盤跌破60日EMA約 218.01，且下一交易日仍未收復，先減碼三分之一；若ETF或外資繼續轉弱，再分批降低部位。,56.7,51.6,54.4,85,100,完整,198,197,7.86,-1.63,14.44,42.05,180.12,7.65,13.72,3.6,7.46,17,12,23,251,641,1111,30,737.701,1687.116,-6206.648999999999,-9024.512999999999,10,228,583.364,1029.0230000000001,4,1,45828000,9.959999999999999,-279.373,14.97,748,2527,-11523,,724.702,1449.156,-6510.64,-9687.300999999998,34.49,27.8,27.75,27.89,true,false,-5.26,2.86,累計營收負成長且當月改善不足；中期趨勢仍向下；20日趨勢尚未上彎；當下除權息調整價未守20日EMA
324,3533,嘉澤,TWSE,電子零組件業,暫不承接,降低部位,停止加碼；反彈未站回恢復區時分批減碼,每個交易日收盤後，確認是否站回恢復區,"已有部位先停止加碼。反彈若仍未站回 1,960.92，分批降低部位；只有站回且ETF／外資賣壓收斂後才重新評估。",39.2,51.4,70.9,85,100,完整,1620,1625,18.6,17.44,25.46,25.84,276.95,39.04,19.57,4.4,2.18,21,-224,-225,-311,-1073,-1002,-311,-597.571,-1726.0780000000002,-6866.548000000001,-7271.025,-398,-736.159,-1548.7540000000001,-1762.528,0,5,-1181535195,16.355000000000004,193.21700000000004,44.94,-232,-955,-5561,,-239.82,-1006.274,-5511.011,-5639.4180000000015,34.56,21.12,17.45,28.46,true,false,-7.83,0,中期趨勢仍向下；ETF短中期同步減碼；ETF 1/3日已轉為減碼；主動ETF 5日轉為減碼；投信5/10日持續且具金額意義的賣超；外資持股5/10日下降，且外資5日賣超；20日趨勢尚未上彎；當下除權息調整價未守20日EMA
325,2327,國巨*,TWSE,電子零組件業,暫不承接,降低部位,停止加碼；反彈未站回恢復區時分批減碼,每個交易日收盤後，確認是否站回恢復區,已有部位先停止加碼。反彈若仍未站回 648.37，分批降低部位；只有站回且ETF／外資賣壓收斂後才重新評估。,39.4,51.3,50.8,85,100,可用,537,537,51.51,32.52,25.85,64.73,131.19,8.48,36.63,6.32,1.1,40,218,268,-296,294,1195,-200,-1092.336,-15241.339,-47087.241,-90690.26800000001,-2342.195,-6312.259,-4225.224999999999,-15549.358,0,5,-3433868896,-1607.012,-2935.743,45.62,1828,-5683,-75331,,1451.89,-7322.068,-39926.273,-71458.958,38.4,17.37,25.75,0.62,false,false,-9.15,-6.77,中期趨勢仍向下；20日累積後5日轉為調節；主動ETF 5日轉為減碼；投信5/10日持續且具金額意義的賣超；外資持股5/10日下降，且外資5日賣超；20日趨勢尚未上彎；當下除權息調整價未守20日EMA
326,1718,中纖,TWSE,化學工業,暫不承接,保護持有,今天不新增部位；未完成確認前不機械式賣出,下一交易日收盤，確認是否收復防守區,已有部位暫停加碼；若收盤跌破60日EMA約 10.48，且下一交易日仍未收復，先減碼三分之一；若ETF或外資繼續轉弱，再分批降低部位。,58.7,51.1,29.3,85,100,可用,10.7,10.7,11.17,3.08,,90.72,88.16,0.46,18.05,0.6,,1,0,0,7,-37,-2,0,-3473.818,1997.8019999999997,373.0109999999995,-4804.603000000001,0,7,-37,-100,1,0,74550,-56.736999999999995,102.58699999999999,5.51,-3890,478,-35177,,-3381.466,2047.539,307.424,-7149.197000000002,49.31,39.14,42.25,32.93,false,false,0.16,2.39,
327,2375,凱美,TWSE,電子零組件業,暫不承接,降低部位,停止加碼；反彈未站回恢復區時分批減碼,每個交易日收盤後，確認是否站回恢復區,已有部位先停止加碼。反彈若仍未站回 138.63，分批降低部位；只有站回且ETF／外資賣壓收斂後才重新評估。,48.6,51.1,58.5,85,100,完整,123,124,37.92,12.71,7.44,28.89,190.62,1.85,29.45,1.25,0.98,3,0,0,1,-4,200,0,231.725,-220.67499999999998,-2921.126,639.127,0,1,-4,36,1,0,122500,-21.95899999999999,-81.09300000000002,11.6,380,-80,-2054,,232.505,-199.716,-2836.033,825.7139999999997,42.77,30.2,36.5,17.59,false,false,-4.03,-3.15,中期趨勢仍向下；外資持股5/10日下降，且外資5日賣超；20日趨勢尚未上彎；當下除權息調整價未守20日EMA
328,8028,昇陽半導體,TWSE,半導體業,暫不承接,降低部位,停止加碼；反彈未站回恢復區時分批減碼,每個交易日收盤後，確認是否站回恢復區,已有部位先停止加碼。反彈若仍未站回 273.15，分批降低部位；只有站回且ETF／外資賣壓收斂後才重新評估。,45.8,51.1,42.1,85,100,完整,246,246.5,36.53,29.62,25.73,56.22,135.92,3.32,43.37,7.25,1.12,3,1,1,1,-887,-1066,0,-164.809,-621.428,-3768.5779999999995,-2848.913,-148,-651,-4457,-5674.843,0,3,-157542000,-37.368,-53.63499999999999,26.07,-20,-211,2939,,-7.303,66.94,742.0570000000001,3210.8450000000007,40.75,23.47,21.82,26.76,true,false,-5.04,-0.4,中期趨勢仍向下；投信5/10日持續且具金額意義的賣超；20日趨勢尚未上彎；當下除權息調整價未守20日EMA
329,6683,雍智科技,TPEX,半導體業,暫不承接,保護持有,今天不新增部位；未完成確認前不機械式賣出,下一交易日收盤，確認是否收復防守區,"已有部位暫停加碼；若收盤跌破60日EMA約 1,349.63，且下一交易日仍未收復，先減碼三分之一；若ETF或外資繼續轉弱，再分批降低部位。",45,51,59.9,85,100,可用,1130,1135,24.37,30.46,28.83,25.08,307.5,12.24,50.45,11.01,0.8,3,0,-1,-1,-1,-25,0,38.149,38.149,38.149,38.149,-47,-47,-47,-47,0,1,-53110000,-2.221,-2.221,18.75,,,,,87.37,87.37,87.37,87.37,43.61,20.15,28.49,3.47,false,false,-5.42,-5.04,ETF短中期同步減碼；外資持股趨勢資料不足或期間有非市場異動；當下除權息調整價未守20日EMA
330,6789,采鈺,TWSE,半導體業,暫不承接,保護持有,今天不新增部位；未完成確認前不機械式賣出,下一交易日收盤，確認是否收復防守區,已有部位暫停加碼；若收盤跌破60日EMA約 463.34，且下一交易日仍未收復，先減碼三分之一；若ETF或外資繼續轉弱，再分批降低部位。,61.2,51,50.8,85,100,完整,458,458.5,24.63,11.27,21.04,18.54,367.01,2.95,80.25,7.25,0.71,8,1,1,8,1,21,0,221.649,202.78700000000003,480.23300000000006,-320.23599999999976,1,6,-1,-155.343,3,0,2523000,-62.855,-38.21300000000001,4.64,216,294,3523,,220.709,259.642,519.446,-60.12599999999995,53.23,46.51,35.21,69.1,true,false,4.02,8.66,中期趨勢仍向下；20日趨勢尚未上彎；估值高且成長不足以支撐
331,8261,富鼎,TWSE,半導體業,暫不承接,降低部位,停止加碼；反彈未站回恢復區時分批減碼,每個交易日收盤後，確認是否站回恢復區,已有部位先停止加碼。反彈若仍未站回 200.46，分批降低部位；只有站回且ETF／外資賣壓收斂後才重新評估。,44.4,51,65.9,85,100,完整,186.5,186,10.26,8.42,23.89,19.47,421.83,3.07,26.61,3.7,2.82,2,0,0,-4,-13,-285,0,453.249,-738.328,-6081.2080000000005,-3387.3830000000016,0,-4,-13,18,0,1,-710000,-42.93600000000001,44.287,6.27,465,-228,-1073,,488.672,-691.3919999999999,-6112.494999999999,-3508.132000000001,45.68,27.08,29.54,22.18,false,false,-2.12,1.63,中期趨勢仍向下；ETF短中期同步減碼；外資持股5/10日下降，且外資5日賣超；20日趨勢尚未上彎；當下除權息調整價未守20日EMA
332,3293,鈊象,TPEX,文化創意業,暫不承接,保護持有,今天不新增部位；未完成確認前不機械式賣出,下一交易日收盤，確認是否收復防守區,已有部位暫停加碼；若收盤跌破60日EMA約 748.95，且下一交易日仍未收復，先減碼三分之一；若ETF或外資繼續轉弱，再分批降低部位。,45.6,50.9,56.2,85,100,可用,701,702,25.86,17.13,59.05,55.02,152.62,22.77,16.43,13.26,5.06,19,-992,-2707,-3751,-4099,-4300,3,-1175.787,-1175.787,-1175.787,-1175.787,-992,-992,-992,-992,0,1,-705312000,-15.255,-15.255,26.96,,,,,-168.532,-168.532,-168.532,-168.532,35.82,13.66,21.22,-1.44,false,false,-5.68,-6.41,ETF短中期同步減碼；ETF 1/3日已轉為減碼；外資持股趨勢資料不足或期間有非市場異動；當下除權息調整價未守20日EMA
333,3711,日月光投控,TWSE,半導體業,暫不承接,降低部位,停止加碼；反彈未站回恢復區時分批減碼,每個交易日收盤後，確認是否站回恢復區,已有部位先停止加碼。反彈若仍未站回 600.25，分批降低部位；只有站回且ETF／外資賣壓收斂後才重新評估。,51.3,50.9,36.8,85,100,可用,593,592,43.15,25.13,10.59,60.87,107.01,8.04,42.76,6.68,1.11,59,-264,-125,-4357,-12414,-3331,-3306,-1092.484,-2088.869,-3669.8730000000005,-17167.799000000003,-1491.845,-9008.971000000001,-27345.052999999996,-17238.618,1,4,-5324301861,203.81699999999995,567.0009999999999,76.83,606,6529,-26016,,342.821,6716.285000000001,23108.179000000004,-1530.2849999999985,47.34,36.57,40.71,28.29,false,false,-1.21,0.85,ETF短中期同步減碼；ETF 1/3日已轉為減碼；主動ETF 5日轉為減碼；投信5/10日持續且具金額意義的賣超；外資持股趨勢資料不足或期間有非市場異動；當下除權息調整價未守20日EMA
334,2912,統一超,TWSE,貿易百貨,暫不承接,降低部位,停止加碼；反彈未站回恢復區時分批減碼,每個交易日收盤後，確認是否站回恢復區,已有部位先停止加碼。反彈若仍未站回 226.54，分批降低部位；只有站回且ETF／外資賣壓收斂後才重新評估。,55.7,50.6,32.5,85,100,完整,223,223,8.48,5.55,4.22,83.11,76.89,6.03,20.18,5.68,4.02,21,-6,-11,-2,-643,-1213,0,727.396,6559.969,4290.375,10333.57,-5.493,-8.493,-889.86,900.6800000000002,2,2,-1902432,-91.718,-67.718,14.54,335,6541,8283,,746.73,6660.18,5247.953,9353.793000000001,47.87,77.36,64.23,103.61,false,false,0.08,2.06,中期趨勢仍向下；ETF短中期同步減碼；ETF 1/3日已轉為減碼；20日趨勢尚未上彎
335,3211,順達,TPEX,電腦及週邊設備業,暫不承接,降低部位,停止加碼；反彈未站回恢復區時分批減碼,每個交易日收盤後，確認是否站回恢復區,已有部位先停止加碼。反彈若仍未站回 376.43，分批降低部位；只有站回且ETF／外資賣壓收斂後才重新評估。,47.3,50.6,44.5,85,100,可用,364,364,20.88,21.66,9.45,52.5,143.34,3.4,44.61,5.7,3.46,7,-100,-473,-718,-600,-271,-718,-549.189,-549.189,-549.189,-549.189,-330,-330,-330,-330,0,1,-109230000,44.257,44.257,21.7,,,,,-263.446,-263.446,-263.446,-263.446,49.42,30.08,33.47,23.3,false,false,0.36,-1.36,中期趨勢仍向下；ETF短中期同步減碼；ETF 1/3日已轉為減碼；主動ETF 5日轉為減碼；外資持股趨勢資料不足或期間有非市場異動；20日趨勢尚未上彎
336,2472,立隆電,TWSE,電子零組件業,暫不承接,降低部位,停止加碼；反彈未站回恢復區時分批減碼,每個交易日收盤後，確認是否站回恢復區,已有部位先停止加碼。反彈若仍未站回 267.47，分批降低部位；只有站回且ETF／外資賣壓收斂後才重新評估。,41,50.2,66.7,85,100,完整,218.5,218.5,36.23,20.85,20.37,26.28,287.97,3.98,22.2,3.76,1.61,6,-105,-104,-1124,-1638,-2451,-1125,39.401,-89.00699999999999,-1471.001,1132.2099999999996,-105,-1166,-1900,-3823.195,0,4,-254188000,-26.062,-47.245000000000005,11.17,43,1387,4160,,164.832,1103.0549999999998,476.24399999999974,5166.916,36.7,18.88,22.28,12.08,false,false,-8.59,-6.62,中期趨勢仍向下；ETF短中期同步減碼；ETF 1/3日已轉為減碼；主動ETF 5日轉為減碼；投信5/10日持續且具金額意義的賣超；20日趨勢尚未上彎；當下除權息調整價未守20日EMA
337,2002,中鋼,TWSE,鋼鐵工業,暫不承接,保護持有,今天不新增部位；未完成確認前不機械式賣出,下一交易日收盤，確認是否收復防守區,已有部位暫停加碼；若收盤跌破60日EMA約 19.06，且下一交易日仍未收復，先減碼三分之一；若ETF或外資繼續轉弱，再分批降低部位。,65.7,49.9,24.2,85,100,可用,19.25,19.35,21.85,2.63,1.81,51.15,126.1,-0.03,,0.97,0.79,8,0,-15,-15,-109,-26,0,-8109.4,38429.61,-791.336000000003,164963.93899999998,0,-116,-210,-320.663,0,2,-2209800,-1110.2980000000002,-4839.209000000001,15.05,-8184,37674,287894,,-7754.839,39655.908,4257.873000000003,166470.187,53.33,43.12,41.51,46.34,true,true,0.59,1.58,ETF短中期同步減碼
338,6533,晶心科,TWSE,半導體業,暫不承接,保護持有,今天不新增部位；未完成確認前不機械式賣出,下一交易日收盤，確認是否收復防守區,已有部位暫停加碼；若收盤跌破60日EMA約 227.95，且下一交易日仍未收復，先減碼三分之一；若ETF或外資繼續轉弱，再分批降低部位。,58.6,49.8,42.1,85,100,完整,270,269,22.24,56.03,-34.39,29.28,497.25,-4.62,,2.97,,1,0,0,0,0,0,0,248.808,142.668,-381.17900000000003,-569.154,0,0,0,-20,0,0,0,-3.176,0.7450000000000006,10.12,241,19,-473,,249.1,145.84400000000002,-381.924,-581.4219999999999,68.64,74.44,67.85,87.62,true,true,11.08,8.65,
339,3596,智易,TWSE,通信網路業,暫不承接,降低部位,停止加碼；反彈未站回恢復區時分批減碼,每個交易日收盤後，確認是否站回恢復區,已有部位先停止加碼。反彈若仍未站回 177.15，分批降低部位；只有站回且ETF／外資賣壓收斂後才重新評估。,43.6,49.7,49.2,85,100,完整,160,159.5,7.74,2.77,6.57,69.48,125.16,6.5,12.27,2.14,5.64,4,0,1,1,1,-198,0,-491.519,-2222.252,-7114.4619999999995,-11719.618999999997,0,1,1,10.53,1,0,159500,-2.709,-35.99399999999999,29.23,-462,-2196,-10121,,-492.753,-2220.543,-7079.468000000001,-11669.680000000002,34.38,12.63,10.61,16.66,true,false,-4.76,0,中期趨勢仍向下；外資持股5/10日下降，且外資5日賣超；20日趨勢尚未上彎；當下除權息調整價未守20日EMA
340,1514,亞力,TWSE,電機機械,暫不承接,保護持有,今天不新增部位；未完成確認前不機械式賣出,下一交易日收盤，確認是否收復防守區,已有部位暫停加碼；若收盤跌破60日EMA約 107.47，且下一交易日仍未收復，先減碼三分之一；若ETF或外資繼續轉弱，再分批降低部位。,52.3,49,42.6,85,100,可用,101.5,102,6.51,14.57,9.84,54.56,175.67,1.65,27.53,4.32,2.19,2,0,1,1,2,-1,0,-91.071,222.606,-17.216000000000008,-4351.1990000000005,0,0,1,-4.394,1,1,0,8.257,11.038999999999998,12.51,-52,12,-4107,,-84.925,214.349,-29.255000000000052,-4166.756,46.5,51.34,49.43,55.15,true,true,-0.4,2.01,中期趨勢仍向下；外資持股趨勢資料不足或期間有非市場異動；20日趨勢尚未上彎
341,3026,禾伸堂,TWSE,電子零組件業,暫不承接,保護持有,今天不新增部位；未完成確認前不機械式賣出,下一交易日收盤，確認是否收復防守區,已有部位暫停加碼；若收盤跌破60日EMA約 628.26，且下一交易日仍未收復，先減碼三分之一；若ETF或外資繼續轉弱，再分批降低部位。,44.3,48.6,51.2,85,100,完整,615,614,37.05,18.63,14.38,40.55,193.98,6.73,61.27,10.08,0.92,10,-251,-325,-374,-126,-1163,-307,-923.268,-710.4970000000002,-4754.2970000000005,-7182.026000000001,-1150,-261.1,1370.9,1695.85,1,3,-163970800,-88.54800000000002,-428.129,14.75,272,686,-364,,211.835,-360.849,-5697.068,-8159.555999999999,46.67,31.77,46.5,2.31,false,false,-4.09,-10.87,ETF短中期同步減碼；ETF 1/3日已轉為減碼；主動ETF 5日轉為減碼；投信20日買超後近5日轉賣；當下除權息調整價未守20日EMA；借券賣出與借券賣出餘額壓力升高
342,9921,巨大,TWSE,運動休閒,暫不承接,保護持有,今天不新增部位；未完成確認前不機械式賣出,下一交易日收盤，確認是否收復防守區,已有部位暫停加碼；若收盤跌破60日EMA約 88.08，且下一交易日仍未收復，先減碼三分之一；若ETF或外資繼續轉弱，再分批降低部位。,56.7,48.4,38,85,100,完整,104.5,104.5,12.75,-7.36,2.77,48.95,184.22,1.11,67.42,1.19,1.74,2,0,0,-1,-1,-2,0,131.629,3133.119,5769.184,19032.433000000005,0,-3,117,115.276,0,2,-313500,280.418,165.96800000000002,31.46,-26,2817,13801,,82.114,2855.701,5486.215999999999,18328.125,62.34,58.94,59.08,58.64,false,false,5.75,0.48,ETF短中期同步減碼
343,8054,安國,TPEX,半導體業,暫不承接,保護持有,今天不新增部位；未完成確認前不機械式賣出,下一交易日收盤，確認是否收復防守區,已有部位暫停加碼；若收盤跌破60日EMA約 92.22，且下一交易日仍未收復，先減碼三分之一；若ETF或外資繼續轉弱，再分批降低部位。,53.4,48.3,26.5,85,100,可用,83.7,83.7,97.88,164.72,-5.37,48.62,119.56,-0.23,,3.36,0,1,0,0,2,2,2,0,-87.26,-87.26,-87.26,-87.26,0,0,0,0,0,0,0,-0.925,-0.925,3.65,,,,,-86.335,-86.335,-86.335,-86.335,46.45,39.85,29.96,59.62,true,false,0.2,5.95,中期趨勢仍向下；外資持股趨勢資料不足或期間有非市場異動；20日趨勢尚未上彎
344,2369,菱生,TWSE,半導體業,暫不承接,降低部位,停止加碼；反彈未站回恢復區時分批減碼,每個交易日收盤後，確認是否站回恢復區,已有部位先停止加碼。反彈若仍未站回 33.82，分批降低部位；只有站回且ETF／外資賣壓收斂後才重新評估。,48.9,47.7,41.8,85,100,完整,31.85,31.8,34.22,36.82,3.21,34.41,239.33,0.29,,2.38,,1,0,0,0,0,0,0,-2892.18,-2064.544,-1134.352,-10582.789999999999,0,0,0,0,0,0,0,-149.30400000000003,-161.21800000000002,14.77,-2416,-874,-13487,,-2817.259,-1915.2399999999998,-973.1339999999994,-9370.431,46.07,39.44,35.64,47.04,true,false,-1.58,4.08,中期趨勢仍向下；外資持股5/10日下降，且外資5日賣超；20日趨勢尚未上彎；當下除權息調整價未守20日EMA
345,2493,揚博,TWSE,電子零組件業,暫不承接,降低部位,停止加碼；反彈未站回恢復區時分批減碼,每個交易日收盤後，確認是否站回恢復區,已有部位先停止加碼。反彈若仍未站回 205.70，分批降低部位；只有站回且ETF／外資賣壓收斂後才重新評估。,40.5,47.1,50.9,85,100,完整,181.5,181.5,25.93,11.87,17.43,51.21,163.49,2.67,32.7,7.03,2.34,2,0,0,-2,-8,1,0,550.818,-325.70500000000004,-2452.321,1705.8629999999998,0,-2,-8,-12,0,1,-342000,-43.623000000000005,-365.303,6.76,567,423,-1373,,568.313,-280.08199999999994,-2079.0179999999996,2251.857000000001,41.74,15.76,16.26,14.77,false,false,-8.66,-0.82,中期趨勢仍向下；ETF短中期同步減碼；20日累積後5日轉為調節；20日趨勢尚未上彎；當下除權息調整價未守20日EMA
346,4958,臻鼎-KY,TWSE,電子零組件業,暫不承接,降低部位,停止加碼；反彈未站回恢復區時分批減碼,每個交易日收盤後，確認是否站回恢復區,已有部位先停止加碼。反彈若仍未站回 480.73，分批降低部位；只有站回且ETF／外資賣壓收斂後才重新評估。,44.7,47.1,47.2,85,100,可用,452.5,453,31.82,16.5,7.03,39.71,160.6,3.55,52.54,3.19,0.77,39,25,42,-181,-4221,-5965,-95,1250.581,-7918.303,-30503.743000000002,-34967.357,-506.367,-3868.7870000000003,-4609.092000000001,3649.3079999999995,0,5,-1717741428,-791.176,-1886.204,54.2,326,-3156,-70935,,1576.461,-3258.3399999999997,-24008.447,-37456.687000000005,45.03,23.73,27.68,15.82,false,false,-3.29,-0.98,中期趨勢仍向下；ETF短中期同步減碼；主動ETF 5日轉為減碼；投信5/10日持續且具金額意義的賣超；外資持股5/10日下降，且外資5日賣超；20日趨勢尚未上彎；當下除權息調整價未守20日EMA；借券賣出與借券賣出餘額壓力升高
347,3704,合勤控,TWSE,通信網路業,暫不承接,降低部位,停止加碼；反彈未站回恢復區時分批減碼,每個交易日收盤後，確認是否站回恢復區,已有部位先停止加碼。反彈若仍未站回 43.79，分批降低部位；只有站回且ETF／外資賣壓收斂後才重新評估。,42.3,46.4,48,85,100,完整,42,42,-11.75,10.29,5.46,57.31,152.64,1.55,12.4,1.39,0.97,1,0,0,0,0,0,0,-697.46,-2353.679,-10616.846,-6240.929999999998,0,0,0,0,0,0,0,12.845999999999998,13.366,12.31,-568,-2362,-11376,,-698.766,-2366.525,-10630.212,-6350.646999999997,45.17,24.18,21.85,28.84,true,false,-3.1,1.2,中期趨勢仍向下；外資持股5/10日下降，且外資5日賣超；20日趨勢尚未上彎；當下除權息調整價未守20日EMA
348,5536,聖暉*,TPEX,其他電子業,暫不承接,降低部位,停止加碼；反彈未站回恢復區時分批減碼,每個交易日收盤後，確認是否站回恢復區,"已有部位先停止加碼。反彈若仍未站回 1,021.20，分批降低部位；只有站回且ETF／外資賣壓收斂後才重新評估。",37.8,46,51.1,85,100,可用,856,854,3.41,24.33,17.71,55.52,160.97,23.73,21.31,6.37,2.34,9,0,0,-2389,-3685,-3804,-2389,-139.582,-139.582,-139.582,-139.582,-31,-31,-31,-31,0,1,-26443000,-120.108,-120.108,44.1,,,,,11.526,11.526,11.526,11.526,32.98,25.69,18.11,40.84,true,false,-8.95,-1.95,中期趨勢仍向下；ETF短中期同步減碼；主動ETF 5日轉為減碼；外資持股趨勢資料不足或期間有非市場異動；20日趨勢尚未上彎；當下除權息調整價未守20日EMA
349,3715,定穎投控,TWSE,電子零組件業,暫不承接,保護持有,今天不新增部位；未完成確認前不機械式賣出,下一交易日收盤，確認是否收復防守區,已有部位暫停加碼；若收盤跌破60日EMA約 133.22，且下一交易日仍未收復，先減碼三分之一；若ETF或外資繼續轉弱，再分批降低部位。,49.1,45.9,26.4,85,100,完整,114,114,69.65,40.9,1.58,75.09,128.44,-1.55,,2.97,0.99,2,0,0,0,0,-1,0,25.57,-100.38100000000003,-1850.053,-4291.408,0,0,0,-137.982,0,0,0,-19.439,-283.379,10.86,-874,-2386,1082,,22.248,-80.94199999999998,-1566.674,-3597.061999999999,46.2,36.41,29.24,50.75,true,false,-0.24,6.05,中期趨勢仍向下；20日趨勢尚未上彎；當下除權息調整價未守20日EMA
350,4966,譜瑞-KY,TPEX,半導體業,暫不承接,保護持有,今天不新增部位；未完成確認前不機械式賣出,下一交易日收盤，確認是否收復防守區,已有部位暫停加碼；若收盤跌破60日EMA約 609.72，且下一交易日仍未收復，先減碼三分之一；若ETF或外資繼續轉弱，再分批降低部位。,44.4,45.6,64.8,85,100,可用,577,576,-4.34,-0.78,13.79,14.61,478.03,14.43,17.68,1.93,3.2,9,-280,-270,-200,243,102,-280,-190.594,-190.594,-190.594,-190.594,-280,-280,-280,-280,0,1,-155680000,-4.017,-4.017,39.19,,,,,93.423,93.423,93.423,93.423,46.78,38.35,31.42,52.22,true,false,-0.47,-0.86,累計營收負成長且當月改善不足；中期趨勢仍向下；20日累積後5日轉為調節；ETF 1/3日已轉為減碼；主動ETF 5日轉為減碼；外資持股趨勢資料不足或期間有非市場異動；20日趨勢尚未上彎；當下除權息調整價未守20日EMA
351,3035,智原,TWSE,半導體業,暫不承接,降低部位,停止加碼；反彈未站回恢復區時分批減碼,每個交易日收盤後，確認是否站回恢復區,已有部位先停止加碼。反彈若仍未站回 184.11，分批降低部位；只有站回且ETF／外資賣壓收斂後才重新評估。,54.8,45.4,44.5,85,100,可用,181,180.5,9.97,-46.08,6.21,28.62,211.45,1.16,67.72,2.62,1.05,5,1,71,201,331,328,0,-105.016,-89.69399999999996,1669.2150000000001,-259.8519999999999,1,201,331,444.971,3,0,34572000,980.019,993.688,12.77,-90,-1170,-1264,,-90.188,-1270.713,344.52700000000016,-1010.1519999999998,52.3,50.13,42.05,66.3,true,false,2.9,4.93,累計營收負成長且當月改善不足；中期趨勢仍向下；外資持股5/10日下降，且外資5日賣超；20日趨勢尚未上彎
352,3576,聯合再生,TWSE,光電業,暫不承接,保護持有,今天不新增部位；未完成確認前不機械式賣出,下一交易日收盤，確認是否收復防守區,已有部位暫停加碼；若收盤跌破60日EMA約 17.55，且下一交易日仍未收復，先減碼三分之一；若ETF或外資繼續轉弱，再分批降低部位。,47.3,45.2,40.7,85,100,完整,17.1,17.05,72.75,-14.82,-55.84,46.52,154.12,0.93,31.67,2.16,,1,0,0,0,0,-6,0,-735.144,-501.60599999999977,4757.856,42907.945999999996,0,0,0,-6.181,0,0,0,-28.1,-54.1,14.73,-737,-474,43957,,-737.144,-473.50599999999986,4811.956,43010.227,48.29,32.26,34.88,27.03,false,false,-0.74,2.09,中期趨勢仍向下；20日趨勢尚未上彎；當下除權息調整價未守20日EMA；單季稅前獲利對營業外貢獻依賴偏高
353,8454,富邦媒,TWSE,數位雲端,暫不承接,保護持有,今天不新增部位；未完成確認前不機械式賣出,下一交易日收盤，確認是否收復防守區,已有部位暫停加碼；若收盤跌破60日EMA約 259.66，且下一交易日仍未收復，先減碼三分之一；若ETF或外資繼續轉弱，再分批降低部位。,48.1,44.1,30.2,85,100,完整,256.5,255,5.23,2.77,2.94,70.81,68.67,4.81,24.21,8.02,3.98,7,-1,-1,-15,-16,174,0,46.302,72.89700000000002,233.13,139.971,-0.181,-17.181,-18.632,-135.952,0,3,-4321021,4.736000000000001,24.95,11.68,32,80,151,,48.695,85.34200000000001,226.81200000000004,309.0340000000001,47.12,25.56,21.11,34.46,true,false,-0.76,-0.77,ETF短中期同步減碼；20日累積後5日轉為調節；ETF 1/3日已轉為減碼；當下除權息調整價未守20日EMA
354,6831,邁科,TWSE,電腦及週邊設備業,暫不承接,降低部位,停止加碼；反彈未站回恢復區時分批減碼,每個交易日收盤後，確認是否站回恢復區,已有部位先停止加碼。反彈若仍未站回 643.71，分批降低部位；只有站回且ETF／外資賣壓收斂後才重新評估。,43.4,43.9,40.1,85,100,完整,573,576,31.25,20.93,8.86,49.58,153.31,1.66,101.44,13.82,0.53,4,0,0,-339,-383,225,-339,-109.732,-909.1740000000001,-538.9270000000001,-1869.799,-100,-1094,-772,-1126,0,4,-614828000,-17.521,-30.442999999999998,15.15,-91,163,-982,,-18.825,202.347,263.5160000000001,-651.4509999999999,42.62,23.37,28.28,13.55,false,false,-6.76,-4.34,中期趨勢仍向下；ETF短中期同步減碼；20日累積後5日轉為調節；主動ETF 5日轉為減碼；投信5/10日持續且具金額意義的賣超；20日趨勢尚未上彎；當下除權息調整價未守20日EMA
355,2498,宏達電,TWSE,通信網路業,暫不承接,保護持有,今天不新增部位；未完成確認前不機械式賣出,下一交易日收盤，確認是否收復防守區,已有部位暫停加碼；若收盤跌破60日EMA約 41.84，且下一交易日仍未收復，先減碼三分之一；若ETF或外資繼續轉弱，再分批降低部位。,50.4,43.3,46.9,85,93,可用,40.8,40.7,21.2,-6.79,-89.63,32.56,220.19,-0.62,15.64,1.29,1.23,4,3,6,3,-7,-8,0,-269.43,-224.92299999999994,-501.6249999999999,68.56899999999999,-4,-4,-14,-31.485,1,2,-162000,299.93100000000004,71.97600000000001,9.01,-228,568,6649,,-231.579,-520.854,-559.6009999999999,696.7350000000001,49.48,47.3,44.63,52.64,false,false,0.44,2.38,中期趨勢仍向下；20日趨勢尚未上彎
356,1722,台肥,TWSE,化學工業,暫不承接,降低部位,停止加碼；反彈未站回恢復區時分批減碼,每個交易日收盤後，確認是否站回恢復區,已有部位先停止加碼。反彈若仍未站回 46.40，分批降低部位；只有站回且ETF／外資賣壓收斂後才重新評估。,40.4,43.2,50.1,85,100,完整,44.55,44.6,9.75,6.83,4.8,36.33,228.72,0.43,53.1,0.83,4.48,4,0,0,-62,-64,-68,0,-1000.078,-2517.682,-4866.572999999999,-908.7339999999999,0,-72,-74,-75.963,0,2,-3211200,-46.877,80.602,7.87,-933,-3572,-7992,,-985,-2398.8050000000003,-4873.175,-1627.6890000000003,36.49,36.65,52.02,5.92,false,true,-2.68,-2.62,中期趨勢仍向下；ETF短中期同步減碼；外資持股5/10日下降，且外資5日賣超；20日趨勢尚未上彎；當下除權息調整價未守20日EMA
357,2367,燿華,TWSE,電子零組件業,暫不承接,保護持有,今天不新增部位；未完成確認前不機械式賣出,下一交易日收盤，確認是否收復防守區,已有部位暫停加碼；若收盤跌破60日EMA約 48.78，且下一交易日仍未收復，先減碼三分之一；若ETF或外資繼續轉弱，再分批降低部位。,61.4,41.1,16.7,85,100,完整,44.65,44.8,24.95,-3.13,-6.5,56.05,95.69,-0.64,,2.47,0.46,2,3,5,5,5,0,0,54.696,514.431,4169.148,9603.962999999998,3,5,5,0.8129999999999997,2,0,215250,-895.8520000000001,-969.9010000000001,9.07,-539,1017,11427,,376.71,1405.283,5134.048999999999,10202.57,52.11,50.75,42.64,66.97,true,false,3.17,6.31,
358,6116,彩晶,TWSE,光電業,暫不承接,保護持有,今天不新增部位；未完成確認前不機械式賣出,下一交易日收盤，確認是否收復防守區,已有部位暫停加碼；若收盤跌破60日EMA約 14.34，且下一交易日仍未收復，先減碼三分之一；若ETF或外資繼續轉弱，再分批降低部位。,60.9,41,31.2,85,100,完整,14.4,14.4,-3.14,2.29,-15.24,20.77,179.8,-0.02,,1.08,,1,0,0,0,0,7,0,-3422.234,4227.411,-6539.331,-18418.801000000007,0,0,0,6.712,0,0,0,-129.19699999999995,-84.01899999999998,4.69,-3143,5938,-3763,,-3000.212,4356.608,-6455.312,-16572.757999999998,51.41,48.68,45.61,54.84,true,false,2.07,1.05,
359,3481,群創,TWSE,光電業,暫不承接,降低部位,停止加碼；反彈未站回恢復區時分批減碼,每個交易日收盤後，確認是否站回恢復區,已有部位先停止加碼。反彈若仍未站回 49.42，分批降低部位；只有站回且ETF／外資賣壓收斂後才重新評估。,43.8,40.9,41.1,85,100,可用,46.5,46.4,-1.94,13.55,2.4,43.52,150.57,0.77,60,1.66,2.14,14,-27,-313,-347,12989,12051,0,10536.301,-88360.312,-78197.91100000001,-89221.63300000002,-26.776,-1271.776,12736.946,-19560.373,0,5,-59519117,-11984.337,-3446.9789999999994,20.25,9288,-85232,-106542,,9717.844,-75104.199,-87487.878,-53551.44299999999,42.93,22.79,28.82,10.71,false,false,-4.08,-0.53,中期趨勢仍向下；20日累積後5日轉為調節；ETF 1/3日已轉為減碼；外資持股5/10日下降，且外資5日賣超；20日趨勢尚未上彎；當下除權息調整價未守20日EMA
360,6706,惠特,TWSE,光電業,暫不承接,保護持有,今天不新增部位；未完成確認前不機械式賣出,下一交易日收盤，確認是否收復防守區,已有部位暫停加碼；若收盤跌破60日EMA約 128.77，且下一交易日仍未收復，先減碼三分之一；若ETF或外資繼續轉弱，再分批降低部位。,55.7,40.5,23.9,85,100,完整,123.5,123,89.25,-42.75,-84.96,51.49,206.17,-2.85,,2.6,,1,0,0,0,0,0,0,85.351,227.191,1060.46,1962.373,0,0,0,0,0,0,0,51.756999999999984,17.785999999999984,7.63,-12,175,796,,11.028,175.43399999999997,1042.674,2330.237,54.03,62.67,56.22,75.58,true,false,4.92,6.93,
361,6715,嘉基,TWSE,電子零組件業,暫不承接,降低部位,停止加碼；反彈未站回恢復區時分批減碼,每個交易日收盤後，確認是否站回恢復區,已有部位先停止加碼。反彈若仍未站回 397.68，分批降低部位；只有站回且ETF／外資賣壓收斂後才重新評估。,36,39.6,52.2,85,100,完整,357.5,363,23.35,2.68,6.77,20.15,319.88,0.89,239.14,6.71,0.53,1,1,1,-139,-138,-138,-140,-27.67,-166.17200000000003,96.88599999999997,-624.846,1,32,293,-421,2,1,11632000,36.175000000000004,51.90500000000001,2.24,0,-197,-275,,-17.714,-234.347,-248.01899999999995,-256.76399999999995,44.08,29.63,51.96,-15.04,false,true,-9.35,-20.11,ETF短中期同步減碼；主動ETF 5日轉為減碼；外資持股5/10日下降，且外資5日賣超；當下除權息調整價未守20日EMA；估值高且成長不足以支撐
362,2409,友達,TWSE,光電業,暫不承接,降低部位,停止加碼；反彈未站回恢復區時分批減碼,每個交易日收盤後，確認是否站回恢復區,已有部位先停止加碼。反彈若仍未站回 25.75，分批降低部位；只有站回且ETF／外資賣壓收斂後才重新評估。,49.9,38.5,27.6,85,100,完整,25.6,25.5,-2.64,-1.21,-0.3,55.81,116.87,0.03,106.88,1.25,1.56,11,-9,-5,-11,-193,2221,0,16126.487,-21996.35,-9198.192,-283339.397,-8.89,-10.89,-193.23000000000002,3646.9969999999994,2,2,-279328,-9117.713,-4368.754,10.27,7011,-342,-93410,,16759.294,-12867.747,-4636.208000000001,-264748.588,48.65,31.1,35.61,22.08,false,false,-0.59,-2.1,累計營收負成長且當月改善不足；ETF短中期同步減碼；20日累積後5日轉為調節；ETF 1/3日已轉為減碼；外資持股5/10日下降，且外資5日賣超；當下除權息調整價未守20日EMA；估值高且成長不足以支撐；單季稅前獲利對營業外貢獻依賴偏高
363,6488,環球晶,TPEX,半導體業,暫不承接,保護持有,今天不新增部位；未完成確認前不機械式賣出,下一交易日收盤，確認是否收復防守區,已有部位暫停加碼；若收盤跌破60日EMA約 974.67，且下一交易日仍未收復，先減碼三分之一；若ETF或外資繼續轉弱，再分批降低部位。,47.1,38,29.8,85,100,可用,950,949,19.59,-4.44,9.93,55.88,128.14,11.87,47.57,4.84,0.79,20,48,97,156,416,-788,127,-1435.405,-1435.405,-1435.405,-1435.405,270.521,270.521,270.521,270.521,1,0,265110580,-31.423,-31.423,28.73,,,,,-1674.503,-1674.503,-1674.503,-1674.503,46.54,34.56,48.64,6.39,false,false,-3.46,-3.36,中期趨勢仍向下；外資持股趨勢資料不足或期間有非市場異動；20日趨勢尚未上彎；當下除權息調整價未守20日EMA；單季稅前獲利對營業外貢獻依賴偏高
364,6176,瑞儀,TWSE,光電業,暫不承接,降低部位,停止加碼；反彈未站回恢復區時分批減碼,每個交易日收盤後，確認是否站回恢復區,已有部位先停止加碼。反彈若仍未站回 115.79，分批降低部位；只有站回且ETF／外資賣壓收斂後才重新評估。,27.5,36.4,54,85,100,可用,98.3,98.2,-9.48,-6.48,10.12,48.32,178.45,2.81,12.35,1.27,3.5,6,-28,-2692,-2692,-2692,-3131,0,-791.073,-1775.826,-3100.397,-12715.906,-28,-28,-28,-279.301,0,1,-2797200,7.2219999999999995,23.555999999999997,34.23,46,-40700,-46496,,-780.227,-1755.048,-3095.953,-12101.780999999999,20.29,8.35,11.1,2.87,true,true,-8.94,-9.32,累計營收負成長且當月改善不足；中期趨勢仍向下；ETF短中期同步減碼；ETF 1/3日已轉為減碼；外資持股趨勢資料不足或期間有非市場異動；20日趨勢尚未上彎；當下除權息調整價未守20日EMA
365,6182,合晶,TPEX,半導體業,暫不承接,保護持有,今天不新增部位；未完成確認前不機械式賣出,下一交易日收盤，確認是否收復防守區,已有部位暫停加碼；若收盤跌破60日EMA約 107.98，且下一交易日仍未收復，先減碼三分之一；若ETF或外資繼續轉弱，再分批降低部位。,41.5,36.2,34.5,85,100,可用,107,107,18.9,10.52,2.25,33.96,210.31,0.06,469.57,3.97,0,2,0,0,0,4,-668,0,-4948.171,-4948.171,-4948.171,-4948.171,0,0,0,0,0,0,0,-683.615,-683.615,19.59,,,,,-4264.556,-4264.556,-4264.556,-4264.556,46.74,30.38,45.14,0.87,false,false,-3.04,-2.73,中期趨勢仍向下；外資持股趨勢資料不足或期間有非市場異動；20日趨勢尚未上彎；當下除權息調整價未守20日EMA；估值高且成長不足以支撐
366,4919,新唐,TWSE,半導體業,暫不承接,降低部位,停止加碼；反彈未站回恢復區時分批減碼,每個交易日收盤後，確認是否站回恢復區,已有部位先停止加碼。反彈若仍未站回 138.71，分批降低部位；只有站回且ETF／外資賣壓收斂後才重新評估。,42.1,30.1,20.1,85,100,完整,121.5,121,7.92,-0.34,-2.79,46.5,189.95,-0.57,,3.17,,7,0,-1,-9,-26,-329,0,-184.971,-135.075,309.73099999999994,4055.114,0,-9,-26,-343.198,1,2,-1053000,319.972,712.639,4.16,-374,-393,8176,,-131.418,-446.0469999999999,-376.90799999999984,2117.258,44.49,32.4,27.07,43.06,true,false,-1.95,4.29,累計營收負成長且當月改善不足；中期趨勢仍向下；ETF短中期同步減碼；20日趨勢尚未上彎；當下除權息調整價未守20日EMA；單季稅前獲利對營業外貢獻依賴偏高
367,9946,三發地產,TWSE,建材營造,不建立部位,保護持有,今天不新增部位；未完成確認前不機械式賣出,下一交易日收盤，確認是否收復防守區,已有部位暫停加碼；若收盤跌破60日EMA約 18.41，且下一交易日仍未收復，先減碼三分之一；若ETF或外資繼續轉弱，再分批降低部位。,66.2,80.9,85.4,85,100,完整,19,19.1,1180.83,3975.11,45.27,58.38,224.99,2.84,4.11,0.86,7.21,2,0,0,1,-6,-1,0,-105,-58.97999999999999,316.29,466.38599999999997,0,1,-6,102,1,0,19150,-24,-42,3.27,-160,-212,-67,,-105,-35.97999999999999,364.29,326.38599999999997,57.89,49.96,64.5,20.88,false,true,1.34,0.8,"單日成交金額低於5,000萬元；外資持股5/10日下降，且外資5日賣超；2日內除權息，等待價格重置"
368,8109,博大,TPEX,電子零組件業,不建立部位,保護持有,今天不新增部位；未完成確認前不機械式賣出,下一交易日收盤，確認是否收復防守區,已有部位暫停加碼；若收盤跌破60日EMA約 127.90，且下一交易日仍未收復，先減碼三分之一；若ETF或外資繼續轉弱，再分批降低部位。,64,73.7,80.1,85,100,可用,133.5,134,45.35,26.9,36.05,22.91,415.49,3.84,17.29,3.49,3.5,1,0,0,0,-4,-1,0,27.055,27.055,27.055,27.055,0,0,0,0,0,0,0,-3.945,-3.945,3.91,,,,,31,31,31,31,55.51,30.33,32.76,25.48,false,false,2.43,-1.48,"單日成交金額低於5,000萬元；外資持股趨勢資料不足或期間有非市場異動"
369,1419,新紡,TWSE,紡織纖維,不建立部位,保護持有,今天不新增部位；未完成確認前不機械式賣出,下一交易日收盤，確認是否收復防守區,已有部位暫停加碼；若收盤跌破60日EMA約 65.68，且下一交易日仍未收復，先減碼三分之一；若ETF或外資繼續轉弱，再分批降低部位。,64.9,73.6,72.4,85,100,完整,65.9,66.7,30.69,28.41,9.09,17.87,178.88,11.2,4.7,0.86,2.76,2,0,0,0,0,140,0,-2,83.54799999999999,-69.34100000000001,6.81500000000001,0,0,0,84,0,0,0,-14,-12,1.37,-2,76,207,,0,97.54799999999999,-57.34100000000001,-91.16299999999998,51.26,62.36,53.3,80.49,false,false,0.59,3.94,"單日成交金額低於5,000萬元；20日趨勢尚未上彎；單季稅前獲利對營業外貢獻依賴偏高"
370,8415,大國鋼,TPEX,鋼鐵工業,不建立部位,保護持有,今天不新增部位；未完成確認前不機械式賣出,下一交易日收盤，確認是否收復防守區,已有部位暫停加碼；若收盤跌破60日EMA約 36.71，且下一交易日仍未收復，先減碼三分之一；若ETF或外資繼續轉弱，再分批降低部位。,58.8,73.4,77.4,85,100,可用,37.7,37.7,36.76,21.39,21.86,35.39,194.62,2.17,9.61,1.34,3.93,1,0,0,0,0,-473,0,-89.618,-89.618,-89.618,-89.618,0,0,0,0,0,0,0,-2.618,-2.618,7.44,,,,,-87,-87,-87,-87,51,41.12,45.8,31.76,true,true,-0.33,-0.79,"單日成交金額低於5,000萬元；外資持股趨勢資料不足或期間有非市場異動；當下除權息調整價未守20日EMA"
371,4105,東洋,TPEX,生技醫療業,不建立部位,保護持有,今天不新增部位；未完成確認前不機械式賣出,下一交易日收盤，確認是否收復防守區,已有部位暫停加碼；若收盤跌破60日EMA約 76.66，且下一交易日仍未收復，先減碼三分之一；若ETF或外資繼續轉弱，再分批降低部位。,64.5,73.3,75.2,85,100,可用,78.3,78.2,11.28,7.4,30.78,34.48,213.15,3.42,11.16,2.78,5.78,2,0,0,1,-3,7,0,-55.93,-55.93,-55.93,-55.93,0,0,0,0,0,0,0,0,0,22.57,,,,,-55.93,-55.93,-55.93,-55.93,57.92,58.34,55.51,64,false,false,1.36,1.69,"單日成交金額低於5,000萬元；外資持股趨勢資料不足或期間有非市場異動"
372,2108,南帝,TWSE,橡膠工業,不建立部位,保護持有,今天不新增部位；未完成確認前不機械式賣出,下一交易日收盤，確認是否收復防守區,已有部位暫停加碼；若收盤跌破60日EMA約 28.68，且下一交易日仍未收復，先減碼三分之一；若ETF或外資繼續轉弱，再分批降低部位。,64.1,71.7,75.3,85,100,完整,30.6,30.65,32.74,24.72,16.6,12.36,812.87,1.28,16.88,1,3.33,1,0,0,0,-1,0,0,1.756,566.8580000000002,3073.2870000000003,6878.184000000001,0,0,-1,141,0,0,0,-22.782000000000007,-2.9030000000000054,6.6,-20,593,5946,,-8.014,589.6399999999999,3077.1899999999996,6629.576999999999,58.61,60.44,60.59,60.16,false,true,3.9,5.15,"單日成交金額低於5,000萬元"
373,2897,王道銀行,TWSE,金融保險業,不建立部位,保護持有,今天不新增部位；未完成確認前不機械式賣出,下一交易日收盤，確認是否收復防守區,已有部位暫停加碼；若收盤跌破60日EMA約 10.26，且下一交易日仍未收復，先減碼三分之一；若ETF或外資繼續轉弱，再分批降低部位。,65.9,71.4,68.2,85,91,可用,10.35,10.3,17.35,28.22,,90.87,,0.28,15,0.69,5.1,1,0,0,0,0,-2703,0,562,5314.1849999999995,3487.026,-2614.7170000000006,0,0,0,113.848,0,0,0,84,51,8.72,530,3571,16620,,530,5230.1849999999995,3436.0259999999994,-3088.3150000000005,56.73,88.5,78.98,107.53,false,false,1.21,1.97,"單日成交金額低於5,000萬元"
374,3218,大學光,TPEX,生技醫療業,不建立部位,保護持有,今天不新增部位；未完成確認前不機械式賣出,下一交易日收盤，確認是否收復防守區,已有部位暫停加碼；若收盤跌破60日EMA約 136.67，且下一交易日仍未收復，先減碼三分之一；若ETF或外資繼續轉弱，再分批降低部位。,58.9,71.3,70.2,85,100,可用,137.5,137.5,19.34,5.47,30.76,39,136.31,5.99,9.96,2.94,5.76,1,0,0,0,-6,-13,0,-35,-35,-35,-35,0,0,0,0,0,0,0,-1,-1,7.89,,,,,-34,-34,-34,-34,50.74,41.7,33.41,58.28,true,false,0.33,1.1,"單日成交金額低於5,000萬元；外資持股趨勢資料不足或期間有非市場異動；20日趨勢尚未上彎"
375,6670,復盛應用,TWSE,運動休閒,不建立部位,保護持有,今天不新增部位；未完成確認前不機械式賣出,下一交易日收盤，確認是否收復防守區,已有部位暫停加碼；若收盤跌破60日EMA約 264.42，且下一交易日仍未收復，先減碼三分之一；若ETF或外資繼續轉弱，再分批降低部位。,62.7,70.9,69.8,85,100,完整,264.5,264.5,25.09,11.6,15.25,40.17,200.45,13.1,10.78,2.37,6.06,6,0,0,0,-2,-203,0,2,209.257,185.264,825.0710000000001,0,-1,-3,-484.728,0,1,-264000,-2.225,20.573,24.51,27,227,2008,,2,212.482,167.691,1413.908,50.36,44.46,46.32,40.75,false,true,0.05,-0.94,"單日成交金額低於5,000萬元；20日趨勢尚未上彎"
376,6183,關貿,TWSE,資訊服務業,不建立部位,保護持有,今天不新增部位；未完成確認前不機械式賣出,下一交易日收盤，確認是否收復防守區,已有部位暫停加碼；若收盤跌破60日EMA約 92.10，且下一交易日仍未收復，先減碼三分之一；若ETF或外資繼續轉弱，再分批降低部位。,64.3,70.4,61.3,85,100,完整,94.2,94.1,42.52,14.47,29.53,49.64,147.35,2.41,20.89,5.25,3.78,2,0,0,0,0,0,0,-1,10.999999999999998,15.986999999999997,194.986,0,0,0,43,0,0,0,2,8,1.17,-1,10,93,,-1,8.999999999999998,7.9869999999999965,130.986,60.03,63.06,60.25,68.68,true,false,1.26,0.96,"單日成交金額低於5,000萬元"
377,6913,鴻呈,TPEX,電子零組件業,不建立部位,保護持有,今天不新增部位；未完成確認前不機械式賣出,下一交易日收盤，確認是否收復防守區,已有部位暫停加碼；若收盤跌破60日EMA約 132.47，且下一交易日仍未收復，先減碼三分之一；若ETF或外資繼續轉弱，再分批降低部位。,63.5,69.7,60.9,85,100,可用,144,144,67.45,37.13,13.78,51.27,228.81,4.11,21.31,3.5,1.79,1,0,0,0,0,9,0,-22.975,-22.975,-22.975,-22.975,0,0,0,0,0,0,0,-0.189,-0.189,7.95,,,,,-22.786,-22.786,-22.786,-22.786,60.03,29.76,34.25,20.76,false,false,3.68,2.49,"單日成交金額低於5,000萬元；外資持股趨勢資料不足或期間有非市場異動"
378,8499,鼎炫-KY,TWSE,其他電子業,不建立部位,保護持有,今天不新增部位；未完成確認前不機械式賣出,下一交易日收盤，確認是否收復防守區,已有部位暫停加碼；若收盤跌破60日EMA約 273.25，且下一交易日仍未收復，先減碼三分之一；若ETF或外資繼續轉弱，再分批降低部位。,55.4,69.7,78.9,85,91,可用,262.5,268,135.9,93.56,18.33,24.71,357.1,2.61,26.55,1.27,3.02,1,0,0,0,0,0,0,0.012,-13.549,16.418000000000006,75.70500000000004,0,0,0,0,0,0,0,1.451,2.4180000000000006,72.03,3,-10,-93,,0,-15,14,73.961,47.26,37.65,47.29,18.36,false,false,-0.64,-2.42,"單日成交金額低於5,000萬元；外資持股5/10日下降，且外資5日賣超"
379,3515,華擎,TWSE,電腦及週邊設備業,不建立部位,保護持有,今天不新增部位；未完成確認前不機械式賣出,下一交易日收盤，確認是否收復防守區,已有部位暫停加碼；若收盤跌破60日EMA約 218.84，且下一交易日仍未收復，先減碼三分之一；若ETF或外資繼續轉弱，再分批降低部位。,64.7,69.3,60.7,85,100,完整,219.5,219,131.35,18.86,8.04,52.42,174.78,7.1,14.28,2.35,4.98,3,1,1,1,1,-1,0,8.089,-36.627000000000024,1275.027,1564.626,1,1,1,0.59,1,0,221000,40.69799999999999,78.28099999999998,8.49,57,-416,929,,8.433,-78.32500000000002,1195.746,1466.2020000000002,53.07,32.99,40.72,17.52,false,false,1.2,-0.23,"單日成交金額低於5,000萬元；ETF加碼金額或跨基金共識不足"
380,6245,立端,TPEX,通信網路業,不建立部位,保護持有,今天不新增部位；未完成確認前不機械式賣出,下一交易日收盤，確認是否收復防守區,已有部位暫停加碼；若收盤跌破60日EMA約 81.51，且下一交易日仍未收復，先減碼三分之一；若ETF或外資繼續轉弱，再分批降低部位。,61.4,69.3,67.5,85,100,可用,83.6,83.7,102.55,17.99,8.15,41.82,223.77,1.81,18.54,2,4.68,1,0,0,0,0,-4,0,-60.593,-60.593,-60.593,-60.593,0,0,0,0,0,0,0,-4.593,-4.593,10.99,,,,,-56,-56,-56,-56,52.77,28.86,28.99,28.61,false,false,1.18,0.24,"單日成交金額低於5,000萬元；外資持股趨勢資料不足或期間有非市場異動"
381,8473,山林水,TWSE,綠能環保,不建立部位,保護持有,今天不新增部位；未完成確認前不機械式賣出,下一交易日收盤，確認是否收復防守區,已有部位暫停加碼；若收盤跌破60日EMA約 44.28，且下一交易日仍未收復，先減碼三分之一；若ETF或外資繼續轉弱，再分批降低部位。,60.9,68.9,65.1,85,73,可用,45.55,45.5,42.18,15.57,26.41,55.27,151.78,2.43,13.04,1.18,4.18,1,0,0,0,0,2,0,68.88,-226.50899999999996,-281.78499999999997,-488.566,0,0,0,0,0,0,0,16.096,-17.999,4.16,99,-274,-101,,67.453,-242.60500000000002,-263.78600000000006,-443.2450000000002,55.68,57.85,67.29,38.97,false,true,2.64,1.22,"單日成交金額低於5,000萬元；外資持股5/10日下降，且外資5日賣超"
382,9911,櫻花,TWSE,居家生活,不建立部位,保護持有,今天不新增部位；未完成確認前不機械式賣出,下一交易日收盤，確認是否收復防守區,已有部位暫停加碼；若收盤跌破60日EMA約 83.01，且下一交易日仍未收復，先減碼三分之一；若ETF或外資繼續轉弱，再分批降低部位。,64.7,68.6,64.6,85,100,完整,83.2,83.2,9.67,6.76,15.65,37.15,166.9,3.26,12.87,2.79,6.02,2,0,0,0,0,15,0,-5,169.332,-37.599999999999994,-345.982,0,0,0,2,0,0,0,-47,21,18.72,-55,158,-569,,3,216.332,-58.599999999999994,-370.982,57.01,79.01,69.31,98.41,false,false,0.7,1.34,"單日成交金額低於5,000萬元"
383,2459,敦吉,TWSE,其他電子業,不建立部位,保護持有,今天不新增部位；未完成確認前不機械式賣出,下一交易日收盤，確認是否收復防守區,已有部位暫停加碼；若收盤跌破60日EMA約 65.74，且下一交易日仍未收復，先減碼三分之一；若ETF或外資繼續轉弱，再分批降低部位。,60.3,68.4,73.5,85,100,完整,66.6,67.3,18.4,11.23,15.75,34.67,199.27,3.19,11.93,1.18,6.3,1,0,0,0,0,0,0,-25,56.978,128.90800000000002,314.98400000000004,0,0,0,0,0,0,0,-2,5,15.72,-25,58,-52,,-25,58.978,123.90800000000002,277.98400000000004,57.06,64.02,70.86,50.35,true,true,0.77,-0.6,"單日成交金額低於5,000萬元"
384,9935,慶豐富,TWSE,居家生活,不建立部位,保護持有,今天不新增部位；未完成確認前不機械式賣出,下一交易日收盤，確認是否收復防守區,已有部位暫停加碼；若收盤跌破60日EMA約 19.58，且下一交易日仍未收復，先減碼三分之一；若ETF或外資繼續轉弱，再分批降低部位。,59.5,68.4,60.2,85,100,完整,20.15,20.2,9.5,8.2,11.62,70.48,125.46,1.12,8.16,1.32,5.96,1,0,0,0,-2,-5,0,56.052,182.05199999999996,567.5799999999999,1029.273,0,0,-2.154,-3.471,0,0,0,0,3,6.74,56,182,1740,,56.052,182.05199999999996,566.7339999999999,1003.7439999999999,53.13,29.75,40.72,7.82,false,false,0.29,-2.89,"單日成交金額低於5,000萬元"
385,2753,八方雲集,TWSE,觀光餐旅,不建立部位,保護持有,今天不新增部位；未完成確認前不機械式賣出,下一交易日收盤，確認是否收復防守區,已有部位暫停加碼；若收盤跌破60日EMA約 173.32，且下一交易日仍未收復，先減碼三分之一；若ETF或外資繼續轉弱，再分批降低部位。,69.1,68.2,58.6,85,100,完整,179,179,10.39,7.72,12.11,50.44,168.25,7.01,13.44,3.33,6.37,3,13,13,13,9,2,0,23.438,533.366,384.423,866.198,0,0,-3.9930000000000003,-5.6000000000000005,0,0,0,2.645,2.5250000000000004,6.83,20,585,1723,,22.15,530.721,385.89099999999996,863.922,65.84,89.9,87.77,94.15,false,false,2.16,1.59,"單日成交金額低於5,000萬元；2日內除權息，等待價格重置；ETF加碼金額或跨基金共識不足"
386,3003,健和興,TWSE,電子零組件業,不建立部位,保護持有,今天不新增部位；未完成確認前不機械式賣出,下一交易日收盤，確認是否收復防守區,已有部位暫停加碼；若收盤跌破60日EMA約 62.75，且下一交易日仍未收復，先減碼三分之一；若ETF或外資繼續轉弱，再分批降低部位。,63.2,68.2,70.2,85,93,可用,65.3,65.1,92.99,39.79,10.05,23.56,446.65,1.46,26.33,1.54,1.53,2,0,0,0,0,1,0,-21.721,-762.168,-284.84200000000004,2085.5219999999995,0,0,0,0,0,0,0,-19.644,77.55100000000002,6.01,-31,-776,2112,,-31,-742.524,-362.3929999999999,1940.8470000000002,53.33,23.76,29.02,13.24,false,false,1.4,1.24,"單日成交金額低於5,000萬元"
387,2607,榮運,TWSE,航運業,不建立部位,保護持有,今天不新增部位；未完成確認前不機械式賣出,下一交易日收盤，確認是否收復防守區,已有部位暫停加碼；若收盤跌破60日EMA約 49.02，且下一交易日仍未收復，先減碼三分之一；若ETF或外資繼續轉弱，再分批降低部位。,60.6,68.1,70.4,85,100,完整,52.1,52.4,40.6,7.8,11.94,34.11,198.54,2.68,10.4,0.89,5.18,1,0,0,0,0,-10,0,108.646,763.793,730.238,1436.9679999999998,0,0,0,-9.541,0,0,0,19.217000000000002,19.503000000000004,8.33,48,745,2177,,107.518,744.5759999999999,710.7349999999999,1376.7669999999996,71.66,70.55,75.06,61.53,false,true,4.06,3.37,"單日成交金額低於5,000萬元"
388,3213,茂訊,TPEX,電腦及週邊設備業,不建立部位,保護持有,今天不新增部位；未完成確認前不機械式賣出,下一交易日收盤，確認是否收復防守區,已有部位暫停加碼；若收盤跌破60日EMA約 127.34，且下一交易日仍未收復，先減碼三分之一；若ETF或外資繼續轉弱，再分批降低部位。,51.2,68.1,82.7,85,100,可用,127.5,127,70.37,20.36,25.64,30.04,300.49,5.62,13.19,1.9,5.53,1,0,0,0,0,-2,0,-72.041,-72.041,-72.041,-72.041,0,0,0,0,0,0,0,-0.492,-0.492,16.27,,,,,-71.549,-71.549,-71.549,-71.549,45.38,18.58,21.83,12.08,false,false,-2.13,-3.77,"單日成交金額低於5,000萬元；外資持股趨勢資料不足或期間有非市場異動；當下除權息調整價未守20日EMA"
389,4536,拓凱,TWSE,運動休閒,不建立部位,保護持有,今天不新增部位；未完成確認前不機械式賣出,下一交易日收盤，確認是否收復防守區,已有部位暫停加碼；若收盤跌破60日EMA約 166.48，且下一交易日仍未收復，先減碼三分之一；若ETF或外資繼續轉弱，再分批降低部位。,63.7,68.1,68.1,85,100,完整,169.5,169.5,20.39,2.23,16.23,34.22,265.4,6.55,12.79,1.63,4.72,2,0,0,0,-1,5,0,34.553,341.34299999999996,506.69,1353.597,0,0,-1,82,0,0,0,1.5490000000000002,2.356,14.9,35,309,1918,,37.135,339.794,505.334,1255.1670000000001,53,60.05,62.65,54.83,false,true,0.33,0,"單日成交金額低於5,000萬元；官方重大訊息出現高風險關鍵字，須查原文"
390,8341,日友,TWSE,綠能環保,不建立部位,保護持有,今天不新增部位；未完成確認前不機械式賣出,下一交易日收盤，確認是否收復防守區,已有部位暫停加碼；若收盤跌破60日EMA約 76.61，且下一交易日仍未收復，先減碼三分之一；若ETF或外資繼續轉弱，再分批降低部位。,61.7,68.1,66.8,85,100,完整,76.7,76.8,17.55,17.66,29.81,43.1,112.4,2.97,14.66,1.87,5.21,1,0,0,0,0,0,0,95.573,250.32100000000003,211.46200000000005,712.7730000000001,0,0,0,38,0,0,0,0.13500000000000034,11.841,5.62,93,229,1083,,93.314,250.186,199.62100000000004,646.697,53.1,51.68,48.03,58.99,false,false,0.45,1.32,"單日成交金額低於5,000萬元；20日趨勢尚未上彎"
391,5288,豐祥-KY,TWSE,電機機械,不建立部位,保護持有,今天不新增部位；未完成確認前不機械式賣出,下一交易日收盤，確認是否收復防守區,已有部位暫停加碼；若收盤跌破60日EMA約 183.72，且下一交易日仍未收復，先減碼三分之一；若ETF或外資繼續轉弱，再分批降低部位。,59.1,67.9,71.3,85,100,完整,189,189.5,52.81,32.27,14.42,26.27,230.68,8.03,12.57,2.07,3.45,2,0,0,0,0,128,0,0.242,22.434,109.24500000000002,254.01599999999996,5,14,20,41,3,0,2639000,-6.7940000000000005,-3.093,59.85,-5,5,-27,,-4.789,15.227999999999998,92.338,209.765,49.45,37.69,40.73,31.59,false,false,-0.53,0.27,"單日成交金額低於5,000萬元；20日趨勢尚未上彎；當下除權息調整價未守20日EMA"
392,1720,生達,TWSE,生技醫療業,不建立部位,保護持有,今天不新增部位；未完成確認前不機械式賣出,下一交易日收盤，確認是否收復防守區,已有部位暫停加碼；若收盤跌破60日EMA約 57.00，且下一交易日仍未收復，先減碼三分之一；若ETF或外資繼續轉弱，再分批降低部位。,59.9,67.6,73.5,85,100,可用,57.2,57.1,6.35,2.29,21.32,24.3,218.16,2.49,9.95,1.65,5.24,1,0,0,0,-1,0,0,60,319.962,-138.54700000000003,68.50799999999995,0,0,-1,1,0,0,0,35.962,64.003,5.75,934,1043,481,,31,284,-201.55,4.785000000000053,54.41,76.95,62.89,105.08,false,false,0.67,2.14,"單日成交金額低於5,000萬元；外資持股趨勢資料不足或期間有非市場異動"
393,5522,遠雄,TWSE,建材營造,不建立部位,保護持有,今天不新增部位；未完成確認前不機械式賣出,下一交易日收盤，確認是否收復防守區,已有部位暫停加碼；若收盤跌破60日EMA約 66.35，且下一交易日仍未收復，先減碼三分之一；若ETF或外資繼續轉弱，再分批降低部位。,52.1,67.6,76.8,85,100,完整,64,64,189.24,453.3,23.71,56.27,172.19,1.99,6.35,1.04,8.63,5,0,0,0,-12,-25,0,85,647.152,-2174.844,1694.593,0,-3,-495.998,-171.817,0,1,-191100,-15,-17.152,4.73,104,462,2154,,95,665.152,-1661.694,1774.5620000000004,46.8,67.52,56.19,90.19,false,false,-0.15,2.24,"單日成交金額低於5,000萬元；中期趨勢仍向下；20日趨勢尚未上彎；當下除權息調整價未守20日EMA"
394,6279,胡連,TPEX,電子零組件業,不建立部位,保護持有,今天不新增部位；未完成確認前不機械式賣出,下一交易日收盤，確認是否收復防守區,已有部位暫停加碼；若收盤跌破60日EMA約 121.38，且下一交易日仍未收復，先減碼三分之一；若ETF或外資繼續轉弱，再分批降低部位。,58.5,67.4,66.8,85,100,可用,127.5,127,38.2,12.36,11.54,42.65,146.91,4.4,11.18,1.67,4.31,1,0,0,0,-6,-14,0,72.351,72.351,72.351,72.351,0,0,0,0,0,0,0,13.351,13.351,9.88,,,,,59,59,59,59,59.46,54.63,59.22,45.45,false,false,1.79,-0.39,"單日成交金額低於5,000萬元；外資持股趨勢資料不足或期間有非市場異動"
395,6605,帝寶,TWSE,汽車工業,不建立部位,保護持有,今天不新增部位；未完成確認前不機械式賣出,下一交易日收盤，確認是否收復防守區,已有部位暫停加碼；若收盤跌破60日EMA約 136.01，且下一交易日仍未收復，先減碼三分之一；若ETF或外資繼續轉弱，再分批降低部位。,59.9,67.3,67.5,85,100,完整,138.5,139.5,24.28,0.01,16.7,39.05,152.48,7.71,8.55,1.14,4.69,1,0,0,0,-1,-1,0,135.83,523.679,851.812,1337.902,0,-2,-3,-2,0,1,-277000,26.538,67.78600000000002,14.6,128,460,2003,,136,499.141,787.0260000000001,1338.701,53.43,63.16,72.97,43.53,false,true,0.64,-1.77,"單日成交金額低於5,000萬元"
396,1615,大山,TWSE,電器電纜,不建立部位,保護持有,今天不新增部位；未完成確認前不機械式賣出,下一交易日收盤，確認是否收復防守區,已有部位暫停加碼；若收盤跌破60日EMA約 44.02，且下一交易日仍未收復，先減碼三分之一；若ETF或外資繼續轉弱，再分批降低部位。,61.9,67.2,71.8,85,100,完整,44.65,44.7,11.52,3.48,18.84,29.01,226.5,2.53,8.55,1.85,5.88,1,0,0,0,0,0,0,14.57,142.261,220.805,465.50800000000004,0,0,0,56,0,0,0,0,14,1,17,144,49,,14.57,142.261,206.805,399.50800000000004,58.87,66.75,59.72,80.79,true,true,1.98,1.48,"單日成交金額低於5,000萬元"
397,8462,柏文,TWSE,運動休閒,不建立部位,保護持有,今天不新增部位；未完成確認前不機械式賣出,下一交易日收盤，確認是否收復防守區,已有部位暫停加碼；若收盤跌破60日EMA約 160.71，且下一交易日仍未收復，先減碼三分之一；若ETF或外資繼續轉弱，再分批降低部位。,62.3,67.2,47.2,85,100,完整,174,175.5,18.28,19.93,17.59,81.24,78.24,5.68,16.71,5.83,4.17,1,0,0,0,0,-1,0,-45.29,0.7090000000000032,225.951,959.724,0,0,0,1,0,0,0,1.408,24.408,5.95,-44,-1,768,,-44.29,-0.6989999999999981,201.543,936.3159999999999,59,40.85,53.44,15.68,false,false,1.54,0,"單日成交金額低於5,000萬元"
398,6192,巨路,TWSE,其他電子業,不建立部位,保護持有,今天不新增部位；未完成確認前不機械式賣出,下一交易日收盤，確認是否收復防守區,已有部位暫停加碼；若收盤跌破60日EMA約 118.06，且下一交易日仍未收復，先減碼三分之一；若ETF或外資繼續轉弱，再分批降低部位。,53.8,67.1,75.9,85,100,完整,116,116.5,53.76,12.5,17.09,39.96,228.04,5.3,11.17,1.47,5.02,1,0,0,0,0,-1,0,-28.005,-77.489,-389.47299999999996,-304.87399999999997,0,0,0,1,0,0,0,6.453,3.0440000000000014,24.08,-33,-84,-743,,-32,-83.94200000000001,-392.51700000000005,-330.68000000000006,48.9,32.95,35.72,27.42,false,false,-0.15,0,"單日成交金額低於5,000萬元；外資持股5/10日下降，且外資5日賣超"
399,6277,宏正,TWSE,電腦及週邊設備業,不建立部位,保護持有,今天不新增部位；未完成確認前不機械式賣出,下一交易日收盤，確認是否收復防守區,已有部位暫停加碼；若收盤跌破60日EMA約 76.90，且下一交易日仍未收復，先減碼三分之一；若ETF或外資繼續轉弱，再分批降低部位。,60.5,67.1,69.8,85,100,完整,81.1,81.2,30.91,15.24,15.5,33.78,205.16,2.5,19.25,1.98,4.39,2,0,0,0,-1,0,0,-32.103,365.56899999999996,2200.3059999999996,3475.0099999999998,0,0,-1,33,0,0,0,29.996000000000002,64.349,12.55,-31,315,3721,,-30,335.573,2136.9569999999994,3362.234,53.28,27.93,40.77,2.26,false,false,0.78,-3.11,"單日成交金額低於5,000萬元"
400,2707,晶華,TWSE,觀光餐旅,不建立部位,保護持有,今天不新增部位；未完成確認前不機械式賣出,下一交易日收盤，確認是否收復防守區,已有部位暫停加碼；若收盤跌破60日EMA約 179.09，且下一交易日仍未收復，先減碼三分之一；若ETF或外資繼續轉弱，再分批降低部位。,64,66.9,58,85,100,完整,181,181,6.4,5.27,27.28,57.65,154.04,8.62,12.5,5.91,5.96,1,0,0,0,0,-1,0,26.152,422.255,213.51799999999997,388.81499999999994,0,-1,-1,1,0,1,-180500,2,-0.7749999999999995,7.33,-15,416,601,,26.152,421.255,215.293,401.92600000000004,56.35,55.8,53.1,61.21,false,false,0.84,1.4,"單日成交金額低於5,000萬元"
401,1773,勝一,TWSE,化學工業,不建立部位,保護持有,今天不新增部位；未完成確認前不機械式賣出,下一交易日收盤，確認是否收復防守區,已有部位暫停加碼；若收盤跌破60日EMA約 163.94，且下一交易日仍未收復，先減碼三分之一；若ETF或外資繼續轉弱，再分批降低部位。,59.6,66.7,57.5,85,100,完整,160.5,160.5,33.55,20.97,23.46,37.93,104.11,4.38,19.7,4.14,2.53,2,0,0,0,0,-3,0,-99.997,-83.958,-583.621,-266.441,0,-3,-698,-1139.017,0,1,-474000,17.352999999999998,14.438999999999997,7.2,-124,-133,-2150,,-95.572,-98.311,99.94,838.6639999999999,50.42,61.39,51.09,81.99,true,false,0.88,4.56,"單日成交金額低於5,000萬元；外資持股5/10日下降，且外資5日賣超"
402,1726,永記,TWSE,化學工業,不建立部位,保護持有,今天不新增部位；未完成確認前不機械式賣出,下一交易日收盤，確認是否收復防守區,已有部位暫停加碼；若收盤跌破60日EMA約 77.62，且下一交易日仍未收復，先減碼三分之一；若ETF或外資繼續轉弱，再分批降低部位。,61.4,66.4,71.5,85,100,完整,78.2,78.2,11.56,4.27,13.07,18.14,405.41,3.66,12.09,1.19,4.77,1,0,0,0,0,0,0,-1,-22.426000000000002,-63.426,-29.476,0,0,0,47,0,0,0,0,3,12.64,-1,-22,-132,,-1,-22.426000000000002,-66.426,-80.476,55.69,68.03,56.21,91.68,false,false,0.8,1.82,"單日成交金額低於5,000萬元；外資持股5/10日下降，且外資5日賣超"
403,2727,王品,TWSE,觀光餐旅,不建立部位,保護持有,今天不新增部位；未完成確認前不機械式賣出,下一交易日收盤，確認是否收復防守區,已有部位暫停加碼；若收盤跌破60日EMA約 233.67，且下一交易日仍未收復，先減碼三分之一；若ETF或外資繼續轉弱，再分批降低部位。,58.9,66.3,52.1,85,100,完整,234,235,15.19,12.51,8.04,74.84,104.61,9.86,13.17,4.62,6.8,2,0,-65,-65,-65,-65,-65,67.342,436.70799999999997,240.709,200.4209999999998,0,-66,-66,-65,0,2,-15642000,26.582,12.764,33.03,55,470,3757,,61.353,476.126,293.945,520.47,50.88,63.83,61.32,68.85,false,false,0.2,0,"單日成交金額低於5,000萬元；ETF短中期同步減碼；主動ETF 5日轉為減碼"
404,1723,中碳,TWSE,化學工業,不建立部位,保護持有,今天不新增部位；未完成確認前不機械式賣出,下一交易日收盤，確認是否收復防守區,已有部位暫停加碼；若收盤跌破60日EMA約 84.69，且下一交易日仍未收復，先減碼三分之一；若ETF或外資繼續轉弱，再分批降低部位。,63.9,66.1,57.9,85,100,完整,87.2,88,46.18,11.5,14.62,32.06,176.63,2.07,28.1,2.53,2.12,1,0,0,0,-5,0,0,-3.439,890.826,1227.463,3333.773,0,0,-5,-5,0,0,0,24.466999999999995,52.841,9.74,-42,878,3114,,-4.137,866.3589999999999,1179.6219999999998,3260.8889999999997,54.46,63.15,64.25,60.94,false,true,1.37,1.04,"單日成交金額低於5,000萬元"
405,6024,群益期,TWSE,金融保險業,不建立部位,保護持有,今天不新增部位；未完成確認前不機械式賣出,下一交易日收盤，確認是否收復防守區,已有部位暫停加碼；若收盤跌破60日EMA約 59.12，且下一交易日仍未收復，先減碼三分之一；若ETF或外資繼續轉弱，再分批降低部位。,61.6,65.8,66.1,85,88,可用,62.7,62.7,81,-15.23,,87.11,113.58,1.76,10.42,1.43,5.58,2,0,0,0,-1,13,0,-51.854,456.003,750.726,1100.4579999999999,0,0,-1,122,0,0,0,0,2,5.21,-53,1192,1860,,-51.854,456.003,749.726,972.458,63.01,73.17,72.85,73.8,true,true,2.49,3.13,"單日成交金額低於5,000萬元；外資持股趨勢資料不足或期間有非市場異動"
406,2527,宏璟,TWSE,建材營造,不建立部位,保護持有,今天不新增部位；未完成確認前不機械式賣出,下一交易日收盤，確認是否收復防守區,已有部位暫停加碼；若收盤跌破60日EMA約 42.42，且下一交易日仍未收復，先減碼三分之一；若ETF或外資繼續轉弱，再分批降低部位。,53.4,65.7,71.2,85,100,完整,42.9,42.7,30.49,1500.25,22.9,25.51,148.94,3.99,7.37,0.3,3.58,1,0,0,0,-1,0,0,-509.919,-667.9499999999999,-946.302,2479.74,0,0,-1,77,0,0,0,95.574,231.06100000000004,43,-548,-1145,-1079,,-504.02,-763.524,-1176.3629999999998,2103.0700000000006,45.26,22.06,21.82,22.54,true,false,-2.99,-2.72,"單日成交金額低於5,000萬元；外資持股5/10日下降，且外資5日賣超；20日趨勢尚未上彎；當下除權息調整價未守20日EMA"
407,5314,世紀*,TPEX,其他,不建立部位,優先降低風險,依風險與流動性分批降低部位,風險解除且基本面與趨勢重新確認後,已有部位應優先降低曝險；目前觸發「處置或交易限制事件」。待事件解除或基本面重新確認後再評估。,50.5,65.6,60.5,85,100,可用,34.55,34.55,149.63,159.94,12.5,49.57,97.87,0.66,6.79,5.08,5.61,1,0,0,0,1597,1605,0,2156.995,2156.995,2156.995,2156.995,0,0,0,0,0,0,0,2156.995,2156.995,7.46,,,,,0,0,0,0,91.75,99.68,98.57,101.89,false,false,63.39,60.7,處置或交易限制風險；外資持股趨勢資料不足或期間有非市場異動；短線過熱或乖離過大；高波動且5日漲幅過大
408,5471,松翰,TWSE,半導體業,不建立部位,保護持有,今天不新增部位；未完成確認前不機械式賣出,下一交易日收盤，確認是否收復防守區,已有部位暫停加碼；若收盤跌破60日EMA約 55.62，且下一交易日仍未收復，先減碼三分之一；若ETF或外資繼續轉弱，再分批降低部位。,64.2,65.4,64.5,85,100,完整,60.1,60.6,37.74,29.98,10.2,18.75,428.52,1.2,33.73,2.6,1.43,1,0,0,0,0,0,0,40.025,-225.78700000000003,-1809.116,-3665.024,0,0,0,0,0,0,0,10.727,27.28,10.91,96,161,-2420,,37.958,-236.514,-1836.3960000000002,-3753.948,59.37,54.82,49.41,65.66,true,false,5.98,5.44,"單日成交金額低於5,000萬元"
409,3028,增你強,TWSE,電子通路業,不建立部位,保護持有,今天不新增部位；未完成確認前不機械式賣出,下一交易日收盤，確認是否收復防守區,已有部位暫停加碼；若收盤跌破60日EMA約 69.42，且下一交易日仍未收復，先減碼三分之一；若ETF或外資繼續轉弱，再分批降低部位。,55,65.4,55.4,85,93,可用,66.5,66.3,117.59,96.81,4.64,81.04,119.22,5.24,9.19,2.16,4.55,2,0,33,24,14,9,0,-258.928,-125.56099999999999,-1558.3059999999998,-4823.454000000001,0,-1,-11,-11.328,1,2,-66000,-1.8689999999999998,-50.821000000000005,10.28,-222,-226,-5389,,-244.803,-122.692,-1496.4850000000001,-4674.589,46.87,32.85,32.67,33.21,true,false,-1.08,1.37,"單日成交金額低於5,000萬元；外資持股5/10日下降，且外資5日賣超；當下除權息調整價未守20日EMA"
410,1232,大統益,TWSE,食品工業,不建立部位,保護持有,今天不新增部位；未完成確認前不機械式賣出,下一交易日收盤，確認是否收復防守區,已有部位暫停加碼；若收盤跌破60日EMA約 152.54，且下一交易日仍未收復，先減碼三分之一；若ETF或外資繼續轉弱，再分批降低部位。,63.6,65.3,52.9,85,100,完整,157,157.5,41.52,13.95,8.36,46.42,205.52,4.71,17.33,4.54,4.6,1,0,0,0,-1,-1,0,-26.986,209.075,205.052,567.4259999999999,0,-1,-2,24,0,1,-156500,1,9,2.93,-13,118,258,,-25.986,209.075,198.052,503.43199999999996,56.35,63.47,58.3,73.82,false,false,1.12,1.29,"單日成交金額低於5,000萬元"
411,4961,天鈺,TWSE,半導體業,不建立部位,保護持有,今天不新增部位；未完成確認前不機械式賣出,下一交易日收盤，確認是否收復防守區,已有部位暫停加碼；若收盤跌破60日EMA約 164.28，且下一交易日仍未收復，先減碼三分之一；若ETF或外資繼續轉弱，再分批降低部位。,66.2,65.3,67.6,85,100,完整,165,165.5,32.91,5.67,7.97,20.7,391.38,5.07,18.48,1.14,4.69,4,0,20,70,70,112,0,-4.574,447.169,451.90099999999995,1716.2240000000006,0,70,70,526,2,0,11515000,-2.515,-9.967000000000002,22.33,-237,35,2103,,-2.722,379.684,391.868,1204.526,50.73,50.51,47.56,56.39,true,false,0.29,-0.9,"單日成交金額低於5,000萬元"
412,2211,長榮鋼,TWSE,鋼鐵工業,不建立部位,保護持有,今天不新增部位；未完成確認前不機械式賣出,下一交易日收盤，確認是否收復防守區,已有部位暫停加碼；若收盤跌破60日EMA約 89.49，且下一交易日仍未收復，先減碼三分之一；若ETF或外資繼續轉弱，再分批降低部位。,50.4,65.1,77.4,85,100,完整,83.6,83.7,38.3,6.54,20.01,25.6,197.65,3.26,11.34,1.26,7.77,4,0,0,0,-8,-19,0,-208.536,387.318,-1478.7330000000002,111.56099999999988,0,-4,-12,-81.011,0,1,-334800,-65.38900000000001,-304.308,3.86,-176,473,1977,,-207.969,456.707,-1162.4250000000002,498.60799999999995,39.45,51.77,41.62,72.08,false,false,-1.94,1.7,"單日成交金額低於5,000萬元；中期趨勢仍向下；20日趨勢尚未上彎；當下除權息調整價未守20日EMA"
413,2362,藍天,TWSE,電腦及週邊設備業,不建立部位,保護持有,今天不新增部位；未完成確認前不機械式賣出,下一交易日收盤，確認是否收復防守區,已有部位暫停加碼；若收盤跌破60日EMA約 45.14，且下一交易日仍未收復，先減碼三分之一；若ETF或外資繼續轉弱，再分批降低部位。,67,65.1,53.5,85,100,完整,49.25,49.2,-8.06,13.31,5.93,57.37,114.49,4.05,7.99,0.6,4.12,2,2,4,4,4,6,0,27.102,343.7759999999999,1488.8049999999998,4840.076,2,4,4,-309.319,2,0,194200,-19.458,-4.785999999999994,10.69,25,327,7660,,25.102,359.2339999999999,1489.591,5110.123,59.25,55.45,49.68,66.98,true,false,4.17,4.45,"單日成交金額低於5,000萬元；單季稅前獲利對營業外貢獻依賴偏高"
414,6026,福邦證,TPEX,金融業,不建立部位,保護持有,今天不新增部位；未完成確認前不機械式賣出,下一交易日收盤，確認是否收復防守區,已有部位暫停加碼；若收盤跌破60日EMA約 14.97，且下一交易日仍未收復，先減碼三分之一；若ETF或外資繼續轉弱，再分批降低部位。,55,64.6,72.1,85,100,可用,14.9,14.85,-44.17,159.98,,63.75,137.88,1.08,5.33,0.92,9.28,2,0,0,0,-8,-42,0,248,248,248,248,0,0,0,0,0,0,0,0,0,4.87,,,,,248,248,248,248,56.13,76.83,73.59,83.3,true,true,2.43,2.76,"單日成交金額低於5,000萬元；外資持股趨勢資料不足或期間有非市場異動"
415,2397,友通,TWSE,電腦及週邊設備業,不建立部位,保護持有,今天不新增部位；未完成確認前不機械式賣出,下一交易日收盤，確認是否收復防守區,已有部位暫停加碼；若收盤跌破60日EMA約 61.02，且下一交易日仍未收復，先減碼三分之一；若ETF或外資繼續轉弱，再分批降低部位。,58.6,64.5,52,85,100,完整,62.6,62.9,51.27,29.16,6.75,61.22,141.25,2.05,22.89,2.12,3.92,1,0,0,0,0,0,0,-41,-209.08000000000004,-323.6650000000001,819.3689999999999,0,0,0,0,0,0,0,21,66.435,15.2,-45,-235,1990,,-43,-230.08000000000004,-390.1,740.369,51.47,22.05,33.69,-1.25,false,false,-0.18,-3.54,"單日成交金額低於5,000萬元"
416,2423,固緯,TWSE,其他電子業,不建立部位,保護持有,今天不新增部位；未完成確認前不機械式賣出,下一交易日收盤，確認是否收復防守區,已有部位暫停加碼；若收盤跌破60日EMA約 73.29，且下一交易日仍未收復，先減碼三分之一；若ETF或外資繼續轉弱，再分批降低部位。,55,64.5,72.8,85,100,可用,74.1,74.4,17.46,23,24.89,30.95,250.79,2.49,17.49,3.58,3.39,2,0,0,0,0,8,0,4,-109,60.18600000000001,-194.89600000000002,0,0,0,42,0,0,0,-3,13,5.18,5,-127,400,,5,-106,47.18600000000001,-272.23,49,25.13,36.69,2.02,false,false,-0.45,0.68,"單日成交金額低於5,000萬元；當下除權息調整價未守20日EMA"
417,6577,勁豐,TPEX,電腦及週邊設備業,不建立部位,保護持有,今天不新增部位；未完成確認前不機械式賣出,下一交易日收盤，確認是否收復防守區,已有部位暫停加碼；若收盤跌破60日EMA約 79.47，且下一交易日仍未收復，先減碼三分之一；若ETF或外資繼續轉弱，再分批降低部位。,55.4,64.4,68.1,85,100,可用,80.5,80.8,19.45,3.52,18.63,45.78,188.58,3.52,11.07,3.4,6.25,1,0,0,0,0,-1,0,-19.044,-19.044,-19.044,-19.044,0,0,0,0,0,0,0,-0.044,-0.044,1.33,,,,,-19,-19,-19,-19,51.07,34.16,35.91,30.65,true,true,0.24,-0.25,"單日成交金額低於5,000萬元；外資持股趨勢資料不足或期間有非市場異動；20日趨勢尚未上彎"
418,6902,GOGOLOOK,TWSE,數位雲端,不建立部位,保護持有,今天不新增部位；未完成確認前不機械式賣出,下一交易日收盤，確認是否收復防守區,已有部位暫停加碼；若收盤跌破60日EMA約 124.75，且下一交易日仍未收復，先減碼三分之一；若ETF或外資繼續轉弱，再分批降低部位。,57.1,64.2,60.4,85,73,可用,125.5,126,30.83,28,19.35,43.02,231.06,3.33,25.99,5.45,,1,0,0,0,2,5,0,-3,-44.869,5.075999999999997,-41.385000000000005,0,0,0,0,0,0,0,-0.039,2.807,3.83,-3,-36,88,,-3,-44.83,2.269000000000002,-46.38499999999999,47.52,24.21,37.97,-3.32,false,false,-1.08,-3.83,"單日成交金額低於5,000萬元；當下除權息調整價未守20日EMA"
419,2204,中華,TWSE,汽車工業,不建立部位,保護持有,今天不新增部位；未完成確認前不機械式賣出,下一交易日收盤，確認是否收復防守區,已有部位暫停加碼；若收盤跌破60日EMA約 53.97，且下一交易日仍未收復，先減碼三分之一；若ETF或外資繼續轉弱，再分批降低部位。,60.7,63.7,65.9,85,100,完整,54.2,54.2,13.64,10.58,5.12,24.02,123.61,3.19,8.79,0.78,6.67,3,0,0,0,-17,-3205,0,-84.655,3154.7219999999998,4173.24,6422.014,0,-5,-22.006,-2935.55,0,1,-270000,-373.71299999999997,-359.471,18.97,-147,3054,6015,,-107.2,3533.4350000000004,4554.717000000001,9433.549000000003,55.37,72.8,74.7,69.02,false,true,1.68,2.26,"單日成交金額低於5,000萬元"
420,6756,威鋒電子,TWSE,半導體業,不建立部位,保護持有,今天不新增部位；未完成確認前不機械式賣出,下一交易日收盤，確認是否收復防守區,已有部位暫停加碼；若收盤跌破60日EMA約 96.54，且下一交易日仍未收復，先減碼三分之一；若ETF或外資繼續轉弱，再分批降低部位。,64.1,63.4,52.5,85,100,完整,102,102,70.68,22.5,-3.54,27.19,182.34,1.24,57.3,2.35,0.88,1,0,0,0,0,0,0,40.265,-32.525,9.483999999999995,120.74600000000001,0,0,0,0,0,0,0,-1.525,4.484,3.73,32,-27,398,,43,-31,5,100.48500000000001,57.53,67.32,53.93,94.11,true,false,3.73,7.59,"單日成交金額低於5,000萬元；單季稅前獲利對營業外貢獻依賴偏高"
421,2539,櫻花建,TWSE,建材營造,不建立部位,保護持有,今天不新增部位；未完成確認前不機械式賣出,下一交易日收盤，確認是否收復防守區,已有部位暫停加碼；若收盤跌破60日EMA約 33.90，且下一交易日仍未收復，先減碼三分之一；若ETF或外資繼續轉弱，再分批降低部位。,64.3,63.3,69.6,85,100,完整,34.8,34.9,-15.44,19.46,40.6,38.54,310.41,2.36,8.29,2.08,8.02,3,0,-1,54,54,53,0,-180.564,-1023.841,-1602.0700000000002,-94.4489999999995,0,-1,-1,-163.615,0,1,-34900,-79.912,48.33999999999999,2.23,16,-440,2949,,-177.564,-942.929,-1649.4100000000003,18.579000000000008,53.68,54.79,53.22,57.93,false,false,0.78,2.92,"單日成交金額低於5,000萬元"
422,6703,軒郁,TPEX,生技醫療業,不建立部位,保護持有,今天不新增部位；未完成確認前不機械式賣出,下一交易日收盤，確認是否收復防守區,已有部位暫停加碼；若收盤跌破60日EMA約 103.96，且下一交易日仍未收復，先減碼三分之一；若ETF或外資繼續轉弱，再分批降低部位。,48.6,63.2,67.5,85,100,可用,103.5,103.75,32.48,15.77,10.87,44.41,224.81,4.13,10.03,2.62,0.97,1,0,0,0,-1,-2,0,-1.895,-1.895,-1.895,-1.895,0,0,0,0,0,0,0,-0.001,-0.001,14.24,,,,,-1.894,-1.894,-1.894,-1.894,46.08,64.3,55.09,82.73,true,false,-0.69,0,"單日成交金額低於5,000萬元；中期趨勢仍向下；外資持股趨勢資料不足或期間有非市場異動；20日趨勢尚未上彎；當下除權息調整價未守20日EMA"
423,1712,興農,TWSE,化學工業,不建立部位,保護持有,今天不新增部位；未完成確認前不機械式賣出,下一交易日收盤，確認是否收復防守區,已有部位暫停加碼；若收盤跌破60日EMA約 39.74，且下一交易日仍未收復，先減碼三分之一；若ETF或外資繼續轉弱，再分批降低部位。,62.2,62.7,50.8,85,100,完整,39.8,39.9,21.54,5.25,8.25,47.84,141.74,1.56,15.09,2.05,6.25,2,0,0,0,-7,-16,0,240.803,197.748,-206.946,-608.5070000000002,0,0,-6.808,-7.3580000000000005,0,0,0,86.57900000000001,291.75500000000005,13.24,204,90,-1238,,194.065,111.16900000000004,-491.8929999999999,-926.2949999999998,57.65,80.8,75.91,90.59,false,false,1,1.02,"單日成交金額低於5,000萬元"
424,1904,正隆,TWSE,造紙工業,不建立部位,保護持有,今天不新增部位；未完成確認前不機械式賣出,下一交易日收盤，確認是否收復防守區,已有部位暫停加碼；若收盤跌破60日EMA約 22.59，且下一交易日仍未收復，先減碼三分之一；若ETF或外資繼續轉弱，再分批降低部位。,60.5,62.4,47.4,85,85,完整,25.3,25.35,22.82,7.53,6.98,58.93,121.21,1.45,11.68,0.92,1.78,1,0,0,0,0,3,0,-96.846,3890.5460000000003,8794.491,16587.987,0,0,0,-7.311999999999999,0,0,0,50.81199999999999,359.306,11.93,-61,4086,17199,,-101.816,3839.7339999999995,8435.185,16200.266000000001,66.16,65.71,72.69,51.76,false,true,4.56,2.22,"單日成交金額低於5,000萬元"
425,4441,振大環球,TWSE,紡織纖維,不建立部位,保護持有,今天不新增部位；未完成確認前不機械式賣出,下一交易日收盤，確認是否收復防守區,已有部位暫停加碼；若收盤跌破60日EMA約 189.66，且下一交易日仍未收復，先減碼三分之一；若ETF或外資繼續轉弱，再分批降低部位。,45.3,62.3,74,85,100,完整,176.5,176.25,27.99,13.84,17.62,30.51,243.38,9.08,9.75,1.75,6.14,1,0,0,0,0,0,0,10,-63,-207,-133.324,0,0,60,60,0,0,0,3,5,0.68,10,-73,-347,,8,-66,-272,-294.625,39.27,10.47,19.71,-8,false,false,-5.15,-10.18,"單日成交金額低於5,000萬元；外資持股5/10日下降，且外資5日賣超；當下除權息調整價未守20日EMA"
426,6585,鼎基,TWSE,其他,不建立部位,降低部位,停止加碼；反彈未站回恢復區時分批減碼,每個交易日收盤後，確認是否站回恢復區,已有部位先停止加碼。反彈若仍未站回 116.83，分批降低部位；只有站回且ETF／外資賣壓收斂後才重新評估。,50.3,62.3,70.2,85,100,完整,115,115,50.26,18.13,25.03,26.52,175.41,4.81,14.56,2.08,3.98,1,0,0,0,-1,0,0,-32.986,-79.156,-108.15199999999996,-45.80599999999998,0,0,-1,7,0,0,0,-1.269,15.730999999999998,3.57,-32,-87,-84,,-31.986,-77.887,-122.88299999999998,-75.60999999999999,46.02,33.16,34.58,30.34,false,false,-1.57,0.88,"單日成交金額低於5,000萬元；中期趨勢仍向下；外資持股5/10日下降，且外資5日賣超；20日趨勢尚未上彎；當下除權息調整價未守20日EMA"
427,2455,全新,TWSE,通信網路業,不建立部位,優先降低風險,依風險與流動性分批降低部位,風險解除且基本面與趨勢重新確認後,已有部位應優先降低曝險；目前觸發「外資持股5/10日下降且外資5日賣超」。待事件解除或基本面重新確認後再評估。,65.7,62.1,53.3,85,100,可用,428,428,45.12,30.48,23.4,35.4,220.15,2.2,102.82,21.24,0.62,16,8,9,1061,1479,1690,1081,2365.282,1606.9560000000006,3054.7190000000005,3551.5670000000005,4,4183,4467,4903.057,4,1,1754768500,-129.06700000000006,156.88099999999997,26.99,2011,-1134,-70,,2144.746,-2446.977,-1569.162,-854.05,61.55,65.86,62.73,72.12,true,false,11.52,7.94,處置或交易限制風險；外資持股5/10日下降，且外資5日賣超
428,2731,雄獅,TWSE,觀光餐旅,不建立部位,保護持有,今天不新增部位；未完成確認前不機械式賣出,下一交易日收盤，確認是否收復防守區,已有部位暫停加碼；若收盤跌破60日EMA約 148.98，且下一交易日仍未收復，先減碼三分之一；若ETF或外資繼續轉弱，再分批降低部位。,56.4,62.1,54.7,85,100,完整,145.5,145,13.41,10.33,4.43,65.83,134.89,7.27,8.95,3.04,8.8,2,0,0,0,-1,1,0,44.85,222.39799999999997,-559.0450000000001,-1403.079,0,0,-178.377,-225.39100000000002,0,0,0,-2.215,-5.677999999999999,8.62,31,238,-593,,44.9,224.613,-374.99,-1175.625,49.7,64.34,54.97,83.06,false,false,0.25,2.46,"單日成交金額低於5,000萬元；當下除權息調整價未守20日EMA"
429,4543,萬在,TPEX,電機機械,不建立部位,保護持有,今天不新增部位；未完成確認前不機械式賣出,下一交易日收盤，確認是否收復防守區,已有部位暫停加碼；若收盤跌破60日EMA約 31.93，且下一交易日仍未收復，先減碼三分之一；若ETF或外資繼續轉弱，再分批降低部位。,52.2,62.1,71.8,85,70,可用,30.55,30.5,17.86,21.13,15.89,30.31,241.58,1.37,12.03,0.99,2.27,1,0,1,1,1,4,0,-49.896,-49.896,-49.896,-49.896,0,0,0,0,0,0,0,-0.896,-0.896,9.98,,,,,-49,-49,-49,-49,47.68,57.08,61.65,47.94,false,true,-0.14,0.09,"單日成交金額低於5,000萬元；外資持股趨勢資料不足或期間有非市場異動；當下除權息調整價未守20日EMA"
430,2323,中環,TWSE,光電業,不建立部位,保護持有,今天不新增部位；未完成確認前不機械式賣出,下一交易日收盤，確認是否收復防守區,已有部位暫停加碼；若收盤跌破60日EMA約 10.73，且下一交易日仍未收復，先減碼三分之一；若ETF或外資繼續轉弱，再分批降低部位。,55.6,61.9,68.4,85,100,完整,10.85,10.85,2.88,14,4.73,36.4,276.3,0.99,3.56,0.59,1.85,1,0,0,0,-30,82,0,-988.042,-7723.641,8504.12,-2155.5289999999986,0,0,-30,-85,0,0,0,-102.86500000000002,893.276,11.05,-903,-8473,-4413,,-903.042,-7620.776000000001,7640.843999999999,-1531.4800000000018,53.07,33.51,44.31,11.89,false,false,1.49,0,"單日成交金額低於5,000萬元；外資持股5/10日下降，且外資5日賣超；單季稅前獲利對營業外貢獻依賴偏高"
431,1229,聯華,TWSE,食品工業,不建立部位,保護持有,今天不新增部位；未完成確認前不機械式賣出,下一交易日收盤，確認是否收復防守區,已有部位暫停加碼；若收盤跌破60日EMA約 41.19，且下一交易日仍未收復，先減碼三分之一；若ETF或外資繼續轉弱，再分批降低部位。,66.4,61.7,56,85,100,完整,41.95,41.95,114.98,-4.95,7.77,20.09,88.96,1.19,16.75,1.19,4.8,6,0,2,2,-1,-651,0,59.834,4399.224,5027.0289999999995,9701.359999999997,0,-13,-16,876.97,1,1,-542100,26.791999999999998,59.767999999999994,8.85,-800,1589,4956,,56.834,4385.432,4983.2609999999995,8664.037999999999,56.31,69.33,68.55,70.88,false,false,1.38,1.21,"單日成交金額低於5,000萬元；單季稅前獲利對營業外貢獻依賴偏高"
432,7722,LINEPAY,TWSE,數位雲端,不建立部位,保護持有,今天不新增部位；未完成確認前不機械式賣出,下一交易日收盤，確認是否收復防守區,已有部位暫停加碼；若收盤跌破60日EMA約 287.89，且下一交易日仍未收復，先減碼三分之一；若ETF或外資繼續轉弱，再分批降低部位。,62.2,61.3,47.2,85,100,完整,287,289,13.18,14.66,6.41,56.57,181.62,4.35,33.69,1.75,0.71,1,0,0,1,0,0,0,1.129,6.1629999999999985,-50.066,-38.02,0,1,0,7,1,0,283000,1.2630000000000001,3.2840000000000007,58.72,-9,-15,-53,,1.207,3.9000000000000004,-53.35,-58.935,52.1,42.21,34.27,58.08,true,false,1.47,5.13,"單日成交金額低於5,000萬元；中期趨勢仍向下；ETF加碼，但外資持股5/10日同步下降；20日趨勢尚未上彎"
433,3014,聯陽,TWSE,半導體業,不建立部位,保護持有,今天不新增部位；未完成確認前不機械式賣出,下一交易日收盤，確認是否收復防守區,已有部位暫停加碼；若收盤跌破60日EMA約 135.27，且下一交易日仍未收復，先減碼三分之一；若ETF或外資繼續轉弱，再分批降低部位。,58.6,61.2,66.6,85,100,可用,132,132.5,8.76,-0.58,28.48,33.51,218.05,5.88,13.18,2.95,6.51,11,0,186,315,320,102,0,24.93,239.25,354.94300000000004,-4277.629,0,314.8,319.88300000000004,615.142,2,1,41081400,-11.37,-14.439,19.3,46,-187,-1366,,26,-64.18,49.498999999999995,-4674.584000000002,48.89,41.92,39.57,46.62,true,false,0.27,0.38,"單日成交金額低於5,000萬元；累計營收負成長且當月改善不足；外資持股趨勢資料不足或期間有非市場異動"
434,5285,界霖,TWSE,半導體業,不建立部位,保護持有,今天不新增部位；未完成確認前不機械式賣出,下一交易日收盤，確認是否收復防守區,已有部位暫停加碼；若收盤跌破60日EMA約 80.15，且下一交易日仍未收復，先減碼三分之一；若ETF或外資繼續轉弱，再分批降低部位。,62.9,61.2,51.6,85,100,完整,82.7,82.6,27.24,13.48,9.77,45.73,333.32,2.01,25.31,2.59,1.92,1,0,0,0,0,0,0,-121.659,-37.182000000000016,-321.193,273.312,0,0,0,0,0,0,0,31.549999999999997,60.117999999999995,7.89,-97,-102,372,,-123.659,-68.73199999999997,-381.3109999999999,142.89100000000008,55.43,60.9,52.19,78.31,true,false,5.01,4.16,"單日成交金額低於5,000萬元"
435,6104,創惟,TPEX,半導體業,不建立部位,保護持有,今天不新增部位；未完成確認前不機械式賣出,下一交易日收盤，確認是否收復防守區,已有部位暫停加碼；若收盤跌破60日EMA約 95.99，且下一交易日仍未收復，先減碼三分之一；若ETF或外資繼續轉弱，再分批降低部位。,63.5,60.9,52.9,85,100,可用,99.9,100,4.49,0.44,13.92,35.3,172.53,2.87,20.48,4.11,4.62,1,0,0,70,70,70,0,108.335,108.335,108.335,108.335,0,0,0,0,0,0,0,0.335,0.335,19.85,,,,,108,108,108,108,62.11,80.85,68.2,106.16,false,false,5.59,8,"單日成交金額低於5,000萬元；外資持股趨勢資料不足或期間有非市場異動"
436,8354,冠好,TPEX,其他,不建立部位,保護持有,今天不新增部位；未完成確認前不機械式賣出,下一交易日收盤，確認是否收復防守區,已有部位暫停加碼；若收盤跌破60日EMA約 16.60，且下一交易日仍未收復，先減碼三分之一；若ETF或外資繼續轉弱，再分批降低部位。,53.8,60.8,60.1,85,70,可用,17.55,17.5,12.68,5.73,2.18,49.29,123.61,1.39,6.53,0.64,0.62,1,0,0,0,1,1,0,-1,-1,-1,-1,0,0,0,0,0,0,0,0,0,0.97,,,,,-1,-1,-1,-1,59.35,46.72,52.4,35.36,false,false,2.97,1.74,"單日成交金額低於5,000萬元；外資持股趨勢資料不足或期間有非市場異動；單季稅前獲利對營業外貢獻依賴偏高"
437,2480,敦陽科,TWSE,資訊服務業,不建立部位,保護持有,今天不新增部位；未完成確認前不機械式賣出,下一交易日收盤，確認是否收復防守區,已有部位暫停加碼；若收盤跌破60日EMA約 155.89，且下一交易日仍未收復，先減碼三分之一；若ETF或外資繼續轉弱，再分批降低部位。,58.6,60.7,51.1,85,100,完整,156.5,156,22.36,15.96,12.11,65.42,134.32,4.91,18.15,5.16,4.91,5,0,0,0,-2,-14,0,-1.069,180.68900000000002,813.0020000000001,1223.752,0,0,-2,25.35,0,0,0,-0.5099999999999998,2.989,11.39,3,201,833,,-0.001,181.199,812.013,1189.88,48.08,44.97,54.24,26.45,false,true,-0.84,-1.26,"單日成交金額低於5,000萬元；當下除權息調整價未守20日EMA"
438,1736,喬山,TWSE,運動休閒,不建立部位,保護持有,今天不新增部位；未完成確認前不機械式賣出,下一交易日收盤，確認是否收復防守區,已有部位暫停加碼；若收盤跌破60日EMA約 129.23，且下一交易日仍未收復，先減碼三分之一；若ETF或外資繼續轉弱，再分批降低部位。,48.8,60.6,54.4,85,100,完整,128,128.5,35.8,12.75,7.5,70.85,125.91,3.27,11.44,2.8,3.56,2,0,0,0,0,518,0,-76.066,156.197,-40.11099999999999,2900.8709999999996,0,-13,-193,177.252,0,2,-1644500,14,30.746,5.72,-186,-227,855,,-76.066,155.197,122.14299999999997,2663.4399999999996,46.27,14.29,21.32,0.23,false,false,-2.67,-0.78,"單日成交金額低於5,000萬元；中期趨勢仍向下；20日趨勢尚未上彎；當下除權息調整價未守20日EMA"
439,6690,安碁資訊,TPEX,數位雲端,不建立部位,保護持有,今天不新增部位；未完成確認前不機械式賣出,下一交易日收盤，確認是否收復防守區,已有部位暫停加碼；若收盤跌破60日EMA約 165.53，且下一交易日仍未收復，先減碼三分之一；若ETF或外資繼續轉弱，再分批降低部位。,55,60.6,66.7,85,70,可用,164.5,164,8.89,14.33,14.18,37.1,213.57,5.1,15.02,1.63,5.47,1,0,0,0,0,6,0,28.975,28.975,28.975,28.975,0,0,0,0,0,0,0,0,0,4.16,,,,,28.975,28.975,28.975,28.975,51.32,37.53,36.46,39.67,true,false,0.38,1.23,"單日成交金額低於5,000萬元；外資持股趨勢資料不足或期間有非市場異動"
440,2501,國建,TWSE,建材營造,不建立部位,保護持有,今天不新增部位；未完成確認前不機械式賣出,下一交易日收盤，確認是否收復防守區,已有部位暫停加碼；若收盤跌破60日EMA約 23.08，且下一交易日仍未收復，先減碼三分之一；若ETF或外資繼續轉弱，再分批降低部位。,54.6,60.3,58.1,85,100,完整,22.95,23,119.67,35.31,15.98,62.17,168.24,1.43,7.98,0.83,5.24,1,0,0,0,-2,-1131,0,47.903,670.4989999999999,2199.423,-1701.9560000000006,0,0,-2,446,0,0,0,-6.215,19.678,12.4,52,137,933,,46.903,676.7139999999999,2181.745,-1694.832,51.61,52.86,61.33,35.92,false,true,0.54,0.66,"單日成交金額低於5,000萬元"
441,3708,上緯投控,TWSE,綠能環保,不建立部位,保護持有,今天不新增部位；未完成確認前不機械式賣出,下一交易日收盤，確認是否收復防守區,已有部位暫停加碼；若收盤跌破60日EMA約 105.24，且下一交易日仍未收復，先減碼三分之一；若ETF或外資繼續轉弱，再分批降低部位。,59.1,59.8,66.5,85,100,完整,103,102.5,100.18,8.19,-7.81,13.77,187.94,-0.87,2.45,0.42,6.4,2,0,0,0,-4,-1,0,-145.111,-605.677,497.272,337.58399999999995,0,0,-4,17,0,0,0,12.499,-21.581,7.92,-211,-718,293,,-139,-618.1759999999999,522.8530000000001,384.93,52.8,60.07,63.03,54.14,false,false,1.59,1.48,"單日成交金額低於5,000萬元；單季稅前獲利對營業外貢獻依賴偏高"
442,9917,中保科,TWSE,其他,不建立部位,保護持有,今天不新增部位；未完成確認前不機械式賣出,下一交易日收盤，確認是否收復防守區,已有部位暫停加碼；若收盤跌破60日EMA約 109.77，且下一交易日仍未收復，先減碼三分之一；若ETF或外資繼續轉弱，再分批降低部位。,60.8,59.6,45.9,85,100,完整,110.5,111,4.94,2.09,17.46,58.36,98.74,3.35,16.11,3.91,5.61,7,0,0,-1,-5,-9,0,110.473,676.087,681.665,1527.0100000000002,0,-3,-7,427.446,0,2,-331500,-8.286999999999999,-2.286999999999999,39.35,112,710,2096,,111.473,687.374,690.952,1086.401,58.47,82.42,75.88,95.49,false,false,1.23,2.31,"單日成交金額低於5,000萬元；ETF短中期同步減碼"
443,1307,三芳,TWSE,塑膠工業,不建立部位,保護持有,今天不新增部位；未完成確認前不機械式賣出,下一交易日收盤，確認是否收復防守區,已有部位暫停加碼；若收盤跌破60日EMA約 32.06，且下一交易日仍未收復，先減碼三分之一；若ETF或外資繼續轉弱，再分批降低部位。,47.9,59.3,66.1,85,100,完整,30.8,30.85,11.02,5.71,12.33,46.72,186.74,1.46,9.13,1.22,7.19,1,0,0,0,-21,-46,0,155.822,473.99800000000005,-518.6909999999999,-1171.8829999999998,0,0,-21,-24,0,0,0,-33.002,-54.691,7.05,95,485,-122,,157,507,-443,-817.8719999999998,44.29,47.16,40.18,61.11,false,false,-0.9,1.65,"單日成交金額低於5,000萬元；中期趨勢仍向下；20日趨勢尚未上彎；當下除權息調整價未守20日EMA"
444,1612,宏泰,TWSE,電器電纜,不建立部位,保護持有,今天不新增部位；未完成確認前不機械式賣出,下一交易日收盤，確認是否收復防守區,已有部位暫停加碼；若收盤跌破60日EMA約 34.00，且下一交易日仍未收復，先減碼三分之一；若ETF或外資繼續轉弱，再分批降低部位。,56.1,59.2,71.8,85,100,完整,34.95,35,7.44,-0.07,12.77,17.8,334.32,2.62,8.86,1.17,7.24,2,0,0,0,-21,-43,0,-1.513,468.158,1183.065,76.6919999999999,0,0,-21,63,0,0,0,40.888,36.616,15.56,-16,401,-1139,,-21.437,427.27,1167.4489999999998,-52.482000000000085,64.72,72.96,74.3,70.26,false,false,3.69,1.45,"單日成交金額低於5,000萬元；累計營收負成長且當月改善不足"
445,6763,綠界科技*,TPEX,數位雲端,不建立部位,保護持有,今天不新增部位；未完成確認前不機械式賣出,下一交易日收盤，確認是否收復防守區,已有部位暫停加碼；若收盤跌破60日EMA約 43.85，且下一交易日仍未收復，先減碼三分之一；若ETF或外資繼續轉弱，再分批降低部位。,43.2,59.2,62.8,85,100,可用,41.75,41.85,12.67,12.83,24.38,59.22,138.01,1.08,10.1,2.57,7.19,1,0,0,0,0,0,0,-23.754,-23.754,-23.754,-23.754,0,0,0,0,0,0,0,0.246,0.246,2.38,,,,,-24,-24,-24,-24,41.69,19.6,21.16,16.49,false,false,-1.25,-0.36,"單日成交金額低於5,000萬元；中期趨勢仍向下；外資持股趨勢資料不足或期間有非市場異動；20日趨勢尚未上彎；當下除權息調整價未守20日EMA"
446,9942,茂順,TWSE,其他,不建立部位,保護持有,今天不新增部位；未完成確認前不機械式賣出,下一交易日收盤，確認是否收復防守區,已有部位暫停加碼；若收盤跌破60日EMA約 117.40，且下一交易日仍未收復，先減碼三分之一；若ETF或外資繼續轉弱，再分批降低部位。,46.6,59.1,71.8,85,100,完整,114,114.5,11.01,14.66,24.72,35.21,198.05,4.76,12.49,2.27,6.14,1,0,0,0,0,-1,0,-4,-57.935,-211.51600000000002,290.998,0,0,0,1,0,0,0,0,-111,4.7,-4,-55,221,,-4,-57.935,-100.516,226.998,39.88,16.52,17.12,15.32,false,false,-1.44,0,"單日成交金額低於5,000萬元；中期趨勢仍向下；20日趨勢尚未上彎；當下除權息調整價未守20日EMA"
447,8436,大江,TPEX,生技醫療業,不建立部位,優先降低風險,依風險與流動性分批降低部位,風險解除且基本面與趨勢重新確認後,已有部位應優先降低曝險；目前觸發「單月與累計營收同步明顯衰退」。待事件解除或基本面重新確認後再評估。,67.8,58.9,56.2,85,100,可用,127,126.5,-12.19,-2.53,18.09,36.7,169.74,4.13,14.15,1.79,4.83,4,57,111,111,116,304,111,23.906,23.906,23.906,23.906,58.001,58.001,58.001,58.001,1,0,7221125,-5.095,-5.095,11.61,,,,,-29,-29,-29,-29,63.97,74.93,71.06,82.68,true,true,4.14,2.42,營收動能同步衰退；累計營收負成長且當月改善不足；外資持股趨勢資料不足或期間有非市場異動
448,1342,八貫,TWSE,其他,不建立部位,保護持有,今天不新增部位；未完成確認前不機械式賣出,下一交易日收盤，確認是否收復防守區,已有部位暫停加碼；若收盤跌破60日EMA約 104.75，且下一交易日仍未收復，先減碼三分之一；若ETF或外資繼續轉弱，再分批降低部位。,50.5,58.8,62.2,85,100,完整,103.5,103.5,76.92,34.14,18.32,41.09,208.83,4.1,14.57,3.57,5.83,1,0,0,0,-1,0,0,40.064,58.05,-11.540000000000013,683.9749999999999,0,0,-241.999,-228.999,0,0,0,19.145,21.066,32.76,25,44,-567,,40.064,38.905,209.393,887.4699999999999,47.42,58.66,55.06,65.86,false,false,-0.21,1.47,"單日成交金額低於5,000萬元；中期趨勢仍向下；20日趨勢尚未上彎；當下除權息調整價未守20日EMA"
449,4953,緯致,TPEX,資訊服務業,不建立部位,保護持有,今天不新增部位；未完成確認前不機械式賣出,下一交易日收盤，確認是否收復防守區,已有部位暫停加碼；若收盤跌破60日EMA約 124.53，且下一交易日仍未收復，先減碼三分之一；若ETF或外資繼續轉弱，再分批降低部位。,49.4,58.8,65.9,85,100,可用,123,122.5,33.37,31.28,6.01,39.51,231.31,4.88,12.31,2.13,4.2,2,0,0,0,0,-2,0,-22.205,-22.205,-22.205,-22.205,0,0,0,0,0,0,0,-0.205,-0.205,14.55,,,,,-22,-22,-22,-22,46.56,29.83,28.98,31.54,true,false,-0.75,0,"單日成交金額低於5,000萬元；外資持股趨勢資料不足或期間有非市場異動；當下除權息調整價未守20日EMA"
450,5515,建國,TWSE,建材營造,不建立部位,保護持有,今天不新增部位；未完成確認前不機械式賣出,下一交易日收盤，確認是否收復防守區,已有部位暫停加碼；若收盤跌破60日EMA約 44.96，且下一交易日仍未收復，先減碼三分之一；若ETF或外資繼續轉弱，再分批降低部位。,55.2,58.8,61.5,85,100,完整,53.3,53.2,30.84,28.06,12.56,54.43,163.72,6.08,5.42,1.84,6.18,2,0,0,0,-1,-1,0,54.014,275.01800000000003,2230.635,2611.169,0,0,-1,8,0,0,0,73.36099999999999,68.17699999999999,13.66,34,202,3166,,33.55,201.65700000000004,2163.458,2455.9160000000006,67.52,73.94,81.46,58.91,false,true,7.65,-0.93,"單日成交金額低於5,000萬元；KD高檔死亡交叉，等待動能確認；單季稅前獲利對營業外貢獻依賴偏高"
451,2832,台產,TWSE,金融保險業,不建立部位,保護持有,今天不新增部位；未完成確認前不機械式賣出,下一交易日收盤，確認是否收復防守區,已有部位暫停加碼；若收盤跌破60日EMA約 57.10，且下一交易日仍未收復，先減碼三分之一；若ETF或外資繼續轉弱，再分批降低部位。,55.8,58.8,63.1,85,91,可用,60.1,60.3,-5.13,5.74,,52.67,,1.64,11.63,1.25,5.79,1,0,0,0,-3,-6,0,-9.676,183.964,213.47,369.65199999999993,0,0,-2.262,-3.645,0,0,0,-12.961,-10.924000000000001,4.61,-11,196,783,,-10.676,196.925,226.656,371.01099999999997,59.51,66.02,70.39,57.28,false,true,1.47,1.35,"單日成交金額低於5,000萬元"
452,2010,春源,TWSE,鋼鐵工業,不建立部位,保護持有,今天不新增部位；未完成確認前不機械式賣出,下一交易日收盤，確認是否收復防守區,已有部位暫停加碼；若收盤跌破60日EMA約 22.51，且下一交易日仍未收復，先減碼三分之一；若ETF或外資繼續轉弱，再分批降低部位。,56.4,58.4,56.7,85,100,完整,22.75,22.8,-0.95,5.9,7.89,45.34,176.99,1.35,9.02,1.17,8.83,1,0,0,0,-2,0,0,-88.784,835.783,381.6070000000001,6613.653,0,0,-2,184,0,0,0,77,94.516,8.62,-135,779,6570,,-115.784,758.783,289.0909999999999,6338.141999999999,56.55,59.93,61.14,57.49,false,false,1.41,0.44,"單日成交金額低於5,000萬元"
453,4736,泰博,TWSE,生技醫療業,不建立部位,優先降低風險,依風險與流動性分批降低部位,風險解除且基本面與趨勢重新確認後,已有部位應優先降低曝險；目前觸發「單月與累計營收同步明顯衰退」。待事件解除或基本面重新確認後再評估。,58.3,58.3,68.1,85,100,完整,139,139,-11.91,-1.06,19.54,21,319.04,16.6,5.02,1.17,3.7,2,0,0,0,0,0,0,-147,-111.24200000000002,758.292,1313.461,0,150,150,178,1,0,20550000,34,159,7.3,-124,-94,1185,,-149,-295.242,449.2920000000001,989.4610000000002,57.18,42.05,62.49,1.17,false,true,1.7,-2.8,營收動能同步衰退；累計營收負成長且當月改善不足；2日內除權息，等待價格重置；單季稅前獲利對營業外貢獻依賴偏高
454,3577,泓格,TPEX,電腦及週邊設備業,不建立部位,保護持有,今天不新增部位；未完成確認前不機械式賣出,下一交易日收盤，確認是否收復防守區,已有部位暫停加碼；若收盤跌破60日EMA約 123.73，且下一交易日仍未收復，先減碼三分之一；若ETF或外資繼續轉弱，再分批降低部位。,43.5,58.2,71.2,85,100,可用,112.5,113.5,54.07,39.95,30.26,27.72,225.16,3.28,26.21,4.95,1.75,1,0,0,0,0,14,0,-79.38,-79.38,-79.38,-79.38,0,0,0,0,0,0,0,-6.38,-6.38,3.31,,,,,-73,-73,-73,-73,37.6,10.12,12.97,4.43,false,false,-8.71,-5.86,"單日成交金額低於5,000萬元；中期趨勢仍向下；外資持股趨勢資料不足或期間有非市場異動；20日趨勢尚未上彎；當下除權息調整價未守20日EMA"
455,2903,遠百,TWSE,貿易百貨,不建立部位,保護持有,今天不新增部位；未完成確認前不機械式賣出,下一交易日收盤，確認是否收復防守區,已有部位暫停加碼；若收盤跌破60日EMA約 22.38，且下一交易日仍未收復，先減碼三分之一；若ETF或外資繼續轉弱，再分批降低部位。,64.4,58.1,44.2,85,100,完整,22.45,22.6,-1.69,-0.48,14.05,73.04,49.46,0.55,15.2,1.06,5.52,3,0,0,817,2274,2253,0,950,10953.723999999998,4852.000999999998,6603.387999999997,0,805,2262,2231.729,2,0,18233250,-11,160.214,8.1,1001,9640,10827,,953,10159.723999999998,2429.7869999999984,4371.943999999999,53.42,69.61,65.54,77.75,false,false,0.74,0.9,"單日成交金額低於5,000萬元；累計營收負成長且當月改善不足"
456,6509,聚和,TPEX,化學工業,不建立部位,保護持有,今天不新增部位；未完成確認前不機械式賣出,下一交易日收盤，確認是否收復防守區,已有部位暫停加碼；若收盤跌破60日EMA約 47.11，且下一交易日仍未收復，先減碼三分之一；若ETF或外資繼續轉弱，再分批降低部位。,47.3,57.9,67.1,85,100,可用,45.35,45.4,12,5.81,21.4,32.53,226.71,2.16,12.38,1.58,3.11,1,0,0,0,-9,0,0,-378.124,-378.124,-378.124,-378.124,0,0,0,0,0,0,0,-17.124,-17.124,11.89,,,,,-361,-361,-361,-361,43.76,19.21,26.84,3.95,false,false,-2.27,-1.09,"單日成交金額低於5,000萬元；外資持股趨勢資料不足或期間有非市場異動；當下除權息調整價未守20日EMA"
457,1336,台翰,TPEX,電子零組件業,不建立部位,保護持有,今天不新增部位；未完成確認前不機械式賣出,下一交易日收盤，確認是否收復防守區,已有部位暫停加碼；若收盤跌破60日EMA約 15.52，且下一交易日仍未收復，先減碼三分之一；若ETF或外資繼續轉弱，再分批降低部位。,55.1,57.8,49.5,85,70,可用,16.5,16.5,67.07,7.49,2.56,44.05,120.96,0.41,21.8,0.67,1.59,1,0,0,0,0,3,0,56.24,56.24,56.24,56.24,0,0,0,0,0,0,0,22,22,3.5,,,,,34.24,34.24,34.24,34.24,53.84,33.34,47.37,5.27,false,false,1.02,-4.9,"單日成交金額低於5,000萬元；外資持股趨勢資料不足或期間有非市場異動"
458,2474,可成,TWSE,其他電子業,不建立部位,優先降低風險,依風險與流動性分批降低部位,風險解除且基本面與趨勢重新確認後,已有部位應優先降低曝險；目前觸發「外資持股5/10日下降且外資5日賣超」。待事件解除或基本面重新確認後再評估。,69.1,57.7,55.8,85,100,完整,206.5,206.5,-34.29,-31.97,4.51,38.16,133.88,5.14,13.61,0.8,5.02,24,12,23,47,627,826,0,-717.496,-1794.9509999999998,-2518.352,38.91699999999986,12,37,833,1149.546,5,0,7566500,-70.04599999999999,-298.48799999999994,14.64,-965,-2253,-6095,,-734.651,-1761.905,-3052.8639999999996,-1066.677,64.68,69.66,66.22,76.53,true,false,3.31,1.23,營收動能同步衰退；累計營收負成長且當月改善不足；外資持股5/10日下降，且外資5日賣超；單季稅前獲利對營業外貢獻依賴偏高
459,3550,聯穎,TWSE,電子零組件業,不建立部位,保護持有,今天不新增部位；未完成確認前不機械式賣出,下一交易日收盤，確認是否收復防守區,已有部位暫停加碼；若收盤跌破60日EMA約 23.96，且下一交易日仍未收復，先減碼三分之一；若ETF或外資繼續轉弱，再分批降低部位。,60.9,57.6,41.3,85,100,完整,23.8,23.75,38.33,28.96,3.34,59.83,178.9,0.67,194.17,1.43,,1,0,0,1,-3,0,0,92.741,386.645,1487.963,562.4290000000001,0,1,-3,31,1,0,23300,1.3750000000000004,14.193,7.03,124,485,-2662,,94.741,384.27,1476.77,528.5939999999996,52.22,49.04,41.98,63.16,true,false,2.57,5.31,"單日成交金額低於5,000萬元"
460,8213,志超,TWSE,電子零組件業,不建立部位,保護持有,今天不新增部位；未完成確認前不機械式賣出,下一交易日收盤，確認是否收復防守區,已有部位暫停加碼；若收盤跌破60日EMA約 33.47，且下一交易日仍未收復，先減碼三分之一；若ETF或外資繼續轉弱，再分批降低部位。,51.7,57.6,56.8,85,100,完整,32.75,32.8,38.39,14.72,3.54,47.82,177.28,0.93,16.57,0.52,3.49,1,0,0,0,0,0,0,-49.921,-158.837,333.95599999999996,-904.9060000000001,0,0,0,0,0,0,0,-1.836000000000002,75.38,21.03,-54,-162,-2224,,-54,-157.001,258.576,-1071.287,52.31,36.93,50.42,9.95,false,false,1.13,0.77,"單日成交金額低於5,000萬元；外資持股5/10日下降，且外資5日賣超"
461,4571,鈞興-KY,TWSE,電機機械,不建立部位,保護持有,今天不新增部位；未完成確認前不機械式賣出,下一交易日收盤，確認是否收復防守區,已有部位暫停加碼；若收盤跌破60日EMA約 166.87，且下一交易日仍未收復，先減碼三分之一；若ETF或外資繼續轉弱，再分批降低部位。,48,57.6,69.8,85,91,可用,158.5,158.5,36.12,3.89,18.97,19.94,401.3,2.41,17.37,2.41,3.37,1,0,0,0,-1,-1,0,10,-101.39699999999999,25.483999999999995,-320.669,0,0,-1,0,0,0,0,6.141,-27.172,63.67,6,-94,-197,,7,-107.538,53.656000000000006,-344.95900000000006,45.69,17.5,20.23,12.06,false,false,-1.81,-3.35,"單日成交金額低於5,000萬元；外資持股5/10日下降，且外資5日賣超；當下除權息調整價未守20日EMA"
462,1215,卜蜂,TWSE,食品工業,不建立部位,保護持有,今天不新增部位；未完成確認前不機械式賣出,下一交易日收盤，確認是否收復防守區,已有部位暫停加碼；若收盤跌破60日EMA約 113.92，且下一交易日仍未收復，先減碼三分之一；若ETF或外資繼續轉弱，再分批降低部位。,52.9,57.5,50.6,85,100,完整,108.5,109,8.05,5.17,9.26,65.34,86.75,3.24,12.56,2.94,6.42,3,0,0,0,0,-1,0,131.626,-274.657,-437.48199999999997,2368.02,0,109,109,16.566000000000003,4,0,11881000,12.621,22.509,37.21,77,-399,-1488,,133.849,-396.2780000000001,-568.9910000000001,2286.437,47.58,58.09,68.71,36.85,false,true,-0.32,-0.46,"單日成交金額低於5,000萬元；外資持股5/10日下降，且外資5日賣超"
463,2547,日勝生,TWSE,建材營造,不建立部位,保護持有,今天不新增部位；未完成確認前不機械式賣出,下一交易日收盤，確認是否收復防守區,已有部位暫停加碼；若收盤跌破60日EMA約 10.48，且下一交易日仍未收復，先減碼三分之一；若ETF或外資繼續轉弱，再分批降低部位。,51.9,57.5,44.8,85,100,完整,10.2,10.2,152.25,60.16,17.73,77.43,77.87,0.01,83.75,0.77,7.96,1,0,0,0,-13,-34,0,-2,887.1,-2386.681,-1758.0380000000005,0,0,-13.039,-21.009,0,0,0,-42,-77.784,13.9,-4,570,4663,,-3,929.1,-2295.858,-1927.2760000000003,45.67,50.45,46.07,59.19,true,true,-0.74,0.99,"單日成交金額低於5,000萬元；當下除權息調整價未守20日EMA"
464,8936,國統,TPEX,其他,不建立部位,保護持有,今天不新增部位；未完成確認前不機械式賣出,下一交易日收盤，確認是否收復防守區,已有部位暫停加碼；若收盤跌破60日EMA約 52.88，且下一交易日仍未收復，先減碼三分之一；若ETF或外資繼續轉弱，再分批降低部位。,46.7,57.5,66.1,85,100,可用,51.1,51.1,5.81,17.86,19.11,43.73,183.13,1.87,11.77,2,5.87,1,0,0,0,-15,-30,0,-39.117,-39.117,-39.117,-39.117,0,0,0,0,0,0,0,97.883,97.883,10.2,,,,,-137,-137,-137,-137,43.56,57.82,45.81,81.84,false,false,-0.9,0.99,"單日成交金額低於5,000萬元；中期趨勢仍向下；外資持股趨勢資料不足或期間有非市場異動；20日趨勢尚未上彎；當下除權息調整價未守20日EMA"
465,5269,祥碩,TWSE,半導體業,不建立部位,優先降低風險,依風險與流動性分批降低部位,風險解除且基本面與趨勢重新確認後,已有部位應優先降低曝險；目前觸發「ETF 5/10日同步減碼」。待事件解除或基本面重新確認後再評估。,61.3,57.4,61.6,85,100,可用,1450,1455,-37.99,-2.25,23.41,17.16,178.89,52.07,15.09,2.93,3.21,16,2,2,-25,-28,-59,0,7.701,334.057,-50.60999999999997,1300.845,2,-26,-57.212,272.551,2,1,-36790000,178.183,207.813,8.91,-54,29,633,,7.155,181.87400000000002,-201.21099999999998,878.6030000000001,54.53,61.88,57.97,69.71,true,false,2.49,-0.68,營收動能同步衰退；累計營收負成長且當月改善不足；ETF短中期同步減碼；外資持股趨勢資料不足或期間有非市場異動；單季稅前獲利對營業外貢獻依賴偏高
466,8442,威宏-KY,TWSE,其他,不建立部位,保護持有,今天不新增部位；未完成確認前不機械式賣出,下一交易日收盤，確認是否收復防守區,已有部位暫停加碼；若收盤跌破60日EMA約 45.11，且下一交易日仍未收復，先減碼三分之一；若ETF或外資繼續轉弱，再分批降低部位。,56.6,57.3,50,85,91,可用,45.65,45.85,13,9.87,0.73,52.46,170.15,0.03,27.71,0.96,6.05,1,0,0,0,-1,-2,0,-46,73,169.394,121.691,0,0,-0.606,-0.976,0,0,0,-1,-1,56.41,-46,77,276,,-46,74,171,119,52.18,65.7,69.38,58.34,false,true,0.34,2.82,"單日成交金額低於5,000萬元；2日內除權息，等待價格重置"
467,4137,麗豐-KY,TWSE,生技醫療業,不建立部位,降低部位,停止加碼；反彈未站回恢復區時分批減碼,每個交易日收盤後，確認是否站回恢復區,已有部位先停止加碼。反彈若仍未站回 97.17，分批降低部位；只有站回且ETF／外資賣壓收斂後才重新評估。,40.6,57.2,72.7,85,91,可用,87.5,87.2,2.76,7.74,15.53,43.21,206.97,1.41,11.12,1.29,11.44,2,0,0,0,-1,-2,0,-90.491,-269.183,-841.8369999999999,-770.2589999999999,0,0,-1.047,-0.6869999999999998,0,0,0,-60.83800000000001,-135.03300000000002,54.11,-46,-144,-299,,-63.425,-208.34500000000003,-705.7570000000001,-672.494,24.41,6.76,9.7,0.9,false,false,-4.82,-2.78,"單日成交金額低於5,000萬元；中期趨勢仍向下；外資持股5/10日下降，且外資5日賣超；20日趨勢尚未上彎；當下除權息調整價未守20日EMA"
468,3622,洋華,TWSE,光電業,不建立部位,保護持有,今天不新增部位；未完成確認前不機械式賣出,下一交易日收盤，確認是否收復防守區,已有部位暫停加碼；若收盤跌破60日EMA約 54.13，且下一交易日仍未收復，先減碼三分之一；若ETF或外資繼續轉弱，再分批降低部位。,50.7,56.9,78.1,85,100,完整,53.1,53.1,-6.03,-3.56,21.64,14.28,649.81,1.1,10.49,1.03,5.98,1,0,0,0,0,-6,0,-71.354,-217.76999999999998,-947.944,-1194.583,0,0,0,-1.7999999999999998,0,0,0,67.59200000000001,133.63500000000002,3.36,21,109,49,,-119.85,-285.36199999999997,-1081.579,-1332.6570000000002,51.03,58.85,45.45,85.66,true,false,1.14,9.03,"單日成交金額低於5,000萬元；累計營收負成長且當月改善不足；中期趨勢仍向下；20日趨勢尚未上彎"
469,6592,和潤企業,TWSE,其他,不建立部位,保護持有,今天不新增部位；未完成確認前不機械式賣出,下一交易日收盤，確認是否收復防守區,已有部位暫停加碼；若收盤跌破60日EMA約 60.87，且下一交易日仍未收復，先減碼三分之一；若ETF或外資繼續轉弱，再分批降低部位。,58.9,56.9,45.5,85,100,可用,62,62.1,-3.15,-4.14,19.84,87.04,105.16,2.22,12.37,1.18,5.36,1,0,0,0,0,-20,0,154.928,252.81699999999998,751.779,2223.991,0,0,0,-324.342,0,0,0,8.129999999999999,22.019,23.02,167,457,6808,,154.009,244.687,729.76,2490.611,58.4,78.21,66.84,100.96,false,false,1.6,2.65,"單日成交金額低於5,000萬元；累計營收負成長且當月改善不足；外資持股趨勢資料不足或期間有非市場異動"
470,6438,迅得,TWSE,其他電子業,不建立部位,保護持有,今天不新增部位；未完成確認前不機械式賣出,下一交易日收盤，確認是否收復防守區,已有部位暫停加碼；若收盤跌破60日EMA約 149.62，且下一交易日仍未收復，先減碼三分之一；若ETF或外資繼續轉弱，再分批降低部位。,52.8,56.5,56.5,85,100,完整,146.5,147,5.38,10.93,11.24,42.36,182.26,3.79,24.96,1.87,3.47,1,0,-69,-137,-137,-137,-137,26.712,95.149,349.88300000000004,151.9420000000002,0,-137,-137,-137,0,2,-19728000,-21.35,-37.259,6.45,-87,77,-178,,28.712,253.49900000000002,524.142,359.0109999999999,51.62,46.84,39.52,61.5,true,false,1.22,3.17,"單日成交金額低於5,000萬元；ETF短中期同步減碼；主動ETF 5日轉為減碼"
471,2718,全心投控,TPEX,建材營造,不建立部位,優先降低風險,依風險與流動性分批降低部位,風險解除且基本面與趨勢重新確認後,已有部位應優先降低曝險；目前觸發「單月與累計營收同步明顯衰退」。待事件解除或基本面重新確認後再評估。,52.1,56.4,74.8,85,100,可用,49.55,49.35,-96.01,-89.11,33.05,17.92,536.6,2.72,4.76,0.7,11.25,1,0,0,0,0,-1,0,-20.463,-20.463,-20.463,-20.463,0,0,0,0,0,0,0,0.537,0.537,0.69,,,,,-21,-21,-21,-21,64.44,67.59,75.69,51.38,false,true,3.48,0.92,"單日成交金額低於5,000萬元；營收動能同步衰退；累計營收負成長且當月改善不足；外資持股趨勢資料不足或期間有非市場異動；2日內除權息，等待價格重置；單季稅前獲利對營業外貢獻依賴偏高"
472,9938,百和,TWSE,其他,不建立部位,保護持有,今天不新增部位；未完成確認前不機械式賣出,下一交易日收盤，確認是否收復防守區,已有部位暫停加碼；若收盤跌破60日EMA約 44.25，且下一交易日仍未收復，先減碼三分之一；若ETF或外資繼續轉弱，再分批降低部位。,52.4,56.4,54.8,85,100,完整,42.7,42.75,15.99,2.26,11.5,53.33,110.43,1.36,13.09,0.97,7.05,3,0,0,0,-574,-2915,0,316.316,1434.8570000000002,48.05800000000026,-1142.3539999999998,0,0,-574.49,-2425.457,0,0,0,116.084,86.32399999999998,8.09,196,972,-3388,,325,1318.773,536.2239999999999,1056.9920000000002,44.04,77.48,63.07,106.29,false,false,-0.73,1.18,"單日成交金額低於5,000萬元；中期趨勢仍向下；20日趨勢尚未上彎；當下除權息調整價未守20日EMA"
473,3169,亞信,TPEX,半導體業,不建立部位,保護持有,今天不新增部位；未完成確認前不機械式賣出,下一交易日收盤，確認是否收復防守區,已有部位暫停加碼；若收盤跌破60日EMA約 103.18，且下一交易日仍未收復，先減碼三分之一；若ETF或外資繼續轉弱，再分批降低部位。,47.7,56.3,71.1,85,100,可用,100.5,100.5,22.42,4.74,26.67,19.13,496.46,1.96,25.93,3.54,3.24,1,0,0,0,0,7,0,-6.097,-6.097,-6.097,-6.097,0,0,0,0,0,0,0,-0.097,-0.097,5.06,,,,,-6,-6,-6,-6,47.88,23.82,24.46,22.55,false,false,-0.34,0.5,"單日成交金額低於5,000萬元；外資持股趨勢資料不足或期間有非市場異動；當下除權息調整價未守20日EMA"
474,6752,叡揚,TPEX,資訊服務業,不建立部位,保護持有,今天不新增部位；未完成確認前不機械式賣出,下一交易日收盤，確認是否收復防守區,已有部位暫停加碼；若收盤跌破60日EMA約 97.53，且下一交易日仍未收復，先減碼三分之一；若ETF或外資繼續轉弱，再分批降低部位。,49.2,56.1,56.8,85,70,可用,96.5,96.5,7.01,4.85,11.82,48.89,102.91,2.94,14.09,2.69,4.96,1,0,0,0,2,5,0,3,3,3,3,0,0,0,0,0,0,0,1,1,3.08,,,,,2,2,2,2,49.49,43.33,37.85,54.29,true,false,-0.18,-1.59,"單日成交金額低於5,000萬元；外資持股趨勢資料不足或期間有非市場異動；當下除權息調整價未守20日EMA"
475,3402,漢科,TPEX,其他電子業,不建立部位,保護持有,今天不新增部位；未完成確認前不機械式賣出,下一交易日收盤，確認是否收復防守區,已有部位暫停加碼；若收盤跌破60日EMA約 132.52，且下一交易日仍未收復，先減碼三分之一；若ETF或外資繼續轉弱，再分批降低部位。,45.9,56,51.2,85,100,可用,122,122,36.77,19.61,11.72,69.75,118.47,3.64,16.78,4.16,4.98,2,0,0,0,2,2,0,-23.341,-23.341,-23.341,-23.341,0,0,0,0,0,0,0,-2.341,-2.341,9.22,,,,,-21,-21,-21,-21,41.71,19.92,18.67,22.42,true,false,-2.83,0,"單日成交金額低於5,000萬元；中期趨勢仍向下；外資持股趨勢資料不足或期間有非市場異動；20日趨勢尚未上彎；當下除權息調整價未守20日EMA"
476,6679,鈺太,TPEX,半導體業,不建立部位,保護持有,今天不新增部位；未完成確認前不機械式賣出,下一交易日收盤，確認是否收復防守區,已有部位暫停加碼；若收盤跌破60日EMA約 232.28，且下一交易日仍未收復，先減碼三分之一；若ETF或外資繼續轉弱，再分批降低部位。,43.1,56,79.6,85,100,可用,200,200,8.73,7.32,24.37,6.41,1081.33,6.34,16.05,1.79,3.28,1,0,0,0,0,0,0,-32.401,-32.401,-32.401,-32.401,0,0,0,0,0,0,0,-1.471,-1.471,10.77,,,,,-30.93,-30.93,-30.93,-30.93,39.03,23.42,19.7,30.87,true,false,-3.8,0.25,"單日成交金額低於5,000萬元；中期趨勢仍向下；外資持股趨勢資料不足或期間有非市場異動；20日趨勢尚未上彎；當下除權息調整價未守20日EMA"
477,1907,永豐餘,TWSE,造紙工業,不建立部位,保護持有,今天不新增部位；未完成確認前不機械式賣出,下一交易日收盤，確認是否收復防守區,已有部位暫停加碼；若收盤跌破60日EMA約 28.42，且下一交易日仍未收復，先減碼三分之一；若ETF或外資繼續轉弱，再分批降低部位。,62,55.8,43.2,85,100,完整,30.25,30.4,7.28,4.85,0.15,43.8,126.95,0.47,17.91,0.55,3.28,3,0,0,0,-2,654,0,-108.962,2633.742,2521.9189999999994,9625.156,0,0,-2.219999999999999,64.268,0,0,0,98.2,172.2,13.01,-353,2666,10539,,-119.162,2535.5420000000004,2351.939,9293.527,56.64,66.11,65.89,66.55,false,false,1.3,1,"單日成交金額低於5,000萬元；單季稅前獲利對營業外貢獻依賴偏高"
478,6143,振曜,TPEX,通信網路業,不建立部位,保護持有,今天不新增部位；未完成確認前不機械式賣出,下一交易日收盤，確認是否收復防守區,已有部位暫停加碼；若收盤跌破60日EMA約 93.19，且下一交易日仍未收復，先減碼三分之一；若ETF或外資繼續轉弱，再分批降低部位。,46.1,55.8,64.6,85,100,可用,90.4,90.4,5.16,15.83,10.45,43.35,196.37,3.03,11.33,2.71,6.73,1,0,0,0,0,-3,0,-29.279,-29.279,-29.279,-29.279,0,0,0,0,0,0,0,3.721,3.721,5.49,,,,,-33,-33,-33,-33,47.46,38.75,36.22,43.82,true,true,-0.3,1.23,"單日成交金額低於5,000萬元；中期趨勢仍向下；外資持股趨勢資料不足或期間有非市場異動；20日趨勢尚未上彎；當下除權息調整價未守20日EMA"
479,2546,根基,TWSE,建材營造,不建立部位,保護持有,今天不新增部位；未完成確認前不機械式賣出,下一交易日收盤，確認是否收復防守區,已有部位暫停加碼；若收盤跌破60日EMA約 91.49，且下一交易日仍未收復，先減碼三分之一；若ETF或外資繼續轉弱，再分批降低部位。,58.9,55.7,48.4,85,100,完整,106.5,107,5.52,18.75,12.17,61.6,158.04,8.89,7.19,2.14,5.58,3,0,0,0,0,194,0,-5,18.491000000000014,872.467,753.4279999999999,0,0,0,64,0,0,0,-49.632000000000005,-38.260000000000005,4.29,-12,116,786,,-6,68.12300000000002,910.727,653.2819999999999,61.46,54.19,69.2,24.17,false,true,4.96,-4.05,"單日成交金額低於5,000萬元"
480,2915,潤泰全,TWSE,貿易百貨,不建立部位,優先降低風險,依風險與流動性分批降低部位,風險解除且基本面與趨勢重新確認後,已有部位應優先降低曝險；目前觸發「單月與累計營收同步明顯衰退」。待事件解除或基本面重新確認後再評估。,61.3,55.7,62.8,85,100,完整,59.2,59.3,-18.52,-22.47,6.83,8.24,192.43,8.96,4.24,0.38,3.22,3,0,467,614,612,608,0,-153.221,1232.873,7717.514,6478.562000000001,0,614,612,607.489,2,1,36226000,-66.52000000000001,88.748,6.47,-480,-484,16320,,-169.958,685.3929999999998,7016.766,5737.126,64.84,63.98,77.37,37.18,false,true,3.78,-4.21,營收動能同步衰退；累計營收負成長且當月改善不足；單季稅前獲利對營業外貢獻依賴偏高
481,2535,達欣工,TWSE,建材營造,不建立部位,保護持有,今天不新增部位；未完成確認前不機械式賣出,下一交易日收盤，確認是否收復防守區,已有部位暫停加碼；若收盤跌破60日EMA約 87.52，且下一交易日仍未收復，先減碼三分之一；若ETF或外資繼續轉弱，再分批降低部位。,61.3,55.6,44.4,85,100,完整,90.7,90.4,20.63,22.05,9.12,64.06,185.27,6.32,8.83,2.17,5.1,2,0,0,0,0,241,0,-21.039,171.267,224.91399999999996,-69.27800000000005,0,-1,-1,2,0,1,-90200,-8.093,-4.973000000000001,7.05,-19,151,-437,,-21.953,180.36,230.887,-79.805,53.45,63.65,60.89,69.16,false,false,0.93,1.45,"單日成交金額低於5,000萬元"
482,3679,新至陞,TWSE,電子零組件業,不建立部位,保護持有,今天不新增部位；未完成確認前不機械式賣出,下一交易日收盤，確認是否收復防守區,已有部位暫停加碼；若收盤跌破60日EMA約 111.66，且下一交易日仍未收復，先減碼三分之一；若ETF或外資繼續轉弱，再分批降低部位。,45.4,55.3,68.2,85,100,完整,109,109.75,18.38,-6.8,17.76,48.94,241.4,4.18,9.26,1.43,8.22,1,0,0,0,-1,-1,0,-1,39.088,116.804,157.536,0,0,-0.484,-0.78,0,0,0,1,4,8.62,2,30,249,,-1,38.088,113.288,148.316,45.25,27.32,41.24,-0.52,false,true,-0.6,-0.46,"單日成交金額低於5,000萬元；中期趨勢仍向下；20日趨勢尚未上彎"
483,4755,三福化,TWSE,化學工業,不建立部位,保護持有,今天不新增部位；未完成確認前不機械式賣出,下一交易日收盤，確認是否收復防守區,已有部位暫停加碼；若收盤跌破60日EMA約 125.54，且下一交易日仍未收復，先減碼三分之一；若ETF或外資繼續轉弱，再分批降低部位。,56.3,55.3,50.6,85,100,可用,118,118,12.89,0.25,10.78,33.59,165.2,2.33,25.05,1.7,3.22,2,0,0,0,2,15,0,-23.311,-16.311000000000007,-16.221000000000004,-121.80700000000004,0,0,0,10,0,0,0,-4,-5.378999999999998,23.24,-24,-77,-543,,-22.311,-12.311000000000007,-10.842000000000013,-124.59200000000006,49.09,50.3,44.47,61.94,true,false,0.73,3.96,"單日成交金額低於5,000萬元；外資持股5/10日下降，且外資5日賣超"
484,5287,數字,TPEX,數位雲端,不建立部位,保護持有,今天不新增部位；未完成確認前不機械式賣出,下一交易日收盤，確認是否收復防守區,已有部位暫停加碼；若收盤跌破60日EMA約 150.79，且下一交易日仍未收復，先減碼三分之一；若ETF或外資繼續轉弱，再分批降低部位。,52.9,55.1,60.4,85,100,可用,154.5,154,-2.6,-1.84,38.3,39.46,155.27,7.68,10.18,3.38,7.17,1,0,0,0,0,-1,0,-21.831,-21.831,-21.831,-21.831,0,0,0,0,0,0,0,0.169,0.169,15.99,,,,,-22,-22,-22,-22,64.42,59.34,64.62,48.76,false,true,1.7,0.65,"單日成交金額低於5,000萬元；累計營收負成長且當月改善不足；外資持股趨勢資料不足或期間有非市場異動；2日內除權息，等待價格重置"
485,6122,擎邦,TPEX,電機機械,不建立部位,保護持有,今天不新增部位；未完成確認前不機械式賣出,下一交易日收盤，確認是否收復防守區,已有部位暫停加碼；若收盤跌破60日EMA約 48.66，且下一交易日仍未收復，先減碼三分之一；若ETF或外資繼續轉弱，再分批降低部位。,53.7,55,48.5,85,100,可用,48.75,48.7,16.11,-2.28,10.87,63.76,146.27,2.19,10.49,2.14,6.95,1,0,0,0,-2,-4,0,63.061,63.061,63.061,63.061,0,0,0,0,0,0,0,-1.028,-1.028,4.7,,,,,64.089,64.089,64.089,64.089,53.43,83.72,79.49,92.19,false,false,1.29,3.07,"單日成交金額低於5,000萬元；外資持股趨勢資料不足或期間有非市場異動；20日趨勢尚未上彎"
486,4568,科際精密,TPEX,電機機械,不建立部位,保護持有,今天不新增部位；未完成確認前不機械式賣出,下一交易日收盤，確認是否收復防守區,已有部位暫停加碼；若收盤跌破60日EMA約 40.23，且下一交易日仍未收復，先減碼三分之一；若ETF或外資繼續轉弱，再分批降低部位。,50.4,54.9,58,85,65,最低門檻,39.6,39.67,28.44,4.56,2.91,38.03,248.44,0.51,22,1.19,5,1,0,0,0,1,4,0,0,0,0,0,0,0,0,0,0,0,0,0,0,19.96,,,,,0,0,0,0,47.26,55.83,47.88,71.72,true,false,-0.13,0.25,"單日成交金額低於5,000萬元；外資持股趨勢資料不足或期間有非市場異動"
487,2597,潤弘,TWSE,建材營造,不建立部位,保護持有,今天不新增部位；未完成確認前不機械式賣出,下一交易日收盤，確認是否收復防守區,已有部位暫停加碼；若收盤跌破60日EMA約 166.76，且下一交易日仍未收復，先減碼三分之一；若ETF或外資繼續轉弱，再分批降低部位。,63.3,54.8,34,85,100,完整,171.5,171.5,3.13,13.32,13.16,68.77,112.85,5.08,14.41,7.02,5.76,5,0,0,0,-2,11,0,32,216.911,461.50000000000006,913.1290000000001,0,0,-1.3010000000000002,1.9420000000000002,0,0,0,0.41200000000000014,-116.08699999999999,2.14,-42,50,401,,36,216.499,578.8879999999999,1048.6509999999998,60.27,65.84,59.27,78.97,true,false,2.63,3.31,"單日成交金額低於5,000萬元"
488,9939,宏全,TWSE,其他,不建立部位,保護持有,今天不新增部位；未完成確認前不機械式賣出,下一交易日收盤，確認是否收復防守區,已有部位暫停加碼；若收盤跌破60日EMA約 129.51，且下一交易日仍未收復，先減碼三分之一；若ETF或外資繼續轉弱，再分批降低部位。,55.7,54.7,45.9,85,100,完整,132,133,-1,2.72,16.21,59.06,108.5,6.55,12.05,1.98,4.68,7,0,-266,-266,-274,-501,-266,-74.322,1276.4289999999999,1847.1489999999997,8274.065999999999,0,-269,-277,-146.29700000000003,0,2,-35642500,44.21900000000001,90.39700000000002,16.98,-127,1460,9216,,-66.475,1501.21,2033.752,8278.347999999998,49.75,45.52,40.21,56.15,false,false,-0.47,1.54,"單日成交金額低於5,000萬元；ETF短中期同步減碼；主動ETF 5日轉為減碼"
489,2414,精技,TWSE,電子通路業,不建立部位,降低部位,停止加碼；反彈未站回恢復區時分批減碼,每個交易日收盤後，確認是否站回恢復區,已有部位先停止加碼。反彈若仍未站回 54.98，分批降低部位；只有站回且ETF／外資賣壓收斂後才重新評估。,45.5,54.5,48,85,100,完整,52.3,52.2,25.35,42.94,2.85,76.08,120,2.53,12.58,2.65,5.8,1,0,0,1,-3,0,0,-68,-404,-483.115,-2062.277,0,1,-3,34,1,0,51700,-17,-68,4.32,-90,-265,-1930,,-67,-388,-412.115,-2072.277,41.02,25.37,23.66,28.78,true,true,-3.1,0.77,"單日成交金額低於5,000萬元；中期趨勢仍向下；外資持股5/10日下降，且外資5日賣超；20日趨勢尚未上彎；當下除權息調整價未守20日EMA"
490,2425,承啟,TWSE,電腦及週邊設備業,不建立部位,保護持有,今天不新增部位；未完成確認前不機械式賣出,下一交易日收盤，確認是否收復防守區,已有部位暫停加碼；若收盤跌破60日EMA約 40.72，且下一交易日仍未收復，先減碼三分之一；若ETF或外資繼續轉弱，再分批降低部位。,46.4,54.5,51.2,85,100,完整,38.15,38,143.6,120.82,0.61,54.62,183.31,0.68,21.21,1.45,0.26,1,0,0,1,-2,0,0,202.247,170.876,-312.933,-3958.4579999999987,0,1,-2,26,1,0,37750,-5.721,44.772,5.35,235,298,-4962,,200.934,175.597,-355.7049999999999,-4160.996000000001,40.18,17.07,13.37,24.48,true,false,-7.62,-2.18,"單日成交金額低於5,000萬元；中期趨勢仍向下；20日趨勢尚未上彎；當下除權息調整價未守20日EMA；單季稅前獲利對營業外貢獻依賴偏高"
491,6561,是方,TPEX,通信網路業,不建立部位,保護持有,今天不新增部位；未完成確認前不機械式賣出,下一交易日收盤，確認是否收復防守區,已有部位暫停加碼；若收盤跌破60日EMA約 331.25，且下一交易日仍未收復，先減碼三分之一；若ETF或外資繼續轉弱，再分批降低部位。,47.1,54.5,54.6,85,100,可用,322.5,321.25,18.04,0,37.23,53.51,68.34,7.57,21.44,7.6,4.44,3,0,0,0,0,-1,0,0.881,0.881,0.881,0.881,0,0,0,0,0,0,0,-0.119,-0.119,7.01,,,,,1,1,1,1,46.78,40.4,35.05,51.09,true,true,-0.36,0.78,"單日成交金額低於5,000萬元；中期趨勢仍向下；外資持股趨勢資料不足或期間有非市場異動；20日趨勢尚未上彎；當下除權息調整價未守20日EMA"
492,9926,新海,TWSE,油電燃氣業,不建立部位,保護持有,今天不新增部位；未完成確認前不機械式賣出,下一交易日收盤，確認是否收復防守區,已有部位暫停加碼；若收盤跌破60日EMA約 49.39，且下一交易日仍未收復，先減碼三分之一；若ETF或外資繼續轉弱，再分批降低部位。,57.7,54.5,46,85,73,可用,49.7,49.7,-0.93,-0.99,18.15,54.43,151.22,1.61,17.14,1.98,4.3,1,0,0,0,2,3,0,2,-2,-38,79,0,0,0,0,0,0,0,0,2,0.76,2,-2,99,,2,-2,-40,73,55.51,64.58,50.61,92.54,false,false,0.97,2.37,"單日成交金額低於5,000萬元；累計營收負成長且當月改善不足；20日趨勢尚未上彎"
493,1210,大成,TWSE,食品工業,不建立部位,降低部位,停止加碼；反彈未站回恢復區時分批減碼,每個交易日收盤後，確認是否站回恢復區,已有部位先停止加碼。反彈若仍未站回 54.61，分批降低部位；只有站回且ETF／外資賣壓收斂後才重新評估。,47.4,54.2,48.5,85,100,完整,52.8,52.7,21.5,8.41,3.89,55.78,84.62,1.48,12.92,1.72,5.7,5,0,-704,-1069,-757,487,-1196,153,890.107,-2172.3759999999997,-508.3289999999996,0,-1078,-766,977.42,1,3,-56702800,-719.895,-1421.672,7.52,179,1526,-7414,,210,2688.002,15.296000000000276,-1069.6809999999994,40.11,56.91,46.94,76.85,false,false,-1.62,0,"單日成交金額低於5,000萬元；中期趨勢仍向下；ETF短中期同步減碼；20日累積後5日轉為調節；主動ETF 5日轉為減碼；投信5/10日持續且具金額意義的賣超；20日趨勢尚未上彎；當下除權息調整價未守20日EMA"
494,2415,錩新,TWSE,電子零組件業,不建立部位,保護持有,今天不新增部位；未完成確認前不機械式賣出,下一交易日收盤，確認是否收復防守區,已有部位暫停加碼；若收盤跌破60日EMA約 31.20，且下一交易日仍未收復，先減碼三分之一；若ETF或外資繼續轉弱，再分批降低部位。,50.7,54.2,47.8,85,100,完整,30.7,30.8,8.33,9.96,6.5,71.54,127.59,0.47,19.55,1.6,5.18,1,0,0,1,-3,0,0,57,125.99999999999999,-96.82700000000003,-174.531,0,1,-3,29,1,0,30700,-2,0.5030000000000006,20.95,53,17,-475,,57,126.99999999999999,-94.33000000000003,-221.199,47.91,58.61,44.3,87.25,false,false,-0.13,5.5,"單日成交金額低於5,000萬元；中期趨勢仍向下；20日趨勢尚未上彎；2日內除權息，等待價格重置"
495,4583,台灣精銳,TWSE,電機機械,不建立部位,保護持有,今天不新增部位；未完成確認前不機械式賣出,下一交易日收盤，確認是否收復防守區,已有部位暫停加碼；若收盤跌破60日EMA約 557.27，且下一交易日仍未收復，先減碼三分之一；若ETF或外資繼續轉弱，再分批降低部位。,45.3,54.2,69.6,85,100,完整,464.5,463,21.11,15.07,34.42,10.76,1265.54,6.81,34,3.7,2.18,3,0,0,0,0,-1,0,-14.998,4.021000000000001,80.036,301.208,0,0,0,-0.899,0,0,0,-1.19,-1.206,2.62,-15,-1,1124,,-14.998,5.211000000000006,81.242,300.92600000000004,36.03,19.69,24.63,9.81,false,false,-6.1,-3.43,"單日成交金額低於5,000萬元；中期趨勢仍向下；20日趨勢尚未上彎；當下除權息調整價未守20日EMA"
496,5236,凌陽創新,TWSE,半導體業,不建立部位,保護持有,今天不新增部位；未完成確認前不機械式賣出,下一交易日收盤，確認是否收復防守區,已有部位暫停加碼；若收盤跌破60日EMA約 148.79，且下一交易日仍未收復，先減碼三分之一；若ETF或外資繼續轉弱，再分批降低部位。,46.6,54.2,68.4,85,100,可用,138,138.5,-1.5,14.76,33.2,30.49,329.86,5.86,13.29,3.31,6.59,1,0,0,10,9,9,0,-30.707,-226.067,-415.73499999999996,-762.107,0,10,9,-11,1,0,1365000,-6.856,-19.498,6.14,-40,-218,,,-32,-229.211,-405.237,-736.844,41.57,31.56,24.4,45.89,true,false,-1.78,1.85,"單日成交金額低於5,000萬元；中期趨勢仍向下；外資持股趨勢資料不足或期間有非市場異動；20日趨勢尚未上彎；當下除權息調整價未守20日EMA"
497,2528,皇普,TWSE,建材營造,不建立部位,優先降低風險,依風險與流動性分批降低部位,風險解除且基本面與趨勢重新確認後,已有部位應優先降低曝險；目前觸發「單月與累計營收同步明顯衰退」。待事件解除或基本面重新確認後再評估。,57.5,54.1,52.4,85,100,完整,20.65,20.8,-33.23,-58.59,23.42,65.26,190.14,0.57,8.33,1.19,14.63,1,0,0,0,-5,-14,0,179.297,733.3770000000001,971.691,1893.7399999999998,0,0,-5.184,-8.353,0,0,0,4,9,1.51,-49,519,1383,,180.297,729.3770000000001,967.875,2184.093,60.15,72.08,63.83,88.58,false,false,2.25,2.48,"單日成交金額低於5,000萬元；營收動能同步衰退；累計營收負成長且當月改善不足"
498,2497,怡利電,TWSE,汽車工業,不建立部位,降低部位,停止加碼；反彈未站回恢復區時分批減碼,每個交易日收盤後，確認是否站回恢復區,已有部位先停止加碼。反彈若仍未站回 51.51，分批降低部位；只有站回且ETF／外資賣壓收斂後才重新評估。,46,53.8,51.5,85,100,完整,45.65,45.65,16.54,20.16,8.69,55.57,125.63,1.59,14.18,2.02,4.42,1,0,0,0,0,0,0,-53.2,-233.76,-564.1640000000001,-1085.59,0,0,0,0,0,0,0,1.228,-1.321,3.1,-32,-230,-1860,,-53.988,-234.988,-562.843,-1028.692,39.27,30.85,25.56,41.43,true,false,-3.27,2.35,"單日成交金額低於5,000萬元；中期趨勢仍向下；外資持股5/10日下降，且外資5日賣超；20日趨勢尚未上彎；當下除權息調整價未守20日EMA"
499,3479,安勤,TPEX,電腦及週邊設備業,不建立部位,保護持有,今天不新增部位；未完成確認前不機械式賣出,下一交易日收盤，確認是否收復防守區,已有部位暫停加碼；若收盤跌破60日EMA約 132.06，且下一交易日仍未收復，先減碼三分之一；若ETF或外資繼續轉弱，再分批降低部位。,47.2,53.7,52.1,85,100,可用,130.5,131,19.67,14.6,8.25,57.39,155.72,3.95,17.97,2.85,3.53,1,0,0,0,0,-3,0,-3.631,-3.631,-3.631,-3.631,0,0,0,0,0,0,0,1.319,1.319,6.76,,,,,-4.95,-4.95,-4.95,-4.95,44.73,32.02,25.17,45.73,true,false,-2.4,-0.38,"單日成交金額低於5,000萬元；中期趨勢仍向下；外資持股趨勢資料不足或期間有非市場異動；20日趨勢尚未上彎；當下除權息調整價未守20日EMA"
500,2385,群光,TWSE,電子零組件業,不建立部位,優先降低風險,依風險與流動性分批降低部位,風險解除且基本面與趨勢重新確認後,已有部位應優先降低曝險；目前觸發「ETF 5/10日同步減碼」。待事件解除或基本面重新確認後再評估。,63.3,53.6,50.5,85,100,可用,107,107,-12.24,-6.27,5.03,52.04,143.4,5.06,11.9,1.73,6.79,25,11,44,-76,-451,-884,0,528.938,2710.6369999999997,4364.505999999999,7357.992,10.844,-92.156,-1725.266,-5029.139999999999,3,2,-9768536,-223.29000000000002,-470.5880000000001,23.43,370,3025,25152,,526.92,3026.0829999999996,6560.360000000001,12477.405,52.58,66.06,65.27,67.64,true,true,1.16,0.94,營收動能同步衰退；累計營收負成長且當月改善不足；ETF短中期同步減碼
501,2020,美亞,TWSE,鋼鐵工業,不建立部位,優先降低風險,依風險與流動性分批降低部位,風險解除且基本面與趨勢重新確認後,已有部位應優先降低曝險；目前觸發「單月與累計營收同步明顯衰退」。待事件解除或基本面重新確認後再評估。,54.8,53.5,49.6,85,73,可用,21.75,21.85,-62.27,-19.32,15.97,54.52,145.53,1.02,10.56,1.37,8.24,1,0,0,0,0,4,0,33,431.80899999999997,456.8670000000001,943.34,0,0,0,0,0,0,0,3,8.998999999999999,1.88,30,432,953,,32,428.80899999999997,447.86800000000005,887.038,55.89,75.45,76.27,73.82,false,true,1.04,0.69,"單日成交金額低於5,000萬元；營收動能同步衰退；累計營收負成長且當月改善不足"
502,3592,瑞鼎,TWSE,半導體業,不建立部位,保護持有,今天不新增部位；未完成確認前不機械式賣出,下一交易日收盤，確認是否收復防守區,已有部位暫停加碼；若收盤跌破60日EMA約 243.06，且下一交易日仍未收復，先減碼三分之一；若ETF或外資繼續轉弱，再分批降低部位。,50.4,53.1,52.9,85,100,完整,227.5,227,13.97,6.21,5.23,47.33,188.43,8.35,13.24,1.5,6.47,6,0,9,58,55,-14,0,-7.48,61.865,-339.60699999999997,-1951.4959999999999,0,58,55,36,2,1,13079000,-10.357000000000001,-8.030000000000001,15.61,-6,104,1599,,-6.01,14.221999999999998,-386.577,-1942.4540000000002,41.39,35.52,29.72,47.11,true,false,-1.88,1.11,"單日成交金額低於5,000萬元；中期趨勢仍向下；20日趨勢尚未上彎；當下除權息調整價未守20日EMA"
503,2015,豐興,TWSE,鋼鐵工業,不建立部位,保護持有,今天不新增部位；未完成確認前不機械式賣出,下一交易日收盤，確認是否收復防守區,已有部位暫停加碼；若收盤跌破60日EMA約 63.66，且下一交易日仍未收復，先減碼三分之一；若ETF或外資繼續轉弱，再分批降低部位。,58.4,52.9,56.2,85,100,可用,64.8,64.9,5.45,-9.32,9.45,15.81,342.19,2.36,15.12,1.71,5.1,5,0,0,0,-1,120,0,5.12,329.52200000000005,-238.49999999999994,1135.016,0,0,-2,106.687,0,0,0,1,8.865,12.78,3,353,1868,,5.12,328.52200000000005,-245.36499999999995,964.464,55.11,83.07,66,117.23,false,false,0.93,1.73,"單日成交金額低於5,000萬元；累計營收負成長且當月改善不足"
504,4532,瑞智,TWSE,電機機械,不建立部位,保護持有,今天不新增部位；未完成確認前不機械式賣出,下一交易日收盤，確認是否收復防守區,已有部位暫停加碼；若收盤跌破60日EMA約 24.49，且下一交易日仍未收復，先減碼三分之一；若ETF或外資繼續轉弱，再分批降低部位。,50.9,52.6,48.6,85,100,完整,24.1,24.15,13.98,3.21,5.71,63.36,131.61,1.01,12.7,1.1,6.25,2,0,0,0,-44,-86,0,-10,296,597.009,-2296.6459999999997,0,0,-43.771,-49.299,0,0,0,-9,-19.427,18.1,-4,374,-3268,,-11,305,660.207,-1957.234,48.38,67.62,54.54,93.78,false,false,0.08,1.9,"單日成交金額低於5,000萬元；中期趨勢仍向下；20日趨勢尚未上彎"
505,1707,葡萄王,TWSE,生技醫療業,不建立部位,保護持有,今天不新增部位；未完成確認前不機械式賣出,下一交易日收盤，確認是否收復防守區,已有部位暫停加碼；若收盤跌破60日EMA約 94.38，且下一交易日仍未收復，先減碼三分之一；若ETF或外資繼續轉弱，再分批降低部位。,47.6,52.5,65.8,85,100,完整,90.6,90.2,-5.08,-3.01,15.96,22.65,158.79,2.75,11.63,1.3,6.66,1,0,0,0,0,-1,0,-70.259,-274.23999999999995,-569.4159999999999,-882.2129999999997,0,0,0,-73,0,0,0,6.582,-1.592000000000001,14.7,-69,-266,660,,-70.064,-280.82199999999995,-567.824,-814.7539999999999,49.67,69.69,65.61,77.85,false,false,0.39,0.44,"單日成交金額低於5,000萬元；累計營收負成長且當月改善不足；中期趨勢仍向下；20日趨勢尚未上彎；當下除權息調整價未守20日EMA"
506,2401,凌陽,TWSE,半導體業,不建立部位,降低部位,停止加碼；反彈未站回恢復區時分批減碼,每個交易日收盤後，確認是否站回恢復區,已有部位先停止加碼。反彈若仍未站回 27.46，分批降低部位；只有站回且ETF／外資賣壓收斂後才重新評估。,52.6,52.3,53.3,85,100,完整,25.7,25.65,37.59,22.12,9.83,27.75,359.89,0.35,251.5,1.75,,2,0,0,230,210,235,0,-454.877,-2697.571,-6387.595000000001,-12075.385000000004,0,230,210,180,2,0,5784500,38.080000000000005,-29.479999999999997,17.25,-458,-3036,-8173,,-459.955,-2965.651,-6568.115,-11048.043,43.15,25.59,25.66,25.45,false,false,-2.85,0,"單日成交金額低於5,000萬元；中期趨勢仍向下；外資持股5/10日下降，且外資5日賣超；20日趨勢尚未上彎；當下除權息調整價未守20日EMA"
507,1582,信錦,TWSE,電子零組件業,不建立部位,保護持有,今天不新增部位；未完成確認前不機械式賣出,下一交易日收盤，確認是否收復防守區,已有部位暫停加碼；若收盤跌破60日EMA約 78.71，且下一交易日仍未收復，先減碼三分之一；若ETF或外資繼續轉弱，再分批降低部位。,55.2,52.2,50.2,85,100,完整,74.8,75,22.47,-2.28,1.81,43.02,195.59,1.65,22.8,1.43,4.1,1,0,0,0,0,0,0,99.863,122.48699999999998,339.60200000000003,1052.3070000000002,0,0,0,-68,0,0,0,-17.649000000000004,-28.10900000000001,4.79,132,24,800,,112.804,140.136,367.71100000000007,1295.481,52.78,57.21,54.14,63.34,true,false,2,2.61,"單日成交金額低於5,000萬元；單季稅前獲利對營業外貢獻依賴偏高"
508,4933,友輝,TPEX,光電業,不建立部位,優先降低風險,依風險與流動性分批降低部位,風險解除且基本面與趨勢重新確認後,已有部位應優先降低曝險；目前觸發「價格跌破60日EMA且20日趨勢向下」。待事件解除或基本面重新確認後再評估。,44.7,51.8,73.5,85,100,可用,55,55.1,-29.49,-10.51,16.56,25.33,348.18,2.91,7.42,1.14,5.4,1,0,0,0,0,17,0,-21.51,-21.51,-21.51,-21.51,0,0,0,0,0,0,0,-0.51,-0.51,7.77,,,,,-21,-21,-21,-21,45.71,53.91,43.09,75.56,false,false,-0.15,3.77,"單日成交金額低於5,000萬元；營收動能同步衰退；累計營收負成長且當月改善不足；中期趨勢仍向下；外資持股趨勢資料不足或期間有非市場異動；20日趨勢尚未上彎"
509,2838,聯邦銀,TWSE,金融保險業,不建立部位,保護持有,今天不新增部位；未完成確認前不機械式賣出,下一交易日收盤，確認是否收復防守區,已有部位暫停加碼；若收盤跌破60日EMA約 20.42，且下一交易日仍未收復，先減碼三分之一；若ETF或外資繼續轉弱，再分批降低部位。,46.7,51.8,61.6,85,91,可用,20.2,20.3,-22.04,17.83,,91.93,,0.35,14.36,1.09,5.23,3,0,0,0,0,-8,0,-104,64.73500000000003,-398.1869999999999,-11476.848,0,0,0,-165.13400000000001,0,0,0,-65.265,395.115,4.1,-256,87,-8984,,-118,130,-793.3019999999999,-11576.178,45.76,55.63,49.81,67.28,false,false,-0.51,0.75,"單日成交金額低於5,000萬元；中期趨勢仍向下；20日趨勢尚未上彎；當下除權息調整價未守20日EMA"
510,4123,晟德,TPEX,生技醫療業,不建立部位,保護持有,今天不新增部位；未完成確認前不機械式賣出,下一交易日收盤，確認是否收復防守區,已有部位暫停加碼；若收盤跌破60日EMA約 35.48，且下一交易日仍未收復，先減碼三分之一；若ETF或外資繼續轉弱，再分批降低部位。,43.4,51.8,58.5,85,82,可用,32.15,32.1,15.28,18.09,51.98,28.42,184.68,-11.24,24.4,1.43,6.92,1,0,0,0,64,649,0,-461.082,-461.082,-461.082,-461.082,0,0,0,0,0,0,0,1.967,1.967,11.41,,,,,-463.049,-463.049,-463.049,-463.049,32.32,33.47,28.09,44.21,true,false,-5.08,-0.77,"單日成交金額低於5,000萬元；中期趨勢仍向下；外資持股趨勢資料不足或期間有非市場異動；20日趨勢尚未上彎；當下除權息調整價未守20日EMA"
511,9930,中聯資源,TWSE,綠能環保,不建立部位,保護持有,今天不新增部位；未完成確認前不機械式賣出,下一交易日收盤，確認是否收復防守區,已有部位暫停加碼；若收盤跌破60日EMA約 64.76，且下一交易日仍未收復，先減碼三分之一；若ETF或外資繼續轉弱，再分批降低部位。,53.3,51.5,49.4,85,100,完整,63.4,63.7,11.94,-4.23,9.79,43.21,90.16,2.16,14.3,2.54,6.33,2,0,0,0,0,0,0,-12.063,44.293,51.662,141.59199999999998,0,0,0,19,0,0,0,6.698,15.698,2.03,-16,38,368,,-14,37.595,35.964,74.247,49.5,70.49,76.92,57.62,false,true,0.19,0.16,"單日成交金額低於5,000萬元"
512,4585,達明,TWSE,其他電子業,不建立部位,保護持有,今天不新增部位；未完成確認前不機械式賣出,下一交易日收盤，確認是否收復防守區,已有部位暫停加碼；若收盤跌破60日EMA約 308.09，且下一交易日仍未收復，先減碼三分之一；若ETF或外資繼續轉弱，再分批降低部位。,52.3,51.3,55.8,85,100,完整,301.5,301,23.82,13.09,6.71,10.35,340.31,1.83,107.91,4.49,0.33,1,0,1,0,0,-1,0,41.421,-196.921,-182.56699999999998,-178.465,0,-1,-1,-2.374,1,2,-300000,-3.2700000000000005,-4.146000000000001,0.41,35,-125,84,,32,-192.65099999999998,-177.421,-145.101,49.53,27.82,25.98,31.49,true,false,0.1,1.17,"單日成交金額低於5,000萬元；當下除權息調整價未守20日EMA；估值高且成長不足以支撐；單季稅前獲利對營業外貢獻依賴偏高"
513,2646,星宇航空,TWSE,航運業,不建立部位,保護持有,今天不新增部位；未完成確認前不機械式賣出,下一交易日收盤，確認是否收復防守區,已有部位暫停加碼；若收盤跌破60日EMA約 21.09，且下一交易日仍未收復，先減碼三分之一；若ETF或外資繼續轉弱，再分批降低部位。,60.7,51.2,21.9,85,100,完整,21.15,21.2,42.79,31.97,1.81,80.06,79.55,-0.11,,2.06,,2,0,0,0,0,-1803,0,645.82,6764.008000000001,4120.123999999999,5989.741999999999,0,-12,-12,67.696,0,1,-253200,-128.91400000000002,16.20099999999998,3.31,-578,4184,9476,,639.82,6904.9220000000005,4115.923,5698.115,51.67,74.15,66.05,90.37,false,false,0.42,1.2,"單日成交金額低於5,000萬元；20日趨勢尚未上彎"
514,3059,華晶科,TWSE,光電業,不建立部位,保護持有,今天不新增部位；未完成確認前不機械式賣出,下一交易日收盤，確認是否收復防守區,已有部位暫停加碼；若收盤跌破60日EMA約 41.75，且下一交易日仍未收復，先減碼三分之一；若ETF或外資繼續轉弱，再分批降低部位。,51.3,51.2,55.5,85,100,完整,39.8,39.7,4.71,7.04,6.46,35.86,200.37,0.64,30.99,1.18,2.56,2,0,2,2,4,4,0,-241.351,-32.91899999999998,865.754,2935.6979999999994,0,2,4,4,1,0,78100,-72.71800000000002,-113.04400000000001,8.34,-530,-885,2593,,-200.69,37.79900000000001,974.7980000000001,3653.036,44.97,30.8,31.96,28.47,false,false,-0.7,1.4,"單日成交金額低於5,000萬元；中期趨勢仍向下；20日趨勢尚未上彎；當下除權息調整價未守20日EMA"
515,4549,桓達,TPEX,電機機械,不建立部位,保護持有,今天不新增部位；未完成確認前不機械式賣出,下一交易日收盤，確認是否收復防守區,已有部位暫停加碼；若收盤跌破60日EMA約 98.68，且下一交易日仍未收復，先減碼三分之一；若ETF或外資繼續轉弱，再分批降低部位。,52.9,50.9,58.4,85,100,可用,99.8,100.5,-8.94,-8.63,23.7,33.36,475.96,2.28,25.06,3.08,3.14,1,0,0,0,0,6,0,10,10,10,10,0,0,0,0,0,0,0,0,0,3.51,,,,,10,10,10,10,54.95,66.69,75.12,49.84,false,true,2.01,-0.2,"單日成交金額低於5,000萬元；累計營收負成長且當月改善不足；外資持股趨勢資料不足或期間有非市場異動"
516,2543,皇昌,TWSE,建材營造,不建立部位,保護持有,今天不新增部位；未完成確認前不機械式賣出,下一交易日收盤，確認是否收復防守區,已有部位暫停加碼；若收盤跌破60日EMA約 40.84，且下一交易日仍未收復，先減碼三分之一；若ETF或外資繼續轉弱，再分批降低部位。,51.7,50.7,42.6,85,100,完整,38.6,38.6,93.82,60.82,12.32,57.93,101.48,1.34,13.32,2.12,3.97,1,0,0,0,0,-1,0,-23.813,819.626,597.3400000000001,1968.3960000000002,0,-3,-3,-5.493,0,1,-115500,14.826,32.622,1.62,-72,461,1042,,-19.658,807.8,567.7179999999998,1925.0049999999997,48.43,31.04,31.98,29.15,false,false,-0.25,1.31,"單日成交金額低於5,000萬元；當下除權息調整價未守20日EMA"
517,6115,鎰勝,TWSE,電子零組件業,不建立部位,降低部位,停止加碼；反彈未站回恢復區時分批減碼,每個交易日收盤後，確認是否站回恢復區,已有部位先停止加碼。反彈若仍未站回 46.03，分批降低部位；只有站回且ETF／外資賣壓收斂後才重新評估。,39.9,50.4,64.6,85,100,完整,43.95,44.05,11.92,11.81,9.05,40.04,214.74,1.48,12.88,1.61,6.36,1,0,0,0,0,0,0,-148,-240,-313,-579,0,0,0,0,0,0,0,3,15,5.24,-124,-190,-28,,-149,-243,-328,-626,27.95,10.83,17.12,-1.73,false,true,-2.18,-2.12,"單日成交金額低於5,000萬元；中期趨勢仍向下；外資持股5/10日下降，且外資5日賣超；20日趨勢尚未上彎；當下除權息調整價未守20日EMA"
518,2450,神腦,TWSE,通信網路業,不建立部位,降低部位,停止加碼；反彈未站回恢復區時分批減碼,每個交易日收盤後，確認是否站回恢復區,已有部位先停止加碼。反彈若仍未站回 28.81，分批降低部位；只有站回且ETF／外資賣壓收斂後才重新評估。,44.5,50,55.4,85,100,完整,28.3,28.3,13.06,15.51,0.89,42.18,178.91,0.67,17.41,1.17,5.5,1,0,0,0,0,0,0,-1,-37,-197,-463.2,0,0,0,0,0,0,0,2,6,1.18,-1,-37,-300,,-1,-39,-203,-482.2,44.43,46.92,38.04,64.67,false,false,-0.19,0.89,"單日成交金額低於5,000萬元；中期趨勢仍向下；外資持股5/10日下降，且外資5日賣超；20日趨勢尚未上彎；當下除權息調整價未守20日EMA"
519,2206,三陽工業,TWSE,汽車工業,不建立部位,保護持有,今天不新增部位；未完成確認前不機械式賣出,下一交易日收盤，確認是否收復防守區,已有部位暫停加碼；若收盤跌破60日EMA約 62.12，且下一交易日仍未收復，先減碼三分之一；若ETF或外資繼續轉弱，再分批降低部位。,55,49.9,44,85,100,完整,63.2,63.6,-5.94,-5.43,8.71,57.04,142.77,3.14,10.7,1.88,4.79,2,0,0,0,0,-657,0,-245.328,1315.898,1328.7949999999998,1507.1689999999996,0,-8,-8,689.8299999999999,0,1,-511200,0,6.148,8.02,-263,1337,3890,,-244.328,1323.898,1330.647,822.1909999999998,52.9,80.39,78.1,84.97,false,false,0.67,0.64,"單日成交金額低於5,000萬元；累計營收負成長且當月改善不足"
520,1515,力山,TWSE,電機機械,不建立部位,保護持有,今天不新增部位；未完成確認前不機械式賣出,下一交易日收盤，確認是否收復防守區,已有部位暫停加碼；若收盤跌破60日EMA約 31.75，且下一交易日仍未收復，先減碼三分之一；若ETF或外資繼續轉弱，再分批降低部位。,56.1,49.8,34.9,85,100,完整,35.95,36.3,4.61,1.32,-1.26,51.78,96.36,0.12,22.32,1.55,1.8,1,0,0,1,-5,0,0,-194.864,-901.964,-4285.366999999999,-4492.290999999998,0,1,-5,52,1,0,33250,-20.002,-143.27100000000002,3.06,-174,-453,-2459,,-195.889,-882.9620000000001,-4137.0960000000005,-4603.740000000002,58.03,62.81,56.2,76.02,true,false,8.78,14.49,"單日成交金額低於5,000萬元；外資持股5/10日下降，且外資5日賣超；高波動且5日漲幅過大；單季稅前獲利對營業外貢獻依賴偏高"
521,6743,安普新,TWSE,其他電子業,不建立部位,降低部位,停止加碼；反彈未站回恢復區時分批減碼,每個交易日收盤後，確認是否站回恢復區,已有部位先停止加碼。反彈若仍未站回 27.93，分批降低部位；只有站回且ETF／外資賣壓收斂後才重新評估。,47.3,49.7,36.8,85,100,完整,26.95,27.1,50.24,9.62,4.18,75.63,84.26,0,22.88,1.64,11.81,1,0,0,0,-2,-5,0,2,-53.408,-335.212,-103.19499999999998,0,0,-1.89,-3.045,0,0,0,11,5,3.49,-29,-26,-205,,5,-64.408,-338.322,-158.15000000000003,49.41,41.43,25.31,73.68,true,false,1.33,8.45,"單日成交金額低於5,000萬元；中期趨勢仍向下；外資持股5/10日下降，且外資5日賣超；20日趨勢尚未上彎"
522,6189,豐藝,TWSE,電子通路業,不建立部位,保護持有,今天不新增部位；未完成確認前不機械式賣出,下一交易日收盤，確認是否收復防守區,已有部位暫停加碼；若收盤跌破60日EMA約 49.17，且下一交易日仍未收復，先減碼三分之一；若ETF或外資繼續轉弱，再分批降低部位。,49.7,49.6,47.9,85,100,完整,48.5,48.55,5.87,-1.26,4.79,62.16,154.02,2.01,12.06,2.13,5.53,3,0,0,0,-19,-39,0,-27.513,538.342,657.935,1465.6789999999996,0,0,-19,-23.848,0,0,0,8.642,12.122,8.15,14,547,1895,,-27.532,529.7,664.813,1461.896,48.89,56.01,51.23,65.56,true,false,-0.11,2.86,"單日成交金額低於5,000萬元；累計營收負成長且當月改善不足；當下除權息調整價未守20日EMA"
523,6462,神盾,TPEX,半導體業,不建立部位,保護持有,今天不新增部位；未完成確認前不機械式賣出,下一交易日收盤，確認是否收復防守區,已有部位暫停加碼；若收盤跌破60日EMA約 105.59，且下一交易日仍未收復，先減碼三分之一；若ETF或外資繼續轉弱，再分批降低部位。,52.8,49.6,33.8,85,100,可用,100,100,63.86,70.36,-21.7,32.94,114.5,-3.05,,1.23,0,1,0,0,0,-5,0,0,64.432,64.432,64.432,64.432,0,0,0,0,0,0,0,-0.568,-0.568,11.61,,,,,65,65,65,65,48.55,40.59,37.26,47.26,true,false,0.29,3.09,"單日成交金額低於5,000萬元；外資持股趨勢資料不足或期間有非市場異動"
524,1227,佳格,TWSE,食品工業,不建立部位,保護持有,今天不新增部位；未完成確認前不機械式賣出,下一交易日收盤，確認是否收復防守區,已有部位暫停加碼；若收盤跌破60日EMA約 29.20，且下一交易日仍未收復，先減碼三分之一；若ETF或外資繼續轉弱，再分批降低部位。,46.4,49.5,50.5,85,85,完整,28.9,28.95,7.74,6.86,4.15,40.08,164.89,0.8,17.92,1.43,4.64,1,0,0,0,0,2,0,-88.556,500.46799999999996,-631.6200000000001,-784.913,0,-6,-6,-7.695,0,1,-173100,5.806000000000001,-7.173,7.24,-182,28,2428,,-90.509,500.662,-618.447,-822.948,46.46,50.19,54.7,41.15,false,true,-0.57,0,"單日成交金額低於5,000萬元；中期趨勢仍向下；20日趨勢尚未上彎；當下除權息調整價未守20日EMA"
525,8411,福貞-KY,TWSE,其他,不建立部位,保護持有,今天不新增部位；未完成確認前不機械式賣出,下一交易日收盤，確認是否收復防守區,已有部位暫停加碼；若收盤跌破60日EMA約 12.67，且下一交易日仍未收復，先減碼三分之一；若ETF或外資繼續轉弱，再分批降低部位。,54.6,49.5,24.6,85,56,不足,12.85,12.8,28.17,20.63,,,,,127,0.46,0.79,1,0,0,0,1,5,0,2,11,74,283,0,0,0,0,0,0,0,0,1,53.98,2,11,328,,2,11,73,241,50.29,42.41,41.56,44.11,true,true,-0.16,0,"資料健康度低於65%門檻；單日成交金額低於5,000萬元；20日趨勢尚未上彎；當下除權息調整價未守20日EMA"
526,1434,福懋,TWSE,紡織纖維,不建立部位,保護持有,今天不新增部位；未完成確認前不機械式賣出,下一交易日收盤，確認是否收復防守區,已有部位暫停加碼；若收盤跌破60日EMA約 17.53，且下一交易日仍未收復，先減碼三分之一；若ETF或外資繼續轉弱，再分批降低部位。,56.4,49.3,50.6,85,85,完整,17.9,17.9,-1.54,-4.42,2.41,24.34,260.28,0.5,19.24,0.61,2.82,1,0,0,0,0,4,0,-9.146,2437.3410000000003,2453.106,3287.282,0,-9,-9,-12.808,0,1,-159300,-0.25,32.039,8.26,-1,2398,2185,,-10.952,2446.5910000000003,2430.0670000000005,3231.9960000000015,52.84,52.76,55.64,47,false,true,0.91,2.29,"單日成交金額低於5,000萬元；累計營收負成長且當月改善不足；20日趨勢尚未上彎；單季稅前獲利對營業外貢獻依賴偏高"
527,4746,台耀,TWSE,生技醫療業,不建立部位,保護持有,今天不新增部位；未完成確認前不機械式賣出,下一交易日收盤，確認是否收復防守區,已有部位暫停加碼；若收盤跌破60日EMA約 52.50，且下一交易日仍未收復，先減碼三分之一；若ETF或外資繼續轉弱，再分批降低部位。,47.8,48.7,58,85,100,完整,49.2,49.35,3.14,-7.23,10.89,40.35,186.2,0.04,12.39,0.79,6.12,2,0,136,291,291,291,291,-442,-405.31900000000013,-1291.2920000000004,-329.7830000000003,0,291,291,291,2,0,14273550,0.44400000000000006,-21.406,7.84,-448,-725,-1997,,-442,-696.763,-1560.8859999999997,-694.1759999999997,37.76,17.85,29.32,-5.11,false,true,-5.24,-5.38,"單日成交金額低於5,000萬元；累計營收負成長且當月改善不足；外資持股5/10日下降，且外資5日賣超；當下除權息調整價未守20日EMA"
528,5234,達興材料,TWSE,光電業,不建立部位,降低部位,停止加碼；反彈未站回恢復區時分批減碼,每個交易日收盤後，確認是否站回恢復區,已有部位先停止加碼。反彈若仍未站回 347.38，分批降低部位；只有站回且ETF／外資賣壓收斂後才重新評估。,44.3,48.7,60.1,85,100,完整,300,300,11.51,10.23,20.09,31.51,235.6,4.44,35.68,9.26,2.17,3,1,1,1,0,-1,0,-36.904,-347.80499999999995,-475.04999999999995,-951.1169999999998,-4,-25,-33,-37.559,0,3,-7475000,-11.864,-59.33500000000001,8.48,-60,-413,-1068,,-29.829,-310.94100000000003,-382.71500000000003,-813.462,36.17,12.16,16.71,3.06,false,false,-5.2,1.87,"單日成交金額低於5,000萬元；中期趨勢仍向下；外資持股5/10日下降，且外資5日賣超；20日趨勢尚未上彎；當下除權息調整價未守20日EMA"
529,3060,銘異,TWSE,電腦及週邊設備業,不建立部位,降低部位,停止加碼；反彈未站回恢復區時分批減碼,每個交易日收盤後，確認是否站回恢復區,已有部位先停止加碼。反彈若仍未站回 30.06，分批降低部位；只有站回且ETF／外資賣壓收斂後才重新評估。,45.2,48.5,51.1,85,100,完整,27.35,27.35,36.44,19.99,4.73,40.82,202.51,0.68,40.52,1.36,0.74,1,0,0,1,-5,-1,0,-243.545,-705.17,-727.757,-4212.607,0,1,-5,49,1,0,27150,-12.742,-1.9880000000000013,11.52,-231,-801,-5436,,-233.104,-693.428,-720.769,-4261.638999999999,39.06,21.84,22.96,19.61,false,false,-3.45,-0.73,"單日成交金額低於5,000萬元；中期趨勢仍向下；外資持股5/10日下降，且外資5日賣超；20日趨勢尚未上彎；當下除權息調整價未守20日EMA"
530,2373,震旦行,TWSE,其他電子業,不建立部位,保護持有,今天不新增部位；未完成確認前不機械式賣出,下一交易日收盤，確認是否收復防守區,已有部位暫停加碼；若收盤跌破60日EMA約 54.66，且下一交易日仍未收復，先減碼三分之一；若ETF或外資繼續轉弱，再分批降低部位。,45.1,48.4,52.9,85,100,完整,53.6,53.6,-3.53,-2.63,5.2,51.07,134.22,1.63,14.28,1.62,6.93,1,0,0,0,0,0,0,6,17,-4.02,60.980000000000004,0,0,0,0,0,0,0,0,4,1.4,6,17,98,,6,17,-8.02,47.980000000000004,47.65,45.52,33.6,69.35,false,false,0.12,1.13,"單日成交金額低於5,000萬元；累計營收負成長且當月改善不足；中期趨勢仍向下；20日趨勢尚未上彎"
531,2477,美隆電,TWSE,其他電子業,不建立部位,保護持有,今天不新增部位；未完成確認前不機械式賣出,下一交易日收盤，確認是否收復防守區,已有部位暫停加碼；若收盤跌破60日EMA約 21.55，且下一交易日仍未收復，先減碼三分之一；若ETF或外資繼續轉弱，再分批降低部位。,44.6,48.3,52.1,85,100,完整,20.85,20.9,34.11,-1.03,0.92,49.41,199.41,0.17,23.41,0.8,6.8,1,0,0,0,-2,-4,0,-11,-66,-277.842,-81.75399999999999,0,0,-1.746,-2.8129999999999997,0,0,0,3,9,23.73,-11,-61,460,,-12,-69,-285.096,-90.941,42.68,17.45,16.89,18.58,true,false,-1.52,0,"單日成交金額低於5,000萬元；中期趨勢仍向下；20日趨勢尚未上彎；當下除權息調整價未守20日EMA；單季稅前獲利對營業外貢獻依賴偏高"
532,8069,元太,TPEX,光電業,不建立部位,優先降低風險,依風險與流動性分批降低部位,風險解除且基本面與趨勢重新確認後,已有部位應優先降低曝險；目前觸發「價格跌破60日EMA且20日趨勢向下」。待事件解除或基本面重新確認後再評估。,45.6,48.3,62.5,85,100,可用,161,160,-26.18,-3.79,33.72,36.32,154.89,5.65,15.42,2.42,3.71,12,-12,-12,21,149,353,0,-525.844,-525.844,-525.844,-525.844,-12.537,-12.537,-12.537,-12.537,0,1,-1987115,16.066,16.066,40.04,,,,,-529.373,-529.373,-529.373,-529.373,37.89,35.34,28.32,49.37,false,false,-5.42,0,營收動能同步衰退；累計營收負成長且當月改善不足；中期趨勢仍向下；ETF 1/3日已轉為減碼；外資持股趨勢資料不足或期間有非市場異動；20日趨勢尚未上彎；當下除權息調整價未守20日EMA
533,2849,安泰銀,TWSE,金融保險業,不建立部位,保護持有,今天不新增部位；未完成確認前不機械式賣出,下一交易日收盤，確認是否收復防守區,已有部位暫停加碼；若收盤跌破60日EMA約 14.44，且下一交易日仍未收復，先減碼三分之一；若ETF或外資繼續轉弱，再分批降低部位。,54.7,47.9,24.2,85,68,最低門檻,14.5,14.6,11.12,19.62,,,,,16.57,0.76,3.58,1,0,0,0,0,4,0,-27,16,-131.1,745.7090000000001,0,0,0,3.769,0,0,0,-34,-89.1,59.02,-32,50,1459,,-32,50,-42,690.04,49.46,58.93,46.9,82.99,false,false,0,3.2,"單日成交金額低於5,000萬元；20日趨勢尚未上彎"
534,6281,全國電,TWSE,電子通路業,不建立部位,保護持有,今天不新增部位；未完成確認前不機械式賣出,下一交易日收盤，確認是否收復防守區,已有部位暫停加碼；若收盤跌破60日EMA約 51.80，且下一交易日仍未收復，先減碼三分之一；若ETF或外資繼續轉弱，再分批降低部位。,45,47.6,44.4,85,100,完整,51.5,51.5,4.3,-0.66,2.85,72.06,130.4,2.26,13.86,1.84,6.38,1,0,0,0,0,0,0,-1,-5,10,2.3220000000000027,0,0,0,0,0,0,0,0,1,2.71,-1,-5,194,,-1,-5,9,-5.677999999999997,48.77,70.55,65.65,80.36,false,false,-0.14,0.78,"單日成交金額低於5,000萬元；累計營收負成長且當月改善不足；中期趨勢仍向下；20日趨勢尚未上彎；當下除權息調整價未守20日EMA"
535,6962,奕力-KY,TWSE,半導體業,不建立部位,保護持有,今天不新增部位；未完成確認前不機械式賣出,下一交易日收盤，確認是否收復防守區,已有部位暫停加碼；若收盤跌破60日EMA約 33.56，且下一交易日仍未收復，先減碼三分之一；若ETF或外資繼續轉弱，再分批降低部位。,49.3,47.6,55.1,85,100,完整,31.75,31.7,23.91,-1.43,-1.55,22.41,239.24,0.61,21.4,0.77,3.2,1,0,0,250,245,250,0,-365.09,133.07400000000004,-2559.461,-5403.0109999999995,0,250,245,233,2,0,7812500,-9.111,-84.74499999999999,39.08,-458,269,-1717,,-364,-107.815,-2719.7160000000003,-5515.314,47.31,45.88,35.95,65.74,true,false,-0.24,3.59,"單日成交金額低於5,000萬元；中期趨勢仍向下；20日趨勢尚未上彎；當下除權息調整價未守20日EMA；官方重大訊息出現高風險關鍵字，須查原文；單季稅前獲利對營業外貢獻依賴偏高"
536,8163,達方,TWSE,電腦及週邊設備業,不建立部位,保護持有,今天不新增部位；未完成確認前不機械式賣出,下一交易日收盤，確認是否收復防守區,已有部位暫停加碼；若收盤跌破60日EMA約 33.52，且下一交易日仍未收復，先減碼三分之一；若ETF或外資繼續轉弱，再分批降低部位。,48.9,47.6,38.5,85,100,完整,31.25,31.3,16.17,10.35,1.68,61.95,138.69,0.51,51.58,0.79,1.62,1,0,0,0,0,0,0,-0.358,174.316,731.708,-923.506,0,0,0,0,0,0,0,14.363999999999999,26.552,9.31,-25,174,-722,,1,159.952,705.156,-672.9120000000003,42.75,33.42,33.03,34.21,true,false,-1.28,0.48,"單日成交金額低於5,000萬元；當下除權息調整價未守20日EMA"
537,3558,神準,TPEX,通信網路業,不建立部位,保護持有,今天不新增部位；未完成確認前不機械式賣出,下一交易日收盤，確認是否收復防守區,已有部位暫停加碼；若收盤跌破60日EMA約 128.73，且下一交易日仍未收復，先減碼三分之一；若ETF或外資繼續轉弱，再分批降低部位。,55.9,47.5,33.3,85,100,可用,130,130,3.17,-14.05,1.15,56.65,127.18,0.81,58.64,1.24,2.39,1,0,0,0,0,6,0,29.221,29.221,29.221,29.221,0,0,0,0,0,0,0,-1.779,-1.779,3.01,,,,,31,31,31,31,53.2,45.79,38.33,60.7,true,false,1.85,5.26,"單日成交金額低於5,000萬元；累計營收負成長且當月改善不足；外資持股趨勢資料不足或期間有非市場異動；2日內除權息，等待價格重置"
538,2923,鼎固-KY,TWSE,建材營造,不建立部位,保護持有,今天不新增部位；未完成確認前不機械式賣出,下一交易日收盤，確認是否收復防守區,已有部位暫停加碼；若收盤跌破60日EMA約 27.68，且下一交易日仍未收復，先減碼三分之一；若ETF或外資繼續轉弱，再分批降低部位。,46.4,47.1,45.8,85,100,完整,27.1,27.1,75.3,151.74,14.07,58.69,288.95,-0.11,,0.93,0.49,1,0,0,0,0,-26,0,-8,-32,-159.18200000000002,462.066,0,0,0,-25.583,0,0,0,-1.9999999999999982,-2.1129999999999995,99.51,-35,-30,742,,-35,-30,-157.06899999999996,474.25200000000007,48.4,46.85,31.3,77.94,false,false,-0.14,18.34,"單日成交金額低於5,000萬元；中期趨勢仍向下；20日趨勢尚未上彎；當下除權息調整價未守20日EMA；高波動且5日漲幅過大"
539,6890,來億-KY,TWSE,運動休閒,不建立部位,保護持有,今天不新增部位；未完成確認前不機械式賣出,下一交易日收盤，確認是否收復防守區,已有部位暫停加碼；若收盤跌破60日EMA約 180.40，且下一交易日仍未收復，先減碼三分之一；若ETF或外資繼續轉弱，再分批降低部位。,46.9,47.1,54.5,85,100,完整,175,175,8.06,-12.03,7.73,31.24,364.73,4.53,15.34,1.71,5.62,2,0,0,0,0,-81,0,-42.702,-216.689,-616.482,254.175,0,-3,-3,119.488,0,1,-478500,-5.566,-75.139,86.23,-51,-220,660,,-40.671,-208.123,-538.3430000000001,273.0669999999999,52.33,35.79,26.51,54.36,true,false,3.43,9.03,"單日成交金額低於5,000萬元；累計營收負成長且當月改善不足；中期趨勢仍向下；20日趨勢尚未上彎；官方重大訊息出現高風險關鍵字，須查原文"
540,6768,志強-KY,TWSE,運動休閒,不建立部位,保護持有,今天不新增部位；未完成確認前不機械式賣出,下一交易日收盤，確認是否收復防守區,已有部位暫停加碼；若收盤跌破60日EMA約 72.72，且下一交易日仍未收復，先減碼三分之一；若ETF或外資繼續轉弱，再分批降低部位。,42.1,46.8,58.5,85,100,完整,65.5,65.6,6.64,-3.2,5.93,38.72,218.82,2.67,13.17,0.89,7.85,1,0,0,0,-14,-763,0,58.61,674.1460000000001,-362.0229999999999,297.45200000000006,0,-134,-148,-1124,0,2,-8803800,0.10999999999999993,-1.294,58.23,60,826,2331,,59,808.0360000000001,-212.72899999999993,1431.9740000000002,39.69,53.85,43.38,74.79,false,false,-1.75,2.18,"單日成交金額低於5,000萬元；累計營收負成長且當月改善不足；中期趨勢仍向下；20日趨勢尚未上彎；當下除權息調整價未守20日EMA"
541,8938,明安,TPEX,運動休閒,不建立部位,保護持有,今天不新增部位；未完成確認前不機械式賣出,下一交易日收盤，確認是否收復防守區,已有部位暫停加碼；若收盤跌破60日EMA約 54.40，且下一交易日仍未收復，先減碼三分之一；若ETF或外資繼續轉弱，再分批降低部位。,38,46.7,58.8,85,100,可用,51.9,52,15.6,-5.08,3,40.38,202.65,1.34,9.89,1.04,7.71,1,0,0,0,-1,-4,0,-5.086,-5.086,-5.086,-5.086,0,0,0,0,0,0,0,-0.289,-0.289,6.38,,,,,-4.797,-4.797,-4.797,-4.797,32.7,29.3,31.26,25.4,false,true,-1.97,-1.52,"單日成交金額低於5,000萬元；中期趨勢仍向下；外資持股趨勢資料不足或期間有非市場異動；20日趨勢尚未上彎；當下除權息調整價未守20日EMA"
542,1537,廣隆,TWSE,電機機械,不建立部位,降低部位,停止加碼；反彈未站回恢復區時分批減碼,每個交易日收盤後，確認是否站回恢復區,已有部位先停止加碼。反彈若仍未站回 125.12，分批降低部位；只有站回且ETF／外資賣壓收斂後才重新評估。,42.2,46.2,59.9,85,100,完整,119.5,119.5,7.08,1.6,11.23,32.26,319,4.01,14.45,2.32,6.03,2,0,0,0,51,51,0,-7,-325.664,-623.623,-534.41,0,0,51,52,0,0,0,-118.664,-117.664,15.35,-19,-253,-393,,-7,-207,-556.9590000000001,-467.595,27.08,11.29,21.77,-9.66,false,false,-3.43,-1.24,"單日成交金額低於5,000萬元；中期趨勢仍向下；外資持股5/10日下降，且外資5日賣超；20日趨勢尚未上彎；當下除權息調整價未守20日EMA"
543,2331,精英,TWSE,電腦及週邊設備業,不建立部位,保護持有,今天不新增部位；未完成確認前不機械式賣出,下一交易日收盤，確認是否收復防守區,已有部位暫停加碼；若收盤跌破60日EMA約 20.25，且下一交易日仍未收復，先減碼三分之一；若ETF或外資繼續轉弱，再分批降低部位。,49.6,46,39.9,85,100,完整,19.7,19.75,-13.43,14.75,0.32,49.75,146.68,0.53,19.36,1.01,,1,0,0,0,0,0,0,-76.463,-418.02099999999996,-998.0100000000003,-944.1260000000003,0,0,0,-137,0,0,0,28.332,118.265,5.89,-92,-234,1736,,-93.812,-446.353,-1116.2750000000003,-851.0860000000004,49.87,31.9,38.63,18.45,false,false,0.22,1.03,"單日成交金額低於5,000萬元；單季稅前獲利對營業外貢獻依賴偏高"
544,6719,力智,TWSE,半導體業,不建立部位,優先降低風險,依風險與流動性分批降低部位,風險解除且基本面與趨勢重新確認後,已有部位應優先降低曝險；目前觸發「價格跌破60日EMA且20日趨勢向下」。待事件解除或基本面重新確認後再評估。,45.8,46,64.4,85,100,完整,194.5,195,-15.47,-6.28,17.85,18.57,987.87,4.2,21.62,1.44,2.4,2,0,0,50,50,50,0,-52.594,-349.019,-680.232,-88.20699999999982,0,49,49,39,1,0,9408000,-13.855999999999998,-82.691,6.42,-21,-324,-1203,,-41.718,-384.163,-646.541,212.51699999999994,38.26,20.68,19.13,23.76,true,false,-4.78,-1.02,營收動能同步衰退；累計營收負成長且當月改善不足；中期趨勢仍向下；外資持股5/10日下降，且外資5日賣超；20日趨勢尚未上彎；當下除權息調整價未守20日EMA
545,4968,立積,TWSE,半導體業,不建立部位,保護持有,今天不新增部位；未完成確認前不機械式賣出,下一交易日收盤，確認是否收復防守區,已有部位暫停加碼；若收盤跌破60日EMA約 101.46，且下一交易日仍未收復，先減碼三分之一；若ETF或外資繼續轉弱，再分批降低部位。,49.8,45.9,54.2,85,100,完整,93.1,93.2,-1.63,3.65,3.27,25.03,385.26,1,24.24,3.07,1.78,2,0,0,15,15,15,0,3.805,2.257000000000005,-275.838,-1405.161,0,15,15,-4,1,0,1345500,-32.905,-81.49400000000001,4.43,-1,271,495,,12,20.161999999999992,-209.344,-1242.923,44.52,36.16,28.08,52.31,true,false,-1.05,4.26,"單日成交金額低於5,000萬元；中期趨勢仍向下；20日趨勢尚未上彎；當下除權息調整價未守20日EMA"
546,1447,力鵬,TWSE,紡織纖維,不建立部位,降低部位,停止加碼；反彈未站回恢復區時分批減碼,每個交易日收盤後，確認是否站回恢復區,已有部位先停止加碼。反彈若仍未站回 7.04，分批降低部位；只有站回且ETF／外資賣壓收斂後才重新評估。,46.8,45.4,34.1,85,100,完整,6.91,6.94,21.3,11.53,0.28,47.59,124.93,0.12,,0.71,,1,0,0,4,-22,-1,0,-51.679,-428.6160000000001,-320.5960000000001,-863.3009999999999,0,4,-22,114,1,0,27400,-73,-76,3.1,-53,-360,-2202,,-52.679,-359.6160000000001,-222.59600000000012,-960.829,45.89,31.58,34.33,26.07,false,true,-1.8,1.77,"單日成交金額低於5,000萬元；中期趨勢仍向下；外資持股5/10日下降，且外資5日賣超；20日趨勢尚未上彎；當下除權息調整價未守20日EMA；單季稅前獲利對營業外貢獻依賴偏高"
547,1440,南紡,TWSE,紡織纖維,不建立部位,保護持有,今天不新增部位；未完成確認前不機械式賣出,下一交易日收盤，確認是否收復防守區,已有部位暫停加碼；若收盤跌破60日EMA約 13.16，且下一交易日仍未收復，先減碼三分之一；若ETF或外資繼續轉弱，再分批降低部位。,56.5,45.3,33.9,85,85,完整,13.7,13.75,16.29,-12.73,-1.69,37.31,136.81,0.14,450,0.78,2.22,1,0,0,0,0,4,0,152.961,1707.7930000000001,4133.325000000001,8401.902,0,0,0,-9.057,0,0,0,-125.743,-215.21699999999998,7.58,145,1652,4764,,156.619,1833.536,4348.542,8210.426,58.34,52.32,61.11,34.75,false,true,2.65,2.62,"單日成交金額低於5,000萬元；估值高且成長不足以支撐；單季稅前獲利對營業外貢獻依賴偏高"
548,4502,健信,TPEX,電機機械,不建立部位,保護持有,今天不新增部位；未完成確認前不機械式賣出,下一交易日收盤，確認是否收復防守區,已有部位暫停加碼；若收盤跌破60日EMA約 15.73，且下一交易日仍未收復，先減碼三分之一；若ETF或外資繼續轉弱，再分批降低部位。,42,45.2,32.8,85,70,可用,15.55,15.68,48.21,29.79,-0.63,77.55,94.31,0.2,,1.64,0,1,0,0,0,1,3,0,-1.967,-1.967,-1.967,-1.967,0,0,0,0,0,0,0,0.033,0.033,4.1,,,,,-2,-2,-2,-2,34.25,63.54,72.92,44.77,true,true,-0.89,-0.96,"單日成交金額低於5,000萬元；中期趨勢仍向下；外資持股趨勢資料不足或期間有非市場異動；20日趨勢尚未上彎；當下除權息調整價未守20日EMA；單季稅前獲利對營業外貢獻依賴偏高"
549,6971,惠民實業,TPEX,綠能環保,不建立部位,優先降低風險,依風險與流動性分批降低部位,風險解除且基本面與趨勢重新確認後,已有部位應優先降低曝險；目前觸發「價格跌破60日EMA且20日趨勢向下」。待事件解除或基本面重新確認後再評估。,46.8,44.7,42.1,85,70,可用,26.4,26.33,-25.15,-11.45,5.63,71.93,119.54,0.82,11.37,1.16,5.74,1,0,0,0,1,3,0,1,1,1,1,0,0,0,0,0,0,0,0,0,0.33,,,,,1,1,1,1,55.53,75.32,67.78,90.4,false,false,1.35,1.93,"單日成交金額低於5,000萬元；營收動能同步衰退；累計營收負成長且當月改善不足；中期趨勢仍向下；外資持股趨勢資料不足或期間有非市場異動；20日趨勢尚未上彎"
550,5309,系統電,TPEX,電子零組件業,不建立部位,保護持有,今天不新增部位；未完成確認前不機械式賣出,下一交易日收盤，確認是否收復防守區,已有部位暫停加碼；若收盤跌破60日EMA約 57.50，且下一交易日仍未收復，先減碼三分之一；若ETF或外資繼續轉弱，再分批降低部位。,46.1,43.8,47.3,85,100,可用,53,53.2,29.2,6.98,-5.41,32.97,447.01,0.06,307.06,2.27,0.96,1,0,0,0,-6,0,0,23.403,23.403,23.403,23.403,0,0,0,0,0,0,0,-17.476,-17.476,10.67,,,,,40.879,40.879,40.879,40.879,45.63,34.58,35.66,32.41,false,false,-0.86,0.57,"單日成交金額低於5,000萬元；外資持股趨勢資料不足或期間有非市場異動；當下除權息調整價未守20日EMA"
551,2243,宏旭-KY,TWSE,汽車工業,不建立部位,降低部位,停止加碼；反彈未站回恢復區時分批減碼,每個交易日收盤後，確認是否站回恢復區,已有部位先停止加碼。反彈若仍未站回 41.91，分批降低部位；只有站回且ETF／外資賣壓收斂後才重新評估。,44.2,43.8,34.2,85,91,可用,41.15,41.4,-8.57,25.9,7.78,72.47,125.51,0.66,16.49,3.2,,1,0,0,0,-2,0,0,-54,-182.091,-312.75900000000007,-701.836,0,0,-2,-9,0,0,0,0,19.652,28.07,-54,-169,-1609,,-55,-182.091,-330.41100000000006,-726.488,44.06,38.58,28.31,59.12,false,false,-1.81,2.88,"單日成交金額低於5,000萬元；中期趨勢仍向下；外資持股5/10日下降，且外資5日賣超；20日趨勢尚未上彎；當下除權息調整價未守20日EMA"
552,6790,永豐實,TWSE,造紙工業,不建立部位,保護持有,今天不新增部位；未完成確認前不機械式賣出,下一交易日收盤，確認是否收復防守區,已有部位暫停加碼；若收盤跌破60日EMA約 38.92，且下一交易日仍未收復，先減碼三分之一；若ETF或外資繼續轉弱，再分批降低部位。,41.6,43.6,47.3,85,100,完整,38.15,38.15,-7.89,-2.2,8.88,48.59,152.4,1.52,12.32,1.81,6.98,1,0,0,0,-1,0,0,8.8,56.965,-252.721,220.65500000000003,0,0,-1,40,0,0,0,0.324,3.8620000000000005,1.9,11,62,427,,9,56.641,-255.583,164.39800000000005,44.69,49.9,46.61,56.48,false,false,-0.38,0.93,"單日成交金額低於5,000萬元；累計營收負成長且當月改善不足；中期趨勢仍向下；20日趨勢尚未上彎；當下除權息調整價未守20日EMA"
553,3376,新日興,TWSE,電子零組件業,不建立部位,優先降低風險,依風險與流動性分批降低部位,風險解除且基本面與趨勢重新確認後,已有部位應優先降低曝險；目前觸發「外資持股5/10日下降且外資5日賣超」。待事件解除或基本面重新確認後再評估。,59,43.5,39.5,85,100,完整,194,194,-10.26,-12.84,-1.84,27.54,220.84,0.47,130.34,2.24,2.12,3,0,1,1,1,-1,0,-147.889,-828.58,225.47800000000007,-1229.115,0,-1,-1,-582.663,1,1,-189000,-271.64700000000005,109.86299999999991,13.89,-512,-1158,-470,,-122.571,-555.933,116.61499999999995,-1056.3090000000002,56.01,57.95,52.66,68.52,true,false,3.43,4.02,營收動能同步衰退；累計營收負成長且當月改善不足；外資持股5/10日下降，且外資5日賣超；估值高且成長不足以支撐；單季稅前獲利對營業外貢獻依賴偏高
554,6203,海韻電,TPEX,電子零組件業,不建立部位,優先降低風險,依風險與流動性分批降低部位,風險解除且基本面與趨勢重新確認後,已有部位應優先降低曝險；目前觸發「價格跌破60日EMA且20日趨勢向下」。待事件解除或基本面重新確認後再評估。,35.4,43.5,71.4,85,100,可用,59.7,59.7,-37.17,-30.06,11.15,23.84,383.27,1.89,9.12,1.68,6.68,1,0,0,0,0,20,0,-5,-5,-5,-5,0,0,0,0,0,0,0,0,0,2.82,,,,,-5,-5,-5,-5,30.99,15.03,16.8,11.49,false,true,-2.5,-1,"單日成交金額低於5,000萬元；營收動能同步衰退；累計營收負成長且當月改善不足；中期趨勢仍向下；外資持股趨勢資料不足或期間有非市場異動；20日趨勢尚未上彎；當下除權息調整價未守20日EMA"
555,6469,大樹,TPEX,生技醫療業,不建立部位,保護持有,今天不新增部位；未完成確認前不機械式賣出,下一交易日收盤，確認是否收復防守區,已有部位暫停加碼；若收盤跌破60日EMA約 73.75，且下一交易日仍未收復，先減碼三分之一；若ETF或外資繼續轉弱，再分批降低部位。,43.1,43.5,37.6,85,82,可用,68.9,68.9,5.77,1.86,2.34,73.33,149.2,1.57,19.94,2.81,5.48,1,0,0,0,0,327,0,-112.027,-112.027,-112.027,-112.027,0,0,0,0,0,0,0,-0.027,-0.027,4.55,,,,,-112,-112,-112,-112,37.36,44,38.93,54.14,false,false,-2.79,1.47,"單日成交金額低於5,000萬元；中期趨勢仍向下；外資持股趨勢資料不足或期間有非市場異動；20日趨勢尚未上彎；當下除權息調整價未守20日EMA"
556,6120,達運,TWSE,光電業,不建立部位,優先降低風險,依風險與流動性分批降低部位,風險解除且基本面與趨勢重新確認後,已有部位應優先降低曝險；目前觸發「外資持股5/10日下降且外資5日賣超」。待事件解除或基本面重新確認後再評估。,44.5,43.2,50.9,85,100,完整,12.7,12.6,-13.71,-4.91,-3.57,43,214.38,1.42,9.19,0.75,2,1,0,0,0,-20,65,0,-459.383,-548.9319999999999,-1187.801,-8133.425000000001,0,0,-20,15,0,0,0,42.251999999999995,189.56,8.69,-435,-637,-4780,,-460,-591.184,-1357.3609999999999,-8490.548,45.81,31.8,24.95,45.51,true,false,-1,1.2,"單日成交金額低於5,000萬元；營收動能同步衰退；累計營收負成長且當月改善不足；外資持股5/10日下降，且外資5日賣超；當下除權息調整價未守20日EMA；單季稅前獲利對營業外貢獻依賴偏高"
557,5903,全家,TPEX,居家生活,不建立部位,保護持有,今天不新增部位；未完成確認前不機械式賣出,下一交易日收盤，確認是否收復防守區,已有部位暫停加碼；若收盤跌破60日EMA約 187.35，且下一交易日仍未收復，先減碼三分之一；若ETF或外資繼續轉弱，再分批降低部位。,43.8,43.1,28.2,85,100,可用,185.5,185.5,4.92,7.59,1.5,87.84,47.87,3.69,23.63,4.72,3.5,1,0,0,0,0,-5,0,1,1,1,1,0,0,0,0,0,0,0,0,0,50.98,,,,,1,1,1,1,44.81,59.06,55.91,65.36,false,false,-0.21,0.27,"單日成交金額低於5,000萬元；中期趨勢仍向下；外資持股趨勢資料不足或期間有非市場異動；20日趨勢尚未上彎；當下除權息調整價未守20日EMA"
558,6412,群電,TWSE,電子零組件業,不建立部位,優先降低風險,依風險與流動性分批降低部位,風險解除且基本面與趨勢重新確認後,已有部位應優先降低曝險；目前觸發「價格跌破60日EMA且20日趨勢向下」。待事件解除或基本面重新確認後再評估。,47.5,42.7,44,85,100,完整,78.1,78,-12.99,-8.41,3.27,55.91,141.5,3.04,12.78,2.01,4.77,5,2,4,4,5,15,0,-12.554,247.97199999999998,92.71200000000002,-3311.2760000000003,2,4,5,10.366,2,0,310400,-14.109,-109.55,5.28,-57,-31,-1445,,-13.95,258.081,197.262,-2847.91,43.2,41.61,38.72,47.4,true,false,-1.2,1.43,"單日成交金額低於5,000萬元；營收動能同步衰退；累計營收負成長且當月改善不足；中期趨勢仍向下；ETF加碼，但外資持股5/10日同步下降；20日趨勢尚未上彎；當下除權息調整價未守20日EMA；單季稅前獲利對營業外貢獻依賴偏高"
559,3078,僑威,TPEX,電子零組件業,不建立部位,優先降低風險,依風險與流動性分批降低部位,風險解除且基本面與趨勢重新確認後,已有部位應優先降低曝險；目前觸發「單月與累計營收同步明顯衰退」。待事件解除或基本面重新確認後再評估。,43.4,42.6,59.1,85,100,可用,52.9,52.9,-49.57,-46.65,6.99,35.08,273.61,1.02,14.72,1.76,7.55,3,0,0,1,-3,29,0,-267.284,-267.284,-267.284,-267.284,0,0,0,0,0,0,0,-1.824,-1.824,12.25,,,,,-265.46,-265.46,-265.46,-265.46,46.87,34.55,43.55,16.56,false,true,-0.81,-0.38,"單日成交金額低於5,000萬元；營收動能同步衰退；累計營收負成長且當月改善不足；外資持股趨勢資料不足或期間有非市場異動；當下除權息調整價未守20日EMA"
560,9907,統一實,TWSE,其他,不建立部位,保護持有,今天不新增部位；未完成確認前不機械式賣出,下一交易日收盤，確認是否收復防守區,已有部位暫停加碼；若收盤跌破60日EMA約 15.49，且下一交易日仍未收復，先減碼三分之一；若ETF或外資繼續轉弱，再分批降低部位。,52.9,42.6,45.5,85,100,完整,15.35,15.35,-1.73,-11.15,4.31,38.72,173.59,0.35,16.16,1.16,7.69,4,0,0,0,-64,-2385,0,969.007,5000.027,5843.252999999999,10138.661,0,0,-63.769,-3702.751,0,0,0,24,-2.0799999999999983,15.75,983,4739,14058,,967.007,4976.027,5909.101999999999,13686.491999999998,58.43,89.08,82.56,102.13,false,false,1.69,1.99,"單日成交金額低於5,000萬元；累計營收負成長且當月改善不足"
561,6762,達亞,TPEX,生技醫療業,不建立部位,保護持有,今天不新增部位；未完成確認前不機械式賣出,下一交易日收盤，確認是否收復防守區,已有部位暫停加碼；若收盤跌破60日EMA約 167.39，且下一交易日仍未收復，先減碼三分之一；若ETF或外資繼續轉弱，再分批降低部位。,42,42.5,33.5,85,70,可用,164,166,31.77,0.84,5.37,52.58,55.97,0.21,328,4.43,0.61,1,0,0,0,1,4,0,-1.829,-1.829,-1.829,-1.829,0,0,0,0,0,0,0,0,0,5.82,,,,,-1.829,-1.829,-1.829,-1.829,40.53,23.57,20.9,28.92,true,false,-2.9,-3.53,"單日成交金額低於5,000萬元；中期趨勢仍向下；外資持股趨勢資料不足或期間有非市場異動；20日趨勢尚未上彎；當下除權息調整價未守20日EMA"
562,2515,中工,TWSE,建材營造,不建立部位,保護持有,今天不新增部位；未完成確認前不機械式賣出,下一交易日收盤，確認是否收復防守區,已有部位暫停加碼；若收盤跌破60日EMA約 12.33，且下一交易日仍未收復，先減碼三分之一；若ETF或外資繼續轉弱，再分批降低部位。,49,42.3,40.2,85,100,完整,12,12,-12.29,25.37,4.44,64.71,225.23,0.25,25,0.83,4.17,1,0,0,0,0,0,0,-708.401,8572.287,3319.7889999999998,-9363.205999999998,0,-14,-14,-838.258,0,1,-168000,-129.65499999999997,-114.67499999999998,7.69,-702,9174,-12946,,-728.401,8715.942000000001,3448.4640000000004,-8042.148000000001,47.59,55.52,49.68,67.2,false,false,-0.06,1.27,"單日成交金額低於5,000萬元；當下除權息調整價未守20日EMA"
563,2014,中鴻,TWSE,鋼鐵工業,不建立部位,保護持有,今天不新增部位；未完成確認前不機械式賣出,下一交易日收盤，確認是否收復防守區,已有部位暫停加碼；若收盤跌破60日EMA約 17.36，且下一交易日仍未收復，先減碼三分之一；若ETF或外資繼續轉弱，再分批降低部位。,55.1,42.3,23.1,85,85,完整,17.3,17.25,17.19,-5.05,1.16,53.43,139.58,0.07,,2.01,,1,0,0,0,0,4,0,69.9,2748.262,-336.4109999999997,18482.14,0,0,0,3.595,0,0,0,2,27,7.32,68,2397,17254,,67.9,2746.262,-363.4109999999997,18391.815,51.43,51.1,46.1,61.1,false,false,0.46,2.37,"單日成交金額低於5,000萬元"
564,4942,嘉彰,TWSE,光電業,不建立部位,降低部位,停止加碼；反彈未站回恢復區時分批減碼,每個交易日收盤後，確認是否站回恢復區,已有部位先停止加碼。反彈若仍未站回 35.60，分批降低部位；只有站回且ETF／外資賣壓收斂後才重新評估。,37,42.2,66.9,85,100,完整,33.15,33.25,-9.75,-7.23,4.58,18.47,371.26,0.77,11.43,0.51,6.03,1,0,0,0,0,0,0,-2,-133.94,-304.868,-184.139,0,0,0,0,0,0,0,-14.94,-10.335999999999999,6.21,-2,-103,-865,,-2,-119,-294.532,-194.53199999999998,31.61,33.89,35.08,31.5,true,true,-2.49,0.15,"單日成交金額低於5,000萬元；累計營收負成長且當月改善不足；中期趨勢仍向下；外資持股5/10日下降，且外資5日賣超；20日趨勢尚未上彎；當下除權息調整價未守20日EMA"
565,2850,新產,TWSE,未分類,不建立部位,保護持有,今天不新增部位；未完成確認前不機械式賣出,下一交易日收盤，確認是否收復防守區,已有部位暫停加碼；若收盤跌破60日EMA約 151.52，且下一交易日仍未收復，先減碼三分之一；若ETF或外資繼續轉弱，再分批降低部位。,54.2,42.1,37.3,85,75,可用,164,163.5,,,,62.41,,3.99,11.63,2.36,4.46,4,0,0,1,1,20,0,-32.128,78.09900000000002,329.2420000000001,652.803,0,-1,-1,1.642,0,1,-163000,-13.394,32.65,11.13,-32,91,736,,-32.128,92.49300000000002,297.59200000000004,600.599,57.83,60.67,66.36,49.29,false,true,2.17,2.82,"單日成交金額低於5,000萬元"
566,1444,力麗,TWSE,紡織纖維,不建立部位,降低部位,停止加碼；反彈未站回恢復區時分批減碼,每個交易日收盤後，確認是否站回恢復區,已有部位先停止加碼。反彈若仍未站回 7.36，分批降低部位；只有站回且ETF／外資賣壓收斂後才重新評估。,43.8,40.8,31.1,85,100,完整,7.22,7.21,-8.32,19.84,-1.41,44.94,88.37,0.14,,0.7,,1,0,0,5,-29,-1,0,-483.398,-1088.2269999999999,143.37400000000025,-3100.849,0,5,-29,280,1,0,35850,-8,0,5.31,-422,-1022,-4819,,-485.398,-1085.2269999999999,172.37400000000025,-3502.849,45.25,35.09,43.64,17.98,false,true,-1.61,1.12,"單日成交金額低於5,000萬元；中期趨勢仍向下；外資持股5/10日下降，且外資5日賣超；20日趨勢尚未上彎；當下除權息調整價未守20日EMA；單季稅前獲利對營業外貢獻依賴偏高"
567,2387,精元,TWSE,電腦及週邊設備業,不建立部位,優先降低風險,依風險與流動性分批降低部位,風險解除且基本面與趨勢重新確認後,已有部位應優先降低曝險；目前觸發「價格跌破60日EMA且20日趨勢向下」。待事件解除或基本面重新確認後再評估。,40.7,40.8,52.8,85,100,完整,36.6,36.55,-27.12,-12.55,1.59,42.64,184.67,0.66,12.32,0.68,10.9,3,0,0,0,-4,-18,0,-65.227,-97.511,-1300.557,-2989.6549999999997,0,0,-4.025,-8.972,0,0,0,2.649,-4.109999999999999,8.69,-31,1,-1295,,-65,-100.16,-1292.422,-3006.294,40.67,57.24,39.47,92.79,false,false,-1.12,2.23,"單日成交金額低於5,000萬元；營收動能同步衰退；累計營收負成長且當月改善不足；中期趨勢仍向下；20日趨勢尚未上彎；當下除權息調整價未守20日EMA"
568,5209,新鼎,TPEX,其他,不建立部位,優先降低風險,依風險與流動性分批降低部位,風險解除且基本面與趨勢重新確認後,已有部位應優先降低曝險；目前觸發「單月與累計營收同步明顯衰退」。待事件解除或基本面重新確認後再評估。,41.5,40.8,44.4,85,100,可用,158.5,158,-25.02,-26.44,14.77,78.82,121.04,8.72,8.76,4.4,8.12,1,0,0,0,0,-1,0,-21.539,-21.539,-21.539,-21.539,0,0,0,0,0,0,0,-10.539,-10.539,2.06,,,,,-11,-11,-11,-11,45.83,26.14,42.51,-6.59,false,false,-0.81,-1.86,"單日成交金額低於5,000萬元；營收動能同步衰退；累計營收負成長且當月改善不足；外資持股趨勢資料不足或期間有非市場異動；當下除權息調整價未守20日EMA"
569,3015,全漢,TWSE,電子零組件業,不建立部位,降低部位,停止加碼；反彈未站回恢復區時分批減碼,每個交易日收盤後，確認是否站回恢復區,已有部位先停止加碼。反彈若仍未站回 56.18，分批降低部位；只有站回且ETF／外資賣壓收斂後才重新評估。,46,40.6,52.1,85,100,完整,53.7,53.7,-4.07,-6.12,0.56,29.03,188.6,1.08,20.87,0.66,4.15,5,0,0,1,-12,19,0,-0.648,-10.082000000000004,-202.432,-403.8979999999999,0,1,-12,45.325,1,0,53000,-0.13900000000000023,0.03399999999999892,9.47,3,-260,-1561,,1.042,-10.943000000000001,-190.466,-428.26700000000005,44.91,22.5,18.96,29.6,true,false,-1.81,0,"單日成交金額低於5,000萬元；累計營收負成長且當月改善不足；中期趨勢仍向下；外資持股5/10日下降，且外資5日賣超；20日趨勢尚未上彎；當下除權息調整價未守20日EMA；單季稅前獲利對營業外貢獻依賴偏高"
570,2023,燁輝,TWSE,鋼鐵工業,不建立部位,保護持有,今天不新增部位；未完成確認前不機械式賣出,下一交易日收盤，確認是否收復防守區,已有部位暫停加碼；若收盤跌破60日EMA約 13.84，且下一交易日仍未收復，先減碼三分之一；若ETF或外資繼續轉弱，再分批降低部位。,59,40.4,15.3,85,82,可用,13.85,13.85,10.99,-5.71,1.29,68.92,101.13,-0.52,,0.8,,1,0,0,0,0,5,0,179,844.571,1523.002,3241.63,0,0,0,-9.343,0,0,0,149,278.61699999999996,3.99,59,648,1261,,59,695.571,1244.385,2760.3550000000005,51.48,57.23,60.71,50.26,false,true,0.14,0,"單日成交金額低於5,000萬元；外資持股趨勢資料不足或期間有非市場異動"
571,2247,汎德永業,TWSE,汽車工業,不建立部位,保護持有,今天不新增部位；未完成確認前不機械式賣出,下一交易日收盤，確認是否收復防守區,已有部位暫停加碼；若收盤跌破60日EMA約 227.31，且下一交易日仍未收復，先減碼三分之一；若ETF或外資繼續轉弱，再分批降低部位。,45.9,40.3,45.5,85,100,完整,224,226,-1.36,-22.82,3.09,41.1,269.81,6.55,16.27,1.43,6.43,2,0,0,0,0,-1,0,-2.792,24.272,8.006999999999994,187.35699999999997,0,0,-0.501,22.192,0,0,0,0,1,3.92,3,17,221,,-2.792,24.272,7.507999999999996,162.165,45.83,64.09,54.11,84.05,false,false,-0.7,0.9,"單日成交金額低於5,000萬元；累計營收負成長且當月改善不足"
572,4420,光明,TPEX,紡織纖維,不建立部位,優先降低風險,依風險與流動性分批降低部位,風險解除且基本面與趨勢重新確認後,已有部位應優先降低曝險；目前觸發「單月與累計營收同步明顯衰退」。待事件解除或基本面重新確認後再評估。,44.9,39.8,48.4,85,97,可用,36.8,36.83,-12.01,-8.81,2.22,11.91,222.84,0.94,27.5,1.05,8.14,1,0,0,0,-1,-1,0,0,0,0,0,0,0,0,0,0,0,0,0,0,0.81,,,,,0,0,0,0,57.83,82.05,80.36,85.41,false,false,1.5,1.52,"單日成交金額低於5,000萬元；營收動能同步衰退；累計營收負成長且當月改善不足；外資持股趨勢資料不足或期間有非市場異動；單季稅前獲利對營業外貢獻依賴偏高"
573,1109,信大,TWSE,水泥工業,不建立部位,優先降低風險,依風險與流動性分批降低部位,風險解除且基本面與趨勢重新確認後,已有部位應優先降低曝險；目前觸發「價格跌破60日EMA且20日趨勢向下」。待事件解除或基本面重新確認後再評估。,45.6,39.8,52.5,85,73,可用,13.7,13.75,-20.64,-16.99,1.66,11.48,456.76,0.15,19.57,0.56,6.67,1,0,0,0,0,9,0,-29,72.859,13.743999999999993,29.843999999999994,0,0,0,0,0,0,0,1.859,8.744,2.41,-30,68,74,,-29,71,4.999999999999998,5.588999999999999,48.24,47.64,39.8,63.32,true,false,0.3,1.11,"單日成交金額低於5,000萬元；營收動能同步衰退；累計營收負成長且當月改善不足；中期趨勢仍向下；20日趨勢尚未上彎"
574,4188,安克,TPEX,生技醫療業,不建立部位,保護持有,今天不新增部位；未完成確認前不機械式賣出,下一交易日收盤，確認是否收復防守區,已有部位暫停加碼；若收盤跌破60日EMA約 10.74，且下一交易日仍未收復，先減碼三分之一；若ETF或外資繼續轉弱，再分批降低部位。,45.9,39.8,42.6,85,70,可用,14.6,14.6,56.55,-3.69,-311.28,4.75,1848.87,-0.45,,1.63,0,1,0,0,0,0,4,0,2.118,2.118,2.118,2.118,0,0,0,0,0,0,0,2.118,2.118,0.08,,,,,0,0,0,0,87.09,92.99,84.26,110.43,false,false,32.94,44.55,"單日成交金額低於5,000萬元；外資持股趨勢資料不足或期間有非市場異動；短線過熱或乖離過大"
575,4503,金雨,TPEX,電機機械,不建立部位,優先降低風險,依風險與流動性分批降低部位,風險解除且基本面與趨勢重新確認後,已有部位應優先降低曝險；目前觸發「價格跌破60日EMA且20日趨勢向下」。待事件解除或基本面重新確認後再評估。,30.8,39.5,66.9,85,70,可用,24.6,24.6,-75.88,-3.41,23.96,25.76,1290.4,2.28,6.6,1.03,0,1,0,0,0,0,4,0,12.416,12.416,12.416,12.416,0,0,0,0,0,0,0,0.416,0.416,2.04,,,,,12,12,12,12,33.02,15.65,15.04,16.87,true,false,-10.98,1.44,"單日成交金額低於5,000萬元；營收動能同步衰退；累計營收負成長且當月改善不足；中期趨勢仍向下；外資持股趨勢資料不足或期間有非市場異動；20日趨勢尚未上彎；當下除權息調整價未守20日EMA；單季稅前獲利對營業外貢獻依賴偏高"
576,3228,金麗科,TPEX,半導體業,不建立部位,保護持有,今天不新增部位；未完成確認前不機械式賣出,下一交易日收盤，確認是否收復防守區,已有部位暫停加碼；若收盤跌破60日EMA約 158.35，且下一交易日仍未收復，先減碼三分之一；若ETF或外資繼續轉弱，再分批降低部位。,50.1,39.4,36.4,85,100,可用,156,156,27.57,12.87,-42.81,14.14,297.68,-1,,15.01,0,1,0,0,15,15,15,0,23.909,23.909,23.909,23.909,0,0,0,0,0,0,0,0.111,0.111,6.83,,,,,23.798,23.798,23.798,23.798,56.78,47.8,34.57,74.24,true,false,6.34,12.23,"單日成交金額低於5,000萬元；中期趨勢仍向下；外資持股趨勢資料不足或期間有非市場異動；20日趨勢尚未上彎"
577,3545,敦泰,TWSE,半導體業,不建立部位,優先降低風險,依風險與流動性分批降低部位,風險解除且基本面與趨勢重新確認後,已有部位應優先降低曝險；目前觸發「單月與累計營收同步明顯衰退」。待事件解除或基本面重新確認後再評估。,51.8,38.8,34.7,85,100,完整,50.2,50,-14.27,-13.61,-5.92,33.53,207.81,0.64,,1.22,1.62,2,0,10,60,60,60,0,-0.569,545.8720000000001,57.14400000000006,-1788.6309999999999,0,60,60,61,2,0,2997000,-2.7230000000000008,-30.378000000000004,15.24,589,781,1279,,-2.724,488.59499999999997,27.52199999999999,-1668.52,49.23,61.68,56.1,72.85,false,false,0.34,1.62,"單日成交金額低於5,000萬元；營收動能同步衰退；累計營收負成長且當月改善不足；當下除權息調整價未守20日EMA；單季稅前獲利對營業外貢獻依賴偏高"
578,3703,欣陸,TWSE,建材營造,不建立部位,保護持有,今天不新增部位；未完成確認前不機械式賣出,下一交易日收盤，確認是否收復防守區,已有部位暫停加碼；若收盤跌破60日EMA約 20.51，且下一交易日仍未收復，先減碼三分之一；若ETF或外資繼續轉弱，再分批降低部位。,41.8,38.8,36,85,100,完整,19.7,19.65,-9.88,-9,5.41,70.54,121.44,0.57,9.97,0.59,5.34,1,0,0,0,0,1,0,-463.509,787.3119999999999,-6028.974999999999,-8371.887,0,-4,-4,389,0,1,-78600,-98.688,-98.24600000000001,20.52,-441,804,3172,,-464,890,-5926.728999999999,-8766.056999999999,37.64,50.75,42.27,67.71,false,false,-1.53,0.77,"單日成交金額低於5,000萬元；累計營收負成長且當月改善不足；中期趨勢仍向下；20日趨勢尚未上彎；當下除權息調整價未守20日EMA"
579,5222,全訊,TWSE,半導體業,不建立部位,優先降低風險,依風險與流動性分批降低部位,風險解除且基本面與趨勢重新確認後,已有部位應優先降低曝險；目前觸發「ETF 5/10日同步減碼」。待事件解除或基本面重新確認後再評估。,39.4,38.5,51.6,85,93,可用,106,105.5,-18.09,-15.6,16.7,15.68,245.71,0.63,54.71,3.26,2.39,2,0,-5,-37,-57,-59,0,-35.93,-477.832,-267.87800000000004,-477.0830000000002,0,-45,-65,-87,0,4,-4702500,3.351,18.537999999999997,3.48,-73,-583,-470,,-36.425,-436.183,-221.41600000000003,-395.206,49.7,27.36,37.4,7.3,false,false,0.02,-0.77,"單日成交金額低於5,000萬元；營收動能同步衰退；累計營收負成長且當月改善不足；ETF短中期同步減碼；外資持股5/10日下降，且外資5日賣超；當下除權息調整價未守20日EMA"
580,2338,光罩,TWSE,半導體業,不建立部位,降低部位,停止加碼；反彈未站回恢復區時分批減碼,每個交易日收盤後，確認是否站回恢復區,已有部位先停止加碼。反彈若仍未站回 43.31，分批降低部位；只有站回且ETF／外資賣壓收斂後才重新評估。,50,38.1,20.9,85,93,可用,39.65,39.65,4.42,-3.89,0.07,65.87,86.6,0.61,,2.05,,2,0,5,5,5,9,0,-197.053,-403.202,-848.286,-7786.336,0,0,0,0,0,0,0,-59.562,-79.29099999999998,4.73,-402,-511,-4498,,-176,-343.64,-768.9949999999999,-7539.656,47.19,42.88,36.91,54.81,true,false,0.27,4.89,"單日成交金額低於5,000萬元；累計營收負成長且當月改善不足；中期趨勢仍向下；外資持股5/10日下降，且外資5日賣超；20日趨勢尚未上彎；單季稅前獲利對營業外貢獻依賴偏高"
581,6456,GIS-KY,TWSE,光電業,不建立部位,優先降低風險,依風險與流動性分批降低部位,風險解除且基本面與趨勢重新確認後,已有部位應優先降低曝險；目前觸發「單月與累計營收同步明顯衰退」。待事件解除或基本面重新確認後再評估。,61.8,37.9,23.3,85,100,完整,69.3,69,-24.68,-22.66,-4.23,47.73,231.73,-3.76,,0.77,,1,1,2,2,2,2,0,186.56,1347.7069999999999,710.1479999999999,3032.417,1,2,2,2,2,0,135400,-67.19200000000001,-215.47700000000003,45.25,333,1214,3977,,189.135,1412.8990000000001,923.625,3020.7650000000003,55.44,58.1,56.24,61.81,true,false,4.96,6.45,營收動能同步衰退；累計營收負成長且當月改善不足
582,2540,愛山林,TWSE,建材營造,不建立部位,保護持有,今天不新增部位；未完成確認前不機械式賣出,下一交易日收盤，確認是否收復防守區,已有部位暫停加碼；若收盤跌破60日EMA約 51.39，且下一交易日仍未收復，先減碼三分之一；若ETF或外資繼續轉弱，再分批降低部位。,42.2,37.8,27.9,85,100,完整,47.3,47.2,7.03,-37.39,2.6,82.96,121.15,0.02,,4.09,12.88,1,0,0,0,0,-7,0,85.964,731.733,845.7949999999998,-2119.226,0,0,0,-6.923,0,0,0,-14,-224,1.72,40,1004,922,,93.964,745.733,1069.7949999999998,-450.30300000000017,41.98,60.8,53.21,75.98,false,false,-3.26,2.16,"單日成交金額低於5,000萬元；累計營收負成長且當月改善不足；中期趨勢仍向下；20日趨勢尚未上彎；當下除權息調整價未守20日EMA"
583,2328,廣宇,TWSE,電子零組件業,不建立部位,保護持有,今天不新增部位；未完成確認前不機械式賣出,下一交易日收盤，確認是否收復防守區,已有部位暫停加碼；若收盤跌破60日EMA約 47.08，且下一交易日仍未收復，先減碼三分之一；若ETF或外資繼續轉弱，再分批降低部位。,49.8,37.4,35.8,85,100,可用,45.3,45.35,16.37,-11.61,0,31.57,236.18,-0.24,103.95,1.59,2.01,3,1,3,3,3,47,0,-116.306,-1773.3049999999998,-444.57200000000034,523.1479999999997,1,3,3,21,2,0,134100,-142.408,-266.18499999999995,8.81,-92,-330,3770,,-80.768,-1633.8970000000002,-181.38699999999994,1165.353,48.82,41.87,43.89,37.83,false,false,0.07,-1.52,"單日成交金額低於5,000萬元；估值高且成長不足以支撐"
584,3483,力致,TPEX,電腦及週邊設備業,不建立部位,優先降低風險,依風險與流動性分批降低部位,風險解除且基本面與趨勢重新確認後,已有部位應優先降低曝險；目前觸發「價格跌破60日EMA且20日趨勢向下」。待事件解除或基本面重新確認後再評估。,41,36.7,40.6,85,100,可用,72.4,72.5,-16.03,-3.4,0.44,48.8,166.92,0.69,24.64,1.44,4.18,2,0,0,0,0,5,0,6.405,6.405,6.405,6.405,0,0,0,0,0,0,0,0.722,0.722,12.27,,,,,5.683,5.683,5.683,5.683,41.87,25.82,22.52,32.43,true,false,-1.82,2.7,"單日成交金額低於5,000萬元；營收動能同步衰退；累計營收負成長且當月改善不足；中期趨勢仍向下；外資持股趨勢資料不足或期間有非市場異動；20日趨勢尚未上彎；當下除權息調整價未守20日EMA；單季稅前獲利對營業外貢獻依賴偏高"
585,8215,明基材,TWSE,光電業,不建立部位,保護持有,今天不新增部位；未完成確認前不機械式賣出,下一交易日收盤，確認是否收復防守區,已有部位暫停加碼；若收盤跌破60日EMA約 25.63，且下一交易日仍未收復，先減碼三分之一；若ETF或外資繼續轉弱，再分批降低部位。,44.2,36.1,19.9,85,100,完整,24.3,24.35,11.38,6.31,-3.62,69.5,105.86,-0.96,,1.62,1.24,1,0,0,0,-13,0,0,-63.32,36.35700000000001,451.923,274.446,0,0,-13,-15,0,0,0,-7.023,-58.133,1.7,-163,-382,-406,,-61.98,43.38,523.056,390.866,46.62,33.72,32.94,35.26,true,false,-0.6,1.67,"單日成交金額低於5,000萬元；當下除權息調整價未守20日EMA"
586,2601,益航,TWSE,航運業,不建立部位,優先降低風險,依風險與流動性分批降低部位,風險解除且基本面與趨勢重新確認後,已有部位應優先降低曝險；目前觸發「外資持股5/10日下降且外資5日賣超」。待事件解除或基本面重新確認後再評估。,50.5,35.9,27.5,85,73,可用,6.9,6.9,-53.33,-54.79,16.87,34.68,98.33,-0.2,,0.8,,1,0,0,0,0,8,0,-527.11,-3391.717,-1616.605,-1026.905,0,0,0,0,0,0,0,-9.531,9,13.01,-528,-3382,-2032,,-528.11,-3382.186,-1625.605,-1047.61,56.05,55.91,59.15,49.41,false,true,3.31,-0.29,營收動能同步衰退；累計營收負成長且當月改善不足；外資持股5/10日下降，且外資5日賣超
587,2208,台船,TWSE,航運業,不建立部位,降低部位,停止加碼；反彈未站回恢復區時分批減碼,每個交易日收盤後，確認是否站回恢復區,已有部位先停止加碼。反彈若仍未站回 19.37，分批降低部位；只有站回且ETF／外資賣壓收斂後才重新評估。,43.7,35.6,21.1,85,100,完整,19.25,19.2,20.17,-26.52,-9.53,85.87,108.02,0.28,38.98,3.2,,1,0,0,0,0,-10,0,-513.568,-1853.492,-6240.575,-5114.902,0,0,0,-10.487,0,0,0,3,13,6.76,-515,-1856,-9212,,-514.568,-1856.492,-6253.575000000001,-5215.415000000003,49.63,14.49,21.94,-0.41,false,false,-0.11,1.05,"單日成交金額低於5,000萬元；中期趨勢仍向下；外資持股5/10日下降，且外資5日賣超；20日趨勢尚未上彎；當下除權息調整價未守20日EMA；單季稅前獲利對營業外貢獻依賴偏高"
588,8476,台境*,TWSE,綠能環保,不建立部位,優先降低風險,依風險與流動性分批降低部位,風險解除且基本面與趨勢重新確認後,已有部位應優先降低曝險；目前觸發「價格跌破60日EMA且20日趨勢向下」。待事件解除或基本面重新確認後再評估。,43.5,34.9,32,85,100,完整,20.05,20.1,-96.04,-6.72,5.87,57.13,181.25,0.12,71.07,1.72,1.01,1,0,0,1,-4,0,0,-5.6,135.22199999999998,394.601,-118.16700000000003,0,1,-4,41,1,0,19900,0,0,1.42,2,-100,544,,-5.6,134.22199999999998,398.601,-183.16700000000003,43.97,31.62,30.41,34.05,true,true,-1.59,0.75,"單日成交金額低於5,000萬元；營收動能同步衰退；累計營收負成長且當月改善不足；中期趨勢仍向下；20日趨勢尚未上彎；當下除權息調整價未守20日EMA"
589,6160,欣技,TPEX,電腦及週邊設備業,不建立部位,優先降低風險,依風險與流動性分批降低部位,風險解除且基本面與趨勢重新確認後,已有部位應優先降低曝險；目前觸發「單月與累計營收同步明顯衰退」。待事件解除或基本面重新確認後再評估。,49.4,33.4,23.8,85,70,可用,15.35,15.4,-17.17,-18.06,-12.19,47.97,188.56,-0.82,,1.79,0,1,0,0,0,0,2,0,-18.186,-18.186,-18.186,-18.186,0,0,0,0,0,0,0,-0.186,-0.186,2.33,,,,,-18,-18,-18,-18,56.6,59.06,58.17,60.85,false,false,3.68,10.04,"單日成交金額低於5,000萬元；營收動能同步衰退；累計營收負成長且當月改善不足；外資持股趨勢資料不足或期間有非市場異動"
590,3062,建漢,TWSE,通信網路業,不建立部位,保護持有,今天不新增部位；未完成確認前不機械式賣出,下一交易日收盤，確認是否收復防守區,已有部位暫停加碼；若收盤跌破60日EMA約 22.63，且下一交易日仍未收復，先減碼三分之一；若ETF或外資繼續轉弱，再分批降低部位。,48.1,33.3,25.9,85,100,完整,20.85,20.85,5.13,-0.85,-14.5,35.21,171.25,-0.88,,1.68,,1,0,0,0,0,0,0,-142.021,336.73199999999997,1041.889,-205.27999999999986,0,0,0,0,0,0,0,-29.698,-73.59700000000001,9.77,-194,-171,541,,-135.57,366.43,1115.4859999999999,6.772999999999911,47.13,42.96,42.43,44.04,true,false,0.18,2.71,"單日成交金額低於5,000萬元；累計營收負成長且當月改善不足"
591,6230,尼得科超眾,TWSE,電腦及週邊設備業,不建立部位,保護持有,今天不新增部位；未完成確認前不機械式賣出,下一交易日收盤，確認是否收復防守區,已有部位暫停加碼；若收盤跌破60日EMA約 119.36，且下一交易日仍未收復，先減碼三分之一；若ETF或外資繼續轉弱，再分批降低部位。,43.1,32.3,28.5,85,100,完整,109,109,-0.33,7.56,0.68,44.52,214.62,-1.82,,1.58,,1,0,0,0,0,0,0,0.06,8.178,-40.228,-47.407999999999994,0,0,0,0,0,0,0,0.118,4.939,87.03,0,10,53,,0.06,8.059999999999999,-45.167,-54.943000000000005,45.81,25.8,22.82,31.77,true,false,-0.65,2.83,"單日成交金額低於5,000萬元；中期趨勢仍向下；20日趨勢尚未上彎；當下除權息調整價未守20日EMA"
592,6919,康霈*,TWSE,生技醫療業,不建立部位,優先降低風險,依風險與流動性分批降低部位,風險解除且基本面與趨勢重新確認後,已有部位應優先降低曝險；目前觸發「單月與累計營收同步明顯衰退」。待事件解除或基本面重新確認後再評估。,51.8,31,30.5,85,100,完整,106.5,106,-100,-82.2,-14263.34,2.37,6003.39,-0.21,,17.82,,4,0,0,0,0,1,0,-1726.92,187.87099999999987,-406.57399999999984,7826.062999999999,0,-8,-8,-15.004,0,1,-844000,-16.917999999999996,-7.664999999999996,14.91,-1930,54,14781,,-1770.943,212.78900000000027,-390.9089999999992,7819.254000000001,50.47,39.05,42.36,32.41,false,true,-0.05,3.9,營收動能同步衰退；累計營收負成長且當月改善不足；當下除權息調整價未守20日EMA
593,8105,8105,TWSE,光電業,不建立部位,保護持有,今天不新增部位；未完成確認前不機械式賣出,今天收盤後；若跌破，再看下一交易日是否收復,已有部位暫停加碼；若收盤跌破60日EMA約 16.88，且下一交易日仍未收復，先減碼三分之一；若ETF或外資繼續轉弱，再分批降低部位。,32.1,29.7,38,85,93,可用,13.8,,11.87,0.49,1.2,24.92,202.2,0.59,,,,1,0,0,0,-405,-397,0,0,0,11356.457,11274.814,0,0,-405,-322,0,0,0,0,417.03,41.36,0,54,1391,,0,0,11344.427,11160.783000000001,29.91,8.94,17.84,-8.85,false,false,-10.69,0,"單日成交金額低於5,000萬元；中期趨勢仍向下；20日趨勢尚未上彎；當下除權息調整價未守20日EMA；單季稅前獲利對營業外貢獻依賴偏高"
594,2530,華建,TWSE,建材營造,不建立部位,優先降低風險,依風險與流動性分批降低部位,風險解除且基本面與趨勢重新確認後,已有部位應優先降低曝險；目前觸發「價格跌破60日EMA且20日趨勢向下」。待事件解除或基本面重新確認後再評估。,44.8,29.2,23.4,85,100,完整,19.6,19.6,-99.96,-96.27,-19.93,67.08,170.33,-0.11,29.32,1.63,11.94,2,0,0,0,-8,-61,0,-204.981,-377.083,-465.7560000000001,150.58899999999986,0,0,-8.044,21.039,0,0,0,-422,-435,3.51,-41,400,2143,,-160.981,44.91699999999997,-22.71200000000003,839.55,50.5,57.97,53.17,67.57,false,false,0.34,3.16,"單日成交金額低於5,000萬元；營收動能同步衰退；累計營收負成長且當月改善不足；中期趨勢仍向下；20日趨勢尚未上彎"
595,8924,大田,TPEX,運動休閒,不建立部位,優先降低風險,依風險與流動性分批降低部位,風險解除且基本面與趨勢重新確認後,已有部位應優先降低曝險；目前觸發「價格跌破60日EMA且20日趨勢向下」。待事件解除或基本面重新確認後再評估。,32.7,28.1,41.1,85,100,可用,50.2,50.2,-38.22,-1.33,-0.45,27.92,273.95,-0.58,18.33,1.08,8.53,1,0,0,0,-1,-2,0,-3.088,-3.088,-3.088,-3.088,0,0,0,0,0,0,0,-1.088,-1.088,2.91,,,,,-2,-2,-2,-2,24.82,10.18,11.51,7.52,true,true,-3.2,-0.79,"單日成交金額低於5,000萬元；營收動能同步衰退；累計營收負成長且當月改善不足；中期趨勢仍向下；外資持股趨勢資料不足或期間有非市場異動；20日趨勢尚未上彎；當下除權息調整價未守20日EMA"
596,1314,中石化,TWSE,塑膠工業,不建立部位,優先降低風險,依風險與流動性分批降低部位,風險解除且基本面與趨勢重新確認後,已有部位應優先降低曝險；目前觸發「價格跌破60日EMA且20日趨勢向下」。待事件解除或基本面重新確認後再評估。,45.2,28,21.1,85,100,完整,8,7.99,-35.6,-30.74,-9.51,39.62,167.64,-0.52,,0.4,,1,0,0,0,0,-66,0,-2360.089,-3036.1019999999994,-4165.258000000001,-23231.971000000005,0,0,0,-66.604,0,0,0,136.522,91.80599999999995,9.24,-2989,-5602,-35637,,-2183.081,-3172.6240000000003,-4257.063999999999,-24845.292999999998,51.15,58.39,58.31,58.55,true,true,0.95,2.56,營收動能同步衰退；累計營收負成長且當月改善不足；中期趨勢仍向下；外資持股5/10日下降，且外資5日賣超；20日趨勢尚未上彎
597,6988,威力暘-創,TWSE,汽車工業,不建立部位,優先降低風險,依風險與流動性分批降低部位,風險解除且基本面與趨勢重新確認後,已有部位應優先降低曝險；目前觸發「價格跌破60日EMA且20日趨勢向下」。待事件解除或基本面重新確認後再評估。,36.1,24.9,27.8,85,73,可用,11.7,11.65,-17.35,-13.42,-2.35,45,295.53,-0.2,,0.75,,1,0,0,0,0,2,0,-30.024,-101.45700000000001,-175.535,-210.536,0,0,0,0,0,0,0,5.543,6.465,3.42,-34,-107,-200,,-34,-107,-182,-209,35.34,22.64,20.36,27.19,true,false,-4.14,-2.09,"單日成交金額低於5,000萬元；營收動能同步衰退；累計營收負成長且當月改善不足；中期趨勢仍向下；外資持股5/10日下降，且外資5日賣超；20日趨勢尚未上彎；當下除權息調整價未守20日EMA"
598,6823,濾能,TPEX,半導體業,不建立部位,保護持有,今天不新增部位；未完成確認前不機械式賣出,下一交易日收盤，確認是否收復防守區,已有部位暫停加碼；若收盤跌破60日EMA約 66.15，且下一交易日仍未收復，先減碼三分之一；若ETF或外資繼續轉弱，再分批降低部位。,34.1,22.5,10,85,70,可用,61,61.8,-33.69,8.03,-46.47,59.08,104.4,-4.73,,3.85,0,1,0,0,0,0,11,0,-4.8,-4.8,-4.8,-4.8,0,0,0,0,0,0,0,0.2,0.2,24.49,,,,,-5,-5,-5,-5,38.87,43.94,43.53,44.77,false,false,-3.49,-0.97,"單日成交金額低於5,000萬元；中期趨勢仍向下；外資持股趨勢資料不足或期間有非市場異動；20日趨勢尚未上彎；當下除權息調整價未守20日EMA"