排名,代號,名稱,市場,產業,新部位建議,既有部位狀態,持有判斷模式,今天動作,下一次確認,既有部位說明,主要原因,短期時機分數,中期研究分數,長期初篩分數,長期方法覆蓋率%,資料健康度,資料健康狀態,收盤價,即時價,營收YoY%,累計營收YoY%,營益率%,負債比%,流動比率%,EPS,本益比,股價淨值比,殖利率%,ETF家數,ETF_1日增減張,ETF_3日增減張,ETF_5日增減張,ETF_10日增減張,ETF_20日增減張,主動ETF_5日增減張,法人1日張,法人5日張,法人10日張,法人20日張,投信買賣超1日張,投信買賣超5日張,投信買賣超10日張,投信買賣超20日張,投信5日買超天數,投信5日賣超天數,投信5日估算金額,自營商買賣超5日張,自營商買賣超10日張,外資持股比率%,外資持股1日增減張,外資持股5日增減張,外資持股10日增減張,外資持股20日增減張,外資買賣超1日張,外資買賣超5日張,外資買賣超10日張,外資買賣超20日張,RSI14,KD-K,KD-D,KD-J,KD近3日黃金交叉,KD近3日死亡交叉,距20EMA%,5日報酬%,淘汰原因
1,6770,力積電,TWSE,半導體業,可開始承接,符合加碼條件,add,只在回測承接區且法人未轉弱時分2–3批,回測時與每個交易日收盤後,已有部位可續抱；回測20日EMA約 70.73 且ETF、外資與投信未轉弱時，才考慮下一批。,未觸發明確減碼訊號,82.9,79.2,67.9,85,100,可用,72.5,74,76.19,47.08,58.03,34.6,495.94,4.08,24.67,2.71,,12,3634,4055,4054,3998,3845,0,89279.588,102172.749,218428.95799999998,223436.787,3803.009,4265.009,11635.009,11610.114,3,1,315610666,9669.394,13424.396,16.8,76078,107118,172111,,77685.143,88238.34599999999,193369.55299999999,199984.19899999996,54.06,60.87,52.63,77.36,true,false,2.51,2.55,
2,3702,大聯大,TWSE,電子通路業,可開始承接,符合加碼條件,add,只在回測承接區且法人未轉弱時分2–3批,回測時與每個交易日收盤後,已有部位可續抱；回測20日EMA約 108.47 且ETF、外資與投信未轉弱時，才考慮下一批。,未觸發明確減碼訊號,76.8,74.1,50.2,85,100,可用,114.5,114.5,80.46,62.39,2.64,83.99,119.79,8.42,9.8,2.05,3.18,26,1283,1320,1503,1292,7960,0,1242.069,8936.034,14403.366999999998,8938.230999999998,1283.526,1512.5319999999997,971.5319999999997,2599.1229999999996,3,2,173184914,-7.608000000000047,-1059.8880000000001,34.26,284,8087,15356,,174.248,7431.11,14491.723,7116.385999999996,60.73,81.46,77.29,89.78,false,false,5.56,7.01,
3,6196,帆宣,TWSE,其他電子業,可開始承接,符合加碼條件,add,只在回測承接區且法人未轉弱時分2–3批,回測時與每個交易日收盤後,已有部位可續抱；回測20日EMA約 516.67 且ETF、外資與投信未轉弱時，才考慮下一批。,未觸發明確減碼訊號,79.9,71.3,43.8,85,100,完整,540,549,83.89,51.72,8.65,72.75,122.81,13.26,24.46,6.66,1.19,12,-1,2,11,42,-263,5,278.139,1108.031,1689.2340000000002,3240.7790000000005,-1,8.55,38.55,-839.0310000000001,4,1,4617000,156.744,152.082,19.67,182,997,1568,,172.72,942.737,1498.6019999999999,3858.5679999999998,59.33,72.32,66.51,83.94,true,false,4.52,3.85,ETF加碼金額或跨基金共識尚未同時成立
4,2851,中再保,TWSE,金融保險業,可開始承接,符合加碼條件,add,只在回測承接區且法人未轉弱時分2–3批,回測時與每個交易日收盤後,已有部位可續抱；回測20日EMA約 45.45 且ETF、外資與投信未轉弱時，才考慮下一批。,未觸發明確減碼訊號,72.7,71,67.9,85,100,完整,47.1,47,-31.48,75.57,,59.8,,7.91,4.45,1.43,4.68,4,0,208,1379,1471,2302,1379,132.812,1243.056,4124.871000000001,6269.442000000001,0,1379,1471,2298,2,0,64813000,-181.00699999999998,-304.41499999999996,10.66,194,228,2925,,169.849,45.06300000000044,2958.286000000001,4157.817000000001,63.37,71.01,66.7,79.65,false,false,3.63,-0.84,ETF加碼金額或跨基金共識尚未同時成立
5,3014,聯陽,TWSE,半導體業,可開始承接,符合加碼條件,add,只在回測承接區且法人未轉弱時分2–3批,回測時與每個交易日收盤後,已有部位可續抱；回測20日EMA約 132.15 且ETF、外資與投信未轉弱時，才考慮下一批。,未觸發明確減碼訊號,71.8,70.2,67.6,85,100,可用,135.5,138,5.33,0.16,28.48,33.51,218.05,5.88,13.69,3.06,6.27,11,32,63,80,162,167,0,414.76,1563.782,1667.9309999999998,-2259.4580000000005,31.698,79.652,161.293,-127.448,5,0,10792846,14.98,7.045000000000001,19.83,272,1324,1430,,372.85,1469.15,1499.593,-2116.532,60.31,76.3,68.13,92.62,false,false,2.53,3.83,ETF加碼金額或跨基金共識尚未同時成立
6,3034,聯詠,TWSE,半導體業,可開始承接,符合加碼條件,add,只在回測承接區且法人未轉弱時分2–3批,回測時與每個交易日收盤後,已有部位可續抱；回測20日EMA約 542.51 且ETF、外資與投信未轉弱時，才考慮下一批。,未觸發明確減碼訊號,76.2,68.3,58.1,85,100,可用,545,558,26.33,4.11,20.26,42.09,222.47,16.59,19.47,4.92,4.12,50,221,409,633,858,1657,6,2214.556,4989.186,8969.425,15464.292000000001,215.476,627.976,888.799,800.623,4,1,350410608,306.91999999999996,284.62399999999997,44.67,1962,2416,5519,,1842.211,4054.29,7796.0019999999995,15005.028000000002,52.27,65.53,63.66,69.26,false,false,0.46,-1.98,
7,3006,晶豪科,TWSE,半導體業,等待確認,正常持有,standard,今天不下單,每個交易日收盤後，檢查趨勢與法人籌碼,已有部位可續抱觀察，但暫不追價；若收盤跌破60日EMA約 256.68 且法人籌碼轉弱，先減碼三分之一。,未觸發明確減碼訊號,77.4,84.7,74.9,85,100,可用,288.5,296,605.24,324.38,44.44,36.84,267.13,27.58,9.18,4.36,0.34,8,482,512,513,453,669,0,3992.975,-550.9549999999999,4002.5020000000004,9814.618999999999,482,508,493,733.285,2,1,147828000,224.25699999999995,416.0759999999999,41.39,3063,33,4139,,2924.74,-1283.2120000000004,3093.4259999999995,8737.982,55.21,40.25,40.29,40.17,false,false,3.05,6.65,ETF加碼金額或跨基金共識尚未同時成立；借券賣出與借券賣出餘額壓力升高
8,4967,十銓,TWSE,半導體業,等待確認,正常持有,standard,今天不下單,每個交易日收盤後，檢查趨勢與法人籌碼,已有部位可續抱觀察，但暫不追價；若收盤跌破60日EMA約 265.32 且法人籌碼轉弱，先減碼三分之一。,未觸發明確減碼訊號,70.3,83.4,72.4,85,100,完整,275,278,275.06,87.02,35.94,50.67,191.64,53.44,4.11,2.11,3.11,3,0,0,0,0,235,0,597.63,-477.8939999999999,2308.356,7152.116000000001,0,-0.4,-0.4,213.29999999999998,0,1,-110800,-115.965,-147.335,12.23,659,108,2953,,588.139,-361.529,2456.091,7102.674,52.84,38.65,36.74,42.47,true,false,0.62,0.55,
9,2408,南亞科,TWSE,半導體業,等待確認,正常持有,standard,今天不下單,每個交易日收盤後，檢查趨勢與法人籌碼,已有部位可續抱觀察，但暫不追價；若收盤跌破60日EMA約 464.30 且法人籌碼轉弱，先減碼三分之一。,未觸發明確減碼訊號,78.5,81,81.6,85,100,可用,494,536,560.85,638.19,69.08,16.78,691.01,23.38,20.37,5.62,0.26,38,3695,4697,4874,4431,1150,2078,37311.314,25007.199999999997,53518.988,23584.441999999995,3977.574,289.5740000000005,106.13700000000051,-1469.6999999999994,3,2,152026350,860.396,1594.9470000000001,16.79,32153,23809,43098,,32233.006,23857.229999999996,51817.903999999995,29484.059,49.72,43.36,37.36,55.37,true,false,-1.07,4.44,20日趨勢尚未上彎；借券賣出與借券賣出餘額壓力升高
10,2637,慧洋-KY,TWSE,航運業,等待確認,正常持有,standard,今天不下單,每個交易日收盤後，檢查趨勢與法人籌碼,已有部位可續抱觀察，但暫不追價；若收盤跌破60日EMA約 90.51 且法人籌碼轉弱，先減碼三分之一。,未觸發明確減碼訊號,74.6,80.6,68.2,85,100,可用,102.5,103,34.96,35.38,33.36,41.18,92.13,4.1,11.35,1.54,3.43,9,-316,-998,-441,977,885,28,314.09,2911.0009999999997,7421.144,15418.054000000002,-316.279,783.721,3561.161,4069.994,2,3,79939542,-70.599,18.364999999999988,28.47,601,2096,3527,,586.396,2197.8790000000004,3841.6180000000004,11336.043,63.03,65.54,61.22,74.17,true,false,4.29,1.49,20日累積後5日轉為調節；ETF 1/3日已轉為減碼
11,2027,大成鋼,TWSE,鋼鐵工業,等待確認,正常持有,standard,今天不下單,每個交易日收盤後，檢查趨勢與法人籌碼,已有部位可續抱觀察，但暫不追價；若收盤跌破60日EMA約 46.20 且法人籌碼轉弱，先減碼三分之一。,未觸發明確減碼訊號,79.1,79.7,71.3,85,100,完整,51.7,48.5,46.09,34.23,19.7,43.68,295.53,3.1,9.34,1.39,3.17,10,5,3508,4088,12978,23358,53,1086.063,6317.271999999999,6490.0819999999985,39819.818999999996,4.755,4133.755,11322.755000000001,24518.043,5,0,195733299,378.589,-469.8620000000002,25.32,1483,2170,-4285,,1231.443,1804.928,-4362.811,17738.665999999997,64.31,53.16,34.8,89.89,true,false,7.48,13.01,20日趨勢尚未上彎；強勢上漲後盤中急跌反轉
12,2605,新興,TWSE,航運業,等待確認,正常持有,standard,今天不下單,每個交易日收盤後，檢查趨勢與法人籌碼,已有部位可續抱觀察，但暫不追價；若收盤跌破60日EMA約 34.33 且法人籌碼轉弱，先減碼三分之一。,未觸發明確減碼訊號,67.9,79.7,82.2,85,100,完整,37.1,37.2,58.75,38.72,33.49,26.88,212.23,3.67,7.37,1.09,2.77,1,0,0,0,0,0,0,-1422.194,5183.497000000001,11427.735000000002,16188.605000000001,0,-156,-175,-179,0,2,-5631600,2431.3579999999993,3271.783999999999,49.56,-2202,2917,8340,,-2211.083,2908.139,8330.951,11828.722999999998,59.08,45.74,42.25,52.73,true,true,3.57,2.63,20日趨勢尚未上彎；單季稅前獲利對營業外貢獻依賴偏高
13,2855,統一證,TWSE,金融保險業,等待確認,正常持有,standard,今天不下單,每個交易日收盤後，檢查趨勢與法人籌碼,已有部位可續抱觀察，但暫不追價；若收盤跌破60日EMA約 48.28 且法人籌碼轉弱，先減碼三分之一。,未觸發明確減碼訊號,72.9,79,73.3,85,100,可用,52.7,55.3,109.88,217.4,,87.34,112.56,6.96,5.53,1.78,3.96,12,420,2425,5080,11160,18529,1378,1485.964,4337.2970000000005,9321.738000000001,12557.855000000003,420.816,5073.016,11147.744999999999,20076.806,5,0,270391753,0,0,6.99,1275,1551,519,,1065.148,-735.719,-1826.0070000000003,-7517.951000000001,64.04,74.35,74.28,74.49,true,false,3.6,-0.38,
14,2330,台積電,TWSE,半導體業,等待確認,正常持有,standard,今天不下單,每個交易日收盤後，檢查趨勢與法人籌碼,"已有部位可續抱觀察，但暫不追價；若收盤跌破60日EMA約 2,382.54 且法人籌碼轉弱，先減碼三分之一。",未觸發明確減碼訊號,76.1,77.5,68.5,85,100,可用,2460,2430,53.32,39.26,59.29,30.94,245.76,49.33,28.52,9.92,0.89,69,-60,299,1028,-1286,-10356,455,7879.185,-9045.035000000002,-296.3550000000032,8440.537999999997,478.401,1103.941,1108.725,0.37899999999967804,3,2,2715694860,3179.6440000000002,3045.7659999999996,69.22,3348,-13123,3362,,6039.352,-13328.62,-4450.846,5342.835999999999,57.29,50.12,39.3,71.77,true,false,1.71,3.36,外資持股尚未完成5／10日可比核對或期間有非市場異動；此項不給分，不解讀為轉弱
15,9945,潤泰新,TWSE,其他,等待確認,正常持有,standard,今天不下單,每個交易日收盤後，檢查趨勢與法人籌碼,已有部位可續抱觀察，但暫不追價；若收盤跌破60日EMA約 27.56 且法人籌碼轉弱，先減碼三分之一。,未觸發明確減碼訊號,74.9,77.3,75.1,85,100,完整,29.05,29.1,37.99,34.41,20.1,34.7,158.5,3.7,5.06,0.51,3.8,5,689,2144,2170,2170,-1801,0,-899.698,7292.536,8670.753,8231.585,689,2160,2160,2147.976,4,0,62532000,1416.889,1412.971,8.44,-1429,3311,6695,,-1552.202,3715.6470000000004,5097.782,4293.333,60.95,63.29,52.53,84.82,false,false,2.54,4.31,20日趨勢尚未上彎；ETF加碼金額或跨基金共識尚未同時成立；單季稅前獲利對營業外貢獻依賴偏高
16,2606,裕民,TWSE,航運業,等待確認,正常持有,standard,今天不下單,每個交易日收盤後，檢查趨勢與法人籌碼,已有部位可續抱觀察，但暫不追價；若收盤跌破60日EMA約 70.74 且法人籌碼轉弱，先減碼三分之一。,未觸發明確減碼訊號,72,77.1,67.9,85,100,可用,79.8,77.4,18.16,25.1,28.58,55.87,161.86,3.51,11.42,1.62,3.62,7,10,1023,1384,1321,97,0,484.317,1255.141,2939.8959999999997,13255.373000000001,10,1465,1501,1942.573,4,0,113391000,-42.869,-293.96799999999996,24.63,577,-8,1381,,360.695,-166.98999999999995,1732.8639999999998,11321.767999999998,63.82,48.82,45.22,56.02,true,false,5.39,4.72,ETF加碼金額或跨基金共識尚未同時成立
17,6206,飛捷,TWSE,電腦及週邊設備業,等待確認,正常持有,standard,今天不下單,每個交易日收盤後，檢查趨勢與法人籌碼,已有部位可續抱觀察，但暫不追價；若收盤跌破60日EMA約 135.62 且法人籌碼轉弱，先減碼三分之一。,未觸發明確減碼訊號,72.2,76.2,78.9,85,100,完整,138.5,140.5,62.18,30.08,29.65,29.6,275.95,5.93,15.3,3.77,3.97,7,-1,-1,27,308,291,28,-406.336,-120.29400000000004,455.90900000000005,3597.3630000000003,-0.575,26.632,565.48,98.812,1,2,3688532,75.691,52.67,19.72,-377,-140,47,,-381.554,-222.61699999999996,-162.24099999999987,3411.991,50.63,60.67,56.96,68.1,false,false,0.22,1.84,ETF 1/3日已轉為減碼；20日趨勢尚未上彎；ETF加碼金額或跨基金共識尚未同時成立
18,6670,復盛應用,TWSE,運動休閒,等待確認,正常持有,standard,今天不下單,每個交易日收盤後，檢查趨勢與法人籌碼,已有部位可續抱觀察，但暫不追價；若收盤跌破60日EMA約 269.62 且法人籌碼轉弱，先減碼三分之一。,未觸發明確減碼訊號,70.3,75.8,67.8,85,100,完整,275.5,276.25,45.02,14.88,15.25,40.17,200.45,13.1,11.25,2.47,5.81,6,19,29,22,31,192,-7,14.482,-4.888,-13.186999999999996,64.53299999999997,19.39,8.39,17.17,-16.557999999999993,2,2,2311445,-51.117000000000004,-96.433,24.92,39,79,27,,5.092,37.839,66.076,231.70200000000003,54.29,39.43,30.89,56.53,true,false,0.81,1.1,主動ETF 5日轉為減碼；ETF加碼金額或跨基金共識尚未同時成立
19,2382,廣達,TWSE,電腦及週邊設備業,等待確認,正常持有,standard,今天不下單,每個交易日收盤後，檢查趨勢與法人籌碼,已有部位可續抱觀察，但暫不追價；若收盤跌破60日EMA約 335.04 且法人籌碼轉弱，先減碼三分之一。,未觸發明確減碼訊號,79.4,75.6,47.4,85,100,可用,344.5,343,177.45,102.63,3.1,87.6,112.75,12.93,14.95,5.43,4.55,48,5122,11964,13038,14686,18809,18,-659.464,13256.546,12189.243,24346.982000000004,5115.73,12620.155999999999,13945.723,18522.331999999995,5,0,4328713508,1307.1580000000001,870.9100000000002,23.88,-5431,-325,280,,-6125.357,-670.7679999999998,-2627.3900000000003,5641.502999999999,56.8,61.08,53.62,76.02,true,false,2.28,3.61,
20,7769,鴻勁,TWSE,半導體業,等待確認,正常持有,standard,今天不下單,每個交易日收盤後，檢查趨勢與法人籌碼,"已有部位可續抱觀察，但暫不追價；若收盤跌破60日EMA約 6,329.73 且法人籌碼轉弱，先減碼三分之一。",未觸發明確減碼訊號,79.5,75.4,63.3,85,100,可用,6540,6540,91.58,92.92,49.13,33.36,287.37,56.14,67.52,20.72,0.99,29,-4,4,6,19,-164,1,74.798,85.43299999999999,804.687,1030.624,2.351,1.730999999999999,288.009,-483.291,2,3,11320740,47.995,46.88199999999999,20.33,196,462,909,,44.092,35.706999999999994,469.796,1453.05,54.54,36.56,37.28,35.1,false,false,3.3,3.73,20日趨勢尚未上彎；ETF加碼金額或跨基金共識尚未同時成立
21,2347,聯強,TWSE,電子通路業,等待確認,正常持有,standard,今天不下單,每個交易日收盤後，檢查趨勢與法人籌碼,已有部位可續抱觀察，但暫不追價；若收盤跌破60日EMA約 88.56 且法人籌碼轉弱，先減碼三分之一。,未觸發明確減碼訊號,77.8,75,55.2,85,100,可用,90.8,91.3,122.02,89.66,2.49,70.33,142.57,4.12,12.42,1.75,4.63,23,40,-788,861,3702,3626,32,568.732,2107.678,2038.1039999999996,11081.978999999998,39.04,882.433,3050.612,3479.024,4,1,80124916,271.58899999999994,329.111,29.89,425,997,-1668,,392.052,953.6560000000001,-1341.6190000000001,8128.2519999999995,58.71,86.61,77.74,104.35,true,false,2.08,1.34,ETF加碼金額或跨基金共識尚未同時成立
22,2495,普安,TWSE,電腦及週邊設備業,等待確認,正常持有,standard,今天不下單,每個交易日收盤後，檢查趨勢與法人籌碼,已有部位可續抱觀察，但暫不追價；若收盤跌破60日EMA約 39.41 且法人籌碼轉弱，先減碼三分之一。,未觸發明確減碼訊號,68.1,75,70.2,85,100,完整,37.95,38.7,106.21,53.01,14.2,42.69,215.77,0.61,18.74,2.29,2.1,2,0,0,40,90,170,0,96.796,528.421,837.765,815.8220000000001,0,40,90,173,1,0,1522000,-30.814,-104.07,8.49,-29,535,927,,84.796,519.235,851.835,717.747,50.67,47.94,43.42,56.97,true,false,0.97,1.74,ETF加碼金額或跨基金共識尚未同時成立
23,2376,技嘉,TWSE,電腦及週邊設備業,等待確認,保護持有,protect,今天不新增部位；未完成確認前不機械式賣出,今天收盤後；若跌破，再看下一交易日是否收復,已有部位暫停加碼；若收盤跌破60日EMA約 345.35，且下一交易日仍未收復，先減碼三分之一；若ETF或外資繼續轉弱，再分批降低部位。,外資持股5/10日下降且外資5日賣超,75.6,74.8,53.1,85,100,可用,356,357.5,98.43,55.23,6.23,74.46,144.47,17.73,13.32,3.59,3.37,30,233,2810,3931,5889,7875,0,744.345,360.6490000000001,-6321.9580000000005,7400.223999999999,232.241,3515.241,5586.666000000001,4759.161000000002,5,0,1251425796,384.42699999999996,-136.36200000000005,22.21,492,-2683,-9320,,346.772,-3539.019,-11772.261999999999,2534.426000000002,53.17,45.01,36.94,61.14,true,false,1.05,3.49,外資持股5/10日下降，且外資5日賣超
24,5351,鈺創,TPEX,半導體業,等待確認,正常持有,standard,今天不下單,每個交易日收盤後，檢查趨勢與法人籌碼,已有部位可續抱觀察，但暫不追價；若收盤跌破60日EMA約 105.13 且法人籌碼轉弱，先減碼三分之一。,未觸發明確減碼訊號,66.6,74.7,66.7,85,100,可用,113.5,114.5,525.32,488.92,30.67,40.59,243.12,6.69,17.57,5.17,0,2,0,30,30,-30,-212,0,531.288,531.288,531.288,-8956.712,0,0,0,-162,0,0,0,-0.322,-0.322,35.05,,,,,531.61,531.61,531.61,-8562.39,52.59,38.29,27.95,58.99,true,false,1.61,7.08,外資持股尚未完成5／10日可比核對或期間有非市場異動；此項不給分，不解讀為轉弱；20日趨勢尚未上彎
25,3653,健策,TWSE,電子零組件業,等待確認,正常持有,standard,今天不下單,每個交易日收盤後，檢查趨勢與法人籌碼,"已有部位可續抱觀察，但暫不追價；若收盤跌破60日EMA約 4,849.46 且法人籌碼轉弱，先減碼三分之一。",未觸發明確減碼訊號,80.4,74.2,64.5,85,100,可用,6075,5580,90.9,42.93,35.34,28.69,256.61,25.33,124.69,34.38,0.39,39,2,-5,67,116,103,42,18.596,351.642,466.65600000000006,421.595,-1.696,189.691,205.57900000000004,141.98000000000002,3,2,1048042775,24.410000000000004,-59.532000000000004,26.48,26,180,304,,18.289,137.541,320.609,249.0039999999999,63.52,53.99,40.82,80.31,true,false,10.26,4.38,外資持股尚未完成5／10日可比核對或期間有非市場異動；此項不給分，不解讀為轉弱
26,3231,緯創,TWSE,電腦及週邊設備業,等待確認,正常持有,standard,今天不下單,每個交易日收盤後，檢查趨勢與法人籌碼,已有部位可續抱觀察，但暫不追價；若收盤跌破60日EMA約 176.27 且法人籌碼轉弱，先減碼三分之一。,未觸發明確減碼訊號,77.8,74.1,47.3,85,100,可用,186.5,187,166.48,98.87,3.59,82.37,118.14,7.78,14.81,3.06,2.95,43,3056,6400,9316,14418,20479,1013,174.849,-10708.222999999998,-87721.252,24142.052000000003,3044.019,9240.019,12119.010000000002,29474.594999999994,5,0,1723263544,-862.0700000000002,31.19199999999995,36.54,-6798,227397,153651,,-3502.354,-19086.172,-99871.454,-4067.7139999999927,53.54,33.65,33.99,32.97,true,true,0.91,3.04,外資持股尚未完成5／10日可比核對或期間有非市場異動；此項不給分，不解讀為轉弱
27,1773,勝一,TWSE,化學工業,等待確認,正常持有,standard,今天不下單,每個交易日收盤後，檢查趨勢與法人籌碼,已有部位可續抱觀察，但暫不追價；若收盤跌破60日EMA約 162.88 且法人籌碼轉弱，先減碼三分之一。,未觸發明確減碼訊號,69.4,74,58.1,85,100,完整,163.5,163.5,44.62,23.96,23.46,37.93,104.11,4.38,20.39,4.29,2.45,2,0,0,0,0,0,0,16.657,-18.170000000000016,146.05000000000004,-1626.4440000000002,0,38,-1,-614.017,1,0,6213000,5.619000000000001,-28.842,6.84,323,73,270,,11.761,-61.789000000000016,175.89199999999994,-1031.2680000000005,53.64,56.81,40.75,88.93,true,false,1.42,4.47,
28,3167,大量,TWSE,電機機械,等待確認,正常持有,standard,今天不下單,每個交易日收盤後，檢查趨勢與法人籌碼,已有部位可續抱觀察，但暫不追價；若收盤跌破60日EMA約 755.93 且法人籌碼轉弱，先減碼三分之一。,未觸發明確減碼訊號,74.8,74,50.7,85,100,完整,834,816,152.98,135.15,24.48,64.49,143.75,9.26,58.49,17.39,0.47,4,0,150,150,300,427,150,-517.276,-1932.0189999999998,1600.8970000000004,337.36500000000024,55,375,788,603,4,0,312750000,19.676,-168.60399999999998,10.61,-187,-2555,573,,-612.448,-2326.6949999999997,981.5010000000001,-100.13499999999972,55.55,32.3,39.08,18.74,false,false,3.88,2.96,ETF加碼金額或跨基金共識尚未同時成立
29,8109,博大,TPEX,電子零組件業,等待確認,正常持有,standard,今天不下單,每個交易日收盤後，檢查趨勢與法人籌碼,已有部位可續抱觀察，但暫不追價；若收盤跌破60日EMA約 128.85 且法人籌碼轉弱，先減碼三分之一。,未觸發明確減碼訊號,65.3,74,80.2,85,100,可用,134,136,56.12,30.7,36.05,22.91,415.49,3.84,18.03,3.64,3.36,1,0,-11,1,44,95,0,268.286,268.286,268.286,66.286,0,0,0,51,0,0,0,2.207,2.207,4.52,,,,,266.079,266.079,266.079,-10.920999999999992,57.93,78.29,55.51,123.85,false,false,2.84,5.1,外資持股尚未完成5／10日可比核對或期間有非市場異動；此項不給分，不解讀為轉弱；20日趨勢尚未上彎；ETF加碼金額或跨基金共識尚未同時成立
30,2357,華碩,TWSE,電腦及週邊設備業,等待確認,正常持有,standard,今天不下單,每個交易日收盤後，檢查趨勢與法人籌碼,已有部位可續抱觀察，但暫不追價；若收盤跌破60日EMA約 874.23 且法人籌碼轉弱，先減碼三分之一。,未觸發明確減碼訊號,75.7,73.9,55.2,85,100,可用,960,977,51.17,42.3,7.05,62.01,128,38.83,14.04,2.37,4.38,44,-975,-560,49,3605,5456,-2,-798.235,-285.89599999999996,-3190.379,9756.190999999999,-977.208,28.5919999999999,3659.1799999999994,5484.563,3,2,27448320,-98.90899999999999,-857.6850000000001,39.7,155,178,-3497,,194.424,-215.57899999999995,-5991.874,5051.8240000000005,54.77,51.42,42.52,69.24,true,false,1.17,2.78,ETF 1/3日已轉為減碼；ETF加碼金額或跨基金共識尚未同時成立；借券賣出與借券賣出餘額壓力升高
31,2548,華固,TWSE,建材營造,等待確認,正常持有,standard,今天不下單,每個交易日收盤後，檢查趨勢與法人籌碼,已有部位可續抱觀察，但暫不追價；若收盤跌破60日EMA約 96.87 且法人籌碼轉弱，先減碼三分之一。,未觸發明確減碼訊號,66.3,73.7,69.2,85,93,可用,97.1,97,139.53,105.33,20.15,61.37,222.93,2.81,7.8,1.48,8.81,2,0,0,6,14,12,0,1056.948,-495.43999999999994,-338.2099999999999,-6248.36,0,-19,-11.7,-83.90899999999999,1,2,-1833500,73.495,95.30200000000002,14.2,977,-553,207,,1016.829,-549.935,-421.8119999999999,-6222.932,59.14,55.4,42.18,81.84,true,false,2.71,4.52,20日趨勢尚未上彎；ETF加碼金額或跨基金共識尚未同時成立
32,2059,川湖,TWSE,電子零組件業,等待確認,保護持有,protect,今天不新增部位；未完成確認前不機械式賣出,今天收盤後；若跌破，再看下一交易日是否收復,"已有部位暫停加碼；若收盤跌破60日EMA約 10,996.04，且下一交易日仍未收復，先減碼三分之一；若ETF或外資繼續轉弱，再分批降低部位。",外資持股5/10日下降且外資5日賣超,72.6,73.6,70.4,85,100,可用,12460,12980,344.42,163.96,77.05,28.35,356.12,110.96,68.88,35.28,0.41,35,-6,19,19,-17,-98,21,-128.465,-256.108,-421.2890000000001,-524.1130000000002,2.33,134.503,-148.15000000000003,-354.717,5,0,1680614985,-41.98,-36.046,23.37,-118,-354,-248,,-129.133,-348.631,-237.093,-183.695,50.22,26.89,20.14,40.38,true,false,-1.16,3.92,外資持股5/10日下降，且外資5日賣超；20日趨勢尚未上彎
33,2603,長榮,TWSE,航運業,等待確認,保護持有,protect,今天不新增部位；未完成確認前不機械式賣出,今天收盤後；若跌破，再看下一交易日是否收復,已有部位暫停加碼；若收盤跌破60日EMA約 223.77，且下一交易日仍未收復，先減碼三分之一；若ETF或外資繼續轉弱，再分批降低部位。,外資持股5/10日下降且外資5日賣超,72.3,73.6,67.4,85,100,可用,240,240,48.64,9.78,14.77,39.75,138.81,11.24,9.54,0.93,6.65,31,-8,3531,7325,9835,11901,1175,684.524,6033.487000000001,11567.116,29843.348,-10.813,9577.587,12871.483999999999,19267.774999999998,4,1,2303409674,448.055,589.4279999999999,25.95,-4901,-10860,-12001,,714.802,-3992.1549999999997,-1893.7959999999994,10597.877000000004,58.21,73.54,68.26,84.09,false,false,2.17,1.27,外資持股5/10日下降，且外資5日賣超；20日趨勢尚未上彎
34,3017,奇鋐,TWSE,電腦及週邊設備業,等待確認,正常持有,standard,今天不下單,每個交易日收盤後，檢查趨勢與法人籌碼,"已有部位可續抱觀察，但暫不追價；若收盤跌破60日EMA約 2,951.26 且法人籌碼轉弱，先減碼三分之一。",未觸發明確減碼訊號,79.2,73.5,47.6,85,100,可用,3480,3440,54.34,76.1,25.97,68.07,126.07,44.54,45.72,24.4,0.61,49,17,136,66,-237,428,75,205.887,329.20799999999997,-255.45100000000014,6252.878000000001,41.794,-96.214,-407.6260000000001,2119.1949999999997,3,2,-330014020,212.32,72.972,54.32,144,368,19,,-1.31,213.102,79.20299999999997,3727.653,60.39,56.14,42.88,82.66,true,false,6.72,5.14,
35,3491,昇達科,TPEX,通信網路業,等待確認,正常持有,strong,強勢續抱；不追高,今日收盤確認是否守住20日EMA,"價格仍在20／60日EMA之上且短線強勢；法人未同步轉弱。若收盤跌破20日EMA約 1,431.60 且法人續弱，再轉為保護持有。",價格強勢站上20／60日EMA；法人未同步轉弱,77,73.4,62.9,85,100,可用,1565,1580,93.19,73.4,28.88,37.31,263.15,8.15,124.4,23.71,0.43,14,144,235,235,231,775,236,394.454,394.454,394.454,197.45399999999995,155.253,155.253,155.253,642.2529999999999,1,0,242970945,3.644,3.644,31,,,,,235.557,235.557,235.557,-439.443,61.15,72.2,57.56,101.49,true,false,9.32,12.59,外資持股尚未完成5／10日可比核對或期間有非市場異動；此項不給分，不解讀為轉弱；高波動且5日漲幅過大
36,7749,意騰-KY,TWSE,半導體業,等待確認,保護持有,protect,今天不新增部位；未完成確認前不機械式賣出,今天收盤後；若跌破，再看下一交易日是否收復,已有部位暫停加碼；若收盤跌破60日EMA約 374.15，且下一交易日仍未收復，先減碼三分之一；若ETF或外資繼續轉弱，再分批降低部位。,外資持股5/10日下降且外資5日賣超,60.2,73.4,80.8,85,100,完整,360.5,361.5,60.5,60.27,36.17,17.76,499.02,7.57,24.93,4.53,2.5,1,0,0,0,6,6,0,-15.44,-154.11299999999997,-50.24000000000001,-117.91100000000003,0,0,6,-4,0,0,0,-6.299999999999999,-9.247,22.35,-11,-151,-258,,-19,-147.813,-46.992999999999995,-106.70599999999999,50.93,73.61,54.18,112.49,false,false,0.77,6.34,外資持股5/10日下降，且外資5日賣超
37,2428,興勤,TWSE,電子零組件業,等待確認,正常持有,standard,今天不下單,每個交易日收盤後，檢查趨勢與法人籌碼,已有部位可續抱觀察，但暫不追價；若收盤跌破60日EMA約 253.22 且法人籌碼轉弱，先減碼三分之一。,未觸發明確減碼訊號,68.2,73.3,72.1,85,100,完整,260,260.5,51.21,27.61,22.64,36.2,299.37,7.55,18.48,2.82,2.27,3,0,0,0,-189,-181,0,221.153,298.15700000000004,-437.919,12.83799999999999,0,0,-189,-98.67599999999999,0,0,0,22.561,-6.539999999999999,14.5,263,143,-340,,211.44,275.596,-242.37899999999993,-36.714999999999904,55.23,65.57,52.48,91.76,false,false,2.31,2.77,
38,6739,竹陞科技,TPEX,其他電子業,等待確認,正常持有,standard,今天不下單,每個交易日收盤後，檢查趨勢與法人籌碼,"已有部位可續抱觀察，但暫不追價；若收盤跌破60日EMA約 1,109.27 且法人籌碼轉弱，先減碼三分之一。",未觸發明確減碼訊號,65.1,73.3,64.7,85,100,可用,1150,1152.5,96.73,97.06,58.57,38.6,181.02,13.31,48.71,26.01,1.13,1,0,0,0,0,0,0,-2.392,-2.392,-2.392,57.608,0,0,0,0,0,0,0,7.393,7.393,3.03,,,,,-9.785,-9.785,-9.785,54.215,53.28,26.64,31.95,16.03,false,false,2.82,0.44,外資持股尚未完成5／10日可比核對或期間有非市場異動；此項不給分，不解讀為轉弱
39,7828,創新服務,TPEX,半導體業,等待確認,正常持有,standard,今天不下單,每個交易日收盤後，檢查趨勢與法人籌碼,"已有部位可續抱觀察，但暫不追價；若收盤跌破60日EMA約 1,793.60 且法人籌碼轉弱，先減碼三分之一。",未觸發明確減碼訊號,73.4,73,69.3,85,100,可用,2125,2107.5,192.14,226.2,39.39,10.55,741.72,4.52,215.52,16.65,0.21,2,0,0,2,2,1,1,314.649,314.649,314.649,516.649,0,0,0,17,0,0,0,7.969,7.969,29.07,,,,,306.68,306.68,306.68,447.68,61.55,58.31,53.69,67.55,true,false,11.03,8.97,外資持股尚未完成5／10日可比核對或期間有非市場異動；此項不給分，不解讀為轉弱；ETF加碼金額或跨基金共識尚未同時成立
40,8271,宇瞻,TWSE,半導體業,等待確認,降低部位,trim,停止加碼；反彈未站回恢復區時分批減碼,每個交易日收盤後，確認是否站回恢復區,已有部位先停止加碼。反彈若仍未站回 215.52，分批降低部位；只有站回且ETF／外資賣壓收斂後才重新評估。,價格跌破60日EMA且20日趨勢向下；外資持股5/10日下降且外資5日賣超,53.2,72.9,70.1,85,100,完整,218,205.5,177.1,226.89,34.73,55.84,184.73,35.51,5.11,2.8,2.17,3,0,0,0,-37,-280,0,-491.843,-1384.712,-2523.399,-1938.8229999999996,0,-0.6,-37.6,-148.78200000000004,0,1,-123300,2.011000000000001,-21.403000000000002,8.82,-337,-1005,-2158,,-495.095,-1386.123,-2464.396,-1439.4990000000005,51.52,38.94,23.93,68.98,false,false,1.5,7.92,外資持股5/10日下降，且外資5日賣超；20日趨勢尚未上彎；當下除權息調整價未守20日EMA
41,2476,鉅祥,TWSE,電子零組件業,等待確認,正常持有,standard,今天不下單,每個交易日收盤後，檢查趨勢與法人籌碼,已有部位可續抱觀察，但暫不追價；若收盤跌破60日EMA約 120.78 且法人籌碼轉弱，先減碼三分之一。,未觸發明確減碼訊號,69.2,72.8,72.2,85,100,完整,124.5,126,41.04,39.81,19.32,27.64,314.36,2.98,20.16,2.98,2.4,2,0,0,0,-4,-227,0,830.175,564.073,303.1650000000001,2024.0230000000001,0,0,-4,-207,0,0,0,492.823,971.6089999999999,7.98,536,285,-248,,471.912,71.25000000000009,-664.4439999999998,551.8520000000001,56.47,47.84,39.67,64.17,true,false,2.8,4.18,
42,6187,萬潤,TPEX,半導體業,等待確認,正常持有,strong,強勢續抱；不追高,今日收盤確認是否守住20日EMA,"價格仍在20／60日EMA之上且短線強勢；法人未同步轉弱。若收盤跌破20日EMA約 1,270.45 且法人續弱，再轉為保護持有。",價格強勢站上20／60日EMA；法人未同步轉弱,76.4,72.7,56.1,85,100,可用,1350,1275,103.06,51.11,29.5,35.14,178.04,11.9,64.8,14.29,0.93,18,-1,42,42,115,-241,1,-2.671,-2.671,-2.671,-451.671,-25.886,-25.886,-25.886,394.11400000000003,0,1,-32357500,2.983,2.983,33.21,,,,,20.232,20.232,20.232,-894.768,58.06,35.35,25.73,54.59,true,false,6.26,10.2,外資持股尚未完成5／10日可比核對或期間有非市場異動；此項不給分，不解讀為轉弱；強勢上漲後盤中急跌反轉；ETF加碼金額或跨基金共識尚未同時成立
43,8021,尖點,TWSE,其他電子業,等待確認,正常持有,standard,今天不下單,每個交易日收盤後，檢查趨勢與法人籌碼,已有部位可續抱觀察，但暫不追價；若收盤跌破60日EMA約 433.81 且法人籌碼轉弱，先減碼三分之一。,未觸發明確減碼訊號,70.2,72.3,61.4,85,100,完整,460,460,97.75,76.07,24.71,37.35,239.28,3.25,92.74,10.73,0.43,9,0,0,0,-8,138,0,-744.167,141.94099999999986,3584.078,-678.4560000000002,1,-9,-514,550.43,3,1,-4140000,69.877,265.099,17.03,-873,-507,2677,,-823.535,81.06400000000005,3832.979,-1367.1470000000002,56.26,62.24,56.82,73.07,true,false,4.94,3.95,
44,5274,信驊,TPEX,半導體業,等待確認,正常持有,standard,今天不下單,每個交易日收盤後，檢查趨勢與法人籌碼,"已有部位可續抱觀察，但暫不追價；若收盤跌破60日EMA約 16,511.49 且法人籌碼轉弱，先減碼三分之一。",未觸發明確減碼訊號,73.9,72.2,54.1,85,100,可用,18980,19290,118.42,74.49,53.36,45.44,201.99,78.28,128.68,93.59,0.42,32,-2,12,12,-84,-209,4,32.75,32.75,32.75,220.75,44.483,44.483,44.483,470.483,1,0,858077070,1.129,1.129,53.1,,,,,-12.862,-12.862,-12.862,-261.86199999999997,61.61,51.53,51.49,51.61,true,false,6.56,5.56,外資持股尚未完成5／10日可比核對或期間有非市場異動；此項不給分，不解讀為轉弱
45,6505,台塑化,TWSE,油電燃氣業,等待確認,保護持有,protect,今天不新增部位；未完成確認前不機械式賣出,今天收盤後；若跌破，再看下一交易日是否收復,已有部位暫停加碼；若收盤跌破60日EMA約 73.32，且下一交易日仍未收復，先減碼三分之一；若ETF或外資繼續轉弱，再分批降低部位。,外資持股5/10日下降且外資5日賣超,74.3,72.2,69.4,85,100,完整,86.5,81.2,50.29,16.72,13.74,16.6,520.61,4.32,15.02,1.69,1.39,10,-177,3808,3839,7103,6853,1594,-2402.302,-2110.7569999999996,2836.8189999999995,-22121.169,-180.461,7865.539,19801.064000000002,20970.362,3,1,680369124,22.668999999999926,428.8259999999999,6.73,-1001,-9530,-16889,,-2501.065,-9998.965,-17393.070999999996,-44836.21799999999,63.98,60.21,60.57,59.48,false,false,7.23,4.47,外資持股5/10日下降，且外資5日賣超
46,2436,偉詮電,TWSE,半導體業,等待確認,正常持有,standard,今天不下單,每個交易日收盤後，檢查趨勢與法人籌碼,已有部位可續抱觀察，但暫不追價；若收盤跌破60日EMA約 66.32 且法人籌碼轉弱，先減碼三分之一。,未觸發明確減碼訊號,74.6,72.1,65.9,85,100,完整,68.3,67.9,32.15,30.41,11.77,33,261.25,3.02,12.48,2.85,2.89,3,0,-18,19,671,671,19,-23.166,1169.687,973.844,7917.724999999998,0,19,671,331,1,1,1290100,43.192,46.47800000000001,12.31,59,2311,1884,,-58.038,1107.495,256.366,7320.051999999999,54.51,41.6,40,44.79,true,false,1.96,0.59,ETF加碼金額或跨基金共識尚未同時成立；單季稅前獲利對營業外貢獻依賴偏高
47,6672,騰輝電子-KY,TWSE,電子零組件業,等待確認,正常持有,standard,今天不下單,每個交易日收盤後，檢查趨勢與法人籌碼,已有部位可續抱觀察，但暫不追價；若收盤跌破60日EMA約 264.99 且法人籌碼轉弱，先減碼三分之一。,未觸發明確減碼訊號,71.8,72.1,66.4,85,100,完整,304,313,133.24,53.6,14.55,29.42,311.02,4.75,45.62,5.13,1.11,2,0,0,0,-9,-21,0,1462.853,1372.7960000000003,662.8120000000001,676.8150000000004,2,101,92,80,3,0,30502000,39.53999999999999,61.867999999999995,23.64,1368,1491,1725,,1408.371,1232.256,508.9439999999999,306.28200000000004,59.92,54.57,54.56,54.61,true,true,5.37,3.23,
48,4916,事欣科,TWSE,電腦及週邊設備業,等待確認,正常持有,strong,強勢續抱；不追高,今日收盤確認是否守住20日EMA,價格仍在20／60日EMA之上且短線強勢；法人未同步轉弱。若收盤跌破20日EMA約 99.17 且法人續弱，再轉為保護持有。,價格強勢站上20／60日EMA；法人未同步轉弱,69.1,71.8,65.6,85,100,完整,105.5,107,82.96,61.85,9.14,32.64,257.18,5.45,16.16,3.62,0.47,1,0,0,0,0,0,0,267.932,916.971,520.1400000000001,-2701.755,0,0,0,0,0,0,0,110.293,39.35,3.03,246,909,970,,229.552,806.678,480.7900000000001,-2691.282,61.72,66.03,42.85,112.38,false,false,6.38,12.35,單季稅前獲利對營業外貢獻依賴偏高
49,1708,東鹼,TWSE,化學工業,等待確認,正常持有,standard,今天不下單,每個交易日收盤後，檢查趨勢與法人籌碼,已有部位可續抱觀察，但暫不追價；若收盤跌破60日EMA約 49.85 且法人籌碼轉弱，先減碼三分之一。,未觸發明確減碼訊號,65.2,71.5,61.3,85,100,完整,51.2,50.8,33.17,15.97,16.49,39.42,104.33,1.98,12.28,1.66,3.16,1,0,0,0,-10,-19,0,288.25,2049.106,1615.543,2404.5260000000003,0,0,-10,-33,0,0,0,-12.394999999999987,-79.97299999999998,9.82,279,2417,1961,,335.169,2061.501,1705.5160000000003,2548.858,55.66,68.24,47.16,110.41,false,false,2.28,6.78,20日趨勢尚未上彎
50,6531,愛普*,TWSE,半導體業,等待確認,正常持有,standard,今天不下單,每個交易日收盤後，檢查趨勢與法人籌碼,已有部位可續抱觀察，但暫不追價；若收盤跌破60日EMA約 904.35 且法人籌碼轉弱，先減碼三分之一。,未觸發明確減碼訊號,69.5,71.1,66.2,85,100,可用,942,958,150.82,109.13,29.44,24.47,373.6,8.33,55.82,12.56,0.72,19,-4,-15,-26,648,1400,-1,946.474,429.601,3245.9720000000007,1401.7970000000005,-138,-143,1417.296,1987.2720000000002,1,3,-138424000,-32.21,56.095,33.62,1028,618,1981,,1042.411,604.8110000000001,1772.5810000000001,-748.2169999999999,51.59,34.21,38.75,25.14,false,false,0.79,-2.08,20日累積後5日轉為調節；ETF 1/3日已轉為減碼；投信20日買超後近5日轉賣；借券賣出與借券賣出餘額壓力升高
51,3044,健鼎,TWSE,電子零組件業,等待確認,保護持有,protect,今天不新增部位；未完成確認前不機械式賣出,今天收盤後；若跌破，再看下一交易日是否收復,已有部位暫停加碼；若收盤跌破60日EMA約 471.76，且下一交易日仍未收復，先減碼三分之一；若ETF或外資繼續轉弱，再分批降低部位。,外資持股5/10日下降且外資5日賣超,67.6,70.9,60.2,85,100,可用,503,518,65.48,38.72,20.58,48.8,162.21,13.02,22.19,4.89,2.45,24,-174,181,401,787,1025,0,522.942,-965.9359999999999,-469.8510000000001,-2457.897,-23.322,390.678,782.883,2610.5480000000002,2,3,202371204,-72.61000000000001,-167.21800000000002,48.24,680,-1187,-993,,518.662,-1284.0040000000001,-1085.516,-4915.934,55.77,56.58,61.01,47.73,false,false,1.98,-1.37,外資持股5/10日下降，且外資5日賣超
52,3617,碩天,TWSE,其他電子業,等待確認,正常持有,standard,今天不下單,每個交易日收盤後，檢查趨勢與法人籌碼,已有部位可續抱觀察，但暫不追價；若收盤跌破60日EMA約 233.93 且法人籌碼轉弱，先減碼三分之一。,未觸發明確減碼訊號,70.4,70.8,73.5,85,100,完整,246,248.25,13.31,10.15,22.32,36.99,273.56,11.12,11.79,2.36,4.04,4,0,49,49,47,23,50,36.715,129.21699999999998,35.40099999999998,442.59899999999993,0,49.485,47.485,35.053,1,1,12173310,-28.499,-37.865,9.73,21,110,22,,41.054,108.231,25.781000000000006,423.325,53.54,55.93,41.57,84.64,false,false,0.97,2.07,20日趨勢尚未上彎；ETF加碼金額或跨基金共識尚未同時成立
53,6442,光聖,TWSE,通信網路業,等待確認,保護持有,protect,今天不新增部位；未完成確認前不機械式賣出,今天收盤後；若跌破，再看下一交易日是否收復,"已有部位暫停加碼；若收盤跌破60日EMA約 1,604.43，且下一交易日仍未收復，先減碼三分之一；若ETF或外資繼續轉弱，再分批降低部位。",投信5/10日持續且具金額意義地賣超,68.8,70.7,66.5,85,100,完整,1725,1575,152.24,42.6,29.66,31.99,217.81,19.07,46.6,9.46,0.71,9,2,3,2,0,50,0,94.196,-157.42499999999993,-375.1609999999999,217.49800000000022,-147,-555,-291.5,312.54600000000005,1,3,-874125000,-80.906,-96.98700000000001,32.56,210,467,58,,205.911,478.481,13.325999999999993,-119.45800000000003,56.88,32.39,25.99,45.18,true,false,6.57,8.49,投信5/10日持續且具金額意義的賣超；當下除權息調整價未守20日EMA；ETF加碼金額或跨基金共識尚未同時成立
54,1815,富喬,TPEX,電子零組件業,等待確認,正常持有,strong,強勢續抱；不追高,今日收盤確認是否守住20日EMA,價格仍在20／60日EMA之上且短線強勢；法人未同步轉弱。若收盤跌破20日EMA約 115.76 且法人續弱，再轉為保護持有。,價格強勢站上20／60日EMA；法人未同步轉弱,66.2,70.5,67.5,85,100,可用,124.5,129,79.21,51.2,23.66,36.17,273.98,2.24,34.64,5.1,0.84,4,2,34,59,182,525,0,11740.4,11740.4,11740.4,27212.4,-827,-827,-827,-2517,0,1,-98826500,920.274,920.274,27.69,,,,,11647.126,11647.126,11647.126,31620.126,60.21,40.43,41.69,37.92,false,false,7.55,3.75,外資持股尚未完成5／10日可比核對或期間有非市場異動；此項不給分，不解讀為轉弱；ETF加碼金額或跨基金共識尚未同時成立
55,6509,聚和,TPEX,化學工業,等待確認,正常持有,standard,今天不下單,每個交易日收盤後，檢查趨勢與法人籌碼,已有部位可續抱觀察，但暫不追價；若收盤跌破60日EMA約 46.71 且法人籌碼轉弱，先減碼三分之一。,未觸發明確減碼訊號,64.6,70.4,68.7,85,100,可用,46.7,47.5,20.02,7.33,21.4,32.53,226.71,2.16,12.83,1.64,3,1,0,-34,2,129,279,0,-50.728,-50.728,-50.728,-283.728,0,0,0,150,0,0,0,0.842,0.842,11.63,,,,,-51.57,-51.57,-51.57,-429.57,53.64,67.43,52.91,96.48,false,false,1.3,3.32,外資持股尚未完成5／10日可比核對或期間有非市場異動；此項不給分，不解讀為轉弱；ETF加碼金額或跨基金共識尚未同時成立
56,3081,聯亞,TPEX,通信網路業,等待確認,正常持有,standard,今天不下單,每個交易日收盤後，檢查趨勢與法人籌碼,"已有部位可續抱觀察，但暫不追價；若收盤跌破60日EMA約 2,574.16 且法人籌碼轉弱，先減碼三分之一。",未觸發明確減碼訊號,68.4,70.4,68,85,99.7,可用,2960,3165,180.9,129.04,44.5,24.1,288.03,7.75,247.85,56.46,0.14,19,23,174,196,-54,271,46,-24.802,-24.802,-24.802,447.198,107.535,107.535,107.535,-564.465,1,0,309700800,10.04,10.04,19.12,,,,,-142.377,-142.377,-142.377,976.623,54.79,36.3,24.75,59.41,true,false,3.14,7.83,外資持股尚未完成5／10日可比核對或期間有非市場異動；此項不給分，不解讀為轉弱；20日趨勢尚未上彎
57,3135,凌航,TWSE,半導體業,等待確認,正常持有,standard,今天不下單,每個交易日收盤後，檢查趨勢與法人籌碼,已有部位可續抱觀察，但暫不追價；若收盤跌破60日EMA約 164.86 且法人籌碼轉弱，先減碼三分之一。,未觸發明確減碼訊號,57.7,70.3,62.9,85,100,可用,176,163.5,237.79,246.13,20.31,53.77,264.03,20.87,7.06,3.41,2.29,1,0,0,0,-288,-319,0,44.759,-62.241,-566.264,-1649.163,0,0,-288,-288,0,0,0,-18.745,-37.906,1.03,76,79,44,,45.031,-43.49600000000001,-240.358,-1292.5140000000001,60.26,47.19,27.05,87.47,true,false,5.95,10.69,外資持股尚未完成5／10日可比核對或期間有非市場異動；此項不給分，不解讀為轉弱；當下除權息調整價未守20日EMA；強勢上漲後盤中急跌反轉
58,4576,大銀微系統,TWSE,電機機械,等待確認,正常持有,standard,今天不下單,每個交易日收盤後，檢查趨勢與法人籌碼,已有部位可續抱觀察，但暫不追價；若收盤跌破60日EMA約 219.46 且法人籌碼轉弱，先減碼三分之一。,未觸發明確減碼訊號,69.2,70.1,55.1,85,100,完整,240,242.5,98.05,55.75,17.35,38.14,200.45,1.92,73.17,6.7,0.33,1,0,0,0,0,0,0,379.41,-95.63899999999995,673.147,1962.598,0,81,160,160,1,0,19440000,45.233999999999995,148.22499999999997,7.74,326,6,939,,294.244,-221.873,364.922,1362.887,57.61,47.66,43.68,55.6,true,false,4.11,5.26,
59,6177,達麗,TWSE,建材營造,等待確認,保護持有,protect,今天不新增部位；未完成確認前不機械式賣出,今天收盤後；若跌破，再看下一交易日是否收復,已有部位暫停加碼；若收盤跌破60日EMA約 47.40，且下一交易日仍未收復，先減碼三分之一；若ETF或外資繼續轉弱，再分批降低部位。,外資持股5/10日下降且外資5日賣超,65.1,69.5,58.6,85,100,完整,49,49.45,-8.72,322.35,35.66,73.72,132.76,5.03,5.33,1.9,6.2,3,46,91,21,102,970,-91,364.707,-253.339,-2046.4530000000002,-730.2650000000002,46.647,21.613,-586.449,227.29500000000004,4,1,1044989,1.616999999999999,-298.25300000000004,7.19,382,-224,-545,,324.06,-276.569,-1161.751,-778.5009999999997,58.43,46.7,34.83,70.46,true,false,2.57,4.59,主動ETF 5日轉為減碼；外資持股5/10日下降，且外資5日賣超；20日趨勢尚未上彎；ETF加碼金額或跨基金共識尚未同時成立
60,2360,致茂,TWSE,其他電子業,等待確認,正常持有,standard,今天不下單,每個交易日收盤後，檢查趨勢與法人籌碼,"已有部位可續抱觀察，但暫不追價；若收盤跌破60日EMA約 2,101.46 且法人籌碼轉弱，先減碼三分之一。",未觸發明確減碼訊號,62.7,69.3,60.8,85,100,可用,2150,2440,156.3,108.41,39.54,47.08,167.28,21.27,58.42,29.4,0.85,48,89,101,98,249,110,-3,5.078,-63.897,1826.555,1692.1669999999995,88.874,77.593,1455.933,203.48700000000008,3,2,177687970,177.59400000000002,86.67600000000004,59.02,-129,-366,323,,-166.234,-319.084,283.94599999999997,1448.478,51.58,28.4,33.4,18.38,false,false,0.93,0.47,主動ETF 5日轉為減碼；20日趨勢尚未上彎；短線過熱或乖離過大；ETF加碼金額或跨基金共識尚未同時成立
61,6605,帝寶,TWSE,汽車工業,等待確認,正常持有,standard,今天不下單,每個交易日收盤後，檢查趨勢與法人籌碼,已有部位可續抱觀察，但暫不追價；若收盤跌破60日EMA約 136.63 且法人籌碼轉弱，先減碼三分之一。,未觸發明確減碼訊號,62.2,69.3,68.2,85,100,完整,139,139.5,28.25,3.08,16.7,39.05,152.48,7.71,8.58,1.15,4.68,1,0,0,0,0,0,0,216.415,868.8949999999999,1059.8220000000001,1317.5840000000003,0,-40,-41,-42,0,2,-5560000,-21.619999999999997,-26.574999999999996,15.25,219,850,1047,,210.997,930.5150000000001,1127.3970000000002,1391.681,54.83,60.87,46.43,89.77,false,false,1.15,2.21,20日趨勢尚未上彎
62,7610,聯友金屬-創,TWSE,綠能環保,等待確認,保護持有,protect,今天不新增部位；未完成確認前不機械式賣出,今天收盤後；若跌破，再看下一交易日是否收復,"已有部位暫停加碼；若收盤跌破60日EMA約 1,697.32，且下一交易日仍未收復，先減碼三分之一；若ETF或外資繼續轉弱，再分批降低部位。",外資持股5/10日下降且外資5日賣超,59.6,69.3,64.4,85,100,完整,1950,2070,852.63,563.52,63.23,52.41,289.5,25.37,55.83,30.32,0.13,1,11,11,11,11,11,0,-266.55,-907.7060000000001,-705.7720000000004,-214.9980000000004,11,11,11,11,1,0,21395000,2.613,-46.39300000000001,19.4,-223,-529,-240,,-280.156,-921.319,-670.3789999999999,-214.29299999999992,56.84,49.42,47.19,53.87,true,false,7.83,9.55,外資持股5/10日下降，且外資5日賣超；短線過熱或乖離過大
63,8070,長華*,TWSE,電子通路業,等待確認,正常持有,standard,今天不下單,每個交易日收盤後，檢查趨勢與法人籌碼,已有部位可續抱觀察，但暫不追價；若收盤跌破60日EMA約 49.95 且法人籌碼轉弱，先減碼三分之一。,未觸發明確減碼訊號,70.7,69.3,64.9,85,100,完整,50.5,51,37.57,27.68,12.01,39.01,235.2,1.3,30,1.34,5.35,8,-3,415,415,392,383,420,234.196,1571.589,601.317,2466.339,-3.369,275.782,236.04199999999997,255.9579999999999,1,3,13982147,54.69200000000001,-26.976999999999993,11.02,191,1185,246,,225.565,1241.115,392.25199999999995,2140.88,53.18,70.54,53.21,105.19,false,false,1.18,0.6,20日趨勢尚未上彎；ETF加碼金額或跨基金共識尚未同時成立
64,1608,華榮,TWSE,電器電纜,等待確認,正常持有,standard,今天不下單,每個交易日收盤後，檢查趨勢與法人籌碼,已有部位可續抱觀察，但暫不追價；若收盤跌破60日EMA約 35.17 且法人籌碼轉弱，先減碼三分之一。,未觸發明確減碼訊號,64.2,69.1,67.2,85,100,完整,36.7,37.8,17.9,19.18,10.42,37.4,158.43,7.04,3.1,1.34,5.59,3,-5,-40,-19,1,-38,0,-733.993,-969.1179999999999,-516.5309999999998,16724.406,-4.937,-160.787,-158.10600000000002,-189.10600000000002,1,3,-5756175,-245.34900000000002,-143.036,5.1,-586,-164,77,,-746.678,-562.982,-215.389,17326.163,55.27,36.58,27.18,55.39,true,false,1.43,1.94,ETF 1/3日已轉為減碼；單季稅前獲利對營業外貢獻依賴偏高
65,2889,國票金,TWSE,金融保險業,等待確認,保護持有,protect,今天不新增部位；未完成確認前不機械式賣出,今天收盤後；若跌破，再看下一交易日是否收復,已有部位暫停加碼；若收盤跌破60日EMA約 15.91，且下一交易日仍未收復，先減碼三分之一；若ETF或外資繼續轉弱，再分批降低部位。,KD高檔死亡交叉（僅屬時機警示）,61.2,69,66,85,100,可用,17.3,17.1,51.9,94.92,,88.92,,0.77,14.06,1.31,3.44,2,0,0,0,0,0,0,-7541.312,3119.6130000000003,16474.577999999998,49511.31399999999,0,0,0,-20.394,0,0,0,587.014,525.869,11.64,-5037,5297,16091,,-7903.851,2532.599000000002,15948.709000000003,48530.45700000001,69.56,84.11,85.83,80.66,false,true,4.3,1.47,外資持股尚未完成5／10日可比核對或期間有非市場異動；此項不給分，不解讀為轉弱；KD高檔死亡交叉，等待動能確認
66,2317,鴻海,TWSE,其他電子業,等待確認,正常持有,standard,今天不下單,每個交易日收盤後，檢查趨勢與法人籌碼,已有部位可續抱觀察，但暫不追價；若收盤跌破60日EMA約 249.80 且法人籌碼轉弱，先減碼三分之一。,未觸發明確減碼訊號,72.7,68.7,49.9,85,100,可用,250.5,251.5,51.98,39.73,3.67,62.3,142.27,7.84,16.51,1.84,2.86,45,-250,918,1483,752,-45,3,-6028.954,107.95500000000061,-22949.202,99823.536,-544.169,1555.245,2956.596,3784.0559999999996,3,2,389588873,272.1600000000002,-4274.422,40.34,-6000,-1140,-32478,,-6697.63,-1719.4499999999996,-21631.376,97014.408,49.95,44.66,40.57,52.84,true,false,0.04,0.8,外資持股尚未完成5／10日可比核對或期間有非市場異動；此項不給分，不解讀為轉弱
67,2353,宏碁,TWSE,電腦及週邊設備業,等待確認,正常持有,standard,今天不下單,每個交易日收盤後，檢查趨勢與法人籌碼,已有部位可續抱觀察，但暫不追價；若收盤跌破60日EMA約 31.39 且法人籌碼轉弱，先減碼三分之一。,未觸發明確減碼訊號,75.9,68.6,46.2,85,100,完整,32.45,31.75,38.41,25.08,1.64,67.67,121.95,0.96,19.02,1.24,4.07,16,37,1270,2401,4360,10300,0,-1849.96,19944.885,-3425.2780000000002,41611.018000000004,37.266,2435.293,4451.103,10924.437999999998,5,0,77807611,4505.767,3238.0079999999994,13.99,-2069,18466,-2279,,-2255.356,13003.825,-11114.389,26864.362,56.35,60.91,49.51,83.7,true,false,2.6,3.34,ETF加碼金額或跨基金共識尚未同時成立；單季稅前獲利對營業外貢獻依賴偏高
68,2363,矽統,TWSE,半導體業,等待確認,正常持有,standard,今天不下單,每個交易日收盤後，檢查趨勢與法人籌碼,已有部位可續抱觀察，但暫不追價；若收盤跌破60日EMA約 54.32 且法人籌碼轉弱，先減碼三分之一。,未觸發明確減碼訊號,69.7,67.9,57.5,85,100,完整,54,54.5,81.06,92.6,5.52,5.93,176.11,0.2,99.44,0.56,1.14,3,0,0,0,0,1,0,471.949,4447.198,443.1360000000003,3502.8450000000007,0,0,0,-98.729,0,0,0,153.318,471.99,7.02,1905,6160,3072,,277.825,4293.88,-28.854000000000042,-10.022000000000105,56.15,54.88,41.61,81.42,true,false,3.42,5.06,
69,2368,金像電,TWSE,電子零組件業,等待確認,保護持有,protect,今天不新增部位；未完成確認前不機械式賣出,今天收盤後；若跌破，再看下一交易日是否收復,"已有部位暫停加碼；若收盤跌破60日EMA約 1,056.96，且下一交易日仍未收復，先減碼三分之一；若ETF或外資繼續轉弱，再分批降低部位。",外資持股5/10日下降且外資5日賣超；投信5/10日持續且具金額意義地賣超,65.3,67.9,55.6,85,100,可用,1115,1025,76.39,71.25,26.62,56.53,165.77,16.17,36.61,12.52,0.96,37,1121,1126,746,707,-837,584,1120.601,-3293.941,-4644.1359999999995,-14845.347000000002,737.542,-369.15799999999996,-931.221,-82.69800000000032,2,3,-376541160,57.27699999999993,-119.67200000000008,24.9,240,-2852,-3799,,70.518,-2982.0599999999995,-3593.2429999999995,-14913.988999999998,56.29,40.63,26.08,69.72,true,false,7.12,9.31,投信5/10日持續且具金額意義的賣超；外資持股5/10日下降，且外資5日賣超；當下除權息調整價未守20日EMA；融資增幅與短線漲幅同步偏高；借券賣出與借券賣出餘額壓力升高
70,3005,神基,TWSE,電腦及週邊設備業,等待確認,正常持有,standard,今天不下單,每個交易日收盤後，檢查趨勢與法人籌碼,已有部位可續抱觀察，但暫不追價；若收盤跌破60日EMA約 113.72 且法人籌碼轉弱，先減碼三分之一。,未觸發明確減碼訊號,68.8,67.9,64.2,85,100,完整,118.5,118.5,18.39,9.96,15.34,44.17,195.75,4.27,14.07,2.9,5.73,14,247,579,739,856,503,0,258.81,3068.811,3604.238,4272.629999999999,247.003,834.577,965.4870000000001,860.0260000000001,5,0,98897375,27.37599999999999,-7.006000000000007,15.25,-1055,997,1988,,-48.195,2206.858,2645.7570000000005,3811.7220000000007,59.21,75.44,64.63,97.07,false,false,2.16,1.72,20日趨勢尚未上彎
71,6197,佳必琪,TWSE,電子零組件業,等待確認,正常持有,standard,今天不下單,每個交易日收盤後，檢查趨勢與法人籌碼,已有部位可續抱觀察，但暫不追價；若收盤跌破60日EMA約 303.10 且法人籌碼轉弱，先減碼三分之一。,未觸發明確減碼訊號,69.1,67.8,59.4,85,100,完整,315,325,25.35,23.68,22.77,43.32,210.43,7,27.09,6.97,2.16,1,0,0,0,0,-181,0,498.444,561.0690000000001,59.492000000000075,-2757.611,0,-29,-35,-216.701,0,2,-9294500,29.299999999999997,-134.908,5.03,434,634,352,,413.979,560.7689999999999,229.39999999999986,-2414.6520000000005,55.33,55.31,38.01,89.9,true,false,3.29,6.06,
72,1609,大亞,TWSE,電器電纜,等待確認,正常持有,standard,今天不下單,每個交易日收盤後，檢查趨勢與法人籌碼,已有部位可續抱觀察，但暫不追價；若收盤跌破60日EMA約 37.21 且法人籌碼轉弱，先減碼三分之一。,未觸發明確減碼訊號,66.3,67.6,51.1,85,100,完整,38,38.75,34.84,20.01,12.94,68.3,151.61,2.24,14.02,1.6,1.84,2,0,0,0,0,-1,0,642.954,1857.746,4379.992,7338.821,0,-90,-101,-115.458,0,2,-3420000,-42.241,-15.382,13.63,491,1843,4258,,600.903,1989.9869999999999,4496.374,7427.534,56.02,61.54,53.8,77.02,true,false,1.26,1.88,
73,1402,遠東新,TWSE,紡織纖維,等待確認,保護持有,protect,今天不新增部位；未完成確認前不機械式賣出,今天收盤後；若跌破，再看下一交易日是否收復,已有部位暫停加碼；若收盤跌破60日EMA約 28.03，且下一交易日仍未收復，先減碼三分之一；若ETF或外資繼續轉弱，再分批降低部位。,投信5/10日持續且具金額意義地賣超,64.5,67.5,51.8,85,100,完整,29.05,28.1,15.2,8.35,7.75,54.39,100.03,1.15,14.56,0.65,4.45,14,946,694,691,1609,9525,-382,-74.482,-9163.979,-11835.403999999999,56628.339,-1913.39,-11981.036,-24213.647999999997,-15909.009999999997,0,5,-336667112,-22.74000000000001,-100.55900000000003,17.41,1581,2695,12184,,1456.67,2839.7970000000005,12478.803,72207.597,57.56,39.57,32.67,53.37,true,false,2.36,3.38,主動ETF 5日轉為減碼；投信5/10日持續且具金額意義的賣超；20日趨勢尚未上彎；當下除權息調整價未守20日EMA；ETF加碼金額或跨基金共識尚未同時成立
74,6213,聯茂,TWSE,電子零組件業,等待確認,保護持有,protect,今天不新增部位；未完成確認前不機械式賣出,今天收盤後；若跌破，再看下一交易日是否收復,已有部位暫停加碼；若收盤跌破60日EMA約 440.51，且下一交易日仍未收復，先減碼三分之一；若ETF或外資繼續轉弱，再分批降低部位。,外資持股5/10日下降且外資5日賣超,75.5,67.4,48.2,85,100,可用,527,510,97.93,42.25,10.99,47.81,173.03,4.39,78.29,8.13,0.59,15,99,786,802,846,464,771,3589.089,-6441.737999999999,-9544.035,10340.673999999999,889,1889,1933,4000.2039999999997,5,0,953945000,-542.3009999999999,-645.4959999999998,19.03,3331,-6398,-9767,,2704.685,-7788.437,-10831.538999999999,5894.033000000001,56.1,46.8,42.89,54.64,true,true,3.25,2.33,外資持股5/10日下降，且外資5日賣超；當下除權息調整價未守20日EMA；借券賣出與借券賣出餘額壓力升高
75,6664,群翊,TPEX,電子零組件業,等待確認,正常持有,standard,今天不下單,每個交易日收盤後，檢查趨勢與法人籌碼,已有部位可續抱觀察，但暫不追價；若收盤跌破60日EMA約 356.38 且法人籌碼轉弱，先減碼三分之一。,未觸發明確減碼訊號,63.5,67.4,61.6,85,100,可用,373,339,32.28,18.74,34.02,56.53,188.59,7.29,20.41,4.96,2.99,2,0,0,3,7,7,0,63.999,63.999,63.999,235.999,0,0,0,35,0,0,0,0.825,0.825,9.91,,,,,63.174,63.174,63.174,208.174,60.75,45.77,27.05,83.2,true,false,7.19,11.01,外資持股尚未完成5／10日可比核對或期間有非市場異動；此項不給分，不解讀為轉弱；當下除權息調整價未守20日EMA；強勢上漲後盤中急跌反轉；ETF加碼金額或跨基金共識尚未同時成立
76,1303,南亞,TWSE,塑膠工業,等待確認,保護持有,protect,今天不新增部位；未完成確認前不機械式賣出,今天收盤後；若跌破，再看下一交易日是否收復,已有部位暫停加碼；若收盤跌破60日EMA約 196.49，且下一交易日仍未收復，先減碼三分之一；若ETF或外資繼續轉弱，再分批降低部位。,外資持股5/10日下降且外資5日賣超,74.7,67.3,51.4,85,100,可用,240,238.5,46.75,23.17,9.92,31.17,177.84,5.17,38.39,3.95,0.34,31,-351,6352,7332,7290,11819,7574,-10464.654,-14038.127999999999,-15145.300000000001,-62710.525,443.167,29378.446000000004,41602.989,54600.057,5,0,6992070148,-245.416,-1695.9849999999997,30.18,-9145,-40882,-54750,,-10938.712,-43171.158,-55052.304000000004,-113470.57500000001,60.47,54.84,52.16,60.21,true,false,6.32,2.56,外資持股5/10日下降，且外資5日賣超；借券賣出與借券賣出餘額壓力升高；單季稅前獲利對營業外貢獻依賴偏高
77,2449,京元電子,TWSE,半導體業,等待確認,正常持有,strong,強勢續抱；不追高,今日收盤確認是否守住20日EMA,價格仍在20／60日EMA之上且短線強勢；法人未同步轉弱。若收盤跌破20日EMA約 266.29 且法人續弱，再轉為保護持有。,價格強勢站上20／60日EMA；法人未同步轉弱,71.8,67.2,48,85,100,可用,291.5,312,31.58,35.53,26.25,51.32,147.28,3.91,38.2,5.69,0.51,34,-500,-749,-602,99,4990,320,24674.981,29798.798,30298.521999999997,7552.416999999998,-146.035,-416.42499999999995,711.3790000000001,4704.461,0,5,-121387887,3463.937,2992.8419999999996,29.73,21794,28023,29978,,21780.88,26751.286000000004,26594.301000000003,-332.4119999999964,64.01,69.09,54.43,98.42,true,false,9.47,11.47,20日累積後5日轉為調節；ETF 1/3日已轉為減碼；投信20日買超後近5日轉賣；短線過熱或乖離過大
78,8112,至上,TWSE,電子通路業,等待確認,降低部位,trim,停止加碼；反彈未站回恢復區時分批減碼,每個交易日收盤後，確認是否站回恢復區,已有部位先停止加碼。反彈若仍未站回 88.56，分批降低部位；只有站回且ETF／外資賣壓收斂後才重新評估。,價格跌破60日EMA且20日趨勢向下；外資持股5/10日下降且外資5日賣超,57.3,67.2,55.1,85,100,完整,90.1,85,154.83,177.42,3.16,85.96,127.95,9.45,6.29,2.04,4.57,7,0,-1,-1,2074,2244,0,-1675.828,-8943.595000000001,-23102.735999999997,12424.407,0,113.795,2188.795,1883.7640000000001,2,0,9456365,-412.829,-287.40600000000006,14.41,-2597,-9087,-18519,,-1725.841,-8644.561,-25004.125,10883.631999999998,55.52,32.85,16.78,65.01,true,false,3.25,7.78,20日累積後5日轉為調節；外資持股5/10日下降，且外資5日賣超；20日趨勢尚未上彎；當下除權息調整價未守20日EMA
79,2379,瑞昱,TWSE,半導體業,等待確認,正常持有,standard,今天不下單,每個交易日收盤後，檢查趨勢與法人籌碼,已有部位可續抱觀察，但暫不追價；若收盤跌破60日EMA約 714.30 且法人籌碼轉弱，先減碼三分之一。,未觸發明確減碼訊號,77.4,67.1,43.9,85,100,可用,722,727,28.08,14.97,10.89,65.75,118.89,15.86,26.36,7.43,3.44,49,-8,-217,27,153,2079,2,1029.332,4463.119,5937.627,6264.477000000001,-11.652,22.348,121.433,2392.8369999999995,2,3,16246996,0.5420000000000016,-378.446,45.33,844,4164,9387,,976.575,4440.228999999999,6194.6399999999985,4043.6599999999985,50.54,66.73,52.87,94.45,false,false,0.53,1.26,ETF 1/3日已轉為減碼；ETF加碼金額或跨基金共識尚未同時成立
80,3680,家登,TPEX,半導體業,等待確認,正常持有,standard,今天不下單,每個交易日收盤後，檢查趨勢與法人籌碼,已有部位可續抱觀察，但暫不追價；若收盤跌破60日EMA約 494.59 且法人籌碼轉弱，先減碼三分之一。,未觸發明確減碼訊號,67.2,67.1,55.5,85,100,可用,533,570,49.94,31.32,16.54,47.06,233.81,8.09,35.84,3.95,1.29,3,1,1,1,39,38,0,49.931,49.931,49.931,1654.931,0.366,0.366,0.366,0.366,1,0,195078,-15.48,-15.48,30.34,,,,,65.045,65.045,65.045,1678.045,57.13,43.82,39.98,51.5,true,false,4.25,5.13,外資持股尚未完成5／10日可比核對或期間有非市場異動；此項不給分，不解讀為轉弱；ETF加碼金額或跨基金共識尚未同時成立
81,2542,興富發,TWSE,建材營造,等待確認,保護持有,protect,今天不新增部位；未完成確認前不機械式賣出,今天收盤後；若跌破，再看下一交易日是否收復,已有部位暫停加碼；若收盤跌破60日EMA約 45.64，且下一交易日仍未收復，先減碼三分之一；若ETF或外資繼續轉弱，再分批降低部位。,外資持股5/10日下降且外資5日賣超,73.1,67,48.7,85,100,可用,47.7,47.5,-20.88,261.31,24.76,77.72,140.2,2.45,11.06,2.04,8.37,14,4108,11040,12715,18997,32294,858,5005.688,1991.451,-2940.2619999999997,8472.522,4108.39,12706.49,18989.19,32353.240999999998,5,0,607370222,141.01,-22.456000000000017,7.13,-9220,-19033,-27140,,1041.385,-10856.048999999999,-21906.995999999996,-23958.017999999993,56.1,56.11,43.97,80.41,true,false,1.55,4.38,外資持股5/10日下降，且外資5日賣超；20日趨勢尚未上彎
82,6640,均華,TPEX,半導體業,等待確認,正常持有,standard,今天不下單,每個交易日收盤後，檢查趨勢與法人籌碼,"已有部位可續抱觀察，但暫不追價；若收盤跌破60日EMA約 1,095.12 且法人籌碼轉弱，先減碼三分之一。",未觸發明確減碼訊號,76.5,67,44.8,85,90,可用,1230,1187.5,18.69,60.51,19.3,43.77,100.76,9.52,70.45,6.59,1.27,3,2,2,26,132,247,27,180.844,180.844,180.844,332.844,77,77,77,461,1,0,90860000,11.025,11.025,4.76,,,,,92.819,92.819,92.819,-160.18099999999998,60.28,44.65,36.49,60.98,true,false,8.01,8.85,外資持股尚未完成5／10日可比核對或期間有非市場異動；此項不給分，不解讀為轉弱；ETF加碼金額或跨基金共識尚未同時成立
83,3264,欣銓,TPEX,半導體業,等待確認,正常持有,strong,漲停先續抱；不追價,今日收盤確認是否守住20日EMA,價格仍在20／60日EMA之上且今日漲停；法人未同步轉弱。若收盤跌破20日EMA約 233.99 且法人續弱，再轉為保護持有。,今日漲停／趨勢站穩；法人未同步轉弱,66.7,66.8,50.8,85,100,可用,268.5,295,46.57,33.89,29.05,52.52,88.08,4.39,35.05,6.48,1.56,16,-638,973,634,532,-2926,619,631.407,631.407,631.407,1230.4070000000002,-438,-438,-438,-530,0,1,-117603000,1473.11,1473.11,37.37,,,,,-403.703,-403.703,-403.703,469.297,69.03,61.44,50.15,84.04,true,false,14.75,18.02,外資持股尚未完成5／10日可比核對或期間有非市場異動；此項不給分，不解讀為轉弱；短線過熱或乖離過大
84,2618,長榮航,TWSE,航運業,等待確認,保護持有,protect,今天不新增部位；未完成確認前不機械式賣出,今天收盤後；若跌破，再看下一交易日是否收復,已有部位暫停加碼；若收盤跌破60日EMA約 41.54，且下一交易日仍未收復，先減碼三分之一；若ETF或外資繼續轉弱，再分批降低部位。,外資持股5/10日下降且外資5日賣超,63.7,66.6,57.4,85,100,完整,42.35,41.8,24.92,18.06,13.25,62.38,115.28,2.24,8.79,1.62,4.79,28,9294,12985,15840,17837,27005,-533,-1736.504,1361.7840000000003,11257.711,70155.189,9293.811,16024.5,18134.041,29134.373000000003,4,1,669022875,382.205,-27.876000000000005,32.57,-8781,-14359,-13418,,-11354.448,-15044.921000000002,-6848.454000000002,44233.922999999995,52.04,56.54,46.35,76.91,true,false,0.67,0.71,主動ETF 5日轉為減碼；外資持股5/10日下降，且外資5日賣超；20日趨勢尚未上彎；當下除權息調整價未守20日EMA
85,3023,信邦,TWSE,電子零組件業,等待確認,正常持有,standard,今天不下單,每個交易日收盤後，檢查趨勢與法人籌碼,已有部位可續抱觀察，但暫不追價；若收盤跌破60日EMA約 315.97 且法人籌碼轉弱，先減碼三分之一。,未觸發明確減碼訊號,74,66.6,51.2,85,100,完整,327.5,330,32.47,13.93,10.95,52.87,162.52,7.37,24.5,4.84,3.05,15,-54,-147,190,174,-289,0,323.055,460.25200000000007,86.89399999999995,2168.424,-54,189,212,615.914,2,3,61897500,35.035,-8.652000000000005,42.33,371,222,-338,,363.981,236.21699999999998,-116.45400000000006,2586.0719999999997,54.68,45.21,32.86,69.91,true,false,1.56,2.18,ETF 1/3日已轉為減碼
86,8926,台汽電,TWSE,油電燃氣業,等待確認,正常持有,standard,今天不下單,每個交易日收盤後，檢查趨勢與法人籌碼,已有部位可續抱觀察，但暫不追價；若收盤跌破60日EMA約 60.23 且法人籌碼轉弱，先減碼三分之一。,未觸發明確減碼訊號,65.4,66.6,45.9,85,100,完整,59.8,,1263.62,824.82,8.18,62.23,145.36,3.27,16.43,2.5,3.55,5,0,-57,-3,160,337,0,118.506,903.5499999999998,-4663.558,-15964.09,0,26.578999999999997,187.746,357.948,3,1,1589424,80.04199999999999,80.74,6.66,423,1718,-1896,,71.854,796.9289999999999,-4932.044,-16455.091,56.14,72.59,61.93,93.93,true,false,2.52,4.18,20日累積後5日轉為調節
87,2845,遠東銀,TWSE,金融保險業,等待確認,正常持有,standard,今天不下單,每個交易日收盤後，檢查趨勢與法人籌碼,已有部位可續抱觀察，但暫不追價；若收盤跌破60日EMA約 13.25 且法人籌碼轉弱，先減碼三分之一。,未觸發明確減碼訊號,66.3,66.5,65.4,85,100,可用,13.7,13.55,5.07,13.97,,92.03,,0.54,13.42,0.92,4.65,8,-5,-353,3457,-813,6474,4503,-4303.775,4600.665,15697.753,56561.327,-5,3457,-823,4839.858,1,4,46842350,458.41099999999994,473.80899999999997,10.93,-4344,10225,25269,,-4678.739,685.2540000000006,16046.944000000003,51567.66,56.23,64.29,67.71,57.45,false,false,1.19,-0.36,ETF 1/3日已轉為減碼；外資持股尚未完成5／10日可比核對或期間有非市場異動；此項不給分，不解讀為轉弱
88,6805,富世達,TWSE,電子零組件業,等待確認,正常持有,strong,漲停先續抱；不追價,今日收盤確認是否守住20日EMA,"價格仍在20／60日EMA之上且今日漲停；法人未同步轉弱。若收盤跌破20日EMA約 2,114.38 且法人續弱，再轉為保護持有。",今日漲停／趨勢站穩；法人未同步轉弱,70.1,66.5,55.6,85,100,完整,2295,2520,29.14,49.81,27.31,47.74,210.62,25.77,49.09,18.83,0.54,16,48,52,-48,98,-450,-48,305.612,1240.911,1956.233,2438.1440000000002,497,519,635.1,3720.959,2,3,1191105000,32.413999999999994,-7.084000000000009,16.13,-220,580,1319,,-236.676,689.4970000000001,1328.217,-1256.7979999999998,60.83,61.86,47.08,91.43,true,false,8.54,6,短線過熱或乖離過大
89,6834,天二科技,TWSE,電子零組件業,等待確認,正常持有,strong,強勢續抱；不追高,今日收盤確認是否守住20日EMA,價格仍在20／60日EMA之上且短線強勢；法人未同步轉弱。若收盤跌破20日EMA約 99.98 且法人續弱，再轉為保護持有。,價格強勢站上20／60日EMA；法人未同步轉弱,63.7,66.4,53.8,85,100,完整,110.5,120.5,114.3,52.76,10.85,40.75,153.28,1.6,48.04,6.34,0.36,1,0,0,0,-2,-5,0,1015.879,284.2260000000001,1543.2540000000001,3656.074,0,0,-2,-9,0,0,0,-75.655,89.91300000000001,14.25,838,127,1123,,1000.549,359.8810000000001,1455.341,3559.8109999999997,62.53,63.22,56.43,76.79,true,false,10.52,12.53,短線過熱或乖離過大
90,2316,楠梓電,TWSE,電子零組件業,等待確認,正常持有,standard,今天不下單,每個交易日收盤後，檢查趨勢與法人籌碼,已有部位可續抱觀察，但暫不追價；若收盤跌破60日EMA約 161.07 且法人籌碼轉弱，先減碼三分之一。,未觸發明確減碼訊號,59.8,66,65.9,85,100,完整,163,156.5,61.19,40.6,-11.96,31.91,225.44,6.54,10.94,1.97,1.28,1,0,0,0,-7,-13,0,-200.786,-268.472,141.13700000000014,-2883.5620000000004,0,0,-7,-21.541,0,0,0,-1.594000000000003,-27.205000000000002,37.59,-70,373,1182,,-204.462,-266.87800000000004,175.342,-2759.5619999999994,53.8,51.92,38.68,78.4,true,true,2.7,5.16,當下除權息調整價未守20日EMA；單季稅前獲利對營業外貢獻依賴偏高
91,6223,旺矽,TPEX,半導體業,等待確認,正常持有,standard,今天不下單,每個交易日收盤後，檢查趨勢與法人籌碼,"已有部位可續抱觀察，但暫不追價；若收盤跌破60日EMA約 5,666.33 且法人籌碼轉弱，先減碼三分之一。",未觸發明確減碼訊號,69.4,65.9,46.4,85,100,可用,5645,5900,69.87,54.79,33.54,55.09,161.51,28.08,124.2,35.73,0.38,37,-9,35,54,290,-245,46,204.417,204.417,204.417,-282.58299999999997,-10.55,-10.55,-10.55,-425.55,0,1,-61190000,16.866,16.866,29.08,,,,,198.101,198.101,198.101,141.101,51.31,48.8,52.14,42.11,false,false,1.52,0.89,外資持股尚未完成5／10日可比核對或期間有非市場異動；此項不給分，不解讀為轉弱
92,6907,雅特力-KY,TPEX,半導體業,等待確認,正常持有,standard,今天不下單,每個交易日收盤後，檢查趨勢與法人籌碼,已有部位可續抱觀察，但暫不追價；若收盤跌破60日EMA約 179.02 且法人籌碼轉弱，先減碼三分之一。,未觸發明確減碼訊號,61.1,65.9,57.3,85,100,可用,186.5,189.25,198.72,115.32,15.78,36.08,303.6,4,37.45,7.21,0.53,1,0,0,0,0,0,0,94.727,94.727,94.727,13.727000000000004,0,0,0,0,0,0,0,22.727,22.727,52.26,,,,,72,72,72,-35,51.1,30.51,29.25,33.01,true,false,0.8,4.78,外資持股尚未完成5／10日可比核對或期間有非市場異動；此項不給分，不解讀為轉弱；20日趨勢尚未上彎
93,1802,台玻,TWSE,玻璃陶瓷,等待確認,保護持有,protect,今天不新增部位；未完成確認前不機械式賣出,今天收盤後；若跌破，再看下一交易日是否收復,已有部位暫停加碼；若收盤跌破60日EMA約 59.26，且下一交易日仍未收復，先減碼三分之一；若ETF或外資繼續轉弱，再分批降低部位。,外資持股5/10日下降且外資5日賣超,75.1,65.8,41.8,85,93,可用,59.9,59.5,32.59,16.58,10.45,41.77,135.23,0.64,68.37,3.31,,6,-1,71,131,398,788,0,-5876.839,-5886.011,-91.51800000000003,-4860.794,123,255,517,1303.056,5,0,14994000,1438.3049999999998,1307.6249999999995,5.33,-5695,-4315,-3873,,-6341.528,-7579.316000000001,-1916.1430000000018,-6786.606000000002,54.85,48.23,38.14,68.43,true,false,2.14,3.63,外資持股5/10日下降，且外資5日賣超
94,1560,中砂,TWSE,電機機械,等待確認,正常持有,strong,漲停先續抱；不追價,今日收盤確認是否守住20日EMA,價格仍在20／60日EMA之上且今日漲停；法人未同步轉弱。若收盤跌破20日EMA約 760.96 且法人續弱，再轉為保護持有。,今日漲停／趨勢站穩；法人未同步轉弱,70.6,65.4,54.8,85,100,完整,896,985,30.38,24.45,21.9,36.64,166.07,6.44,76.19,14.79,0.55,10,22,53,187,381,216,189,-16.928,37.67700000000008,2763.165,3442.3729999999996,298,676,792.6,666.129,4,1,605696000,82.392,-116.39099999999999,39.45,-290,-707,2087,,-314.121,-720.7149999999999,2086.956,3009.5350000000003,71.63,77.38,74.86,82.41,true,false,17.75,18.99,短線過熱或乖離過大
95,2301,光寶科,TWSE,電腦及週邊設備業,等待確認,正常持有,strong,強勢續抱；不追高,今日收盤確認是否守住20日EMA,價格仍在20／60日EMA之上且短線強勢；外資偏弱先觀察，不因分歧減碼。若收盤跌破20日EMA約 285.70 且法人續弱，再轉為保護持有。,價格強勢站上20／60日EMA；外資偏弱，先觀察,73.4,65.3,45.3,85,100,可用,309.5,292,25.2,26.73,12.8,59.6,138.63,4.8,32.98,6.68,1.77,33,20,-315,103,186,1881,28,-2996.187,-8034.049999999999,-24311.341,11400.203999999998,11.3,154.3,-2255.7760000000003,1754.0819999999999,5,0,43512600,-1681.48,-3135.106,43.02,-3117,-6558,-22091,,-3141.261,-6506.869999999999,-18920.459,12927.421999999999,62.62,46.93,27.77,85.24,true,false,8.33,11.53,外資持股5/10日下降，且外資5日賣超；強勢上漲後盤中急跌反轉
96,2480,敦陽科,TWSE,資訊服務業,等待確認,正常持有,standard,今天不下單,每個交易日收盤後，檢查趨勢與法人籌碼,已有部位可續抱觀察，但暫不追價；若收盤跌破60日EMA約 157.06 且法人籌碼轉弱，先減碼三分之一。,未觸發明確減碼訊號,68.5,65.3,50,85,100,完整,165,166,20.16,16.45,12.11,65.42,134.32,4.91,18.84,5.36,4.73,5,-1,-2,8,13,24,0,377.365,830.9989999999999,936.2029999999999,1310.098,-1.16,8.149000000000001,12.828000000000001,23.178000000000004,1,2,1344585,14.829999999999998,13.861999999999998,12.33,364,770,879,,370.525,808.02,909.5129999999999,1275.344,66.12,85.98,73.11,111.71,false,false,3.65,4.76,ETF 1/3日已轉為減碼
97,2886,兆豐金,TWSE,金融保險業,等待確認,正常持有,standard,今天不下單,每個交易日收盤後，檢查趨勢與法人籌碼,已有部位可續抱觀察，但暫不追價；若收盤跌破60日EMA約 48.40 且法人籌碼轉弱，先減碼三分之一。,未觸發明確減碼訊號,75.4,65.2,52.4,85,100,可用,55,51.5,15.55,16.58,,92.31,,1.44,19.88,1.88,3.42,35,2688,5056,15651,24129,13316,-62,-1486.611,10869.21,51276.606999999996,73652.38899999998,-5024.975,7649.025,17560.357,46407.404,4,1,390865178,1829.689,2692.393,20.64,4135,5571,25973,,2500.838,1390.4959999999996,31023.856999999996,25646.70299999998,68.95,75.82,73.69,80.1,true,false,8.69,4.76,主動ETF 5日轉為減碼；借券賣出與借券賣出餘額壓力升高
98,4904,遠傳,TWSE,通信網路業,等待確認,正常持有,standard,今天不下單,每個交易日收盤後，檢查趨勢與法人籌碼,已有部位可續抱觀察，但暫不追價；若收盤跌破60日EMA約 102.76 且法人籌碼轉弱，先減碼三分之一。,未觸發明確減碼訊號,71.3,65.1,50.4,85,100,可用,107,107,15.65,11.38,17.57,51.58,74.42,2.14,26.03,4.48,3.56,32,-878,-833,-159,623,-4100,10,166.624,3288.9349999999995,7283.565999999999,19382.801,-882.567,-277.567,730.3729999999999,5100.423000000001,3,2,-29699669,520.131,349.487,20.23,712,3756,6879,,813.191,3046.371,6203.706,14438.779,63.09,85.37,83.59,88.94,true,false,2.44,0.94,ETF 1/3日已轉為減碼
99,6271,同欣電,TWSE,半導體業,等待確認,正常持有,standard,今天不下單,每個交易日收盤後，檢查趨勢與法人籌碼,已有部位可續抱觀察，但暫不追價；若收盤跌破60日EMA約 213.36 且法人籌碼轉弱，先減碼三分之一。,未觸發明確減碼訊號,70,64.7,61.4,85,100,完整,236,231,23.09,6.76,16.16,24.15,259.54,4.37,25.82,1.76,1.31,4,0,0,0,340,340,0,300.773,1660.5100000000002,-722.4099999999999,5100.875999999999,0,210,1436,2305.257,1,0,48195000,-9.724000000000004,-141.558,31.36,251,1565,-1886,,282.047,1460.234,-2016.8519999999999,3174.492,62.05,64.52,49.49,94.56,true,false,6.83,7.27,
100,2323,中環,TWSE,光電業,等待確認,保護持有,protect,今天不新增部位；未完成確認前不機械式賣出,今天收盤後；若跌破，再看下一交易日是否收復,已有部位暫停加碼；若收盤跌破60日EMA約 10.73，且下一交易日仍未收復，先減碼三分之一；若ETF或外資繼續轉弱，再分批降低部位。,外資持股5/10日下降且外資5日賣超,58.3,64.6,69.3,85,100,完整,10.95,10.75,20.09,14.78,4.73,36.4,276.3,0.99,3.53,0.58,1.87,1,0,0,0,0,0,0,-1180.326,-1509.1109999999999,-4782.267999999999,-7321.16,0,0,0,45,0,0,0,112.679,-26.359999999999985,9.93,-1371,-4299,-7512,,-1229.326,-1621.79,-4755.907999999999,-7391.429999999999,56.37,61.75,40.56,104.13,true,false,2.18,4.29,外資持股5/10日下降，且外資5日賣超；20日趨勢尚未上彎；單季稅前獲利對營業外貢獻依賴偏高
101,5904,寶雅*,TPEX,居家生活,等待確認,正常持有,standard,今天不下單,每個交易日收盤後，檢查趨勢與法人籌碼,已有部位可續抱觀察，但暫不追價；若收盤跌破60日EMA約 70.86 且法人籌碼轉弱，先減碼三分之一。,未觸發明確減碼訊號,65.5,64.5,47.9,85,100,可用,72.1,72.1,10.32,13.91,16.38,78.94,111.99,17.45,21.21,1.06,3.53,9,687,2134,2178,2173,968,57,-682,-682,-682,-9742,686.9,686.9,686.9,-158.10000000000002,1,0,49525490,-10.279,-10.279,26.01,,,,,-1358.621,-1358.621,-1358.621,-9521.621,46.54,51.8,55.94,43.51,false,true,-1.22,-1.1,外資持股尚未完成5／10日可比核對或期間有非市場異動；此項不給分，不解讀為轉弱；20日趨勢尚未上彎；當下除權息調整價未守20日EMA
102,2890,永豐金,TWSE,金融保險業,等待確認,保護持有,protect,今天不新增部位；未完成確認前不機械式賣出,今天收盤後；若跌破，再看下一交易日是否收復,已有部位暫停加碼；若收盤跌破60日EMA約 40.33，且下一交易日仍未收復，先減碼三分之一；若ETF或外資繼續轉弱，再分批降低部位。,外資持股5/10日下降且外資5日賣超；KD高檔死亡交叉（僅屬時機警示）,69,64.4,54.5,85,100,可用,45.3,45.95,49.48,53.91,,93.3,,1.66,17.08,2.47,2.87,32,-955,20138,32149,39766,40487,1745,-1395.686,9374.615,16730.748,56358.07200000001,-992.176,31859.824,40874.789,49565.824,4,1,1441657036,1844.002,2436.85,29.52,953,-7453,-11622,,-1206.681,-24329.211000000003,-26580.891000000003,8914.507999999998,70.98,73.53,82.26,56.08,false,true,4.84,1.12,外資持股5/10日下降，且外資5日賣超；KD高檔死亡交叉，等待動能確認
103,2838,聯邦銀,TWSE,金融保險業,等待確認,正常持有,standard,今天不下單,每個交易日收盤後，檢查趨勢與法人籌碼,已有部位可續抱觀察，但暫不追價；若收盤跌破60日EMA約 20.71 且法人籌碼轉弱，先減碼三分之一。,未觸發明確減碼訊號,61.9,64.2,64.7,85,100,完整,21.5,21.4,3.88,15.77,,91.54,,0.67,13.72,1.11,4.95,3,2,10,15,15,13,0,-923.828,730.826,3617.8559999999998,32.988999999999734,2,8,-3,-17.134,3,0,171200,378.816,274.74899999999997,4.2,-1374,-132,3293,,-1261.304,344.0099999999999,3346.107,-209.7129999999998,60.79,72.42,78.72,59.83,false,true,2.11,-0.46,
104,2302,麗正,TWSE,半導體業,等待確認,正常持有,standard,今天不下單,每個交易日收盤後，檢查趨勢與法人籌碼,已有部位可續抱觀察，但暫不追價；若收盤跌破60日EMA約 41.53 且法人籌碼轉弱，先減碼三分之一。,未觸發明確減碼訊號,60.2,64,53.6,85,100,完整,44.6,48,87.72,37.96,14.17,34.29,148.18,0.6,41.5,4.02,0.79,1,0,0,0,-4,-7,0,476.785,3122.6169999999997,2108.6929999999998,4377.509,0,0,-4,-13,0,0,0,92.48499999999999,94.07099999999998,3.23,377,2879,1813,,473.785,3030.1320000000005,2018.6220000000003,4269.109,56.26,65.33,50.49,95.01,false,false,3.64,7.21,20日趨勢尚未上彎
105,5439,高技,TPEX,電子零組件業,等待確認,正常持有,standard,今天不下單,每個交易日收盤後，檢查趨勢與法人籌碼,已有部位可續抱觀察，但暫不追價；若收盤跌破60日EMA約 266.42 且法人籌碼轉弱，先減碼三分之一。,未觸發明確減碼訊號,61.5,64,54,85,100,可用,271.5,254.5,5.24,34.29,15.78,67.67,169.55,8.15,13.65,5.69,2.91,2,0,0,0,0,-400,0,303.526,303.526,303.526,-852.4739999999999,0,0,0,0,0,0,0,-28.85,-28.85,22.63,,,,,332.376,332.376,332.376,-342.624,59.4,46.46,28.97,81.42,true,false,7.44,10.14,外資持股尚未完成5／10日可比核對或期間有非市場異動；此項不給分，不解讀為轉弱；強勢上漲後盤中急跌反轉
106,2882,國泰金,TWSE,金融保險業,等待確認,保護持有,protect,今天不新增部位；未完成確認前不機械式賣出,今天收盤後；若跌破，再看下一交易日是否收復,已有部位暫停加碼；若收盤跌破60日EMA約 103.03，且下一交易日仍未收復，先減碼三分之一；若ETF或外資繼續轉弱，再分批降低部位。,外資持股5/10日下降且外資5日賣超,70.3,63.9,58.1,85,100,可用,113,111,-69.47,62.51,,92.45,,4.95,13.03,1.59,3.17,35,-8480,-997,1099,270,13054,886,-7329.88,-7813.018999999999,-13053.569,-1015.8409999999999,-8530.045,939.9549999999999,1400.7169999999999,13299.177000000001,3,2,103865028,1796.562,1484.964,23.13,557,-8750,-18687,,-43.387,-10549.536,-15939.250000000002,-16285.304000000004,60.76,39.44,43.9,30.54,false,false,3.23,0.44,ETF 1/3日已轉為減碼；外資持股5/10日下降，且外資5日賣超
107,6510,精測,TPEX,半導體業,等待確認,正常持有,strong,漲停先續抱；不追價,今日收盤確認是否守住20日EMA,"價格仍在20／60日EMA之上且今日漲停；法人未同步轉弱。若收盤跌破20日EMA約 3,264.12 且法人續弱，再轉為保護持有。",今日漲停／趨勢站穩；法人未同步轉弱,62.4,63.9,62,85,99.6,可用,3520,3870,54.27,33.14,32.26,28.04,436.63,25.45,83.02,11.45,0.43,15,-1,7,-180,134,438,-179,-37.488,-37.488,-37.488,-725.488,3,3,3,1015,1,0,10560000,24.184,24.184,18.03,,,,,-64.672,-64.672,-64.672,-1762.672,61.61,34.24,34.79,33.15,false,false,7.84,4.3,20日累積後5日轉為調節；主動ETF 5日轉為減碼；外資持股尚未完成5／10日可比核對或期間有非市場異動；此項不給分，不解讀為轉弱；短線過熱或乖離過大
108,5469,瀚宇博,TWSE,電子零組件業,等待確認,保護持有,protect,今天不新增部位；未完成確認前不機械式賣出,今天收盤後；若跌破，再看下一交易日是否收復,已有部位暫停加碼；若收盤跌破60日EMA約 74.70，且下一交易日仍未收復，先減碼三分之一；若ETF或外資繼續轉弱，再分批降低部位。,外資持股5/10日下降且外資5日賣超,59.9,63.7,58.9,85,100,完整,72.8,73,26.41,24.72,7.35,43.83,130.96,2.05,13.48,0.57,3.46,4,0,858,858,858,920,0,-786.494,-879.481,-824.1570000000002,117.82499999999996,0,742,728,783.573,1,1,54017600,78.04400000000001,61.35400000000001,7.86,-658,-1506,-1324,,-806.473,-1699.5249999999999,-1613.5110000000002,-708.3120000000004,50.02,41.27,40.33,43.13,false,false,0.2,0.69,外資持股5/10日下降，且外資5日賣超
109,6173,信昌電,TPEX,電子零組件業,等待確認,正常持有,standard,今天不下單,每個交易日收盤後，檢查趨勢與法人籌碼,已有部位可續抱觀察，但暫不追價；若收盤跌破60日EMA約 236.84 且法人籌碼轉弱，先減碼三分之一。,未觸發明確減碼訊號,65.2,63.6,62.9,85,100,可用,311,314,54.27,26.14,21.45,17.1,208.65,2.98,59.13,5.3,0.57,2,0,30,199,199,359,199,1636.86,1636.86,1636.86,3561.8599999999997,0,0,0,237,0,0,0,71.355,71.355,13.37,,,,,1565.505,1565.505,1565.505,3719.505,65.95,69.74,73.91,61.39,false,true,13.5,5.96,外資持股尚未完成5／10日可比核對或期間有非市場異動；此項不給分，不解讀為轉弱；短線過熱或乖離過大
110,8150,南茂,TWSE,半導體業,等待確認,正常持有,standard,今天不下單,每個交易日收盤後，檢查趨勢與法人籌碼,已有部位可續抱觀察，但暫不追價；若收盤跌破60日EMA約 90.54 且法人籌碼轉弱，先減碼三分之一。,未觸發明確減碼訊號,68.7,63.6,49.9,85,100,可用,92.5,100,33.27,30.04,10.25,47.09,238.63,2,29.28,2.65,1.31,7,0,0,30,70,74,0,16000.129,17691.295000000002,14414.843000000003,-4085.4480000000003,0,75,213,39.28800000000001,2,0,7050000,2259.613,1523.355,39.19,12372,13744,12318,,13540.649,15356.682000000003,12678.488000000003,-5702.863999999994,54.29,53.8,39.74,81.93,true,false,3.27,6.81,外資持股尚未完成5／10日可比核對或期間有非市場異動；此項不給分，不解讀為轉弱
111,4961,天鈺,TWSE,半導體業,等待確認,正常持有,standard,今天不下單,每個交易日收盤後，檢查趨勢與法人籌碼,已有部位可續抱觀察，但暫不追價；若收盤跌破60日EMA約 168.38 且法人籌碼轉弱，先減碼三分之一。,未觸發明確減碼訊號,62.1,63.5,67.4,85,100,完整,181,186.5,50.15,10.63,7.97,20.7,391.38,5.07,20.62,1.27,4.21,4,0,0,0,1,-4,0,308.403,2359.049,4114.187,6352.670999999999,0,0,1,-11,0,0,0,100.59900000000002,164.044,25.12,148,1941,3386,,328.403,2258.4500000000003,3949.1430000000005,6155.564000000001,61.85,78.51,78.94,77.65,false,true,4.17,1.69,
112,2303,聯電,TWSE,半導體業,等待確認,正常持有,standard,今天不下單,每個交易日收盤後，檢查趨勢與法人籌碼,已有部位可續抱觀察，但暫不追價；若收盤跌破60日EMA約 131.87 且法人籌碼轉弱，先減碼三分之一。,未觸發明確減碼訊號,69.8,63.4,57.8,85,100,可用,156,158.5,30.71,14.66,20.21,33.34,216.6,4.68,23.46,4.41,1.67,62,-3477,11361,11692,21488,11217,17642,45569.549,101856.383,117441.552,85180.27299999999,13630.188,59319.667,98157.21200000001,80675.31800000001,5,0,9253868052,7952.268000000001,9645.298,41.35,33284,36440,7012,,28365.568,34584.448,9639.041999999994,-15361.871000000008,67.67,82.13,81.16,84.08,false,false,12.24,9.47,外資持股尚未完成5／10日可比核對或期間有非市場異動；此項不給分，不解讀為轉弱；短線過熱或乖離過大；單季稅前獲利對營業外貢獻依賴偏高
113,1714,和桐,TWSE,化學工業,等待確認,保護持有,protect,今天不新增部位；未完成確認前不機械式賣出,今天收盤後；若跌破，再看下一交易日是否收復,已有部位暫停加碼；若收盤跌破60日EMA約 15.79，且下一交易日仍未收復，先減碼三分之一；若ETF或外資繼續轉弱，再分批降低部位。,價格跌破60日EMA且20日趨勢向下,55,63.3,66.4,85,100,完整,16,15.7,56.11,60.54,11.49,29.6,335.99,0.89,13.31,1.16,1.15,1,0,0,0,-38,-1865,0,-2420.69,1437.616,-7551.291,-36724.726,0,0,-38,-1826,0,0,0,-132.416,-88.88799999999999,16.24,-2529,2308,-3017,,-2400.078,1570.032,-7424.402999999998,-35639.867,48.67,47.26,35.64,70.52,false,false,-0.71,7.02,20日趨勢尚未上彎；當下除權息調整價未守20日EMA
114,5880,合庫金,TWSE,金融保險業,等待確認,正常持有,standard,今天不下單,每個交易日收盤後，檢查趨勢與法人籌碼,已有部位可續抱觀察，但暫不追價；若收盤跌破60日EMA約 25.52 且法人籌碼轉弱，先減碼三分之一。,未觸發明確減碼訊號,63,63.3,58.8,85,100,可用,27.3,27.3,23.6,18.31,,94.53,,0.8,17.84,1.47,3.85,17,-1822,1154,1146,-6,-8319,-154,684.779,16568.337,47448.945999999996,46185.38599999998,-1878.809,788.041,543.2570000000001,-3855.9939999999997,2,3,21513519,3049.1749999999997,4049.397,17.38,1723,13919,45223,,1224.859,12731.121,42856.292,45711.43600000001,66.3,75.31,83.97,57.98,false,false,2.57,-0.55,主動ETF 5日轉為減碼；外資持股尚未完成5／10日可比核對或期間有非市場異動；此項不給分，不解讀為轉弱；借券賣出與借券賣出餘額壓力升高
115,2393,億光,TWSE,光電業,等待確認,保護持有,protect,今天不新增部位；未完成確認前不機械式賣出,今天收盤後；若跌破，再看下一交易日是否收復,已有部位暫停加碼；若收盤跌破60日EMA約 64.87，且下一交易日仍未收復，先減碼三分之一；若ETF或外資繼續轉弱，再分批降低部位。,價格跌破60日EMA且20日趨勢向下,64.5,63.2,66,85,100,可用,64.9,64.4,14.1,6.28,8.54,37.1,195.25,2.14,13.73,1.49,6.99,11,77,150,196,337,-1113,0,839.618,1894.2319999999997,875.3729999999996,4028.3109999999997,76.632,196.27900000000002,337.41200000000003,-1453.8539999999998,5,0,12640368,-418.92100000000005,-448.33500000000004,28.86,1136,2086,1187,,1030.383,2116.8740000000003,986.2960000000003,5850.171,54.5,72.04,49.04,118.04,false,false,1.76,3.84,20日趨勢尚未上彎
116,3026,禾伸堂,TWSE,電子零組件業,等待確認,正常持有,strong,強勢續抱；不追高,今日收盤確認是否守住20日EMA,價格仍在20／60日EMA之上且短線強勢；外資偏弱先觀察，不因分歧減碼。若收盤跌破20日EMA約 735.68 且法人續弱，再轉為保護持有。,價格強勢站上20／60日EMA；外資偏弱，先觀察,72,63,50,85,100,可用,805,800,33.22,20.41,14.38,40.55,193.98,6.73,77.76,12.8,0.73,11,-1,124,177,336,912,53,948.873,834.0710000000003,-204.34099999999967,-5766.977,268,1642.302,4030.8019999999997,6727.2519999999995,5,0,1308914694,21.204,233.522,12.42,346,-987,-3765,,662.634,-829.435,-4468.664999999999,-12124.657999999998,59.64,66.8,62.02,76.36,true,false,9.42,10.12,外資持股5/10日下降，且外資5日賣超；高波動且5日漲幅過大
117,4938,和碩,TWSE,電腦及週邊設備業,等待確認,保護持有,protect,今天不新增部位；未完成確認前不機械式賣出,今天收盤後；若跌破，再看下一交易日是否收復,已有部位暫停加碼；若收盤跌破60日EMA約 88.49，且下一交易日仍未收復，先減碼三分之一；若ETF或外資繼續轉弱，再分批降低部位。,外資持股5/10日下降且外資5日賣超,68.6,63,46,85,100,可用,92.6,90.6,34.11,1.49,1.36,62.17,126.76,2.26,15.23,1.17,4.44,26,-232,-282,-80,7426,11070,5,-676.119,-2793.169,-12590.922999999999,9600.471000000001,-232.06,-45.215,7509.6630000000005,16752.008,3,2,-4082915,184.90099999999995,-80.88900000000004,31.19,-830,-747,-16339,,-635.904,-2932.8550000000005,-20019.697,-6921.497000000001,57.28,50.54,35.84,79.92,true,false,2.3,2.66,20日累積後5日轉為調節；ETF 1/3日已轉為減碼；外資持股5/10日下降，且外資5日賣超
118,5243,乙盛-KY,TWSE,光電業,等待確認,正常持有,standard,今天不下單,每個交易日收盤後，檢查趨勢與法人籌碼,已有部位可續抱觀察，但暫不追價；若收盤跌破60日EMA約 91.91 且法人籌碼轉弱，先減碼三分之一。,未觸發明確減碼訊號,57,63,61.9,85,100,完整,90,90.45,54.12,10.26,11.49,39.81,168.64,3,17.23,1.76,2.44,1,0,0,0,0,0,0,15.701,4.143999999999977,-769.325,-686.654,0,0,0,-1,0,0,0,-66.847,-141.00799999999998,52.59,-102,-223,-1272,,7.784,70.99100000000001,-628.317,-1082.633,50.5,39.97,30,59.93,true,false,0.46,4.29,
119,1513,中興電,TWSE,電機機械,等待確認,正常持有,standard,今天不下單,每個交易日收盤後，檢查趨勢與法人籌碼,已有部位可續抱觀察，但暫不追價；若收盤跌破60日EMA約 164.63 且法人籌碼轉弱，先減碼三分之一。,未觸發明確減碼訊號,67.5,62.7,48.8,85,100,完整,165.5,167,8.93,4.21,19.35,56.3,105.97,4.5,18.79,3.96,3.59,11,432,742,835,704,133,0,475.121,1337.132,3913.603,10000.264,431.918,858.918,737.918,617.911,3,1,143439306,149.40700000000004,-2.2769999999999797,12.89,12,56,4488,,-36.19,328.8069999999999,3177.9619999999995,9089.305,51.24,51.6,37.48,79.84,true,false,0.35,1.22,20日趨勢尚未上彎
120,2891,中信金,TWSE,金融保險業,等待確認,正常持有,standard,今天不下單,每個交易日收盤後，檢查趨勢與法人籌碼,已有部位可續抱觀察，但暫不追價；若收盤跌破60日EMA約 66.09 且法人籌碼轉弱，先減碼三分之一。,未觸發明確減碼訊號,75.9,62.7,52.7,85,100,可用,71.5,69.1,-32.01,36.5,,92.82,,1.96,16.63,1.99,3.6,39,-1529,9748,17769,29072,44619,-1350,2674.223,47842.78599999999,42522.64,103334.21300000002,-1613.535,17468.774,30394.588000000003,45567.117000000006,4,1,1214079793,2685.799,3800.4529999999995,35.09,7507,38247,-5796,,2892.081,27688.213000000003,8327.598999999997,57758.524999999994,64.85,75.52,75.99,74.56,false,true,5,4.99,
121,3037,欣興,TWSE,電子零組件業,等待確認,正常持有,standard,今天不下單,每個交易日收盤後，檢查趨勢與法人籌碼,已有部位可續抱觀察，但暫不追價；若收盤跌破60日EMA約 959.69 且法人籌碼轉弱，先減碼三分之一。,未觸發明確減碼訊號,70.9,62.4,43.5,85,100,可用,981,998,56.26,34.16,11.71,59.23,176.35,11.7,65.31,12.59,0.2,50,125,581,895,1764,461,1042,4083.551,2959.0669999999996,10398.409,24576.009,811.935,-197.46500000000003,1477.615,-6590.584999999999,3,2,-193713165,13.924999999999983,-494.9359999999999,41.05,2844,3137,8884,,3073.914,3142.6070000000004,9415.730000000001,30523.755000000005,49.65,60.6,57.29,67.23,true,true,-0.17,1.13,外資持股尚未完成5／10日可比核對或期間有非市場異動；此項不給分，不解讀為轉弱；20日趨勢尚未上彎；單季稅前獲利對營業外貢獻依賴偏高
122,8046,南電,TWSE,電子零組件業,等待確認,正常持有,standard,今天不下單,每個交易日收盤後，檢查趨勢與法人籌碼,"已有部位可續抱觀察，但暫不追價；若收盤跌破60日EMA約 1,090.39 且法人籌碼轉弱，先減碼三分之一。",未觸發明確減碼訊號,69.6,62.1,57.9,85,100,可用,1100,1100,40.59,39.56,17.18,24.03,338.73,5.53,129.26,14.43,0.18,34,1038,1264,1416,1981,2511,275,600.713,983.8660000000001,2632.1720000000005,-8010.498,855.128,1037.1280000000002,-896.1469999999997,-4453.247,4,1,1140840800,262.645,-40.49799999999999,11.49,121,-15,3453,,-393.073,-315.90700000000004,3568.817,-2713.4010000000003,48.49,49.59,44.18,60.43,false,false,-0.83,4.27,20日趨勢尚未上彎；當下除權息調整價未守20日EMA；借券賣出與借券賣出餘額壓力升高
123,8110,華東,TWSE,半導體業,等待確認,正常持有,standard,今天不下單,每個交易日收盤後，檢查趨勢與法人籌碼,已有部位可續抱觀察，但暫不追價；若收盤跌破60日EMA約 45.97 且法人籌碼轉弱，先減碼三分之一。,未觸發明確減碼訊號,59.2,62.1,68.6,85,100,完整,47.4,52.1,24.85,15.54,2.74,18.15,273.44,2.59,8.7,1.27,3.14,2,0,0,0,0,2,0,2501.446,1910.715,1094.6909999999998,2767.593,0,0,0,0.359,0,0,0,166.37099999999998,62.015999999999984,2.45,2555,2402,2097,,2308,1744.344,1032.675,2690.657,61.89,54.99,38.51,87.94,false,false,7.43,14.22,20日趨勢尚未上彎；短線過熱或乖離過大；單季稅前獲利對營業外貢獻依賴偏高
124,4991,環宇-KY,TPEX,半導體業,等待確認,正常持有,standard,今天不下單,每個交易日收盤後，檢查趨勢與法人籌碼,已有部位可續抱觀察，但暫不追價；若收盤跌破60日EMA約 484.56 且法人籌碼轉弱，先減碼三分之一。,未觸發明確減碼訊號,66.2,61.9,60,85,100,可用,499.5,505,45.62,45.57,18.87,12.71,998.83,2.58,147.66,12.91,0,5,0,0,1,1,68,3,111.747,111.747,111.747,-2416.2529999999997,50,50,50,321,1,0,23700000,10.018,10.018,22.15,,,,,51.729,51.729,51.729,-2796.2709999999997,54.81,44.94,29.86,75.11,true,false,5.77,12.25,外資持股尚未完成5／10日可比核對或期間有非市場異動；此項不給分，不解讀為轉弱；20日趨勢尚未上彎；高波動且5日漲幅過大
125,3529,力旺,TPEX,半導體業,等待確認,正常持有,standard,今天不下單,每個交易日收盤後，檢查趨勢與法人籌碼,"已有部位可續抱觀察，但暫不追價；若收盤跌破60日EMA約 2,665.66 且法人籌碼轉弱，先減碼三分之一。",未觸發明確減碼訊號,61.3,61.9,52.7,85,98.7,可用,2800,2940,42.77,21.9,60.64,43.12,194.99,15.75,95.44,60.92,0.72,14,-1,2,-1,89,-67,0,66.263,66.263,66.263,-733.737,121.137,121.137,121.137,84.137,1,0,344634765,41.131,41.131,60.97,,,,,-96.005,-96.005,-96.005,-849.005,56.76,73.36,69.66,80.75,true,false,6.38,2.56,外資持股尚未完成5／10日可比核對或期間有非市場異動；此項不給分，不解讀為轉弱
126,1504,東元,TWSE,電機機械,等待確認,保護持有,protect,今天不新增部位；未完成確認前不機械式賣出,今天收盤後；若跌破，再看下一交易日是否收復,已有部位暫停加碼；若收盤跌破60日EMA約 69.95，且下一交易日仍未收復，先減碼三分之一；若ETF或外資繼續轉弱，再分批降低部位。,外資持股5/10日下降且外資5日賣超,68.8,61.8,55.6,85,100,完整,72.7,70.9,16.83,8.22,9.49,33.82,217.56,1.63,25.18,1.69,2.88,12,14,1802,1942,2269,2031,0,-3611.976,-2599.041,-4049.2660000000005,594.6729999999998,13.936,1857.936,2179.9359999999997,1708.9919999999995,4,1,129126552,591.948,73.81400000000001,7.19,-4007,-5714,-5283,,-3762.7,-5048.925,-6303.016000000001,-834.5270000000014,56.98,43.16,29.3,70.87,false,false,2.8,3.41,外資持股5/10日下降，且外資5日賣超；20日趨勢尚未上彎
127,2481,強茂,TWSE,半導體業,等待確認,正常持有,standard,今天不下單,每個交易日收盤後，檢查趨勢與法人籌碼,已有部位可續抱觀察，但暫不追價；若收盤跌破60日EMA約 150.52 且法人籌碼轉弱，先減碼三分之一。,未觸發明確減碼訊號,75.5,61.8,41.3,85,100,完整,168.5,170.5,29.82,18.1,9.31,47.75,162.68,2.03,44.69,4.28,1.07,7,0,260,1060,2060,4319,1060,4718.435,14541.028000000002,-2247.003999999998,-14903.465999999997,1217,7778.6,10428.6,15091.84,4,0,1310694100,656.604,-996.8380000000001,11.09,3345,5958,-11250,,3262.23,6105.8240000000005,-11678.765999999998,-28771.65599999999,60.13,70.61,62.29,87.25,false,false,8.01,5.97,
128,2308,台達電,TWSE,電子零組件業,等待確認,降低部位,trim,停止加碼；反彈未站回恢復區時分批減碼,每個交易日收盤後，確認是否站回恢復區,"已有部位先停止加碼。反彈若仍未站回 1,798.88，分批降低部位；只有站回且ETF／外資賣壓收斂後才重新評估。",價格跌破60日EMA且20日趨勢向下；投信5/10日持續且具金額意義地賣超,65.7,61.7,48.6,85,100,可用,1810,1775,34.95,41.06,17.22,53.58,159.95,17.59,55.22,15.34,0.67,53,-147,237,305,-1260,-1453,169,3150.388,3908.9139999999993,-11821.728000000003,-19470.823000000004,-20.146,-257.60800000000006,-3413.495,-1604.41,2,3,-446949880,688.4970000000001,48.77300000000005,61.59,2759,3124,-8560,,2830.326,3478.025,-8457.006,-18401.796,54.89,56.98,44.02,82.89,true,false,3.89,11.73,投信5/10日持續且具金額意義的賣超；外資持股尚未完成5／10日可比核對或期間有非市場異動；此項不給分，不解讀為轉弱；20日趨勢尚未上彎
129,2884,玉山金,TWSE,金融保險業,等待確認,保護持有,protect,今天不新增部位；未完成確認前不機械式賣出,今天收盤後；若跌破，再看下一交易日是否收復,已有部位暫停加碼；若收盤跌破60日EMA約 39.71，且下一交易日仍未收復，先減碼三分之一；若ETF或外資繼續轉弱，再分批降低部位。,外資持股5/10日下降且外資5日賣超；KD高檔死亡交叉（僅屬時機警示）,69.5,61.6,51.2,85,100,可用,46.4,46,19.29,21.26,,94.21,,1.32,19.25,2.67,3.02,31,1288,15581,25959,54714,70295,61,-15576.523,-1901.1750000000002,18424.61,22768.795999999995,1205.76,26686.760000000002,58834.770000000004,77323.338,5,0,1238265664,1253.316,2337.074,30.4,-9379,-13163,-36203,,-17250.967,-29841.250999999997,-42747.234,-55987.958000000006,71.1,77.75,87.19,58.88,false,true,6.01,0.11,外資持股5/10日下降，且外資5日賣超；KD高檔死亡交叉，等待動能確認；借券賣出與借券賣出餘額壓力升高
130,3693,營邦,TPEX,電腦及週邊設備業,等待確認,正常持有,standard,今天不下單,每個交易日收盤後，檢查趨勢與法人籌碼,已有部位可續抱觀察，但暫不追價；若收盤跌破60日EMA約 583.27 且法人籌碼轉弱，先減碼三分之一。,未觸發明確減碼訊號,57.5,61.6,52.2,85,100,可用,704,715,171.01,25.27,10.27,46.95,164.12,8.66,45.65,5.76,1.14,1,0,0,0,0,0,0,-368.296,-368.296,-368.296,1567.704,0,0,0,0,0,0,0,-13.09,-13.09,19.69,,,,,-355.206,-355.206,-355.206,1482.7939999999999,67.97,70.19,67.36,75.86,true,false,8.41,2.33,外資持股尚未完成5／10日可比核對或期間有非市場異動；此項不給分，不解讀為轉弱
131,4915,致伸,TWSE,電子零組件業,等待確認,正常持有,standard,今天不下單,每個交易日收盤後，檢查趨勢與法人籌碼,已有部位可續抱觀察，但暫不追價；若收盤跌破60日EMA約 64.01 且法人籌碼轉弱，先減碼三分之一。,未觸發明確減碼訊號,62.4,61.6,51.8,85,100,完整,60.9,65.5,20.38,13.33,4.03,62.65,127.13,2.55,13.23,1.51,6.98,11,-2,749,1556,1742,1878,0,2648.068,479.78700000000026,-1122.5059999999999,-4936.766999999999,-2.183,1555.817,1742.449,2545.0550000000003,2,1,101906014,-555.578,-563.122,24.98,3219,1124,459,,2898,-520.4519999999999,-2301.833,-6760.228,44.67,54.82,69.69,25.07,true,true,-2.48,-5.73,
132,2801,彰銀,TWSE,金融保險業,等待確認,保護持有,protect,今天不新增部位；未完成確認前不機械式賣出,今天收盤後；若跌破，再看下一交易日是否收復,已有部位暫停加碼；若收盤跌破60日EMA約 24.98，且下一交易日仍未收復，先減碼三分之一；若ETF或外資繼續轉弱，再分批降低部位。,外資持股5/10日下降且外資5日賣超；KD高檔死亡交叉（僅屬時機警示）,64.8,61.5,57.5,85,100,可用,29.35,28.95,21.13,14.34,,93.5,,0.94,17.03,1.48,3.63,19,-19,21381,30938,57761,68256,341,-10533.748,-11626.580999999998,-8625.449999999997,-40976.935,-40.816,31537.184,58330.009,66012.28699999998,4,1,913001477,1592.2569999999998,2251.264,16.47,-6125,-37966,-67433,,-11776.156,-44756.022000000004,-69206.723,-101097.85399999999,73.94,76.21,84.94,58.74,false,true,8.1,2.8,外資持股5/10日下降，且外資5日賣超；KD高檔死亡交叉，等待動能確認；借券賣出與借券賣出餘額壓力升高
133,2892,第一金,TWSE,金融保險業,等待確認,保護持有,protect,今天不新增部位；未完成確認前不機械式賣出,今天收盤後；若跌破，再看下一交易日是否收復,已有部位暫停加碼；若收盤跌破60日EMA約 35.32，且下一交易日仍未收復，先減碼三分之一；若ETF或外資繼續轉弱，再分批降低部位。,KD高檔死亡交叉（僅屬時機警示）,69.9,61.5,52.9,85,100,可用,40.85,39.4,13.9,17.99,,94.24,,1.24,18.6,1.9,3.27,27,-1057,11195,18683,40521,35961,0,6786.754,40823.719,101807.342,136285.714,-1115.255,18317.745,41107.849,58157.762,4,1,729046251,2137.115,2833.7289999999994,26.54,6954,19636,45404,,6709.988,20368.859000000004,57865.763999999996,86374.04800000002,75.04,82.2,86.98,72.62,true,true,7.62,2.51,KD高檔死亡交叉，等待動能確認
134,6515,穎崴,TWSE,半導體業,等待確認,保護持有,protect,今天不新增部位；未完成確認前不機械式賣出,今天收盤後；若跌破，再看下一交易日是否收復,"已有部位暫停加碼；若收盤跌破60日EMA約 7,007.31，且下一交易日仍未收復，先減碼三分之一；若ETF或外資繼續轉弱，再分批降低部位。",外資持股5/10日下降且外資5日賣超,56.8,61.3,50.6,85,100,可用,6800,6530,233.37,97.88,24.63,44.89,225.07,38.24,105.35,27.21,0.77,28,0,-20,-21,35,207,-20,7.502,-253.554,-298.86799999999994,-455.74299999999994,-13,-222.58599999999998,64.91400000000002,733.988,0,5,-1432340910,12.955,21.141,22.01,4,-66,-281,,15.105,-43.92299999999999,-384.92300000000006,-1196.9070000000002,51.87,18.89,21.02,14.65,false,false,2.15,3.03,20日累積後5日轉為調節；主動ETF 5日轉為減碼；投信20日買超後近5日轉賣；外資持股5/10日下降，且外資5日賣超；當下除權息調整價未守20日EMA
135,6290,良維,TPEX,電子零組件業,等待確認,正常持有,standard,今天不下單,每個交易日收盤後，檢查趨勢與法人籌碼,已有部位可續抱觀察，但暫不追價；若收盤跌破60日EMA約 255.06 且法人籌碼轉弱，先減碼三分之一。,未觸發明確減碼訊號,63.3,61,57.6,85,100,可用,282.5,286.5,18.19,9.34,17.85,40.09,258.6,4.5,30.09,6.08,2.19,1,0,0,0,0,0,0,1703.998,1703.998,1703.998,2957.998,0,0,0,0,0,0,0,250.552,250.552,21.89,,,,,1453.446,1453.446,1453.446,2355.446,63.66,63.38,56.13,77.87,true,false,8.73,8.65,外資持股尚未完成5／10日可比核對或期間有非市場異動；此項不給分，不解讀為轉弱
136,6781,AES-KY,TWSE,電子零組件業,等待確認,降低部位,trim,停止加碼；反彈未站回恢復區時分批減碼,每個交易日收盤後，確認是否站回恢復區,"已有部位先停止加碼。反彈若仍未站回 1,069.49，分批降低部位；只有站回且ETF／外資賣壓收斂後才重新評估。",價格跌破60日EMA且20日趨勢向下；外資持股5/10日下降且外資5日賣超,56.2,61,66.5,85,100,完整,1090,1020,26.64,26.39,25.76,35.13,265.53,23.45,23.89,4.87,1.89,4,0,0,0,0,1,0,-15.595,-170.061,-341.693,2323.8230000000003,0,7.978,8.478,25.293000000000003,2,1,8057780,7.301000000000002,-35.857,70.45,-46,-155,-238,,-40.776,-185.34,-314.314,2365.3579999999997,54.81,43.45,23.63,83.1,true,false,3.97,9.22,外資持股5/10日下降，且外資5日賣超；20日趨勢尚未上彎；當下除權息調整價未守20日EMA
137,2881,富邦金,TWSE,金融保險業,等待確認,保護持有,protect,今天不新增部位；未完成確認前不機械式賣出,今天收盤後；若跌破，再看下一交易日是否收復,已有部位暫停加碼；若收盤跌破60日EMA約 135.12，且下一交易日仍未收復，先減碼三分之一；若ETF或外資繼續轉弱，再分批降低部位。,外資持股5/10日下降且外資5日賣超,65.7,60.9,54,85,100,可用,150.5,151.5,-48.02,172.43,,90.67,,6.67,14.07,1.85,2.82,36,-1881,2795,4831,3956,8146,-372,-2517.309,1952.0900000000001,127.37800000000038,8408.75,-1921.652,5000.308,4807.976,2634.7070000000003,3,2,752546354,1534.9769999999999,736.8509999999998,18.73,-1123,-1030,-3863,,-1794.526,-4583.195000000001,-5417.449,4462.154000000001,62.28,64.88,66.72,61.21,false,true,2.78,-2.27,外資持股5/10日下降，且外資5日賣超
138,2501,國建,TWSE,建材營造,等待確認,降低部位,trim,停止加碼；反彈未站回恢復區時分批減碼,每個交易日收盤後，確認是否站回恢復區,已有部位先停止加碼。反彈若仍未站回 22.67，分批降低部位；只有站回且ETF／外資賣壓收斂後才重新評估。,價格跌破60日EMA且20日趨勢向下；外資持股5/10日下降且外資5日賣超,52.3,60.7,59.6,85,100,完整,22.75,21.85,60.18,37.18,15.98,62.17,168.24,1.43,7.6,0.79,5.5,1,0,0,0,0,0,0,-1819.344,-6628.986000000001,-8196.480000000001,-7673.795000000002,0,0,0,0,0,0,0,-42.55800000000001,-60.362000000000016,11.52,-1757,-5840,-7144,,-1878.473,-6586.428,-8136.1179999999995,-7621.985999999999,56.67,49.3,29.59,88.73,true,false,2.55,4.12,外資持股5/10日下降，且外資5日賣超；20日趨勢尚未上彎；當下除權息調整價未守20日EMA
139,5483,中美晶,TPEX,半導體業,等待確認,正常持有,standard,今天不下單,每個交易日收盤後，檢查趨勢與法人籌碼,已有部位可續抱觀察，但暫不追價；若收盤跌破60日EMA約 181.16 且法人籌碼轉弱，先減碼三分之一。,未觸發明確減碼訊號,64.6,60,45.8,85,100,可用,183.5,188.5,11.68,6.1,11.23,54.63,131.28,5.02,20.9,2.25,1.87,11,-1,0,-26,119,-69,0,4776.129,4776.129,4776.129,15374.129,-1,-1,-1,-162,0,1,-187500,54.898,54.898,26.82,,,,,4722.231,4722.231,4722.231,15342.231,51.37,63.03,56.16,76.75,false,false,1.1,3.97,外資持股尚未完成5／10日可比核對或期間有非市場異動；此項不給分，不解讀為轉弱
140,6683,雍智科技,TPEX,半導體業,等待確認,正常持有,strong,強勢續抱；不追高,今日收盤確認是否守住20日EMA,"價格仍在20／60日EMA之上且短線強勢；法人未同步轉弱。若收盤跌破20日EMA約 1,412.27 且法人續弱，再轉為保護持有。",價格強勢站上20／60日EMA；法人未同步轉弱,67,59.9,57.1,85,100,可用,1610,1670,25.74,29.82,28.83,25.08,307.5,12.24,74.55,16.28,0.54,4,0,18,24,77,76,24,62.479,62.479,62.479,-53.521000000000015,19,19,19,14,1,0,31730000,-19.864,-19.864,21.03,,,,,63.343,63.343,63.343,-44.65699999999998,63.74,79.9,72.59,94.52,false,false,14,20.6,外資持股尚未完成5／10日可比核對或期間有非市場異動；此項不給分，不解讀為轉弱；短線過熱或乖離過大；高波動且5日漲幅過大
141,1717,長興,TWSE,化學工業,等待確認,保護持有,protect,今天不新增部位；未完成確認前不機械式賣出,今天收盤後；若跌破，再看下一交易日是否收復,已有部位暫停加碼；若收盤跌破60日EMA約 71.95，且下一交易日仍未收復，先減碼三分之一；若ETF或外資繼續轉弱，再分批降低部位。,外資持股5/10日下降且外資5日賣超,68.2,59.8,40,85,100,完整,78.1,71.5,20.95,11.78,7.03,51.77,173.89,1.09,37.58,2.69,1.4,6,236,253,253,251,-747,250,-790.338,-6131.933,-22317.547,9981.874,686,865,610.2139999999999,717.2819999999999,3,0,61761000,579.672,-113.49699999999999,12.07,-1323,-5326,-19848,,-1557.26,-7576.605,-22814.264000000003,9376.359999999997,60.59,53.65,31.97,97.03,true,false,7.24,12.86,外資持股5/10日下降，且外資5日賣超；當下除權息調整價未守20日EMA；強勢上漲後盤中急跌反轉；借券賣出與借券賣出餘額壓力升高
142,3673,TPK-KY,TWSE,光電業,等待確認,正常持有,standard,今天不下單,每個交易日收盤後，檢查趨勢與法人籌碼,已有部位可續抱觀察，但暫不追價；若收盤跌破60日EMA約 65.69 且法人籌碼轉弱，先減碼三分之一。,未觸發明確減碼訊號,60.9,59.7,53.9,85,100,完整,66.4,64.5,16.14,15.26,-1.41,48,197.98,3.33,14.08,0.65,2.79,1,0,0,0,0,0,0,-331.465,546.219,-430.8709999999999,410.329,0,0,0,0,0,0,0,115.383,-274.17800000000005,38.7,-17,1293,730,,-310.68,430.8359999999999,-156.6930000000001,752.4189999999999,55.24,52.26,42.45,71.9,false,false,3.23,4.73,單季稅前獲利對營業外貢獻依賴偏高
143,3265,台星科,TPEX,半導體業,等待確認,正常持有,standard,今天不下單,每個交易日收盤後，檢查趨勢與法人籌碼,已有部位可續抱觀察，但暫不追價；若收盤跌破60日EMA約 169.64 且法人籌碼轉弱，先減碼三分之一。,未觸發明確減碼訊號,59.4,59.5,53.3,85,100,可用,177.5,180,3.36,16.45,21.9,41.35,203.97,3.85,25.25,3.88,2.28,2,0,0,0,-49,-103,0,1402.124,1402.124,1402.124,343.124,0,0,0,-27,0,0,0,66.303,66.303,10.02,,,,,1335.821,1335.821,1335.821,294.8209999999999,55.61,56.07,38.22,91.77,true,false,4.05,8.9,外資持股尚未完成5／10日可比核對或期間有非市場異動；此項不給分，不解讀為轉弱；20日趨勢尚未上彎
144,5876,上海商銀,TWSE,金融保險業,等待確認,保護持有,protect,今天不新增部位；未完成確認前不機械式賣出,今天收盤後；若跌破，再看下一交易日是否收復,已有部位暫停加碼；若收盤跌破60日EMA約 44.95，且下一交易日仍未收復，先減碼三分之一；若ETF或外資繼續轉弱，再分批降低部位。,KD高檔死亡交叉（僅屬時機警示）,61.7,59.5,60.2,85,100,可用,49.5,49.15,7.06,1.96,,88.62,,2.08,13.97,1.12,3.64,19,457,1195,2548,4845,5697,-519,294.575,9617.377,35022.3,57425.842000000004,446.862,2492.862,4879.862,8910.478000000001,4,1,123272026,916.125,693.2410000000001,55.67,1419,6363,29800,,-471.717,6208.389999999999,29449.197,50237.642,69.43,89.46,92.14,84.1,false,true,4.27,-0.8,主動ETF 5日轉為減碼；外資持股尚未完成5／10日可比核對或期間有非市場異動；此項不給分，不解讀為轉弱；KD高檔死亡交叉，等待動能確認
145,3443,創意,TWSE,半導體業,等待確認,正常持有,strong,漲停先續抱；不追價,今日收盤確認是否守住20日EMA,"價格仍在20／60日EMA之上且今日漲停；外資偏弱先觀察，不因分歧減碼。若收盤跌破20日EMA約 6,075.64 且法人續弱，再轉為保護持有。",今日漲停／趨勢站穩；外資偏弱，先觀察,65.2,59.3,34.8,85,100,可用,6450,7865,111.02,103.84,13.81,63.98,144.84,23.89,183.29,71.16,0.28,44,-8,-3,80,-14,236,85,-379.375,-250.92399999999998,-248.14700000000005,318.706,90.547,1000.6469999999999,1159.6789999999999,1418.8809999999999,5,0,7154626050,-67.645,-171.62199999999999,26.74,-419,-744,-825,,-515.777,-1183.9260000000002,-1236.2040000000002,-992.1710000000005,58.11,66.62,64.81,70.25,false,false,6.16,0.78,ETF 1/3日已轉為減碼；外資持股5/10日下降，且外資5日賣超；短線過熱或乖離過大
146,3450,聯鈞,TWSE,半導體業,等待確認,保護持有,protect,今天不新增部位；未完成確認前不機械式賣出,今天收盤後；若跌破，再看下一交易日是否收復,已有部位暫停加碼；若收盤跌破60日EMA約 512.77，且下一交易日仍未收復，先減碼三分之一；若ETF或外資繼續轉弱，再分批降低部位。,外資持股5/10日下降且外資5日賣超,68,59.2,40.5,85,100,完整,554,549,109.76,29.44,18.21,44.79,189.07,2.78,109.13,14.03,0.19,7,0,200,274,274,-357,274,-704.782,-4231.162,-8258.576000000001,-3080.671000000002,6,734,-2636,-591.096,3,2,394892000,-250.43199999999996,-22.269000000000005,19.08,-546,-3895,-4518,,-641.85,-4714.73,-5600.307000000001,-3031.3970000000013,53.11,48.28,34.42,75.99,false,false,2.78,8.84,外資持股5/10日下降，且外資5日賣超；20日趨勢尚未上彎；融資增幅與短線漲幅同步偏高；借券賣出與借券賣出餘額壓力升高
147,2883,凱基金,TWSE,金融保險業,等待確認,保護持有,protect,今天不新增部位；未完成確認前不機械式賣出,今天收盤後；若跌破，再看下一交易日是否收復,已有部位暫停加碼；若收盤跌破60日EMA約 32.79，且下一交易日仍未收復，先減碼三分之一；若ETF或外資繼續轉弱，再分批降低部位。,KD高檔死亡交叉（僅屬時機警示）,62.9,58.9,57.1,85,100,可用,39.5,39.3,-51.73,4170.37,,89.78,,1.64,13.74,1.55,2.54,28,-553,7792,12639,26574,24640,2145,-7768.044,4108.192,26424.132999999998,93799.94200000001,-633.893,10241.107,24711.538,50007.07,2,3,402475505,2610.6249999999995,2764.6839999999997,29.71,-5796,-2631,6106,,-8141.925,-8743.540000000003,-1052.0890000000036,43624.793,76.12,74,84.31,53.38,false,true,7.71,1.8,外資持股尚未完成5／10日可比核對或期間有非市場異動；此項不給分，不解讀為轉弱；短線過熱或乖離過大；KD高檔死亡交叉，等待動能確認；借券賣出與借券賣出餘額壓力升高
148,1102,亞泥,TWSE,水泥工業,等待確認,正常持有,standard,今天不下單,每個交易日收盤後，檢查趨勢與法人籌碼,已有部位可續抱觀察，但暫不追價；若收盤跌破60日EMA約 34.53 且法人籌碼轉弱，先減碼三分之一。,未觸發明確減碼訊號,64.7,58.8,55.3,85,100,完整,35.5,35.25,-1.3,-6.56,8.87,38.22,147.03,2.13,9.71,0.68,6.54,18,1485,1342,2166,3484,8161,-339,27.293,4161.497,14256.213000000002,15434.101000000004,1485.518,2116.95,3517.667,9412.714,4,1,74410793,-77.441,-561.553,13.84,-1486,3000,13793,,-1632.428,2121.988,11300.099,7545.7260000000015,60.32,56.7,65.65,38.79,false,false,1.53,1.43,累計營收負成長且當月改善不足；主動ETF 5日轉為減碼；單季稅前獲利對營業外貢獻依賴偏高
149,3016,嘉晶,TWSE,半導體業,等待確認,正常持有,standard,今天不下單,每個交易日收盤後，檢查趨勢與法人籌碼,已有部位可續抱觀察，但暫不追價；若收盤跌破60日EMA約 105.58 且法人籌碼轉弱，先減碼三分之一。,未觸發明確減碼訊號,60.4,58.5,49.3,85,100,可用,116.5,116.5,57.79,34.73,14.09,31.1,295.64,1,97.08,6.49,0.43,2,0,0,0,0,1,0,-246.893,-6100.861,-3651.7750000000005,-5323.081000000001,0,7,7,7.681,1,0,815500,256.44599999999997,670.4979999999999,3.73,-172,-3781,-804,,-478.742,-6364.307,-4329.272999999999,-6237.119,63.58,74.25,71.32,80.11,false,false,7.84,3.56,外資持股尚未完成5／10日可比核對或期間有非市場異動；此項不給分，不解讀為轉弱；借券賣出與借券賣出餘額壓力升高
150,2313,華通,TWSE,電子零組件業,等待確認,正常持有,strong,強勢續抱；不追高,今日收盤確認是否守住20日EMA,價格仍在20／60日EMA之上且短線強勢；外資偏弱先觀察，不因分歧減碼。若收盤跌破20日EMA約 228.27 且法人續弱，再轉為保護持有。,價格強勢站上20／60日EMA；外資偏弱，先觀察,68.6,58.2,42.7,85,100,可用,247,228.5,6.87,12.68,9.84,51.87,165.85,2.5,36.8,5.61,1.23,20,54,160,154,371,1844,-56,3128.176,-5817.708,-36912.423,-32279.852999999996,-13.984,1563.043,-13888.517,-5246.0909999999985,3,2,357155326,-88.40300000000002,-848.2729999999999,19.18,4123,-2718,-14666,,2897.881,-7292.348,-22175.632999999998,-26107.458999999995,60.36,50.37,33.01,85.07,true,false,8.21,11.76,主動ETF 5日轉為減碼；外資持股5/10日下降，且外資5日賣超；強勢上漲後盤中急跌反轉
151,3105,穩懋,TPEX,半導體業,等待確認,正常持有,standard,今天不下單,每個交易日收盤後，檢查趨勢與法人籌碼,已有部位可續抱觀察，但暫不追價；若收盤跌破60日EMA約 424.33 且法人籌碼轉弱，先減碼三分之一。,未觸發明確減碼訊號,67.7,58.2,46.4,85,100,可用,479.5,503,30.55,33.01,11.91,30.31,161.86,3.56,58.75,4.84,0.4,13,2,216,207,142,433,215,9807.417,9807.417,9807.417,9258.417,235.9,235.9,235.9,2363.9,1,0,117950000,691.966,691.966,31.39,,,,,8879.551,8879.551,8879.551,6720.5509999999995,59.4,66.27,61.1,76.61,false,false,6.83,8,外資持股尚未完成5／10日可比核對或期間有非市場異動；此項不給分，不解讀為轉弱；短線過熱或乖離過大
152,3189,景碩,TWSE,半導體業,等待確認,正常持有,standard,今天不下單,每個交易日收盤後，檢查趨勢與法人籌碼,已有部位可續抱觀察，但暫不追價；若收盤跌破60日EMA約 782.53 且法人籌碼轉弱，先減碼三分之一。,未觸發明確減碼訊號,69.6,57.5,36.8,85,100,可用,826,848,40.58,32.09,10.89,37.32,172.99,3.74,154.36,9.86,0.18,25,148,611,957,1534,1288,918,3173.576,-211.04399999999998,-141.6679999999992,6184.179000000001,308,1248,1437.223,3772.2219999999998,4,1,1038336000,-261.29400000000004,-709.178,19.02,3237,-128,277,,2660.019,-1197.7500000000002,-869.7130000000002,1886.9500000000003,51.27,57.18,48.52,74.51,false,false,0.7,3.51,20日趨勢尚未上彎；借券賣出與借券賣出餘額壓力升高
153,2489,瑞軒,TWSE,光電業,等待確認,正常持有,strong,強勢續抱；不追高,今日收盤確認是否守住20日EMA,價格仍在20／60日EMA之上且短線強勢；法人未同步轉弱。若收盤跌破20日EMA約 39.92 且法人續弱，再轉為保護持有。,價格強勢站上20／60日EMA；法人未同步轉弱,67,57.3,46.6,85,93,可用,44.15,44.4,23.59,16.63,0.78,42.95,188.56,0.44,31.76,2.04,2.72,3,0,0,25,60,322,0,-207.672,11495.060000000001,11588.518000000002,-6963.216999999999,0,-47.9,-20.9,-17.9,1,2,-2114785,1986.4449999999997,927.502,7.91,-455,10554,10416,,-341.405,9556.515000000001,10681.916000000001,-7238.382,64.3,72.16,57.09,102.31,false,false,10.59,12.34,融資增幅與短線漲幅同步偏高；單季稅前獲利對營業外貢獻依賴偏高
154,3019,亞光,TWSE,光電業,等待確認,保護持有,protect,今天不新增部位；未完成確認前不機械式賣出,今天收盤後；若跌破，再看下一交易日是否收復,已有部位暫停加碼；若收盤跌破60日EMA約 139.39，且下一交易日仍未收復，先減碼三分之一；若ETF或外資繼續轉弱，再分批降低部位。,外資持股5/10日下降且外資5日賣超,55.6,56.9,55.5,85,100,完整,150.5,138.5,15.29,15.45,9.05,40.75,215.07,2.98,23.1,2.57,3.36,2,0,0,0,0,1,0,-112.553,-1503.946,-3724.5989999999997,363.82199999999966,0,0,0,-2.589,0,0,0,207.99199999999996,93.97599999999996,9.03,-52,-1366,-2527,,-112,-1711.938,-3818.5750000000003,537.5159999999993,61.01,55.73,36.01,95.16,false,false,7.98,12.31,外資持股5/10日下降，且外資5日賣超；當下除權息調整價未守20日EMA；強勢上漲後盤中急跌反轉
155,9904,寶成,TWSE,運動休閒,等待確認,降低部位,trim,停止加碼；反彈未站回恢復區時分批減碼,每個交易日收盤後，確認是否站回恢復區,已有部位先停止加碼。反彈若仍未站回 24.77，分批降低部位；只有站回且ETF／外資賣壓收斂後才重新評估。,價格跌破60日EMA且20日趨勢向下；外資持股5/10日下降且外資5日賣超,60.4,56.9,57.2,85,100,完整,24.8,24.7,4.33,-1.77,2.25,34.13,162.9,2.37,5.23,0.39,5.26,11,3016,9017,9755,10452,9070,0,-2419.026,2919.9919999999997,-17421.956000000002,-42153.826,3015.862,9741.862000000001,10487.379,11204.075,5,0,240623991,586.474,983.2470000000001,26.99,-4743,-3885,-23236,,-5800.307,-7408.344,-28892.581999999995,-54651.179,54.81,60.7,51.51,79.1,false,false,1,3.12,累計營收負成長且當月改善不足；外資持股5/10日下降，且外資5日賣超；20日趨勢尚未上彎；單季稅前獲利對營業外貢獻依賴偏高
156,2887,台新新光金,TWSE,金融保險業,等待確認,保護持有,protect,今天不新增部位；未完成確認前不機械式賣出,今天收盤後；若跌破，再看下一交易日是否收復,已有部位暫停加碼；若收盤跌破60日EMA約 37.41，且下一交易日仍未收復，先減碼三分之一；若ETF或外資繼續轉弱，再分批降低部位。,KD高檔死亡交叉（僅屬時機警示）,66.5,56.7,52,85,100,可用,44.4,44.4,-44.54,81.88,,92.4,,1.69,16.44,1.63,2.48,35,-2337,11880,22848,84104,99645,1889,-10952.457,17544.402,25486.015999999996,102224.95399999998,-2448.561,22864.779000000002,86238.438,124995.99,4,1,1015196188,891.5679999999999,3756.6539999999995,23.11,-4469,1789,-60538,,-8002.342,-6211.944999999998,-64509.075999999994,-22783.797000000002,74.84,85.5,87.56,81.37,false,true,6.47,1.95,KD高檔死亡交叉，等待動能確認
157,1101,台泥,TWSE,水泥工業,等待確認,保護持有,protect,今天不新增部位；未完成確認前不機械式賣出,今天收盤後；若跌破，再看下一交易日是否收復,已有部位暫停加碼；若收盤跌破60日EMA約 24.35，且下一交易日仍未收復，先減碼三分之一；若ETF或外資繼續轉弱，再分批降低部位。,外資持股5/10日下降且外資5日賣超,65,56.5,41.2,85,100,完整,26.75,24.4,10.65,2.7,7.25,49.78,179.65,0.38,,0.79,3.29,6,10,1626,1868,2707,3563,0,-2908.613,-28253.985999999997,-17846.556999999997,-2996.5860000000002,10,1600,2413,3319.59,4,1,38960000,2060.357,855.3280000000002,12.5,-13797,-54132,-58219,,-4088.563,-31914.343,-21114.885000000002,-7875.788,70.34,56.82,36.3,97.85,true,false,8.81,11.92,外資持股5/10日下降，且外資5日賣超；當下除權息調整價未守20日EMA；強勢上漲後盤中急跌反轉
158,4958,臻鼎-KY,TWSE,電子零組件業,等待確認,保護持有,protect,今天不新增部位；未完成確認前不機械式賣出,今天收盤後；若跌破，再看下一交易日是否收復,已有部位暫停加碼；若收盤跌破60日EMA約 484.45，且下一交易日仍未收復，先減碼三分之一；若ETF或外資繼續轉弱，再分批降低部位。,外資持股5/10日下降且外資5日賣超,58.9,56.4,48,85,100,可用,478.5,485.5,41.05,19.89,7.03,39.71,160.6,3.55,55.98,3.4,0.72,41,401,435,465,960,1956,-89,-9711.68,-17367.655,-6195.382999999998,-49218.724,-432.397,-274.39699999999993,2409.405,7182.688000000001,2,3,-129789781,-533.267,194.51999999999992,52.53,-8618,-12309,-6906,,-9026.745,-16559.991,-8799.308000000005,-55102.89100000001,48.37,23.58,34.37,2.02,false,true,-1.09,-2.25,主動ETF 5日轉為減碼；投信20日買超後近5日轉賣；外資持股5/10日下降，且外資5日賣超
159,3550,聯穎,TWSE,電子零組件業,等待確認,正常持有,strong,漲停先續抱；不追價,今日收盤確認是否守住20日EMA,價格仍在20／60日EMA之上且今日漲停；法人未同步轉弱。若收盤跌破20日EMA約 22.96 且法人續弱，再轉為保護持有。,今日漲停／趨勢站穩；法人未同步轉弱,59.2,56.2,40.4,85,100,完整,24.3,26.05,33.66,29.52,3.34,59.83,178.9,0.67,197.5,1.46,,1,0,0,0,-4,-8,0,653.194,1138.603,1220.7880000000002,-1446.9019999999998,0,0,-4,-14,0,0,0,-14.292,-16.187,8.18,647,1128,1217,,651.699,1152.895,1240.9750000000001,-1405.75,59.11,59.3,38.62,100.66,false,false,5.86,11.98,短線過熱或乖離過大
160,3045,台灣大,TWSE,通信網路業,等待確認,保護持有,protect,今天不新增部位；未完成確認前不機械式賣出,今天收盤後；若跌破，再看下一交易日是否收復,已有部位暫停加碼；若收盤跌破60日EMA約 116.17，且下一交易日仍未收復，先減碼三分之一；若ETF或外資繼續轉弱，再分批降低部位。,KD高檔死亡交叉（僅屬時機警示）,62.4,56.1,43.8,85,100,可用,124,124.5,8.5,4.73,12.15,61.22,52.55,2.86,23.44,4.49,3.82,36,2152,2031,2514,3460,4948,-179,1869.301,8806.188999999998,20278.362999999998,35385.751,2148.492,2466.5530000000003,3426.4300000000003,6296.990000000001,3,2,305852572,-690.0230000000001,-1163.106,18.82,-304,7047,18108,,-333.734,7029.659,18015.038999999997,30955.677,78.68,88.97,93.41,80.09,false,true,3.52,2.06,主動ETF 5日轉為減碼；短線過熱或乖離過大；KD高檔死亡交叉，等待動能確認
161,2324,仁寶,TWSE,電腦及週邊設備業,等待確認,保護持有,protect,今天不新增部位；未完成確認前不機械式賣出,今天收盤後；若跌破，再看下一交易日是否收復,已有部位暫停加碼；若收盤跌破60日EMA約 37.82，且下一交易日仍未收復，先減碼三分之一；若ETF或外資繼續轉弱，再分批降低部位。,外資持股5/10日下降且外資5日賣超,56.7,55.5,41.6,85,100,可用,39.8,38.4,14.5,18.31,1.25,70.57,122.78,1.18,18.94,1.16,2.92,11,801,-45,701,309,-2852,0,-3496.528,-30624.879,-133632.572,-36750.36199999999,767.243,477.24300000000005,169.459,-1161.6299999999997,2,2,17992061,-1869.4710000000002,-6412.370000000001,36,-3483,-29173,-128818,,-5201.38,-29232.650999999998,-127389.661,-33586.024999999994,55.26,37.66,22.56,67.86,true,false,2.95,5.01,外資持股5/10日下降，且外資5日賣超；20日趨勢尚未上彎；當下除權息調整價未守20日EMA
162,2388,威盛,TWSE,半導體業,等待確認,降低部位,trim,停止加碼；反彈未站回恢復區時分批減碼,每個交易日收盤後，確認是否站回恢復區,已有部位先停止加碼。反彈若仍未站回 73.64，分批降低部位；只有站回且ETF／外資賣壓收斂後才重新評估。,價格跌破60日EMA且20日趨勢向下；外資持股5/10日下降且外資5日賣超,50.9,55.2,46.8,85,100,完整,73.8,72.8,77.39,39.64,-15.21,38.79,190.19,0.34,43.69,1.75,0.07,3,0,0,0,0,2,0,-690.13,-3969.2969999999996,-9816.074999999999,-1519.6589999999997,0,0,0,-190.062,0,0,0,-104.14100000000003,-796.706,15.14,-268,-2828,-7363,,-713.935,-3865.156,-9019.369,132.378999999999,49.86,22.75,20.74,26.77,true,false,0.21,2.07,外資持股5/10日下降，且外資5日賣超；20日趨勢尚未上彎；當下除權息調整價未守20日EMA；單季稅前獲利對營業外貢獻依賴偏高
163,5285,界霖,TWSE,半導體業,等待確認,正常持有,standard,今天不下單,每個交易日收盤後，檢查趨勢與法人籌碼,已有部位可續抱觀察，但暫不追價；若收盤跌破60日EMA約 82.90 且法人籌碼轉弱，先減碼三分之一。,未觸發明確減碼訊號,58.1,55.1,48.6,85,100,完整,93.3,97.5,19.93,14.29,9.77,45.73,333.32,2.01,30.19,3.09,1.61,1,0,0,0,0,0,0,-178.326,967.9859999999999,662.462,992.529,0,0,0,0,0,0,0,30.55000000000001,-16.25299999999999,8.49,-189,956,727,,-185.709,937.436,678.715,909.2230000000001,63.75,82.4,67.91,111.39,true,false,8.94,6.63,短線過熱或乖離過大
164,2377,微星,TWSE,電腦及週邊設備業,等待確認,正常持有,strong,強勢續抱；不追高,今日收盤確認是否守住20日EMA,價格仍在20／60日EMA之上且短線強勢；法人未同步轉弱。若收盤跌破20日EMA約 153.52 且法人續弱，再轉為保護持有。,價格強勢站上20／60日EMA；法人未同步轉弱,68.5,55,46.2,85,100,完整,170.5,155,-6.06,-6.42,6.74,54.86,182.8,7.59,13.44,2.26,2.71,21,-14,602,808,625,2106,0,289.485,5970.144,-2547.0660000000007,35653.211,-14,768.212,601.212,2680.0550000000003,2,3,119072860,286.0250000000001,-829.944,19.27,337,4188,589,,306.772,4915.906999999999,-2318.3339999999994,31892.374,66.12,67.72,51.63,99.89,true,false,11.06,13.29,累計營收負成長且當月改善不足；強勢上漲後盤中急跌反轉
165,2634,漢翔,TWSE,航運業,等待確認,正常持有,standard,今天不下單,每個交易日收盤後，檢查趨勢與法人籌碼,已有部位可續抱觀察，但暫不追價；若收盤跌破60日EMA約 62.65 且法人籌碼轉弱，先減碼三分之一。,未觸發明確減碼訊號,66.2,54.7,37.1,85,96.6,可用,64.8,66,13.15,9.47,9.96,63.19,151.33,1.3,31.21,3.31,1.21,4,0,43,43,52,15,0,729.677,2440.0819999999994,-9264.045,-15286.118000000002,0,117,123,-768.02,2,0,7558200,1584.711,1025.0679999999998,3.19,826,2482,-5161,,858.948,738.3709999999999,-10412.113,-15837.784,49.45,40.86,29.35,63.88,false,false,-0.4,1.57,20日趨勢尚未上彎
166,2515,中工,TWSE,建材營造,等待確認,正常持有,standard,今天不下單,每個交易日收盤後，檢查趨勢與法人籌碼,已有部位可續抱觀察，但暫不追價；若收盤跌破60日EMA約 12.15 且法人籌碼轉弱，先減碼三分之一。,未觸發明確減碼訊號,58.8,54.4,43.5,85,100,可用,12.15,12.05,28.84,25.74,4.44,64.71,225.23,0.25,24.9,0.83,4.18,1,0,0,0,0,0,0,-2473.336,443.9280000000003,1827.7379999999998,9356.920999999998,0,-289,-329,-329,0,3,-3453550,52.373999999999995,121.63099999999999,7.85,-2632,2058,-1909,,-2481.85,680.5540000000001,2035.107,9545.703000000001,54.96,40.48,31.69,58.08,true,false,1.35,1.25,外資持股尚未完成5／10日可比核對或期間有非市場異動；此項不給分，不解讀為轉弱
167,6715,嘉基,TWSE,電子零組件業,等待確認,保護持有,protect,今天不新增部位；未完成確認前不機械式賣出,今天收盤後；若跌破，再看下一交易日是否收復,已有部位暫停加碼；若收盤跌破60日EMA約 381.56，且下一交易日仍未收復，先減碼三分之一；若ETF或外資繼續轉弱，再分批降低部位。,投信5/10日持續且具金額意義地賣超,54.3,54.4,55.6,85,100,可用,433,425,113.02,10.24,6.77,20.15,319.88,0.89,284.87,7.99,0.45,1,0,0,0,0,1,0,-619.181,137.53099999999992,39.06299999999993,-294.11300000000006,-265,-910,-910,-1590,1,3,-394030000,125.54899999999999,133.788,2.6,-352,1113,1217,,-403.768,921.9820000000001,815.2750000000002,1115.5300000000002,61.96,86.06,71.69,114.81,false,false,16.21,25.14,投信5/10日持續且具金額意義的賣超；外資持股尚未完成5／10日可比核對或期間有非市場異動；此項不給分，不解讀為轉弱；20日趨勢尚未上彎；短線過熱或乖離過大；高波動且5日漲幅過大
168,2484,希華,TWSE,電子零組件業,等待確認,正常持有,standard,今天不下單,每個交易日收盤後，檢查趨勢與法人籌碼,已有部位可續抱觀察，但暫不追價；若收盤跌破60日EMA約 69.82 且法人籌碼轉弱，先減碼三分之一。,未觸發明確減碼訊號,57.3,54.2,58.8,85,100,完整,72.2,71,25.09,1.71,10.26,19.25,453.99,0.86,50.65,2.74,0.99,1,0,0,0,-6,-12,0,-612.097,2175.958,2099.1430000000005,-1566.021999999999,0,0,-6,-18,0,0,0,34.104,-24.78,6.87,-989,1411,2010,,-614.62,2141.854,2129.923,-1537.2390000000005,51.73,62.78,46.82,94.69,false,false,1.65,7.44,20日趨勢尚未上彎；當下除權息調整價未守20日EMA
169,1519,華城,TWSE,電機機械,等待確認,保護持有,protect,今天不新增部位；未完成確認前不機械式賣出,今天收盤後；若跌破，再看下一交易日是否收復,已有部位暫停加碼；若收盤跌破60日EMA約 711.99，且下一交易日仍未收復，先減碼三分之一；若ETF或外資繼續轉弱，再分批降低部位。,價格跌破60日EMA且20日趨勢向下,66.4,54.1,39.1,85,100,完整,736,709,12.5,-1.77,21.68,71.6,146.34,6.52,47.19,24.74,1.66,13,-2,199,201,203,203,0,334.612,441.65600000000006,859.6860000000001,854.0310000000003,22,105.339,192.3,275.52500000000003,4,1,75949419,0.5900000000000034,-109.13099999999999,18.27,262,415,1139,,273.189,335.72700000000003,776.517,550.0459999999999,56.07,29.87,21.28,47.07,true,false,2.52,5.6,20日趨勢尚未上彎；當下除權息調整價未守20日EMA
170,2466,冠西電,TWSE,光電業,等待確認,正常持有,standard,今天不下單,每個交易日收盤後，檢查趨勢與法人籌碼,已有部位可續抱觀察，但暫不追價；若收盤跌破60日EMA約 93.62 且法人籌碼轉弱，先減碼三分之一。,未觸發明確減碼訊號,63.2,54.1,29.4,85,100,完整,106,106,59.92,1.39,-12.17,58.31,118.6,0.05,67.52,9.49,,1,0,0,0,-7,-13,0,720.419,350.225,1229.45,653.2529999999999,0,0,-7,-23,0,0,0,2,-1,11.95,720,348,1237,,720.419,348.225,1237.45,678.2530000000002,56.93,59.95,55.1,69.66,true,true,3.94,2.91,單季稅前獲利對營業外貢獻依賴偏高
171,2633,台灣高鐵,TWSE,航運業,等待確認,降低部位,trim,停止加碼；反彈未站回恢復區時分批減碼,每個交易日收盤後，確認是否站回恢復區,已有部位先停止加碼。反彈若仍未站回 26.04，分批降低部位；只有站回且ETF／外資賣壓收斂後才重新評估。,價格跌破60日EMA且20日趨勢向下；外資持股5/10日下降且外資5日賣超,56,53.9,42.5,85,100,完整,26.1,25.75,-1.57,3.32,40.17,81.85,76.96,0.67,21.11,2.07,4.47,10,1000,3566,4970,8617,11462,0,-8026.493,-11005.16,-11333.999999999998,-23909.989999999998,999.605,4957.605,8596.605,13503.574999999999,5,0,127658329,275.93600000000004,235.81100000000004,5.6,-8954,-13490,-16864,,-9178.684,-16238.701,-20166.415999999997,-37484.609,51.89,47.63,36.43,70.03,true,true,0.28,0.38,外資持股5/10日下降，且外資5日賣超；20日趨勢尚未上彎；當下除權息調整價未守20日EMA
172,1605,華新,TWSE,電器電纜,等待確認,保護持有,protect,今天不新增部位；未完成確認前不機械式賣出,今天收盤後；若跌破，再看下一交易日是否收復,已有部位暫停加碼；若收盤跌破60日EMA約 36.61，且下一交易日仍未收復，先減碼三分之一；若ETF或外資繼續轉弱，再分批降低部位。,外資持股5/10日下降且外資5日賣超,54.5,53.8,50.6,85,100,完整,37.15,37.1,14.97,2.47,1.4,38.79,147.45,2.85,11.24,0.8,1.35,5,-282,-409,-252,289,935,0,-5237.277,-6389.059,-5020.116,96642.875,-282.327,-270.327,261.404,871.2650000000001,2,3,-10029132,-354.111,-959.2429999999998,18.17,-4054,-2325,-4303,,-5197.241,-5764.621,-4322.277,96234.099,48.96,32.22,27.23,42.21,true,false,-0.66,0.41,20日累積後5日轉為調節；ETF 1/3日已轉為減碼；投信20日買超後近5日轉賣；外資持股5/10日下降，且外資5日賣超；20日趨勢尚未上彎；當下除權息調整價未守20日EMA；單季稅前獲利對營業外貢獻依賴偏高
173,2486,一詮,TWSE,光電業,等待確認,降低部位,trim,停止加碼；反彈未站回恢復區時分批減碼,每個交易日收盤後，確認是否站回恢復區,已有部位先停止加碼。反彈若仍未站回 244.14，分批降低部位；只有站回且ETF／外資賣壓收斂後才重新評估。,價格跌破60日EMA且20日趨勢向下；外資持股5/10日下降且外資5日賣超,55.9,53.1,40.2,85,100,完整,260,237.5,46.07,30,8.05,57.6,181.35,0.91,204.74,9.24,0.21,5,0,0,1,1,679,0,213.097,-1999.085,-4171.403,-13533.319,0,52,-453,-258,3,0,12350000,-397.28999999999996,-474.70099999999996,7.67,427,-773,-2032,,177.683,-1653.795,-3243.702,-12675.741000000002,57.99,41.27,20.91,81.99,true,false,6.5,10.87,外資持股5/10日下降，且外資5日賣超；20日趨勢尚未上彎；當下除權息調整價未守20日EMA；強勢上漲後盤中急跌反轉
174,1301,台塑,TWSE,塑膠工業,等待確認,保護持有,protect,今天不新增部位；未完成確認前不機械式賣出,今天收盤後；若跌破，再看下一交易日是否收復,已有部位暫停加碼；若收盤跌破60日EMA約 59.97，且下一交易日仍未收復，先減碼三分之一；若ETF或外資繼續轉弱，再分批降低部位。,外資持股5/10日下降且外資5日賣超,63.4,52.3,46.9,85,100,完整,64.5,64.9,6.79,-1.47,1.77,26.47,301.26,2.19,39.63,0.72,0.77,5,-2,24,19,19,1084,0,-1247.072,-12752.197,3128.276,27232.647999999997,-2,-7,-18,-1676.126,0,2,-455000,-466.6410000000002,-2218.242,34.55,-1234,-13704,-776,,-1085.969,-12278.556,5364.517999999999,29168.623000000007,55.11,41.49,36.05,52.36,true,false,1.56,2.54,累計營收負成長且當月改善不足；外資持股5/10日下降，且外資5日賣超；單季稅前獲利對營業外貢獻依賴偏高
175,3714,富采,TWSE,光電業,等待確認,正常持有,strong,漲停先續抱；不追價,今日收盤確認是否守住20日EMA,價格仍在20／60日EMA之上且今日漲停；法人未同步轉弱。若收盤跌破20日EMA約 62.91 且法人續弱，再轉為保護持有。,今日漲停／趨勢站穩；法人未同步轉弱,63.3,52.3,51.6,85,100,完整,66.2,74.1,14.23,6.22,-5.92,18.44,355.3,1.49,,1.15,1.34,2,0,0,0,0,2,0,5086.15,7486.093,3465.383,17559.646999999997,0,143,143,134.364,2,0,9638200,649.4730000000001,448.7600000000001,14.75,3911,3192,-2032,,4644.423,6693.62,2873.6229999999996,16584.575,59.6,60.7,48.94,84.21,true,false,5.23,7.64,短線過熱或乖離過大；單季稅前獲利對營業外貢獻依賴偏高
176,8054,安國,TPEX,半導體業,等待確認,正常持有,standard,今天不下單,每個交易日收盤後，檢查趨勢與法人籌碼,已有部位可續抱觀察，但暫不追價；若收盤跌破60日EMA約 87.76 且法人籌碼轉弱，先減碼三分之一。,未觸發明確減碼訊號,57.7,51.7,25.9,85,100,可用,84.4,85.3,157.45,163.51,-5.37,48.62,119.56,-0.23,,3.48,0,1,0,0,0,0,0,0,259.205,259.205,259.205,231.20499999999998,0,0,0,0,0,0,0,-2.802,-2.802,5.08,,,,,262.007,262.007,262.007,235.007,52.64,62.66,47.89,92.2,true,false,1.78,2.3,外資持股尚未完成5／10日可比核對或期間有非市場異動；此項不給分，不解讀為轉弱
177,8033,雷虎,TWSE,其他,等待確認,保護持有,protect,今天不新增部位；未完成確認前不機械式賣出,今天收盤後；若跌破，再看下一交易日是否收復,已有部位暫停加碼；若收盤跌破60日EMA約 177.70，且下一交易日仍未收復，先減碼三分之一；若ETF或外資繼續轉弱，再分批降低部位。,價格跌破60日EMA且20日趨勢向下,55.2,51.6,51.1,85,100,完整,180,173,74.96,14.45,-0.26,23.39,337.66,0.62,359.38,8.73,,1,0,0,0,-6,-12,0,505.035,346.3309999999998,-999.9420000000002,-10070.348,0,0,-6,-22,0,0,0,-18.483999999999995,-5.238999999999997,4.24,423,360,-1125,,524.404,364.81500000000005,-988.703,-9921.393000000002,51.54,41.11,24.8,73.72,false,false,1.93,3.45,20日趨勢尚未上彎；當下除權息調整價未守20日EMA；單季稅前獲利對營業外貢獻依賴偏高
178,1718,中纖,TWSE,化學工業,等待確認,正常持有,standard,今天不下單,每個交易日收盤後，檢查趨勢與法人籌碼,已有部位可續抱觀察，但暫不追價；若收盤跌破60日EMA約 10.57 且法人籌碼轉弱，先減碼三分之一。,未觸發明確減碼訊號,60.6,51.5,27.9,85,100,可用,10.9,10.6,4.43,3.25,,90.72,88.16,0.46,17.97,0.6,,1,0,0,0,-43,-85,0,-4916.66,11063.289,12516.201000000001,-12433.050000000001,0,0,-43,-149,0,0,0,373.872,271.853,6.24,-4316,11198,12420,,-4697.3,10689.417000000001,12287.348,-12209.382,53.52,54.88,42.83,78.99,false,false,2.23,3.32,當下除權息調整價未守20日EMA
179,5425,台半,TPEX,半導體業,等待確認,正常持有,standard,今天不下單,每個交易日收盤後，檢查趨勢與法人籌碼,已有部位可續抱觀察，但暫不追價；若收盤跌破60日EMA約 92.00 且法人籌碼轉弱，先減碼三分之一。,未觸發明確減碼訊號,49,51.4,44.2,85,100,可用,93.3,83.4,22.43,7.49,8.99,50.58,181.79,1.52,33.67,2.97,2.18,1,0,0,0,-42,4859,0,-723.501,-723.501,-723.501,-4355.501,0,0,0,-23,0,0,0,-408.889,-408.889,18.39,,,,,-314.612,-314.612,-314.612,-2687.612,53.29,68.23,55.27,94.14,false,false,2.11,3.55,外資持股尚未完成5／10日可比核對或期間有非市場異動；此項不給分，不解讀為轉弱；當下除權息調整價未守20日EMA
180,9933,中鼎,TWSE,其他,等待確認,保護持有,protect,今天不新增部位；未完成確認前不機械式賣出,今天收盤後；若跌破，再看下一交易日是否收復,已有部位暫停加碼；若收盤跌破60日EMA約 40.00，且下一交易日仍未收復，先減碼三分之一；若ETF或外資繼續轉弱，再分批降低部位。,投信5/10日持續且具金額意義地賣超,57.6,51.3,39.6,85,100,完整,42.3,42.3,5.25,-14.13,10.5,79.51,109.31,2.71,7.8,1.67,2.25,4,0,-65,-136,104,1384,-141,-66.878,1978.1940000000002,2629.968,5775.68,0,-237.09999999999997,-0.3999999999999577,1243.992,1,3,-10029330,-165.098,-663.798,19.42,-31,2488,3197,,-102.878,2380.392,3294.1659999999983,5713.547999999998,61.52,82.99,79.14,90.68,false,false,3.03,2.67,累計營收負成長且當月改善不足；20日累積後5日轉為調節；主動ETF 5日轉為減碼；投信5/10日持續且具金額意義的賣超
181,2312,金寶,TWSE,其他電子業,等待確認,保護持有,protect,今天不新增部位；未完成確認前不機械式賣出,今天收盤後；若跌破，再看下一交易日是否收復,已有部位暫停加碼；若收盤跌破60日EMA約 32.03，且下一交易日仍未收復，先減碼三分之一；若ETF或外資繼續轉弱，再分批降低部位。,價格跌破60日EMA且20日趨勢向下,55.9,50.6,34.9,85,100,完整,34.1,31.45,22.38,3.52,2.82,73.25,123.94,0.7,26.05,1.92,1.94,4,0,0,20,40,52,0,-1586.727,-2399.024000000001,-12975.222000000002,5266.951999999999,0,333,353,378.731,3,0,10323000,-902.412,-1986.8719999999998,8.99,-1040,994,-7536,,-1435.149,-1829.6120000000003,-11341.35,6016.649999999999,62.12,54.32,36.13,90.72,true,false,7.32,10.53,20日趨勢尚未上彎；當下除權息調整價未守20日EMA；強勢上漲後盤中急跌反轉
182,3211,順達,TPEX,電腦及週邊設備業,等待確認,正常持有,standard,今天不下單,每個交易日收盤後，檢查趨勢與法人籌碼,已有部位可續抱觀察，但暫不追價；若收盤跌破60日EMA約 374.77 且法人籌碼轉弱，先減碼三分之一。,未觸發明確減碼訊號,50.6,49.5,43.8,85,100,可用,331.5,372,17.34,20.9,9.45,52.5,143.34,3.4,49.6,6.34,3.12,7,0,-7,110,197,-210,0,11.599,11.599,11.599,-2958.401,0.9,0.9,0.9,-2149.1,1,0,331200,13.699,13.699,18.92,,,,,-3,-3,-3,-685,38.83,22.98,28.52,11.92,true,true,-9.68,-8.55,外資持股尚未完成5／10日可比核對或期間有非市場異動；此項不給分，不解讀為轉弱
183,4585,達明,TWSE,其他電子業,等待確認,正常持有,standard,今天不下單,每個交易日收盤後，檢查趨勢與法人籌碼,已有部位可續抱觀察，但暫不追價；若收盤跌破60日EMA約 302.63 且法人籌碼轉弱，先減碼三分之一。,未觸發明確減碼訊號,57.6,49.5,51.4,85,100,完整,303,301.5,-6.11,10.42,6.71,10.35,340.31,1.83,108.99,4.54,0.33,1,0,0,0,0,0,0,79.402,240.804,681.6500000000001,872.586,0,-19,-24,-25.374,0,2,-5757000,-13.997,-18.858999999999998,1.35,88,357,867,,77.6,273.801,724.509,895.6610000000001,54.9,68.14,56.51,91.4,false,false,1.68,1.68,估值高，現有成長幅度尚未支撐目前估值；單季稅前獲利對營業外貢獻依賴偏高
184,6643,M31,TPEX,半導體業,等待確認,正常持有,standard,今天不下單,每個交易日收盤後，檢查趨勢與法人籌碼,已有部位可續抱觀察，但暫不追價；若收盤跌破60日EMA約 440.63 且法人籌碼轉弱，先減碼三分之一。,未觸發明確減碼訊號,61,49,42.7,85,100,可用,458,470,73.08,4.06,-10.18,10.91,573.46,-1.24,482.11,10.27,0.26,1,0,0,0,15,15,0,148.48,148.48,148.48,13.47999999999999,0,0,0,0,0,0,0,33.04,33.04,14.97,,,,,115.44,115.44,115.44,-3.5600000000000023,59.82,74.91,55.65,113.44,true,false,6.91,8.92,外資持股尚未完成5／10日可比核對或期間有非市場異動；此項不給分，不解讀為轉弱
185,6182,合晶,TPEX,半導體業,等待確認,正常持有,standard,今天不下單,每個交易日收盤後，檢查趨勢與法人籌碼,已有部位可續抱觀察，但暫不追價；若收盤跌破60日EMA約 108.71 且法人籌碼轉弱，先減碼三分之一。,未觸發明確減碼訊號,60.2,48.5,34.6,85,100,可用,112.5,118,19.97,11.75,2.25,33.96,210.31,0.06,504.35,4.26,0,1,0,0,0,0,-157,0,20685.984,20685.984,20685.984,14685.984,-99,-99,-99,-256,0,1,-11484000,1107.008,1107.008,25.13,,,,,19677.976,19677.976,19677.976,17100.976,52.12,53.4,46.73,66.74,false,false,2.34,8.7,外資持股尚未完成5／10日可比核對或期間有非市場異動；此項不給分，不解讀為轉弱；估值高，現有成長幅度尚未支撐目前估值
186,2201,裕隆,TWSE,汽車工業,等待確認,正常持有,standard,今天不下單,每個交易日收盤後，檢查趨勢與法人籌碼,已有部位可續抱觀察，但暫不追價；若收盤跌破60日EMA約 29.11 且法人籌碼轉弱，先減碼三分之一。,未觸發明確減碼訊號,56.7,48.1,32.4,85,100,完整,31.55,29.65,-2.02,-3.46,9.68,74.19,99.35,0.5,33.26,0.49,1.89,2,-143,-143,-73,7,-716,0,-2677.537,-2949.062,-6672.245999999999,-12677.970999999996,-143,-171,-94,-805.812,1,3,-5061600,507.233,755.491,4.96,-2264,420,2767,,-2715.27,-3285.295,-7333.737,-12063.689999999999,61.45,37.69,33.92,45.23,true,false,4.92,3.78,累計營收負成長且當月改善不足；ETF 1/3日已轉為減碼；當下除權息調整價未守20日EMA
187,3715,定穎投控,TWSE,電子零組件業,等待確認,正常持有,standard,今天不下單,每個交易日收盤後，檢查趨勢與法人籌碼,已有部位可續抱觀察，但暫不追價；若收盤跌破60日EMA約 128.65 且法人籌碼轉弱，先減碼三分之一。,未觸發明確減碼訊號,49.8,47.2,26.4,85,100,完整,122,119.5,83.96,46.5,1.58,75.09,128.44,-1.55,,3.21,0.91,2,0,0,0,0,0,0,-144.55,-1060.4579999999999,-2589.0889999999995,-9657.845000000001,0,0,0,-0.982,0,0,0,-90.071,11.884000000000007,9.52,-601,-522,452,,-162.984,-970.3869999999998,-2600.973,-9661.366,50.79,18.03,26.43,1.24,false,false,0.88,1.24,當下除權息調整價未守20日EMA
188,3532,台勝科,TWSE,半導體業,等待確認,正常持有,strong,強勢續抱；不追高,今日收盤確認是否守住20日EMA,價格仍在20／60日EMA之上且短線強勢；外資偏弱先觀察，不因分歧減碼。若收盤跌破20日EMA約 410.54 且法人續弱，再轉為保護持有。,價格強勢站上20／60日EMA；外資偏弱，先觀察,64.7,46.8,22.9,85,100,完整,458,449.5,29.28,19.14,-0.14,52.63,270.98,-0.05,344.23,7.14,0.22,8,-2,93,72,66,242,-22,-753.236,358.975,1864.6699999999998,2327.1500000000005,-2,718,3379,3069.608,2,2,321305000,674.6899999999999,560.871,43.95,-525,-1089,-1942,,-521.471,-1033.7150000000001,-2075.2010000000005,-1125.4620000000002,65.97,68.06,66.46,71.27,false,false,11.56,10.1,主動ETF 5日轉為減碼；外資持股5/10日下降，且外資5日賣超
189,6409,旭隼,TWSE,其他電子業,等待確認,保護持有,protect,今天不新增部位；未完成確認前不機械式賣出,今天收盤後；若跌破，再看下一交易日是否收復,已有部位暫停加碼；若收盤跌破60日EMA約 957.36，且下一交易日仍未收復，先減碼三分之一；若ETF或外資繼續轉弱，再分批降低部位。,價格跌破60日EMA且20日趨勢向下,53.2,46.2,39.6,85,100,完整,988,938,-3.16,-4.14,18.11,58.77,134.82,12.58,35.18,10.08,4.05,11,-37,-96,-26,66,144,0,82.869,176.749,36.67200000000001,-286.9789999999999,-37.481,-7.600999999999999,45.620999999999995,94.13999999999999,2,3,-6901708,15.756,-1.3699999999999992,52.25,64,101,-127,,106.959,168.594,-7.579000000000004,-381.619,55.7,50.68,29.34,93.37,false,false,4.98,13.04,累計營收負成長且當月改善不足；20日累積後5日轉為調節；ETF 1/3日已轉為減碼；20日趨勢尚未上彎；當下除權息調整價未守20日EMA；強勢上漲後盤中急跌反轉
190,4906,正文,TWSE,通信網路業,等待確認,正常持有,standard,今天不下單,每個交易日收盤後，檢查趨勢與法人籌碼,已有部位可續抱觀察，但暫不追價；若收盤跌破60日EMA約 36.75 且法人籌碼轉弱，先減碼三分之一。,未觸發明確減碼訊號,60.1,46.1,30.9,85,100,可用,37.05,37.1,56.09,-14.39,-4.77,39.64,161.83,-0.42,308.33,1.48,1.27,1,0,0,0,0,0,0,251.727,989.2279999999998,-754.5909999999999,-4468.034,0,0,0,0,0,0,0,47.166999999999994,-43.607,6.97,-43,1583,-357,,180.316,942.061,-710.984,-4835.884,54.82,59.08,43.33,90.58,true,false,2.51,4.37,外資持股尚未完成5／10日可比核對或期間有非市場異動；此項不給分，不解讀為轉弱
191,6451,訊芯-KY,TWSE,半導體業,等待確認,正常持有,standard,今天不下單,每個交易日收盤後，檢查趨勢與法人籌碼,已有部位可續抱觀察，但暫不追價；若收盤跌破60日EMA約 446.73 且法人籌碼轉弱，先減碼三分之一。,未觸發明確減碼訊號,62,45.7,17.4,85,100,完整,457,445,49.81,1.77,-0.79,54.01,153.7,-0.72,406.88,5.88,0.05,1,0,0,0,0,1,0,619.521,1269.529,760.6690000000001,-2587.5120000000006,0,22,22,21.282,2,0,9757000,-86.041,-205.82700000000003,63.85,721,1657,1540,,610.681,1333.5700000000002,944.496,-2639.0599999999995,55.01,49.64,34.76,79.41,true,false,5.41,9.46,單季稅前獲利對營業外貢獻依賴偏高
192,8215,明基材,TWSE,光電業,等待確認,保護持有,protect,今天不新增部位；未完成確認前不機械式賣出,今天收盤後；若跌破，再看下一交易日是否收復,已有部位暫停加碼；若收盤跌破60日EMA約 25.72，且下一交易日仍未收復，先減碼三分之一；若ETF或外資繼續轉弱，再分批降低部位。,外資持股5/10日下降且外資5日賣超,60.3,45.1,18.7,85,100,完整,27.35,27.5,4.88,6.13,-3.62,69.5,105.86,-0.96,,1.83,1.1,1,0,-53,4,199,430,0,-660.709,-1671.0749999999998,-1253.2859999999996,-531.1139999999996,0,4,199,426,2,1,109400,6.021999999999999,-5.1290000000000004,1.37,-482,-1370,-1365,,-669.709,-1681.0969999999998,-1447.157,-937.0489999999998,63.95,66.85,54.13,92.3,false,false,6.59,9.62,外資持股5/10日下降，且外資5日賣超
193,3163,波若威,TPEX,通信網路業,等待確認,保護持有,protect,今天不新增部位；未完成確認前不機械式賣出,今天收盤後；若跌破，再看下一交易日是否收復,已有部位暫停加碼；若收盤跌破60日EMA約 708.96，且下一交易日仍未收復，先減碼三分之一；若ETF或外資繼續轉弱，再分批降低部位。,價格跌破60日EMA且20日趨勢向下,49.7,45,49.8,85,100,可用,731,665,9.69,17.73,3.61,25.12,374.74,3.5,67.86,16.3,0.53,2,0,0,0,0,0,0,-232.744,-232.744,-232.744,416.256,0,0,0,0,0,0,0,-1.445,-1.445,9.88,,,,,-231.299,-231.299,-231.299,308.701,54.24,33.44,20.8,58.71,true,false,4.39,11.43,外資持股尚未完成5／10日可比核對或期間有非市場異動；此項不給分，不解讀為轉弱；20日趨勢尚未上彎；當下除權息調整價未守20日EMA；強勢上漲後盤中急跌反轉；單季稅前獲利對營業外貢獻依賴偏高
194,2409,友達,TWSE,光電業,等待確認,正常持有,standard,今天不下單,每個交易日收盤後，檢查趨勢與法人籌碼,已有部位可續抱觀察，但暫不追價；若收盤跌破60日EMA約 26.81 且法人籌碼轉弱，先減碼三分之一。,未觸發明確減碼訊號,59.6,43.3,26.4,85,100,可用,30.35,30.95,-5.86,-1.82,-0.3,55.81,116.87,0.03,126.46,1.48,1.32,11,3130,3148,3145,3040,528,0,-45062.488,-73126.209,172863.90899999999,124826.174,3630.311,3613.311,3508.6470000000004,1246.2240000000002,2,1,109663989,-4474.197,17979.64,13.73,-56370,-56296,159707,,-52162.597,-72265.323,151375.622,104147.255,62.52,52.57,55.32,47.09,false,false,6.4,5.75,累計營收負成長且當月改善不足；估值高，現有成長幅度尚未支撐目前估值；單季稅前獲利對營業外貢獻依賴偏高
195,2328,廣宇,TWSE,電子零組件業,等待確認,正常持有,standard,今天不下單,每個交易日收盤後，檢查趨勢與法人籌碼,已有部位可續抱觀察，但暫不追價；若收盤跌破60日EMA約 46.68 且法人籌碼轉弱，先減碼三分之一。,未觸發明確減碼訊號,57.4,42.8,35.9,85,100,完整,46.5,46.7,19.67,-7.84,0,31.57,236.18,-0.24,107.91,1.65,1.94,2,0,0,0,0,1,0,-144.998,198.42400000000004,582.207,2877.228,0,0,0,18,0,0,0,79.73200000000001,32.542000000000016,9.42,-24,239,834,,-154.998,118.69199999999995,549.6649999999998,3014.0439999999994,53.15,51.71,38.37,78.38,true,false,1.04,2.42,估值高，現有成長幅度尚未支撐目前估值
196,3363,上詮,TPEX,通信網路業,等待確認,正常持有,strong,強勢續抱；不追高,今日收盤確認是否守住20日EMA,價格仍在20／60日EMA之上且短線強勢；法人未同步轉弱。若收盤跌破20日EMA約 686.40 且法人續弱，再轉為保護持有。,價格強勢站上20／60日EMA；法人未同步轉弱,67.5,39.3,28.9,85,100,可用,750,695,13.2,-10.56,-30.58,11.1,873.99,-1.18,,13.58,0,3,0,89,89,389,389,89,220.332,220.332,220.332,-50.66800000000012,0,0,0,0,0,0,0,9.421,9.421,22.6,,,,,210.911,210.911,210.911,-74.08899999999994,60.12,44.68,28.11,77.83,true,false,9.27,11.11,外資持股尚未完成5／10日可比核對或期間有非市場異動；此項不給分，不解讀為轉弱；高波動且5日漲幅過大；強勢上漲後盤中急跌反轉
197,6116,彩晶,TWSE,光電業,等待確認,正常持有,standard,今天不下單,每個交易日收盤後，檢查趨勢與法人籌碼,已有部位可續抱觀察，但暫不追價；若收盤跌破60日EMA約 14.27 且法人籌碼轉弱，先減碼三分之一。,未觸發明確減碼訊號,52.1,38.4,33.5,85,100,完整,14.2,14,8,2.93,-15.24,20.77,179.8,-0.02,,1.07,,1,0,0,0,0,0,0,-2968.947,778.72,-5718.8830000000025,-40508.317,0,0,0,6.712,0,0,0,-78.60600000000004,81.54299999999998,4.39,-2414,2390,-3276,,-3044.666,857.3260000000001,-5800.4259999999995,-40143.056,50.18,32.08,29.62,36.99,true,false,0.41,2.53,當下除權息調整價未守20日EMA
198,6706,惠特,TWSE,光電業,等待確認,保護持有,protect,今天不新增部位；未完成確認前不機械式賣出,今天收盤後；若跌破，再看下一交易日是否收復,已有部位暫停加碼；若收盤跌破60日EMA約 131.25，且下一交易日仍未收復，先減碼三分之一；若ETF或外資繼續轉弱，再分批降低部位。,外資持股5/10日下降且外資5日賣超,48.1,36.7,23.9,85,100,完整,149.5,150.5,120.53,-34.99,-84.96,51.49,206.17,-2.85,,3.17,,1,0,0,0,0,0,0,268.731,-2183.158,-1170.536,-2698.195,0,0,0,0,0,0,0,615.5889999999999,694.1919999999999,4.31,164,-2437,-1419,,123.917,-2798.747,-1864.7279999999998,-3558.954,66.44,70.37,67.39,76.33,false,false,11.21,-0.99,外資持股5/10日下降，且外資5日賣超
199,2338,光罩,TWSE,半導體業,等待確認,保護持有,protect,今天不新增部位；未完成確認前不機械式賣出,今天收盤後；若跌破，再看下一交易日是否收復,已有部位暫停加碼；若收盤跌破60日EMA約 43.69，且下一交易日仍未收復，先減碼三分之一；若ETF或外資繼續轉弱，再分批降低部位。,外資持股5/10日下降且外資5日賣超,45.5,33.8,17.8,85,100,完整,50,50,-8.95,-4.54,0.07,65.87,86.6,0.61,,2.66,,1,0,0,0,0,0,0,-1206.421,-4139.738,-6313.031,-6382.218,0,0,0,0,0,0,0,275.34000000000003,288.63900000000007,3.3,-1126,-2803,-4545,,-1185.755,-4415.0779999999995,-6601.67,-6582.0380000000005,67.95,69.17,67.66,72.2,false,false,12.47,4.17,累計營收負成長且當月改善不足；外資持股5/10日下降，且外資5日賣超；短線過熱或乖離過大；借券賣出與借券賣出餘額壓力升高；單季稅前獲利對營業外貢獻依賴偏高
200,2451,創見,TWSE,半導體業,暫不承接,保護持有,protect,今天不新增部位；未完成確認前不機械式賣出,今天收盤後；若跌破，再看下一交易日是否收復,已有部位暫停加碼；若收盤跌破60日EMA約 284.60，且下一交易日仍未收復，先減碼三分之一；若ETF或外資繼續轉弱，再分批降低部位。,ETF 5/10日同步減碼；投信5/10日持續且具金額意義地賣超,66.8,83.3,88.8,85,100,可用,287.5,286.5,275.47,384,73.7,28.68,309.01,46.63,4.92,3.17,4.16,16,-8,-326,-327,-331,-280,0,438.176,124.36099999999993,325.4349999999999,4390.355,-8,-419.40000000000003,-392.00000000000006,-435.242,1,4,-118690200,11.103000000000002,-21.497999999999998,11.58,461,1083,1540,,423.489,532.6579999999999,738.933,4983.246,51.89,52.76,36.16,85.96,false,false,1.02,4.93,ETF短中期同步減碼；ETF 1/3日已轉為減碼；投信5/10日持續且具金額意義的賣超；20日趨勢尚未上彎
201,8299,群聯,TPEX,半導體業,暫不承接,保護持有,protect,今天不新增部位；未完成確認前不機械式賣出,今天收盤後；若跌破，再看下一交易日是否收復,"已有部位暫停加碼；若收盤跌破60日EMA約 2,059.94，且下一交易日仍未收復，先減碼三分之一；若ETF或外資繼續轉弱，再分批降低部位。",未觸發明確減碼訊號,76.1,81.8,72.7,85,100,可用,2050,2180,376.52,278.99,37.86,47.31,257.91,187.43,9.81,4.64,1.08,20,96,373,375,-414,-530,1,2034.122,2034.122,2034.122,1570.1220000000003,95.394,95.394,95.394,-71.606,1,0,204143160,201.712,201.712,43.43,,,,,1737.016,1737.016,1737.016,1620.016,50.77,52.12,41.04,74.28,true,false,0.64,5.94,中期趨勢仍向下；外資持股尚未完成5／10日可比核對或期間有非市場異動；此項不給分，不解讀為轉弱；20日趨勢尚未上彎
202,5289,宜鼎,TPEX,電腦及週邊設備業,暫不承接,保護持有,protect,今天不新增部位；未完成確認前不機械式賣出,今天收盤後；若跌破，再看下一交易日是否收復,"已有部位暫停加碼；若收盤跌破60日EMA約 1,416.73，且下一交易日仍未收復，先減碼三分之一；若ETF或外資繼續轉弱，再分批降低部位。",價格跌破60日EMA且20日趨勢向下,66.1,78.3,77.4,85,100,可用,1385,1415,576.29,553.15,56.13,48.99,233.33,166.45,7.3,5.44,1.3,10,1,1,1,36,39,0,382.057,382.057,382.057,-563.943,0.539,0.539,0.539,-155.461,1,0,708785,30.905,30.905,17.38,,,,,350.613,350.613,350.613,-371.387,51.27,47.01,29.31,82.41,true,true,2.03,7.36,中期趨勢仍向下；外資持股尚未完成5／10日可比核對或期間有非市場異動；此項不給分，不解讀為轉弱；20日趨勢尚未上彎；ETF加碼金額或跨基金共識尚未同時成立
203,2615,萬海,TWSE,航運業,暫不承接,保護持有,protect,今天不新增部位；未完成確認前不機械式賣出,今天收盤後；若跌破，再看下一交易日是否收復,已有部位暫停加碼；若收盤跌破60日EMA約 101.41，且下一交易日仍未收復，先減碼三分之一；若ETF或外資繼續轉弱，再分批降低部位。,ETF 5/10日同步減碼；投信5/10日持續且具金額意義地賣超,68.8,77.6,79.2,85,100,可用,121,123,65.59,19.2,22.16,33.53,299.27,6.84,8.28,1.17,2.49,12,-786,-869,-979,-1219,-733,0,1951.225,14236.128999999999,5015.549999999998,24668.686000000005,-786.715,-1021.715,-1267.7589999999998,-750.2639999999999,0,4,-123116657,2352.0490000000004,522.6380000000004,48.59,2688,13214,9489,,2887.045,12905.795,5760.671,24151.319,65.98,73.42,64.47,91.32,false,false,6.68,7.08,ETF短中期同步減碼；ETF 1/3日已轉為減碼；投信5/10日持續且具金額意義的賣超
204,2344,華邦電,TWSE,半導體業,暫不承接,保護持有,protect,今天不新增部位；未完成確認前不機械式賣出,今天收盤後；若跌破，再看下一交易日是否收復,已有部位暫停加碼；若收盤跌破60日EMA約 169.36，且下一交易日仍未收復，先減碼三分之一；若ETF或外資繼續轉弱，再分批降低部位。,ETF 5/10日同步減碼；投信5/10日持續且具金額意義地賣超,68.2,76.9,65.6,85,100,可用,173,181.5,289.43,177.39,42.34,40.78,159.78,7.65,19.79,4.9,0.28,36,-15,-592,-967,-2235,-17552,-999,46055.322,-4015.642,42564.315,-72206.75000000001,-208.886,-13759.886,-13901.643,-30989.797000000006,1,4,-2469899537,5103.442999999999,6598.036999999998,18.95,42979,5040,22043,,42774.232,4640.8009999999995,49867.921,-39362.39000000001,49.73,41.41,36.28,51.67,true,false,-0.35,8.13,ETF短中期同步減碼；ETF 1/3日已轉為減碼；主動ETF 5日轉為減碼；投信5/10日持續且具金額意義的賣超；20日趨勢尚未上彎；借券賣出與借券賣出餘額壓力升高
205,6005,群益證,TWSE,金融保險業,暫不承接,保護持有,protect,今天不新增部位；未完成確認前不機械式賣出,今天收盤後；若跌破，再看下一交易日是否收復,已有部位暫停加碼；若收盤跌破60日EMA約 31.20，且下一交易日仍未收復，先減碼三分之一；若ETF或外資繼續轉弱，再分批降低部位。,ETF 5/10日同步減碼；外資持股5/10日下降且外資5日賣超；投信5/10日持續且具金額意義地賣超,63.5,75.3,74.4,85,100,完整,32.5,31.65,45.35,99.72,,89.2,108.57,3.24,5.86,1.32,5.43,6,-540,-5376,-5431,-5494,-8590,-445,-2007.303,-10827.085,-16892.366,-45880.062,-540.321,-5340.197,-5410.197,-8520.438,2,3,-168216205,0,0,16.97,-1191,-4602,-10343,,-1466.982,-5486.888,-11482.169,-37359.624,59,36.71,33.42,43.29,true,false,2.94,1.25,ETF短中期同步減碼；ETF 1/3日已轉為減碼；主動ETF 5日轉為減碼；投信5/10日持續且具金額意義的賣超；外資持股5/10日下降，且外資5日賣超；借券賣出與借券賣出餘額壓力升高
206,3260,威剛,TPEX,半導體業,暫不承接,保護持有,protect,今天不新增部位；未完成確認前不機械式賣出,今天收盤後；若跌破，再看下一交易日是否收復,已有部位暫停加碼；若收盤跌破60日EMA約 403.43，且下一交易日仍未收復，先減碼三分之一；若ETF或外資繼續轉弱，再分批降低部位。,未觸發明確減碼訊號,60.5,74.9,70.9,85,100,可用,336.5,399.5,279.81,218.14,38.98,62.91,181.44,62.46,5.13,3.26,4.29,15,155,384,484,801,1529,7,45.36,45.36,45.36,-6984.64,155.6,155.6,155.6,389.6,1,0,61695400,159.6,159.6,22.51,,,,,-269.84,-269.84,-269.84,-7118.84,27.47,17.97,26.1,1.71,false,false,-15.21,-15.45,中期趨勢仍向下；外資持股尚未完成5／10日可比核對或期間有非市場異動；此項不給分，不解讀為轉弱；20日趨勢尚未上彎
207,2395,研華,TWSE,電腦及週邊設備業,暫不承接,保護持有,protect,今天不新增部位；未完成確認前不機械式賣出,今天收盤後；若跌破，再看下一交易日是否收復,已有部位暫停加碼；若收盤跌破60日EMA約 621.63，且下一交易日仍未收復，先減碼三分之一；若ETF或外資繼續轉弱，再分批降低部位。,ETF 5/10日同步減碼；投信5/10日持續且具金額意義地賣超,73.5,73.1,59.6,85,100,可用,700,690,87.52,45.88,19.04,40.5,171.12,9.05,43.7,10.84,1.62,34,-14,-165,-145,-928,-8,0,-43.89,2527.3720000000003,1078.0870000000004,6302.615000000001,-25.901,-161.901,-874.4939999999999,241.14100000000008,1,4,-111711690,15.673000000000005,-139.672,35.87,8,2936,2346,,-26.983,2673.6000000000004,2092.2530000000006,5906.109,58.79,67.7,52.8,97.5,false,false,3.45,4.48,ETF短中期同步減碼；ETF 1/3日已轉為減碼；投信5/10日持續且具金額意義的賣超
208,6613,朋億*,TPEX,其他電子業,暫不承接,保護持有,protect,今天不新增部位；未完成確認前不機械式賣出,今天收盤後；若跌破，再看下一交易日是否收復,已有部位暫停加碼；若收盤跌破60日EMA約 275.50，且下一交易日仍未收復，先減碼三分之一；若ETF或外資繼續轉弱，再分批降低部位。,ETF 5/10日同步減碼,60.1,72.5,69.4,85,100,可用,270,271.5,186.82,63.62,15.82,45.74,202.18,8.51,15.97,3.27,3.7,1,0,-1,-1,-1,-1,0,175.224,175.224,175.224,-460.776,0,0,0,0,0,0,0,5.046,5.046,6.14,,,,,170.178,170.178,170.178,-448.822,51.98,72.77,54.18,109.97,false,false,2.02,6.51,ETF短中期同步減碼；外資持股尚未完成5／10日可比核對或期間有非市場異動；此項不給分，不解讀為轉弱
209,2337,旺宏,TWSE,半導體業,暫不承接,保護持有,protect,今天不新增部位；未完成確認前不機械式賣出,今天收盤後；若跌破，再看下一交易日是否收復,已有部位暫停加碼；若收盤跌破60日EMA約 127.93，且下一交易日仍未收復，先減碼三分之一；若ETF或外資繼續轉弱，再分批降低部位。,價格跌破60日EMA且20日趨勢向下,68.4,71.9,65.8,85,100,可用,120.5,122,218.53,149.14,36.83,35.77,235.89,4.82,28.67,3.87,,11,83,297,294,-792,-4330,0,10489.864,3680.7250000000013,13241.536,9250.448999999997,83,250,-1002,18766.532,2,2,30250000,379.0049999999999,1040.926,24.91,10570,8225,13574,,9853.099,3051.7199999999993,13202.609999999999,-8369.157,47.84,32.93,29.95,38.88,true,false,-0.67,3.88,中期趨勢仍向下；20日趨勢尚未上彎；借券賣出與借券賣出餘額壓力升高
210,3036,文曄,TWSE,電子通路業,暫不承接,保護持有,protect,今天不新增部位；未完成確認前不機械式賣出,今天收盤後；若跌破，再看下一交易日是否收復,已有部位暫停加碼；若收盤跌破60日EMA約 206.27，且下一交易日仍未收復，先減碼三分之一；若ETF或外資繼續轉弱，再分批降低部位。,未觸發明確減碼訊號,70,71.8,50.7,85,100,可用,205.5,208.5,98.21,109.2,2.11,84.66,111.03,13,10.55,2.1,3.8,24,476,1235,1511,1341,58,676,-2656.159,-1106.777,-6356.9839999999995,-31467.795000000006,686.003,3007.917,3060.986,2548.657,4,1,618126943,900.08,625.71,28.22,-3923,-13009,51003,,-3459.879,-5014.774,-10043.680000000002,-34639.916999999994,58.02,72.73,64.72,88.77,true,false,3.98,7.03,中期趨勢仍向下；外資持股尚未完成5／10日可比核對或期間有非市場異動；此項不給分，不解讀為轉弱；20日趨勢尚未上彎
211,1808,潤隆,TWSE,建材營造,暫不承接,保護持有,protect,今天不新增部位；未完成確認前不機械式賣出,今天收盤後；若跌破，再看下一交易日是否收復,已有部位暫停加碼；若收盤跌破60日EMA約 33.35，且下一交易日仍未收復，先減碼三分之一；若ETF或外資繼續轉弱，再分批降低部位。,ETF 5/10日同步減碼,62.6,71.1,55.1,85,100,完整,35.9,35.9,33032.93,13849.62,22.07,73.55,166.02,2.52,8.49,2.32,4.18,2,0,0,-126,-126,1033,-126,2076.175,1552.9540000000006,-463.8339999999992,283.0300000000009,0,-126,885,2030.038,0,1,-4523400,87,159,4.32,-108,1819,89,,2077.175,1591.9540000000006,-1507.8339999999994,-2180.0079999999994,59.43,52.82,39.58,79.3,true,false,4.03,8.13,ETF短中期同步減碼；20日累積後5日轉為調節；主動ETF 5日轉為減碼；20日趨勢尚未上彎
212,3022,威強電,TWSE,電腦及週邊設備業,暫不承接,保護持有,protect,今天不新增部位；未完成確認前不機械式賣出,今天收盤後；若跌破，再看下一交易日是否收復,已有部位暫停加碼；若收盤跌破60日EMA約 88.48，且下一交易日仍未收復，先減碼三分之一；若ETF或外資繼續轉弱，再分批降低部位。,ETF 5/10日同步減碼,60.7,70,74.2,85,100,完整,90.8,91.8,84.98,32.41,6.47,32.04,248.51,3.29,12.08,1.41,3.85,2,0,-1,-1,-1,0,0,144.03,1520.423,-1896.7269999999999,5449.757,0,-1.264,-1.264,281.546,0,1,-115024,20.381999999999998,-74.983,21.56,167,1542,-1807,,152.484,1501.305,-1820.48,5069.048999999999,51.85,64.29,41.97,108.93,false,false,1.72,5.34,ETF短中期同步減碼；20日趨勢尚未上彎；單季稅前獲利對營業外貢獻依賴偏高
213,8415,大國鋼,TPEX,鋼鐵工業,暫不承接,降低部位,trim,停止加碼；反彈未站回恢復區時分批減碼,每個交易日收盤後，確認是否站回恢復區,已有部位先停止加碼。反彈若仍未站回 36.48，分批降低部位；只有站回且ETF／外資賣壓收斂後才重新評估。,價格跌破60日EMA且20日趨勢向下；ETF 5/10日同步減碼,49.8,69.5,78.4,85,100,可用,37.75,35,38.11,23.4,21.86,35.39,194.62,2.17,8.65,1.21,4.37,1,0,-300,-510,-510,-87,-510,-363.226,-363.226,-363.226,270.774,0,0,0,423,0,0,0,21.995,21.995,7.36,,,,,-385.221,-385.221,-385.221,-354.221,58.89,36.35,18.11,72.82,true,false,4.03,8.17,ETF短中期同步減碼；主動ETF 5日轉為減碼；外資持股尚未完成5／10日可比核對或期間有非市場異動；此項不給分，不解讀為轉弱；20日趨勢尚未上彎；當下除權息調整價未守20日EMA
214,2609,陽明,TWSE,航運業,暫不承接,保護持有,protect,今天不新增部位；未完成確認前不機械式賣出,今天收盤後；若跌破，再看下一交易日是否收復,已有部位暫停加碼；若收盤跌破60日EMA約 55.95，且下一交易日仍未收復，先減碼三分之一；若ETF或外資繼續轉弱，再分批降低部位。,ETF 5/10日同步減碼,71.5,69,66.2,85,100,可用,62.2,61.2,56.17,11.93,7.6,28.37,420.88,2.05,13.74,0.65,3.28,9,-90,-549,-411,-43,197,0,-3659.847,29996.739,58159.531,58645.30300000001,-90.572,-421.572,340.631,787.6,3,2,-25715892,1046.491,78.67900000000014,25.72,-2861,30525,59830,,-4059.571,29371.82,57740.221,58164.542999999976,63.57,77.31,68.63,94.69,false,false,5.42,4.89,ETF短中期同步減碼；20日累積後5日轉為調節；ETF 1/3日已轉為減碼
215,2441,超豐,TWSE,半導體業,暫不承接,保護持有,protect,今天不新增部位；未完成確認前不機械式賣出,今天收盤後；若跌破，再看下一交易日是否收復,已有部位暫停加碼；若收盤跌破60日EMA約 118.23，且下一交易日仍未收復，先減碼三分之一；若ETF或外資繼續轉弱，再分批降低部位。,ETF 5/10日同步減碼,68.6,68.7,67.3,85,100,完整,121,127,41.98,26.93,20.06,18.34,230.57,2.98,22.87,2.56,2.44,8,-5,-10,-19,-552,145,0,2653.121,6575.465,3568.346,9294.715,-5,86,-447,-826.2339999999999,3,2,10621000,214.62099999999998,-68.50000000000001,10.75,2660,6701,4674,,2513.968,6274.844,4083.8459999999995,9575.351999999999,54.9,70.69,57.21,97.67,false,false,3.29,6.14,ETF短中期同步減碼；20日累積後5日轉為調節；ETF 1/3日已轉為減碼
216,2885,元大金,TWSE,金融保險業,暫不承接,保護持有,protect,今天不新增部位；未完成確認前不機械式賣出,今天收盤後；若跌破，再看下一交易日是否收復,已有部位暫停加碼；若收盤跌破60日EMA約 65.22，且下一交易日仍未收復，先減碼三分之一；若ETF或外資繼續轉弱，再分批降低部位。,ETF 5/10日同步減碼；投信5/10日持續且具金額意義地賣超,66.7,68.2,60.2,85,100,可用,77,69.5,57.94,116.28,,92.04,,2.64,16.39,2.44,3.14,40,-5781,-10786,-7703,-7407,-15879,-1784,4282.29,-4728.468000000001,5524.99,37926.365999999995,-5834.995,-12345.685000000001,-10946.358000000002,-15081.328000000003,2,3,-864197950,1258.318,731.4659999999999,26.98,11780,9466,162790,,9335.275,6358.8989999999985,15739.881999999998,53966.367000000006,75.38,72.24,67.64,81.44,true,false,11.72,8.76,ETF短中期同步減碼；ETF 1/3日已轉為減碼；投信5/10日持續且具金額意義的賣超；外資持股尚未完成5／10日可比核對或期間有非市場異動；此項不給分，不解讀為轉弱
217,5314,世紀*,TPEX,其他,暫不承接,正常持有,strong,漲停先續抱；不追價,今日收盤確認是否守住20日EMA,價格仍在20／60日EMA之上且今日漲停；ETF偏弱先觀察，不因分歧減碼。若收盤跌破20日EMA約 32.10 且法人續弱，再轉為保護持有。,今日漲停／趨勢站穩；ETF偏弱，先觀察,51.6,67.9,64.6,85,100,可用,27.45,33.45,102.52,151.4,12.5,49.57,97.87,0.66,6.59,4.93,103.67,1,-14,-14,-14,-59,-32,0,-10634.4,-10634.4,-10634.4,-11134.4,-14,-14,-14,13,0,1,-427000,1449.923,1449.923,5.02,,,,,-12070.323,-12070.323,-12070.323,-9213.323,45.41,13.16,27.52,-15.55,false,false,-14.49,-27.67,ETF短中期同步減碼；ETF 1/3日已轉為減碼；外資持股尚未完成5／10日可比核對或期間有非市場異動；此項不給分，不解讀為轉弱
218,6691,洋基工程,TWSE,其他電子業,暫不承接,保護持有,protect,今天不新增部位；未完成確認前不機械式賣出,今天收盤後；若跌破，再看下一交易日是否收復,已有部位暫停加碼；若收盤跌破60日EMA約 625.28，且下一交易日仍未收復，先減碼三分之一；若ETF或外資繼續轉弱，再分批降低部位。,ETF 5/10日同步減碼；投信5/10日持續且具金額意義地賣超,58.3,67.9,54.6,85,100,可用,620,681,213.7,112.82,16.22,72.04,135.24,17.46,19.44,10.57,3.38,10,-2,-207,-211,-219,-178,0,562.951,404.83799999999997,227.09299999999996,451.23099999999994,-2,-202,-210,-70.499,2,3,-131300000,51.592,49.793,12.77,509,5429,5340,,519.725,555.246,387.29999999999995,450.62800000000004,49.13,52.65,50.14,57.66,true,true,-0.22,1.14,ETF短中期同步減碼；ETF 1/3日已轉為減碼；投信5/10日持續且具金額意義的賣超；外資持股尚未完成5／10日可比核對或期間有非市場異動；此項不給分，不解讀為轉弱
219,3324,雙鴻,TPEX,其他電子業,暫不承接,正常持有,strong,強勢續抱；不追高,今日收盤確認是否守住20日EMA,"價格仍在20／60日EMA之上且短線強勢；ETF偏弱先觀察，不因分歧減碼。若收盤跌破20日EMA約 1,315.81 且法人續弱，再轉為保護持有。",價格強勢站上20／60日EMA；ETF偏弱，先觀察,63.9,67.1,52.9,85,100,可用,1480,1555,67.18,81.01,16.87,59.14,183.92,23.01,34.13,10.39,0.8,3,0,1,-1,-5,-1,0,95.923,95.923,95.923,3433.923,26.307,26.307,26.307,-103.69299999999998,1,0,38934360,19.698,19.698,41.3,,,,,49.918,49.918,49.918,3723.918,64.55,67.03,55.91,89.27,true,false,12.48,13.41,ETF短中期同步減碼；外資持股尚未完成5／10日可比核對或期間有非市場異動；此項不給分，不解讀為轉弱；短線過熱或乖離過大；高波動且5日漲幅過大
220,1795,美時,TWSE,生技醫療業,暫不承接,保護持有,protect,今天不新增部位；未完成確認前不機械式賣出,今天收盤後；若跌破，再看下一交易日是否收復,已有部位暫停加碼；若收盤跌破60日EMA約 186.63，且下一交易日仍未收復，先減碼三分之一；若ETF或外資繼續轉弱，再分批降低部位。,價格跌破60日EMA且20日趨勢向下,59.4,67,56,85,100,可用,180,181.5,81.68,69.19,24.59,77.62,146.44,4.65,12.72,1.97,1.5,2,0,0,0,0,-44,0,-49.818,416.532,-947.782,163.48099999999982,0,8,7,-41.119,2,0,1440000,-17.611999999999995,-36.88799999999999,49.8,-36,1282,-3640,,-50.492,426.144,-917.894,253.81899999999996,45.79,61.59,47.28,90.2,false,false,-0.59,3.75,中期趨勢仍向下；外資持股尚未完成5／10日可比核對或期間有非市場異動；此項不給分，不解讀為轉弱；20日趨勢尚未上彎
221,2421,建準,TWSE,電子零組件業,暫不承接,保護持有,protect,今天不新增部位；未完成確認前不機械式賣出,今天收盤後；若跌破，再看下一交易日是否收復,已有部位暫停加碼；若收盤跌破60日EMA約 153.75，且下一交易日仍未收復，先減碼三分之一；若ETF或外資繼續轉弱，再分批降低部位。,ETF 5/10日同步減碼；投信5/10日持續且具金額意義地賣超,64.1,66.6,57.9,85,100,完整,168.5,171.5,26.03,21.08,15.56,50.21,164.23,4.78,17.96,4.54,3.14,7,-15,-46,-109,-191,-193,0,333.989,392.628,-1722.2790000000002,7195.946999999999,-15,-71,-154,-142.087,0,4,-11857000,-108.99199999999999,-282.872,36.26,197,520,-1462,,220.946,572.62,-1285.407,7510.085,58.53,50.2,35.46,79.67,true,false,3.82,3.37,ETF短中期同步減碼；ETF 1/3日已轉為減碼；投信5/10日持續且具金額意義的賣超
222,3526,凡甲,TPEX,電子零組件業,暫不承接,保護持有,protect,今天不新增部位；未完成確認前不機械式賣出,今天收盤後；若跌破，再看下一交易日是否收復,已有部位暫停加碼；若收盤跌破60日EMA約 291.20，且下一交易日仍未收復，先減碼三分之一；若ETF或外資繼續轉弱，再分批降低部位。,價格跌破60日EMA且20日趨勢向下,55.8,66.5,74.4,85,94.9,可用,284.5,273.5,38.84,28.57,31.35,45.89,284.73,9.08,15.26,4.38,6.21,4,-1,-1,1,3,-4,0,-34.502,-34.502,-34.502,-204.502,-0.551,-0.551,-0.551,-3.551,0,1,-149321,2.047,2.047,16.93,,,,,-35.998,-35.998,-35.998,-194.998,54.94,49.34,28.53,90.96,true,false,2.94,6.95,中期趨勢仍向下；ETF 1/3日已轉為減碼；外資持股尚未完成5／10日可比核對或期間有非市場異動；此項不給分，不解讀為轉弱；20日趨勢尚未上彎；當下除權息調整價未守20日EMA
223,9958,世紀鋼,TWSE,鋼鐵工業,暫不承接,保護持有,protect,今天不新增部位；未完成確認前不機械式賣出,今天收盤後；若跌破，再看下一交易日是否收復,已有部位暫停加碼；若收盤跌破60日EMA約 100.45，且下一交易日仍未收復，先減碼三分之一；若ETF或外資繼續轉弱，再分批降低部位。,價格跌破60日EMA且20日趨勢向下,54.6,66.4,57.4,85,100,可用,92,94.1,91.07,41.49,21.68,56.42,122.11,4.08,13.35,1.97,4.79,3,0,0,0,0,-201,0,731.748,2568.943,3062.409,2926.223,0,-52.522999999999996,-59.522999999999996,-64.959,0,3,-4937162,-29.834999999999994,-73.83499999999998,8.95,877,3085,5144,,741.246,2651.301,3195.767,3179.5119999999997,43.84,73.23,66.75,86.18,false,false,-1.2,0.99,中期趨勢仍向下；外資持股尚未完成5／10日可比核對或期間有非市場異動；此項不給分，不解讀為轉弱；20日趨勢尚未上彎
224,2897,王道銀行,TWSE,金融保險業,暫不承接,保護持有,protect,今天不新增部位；未完成確認前不機械式賣出,今天收盤後；若跌破，再看下一交易日是否收復,已有部位暫停加碼；若收盤跌破60日EMA約 10.55，且下一交易日仍未收復，先減碼三分之一；若ETF或外資繼續轉弱，再分批降低部位。,ETF 5/10日同步減碼,57.1,66.2,67.3,85,100,完整,11,11.05,7.89,25.14,,91.08,,0.54,13.88,0.74,4.68,2,0,0,-243,-243,2785,-243,-789.368,7005.831,12960.359,29898.036000000004,0,-243,-243,2750.848,0,1,-2697300,497.844,525.776,10.05,-1203,6739,12588,,-1202.81,6750.987,12677.583,26437.412,59.25,63.4,73.89,42.43,false,false,1.4,-2.22,ETF短中期同步減碼；20日累積後5日轉為調節；主動ETF 5日轉為減碼
225,6245,立端,TPEX,通信網路業,暫不承接,保護持有,protect,今天不新增部位；未完成確認前不機械式賣出,今天收盤後；若跌破，再看下一交易日是否收復,已有部位暫停加碼；若收盤跌破60日EMA約 81.84，且下一交易日仍未收復，先減碼三分之一；若ETF或外資繼續轉弱，再分批降低部位。,ETF 5/10日同步減碼,60.3,66,64.2,85,100,可用,85.5,86.3,38.36,20.67,8.15,41.82,223.77,1.81,19.54,2.11,4.44,1,0,-1,-1,-1,-1,0,215.797,215.797,215.797,-523.203,0,0,0,0,0,0,0,-12.32,-12.32,12.58,,,,,228.117,228.117,228.117,-501.88300000000004,57.96,65.25,63.11,69.53,false,false,3.34,0,ETF短中期同步減碼；外資持股尚未完成5／10日可比核對或期間有非市場異動；此項不給分，不解讀為轉弱
226,8464,億豐,TWSE,居家生活,暫不承接,保護持有,protect,今天不新增部位；未完成確認前不機械式賣出,今天收盤後；若跌破，再看下一交易日是否收復,已有部位暫停加碼；若收盤跌破60日EMA約 368.20，且下一交易日仍未收復，先減碼三分之一；若ETF或外資繼續轉弱，再分批降低部位。,ETF 5/10日同步減碼；投信5/10日持續且具金額意義地賣超,65.2,65.9,66.6,85,100,完整,370,370.5,17.76,5.52,27.66,25.49,384.65,10.37,16.16,3.76,4.32,11,-78,-198,-192,-189,84,4,34.079,344.61699999999996,550.524,819.8279999999999,-62.751,-128.11900000000003,-138.10200000000003,136.73699999999997,2,3,-47404030,37.425,33.435,40.79,69,446,690,,78.837,435.31100000000004,655.191,632.8340000000001,48.53,49.76,55.68,37.91,false,true,-0.64,-0.27,ETF短中期同步減碼；20日累積後5日轉為調節；ETF 1/3日已轉為減碼；投信5/10日持續且具金額意義的賣超；當下除權息調整價未守20日EMA
227,3357,臺慶科,TPEX,電子零組件業,暫不承接,保護持有,protect,今天不新增部位；未完成確認前不機械式賣出,今天收盤後；若跌破，再看下一交易日是否收復,已有部位暫停加碼；若收盤跌破60日EMA約 219.82，且下一交易日仍未收復，先減碼三分之一；若ETF或外資繼續轉弱，再分批降低部位。,價格跌破60日EMA且20日趨勢向下,57.7,65.8,70,85,100,可用,212,211.5,53.07,32.22,16.21,29.91,188.39,6.33,19.47,2.11,2.45,1,0,0,0,0,-90,0,269.139,269.139,269.139,146.139,0,0,0,0,0,0,0,10.949,10.949,21.33,,,,,258.19,258.19,258.19,158.19000000000005,51.16,55.72,34.8,97.54,false,false,1.81,6.53,中期趨勢仍向下；外資持股尚未完成5／10日可比核對或期間有非市場異動；此項不給分，不解讀為轉弱；20日趨勢尚未上彎
228,2404,漢唐,TWSE,其他電子業,暫不承接,保護持有,protect,今天不新增部位；未完成確認前不機械式賣出,今天收盤後；若跌破，再看下一交易日是否收復,"已有部位暫停加碼；若收盤跌破60日EMA約 1,097.94，且下一交易日仍未收復，先減碼三分之一；若ETF或外資繼續轉弱，再分批降低部位。",ETF 5/10日同步減碼；投信5/10日持續且具金額意義地賣超,57.7,65.7,53.8,85,100,完整,1045,1145,59.05,71.61,19.79,81.91,117.19,36.23,16.97,11.86,3.56,15,-60,-157,-205,-123,91,-36,973.225,1294.409,1068.765,-58.8329999999998,97,-65,-38,-293.485,1,4,-73125000,129.539,38.227999999999994,37.49,833,1210,1049,,744.459,1229.8699999999997,1068.5369999999998,288.7539999999998,46.57,52.14,48.07,60.29,false,false,-1.6,2.96,中期趨勢仍向下；ETF短中期同步減碼；20日累積後5日轉為調節；ETF 1/3日已轉為減碼；主動ETF 5日轉為減碼；投信5/10日持續且具金額意義的賣超；20日趨勢尚未上彎
229,6446,藥華藥,TWSE,生技醫療業,暫不承接,降低部位,trim,停止加碼；反彈未站回恢復區時分批減碼,每個交易日收盤後，確認是否站回恢復區,"已有部位先停止加碼。反彈若仍未站回 1,286.45，分批降低部位；只有站回且ETF／外資賣壓收斂後才重新評估。",價格跌破60日EMA且20日趨勢向下；外資持股5/10日下降且外資5日賣超,59.6,65.6,68.9,85,100,可用,1205,1235,105.43,81.24,43.77,16.54,527.8,11.35,57.79,11.97,0.22,22,8556,8475,8474,8474,8347,0,-638.36,-664.6170000000001,-1068.2029999999997,-601.1799999999994,8555.302,8471.744999999999,8464.973999999998,7979.252999999998,3,2,9996659100,56.782,34.989999999999995,22.85,-8123,-6790,-6970,,-9221.504,-9193.144,-9568.167,-8588.227999999997,41.2,12,11.99,12.03,true,false,-6.33,1.26,中期趨勢仍向下；外資持股5/10日下降，且外資5日賣超；20日趨勢尚未上彎；當下除權息調整價未守20日EMA；借券賣出與借券賣出餘額壓力升高
230,7751,竑騰,TPEX,半導體業,暫不承接,保護持有,protect,今天不新增部位；未完成確認前不機械式賣出,今天收盤後；若跌破，再看下一交易日是否收復,"已有部位暫停加碼；若收盤跌破60日EMA約 1,491.71，且下一交易日仍未收復，先減碼三分之一；若ETF或外資繼續轉弱，再分批降低部位。",未觸發明確減碼訊號,64,65.4,52.6,85,100,可用,1485,1520,41.32,61.38,33.81,48.73,198.28,13.85,57.56,16.92,1.21,1,0,0,5,10,53,5,7.345,7.345,7.345,-151.655,0,0,0,-70,0,0,0,-0.655,-0.655,9.98,,,,,8,8,8,-62,49.23,40.04,30.12,59.88,true,false,-0.97,5.69,中期趨勢仍向下；外資持股尚未完成5／10日可比核對或期間有非市場異動；此項不給分，不解讀為轉弱；20日趨勢尚未上彎
231,2812,台中銀,TWSE,金融保險業,暫不承接,保護持有,protect,今天不新增部位；未完成確認前不機械式賣出,今天收盤後；若跌破，再看下一交易日是否收復,已有部位暫停加碼；若收盤跌破60日EMA約 19.05，且下一交易日仍未收復，先減碼三分之一；若ETF或外資繼續轉弱，再分批降低部位。,ETF 5/10日同步減碼,60.7,65.2,66.8,85,100,完整,19.4,19.35,1.76,16.74,,90.61,,0.87,11.52,1.21,5.48,6,62,-1849,-1842,-2157,-8451,0,-4537.938,-5744.075,12477.210999999996,9685.895999999995,61.788,-1859.524,-2176.37,-8442.985999999999,3,1,-35981789,930.476,868.495,9.43,-6139,-5405,11950,,-5148.726,-4815.026999999999,13785.086,17556.947999999997,55.81,62.24,65.13,56.44,true,true,0.75,-0.26,ETF短中期同步減碼
232,3665,貿聯-KY,TWSE,其他電子業,暫不承接,保護持有,protect,今天不新增部位；未完成確認前不機械式賣出,今天收盤後；若跌破，再看下一交易日是否收復,"已有部位暫停加碼；若收盤跌破60日EMA約 2,094.24，且下一交易日仍未收復，先減碼三分之一；若ETF或外資繼續轉弱，再分批降低部位。",ETF 5/10日同步減碼,69.6,65,54.9,85,100,可用,2130,2210,53.99,40.01,16.12,46.24,213.69,26.94,40.58,8.7,0.69,39,-17,-19,-18,-265,-278,-9,1105.893,648.1550000000002,-1613.4019999999998,-5140.667,315.753,118.24599999999998,-184.88099999999997,-1467.3890000000001,4,1,261323660,38.166999999999994,-14.13300000000001,49.97,724,65,-1521,,758.512,491.7419999999999,-1414.388,-3661.5230000000006,52.58,67.45,50.94,100.46,false,false,2.96,8.95,ETF短中期同步減碼；ETF 1/3日已轉為減碼；主動ETF 5日轉為減碼；20日趨勢尚未上彎
233,2006,東和鋼鐵,TWSE,鋼鐵工業,暫不承接,保護持有,protect,今天不新增部位；未完成確認前不機械式賣出,今天收盤後；若跌破，再看下一交易日是否收復,已有部位暫停加碼；若收盤跌破60日EMA約 78.73，且下一交易日仍未收復，先減碼三分之一；若ETF或外資繼續轉弱，再分批降低部位。,ETF 5/10日同步減碼；投信5/10日持續且具金額意義地賣超,63.7,64.7,59.2,85,100,完整,85.5,87.8,15.12,2.35,12.1,35.77,165.62,4.07,11.63,1.87,4.91,11,-483,-1496,-1855,-1757,-286,-113,1568.725,3501.812,4099.589,13054.105000000001,-483.257,-1842.212,-1745.382,-131.15800000000007,0,5,-161377771,78.183,113.339,28.27,2072,5275,6003,,2070.755,5265.840999999999,5731.631999999999,13117.658999999998,60.97,60.03,54.52,71.06,true,false,3.79,4.14,ETF短中期同步減碼；ETF 1/3日已轉為減碼；主動ETF 5日轉為減碼；投信5/10日持續且具金額意義的賣超
234,6214,精誠,TWSE,資訊服務業,暫不承接,保護持有,protect,今天不新增部位；未完成確認前不機械式賣出,今天收盤後；若跌破，再看下一交易日是否收復,已有部位暫停加碼；若收盤跌破60日EMA約 166.49，且下一交易日仍未收復，先減碼三分之一；若ETF或外資繼續轉弱，再分批降低部位。,ETF 5/10日同步減碼,60.7,64.6,53.3,85,100,完整,193.5,195,61.91,39.65,4.26,57.26,154,6.15,18.16,2.88,3.08,9,0,-7,-25,-45,325,-18,534.886,1684.2050000000002,2468.058,985.8719999999997,0,33.973,-210.80200000000002,165.37099999999998,2,1,6607749,-73.326,-138.90599999999998,17.38,733,1821,3477,,514.886,1723.558,2817.766,981.0609999999999,77.66,83.03,79.59,89.89,true,false,4.61,3.2,ETF短中期同步減碼；20日累積後5日轉為調節；主動ETF 5日轉為減碼；短線過熱或乖離過大
235,6257,矽格,TWSE,半導體業,暫不承接,正常持有,strong,漲停先續抱；不追價,今日收盤確認是否守住20日EMA,價格仍在20／60日EMA之上且今日漲停；ETF／投信偏弱先觀察，不因分歧減碼。若收盤跌破20日EMA約 216.10 且法人續弱，再轉為保護持有。,今日漲停／趨勢站穩；ETF／投信偏弱，先觀察,67.1,64.6,53.4,85,100,完整,233,268.5,28.58,20.49,24.09,43.78,182.58,4.65,28.6,4.63,1.74,11,-2,-661,-654,-363,-64,1,15029.411,24229.432000000004,26571.884000000002,14016.634000000002,23,-633,-372.387,-723.1389999999999,2,3,-154768500,2206.824,2357.079,30.77,13546,23109,25489,,13229.168,22655.608000000004,24587.192000000006,12451.516000000007,60.41,67.04,54.13,92.86,true,false,7.82,10.95,ETF短中期同步減碼；ETF 1/3日已轉為減碼；投信5/10日持續且具金額意義的賣超；短線過熱或乖離過大
236,6525,捷敏-KY,TWSE,半導體業,暫不承接,保護持有,protect,今天不新增部位；未完成確認前不機械式賣出,今天收盤後；若跌破，再看下一交易日是否收復,已有部位暫停加碼；若收盤跌破60日EMA約 137.58，且下一交易日仍未收復，先減碼三分之一；若ETF或外資繼續轉弱，再分批降低部位。,ETF 5/10日同步減碼,60.6,64,61.1,85,100,完整,140,138.5,30.53,19.76,21.2,34.8,210.53,3.84,18.85,3.71,3.69,3,-1,-1,-1,-8,-27,0,450.731,634.215,319.91600000000005,636.113,-1.886,-1.886,-200.66,-219.66,0,1,-255553,41.809,-44.34000000000001,15.95,422,469,465,,444.075,594.292,564.9159999999999,770.0969999999999,54.6,70.27,47.15,116.52,false,false,4.26,9.38,ETF短中期同步減碼；ETF 1/3日已轉為減碼；20日趨勢尚未上彎
237,3706,神達,TWSE,電腦及週邊設備業,暫不承接,保護持有,protect,今天不新增部位；未完成確認前不機械式賣出,今天收盤後；若跌破，再看下一交易日是否收復,已有部位暫停加碼；若收盤跌破60日EMA約 81.49，且下一交易日仍未收復，先減碼三分之一；若ETF或外資繼續轉弱，再分批降低部位。,價格跌破60日EMA且20日趨勢向下,54.1,63.9,61.6,85,100,完整,80.5,81,119.89,52.57,3.96,56.75,189.14,2.58,14.38,1.4,4.97,14,-163,-674,-1145,507,5989,0,-1208.421,-2759.7839999999997,-16188.663,9605.701,-163.175,-1140.175,363.82500000000005,3188.328,1,4,-91784087,-857.75,-2041.136,9.44,-1774,5360,-2759,,-1009.794,-761.8589999999999,-14511.351999999999,7632.138000000001,45.41,38.76,27.04,62.22,true,false,-1.18,2.29,中期趨勢仍向下；20日累積後5日轉為調節；ETF 1/3日已轉為減碼；投信20日買超後近5日轉賣；20日趨勢尚未上彎；當下除權息調整價未守20日EMA
238,4763,材料*-KY,TWSE,化學工業,暫不承接,保護持有,protect,今天不新增部位；未完成確認前不機械式賣出,今天收盤後；若跌破，再看下一交易日是否收復,已有部位暫停加碼；若收盤跌破60日EMA約 48.11，且下一交易日仍未收復，先減碼三分之一；若ETF或外資繼續轉弱，再分批降低部位。,未觸發明確減碼訊號,62.9,63.9,73.9,85,100,完整,48,51,20.82,-20.91,41.68,18.57,438.89,1.85,12.11,2.56,6.04,9,984,3025,2767,2957,5341,-273,7871.903,5189.27,-1189.5039999999995,20905.779000000002,984,2839.2819999999997,3026.93,5376.795,4,1,143383741,1362.961,1651.5169999999998,46.59,8565,5093,-1367,,6423.582,987.0270000000006,-5867.950999999999,12789.085000000001,48.52,48.98,43.49,59.95,true,false,-1.11,-2.74,中期趨勢仍向下；主動ETF 5日轉為減碼；20日趨勢尚未上彎
239,5434,崇越,TWSE,電子通路業,暫不承接,保護持有,protect,今天不新增部位；未完成確認前不機械式賣出,今天收盤後；若跌破，再看下一交易日是否收復,已有部位暫停加碼；若收盤跌破60日EMA約 517.68，且下一交易日仍未收復，先減碼三分之一；若ETF或外資繼續轉弱，再分批降低部位。,ETF 5/10日同步減碼；投信5/10日持續且具金額意義地賣超,66,63.8,48.1,85,100,可用,540,540,36.34,25.2,7.4,53.86,133.72,14.79,20.21,4.77,2.49,23,-141,-347,-255,-129,-102,0,-152.625,-196.74799999999996,-360.99199999999996,-1161.626,-141,-255,-123.33599999999998,-1176.835,2,3,-137700000,22.988,16.706999999999997,30.11,19,200,-32,,-17.564,35.263999999999996,-254.36299999999994,21.03000000000003,54.46,56.74,55.02,60.17,true,false,1.34,0.19,ETF短中期同步減碼；ETF 1/3日已轉為減碼；投信5/10日持續且具金額意義的賣超
240,3479,安勤,TPEX,電腦及週邊設備業,暫不承接,保護持有,protect,今天不新增部位；未完成確認前不機械式賣出,今天收盤後；若跌破，再看下一交易日是否收復,已有部位暫停加碼；若收盤跌破60日EMA約 130.42，且下一交易日仍未收復，先減碼三分之一；若ETF或外資繼續轉弱，再分批降低部位。,ETF 5/10日同步減碼,59.2,63.7,53.5,85,100,可用,131.5,131.5,35.43,17.27,8.25,57.39,155.72,3.95,18.04,2.86,3.52,1,0,-1,-1,-1,-1,0,120.761,120.761,120.761,306.76099999999997,0,0,0,0,0,0,0,0.103,0.103,7.8,,,,,120.658,120.658,120.658,308.658,52.03,70.65,65.31,81.33,false,false,1.27,1.94,ETF短中期同步減碼；外資持股尚未完成5／10日可比核對或期間有非市場異動；此項不給分，不解讀為轉弱
241,6426,統新,TWSE,通信網路業,暫不承接,正常持有,strong,強勢續抱；不追高,今日收盤確認是否守住20日EMA,價格仍在20／60日EMA之上且短線強勢；ETF偏弱先觀察，不因分歧減碼。若收盤跌破20日EMA約 304.39 且法人續弱，再轉為保護持有。,價格強勢站上20／60日EMA；ETF偏弱，先觀察,56.3,63.6,68.5,85,100,完整,373.5,368,78.21,68.31,26.07,10.23,811.46,2.96,94.32,14.4,0.13,1,0,0,-33,-33,118,-33,1199.932,1623.3450000000003,2558.687,3227.8009999999995,0,-33,-33,118,0,1,-12325500,-26.556000000000004,-5.582000000000008,18.11,1234,1858,2821,,1203.511,1682.901,2597.2690000000002,3072.4180000000006,76.34,88.16,86.07,92.35,false,false,22.71,19.71,ETF短中期同步減碼；主動ETF 5日轉為減碼；短線過熱或乖離過大；高波動且5日漲幅過大
242,6669,緯穎,TWSE,電腦及週邊設備業,暫不承接,保護持有,protect,今天不新增部位；未完成確認前不機械式賣出,今天收盤後；若跌破，再看下一交易日是否收復,"已有部位暫停加碼；若收盤跌破60日EMA約 2,075.69，且下一交易日仍未收復，先減碼三分之一；若ETF或外資繼續轉弱，再分批降低部位。",ETF 5/10日同步減碼；外資持股5/10日下降且外資5日賣超；投信5/10日持續且具金額意義地賣超,52.7,63.6,56.2,85,100,可用,2140,2160,50.36,42.8,6.79,75.35,132.12,156.38,6.86,2.91,7.67,46,-269,-390,-264,-630,315,-789,-959.469,-5347.617,-10809.985,-17099.067,-677.007,-931.1100000000001,-4245.791,-4311.153000000001,2,3,-1992575400,-277.46,-439.416,21.41,-342,-4053,-5608,,-325.425,-4139.0470000000005,-6124.778,-11350.626999999999,44.05,14.92,16.72,11.33,false,false,-5,-5.73,ETF短中期同步減碼；20日累積後5日轉為調節；ETF 1/3日已轉為減碼；主動ETF 5日轉為減碼；投信5/10日持續且具金額意義的賣超；外資持股5/10日下降，且外資5日賣超；當下除權息調整價未守20日EMA
243,2467,志聖,TWSE,電子零組件業,暫不承接,降低部位,trim,停止加碼；反彈未站回恢復區時分批減碼,每個交易日收盤後，確認是否站回恢復區,已有部位先停止加碼。反彈若仍未站回 556.61，分批降低部位；只有站回且ETF／外資賣壓收斂後才重新評估。,價格跌破60日EMA且20日趨勢向下；外資持股5/10日下降且外資5日賣超,54.7,63.5,57.3,85,100,完整,531,550,60.73,83.37,26.06,44,119.58,7.16,52.69,5.26,1.04,9,0,1,1,-1,134,0,-223.984,-857.3470000000001,-1676.495,-847.828,0,1,-1.212,81.17000000000002,1,0,528000,7.467000000000001,-29.233000000000004,20.75,-218,-820,-1493,,-232.605,-865.814,-1646.0500000000002,-895.4700000000001,43.02,12.22,14.1,8.46,false,false,-4.24,-1.12,中期趨勢仍向下；外資持股5/10日下降，且外資5日賣超；20日趨勢尚未上彎；當下除權息調整價未守20日EMA
244,6139,亞翔,TWSE,其他電子業,暫不承接,降低部位,trim,停止加碼；反彈未站回恢復區時分批減碼,每個交易日收盤後，確認是否站回恢復區,已有部位先停止加碼。反彈若仍未站回 762.08，分批降低部位；只有站回且ETF／外資賣壓收斂後才重新評估。,價格跌破60日EMA且20日趨勢向下；ETF 5/10日同步減碼；投信5/10日持續且具金額意義地賣超,56.5,63.4,53.3,85,100,完整,724,733,41.69,63.37,18.19,75.95,125.12,25.91,14.77,8.34,3.14,19,-178,-520,-525,-685,-545,0,858.535,620.527,-480.2350000000001,-2850.2820000000006,-178,-632.5,-874.5,-1093.721,0,5,-463622500,-7.106999999999994,-376.73699999999997,22.39,987,1441,1975,,912.248,1260.1339999999998,771.0019999999997,-1517.1420000000005,45.24,34.21,28.66,45.32,true,false,-1.67,2.99,中期趨勢仍向下；ETF短中期同步減碼；ETF 1/3日已轉為減碼；投信5/10日持續且具金額意義的賣超；20日趨勢尚未上彎；當下除權息調整價未守20日EMA
245,2834,臺企銀,TWSE,金融保險業,暫不承接,保護持有,protect,今天不新增部位；未完成確認前不機械式賣出,今天收盤後；若跌破，再看下一交易日是否收復,已有部位暫停加碼；若收盤跌破60日EMA約 16.97，且下一交易日仍未收復，先減碼三分之一；若ETF或外資繼續轉弱，再分批降低部位。,ETF 5/10日同步減碼；KD高檔死亡交叉（僅屬時機警示）,61.5,63.3,65.6,85,100,可用,18.7,18.4,8.82,6.52,,94,,0.71,13.49,1.15,5.45,7,53,-4260,-4315,-4411,-15432,0,-22853.038,20496.738,69800.70500000002,-66429.58099999998,52.413,-4367.2660000000005,-4484.2660000000005,-12520.052999999998,2,2,-80139331,1976.654,1412.268,16.83,-13499,17990,55823,,-23884.693,22887.350000000002,72872.70300000001,-54218.666999999994,69.43,83.13,85.05,79.28,true,true,5.53,1.91,ETF短中期同步減碼；KD高檔死亡交叉，等待動能確認
246,6548,長科*,TPEX,半導體業,暫不承接,保護持有,protect,今天不新增部位；未完成確認前不機械式賣出,今天收盤後；若跌破，再看下一交易日是否收復,已有部位暫停加碼；若收盤跌破60日EMA約 72.50，且下一交易日仍未收復，先減碼三分之一；若ETF或外資繼續轉弱，再分批降低部位。,ETF 5/10日同步減碼,64.3,63.3,47.9,85,100,可用,74.8,75.8,43.66,28.26,14.32,49.37,200.5,1.22,33.69,5.33,1.8,5,-8,-18,-187,-200,525,-155,1457.206,1457.206,1457.206,1978.206,-8,-8,-8,717,0,1,-598400,108.772,108.772,5.88,,,,,1356.434,1356.434,1356.434,1155.434,55.43,67.18,50.29,100.98,false,false,3.03,3.46,ETF短中期同步減碼；20日累積後5日轉為調節；ETF 1/3日已轉為減碼；主動ETF 5日轉為減碼；外資持股尚未完成5／10日可比核對或期間有非市場異動；此項不給分，不解讀為轉弱
247,7750,新代,TWSE,電機機械,暫不承接,降低部位,trim,停止加碼；反彈未站回恢復區時分批減碼,每個交易日收盤後，確認是否站回恢復區,"已有部位先停止加碼。反彈若仍未站回 2,173.85，分批降低部位；只有站回且ETF／外資賣壓收斂後才重新評估。",價格跌破60日EMA且20日趨勢向下；外資持股5/10日下降且外資5日賣超,56.5,63.3,61.6,85,100,完整,1950,2050,151.07,101.32,27.76,45.28,228.69,42.53,33.52,10.4,0.82,6,0,2,3,-9,4,2,-14.409,-219.09500000000003,-483.42500000000007,-542.5260000000001,-5,3,-9,-32.36,3,1,5850000,12.064,-20.802,16.34,-20,-227,-440,,-20.819,-234.159,-453.62300000000005,-498.163,38.92,15.11,14.72,15.9,true,false,-7.9,-0.51,中期趨勢仍向下；外資持股5/10日下降，且外資5日賣超；20日趨勢尚未上彎；當下除權息調整價未守20日EMA
248,6239,力成,TWSE,半導體業,暫不承接,保護持有,protect,今天不新增部位；未完成確認前不機械式賣出,今天收盤後；若跌破，再看下一交易日是否收復,已有部位暫停加碼；若收盤跌破60日EMA約 279.24，且下一交易日仍未收復，先減碼三分之一；若ETF或外資繼續轉弱，再分批降低部位。,ETF 5/10日同步減碼；投信5/10日持續且具金額意義地賣超,65.3,63.2,47.9,85,100,可用,282,293.5,24.46,30.83,14.16,44.87,169.04,5.5,28.12,3.67,1.58,25,-2413,-2507,-2380,-2508,-2083,-2560,3357.639,5705.337000000001,2607.353000000001,-10832.341,-2618.835,-4382.835,-4495.423,-2375.9570000000003,0,5,-1244725140,1374.5330000000001,593.5910000000001,32.4,5142,8646,7008,,5113.233,8713.639000000001,6509.185000000001,-8807.173999999999,53.26,57.72,46.6,79.94,true,false,1.85,3.87,ETF短中期同步減碼；ETF 1/3日已轉為減碼；主動ETF 5日轉為減碼；投信5/10日持續且具金額意義的賣超
249,6584,南俊國際,TPEX,電子零組件業,暫不承接,保護持有,protect,今天不新增部位；未完成確認前不機械式賣出,今天收盤後；若跌破，再看下一交易日是否收復,已有部位暫停加碼；若收盤跌破60日EMA約 591.38，且下一交易日仍未收復，先減碼三分之一；若ETF或外資繼續轉弱，再分批降低部位。,ETF 5/10日同步減碼,55.8,63.2,60.6,85,100,可用,633,610,37.66,50.05,29.58,32.16,184.25,6.47,54.7,11.03,0.42,3,0,0,-87,-87,-3,-87,-40.33,-40.33,-40.33,189.67000000000002,0,0,0,82,0,0,0,2.67,2.67,12.28,,,,,-43,-43,-43,122,58.3,50.1,29.03,92.25,true,false,8.04,16.36,ETF短中期同步減碼；主動ETF 5日轉為減碼；外資持股尚未完成5／10日可比核對或期間有非市場異動；此項不給分，不解讀為轉弱；20日趨勢尚未上彎；高波動且5日漲幅過大
250,2412,中華電,TWSE,通信網路業,暫不承接,保護持有,protect,今天不新增部位；未完成確認前不機械式賣出,今天收盤後；若跌破，再看下一交易日是否收復,已有部位暫停加碼；若收盤跌破60日EMA約 138.96，且下一交易日仍未收復，先減碼三分之一；若ETF或外資繼續轉弱，再分批降低部位。,ETF 5/10日同步減碼；投信5/10日持續且具金額意義地賣超；KD高檔死亡交叉（僅屬時機警示）,65.5,63,60.2,85,100,可用,142,144,25.61,9.5,21.73,30.99,122.39,2.68,28.59,3.08,3.57,35,-1122,-1993,-1848,-1661,-2816,8,6721.632,45304.94899999999,70827.533,80022.085,-1132.314,-1970.0880000000002,-1463.4690000000003,-2894.664,1,4,-286647804,258.816,75.61499999999998,18.11,7402,45677,69817,,7428.946,47016.221000000005,72215.38700000002,82752.731,59.14,81.37,91.25,61.61,false,true,1.09,-0.35,ETF短中期同步減碼；ETF 1/3日已轉為減碼；投信5/10日持續且具金額意義的賣超；外資持股尚未完成5／10日可比核對或期間有非市場異動；此項不給分，不解讀為轉弱；KD高檔死亡交叉，等待動能確認
251,3029,零壹,TWSE,資訊服務業,暫不承接,保護持有,protect,今天不新增部位；未完成確認前不機械式賣出,今天收盤後；若跌破，再看下一交易日是否收復,已有部位暫停加碼；若收盤跌破60日EMA約 110.10，且下一交易日仍未收復，先減碼三分之一；若ETF或外資繼續轉弱，再分批降低部位。,ETF 5/10日同步減碼,62.7,62.8,48.8,85,100,完整,125,126,44.44,20.13,6.32,63.78,142.48,3.63,17.83,3.95,4.4,3,-1,-2,-2,-6,-19,0,2812.424,13.961999999999989,-138.202,613.034,-1.66,-2.7009999999999996,-6.022,-19.002,0,2,-337625,64.81,12.480000000000004,8.13,2737,993,766,,2738.447,-48.146999999999935,-144.65999999999983,553.5980000000002,69.86,73.21,63.38,92.86,true,true,8.29,7.3,ETF短中期同步減碼；ETF 1/3日已轉為減碼；借券賣出與借券賣出餘額壓力升高
252,4772,台特化,TPEX,化學工業,暫不承接,保護持有,protect,今天不新增部位；未完成確認前不機械式賣出,今天收盤後；若跌破，再看下一交易日是否收復,已有部位暫停加碼；若收盤跌破60日EMA約 254.83，且下一交易日仍未收復，先減碼三分之一；若ETF或外資繼續轉弱，再分批降低部位。,價格跌破60日EMA且20日趨勢向下,55.8,62.5,57.3,85,100,可用,245.5,250,18.89,184.6,40.7,45.88,267.26,2.83,45.13,9.98,1.2,1,0,0,0,0,0,0,106.169,106.169,106.169,-255.83100000000002,0,0,0,-40,0,0,0,1.169,1.169,8.51,,,,,105,105,105,-189,47.99,56.68,42.18,85.7,false,false,-0.48,2.94,中期趨勢仍向下；外資持股尚未完成5／10日可比核對或期間有非市場異動；此項不給分，不解讀為轉弱；20日趨勢尚未上彎
253,3293,鈊象,TPEX,文化創意業,暫不承接,保護持有,protect,今天不新增部位；未完成確認前不機械式賣出,今天收盤後；若跌破，再看下一交易日是否收復,已有部位暫停加碼；若收盤跌破60日EMA約 732.23，且下一交易日仍未收復，先減碼三分之一；若ETF或外資繼續轉弱，再分批降低部位。,價格跌破60日EMA且20日趨勢向下,65.8,62.4,56.2,85,100,可用,729,725,24.8,18.09,59.05,55.02,152.62,22.77,16.84,13.59,4.94,17,257,797,819,946,-10756,5,-36.693,-36.693,-36.693,-3118.693,257,257,257,-3777,1,0,187353000,-4.081,-4.081,28.57,,,,,-289.612,-289.612,-289.612,664.3879999999999,54.16,83.62,63.43,124,false,false,1.66,4.29,中期趨勢仍向下；外資持股尚未完成5／10日可比核對或期間有非市場異動；此項不給分，不解讀為轉弱；20日趨勢尚未上彎
254,1590,亞德客-KY,TWSE,電機機械,暫不承接,降低部位,trim,停止加碼；反彈未站回恢復區時分批減碼,每個交易日收盤後，確認是否站回恢復區,"已有部位先停止加碼。反彈若仍未站回 1,366.70，分批降低部位；只有站回且ETF／外資賣壓收斂後才重新評估。",價格跌破60日EMA且20日趨勢向下；外資持股5/10日下降且外資5日賣超,55,62.2,72.9,85,100,完整,1255,1220,43.33,34.08,34.22,16.97,305.42,29.91,23.44,4.45,2.39,18,7,8,12,17,8,0,-287.654,-743.6600000000001,-835.8080000000001,-1243.051,7,14.808,-9.608999999999998,-680.921,4,1,18065760,32.564,24.499000000000002,80.4,-149,-644,-776,,-319.178,-791.032,-850.6980000000001,-575.5040000000001,36.12,15.29,12.67,20.51,true,false,-5.38,-1.18,中期趨勢仍向下；外資持股5/10日下降，且外資5日賣超；20日趨勢尚未上彎；當下除權息調整價未守20日EMA
255,5347,世界,TPEX,半導體業,暫不承接,正常持有,strong,漲停先續抱；不追價,今日收盤確認是否守住20日EMA,價格仍在20／60日EMA之上且今日漲停；ETF偏弱先觀察，不因分歧減碼。若收盤跌破20日EMA約 159.02 且法人續弱，再轉為保護持有。,今日漲停／趨勢站穩；ETF偏弱，先觀察,63.1,62.2,45.8,85,100,可用,172,189,40.48,18.42,18.63,57.61,134.59,2.84,37.23,5.13,2.6,21,-971,-2367,-1822,-2163,-666,-1340,7432.573,7432.573,7432.573,5773.573,568.975,568.975,568.975,-542.025,1,0,97863700,290.422,290.422,32.16,,,,,6573.176,6573.176,6573.176,6233.176,62.62,71.05,67.85,77.45,false,false,8.16,7.84,ETF短中期同步減碼；ETF 1/3日已轉為減碼；主動ETF 5日轉為減碼；外資持股尚未完成5／10日可比核對或期間有非市場異動；此項不給分，不解讀為轉弱；短線過熱或乖離過大
256,8016,矽創,TWSE,半導體業,暫不承接,保護持有,protect,今天不新增部位；未完成確認前不機械式賣出,今天收盤後；若跌破，再看下一交易日是否收復,已有部位暫停加碼；若收盤跌破60日EMA約 289.24，且下一交易日仍未收復，先減碼三分之一；若ETF或外資繼續轉弱，再分批降低部位。,價格跌破60日EMA且20日趨勢向下,59,62,65.2,85,100,完整,281,285,23.69,28.97,14.18,31.5,231.35,12.28,14.04,2.5,4.09,11,0,-1,-6,85,51,10,153.287,236.301,34.23499999999995,1045.926,-0.797,-6.167999999999999,84.23599999999999,116.145,1,3,-1733208,-5.747000000000001,-41.922000000000004,46.45,169,263,38,,149,248.216,-8.079000000000008,888.3340000000001,45.08,47.03,30.75,79.59,true,false,-1.28,1.44,中期趨勢仍向下；20日累積後5日轉為調節；20日趨勢尚未上彎
257,8422,可寧衛*,TWSE,綠能環保,暫不承接,降低部位,trim,停止加碼；反彈未站回恢復區時分批減碼,每個交易日收盤後，確認是否站回恢復區,已有部位先停止加碼。反彈若仍未站回 26.70，分批降低部位；只有站回且ETF／外資賣壓收斂後才重新評估。,價格跌破60日EMA且20日趨勢向下；ETF 5/10日同步減碼；投信5/10日持續且具金額意義地賣超,54.8,61.8,52.2,85,100,完整,26.55,26.6,105.85,35.88,27.67,55.71,104.84,0.55,27.66,3.51,4.52,4,-909,-2785,-1900,-1903,-1714,0,2250.289,333.41600000000017,969.0989999999999,7852.893000000001,-909,-1979,-1985,-1838.604,2,3,-52542450,-347.815,-554.082,5.75,3075,3951,3383,,3430.104,2660.2309999999998,3508.1809999999996,10207.302,52.29,58.04,35.86,102.4,true,false,0.73,1.72,中期趨勢仍向下；ETF短中期同步減碼；ETF 1/3日已轉為減碼；投信5/10日持續且具金額意義的賣超；20日趨勢尚未上彎
258,2472,立隆電,TWSE,電子零組件業,暫不承接,降低部位,trim,停止加碼；反彈未站回恢復區時分批減碼,每個交易日收盤後，確認是否站回恢復區,已有部位先停止加碼。反彈若仍未站回 244.58，分批降低部位；只有站回且ETF／外資賣壓收斂後才重新評估。,價格跌破60日EMA且20日趨勢向下；投信5/10日持續且具金額意義地賣超,56.1,61.6,68.4,85,100,完整,216,221,51.19,24.38,20.37,26.28,287.97,3.98,22,3.73,1.62,4,0,0,0,-206,-665,0,32.056,39.70700000000002,-493.60100000000006,-973.2640000000001,-500,-2571.8,-5200.8,-6610.995000000001,0,5,-555508800,-31.766,-108.114,14.94,638,3088,5237,,531.115,2643.273,4815.313,5655.7480000000005,44.22,41.75,29.79,65.67,true,false,-1.44,2.61,中期趨勢仍向下；投信5/10日持續且具金額意義的賣超；20日趨勢尚未上彎；借券賣出與借券賣出餘額壓力升高
259,5534,長虹,TWSE,建材營造,暫不承接,保護持有,protect,今天不新增部位；未完成確認前不機械式賣出,今天收盤後；若跌破，再看下一交易日是否收復,已有部位暫停加碼；若收盤跌破60日EMA約 77.14，且下一交易日仍未收復，先減碼三分之一；若ETF或外資繼續轉弱，再分批降低部位。,價格跌破60日EMA且20日趨勢向下,56.2,61.6,63.1,85,100,完整,76.4,76.2,88.58,67.05,17.45,56.25,185.49,1.05,13.5,1.13,6.62,2,0,0,0,0,518,0,293.794,-439.19300000000004,-1962.2319999999997,-1247.4869999999996,0,0,-297,-76,0,0,0,-374.411,-392.70300000000003,9.33,313,14,-1274,,314.886,-64.78199999999998,-1272.529,-1091.94,51.87,45.06,31.37,72.43,true,false,0.99,3.8,中期趨勢仍向下；20日趨勢尚未上彎
260,1736,喬山,TWSE,運動休閒,暫不承接,降低部位,trim,停止加碼；反彈未站回恢復區時分批減碼,每個交易日收盤後，確認是否站回恢復區,已有部位先停止加碼。反彈若仍未站回 127.65，分批降低部位；只有站回且ETF／外資賣壓收斂後才重新評估。,價格跌破60日EMA且20日趨勢向下；投信5/10日持續且具金額意義地賣超,54.1,61.3,50.8,85,100,完整,126.5,127,22.66,14.11,7.5,70.85,125.91,3.27,11.35,2.78,3.59,1,0,0,0,0,-518,0,-178.308,-65.297,97.51899999999999,1971.172,-90,-347,-348,-583.748,0,5,-43548500,-0.2589999999999999,-8.139999999999999,5.84,6,398,594,,-104.076,281.962,453.65900000000005,2571.4230000000002,48.62,31.71,33.86,27.39,true,true,-0.31,2.02,中期趨勢仍向下；投信5/10日持續且具金額意義的賣超；20日趨勢尚未上彎
261,3042,晶技,TWSE,電子零組件業,暫不承接,保護持有,protect,今天不新增部位；未完成確認前不機械式賣出,今天收盤後；若跌破，再看下一交易日是否收復,已有部位暫停加碼；若收盤跌破60日EMA約 179.38，且下一交易日仍未收復，先減碼三分之一；若ETF或外資繼續轉弱，再分批降低部位。,ETF 5/10日同步減碼,61.9,61.3,61.9,85,100,完整,184,187,23.48,11.7,16,31.85,238.42,2.96,31.87,3.98,2.6,9,0,-117,-291,-331,-300,-292,4393.452,10302.251,7023.049000000001,13721.223,160,-70.7,-118.7,-216.99299999999997,3,2,-13044150,-314.132,-541.0510000000002,24.18,3910,10197,7544,,4047.573,10687.083,7682.799999999999,14433.248,52.58,59.49,52.85,72.77,false,false,1.78,3.37,ETF短中期同步減碼；主動ETF 5日轉為減碼；20日趨勢尚未上彎
262,2327,國巨*,TWSE,電子零組件業,暫不承接,降低部位,trim,停止加碼；反彈未站回恢復區時分批減碼,每個交易日收盤後，確認是否站回恢復區,已有部位先停止加碼。反彈若仍未站回 604.78，分批降低部位；只有站回且ETF／外資賣壓收斂後才重新評估。,價格跌破60日EMA且20日趨勢向下；外資持股5/10日下降且外資5日賣超,58.8,61.2,50.8,85,100,可用,546,535,51.8,34.95,25.85,64.73,131.19,8.48,37.04,6.39,1.09,38,228,542,766,555,-3133,532,4064.671,-197.94999999999982,-5789.908000000001,-40159.015,637.109,2408.131,1736.1649999999997,-3539.608,5,0,1324472050,396.8130000000001,1118.1440000000002,44.64,1697,-3435,-10668,,2423.004,-3002.894,-8644.216999999999,-37908.96000000001,45.78,34.77,34.6,35.12,true,false,-1.86,0.18,中期趨勢仍向下；外資持股5/10日下降，且外資5日賣超；20日趨勢尚未上彎；當下除權息調整價未守20日EMA
263,3030,德律,TWSE,其他電子業,暫不承接,降低部位,trim,停止加碼；反彈未站回恢復區時分批減碼,每個交易日收盤後，確認是否站回恢復區,已有部位先停止加碼。反彈若仍未站回 290.71，分批降低部位；只有站回且ETF／外資賣壓收斂後才重新評估。,價格跌破60日EMA且20日趨勢向下；ETF 5/10日同步減碼,52.8,61.2,70,85,100,完整,267,268.75,31.88,27.42,38.59,34.3,215.96,7.36,20.23,6.48,2.62,6,-1,-1,-1,-2,-6,0,-24.937,38.274,-257.96,-1035.864,-1,12.3,10.3,3.968000000000001,2,1,3284100,-10.832999999999997,-126.64599999999999,9.63,36,185,-177,,-37.119,36.807,-141.614,-929.4009999999997,41.14,29,19.88,47.23,true,false,-2.56,3.09,中期趨勢仍向下；ETF短中期同步減碼；ETF 1/3日已轉為減碼；20日趨勢尚未上彎；當下除權息調整價未守20日EMA
264,3033,威健,TWSE,電子通路業,暫不承接,降低部位,trim,停止加碼；反彈未站回恢復區時分批減碼,每個交易日收盤後，確認是否站回恢復區,已有部位先停止加碼。反彈若仍未站回 45.26，分批降低部位；只有站回且ETF／外資賣壓收斂後才重新評估。,價格跌破60日EMA且20日趨勢向下；ETF 5/10日同步減碼,52.4,61.2,53.5,85,100,完整,45.5,42.2,56.84,35.67,3.65,78.4,133.84,3.38,9.14,1.71,4.62,4,-5,-7,-7,-18,-585,0,-694.017,-274.85700000000014,-7791.74,-1020.4689999999996,-4.685,-6.8389999999999995,-18.213,-574.2379999999999,0,2,-284502,-11.52600000000001,-55.140000000000015,20.38,-373,351,-6839,,-655.25,-256.492,-7718.387,48.130000000001075,57.02,53.04,32.59,93.95,false,false,4.76,9.9,ETF短中期同步減碼；ETF 1/3日已轉為減碼；20日趨勢尚未上彎；當下除權息調整價未守20日EMA
265,3563,牧德,TWSE,光電業,暫不承接,保護持有,protect,今天不新增部位；未完成確認前不機械式賣出,今天收盤後；若跌破，再看下一交易日是否收復,已有部位暫停加碼；若收盤跌破60日EMA約 689.83，且下一交易日仍未收復，先減碼三分之一；若ETF或外資繼續轉弱，再分批降低部位。,價格跌破60日EMA且20日趨勢向下,55.5,61.2,68.1,85,100,完整,671,683,35.68,14.39,38.88,28.21,317.07,9.8,39.38,7.74,2.09,2,0,0,0,0,9,0,70.861,-21.49000000000001,-251.81200000000004,429.993,0,-13,-31,-31.768,0,2,-8723000,-3.3469999999999995,-38.53699999999999,7.15,69,84,1,,64.906,-5.143000000000001,-182.27499999999998,406.50800000000004,49.23,34.02,24.79,52.47,true,false,-0.02,4.03,中期趨勢仍向下；20日趨勢尚未上彎
266,2539,櫻花建,TWSE,建材營造,暫不承接,保護持有,protect,今天不新增部位；未完成確認前不機械式賣出,今天收盤後；若跌破，再看下一交易日是否收復,已有部位暫停加碼；若收盤跌破60日EMA約 34.44，且下一交易日仍未收復，先減碼三分之一；若ETF或外資繼續轉弱，再分批降低部位。,ETF 5/10日同步減碼,56.7,61.1,69.2,85,100,可用,36.1,35,-8.69,17.78,40.6,38.54,310.41,2.36,8.57,2.15,7.76,3,0,-129,-121,-124,-111,0,546.626,-190.208,855.51,1279.876,0,-121,-124,-110.615,1,1,-4368100,72.276,29.242999999999995,2.43,685,6021,7312,,490.73,-141.48399999999998,950.267,1334.248,59.71,64.14,44.27,103.89,true,false,3.12,4.34,ETF短中期同步減碼；外資持股尚未完成5／10日可比核對或期間有非市場異動；此項不給分，不解讀為轉弱；當下除權息調整價未守20日EMA
267,6788,華景電,TPEX,半導體業,暫不承接,保護持有,protect,今天不新增部位；未完成確認前不機械式賣出,今天收盤後；若跌破，再看下一交易日是否收復,已有部位暫停加碼；若收盤跌破60日EMA約 361.53，且下一交易日仍未收復，先減碼三分之一；若ETF或外資繼續轉弱，再分批降低部位。,價格跌破60日EMA且20日趨勢向下,52,61.1,71.5,85,100,可用,351,341.5,20.38,18.49,34.89,32.23,315.71,9.79,17.69,5.01,4.39,2,0,0,0,0,-1,0,66.535,66.535,66.535,-71.465,0,0,0,0,0,0,0,4.469,4.469,13.13,,,,,62.066,62.066,62.066,-76.934,52.17,44.47,26.03,81.36,true,false,2.2,7.67,中期趨勢仍向下；外資持股尚未完成5／10日可比核對或期間有非市場異動；此項不給分，不解讀為轉弱；20日趨勢尚未上彎；當下除權息調整價未守20日EMA
268,2374,佳能,TWSE,光電業,暫不承接,保護持有,protect,今天不新增部位；未完成確認前不機械式賣出,今天收盤後；若跌破，再看下一交易日是否收復,已有部位暫停加碼；若收盤跌破60日EMA約 69.52，且下一交易日仍未收復，先減碼三分之一；若ETF或外資繼續轉弱，再分批降低部位。,價格跌破60日EMA且20日趨勢向下,54.2,61,60.7,85,100,完整,68.1,67.6,34.7,50.06,9.83,37.89,158.61,1.55,20.83,2.56,2.95,1,0,0,0,0,0,0,229.216,846.039,-242.5730000000001,177.56299999999965,0,-76,-85,-87,0,2,-5130000,-43.552,-75.35000000000001,5.78,288,1371,1725,,213,965.5909999999999,-82.22300000000018,210.91199999999992,50.55,44.06,26.49,79.21,true,false,0.59,2.25,中期趨勢仍向下；20日趨勢尚未上彎；當下除權息調整價未守20日EMA
269,2383,台光電,TWSE,電子零組件業,暫不承接,降低部位,trim,停止加碼；反彈未站回恢復區時分批減碼,每個交易日收盤後，確認是否站回恢復區,"已有部位先停止加碼。反彈若仍未站回 5,242.27，分批降低部位；只有站回且ETF／外資賣壓收斂後才重新評估。",價格跌破60日EMA且20日趨勢向下；投信5/10日持續且具金額意義地賣超,58.6,60.9,49.1,85,100,可用,4865,4790,129.85,95.18,24.72,63.23,135.5,42.46,76.47,30.04,0.51,53,77,-88,-72,48,-80,95,-206.547,-823.034,-1030.003,-1056.0949999999998,-580.397,-1752.4769999999999,-1878.0030000000002,-1897.1550000000002,0,5,-8569612530,247.83200000000005,108.87700000000005,43.62,316,709,740,,315.586,681.611,739.123,771.865,39.04,18.55,17.61,20.43,true,false,-7.2,-8.98,中期趨勢仍向下；投信5/10日持續且具金額意義的賣超；20日趨勢尚未上彎；當下除權息調整價未守20日EMA
270,3090,日電貿,TWSE,電子零組件業,暫不承接,保護持有,protect,今天不新增部位；未完成確認前不機械式賣出,今天收盤後；若跌破，再看下一交易日是否收復,已有部位暫停加碼；若收盤跌破60日EMA約 178.22，且下一交易日仍未收復，先減碼三分之一；若ETF或外資繼續轉弱，再分批降低部位。,價格跌破60日EMA且20日趨勢向下,57.6,60.8,62.8,85,100,完整,172.5,166.5,38.45,30.03,12.12,30.9,156.34,4.91,21.85,2.55,2.91,7,0,0,0,-52,-25,0,906.985,1647.333,-2902.7490000000003,-13123.076000000001,0,56,4,998.8720000000001,2,0,9240000,-7.084999999999996,-41.55800000000001,8.07,1107,1568,-3265,,886.13,1598.4180000000001,-2865.191,-14158.651000000002,52.47,45.64,31.44,74.03,true,false,3.27,5.5,中期趨勢仍向下；20日趨勢尚未上彎；當下除權息調整價未守20日EMA
271,3661,世芯-KY,TWSE,半導體業,暫不承接,保護持有,protect,今天不新增部位；未完成確認前不機械式賣出,今天收盤後；若跌破，再看下一交易日是否收復,"已有部位暫停加碼；若收盤跌破60日EMA約 3,819.66，且下一交易日仍未收復，先減碼三分之一；若ETF或外資繼續轉弱，再分批降低部位。",ETF 5/10日同步減碼；投信5/10日持續且具金額意義地賣超,59.3,60.8,60,85,100,可用,3540,3830,273.61,13.58,25.49,32.68,290.95,37.57,51.92,5.06,0.92,22,-2126,-2354,-2354,-2393,-2337,-235,497.937,-817.184,-4043.2829999999994,-2374.639999999999,-2126.268,-2680.268,-2971.368,-3076.389,0,4,-9488148720,-26.412,-158.14800000000002,50.87,2567,2141,-642,,2543.786,1889.4959999999999,-913.7670000000002,616.463,43.76,23.15,20.24,28.97,true,false,-4.76,-1.39,中期趨勢仍向下；ETF短中期同步減碼；ETF 1/3日已轉為減碼；主動ETF 5日轉為減碼；投信5/10日持續且具金額意義的賣超；20日趨勢尚未上彎
272,2464,盟立,TWSE,其他電子業,暫不承接,正常持有,strong,強勢續抱；不追高,今日收盤確認是否守住20日EMA,價格仍在20／60日EMA之上且短線強勢；ETF偏弱先觀察，不因分歧減碼。若收盤跌破20日EMA約 191.00 且法人續弱，再轉為保護持有。,價格強勢站上20／60日EMA；ETF偏弱，先觀察,64.9,60.7,37.1,85,100,可用,216,198,73.71,31.44,4.36,55.35,126.78,0.66,518.42,7.48,0.24,4,0,20,-14,-14,188,-34,4397.292,486.2140000000004,-7617.066999999999,18241.244000000002,8,-6,244,758.539,3,1,-1182000,101.77100000000002,-14.371999999999986,16.18,4978,3694,-2045,,4138.089,390.443,-7846.695,16755.044,61.71,55.65,37.65,91.65,true,false,13.09,23.08,ETF短中期同步減碼；20日累積後5日轉為調節；主動ETF 5日轉為減碼；短線過熱或乖離過大；高波動且5日漲幅過大；強勢上漲後盤中急跌反轉；借券賣出與借券賣出餘額壓力升高
273,6166,凌華,TWSE,電腦及週邊設備業,暫不承接,保護持有,protect,今天不新增部位；未完成確認前不機械式賣出,今天收盤後；若跌破，再看下一交易日是否收復,已有部位暫停加碼；若收盤跌破60日EMA約 121.14，且下一交易日仍未收復，先減碼三分之一；若ETF或外資繼續轉弱，再分批降低部位。,價格跌破60日EMA且20日趨勢向下,54.8,60.7,50.9,85,100,完整,119.5,116,47.83,41.6,11.38,62.79,137.33,3.12,21.85,4.04,1.05,2,0,0,0,0,1,0,-61.019,-57.334,-2121.483,-2837.0139999999997,0,0,0,0.503,0,0,0,-163.298,-166.295,19.03,-68,61,-1896,,-70.9,105.964,-1955.188,-2679.7709999999997,51.84,56.7,35.06,99.98,true,false,2.75,8.14,中期趨勢仍向下；20日趨勢尚未上彎；當下除權息調整價未守20日EMA
274,6191,精成科,TWSE,電子零組件業,暫不承接,保護持有,protect,今天不新增部位；未完成確認前不機械式賣出,今天收盤後；若跌破，再看下一交易日是否收復,已有部位暫停加碼；若收盤跌破60日EMA約 86.88，且下一交易日仍未收復，先減碼三分之一；若ETF或外資繼續轉弱，再分批降低部位。,價格跌破60日EMA且20日趨勢向下,56,60.6,55.6,85,100,可用,83.2,83.2,20.45,26.98,7.6,49.82,126.43,2.32,14.49,1.13,3.13,6,0,18,35,107,311,0,144.135,502.54999999999995,1341.7340000000002,3371.7819999999997,34,-8,63,248.906,3,2,-665600,3.818999999999999,-7.533000000000001,4.31,177,684,1258,,112.936,506.731,1286.2670000000003,3121.3940000000002,48.9,51.49,44.43,65.61,false,false,0.33,1.46,中期趨勢仍向下；20日趨勢尚未上彎
275,2610,華航,TWSE,航運業,暫不承接,降低部位,trim,停止加碼；反彈未站回恢復區時分批減碼,每個交易日收盤後，確認是否站回恢復區,已有部位先停止加碼。反彈若仍未站回 20.58，分批降低部位；只有站回且ETF／外資賣壓收斂後才重新評估。,價格跌破60日EMA且20日趨勢向下；外資持股5/10日下降且外資5日賣超,57.1,60.5,49.2,85,100,完整,20.5,20.15,27.22,18.65,7.53,73.06,66.84,1.08,9.33,1.24,4.02,18,1950,4194,4125,5933,10526,0,-2437.584,-11163.793,1296.1499999999983,-67709.577,1950.765,4105.765,5902.765,17917.533000000003,4,1,82731165,496.916,665.117,15.13,-4207,-15136,-5419,,-4707.761,-15766.474,-5271.731999999997,-82604.064,50.82,46.04,37.75,62.62,true,false,0.62,1.49,中期趨勢仍向下；外資持股5/10日下降，且外資5日賣超；20日趨勢尚未上彎；當下除權息調整價未守20日EMA
276,6147,頎邦,TPEX,半導體業,暫不承接,正常持有,strong,強勢續抱；不追高,今日收盤確認是否守住20日EMA,價格仍在20／60日EMA之上且短線強勢；ETF偏弱先觀察，不因分歧減碼。若收盤跌破20日EMA約 194.31 且法人續弱，再轉為保護持有。,價格強勢站上20／60日EMA；ETF偏弱，先觀察,64.4,60.5,60.7,85,100,可用,224,242,43.61,23.86,16.68,13.08,262.19,1.87,55.31,2.91,1.22,9,33,-92,-95,-284,-416,242,11126.704,11126.704,11126.704,267.7039999999997,2565,2565,2565,1692,1,0,587385000,1734.648,1734.648,36.05,,,,,6827.056,6827.056,6827.056,-3502.9439999999995,66.25,78.29,75.4,84.07,false,false,15.28,18.52,ETF短中期同步減碼；外資持股尚未完成5／10日可比核對或期間有非市場異動；此項不給分，不解讀為轉弱；短線過熱或乖離過大；高波動且5日漲幅過大
277,8081,致新,TWSE,半導體業,暫不承接,保護持有,protect,今天不新增部位；未完成確認前不機械式賣出,今天收盤後；若跌破，再看下一交易日是否收復,已有部位暫停加碼；若收盤跌破60日EMA約 259.10，且下一交易日仍未收復，先減碼三分之一；若ETF或外資繼續轉弱，再分批降低部位。,價格跌破60日EMA且20日趨勢向下,60.3,60.5,66.6,85,100,可用,253,255,10.57,1.63,18.9,29.31,258.31,9.13,13.76,2.67,6.32,11,0,-5,5,29,72,4,-14.199,307.7,239.499,2056.737,0,5.189,28.889,19.502999999999997,2,2,1312817,3.681,-11.892,18.87,-20,301,145,,-17.82,298.83,222.50199999999998,2048.223,49.06,63.46,43.03,104.33,false,false,0.26,2.64,中期趨勢仍向下；20日趨勢尚未上彎
278,1326,台化,TWSE,塑膠工業,暫不承接,保護持有,protect,今天不新增部位；未完成確認前不機械式賣出,今天收盤後；若跌破，再看下一交易日是否收復,已有部位暫停加碼；若收盤跌破60日EMA約 63.04，且下一交易日仍未收復，先減碼三分之一；若ETF或外資繼續轉弱，再分批降低部位。,ETF 5/10日同步減碼；外資持股5/10日下降且外資5日賣超,61.3,60.3,54.8,85,100,完整,69.5,68.1,31.7,15.97,2.99,23.33,283.06,2.11,28.86,0.77,0.88,8,442,463,-555,-560,147,-1045,-2086.598,-10668.103,1890.474000000001,47520.051000000014,442,-560.23,-423.23,-223.228,2,1,-38151663,-335.28999999999996,-679.485,38.71,-72,-9589,-1597,,-2370.03,-9772.583000000002,2993.1889999999958,49234.71099999999,56.79,37.73,34.02,45.17,true,false,3.24,2.81,ETF短中期同步減碼；20日累積後5日轉為調節；主動ETF 5日轉為減碼；外資持股5/10日下降，且外資5日賣超；借券賣出與借券賣出餘額壓力升高；單季稅前獲利對營業外貢獻依賴偏高
279,3711,日月光投控,TWSE,半導體業,暫不承接,保護持有,protect,今天不新增部位；未完成確認前不機械式賣出,今天收盤後；若跌破，再看下一交易日是否收復,已有部位暫停加碼；若收盤跌破60日EMA約 602.52，且下一交易日仍未收復，先減碼三分之一；若ETF或外資繼續轉弱，再分批降低部位。,ETF 5/10日同步減碼；投信5/10日持續且具金額意義地賣超,67.5,60.3,35.8,85,100,可用,632,643,45.66,27.98,10.59,60.87,107.01,8.04,46.16,7.21,1.03,54,-902,-2007,-3089,-3541,-11893,-939,7650.779,6120.094000000001,31702.300000000003,27458.934,-560.598,-2173.598,-2309.255,-1572.539000000001,2,3,-1386755524,1114.4579999999999,806.8049999999998,77.53,7196,7062,32631,,7214.976,7179.234,33204.75,26815.407999999992,55.09,57.08,53.36,64.53,true,false,2.96,3.27,ETF短中期同步減碼；ETF 1/3日已轉為減碼；投信5/10日持續且具金額意義的賣超；外資持股尚未完成5／10日可比核對或期間有非市場異動；此項不給分，不解讀為轉弱
280,8210,勤誠,TWSE,電腦及週邊設備業,暫不承接,降低部位,trim,停止加碼；反彈未站回恢復區時分批減碼,每個交易日收盤後，確認是否站回恢復區,"已有部位先停止加碼。反彈若仍未站回 1,031.37，分批降低部位；只有站回且ETF／外資賣壓收斂後才重新評估。",價格跌破60日EMA且20日趨勢向下；ETF 5/10日同步減碼；投信5/10日持續且具金額意義地賣超,49.2,60.3,55.4,85,100,可用,968,915,40.54,51.68,24.82,56.81,149.43,21.83,23.64,9.06,1.55,12,-152,-398,-398,-1567,-1676,-398,-132.588,-513.4,-2175.822,-4656.399000000001,-212,-492,-1950,-3128.516,1,3,-443784000,15.328999999999999,-88.76299999999999,8.85,90,-145,-94,,64.94,-36.729,-137.05899999999997,-1511.191,51.83,47.08,25.52,90.19,true,false,3.21,9.26,中期趨勢仍向下；ETF短中期同步減碼；ETF 1/3日已轉為減碼；主動ETF 5日轉為減碼；投信5/10日持續且具金額意義的賣超；外資持股尚未完成5／10日可比核對或期間有非市場異動；此項不給分，不解讀為轉弱；20日趨勢尚未上彎；當下除權息調整價未守20日EMA
281,6414,樺漢,TWSE,電腦及週邊設備業,暫不承接,降低部位,trim,停止加碼；反彈未站回恢復區時分批減碼,每個交易日收盤後，確認是否站回恢復區,已有部位先停止加碼。反彈若仍未站回 393.07，分批降低部位；只有站回且ETF／外資賣壓收斂後才重新評估。,價格跌破60日EMA且20日趨勢向下；外資持股5/10日下降且外資5日賣超,54.7,60.2,51.3,85,100,完整,385.5,377.5,43.06,29.39,5.47,64.66,128.3,12.31,15.47,1.97,3.7,9,0,0,10,22,19,0,-80.083,-276.48299999999995,-1584.388,-1758.0379999999996,-25,31,43,-28.874000000000002,3,1,11547500,-13.568000000000001,-85.031,44.25,-108,-292,-1543,,-59.33,-293.915,-1542.357,-1753.4879999999998,48.07,49.19,30.09,87.41,true,false,0.28,3.77,中期趨勢仍向下；外資持股5/10日下降，且外資5日賣超；20日趨勢尚未上彎；當下除權息調整價未守20日EMA
282,6274,台燿,TPEX,電子零組件業,暫不承接,降低部位,trim,停止加碼；反彈未站回恢復區時分批減碼,每個交易日收盤後，確認是否站回恢復區,"已有部位先停止加碼。反彈若仍未站回 1,405.43，分批降低部位；只有站回且ETF／外資賣壓收斂後才重新評估。",價格跌破60日EMA且20日趨勢向下；ETF 5/10日同步減碼,54.5,60.1,55.5,85,100,可用,1375,1390,132.48,97.01,21.29,48.55,205.37,12.4,69.58,16.98,0.55,24,3,-1676,-1665,-2553,-2676,-1709,246.576,246.576,246.576,-878.424,-448.876,-448.876,-448.876,-3236.876,0,1,-614960120,7.137,7.137,30.83,,,,,688.315,688.315,688.315,2374.315,47.46,49.44,46.67,54.98,false,false,-1.55,-2.48,中期趨勢仍向下；ETF短中期同步減碼；主動ETF 5日轉為減碼；外資持股尚未完成5／10日可比核對或期間有非市場異動；此項不給分，不解讀為轉弱；20日趨勢尚未上彎；當下除權息調整價未守20日EMA
283,2455,全新,TWSE,通信網路業,暫不承接,正常持有,strong,強勢續抱；不追高,今日收盤確認是否守住20日EMA,價格仍在20／60日EMA之上且短線強勢；ETF偏弱先觀察，不因分歧減碼。若收盤跌破20日EMA約 502.61 且法人續弱，再轉為保護持有。,價格強勢站上20／60日EMA；ETF偏弱，先觀察,59.5,59.7,53.5,85,100,可用,556,605,71.16,35.87,23.4,35.4,220.15,2.2,136.27,28.15,0.47,16,-9,-581,-587,-1298,-1229,-579,-216.1,-403.46500000000015,3485.811,8920.291999999998,211,631.71,-157.49,2944.567,2,3,351230760,454.16599999999994,1499.152,32.76,-612,-1494,2323,,-641.603,-1489.3410000000001,2144.149,5535.971,67.45,61.46,62.28,59.82,true,true,10.62,3.93,ETF短中期同步減碼；ETF 1/3日已轉為減碼；主動ETF 5日轉為減碼；短線過熱或乖離過大
284,6291,沛亨,TPEX,半導體業,暫不承接,正常持有,strong,強勢續抱；不追高,今日收盤確認是否守住20日EMA,價格仍在20／60日EMA之上且短線強勢；ETF偏弱先觀察，不因分歧減碼。若收盤跌破20日EMA約 463.48 且法人續弱，再轉為保護持有。,價格強勢站上20／60日EMA；ETF偏弱，先觀察,55.8,59.6,54.8,85,100,可用,524,524,33.42,40.5,24.29,36.66,247.35,6.36,45.25,15.47,1.15,2,-1,-1,-1,-1,-1,0,-252.652,-252.652,-252.652,-768.652,-1,-1,-1,0,0,1,-524000,65,65,5.24,,,,,-316.652,-316.652,-316.652,-859.652,67.21,68.63,67.54,70.82,true,false,13.06,12.33,ETF短中期同步減碼；ETF 1/3日已轉為減碼；外資持股尚未完成5／10日可比核對或期間有非市場異動；此項不給分，不解讀為轉弱；短線過熱或乖離過大
285,8086,宏捷科,TPEX,半導體業,暫不承接,保護持有,protect,今天不新增部位；未完成確認前不機械式賣出,今天收盤後；若跌破，再看下一交易日是否收復,已有部位暫停加碼；若收盤跌破60日EMA約 120.41，且下一交易日仍未收復，先減碼三分之一；若ETF或外資繼續轉弱，再分批降低部位。,價格跌破60日EMA且20日趨勢向下,51.3,59.5,70,85,100,可用,115,108.5,12.56,35.83,24.75,21.4,324.69,2.93,20.71,2.57,1.51,1,0,0,0,0,0,0,258.064,258.064,258.064,-4116.936,0,0,0,0,0,0,0,17.926,17.926,15.88,,,,,240.138,240.138,240.138,-3953.862,52.49,55.71,36.82,93.48,false,false,2.72,9,中期趨勢仍向下；外資持股尚未完成5／10日可比核對或期間有非市場異動；此項不給分，不解讀為轉弱；20日趨勢尚未上彎；當下除權息調整價未守20日EMA
286,6472,保瑞,TWSE,生技醫療業,暫不承接,保護持有,protect,今天不新增部位；未完成確認前不機械式賣出,今天收盤後；若跌破，再看下一交易日是否收復,已有部位暫停加碼；若收盤跌破60日EMA約 417.80，且下一交易日仍未收復，先減碼三分之一；若ETF或外資繼續轉弱，再分批降低部位。,未觸發明確減碼訊號,60.3,59.3,41.9,85,100,可用,415,445,59.22,6.09,14.11,66.33,129.65,4.56,36.64,3.75,2.25,2,-1,-1,0,0,516,0,839.474,1510.351,1089.9199999999998,1672.667,398.611,416.611,415.611,413.574,2,0,185183590,142.583,129.53300000000002,12.87,404,2838,3136,,343.592,951.1569999999999,544.776,1088.973,48.35,58.12,48.84,76.68,false,false,-1,2.85,中期趨勢仍向下；ETF 1/3日已轉為減碼；外資持股尚未完成5／10日可比核對或期間有非市場異動；此項不給分，不解讀為轉弱；20日趨勢尚未上彎
287,2478,大毅,TWSE,電子零組件業,暫不承接,保護持有,protect,今天不新增部位；未完成確認前不機械式賣出,今天收盤後；若跌破，再看下一交易日是否收復,已有部位暫停加碼；若收盤跌破60日EMA約 129.58，且下一交易日仍未收復，先減碼三分之一；若ETF或外資繼續轉弱，再分批降低部位。,價格跌破60日EMA且20日趨勢向下,53.9,59.1,65.9,85,100,完整,122.5,122,43.63,22.77,15.93,29.93,259.07,2.91,24.79,2.37,1.66,3,0,0,0,-63,-134,0,356.19,692.243,-745.824,-2166.2970000000005,0,0,-63,-109,0,0,0,54.691,31.78900000000001,11.93,454,475,-1337,,367.294,637.552,-714.6129999999999,-2194.3030000000003,48.8,48.3,38.54,67.84,true,false,0.4,2.94,中期趨勢仍向下；20日趨勢尚未上彎；當下除權息調整價未守20日EMA
288,2492,華新科,TWSE,電子零組件業,暫不承接,保護持有,protect,今天不新增部位；未完成確認前不機械式賣出,今天收盤後；若跌破，再看下一交易日是否收復,已有部位暫停加碼；若收盤跌破60日EMA約 311.13，且下一交易日仍未收復，先減碼三分之一；若ETF或外資繼續轉弱，再分批降低部位。,ETF 5/10日同步減碼；投信5/10日持續且具金額意義地賣超,59.7,59.1,54.8,85,100,完整,307,311.5,45.54,22.1,9.02,34.44,157.66,4.93,34.78,2.26,0.81,8,-1,3,-6,-45,-53,0,4509.32,-4297.669000000001,-9110.573999999997,-34470.111999999994,-61,-4953,-4912,-2956.224,0,5,-1532953500,442.655,-68.75599999999991,12.42,4266,65,-3247,,4413.898,212.67600000000016,-4129.817999999999,-28119.373999999996,51.15,34.69,43.52,17.05,false,false,1.33,0.49,ETF短中期同步減碼；投信5/10日持續且具金額意義的賣超
289,3413,京鼎,TWSE,半導體業,暫不承接,保護持有,protect,今天不新增部位；未完成確認前不機械式賣出,今天收盤後；若跌破，再看下一交易日是否收復,已有部位暫停加碼；若收盤跌破60日EMA約 298.44，且下一交易日仍未收復，先減碼三分之一；若ETF或外資繼續轉弱，再分批降低部位。,價格跌破60日EMA且20日趨勢向下,53.3,59.1,56.4,85,100,完整,288,292,23.54,20.05,12.62,40.54,166.04,8.89,14.19,1.91,3.85,2,0,0,0,0,1,0,-7.039,-134.897,-700.6730000000001,-1391.905,0,0,198,-211.469,0,0,0,29.361,7.325000000000003,23.78,109,107,-264,,-16.258,-164.25799999999998,-905.9979999999998,-1072.5689999999997,50.58,71.32,51.86,110.24,true,false,1.21,4.54,中期趨勢仍向下；20日趨勢尚未上彎
290,2493,揚博,TWSE,電子零組件業,暫不承接,保護持有,protect,今天不新增部位；未完成確認前不機械式賣出,今天收盤後；若跌破，再看下一交易日是否收復,已有部位暫停加碼；若收盤跌破60日EMA約 195.54，且下一交易日仍未收復，先減碼三分之一；若ETF或外資繼續轉弱，再分批降低部位。,ETF 5/10日同步減碼,59,59,50.7,85,100,完整,192.5,192.5,29.35,14.07,17.43,51.21,163.49,2.67,36.81,7.92,2.08,2,0,0,-1,-6,-12,0,-39.529,-210.82,286.606,-1643.6190000000001,0,-1,-76,-37,0,1,-192500,95.196,90.352,8.39,871,882,1743,,75.679,-305.0160000000001,272.2539999999999,-1863.8300000000002,51.78,61.53,53.9,76.8,false,false,3.07,12.9,ETF短中期同步減碼
291,8131,福懋科,TWSE,半導體業,暫不承接,降低部位,trim,停止加碼；反彈未站回恢復區時分批減碼,每個交易日收盤後，確認是否站回恢復區,已有部位先停止加碼。反彈若仍未站回 63.91，分批降低部位；只有站回且ETF／外資賣壓收斂後才重新評估。,價格跌破60日EMA且20日趨勢向下；外資持股5/10日下降且外資5日賣超,51.8,58.9,65.8,85,100,完整,60.9,61.5,29.25,37.5,15.72,21.17,277.62,1.93,17.77,1.76,1.63,3,0,0,0,0,2,0,548.129,-486.518,-3825.9030000000002,-5106.469,0,0,0,-6.6,0,0,0,20.996000000000006,8.834000000000009,3.17,491,-231,-3143,,512.413,-507.514,-3834.7370000000005,-4956.871,47.42,31.87,25.96,43.7,true,false,-0.5,3.22,中期趨勢仍向下；外資持股5/10日下降，且外資5日賣超；20日趨勢尚未上彎
292,5388,中磊,TWSE,通信網路業,暫不承接,降低部位,trim,停止加碼；反彈未站回恢復區時分批減碼,每個交易日收盤後，確認是否站回恢復區,已有部位先停止加碼。反彈若仍未站回 79.08，分批降低部位；只有站回且ETF／外資賣壓收斂後才重新評估。,價格跌破60日EMA且20日趨勢向下；ETF 5/10日同步減碼,49.3,58.7,50.5,85,100,完整,75.1,73.6,45.05,55.15,3.13,72.17,130.23,2.59,16.47,1.36,3.4,3,0,-1,-1,-1,-1,0,-614.084,-54.72799999999992,-4176.379,-18574.206000000002,0,-1.294,-1.294,-1.745,0,1,-95238,32.573,-774.469,11.69,-411,212,-2955,,-617.637,-86.007,-3400.616,-17980.707000000002,46.39,54.55,38.45,86.74,false,false,0.13,5.77,中期趨勢仍向下；ETF短中期同步減碼；20日趨勢尚未上彎；當下除權息調整價未守20日EMA
293,5536,聖暉*,TPEX,其他電子業,暫不承接,保護持有,protect,今天不新增部位；未完成確認前不機械式賣出,今天收盤後；若跌破，再看下一交易日是否收復,已有部位暫停加碼；若收盤跌破60日EMA約 944.37，且下一交易日仍未收復，先減碼三分之一；若ETF或外資繼續轉弱，再分批降低部位。,價格跌破60日EMA且20日趨勢向下,55.2,58.7,54,85,100,可用,850,890,44.54,26.89,17.71,55.52,160.97,23.73,22.19,6.63,2.25,8,0,-4,11,29,5,0,437.837,437.837,437.837,-233.163,-1.3,-1.3,-1.3,73.7,0,1,-1154400,25.532,25.532,43.97,,,,,413.605,413.605,413.605,-348.395,44.59,50.71,45.01,62.1,true,false,-1.83,0.12,中期趨勢仍向下；外資持股尚未完成5／10日可比核對或期間有非市場異動；此項不給分，不解讀為轉弱；20日趨勢尚未上彎
294,5522,遠雄,TWSE,建材營造,暫不承接,降低部位,trim,停止加碼；反彈未站回恢復區時分批減碼,每個交易日收盤後，確認是否站回恢復區,已有部位先停止加碼。反彈若仍未站回 64.63，分批降低部位；只有站回且ETF／外資賣壓收斂後才重新評估。,價格跌破60日EMA且20日趨勢向下；ETF 5/10日同步減碼；外資持股5/10日下降且外資5日賣超,46.3,58.6,71.1,85,100,完整,63.6,62.35,-46.74,85.24,23.71,56.27,172.19,1.99,6.2,1.02,8.84,5,-132,-423,-634,-590,-620,0,-154.348,-2259.969,-2587.2090000000007,-2184.8150000000005,-131.592,-548.6610000000001,-504.57500000000005,-540.394,1,4,-34126714,82,155,4.37,-65,-1452,-1775,,-72.756,-1793.308,-2237.634,-1797.4209999999998,53.57,52.42,36.58,84.1,true,false,1.65,4.09,中期趨勢仍向下；ETF短中期同步減碼；ETF 1/3日已轉為減碼；投信5/10日持續且具金額意義的賣超；外資持股5/10日下降，且外資5日賣超；20日趨勢尚未上彎；當下除權息調整價未守20日EMA
295,5871,中租-KY,TWSE,其他,暫不承接,保護持有,protect,今天不新增部位；未完成確認前不機械式賣出,今天收盤後；若跌破，再看下一交易日是否收復,已有部位暫停加碼；若收盤跌破60日EMA約 112.93，且下一交易日仍未收復，先減碼三分之一；若ETF或外資繼續轉弱，再分批降低部位。,價格跌破60日EMA且20日趨勢向下,59.9,58.6,56.4,85,100,可用,112.5,111.5,-0.68,-0.77,31.24,79.97,110.35,5.84,10.35,1.12,5.36,30,-35,1075,1216,2072,4488,2,-1807.092,-440.5220000000004,982.4090000000001,-6795.129999999999,-31.63,1202.37,2057.214,4261.254,3,2,134665440,165.739,228.077,44.85,77,596,2058,,-1914.087,-1808.6309999999999,-1302.882,-11416.989,49.1,35.29,31.63,42.59,true,true,-0.17,-0.88,累計營收負成長且當月改善不足；中期趨勢仍向下；20日趨勢尚未上彎；當下除權息調整價未守20日EMA
296,2351,順德,TWSE,半導體業,暫不承接,保護持有,protect,今天不新增部位；未完成確認前不機械式賣出,今天收盤後；若跌破，再看下一交易日是否收復,已有部位暫停加碼；若收盤跌破60日EMA約 204.43，且下一交易日仍未收復，先減碼三分之一；若ETF或外資繼續轉弱，再分批降低部位。,未觸發明確減碼訊號,64.6,58.3,42.1,85,100,完整,241.5,255,61.22,32.46,10.82,41.64,196.42,2.82,61.76,5.72,0.43,3,0,0,8,-8,116,8,-69.464,1463.3709999999999,2334.264,1596.33,0,38,72,928,2,0,9177000,-240.63600000000002,-234.31599999999997,25.76,181,1977,3062,,-34.201,1666.0069999999998,2496.5799999999995,910.7709999999994,60.24,57.78,62.71,47.91,false,false,5.29,-6.03,
297,2727,王品,TWSE,觀光餐旅,暫不承接,降低部位,trim,停止加碼；反彈未站回恢復區時分批減碼,每個交易日收盤後，確認是否站回恢復區,已有部位先停止加碼。反彈若仍未站回 232.06，分批降低部位；只有站回且ETF／外資賣壓收斂後才重新評估。,價格跌破60日EMA且20日趨勢向下；外資持股5/10日下降且外資5日賣超,48.3,58.3,50.7,85,100,完整,228,227.5,11.31,12.33,8.04,74.84,104.61,9.86,12.61,4.42,7.1,2,0,0,0,0,-326,0,-65.673,-388.844,-567.187,611.5639999999999,0,2,2,-79,1,0,454000,-39.37,-129.916,32.67,-54,-326,-414,,-56.497,-351.47400000000005,-439.271,933.7550000000001,42.94,18.63,15.82,24.26,true,false,-0.83,0,中期趨勢仍向下；外資持股5/10日下降，且外資5日賣超；20日趨勢尚未上彎；當下除權息調整價未守20日EMA
298,3406,玉晶光,TWSE,光電業,暫不承接,保護持有,protect,今天不新增部位；未完成確認前不機械式賣出,今天收盤後；若跌破，再看下一交易日是否收復,已有部位暫停加碼；若收盤跌破60日EMA約 775.24，且下一交易日仍未收復，先減碼三分之一；若ETF或外資繼續轉弱，再分批降低部位。,ETF 5/10日同步減碼；外資持股5/10日下降且外資5日賣超,58.8,58.3,58.1,85,100,完整,984,975,0.72,11.8,18.27,39.42,238.38,13.99,26.3,4.05,1.75,7,-81,-200,-205,-232,-360,30,-926.636,-549.5059999999999,-1227.2389999999998,3413.4550000000004,182,493.62,4367.62,7102.382,3,2,479798640,52.28600000000003,312.709,40.49,-1246,-1138,-5682,,-1261.819,-1095.412,-5907.567999999999,-3850.0229999999983,58.21,34.59,38.47,26.84,false,false,5.43,3.14,ETF短中期同步減碼；ETF 1/3日已轉為減碼；外資持股5/10日下降，且外資5日賣超
299,1785,光洋科,TPEX,其他電子業,暫不承接,保護持有,protect,今天不新增部位；未完成確認前不機械式賣出,今天收盤後；若跌破，再看下一交易日是否收復,已有部位暫停加碼；若收盤跌破60日EMA約 109.21，且下一交易日仍未收復，先減碼三分之一；若ETF或外資繼續轉弱，再分批降低部位。,價格跌破60日EMA且20日趨勢向下,51.9,58.2,54.5,85,100,可用,96.8,96.8,30.71,63.4,10.31,57.48,172.98,3.66,14.47,3.56,2.07,3,3,7,3,2,0,0,-496.938,-496.938,-496.938,-1564.938,3,3,3,3,1,0,290400,1.009,1.009,19.31,,,,,-500.947,-500.947,-500.947,-1568.9470000000001,40.24,26.34,19.66,39.71,true,false,-2.52,1.79,中期趨勢仍向下；外資持股尚未完成5／10日可比核對或期間有非市場異動；此項不給分，不解讀為轉弱；20日趨勢尚未上彎；當下除權息調整價未守20日EMA
300,6415,矽力*-KY,TWSE,半導體業,暫不承接,降低部位,trim,停止加碼；反彈未站回恢復區時分批減碼,每個交易日收盤後，確認是否站回恢復區,已有部位先停止加碼。反彈若仍未站回 448.75，分批降低部位；只有站回且ETF／外資賣壓收斂後才重新評估。,價格跌破60日EMA且20日趨勢向下；ETF 5/10日同步減碼,58.8,58.2,63.3,85,100,可用,425.5,441,52.54,33.04,10.43,14.57,718.18,6.03,44.42,4.21,0.58,12,-1,3,-7,-60,-28,0,1004.501,952.9839999999999,-1875.342,-2078.345,-11,-9.77,-53.769999999999996,-3008.593,2,3,-4274375,-25.11699999999999,-48.03099999999999,81.18,1186,996,-1691,,1079.41,987.8710000000001,-1773.5410000000002,947.9749999999999,48.59,66.93,51.04,98.69,false,false,0.11,2.78,中期趨勢仍向下；ETF短中期同步減碼；20日趨勢尚未上彎；單季稅前獲利對營業外貢獻依賴偏高
301,8028,昇陽半導體,TWSE,半導體業,暫不承接,保護持有,protect,今天不新增部位；未完成確認前不機械式賣出,今天收盤後；若跌破，再看下一交易日是否收復,已有部位暫停加碼；若收盤跌破60日EMA約 258.53，且下一交易日仍未收復，先減碼三分之一；若ETF或外資繼續轉弱，再分批降低部位。,外資持股5/10日下降且外資5日賣超,59.4,58.1,40.1,85,100,完整,257,262,25.57,29.06,25.73,56.22,135.92,3.32,46.06,7.7,1.05,3,0,0,0,0,1,0,409.551,-259.2390000000001,-4348.7880000000005,-10642.617,0,4380,5260,2370.157,4,0,1125660000,127.283,9.565000000000012,20.8,1433,-3525,-8125,,398.724,-4766.522,-9618.353,-12950.57,55.69,70.88,49.87,112.91,false,false,5.5,16.03,中期趨勢仍向下；外資持股5/10日下降，且外資5日賣超；20日趨勢尚未上彎；融資增幅與短線漲幅同步偏高；借券賣出與借券賣出餘額壓力升高
302,6278,台表科,TWSE,光電業,暫不承接,正常持有,strong,強勢續抱；不追高,今日收盤確認是否守住20日EMA,價格仍在20／60日EMA之上且短線強勢；法人未同步轉弱。若收盤跌破20日EMA約 188.45 且法人續弱，再轉為保護持有。,價格強勢站上20／60日EMA；法人未同步轉弱,66,58,43.3,85,100,可用,196,211,10.87,5.23,5.98,59.36,138.91,4.93,19.86,2.45,2.84,10,0,15,30,413,2132,0,219.456,473.88899999999995,1431.581,1989.9570000000003,30,116,2592,3051.656,5,0,22736000,264.73,27.173000000000023,16.94,159,260,-251,,0.188,93.15900000000002,-1187.592,-1324.949,57.18,62.26,41.71,103.37,true,false,4.01,5.66,
303,6285,啟碁,TWSE,通信網路業,暫不承接,降低部位,trim,停止加碼；反彈未站回恢復區時分批減碼,每個交易日收盤後，確認是否站回恢復區,已有部位先停止加碼。反彈若仍未站回 240.27，分批降低部位；只有站回且ETF／外資賣壓收斂後才重新評估。,價格跌破60日EMA且20日趨勢向下；ETF 5/10日同步減碼；外資持股5/10日下降且外資5日賣超,54.3,58,44.7,85,100,完整,242.5,228,81.21,37.83,5,65.98,133.19,5.75,24.92,3.07,1.89,14,2,-763,-666,-865,-2359,8,-559.849,-1807.0179999999998,-4415.129,-3917.501,2,-464,-679.375,-1290.368,4,1,-105560000,34.501,-345.763,23.46,-521,-1351,-3248,,-526.669,-1377.5190000000002,-3389.991,-2288.1560000000004,55.24,49.68,30.41,88.21,true,false,4.01,9.23,ETF短中期同步減碼；外資持股5/10日下降，且外資5日賣超；20日趨勢尚未上彎；當下除權息調整價未守20日EMA
304,1319,東陽,TWSE,汽車工業,暫不承接,保護持有,protect,今天不新增部位；未完成確認前不機械式賣出,今天收盤後；若跌破，再看下一交易日是否收復,已有部位暫停加碼；若收盤跌破60日EMA約 80.06，且下一交易日仍未收復，先減碼三分之一；若ETF或外資繼續轉弱，再分批降低部位。,ETF 5/10日同步減碼,58.5,57.9,62.1,85,100,完整,81.7,80.5,7.4,-8.29,15.76,29.8,156.04,2.98,13.07,1.76,6.21,7,-1,-65,-108,-295,-214,0,447.644,1311.1820000000002,-225.05299999999974,6140.875000000001,-1.05,-121.05,-310.151,-673.604,0,5,-9744525,501.03099999999995,372.0019999999999,11.64,376,1027,-555,,413.694,931.201,-286.904,6498.877,56.94,60.89,39.62,103.45,true,false,1.87,4.34,累計營收負成長且當月改善不足；ETF短中期同步減碼；ETF 1/3日已轉為減碼；20日趨勢尚未上彎
305,3374,精材,TPEX,半導體業,暫不承接,保護持有,protect,今天不新增部位；未完成確認前不機械式賣出,今天收盤後；若跌破，再看下一交易日是否收復,已有部位暫停加碼；若收盤跌破60日EMA約 361.89，且下一交易日仍未收復，先減碼三分之一；若ETF或外資繼續轉弱，再分批降低部位。,ETF 5/10日同步減碼,55.7,57.9,43.3,85,100,可用,444.5,448,36.74,33.24,22.9,46.4,178.27,2.88,69.78,12.24,0.56,4,1,-31,-99,-89,48,-67,-492.123,-492.123,-492.123,5279.877,0.323,0.323,0.323,2064.323,1,0,143574,435.022,435.022,21.01,,,,,-927.468,-927.468,-927.468,3588.532,59.87,40.65,45.57,30.8,false,false,6.38,3.49,ETF短中期同步減碼；20日累積後5日轉為調節；主動ETF 5日轉為減碼；外資持股尚未完成5／10日可比核對或期間有非市場異動；此項不給分，不解讀為轉弱
306,6279,胡連,TPEX,電子零組件業,暫不承接,降低部位,trim,停止加碼；反彈未站回恢復區時分批減碼,每個交易日收盤後，確認是否站回恢復區,已有部位先停止加碼。反彈若仍未站回 118.88，分批降低部位；只有站回且ETF／外資賣壓收斂後才重新評估。,價格跌破60日EMA且20日趨勢向下；ETF 5/10日同步減碼,43.4,57.9,66.9,85,100,可用,113.5,113.5,29.82,14.56,11.54,42.65,146.91,4.4,9.96,1.49,4.85,1,-2,-2,-2,-5,-17,0,-1.907,-1.907,-1.907,-203.90700000000004,-1.553,-1.553,-1.553,-9.553,0,1,-176265,10.956,10.956,9.27,,,,,-11.31,-11.31,-11.31,-651.31,37.63,54.93,29.39,106,true,false,-2.3,2.25,中期趨勢仍向下；ETF短中期同步減碼；ETF 1/3日已轉為減碼；外資持股尚未完成5／10日可比核對或期間有非市場異動；此項不給分，不解讀為轉弱；20日趨勢尚未上彎；當下除權息調整價未守20日EMA
307,6526,達發,TWSE,半導體業,暫不承接,正常持有,strong,漲停先續抱；不追價,今日收盤確認是否守住20日EMA,價格仍在20／60日EMA之上且今日漲停；ETF偏弱先觀察，不因分歧減碼。若收盤跌破20日EMA約 636.52 且法人續弱，再轉為保護持有。,今日漲停／趨勢站穩；ETF偏弱，先觀察,59,57.8,56,85,100,可用,691,760,26.11,12.53,14.98,31.02,239.33,9.72,38.33,6.14,1.95,13,-1,-223,-229,-236,-215,0,1010.418,1203.1930000000002,1389.238,1543.0350000000003,-1,-221,-229,-211.335,1,2,-152711000,340.795,351.04900000000004,8.38,713,1083,1281,,668.072,1083.398,1267.189,1372.836,67.18,72.05,52.94,110.28,true,false,8.56,9.68,ETF短中期同步減碼；ETF 1/3日已轉為減碼；短線過熱或乖離過大
308,6944,兆聯實業,TWSE,綠能環保,暫不承接,降低部位,trim,停止加碼；反彈未站回恢復區時分批減碼,每個交易日收盤後，確認是否站回恢復區,已有部位先停止加碼。反彈若仍未站回 723.52，分批降低部位；只有站回且ETF／外資賣壓收斂後才重新評估。,價格跌破60日EMA且20日趨勢向下；ETF 5/10日同步減碼,51.3,57.8,52.6,85,100,完整,708,715,37.21,41.23,23.2,53.56,163.33,16.5,17.59,6.41,2.82,2,-5,-6,-5,-2,-159,-5,76.569,-2.3669999999999973,72.97200000000002,-801.084,-10.6,-3.225999999999999,-0.8469999999999991,-182.47899999999998,3,1,-2284008,13.262999999999996,1.1139999999999954,14.55,61,-53,34,,60.714,-12.404000000000003,72.70500000000003,-591.342,48.51,47.87,37.35,68.92,true,false,0.12,2.02,中期趨勢仍向下；ETF短中期同步減碼；ETF 1/3日已轉為減碼；主動ETF 5日轉為減碼；20日趨勢尚未上彎
309,4979,華星光,TPEX,通信網路業,暫不承接,正常持有,strong,漲停先續抱；不追價,今日收盤確認是否守住20日EMA,價格仍在20／60日EMA之上且今日漲停；ETF偏弱先觀察，不因分歧減碼。若收盤跌破20日EMA約 571.23 且法人續弱，再轉為保護持有。,今日漲停／趨勢站穩；ETF偏弱，先觀察,58.5,57.7,57.1,85,90,可用,620,672,37.45,20.32,19.62,28.96,353.35,2.91,100,19.6,0.35,5,0,0,-293,-2399,-1417,-293,1409.7,1409.7,1409.7,1920.6999999999998,622,622,622,-1109,1,0,380042000,-36.311,-36.311,18.8,,,,,824.011,824.011,824.011,2844.011,58.2,52.36,37.98,81.1,true,false,8.54,13.35,ETF短中期同步減碼；主動ETF 5日轉為減碼；外資持股尚未完成5／10日可比核對或期間有非市場異動；此項不給分，不解讀為轉弱；短線過熱或乖離過大；高波動且5日漲幅過大
310,3708,上緯投控,TWSE,綠能環保,暫不承接,保護持有,protect,今天不新增部位；未完成確認前不機械式賣出,今天收盤後；若跌破，再看下一交易日是否收復,已有部位暫停加碼；若收盤跌破60日EMA約 102.23，且下一交易日仍未收復，先減碼三分之一；若ETF或外資繼續轉弱，再分批降低部位。,價格跌破60日EMA且20日趨勢向下,59.3,57.6,63.8,85,100,可用,100,97.6,534.57,23.25,-7.81,13.77,187.94,-0.87,2.34,0.4,6.72,2,0,-12,1,44,96,0,58,-0.5690000000000168,-249.815,383.23800000000006,0,1,44,95,2,1,96700,7.0089999999999995,-51.574,7.85,72,125,-235,,52,-8.578000000000003,-242.24099999999999,383.784,52.26,55.39,34.71,96.74,true,false,1.49,3.2,中期趨勢仍向下；外資持股尚未完成5／10日可比核對或期間有非市場異動；此項不給分，不解讀為轉弱；20日趨勢尚未上彎；當下除權息調整價未守20日EMA；單季稅前獲利對營業外貢獻依賴偏高
311,9917,中保科,TWSE,其他,暫不承接,保護持有,protect,今天不新增部位；未完成確認前不機械式賣出,今天收盤後；若跌破，再看下一交易日是否收復,已有部位暫停加碼；若收盤跌破60日EMA約 105.48，且下一交易日仍未收復，先減碼三分之一；若ETF或外資繼續轉弱，再分批降低部位。,ETF 5/10日同步減碼；投信5/10日持續且具金額意義地賣超,59.7,57.6,43.2,85,100,完整,108.5,108.5,4.4,2.38,17.46,58.36,98.74,3.35,15.82,3.84,5.71,7,-87,-304,-347,-331,-297,0,280.211,113.516,-10.484999999999994,-663.805,-87,-302,-287,-266.554,1,4,-32767000,18,11,39.33,383,495,401,,360.211,397.516,265.5150000000001,-414.8309999999999,71.87,77.65,63.25,106.43,true,false,2.22,1.88,ETF短中期同步減碼；ETF 1/3日已轉為減碼；投信5/10日持續且具金額意義的賣超
312,3010,華立,TWSE,電子通路業,暫不承接,降低部位,trim,停止加碼；反彈未站回恢復區時分批減碼,每個交易日收盤後，確認是否站回恢復區,已有部位先停止加碼。反彈若仍未站回 125.80，分批降低部位；只有站回且ETF／外資賣壓收斂後才重新評估。,價格跌破60日EMA且20日趨勢向下；ETF 5/10日同步減碼；外資持股5/10日下降且外資5日賣超,51.2,57.5,56,85,100,完整,129,125.25,23.63,20.14,4.04,53.53,149.98,5.93,11.17,1.19,4.24,5,0,-1,-1,-3,-6,0,-56.544,-477.601,-885.635,1702.513,0,-28.833,-31.833,-36.725,0,2,-3604125,4.270999999999999,-16.049000000000003,19.48,-66,-454,-805,,-67,-453.039,-837.7529999999999,1592.6140000000003,57.96,47.28,28.6,84.64,true,false,2.54,2.79,ETF短中期同步減碼；外資持股5/10日下降，且外資5日賣超；20日趨勢尚未上彎；當下除權息調整價未守20日EMA
313,1476,儒鴻,TWSE,紡織纖維,暫不承接,降低部位,trim,停止加碼；反彈未站回恢復區時分批減碼,每個交易日收盤後，確認是否站回恢復區,已有部位先停止加碼。反彈若仍未站回 316.87，分批降低部位；只有站回且ETF／外資賣壓收斂後才重新評估。,價格跌破60日EMA且20日趨勢向下；外資持股5/10日下降且外資5日賣超,51.3,57.4,71.4,85,100,完整,284.5,282,-1.13,5.04,20.96,24,273.93,12.35,11.68,2.67,5.32,12,74,216,243,328,732,0,-366.442,-502.93399999999997,-3336.848,-4199.644000000001,74.239,242.239,326.87399999999997,874.3650000000001,5,0,68311398,-44.11999999999999,-151.24100000000004,28.05,-435,-573,-3334,,-465.508,-701.0529999999999,-3512.4809999999998,-5251.284,27.05,10.67,10.02,11.96,true,false,-4.62,-1.22,中期趨勢仍向下；外資持股5/10日下降，且外資5日賣超；20日趨勢尚未上彎；當下除權息調整價未守20日EMA
314,2454,聯發科,TWSE,半導體業,暫不承接,保護持有,protect,今天不新增部位；未完成確認前不機械式賣出,今天收盤後；若跌破，再看下一交易日是否收復,"已有部位暫停加碼；若收盤跌破60日EMA約 4,084.40，且下一交易日仍未收復，先減碼三分之一；若ETF或外資繼續轉弱，再分批降低部位。",ETF 5/10日同步減碼,65.1,57.4,39.9,85,100,可用,4710,4945,44.08,5.76,15.19,45.06,123.94,30.44,77.79,17.72,1.14,71,-139,-863,-818,-530,-862,154,3057.914,4075.0270000000005,9103.614000000001,13947.747,-119.993,-478.92300000000006,969.511,2022.4959999999999,2,3,-2255727330,635.457,814.305,56.22,2774,3955,6881,,2886.195,3918.493000000001,7319.798000000001,10767.985,63.19,58.78,53.76,68.81,true,false,6.55,3.29,ETF短中期同步減碼；ETF 1/3日已轉為減碼；投信20日買超後近5日轉賣；外資持股尚未完成5／10日可比核對或期間有非市場異動；此項不給分，不解讀為轉弱
315,6449,鈺邦,TWSE,電子零組件業,暫不承接,保護持有,protect,今天不新增部位；未完成確認前不機械式賣出,今天收盤後；若跌破，再看下一交易日是否收復,已有部位暫停加碼；若收盤跌破60日EMA約 242.97，且下一交易日仍未收復，先減碼三分之一；若ETF或外資繼續轉弱，再分批降低部位。,價格跌破60日EMA且20日趨勢向下,50.4,57.4,56.2,85,100,完整,229,216.5,21.17,23.82,17.33,39.73,114.61,4.42,24.16,2.85,1.94,1,0,0,0,0,0,0,-25.238,-222.19199999999998,-2295.879,-2620.099,0,-1218,-3718,-3718,0,2,-264306000,22.994000000000003,-30.039999999999996,5.78,-23,948,1226,,-34.189,972.8140000000001,1452.1610000000003,1096.3120000000004,51.07,49.16,34.33,78.83,true,false,2.53,6.76,中期趨勢仍向下；20日趨勢尚未上彎；當下除權息調整價未守20日EMA
316,2352,佳世達,TWSE,電腦及週邊設備業,暫不承接,保護持有,protect,今天不新增部位；未完成確認前不機械式賣出,今天收盤後；若跌破，再看下一交易日是否收復,已有部位暫停加碼；若收盤跌破60日EMA約 28.96，且下一交易日仍未收復，先減碼三分之一；若ETF或外資繼續轉弱，再分批降低部位。,未觸發明確減碼訊號,66.1,57.2,36.7,85,100,完整,29.2,29.35,11.82,2.74,1.29,69.11,115.41,0.58,37.92,1.16,3.42,6,0,-98,2008,2476,3262,0,771.069,2373.4670000000006,635.8230000000003,3387.9249999999997,0,2008,2476,3255.195,2,2,58633600,302.10800000000006,431.2950000000001,7.02,-960,365,-1468,,712.116,63.35899999999981,-2271.4719999999998,-449.236,53.72,47.7,48.06,46.98,true,true,1.22,1.57,
317,2207,和泰車,TWSE,汽車工業,暫不承接,保護持有,protect,今天不新增部位；未完成確認前不機械式賣出,今天收盤後；若跌破，再看下一交易日是否收復,已有部位暫停加碼；若收盤跌破60日EMA約 512.62，且下一交易日仍未收復，先減碼三分之一；若ETF或外資繼續轉弱，再分批降低部位。,ETF 5/10日同步減碼,64.8,57,35.1,85,100,可用,537,537,10.57,13.13,,77.58,99.75,21.57,13.21,3.49,3.72,14,59,-162,-141,-86,-28,0,55.708,81.469,120.15799999999999,113.82600000000002,58.822,-155.212,-100.93199999999997,-4.9579999999999735,3,2,-83348844,65.44300000000001,35.390000000000015,22.54,-42,250,429,,-33.114,171.238,185.7,74.44899999999998,57.88,58.42,54.43,66.4,true,false,1.96,1.32,ETF短中期同步減碼
318,8114,振樺電,TWSE,電腦及週邊設備業,暫不承接,保護持有,protect,今天不新增部位；未完成確認前不機械式賣出,今天收盤後；若跌破，再看下一交易日是否收復,已有部位暫停加碼；若收盤跌破60日EMA約 196.81，且下一交易日仍未收復，先減碼三分之一；若ETF或外資繼續轉弱，再分批降低部位。,價格跌破60日EMA且20日趨勢向下,50.3,56.9,67.2,85,100,完整,191.5,179.25,38.75,-14.2,18.27,38.04,165.47,7.09,12.76,1.94,6.41,3,0,0,0,-1,-5,0,-21.003,117.573,-1046.3,-428.0720000000001,0,0,-519,-521,0,0,0,5.35,2.609,13.91,15,198,-320,,-24,112.22299999999998,-529.9090000000001,158.95899999999978,51.71,45.93,25.07,87.65,true,false,2.42,6.69,中期趨勢仍向下；20日趨勢尚未上彎；當下除權息調整價未守20日EMA
319,8932,智通*,TPEX,數位雲端,暫不承接,保護持有,protect,今天不新增部位；未完成確認前不機械式賣出,今天收盤後；若跌破，再看下一交易日是否收復,已有部位暫停加碼；若收盤跌破60日EMA約 89.52，且下一交易日仍未收復，先減碼三分之一；若ETF或外資繼續轉弱，再分批降低部位。,未觸發明確減碼訊號,52,56.9,62.6,85,100,可用,88.6,92.9,12.76,11.97,44.53,37.52,250.98,1.13,44.03,13.41,1.42,1,0,0,0,0,0,0,-108.036,-108.036,-108.036,-2541.036,0,0,0,0,0,0,0,-133.171,-133.171,27.88,,,,,25.135,25.135,25.135,-1769.865,47.08,43.21,41.23,47.17,true,false,-2.24,-2.21,中期趨勢仍向下；外資持股尚未完成5／10日可比核對或期間有非市場異動；此項不給分，不解讀為轉弱；20日趨勢尚未上彎
320,3008,大立光,TWSE,光電業,暫不承接,保護持有,protect,今天不新增部位；未完成確認前不機械式賣出,今天收盤後；若跌破，再看下一交易日是否收復,"已有部位暫停加碼；若收盤跌破60日EMA約 5,435.88，且下一交易日仍未收復，先減碼三分之一；若ETF或外資繼續轉弱，再分批降低部位。",ETF 5/10日同步減碼；投信5/10日持續且具金額意義地賣超,60.7,56.8,64.4,85,100,可用,6430,6480,-16.23,3.71,37.52,14.43,485.47,82.35,34.2,4.39,1.24,40,-27,-252,-479,-781,-705,-330,-164.246,-158.90900000000002,-819.048,-811.139,131.93,-243.122,-901.841,-219.034,2,3,-1563274460,-51.16999999999999,168.97300000000004,26.57,-307,-205,-362,,-375.708,135.38299999999998,-86.18000000000004,-923.2880000000001,53.97,35.88,27.21,53.22,true,false,1.74,7.26,ETF短中期同步減碼；ETF 1/3日已轉為減碼；主動ETF 5日轉為減碼；投信5/10日持續且具金額意義的賣超
321,3035,智原,TWSE,半導體業,暫不承接,保護持有,protect,今天不新增部位；未完成確認前不機械式賣出,今天收盤後；若跌破，再看下一交易日是否收復,已有部位暫停加碼；若收盤跌破60日EMA約 181.58，且下一交易日仍未收復，先減碼三分之一；若ETF或外資繼續轉弱，再分批降低部位。,未觸發明確減碼訊號,70,56.8,45.8,85,100,可用,188,186,29.88,-41.07,6.21,28.62,211.45,1.16,75,2.9,0.94,5,0,0,0,40,41,0,2718.137,5275.056,3943.440999999999,6008.748999999999,0,0,40,27.971000000000004,0,0,0,1207.4869999999999,574.7689999999998,14.76,1786,4019,3861,,1798.239,4067.569,3328.672,5336.3189999999995,58.17,68.76,53.62,99.03,true,false,5.37,8.99,
322,3402,漢科,TPEX,其他電子業,暫不承接,保護持有,protect,今天不新增部位；未完成確認前不機械式賣出,今天收盤後；若跌破，再看下一交易日是否收復,已有部位暫停加碼；若收盤跌破60日EMA約 128.48，且下一交易日仍未收復，先減碼三分之一；若ETF或外資繼續轉弱，再分批降低部位。,ETF 5/10日同步減碼,47.8,56.8,50.1,85,100,可用,124,120,32.84,21.37,11.72,69.75,118.47,3.64,17.97,4.46,4.65,1,0,-1,-1,-1,-1,0,159.786,159.786,159.786,99.786,0,0,0,0,0,0,0,10.775,10.775,9.74,,,,,149.011,149.011,149.011,97.011,48.36,60.96,63.84,55.18,false,true,-0.32,0.4,ETF短中期同步減碼；外資持股尚未完成5／10日可比核對或期間有非市場異動；此項不給分，不解讀為轉弱；當下除權息調整價未守20日EMA
323,6202,盛群,TWSE,半導體業,暫不承接,保護持有,protect,今天不新增部位；未完成確認前不機械式賣出,今天收盤後；若跌破，再看下一交易日是否收復,已有部位暫停加碼；若收盤跌破60日EMA約 58.19，且下一交易日仍未收復，先減碼三分之一；若ETF或外資繼續轉弱，再分批降低部位。,價格跌破60日EMA且20日趨勢向下,55.1,56.5,58.4,85,100,完整,57.5,,43.73,18.93,11.26,29.68,345.14,0.94,46.5,3.18,1.22,3,0,0,0,0,-460,0,158.761,-43.86000000000002,-825.826,3909.2819999999997,0,0,0,-347,0,0,0,23.201999999999998,-66.585,16.17,141,1,-671,,133.39,-67.06200000000001,-759.2410000000001,4315.381,51.31,47.18,27.68,86.18,true,false,1.45,5.12,中期趨勢仍向下；20日趨勢尚未上彎
324,2049,上銀,TWSE,電機機械,暫不承接,降低部位,trim,停止加碼；反彈未站回恢復區時分批減碼,每個交易日收盤後，確認是否站回恢復區,已有部位先停止加碼。反彈若仍未站回 347.17，分批降低部位；只有站回且ETF／外資賣壓收斂後才重新評估。,價格跌破60日EMA且20日趨勢向下；ETF 5/10日同步減碼；外資持股5/10日下降且外資5日賣超,54.4,56.4,55.8,85,100,完整,350,339.5,42.3,23.03,11.98,31.19,225.94,4.03,50.68,3.02,0.6,6,-4,-3,-3,-3,-220,0,-600.676,-3901.9860000000003,-1076.2670000000003,5160.275000000001,-4.419,15.581,265.581,-2259.384,1,3,5211845,-208.12,-292.534,38.88,-549,-3693,-517,,-567.539,-3709.447,-1049.3140000000003,7182.879,50.88,38.27,34.9,45,true,false,0.81,8.19,ETF短中期同步減碼；ETF 1/3日已轉為減碼；外資持股5/10日下降，且外資5日賣超；20日趨勢尚未上彎；當下除權息調整價未守20日EMA
325,3227,原相,TPEX,半導體業,暫不承接,保護持有,protect,今天不新增部位；未完成確認前不機械式賣出,今天收盤後；若跌破，再看下一交易日是否收復,已有部位暫停加碼；若收盤跌破60日EMA約 197.22，且下一交易日仍未收復，先減碼三分之一；若ETF或外資繼續轉弱，再分批降低部位。,價格跌破60日EMA且20日趨勢向下,49.7,56.4,71.9,85,100,可用,186,187.5,10.13,5.98,18.18,22.55,310.76,6.11,15.7,1.87,5.38,9,1,1,16,66,-19,0,-59.811,-59.811,-59.811,-369.81100000000004,-109,-109,-109,-89,0,1,-20274000,9.938,9.938,28.9,,,,,39.251,39.251,39.251,-239.74900000000002,43.26,49.33,29.39,89.21,false,false,-1.2,2.76,中期趨勢仍向下；外資持股尚未完成5／10日可比核對或期間有非市場異動；此項不給分，不解讀為轉弱；20日趨勢尚未上彎；當下除權息調整價未守20日EMA
326,1210,大成,TWSE,食品工業,暫不承接,降低部位,trim,停止加碼；反彈未站回恢復區時分批減碼,每個交易日收盤後，確認是否站回恢復區,已有部位先停止加碼。反彈若仍未站回 53.51，分批降低部位；只有站回且ETF／外資賣壓收斂後才重新評估。,價格跌破60日EMA且20日趨勢向下；ETF 5/10日同步減碼,55.3,56.3,42.5,85,100,完整,53.2,52.7,13.42,9.05,3.89,55.78,84.62,1.48,12.95,1.73,5.69,5,-153,-153,-143,-143,-341,0,888.549,-252.86300000000006,1038.312,-1519.1709999999998,-153,-146,-149,1321.42,1,1,-7694200,-15.049000000000007,-25.801000000000002,7.66,235,1139,2513,,986.238,-91.8139999999999,1213.113,-2156.1679999999997,55.82,67.44,49.32,103.66,true,false,1.48,2.7,中期趨勢仍向下；ETF短中期同步減碼；ETF 1/3日已轉為減碼；20日趨勢尚未上彎
327,2406,國碩,TWSE,光電業,暫不承接,保護持有,protect,今天不新增部位；未完成確認前不機械式賣出,今天收盤後；若跌破，再看下一交易日是否收復,已有部位暫停加碼；若收盤跌破60日EMA約 30.13，且下一交易日仍未收復，先減碼三分之一；若ETF或外資繼續轉弱，再分批降低部位。,價格跌破60日EMA且20日趨勢向下,53.5,56.3,46.1,85,100,完整,27.65,27.65,86.11,114.85,4.92,49.59,194.97,0.33,153.61,2.62,,1,0,0,0,-14,-28,0,49.312,-307.99199999999996,18.455999999999996,-1325.965,0,0,-14,-50,0,0,0,-130.348,-137.63000000000002,7.8,-4,-33,593,,20.002,-177.644,170.086,-1057.3690000000001,46.45,56.57,37.01,95.67,false,false,0.18,4.34,中期趨勢仍向下；20日趨勢尚未上彎
328,2329,華泰,TWSE,半導體業,暫不承接,保護持有,protect,今天不新增部位；未完成確認前不機械式賣出,今天收盤後；若跌破，再看下一交易日是否收復,已有部位暫停加碼；若收盤跌破60日EMA約 45.60，且下一交易日仍未收復，先減碼三分之一；若ETF或外資繼續轉弱，再分批降低部位。,未觸發明確減碼訊號,60.2,56.2,47.6,85,100,完整,44.35,45.5,4.76,8.67,5.98,38.44,141.36,0.96,19.8,1.78,2.25,4,0,0,0,0,2,0,1491.022,2524.315,2165.0690000000004,4207.780000000001,0,0,0,2.492000000000001,0,0,0,38.350999999999985,9.358999999999991,9.76,1502,3392,2794,,1447.022,2485.964,2155.71,4131.705,55.96,69.28,50.21,107.43,false,false,2.82,6.23,
329,2105,正新,TWSE,橡膠工業,暫不承接,降低部位,trim,停止加碼；反彈未站回恢復區時分批減碼,每個交易日收盤後，確認是否站回恢復區,已有部位先停止加碼。反彈若仍未站回 31.04，分批降低部位；只有站回且ETF／外資賣壓收斂後才重新評估。,價格跌破60日EMA且20日趨勢向下；外資持股5/10日下降且外資5日賣超,55,56.1,57.6,85,100,完整,30.7,30.1,4.64,5.81,9.96,40.94,274.96,1.05,16.48,1.12,6,12,65,-353,657,1511,95,0,-1931.63,-11166.678,-16325.991,-10746.087000000003,64.621,694.7109999999999,1609.494,1950.2130000000002,4,0,20841330,300.77000000000004,82.84900000000005,8.59,-1919,-9774,-15003,,-2168.932,-12162.159,-18018.334000000003,-12613.909000000005,50.21,38.29,25.1,64.67,true,false,0.43,1.82,中期趨勢仍向下；外資持股5/10日下降，且外資5日賣超；20日趨勢尚未上彎；當下除權息調整價未守20日EMA
330,6121,新普,TPEX,電腦及週邊設備業,暫不承接,保護持有,protect,今天不新增部位；未完成確認前不機械式賣出,今天收盤後；若跌破，再看下一交易日是否收復,已有部位暫停加碼；若收盤跌破60日EMA約 389.57，且下一交易日仍未收復，先減碼三分之一；若ETF或外資繼續轉弱，再分批降低部位。,價格跌破60日EMA且20日趨勢向下,52.3,56.1,64.8,85,100,可用,377.5,373.75,4.65,4.85,11.49,43.1,222.47,15.89,11.22,1.73,5.87,16,9,168,210,651,522,0,-219.006,-219.006,-219.006,-285.006,8.642,8.642,8.642,96.642,1,0,3210503,-28.448,-28.448,45.32,,,,,-199.2,-199.2,-199.2,-316.2,43.72,28.22,20.93,42.8,true,false,-1.8,-0.4,中期趨勢仍向下；外資持股尚未完成5／10日可比核對或期間有非市場異動；此項不給分，不解讀為轉弱；20日趨勢尚未上彎；當下除權息調整價未守20日EMA
331,2356,英業達,TWSE,電腦及週邊設備業,暫不承接,降低部位,trim,停止加碼；反彈未站回恢復區時分批減碼,每個交易日收盤後，確認是否站回恢復區,已有部位先停止加碼。反彈若仍未站回 63.85，分批降低部位；只有站回且ETF／外資賣壓收斂後才重新評估。,價格跌破60日EMA且20日趨勢向下；ETF 5/10日同步減碼；投信5/10日持續且具金額意義地賣超,55.2,56,40.2,85,100,可用,66.4,62.6,35.83,40.12,1.78,83.6,108.21,1.76,19.9,2.85,3.24,23,-1044,-1110,-1401,-985,55,0,-970.188,-3221.137,-33866.348,15641.501000000007,-885.339,-1241.339,-759.297,1054.006,2,3,-76590616,1958.498,305.43000000000006,18.44,185,304,-32919,,-311.311,-3938.2959999999994,-33412.481,15469.262,56.64,41.7,25.75,73.59,true,false,4,7.62,ETF短中期同步減碼；20日累積後5日轉為調節；ETF 1/3日已轉為減碼；投信5/10日持續且具金額意義的賣超；20日趨勢尚未上彎；當下除權息調整價未守20日EMA
332,2543,皇昌,TWSE,建材營造,暫不承接,保護持有,protect,今天不新增部位；未完成確認前不機械式賣出,今天收盤後；若跌破，再看下一交易日是否收復,已有部位暫停加碼；若收盤跌破60日EMA約 39.93，且下一交易日仍未收復，先減碼三分之一；若ETF或外資繼續轉弱，再分批降低部位。,未觸發明確減碼訊號,59.5,56,41.4,85,100,完整,39.45,39.45,51.51,59.41,12.32,57.93,101.48,1.34,13.65,2.17,3.88,1,0,0,0,0,0,0,128.867,983.0590000000001,1262.079,2268.986,0,-71,-79,-81.493,0,2,-2800950,32.89799999999999,17.07499999999999,1.92,217,820,987,,101.63,1021.1609999999998,1324.004,2269.524,55.46,60.68,49.82,82.41,false,false,1.9,4.92,
333,2345,智邦,TWSE,通信網路業,暫不承接,降低部位,trim,停止加碼；反彈未站回恢復區時分批減碼,每個交易日收盤後，確認是否站回恢復區,"已有部位先停止加碼。反彈若仍未站回 2,117.59，分批降低部位；只有站回且ETF／外資賣壓收斂後才重新評估。",價格跌破60日EMA且20日趨勢向下；外資持股5/10日下降且外資5日賣超；投信5/10日持續且具金額意義地賣超,52.1,55.5,46.6,85,100,可用,1855,1800,59.42,61.86,14.72,65.32,142.45,34.7,29.14,15.02,0.81,46,102,152,153,-480,-1221,166,-755.447,-2297.4809999999998,-4755.973,-9037.199,-670.784,-2205.618,-4866.843000000001,-6633.222000000001,1,4,-4091421390,153.346,184.816,56.84,-246,-253,-309,,-255.616,-245.20900000000012,-73.94600000000023,-2865.549,38.12,14.71,12.89,18.35,true,false,-5.87,-1.07,中期趨勢仍向下；投信5/10日持續且具金額意義的賣超；外資持股5/10日下降，且外資5日賣超；20日趨勢尚未上彎；當下除權息調整價未守20日EMA
334,3515,華擎,TWSE,電腦及週邊設備業,暫不承接,保護持有,protect,今天不新增部位；未完成確認前不機械式賣出,今天收盤後；若跌破，再看下一交易日是否收復,已有部位暫停加碼；若收盤跌破60日EMA約 217.83，且下一交易日仍未收復，先減碼三分之一；若ETF或外資繼續轉弱，再分批降低部位。,價格跌破60日EMA且20日趨勢向下,56.4,55.5,55.4,85,100,完整,212,213,3.32,16.88,8.04,52.42,174.78,7.1,13.7,2.25,5.19,3,0,0,10,21,37,0,69.838,319.117,-699.7449999999999,380.89500000000015,0,9.564,20.564,32.153999999999996,1,1,2027568,14.111,-76.244,8.45,66,245,-458,,73,295.442,-644.065,368.707,46.6,32.96,28.11,42.67,true,false,-1.46,4.43,中期趨勢仍向下；20日趨勢尚未上彎；當下除權息調整價未守20日EMA
335,3533,嘉澤,TWSE,電子零組件業,暫不承接,降低部位,trim,停止加碼；反彈未站回恢復區時分批減碼,每個交易日收盤後，確認是否站回恢復區,"已有部位先停止加碼。反彈若仍未站回 1,808.59，分批降低部位；只有站回且ETF／外資賣壓收斂後才重新評估。",價格跌破60日EMA且20日趨勢向下；ETF 5/10日同步減碼；外資持股5/10日下降且外資5日賣超,46.6,55.3,71.2,85,100,完整,1585,1625,19.58,17.7,25.46,25.84,276.95,39.04,19.32,4.35,2.2,19,-38,-125,-126,-179,-525,-118,-121.516,-447.32000000000005,-1144.159,-2002.288,-48.941,-169.445,-220.456,-376.40200000000004,1,4,-268570325,-76.46199999999999,-82.17999999999999,44.17,-111,-80,-582,,-77.446,-201.41300000000004,-841.523,-1522.5600000000002,41.8,36.74,26.46,57.29,true,false,-2.55,-0.31,中期趨勢仍向下；ETF短中期同步減碼；ETF 1/3日已轉為減碼；主動ETF 5日轉為減碼；投信5/10日持續且具金額意義的賣超；外資持股5/10日下降，且外資5日賣超；20日趨勢尚未上彎；當下除權息調整價未守20日EMA
336,2540,愛山林,TWSE,建材營造,暫不承接,保護持有,protect,今天不新增部位；未完成確認前不機械式賣出,今天收盤後；若跌破，再看下一交易日是否收復,已有部位暫停加碼；若收盤跌破60日EMA約 50.16，且下一交易日仍未收復，先減碼三分之一；若ETF或外資繼續轉弱，再分批降低部位。,未觸發明確減碼訊號,64,55,29.9,85,100,完整,51.2,50.6,98.38,-25.15,2.6,82.96,121.15,0.02,,4.44,11.86,1,0,0,0,0,0,0,-212.454,426.9389999999999,1757.667,-3403.805,0,0,0,-6.923,0,0,0,126,117,1.7,-151,427,1438,,-270.454,300.9389999999999,1640.667,-1955.882,59.24,60.3,59.9,61.09,true,false,4.65,6.56,
337,5234,達興材料,TWSE,光電業,暫不承接,降低部位,trim,停止加碼；反彈未站回恢復區時分批減碼,每個交易日收盤後，確認是否站回恢復區,已有部位先停止加碼。反彈若仍未站回 322.73，分批降低部位；只有站回且ETF／外資賣壓收斂後才重新評估。,價格跌破60日EMA且20日趨勢向下；外資持股5/10日下降且外資5日賣超,52.1,55,60.9,85,100,完整,296.5,300.5,18.52,11.28,20.09,31.51,235.6,4.44,35.32,9.17,2.2,3,0,-4,0,14,31,0,-56.752,-79.251,-367.647,-563.769,0,-2,6,-20.558999999999997,2,2,-592000,-8.164,-75.902,8,-49,-108,-250,,-60.874,-69.087,-297.745,-484.03800000000007,46.59,50.56,39.03,73.62,true,false,0.08,4.96,中期趨勢仍向下；外資持股5/10日下降，且外資5日賣超；20日趨勢尚未上彎
338,6282,康舒,TWSE,電子零組件業,暫不承接,降低部位,trim,停止加碼；反彈未站回恢復區時分批減碼,每個交易日收盤後，確認是否站回恢復區,已有部位先停止加碼。反彈若仍未站回 47.08，分批降低部位；只有站回且ETF／外資賣壓收斂後才重新評估。,價格跌破60日EMA且20日趨勢向下；外資持股5/10日下降且外資5日賣超,55.1,54.9,46.2,85,100,完整,44.05,42.9,38.47,28.85,2.16,57.03,160.52,0.37,35.12,1.61,1.87,4,0,-47,4,179,-229,0,-542.663,-459.71899999999994,-2706.072,-15168.125999999997,0,4,179,-238.569,2,1,171400,-156.82999999999998,-203.941,11.75,-173,-107,-2601,,-589.79,-306.8890000000001,-2681.1310000000003,-14572.729000000001,48.14,38.39,28.53,58.12,true,false,0.51,3.65,中期趨勢仍向下；外資持股5/10日下降，且外資5日賣超；20日趨勢尚未上彎；當下除權息調整價未守20日EMA
339,1409,新纖,TWSE,紡織纖維,暫不承接,保護持有,protect,今天不新增部位；未完成確認前不機械式賣出,今天收盤後；若跌破，再看下一交易日是否收復,已有部位暫停加碼；若收盤跌破60日EMA約 24.17，且下一交易日仍未收復，先減碼三分之一；若ETF或外資繼續轉弱，再分批降低部位。,未觸發明確減碼訊號,60.5,54.8,36.4,85,100,可用,24.8,24.85,-8.56,12.01,,76.61,103.39,1.18,11.14,0.82,3.67,3,0,0,0,-2,327,0,-1183.028,1040.0039999999997,-8066.166000000001,-32555.298,0,-188,-198,125.8,0,2,-4606000,-128.45500000000004,-1373.7089999999998,9.3,-720,2668,-2182,,-1334.883,1356.4589999999998,-6494.4569999999985,-32493.138,51.66,33.66,27.03,46.92,true,false,0.83,1.85,
340,2880,華南金,TWSE,金融保險業,暫不承接,保護持有,protect,今天不新增部位；未完成確認前不機械式賣出,今天收盤後；若跌破，再看下一交易日是否收復,已有部位暫停加碼；若收盤跌破60日EMA約 41.62，且下一交易日仍未收復，先減碼三分之一；若ETF或外資繼續轉弱，再分批降低部位。,ETF 5/10日同步減碼；投信5/10日持續且具金額意義地賣超；KD高檔死亡交叉（僅屬時機警示）,57,54.5,49.6,85,100,可用,47.65,47.3,11.95,27.69,,94.68,,1.24,20.63,2.74,3.04,23,-4317,-10793,-8325,-9777,-35250,0,716.154,10440.253,30442.723000000005,30158.620000000003,-4364.791,-8546.991,-8904.919,24987.108,1,4,-407264121,1364.3220000000001,1609.5159999999998,14.62,-4507,10618,31449,,3931.048,17622.922000000002,37738.126,8747.27399999999,75.36,89.21,90.79,86.04,false,true,6.34,2.92,ETF短中期同步減碼；ETF 1/3日已轉為減碼；投信5/10日持續且具金額意義的賣超；外資持股尚未完成5／10日可比核對或期間有非市場異動；此項不給分，不解讀為轉弱；KD高檔死亡交叉，等待動能確認
341,4749,新應材,TPEX,半導體業,暫不承接,降低部位,trim,停止加碼；反彈未站回恢復區時分批減碼,每個交易日收盤後，確認是否站回恢復區,已有部位先停止加碼。反彈若仍未站回 799.56，分批降低部位；只有站回且ETF／外資賣壓收斂後才重新評估。,價格跌破60日EMA且20日趨勢向下；ETF 5/10日同步減碼,50.2,54.5,60.9,85,100,可用,750,744.5,41.95,20.99,25.14,28.91,445.09,6.94,57.49,6.65,1.08,6,1,-66,-67,-68,-63,0,-24.854,-24.854,-24.854,69.146,0.322,0.322,0.322,7.322,1,0,238602,-17.498,-17.498,13.13,,,,,-7.678,-7.678,-7.678,54.322,47.41,32.85,24.32,49.91,true,false,-0.31,5.78,中期趨勢仍向下；ETF短中期同步減碼；外資持股尚未完成5／10日可比核對或期間有非市場異動；此項不給分，不解讀為轉弱；20日趨勢尚未上彎；當下除權息調整價未守20日EMA
342,3131,弘塑,TPEX,半導體業,暫不承接,保護持有,protect,今天不新增部位；未完成確認前不機械式賣出,今天收盤後；若跌破，再看下一交易日是否收復,"已有部位暫停加碼；若收盤跌破60日EMA約 2,606.96，且下一交易日仍未收復，先減碼三分之一；若ETF或外資繼續轉弱，再分批降低部位。",ETF 5/10日同步減碼,51.8,54.5,42.8,85,99.6,可用,2360,2465,43.35,22.9,17.3,79.25,130.43,27.27,43.29,22.24,1.88,13,1,5,-25,-51,-24,-27,6.004,6.004,6.004,43.004,3,3,3,118,1,0,7335000,0.659,0.659,34.27,,,,,2.345,2.345,2.345,-48.655,45.05,26.41,27.29,24.65,true,true,-2.56,2.16,ETF短中期同步減碼；外資持股尚未完成5／10日可比核對或期間有非市場異動；此項不給分，不解讀為轉弱
343,2375,凱美,TWSE,電子零組件業,暫不承接,保護持有,protect,今天不新增部位；未完成確認前不機械式賣出,今天收盤後；若跌破，再看下一交易日是否收復,已有部位暫停加碼；若收盤跌破60日EMA約 131.40，且下一交易日仍未收復，先減碼三分之一；若ETF或外資繼續轉弱，再分批降低部位。,價格跌破60日EMA且20日趨勢向下,51.8,54.4,58.9,85,100,完整,125.5,120,37.59,15.91,7.44,28.89,190.62,1.85,28.73,1.22,1,2,0,0,0,-5,-209,0,205.361,755.246,-212.907,-2568.8100000000004,0,0,-5,-215,0,0,0,2.578999999999999,-28.271,8.85,140,606,-209,,199.466,752.6669999999999,-179.63600000000008,-2330.589,50.79,46.35,32.59,73.87,true,true,2.05,5.02,中期趨勢仍向下；20日趨勢尚未上彎；當下除權息調整價未守20日EMA
344,2645,長榮航太,TWSE,航運業,暫不承接,降低部位,trim,停止加碼；反彈未站回恢復區時分批減碼,每個交易日收盤後，確認是否站回恢復區,已有部位先停止加碼。反彈若仍未站回 180.47，分批降低部位；只有站回且ETF／外資賣壓收斂後才重新評估。,價格跌破60日EMA且20日趨勢向下；ETF 5/10日同步減碼,50.7,54.1,53.1,85,100,可用,173.5,175,25.97,14.87,20.27,49.28,239.87,4.59,22.19,4.86,2.87,5,0,-409,-355,-355,-440,0,265.006,101.48699999999982,-691.1800000000002,-3632.1020000000003,0,-395,-389,-476.559,1,2,-68730000,314.004,239.03700000000003,6.18,-95,289,-207,,-59.475,182.48299999999995,-541.217,-3301.109,45.41,44.26,32.12,68.54,true,false,-0.79,0.29,中期趨勢仍向下；ETF短中期同步減碼；20日趨勢尚未上彎
345,3592,瑞鼎,TWSE,半導體業,暫不承接,保護持有,protect,今天不新增部位；未完成確認前不機械式賣出,今天收盤後；若跌破，再看下一交易日是否收復,已有部位暫停加碼；若收盤跌破60日EMA約 233.73，且下一交易日仍未收復，先減碼三分之一；若ETF或外資繼續轉弱，再分批降低部位。,價格跌破60日EMA且20日趨勢向下,48.7,54.1,53.6,85,100,完整,224.5,220.5,22.85,8.17,5.23,47.33,188.43,8.35,13.18,1.5,6.5,6,0,0,-1,11,1,0,-25.751,161.78699999999998,111.35899999999998,-767.292,-0.699,-1.6989999999999998,10.903,-5.0969999999999995,0,2,-381425,5.516,-13.152,14.75,-8,277,106,,-28.052,157.97,113.608,-743.35,48.03,70.57,55.05,101.62,false,false,0.18,1.13,中期趨勢仍向下；20日累積後5日轉為調節；20日趨勢尚未上彎；當下除權息調整價未守20日EMA
346,8069,元太,TPEX,光電業,暫不承接,降低部位,trim,停止加碼；反彈未站回恢復區時分批減碼,每個交易日收盤後，確認是否站回恢復區,已有部位先停止加碼。反彈若仍未站回 167.03，分批降低部位；只有站回且ETF／外資賣壓收斂後才重新評估。,價格跌破60日EMA且20日趨勢向下；ETF 5/10日同步減碼,48,53.8,66.2,85,100,可用,150,146.5,3.29,-2.88,33.72,36.32,154.89,5.65,14.25,2.23,4.02,11,-1810,-1596,-1184,-1185,-869,0,-1862.546,-1862.546,-1862.546,-6778.546,-2060.413,-2060.413,-2060.413,-1569.413,0,1,-301850504,7.235,7.235,39.8,,,,,190.632,190.632,190.632,-5457.368,42.07,43.57,30.14,70.43,false,false,-1.45,3.09,累計營收負成長且當月改善不足；中期趨勢仍向下；ETF短中期同步減碼；ETF 1/3日已轉為減碼；外資持股尚未完成5／10日可比核對或期間有非市場異動；此項不給分，不解讀為轉弱；20日趨勢尚未上彎；當下除權息調整價未守20日EMA
347,1215,卜蜂,TWSE,食品工業,暫不承接,降低部位,trim,停止加碼；反彈未站回恢復區時分批減碼,每個交易日收盤後，確認是否站回恢復區,已有部位先停止加碼。反彈若仍未站回 111.63，分批降低部位；只有站回且ETF／外資賣壓收斂後才重新評估。,價格跌破60日EMA且20日趨勢向下；外資持股5/10日下降且外資5日賣超,50.5,53.7,45.1,85,100,完整,109.5,110,1.31,4.69,9.26,65.34,86.75,3.24,12.62,2.95,6.39,4,0,0,0,200,200,0,224.436,-1099.634,-553.559,-264.20699999999994,0,-22,427,423.566,0,2,-2409000,35.035,-4.216000000000001,36.72,212,-785,-992,,208.363,-1112.669,-976.3430000000002,-722.3890000000001,52.18,45.01,40.63,53.78,true,false,0.68,1.86,中期趨勢仍向下；外資持股5/10日下降，且外資5日賣超；20日趨勢尚未上彎
348,7795,長廣,TWSE,電子零組件業,暫不承接,降低部位,trim,停止加碼；反彈未站回恢復區時分批減碼,每個交易日收盤後，確認是否站回恢復區,已有部位先停止加碼。反彈若仍未站回 505.28，分批降低部位；只有站回且ETF／外資賣壓收斂後才重新評估。,價格跌破60日EMA且20日趨勢向下；外資持股5/10日下降且外資5日賣超,47.5,53.7,59.1,85,100,完整,487,487,111.5,24.77,15.64,29.24,432.72,0.88,215.49,13.51,0.44,1,0,0,0,0,0,0,-285.113,-413.989,-703.155,-2397.652,6,-7,44,42.947,2,2,-3409000,-38.622,-94.62199999999999,6.19,-264,-287,-362,,-284.478,-368.367,-652.5330000000001,-2362.9680000000003,46.05,18.39,20.08,15.01,false,false,-3.62,-0.81,中期趨勢仍向下；外資持股5/10日下降，且外資5日賣超；20日趨勢尚未上彎；當下除權息調整價未守20日EMA
349,6138,茂達,TPEX,半導體業,暫不承接,降低部位,trim,停止加碼；反彈未站回恢復區時分批減碼,每個交易日收盤後，確認是否站回恢復區,已有部位先停止加碼。反彈若仍未站回 292.50，分批降低部位；只有站回且ETF／外資賣壓收斂後才重新評估。,價格跌破60日EMA且20日趨勢向下；ETF 5/10日同步減碼,51,53.6,57.4,85,100,可用,278,285,2.5,10.67,19.7,36.78,238.48,7.64,18.56,5.47,3.97,5,0,0,-1,-1,-86,0,18.024,18.024,18.024,6.024000000000001,0,0,0,1,0,0,0,4.082,4.082,13,,,,,13.942,13.942,13.942,-1.0579999999999927,47.49,51.91,32.69,90.35,false,false,-0.24,3.54,中期趨勢仍向下；ETF短中期同步減碼；外資持股尚未完成5／10日可比核對或期間有非市場異動；此項不給分，不解讀為轉弱；20日趨勢尚未上彎
350,2401,凌陽,TWSE,半導體業,暫不承接,保護持有,protect,今天不新增部位；未完成確認前不機械式賣出,今天收盤後；若跌破，再看下一交易日是否收復,已有部位暫停加碼；若收盤跌破60日EMA約 26.34，且下一交易日仍未收復，先減碼三分之一；若ETF或外資繼續轉弱，再分批降低部位。,價格跌破60日EMA且20日趨勢向下,54.7,53.5,52.7,85,100,完整,25.6,26,40.95,24.27,9.83,27.75,359.89,0.35,254.5,1.77,,2,0,0,0,0,0,0,497.214,615.709,-1555.664,-995.6929999999999,0,0,0,-40,0,0,0,85.94100000000003,-88.10699999999997,17.01,547,827,-1286,,336.653,529.768,-1467.5569999999998,-1190.5749999999998,51.13,65.33,43.23,109.53,true,false,1.61,5.57,中期趨勢仍向下；20日趨勢尚未上彎
351,2354,鴻準,TWSE,其他電子業,暫不承接,保護持有,protect,今天不新增部位；未完成確認前不機械式賣出,今天收盤後；若跌破，再看下一交易日是否收復,已有部位暫停加碼；若收盤跌破60日EMA約 61.39，且下一交易日仍未收復，先減碼三分之一；若ETF或外資繼續轉弱，再分批降低部位。,ETF 5/10日同步減碼,54.8,53.1,51.3,85,100,完整,65.4,66.3,58.42,-1.69,1.29,36.29,219.89,1.1,27.84,0.82,2.28,5,-5,-103,-103,-117,-144,0,-3952.298,-460.10699999999997,8538.906,50436.326,-5,-35,-53,-61.835,1,2,-2299500,-277.69500000000005,-222.66700000000003,14.18,-3630,-685,7290,,-3949.618,-147.41200000000038,8814.573,49626.344999999994,58.13,43.57,47.52,35.66,false,false,1.61,1.08,ETF短中期同步減碼；ETF 1/3日已轉為減碼；單季稅前獲利對營業外貢獻依賴偏高
352,2520,冠德,TWSE,建材營造,暫不承接,保護持有,protect,今天不新增部位；未完成確認前不機械式賣出,今天收盤後；若跌破，再看下一交易日是否收復,已有部位暫停加碼；若收盤跌破60日EMA約 35.53，且下一交易日仍未收復，先減碼三分之一；若ETF或外資繼續轉弱，再分批降低部位。,ETF 5/10日同步減碼；投信5/10日持續且具金額意義地賣超,55.9,52.4,50,85,100,完整,37,38.35,-26.5,16.93,18.25,57.5,171.93,1.87,11.31,0.94,4.26,1,0,0,-108,-108,976,-108,1016.374,1276.156,756.2849999999997,3914.392,0,-265.9,-285.9,794.1,0,4,-10104200,41.617000000000004,50.441,13.15,1088,2381,2080,,908.527,1500.439,991.7440000000003,2942.4760000000006,55.25,47.77,54.1,35.11,true,true,1.11,1.09,ETF短中期同步減碼；主動ETF 5日轉為減碼；投信5/10日持續且具金額意義的賣超
353,3704,合勤控,TWSE,通信網路業,暫不承接,降低部位,trim,停止加碼；反彈未站回恢復區時分批減碼,每個交易日收盤後，確認是否站回恢復區,已有部位先停止加碼。反彈若仍未站回 42.35，分批降低部位；只有站回且ETF／外資賣壓收斂後才重新評估。,價格跌破60日EMA且20日趨勢向下；外資持股5/10日下降且外資5日賣超,43.6,52.3,52.7,85,100,完整,41.15,37.05,28.11,12.38,5.46,57.31,152.64,1.55,12.32,1.39,0.97,1,0,0,0,0,0,0,936.54,-3025.806,-5079.191999999999,-10275.752999999997,0,0,0,0,0,0,0,-25.413000000000004,-15.750999999999985,10.81,835,-2140,-3706,,914,-3000.3930000000005,-5063.441000000001,-10225.309999999998,48.86,51.78,40.87,73.61,false,false,0.41,-0.12,中期趨勢仍向下；外資持股5/10日下降，且外資5日賣超；20日趨勢尚未上彎；當下除權息調整價未守20日EMA；借券賣出與借券賣出餘額壓力升高
354,8261,富鼎,TWSE,半導體業,暫不承接,保護持有,protect,今天不新增部位；未完成確認前不機械式賣出,今天收盤後；若跌破，再看下一交易日是否收復,已有部位暫停加碼；若收盤跌破60日EMA約 188.65，且下一交易日仍未收復，先減碼三分之一；若ETF或外資繼續轉弱，再分批降低部位。,價格跌破60日EMA且20日趨勢向下,54.7,52.3,63.1,85,100,完整,176,178.5,-3,6.81,23.89,19.47,421.83,3.07,26.54,3.69,2.82,2,0,0,0,-4,-12,0,1238.856,2210.7099999999996,1711.0359999999991,1518.748999999999,0,0,-4,-12,0,0,0,2.324999999999985,-23.52100000000001,6.96,1384,2182,1826,,1227.009,2208.385,1738.5570000000005,1556.465000000001,47.77,65.54,44.4,107.83,false,false,0.13,5.71,中期趨勢仍向下；20日趨勢尚未上彎
355,6789,采鈺,TWSE,半導體業,暫不承接,保護持有,protect,今天不新增部位；未完成確認前不機械式賣出,今天收盤後；若跌破，再看下一交易日是否收復,已有部位暫停加碼；若收盤跌破60日EMA約 460.84，且下一交易日仍未收復，先減碼三分之一；若ETF或外資繼續轉弱，再分批降低部位。,ETF 5/10日同步減碼；投信5/10日持續且具金額意義地賣超,61.1,52.2,49.9,85,100,完整,455,465.5,17.99,12.16,21.04,18.54,367.01,2.95,87.69,7.93,0.65,7,1,-454,-462,-486,-456,0,363.177,433.111,227.52099999999996,-681.137,1,-476,-501,-465.343,1,3,-218722000,43.077,22.506999999999994,4.51,272,962,511,,310.174,866.034,706.0139999999999,-246.1020000000002,50.76,35.8,27.49,52.42,true,false,0.77,4.36,ETF短中期同步減碼；投信5/10日持續且具金額意義的賣超；估值高，現有成長幅度尚未支撐目前估值
356,2504,國產,TWSE,建材營造,暫不承接,保護持有,protect,今天不新增部位；未完成確認前不機械式賣出,今天收盤後；若跌破，再看下一交易日是否收復,已有部位暫停加碼；若收盤跌破60日EMA約 31.86，且下一交易日仍未收復，先減碼三分之一；若ETF或外資繼續轉弱，再分批降低部位。,價格跌破60日EMA且20日趨勢向下,54.6,52,53.1,85,100,完整,31.6,31.6,-8.07,-8.23,20.83,46.08,115.96,1.47,9.91,1.44,8.23,8,96,187,247,414,301,0,659.411,-1004.306,-183.40700000000015,1071.5500000000002,96.304,123.493,285.591,114.44000000000003,3,1,3902379,181.84,276.78499999999997,6.19,423,-550,54,,461.107,-1309.639,-745.7829999999999,888.8530000000001,54.49,64.49,42.32,108.82,true,false,1.11,2.1,累計營收負成長且當月改善不足；中期趨勢仍向下；20日趨勢尚未上彎
357,3596,智易,TWSE,通信網路業,暫不承接,降低部位,trim,停止加碼；反彈未站回恢復區時分批減碼,每個交易日收盤後，確認是否站回恢復區,已有部位先停止加碼。反彈若仍未站回 167.93，分批降低部位；只有站回且ETF／外資賣壓收斂後才重新評估。,價格跌破60日EMA且20日趨勢向下；外資持股5/10日下降且外資5日賣超,46.1,51.8,48.4,85,100,完整,159.5,155.75,1.93,2.66,6.57,69.48,125.16,6.5,11.96,2.08,5.79,4,0,0,0,0,0,0,-207.565,-844.6110000000001,-2622.023,-9816.891999999998,0,-0.592,-0.592,-3.062,0,1,-92056,-64.019,-81.99700000000001,26.1,-207,-808,-2569,,-215,-780,-2539.434,-9733.826000000001,48.94,54.15,33.58,95.28,true,false,0.88,4.59,中期趨勢仍向下；外資持股5/10日下降，且外資5日賣超；20日趨勢尚未上彎；當下除權息調整價未守20日EMA
358,7734,印能科技,TPEX,半導體業,暫不承接,保護持有,protect,今天不新增部位；未完成確認前不機械式賣出,今天收盤後；若跌破，再看下一交易日是否收復,"已有部位暫停加碼；若收盤跌破60日EMA約 2,943.75，且下一交易日仍未收復，先減碼三分之一；若ETF或外資繼續轉弱，再分批降低部位。",價格跌破60日EMA且20日趨勢向下,47.1,51.7,62.9,85,100,可用,2700,2612.5,-1.27,52.61,53.25,22.22,492.21,28.72,56.28,11.07,0.74,2,0,0,0,0,-49,0,20.033,20.033,20.033,13.033000000000001,-63,-63,-63,-151,0,1,-168210000,1.374,1.374,6.31,,,,,81.659,81.659,81.659,184.659,45.52,34.39,27.57,48.04,true,false,-2.34,8.65,中期趨勢仍向下；外資持股尚未完成5／10日可比核對或期間有非市場異動；此項不給分，不解讀為轉弱；20日趨勢尚未上彎；當下除權息調整價未守20日EMA
359,4966,譜瑞-KY,TPEX,半導體業,暫不承接,保護持有,protect,今天不新增部位；未完成確認前不機械式賣出,今天收盤後；若跌破，再看下一交易日是否收復,已有部位暫停加碼；若收盤跌破60日EMA約 585.66，且下一交易日仍未收復，先減碼三分之一；若ETF或外資繼續轉弱，再分批降低部位。,價格跌破60日EMA且20日趨勢向下,51.5,51.5,66,85,100,可用,568,580,0.23,-0.66,13.79,14.61,478.03,14.43,18.07,1.97,3.13,7,0,0,8,18,-760,0,-237.03,-237.03,-237.03,-324.03,0,0,0,-449,0,0,0,3.209,3.209,39.57,,,,,-240.239,-240.239,-240.239,116.761,51.64,62.44,43.46,100.38,false,false,1.69,5.77,累計營收負成長且當月改善不足；中期趨勢仍向下；外資持股尚未完成5／10日可比核對或期間有非市場異動；此項不給分，不解讀為轉弱；20日趨勢尚未上彎
360,2206,三陽工業,TWSE,汽車工業,暫不承接,保護持有,protect,今天不新增部位；未完成確認前不機械式賣出,今天收盤後；若跌破，再看下一交易日是否收復,已有部位暫停加碼；若收盤跌破60日EMA約 62.77，且下一交易日仍未收復，先減碼三分之一；若ETF或外資繼續轉弱，再分批降低部位。,ETF 5/10日同步減碼,54.7,51.3,44.8,85,100,完整,64.1,63.8,-0.22,-4.83,8.71,57.04,142.77,3.14,10.74,1.88,4.77,2,-150,-150,-150,-150,-150,0,18.516,132.17400000000004,90.68000000000005,-581.3530000000001,-150,-45,-48,-60.17,1,1,-2884500,65,58,7.94,126,71,-42,,129.516,112.17399999999998,80.68,-591.1830000000001,58.09,71.95,67.42,81.02,true,false,0.93,1.58,累計營收負成長且當月改善不足；ETF短中期同步減碼；ETF 1/3日已轉為減碼
361,9939,宏全,TWSE,其他,暫不承接,降低部位,trim,停止加碼；反彈未站回恢復區時分批減碼,每個交易日收盤後，確認是否站回恢復區,已有部位先停止加碼。反彈若仍未站回 129.16，分批降低部位；只有站回且ETF／外資賣壓收斂後才重新評估。,價格跌破60日EMA且20日趨勢向下；ETF 5/10日同步減碼；外資持股5/10日下降且外資5日賣超,43.7,51,49.5,85,100,完整,127,127.5,7.08,3.29,16.21,59.06,108.5,6.55,11.55,1.9,4.88,6,-2,-2,-2,-6,-901,0,168.193,-435.11199999999997,-1373.902,1720.156,-1.448,-29.448,-84.345,-323.64200000000005,0,3,-3739896,-43.347,-36.92199999999998,16.49,201,-339,-1376,,155,-362.317,-1252.635,2101.127,41.92,36.73,28.48,53.23,true,false,-1.39,0.79,中期趨勢仍向下；ETF短中期同步減碼；ETF 1/3日已轉為減碼；外資持股5/10日下降，且外資5日賣超；20日趨勢尚未上彎；當下除權息調整價未守20日EMA
362,8436,大江,TPEX,生技醫療業,暫不承接,降低部位,trim,停止加碼；反彈未站回恢復區時分批減碼,每個交易日收盤後，確認是否站回恢復區,已有部位先停止加碼。反彈若仍未站回 115.35，分批降低部位；只有站回且ETF／外資賣壓收斂後才重新評估。,價格跌破60日EMA且20日趨勢向下；ETF 5/10日同步減碼,41,50.8,62.7,85,100,可用,112,104,2.05,-1.98,18.09,36.7,169.74,4.13,11.76,1.49,5.81,2,-1,-1,-1,-216,-157,0,-302.115,-302.115,-302.115,-1132.115,-1.323,-1.323,-1.323,-306.323,0,1,-136930,1.063,1.063,12.39,,,,,-301.855,-301.855,-301.855,-820.855,49.18,36.71,18.04,74.07,true,false,0.94,6.16,累計營收負成長且當月改善不足；中期趨勢仍向下；ETF短中期同步減碼；ETF 1/3日已轉為減碼；外資持股尚未完成5／10日可比核對或期間有非市場異動；此項不給分，不解讀為轉弱；20日趨勢尚未上彎；當下除權息調整價未守20日EMA
363,6831,邁科,TWSE,電腦及週邊設備業,暫不承接,降低部位,trim,停止加碼；反彈未站回恢復區時分批減碼,每個交易日收盤後，確認是否站回恢復區,已有部位先停止加碼。反彈若仍未站回 608.00，分批降低部位；只有站回且ETF／外資賣壓收斂後才重新評估。,價格跌破60日EMA且20日趨勢向下；投信5/10日持續且具金額意義地賣超,56.4,50.6,40.2,85,100,完整,542,580,29.1,22.27,8.86,49.58,153.31,1.66,96.57,13.15,0.56,4,0,0,0,0,51,0,-3.938,-210.235,-1010.0959999999999,-1806.5859999999998,-190,-231,-581,-898,0,3,-123585000,-29.582,-23.946,14.78,268,285,-134,,176.198,50.34700000000001,-405.15,-880.2249999999999,42.89,24.74,20.87,32.46,true,false,-3.95,0.18,中期趨勢仍向下；投信5/10日持續且具金額意義的賣超；20日趨勢尚未上彎
364,1477,聚陽,TWSE,紡織纖維,暫不承接,降低部位,trim,停止加碼；反彈未站回恢復區時分批減碼,每個交易日收盤後，確認是否站回恢復區,已有部位先停止加碼。反彈若仍未站回 207.54，分批降低部位；只有站回且ETF／外資賣壓收斂後才重新評估。,價格跌破60日EMA且20日趨勢向下；ETF 5/10日同步減碼；外資持股5/10日下降且外資5日賣超,50.3,50.4,53.1,85,100,完整,197,195,-5.12,-2.17,14.44,42.05,180.12,7.65,13.24,3.47,7.73,13,-202,-330,-302,-34,-366,6,-246.407,-849.462,-903.559,-4764.189,-202.003,-181.433,154.57600000000002,5.235000000000021,3,2,-35198002,-34.622,-27.794,14.82,-157,-35,-63,,-68.313,-633.4069999999999,-1030.3410000000001,-4712.369,45.67,46.89,40.18,60.32,true,false,-0.18,1.29,累計營收負成長且當月改善不足；中期趨勢仍向下；ETF短中期同步減碼；ETF 1/3日已轉為減碼；外資持股5/10日下降，且外資5日賣超；20日趨勢尚未上彎；當下除權息調整價未守20日EMA
365,2355,敬鵬,TWSE,電子零組件業,暫不承接,保護持有,protect,今天不新增部位；未完成確認前不機械式賣出,今天收盤後；若跌破，再看下一交易日是否收復,已有部位暫停加碼；若收盤跌破60日EMA約 44.22，且下一交易日仍未收復，先減碼三分之一；若ETF或外資繼續轉弱，再分批降低部位。,價格跌破60日EMA且20日趨勢向下,47.6,50.4,57.9,85,100,完整,42.3,41.22,13.43,7.07,4.6,31.31,221.89,1.07,21.58,0.93,2.44,1,0,0,0,0,0,0,-308.382,-278.03200000000004,203.00300000000004,1277.617,0,0,0,0,0,0,0,33.635,9.151000000000003,17.16,-292,-334,53,,-345,-311.66700000000003,193.85199999999998,1280.323,50.89,39.51,23.83,70.88,true,false,1.02,3.55,中期趨勢仍向下；20日趨勢尚未上彎；當下除權息調整價未守20日EMA
366,2369,菱生,TWSE,半導體業,暫不承接,降低部位,trim,停止加碼；反彈未站回恢復區時分批減碼,每個交易日收盤後，確認是否站回恢復區,已有部位先停止加碼。反彈若仍未站回 32.37，分批降低部位；只有站回且ETF／外資賣壓收斂後才重新評估。,價格跌破60日EMA且20日趨勢向下；外資持股5/10日下降且外資5日賣超,52.5,50.3,41.4,85,100,完整,31.45,31.2,32.9,36.28,3.21,34.41,239.33,0.29,,2.36,,1,0,0,0,0,0,0,-1654.083,-3346.4629999999997,-4757.982999999999,96.61500000000069,0,0,0,0,0,0,0,-74.96199999999999,-231.93900000000002,13.82,-1128,-2597,-4026,,-1665,-3271.5009999999997,-4526.044,463.12099999999987,52.24,54.73,35.47,93.25,false,false,2.35,7.71,中期趨勢仍向下；外資持股5/10日下降，且外資5日賣超；20日趨勢尚未上彎
367,1503,士電,TWSE,電機機械,暫不承接,降低部位,trim,停止加碼；反彈未站回恢復區時分批減碼,每個交易日收盤後，確認是否站回恢復區,已有部位先停止加碼。反彈若仍未站回 204.67，分批降低部位；只有站回且ETF／外資賣壓收斂後才重新評估。,價格跌破60日EMA且20日趨勢向下；外資持股5/10日下降且外資5日賣超,54.3,50.2,46.8,85,100,完整,204,200,-0.38,9.54,14.79,38.12,135.8,5.04,27.48,2.69,2.51,8,74,58,88,119,139,0,-109.511,-1154.374,-184.68900000000002,1130.1319999999996,74,96,126,140.749,3,2,19152000,28.311000000000003,-111.56899999999999,30.56,-17,-623,-7,,-201.296,-1278.685,-199.11999999999995,1033.0300000000002,52.45,34.05,24.51,53.12,true,false,1.29,3.55,中期趨勢仍向下；外資持股5/10日下降，且外資5日賣超；20日趨勢尚未上彎；當下除權息調整價未守20日EMA
368,8454,富邦媒,TWSE,數位雲端,暫不承接,保護持有,protect,今天不新增部位；未完成確認前不機械式賣出,今天收盤後；若跌破，再看下一交易日是否收復,已有部位暫停加碼；若收盤跌破60日EMA約 252.57，且下一交易日仍未收復，先減碼三分之一；若ETF或外資繼續轉弱，再分批降低部位。,價格跌破60日EMA且20日趨勢向下,55.7,50.2,34.1,85,100,完整,249,248,7.8,3.38,2.94,70.81,68.67,4.81,23.97,7.95,4.02,6,9,6,8,9,28,0,40.523,366.326,387.23999999999995,-59.94200000000001,9.137,-37.20000000000001,-35.811000000000014,-21.792000000000016,2,2,-9262800,25.131,21.130999999999997,12.01,-64,394,754,,12.543,378.395,401.91999999999996,-29.90300000000005,50.65,79.04,66.96,103.2,false,false,0.93,1.63,中期趨勢仍向下；20日趨勢尚未上彎
369,9938,百和,TWSE,其他,暫不承接,降低部位,trim,停止加碼；反彈未站回恢復區時分批減碼,每個交易日收盤後，確認是否站回恢復區,已有部位先停止加碼。反彈若仍未站回 42.23，分批降低部位；只有站回且ETF／外資賣壓收斂後才重新評估。,價格跌破60日EMA且20日趨勢向下；外資持股5/10日下降且外資5日賣超,50,50,54,85,100,完整,41.05,37.8,-3.18,1.5,11.5,53.33,110.43,1.36,11.6,0.86,7.96,2,39,80,99,165,-428,0,-710.531,-249.13799999999992,-2380.022,-5369.538,38.794,98.69399999999999,165.06,-2537.907,4,0,3720764,-155.073,-485.52299999999997,7.39,-630,-221,-1568,,-750.299,-192.75900000000001,-2059.5589999999997,-2299.7189999999996,53.32,36.07,15.98,76.25,true,false,2.56,8.17,中期趨勢仍向下；外資持股5/10日下降，且外資5日賣超；20日趨勢尚未上彎；當下除權息調整價未守20日EMA
370,9941,裕融,TWSE,其他,暫不承接,保護持有,protect,今天不新增部位；未完成確認前不機械式賣出,今天收盤後；若跌破，再看下一交易日是否收復,已有部位暫停加碼；若收盤跌破60日EMA約 80.99，且下一交易日仍未收復，先減碼三分之一；若ETF或外資繼續轉弱，再分批降低部位。,價格跌破60日EMA且20日趨勢向下,47.9,49.9,45.9,85,100,可用,79.8,80.35,1.87,-1.3,14.77,85.93,98.25,3.86,11.38,1.33,5.74,8,-103,564,1013,676,1902,1005,-635.845,330.90200000000004,727.1600000000001,3658.946999999999,-102.183,1013.817,673.45,1363.14,3,1,80902597,-48.555,-2.7559999999999967,4.68,-302,-144,-200,,-604,-634.36,56.46600000000001,2027.0189999999998,41.62,21.99,31.03,3.9,false,true,-1.77,-2.21,累計營收負成長且當月改善不足；中期趨勢仍向下；外資持股尚未完成5／10日可比核對或期間有非市場異動；此項不給分，不解讀為轉弱；20日趨勢尚未上彎；當下除權息調整價未守20日EMA
371,3583,辛耘,TWSE,半導體業,暫不承接,降低部位,trim,停止加碼；反彈未站回恢復區時分批減碼,每個交易日收盤後，確認是否站回恢復區,已有部位先停止加碼。反彈若仍未站回 730.79，分批降低部位；只有站回且ETF／外資賣壓收斂後才重新評估。,價格跌破60日EMA且20日趨勢向下；ETF 5/10日同步減碼；投信5/10日持續且具金額意義地賣超,50.3,49.4,36.2,85,100,完整,754,714,18.06,8.12,14.84,64.8,115.15,9.16,43.07,5.78,0.82,4,0,-73,-170,-355,-368,-170,63.04,-205.33499999999998,-370.66599999999994,-1060.211,0,-192,-463,-967.99,0,3,-134784000,-35.655,-17.204000000000004,21.68,44,6,113,,49.268,22.320000000000007,109.53800000000004,-155.53799999999998,56.89,46.85,28.1,84.36,true,false,5.74,10.4,ETF短中期同步減碼；主動ETF 5日轉為減碼；投信5/10日持續且具金額意義的賣超；20日趨勢尚未上彎；強勢上漲後盤中急跌反轉
372,6104,創惟,TPEX,半導體業,暫不承接,保護持有,protect,今天不新增部位；未完成確認前不機械式賣出,今天收盤後；若跌破，再看下一交易日是否收復,已有部位暫停加碼；若收盤跌破60日EMA約 94.86，且下一交易日仍未收復，先減碼三分之一；若ETF或外資繼續轉弱，再分批降低部位。,價格跌破60日EMA且20日趨勢向下,42.8,49.3,54.5,85,100,可用,90.4,90.75,3.37,0.77,13.92,35.3,172.53,2.87,19.03,3.82,4.98,1,0,0,0,0,0,0,-146.889,-146.889,-146.889,-136.889,0,0,0,0,0,0,0,1.958,1.958,21.31,,,,,-148.847,-148.847,-148.847,-123.84700000000001,41.04,18.05,14.35,25.47,true,false,-2.62,0.44,中期趨勢仍向下；外資持股尚未完成5／10日可比核對或期間有非市場異動；此項不給分，不解讀為轉弱；20日趨勢尚未上彎；當下除權息調整價未守20日EMA
373,1216,統一,TWSE,食品工業,暫不承接,降低部位,trim,停止加碼；反彈未站回恢復區時分批減碼,每個交易日收盤後，確認是否站回恢復區,已有部位先停止加碼。反彈若仍未站回 75.71，分批降低部位；只有站回且ETF／外資賣壓收斂後才重新評估。,價格跌破60日EMA且20日趨勢向下；ETF 5/10日同步減碼,56.9,49,33.2,85,100,可用,75.6,75,3.79,4.05,5.86,72.24,86.59,2.56,18.12,3.13,4,30,-951,-1910,-1000,-1659,-8786,5,-344.216,-865.3900000000003,3072.1769999999997,58177.609,-960.975,-1056.203,-1161.81,-3923.457,3,2,-79215225,227.27200000000002,-25.283999999999963,34.24,1318,1632,6385,,306.57,-36.45900000000029,4259.271,63947.092,49.07,43.72,34.9,61.36,true,false,-0.01,1.34,中期趨勢仍向下；ETF短中期同步減碼；ETF 1/3日已轉為減碼；20日趨勢尚未上彎；當下除權息調整價未守20日EMA
374,3481,群創,TWSE,光電業,暫不承接,保護持有,protect,今天不新增部位；未完成確認前不機械式賣出,今天收盤後；若跌破，再看下一交易日是否收復,已有部位暫停加碼；若收盤跌破60日EMA約 49.04，且下一交易日仍未收復，先減碼三分之一；若ETF或外資繼續轉弱，再分批降低部位。,ETF 5/10日同步減碼；投信5/10日持續且具金額意義地賣超,52.6,48.6,42.4,85,100,可用,49,48.4,0.02,11.86,2.4,43.52,150.57,0.77,61.86,1.71,2.07,15,-1863,-1821,-1818,-2051,-2453,0,-26685.825,-12295.06,24500.538000000008,-21.702999999994063,-1832.293,-3031.3929999999996,-3401.446999999999,-3817.445999999999,2,3,-146264712,2912.3530000000005,4943.407,20.52,-16248,-3198,23005,,-22782.285,-12176.020000000002,22958.577999999994,5758.212999999996,51,37.34,35.63,40.76,true,false,0.99,2.83,ETF短中期同步減碼；ETF 1/3日已轉為減碼；投信5/10日持續且具金額意義的賣超；當下除權息調整價未守20日EMA
375,6533,晶心科,TWSE,半導體業,暫不承接,正常持有,strong,強勢續抱；不追高,今日收盤確認是否守住20日EMA,價格仍在20／60日EMA之上且短線強勢；法人未同步轉弱。若收盤跌破20日EMA約 250.14 且法人續弱，再轉為保護持有。,價格強勢站上20／60日EMA；法人未同步轉弱,64.9,48.5,37.6,85,100,完整,277,271,-25.73,40.4,-34.39,29.28,497.25,-4.62,,3.2,,1,0,10,10,-11,-16,0,860.08,927.7030000000001,501.15300000000013,-270.8499999999999,0,10,-11,-31,1,0,2705000,11.845999999999998,3.8809999999999985,11.87,874,1147,844,,875.035,905.857,508.27200000000005,-234.76499999999996,65.91,67.12,43.38,114.59,true,false,10.74,19.4,
376,2912,統一超,TWSE,貿易百貨,暫不承接,保護持有,protect,今天不新增部位；未完成確認前不機械式賣出,今天收盤後；若跌破，再看下一交易日是否收復,已有部位暫停加碼；若收盤跌破60日EMA約 222.10，且下一交易日仍未收復，先減碼三分之一；若ETF或外資繼續轉弱，再分批降低部位。,價格跌破60日EMA且20日趨勢向下,57.5,48.4,29.3,85,100,完整,216.5,216,4.82,5.46,4.22,83.11,76.89,6.03,19.5,5.49,4.16,20,124,697,685,673,-490,1,-402.483,463.605,670.021,1234.589,123.039,854.9670000000001,845.5380000000001,-87.8869999999999,5,0,185100356,95.81899999999999,74.66,14.55,-291,532,1313,,-582.961,-487.181,-250.17700000000002,1343.576,43.71,45.53,44.31,47.96,true,false,-0.53,0,中期趨勢仍向下；20日趨勢尚未上彎；當下除權息調整價未守20日EMA
377,6830,汎銓,TWSE,其他電子業,暫不承接,保護持有,protect,今天不新增部位；未完成確認前不機械式賣出,今天收盤後；若跌破，再看下一交易日是否收復,已有部位暫停加碼；若收盤跌破60日EMA約 505.06，且下一交易日仍未收復，先減碼三分之一；若ETF或外資繼續轉弱，再分批降低部位。,未觸發明確減碼訊號,62.2,48.2,24.7,85,100,完整,553,588,31.95,22.67,0.6,48.43,120.55,-0.25,2252,9.02,0.18,1,0,0,0,0,79,0,972.894,847.917,1000.633,1194.7900000000002,0,-8,-13,109,0,2,-4504000,21.936999999999998,8.111999999999995,6.92,997,1001,1079,,920.181,833.98,1005.5210000000001,1061.3280000000004,56.22,32.23,29.7,37.29,true,false,3.48,-0.08,
378,2646,星宇航空,TWSE,航運業,暫不承接,降低部位,trim,停止加碼；反彈未站回恢復區時分批減碼,每個交易日收盤後，確認是否站回恢復區,已有部位先停止加碼。反彈若仍未站回 20.81，分批降低部位；只有站回且ETF／外資賣壓收斂後才重新評估。,價格跌破60日EMA且20日趨勢向下；外資持股5/10日下降且外資5日賣超,55.8,47.7,21.4,85,100,完整,20.6,20.6,47.79,33.98,1.81,80.06,79.55,-0.11,,2.02,,2,3,11,11,11,11,0,-1032.199,-5483.351000000001,-11360.89,-23340.62,3,4,-1,-22.304000000000002,2,0,82400,138.958,121.106,3.08,-320,-918,-4995,,-1184.251,-5626.308999999999,-11480.996,-23298.094,49.35,38.63,20.07,75.76,true,false,0.28,2.49,中期趨勢仍向下；外資持股5/10日下降，且外資5日賣超；20日趨勢尚未上彎
379,2439,美律,TWSE,通信網路業,暫不承接,保護持有,protect,今天不新增部位；未完成確認前不機械式賣出,今天收盤後；若跌破，再看下一交易日是否收復,已有部位暫停加碼；若收盤跌破60日EMA約 81.30，且下一交易日仍未收復，先減碼三分之一；若ETF或外資繼續轉弱，再分批降低部位。,價格跌破60日EMA且20日趨勢向下,52.1,47.5,47.6,85,100,完整,78.2,81,-6.7,7.23,0.98,54.44,163.73,1.54,14.27,1.16,5.22,6,0,-1,29,-363,-324,0,155.157,1766.0549999999998,1609.7059999999997,-1129.2910000000002,0,28.788,-363.212,-334.35299999999995,1,1,2251222,-14.731000000000002,-4.1759999999999975,9.99,-8,1669,2862,,145.174,1751.9979999999998,1977.0939999999996,-697.5900000000004,47.15,60.91,60.92,60.88,false,true,-0.15,1.16,中期趨勢仍向下；20日趨勢尚未上彎；單季稅前獲利對營業外貢獻依賴偏高
380,6488,環球晶,TPEX,半導體業,暫不承接,保護持有,protect,今天不新增部位；未完成確認前不機械式賣出,今天收盤後；若跌破，再看下一交易日是否收復,已有部位暫停加碼；若收盤跌破60日EMA約 959.68，且下一交易日仍未收復，先減碼三分之一；若ETF或外資繼續轉弱，再分批降低部位。,未觸發明確減碼訊號,61.1,46.6,30.1,85,100,可用,952,968,7.61,-3.11,9.93,55.88,128.14,11.87,45.83,4.67,0.82,20,-75,35,26,-394,-274,144,462.332,462.332,462.332,3050.332,-108.483,-108.483,-108.483,-382.483,0,1,-102407952,168.732,168.732,27.2,,,,,402.083,402.083,402.083,3103.083,49.88,51.7,41.97,71.14,true,false,0.76,5.78,累計營收負成長且當月改善不足；中期趨勢仍向下；外資持股尚未完成5／10日可比核對或期間有非市場異動；此項不給分，不解讀為轉弱；20日趨勢尚未上彎；單季稅前獲利對營業外貢獻依賴偏高
381,1722,台肥,TWSE,化學工業,暫不承接,保護持有,protect,今天不新增部位；未完成確認前不機械式賣出,今天收盤後；若跌破，再看下一交易日是否收復,已有部位暫停加碼；若收盤跌破60日EMA約 45.17，且下一交易日仍未收復，先減碼三分之一；若ETF或外資繼續轉弱，再分批降低部位。,價格跌破60日EMA且20日趨勢向下,53.7,46.3,45.9,85,100,完整,44.85,42.6,-11.28,4.58,4.8,36.33,228.72,0.43,50.48,0.78,4.72,4,266,265,270,269,272,0,478.689,-2627.485,-8151.282000000001,-1421.4350000000015,266,129,124,110.037,1,3,5469600,87,-470.602,8,-320,707,-2034,,150.689,-2843.485,-7804.68,-1619.7000000000005,55.72,42.49,21.99,83.5,true,false,2.33,5.78,中期趨勢仍向下；20日趨勢尚未上彎；當下除權息調整價未守20日EMA
382,5309,系統電,TPEX,電子零組件業,暫不承接,保護持有,protect,今天不新增部位；未完成確認前不機械式賣出,今天收盤後；若跌破，再看下一交易日是否收復,已有部位暫停加碼；若收盤跌破60日EMA約 54.62，且下一交易日仍未收復，先減碼三分之一；若ETF或外資繼續轉弱，再分批降低部位。,價格跌破60日EMA且20日趨勢向下,50.9,45.8,47.4,85,100,可用,51.5,51.5,27.55,9.37,-5.41,32.97,447.01,0.06,302.94,2.24,0.97,1,0,-23,1,86,185,0,300.615,300.615,300.615,-104.38499999999999,0,0,0,99,0,0,0,15.353,15.353,11.11,,,,,285.262,285.262,285.262,-71.738,47.83,42.75,34.96,58.32,false,false,0.16,4.67,中期趨勢仍向下；外資持股尚未完成5／10日可比核對或期間有非市場異動；此項不給分，不解讀為轉弱；20日趨勢尚未上彎
383,1514,亞力,TWSE,電機機械,暫不承接,保護持有,protect,今天不新增部位；未完成確認前不機械式賣出,今天收盤後；若跌破，再看下一交易日是否收復,已有部位暫停加碼；若收盤跌破60日EMA約 104.82，且下一交易日仍未收復，先減碼三分之一；若ETF或外資繼續轉弱，再分批降低部位。,價格跌破60日EMA且20日趨勢向下,52.5,43.7,38,85,100,完整,101,102,-26.52,7.94,9.84,54.56,175.67,1.65,27.81,4.36,2.17,2,0,0,30,60,101,0,102.141,211.59799999999993,892.357,581.1919999999999,0,1.320999999999998,156.321,185.927,1,3,134081,-35.558,-49.086,12.76,119,505,1030,,91.141,245.835,785.1220000000001,464.37200000000007,47.02,26.4,20.52,38.16,true,false,-0.48,1,中期趨勢仍向下；20日趨勢尚未上彎
384,9910,豐泰,TWSE,運動休閒,暫不承接,保護持有,protect,今天不新增部位；未完成確認前不機械式賣出,今天收盤後；若跌破，再看下一交易日是否收復,已有部位暫停加碼；若收盤跌破60日EMA約 69.79，且下一交易日仍未收復，先減碼三分之一；若ETF或外資繼續轉弱，再分批降低部位。,價格跌破60日EMA且20日趨勢向下,51.4,43.6,36.8,85,100,完整,68.4,68.7,-2.79,-2.94,4.99,51.08,137.19,1.71,13.9,2.86,5.99,8,473,1579,1749,2191,2487,0,183.227,912.664,2440.701,6721.866,473,1748.8159999999998,2187.254,2709.493,5,0,119619014,48.809000000000005,102.91499999999999,5.74,-246,-442,434,,-343.814,-884.9609999999999,150.53200000000015,3879.594,48.11,20.25,19.8,21.14,true,false,-0.4,0.88,累計營收負成長且當月改善不足；中期趨勢仍向下；20日趨勢尚未上彎
385,2498,宏達電,TWSE,通信網路業,暫不承接,正常持有,strong,漲停先續抱；不追價,今日收盤確認是否守住20日EMA,價格仍在20／60日EMA之上且今日漲停；ETF偏弱先觀察，不因分歧減碼。若收盤跌破20日EMA約 40.60 且法人續弱，再轉為保護持有。,今日漲停／趨勢站穩；ETF偏弱，先觀察,52.8,43.2,43.5,85,93,可用,43.5,43.5,-7.71,-6.92,-89.63,32.56,220.19,-0.62,15.27,1.26,1.26,3,-344,-344,-344,-344,-374,0,-1413.76,-1762.925,-4001.9039999999995,-2375.4809999999998,-344,-344,-344,-353.485,0,1,-13605200,243.621,-248.51099999999997,8.73,-501,481,-918,,-1146.875,-1662.546,-3409.393,-2303.207,65.53,44.53,25.33,82.93,false,false,7.15,9.02,累計營收負成長且當月改善不足；ETF短中期同步減碼；ETF 1/3日已轉為減碼
386,6462,神盾,TPEX,半導體業,暫不承接,保護持有,protect,今天不新增部位；未完成確認前不機械式賣出,今天收盤後；若跌破，再看下一交易日是否收復,已有部位暫停加碼；若收盤跌破60日EMA約 102.55，且下一交易日仍未收復，先減碼三分之一；若ETF或外資繼續轉弱，再分批降低部位。,價格跌破60日EMA且20日趨勢向下,48.1,42.4,30,85,100,可用,102.5,97.1,11.1,61.61,-21.7,32.94,114.5,-3.05,,1.2,0,1,0,0,0,0,0,0,-17.067,-17.067,-17.067,180.933,0,0,0,0,0,0,0,-1.067,-1.067,12.83,,,,,-16,-16,-16,200,56.83,53.38,37.59,84.97,false,false,3.41,4.27,中期趨勢仍向下；外資持股尚未完成5／10日可比核對或期間有非市場異動；此項不給分，不解讀為轉弱；20日趨勢尚未上彎；當下除權息調整價未守20日EMA
387,6592,和潤企業,TWSE,其他,暫不承接,降低部位,trim,停止加碼；反彈未站回恢復區時分批減碼,每個交易日收盤後，確認是否站回恢復區,已有部位先停止加碼。反彈若仍未站回 60.57，分批降低部位；只有站回且ETF／外資賣壓收斂後才重新評估。,價格跌破60日EMA且20日趨勢向下；ETF 5/10日同步減碼；外資持股5/10日下降且外資5日賣超,32.7,41.7,45.2,85,100,完整,58.8,58.8,-4.05,-4.12,19.84,87.04,105.16,2.22,11.81,1.12,5.61,2,0,0,-30,-30,357,-30,-555.653,-734.801,-847.9670000000001,343.59599999999983,0,-30,-30,346.968,0,1,-1764000,53.647999999999996,42.044999999999995,22.93,-210,-253,-367,,-595.9,-758.449,-860.012,-68.72599999999991,34.86,7.66,13.13,-3.27,false,false,-2.08,-1.51,累計營收負成長且當月改善不足；中期趨勢仍向下；ETF短中期同步減碼；20日累積後5日轉為調節；主動ETF 5日轉為減碼；外資持股5/10日下降，且外資5日賣超；20日趨勢尚未上彎；當下除權息調整價未守20日EMA
388,4919,新唐,TWSE,半導體業,暫不承接,正常持有,strong,漲停先續抱；不追價,今日收盤確認是否守住20日EMA,價格仍在20／60日EMA之上且今日漲停；ETF偏弱先觀察，不因分歧減碼。若收盤跌破20日EMA約 119.62 且法人續弱，再轉為保護持有。,今日漲停／趨勢站穩；ETF偏弱，先觀察,54.8,39.2,21.4,85,100,完整,126.5,139,12.1,1.01,-2.79,46.5,189.95,-0.57,,3.42,,6,-391,-390,-393,-395,-404,0,-319.803,989.3220000000001,197.5450000000002,3471.4779999999996,-391,-311,-313,-656.198,2,1,-39341500,367.325,325.63500000000005,4.65,-85,1509,720,,-135.2,932.997,184.90999999999997,3961.9179999999997,55.81,69.43,48.22,111.84,true,false,5.75,11.95,ETF短中期同步減碼；ETF 1/3日已轉為減碼；短線過熱或乖離過大；單季稅前獲利對營業外貢獻依賴偏高
389,9921,巨大,TWSE,運動休閒,暫不承接,降低部位,trim,停止加碼；反彈未站回恢復區時分批減碼,每個交易日收盤後，確認是否站回恢復區,已有部位先停止加碼。反彈若仍未站回 94.93，分批降低部位；只有站回且ETF／外資賣壓收斂後才重新評估。,價格跌破60日EMA且20日趨勢向下；ETF 5/10日同步減碼；投信5/10日持續且具金額意義地賣超,45.2,38.5,35.3,85,100,完整,93.2,90.5,3.21,-6.11,2.77,48.95,184.22,1.11,58.58,1.03,2,1,-162,-162,-162,-162,-162,0,161.831,1434.3220000000001,-1745.2669999999998,10752.047000000002,-162,-171,-172,-53.724,0,3,-15526800,-16.099,-98.57100000000001,32.03,362,1963,-344,,313.009,1621.421,-1474.696,10885.748,46.53,39.91,32.27,55.2,false,false,-1.82,3.9,累計營收負成長且當月改善不足；ETF短中期同步減碼；ETF 1/3日已轉為減碼；投信5/10日持續且具金額意義的賣超；20日趨勢尚未上彎；當下除權息調整價未守20日EMA
390,2002,中鋼,TWSE,鋼鐵工業,暫不承接,降低部位,trim,停止加碼；反彈未站回恢復區時分批減碼,每個交易日收盤後，確認是否站回恢復區,已有部位先停止加碼。反彈若仍未站回 18.99，分批降低部位；只有站回且ETF／外資賣壓收斂後才重新評估。,價格跌破60日EMA且20日趨勢向下；ETF 5/10日同步減碼；外資持股5/10日下降且外資5日賣超,42.3,35.9,22.9,85,100,完整,18.8,18.75,12.97,3.81,1.81,51.15,126.1,-0.03,,0.95,0.8,8,15,-3814,-3549,-2439,-680,0,-921.653,-57392.878,-54778.35600000001,94208.34499999999,14.578,-3703.422,-3318.299,-1598.962,3,2,-69439162,1015.0379999999998,-455.48800000000006,14.76,-473,-37682,-32797,,-1699.231,-54704.494,-51004.56900000001,92664.53099999997,44.82,10.65,14.89,2.16,false,false,-0.65,0,中期趨勢仍向下；ETF短中期同步減碼；外資持股5/10日下降，且外資5日賣超；20日趨勢尚未上彎；當下除權息調整價未守20日EMA
391,2367,燿華,TWSE,電子零組件業,暫不承接,保護持有,protect,今天不新增部位；未完成確認前不機械式賣出,今天收盤後；若跌破，再看下一交易日是否收復,已有部位暫停加碼；若收盤跌破60日EMA約 45.78，且下一交易日仍未收復，先減碼三分之一；若ETF或外資繼續轉弱，再分批降低部位。,價格跌破60日EMA且20日趨勢向下,46.2,33,17.2,85,100,完整,41,40.75,26.13,-0.08,-6.5,56.05,95.69,-0.64,,2.34,0.49,2,0,0,0,0,3,0,160.763,274.168,866.0609999999999,5255.8809999999985,0,0,0,-4.187,0,0,0,-235.931,-451.394,8.88,402,1059,2073,,182.266,510.09900000000005,1317.455,5486.177000000001,43.91,25.78,18.97,39.4,true,false,-1.66,2.76,中期趨勢仍向下；20日趨勢尚未上彎；當下除權息調整價未守20日EMA
392,6949,沛爾生醫*-創,TWSE,生技醫療業,暫不承接,降低部位,trim,停止加碼；反彈未站回恢復區時分批減碼,每個交易日收盤後，確認是否站回恢復區,已有部位先停止加碼。反彈若仍未站回 633.23，分批降低部位；只有站回且ETF／外資賣壓收斂後才重新評估。,價格跌破60日EMA且20日趨勢向下；外資持股5/10日下降且外資5日賣超,31.5,30.4,37.2,85,100,完整,56,58.5,164.71,4.21,-1292.9,10.57,1007.25,-2.54,,27.81,,1,209,209,209,209,209,0,-358.026,-1410.916,-9788.090999999999,-9637.122,209,209,209,209,1,0,11390500,-482.389,-499.24700000000007,3.39,-513,-1138,-9498,,-513.269,-1137.5269999999998,-9497.844,-9301.121,22.21,36.84,22.45,65.6,false,false,-82.15,0.36,中期趨勢仍向下；外資持股5/10日下降，且外資5日賣超；20日趨勢尚未上彎；當下除權息調整價未守20日EMA；官方重大訊息出現高風險關鍵字，須查原文
393,6026,福邦證,TPEX,金融業,不建立部位,保護持有,protect,今天不新增部位；未完成確認前不機械式賣出,今天收盤後；若跌破，再看下一交易日是否收復,已有部位暫停加碼；若收盤跌破60日EMA約 15.09，且下一交易日仍未收復，先減碼三分之一；若ETF或外資繼續轉弱，再分批降低部位。,未觸發明確減碼訊號,69.1,81.3,79.9,85,100,可用,15.55,15.5,231.78,170.4,,63.75,137.88,1.08,5.62,0.97,8.8,2,55,108,133,229,234,0,-46.447,-46.447,-46.447,1456.5529999999999,55.094,55.094,55.094,71.094,1,0,853957,0,0,6.24,,,,,-101.541,-101.541,-101.541,1384.459,62.87,74.04,62.39,97.33,true,false,2.66,1.97,"單日成交金額低於5,000萬元；外資持股尚未完成5／10日可比核對或期間有非市場異動；此項不給分，不解讀為轉弱；ETF加碼金額或跨基金共識尚未同時成立"
394,4105,東洋,TPEX,生技醫療業,不建立部位,保護持有,protect,今天不新增部位；未完成確認前不機械式賣出,今天收盤後；若跌破，再看下一交易日是否收復,已有部位暫停加碼；若收盤跌破60日EMA約 77.13，且下一交易日仍未收復，先減碼三分之一；若ETF或外資繼續轉弱，再分批降低部位。,未觸發明確減碼訊號,66.5,74.2,74.2,85,100,可用,78.4,78.4,14.86,8.28,30.78,34.48,213.15,3.42,11.25,2.8,5.74,2,28,55,67,115,85,0,-69.717,-69.717,-69.717,-627.717,28.494,28.494,28.494,-1.5060000000000002,1,0,2233930,3,3,22.55,,,,,-101.211,-101.211,-101.211,-630.211,58.95,83.2,77.55,94.49,false,false,0.76,0.38,"單日成交金額低於5,000萬元；外資持股尚未完成5／10日可比核對或期間有非市場異動；此項不給分，不解讀為轉弱；ETF加碼金額或跨基金共識尚未同時成立"
395,9946,三發地產,TWSE,建材營造,不建立部位,保護持有,protect,今天不新增部位；未完成確認前不機械式賣出,今天收盤後；若跌破，再看下一交易日是否收復,已有部位暫停加碼；若收盤跌破60日EMA約 17.84，且下一交易日仍未收復，先減碼三分之一；若ETF或外資繼續轉弱，再分批降低部位。,價格跌破60日EMA且20日趨勢向下,52.2,73.6,86.8,85,100,完整,17,16.88,185.26,2974.14,45.27,58.38,224.99,2.84,3.58,0.75,8.26,2,0,0,0,-6,-12,0,-141,-261,-378.077,-114.642,0,0,-6,-19,0,0,0,92,99,3.01,-194,-177,57,,-231,-353,-471.077,-229.642,41.22,17.29,14.15,23.56,true,false,-1.76,0.59,"單日成交金額低於5,000萬元；中期趨勢仍向下；20日趨勢尚未上彎；當下除權息調整價未守20日EMA"
396,2527,宏璟,TWSE,建材營造,不建立部位,保護持有,protect,今天不新增部位；未完成確認前不機械式賣出,今天收盤後；若跌破，再看下一交易日是否收復,已有部位暫停加碼；若收盤跌破60日EMA約 43.01，且下一交易日仍未收復，先減碼三分之一；若ETF或外資繼續轉弱，再分批降低部位。,未觸發明確減碼訊號,67.7,73,69.3,85,100,完整,45.8,46.3,4.18,1088.12,22.9,25.51,148.94,3.99,8.05,0.33,3.28,1,0,0,0,0,0,0,576.865,421.258,46.17699999999999,-214.42199999999997,0,0,0,0,0,0,0,31.4,16.261,43.27,552,497,380,,544.045,389.85799999999995,29.91599999999997,-93.77000000000002,59.28,67.11,48.81,103.72,true,false,4.14,4.81,"單日成交金額低於5,000萬元"
397,2607,榮運,TWSE,航運業,不建立部位,保護持有,protect,今天不新增部位；未完成確認前不機械式賣出,今天收盤後；若跌破，再看下一交易日是否收復,已有部位暫停加碼；若收盤跌破60日EMA約 50.85，且下一交易日仍未收復，先減碼三分之一；若ETF或外資繼續轉弱，再分批降低部位。,未觸發明確減碼訊號,63.9,72.1,71.4,85,100,完整,53.3,53.35,49.39,12.76,11.94,34.11,198.54,2.68,10.64,0.91,5.07,1,0,0,0,0,0,0,8.305,266.409,442.5039999999999,1205.979,0,0,0,-9.541,0,0,0,53.137,39.224000000000004,8.37,-53,173,344,,-29.71,213.272,403.28,1159.01,63.38,61.92,58.16,69.43,true,false,1.2,0.57,"單日成交金額低於5,000萬元"
398,1419,新紡,TWSE,紡織纖維,不建立部位,保護持有,protect,今天不新增部位；未完成確認前不機械式賣出,今天收盤後；若跌破，再看下一交易日是否收復,已有部位暫停加碼；若收盤跌破60日EMA約 66.15，且下一交易日仍未收復，先減碼三分之一；若ETF或外資繼續轉弱，再分批降低部位。,外資持股5/10日下降且外資5日賣超,61.9,71.8,71.1,85,100,完整,67.9,66.3,5.94,24.56,9.09,17.87,178.88,11.2,4.78,0.87,2.71,1,0,0,0,0,-140,0,38,-96.24199999999999,-116.475,-190.305,0,-69,-77,-217,0,2,-4581600,16,6,1.37,26,-28,-29,,25,-43.242000000000004,-45.47500000000001,2.694999999999993,56.99,56.87,47.12,76.35,true,false,2.01,2.11,"單日成交金額低於5,000萬元；外資持股5/10日下降，且外資5日賣超；當下除權息調整價未守20日EMA；單季稅前獲利對營業外貢獻依賴偏高"
399,4736,泰博,TWSE,生技醫療業,不建立部位,保護持有,protect,今天不新增部位；未完成確認前不機械式賣出,今天收盤後；若跌破，再看下一交易日是否收復,已有部位暫停加碼；若收盤跌破60日EMA約 123.22，且下一交易日仍未收復，先減碼三分之一；若ETF或外資繼續轉弱，再分批降低部位。,未觸發明確減碼訊號,67.9,71.7,75.9,85,100,完整,133,132.75,42.69,3.28,19.54,21,319.04,16.6,4.88,1.14,3.81,2,0,0,0,17,19,0,67.165,331.307,453.64300000000003,653.1470000000002,50,79,146,236,4,0,10507000,19.147,-103.218,7.25,19,292,528,,16.165,233.16,410.861,524.365,68.27,88.16,81.47,101.54,false,false,3.74,3.5,"單日成交金額低於5,000萬元；單季稅前獲利對營業外貢獻依賴偏高"
400,5288,豐祥-KY,TWSE,電機機械,不建立部位,保護持有,protect,今天不新增部位；未完成確認前不機械式賣出,今天收盤後；若跌破，再看下一交易日是否收復,已有部位暫停加碼；若收盤跌破60日EMA約 184.95，且下一交易日仍未收復，先減碼三分之一；若ETF或外資繼續轉弱，再分批降低部位。,未觸發明確減碼訊號,62.5,70.6,71.9,85,100,可用,189,188,60.1,35.38,14.42,26.27,230.68,8.03,12.6,2.07,3.44,1,0,0,0,0,-128,0,2.762,102.29799999999999,85.571,147.52400000000003,0,0,10,-93,0,0,0,9.267,10.851999999999999,59.89,0,-117,14,,0.001,93.03100000000002,64.71900000000002,231.813,53.15,63.78,50.32,90.7,false,false,1.06,3.56,"單日成交金額低於5,000萬元；外資持股尚未完成5／10日可比核對或期間有非市場異動；此項不給分，不解讀為轉弱；20日趨勢尚未上彎"
401,2753,八方雲集,TWSE,觀光餐旅,不建立部位,保護持有,protect,今天不新增部位；未完成確認前不機械式賣出,今天收盤後；若跌破，再看下一交易日是否收復,已有部位暫停加碼；若收盤跌破60日EMA約 175.91，且下一交易日仍未收復，先減碼三分之一；若ETF或外資繼續轉弱，再分批降低部位。,外資持股5/10日下降且外資5日賣超,69,68.1,55.8,85,100,完整,180,179.75,9.29,7.92,12.11,50.44,168.25,7.01,12.83,3.18,6.67,3,6,12,16,26,14,0,-16.133,-92.03,-130.578,-52.49899999999997,5.857,15.448,25.366000000000003,13.759000000000004,4,0,2780640,7.502000000000001,2.3970000000000007,6.09,-9,-84,-135,,-24.98,-114.98,-158.341,-73.655,59.37,57.47,40.66,91.08,true,false,0.96,1.69,"單日成交金額低於5,000萬元；外資持股5/10日下降，且外資5日賣超；ETF加碼金額或跨基金共識尚未同時成立"
402,2832,台產,TWSE,金融保險業,不建立部位,保護持有,protect,今天不新增部位；未完成確認前不機械式賣出,今天收盤後；若跌破，再看下一交易日是否收復,已有部位暫停加碼；若收盤跌破60日EMA約 57.60，且下一交易日仍未收復，先減碼三分之一；若ETF或外資繼續轉弱，再分批降低部位。,未觸發明確減碼訊號,64.5,68,68.4,85,100,完整,59.2,58.75,11.73,6.47,,53.86,,3.33,9.77,1.23,5.96,1,15,29,36,61,57,0,-40.328,416.385,386.46500000000003,287.403,14.79,35.705999999999996,61.36899999999999,54.98599999999999,4,0,2095942,15.172,18.073000000000004,4.54,-64,366,312,,-63.916,365.50700000000006,307.023,204.07500000000005,56.06,74.28,59.69,103.45,false,false,1.41,4.59,"單日成交金額低於5,000萬元；20日趨勢尚未上彎；ETF加碼金額或跨基金共識尚未同時成立"
403,6763,綠界科技*,TPEX,數位雲端,不建立部位,保護持有,protect,今天不新增部位；未完成確認前不機械式賣出,今天收盤後；若跌破，再看下一交易日是否收復,已有部位暫停加碼；若收盤跌破60日EMA約 42.64，且下一交易日仍未收復，先減碼三分之一；若ETF或外資繼續轉弱，再分批降低部位。,價格跌破60日EMA且20日趨勢向下,58.2,68,61.4,85,100,可用,42.45,42,14.91,13.08,24.38,59.22,138.01,1.08,10.01,2.55,7.26,1,0,0,25,55,115,0,59.902,59.902,59.902,-42.098,0,0,0,45,0,0,0,-0.098,-0.098,2.58,,,,,60,60,60,-83,60.09,68,48.88,106.23,false,false,2.5,3.28,"單日成交金額低於5,000萬元；中期趨勢仍向下；外資持股尚未完成5／10日可比核對或期間有非市場異動；此項不給分，不解讀為轉弱；20日趨勢尚未上彎；ETF加碼金額或跨基金共識尚未同時成立"
404,2423,固緯,TWSE,其他電子業,不建立部位,保護持有,protect,今天不新增部位；未完成確認前不機械式賣出,今天收盤後；若跌破，再看下一交易日是否收復,已有部位暫停加碼；若收盤跌破60日EMA約 73.39，且下一交易日仍未收復，先減碼三分之一；若ETF或外資繼續轉弱，再分批降低部位。,未觸發明確減碼訊號,57.3,67.1,73.6,85,100,完整,73.8,73.95,28.15,23.65,24.89,30.95,250.79,2.49,17.49,3.58,3.39,1,0,0,0,0,0,0,32,43,59.595,-79.827,0,0,0,0,0,0,0,13,13,5.06,24,20,101,,24,30,46.595,-95.827,50.48,47.57,33.44,75.85,true,false,0.36,1.37,"單日成交金額低於5,000萬元；20日趨勢尚未上彎"
405,4441,振大環球,TWSE,紡織纖維,不建立部位,保護持有,protect,今天不新增部位；未完成確認前不機械式賣出,今天收盤後；若跌破，再看下一交易日是否收復,已有部位暫停加碼；若收盤跌破60日EMA約 181.95，且下一交易日仍未收復，先減碼三分之一；若ETF或外資繼續轉弱，再分批降低部位。,價格跌破60日EMA且20日趨勢向下,49.5,66.9,75.8,85,100,完整,172,171.75,20.56,14.76,17.62,30.51,243.38,9.08,9.53,1.71,6.28,1,0,0,0,0,0,0,15,48.08,54.35999999999999,23.681999999999988,0,0,0,30,0,0,0,1,0,0.91,13,45,53,,13,47.08,54.35999999999999,-50.619000000000014,40.28,36.61,39.62,30.6,false,false,-1.74,-0.29,"單日成交金額低於5,000萬元；中期趨勢仍向下；20日趨勢尚未上彎；當下除權息調整價未守20日EMA"
406,4766,南寶,TWSE,化學工業,不建立部位,保護持有,protect,今天不新增部位；未完成確認前不機械式賣出,今天收盤後；若跌破，再看下一交易日是否收復,已有部位暫停加碼；若收盤跌破60日EMA約 341.49，且下一交易日仍未收復，先減碼三分之一；若ETF或外資繼續轉弱，再分批降低部位。,ETF 5/10日同步減碼,61.7,66.9,59.1,85,100,完整,346,346,14.17,11.43,16.69,49.05,191.73,13.82,14.76,2.94,5.2,5,-13,-13,-13,-13,-13,0,65.559,141.016,128.35399999999998,465.489,-13,-25,-25,-70.43299999999999,0,3,-8650000,-10.962,-26.784,15.83,79,166,173,,79.559,176.97799999999998,180.13799999999998,549.934,56.32,69.69,46,117.06,false,false,1.46,3.75,"單日成交金額低於5,000萬元；ETF短中期同步減碼；ETF 1/3日已轉為減碼；20日趨勢尚未上彎"
407,3577,泓格,TPEX,電腦及週邊設備業,不建立部位,保護持有,protect,今天不新增部位；未完成確認前不機械式賣出,今天收盤後；若跌破，再看下一交易日是否收復,已有部位暫停加碼；若收盤跌破60日EMA約 119.09，且下一交易日仍未收復，先減碼三分之一；若ETF或外資繼續轉弱，再分批降低部位。,未觸發明確減碼訊號,59.5,66.7,69.4,85,100,可用,119,120,34.05,39.27,30.26,27.72,225.16,3.28,27.36,5.16,1.68,1,0,0,0,0,0,0,3.812,3.812,3.812,-285.188,0,0,0,0,0,0,0,-5.857,-5.857,3.6,,,,,9.669,9.669,9.669,-354.331,53.62,84.11,69.39,113.54,false,false,3.1,6.73,"單日成交金額低於5,000萬元；中期趨勢仍向下；外資持股尚未完成5／10日可比核對或期間有非市場異動；此項不給分，不解讀為轉弱；20日趨勢尚未上彎"
408,8499,鼎炫-KY,TWSE,其他電子業,不建立部位,保護持有,protect,今天不新增部位；未完成確認前不機械式賣出,今天收盤後；若跌破，再看下一交易日是否收復,已有部位暫停加碼；若收盤跌破60日EMA約 265.79，且下一交易日仍未收復，先減碼三分之一；若ETF或外資繼續轉弱，再分批降低部位。,價格跌破60日EMA且20日趨勢向下,52.2,66.2,76.9,85,100,完整,255.5,255.25,91.24,93.23,14.34,24.81,345.43,3.91,24.04,1.26,3.13,1,0,0,0,0,0,0,22.258,45.257999999999996,69.144,115.893,0,0,0,0,0,0,0,3.041,3.285,72.2,21,25,48,,21,42.217,65.85900000000001,113.85900000000001,46.55,23.86,15.69,40.19,true,false,-0.52,1.59,"單日成交金額低於5,000萬元；中期趨勢仍向下；20日趨勢尚未上彎；當下除權息調整價未守20日EMA"
409,1612,宏泰,TWSE,電器電纜,不建立部位,保護持有,protect,今天不新增部位；未完成確認前不機械式賣出,今天收盤後；若跌破，再看下一交易日是否收復,已有部位暫停加碼；若收盤跌破60日EMA約 34.40，且下一交易日仍未收復，先減碼三分之一；若ETF或外資繼續轉弱，再分批降低部位。,ETF 5/10日同步減碼,59,65.9,75.4,85,100,完整,35.05,35.05,19.6,2.06,12.77,17.8,334.32,2.62,8.99,1.18,7.13,2,-4,-4,-4,-13,-50,0,29.45,127.66500000000002,965.662,2088.06,-4.559,-4.559,-13.68,-42.68,0,1,-159793,48.913,47.121,15.77,61,-100,557,,39,83.311,932.221,2051.41,58.63,55.14,43.51,78.41,true,false,1.04,1.01,"單日成交金額低於5,000萬元；ETF短中期同步減碼；ETF 1/3日已轉為減碼"
410,7780,大研生醫*,TWSE,食品工業,不建立部位,降低部位,trim,停止加碼；反彈未站回恢復區時分批減碼,每個交易日收盤後，確認是否站回恢復區,已有部位先停止加碼。反彈若仍未站回 17.04，分批降低部位；只有站回且ETF／外資賣壓收斂後才重新評估。,價格跌破60日EMA且20日趨勢向下；ETF 5/10日同步減碼,51.4,65.9,74.1,85,100,完整,16.6,16.65,38.14,36.33,17.32,21.13,474.92,0.29,30.94,2.71,8.78,1,0,0,-60,-60,645,-60,360.571,-3.6730000000000587,-187.72100000000006,-332.975,0,-60,-60,645,0,1,-984000,-15.673000000000002,-38.606,0.74,407,354,233,,366,72,-89.115,-922.315,49.4,55.22,34.42,96.82,false,false,0.37,3.11,"單日成交金額低於5,000萬元；中期趨勢仍向下；ETF短中期同步減碼；主動ETF 5日轉為減碼；20日趨勢尚未上彎"
411,4953,緯致,TPEX,資訊服務業,不建立部位,保護持有,protect,今天不新增部位；未完成確認前不機械式賣出,今天收盤後；若跌破，再看下一交易日是否收復,已有部位暫停加碼；若收盤跌破60日EMA約 122.78，且下一交易日仍未收復，先減碼三分之一；若ETF或外資繼續轉弱，再分批降低部位。,未觸發明確減碼訊號,64,65.4,64.4,85,100,可用,123,123.25,26.64,30.66,6.01,39.51,231.31,4.88,12.36,2.14,4.18,2,0,-1,11,24,47,0,54.399,54.399,54.399,-32.601,0,0,0,21,0,0,0,0.318,0.318,13.53,,,,,54.081,54.081,54.081,-45.919,54.35,56.49,44.49,80.49,false,false,1.48,2.07,"單日成交金額低於5,000萬元；外資持股尚未完成5／10日可比核對或期間有非市場異動；此項不給分，不解讀為轉弱；20日趨勢尚未上彎"
412,2108,南帝,TWSE,橡膠工業,不建立部位,降低部位,trim,停止加碼；反彈未站回恢復區時分批減碼,每個交易日收盤後，確認是否站回恢復區,已有部位先停止加碼。反彈若仍未站回 29.03，分批降低部位；只有站回且ETF／外資賣壓收斂後才重新評估。,價格跌破60日EMA且20日趨勢向下；外資持股5/10日下降且外資5日賣超,51.9,64.8,77.1,85,100,完整,28.6,28.55,41.83,26.69,16.6,12.36,812.87,1.28,16.07,0.95,3.5,1,0,0,0,0,0,0,-79.159,36.061000000000035,-616.5989999999999,4237.8150000000005,0,0,0,0,0,0,0,63.683,-1.6829999999999998,6.6,-108,-8,-492,,-112.973,-27.622000000000014,-614.9159999999999,4151.5199999999995,45.79,45.92,34.13,69.51,false,false,-1.49,2.51,"單日成交金額低於5,000萬元；中期趨勢仍向下；外資持股5/10日下降，且外資5日賣超；20日趨勢尚未上彎；當下除權息調整價未守20日EMA"
413,2414,精技,TWSE,電子通路業,不建立部位,保護持有,protect,今天不新增部位；未完成確認前不機械式賣出,今天收盤後；若跌破，再看下一交易日是否收復,已有部位暫停加碼；若收盤跌破60日EMA約 53.88，且下一交易日仍未收復，先減碼三分之一；若ETF或外資繼續轉弱，再分批降低部位。,未觸發明確減碼訊號,55.9,64.7,50.2,85,100,完整,53.3,53.3,79.52,47.82,2.85,76.08,120,2.53,12.97,2.73,5.63,1,0,0,0,-4,-8,0,46.965,30.473,91.364,-917.261,0,0,-4,-14,0,0,0,17,19,4.33,48,9,139,,46.965,13.472999999999999,76.364,-909.261,51.44,70.33,60.23,90.53,true,false,0.88,1.14,"單日成交金額低於5,000萬元"
414,1904,正隆,TWSE,造紙工業,不建立部位,保護持有,protect,今天不新增部位；未完成確認前不機械式賣出,今天收盤後；若跌破，再看下一交易日是否收復,已有部位暫停加碼；若收盤跌破60日EMA約 23.60，且下一交易日仍未收復，先減碼三分之一；若ETF或外資繼續轉弱，再分批降低部位。,未觸發明確減碼訊號,59.7,64.6,49.1,85,100,完整,25.1,24.73,23.12,9.49,6.98,58.93,121.21,1.45,11.41,0.9,1.82,1,0,0,0,0,0,0,-136.938,56.81400000000006,235.72500000000002,12101.644000000002,0,-267,-301,-305.312,0,2,-6608250,53,-295.086,12.14,-164,261,905,,-208.938,270.8140000000001,831.811,12481.32,56.2,53.51,46.34,67.85,true,false,1.55,1.21,"單日成交金額低於5,000萬元；20日趨勢尚未上彎"
415,3028,增你強,TWSE,電子通路業,不建立部位,保護持有,protect,今天不新增部位；未完成確認前不機械式賣出,今天收盤後；若跌破，再看下一交易日是否收復,已有部位暫停加碼；若收盤跌破60日EMA約 66.44，且下一交易日仍未收復，先減碼三分之一；若ETF或外資繼續轉弱，再分批降低部位。,價格跌破60日EMA且20日趨勢向下,54.6,64.6,55.4,85,93,可用,61.8,63,87.95,95.6,4.64,81.04,119.22,5.24,8.61,2.02,4.85,2,0,-1,10,25,41,0,-19.005,-305.15000000000003,-1118.278,-2308.86,0,7.988,23.387999999999998,15.059999999999999,2,1,493658,41.318000000000005,31.96900000000001,9.62,180,245,-203,,-24,-354.456,-1173.635,-2217.8539999999994,40.36,33.49,20.82,58.83,true,false,-2.03,0.98,"單日成交金額低於5,000萬元；中期趨勢仍向下；20日趨勢尚未上彎；當下除權息調整價未守20日EMA"
416,3088,艾訊,TPEX,電腦及週邊設備業,不建立部位,保護持有,protect,今天不新增部位；未完成確認前不機械式賣出,今天收盤後；若跌破，再看下一交易日是否收復,已有部位暫停加碼；若收盤跌破60日EMA約 127.99，且下一交易日仍未收復，先減碼三分之一；若ETF或外資繼續轉弱，再分批降低部位。,價格跌破60日EMA且20日趨勢向下,51.3,64.5,72.1,85,100,可用,125,127.5,78.53,49.5,12.29,33.69,239.98,4.28,15.85,2.53,2.32,1,0,0,0,0,0,0,-81.446,-81.446,-81.446,231.55399999999997,0,0,0,0,0,0,0,1.62,1.62,18.15,,,,,-83.066,-83.066,-83.066,230.93399999999997,48.08,55.25,51.05,63.65,true,false,-0.3,0.81,"單日成交金額低於5,000萬元；中期趨勢仍向下；外資持股尚未完成5／10日可比核對或期間有非市場異動；此項不給分，不解讀為轉弱；20日趨勢尚未上彎"
417,4532,瑞智,TWSE,電機機械,不建立部位,保護持有,protect,今天不新增部位；未完成確認前不機械式賣出,今天收盤後；若跌破，再看下一交易日是否收復,已有部位暫停加碼；若收盤跌破60日EMA約 24.25，且下一交易日仍未收復，先減碼三分之一；若ETF或外資繼續轉弱，再分批降低部位。,未觸發明確減碼訊號,68.5,64.5,49.5,85,100,完整,24.65,25,21.41,4.72,5.71,63.36,131.61,1.01,13.04,1.13,6.09,2,32,68,86,138,84,0,-239.006,528.4620000000001,546.8200000000002,-1304.3129999999999,31.43,85.154,137.946,98.41799999999999,4,0,2099046,40.833,40.434,18.2,-204,470,851,,-272.436,402.4749999999999,368.44,-1446.46,60.22,56.66,44.25,81.48,false,false,2.7,5.34,"單日成交金額低於5,000萬元"
418,8358,金居,TPEX,電子零組件業,不建立部位,優先降低風險,risk,依風險與流動性分批降低部位,風險解除且基本面與趨勢重新確認後,已有部位應優先降低曝險；目前觸發「處置或交易限制事件」。待事件解除或基本面重新確認後再評估。,處置或交易限制事件,64.2,64.5,60.5,85,96.8,可用,494,499.5,59.71,46.82,24.99,24.79,184.41,4.22,74.44,13.56,0.4,12,1,18,41,-168,-325,13,1886.149,1886.149,1886.149,-1668.851,-14.9,-14.9,-14.9,-172.89999999999998,0,1,-7442550,438.135,438.135,26.39,,,,,1462.914,1462.914,1462.914,-247.08600000000024,52.46,31.48,38.54,17.35,false,false,1.31,-4.63,處置或交易限制風險；外資持股尚未完成5／10日可比核對或期間有非市場異動；此項不給分，不解讀為轉弱
419,2031,新光鋼,TWSE,鋼鐵工業,不建立部位,保護持有,protect,今天不新增部位；未完成確認前不機械式賣出,今天收盤後；若跌破，再看下一交易日是否收復,已有部位暫停加碼；若收盤跌破60日EMA約 43.04，且下一交易日仍未收復，先減碼三分之一；若ETF或外資繼續轉弱，再分批降低部位。,ETF 5/10日同步減碼,59.5,64.4,55.1,85,100,完整,45,45,18.59,3.91,9.27,59.27,154.73,5.23,6.97,1.21,5.56,2,-4,-4,-4,-11,-42,0,426.575,289.346,271.087,6435.2699999999995,-3.896,-3.896,-11.69,-33.69,0,1,-175320,-28.544,-60.39900000000001,10.3,412,276,309,,418.656,321.78600000000006,343.1760000000001,6367.815999999999,56.29,66.4,41.89,115.43,true,false,1.29,3.33,"單日成交金額低於5,000萬元；ETF短中期同步減碼；ETF 1/3日已轉為減碼；20日趨勢尚未上彎；單季稅前獲利對營業外貢獻依賴偏高"
420,2362,藍天,TWSE,電腦及週邊設備業,不建立部位,保護持有,protect,今天不新增部位；未完成確認前不機械式賣出,今天收盤後；若跌破，再看下一交易日是否收復,已有部位暫停加碼；若收盤跌破60日EMA約 46.29，且下一交易日仍未收復，先減碼三分之一；若ETF或外資繼續轉弱，再分批降低部位。,未觸發明確減碼訊號,60.2,64.4,56.1,85,100,完整,48.2,47.8,12.1,13.15,5.93,57.37,114.49,4.05,7.95,0.6,4.14,2,0,0,0,0,2,0,262.163,274.174,-715.7750000000001,5173.679999999999,0,0,0,1.681,0,0,0,29.917,25.363,10.74,321,276,-724,,244.15,244.257,-741.138,5175.616,53.92,60.25,39.33,102.09,true,false,1.31,3.32,"單日成交金額低於5,000萬元；20日趨勢尚未上彎；單季稅前獲利對營業外貢獻依賴偏高"
421,2397,友通,TWSE,電腦及週邊設備業,不建立部位,保護持有,protect,今天不新增部位；未完成確認前不機械式賣出,今天收盤後；若跌破，再看下一交易日是否收復,已有部位暫停加碼；若收盤跌破60日EMA約 60.93，且下一交易日仍未收復，先減碼三分之一；若ETF或外資繼續轉弱，再分批降低部位。,外資持股5/10日下降且外資5日賣超,58,64,52.1,85,100,完整,61.4,61.25,48.01,31.4,6.75,61.22,141.25,2.05,22.49,2.08,3.99,1,0,0,0,0,0,0,3.999,-85.951,-291.86,632.9730000000001,0,0,0,0,0,0,0,-50,-45,14.59,20,-35,-246,,10.999,-35.951,-246.86,659.408,51.39,59.85,36.16,107.24,true,false,0.65,2.85,"單日成交金額低於5,000萬元；外資持股5/10日下降，且外資5日賣超；20日趨勢尚未上彎"
422,2420,新巨,TWSE,電子零組件業,不建立部位,保護持有,protect,今天不新增部位；未完成確認前不機械式賣出,今天收盤後；若跌破，再看下一交易日是否收復,已有部位暫停加碼；若收盤跌破60日EMA約 55.99，且下一交易日仍未收復，先減碼三分之一；若ETF或外資繼續轉弱，再分批降低部位。,價格跌破60日EMA且20日趨勢向下,49.2,63.6,77.9,85,100,完整,53.9,53.7,33.83,7.17,32.49,35.51,227.62,2.3,11.95,2.09,5.62,1,0,0,0,0,0,0,-30.085,52.41,58.90899999999999,763.4499999999999,0,0,0,8,0,0,0,20.793,-58.025,7.97,-33,53,171,,-38.886,31.616999999999997,116.93399999999998,793.8,43.61,35.87,32.42,42.76,true,false,-0.87,-0.19,"單日成交金額低於5,000萬元；中期趨勢仍向下；20日趨勢尚未上彎；當下除權息調整價未守20日EMA"
423,2305,全友,TWSE,電腦及週邊設備業,不建立部位,優先降低風險,risk,依風險與流動性分批降低部位,風險解除且基本面與趨勢重新確認後,已有部位應優先降低曝險；目前觸發「KD高檔死亡交叉（僅屬時機警示）」。待事件解除或基本面重新確認後再評估。,價格強勢站上20／60日EMA；法人未同步轉弱,52.9,63.5,68.1,85,100,完整,58.7,58.7,239.99,113.21,17.3,24.45,372.4,0.51,71.59,4.88,,1,0,0,0,-4,-8,0,2478.48,8170.570000000001,10245.347,3436.0780000000004,0,0,-4,-15,0,0,0,98.38799999999999,515.304,7.13,2386,8059,10128,,2428.48,8072.182,9734.042999999998,2836.0719999999988,87.88,91.72,92.55,90.07,false,true,41.31,30.01,處置或交易限制風險；短線過熱或乖離過大；KD高檔死亡交叉，等待動能確認；高波動且5日漲幅過大
424,2849,安泰銀,TWSE,金融保險業,不建立部位,保護持有,protect,今天不新增部位；未完成確認前不機械式賣出,今天收盤後；若跌破，再看下一交易日是否收復,已有部位暫停加碼；若收盤跌破60日EMA約 14.90，且下一交易日仍未收復，先減碼三分之一；若ETF或外資繼續轉弱，再分批降低部位。,KD高檔死亡交叉（僅屬時機警示）,57.8,63.2,60.9,85,100,完整,15.9,16.13,18.9,19.5,,91.11,,0.54,16.75,0.88,3.14,1,0,0,0,0,0,0,272.111,268.131,529.983,696.752,0,0,0,3.769,0,0,0,95,106,59.04,181,179,434,,179.111,173.13099999999997,423.98299999999995,593.983,59.29,78.63,81.64,72.62,false,true,2.85,-0.63,"單日成交金額低於5,000萬元；KD高檔死亡交叉，等待動能確認"
425,3169,亞信,TPEX,半導體業,不建立部位,保護持有,protect,今天不新增部位；未完成確認前不機械式賣出,今天收盤後；若跌破，再看下一交易日是否收復,已有部位暫停加碼；若收盤跌破60日EMA約 103.08，且下一交易日仍未收復，先減碼三分之一；若ETF或外資繼續轉弱，再分批降低部位。,未觸發明確減碼訊號,59.8,63.2,69.5,85,100,可用,103.5,103.5,9.62,5.36,26.67,19.13,496.46,1.96,27.17,3.7,3.09,1,0,0,0,0,0,0,25.582,25.582,25.582,-498.418,0,0,0,0,0,0,0,-0.479,-0.479,5.02,,,,,26.061,26.061,26.061,-503.93899999999996,52.89,46.98,27.15,86.65,true,false,1.14,3.5,"單日成交金額低於5,000萬元；外資持股尚未完成5／10日可比核對或期間有非市場異動；此項不給分，不解讀為轉弱"
426,1307,三芳,TWSE,塑膠工業,不建立部位,降低部位,trim,停止加碼；反彈未站回恢復區時分批減碼,每個交易日收盤後，確認是否站回恢復區,已有部位先停止加碼。反彈若仍未站回 31.40，分批降低部位；只有站回且ETF／外資賣壓收斂後才重新評估。,價格跌破60日EMA且20日趨勢向下；ETF 5/10日同步減碼；外資持股5/10日下降且外資5日賣超,49.8,63,65.9,85,100,完整,31.5,30.45,10.83,6.38,12.33,46.72,186.74,1.46,9.12,1.22,7.2,1,-5,-5,-5,-15,-54,0,-88.187,-369.544,-331.953,-1686.233,-4.998,-4.998,-14.998000000000001,-42.998000000000005,0,1,-152689,-22.803,-80.86599999999999,6.99,-66,-303,-317,,-80.564,-341.743,-236.08899999999997,-1521.694,60.29,62.43,46.2,94.89,true,false,2.6,3.96,"單日成交金額低於5,000萬元；ETF短中期同步減碼；ETF 1/3日已轉為減碼；外資持股5/10日下降，且外資5日賣超；20日趨勢尚未上彎；當下除權息調整價未守20日EMA"
427,5287,數字,TPEX,數位雲端,不建立部位,保護持有,protect,今天不新增部位；未完成確認前不機械式賣出,今天收盤後；若跌破，再看下一交易日是否收復,已有部位暫停加碼；若收盤跌破60日EMA約 137.34，且下一交易日仍未收復，先減碼三分之一；若ETF或外資繼續轉弱，再分批降低部位。,未觸發明確減碼訊號,59.5,62.2,67.3,85,100,可用,139,138.75,2.31,-1.31,38.3,39.46,155.27,7.68,9.1,3.02,8.02,1,4,8,10,17,17,0,-15.792,-15.792,-15.792,-173.792,4.208,4.208,4.208,3.208,1,0,584912,0,0,16.17,,,,,-20,-20,-20,-178,60.91,70.79,52.87,106.62,false,false,1.67,3.35,"單日成交金額低於5,000萬元；累計營收負成長且當月改善不足；外資持股尚未完成5／10日可比核對或期間有非市場異動；此項不給分，不解讀為轉弱；20日趨勢尚未上彎"
428,4536,拓凱,TWSE,運動休閒,不建立部位,保護持有,protect,今天不新增部位；未完成確認前不機械式賣出,今天收盤後；若跌破，再看下一交易日是否收復,已有部位暫停加碼；若收盤跌破60日EMA約 165.30，且下一交易日仍未收復，先減碼三分之一；若ETF或外資繼續轉弱，再分批降低部位。,未觸發明確減碼訊號,59.9,61.7,63.3,85,100,完整,166,166,7.74,2.9,16.23,34.22,265.4,6.55,12.53,1.6,4.82,2,0,0,0,0,0,0,78,147.199,92.43400000000003,549.211,0,0,0,-40,0,0,0,0,-8.273,14.78,83,139,126,,79,147.199,100.70700000000002,587.105,51.83,79.85,59.18,121.17,false,false,0.61,3.43,"單日成交金額低於5,000萬元；20日趨勢尚未上彎"
429,3679,新至陞,TWSE,電子零組件業,不建立部位,降低部位,trim,停止加碼；反彈未站回恢復區時分批減碼,每個交易日收盤後，確認是否站回恢復區,已有部位先停止加碼。反彈若仍未站回 109.91，分批降低部位；只有站回且ETF／外資賣壓收斂後才重新評估。,價格跌破60日EMA且20日趨勢向下；外資持股5/10日下降且外資5日賣超,54.5,61.6,69.2,85,100,完整,108.5,109,28.18,-2.82,17.76,48.94,241.4,4.18,9.18,1.41,8.29,1,3,6,8,13,14,0,5.208,3.7439999999999998,28.866,33.34,3.208,7.744,13.309,14.013,4,0,840224,4,4,8.58,-2,-45,-36,,-2,-8,11.557,16.327000000000005,50.8,70.2,63.2,84.2,false,false,0.35,0.46,"單日成交金額低於5,000萬元；中期趨勢仍向下；外資持股5/10日下降，且外資5日賣超；20日趨勢尚未上彎"
430,6115,鎰勝,TWSE,電子零組件業,不建立部位,保護持有,protect,今天不新增部位；未完成確認前不機械式賣出,今天收盤後；若跌破，再看下一交易日是否收復,已有部位暫停加碼；若收盤跌破60日EMA約 45.19，且下一交易日仍未收復，先減碼三分之一；若ETF或外資繼續轉弱，再分批降低部位。,未觸發明確減碼訊號,57,61.5,63.5,85,100,完整,45.4,45.9,10.76,11.67,9.05,40.04,214.74,1.48,13.27,1.66,6.17,1,0,0,0,0,0,0,17,57,131.10500000000002,272.105,0,0,0,0,0,0,0,0,-2,5.22,27,8,38,,26,57,133.105,242.105,65.38,65.86,43.92,109.74,true,false,2.29,3.53,"單日成交金額低於5,000萬元；20日趨勢尚未上彎"
431,8462,柏文,TWSE,運動休閒,不建立部位,保護持有,protect,今天不新增部位；未完成確認前不機械式賣出,今天收盤後；若跌破，再看下一交易日是否收復,已有部位暫停加碼；若收盤跌破60日EMA約 162.48，且下一交易日仍未收復，先減碼三分之一；若ETF或外資繼續轉弱，再分批降低部位。,外資持股5/10日下降且外資5日賣超,53.2,61.4,45.9,85,100,完整,162,163.25,16.75,19.49,17.59,81.24,78.24,5.68,15.52,5.41,4.49,1,0,0,0,0,0,0,0,-76.711,-208.38199999999998,-118.33599999999996,0,0,0,-1,0,0,0,4.611,4.763999999999999,5.49,-3,-87,-219,,-3,-81.322,-213.14600000000002,-124.10000000000002,43.86,33.06,26.06,47.06,true,false,-1.64,0,"單日成交金額低於5,000萬元；中期趨勢仍向下；外資持股5/10日下降，且外資5日賣超；20日趨勢尚未上彎；當下除權息調整價未守20日EMA"
432,9942,茂順,TWSE,其他,不建立部位,降低部位,trim,停止加碼；反彈未站回恢復區時分批減碼,每個交易日收盤後，確認是否站回恢復區,已有部位先停止加碼。反彈若仍未站回 116.02，分批降低部位；只有站回且ETF／外資賣壓收斂後才重新評估。,價格跌破60日EMA且20日趨勢向下；外資持股5/10日下降且外資5日賣超,50.1,61.4,70.1,85,100,完整,115,114.5,13.63,14.53,24.72,35.21,198.05,4.76,12.6,2.29,6.09,1,0,0,0,0,0,0,-10.87,-38.912,-43.085,-81.91699999999999,0,0,0,-1,0,0,0,10,9,4.61,-13,-58,-61,,-12.87,-48.912,-52.085,-80.91699999999999,51.45,74.49,52.05,119.37,false,false,0.42,1.32,"單日成交金額低於5,000萬元；中期趨勢仍向下；外資持股5/10日下降，且外資5日賣超；20日趨勢尚未上彎；當下除權息調整價未守20日EMA"
433,5269,祥碩,TWSE,半導體業,不建立部位,優先降低風險,risk,依風險與流動性分批降低部位,風險解除且基本面與趨勢重新確認後,已有部位應優先降低曝險；目前觸發「單月與累計營收同步明顯衰退」。待事件解除或基本面重新確認後再評估。,單月與累計營收同步明顯衰退,71.6,61.2,60.8,85,100,可用,1480,1505,-32.51,-6.92,23.41,17.16,178.89,52.07,15.94,3.09,3.04,17,-1,2,57,137,234,0,339.472,1324.1239999999998,990.9299999999997,1580.6539999999998,-1.378,57.587,137.587,117.35,3,2,86092565,66.55799999999999,25.109,10.4,256,1152,888,,318.996,1199.979,828.2339999999999,1462.662,57.44,77.94,61.1,111.61,false,false,3.59,8.42,營收動能同步衰退；累計營收負成長且當月改善不足；單季稅前獲利對營業外貢獻依賴偏高
434,2547,日勝生,TWSE,建材營造,不建立部位,降低部位,trim,停止加碼；反彈未站回恢復區時分批減碼,每個交易日收盤後，確認是否站回恢復區,已有部位先停止加碼。反彈若仍未站回 10.24，分批降低部位；只有站回且ETF／外資賣壓收斂後才重新評估。,價格跌破60日EMA且20日趨勢向下；外資持股5/10日下降且外資5日賣超,58.2,61.1,44.9,85,100,完整,10.1,10.05,81.23,63.45,17.73,77.43,77.87,0.01,84.17,0.78,7.92,1,85,166,205,352,305,0,1051.912,-103.08299999999997,-1079.165,-976.5970000000001,84.75,204.6,351.65099999999995,296.6809999999999,4,0,2066460,56.955,15.048,13.75,1001,-114,-892,,949,-364.6379999999999,-1445.8639999999998,-1447.4959999999996,52.87,68.42,43.92,117.42,true,false,1.15,3.59,"單日成交金額低於5,000萬元；中期趨勢仍向下；外資持股5/10日下降，且外資5日賣超；20日趨勢尚未上彎"
435,6438,迅得,TWSE,其他電子業,不建立部位,保護持有,protect,今天不新增部位；未完成確認前不機械式賣出,今天收盤後；若跌破，再看下一交易日是否收復,已有部位暫停加碼；若收盤跌破60日EMA約 150.13，且下一交易日仍未收復，先減碼三分之一；若ETF或外資繼續轉弱，再分批降低部位。,外資持股5/10日下降且外資5日賣超,58.4,60.6,56.8,85,100,完整,158.5,149.75,15.54,11.5,11.24,42.36,182.26,3.79,25.74,1.92,3.37,1,0,0,0,0,0,0,77.926,-47.29199999999999,4.742000000000004,1060.194,0,0,0,0,0,0,0,39.698,6.044999999999998,6.99,19,-216,-99,,21,-86.99,-1.3030000000000115,1005.491,61.82,41.46,26.88,70.62,true,false,6.23,10.07,"單日成交金額低於5,000萬元；外資持股5/10日下降，且外資5日賣超；強勢上漲後盤中急跌反轉"
436,6679,鈺太,TPEX,半導體業,不建立部位,保護持有,protect,今天不新增部位；未完成確認前不機械式賣出,今天收盤後；若跌破，再看下一交易日是否收復,已有部位暫停加碼；若收盤跌破60日EMA約 218.60，且下一交易日仍未收復，先減碼三分之一；若ETF或外資繼續轉弱，再分批降低部位。,未觸發明確減碼訊號,51.3,60.6,78.6,85,100,可用,210,199.5,0.32,6.47,24.37,6.41,1081.33,6.34,16,1.78,3.29,1,0,0,0,0,0,0,-10.373,-10.373,-10.373,-128.373,0,0,0,0,0,0,0,0.117,0.117,9.48,,,,,-10.49,-10.49,-10.49,-137.49,55.93,50.19,31.48,87.63,true,false,4.11,6.6,"單日成交金額低於5,000萬元；外資持股尚未完成5／10日可比核對或期間有非市場異動；此項不給分，不解讀為轉弱；當下除權息調整價未守20日EMA"
437,6756,威鋒電子,TWSE,半導體業,不建立部位,保護持有,protect,今天不新增部位；未完成確認前不機械式賣出,今天收盤後；若跌破，再看下一交易日是否收復,已有部位暫停加碼；若收盤跌破60日EMA約 97.30，且下一交易日仍未收復，先減碼三分之一；若ETF或外資繼續轉弱，再分批降低部位。,未觸發明確減碼訊號,58.5,60.5,53.5,85,100,完整,97.8,97.85,96.94,29.55,-3.54,27.19,182.34,1.24,54.94,2.26,0.92,1,0,0,0,0,0,0,47,94.665,24.457000000000015,627.0160000000001,0,0,0,0,0,0,0,-0.33499999999999974,-3.648999999999999,4.12,45,92,-45,,44,95,28.106,629.562,49.72,40.81,27.16,68.11,true,false,0.03,3.49,"單日成交金額低於5,000萬元；20日趨勢尚未上彎；單季稅前獲利對營業外貢獻依賴偏高"
438,8996,高力,TWSE,電機機械,不建立部位,優先降低風險,risk,依風險與流動性分批降低部位,風險解除且基本面與趨勢重新確認後,已有部位應優先降低曝險；目前觸發「ETF 5/10日同步減碼」。待事件解除或基本面重新確認後再評估。,今日漲停／趨勢站穩；ETF／外資／投信偏弱，先觀察,51.8,60.5,50.6,85,100,可用,1365,1570,112.84,115.03,17.58,50.01,160.68,8.69,96.3,25.97,0.32,24,0,-20,-231,-967,-38,-232,606.386,-833.0410000000002,-2018.4409999999998,-5942.9479999999985,-20.347,-307.347,-1058.847,1230.922,1,4,-439506210,113.595,14.625000000000007,23.86,588,-468,-295,,589.764,-639.289,-974.219,-7460.481,57.23,66.76,58.2,83.89,true,false,7.5,10.53,處置或交易限制風險；ETF短中期同步減碼；主動ETF 5日轉為減碼；投信5/10日持續且具金額意義的賣超；外資持股5/10日下降，且外資5日賣超；短線過熱或乖離過大；高波動且5日漲幅過大；融資增幅與短線漲幅同步偏高
439,2477,美隆電,TWSE,其他電子業,不建立部位,保護持有,protect,今天不新增部位；未完成確認前不機械式賣出,今天收盤後；若跌破，再看下一交易日是否收復,已有部位暫停加碼；若收盤跌破60日EMA約 21.66，且下一交易日仍未收復，先減碼三分之一；若ETF或外資繼續轉弱，再分批降低部位。,未觸發明確減碼訊號,62.7,60.4,53.2,85,100,完整,22.35,22.42,27.95,3.73,0.92,49.41,199.41,0.17,25.4,0.87,6.26,1,12,23,28,48,47,0,134.489,154.73700000000002,210.1,14.216000000000015,11.489,27.737000000000002,47.671,46.604,4,0,619922,13,12,23.47,116,84,117,,116,114,150.42899999999997,-45.388000000000034,64.87,80.13,66.69,106.99,true,false,2.67,2.29,"單日成交金額低於5,000萬元；單季稅前獲利對營業外貢獻依賴偏高"
440,8213,志超,TWSE,電子零組件業,不建立部位,保護持有,protect,今天不新增部位；未完成確認前不機械式賣出,今天收盤後；若跌破，再看下一交易日是否收復,已有部位暫停加碼；若收盤跌破60日EMA約 33.12，且下一交易日仍未收復，先減碼三分之一；若ETF或外資繼續轉弱，再分批降低部位。,外資持股5/10日下降且外資5日賣超,56,60.4,56.7,85,100,完整,33,33.2,35.05,17.29,3.54,47.82,177.28,0.93,16.75,0.53,3.45,1,0,0,0,0,0,0,24.963,-45.38700000000001,-191.174,152.292,0,0,0,0,0,0,0,15.552,-84.59299999999999,21.02,16,-129,-402,,14.061,-60.93899999999999,-106.58099999999999,147.558,53.62,65.24,47.95,99.82,false,false,0.94,0.46,"單日成交金額低於5,000萬元；中期趨勢仍向下；外資持股5/10日下降，且外資5日賣超；20日趨勢尚未上彎"
441,3218,大學光,TPEX,生技醫療業,不建立部位,降低部位,trim,停止加碼；反彈未站回恢復區時分批減碼,每個交易日收盤後，確認是否站回恢復區,已有部位先停止加碼。反彈若仍未站回 136.66，分批降低部位；只有站回且ETF／外資賣壓收斂後才重新評估。,價格跌破60日EMA且20日趨勢向下；ETF 5/10日同步減碼,44.6,60.2,66.9,85,100,可用,134,134,9.38,5.96,30.76,39,136.31,5.99,9.92,2.93,5.78,1,-1,-1,-1,-3,-12,0,-74.556,-74.556,-74.556,-136.55599999999998,-1.241,-1.241,-1.241,-6.241,0,1,-166294,0.052,0.052,7.99,,,,,-73.367,-73.367,-73.367,-128.36700000000002,42.52,28.2,21.58,41.43,true,false,-1.41,0,"單日成交金額低於5,000萬元；中期趨勢仍向下；ETF短中期同步減碼；ETF 1/3日已轉為減碼；外資持股尚未完成5／10日可比核對或期間有非市場異動；此項不給分，不解讀為轉弱；20日趨勢尚未上彎；當下除權息調整價未守20日EMA"
442,8936,國統,TPEX,其他,不建立部位,保護持有,protect,今天不新增部位；未完成確認前不機械式賣出,今天收盤後；若跌破，再看下一交易日是否收復,已有部位暫停加碼；若收盤跌破60日EMA約 52.03，且下一交易日仍未收復，先減碼三分之一；若ETF或外資繼續轉弱，再分批降低部位。,ETF 5/10日同步減碼,52.4,60.2,61.8,85,100,可用,50.4,52.1,12.34,17.13,19.11,43.73,183.13,1.87,12,2.04,5.76,1,-3,-3,-3,-10,-35,0,-56.831,-56.831,-56.831,-232.83100000000002,-3.207,-3.207,-3.207,-18.207,0,1,-167085,9,9,11.13,,,,,-62.624,-62.624,-62.624,-448.624,42.57,56.87,63.16,44.28,false,true,-1.48,-1.18,"單日成交金額低於5,000萬元；ETF短中期同步減碼；ETF 1/3日已轉為減碼；外資持股尚未完成5／10日可比核對或期間有非市場異動；此項不給分，不解讀為轉弱"
443,2923,鼎固-KY,TWSE,建材營造,不建立部位,保護持有,protect,今天不新增部位；未完成確認前不機械式賣出,今天收盤後；若跌破，再看下一交易日是否收復,已有部位暫停加碼；若收盤跌破60日EMA約 26.63，且下一交易日仍未收復，先減碼三分之一；若ETF或外資繼續轉弱，再分批降低部位。,價格強勢站上20／60日EMA；外資偏弱，先觀察,60.9,59.7,47.5,85,100,完整,27.1,26.9,218.99,159.22,14.07,58.69,288.95,-0.11,,1.02,0.44,1,0,0,0,0,0,0,198.409,-81.626,-84.34,-225.603,0,0,0,-25.583,0,0,0,56.373999999999995,43.40899999999999,99.5,162,-134,-124,,158,-138,-127.749,-186.429,53.38,58.08,45.94,82.35,true,false,4.92,11.29,"單日成交金額低於5,000萬元；外資持股5/10日下降，且外資5日賣超；高波動且5日漲幅過大"
444,6183,關貿,TWSE,資訊服務業,不建立部位,保護持有,protect,今天不新增部位；未完成確認前不機械式賣出,今天收盤後；若跌破，再看下一交易日是否收復,已有部位暫停加碼；若收盤跌破60日EMA約 91.85，且下一交易日仍未收復，先減碼三分之一；若ETF或外資繼續轉弱，再分批降低部位。,未觸發明確減碼訊號,52.2,59.7,58.8,85,100,完整,91.4,93.15,5.57,13.35,29.53,49.64,147.35,2.41,20.31,5.1,3.88,2,0,0,0,0,0,0,4,2,15.338000000000001,38.324000000000005,0,0,0,0,0,0,0,15,9,1.13,2,-13,5,,2,-13,6.337999999999997,19.323999999999995,46.45,43.7,39.49,52.12,true,false,-0.4,-0.87,"單日成交金額低於5,000萬元；中期趨勢仍向下；20日趨勢尚未上彎"
445,2211,長榮鋼,TWSE,鋼鐵工業,不建立部位,降低部位,trim,停止加碼；反彈未站回恢復區時分批減碼,每個交易日收盤後，確認是否站回恢復區,已有部位先停止加碼。反彈若仍未站回 86.14，分批降低部位；只有站回且ETF／外資賣壓收斂後才重新評估。,價格跌破60日EMA且20日趨勢向下；ETF 5/10日同步減碼；外資持股5/10日下降且外資5日賣超,42.4,59.5,75.5,85,100,完整,80.8,80.8,11.85,7.22,20.01,25.6,197.65,3.26,10.95,1.22,8.04,4,-2,-2,-2,-5,32,0,-21.212,-395.03,-113.597,1844.842,-1.612,-64.612,-68.83699999999999,-84.84799999999998,0,3,-5220650,7.1610000000000005,-24.183999999999997,3.76,-22,-318,-118,,-38.64,-337.57899999999995,-20.575999999999965,2038.4569999999999,36.21,17.91,20.89,11.94,false,false,-1.85,0.25,"單日成交金額低於5,000萬元；中期趨勢仍向下；ETF短中期同步減碼；20日累積後5日轉為調節；ETF 1/3日已轉為減碼；外資持股5/10日下降，且外資5日賣超；20日趨勢尚未上彎；當下除權息調整價未守20日EMA"
446,2425,承啟,TWSE,電腦及週邊設備業,不建立部位,保護持有,protect,今天不新增部位；未完成確認前不機械式賣出,今天收盤後；若跌破，再看下一交易日是否收復,已有部位暫停加碼；若收盤跌破60日EMA約 39.09，且下一交易日仍未收復，先減碼三分之一；若ETF或外資繼續轉弱，再分批降低部位。,價格跌破60日EMA且20日趨勢向下,52.7,59.3,50.9,85,100,完整,37,38,118.46,120.45,0.61,54.62,183.31,0.68,20.79,1.42,0.27,1,0,0,0,-3,-6,0,109.298,550.456,900.6099999999999,-3396.5879999999997,0,0,-3,-10,0,0,0,-89.3,-89.3,6.84,90,640,935,,108.298,639.756,992.9099999999999,-3349.8690000000006,43.42,48.05,39.04,66.09,true,false,-1.67,1.93,"單日成交金額低於5,000萬元；中期趨勢仍向下；20日趨勢尚未上彎；單季稅前獲利對營業外貢獻依賴偏高"
447,6703,軒郁,TPEX,生技醫療業,不建立部位,保護持有,protect,今天不新增部位；未完成確認前不機械式賣出,今天收盤後；若跌破，再看下一交易日是否收復,已有部位暫停加碼；若收盤跌破60日EMA約 103.06，且下一交易日仍未收復，先減碼三分之一；若ETF或外資繼續轉弱，再分批降低部位。,價格跌破60日EMA且20日趨勢向下,52.3,59.2,61.3,85,100,可用,102,101.5,1.83,13.89,10.87,44.41,224.81,4.13,9.83,2.57,0.99,1,3,6,8,13,23,0,-0.721,-0.721,-0.721,-0.721,3.279,3.279,3.279,3.279,1,0,331179,0,0,14.17,,,,,-4,-4,-4,-4,48.59,56.98,40.54,89.88,true,false,0.13,1.49,"單日成交金額低於5,000萬元；中期趨勢仍向下；外資持股尚未完成5／10日可比核對或期間有非市場異動；此項不給分，不解讀為轉弱；20日趨勢尚未上彎；當下除權息調整價未守20日EMA"
448,2459,敦吉,TWSE,其他電子業,不建立部位,降低部位,trim,停止加碼；反彈未站回恢復區時分批減碼,每個交易日收盤後，確認是否站回恢復區,已有部位先停止加碼。反彈若仍未站回 65.89，分批降低部位；只有站回且ETF／外資賣壓收斂後才重新評估。,價格跌破60日EMA且20日趨勢向下；外資持股5/10日下降且外資5日賣超,45.9,59.1,73.4,85,100,完整,65.7,65.7,15.37,11.74,15.75,34.67,199.27,3.19,11.7,1.16,6.42,1,0,0,0,0,0,0,-18,-22.049999999999997,-41.247,31.753,0,0,0,0,0,0,0,19,12,15.53,-24,-52,-64,,-24,-41.05,-53.24699999999999,-1.2469999999999928,46.51,34.97,27.44,50.02,true,false,-0.29,0.61,"單日成交金額低於5,000萬元；中期趨勢仍向下；外資持股5/10日下降，且外資5日賣超；20日趨勢尚未上彎；當下除權息調整價未守20日EMA"
449,2474,可成,TWSE,其他電子業,不建立部位,優先降低風險,risk,依風險與流動性分批降低部位,風險解除且基本面與趨勢重新確認後,已有部位應優先降低曝險；目前觸發「外資持股5/10日下降且外資5日賣超」。待事件解除或基本面重新確認後再評估。,外資持股5/10日下降且外資5日賣超；單月與累計營收同步明顯衰退,71.3,59,55.1,85,100,完整,209.5,210.5,-40.46,-33.11,4.51,38.16,133.88,5.14,13.94,0.82,4.9,23,288,1826,1859,2482,2469,0,-64.295,-515.1370000000001,-1494.7599999999998,1624.549,288.095,1875.596,2509.596,2751.142,3,2,392937362,114.481,-18.716999999999995,14.11,-79,-1673,-3140,,-427.362,-2505.2140000000004,-3985.6390000000006,-1164.1190000000015,59.13,71.54,56.07,102.5,false,false,1.66,1.95,營收動能同步衰退；累計營收負成長且當月改善不足；外資持股5/10日下降，且外資5日賣超；單季稅前獲利對營業外貢獻依賴偏高
450,3003,健和興,TWSE,電子零組件業,不建立部位,降低部位,trim,停止加碼；反彈未站回恢復區時分批減碼,每個交易日收盤後，確認是否站回恢復區,已有部位先停止加碼。反彈若仍未站回 62.17，分批降低部位；只有站回且ETF／外資賣壓收斂後才重新評估。,價格跌破60日EMA且20日趨勢向下；外資持股5/10日下降且外資5日賣超,47.7,58.9,70.8,85,100,完整,60.3,58.9,59.31,42.13,10.05,23.56,446.65,1.46,23.75,1.39,1.7,1,0,0,0,0,0,0,-41.18,-155.83,-2819.589,144.55999999999995,0,0,0,0,0,0,0,-1.0820000000000003,-74.559,4.15,-36,-159,-2730,,-45.849,-154.748,-2745.0299999999997,244.03200000000027,46.39,58.45,34.47,106.42,false,false,-1.1,5.6,"單日成交金額低於5,000萬元；中期趨勢仍向下；外資持股5/10日下降，且外資5日賣超；20日趨勢尚未上彎；當下除權息調整價未守20日EMA"
451,9911,櫻花,TWSE,居家生活,不建立部位,降低部位,trim,停止加碼；反彈未站回恢復區時分批減碼,每個交易日收盤後，確認是否站回恢復區,已有部位先停止加碼。反彈若仍未站回 82.56，分批降低部位；只有站回且ETF／外資賣壓收斂後才重新評估。,價格跌破60日EMA且20日趨勢向下；外資持股5/10日下降且外資5日賣超,51.9,58.9,60.9,85,100,完整,82,82.45,6.79,6.77,15.65,37.15,166.9,3.26,12.71,2.76,6.1,2,0,0,0,0,0,0,-24,-448,-531.49,-1631.443,0,11,11,10,1,0,902000,21,12,18.19,-34,-474,-517,,-35,-480,-554.49,-1722.443,48.95,61.81,40.25,104.92,true,false,0.05,0.49,"單日成交金額低於5,000萬元；中期趨勢仍向下；外資持股5/10日下降，且外資5日賣超；20日趨勢尚未上彎"
452,1232,大統益,TWSE,食品工業,不建立部位,保護持有,protect,今天不新增部位；未完成確認前不機械式賣出,今天收盤後；若跌破，再看下一交易日是否收復,已有部位暫停加碼；若收盤跌破60日EMA約 154.04，且下一交易日仍未收復，先減碼三分之一；若ETF或外資繼續轉弱，再分批降低部位。,外資持股5/10日下降且外資5日賣超,54.4,58.8,50.4,85,100,完整,155.5,155.25,34.56,16.57,8.36,46.42,205.52,4.71,17.22,4.51,4.63,1,0,0,0,0,0,0,39.788,-43.694,-30.616999999999997,88.35000000000002,0,-23,-28,-28,0,2,-3576500,14,9,2.86,37,-95,-146,,32.788,-34.693999999999996,-11.616999999999997,89.35000000000002,50.35,38.93,34.94,46.92,true,false,-0.02,1.3,"單日成交金額低於5,000萬元；外資持股5/10日下降，且外資5日賣超；20日趨勢尚未上彎；當下除權息調整價未守20日EMA"
453,1342,八貫,TWSE,其他,不建立部位,保護持有,protect,今天不新增部位；未完成確認前不機械式賣出,今天收盤後；若跌破，再看下一交易日是否收復,已有部位暫停加碼；若收盤跌破60日EMA約 103.24，且下一交易日仍未收復，先減碼三分之一；若ETF或外資繼續轉弱，再分批降低部位。,價格跌破60日EMA且20日趨勢向下,51.5,58.8,60.1,85,100,可用,102,102,62.83,37.04,18.32,41.09,208.83,4.1,14.43,3.54,5.88,1,0,0,0,-2,-3,0,12.468,6.638000000000002,-181.345,-6.954999999999956,0,0,-2,-5,0,0,0,-6.098000000000001,-17.133,31.7,0,-45,-210,,11.468,12.736000000000004,-162.212,12.893999999999977,48.76,60.34,39.48,102.05,false,false,0.18,2.2,"單日成交金額低於5,000萬元；中期趨勢仍向下；外資持股尚未完成5／10日可比核對或期間有非市場異動；此項不給分，不解讀為轉弱；20日趨勢尚未上彎"
454,5209,新鼎,TPEX,其他,不建立部位,保護持有,protect,今天不新增部位；未完成確認前不機械式賣出,今天收盤後；若跌破，再看下一交易日是否收復,已有部位暫停加碼；若收盤跌破60日EMA約 162.69，且下一交易日仍未收復，先減碼三分之一；若ETF或外資繼續轉弱，再分批降低部位。,未觸發明確減碼訊號,57.4,58.7,52.1,85,100,可用,174.5,175.5,92.18,-11.97,14.77,78.82,121.04,8.72,9.58,4.81,7.42,1,1,3,4,6,6,0,28.57,28.57,28.57,-74.43,1.607,1.607,1.607,1.607,1,0,280422,-4.037,-4.037,3.28,,,,,31,31,31,-7,70.44,72.96,67.29,84.28,false,false,5.43,1.16,"單日成交金額低於5,000萬元；外資持股尚未完成5／10日可比核對或期間有非市場異動；此項不給分，不解讀為轉弱"
455,8341,日友,TWSE,綠能環保,不建立部位,降低部位,trim,停止加碼；反彈未站回恢復區時分批減碼,每個交易日收盤後，確認是否站回恢復區,已有部位先停止加碼。反彈若仍未站回 75.87，分批降低部位；只有站回且ETF／外資賣壓收斂後才重新評估。,價格跌破60日EMA且20日趨勢向下；外資持股5/10日下降且外資5日賣超,50.3,58.7,65.8,85,100,完整,75.3,75.3,3.97,15.68,29.81,43.1,112.4,2.97,14.37,1.83,5.31,1,0,0,0,0,0,0,48.983,-58.903000000000006,-277.864,-240.68599999999998,0,0,0,0,0,0,0,15.958,19.445,5.31,54,-87,-327,,43,-74.861,-297.3090000000001,-271.09100000000007,49.91,60.23,32.65,115.39,true,false,0.23,1.48,"單日成交金額低於5,000萬元；中期趨勢仍向下；外資持股5/10日下降，且外資5日賣超；20日趨勢尚未上彎"
456,4583,台灣精銳,TWSE,電機機械,不建立部位,降低部位,trim,停止加碼；反彈未站回恢復區時分批減碼,每個交易日收盤後，確認是否站回恢復區,已有部位先停止加碼。反彈若仍未站回 509.20，分批降低部位；只有站回且ETF／外資賣壓收斂後才重新評估。,價格跌破60日EMA且20日趨勢向下；ETF 5/10日同步減碼,49.4,58.6,70.7,85,100,完整,431.5,468.5,23.63,15.97,34.42,10.76,1265.54,6.81,32.03,3.48,2.32,2,-3,-3,-3,-33,-33,0,-0.286,29.871,-48.42,212.133,-3,-16,-46,-46.899,0,3,-6904000,3.96,0.96,2.41,71,34,-19,,-0.396,41.911,-3.3799999999999955,258.571,36.61,11.92,10.97,13.8,true,false,-4.42,-0.35,"單日成交金額低於5,000萬元；中期趨勢仍向下；ETF短中期同步減碼；ETF 1/3日已轉為減碼；20日趨勢尚未上彎"
457,1723,中碳,TWSE,化學工業,不建立部位,保護持有,protect,今天不新增部位；未完成確認前不機械式賣出,今天收盤後；若跌破，再看下一交易日是否收復,已有部位暫停加碼；若收盤跌破60日EMA約 84.09，且下一交易日仍未收復，先減碼三分之一；若ETF或外資繼續轉弱，再分批降低部位。,價格跌破60日EMA且20日趨勢向下,52.5,58.5,58.4,85,100,完整,80.9,80.9,46.94,15.22,14.62,32.06,176.63,2.07,25.92,2.33,2.3,1,0,-18,1,66,142,0,-186.394,-680.45,-2484.856,-2418.92,0,1,66,141,2,1,80600,-67.31700000000001,-115.84900000000002,9.01,-121,130,-1506,,-205.28,-614.133,-2435.007,-2448.5500000000006,37.48,12.39,12.33,12.49,true,false,-2.68,-1.22,"單日成交金額低於5,000萬元；中期趨勢仍向下；20日趨勢尚未上彎；當下除權息調整價未守20日EMA"
458,1615,大山,TWSE,電器電纜,不建立部位,降低部位,trim,停止加碼；反彈未站回恢復區時分批減碼,每個交易日收盤後，確認是否站回恢復區,已有部位先停止加碼。反彈若仍未站回 43.88，分批降低部位；只有站回且ETF／外資賣壓收斂後才重新評估。,價格跌破60日EMA且20日趨勢向下；外資持股5/10日下降且外資5日賣超,44.4,58.4,74.5,85,100,完整,42.7,43.65,20.26,5.24,18.84,29.01,226.5,2.53,8.26,1.79,6.09,1,0,0,0,0,0,0,-9.964,-22.964,-9.670000000000002,141.824,0,0,0,0,0,0,0,33,33,0.98,-33,-121,-201,,-32.964,-55.964,-42.67,117.82400000000001,35.44,8.3,13.95,-3.01,false,false,-2.04,-2.29,"單日成交金額低於5,000萬元；中期趨勢仍向下；外資持股5/10日下降，且外資5日賣超；20日趨勢尚未上彎"
459,6122,擎邦,TPEX,電機機械,不建立部位,保護持有,protect,今天不新增部位；未完成確認前不機械式賣出,今天收盤後；若跌破，再看下一交易日是否收復,已有部位暫停加碼；若收盤跌破60日EMA約 49.50，且下一交易日仍未收復，先減碼三分之一；若ETF或外資繼續轉弱，再分批降低部位。,未觸發明確減碼訊號,61.3,58.3,47.6,85,100,可用,52.1,51.2,13.59,-0.19,10.87,63.76,146.27,2.19,10.99,2.24,6.64,1,10,19,23,40,38,0,29.319,29.319,29.319,453.319,9.442,9.442,9.442,6.442,1,0,483430,0.877,0.877,6.08,,,,,19,19,19,437,65.63,76.74,67.93,94.35,true,false,3.45,1.96,"單日成交金額低於5,000萬元；外資持股尚未完成5／10日可比核對或期間有非市場異動；此項不給分，不解讀為轉弱"
460,6192,巨路,TWSE,其他電子業,不建立部位,降低部位,trim,停止加碼；反彈未站回恢復區時分批減碼,每個交易日收盤後，確認是否站回恢復區,已有部位先停止加碼。反彈若仍未站回 115.85，分批降低部位；只有站回且ETF／外資賣壓收斂後才重新評估。,價格跌破60日EMA且20日趨勢向下；外資持股5/10日下降且外資5日賣超,45.1,58.3,72.5,85,100,完整,111.5,111.5,12.99,12.56,17.09,39.96,228.04,5.3,10.78,1.42,5.2,1,0,0,0,0,0,0,22,-13.442,-267.453,-404.031,0,0,0,-1,0,0,0,4.538,2.763,23.63,23,-27,-269,,22,-17.98,-270.216,-413.67400000000004,41.01,33.88,26.36,48.91,true,false,-1.45,1.36,"單日成交金額低於5,000萬元；中期趨勢仍向下；外資持股5/10日下降，且外資5日賣超；20日趨勢尚未上彎；當下除權息調整價未守20日EMA"
461,3213,茂訊,TPEX,電腦及週邊設備業,不建立部位,降低部位,trim,停止加碼；反彈未站回恢復區時分批減碼,每個交易日收盤後，確認是否站回恢復區,已有部位先停止加碼。反彈若仍未站回 126.11，分批降低部位；只有站回且ETF／外資賣壓收斂後才重新評估。,價格跌破60日EMA且20日趨勢向下；ETF 5/10日同步減碼,42.8,58.2,77.6,85,100,可用,122.5,124.5,6.49,17.96,25.64,30.04,300.49,5.62,12.98,1.87,5.62,1,0,-1,-1,-1,-1,0,-10.007,-10.007,-10.007,-450.007,0,0,0,0,0,0,0,-2,-2,13.92,,,,,-8.007,-8.007,-8.007,-431.007,42.77,40.96,30.52,61.85,true,false,-1.99,1.24,"單日成交金額低於5,000萬元；中期趨勢仍向下；ETF短中期同步減碼；外資持股尚未完成5／10日可比核對或期間有非市場異動；此項不給分，不解讀為轉弱；20日趨勢尚未上彎；當下除權息調整價未守20日EMA"
462,8442,威宏-KY,TWSE,其他,不建立部位,保護持有,protect,今天不新增部位；未完成確認前不機械式賣出,今天收盤後；若跌破，再看下一交易日是否收復,已有部位暫停加碼；若收盤跌破60日EMA約 45.32，且下一交易日仍未收復，先減碼三分之一；若ETF或外資繼續轉弱，再分批降低部位。,外資持股5/10日下降且外資5日賣超,58.6,58.2,50,85,100,完整,46.2,45.55,36.95,12.91,3.35,54.91,161.46,1.38,14.86,0.87,6.49,1,4,8,9,16,17,0,2,-1.3440000000000003,12.219000000000003,-18.151,4,9.656,16.596000000000004,14.226000000000004,4,0,446107,7,1,55.99,-2,-41,-36,,-2,-18,-5.376999999999999,-32.376999999999995,55,54.37,47.84,67.44,true,false,0.81,1.65,"單日成交金額低於5,000萬元；外資持股5/10日下降，且外資5日賣超；20日趨勢尚未上彎；當下除權息調整價未守20日EMA"
463,6579,研揚,TWSE,電腦及週邊設備業,不建立部位,保護持有,protect,今天不新增部位；未完成確認前不機械式賣出,今天收盤後；若跌破，再看下一交易日是否收復,已有部位暫停加碼；若收盤跌破60日EMA約 152.54，且下一交易日仍未收復，先減碼三分之一；若ETF或外資繼續轉弱，再分批降低部位。,未觸發明確減碼訊號,50.3,58.1,67.5,85,100,完整,140,153.5,26.58,28.37,10.2,26.1,221.03,6.15,20.77,2.53,2.47,1,0,0,0,0,0,0,11.371,217.375,54.22999999999999,79.94500000000005,0,-47,-53,-54,0,2,-7144000,7.382,2.3919999999999995,3.39,12,264,77,,5.371,256.993,104.83799999999998,47.134000000000015,37.28,47.25,56.81,28.13,true,true,-6.19,-6.04,"單日成交金額低於5,000萬元；中期趨勢仍向下；20日趨勢尚未上彎"
464,1720,生達,TWSE,生技醫療業,不建立部位,降低部位,trim,停止加碼；反彈未站回恢復區時分批減碼,每個交易日收盤後，確認是否站回恢復區,已有部位先停止加碼。反彈若仍未站回 56.60，分批降低部位；只有站回且ETF／外資賣壓收斂後才重新評估。,價格跌破60日EMA且20日趨勢向下；外資持股5/10日下降且外資5日賣超,45.7,58,72,85,100,完整,56,56.05,7.78,2.98,21.32,24.3,218.16,2.49,9.74,1.62,5.36,1,0,0,0,0,0,0,-48,-93.72,-204.55600000000004,-248.133,0,0,0,0,0,0,0,44.88,40.88,4.87,-59,-135,-307,,-60,-138.6,-245.43600000000004,-308.651,44.7,40.68,37.31,47.43,false,false,-0.37,0.18,"單日成交金額低於5,000萬元；中期趨勢仍向下；外資持股5/10日下降，且外資5日賣超；20日趨勢尚未上彎；當下除權息調整價未守20日EMA"
465,4551,智伸科,TWSE,汽車工業,不建立部位,降低部位,trim,停止加碼；反彈未站回恢復區時分批減碼,每個交易日收盤後，確認是否站回恢復區,已有部位先停止加碼。反彈若仍未站回 168.50，分批降低部位；只有站回且ETF／外資賣壓收斂後才重新評估。,價格跌破60日EMA且20日趨勢向下；外資持股5/10日下降且外資5日賣超,51.8,58,61.2,85,100,完整,162.5,160.5,33.5,21.06,14.4,37.61,221.94,4.77,16.74,1.99,2.63,2,0,0,0,-3,-91,0,7.975,-30.877999999999993,-1508.857,-3687.108,0,0,-57,801,0,0,0,-6.549999999999999,-10.402999999999999,54.14,7,-17,-1381,,6.748,-24.327999999999996,-1441.4540000000002,-4420.491,49.32,39.53,31.69,55.22,true,false,0.59,4.17,"單日成交金額低於5,000萬元；中期趨勢仍向下；外資持股5/10日下降，且外資5日賣超；20日趨勢尚未上彎；當下除權息調整價未守20日EMA"
466,5236,凌陽創新,TWSE,半導體業,不建立部位,保護持有,protect,今天不新增部位；未完成確認前不機械式賣出,今天收盤後；若跌破，再看下一交易日是否收復,已有部位暫停加碼；若收盤跌破60日EMA約 142.28，且下一交易日仍未收復，先減碼三分之一；若ETF或外資繼續轉弱，再分批降低部位。,價格跌破60日EMA且20日趨勢向下,47.3,57.8,70.9,85,100,完整,134,134.75,13.22,14.58,33.2,30.49,329.86,5.86,13.05,3.25,6.72,1,0,0,0,0,0,0,1.463,32.848000000000006,-58.72299999999999,-78.982,0,0,0,-20,0,0,0,2.795000000000001,-0.30399999999999894,6.07,-2,40,-100,,-1.537,30.052999999999997,-58.419000000000004,-65.09100000000001,44.3,46.03,31.6,74.9,true,false,-0.62,3.08,"單日成交金額低於5,000萬元；中期趨勢仍向下；20日趨勢尚未上彎；當下除權息調整價未守20日EMA"
467,5306,桂盟,TWSE,運動休閒,不建立部位,降低部位,trim,停止加碼；反彈未站回恢復區時分批減碼,每個交易日收盤後，確認是否站回恢復區,已有部位先停止加碼。反彈若仍未站回 91.57，分批降低部位；只有站回且ETF／外資賣壓收斂後才重新評估。,價格跌破60日EMA且20日趨勢向下；ETF 5/10日同步減碼,41.1,57.8,66.8,85,100,完整,88.1,89.05,12.06,11.01,22.73,34.61,153.49,3.94,12.48,1.17,4.26,1,0,0,-9,-9,113,-9,-19.573,-33.62500000000001,-196.012,71.61999999999998,0,-9,-9,113,0,1,-792900,14,-1,12.96,-41,53,-68,,-30.573,-38.62500000000001,-186.012,-40.38000000000002,35.48,27.35,30.41,21.24,false,true,-3.79,-0.45,"單日成交金額低於5,000萬元；中期趨勢仍向下；ETF短中期同步減碼；主動ETF 5日轉為減碼；20日趨勢尚未上彎；當下除權息調整價未守20日EMA"
468,2850,新產,TWSE,金融保險業,不建立部位,保護持有,protect,今天不新增部位；未完成確認前不機械式賣出,今天收盤後；若跌破，再看下一交易日是否收復,已有部位暫停加碼；若收盤跌破60日EMA約 154.65，且下一交易日仍未收復，先減碼三分之一；若ETF或外資繼續轉弱，再分批降低部位。,ETF 5/10日同步減碼；外資持股5/10日下降且外資5日賣超,51.9,57.7,60.1,85,100,完整,158,159.5,4.71,9.52,,63.76,,8.51,10.34,2.28,4.57,5,1,1,-17,-17,224,-18,27.864,-139.003,-422.676,-489.2030000000001,1,-17,-18,222.642,1,1,-2703000,40.385999999999996,36.21199999999999,10.79,4,-171,-461,,-8,-162.389,-440.88800000000003,-744.593,49.1,57.36,42.32,87.45,false,false,-0.33,1.28,"單日成交金額低於5,000萬元；ETF短中期同步減碼；20日累積後5日轉為調節；主動ETF 5日轉為減碼；外資持股5/10日下降，且外資5日賣超；20日趨勢尚未上彎"
469,6585,鼎基,TWSE,其他,不建立部位,保護持有,protect,今天不新增部位；未完成確認前不機械式賣出,今天收盤後；若跌破，再看下一交易日是否收復,已有部位暫停加碼；若收盤跌破60日EMA約 112.59，且下一交易日仍未收復，先減碼三分之一；若ETF或外資繼續轉弱，再分批降低部位。,價格跌破60日EMA且20日趨勢向下,47.4,57.7,67.6,85,100,完整,105.5,105.5,12.09,17.34,25.03,26.52,175.41,4.81,13.6,1.94,4.27,1,0,0,0,-1,-2,0,-8.9,35.879999999999995,-279.18100000000004,-186.189,0,0,-1,-4,0,0,0,-16.889999999999997,-19.467999999999996,3.08,-12,8,-290,,-10,52.769999999999996,-258.713,-173.71300000000002,39.4,42.07,29.57,67.09,true,false,-2.65,1.93,"單日成交金額低於5,000萬元；中期趨勢仍向下；20日趨勢尚未上彎；當下除權息調整價未守20日EMA"
470,2731,雄獅,TWSE,觀光餐旅,不建立部位,降低部位,trim,停止加碼；反彈未站回恢復區時分批減碼,每個交易日收盤後，確認是否站回恢復區,已有部位先停止加碼。反彈若仍未站回 146.12，分批降低部位；只有站回且ETF／外資賣壓收斂後才重新評估。,價格跌破60日EMA且20日趨勢向下；外資持股5/10日下降且外資5日賣超,49.9,57.6,52.4,85,100,完整,143,143.5,6.99,9.93,4.43,65.83,134.89,7.27,8.8,2.99,8.95,2,0,-8,-3,4,4,0,-33.08,-27.604,-171.38099999999997,-1050.6229999999998,0,-3.1349999999999993,3.781000000000001,-47.219,2,1,-448305,7.132999999999999,11.616,8.24,-40,-44,-172,,-40,-31.602000000000004,-186.778,-1022.2529999999999,48.33,58.44,44.69,85.95,false,false,0.01,2.14,"單日成交金額低於5,000萬元；中期趨勢仍向下；20日累積後5日轉為調節；外資持股5/10日下降，且外資5日賣超；20日趨勢尚未上彎"
471,4746,台耀,TWSE,生技醫療業,不建立部位,保護持有,protect,今天不新增部位；未完成確認前不機械式賣出,今天收盤後；若跌破，再看下一交易日是否收復,已有部位暫停加碼；若收盤跌破60日EMA約 49.99，且下一交易日仍未收復，先減碼三分之一；若ETF或外資繼續轉弱，再分批降低部位。,價格跌破60日EMA且20日趨勢向下,53.1,57.6,59.9,85,100,完整,48.1,48.3,25.69,-3.37,10.89,40.35,186.2,0.04,12.08,0.77,6.27,1,0,0,0,0,-291,0,284.153,1104.549,1400.6850000000002,434.1110000000002,0,0,0,-111,0,0,0,2,-137.371,8.09,10,1061,1620,,282.153,1102.549,1538.056,787.7880000000001,49.3,73.88,52.96,115.72,false,false,0.89,5.95,"單日成交金額低於5,000萬元；中期趨勢仍向下；20日趨勢尚未上彎"
472,5515,建國,TWSE,建材營造,不建立部位,保護持有,protect,今天不新增部位；未完成確認前不機械式賣出,今天收盤後；若跌破，再看下一交易日是否收復,已有部位暫停加碼；若收盤跌破60日EMA約 47.68，且下一交易日仍未收復，先減碼三分之一；若ETF或外資繼續轉弱，再分批降低部位。,外資持股5/10日下降且外資5日賣超,56.9,57.6,59.6,85,100,完整,49.7,50.6,-4.38,23.08,12.56,54.43,163.72,6.08,5.06,1.72,6.61,2,0,0,0,0,-1,0,-3.299,-150.096,-872.1479999999999,-753.597,0,0,0,0,0,0,0,-16.149,-32.564,13,1,-151,-851,,-10.434,-133.947,-839.5840000000001,-758.0620000000001,48.31,28.16,24.25,35.96,true,false,-1.23,0.51,"單日成交金額低於5,000萬元；外資持股5/10日下降，且外資5日賣超；20日趨勢尚未上彎；單季稅前獲利對營業外貢獻依賴偏高"
473,6024,群益期,TWSE,金融保險業,不建立部位,保護持有,protect,今天不新增部位；未完成確認前不機械式賣出,今天收盤後；若跌破，再看下一交易日是否收復,已有部位暫停加碼；若收盤跌破60日EMA約 60.29，且下一交易日仍未收復，先減碼三分之一；若ETF或外資繼續轉弱，再分批降低部位。,外資持股5/10日下降且外資5日賣超,53.2,57.5,64.6,85,100,完整,61.2,61.15,7.8,-12.89,,92.26,107.73,4.09,8.43,1.42,5.67,2,0,0,0,0,0,0,-35.277,-81.53300000000003,-535.477,-129.11699999999996,0,0,0,-1,0,0,0,4,4,5.04,-38,-76,-558,,-38.277,-85.53300000000003,-539.477,-134.11699999999996,48.84,45.54,34.24,68.13,true,false,-0.35,0.16,"單日成交金額低於5,000萬元；累計營收負成長且當月改善不足；外資持股5/10日下降，且外資5日賣超；20日趨勢尚未上彎；當下除權息調整價未守20日EMA；單季稅前獲利對營業外貢獻依賴偏高"
474,2450,神腦,TWSE,通信網路業,不建立部位,保護持有,protect,今天不新增部位；未完成確認前不機械式賣出,今天收盤後；若跌破，再看下一交易日是否收復,已有部位暫停加碼；若收盤跌破60日EMA約 28.56，且下一交易日仍未收復，先減碼三分之一；若ETF或外資繼續轉弱，再分批降低部位。,未觸發明確減碼訊號,53.5,57.3,56.1,85,100,完整,28.3,28.3,27.64,17.04,0.89,42.18,178.91,0.67,17.47,1.18,5.48,1,0,0,0,0,0,0,23,17,78.521,-204.67899999999997,0,0,0,0,0,0,0,25,30,1.2,13,-8,49,,13,-8,48.521,-224.679,49.7,57.87,54.88,63.86,true,false,0.1,0,"單日成交金額低於5,000萬元"
475,6277,宏正,TWSE,電腦及週邊設備業,不建立部位,保護持有,protect,今天不新增部位；未完成確認前不機械式賣出,今天收盤後；若跌破，再看下一交易日是否收復,已有部位暫停加碼；若收盤跌破60日EMA約 77.44，且下一交易日仍未收復，先減碼三分之一；若ETF或外資繼續轉弱，再分批降低部位。,價格跌破60日EMA且20日趨勢向下,47,57.3,68.5,85,100,完整,77.3,76.7,17.1,15.48,15.5,33.78,205.16,2.5,19.06,1.96,4.44,2,0,0,0,0,0,0,50.899,39.114000000000004,-25.95300000000001,336.061,0,0,0,0,0,0,0,-42.3,-53.523999999999994,12.64,46,110,100,,45.899,81.414,27.570999999999984,389.54999999999995,46.05,46.36,33.42,72.23,true,false,-1.26,1.05,"單日成交金額低於5,000萬元；中期趨勢仍向下；20日趨勢尚未上彎；當下除權息調整價未守20日EMA"
476,3048,益登,TWSE,電子通路業,不建立部位,降低部位,trim,停止加碼；反彈未站回恢復區時分批減碼,每個交易日收盤後，確認是否站回恢復區,已有部位先停止加碼。反彈若仍未站回 54.52，分批降低部位；只有站回且ETF／外資賣壓收斂後才重新評估。,價格跌破60日EMA且20日趨勢向下；外資持股5/10日下降且外資5日賣超,49.3,57.2,47.5,85,100,完整,53.4,51,50.31,36.26,2.25,81.14,133.57,3.15,10.83,1.87,1.96,1,0,0,0,0,0,0,116.142,-43.185,-14.028999999999982,-5326.559,0,0,0,0,0,0,0,52.67900000000001,28.852000000000004,5.53,139,-218,-89,,111.144,-95.86399999999998,-42.881,-5518.381,51.41,48.63,26.71,92.49,false,false,1.71,6.37,"單日成交金額低於5,000萬元；中期趨勢仍向下；外資持股5/10日下降，且外資5日賣超；20日趨勢尚未上彎；當下除權息調整價未守20日EMA"
477,6146,耕興,TPEX,其他電子業,不建立部位,保護持有,protect,今天不新增部位；未完成確認前不機械式賣出,今天收盤後；若跌破，再看下一交易日是否收復,已有部位暫停加碼；若收盤跌破60日EMA約 190.10，且下一交易日仍未收復，先減碼三分之一；若ETF或外資繼續轉弱，再分批降低部位。,價格跌破60日EMA且20日趨勢向下,48.3,57.2,72.5,85,100,可用,178.5,179.5,10.46,9.51,30.97,34.5,233.06,6.04,15.64,3.4,6.72,3,0,0,0,0,-1,0,-42.892,-42.892,-42.892,-699.892,0,0,0,-1,0,0,0,-44.902,-44.902,30.7,,,,,2.01,2.01,2.01,-645.99,35.71,30.67,18.88,54.25,true,false,-2.31,-0.28,"單日成交金額低於5,000萬元；中期趨勢仍向下；外資持股尚未完成5／10日可比核對或期間有非市場異動；此項不給分，不解讀為轉弱；20日趨勢尚未上彎；當下除權息調整價未守20日EMA"
478,2597,潤弘,TWSE,建材營造,不建立部位,保護持有,protect,今天不新增部位；未完成確認前不機械式賣出,今天收盤後；若跌破，再看下一交易日是否收復,已有部位暫停加碼；若收盤跌破60日EMA約 168.29，且下一交易日仍未收復，先減碼三分之一；若ETF或外資繼續轉弱，再分批降低部位。,未觸發明確減碼訊號,63.1,57,35.2,85,100,完整,171.5,171.5,40.91,16.72,13.16,68.77,112.85,5.08,14.79,7.21,5.61,5,0,-6,-3,3,53,0,19.6,137.649,784.4630000000001,1614.5860000000002,0,26.499,32.017,80.675,2,1,4571077,33.847,51.697,2.41,30,30,588,,2.6,77.30299999999998,700.749,1505.144,54.2,54.09,47.64,67.01,true,false,0.84,2.69,"單日成交金額低於5,000萬元；20日累積後5日轉為調節"
479,3209,全科,TWSE,電子通路業,不建立部位,保護持有,protect,今天不新增部位；未完成確認前不機械式賣出,今天收盤後；若跌破，再看下一交易日是否收復,已有部位暫停加碼；若收盤跌破60日EMA約 50.42，且下一交易日仍未收復，先減碼三分之一；若ETF或外資繼續轉弱，再分批降低部位。,價格跌破60日EMA且20日趨勢向下,47.2,56.9,53.2,85,100,完整,45.8,46,27.44,42.65,2.95,74.58,145.9,3.28,7.65,1.91,5.46,1,0,0,0,0,0,0,-23.108,367.12,-1487.319,-3730.1530000000002,0,0,0,0,0,0,0,-44.101,-98.71499999999999,12.31,-62,621,-703,,-26,411.221,-1388.604,-3556.339,40.72,52.82,36.07,86.31,false,false,-1.84,2.46,"單日成交金額低於5,000萬元；中期趨勢仍向下；20日趨勢尚未上彎；當下除權息調整價未守20日EMA"
480,2497,怡利電,TWSE,汽車工業,不建立部位,保護持有,protect,今天不新增部位；未完成確認前不機械式賣出,今天收盤後；若跌破，再看下一交易日是否收復,已有部位暫停加碼；若收盤跌破60日EMA約 48.16，且下一交易日仍未收復，先減碼三分之一；若ETF或外資繼續轉弱，再分批降低部位。,價格跌破60日EMA且20日趨勢向下,52.7,56.7,51.5,85,100,完整,44.35,44.35,17.29,19.77,8.69,55.57,125.63,1.59,13.9,1.98,4.51,1,0,0,30,60,120,0,-65.47,-74.976,-406.83799999999997,-604.125,0,30,60,110,1,0,1330500,-10.523,-11.418999999999997,2.76,-42,34,-285,,-67.015,-94.453,-455.419,-638.553,43.84,65.14,43.55,108.31,false,false,-0.35,3.02,"單日成交金額低於5,000萬元；中期趨勢仍向下；20日趨勢尚未上彎；當下除權息調整價未守20日EMA"
481,6561,是方,TPEX,通信網路業,不建立部位,保護持有,protect,今天不新增部位；未完成確認前不機械式賣出,今天收盤後；若跌破，再看下一交易日是否收復,已有部位暫停加碼；若收盤跌破60日EMA約 325.09，且下一交易日仍未收復，先減碼三分之一；若ETF或外資繼續轉弱，再分批降低部位。,價格跌破60日EMA且20日趨勢向下,50.6,56.2,54.7,85,100,可用,317,316.75,16.38,1.88,37.23,53.51,68.34,7.57,21.11,7.48,4.51,3,0,-1,4,9,18,0,0,0,0,18,0,0,0,0,0,0,0,3,3,7.11,,,,,-3,-3,-3,15,45.98,55.05,38.04,89.07,false,false,-0.35,1.12,"單日成交金額低於5,000萬元；中期趨勢仍向下；外資持股尚未完成5／10日可比核對或期間有非市場異動；此項不給分，不解讀為轉弱；20日趨勢尚未上彎；當下除權息調整價未守20日EMA"
482,6577,勁豐,TPEX,電腦及週邊設備業,不建立部位,保護持有,protect,今天不新增部位；未完成確認前不機械式賣出,今天收盤後；若跌破，再看下一交易日是否收復,已有部位暫停加碼；若收盤跌破60日EMA約 79.55，且下一交易日仍未收復，先減碼三分之一；若ETF或外資繼續轉弱，再分批降低部位。,價格跌破60日EMA且20日趨勢向下,46.7,56.2,66.4,85,100,可用,79,79.4,2.79,3.43,18.63,45.78,188.58,3.52,10.93,3.36,6.33,1,1,3,4,6,8,0,16.559,16.559,16.559,5.559000000000001,1.659,1.659,1.659,1.659,1,0,131061,0.9,0.9,1.49,,,,,14,14,14,3,46.23,54.55,52.09,59.48,false,false,-0.75,0.38,"單日成交金額低於5,000萬元；中期趨勢仍向下；外資持股尚未完成5／10日可比核對或期間有非市場異動；此項不給分，不解讀為轉弱；20日趨勢尚未上彎；當下除權息調整價未守20日EMA"
483,2707,晶華,TWSE,觀光餐旅,不建立部位,降低部位,trim,停止加碼；反彈未站回恢復區時分批減碼,每個交易日收盤後，確認是否站回恢復區,已有部位先停止加碼。反彈若仍未站回 178.56，分批降低部位；只有站回且ETF／外資賣壓收斂後才重新評估。,價格跌破60日EMA且20日趨勢向下；外資持股5/10日下降且外資5日賣超,44.1,55.8,57.3,85,100,完整,177,177,7.58,5.56,27.28,57.65,154.04,8.62,12.26,5.8,6.07,1,0,0,0,0,0,0,-50.113,-141.162,-238.94600000000003,-466.535,0,-21,-26,-27,0,2,-3717000,8.649999999999999,6.615999999999999,6.84,-46,-135,-245,,-55,-128.812,-219.562,-435.007,41.22,30.19,26.06,38.46,true,false,-0.56,-0.28,"單日成交金額低於5,000萬元；中期趨勢仍向下；外資持股5/10日下降，且外資5日賣超；20日趨勢尚未上彎；當下除權息調整價未守20日EMA"
484,4123,晟德,TPEX,生技醫療業,不建立部位,保護持有,protect,今天不新增部位；未完成確認前不機械式賣出,今天收盤後；若跌破，再看下一交易日是否收復,已有部位暫停加碼；若收盤跌破60日EMA約 33.30，且下一交易日仍未收復，先減碼三分之一；若ETF或外資繼續轉弱，再分批降低部位。,價格跌破60日EMA且20日趨勢向下,45.5,55.1,59.2,85,100,可用,30.7,30.9,61.53,22.2,51.98,28.42,184.68,-11.24,23.23,1.36,7.27,1,0,0,0,0,-618,0,78.556,78.556,78.556,-2379.444,0,0,0,-618,0,0,0,-55.207,-55.207,9.18,,,,,133.763,133.763,133.763,-1750.237,38.45,84.31,71.04,110.87,false,false,-1.45,1.15,"單日成交金額低於5,000萬元；中期趨勢仍向下；外資持股尚未完成5／10日可比核對或期間有非市場異動；此項不給分，不解讀為轉弱；20日趨勢尚未上彎；當下除權息調整價未守20日EMA"
485,6155,鈞寶,TWSE,電子零組件業,不建立部位,保護持有,protect,今天不新增部位；未完成確認前不機械式賣出,今天收盤後；若跌破，再看下一交易日是否收復,已有部位暫停加碼；若收盤跌破60日EMA約 59.38，且下一交易日仍未收復，先減碼三分之一；若ETF或外資繼續轉弱，再分批降低部位。,價格跌破60日EMA且20日趨勢向下,50.3,55.1,57.4,85,100,完整,56,57.5,50.05,23.8,8.88,31.23,167.27,0.82,31.56,3.06,1.41,1,0,0,0,-3,-6,0,333.247,668.9449999999999,750.905,1214.338,0,0,-3,-10,0,0,0,-2,14,8.08,339,717,684,,334.247,670.9449999999999,739.905,1217.3049999999998,47.02,43.97,40.03,51.85,true,true,-1.02,0.54,"單日成交金額低於5,000萬元；中期趨勢仍向下；20日趨勢尚未上彎；單季稅前獲利對營業外貢獻依賴偏高"
486,2402,毅嘉,TWSE,電子零組件業,不建立部位,保護持有,protect,今天不新增部位；未完成確認前不機械式賣出,今天收盤後；若跌破，再看下一交易日是否收復,已有部位暫停加碼；若收盤跌破60日EMA約 57.44，且下一交易日仍未收復，先減碼三分之一；若ETF或外資繼續轉弱，再分批降低部位。,未觸發明確減碼訊號,55.5,55,44.4,85,100,完整,58.3,54.45,16.42,17.17,4.36,56.6,161.09,0.46,32.4,2.29,3.7,1,0,0,0,0,0,0,-151.348,-521.281,-1146.767,-3004.7349999999997,0,0,0,-61,0,0,0,-91.57300000000001,-369.00899999999996,5.41,-172,137,40,,-96.73,-429.708,-777.758,-2496.865,58.32,49.15,29.42,88.62,true,false,4.99,7.17,"單日成交金額低於5,000萬元；當下除權息調整價未守20日EMA"
487,4137,麗豐-KY,TWSE,生技醫療業,不建立部位,保護持有,protect,今天不新增部位；未完成確認前不機械式賣出,今天收盤後；若跌破，再看下一交易日是否收復,已有部位暫停加碼；若收盤跌破60日EMA約 88.96，且下一交易日仍未收復，先減碼三分之一；若ETF或外資繼續轉弱，再分批降低部位。,價格跌破60日EMA且20日趨勢向下,47.1,54.9,61.5,85,100,完整,78.8,78.8,-10.71,5.24,14.8,50.68,163.86,2.92,11.67,1.32,12.69,2,7,14,17,29,27,0,11.541,-50.956,-367.78100000000006,-869.2840000000001,6.865,16.573,28.483000000000004,25.843000000000004,4,0,1305952,5.471000000000001,-7.332999999999999,53.43,17,0,-130,,-1,-73,-388.931,-859.11,33.56,69.87,44.71,120.2,false,false,-2.17,3.28,"單日成交金額低於5,000萬元；中期趨勢仍向下；20日趨勢尚未上彎；當下除權息調整價未守20日EMA"
488,1712,興農,TWSE,化學工業,不建立部位,保護持有,protect,今天不新增部位；未完成確認前不機械式賣出,今天收盤後；若跌破，再看下一交易日是否收復,已有部位暫停加碼；若收盤跌破60日EMA約 39.94，且下一交易日仍未收復，先減碼三分之一；若ETF或外資繼續轉弱，再分批降低部位。,外資持股5/10日下降且外資5日賣超,57.4,54.7,45.8,85,100,完整,40.05,40,-2.71,4.31,8.25,47.84,141.74,1.56,15.11,2.05,6.24,2,37,72,89,154,110,0,-99.963,-896.684,-830.5760000000001,-178.83300000000008,37.159,113.708,177.18400000000003,125.63400000000003,4,0,4554005,-161.64100000000002,-193.65100000000004,12.75,-8,-721,-1133,,-159.572,-848.751,-814.1089999999999,-148.8499999999999,51.16,26.48,29.47,20.51,false,false,0.01,0.38,"單日成交金額低於5,000萬元；外資持股5/10日下降，且外資5日賣超；當下除權息調整價未守20日EMA"
489,6913,鴻呈,TPEX,電子零組件業,不建立部位,保護持有,protect,今天不新增部位；未完成確認前不機械式賣出,今天收盤後；若跌破，再看下一交易日是否收復,已有部位暫停加碼；若收盤跌破60日EMA約 134.98，且下一交易日仍未收復，先減碼三分之一；若ETF或外資繼續轉弱，再分批降低部位。,價格跌破60日EMA且20日趨勢向下,44.6,54.7,58.9,85,100,可用,130.5,129,25.04,35.39,13.78,51.27,228.81,4.11,19.86,3.27,1.92,1,0,0,0,0,0,0,-60.836,-60.836,-60.836,-316.836,0,0,0,0,0,0,0,-5.101,-5.101,5.22,,,,,-55.735,-55.735,-55.735,-242.735,43.2,46.62,28.44,82.99,true,false,-3.42,3.98,"單日成交金額低於5,000萬元；中期趨勢仍向下；外資持股尚未完成5／10日可比核對或期間有非市場異動；此項不給分，不解讀為轉弱；20日趨勢尚未上彎；當下除權息調整價未守20日EMA"
490,2243,宏旭-KY,TWSE,汽車工業,不建立部位,保護持有,protect,今天不新增部位；未完成確認前不機械式賣出,今天收盤後；若跌破，再看下一交易日是否收復,已有部位暫停加碼；若收盤跌破60日EMA約 44.05，且下一交易日仍未收復，先減碼三分之一；若ETF或外資繼續轉弱，再分批降低部位。,外資持股5/10日下降且外資5日賣超,53.8,54.5,34.2,85,100,完整,48.8,49.83,106.44,34.09,2.46,69.45,133.26,0.33,46.76,3.55,,1,0,0,0,-2,-4,0,0,-96.444,-339.276,-688.6070000000001,0,0,-2,-7,0,0,0,1.557,0.262,26.98,-1,-96,-321,,0,-98.001,-337.538,-699.869,58.99,61.92,64.69,56.39,false,false,4.96,2.52,"單日成交金額低於5,000萬元；外資持股5/10日下降，且外資5日賣超"
491,2015,豐興,TWSE,鋼鐵工業,不建立部位,保護持有,protect,今天不新增部位；未完成確認前不機械式賣出,今天收盤後；若跌破，再看下一交易日是否收復,已有部位暫停加碼；若收盤跌破60日EMA約 64.10，且下一交易日仍未收復，先減碼三分之一；若ETF或外資繼續轉弱，再分批降低部位。,外資持股5/10日下降且外資5日賣超,58.1,54.2,57.8,85,100,完整,65,65,9.67,-7.35,9.45,15.81,342.19,2.36,15.19,1.71,5.08,3,0,0,0,0,-120,0,39.07,-115.615,-50.08499999999999,-95.09600000000002,0,0,0,-116.313,0,0,0,63,42,12.8,15,-174,-138,,7.07,-178.61499999999998,-92.08499999999995,-53.78299999999997,55.51,72.27,57.04,102.75,true,false,0.77,0.62,"單日成交金額低於5,000萬元；累計營收負成長且當月改善不足；外資持股5/10日下降，且外資5日賣超"
492,1726,永記,TWSE,化學工業,不建立部位,降低部位,trim,停止加碼；反彈未站回恢復區時分批減碼,每個交易日收盤後，確認是否站回恢復區,已有部位先停止加碼。反彈若仍未站回 77.36，分批降低部位；只有站回且ETF／外資賣壓收斂後才重新評估。,價格跌破60日EMA且20日趨勢向下；外資持股5/10日下降且外資5日賣超,44.6,54,71.1,85,100,完整,76.9,76.2,0.15,3.8,13.07,18.14,405.41,3.66,12,1.18,4.81,1,0,0,0,0,0,0,2.82,-8.973,-30.301000000000002,-67.351,0,0,0,0,0,0,0,4,0,12.59,0,-16,-33,,-0.18,-12.972999999999999,-30.301000000000002,-67.351,45.57,26.8,26.83,26.74,false,false,-0.27,0.39,"單日成交金額低於5,000萬元；中期趨勢仍向下；外資持股5/10日下降，且外資5日賣超；20日趨勢尚未上彎；當下除權息調整價未守20日EMA"
493,1227,佳格,TWSE,食品工業,不建立部位,降低部位,trim,停止加碼；反彈未站回恢復區時分批減碼,每個交易日收盤後，確認是否站回恢復區,已有部位先停止加碼。反彈若仍未站回 28.87，分批降低部位；只有站回且ETF／外資賣壓收斂後才重新評估。,價格跌破60日EMA且20日趨勢向下；外資持股5/10日下降且外資5日賣超,50.7,53.9,49.2,85,100,完整,28.6,28.53,10.7,7.39,4.15,40.08,164.89,0.8,17.67,1.41,4.71,1,0,0,0,0,0,0,-89.798,-502.339,-804.46,-2997.9400000000005,0,-128,-144,-141.695,0,2,-3641600,58.49099999999999,50.86999999999999,6.88,68,-217,-393,,-131.795,-432.83,-711.3299999999999,-2958.998,49.82,54.29,32.46,97.94,true,false,0.27,1.06,"單日成交金額低於5,000萬元；中期趨勢仍向下；外資持股5/10日下降，且外資5日賣超；20日趨勢尚未上彎"
494,2535,達欣工,TWSE,建材營造,不建立部位,保護持有,protect,今天不新增部位；未完成確認前不機械式賣出,今天收盤後；若跌破，再看下一交易日是否收復,已有部位暫停加碼；若收盤跌破60日EMA約 88.46，且下一交易日仍未收復，先減碼三分之一；若ETF或外資繼續轉弱，再分批降低部位。,外資持股5/10日下降且外資5日賣超,53.1,53.6,46.4,85,100,完整,90.1,98,44.17,24.72,9.12,64.06,185.27,6.32,8.84,2.17,5.09,1,0,0,0,0,-241,0,-33.95,-104.123,-96.85600000000001,-588.642,0,-29,-35,-277,0,2,-2618700,25.287000000000003,18.297,6.94,-31,-174,-242,,-44.93,-100.41,-80.15299999999999,-334.558,52.67,56.64,54.04,61.83,true,false,0.52,0.45,"單日成交金額低於5,000萬元；外資持股5/10日下降，且外資5日賣超；20日趨勢尚未上彎"
495,3703,欣陸,TWSE,建材營造,不建立部位,保護持有,protect,今天不新增部位；未完成確認前不機械式賣出,今天收盤後；若跌破，再看下一交易日是否收復,已有部位暫停加碼；若收盤跌破60日EMA約 20.18，且下一交易日仍未收復，先減碼三分之一；若ETF或外資繼續轉弱，再分批降低部位。,外資持股5/10日下降且外資5日賣超,58.8,53.6,38.7,85,100,完整,20.15,20.2,15.27,-6.39,5.41,70.54,121.44,0.57,10.18,0.6,5.24,1,0,0,1,1,-1,0,33.827,-277.903,-746.0540000000001,-3487.6890000000003,0,-89,-100,-104,0,2,-1784450,48,39,19.59,39,-56,-1380,,-15.173,-236.90300000000002,-685.0540000000001,-3511.925,57.04,50.92,48.86,55.05,true,false,1.52,2.54,"單日成交金額低於5,000萬元；外資持股5/10日下降，且外資5日賣超"
496,9802,鈺齊-KY,TWSE,運動休閒,不建立部位,保護持有,protect,今天不新增部位；未完成確認前不機械式賣出,今天收盤後；若跌破，再看下一交易日是否收復,已有部位暫停加碼；若收盤跌破60日EMA約 71.20，且下一交易日仍未收復，先減碼三分之一；若ETF或外資繼續轉弱，再分批降低部位。,價格跌破60日EMA且20日趨勢向下,43.5,53.6,56.9,85,100,完整,64.9,65.25,35.31,8.32,5.03,39.53,126.09,1.78,12.8,0.96,7.86,2,-90,-90,-125,197,1002,-125,-97.393,-124.715,-1762.814,-205.23899999999986,-90,-184,130,-105,0,4,-11941600,12.411,7.987999999999998,41.78,58,342,-888,,-16.373,46.873999999999995,-1900.8020000000001,-370.84900000000016,31.66,17.13,17.56,16.28,false,false,-4.43,1.41,"單日成交金額低於5,000萬元；中期趨勢仍向下；ETF 1/3日已轉為減碼；主動ETF 5日轉為減碼；20日趨勢尚未上彎；當下除權息調整價未守20日EMA"
497,2385,群光,TWSE,電子零組件業,不建立部位,優先降低風險,risk,依風險與流動性分批降低部位,風險解除且基本面與趨勢重新確認後,已有部位應優先降低曝險；目前觸發「單月與累計營收同步明顯衰退」。待事件解除或基本面重新確認後再評估。,單月與累計營收同步明顯衰退,60.7,53.2,49.6,85,100,可用,108,107,-23.13,-8.49,5.03,52.04,143.4,5.06,11.9,1.73,6.79,23,472,-323,-131,106,-188,0,585.329,2204.97,781.1759999999997,7365.388,472.146,-87.74199999999999,163.245,-103.76700000000001,4,1,-9300652,82.387,118.74800000000002,24.62,267,2566,2751,,53.621,2210.325,499.183,7497.965999999999,54.73,61.55,47.16,90.34,true,false,1.51,2.37,營收動能同步衰退；累計營收負成長且當月改善不足
498,2491,吉祥全,TWSE,光電業,不建立部位,保護持有,protect,今天不新增部位；未完成確認前不機械式賣出,今天收盤後；若跌破，再看下一交易日是否收復,已有部位暫停加碼；若收盤跌破60日EMA約 37.37，且下一交易日仍未收復，先減碼三分之一；若ETF或外資繼續轉弱，再分批降低部位。,外資持股5/10日下降且外資5日賣超,51.3,53.2,64.5,85,100,完整,41.4,41.8,10.9,-3.23,-170.2,17.78,507.82,29.98,1.29,0.83,,1,0,0,0,-3,-4,0,-9.77,-112.634,-295.356,-133.31400000000002,0,0,-3,-7,0,0,0,-39,-36,10.14,-17,-74,-250,,-7.77,-73.634,-256.356,-79.156,51.59,46.94,31.35,78.1,false,false,0.34,4.81,"單日成交金額低於5,000萬元；外資持股5/10日下降，且外資5日賣超；單季稅前獲利對營業外貢獻依賴偏高"
499,3060,銘異,TWSE,電腦及週邊設備業,不建立部位,降低部位,trim,停止加碼；反彈未站回恢復區時分批減碼,每個交易日收盤後，確認是否站回恢復區,已有部位先停止加碼。反彈若仍未站回 28.41，分批降低部位；只有站回且ETF／外資賣壓收斂後才重新評估。,價格跌破60日EMA且20日趨勢向下；外資持股5/10日下降且外資5日賣超,48.1,52.9,52.2,85,100,完整,26.7,27.05,46.39,23.06,4.73,40.82,202.51,0.68,39.85,1.34,0.75,1,0,0,0,-6,-11,0,-35.837,-345.74800000000005,-881.05,-2092.1769999999997,0,0,-6,-20,0,0,0,4.145999999999999,6.201999999999999,10.01,-35,-273,-592,,-41.839,-349.894,-881.252,-2070.874,46.79,56.58,45.65,78.44,true,false,-0.14,2.1,"單日成交金額低於5,000萬元；中期趨勢仍向下；外資持股5/10日下降，且外資5日賣超；20日趨勢尚未上彎"
500,9935,慶豐富,TWSE,居家生活,不建立部位,降低部位,trim,停止加碼；反彈未站回恢復區時分批減碼,每個交易日收盤後，確認是否站回恢復區,已有部位先停止加碼。反彈若仍未站回 19.29，分批降低部位；只有站回且ETF／外資賣壓收斂後才重新評估。,價格跌破60日EMA且20日趨勢向下；外資持股5/10日下降且外資5日賣超,45.2,52.9,54.1,85,100,完整,18.25,18.25,-4.68,6.4,11.62,70.48,125.46,1.12,7.39,1.2,6.58,1,14,28,34,59,56,0,-125.098,-266.11,-1197.8519999999999,-881.9039999999999,14.134,34.122,58.646,60.329,4,0,622727,10,-48,6.11,-137,-277,-1104,,-142.232,-310.23199999999997,-1208.498,-938.2330000000001,34.67,15.83,11.73,24.04,true,false,-3.49,2.24,"單日成交金額低於5,000萬元；中期趨勢仍向下；外資持股5/10日下降，且外資5日賣超；20日趨勢尚未上彎；當下除權息調整價未守20日EMA"
501,3059,華晶科,TWSE,光電業,不建立部位,保護持有,protect,今天不新增部位；未完成確認前不機械式賣出,今天收盤後；若跌破，再看下一交易日是否收復,已有部位暫停加碼；若收盤跌破60日EMA約 40.25，且下一交易日仍未收復，先減碼三分之一；若ETF或外資繼續轉弱，再分批降低部位。,價格跌破60日EMA且20日趨勢向下,54.2,52.8,56.1,85,100,完整,38.85,38.38,8.25,7.21,6.46,35.86,200.37,0.64,30.28,1.15,2.62,2,0,0,50,110,187,0,-272.853,435.484,-433.59900000000005,-73.66800000000006,0,50,110,175,1,0,1907500,-25.18,-63.36300000000001,7.66,-157,601,-18,,-275,410.664,-480.236,-56.11499999999995,49.35,62.1,41.42,103.46,false,false,0.67,4.3,"單日成交金額低於5,000萬元；中期趨勢仍向下；20日趨勢尚未上彎；當下除權息調整價未守20日EMA"
502,2915,潤泰全,TWSE,貿易百貨,不建立部位,優先降低風險,risk,依風險與流動性分批降低部位,風險解除且基本面與趨勢重新確認後,已有部位應優先降低曝險；目前觸發「ETF 5/10日同步減碼」。待事件解除或基本面重新確認後再評估。,ETF 5/10日同步減碼；單月與累計營收同步明顯衰退,54.1,52.7,62.6,85,100,完整,59,59,-15.65,-21.69,6.83,8.24,192.43,8.96,4.24,0.38,3.22,2,0,-487,-494,-503,-461,0,-19.662,952.1849999999998,978.1949999999998,2796.198,0,-494,-503,-463.511,0,2,-29146000,-287.504,-315.435,6.42,194,2438,2659,,-139.813,1733.689,1796.63,3593.4910000000004,61.52,73.49,60.38,99.72,true,false,2.67,4.06,營收動能同步衰退；累計營收負成長且當月改善不足；ETF短中期同步減碼；20日趨勢尚未上彎；單季稅前獲利對營業外貢獻依賴偏高
503,7722,LINEPAY,TWSE,數位雲端,不建立部位,降低部位,trim,停止加碼；反彈未站回恢復區時分批減碼,每個交易日收盤後，確認是否站回恢復區,已有部位先停止加碼。反彈若仍未站回 279.72，分批降低部位；只有站回且ETF／外資賣壓收斂後才重新評估。,價格跌破60日EMA且20日趨勢向下；外資持股5/10日下降且外資5日賣超,45,52.4,53.9,85,100,完整,262.5,263.5,8.66,13.82,6.41,56.57,181.62,4.35,31.25,1.62,0.76,1,0,0,0,-1,-2,0,-10.455,-15.45,-40.525999999999996,-48.657000000000004,0,6,5,4,1,0,1575000,6,3.9419999999999993,58.76,-13,-32,-49,,-13.455,-27.450000000000003,-49.46800000000002,-70.26300000000002,38.9,28.46,23.38,38.64,false,false,-3.16,-1.13,"單日成交金額低於5,000萬元；中期趨勢仍向下；外資持股5/10日下降，且外資5日賣超；20日趨勢尚未上彎；當下除權息調整價未守20日EMA"
504,1707,葡萄王,TWSE,生技醫療業,不建立部位,優先降低風險,risk,依風險與流動性分批降低部位,風險解除且基本面與趨勢重新確認後,已有部位應優先降低曝險；目前觸發「價格跌破60日EMA且20日趨勢向下」。待事件解除或基本面重新確認後再評估。,價格跌破60日EMA且20日趨勢向下；外資持股5/10日下降且外資5日賣超；單月與累計營收同步明顯衰退,48,52.2,63.4,85,100,完整,95,88.1,-20.14,-5.36,15.96,22.65,158.79,2.75,11.26,1.26,6.87,1,0,0,0,0,0,0,-79.1,-835.828,-1180.677,-1704.1909999999998,0,0,0,-1,0,0,0,-1.2460000000000013,-7.395000000000001,12.63,-92,-665,-1249,,-84.09,-834.582,-1173.2819999999997,-1695.4939999999997,65.91,44.18,28.9,74.75,true,false,6.03,9.07,"單日成交金額低於5,000萬元；營收動能同步衰退；累計營收負成長且當月改善不足；外資持股5/10日下降，且外資5日賣超；20日趨勢尚未上彎；當下除權息調整價未守20日EMA"
505,2546,根基,TWSE,建材營造,不建立部位,保護持有,protect,今天不新增部位；未完成確認前不機械式賣出,今天收盤後；若跌破，再看下一交易日是否收復,已有部位暫停加碼；若收盤跌破60日EMA約 97.59，且下一交易日仍未收復，先減碼三分之一；若ETF或外資繼續轉弱，再分批降低部位。,未觸發明確減碼訊號,57.5,51.7,45.6,85,100,完整,105.5,107,-24.41,11.19,12.17,61.6,158.04,8.89,7.12,2.12,5.63,3,0,0,0,0,-163,0,70.109,4.187999999999988,-24.460000000000015,-550.391,0,0,0,-164,0,0,0,21,19.201999999999998,4.13,65,-21,16,,68.109,-16.812000000000005,-43.662000000000006,-445.9990000000001,54.54,56.27,45.83,77.15,false,false,1.05,3.43,"單日成交金額低於5,000萬元；20日趨勢尚未上彎"
506,2204,中華,TWSE,汽車工業,不建立部位,降低部位,trim,停止加碼；反彈未站回恢復區時分批減碼,每個交易日收盤後，確認是否站回恢復區,已有部位先停止加碼。反彈若仍未站回 53.61，分批降低部位；只有站回且ETF／外資賣壓收斂後才重新評估。,價格跌破60日EMA且20日趨勢向下；外資持股5/10日下降且外資5日賣超,47.7,51.5,62,85,100,完整,52.9,52.7,-3.04,9.09,5.12,24.02,123.61,3.19,8.58,0.76,6.83,3,36,74,92,154,115,0,-60.085,-563.816,-930.491,1717.174,36.265,-12.311,36.836,-2654.708,2,2,-648790,57.635000000000005,44.212,18.78,-64,-284,-708,,-127.995,-609.14,-1011.5390000000001,4331.7080000000005,47.2,36.85,25.39,59.78,true,false,-0.33,0.57,"單日成交金額低於5,000萬元；中期趨勢仍向下；外資持股5/10日下降，且外資5日賣超；20日趨勢尚未上彎；當下除權息調整價未守20日EMA"
507,2247,汎德永業,TWSE,汽車工業,不建立部位,保護持有,protect,今天不新增部位；未完成確認前不機械式賣出,今天收盤後；若跌破，再看下一交易日是否收復,已有部位暫停加碼；若收盤跌破60日EMA約 228.68，且下一交易日仍未收復，先減碼三分之一；若ETF或外資繼續轉弱，再分批降低部位。,未觸發明確減碼訊號,60.2,51.5,48.1,85,100,完整,231.5,231,0.71,-20.63,3.09,41.1,269.81,6.55,16.7,1.47,6.26,2,3,6,7,13,12,0,17.285,47.293,95.658,228.31200000000004,3.285,-2.0699999999999994,-1.3699999999999997,-2.6769999999999996,2,2,-479205,1,0.609,4.09,13,71,100,,13,48.363,96.41900000000001,230.38000000000002,56.57,61.58,51.66,81.42,true,false,0.64,0.87,"單日成交金額低於5,000萬元；累計營收負成長且當月改善不足"
508,6743,安普新,TWSE,其他電子業,不建立部位,保護持有,protect,今天不新增部位；未完成確認前不機械式賣出,今天收盤後；若跌破，再看下一交易日是否收復,已有部位暫停加碼；若收盤跌破60日EMA約 28.35，且下一交易日仍未收復，先減碼三分之一；若ETF或外資繼續轉弱，再分批降低部位。,未觸發明確減碼訊號,58.3,51.5,32.4,85,100,完整,29.4,29.43,12.68,10.16,4.18,75.63,84.26,0,26.49,1.9,10.2,1,13,24,30,51,44,0,93.522,86.33900000000003,243.99,292.92100000000005,12.278,29.642000000000003,50.946,47.791,4,0,871475,9,12,3.74,79,95,276,,75.244,47.696999999999996,181.04399999999995,226.12999999999988,61.83,72.97,77.24,64.43,false,false,2.65,0.51,"單日成交金額低於5,000萬元"
509,2010,春源,TWSE,鋼鐵工業,不建立部位,降低部位,trim,停止加碼；反彈未站回恢復區時分批減碼,每個交易日收盤後，確認是否站回恢復區,已有部位先停止加碼。反彈若仍未站回 22.40，分批降低部位；只有站回且ETF／外資賣壓收斂後才重新評估。,價格跌破60日EMA且20日趨勢向下；外資持股5/10日下降且外資5日賣超,46.5,51.2,54.7,85,100,完整,22,22.25,-6.24,4.31,7.89,45.34,176.99,1.35,8.76,1.14,9.09,1,0,0,0,0,0,0,46.865,-221.409,-742.4010000000001,5070.585999999999,0,0,0,0,0,0,0,110.066,105.259,8.64,3,-40,-505,,20.865,-331.475,-847.6600000000001,4950.312,45.39,34.26,27.21,48.36,true,false,-0.75,0.92,"單日成交金額低於5,000萬元；中期趨勢仍向下；外資持股5/10日下降，且外資5日賣超；20日趨勢尚未上彎"
510,4933,友輝,TPEX,光電業,不建立部位,優先降低風險,risk,依風險與流動性分批降低部位,風險解除且基本面與趨勢重新確認後,已有部位應優先降低曝險；目前觸發「價格跌破60日EMA且20日趨勢向下」。待事件解除或基本面重新確認後再評估。,價格跌破60日EMA且20日趨勢向下；單月與累計營收同步明顯衰退,44,51.1,73.4,85,100,可用,57.2,51.9,-35.64,-13.53,16.56,25.33,348.18,2.91,7.21,1.11,5.55,1,0,0,0,0,0,0,-0.128,-0.128,-0.128,-12.128,0,0,0,0,0,0,0,-0.057,-0.057,7.73,,,,,-0.071,-0.071,-0.071,-11.071,66.19,45.58,26.15,84.45,true,false,7.33,11.72,"單日成交金額低於5,000萬元；營收動能同步衰退；累計營收負成長且當月改善不足；外資持股尚未完成5／10日可比核對或期間有非市場異動；此項不給分，不解讀為轉弱；20日趨勢尚未上彎；當下除權息調整價未守20日EMA；強勢上漲後盤中急跌反轉"
511,2528,皇普,TWSE,建材營造,不建立部位,優先降低風險,risk,依風險與流動性分批降低部位,風險解除且基本面與趨勢重新確認後,已有部位應優先降低曝險；目前觸發「單月與累計營收同步明顯衰退」。待事件解除或基本面重新確認後再評估。,單月與累計營收同步明顯衰退,53.5,51,53.3,85,100,完整,19.7,20.35,-76.39,-62.18,23.42,65.26,190.14,0.57,8.01,1.14,15.23,1,34,68,83,144,164,0,-120.851,-188.32699999999997,47.05400000000003,814.71,34.699,83.76799999999999,143.974,160.80499999999998,4,0,1650230,-621.545,-626.545,1.62,63,-126,-324,,117.45,349.45,529.625,1558.45,45.21,34.59,31.61,40.57,true,false,-0.97,1.55,"單日成交金額低於5,000萬元；營收動能同步衰退；累計營收負成長且當月改善不足；中期趨勢仍向下；ETF加碼，但外資持股5/10日同步下降；20日趨勢尚未上彎"
512,2458,義隆,TWSE,半導體業,不建立部位,優先降低風險,risk,依風險與流動性分批降低部位,風險解除且基本面與趨勢重新確認後,已有部位應優先降低曝險；目前觸發「價格跌破60日EMA且20日趨勢向下」。待事件解除或基本面重新確認後再評估。,價格跌破60日EMA且20日趨勢向下；ETF 5/10日同步減碼；投信5/10日持續且具金額意義地賣超,49.6,50.5,61.2,85,100,完整,133.5,138,-36.72,-3.41,22.95,31.65,227.9,5.53,12.27,3.37,5.36,16,-128,-129,-233,-702,-883,0,42.01,12.900000000000034,-512.56,-9087.991,-128.195,-283.87699999999995,-1074.2669999999998,-2369.8419999999996,1,3,-37471764,183.965,163.121,19.51,166,304,1130,,136.003,112.81199999999998,398.586,-6632.495000000001,45.39,71.39,48.5,117.18,false,false,0.09,5.53,營收動能同步衰退；累計營收負成長且當月改善不足；中期趨勢仍向下；ETF短中期同步減碼；ETF 1/3日已轉為減碼；投信5/10日持續且具金額意義的賣超；20日趨勢尚未上彎
513,6189,豐藝,TWSE,電子通路業,不建立部位,降低部位,trim,停止加碼；反彈未站回恢復區時分批減碼,每個交易日收盤後，確認是否站回恢復區,已有部位先停止加碼。反彈若仍未站回 48.39，分批降低部位；只有站回且ETF／外資賣壓收斂後才重新評估。,價格跌破60日EMA且20日趨勢向下；ETF 5/10日同步減碼,46.3,50.4,49.8,85,100,完整,47.45,48.15,11.83,0.18,4.79,62.16,154.02,2.01,11.89,2.1,5.61,3,-4,-6,-6,-13,-40,0,198.902,594.369,233.89600000000002,1505.656,-3.434,-5.399,-12.269,-34.117,0,2,-259962,14.657,2.705999999999999,8.47,215,780,680,,198.111,585.111,243.45899999999997,1538.3999999999999,47.97,61.17,44.99,93.52,false,false,-0.17,0.85,"單日成交金額低於5,000萬元；中期趨勢仍向下；ETF短中期同步減碼；ETF 1/3日已轉為減碼；20日趨勢尚未上彎"
514,1537,廣隆,TWSE,電機機械,不建立部位,保護持有,protect,今天不新增部位；未完成確認前不機械式賣出,今天收盤後；若跌破，再看下一交易日是否收復,已有部位暫停加碼；若收盤跌破60日EMA約 121.05，且下一交易日仍未收復，先減碼三分之一；若ETF或外資繼續轉弱，再分批降低部位。,價格跌破60日EMA且20日趨勢向下,47,50.3,60.7,85,100,完整,117,116.75,10.98,2.73,11.23,32.26,319,4.01,14.15,2.27,6.15,1,0,0,0,0,-51,0,33,20,-66.132,-323.403,0,0,0,0,0,0,0,-10,-8,15.36,46,78,5,,47,30.000000000000004,-58.13199999999999,-311.874,44,74.31,50.32,122.29,false,false,-0.17,1.74,"單日成交金額低於5,000萬元；中期趨勢仍向下；20日趨勢尚未上彎；當下除權息調整價未守20日EMA"
515,2718,全心投控,TPEX,建材營造,不建立部位,優先降低風險,risk,依風險與流動性分批降低部位,風險解除且基本面與趨勢重新確認後,已有部位應優先降低曝險；目前觸發「價格跌破60日EMA且20日趨勢向下」。待事件解除或基本面重新確認後再評估。,價格跌破60日EMA且20日趨勢向下；單月與累計營收同步明顯衰退,42.9,50.2,75.8,85,100,可用,40.7,40.73,-93.1,-89.69,33.05,17.92,536.6,2.72,3.91,0.57,13.69,1,3,6,7,11,11,0,3.893,3.893,3.893,-13.107,2.893,2.893,2.893,2.893,1,0,117745,0,0,0.54,,,,,1,1,1,-6,35.95,46.93,29.42,81.96,false,false,-2.83,1.5,"單日成交金額低於5,000萬元；營收動能同步衰退；累計營收負成長且當月改善不足；中期趨勢仍向下；外資持股尚未完成5／10日可比核對或期間有非市場異動；此項不給分，不解讀為轉弱；20日趨勢尚未上彎；當下除權息調整價未守20日EMA；單季稅前獲利對營業外貢獻依賴偏高"
516,5471,松翰,TWSE,半導體業,不建立部位,降低部位,trim,停止加碼；反彈未站回恢復區時分批減碼,每個交易日收盤後，確認是否站回恢復區,已有部位先停止加碼。反彈若仍未站回 55.52，分批降低部位；只有站回且ETF／外資賣壓收斂後才重新評估。,價格跌破60日EMA且20日趨勢向下；外資持股5/10日下降且外資5日賣超,42.6,50.2,63.8,85,100,完整,52.1,51.8,20.44,28.77,10.2,18.75,428.52,1.2,31.39,2.42,1.54,1,0,0,0,0,0,0,-87.81,-234.98600000000002,-2728.683,-2467.6870000000004,0,0,0,0,0,0,0,-33.79900000000001,-15.359000000000007,10.39,-35,-113,-2232,,-110.815,-201.18699999999995,-2713.324,-2422.951,39.47,22.21,16.03,34.57,true,false,-4.43,1.96,"單日成交金額低於5,000萬元；中期趨勢仍向下；外資持股5/10日下降，且外資5日賣超；20日趨勢尚未上彎；當下除權息調整價未守20日EMA"
517,2373,震旦行,TWSE,其他電子業,不建立部位,保護持有,protect,今天不新增部位；未完成確認前不機械式賣出,今天收盤後；若跌破，再看下一交易日是否收復,已有部位暫停加碼；若收盤跌破60日EMA約 53.96，且下一交易日仍未收復，先減碼三分之一；若ETF或外資繼續轉弱，再分批降低部位。,價格跌破60日EMA且20日趨勢向下,43,49.8,54.9,85,100,完整,53.1,52.75,3.6,-1.83,5.2,51.07,134.22,1.63,14.2,1.61,6.97,1,0,0,0,0,0,0,17,11,46.391,34.391,0,0,0,0,0,0,0,11,7,1.41,12,-3,36,,12,0,39.391,28.391,47.84,39.4,31.04,56.12,true,false,0,0.38,"單日成交金額低於5,000萬元；累計營收負成長且當月改善不足；中期趨勢仍向下；20日趨勢尚未上彎；當下除權息調整價未守20日EMA"
518,2387,精元,TWSE,電腦及週邊設備業,不建立部位,優先降低風險,risk,依風險與流動性分批降低部位,風險解除且基本面與趨勢重新確認後,已有部位應優先降低曝險；目前觸發「外資持股5/10日下降且外資5日賣超」。待事件解除或基本面重新確認後再評估。,外資持股5/10日下降且外資5日賣超；單月與累計營收同步明顯衰退,55.6,49.8,52.7,85,100,完整,36.85,36.83,-17.12,-13.16,1.59,42.64,184.67,0.66,12.37,0.68,10.85,3,27,49,61,107,99,0,90.831,63.477999999999994,-15.704999999999998,-846.472,26.341,60.947,106.651,94.704,4,0,2245897,15.49,8.895,8.73,72,-71,-198,,61,-12.958999999999996,-131.251,-963.231,52.09,69.67,55.09,98.84,true,false,0.68,2.08,"單日成交金額低於5,000萬元；營收動能同步衰退；累計營收負成長且當月改善不足；外資持股5/10日下降，且外資5日賣超"
519,4755,三福化,TWSE,化學工業,不建立部位,保護持有,protect,今天不新增部位；未完成確認前不機械式賣出,今天收盤後；若跌破，再看下一交易日是否收復,已有部位暫停加碼；若收盤跌破60日EMA約 120.78，且下一交易日仍未收復，先減碼三分之一；若ETF或外資繼續轉弱，再分批降低部位。,價格跌破60日EMA且20日趨勢向下,47.7,49.8,51.1,85,100,完整,113,113.5,10.88,1.6,10.78,33.59,165.2,2.33,24.62,1.67,3.27,1,0,0,0,0,0,0,67.851,72.831,-105.697,-51.533000000000015,0,0,0,10,0,0,0,28,26.69,22.92,78,68,-64,,63.851,44.831,-132.387,-123.387,43.13,43.63,33.89,63.11,false,false,-1.46,1.35,"單日成交金額低於5,000萬元；中期趨勢仍向下；20日趨勢尚未上彎；當下除權息調整價未守20日EMA"
520,1907,永豐餘,TWSE,造紙工業,不建立部位,保護持有,protect,今天不新增部位；未完成確認前不機械式賣出,今天收盤後；若跌破，再看下一交易日是否收復,已有部位暫停加碼；若收盤跌破60日EMA約 28.86，且下一交易日仍未收復，先減碼三分之一；若ETF或外資繼續轉弱，再分批降低部位。,ETF 5/10日同步減碼,49.2,49.7,43.5,85,100,完整,29.25,29.18,6.03,5,0.15,43.8,126.95,0.47,17.21,0.53,3.42,3,0,-46,-124,-83,-479,-105,10.824,32.59300000000002,-264.76200000000006,2493.542,0,-123.467,-80.723,-497.935,1,2,-3611410,41.995,18.994999999999997,13.02,-33,114,-71,,-83.176,114.06499999999997,-203.0340000000001,2973.482,47.43,50.47,35.4,80.61,true,false,-0.54,0.86,"單日成交金額低於5,000萬元；ETF短中期同步減碼；主動ETF 5日轉為減碼；20日趨勢尚未上彎；當下除權息調整價未守20日EMA；單季稅前獲利對營業外貢獻依賴偏高"
521,6768,志強-KY,TWSE,運動休閒,不建立部位,降低部位,trim,停止加碼；反彈未站回恢復區時分批減碼,每個交易日收盤後，確認是否站回恢復區,已有部位先停止加碼。反彈若仍未站回 68.53，分批降低部位；只有站回且ETF／外資賣壓收斂後才重新評估。,價格跌破60日EMA且20日趨勢向下；ETF 5/10日同步減碼,44,49.2,58,85,100,完整,65.2,62.1,6.86,-2.38,5.93,38.72,218.82,2.67,12.61,0.86,8.2,1,-2,-2,-2,-6,-20,0,-18.488,264.74199999999996,-95.81400000000006,-120.65099999999998,-1.981,-1.981,-19.945,-689.9449999999999,0,1,-124605,0.6600000000000001,-0.36699999999999977,57.78,8,141,-271,,-18.507,266.063,-75.50200000000004,566.672,54.31,59.28,37.91,102.03,false,false,2.24,5.67,"單日成交金額低於5,000萬元；累計營收負成長且當月改善不足；中期趨勢仍向下；ETF短中期同步減碼；ETF 1/3日已轉為減碼；20日趨勢尚未上彎；當下除權息調整價未守20日EMA"
522,6143,振曜,TPEX,通信網路業,不建立部位,降低部位,trim,停止加碼；反彈未站回恢復區時分批減碼,每個交易日收盤後，確認是否站回恢復區,已有部位先停止加碼。反彈若仍未站回 89.25，分批降低部位；只有站回且ETF／外資賣壓收斂後才重新評估。,價格跌破60日EMA且20日趨勢向下；ETF 5/10日同步減碼,40,49.1,61.8,85,100,可用,82.8,83.9,-12.97,11.48,10.45,43.35,196.37,3.03,10.52,2.52,7.25,1,0,-1,-1,-1,-1,0,-4.086,-4.086,-4.086,-241.086,0,0,0,0,0,0,0,-2.086,-2.086,5.39,,,,,-2,-2,-2,-204,37.27,44.97,28.73,77.46,false,false,-2.4,3.24,"單日成交金額低於5,000萬元；中期趨勢仍向下；ETF短中期同步減碼；外資持股尚未完成5／10日可比核對或期間有非市場異動；此項不給分，不解讀為轉弱；20日趨勢尚未上彎；當下除權息調整價未守20日EMA"
523,4549,桓達,TPEX,電機機械,不建立部位,保護持有,protect,今天不新增部位；未完成確認前不機械式賣出,今天收盤後；若跌破，再看下一交易日是否收復,已有部位暫停加碼；若收盤跌破60日EMA約 97.07，且下一交易日仍未收復，先減碼三分之一；若ETF或外資繼續轉弱，再分批降低部位。,價格跌破60日EMA且20日趨勢向下,45.3,49,61.6,85,100,可用,97,96.85,5.66,-6.99,23.7,33.36,475.96,2.28,23.83,2.93,3.3,1,0,0,0,0,0,0,13.546,13.546,13.546,62.546,0,0,0,0,0,0,0,0.546,0.546,3.73,,,,,13,13,13,61,50.35,38.32,29.11,56.72,true,false,0.09,1.68,"單日成交金額低於5,000萬元；累計營收負成長且當月改善不足；中期趨勢仍向下；外資持股尚未完成5／10日可比核對或期間有非市場異動；此項不給分，不解讀為轉弱；20日趨勢尚未上彎；當下除權息調整價未守20日EMA"
524,8938,明安,TPEX,運動休閒,不建立部位,保護持有,protect,今天不新增部位；未完成確認前不機械式賣出,今天收盤後；若跌破，再看下一交易日是否收復,已有部位暫停加碼；若收盤跌破60日EMA約 53.13，且下一交易日仍未收復，先減碼三分之一；若ETF或外資繼續轉弱，再分批降低部位。,價格跌破60日EMA且20日趨勢向下,41.8,48.8,57.9,85,100,可用,50.4,51.4,17.8,-3.04,3,40.38,202.65,1.34,9.6,1.01,7.94,1,14,26,33,56,149,0,-18.436,-18.436,-18.436,112.564,13.369,13.369,13.369,107.369,1,0,673798,2,2,6.61,,,,,-33.805,-33.805,-33.805,2.1950000000000003,35.59,28.8,45.58,-4.76,false,true,-2.68,-3.45,"單日成交金額低於5,000萬元；中期趨勢仍向下；外資持股尚未完成5／10日可比核對或期間有非市場異動；此項不給分，不解讀為轉弱；20日趨勢尚未上彎；當下除權息調整價未守20日EMA"
525,4968,立積,TWSE,半導體業,不建立部位,保護持有,protect,今天不新增部位；未完成確認前不機械式賣出,今天收盤後；若跌破，再看下一交易日是否收復,已有部位暫停加碼；若收盤跌破60日EMA約 96.42，且下一交易日仍未收復，先減碼三分之一；若ETF或外資繼續轉弱，再分批降低部位。,未觸發明確減碼訊號,52.8,48.7,54.2,85,100,完整,92,93.8,-2.44,2.84,3.27,25.03,385.26,1,24.86,3.14,1.74,2,0,0,0,0,0,0,45.367,395.20399999999995,413.847,782.0150000000001,0,0,0,-20,0,0,0,32.758,9.545000000000002,4.89,35,435,62,,39.94,362.446,404.3020000000001,816.9810000000001,50.38,66.24,49.74,99.25,false,false,0.99,3.37,"單日成交金額低於5,000萬元"
526,3622,洋華,TWSE,光電業,不建立部位,優先降低風險,risk,依風險與流動性分批降低部位,風險解除且基本面與趨勢重新確認後,已有部位應優先降低曝險；目前觸發「價格跌破60日EMA且20日趨勢向下」。待事件解除或基本面重新確認後再評估。,價格跌破60日EMA且20日趨勢向下；ETF 5/10日同步減碼；單月與累計營收同步明顯衰退,37.4,48.6,77.4,85,100,完整,47.5,46.2,-35.95,-8.19,21.64,14.28,649.81,1.1,9.12,0.89,6.88,1,0,-2,-2,-2,-2,0,-51.026,-131.704,-878.8340000000001,-1337.328,0,-1.914,-1.914,-3.7139999999999995,0,1,-89001,5.558999999999999,5.558999999999999,2.64,-7,248,-312,,-58,-135.349,-882.479,-1429.3410000000001,40.92,39.88,26.67,66.3,true,false,-2.58,6.38,"單日成交金額低於5,000萬元；營收動能同步衰退；累計營收負成長且當月改善不足；中期趨勢仍向下；ETF短中期同步減碼；20日趨勢尚未上彎；當下除權息調整價未守20日EMA"
527,2415,錩新,TWSE,電子零組件業,不建立部位,保護持有,protect,今天不新增部位；未完成確認前不機械式賣出,今天收盤後；若跌破，再看下一交易日是否收復,已有部位暫停加碼；若收盤跌破60日EMA約 28.00，且下一交易日仍未收復，先減碼三分之一；若ETF或外資繼續轉弱，再分批降低部位。,未觸發明確減碼訊號,43.3,48.3,46.2,85,100,可用,27.2,27.1,-0.6,8.38,6.5,71.54,127.59,0.47,17.32,1.42,5.85,1,0,0,0,-4,-8,0,1,71.602,0.29000000000000625,-272.409,0,0,-4,-39,0,0,0,1.356,2.251,20.66,4,1984,2039,,-1,70.24600000000001,2.0390000000000015,-238.712,44.54,22.73,21.82,24.54,true,false,-1.51,0,"單日成交金額低於5,000萬元；外資持股尚未完成5／10日可比核對或期間有非市場異動；此項不給分，不解讀為轉弱；當下除權息調整價未守20日EMA"
528,1810,和成,TWSE,玻璃陶瓷,不建立部位,保護持有,protect,今天不新增部位；未完成確認前不機械式賣出,今天收盤後；若跌破，再看下一交易日是否收復,已有部位暫停加碼；若收盤跌破60日EMA約 24.14，且下一交易日仍未收復，先減碼三分之一；若ETF或外資繼續轉弱，再分批降低部位。,價格跌破60日EMA且20日趨勢向下,45.2,48.1,61.6,85,100,完整,24.05,24.05,4.61,-6.31,-10.35,20.16,316.24,3.62,6.57,0.85,0.83,1,0,-57,-23,28,28,0,539.66,683.2180000000001,235.05900000000005,-205.892,0,-23.185,27.967999999999996,27.967999999999996,2,1,-557599,13.206999999999999,-6.378,1.84,496,723,301,,529.66,693.196,213.46900000000008,-203.11299999999994,46.53,40.26,23.71,73.35,false,false,-0.78,1.05,"單日成交金額低於5,000萬元；累計營收負成長且當月改善不足；中期趨勢仍向下；20日累積後5日轉為調節；20日趨勢尚未上彎；當下除權息調整價未守20日EMA；單季稅前獲利對營業外貢獻依賴偏高"
529,6962,奕力-KY,TWSE,半導體業,不建立部位,保護持有,protect,今天不新增部位；未完成確認前不機械式賣出,今天收盤後；若跌破，再看下一交易日是否收復,已有部位暫停加碼；若收盤跌破60日EMA約 32.48，且下一交易日仍未收復，先減碼三分之一；若ETF或外資繼續轉弱，再分批降低部位。,未觸發明確減碼訊號,49.6,47.7,53.8,85,100,完整,31.85,31.1,7.16,-0.21,-1.55,22.41,239.24,0.61,21.16,0.76,3.24,1,0,0,0,0,0,0,27.406,621.042,303.822,-1064.167,0,0,0,-15,0,0,0,-42.563,-134.683,38.05,98,1711,930,,21,663.605,438.505,-971.3970000000002,53.55,51.96,33.39,89.09,false,false,1.8,3.58,"單日成交金額低於5,000萬元；累計營收負成長且當月改善不足；當下除權息調整價未守20日EMA；單季稅前獲利對營業外貢獻依賴偏高"
530,2903,遠百,TWSE,貿易百貨,不建立部位,降低部位,trim,停止加碼；反彈未站回恢復區時分批減碼,每個交易日收盤後，確認是否站回恢復區,已有部位先停止加碼。反彈若仍未站回 22.31，分批降低部位；只有站回且ETF／外資賣壓收斂後才重新評估。,價格跌破60日EMA且20日趨勢向下；外資持股5/10日下降且外資5日賣超,43.9,47.4,40.8,85,100,完整,22.2,22.3,-0.64,-0.5,14.05,73.04,49.46,0.55,14.9,1.04,5.63,4,0,0,-175,327,2097,-175,175,-2327.959,-1835.943,-3513.892,0,-432,38,2381.729,0,3,-9590400,159.194,278.19399999999996,7.93,163,-1105,-772,,107,-2055.1530000000002,-2152.1370000000006,-6376.625000000001,49.55,39.78,32.8,53.72,true,false,0.01,0.68,"單日成交金額低於5,000萬元；累計營收負成長且當月改善不足；中期趨勢仍向下；20日累積後5日轉為調節；主動ETF 5日轉為減碼；外資持股5/10日下降，且外資5日賣超；20日趨勢尚未上彎"
531,4571,鈞興-KY,TWSE,電機機械,不建立部位,降低部位,trim,停止加碼；反彈未站回恢復區時分批減碼,每個交易日收盤後，確認是否站回恢復區,已有部位先停止加碼。反彈若仍未站回 160.62，分批降低部位；只有站回且ETF／外資賣壓收斂後才重新評估。,價格跌破60日EMA且20日趨勢向下；外資持股5/10日下降且外資5日賣超,44.5,47.4,61.6,85,100,完整,151.5,152.25,-4.01,2.64,17.19,25.38,311.88,4.16,16.93,2.42,3.48,1,0,0,0,0,0,0,7.083,-28.05,-188.34300000000002,-354.593,0,0,0,0,0,0,0,-2.501,-6.649000000000001,63.1,8,-14,-161,,6.083,-25.549,-181.69400000000002,-404.988,43.58,38.16,24.55,65.38,true,false,-1.5,1.68,"單日成交金額低於5,000萬元；中期趨勢仍向下；外資持股5/10日下降，且外資5日賣超；20日趨勢尚未上彎；當下除權息調整價未守20日EMA"
532,5222,全訊,TWSE,半導體業,不建立部位,保護持有,protect,今天不新增部位；未完成確認前不機械式賣出,今天收盤後；若跌破，再看下一交易日是否收復,已有部位暫停加碼；若收盤跌破60日EMA約 106.30，且下一交易日仍未收復，先減碼三分之一；若ETF或外資繼續轉弱，再分批降低部位。,價格跌破60日EMA且20日趨勢向下,42.5,47.4,58.5,85,90,可用,103.5,103.25,59.94,-10.15,16.7,15.68,245.71,0.63,54.19,3.22,2.42,1,-3,-3,-3,0,-1,0,51.463,17.323999999999998,-11.394000000000005,121.78399999999999,0,0,3,-19,0,0,0,6.064,4.193,3.27,87,71,386,,47.664,11.259999999999998,-18.587000000000003,91.261,46.68,47.01,33.37,74.3,false,false,-0.56,1.47,"單日成交金額低於5,000萬元；中期趨勢仍向下；ETF 1/3日已轉為減碼；外資持股尚未完成5／10日可比核對或期間有非市場異動；此項不給分，不解讀為轉弱；20日趨勢尚未上彎；當下除權息調整價未守20日EMA"
533,6719,力智,TWSE,半導體業,不建立部位,優先降低風險,risk,依風險與流動性分批降低部位,風險解除且基本面與趨勢重新確認後,已有部位應優先降低曝險；目前觸發「價格跌破60日EMA且20日趨勢向下」。待事件解除或基本面重新確認後再評估。,價格跌破60日EMA且20日趨勢向下；單月與累計營收同步明顯衰退,46.5,47.2,64.6,85,100,完整,188,185.5,-15.97,-7.64,17.85,18.57,987.87,4.2,20.78,1.38,2.49,2,0,0,0,21,21,0,-6.081,3.2039999999999935,357.863,327.26700000000005,0,-22,-7,-18,0,2,-4059000,6.2989999999999995,-29.066,6.8,0,107,554,,-8.078,18.905,393.92900000000003,433.42200000000014,46.02,54.59,32.7,98.35,false,false,-0.02,3.01,營收動能同步衰退；累計營收負成長且當月改善不足；中期趨勢仍向下；20日趨勢尚未上彎；當下除權息調整價未守20日EMA
534,6203,海韻電,TPEX,電子零組件業,不建立部位,優先降低風險,risk,依風險與流動性分批降低部位,風險解除且基本面與趨勢重新確認後,已有部位應優先降低曝險；目前觸發「價格跌破60日EMA且20日趨勢向下」。待事件解除或基本面重新確認後再評估。,價格跌破60日EMA且20日趨勢向下；單月與累計營收同步明顯衰退,39,46.2,71.2,85,100,可用,59.6,60.1,-32.19,-30.32,11.15,23.84,383.27,1.89,9.07,1.67,6.71,1,0,0,0,0,0,0,-5.592,-5.592,-5.592,48.408,0,0,0,0,0,0,0,0,0,3.1,,,,,-5.592,-5.592,-5.592,50.408,39.14,17.65,20.93,11.1,false,false,-0.78,-0.17,"單日成交金額低於5,000萬元；營收動能同步衰退；累計營收負成長且當月改善不足；中期趨勢仍向下；外資持股尚未完成5／10日可比核對或期間有非市場異動；此項不給分，不解讀為轉弱；20日趨勢尚未上彎"
535,3015,全漢,TWSE,電子零組件業,不建立部位,保護持有,protect,今天不新增部位；未完成確認前不機械式賣出,今天收盤後；若跌破，再看下一交易日是否收復,已有部位暫停加碼；若收盤跌破60日EMA約 54.42，且下一交易日仍未收復，先減碼三分之一；若ETF或外資繼續轉弱，再分批降低部位。,價格跌破60日EMA且20日趨勢向下,50,45.8,54,85,100,完整,51.8,52.7,1.3,-5.23,0.56,29.03,188.6,1.08,20.39,0.65,4.25,5,0,-29,0,96,212,0,18.248,22.511999999999993,-109.56400000000001,-107.26999999999998,0,0.21999999999999886,96.22,207.545,2,1,11396,-6.752,-22.969,9.37,21,37,-30,,11.248,29.04400000000001,-182.815,-310.7080000000001,43.43,38.95,28.11,60.62,true,false,-1.32,-0.38,"單日成交金額低於5,000萬元；累計營收負成長且當月改善不足；中期趨勢仍向下；20日趨勢尚未上彎；單季稅前獲利對營業外貢獻依賴偏高"
536,2371,大同,TWSE,電機機械,不建立部位,優先降低風險,risk,依風險與流動性分批降低部位,風險解除且基本面與趨勢重新確認後,已有部位應優先降低曝險；目前觸發「單月與累計營收同步明顯衰退」。待事件解除或基本面重新確認後再評估。,單月與累計營收同步明顯衰退,61.6,45.4,30,85,100,完整,29.6,29,-11.49,-0.69,4.56,60.69,195.43,0.91,,1.24,,3,-385,-485,-369,34,190,0,-7526.598,8610.626,11644.525,19395.44,-385,-377,26,157.11599999999999,2,2,-11008400,321.57199999999995,72.26899999999996,6.78,-7059,7949,9202,,-7058.976,8666.054,11546.256,19527.684999999998,63.26,78.27,63.99,106.82,false,false,4.96,7.05,營收動能同步衰退；累計營收負成長且當月改善不足；20日累積後5日轉為調節；ETF 1/3日已轉為減碼
537,6281,全國電,TWSE,電子通路業,不建立部位,降低部位,trim,停止加碼；反彈未站回恢復區時分批減碼,每個交易日收盤後，確認是否站回恢復區,已有部位先停止加碼。反彈若仍未站回 51.58，分批降低部位；只有站回且ETF／外資賣壓收斂後才重新評估。,價格跌破60日EMA且20日趨勢向下；外資持股5/10日下降且外資5日賣超,41.2,45.1,43.9,85,100,完整,51.1,51.1,3.33,-0.17,2.85,72.06,130.4,2.26,13.7,1.82,6.46,1,0,0,0,0,0,0,-6,-8,6.881,-4.119,0,0,0,0,0,0,0,2,1,2.62,-8,-22,-72,,-8,-10,5.881,-10.119,43.71,20.02,27.15,5.75,false,false,-0.38,-0.39,"單日成交金額低於5,000萬元；累計營收負成長且當月改善不足；中期趨勢仍向下；外資持股5/10日下降，且外資5日賣超；20日趨勢尚未上彎；當下除權息調整價未守20日EMA"
538,4420,光明,TPEX,紡織纖維,不建立部位,保護持有,protect,今天不新增部位；未完成確認前不機械式賣出,今天收盤後；若跌破，再看下一交易日是否收復,已有部位暫停加碼；若收盤跌破60日EMA約 37.49，且下一交易日仍未收復，先減碼三分之一；若ETF或外資繼續轉弱，再分批降低部位。,未觸發明確減碼訊號,43.5,44.8,55.2,85,100,可用,36.25,36.25,13.51,-6.33,2.22,11.91,222.84,0.94,26.94,1.03,8.31,1,3,5,7,11,12,0,0.717,0.717,0.717,57.717,2.717,2.717,2.717,1.717,1,0,98084,-1,-1,0.79,,,,,-1,-1,-1,57,39.72,25.55,45.76,-14.89,false,false,-3.64,-9.03,"單日成交金額低於5,000萬元；外資持股尚未完成5／10日可比核對或期間有非市場異動；此項不給分，不解讀為轉弱；當下除權息調整價未守20日EMA；單季稅前獲利對營業外貢獻依賴偏高"
539,9930,中聯資源,TWSE,綠能環保,不建立部位,降低部位,trim,停止加碼；反彈未站回恢復區時分批減碼,每個交易日收盤後，確認是否站回恢復區,已有部位先停止加碼。反彈若仍未站回 63.56，分批降低部位；只有站回且ETF／外資賣壓收斂後才重新評估。,價格跌破60日EMA且20日趨勢向下；外資持股5/10日下降且外資5日賣超,40.8,44.6,50.9,85,100,完整,61.3,61.65,6.03,-3.03,9.79,43.21,90.16,2.16,13.87,2.46,6.53,2,0,0,0,0,0,0,19.85,-49.315999999999995,-75.716,-302.89300000000003,0,0,0,0,0,0,0,24.834000000000003,15.970000000000002,1.94,3,-110,-221,,-0.15,-74.15,-91.686,-329.51,34.81,22.94,19.12,30.59,true,false,-1.3,-0.16,"單日成交金額低於5,000萬元；累計營收負成長且當月改善不足；中期趨勢仍向下；外資持股5/10日下降，且外資5日賣超；20日趨勢尚未上彎；當下除權息調整價未守20日EMA"
540,1444,力麗,TWSE,紡織纖維,不建立部位,降低部位,trim,停止加碼；反彈未站回恢復區時分批減碼,每個交易日收盤後，確認是否站回恢復區,已有部位先停止加碼。反彈若仍未站回 7.18，分批降低部位；只有站回且ETF／外資賣壓收斂後才重新評估。,價格跌破60日EMA且20日趨勢向下；外資持股5/10日下降且外資5日賣超,48.6,44.5,30.7,85,100,完整,7.01,7,-14.56,16.04,-1.41,44.94,88.37,0.14,,0.67,,1,0,0,0,-34,-67,0,-456.754,-559.556,-2649.5159999999996,-4190.863999999999,0,0,-34,-119,0,0,0,628,627,5.14,-1030,-663,-1431,,-1073.754,-1187.556,-3242.5159999999996,-4711.864,48.56,51.45,31.61,91.13,true,false,0.27,4.16,"單日成交金額低於5,000萬元；中期趨勢仍向下；外資持股5/10日下降，且外資5日賣超；20日趨勢尚未上彎；單季稅前獲利對營業外貢獻依賴偏高"
541,6176,瑞儀,TWSE,光電業,不建立部位,優先降低風險,risk,依風險與流動性分批降低部位,風險解除且基本面與趨勢重新確認後,已有部位應優先降低曝險；目前觸發「價格跌破60日EMA且20日趨勢向下」。待事件解除或基本面重新確認後再評估。,價格跌破60日EMA且20日趨勢向下；ETF 5/10日同步減碼；單月與累計營收同步明顯衰退,41.4,44.3,54.4,85,100,完整,91.9,96.6,-13.63,-7.43,10.12,48.32,178.45,2.81,11.88,1.22,3.64,5,-36,-37,-38,-36,-88,0,865.713,974.1709999999998,-298.2710000000002,-6754.762,-36.171,-38.068,-36.068,-40.36899999999999,0,3,-3658335,4.031000000000006,44.773,33.66,1214,1460,236,,886.831,1008.2080000000002,-306.97599999999983,-6674.909,38.95,65.92,58.3,81.16,false,false,-3.04,-1.82,營收動能同步衰退；累計營收負成長且當月改善不足；中期趨勢仍向下；ETF短中期同步減碼；ETF 1/3日已轉為減碼；20日趨勢尚未上彎
542,3545,敦泰,TWSE,半導體業,不建立部位,保護持有,protect,今天不新增部位；未完成確認前不機械式賣出,今天收盤後；若跌破，再看下一交易日是否收復,已有部位暫停加碼；若收盤跌破60日EMA約 50.96，且下一交易日仍未收復，先減碼三分之一；若ETF或外資繼續轉弱，再分批降低部位。,未觸發明確減碼訊號,58.3,44.2,34.5,85,100,完整,51.2,51.2,-8.27,-12.95,-5.92,33.53,207.81,0.64,,1.26,1.57,2,0,0,0,0,0,0,463.023,929.3679999999999,1041.684,1969.183,0,0,0,0,0,0,0,-1.4510000000000005,0.5159999999999991,15.56,367,1041,1425,,452.023,930.819,1041.168,2039.4129999999998,54.39,70.69,55.35,101.38,true,false,2,4.38,"單日成交金額低於5,000萬元；累計營收負成長且當月改善不足；單季稅前獲利對營業外貢獻依賴偏高"
543,1434,福懋,TWSE,紡織纖維,不建立部位,保護持有,protect,今天不新增部位；未完成確認前不機械式賣出,今天收盤後；若跌破，再看下一交易日是否收復,已有部位暫停加碼；若收盤跌破60日EMA約 17.68，且下一交易日仍未收復，先減碼三分之一；若ETF或外資繼續轉弱，再分批降低部位。,未觸發明確減碼訊號,46,44,51.2,85,100,完整,17.65,17.8,-7.17,-4.73,2.41,24.34,260.28,0.5,19.35,0.62,2.81,1,0,0,0,0,0,0,-113.836,667.4850000000001,888.397,2926.6679999999997,0,-17,-20,-20.808,0,2,-302600,171.817,138.535,8.51,-159,-65,-198,,-191.836,512.6680000000001,769.8620000000001,2767.909,46.22,31.14,28.6,36.22,true,false,-0.98,0,"單日成交金額低於5,000萬元；累計營收負成長且當月改善不足；中期趨勢仍向下；20日趨勢尚未上彎；當下除權息調整價未守20日EMA；單季稅前獲利對營業外貢獻依賴偏高"
544,8163,達方,TWSE,電腦及週邊設備業,不建立部位,降低部位,trim,停止加碼；反彈未站回恢復區時分批減碼,每個交易日收盤後，確認是否站回恢復區,已有部位先停止加碼。反彈若仍未站回 32.08，分批降低部位；只有站回且ETF／外資賣壓收斂後才重新評估。,價格跌破60日EMA且20日趨勢向下；外資持股5/10日下降且外資5日賣超,43,44,38.1,85,100,完整,29.85,30.3,11.18,10.46,1.68,61.95,138.69,0.51,49.75,0.77,1.68,1,0,0,0,0,0,0,-78.696,-183.295,-1065.534,-1496.3190000000002,0,0,0,0,0,0,0,30.270999999999997,21.414999999999996,9.06,-93,-191,-1077,,-94,-213.566,-1086.949,-1334.528,40.79,38.45,24.33,66.68,true,false,-1.79,0.51,"單日成交金額低於5,000萬元；中期趨勢仍向下；外資持股5/10日下降，且外資5日賣超；20日趨勢尚未上彎；當下除權息調整價未守20日EMA"
545,6120,達運,TWSE,光電業,不建立部位,降低部位,trim,停止加碼；反彈未站回恢復區時分批減碼,每個交易日收盤後，確認是否站回恢復區,已有部位先停止加碼。反彈若仍未站回 12.84，分批降低部位；只有站回且ETF／外資賣壓收斂後才重新評估。,價格跌破60日EMA且20日趨勢向下；外資持股5/10日下降且外資5日賣超,45,43.8,51.3,85,100,完整,12.35,12.45,-3.09,-4.69,-3.57,43,214.38,1.42,9.08,0.75,2.02,1,0,0,0,0,0,0,-171.718,-0.5389999999999304,-236.1359999999999,-2918.621,0,0,0,35,0,0,0,93.472,-117.02400000000002,8.45,-152,-36,-94,,-224.318,-94.01099999999994,-119.11199999999992,-2912.9390000000003,47.89,43.02,29.58,69.89,false,false,0.14,4.66,"單日成交金額低於5,000萬元；累計營收負成長且當月改善不足；中期趨勢仍向下；外資持股5/10日下降，且外資5日賣超；20日趨勢尚未上彎；單季稅前獲利對營業外貢獻依賴偏高"
546,1582,信錦,TWSE,電子零組件業,不建立部位,保護持有,protect,今天不新增部位；未完成確認前不機械式賣出,今天收盤後；若跌破，再看下一交易日是否收復,已有部位暫停加碼；若收盤跌破60日EMA約 76.00，且下一交易日仍未收復，先減碼三分之一；若ETF或外資繼續轉弱，再分批降低部位。,價格跌破60日EMA且20日趨勢向下,43.5,43.7,49.1,85,100,完整,70.9,71,1.6,-1.8,1.81,43.02,195.59,1.65,22.09,1.39,4.23,1,0,0,0,0,0,0,-4.462,-19.861,-115.611,573.396,0,0,0,0,0,0,0,30.633,-3.483000000000002,5.03,-33,-36,8,,-9.928,-50.494,-112.128,566.003,42.96,39.28,26.39,65.07,true,false,-1.34,1.29,"單日成交金額低於5,000萬元；累計營收負成長且當月改善不足；中期趨勢仍向下；20日趨勢尚未上彎；當下除權息調整價未守20日EMA；單季稅前獲利對營業外貢獻依賴偏高"
547,6412,群電,TWSE,電子零組件業,不建立部位,優先降低風險,risk,依風險與流動性分批降低部位,風險解除且基本面與趨勢重新確認後,已有部位應優先降低曝險；目前觸發「價格跌破60日EMA且20日趨勢向下」。待事件解除或基本面重新確認後再評估。,價格跌破60日EMA且20日趨勢向下；單月與累計營收同步明顯衰退,49.3,43.7,44.5,85,100,完整,76,74,-19.67,-9.88,3.27,55.91,141.5,3.04,12.19,1.92,5,5,0,-1,24,56,98,0,22.542,290.42,-1209.0539999999999,-2808.897,0,23.764,55.763999999999996,93.13,1,1,1758536,9.572000000000003,-119.212,5.13,-12,209,-773,,2.102,257.084,-1145.606,-2692.4139999999998,46.52,49.12,29.82,87.71,true,false,0.19,2.98,"單日成交金額低於5,000萬元；營收動能同步衰退；累計營收負成長且當月改善不足；中期趨勢仍向下；20日趨勢尚未上彎；當下除權息調整價未守20日EMA；單季稅前獲利對營業外貢獻依賴偏高"
548,6790,永豐實,TWSE,造紙工業,不建立部位,保護持有,protect,今天不新增部位；未完成確認前不機械式賣出,今天收盤後；若跌破，再看下一交易日是否收復,已有部位暫停加碼；若收盤跌破60日EMA約 38.49，且下一交易日仍未收復，先減碼三分之一；若ETF或外資繼續轉弱，再分批降低部位。,價格跌破60日EMA且20日趨勢向下,41.4,43.7,46.9,85,100,完整,37.8,37.88,-4.1,-2.43,8.88,48.59,152.4,1.52,12.27,1.81,7.01,1,0,0,0,0,0,0,20.998,92.80000000000001,94.87500000000001,183.45999999999998,0,0,0,0,0,0,0,9.8,9.302000000000001,1.93,19,71,79,,19,83,85.57300000000001,167.73199999999997,42.62,27.24,25.22,31.29,true,false,-0.44,0,"單日成交金額低於5,000萬元；累計營收負成長且當月改善不足；中期趨勢仍向下；20日趨勢尚未上彎；當下除權息調整價未守20日EMA"
549,6890,來億-KY,TWSE,運動休閒,不建立部位,降低部位,trim,停止加碼；反彈未站回恢復區時分批減碼,每個交易日收盤後，確認是否站回恢復區,已有部位先停止加碼。反彈若仍未站回 170.20，分批降低部位；只有站回且ETF／外資賣壓收斂後才重新評估。,價格跌破60日EMA且20日趨勢向下；外資持股5/10日下降且外資5日賣超,42.8,43.4,52.6,85,100,完整,163.5,155,3.13,-10.53,7.73,31.24,364.73,4.53,14.33,1.6,6.02,2,0,0,0,0,20,0,-92.546,-332.954,-1131.973,-837.915,0,-43,-44,-25.512,0,2,-6407000,10.565999999999999,29.397,85.94,-106,-206,-867,,-105.645,-300.52,-1117.37,-834.2970000000001,52.52,39.67,18.9,81.19,true,false,3.28,10.85,"單日成交金額低於5,000萬元；累計營收負成長且當月改善不足；中期趨勢仍向下；外資持股5/10日下降，且外資5日賣超；20日趨勢尚未上彎；當下除權息調整價未守20日EMA；強勢上漲後盤中急跌反轉"
550,1229,聯華,TWSE,食品工業,不建立部位,優先降低風險,risk,依風險與流動性分批降低部位,風險解除且基本面與趨勢重新確認後,已有部位應優先降低曝險；目前觸發「價格跌破60日EMA且20日趨勢向下」。待事件解除或基本面重新確認後再評估。,價格跌破60日EMA且20日趨勢向下；ETF 5/10日同步減碼；單月與累計營收同步明顯衰退,48.3,43.3,46.5,85,100,完整,41.6,40.85,-13.13,-5.93,7.77,20.09,88.96,1.19,16.41,1.16,4.9,6,-13,-8,-73,-32,1728,-135,296.584,-664.079,525.4630000000002,3872.6370000000006,-12.882,11.117999999999995,47.117999999999995,1784.088,1,3,454170,-76.85900000000001,-90.25000000000003,9.14,677,453,2688,,393.639,-598.3380000000001,568.5949999999999,2076.1839999999997,54.07,40.79,26.47,69.44,true,false,1.03,3.1,營收動能同步衰退；累計營收負成長且當月改善不足；ETF短中期同步減碼；20日累積後5日轉為調節；ETF 1/3日已轉為減碼；主動ETF 5日轉為減碼；20日趨勢尚未上彎；當下除權息調整價未守20日EMA；單季稅前獲利對營業外貢獻依賴偏高
551,3558,神準,TPEX,通信網路業,不建立部位,保護持有,protect,今天不新增部位；未完成確認前不機械式賣出,今天收盤後；若跌破，再看下一交易日是否收復,已有部位暫停加碼；若收盤跌破60日EMA約 125.26，且下一交易日仍未收復，先減碼三分之一；若ETF或外資繼續轉弱，再分批降低部位。,價格跌破60日EMA且20日趨勢向下,44.8,43.2,36.7,85,100,可用,121,123.75,36.8,-8.32,1.15,56.65,127.18,0.81,56.54,1.2,2.48,1,0,0,0,0,0,0,118.086,118.086,118.086,32.086,0,0,0,0,0,0,0,-0.768,-0.768,3.51,,,,,118.854,118.854,118.854,35.854,45.76,42.2,32.17,62.26,false,false,-0.94,1.68,"單日成交金額低於5,000萬元；中期趨勢仍向下；外資持股尚未完成5／10日可比核對或期間有非市場異動；此項不給分，不解讀為轉弱；20日趨勢尚未上彎"
552,6284,佳邦,TPEX,電子零組件業,不建立部位,保護持有,protect,今天不新增部位；未完成確認前不機械式賣出,今天收盤後；若跌破，再看下一交易日是否收復,已有部位暫停加碼；若收盤跌破60日EMA約 81.20，且下一交易日仍未收復，先減碼三分之一；若ETF或外資繼續轉弱，再分批降低部位。,價格跌破60日EMA且20日趨勢向下,47,43.1,44.4,85,100,可用,78.4,76.5,-0.77,-5.93,5.51,43.74,130.22,0.91,19.95,1.3,2.49,1,0,0,20,40,79,0,127.849,127.849,127.849,-528.151,0,0,0,31,0,0,0,-7.667,-7.667,9.1,,,,,135.516,135.516,135.516,-549.484,51.46,35.45,26.37,53.61,true,false,1.58,3.7,"單日成交金額低於5,000萬元；累計營收負成長且當月改善不足；中期趨勢仍向下；外資持股尚未完成5／10日可比核對或期間有非市場異動；此項不給分，不解讀為轉弱；20日趨勢尚未上彎；當下除權息調整價未守20日EMA"
553,4942,嘉彰,TWSE,光電業,不建立部位,優先降低風險,risk,依風險與流動性分批降低部位,風險解除且基本面與趨勢重新確認後,已有部位應優先降低曝險；目前觸發「價格跌破60日EMA且20日趨勢向下」。待事件解除或基本面重新確認後再評估。,價格跌破60日EMA且20日趨勢向下；單月與累計營收同步明顯衰退,36.8,42.2,66.7,85,100,完整,31.3,32.08,-13.5,-7.99,4.58,18.47,371.26,0.77,10.79,0.48,6.39,1,0,0,0,0,0,0,-9,-75.89,-242.514,-236.31700000000004,0,0,0,0,0,0,0,7.029999999999999,6.138999999999999,6.14,-9,38,-115,,-17,-82.92,-248.65300000000002,-259.18500000000006,20.15,24.89,20.31,34.03,false,false,-3.21,-1.26,"單日成交金額低於5,000萬元；營收動能同步衰退；累計營收負成長且當月改善不足；中期趨勢仍向下；20日趨勢尚未上彎；當下除權息調整價未守20日EMA"
554,3078,僑威,TPEX,電子零組件業,不建立部位,優先降低風險,risk,依風險與流動性分批降低部位,風險解除且基本面與趨勢重新確認後,已有部位應優先降低曝險；目前觸發「價格跌破60日EMA且20日趨勢向下」。待事件解除或基本面重新確認後再評估。,價格跌破60日EMA且20日趨勢向下；單月與累計營收同步明顯衰退,42,41.9,61.1,85,100,可用,44.85,44.75,-49.34,-46.93,6.99,35.08,273.61,1.02,12.36,1.48,8.99,3,32,62,76,130,138,0,37.258,37.258,37.258,-824.742,32.025,32.025,32.025,41.025,1,0,1425113,-30.404,-30.404,12.07,,,,,35.637,35.637,35.637,-819.363,33.57,57.42,38.79,94.68,false,false,-3.81,2.4,"單日成交金額低於5,000萬元；營收動能同步衰退；累計營收負成長且當月改善不足；中期趨勢仍向下；外資持股尚未完成5／10日可比核對或期間有非市場異動；此項不給分，不解讀為轉弱；20日趨勢尚未上彎；當下除權息調整價未守20日EMA"
555,2331,精英,TWSE,電腦及週邊設備業,不建立部位,保護持有,protect,今天不新增部位；未完成確認前不機械式賣出,今天收盤後；若跌破，再看下一交易日是否收復,已有部位暫停加碼；若收盤跌破60日EMA約 19.72，且下一交易日仍未收復，先減碼三分之一；若ETF或外資繼續轉弱，再分批降低部位。,價格跌破60日EMA且20日趨勢向下,45,41.8,39.4,85,100,完整,19.25,18.9,-20.16,9.46,0.32,49.75,146.68,0.53,18.71,0.97,,1,0,0,0,0,0,0,-282.464,79.423,-804.443,-195.2770000000001,0,0,0,0,0,0,0,-7.265999999999998,-85.77699999999999,5.8,-278,90,-631,,-301.464,86.68900000000001,-718.6659999999999,-114.19400000000002,50.03,36.4,27.19,54.82,false,false,0.52,2.94,"單日成交金額低於5,000萬元；中期趨勢仍向下；20日趨勢尚未上彎；當下除權息調整價未守20日EMA；單季稅前獲利對營業外貢獻依賴偏高"
556,6226,光鼎,TWSE,光電業,不建立部位,優先降低風險,risk,依風險與流動性分批降低部位,風險解除且基本面與趨勢重新確認後,已有部位應優先降低曝險；目前觸發「處置或交易限制事件」。待事件解除或基本面重新確認後再評估。,價格強勢站上20／60日EMA；法人未同步轉弱,46.5,41.7,38.1,85,100,完整,45.35,47.6,13.06,7.14,-4.11,38.7,205,0.03,,4.21,,1,0,0,0,-5,-9,0,1593.134,12481.666000000001,4820.607000000002,-2030.387999999998,0,0,-5,-15,0,0,0,-69.99599999999998,-78.99599999999998,14.07,2567,12819,5285,,2494.521,12551.662,4904.603,-1961.3919999999998,74.7,81.26,74.02,95.73,false,false,31.27,37.42,處置或交易限制風險；短線過熱或乖離過大；高波動且5日漲幅過大；單季稅前獲利對營業外貢獻依賴偏高
557,2208,台船,TWSE,航運業,不建立部位,保護持有,protect,今天不新增部位；未完成確認前不機械式賣出,今天收盤後；若跌破，再看下一交易日是否收復,已有部位暫停加碼；若收盤跌破60日EMA約 19.17，且下一交易日仍未收復，先減碼三分之一；若ETF或外資繼續轉弱，再分批降低部位。,價格跌破60日EMA且20日趨勢向下,46.9,40.8,23.3,85,100,完整,19,19.15,55.64,-19.76,-9.53,85.87,108.02,0.28,39.08,3.21,,1,0,0,0,0,0,0,403.192,-381.51700000000005,611.2669999999999,-143.27200000000002,0,0,0,-10.487,0,0,0,61,55,6.61,357,-443,556,,357.192,-442.51700000000005,556.2669999999999,-184.785,48.93,52.92,42.33,74.09,false,false,-0.1,-0.52,"單日成交金額低於5,000萬元；中期趨勢仍向下；20日趨勢尚未上彎；單季稅前獲利對營業外貢獻依賴偏高"
558,8039,台虹,TWSE,電子零組件業,不建立部位,優先降低風險,risk,依風險與流動性分批降低部位,風險解除且基本面與趨勢重新確認後,已有部位應優先降低曝險；目前觸發「外資持股5/10日下降且外資5日賣超」。待事件解除或基本面重新確認後再評估。,外資持股5/10日下降且外資5日賣超；單月與累計營收同步明顯衰退,52.9,40.4,42.1,85,93,可用,293,271.5,-13.83,-0.91,6.25,32.38,237.55,1.56,85.56,6.35,0.74,4,0,10,21,65,87,0,135.844,-4984.693,-14953.752999999999,-24391.289999999997,-1991,-3493,-4081,-3502.927,3,2,-941363500,224.38199999999995,-880.0350000000001,15.6,1912,-121,-7354,,1886.851,-1716.075,-9992.718,-20426.427999999996,54.73,37.82,23,67.46,true,false,4.3,6.93,營收動能同步衰退；累計營收負成長且當月改善不足；外資持股5/10日下降，且外資5日賣超；20日趨勢尚未上彎；當下除權息調整價未守20日EMA；估值高，現有成長幅度尚未支撐目前估值
559,1440,南紡,TWSE,紡織纖維,不建立部位,保護持有,protect,今天不新增部位；未完成確認前不機械式賣出,今天收盤後；若跌破，再看下一交易日是否收復,已有部位暫停加碼；若收盤跌破60日EMA約 13.34，且下一交易日仍未收復，先減碼三分之一；若ETF或外資繼續轉弱，再分批降低部位。,未觸發明確減碼訊號,49,40.2,32.6,85,100,完整,13.45,13.45,-4.23,-11.81,-1.69,37.31,136.81,0.14,448.33,0.78,2.23,1,0,0,0,0,0,0,-98.437,-425.2760000000001,105.64799999999991,6721.092000000001,0,-351,-387,-382.057,0,2,-4720950,50.569,6.842000000000006,7.77,-230,-90,165,,-178.437,-124.84500000000003,485.80600000000004,6439.650000000001,49.91,41.56,29,66.68,true,false,-0.1,1.51,"單日成交金額低於5,000萬元；累計營收負成長且當月改善不足；20日趨勢尚未上彎；當下除權息調整價未守20日EMA；估值高，現有成長幅度尚未支撐目前估值；單季稅前獲利對營業外貢獻依賴偏高"
560,3062,建漢,TWSE,通信網路業,不建立部位,保護持有,protect,今天不新增部位；未完成確認前不機械式賣出,今天收盤後；若跌破，再看下一交易日是否收復,已有部位暫停加碼；若收盤跌破60日EMA約 21.74，且下一交易日仍未收復，先減碼三分之一；若ETF或外資繼續轉弱，再分批降低部位。,未觸發明確減碼訊號,51.2,40.1,30.4,85,100,完整,20.75,21.6,34.74,2.58,-14.5,35.21,171.25,-0.88,,1.71,,1,0,0,0,0,0,0,-91.134,535.2529999999999,1106.511,2438.9030000000002,0,0,0,0,0,0,0,141.514,94.786,9.77,-391,873,1278,,-104,393.739,1011.725,2263.2,49.37,58.49,51.83,71.79,false,false,0.16,1.72,"單日成交金額低於5,000萬元"
561,1515,力山,TWSE,電機機械,不建立部位,保護持有,protect,今天不新增部位；未完成確認前不機械式賣出,今天收盤後；若跌破，再看下一交易日是否收復,已有部位暫停加碼；若收盤跌破60日EMA約 31.38，且下一交易日仍未收復，先減碼三分之一；若ETF或外資繼續轉弱，再分批降低部位。,未觸發明確減碼訊號,47.3,39.1,31.5,85,100,完整,30.6,32,-7.59,-0.1,-1.26,51.78,96.36,0.12,20.54,1.42,1.96,1,0,0,0,-6,-12,0,263.228,265.53200000000004,16.72399999999999,-1353.3540000000003,0,0,-6,-21,0,0,0,-9.044,-21.090000000000003,2.57,258,468,233,,256.1,274.576,43.81400000000002,-1358.0049999999999,46.87,41.47,25.38,73.65,true,false,-1.17,2.51,"單日成交金額低於5,000萬元；累計營收負成長且當月改善不足；中期趨勢仍向下；20日趨勢尚未上彎；單季稅前獲利對營業外貢獻依賴偏高"
562,3576,聯合再生,TWSE,光電業,不建立部位,優先降低風險,risk,依風險與流動性分批降低部位,風險解除且基本面與趨勢重新確認後,已有部位應優先降低曝險；目前觸發「單月與累計營收同步明顯衰退」。待事件解除或基本面重新確認後再評估。,單月與累計營收同步明顯衰退,50,38.8,33.8,85,100,完整,17.1,18.8,-13.03,-14.58,-55.84,46.52,154.12,0.93,31.67,2.16,,1,0,0,0,0,0,0,4629.628,3373.8469999999998,2959.0429999999997,3553.9239999999995,0,0,0,-6.181,0,0,0,75,73,15.13,4545,3302,2889,,4541.628,3298.8469999999998,2886.0429999999997,3481.1049999999996,51.81,51.98,33.89,88.14,true,false,1.28,3.01,營收動能同步衰退；累計營收負成長且當月改善不足；中期趨勢仍向下；20日趨勢尚未上彎；單季稅前獲利對營業外貢獻依賴偏高
563,2530,華建,TWSE,建材營造,不建立部位,優先降低風險,risk,依風險與流動性分批降低部位,風險解除且基本面與趨勢重新確認後,已有部位應優先降低曝險；目前觸發「外資持股5/10日下降且外資5日賣超」。待事件解除或基本面重新確認後再評估。,外資持股5/10日下降且外資5日賣超；單月與累計營收同步明顯衰退,59.7,38.4,22.2,85,100,完整,20.8,20.8,-99.87,-96.56,-19.93,67.08,170.33,-0.11,31.52,1.75,11.11,2,55,108,133,229,287,0,32.078,-666.988,-1503.9420000000002,-823.7870000000003,55.152,242.14600000000002,335.841,366.924,4,0,5036637,-125,-563,2.7,194,-904,-1989,,118.926,-784.134,-1276.783,-181.7109999999999,59.78,62.78,57.38,73.58,true,false,4.07,0.97,"單日成交金額低於5,000萬元；營收動能同步衰退；累計營收負成長且當月改善不足；外資持股5/10日下降，且外資5日賣超"
564,3228,金麗科,TPEX,半導體業,不建立部位,保護持有,protect,今天不新增部位；未完成確認前不機械式賣出,今天收盤後；若跌破，再看下一交易日是否收復,已有部位暫停加碼；若收盤跌破60日EMA約 163.00，且下一交易日仍未收復，先減碼三分之一；若ETF或外資繼續轉弱，再分批降低部位。,未觸發明確減碼訊號,48,37.6,34.6,85,100,可用,162.5,169,10.79,12.61,-42.81,14.14,297.68,-1,,17.65,0,1,0,0,0,-10,-10,0,48.738,48.738,48.738,26.738,0,0,0,0,0,0,0,-3.984,-3.984,7.15,,,,,52.722,52.722,52.722,-60.27799999999999,49.41,18.25,23.55,7.64,false,false,-1.03,-1.81,"單日成交金額低於5,000萬元；外資持股尚未完成5／10日可比核對或期間有非市場異動；此項不給分，不解讀為轉弱"
565,3483,力致,TPEX,電腦及週邊設備業,不建立部位,優先降低風險,risk,依風險與流動性分批降低部位,風險解除且基本面與趨勢重新確認後,已有部位應優先降低曝險；目前觸發「ETF 5/10日同步減碼」。待事件解除或基本面重新確認後再評估。,ETF 5/10日同步減碼；單月與累計營收同步明顯衰退,42.6,37.4,39.5,85,100,可用,75.2,75.25,-32.24,-7.86,0.44,48.8,166.92,0.69,25.84,1.51,3.99,2,0,-1,-1,-1,-1,0,31.952,31.952,31.952,-102.048,0,0,0,0,0,0,0,-2.687,-2.687,12.79,,,,,34.639,34.639,34.639,-107.36099999999999,48.06,20.21,22.45,15.75,false,false,-0.63,-1.05,"單日成交金額低於5,000萬元；營收動能同步衰退；累計營收負成長且當月改善不足；ETF短中期同步減碼；外資持股尚未完成5／10日可比核對或期間有非市場異動；此項不給分，不解讀為轉弱；當下除權息調整價未守20日EMA；單季稅前獲利對營業外貢獻依賴偏高"
566,9907,統一實,TWSE,其他,不建立部位,優先降低風險,risk,依風險與流動性分批降低部位,風險解除且基本面與趨勢重新確認後,已有部位應優先降低曝險；目前觸發「價格跌破60日EMA且20日趨勢向下」。待事件解除或基本面重新確認後再評估。,價格跌破60日EMA且20日趨勢向下；單月與累計營收同步明顯衰退,44.8,36.7,42.9,85,100,完整,15.05,15.05,-10.05,-11.02,4.31,38.72,173.59,0.35,15.79,1.13,7.87,4,100,204,254,426,301,0,73.16,-518.9680000000001,112.42899999999987,42.44500000000062,100.261,-71.36400000000003,60.23499999999996,-980.7470000000001,2,2,-1070460,35.894999999999996,-17.03,16.14,-49,-304,21,,-101,-483.499,69.22399999999999,1010.2219999999998,46.55,28.72,20.39,45.4,true,false,-0.43,0.33,"單日成交金額低於5,000萬元；營收動能同步衰退；累計營收負成長且當月改善不足；中期趨勢仍向下；20日趨勢尚未上彎；當下除權息調整價未守20日EMA"
567,6230,尼得科超眾,TWSE,電腦及週邊設備業,不建立部位,保護持有,protect,今天不新增部位；未完成確認前不機械式賣出,今天收盤後；若跌破，再看下一交易日是否收復,已有部位暫停加碼；若收盤跌破60日EMA約 115.34，且下一交易日仍未收復，先減碼三分之一；若ETF或外資繼續轉弱，再分批降低部位。,未觸發明確減碼訊號,49.7,36.6,27.6,85,100,完整,113,112.25,-0.86,6.45,0.68,44.52,214.62,-1.82,,1.68,,1,0,0,0,0,0,0,29.03,22.161,33.907,75.641,0,0,0,0,0,0,0,4,3.758,87.12,28,3,14,,26.03,18.161,30.149,71.56400000000001,53.74,48.43,45.1,55.1,true,false,2.41,-3,"單日成交金額低於5,000萬元"
568,1447,力鵬,TWSE,紡織纖維,不建立部位,保護持有,protect,今天不新增部位；未完成確認前不機械式賣出,今天收盤後；若跌破，再看下一交易日是否收復,已有部位暫停加碼；若收盤跌破60日EMA約 6.82，且下一交易日仍未收復，先減碼三分之一；若ETF或外資繼續轉弱，再分批降低部位。,價格跌破60日EMA且20日趨勢向下,42.2,36.2,27.8,85,100,完整,6.63,6.53,-34.08,3.93,0.28,47.59,124.93,0.12,,0.67,,1,0,0,0,-26,-51,0,-378.368,-24.700999999999965,-0.7029999999998608,-657.4599999999998,0,0,-26,-89,0,0,0,16,15,3.06,-389,-41,10,,-389.368,-40.700999999999965,10.29700000000014,-617.4599999999998,46.56,50.72,33.86,84.43,true,false,-0.54,3.11,"單日成交金額低於5,000萬元；中期趨勢仍向下；20日趨勢尚未上彎；當下除權息調整價未守20日EMA；單季稅前獲利對營業外貢獻依賴偏高"
569,8476,台境*,TWSE,綠能環保,不建立部位,優先降低風險,risk,依風險與流動性分批降低部位,風險解除且基本面與趨勢重新確認後,已有部位應優先降低曝險；目前觸發「價格跌破60日EMA且20日趨勢向下」。待事件解除或基本面重新確認後再評估。,價格跌破60日EMA且20日趨勢向下；單月與累計營收同步明顯衰退,42.2,35,29.9,85,100,完整,19.75,19.77,-94.33,-17.76,5.87,57.13,181.25,0.12,70.54,1.71,1.01,1,0,0,0,-5,-10,0,25.099,47.38899999999998,-14.22600000000002,-121.53200000000004,0,0,-5,-17,0,0,0,4,3,1.45,52,113,-98,,22.099,43.38899999999998,-12.22600000000002,-108.53200000000004,48.11,75.93,72.28,83.25,false,false,-0.02,0.25,"單日成交金額低於5,000萬元；營收動能同步衰退；累計營收負成長且當月改善不足；中期趨勢仍向下；20日趨勢尚未上彎"
570,1314,中石化,TWSE,塑膠工業,不建立部位,優先降低風險,risk,依風險與流動性分批降低部位,風險解除且基本面與趨勢重新確認後,已有部位應優先降低曝險；目前觸發「單月與累計營收同步明顯衰退」。待事件解除或基本面重新確認後再評估。,價格強勢站上20／60日EMA；法人未同步轉弱,54.4,33,20.6,85,100,完整,9.1,9.12,-24.41,-30.19,-9.51,39.62,167.64,-0.52,,0.45,,1,0,0,0,0,0,0,3933.545,34378.82,40403.768000000004,37483.715,0,0,0,-66.604,0,0,0,2775.8169999999996,2735.4009999999994,10.95,7028,36106,40641,,3440.796,31603.003000000004,37668.367000000006,34222.20700000001,74.01,64.47,52.93,87.55,false,false,9.17,10.71,營收動能同步衰退；累計營收負成長且當月改善不足；融資增幅與短線漲幅同步偏高
571,3376,新日興,TWSE,電子零組件業,不建立部位,優先降低風險,risk,依風險與流動性分批降低部位,風險解除且基本面與趨勢重新確認後,已有部位應優先降低曝險；目前觸發「價格跌破60日EMA且20日趨勢向下」。待事件解除或基本面重新確認後再評估。,價格跌破60日EMA且20日趨勢向下；外資持股5/10日下降且外資5日賣超；單月與累計營收同步明顯衰退,39.8,31.8,40.1,85,100,完整,184,179,-10.01,-12.5,-1.84,27.54,220.84,0.47,123.45,2.12,2.23,3,0,0,0,0,-1,0,-217.553,-4320.534,-16027.07,-14854.191,44,99,133,140.337,2,1,17721000,-114.22899999999998,-1210.7,11.65,-79,-3305,-11221,,-232.011,-4305.305,-14949.37,-13412.723000000002,44.9,21.39,18.78,26.61,true,false,-2.77,1.66,營收動能同步衰退；累計營收負成長且當月改善不足；中期趨勢仍向下；外資持股5/10日下降，且外資5日賣超；20日趨勢尚未上彎；當下除權息調整價未守20日EMA；估值高，現有成長幅度尚未支撐目前估值；借券賣出與借券賣出餘額壓力升高；單季稅前獲利對營業外貢獻依賴偏高
572,9914,美利達,TWSE,運動休閒,不建立部位,優先降低風險,risk,依風險與流動性分批降低部位,風險解除且基本面與趨勢重新確認後,已有部位應優先降低曝險；目前觸發「價格跌破60日EMA且20日趨勢向下」。待事件解除或基本面重新確認後再評估。,價格跌破60日EMA且20日趨勢向下；外資持股5/10日下降且外資5日賣超；單月與累計營收同步明顯衰退,33.4,30.9,36.6,85,100,完整,67.9,68.9,-20.71,-14.17,8.5,44.19,142.91,2.15,19.59,1.04,4.14,1,0,0,0,0,-305,0,-278.57,-837.0339999999999,-4861.187,124.82899999999995,0,-31,-39,-227.324,1,2,-2095600,-201.18200000000002,-789.323,25.52,-523,-1094,-3346,,-260.191,-604.852,-4032.8639999999996,951.6160000000004,29.4,10.34,10.61,9.79,false,false,-8.88,-1.16,營收動能同步衰退；累計營收負成長且當月改善不足；中期趨勢仍向下；外資持股5/10日下降，且外資5日賣超；20日趨勢尚未上彎；當下除權息調整價未守20日EMA
573,8924,大田,TPEX,運動休閒,不建立部位,優先降低風險,risk,依風險與流動性分批降低部位,風險解除且基本面與趨勢重新確認後,已有部位應優先降低曝險；目前觸發「價格跌破60日EMA且20日趨勢向下」。待事件解除或基本面重新確認後再評估。,價格跌破60日EMA且20日趨勢向下；單月與累計營收同步明顯衰退,41,30.1,37.5,85,100,可用,50.1,50.55,-39.66,-8,-0.45,27.92,273.95,-0.58,18.22,1.08,8.58,1,7,14,17,29,56,0,61.001,61.001,61.001,156.001,6.938,6.938,6.938,34.938,1,0,347594,-0.937,-0.937,3.1,,,,,55,55,55,125,38.18,37.13,30.47,50.45,true,false,-0.79,0.2,"單日成交金額低於5,000萬元；營收動能同步衰退；累計營收負成長且當月改善不足；中期趨勢仍向下；外資持股尚未完成5／10日可比核對或期間有非市場異動；此項不給分，不解讀為轉弱；20日趨勢尚未上彎"
574,6456,GIS-KY,TWSE,光電業,不建立部位,優先降低風險,risk,依風險與流動性分批降低部位,風險解除且基本面與趨勢重新確認後,已有部位應優先降低曝險；目前觸發「價格跌破60日EMA且20日趨勢向下」。待事件解除或基本面重新確認後再評估。,價格跌破60日EMA且20日趨勢向下；外資持股5/10日下降且外資5日賣超；單月與累計營收同步明顯衰退,43.2,27.6,23.4,85,100,完整,69,64.4,-29.98,-23.62,-4.23,47.73,231.73,-3.76,,0.74,,1,0,0,0,0,1,0,-270.499,-220.45599999999993,-3105.9790000000003,-2382.587,0,0,0,0,0,0,0,3.463000000000001,-246.557,45.06,-206,-11,-1947,,-226.856,-223.91900000000007,-2859.4220000000005,-2304.4560000000006,55.46,55.33,34.59,96.81,false,false,4.03,9,營收動能同步衰退；累計營收負成長且當月改善不足；外資持股5/10日下降，且外資5日賣超；20日趨勢尚未上彎；當下除權息調整價未守20日EMA
575,2014,中鴻,TWSE,鋼鐵工業,不建立部位,優先降低風險,risk,依風險與流動性分批降低部位,風險解除且基本面與趨勢重新確認後,已有部位應優先降低曝險；目前觸發「價格跌破60日EMA且20日趨勢向下」。待事件解除或基本面重新確認後再評估。,價格跌破60日EMA且20日趨勢向下；外資持股5/10日下降且外資5日賣超；單月與累計營收同步明顯衰退,37.9,26.6,17.3,85,100,完整,16.55,16.5,-29.31,-7.63,1.16,53.43,139.58,0.07,,1.93,,1,0,0,0,0,0,0,392,-2065.607,-2941.5870000000004,7491.288999999999,0,0,0,3.595,0,0,0,78,64.466,7,333,-2142,-3151,,331,-2143.607,-3006.053,7405.227999999999,40.35,30.8,24.59,43.21,true,false,-1.35,0.3,"單日成交金額低於5,000萬元；營收動能同步衰退；累計營收負成長且當月改善不足；中期趨勢仍向下；外資持股5/10日下降，且外資5日賣超；20日趨勢尚未上彎；當下除權息調整價未守20日EMA"
576,6919,康霈*,TWSE,生技醫療業,不建立部位,優先降低風險,risk,依風險與流動性分批降低部位,風險解除且基本面與趨勢重新確認後,已有部位應優先降低曝險；目前觸發「價格跌破60日EMA且20日趨勢向下」。待事件解除或基本面重新確認後再評估。,價格跌破60日EMA且20日趨勢向下；外資持股5/10日下降且外資5日賣超；單月與累計營收同步明顯衰退,43.1,25.3,30.6,85,100,完整,85.8,85.9,-100,-86.08,-14263.34,2.37,6003.39,-0.21,,14.49,,2,3,9,9,9,-8,0,320.531,-909.45,-8334.944,-23980.191,3,-190,-215,-215.004,1,2,-16302000,158.57399999999998,43.348999999999975,12.08,210,-1010,-8296,,210.434,-878.0239999999999,-8163.293,-23458.774999999994,42.42,61.84,43.9,97.71,false,false,-2.72,8.2,營收動能同步衰退；累計營收負成長且當月改善不足；中期趨勢仍向下；外資持股5/10日下降，且外資5日賣超；20日趨勢尚未上彎；當下除權息調整價未守20日EMA
577,2023,燁輝,TWSE,鋼鐵工業,不建立部位,優先降低風險,risk,依風險與流動性分批降低部位,風險解除且基本面與趨勢重新確認後,已有部位應優先降低曝險；目前觸發「價格跌破60日EMA且20日趨勢向下」。待事件解除或基本面重新確認後再評估。,價格跌破60日EMA且20日趨勢向下；外資持股5/10日下降且外資5日賣超；單月與累計營收同步明顯衰退,39.7,24.6,11.2,85,100,完整,13.6,13.65,-14.31,-6.72,1.29,68.92,101.13,-0.52,,0.79,,1,0,0,0,0,0,0,-858.292,-2546.272,-1284.5590000000002,-409.01400000000024,0,-156,-154,-147.343,0,2,-2121600,181,112,3.99,-1252,-1569,-343,,-933.292,-2571.272,-1242.5590000000002,-747.2880000000001,41.27,12.13,25.48,-14.59,false,false,-1.42,-1.81,"單日成交金額低於5,000萬元；營收動能同步衰退；累計營收負成長且當月改善不足；中期趨勢仍向下；外資持股5/10日下降，且外資5日賣超；20日趨勢尚未上彎；當下除權息調整價未守20日EMA"
578,3718,中光電投控,TPEX,光電業,不建立部位,保護持有,protect,今天不新增部位；未完成確認前不機械式賣出,今天收盤後；若跌破，再看下一交易日是否收復,已有部位暫停加碼；若收盤跌破60日EMA約 —，且下一交易日仍未收復，先減碼三分之一；若ETF或外資繼續轉弱，再分批降低部位。,未觸發明確減碼訊號,21,7.3,0,85,60,需補強，暫不列入A級新部位,67.1,67.3,,,,,,,,,,1,0,0,0,0,64,0,601.73,601.73,601.73,-79.26999999999998,0,0,0,0,0,0,0,49.22,49.22,7.81,,,,,552.51,552.51,552.51,528.51,,,,,,,,,資料健康度低於65%門檻；外資持股尚未完成5／10日可比核對或期間有非市場異動；此項不給分，不解讀為轉弱