排名,代號,名稱,市場,產業,新部位建議,既有部位狀態,持有判斷模式,今天動作,下一次確認,既有部位說明,主要原因,短期時機分數,中期研究分數,長期初篩分數,長期方法覆蓋率%,資料健康度,資料健康狀態,收盤價,即時價,營收YoY%,累計營收YoY%,營益率%,負債比%,流動比率%,EPS,本益比,股價淨值比,殖利率%,ETF家數,ETF_1日增減張,ETF_3日增減張,ETF_5日增減張,ETF_10日增減張,ETF_20日增減張,主動ETF_5日增減張,法人1日張,法人5日張,法人10日張,法人20日張,投信買賣超1日張,投信買賣超5日張,投信買賣超10日張,投信買賣超20日張,投信5日買超天數,投信5日賣超天數,投信5日估算金額,自營商買賣超5日張,自營商買賣超10日張,外資持股比率%,外資持股1日增減張,外資持股5日增減張,外資持股10日增減張,外資持股20日增減張,外資買賣超1日張,外資買賣超5日張,外資買賣超10日張,外資買賣超20日張,RSI14,KD-K,KD-D,KD-J,KD近3日黃金交叉,KD近3日死亡交叉,距20EMA%,5日報酬%,淘汰原因
1,8070,長華*,TWSE,電子通路業,可開始承接,符合加碼條件,add,只在回測承接區且法人未轉弱時分2–3批,回測時與每個交易日收盤後,已有部位可續抱；回測20日EMA約 50.33 且ETF、外資與投信未轉弱時，才考慮下一批。,未觸發明確減碼訊號,74.1,71.5,66.2,85,100,完整,51.5,52,37.57,27.68,12.01,39.01,235.2,1.3,30.47,1.36,5.26,7,-3,501,498,490,898,500,488.052,1687.092,1298.88,1900.1969999999997,-3.372,497.86,494.49,730.5319999999999,2,2,25639790,301.20799999999997,375.297,11.05,485,883,184,,487,888.0240000000001,429.0930000000001,821.3450000000001,58.28,67.9,66.53,70.64,false,false,2.33,2.59,ETF加碼金額或跨基金共識尚未同時成立
2,2851,中再保,TWSE,金融保險業,可開始承接,符合加碼條件,add,只在回測承接區且法人未轉弱時分2–3批,回測時與每個交易日收盤後,已有部位可續抱；回測20日EMA約 46.32 且ETF、外資與投信未轉弱時，才考慮下一批。,未觸發明確減碼訊號,73.4,71,66.9,85,100,完整,47.75,48,-31.48,75.57,,59.8,,7.91,4.52,1.45,4.61,4,524,843,9,3,1474,11,2183.678,1874.183,3737.6240000000003,7862.495000000001,524,9,3,1474,2,1,429750,-173.006,-599.046,11.2,1688,2013,4286,,1687.592,2038.1890000000003,4333.67,7291.955999999998,60.61,44.38,39.66,53.82,true,false,3.08,1.17,ETF加碼金額或跨基金共識尚未同時成立
3,2404,漢唐,TWSE,其他電子業,可開始承接,符合加碼條件,add,只在回測承接區且法人未轉弱時分2–3批,回測時與每個交易日收盤後,"已有部位可續抱；回測20日EMA約 1,207.61 且ETF、外資與投信未轉弱時，才考慮下一批。",未觸發明確減碼訊號,72.4,70.9,51.9,85,100,完整,1330,1315,59.05,71.61,19.79,81.91,117.19,36.23,20.06,14.02,3.01,16,44,4,63,309,163,71,175.566,1696.511,4526.291,5595.056,44.904,330.796,2973.7960000000003,2935.7960000000003,2,3,439958680,-140.078,27.06299999999999,38.19,187,1469,1335,,163.615,1505.793,1525.4320000000002,2593.969,69,87.6,86.31,90.18,false,false,10.13,3.1,
4,3014,聯陽,TWSE,半導體業,可開始承接,符合加碼條件,add,只在回測承接區且法人未轉弱時分2–3批,回測時與每個交易日收盤後,已有部位可續抱；回測20日EMA約 139.74 且ETF、外資與投信未轉弱時，才考慮下一批。,未觸發明確減碼訊號,68.8,67.7,66.8,85,100,可用,149,147.5,5.33,0.16,28.48,33.51,218.05,5.88,15.05,3.37,5.7,10,49,331,400,557,748,0,-588.329,278.28900000000004,1236.9270000000001,2904.858,49.863,400.66200000000003,591.666,752.9590000000001,5,0,59698638,-142.033,-105.755,20.03,-277,136,324,,-474.59,19.660000000000025,751.0159999999998,2250.609,71.19,86.83,83.06,94.37,true,false,6.63,5.3,ETF加碼金額或跨基金共識尚未同時成立
5,6414,樺漢,TWSE,電腦及週邊設備業,可開始承接,符合加碼條件,add,只在回測承接區且法人未轉弱時分2–3批,回測時與每個交易日收盤後,已有部位可續抱；回測20日EMA約 390.38 且ETF、外資與投信未轉弱時，才考慮下一批。,未觸發明確減碼訊號,68,67.3,51.4,85,100,完整,395,404,43.06,29.39,5.47,64.66,128.3,12.31,16.4,2.09,3.49,7,8,14,14,12,32,0,-7.219,778.361,426.51500000000004,-1157.873,8,55,52,95,3,1,21725000,64.92699999999999,142.10499999999996,44.32,-14,621,110,,-14.516,658.434,232.40999999999997,-1309.9470000000001,52.19,72.82,71.43,75.59,false,false,1.18,0.77,ETF加碼金額或跨基金共識尚未同時成立
6,2451,創見,TWSE,半導體業,等待確認,正常持有,standard,今天不下單,每個交易日收盤後，檢查趨勢與法人籌碼,已有部位可續抱觀察，但暫不追價；若收盤跌破60日EMA約 284.45 且法人籌碼轉弱，先減碼三分之一。,未觸發明確減碼訊號,70.9,85.9,89.3,85,100,可用,287,286.25,275.47,384,73.7,28.68,309.01,46.63,4.99,3.22,4.1,14,118,365,538,539,198,-12,1017.647,-176.32100000000008,2900.0389999999998,3225.474,126.4,546.7,540.2,148.20000000000005,5,0,156902900,-27.89,3.8930000000000007,11.67,638,-1034,396,,886.533,-695.131,2355.9460000000004,3094.879,51.28,57.99,66.01,41.94,false,true,0.46,-0.69,主動ETF 5日轉為減碼；20日趨勢尚未上彎；ETF加碼金額或跨基金共識尚未同時成立
7,2344,華邦電,TWSE,半導體業,等待確認,保護持有,protect,今天不新增部位；未完成確認前不機械式賣出,今天收盤後；若跌破，再看下一交易日是否收復,已有部位暫停加碼；若收盤跌破60日EMA約 171.17，且下一交易日仍未收復，先減碼三分之一；若ETF或外資繼續轉弱，再分批降低部位。,投信5/10日持續且具金額意義地賣超,75,80.7,66.2,85,100,可用,179.5,181.25,289.43,177.39,42.34,40.78,159.78,7.65,19.79,4.9,0.28,35,-30,820,1305,2125,103,-1053,12918.781,40329.14,59000.652,101564.967,-7282.006,-30629.281,-52290.07400000001,-66191.71699999999,0,5,-5497955939,2163.306,2697.5329999999994,20.79,19407,58708,82688,,20530.198,68795.115,108593.19300000001,158461.114,53.87,74.39,73.48,76.23,false,false,1.98,0,主動ETF 5日轉為減碼；投信5/10日持續且具金額意義的賣超；ETF加碼金額或跨基金共識尚未同時成立
8,2408,南亞科,TWSE,半導體業,等待確認,保護持有,protect,今天不新增部位；未完成確認前不機械式賣出,今天收盤後；若跌破，再看下一交易日是否收復,已有部位暫停加碼；若收盤跌破60日EMA約 479.00，且下一交易日仍未收復，先減碼三分之一；若ETF或外資繼續轉弱，再分批降低部位。,投信5/10日持續且具金額意義地賣超,73.3,80.1,82.4,85,100,可用,514,527.5,560.85,638.19,69.08,16.78,691.01,23.38,19.95,5.5,0.26,38,58,-974,539,985,5501,-1483,-9612.349,2814.7039999999997,18524.132,72043.12,-1496.739,-2678.63,-3735.842,-3629.7050000000004,2,3,-1376815820,911.4110000000001,1014.5029999999999,16.75,-7214,315,-1270,,-7464.541,4581.923,21245.471,73063.375,51.98,70.62,71.46,68.94,false,true,0.49,-0.96,主動ETF 5日轉為減碼；投信5/10日持續且具金額意義的賣超；ETF加碼金額或跨基金共識尚未同時成立
9,2360,致茂,TWSE,其他電子業,等待確認,正常持有,strong,強勢續抱；不追高,今日收盤確認是否守住20日EMA,"價格仍在20／60日EMA之上且短線強勢；投信偏弱先觀察，不因分歧減碼。若收盤跌破20日EMA約 2,230.16 且法人續弱，再轉為保護持有。",價格強勢站上20／60日EMA；投信偏弱，先觀察,79.2,78.3,62.1,85,100,可用,2400,2355,156.3,108.41,39.54,47.08,167.28,21.27,61.22,30.82,0.81,46,181,479,287,-394,-345,385,636.522,977.4650000000001,337.37500000000017,2163.9300000000003,20.222,-1696.464,-3308.8329999999996,-1852.9000000000005,1,4,-4071513600,-174.55899999999997,-78.09899999999998,60.04,872,2917,4359,,789.424,2848.488,3724.307,4008.253,60.39,54.31,44.2,74.54,true,false,7.62,12.41,投信5/10日持續且具金額意義的賣超
10,2027,大成鋼,TWSE,鋼鐵工業,等待確認,正常持有,standard,今天不下單,每個交易日收盤後，檢查趨勢與法人籌碼,已有部位可續抱觀察，但暫不追價；若收盤跌破60日EMA約 46.47 且法人籌碼轉弱，先減碼三分之一。,未觸發明確減碼訊號,69.5,77,72.4,85,100,完整,47.75,47.75,46.09,34.23,19.7,43.68,295.53,3.1,9.42,1.41,3.14,10,-254,-476,2096,4030,13900,-1072,1488.441,2416.534,1216.0839999999998,7706.165999999999,-1402,-152,888,12210.755000000001,1,4,-7258000,1078.63,815.0610000000001,25.37,2754,1415,1372,,2844.603,1489.9039999999995,-486.9770000000003,-4849.7880000000005,51.57,54,56.39,49.22,false,true,0.32,0.63,ETF 1/3日已轉為減碼；主動ETF 5日轉為減碼；20日趨勢尚未上彎；ETF加碼金額或跨基金共識尚未同時成立
11,9945,潤泰新,TWSE,其他,等待確認,正常持有,standard,今天不下單,每個交易日收盤後，檢查趨勢與法人籌碼,已有部位可續抱觀察，但暫不追價；若收盤跌破60日EMA約 28.02 且法人籌碼轉弱，先減碼三分之一。,未觸發明確減碼訊號,70.8,77,75.1,85,100,完整,29.3,29.25,37.99,34.41,20.1,34.7,158.5,3.7,5.12,0.52,3.75,5,64,130,136,144,2324,0,2151.387,1312.8469999999998,7247.808,15918.561000000002,764,2936,2954,5114,5,0,86024800,196.998,312.34399999999994,8.48,1402,-2973,1149,,1375.476,-1820.1509999999998,3981.4640000000004,9079.246000000001,56.41,32.71,39.85,18.43,false,false,1.52,-0.51,ETF加碼金額或跨基金共識尚未同時成立；單季稅前獲利對營業外貢獻依賴偏高
12,2855,統一證,TWSE,金融保險業,等待確認,正常持有,standard,今天不下單,每個交易日收盤後，檢查趨勢與法人籌碼,已有部位可續抱觀察，但暫不追價；若收盤跌破60日EMA約 50.95 且法人籌碼轉弱，先減碼三分之一。,未觸發明確減碼訊號,68.1,76.6,71.4,85,100,可用,57.7,57.7,109.88,217.4,,87.34,112.56,6.96,5.99,1.92,3.66,12,57,97,668,587,11755,-211,-401.392,2837.924,11622.099999999999,20943.838,60.712,672.426,622.841,11770.586000000003,5,0,38798980,0,0,7.33,-660,579,5479,,-462.104,2165.498,10999.259,9173.251999999999,66.33,69.57,70.21,68.29,true,true,4.6,1.94,主動ETF 5日轉為減碼；ETF加碼金額或跨基金共識尚未同時成立
13,6613,朋億*,TPEX,其他電子業,等待確認,正常持有,standard,今天不下單,每個交易日收盤後，檢查趨勢與法人籌碼,已有部位可續抱觀察，但暫不追價；若收盤跌破60日EMA約 276.17 且法人籌碼轉弱，先減碼三分之一。,未觸發明確減碼訊號,68.8,76.3,69.9,85,100,可用,290,290,186.82,63.62,15.82,45.74,202.18,8.51,17.15,3.51,3.45,1,0,2,2,2,1,0,163.638,163.638,163.638,163.638,0,0,0,0,0,0,0,2.21,2.21,7.16,,,,,161.428,161.428,161.428,161.428,65.6,89.56,88.04,92.61,false,false,5.96,5.84,外資持股尚未完成5／10日可比核對或期間有非市場異動；此項不給分，不解讀為轉弱；ETF加碼金額或跨基金共識尚未同時成立
14,5351,鈺創,TPEX,半導體業,等待確認,正常持有,standard,今天不下單,每個交易日收盤後，檢查趨勢與法人籌碼,已有部位可續抱觀察，但暫不追價；若收盤跌破60日EMA約 106.65 且法人籌碼轉弱，先減碼三分之一。,未觸發明確減碼訊號,67.6,75.7,67.2,85,100,可用,114.5,115.5,525.32,488.92,30.67,40.59,243.12,6.69,17.72,5.22,0,2,0,0,0,0,-30,0,-1521.384,-1521.384,-1521.384,-1521.384,0,0,0,0,0,0,0,-18.816,-18.816,32.51,,,,,-1502.568,-1502.568,-1502.568,-1502.568,54.21,68.53,63.12,79.36,false,false,2.59,3.62,外資持股尚未完成5／10日可比核對或期間有非市場異動；此項不給分，不解讀為轉弱；20日趨勢尚未上彎
15,2330,台積電,TWSE,半導體業,等待確認,正常持有,standard,今天不下單,每個交易日收盤後，檢查趨勢與法人籌碼,"已有部位可續抱觀察，但暫不追價；若收盤跌破60日EMA約 2,422.58 且法人籌碼轉弱，先減碼三分之一。",未觸發明確減碼訊號,75.4,75.2,69.1,85,100,可用,2585,2550,53.32,39.26,59.29,30.94,245.76,49.33,29.96,10.42,0.85,68,237,1365,3246,4406,4332,177,-649.358,8026.548999999999,12976.246,12679.891000000001,66.926,1660.7479999999998,2237.3099999999995,3346.0349999999994,5,0,4293033580,2254.107,4177.6669999999995,69.19,-1317,3252,-7340,,-1163.351,4111.6939999999995,6561.269,2110.422999999997,68.57,91.93,85.95,103.9,false,false,3.92,4.23,外資持股尚未完成5／10日可比核對或期間有非市場異動；此項不給分，不解讀為轉弱
16,3006,晶豪科,TWSE,半導體業,等待確認,保護持有,protect,今天不新增部位；未完成確認前不機械式賣出,今天收盤後；若跌破，再看下一交易日是否收復,已有部位暫停加碼；若收盤跌破60日EMA約 262.37，且下一交易日仍未收復，先減碼三分之一；若ETF或外資繼續轉弱，再分批降低部位。,外資持股5/10日下降且外資5日賣超,60.1,74.8,76.5,85,100,可用,270.5,272.5,605.24,324.38,44.44,36.84,267.13,27.58,8.53,4.05,0.37,7,0,0,0,14,466,0,-1075.935,-5508.823,-11010.600000000002,-7008.098,0,0,36,529,0,0,0,272.826,201.209,37.11,-1057,-5702,-12718,,-1063.659,-5781.649,-11247.809000000001,-8154.383,46.54,39.24,46.76,24.19,false,true,-3.07,-5.42,外資持股5/10日下降，且外資5日賣超；20日趨勢尚未上彎；當下除權息調整價未守20日EMA
17,7610,聯友金屬-創,TWSE,綠能環保,等待確認,正常持有,standard,今天不下單,每個交易日收盤後，檢查趨勢與法人籌碼,"已有部位可續抱觀察，但暫不追價；若收盤跌破60日EMA約 1,723.65 且法人籌碼轉弱，先減碼三分之一。",未觸發明確減碼訊號,72.8,74.7,64.4,85,100,完整,1805,1810,852.63,563.52,63.23,52.41,289.5,25.37,51.81,28.14,0.14,1,0,0,0,0,11,0,156.725,142.451,-59.23800000000001,-765.0100000000002,0,0,0,11,0,0,0,44.077,46.14,19.23,138,193,-100,,128.719,98.37400000000001,-105.37800000000001,-775.7570000000001,51.02,37.94,35.28,43.27,true,false,0.66,4.03,
18,2615,萬海,TWSE,航運業,等待確認,正常持有,standard,今天不下單,每個交易日收盤後，檢查趨勢與法人籌碼,已有部位可續抱觀察，但暫不追價；若收盤跌破60日EMA約 104.55 且法人籌碼轉弱，先減碼三分之一。,未觸發明確減碼訊號,66.3,74.4,80.7,85,100,可用,111.5,112.25,65.59,19.2,22.16,33.53,299.27,6.84,7.66,1.08,2.69,12,0,-62,168,-149,-1418,169,843.019,-67.43500000000003,-8345.65,-3330.0999999999976,0,144.411,-196.06,-1463.819,2,2,16101827,-231.56,-1985.446,48.4,767,55,-5402,,952.652,19.714000000000084,-6164.144,-403.4730000000003,49.65,12.99,17.64,3.67,false,false,-1.1,-2.19,20日趨勢尚未上彎；當下除權息調整價未守20日EMA
19,8299,群聯,TPEX,半導體業,等待確認,正常持有,standard,今天不下單,每個交易日收盤後，檢查趨勢與法人籌碼,"已有部位可續抱觀察，但暫不追價；若收盤跌破60日EMA約 2,077.39 且法人籌碼轉弱，先減碼三分之一。",未觸發明確減碼訊號,60.5,74.4,74,85,100,可用,2060,2075,376.52,278.99,37.86,47.31,257.91,187.43,9.44,4.46,1.13,17,16,57,82,64,-349,-12,-387.876,-387.876,-387.876,-387.876,16.367,16.367,16.367,16.367,1,0,33716020,-46.583,-46.583,44.16,,,,,-357.66,-357.66,-357.66,-357.66,47.79,18.02,31.97,-9.87,false,false,-1.39,-4.19,主動ETF 5日轉為減碼；外資持股尚未完成5／10日可比核對或期間有非市場異動；此項不給分，不解讀為轉弱；當下除權息調整價未守20日EMA；ETF加碼金額或跨基金共識尚未同時成立
20,2637,慧洋-KY,TWSE,航運業,等待確認,保護持有,protect,今天不新增部位；未完成確認前不機械式賣出,今天收盤後；若跌破，再看下一交易日是否收復,已有部位暫停加碼；若收盤跌破60日EMA約 92.64，且下一交易日仍未收復，先減碼三分之一；若ETF或外資繼續轉弱，再分批降低部位。,外資持股5/10日下降且外資5日賣超,63.8,74.3,69.6,85,100,可用,96.8,96.8,34.96,35.38,33.36,41.18,92.13,4.1,10.77,1.46,3.62,10,17,-1,316,314,855,281,-1321.931,-124.28500000000011,-357.6740000000001,7063.469999999999,16.719,316.43899999999996,324.159,3885.32,4,1,30631295,-4.163000000000002,-1.1610000000000014,28.38,-1276,-421,-720,,-1275.903,-436.561,-680.6719999999999,3160.946,48.89,35.08,35.05,35.13,true,false,-1.32,0.41,外資持股5/10日下降，且外資5日賣超；20日趨勢尚未上彎；當下除權息調整價未守20日EMA；ETF加碼金額或跨基金共識尚未同時成立
21,4105,東洋,TPEX,生技醫療業,等待確認,正常持有,standard,今天不下單,每個交易日收盤後，檢查趨勢與法人籌碼,已有部位可續抱觀察，但暫不追價；若收盤跌破60日EMA約 77.55 且法人籌碼轉弱，先減碼三分之一。,未觸發明確減碼訊號,66.5,74.2,73.4,85,100,可用,80.3,80.4,14.86,8.28,30.78,34.48,213.15,3.42,11.52,2.87,5.6,2,-4,-12,-9,73,212,0,723.685,723.685,723.685,723.685,-4.064,-4.064,-4.064,-4.064,0,1,-326339,48.834,48.834,22.95,,,,,678.915,678.915,678.915,678.915,67.14,66.44,59.45,80.43,true,false,2.28,2.29,20日累積後5日轉為調節；ETF 1/3日已轉為減碼；外資持股尚未完成5／10日可比核對或期間有非市場異動；此項不給分，不解讀為轉弱
22,6531,愛普*,TWSE,半導體業,等待確認,正常持有,standard,今天不下單,每個交易日收盤後，檢查趨勢與法人籌碼,已有部位可續抱觀察，但暫不追價；若收盤跌破60日EMA約 925.77 且法人籌碼轉弱，先減碼三分之一。,未觸發明確減碼訊號,75.8,73.6,66.9,85,100,可用,1000,995,150.82,109.13,29.44,24.47,373.6,8.33,57.67,12.98,0.7,20,1,155,313,368,1051,307,-500.156,-403.985,-1398.9230000000002,1847.049,12.94,410.94,608.56,2025.856,4,1,410940000,40.876999999999995,-51.478,33.58,-174,354,-58,,-498.312,-855.8019999999999,-1956.0049999999997,-183.42399999999952,54.6,59.57,56.83,65.03,false,false,3.23,7.87,借券賣出與借券賣出餘額壓力升高
23,6491,晶碩,TWSE,生技醫療業,等待確認,正常持有,standard,今天不下單,每個交易日收盤後，檢查趨勢與法人籌碼,已有部位可續抱觀察，但暫不追價；若收盤跌破60日EMA約 377.74 且法人籌碼轉弱，先減碼三分之一。,未觸發明確減碼訊號,69.7,73.5,64.2,85,100,完整,411.5,411.5,18.88,22.5,28.18,31.22,147.7,13.13,17.16,2.73,2.43,1,38,86,86,86,40,86,152.026,343.611,1244.985,1390.3549999999998,38,86,86,40,2,0,35389000,-22.875,-22.352999999999998,24.94,74,234,1121,,113.411,280.486,1181.3380000000002,1372.4270000000001,58.16,49.91,63.5,22.71,false,true,2.88,-0.36,
24,2395,研華,TWSE,電腦及週邊設備業,等待確認,正常持有,standard,今天不下單,每個交易日收盤後，檢查趨勢與法人籌碼,已有部位可續抱觀察，但暫不追價；若收盤跌破60日EMA約 650.91 且法人籌碼轉弱，先減碼三分之一。,未觸發明確減碼訊號,77,73.2,60.8,85,100,可用,733,725,87.52,45.88,19.04,40.5,171.12,9.05,46.42,11.51,1.52,33,-87,16,171,-382,-1127,167,-407.229,1034.114,2433.1780000000003,3511.2650000000003,-93.335,217.996,498.92699999999996,-375.567,3,2,159791068,-54.94,-39.417,36.14,-307,896,2312,,-301.266,871.058,1973.6680000000001,4065.9209999999994,62.16,67.15,67.07,67.32,true,false,3.53,0.96,
25,6770,力積電,TWSE,半導體業,等待確認,正常持有,standard,今天不下單,每個交易日收盤後，檢查趨勢與法人籌碼,已有部位可續抱觀察，但暫不追價；若收盤跌破60日EMA約 70.54 且法人籌碼轉弱，先減碼三分之一。,未觸發明確減碼訊號,70.6,73,68.4,85,100,可用,72.6,74.2,76.19,47.08,58.03,34.6,495.94,4.08,24.2,2.65,,12,4,69,350,340,4588,246,-39659.903,-37832.827999999994,50267.512,268696.47,-135.851,-161.913,-80.348,11554.661,3,2,-11754884,-1818.0389999999995,3624.078,16.84,-33493,-30724,1873,,-36305.486,-35852.876,46723.78200000001,240093.335,50.8,54.49,67.03,29.41,false,true,-0.29,-3.59,ETF加碼金額或跨基金共識尚未同時成立
26,2606,裕民,TWSE,航運業,等待確認,正常持有,standard,今天不下單,每個交易日收盤後，檢查趨勢與法人籌碼,已有部位可續抱觀察，但暫不追價；若收盤跌破60日EMA約 71.90 且法人籌碼轉弱，先減碼三分之一。,未觸發明確減碼訊號,68.4,72.6,69.1,85,100,可用,74.5,74.4,18.16,25.1,28.58,55.87,161.86,3.51,10.99,1.56,3.76,8,63,80,720,1221,2650,28,-367.366,1749.4120000000003,-2.5599999999998317,2937.3360000000002,63,720,1112,2613,3,2,53640000,-15.30799999999999,-31.672999999999988,24.37,-384,841,-2233,,-381.147,1044.7200000000003,-1082.887,649.977,49.4,33.31,32.37,35.2,true,true,-0.83,1.22,20日趨勢尚未上彎；當下除權息調整價未守20日EMA；ETF加碼金額或跨基金共識尚未同時成立
27,2368,金像電,TWSE,電子零組件業,等待確認,正常持有,strong,強勢續抱；不追高,今日收盤確認是否守住20日EMA,"價格仍在20／60日EMA之上且短線強勢；外資偏弱先觀察，不因分歧減碼。若收盤跌破20日EMA約 1,114.26 且法人續弱，再轉為保護持有。",價格強勢站上20／60日EMA；外資偏弱，先觀察,74.5,72.3,55.8,85,100,可用,1245,1237.5,76.39,71.25,26.62,56.53,165.77,16.17,44.69,15.28,0.79,39,415,1505,1639,2716,3472,1559,-933.643,75.04299999999967,-6241.5160000000005,-10885.652000000002,1102.557,3894.738,6342.311999999999,5411.0909999999985,4,1,4848948810,142.05499999999995,758.527,21.92,-1532,-3898,-15426,,-1816.224,-3961.75,-13342.355,-16935.597999999998,64.61,81.24,77.94,87.84,false,false,11.73,11.16,外資持股5/10日下降，且外資5日賣超；借券賣出與借券賣出餘額壓力升高
28,3491,昇達科,TPEX,通信網路業,等待確認,正常持有,strong,強勢續抱；不追高,今日收盤確認是否守住20日EMA,"價格仍在20／60日EMA之上且短線強勢；法人未同步轉弱。若收盤跌破20日EMA約 1,524.90 且法人續弱，再轉為保護持有。",價格強勢站上20／60日EMA；法人未同步轉弱,73.5,72,63.5,85,100,可用,1705,1690,93.19,73.4,28.88,37.31,263.15,8.15,135.53,25.83,0.4,15,-25,163,164,183,420,163,-51.764,-51.764,-51.764,-51.764,70.739,70.739,70.739,70.739,1,0,120609995,-17.153,-17.153,32.39,,,,,-105.35,-105.35,-105.35,-105.35,65.82,73.86,65.82,89.93,true,false,11.81,13.67,外資持股尚未完成5／10日可比核對或期間有非市場異動；此項不給分，不解讀為轉弱
29,2383,台光電,TWSE,電子零組件業,等待確認,正常持有,strong,強勢續抱；不追高,今日收盤確認是否守住20日EMA,"價格仍在20／60日EMA之上且短線強勢；法人未同步轉弱。若收盤跌破20日EMA約 5,322.21 且法人續弱，再轉為保護持有。",價格強勢站上20／60日EMA；法人未同步轉弱,78.1,71.9,48.8,85,100,可用,5950,5885,129.85,95.18,24.72,63.23,135.5,42.46,93.04,36.55,0.42,52,5,65,137,-55,-89,83,434.895,1583.097,329.487,-700.5160000000001,38.604,684.2020000000001,-796.1619999999999,-2674.1650000000004,3,2,4071001900,155.132,312.96,43.83,387,722,775,,388.521,743.763,812.6890000000001,1551.8120000000001,66.03,78.66,69.42,97.14,false,false,11.8,20.57,短線過熱或乖離過大
30,1815,富喬,TPEX,電子零組件業,等待確認,正常持有,strong,強勢續抱；不追高,今日收盤確認是否守住20日EMA,價格仍在20／60日EMA之上且短線強勢；法人未同步轉弱。若收盤跌破20日EMA約 120.04 且法人續弱，再轉為保護持有。,價格強勢站上20／60日EMA；法人未同步轉弱,68.8,71.8,68.2,85,100,可用,132.5,131,79.21,51.2,23.66,36.17,273.98,2.24,38.41,5.66,0.75,3,-2,22,25,-26,213,0,5628.438,5628.438,5628.438,5628.438,31,31,31,31,1,0,4107500,1202.88,1202.88,18.75,,,,,4394.558,4394.558,4394.558,4394.558,66.13,64.93,53.71,87.37,false,false,10.38,14.22,外資持股尚未完成5／10日可比核對或期間有非市場異動；此項不給分，不解讀為轉弱
31,6442,光聖,TWSE,通信網路業,等待確認,正常持有,standard,今天不下單,每個交易日收盤後，檢查趨勢與法人籌碼,"已有部位可續抱觀察，但暫不追價；若收盤跌破60日EMA約 1,599.50 且法人籌碼轉弱，先減碼三分之一。",未觸發明確減碼訊號,73.5,71.8,66.8,85,100,完整,1815,1775,152.24,42.6,29.66,31.99,217.81,19.07,53.7,10.9,0.62,7,-45,-45,23,-140,-215,23,398.107,500.7060000000001,-1134.7289999999998,-1509.89,-45,11,-1309,-1600.5,1,1,19965000,185.251,158.22200000000004,32.89,306,375,259,,314.303,304.45500000000004,16.049000000000035,29.37499999999997,63.81,71.65,51.05,112.86,false,false,13.09,21.81,ETF 1/3日已轉為減碼；20日趨勢尚未上彎；短線過熱或乖離過大；高波動且5日漲幅過大
32,8926,台汽電,TWSE,油電燃氣業,等待確認,正常持有,standard,今天不下單,每個交易日收盤後，檢查趨勢與法人籌碼,已有部位可續抱觀察，但暫不追價；若收盤跌破60日EMA約 59.85 且法人籌碼轉弱，先減碼三分之一。,未觸發明確減碼訊號,71.4,71.8,47.1,85,100,完整,60.3,60.2,1263.62,824.82,8.18,62.23,145.36,3.27,16.57,2.52,3.52,5,-36,-58,-63,359,510,0,627.929,1315.779,1080.0659999999998,-3583.4919999999997,-36,-63,183,370.74600000000004,0,4,-3798900,72.25500000000001,144.25400000000002,6.66,487,523,-18,,584.628,1306.524,752.8119999999998,-4179.232,59,57.6,52,68.79,true,false,2.57,1.86,20日累積後5日轉為調節；ETF 1/3日已轉為減碼
33,6214,精誠,TWSE,資訊服務業,等待確認,正常持有,standard,今天不下單,每個交易日收盤後，檢查趨勢與法人籌碼,已有部位可續抱觀察，但暫不追價；若收盤跌破60日EMA約 172.85 且法人籌碼轉弱，先減碼三分之一。,未觸發明確減碼訊號,72.9,71.4,55.1,85,100,完整,189.5,190.5,61.91,39.65,4.26,57.26,154,6.15,17.69,2.8,3.17,8,12,35,45,32,-17,0,409.737,983.36,1023.412,3491.4699999999993,12,45.158,57.158,-153.644,4,0,8557441,-0.6039999999999999,-47.803,18.09,372,942,1919,,396.737,938.806,1014.0569999999999,3831.8229999999994,63.27,61.15,55.54,72.37,true,false,1.07,0.8,ETF加碼金額或跨基金共識尚未同時成立；官方重大訊息出現高風險關鍵字，須查原文
34,3022,威強電,TWSE,電腦及週邊設備業,等待確認,正常持有,standard,今天不下單,每個交易日收盤後，檢查趨勢與法人籌碼,已有部位可續抱觀察，但暫不追價；若收盤跌破60日EMA約 89.46 且法人籌碼轉弱，先減碼三分之一。,未觸發明確減碼訊號,63.8,71.1,75.2,85,100,完整,90.7,90.7,84.98,32.41,6.47,32.04,248.51,3.29,12.05,1.4,3.86,1,0,5,5,5,4,0,28.238,464.125,614.8829999999999,-1281.8439999999996,0,5.196,5.196,3.9319999999999995,1,0,471277,8.540999999999999,67.358,21.72,27,427,273,,29.859,450.38800000000003,542.3290000000001,-1278.1509999999996,49.68,32.44,46.53,4.25,false,false,-0.21,-1.73,當下除權息調整價未守20日EMA；ETF加碼金額或跨基金共識尚未同時成立；單季稅前獲利對營業外貢獻依賴偏高
35,2885,元大金,TWSE,金融保險業,等待確認,保護持有,protect,今天不新增部位；未完成確認前不機械式賣出,今天收盤後；若跌破，再看下一交易日是否收復,已有部位暫停加碼；若收盤跌破60日EMA約 66.11，且下一交易日仍未收復，先減碼三分之一；若ETF或外資繼續轉弱，再分批降低部位。,外資持股5/10日下降且外資5日賣超,74.1,71,58.7,85,100,可用,70,69.85,57.94,116.28,,92.04,,2.64,16.39,2.44,3.14,39,801,2517,8849,11600,4809,2267,8140.159,5301.768,5546.115,11071.105,205.67,3591.46,4316.737,-6629.621000000001,4,1,251402200,3802.174,5409.901000000001,26.89,7473,-4448,-12698,,7686.361,-2091.866,-4180.523000000001,11559.358999999997,58.33,46.45,35.36,68.64,true,false,2.05,2.19,外資持股5/10日下降，且外資5日賣超；20日趨勢尚未上彎；借券賣出與借券賣出餘額壓力升高
36,3036,文曄,TWSE,電子通路業,等待確認,正常持有,standard,今天不下單,每個交易日收盤後，檢查趨勢與法人籌碼,已有部位可續抱觀察，但暫不追價；若收盤跌破60日EMA約 207.27 且法人籌碼轉弱，先減碼三分之一。,未觸發明確減碼訊號,67.5,70.7,50.7,85,100,可用,215.5,212.5,98.21,109.2,2.11,84.66,111.03,13,11.06,2.2,3.62,22,1402,1708,1648,1493,2875,1063,-775.257,-1065.302,-2355.882,-8712.866,1293,844.734,1198.106,4259.092000000001,2,3,182040177,710.304,566.026,27.16,-1261,-4174,-14245,,-2014.692,-2620.3399999999997,-4120.013999999999,-14163.693999999998,66.52,85.65,84.95,87.03,false,false,4.5,4.87,外資持股尚未完成5／10日可比核對或期間有非市場異動；此項不給分，不解讀為轉弱
37,2357,華碩,TWSE,電腦及週邊設備業,等待確認,保護持有,protect,今天不新增部位；未完成確認前不機械式賣出,今天收盤後；若跌破，再看下一交易日是否收復,已有部位暫停加碼；若收盤跌破60日EMA約 901.09，且下一交易日仍未收復，先減碼三分之一；若ETF或外資繼續轉弱，再分批降低部位。,投信5/10日持續且具金額意義地賣超,73.6,70.6,55.9,85,100,可用,989,989,51.17,42.3,7.05,62.01,128,38.83,14.46,2.44,4.25,44,-9,56,179,413,2596,10,-213.329,1688.763,1780.7309999999993,-1409.6480000000006,-64.864,-225.19099999999997,-266.624,3392.556,0,5,-222713899,217.18099999999998,409.094,39.49,-246,2015,-1545,,-174.883,1696.773,1638.2609999999995,-4353.613,59.17,79.11,77.11,83.1,false,false,2.56,2.91,投信5/10日持續且具金額意義的賣超；20日趨勢尚未上彎
38,2476,鉅祥,TWSE,電子零組件業,等待確認,正常持有,standard,今天不下單,每個交易日收盤後，檢查趨勢與法人籌碼,已有部位可續抱觀察，但暫不追價；若收盤跌破60日EMA約 122.38 且法人籌碼轉弱，先減碼三分之一。,未觸發明確減碼訊號,66.5,70.5,72.9,85,100,完整,131.5,132,41.04,39.81,19.32,27.64,314.36,2.98,21.38,3.16,2.26,1,0,0,0,0,0,0,-126.747,1492.66,2006.7340000000002,2309.8990000000003,0,0,0,-4,0,0,0,287.418,599.364,8.58,-120,800,1296,,-75.382,1205.242,1407.3700000000001,742.9260000000002,66.83,89.85,83.43,102.68,false,false,5.58,6.48,
39,2607,榮運,TWSE,航運業,等待確認,正常持有,standard,今天不下單,每個交易日收盤後，檢查趨勢與法人籌碼,已有部位可續抱觀察，但暫不追價；若收盤跌破60日EMA約 51.67 且法人籌碼轉弱，先減碼三分之一。,未觸發明確減碼訊號,63.6,70.5,70.7,85,100,完整,55.7,55.7,49.39,12.76,11.94,34.11,198.54,2.68,11.12,0.95,4.85,1,0,0,0,0,0,0,659.607,971.283,1225.6219999999998,1668.1260000000004,0,0,0,0,0,0,0,13.035,21.486,8.54,655,840,887,,655.006,958.248,1204.1360000000002,1607.4160000000006,73.16,70.28,65.91,79.02,true,false,4.24,3.53,
40,3702,大聯大,TWSE,電子通路業,等待確認,保護持有,protect,今天不新增部位；未完成確認前不機械式賣出,今天收盤後；若跌破，再看下一交易日是否收復,已有部位暫停加碼；若收盤跌破60日EMA約 111.64，且下一交易日仍未收復，先減碼三分之一；若ETF或外資繼續轉弱，再分批降低部位。,KD高檔死亡交叉（僅屬時機警示）,71.5,70.4,50.1,85,100,可用,120,118,80.46,62.39,2.64,83.99,119.79,8.42,10.27,2.15,3.03,24,154,532,1257,1930,2710,0,2574.185,9319.234,8932.985999999999,23336.353000000003,50,114.08600000000001,208.086,1179.618,3,2,13690320,411.921,174.23499999999996,34.89,2458,8733,10449,,2530.046,8793.226999999999,8550.664999999997,23042.388,65.02,82.68,81.4,85.25,true,true,5.08,5.26,KD高檔死亡交叉，等待動能確認
41,4916,事欣科,TWSE,電腦及週邊設備業,等待確認,保護持有,protect,今天不新增部位；未完成確認前不機械式賣出,今天收盤後；若跌破，再看下一交易日是否收復,已有部位暫停加碼；若收盤跌破60日EMA約 100.30，且下一交易日仍未收復，先減碼三分之一；若ETF或外資繼續轉弱，再分批降低部位。,外資持股5/10日下降且外資5日賣超,65.9,70.4,67.3,85,100,完整,102.5,102.5,82.96,61.85,9.14,32.64,257.18,5.45,15.7,3.52,0.49,1,0,0,0,0,0,0,-1432.119,-814.9859999999996,173.2680000000004,693.4080000000002,0,0,0.035,0.035,0,0,0,38.099999999999994,68.935,3.02,-1468,-673,-18,,-1462.923,-853.0859999999999,104.29800000000009,585.0880000000001,51.87,47.72,59.74,23.67,true,true,0.45,-1.44,外資持股5/10日下降，且外資5日賣超；單季稅前獲利對營業外貢獻依賴偏高
42,2472,立隆電,TWSE,電子零組件業,等待確認,正常持有,strong,強勢續抱；不追高,今日收盤確認是否守住20日EMA,價格仍在20／60日EMA之上且短線強勢；外資偏弱先觀察，不因分歧減碼。若收盤跌破20日EMA約 223.02 且法人續弱，再轉為保護持有。,價格強勢站上20／60日EMA；外資偏弱，先觀察,73,70.1,68.8,85,100,完整,243.5,243.5,51.19,24.38,20.37,26.28,287.97,3.98,24.8,4.2,1.44,3,42,42,42,42,-164,43,-218.81,-1759.125,-3599.9429999999993,-4093.543999999999,99,108,-542,-5742.8,2,0,26298000,295.257,301.502,13.29,-121,-992,-2716,,-550.284,-2162.382,-3359.4450000000006,1455.8679999999993,63.41,74.03,65.76,90.57,false,false,9.18,14.05,外資持股5/10日下降，且外資5日賣超；ETF加碼金額或跨基金共識尚未同時成立；借券賣出與借券賣出餘額壓力升高
43,2376,技嘉,TWSE,電腦及週邊設備業,等待確認,正常持有,standard,今天不下單,每個交易日收盤後，檢查趨勢與法人籌碼,已有部位可續抱觀察，但暫不追價；若收盤跌破60日EMA約 352.46 且法人籌碼轉弱，先減碼三分之一。,未觸發明確減碼訊號,68.4,70,53.4,85,100,可用,365.5,362,98.43,55.23,6.23,74.46,144.47,17.73,13.68,3.68,3.28,28,-229,-6,500,187,5619,145,-7032.409,-2213.879999999999,441.530000000001,-5880.428,-272,225.281,36.27700000000001,5622.943000000001,3,2,82340206,-61.537000000000006,-327.658,23.64,-6717,-2232,9543,,-6748.569,-2377.624,732.9110000000001,-11039.351,52.21,49.06,58.14,30.89,false,true,0.38,1.95,ETF 1/3日已轉為減碼；當下除權息調整價未守20日EMA
44,2347,聯強,TWSE,電子通路業,等待確認,正常持有,standard,今天不下單,每個交易日收盤後，檢查趨勢與法人籌碼,已有部位可續抱觀察，但暫不追價；若收盤跌破60日EMA約 90.44 且法人籌碼轉弱，先減碼三分之一。,未觸發明確減碼訊號,66.2,69.9,55.2,85,100,可用,96.8,95.4,122.02,89.66,2.49,70.33,142.57,4.12,13.24,1.87,4.34,21,-560,-693,302,1379,4491,-539,963.265,9055.848,12755.282,14793.386,-668.461,-478.76,82.18000000000006,3132.792,1,4,-46343968,456.069,545.703,30.6,1555,9008,11960,,1579.134,9078.539,12127.399000000001,10785.780000000002,68.97,66.88,68.3,64.05,false,false,4.04,2,ETF 1/3日已轉為減碼；主動ETF 5日轉為減碼；投信20日買超後近5日轉賣；ETF加碼金額或跨基金共識尚未同時成立
45,2890,永豐金,TWSE,金融保險業,等待確認,保護持有,protect,今天不新增部位；未完成確認前不機械式賣出,今天收盤後；若跌破，再看下一交易日是否收復,已有部位暫停加碼；若收盤跌破60日EMA約 41.48，且下一交易日仍未收復，先減碼三分之一；若ETF或外資繼續轉弱，再分批降低部位。,外資持股5/10日下降且外資5日賣超,76.1,69.7,54.6,85,100,可用,44.65,45,49.48,53.91,,93.3,,1.66,16.85,2.44,2.91,32,3043,9141,17039,25992,65480,3464,-9421.072,-7414.058,-8041.628000000001,8689.12,1896.485,10026.861,13374.967,54249.755999999994,5,0,447699344,4039.1800000000003,6379.573,29.33,-12143,-19197,-28926,,-11525.914,-21480.099000000002,-27796.168,-54377.058999999994,58.18,48.54,41.84,61.93,true,false,1.67,1.67,外資持股5/10日下降，且外資5日賣超
46,3044,健鼎,TWSE,電子零組件業,等待確認,正常持有,strong,強勢續抱；不追高,今日收盤確認是否守住20日EMA,價格仍在20／60日EMA之上且短線強勢；法人未同步轉弱。若收盤跌破20日EMA約 529.81 且法人續弱，再轉為保護持有。,價格強勢站上20／60日EMA；法人未同步轉弱,68.3,69.7,60.6,85,100,可用,582,570.5,65.48,38.72,20.58,48.8,162.21,13.02,24.94,5.49,2.18,21,97,210,161,-20,759,-59,-88.095,2301.294,3789.602,3319.751,95,-81,-307,475.88300000000004,4,1,-47142000,266.77299999999997,339.366,48.9,-178,2108,3500,,-170.286,2115.521,3757.2360000000003,2671.7200000000007,73.32,83.62,79.31,92.23,false,false,9.85,10.86,主動ETF 5日轉為減碼
47,4766,南寶,TWSE,化學工業,等待確認,保護持有,protect,今天不新增部位；未完成確認前不機械式賣出,今天收盤後；若跌破，再看下一交易日是否收復,已有部位暫停加碼；若收盤跌破60日EMA約 342.86，且下一交易日仍未收復，先減碼三分之一；若ETF或外資繼續轉弱，再分批降低部位。,KD高檔死亡交叉（僅屬時機警示）,68,69.7,58.8,85,100,完整,359.5,360,14.17,11.43,16.69,49.05,191.73,13.82,15.34,3.06,5.01,5,0,0,0,0,-13,0,136.351,455.829,484.718,613.0720000000002,0,0,0,-25,0,0,0,0.36100000000000065,0.33900000000000063,16.25,136,430,506,,136.351,455.468,484.3790000000001,664.5170000000002,65.05,82.81,74.52,99.38,true,true,4.12,5.58,KD高檔死亡交叉，等待動能確認
48,2495,普安,TWSE,電腦及週邊設備業,等待確認,正常持有,standard,今天不下單,每個交易日收盤後，檢查趨勢與法人籌碼,已有部位可續抱觀察，但暫不追價；若收盤跌破60日EMA約 39.16 且法人籌碼轉弱，先減碼三分之一。,未觸發明確減碼訊號,57.8,69.3,71.8,85,100,完整,37.65,37.65,106.21,53.01,14.2,42.69,215.77,0.61,18.55,2.27,2.12,1,0,20,20,20,80,0,-323.169,-6.776999999999987,108.41900000000004,946.1839999999999,0,20,20.04,110.03999999999999,1,0,753000,-54.116,-62.373999999999995,8.1,-346,-982,-1079,,-291.097,27.339000000000027,150.75300000000007,1002.588,45.05,23.76,37.9,-4.52,false,false,-1.45,-3.59,ETF加碼，但外資持股5/10日同步下降；當下除權息調整價未守20日EMA；ETF加碼金額或跨基金共識尚未同時成立
49,1609,大亞,TWSE,電器電纜,等待確認,正常持有,standard,今天不下單,每個交易日收盤後，檢查趨勢與法人籌碼,已有部位可續抱觀察，但暫不追價；若收盤跌破60日EMA約 37.53 且法人籌碼轉弱，先減碼三分之一。,未觸發明確減碼訊號,69.8,68.9,50.5,85,100,完整,39,39.1,34.84,20.01,12.94,68.3,151.61,2.24,14.39,1.64,1.79,2,0,0,0,0,0,0,3123.825,3651.437,4839.268999999999,9219.260999999997,0,0,0,-101,0,0,0,219.874,400.76599999999996,14.1,2641,3057,3642,,3035.909,3431.563,4438.503,8934.877,62.67,65.95,64.07,69.7,true,false,2.34,0.65,
50,3661,世芯-KY,TWSE,半導體業,等待確認,正常持有,standard,今天不下單,每個交易日收盤後，檢查趨勢與法人籌碼,"已有部位可續抱觀察，但暫不追價；若收盤跌破60日EMA約 3,832.53 且法人籌碼轉弱，先減碼三分之一。",未觸發明確減碼訊號,78.7,68.9,58.7,85,100,可用,4190,4165,273.61,13.58,25.49,32.68,290.95,37.57,61.45,5.99,0.78,21,40,85,93,112,-2299,72,748.007,2189.8050000000003,2383.3510000000006,-1659.931999999999,362,993,959.044,-2012.3240000000003,4,1,4160670000,142.522,257.46999999999997,51.77,408,1133,774,,394.034,1054.283,1166.8369999999998,253.0699999999996,63.37,81.11,74.12,95.09,false,false,9.17,12.03,20日趨勢尚未上彎
51,6187,萬潤,TPEX,半導體業,等待確認,正常持有,strong,強勢續抱；不追高,今日收盤確認是否守住20日EMA,"價格仍在20／60日EMA之上且短線強勢；法人未同步轉弱。若收盤跌破20日EMA約 1,333.62 且法人續弱，再轉為保護持有。",價格強勢站上20／60日EMA；法人未同步轉弱,71.7,68.9,55.1,85,100,可用,1535,1507.5,103.06,51.11,29.5,35.14,178.04,11.9,79.57,17.54,0.76,17,114,206,136,167,232,136,150.738,150.738,150.738,150.738,101.897,101.897,101.897,101.897,1,0,156411895,13.345,13.345,34.53,,,,,35.496,35.496,35.496,35.496,70.16,79.18,66.66,104.23,false,false,15.1,17.18,外資持股尚未完成5／10日可比核對或期間有非市場異動；此項不給分，不解讀為轉弱；短線過熱或乖離過大
52,6664,群翊,TPEX,電子零組件業,等待確認,正常持有,standard,今天不下單,每個交易日收盤後，檢查趨勢與法人籌碼,已有部位可續抱觀察，但暫不追價；若收盤跌破60日EMA約 360.57 且法人籌碼轉弱，先減碼三分之一。,未觸發明確減碼訊號,66.8,68.9,61.8,85,100,可用,378,376.75,32.28,18.74,34.02,56.53,188.59,7.29,22.73,5.52,2.68,2,2,6,8,10,13,0,-17.576,-17.576,-17.576,-17.576,2,2,2,2,1,0,756000,-0.509,-0.509,11.94,,,,,-19.067,-19.067,-19.067,-19.067,60.86,76.62,76.3,77.27,false,false,4.23,0.53,外資持股尚未完成5／10日可比核對或期間有非市場異動；此項不給分，不解讀為轉弱；ETF加碼金額或跨基金共識尚未同時成立
53,3005,神基,TWSE,電腦及週邊設備業,等待確認,正常持有,standard,今天不下單,每個交易日收盤後，檢查趨勢與法人籌碼,已有部位可續抱觀察，但暫不追價；若收盤跌破60日EMA約 114.41 且法人籌碼轉弱，先減碼三分之一。,未觸發明確減碼訊號,69.9,68.8,66.1,85,100,完整,118,118,18.39,9.96,15.34,44.17,195.75,4.27,14.01,2.89,5.75,13,88,271,393,751,1683,0,-254.616,1301.7350000000001,1930.58,5534.817999999999,46.597,100.946,475.451,1440.938,5,0,11911628,293.201,456.50900000000007,15.16,-482,194,-509,,-356.024,907.5880000000001,998.6199999999999,3644.3769999999995,55.58,54.3,49.06,64.77,true,false,0.88,1.29,ETF加碼金額或跨基金共識尚未同時成立
54,6691,洋基工程,TWSE,其他電子業,等待確認,正常持有,standard,今天不下單,每個交易日收盤後，檢查趨勢與法人籌碼,已有部位可續抱觀察，但暫不追價；若收盤跌破60日EMA約 652.20 且法人籌碼轉弱，先減碼三分之一。,未觸發明確減碼訊號,66.7,68.7,53.1,85,100,完整,776,782,213.7,112.82,16.22,72.04,135.24,17.46,23.21,12.62,2.84,12,49,105,190,188,-31,178,141.117,1212.2,1856.0760000000005,2083.169000000001,49,217,278.4,68.39999999999998,5,0,168392000,-1.8060000000000045,25.152999999999995,13.87,105,1023,1471,,108.271,997.0059999999999,1552.523,1939.8229999999999,72.52,91.59,89.24,96.27,false,false,12.32,7.93,短線過熱或乖離過大
55,2801,彰銀,TWSE,金融保險業,等待確認,保護持有,protect,今天不新增部位；未完成確認前不機械式賣出,今天收盤後；若跌破，再看下一交易日是否收復,已有部位暫停加碼；若收盤跌破60日EMA約 25.71，且下一交易日仍未收復，先減碼三分之一；若ETF或外資繼續轉弱，再分批降低部位。,外資持股5/10日下降且外資5日賣超,70.7,68.4,59.6,85,100,可用,27.75,27.7,21.13,14.34,,93.5,,0.94,16.32,1.42,3.78,18,-194,-118,13193,15337,68633,-94,2943.246,1171.4920000000006,-5753.589999999999,-14379.039999999997,-233,13088,15107,73437.00899999999,3,2,363192000,-97.59,49.28399999999999,16.39,4922,-5184,-10566,,3159.688,-11818.918,-20909.874,-90116.59700000001,57.66,27.59,23.93,34.91,true,false,1.25,0.54,ETF 1/3日已轉為減碼；主動ETF 5日轉為減碼；外資持股5/10日下降，且外資5日賣超；ETF加碼金額或跨基金共識尚未同時成立
56,3653,健策,TWSE,電子零組件業,等待確認,保護持有,protect,今天不新增部位；未完成確認前不機械式賣出,今天收盤後；若跌破，再看下一交易日是否收復,"已有部位暫停加碼；若收盤跌破60日EMA約 5,392.58，且下一交易日仍未收復，先減碼三分之一；若ETF或外資繼續轉弱，再分批降低部位。",外資持股5/10日下降且外資5日賣超,69.1,68.4,64.6,85,100,可用,6805,6705,90.9,42.93,35.34,28.69,256.61,25.33,153.58,42.35,0.32,39,-11,9,105,182,287,96,-93.569,-254.99400000000003,-582.6280000000002,-115.97200000000011,-159.121,-49.65300000000002,224.006,429.5849999999999,3,2,-337888665,5.316,58.717999999999996,25.61,59,-215,-1286,,62.796,-210.65699999999998,-865.3520000000001,-544.7430000000002,63.34,73.77,78.32,64.66,false,true,7.45,0.07,外資持股5/10日下降，且外資5日賣超
57,6788,華景電,TPEX,半導體業,等待確認,正常持有,standard,今天不下單,每個交易日收盤後，檢查趨勢與法人籌碼,已有部位可續抱觀察，但暫不追價；若收盤跌破60日EMA約 359.62 且法人籌碼轉弱，先減碼三分之一。,未觸發明確減碼訊號,63.5,68.1,70.4,85,100,可用,377,377,20.38,18.49,34.89,32.23,315.71,9.79,19.52,5.54,3.98,2,0,0,0,-1,-1,0,-289.776,-289.776,-289.776,-289.776,0,0,0,0,0,0,0,-21.02,-21.02,13.71,,,,,-268.756,-268.756,-268.756,-268.756,64.08,75.21,74.04,77.56,false,false,7.05,8.02,外資持股尚未完成5／10日可比核對或期間有非市場異動；此項不給分，不解讀為轉弱
58,2603,長榮,TWSE,航運業,等待確認,保護持有,protect,今天不新增部位；未完成確認前不機械式賣出,今天收盤後；若跌破，再看下一交易日是否收復,已有部位暫停加碼；若收盤跌破60日EMA約 227.81，且下一交易日仍未收復，先減碼三分之一；若ETF或外資繼續轉弱，再分批降低部位。,外資持股5/10日下降且外資5日賣超,60.7,67.9,68.1,85,100,可用,232.5,233.25,48.64,9.78,14.77,39.75,138.81,11.24,9.22,0.9,6.88,31,335,1149,933,5664,15105,-874,-635.787,-1447.6770000000006,-1657.5920000000003,9909.524,189.397,-1414.145,2012.145,14883.628999999999,3,2,-328788712,217.942,785.482,25.72,-604,-170,-4942,,-676.223,-251.47400000000016,-4455.219000000001,-6349.015,46.09,25.66,38.91,-0.84,false,false,-1.84,-2.92,主動ETF 5日轉為減碼；外資持股5/10日下降，且外資5日賣超；當下除權息調整價未守20日EMA；ETF加碼金額或跨基金共識尚未同時成立；借券賣出與借券賣出餘額壓力升高
59,2889,國票金,TWSE,金融保險業,等待確認,正常持有,standard,今天不下單,每個交易日收盤後，檢查趨勢與法人籌碼,已有部位可續抱觀察，但暫不追價；若收盤跌破60日EMA約 16.02 且法人籌碼轉弱，先減碼三分之一。,未觸發明確減碼訊號,57,67.9,66.9,85,100,可用,16.3,16.35,51.9,94.92,,88.92,,0.77,13.36,1.24,3.62,2,0,0,0,-3,-3,0,688.744,-12822.347999999998,-15781.090999999999,693.4870000000024,0,0,0,0,0,0,0,-491.542,-582.9829999999998,11.03,606,-13338,-22531,,824.744,-12330.806,-15198.108,750.6010000000065,48.7,25.17,21.19,33.13,true,false,-0.65,-1.21,外資持股尚未完成5／10日可比核對或期間有非市場異動；此項不給分，不解讀為轉弱；20日趨勢尚未上彎；當下除權息調整價未守20日EMA
60,7751,竑騰,TPEX,半導體業,等待確認,正常持有,standard,今天不下單,每個交易日收盤後，檢查趨勢與法人籌碼,"已有部位可續抱觀察，但暫不追價；若收盤跌破60日EMA約 1,516.68 且法人籌碼轉弱，先減碼三分之一。",未觸發明確減碼訊號,70.7,67.9,52,85,100,可用,1600,1660,41.32,61.38,33.81,48.73,198.28,13.85,62.02,18.23,1.13,2,6,6,46,104,109,46,31.922,31.922,31.922,31.922,6,6,6,6,1,0,9600000,0.94,0.94,10.48,,,,,24.982,24.982,24.982,24.982,55.27,73.31,74.18,71.56,false,true,3.66,-1.54,外資持股尚未完成5／10日可比核對或期間有非市場異動；此項不給分，不解讀為轉弱
61,2884,玉山金,TWSE,金融保險業,等待確認,正常持有,standard,今天不下單,每個交易日收盤後，檢查趨勢與法人籌碼,已有部位可續抱觀察，但暫不追價；若收盤跌破60日EMA約 41.31 且法人籌碼轉弱，先減碼三分之一。,未觸發明確減碼訊號,79.9,67.5,51.2,85,100,可用,45.75,45.75,19.29,21.26,,94.21,,1.32,18.98,2.63,3.06,32,383,1791,18298,33356,80466,3749,2679.8,17612.993,21852.488999999998,40277.099,-505.61,12224.488,20873.845999999998,79708.616,2,3,559270326,2919.1499999999996,6028.118,30.16,1229,635,-42341,,2866.81,2469.355,-5049.475,-47796.709,62.47,50.82,40.08,72.32,true,false,2.21,2.01,
62,2421,建準,TWSE,電子零組件業,等待確認,正常持有,standard,今天不下單,每個交易日收盤後，檢查趨勢與法人籌碼,已有部位可續抱觀察，但暫不追價；若收盤跌破60日EMA約 157.19 且法人籌碼轉弱，先減碼三分之一。,未觸發明確減碼訊號,67.7,67.2,58.6,85,100,完整,171.5,171.5,26.03,21.08,15.56,50.21,164.23,4.78,18.44,4.66,3.06,5,12,21,50,-88,-319,0,-0.507,1890.199,2043.1399999999999,320.8609999999994,12,50,-37,-191,4,1,8575000,125.04099999999998,-118.13900000000004,37.15,78,1542,2555,,104.101,1715.158,2198.279,912.8719999999998,59.2,67.39,58.78,84.6,false,false,3.72,6.85,20日趨勢尚未上彎
63,2441,超豐,TWSE,半導體業,等待確認,正常持有,standard,今天不下單,每個交易日收盤後，檢查趨勢與法人籌碼,已有部位可續抱觀察，但暫不追價；若收盤跌破60日EMA約 120.43 且法人籌碼轉弱，先減碼三分之一。,未觸發明確減碼訊號,65.6,67.2,66.6,85,100,完整,127,126,41.98,26.93,20.06,18.34,230.57,2.98,23.52,2.63,2.37,7,171,611,932,-1128,-1726,0,198.707,121.15899999999988,2950.1739999999995,6518.5199999999995,171,932,-405,-852,5,0,118364000,13.189999999999998,73.97200000000001,11.26,199,-297,2914,,43.441,-824.031,3281.202,7365.048000000001,58.65,50.3,52.73,45.43,false,false,3.62,1.2,
64,2883,凱基金,TWSE,金融保險業,等待確認,正常持有,standard,今天不下單,每個交易日收盤後，檢查趨勢與法人籌碼,已有部位可續抱觀察，但暫不追價；若收盤跌破60日EMA約 34.38 且法人籌碼轉弱，先減碼三分之一。,未觸發明確減碼訊號,77.8,67.2,55.8,85,100,可用,38.5,38.63,-51.73,4170.37,,89.78,,1.64,13.46,1.52,2.6,27,1034,2633,24983,29690,50494,2945,12672.38,29914.143000000004,27962.684000000005,54386.81700000001,-58.44,18103.422,18521.962,43233.5,3,2,696981747,4793.881,6637.066999999999,29.64,11416,-1860,-11426,,12143.128,7016.84,2803.654999999999,1751.5659999999953,59.54,39.26,36.73,44.34,true,false,2.27,-0.9,ETF加碼，但外資持股5/10日同步下降
65,2892,第一金,TWSE,金融保險業,等待確認,正常持有,standard,今天不下單,每個交易日收盤後，檢查趨勢與法人籌碼,已有部位可續抱觀察，但暫不追價；若收盤跌破60日EMA約 36.31 且法人籌碼轉弱，先減碼三分之一。,未觸發明確減碼訊號,75.3,66.8,53.5,85,100,可用,38.9,38.95,13.9,17.99,,94.24,,1.24,18.18,1.86,3.34,27,159,-1601,8590,19008,53612,1103,-583.657,6669.9619999999995,25526.341,127333.683,-35.136,7338.624,15824.386,56932.235,2,3,285472474,-4.263000000000005,374.276,26.68,-1239,-2184,20160,,-590.676,-664.3990000000003,9327.679,67193.44300000001,58.19,26.26,26.05,26.67,true,false,1.15,0.65,
66,3617,碩天,TWSE,其他電子業,等待確認,正常持有,standard,今天不下單,每個交易日收盤後，檢查趨勢與法人籌碼,已有部位可續抱觀察，但暫不追價；若收盤跌破60日EMA約 236.51 且法人籌碼轉弱，先減碼三分之一。,未觸發明確減碼訊號,61.2,66.8,74.6,85,100,完整,245.5,241,13.31,10.15,22.32,36.99,273.56,11.12,11.76,2.35,4.05,3,0,2,2,2,52,0,-17.04,40.153,199.236,234.63699999999994,0,2.115,2.115,49.6,1,0,519233,-46.45100000000001,-62.188,10.08,-50,-57,332,,-13.965,84.489,259.309,285.0900000000001,53.49,48.47,38.39,68.64,true,false,0.82,1.45,20日趨勢尚未上彎；當下除權息調整價未守20日EMA
67,4904,遠傳,TWSE,通信網路業,等待確認,正常持有,standard,今天不下單,每個交易日收盤後，檢查趨勢與法人籌碼,已有部位可續抱觀察，但暫不追價；若收盤跌破60日EMA約 103.41 且法人籌碼轉弱，先減碼三分之一。,未觸發明確減碼訊號,73.2,66.6,51.8,85,100,可用,106,105.75,15.65,11.38,17.57,51.58,74.42,2.14,25.79,4.44,3.59,31,469,368,960,2972,3814,23,1261.135,3230.7030000000004,5209.737999999999,12493.303999999998,232.711,-830.94,535.449,1265.8220000000001,3,2,-88079640,1229.6480000000001,2088.197,20.28,662,2161,1735,,931.06,2831.9950000000003,2586.092,8789.798,56.04,62.35,54.32,78.43,false,false,1.07,2.42,
68,2609,陽明,TWSE,航運業,等待確認,正常持有,standard,今天不下單,每個交易日收盤後，檢查趨勢與法人籌碼,已有部位可續抱觀察，但暫不追價；若收盤跌破60日EMA約 56.81 且法人籌碼轉弱，先減碼三分之一。,未觸發明確減碼訊號,68.1,66.5,66.5,85,100,可用,59.1,59.3,56.17,11.93,7.6,28.37,420.88,2.05,13.31,0.63,3.38,9,-25,-173,-214,29,-168,0,429.629,7884.353999999999,19611.836999999996,77771.36800000002,-25,-214,15,355.631,1,4,-12647400,-134.24,-357.66700000000003,26.08,-1859,4634,12633,,527.186,8232.594,19954.504,77694.725,51.53,29.45,29.85,28.64,false,false,-0.05,-0.51,ETF 1/3日已轉為減碼；投信20日買超後近5日轉賣
69,3680,家登,TPEX,半導體業,等待確認,正常持有,standard,今天不下單,每個交易日收盤後，檢查趨勢與法人籌碼,已有部位可續抱觀察，但暫不追價；若收盤跌破60日EMA約 511.13 且法人籌碼轉弱，先減碼三分之一。,未觸發明確減碼訊號,64.2,66.4,55.4,85,100,可用,567,576.5,49.94,31.32,16.54,47.06,233.81,8.09,38.13,4.2,1.22,2,0,0,1,-1,37,0,91.397,91.397,91.397,91.397,-0.165,-0.165,-0.165,-0.165,0,1,-93555,1.027,1.027,32.81,,,,,90.535,90.535,90.535,90.535,62.93,65.23,69.62,56.44,false,true,5.29,2.16,外資持股尚未完成5／10日可比核對或期間有非市場異動；此項不給分，不解讀為轉弱
70,6505,台塑化,TWSE,油電燃氣業,等待確認,正常持有,standard,今天不下單,每個交易日收盤後，檢查趨勢與法人籌碼,已有部位可續抱觀察，但暫不追價；若收盤跌破60日EMA約 79.77 且法人籌碼轉弱，先減碼三分之一。,未觸發明確減碼訊號,68,66.4,65.8,85,100,完整,107,106.5,50.29,16.72,13.74,16.6,520.61,4.32,18.58,2.09,1.12,14,649,844,8503,14345,21517,8410,5297.566,5462.815,38135.737,40972.55599999999,3787.167,14572.746,31052.705,50853.76900000001,5,0,1559283822,-3.8980000000001382,319.98199999999986,6.8,1937,-9263,6710,,1249.139,-9106.033,6763.050000000002,-10630.020999999999,76.14,83.78,80.93,89.49,false,false,17.35,9.97,短線過熱或乖離過大；融資增幅與短線漲幅同步偏高
71,2881,富邦金,TWSE,金融保險業,等待確認,正常持有,standard,今天不下單,每個交易日收盤後，檢查趨勢與法人籌碼,已有部位可續抱觀察，但暫不追價；若收盤跌破60日EMA約 140.10 且法人籌碼轉弱，先減碼三分之一。,未觸發明確減碼訊號,76.2,66.3,53.6,85,100,可用,155.5,154.5,-48.02,172.43,,90.67,,6.67,14.53,1.91,2.73,35,125,1265,6665,3661,6877,2194,3286.143,6432.3409999999985,12488.450999999997,12615.828999999998,-23.059,5827.235,654.2699999999998,5462.245999999999,4,1,906135043,100.708,380.37900000000013,18.76,1411,-1511,5310,,3281.574,504.39799999999923,11453.802,6036.352999999999,65.36,69.95,56.67,96.51,true,false,3.39,2.98,
72,3090,日電貿,TWSE,電子零組件業,等待確認,保護持有,protect,今天不新增部位；未完成確認前不機械式賣出,今天收盤後；若跌破，再看下一交易日是否收復,已有部位暫停加碼；若收盤跌破60日EMA約 175.17，且下一交易日仍未收復，先減碼三分之一；若ETF或外資繼續轉弱，再分批降低部位。,外資持股5/10日下降且外資5日賣超,64.8,66.2,64.1,85,100,完整,174,175,38.45,30.03,12.12,30.9,156.34,4.91,23.05,2.69,2.76,6,0,0,-4,207,166,0,-1771.165,-17.668000000000006,-13.03699999999992,-2915.786,100,446,681,685,2,0,77604000,193.757,132.38200000000003,7.51,-1564,-299,-1606,,-1992.488,-657.4249999999998,-826.4189999999999,-3691.61,56.16,65.38,58.97,78.2,false,false,3.55,8.07,20日累積後5日轉為調節；外資持股5/10日下降，且外資5日賣超
73,8021,尖點,TWSE,其他電子業,等待確認,正常持有,strong,強勢續抱；不追高,今日收盤確認是否守住20日EMA,價格仍在20／60日EMA之上且短線強勢；法人未同步轉弱。若收盤跌破20日EMA約 491.01 且法人續弱，再轉為保護持有。,價格強勢站上20／60日EMA；法人未同步轉弱,68,66.2,61.5,85,100,完整,556,550.5,97.75,76.07,24.71,37.35,239.28,3.25,112.1,12.97,0.35,8,193,225,176,173,165,181,-982.934,4040.032,6804.854,10388.932,228,2041,3805,3291,4,0,1134796000,-10.610999999999999,-81.91500000000002,18.59,-1494,1370,2258,,-1152.066,2009.643,3081.7690000000002,6914.7480000000005,72.51,84.95,88.77,77.31,false,true,13.24,15.16,短線過熱或乖離過大；KD高檔死亡交叉，等待動能確認
74,6147,頎邦,TPEX,半導體業,等待確認,正常持有,strong,強勢續抱；不追高,今日收盤確認是否守住20日EMA,價格仍在20／60日EMA之上且短線強勢；法人未同步轉弱。若收盤跌破20日EMA約 209.81 且法人續弱，再轉為保護持有。,價格強勢站上20／60日EMA；法人未同步轉弱,74.7,65.9,60.8,85,100,可用,231.5,229.25,43.61,23.86,16.68,13.08,262.19,1.87,55.92,2.95,1.21,9,-158,86,1033,963,1346,516,21930.912,21930.912,21930.912,21930.912,4718,4718,4718,4718,1,0,1092217000,831.533,831.533,35.75,,,,,16381.379,16381.379,16381.379,16381.379,64.5,56.05,54.64,58.88,true,false,10.34,10.5,外資持股尚未完成5／10日可比核對或期間有非市場異動；此項不給分，不解讀為轉弱
75,6166,凌華,TWSE,電腦及週邊設備業,等待確認,正常持有,standard,今天不下單,每個交易日收盤後，檢查趨勢與法人籌碼,已有部位可續抱觀察，但暫不追價；若收盤跌破60日EMA約 123.90 且法人籌碼轉弱，先減碼三分之一。,未觸發明確減碼訊號,62.6,65.9,50.8,85,100,完整,131,129.5,47.83,41.6,11.38,62.79,137.33,3.12,25,4.63,0.92,1,0,0,0,0,0,0,150.17,-12.433000000000005,795.774,-1325.7089999999998,0,0,0,0,0,0,0,-15.651,-122.487,19.45,81,-58,903,,149.188,3.218000000000015,918.2610000000001,-1036.927,59.73,43.56,54,22.67,false,false,4.39,-1.5,
76,6191,精成科,TWSE,電子零組件業,等待確認,正常持有,standard,今天不下單,每個交易日收盤後，檢查趨勢與法人籌碼,已有部位可續抱觀察，但暫不追價；若收盤跌破60日EMA約 86.21 且法人籌碼轉弱，先減碼三分之一。,未觸發明確減碼訊號,65.1,65.9,55.6,85,100,可用,87.5,87.5,20.45,26.98,7.6,49.82,126.43,2.32,15.24,1.19,2.97,4,0,11,9,-85,24,0,523.873,1896.856,2627.0760000000005,3968.81,20,29,2,65,3,1,2537500,47.187999999999995,76.789,4.54,463,1211,2498,,489.365,1820.6680000000001,2548.2870000000003,3834.5540000000015,64.1,86.63,78.6,102.7,false,false,3.88,4.17,外資持股尚未完成5／10日可比核對或期間有非市場異動；此項不給分，不解讀為轉弱
77,3533,嘉澤,TWSE,電子零組件業,等待確認,保護持有,protect,今天不新增部位；未完成確認前不機械式賣出,今天收盤後；若跌破，再看下一交易日是否收復,"已有部位暫停加碼；若收盤跌破60日EMA約 1,808.14，且下一交易日仍未收復，先減碼三分之一；若ETF或外資繼續轉弱，再分批降低部位。",外資持股5/10日下降且外資5日賣超；KD高檔死亡交叉（僅屬時機警示）,67.7,65.7,70.6,85,100,完整,1825,1832.5,19.58,17.7,25.46,25.84,276.95,39.04,22.25,5.01,1.91,16,1,77,40,-35,-252,79,-28.136,144.93200000000002,-390.63300000000004,-1534.7920000000001,1.627,468.627,751.627,531.1709999999999,3,1,855244275,18.563999999999997,46.17299999999999,43.26,52,-250,-1025,,-23.296,-342.25899999999996,-1188.4330000000002,-2029.9560000000001,59.33,78.2,81.68,71.25,false,true,4.94,3.11,外資持股5/10日下降，且外資5日賣超；KD高檔死亡交叉，等待動能確認；借券賣出與借券賣出餘額壓力升高
78,1785,光洋科,TPEX,其他電子業,等待確認,正常持有,standard,今天不下單,每個交易日收盤後，檢查趨勢與法人籌碼,已有部位可續抱觀察，但暫不追價；若收盤跌破60日EMA約 107.00 且法人籌碼轉弱，先減碼三分之一。,未觸發明確減碼訊號,63.4,65.6,54.6,85,100,可用,107,105.5,30.71,63.4,10.31,57.48,172.98,3.66,15.99,3.93,1.87,2,-4,3,11,24,27,0,-4204.711,-4204.711,-4204.711,-4204.711,-4,-4,-4,-4,0,1,-428000,-76.717,-76.717,18.85,,,,,-4123.994,-4123.994,-4123.994,-4123.994,60.39,74.65,70.01,83.94,false,false,5.74,6.47,外資持股尚未完成5／10日可比核對或期間有非市場異動；此項不給分，不解讀為轉弱
79,3231,緯創,TWSE,電腦及週邊設備業,等待確認,保護持有,protect,今天不新增部位；未完成確認前不機械式賣出,今天收盤後；若跌破，再看下一交易日是否收復,已有部位暫停加碼；若收盤跌破60日EMA約 179.01，且下一交易日仍未收復，先減碼三分之一；若ETF或外資繼續轉弱，再分批降低部位。,投信5/10日持續且具金額意義地賣超,63.5,65.6,48.1,85,100,可用,185,184,166.48,98.87,3.59,82.37,118.14,7.78,14.69,3.03,2.97,39,183,582,468,1048,13356,-54,-10886.144,17750.697999999997,-20037.840000000004,-107759.09199999999,-1754.924,-3873.0190000000002,-15974.29,-3855.2799999999997,1,4,-716508515,1359.686,1910.383,35.18,-11054,10488,-46583,,-9225.689,20264.031,-5973.933000000002,-105845.38700000002,50.07,60.49,61.03,59.43,false,true,-0.39,0.27,主動ETF 5日轉為減碼；投信5/10日持續且具金額意義的賣超；外資持股尚未完成5／10日可比核對或期間有非市場異動；此項不給分，不解讀為轉弱；20日趨勢尚未上彎；當下除權息調整價未守20日EMA
80,5243,乙盛-KY,TWSE,光電業,等待確認,保護持有,protect,今天不新增部位；未完成確認前不機械式賣出,今天收盤後；若跌破，再看下一交易日是否收復,已有部位暫停加碼；若收盤跌破60日EMA約 92.48，且下一交易日仍未收復，先減碼三分之一；若ETF或外資繼續轉弱，再分批降低部位。,外資持股5/10日下降且外資5日賣超,61.9,65.6,62.4,85,100,完整,96.8,97.95,54.12,10.26,11.49,39.81,168.64,3,18.47,1.89,2.27,1,0,0,0,0,0,0,-620.176,-86.95900000000005,-533.605,-1302.9299999999998,0,0,0.02,0.02,0,0,0,494.318,331.729,51.76,-735,-573,-1397,,-582.99,-581.2770000000002,-865.3540000000003,-1493.6710000000003,62.43,86.14,79.13,100.16,false,false,5.34,5.79,外資持股5/10日下降，且外資5日賣超
81,8081,致新,TWSE,半導體業,等待確認,正常持有,standard,今天不下單,每個交易日收盤後，檢查趨勢與法人籌碼,已有部位可續抱觀察，但暫不追價；若收盤跌破60日EMA約 258.19 且法人籌碼轉弱，先減碼三分之一。,未觸發明確減碼訊號,66.9,65.6,66.8,85,100,可用,262.5,264.5,10.57,1.63,18.9,29.31,258.31,9.13,14.27,2.77,6.1,10,28,176,212,266,296,-7,55.901,616.889,364.78499999999997,604.284,28.6,123.68799999999999,158.48799999999997,187.37699999999995,4,1,32468100,-0.3879999999999999,-130.888,19.09,17,251,190,,27.321,493.589,337.185,559.687,60.47,87.38,80.89,100.36,false,false,2.85,4.37,主動ETF 5日轉為減碼
82,9958,世紀鋼,TWSE,鋼鐵工業,等待確認,正常持有,standard,今天不下單,每個交易日收盤後，檢查趨勢與法人籌碼,已有部位可續抱觀察，但暫不追價；若收盤跌破60日EMA約 97.61 且法人籌碼轉弱，先減碼三分之一。,未觸發明確減碼訊號,49.1,65.6,60.5,85,100,完整,89,89.2,91.07,41.49,21.68,56.42,122.11,4.08,12.64,1.87,5.06,3,-1,-1,-1,384,384,0,-71.328,-1032.1019999999999,-850.5619999999999,2211.8469999999998,-1,-1,174,114.477,0,1,-89000,-47.769000000000005,-72.033,9.11,-25,-621,441,,-58.328,-983.333,-952.529,2243.2380000000003,37.63,15.05,33.24,-21.33,false,false,-2.95,-4.3,20日累積後5日轉為調節；ETF 1/3日已轉為減碼；當下除權息調整價未守20日EMA
83,1904,正隆,TWSE,造紙工業,等待確認,正常持有,standard,今天不下單,每個交易日收盤後，檢查趨勢與法人籌碼,已有部位可續抱觀察，但暫不追價；若收盤跌破60日EMA約 23.87 且法人籌碼轉弱，先減碼三分之一。,未觸發明確減碼訊號,62.7,65.4,48.9,85,100,完整,25.25,25.05,23.12,9.49,6.98,58.93,121.21,1.45,11.64,0.91,1.78,1,0,0,0,0,0,0,674.031,52.524000000000115,561.5960000000001,797.3209999999999,0,0,0,-301,0,0,0,-11.79,1.3080000000000034,12.1,698,39,-379,,697.821,64.31400000000008,560.288,1392.0990000000002,57.67,48.82,34.53,77.39,true,false,2.68,2.64,20日趨勢尚未上彎
84,6472,保瑞,TWSE,生技醫療業,等待確認,正常持有,standard,今天不下單,每個交易日收盤後，檢查趨勢與法人籌碼,已有部位可續抱觀察，但暫不追價；若收盤跌破60日EMA約 418.48 且法人籌碼轉弱，先減碼三分之一。,未觸發明確減碼訊號,68.8,65.4,42.8,85,100,完整,428,429,59.22,6.09,14.11,66.33,129.65,4.56,35.28,3.61,2.34,2,0,1,1,0,0,0,283.868,11.516999999999996,22.109000000000037,1112.0289999999998,0,1,-132,283.611,1,0,428000,-21.954,-66.578,13,216,-18,174,,237.203,32.47100000000002,220.68700000000007,765.4630000000001,53.13,26.27,30.26,18.3,false,false,1.38,0.94,
85,4551,智伸科,TWSE,汽車工業,等待確認,保護持有,protect,今天不新增部位；未完成確認前不機械式賣出,今天收盤後；若跌破，再看下一交易日是否收復,已有部位暫停加碼；若收盤跌破60日EMA約 170.61，且下一交易日仍未收復，先減碼三分之一；若ETF或外資繼續轉弱，再分批降低部位。,外資持股5/10日下降且外資5日賣超,64.4,65.3,59.3,85,100,完整,187,186.5,33.5,21.06,14.4,37.61,221.94,4.77,19.62,2.33,2.25,2,0,0,-2,89,86,0,322.142,-3137.697,-3888.003,-5396.860000000001,300,521,743,686,2,1,97427000,219.40200000000002,220.46600000000004,50.49,-45,-3410,-4200,,-153.32,-3878.099,-4851.469,-6292.923000000001,62.98,76.55,71.85,85.95,false,false,9.01,7.16,20日累積後5日轉為調節；外資持股5/10日下降，且外資5日賣超
86,6271,同欣電,TWSE,半導體業,等待確認,正常持有,standard,今天不下單,每個交易日收盤後，檢查趨勢與法人籌碼,已有部位可續抱觀察，但暫不追價；若收盤跌破60日EMA約 218.87 且法人籌碼轉弱，先減碼三分之一。,未觸發明確減碼訊號,73.8,65.3,60.5,85,100,完整,241.5,240.75,23.09,6.76,16.16,24.15,259.54,4.37,27.17,1.85,1.24,4,102,102,102,65,405,102,410.905,2758.0879999999997,3376.026,2653.6159999999995,102,102,102,1538,1,0,24633000,359.16700000000003,360.79300000000006,32.73,278,2340,2867,,278.273,2296.9210000000003,2913.233,896.3810000000003,66.52,72.91,67.78,83.17,false,false,5.58,6.62,
87,6285,啟碁,TWSE,通信網路業,等待確認,保護持有,protect,今天不新增部位；未完成確認前不機械式賣出,今天收盤後；若跌破，再看下一交易日是否收復,已有部位暫停加碼；若收盤跌破60日EMA約 241.01，且下一交易日仍未收復，先減碼三分之一；若ETF或外資繼續轉弱，再分批降低部位。,外資持股5/10日下降且外資5日賣超,64.9,65.3,44.9,85,100,完整,257.5,253.5,81.21,37.83,5,65.98,133.19,5.75,28.2,3.48,1.67,12,24,140,-59,35,-836,-300,-2550.542,-828.8149999999998,-785.2529999999998,-5200.382,-8.208,-473.442,-472.442,-1151.817,3,2,-121911315,982.5300000000001,1022.5090000000001,23.42,-2106,-824,-167,,-2299.676,-1337.9029999999998,-1335.3200000000002,-4725.311,65.52,73.98,73.62,74.7,false,false,7.67,9.11,主動ETF 5日轉為減碼；外資持股5/10日下降，且外資5日賣超
88,1513,中興電,TWSE,電機機械,等待確認,正常持有,standard,今天不下單,每個交易日收盤後，檢查趨勢與法人籌碼,已有部位可續抱觀察，但暫不追價；若收盤跌破60日EMA約 165.14 且法人籌碼轉弱，先減碼三分之一。,未觸發明確減碼訊號,71.5,65.2,49.1,85,100,完整,168,167.5,8.93,4.21,19.35,56.3,105.97,4.5,18.9,3.99,3.57,11,65,194,277,370,1530,0,705.983,1348.8649999999998,4810.7,8724.302999999998,35.752,68.474,571.473,1309.391,4,1,11503632,285.782,491.22700000000003,13.25,436,-65,1768,,568.389,994.6089999999999,3748,6925.962,55.74,65.05,63.81,67.54,true,true,1.06,0,
89,2317,鴻海,TWSE,其他電子業,等待確認,保護持有,protect,今天不新增部位；未完成確認前不機械式賣出,今天收盤後；若跌破，再看下一交易日是否收復,已有部位暫停加碼；若收盤跌破60日EMA約 250.60，且下一交易日仍未收復，先減碼三分之一；若ETF或外資繼續轉弱，再分批降低部位。,投信5/10日持續且具金額意義地賣超,65.4,65.2,50.8,85,100,可用,252,251,51.98,39.73,3.67,62.3,142.27,7.84,16.61,1.85,2.85,41,-38,528,1880,3059,4586,52,-12638.986,-29239.531000000003,-11438.599000000006,-34387.80100000001,-625.772,-1403.2650000000003,-311.6340000000002,2644.962,2,3,-353622780,871.0340000000001,2888.3050000000003,40.13,-12074,-29520,-29562,,-11742.552,-28707.299999999996,-14015.26999999999,-35646.645999999986,50.34,44.97,52.65,29.6,true,true,0.01,0.2,投信5/10日持續且具金額意義的賣超；外資持股尚未完成5／10日可比核對或期間有非市場異動；此項不給分，不解讀為轉弱；當下除權息調整價未守20日EMA
90,2880,華南金,TWSE,金融保險業,等待確認,保護持有,protect,今天不新增部位；未完成確認前不機械式賣出,今天收盤後；若跌破，再看下一交易日是否收復,已有部位暫停加碼；若收盤跌破60日EMA約 42.71，且下一交易日仍未收復，先減碼三分之一；若ETF或外資繼續轉弱，再分批降低部位。,外資持股5/10日下降且外資5日賣超,75.6,65.2,49.6,85,100,可用,46.9,47,11.95,27.69,,94.68,,1.24,20.3,2.7,3.09,23,1042,4417,12328,16388,5813,3307,2745.482,5744.789000000001,4000.9150000000013,34443.638000000006,-67.745,4577.85,3300.1760000000004,-5604.743,2,3,214701165,4900.9929999999995,8693.379,14.41,-2985,-8354,-29497,,2274.13,-3734.0540000000005,-7992.64,29745.486000000004,63.64,53.13,38.12,83.15,true,false,3.68,3.42,外資持股5/10日下降，且外資5日賣超
91,6197,佳必琪,TWSE,電子零組件業,等待確認,正常持有,strong,強勢續抱；不追高,今日收盤確認是否守住20日EMA,價格仍在20／60日EMA之上且短線強勢；法人未同步轉弱。若收盤跌破20日EMA約 327.47 且法人續弱，再轉為保護持有。,價格強勢站上20／60日EMA；法人未同步轉弱,70,65.2,59.8,85,100,完整,371,368.5,25.35,23.68,22.77,43.32,210.43,7,31.36,8.07,1.87,2,0,0,191,191,191,191,322.841,976.0969999999999,999.124,1058.6160000000004,0,191,191.027,156.027,2,0,70861000,-42.364999999999995,-171.778,5.55,189,590,630,,382.546,827.4620000000001,979.875,1209.275,77.06,91.26,85.85,102.09,false,false,13.29,13.8,短線過熱或乖離過大
92,6274,台燿,TPEX,電子零組件業,等待確認,正常持有,strong,強勢續抱；不追高,今日收盤確認是否守住20日EMA,"價格仍在20／60日EMA之上且短線強勢；法人未同步轉弱。若收盤跌破20日EMA約 1,535.66 且法人續弱，再轉為保護持有。",價格強勢站上20／60日EMA；法人未同步轉弱,65.9,65.1,56,85,100,可用,1720,1705,132.48,97.01,21.29,48.55,205.37,12.4,87.35,21.32,0.44,22,181,480,627,1094,-1309,620,-876.378,-876.378,-876.378,-876.378,177,177,177,177,1,0,304440000,-115.771,-115.771,30.75,,,,,-937.607,-937.607,-937.607,-937.607,66.59,84.64,85.19,83.54,false,true,12,13.16,外資持股尚未完成5／10日可比核對或期間有非市場異動；此項不給分，不解讀為轉弱；KD高檔死亡交叉，等待動能確認
93,8131,福懋科,TWSE,半導體業,等待確認,正常持有,standard,今天不下單,每個交易日收盤後，檢查趨勢與法人籌碼,已有部位可續抱觀察，但暫不追價；若收盤跌破60日EMA約 63.64 且法人籌碼轉弱，先減碼三分之一。,未觸發明確減碼訊號,65.9,65.1,63.8,85,100,完整,68.2,68.3,29.25,37.5,15.72,21.17,277.62,1.93,19.77,1.96,1.47,2,0,1,1,0,0,0,2845.356,3671.573,3373.433,-452.4700000000002,0,1,1,1,1,0,68200,139.738,163.177,3.73,2426,2856,2463,,2718.027,3530.835,3209.2560000000003,-625.4809999999998,69.25,70.42,64.73,81.79,true,true,8.91,8.95,
94,6907,雅特力-KY,TPEX,半導體業,等待確認,正常持有,standard,今天不下單,每個交易日收盤後，檢查趨勢與法人籌碼,已有部位可續抱觀察，但暫不追價；若收盤跌破60日EMA約 181.70 且法人籌碼轉弱，先減碼三分之一。,未觸發明確減碼訊號,60,64.9,58.1,85,100,可用,189,185,198.72,115.32,15.78,36.08,303.6,4,37.95,7.31,0.53,1,0,0,0,60,60,0,-81.283,-81.283,-81.283,-81.283,0,0,0,0,0,0,0,-11.282,-11.282,53.43,,,,,-70.001,-70.001,-70.001,-70.001,51.13,46.67,53.04,33.92,false,true,0.39,0.53,外資持股尚未完成5／10日可比核對或期間有非市場異動；此項不給分，不解讀為轉弱；當下除權息調整價未守20日EMA
95,5880,合庫金,TWSE,金融保險業,等待確認,正常持有,standard,今天不下單,每個交易日收盤後，檢查趨勢與法人籌碼,已有部位可續抱觀察，但暫不追價；若收盤跌破60日EMA約 25.74 且法人籌碼轉弱，先減碼三分之一。,未觸發明確減碼訊號,66.2,64.5,59.1,85,100,可用,26.55,26.3,23.6,18.31,,94.53,,0.8,17.35,1.43,3.95,17,137,276,1361,3852,4676,0,5775.236,2624.458,2269.7620000000006,49718.708,-51.795,198.26999999999998,1119.476,1662.7330000000002,2,3,5264068,64.751,2629.805,17.34,5763,3018,-6674,,5770.157,2361.437,-1479.5190000000007,41376.773,54.06,32.5,26.32,44.87,true,false,0.66,1.72,20日趨勢尚未上彎；當下除權息調整價未守20日EMA
96,2059,川湖,TWSE,電子零組件業,等待確認,保護持有,protect,今天不新增部位；未完成確認前不機械式賣出,今天收盤後；若跌破，再看下一交易日是否收復,"已有部位暫停加碼；若收盤跌破60日EMA約 11,396.04，且下一交易日仍未收復，先減碼三分之一；若ETF或外資繼續轉弱，再分批降低部位。",價格跌破60日EMA且20日趨勢向下,58.1,64.4,71.8,85,100,可用,11790,11065,344.42,163.96,77.05,28.35,356.12,110.96,65,33.29,0.43,34,21,33,17,12,8,18,45.655,4.567000000000006,-36.61699999999999,-457.90600000000006,27.664,36.614000000000004,19.379000000000005,-128.77100000000002,3,2,431679060,-4.8160000000000025,48.736000000000004,23.48,149,77,103,,51.253,-27.231,-104.73200000000001,-341.82499999999993,43.98,41.01,42.94,37.16,true,true,-5.55,-2.2,20日趨勢尚未上彎；當下除權息調整價未守20日EMA
97,5876,上海商銀,TWSE,金融保險業,等待確認,正常持有,standard,今天不下單,每個交易日收盤後，檢查趨勢與法人籌碼,已有部位可續抱觀察，但暫不追價；若收盤跌破60日EMA約 46.10 且法人籌碼轉弱，先減碼三分之一。,未觸發明確減碼訊號,69.3,64.3,58.9,85,100,可用,49.5,49.6,7.06,1.96,,88.62,,2.08,13.98,1.12,3.64,20,454,1159,-1763,1858,5786,-3161,2661.228,6684.466,11972.708,46995.00800000001,141,-3882,-1781,3098.862,3,2,-192159000,1701.43,2938.054,55.84,2101,8563,8179,,2200.592,8865.036,10815.654,40264.851,62.57,55.43,49.87,66.56,true,false,2.21,0.71,20日累積後5日轉為調節；主動ETF 5日轉為減碼
98,2301,光寶科,TWSE,電腦及週邊設備業,等待確認,保護持有,protect,今天不新增部位；未完成確認前不機械式賣出,今天收盤後；若跌破，再看下一交易日是否收復,已有部位暫停加碼；若收盤跌破60日EMA約 268.08，且下一交易日仍未收復，先減碼三分之一；若ETF或外資繼續轉弱，再分批降低部位。,投信5/10日持續且具金額意義地賣超,72.1,64.2,46.5,85,100,可用,300,296.25,25.2,26.73,12.8,59.6,138.63,4.8,35.09,7.11,1.67,32,192,518,635,1210,1444,-105,1455.682,12500.393000000002,4316.044000000002,-19995.297,82.585,-270.558,-1121.306,-3377.082000000001,2,3,-81167400,1429.536,1451.5010000000002,43.35,2014,12049,7752,,1321.319,11341.415,3985.849000000001,-14934.61,60.42,67.77,53.55,96.23,true,false,4.39,7.33,主動ETF 5日轉為減碼；投信5/10日持續且具金額意義的賣超；20日趨勢尚未上彎
99,2618,長榮航,TWSE,航運業,等待確認,正常持有,standard,今天不下單,每個交易日收盤後，檢查趨勢與法人籌碼,已有部位可續抱觀察，但暫不追價；若收盤跌破60日EMA約 41.70 且法人籌碼轉弱，先減碼三分之一。,未觸發明確減碼訊號,57.5,64.2,57.3,85,100,完整,41.95,41.93,24.92,18.06,13.25,62.38,115.28,2.24,8.83,1.63,4.77,28,287,1307,745,19414,36192,-5139,449.866,-4332.422,40659.91300000001,51917.624,-52.582,-1664.162,12738.259,30872.299999999996,1,4,-69811596,1317.792,3246.4109999999996,32.8,232,-4487,12497,,349.408,-3986.0519999999997,24675.242999999995,17826.788999999997,49,31.85,42.51,10.54,false,false,-0.3,-2.1,主動ETF 5日轉為減碼；投信20日買超後近5日轉賣；20日趨勢尚未上彎；當下除權息調整價未守20日EMA
100,3324,雙鴻,TPEX,其他電子業,等待確認,正常持有,standard,今天不下單,每個交易日收盤後，檢查趨勢與法人籌碼,"已有部位可續抱觀察，但暫不追價；若收盤跌破60日EMA約 1,275.50 且法人籌碼轉弱，先減碼三分之一。",未觸發明確減碼訊號,59.1,64.1,53.9,85,100,可用,1525,1415,67.18,81.01,16.87,59.14,183.92,23.01,35.17,10.7,0.78,4,-40,-40,-36,22,23,-38,-99.134,-99.134,-99.134,-99.134,-236.317,-236.317,-236.317,-236.317,0,1,-360383425,11.237,11.237,39.3,,,,,125.946,125.946,125.946,125.946,57.68,29.5,43.76,0.98,false,false,3.68,-0.33,20日累積後5日轉為調節；ETF 1/3日已轉為減碼；主動ETF 5日轉為減碼；外資持股尚未完成5／10日可比核對或期間有非市場異動；此項不給分，不解讀為轉弱；當下除權息調整價未守20日EMA
101,4991,環宇-KY,TPEX,半導體業,等待確認,正常持有,standard,今天不下單,每個交易日收盤後，檢查趨勢與法人籌碼,已有部位可續抱觀察，但暫不追價；若收盤跌破60日EMA約 489.07 且法人籌碼轉弱，先減碼三分之一。,未觸發明確減碼訊號,71.1,64.1,59.3,85,100,可用,518,513,45.62,45.57,18.87,12.71,998.83,2.58,161.37,14.11,0,3,0,8,29,-1172,-1171,30,382.308,382.308,382.308,382.308,139,139,139,139,1,0,72002000,11.601,11.601,22.77,,,,,231.707,231.707,231.707,231.707,56.52,71.71,69.78,75.58,false,false,6.1,6.15,外資持股尚未完成5／10日可比核對或期間有非市場異動；此項不給分，不解讀為轉弱
102,6257,矽格,TWSE,半導體業,等待確認,正常持有,standard,今天不下單,每個交易日收盤後，檢查趨勢與法人籌碼,已有部位可續抱觀察，但暫不追價；若收盤跌破60日EMA約 226.08 且法人籌碼轉弱，先減碼三分之一。,未觸發明確減碼訊號,70.4,64.1,52,85,100,可用,278,275.5,28.58,20.49,24.09,43.78,182.58,4.65,32.51,5.27,1.53,12,552,648,813,727,383,338,-373.172,7438.464000000001,18202.02,44773.90399999999,577,3265,3274,2901.6130000000003,5,0,907670000,1673.0659999999998,1913.9189999999999,32.62,-1333,2526,8976,,-1329.387,2500.398,13014.100999999999,37601.293,71.17,78.71,76.49,83.15,true,true,13.62,9.45,短線過熱或乖離過大
103,3042,晶技,TWSE,電子零組件業,等待確認,正常持有,standard,今天不下單,每個交易日收盤後，檢查趨勢與法人籌碼,已有部位可續抱觀察，但暫不追價；若收盤跌破60日EMA約 188.02 且法人籌碼轉弱，先減碼三分之一。,未觸發明確減碼訊號,72.6,64,61.9,85,100,完整,210.5,209,23.48,11.7,16,31.85,238.42,2.96,36.36,4.54,2.28,8,274,276,894,696,404,358,2015.4,2525.1400000000003,5384.363,12407.412,274,2697,3999,3880.3,4,1,567718500,-581.25,917.3850000000001,23.7,733,341,-1636,,1598.549,409.39,467.97799999999955,8150.777999999999,58.11,64.62,71.2,51.47,false,true,5.36,0.24,借券賣出與借券賣出餘額壓力升高
104,8016,矽創,TWSE,半導體業,等待確認,保護持有,protect,今天不新增部位；未完成確認前不機械式賣出,今天收盤後；若跌破，再看下一交易日是否收復,已有部位暫停加碼；若收盤跌破60日EMA約 288.89，且下一交易日仍未收復，先減碼三分之一；若ETF或外資繼續轉弱，再分批降低部位。,KD高檔死亡交叉（僅屬時機警示）,63,64,64.5,85,100,完整,289.5,289.25,23.69,28.97,14.18,31.5,231.35,12.28,14.47,2.58,3.97,10,20,150,242,252,329,-9,-281.323,342.14200000000005,473.35600000000005,507.591,20.202,241.93200000000002,225.13400000000001,309.37,5,0,70039314,9.991,12.342,46.77,-304,108,379,,-300.987,90.21899999999998,235.88,227.801,52.03,79.65,81,76.96,false,true,0.81,1.94,主動ETF 5日轉為減碼；20日趨勢尚未上彎；KD高檔死亡交叉，等待動能確認
105,2308,台達電,TWSE,電子零組件業,等待確認,正常持有,standard,今天不下單,每個交易日收盤後，檢查趨勢與法人籌碼,"已有部位可續抱觀察，但暫不追價；若收盤跌破60日EMA約 1,840.82 且法人籌碼轉弱，先減碼三分之一。",未觸發明確減碼訊號,69.3,63.7,48.8,85,100,可用,1990,1990,34.95,41.06,17.22,53.58,159.95,17.59,63.34,17.6,0.58,53,-152,-260,-25,1096,1147,-302,-1980.276,5488.187999999999,11052.685999999998,-769.0420000000036,196.833,1077.194,7205.085999999999,3791.5909999999994,5,0,2143616060,137.30800000000002,1287.308,61.66,-2107,4133,1790,,-2067.353,4273.686000000001,2560.2920000000004,-5896.713999999999,61.09,73.41,75.99,68.23,false,true,6.43,5.29,20日累積後5日轉為調節；ETF 1/3日已轉為減碼；主動ETF 5日轉為減碼；外資持股尚未完成5／10日可比核對或期間有非市場異動；此項不給分，不解讀為轉弱
106,4961,天鈺,TWSE,半導體業,等待確認,正常持有,standard,今天不下單,每個交易日收盤後，檢查趨勢與法人籌碼,已有部位可續抱觀察，但暫不追價；若收盤跌破60日EMA約 172.49 且法人籌碼轉弱，先減碼三分之一。,未觸發明確減碼訊號,64.2,63.7,66.9,85,100,完整,179,178.5,50.15,10.63,7.97,20.7,391.38,5.07,20.11,1.24,4.31,3,36,220,264,309,311,0,-304.668,1097.3799999999999,1451.9779999999998,5566.165,36,264,290,291,4,0,47256000,-21.282000000000007,-34.937000000000005,25.92,-326,854,971,,-300.705,854.662,1196.915,5146.058,51.93,50.19,60.17,30.24,false,false,-0.18,-1.1,當下除權息調整價未守20日EMA
107,3293,鈊象,TPEX,文化創意業,等待確認,正常持有,standard,今天不下單,每個交易日收盤後，檢查趨勢與法人籌碼,已有部位可續抱觀察，但暫不追價；若收盤跌破60日EMA約 744.85 且法人籌碼轉弱，先減碼三分之一。,未觸發明確減碼訊號,65.9,63.6,56.2,85,100,可用,780,779,24.8,18.09,59.05,55.02,152.62,22.77,18.02,14.54,4.62,16,10,-4,382,525,1443,-24,132.893,132.893,132.893,132.893,10,10,10,10,1,0,7800000,-3.706,-3.706,32.41,,,,,126.599,126.599,126.599,126.599,60.79,70.2,78.24,54.13,false,false,3.17,-1.02,主動ETF 5日轉為減碼；外資持股尚未完成5／10日可比核對或期間有非市場異動；此項不給分，不解讀為轉弱
108,1802,台玻,TWSE,玻璃陶瓷,等待確認,正常持有,standard,今天不下單,每個交易日收盤後，檢查趨勢與法人籌碼,已有部位可續抱觀察，但暫不追價；若收盤跌破60日EMA約 59.36 且法人籌碼轉弱，先減碼三分之一。,未觸發明確減碼訊號,72,63.6,42.2,85,93,可用,65.7,65.25,32.59,16.58,10.45,41.77,135.23,0.64,76.4,3.7,,6,0,42,37,-66,336,0,23443.667,34156.916,35879.183000000005,35787.665,0,37,-56,461,2,1,2430900,7734.1089999999995,8089.152,6.35,17120,24072,29501,,17210.729,26385.807,27846.031000000003,25929.888000000003,68.11,69.82,56.52,96.41,false,false,10.4,9.68,
109,2363,矽統,TWSE,半導體業,等待確認,保護持有,protect,今天不新增部位；未完成確認前不機械式賣出,今天收盤後；若跌破，再看下一交易日是否收復,已有部位暫停加碼；若收盤跌破60日EMA約 55.98，且下一交易日仍未收復，先減碼三分之一；若ETF或外資繼續轉弱，再分批降低部位。,外資持股5/10日下降且外資5日賣超,63.2,63.5,56.5,85,100,完整,60.7,59.1,81.06,92.6,5.52,5.93,176.11,0.2,112.41,0.64,1,2,0,0,0,60,60,0,667.977,-1504.76,1541.491,1984.627,0,0,40,40,0,0,0,677.1850000000001,2314.6890000000003,6.54,469,-569,-2491,,340.053,-2181.945,-813.1980000000008,-842.0520000000008,62.54,55.45,62.38,41.58,false,true,5.93,2.71,外資持股5/10日下降，且外資5日賣超
110,2449,京元電子,TWSE,半導體業,等待確認,保護持有,protect,今天不新增部位；未完成確認前不機械式賣出,今天收盤後；若跌破，再看下一交易日是否收復,已有部位暫停加碼；若收盤跌破60日EMA約 275.33，且下一交易日仍未收復，先減碼三分之一；若ETF或外資繼續轉弱，再分批降低部位。,外資持股5/10日下降且外資5日賣超,61.7,63.5,48,85,100,可用,299.5,294.5,31.58,35.53,26.25,51.32,147.28,3.91,39.25,5.84,0.5,33,13,214,-202,581,1035,-19,-1884.675,-15778.142,-9466.704999999998,20831.816999999995,-66.829,-3218.248,4164.264999999999,4875.643999999999,1,4,-963865276,-335.57800000000003,-425.56899999999996,28.36,-1534,-14885,-17543,,-1916.599,-12224.315999999999,-13205.400999999998,13388.900000000001,59.58,31.93,40,15.79,false,false,4.2,1.7,20日累積後5日轉為調節；主動ETF 5日轉為減碼；投信20日買超後近5日轉賣；外資持股5/10日下降，且外資5日賣超
111,3563,牧德,TWSE,光電業,等待確認,保護持有,protect,今天不新增部位；未完成確認前不機械式賣出,今天收盤後；若跌破，再看下一交易日是否收復,已有部位暫停加碼；若收盤跌破60日EMA約 711.29，且下一交易日仍未收復，先減碼三分之一；若ETF或外資繼續轉弱，再分批降低部位。,外資持股5/10日下降且外資5日賣超,58.7,63.5,68.7,85,100,完整,740,732,35.68,14.39,38.88,28.21,317.07,9.8,43.43,8.53,1.89,1,0,0,0,0,0,0,-88.777,-688.634,-375.19599999999997,-627.008,-9,-20,-20,-51,0,2,-14800000,-55.974000000000004,87.57300000000001,6.34,-236,-762,-518,,-61.201,-612.66,-442.7689999999999,-625.0439999999999,54.55,50.54,61.99,27.64,false,false,1.69,-8.3,外資持股5/10日下降，且外資5日賣超
112,1326,台化,TWSE,塑膠工業,等待確認,正常持有,standard,今天不下單,每個交易日收盤後，檢查趨勢與法人籌碼,已有部位可續抱觀察，但暫不追價；若收盤跌破60日EMA約 64.93 且法人籌碼轉弱，先減碼三分之一。,未觸發明確減碼訊號,77.1,63.4,53.2,85,100,完整,75.8,75.8,31.7,15.97,2.99,23.33,283.06,2.11,32.12,0.85,0.79,8,0,0,421,421,-139,417,16150.121,40114.591,44772.054000000004,46662.528000000006,0,421,421,-2.230000000000018,2,0,31911800,539.6930000000001,710.891,39.42,15476,37804,41810,,15752.629,39153.897999999994,43640.16299999999,46633.351999999984,66.72,82.75,70.09,108.08,false,false,9.47,8.75,單季稅前獲利對營業外貢獻依賴偏高
113,2882,國泰金,TWSE,金融保險業,等待確認,正常持有,standard,今天不下單,每個交易日收盤後，檢查趨勢與法人籌碼,已有部位可續抱觀察，但暫不追價；若收盤跌破60日EMA約 105.45 且法人籌碼轉弱，先減碼三分之一。,未觸發明確減碼訊號,74.7,63.4,55.3,85,100,可用,113,113,-69.47,62.51,,92.45,,4.95,13.33,1.63,3.1,34,266,3575,11545,15949,16763,2974,9339.424,13874.575,20882.741,7829.171999999999,95.072,10506.1,11683.823,13084.54,5,0,1187189300,-84.11399999999999,616.761,23.17,8655,2940,7133,,9200.103,3452.588999999999,8582.157,-7357.093000000001,59.94,57.57,48.61,75.48,true,false,1.97,1.8,20日趨勢尚未上彎
114,3023,信邦,TWSE,電子零組件業,等待確認,正常持有,standard,今天不下單,每個交易日收盤後，檢查趨勢與法人籌碼,已有部位可續抱觀察，但暫不追價；若收盤跌破60日EMA約 315.64 且法人籌碼轉弱，先減碼三分之一。,未觸發明確減碼訊號,66.3,63.2,53.2,85,100,完整,323,322,32.47,13.93,10.95,52.87,162.52,7.37,24.16,4.77,3.1,12,2,44,50,88,258,-27,348.977,1166.381,1066.3879999999997,1153.282,-14,-22,-30,182,1,4,-7106000,107.155,129.322,42.66,303,990,787,,346.191,1081.2259999999999,967.0659999999998,850.6119999999997,54.19,54.82,38.04,88.4,false,false,1.74,5.21,主動ETF 5日轉為減碼；20日趨勢尚未上彎
115,3479,安勤,TPEX,電腦及週邊設備業,等待確認,正常持有,standard,今天不下單,每個交易日收盤後，檢查趨勢與法人籌碼,已有部位可續抱觀察，但暫不追價；若收盤跌破60日EMA約 131.71 且法人籌碼轉弱，先減碼三分之一。,未觸發明確減碼訊號,61,63.2,54.5,85,100,可用,134.5,133.5,35.43,17.27,8.25,57.39,155.72,3.95,18.45,2.93,3.44,1,0,4,4,4,3,0,57.791,57.791,57.791,57.791,0,0,0,0,0,0,0,-0.415,-0.415,9.64,,,,,58.206,58.206,58.206,58.206,53.57,62.22,65.49,55.68,false,true,0.96,-1.1,外資持股尚未完成5／10日可比核對或期間有非市場異動；此項不給分，不解讀為轉弱
116,3515,華擎,TWSE,電腦及週邊設備業,等待確認,正常持有,standard,今天不下單,每個交易日收盤後，檢查趨勢與法人籌碼,已有部位可續抱觀察，但暫不追價；若收盤跌破60日EMA約 216.95 且法人籌碼轉弱，先減碼三分之一。,未觸發明確減碼訊號,67.1,63.1,56.2,85,100,完整,219,219,3.32,16.88,8.04,52.42,174.78,7.1,14.15,2.33,5.02,2,0,12,12,12,28,0,106.01,623.208,782.055,82.30999999999983,0,11.792,11.792,32.356,1,0,2582448,47.453,9.871999999999998,8.87,82,455,521,,106.01,563.963,760.391,116.32600000000008,55.28,72.59,69.12,79.53,false,false,1.74,3.3,20日趨勢尚未上彎
117,2886,兆豐金,TWSE,金融保險業,等待確認,保護持有,protect,今天不新增部位；未完成確認前不機械式賣出,今天收盤後；若跌破，再看下一交易日是否收復,已有部位暫停加碼；若收盤跌破60日EMA約 48.58，且下一交易日仍未收復，先減碼三分之一；若ETF或外資繼續轉弱，再分批降低部位。,投信5/10日持續且具金額意義地賣超,72.9,63,52.9,85,100,可用,49.8,50.03,15.55,16.58,,92.31,,1.44,19.38,1.84,3.51,35,442,2426,11596,17666,41782,4036,1512.664,38802.635,49993.891,101270.49800000002,-6177.586,-16578.418999999998,-23089.483999999997,-5529.126999999995,1,4,-825605266,3765.759,7083.256,21.11,6403,49876,70542,,7347.946,51615.295,66000.11899999999,97023.97599999998,51.63,30.2,21.83,46.92,true,false,0.32,1.32,投信5/10日持續且具金額意義的賣超；20日趨勢尚未上彎
118,5536,聖暉*,TPEX,其他電子業,等待確認,正常持有,strong,強勢續抱；不追高,今日收盤確認是否守住20日EMA,價格仍在20／60日EMA之上且短線強勢；法人未同步轉弱。若收盤跌破20日EMA約 922.33 且法人續弱，再轉為保護持有。,價格強勢站上20／60日EMA；法人未同步轉弱,62.9,62.9,53.8,85,100,可用,1045,1060,44.54,26.89,17.71,55.52,160.97,23.73,26.11,7.81,1.91,7,0,1,5,15,38,0,349.857,349.857,349.857,349.857,22.238,22.238,22.238,22.238,1,0,23238710,49.201,49.201,42.84,,,,,278.418,278.418,278.418,278.418,72.51,90.36,86.99,97.1,false,false,13.3,13.71,外資持股尚未完成5／10日可比核對或期間有非市場異動；此項不給分，不解讀為轉弱；短線過熱或乖離過大
119,1605,華新,TWSE,電器電纜,等待確認,正常持有,standard,今天不下單,每個交易日收盤後，檢查趨勢與法人籌碼,已有部位可續抱觀察，但暫不追價；若收盤跌破60日EMA約 37.00 且法人籌碼轉弱，先減碼三分之一。,未觸發明確減碼訊號,77.4,62.7,50.5,85,100,完整,39.9,40.08,14.97,2.47,1.4,38.79,147.45,2.85,12.09,0.87,1.25,6,2594,2514,2752,6094,6349,2987,26081.11,34598.566999999995,56392.30999999999,51372.193999999996,2593.79,2752.311,6112.311,6373.715,2,3,109817209,1011.0809999999999,1952.623,19.22,22850,31191,46579,,22628.111,30835.175000000003,48327.376000000004,44005.09900000001,66.19,75.06,63.04,99.09,false,false,5.23,3.91,單季稅前獲利對營業外貢獻依賴偏高
120,1303,南亞,TWSE,塑膠工業,等待確認,正常持有,strong,強勢續抱；不追高,今日收盤確認是否守住20日EMA,價格仍在20／60日EMA之上且短線強勢；法人未同步轉弱。若收盤跌破20日EMA約 252.55 且法人續弱，再轉為保護持有。,價格強勢站上20／60日EMA；法人未同步轉弱,71.6,62.6,49.8,85,100,可用,314,313,46.75,23.17,9.92,31.17,177.84,5.17,50.65,5.21,0.25,33,137,4326,6123,4549,12190,2870,13097.898,28132.524,43516.30900000001,28371.009000000005,1213.622,5812.816000000001,16866.238,58469.227,4,1,1825224224,3913.1510000000003,6388.006,30.63,10039,16428,35167,,11921.385,18406.557,20262.065000000002,-34790.239,79.3,87.88,80.15,103.35,false,false,24.33,22.9,短線過熱或乖離過大；單季稅前獲利對營業外貢獻依賴偏高
121,2887,台新新光金,TWSE,金融保險業,等待確認,保護持有,protect,今天不新增部位；未完成確認前不機械式賣出,今天收盤後；若跌破，再看下一交易日是否收復,已有部位暫停加碼；若收盤跌破60日EMA約 38.64，且下一交易日仍未收復，先減碼三分之一；若ETF或外資繼續轉弱，再分批降低部位。,外資持股5/10日下降且外資5日賣超,72.3,62.6,53.1,85,100,可用,42.15,42.05,-44.54,81.88,,92.4,,1.69,15.61,1.55,2.61,34,794,3404,22241,31089,101498,6312,8200.683,66.63599999999951,-32298.333000000002,-6812.317000000006,-277.024,15017.824,19299.802,105538.24,1,4,633001282,3804.171,8825.115,22.81,5080,-26196,-74580,,7927.059,-18755.359,-60423.25,-124932.326,56.07,36.62,29.26,51.34,true,false,1.12,0.48,外資持股5/10日下降，且外資5日賣超
122,5469,瀚宇博,TWSE,電子零組件業,等待確認,正常持有,standard,今天不下單,每個交易日收盤後，檢查趨勢與法人籌碼,已有部位可續抱觀察，但暫不追價；若收盤跌破60日EMA約 75.00 且法人籌碼轉弱，先減碼三分之一。,未觸發明確減碼訊號,60.1,62.6,58.4,85,100,完整,80.5,80.6,26.41,24.72,7.35,43.83,130.96,2.05,14.91,0.63,3.13,3,0,0,0,-45,813,0,-343.867,653.961,419.50999999999993,-404.64699999999993,0,0,-45,683,0,0,0,29.836,35.991,7.73,-681,-266,-640,,-341.738,624.125,428.51899999999995,-1184.992,72.47,85.77,74.75,107.81,false,false,7.27,8.78,
123,3045,台灣大,TWSE,通信網路業,等待確認,正常持有,standard,今天不下單,每個交易日收盤後，檢查趨勢與法人籌碼,已有部位可續抱觀察，但暫不追價；若收盤跌破60日EMA約 117.86 且法人籌碼轉弱，先減碼三分之一。,未觸發明確減碼訊號,70.5,62.1,45.1,85,100,可用,122.5,122,8.5,4.73,12.15,61.22,52.55,2.86,23.16,4.44,3.87,34,343,1238,1746,2102,5626,-845,619.228,3276.71,12562.998,32841.361,134.973,279.529,-234.438,3191.992,3,2,34242303,791.646,1810.001,19.16,330,1847,12359,,402.202,2205.535,10987.435,29002.474,59.58,66.42,57.94,83.36,true,false,1,2.51,主動ETF 5日轉為減碼
124,6944,兆聯實業,TWSE,綠能環保,等待確認,正常持有,strong,強勢續抱；不追高,今日收盤確認是否守住20日EMA,價格仍在20／60日EMA之上且短線強勢；法人未同步轉弱。若收盤跌破20日EMA約 769.01 且法人續弱，再轉為保護持有。,價格強勢站上20／60日EMA；法人未同步轉弱,62.8,62.1,52.6,85,100,完整,908,913.5,37.21,41.23,23.2,53.56,163.33,16.5,22.56,8.23,2.2,2,0,0,0,0,-2,0,952.789,1487.896,1742.6309999999999,1815.6029999999998,2,11,11,10.153,2,0,9988000,21.067999999999998,15.202999999999998,16.04,696,1235,1487,,935.185,1455.828,1716.4279999999997,1789.1329999999996,83.94,94.26,88.71,105.36,false,false,18.07,17.16,短線過熱或乖離過大
125,1504,東元,TWSE,電機機械,等待確認,正常持有,standard,今天不下單,每個交易日收盤後，檢查趨勢與法人籌碼,已有部位可續抱觀察，但暫不追價；若收盤跌破60日EMA約 69.67 且法人籌碼轉弱，先減碼三分之一。,未觸發明確減碼訊號,69.9,61.8,55.5,85,100,完整,73.3,73,16.83,8.22,9.49,33.82,217.56,1.63,26.56,1.79,2.73,12,-39,-67,11,-787,1399,0,4388.39,8549.814000000002,6143.167000000001,2093.9010000000007,-38.889,11.11399999999999,-48.88600000000001,2131.05,3,2,814656,461.573,451.92999999999995,7.35,4407,6748,3892,,4195.628,8077.1269999999995,5740.123,-562.8930000000004,64.03,69.79,51.15,107.07,false,false,4.6,6.08,ETF 1/3日已轉為減碼；20日趨勢尚未上彎
126,6449,鈺邦,TWSE,電子零組件業,等待確認,正常持有,strong,強勢續抱；不追高,今日收盤確認是否守住20日EMA,價格仍在20／60日EMA之上且短線強勢；外資偏弱先觀察，不因分歧減碼。若收盤跌破20日EMA約 225.15 且法人續弱，再轉為保護持有。,價格強勢站上20／60日EMA；外資偏弱，先觀察,58.1,61.8,56,85,100,完整,261.5,257.5,21.17,23.82,17.33,39.73,114.61,4.42,29.12,3.43,1.61,1,0,0,0,0,0,0,-360.356,-1829.8110000000001,-2313.396,-4609.275,0,0,0.007,-3717.993,0,0,0,234.846,231.302,3.25,-273,-1761,-2327,,-471.383,-2064.657,-2544.705,-1092.5439999999996,67.25,79.39,62.42,113.33,false,false,16.14,24.82,外資持股5/10日下降，且外資5日賣超；短線過熱或乖離過大
127,8110,華東,TWSE,半導體業,等待確認,正常持有,standard,今天不下單,每個交易日收盤後，檢查趨勢與法人籌碼,已有部位可續抱觀察，但暫不追價；若收盤跌破60日EMA約 46.87 且法人籌碼轉弱，先減碼三分之一。,未觸發明確減碼訊號,59.5,61.6,67.5,85,100,完整,49.5,49.6,24.85,15.54,2.74,18.15,273.44,2.59,9.08,1.32,3.01,1,0,0,0,0,0,0,874.372,1267.871,-8036.473,-6941.782000000001,0,0,0,0,0,0,0,34.38400000000002,331.14000000000004,1.48,949,1855,-5024,,880.1,1233.487,-8367.613,-7334.937999999999,58.74,40.57,48.62,24.48,false,false,4.27,0.61,單季稅前獲利對營業外貢獻依賴偏高
128,6202,盛群,TWSE,半導體業,等待確認,正常持有,standard,今天不下單,每個交易日收盤後，檢查趨勢與法人籌碼,已有部位可續抱觀察，但暫不追價；若收盤跌破60日EMA約 58.58 且法人籌碼轉弱，先減碼三分之一。,未觸發明確減碼訊號,63.5,61.5,58,85,100,完整,60.9,60.4,43.73,18.93,11.26,29.68,345.14,0.94,50.75,3.47,1.12,1,0,0,0,50,50,0,344.197,947.096,1618.1930000000002,792.367,0,0,30,30,0,0,0,51.930000000000014,117.35500000000002,16.94,442,899,1768,,335.46,895.1659999999999,1470.838,711.5970000000001,57.86,60.28,68.3,44.23,false,true,3.51,3.92,
129,1560,中砂,TWSE,電機機械,等待確認,保護持有,protect,今天不新增部位；未完成確認前不機械式賣出,今天收盤後；若跌破，再看下一交易日是否收復,已有部位暫停加碼；若收盤跌破60日EMA約 792.83，且下一交易日仍未收復，先減碼三分之一；若ETF或外資繼續轉弱，再分批降低部位。,KD高檔死亡交叉（僅屬時機警示）,66.8,61.4,55.5,85,100,可用,1020,1030,30.38,24.45,21.9,36.64,166.07,6.44,86.73,16.83,0.48,13,60,45,132,216,693,132,165.393,1007.314,2933.069,5696.234,-100.234,132.76600000000002,1057.6660000000002,1850.266,3,2,135421320,45.123999999999995,-84.61100000000002,41.23,258,827,2652,,272.068,829.424,1960.014,4046.9700000000003,74.58,79.27,85.59,66.63,false,true,11.87,5.92,短線過熱或乖離過大；KD高檔死亡交叉，等待動能確認
130,2891,中信金,TWSE,金融保險業,等待確認,保護持有,protect,今天不新增部位；未完成確認前不機械式賣出,今天收盤後；若跌破，再看下一交易日是否收復,已有部位暫停加碼；若收盤跌破60日EMA約 66.75，且下一交易日仍未收復，先減碼三分之一；若ETF或外資繼續轉弱，再分批降低部位。,外資持股5/10日下降且外資5日賣超,70.4,61.3,51.9,85,100,可用,68.7,68.5,-32.01,36.5,,92.82,,1.96,16.44,1.96,3.64,36,1626,6553,15182,24632,51870,-1213,5677.938,9951.229999999998,9238.139,51760.77900000001,743.148,9001.376,13095.954,43490.54200000001,5,0,618394531,3638.983,6094.424,34.97,3656,-2377,-24856,,4404.797,-2689.129000000001,-9952.239,-1624.640000000003,54.26,33.44,29.67,40.96,true,false,0.77,0.44,主動ETF 5日轉為減碼；外資持股5/10日下降，且外資5日賣超
131,5434,崇越,TWSE,電子通路業,等待確認,正常持有,standard,今天不下單,每個交易日收盤後，檢查趨勢與法人籌碼,已有部位可續抱觀察，但暫不追價；若收盤跌破60日EMA約 533.82 且法人籌碼轉弱，先減碼三分之一。,未觸發明確減碼訊號,67.2,61.3,48,85,100,可用,605,600,36.34,25.2,7.4,53.86,133.72,14.79,22.64,5.34,2.22,21,0,-27,23,8,-100,30,23.341,816.6510000000001,377.38599999999985,16.3939999999999,1,25,-7,-130.33599999999998,3,2,15125000,5.232999999999999,-7.506000000000002,30.31,-8,784,386,,46.681,786.4179999999999,391.8919999999998,137.52899999999988,69.42,81.14,79.68,84.07,false,false,7.64,9.01,
132,9904,寶成,TWSE,運動休閒,等待確認,保護持有,protect,今天不新增部位；未完成確認前不機械式賣出,今天收盤後；若跌破，再看下一交易日是否收復,已有部位暫停加碼；若收盤跌破60日EMA約 24.77，且下一交易日仍未收復，先減碼三分之一；若ETF或外資繼續轉弱，再分批降低部位。,外資持股5/10日下降且外資5日賣超,64.9,61.3,57.9,85,100,完整,24.95,24.92,4.33,-1.77,2.25,34.13,162.9,2.37,5.29,0.39,5.21,11,313,686,1098,1967,12092,0,9071.686,-4255.243999999999,-1029.684999999999,-18451.641,157.256,-7.486000000000001,386.77299999999997,10874.152,2,3,-186776,1127.692,1616.275,26.87,7199,-4839,-3601,,8503.819,-5375.450000000001,-3032.733000000002,-31925.314999999995,55.18,56.05,55.09,57.97,true,false,1.1,0,累計營收負成長且當月改善不足；外資持股5/10日下降，且外資5日賣超；單季稅前獲利對營業外貢獻依賴偏高
133,6239,力成,TWSE,半導體業,等待確認,保護持有,protect,今天不新增部位；未完成確認前不機械式賣出,今天收盤後；若跌破，再看下一交易日是否收復,已有部位暫停加碼；若收盤跌破60日EMA約 284.30，且下一交易日仍未收復，先減碼三分之一；若ETF或外資繼續轉弱，再分批降低部位。,外資持股5/10日下降且外資5日賣超,64.7,61.1,46.4,85,100,可用,307.5,306,24.46,30.83,14.16,44.87,169.04,5.5,30.45,3.98,1.46,22,148,572,545,-1396,-4926,-31,-4330.262,-4083.584,-6318.117,-3710.764,102,458.591,-2890.5240000000003,-7385.947,5,0,141016733,2878.159,3431.474,31.29,-3905,-6987,-8404,,-3877.64,-7420.334000000001,-6859.067000000003,-349.8820000000021,61.34,71.6,66.6,81.59,true,true,5.93,6.22,主動ETF 5日轉為減碼；外資持股5/10日下降，且外資5日賣超；借券賣出與借券賣出餘額壓力升高
134,3029,零壹,TWSE,資訊服務業,等待確認,正常持有,standard,今天不下單,每個交易日收盤後，檢查趨勢與法人籌碼,已有部位可續抱觀察，但暫不追價；若收盤跌破60日EMA約 112.16 且法人籌碼轉弱，先減碼三分之一。,未觸發明確減碼訊號,60.5,60.9,50.5,85,100,完整,115.5,114.5,44.44,20.13,6.32,63.78,142.48,3.63,16.48,3.65,4.76,3,-2,1,0,-3,-9,0,-219.779,366.707,-480.1809999999999,-618.3830000000002,-1.662,-0.042999999999999705,-1.6859999999999997,-7.708,1,3,-4966,92.91399999999999,68.865,7.29,-380,-1090,-1394,,-224.947,273.836,-547.3599999999999,-692.0199999999995,48.79,29.2,31.23,25.12,false,false,-1.27,-3.75,當下除權息調整價未守20日EMA
135,3374,精材,TPEX,半導體業,等待確認,正常持有,standard,今天不下單,每個交易日收盤後，檢查趨勢與法人籌碼,已有部位可續抱觀察，但暫不追價；若收盤跌破60日EMA約 393.36 且法人籌碼轉弱，先減碼三分之一。,未觸發明確減碼訊號,65.5,60.9,42.2,85,100,可用,497,493,36.74,33.24,22.9,46.4,178.27,2.88,78.02,13.68,0.5,3,-1,1,1,-2,-92,0,767.726,767.726,767.726,767.726,-0.292,-0.292,-0.292,-0.292,0,1,-145124,121.128,121.128,19.58,,,,,646.89,646.89,646.89,646.89,64.37,65.56,64.54,67.61,false,false,9.45,9.35,外資持股尚未完成5／10日可比核對或期間有非市場異動；此項不給分，不解讀為轉弱
136,3406,玉晶光,TWSE,光電業,等待確認,正常持有,strong,強勢續抱；不追高,今日收盤確認是否守住20日EMA,價格仍在20／60日EMA之上且短線強勢；外資偏弱先觀察，不因分歧減碼。若收盤跌破20日EMA約 960.45 且法人續弱，再轉為保護持有。,價格強勢站上20／60日EMA；外資偏弱，先觀察,66.6,60.9,58.6,85,100,完整,1085,1070,0.72,11.8,18.27,39.42,238.38,13.99,29.36,4.52,1.57,6,91,80,91,79,-179,105,128.078,-345.06399999999996,-2251.192,-3478.4309999999996,724,1266.5,1240.5,5608.12,5,0,1374152500,34.173,-290.266,37.82,-596,-1600,-3009,,-576.097,-1645.737,-3201.4260000000004,-9108.994,65.81,72,54.38,107.22,false,false,12.97,21.91,外資持股5/10日下降，且外資5日賣超；短線過熱或乖離過大；高波動且5日漲幅過大；融資增幅與短線漲幅同步偏高
137,3592,瑞鼎,TWSE,半導體業,等待確認,保護持有,protect,今天不新增部位；未完成確認前不機械式賣出,今天收盤後；若跌破，再看下一交易日是否收復,已有部位暫停加碼；若收盤跌破60日EMA約 233.74，且下一交易日仍未收復，先減碼三分之一；若ETF或外資繼續轉弱，再分批降低部位。,外資持股5/10日下降且外資5日賣超,60.7,60.6,52.6,85,100,完整,236,236,22.85,8.17,5.23,47.33,188.43,8.35,13.86,1.57,6.19,5,26,163,193,247,259,0,-67.699,-341.163,-350.535,-239.176,26.301,192.60199999999998,228.90299999999996,239.80599999999995,4,0,45454072,-3.6449999999999996,17.421,13.94,-60,-483,-611,,-94,-530.12,-596.859,-483.25100000000015,58.8,80.94,79.8,83.24,false,false,2.33,-0.63,外資持股5/10日下降，且外資5日賣超
138,5347,世界,TPEX,半導體業,等待確認,正常持有,standard,今天不下單,每個交易日收盤後，檢查趨勢與法人籌碼,已有部位可續抱觀察，但暫不追價；若收盤跌破60日EMA約 165.77 且法人籌碼轉弱，先減碼三分之一。,未觸發明確減碼訊號,65,60.5,44.5,85,100,可用,190,190,40.48,18.42,18.63,57.61,134.59,2.84,41.13,5.67,2.35,21,406,1035,1509,1396,-452,161,728.486,728.486,728.486,728.486,406,406,406,406,1,0,77140000,-380.8,-380.8,33.43,,,,,703.286,703.286,703.286,703.286,69.92,82.98,82.35,84.25,false,false,9.04,4.97,外資持股尚未完成5／10日可比核對或期間有非市場異動；此項不給分，不解讀為轉弱
139,2379,瑞昱,TWSE,半導體業,等待確認,正常持有,standard,今天不下單,每個交易日收盤後，檢查趨勢與法人籌碼,已有部位可續抱觀察，但暫不追價；若收盤跌破60日EMA約 726.56 且法人籌碼轉弱，先減碼三分之一。,未觸發明確減碼訊號,64.3,60.4,43.5,85,100,可用,741,738.5,28.08,14.97,10.89,65.75,118.89,15.86,26.87,7.57,3.37,48,119,471,1007,1915,1913,-326,-506.209,1313.1419999999998,7342.799999999999,13280.427,86,795.2280000000001,1088.413,1209.846,5,0,589263948,231.312,267.37,46.1,-586,-976,3926,,-597.294,286.602,5987.017,12181.657,50.86,47.01,54.61,31.82,false,false,-0.09,-2.5,主動ETF 5日轉為減碼；當下除權息調整價未守20日EMA
140,6526,達發,TWSE,半導體業,等待確認,正常持有,standard,今天不下單,每個交易日收盤後，檢查趨勢與法人籌碼,已有部位可續抱觀察，但暫不追價；若收盤跌破60日EMA約 680.13 且法人籌碼轉弱，先減碼三分之一。,未觸發明確減碼訊號,63.6,60.1,55.1,85,100,可用,786,780,26.11,12.53,14.98,31.02,239.33,9.72,43.59,6.98,1.72,12,30,105,160,203,-32,0,-370.944,-266.838,3476.108,4865.3460000000005,30,109,46,-183,5,0,85674000,-116.34899999999999,203.13600000000002,10.76,-419,-265,3981,,-412.473,-259.48900000000003,3226.9719999999998,4494.161000000001,60.28,59.82,74.75,29.95,false,true,3.95,-6.43,
141,7828,創新服務,TPEX,半導體業,等待確認,正常持有,standard,今天不下單,每個交易日收盤後，檢查趨勢與法人籌碼,"已有部位可續抱觀察，但暫不追價；若收盤跌破60日EMA約 1,819.60 且法人籌碼轉弱，先減碼三分之一。",未觸發明確減碼訊號,49,60.1,69.5,85,100,可用,1800,1807.5,192.14,226.2,39.39,10.55,741.72,4.52,182.56,14.1,0.25,1,0,0,0,0,1,0,-24.675,-24.675,-24.675,-24.675,0,0,0,0,0,0,0,0,0,28.35,,,,,-24.675,-24.675,-24.675,-24.675,45.06,5.63,12.07,-7.24,false,false,-4.45,-4.51,外資持股尚未完成5／10日可比核對或期間有非市場異動；此項不給分，不解讀為轉弱；當下除權息調整價未守20日EMA
142,2313,華通,TWSE,電子零組件業,等待確認,正常持有,standard,今天不下單,每個交易日收盤後，檢查趨勢與法人籌碼,已有部位可續抱觀察，但暫不追價；若收盤跌破60日EMA約 228.27 且法人籌碼轉弱，先減碼三分之一。,未觸發明確減碼訊號,75.5,59.8,43.6,85,100,可用,246,243.5,6.87,12.68,9.84,51.87,165.85,2.5,39.61,6.04,1.14,20,54,88,151,-20,320,136,-7432.702,24919.939,20960.490999999995,-15951.932000000004,111,3829.226,4489.452,-9399.065,4,1,941989596,1143.2649999999999,714.5079999999997,19.89,-9286,16308,8682,,-6955.453,19947.447999999997,15756.530999999997,-6419.102000000003,60.98,71.56,64.39,85.9,false,false,6.32,8.61,20日趨勢尚未上彎
143,3034,聯詠,TWSE,半導體業,等待確認,正常持有,standard,今天不下單,每個交易日收盤後，檢查趨勢與法人籌碼,已有部位可續抱觀察，但暫不追價；若收盤跌破60日EMA約 530.01 且法人籌碼轉弱，先減碼三分之一。,未觸發明確減碼訊號,58.8,59.7,58.7,85,100,可用,529,533,26.33,4.11,20.26,42.09,222.47,16.59,18.46,4.67,4.35,50,129,508,943,718,1457,36,-770.629,-51.55900000000008,2923.683,11893.107999999998,94.592,693.6089999999999,166.10099999999989,1054.8999999999999,5,0,366919161,68.784,363.089,45.13,-864,-1493,2807,,-860.02,-813.9520000000002,2394.493,10190.494999999999,44.02,29.19,39.45,8.68,false,false,-2.32,-3.11,當下除權息調整價未守20日EMA
144,1319,東陽,TWSE,汽車工業,等待確認,正常持有,standard,今天不下單,每個交易日收盤後，檢查趨勢與法人籌碼,已有部位可續抱觀察，但暫不追價；若收盤跌破60日EMA約 79.58 且法人籌碼轉弱，先減碼三分之一。,未觸發明確減碼訊號,63.2,59.5,62.2,85,100,完整,80,80.2,7.4,-8.29,15.76,29.8,156.04,2.98,12.99,1.75,6.25,7,-5,-7,211,357,109,0,1022.113,2856.183,2568.723,2343.6699999999996,-5.051,210.898,363.84799999999996,53.696999999999946,1,3,16871840,85.495,94.005,11.89,622,1678,1455,,953.321,2559.79,2110.87,1823.9659999999997,53.9,44.05,31.09,69.97,true,false,1.12,2.7,累計營收負成長且當月改善不足；ETF 1/3日已轉為減碼；20日趨勢尚未上彎
145,1477,聚陽,TWSE,紡織纖維,等待確認,正常持有,standard,今天不下單,每個交易日收盤後，檢查趨勢與法人籌碼,已有部位可續抱觀察，但暫不追價；若收盤跌破60日EMA約 202.86 且法人籌碼轉弱，先減碼三分之一。,未觸發明確減碼訊號,67.4,59.5,53.1,85,100,完整,202.5,202,-5.12,-2.17,14.44,42.05,180.12,7.65,13.82,3.62,7.41,13,-38,-132,278,1075,993,0,809.858,3108.02,3045.61,2142.051,-38.241,377.404,1118.413,1272.989,3,2,76424310,-69.061,-69.43299999999999,15.6,788,2931,1933,,870.228,2799.677,1996.63,966.2890000000002,59.45,69.82,57.58,94.3,false,false,3.36,5.47,累計營收負成長且當月改善不足；ETF 1/3日已轉為減碼
146,2351,順德,TWSE,半導體業,等待確認,正常持有,standard,今天不下單,每個交易日收盤後，檢查趨勢與法人籌碼,已有部位可續抱觀察，但暫不追價；若收盤跌破60日EMA約 208.66 且法人籌碼轉弱，先減碼三分之一。,未觸發明確減碼訊號,65.2,59.3,43.5,85,100,完整,218,216.75,61.22,32.46,10.82,41.64,196.42,2.82,55.75,5.17,0.47,2,0,0,21,21,13,21,-110.391,-105.50599999999997,523.205,2857.469,0,21,-434,-362,1,0,4578000,-40.15799999999998,-164.802,27.22,-35,-176,2666,,-31.322,-86.34800000000001,1122.0069999999998,3618.586999999999,48.45,33.1,28.14,43.04,true,false,-1.85,4.31,20日趨勢尚未上彎；當下除權息調整價未守20日EMA
147,8046,南電,TWSE,電子零組件業,等待確認,正常持有,strong,強勢續抱；不追高,今日收盤確認是否守住20日EMA,"價格仍在20／60日EMA之上且短線強勢；法人未同步轉弱。若收盤跌破20日EMA約 1,286.24 且法人續弱，再轉為保護持有。",價格強勢站上20／60日EMA；法人未同步轉弱,69.1,59.2,57.3,85,100,可用,1480,1472.5,40.59,39.56,17.18,24.03,338.73,5.53,173.91,19.41,0.14,33,36,300,936,1042,2355,811,511.395,7370.877,16701.791999999998,19333.96399999999,113.697,4877.469,3632.242,2736.095,5,0,7218654120,-237.16000000000003,552.2420000000001,13.41,423,2523,12369,,501.52,2730.568,12517.307999999999,16086.125,70.78,87.18,87.84,85.85,false,true,15.06,10.45,短線過熱或乖離過大；KD高檔死亡交叉，等待動能確認
148,2464,盟立,TWSE,其他電子業,等待確認,保護持有,protect,今天不新增部位；未完成確認前不機械式賣出,今天收盤後；若跌破，再看下一交易日是否收復,已有部位暫停加碼；若收盤跌破60日EMA約 180.00，且下一交易日仍未收復，先減碼三分之一；若ETF或外資繼續轉弱，再分批降低部位。,外資持股5/10日下降且外資5日賣超,66.1,58.9,37.5,85,100,可用,193,190.5,73.71,31.44,4.36,55.35,126.78,0.66,507.89,7.33,0.24,3,0,0,79,79,79,79,3645.363,-2025.143,-4126.807,-11743.874,0,79,85,329,1,0,15247000,62.38800000000002,37.57200000000002,13,3541,-1577,-5494,,3426.587,-2166.531,-4249.379,-12096.074,52.25,37.74,47.47,18.28,false,true,1.25,0.26,外資持股5/10日下降，且外資5日賣超；20日趨勢尚未上彎；當下除權息調整價未守20日EMA
149,8028,昇陽半導體,TWSE,半導體業,等待確認,保護持有,protect,今天不新增部位；未完成確認前不機械式賣出,今天收盤後；若跌破，再看下一交易日是否收復,已有部位暫停加碼；若收盤跌破60日EMA約 263.93，且下一交易日仍未收復，先減碼三分之一；若ETF或外資繼續轉弱，再分批降低部位。,外資持股5/10日下降且外資5日賣超,61.4,58.5,39.6,85,100,完整,285,285,25.57,29.06,25.73,56.22,135.92,3.32,51.08,8.54,0.95,2,0,2,2,2,2,0,152.026,-1892.5389999999998,-7784.786,-12133.573999999999,0,2,8146,13406,1,0,570000,111.15299999999999,-10.580000000000013,12.94,-181,-1852,-14089,,23.348,-2005.692,-15920.205999999998,-25538.559,63.03,72.48,74,69.46,false,true,7.15,0.88,外資持股5/10日下降，且外資5日賣超；借券賣出與借券賣出餘額壓力升高
150,3008,大立光,TWSE,光電業,等待確認,保護持有,protect,今天不新增部位；未完成確認前不機械式賣出,今天收盤後；若跌破，再看下一交易日是否收復,"已有部位暫停加碼；若收盤跌破60日EMA約 5,705.54，且下一交易日仍未收復，先減碼三分之一；若ETF或外資繼續轉弱，再分批降低部位。",外資持股5/10日下降且外資5日賣超,65.9,58.3,64.8,85,100,可用,6845,6775,-16.23,3.71,37.52,14.43,485.47,82.35,36.41,4.67,1.17,41,-2,14,27,-29,-712,38,-256.438,-589.192,-2214.7580000000003,-3033.8060000000005,29.511,52.96000000000001,51.77499999999998,-850.066,4,1,362511200,287.292,479.54799999999994,24.34,-368,-717,-2905,,-392.817,-929.444,-2746.081,-2832.261,60.31,75.1,57.09,111.1,false,false,7.04,15.14,外資持股5/10日下降，且外資5日賣超；20日趨勢尚未上彎
151,5483,中美晶,TPEX,半導體業,等待確認,正常持有,standard,今天不下單,每個交易日收盤後，檢查趨勢與法人籌碼,已有部位可續抱觀察，但暫不追價；若收盤跌破60日EMA約 188.18 且法人籌碼轉弱，先減碼三分之一。,未觸發明確減碼訊號,64.8,57.8,43.6,85,100,可用,224,219.75,11.68,6.1,11.23,54.63,131.28,5.02,24.97,2.69,1.56,10,137,498,575,519,651,0,13002.408,13002.408,13002.408,13002.408,137.669,137.669,137.669,137.669,1,0,30837856,635.963,635.963,30.89,,,,,12228.776,12228.776,12228.776,12228.776,69.43,77.92,73.91,85.93,false,false,12.72,7.95,外資持股尚未完成5／10日可比核對或期間有非市場異動；此項不給分，不解讀為轉弱
152,6291,沛亨,TPEX,半導體業,等待確認,正常持有,standard,今天不下單,每個交易日收盤後，檢查趨勢與法人籌碼,已有部位可續抱觀察，但暫不追價；若收盤跌破60日EMA約 454.61 且法人籌碼轉弱，先減碼三分之一。,未觸發明確減碼訊號,54.2,57.6,56.5,85,100,可用,469.5,451,33.42,40.5,24.29,36.66,247.35,6.36,40.54,13.86,1.28,2,0,0,0,40,39,0,-54.23,-54.23,-54.23,-54.23,0,0,0,0,0,0,0,-81.315,-81.315,4.34,,,,,27.085,27.085,27.085,27.085,49.93,18.68,30.95,-5.87,false,false,-1.54,-6.1,外資持股尚未完成5／10日可比核對或期間有非市場異動；此項不給分，不解讀為轉弱；當下除權息調整價未守20日EMA
153,5425,台半,TPEX,半導體業,等待確認,正常持有,standard,今天不下單,每個交易日收盤後，檢查趨勢與法人籌碼,已有部位可續抱觀察，但暫不追價；若收盤跌破60日EMA約 93.93 且法人籌碼轉弱，先減碼三分之一。,未觸發明確減碼訊號,62.3,57.4,43.1,85,100,可用,104.5,102.5,22.43,7.49,8.99,50.58,181.79,1.52,38,3.35,1.93,1,0,0,0,-21,-53,0,2748.611,2748.611,2748.611,2748.611,0,0,0,0,0,0,0,435.234,435.234,21.4,,,,,2313.377,2313.377,2313.377,2313.377,64.12,62.75,70.74,46.76,false,true,8.22,8.85,外資持股尚未完成5／10日可比核對或期間有非市場異動；此項不給分，不解讀為轉弱
154,2489,瑞軒,TWSE,光電業,等待確認,保護持有,protect,今天不新增部位；未完成確認前不機械式賣出,今天收盤後；若跌破，再看下一交易日是否收復,已有部位暫停加碼；若收盤跌破60日EMA約 39.02，且下一交易日仍未收復，先減碼三分之一；若ETF或外資繼續轉弱，再分批降低部位。,外資持股5/10日下降且外資5日賣超,63.4,57,48.9,85,93,可用,41.4,41.8,23.59,16.63,0.78,42.95,188.56,0.44,29.78,1.91,2.9,1,0,13,33,98,158,0,1833.71,-2780.6749999999997,-16673.64,-5085.1219999999985,5.7,38.9,103.8,82.89999999999999,3,0,1610460,-1184.2530000000002,-2887.438,6.14,1291,-381,-10819,,1492.509,-1635.3220000000001,-13890.002,-3208.086,54.53,30.38,30.36,30.43,true,false,2.26,-0.96,外資持股5/10日下降，且外資5日賣超；20日趨勢尚未上彎；單季稅前獲利對營業外貢獻依賴偏高
155,3443,創意,TWSE,半導體業,等待確認,正常持有,standard,今天不下單,每個交易日收盤後，檢查趨勢與法人籌碼,"已有部位可續抱觀察，但暫不追價；若收盤跌破60日EMA約 6,194.86 且法人籌碼轉弱，先減碼三分之一。",未觸發明確減碼訊號,61.5,56.5,33.4,85,100,可用,8460,8550,111.02,103.84,13.81,63.98,144.84,23.89,216.87,84.2,0.24,43,99,252,210,-36,50,206,81.135,46.15799999999997,653.4449999999999,405.2979999999999,128.493,95.21000000000004,-241.99499999999995,917.6840000000001,2,3,805476600,44.778999999999996,113.281,27.13,-147,-243,520,,-6.145,-93.831,782.1590000000001,-454.04499999999985,69.45,75.17,78.49,68.51,true,true,12.84,5.22,短線過熱或乖離過大
156,4979,華星光,TPEX,通信網路業,等待確認,正常持有,standard,今天不下單,每個交易日收盤後，檢查趨勢與法人籌碼,已有部位可續抱觀察，但暫不追價；若收盤跌破60日EMA約 548.60 且法人籌碼轉弱，先減碼三分之一。,未觸發明確減碼訊號,57.1,56.5,57.5,85,100,可用,579,569,37.45,20.32,19.62,28.96,353.35,2.91,94.76,18.57,0.37,2,0,3,3,-1746,-2885,0,-1192.377,-1192.377,-1192.377,-1192.377,-1001,-1001,-1001,-1001,0,1,-579579000,11.607,11.607,17.84,,,,,-202.984,-202.984,-202.984,-202.984,51.53,39.15,40.32,36.8,false,false,0.67,1.76,外資持股尚未完成5／10日可比核對或期間有非市場異動；此項不給分，不解讀為轉弱；20日趨勢尚未上彎；當下除權息調整價未守20日EMA
157,2401,凌陽,TWSE,半導體業,等待確認,保護持有,protect,今天不新增部位；未完成確認前不機械式賣出,今天收盤後；若跌破，再看下一交易日是否收復,已有部位暫停加碼；若收盤跌破60日EMA約 26.36，且下一交易日仍未收復，先減碼三分之一；若ETF或外資繼續轉弱，再分批降低部位。,外資持股5/10日下降且外資5日賣超,59.5,56.4,51.9,85,100,完整,26.45,26.4,40.95,24.27,9.83,27.75,359.89,0.35,264.5,1.84,,1,0,0,0,70,70,0,56.242,-2500.647,-1049.665,-2605.3290000000006,0,0,40,40,0,0,0,43.94399999999999,69.06799999999998,16.43,-140,-2426,-3453,,72.406,-2544.5910000000003,-1158.7330000000004,-2626.29,53.95,58.14,67.84,38.75,false,true,1.6,-1.12,外資持股5/10日下降，且外資5日賣超
158,4938,和碩,TWSE,電腦及週邊設備業,等待確認,保護持有,protect,今天不新增部位；未完成確認前不機械式賣出,今天收盤後；若跌破，再看下一交易日是否收復,已有部位暫停加碼；若收盤跌破60日EMA約 88.92，且下一交易日仍未收復，先減碼三分之一；若ETF或外資繼續轉弱，再分批降低部位。,外資持股5/10日下降且外資5日賣超,57.1,55.7,46.8,85,100,可用,90,89.6,34.11,1.49,1.36,62.17,126.76,2.26,15.18,1.16,4.46,24,16,463,2237,2316,6688,0,-752.322,-1988.7599999999998,-8686.091,-21277.014,-144.217,1104.174,318.11300000000006,7827.776,2,3,99375660,723.747,1290.6490000000001,30.88,-2596,-6086,-8357,,-674.692,-3816.6810000000005,-10294.853000000001,-30314.550000000003,49.8,18.71,23.86,8.4,false,false,-0.14,0.22,外資持股5/10日下降，且外資5日賣超；20日趨勢尚未上彎；當下除權息調整價未守20日EMA
159,3605,宏致,TWSE,電子零組件業,等待確認,保護持有,protect,今天不新增部位；未完成確認前不機械式賣出,今天收盤後；若跌破，再看下一交易日是否收復,已有部位暫停加碼；若收盤跌破60日EMA約 129.85，且下一交易日仍未收復，先減碼三分之一；若ETF或外資繼續轉弱，再分批降低部位。,外資持股5/10日下降且外資5日賣超,60.5,55.6,47.9,85,100,完整,167,166.25,17.24,17.16,6.38,44.58,178.17,1.89,43.95,3.28,0.94,2,0,22,402,412,412,402,-2343.47,-2003.9900000000002,793.6469999999999,1574.7169999999992,0,-150,3906.1,4133.1,2,2,-25050000,-66.096,-772.449,20.93,-2331,-2645,-3640,,-2258.386,-1787.8939999999998,-2340.004,-1867.2160000000003,60.3,44.39,59.98,13.21,false,false,5.73,-2.05,外資持股5/10日下降，且外資5日賣超
160,8261,富鼎,TWSE,半導體業,等待確認,保護持有,protect,今天不新增部位；未完成確認前不機械式賣出,今天收盤後；若跌破，再看下一交易日是否收復,已有部位暫停加碼；若收盤跌破60日EMA約 187.71，且下一交易日仍未收復，先減碼三分之一；若ETF或外資繼續轉弱，再分批降低部位。,外資持股5/10日下降且外資5日賣超,57.9,55.5,62.9,85,100,完整,191,189.5,-3,6.81,23.89,19.47,421.83,3.07,28.64,3.98,2.62,2,0,0,-2,42,38,0,-846.567,-2314.201,-1744.406,-33.37,0,-2,22.021,18.021,0,1,-382000,134.279,220.03,4.45,-899,-2831,-2980,,-829.071,-2446.48,-1986.4570000000003,-247.90000000000032,55.2,72.28,74.33,68.18,false,true,4.44,8.52,20日累積後5日轉為調節；外資持股5/10日下降，且外資5日賣超；借券賣出與借券賣出餘額壓力升高
161,2207,和泰車,TWSE,汽車工業,等待確認,正常持有,standard,今天不下單,每個交易日收盤後，檢查趨勢與法人籌碼,已有部位可續抱觀察，但暫不追價；若收盤跌破60日EMA約 513.39 且法人籌碼轉弱，先減碼三分之一。,未觸發明確減碼訊號,65.2,55.4,35.2,85,100,可用,526,523,10.57,13.13,,77.58,99.75,21.57,12.94,3.42,3.8,14,9,-1,27,58,-47,0,142.791,337.121,130.31699999999998,250.47500000000002,9,27,58,-42.93199999999997,3,2,14202000,0.32399999999999995,10.982,22.52,166,395,-104,,133.791,309.79699999999997,61.334999999999965,247.03499999999994,54.51,47.39,29.29,83.58,true,false,1.34,3.34,20日趨勢尚未上彎
162,3714,富采,TWSE,光電業,等待確認,正常持有,standard,今天不下單,每個交易日收盤後，檢查趨勢與法人籌碼,已有部位可續抱觀察，但暫不追價；若收盤跌破60日EMA約 63.29 且法人籌碼轉弱，先減碼三分之一。,未觸發明確減碼訊號,68.8,54.7,52,85,100,完整,67.4,67.05,14.23,6.22,-5.92,18.44,355.3,1.49,,1.15,1.34,2,0,0,900,900,900,900,360.225,3978.2430000000004,2192.0900000000006,5657.472999999996,0,900,902,1045,2,0,60660000,-64.67499999999998,-46.07300000000001,14.71,365,3753,-320,,365.37,3142.917999999999,1336.1629999999977,4209.785999999998,55.22,32.09,47.53,1.2,false,true,1.43,-3.58,單季稅前獲利對營業外貢獻依賴偏高
163,1216,統一,TWSE,食品工業,等待確認,保護持有,protect,今天不新增部位；未完成確認前不機械式賣出,今天收盤後；若跌破，再看下一交易日是否收復,已有部位暫停加碼；若收盤跌破60日EMA約 75.25，且下一交易日仍未收復，先減碼三分之一；若ETF或外資繼續轉弱，再分批降低部位。,外資持股5/10日下降且外資5日賣超,65.6,54.5,33.3,85,100,可用,75.5,75.3,3.79,4.05,5.86,72.24,86.59,2.56,18.24,3.15,3.97,30,1592,3913,2574,4572,3182,3159,10135.414,-3831.441999999998,-2134.3419999999987,937.8350000000012,1186.41,-350.40200000000004,-105.88800000000005,-1267.698,3,2,-26455351,1375.72,2710.378,34.05,8884,-6033,-10922,,8871.216,-4856.759999999999,-4738.8319999999985,-479.56099999999856,53.91,47.48,30.07,82.29,true,false,1.22,1.75,外資持股5/10日下降，且外資5日賣超；20日趨勢尚未上彎
164,8150,南茂,TWSE,半導體業,等待確認,正常持有,strong,強勢續抱；不追高,今日收盤確認是否守住20日EMA,價格仍在20／60日EMA之上且短線強勢；法人未同步轉弱。若收盤跌破20日EMA約 108.53 且法人續弱，再轉為保護持有。,價格強勢站上20／60日EMA；法人未同步轉弱,59.8,54.5,46.2,85,100,可用,128.5,125.75,33.27,30.04,10.25,47.09,238.63,2,40.03,3.62,0.96,7,40,180,200,205,255,30,-2347.158,9688.585000000001,46727.513999999996,61142.356999999996,40,880,878,1091,5,0,113080000,-74.01399999999995,2368.4320000000002,47.06,-3113,6961,55460,,-2169.566,8882.599,43481.081999999995,56159.57,73.7,84.78,83.75,86.83,false,false,18.4,12.23,外資持股尚未完成5／10日可比核對或期間有非市場異動；此項不給分，不解讀為轉弱；短線過熱或乖離過大；高波動且5日漲幅過大；融資增幅與短線漲幅同步偏高
165,3265,台星科,TPEX,半導體業,等待確認,正常持有,strong,漲停先續抱；不追價,今日收盤確認是否守住20日EMA,價格仍在20／60日EMA之上且今日漲停；法人未同步轉弱。若收盤跌破20日EMA約 184.08 且法人續弱，再轉為保護持有。,今日漲停／趨勢站穩；法人未同步轉弱,51.8,54.1,51.4,85,100,可用,217,238.5,3.36,16.45,21.9,41.35,203.97,3.85,30.43,4.68,1.89,1,0,0,0,-24,-61,0,-133.828,-133.828,-133.828,-133.828,0,0,0,0,0,0,0,58.177,58.177,12.12,,,,,-192.005,-192.005,-192.005,-192.005,73.87,75.91,65.81,96.12,true,true,17.88,16.67,外資持股尚未完成5／10日可比核對或期間有非市場異動；此項不給分，不解讀為轉弱；短線過熱或乖離過大
166,3105,穩懋,TPEX,半導體業,等待確認,保護持有,protect,今天不新增部位；未完成確認前不機械式賣出,今天收盤後；若跌破，再看下一交易日是否收復,已有部位暫停加碼；若收盤跌破60日EMA約 461.65，且下一交易日仍未收復，先減碼三分之一；若ETF或外資繼續轉弱，再分批降低部位。,KD高檔死亡交叉（僅屬時機警示）,61.2,53.3,44.7,85,100,可用,588,578,30.55,33.01,11.91,30.31,161.86,3.56,69.1,5.69,0.34,16,105,259,268,296,473,252,-2312.948,-2312.948,-2312.948,-2312.948,-5298.8,-5298.8,-5298.8,-5298.8,0,1,-3115694400,286.12,286.12,39.78,,,,,2699.732,2699.732,2699.732,2699.732,69.29,80.47,83.78,73.84,false,true,13.57,8.49,外資持股尚未完成5／10日可比核對或期間有非市場異動；此項不給分，不解讀為轉弱；KD高檔死亡交叉，等待動能確認
167,2377,微星,TWSE,電腦及週邊設備業,等待確認,正常持有,standard,今天不下單,每個交易日收盤後，檢查趨勢與法人籌碼,已有部位可續抱觀察，但暫不追價；若收盤跌破60日EMA約 148.19 且法人籌碼轉弱，先減碼三分之一。,未觸發明確減碼訊號,64.8,53.1,47.4,85,100,完整,156,153.25,-6.06,-6.42,6.74,54.86,182.8,7.59,13.53,2.27,2.69,19,27,-604,702,1183,1411,-702,1017.273,5356.83,6074.3240000000005,3527.2580000000007,-27.383,317.424,685.424,1286.636,2,3,49518144,388.943,554.685,19.74,1026,3316,3976,,1011.911,4650.463,4834.214999999999,2515.881000000001,56.76,58.03,52.93,68.23,false,false,2,3.31,累計營收負成長且當月改善不足；主動ETF 5日轉為減碼；20日趨勢尚未上彎
168,6715,嘉基,TWSE,電子零組件業,等待確認,保護持有,protect,今天不新增部位；未完成確認前不機械式賣出,今天收盤後；若跌破，再看下一交易日是否收復,已有部位暫停加碼；若收盤跌破60日EMA約 405.86，且下一交易日仍未收復，先減碼三分之一；若ETF或外資繼續轉弱，再分批降低部位。,外資持股5/10日下降且外資5日賣超,55.1,53.1,55.6,85,100,完整,485,483.25,113.02,10.24,6.77,20.15,319.88,0.89,319.08,8.95,0.4,2,200,373,373,373,373,373,-83.409,162.12299999999996,-302.93100000000004,-263.86800000000017,200,373,373,-537,3,0,180905000,6.185,-71.956,1.97,-273,-108,-471,,-285.367,-217.062,-603.9749999999999,211.30000000000007,66.43,74.53,77.71,68.18,true,true,12.32,9.73,外資持股5/10日下降，且外資5日賣超
169,3189,景碩,TWSE,半導體業,等待確認,正常持有,strong,強勢續抱；不追高,今日收盤確認是否守住20日EMA,價格仍在20／60日EMA之上且短線強勢；法人未同步轉弱。若收盤跌破20日EMA約 947.68 且法人續弱，再轉為保護持有。,價格強勢站上20／60日EMA；法人未同步轉弱,67.6,52.8,35.5,85,100,可用,1100,1082.5,40.58,32.09,10.89,37.32,172.99,3.74,204.08,13.03,0.14,27,23,415,990,1560,3114,677,1921.066,7585.82,22986.613,22844.945,151,2477.5,3296.5,4733.723,4,1,2725250000,-33.90900000000002,1193.685,23.4,1750,4240,23085,,1779.024,5142.229,18496.428,17626.714999999997,73.28,81.37,82.18,79.73,false,true,16.07,13.4,短線過熱或乖離過大；KD高檔死亡交叉，等待動能確認
170,6789,采鈺,TWSE,半導體業,等待確認,正常持有,standard,今天不下單,每個交易日收盤後，檢查趨勢與法人籌碼,已有部位可續抱觀察，但暫不追價；若收盤跌破60日EMA約 466.79 且法人籌碼轉弱，先減碼三分之一。,未觸發明確減碼訊號,64.1,52.2,49.4,85,100,完整,485.5,483.5,17.99,12.16,21.04,18.54,367.01,2.95,92.65,8.37,0.62,6,1,4,7,4,-480,0,138.674,348.01699999999994,733.378,960.8989999999999,1,7,6,-495,5,0,3398500,-43.552,101.56899999999999,4.36,-382,-893,-502,,135.45,384.56899999999996,625.8089999999999,1331.8229999999999,58.25,65.77,69.08,59.14,false,true,2.96,-1.72,ETF加碼，但外資持股5/10日同步下降；估值高，現有成長幅度尚未支撐目前估值
171,6122,擎邦,TPEX,電機機械,等待確認,保護持有,protect,今天不新增部位；未完成確認前不機械式賣出,今天收盤後；若跌破，再看下一交易日是否收復,已有部位暫停加碼；若收盤跌破60日EMA約 52.26，且下一交易日仍未收復，先減碼三分之一；若ETF或外資繼續轉弱，再分批降低部位。,KD高檔死亡交叉（僅屬時機警示）,52.3,51.6,45.2,85,100,可用,59.9,60,13.59,-0.19,10.87,63.76,146.27,2.19,12.85,2.62,5.68,1,-1,-4,-3,25,72,0,140.977,140.977,140.977,140.977,-1.396,-1.396,-1.396,-1.396,0,1,-83620,9.283,9.283,10.64,,,,,133.09,133.09,133.09,133.09,63.26,70.96,81.25,50.38,false,true,6.6,-0.99,20日累積後5日轉為調節；ETF 1/3日已轉為減碼；外資持股尚未完成5／10日可比核對或期間有非市場異動；此項不給分，不解讀為轉弱；KD高檔死亡交叉，等待動能確認
172,2634,漢翔,TWSE,航運業,等待確認,正常持有,standard,今天不下單,每個交易日收盤後，檢查趨勢與法人籌碼,已有部位可續抱觀察，但暫不追價；若收盤跌破60日EMA約 62.94 且法人籌碼轉弱，先減碼三分之一。,未觸發明確減碼訊號,61.9,51.1,37.3,85,98.3,可用,63.6,63.6,13.15,9.47,9.96,63.19,151.33,1.3,30.72,3.26,1.23,5,0,-6,441,429,481,483,-944.386,1041.0259999999996,-175.87200000000075,-9439.917000000001,-14,427,423,546,2,3,27157200,-208.24100000000007,-771.354,3.18,-2178,-316,-109,,-926.91,822.267,172.4820000000002,-10239.631,47.02,47.84,51.52,40.49,false,true,-1.16,-0.63,ETF加碼，但外資持股5/10日同步下降；20日趨勢尚未上彎；當下除權息調整價未守20日EMA
173,1434,福懋,TWSE,紡織纖維,等待確認,正常持有,standard,今天不下單,每個交易日收盤後，檢查趨勢與法人籌碼,已有部位可續抱觀察，但暫不追價；若收盤跌破60日EMA約 17.81 且法人籌碼轉弱，先減碼三分之一。,未觸發明確減碼訊號,58.2,50.3,50,85,100,完整,18.95,18.95,-7.17,-4.73,2.41,24.34,260.28,0.5,20.6,0.66,2.64,1,0,0,0,0,0,0,2874.919,2618.085,4113.026,5001.423,0,0,4,-16,0,0,0,39.868,84.868,8.77,2850,2606,4409,,2826.251,2578.2170000000006,4024.1580000000004,4794.0199999999995,66.01,64.7,61.45,71.2,true,true,5.06,4.41,累計營收負成長且當月改善不足；20日趨勢尚未上彎；單季稅前獲利對營業外貢獻依賴偏高
174,1301,台塑,TWSE,塑膠工業,等待確認,正常持有,strong,強勢續抱；不追高,今日收盤確認是否守住20日EMA,價格仍在20／60日EMA之上且短線強勢；法人未同步轉弱。若收盤跌破20日EMA約 66.42 且法人續弱，再轉為保護持有。,價格強勢站上20／60日EMA；法人未同步轉弱,64.4,49.8,46.1,85,100,完整,75.4,76.65,6.79,-1.47,1.77,26.47,301.26,2.19,45.98,0.84,0.66,5,0,0,5,491,510,0,47903.011,64501.674,90345.598,93473.87400000001,10282,10287,10773,10755,2,0,775639800,2467.398,3509.745000000001,35.74,35222,50427,75327,,35668.335,51747.276000000005,76062.85300000002,81427.37100000003,74.44,86.52,76.35,106.86,false,false,13.53,10.72,累計營收負成長且當月改善不足；短線過熱或乖離過大；單季稅前獲利對營業外貢獻依賴偏高
175,6284,佳邦,TPEX,電子零組件業,等待確認,正常持有,standard,今天不下單,每個交易日收盤後，檢查趨勢與法人籌碼,已有部位可續抱觀察，但暫不追價；若收盤跌破60日EMA約 80.18 且法人籌碼轉弱，先減碼三分之一。,未觸發明確減碼訊號,55.4,48.2,44.8,85,100,可用,80,80,-0.77,-5.93,5.51,43.74,130.22,0.91,21,1.37,2.36,1,0,10,10,10,40,0,379.631,379.631,379.631,379.631,0,0,0,0,0,0,0,8.531,8.531,9.12,,,,,371.1,371.1,371.1,371.1,55.62,60.13,55.55,69.31,false,false,2.96,5.82,累計營收負成長且當月改善不足；外資持股尚未完成5／10日可比核對或期間有非市場異動；此項不給分，不解讀為轉弱
176,6643,M31,TPEX,半導體業,等待確認,正常持有,standard,今天不下單,每個交易日收盤後，檢查趨勢與法人籌碼,已有部位可續抱觀察，但暫不追價；若收盤跌破60日EMA約 460.60 且法人籌碼轉弱，先減碼三分之一。,未觸發明確減碼訊號,55.4,46.4,42.5,85,100,可用,498,497.5,73.08,4.06,-10.18,10.91,573.46,-1.24,524.21,11.16,0.24,1,0,0,0,-1,14,0,71.997,71.997,71.997,71.997,0,0,0,0,0,0,0,-32.529,-32.529,14.32,,,,,104.526,104.526,104.526,104.526,56.75,49.98,62.62,24.71,false,false,3.6,-10.27,外資持股尚未完成5／10日可比核對或期間有非市場異動；此項不給分，不解讀為轉弱
177,1440,南紡,TWSE,紡織纖維,等待確認,正常持有,standard,今天不下單,每個交易日收盤後，檢查趨勢與法人籌碼,已有部位可續抱觀察，但暫不追價；若收盤跌破60日EMA約 13.37 且法人籌碼轉弱，先減碼三分之一。,未觸發明確減碼訊號,58.7,45.1,32.6,85,100,完整,13.95,14,-4.23,-11.81,-1.69,37.31,136.81,0.14,465,0.81,2.15,1,0,0,0,0,0,0,3074.125,3280.232,4364.415,4470.062999999999,0,0,0,-387,0,0,0,-38,35,8.04,3073,3190,4534,,3062.125,3318.232,4329.415,4815.221,59.6,68.46,60.61,84.16,true,false,3.51,2.2,累計營收負成長且當月改善不足；20日趨勢尚未上彎；估值高，現有成長幅度尚未支撐目前估值；單季稅前獲利對營業外貢獻依賴偏高
178,6830,汎銓,TWSE,其他電子業,等待確認,保護持有,protect,今天不新增部位；未完成確認前不機械式賣出,今天收盤後；若跌破，再看下一交易日是否收復,已有部位暫停加碼；若收盤跌破60日EMA約 517.97，且下一交易日仍未收復，先減碼三分之一；若ETF或外資繼續轉弱，再分批降低部位。,外資持股5/10日下降且外資5日賣超,58.9,45,25.4,85,100,完整,530,529,31.95,22.67,0.6,48.43,120.55,-0.25,2120,8.49,0.19,1,0,6,6,6,6,6,115.473,-144.768,-995.572,5.060999999999986,0,0,0.006,-12.994,0,0,0,-2.1310000000000002,-60.715,6,131,-6,-492,,111.691,-142.63699999999997,-934.863,70.65799999999997,49.83,19.11,27.55,2.22,false,true,-1.17,-0.56,外資持股5/10日下降，且外資5日賣超；20日趨勢尚未上彎；當下除權息調整價未守20日EMA
179,8054,安國,TPEX,半導體業,等待確認,正常持有,standard,今天不下單,每個交易日收盤後，檢查趨勢與法人籌碼,已有部位可續抱觀察，但暫不追價；若收盤跌破60日EMA約 87.40 且法人籌碼轉弱，先減碼三分之一。,未觸發明確減碼訊號,47.2,44.6,26.5,85,100,可用,81.3,81.3,157.45,163.51,-5.37,48.62,119.56,-0.23,,3.36,0,1,0,0,0,80,80,0,-617.23,-617.23,-617.23,-617.23,0,0,0,0,0,0,0,-7.33,-7.33,4.76,,,,,-609.9,-609.9,-609.9,-609.9,41.17,31.1,46.46,0.38,false,true,-4.47,-8.24,外資持股尚未完成5／10日可比核對或期間有非市場異動；此項不給分，不解讀為轉弱；當下除權息調整價未守20日EMA
180,9921,巨大,TWSE,運動休閒,等待確認,正常持有,standard,今天不下單,每個交易日收盤後，檢查趨勢與法人籌碼,已有部位可續抱觀察，但暫不追價；若收盤跌破60日EMA約 91.18 且法人籌碼轉弱，先減碼三分之一。,未觸發明確減碼訊號,53.3,43,35.2,85,100,完整,91.8,91.9,3.21,-6.11,2.77,48.95,184.22,1.11,59.23,1.05,1.98,1,0,0,0,0,-162,0,491.801,397.67799999999994,1049.905,-695.3620000000001,0,0,0,-172,0,0,0,4.506999999999999,5.413,31.96,356,319,-284,,488,393.171,1044.492,-430.20399999999955,47.61,28.23,32.89,18.91,false,false,-0.58,-1.4,累計營收負成長且當月改善不足；20日趨勢尚未上彎；當下除權息調整價未守20日EMA
181,2498,宏達電,TWSE,通信網路業,等待確認,保護持有,protect,今天不新增部位；未完成確認前不機械式賣出,今天收盤後；若跌破，再看下一交易日是否收復,已有部位暫停加碼；若收盤跌破60日EMA約 41.44，且下一交易日仍未收復，先減碼三分之一；若ETF或外資繼續轉弱，再分批降低部位。,外資持股5/10日下降且外資5日賣超,51.3,41.5,44.6,85,93,可用,42.3,42.35,-7.71,-6.92,-89.63,32.56,220.19,-0.62,16.33,1.35,1.18,2,0,0,0,0,-344,0,401.119,-3803.0219999999995,-9255.185,-13257.088999999998,0,0,0,-344,0,0,0,-516.642,-17.96300000000003,8.06,-102,-3382,-5580,,383.172,-3286.3799999999997,-9237.221999999998,-12646.614999999998,56.43,33.61,43.87,13.09,false,true,1.78,-1.4,累計營收負成長且當月改善不足；外資持股5/10日下降，且外資5日賣超
182,2409,友達,TWSE,光電業,等待確認,正常持有,standard,今天不下單,每個交易日收盤後，檢查趨勢與法人籌碼,已有部位可續抱觀察，但暫不追價；若收盤跌破60日EMA約 29.88 且法人籌碼轉弱，先減碼三分之一。,未觸發明確減碼訊號,60.1,41.3,26.2,85,100,可用,37.95,37.4,-5.86,-1.82,-0.3,55.81,116.87,0.03,158.13,1.85,1.05,12,-22,-39,6941,6871,9872,3320,-80107.035,-355892.5190000001,84696.7569999999,257560.66599999985,-21.934,6940.393,7249.201,10757.848000000002,2,2,263387914,-32701.740999999998,-3058.1270000000004,13.27,-50724,-327600,-34984,,-76192.815,-330131.171,80505.68300000002,231881.305,65.16,59.31,71.16,35.6,false,true,10.48,-1.56,累計營收負成長且當月改善不足；ETF 1/3日已轉為減碼；外資持股尚未完成5／10日可比核對或期間有非市場異動；此項不給分，不解讀為轉弱；估值高，現有成長幅度尚未支撐目前估值；單季稅前獲利對營業外貢獻依賴偏高
183,6116,彩晶,TWSE,光電業,等待確認,保護持有,protect,今天不新增部位；未完成確認前不機械式賣出,今天收盤後；若跌破，再看下一交易日是否收復,已有部位暫停加碼；若收盤跌破60日EMA約 14.64，且下一交易日仍未收復，先減碼三分之一；若ETF或外資繼續轉弱，再分批降低部位。,外資持股5/10日下降且外資5日賣超,52.5,39.6,33.6,85,100,完整,15.5,15.28,8,2.93,-15.24,20.77,179.8,-0.02,,1.19,,1,0,0,0,0,0,0,-4387.753,-40934.562,-16808.042,-22526.925000000003,0,0,0.1,0.1,0,0,0,-1993.786,2388.193,3.56,-4031,-38315,-23695,,-5103.031,-38940.776,-19196.335000000003,-24996.761000000002,55.92,46.11,55.88,26.56,false,true,2.9,-5.2,外資持股5/10日下降，且外資5日賣超
184,2367,燿華,TWSE,電子零組件業,等待確認,保護持有,protect,今天不新增部位；未完成確認前不機械式賣出,今天收盤後；若跌破，再看下一交易日是否收復,已有部位暫停加碼；若收盤跌破60日EMA約 45.47，且下一交易日仍未收復，先減碼三分之一；若ETF或外資繼續轉弱，再分批降低部位。,外資持股5/10日下降且外資5日賣超；KD高檔死亡交叉（僅屬時機警示）,51.4,37.1,17.5,85,100,完整,47.2,47.2,26.13,-0.08,-6.5,56.05,95.69,-0.64,,2.71,0.42,1,0,0,0,0,0,0,-1573.778,-7519.930000000002,-4584.897000000003,-3718.8360000000034,0,0,0,0,0,0,0,613.51,743.0409999999999,8.46,-668,-6438,-2967,,-1395.926,-8133.439999999999,-5327.937999999997,-4010.4829999999965,63.03,80.88,81.2,80.24,false,true,7.58,8.38,外資持股5/10日下降，且外資5日賣超；KD高檔死亡交叉，等待動能確認；融資增幅與短線漲幅同步偏高
185,3363,上詮,TPEX,通信網路業,等待確認,正常持有,standard,今天不下單,每個交易日收盤後，檢查趨勢與法人籌碼,已有部位可續抱觀察，但暫不追價；若收盤跌破60日EMA約 659.86 且法人籌碼轉弱，先減碼三分之一。,未觸發明確減碼訊號,63.9,36.7,29.2,85,100,可用,679,674,13.2,-10.56,-30.58,11.1,873.99,-1.18,,13.5,0,3,15,15,15,15,404,15,883.14,883.14,883.14,883.14,15,15,15,15,1,0,10185000,16.229,16.229,22.59,,,,,851.911,851.911,851.911,851.911,53.16,54.42,42.93,77.4,false,false,2.07,4.62,外資持股尚未完成5／10日可比核對或期間有非市場異動；此項不給分，不解讀為轉弱；20日趨勢尚未上彎
186,4919,新唐,TWSE,半導體業,等待確認,正常持有,strong,強勢續抱；不追高,今日收盤確認是否守住20日EMA,價格仍在20／60日EMA之上且短線強勢；法人未同步轉弱。若收盤跌破20日EMA約 137.81 且法人續弱，再轉為保護持有。,價格強勢站上20／60日EMA；法人未同步轉弱,49,35.3,20.7,85,100,可用,159.5,158.75,12.1,1.01,-2.79,46.5,189.95,-0.57,,4.32,,4,0,-3,-3,54,-341,0,705.873,-3762.688,-17298.432999999997,-17100.887999999995,-0.109,-3.232,36.253,-276.747,0,3,-515504,69.68599999999992,397.1959999999999,1.09,-75,-1570,-14593,,175.667,-3829.142,-17731.882,-17546.972,68.51,76.18,77.22,74.09,false,true,15.74,15.16,外資持股尚未完成5／10日可比核對或期間有非市場異動；此項不給分，不解讀為轉弱；短線過熱或乖離過大；融資增幅與短線漲幅同步偏高；借券賣出與借券賣出餘額壓力升高；單季稅前獲利對營業外貢獻依賴偏高
187,7856,漢測,TPEX,半導體業,等待確認,正常持有,standard,今天不下單,每個交易日收盤後，檢查趨勢與法人籌碼,已有部位可續抱觀察，但暫不追價；若收盤跌破60日EMA約 — 且法人籌碼轉弱，先減碼三分之一。,未觸發明確減碼訊號,35.2,27.7,36.2,85,76,可用,4380,4450,,,33.59,39.29,216.19,21.5,162.34,65.33,0.02,2,6,6,8,14,14,8,97.198,97.198,97.198,97.198,18,18,18,18,1,0,78840000,-9.617,-9.617,15.82,,,,,88.815,88.815,88.815,88.815,,,,,,,,,外資持股尚未完成5／10日可比核對或期間有非市場異動；此項不給分，不解讀為轉弱
188,2605,新興,TWSE,航運業,暫不承接,保護持有,protect,今天不新增部位；未完成確認前不機械式賣出,今天收盤後；若跌破，再看下一交易日是否收復,已有部位暫停加碼；若收盤跌破60日EMA約 34.81，且下一交易日仍未收復，先減碼三分之一；若ETF或外資繼續轉弱，再分批降低部位。,ETF 5/10日同步減碼,71.5,81.7,82.2,85,100,完整,36.6,36.48,58.75,38.72,33.49,26.88,212.23,3.67,7.47,1.11,2.73,1,-1,-1,-1,-1,-1,0,-876.226,5719.458,1483.3699999999994,12911.105000000001,-1,-1,-201,-376,0,1,-36600,547.534,754.742,49.22,-1059,5172,-2013,,-1059.274,5172.924000000001,929.6280000000006,9260.579,54.79,42.73,33.73,60.74,true,false,1.63,2.95,ETF短中期同步減碼；ETF 1/3日已轉為減碼；單季稅前獲利對營業外貢獻依賴偏高
189,6005,群益證,TWSE,金融保險業,暫不承接,保護持有,protect,今天不新增部位；未完成確認前不機械式賣出,今天收盤後；若跌破，再看下一交易日是否收復,已有部位暫停加碼；若收盤跌破60日EMA約 31.51，且下一交易日仍未收復，先減碼三分之一；若ETF或外資繼續轉弱，再分批降低部位。,ETF 5/10日同步減碼；外資持股5/10日下降且外資5日賣超,66.1,75.7,74.4,85,100,完整,32.55,32.3,45.35,99.72,,89.2,108.57,3.24,6.05,1.36,5.25,6,-5,-9,-9,-15,-5504,0,-1648.813,-5055.932000000001,-3275.6409999999996,-20168.007,-5,-9,2.583,-5407.6140000000005,0,3,-292950,0,0,16.65,-1636,-4907,-7882,,-1643.813,-5046.932000000001,-3278.2239999999997,-14760.393000000002,56.52,64.66,59.89,74.2,true,false,1.57,1.56,ETF短中期同步減碼；ETF 1/3日已轉為減碼；外資持股5/10日下降，且外資5日賣超
190,2428,興勤,TWSE,電子零組件業,暫不承接,保護持有,protect,今天不新增部位；未完成確認前不機械式賣出,今天收盤後；若跌破，再看下一交易日是否收復,已有部位暫停加碼；若收盤跌破60日EMA約 254.66，且下一交易日仍未收復，先減碼三分之一；若ETF或外資繼續轉弱，再分批降低部位。,ETF 5/10日同步減碼,69.1,73.3,72.9,85,100,完整,267,273,51.21,27.61,22.64,36.2,299.37,7.55,18.98,2.9,2.21,2,0,-1,-2,-20,-201,0,99.471,436.4,-464.005,-901.924,0,-2,-3,-192,0,2,-534000,38.723000000000006,26.09400000000001,14.21,112,346,-362,,86.158,399.677,-487.099,-729.478,61.22,63.33,56.92,76.16,false,false,3.69,6.16,ETF短中期同步減碼
191,8271,宇瞻,TWSE,半導體業,暫不承接,降低部位,trim,停止加碼；反彈未站回恢復區時分批減碼,每個交易日收盤後，確認是否站回恢復區,已有部位先停止加碼。反彈若仍未站回 210.63，分批降低部位；只有站回且ETF／外資賣壓收斂後才重新評估。,價格跌破60日EMA且20日趨勢向下；ETF 5/10日同步減碼；外資持股5/10日下降且外資5日賣超,51.7,71.7,70.2,85,100,完整,202,200.5,177.1,226.89,34.73,55.84,184.73,35.51,5.02,2.75,2.2,2,-1,-1,-1,-1,-38,0,-292.157,-1046.096,-1716.3680000000002,-4239.767000000001,-1,-1,-1,-38.6,0,1,-202000,-9.486,-4.123000000000001,7.91,-283,-904,-1177,,-291,-1035.61,-1711.245,-4175.6410000000005,42,47.26,34.9,71.96,false,false,-1.78,0,中期趨勢仍向下；ETF短中期同步減碼；ETF 1/3日已轉為減碼；外資持股5/10日下降，且外資5日賣超；20日趨勢尚未上彎；當下除權息調整價未守20日EMA
192,1773,勝一,TWSE,化學工業,暫不承接,保護持有,protect,今天不新增部位；未完成確認前不機械式賣出,今天收盤後；若跌破，再看下一交易日是否收復,已有部位暫停加碼；若收盤跌破60日EMA約 165.16，且下一交易日仍未收復，先減碼三分之一；若ETF或外資繼續轉弱，再分批降低部位。,ETF 5/10日同步減碼,65.6,71.1,58.5,85,100,完整,177,176,44.62,23.96,23.46,37.93,104.11,4.38,22.07,4.64,2.26,2,-1,-1,-1,-1,-1,0,-408.116,1172.539,1453.623,1599.673,-1,-1,2,1,0,1,-177000,19.081999999999997,62.535999999999994,7.2,-558,868,1095,,-388.438,1154.4569999999999,1389.0870000000002,1564.9790000000003,64.65,81.14,79.03,85.37,false,false,5.33,5.67,ETF短中期同步減碼；ETF 1/3日已轉為減碼
193,2467,志聖,TWSE,電子零組件業,暫不承接,保護持有,protect,今天不新增部位；未完成確認前不機械式賣出,今天收盤後；若跌破，再看下一交易日是否收復,已有部位暫停加碼；若收盤跌破60日EMA約 555.24，且下一交易日仍未收復，先減碼三分之一；若ETF或外資繼續轉弱，再分批降低部位。,ETF 5/10日同步減碼,66.9,70.9,58.2,85,100,完整,569,569,60.73,83.37,26.06,44,119.58,7.16,56.79,5.67,0.97,8,90,90,-131,-132,-133,-132,458.85,807.5160000000001,222.0720000000001,-1454.4229999999998,90,-131,-132,-133.212,1,1,-74539000,18.624000000000002,39.82000000000001,20.94,356,870,305,,365.124,919.892,314.2520000000002,-1331.7979999999998,55.3,69.88,60.64,88.37,false,false,2.83,5.57,ETF短中期同步減碼；主動ETF 5日轉為減碼；20日趨勢尚未上彎
194,8109,博大,TPEX,電子零組件業,暫不承接,保護持有,protect,今天不新增部位；未完成確認前不機械式賣出,今天收盤後；若跌破，再看下一交易日是否收復,已有部位暫停加碼；若收盤跌破60日EMA約 131.19，且下一交易日仍未收復，先減碼三分之一；若ETF或外資繼續轉弱，再分批降低部位。,ETF 5/10日同步減碼,57.5,70.6,81.2,85,100,可用,135,135.5,56.12,30.7,36.05,22.91,415.49,3.84,18.17,3.66,3.33,1,-10,-17,-48,-51,-10,0,129.237,129.237,129.237,129.237,-10,-10,-10,-10,0,1,-1350000,-12.979,-12.979,5.59,,,,,152.216,152.216,152.216,152.216,51.85,50.36,64.93,21.21,false,true,0.25,0,ETF短中期同步減碼；ETF 1/3日已轉為減碼；外資持股尚未完成5／10日可比核對或期間有非市場異動；此項不給分，不解讀為轉弱
195,3081,聯亞,TPEX,通信網路業,暫不承接,保護持有,protect,今天不新增部位；未完成確認前不機械式賣出,今天收盤後；若跌破，再看下一交易日是否收復,"已有部位暫停加碼；若收盤跌破60日EMA約 2,651.94，且下一交易日仍未收復，先減碼三分之一；若ETF或外資繼續轉弱，再分批降低部位。",ETF 5/10日同步減碼,67.2,70.3,68.4,85,100,可用,3140,3087.5,180.9,129.04,44.5,24.1,288.03,7.75,270.22,61.56,0.13,19,1,3,-87,-76,-123,-15,-5.058,-5.058,-5.058,-5.058,16.149,16.149,16.149,16.149,1,0,50707860,17.005,17.005,18.27,,,,,-38.212,-38.212,-38.212,-38.212,61.17,70.14,56.16,98.08,false,false,9.86,16.51,ETF短中期同步減碼；外資持股尚未完成5／10日可比核對或期間有非市場異動；此項不給分，不解讀為轉弱；20日趨勢尚未上彎
196,2327,國巨*,TWSE,電子零組件業,暫不承接,正常持有,strong,強勢續抱；不追高,今日收盤確認是否守住20日EMA,價格仍在20／60日EMA之上且短線強勢；ETF偏弱先觀察，不因分歧減碼。若收盤跌破20日EMA約 586.02 且法人續弱，再轉為保護持有。,價格強勢站上20／60日EMA；ETF偏弱，先觀察,72.2,70.1,51.2,85,100,可用,647,638.5,51.8,34.95,25.85,64.73,131.19,8.48,43.57,7.52,0.93,38,-39,-1003,-663,-1994,-1330,-829,5561.691,22627.165,10474.445,4684.537,3450.776,9484.642,7949.088,9685.253,4,1,6136563374,3682.112,4865.523,44.56,1584,9173,364,,1527.417,9460.411,-2340.166000000001,-10984.383000000003,63.78,70.41,66.68,77.86,false,false,10.41,18.07,ETF短中期同步減碼；ETF 1/3日已轉為減碼；主動ETF 5日轉為減碼；外資持股尚未完成5／10日可比核對或期間有非市場異動；此項不給分，不解讀為轉弱
197,4967,十銓,TWSE,半導體業,暫不承接,保護持有,protect,今天不新增部位；未完成確認前不機械式賣出,今天收盤後；若跌破，再看下一交易日是否收復,已有部位暫停加碼；若收盤跌破60日EMA約 266.66，且下一交易日仍未收復，先減碼三分之一；若ETF或外資繼續轉弱，再分批降低部位。,ETF 5/10日同步減碼；外資持股5/10日下降且外資5日賣超,46,69.2,72,85,100,完整,265,269,275.06,87.02,35.94,50.67,191.64,53.44,3.94,2.02,3.25,2,0,-1,-250,-255,-255,-249,-438.771,-2633.1139999999996,-2312.714,-4.358000000000175,0,-250,-254.992,-255.392,0,2,-66250000,-104.22300000000001,-132.25300000000001,9.64,-288,-2056,-2205,,-424.847,-2278.891,-1925.4689999999998,530.6219999999995,43.06,17.18,30.63,-9.71,false,true,-2.4,-3.64,中期趨勢仍向下；ETF短中期同步減碼；主動ETF 5日轉為減碼；外資持股5/10日下降，且外資5日賣超；20日趨勢尚未上彎；當下除權息調整價未守20日EMA
198,1795,美時,TWSE,生技醫療業,暫不承接,保護持有,protect,今天不新增部位；未完成確認前不機械式賣出,今天收盤後；若跌破，再看下一交易日是否收復,已有部位暫停加碼；若收盤跌破60日EMA約 183.74，且下一交易日仍未收復，先減碼三分之一；若ETF或外資繼續轉弱，再分批降低部位。,價格跌破60日EMA且20日趨勢向下,58,69.1,56.5,85,100,完整,182.5,182.25,81.68,69.19,24.59,77.62,146.44,4.65,12.9,2,1.48,1,0,0,0,0,0,-1,314.308,-214.94,-183.14600000000002,-1130.9279999999999,0,-0.572,1.428,8.428,0,1,-104390,97.756,79.607,49.94,281,-21,375,,228.744,-312.12399999999997,-264.181,-1182.075,55.05,51.62,42.12,70.64,true,false,2.01,1.96,中期趨勢仍向下；主動ETF 5日轉為減碼；20日趨勢尚未上彎
199,3030,德律,TWSE,其他電子業,暫不承接,正常持有,strong,強勢續抱；不追高,今日收盤確認是否守住20日EMA,價格仍在20／60日EMA之上且短線強勢；ETF偏弱先觀察，不因分歧減碼。若收盤跌破20日EMA約 285.56 且法人續弱，再轉為保護持有。,價格強勢站上20／60日EMA；ETF偏弱，先觀察,65.3,68.9,69.9,85,100,完整,313.5,312,31.88,27.42,38.59,34.3,215.96,7.36,23.75,7.61,2.23,5,0,-1,-1,-2,-3,0,633.708,369.32500000000005,888.2460000000001,630.2860000000002,0,-1,0,10.3,0,1,-313500,385.426,438.45799999999997,9.84,457,177,510,,560.433,-15.100999999999871,449.7880000000001,308.1740000000001,71.79,86.9,81.17,98.38,false,false,9.78,12.37,ETF短中期同步減碼
200,3260,威剛,TPEX,半導體業,暫不承接,保護持有,protect,今天不新增部位；未完成確認前不機械式賣出,今天收盤後；若跌破，再看下一交易日是否收復,已有部位暫停加碼；若收盤跌破60日EMA約 396.31，且下一交易日仍未收復，先減碼三分之一；若ETF或外資繼續轉弱，再分批降低部位。,價格跌破60日EMA且20日趨勢向下,47.6,68.9,72,85,100,可用,365,366.75,279.81,218.14,38.98,62.91,181.44,62.46,4.72,3,4.66,13,-60,649,534,512,1300,-468,-2566.553,-2566.553,-2566.553,-2566.553,-59.566,-59.566,-59.566,-59.566,0,1,-21741590,32.07,32.07,22.25,,,,,-2539.057,-2539.057,-2539.057,-2539.057,32.19,12.98,15.41,8.14,false,true,-5.35,-3.31,中期趨勢仍向下；主動ETF 5日轉為減碼；外資持股尚未完成5／10日可比核對或期間有非市場異動；此項不給分，不解讀為轉弱；20日趨勢尚未上彎；當下除權息調整價未守20日EMA；ETF加碼金額或跨基金共識尚未同時成立
201,3264,欣銓,TPEX,半導體業,暫不承接,保護持有,protect,今天不新增部位；未完成確認前不機械式賣出,今天收盤後；若跌破，再看下一交易日是否收復,已有部位暫停加碼；若收盤跌破60日EMA約 230.22，且下一交易日仍未收復，先減碼三分之一；若ETF或外資繼續轉弱，再分批降低部位。,ETF 5/10日同步減碼,64.4,68.5,51.4,85,100,可用,250,244.5,46.57,33.89,29.05,52.52,88.08,4.39,32.64,6.04,1.68,17,294,-4456,-3968,-5565,-4974,-4504,-6.533,-6.533,-6.533,-6.533,351,351,351,351,1,0,87750000,92.017,92.017,37.86,,,,,-449.55,-449.55,-449.55,-449.55,55.52,24.52,28.12,17.3,false,false,2.83,2.67,ETF短中期同步減碼；主動ETF 5日轉為減碼；外資持股尚未完成5／10日可比核對或期間有非市場異動；此項不給分，不解讀為轉弱
202,5289,宜鼎,TPEX,電腦及週邊設備業,暫不承接,降低部位,trim,停止加碼；反彈未站回恢復區時分批減碼,每個交易日收盤後，確認是否站回恢復區,"已有部位先停止加碼。反彈若仍未站回 1,376.22，分批降低部位；只有站回且ETF／外資賣壓收斂後才重新評估。",價格跌破60日EMA且20日趨勢向下；ETF 5/10日同步減碼,45.1,68.3,79.2,85,100,可用,1260,1270,576.29,553.15,56.13,48.99,233.33,166.45,7,5.21,1.35,5,-2,-32,-54,-106,-105,-56,-258.254,-258.254,-258.254,-258.254,-2.473,-2.473,-2.473,-2.473,0,1,-3115980,-3.401,-3.401,17.12,,,,,-252.38,-252.38,-252.38,-252.38,38.12,11.71,20.79,-6.45,false,false,-3.7,-2.33,中期趨勢仍向下；ETF短中期同步減碼；ETF 1/3日已轉為減碼；主動ETF 5日轉為減碼；外資持股尚未完成5／10日可比核對或期間有非市場異動；此項不給分，不解讀為轉弱；20日趨勢尚未上彎；當下除權息調整價未守20日EMA
203,3526,凡甲,TPEX,電子零組件業,暫不承接,保護持有,protect,今天不新增部位；未完成確認前不機械式賣出,今天收盤後；若跌破，再看下一交易日是否收復,已有部位暫停加碼；若收盤跌破60日EMA約 285.82，且下一交易日仍未收復，先減碼三分之一；若ETF或外資繼續轉弱，再分批降低部位。,價格跌破60日EMA且20日趨勢向下,58.9,68.3,75.4,85,94.3,可用,276.5,275.75,38.84,28.57,31.35,45.89,284.73,9.08,15.57,4.47,6.09,4,0,1,2,6,9,0,-15.826,-15.826,-15.826,-15.826,-0.152,-0.152,-0.152,-0.152,0,1,-42028,-12.674,-12.674,16.55,,,,,-3,-3,-3,-3,51.27,65.11,70.55,54.22,false,true,0.83,1.65,中期趨勢仍向下；外資持股尚未完成5／10日可比核對或期間有非市場異動；此項不給分，不解讀為轉弱；20日趨勢尚未上彎；ETF加碼金額或跨基金共識尚未同時成立
204,6139,亞翔,TWSE,其他電子業,暫不承接,保護持有,protect,今天不新增部位；未完成確認前不機械式賣出,今天收盤後；若跌破，再看下一交易日是否收復,已有部位暫停加碼；若收盤跌破60日EMA約 761.57，且下一交易日仍未收復，先減碼三分之一；若ETF或外資繼續轉弱，再分批降低部位。,ETF 5/10日同步減碼；外資持股5/10日下降且外資5日賣超；投信5/10日持續且具金額意義地賣超,62.3,68.2,52.8,85,100,完整,787,784.5,41.69,63.37,18.19,75.95,125.12,25.91,15.85,8.96,2.92,15,-2,24,-257,-487,-1157,-242,-378.404,-2048.818,-4582.333,-5062.568,-2.089,-162.189,-705.689,-1580.1889999999999,2,3,-127642743,106.894,10.244000000000014,21.68,-342,-857,-1660,,-390.316,-1993.523,-3886.888,-3115.8859999999995,58.33,83.48,80.14,90.15,false,false,4.21,4.1,ETF短中期同步減碼；主動ETF 5日轉為減碼；投信5/10日持續且具金額意義的賣超；外資持股5/10日下降，且外資5日賣超；借券賣出與借券賣出餘額壓力升高
205,1402,遠東新,TWSE,紡織纖維,暫不承接,保護持有,protect,今天不新增部位；未完成確認前不機械式賣出,今天收盤後；若跌破，再看下一交易日是否收復,已有部位暫停加碼；若收盤跌破60日EMA約 27.99，且下一交易日仍未收復，先減碼三分之一；若ETF或外資繼續轉弱，再分批降低部位。,ETF 5/10日同步減碼；投信5/10日持續且具金額意義地賣超,64.4,68.1,52.2,85,100,完整,28.6,28.45,15.2,8.35,7.75,54.39,100.03,1.15,14.82,0.66,4.37,13,-138,-401,-5262,-3759,-2511,-6658,4505.204,3949.681,3649.3939999999993,-8186.01,-138,-5261.948,-5173.874,-29387.522,1,4,-150491713,415.553,551.182,17.58,4575,8980,9110,,4577.834,8796.076000000001,8272.086000000001,20750.889,55.84,63.04,55.54,78.05,true,true,1.69,1.24,ETF短中期同步減碼；ETF 1/3日已轉為減碼；主動ETF 5日轉為減碼；投信5/10日持續且具金額意義的賣超；20日趨勢尚未上彎
206,3017,奇鋐,TWSE,電腦及週邊設備業,暫不承接,保護持有,protect,今天不新增部位；未完成確認前不機械式賣出,今天收盤後；若跌破，再看下一交易日是否收復,"已有部位暫停加碼；若收盤跌破60日EMA約 3,111.69，且下一交易日仍未收復，先減碼三分之一；若ETF或外資繼續轉弱，再分批降低部位。",ETF 5/10日同步減碼；外資持股5/10日下降且外資5日賣超,67.3,68,48.1,85,100,可用,3545,3435,54.34,76.1,25.97,68.07,126.07,44.54,47.25,25.22,0.59,48,20,253,-74,-359,-685,-95,-1106.56,-344.667,-1040.855,-1296.3060000000003,54.334,201.35199999999998,137.04099999999997,-270.5850000000001,3,2,713792840,-11.084000000000003,98.62400000000001,54.08,-1006,-597,-929,,-1058.722,-534.935,-1276.5199999999998,-1197.3169999999993,57.18,72.37,71.06,75.01,true,false,3.62,3.2,ETF短中期同步減碼；主動ETF 5日轉為減碼；外資持股5/10日下降，且外資5日賣超
207,1708,東鹼,TWSE,化學工業,暫不承接,保護持有,protect,今天不新增部位；未完成確認前不機械式賣出,今天收盤後；若跌破，再看下一交易日是否收復,已有部位暫停加碼；若收盤跌破60日EMA約 51.00，且下一交易日仍未收復，先減碼三分之一；若ETF或外資繼續轉弱，再分批降低部位。,ETF 5/10日同步減碼,60,67.9,60.9,85,100,完整,57.3,56.7,33.17,15.97,16.49,39.42,104.33,1.98,13.87,1.87,2.79,1,0,0,-5,-8,-18,0,921.484,3923.5389999999998,3515.6,5131.143000000001,0,-5,-8,-18,0,1,-286500,136.31900000000002,133.032,10.96,192,2291,2841,,935.934,3792.22,3390.567999999999,5096.084,74.31,87.37,83.69,94.73,false,false,8.22,6.51,ETF短中期同步減碼
208,6669,緯穎,TWSE,電腦及週邊設備業,暫不承接,保護持有,protect,今天不新增部位；未完成確認前不機械式賣出,今天收盤後；若跌破，再看下一交易日是否收復,"已有部位暫停加碼；若收盤跌破60日EMA約 2,094.65，且下一交易日仍未收復，先減碼三分之一；若ETF或外資繼續轉弱，再分批降低部位。",ETF 5/10日同步減碼；投信5/10日持續且具金額意義地賣超,59.8,67.9,56.5,85,100,可用,2240,2230,50.36,42.8,6.79,75.35,132.12,156.38,7.18,3.05,7.33,45,-24,-42,-657,-1727,-2889,-672,-530.871,-2094.732,-4103.561,-14913.545999999998,-17.403,-1134.576,-3894.991,-8140.781999999999,0,5,-2541450240,-25.718999999999998,29.784000000000006,25.92,-349,104423,105421,,-484.121,-934.4369999999999,-238.35399999999967,-6363.132,53.95,52.55,35.89,85.89,true,false,2.26,7.18,ETF短中期同步減碼；ETF 1/3日已轉為減碼；主動ETF 5日轉為減碼；投信5/10日持續且具金額意義的賣超；外資持股尚未完成5／10日可比核對或期間有非市場異動；此項不給分，不解讀為轉弱；20日趨勢尚未上彎
209,1608,華榮,TWSE,電器電纜,暫不承接,保護持有,protect,今天不新增部位；未完成確認前不機械式賣出,今天收盤後；若跌破，再看下一交易日是否收復,已有部位暫停加碼；若收盤跌破60日EMA約 35.37，且下一交易日仍未收復，先減碼三分之一；若ETF或外資繼續轉弱，再分批降低部位。,ETF 5/10日同步減碼,64.6,67.8,67.2,85,100,完整,37.05,36.98,17.9,19.18,10.42,37.4,158.43,7.04,3.21,1.39,5.4,3,-5,-10,-15,-24,-23,0,2677.583,2633.0660000000003,3885.5739999999996,3369.042999999999,-4.941,-14.879999999999999,-19.817999999999998,-177.924,0,3,-551304,28.545,29.177000000000003,5.56,2652,2626,2923,,2652.049,2619.401,3876.215,3660.8260000000005,59.08,71.76,59.02,97.24,false,false,2.69,2.21,ETF短中期同步減碼；ETF 1/3日已轉為減碼；20日趨勢尚未上彎；單季稅前獲利對營業外貢獻依賴偏高
210,2478,大毅,TWSE,電子零組件業,暫不承接,正常持有,strong,強勢續抱；不追高,今日收盤確認是否守住20日EMA,價格仍在20／60日EMA之上且短線強勢；ETF／外資偏弱先觀察，不因分歧減碼。若收盤跌破20日EMA約 123.90 且法人續弱，再轉為保護持有。,價格強勢站上20／60日EMA；ETF／外資偏弱，先觀察,63.5,66.5,66.6,85,100,完整,134.5,134.5,43.63,22.77,15.93,29.93,259.07,2.91,27.67,2.64,1.49,2,0,0,-3,-34,-83,0,-2153.922,-1432.106,-1322.083,-2067.9069999999997,0,-3,-5,-68,0,1,-403500,118.24100000000001,123.522,11.52,-1592,-1455,-582,,-2192.662,-1547.347,-1440.605,-2155.218,63.33,72.54,63.7,90.23,false,false,8.55,12.08,ETF短中期同步減碼；外資持股5/10日下降，且外資5日賣超
211,7750,新代,TWSE,電機機械,暫不承接,降低部位,trim,停止加碼；反彈未站回恢復區時分批減碼,每個交易日收盤後，確認是否站回恢復區,"已有部位先停止加碼。反彈若仍未站回 2,113.53，分批降低部位；只有站回且ETF／外資賣壓收斂後才重新評估。",價格跌破60日EMA且20日趨勢向下；外資持股5/10日下降且外資5日賣超,62.6,66.5,62.1,85,100,完整,1995,1992.5,151.07,101.32,27.76,45.28,228.69,42.53,34.29,10.64,0.8,5,0,42,32,6,-3,32,13.239,-48.754000000000005,-180.985,-664.41,0,32,6,-3,1,2,63840000,15.697999999999999,12.165999999999999,16.05,13,-94,-208,,13.056,-96.45200000000001,-199.151,-652.774,46.32,49.29,42.23,63.42,true,false,-1.2,4.18,中期趨勢仍向下；外資持股5/10日下降，且外資5日賣超；20日趨勢尚未上彎；當下除權息調整價未守20日EMA
212,2316,楠梓電,TWSE,電子零組件業,暫不承接,保護持有,protect,今天不新增部位；未完成確認前不機械式賣出,今天收盤後；若跌破，再看下一交易日是否收復,已有部位暫停加碼；若收盤跌破60日EMA約 162.62，且下一交易日仍未收復，先減碼三分之一；若ETF或外資繼續轉弱，再分批降低部位。,ETF 5/10日同步減碼,60.6,66.3,65.8,85,100,完整,179,178,61.19,40.6,-11.96,31.91,225.44,6.54,12.51,2.25,1.12,1,0,0,-3,-5,-12,0,-442.613,-979.837,-526.838,-385.70099999999985,0,-3,-4.976,-11.975999999999999,0,1,-537000,194.29399999999998,241.50299999999993,37.79,-154,-589,371,,-517.601,-1171.131,-763.365,-588.023,69.88,75.75,74.6,78.07,false,false,8.57,7.83,ETF短中期同步減碼；單季稅前獲利對營業外貢獻依賴偏高
213,6509,聚和,TPEX,化學工業,暫不承接,保護持有,protect,今天不新增部位；未完成確認前不機械式賣出,今天收盤後；若跌破，再看下一交易日是否收復,已有部位暫停加碼；若收盤跌破60日EMA約 47.32，且下一交易日仍未收復，先減碼三分之一；若ETF或外資繼續轉弱，再分批降低部位。,ETF 5/10日同步減碼；KD高檔死亡交叉（僅屬時機警示）,56.5,66.3,68.4,85,100,可用,50.4,50.4,20.02,7.33,21.4,32.53,226.71,2.16,13.92,1.78,2.77,1,-30,-49,-104,-111,10,0,674.065,674.065,674.065,674.065,-30,-30,-30,-30,0,1,-1512000,-0.478,-0.478,12.99,,,,,704.543,704.543,704.543,704.543,69.14,77.7,80.59,71.92,false,true,5.03,2.65,ETF短中期同步減碼；20日累積後5日轉為調節；ETF 1/3日已轉為減碼；外資持股尚未完成5／10日可比核對或期間有非市場異動；此項不給分，不解讀為轉弱；KD高檔死亡交叉，等待動能確認
214,1476,儒鴻,TWSE,紡織纖維,暫不承接,保護持有,protect,今天不新增部位；未完成確認前不機械式賣出,今天收盤後；若跌破，再看下一交易日是否收復,已有部位暫停加碼；若收盤跌破60日EMA約 305.62，且下一交易日仍未收復，先減碼三分之一；若ETF或外資繼續轉弱，再分批降低部位。,價格跌破60日EMA且20日趨勢向下,66.6,65.9,71.4,85,100,完整,297,297,-1.13,5.04,20.96,24,273.93,12.35,12.3,2.81,5.05,12,8,-1,38,254,557,0,604.539,1416.7250000000001,582.4600000000002,-2754.388,8,128.126,310.67299999999994,637.5469999999999,3,2,38053422,43.105,61.373999999999995,28.1,601,1242,128,,572.223,1245.4940000000001,210.41300000000024,-3302.0679999999993,55.68,64.67,45.6,102.8,false,false,3.37,8.39,中期趨勢仍向下；20日趨勢尚未上彎
215,5314,世紀*,TPEX,其他,暫不承接,保護持有,protect,今天不新增部位；未完成確認前不機械式賣出,今天收盤後；若跌破，再看下一交易日是否收復,已有部位暫停加碼；若收盤跌破60日EMA約 26.20，且下一交易日仍未收復，先減碼三分之一；若ETF或外資繼續轉弱，再分批降低部位。,ETF 5/10日同步減碼,48.8,65.8,65.1,85,100,可用,27.55,27.55,102.52,151.4,12.5,49.57,97.87,0.66,5.95,4.45,114.77,1,0,-19,-19,-19,-78,0,-2246.28,-2246.28,-2246.28,-2246.28,0,0,0,0,0,0,0,-495.451,-495.451,4.08,,,,,-1750.829,-1750.829,-1750.829,-1750.829,45.92,47.8,45.87,51.65,false,false,-7.29,-4.51,ETF短中期同步減碼；外資持股尚未完成5／10日可比核對或期間有非市場異動；此項不給分，不解讀為轉弱；20日趨勢尚未上彎；當下除權息調整價未守20日EMA
216,2302,麗正,TWSE,半導體業,暫不承接,保護持有,protect,今天不新增部位；未完成確認前不機械式賣出,今天收盤後；若跌破，再看下一交易日是否收復,已有部位暫停加碼；若收盤跌破60日EMA約 42.90，且下一交易日仍未收復，先減碼三分之一；若ETF或外資繼續轉弱，再分批降低部位。,ETF 5/10日同步減碼,63.3,65.7,52.8,85,100,完整,48.3,48.4,87.72,37.96,14.17,34.29,148.18,0.6,45.14,4.37,0.72,1,0,0,-1,-3,-7,0,1871.289,2821.874,2955.3199999999993,5064.013,0,-1,-2.9610000000000003,-6.961,0,1,-48300,55.379000000000005,142.20600000000002,4.45,1710,2623,2028,,1868.756,2767.495,2816.0750000000003,4834.696999999999,60.28,63.34,67.93,54.18,false,true,6.57,7.33,ETF短中期同步減碼
217,2436,偉詮電,TWSE,半導體業,暫不承接,保護持有,protect,今天不新增部位；未完成確認前不機械式賣出,今天收盤後；若跌破，再看下一交易日是否收復,已有部位暫停加碼；若收盤跌破60日EMA約 68.30，且下一交易日仍未收復，先減碼三分之一；若ETF或外資繼續轉弱，再分批降低部位。,ETF 5/10日同步減碼,59.6,65.2,65.2,85,100,完整,72.4,72.4,32.15,30.41,11.77,33,261.25,3.02,13.31,3.04,2.71,2,0,-44,-44,-48,623,-44,-1075.85,2614.651,3777.9249999999993,4751.768999999998,0,-44,-68,603,0,1,-3185600,-543.648,-232.64800000000005,13.58,-919,2428,2528,,-722.63,3202.299,4078.5730000000003,4334.939,54.92,57.32,66.91,38.15,false,true,1.74,-2.82,ETF短中期同步減碼；20日累積後5日轉為調節；主動ETF 5日轉為減碼；單季稅前獲利對營業外貢獻依賴偏高
218,8112,至上,TWSE,電子通路業,暫不承接,降低部位,trim,停止加碼；反彈未站回恢復區時分批減碼,每個交易日收盤後，確認是否站回恢復區,已有部位先停止加碼。反彈若仍未站回 86.83，分批降低部位；只有站回且ETF／外資賣壓收斂後才重新評估。,價格跌破60日EMA且20日趨勢向下；外資持股5/10日下降且外資5日賣超,55.2,65.2,55.4,85,100,完整,83.7,85.65,154.83,177.42,3.16,85.96,127.95,9.45,6.33,2.06,4.54,6,0,-41,629,1447,3531,0,-236.9,-4887.525000000001,-13994.172,-37096.908,0,628.951,1090.951,3279.746,1,3,52643199,-259.91700000000003,-409.915,12.09,160,-4647,-13093,,-220.358,-5256.558999999999,-14675.207999999999,-39679.333,41.84,70.81,63.8,84.82,false,false,-1.11,1.09,中期趨勢仍向下；外資持股5/10日下降，且外資5日賣超；20日趨勢尚未上彎
219,2337,旺宏,TWSE,半導體業,暫不承接,降低部位,trim,停止加碼；反彈未站回恢復區時分批減碼,每個交易日收盤後，確認是否站回恢復區,已有部位先停止加碼。反彈若仍未站回 125.73，分批降低部位；只有站回且ETF／外資賣壓收斂後才重新評估。,價格跌破60日EMA且20日趨勢向下；外資持股5/10日下降且外資5日賣超,53.3,64.8,67.1,85,100,可用,118,119.5,218.53,149.14,36.83,35.77,235.89,4.82,27.96,3.77,,9,0,31,44,-517,-1316,0,-3861.469,-3467.821999999999,7241.4529999999995,20482.989,0,-49,-770,-1772,3,1,-5782000,-724.826,354.295,24.65,-3059,-2595,-5203,,-3761.643,-2693.996,7657.157999999999,20859.768,45.28,54.14,56.51,49.4,false,true,-1.96,-3.67,中期趨勢仍向下；外資持股5/10日下降，且外資5日賣超；20日趨勢尚未上彎；當下除權息調整價未守20日EMA
220,7769,鴻勁,TWSE,半導體業,暫不承接,降低部位,trim,停止加碼；反彈未站回恢復區時分批減碼,每個交易日收盤後，確認是否站回恢復區,"已有部位先停止加碼。反彈若仍未站回 6,154.48，分批降低部位；只有站回且ETF／外資賣壓收斂後才重新評估。",價格跌破60日EMA且20日趨勢向下；外資持股5/10日下降且外資5日賣超；投信5/10日持續且具金額意義地賣超,58.3,64.7,64.8,85,100,可用,5885,5907.5,91.58,92.92,49.13,33.36,287.37,56.14,60.76,18.64,1.1,27,11,77,96,-100,-334,58,-2.698,-141.86,-1227.99,-423.30299999999966,2.9,-15.784000000000006,-1060.724,-772.7149999999996,2,3,-92888840,22.397,15.705999999999998,19.95,-31,-96,-672,,-3.218,-148.473,-182.972,286.82400000000007,47.06,43.53,29.11,72.36,true,false,-1.03,6.9,中期趨勢仍向下；投信5/10日持續且具金額意義的賣超；外資持股5/10日下降，且外資5日賣超；20日趨勢尚未上彎；當下除權息調整價未守20日EMA
221,1714,和桐,TWSE,化學工業,暫不承接,正常持有,strong,強勢續抱；不追高,今日收盤確認是否守住20日EMA,價格仍在20／60日EMA之上且短線強勢；ETF偏弱先觀察，不因分歧減碼。若收盤跌破20日EMA約 16.91 且法人續弱，再轉為保護持有。,價格強勢站上20／60日EMA；ETF偏弱，先觀察,59.5,64.5,62.6,85,100,完整,19.65,19.83,56.11,60.54,11.49,29.6,335.99,0.89,16.65,1.45,0.92,1,0,0,-19,-35,-73,0,2034.763,12200.689000000002,19052.702,11501.411000000007,0,-19,-35,-73,0,1,-373350,688.414,678.2239999999999,18.15,3708,10616,19006,,1984.233,11531.274999999998,18409.478,10985.074999999999,72.11,84.1,77.11,98.08,false,false,16.18,19.09,ETF短中期同步減碼；短線過熱或乖離過大；融資增幅與短線漲幅同步偏高
222,2305,全友,TWSE,電腦及週邊設備業,暫不承接,保護持有,protect,今天不新增部位；未完成確認前不機械式賣出,今天收盤後；若跌破，再看下一交易日是否收復,已有部位暫停加碼；若收盤跌破60日EMA約 42.06，且下一交易日仍未收復，先減碼三分之一；若ETF或外資繼續轉弱，再分批降低部位。,ETF 5/10日同步減碼；外資持股5/10日下降且外資5日賣超,53.6,64.5,68.8,85,100,完整,58.9,61.6,239.99,113.21,17.3,24.45,372.4,0.51,71.83,4.9,,1,0,0,-2,-4,-8,0,1304.184,-3297.499,-1974.348,8270.999,0,-2,-4,-8,0,1,-117800,-226.805,-212.27,6.2,1384,-3280,-1910,,1405.11,-3068.6939999999995,-1758.0779999999993,7975.965000000001,64.16,30.06,48.33,-6.46,false,false,8.67,-14.26,ETF短中期同步減碼；外資持股5/10日下降，且外資5日賣超；短線過熱或乖離過大
223,2382,廣達,TWSE,電腦及週邊設備業,暫不承接,保護持有,protect,今天不新增部位；未完成確認前不機械式賣出,今天收盤後；若跌破，再看下一交易日是否收復,已有部位暫停加碼；若收盤跌破60日EMA約 335.41，且下一交易日仍未收復，先減碼三分之一；若ETF或外資繼續轉弱，再分批降低部位。,價格跌破60日EMA且20日趨勢向下,59.5,64.5,48.4,85,100,可用,335,329,177.45,102.63,3.1,87.6,112.75,12.93,14.6,5.3,4.66,46,208,1166,3427,7372,22802,-145,1464.428,-3760.9879999999994,-7936.999,4252.244000000001,-17.474,2223.743,6186.295,20132.017999999993,4,1,744953905,782.5409999999999,1486.628,23.16,744,-9994,-29340,,1441.121,-6767.271999999999,-15609.921999999999,-18237.311999999998,49.54,24.76,25.87,22.53,false,false,-0.2,0.45,中期趨勢仍向下；主動ETF 5日轉為減碼；外資持股尚未完成5／10日可比核對或期間有非市場異動；此項不給分，不解讀為轉弱；20日趨勢尚未上彎；當下除權息調整價未守20日EMA
224,6446,藥華藥,TWSE,生技醫療業,暫不承接,降低部位,trim,停止加碼；反彈未站回恢復區時分批減碼,每個交易日收盤後，確認是否站回恢復區,"已有部位先停止加碼。反彈若仍未站回 1,219.63，分批降低部位；只有站回且ETF／外資賣壓收斂後才重新評估。",價格跌破60日EMA且20日趨勢向下；ETF 5/10日同步減碼；外資持股5/10日下降且外資5日賣超,55.2,64.5,68.9,85,100,可用,1205,1205,105.43,81.24,43.77,16.54,527.8,11.35,59.01,12.23,0.21,23,33,38,-8,-32,8444,-25,320.574,-326.913,-1692.9440000000002,-2761.147,28.77,-47.346000000000004,-83.03099999999999,8381.942999999997,1,4,-57051930,23.35300000000001,11.486000000000006,21.78,207,-911,-4553,,284.7,-302.9200000000001,-1621.399,-11189.565999999997,46.39,52.17,45.63,65.27,false,false,-1.14,-0.82,中期趨勢仍向下；ETF短中期同步減碼；20日累積後5日轉為調節；主動ETF 5日轉為減碼；投信5/10日持續且具金額意義的賣超；外資持股5/10日下降，且外資5日賣超；20日趨勢尚未上彎；當下除權息調整價未守20日EMA
225,6223,旺矽,TPEX,半導體業,暫不承接,保護持有,protect,今天不新增部位；未完成確認前不機械式賣出,今天收盤後；若跌破，再看下一交易日是否收復,"已有部位暫停加碼；若收盤跌破60日EMA約 5,589.96，且下一交易日仍未收復，先減碼三分之一；若ETF或外資繼續轉弱，再分批降低部位。",ETF 5/10日同步減碼,62.5,64.4,46.1,85,100,可用,5530,5460,69.87,54.79,33.54,55.09,161.51,28.08,118.42,34.07,0.4,35,-3,-12,-139,-688,-387,-138,-107.118,-107.118,-107.118,-107.118,-120.705,-120.705,-120.705,-120.705,0,1,-667498650,-12.748,-12.748,31.77,,,,,26.335,26.335,26.335,26.335,51.13,60.99,46.4,90.17,true,false,1.48,7.9,ETF短中期同步減碼；ETF 1/3日已轉為減碼；主動ETF 5日轉為減碼；外資持股尚未完成5／10日可比核對或期間有非市場異動；此項不給分，不解讀為轉弱
226,3665,貿聯-KY,TWSE,其他電子業,暫不承接,保護持有,protect,今天不新增部位；未完成確認前不機械式賣出,今天收盤後；若跌破，再看下一交易日是否收復,"已有部位暫停加碼；若收盤跌破60日EMA約 2,194.76，且下一交易日仍未收復，先減碼三分之一；若ETF或外資繼續轉弱，再分批降低部位。",ETF 5/10日同步減碼；投信5/10日持續且具金額意義地賣超,66.5,64.3,56,85,100,可用,2315,2335,53.99,40.01,16.12,46.24,213.69,26.94,42.51,9.11,0.66,38,-419,-864,-778,-649,-784,-784,-33.312,-321.69099999999986,462.3200000000003,-1151.0819999999997,-999.13,-3363.696,-1663.2920000000001,-1848.1730000000002,2,3,-7786956240,-29.982000000000006,0.15499999999999403,50.81,658,2308,1626,,929.768,3071.9869999999996,2125.4570000000003,711.0689999999995,52.7,44.13,63.05,6.28,false,true,0.73,-10.79,ETF短中期同步減碼；ETF 1/3日已轉為減碼；投信5/10日持續且具金額意義的賣超
227,6525,捷敏-KY,TWSE,半導體業,暫不承接,保護持有,protect,今天不新增部位；未完成確認前不機械式賣出,今天收盤後；若跌破，再看下一交易日是否收復,已有部位暫停加碼；若收盤跌破60日EMA約 137.30，且下一交易日仍未收復，先減碼三分之一；若ETF或外資繼續轉弱，再分批降低部位。,ETF 5/10日同步減碼；外資持股5/10日下降且外資5日賣超,59.5,63.9,60.6,85,100,完整,142,142.5,30.53,19.76,21.2,34.8,210.53,3.84,19.75,3.89,3.52,3,-2,-4,-7,-12,-20,0,127.656,-481.207,-379.062,-59.14599999999996,-1.888,-6.775,-9.64,-210.3,0,3,-962050,51.628,50.293,14.9,51,-723,-1352,,114.745,-526.06,-419.71500000000003,145.20100000000002,59.8,67.04,68.73,63.65,false,true,4.21,4.8,ETF短中期同步減碼；ETF 1/3日已轉為減碼；外資持股5/10日下降，且外資5日賣超
228,5388,中磊,TWSE,通信網路業,暫不承接,降低部位,trim,停止加碼；反彈未站回恢復區時分批減碼,每個交易日收盤後，確認是否站回恢復區,已有部位先停止加碼。反彈若仍未站回 77.14，分批降低部位；只有站回且ETF／外資賣壓收斂後才重新評估。,價格跌破60日EMA且20日趨勢向下；外資持股5/10日下降且外資5日賣超,58.7,63.5,50.8,85,100,完整,74,73.6,45.05,55.15,3.13,72.17,130.23,2.59,16.55,1.37,3.38,2,0,6,6,6,4,0,-450.156,-1489.1550000000002,-4831.352,-9007.731,0,5.318,5.318,4.023999999999999,1,0,393532,-236.44800000000004,-215.07400000000004,10.53,-78,-170,-3523,,-504,-1258.025,-4621.5960000000005,-8022.212000000001,49.93,44.99,35.71,63.55,true,false,1.07,3.5,中期趨勢仍向下；外資持股5/10日下降，且外資5日賣超；20日趨勢尚未上彎
229,6548,長科*,TPEX,半導體業,暫不承接,保護持有,protect,今天不新增部位；未完成確認前不機械式賣出,今天收盤後；若跌破，再看下一交易日是否收復,已有部位暫停加碼；若收盤跌破60日EMA約 73.01，且下一交易日仍未收復，先減碼三分之一；若ETF或外資繼續轉弱，再分批降低部位。,ETF 5/10日同步減碼,64.2,63.4,47.6,85,100,可用,77.9,77.8,43.66,28.26,14.32,49.37,200.5,1.22,35.09,5.55,1.73,3,151,1032,-650,-662,-878,-1855,-1395.099,-1395.099,-1395.099,-1395.099,151,151,151,151,1,0,11762900,162.214,162.214,5.53,,,,,-1708.313,-1708.313,-1708.313,-1708.313,60.79,61.19,53.3,76.97,false,false,5.38,7.89,ETF短中期同步減碼；主動ETF 5日轉為減碼；外資持股尚未完成5／10日可比核對或期間有非市場異動；此項不給分，不解讀為轉弱
230,3010,華立,TWSE,電子通路業,暫不承接,保護持有,protect,今天不新增部位；未完成確認前不機械式賣出,今天收盤後；若跌破，再看下一交易日是否收復,已有部位暫停加碼；若收盤跌破60日EMA約 125.97，且下一交易日仍未收復，先減碼三分之一；若ETF或外資繼續轉弱，再分批降低部位。,ETF 5/10日同步減碼,63,63.3,55.9,85,100,完整,132,132,23.63,20.14,4.04,53.53,149.98,5.93,11.8,1.25,4.02,4,0,0,-2,-4,-5,0,278.84,1226.147,955.1879999999999,69.55300000000005,0,-1.579,-2.5789999999999997,-34.412,1,2,-208428,35.409,41.76199999999999,19.83,267,1188,917,,267.599,1192.3169999999998,916.0049999999997,78.25199999999973,67.31,85.58,74.95,106.85,false,false,3.89,5.18,ETF短中期同步減碼
231,6415,矽力*-KY,TWSE,半導體業,暫不承接,正常持有,strong,強勢續抱；不追高,今日收盤確認是否守住20日EMA,價格仍在20／60日EMA之上且短線強勢；ETF／投信偏弱先觀察，不因分歧減碼。若收盤跌破20日EMA約 429.26 且法人續弱，再轉為保護持有。,價格強勢站上20／60日EMA；ETF／投信偏弱，先觀察,65.7,63.2,62.7,85,100,完整,456.5,467,52.54,33.04,10.43,14.57,718.18,6.03,46.35,4.39,0.56,9,2,-13,-94,-193,-270,-108,204.305,550.5039999999999,22.631999999999834,-1852.7100000000003,2,-145.23000000000002,-380.23,-434,1,4,-66297495,96.412,63.57900000000001,81.23,103,533,200,,232.565,599.322,339.28299999999984,-1434.258,60.03,72.87,58.27,102.05,true,false,6.35,11.61,ETF短中期同步減碼；主動ETF 5日轉為減碼；投信5/10日持續且具金額意義的賣超；單季稅前獲利對營業外貢獻依賴偏高
232,6805,富世達,TWSE,電子零組件業,暫不承接,保護持有,protect,今天不新增部位；未完成確認前不機械式賣出,今天收盤後；若跌破，再看下一交易日是否收復,"已有部位暫停加碼；若收盤跌破60日EMA約 2,073.56，且下一交易日仍未收復，先減碼三分之一；若ETF或外資繼續轉弱，再分批降低部位。",ETF 5/10日同步減碼；投信5/10日持續且具金額意義地賣超,63.7,63.2,56.5,85,100,可用,2455,2315,29.14,49.81,27.31,47.74,210.62,25.77,52.51,20.15,0.51,16,26,-1069,-1509,-1687,-1392,-1509,-88.167,-1333.6370000000002,-251.9730000000003,1704.2599999999995,10,-3098,-1647.3000000000002,-1012.2000000000002,1,4,-7605590000,15.001999999999999,-33.634,18.07,-166,1540,1331,,-107.659,1749.3609999999999,1428.9610000000002,2757.1780000000003,58.98,36.62,44.77,20.32,false,false,5.35,0,ETF短中期同步減碼；主動ETF 5日轉為減碼；投信5/10日持續且具金額意義的賣超；當下除權息調整價未守20日EMA
233,3706,神達,TWSE,電腦及週邊設備業,暫不承接,降低部位,trim,停止加碼；反彈未站回恢復區時分批減碼,每個交易日收盤後，確認是否站回恢復區,已有部位先停止加碼。反彈若仍未站回 81.02，分批降低部位；只有站回且ETF／外資賣壓收斂後才重新評估。,價格跌破60日EMA且20日趨勢向下；ETF 5/10日同步減碼,52.8,63.1,62.9,85,100,可用,80.9,80.6,119.89,52.57,3.96,56.75,189.14,2.58,14.45,1.41,4.94,12,20,-137,-90,-3746,-4440,0,1159.923,2801.3010000000004,-1526.3439999999991,-17715.006999999998,20,-90,-3086,-2722.175,2,3,-7281000,654.5970000000001,231.94800000000006,9.19,-471,157,8868,,1168.886,2236.7039999999997,1327.7080000000003,-13183.644,50.21,58.02,53.83,66.39,false,false,0.34,2.02,中期趨勢仍向下；ETF短中期同步減碼；外資持股尚未完成5／10日可比核對或期間有非市場異動；此項不給分，不解讀為轉弱；20日趨勢尚未上彎；當下除權息調整價未守20日EMA
234,2834,臺企銀,TWSE,金融保險業,暫不承接,保護持有,protect,今天不新增部位；未完成確認前不機械式賣出,今天收盤後；若跌破，再看下一交易日是否收復,已有部位暫停加碼；若收盤跌破60日EMA約 17.15，且下一交易日仍未收復，先減碼三分之一；若ETF或外資繼續轉弱，再分批降低部位。,ETF 5/10日同步減碼；外資持股5/10日下降且外資5日賣超,58,62.8,66.7,85,100,可用,17.55,17.55,8.82,6.52,,94,,0.71,12.9,1.1,5.7,7,0,-3,-3,-10,-4423,0,252,-43209.83899999999,-66710.257,3090.447999999997,0,-3,19.999000000000002,-4464.267,0,1,-52650,-52.657999999999994,61.406000000000006,16.02,322,-46518,-84440,,191,-43154.181,-66791.66200000001,6081.040999999976,49.94,15.61,16.04,14.75,false,false,-0.42,-1.13,ETF短中期同步減碼；外資持股5/10日下降，且外資5日賣超；當下除權息調整價未守20日EMA
235,4576,大銀微系統,TWSE,電機機械,暫不承接,保護持有,protect,今天不新增部位；未完成確認前不機械式賣出,今天收盤後；若跌破，再看下一交易日是否收復,已有部位暫停加碼；若收盤跌破60日EMA約 223.49，且下一交易日仍未收復，先減碼三分之一；若ETF或外資繼續轉弱，再分批降低部位。,ETF 5/10日同步減碼；外資持股5/10日下降且外資5日賣超,55.7,62.7,55.9,85,100,完整,232,232,98.05,55.75,17.35,38.14,200.45,1.92,70.73,6.48,0.34,1,0,0,-70,-70,-70,-70,-284.33,-356.993,-544.269,128.87800000000004,0,-70,-70,90,0,1,-16240000,-38.974999999999994,-33.97999999999998,6.92,-489,-628,-983,,-278.158,-248.01799999999997,-440.289,-75.36699999999996,51.3,57.9,58.46,56.78,false,true,0.01,-1.69,ETF短中期同步減碼；主動ETF 5日轉為減碼；外資持股5/10日下降，且外資5日賣超；20日趨勢尚未上彎
236,3693,營邦,TPEX,電腦及週邊設備業,暫不承接,保護持有,protect,今天不新增部位；未完成確認前不機械式賣出,今天收盤後；若跌破，再看下一交易日是否收復,已有部位暫停加碼；若收盤跌破60日EMA約 616.58，且下一交易日仍未收復，先減碼三分之一；若ETF或外資繼續轉弱，再分批降低部位。,ETF 5/10日同步減碼,57.2,62.6,53.3,85,100,可用,718,760,171.01,25.27,10.27,46.95,164.12,8.66,46.56,5.88,1.11,1,0,-34,-66,-66,-66,-66,-143.757,-143.757,-143.757,-143.757,-5,-5,-5,-5,0,1,-3590000,-39.604,-39.604,21.12,,,,,-99.153,-99.153,-99.153,-99.153,62.56,55.79,49.34,68.69,true,false,5.47,4.51,ETF短中期同步減碼；主動ETF 5日轉為減碼；外資持股尚未完成5／10日可比核對或期間有非市場異動；此項不給分，不解讀為轉弱
237,5904,寶雅*,TPEX,居家生活,暫不承接,保護持有,protect,今天不新增部位；未完成確認前不機械式賣出,今天收盤後；若跌破，再看下一交易日是否收復,已有部位暫停加碼；若收盤跌破60日EMA約 70.42，且下一交易日仍未收復，先減碼三分之一；若ETF或外資繼續轉弱，再分批降低部位。,價格跌破60日EMA且20日趨勢向下,62.4,62.6,48.7,85,100,可用,70.1,70.4,10.32,13.91,16.38,78.94,111.99,17.45,20.62,1.03,3.63,8,133,286,899,527,2728,589,1171.923,1171.923,1171.923,1171.923,132.4,132.4,132.4,132.4,1,0,9281240,-100.408,-100.408,25.82,,,,,1139.931,1139.931,1139.931,1139.931,45.69,26.31,17.75,43.43,true,false,-0.78,0.57,中期趨勢仍向下；外資持股尚未完成5／10日可比核對或期間有非市場異動；此項不給分，不解讀為轉弱；20日趨勢尚未上彎；當下除權息調整價未守20日EMA
238,6834,天二科技,TWSE,電子零組件業,暫不承接,正常持有,strong,強勢續抱；不追高,今日收盤確認是否守住20日EMA,價格仍在20／60日EMA之上且短線強勢；ETF偏弱先觀察，不因分歧減碼。若收盤跌破20日EMA約 111.94 且法人續弱，再轉為保護持有。,價格強勢站上20／60日EMA；ETF偏弱，先觀察,58.8,62.6,54.1,85,100,完整,125,125.5,114.3,52.76,10.85,40.75,153.28,1.6,54.35,7.17,0.32,1,0,0,-2,-3,-5,0,1302.888,2999.38,1096.562,2639.816,0,-2,-2.972,-4.9719999999999995,0,1,-250000,22.798000000000002,94.623,15.22,1252,3015,858,,1260.715,2978.5820000000003,1004.9110000000001,2460.2519999999995,63.18,68.02,68.23,67.6,false,true,11.67,17.91,ETF短中期同步減碼；短線過熱或乖離過大；高波動且5日漲幅過大
239,2393,億光,TWSE,光電業,暫不承接,保護持有,protect,今天不新增部位；未完成確認前不機械式賣出,今天收盤後；若跌破，再看下一交易日是否收復,已有部位暫停加碼；若收盤跌破60日EMA約 64.97，且下一交易日仍未收復，先減碼三分之一；若ETF或外資繼續轉弱，再分批降低部位。,ETF 5/10日同步減碼；投信5/10日持續且具金額意義地賣超,59.1,62.4,66.5,85,100,可用,68,67.9,14.1,6.28,8.54,37.1,195.25,2.14,14.5,1.57,6.62,9,-13,-300,-584,-1454,-1044,-513,887.165,3683.842,3604.874,4480.246999999999,-11.264,-582.2119999999999,-995.5450000000001,-658.1329999999999,0,5,-39590416,-220.53199999999998,-227.77999999999997,29.85,776,4007,4411,,990.776,4486.586,4828.199000000001,5814.495000000001,66.65,90.48,83.89,103.66,false,false,4.93,5.43,ETF短中期同步減碼；ETF 1/3日已轉為減碼；主動ETF 5日轉為減碼；投信5/10日持續且具金額意義的賣超
240,5439,高技,TPEX,電子零組件業,暫不承接,保護持有,protect,今天不新增部位；未完成確認前不機械式賣出,今天收盤後；若跌破，再看下一交易日是否收復,已有部位暫停加碼；若收盤跌破60日EMA約 263.26，且下一交易日仍未收復，先減碼三分之一；若ETF或外資繼續轉弱，再分批降低部位。,未觸發明確減碼訊號,59.4,62.4,54,85,100,可用,262,265,5.24,34.29,15.78,67.67,169.55,8.15,14.48,6.04,2.75,1,0,0,0,204,204,0,-403.372,-403.372,-403.372,-403.372,0,0,0,0,0,0,0,-2.536,-2.536,23.6,,,,,-400.836,-400.836,-400.836,-400.836,56.99,63.77,60.16,70.98,true,false,3,3.15,中期趨勢仍向下；外資持股尚未完成5／10日可比核對或期間有非市場異動；此項不給分，不解讀為轉弱；20日趨勢尚未上彎
241,2375,凱美,TWSE,電子零組件業,暫不承接,保護持有,protect,今天不新增部位；未完成確認前不機械式賣出,今天收盤後；若跌破，再看下一交易日是否收復,已有部位暫停加碼；若收盤跌破60日EMA約 128.65，且下一交易日仍未收復，先減碼三分之一；若ETF或外資繼續轉弱，再分批降低部位。,ETF 5/10日同步減碼；外資持股5/10日下降且外資5日賣超,61.9,62.2,59.5,85,100,完整,129.5,130.5,37.59,15.91,7.44,28.89,190.62,1.85,31.13,1.32,0.93,1,0,0,-3,-4,-9,0,-880.184,-1611.531,-1454.176,-1667.0829999999996,0,-3,-4,-9,0,1,-388500,105.522,85.028,7.69,-810,-1266,-1256,,-951.012,-1714.0529999999999,-1535.204,-1714.8399999999997,59.74,65.54,56.87,82.88,false,false,5.37,9.75,ETF短中期同步減碼；外資持股5/10日下降，且外資5日賣超
242,2548,華固,TWSE,建材營造,暫不承接,降低部位,trim,停止加碼；反彈未站回恢復區時分批減碼,每個交易日收盤後，確認是否站回恢復區,已有部位先停止加碼。反彈若仍未站回 95.60，分批降低部位；只有站回且ETF／外資賣壓收斂後才重新評估。,價格跌破60日EMA且20日趨勢向下；外資持股5/10日下降且外資5日賣超,50.5,62,68.7,85,93,可用,91.2,91.2,139.53,105.33,20.15,61.37,222.93,2.81,7.37,1.4,9.32,2,0,4,8,24,38,0,-307.242,-1900.852,-3643.735,-3981.945,1.4,9.299999999999999,24.700000000000003,13.000000000000004,3,0,848160,-430.344,-494.988,13.22,192,-940,-3309,,-5.1,-1479.8080000000002,-3173.4469999999997,-3595.2589999999996,40.42,5.98,10.36,-2.78,false,false,-1.77,-0.44,中期趨勢仍向下；外資持股5/10日下降，且外資5日賣超；20日趨勢尚未上彎；當下除權息調整價未守20日EMA
243,3529,力旺,TPEX,半導體業,暫不承接,保護持有,protect,今天不新增部位；未完成確認前不機械式賣出,今天收盤後；若跌破，再看下一交易日是否收復,"已有部位暫停加碼；若收盤跌破60日EMA約 2,818.00，且下一交易日仍未收復，先減碼三分之一；若ETF或外資繼續轉弱，再分批降低部位。",ETF 5/10日同步減碼,60.7,61.9,52.5,85,100,可用,3015,3000,42.77,21.9,60.64,43.12,194.99,15.75,101.14,64.56,0.68,16,-80,-123,-147,-76,13,-44,-14.114,-14.114,-14.114,-14.114,-66.124,-66.124,-66.124,-66.124,0,1,-199363860,-30.736,-30.736,58.6,,,,,82.746,82.746,82.746,82.746,54.29,32.68,51.82,-5.6,false,false,1.22,-8.77,ETF短中期同步減碼；20日累積後5日轉為調節；ETF 1/3日已轉為減碼；主動ETF 5日轉為減碼；外資持股尚未完成5／10日可比核對或期間有非市場異動；此項不給分，不解讀為轉弱
244,6206,飛捷,TWSE,電腦及週邊設備業,暫不承接,降低部位,trim,停止加碼；反彈未站回恢復區時分批減碼,每個交易日收盤後，確認是否站回恢復區,已有部位先停止加碼。反彈若仍未站回 138.13，分批降低部位；只有站回且ETF／外資賣壓收斂後才重新評估。,價格跌破60日EMA且20日趨勢向下；ETF 5/10日同步減碼；外資持股5/10日下降且外資5日賣超,43.8,61.9,80.8,85,100,完整,134.5,133.5,62.18,30.08,29.65,29.6,275.95,5.93,14.86,3.66,4.09,6,-2,-96,-100,-106,203,-93,-143.978,-557.201,-90.40500000000003,365.5040000000001,-1.577,-99.89299999999999,-103.46899999999998,462.011,0,4,-13435608,-48.139,-54.255000000000024,19.64,-158,-449,-112,,-138,-409.169,67.31900000000002,-94.92199999999985,43.74,14.33,27.99,-12.98,false,false,-2.63,-3.58,中期趨勢仍向下；ETF短中期同步減碼；20日累積後5日轉為調節；ETF 1/3日已轉為減碼；主動ETF 5日轉為減碼；投信5/10日持續且具金額意義的賣超；外資持股5/10日下降，且外資5日賣超；20日趨勢尚未上彎；當下除權息調整價未守20日EMA
245,1590,亞德客-KY,TWSE,電機機械,暫不承接,降低部位,trim,停止加碼；反彈未站回恢復區時分批減碼,每個交易日收盤後，確認是否站回恢復區,"已有部位先停止加碼。反彈若仍未站回 1,321.89，分批降低部位；只有站回且ETF／外資賣壓收斂後才重新評估。",價格跌破60日EMA且20日趨勢向下；外資持股5/10日下降且外資5日賣超；投信5/10日持續且具金額意義地賣超,52.6,61.8,72.9,85,100,完整,1230,1202.5,43.33,34.08,34.22,16.97,305.42,29.91,23.63,4.49,2.37,18,-1,-7,-4,12,24,0,5.485,-151.516,-678.599,-1514.4069999999997,-0.609,-11.088,-60.088,-69.697,2,3,-13638240,-4.995,-9.886999999999999,80.02,-31,-162,-753,,5.48,-135.433,-608.624,-1459.3220000000003,41.69,43.52,34.52,61.52,false,false,-1.52,2.5,中期趨勢仍向下；20日累積後5日轉為調節；ETF 1/3日已轉為減碼；投信5/10日持續且具金額意義的賣超；外資持股5/10日下降，且外資5日賣超；20日趨勢尚未上彎；當下除權息調整價未守20日EMA
246,1808,潤隆,TWSE,建材營造,暫不承接,降低部位,trim,停止加碼；反彈未站回恢復區時分批減碼,每個交易日收盤後，確認是否站回恢復區,已有部位先停止加碼。反彈若仍未站回 32.96，分批降低部位；只有站回且ETF／外資賣壓收斂後才重新評估。,價格跌破60日EMA且20日趨勢向下；ETF 5/10日同步減碼,49,61.7,56,85,100,完整,32.35,32.35,33032.93,13849.62,22.07,73.55,166.02,2.52,7.65,2.09,4.64,1,0,0,-1033,-1033,-1159,-1033,1000.832,228.04999999999995,-777.141,-1240.975,0,-1033,-1033,-148,0,1,-33417550,-18,-258,4.16,1012,481,-1403,,1001.832,1279.05,513.8589999999999,-993.9749999999998,45.15,23.54,15.62,39.39,true,false,-1.57,2.21,中期趨勢仍向下；ETF短中期同步減碼；主動ETF 5日轉為減碼；20日趨勢尚未上彎；當下除權息調整價未守20日EMA
247,2006,東和鋼鐵,TWSE,鋼鐵工業,暫不承接,保護持有,protect,今天不新增部位；未完成確認前不機械式賣出,今天收盤後；若跌破，再看下一交易日是否收復,已有部位暫停加碼；若收盤跌破60日EMA約 80.73，且下一交易日仍未收復，先減碼三分之一；若ETF或外資繼續轉弱，再分批降低部位。,ETF 5/10日同步減碼；投信5/10日持續且具金額意義地賣超,58,61.6,59.9,85,100,完整,85.9,86.1,15.12,2.35,12.1,35.77,165.62,4.07,11.41,1.84,5.01,10,-684,-704,-1805,-591,-2348,-1797,-181.903,-71.57599999999991,-239.6519999999999,3859.937,-684.259,-1804.517,-782.7750000000001,-2528.157,0,5,-155008010,103.058,124.587,28.33,480,1562,431,,463.359,1629.8829999999998,418.5359999999997,6150.167999999999,56.38,51.02,54.18,44.71,false,false,1.46,0.59,ETF短中期同步減碼；ETF 1/3日已轉為減碼；主動ETF 5日轉為減碼；投信5/10日持續且具金額意義的賣超
248,2412,中華電,TWSE,通信網路業,暫不承接,保護持有,protect,今天不新增部位；未完成確認前不機械式賣出,今天收盤後；若跌破，再看下一交易日是否收復,已有部位暫停加碼；若收盤跌破60日EMA約 140.73，且下一交易日仍未收復，先減碼三分之一；若ETF或外資繼續轉弱，再分批降低部位。,ETF 5/10日同步減碼；投信5/10日持續且具金額意義地賣超,59.9,61.5,61.8,85,100,可用,145.5,145.25,25.61,9.5,21.73,30.99,122.39,2.68,28.59,3.08,3.57,34,-215,-1856,-2671,-1076,-2336,-1452,2361.415,14509.185,25791.234000000004,96618.767,-260.572,-3057.375,-1810.2779999999998,-3273.747,2,3,-444848062,-284.01800000000003,-58.01800000000003,18.42,1504,14846,24157,,2594.003,17850.578,27659.530000000002,99874.91700000002,66.74,66.39,70.58,58,false,false,1.37,1.39,ETF短中期同步減碼；ETF 1/3日已轉為減碼；主動ETF 5日轉為減碼；投信5/10日持續且具金額意義的賣超；外資持股尚未完成5／10日可比核對或期間有非市場異動；此項不給分，不解讀為轉弱
249,6279,胡連,TPEX,電子零組件業,暫不承接,降低部位,trim,停止加碼；反彈未站回恢復區時分批減碼,每個交易日收盤後，確認是否站回恢復區,已有部位先停止加碼。反彈若仍未站回 117.37，分批降低部位；只有站回且ETF／外資賣壓收斂後才重新評估。,價格跌破60日EMA且20日趨勢向下；ETF 5/10日同步減碼,49.1,61.3,67.8,85,100,可用,116,116.5,29.82,14.56,11.54,42.65,146.91,4.4,10.18,1.52,4.74,1,-1,-2,-4,-7,-12,0,25.569,25.569,25.569,25.569,-1.554,-1.554,-1.554,-1.554,0,1,-180264,-39.516,-39.516,10.31,,,,,66.639,66.639,66.639,66.639,51,67.91,66.59,70.55,false,false,0.86,3.11,中期趨勢仍向下；ETF短中期同步減碼；ETF 1/3日已轉為減碼；外資持股尚未完成5／10日可比核對或期間有非市場異動；此項不給分，不解讀為轉弱；20日趨勢尚未上彎
250,2455,全新,TWSE,通信網路業,暫不承接,保護持有,protect,今天不新增部位；未完成確認前不機械式賣出,今天收盤後；若跌破，再看下一交易日是否收復,已有部位暫停加碼；若收盤跌破60日EMA約 469.47，且下一交易日仍未收復，先減碼三分之一；若ETF或外資繼續轉弱，再分批降低部位。,ETF 5/10日同步減碼；投信5/10日持續且具金額意義地賣超,65.1,60.9,54.5,85,100,可用,559,555,71.16,35.87,23.4,35.4,220.15,2.2,137.01,28.3,0.47,14,-1390,-1536,-2322,-2334,-3619,-2325,-1690.044,-3750.6069999999995,-5411.099999999999,-1925.2889999999984,-3508,-5914,-4781,-4938.49,0,5,-3305926000,86.49999999999989,1128.3549999999998,32.1,1808,2219,-1216,,1850.713,2076.893,-1758.455,385.69399999999973,57.37,54.78,61.23,41.89,false,true,3.21,1.27,ETF短中期同步減碼；ETF 1/3日已轉為減碼；主動ETF 5日轉為減碼；投信5/10日持續且具金額意義的賣超
251,2345,智邦,TWSE,通信網路業,暫不承接,降低部位,trim,停止加碼；反彈未站回恢復區時分批減碼,每個交易日收盤後，確認是否站回恢復區,"已有部位先停止加碼。反彈若仍未站回 2,067.02，分批降低部位；只有站回且ETF／外資賣壓收斂後才重新評估。",價格跌破60日EMA且20日趨勢向下；ETF 5/10日同步減碼；投信5/10日持續且具金額意義地賣超,60,60.8,46.8,85,100,可用,2015,1980,59.42,61.86,14.72,65.32,142.45,34.7,31.66,16.31,0.74,43,-68,-371,-330,-2113,-2676,-557,-342.368,-792.3770000000001,-5081.183,-9837.155999999999,-73.643,-960.934,-5369.984,-10236.827,1,4,-1936282010,65.144,304.33799999999997,56.83,-223,88,-19,,-215.509,103.41300000000001,-15.537000000000006,-89.48300000000026,52.82,70.69,62.17,87.74,false,false,3.04,13.52,中期趨勢仍向下；ETF短中期同步減碼；ETF 1/3日已轉為減碼；主動ETF 5日轉為減碼；投信5/10日持續且具金額意義的賣超；20日趨勢尚未上彎
252,8464,億豐,TWSE,居家生活,暫不承接,保護持有,protect,今天不新增部位；未完成確認前不機械式賣出,今天收盤後；若跌破，再看下一交易日是否收復,已有部位暫停加碼；若收盤跌破60日EMA約 367.52，且下一交易日仍未收復，先減碼三分之一；若ETF或外資繼續轉弱，再分批降低部位。,價格跌破60日EMA且20日趨勢向下,57,60.6,66.9,85,100,完整,365.5,364.25,17.76,5.52,27.66,25.49,384.65,10.37,15.97,3.72,4.38,11,9,17,18,64,-124,0,71.107,64.31600000000002,349.89,900.414,9,18,96.999,-41.102999999999994,4,1,6579000,19.746,25.519999999999996,40.84,56,-29,154,,53.107,26.569999999999997,227.37099999999998,882.5619999999999,45.94,17.46,17.97,16.42,false,false,-0.84,-0.27,中期趨勢仍向下；20日趨勢尚未上彎；當下除權息調整價未守20日EMA
253,5234,達興材料,TWSE,光電業,暫不承接,保護持有,protect,今天不新增部位；未完成確認前不機械式賣出,今天收盤後；若跌破，再看下一交易日是否收復,已有部位暫停加碼；若收盤跌破60日EMA約 319.41，且下一交易日仍未收復，先減碼三分之一；若ETF或外資繼續轉弱，再分批降低部位。,ETF 5/10日同步減碼；外資持股5/10日下降且外資5日賣超,59.2,60.5,61.1,85,100,完整,336.5,330,18.52,11.28,20.09,31.51,235.6,4.44,40.16,10.42,1.93,2,-4,-6,-6,-7,6,0,-451.598,-1072.622,-1408.851,-1776.4979999999998,-4,-8,-60,-54,0,3,-2692000,43.217000000000006,61.329,7.01,-344,-920,-1022,,-436.435,-1107.839,-1410.1799999999998,-1707.9249999999997,64.86,72.93,63.2,92.39,true,false,9.69,9.08,ETF短中期同步減碼；20日累積後5日轉為調節；ETF 1/3日已轉為減碼；外資持股5/10日下降，且外資5日賣超
254,2406,國碩,TWSE,光電業,暫不承接,保護持有,protect,今天不新增部位；未完成確認前不機械式賣出,今天收盤後；若跌破，再看下一交易日是否收復,已有部位暫停加碼；若收盤跌破60日EMA約 30.37，且下一交易日仍未收復，先減碼三分之一；若ETF或外資繼續轉弱，再分批降低部位。,ETF 5/10日同步減碼；外資持股5/10日下降且外資5日賣超,59.2,60.1,46.9,85,100,完整,30.9,30.6,86.11,114.85,4.92,49.59,194.97,0.33,171.67,2.92,,1,0,0,-7,-13,-27,0,42.793,-781.7100000000003,-5203,-5184.544000000001,0,-7,-12.9,-26.9,0,1,-216300,189.60900000000004,215.06600000000003,6.48,31,-893,-4621,,23.858,-964.3190000000002,-5405.166000000001,-5235.080000000001,58.95,66.74,75.62,48.98,false,true,3.54,-1.75,ETF短中期同步減碼；外資持股5/10日下降，且外資5日賣超
255,2610,華航,TWSE,航運業,暫不承接,降低部位,trim,停止加碼；反彈未站回恢復區時分批減碼,每個交易日收盤後，確認是否站回恢復區,已有部位先停止加碼。反彈若仍未站回 20.49，分批降低部位；只有站回且ETF／外資賣壓收斂後才重新評估。,價格跌破60日EMA且20日趨勢向下；外資持股5/10日下降且外資5日賣超,58.7,60.1,48.9,85,100,完整,20.35,20.2,27.22,18.65,7.53,73.06,66.84,1.08,9.42,1.25,3.98,18,2536,2105,6099,26118,31876,2653,3528.99,-11100.529,27623.55,28919.699999999997,2536,6099,21871,27773.765,3,2,124114650,72.464,779.6730000000001,14.98,-1141,-18441,-9141,,1060.99,-17271.993000000002,4972.876999999997,-298.8550000000025,49.88,42.64,45.25,37.43,false,true,0.22,-0.49,中期趨勢仍向下；外資持股5/10日下降，且外資5日賣超；20日趨勢尚未上彎；當下除權息調整價未守20日EMA
256,2493,揚博,TWSE,電子零組件業,暫不承接,保護持有,protect,今天不新增部位；未完成確認前不機械式賣出,今天收盤後；若跌破，再看下一交易日是否收復,已有部位暫停加碼；若收盤跌破60日EMA約 196.80，且下一交易日仍未收復，先減碼三分之一；若ETF或外資繼續轉弱，再分批降低部位。,ETF 5/10日同步減碼；外資持股5/10日下降且外資5日賣超,60,59.8,51.1,85,100,完整,214,214,29.35,14.07,17.43,51.21,163.49,2.67,40.92,8.8,1.87,2,0,-1,-3,-7,-13,0,-348.58,-466.67199999999997,-415.86199999999997,-129.25600000000003,0,-3,-6.962,-82.962,0,2,-642000,120.78999999999998,190.82199999999997,7.76,-276,-1190,-796,,-376.958,-584.462,-599.722,-327.46800000000025,61.97,80.06,75.65,88.88,false,false,9.17,8.35,ETF短中期同步減碼；外資持股5/10日下降，且外資5日賣超
257,3209,全科,TWSE,電子通路業,暫不承接,保護持有,protect,今天不新增部位；未完成確認前不機械式賣出,今天收盤後；若跌破，再看下一交易日是否收復,已有部位暫停加碼；若收盤跌破60日EMA約 49.15，且下一交易日仍未收復，先減碼三分之一；若ETF或外資繼續轉弱，再分批降低部位。,價格跌破60日EMA且20日趨勢向下,51.2,59.8,53.5,85,100,可用,46.5,46.95,27.44,42.65,2.95,74.58,145.9,3.28,7.76,1.94,5.38,1,0,0,0,0,0,0,-679.672,-2742.97,-3452.5029999999997,-4939.822,0,0,0.032,0.032,0,0,0,-43.76899999999999,-24.039999999999992,11,-622,-2309,-1792,,-647.262,-2699.201,-3428.495,-4817.099,48.41,58.7,60.33,55.45,false,true,0.52,2.54,中期趨勢仍向下；外資持股尚未完成5／10日可比核對或期間有非市場異動；此項不給分，不解讀為轉弱；20日趨勢尚未上彎
258,6438,迅得,TWSE,其他電子業,暫不承接,保護持有,protect,今天不新增部位；未完成確認前不機械式賣出,今天收盤後；若跌破，再看下一交易日是否收復,已有部位暫停加碼；若收盤跌破60日EMA約 153.73，且下一交易日仍未收復，先減碼三分之一；若ETF或外資繼續轉弱，再分批降低部位。,未觸發明確減碼訊號,60.4,59.7,57.1,85,100,完整,165.5,165.5,15.54,11.5,11.24,42.36,182.26,3.79,28.68,2.14,3.02,1,0,0,0,0,0,0,17.57,963.2549999999999,2138.9339999999997,2143.6759999999995,0,0,0.016,0.016,0,0,0,23.515000000000004,145.751,9.25,-4,809,1856,,33.57,939.74,1993.167,1991.864,66.38,76.9,76.33,78.04,false,false,4.76,0.91,
259,1736,喬山,TWSE,運動休閒,暫不承接,保護持有,protect,今天不新增部位；未完成確認前不機械式賣出,今天收盤後；若跌破，再看下一交易日是否收復,已有部位暫停加碼；若收盤跌破60日EMA約 126.78，且下一交易日仍未收復，先減碼三分之一；若ETF或外資繼續轉弱，再分批降低部位。,價格跌破60日EMA且20日趨勢向下,49.3,59.3,52.6,85,100,完整,122,124,22.66,14.11,7.5,70.85,125.91,3.27,11.03,2.7,3.69,1,0,0,0,0,0,0,200.907,-57.14699999999997,307.25500000000005,404.77400000000006,0,0,-62,-410,0,0,0,-8.37,-2.239999999999999,5.93,221,-218,261,,204,-48.777,371.495,825.1540000000001,42.75,20.62,28.2,5.45,false,false,-2.69,-5.06,中期趨勢仍向下；20日趨勢尚未上彎；當下除權息調整價未守20日EMA
260,2303,聯電,TWSE,半導體業,暫不承接,保護持有,protect,今天不新增部位；未完成確認前不機械式賣出,今天收盤後；若跌破，再看下一交易日是否收復,已有部位暫停加碼；若收盤跌破60日EMA約 138.47，且下一交易日仍未收復，先減碼三分之一；若ETF或外資繼續轉弱，再分批降低部位。,ETF 5/10日同步減碼；投信5/10日持續且具金額意義地賣超,56.4,59.3,58.9,85,100,可用,148.5,148.25,30.71,14.66,20.21,33.34,216.6,4.68,22.33,4.2,1.76,60,-3318,-50805,-45665,-48338,-31432,-47969,-35464.891,-176064.932,-120012.29699999999,-2570.7449999999953,-19779.101,-118913.80399999999,-88031.11999999998,10126.092000000011,2,3,-17658699894,5890.303999999999,9968.853,40.94,-15428,-28638,-50820,,-15334.483,-63041.432000000015,-41950.03000000001,-32310.98800000002,52.33,26.14,41.81,-5.22,false,false,-0.21,-3.88,ETF短中期同步減碼；ETF 1/3日已轉為減碼；主動ETF 5日轉為減碼；投信5/10日持續且具金額意義的賣超；外資持股尚未完成5／10日可比核對或期間有非市場異動；此項不給分，不解讀為轉弱；當下除權息調整價未守20日EMA；借券賣出與借券賣出餘額壓力升高；單季稅前獲利對營業外貢獻依賴偏高
261,3026,禾伸堂,TWSE,電子零組件業,暫不承接,保護持有,protect,今天不新增部位；未完成確認前不機械式賣出,今天收盤後；若跌破，再看下一交易日是否收復,已有部位暫停加碼；若收盤跌破60日EMA約 717.88，且下一交易日仍未收復，先減碼三分之一；若ETF或外資繼續轉弱，再分批降低部位。,ETF 5/10日同步減碼,65.5,59.3,51.2,85,100,可用,839,840,33.22,20.41,14.38,40.55,193.98,6.73,81.85,13.47,0.69,12,0,-504,-508,-488,-150,-504,2235.091,112.7339999999997,-5717.378000000001,-5921.719000000001,647,-543,-295,3735.8019999999997,3,2,-455577000,26.922999999999995,60.05599999999999,11.76,1556,1297,-1106,,1601.089,628.8110000000001,-5482.433999999999,-9951.099,59.34,54.19,55.3,51.97,false,true,7.02,6.07,ETF短中期同步減碼；主動ETF 5日轉為減碼
262,8422,可寧衛*,TWSE,綠能環保,暫不承接,降低部位,trim,停止加碼；反彈未站回恢復區時分批減碼,每個交易日收盤後，確認是否站回恢復區,已有部位先停止加碼。反彈若仍未站回 26.36，分批降低部位；只有站回且ETF／外資賣壓收斂後才重新評估。,價格跌破60日EMA且20日趨勢向下；外資持股5/10日下降且外資5日賣超,51.5,59.3,52.2,85,100,完整,25.6,25.45,105.85,35.88,27.67,55.71,104.84,0.55,26.67,3.38,4.69,3,0,0,0,0,-1904,0,505.863,-2740.306,-7596.040999999999,-6626.941999999999,0,0,3,-1982,0,0,0,-315.568,-338.753,5.43,881,-2683,-4415,,664.431,-2424.7380000000003,-7260.2880000000005,-3752.107000000002,44.81,26,17.72,42.55,true,false,-0.81,-1.16,中期趨勢仍向下；外資持股5/10日下降，且外資5日賣超；20日趨勢尚未上彎；當下除權息調整價未守20日EMA
263,5274,信驊,TPEX,半導體業,暫不承接,保護持有,protect,今天不新增部位；未完成確認前不機械式賣出,今天收盤後；若跌破，再看下一交易日是否收復,"已有部位暫停加碼；若收盤跌破60日EMA約 17,318.92，且下一交易日仍未收復，先減碼三分之一；若ETF或外資繼續轉弱，再分批降低部位。",ETF 5/10日同步減碼,52.4,59.2,54,85,100,可用,17750,16200,118.42,74.49,53.36,45.44,201.99,78.28,118.4,86.12,0.46,31,-19,-30,-25,-71,-152,-27,-67.949,-67.949,-67.949,-67.949,-74.185,-74.185,-74.185,-74.185,0,1,-1316783750,0.481,0.481,53.38,,,,,5.755,5.755,5.755,5.755,45.6,19.55,31.09,-3.51,false,false,-4.97,-5.33,ETF短中期同步減碼；ETF 1/3日已轉為減碼；外資持股尚未完成5／10日可比核對或期間有非市場異動；此項不給分，不解讀為轉弱；當下除權息調整價未守20日EMA
264,2492,華新科,TWSE,電子零組件業,暫不承接,正常持有,strong,強勢續抱；不追高,今日收盤確認是否守住20日EMA,價格仍在20／60日EMA之上且短線強勢；ETF偏弱先觀察，不因分歧減碼。若收盤跌破20日EMA約 333.88 且法人續弱，再轉為保護持有。,價格強勢站上20／60日EMA；ETF偏弱，先觀察,64,59.1,53.4,85,100,可用,428,428.5,45.54,22.1,9.02,34.44,157.66,4.93,48.09,3.13,0.58,8,-1,-2,-11,-16,-36,0,12280.467,39373.342000000004,22233.908000000007,13123.33400000001,2669,8236,7106,2194,3,1,3525008000,1953.679,1806.3520000000003,16.21,9322,28956,18364,,9934.53,29183.663,13321.556,9191.738000000001,75.92,84.96,70.69,113.49,false,false,28.19,42.9,ETF短中期同步減碼；ETF 1/3日已轉為減碼；短線過熱或乖離過大；高波動且5日漲幅過大
265,2049,上銀,TWSE,電機機械,暫不承接,降低部位,trim,停止加碼；反彈未站回恢復區時分批減碼,每個交易日收盤後，確認是否站回恢復區,已有部位先停止加碼。反彈若仍未站回 340.95，分批降低部位；只有站回且ETF／外資賣壓收斂後才重新評估。,價格跌破60日EMA且20日趨勢向下；ETF 5/10日同步減碼；投信5/10日持續且具金額意義地賣超,61.4,59,56.6,85,100,完整,342.5,339.5,42.3,23.03,11.98,31.19,225.94,4.03,51.89,3.09,0.58,6,-1,-1,-1,-1,-4,0,306.612,1135.535,989.0579999999998,-87.2090000000004,-1,-1341,-1339,-1073.419,0,4,-459292500,137.697,183.57900000000004,39.2,59,2269,1146,,294.267,2338.8379999999997,2144.4790000000003,1095.1650000000004,50.93,58.62,55.6,64.67,false,false,0.86,2.24,ETF短中期同步減碼；ETF 1/3日已轉為減碼；投信5/10日持續且具金額意義的賣超；20日趨勢尚未上彎；當下除權息調整價未守20日EMA
266,6196,帆宣,TWSE,其他電子業,暫不承接,正常持有,strong,強勢續抱；不追高,今日收盤確認是否守住20日EMA,價格仍在20／60日EMA之上且短線強勢；ETF偏弱先觀察，不因分歧減碼。若收盤跌破20日EMA約 578.70 且法人續弱，再轉為保護持有。,價格強勢站上20／60日EMA；ETF偏弱，先觀察,56,58.7,43.3,85,100,完整,670,670,83.89,51.72,8.65,72.75,122.81,13.26,30.34,8.26,0.96,9,0,-34,-34,-95,-53,-33,199.6,1723.335,2897.7270000000003,4586.961000000001,5,-29,-90,-51.45,1,1,-19430000,-27.645,-10.948999999999998,21.1,204,1761,3149,,210.297,1779.98,2998.676,4497.277999999999,74.4,91.13,89.3,94.81,false,false,15.78,14.53,ETF短中期同步減碼；主動ETF 5日轉為減碼；短線過熱或乖離過大
267,1101,台泥,TWSE,水泥工業,暫不承接,保護持有,protect,今天不新增部位；未完成確認前不機械式賣出,今天收盤後；若跌破，再看下一交易日是否收復,已有部位暫停加碼；若收盤跌破60日EMA約 24.60，且下一交易日仍未收復，先減碼三分之一；若ETF或外資繼續轉弱，再分批降低部位。,未觸發明確減碼訊號,70.2,58.6,41.6,85,100,完整,25.5,25.5,10.65,2.7,7.25,49.78,179.65,0.38,,0.83,3.14,7,4731,4574,4539,9285,11929,4943,8551.652,-48331.441999999995,50156.177,32309.620000000006,4731,4539,9314,11727,1,3,115744500,303.995,2419.642,12.65,1968,-55905,10802,,3877.356,-53174.437,38422.53500000001,17307.65000000001,56.65,46.05,51.66,34.82,false,false,2.03,-3.04,
268,4749,新應材,TPEX,半導體業,暫不承接,保護持有,protect,今天不新增部位；未完成確認前不機械式賣出,今天收盤後；若跌破，再看下一交易日是否收復,已有部位暫停加碼；若收盤跌破60日EMA約 789.72，且下一交易日仍未收復，先減碼三分之一；若ETF或外資繼續轉弱，再分批降低部位。,ETF 5/10日同步減碼,54.6,58.1,60.9,85,100,可用,791,770,41.95,20.99,25.14,28.91,445.09,6.94,61.37,7.09,1.01,4,0,-1,-96,-97,-166,-95,-9.198,-9.198,-9.198,-9.198,-0.144,-0.144,-0.144,-0.144,0,1,-113904,6.259,6.259,13.53,,,,,-15.313,-15.313,-15.313,-15.313,57.48,79.59,72.25,94.26,false,false,3.45,3.26,ETF短中期同步減碼；主動ETF 5日轉為減碼；外資持股尚未完成5／10日可比核對或期間有非市場異動；此項不給分，不解讀為轉弱
269,1102,亞泥,TWSE,水泥工業,暫不承接,保護持有,protect,今天不新增部位；未完成確認前不機械式賣出,今天收盤後；若跌破，再看下一交易日是否收復,已有部位暫停加碼；若收盤跌破60日EMA約 34.84，且下一交易日仍未收復，先減碼三分之一；若ETF或外資繼續轉弱，再分批降低部位。,ETF 5/10日同步減碼；投信5/10日持續且具金額意義地賣超,60.3,58,55.9,85,100,完整,35.9,35.75,-1.3,-6.56,8.87,38.22,147.03,2.13,9.92,0.69,6.41,17,77,277,-3998,-2833,235,-4789,3081.388,5433.121,18249.578,32505.791000000005,-128.991,-5462.151,-4970.182,-1452.5149999999994,0,5,-196091221,1093.8339999999998,1877.264,14.31,2747,6345,17015,,3075.866,9801.438,21342.496,32642.594999999998,59.3,61.35,59.65,64.75,true,false,1.55,0.28,累計營收負成長且當月改善不足；ETF短中期同步減碼；20日累積後5日轉為調節；主動ETF 5日轉為減碼；投信5/10日持續且具金額意義的賣超；單季稅前獲利對營業外貢獻依賴偏高
270,1717,長興,TWSE,化學工業,暫不承接,保護持有,protect,今天不新增部位；未完成確認前不機械式賣出,今天收盤後；若跌破，再看下一交易日是否收復,已有部位暫停加碼；若收盤跌破60日EMA約 72.28，且下一交易日仍未收復，先減碼三分之一；若ETF或外資繼續轉弱，再分批降低部位。,ETF 5/10日同步減碼,62.5,57.8,39.9,85,100,完整,75.6,74.9,20.95,11.78,7.03,51.77,173.89,1.09,39.79,2.85,1.32,5,-500,-500,-500,-850,-599,-500,479.98,3355.841,4683.015000000001,-17634.532,-1500,-1500,-1442,-831.7860000000001,0,1,-113400000,-18.65999999999999,-29.910999999999994,12.4,1826,2424,3791,,2084.866,4874.501000000001,6154.926000000001,-16659.338,59.76,77.09,71.9,87.48,false,false,3.33,2.16,ETF短中期同步減碼；ETF 1/3日已轉為減碼；主動ETF 5日轉為減碼；20日趨勢尚未上彎
271,8210,勤誠,TWSE,電腦及週邊設備業,暫不承接,降低部位,trim,停止加碼；反彈未站回恢復區時分批減碼,每個交易日收盤後，確認是否站回恢復區,已有部位先停止加碼。反彈若仍未站回 984.93，分批降低部位；只有站回且ETF／外資賣壓收斂後才重新評估。,價格跌破60日EMA且20日趨勢向下；ETF 5/10日同步減碼；外資持股5/10日下降且外資5日賣超,45.7,57.6,57.4,85,100,完整,872,870.5,40.54,51.68,24.82,56.81,149.43,21.83,22.86,8.76,1.61,9,-41,-542,-772,-868,-2396,-772,-579.121,-2685.595,-6122.906999999999,-8298.729,-68,-905,-1486,-3436,0,5,-789160000,55.977999999999994,46.43299999999999,5.8,-371,-1516,-3835,,-511.81,-1836.573,-4683.339999999999,-4820.398999999999,41.82,49.5,39.93,68.62,true,false,-2.43,4.31,中期趨勢仍向下；ETF短中期同步減碼；ETF 1/3日已轉為減碼；主動ETF 5日轉為減碼；投信5/10日持續且具金額意義的賣超；外資持股5/10日下降，且外資5日賣超；20日趨勢尚未上彎；當下除權息調整價未守20日EMA；借券賣出與借券賣出餘額壓力升高
272,4958,臻鼎-KY,TWSE,電子零組件業,暫不承接,正常持有,strong,強勢續抱；不追高,今日收盤確認是否守住20日EMA,價格仍在20／60日EMA之上且短線強勢；ETF偏弱先觀察，不因分歧減碼。若收盤跌破20日EMA約 517.62 且法人續弱，再轉為保護持有。,價格強勢站上20／60日EMA；ETF偏弱，先觀察,66,57.5,47.9,85,100,可用,595,595,41.05,19.89,7.03,39.71,160.6,3.55,70.41,4.28,0.57,40,162,-3010,-2799,-2486,-2024,-3259,7171.425,33610.90900000001,37119.10100000001,30923.718000000008,248.526,198.23599999999988,-460.3499999999999,1949.055,3,2,117950420,1583.9070000000002,1860.4980000000005,55.25,5540,24978,29071,,6652.329,31828.766,35718.952999999994,26919.64499999999,71.46,84.9,76.68,101.34,false,false,14.95,17.36,ETF短中期同步減碼；短線過熱或乖離過大
273,6584,南俊國際,TPEX,電子零組件業,暫不承接,降低部位,trim,停止加碼；反彈未站回恢復區時分批減碼,每個交易日收盤後，確認是否站回恢復區,已有部位先停止加碼。反彈若仍未站回 578.21，分批降低部位；只有站回且ETF／外資賣壓收斂後才重新評估。,價格跌破60日EMA且20日趨勢向下；ETF 5/10日同步減碼,47.3,57.2,62.5,85,100,可用,538,540,37.66,50.05,29.58,32.16,184.25,6.47,51.09,10.3,0.45,1,0,-211,-371,-389,-476,-371,-75.537,-75.537,-75.537,-75.537,0,0,0,0,0,0,0,-12.807,-12.807,12.05,,,,,-62.73,-62.73,-62.73,-62.73,43.21,30.07,23.86,42.5,true,false,-3.04,-0.37,中期趨勢仍向下；ETF短中期同步減碼；主動ETF 5日轉為減碼；外資持股尚未完成5／10日可比核對或期間有非市場異動；此項不給分，不解讀為轉弱；20日趨勢尚未上彎；當下除權息調整價未守20日EMA
274,6781,AES-KY,TWSE,電子零組件業,暫不承接,降低部位,trim,停止加碼；反彈未站回恢復區時分批減碼,每個交易日收盤後，確認是否站回恢復區,"已有部位先停止加碼。反彈若仍未站回 1,054.04，分批降低部位；只有站回且ETF／外資賣壓收斂後才重新評估。",價格跌破60日EMA且20日趨勢向下；外資持股5/10日下降且外資5日賣超,50.6,57.2,67.8,85,100,完整,1025,1025,26.64,26.39,25.76,35.13,265.53,23.45,24.24,4.95,1.86,3,0,0,0,0,0,0,-49.234,-99.59800000000001,-232.358,-574.0509999999999,-0.148,-0.148,-0.148,8.33,0,1,-151700,-6.817000000000002,-5.280000000000003,70.1,-54,-160,-305,,-44.548,-92.633,-226.93,-541.244,47.56,53.23,59.17,41.35,false,true,-0.48,0.49,中期趨勢仍向下；外資持股5/10日下降，且外資5日賣超；20日趨勢尚未上彎；當下除權息調整價未守20日EMA
275,6155,鈞寶,TWSE,電子零組件業,暫不承接,正常持有,strong,強勢續抱；不追高,今日收盤確認是否守住20日EMA,價格仍在20／60日EMA之上且短線強勢；ETF／外資偏弱先觀察，不因分歧減碼。若收盤跌破20日EMA約 62.96 且法人續弱，再轉為保護持有。,價格強勢站上20／60日EMA；ETF／外資偏弱，先觀察,53.3,57.1,56.9,85,100,完整,71.5,70.8,50.05,23.8,8.88,31.23,167.27,0.82,39.72,3.85,1.12,1,0,0,-2,-3,-6,0,-592.088,-317.3269999999999,-1344.2079999999996,-593.3029999999997,0,-2,-3,-6,0,1,-143000,141.486,169.113,7.14,-691,-369,-828,,-705.223,-456.813,-1510.321,-770.4159999999999,67.13,76.15,76.07,76.32,true,true,13.56,12.95,ETF短中期同步減碼；外資持股5/10日下降，且外資5日賣超；短線過熱或乖離過大；單季稅前獲利對營業外貢獻依賴偏高
276,2812,台中銀,TWSE,金融保險業,暫不承接,降低部位,trim,停止加碼；反彈未站回恢復區時分批減碼,每個交易日收盤後，確認是否站回恢復區,已有部位先停止加碼。反彈若仍未站回 19.00，分批降低部位；只有站回且ETF／外資賣壓收斂後才重新評估。,價格跌破60日EMA且20日趨勢向下；ETF 5/10日同步減碼；外資持股5/10日下降且外資5日賣超,49.8,56.8,66.6,85,100,完整,18.85,18.9,1.76,16.74,,90.61,,0.87,11.22,1.18,5.62,6,0,-4,-4,-6,-2159,0,5936.356,-20370.631999999998,-38930.89399999999,-26453.682999999997,0,-4,-15,-2191.37,0,1,-75400,10.908999999999992,10.490999999999985,8.72,5903,-19455,-45142,,5913.356,-20377.541,-38926.384999999995,-25141.299000000006,45.27,23.36,17.34,35.39,true,false,-0.68,0,中期趨勢仍向下；ETF短中期同步減碼；外資持股5/10日下降，且外資5日賣超；20日趨勢尚未上彎；當下除權息調整價未守20日EMA
277,3450,聯鈞,TWSE,半導體業,暫不承接,保護持有,protect,今天不新增部位；未完成確認前不機械式賣出,今天收盤後；若跌破，再看下一交易日是否收復,已有部位暫停加碼；若收盤跌破60日EMA約 516.99，且下一交易日仍未收復，先減碼三分之一；若ETF或外資繼續轉弱，再分批降低部位。,ETF 5/10日同步減碼；外資持股5/10日下降且外資5日賣超,57.6,56.6,40.1,85,100,可用,535,534,109.76,29.44,18.21,44.79,189.07,2.78,108.52,13.95,0.19,6,0,-245,-757,-837,-354,-757,-1554.677,-4908.527,-8340.741,-16599.317,-335,245,2186,-450,2,3,131075000,-95.30600000000001,-195.061,12.94,-1096,-4644,-8942,,-1194.569,-5058.221,-10331.679999999998,-15931.987000000001,50.68,44.79,44.14,46.09,false,false,0.4,2.29,ETF短中期同步減碼；主動ETF 5日轉為減碼；外資持股5/10日下降，且外資5日賣超；20日趨勢尚未上彎；借券賣出與借券賣出餘額壓力升高
278,9939,宏全,TWSE,其他,暫不承接,降低部位,trim,停止加碼；反彈未站回恢復區時分批減碼,每個交易日收盤後，確認是否站回恢復區,已有部位先停止加碼。反彈若仍未站回 128.05，分批降低部位；只有站回且ETF／外資賣壓收斂後才重新評估。,價格跌破60日EMA且20日趨勢向下；ETF 5/10日同步減碼,54.1,56.2,48.7,85,100,完整,127.5,127,7.08,3.29,16.21,59.06,108.5,6.55,11.59,1.91,4.86,6,-2,-4,-5,-8,-14,0,81.04,406.251,383.22799999999995,-990.674,-1.449,-4.897,-51.345,-135.69,0,3,-624368,-3.7230000000000003,-3.47,16.49,108,92,-9,,80,414.871,438.0430000000001,-814.5919999999999,50.6,73.31,57.45,105.02,false,false,0.55,1.19,中期趨勢仍向下；ETF短中期同步減碼；ETF 1/3日已轉為減碼；20日趨勢尚未上彎
279,6683,雍智科技,TPEX,半導體業,暫不承接,保護持有,protect,今天不新增部位；未完成確認前不機械式賣出,今天收盤後；若跌破，再看下一交易日是否收復,"已有部位暫停加碼；若收盤跌破60日EMA約 1,425.64，且下一交易日仍未收復，先減碼三分之一；若ETF或外資繼續轉弱，再分批降低部位。",ETF 5/10日同步減碼,53.3,56.1,57.8,85,100,可用,1445,1440,25.74,29.82,28.83,25.08,307.5,12.24,64.51,14.08,0.62,2,0,-26,-26,-53,8,-26,-76.34,-76.34,-76.34,-76.34,0,0,0,0,0,0,0,-4.56,-4.56,18.96,,,,,-71.78,-71.78,-71.78,-71.78,49.5,22.13,32.47,1.46,false,false,-2.05,-9.12,ETF短中期同步減碼；20日累積後5日轉為調節；主動ETF 5日轉為減碼；外資持股尚未完成5／10日可比核對或期間有非市場異動；此項不給分，不解讀為轉弱；當下除權息調整價未守20日EMA
280,2481,強茂,TWSE,半導體業,暫不承接,保護持有,protect,今天不新增部位；未完成確認前不機械式賣出,今天收盤後；若跌破，再看下一交易日是否收復,已有部位暫停加碼；若收盤跌破60日EMA約 157.62，且下一交易日仍未收復，先減碼三分之一；若ETF或外資繼續轉弱，再分批降低部位。,ETF 5/10日同步減碼；投信5/10日持續且具金額意義地賣超,61.8,55.9,40.5,85,100,完整,178.5,175.5,29.82,18.1,9.31,47.75,162.68,2.03,47.35,4.53,1.01,7,90,-610,-1610,-1610,-550,-1610,4005.653,10803.206000000002,1725.1670000000013,-521.8370000000004,-91,-3163,-2893,7535.6,1,4,-564595500,1139.2820000000002,562.1600000000002,11.78,3395,11689,2635,,3942.213,12826.924000000003,4056.0070000000023,-7622.7589999999955,61.43,48.97,60.13,26.64,false,false,5.9,3.78,ETF短中期同步減碼；主動ETF 5日轉為減碼；投信5/10日持續且具金額意義的賣超
281,2105,正新,TWSE,橡膠工業,暫不承接,降低部位,trim,停止加碼；反彈未站回恢復區時分批減碼,每個交易日收盤後，確認是否站回恢復區,已有部位先停止加碼。反彈若仍未站回 30.82，分批降低部位；只有站回且ETF／外資賣壓收斂後才重新評估。,價格跌破60日EMA且20日趨勢向下；外資持股5/10日下降且外資5日賣超,54,55.8,57.6,85,100,完整,30.35,30.15,4.64,5.81,9.96,40.94,274.96,1.05,16.68,1.13,5.93,12,60,390,1791,2922,4082,0,845.896,-1145.014,1877.0420000000006,-14448.949000000002,-143.966,345.947,821.994,2431.4880000000003,2,3,10499491,986.322,1679.772,8.53,796,-1979,-1835,,852.994,-2477.283,-624.724,-18643.058,48.17,34.53,40.65,22.29,false,true,-0.01,-0.98,中期趨勢仍向下；外資持股5/10日下降，且外資5日賣超；20日趨勢尚未上彎；當下除權息調整價未守20日EMA
282,3715,定穎投控,TWSE,電子零組件業,暫不承接,保護持有,protect,今天不新增部位；未完成確認前不機械式賣出,今天收盤後；若跌破，再看下一交易日是否收復,已有部位暫停加碼；若收盤跌破60日EMA約 129.08，且下一交易日仍未收復，先減碼三分之一；若ETF或外資繼續轉弱，再分批降低部位。,未觸發明確減碼訊號,63.5,55.8,26.4,85,100,完整,139,137,83.96,46.5,1.58,75.09,128.44,-1.55,,3.77,0.78,1,0,0,0,0,0,0,1026.067,-1035.378,265.2190000000002,-2323.8699999999994,0,0,0,0,0,0,0,531.832,795.0600000000002,9.61,830,-583,255,,782.943,-1567.21,-529.8409999999999,-3130.8140000000003,64.99,75.69,69.92,87.23,false,false,9.68,9.88,
283,3033,威健,TWSE,電子通路業,暫不承接,降低部位,trim,停止加碼；反彈未站回恢復區時分批減碼,每個交易日收盤後，確認是否站回恢復區,已有部位先停止加碼。反彈若仍未站回 44.24，分批降低部位；只有站回且ETF／外資賣壓收斂後才重新評估。,價格跌破60日EMA且20日趨勢向下；ETF 5/10日同步減碼；外資持股5/10日下降且外資5日賣超,43.9,55.6,54,85,100,完整,41.7,41.7,56.84,35.67,3.65,78.4,133.84,3.38,9.16,1.72,4.6,4,-6,-2,-7,-16,-34,0,-105.418,-1194.719,-2462.623,-10254.363000000001,-5.689,-6.522000000000001,-11.160000000000002,-29.373000000000005,1,3,-271967,-108.89099999999999,-807.6800000000001,19.66,-155,-1006,-3509,,-104.364,-1079.306,-1643.7830000000001,-9362.17,39,48.45,56.4,32.54,false,true,-1.71,-2.11,中期趨勢仍向下；ETF短中期同步減碼；ETF 1/3日已轉為減碼；外資持股5/10日下降，且外資5日賣超；20日趨勢尚未上彎；當下除權息調整價未守20日EMA
284,3227,原相,TPEX,半導體業,暫不承接,保護持有,protect,今天不新增部位；未完成確認前不機械式賣出,今天收盤後；若跌破，再看下一交易日是否收復,已有部位暫停加碼；若收盤跌破60日EMA約 193.96，且下一交易日仍未收復，先減碼三分之一；若ETF或外資繼續轉弱，再分批降低部位。,價格跌破60日EMA且20日趨勢向下,49,55.4,71.8,85,100,可用,186.5,185.75,10.13,5.98,18.18,22.55,310.76,6.11,15.74,1.87,5.37,8,34,231,284,580,635,0,-85.69,-85.69,-85.69,-85.69,-76,-76,-76,-76,0,1,-14174000,-9.595,-9.595,29.1,,,,,-0.095,-0.095,-0.095,-0.095,46.64,63.42,64.79,60.68,false,true,-0.26,0.81,中期趨勢仍向下；外資持股尚未完成5／10日可比核對或期間有非市場異動；此項不給分，不解讀為轉弱；20日趨勢尚未上彎；當下除權息調整價未守20日EMA
285,3211,順達,TPEX,電腦及週邊設備業,暫不承接,保護持有,protect,今天不新增部位；未完成確認前不機械式賣出,今天收盤後；若跌破，再看下一交易日是否收復,已有部位暫停加碼；若收盤跌破60日EMA約 381.50，且下一交易日仍未收復，先減碼三分之一；若ETF或外資繼續轉弱，再分批降低部位。,ETF 5/10日同步減碼,57.2,55.3,44.2,85,100,可用,389.5,386,17.34,20.9,9.45,52.5,143.34,3.4,52.49,6.71,2.94,6,-9,-12,-41,-42,153,-29,-428.767,-428.767,-428.767,-428.767,-8.9,-8.9,-8.9,-8.9,0,1,-3466550,-55.768,-55.768,27.16,,,,,-364.099,-364.099,-364.099,-364.099,53.36,71.19,71.74,70.09,false,true,1.31,-2.26,ETF短中期同步減碼；20日累積後5日轉為調節；ETF 1/3日已轉為減碼；主動ETF 5日轉為減碼；外資持股尚未完成5／10日可比核對或期間有非市場異動；此項不給分，不解讀為轉弱
286,2353,宏碁,TWSE,電腦及週邊設備業,暫不承接,降低部位,trim,停止加碼；反彈未站回恢復區時分批減碼,每個交易日收盤後，確認是否站回恢復區,已有部位先停止加碼。反彈若仍未站回 31.50，分批降低部位；只有站回且ETF／外資賣壓收斂後才重新評估。,價格跌破60日EMA且20日趨勢向下；外資持股5/10日下降且外資5日賣超,52.3,55.2,46.9,85,100,完整,31.3,31.2,38.41,25.08,1.64,67.67,121.95,0.96,18.63,1.22,4.15,15,154,654,1416,2386,5345,0,519.783,-5891.232999999999,-11575.63,-15000.908000000001,-35,76.614,444.623,4895.726000000001,3,2,2398018,-2786.832,-2427.1890000000003,13.43,-7567,-10329,-16995,,557.014,-3181.0150000000003,-9593.064,-20707.453,48.29,20.89,26.58,9.52,false,false,-0.63,-1.11,中期趨勢仍向下；外資持股5/10日下降，且外資5日賣超；20日趨勢尚未上彎；當下除權息調整價未守20日EMA；單季稅前獲利對營業外貢獻依賴偏高
287,1409,新纖,TWSE,紡織纖維,暫不承接,保護持有,protect,今天不新增部位；未完成確認前不機械式賣出,今天收盤後；若跌破，再看下一交易日是否收復,已有部位暫停加碼；若收盤跌破60日EMA約 24.34，且下一交易日仍未收復，先減碼三分之一；若ETF或外資繼續轉弱，再分批降低部位。,ETF 5/10日同步減碼,61.5,55.1,35.6,85,100,可用,26.15,26.2,-8.56,12.01,,76.61,103.39,1.18,11.89,0.88,3.44,3,0,0,-154,-155,-155,-154,6866.772,12303.846000000001,13844.946000000002,5778.779999999999,0,-154,-150,-348,0,1,-4027100,-161.94899999999998,-875.4910000000001,10.07,5572,9794,12565,,7110.74,12619.794999999998,14870.436999999998,8375.98,62.23,67.71,59.63,83.88,false,false,5.38,5.02,ETF短中期同步減碼；主動ETF 5日轉為減碼
288,3131,弘塑,TPEX,半導體業,暫不承接,保護持有,protect,今天不新增部位；未完成確認前不機械式賣出,今天收盤後；若跌破，再看下一交易日是否收復,"已有部位暫停加碼；若收盤跌破60日EMA約 2,579.16，且下一交易日仍未收復，先減碼三分之一；若ETF或外資繼續轉弱，再分批降低部位。",ETF 5/10日同步減碼,51.3,55,42.8,85,99.1,可用,2450,2410,43.35,22.9,17.3,79.25,130.43,27.27,43.38,22.28,1.88,11,0,-3,-3,-47,-99,-4,-119.004,-119.004,-119.004,-119.004,-5.03,-5.03,-5.03,-5.03,0,1,-12323500,-19.644,-19.644,34.51,,,,,-94.33,-94.33,-94.33,-94.33,49.53,54.27,53.77,55.27,true,false,0.03,-2.97,ETF短中期同步減碼；主動ETF 5日轉為減碼；外資持股尚未完成5／10日可比核對或期間有非市場異動；此項不給分，不解讀為轉弱；當下除權息調整價未守20日EMA
289,3019,亞光,TWSE,光電業,暫不承接,保護持有,protect,今天不新增部位；未完成確認前不機械式賣出,今天收盤後；若跌破，再看下一交易日是否收復,已有部位暫停加碼；若收盤跌破60日EMA約 138.42，且下一交易日仍未收復，先減碼三分之一；若ETF或外資繼續轉弱，再分批降低部位。,價格跌破60日EMA且20日趨勢向下,55.7,54.9,57.2,85,100,完整,138,138,15.29,15.45,9.05,40.75,215.07,2.98,23.27,2.59,3.33,1,0,0,0,0,0,0,259.353,3054.617,2173.9460000000004,-1550.652999999999,0,0,0,0,0,0,0,289.538,208.84099999999995,8.75,-183,2187,-796,,269.958,2765.079,1965.105,-1853.4700000000003,50.13,66.43,66.66,65.97,false,true,0.05,1.1,中期趨勢仍向下；20日趨勢尚未上彎
290,2484,希華,TWSE,電子零組件業,暫不承接,正常持有,strong,強勢續抱；不追高,今日收盤確認是否守住20日EMA,價格仍在20／60日EMA之上且短線強勢；ETF偏弱先觀察，不因分歧減碼。若收盤跌破20日EMA約 77.26 且法人續弱，再轉為保護持有。,價格強勢站上20／60日EMA；ETF偏弱，先觀察,58.5,54.4,58.5,85,100,完整,87.1,85.8,25.09,1.71,10.26,19.25,453.99,0.86,62.66,3.39,0.8,1,0,0,-3,-6,-12,0,2804.973,8308.434,11058.763,13157.906,0,-3,-5.9830000000000005,-11.983,0,1,-261300,41.360000000000014,205.692,12.52,2306,6047,9002,,2728.073,8270.074,10859.054000000002,12988.977000000003,66.2,68.44,71.92,61.49,false,true,12.73,11.67,ETF短中期同步減碼
291,4763,材料*-KY,TWSE,化學工業,暫不承接,降低部位,trim,停止加碼；反彈未站回恢復區時分批減碼,每個交易日收盤後，確認是否站回恢復區,已有部位先停止加碼。反彈若仍未站回 47.78，分批降低部位；只有站回且ETF／外資賣壓收斂後才重新評估。,價格跌破60日EMA且20日趨勢向下；ETF 5/10日同步減碼；外資持股5/10日下降且外資5日賣超,40.3,54.4,76,85,100,完整,46.35,46.5,20.82,-20.91,41.68,18.57,438.89,1.85,11.12,2.35,6.58,7,-691,-1296,-3259,-3248,-276,-3450,-140.482,-6625.433,-15111.440999999999,-16300.945000000002,-691,-3259,-3222,-195.07000000000005,2,3,-151054650,-790.044,-1215.661,46.14,30,-3172,-4397,,903.45,-2576.3889999999997,-10673.779999999999,-16541.730999999996,45.31,23.38,25.25,19.64,false,false,-2.56,-5.21,中期趨勢仍向下；ETF短中期同步減碼；ETF 1/3日已轉為減碼；主動ETF 5日轉為減碼；投信5/10日持續且具金額意義的賣超；外資持股5/10日下降，且外資5日賣超；20日趨勢尚未上彎；當下除權息調整價未守20日EMA
292,3596,智易,TWSE,通信網路業,暫不承接,降低部位,trim,停止加碼；反彈未站回恢復區時分批減碼,每個交易日收盤後，確認是否站回恢復區,已有部位先停止加碼。反彈若仍未站回 163.70，分批降低部位；只有站回且ETF／外資賣壓收斂後才重新評估。,價格跌破60日EMA且20日趨勢向下；外資持股5/10日下降且外資5日賣超,51.2,54.2,49.1,85,100,完整,157,156.25,1.93,2.66,6.57,69.48,125.16,6.5,12.08,2.1,5.73,3,0,2,2,2,1,0,12.232,-509.35699999999997,-1906.4560000000001,-4528.478999999999,0,2.434,2.434,1.842,1,0,382138,94.69300000000001,104.183,25.08,-8,-587,-2241,,5.457,-606.484,-2013.0729999999999,-4552.507,49.94,55.93,47.41,72.97,false,false,0.82,2.61,中期趨勢仍向下；外資持股5/10日下降，且外資5日賣超；20日趨勢尚未上彎
293,3673,TPK-KY,TWSE,光電業,暫不承接,保護持有,protect,今天不新增部位；未完成確認前不機械式賣出,今天收盤後；若跌破，再看下一交易日是否收復,已有部位暫停加碼；若收盤跌破60日EMA約 67.83，且下一交易日仍未收復，先減碼三分之一；若ETF或外資繼續轉弱，再分批降低部位。,ETF 5/10日同步減碼；外資持股5/10日下降且外資5日賣超,52,54.2,52.9,85,100,完整,76.3,75.7,16.14,15.26,-1.41,48,197.98,3.33,16.66,0.77,2.36,1,0,-1,-1,-1,-1,0,601.96,-5877.833,-10732.804,-11163.675,0,-1,-0.924,-0.924,0,1,-76300,505.711,915.1010000000001,36.51,309,-4927,-8891,,690.599,-6382.544,-11646.981000000002,-11803.674,63.84,77.93,79.91,73.97,false,true,8.67,1.06,ETF短中期同步減碼；外資持股5/10日下降，且外資5日賣超；借券賣出與借券賣出餘額壓力升高；單季稅前獲利對營業外貢獻依賴偏高
294,2329,華泰,TWSE,半導體業,暫不承接,保護持有,protect,今天不新增部位；未完成確認前不機械式賣出,今天收盤後；若跌破，再看下一交易日是否收復,已有部位暫停加碼；若收盤跌破60日EMA約 45.29，且下一交易日仍未收復，先減碼三分之一；若ETF或外資繼續轉弱，再分批降低部位。,未觸發明確減碼訊號,56.3,54.1,47.1,85,100,完整,45.4,45,4.76,8.67,5.98,38.44,141.36,0.96,20.27,1.82,2.2,2,0,0,0,0,0,0,988.888,1238.2820000000002,2132.757,4297.826,0,0,0,0,0,0,0,4.1810000000000045,-24.750999999999998,9.92,1021,253,1052,,1000.163,1234.101,2157.508,4313.218,59.55,69.4,70.6,66.98,false,true,2.87,1.34,
295,6510,精測,TPEX,半導體業,暫不承接,降低部位,trim,停止加碼；反彈未站回恢復區時分批減碼,每個交易日收盤後，確認是否站回恢復區,"已有部位先停止加碼。反彈若仍未站回 3,188.74，分批降低部位；只有站回且ETF／外資賣壓收斂後才重新評估。",價格跌破60日EMA且20日趨勢向下；ETF 5/10日同步減碼,45.8,53.9,63.2,85,100,可用,3020,3022.5,54.27,33.14,32.26,28.04,436.63,25.45,71.23,9.82,0.5,12,-27,-82,-198,-508,-495,-198,-68.904,-68.904,-68.904,-68.904,-38.044,-38.044,-38.044,-38.044,0,1,-114892880,-8.523,-8.523,17.91,,,,,-22.337,-22.337,-22.337,-22.337,44.15,12.31,16.7,3.51,false,false,-5.29,-1.47,中期趨勢仍向下；ETF短中期同步減碼；ETF 1/3日已轉為減碼；主動ETF 5日轉為減碼；外資持股尚未完成5／10日可比核對或期間有非市場異動；此項不給分，不解讀為轉弱；20日趨勢尚未上彎；當下除權息調整價未守20日EMA
296,2454,聯發科,TWSE,半導體業,暫不承接,保護持有,protect,今天不新增部位；未完成確認前不機械式賣出,今天收盤後；若跌破，再看下一交易日是否收復,"已有部位暫停加碼；若收盤跌破60日EMA約 4,356.49，且下一交易日仍未收復，先減碼三分之一；若ETF或外資繼續轉弱，再分批降低部位。",ETF 5/10日同步減碼；外資持股5/10日下降且外資5日賣超；投信5/10日持續且具金額意義地賣超,57.8,53.8,39.3,85,100,可用,4835,4790,44.08,5.76,15.19,45.06,123.94,30.44,79.85,18.19,1.11,69,-81,-310,-67,-126,-732,-330,-3185.075,-8288.777,-7561.024,1542.5899999999988,-285.01,-952.031,-189.05799999999994,780.4530000000001,2,3,-4603069885,90.864,516.116,55.78,-2796,-7589,-7065,,-2769.28,-7427.610000000001,-7888.082000000002,-568.2840000000028,53.9,24.93,41.3,-7.8,false,false,0.69,-1.73,ETF短中期同步減碼；ETF 1/3日已轉為減碼；主動ETF 5日轉為減碼；投信5/10日持續且具金額意義的賣超；外資持股5/10日下降，且外資5日賣超；當下除權息調整價未守20日EMA；借券賣出與借券賣出餘額壓力升高
297,4915,致伸,TWSE,電子零組件業,暫不承接,保護持有,protect,今天不新增部位；未完成確認前不機械式賣出,今天收盤後；若跌破，再看下一交易日是否收復,已有部位暫停加碼；若收盤跌破60日EMA約 64.09，且下一交易日仍未收復，先減碼三分之一；若ETF或外資繼續轉弱，再分批降低部位。,ETF 5/10日同步減碼；外資持股5/10日下降且外資5日賣超；投信5/10日持續且具金額意義地賣超,47.7,53.6,52.6,85,100,完整,62.9,63.4,20.38,13.33,4.03,62.65,127.13,2.55,12.71,1.45,7.27,9,-766,-1229,-626,-90,1656,0,-707.782,-1258.428,-1983.0349999999999,-3105.5409999999997,-765.185,-625.3689999999999,-324.5529999999999,1417.8960000000002,1,4,-39335710,-46.55800000000001,4.993000000000002,24.91,-257,-433,-355,,63.1,-586.501,-1663.475,-3965.308,47.46,19.24,31.37,-5.04,false,false,-0.94,-0.94,ETF短中期同步減碼；20日累積後5日轉為調節；ETF 1/3日已轉為減碼；投信5/10日持續且具金額意義的賣超；外資持股5/10日下降，且外資5日賣超；當下除權息調整價未守20日EMA
298,2388,威盛,TWSE,半導體業,暫不承接,降低部位,trim,停止加碼；反彈未站回恢復區時分批減碼,每個交易日收盤後，確認是否站回恢復區,已有部位先停止加碼。反彈若仍未站回 72.99，分批降低部位；只有站回且ETF／外資賣壓收斂後才重新評估。,價格跌破60日EMA且20日趨勢向下；外資持股5/10日下降且外資5日賣超,49.8,53.1,46.5,85,100,完整,71.5,71.5,77.39,39.64,-15.21,38.79,190.19,0.34,44.69,1.79,0.07,2,0,0,0,90,90,0,151.84,-148.02000000000004,-14.154999999999973,-9830.23,0,0,50,50,0,0,0,-36.873,36.833999999999996,15.13,-527,-1159,-50,,141.174,-111.14700000000005,-100.98900000000015,-9120.358,46.93,35.47,38.21,29.99,false,true,-1.07,-2.05,中期趨勢仍向下；外資持股5/10日下降，且外資5日賣超；20日趨勢尚未上彎；當下除權息調整價未守20日EMA；單季稅前獲利對營業外貢獻依賴偏高
299,2645,長榮航太,TWSE,航運業,暫不承接,降低部位,trim,停止加碼；反彈未站回恢復區時分批減碼,每個交易日收盤後，確認是否站回恢復區,已有部位先停止加碼。反彈若仍未站回 178.18，分批降低部位；只有站回且ETF／外資賣壓收斂後才重新評估。,價格跌破60日EMA且20日趨勢向下；外資持股5/10日下降且外資5日賣超,49.6,53,53.6,85,100,可用,173.5,173.5,25.97,14.87,20.27,49.28,239.87,4.59,22.13,4.85,2.88,5,19,79,120,174,-179,0,148.678,-85.00199999999998,-244.18100000000004,-935.3610000000001,-6,-18,-19,-408,0,4,-3123000,88.368,163.538,5.99,63,-292,-715,,150.83,-155.37,-388.719,-929.936,47.39,40.86,33.6,55.38,true,true,-0.06,0.29,中期趨勢仍向下；外資持股5/10日下降，且外資5日賣超；20日趨勢尚未上彎；當下除權息調整價未守20日EMA
300,3037,欣興,TWSE,電子零組件業,暫不承接,正常持有,strong,強勢續抱；不追高,今日收盤確認是否守住20日EMA,"價格仍在20／60日EMA之上且短線強勢；ETF／投信偏弱先觀察，不因分歧減碼。若收盤跌破20日EMA約 1,150.30 且法人續弱，再轉為保護持有。",價格強勢站上20／60日EMA；ETF／投信偏弱，先觀察,55.3,53,42.9,85,100,可用,1305,1280,56.26,34.16,11.71,59.23,176.35,11.7,86.88,16.75,0.15,49,122,-1526,-693,-54,1468,-1052,1352.511,11678.207,25734.120000000003,36132.52900000001,-449.709,-2341.19,-792.4490000000001,685.1659999999997,2,3,-3055252950,-13.032999999999987,148.3169999999999,42.79,1870,14063,28590,,1811.033,14032.43,26378.252000000004,35793.982,72.48,74.21,81.17,60.3,false,true,13.45,11.06,ETF短中期同步減碼；20日累積後5日轉為調節；主動ETF 5日轉為減碼；投信5/10日持續且具金額意義的賣超；外資持股尚未完成5／10日可比核對或期間有非市場異動；此項不給分，不解讀為轉弱；KD高檔死亡交叉，等待動能確認；單季稅前獲利對營業外貢獻依賴偏高
301,3711,日月光投控,TWSE,半導體業,暫不承接,保護持有,protect,今天不新增部位；未完成確認前不機械式賣出,今天收盤後；若跌破，再看下一交易日是否收復,已有部位暫停加碼；若收盤跌破60日EMA約 635.07，且下一交易日仍未收復，先減碼三分之一；若ETF或外資繼續轉弱，再分批降低部位。,ETF 5/10日同步減碼；投信5/10日持續且具金額意義地賣超；KD高檔死亡交叉（僅屬時機警示）,56.9,53,34.9,85,100,可用,732,736,45.66,27.98,10.59,60.87,107.01,8.04,52.97,8.27,0.9,54,167,-481,-1987,-6613,-9520,-3319,-1351.733,2819.0549999999994,23154.876,54857.17599999999,31.797,-4651.6140000000005,-6551.174,-8860.429,2,3,-3404981448,513.832,2897.3109999999997,78.15,-1526,6890,27997,,-1409.998,6956.8369999999995,26808.739,60013.488999999994,68.03,78.74,81.67,72.88,false,true,7.65,4.13,ETF短中期同步減碼；主動ETF 5日轉為減碼；投信5/10日持續且具金額意義的賣超；外資持股尚未完成5／10日可比核對或期間有非市場異動；此項不給分，不解讀為轉弱；KD高檔死亡交叉，等待動能確認
302,2845,遠東銀,TWSE,金融保險業,暫不承接,降低部位,trim,停止加碼；反彈未站回恢復區時分批減碼,每個交易日收盤後，確認是否站回恢復區,已有部位先停止加碼。反彈若仍未站回 13.22，分批降低部位；只有站回且ETF／外資賣壓收斂後才重新評估。,價格跌破60日EMA且20日趨勢向下；ETF 5/10日同步減碼；投信5/10日持續且具金額意義地賣超,39,52.9,66.2,85,100,可用,13,12.95,5.07,13.97,,92.03,,0.54,12.87,0.88,4.85,5,0,-57,-7115,-6387,-7199,-10211,798.102,-17950.809,-23760.918,-8063.1650000000045,0,-7114.284,-7114.284,-7937.284,0,4,-92485692,-462.462,-1140.549,10.61,923,-10484,-15801,,798.102,-10374.063,-15506.085000000001,540.8589999999986,40.93,12.8,11.38,15.65,true,false,-1.69,-0.76,中期趨勢仍向下；ETF短中期同步減碼；主動ETF 5日轉為減碼；投信5/10日持續且具金額意義的賣超；外資持股尚未完成5／10日可比核對或期間有非市場異動；此項不給分，不解讀為轉弱；20日趨勢尚未上彎；當下除權息調整價未守20日EMA
303,6282,康舒,TWSE,電子零組件業,暫不承接,降低部位,trim,停止加碼；反彈未站回恢復區時分批減碼,每個交易日收盤後，確認是否站回恢復區,已有部位先停止加碼。反彈若仍未站回 45.99，分批降低部位；只有站回且ETF／外資賣壓收斂後才重新評估。,價格跌破60日EMA且20日趨勢向下；ETF 5/10日同步減碼,49.6,52.8,47.2,85,100,完整,44.05,43.65,38.47,28.85,2.16,57.03,160.52,0.37,36.11,1.66,1.82,3,-41,-67,-73,-115,52,0,758.445,275.73800000000006,-3501.649,-6207.7210000000005,-41,-73,-115,64,0,4,-3215650,4.6910000000000025,-55.34099999999995,11.3,926,-2789,-3820,,882.379,344.047,-3331.3079999999995,-6012.438999999999,50.57,59.22,57.5,62.64,false,false,0.83,0.8,中期趨勢仍向下；ETF短中期同步減碼；20日累積後5日轉為調節；ETF 1/3日已轉為減碼；20日趨勢尚未上彎；當下除權息調整價未守20日EMA
304,1718,中纖,TWSE,化學工業,暫不承接,保護持有,protect,今天不新增部位；未完成確認前不機械式賣出,今天收盤後；若跌破，再看下一交易日是否收復,已有部位暫停加碼；若收盤跌破60日EMA約 10.65，且下一交易日仍未收復，先減碼三分之一；若ETF或外資繼續轉弱，再分批降低部位。,ETF 5/10日同步減碼,62.2,52.7,27.8,85,100,可用,11.3,11.3,4.43,3.25,,90.72,88.16,0.46,19.15,0.64,,1,0,0,-22,-39,-82,0,2302.292,13779.084000000003,32100.198000000004,44616.399000000005,0,-22,-39,-82,0,1,-248600,1564.415,2838.4219999999996,7.52,2377,9044,21623,,2934.417,12236.669,29300.775999999998,41588.123999999996,60.23,64.53,57.52,78.53,false,false,4.47,4.15,ETF短中期同步減碼
305,1210,大成,TWSE,食品工業,暫不承接,降低部位,trim,停止加碼；反彈未站回恢復區時分批減碼,每個交易日收盤後，確認是否站回恢復區,已有部位先停止加碼。反彈若仍未站回 52.99，分批降低部位；只有站回且ETF／外資賣壓收斂後才重新評估。,價格跌破60日EMA且20日趨勢向下；外資持股5/10日下降且外資5日賣超,48.3,52.6,45.6,85,100,完整,51.3,51.3,13.42,9.05,3.89,55.78,84.62,1.48,12.6,1.68,5.85,5,0,0,200,199,56,0,81.069,-1421.463,-2805.029,-1766.7169999999999,0,200,204,55,1,0,10260000,-18.39,43.718999999999994,7.5,186,-1213,-1390,,81.329,-1603.0729999999999,-3052.748,-1839.6350000000002,39.09,22.97,27.18,14.57,false,false,-1.17,-1.35,中期趨勢仍向下；外資持股5/10日下降，且外資5日賣超；20日趨勢尚未上彎；當下除權息調整價未守20日EMA
306,8114,振樺電,TWSE,電腦及週邊設備業,暫不承接,降低部位,trim,停止加碼；反彈未站回恢復區時分批減碼,每個交易日收盤後，確認是否站回恢復區,已有部位先停止加碼。反彈若仍未站回 191.02，分批降低部位；只有站回且ETF／外資賣壓收斂後才重新評估。,價格跌破60日EMA且20日趨勢向下；ETF 5/10日同步減碼；外資持股5/10日下降且外資5日賣超,41,52.6,68.4,85,100,完整,177.5,177.5,38.75,-14.2,18.27,38.04,165.47,7.09,12.65,1.93,6.46,3,0,-3,-5,-8,-8,0,-86.915,-79.73300000000002,-259.606,-1305.906,0,-5,-7,-526,0,3,-887500,-6.6209999999999996,-2.2399999999999998,13.66,-81,-406,-193,,-86.814,-68.112,-250.36599999999999,-780.2750000000001,39.31,57.3,55.43,61.04,false,false,-1.85,-0.84,中期趨勢仍向下；ETF短中期同步減碼；外資持股5/10日下降，且外資5日賣超；20日趨勢尚未上彎；當下除權息調整價未守20日EMA
307,3481,群創,TWSE,光電業,暫不承接,保護持有,protect,今天不新增部位；未完成確認前不機械式賣出,今天收盤後；若跌破，再看下一交易日是否收復,已有部位暫停加碼；若收盤跌破60日EMA約 49.79，且下一交易日仍未收復，先減碼三分之一；若ETF或外資繼續轉弱，再分批降低部位。,ETF 5/10日同步減碼,60.4,52.5,43.2,85,100,可用,52.5,51.75,0.02,11.86,2.4,43.52,150.57,0.77,67.31,1.86,1.9,14,-26,-40,-3,-61,-2125,0,8624.203,-98342.493,19156.02399999999,43656.562,-24.027,598.961,-8066.343000000001,-11467.79,2,2,31445453,-5705.906,5332.025000000001,20.65,-1116,-91591,10445,,9504.83,-93235.548,21890.34200000001,44848.920000000006,56.98,51.04,55.55,42.03,false,true,3.75,-4.02,ETF短中期同步減碼；ETF 1/3日已轉為減碼
308,1503,士電,TWSE,電機機械,暫不承接,保護持有,protect,今天不新增部位；未完成確認前不機械式賣出,今天收盤後；若跌破，再看下一交易日是否收復,已有部位暫停加碼；若收盤跌破60日EMA約 202.11，且下一交易日仍未收復，先減碼三分之一；若ETF或外資繼續轉弱，再分批降低部位。,價格跌破60日EMA且20日趨勢向下,58.9,52.3,47.3,85,100,完整,199.5,198.5,-0.38,9.54,14.79,38.12,135.8,5.04,27.48,2.69,2.51,8,4,15,30,36,138,0,332.807,351.675,142.34800000000007,-42.34099999999984,3.82,29.618000000000002,34.618,160.618,4,1,5908791,68.826,42.33799999999999,30.73,283,-232,872,,324.044,253.231,65.39199999999995,-133.72800000000012,50.68,53.24,40.6,78.51,false,false,0.54,1.01,中期趨勢仍向下；20日趨勢尚未上彎
309,5871,中租-KY,TWSE,其他,暫不承接,降低部位,trim,停止加碼；反彈未站回恢復區時分批減碼,每個交易日收盤後，確認是否站回恢復區,已有部位先停止加碼。反彈若仍未站回 111.12，分批降低部位；只有站回且ETF／外資賣壓收斂後才重新評估。,價格跌破60日EMA且20日趨勢向下；外資持股5/10日下降且外資5日賣超；投信5/10日持續且具金額意義地賣超,44.9,52.2,57.1,85,100,可用,106,106,-0.68,-0.77,31.24,79.97,110.35,5.84,9.8,1.06,5.66,30,-128,-419,-1191,758,2656,-1615,32.669,-8772.769,-31511.002,-30528.592999999997,-136.491,-1827.5900000000001,-139.84000000000015,1917.3739999999998,1,4,-193724540,135.005,270.263,43.38,732,-6294,-25725,,156.717,-7080.184,-31641.425000000003,-32944.307,37.7,12.27,9.32,18.15,true,false,-2.47,-0.93,累計營收負成長且當月改善不足；中期趨勢仍向下；20日累積後5日轉為調節；ETF 1/3日已轉為減碼；主動ETF 5日轉為減碼；投信5/10日持續且具金額意義的賣超；外資持股5/10日下降，且外資5日賣超；20日趨勢尚未上彎；當下除權息調整價未守20日EMA
310,6640,均華,TPEX,半導體業,暫不承接,保護持有,protect,今天不新增部位；未完成確認前不機械式賣出,今天收盤後；若跌破，再看下一交易日是否收復,"已有部位暫停加碼；若收盤跌破60日EMA約 1,093.00，且下一交易日仍未收復，先減碼三分之一；若ETF或外資繼續轉弱，再分批降低部位。",價格跌破60日EMA且20日趨勢向下,45.8,52.2,45.5,85,100,可用,1080,1075,18.69,60.51,19.3,43.77,100.76,9.52,64.48,6.03,1.39,2,0,0,0,-105,26,0,-214.953,-214.953,-214.953,-214.953,-132,-132,-132,-132,0,1,-142560000,-7.958,-7.958,4.28,,,,,-74.995,-74.995,-74.995,-74.995,48.2,54.36,48.08,66.92,false,false,-2.1,3.85,中期趨勢仍向下；外資持股尚未完成5／10日可比核對或期間有非市場異動；此項不給分，不解讀為轉弱；20日趨勢尚未上彎；當下除權息調整價未守20日EMA
311,8069,元太,TPEX,光電業,暫不承接,保護持有,protect,今天不新增部位；未完成確認前不機械式賣出,今天收盤後；若跌破，再看下一交易日是否收復,已有部位暫停加碼；若收盤跌破60日EMA約 160.68，且下一交易日仍未收復，先減碼三分之一；若ETF或外資繼續轉弱，再分批降低部位。,價格跌破60日EMA且20日趨勢向下,44.5,51.9,68,85,100,可用,145,144.75,3.29,-2.88,33.72,36.32,154.89,5.65,14.11,2.21,4.06,10,-11,0,-14,282,-940,0,-2103.315,-2103.315,-2103.315,-2103.315,-11.523,-11.523,-11.523,-11.523,0,1,-1670835,-183.796,-183.796,40.03,,,,,-1907.996,-1907.996,-1907.996,-1907.996,41.71,59.65,52.93,73.08,false,false,-1.74,0.69,累計營收負成長且當月改善不足；中期趨勢仍向下；外資持股尚未完成5／10日可比核對或期間有非市場異動；此項不給分，不解讀為轉弱；20日趨勢尚未上彎；當下除權息調整價未守20日EMA
312,3035,智原,TWSE,半導體業,暫不承接,保護持有,protect,今天不新增部位；未完成確認前不機械式賣出,今天收盤後；若跌破，再看下一交易日是否收復,已有部位暫停加碼；若收盤跌破60日EMA約 189.61，且下一交易日仍未收復，先減碼三分之一；若ETF或外資繼續轉弱，再分批降低部位。,未觸發明確減碼訊號,62,51.5,45.1,85,100,可用,209,209.5,29.88,-41.07,6.21,28.62,211.45,1.16,82.28,3.18,0.86,4,0,0,0,-8,32,0,715.593,5862.566,10830.122000000001,14773.563000000004,0,0,-28,12,0,0,0,260.947,896.362,18.78,399,4243,10492,,664.518,5601.619,9961.759999999998,13290.431999999999,64.65,63.16,75.39,38.7,false,true,5.11,-0.71,
313,2439,美律,TWSE,通信網路業,暫不承接,保護持有,protect,今天不新增部位；未完成確認前不機械式賣出,今天收盤後；若跌破，再看下一交易日是否收復,已有部位暫停加碼；若收盤跌破60日EMA約 80.14，且下一交易日仍未收復，先減碼三分之一；若ETF或外資繼續轉弱，再分批降低部位。,價格跌破60日EMA且20日趨勢向下,58.9,51.3,48.7,85,100,完整,78.7,79,-6.7,7.23,0.98,54.44,163.73,1.54,14.36,1.17,5.18,5,10,11,29,26,-352,0,835.07,602.9280000000001,1280.181,2889.8869999999997,10,28.984,26.984,-336.228,3,1,2281041,89.17999999999999,90.40599999999999,10.66,821,1129,1675,,725.82,484.76399999999995,1162.791,3139.8849999999998,53.55,38.94,34.04,48.72,true,false,1.59,1.81,中期趨勢仍向下；20日趨勢尚未上彎；單季稅前獲利對營業外貢獻依賴偏高
314,3583,辛耘,TWSE,半導體業,暫不承接,保護持有,protect,今天不新增部位；未完成確認前不機械式賣出,今天收盤後；若跌破，再看下一交易日是否收復,已有部位暫停加碼；若收盤跌破60日EMA約 728.53，且下一交易日仍未收復，先減碼三分之一；若ETF或外資繼續轉弱，再分批降低部位。,ETF 5/10日同步減碼；外資持股5/10日下降且外資5日賣超,55,51.2,34.9,85,100,完整,743,737.5,18.06,8.12,14.84,64.8,115.15,9.16,45.58,6.12,0.77,2,-78,-78,-78,-78,-398,-78,-403.342,-183.30399999999992,-466.25899999999996,-836.925,-78,-78,-78,-541,0,1,-57954000,6.586000000000005,16.281000000000002,21,-301,-134,-549,,-286.445,-111.88999999999993,-404.53999999999996,-295.00199999999995,56.43,67.72,62.4,78.37,false,false,3.41,5.09,ETF短中期同步減碼；ETF 1/3日已轉為減碼；主動ETF 5日轉為減碼；外資持股5/10日下降，且外資5日賣超；20日趨勢尚未上彎
315,2542,興富發,TWSE,建材營造,暫不承接,降低部位,trim,停止加碼；反彈未站回恢復區時分批減碼,每個交易日收盤後，確認是否站回恢復區,已有部位先停止加碼。反彈若仍未站回 43.81，分批降低部位；只有站回且ETF／外資賣壓收斂後才重新評估。,價格跌破60日EMA且20日趨勢向下；ETF 5/10日同步減碼；投信5/10日持續且具金額意義地賣超,43.8,50.9,50.4,85,100,可用,38.8,38.8,-20.88,261.31,24.76,77.72,140.2,2.45,8.98,1.66,10.31,12,-1523,-3097,-6368,-1040,15818,-5243,2871.772,-2347.333,-12969.644,-15909.905999999999,-1518.7,-6363.4,-2255.901,16733.289,1,4,-246899920,-17.994000000000003,-2579.301,7.56,4473,7688,9128,,4305.121,4034.0609999999992,-8134.442000000001,-30041.438,29.88,14.15,10.09,22.26,true,false,-7.45,0.39,中期趨勢仍向下；ETF短中期同步減碼；20日累積後5日轉為調節；ETF 1/3日已轉為減碼；主動ETF 5日轉為減碼；投信5/10日持續且具金額意義的賣超；20日趨勢尚未上彎；當下除權息調整價未守20日EMA
316,6515,穎崴,TWSE,半導體業,暫不承接,降低部位,trim,停止加碼；反彈未站回恢復區時分批減碼,每個交易日收盤後，確認是否站回恢復區,"已有部位先停止加碼。反彈若仍未站回 6,674.67，分批降低部位；只有站回且ETF／外資賣壓收斂後才重新評估。",價格跌破60日EMA且20日趨勢向下；ETF 5/10日同步減碼；外資持股5/10日下降且外資5日賣超,39.4,50.8,51.6,85,100,可用,5520,5465,233.37,97.88,24.63,44.89,225.07,38.24,90.37,23.34,0.9,22,0,-3,-3,-88,-96,-5,-1247.233,-1333.693,-2567.723,-2866.591,-537.034,-642.877,-1519.677,-1454.763,0,5,-3548681040,4.220000000000001,31.141,18.83,-603,-588,-1143,,-717.729,-695.0360000000001,-1079.187,-1464.11,38.54,37.01,38.41,34.22,false,true,-10.11,-6.91,中期趨勢仍向下；ETF短中期同步減碼；主動ETF 5日轉為減碼；投信5/10日持續且具金額意義的賣超；外資持股5/10日下降，且外資5日賣超；20日趨勢尚未上彎；當下除權息調整價未守20日EMA
317,9938,百和,TWSE,其他,暫不承接,保護持有,protect,今天不新增部位；未完成確認前不機械式賣出,今天收盤後；若跌破，再看下一交易日是否收復,已有部位暫停加碼；若收盤跌破60日EMA約 41.05，且下一交易日仍未收復，先減碼三分之一；若ETF或外資繼續轉弱，再分批降低部位。,價格跌破60日EMA且20日趨勢向下,50.3,50.8,52.2,85,100,完整,39.15,39.2,-3.18,1.5,11.5,53.33,110.43,1.36,12.05,0.89,7.66,2,-10,-26,-26,94,295,0,119.845,356.317,874.2110000000001,-1505.8109999999997,-9.827,-26.062,169.929,334.98900000000003,1,4,-1020327,6.371,4.162999999999999,7.66,282,366,806,,127,376.00800000000004,700.119,-1359.44,47.42,55.73,46.33,74.54,true,true,0.5,2.35,中期趨勢仍向下；20日累積後5日轉為調節；ETF 1/3日已轉為減碼；20日趨勢尚未上彎
318,6121,新普,TPEX,電腦及週邊設備業,暫不承接,保護持有,protect,今天不新增部位；未完成確認前不機械式賣出,今天收盤後；若跌破，再看下一交易日是否收復,已有部位暫停加碼；若收盤跌破60日EMA約 385.93，且下一交易日仍未收復，先減碼三分之一；若ETF或外資繼續轉弱，再分批降低部位。,價格跌破60日EMA且20日趨勢向下,42.1,50.4,66.1,85,100,可用,370,373,4.65,4.85,11.49,43.1,222.47,15.89,11.17,1.72,5.89,15,-12,-45,-49,164,760,0,-58.671,-58.671,-58.671,-58.671,-12.658,-12.658,-12.658,-12.658,0,1,-4683460,0.587,0.587,45.25,,,,,-46.6,-46.6,-46.6,-46.6,39.41,40.07,52.97,14.27,false,true,-2.52,-1.86,中期趨勢仍向下；20日累積後5日轉為調節；ETF 1/3日已轉為減碼；外資持股尚未完成5／10日可比核對或期間有非市場異動；此項不給分，不解讀為轉弱；20日趨勢尚未上彎；當下除權息調整價未守20日EMA
319,6138,茂達,TPEX,半導體業,暫不承接,保護持有,protect,今天不新增部位；未完成確認前不機械式賣出,今天收盤後；若跌破，再看下一交易日是否收復,已有部位暫停加碼；若收盤跌破60日EMA約 288.48，且下一交易日仍未收復，先減碼三分之一；若ETF或外資繼續轉弱，再分批降低部位。,價格跌破60日EMA且20日趨勢向下,45.5,49.8,58.1,85,100,可用,270.5,270.25,2.5,10.67,19.7,36.78,238.48,7.64,18.19,5.36,4.05,4,0,-2,-3,112,31,0,-338.041,-338.041,-338.041,-338.041,0,0,0,0,0,0,0,-15.639,-15.639,13.16,,,,,-322.402,-322.402,-322.402,-322.402,42.73,46.58,59.81,20.12,false,true,-3.04,-1.99,中期趨勢仍向下；20日累積後5日轉為調節；外資持股尚未完成5／10日可比核對或期間有非市場異動；此項不給分，不解讀為轉弱；20日趨勢尚未上彎；當下除權息調整價未守20日EMA
320,1514,亞力,TWSE,電機機械,暫不承接,保護持有,protect,今天不新增部位；未完成確認前不機械式賣出,今天收盤後；若跌破，再看下一交易日是否收復,已有部位暫停加碼；若收盤跌破60日EMA約 104.12，且下一交易日仍未收復，先減碼三分之一；若ETF或外資繼續轉弱，再分批降低部位。,未觸發明確減碼訊號,61.8,49.7,38.4,85,100,完整,103.5,104,-26.52,7.94,9.84,54.56,175.67,1.65,28.36,4.45,2.13,2,0,8,28,32,77,0,-26.037,914.7739999999999,2405.899,3298.256,0,28,32,188.321,2,0,2898000,-8.809,-1.3180000000000003,13.38,14,454,1721,,-12.937,895.583,2375.217,3160.3390000000004,54.13,57.44,53.03,66.26,true,false,1.15,0.98,
321,2324,仁寶,TWSE,電腦及週邊設備業,暫不承接,降低部位,trim,停止加碼；反彈未站回恢復區時分批減碼,每個交易日收盤後，確認是否站回恢復區,已有部位先停止加碼。反彈若仍未站回 37.30，分批降低部位；只有站回且ETF／外資賣壓收斂後才重新評估。,價格跌破60日EMA且20日趨勢向下；外資持股5/10日下降且外資5日賣超,47.9,49.7,42.7,85,100,可用,36.1,35.8,14.5,18.31,1.25,70.57,122.78,1.18,18.14,1.11,3.05,10,263,1184,1955,2709,2980,0,-4729.075,-70879.53,-121119.40299999999,-254751.97499999998,-12,12.339,-86.09200000000001,83.36700000000003,2,2,445438,1244.705,2161.9949999999994,33.49,-2508,-46006,-110228,,-4579.307,-72136.574,-123195.306,-250584.967,41.16,13.28,13.11,13.63,true,false,-2.71,-2.7,中期趨勢仍向下；外資持股5/10日下降，且外資5日賣超；20日趨勢尚未上彎；當下除權息調整價未守20日EMA；借券賣出與借券賣出餘額壓力升高
322,4966,譜瑞-KY,TPEX,半導體業,暫不承接,保護持有,protect,今天不新增部位；未完成確認前不機械式賣出,今天收盤後；若跌破，再看下一交易日是否收復,已有部位暫停加碼；若收盤跌破60日EMA約 580.99，且下一交易日仍未收復，先減碼三分之一；若ETF或外資繼續轉弱，再分批降低部位。,價格跌破60日EMA且20日趨勢向下,49.7,49.3,65.4,85,100,可用,568,563,0.23,-0.66,13.79,14.61,478.03,14.43,18.07,1.97,3.13,5,9,58,76,96,109,0,125.797,125.797,125.797,125.797,9,9,9,9,1,0,5112000,3.915,3.915,39.52,,,,,112.882,112.882,112.882,112.882,50.41,42.19,54.76,17.05,false,false,0.35,-0.53,累計營收負成長且當月改善不足；中期趨勢仍向下；外資持股尚未完成5／10日可比核對或期間有非市場異動；此項不給分，不解讀為轉弱；20日趨勢尚未上彎；當下除權息調整價未守20日EMA
323,6278,台表科,TWSE,光電業,暫不承接,正常持有,strong,強勢續抱；不追高,今日收盤確認是否守住20日EMA,價格仍在20／60日EMA之上且短線強勢；ETF／投信偏弱先觀察，不因分歧減碼。若收盤跌破20日EMA約 210.60 且法人續弱，再轉為保護持有。,價格強勢站上20／60日EMA；ETF／投信偏弱，先觀察,53.3,49.3,41.2,85,100,可用,250.5,246.25,10.87,5.23,5.98,59.36,138.91,4.93,25.38,3.13,2.22,10,42,-2065,-3469,-4112,-3698,-3352,3896.519,7845.981999999999,10517.701999999997,11949.283,59,-2306,-2517,75,1,4,-577653000,931.5849999999999,1481.722,20.73,3256,8178,11069,,3474.693,9220.397,11552.980000000001,10365.388,78.6,91.46,85.97,102.43,false,false,18.94,14.91,ETF短中期同步減碼；主動ETF 5日轉為減碼；投信5/10日持續且具金額意義的賣超；短線過熱或乖離過大；融資增幅與短線漲幅同步偏高
324,8033,雷虎,TWSE,其他,暫不承接,降低部位,trim,停止加碼；反彈未站回恢復區時分批減碼,每個交易日收盤後，確認是否站回恢復區,已有部位先停止加碼。反彈若仍未站回 175.84，分批降低部位；只有站回且ETF／外資賣壓收斂後才重新評估。,價格跌破60日EMA且20日趨勢向下；ETF 5/10日同步減碼,50.2,49.3,51.1,85,100,完整,174,172,74.96,14.45,-0.26,23.39,337.66,0.62,362.5,8.8,,1,0,0,-3,-6,-12,0,-52.611,-155.89800000000002,67.35199999999992,-932.5900000000001,0,-3,-6,-12,0,1,-522000,-1.182,20.839,4.27,21,53,51,,-53.024,-151.71600000000007,52.51299999999995,-936.19,48.85,65.19,61.03,73.5,false,false,0.13,-0.29,中期趨勢仍向下；ETF短中期同步減碼；20日趨勢尚未上彎；當下除權息調整價未守20日EMA；單季稅前獲利對營業外貢獻依賴偏高
325,2504,國產,TWSE,建材營造,暫不承接,降低部位,trim,停止加碼；反彈未站回恢復區時分批減碼,每個交易日收盤後，確認是否站回恢復區,已有部位先停止加碼。反彈若仍未站回 31.55，分批降低部位；只有站回且ETF／外資賣壓收斂後才重新評估。,價格跌破60日EMA且20日趨勢向下；外資持股5/10日下降且外資5日賣超,52.2,49.1,49.6,85,100,完整,31.55,31.2,-8.07,-8.23,20.83,46.08,115.96,1.47,9.89,1.43,8.24,8,-18,-48,-39,234,732,0,800.342,260.796,-4554.9619999999995,-4738.368999999999,-18.234,-38.945,392.578,678.169,1,2,-1228715,739.026,791.2230000000001,5.76,571,-1233,-5069,,739.576,-439.2849999999999,-5738.763,-6484.546,56.78,57.06,40,91.19,true,false,1.74,2.94,累計營收負成長且當月改善不足；中期趨勢仍向下；20日累積後5日轉為調節；ETF 1/3日已轉為減碼；外資持股5/10日下降，且外資5日賣超；20日趨勢尚未上彎
326,2356,英業達,TWSE,電腦及週邊設備業,暫不承接,降低部位,trim,停止加碼；反彈未站回恢復區時分批減碼,每個交易日收盤後，確認是否站回恢復區,已有部位先停止加碼。反彈若仍未站回 62.33，分批降低部位；只有站回且ETF／外資賣壓收斂後才重新評估。,價格跌破60日EMA且20日趨勢向下；外資持股5/10日下降且外資5日賣超；投信5/10日持續且具金額意義地賣超,43.8,48.8,41.6,85,100,可用,58.1,57.85,35.83,40.12,1.78,83.6,108.21,1.76,18.74,2.68,3.44,22,201,818,1298,1545,319,0,-3930.992,-18360.472999999998,-31283.284,-65149.632,-18,-250.56099999999998,-1184.134,-1943.4309999999994,1,4,-14557594,1105.676,1630.049,17.71,-3538,-14237,-26003,,-3961.166,-19215.588,-31729.199000000004,-65141.680000000015,33.22,5.21,8.21,-0.78,false,false,-4.35,-2.35,中期趨勢仍向下；投信5/10日持續且具金額意義的賣超；外資持股5/10日下降，且外資5日賣超；20日趨勢尚未上彎；當下除權息調整價未守20日EMA
327,2486,一詮,TWSE,光電業,暫不承接,降低部位,trim,停止加碼；反彈未站回恢復區時分批減碼,每個交易日收盤後，確認是否站回恢復區,已有部位先停止加碼。反彈若仍未站回 241.12，分批降低部位；只有站回且ETF／外資賣壓收斂後才重新評估。,價格跌破60日EMA且20日趨勢向下；ETF 5/10日同步減碼；外資持股5/10日下降且外資5日賣超,48,48.8,40.7,85,100,完整,240,238,46.07,30,8.05,57.6,181.35,0.91,206.9,9.34,0.21,4,0,-140,-140,-140,-140,-140,-164.128,-1899.319,-3238.0009999999997,-7409.404,0,-297,-447,-900,0,3,-71280000,7.570999999999998,104.26400000000001,7.07,-350,-204,-1416,,-164.726,-1609.8899999999999,-2895.265,-6138.966999999999,48.99,46.86,50.17,40.26,false,true,-0.47,0,中期趨勢仍向下；ETF短中期同步減碼；主動ETF 5日轉為減碼；投信5/10日持續且具金額意義的賣超；外資持股5/10日下降，且外資5日賣超；20日趨勢尚未上彎；當下除權息調整價未守20日EMA
328,1907,永豐餘,TWSE,造紙工業,暫不承接,降低部位,trim,停止加碼；反彈未站回恢復區時分批減碼,每個交易日收盤後，確認是否站回恢復區,已有部位先停止加碼。反彈若仍未站回 28.66，分批降低部位；只有站回且ETF／外資賣壓收斂後才重新評估。,價格跌破60日EMA且20日趨勢向下；ETF 5/10日同步減碼；外資持股5/10日下降且外資5日賣超,44.9,48.6,45.5,85,100,完整,28.3,28.15,6.03,5,0.15,43.8,126.95,0.47,16.65,0.52,3.53,2,0,0,-1178,-1178,-1261,-1178,420.645,-1252.714,-1996.8390000000002,-2261.601,0,-1178,-1167,-1247.723,0,2,-33337400,8.530000000000001,-3.469999999999999,12.96,394,-28,-933,,414.645,-83.244,-826.3689999999999,-1029.4030000000002,44.62,23.37,17.49,35.14,true,false,-0.92,-0.35,中期趨勢仍向下；ETF短中期同步減碼；主動ETF 5日轉為減碼；外資持股5/10日下降，且外資5日賣超；20日趨勢尚未上彎；當下除權息調整價未守20日EMA；單季稅前獲利對營業外貢獻依賴偏高
329,2312,金寶,TWSE,其他電子業,暫不承接,降低部位,trim,停止加碼；反彈未站回恢復區時分批減碼,每個交易日收盤後，確認是否站回恢復區,已有部位先停止加碼。反彈若仍未站回 31.61，分批降低部位；只有站回且ETF／外資賣壓收斂後才重新評估。,價格跌破60日EMA且20日趨勢向下；外資持股5/10日下降且外資5日賣超,51.8,48.3,36.4,85,100,完整,31.05,31,22.38,3.52,2.82,73.25,123.94,0.7,26.09,1.93,1.93,2,45,175,175,185,225,0,2712.204,-1618.629,1772.9589999999998,-11202.263000000003,45,175,193,546,3,0,5433750,415.356,352.203,8.66,2332,-1551,-5047,,2376.254,-2208.985,1227.756,-10113.594000000001,47.99,44.05,41.88,48.39,true,true,-0.16,-0.64,中期趨勢仍向下；外資持股5/10日下降，且外資5日賣超；20日趨勢尚未上彎；當下除權息調整價未守20日EMA
330,9933,中鼎,TWSE,其他,暫不承接,保護持有,protect,今天不新增部位；未完成確認前不機械式賣出,今天收盤後；若跌破，再看下一交易日是否收復,已有部位暫停加碼；若收盤跌破60日EMA約 40.80，且下一交易日仍未收復，先減碼三分之一；若ETF或外資繼續轉弱，再分批降低部位。,ETF 5/10日同步減碼；投信5/10日持續且具金額意義地賣超,51.3,48.2,39.6,85,100,可用,43.55,43.25,5.25,-14.13,10.5,79.51,109.31,2.71,8.04,1.72,2.18,4,-58,-93,-937,-953,-862,-835,-845.616,8514.688,6570.93,9200.898,-57.4,-936.6,-949.4,-949.7999999999998,0,5,-40788930,-1072.225,-975.5009999999997,20.28,-929,14088,11847,,-934.648,10523.512999999999,8495.830999999998,11789.996999999998,57.24,52.3,52.15,52.6,false,false,2.85,7,累計營收負成長且當月改善不足；ETF短中期同步減碼；ETF 1/3日已轉為減碼；主動ETF 5日轉為減碼；投信5/10日持續且具金額意義的賣超；外資持股尚未完成5／10日可比核對或期間有非市場異動；此項不給分，不解讀為轉弱；借券賣出與借券賣出餘額壓力升高
331,2352,佳世達,TWSE,電腦及週邊設備業,暫不承接,保護持有,protect,今天不新增部位；未完成確認前不機械式賣出,今天收盤後；若跌破，再看下一交易日是否收復,已有部位暫停加碼；若收盤跌破60日EMA約 29.00，且下一交易日仍未收復，先減碼三分之一；若ETF或外資繼續轉弱，再分批降低部位。,ETF 5/10日同步減碼,48.3,48.1,37.5,85,100,完整,28.9,29,11.82,2.74,1.29,69.11,115.41,0.58,37.53,1.15,3.46,4,-37,-70,-83,-105,2328,0,372.004,-786.4629999999999,3715.583,4351.406000000001,-37,-83,-105,2371,1,3,-2398700,-76.83699999999999,-125.05999999999999,7.05,-1050,-2263,517,,407.279,-626.626,3945.643,1674.1710000000007,48.8,17.59,31.29,-9.82,false,false,-0.35,-2.53,ETF短中期同步減碼；20日累積後5日轉為調節；ETF 1/3日已轉為減碼；當下除權息調整價未守20日EMA
332,6890,來億-KY,TWSE,運動休閒,暫不承接,降低部位,trim,停止加碼；反彈未站回恢復區時分批減碼,每個交易日收盤後，確認是否站回恢復區,已有部位先停止加碼。反彈若仍未站回 163.48，分批降低部位；只有站回且ETF／外資賣壓收斂後才重新評估。,價格跌破60日EMA且20日趨勢向下；外資持股5/10日下降且外資5日賣超,52.2,47.4,52.1,85,100,完整,156,154.75,3.13,-10.53,7.73,31.24,364.73,4.53,15,1.67,5.75,2,0,0,40,40,40,0,-92.758,-123.74499999999998,-270.604,-1402.577,0,40,40,-4,1,0,6240000,13.229000000000001,14.437000000000001,85.81,-99,-146,-312,,-107.593,-176.974,-325.041,-1442.411,53.19,54.38,41.99,79.16,true,true,2.84,5.41,累計營收負成長且當月改善不足；中期趨勢仍向下；外資持股5/10日下降，且外資5日賣超；20日趨勢尚未上彎
333,1519,華城,TWSE,電機機械,暫不承接,降低部位,trim,停止加碼；反彈未站回恢復區時分批減碼,每個交易日收盤後，確認是否站回恢復區,已有部位先停止加碼。反彈若仍未站回 706.12，分批降低部位；只有站回且ETF／外資賣壓收斂後才重新評估。,價格跌破60日EMA且20日趨勢向下；ETF 5/10日同步減碼；外資持股5/10日下降且外資5日賣超,49.7,47.3,39.8,85,100,完整,702,696,12.5,-1.77,21.68,71.6,146.34,6.52,45.94,24.09,1.71,13,-2,-6,-6,-16,186,0,-152.99,-683.367,-1416.5339999999999,-556.8479999999998,-2.14,-6.297000000000001,18.703,211.003,0,4,-4420494,10.703000000000001,-11.115,17.9,-159,-619,-1303,,-194.557,-687.7729999999999,-1424.1219999999998,-647.6049999999997,48.88,33.49,24.5,51.46,true,false,-0.19,1.3,中期趨勢仍向下；ETF短中期同步減碼；20日累積後5日轉為調節；ETF 1/3日已轉為減碼；外資持股5/10日下降，且外資5日賣超；20日趨勢尚未上彎；當下除權息調整價未守20日EMA
334,2912,統一超,TWSE,貿易百貨,暫不承接,降低部位,trim,停止加碼；反彈未站回恢復區時分批減碼,每個交易日收盤後，確認是否站回恢復區,已有部位先停止加碼。反彈若仍未站回 219.37，分批降低部位；只有站回且ETF／外資賣壓收斂後才重新評估。,價格跌破60日EMA且20日趨勢向下；ETF 5/10日同步減碼,53.2,46.8,29.4,85,100,完整,213.5,212,4.82,5.46,4.22,83.11,76.89,6.03,19.23,5.42,4.22,20,113,128,-721,-652,4,0,1105.212,400.70899999999983,-1011.6550000000002,-341.6340000000002,113,-721,-665,180.53799999999998,3,2,-153933500,13.273,106.622,14.46,1005,1541,-977,,987.997,1108.436,-453.27700000000016,-703.4540000000003,44.74,34.54,21.56,60.49,true,false,-0.26,0.47,中期趨勢仍向下；ETF短中期同步減碼；20日累積後5日轉為調節；20日趨勢尚未上彎；當下除權息調整價未守20日EMA
335,2633,台灣高鐵,TWSE,航運業,暫不承接,降低部位,trim,停止加碼；反彈未站回恢復區時分批減碼,每個交易日收盤後，確認是否站回恢復區,已有部位先停止加碼。反彈若仍未站回 25.93，分批降低部位；只有站回且ETF／外資賣壓收斂後才重新評估。,價格跌破60日EMA且20日趨勢向下；ETF 5/10日同步減碼；外資持股5/10日下降且外資5日賣超,41,46.5,42.4,85,100,完整,25.75,25.67,-1.57,3.32,40.17,81.85,76.96,0.67,21.11,2.07,4.47,9,-490,-1863,-5028,-2872,4320,-3057,-93.007,-7286.6939999999995,-18435.484,-29769.484,-490,-5028,-3128.001,5468.603999999999,0,5,-129471000,-16,38.562,5.29,788,-1818,-17494,,398.993,-2242.694,-15346.045,-35512.461,47.06,49.97,39.57,70.78,false,false,-0.12,0.39,中期趨勢仍向下；ETF短中期同步減碼；20日累積後5日轉為調節；ETF 1/3日已轉為減碼；主動ETF 5日轉為減碼；投信5/10日持續且具金額意義的賣超；外資持股5/10日下降，且外資5日賣超；20日趨勢尚未上彎；當下除權息調整價未守20日EMA
336,8454,富邦媒,TWSE,數位雲端,暫不承接,降低部位,trim,停止加碼；反彈未站回恢復區時分批減碼,每個交易日收盤後，確認是否站回恢復區,已有部位先停止加碼。反彈若仍未站回 248.91，分批降低部位；只有站回且ETF／外資賣壓收斂後才重新評估。,價格跌破60日EMA且20日趨勢向下；ETF 5/10日同步減碼,49.2,46,32.2,85,100,完整,244.5,241.5,7.8,3.38,2.94,70.81,68.67,4.81,23.53,7.8,4.09,6,-1,-1,-1,-1,8,0,55.813,12.374000000000004,10.628000000000021,397.868,-1,-0.724,-1.711,-37.52200000000001,1,1,-177018,0.7490000000000001,2.094,12,39,-20,-14,,52.661,12.348999999999975,10.244999999999983,412.16499999999996,50.71,47.82,33.27,76.92,true,false,0.93,1.66,中期趨勢仍向下；ETF短中期同步減碼；20日累積後5日轉為調節；ETF 1/3日已轉為減碼；20日趨勢尚未上彎；當下除權息調整價未守20日EMA
337,9941,裕融,TWSE,其他,暫不承接,降低部位,trim,停止加碼；反彈未站回恢復區時分批減碼,每個交易日收盤後，確認是否站回恢復區,已有部位先停止加碼。反彈若仍未站回 80.02，分批降低部位；只有站回且ETF／外資賣壓收斂後才重新評估。,價格跌破60日EMA且20日趨勢向下；ETF 5/10日同步減碼；投信5/10日持續且具金額意義地賣超,37.3,45.9,46.8,85,100,完整,76.3,76.3,1.87,-1.3,14.77,85.93,98.25,3.86,10.88,1.27,6,6,-2,-689,-1959,-2830,-2158,-2253,422.988,-1843.4920000000002,-2852.5670000000005,-2125.4070000000006,-2.184,-1958.368,-2682.153,-2008.7029999999997,0,5,-149423478,-86.981,-108.815,4.21,372,-89,-2760,,424.717,201.857,-61.59900000000002,-5.133000000000152,32.9,13.84,11.13,19.26,true,false,-3.13,-2.05,累計營收負成長且當月改善不足；中期趨勢仍向下；ETF短中期同步減碼；ETF 1/3日已轉為減碼；主動ETF 5日轉為減碼；投信5/10日持續且具金額意義的賣超；20日趨勢尚未上彎；當下除權息調整價未守20日EMA
338,6226,光鼎,TWSE,光電業,暫不承接,保護持有,protect,今天不新增部位；未完成確認前不機械式賣出,今天收盤後；若跌破，再看下一交易日是否收復,已有部位暫停加碼；若收盤跌破60日EMA約 31.91，且下一交易日仍未收復，先減碼三分之一；若ETF或外資繼續轉弱，再分批降低部位。,ETF 5/10日同步減碼；外資持股5/10日下降且外資5日賣超,49.8,44.1,39.2,85,100,完整,43.45,42.5,13.06,7.14,-4.11,38.7,205,0.03,,4,,1,0,0,-2,-4,-9,0,-319,-14242.234,-14436.269999999999,-9615.662999999999,0,-2,-4,-9,0,1,-86900,-498.004,230.99599999999998,1.24,-319,-13446,-14823,,-324,-13742.23,-14663.265999999998,-9758.662999999997,60.12,32.03,48.73,-1.38,false,false,6.68,-3.66,ETF短中期同步減碼；外資持股5/10日下降，且外資5日賣超；單季稅前獲利對營業外貢獻依賴偏高
339,6831,邁科,TWSE,電腦及週邊設備業,暫不承接,降低部位,trim,停止加碼；反彈未站回恢復區時分批減碼,每個交易日收盤後，確認是否站回恢復區,已有部位先停止加碼。反彈若仍未站回 575.39，分批降低部位；只有站回且ETF／外資賣壓收斂後才重新評估。,價格跌破60日EMA且20日趨勢向下；ETF 5/10日同步減碼；外資持股5/10日下降且外資5日賣超,40.2,42.8,41.2,85,100,完整,488,485,29.1,22.27,8.86,49.58,153.31,1.66,88.09,12,0.61,2,0,0,-100,-250,-250,-100,-159.774,-708.635,-1115.451,-2125.547,0,-261.384,-642.384,-1223.384,0,2,-127555392,-8.599,42.33600000000001,13.35,-293,-557,-963,,-158.336,-438.652,-515.403,-920.553,38.13,29.69,20.96,47.15,false,false,-5.49,3.5,中期趨勢仍向下；ETF短中期同步減碼；主動ETF 5日轉為減碼；外資持股5/10日下降，且外資5日賣超；20日趨勢尚未上彎；當下除權息調整價未守20日EMA
340,5309,系統電,TPEX,電子零組件業,暫不承接,保護持有,protect,今天不新增部位；未完成確認前不機械式賣出,今天收盤後；若跌破，再看下一交易日是否收復,已有部位暫停加碼；若收盤跌破60日EMA約 56.54，且下一交易日仍未收復，先減碼三分之一；若ETF或外資繼續轉弱，再分批降低部位。,ETF 5/10日同步減碼,43.1,42.2,47.2,85,100,可用,67.2,68.1,27.55,9.37,-5.41,32.97,447.01,0.06,395.29,2.92,0.74,1,-20,-32,-35,-40,40,0,-725.472,-725.472,-725.472,-725.472,-20,-20,-20,-20,0,1,-1344000,26.162,26.162,15.36,,,,,-731.634,-731.634,-731.634,-731.634,82.43,88.07,85,94.2,false,false,14.98,7.18,ETF短中期同步減碼；20日累積後5日轉為調節；ETF 1/3日已轉為減碼；外資持股尚未完成5／10日可比核對或期間有非市場異動；此項不給分，不解讀為轉弱；短線過熱或乖離過大
341,2354,鴻準,TWSE,其他電子業,暫不承接,降低部位,trim,停止加碼；反彈未站回恢復區時分批減碼,每個交易日收盤後，確認是否站回恢復區,已有部位先停止加碼。反彈若仍未站回 64.50，分批降低部位；只有站回且ETF／外資賣壓收斂後才重新評估。,價格跌破60日EMA且20日趨勢向下；外資持股5/10日下降且外資5日賣超,39.7,42,52.9,85,100,完整,62.1,62.1,58.42,-1.69,1.29,36.29,219.89,1.1,26.31,0.77,2.42,4,0,0,0,-6,-126,0,-980.262,-13455.976,-7212.050000000001,1326.8559999999989,0,0,2,-51,0,0,0,-710.215,-678.6800000000001,13.65,-1066,-11845,-7497,,-903.165,-12745.760999999999,-6535.369999999999,2279.203000000001,39.82,9.37,19,-9.91,false,false,-3.72,-5.48,中期趨勢仍向下；外資持股5/10日下降，且外資5日賣超；20日趨勢尚未上彎；當下除權息調整價未守20日EMA；借券賣出與借券賣出餘額壓力升高；單季稅前獲利對營業外貢獻依賴偏高
342,1722,台肥,TWSE,化學工業,暫不承接,降低部位,trim,停止加碼；反彈未站回恢復區時分批減碼,每個交易日收盤後，確認是否站回恢復區,已有部位先停止加碼。反彈若仍未站回 44.00，分批降低部位；只有站回且ETF／外資賣壓收斂後才重新評估。,價格跌破60日EMA且20日趨勢向下；ETF 5/10日同步減碼；外資持股5/10日下降且外資5日賣超,43.3,41.3,46.7,85,100,完整,41.3,41.53,-11.28,4.58,4.8,36.33,228.72,0.43,49.17,0.76,4.84,4,-3,-3,-3,-4,266,0,536.935,-1126.829,-3542.138,-11693.419999999998,-3,-3,-1,123,0,1,-123900,5.661999999999999,-14.034,7.77,586,-199,-2284,,531.794,-1129.491,-3527.104,-11331.784,32.51,19.29,13.67,30.52,true,true,-1.92,-0.6,中期趨勢仍向下；ETF短中期同步減碼；20日累積後5日轉為調節；ETF 1/3日已轉為減碼；外資持股5/10日下降，且外資5日賣超；20日趨勢尚未上彎；當下除權息調整價未守20日EMA
343,2646,星宇航空,TWSE,航運業,暫不承接,降低部位,trim,停止加碼；反彈未站回恢復區時分批減碼,每個交易日收盤後，確認是否站回恢復區,已有部位先停止加碼。反彈若仍未站回 20.61，分批降低部位；只有站回且ETF／外資賣壓收斂後才重新評估。,價格跌破60日EMA且20日趨勢向下；外資持股5/10日下降且外資5日賣超,44.3,41.2,21.6,85,100,完整,20.1,20.1,47.79,33.98,1.81,80.06,79.55,-0.11,,1.97,,2,0,0,0,0,11,0,-688,-3455.2259999999997,-4220.936999999999,-15581.826999999997,0,0,8,7,0,0,0,-216,-519.187,2.96,-919,-3189,-3506,,-608,-3239.2259999999997,-3709.749999999999,-15190.745999999997,41.25,14.14,17.63,7.16,false,false,-0.81,-0.25,中期趨勢仍向下；外資持股5/10日下降，且外資5日賣超；20日趨勢尚未上彎；當下除權息調整價未守20日EMA
344,6409,旭隼,TWSE,其他電子業,暫不承接,降低部位,trim,停止加碼；反彈未站回恢復區時分批減碼,每個交易日收盤後，確認是否站回恢復區,已有部位先停止加碼。反彈若仍未站回 935.08，分批降低部位；只有站回且ETF／外資賣壓收斂後才重新評估。,價格跌破60日EMA且20日趨勢向下；ETF 5/10日同步減碼；外資持股5/10日下降且外資5日賣超,42.3,40.8,40.9,85,100,完整,888,888,-3.16,-4.14,18.11,58.77,134.82,12.58,34.41,9.85,4.14,10,0,-6,-14,-24,39,0,-29.058,-162.678,-223.88,-187.20799999999997,0,-5.507,-15.527,30.093999999999983,1,3,-4890216,-13.139999999999999,-22.796999999999997,51.8,-51,-192,-398,,-26.627,-144.031,-185.55599999999998,-193.13499999999996,42.16,46.87,45.14,50.33,false,false,-1.83,-2.09,累計營收負成長且當月改善不足；中期趨勢仍向下；ETF短中期同步減碼；20日累積後5日轉為調節；外資持股5/10日下降，且外資5日賣超；20日趨勢尚未上彎；當下除權息調整價未守20日EMA
345,6488,環球晶,TPEX,半導體業,暫不承接,正常持有,strong,強勢續抱；不追高,今日收盤確認是否守住20日EMA,"價格仍在20／60日EMA之上且短線強勢；ETF偏弱先觀察，不因分歧減碼。若收盤跌破20日EMA約 1,043.42 且法人續弱，再轉為保護持有。",價格強勢站上20／60日EMA；ETF偏弱，先觀察,50.1,40.8,27.8,85,100,可用,1215,1180,7.61,-3.11,9.93,55.88,128.14,11.87,58.98,6.01,0.63,20,-1207,-1033,-628,-777,-1172,-842,-1013.071,-1013.071,-1013.071,-1013.071,-1337.644,-1337.644,-1337.644,-1337.644,0,1,-1625237460,680.361,680.361,36.22,,,,,-355.788,-355.788,-355.788,-355.788,71.93,83.64,78.23,94.47,false,false,16.44,17.39,累計營收負成長且當月改善不足；ETF短中期同步減碼；ETF 1/3日已轉為減碼；外資持股尚未完成5／10日可比核對或期間有非市場異動；此項不給分，不解讀為轉弱；短線過熱或乖離過大；單季稅前獲利對營業外貢獻依賴偏高
346,2002,中鋼,TWSE,鋼鐵工業,暫不承接,降低部位,trim,停止加碼；反彈未站回恢復區時分批減碼,每個交易日收盤後，確認是否站回恢復區,已有部位先停止加碼。反彈若仍未站回 18.96，分批降低部位；只有站回且ETF／外資賣壓收斂後才重新評估。,價格跌破60日EMA且20日趨勢向下；ETF 5/10日同步減碼,48.2,40.3,23.4,85,100,可用,18.95,18.92,12.97,3.81,1.81,51.15,126.1,-0.03,,0.96,0.79,8,-283,-477,-525,-650,-3162,0,-4490.376,-31009.725,-4835.129999999997,-59613.48600000001,-283,-525,-594,-3912.2990000000004,0,4,-9948750,242.99399999999997,687.7060000000001,14.94,1440,-20619,28720,,-4203.392,-30727.719,-4928.836000000001,-55933.405000000006,51.21,52.22,47.74,61.19,false,false,0.25,-1.3,中期趨勢仍向下；ETF短中期同步減碼；ETF 1/3日已轉為減碼；20日趨勢尚未上彎
347,2201,裕隆,TWSE,汽車工業,暫不承接,降低部位,trim,停止加碼；反彈未站回恢復區時分批減碼,每個交易日收盤後，確認是否站回恢復區,已有部位先停止加碼。反彈若仍未站回 29.23，分批降低部位；只有站回且ETF／外資賣壓收斂後才重新評估。,價格跌破60日EMA且20日趨勢向下；外資持股5/10日下降且外資5日賣超,44.5,39.5,32.6,85,100,完整,28.9,28.6,-2.02,-3.46,9.68,74.19,99.35,0.5,32.47,0.48,1.94,2,0,0,0,10,-13,0,872.525,-3750.406000000001,-7632.166000000001,-14304.412000000004,0,0,12,-82,0,0,0,-51.502,54.938,4.14,431,-3653,-8742,,844,-3698.904,-7699.104,-15032.840999999999,45.8,19.07,9.27,38.66,true,false,-1.13,-1.2,累計營收負成長且當月改善不足；中期趨勢仍向下；外資持股5/10日下降，且外資5日賣超；20日趨勢尚未上彎；當下除權息調整價未守20日EMA
348,3532,台勝科,TWSE,半導體業,暫不承接,保護持有,protect,今天不新增部位；未完成確認前不機械式賣出,今天收盤後；若跌破，再看下一交易日是否收復,已有部位暫停加碼；若收盤跌破60日EMA約 400.12，且下一交易日仍未收復，先減碼三分之一；若ETF或外資繼續轉弱，再分批降低部位。,ETF 5/10日同步減碼；投信5/10日持續且具金額意義地賣超,53,39.2,22.2,85,100,完整,513,521,29.28,19.14,-0.14,52.63,270.98,-0.05,394.62,8.19,0.19,6,-77,-75,-229,-151,-88,-235,3457.108,2516.694,2383.709,4248.379000000001,-77,-315,-247,3132,1,4,-161595000,-68.46200000000002,-653.4060000000001,44.68,3396,2718,2861,,3379.441,2900.156,3284.115,1208.9139999999995,74,74.15,67.63,87.18,true,true,14.53,8.92,ETF短中期同步減碼；ETF 1/3日已轉為減碼；主動ETF 5日轉為減碼；投信5/10日持續且具金額意義的賣超；短線過熱或乖離過大
349,9910,豐泰,TWSE,運動休閒,暫不承接,降低部位,trim,停止加碼；反彈未站回恢復區時分批減碼,每個交易日收盤後，確認是否站回恢復區,已有部位先停止加碼。反彈若仍未站回 69.27，分批降低部位；只有站回且ETF／外資賣壓收斂後才重新評估。,價格跌破60日EMA且20日趨勢向下；外資持股5/10日下降且外資5日賣超,40.3,37.2,38.4,85,100,完整,66.3,66.1,-2.79,-2.94,4.99,51.08,137.19,1.71,13.48,2.77,6.18,8,-8,34,226,486,2518,0,-277.078,-2258.3379999999997,-960.4179999999993,1480.2830000000008,-8,226,463,2650.254,2,3,14983800,-6.343,7.359999999999999,5.64,50,-2014,-1027,,-268.718,-2477.995,-1430.7780000000002,-1280.2460000000005,38.06,12.15,23.55,-10.64,false,false,-2.72,-3.63,累計營收負成長且當月改善不足；中期趨勢仍向下；外資持股5/10日下降，且外資5日賣超；20日趨勢尚未上彎；當下除權息調整價未守20日EMA
350,3228,金麗科,TPEX,半導體業,暫不承接,保護持有,protect,今天不新增部位；未完成確認前不機械式賣出,今天收盤後；若跌破，再看下一交易日是否收復,已有部位暫停加碼；若收盤跌破60日EMA約 166.28，且下一交易日仍未收復，先減碼三分之一；若ETF或外資繼續轉弱，再分批降低部位。,價格跌破60日EMA且20日趨勢向下,44,33.5,34.8,85,100,可用,164.5,164.75,10.79,12.61,-42.81,14.14,297.68,-1,,17.39,0,1,0,0,0,65,55,0,39.213,39.213,39.213,39.213,0,0,0,0,0,0,0,-0.048,-0.048,7.64,,,,,39.261,39.261,39.261,39.261,45.85,27.89,43.78,-3.89,false,true,-3.29,-9.62,中期趨勢仍向下；外資持股尚未完成5／10日可比核對或期間有非市場異動；此項不給分，不解讀為轉弱；20日趨勢尚未上彎；當下除權息調整價未守20日EMA
351,6949,沛爾生醫*-創,TWSE,生技醫療業,暫不承接,降低部位,trim,停止加碼；反彈未站回恢復區時分批減碼,每個交易日收盤後，確認是否站回恢復區,已有部位先停止加碼。反彈若仍未站回 467.80，分批降低部位；只有站回且ETF／外資賣壓收斂後才重新評估。,價格跌破60日EMA且20日趨勢向下；外資持股5/10日下降且外資5日賣超,36.3,32.6,37.3,85,100,完整,45.3,45.53,164.71,4.21,-1292.9,10.57,1007.25,-2.54,,23.11,,1,0,0,0,0,209,0,-600.202,-1158.946,-2636.455,-12424.546,0,0,0,209,0,0,0,-463.464,-877.369,3.21,-516,-695,-2379,,-516.126,-695.482,-1759.086,-11256.929999999998,22.24,17.75,17.69,17.87,true,false,-68.89,-10.47,中期趨勢仍向下；外資持股5/10日下降，且外資5日賣超；20日趨勢尚未上彎；當下除權息調整價未守20日EMA；官方重大訊息出現高風險關鍵字，須查原文
352,6026,福邦證,TPEX,金融業,不建立部位,保護持有,protect,今天不新增部位；未完成確認前不機械式賣出,今天收盤後；若跌破，再看下一交易日是否收復,已有部位暫停加碼；若收盤跌破60日EMA約 15.33，且下一交易日仍未收復，先減碼三分之一；若ETF或外資繼續轉弱，再分批降低部位。,未觸發明確減碼訊號,61.4,77.6,80.4,85,100,可用,15.85,15.85,231.78,170.4,,63.75,137.88,1.08,5.74,1,8.61,2,-9,-25,-20,136,412,0,16.84,16.84,16.84,16.84,-8.143,-8.143,-8.143,-8.143,0,1,-129067,0,0,6.95,,,,,24.983,24.983,24.983,24.983,59.56,49.12,62.25,22.88,false,false,1.31,-1.55,"單日成交金額低於5,000萬元；20日累積後5日轉為調節；ETF 1/3日已轉為減碼；外資持股尚未完成5／10日可比核對或期間有非市場異動；此項不給分，不解讀為轉弱"
353,4736,泰博,TWSE,生技醫療業,不建立部位,保護持有,protect,今天不新增部位；未完成確認前不機械式賣出,今天收盤後；若跌破，再看下一交易日是否收復,已有部位暫停加碼；若收盤跌破60日EMA約 125.12，且下一交易日仍未收復，先減碼三分之一；若ETF或外資繼續轉弱，再分批降低部位。,未觸發明確減碼訊號,73.4,75.6,76.4,85,100,完整,131.5,132.5,42.69,3.28,19.54,21,319.04,16.6,4.82,1.12,3.86,2,5,7,7,7,24,0,73.036,118.367,223.643,677.286,5,7,57,203,2,0,920500,8,12,6.98,67,-196,-253,,65.036,103.367,154.643,565.504,59.21,35.97,34.21,39.5,true,false,1.67,1.15,"單日成交金額低於5,000萬元；ETF加碼，但外資持股5/10日同步下降；ETF加碼金額或跨基金共識尚未同時成立；單季稅前獲利對營業外貢獻依賴偏高"
354,2108,南帝,TWSE,橡膠工業,不建立部位,保護持有,protect,今天不新增部位；未完成確認前不機械式賣出,今天收盤後；若跌破，再看下一交易日是否收復,已有部位暫停加碼；若收盤跌破60日EMA約 28.81，且下一交易日仍未收復，先減碼三分之一；若ETF或外資繼續轉弱，再分批降低部位。,ETF 5/10日同步減碼,63.7,71.8,75.9,85,100,完整,29.75,29.75,41.83,26.69,16.6,12.36,812.87,1.28,16.71,0.99,3.36,1,-1,-1,-1,-1,-1,0,586.975,423.7460000000001,299.04000000000013,-317.5589999999999,-1,-1,-1,-1,0,1,-29750,-0.8269999999999964,20.834000000000003,6.56,595,345,-186,,582.574,425.57299999999987,279.20599999999985,-335.71000000000015,57.78,55.01,43.81,77.42,true,false,3.28,3.48,"單日成交金額低於5,000萬元；ETF短中期同步減碼；ETF 1/3日已轉為減碼；20日趨勢尚未上彎"
355,6670,復盛應用,TWSE,運動休閒,不建立部位,保護持有,protect,今天不新增部位；未完成確認前不機械式賣出,今天收盤後；若跌破，再看下一交易日是否收復,已有部位暫停加碼；若收盤跌破60日EMA約 269.96，且下一交易日仍未收復，先減碼三分之一；若ETF或外資繼續轉弱，再分批降低部位。,外資持股5/10日下降且外資5日賣超,62.4,71.8,68.4,85,100,完整,274,273.5,45.02,14.88,15.25,40.17,200.45,13.1,11.19,2.46,5.84,6,-2,7,24,102,153,-13,34.81,-55.376000000000005,-57.02200000000002,-70.20900000000003,-1.61,-25.22,64.17,81.34,2,3,-6910280,4.689,-58.995000000000005,24.89,35,-66,-48,,36.42,-34.845,-62.197,3.879000000000005,53.97,38.15,33.56,47.33,true,false,0.67,0.74,"單日成交金額低於5,000萬元；主動ETF 5日轉為減碼；外資持股5/10日下降，且外資5日賣超；20日趨勢尚未上彎；ETF加碼金額或跨基金共識尚未同時成立"
356,9946,三發地產,TWSE,建材營造,不建立部位,降低部位,trim,停止加碼；反彈未站回恢復區時分批減碼,每個交易日收盤後，確認是否站回恢復區,已有部位先停止加碼。反彈若仍未站回 17.57，分批降低部位；只有站回且ETF／外資賣壓收斂後才重新評估。,價格跌破60日EMA且20日趨勢向下；ETF 5/10日同步減碼,48.9,70.4,86.1,85,100,完整,16.65,16.8,185.26,2974.14,45.27,58.38,224.99,2.84,3.57,0.75,8.29,2,0,0,-3,-6,-12,0,-14,12.262,427.33799999999997,49.26099999999997,0,-3,-6,-12,0,1,-49950,0,17,3.1,13,-123,302,,-14,15.262,416.33799999999997,-54.73900000000003,38.55,12.93,16.34,6.1,false,false,-2.33,-2.06,"單日成交金額低於5,000萬元；中期趨勢仍向下；ETF短中期同步減碼；20日趨勢尚未上彎；當下除權息調整價未守20日EMA"
357,7749,意騰-KY,TWSE,半導體業,不建立部位,保護持有,protect,今天不新增部位；未完成確認前不機械式賣出,今天收盤後；若跌破，再看下一交易日是否收復,已有部位暫停加碼；若收盤跌破60日EMA約 379.22，且下一交易日仍未收復，先減碼三分之一；若ETF或外資繼續轉弱，再分批降低部位。,未觸發明確減碼訊號,57,70.1,79.9,85,100,完整,391,369.5,60.5,60.27,36.17,17.76,499.02,7.57,27.04,4.91,2.3,1,0,0,0,60,66,0,25.005,30.494,245.118,194.87800000000001,0,0,40.009,46.009,0,0,0,-2.248,4.130999999999999,22.42,-36,-70,31,,25.02,32.742000000000004,200.97800000000004,153.98500000000004,57.27,55.99,66.14,35.69,false,true,2.64,0,"單日成交金額低於5,000萬元；當下除權息調整價未守20日EMA"
358,1307,三芳,TWSE,塑膠工業,不建立部位,保護持有,protect,今天不新增部位；未完成確認前不機械式賣出,今天收盤後；若跌破，再看下一交易日是否收復,已有部位暫停加碼；若收盤跌破60日EMA約 31.27，且下一交易日仍未收復，先減碼三分之一；若ETF或外資繼續轉弱，再分批降低部位。,ETF 5/10日同步減碼,60.5,69.9,66.8,85,100,完整,31.5,31.43,10.83,6.38,12.33,46.72,186.74,1.46,9.4,1.26,6.98,1,-5,-10,-15,-25,-40,0,57.194,-325.287,-4.329999999999956,-336.28299999999996,-5.003,-15.004000000000001,-15.004000000000001,-30.002000000000002,0,3,-472626,-602,-642.021,7.11,57,149,486,,62.197,291.717,652.6949999999999,416.606,59.07,69.78,69.1,71.14,true,true,1.75,0,"單日成交金額低於5,000萬元；ETF短中期同步減碼；ETF 1/3日已轉為減碼"
359,5288,豐祥-KY,TWSE,電機機械,不建立部位,保護持有,protect,今天不新增部位；未完成確認前不機械式賣出,今天收盤後；若跌破，再看下一交易日是否收復,已有部位暫停加碼；若收盤跌破60日EMA約 185.84，且下一交易日仍未收復，先減碼三分之一；若ETF或外資繼續轉弱，再分批降低部位。,未觸發明確減碼訊號,59.5,68.9,72.5,85,100,完整,189,187,60.1,35.38,14.42,26.27,230.68,8.03,12.6,2.07,3.44,1,0,0,0,0,0,0,47.961,170.04899999999998,276.31399999999996,361.885,0,-10,-40,-30,0,1,-1890000,-6.5489999999999995,7.167,60.24,30,96,244,,46.961,186.598,309.14700000000005,373.866,52.66,55.12,54.19,56.97,true,false,0.74,3,"單日成交金額低於5,000萬元；20日趨勢尚未上彎；當下除權息調整價未守20日EMA"
360,4441,振大環球,TWSE,紡織纖維,不建立部位,保護持有,protect,今天不新增部位；未完成確認前不機械式賣出,今天收盤後；若跌破，再看下一交易日是否收復,已有部位暫停加碼；若收盤跌破60日EMA約 178.38，且下一交易日仍未收復，先減碼三分之一；若ETF或外資繼續轉弱，再分批降低部位。,價格跌破60日EMA且20日趨勢向下,53.1,68.8,75.8,85,100,完整,171,171,20.56,14.76,17.62,30.51,243.38,9.08,9.47,1.7,6.32,1,0,0,0,0,0,0,24.536,15.695999999999998,-11.244000000000003,43.11599999999999,0,0,0,0,0,0,0,3,-2,0.92,24,14,12,,23.536,12.695999999999998,-9.244,45.11599999999999,43.35,27.41,22.57,37.08,true,false,-0.6,-0.29,"單日成交金額低於5,000萬元；中期趨勢仍向下；20日趨勢尚未上彎；當下除權息調整價未守20日EMA"
361,3167,大量,TWSE,電機機械,不建立部位,優先降低風險,risk,依風險與流動性分批降低部位,風險解除且基本面與趨勢重新確認後,已有部位應優先降低曝險；目前觸發「處置或交易限制事件」。待事件解除或基本面重新確認後再評估。,價格強勢站上20／60日EMA；法人未同步轉弱,62.4,67.7,50.8,85,100,完整,1025,1025,152.98,135.15,24.48,64.49,143.75,9.26,71.88,21.37,0.38,4,0,0,0,0,300,0,175.377,3290.524,1108.846,2709.743,0,183,221,1009,2,0,187575000,37.41099999999999,4.75999999999999,12.32,-324,2259,1531,,157.884,3070.113,883.0859999999999,1864.5869999999998,67.59,87.34,82.1,97.82,false,false,13.46,15.56,處置或交易限制風險；短線過熱或乖離過大
362,2414,精技,TWSE,電子通路業,不建立部位,保護持有,protect,今天不新增部位；未完成確認前不機械式賣出,今天收盤後；若跌破，再看下一交易日是否收復,已有部位暫停加碼；若收盤跌破60日EMA約 53.69，且下一交易日仍未收復，先減碼三分之一；若ETF或外資繼續轉弱，再分批降低部位。,ETF 5/10日同步減碼,60.5,67.6,50.8,85,100,完整,54,54,79.52,47.82,2.85,76.08,120,2.53,13.14,2.77,5.56,1,0,0,-2,-4,-8,0,17.592,58.922,63.063,154.427,0,-2,-3.9859999999999998,-7.986,0,1,-108000,-1,20,4.23,17,66,-148,,17.592,61.922,47.04899999999999,123.41300000000001,57.74,83.84,74.6,102.34,true,false,1.64,1.31,"單日成交金額低於5,000萬元；ETF短中期同步減碼"
363,2527,宏璟,TWSE,建材營造,不建立部位,保護持有,protect,今天不新增部位；未完成確認前不機械式賣出,今天收盤後；若跌破，再看下一交易日是否收復,已有部位暫停加碼；若收盤跌破60日EMA約 44.88，且下一交易日仍未收復，先減碼三分之一；若ETF或外資繼續轉弱，再分批降低部位。,未觸發明確減碼訊號,61.6,67.2,66.4,85,100,完整,50.7,50.75,4.18,1088.12,22.9,25.51,148.94,3.99,8.91,0.36,2.96,1,0,0,0,0,0,0,27.171,381.44499999999994,2113.855,2160.032,0,0,0,0,0,0,0,3.3440000000000003,6.287000000000001,43.8,-35,112,1425,,21,378.1010000000001,2107.568,2137.4839999999995,64.94,64.55,72.13,49.39,false,true,6.48,1.4,"單日成交金額低於5,000萬元"
364,1419,新紡,TWSE,紡織纖維,不建立部位,保護持有,protect,今天不新增部位；未完成確認前不機械式賣出,今天收盤後；若跌破，再看下一交易日是否收復,已有部位暫停加碼；若收盤跌破60日EMA約 66.01，且下一交易日仍未收復，先減碼三分之一；若ETF或外資繼續轉弱，再分批降低部位。,ETF 5/10日同步減碼；外資持股5/10日下降且外資5日賣超,53.4,67.1,72.7,85,100,完整,65.7,66.05,5.94,24.56,9.09,17.87,178.88,11.2,4.73,0.86,2.74,1,-1,-1,-1,-1,-1,0,2,-10,-39.022999999999996,-155.498,-1,-1,-1,-78,0,1,-65700,4,11,1.34,3,-19,-71,,3,-13,-49.022999999999996,-94.498,47.51,40.12,38.56,43.22,true,false,-0.48,-0.61,"單日成交金額低於5,000萬元；中期趨勢仍向下；ETF短中期同步減碼；ETF 1/3日已轉為減碼；外資持股5/10日下降，且外資5日賣超；20日趨勢尚未上彎；單季稅前獲利對營業外貢獻依賴偏高"
365,3028,增你強,TWSE,電子通路業,不建立部位,保護持有,protect,今天不新增部位；未完成確認前不機械式賣出,今天收盤後；若跌破，再看下一交易日是否收復,已有部位暫停加碼；若收盤跌破60日EMA約 65.38，且下一交易日仍未收復，先減碼三分之一；若ETF或外資繼續轉弱，再分批降低部位。,價格跌破60日EMA且20日趨勢向下,58.7,66.9,55.8,85,93,可用,63.1,62.9,87.95,95.6,4.64,81.04,119.22,5.24,8.79,2.06,4.75,2,0,12,21,49,74,0,62.44,-13.773999999999972,-242.85799999999998,-1361.136,2.5,23.003999999999998,51.629,75.01700000000001,3,0,1451552,-46.242999999999995,-77.57499999999999,9.92,-250,-52,696,,66.98,9.465000000000032,-216.91199999999998,-1390.547,48.93,52.28,55.64,45.55,false,true,0.28,0.32,"單日成交金額低於5,000萬元；中期趨勢仍向下；20日趨勢尚未上彎；當下除權息調整價未守20日EMA"
366,6763,綠界科技*,TPEX,數位雲端,不建立部位,保護持有,protect,今天不新增部位；未完成確認前不機械式賣出,今天收盤後；若跌破，再看下一交易日是否收復,已有部位暫停加碼；若收盤跌破60日EMA約 42.22，且下一交易日仍未收復，先減碼三分之一；若ETF或外資繼續轉弱，再分批降低部位。,未觸發明確減碼訊號,54.9,66.7,63.1,85,100,可用,41.5,41.72,14.91,13.08,24.38,59.22,138.01,1.08,10.05,2.56,7.23,1,0,0,0,0,35,0,74.645,74.645,74.645,74.645,0,0,0,0,0,0,0,0.1,0.1,2.85,,,,,74.545,74.545,74.545,74.545,51.32,20.75,25.99,10.26,false,false,0.43,0.48,"單日成交金額低於5,000萬元；外資持股尚未完成5／10日可比核對或期間有非市場異動；此項不給分，不解讀為轉弱"
367,2753,八方雲集,TWSE,觀光餐旅,不建立部位,保護持有,protect,今天不新增部位；未完成確認前不機械式賣出,今天收盤後；若跌破，再看下一交易日是否收復,已有部位暫停加碼；若收盤跌破60日EMA約 177.52，且下一交易日仍未收復，先減碼三分之一；若ETF或外資繼續轉弱，再分批降低部位。,未觸發明確減碼訊號,65,66.6,56.6,85,100,完整,184,184.5,9.29,7.92,12.11,50.44,168.25,7.01,13.11,3.25,6.52,3,-2,-5,-6,13,44,0,69.383,513.906,657.7439999999999,527.1659999999999,-1.927,-5.24,24.506999999999998,49.873000000000005,1,4,-964160,5.615,3.5030000000000006,6.79,106,470,465,,71.17,513.531,629.7339999999999,471.39299999999986,61.23,73.31,73.86,72.19,false,true,1.85,2.22,"單日成交金額低於5,000萬元；20日累積後5日轉為調節；ETF 1/3日已轉為減碼"
368,6672,騰輝電子-KY,TWSE,電子零組件業,不建立部位,優先降低風險,risk,依風險與流動性分批降低部位,風險解除且基本面與趨勢重新確認後,已有部位應優先降低曝險；目前觸發「處置或交易限制事件」。待事件解除或基本面重新確認後再評估。,價格強勢站上20／60日EMA；法人未同步轉弱,64.5,65.8,64.2,85,100,完整,505,505,133.24,53.6,14.55,29.42,311.02,4.75,76.28,8.58,0.66,2,179,179,177,173,166,179,280.27,5244.5199999999995,5943.624,6606.436,179,177,176.011,268.01099999999997,1,1,89385000,-11.883,188.557,33.06,258,4109,6726,,122.829,5079.403,5579.0560000000005,6088,88.08,97.83,93.65,106.18,false,false,38.15,36.86,處置或交易限制風險；短線過熱或乖離過大
369,6605,帝寶,TWSE,汽車工業,不建立部位,保護持有,protect,今天不新增部位；未完成確認前不機械式賣出,今天收盤後；若跌破，再看下一交易日是否收復,已有部位暫停加碼；若收盤跌破60日EMA約 136.88，且下一交易日仍未收復，先減碼三分之一；若ETF或外資繼續轉弱，再分批降低部位。,外資持股5/10日下降且外資5日賣超,56,65.4,68.2,85,100,完整,137.5,137,28.25,3.08,16.7,39.05,152.48,7.71,8.49,1.13,4.73,1,0,0,0,0,0,0,104.033,-38.36699999999999,125.83700000000002,1185.659,0,0,0,-41,0,0,0,0.7640000000000001,-1.3419999999999996,15.17,107,-185,-129,,102.884,-39.131,127.179,1254.576,50.38,30.24,36.76,17.19,false,false,0.09,0,"單日成交金額低於5,000萬元；外資持股5/10日下降，且外資5日賣超；20日趨勢尚未上彎；當下除權息調整價未守20日EMA"
370,6245,立端,TPEX,通信網路業,不建立部位,保護持有,protect,今天不新增部位；未完成確認前不機械式賣出,今天收盤後；若跌破，再看下一交易日是否收復,已有部位暫停加碼；若收盤跌破60日EMA約 83.57，且下一交易日仍未收復，先減碼三分之一；若ETF或外資繼續轉弱，再分批降低部位。,未觸發明確減碼訊號,60.9,64.9,65.2,85,100,可用,87.3,87.15,38.36,20.67,8.15,41.82,223.77,1.81,19.93,2.15,4.35,1,0,5,5,5,4,0,47.001,47.001,47.001,47.001,0,0,0,0,0,0,0,-1.884,-1.884,13.63,,,,,48.885,48.885,48.885,48.885,55.89,57.57,62.79,47.13,false,true,1.65,-0.57,"單日成交金額低於5,000萬元；外資持股尚未完成5／10日可比核對或期間有非市場異動；此項不給分，不解讀為轉弱"
371,8358,金居,TPEX,電子零組件業,不建立部位,優先降低風險,risk,依風險與流動性分批降低部位,風險解除且基本面與趨勢重新確認後,已有部位應優先降低曝險；目前觸發「ETF 5/10日同步減碼」。待事件解除或基本面重新確認後再評估。,價格強勢站上20／60日EMA；ETF偏弱，先觀察,61.1,64.9,61.2,85,96.1,可用,549,541,59.71,46.82,24.99,24.79,184.41,4.22,81.82,14.9,0.36,11,-25,98,-74,-99,-269,-67,-285.943,-285.943,-285.943,-285.943,270,270,270,270,1,0,148230000,-80.662,-80.662,28.07,,,,,-475.281,-475.281,-475.281,-475.281,60.05,69.21,63.53,80.57,false,false,7.39,10.91,處置或交易限制風險；ETF短中期同步減碼；主動ETF 5日轉為減碼；外資持股尚未完成5／10日可比核對或期間有非市場異動；此項不給分，不解讀為轉弱
372,2727,王品,TWSE,觀光餐旅,不建立部位,保護持有,protect,今天不新增部位；未完成確認前不機械式賣出,今天收盤後；若跌破，再看下一交易日是否收復,已有部位暫停加碼；若收盤跌破60日EMA約 232.40，且下一交易日仍未收復，先減碼三分之一；若ETF或外資繼續轉弱，再分批降低部位。,ETF 5/10日同步減碼；投信5/10日持續且具金額意義地賣超,57.1,64.8,49.9,85,100,完整,233.5,233,11.31,12.33,8.04,74.84,104.61,9.86,12.97,4.55,6.9,1,-1,-50,-99,-322,-322,-98,49.529,33.17,191.43200000000004,-375.75499999999994,-1,-99,-273,-271,0,3,-23116500,3.863,-79.484,33.73,39,118,883,,50.529,128.30700000000002,543.916,104.64500000000004,54.84,75.38,76.26,73.61,false,true,0.6,-1.06,"單日成交金額低於5,000萬元；ETF短中期同步減碼；ETF 1/3日已轉為減碼；主動ETF 5日轉為減碼；投信5/10日持續且具金額意義的賣超"
373,8936,國統,TPEX,其他,不建立部位,保護持有,protect,今天不新增部位；未完成確認前不機械式賣出,今天收盤後；若跌破，再看下一交易日是否收復,已有部位暫停加碼；若收盤跌破60日EMA約 52.18，且下一交易日仍未收復，先減碼三分之一；若ETF或外資繼續轉弱，再分批降低部位。,ETF 5/10日同步減碼,59.5,64,59.9,85,100,可用,53.1,53.2,12.34,17.13,19.11,43.73,183.13,1.87,12.24,2.08,5.65,1,-4,-7,-10,-16,-26,0,161.859,161.859,161.859,161.859,-3.21,-3.21,-3.21,-3.21,0,1,-170451,184.95,184.95,11.97,,,,,-19.881,-19.881,-19.881,-19.881,62.75,67.89,66.48,70.69,true,false,1.81,0.95,"單日成交金額低於5,000萬元；ETF短中期同步減碼；ETF 1/3日已轉為減碼；外資持股尚未完成5／10日可比核對或期間有非市場異動；此項不給分，不解讀為轉弱"
374,2031,新光鋼,TWSE,鋼鐵工業,不建立部位,保護持有,protect,今天不新增部位；未完成確認前不機械式賣出,今天收盤後；若跌破，再看下一交易日是否收復,已有部位暫停加碼；若收盤跌破60日EMA約 43.88，且下一交易日仍未收復，先減碼三分之一；若ETF或外資繼續轉弱，再分批降低部位。,ETF 5/10日同步減碼,58.4,63.9,55.3,85,100,完整,45.9,45.72,18.59,3.91,9.27,59.27,154.73,5.23,7.11,1.23,5.45,2,-4,-8,-12,-20,-31,0,64.656,9.781000000000006,2172.837,2443.924,-3.899,-11.796,-10.693,-22.383,0,3,-541436,8.649000000000001,16.541000000000004,11.11,69,2,2595,,68.555,12.928000000000026,2166.989,2510.165,56.11,57.08,66.77,37.71,false,true,1.11,-1.29,"單日成交金額低於5,000萬元；ETF短中期同步減碼；ETF 1/3日已轉為減碼；單季稅前獲利對營業外貢獻依賴偏高"
375,6277,宏正,TWSE,電腦及週邊設備業,不建立部位,保護持有,protect,今天不新增部位；未完成確認前不機械式賣出,今天收盤後；若跌破，再看下一交易日是否收復,已有部位暫停加碼；若收盤跌破60日EMA約 77.67，且下一交易日仍未收復，先減碼三分之一；若ETF或外資繼續轉弱，再分批降低部位。,未觸發明確減碼訊號,57.8,63.9,69.5,85,100,完整,78.1,79.25,17.1,15.48,15.5,33.78,205.16,2.5,18.86,1.94,4.48,1,0,0,0,0,0,0,15.024,110.92099999999999,69.90299999999999,43.94999999999999,0,0,0,0,0,0,0,12.909999999999998,23.756,12.33,-30,-61,-369,,8.11,98.011,46.14699999999999,73.71799999999998,50.33,54.03,43.68,74.73,true,false,0.25,1.43,"單日成交金額低於5,000萬元；20日趨勢尚未上彎"
376,8996,高力,TWSE,電機機械,不建立部位,優先降低風險,risk,依風險與流動性分批降低部位,風險解除且基本面與趨勢重新確認後,已有部位應優先降低曝險；目前觸發「ETF 5/10日同步減碼」。待事件解除或基本面重新確認後再評估。,ETF 5/10日同步減碼；處置或交易限制事件,60.9,63.9,51.1,85,100,可用,1645,1622.5,112.84,115.03,17.58,50.01,160.68,8.69,110.77,29.87,0.28,23,-121,-133,-181,-230,-785,-172,344.14,945.7909999999999,305.4919999999999,-1712.9489999999998,-124.039,-133.082,882.7180000000001,-176.1289999999999,1,4,-218919890,230.22299999999998,141.60399999999998,23.73,410,1379,-127,,424.616,848.6499999999999,-718.8300000000002,-1693.0490000000002,64.36,76.52,74.13,81.31,true,false,11.55,2.49,處置或交易限制風險；ETF短中期同步減碼；ETF 1/3日已轉為減碼；主動ETF 5日轉為減碼
377,1612,宏泰,TWSE,電器電纜,不建立部位,保護持有,protect,今天不新增部位；未完成確認前不機械式賣出,今天收盤後；若跌破，再看下一交易日是否收復,已有部位暫停加碼；若收盤跌破60日EMA約 34.60，且下一交易日仍未收復，先減碼三分之一；若ETF或外資繼續轉弱，再分批降低部位。,ETF 5/10日同步減碼,55.8,63.3,75.5,85,100,完整,35.05,34.85,19.6,2.06,12.77,17.8,334.32,2.62,8.99,1.18,7.13,2,-6,-11,-15,-25,-38,0,461.028,250.526,1400.506,2366.1680000000006,-5.563,-15.123999999999999,-15.683999999999997,-29.363999999999997,0,3,-530096,37.332,61.91700000000001,16.14,464,240,1160,,463.953,228.31799999999998,1354.273,2286.4939999999997,53.6,33.7,45.65,9.81,false,false,0.26,-1.82,"單日成交金額低於5,000萬元；ETF短中期同步減碼；ETF 1/3日已轉為減碼；當下除權息調整價未守20日EMA"
378,2211,長榮鋼,TWSE,鋼鐵工業,不建立部位,降低部位,trim,停止加碼；反彈未站回恢復區時分批減碼,每個交易日收盤後，確認是否站回恢復區,已有部位先停止加碼。反彈若仍未站回 84.24，分批降低部位；只有站回且ETF／外資賣壓收斂後才重新評估。,價格跌破60日EMA且20日趨勢向下；外資持股5/10日下降且外資5日賣超,49.5,63,76.1,85,100,完整,79.8,79.55,11.85,7.22,20.01,25.6,197.65,3.26,10.81,1.2,8.15,4,-2,-3,96,93,88,0,8.364,-758.38,-2036.9850000000001,-2150.582,-1.613,95.774,99.162,30.32500000000001,1,3,7642765,-0.15400000000000003,14.506999999999998,3.3,0,-383,-1893,,10,-854,-2150.654,-2171.23,40.8,30.74,23.33,45.57,true,true,-0.86,0.13,"單日成交金額低於5,000萬元；中期趨勢仍向下；ETF 1/3日已轉為減碼；外資持股5/10日下降，且外資5日賣超；20日趨勢尚未上彎；當下除權息調整價未守20日EMA"
379,2480,敦陽科,TWSE,資訊服務業,不建立部位,保護持有,protect,今天不新增部位；未完成確認前不機械式賣出,今天收盤後；若跌破，再看下一交易日是否收復,已有部位暫停加碼；若收盤跌破60日EMA約 158.69，且下一交易日仍未收復，先減碼三分之一；若ETF或外資繼續轉弱，再分批降低部位。,ETF 5/10日同步減碼；外資持股5/10日下降且外資5日賣超,60.9,62.3,50.5,85,100,完整,167.5,166.5,20.16,16.45,12.11,65.42,134.32,4.91,19.12,5.44,4.66,4,-1,0,-1,-3,5,0,13.31,-122.94200000000002,-95.47200000000004,840.7309999999999,-1.161,-0.4820000000000002,-1.6430000000000002,11.185,1,3,-80735,2.942,5.623,12.24,8,-118,-99,,14.401,-125.40199999999999,-99.452,810.0609999999999,66.63,62.27,50,86.8,true,false,3.48,4.69,"單日成交金額低於5,000萬元；ETF短中期同步減碼；20日累積後5日轉為調節；外資持股5/10日下降，且外資5日賣超"
380,2850,新產,TWSE,金融保險業,不建立部位,保護持有,protect,今天不新增部位；未完成確認前不機械式賣出,今天收盤後；若跌破，再看下一交易日是否收復,已有部位暫停加碼；若收盤跌破60日EMA約 156.19，且下一交易日仍未收復，先減碼三分之一；若ETF或外資繼續轉弱，再分批降低部位。,ETF 5/10日同步減碼,59.9,62.3,60.1,85,100,完整,163.5,162.25,4.71,9.52,,63.76,,8.51,10.64,2.35,4.45,4,-1,-1,-225,-225,-242,-224,230.526,-64.92500000000001,140.61,-282.066,-1,-225,-225,-243,0,2,-36787500,-7.08,14.866,10.97,238,92,570,,231.526,167.15500000000003,350.744,-90.14400000000003,58.74,66.19,57.05,84.48,true,false,2.51,0.31,"單日成交金額低於5,000萬元；ETF短中期同步減碼；ETF 1/3日已轉為減碼；主動ETF 5日轉為減碼"
381,1720,生達,TWSE,生技醫療業,不建立部位,降低部位,trim,停止加碼；反彈未站回恢復區時分批減碼,每個交易日收盤後，確認是否站回恢復區,已有部位先停止加碼。反彈若仍未站回 56.44，分批降低部位；只有站回且ETF／外資賣壓收斂後才重新評估。,價格跌破60日EMA且20日趨勢向下；外資持股5/10日下降且外資5日賣超,51.3,62,73.5,85,100,完整,56.1,56.3,7.78,2.98,21.32,24.3,218.16,2.49,9.76,1.62,5.35,1,0,0,0,0,0,0,23.39,-263.92100000000005,-345.62800000000004,-550.1840000000001,0,0,0,0,0,0,0,8.857999999999999,12.092999999999998,4.64,23,-335,-466,,23.082,-272.779,-357.721,-603.1569999999999,48.46,50.77,47.99,56.33,true,false,-0.01,-0.36,"單日成交金額低於5,000萬元；中期趨勢仍向下；外資持股5/10日下降，且外資5日賣超；20日趨勢尚未上彎"
382,8442,威宏-KY,TWSE,其他,不建立部位,保護持有,protect,今天不新增部位；未完成確認前不機械式賣出,今天收盤後；若跌破，再看下一交易日是否收復,已有部位暫停加碼；若收盤跌破60日EMA約 45.33，且下一交易日仍未收復，先減碼三分之一；若ETF或外資繼續轉弱，再分批降低部位。,未觸發明確減碼訊號,62.5,61.8,50.5,85,100,完整,46.1,47.1,36.95,12.91,3.35,54.91,161.46,1.38,14.82,0.87,6.51,1,-1,-2,-1,11,31,0,1.409,13.238,2.328999999999999,14.547999999999998,-0.591,-1.4089999999999998,16.682000000000002,33.278,1,2,-64955,-7,-14,55.96,4,20,-24,,4,21.647,-0.35300000000000153,-5.73,54.43,68.28,62.24,80.36,false,false,0.94,1.1,"單日成交金額低於5,000萬元；20日累積後5日轉為調節；ETF 1/3日已轉為減碼"
383,6577,勁豐,TPEX,電腦及週邊設備業,不建立部位,保護持有,protect,今天不新增部位；未完成確認前不機械式賣出,今天收盤後；若跌破，再看下一交易日是否收復,已有部位暫停加碼；若收盤跌破60日EMA約 79.74，且下一交易日仍未收復，先減碼三分之一；若ETF或外資繼續轉弱，再分批降低部位。,未觸發明確減碼訊號,52.8,61.5,67.6,85,100,可用,80.5,79.95,2.79,3.43,18.63,45.78,188.58,3.52,11.13,3.42,6.21,1,-1,-1,-1,4,12,0,1.755,1.755,1.755,1.755,-0.245,-0.245,-0.245,-0.245,0,1,-19722,0,0,1.57,,,,,2,2,2,2,53.31,72.65,74.27,69.42,false,true,0.54,0.63,"單日成交金額低於5,000萬元；20日累積後5日轉為調節；ETF 1/3日已轉為減碼；外資持股尚未完成5／10日可比核對或期間有非市場異動；此項不給分，不解讀為轉弱；當下除權息調整價未守20日EMA"
384,2849,安泰銀,TWSE,金融保險業,不建立部位,保護持有,protect,今天不新增部位；未完成確認前不機械式賣出,今天收盤後；若跌破，再看下一交易日是否收復,已有部位暫停加碼；若收盤跌破60日EMA約 15.13，且下一交易日仍未收復，先減碼三分之一；若ETF或外資繼續轉弱，再分批降低部位。,外資持股5/10日下降且外資5日賣超,54.2,61.3,62.2,85,100,完整,15.35,15.38,18.9,19.5,,91.11,,0.54,15.82,0.83,3.32,1,0,0,0,0,0,0,-4,-175.93200000000002,-72.58700000000002,457.39599999999996,0,0,0,0,0,0,0,-39.932,2.067999999999998,59.03,-4,-86,-127,,-4,-136,-74.655,349.328,47.87,19.94,31.41,-3,false,false,-1.39,-4.36,"單日成交金額低於5,000萬元；外資持股5/10日下降，且外資5日賣超；當下除權息調整價未守20日EMA"
385,6192,巨路,TWSE,其他電子業,不建立部位,降低部位,trim,停止加碼；反彈未站回恢復區時分批減碼,每個交易日收盤後，確認是否站回恢復區,已有部位先停止加碼。反彈若仍未站回 114.22，分批降低部位；只有站回且ETF／外資賣壓收斂後才重新評估。,價格跌破60日EMA且20日趨勢向下；外資持股5/10日下降且外資5日賣超,50.6,61.3,73.3,85,100,完整,111.5,111.5,12.99,12.56,17.09,39.96,228.04,5.3,10.78,1.42,5.2,1,0,0,0,0,0,0,13.43,-113.438,-196.611,-464.0640000000001,0,0,0.008,0.008,0,0,0,5.994,8.943000000000001,23.3,10,-117,-318,,10.43,-119.432,-205.562,-475.7780000000001,47.85,62.86,48.46,91.67,false,false,0.15,1.83,"單日成交金額低於5,000萬元；中期趨勢仍向下；外資持股5/10日下降，且外資5日賣超；20日趨勢尚未上彎"
386,3402,漢科,TPEX,其他電子業,不建立部位,保護持有,protect,今天不新增部位；未完成確認前不機械式賣出,今天收盤後；若跌破，再看下一交易日是否收復,已有部位暫停加碼；若收盤跌破60日EMA約 130.41，且下一交易日仍未收復，先減碼三分之一；若ETF或外資繼續轉弱，再分批降低部位。,KD高檔死亡交叉（僅屬時機警示）,57.7,61.2,49.1,85,100,可用,139.5,139,32.84,21.37,11.72,69.75,118.47,3.64,19.43,4.82,4.3,1,0,4,4,4,3,0,145.952,145.952,145.952,145.952,0,0,0,0,0,0,0,0.169,0.169,11.84,,,,,145.783,145.783,145.783,145.783,69.65,85.91,86.54,84.65,false,true,5.72,2.57,"單日成交金額低於5,000萬元；外資持股尚未完成5／10日可比核對或期間有非市場異動；此項不給分，不解讀為轉弱；KD高檔死亡交叉，等待動能確認"
387,1709,和益,TWSE,化學工業,不建立部位,優先降低風險,risk,依風險與流動性分批降低部位,風險解除且基本面與趨勢重新確認後,已有部位應優先降低曝險；目前觸發「KD高檔死亡交叉（僅屬時機警示）」。待事件解除或基本面重新確認後再評估。,價格強勢站上20／60日EMA；法人未同步轉弱,52.4,61.1,63.8,85,100,完整,60.2,60.2,82.67,22.26,19.24,25.03,291.05,1.3,29.95,3.19,1.66,1,0,1355,1355,1355,1355,1355,-3140.99,7329.06,17260.565,9054.997,0,1355,1355,1355,1,0,81571000,-31.305000000000007,221.19099999999997,7.82,-2981,6281,216,,-3122.598,6005.365,15684.374000000002,7356.860000000002,71.17,85.32,86.79,82.38,false,true,25.21,24.38,處置或交易限制風險；短線過熱或乖離過大；KD高檔死亡交叉，等待動能確認；高波動且5日漲幅過大
388,2731,雄獅,TWSE,觀光餐旅,不建立部位,保護持有,protect,今天不新增部位；未完成確認前不機械式賣出,今天收盤後；若跌破，再看下一交易日是否收復,已有部位暫停加碼；若收盤跌破60日EMA約 145.45，且下一交易日仍未收復，先減碼三分之一；若ETF或外資繼續轉弱，再分批降低部位。,未觸發明確減碼訊號,56.2,61.1,53.1,85,100,完整,144,144.75,6.99,9.93,4.43,65.83,134.89,7.27,8.86,3.01,8.89,2,0,0,0,0,4,0,4.175,37.179,216.226,44.84499999999996,0,0,0,3.781000000000001,0,0,0,1.6,-0.0019999999999998908,8.04,-2,-53,-188,,3.175,35.57900000000001,216.228,29.45000000000003,51.44,54.91,62.23,40.27,false,false,0.29,-0.35,"單日成交金額低於5,000萬元"
389,9917,中保科,TWSE,其他,不建立部位,保護持有,protect,今天不新增部位；未完成確認前不機械式賣出,今天收盤後；若跌破，再看下一交易日是否收復,已有部位暫停加碼；若收盤跌破60日EMA約 105.63，且下一交易日仍未收復，先減碼三分之一；若ETF或外資繼續轉弱，再分批降低部位。,未觸發明確減碼訊號,65.7,61,44,85,100,完整,106.5,106.25,4.4,2.38,17.46,58.36,98.74,3.35,15.52,3.76,5.82,7,0,10,20,19,-321,0,52.28,143.41400000000002,-210.798,-221.283,0,20,23,-264,2,0,2130000,9.2,24.2,39.28,52,141,8625,,52.28,114.214,-257.998,7.517000000000035,54.35,50.23,39.65,71.38,true,false,0.37,0.95,"單日成交金額低於5,000萬元"
390,3218,大學光,TPEX,生技醫療業,不建立部位,降低部位,trim,停止加碼；反彈未站回恢復區時分批減碼,每個交易日收盤後，確認是否站回恢復區,已有部位先停止加碼。反彈若仍未站回 135.73，分批降低部位；只有站回且ETF／外資賣壓收斂後才重新評估。,價格跌破60日EMA且20日趨勢向下；ETF 5/10日同步減碼,44.6,60.3,68,85,100,可用,133.5,133.5,9.38,5.96,30.76,39,136.31,5.99,9.88,2.92,5.81,1,-1,-2,-3,-6,-9,0,-19.85,-19.85,-19.85,-19.85,-1.242,-1.242,-1.242,-1.242,0,1,-165807,0.335,0.335,7.76,,,,,-18.943,-18.943,-18.943,-18.943,43.51,24.75,26.76,20.74,false,false,-0.82,-1.11,"單日成交金額低於5,000萬元；中期趨勢仍向下；ETF短中期同步減碼；ETF 1/3日已轉為減碼；外資持股尚未完成5／10日可比核對或期間有非市場異動；此項不給分，不解讀為轉弱；20日趨勢尚未上彎；當下除權息調整價未守20日EMA"
391,2497,怡利電,TWSE,汽車工業,不建立部位,降低部位,trim,停止加碼；反彈未站回恢復區時分批減碼,每個交易日收盤後，確認是否站回恢復區,已有部位先停止加碼。反彈若仍未站回 47.06，分批降低部位；只有站回且ETF／外資賣壓收斂後才重新評估。,價格跌破60日EMA且20日趨勢向下；外資持股5/10日下降且外資5日賣超,58.1,60.1,50.9,85,100,完整,44.75,44.58,17.29,19.77,8.69,55.57,125.63,1.59,14.03,2,4.47,1,0,10,10,15,65,0,25.518,-86.623,-188.02,-594.8580000000001,0,10,15,75,1,0,447500,-9.055,-7.2509999999999994,2.57,29,-63,-249,,26.332,-87.56800000000001,-195.769,-651.188,51.99,62.11,56.05,74.22,true,false,1.31,0.9,"單日成交金額低於5,000萬元；中期趨勢仍向下；外資持股5/10日下降，且外資5日賣超；20日趨勢尚未上彎"
392,2897,王道銀行,TWSE,金融保險業,不建立部位,保護持有,protect,今天不新增部位；未完成確認前不機械式賣出,今天收盤後；若跌破，再看下一交易日是否收復,已有部位暫停加碼；若收盤跌破60日EMA約 10.63，且下一交易日仍未收復，先減碼三分之一；若ETF或外資繼續轉弱，再分批降低部位。,ETF 5/10日同步減碼；外資持股5/10日下降且外資5日賣超,45.4,59.9,68.4,85,100,完整,10.65,10.68,7.89,25.14,,91.08,,0.54,13.31,0.71,4.88,1,0,0,-2785,-2785,-3028,-2785,128.715,-5306.888,-13254.083,-293.7239999999997,0,-2785,-2785,-3028,0,1,-29660250,-140.868,-94.56099999999999,9.62,98,-2647,-12190,,97.715,-2381.02,-10374.522,2303.061,43.57,13.44,18.65,3.01,false,false,-1.59,-2.29,"單日成交金額低於5,000萬元；ETF短中期同步減碼；主動ETF 5日轉為減碼；外資持股5/10日下降，且外資5日賣超；20日趨勢尚未上彎；當下除權息調整價未守20日EMA"
393,3060,銘異,TWSE,電腦及週邊設備業,不建立部位,保護持有,protect,今天不新增部位；未完成確認前不機械式賣出,今天收盤後；若跌破，再看下一交易日是否收復,已有部位暫停加碼；若收盤跌破60日EMA約 28.28，且下一交易日仍未收復，先減碼三分之一；若ETF或外資繼續轉弱，再分批降低部位。,ETF 5/10日同步減碼,60.4,59.9,52.9,85,100,完整,29.15,29.2,46.39,23.06,4.73,40.82,202.51,0.68,43.51,1.46,0.69,1,0,0,-3,-6,-12,0,208.011,684.8209999999999,631.6159999999999,-249.43400000000008,0,-2.976,-5.976,-11.975999999999999,1,1,-86750,5.272,17.837000000000003,10.19,212,238,251,,213.97,682.525,619.7549999999999,-261.49700000000007,63.49,73.64,69.63,81.65,false,false,5.45,3.74,"單日成交金額低於5,000萬元；ETF短中期同步減碼"
394,5287,數字,TPEX,數位雲端,不建立部位,保護持有,protect,今天不新增部位；未完成確認前不機械式賣出,今天收盤後；若跌破，再看下一交易日是否收復,已有部位暫停加碼；若收盤跌破60日EMA約 137.30，且下一交易日仍未收復，先減碼三分之一；若ETF或外資繼續轉弱，再分批降低部位。,未觸發明確減碼訊號,54.1,59.9,70.9,85,100,可用,137.5,137.25,2.31,-1.31,38.3,39.46,155.27,7.68,9,2.98,8.11,1,0,-2,-1,11,32,0,-13.944,-13.944,-13.944,-13.944,-0.622,-0.622,-0.622,-0.622,0,1,-85525,0.036,0.036,15.89,,,,,-13.358,-13.358,-13.358,-13.358,53.04,56.38,57.84,53.47,true,true,0.36,0,"單日成交金額低於5,000萬元；累計營收負成長且當月改善不足；20日累積後5日轉為調節；外資持股尚未完成5／10日可比核對或期間有非市場異動；此項不給分，不解讀為轉弱"
395,1232,大統益,TWSE,食品工業,不建立部位,保護持有,protect,今天不新增部位；未完成確認前不機械式賣出,今天收盤後；若跌破，再看下一交易日是否收復,已有部位暫停加碼；若收盤跌破60日EMA約 153.93，且下一交易日仍未收復，先減碼三分之一；若ETF或外資繼續轉弱，再分批降低部位。,外資持股5/10日下降且外資5日賣超,55.7,59.5,51.3,85,100,完整,154,154,34.56,16.57,8.36,46.42,205.52,4.71,17.05,4.47,4.68,1,0,0,0,0,0,0,37.17,-53.056,-62.80400000000001,-93.42099999999999,0,0,0,-28,0,0,0,-0.899,2.101,2.72,36,-52,-209,,36.17,-52.157,-64.905,-76.52199999999999,47.11,24.31,19.45,34.03,true,false,-0.22,0.33,"單日成交金額低於5,000萬元；外資持股5/10日下降，且外資5日賣超；20日趨勢尚未上彎；當下除權息調整價未守20日EMA"
396,5209,新鼎,TPEX,其他,不建立部位,保護持有,protect,今天不新增部位；未完成確認前不機械式賣出,今天收盤後；若跌破，再看下一交易日是否收復,已有部位暫停加碼；若收盤跌破60日EMA約 165.16，且下一交易日仍未收復，先減碼三分之一；若ETF或外資繼續轉弱，再分批降低部位。,未觸發明確減碼訊號,57.7,59.3,51.6,85,100,可用,173,180,92.18,-11.97,14.77,78.82,121.04,8.72,9.5,4.77,7.48,1,0,-1,0,4,12,0,6.408,6.408,6.408,6.408,-0.238,-0.238,-0.238,-0.238,0,1,-41174,0.157,0.157,3.48,,,,,6.489,6.489,6.489,6.489,60.24,56.24,49.04,70.64,false,false,2.15,3.28,"單日成交金額低於5,000萬元；外資持股尚未完成5／10日可比核對或期間有非市場異動；此項不給分，不解讀為轉弱"
397,4532,瑞智,TWSE,電機機械,不建立部位,保護持有,protect,今天不新增部位；未完成確認前不機械式賣出,今天收盤後；若跌破，再看下一交易日是否收復,已有部位暫停加碼；若收盤跌破60日EMA約 24.40，且下一交易日仍未收復，先減碼三分之一；若ETF或外資繼續轉弱，再分批降低部位。,外資持股5/10日下降且外資5日賣超,58.3,59.2,48.7,85,100,完整,24.6,24.65,21.41,4.72,5.71,63.36,131.61,1.01,13.02,1.12,6.1,2,-12,-24,-27,73,244,0,9.82,-253.45100000000002,-46.956000000000046,499.864,-12.18,-27.518,137.723,275.66900000000004,1,4,-676943,-2.454,4.545,18.14,22,-217,-311,,22,-223.47899999999998,-189.2239999999999,179.21600000000018,52.99,22.25,34.17,-1.59,false,false,0.42,-1.01,"單日成交金額低於5,000萬元；20日累積後5日轉為調節；ETF 1/3日已轉為減碼；外資持股5/10日下降，且外資5日賣超"
398,2423,固緯,TWSE,其他電子業,不建立部位,降低部位,trim,停止加碼；反彈未站回恢復區時分批減碼,每個交易日收盤後，確認是否站回恢復區,已有部位先停止加碼。反彈若仍未站回 73.04，分批降低部位；只有站回且ETF／外資賣壓收斂後才重新評估。,價格跌破60日EMA且20日趨勢向下；ETF 5/10日同步減碼；外資持股5/10日下降且外資5日賣超,44.9,59.1,75.2,85,100,完整,71.5,70.4,28.15,23.65,24.89,30.95,250.79,2.49,16.94,3.47,3.5,1,0,-1,-1,-1,-1,0,6.978,-82.07000000000001,-149.734,-90.13900000000001,0,-1,-0.985,-0.985,0,1,-71500,2,5,4.85,5,-130,-303,,4.978,-83.07000000000001,-153.749,-107.154,43.65,29.79,32.96,23.46,true,true,-1.48,-0.83,"單日成交金額低於5,000萬元；中期趨勢仍向下；ETF短中期同步減碼；外資持股5/10日下降，且外資5日賣超；20日趨勢尚未上彎；當下除權息調整價未守20日EMA"
399,3213,茂訊,TPEX,電腦及週邊設備業,不建立部位,保護持有,protect,今天不新增部位；未完成確認前不機械式賣出,今天收盤後；若跌破，再看下一交易日是否收復,已有部位暫停加碼；若收盤跌破60日EMA約 125.75，且下一交易日仍未收復，先減碼三分之一；若ETF或外資繼續轉弱，再分批降低部位。,價格跌破60日EMA且20日趨勢向下,46.9,59.1,78.9,85,100,可用,123.5,123.5,6.49,17.96,25.64,30.04,300.49,5.62,12.88,1.86,5.67,1,0,3,3,3,2,0,7.019,7.019,7.019,7.019,0,0,0,0,0,0,0,-0.981,-0.981,14.36,,,,,8,8,8,8,45.27,50.83,55.1,42.29,true,true,-1.03,-0.8,"單日成交金額低於5,000萬元；中期趨勢仍向下；外資持股尚未完成5／10日可比核對或期間有非市場異動；此項不給分，不解讀為轉弱；20日趨勢尚未上彎；當下除權息調整價未守20日EMA"
400,9802,鈺齊-KY,TWSE,運動休閒,不建立部位,降低部位,trim,停止加碼；反彈未站回恢復區時分批減碼,每個交易日收盤後，確認是否站回恢復區,已有部位先停止加碼。反彈若仍未站回 69.19，分批降低部位；只有站回且ETF／外資賣壓收斂後才重新評估。,價格跌破60日EMA且20日趨勢向下；ETF 5/10日同步減碼,48.2,59,58.1,85,100,完整,65.9,65.8,35.31,8.32,5.03,39.53,126.09,1.78,13,0.97,7.74,1,0,0,-410,-710,-773,-410,279.848,201.71800000000005,156.11700000000002,-1606.697,0,-410,-750,-620,0,2,-27019000,9.941,19.536,41.84,208,303,128,,279.848,601.777,886.5810000000001,-1014.2209999999999,46.6,68.32,56.65,91.67,false,false,0.2,1.7,"單日成交金額低於5,000萬元；中期趨勢仍向下；ETF短中期同步減碼；主動ETF 5日轉為減碼；20日趨勢尚未上彎"
401,6585,鼎基,TWSE,其他,不建立部位,降低部位,trim,停止加碼；反彈未站回恢復區時分批減碼,每個交易日收盤後，確認是否站回恢復區,已有部位先停止加碼。反彈若仍未站回 110.41，分批降低部位；只有站回且ETF／外資賣壓收斂後才重新評估。,價格跌破60日EMA且20日趨勢向下；外資持股5/10日下降且外資5日賣超,49.8,58.9,67.6,85,100,完整,105,101.5,12.09,17.34,25.03,26.52,175.41,4.81,13.53,1.93,4.29,1,0,0,0,0,-1,0,-91.964,-123.571,-120.884,-400.06499999999994,0,0,0,-1,0,0,0,-1,-0.10999999999999999,2.85,-92,-170,-166,,-91.964,-122.571,-120.774,-379.487,43.96,47.4,43.57,55.06,true,false,-0.84,0.96,"單日成交金額低於5,000萬元；中期趨勢仍向下；外資持股5/10日下降，且外資5日賣超；20日趨勢尚未上彎；當下除權息調整價未守20日EMA"
402,1723,中碳,TWSE,化學工業,不建立部位,降低部位,trim,停止加碼；反彈未站回恢復區時分批減碼,每個交易日收盤後，確認是否站回恢復區,已有部位先停止加碼。反彈若仍未站回 83.10，分批降低部位；只有站回且ETF／外資賣壓收斂後才重新評估。,價格跌破60日EMA且20日趨勢向下；ETF 5/10日同步減碼；投信5/10日持續且具金額意義地賣超,49.8,58.8,58.5,85,100,完整,81.4,82.65,46.94,15.22,14.62,32.06,176.63,2.07,26.17,2.36,2.27,1,-16,-125,-178,-181,-120,0,77.509,-198.471,-697.8599999999999,-3182.716,-16,-178,-181,-115,0,4,-14489200,-27.331,-32.069,8.83,-15,-104,-421,,92,6.860000000000014,-484.791,-2919.798,46.51,44.62,30.48,72.89,false,false,-0.11,0.87,"單日成交金額低於5,000萬元；中期趨勢仍向下；ETF短中期同步減碼；ETF 1/3日已轉為減碼；投信5/10日持續且具金額意義的賣超；20日趨勢尚未上彎"
403,9942,茂順,TWSE,其他,不建立部位,保護持有,protect,今天不新增部位；未完成確認前不機械式賣出,今天收盤後；若跌破，再看下一交易日是否收復,已有部位暫停加碼；若收盤跌破60日EMA約 115.36，且下一交易日仍未收復，先減碼三分之一；若ETF或外資繼續轉弱，再分批降低部位。,價格跌破60日EMA且20日趨勢向下,47.2,58.7,70.1,85,100,完整,113,112.75,13.63,14.53,24.72,35.21,198.05,4.76,12.38,2.25,6.19,1,0,0,0,0,0,0,-5,9.236,-22.764,-65.849,0,0,0,0,0,0,0,0,0,4.5,-4,14,-95,,-5,9.236,-22.764,-74.849,41.34,39.31,43.58,30.76,false,false,-0.83,-1.31,"單日成交金額低於5,000萬元；中期趨勢仍向下；20日趨勢尚未上彎；當下除權息調整價未守20日EMA"
404,2362,藍天,TWSE,電腦及週邊設備業,不建立部位,保護持有,protect,今天不新增部位；未完成確認前不機械式賣出,今天收盤後；若跌破，再看下一交易日是否收復,已有部位暫停加碼；若收盤跌破60日EMA約 46.47，且下一交易日仍未收復，先減碼三分之一；若ETF或外資繼續轉弱，再分批降低部位。,外資持股5/10日下降且外資5日賣超,50.9,58.6,56.2,85,100,完整,46.7,46.63,12.1,13.15,5.93,57.37,114.49,4.05,7.68,0.58,4.28,1,0,0,0,0,0,0,55.001,-509.092,-917.6899999999998,-1633.465,0,0,0,0,0,0,0,0.052999999999999936,17.83,10.53,70,-349,-1274,,52,-509.14500000000004,-935.5199999999999,-1676.658,46.8,16.86,20.5,9.58,false,false,-0.86,-0.43,"單日成交金額低於5,000萬元；外資持股5/10日下降，且外資5日賣超；20日趨勢尚未上彎；當下除權息調整價未守20日EMA；單季稅前獲利對營業外貢獻依賴偏高"
405,6213,聯茂,TWSE,電子零組件業,不建立部位,優先降低風險,risk,依風險與流動性分批降低部位,風險解除且基本面與趨勢重新確認後,已有部位應優先降低曝險；目前觸發「處置或交易限制事件」。待事件解除或基本面重新確認後再評估。,價格強勢站上20／60日EMA；法人未同步轉弱,60.5,58.4,47.1,85,100,可用,796,786,97.93,42.25,10.99,47.81,173.03,4.39,123.41,12.81,0.38,15,-102,-96,-9,267,1126,-12,-791.836,4263.5419999999995,12265.36,2721.3250000000007,-76,1853,2423,4356,4,1,1474988000,-148.21299999999997,-204.38500000000005,21.77,-65,2903,9961,,-359.158,2558.755,10046.744999999999,-784.794000000001,83.67,91.52,88.08,98.41,false,false,28.37,27.77,處置或交易限制風險；20日累積後5日轉為調節；ETF 1/3日已轉為減碼；主動ETF 5日轉為減碼；短線過熱或乖離過大
406,1342,八貫,TWSE,其他,不建立部位,保護持有,protect,今天不新增部位；未完成確認前不機械式賣出,今天收盤後；若跌破，再看下一交易日是否收復,已有部位暫停加碼；若收盤跌破60日EMA約 102.41，且下一交易日仍未收復，先減碼三分之一；若ETF或外資繼續轉弱，再分批降低部位。,價格跌破60日EMA且20日趨勢向下,52.5,58.2,59.6,85,100,完整,101,100,62.83,37.04,18.32,41.09,208.83,4.1,14.29,3.5,5.94,1,0,0,0,-1,-3,0,18.82,28.183,33.475,-147.87,0,0,-1,-3,0,0,0,0.08499999999999996,2.708,31.46,19,30,-189,,18.82,28.098000000000006,31.76700000000001,-130.44499999999996,48.75,37.96,32.23,49.41,true,false,0.17,1,"單日成交金額低於5,000萬元；中期趨勢仍向下；20日趨勢尚未上彎；當下除權息調整價未守20日EMA"
407,5515,建國,TWSE,建材營造,不建立部位,保護持有,protect,今天不新增部位；未完成確認前不機械式賣出,今天收盤後；若跌破，再看下一交易日是否收復,已有部位暫停加碼；若收盤跌破60日EMA約 48.82，且下一交易日仍未收復，先減碼三分之一；若ETF或外資繼續轉弱，再分批降低部位。,未觸發明確減碼訊號,61,58.2,57.4,85,100,完整,52,52.2,-4.38,23.08,12.56,54.43,163.72,6.08,5.27,1.79,6.35,2,0,1,1,1,1,0,51.27,18.882000000000012,-22.207999999999984,-894.356,0,1,1,1,1,0,52000,-5.443,-15.181,12.98,46,19,-49,,48.27,23.325000000000003,-8.027000000000001,-847.611,57.27,61.4,61.91,60.4,false,false,1.62,0.19,"單日成交金額低於5,000萬元；20日趨勢尚未上彎；單季稅前獲利對營業外貢獻依賴偏高"
408,8462,柏文,TWSE,運動休閒,不建立部位,保護持有,protect,今天不新增部位；未完成確認前不機械式賣出,今天收盤後；若跌破，再看下一交易日是否收復,已有部位暫停加碼；若收盤跌破60日EMA約 161.08，且下一交易日仍未收復，先減碼三分之一；若ETF或外資繼續轉弱，再分批降低部位。,價格跌破60日EMA且20日趨勢向下,48.1,57.9,46.2,85,100,可用,158,157.25,16.75,19.49,17.59,81.24,78.24,5.68,15.13,5.28,4.61,1,0,0,0,0,0,0,-8.252,-32.985,-99.12,-307.502,0,0,0,0,0,0,0,3.316,2.673,5.4,-8,37,-74,,-8.252,-36.301,-101.793,-314.939,41.28,48.16,39.39,65.69,false,false,-1.4,-0.32,"單日成交金額低於5,000萬元；中期趨勢仍向下；外資持股尚未完成5／10日可比核對或期間有非市場異動；此項不給分，不解讀為轉弱；20日趨勢尚未上彎；當下除權息調整價未守20日EMA"
409,2832,台產,TWSE,金融保險業,不建立部位,降低部位,trim,停止加碼；反彈未站回恢復區時分批減碼,每個交易日收盤後，確認是否站回恢復區,已有部位先停止加碼。反彈若仍未站回 57.42，分批降低部位；只有站回且ETF／外資賣壓收斂後才重新評估。,價格跌破60日EMA且20日趨勢向下；外資持股5/10日下降且外資5日賣超,46.2,57.8,68.4,85,100,完整,57,56.7,11.73,6.47,,53.86,,3.33,9.48,1.19,6.14,1,-2,-6,-5,39,114,0,5.814,-211.47299999999998,-401.395,-14.929999999999957,-2.186,-5.2139999999999995,61.67400000000001,123.043,1,2,-297198,-3.4,-6.540000000000001,4.35,-49,-228,-494,,12,-202.85899999999998,-456.529,-149.50599999999997,44.58,15.88,18.07,11.51,false,false,-0.73,0.18,"單日成交金額低於5,000萬元；中期趨勢仍向下；20日累積後5日轉為調節；ETF 1/3日已轉為減碼；外資持股5/10日下降，且外資5日賣超；20日趨勢尚未上彎；當下除權息調整價未守20日EMA"
410,7722,LINEPAY,TWSE,數位雲端,不建立部位,降低部位,trim,停止加碼；反彈未站回恢復區時分批減碼,每個交易日收盤後，確認是否站回恢復區,已有部位先停止加碼。反彈若仍未站回 274.27，分批降低部位；只有站回且ETF／外資賣壓收斂後才重新評估。,價格跌破60日EMA且20日趨勢向下；ETF 5/10日同步減碼,53,57.8,57.2,85,100,完整,270,269.5,8.66,13.82,6.41,56.57,181.62,4.35,32.14,1.67,0.74,1,0,0,-1,-1,-2,0,21.909,27.125,5.270000000000001,-35.256,0,-1,-1,4,0,1,-270000,-0.12199999999999989,-5.122,58.77,28,13,8,,23.73,28.247,11.392,-38.07599999999999,53.5,49.86,38.01,73.55,false,false,1.82,4.25,"單日成交金額低於5,000萬元；中期趨勢仍向下；ETF短中期同步減碼；20日趨勢尚未上彎；官方重大訊息出現高風險關鍵字，須查原文"
411,4953,緯致,TPEX,資訊服務業,不建立部位,保護持有,protect,今天不新增部位；未完成確認前不機械式賣出,今天收盤後；若跌破，再看下一交易日是否收復,已有部位暫停加碼；若收盤跌破60日EMA約 121.22，且下一交易日仍未收復，先減碼三分之一；若ETF或外資繼續轉弱，再分批降低部位。,價格跌破60日EMA且20日趨勢向下,50.9,57.7,66.6,85,100,可用,118,117,26.64,30.66,6.01,39.51,231.31,4.88,11.86,2.05,4.36,2,0,3,3,3,22,0,28.715,28.715,28.715,28.715,0,0,0,0,0,0,0,0.599,0.599,12.76,,,,,28.116,28.116,28.116,28.116,45.73,33.1,22.22,54.86,true,false,-0.51,0.85,"單日成交金額低於5,000萬元；中期趨勢仍向下；外資持股尚未完成5／10日可比核對或期間有非市場異動；此項不給分，不解讀為轉弱；20日趨勢尚未上彎；當下除權息調整價未守20日EMA"
412,3679,新至陞,TWSE,電子零組件業,不建立部位,保護持有,protect,今天不新增部位；未完成確認前不機械式賣出,今天收盤後；若跌破，再看下一交易日是否收復,已有部位暫停加碼；若收盤跌破60日EMA約 109.49，且下一交易日仍未收復，先減碼三分之一；若ETF或外資繼續轉弱，再分批降低部位。,未觸發明確減碼訊號,46.7,57.5,70,85,100,完整,108,107.75,28.18,-2.82,17.76,48.94,241.4,4.18,9.14,1.41,8.33,1,0,-1,-1,9,25,0,10.623,-6.033000000000001,38.477999999999994,67.344,-0.474,-1.13,13.381,26.689999999999998,1,2,-122040,-3,-1,8.63,13,-1,29,,14.097,-1.9030000000000005,26.097,37.653999999999996,47.72,25.67,33.41,10.18,false,false,-0.23,0,"單日成交金額低於5,000萬元；20日累積後5日轉為調節；當下除權息調整價未守20日EMA"
413,5522,遠雄,TWSE,建材營造,不建立部位,降低部位,trim,停止加碼；反彈未站回恢復區時分批減碼,每個交易日收盤後，確認是否站回恢復區,已有部位先停止加碼。反彈若仍未站回 63.52，分批降低部位；只有站回且ETF／外資賣壓收斂後才重新評估。,價格跌破60日EMA且20日趨勢向下；外資持股5/10日下降且外資5日賣超,47,57.5,69.4,85,100,完整,61.2,61,-46.74,85.24,23.71,56.27,172.19,1.99,6.1,1,8.99,4,-4,-11,-9,64,-505,0,246.401,-685.135,-1374.449,-3961.6580000000004,-3.755,-8.955,108.949,-395.62600000000003,1,2,-548046,-31,39,4.06,135,-703,-2415,,269.156,-645.1800000000001,-1522.3980000000001,-3760.032,46.53,27.04,23.02,35.1,true,false,-0.19,0.33,"單日成交金額低於5,000萬元；中期趨勢仍向下；ETF 1/3日已轉為減碼；外資持股5/10日下降，且外資5日賣超；20日趨勢尚未上彎；當下除權息調整價未守20日EMA"
414,6177,達麗,TWSE,建材營造,不建立部位,降低部位,trim,停止加碼；反彈未站回恢復區時分批減碼,每個交易日收盤後，確認是否站回恢復區,已有部位先停止加碼。反彈若仍未站回 47.01，分批降低部位；只有站回且ETF／外資賣壓收斂後才重新評估。,價格跌破60日EMA且20日趨勢向下；ETF 5/10日同步減碼；投信5/10日持續且具金額意義地賣超,42.7,57.5,58.8,85,100,可用,45.9,45.9,-8.72,322.35,35.66,73.72,132.76,5.03,5.06,1.81,6.54,2,-7,-20,-764,-625,-482,-748,166.881,-1766.8909999999998,-3095.855,-5142.308,-6.895,-764.442,-544.4870000000001,-1130.9360000000001,0,3,-35087888,-2.3979999999999997,6.516,6.66,131,-1229,-2467,,174.217,-1000.0509999999999,-2557.884,-3719.635,43,16.02,11.99,24.1,true,false,-1.55,-1.18,"單日成交金額低於5,000萬元；中期趨勢仍向下；ETF短中期同步減碼；ETF 1/3日已轉為減碼；主動ETF 5日轉為減碼；投信5/10日持續且具金額意義的賣超；外資持股尚未完成5／10日可比核對或期間有非市場異動；此項不給分，不解讀為轉弱；20日趨勢尚未上彎；當下除權息調整價未守20日EMA"
415,2010,春源,TWSE,鋼鐵工業,不建立部位,保護持有,protect,今天不新增部位；未完成確認前不機械式賣出,今天收盤後；若跌破，再看下一交易日是否收復,已有部位暫停加碼；若收盤跌破60日EMA約 22.41，且下一交易日仍未收復，先減碼三分之一；若ETF或外資繼續轉弱，再分批降低部位。,ETF 5/10日同步減碼,55.1,57.3,54.8,85,100,完整,22.65,22.6,-6.24,4.31,7.89,45.34,176.99,1.35,9.02,1.17,8.83,1,-1,-1,-1,-1,-1,0,66.253,-872.2170000000001,451.49399999999997,-290.907,-1,-1,-1,-1,0,1,-22650,19.612000000000002,26.232000000000003,8.67,63,-889,146,,67.35,-890.829,426.26200000000017,-421.39799999999985,55.57,60.83,60.89,60.73,false,true,1.31,-1.52,"單日成交金額低於5,000萬元；ETF短中期同步減碼；ETF 1/3日已轉為減碼"
416,2477,美隆電,TWSE,其他電子業,不建立部位,保護持有,protect,今天不新增部位；未完成確認前不機械式賣出,今天收盤後；若跌破，再看下一交易日是否收復,已有部位暫停加碼；若收盤跌破60日EMA約 22.01，且下一交易日仍未收復，先減碼三分之一；若ETF或外資繼續轉弱，再分批降低部位。,外資持股5/10日下降且外資5日賣超,55.6,57.1,54.5,85,100,完整,22.35,22.65,27.95,3.73,0.92,49.41,199.41,0.17,25.4,0.87,6.26,1,-1,-5,-4,31,88,0,-20.698,-71.22300000000001,206.458,416.558,-1.698,-4.023,47.934,95.605,1,2,-89914,-7,-3,23.39,-17,-43,-118,,-12,-60.2,161.524,311.953,50.71,28.42,49.05,-12.85,false,false,-0.48,-3.46,"單日成交金額低於5,000萬元；20日累積後5日轉為調節；ETF 1/3日已轉為減碼；外資持股5/10日下降，且外資5日賣超；單季稅前獲利對營業外貢獻依賴偏高"
417,6183,關貿,TWSE,資訊服務業,不建立部位,保護持有,protect,今天不新增部位；未完成確認前不機械式賣出,今天收盤後；若跌破，再看下一交易日是否收復,已有部位暫停加碼；若收盤跌破60日EMA約 91.74，且下一交易日仍未收復，先減碼三分之一；若ETF或外資繼續轉弱，再分批降低部位。,外資持股5/10日下降且外資5日賣超,49,57,60.2,85,100,完整,91.4,90.95,5.57,13.35,29.53,49.64,147.35,2.41,20.31,5.1,3.88,1,0,0,0,0,0,0,-9,-2,1,16.338,0,0,0,0,0,0,0,4,1,1.13,-9,-6,-3,,-9,-6,0,6.337999999999997,47.92,63.04,61.1,66.93,false,false,-0.22,-0.44,"單日成交金額低於5,000萬元；外資持股5/10日下降，且外資5日賣超；當下除權息調整價未守20日EMA"
418,6146,耕興,TPEX,其他電子業,不建立部位,保護持有,protect,今天不新增部位；未完成確認前不機械式賣出,今天收盤後；若跌破，再看下一交易日是否收復,已有部位暫停加碼；若收盤跌破60日EMA約 187.58，且下一交易日仍未收復，先減碼三分之一；若ETF或外資繼續轉弱，再分批降低部位。,價格跌破60日EMA且20日趨勢向下,47.9,56.8,73.6,85,100,可用,181.5,181.5,10.46,9.51,30.97,34.5,233.06,6.04,15.91,3.46,6.61,3,0,1,0,-1,-1,0,21.114,21.114,21.114,21.114,0,0,0,0,0,0,0,-4.026,-4.026,31.02,,,,,25.14,25.14,25.14,25.14,46.16,61.35,67.95,48.14,false,true,-0.25,0,"單日成交金額低於5,000萬元；中期趨勢仍向下；外資持股尚未完成5／10日可比核對或期間有非市場異動；此項不給分，不解讀為轉弱；20日趨勢尚未上彎；當下除權息調整價未守20日EMA"
419,6189,豐藝,TWSE,電子通路業,不建立部位,保護持有,protect,今天不新增部位；未完成確認前不機械式賣出,今天收盤後；若跌破，再看下一交易日是否收復,已有部位暫停加碼；若收盤跌破60日EMA約 48.73，且下一交易日仍未收復，先減碼三分之一；若ETF或外資繼續轉弱，再分批降低部位。,未觸發明確減碼訊號,57.9,56.7,50.4,85,100,完整,49.4,49.6,11.83,0.18,4.79,62.16,154.02,2.01,12.2,2.15,5.47,2,-3,4,1,-6,-19,0,16.791,371.342,1862.9759999999999,2096.8719999999994,-3.437,0.20599999999999996,-0.2290000000000001,-12.498000000000001,1,3,10176,27.727,16.327,8.91,-5,-46,1150,,11,343.409,1846.878,2090.3370000000004,56.25,66.31,75.63,47.68,false,true,1.08,-1.98,"單日成交金額低於5,000萬元"
420,1615,大山,TWSE,電器電纜,不建立部位,降低部位,trim,停止加碼；反彈未站回恢復區時分批減碼,每個交易日收盤後，確認是否站回恢復區,已有部位先停止加碼。反彈若仍未站回 43.47，分批降低部位；只有站回且ETF／外資賣壓收斂後才重新評估。,價格跌破60日EMA且20日趨勢向下；ETF 5/10日同步減碼；外資持股5/10日下降且外資5日賣超,41.6,56.6,74.8,85,100,完整,41.9,42.85,20.26,5.24,18.84,29.01,226.5,2.53,8.1,1.75,6.21,1,-1,-1,-1,-1,-1,0,-24,-119.82,-98.82,-108.49,-1,-1,-1,-1,0,1,-41900,0,-6,0.89,58,-59,-181,,-23,-118.82,-91.82,-134.49,31.99,12.68,15.91,6.21,false,true,-2.21,-2.44,"單日成交金額低於5,000萬元；中期趨勢仍向下；ETF短中期同步減碼；ETF 1/3日已轉為減碼；外資持股5/10日下降，且外資5日賣超；20日趨勢尚未上彎"
421,2707,晶華,TWSE,觀光餐旅,不建立部位,降低部位,trim,停止加碼；反彈未站回恢復區時分批減碼,每個交易日收盤後，確認是否站回恢復區,已有部位先停止加碼。反彈若仍未站回 177.81，分批降低部位；只有站回且ETF／外資賣壓收斂後才重新評估。,價格跌破60日EMA且20日趨勢向下；外資持股5/10日下降且外資5日賣超,46.3,56.5,57.4,85,100,完整,175,175.5,7.58,5.56,27.28,57.65,154.04,8.62,12.12,5.73,6.14,1,0,0,0,0,0,0,6,-70.869,-108.31299999999999,-347.259,0,0,0,-26,0,0,0,2,4.0520000000000005,6.76,-2,-75,-112,,3,-72.869,-112.36499999999998,-331.92699999999996,38.11,9.77,14.29,0.74,false,false,-0.81,-0.28,"單日成交金額低於5,000萬元；中期趨勢仍向下；外資持股5/10日下降，且外資5日賣超；20日趨勢尚未上彎；當下除權息調整價未守20日EMA"
422,6703,軒郁,TPEX,生技醫療業,不建立部位,保護持有,protect,今天不新增部位；未完成確認前不機械式賣出,今天收盤後；若跌破，再看下一交易日是否收復,已有部位暫停加碼；若收盤跌破60日EMA約 102.24，且下一交易日仍未收復，先減碼三分之一；若ETF或外資繼續轉弱，再分批降低部位。,價格跌破60日EMA且20日趨勢向下,46.2,56.5,62.4,85,100,可用,100.5,99.8,1.83,13.89,10.87,44.41,224.81,4.13,9.79,2.56,1,1,0,-1,-1,9,25,0,-0.485,-0.485,-0.485,-0.485,-0.485,-0.485,-0.485,-0.485,0,1,-48742,0,0,14,,,,,0,0,0,0,43.83,43.32,41.24,47.49,true,true,-0.38,0,"單日成交金額低於5,000萬元；中期趨勢仍向下；20日累積後5日轉為調節；外資持股尚未完成5／10日可比核對或期間有非市場異動；此項不給分，不解讀為轉弱；20日趨勢尚未上彎；當下除權息調整價未守20日EMA"
423,6561,是方,TPEX,通信網路業,不建立部位,保護持有,protect,今天不新增部位；未完成確認前不機械式賣出,今天收盤後；若跌破，再看下一交易日是否收復,已有部位暫停加碼；若收盤跌破60日EMA約 321.19，且下一交易日仍未收復，先減碼三分之一；若ETF或外資繼續轉弱，再分批降低部位。,價格跌破60日EMA且20日趨勢向下,50.6,56.4,56.2,85,100,可用,313,313,16.38,1.88,37.23,53.51,68.34,7.57,20.84,7.39,4.57,2,0,2,2,2,8,0,15.817,15.817,15.817,15.817,0,0,0,0,0,0,0,2.814,2.814,7.34,,,,,13.003,13.003,13.003,13.003,46.19,64.71,54.57,85.01,false,false,-0.24,1.95,"單日成交金額低於5,000萬元；中期趨勢仍向下；外資持股尚未完成5／10日可比核對或期間有非市場異動；此項不給分，不解讀為轉弱；20日趨勢尚未上彎；當下除權息調整價未守20日EMA"
424,9911,櫻花,TWSE,居家生活,不建立部位,降低部位,trim,停止加碼；反彈未站回恢復區時分批減碼,每個交易日收盤後，確認是否站回恢復區,已有部位先停止加碼。反彈若仍未站回 82.14，分批降低部位；只有站回且ETF／外資賣壓收斂後才重新評估。,價格跌破60日EMA且20日趨勢向下；外資持股5/10日下降且外資5日賣超,48.1,56.3,62.9,85,100,完整,81.3,81.3,6.79,6.77,15.65,37.15,166.9,3.26,12.6,2.74,6.15,2,0,0,0,1,1,0,37,-79.765,-173.28799999999998,-704.778,0,0,2,13,0,0,0,10,-1,18.15,47,-43,-97,,35,-89.765,-174.28799999999998,-728.778,41.4,21.76,23.81,17.66,false,false,-0.35,-0.25,"單日成交金額低於5,000萬元；中期趨勢仍向下；外資持股5/10日下降，且外資5日賣超；20日趨勢尚未上彎；當下除權息調整價未守20日EMA"
425,4746,台耀,TWSE,生技醫療業,不建立部位,保護持有,protect,今天不新增部位；未完成確認前不機械式賣出,今天收盤後；若跌破，再看下一交易日是否收復,已有部位暫停加碼；若收盤跌破60日EMA約 49.46，且下一交易日仍未收復，先減碼三分之一；若ETF或外資繼續轉弱，再分批降低部位。,ETF 5/10日同步減碼；投信5/10日持續且具金額意義地賣超,46.6,55.5,59.9,85,100,完整,48.05,48.05,25.69,-3.37,10.89,40.35,186.2,0.04,12.13,0.78,6.24,1,0,-321,-429,-910,-910,-429,-33,-409.42600000000004,1163.684,2564.369,0,-429,-744,-744,0,3,-20613450,0,1,9.29,-111,-310,1447,,-33,19.57399999999997,1906.684,3444.7400000000002,49.06,41.83,49.86,25.79,false,false,0.11,-1.84,"單日成交金額低於5,000萬元；ETF短中期同步減碼；主動ETF 5日轉為減碼；投信5/10日持續且具金額意義的賣超"
426,2838,聯邦銀,TWSE,金融保險業,不建立部位,降低部位,trim,停止加碼；反彈未站回恢復區時分批減碼,每個交易日收盤後，確認是否站回恢復區,已有部位先停止加碼。反彈若仍未站回 20.77，分批降低部位；只有站回且ETF／外資賣壓收斂後才重新評估。,價格跌破60日EMA且20日趨勢向下；ETF 5/10日同步減碼；外資持股5/10日下降且外資5日賣超,45.6,55.3,65.2,85,100,完整,20.5,20.65,3.88,15.77,,91.54,,0.67,13.14,1.07,5.17,3,0,-1,-1,-6,9,0,277.429,-3538.929,-6094.2029999999995,-2476.346999999999,0,-1,19,16,0,1,-20500,-15.984999999999996,84.176,4.04,347,-4477,-7297,,282,-3521.9439999999995,-6197.378999999999,-2851.271999999999,44.52,11.83,14.37,6.77,false,false,-1.28,-0.49,"單日成交金額低於5,000萬元；中期趨勢仍向下；ETF短中期同步減碼；20日累積後5日轉為調節；外資持股5/10日下降，且外資5日賣超；20日趨勢尚未上彎；當下除權息調整價未守20日EMA"
427,2425,承啟,TWSE,電腦及週邊設備業,不建立部位,降低部位,trim,停止加碼；反彈未站回恢復區時分批減碼,每個交易日收盤後，確認是否站回恢復區,已有部位先停止加碼。反彈若仍未站回 38.54，分批降低部位；只有站回且ETF／外資賣壓收斂後才重新評估。,價格跌破60日EMA且20日趨勢向下；ETF 5/10日同步減碼,45.9,55.2,52.8,85,100,完整,36.6,36.75,118.46,120.45,0.61,54.62,183.31,0.68,20.56,1.4,0.27,1,0,0,-1,-3,-6,0,87,188.505,170.10199999999992,1070.7119999999998,0,-0.99,-2.99,-5.99,1,1,-36234,-1,-5.657,6.93,30,145,85,,88,190.495,178.74900000000002,1171.6589999999999,42.5,27.66,45.56,-8.15,false,true,-2.11,-2.4,"單日成交金額低於5,000萬元；中期趨勢仍向下；ETF短中期同步減碼；20日趨勢尚未上彎；當下除權息調整價未守20日EMA；單季稅前獲利對營業外貢獻依賴偏高"
428,4583,台灣精銳,TWSE,電機機械,不建立部位,保護持有,protect,今天不新增部位；未完成確認前不機械式賣出,今天收盤後；若跌破，再看下一交易日是否收復,已有部位暫停加碼；若收盤跌破60日EMA約 483.59，且下一交易日仍未收復，先減碼三分之一；若ETF或外資繼續轉弱，再分批降低部位。,價格跌破60日EMA且20日趨勢向下,45.7,55.1,71.2,85,100,完整,416,420.5,23.63,15.97,34.42,10.76,1265.54,6.81,30.88,3.36,2.4,1,0,0,0,0,-34,0,11,2.4680000000000035,-39.089,-87.509,0,0,-0.859,-46.859,0,0,0,0.099,-1.7159999999999997,2.31,11,-24,-81,,11,2.3689999999999998,-36.513999999999996,-39.894,32.43,21.08,24.3,14.65,false,false,-3.79,-2.46,"單日成交金額低於5,000萬元；中期趨勢仍向下；20日趨勢尚未上彎；當下除權息調整價未守20日EMA"
429,2415,錩新,TWSE,電子零組件業,不建立部位,保護持有,protect,今天不新增部位；未完成確認前不機械式賣出,今天收盤後；若跌破，再看下一交易日是否收復,已有部位暫停加碼；若收盤跌破60日EMA約 27.96，且下一交易日仍未收復，先減碼三分之一；若ETF或外資繼續轉弱，再分批降低部位。,ETF 5/10日同步減碼,55.1,55,45.6,85,100,完整,29.2,29.2,-0.6,8.38,6.5,71.54,127.59,0.47,18.6,1.52,5.45,1,0,0,-2,-4,-8,0,-100.923,249.501,223.14499999999998,223.435,0,-1.995,-3.995,-7.995,1,1,-58254,0.839,2.483,20.99,-77,239,333,,-100.899,250.657,224.65700000000004,226.69600000000003,59.4,74.26,67.52,87.75,false,false,4.73,7.35,"單日成交金額低於5,000萬元；ETF短中期同步減碼；20日趨勢尚未上彎"
430,2915,潤泰全,TWSE,貿易百貨,不建立部位,優先降低風險,risk,依風險與流動性分批降低部位,風險解除且基本面與趨勢重新確認後,已有部位應優先降低曝險；目前觸發「單月與累計營收同步明顯衰退」。待事件解除或基本面重新確認後再評估。,單月與累計營收同步明顯衰退,57.6,54.6,63.1,85,100,完整,58.5,58.2,-15.65,-21.69,6.83,8.24,192.43,8.96,4.21,0.38,3.25,2,0,0,0,0,-503,0,801.487,326.58299999999997,1788.308,2766.503,0,0,0,-503,0,0,0,64.149,151.52299999999997,6.46,549,-544,486,,751.474,262.4340000000001,1636.785,3433.415,54.18,35.74,40.39,26.46,false,false,0.81,-0.51,營收動能同步衰退；累計營收負成長且當月改善不足；單季稅前獲利對營業外貢獻依賴偏高
431,6679,鈺太,TPEX,半導體業,不建立部位,保護持有,protect,今天不新增部位；未完成確認前不機械式賣出,今天收盤後；若跌破，再看下一交易日是否收復,已有部位暫停加碼；若收盤跌破60日EMA約 214.05，且下一交易日仍未收復，先減碼三分之一；若ETF或外資繼續轉弱，再分批降低部位。,價格跌破60日EMA且20日趨勢向下,44,54.6,78.5,85,100,可用,199,197.5,0.32,6.47,24.37,6.41,1081.33,6.34,16.13,1.8,3.27,1,0,0,0,90,90,0,20.359,20.359,20.359,20.359,0,0,0,0,0,0,0,-0.641,-0.641,9.46,,,,,21,21,21,21,44.16,36.5,55.72,-1.93,false,true,-1.7,-3.4,"單日成交金額低於5,000萬元；中期趨勢仍向下；外資持股尚未完成5／10日可比核對或期間有非市場異動；此項不給分，不解讀為轉弱；20日趨勢尚未上彎；當下除權息調整價未守20日EMA"
432,3550,聯穎,TWSE,電子零組件業,不建立部位,保護持有,protect,今天不新增部位；未完成確認前不機械式賣出,今天收盤後；若跌破，再看下一交易日是否收復,已有部位暫停加碼；若收盤跌破60日EMA約 23.94，且下一交易日仍未收復，先減碼三分之一；若ETF或外資繼續轉弱，再分批降低部位。,ETF 5/10日同步減碼,56.3,54.5,40.7,85,100,完整,24.55,24.45,33.66,29.52,3.34,59.83,178.9,0.67,204.58,1.51,,1,0,0,-2,-3,-7,0,-64.064,70.67199999999997,-821.5329999999998,399.2550000000001,0,-1.962,-2.9619999999999997,-6.962,1,1,-48167,10.371,13.531,7.44,-70,17,-798,,-73.064,62.263000000000034,-832.102,408.87299999999993,53.44,43.56,56.08,18.52,false,false,1.09,-5.21,"單日成交金額低於5,000萬元；ETF短中期同步減碼"
433,2539,櫻花建,TWSE,建材營造,不建立部位,降低部位,trim,停止加碼；反彈未站回恢復區時分批減碼,每個交易日收盤後，確認是否站回恢復區,已有部位先停止加碼。反彈若仍未站回 34.38，分批降低部位；只有站回且ETF／外資賣壓收斂後才重新評估。,價格跌破60日EMA且20日趨勢向下；外資持股5/10日下降且外資5日賣超,47.4,54.3,69.5,85,100,完整,33.8,33.8,-8.69,17.78,40.6,38.54,310.41,2.36,8.03,2.02,8.28,2,0,0,0,-27,-151,0,318.365,-233.28200000000004,-212.30900000000003,643.201,0,0,-26.62,-150.62,0,0,0,-8.927,47.616,2.14,363,-358,-4229,,320.365,-224.35500000000002,-233.30500000000004,716.962,43.83,19.51,19.03,20.45,true,false,-1.68,-1.46,"單日成交金額低於5,000萬元；中期趨勢仍向下；外資持股5/10日下降，且外資5日賣超；20日趨勢尚未上彎；當下除權息調整價未守20日EMA"
434,2535,達欣工,TWSE,建材營造,不建立部位,保護持有,protect,今天不新增部位；未完成確認前不機械式賣出,今天收盤後；若跌破，再看下一交易日是否收復,已有部位暫停加碼；若收盤跌破60日EMA約 88.64，且下一交易日仍未收復，先減碼三分之一；若ETF或外資繼續轉弱，再分批降低部位。,ETF 5/10日同步減碼；外資持股5/10日下降且外資5日賣超,55.7,54.1,44.6,85,100,完整,90,90,44.17,24.72,9.12,64.06,185.27,6.32,8.81,2.16,5.11,1,0,-1,-1,-1,-1,0,175.681,-32.084999999999994,242.68300000000002,145.827,0,-1,-1,-36,0,1,-90000,9.518,15.060000000000002,6.89,175,-41,-139,,174.681,-40.60299999999998,228.62300000000005,148.47,54.38,35.72,25.67,55.84,true,false,0.79,0.9,"單日成交金額低於5,000萬元；ETF短中期同步減碼；外資持股5/10日下降，且外資5日賣超；20日趨勢尚未上彎"
435,3059,華晶科,TWSE,光電業,不建立部位,保護持有,protect,今天不新增部位；未完成確認前不機械式賣出,今天收盤後；若跌破，再看下一交易日是否收復,已有部位暫停加碼；若收盤跌破60日EMA約 39.67，且下一交易日仍未收復，先減碼三分之一；若ETF或外資繼續轉弱，再分批降低部位。,價格跌破60日EMA且20日趨勢向下,55.4,54.1,57.1,85,100,完整,38.55,38.5,8.25,7.21,6.46,35.86,200.37,0.64,30.6,1.16,2.59,1,0,30,30,30,110,0,257.152,66.20399999999995,915.3299999999999,481.73099999999977,0,30,30,140,1,0,1156500,-39.821,-43.257,7.85,138,-336,596,,259,76.02499999999998,928.587,448.35100000000006,49.7,58.81,60.69,55.05,false,true,0.4,-0.52,"單日成交金額低於5,000萬元；中期趨勢仍向下；20日趨勢尚未上彎"
436,4137,麗豐-KY,TWSE,生技醫療業,不建立部位,降低部位,trim,停止加碼；反彈未站回恢復區時分批減碼,每個交易日收盤後，確認是否站回恢復區,已有部位先停止加碼。反彈若仍未站回 85.39，分批降低部位；只有站回且ETF／外資賣壓收斂後才重新評估。,價格跌破60日EMA且20日趨勢向下；外資持股5/10日下降且外資5日賣超,43,54.1,62.6,85,100,完整,76.4,76.3,-10.71,5.24,14.8,50.68,163.86,2.92,11.32,1.28,13.09,2,-1,-3,-3,18,52,0,19.01,-29.264,-68.66999999999999,-436.451,-1.015,-2.4199999999999995,28.624000000000002,57.107000000000006,1,2,-184888,-1.1840000000000002,-3.3220000000000005,53.13,26,-192,-253,,21.025,-25.660000000000004,-93.97200000000001,-482.90299999999996,36.35,16.36,21.58,5.92,false,false,-1.93,-1.16,"單日成交金額低於5,000萬元；中期趨勢仍向下；20日累積後5日轉為調節；ETF 1/3日已轉為減碼；外資持股5/10日下降，且外資5日賣超；20日趨勢尚未上彎；當下除權息調整價未守20日EMA"
437,2501,國建,TWSE,建材營造,不建立部位,降低部位,trim,停止加碼；反彈未站回恢復區時分批減碼,每個交易日收盤後，確認是否站回恢復區,已有部位先停止加碼。反彈若仍未站回 22.13，分批降低部位；只有站回且ETF／外資賣壓收斂後才重新評估。,價格跌破60日EMA且20日趨勢向下；ETF 5/10日同步減碼；外資持股5/10日下降且外資5日賣超,41.7,53.8,59.6,85,100,完整,20.6,20.6,60.18,37.18,15.98,62.17,168.24,1.43,7.18,0.74,5.83,1,-2,-3,-3,-3,-3,0,11.909,-6136.284,-9124.47,-17320.949999999997,-2,-3,-3,-3,0,2,-61800,-13.673000000000002,-15.599,10.71,-163,-5862,-9375,,13.627,-6119.611,-9105.871,-17241.989,33.56,14.78,12.19,19.95,true,false,-3.18,-2.37,"單日成交金額低於5,000萬元；中期趨勢仍向下；ETF短中期同步減碼；ETF 1/3日已轉為減碼；外資持股5/10日下降，且外資5日賣超；20日趨勢尚未上彎；當下除權息調整價未守20日EMA"
438,5269,祥碩,TWSE,半導體業,不建立部位,優先降低風險,risk,依風險與流動性分批降低部位,風險解除且基本面與趨勢重新確認後,已有部位應優先降低曝險；目前觸發「單月與累計營收同步明顯衰退」。待事件解除或基本面重新確認後再評估。,單月與累計營收同步明顯衰退,57.2,53.8,61.4,85,100,可用,1455,1452.5,-32.51,-6.92,23.41,17.16,178.89,52.07,15.52,3.01,3.12,15,9,39,47,55,154,-15,-27.088,51.693000000000005,3.015000000000004,993.9449999999996,8.776,46.775999999999996,43.775999999999996,181.363,4,0,68059080,-5.776000000000003,-33.353,10.28,-52,-38,-91,,-38.17,10.69299999999999,-7.408000000000012,820.826,51.3,28.17,44.67,-4.83,false,false,0.07,-0.34,營收動能同步衰退；累計營收負成長且當月改善不足；主動ETF 5日轉為減碼；ETF加碼，但外資持股5/10日同步下降；當下除權息調整價未守20日EMA；單季稅前獲利對營業外貢獻依賴偏高
439,3622,洋華,TWSE,光電業,不建立部位,優先降低風險,risk,依風險與流動性分批降低部位,風險解除且基本面與趨勢重新確認後,已有部位應優先降低曝險；目前觸發「價格跌破60日EMA且20日趨勢向下」。待事件解除或基本面重新確認後再評估。,價格跌破60日EMA且20日趨勢向下；外資持股5/10日下降且外資5日賣超；單月與累計營收同步明顯衰退,48,53.7,77.5,85,100,完整,47.05,46.7,-35.95,-8.19,21.64,14.28,649.81,1.1,9.23,0.9,6.8,1,0,8,8,8,6,0,-129.743,-106.649,-237.832,-1116.666,0,7.867,7.877,5.963,1,0,370142,-57.069,-95.408,2.61,-171,-93,-45,,-126.663,-57.447,-150.301,-1032.78,47.13,72.98,63.49,91.96,false,false,0.38,2.06,"單日成交金額低於5,000萬元；營收動能同步衰退；累計營收負成長且當月改善不足；中期趨勢仍向下；外資持股5/10日下降，且外資5日賣超；20日趨勢尚未上彎；當下除權息調整價未守20日EMA"
440,2015,豐興,TWSE,鋼鐵工業,不建立部位,保護持有,protect,今天不新增部位；未完成確認前不機械式賣出,今天收盤後；若跌破，再看下一交易日是否收復,已有部位暫停加碼；若收盤跌破60日EMA約 64.03，且下一交易日仍未收復，先減碼三分之一；若ETF或外資繼續轉弱，再分批降低部位。,ETF 5/10日同步減碼,55.9,53.6,60.2,85,100,完整,64.5,64.6,9.67,-7.35,9.45,15.81,342.19,2.36,15.07,1.7,5.12,3,-1,-1,-1,-1,-1,0,136.195,248.144,112.743,62.65800000000001,-1,-1,-1,-1,0,1,-64500,15,26,12.82,129,236,87,,129.195,234.144,87.743,-4.341999999999992,51.88,62.52,52.25,83.06,true,false,0.34,0.47,"單日成交金額低於5,000萬元；累計營收負成長且當月改善不足；ETF短中期同步減碼；ETF 1/3日已轉為減碼；20日趨勢尚未上彎"
441,1712,興農,TWSE,化學工業,不建立部位,保護持有,protect,今天不新增部位；未完成確認前不機械式賣出,今天收盤後；若跌破，再看下一交易日是否收復,已有部位暫停加碼；若收盤跌破60日EMA約 39.87，且下一交易日仍未收復，先減碼三分之一；若ETF或外資繼續轉弱，再分批降低部位。,外資持股5/10日下降且外資5日賣超,52.1,53.4,47.9,85,100,完整,39.85,39.9,-2.71,4.31,8.25,47.84,141.74,1.56,15.04,2.04,6.27,2,-7,-18,-14,97,283,0,122.581,-148.20499999999998,-766.194,-1596.7700000000002,-6.492,-14.097000000000001,161.95,339.13399999999996,1,2,-561765,27.11,45.022000000000006,12.31,136,-860,-1826,,108.073,-161.21800000000002,-973.1659999999999,-1787.2749999999999,49.7,25.53,21.32,33.97,true,true,-0.03,0.13,"單日成交金額低於5,000萬元；中期趨勢仍向下；20日累積後5日轉為調節；ETF 1/3日已轉為減碼；外資持股5/10日下降，且外資5日賣超；20日趨勢尚未上彎"
442,1726,永記,TWSE,化學工業,不建立部位,降低部位,trim,停止加碼；反彈未站回恢復區時分批減碼,每個交易日收盤後，確認是否站回恢復區,已有部位先停止加碼。反彈若仍未站回 77.07，分批降低部位；只有站回且ETF／外資賣壓收斂後才重新評估。,價格跌破60日EMA且20日趨勢向下；外資持股5/10日下降且外資5日賣超,44.6,53.4,70.8,85,100,完整,76.2,76.2,0.15,3.8,13.07,18.14,405.41,3.66,11.89,1.17,4.86,1,0,0,0,0,0,0,2,-12.843,-25.843,-56.144,0,0,0,0,0,0,0,3,4,12.52,-1,-16,-100,,-1,-15.843,-29.843,-60.144000000000005,40.96,18.84,15.73,25.06,true,false,-0.56,-0.39,"單日成交金額低於5,000萬元；中期趨勢仍向下；外資持股5/10日下降，且外資5日賣超；20日趨勢尚未上彎；當下除權息調整價未守20日EMA"
443,2243,宏旭-KY,TWSE,汽車工業,不建立部位,保護持有,protect,今天不新增部位；未完成確認前不機械式賣出,今天收盤後；若跌破，再看下一交易日是否收復,已有部位暫停加碼；若收盤跌破60日EMA約 46.88，且下一交易日仍未收復，先減碼三分之一；若ETF或外資繼續轉弱，再分批降低部位。,價格強勢站上20／60日EMA；ETF偏弱，先觀察,53.9,53.4,33.8,85,100,完整,59.7,60.1,106.44,34.09,2.46,69.45,133.26,0.33,56.86,4.31,,1,0,0,-1,-2,-4,0,56.691,217.82600000000002,105.66300000000004,-233.61299999999997,0,-1,-2,-4,0,1,-59700,1,3.132,27.09,60,217,78,,56.691,217.82600000000002,104.53100000000002,-233.007,73.85,73.83,65.36,90.77,true,false,15.97,13.5,"單日成交金額低於5,000萬元；ETF短中期同步減碼；短線過熱或乖離過大"
444,9935,慶豐富,TWSE,居家生活,不建立部位,降低部位,trim,停止加碼；反彈未站回恢復區時分批減碼,每個交易日收盤後，確認是否站回恢復區,已有部位先停止加碼。反彈若仍未站回 18.99，分批降低部位；只有站回且ETF／外資賣壓收斂後才重新評估。,價格跌破60日EMA且20日趨勢向下；外資持股5/10日下降且外資5日賣超,43.3,53.2,55.2,85,100,完整,18.25,18.25,-4.68,6.4,11.62,70.48,125.46,1.12,7.39,1.2,6.58,1,-2,-6,-5,38,109,0,-37.089,-260.983,-305.593,-1503.4450000000002,-2.089,-4.981999999999999,58.94,117.586,1,2,-90921,0,2,5.86,-33,-316,-452,,-35,-256.001,-366.5329999999999,-1575.031,39.54,47.17,51.2,39.1,false,true,-1.34,-0.27,"單日成交金額低於5,000萬元；中期趨勢仍向下；20日累積後5日轉為調節；ETF 1/3日已轉為減碼；外資持股5/10日下降，且外資5日賣超；20日趨勢尚未上彎；當下除權息調整價未守20日EMA"
445,2547,日勝生,TWSE,建材營造,不建立部位,降低部位,trim,停止加碼；反彈未站回恢復區時分批減碼,每個交易日收盤後，確認是否站回恢復區,已有部位先停止加碼。反彈若仍未站回 10.10，分批降低部位；只有站回且ETF／外資賣壓收斂後才重新評估。,價格跌破60日EMA且20日趨勢向下；外資持股5/10日下降且外資5日賣超,44.5,53.1,44.4,85,100,完整,9.68,9.7,81.23,63.45,17.73,77.43,77.87,0.01,80.67,0.74,8.26,1,-13,-38,-30,224,648,0,225.474,-1444.487,-642.0580000000001,-1721.223,-12.526,-29.872,372.4,724.051,1,2,-289161,13.382,125.177,13.52,240,-1458,-2304,,238,-1427.997,-1139.635,-2585.499,38.01,14.06,21.58,-0.99,false,false,-1.62,-1.12,"單日成交金額低於5,000萬元；中期趨勢仍向下；20日累積後5日轉為調節；ETF 1/3日已轉為減碼；外資持股5/10日下降，且外資5日賣超；20日趨勢尚未上彎；當下除權息調整價未守20日EMA"
446,2543,皇昌,TWSE,建材營造,不建立部位,保護持有,protect,今天不新增部位；未完成確認前不機械式賣出,今天收盤後；若跌破，再看下一交易日是否收復,已有部位暫停加碼；若收盤跌破60日EMA約 39.32，且下一交易日仍未收復，先減碼三分之一；若ETF或外資繼續轉弱，再分批降低部位。,價格跌破60日EMA且20日趨勢向下,57.1,52.9,40.6,85,100,完整,39.15,39.15,51.51,59.41,12.32,57.93,101.48,1.34,13.55,2.15,3.91,1,0,0,0,0,0,0,742.511,844.6150000000001,939.8620000000003,2201.9410000000003,0,0,0,-79,0,0,0,100.001,109.89800000000001,1.84,572,92,-462,,742.511,744.614,829.9639999999998,2153.9680000000003,55.78,39.78,27.62,64.08,true,false,1.85,1.69,"單日成交金額低於5,000萬元；中期趨勢仍向下；20日趨勢尚未上彎"
447,6768,志強-KY,TWSE,運動休閒,不建立部位,降低部位,trim,停止加碼；反彈未站回恢復區時分批減碼,每個交易日收盤後，確認是否站回恢復區,已有部位先停止加碼。反彈若仍未站回 66.82，分批降低部位；只有站回且ETF／外資賣壓收斂後才重新評估。,價格跌破60日EMA且20日趨勢向下；ETF 5/10日同步減碼,50.5,52.5,57.3,85,100,完整,64.9,64.55,6.86,-2.38,5.93,38.72,218.82,2.67,13.01,0.88,7.95,1,-2,-3,-5,-9,-15,0,75.136,141.596,193.19299999999996,97.37899999999986,-1.983,-4.965,-3.947,-23.892,0,3,-322228,1.119,1.251,57.63,88,74,-311,,76.269,145.442,195.889,120.38699999999997,58.26,70.5,67.29,76.93,false,false,2.33,3.51,"單日成交金額低於5,000萬元；累計營收負成長且當月改善不足；中期趨勢仍向下；ETF短中期同步減碼；ETF 1/3日已轉為減碼；20日趨勢尚未上彎"
448,5236,凌陽創新,TWSE,半導體業,不建立部位,降低部位,trim,停止加碼；反彈未站回恢復區時分批減碼,每個交易日收盤後，確認是否站回恢復區,已有部位先停止加碼。反彈若仍未站回 140.04，分批降低部位；只有站回且ETF／外資賣壓收斂後才重新評估。,價格跌破60日EMA且20日趨勢向下；外資持股5/10日下降且外資5日賣超,38.9,52.4,72,85,100,完整,126,126.25,13.22,14.58,33.2,30.49,329.86,5.86,12.27,3.06,7.14,1,0,0,0,60,60,0,-63,-334.32500000000005,-285.884,-344.607,0,0,40.007000000000005,40.007000000000005,0,0,0,0.47799999999999976,3.4779999999999998,5.55,-46,-302,-311,,-63,-334.803,-329.36899999999997,-387.78799999999995,30.04,23.67,44.64,-18.26,false,false,-5.84,-8.36,"單日成交金額低於5,000萬元；中期趨勢仍向下；外資持股5/10日下降，且外資5日賣超；20日趨勢尚未上彎；當下除權息調整價未守20日EMA"
449,1215,卜蜂,TWSE,食品工業,不建立部位,降低部位,trim,停止加碼；反彈未站回恢復區時分批減碼,每個交易日收盤後，確認是否站回恢復區,已有部位先停止加碼。反彈若仍未站回 109.58，分批降低部位；只有站回且ETF／外資賣壓收斂後才重新評估。,價格跌破60日EMA且20日趨勢向下；外資持股5/10日下降且外資5日賣超,47.5,52.3,48,85,100,完整,105,105,1.31,4.69,9.26,65.34,86.75,3.24,12.1,2.83,6.67,4,0,0,0,0,200,0,88.899,-465.555,-2375.085,-2928.644,0,0,0,427,0,0,0,-3.732,-5.847,35.96,121,-147,-2230,,88.899,-461.823,-2369.238,-3345.581,42.38,28.48,20.92,43.61,true,false,-1.18,0,"單日成交金額低於5,000萬元；中期趨勢仍向下；外資持股5/10日下降，且外資5日賣超；20日趨勢尚未上彎；當下除權息調整價未守20日EMA"
450,4536,拓凱,TWSE,運動休閒,不建立部位,保護持有,protect,今天不新增部位；未完成確認前不機械式賣出,今天收盤後；若跌破，再看下一交易日是否收復,已有部位暫停加碼；若收盤跌破60日EMA約 164.20，且下一交易日仍未收復，先減碼三分之一；若ETF或外資繼續轉弱，再分批降低部位。,價格跌破60日EMA且20日趨勢向下,43.2,51.8,65.5,85,100,完整,158,158.5,7.74,2.9,16.23,34.22,265.4,6.55,11.92,1.52,5.06,2,0,0,0,0,0,0,29.676,29.025999999999996,298.639,391.073,0,0,0,0,0,0,0,1.548,1.8519999999999999,15.16,30,-17,346,,30,27.477999999999998,296.78700000000003,397.494,33.89,13.02,23.86,-8.66,false,false,-2.78,-1.86,"單日成交金額低於5,000萬元；中期趨勢仍向下；20日趨勢尚未上彎；當下除權息調整價未守20日EMA"
451,8341,日友,TWSE,綠能環保,不建立部位,降低部位,trim,停止加碼；反彈未站回恢復區時分批減碼,每個交易日收盤後，確認是否站回恢復區,已有部位先停止加碼。反彈若仍未站回 75.36，分批降低部位；只有站回且ETF／外資賣壓收斂後才重新評估。,價格跌破60日EMA且20日趨勢向下；ETF 5/10日同步減碼；外資持股5/10日下降且外資5日賣超,38.3,51.6,66.8,85,100,完整,73.6,73.8,3.97,15.68,29.81,43.1,112.4,2.97,14.05,1.79,5.43,1,-1,-1,-1,-1,-1,0,-16.06,-173.09,-176.071,-453.935,-1,-1,-1,-1,0,1,-73600,4.91,9.309000000000001,5.16,-1,-172,-195,,-15,-177,-184.38,-481.68899999999996,33.06,6.53,14.01,-8.43,false,false,-1.15,-1.08,"單日成交金額低於5,000萬元；中期趨勢仍向下；ETF短中期同步減碼；ETF 1/3日已轉為減碼；外資持股5/10日下降，且外資5日賣超；20日趨勢尚未上彎；當下除權息調整價未守20日EMA"
452,2546,根基,TWSE,建材營造,不建立部位,保護持有,protect,今天不新增部位；未完成確認前不機械式賣出,今天收盤後；若跌破，再看下一交易日是否收復,已有部位暫停加碼；若收盤跌破60日EMA約 99.93，且下一交易日仍未收復，先減碼三分之一；若ETF或外資繼續轉弱，再分批降低部位。,ETF 5/10日同步減碼,57.3,50.8,42.1,85,100,完整,108.5,108.5,-24.41,11.19,12.17,61.6,158.04,8.89,7.26,2.16,5.53,2,0,-1,-20,-20,-20,-20,79.93,41.96700000000002,33.62100000000001,9.161000000000007,0,-20.56,-20.56,-20.56,0,2,-2230760,2,10,4.1,81,-3,-38,,77.93,60.527000000000015,44.18100000000001,0.5190000000000268,60.03,60.58,50.5,80.74,true,false,2.85,3.33,"單日成交金額低於5,000萬元；ETF短中期同步減碼；主動ETF 5日轉為減碼"
453,2458,義隆,TWSE,半導體業,不建立部位,優先降低風險,risk,依風險與流動性分批降低部位,風險解除且基本面與趨勢重新確認後,已有部位應優先降低曝險；目前觸發「單月與累計營收同步明顯衰退」。待事件解除或基本面重新確認後再評估。,單月與累計營收同步明顯衰退,52.7,50.6,61.1,85,100,完整,134,133,-36.72,-3.41,22.95,31.65,227.9,5.53,12.45,3.42,5.28,15,81,509,903,1042,322,0,250.874,460.81699999999995,-680.1310000000001,-1192.691,80.804,903.414,903.219,-171.0479999999999,5,0,121057476,-148.325,-144.46899999999997,19,192,39,-1551,,154.088,-294.27200000000005,-1438.8809999999999,-1040.2949999999998,47.56,58.89,68.49,39.71,false,true,-0.17,-2.55,營收動能同步衰退；累計營收負成長且當月改善不足；當下除權息調整價未守20日EMA
454,5534,長虹,TWSE,建材營造,不建立部位,降低部位,trim,停止加碼；反彈未站回恢復區時分批減碼,每個交易日收盤後，確認是否站回恢復區,已有部位先停止加碼。反彈若仍未站回 75.94，分批降低部位；只有站回且ETF／外資賣壓收斂後才重新評估。,價格跌破60日EMA且20日趨勢向下；ETF 5/10日同步減碼；外資持股5/10日下降且外資5日賣超,36.9,50.6,61.9,85,100,完整,71.6,71.75,88.58,67.05,17.45,56.25,185.49,1.05,12.65,1.06,7.07,1,0,-723,-1425,-1826,-1826,-1425,-173.663,-3762.575,-4579.477999999999,-6541.71,0,-1425,-1740,-2037,0,4,-102030000,8.001000000000001,3.102000000000001,8.69,-269,-1576,-1996,,-172,-2345.576,-2842.58,-4115.109,34.22,15.01,13.94,17.15,true,false,-2.88,-2.05,"單日成交金額低於5,000萬元；中期趨勢仍向下；ETF短中期同步減碼；主動ETF 5日轉為減碼；投信5/10日持續且具金額意義的賣超；外資持股5/10日下降，且外資5日賣超；20日趨勢尚未上彎；當下除權息調整價未守20日EMA"
455,6962,奕力-KY,TWSE,半導體業,不建立部位,保護持有,protect,今天不新增部位；未完成確認前不機械式賣出,今天收盤後；若跌破，再看下一交易日是否收復,已有部位暫停加碼；若收盤跌破60日EMA約 32.54，且下一交易日仍未收復，先減碼三分之一；若ETF或外資繼續轉弱，再分批降低部位。,未觸發明確減碼訊號,55.7,50.6,53.5,85,100,完整,32.9,32.8,7.16,-0.21,-1.55,22.41,239.24,0.61,22.53,0.81,3.04,1,0,0,0,60,60,0,44.569,1890.1499999999999,3662.6110000000003,3966.4329999999995,0,0,40.076,40.076,0,0,0,-1.5270000000000001,-1.5229999999999997,37.35,-1215,-3663,-3455,,46.035,1891.677,3624.057999999999,4062.562999999999,57.41,69.95,76.65,56.55,false,true,2.2,1.39,"單日成交金額低於5,000萬元；累計營收負成長且當月改善不足；單季稅前獲利對營業外貢獻依賴偏高"
456,8938,明安,TPEX,運動休閒,不建立部位,保護持有,protect,今天不新增部位；未完成確認前不機械式賣出,今天收盤後；若跌破，再看下一交易日是否收復,已有部位暫停加碼；若收盤跌破60日EMA約 52.84，且下一交易日仍未收復，先減碼三分之一；若ETF或外資繼續轉弱，再分批降低部位。,未觸發明確減碼訊號,43.8,50.5,56.9,85,100,可用,51.8,51.6,17.8,-3.04,3,40.38,202.65,1.34,9.87,1.04,7.72,1,-2,-6,-5,35,102,0,-1.3,-1.3,-1.3,-1.3,-1.976,-1.976,-1.976,-1.976,0,1,-102357,0.676,0.676,6.72,,,,,0,0,0,0,46.96,34.81,50.36,3.71,false,true,-0.49,-1.52,"單日成交金額低於5,000萬元；20日累積後5日轉為調節；ETF 1/3日已轉為減碼；外資持股尚未完成5／10日可比核對或期間有非市場異動；此項不給分，不解讀為轉弱；當下除權息調整價未守20日EMA"
457,1227,佳格,TWSE,食品工業,不建立部位,降低部位,trim,停止加碼；反彈未站回恢復區時分批減碼,每個交易日收盤後，確認是否站回恢復區,已有部位先停止加碼。反彈若仍未站回 28.60，分批降低部位；只有站回且ETF／外資賣壓收斂後才重新評估。,價格跌破60日EMA且20日趨勢向下；外資持股5/10日下降且外資5日賣超,45.3,50.2,50,85,100,完整,27.7,27.7,10.7,7.39,4.15,40.08,164.89,0.8,17.2,1.38,4.84,1,0,0,0,0,0,0,166.257,-1568.1109999999999,-2486.9809999999998,-3291.441,0,0,0,-144,0,0,0,-12,4.129999999999999,6.62,37,-1436,-2347,,166.257,-1556.1109999999999,-2491.1110000000003,-3202.4410000000007,36.58,16.35,16.16,16.75,true,false,-1.5,-1.42,"單日成交金額低於5,000萬元；中期趨勢仍向下；外資持股5/10日下降，且外資5日賣超；20日趨勢尚未上彎；當下除權息調整價未守20日EMA"
458,4968,立積,TWSE,半導體業,不建立部位,保護持有,protect,今天不新增部位；未完成確認前不機械式賣出,今天收盤後；若跌破，再看下一交易日是否收復,已有部位暫停加碼；若收盤跌破60日EMA約 96.49，且下一交易日仍未收復，先減碼三分之一；若ETF或外資繼續轉弱，再分批降低部位。,外資持股5/10日下降且外資5日賣超,55.2,50.1,53.9,85,100,完整,97.2,97.35,-2.44,2.84,3.27,25.03,385.26,1,26.27,3.32,1.65,1,0,0,0,80,80,0,12.502,-296.472,271.83399999999995,685.6809999999999,0,0,50,50,0,0,0,43.504000000000005,52.394000000000005,4.27,58,-462,-565,,13,-339.976,169.44,573.742,57.34,62.74,71.01,46.21,false,true,2.48,0.62,"單日成交金額低於5,000萬元；外資持股5/10日下降，且外資5日賣超"
459,6024,群益期,TWSE,金融保險業,不建立部位,降低部位,trim,停止加碼；反彈未站回恢復區時分批減碼,每個交易日收盤後，確認是否站回恢復區,已有部位先停止加碼。反彈若仍未站回 60.55，分批降低部位；只有站回且ETF／外資賣壓收斂後才重新評估。,價格跌破60日EMA且20日趨勢向下；ETF 5/10日同步減碼；外資持股5/10日下降且外資5日賣超,40.5,49.6,64.6,85,100,完整,59.4,59.45,7.8,-12.89,,92.26,107.73,4.09,8.18,1.38,5.84,2,-1,-2,-2,-2,-2,0,-37.715,-423.12200000000007,-351.8640000000001,-887.3410000000001,-1,-2,-2,-2,0,2,-118800,0,3,4.89,-37,-419,-388,,-36.715,-421.12200000000007,-352.8640000000001,-892.3410000000001,36.28,8.17,16.48,-8.46,false,false,-1.89,-1.66,"單日成交金額低於5,000萬元；累計營收負成長且當月改善不足；中期趨勢仍向下；ETF短中期同步減碼；ETF 1/3日已轉為減碼；外資持股5/10日下降，且外資5日賣超；20日趨勢尚未上彎；當下除權息調整價未守20日EMA；單季稅前獲利對營業外貢獻依賴偏高"
460,2540,愛山林,TWSE,建材營造,不建立部位,保護持有,protect,今天不新增部位；未完成確認前不機械式賣出,今天收盤後；若跌破，再看下一交易日是否收復,已有部位暫停加碼；若收盤跌破60日EMA約 49.63，且下一交易日仍未收復，先減碼三分之一；若ETF或外資繼續轉弱，再分批降低部位。,未觸發明確減碼訊號,55.9,49.3,30,85,100,完整,48.75,49.33,98.38,-25.15,2.6,82.96,121.15,0.02,,4.28,12.31,1,0,0,0,0,0,0,349.574,394.80100000000004,773.3710000000001,2531.038,0,0,0,0,0,0,0,-13,17,1.61,176,-67,-843,,349.574,407.80100000000004,756.3710000000001,2397.038,50.55,21.84,17.87,29.79,true,false,0.54,0.62,"單日成交金額低於5,000萬元"
461,3708,上緯投控,TWSE,綠能環保,不建立部位,降低部位,trim,停止加碼；反彈未站回恢復區時分批減碼,每個交易日收盤後，確認是否站回恢復區,已有部位先停止加碼。反彈若仍未站回 100.83，分批降低部位；只有站回且ETF／外資賣壓收斂後才重新評估。,價格跌破60日EMA且20日趨勢向下；ETF 5/10日同步減碼；外資持股5/10日下降且外資5日賣超,40.7,49.3,62.7,85,100,完整,96.2,95.2,534.57,23.25,-7.81,13.77,187.94,-0.87,2.33,0.4,6.76,2,-11,-17,-18,-21,21,0,34.283,-286.798,-598.0490000000001,-847.8640000000001,-11,-18,-21,23,0,4,-1731600,0.804,4.855,6.32,-42,-733,-1382,,43.283,-269.602,-581.904,-824.145,44.21,24.58,38.26,-2.78,false,true,-1.76,-2.73,"單日成交金額低於5,000萬元；中期趨勢仍向下；ETF短中期同步減碼；20日累積後5日轉為調節；ETF 1/3日已轉為減碼；外資持股5/10日下降，且外資5日賣超；20日趨勢尚未上彎；當下除權息調整價未守20日EMA；單季稅前獲利對營業外貢獻依賴偏高"
462,2204,中華,TWSE,汽車工業,不建立部位,降低部位,trim,停止加碼；反彈未站回恢復區時分批減碼,每個交易日收盤後，確認是否站回恢復區,已有部位先停止加碼。反彈若仍未站回 53.11，分批降低部位；只有站回且ETF／外資賣壓收斂後才重新評估。,價格跌破60日EMA且20日趨勢向下；外資持股5/10日下降且外資5日賣超,42.3,49.2,62.2,85,100,完整,51.6,51.7,-3.04,9.09,5.12,24.02,123.61,3.19,8.4,0.74,6.98,3,-8,-23,-22,89,277,0,349.977,-1243.2790000000002,-1560.8950000000004,-2491.386000000001,-8.723,-22.672000000000004,158.642,195.47799999999998,1,4,-1169875,-1.287,15.782999999999998,18.39,267,-1662,-2155,,359,-1219.32,-1735.32,-2746.8590000000004,39.61,19.82,19.65,20.14,true,false,-1.31,-1.34,"單日成交金額低於5,000萬元；中期趨勢仍向下；20日累積後5日轉為調節；ETF 1/3日已轉為減碼；外資持股5/10日下降，且外資5日賣超；20日趨勢尚未上彎；當下除權息調整價未守20日EMA"
463,2206,三陽工業,TWSE,汽車工業,不建立部位,保護持有,protect,今天不新增部位；未完成確認前不機械式賣出,今天收盤後；若跌破，再看下一交易日是否收復,已有部位暫停加碼；若收盤跌破60日EMA約 62.81，且下一交易日仍未收復，先減碼三分之一；若ETF或外資繼續轉弱，再分批降低部位。,未觸發明確減碼訊號,52.8,48.6,45.4,85,100,完整,63.1,63.1,-0.22,-4.83,8.71,57.04,142.77,3.14,10.57,1.85,4.85,2,0,0,0,0,-150,0,99.072,880.6610000000001,896.481,987.1609999999996,0,0,8,-40,0,0,0,23.003,46.003,8.06,-23,1631,931,,100.072,857.6580000000001,842.4780000000001,923.1580000000001,49.88,40.23,33.73,53.24,true,false,0,1.61,"單日成交金額低於5,000萬元；累計營收負成長且當月改善不足；20日趨勢尚未上彎；當下除權息調整價未守20日EMA"
464,4571,鈞興-KY,TWSE,電機機械,不建立部位,保護持有,protect,今天不新增部位；未完成確認前不機械式賣出,今天收盤後；若跌破，再看下一交易日是否收復,已有部位暫停加碼；若收盤跌破60日EMA約 158.36，且下一交易日仍未收復，先減碼三分之一；若ETF或外資繼續轉弱，再分批降低部位。,價格跌破60日EMA且20日趨勢向下,47.1,48.6,61.9,85,100,完整,153.5,152.5,-4.01,2.64,17.19,25.38,311.88,4.16,17.15,2.45,3.43,1,0,0,0,0,0,0,13,-15.395999999999999,0.0129999999999999,-188.32999999999998,0,0,0,0,0,0,0,-6,-13,63.12,20,-10,12,,13,-9.395999999999997,13.013000000000002,-168.68099999999998,48.19,66.72,71.83,56.5,false,true,0.03,0,"單日成交金額低於5,000萬元；中期趨勢仍向下；20日趨勢尚未上彎；當下除權息調整價未守20日EMA"
465,6719,力智,TWSE,半導體業,不建立部位,優先降低風險,risk,依風險與流動性分批降低部位,風險解除且基本面與趨勢重新確認後,已有部位應優先降低曝險；目前觸發「價格跌破60日EMA且20日趨勢向下」。待事件解除或基本面重新確認後再評估。,價格跌破60日EMA且20日趨勢向下；外資持股5/10日下降且外資5日賣超；單月與累計營收同步明顯衰退,48.6,48.6,64,85,100,完整,189.5,188.5,-15.97,-7.64,17.85,18.57,987.87,4.2,21.34,1.42,2.43,1,0,0,0,60,81,0,23.036,-251.93599999999998,-341.146,16.71699999999995,0,0,40,33,0,0,0,13.527999999999997,30.083,6.6,-26,-138,-212,,28.037,-265.464,-411.229,-17.299999999999915,50.26,59.84,60.35,58.8,false,true,0.95,1.61,營收動能同步衰退；累計營收負成長且當月改善不足；中期趨勢仍向下；外資持股5/10日下降，且外資5日賣超；20日趨勢尚未上彎
466,3016,嘉晶,TWSE,半導體業,不建立部位,優先降低風險,risk,依風險與流動性分批降低部位,風險解除且基本面與趨勢重新確認後,已有部位應優先降低曝險；目前觸發「處置或交易限制事件」。待事件解除或基本面重新確認後再評估。,價格強勢站上20／60日EMA；法人未同步轉弱,45.9,48.4,46.7,85,100,可用,195,193,57.79,34.73,14.09,31.1,295.64,1,162.5,10.87,0.26,1,0,0,0,0,0,0,717.864,5420.732,20057.847,16406.071999999996,0,0,0,7,0,0,0,-98.469,-53.10499999999996,12.08,-594,2865,24567,,700.255,5519.201,20110.952,15781.679000000004,87.35,95.55,93.31,100.02,false,false,30.08,15.38,處置或交易限制風險；外資持股尚未完成5／10日可比核對或期間有非市場異動；此項不給分，不解讀為轉弱；短線過熱或乖離過大
467,2491,吉祥全,TWSE,光電業,不建立部位,保護持有,protect,今天不新增部位；未完成確認前不機械式賣出,今天收盤後；若跌破，再看下一交易日是否收復,已有部位暫停加碼；若收盤跌破60日EMA約 38.13，且下一交易日仍未收復，先減碼三分之一；若ETF或外資繼續轉弱，再分批降低部位。,ETF 5/10日同步減碼；外資持股5/10日下降且外資5日賣超,45.2,47.9,64.6,85,100,完整,39.7,39.55,10.9,-3.23,-170.2,17.78,507.82,29.98,1.24,0.8,,1,0,0,-1,-2,-5,0,-54.001,-273.76599999999996,-91.20599999999996,-386.562,0,-0.995,-1.995,-4.995,1,1,-39501,6,7,9.77,-58,-288,-307,,-58.001,-278.77099999999996,-96.21099999999996,-352.567,47.56,19.98,26.28,7.36,false,true,-2.13,-2.7,"單日成交金額低於5,000萬元；ETF短中期同步減碼；外資持股5/10日下降，且外資5日賣超；20日趨勢尚未上彎；當下除權息調整價未守20日EMA；單季稅前獲利對營業外貢獻依賴偏高"
468,8436,大江,TPEX,生技醫療業,不建立部位,降低部位,trim,停止加碼；反彈未站回恢復區時分批減碼,每個交易日收盤後，確認是否站回恢復區,已有部位先停止加碼。反彈若仍未站回 112.09，分批降低部位；只有站回且ETF／外資賣壓收斂後才重新評估。,價格跌破60日EMA且20日趨勢向下；ETF 5/10日同步減碼,35.3,47.3,64,85,100,可用,102.5,102.5,2.05,-1.98,18.09,36.7,169.74,4.13,11.65,1.47,5.87,1,-1,-2,-3,-70,-175,0,-119.461,-119.461,-119.461,-119.461,-1.324,-1.324,-1.324,-1.324,0,1,-135710,0.416,0.416,12.75,,,,,-118.553,-118.553,-118.553,-118.553,31.28,25.16,36.44,2.61,false,false,-3.75,-3.76,"單日成交金額低於5,000萬元；累計營收負成長且當月改善不足；中期趨勢仍向下；ETF短中期同步減碼；ETF 1/3日已轉為減碼；外資持股尚未完成5／10日可比核對或期間有非市場異動；此項不給分，不解讀為轉弱；20日趨勢尚未上彎；當下除權息調整價未守20日EMA"
469,2718,全心投控,TPEX,建材營造,不建立部位,優先降低風險,risk,依風險與流動性分批降低部位,風險解除且基本面與趨勢重新確認後,已有部位應優先降低曝險；目前觸發「價格跌破60日EMA且20日趨勢向下」。待事件解除或基本面重新確認後再評估。,價格跌破60日EMA且20日趨勢向下；單月與累計營收同步明顯衰退,37.1,47.1,75.6,85,100,可用,39.7,39.53,-93.1,-89.69,33.05,17.92,536.6,2.72,3.81,0.56,14.03,1,0,-1,-1,8,22,0,-5.428,-5.428,-5.428,-5.428,-0.428,-0.428,-0.428,-0.428,0,1,-16992,-5,-5,0.52,,,,,0,0,0,0,35.06,21.13,31.44,0.51,false,false,-2.78,-1.85,"單日成交金額低於5,000萬元；營收動能同步衰退；累計營收負成長且當月改善不足；中期趨勢仍向下；20日累積後5日轉為調節；外資持股尚未完成5／10日可比核對或期間有非市場異動；此項不給分，不解讀為轉弱；20日趨勢尚未上彎；當下除權息調整價未守20日EMA；單季稅前獲利對營業外貢獻依賴偏高"
470,6104,創惟,TPEX,半導體業,不建立部位,保護持有,protect,今天不新增部位；未完成確認前不機械式賣出,今天收盤後；若跌破，再看下一交易日是否收復,已有部位暫停加碼；若收盤跌破60日EMA約 93.52，且下一交易日仍未收復，先減碼三分之一；若ETF或外資繼續轉弱，再分批降低部位。,價格跌破60日EMA且20日趨勢向下,39.5,46.3,54.7,85,100,可用,87.5,87.6,3.37,0.77,13.92,35.3,172.53,2.87,18.42,3.69,5.14,1,0,0,0,60,60,0,-220.411,-220.411,-220.411,-220.411,0,0,0,0,0,0,0,-5.537,-5.537,21.31,,,,,-214.874,-214.874,-214.874,-214.874,35.42,29.78,43.6,2.12,false,true,-3.99,-4.37,"單日成交金額低於5,000萬元；中期趨勢仍向下；外資持股尚未完成5／10日可比核對或期間有非市場異動；此項不給分，不解讀為轉弱；20日趨勢尚未上彎；當下除權息調整價未守20日EMA"
471,1707,葡萄王,TWSE,生技醫療業,不建立部位,優先降低風險,risk,依風險與流動性分批降低部位,風險解除且基本面與趨勢重新確認後,已有部位應優先降低曝險；目前觸發「價格跌破60日EMA且20日趨勢向下」。待事件解除或基本面重新確認後再評估。,價格跌破60日EMA且20日趨勢向下；ETF 5/10日同步減碼；外資持股5/10日下降且外資5日賣超,37.5,46.2,65.2,85,100,完整,84.9,85,-20.14,-5.36,15.96,22.65,158.79,2.75,10.95,1.23,7.07,1,0,-1,-1,-1,-1,0,50.962,-246.546,-768.297,-1948.974,0,-1,1,1,0,1,-84900,0.06699999999999996,0.8889999999999999,11.91,27,-316,-1058,,51,-245.613,-770.186,-1943.4679999999998,33.57,10.54,8.58,14.46,true,false,-2.08,-0.93,"單日成交金額低於5,000萬元；營收動能同步衰退；累計營收負成長且當月改善不足；中期趨勢仍向下；ETF短中期同步減碼；外資持股5/10日下降，且外資5日賣超；20日趨勢尚未上彎；當下除權息調整價未守20日EMA"
472,2923,鼎固-KY,TWSE,建材營造,不建立部位,降低部位,trim,停止加碼；反彈未站回恢復區時分批減碼,每個交易日收盤後，確認是否站回恢復區,已有部位先停止加碼。反彈若仍未站回 26.05，分批降低部位；只有站回且ETF／外資賣壓收斂後才重新評估。,價格跌破60日EMA且20日趨勢向下；外資持股5/10日下降且外資5日賣超,41.6,46.2,48,85,100,完整,23.7,23.88,218.99,159.22,14.07,58.69,288.95,-0.11,,0.89,0.51,1,0,0,0,0,0,0,-8,-164,-115.39900000000002,-199.739,0,0,0,0,0,0,0,-9,-10.409,99.49,5,-155,-208,,5,-155,-104.99000000000001,-232.73900000000003,43.32,14.64,27.41,-10.89,false,false,-5.02,-6.88,"單日成交金額低於5,000萬元；中期趨勢仍向下；外資持股5/10日下降，且外資5日賣超；20日趨勢尚未上彎；當下除權息調整價未守20日EMA"
473,2597,潤弘,TWSE,建材營造,不建立部位,降低部位,trim,停止加碼；反彈未站回恢復區時分批減碼,每個交易日收盤後，確認是否站回恢復區,已有部位先停止加碼。反彈若仍未站回 167.75，分批降低部位；只有站回且ETF／外資賣壓收斂後才重新評估。,價格跌破60日EMA且20日趨勢向下；外資持股5/10日下降且外資5日賣超,48.7,46.1,34.4,85,100,完整,165.5,164.5,40.91,16.72,13.16,68.77,112.85,5.08,14.19,6.91,5.84,5,-1,-1,89,89,92,0,99,-166.157,-134.387,650.076,-1,89,92,124.017,1,1,14729500,-2.3230000000000004,1.561,2.28,144,-404,-403,,100,-252.834,-227.948,472.801,43.65,17.53,18.4,15.79,false,false,-1.26,-1.49,"單日成交金額低於5,000萬元；中期趨勢仍向下；ETF 1/3日已轉為減碼；外資持股5/10日下降，且外資5日賣超；20日趨勢尚未上彎；當下除權息調整價未守20日EMA"
474,5222,全訊,TWSE,半導體業,不建立部位,降低部位,trim,停止加碼；反彈未站回恢復區時分批減碼,每個交易日收盤後，確認是否站回恢復區,已有部位先停止加碼。反彈若仍未站回 105.88，分批降低部位；只有站回且ETF／外資賣壓收斂後才重新評估。,價格跌破60日EMA且20日趨勢向下；ETF 5/10日同步減碼,39.4,45.8,59.2,85,93,可用,103,103.25,59.94,-10.15,16.7,15.68,245.71,0.63,53.93,3.21,2.43,1,0,-1,-3,-6,-3,0,-78.548,-3.829000000000015,153.65699999999998,142.26299999999998,-1,-4,-6.382,-3.3819999999999997,0,4,-412000,-0.7350000000000001,2.891,2.96,-55,-209,-309,,-77.628,0.9059999999999988,157.148,138.561,44.19,33.26,46.7,6.37,false,true,-1.79,-3.29,"單日成交金額低於5,000萬元；中期趨勢仍向下；ETF短中期同步減碼；20日趨勢尚未上彎；當下除權息調整價未守20日EMA"
475,2385,群光,TWSE,電子零組件業,不建立部位,優先降低風險,risk,依風險與流動性分批降低部位,風險解除且基本面與趨勢重新確認後,已有部位應優先降低曝險；目前觸發「價格跌破60日EMA且20日趨勢向下」。待事件解除或基本面重新確認後再評估。,價格跌破60日EMA且20日趨勢向下；投信5/10日持續且具金額意義地賣超；單月與累計營收同步明顯衰退,49.5,45.5,50.9,85,100,可用,105,104.25,-23.13,-8.49,5.03,52.04,143.4,5.06,11.78,1.72,6.86,22,2,-1,143,210,129,0,71.115,3205.863,3091.8479999999995,3873.024,-44.187,-197.223,-350.22800000000007,-186.98300000000017,1,4,-20708415,225.774,347.08000000000004,25.02,157,3456,3006,,89.392,3177.312,3094.9959999999996,3594.179,47.61,55.43,50.56,65.16,true,false,-0.29,0.48,營收動能同步衰退；累計營收負成長且當月改善不足；中期趨勢仍向下；投信5/10日持續且具金額意義的賣超；20日趨勢尚未上彎；當下除權息調整價未守20日EMA
476,6143,振曜,TPEX,通信網路業,不建立部位,保護持有,protect,今天不新增部位；未完成確認前不機械式賣出,今天收盤後；若跌破，再看下一交易日是否收復,已有部位暫停加碼；若收盤跌破60日EMA約 86.75，且下一交易日仍未收復，先減碼三分之一；若ETF或外資繼續轉弱，再分批降低部位。,價格跌破60日EMA且20日趨勢向下,36.2,45.1,63.1,85,100,可用,78.3,78.1,-12.97,11.48,10.45,43.35,196.37,3.03,9.95,2.38,7.66,1,0,4,4,4,3,0,-16,-16,-16,-16,-60,-60,-60,-60,0,1,-4698000,0,0,5.92,,,,,44,44,44,44,26.44,8.35,15.97,-6.9,false,false,-4.47,-3.33,"單日成交金額低於5,000萬元；中期趨勢仍向下；外資持股尚未完成5／10日可比核對或期間有非市場異動；此項不給分，不解讀為轉弱；20日趨勢尚未上彎；當下除權息調整價未守20日EMA"
477,1537,廣隆,TWSE,電機機械,不建立部位,降低部位,trim,停止加碼；反彈未站回恢復區時分批減碼,每個交易日收盤後，確認是否站回恢復區,已有部位先停止加碼。反彈若仍未站回 119.15，分批降低部位；只有站回且ETF／外資賣壓收斂後才重新評估。,價格跌破60日EMA且20日趨勢向下；ETF 5/10日同步減碼；外資持股5/10日下降且外資5日賣超,36.3,44.9,61.5,85,100,完整,113,114.25,10.98,2.73,11.23,32.26,319,4.01,13.66,2.19,6.37,1,-1,-1,-1,-1,-1,0,0,-63.86,-112.002,-178.134,-1,-1,-1,-1,0,1,-113000,3,3.842,15.14,2,-130,-179,,1,-65.86,-114.844,-172.976,29.92,22.32,28.31,10.34,false,false,-2.02,-1.74,"單日成交金額低於5,000萬元；中期趨勢仍向下；ETF短中期同步減碼；ETF 1/3日已轉為減碼；外資持股5/10日下降，且外資5日賣超；20日趨勢尚未上彎；當下除權息調整價未守20日EMA"
478,4420,光明,TPEX,紡織纖維,不建立部位,保護持有,protect,今天不新增部位；未完成確認前不機械式賣出,今天收盤後；若跌破，再看下一交易日是否收復,已有部位暫停加碼；若收盤跌破60日EMA約 36.84，且下一交易日仍未收復，先減碼三分之一；若ETF或外資繼續轉弱，再分批降低部位。,價格跌破60日EMA且20日趨勢向下,42.1,44.9,55.2,85,100,可用,35.4,35.3,13.51,-6.33,2.22,11.91,222.84,0.94,26.42,1.01,8.47,1,-1,-2,-1,7,20,0,-2.402,-2.402,-2.402,-2.402,-0.402,-0.402,-0.402,-0.402,0,1,-14231,1,1,0.9,,,,,-3,-3,-3,-3,38.59,21.18,20.97,21.58,true,true,-2.46,-1.8,"單日成交金額低於5,000萬元；中期趨勢仍向下；20日累積後5日轉為調節；ETF 1/3日已轉為減碼；外資持股尚未完成5／10日可比核對或期間有非市場異動；此項不給分，不解讀為轉弱；20日趨勢尚未上彎；當下除權息調整價未守20日EMA；單季稅前獲利對營業外貢獻依賴偏高"
479,1810,和成,TWSE,玻璃陶瓷,不建立部位,保護持有,protect,今天不新增部位；未完成確認前不機械式賣出,今天收盤後；若跌破，再看下一交易日是否收復,已有部位暫停加碼；若收盤跌破60日EMA約 24.04，且下一交易日仍未收復，先減碼三分之一；若ETF或外資繼續轉弱，再分批降低部位。,價格跌破60日EMA且20日趨勢向下,39.5,44.8,62.6,85,100,完整,23.4,23.5,4.61,-6.31,-10.35,20.16,316.24,3.62,6.39,0.83,0.85,1,0,0,0,0,28,0,22.063,-462.586,1279.6399999999999,1514.6989999999996,0,0,0,27.967999999999996,0,0,0,-4.2330000000000005,3.767,2.13,1,-746,880,,28.231,-458.353,1275.873,1489.3419999999999,41.39,16.88,29.08,-7.5,false,false,-2.3,-4.29,"單日成交金額低於5,000萬元；累計營收負成長且當月改善不足；中期趨勢仍向下；20日趨勢尚未上彎；當下除權息調整價未守20日EMA；單季稅前獲利對營業外貢獻依賴偏高"
480,1444,力麗,TWSE,紡織纖維,不建立部位,降低部位,trim,停止加碼；反彈未站回恢復區時分批減碼,每個交易日收盤後，確認是否站回恢復區,已有部位先停止加碼。反彈若仍未站回 7.10，分批降低部位；只有站回且ETF／外資賣壓收斂後才重新評估。,價格跌破60日EMA且20日趨勢向下；ETF 5/10日同步減碼,48.8,44.6,30.7,85,100,完整,6.99,6.99,-14.56,16.04,-1.41,44.94,88.37,0.14,,0.69,,1,0,0,-17,-31,-65,0,656.065,-690.803,872.946,-1776.57,0,-17,-31,-65,0,1,-118830,0.815,-377.185,5.29,767,87,1493,,655.25,-674.618,1281.1309999999999,-1961.385,50.66,32.88,36.4,25.85,false,false,0.83,-1.83,"單日成交金額低於5,000萬元；中期趨勢仍向下；ETF短中期同步減碼；20日趨勢尚未上彎；單季稅前獲利對營業外貢獻依賴偏高"
481,6176,瑞儀,TWSE,光電業,不建立部位,優先降低風險,risk,依風險與流動性分批降低部位,風險解除且基本面與趨勢重新確認後,已有部位應優先降低曝險；目前觸發「外資持股5/10日下降且外資5日賣超」。待事件解除或基本面重新確認後再評估。,外資持股5/10日下降且外資5日賣超；單月與累計營收同步明顯衰退,41.7,44.3,56,85,100,完整,91.1,90.8,-13.63,-7.43,10.12,48.32,178.45,2.81,11.26,1.16,3.84,4,0,3,3,-44,-82,0,-331.125,-264.21099999999996,-2781.077,-3079.348000000001,0,2.689,-27.312,-63.38000000000001,1,1,244968,3.8600000000000003,-10.888,32.48,-293,-595,-4121,,-332.934,-270.76,-2742.877,-3049.853,39.66,29.75,31.73,25.79,false,false,-1.89,-0.11,營收動能同步衰退；累計營收負成長且當月改善不足；外資持股5/10日下降，且外資5日賣超；當下除權息調整價未守20日EMA
482,2903,遠百,TWSE,貿易百貨,不建立部位,降低部位,trim,停止加碼；反彈未站回恢復區時分批減碼,每個交易日收盤後，確認是否站回恢復區,已有部位先停止加碼。反彈若仍未站回 22.22，分批降低部位；只有站回且ETF／外資賣壓收斂後才重新評估。,價格跌破60日EMA且20日趨勢向下；ETF 5/10日同步減碼；外資持股5/10日下降且外資5日賣超,38.5,44.2,42.1,85,100,完整,21.95,21.98,-0.64,-0.5,14.05,73.04,49.46,0.55,14.73,1.03,5.69,3,0,0,-1595,-792,-464,-1595,210.075,-3772.121,-3943.2120000000004,-5779.155,0,-1595,-977,-939,0,3,-35010250,150,277.933,7.59,59,-2468,-4741,,180.075,-2327.121,-3244.145,-5396.281999999999,46.38,20.49,22.96,15.55,false,false,-0.44,-0.9,"單日成交金額低於5,000萬元；累計營收負成長且當月改善不足；中期趨勢仍向下；ETF短中期同步減碼；主動ETF 5日轉為減碼；投信5/10日持續且具金額意義的賣超；外資持股5/10日下降，且外資5日賣超；20日趨勢尚未上彎；當下除權息調整價未守20日EMA"
483,2466,冠西電,TWSE,光電業,不建立部位,優先降低風險,risk,依風險與流動性分批降低部位,風險解除且基本面與趨勢重新確認後,已有部位應優先降低曝險；目前觸發「ETF 5/10日同步減碼」。待事件解除或基本面重新確認後再評估。,價格強勢站上20／60日EMA；ETF偏弱，先觀察,46.8,44,28.2,85,100,完整,180.5,180.5,59.92,1.39,-12.17,58.31,118.6,0.05,114.97,16.16,,1,0,0,-4,-6,-13,0,-135.469,483.875,355.65200000000004,1585.1019999999999,0,-4,-5.951,-12.951,0,1,-722000,25.456,45,12.51,-139,462,984,,-138.64,462.41900000000004,316.60300000000007,1554.0529999999999,85.32,94.91,90.15,104.42,false,false,41.21,44.98,處置或交易限制風險；ETF短中期同步減碼；短線過熱或乖離過大；高波動且5日漲幅過大；單季稅前獲利對營業外貢獻依賴偏高
484,3483,力致,TPEX,電腦及週邊設備業,不建立部位,優先降低風險,risk,依風險與流動性分批降低部位,風險解除且基本面與趨勢重新確認後,已有部位應優先降低曝險；目前觸發「單月與累計營收同步明顯衰退」。待事件解除或基本面重新確認後再評估。,單月與累計營收同步明顯衰退,53.1,43.8,40.5,85,100,可用,79,79,-32.24,-7.86,0.44,48.8,166.92,0.69,27.15,1.59,3.8,1,0,4,4,4,3,0,14.41,14.41,14.41,14.41,0,0,0,0,0,0,0,-2,-2,13.62,,,,,16.41,16.41,16.41,16.41,53.98,60.43,66.78,47.73,false,true,1.36,-0.13,"單日成交金額低於5,000萬元；營收動能同步衰退；累計營收負成長且當月改善不足；外資持股尚未完成5／10日可比核對或期間有非市場異動；此項不給分，不解讀為轉弱；單季稅前獲利對營業外貢獻依賴偏高"
485,3078,僑威,TPEX,電子零組件業,不建立部位,優先降低風險,risk,依風險與流動性分批降低部位,風險解除且基本面與趨勢重新確認後,已有部位應優先降低曝險；目前觸發「價格跌破60日EMA且20日趨勢向下」。待事件解除或基本面重新確認後再評估。,價格跌破60日EMA且20日趨勢向下；單月與累計營收同步明顯衰退,41.9,43.6,61.6,85,100,可用,46.1,46.28,-49.34,-46.93,6.99,35.08,273.61,1.02,12.81,1.54,8.68,2,-5,-14,-11,81,238,0,85.144,85.144,85.144,85.144,-4.586,-4.586,-4.586,-4.586,0,1,-211415,1.925,1.925,12.92,,,,,87.805,87.805,87.805,87.805,44.96,78.7,78.58,78.93,false,false,-0.19,-0.11,"單日成交金額低於5,000萬元；營收動能同步衰退；累計營收負成長且當月改善不足；中期趨勢仍向下；20日累積後5日轉為調節；ETF 1/3日已轉為減碼；外資持股尚未完成5／10日可比核對或期間有非市場異動；此項不給分，不解讀為轉弱；20日趨勢尚未上彎"
486,6462,神盾,TPEX,半導體業,不建立部位,保護持有,protect,今天不新增部位；未完成確認前不機械式賣出,今天收盤後；若跌破，再看下一交易日是否收復,已有部位暫停加碼；若收盤跌破60日EMA約 102.56，且下一交易日仍未收復，先減碼三分之一；若ETF或外資繼續轉弱，再分批降低部位。,未觸發明確減碼訊號,51.3,43.5,29.4,85,100,可用,102,102.5,11.1,61.61,-21.7,32.94,114.5,-3.05,,1.26,0,1,0,0,0,90,90,0,-24.503,-24.503,-24.503,-24.503,0,0,0,0,0,0,0,-4.62,-4.62,13.72,,,,,-19.883,-19.883,-19.883,-19.883,52.21,46.49,56.66,26.13,false,true,0.52,-3.77,"單日成交金額低於5,000萬元；外資持股尚未完成5／10日可比核對或期間有非市場異動；此項不給分，不解讀為轉弱"
487,6592,和潤企業,TWSE,其他,不建立部位,降低部位,trim,停止加碼；反彈未站回恢復區時分批減碼,每個交易日收盤後，確認是否站回恢復區,已有部位先停止加碼。反彈若仍未站回 59.48，分批降低部位；只有站回且ETF／外資賣壓收斂後才重新評估。,價格跌破60日EMA且20日趨勢向下；ETF 5/10日同步減碼；外資持股5/10日下降且外資5日賣超,34.3,43.5,47.5,85,100,完整,56.6,56.6,-4.05,-4.12,19.84,87.04,105.16,2.22,11.37,1.08,5.83,1,0,0,-357,-357,-387,-357,-36.159,-1437.672,-2685.0299999999997,-3532.997,0,-357,-357,-387,0,3,-20206200,26.910000000000004,67.194,22.63,86,-733,-2212,,-36,-1107.582,-2395.224,-3255.2360000000003,34.28,22.16,12.45,41.6,true,false,-2.25,-0.53,"單日成交金額低於5,000萬元；累計營收負成長且當月改善不足；中期趨勢仍向下；ETF短中期同步減碼；主動ETF 5日轉為減碼；投信5/10日持續且具金額意義的賣超；外資持股5/10日下降，且外資5日賣超；20日趨勢尚未上彎；當下除權息調整價未守20日EMA"
488,8039,台虹,TWSE,電子零組件業,不建立部位,優先降低風險,risk,依風險與流動性分批降低部位,風險解除且基本面與趨勢重新確認後,已有部位應優先降低曝險；目前觸發「外資持股5/10日下降且外資5日賣超」。待事件解除或基本面重新確認後再評估。,外資持股5/10日下降且外資5日賣超；單月與累計營收同步明顯衰退,56.4,43.1,42.4,85,93,可用,304.5,306.5,-13.83,-0.91,6.25,32.38,237.55,1.56,96.67,7.17,0.65,3,0,7,6,-11,73,0,1281.256,-7627.9169999999995,-9280.168999999998,-24233.921999999995,12,7,62,-4019,3,2,2131500,-1338.751,-750.3969999999999,13.71,1923,-1394,-4976,,1116.595,-6296.166,-8591.772,-18584.489999999998,58.16,82.98,71.63,105.68,false,false,6.97,1.33,營收動能同步衰退；累計營收負成長且當月改善不足；外資持股5/10日下降，且外資5日賣超；20日趨勢尚未上彎；估值高，現有成長幅度尚未支撐目前估值；借券賣出與借券賣出餘額壓力升高
489,9930,中聯資源,TWSE,綠能環保,不建立部位,降低部位,trim,停止加碼；反彈未站回恢復區時分批減碼,每個交易日收盤後，確認是否站回恢復區,已有部位先停止加碼。反彈若仍未站回 62.51，分批降低部位；只有站回且ETF／外資賣壓收斂後才重新評估。,價格跌破60日EMA且20日趨勢向下；ETF 5/10日同步減碼；外資持股5/10日下降且外資5日賣超,37.6,43,52,85,100,完整,58.7,58.65,6.03,-3.03,9.79,43.21,90.16,2.16,13.28,2.36,6.81,2,0,-1,-1,-1,-1,0,12.993,-109.15299999999999,-134.84599999999998,-210.56199999999995,0,-1,-1,-1,0,1,-58700,5.8469999999999995,9.443999999999999,1.87,0,-88,-162,,7,-114,-143.29,-234.976,17.62,7.15,8.73,3.98,false,true,-3.12,-2.49,"單日成交金額低於5,000萬元；累計營收負成長且當月改善不足；中期趨勢仍向下；ETF短中期同步減碼；外資持股5/10日下降，且外資5日賣超；20日趨勢尚未上彎；當下除權息調整價未守20日EMA"
490,8476,台境*,TWSE,綠能環保,不建立部位,優先降低風險,risk,依風險與流動性分批降低部位,風險解除且基本面與趨勢重新確認後,已有部位應優先降低曝險；目前觸發「ETF 5/10日同步減碼」。待事件解除或基本面重新確認後再評估。,ETF 5/10日同步減碼；單月與累計營收同步明顯衰退,55,42.6,28.8,85,100,完整,20.9,21,-94.33,-17.76,5.87,57.13,181.25,0.12,74.64,1.81,0.96,1,0,0,-2,-4,-9,0,180,166.316,619.056,604.8300000000002,0,-2,-4,-9,0,1,-41800,1,1,1.6,185,56,242,,180,167.316,622.056,609.8300000000002,63.59,59.23,60.96,55.77,false,true,4.74,3.98,"單日成交金額低於5,000萬元；營收動能同步衰退；累計營收負成長且當月改善不足；ETF短中期同步減碼"
491,6743,安普新,TWSE,其他電子業,不建立部位,保護持有,protect,今天不新增部位；未完成確認前不機械式賣出,今天收盤後；若跌破，再看下一交易日是否收復,已有部位暫停加碼；若收盤跌破60日EMA約 29.70，且下一交易日仍未收復，先減碼三分之一；若ETF或外資繼續轉弱，再分批降低部位。,價格強勢站上20／60日EMA；法人未同步轉弱,44.7,42.2,30.9,85,100,完整,35.75,35.8,12.68,10.16,4.18,75.63,84.26,0,32.21,2.31,8.39,1,-2,-5,-4,32,94,0,41.834,439.647,1217.6399999999999,1461.6299999999999,-1.815,-4.3100000000000005,51.215999999999994,102.16199999999999,1,2,-154082,3,8,4.39,65,303,985,,41.649,440.95700000000005,1158.424,1339.4679999999996,88.32,84.84,86.57,81.37,false,true,12.48,12.24,"單日成交金額低於5,000萬元；20日累積後5日轉為調節；ETF 1/3日已轉為減碼；短線過熱或乖離過大；KD高檔死亡交叉，等待動能確認"
492,3015,全漢,TWSE,電子零組件業,不建立部位,保護持有,protect,今天不新增部位；未完成確認前不機械式賣出,今天收盤後；若跌破，再看下一交易日是否收復,已有部位暫停加碼；若收盤跌破60日EMA約 54.26，且下一交易日仍未收復，先減碼三分之一；若ETF或外資繼續轉弱，再分批降低部位。,ETF 5/10日同步減碼,42.1,42.1,54.9,85,100,完整,52.6,52.3,1.3,-5.23,0.56,29.03,188.6,1.08,20.71,0.66,4.18,3,-55,-143,-189,-198,-107,0,-265.478,-134.54300000000003,99.85099999999997,-9.713000000000022,-55,-188.68200000000002,-197.68200000000002,-101.46200000000002,0,4,-9924673,9.514,9.119999999999997,9.44,-210,-287,127,,-210.2,44.62500000000003,288.41300000000007,105.59800000000007,45.2,43.46,59.18,12.02,false,true,-1.43,-4.71,"單日成交金額低於5,000萬元；累計營收負成長且當月改善不足；ETF短中期同步減碼；ETF 1/3日已轉為減碼；當下除權息調整價未守20日EMA；單季稅前獲利對營業外貢獻依賴偏高"
493,6790,永豐實,TWSE,造紙工業,不建立部位,降低部位,trim,停止加碼；反彈未站回恢復區時分批減碼,每個交易日收盤後，確認是否站回恢復區,已有部位先停止加碼。反彈若仍未站回 38.22，分批降低部位；只有站回且ETF／外資賣壓收斂後才重新評估。,價格跌破60日EMA且20日趨勢向下；外資持股5/10日下降且外資5日賣超,37.4,41.6,48.9,85,100,完整,37.25,37.35,-4.1,-2.43,8.88,48.59,152.4,1.52,12.09,1.78,7.11,1,0,0,0,0,0,0,-11.237,-204.12,-191.86800000000002,-96.99300000000004,0,0,3,3,0,0,0,-0.12,3.132,1.82,-5,-185,-277,,-11,-204,-198,-112.42699999999999,34.56,12.19,16.91,2.74,false,false,-1.14,-1.46,"單日成交金額低於5,000萬元；累計營收負成長且當月改善不足；中期趨勢仍向下；外資持股5/10日下降，且外資5日賣超；20日趨勢尚未上彎；當下除權息調整價未守20日EMA"
494,3576,聯合再生,TWSE,光電業,不建立部位,優先降低風險,risk,依風險與流動性分批降低部位,風險解除且基本面與趨勢重新確認後,已有部位應優先降低曝險；目前觸發「單月與累計營收同步明顯衰退」。待事件解除或基本面重新確認後再評估。,單月與累計營收同步明顯衰退,52.1,41.5,34.8,85,100,完整,18.6,18.38,-13.03,-14.58,-55.84,46.52,154.12,0.93,34.44,2.35,,1,0,0,0,0,0,0,-81.678,-3140.865,14106.046000000002,17065.089000000004,0,0,0.1,0.1,0,0,0,-151.989,17,16.04,-98,-2989,14788,,-97.678,-2988.8759999999993,14088.946000000002,16974.989,56.25,52.62,61.39,35.06,false,true,3.47,-5.58,營收動能同步衰退；累計營收負成長且當月改善不足；單季稅前獲利對營業外貢獻依賴偏高
495,2474,可成,TWSE,其他電子業,不建立部位,優先降低風險,risk,依風險與流動性分批降低部位,風險解除且基本面與趨勢重新確認後,已有部位應優先降低曝險；目前觸發「價格跌破60日EMA且20日趨勢向下」。待事件解除或基本面重新確認後再評估。,價格跌破60日EMA且20日趨勢向下；外資持股5/10日下降且外資5日賣超；單月與累計營收同步明顯衰退,38.9,41.4,56.7,85,100,完整,199,198,-40.46,-33.11,4.51,38.16,133.88,5.14,13.24,0.77,5.16,22,15,51,72,869,3221,0,-2006.626,-2516.787,-4001.709,-5496.469000000001,-18.293,-160.56900000000002,452.43000000000006,2962.026,0,5,-31953231,-77.283,-33.404000000000025,13.13,-1323,-2260,-5236,,-1946.024,-2278.9349999999995,-4420.735,-8406.373999999998,36.42,18.2,28.87,-3.14,false,false,-3.38,-3.63,營收動能同步衰退；累計營收負成長且當月改善不足；中期趨勢仍向下；投信20日買超後近5日轉賣；外資持股5/10日下降，且外資5日賣超；20日趨勢尚未上彎；當下除權息調整價未守20日EMA；單季稅前獲利對營業外貢獻依賴偏高
496,2387,精元,TWSE,電腦及週邊設備業,不建立部位,優先降低風險,risk,依風險與流動性分批降低部位,風險解除且基本面與趨勢重新確認後,已有部位應優先降低曝險；目前觸發「價格跌破60日EMA且20日趨勢向下」。待事件解除或基本面重新確認後再評估。,價格跌破60日EMA且20日趨勢向下；外資持股5/10日下降且外資5日賣超；單月與累計營收同步明顯衰退,42.2,41.1,53.5,85,100,完整,36.1,36.1,-17.12,-13.16,1.59,42.64,184.67,0.66,12.11,0.67,11.08,2,-4,-1,1,80,210,0,-28.435,-49.654999999999994,19.201000000000015,3.4960000000000235,-3.893,1.5820000000000003,120.70500000000001,227.35600000000002,2,1,57110,2.653,15.311,8.55,-128,-587,-356,,-22,-53.89,-116.81500000000001,-248.06600000000003,42.27,20.57,30.78,0.14,false,false,-1.15,-0.96,"單日成交金額低於5,000萬元；營收動能同步衰退；累計營收負成長且當月改善不足；中期趨勢仍向下；ETF 1/3日已轉為減碼；外資持股5/10日下降，且外資5日賣超；20日趨勢尚未上彎；當下除權息調整價未守20日EMA"
497,2247,汎德永業,TWSE,汽車工業,不建立部位,保護持有,protect,今天不新增部位；未完成確認前不機械式賣出,今天收盤後；若跌破，再看下一交易日是否收復,已有部位暫停加碼；若收盤跌破60日EMA約 228.16，且下一交易日仍未收復，先減碼三分之一；若ETF或外資繼續轉弱，再分批降低部位。,價格跌破60日EMA且20日趨勢向下,42.3,40.7,48.5,85,100,完整,226,227,0.71,-20.63,3.09,41.1,269.81,6.55,16.31,1.43,6.42,2,-1,-2,-1,9,25,0,-0.486,9.517000000000001,38.239000000000004,133.897,-0.486,-1.158,13.697000000000001,12.326999999999998,1,2,-261708,2,3,4.07,-23,-19,-19,,-1,8.675,21.542,117.96099999999998,43.97,37.53,38.09,36.4,true,true,-0.84,0.67,"單日成交金額低於5,000萬元；累計營收負成長且當月改善不足；中期趨勢仍向下；20日累積後5日轉為調節；ETF 1/3日已轉為減碼；20日趨勢尚未上彎；當下除權息調整價未守20日EMA"
498,3703,欣陸,TWSE,建材營造,不建立部位,降低部位,trim,停止加碼；反彈未站回恢復區時分批減碼,每個交易日收盤後，確認是否站回恢復區,已有部位先停止加碼。反彈若仍未站回 19.99，分批降低部位；只有站回且ETF／外資賣壓收斂後才重新評估。,價格跌破60日EMA且20日趨勢向下；ETF 5/10日同步減碼；外資持股5/10日下降且外資5日賣超,38.8,40.2,37.2,85,100,完整,19.35,19.42,15.27,-6.39,5.41,70.54,121.44,0.57,9.82,0.58,5.43,1,0,-1,-1,-1,0,0,15,-1134,-2761,-3507.054,0,-1,-1,-101,0,1,-19350,14,8,19.09,23,-2006,-4153,,18,-1147,-2768,-3453.054,39.69,6.26,10.23,-1.68,false,false,-1.41,-1.28,"單日成交金額低於5,000萬元；中期趨勢仍向下；ETF短中期同步減碼；外資持股5/10日下降，且外資5日賣超；20日趨勢尚未上彎；當下除權息調整價未守20日EMA"
499,6412,群電,TWSE,電子零組件業,不建立部位,優先降低風險,risk,依風險與流動性分批降低部位,風險解除且基本面與趨勢重新確認後,已有部位應優先降低曝險；目前觸發「價格跌破60日EMA且20日趨勢向下」。待事件解除或基本面重新確認後再評估。,價格跌破60日EMA且20日趨勢向下；外資持股5/10日下降且外資5日賣超；單月與累計營收同步明顯衰退,42.1,40,45.5,85,100,完整,74,74,-19.67,-9.88,3.27,55.91,141.5,3.04,12.19,1.92,5,3,0,5,5,10,46,0,-206.513,-797.4570000000001,-705.1020000000001,-1914.156,0,5.079,10.079,65.843,1,0,375846,-59.357,-84.23899999999999,4.98,-179,-596,-613,,-193,-743.1790000000001,-630.9420000000001,-1776.5480000000002,37.61,28.05,41.94,0.28,false,true,-1.22,-1.07,"單日成交金額低於5,000萬元；營收動能同步衰退；累計營收負成長且當月改善不足；中期趨勢仍向下；外資持股5/10日下降，且外資5日賣超；20日趨勢尚未上彎；當下除權息調整價未守20日EMA；單季稅前獲利對營業外貢獻依賴偏高"
500,8215,明基材,TWSE,光電業,不建立部位,保護持有,protect,今天不新增部位；未完成確認前不機械式賣出,今天收盤後；若跌破，再看下一交易日是否收復,已有部位暫停加碼；若收盤跌破60日EMA約 26.60，且下一交易日仍未收復，先減碼三分之一；若ETF或外資繼續轉弱，再分批降低部位。,ETF 5/10日同步減碼,49.8,39.9,19.3,85,100,完整,27.95,27.85,4.88,6.13,-3.62,69.5,105.86,-0.96,,1.87,1.07,1,-47,-75,-82,-94,93,0,30.009,797.447,3553.63,2300.3440000000005,-47,-82,-94,105,0,4,-2291900,-36.338,17.893,2.08,-14,18,2276,,80.215,915.785,3629.737,2182.5800000000004,54.22,33.56,48.11,4.45,false,true,1.32,-5.73,"單日成交金額低於5,000萬元；ETF短中期同步減碼；20日累積後5日轉為調節；ETF 1/3日已轉為減碼"
501,2528,皇普,TWSE,建材營造,不建立部位,優先降低風險,risk,依風險與流動性分批降低部位,風險解除且基本面與趨勢重新確認後,已有部位應優先降低曝險；目前觸發「價格跌破60日EMA且20日趨勢向下」。待事件解除或基本面重新確認後再評估。,價格跌破60日EMA且20日趨勢向下；外資持股5/10日下降且外資5日賣超；單月與累計營收同步明顯衰退,33.9,39.4,53.8,85,100,完整,18.8,18.67,-76.39,-62.18,23.42,65.26,190.14,0.57,7.64,1.09,15.96,1,-5,-15,-12,92,266,0,-109.129,-735.446,-760.512,-713.4579999999999,-5.129,-12.231,144.689,288.663,1,2,-229943,-569,-952,1.49,27,-356,-587,,17,-154.215,46.79899999999998,576.424,34.31,7.76,14.44,-5.59,false,false,-3.75,-3.09,"單日成交金額低於5,000萬元；營收動能同步衰退；累計營收負成長且當月改善不足；中期趨勢仍向下；20日累積後5日轉為調節；ETF 1/3日已轉為減碼；外資持股5/10日下降，且外資5日賣超；20日趨勢尚未上彎；當下除權息調整價未守20日EMA"
502,2371,大同,TWSE,電機機械,不建立部位,優先降低風險,risk,依風險與流動性分批降低部位,風險解除且基本面與趨勢重新確認後,已有部位應優先降低曝險；目前觸發「ETF 5/10日同步減碼」。待事件解除或基本面重新確認後再評估。,ETF 5/10日同步減碼；外資持股5/10日下降且外資5日賣超；單月與累計營收同步明顯衰退,49.5,39.2,30.1,85,100,完整,30.6,30.5,-11.49,-0.69,4.56,60.69,195.43,0.91,,1.3,,2,-96,-155,-170,-194,-187,0,-2719.01,-14110.883999999998,-1076.1429999999982,10568.382000000001,-96,-170,-194.861,-168.861,0,4,-5202000,-238.97800000000007,957.8389999999999,6.7,-664,-12724,-1716,,-2826.5,-13701.906,-1839.121000000002,9707.134999999998,61.78,66.94,67.51,65.78,false,true,3.88,0.49,營收動能同步衰退；累計營收負成長且當月改善不足；ETF短中期同步減碼；ETF 1/3日已轉為減碼；外資持股5/10日下降，且外資5日賣超
503,6533,晶心科,TWSE,半導體業,不建立部位,優先降低風險,risk,依風險與流動性分批降低部位,風險解除且基本面與趨勢重新確認後,已有部位應優先降低曝險；目前觸發「處置或交易限制事件」。待事件解除或基本面重新確認後再評估。,處置或交易限制事件,45,37.7,36.9,85,100,完整,347,348.5,-25.73,40.4,-34.39,29.28,497.25,-4.62,,4.1,,1,0,0,0,0,-11,0,-143.003,1600.21,1946.2229999999997,2447.3759999999997,0,10,10,-1,1,0,3470000,-33.274,24.49,16.13,-171,894,2158,,-142.003,1623.484,1911.733,2420.005,69.34,83.44,83.06,84.2,false,false,16.68,4.05,處置或交易限制風險；短線過熱或乖離過大
504,1447,力鵬,TWSE,紡織纖維,不建立部位,降低部位,trim,停止加碼；反彈未站回恢復區時分批減碼,每個交易日收盤後，確認是否站回恢復區,已有部位先停止加碼。反彈若仍未站回 6.72，分批降低部位；只有站回且ETF／外資賣壓收斂後才重新評估。,價格跌破60日EMA且20日趨勢向下；ETF 5/10日同步減碼；外資持股5/10日下降且外資5日賣超,43.6,37.2,27.8,85,100,完整,6.62,6.55,-34.08,3.93,0.28,47.59,124.93,0.12,,0.69,,1,0,0,-13,-23,-49,0,377.699,-740.3739999999999,-276.1339999999999,-276.83699999999993,0,-13,-23,-49,0,1,-86060,0,9,3.01,378,-727,-438,,377.699,-727.3739999999999,-262.1339999999999,-251.83699999999993,50.43,31.98,32.97,30.01,false,false,0.95,-2.22,"單日成交金額低於5,000萬元；中期趨勢仍向下；ETF短中期同步減碼；外資持股5/10日下降，且外資5日賣超；20日趨勢尚未上彎；當下除權息調整價未守20日EMA；單季稅前獲利對營業外貢獻依賴偏高"
505,3455,由田,TPEX,光電業,不建立部位,優先降低風險,risk,依風險與流動性分批降低部位,風險解除且基本面與趨勢重新確認後,已有部位應優先降低曝險；目前觸發「處置或交易限制事件」。待事件解除或基本面重新確認後再評估。,處置或交易限制事件,46.2,37.1,31.9,85,100,可用,281,282.5,22.43,-20.02,-17.45,42.2,178.96,-0.44,78.71,7.01,1.25,1,0,48,183,183,183,183,112.913,112.913,112.913,112.913,0,0,0,0,0,0,0,15.445,15.445,15.03,,,,,97.468,97.468,97.468,97.468,64.51,73.29,73.78,72.29,false,true,7.91,5.24,處置或交易限制風險；外資持股尚未完成5／10日可比核對或期間有非市場異動；此項不給分，不解讀為轉弱
506,1229,聯華,TWSE,食品工業,不建立部位,優先降低風險,risk,依風險與流動性分批降低部位,風險解除且基本面與趨勢重新確認後,已有部位應優先降低曝險；目前觸發「價格跌破60日EMA且20日趨勢向下」。待事件解除或基本面重新確認後再評估。,價格跌破60日EMA且20日趨勢向下；ETF 5/10日同步減碼；投信5/10日持續且具金額意義地賣超,39.1,36.9,46.7,85,100,完整,39.65,39.78,-13.13,-5.93,7.77,20.09,88.96,1.19,15.92,1.13,5.04,5,-6,7,-1515,-1506,-1539,-1543,523.367,-974.1770000000001,-3603.4669999999996,-3078.004,-6,-1515,-1493.001,-1445.883,1,4,-60069750,56.417,111.94500000000002,8.95,281,-588,-3490,,518.367,484.40600000000006,-2222.411,-1653.8160000000007,39.97,21.44,21.41,21.49,true,true,-1.52,-0.63,營收動能同步衰退；累計營收負成長且當月改善不足；中期趨勢仍向下；ETF短中期同步減碼；主動ETF 5日轉為減碼；投信5/10日持續且具金額意義的賣超；20日趨勢尚未上彎；當下除權息調整價未守20日EMA；單季稅前獲利對營業外貢獻依賴偏高
507,2023,燁輝,TWSE,鋼鐵工業,不建立部位,優先降低風險,risk,依風險與流動性分批降低部位,風險解除且基本面與趨勢重新確認後,已有部位應優先降低曝險；目前觸發「單月與累計營收同步明顯衰退」。待事件解除或基本面重新確認後再評估。,單月與累計營收同步明顯衰退,57.7,35.6,12,85,100,完整,13.9,13.8,-14.31,-6.72,1.29,68.92,101.13,-0.52,,0.8,,1,0,0,0,0,0,0,79.4,1111.802,94.49400000000003,-1190.0650000000005,0,0,8,-146,0,0,0,-17,-7,3.95,36,98,-698,,79.4,1128.802,93.49400000000003,-1149.0650000000005,55.53,53.24,44.35,71.01,false,false,0.87,1.09,"單日成交金額低於5,000萬元；營收動能同步衰退；累計營收負成長且當月改善不足"
508,2208,台船,TWSE,航運業,不建立部位,降低部位,trim,停止加碼；反彈未站回恢復區時分批減碼,每個交易日收盤後，確認是否站回恢復區,已有部位先停止加碼。反彈若仍未站回 19.10，分批降低部位；只有站回且ETF／外資賣壓收斂後才重新評估。,價格跌破60日EMA且20日趨勢向下；外資持股5/10日下降且外資5日賣超,39.6,35.6,23.3,85,100,完整,18.5,18.5,55.64,-19.76,-9.53,85.87,108.02,0.28,37.76,3.1,,1,0,0,0,0,0,0,-217.224,-5552.956,-3646.118,-3034.8510000000006,0,0,0,0,0,0,0,6.776,34.775999999999996,6.29,-217,-5560,-4147,,-217,-5559.732,-3680.894,-3124.6270000000004,39.52,11.51,22.47,-10.41,false,false,-2.24,-3.39,"單日成交金額低於5,000萬元；中期趨勢仍向下；外資持股5/10日下降，且外資5日賣超；20日趨勢尚未上彎；當下除權息調整價未守20日EMA；單季稅前獲利對營業外貢獻依賴偏高"
509,9914,美利達,TWSE,運動休閒,不建立部位,優先降低風險,risk,依風險與流動性分批降低部位,風險解除且基本面與趨勢重新確認後,已有部位應優先降低曝險；目前觸發「價格跌破60日EMA且20日趨勢向下」。待事件解除或基本面重新確認後再評估。,價格跌破60日EMA且20日趨勢向下；外資持股5/10日下降且外資5日賣超；單月與累計營收同步明顯衰退,40,34.8,37.1,85,100,完整,67.4,66.2,-20.71,-14.17,8.5,44.19,142.91,2.15,19.54,1.03,4.15,1,0,0,0,0,0,0,471.994,-919.6610000000001,-2159.85,-7021.036999999999,0,0,-236,-275,0,0,0,24.202999999999996,46.885,24.68,573,-648,-2504,,466,-943.8639999999999,-1970.7349999999997,-6003.598999999999,36.28,40.79,41.26,39.87,false,true,-3.51,-1.32,營收動能同步衰退；累計營收負成長且當月改善不足；中期趨勢仍向下；外資持股5/10日下降，且外資5日賣超；20日趨勢尚未上彎；當下除權息調整價未守20日EMA
510,9907,統一實,TWSE,其他,不建立部位,優先降低風險,risk,依風險與流動性分批降低部位,風險解除且基本面與趨勢重新確認後,已有部位應優先降低曝險；目前觸發「價格跌破60日EMA且20日趨勢向下」。待事件解除或基本面重新確認後再評估。,價格跌破60日EMA且20日趨勢向下；單月與累計營收同步明顯衰退,41.3,34.7,42.6,85,100,完整,14.8,14.8,-10.05,-11.02,4.31,38.72,173.59,0.35,15.58,1.12,7.97,4,-27,-69,-68,241,761,0,231.954,365.94100000000003,-1208.397,-1095.9679999999998,-27.046,-68.29599999999999,430.47900000000004,490.71399999999994,1,4,-1010781,0.058,-46.72999999999999,15.93,257,-1512,-3253,,259,434.179,-1592.146,-1522.922,43.28,28.11,28.62,27.09,false,true,-0.85,-0.67,"單日成交金額低於5,000萬元；營收動能同步衰退；累計營收負成長且當月改善不足；中期趨勢仍向下；20日累積後5日轉為調節；ETF 1/3日已轉為減碼；20日趨勢尚未上彎；當下除權息調整價未守20日EMA"
511,2530,華建,TWSE,建材營造,不建立部位,優先降低風險,risk,依風險與流動性分批降低部位,風險解除且基本面與趨勢重新確認後,已有部位應優先降低曝險；目前觸發「外資持股5/10日下降且外資5日賣超」。待事件解除或基本面重新確認後再評估。,外資持股5/10日下降且外資5日賣超；單月與累計營收同步明顯衰退,50.6,33.8,23.1,85,100,完整,20,20.05,-99.87,-96.56,-19.93,67.08,170.33,-0.11,30.3,1.68,11.55,2,-8,-25,-20,138,415,0,150.848,-489.09800000000007,-657.094,-2161.0359999999996,-8.152,-19.439999999999998,241.97999999999996,577.821,1,2,-388800,-227,-701.125,2.57,-305,-1422,-1030,,159,-242.65799999999996,-197.94899999999996,-1474.732,50.81,24.73,27.01,20.18,false,false,0.06,-0.25,"單日成交金額低於5,000萬元；營收動能同步衰退；累計營收負成長且當月改善不足；20日累積後5日轉為調節；ETF 1/3日已轉為減碼；外資持股5/10日下降，且外資5日賣超"
512,1314,中石化,TWSE,塑膠工業,不建立部位,優先降低風險,risk,依風險與流動性分批降低部位,風險解除且基本面與趨勢重新確認後,已有部位應優先降低曝險；目前觸發「外資持股5/10日下降且外資5日賣超」。待事件解除或基本面重新確認後再評估。,外資持股5/10日下降且外資5日賣超；單月與累計營收同步明顯衰退,52.5,33.4,20.7,85,100,完整,8.91,8.92,-24.41,-30.19,-9.51,39.62,167.64,-0.52,,0.45,,1,0,0,0,0,0,0,12499.578,-10483.928000000004,19118.934999999998,59522.70300000001,0,0,0,0,0,0,0,-584.993,116.70400000000018,10.64,12038,-15575,-11802,,12600.578,-9898.935000000001,19002.231,56670.598000000005,57.98,33.76,39.48,22.32,false,false,2.86,-1,營收動能同步衰退；累計營收負成長且當月改善不足；外資持股5/10日下降，且外資5日賣超
513,2014,中鴻,TWSE,鋼鐵工業,不建立部位,優先降低風險,risk,依風險與流動性分批降低部位,風險解除且基本面與趨勢重新確認後,已有部位應優先降低曝險；目前觸發「單月與累計營收同步明顯衰退」。待事件解除或基本面重新確認後再評估。,單月與累計營收同步明顯衰退,46.3,32.1,17.8,85,100,完整,16.9,16.9,-29.31,-7.63,1.16,53.43,139.58,0.07,,1.97,,1,0,0,0,0,0,0,-18.13,-1533.2859999999998,3389.4130000000005,447.8260000000006,0,0,0,0,0,0,0,-13,9,7.36,-18,-1542,5285,,-18.13,-1520.2859999999998,3380.4130000000005,374.36000000000047,50.04,58.5,62.62,50.26,false,true,0.1,-2.87,"單日成交金額低於5,000萬元；營收動能同步衰退；累計營收負成長且當月改善不足"
514,3545,敦泰,TWSE,半導體業,不建立部位,降低部位,trim,停止加碼；反彈未站回恢復區時分批減碼,每個交易日收盤後，確認是否站回恢復區,已有部位先停止加碼。反彈若仍未站回 51.05，分批降低部位；只有站回且ETF／外資賣壓收斂後才重新評估。,價格跌破60日EMA且20日趨勢向下；外資持股5/10日下降且外資5日賣超,38.8,31.4,34.7,85,100,完整,49.5,49.5,-8.27,-12.95,-5.92,33.53,207.81,0.64,,1.21,1.64,1,0,0,0,60,60,0,-286.661,-448.78400000000005,14.285999999999959,1055.97,0,0,40,40,0,0,0,-26.526,-2.0970000000000004,15.28,-227,-637,-623,,-282.713,-422.25800000000004,-23.61700000000006,1017.551,43.02,18.2,34.91,-15.21,false,false,-2.32,-4.44,"單日成交金額低於5,000萬元；累計營收負成長且當月改善不足；中期趨勢仍向下；外資持股5/10日下降，且外資5日賣超；20日趨勢尚未上彎；當下除權息調整價未守20日EMA；單季稅前獲利對營業外貢獻依賴偏高"
515,1515,力山,TWSE,電機機械,不建立部位,降低部位,trim,停止加碼；反彈未站回恢復區時分批減碼,每個交易日收盤後，確認是否站回恢復區,已有部位先停止加碼。反彈若仍未站回 30.72，分批降低部位；只有站回且ETF／外資賣壓收斂後才重新評估。,價格跌破60日EMA且20日趨勢向下；ETF 5/10日同步減碼,33.6,30.5,31.9,85,100,完整,28.4,28.45,-7.59,-0.1,-1.26,51.78,96.36,0.12,19.06,1.32,2.11,1,0,0,-3,-6,-12,0,74.054,-325.35,-18.507000000000033,-1.7830000000000155,0,-3,-6,-12,0,1,-85200,-4.186,6.0760000000000005,2.78,128,-96,384,,75,-318.164,-18.582999999999977,25.23100000000011,38.45,14.34,22.82,-2.63,false,false,-4.53,-4.7,"單日成交金額低於5,000萬元；累計營收負成長且當月改善不足；中期趨勢仍向下；ETF短中期同步減碼；20日趨勢尚未上彎；當下除權息調整價未守20日EMA；單季稅前獲利對營業外貢獻依賴偏高"
516,3376,新日興,TWSE,電子零組件業,不建立部位,優先降低風險,risk,依風險與流動性分批降低部位,風險解除且基本面與趨勢重新確認後,已有部位應優先降低曝險；目前觸發「價格跌破60日EMA且20日趨勢向下」。待事件解除或基本面重新確認後再評估。,價格跌破60日EMA且20日趨勢向下；外資持股5/10日下降且外資5日賣超；單月與累計營收同步明顯衰退,35.1,28.9,42,85,100,完整,169,167.75,-10.01,-12.5,-1.84,27.54,220.84,0.47,116.55,2,2.37,2,0,0,0,0,0,0,-57.364,-1637.393,-3881.1760000000004,-19908.246,0,-117,-117,16,0,1,-19773000,-166.41899999999998,-266.98499999999996,9.94,147,-1234,-3348,,3.3,-1353.974,-3497.191,-18446.560999999998,35.41,11.43,17.4,-0.53,false,true,-5.44,-3.15,營收動能同步衰退；累計營收負成長且當月改善不足；中期趨勢仍向下；外資持股5/10日下降，且外資5日賣超；20日趨勢尚未上彎；當下除權息調整價未守20日EMA；估值高，現有成長幅度尚未支撐目前估值；單季稅前獲利對營業外貢獻依賴偏高
517,8924,大田,TPEX,運動休閒,不建立部位,優先降低風險,risk,依風險與流動性分批降低部位,風險解除且基本面與趨勢重新確認後,已有部位應優先降低曝險；目前觸發「價格跌破60日EMA且20日趨勢向下」。待事件解除或基本面重新確認後再評估。,價格跌破60日EMA且20日趨勢向下；單月與累計營收同步明顯衰退,32.7,25.5,37.6,85,100,可用,49.05,49.5,-39.66,-8,-0.45,27.92,273.95,-0.58,17.84,1.05,8.77,1,-1,-3,-2,19,53,0,28.152,28.152,28.152,28.152,-1.026,-1.026,-1.026,-1.026,0,1,-50325,0.178,0.178,3.29,,,,,29,29,29,29,33.91,22.04,27.94,10.24,false,true,-1.46,-0.81,"單日成交金額低於5,000萬元；營收動能同步衰退；累計營收負成長且當月改善不足；中期趨勢仍向下；20日累積後5日轉為調節；ETF 1/3日已轉為減碼；外資持股尚未完成5／10日可比核對或期間有非市場異動；此項不給分，不解讀為轉弱；20日趨勢尚未上彎；當下除權息調整價未守20日EMA"
518,6919,康霈*,TWSE,生技醫療業,不建立部位,優先降低風險,risk,依風險與流動性分批降低部位,風險解除且基本面與趨勢重新確認後,已有部位應優先降低曝險；目前觸發「價格跌破60日EMA且20日趨勢向下」。待事件解除或基本面重新確認後再評估。,價格跌破60日EMA且20日趨勢向下；外資持股5/10日下降且外資5日賣超；單月與累計營收同步明顯衰退,32.7,19.3,30.6,85,100,完整,78.1,78.1,-100,-86.08,-14263.34,2.37,6003.39,-0.21,,13.19,,2,0,0,0,0,9,0,-525.096,-1825.2109999999998,-5835.356,-14170.299999999997,0,0,0,-215,0,0,0,-34.348,-70.825,11.68,-521,-1791,-6127,,-520.762,-1790.8629999999998,-5764.531,-13927.824,34.07,4.33,9.31,-5.63,false,false,-5.33,-1.14,營收動能同步衰退；累計營收負成長且當月改善不足；中期趨勢仍向下；外資持股5/10日下降，且外資5日賣超；20日趨勢尚未上彎；當下除權息調整價未守20日EMA