排名,代號,名稱,市場,產業,新部位建議,既有部位建議,既有部位說明,分數,信心度,收盤價,即時價,營收YoY%,累計營收YoY%,營益率%,負債比%,流動比率%,EPS,本益比,股價淨值比,殖利率%,ETF家數,ETF_1日增減張,ETF_3日增減張,ETF_5日增減張,ETF_10日增減張,ETF_20日增減張,主動ETF_5日增減張,法人1日張,法人5日張,法人10日張,法人20日張,投信買賣超1日張,投信買賣超5日張,投信買賣超10日張,投信買賣超20日張,投信5日買超天數,投信5日賣超天數,投信5日估算金額,自營商買賣超5日張,自營商買賣超10日張,外資持股比率%,外資持股1日增減張,外資持股5日增減張,外資持股10日增減張,外資持股20日增減張,外資買賣超1日張,外資買賣超5日張,外資買賣超10日張,外資買賣超20日張,RSI14,KD-K,KD-D,KD-J,KD近3日黃金交叉,KD近3日死亡交叉,距20EMA%,5日報酬%,淘汰原因
1,2357,華碩,TWSE,電腦及週邊設備業,可開始承接,續抱／回測可加碼,已有部位可續抱；回測20日EMA約 737.42 且ETF、外資與投信未轉弱時，才考慮下一批。,78.6,100,781,782,55.63,38.85,5.71,52.83,148.3,13.19,13.17,1.91,5.7,43,863,1372,1932,1244,500,1,-700.586,2906.3759999999997,10537.885999999999,24435.929999999997,554.834,1197.223,-645.164,-2661.39,4,1,882353351,245.04499999999996,1259.378,36.64,-282,1959,10243,,-1227.176,1464.1080000000002,9923.672,25810.448000000004,59.61,75.98,73.9,80.14,true,false,5.91,1.3,
2,2027,大成鋼,TWSE,鋼鐵工業,等待確認,續抱觀察,已有部位可續抱觀察，但暫不追價；若收盤跌破60日EMA約 41.20 且法人籌碼轉弱，先減碼三分之一。,76.5,100,43.35,42.98,43.73,30.28,18.07,41.61,366.04,1.17,12.78,1.3,3.43,9,235,1962,1609,9275,16708,1810,-152.51,8699.897,48147.320999999996,57932.961,4958.85,5672.85,11136.767000000002,16051.316000000003,2,3,247903545,312.56000000000006,3137.092,21.82,-5208,2782,33463,,-5172.499,2714.487,33873.462,38581.34999999999,56.32,62.2,65.87,54.84,false,false,2.55,-0.46,ETF加碼金額或跨基金共識不足
3,2615,萬海,TWSE,航運業,等待確認,續抱觀察,已有部位可續抱觀察，但暫不追價；若收盤跌破60日EMA約 81.04 且法人籌碼轉弱，先減碼三分之一。,75.9,100,86,85.85,32.7,6.39,17.32,31.69,396.45,2.73,7.79,0.83,3.55,11,56,136,288,-158,522,0,342.677,14485.152,37443.891,57199.274000000005,64.255,325.865,-122.721,545.845,4,0,27503006,-229.31399999999996,-384.6829999999999,44.53,343,13705,37401,,343.891,14388.601,37951.295000000006,56772.103,59.44,63.95,63.64,64.57,true,false,3.63,-1.15,
4,3702,大聯大,TWSE,電子通路業,等待確認,暫停加碼／跌破減碼,已有部位暫停加碼；若收盤跌破60日EMA約 108.46，且下一交易日仍未收復，先減碼三分之一；若ETF或外資繼續轉弱，再分批降低部位。,73.6,100,112,112.25,131.85,55.18,2.68,80.68,123.6,3.3,12.88,1.97,3.6,31,226,864,7107,15882,27489,97,1478.978,-633.333,3713.711,-11067.381000000001,32,6606.446,13841.395,23343.255000000005,5,0,696980053,335.22300000000007,2938.978,34.81,1393,-7067,-12421,,1257.505,-7575.0019999999995,-13066.661999999997,-38001.916,50.71,38.72,43.13,29.91,false,false,0.39,-4.68,外資持股5/10日下降，且外資5日賣超
5,2887,台新新光金,TWSE,金融保險業,等待確認,續抱觀察,已有部位可續抱觀察，但暫不追價；若收盤跌破60日EMA約 31.05 且法人籌碼轉弱，先減碼三分之一。,73.4,100,35.05,35.23,329.5,334.28,,93.39,,0.82,16.25,1.45,3.32,34,8353,25823,26479,189060,254868,9,12225.787,25303.716,29306.833,134961.418,-500.268,5737.138999999999,111289.286,157725.81800000006,3,2,190186158,17845,33015.917,22.93,14723,8806,-146806,,10702.247,1721.5770000000011,-114998.37,-68247.693,58.76,50.19,37.2,76.17,true,false,3,2.64,借券賣出與借券賣出餘額壓力升高；官方重大訊息出現高風險關鍵字，須查原文
6,9945,潤泰新,TWSE,其他,等待確認,續抱觀察,已有部位可續抱觀察，但暫不追價；若收盤跌破60日EMA約 25.95 且法人籌碼轉弱，先減碼三分之一。,73.4,100,27.4,27.33,29.57,40.43,17.71,41.18,181.95,0.99,7.5,0.67,4.12,5,-4,-4,31,26,-348,0,4230.064,11890.289,19978.591000000004,14474.716000000002,-4,31,26,-348,2,1,827700,157.437,-15.808999999999969,7.56,4400,11781,21163,,4156.689,11701.851999999999,19968.4,14649.73,62.85,65.56,54.22,88.23,true,false,3.97,4.98,ETF 1/3日已轉為減碼；20日趨勢尚未上彎；ETF加碼金額或跨基金共識不足；單季稅前獲利對營業外貢獻依賴偏高
7,2610,華航,TWSE,航運業,等待確認,續抱觀察,已有部位可續抱觀察，但暫不追價；若收盤跌破60日EMA約 20.89 且法人籌碼轉弱，先減碼三分之一。,72.6,100,22.6,22.38,28.82,16.09,11.29,70.94,74.06,0.85,8.48,1.29,3.73,16,-11,1130,5931,25124,53212,0,1235.058,87743.87800000001,96835.52600000001,98253.569,12.409,6015.409,25202.392,10817.817999999996,5,0,130534375,452.5139999999999,-517.4860000000001,16.36,688,72185,65753,,991.286,81275.955,72150.62,90266.98300000001,61.28,73.42,59.35,101.57,false,false,5.16,10.24,20日趨勢尚未上彎
8,6214,精誠,TWSE,資訊服務業,等待確認,續抱觀察,已有部位可續抱觀察，但暫不追價；若收盤跌破60日EMA約 135.73 且法人籌碼轉弱，先減碼三分之一。,72.6,100,152,152.25,76.9,37,4.94,47.39,168.59,2.64,15.04,2.05,4.18,7,5,5,7,-1,-5,0,343.941,1801.7589999999998,2703.897,7065.366,5.802,7.044,-0.4660000000000002,220.091,2,0,1010814,35.547,60.55899999999999,14.46,363,1412,2334,,348.723,1759.168,2643.8039999999996,6782.159999999999,67.16,80.95,72.69,97.47,false,false,7.41,8.96,
9,2618,長榮航,TWSE,航運業,等待確認,續抱觀察,已有部位可續抱觀察，但暫不追價；若收盤跌破60日EMA約 40.04 且法人籌碼轉弱，先減碼三分之一。,72.1,100,43.5,43.15,26.58,16.36,18.64,63.19,112.11,1.53,7.92,1.67,4.79,29,625,2539,4071,-17334,-9130,1,31560.78,115600.577,158303.17100000003,378954.72599999997,-18.602,-370.0009999999998,-27023.736,-34348.097,3,2,-15447542,2820.7149999999992,5382.841999999999,29.83,30683,114376,177069,,30788.518,113149.863,179944.065,410963.1119999999,59.82,62.49,53.95,79.57,true,true,4.18,6.88,20日趨勢尚未上彎
10,2347,聯強,TWSE,電子通路業,等待確認,續抱觀察,已有部位可續抱觀察，但暫不追價；若收盤跌破60日EMA約 86.96 且法人籌碼轉弱，先減碼三分之一。,71.6,100,93.8,94.5,135.45,77.39,2.67,67.19,132.14,1.77,14.97,1.83,4.88,23,271,1148,1174,-10002,7779,0,353.887,1707.5,9538.297,6152.378,63,636,-12183.124,3726.8029999999994,5,0,54759600,633.9159999999999,2099.6059999999998,29.31,209,-359,19185,,230.719,437.58399999999983,19621.815,4392.095,61.28,66.16,59.87,78.72,true,true,6.47,5.87,20日趨勢尚未上彎
11,3706,神達,TWSE,電腦及週邊設備業,等待確認,續抱觀察,已有部位可續抱觀察，但暫不追價；若收盤跌破60日EMA約 87.38 且法人籌碼轉弱，先減碼三分之一。,71.1,100,88,87.95,80.93,44.8,3.72,50.24,171.44,1.1,16.05,1.68,4.76,15,-17,1158,1206,8766,31278,0,-1162.327,-2593.644,7746.789000000001,-1017.3099999999986,-10,1232,8790,31586,4,1,103611200,-1255.364,-2261.951,7.8,-1183,-3091,1865,,-1160.442,-2570.28,1218.7399999999998,-29099.284000000003,48.52,38.63,45.62,24.66,false,false,-0.79,-3.61,20日趨勢尚未上彎；當下除權息調整價未守20日EMA
12,2812,台中銀,TWSE,金融保險業,等待確認,續抱觀察,已有部位可續抱觀察，但暫不追價；若收盤跌破60日EMA約 20.13 且法人籌碼轉弱，先減碼三分之一。,70.9,100,20.75,20.78,16.56,22.61,,90.8,,0.4,13.32,1.33,5.13,7,-21,7,50,2922,2831,0,5640.957,32378.517000000003,64178.642,104922.396,-20.722,50.278,2918.6949999999997,2876.926,4,1,1038241,309.452,393.25300000000004,9.54,5915,21841,50176,,5685.679,32018.787,60866.694,101865.84800000003,62.74,76.31,70.74,87.46,false,false,1.36,1.47,ETF加碼金額或跨基金共識不足
13,2637,慧洋-KY,TWSE,航運業,等待確認,暫停加碼／跌破減碼,已有部位暫停加碼；若收盤跌破60日EMA約 77.80，且下一交易日仍未收復，先減碼三分之一；若ETF或外資繼續轉弱，再分批降低部位。,70.7,100,80.2,79.6,57.92,32.32,27.6,40.19,109.87,1.6,10.98,1.16,4.48,8,0,-4,5,746,128,0,-478.257,991.51,2953.4580000000005,17371.976000000002,1,1612,2873.653,4353.544000000001,5,0,125897200,21.159999999999997,-182.51700000000002,24.54,-424,-1590,-1328,,-461.414,-641.65,262.32200000000006,12958.748,50.68,36.26,43.42,21.94,false,true,-0.26,-4.3,外資持股5/10日下降，且外資5日賣超；當下除權息調整價未守20日EMA；ETF加碼金額或跨基金共識不足
14,2603,長榮,TWSE,航運業,等待確認,續抱觀察,已有部位可續抱觀察，但暫不追價；若收盤跌破60日EMA約 201.89 且法人籌碼轉弱，先減碼三分之一。,70.3,100,203.5,204.25,30.01,-2.44,10.34,35.3,161.2,3.84,8.78,0.75,7.96,30,663,1709,1796,-1162,-1008,0,1588.823,11075.127,36461.348999999995,65754.398,69.006,381.404,-5095.081999999999,-7448.854999999998,5,0,76662204,500.69699999999995,2351.169,21.51,968,5316,31377,,1340.82,10193.026,39205.262,69679.544,54.21,50.66,56.91,38.15,false,false,1.57,-1.21,
15,2059,川湖,TWSE,電子零組件業,等待確認,暫停加碼／跌破減碼,"已有部位暫停加碼；若收盤跌破60日EMA約 6,761.10，且下一交易日仍未收復，先減碼三分之一；若ETF或外資繼續轉弱，再分批降低部位。",69.7,100,7850,7850,220.52,98.95,67.06,20.2,547.07,36.58,62.94,21.58,0.71,32,49,91,128,138,343,67,-47.476,268.589,489.83700000000005,392.786,54.524,297.337,458.57800000000003,1005.9390000000002,5,0,2122986180,34.449999999999996,56.40899999999999,23.85,-113,-79,-81,,-109.265,-63.19799999999999,-25.15,-662.503,53.07,36.5,33.91,41.7,true,false,1.69,1.49,外資持股5/10日下降，且外資5日賣超；20日趨勢尚未上彎
16,2845,遠東銀,TWSE,金融保險業,等待確認,續抱觀察,已有部位可續抱觀察，但暫不追價；若收盤跌破60日EMA約 12.96 且法人籌碼轉弱，先減碼三分之一。,68.9,100,13.55,13.55,20.15,17.21,,92.01,,0.25,15.28,0.92,4.68,7,3,2049,2558,2481,8519,0,9194.83,22538.694999999996,23361.443999999996,60895.32500000001,3,2558,2477,8495,4,0,34405100,228,202.23199999999997,9.46,10706,15194,14455,,9162.83,19752.695,20682.212,51864.98400000001,62.17,65.83,56.2,85.1,true,false,1.87,1.5,ETF加碼金額或跨基金共識不足
17,3005,神基,TWSE,電腦及週邊設備業,等待確認,續抱觀察,已有部位可續抱觀察，但暫不追價；若收盤跌破60日EMA約 107.83 且法人籌碼轉弱，先減碼三分之一。,68.4,100,116,115.75,28.59,7.54,13.51,48.07,174.1,1.74,13.5,2.93,6.17,15,81,159,166,-102,-4751,0,1163.277,2117.512,4093.442,9626.794999999998,3,-37.349,-850.438,-6226.757,4,1,-4108390,169.05900000000003,682.741,14.01,1010,1852,3199,,1003.906,1985.8020000000001,4261.139,14365.815,59.58,45.94,39.74,58.36,true,false,4.69,2.65,
18,8271,宇瞻,TWSE,半導體業,等待確認,續抱觀察,已有部位可續抱觀察，但暫不追價；若收盤跌破60日EMA約 200.29 且法人籌碼轉弱，先減碼三分之一。,68.3,100,217.5,220,200.65,251.11,32.85,58.38,158.13,14.54,5.07,2.78,2.18,3,1,1,1,-116,516,0,-937.363,-443.16800000000035,-732.8570000000003,-1542.8450000000005,2,2,-115,517,1,0,408000,-198.21200000000002,-11.470000000000011,8.04,-797,89,348,,-806.831,-246.95600000000013,-606.3870000000003,-2133.5879999999997,57.23,72.17,73.22,70.07,false,true,7.58,2.35,
19,6533,晶心科,TWSE,半導體業,等待確認,續抱觀察,已有部位可續抱觀察，但暫不追價；若收盤跌破60日EMA約 212.47 且法人籌碼轉弱，先減碼三分之一。,67.9,100,216,220.5,247.04,62.07,-62.19,28.8,595.6,-3.28,,2.35,,1,0,3,3,3,3,0,118.138,220.17100000000002,-99.37799999999996,-33.76199999999996,0,3,3,3,1,0,606000,-17.966,-10.520999999999997,11.12,119,228,-56,,123.961,235.13699999999997,-91.85700000000008,-48.78700000000009,52.43,33.2,31.15,37.3,true,false,2.08,-0.46,ETF加碼金額或跨基金共識不足
20,3231,緯創,TWSE,電腦及週邊設備業,等待確認,續抱觀察,已有部位可續抱觀察，但暫不追價；若收盤跌破60日EMA約 154.27 且法人籌碼轉弱，先減碼三分之一。,67.8,100,167.5,167.25,53.85,94.01,3.44,81.27,120.01,3.06,16.05,2.68,3.44,41,1793,7628,11812,4828,18444,6180,328.171,62426.711,182292.654,153608.71700000003,419.801,20395.036,11586.155,18786.009000000002,5,0,3263205760,120.40200000000004,6561.167000000001,31.35,-1987,45264,176620,,-18.97,41911.273,164145.332,134504.52700000003,56.47,61.58,65.87,53.01,false,true,4.32,-6.42,外資持股趨勢資料不足或期間有非市場異動
21,6669,緯穎,TWSE,電腦及週邊設備業,等待確認,續抱觀察,"已有部位可續抱觀察，但暫不追價；若收盤跌破60日EMA約 4,970.91 且法人籌碼轉弱，先減碼三分之一。",67.8,100,5390,5390,29.79,41.71,6.31,67.6,153.41,75.95,16.43,6.5,3.35,39,71,241,531,155,1011,424,-143.033,1041.326,1895.4950000000001,3006.237000000001,192.119,1584.007,1605.8690000000001,4285.063,5,0,7761634300,32.642,150.692,28.07,-322,-594,76,,-314.162,-575.3230000000001,138.9339999999999,-1467.928,54.74,51.45,57.99,38.39,false,true,4.23,-5.93,
22,2395,研華,TWSE,電腦及週邊設備業,等待確認,暫停加碼／跌破減碼,已有部位暫停加碼；若收盤跌破60日EMA約 498.24，且下一交易日仍未收復，先減碼三分之一；若ETF或外資繼續轉弱，再分批降低部位。,67.4,100,558,560.5,73.39,32.18,18.29,40.64,165.38,3.85,42.44,9.57,2.04,30,165,505,538,2502,3355,121,306.281,620.1489999999999,-1122.423,1375.876,19,953.271,2923.738,3509.995,5,0,521439237,53.621000000000016,407.567,35.2,348,-596,-4220,,287.277,-386.74300000000005,-4453.728,-2840.9489999999987,56.51,47.78,54.32,34.71,false,false,2.35,-3.96,外資持股5/10日下降，且外資5日賣超
23,6446,藥華藥,TWSE,生技醫療業,等待確認,續抱觀察,"已有部位可續抱觀察，但暫不追價；若收盤跌破60日EMA約 1,014.67 且法人籌碼轉弱，先減碼三分之一。",67.3,100,1070,1062.5,94.88,74.59,40.75,14.06,652.75,5.79,64.26,11.06,0.25,17,2,12,137,77,439,128,25.21,-373.14199999999994,-606.506,-3338.584,4.817,140.328,47.72500000000001,413.13100000000003,4,0,143836200,22.686,15.986999999999995,25.01,146,303,325,,22.906,-536.156,-670.2180000000001,-3726.194,44.53,15.47,14.02,18.36,true,false,-6.31,-5.73,20日趨勢尚未上彎；當下除權息調整價未守20日EMA
24,2605,新興,TWSE,航運業,等待確認,續抱觀察,已有部位可續抱觀察，但暫不追價；若收盤跌破60日EMA約 31.56 且法人籌碼轉弱，先減碼三分之一。,67.1,85,30.8,30.75,51.62,32.98,35.32,22.98,186.53,0.66,14.33,0.99,3.34,1,0,0,4,185,185,0,-1529.844,1762.2179999999998,4115.008,12717.959,5,22,207,203,5,0,658900,-1245.341,-1260.003,48.93,-1213,2541,4724,,-1233.576,2985.559,5168.011,13344.927000000001,48.39,33.16,44.07,11.33,false,false,-0.72,-4.64,當下除權息調整價未守20日EMA；ETF加碼金額或跨基金共識不足
25,2890,永豐金,TWSE,金融保險業,等待確認,續抱觀察,已有部位可續抱觀察，但暫不追價；若收盤跌破60日EMA約 36.31 且法人籌碼轉弱，先減碼三分之一。,66.9,100,40,40.33,50.94,55.23,,92.98,,0.76,18.59,2.12,3.35,30,6422,17569,18915,109234,149372,9,4746.587,41590.925,49868.886,119311.40300000002,1291.161,7519.755,53484.139,79200.78600000001,5,0,292142482,7949.027,14618.251,29.15,2083,28501,-16495,,3002.446,26122.143,-18233.504,11931.921999999999,60.62,63.72,53.29,84.59,false,false,2.96,3.76,借券賣出與借券賣出餘額壓力升高
26,2330,台積電,TWSE,半導體業,等待確認,暫停加碼／跌破減碼,"已有部位暫停加碼；若收盤跌破60日EMA約 2,312.13，且下一交易日仍未收復，先減碼三分之一；若ETF或外資繼續轉弱，再分批降低部位。",66.4,100,2380,2390,67.87,35.61,58.1,31.5,248.83,22.08,29.65,9.71,1,66,8531,19597,21772,37423,50240,-942,-1380.555,-24763.353,-63088.796,-115182.033,939.367,3992.7529999999997,8122.504000000001,13964.295,5,0,8804020365,13369.935999999998,19948.114,69.13,-6862,-48156,-97313,,-3957.455,-42126.042,-91159.41399999999,-155114.15300000002,51.74,36.96,30.83,49.21,true,false,1.19,1.28,主動ETF 5日轉為減碼；外資持股5/10日下降，且外資5日賣超；20日趨勢尚未上彎
27,3665,貿聯-KY,TWSE,其他電子業,等待確認,續抱觀察,"已有部位可續抱觀察，但暫不追價；若收盤跌破60日EMA約 2,053.93 且法人籌碼轉弱，先減碼三分之一。",65.8,100,2085,2085,63.79,33.97,14.9,45.52,223.16,11.66,38.55,7.99,0.79,37,149,766,1004,2379,2782,645,-358.789,224.232,2316.5099999999998,3404.843,369.024,2226.3410000000003,6154.599,7389.748,5,0,4252311310,-50.899,2.3870000000000005,52.69,-354,-1293,-1707,,-690.187,-1951.2100000000003,-3840.476,-3960.506,51.99,55.51,62.66,41.21,false,true,2.49,-5.44,外資持股趨勢資料不足或期間有非市場異動；借券賣出與借券賣出餘額壓力升高
28,2884,玉山金,TWSE,金融保險業,等待確認,續抱觀察,已有部位可續抱觀察，但暫不追價；若收盤跌破60日EMA約 34.54 且法人籌碼轉弱，先減碼三分之一。,65.7,100,38.5,38.73,25.3,24.84,,93.91,,0.62,17.14,2.14,3.71,29,6316,15873,17408,38631,64299,114,29696.373,60767.02099999999,179201.753,275748.925,256.365,3163.762,6962.003000000001,16809.479,5,0,119273827,10357.182999999999,23682.73,31.92,26716,45059,142382,,28515.494,47246.076,148557.02,226892.41200000007,73.67,81.84,75.37,94.78,true,false,7.18,7.09,
29,2006,東和鋼鐵,TWSE,鋼鐵工業,等待確認,續抱觀察,已有部位可續抱觀察，但暫不追價；若收盤跌破60日EMA約 69.94 且法人籌碼轉弱，先減碼三分之一。,65.1,100,74.1,73.95,9.01,-1.3,10.22,37.35,152.88,1.66,11.07,1.65,5.86,11,11,264,1048,1664,3551,0,1217.282,4450.089,7706.085,14751.105000000001,16.2,1065.839,1641.7599999999998,3521.435,5,0,78232583,-38.733,-72.10199999999999,25.57,1841,4213,7022,,1193.22,3422.983,6136.4270000000015,11258.250000000004,67.98,85.92,80.27,97.22,false,false,3.74,3.2,累計營收負成長且當月改善不足
30,1808,潤隆,TWSE,建材營造,等待確認,續抱觀察,已有部位可續抱觀察，但暫不追價；若收盤跌破60日EMA約 30.99 且法人籌碼轉弱，先減碼三分之一。,64.8,100,33.5,33.53,162537.27,17993.12,22.8,73.51,175.66,1.06,12.11,2.12,4.62,1,0,0,0,0,0,0,701.848,1530.033,3054.167,5166.585999999998,0,0,0,0,0,0,0,-13,46,4.69,672,1578,2689,,658.848,1543.033,3008.167,5103.585999999998,66.18,71.79,66.87,81.63,true,false,5.65,3.88,
31,2727,王品,TWSE,觀光餐旅,等待確認,續抱觀察,已有部位可續抱觀察，但暫不追價；若收盤跌破60日EMA約 233.87 且法人籌碼轉弱，先減碼三分之一。,64.5,100,237,237.5,16.59,12.08,8.25,76.35,99.96,5.04,13.94,5.01,6.95,2,0,0,0,1,1,0,992.401,2051.573,2797.85,782.2080000000001,1,3,4,-25,3,0,696000,-103.953,-171.543,31.26,1082,1801,3001,,998,2152.526,2965.3929999999996,1108.599,55.71,74.8,62.64,99.12,false,false,2.54,7.48,20日趨勢尚未上彎
32,1101,台泥,TWSE,水泥工業,等待確認,續抱觀察,已有部位可續抱觀察，但暫不追價；若收盤跌破60日EMA約 24.06 且法人籌碼轉弱，先減碼三分之一。,64.1,100,24.35,24.58,32.4,1.54,8.42,49.01,223.86,0.1,,0.77,3.33,7,-15,4,4,-3761,-4008,0,2003.153,38578.971,59618.268,19178.04999999998,20,127,-3647,-3927,4,0,3054350,717.723,143.72699999999995,14.53,3855,44683,86301,,1574.9,37734.248,63121.541,23992.613,55.09,55.63,65.45,35.97,false,true,1.66,2.31,
33,2542,興富發,TWSE,建材營造,等待確認,續抱觀察,已有部位可續抱觀察，但暫不追價；若收盤跌破60日EMA約 42.75 且法人籌碼轉弱，先減碼三分之一。,64.1,100,44.65,44.48,16.47,461.12,24.17,75.42,144.92,1.15,13.65,1.7,9.02,10,-13,177,297,34125,41291,0,2695.351,1319.799,7708.437,22885.961000000003,-13,314.6,34624.6,41383.6,4,1,13952510,2466.1549999999997,4768.6900000000005,8.16,3458,4135,-10221,,2570.648,-1460.9559999999997,-31684.853000000003,-23522.64800000001,57.58,65.14,58.02,79.37,true,false,1.93,1.02,
34,2915,潤泰全,TWSE,貿易百貨,等待確認,續抱觀察,已有部位可續抱觀察，但暫不追價；若收盤跌破60日EMA約 50.12 且法人籌碼轉弱，先減碼三分之一。,64.1,100,52.9,52.65,12.84,-22.99,-1.96,9.9,483.12,2.59,6.03,0.48,3.7,3,0,0,0,1,-411,0,863.321,3103.2200000000003,5296.858000000001,2741.806000000002,0,0,1,-411,0,0,0,62.97700000000001,-122.464,5.64,933,6356,8679,,858.321,3040.243,5418.322,3038.1010000000006,59.61,56.51,43.22,83.1,true,false,2.73,2.92,20日趨勢尚未上彎；單季稅前獲利對營業外貢獻依賴偏高
35,2425,承啟,TWSE,電腦及週邊設備業,等待確認,暫停加碼／跌破減碼,已有部位暫停加碼；若收盤跌破60日EMA約 39.41，且下一交易日仍未收復，先減碼三分之一；若ETF或外資繼續轉弱，再分批降低部位。,63.9,85,46.45,46.9,375.57,116.51,0.01,54.57,183.46,0.62,,1.64,0.23,1,2,2,12,208,208,0,-117.441,-1255.1490000000001,-1677.237,-2053.7129999999997,2,12,208,208,3,0,512400,-18.285,-36.172,8.73,165,-377,-1222,,-26.441,-1248.864,-1849.065,-2279.7260000000006,60.09,58.44,55.4,64.52,true,true,7.24,-0.85,外資持股5/10日下降，且外資5日賣超；單季稅前獲利對營業外貢獻依賴偏高
36,2707,晶華,TWSE,觀光餐旅,等待確認,續抱觀察,已有部位可續抱觀察，但暫不追價；若收盤跌破60日EMA約 179.09 且法人籌碼轉弱，先減碼三分之一。,63.8,100,180,179.25,13.94,5.11,28.9,65.43,123.74,5.73,12.89,6.5,5.96,1,0,0,0,4,3,0,346.89,806.164,952.217,1699.927,0,0,4,2,0,0,0,11.679,11.419,7.41,350,719,819,,347.89,794.485,936.7980000000001,1687.508,53.28,70.3,65.04,80.81,false,false,0.27,0.56,當下除權息調整價未守20日EMA
37,2412,中華電,TWSE,通信網路業,等待確認,續抱觀察,已有部位可續抱觀察，但暫不追價；若收盤跌破60日EMA約 138.99 且法人籌碼轉弱，先減碼三分之一。,63.5,100,139.5,139.5,11.4,7.83,21.85,24.9,164.38,1.3,27.93,2.75,3.7,36,1286,2224,3111,6766,24332,-944,7777.456,53710.695,98293.21,70362.72899999999,76.038,365.092,1922.6599999999999,18024.284,4,1,51295426,2921.926,5668.295999999999,17.26,7461,49523,105695,,7429.768,50423.677,90702.25400000002,57623.00700000001,51.23,65.93,73.49,50.81,false,true,0.25,0.36,主動ETF 5日轉為減碼；20日趨勢尚未上彎
38,2376,技嘉,TWSE,電腦及週邊設備業,等待確認,暫停加碼／跌破減碼,已有部位暫停加碼；若收盤跌破60日EMA約 327.00，且下一交易日仍未收復，先減碼三分之一；若ETF或外資繼續轉弱，再分批降低部位。,62.9,100,330.5,332.25,68.55,48.36,7.06,72.95,137.4,7.86,14.88,3.3,3.77,31,308,528,1381,5351,9413,-909,70.526,-2777.48,-3555.748,-4027.486999999999,228.906,-355.7519999999999,2986.715,6355.507000000001,4,1,-113307012,-61.253000000000014,1047.073,19.93,-655,-3459,-8548,,-213.035,-2360.475,-7589.536,-12411.967,47.1,37.2,48.26,15.07,false,false,-1.57,-6.77,主動ETF 5日轉為減碼；外資持股5/10日下降，且外資5日賣超；20日趨勢尚未上彎；當下除權息調整價未守20日EMA
39,1907,永豐餘,TWSE,造紙工業,等待確認,續抱觀察,已有部位可續抱觀察，但暫不追價；若收盤跌破60日EMA約 26.99 且法人籌碼轉弱，先減碼三分之一。,62.7,100,29.35,28.95,12.66,4.44,-0.43,46.4,119.9,0.13,20.71,0.62,3.45,3,27,27,34,59,600,0,1255.777,3903.54,4082.324,10630.162999999999,27.08,36.086999999999996,57.78699999999999,586.713,3,0,1046523,34,-41,12.68,1267,2414,3098,,1236.697,3833.453,4065.5370000000003,9977.636000000002,65.35,69.71,54.68,99.76,true,false,4.31,4.45,單季稅前獲利對營業外貢獻依賴偏高
40,2539,櫻花建,TWSE,建材營造,等待確認,續抱觀察,已有部位可續抱觀察，但暫不追價；若收盤跌破60日EMA約 40.52 且法人籌碼轉弱，先減碼三分之一。,62.7,100,42.9,42.5,79.55,22.59,40.49,41.67,297.64,0.68,15.18,2.74,6.52,3,0,0,8,-154,-154,0,110.424,2592.0789999999997,3192.2050000000004,5379.586,0,8,-154,-154,1,0,343600,17.248000000000008,69.99,2.28,303,2673,2747,,93.424,2566.831,3276.215,5448.245000000001,67.99,75.31,69.38,87.18,false,false,4.96,5.8,
41,2834,臺企銀,TWSE,金融保險業,等待確認,續抱觀察,已有部位可續抱觀察，但暫不追價；若收盤跌破60日EMA約 17.35 且法人籌碼轉弱，先減碼三分之一。,62.7,100,18.3,18.33,-7.72,4.14,,94.16,,0.35,13.82,1.18,5.52,12,-18,104,119,-45,-190,0,27579.181,40227.248999999996,18315.362,40651.11699999999,20.467,257.467,101.13799999999998,-64.97400000000003,5,0,4660153,453.2339999999999,485.8589999999999,18.3,27532,4820,3120,,27497.714,39516.548,17728.365,40277.27100000001,61.38,78.15,76.45,81.55,true,true,1.85,1.67,
42,2207,和泰車,TWSE,汽車工業,等待確認,續抱觀察,已有部位可續抱觀察，但暫不追價；若收盤跌破60日EMA約 489.55 且法人籌碼轉弱，先減碼三分之一。,62.6,100,558,562,48.36,13.06,,77.85,100.73,7.95,16.14,3.87,3.63,15,0,0,63,-211,-55,0,566.852,1489.173,1748.4940000000001,2678.537,1.816,70.208,-204.425,-49.93100000000002,4,0,38684608,7.9879999999999995,-3.1270000000000033,22.45,585,1384,1856,,570.302,1410.9769999999999,1956.0459999999996,2705.8020000000006,82.99,84.66,75.66,102.66,false,false,11.29,13.07,短線過熱或乖離過大
43,6024,群益期,TWSE,金融保險業,等待確認,暫停加碼／跌破減碼,已有部位暫停加碼；若收盤跌破60日EMA約 57.38，且下一交易日仍未收復，先減碼三分之一；若ETF或外資繼續轉弱，再分批降低部位。,62.5,100,58.2,58,124.15,-29.03,,87.11,113.58,1.76,10.54,1.44,5.52,2,0,0,1,125,125,0,269.614,-177.25699999999995,-90.16599999999997,249.27800000000002,0,1,125,125,1,0,62900,4,4,4.71,274,-150,-217,,270.614,-182.25699999999995,-219.16599999999997,116.27799999999996,42.82,34.37,45.58,11.96,false,false,-2.07,-4.32,外資持股5/10日下降，且外資5日賣超；2日內除權息，等待價格重置
44,2324,仁寶,TWSE,電腦及週邊設備業,等待確認,續抱觀察,已有部位可續抱觀察，但暫不追價；若收盤跌破60日EMA約 35.09 且法人籌碼轉弱，先減碼三分之一。,62.4,100,35.8,35.63,58.38,15.82,1.31,67.75,130.7,0.45,25.38,1.12,3.26,11,561,1682,1811,3695,-24165,0,-8854.399,-1340.3109999999988,40376.06,61474.62899999999,45.882,478.46500000000003,-1716.342,-34371.697,5,0,16148194,-1030.453,3798.1670000000004,35.74,-5632,-3508,42889,,-8647.108,-788.3229999999994,38294.235,88010.018,50.18,42.83,46.14,36.21,false,false,0.17,-3.76,外資持股趨勢資料不足或期間有非市場異動；當下除權息調整價未守20日EMA
45,5434,崇越,TWSE,電子通路業,等待確認,續抱觀察,已有部位可續抱觀察，但暫不追價；若收盤跌破60日EMA約 489.69 且法人籌碼轉弱，先減碼三分之一。,62.4,100,502,500.5,32.86,20.2,7.72,55.57,130.51,6.86,20.17,4.79,2.82,25,-28,-26,62,614,4158,7,243.197,330.12,684.4269999999999,2125.1169999999997,-23.532,65.607,940.307,5976.368,4,1,31196129,3.6119999999999997,-9.921,30.21,303,461,159,,265.009,260.901,-245.95899999999997,-3911.207,45.52,21.49,28.64,7.19,false,false,-4.3,-9.06,ETF 1/3日已轉為減碼；20日趨勢尚未上彎；當下除權息調整價未守20日EMA
46,3022,威強電,TWSE,電腦及週邊設備業,等待確認,續抱觀察,已有部位可續抱觀察，但暫不追價；若收盤跌破60日EMA約 81.72 且法人籌碼轉弱，先減碼三分之一。,61.9,100,83.9,84.65,79.97,18.78,2.29,27.05,323.07,0.96,23.65,1.28,4.19,2,0,0,0,-2,5,0,-60.133,813.086,3620.903,5520.684000000001,0,0,-2.608,4.507,0,0,0,-126.43300000000002,16.529999999999983,21.27,173,1704,4420,,-40.609,939.519,3606.9809999999998,5422.267,46.54,47.96,57.27,29.33,false,true,-3.24,-10.74,當下除權息調整價未守20日EMA；單季稅前獲利對營業外貢獻依賴偏高
47,2633,台灣高鐵,TWSE,航運業,等待確認,續抱觀察,已有部位可續抱觀察，但暫不追價；若收盤跌破60日EMA約 26.13 且法人籌碼轉弱，先減碼三分之一。,61.8,100,26.5,26.45,2.77,4.03,43.23,80.58,117.4,0.37,21.74,1.98,4.37,10,58,464,2101,2328,9770,1,5758.7,13217.763,13926.4,19360.121,74,2157,2380,9807,4,1,56729100,336,228.234,6.19,6384,7634,6033,,5648.7,10724.763,11318.166000000001,9310.426,57.81,73.44,62.51,95.31,true,false,1.36,1.73,20日趨勢尚未上彎
48,3034,聯詠,TWSE,半導體業,等待確認,續抱觀察,已有部位可續抱觀察，但暫不追價；若收盤跌破60日EMA約 488.75 且法人籌碼轉弱，先減碼三分之一。,61.7,100,511,510.5,18.96,-2.75,17.4,30.62,363.74,6.19,20.12,4.15,4.68,49,37,272,388,-2443,953,-20,446.631,4617.229,9508.880000000001,17780.661,-36.805,183.26999999999998,-3262.903,-600.586,4,1,89985570,272.279,643.001,40.74,255,4261,13625,,302.052,4161.68,12128.782000000001,19317.968,52.95,66.34,64.12,70.78,false,false,2.03,0.79,主動ETF 5日轉為減碼；20日趨勢尚未上彎
49,2889,國票金,TWSE,金融保險業,等待確認,續抱觀察,已有部位可續抱觀察，但暫不追價；若收盤跌破60日EMA約 15.36 且法人籌碼轉弱，先減碼三分之一。,61.6,100,15.75,15.78,100.04,130.05,,88.34,,0.25,20.32,1.22,3.77,2,3,8,10,-60,-97,0,5659.841,7814.5250000000015,7489.245000000002,33319.636,3,10,-60,1909,3,0,156500,312.38,341.38,9.57,6680,10190,10400,,5630.841,7492.145,7207.865000000001,30780.100000000002,58.5,58.18,49.15,76.25,true,false,1.15,0,
50,2881,富邦金,TWSE,金融保險業,等待確認,續抱觀察,已有部位可續抱觀察，但暫不追價；若收盤跌破60日EMA約 118.54 且法人籌碼轉弱，先減碼三分之一。,61.5,100,128,128.75,-53.65,466.35,,92.11,,2.4,17.06,1.9,3.43,35,3555,12350,13117,28184,-9889,0,4714.713,13968.799,39009.070999999996,53908.988999999994,894.287,7056.277,17495.731,-23208.233000000004,5,0,874978348,4511.75,6866.576999999999,18.39,2169,1742,15153,,3371.624,2400.7719999999995,14646.762999999999,68244.758,55.05,57.49,55.56,61.35,true,true,1.81,0.39,借券賣出與借券賣出餘額壓力升高
51,1476,儒鴻,TWSE,紡織纖維,等待確認,續抱觀察,已有部位可續抱觀察，但暫不追價；若收盤跌破60日EMA約 339.20 且法人籌碼轉弱，先減碼三分之一。,61.3,100,357,352.25,14.42,3.22,22.81,25.39,252.31,6.69,17.03,3.51,4.26,13,2,3,45,-1573,-1193,0,1035.689,1664.1870000000004,2319.5950000000003,6126.184,3.944,50.896,-1567.2589999999998,-1184.6259999999997,4,0,17915392,17.735,5.091999999999999,30.67,1012,1597,3927,,990.415,1595.556,3881.762,7388.245,63.39,77.04,64.04,103.04,false,false,5.3,6.73,
52,5876,上海商銀,TWSE,金融保險業,等待確認,續抱觀察,已有部位可續抱觀察，但暫不追價；若收盤跌破60日EMA約 42.31 且法人籌碼轉弱，先減碼三分之一。,61.2,100,45.3,45.43,-4.39,-1.56,,88.71,,1.05,14.22,1.04,4.02,20,538,7282,10631,4551,18288,51,9307.579,37776.642,61817.49799999999,92883.01099999998,-13,3498,-6874,1767,4,1,156710400,-1875.928,3167.736,54.09,9211,31024,61789,,9201.814,36154.57,65523.762,81728.80599999998,60.17,47.95,53.61,36.61,false,false,2.61,-0.86,累計營收負成長且當月改善不足
53,6414,樺漢,TWSE,電腦及週邊設備業,等待確認,續抱觀察,已有部位可續抱觀察，但暫不追價；若收盤跌破60日EMA約 386.68 且法人籌碼轉弱，先減碼三分之一。,61.2,100,411.5,414,56.97,23.33,5.37,62.87,127.12,5.15,18.73,2.23,3.42,9,0,-1,0,-2,-27,0,589.121,2354.659,4732.130000000001,8869.287,0,-20,-22,133,0,2,-8060000,-233.26099999999997,-385.33299999999997,47.98,391,2449,5014,,551.11,2607.9199999999996,5139.463,10209.587,48.92,30.93,49.31,-5.84,false,false,-2.77,-17.7,當下除權息調整價未守20日EMA
54,3045,台灣大,TWSE,通信網路業,等待確認,續抱觀察,已有部位可續抱觀察，但暫不追價；若收盤跌破60日EMA約 113.47 且法人籌碼轉弱，先減碼三分之一。,61,100,113.5,113.75,6.57,3.74,11.92,57.77,54.69,1.37,23.12,3.79,4.16,37,868,2675,3112,-4725,15900,1,5714.935,33344.638999999996,63587.922999999995,96632.56099999999,55.65,1164.066,-10194.411,6597.887999999998,5,0,132703524,1455.6680000000001,4022.752,16.32,5181,30681,65367,,5458.95,30724.905,69759.582,85835.17800000001,50.08,72.28,75.86,65.11,false,true,0.22,0,20日趨勢尚未上彎
55,2885,元大金,TWSE,金融保險業,等待確認,續抱觀察,已有部位可續抱觀察，但暫不追價；若收盤跌破60日EMA約 62.11 且法人籌碼轉弱，先減碼三分之一。,60.8,100,67.2,67.45,72.83,142.25,,91.67,,1.08,19.42,2.34,3.49,39,4995,14022,17740,22805,41903,3883,3372.841,13467.346,36282.84599999999,33111.11999999998,1180.624,14848.775,7789.985999999998,12915.828999999998,5,0,936957703,8413.112000000001,13148.877,26.76,756,-10815,10803,,1272.768,-9794.541,15343.983,-718.4159999999997,57.37,57.69,44.35,84.36,false,false,3.75,6.5,20日趨勢尚未上彎；借券賣出與借券賣出餘額壓力升高
56,2305,全友,TWSE,電腦及週邊設備業,等待確認,暫停加碼／跌破減碼,已有部位暫停加碼；若收盤跌破60日EMA約 29.09，且下一交易日仍未收復，先減碼三分之一；若ETF或外資繼續轉弱，再分批降低部位。,60.7,100,29.45,29.63,142.33,79.62,7.52,21.16,492.74,0.16,102.04,2.38,,1,2,2,16,214,210,0,1188.787,-1321.544,-1199.9919999999997,-4061.9359999999992,2,16,214,210,3,0,440800,7.232000000000002,-5.492999999999995,5.24,1281,-1244,-1433,,1220.194,-1344.7760000000003,-1408.4990000000003,-4149.348,43.03,20.95,19.44,23.97,true,false,-8.53,-8.82,外資持股5/10日下降，且外資5日賣超；20日趨勢尚未上彎；當下除權息調整價未守20日EMA；單季稅前獲利對營業外貢獻依賴偏高
57,3617,碩天,TWSE,其他電子業,等待確認,暫停加碼／跌破減碼,已有部位暫停加碼；若收盤跌破60日EMA約 209.81，且下一交易日仍未收復，先減碼三分之一；若ETF或外資繼續轉弱，再分批降低部位。,60.6,100,210.5,215,25.6,8.89,16.26,37.35,279.17,4.13,14.16,2.07,4.97,3,0,0,0,-2,0,0,-11.582,-31.701000000000004,116.06500000000004,209.897,0,0,-2.114,0.786,0,0,0,-21.611,-29.237,8.64,130,-26,-82,,-8.95,-10.09,147.41600000000003,161.96700000000007,47.84,38.65,34.01,47.91,true,true,-1.1,-1.17,外資持股5/10日下降，且外資5日賣超；20日趨勢尚未上彎
58,8464,億豐,TWSE,居家生活,等待確認,續抱觀察,已有部位可續抱觀察，但暫不追價；若收盤跌破60日EMA約 358.04 且法人籌碼轉弱，先減碼三分之一。,60.6,100,384.5,384,11.73,1.69,28.11,34.78,246.69,5.62,17.32,4.11,4.18,11,-1,-1,2,5,863,0,-6.579,53.827,-56.32400000000001,622.145,0.964,28.482,31.254,888.4259999999999,4,0,10894365,4.093,-3.565999999999999,40.53,-6,17,-122,,-8.462,21.252,-84.01200000000006,-262.6010000000001,67.53,82.23,76.47,93.76,false,false,4.47,3.92,ETF 1/3日已轉為減碼
59,2892,第一金,TWSE,金融保險業,等待確認,續抱觀察,已有部位可續抱觀察，但暫不追價；若收盤跌破60日EMA約 32.20 且法人籌碼轉弱，先減碼三分之一。,60.3,100,36.35,36.58,9.73,22.32,,94.22,,0.57,18.21,1.71,3.66,24,4078,10868,12545,64390,108638,0,19027.366,23418.377000000004,38516.704000000005,120824.98900000002,500.729,4403.311,49889.174,89677.53599999998,5,0,156317541,11728.592999999999,15777.777999999998,25.05,12348,5119,-29661,,14858.671,7286.473000000001,-27150.248,13867.069999999992,77.46,87.95,83.35,97.15,false,false,6.31,5.98,短線過熱或乖離過大
60,5871,中租-KY,TWSE,其他,等待確認,續抱觀察,已有部位可續抱觀察，但暫不追價；若收盤跌破60日EMA約 113.41 且法人籌碼轉弱，先減碼三分之一。,60.2,100,112,112.25,-0.82,-2,30.94,79.13,112.36,3.26,10.35,1.08,5.43,29,-149,4783,5834,21062,19642,31,2832.675,18229.724000000002,36801.689000000006,43089.50700000001,-155.135,1916.353,17066.638,15603.507000000001,3,2,211757007,-63.16800000000001,274.56300000000005,45.06,803,15139,21725,,2981.412,16376.538999999999,19460.487999999998,26057.101,42.57,25.85,39.74,-1.94,false,false,-2.86,-4.8,累計營收負成長且當月改善不足；當下除權息調整價未守20日EMA
61,6605,帝寶,TWSE,汽車工業,等待確認,續抱觀察,已有部位可續抱觀察，但暫不追價；若收盤跌破60日EMA約 134.43 且法人籌碼轉弱，先減碼三分之一。,60.1,100,136,136.25,4.45,-3.37,18.3,36.89,129.82,4.41,9.86,1.06,4.94,1,0,0,0,4,4,0,140.41,491.4649999999999,745.01,440.0379999999999,1,3,8,6,3,0,394500,18.418000000000003,18.349000000000004,14.04,241,557,838,,135.781,470.047,718.6610000000001,501.2629999999999,55.68,56.05,52.84,62.48,true,false,2.53,2.64,累計營收負成長且當月改善不足；20日趨勢尚未上彎
62,1210,大成,TWSE,食品工業,等待確認,續抱觀察,已有部位可續抱觀察，但暫不追價；若收盤跌破60日EMA約 55.80 且法人籌碼轉弱，先減碼三分之一。,60,100,57,56.8,12.17,6.36,4.39,55.28,83.22,0.94,13.6,1.91,5.23,5,0,119,490,535,2509,0,471.927,2091.83,3843.5049999999997,8021.377999999999,6,513,556,2523,5,0,29446200,868.9200000000001,2166.6530000000002,8.47,602,1164,579,,481.408,709.9099999999999,1120.8519999999999,2075.065,50.39,45,44.25,46.49,true,true,-0.36,-1.38,當下除權息調整價未守20日EMA
63,2301,光寶科,TWSE,電腦及週邊設備業,等待確認,暫停加碼／跌破減碼,已有部位暫停加碼；若收盤跌破60日EMA約 206.43，且下一交易日仍未收復，先減碼三分之一；若ETF或外資繼續轉弱，再分批降低部位。,59.7,100,209,209,36.98,25.08,9.44,58.11,141.92,1.66,27.94,4.89,2.63,25,900,3550,4262,4128,247,0,-1167.086,-13484.655,-10778.525,-2143.041999999998,76.626,2388.286,-317.87800000000016,-6672.496999999999,5,0,453774340,1422.2850000000003,3662.3540000000003,40.67,-1317,-16672,-13958,,-1879.769,-17295.226,-14123.001,-1446.0539999999992,50.14,41.55,39.91,44.82,true,false,0.84,-2.56,外資持股5/10日下降，且外資5日賣超；20日趨勢尚未上彎
64,2801,彰銀,TWSE,金融保險業,等待確認,暫停加碼／跌破減碼,已有部位暫停加碼；若收盤跌破60日EMA約 22.99，且下一交易日仍未收復，先減碼三分之一；若ETF或外資繼續轉弱，再分批降低部位。,59.6,100,25.5,25.63,9.51,14.62,,93.51,,0.44,15.5,1.29,4.23,17,-97,704,1329,52983,59462,0,12113.72,8830.393,23710.431,32085.934,-37.693,1538.307,53195.228,59635.09500000001,4,1,38150014,8718.234999999999,8550.441999999997,17.24,9127,-9238,-49313,,8945.413,-1426.1489999999985,-38035.239,-35847.614,73.37,87.22,81.14,99.37,true,true,5.36,4.72,外資持股5/10日下降，且外資5日賣超；KD高檔死亡交叉，等待動能確認
65,4904,遠傳,TWSE,通信網路業,等待確認,續抱觀察,已有部位可續抱觀察，但暫不追價；若收盤跌破60日EMA約 101.35 且法人籌碼轉弱，先減碼三分之一。,58.7,100,104.5,104.75,15.9,10.14,17.63,45.96,92.82,1.03,26.78,3.97,3.61,37,702,385,748,-5918,20595,-1295,6480.139,32879.205,47187.168000000005,55032.144000000015,-274.725,-1597.234,-12647.067,9854.408,3,2,-168508187,1061.537,6046.924,19.21,6186,32685,53717,,6464.012,33414.902,53787.311,40658.86,53.47,60.45,70.2,40.93,false,true,1.05,-0.95,主動ETF 5日轉為減碼
66,2882,國泰金,TWSE,金融保險業,等待確認,續抱觀察,已有部位可續抱觀察，但暫不追價；若收盤跌破60日EMA約 93.47 且法人籌碼轉弱，先減碼三分之一。,58.5,100,98.7,98.95,-42.04,436.35,,94.35,,2.15,14.45,1.9,3.68,31,5856,16627,18352,11294,-18748,0,7643.712,10088.344000000001,44723.831,82168.014,2752.377,11199.451000000001,-1152.8799999999983,-34487.297999999995,5,0,1066187735,6086.108,9594.265,23,3034,-10934,30782,,3984.802,-7197.214999999999,36282.445999999996,104673.11399999999,54.38,56.37,49.45,70.19,true,true,1.93,1.75,20日趨勢尚未上彎
67,2891,中信金,TWSE,金融保險業,等待確認,續抱觀察,已有部位可續抱觀察，但暫不追價；若收盤跌破60日EMA約 63.68 且法人籌碼轉弱，先減碼三分之一。,58.5,100,63.8,63.9,-17.9,97.76,,93.83,,1.18,15.2,2.26,3.96,39,6378,21307,22503,41984,81148,3881,5805.454,25505.413000000004,66177.511,107360.01199999999,-1205.219,13021.204000000003,11709.995000000003,31427.333000000006,4,1,821637972,11798.815999999999,25212.445,34.65,5430,6621,33937,,5404.129,685.393,29255.071,52876.845,45.27,53.97,41.95,78.01,false,false,-1.18,0.31,20日趨勢尚未上彎；當下除權息調整價未守20日EMA
68,2883,凱基金,TWSE,金融保險業,等待確認,續抱觀察,已有部位可續抱觀察，但暫不追價；若收盤跌破60日EMA約 27.50 且法人籌碼轉弱，先減碼三分之一。,58.2,100,30.1,30.28,-23.3,241.65,,91.24,,0.69,16.26,1.45,3.45,25,6620,23412,24253,48450,57304,-179,6882.893,23673.823,108820.35800000001,241099.019,-60.947,8322.826000000001,11571.071000000002,-7625.8369999999995,4,1,240945813,14332.711,29204.749,26.16,2705,-11387,61621,,4864.009,1018.2860000000001,68044.538,205429.784,55.01,42.44,45.09,37.13,false,false,1.31,-1.79,主動ETF 5日轉為減碼
69,2838,聯邦銀,TWSE,金融保險業,等待確認,續抱觀察,已有部位可續抱觀察，但暫不追價；若收盤跌破60日EMA約 20.55 且法人籌碼轉弱，先減碼三分之一。,57,100,21,20.92,-2.49,25.18,,91.93,,0.35,14.61,1.11,5.15,3,3,8,15,-76,31,0,410.124,-745.3439999999999,-2282.2709999999997,-7928.169000000001,24,64,-33,-100.6,4,0,1318400,191.762,146.382,4.24,793,779,-474,,415.124,-1001.1059999999999,-2395.6529999999993,-7938.0199999999995,52.12,59.38,37.69,102.76,false,false,0.71,3.45,20日趨勢尚未上彎
70,1723,中碳,TWSE,化學工業,等待確認,續抱觀察,已有部位可續抱觀察，但暫不追價；若收盤跌破60日EMA約 83.97 且法人籌碼轉弱，先減碼三分之一。,56.9,100,84.5,84.25,32.12,6.31,14.18,30.11,200.59,0.77,33.95,2.43,2.2,1,0,1,1,-1,-14,0,86.604,-487.147,540.037,2457.6130000000003,0,1,-1,-14,1,0,84200,-56.72099999999999,-72.637,9.17,154,-410,825,,82.234,-431.426,613.6740000000001,2539.207,48.02,33.77,35.15,31,false,false,-1.18,-4.09,當下除權息調整價未守20日EMA
71,3008,大立光,TWSE,光電業,等待確認,暫停加碼／跌破減碼,"已有部位暫停加碼；若收盤跌破60日EMA約 3,845.71，且下一交易日仍未收復，先減碼三分之一；若ETF或外資繼續轉弱，再分批降低部位。",56.6,100,3975,3960,-10.46,11.26,37.39,17.56,402.4,46.63,23.19,2.63,2.15,36,62,181,255,579,166,163,-126.603,-563.0740000000001,-737.702,-3162.949,80.487,803.5659999999999,1381.0069999999998,1416.2179999999998,5,0,2985247690,-202.453,-295.58599999999996,29.05,-176,-1089,-1760,,-180.775,-1164.1870000000001,-1823.1230000000005,-4383.877000000001,48.28,36.05,31.65,44.86,true,false,-1.38,1.4,外資持股5/10日下降，且外資5日賣超；20日趨勢尚未上彎；當下除權息調整價未守20日EMA；借券賣出與借券賣出餘額壓力升高
72,8114,振樺電,TWSE,電腦及週邊設備業,等待確認,續抱觀察,已有部位可續抱觀察，但暫不追價；若收盤跌破60日EMA約 205.11 且法人籌碼轉弱，先減碼三分之一。,56.6,100,195.5,194.5,19.14,-25.79,17.79,29.6,215.8,2.75,12.77,1.92,5.99,3,0,0,0,0,-3,0,-292.086,743.259,2119.837,2695.7000000000003,0,0,228,384,0,0,0,-39.733,-10.119999999999997,14.51,-121,561,1663,,-259.561,782.9920000000001,1901.9569999999999,2295.7729999999992,44.61,33.74,46.03,9.16,false,true,-4.89,-15,當下除權息調整價未守20日EMA
73,2867,三商壽,TWSE,金融保險業,等待確認,續抱觀察,已有部位可續抱觀察，但暫不追價；若收盤跌破60日EMA約 8.61 且法人籌碼轉弱，先減碼三分之一。,56.4,100,9.9,9.95,187.2,335.29,,95.07,,-0.03,68.43,0.72,,1,0,0,0,0,0,0,22228.512,49579.2,84560.80099999999,146355.67599999998,0,0,0,0,0,0,0,5870,7451.48,22.12,18849,43270,76524,,19092.512,43709.2,77109.321,133076.196,78.95,76.7,70.96,88.2,true,false,8.09,6.68,短線過熱或乖離過大
74,2880,華南金,TWSE,金融保險業,等待確認,暫停加碼／跌破減碼,已有部位暫停加碼；若收盤跌破60日EMA約 37.69，且下一交易日仍未收復，先減碼三分之一；若ETF或外資繼續轉弱，再分批降低部位。,56,100,42.85,43.53,29.2,36.2,,94.52,,0.55,20.6,2.44,3.4,24,7182,21235,28896,101634,125628,0,2944.335,11159.819000000001,35018.553,72548.667,2422,17430.371,71143.82800000001,75275.09600000002,5,0,743405323,16550.052,36203.083,14.19,-1309,-8971,-51963,,-1590.017,-22820.604,-72328.358,-56352.15699999999,73.21,89.48,87.79,92.86,true,false,6.14,5.28,外資持股5/10日下降，且外資5日賣超
75,1326,台化,TWSE,塑膠工業,等待確認,續抱觀察,已有部位可續抱觀察，但暫不追價；若收盤跌破60日EMA約 57.54 且法人籌碼轉弱，先減碼三分之一。,55.8,100,58,57.8,11.59,10.79,3.82,29.29,188.37,1.07,376,0.88,1.06,7,1200,1205,1209,1228,2254,1201,-7444.34,-29240.427,5154.309000000003,-30266.378,1200,1209,1225,2126,4,0,68187600,-2573.295,-1179.8200000000002,37.76,-5897,-26396,9217,,-8106.611,-27876.132,5109.129,-29210.033000000003,44.31,13.4,24.03,-7.85,false,false,-7.3,-14.07,當下除權息調整價未守20日EMA；估值高且成長不足以支撐；借券賣出與借券賣出餘額壓力升高；單季稅前獲利對營業外貢獻依賴偏高
76,5388,中磊,TWSE,通信網路業,等待確認,續抱觀察,已有部位可續抱觀察，但暫不追價；若收盤跌破60日EMA約 83.74 且法人籌碼轉弱，先減碼三分之一。,55.7,100,81.8,82.5,70.83,58.09,2.94,69.5,131.55,1.01,19.78,1.51,3.16,2,0,0,0,-2,-725,0,-1179.565,-1462.1309999999992,3546.962000000001,14701.261999999999,0,0,-2.67,-353.387,0,0,0,-1001.9650000000001,-722.5080000000002,23.22,-521,-10,4325,,-909.96,-460.16599999999994,4272.14,14726.728,45.36,25.41,37.68,0.87,false,false,-3.16,-7.78,當下除權息調整價未守20日EMA
77,2850,新產,TWSE,金融保險業,等待確認,續抱觀察,已有部位可續抱觀察，但暫不追價；若收盤跌破60日EMA約 142.92 且法人籌碼轉弱，先減碼三分之一。,55.6,100,162.5,163.25,3.28,14.4,,62.41,,3.99,11.21,2.27,4.63,4,-2,-2,-2,1,2,0,-173.53,384.541,191.07000000000005,699.7210000000001,-1,3,7,6,2,1,471000,-11,-16.718999999999998,10.98,-154,105,-75,,-169.53,392.541,200.789,711.441,73.02,80.65,70.94,100.07,false,false,8.05,10.17,20日累積後5日轉為調節；ETF 1/3日已轉為減碼
78,2886,兆豐金,TWSE,金融保險業,等待確認,續抱觀察,已有部位可續抱觀察，但暫不追價；若收盤跌破60日EMA約 45.27 且法人籌碼轉弱，先減碼三分之一。,55.5,100,52.9,53.2,1.53,19.42,,91.97,,0.63,20.93,1.9,3.4,34,8695,23612,25688,70337,126867,4020,16269.25,29943.972999999998,59150.931,128927.98999999999,3502.863,13597.152,41806.612,115231.57699999999,5,0,700253328,13241.94,30367.148,19.24,8949,3184,-17110,,10567.419,3104.8810000000003,-13022.829,-33068.199,84.38,89.64,86.22,96.49,false,false,9.19,9.18,短線過熱或乖離過大；官方重大訊息出現高風險關鍵字，須查原文
79,6505,台塑化,TWSE,油電燃氣業,等待確認,續抱觀察,已有部位可續抱觀察，但暫不追價；若收盤跌破60日EMA約 63.53 且法人籌碼轉弱，先減碼三分之一。,55.5,100,71.5,72.25,18.46,8.2,15.13,17.92,451.26,2.14,25.66,1.82,1.68,9,507,1135,-310,2421,6529,-1572,-4780.856,-8087.531999999999,43663.756,104447.791,165,-989.5799999999999,5375.826000000001,10793.938,3,2,-70853928,-1605.541,-1838.7659999999996,7.24,-4088,-5203,40250,,-5136.876,-5492.411,40126.695999999996,90643.54499999998,51.45,16.59,36.4,-23.03,false,false,-1.71,-16.67,20日累積後5日轉為調節；主動ETF 5日轉為減碼；當下除權息調整價未守20日EMA
80,5880,合庫金,TWSE,金融保險業,等待確認,續抱觀察,已有部位可續抱觀察，但暫不追價；若收盤跌破60日EMA約 24.72 且法人籌碼轉弱，先減碼三分之一。,54.5,100,27.35,27.53,-8.4,16.98,,94.65,,0.36,19.29,1.5,3.89,16,4042,9338,10198,16496,20500,0,44466.756,92576.013,117347.106,184764.26799999998,703.611,2584.45,2919.4729999999995,2720.678,5,0,69780150,7283.004999999999,10951.383,16.97,41330,78346,97407,,42650.495,82708.558,103476.25,168775.875,85.63,90.86,88.06,96.46,false,false,6.34,6.63,短線過熱或乖離過大
81,9941,裕融,TWSE,其他,等待確認,續抱觀察,已有部位可續抱觀察，但暫不追價；若收盤跌破60日EMA約 80.46 且法人籌碼轉弱，先減碼三分之一。,54.5,100,82.9,82.65,-4,-2.42,14.5,85.28,99.11,1.82,11.92,1.31,5.63,6,0,1,1,-16,-39,0,140.785,1196.0510000000002,1319.1220000000003,4794.261,0,1,-16.148,-67.148,1,0,81400,236.653,225.03399999999996,5.22,359,2653,508,,137.109,958.3980000000001,1110.236,4572.187,55.7,42.04,37.57,50.99,true,false,1.13,1.47,累計營收負成長且當月改善不足
82,2002,中鋼,TWSE,鋼鐵工業,等待確認,續抱觀察,已有部位可續抱觀察，但暫不追價；若收盤跌破60日EMA約 18.97 且法人籌碼轉弱，先減碼三分之一。,54.4,100,19.05,19.13,9.61,-0.16,-0.78,50.93,117.78,-0.16,,0.98,0.79,7,0,26,26,-10,-284,0,14144.264,79510.514,196301.934,185999.611,59,165,113.1,-334.9,3,0,3126750,1116.513,6881.627999999999,14.33,11396,57399,156354,,13814.222,78229.00099999999,189307.20599999998,179861.61,54.41,54.75,58.62,47,false,true,0.8,-0.52,累計營收負成長且當月改善不足
83,4938,和碩,TWSE,電腦及週邊設備業,等待確認,續抱觀察,已有部位可續抱觀察，但暫不追價；若收盤跌破60日EMA約 83.41 且法人籌碼轉弱，先減碼三分之一。,54.3,100,83.1,83.1,15.89,-3.93,1.16,60.1,131.03,0.58,18.51,1.06,4.98,26,338,1044,828,-9878,-20492,0,-1801.661,5004.187,26767.346,37286.744,36.059,49.05899999999997,-13036.242,-26455.102000000003,4,1,3949249,516.697,3117.4620000000004,30.31,-1985,874,30062,,-2016.668,4438.4310000000005,36686.126,58152.69999999999,48.4,33.75,41.74,17.77,false,false,-0.68,-6,當下除權息調整價未守20日EMA
84,6409,旭隼,TWSE,其他電子業,等待確認,續抱觀察,已有部位可續抱觀察，但暫不追價；若收盤跌破60日EMA約 944.92 且法人籌碼轉弱，先減碼三分之一。,53.7,100,957,957,5.72,-8.79,18.11,42.09,188.74,4.46,25.44,7.54,4.14,12,0,1,11,457,2316,0,94.147,507.611,542.94,596.705,1.098,14.108,485.749,2344.563,4,0,12527904,-9.469000000000001,-36.747,52.45,115,606,188,,98.097,502.972,93.93799999999997,-1659.9990000000003,46,26.6,21.77,36.27,true,false,-3.59,-5.71,累計營收負成長且當月改善不足；20日趨勢尚未上彎；當下除權息調整價未守20日EMA
85,1736,喬山,TWSE,運動休閒,等待確認,續抱觀察,已有部位可續抱觀察，但暫不追價；若收盤跌破60日EMA約 126.65 且法人籌碼轉弱，先減碼三分之一。,53.6,100,128.5,128.25,14.49,9.38,-0.78,69.64,130.22,0.08,15.49,2.75,3.53,1,0,0,0,0,-34,0,-209.1,-309.182,-664.861,-531.9680000000001,2,127,357,321,3,2,16192500,13.331000000000001,4.455000000000002,5.15,-171,223,-798,,-208.1,-449.5129999999999,-1026.3159999999998,-878.4069999999997,49.08,27.25,39.56,2.61,false,false,-1.5,-5.86,當下除權息調整價未守20日EMA；單季稅前獲利對營業外貢獻依賴偏高
86,2377,微星,TWSE,電腦及週邊設備業,等待確認,續抱觀察,已有部位可續抱觀察，但暫不追價；若收盤跌破60日EMA約 133.17 且法人籌碼轉弱，先減碼三分之一。,53.3,100,142,140.75,-9.23,-7.56,6.89,53.89,187.47,4.04,14.21,2.09,3.09,20,100,414,420,5065,15888,9,-456.419,-2686.813,12156.529999999999,38224.698,-1.312,159.688,3997.063,13860.9,4,1,21717568,-1257.637,595.102,15.48,309,-1348,6732,,-462.162,-1588.864,7564.365,21582.893,50.37,34.39,43.01,17.15,false,false,-0.49,-3.07,累計營收負成長且當月改善不足；20日趨勢尚未上彎；當下除權息調整價未守20日EMA
87,2548,華固,TWSE,建材營造,等待確認,暫停加碼／跌破減碼,已有部位暫停加碼；若收盤跌破60日EMA約 102.11，且下一交易日仍未收復，先減碼三分之一；若ETF或外資繼續轉弱，再分批降低部位。,52.7,100,99.1,98.65,-88.82,181.43,20.69,61.16,207.99,2.28,7.73,1.54,8.58,1,0,0,0,-94,-131,0,162.878,-1217.239,-1491,-3317.8250000000003,2,6,-88,-126,3,0,594600,11.466000000000001,-89.53800000000001,16.3,342,-346,-18,,196.316,-1234.705,-1313.462,-2748.3299999999995,51.38,75.82,74.96,77.54,true,true,0.81,0.51,外資持股5/10日下降，且外資5日賣超
88,1216,統一,TWSE,食品工業,等待確認,續抱觀察,已有部位可續抱觀察，但暫不追價；若收盤跌破60日EMA約 75.66 且法人籌碼轉弱，先減碼三分之一。,52.2,100,74.7,75,4.6,3.29,5.86,70.13,88.34,1.15,20.43,2.97,3.97,32,1925,8620,11432,46529,57880,202,24547.162,38065.274000000005,43182.899000000005,81160.354,-358.503,6016.6720000000005,33257.271,36948.26999999999,4,1,454860403,4860.9529999999995,11693.981,31.28,23486,21453,-2761,,25435.437,27187.649000000005,-1768.3529999999964,25291.941000000003,38.87,30.5,39.75,12,false,false,-3.17,-3.49,當下除權息調整價未守20日EMA
89,6226,光鼎,TWSE,光電業,等待確認,暫停加碼／跌破減碼,已有部位暫停加碼；若收盤跌破60日EMA約 18.17，且下一交易日仍未收復，先減碼三分之一；若ETF或外資繼續轉弱，再分批降低部位。,51.3,85,21.1,21.15,22.5,4,-6.37,40.97,123.71,0.01,,1.95,,1,2,2,16,295,295,0,-1174.014,-1734.745,-5199.354,-1524.814,2,16,295,295,3,0,324800,-23.168,-750.168,6.7,-1063,-1506,-4458,,-1154.451,-1727.577,-4744.186000000001,-2000.6460000000006,51.69,43.77,34.56,62.19,false,false,0.95,12.23,外資持股5/10日下降，且外資5日賣超；20日趨勢尚未上彎；高波動且5日漲幅過大；單季稅前獲利對營業外貢獻依賴偏高
90,1303,南亞,TWSE,塑膠工業,等待確認,續抱觀察,已有部位可續抱觀察，但暫不追價；若收盤跌破60日EMA約 148.08 且法人籌碼轉弱，先減碼三分之一。,51.2,100,159.5,159.5,31.79,15.98,5.45,38.16,147.43,1.8,62.77,3,0.55,23,2397,-6135,-5634,66987,176565,-11910,-7817.532,23802.363,-6341.588,-16025.55,1342.56,-21092.937,49998.046,166330.25100000005,3,2,-3058475865,4250.498,3527.587,32.3,-8764,37339,-62107,,-8245.339,40644.801999999996,-59867.221000000005,-193527.00200000004,46.26,17.45,19.92,12.51,false,false,-7.86,-10.14,20日累積後5日轉為調節；主動ETF 5日轉為減碼；20日趨勢尚未上彎；當下除權息調整價未守20日EMA；單季稅前獲利對營業外貢獻依賴偏高
91,2634,漢翔,TWSE,航運業,等待確認,續抱觀察,已有部位可續抱觀察，但暫不追價；若收盤跌破60日EMA約 55.73 且法人籌碼轉弱，先減碼三分之一。,50.6,98.6,60.5,60.35,7.23,7.04,3.59,64.76,142.74,0.28,73.25,3.04,1.33,4,14,14,97,1756,2096,1,-1558.172,-1821.0280000000002,-2717.276,4997.9839999999995,20,118,1775,2106,5,0,6914800,-1681.1779999999999,-4221.418000000001,4.37,-927,494,100,,-1463.301,-257.85000000000036,-270.858000000002,4536.702999999999,51.27,14.72,22.67,-1.18,false,false,-0.57,-7.49,當下除權息調整價未守20日EMA
92,9921,巨大,TWSE,運動休閒,等待確認,續抱觀察,已有部位可續抱觀察，但暫不追價；若收盤跌破60日EMA約 78.20 且法人籌碼轉弱，先減碼三分之一。,50.1,100,85.1,84.25,15.98,-10.5,-1.53,48.26,167.76,-0.51,215.25,0.98,2.09,2,0,0,0,2,2,0,168.232,1299.904,2416.243,3308.7629999999995,149,153,56,187,3,0,13173300,-14.949,79.78799999999998,27.9,410,-34,1226,,31.877,1161.8529999999998,2280.4549999999995,2981.4089999999997,57.62,44.13,51.22,29.95,false,false,2.58,-4.06,估值高且成長不足以支撐
93,2912,統一超,TWSE,貿易百貨,等待確認,續抱觀察,已有部位可續抱觀察，但暫不追價；若收盤跌破60日EMA約 231.93 且法人籌碼轉弱，先減碼三分之一。,47.6,100,226.5,227.5,6.31,5.05,4.26,80.62,82.73,2.97,20.72,5.84,3.91,25,-87,746,1671,8437,9564,37,3276.111,3324.4159999999997,4601.991,13743.696,-83.742,2278.044,9043.109999999999,10173.374999999998,4,1,523950120,-442.608,-556.3439999999999,13.36,2931,34,-5027,,3809.526,1488.98,-3884.775,3928.9849999999997,38.43,31.05,40.03,13.07,true,true,-4.22,-6.02,當下除權息調整價未守20日EMA
94,2466,冠西電,TWSE,光電業,等待確認,暫停加碼／跌破減碼,已有部位暫停加碼；若收盤跌破60日EMA約 78.14，且下一交易日仍未收復，先減碼三分之一；若ETF或外資繼續轉弱，再分批降低部位。,46.5,85,96.9,96.95,53.03,-11.62,-32.41,54.79,111.42,0.03,125.27,7.9,,1,3,3,23,418,418,0,-202.402,-930.611,-735.8530000000001,1693.0349999999999,3,23,418,418,3,0,2132100,-4,-27.171999999999997,12.5,-199,-950,-1127,,-199.402,-949.611,-1126.6809999999998,1267.3980000000001,54.94,22.81,27.49,13.43,false,false,0.95,2,外資持股5/10日下降，且外資5日賣超；單季稅前獲利對營業外貢獻依賴偏高
95,9910,豐泰,TWSE,運動休閒,等待確認,續抱觀察,已有部位可續抱觀察，但暫不追價；若收盤跌破60日EMA約 72.29 且法人籌碼轉弱，先減碼三分之一。,46.2,100,70.7,70.1,-3.9,-3.67,4,45.25,167.9,0.68,15.24,2.6,5.82,8,15,24,40,-3284,-6884,0,95.646,1450.7130000000002,-398.8689999999999,-4758.964,14.603,39.57,-3284.1450000000004,-6881.1990000000005,5,0,2785728,65.32499999999999,13.654999999999994,5.3,316,772,2574,,82.528,1345.818,2871.621,1997.1320000000007,53.46,68.35,58.2,88.65,false,false,1.79,3.21,累計營收負成長且當月改善不足
96,6919,康霈*,TWSE,生技醫療業,等待確認,續抱觀察,已有部位可續抱觀察，但暫不追價；若收盤跌破60日EMA約 104.54 且法人籌碼轉弱，先減碼三分之一。,43.7,100,103,103.25,,-70.78,-12291550,1.82,4520.84,-0.07,,17.11,,4,0,0,0,2,4,0,1652.388,6225.912,9236.65,15179.222999999998,0,0,0,-7,0,0,0,76.11599999999999,-73.88300000000002,14.64,1604,6071,9132,,1625.111,6149.796,9310.533,15088.803000000002,49.75,35.91,29.01,49.71,true,false,-0.31,5.32,外資持股趨勢資料不足或期間有非市場異動；當下除權息調整價未守20日EMA
97,9914,美利達,TWSE,運動休閒,等待確認,續抱觀察,已有部位可續抱觀察，但暫不追價；若收盤跌破60日EMA約 73.90 且法人籌碼轉弱，先減碼三分之一。,43.1,100,77.1,77.05,-5.51,-15.29,5.21,43.46,142.15,1.09,21.19,1.17,3.57,1,0,0,0,5,177,0,69.052,1152.3449999999998,5927.005999999999,5727.249000000001,2,8,-186,-15,3,0,627200,108.69799999999998,-266.422,25.43,134,1099,6756,,61.853,1035.647,6379.428,5693.722,50.88,23.83,28.33,14.84,false,false,-0.58,-2.28,累計營收負成長且當月改善不足；當下除權息調整價未守20日EMA
98,1301,台塑,TWSE,塑膠工業,等待確認,暫停加碼／跌破減碼,已有部位暫停加碼；若收盤跌破60日EMA約 54.83，且下一交易日仍未收復，先減碼三分之一；若ETF或外資繼續轉弱，再分批降低部位。,41,100,54.9,55.15,-2.69,-3.62,-3.1,34.25,182.85,0.51,,0.88,0.93,6,0,0,3,686,679,0,-6541.458,-39920.208,-22557.076,11530.014999999992,0,3,681.9,629.6999999999999,1,0,162000,-2244.7830000000004,-3649.57,33.75,-5993,-37302,-17783,,-6415.835,-37678.425,-19589.406000000003,10905.120999999996,44.33,14.07,25.57,-8.93,false,false,-6.48,-12.44,累計營收負成長且當月改善不足；外資持股5/10日下降，且外資5日賣超；當下除權息調整價未守20日EMA；單季稅前獲利對營業外貢獻依賴偏高
99,8039,台虹,TWSE,電子零組件業,等待確認,續抱觀察,已有部位可續抱觀察，但暫不追價；若收盤跌破60日EMA約 162.50 且法人籌碼轉弱，先減碼三分之一。,38.6,100,166.5,167.75,-6.57,2.45,6.06,32.91,245.15,0.65,50.16,3.72,1.26,2,0,0,0,0,-264,0,-1405.231,1343.5169999999998,-4610.007,10992.812000000002,-713,-2659,-484,305,0,2,-420122000,-190.958,1341.025,21.61,-203,4022,-3620,,-371.981,4193.475,-5467.032,8676.527999999998,45.79,19.99,40.77,-21.57,false,false,-10.02,-30.63,當下除權息調整價未守20日EMA
100,2451,創見,TWSE,半導體業,暫不承接,停止加碼／開始減碼,已有部位先停止加碼。反彈若仍未站回 272.50，分批降低部位；只有站回且ETF／外資賣壓收斂後才重新評估。,70.8,100,282,284,381.55,422.17,71.8,29.58,288.26,18.93,4.69,3.02,4.37,18,-28,-24,-16,-2416,-754,0,759.762,-5155.088,-5927.249999999999,-8563.062999999998,-25,-5,-2350,-686.6,4,1,-1347500,112.261,137.512,10.09,1034,-3777,-2580,,811.992,-5262.349,-3714.762,-8018.775999999999,57.46,80.39,73.84,93.49,false,false,7.9,6.82,ETF短中期同步減碼；ETF 1/3日已轉為減碼；外資持股5/10日下降，且外資5日賣超
101,6177,達麗,TWSE,建材營造,暫不承接,暫停加碼／跌破減碼,已有部位暫停加碼；若收盤跌破60日EMA約 46.47，且下一交易日仍未收復，先減碼三分之一；若ETF或外資繼續轉弱，再分批降低部位。,69.5,100,48,47.88,1322.16,667.77,43.14,72.12,139.8,3.53,6.35,1.76,6.32,2,0,-14,-14,-86,-101,0,127.734,1632.2790000000002,3716.2490000000003,5173.787,0,-13.848,242.34300000000002,465.153,0,1,-657088,9.673000000000002,200.673,7.6,369,1648,4148,,214.734,1636.4540000000002,3273.233,4489.306,58,51.37,54.68,44.74,false,false,1.7,-1.13,ETF短中期同步減碼
102,2317,鴻海,TWSE,其他電子業,暫不承接,暫停加碼／跌破減碼,已有部位暫停加碼；若收盤跌破60日EMA約 245.47，且下一交易日仍未收復，先減碼三分之一；若ETF或外資繼續轉弱，再分批降低部位。,67.1,100,244.5,245.75,52.11,34.99,3.57,61.98,145.13,3.56,16.3,1.81,3.12,41,4388,11591,12504,21538,35062,31,-32539.265,-51607.259,19567.514000000003,-14604.917999999996,307.892,3409.761,6484.482000000001,13652.961000000001,5,0,782540150,4985.4310000000005,13223.054,39.89,-34183,-61754,-1030,,-33608.017,-60002.45100000001,-140.02200000000175,-40792.414000000004,49.52,40.88,46.96,28.73,false,false,0.26,-3.17,中期趨勢仍向下；外資持股趨勢資料不足或期間有非市場異動；20日趨勢尚未上彎；借券賣出與借券賣出餘額壓力升高
103,9958,世紀鋼,TWSE,鋼鐵工業,暫不承接,暫停加碼／跌破減碼,已有部位暫停加碼；若收盤跌破60日EMA約 112.39，且下一交易日仍未收復，先減碼三分之一；若ETF或外資繼續轉弱，再分批降低部位。,67,100,105.5,105.25,64.09,29.18,28.83,49.86,123.34,2.63,12.95,2.19,4.43,4,0,0,9,277,391,9,92.482,1022.0120000000001,310.26300000000015,312.4390000000002,2,15,283,396,3,0,1522500,-104.279,-150.61399999999998,10.19,15,2011,1297,,110.616,1111.2910000000002,177.87700000000018,-50.768999999999835,40.09,19.92,20.32,19.12,false,false,-4.74,-4.52,中期趨勢仍向下；20日趨勢尚未上彎；當下除權息調整價未守20日EMA；ETF加碼金額或跨基金共識不足
104,2211,長榮鋼,TWSE,鋼鐵工業,暫不承接,暫停加碼／跌破減碼,已有部位暫停加碼；若收盤跌破60日EMA約 93.49，且下一交易日仍未收復，先減碼三分之一；若ETF或外資繼續轉弱，再分批降低部位。,65.8,100,89.1,88.95,47.25,2.08,18.62,20.87,278.83,1.07,10.81,1.35,7.35,4,1,1,1,-11,-8,0,397.423,1220.26,548.0380000000001,-236.94299999999973,4,12,114.369,112.56400000000001,3,0,1060800,-184.88700000000003,-299.547,3.63,622,1988,1450,,405.546,1393.147,733.2159999999999,-188.6040000000001,38.97,51.99,33.98,87.99,true,false,-1.72,1.48,中期趨勢仍向下；20日趨勢尚未上彎；當下除權息調整價未守20日EMA
105,2606,裕民,TWSE,航運業,暫不承接,暫停加碼／跌破減碼,已有部位暫停加碼；若收盤跌破60日EMA約 63.23，且下一交易日仍未收復，先減碼三分之一；若ETF或外資繼續轉弱，再分批降低部位。,65.7,100,62.4,62.35,35.52,26.3,25.38,54.72,192.33,1.17,11.65,1.26,4.61,8,0,-3,-5,-4041,-3956,0,1902.724,4972.005,10036.996000000001,19231.738,1,2,-4032,-4495,3,2,121400,-46.38199999999998,-178.185,19.34,1892,3656,12536,,1884.249,5016.387000000001,14247.181000000002,24006.958000000006,48.7,37.47,42.34,27.74,false,false,-0.22,-2.5,ETF短中期同步減碼；當下除權息調整價未守20日EMA
106,3036,文曄,TWSE,電子通路業,暫不承接,停止加碼／開始減碼,已有部位先停止加碼。反彈若仍未站回 217.46，分批降低部位；只有站回且ETF／外資賣壓收斂後才重新評估。,65.5,100,198.5,197,188.09,114.03,2.01,83.24,116.9,5.32,13.01,2.06,4.25,23,151,580,856,-1959,-12256,366,-1032.305,256.443,-827.5089999999999,-10491.925,3.245,395.971,-5251.094,-18032.604,4,1,72660679,-98.82600000000002,344.106,27.58,-1774,-3025,-3009,,-1039.233,-40.701999999999884,4079.479,7547.9429999999975,44.72,41.26,40.32,43.15,true,true,-1.49,-3.41,中期趨勢仍向下；外資持股5/10日下降，且外資5日賣超；20日趨勢尚未上彎；當下除權息調整價未守20日EMA
107,1795,美時,TWSE,生技醫療業,暫不承接,暫停加碼／跌破減碼,已有部位暫停加碼；若收盤跌破60日EMA約 200.46，且下一交易日仍未收復，先減碼三分之一；若ETF或外資繼續轉弱，再分批降低部位。,65.2,100,177.5,176.25,225.46,84.17,22.66,77.65,159.47,2.18,11.8,1.89,1.55,2,0,0,1,3,89,1,98.386,-192.75099999999998,-246.24199999999988,-933.6919999999999,2,7,9,94,3,0,1211000,-80.612,-267.774,52.02,146,-51,167,,115.491,-119.13900000000007,12.531999999999982,-755.2970000000001,36.94,15.03,12.35,20.38,true,false,-5.3,-4.05,中期趨勢仍向下；20日趨勢尚未上彎；當下除權息調整價未守20日EMA
108,2855,統一證,TWSE,金融保險業,暫不承接,停止加碼／開始減碼,已有部位先停止加碼。反彈若仍未站回 45.05，分批降低部位；只有站回且ETF／外資賣壓收斂後才重新評估。,65.1,100,42.95,42.88,199.02,334.18,,84.35,116.12,1.43,8.97,1.54,5.26,12,473,2006,2456,4941,8363,1,-187.493,-2508.0769999999998,-2186.627,-2272.3929999999996,485,2498,4979.531,8345.348,5,0,100169800,0,0,7.34,-212,-4773,-6602,,-672.493,-5006.077,-7166.157999999999,-10617.741,40.95,32.15,25.86,44.74,true,true,-4.67,-2.83,中期趨勢仍向下；外資持股5/10日下降，且外資5日賣超；20日趨勢尚未上彎；當下除權息調整價未守20日EMA
109,7769,鴻勁,TWSE,半導體業,暫不承接,暫停加碼／跌破減碼,"已有部位暫停加碼；若收盤跌破60日EMA約 6,287.27，且下一交易日仍未收復，先減碼三分之一；若ETF或外資繼續轉弱，再分批降低部位。",62.9,100,6180,6180,106.54,91.6,49.98,22.17,439.84,25.7,70.13,16.12,1.16,30,45,84,99,211,378,32,306.777,225.20199999999994,241.04899999999992,17.84999999999995,297.293,153.913,286.492,629.3200000000002,2,3,864991060,32.821999999999996,39.775,19.3,-7,-30,-122,,0.3,38.466999999999985,-85.21800000000002,-690.599,48.3,38.71,32.68,50.76,true,false,-0.53,2.06,中期趨勢仍向下；ETF加碼，但外資持股5/10日同步下降；20日趨勢尚未上彎；當下除權息調整價未守20日EMA
110,8112,至上,TWSE,電子通路業,暫不承接,暫停加碼／跌破減碼,已有部位暫停加碼；若收盤跌破60日EMA約 86.43，且下一交易日仍未收復，先減碼三分之一；若ETF或外資繼續轉弱，再分批降低部位。,62.2,100,78.8,79.15,231.17,153.98,3.1,81.61,145.57,3.91,9.11,2.15,5.03,7,0,-5,-5,502,9959,0,-1185.436,-13370.063000000002,4376.012999999999,-8945.332000000002,0,-5,-1317.4850000000001,8140.302,0,1,-378000,-652.352,-1016.278,12.98,-898,-11785,7330,,-1143.613,-12712.710999999998,6709.7760000000035,-15513.797999999997,39.5,23.92,28.72,14.32,false,false,-6.26,-10.76,中期趨勢仍向下；20日累積後5日轉為調節；外資持股趨勢資料不足或期間有非市場異動；20日趨勢尚未上彎；當下除權息調整價未守20日EMA
111,3006,晶豪科,TWSE,半導體業,暫不承接,停止加碼／開始減碼,已有部位先停止加碼。反彈若仍未站回 209.76，分批降低部位；只有站回且ETF／外資賣壓收斂後才重新評估。,61.8,100,180,180,328.35,242.62,31.03,35.71,300.12,7.22,5.17,2.46,0.61,4,0,12,12,-366,-546,0,-994.815,-8216.977,-6764.635000000002,-1274.3410000000029,2,20,-359,-1915,4,0,3280000,-573.3720000000001,-771.8360000000001,33.13,-725,-8203,-6110,,-729.153,-7663.604999999999,-5633.798999999998,2044.1180000000015,40.93,22.57,26.69,14.33,false,false,-11.3,-12.62,中期趨勢仍向下；外資持股5/10日下降，且外資5日賣超；20日趨勢尚未上彎；當下除權息調整價未守20日EMA
112,4967,十銓,TWSE,半導體業,暫不承接,暫停加碼／跌破減碼,已有部位暫停加碼；若收盤跌破60日EMA約 244.53，且下一交易日仍未收復，先減碼三分之一；若ETF或外資繼續轉弱，再分批降低部位。,61.8,100,224,229.25,35,67.74,32.12,67.6,163.3,27,5.44,2.54,4.71,2,0,0,0,26,816,0,-13.203,-496.211,5.481000000000051,605.416,1,1,27,817,1,0,212500,-8.305,-123.168,6.48,26,-282,398,,8.644,-488.906,101.64899999999989,392.87299999999993,44.99,62.31,55.27,76.38,false,false,-1.33,2.52,中期趨勢仍向下；20日趨勢尚未上彎
113,6005,群益證,TWSE,金融保險業,暫不承接,暫停加碼／跌破減碼,已有部位暫停加碼；若收盤跌破60日EMA約 34.96，且下一交易日仍未收復，先減碼三分之一；若ETF或外資繼續轉弱，再分批降低部位。,61.5,100,34.25,34.15,101.2,127.6,,86.55,110.74,1.34,9.15,1.48,5.22,7,-2,5,34,-24729,-40535,0,-820.554,-8924.088000000002,-16976.95,-43165.988000000005,10.648,80.648,-24685.556,-40504.109,5,0,2641222,0,0,18.98,-953,-11015,5591,,-831.202,-9004.736,7708.606,-2661.8790000000004,45.6,44.1,43.05,46.19,true,true,-1.54,-1.58,中期趨勢仍向下；20日趨勢尚未上彎；當下除權息調整價未守20日EMA
114,2851,中再保,TWSE,金融保險業,暫不承接,暫停加碼／跌破減碼,已有部位暫停加碼；若收盤跌破60日EMA約 35.47，且下一交易日仍未收復，先減碼三分之一；若ETF或外資繼續轉弱，再分批降低部位。,61.4,100,34.9,34.67,6.04,148.43,,60.25,,2.3,6.56,1.16,6.47,2,0,0,0,20,1199,0,422.348,908.1109999999999,1851.7749999999999,3330.9379999999996,0,0,20,1199,0,0,0,48.111000000000004,84.934,9.15,474,1016,1829,,424.712,860,1746.8410000000003,2155.5270000000005,41.79,31.34,22.34,49.34,true,false,-2.73,-0.99,中期趨勢仍向下；20日趨勢尚未上彎；當下除權息調整價未守20日EMA
115,2316,楠梓電,TWSE,電子零組件業,暫不承接,暫停加碼／跌破減碼,已有部位暫停加碼；若收盤跌破60日EMA約 165.11，且下一交易日仍未收復，先減碼三分之一；若ETF或外資繼續轉弱，再分批降低部位。,61.2,100,142,142,27.83,30.96,-7.14,31.42,226.6,3.53,8.39,1.71,1.54,2,4,72,100,565,578,77,-282.977,29.62799999999993,-949.984,-3026.275,-54,42,507,520,4,1,5439000,-168.55,-211.47300000000004,35.94,35,1372,787,,-182.704,156.17799999999988,-1245.5110000000002,-3250.3010000000004,36.79,19.39,17.98,22.21,true,false,-13.45,-8.97,中期趨勢仍向下；20日趨勢尚未上彎；當下除權息調整價未守20日EMA；單季稅前獲利對營業外貢獻依賴偏高
116,2360,致茂,TWSE,其他電子業,暫不承接,停止加碼／開始減碼,"已有部位先停止加碼。反彈若仍未站回 2,049.90，分批降低部位；只有站回且ETF／外資賣壓收斂後才重新評估。",61.2,100,2020,2012.5,73.02,90.6,40.45,47.77,158.31,9.12,60.23,29.17,1.02,45,885,1134,1133,1687,2114,755,-517.543,-547.3109999999999,-1209.6789999999996,-1096.5319999999995,1518.157,3070.116,5099.759999999999,3773.508999999999,5,0,5863921560,202.345,408.01599999999996,58.27,-2071,-3915,-6786,,-2059.76,-3819.7720000000004,-6717.455,-5295.673,49.55,48.03,51.68,40.74,false,false,0.72,-2.88,中期趨勢仍向下；外資持股5/10日下降，且外資5日賣超；20日趨勢尚未上彎；官方重大訊息出現高風險關鍵字，須查原文
117,3653,健策,TWSE,電子零組件業,暫不承接,停止加碼／開始減碼,"已有部位先停止加碼。反彈若仍未站回 3,542.30，分批降低部位；只有站回且ETF／外資賣壓收斂後才重新評估。",60.6,100,3380,3375,57.64,26.64,31.98,29.4,241.82,9.53,86.72,21.72,0.69,33,63,362,411,698,693,248,33.697,-171.146,-95.84499999999994,293.7800000000001,157.359,1246.2730000000001,1774.8049999999998,1590.9660000000001,5,0,3907065855,36.867000000000004,157,25.81,-80,-1209,-1812,,-157.551,-1454.286,-2027.65,-1485.172,49.07,37.06,46.15,18.88,false,false,-0.07,-1.46,中期趨勢仍向下；外資持股5/10日下降，且外資5日賣超；20日趨勢尚未上彎；當下除權息調整價未守20日EMA
118,3029,零壹,TWSE,資訊服務業,暫不承接,暫停加碼／跌破減碼,已有部位暫停加碼；若收盤跌破60日EMA約 102.39，且下一交易日仍未收復，先減碼三分之一；若ETF或外資繼續轉弱，再分批降低部位。,60.3,100,107.5,107.25,13.58,9.41,5.61,57.92,157.45,1.77,14.93,3.34,5.42,3,-1,-1,-1,-10,-16,0,394.243,532.992,1372.1799999999998,4759.269,-1,-1,-9.92,-16.241,0,1,-101500,2.8970000000000002,2.3579999999999988,5.51,682,880,1021,,393.243,531.0949999999999,1379.742,4779.604000000001,60.27,53.38,44.78,70.6,true,false,4.36,3.37,ETF短中期同步減碼；ETF 1/3日已轉為減碼；官方重大訊息出現高風險關鍵字，須查原文
119,2356,英業達,TWSE,電腦及週邊設備業,暫不承接,暫停加碼／跌破減碼,已有部位暫停加碼；若收盤跌破60日EMA約 61.22，且下一交易日仍未收復，先減碼三分之一；若ETF或外資繼續轉弱，再分批降低部位。,59.9,100,60.9,61.05,61.62,36.83,1.8,80.71,109.27,0.68,21.86,2.81,3.48,23,592,2109,2266,-18061,14612,0,-3762.2,8820.833,30461.765,15736.967999999999,181.689,1203.796,-26271.915999999997,2757.575999999998,5,0,69218270,-1184.1599999999999,924.3170000000002,17.31,-3466,22699,83494,,-3455.222,8801.197,55809.363999999994,14076.176,46.65,39.1,40.18,36.92,false,true,-2.11,-5.58,中期趨勢仍向下；20日趨勢尚未上彎；當下除權息調整價未守20日EMA
120,8021,尖點,TWSE,其他電子業,暫不承接,暫停加碼／跌破減碼,已有部位暫停加碼；若收盤跌破60日EMA約 438.96，且下一交易日仍未收復，先減碼三分之一；若ETF或外資繼續轉弱，再分批降低部位。,59.9,100,323,323,90.11,66.6,20.12,35.15,258.65,1.17,84.24,7.92,0.67,11,3,3,1091,1598,1616,1071,1573.556,2660.19,1845.5119999999997,2313.633,33,1288,1897.893,1515.893,3,1,378672000,-32.763,-595.152,21.15,1226,1909,1234,,1539.166,1404.9530000000002,542.7710000000002,1031.7839999999999,34.6,12.45,10.3,16.76,true,false,-21.96,-12.7,中期趨勢仍向下；20日趨勢尚未上彎；當下除權息調整價未守20日EMA
121,2646,星宇航空,TWSE,航運業,暫不承接,暫停加碼／跌破減碼,已有部位暫停加碼；若收盤跌破60日EMA約 21.18，且下一交易日仍未收復，先減碼三分之一；若ETF或外資繼續轉弱，再分批降低部位。,59.8,100,21.9,21.88,40.81,30,9.87,78.34,92.65,0.3,239.44,2.03,,3,0,0,0,23,936,0,1563.231,10689.287,14597.202,24822.294,9,30,60,965,4,0,646500,267.43899999999996,220.08899999999997,3.45,1754,9341,10781,,1480.883,10391.848,14317.113,23433.234999999997,59.07,57.96,52.12,69.64,false,false,2.21,3.55,
122,2731,雄獅,TWSE,觀光餐旅,暫不承接,暫停加碼／跌破減碼,已有部位暫停加碼；若收盤跌破60日EMA約 152.14，且下一交易日仍未收復，先減碼三分之一；若ETF或外資繼續轉弱，再分批降低部位。,59.6,100,148,148.25,-0.46,9.79,5.1,59.31,150.1,4.17,8.46,2.52,8.86,2,5,5,6,11,11,0,201.491,454.548,215.14599999999996,-451.381,4.597,5.7860000000000005,10.772,10.949000000000002,2,0,836077,11.161999999999999,2.2339999999999987,9.52,196,521,242,,208,437.6,202.14000000000004,-451.59299999999996,51.45,65.1,54.66,85.99,false,false,1.11,2.07,中期趨勢仍向下；20日趨勢尚未上彎
123,2204,中華,TWSE,汽車工業,暫不承接,暫停加碼／跌破減碼,已有部位暫停加碼；若收盤跌破60日EMA約 54.91，且下一交易日仍未收復，先減碼三分之一；若ETF或外資繼續轉弱，再分批降低部位。,59.5,100,53.5,53.4,6.71,10.1,4.62,24.95,116.52,1.18,9.63,0.78,6.9,5,0,-12,21,-276,-73,33,510.3,459.855,-2006.199,-793.1529999999999,3,32.054,-99.63699999999997,98.18700000000004,3,1,1673219,8.313,99.82700000000001,17.64,557,1037,-1383,,503.3,419.48800000000006,-2006.3890000000001,-1542.167,43.35,24.53,16.8,39.99,true,false,-1.44,3.28,中期趨勢仍向下；20日趨勢尚未上彎；當下除權息調整價未守20日EMA
124,2753,八方雲集,TWSE,觀光餐旅,暫不承接,暫停加碼／跌破減碼,已有部位暫停加碼；若收盤跌破60日EMA約 180.08，且下一交易日仍未收復，先減碼三分之一；若ETF或外資繼續轉弱，再分批降低部位。,59.5,100,180.5,181.75,10.85,7.26,12.55,52.65,148.58,3.56,13.29,3.36,6.7,3,0,-2,-2,-6,-15,0,295.129,720.823,782.3829999999999,701.5919999999999,0,-1.975,-5.938,-14.970999999999998,0,1,-353525,-0.9650000000000007,-6.557,5.77,332,671,716,,298.129,723.763,794.878,731.581,53.12,62.31,54.63,77.68,true,true,1.02,1.12,ETF短中期同步減碼；20日趨勢尚未上彎
125,3017,奇鋐,TWSE,電腦及週邊設備業,暫不承接,停止加碼／開始減碼,"已有部位先停止加碼。反彈若仍未站回 2,357.52，分批降低部位；只有站回且ETF／外資賣壓收斂後才重新評估。",59.3,100,2315,2317.5,66.11,85.46,24.51,70.84,120.56,20.17,34.67,18.34,1,42,250,560,576,1131,2130,260,141.46,115.60600000000002,845.9390000000002,565.2220000000003,337.246,1324.364,2688.9480000000003,4115.8589999999995,4,1,2794408040,123.143,279.976,52.28,-144,-1202,-1932,,-212.198,-1331.9009999999998,-2122.9849999999997,-3625.2920000000004,49.56,45,47.72,39.57,false,true,0.65,-2.73,中期趨勢仍向下；外資持股5/10日下降，且外資5日賣超；20日趨勢尚未上彎
126,3209,全科,TWSE,電子通路業,暫不承接,暫停加碼／跌破減碼,已有部位暫停加碼；若收盤跌破60日EMA約 58.66，且下一交易日仍未收復，先減碼三分之一；若ETF或外資繼續轉弱，再分批降低部位。,59.3,100,55.6,55.85,170.41,44.35,2.85,75.99,128.79,1.52,14.57,2.35,4.78,1,0,0,0,-329,-346,0,329.004,79.45800000000003,-1418.629,-2920.1230000000005,0,0,-329,-346,0,0,0,-23.527,-43.63,18.22,677,683,-581,,361.662,102.98499999999996,-1045.9990000000003,-2514.8269999999998,43.12,36.33,34.17,40.64,true,false,-2.89,-3.97,中期趨勢仍向下；20日趨勢尚未上彎；當下除權息調整價未守20日EMA
127,7750,新代,TWSE,電機機械,暫不承接,停止加碼／開始減碼,"已有部位先停止加碼。反彈若仍未站回 2,058.05，分批降低部位；只有站回且ETF／外資賣壓收斂後才重新評估。",59.1,100,2030,2030,151.4,81.37,25.78,43.96,234.83,15.38,46.16,11.62,0.86,4,0,0,0,0,-18,0,-90.255,-118.08000000000001,-132.91100000000003,-256.21200000000005,1,42,49,31,5,0,77700000,-3.3869999999999996,7.097000000000001,17.56,-95,-158,-203,,-96.209,-156.69299999999998,-189.00799999999998,-291.288,49.52,44.41,45.16,42.92,false,false,0.77,0.25,中期趨勢仍向下；外資持股5/10日下降，且外資5日賣超；20日趨勢尚未上彎
128,2383,台光電,TWSE,電子零組件業,暫不承接,停止加碼／開始減碼,"已有部位先停止加碼。反彈若仍未站回 4,826.80，分批降低部位；只有站回且ETF／外資賣壓收斂後才重新評估。",59,100,4745,4745,120.69,81.82,21.56,63.41,132.76,14.9,67.47,26.5,0.58,49,249,459,544,1037,2059,280,-592.218,-856.057,-888.5020000000001,-1486.3440000000003,347.876,298.263,867.393,1734.2740000000001,3,2,1287004845,119.39099999999999,161.492,43.22,-1012,-1479,-2141,,-970.465,-1273.711,-1917.3870000000002,-3543.691,47.61,40.64,38.44,45.05,true,false,-1.69,-0.21,中期趨勢仍向下；外資持股5/10日下降，且外資5日賣超；20日趨勢尚未上彎；當下除權息調整價未守20日EMA
129,4915,致伸,TWSE,電子零組件業,暫不承接,停止加碼／開始減碼,已有部位先停止加碼。反彈若仍未站回 69.67，分批降低部位；只有站回且ETF／外資賣壓收斂後才重新評估。,58.9,100,65.3,65.4,27.58,12.84,4.34,58.7,137.38,1.3,12.07,1.38,7.19,11,0,1072,820,-1205,2180,-252,814.759,27.455000000000013,609.628,2192.625,0,820,-1098.274,2287.38,2,1,52152000,28.492,49.760999999999996,26.69,596,-2170,-249,,813.962,-821.0370000000003,1658.1409999999996,-120.56200000000024,42.29,42.61,34.41,59.03,true,false,-1.47,0.15,中期趨勢仍向下；主動ETF 5日轉為減碼；外資持股5/10日下降，且外資5日賣超；20日趨勢尚未上彎；當下除權息調整價未守20日EMA
130,1714,和桐,TWSE,化學工業,暫不承接,暫停加碼／跌破減碼,已有部位暫停加碼；若收盤跌破60日EMA約 14.58，且下一交易日仍未收復，先減碼三分之一；若ETF或外資繼續轉弱，再分批降低部位。,58.7,100,12.85,12.83,73.41,58.4,6.87,29.31,345.88,0.23,19.69,0.97,1.43,1,20,20,138,2245,2245,0,-1216.084,10026.686,12228.283,-55918.432,20,138,2245,2245,3,0,1738800,-326.374,-250.74900000000002,19.23,-1122,10497,10636,,-1103.883,10215.06,10234.032,-56429.413,33.97,9.74,11.38,6.46,false,false,-15.46,-13.76,中期趨勢仍向下；20日趨勢尚未上彎；當下除權息調整價未守20日EMA
131,6206,飛捷,TWSE,電腦及週邊設備業,暫不承接,暫停加碼／跌破減碼,已有部位暫停加碼；若收盤跌破60日EMA約 125.11，且下一交易日仍未收復，先減碼三分之一；若ETF或外資繼續轉弱，再分批降低部位。,58.7,100,120.5,121.75,26.29,24.61,28.09,19.03,419.58,2.51,16.55,3.04,4.66,7,-47,-47,-47,298,435,-47,16.29,328.92499999999995,1112.6249999999998,639.5389999999999,-47,-47,298.458,435.408,0,1,-5546000,-59.36800000000001,-229.98200000000003,15.79,324,701,965,,94.102,435.293,1044.149,453.0679999999998,43.28,32.59,41.79,14.18,false,true,-3.87,-10.07,中期趨勢仍向下；20日累積後5日轉為調節；ETF 1/3日已轉為減碼；主動ETF 5日轉為減碼；20日趨勢尚未上彎；當下除權息調整價未守20日EMA
132,9939,宏全,TWSE,其他,暫不承接,暫停加碼／跌破減碼,已有部位暫停加碼；若收盤跌破60日EMA約 125.71，且下一交易日仍未收復，先減碼三分之一；若ETF或外資繼續轉弱，再分批降低部位。,58.6,100,129.5,129,12.13,3.43,13.21,59.36,103.23,2.25,14.3,2.01,4.81,8,0,0,0,176,454,0,939.63,2056.252,3866.9259999999995,8665.535,2,6,544.983,821.3399999999999,3,0,774000,-38.051,-7.718,15.14,1196,1741,3610,,943.974,2088.3030000000003,3329.661,7885.268999999999,55.18,54.38,60.26,42.63,false,false,1.11,0,
133,7749,意騰-KY,TWSE,半導體業,暫不承接,暫停加碼／跌破減碼,已有部位暫停加碼；若收盤跌破60日EMA約 413.31，且下一交易日仍未收復，先減碼三分之一；若ETF或外資繼續轉弱，再分批降低部位。,58.5,100,316,317.25,64.48,64.12,32,10.43,897.15,3.56,24.48,3.6,2.95,1,0,0,0,0,5,0,14.734,71.05899999999998,-6.808000000000007,-107.24099999999999,0,0,0,5,0,0,0,-12.362,-14.705,23.31,172,241,263,,15.261,83.42099999999998,7.896999999999984,-84.40200000000002,26.84,14.34,13.72,15.57,true,false,-13.77,-11.11,中期趨勢仍向下；20日趨勢尚未上彎；當下除權息調整價未守20日EMA
134,8926,台汽電,TWSE,油電燃氣業,暫不承接,停止加碼／開始減碼,已有部位先停止加碼。反彈若仍未站回 65.99，分批降低部位；只有站回且ETF／外資賣壓收斂後才重新評估。,58.5,100,60.6,59.85,1719.48,712.57,8.45,63.98,169.34,2.11,14.41,2.46,3.61,5,9,10,480,69,242,0,-1462.751,-3009.1710000000003,-5295.711000000001,-14151.390000000001,14.416,498.853,86.92099999999999,255.337,3,1,29332556,48.931,-1.3950000000000031,8.37,-57,-1700,-2523,,-1494.655,-3556.955,-5381.236999999999,-14506.282000000001,34.4,16.08,12.61,23.03,true,true,-8.17,-6.34,中期趨勢仍向下；外資持股5/10日下降，且外資5日賣超；20日趨勢尚未上彎；當下除權息調整價未守20日EMA；借券賣出與借券賣出餘額壓力升高
135,2609,陽明,TWSE,航運業,暫不承接,停止加碼／開始減碼,已有部位先停止加碼。反彈若仍未站回 51.23，分批降低部位；只有站回且ETF／外資賣壓收斂後才重新評估。,58.2,100,51,50.9,20.18,0.49,1.94,28.34,441.4,0.41,16.23,0.53,4,12,-36,-49,-47,-183,287,0,3514.03,20710.158,35761.187999999995,31041.82999999999,-29.946,-10.168000000000003,-341.63,105.29899999999996,3,2,-508400,-183.35399999999998,-621.909,20.23,3750,27592,60629,,3709.681,20903.68,36724.727000000006,32142.839000000004,50.9,53.51,57.02,46.49,false,true,0.58,-0.97,中期趨勢仍向下；ETF短中期同步減碼；20日累積後5日轉為調節；ETF 1/3日已轉為減碼；20日趨勢尚未上彎；單季稅前獲利對營業外貢獻依賴偏高
136,6196,帆宣,TWSE,其他電子業,暫不承接,暫停加碼／跌破減碼,已有部位暫停加碼；若收盤跌破60日EMA約 494.75，且下一交易日仍未收復，先減碼三分之一；若ETF或外資繼續轉弱，再分批降低部位。,58,100,469,466,120.99,39.48,8.25,69.23,128.63,5.08,27.77,5.5,1.48,13,1,68,68,104,-756,0,27.127,429.05300000000005,388.7640000000001,1349.3160000000003,2,106,174,-691.636,5,0,46216000,-58.672000000000004,-240.079,17.9,32,612,652,,20.606,381.72499999999997,454.84299999999996,2264.72,39.84,19.75,21.65,15.95,false,false,-8.75,-10.84,中期趨勢仍向下；20日趨勢尚未上彎；當下除權息調整價未守20日EMA
137,6691,洋基工程,TWSE,其他電子業,暫不承接,停止加碼／開始減碼,已有部位先停止加碼。反彈若仍未站回 690.88，分批降低部位；只有站回且ETF／外資賣壓收斂後才重新評估。,57.9,100,644,639,115.19,84.29,15.74,73.14,132.4,7.19,22.49,12.29,3.62,11,2,2,15,288,2357,0,-37.372,-1036.975,-1622.866,-2636.9320000000002,3,18,291,2403.2,4,0,10926000,-24.019999999999996,-43.42,12.85,-21,-936,-1784,,-45.345,-1030.955,-1870.446,-5016.253000000001,40.51,20.36,23.15,14.77,false,false,-6.79,-9.68,中期趨勢仍向下；外資持股5/10日下降，且外資5日賣超；20日趨勢尚未上彎；當下除權息調整價未守20日EMA
138,8016,矽創,TWSE,半導體業,暫不承接,暫停加碼／跌破減碼,已有部位暫停加碼；若收盤跌破60日EMA約 288.57，且下一交易日仍未收復，先減碼三分之一；若ETF或外資繼續轉弱，再分批降低部位。,57.9,100,264,264.25,26.61,28.95,11.53,34.06,215.56,4.6,15.99,2.61,4.52,13,0,41,-2,109,590,44,-57.261,171.23,644.0899999999999,3662.075,0,-2,62.941,472.69899999999996,3,1,-509000,-42.632,-67.85300000000001,43.86,-13,68,632,,-49.963,215.86200000000005,649.0020000000001,3500.1110000000003,37.36,19.73,23.11,12.95,false,true,-9.67,-10.2,中期趨勢仍向下；20日累積後5日轉為調節；20日趨勢尚未上彎；當下除權息調整價未守20日EMA
139,2382,廣達,TWSE,電腦及週邊設備業,暫不承接,停止加碼／開始減碼,已有部位先停止加碼。反彈若仍未站回 340.98，分批降低部位；只有站回且ETF／外資賣壓收斂後才重新評估。,57.8,100,286,288.25,102.87,86.48,2.85,87.45,117.06,5.5,14.03,5.18,5.59,47,1292,4443,7125,11078,31667,-50,-26531.309,-24255.814,-8181.809999999998,-21795.357999999997,227.635,4608.964,5292.277,23187.824,5,0,1285900956,98.07600000000002,3386.229,19.19,-25851,-25307,-4494,,-27311.038,-28962.854000000003,-16860.316000000006,-43130.02700000001,28.01,12.07,16.16,3.89,false,false,-13.58,-12.8,中期趨勢仍向下；主動ETF 5日轉為減碼；外資持股5/10日下降，且外資5日賣超；20日趨勢尚未上彎；當下除權息調整價未守20日EMA
140,1402,遠東新,TWSE,紡織纖維,暫不承接,暫停加碼／跌破減碼,已有部位暫停加碼；若收盤跌破60日EMA約 27.41，且下一交易日仍未收復，先減碼三分之一；若ETF或外資繼續轉弱，再分批降低部位。,57.6,100,27.4,27.35,12.06,5.35,7.99,52.4,105.62,0.61,16.86,0.62,4.6,15,-19,329,5710,7870,32748,1,3573.7,33155.795,71785.169,102763.35199999998,4.772,5794.698,7949.135,32803.477,5,0,157326051,-629.953,-330.8419999999999,15.26,4303,29494,64431,,2747.404,27991.05,64166.87600000001,70184.873,48.44,48.23,48.4,47.88,false,false,-0.29,0.18,中期趨勢仍向下；20日趨勢尚未上彎；當下除權息調整價未守20日EMA
141,6670,復盛應用,TWSE,運動休閒,暫不承接,暫停加碼／跌破減碼,已有部位暫停加碼；若收盤跌破60日EMA約 264.79，且下一交易日仍未收復，先減碼三分之一；若ETF或外資繼續轉弱，再分批降低部位。,57.6,100,260.5,260.25,7.85,9.91,14.94,33.72,249.05,6.96,12.69,2.16,6.12,7,-2,-2,-2,-390,-582,0,15.939,544.678,793.217,1365.7130000000002,-1,1,-362.64500000000004,-805.4889999999999,2,1,261500,-105.752,-113.974,24.34,118,768,1291,,20.026,649.4300000000001,1269.836,2411.653,45.84,45.49,62.72,11.02,false,true,-1.22,-2.62,ETF短中期同步減碼；ETF 1/3日已轉為減碼；當下除權息調整價未守20日EMA
142,2478,大毅,TWSE,電子零組件業,暫不承接,暫停加碼／跌破減碼,已有部位暫停加碼；若收盤跌破60日EMA約 146.20，且下一交易日仍未收復，先減碼三分之一；若ETF或外資繼續轉弱，再分批降低部位。,57.4,100,106.5,105.75,35.76,15.27,13.1,29.06,276.11,1.14,26.93,1.96,2,3,3,3,24,362,610,4,616.826,2460.334,2543.7419999999997,2022.7559999999999,3,24,362,610,3,0,2397600,-36.32599999999999,-33.407999999999994,21,745,1310,2206,,633.511,2472.66,2215.1499999999996,1586.400999999999,32.85,9.06,8.84,9.49,true,false,-25.44,-19.01,中期趨勢仍向下；20日趨勢尚未上彎；當下除權息調整價未守20日EMA
143,8462,柏文,TWSE,運動休閒,暫不承接,暫停加碼／跌破減碼,已有部位暫停加碼；若收盤跌破60日EMA約 150.55，且下一交易日仍未收復，先減碼三分之一；若ETF或外資繼續轉弱，再分批降低部位。,57.3,100,171.5,171.25,20.11,20.24,16.17,77.98,71.55,2.42,18.53,5.03,4.23,1,0,0,0,3,3,0,197.056,444.76199999999994,473.97399999999993,1508.0720000000001,0,0,3,3,0,0,0,1.9879999999999995,3.9879999999999995,5.65,211,454,481,,205.834,442.77399999999994,466.98599999999993,1508.0840000000003,73.18,76.47,61.24,106.92,false,false,8.14,10.29,
144,2105,正新,TWSE,橡膠工業,暫不承接,暫停加碼／跌破減碼,已有部位暫停加碼；若收盤跌破60日EMA約 31.75，且下一交易日仍未收復，先減碼三分之一；若ETF或外資繼續轉弱，再分批降低部位。,57.2,100,31.1,30.92,15.01,4.92,9.93,41.86,262.14,0.57,18.86,1.17,5.89,13,397,1097,1091,-11064,-8474,0,980.813,-1351.587,4588.087,71663.471,15.903,106.18099999999998,-15083.592999999999,-16100.502000000004,5,0,3243830,834.55,1686.8799999999999,9.41,967,-1560,20617,,766.436,-2292.318,17984.8,83611.596,44.74,17.08,15.64,19.98,true,false,-1.38,-0.48,中期趨勢仍向下；20日趨勢尚未上彎；當下除權息調整價未守20日EMA；借券賣出與借券賣出餘額壓力升高
145,3515,華擎,TWSE,電腦及週邊設備業,暫不承接,暫停加碼／跌破減碼,已有部位暫停加碼；若收盤跌破60日EMA約 219.45，且下一交易日仍未收復，先減碼三分之一；若ETF或外資繼續轉弱，再分批降低部位。,57.1,100,196,195.75,47.6,4.43,7.22,50.15,185.85,4.14,11.96,2.08,5.8,3,0,0,0,-1,2,0,-3.481,-186.414,-183.86399999999998,346.8879999999999,0,0,-0.899,1.5539999999999998,0,0,0,-12.087000000000002,-25.255,7.91,46,20,-121,,-0.099,-174.327,-157.70999999999998,367.5070000000001,36.71,26.11,32.03,14.27,false,false,-5.01,-5.08,中期趨勢仍向下；20日趨勢尚未上彎；當下除權息調整價未守20日EMA
146,6770,力積電,TWSE,半導體業,暫不承接,停止加碼／開始減碼,已有部位先停止加碼。反彈若仍未站回 67.19，分批降低部位；只有站回且ETF／外資賣壓收斂後才重新評估。,57.1,100,54.5,54.5,68.75,37.81,104.82,44.07,311.73,3.36,27.99,2.18,,10,-8,72,104,1402,805,0,-3132.687,-83620.804,-274354.275,-245413.56900000005,342.491,-7209.509,-9603.509,-1399.309,2,3,-357231171,-6378.959,-14531.297999999999,12.33,6190,-47526,-236216,,-2867.994,-70032.336,-250219.468,-234144.46100000004,36.82,15.08,13.81,17.62,true,false,-14.27,-11.53,中期趨勢仍向下；投信5/10日持續且具金額意義的賣超；外資持股趨勢資料不足或期間有非市場異動；20日趨勢尚未上彎；當下除權息調整價未守20日EMA；借券賣出與借券賣出餘額壓力升高
147,8210,勤誠,TWSE,電腦及週邊設備業,暫不承接,停止加碼／開始減碼,"已有部位先停止加碼。反彈若仍未站回 1,191.09，分批降低部位；只有站回且ETF／外資賣壓收斂後才重新評估。",57.1,100,1045,1045,98.03,55.56,25.03,51.74,177.09,10.73,28.19,9.45,1.47,16,37,38,-12,-205,-1143,-13,-52.566,608.402,896.511,236.577,60,156,-211,-1529.1,3,1,148356000,-16.245,-46.621,9.5,-91,353,761,,-108.114,468.64700000000005,1154.132,1829.2439999999997,41.27,25.49,29.37,17.73,false,false,-6.72,-4.57,中期趨勢仍向下；ETF短中期同步減碼；20日趨勢尚未上彎；當下除權息調整價未守20日EMA
148,6139,亞翔,TWSE,其他電子業,暫不承接,停止加碼／開始減碼,已有部位先停止加碼。反彈若仍未站回 787.32，分批降低部位；只有站回且ETF／外資賣壓收斂後才重新評估。,56.9,100,699,696.5,49.7,69.88,17.21,65.29,145.77,9.45,17.85,6.92,3.58,21,23,82,296,1443,3823,195,-934.944,-5078.839,-6498.096,-10793.135000000002,24.927,116.72699999999998,1236.7269999999999,3664.9269999999997,3,2,75055461,-170.98700000000002,-398.274,24.85,-746,-4630,-6779,,-975,-5024.579,-7336.548999999999,-13782.922999999999,39.27,17.8,22.92,7.57,false,false,-11.22,-16.79,中期趨勢仍向下；外資持股5/10日下降，且外資5日賣超；20日趨勢尚未上彎；當下除權息調整價未守20日EMA；借券賣出與借券賣出餘額壓力升高
149,6197,佳必琪,TWSE,電子零組件業,暫不承接,暫停加碼／跌破減碼,已有部位暫停加碼；若收盤跌破60日EMA約 298.26，且下一交易日仍未收復，先減碼三分之一；若ETF或外資繼續轉弱，再分批降低部位。,56.9,100,283.5,285.5,45.21,25.04,22.63,46.8,214.11,3.21,25.9,7.1,2.61,2,0,0,0,39,53,0,-109.336,193.039,845.463,-107.98399999999992,1,3,42,-8,3,0,796500,-74.634,-153.447,6.57,-244,447,1064,,-118.226,264.673,956.91,50.776999999999816,38.83,26.42,28.17,22.91,false,false,-8.65,-8.55,中期趨勢仍向下；20日趨勢尚未上彎；當下除權息調整價未守20日EMA
150,2421,建準,TWSE,電子零組件業,暫不承接,停止加碼／開始減碼,已有部位先停止加碼。反彈若仍未站回 140.34，分批降低部位；只有站回且ETF／外資賣壓收斂後才重新評估。,56.8,100,130,129,18.65,18.27,15.71,41.69,205.96,2.36,14.71,3.04,4.35,7,0,0,0,10,364,0,-69.439,-396.776,-1553.13,-2750.158000000001,2,6,16,369,3,0,723000,-130.482,-184.483,28.39,-69,-488,-1279,,-61.336,-272.294,-1384.647,-2595.0490000000004,44.76,44.09,39.84,52.59,true,true,-2.09,0,中期趨勢仍向下；外資持股5/10日下降，且外資5日賣超；20日趨勢尚未上彎；當下除權息調整價未守20日EMA
151,2345,智邦,TWSE,通信網路業,暫不承接,停止加碼／開始減碼,"已有部位先停止加碼。反彈若仍未站回 2,269.53，分批降低部位；只有站回且ETF／外資賣壓收斂後才重新評估。",56.6,100,2125,2125,61.16,60.28,14.33,60.24,153.87,14.92,36.59,16.56,0.78,47,495,920,1014,1853,2645,516,-264.195,-74.378,-535.341,-2476.5499999999997,214.071,288.33099999999996,1472.681,2258.9839999999995,4,1,557920485,109.217,228.70300000000003,57.64,-503,-564,-2375,,-442.625,-471.92600000000004,-2236.725,-4656.354,44.17,33.63,32.17,36.55,true,false,-4.45,-4.28,中期趨勢仍向下；外資持股5/10日下降，且外資5日賣超；20日趨勢尚未上彎；當下除權息調整價未守20日EMA
152,3443,創意,TWSE,半導體業,暫不承接,暫停加碼／跌破減碼,"已有部位暫停加碼；若收盤跌破60日EMA約 4,201.01，且下一交易日仍未收復，先減碼三分之一；若ETF或外資繼續轉弱，再分批降低部位。",56.5,100,3805,3805,103.72,93.05,15.93,58.49,158.41,12.28,88.7,34.43,0.58,42,34,93,158,414,598,40,-283.768,198.357,44.85500000000002,-625.1499999999999,100.57,82.10999999999999,627.7029999999999,202.92799999999983,3,2,284100600,21.83999999999999,-68.40100000000001,25.75,-275,14,-616,,-268.365,94.40699999999998,-514.4470000000001,-651.7200000000001,43.81,34.08,36.33,29.58,false,false,-6.02,-6.51,中期趨勢仍向下；20日趨勢尚未上彎；當下除權息調整價未守20日EMA
153,4916,事欣科,TWSE,電腦及週邊設備業,暫不承接,停止加碼／開始減碼,已有部位先停止加碼。反彈若仍未站回 101.33，分批降低部位；只有站回且ETF／外資賣壓收斂後才重新評估。,56.5,100,93.3,93.7,80.52,48.63,6.95,28.74,303.3,4.49,15.78,2.99,0.56,1,0,0,1,39,39,0,-123.194,-1054.877,-1973.834,-12028.752,0,1,39,39,1,0,88500,-160.917,-281.87399999999997,4.37,-166,-841,-2106,,-114,-894.96,-1730.96,-11874.679,41.61,17.56,21.49,9.71,false,false,-7.92,-9.42,中期趨勢仍向下；外資持股5/10日下降，且外資5日賣超；20日趨勢尚未上彎；當下除權息調整價未守20日EMA；單季稅前獲利對營業外貢獻依賴偏高
154,8261,富鼎,TWSE,半導體業,暫不承接,暫停加碼／跌破減碼,已有部位暫停加碼；若收盤跌破60日EMA約 214.83，且下一交易日仍未收復，先減碼三分之一；若ETF或外資繼續轉弱，再分批降低部位。,56.5,100,165.5,164.75,16.09,8.1,25.66,11.26,757.9,1.57,23.69,3.29,3.16,3,2,2,12,233,416,0,2231.667,4873.366,6890.6449999999995,7261.117,2,12,233,416,3,0,1896000,-282.804,-380.33900000000006,12.31,2236,5258,7249,,2281.09,5144.17,7037.9839999999995,7194.629999999997,32.77,4.9,7.35,-0.01,false,false,-27.98,-23.73,中期趨勢仍向下；20日趨勢尚未上彎；當下除權息調整價未守20日EMA
155,8422,可寧衛*,TWSE,綠能環保,暫不承接,暫停加碼／跌破減碼,已有部位暫停加碼；若收盤跌破60日EMA約 27.37，且下一交易日仍未收復，先減碼三分之一；若ETF或外資繼續轉弱，再分批降低部位。,56.5,100,25,25.05,50.34,24.01,34.38,48.24,158.92,0.21,22.55,2.56,4.93,4,0,0,22,37,7682,0,-515.467,-1457.349,705.1440000000002,-16004.159,6,45,-774,6069,5,0,1095750,-124.59899999999999,-316.04699999999997,4.73,-748,2652,7297,,-519.8,-1377.7499999999998,1795.1910000000005,-21839.192,38.82,25.28,26.02,23.78,false,false,-4.04,-3.85,中期趨勢仍向下；20日趨勢尚未上彎；當下除權息調整價未守20日EMA
156,1590,亞德客-KY,TWSE,電機機械,暫不承接,暫停加碼／跌破減碼,"已有部位暫停加碼；若收盤跌破60日EMA約 1,340.28，且下一交易日仍未收復，先減碼三分之一；若ETF或外資繼續轉弱，再分批降低部位。",56.1,100,1305,1300,44.88,30.08,33.2,17.79,280.31,13.35,29.33,5.27,2.17,16,1,-188,-185,340,385,-192,19.453,-133.774,116.13200000000003,1083.011,226.612,-240.94799999999998,290.052,344.24800000000005,4,1,-322870320,10.451,30.851000000000006,80.69,-219,-72,-383,,-195.556,96.72299999999998,-204.77100000000004,709.0259999999998,44.66,41.51,54.82,14.89,false,true,-3.76,-8.42,中期趨勢仍向下；20日累積後5日轉為調節；主動ETF 5日轉為減碼；20日趨勢尚未上彎；當下除權息調整價未守20日EMA
157,1102,亞泥,TWSE,水泥工業,暫不承接,暫停加碼／跌破減碼,已有部位暫停加碼；若收盤跌破60日EMA約 34.41，且下一交易日仍未收復，先減碼三分之一；若ETF或外資繼續轉弱，再分批降低部位。,56,100,33.3,33.15,-2.21,-7.24,7.99,39.06,129.35,0.56,11.14,0.66,6.93,18,409,1131,1162,2789,7983,1,4881.276,10635.125,31142.843,-37404.65,22.555,162.43399999999997,-1286.6009999999999,252.80000000000018,5,0,5392809,1157.646,2543.0950000000003,12.44,6427,11525,34948,,4695.879,9315.045,29886.349000000002,-34654.272999999994,42.99,57.98,43.82,86.29,false,false,-1.22,1.68,累計營收負成長且當月改善不足；中期趨勢仍向下；20日趨勢尚未上彎；當下除權息調整價未守20日EMA
158,2363,矽統,TWSE,半導體業,暫不承接,停止加碼／開始減碼,已有部位先停止加碼。反彈若仍未站回 59.48，分批降低部位；只有站回且ETF／外資賣壓收斂後才重新評估。,56,100,47.2,48.08,74.8,99.91,7.2,9.18,298.04,0.17,26.35,1.13,1.34,2,0,24,24,40,70,0,-1720.139,-5147.695000000001,-13673.862000000001,-35812.310000000005,0,24,40,70,2,0,1075200,-535.919,-898.444,6.75,-807,-49,-4034,,-1635.986,-4635.776,-12815.418,-33278.515,31.79,12.39,14.38,8.4,false,false,-16.18,-14.65,中期趨勢仍向下；外資持股5/10日下降，且外資5日賣超；20日趨勢尚未上彎；當下除權息調整價未守20日EMA
159,3044,健鼎,TWSE,電子零組件業,暫不承接,停止加碼／開始減碼,已有部位先停止加碼。反彈若仍未站回 446.13，分批降低部位；只有站回且ETF／外資賣壓收斂後才重新評估。,55.8,100,366,365.25,41.97,30.8,18.34,43.71,185.42,5.61,16.62,3.08,3.71,24,95,295,303,403,-3909,0,-230.431,-1310.8580000000002,-3168.653,-8590.835,123.087,212.33599999999998,-389.984,-5484.8369999999995,5,0,72618912,157.74,569.967,49.76,-293,-1555,-3239,,-366.562,-1680.9340000000002,-3348.636,-3380.755,34.42,25.48,22.55,31.34,true,false,-10.4,-6.87,中期趨勢仍向下；外資持股5/10日下降，且外資5日賣超；20日趨勢尚未上彎；當下除權息調整價未守20日EMA
160,2408,南亞科,TWSE,半導體業,暫不承接,停止加碼／開始減碼,已有部位先停止加碼。反彈若仍未站回 400.07，分批降低部位；只有站回且ETF／外資賣壓收斂後才重新評估。,55.7,100,360.5,360.5,621.34,643.12,61.34,19.89,561.77,8.41,29.36,5.27,0.41,34,1238,2375,624,6861,11662,852,487.446,-28750.911,-34853.343,-64544.581999999995,973.955,-3866.549,-561.443,-2352.4500000000016,2,3,-1268228072,-945.2829999999999,-158.26699999999988,12.2,-495,-14104,-21248,,-667.339,-23939.079,-34133.633,-67457.53,44.19,19.92,23.28,13.21,false,false,-9.89,-10.1,中期趨勢仍向下；投信5/10日持續且具金額意義的賣超；外資持股5/10日下降，且外資5日賣超；20日趨勢尚未上彎；當下除權息調整價未守20日EMA；借券賣出與借券賣出餘額壓力升高
161,2428,興勤,TWSE,電子零組件業,暫不承接,暫停加碼／跌破減碼,已有部位暫停加碼；若收盤跌破60日EMA約 256.80，且下一交易日仍未收復，先減碼三分之一；若ETF或外資繼續轉弱，再分批降低部位。,55.6,100,211,211.5,46.62,20.42,19.9,31.64,370.61,2.21,18.09,2.17,2.96,2,0,0,0,-39,-41,0,-125.273,584.693,1525.217,986.3480000000002,0,0,261,1959,0,0,0,-29.409000000000002,-92.607,19.39,-92,351,1063,,-121.989,614.1019999999999,1356.8239999999998,-838.1610000000004,32.65,12.28,10.24,16.35,true,false,-16.74,-12.45,中期趨勢仍向下；20日趨勢尚未上彎；當下除權息調整價未守20日EMA
162,4766,南寶,TWSE,化學工業,暫不承接,暫停加碼／跌破減碼,已有部位暫停加碼；若收盤跌破60日EMA約 343.89，且下一交易日仍未收復，先減碼三分之一；若ETF或外資繼續轉弱，再分批降低部位。,55.6,100,322,318.75,12.82,9.33,17.63,50.01,191.82,6.55,14.86,2.85,5.83,6,-1,-1,1,35,466,0,12.882,-123.32300000000001,-308.237,-93.51400000000007,0,4,38,470,3,0,1234000,-3.0230000000000006,-15.625000000000002,15.35,75,51,-184,,11,-124.3,-330.61199999999997,-509.01199999999994,40.56,32.32,26.71,43.54,true,false,-2.86,-2.42,中期趨勢仍向下；ETF 1/3日已轉為減碼；20日趨勢尚未上彎；當下除權息調整價未守20日EMA
163,4551,智伸科,TWSE,汽車工業,暫不承接,暫停加碼／跌破減碼,已有部位暫停加碼；若收盤跌破60日EMA約 183.07，且下一交易日仍未收復，先減碼三分之一；若ETF或外資繼續轉弱，再分批降低部位。,55.3,100,163,163,30.66,18.75,15.27,37.46,218.37,2.7,22.26,1.91,2.83,2,2,2,11,543,596,0,-123.065,1445.366,1747.9779999999998,2500.651,2,11,543,-121,3,0,1633500,-90.10399999999998,-113.02399999999999,59.14,-43,836,558,,-92.53,1524.47,1318.002,2766.378,37.96,19.66,17.11,24.75,true,true,-12.9,-11.41,中期趨勢仍向下；20日趨勢尚未上彎；當下除權息調整價未守20日EMA
164,4961,天鈺,TWSE,半導體業,暫不承接,暫停加碼／跌破減碼,已有部位暫停加碼；若收盤跌破60日EMA約 163.20，且下一交易日仍未收復，先減碼三分之一；若ETF或外資繼續轉弱，再分批降低部位。,55.2,100,151,151.75,24.76,1.53,6.54,14.25,647.07,1.86,17.15,0.97,5.4,4,0,0,0,0,911,0,-190.068,-301.55800000000005,-285.3510000000001,1095.1159999999998,0,0,-53,857,0,0,0,-44.243,-49.035000000000004,20.53,-126,85,220,,-185.074,-257.315,-183.31599999999997,231.21800000000007,40.06,26.62,31.53,16.8,false,false,-5.39,-5.92,中期趨勢仍向下；20日趨勢尚未上彎；當下除權息調整價未守20日EMA
165,2458,義隆,TWSE,半導體業,暫不承接,暫停加碼／跌破減碼,已有部位暫停加碼；若收盤跌破60日EMA約 162.01，且下一交易日仍未收復，先減碼三分之一；若ETF或外資繼續轉弱，再分批降低部位。,55.1,100,150,150.25,7.13,4.54,24.15,41.37,173.47,2.46,16.3,4.38,4.78,18,0,8,18,728,8458,0,86.903,812.9000000000001,2134.5160000000005,8138.043000000001,2,26,749.158,9702.508,5,0,3848000,-133.922,-308.964,23.14,-82,1819,2272,,118.464,920.822,1694.3220000000001,-1112.967,36.36,18.31,21.53,11.88,false,false,-9.1,-10.71,中期趨勢仍向下；20日趨勢尚未上彎；當下除權息調整價未守20日EMA
166,2441,超豐,TWSE,半導體業,暫不承接,停止加碼／開始減碼,已有部位先停止加碼。反彈若仍未站回 120.59，分批降低部位；只有站回且ETF／外資賣壓收斂後才重新評估。,54.9,100,98.6,98.5,33.15,21.76,19.56,13.88,325.2,1.4,20.04,2.11,3.21,8,-5,2,2,2836,4933,0,255.357,-2969.081,-6696.644,-2400.509000000002,-5,2,2836,4933,2,1,187200,-965.193,-1534.902,10.82,464,-1150,-6625,,350.248,-2005.888,-7997.742,-5945.435999999999,33.77,11.6,14.41,5.97,false,false,-17.55,-16.44,中期趨勢仍向下；外資持股5/10日下降，且外資5日賣超；20日趨勢尚未上彎；當下除權息調整價未守20日EMA；借券賣出與借券賣出餘額壓力升高
167,3033,威健,TWSE,電子通路業,暫不承接,停止加碼／開始減碼,已有部位先停止加碼。反彈若仍未站回 48.04，分批降低部位；只有站回且ETF／外資賣壓收斂後才重新評估。,54.9,100,44.35,44.08,54.45,26.2,3.41,78.5,137.52,1.52,16.01,1.91,4.56,4,0,2,6,136,110,0,-126.1,-3206.8179999999998,-11437.36,1028.137,0,6,136.093,110.00599999999999,2,0,252600,-501.374,-1874.071,23.42,-455,-2948,-10044,,-483.419,-2711.444,-9699.382,2753.9160000000006,39.07,17.42,19.9,12.46,false,false,-7.67,-11.3,中期趨勢仍向下；外資持股5/10日下降，且外資5日賣超；20日趨勢尚未上彎；當下除權息調整價未守20日EMA
168,6672,騰輝電子-KY,TWSE,電子零組件業,暫不承接,停止加碼／開始減碼,已有部位先停止加碼。反彈若仍未站回 230.84，分批降低部位；只有站回且ETF／外資賣壓收斂後才重新評估。,54.8,100,192,192.75,68.12,34.55,11.67,42.48,319.89,1.73,32.73,3.48,1.85,1,2,2,10,80,75,0,-437.499,-541.3530000000001,-3517.16,-5000.653,2,10,80,75,3,0,1810000,-187.747,-201.18800000000005,20.63,-508,-844,-3765,,-433.05,-363.60600000000005,-3395.9719999999998,-4697.631,33.3,11.58,10.29,14.16,true,false,-16.83,-14.48,中期趨勢仍向下；外資持股5/10日下降，且外資5日賣超；20日趨勢尚未上彎；當下除權息調整價未守20日EMA
169,5469,瀚宇博,TWSE,電子零組件業,暫不承接,暫停加碼／跌破減碼,已有部位暫停加碼；若收盤跌破60日EMA約 79.59，且下一交易日仍未收復，先減碼三分之一；若ETF或外資繼續轉弱，再分批降低部位。,54.7,100,65.8,66.95,15.36,24.52,7.89,53.01,134.88,1.23,10.96,0.81,4.01,4,0,0,0,0,8920,0,-82.265,-233.07999999999998,-1287.932,-7327.112,4,12,11,8928,3,0,753600,-42.577,-47.22099999999999,8.9,-70,691,622,,-63.238,-202.503,-1251.711,-16068.555,32.93,25.94,27.26,23.28,false,true,-9.5,-8.61,中期趨勢仍向下；20日趨勢尚未上彎；當下除權息調整價未守20日EMA
170,6285,啟碁,TWSE,通信網路業,暫不承接,暫停加碼／跌破減碼,已有部位暫停加碼；若收盤跌破60日EMA約 248.77，且下一交易日仍未收復，先減碼三分之一；若ETF或外資繼續轉弱，再分批降低部位。,54.7,100,220,221.25,84.37,22.8,4.67,59.57,143.94,2.36,30.09,2.82,2.11,16,109,229,285,85,83,109,-46.758,827.7440000000004,1435.6070000000002,358.7100000000003,-634.17,-554.17,-961.17,-3211.27,4,1,-113050680,-433.82000000000005,-62.75300000000003,23.87,610,1536,2215,,579.599,1815.7340000000004,2459.53,3313.674,40.17,28.73,35.7,14.79,false,false,-8.83,-11.82,中期趨勢仍向下；20日趨勢尚未上彎；當下除權息調整價未守20日EMA
171,6525,捷敏-KY,TWSE,半導體業,暫不承接,暫停加碼／跌破減碼,已有部位暫停加碼；若收盤跌破60日EMA約 141.00，且下一交易日仍未收復，先減碼三分之一；若ETF或外資繼續轉弱，再分批降低部位。,54.7,100,123,123,19.84,15.64,19.12,39.59,183.44,1.62,18.45,3.3,4.46,3,1,1,9,174,159,0,-213.766,1027.9080000000001,3941.194,4576.505000000001,1,9,173.984,158.999,3,0,1008000,-90.37600000000002,-351.404,17.31,-239,506,3456,,-195.396,1109.284,4118.6140000000005,4384.071,37.46,11.69,9.2,16.67,true,false,-17.4,-13.07,中期趨勢仍向下；20日趨勢尚未上彎；當下除權息調整價未守20日EMA
172,2476,鉅祥,TWSE,電子零組件業,暫不承接,停止加碼／開始減碼,已有部位先停止加碼。反彈若仍未站回 118.60，分批降低部位；只有站回且ETF／外資賣壓收斂後才重新評估。,54.6,100,110,110.75,53.76,36.92,17.83,22.15,420.68,1.14,24.14,2.48,2.82,1,0,0,0,0,0,0,-201.517,-125.32000000000005,-544.488,715.6979999999999,0,0,0,0,0,0,0,-50.61400000000001,-58.281000000000006,9.49,-257,-78,-946,,-224.33,-74.70600000000007,-486.20700000000016,-577.6210000000001,39.51,32.52,33.57,30.42,false,false,-6.99,-7.56,中期趨勢仍向下；外資持股5/10日下降，且外資5日賣超；20日趨勢尚未上彎；當下除權息調整價未守20日EMA
173,6781,AES-KY,TWSE,電子零組件業,暫不承接,暫停加碼／跌破減碼,"已有部位暫停加碼；若收盤跌破60日EMA約 1,078.51，且下一交易日仍未收復，先減碼三分之一；若ETF或外資繼續轉弱，再分批降低部位。",54.6,100,901,903,25.58,26.01,24.16,32.21,291.85,10.64,21.52,3.98,2.27,5,0,0,0,0,0,0,-12.734,-32.603000000000016,196.463,-554.227,0,0,15,14.879,0,0,0,-92.158,-73.749,68.07,-3,114,329,,-4.933,59.55500000000001,255.21200000000005,-414.604,36.61,23.66,25.49,19.98,false,true,-9.84,-8.9,中期趨勢仍向下；20日趨勢尚未上彎；當下除權息調整價未守20日EMA
174,2308,台達電,TWSE,電子零組件業,暫不承接,暫停加碼／跌破減碼,"已有部位暫停加碼；若收盤跌破60日EMA約 1,898.59，且下一交易日仍未收復，先減碼三分之一；若ETF或外資繼續轉弱，再分批降低部位。",54.5,100,1605,1612.5,55.43,41.02,17.83,47.78,195.36,7.91,48.7,13.53,0.76,53,919,2075,2237,5385,6027,262,-284.838,-7505.804,-11101.188,-18390.912000000004,532.063,-331.16700000000003,3057.271,3640.312,3,2,-506685510,846.4490000000001,1835.7150000000001,62.54,-1247,-8622,-17194,,-1198.399,-8021.086,-15994.173999999999,-24310.992,37,26.25,28.14,22.48,false,false,-9.55,-10.08,中期趨勢仍向下；外資持股趨勢資料不足或期間有非市場異動；20日趨勢尚未上彎；當下除權息調整價未守20日EMA
175,2436,偉詮電,TWSE,半導體業,暫不承接,停止加碼／開始減碼,已有部位先停止加碼。反彈若仍未站回 65.41，分批降低部位；只有站回且ETF／外資賣壓收斂後才重新評估。,54.4,100,53.5,53.55,18.28,28.04,13.67,31.86,264.43,0.7,14.99,2.29,3.88,2,0,15,15,17,17,0,-159.955,-1681.594,-3361.649,-3835.567,0,15,17,17,2,0,757500,-259.617,-387.57,9.94,4,-1469,-3024,,-138.727,-1436.9769999999999,-2991.0789999999997,-2894.8519999999976,34.45,21.6,22.69,19.4,false,false,-11.05,-9.78,中期趨勢仍向下；外資持股5/10日下降，且外資5日賣超；20日趨勢尚未上彎；當下除權息調整價未守20日EMA
176,2385,群光,TWSE,電子零組件業,暫不承接,暫停加碼／跌破減碼,已有部位暫停加碼；若收盤跌破60日EMA約 114.06，且下一交易日仍未收復，先減碼三分之一；若ETF或外資繼續轉弱，再分批降低部位。,54.3,100,107,107.75,-5.48,-5.27,7.55,54.77,137,2,11.79,1.84,6.89,26,91,272,286,-5348,-10522,0,2031.132,-17.831000000000046,3183.957,8305.417,1.472,54.338,-6309.883,-12329.383,5,0,5678321,148.426,424.4,21.73,2272,622,9436,,2010.06,-220.595,9069.439999999999,19661.649999999994,47.82,60.19,49.99,80.58,true,false,0.59,0.47,累計營收負成長且當月改善不足；中期趨勢仍向下；20日趨勢尚未上彎
177,2472,立隆電,TWSE,電子零組件業,暫不承接,暫停加碼／跌破減碼,已有部位暫停加碼；若收盤跌破60日EMA約 295.37，且下一交易日仍未收復，先減碼三分之一；若ETF或外資繼續轉弱，再分批降低部位。,54.3,100,217,217.5,36.2,18.17,18.68,21.92,353.68,1.6,23.47,3.48,1.72,7,0,95,95,-162,-408,95,-23.759,3417.1680000000006,5369.4490000000005,8293.238000000001,-974,-882,-2236,-355,2,2,-179046000,-106.513,-235.795,11.63,516,3449,5935,,987.228,4405.681,7841.243999999999,9228.408999999998,32.54,10.89,8.95,14.77,true,false,-23.69,-16.05,中期趨勢仍向下；20日趨勢尚未上彎；當下除權息調整價未守20日EMA
178,6191,精成科,TWSE,電子零組件業,暫不承接,暫停加碼／跌破減碼,已有部位暫停加碼；若收盤跌破60日EMA約 95.66，且下一交易日仍未收復，先減碼三分之一；若ETF或外資繼續轉弱，再分批降低部位。,54.2,100,79.4,79.55,10.28,30.15,8.21,55.15,136.26,1.59,12.06,1.4,3.36,5,7,7,7,1537,12565,0,-26.135,-594.278,-3698.04,-3238.836000000001,10,18,1547,12490,3,0,1393200,-132.713,-411.35,3.62,-37,668,-41,,-21.869,-479.565,-4833.6900000000005,-14913.759999999998,28.59,14.8,18.73,6.96,false,false,-11.85,-10.69,中期趨勢仍向下；20日趨勢尚未上彎；當下除權息調整價未守20日EMA；官方重大訊息出現高風險關鍵字，須查原文
179,3010,華立,TWSE,電子通路業,暫不承接,停止加碼／開始減碼,已有部位先停止加碼。反彈若仍未站回 123.67，分批降低部位；只有站回且ETF／外資賣壓收斂後才重新評估。,53.7,100,113,113.25,13.92,17.66,3.83,55.43,159.26,2.47,11.51,1.18,4.91,5,0,-2,-2,-6,-6,0,-102.802,-1270.998,-1118.5130000000001,-2336.396,2,4,0.2829999999999999,-151.02700000000002,3,1,432000,-38.031,-17.671999999999997,19.18,-19,-828,-915,,-109.802,-1236.9669999999999,-1101.1239999999998,-2087.2529999999997,41.21,34.59,41.55,20.68,false,false,-3.58,-4.64,中期趨勢仍向下；ETF短中期同步減碼；外資持股5/10日下降，且外資5日賣超；20日趨勢尚未上彎；當下除權息調整價未守20日EMA
180,9938,百和,TWSE,其他,暫不承接,停止加碼／開始減碼,已有部位先停止加碼。反彈若仍未站回 46.11，分批降低部位；只有站回且ETF／外資賣壓收斂後才重新評估。,53.7,100,45.65,45.73,21.21,0.03,12.89,53.72,118.79,0.87,13.17,1.05,6.62,3,0,-12,-12,-45,-86,0,-535.366,-2126.5060000000003,-4202.871,-3217.948,0,-12.908,256.639,215.449,0,1,-584732,280.549,959.6370000000001,7.99,-284,-1323,-3893,,-355.935,-2394.147,-5419.147,-4394.2480000000005,47.75,35.03,48.77,7.54,false,false,-1.01,-2.46,ETF短中期同步減碼；外資持股5/10日下降，且外資5日賣超；當下除權息調整價未守20日EMA
181,2495,普安,TWSE,電腦及週邊設備業,暫不承接,暫停加碼／跌破減碼,已有部位暫停加碼；若收盤跌破60日EMA約 43.18，且下一交易日仍未收復，先減碼三分之一；若ETF或外資繼續轉弱，再分批降低部位。,53.6,100,33.65,33.73,40.29,43.44,12.57,37.27,246.88,0.33,28.19,1.86,2.51,2,7,15,15,15,14,0,-102.341,637.6189999999999,877.6709999999998,560.1020000000009,7,15,15,14,2,0,477750,-131.82,-310.215,7.56,13,2781,3026,,-86.852,754.439,1172.886,1102.3390000000004,29.1,14.93,12.18,20.42,true,false,-15.92,-10.51,中期趨勢仍向下；20日趨勢尚未上彎；當下除權息調整價未守20日EMA；單季稅前獲利對營業外貢獻依賴偏高
182,3028,增你強,TWSE,電子通路業,暫不承接,停止加碼／開始減碼,已有部位先停止加碼。反彈若仍未站回 70.80，分批降低部位；只有站回且ETF／外資賣壓收斂後才重新評估。,53.4,93,60.9,61.2,65.62,93.18,5.4,79.69,121.64,3.05,11.17,2.13,5.25,2,0,-21,-21,3,16,0,-503.515,-2037.239,-4310.3189999999995,-6342.097999999999,0,-21,3.0859999999999985,16.034,1,1,-1199100,-298.901,-344.496,11.01,41,-2082,-3722,,-484,-1717.338,-3968.9089999999997,-5941.3679999999995,36.47,18.62,16.73,22.4,true,false,-9.47,-9.51,中期趨勢仍向下；20日累積後5日轉為調節；外資持股5/10日下降，且外資5日賣超；20日趨勢尚未上彎；當下除權息調整價未守20日EMA；借券賣出與借券賣出餘額壓力升高
183,1477,聚陽,TWSE,紡織纖維,暫不承接,暫停加碼／跌破減碼,已有部位暫停加碼；若收盤跌破60日EMA約 224.17，且下一交易日仍未收復，先減碼三分之一；若ETF或外資繼續轉弱，再分批降低部位。,53.3,100,219.5,219.25,0.53,-3.12,15.48,46.49,162,4.35,15.96,4.19,6.79,15,0,59,249,216,2473,0,1065.63,1924.971,333.60100000000006,3357.575,1,253.64600000000002,252.352,2528.12,5,0,56055766,103.991,89.176,19.42,1104,1524,-54,,1072.2,1567.3339999999998,-7.927000000000135,811.1789999999999,50.38,62.86,48.32,91.96,false,false,0.36,2.09,累計營收負成長且當月改善不足；中期趨勢仍向下；20日趨勢尚未上彎
184,6805,富世達,TWSE,電子零組件業,暫不承接,停止加碼／開始減碼,"已有部位先停止加碼。反彈若仍未站回 1,595.12，分批降低部位；只有站回且ETF／外資賣壓收斂後才重新評估。",53.3,100,1350,1345,32.66,62.64,26.78,54.2,183.93,13.38,31.39,11.36,1.02,13,26,28,28,279,142,27,-22.457,-10.418999999999983,-518.797,-770.038,26,350,580.6,-1273.9,5,0,430500000,-36.831999999999994,14.218,17.51,-47,-324,-1051,,-47.694,-323.587,-1113.615,495.1189999999999,43.11,40.31,44.22,32.48,false,true,-4.86,-4.26,中期趨勢仍向下；外資持股5/10日下降，且外資5日賣超；20日趨勢尚未上彎；當下除權息調整價未守20日EMA
185,8131,福懋科,TWSE,半導體業,暫不承接,停止加碼／開始減碼,已有部位先停止加碼。反彈若仍未站回 68.60，分批降低部位；只有站回且ETF／外資賣壓收斂後才重新評估。,53.3,100,55.4,55.95,60.87,40.86,16.12,16.39,507.35,0.96,25.81,1.79,1.96,3,0,1,1,-137,-142,0,-817.562,-8806.943,-15171.05,-7442.736999999999,0,1,-137,-142,1,0,51100,-382.211,-539.028,3.5,288,-5490,-10424,,-738.523,-8425.732,-14495.021999999999,-6635.126999999999,35.97,11.68,13.52,8.01,false,false,-15.7,-14.24,中期趨勢仍向下；外資持股5/10日下降，且外資5日賣超；20日趨勢尚未上彎；當下除權息調整價未守20日EMA；借券賣出與借券賣出餘額壓力升高
186,8454,富邦媒,TWSE,數位雲端,暫不承接,暫停加碼／跌破減碼,已有部位暫停加碼；若收盤跌破60日EMA約 259.65，且下一交易日仍未收復，先減碼三分之一；若ETF或外資繼續轉弱，再分批降低部位。,53.3,100,253.5,251.25,6.5,2.38,2.97,61.1,75.03,2.43,23.52,6.31,4.06,7,193,192,199,125,-8,0,-54.685,373.45,764.0340000000001,467.4220000000002,194.509,206.678,132.11100000000002,-2.2300000000000115,4,0,50946127,-136.275,-146.01000000000002,11.72,-347,-105,535,,-224.67,303.047,777.933,638.216,44.83,48.1,31.06,82.17,false,false,-2.28,6.29,中期趨勢仍向下；20日趨勢尚未上彎；當下除權息調整價未守20日EMA
187,2354,鴻準,TWSE,其他電子業,暫不承接,暫停加碼／跌破減碼,已有部位暫停加碼；若收盤跌破60日EMA約 56.38，且下一交易日仍未收復，先減碼三分之一；若ETF或外資繼續轉弱，再分批降低部位。,53.2,100,55.9,56.2,10.66,-21.9,1.48,29.41,278.46,0.47,25.17,0.7,2.82,6,1,19,23,54,74,0,1031.134,-2842.6349999999998,-1050.7859999999996,3523.3150000000005,8,47,76,89,5,0,2495700,-196.05700000000002,-483.5930000000001,10.69,1121,595,6899,,958.138,-2693.5780000000004,-643.1930000000001,3790.9449999999997,50.14,50.2,48.1,54.38,true,false,0.58,-2.1,中期趨勢仍向下；20日趨勢尚未上彎；單季稅前獲利對營業外貢獻依賴偏高
188,2449,京元電子,TWSE,半導體業,暫不承接,停止加碼／開始減碼,已有部位先停止加碼。反彈若仍未站回 279.12，分批降低部位；只有站回且ETF／外資賣壓收斂後才重新評估。,53.2,100,223.5,223.5,28.64,36.08,27.2,51.9,152.33,1.87,27.61,4.57,0.74,35,1654,6933,7568,10033,12458,1538,640.629,-20887.835,-48263.352,-66738.41300000002,3525.028,3920.843,2288.0499999999993,8236.847999999998,4,1,797891551,-357.711,-1310.152,30.38,-562,-23304,-47391,,-2857.39,-24450.966999999997,-49241.25,-75052.11299999998,37.59,18.18,18.69,17.16,false,false,-14.52,-13.4,中期趨勢仍向下；外資持股5/10日下降，且外資5日賣超；20日趨勢尚未上彎；當下除權息調整價未守20日EMA；借券賣出與借券賣出餘額壓力升高
189,2467,志聖,TWSE,電子零組件業,暫不承接,暫停加碼／跌破減碼,已有部位暫停加碼；若收盤跌破60日EMA約 546.57，且下一交易日仍未收復，先減碼三分之一；若ETF或外資繼續轉弱，再分批降低部位。,53.2,100,469,468.5,94.08,78.92,24.37,58.85,117.19,3.06,58.91,8.31,1.24,9,1,35,39,-106,-132,37,67.076,202.59200000000004,-523.136,-740.13,1.295,41.382,-253.176,-325.944,5,0,18332226,233.465,149.714,20.54,82,37,-341,,77.589,-72.255,-419.674,-408.17200000000014,39.77,17.49,16.84,18.8,true,false,-11.68,-8.93,中期趨勢仍向下；20日趨勢尚未上彎；當下除權息調整價未守20日EMA
190,8046,南電,TWSE,電子零組件業,暫不承接,暫停加碼／跌破減碼,已有部位暫停加碼；若收盤跌破60日EMA約 990.44，且下一交易日仍未收復，先減碼三分之一；若ETF或外資繼續轉弱，再分批降低部位。,53.2,100,920,920,50.03,37.2,12.1,24.86,317.54,2.03,177.33,11.58,0.24,31,151,282,344,1019,3927,122,-813.082,-197.90900000000022,-802.7690000000002,-4797.190000000001,122.902,-1707.02,2168.6020000000003,16549.481,2,3,-1428775740,202.55999999999995,222.25199999999992,13.28,-529,1816,-2640,,-1051.445,1306.5510000000002,-3193.623,-21059.015,42.08,15.26,18.56,8.65,false,false,-14.03,-17.12,中期趨勢仍向下；投信20日買超後近5日轉賣；20日趨勢尚未上彎；當下除權息調整價未守20日EMA
191,3037,欣興,TWSE,電子零組件業,暫不承接,暫停加碼／跌破減碼,已有部位暫停加碼；若收盤跌破60日EMA約 850.08，且下一交易日仍未收復，先減碼三分之一；若ETF或外資繼續轉弱，再分批降低部位。,52.9,100,787,787,36.31,28.42,7.36,56.18,132.43,3.28,47.67,9.19,0.28,46,1432,2488,2735,5597,8330,1285,949.034,-6605.754000000001,-2591.2360000000012,-50408.85399999999,2515.389,4691.8730000000005,8748.777,17664.695,4,1,3359381068,1099.183,640.3870000000001,35.91,-1848,-12785,-16298,,-1656.603,-12396.81,-11980.4,-69309.71200000001,44.81,32.58,31.55,34.63,true,false,-5.82,-6.2,中期趨勢仍向下；外資持股趨勢資料不足或期間有非市場異動；20日趨勢尚未上彎；當下除權息調整價未守20日EMA；單季稅前獲利對營業外貢獻依賴偏高
192,6834,天二科技,TWSE,電子零組件業,暫不承接,暫停加碼／跌破減碼,已有部位暫停加碼；若收盤跌破60日EMA約 88.10，且下一交易日仍未收復，先減碼三分之一；若ETF或外資繼續轉弱，再分批降低部位。,52.9,85,79.8,79.8,66.46,36.56,8.5,37.92,154.16,0.45,31.57,4.16,0.55,1,1,1,9,167,167,0,611.796,1672.348,2031.615,1348.4210000000003,1,9,167,167,3,0,653400,-17.285,-0.06400000000000006,14.4,598,1629,1909,,617.407,1680.633,1864.679,1229.9450000000002,37.62,12.55,11.06,15.52,true,false,-16.56,-11.43,中期趨勢仍向下；20日趨勢尚未上彎；當下除權息調整價未守20日EMA
193,8110,華東,TWSE,半導體業,暫不承接,暫停加碼／跌破減碼,已有部位暫停加碼；若收盤跌破60日EMA約 49.71，且下一交易日仍未收復，先減碼三分之一；若ETF或外資繼續轉弱，再分批降低部位。,52.8,100,37.1,37.1,16.26,13.32,5.25,25.4,254.53,0.49,12.36,1.38,4.41,2,0,0,0,0,0,0,1253.621,1127.111,557.574,-5837.303,0,0,0,0,0,0,0,-46.96899999999999,-151.23399999999998,1.73,1668,2000,2820,,1363.374,1174.0800000000002,708.8080000000002,-5198.804,34.5,15.24,12.19,21.33,true,false,-14.71,-9.29,中期趨勢仍向下；20日趨勢尚未上彎；當下除權息調整價未守20日EMA；單季稅前獲利對營業外貢獻依賴偏高
194,9904,寶成,TWSE,運動休閒,暫不承接,暫停加碼／跌破減碼,已有部位暫停加碼；若收盤跌破60日EMA約 25.39，且下一交易日仍未收復，先減碼三分之一；若ETF或外資繼續轉弱，再分批降低部位。,52.8,100,24.3,24.2,-3.26,-2.86,3.16,37.44,149.28,0.76,6.61,0.47,5.42,11,282,827,840,-13345,-11634,0,8345.234,8614.627000000002,3683.1410000000014,1950.653000000002,-14.438,71.562,-16435.693,-17461.689999999995,4,1,1717488,320.55600000000004,1408.9340000000002,29.12,7605,9134,22545,,8263.208,8222.509,18709.9,17122.775,43.06,34.39,27.18,48.79,true,false,-0.54,-0.41,累計營收負成長且當月改善不足；中期趨勢仍向下；20日趨勢尚未上彎；當下除權息調整價未守20日EMA
195,5471,松翰,TWSE,半導體業,暫不承接,暫停加碼／跌破減碼,已有部位暫停加碼；若收盤跌破60日EMA約 54.50，且下一交易日仍未收復，先減碼三分之一；若ETF或外資繼續轉弱，再分批降低部位。,52.7,100,50.4,50.25,47.67,28.64,9.07,14,616.33,0.48,48.25,2.21,1.71,1,0,0,0,0,0,0,135.519,627.391,-1002.517,287.71900000000005,0,0,0,0,0,0,0,8.180999999999996,-36.12100000000001,12.26,263,1267,407,,181.144,619.21,-966.3959999999998,226.6660000000004,40.14,20.98,19.98,22.99,true,false,-8.88,-8.03,中期趨勢仍向下；20日趨勢尚未上彎；當下除權息調整價未守20日EMA
196,8070,長華*,TWSE,電子通路業,暫不承接,停止加碼／開始減碼,已有部位先停止加碼。反彈若仍未站回 50.31，分批降低部位；只有站回且ETF／外資賣壓收斂後才重新評估。,52.7,100,44.35,44.5,32.82,24.87,12.13,47.87,258.16,0.51,39.2,1.65,6.52,7,0,0,1,333,5945,0,-690.646,-1886.141,-3843.589,-4209.930999999999,4,16,346.626,5953.284,4,0,664800,-38.829,-144.952,11.1,-689,-1541,-3581,,-713.362,-1863.3120000000001,-4045.263,-9870.119999999999,37.27,21.16,18.27,26.92,true,false,-7.96,-7.02,中期趨勢仍向下；外資持股5/10日下降，且外資5日賣超；20日趨勢尚未上彎；當下除權息調整價未守20日EMA
197,1773,勝一,TWSE,化學工業,暫不承接,停止加碼／開始減碼,已有部位先停止加碼。反彈若仍未站回 168.46，分批降低部位；只有站回且ETF／外資賣壓收斂後才重新評估。,52.6,100,152,152.75,20.49,18.72,23.35,32.56,133.33,2.02,18.27,3.84,2.73,2,0,0,0,7,6,0,-199.615,-1855.665,-2620.4539999999997,-1480.484,2,8,14,12,3,0,1172000,-55.086,-64.648,7.18,-157,-1859,-2869,,-191.724,-1808.5790000000002,-2569.8060000000005,-1451.0490000000002,35.6,16.99,15.22,20.54,true,false,-7.51,-6.75,中期趨勢仍向下；外資持股5/10日下降，且外資5日賣超；20日趨勢尚未上彎；當下除權息調整價未守20日EMA
198,6579,研揚,TWSE,電腦及週邊設備業,暫不承接,暫停加碼／跌破減碼,已有部位暫停加碼；若收盤跌破60日EMA約 155.95，且下一交易日仍未收復，先減碼三分之一；若ETF或外資繼續轉弱，再分批降低部位。,52.6,100,151.5,153.25,47.1,28.75,8.7,22.94,253.99,3.81,27.34,2.42,2.52,1,0,0,0,0,0,0,-211.494,30.910999999999998,233.11599999999999,1605.6110000000003,1,5,5,3,3,0,745000,19.659,136.88500000000002,4.22,-133,-127,47,,-206.858,6.2520000000000024,91.23100000000005,1421.7060000000001,43.22,27.19,41.64,-1.71,false,false,-6.39,-16.07,中期趨勢仍向下；20日趨勢尚未上彎；當下除權息調整價未守20日EMA；單季稅前獲利對營業外貢獻依賴偏高
199,3023,信邦,TWSE,電子零組件業,暫不承接,停止加碼／開始減碼,已有部位先停止加碼。反彈若仍未站回 303.58，分批降低部位；只有站回且ETF／外資賣壓收斂後才重新評估。,52.5,100,298,293.75,17.59,8.75,11.53,45.52,189.46,3.6,20.42,4.03,3.66,14,28,91,0,1125,5604,0,131.406,-741.294,-1763.325,-5139.049,29,-214,679,4649.8,4,1,-58422000,287.507,525.909,40.73,227,-874,-2757,,0.838,-814.8009999999999,-2968.234,-10583.958999999999,47.11,30.57,24.24,43.22,true,false,-1.24,4.56,中期趨勢仍向下；外資持股5/10日下降，且外資5日賣超；20日趨勢尚未上彎；當下除權息調整價未守20日EMA
200,2393,億光,TWSE,光電業,暫不承接,停止加碼／開始減碼,已有部位先停止加碼。反彈若仍未站回 67.04，分批降低部位；只有站回且ETF／外資賣壓收斂後才重新評估。,52.4,100,63,62.85,10.58,3.16,7.41,31.13,236.99,0.91,14.65,1.32,7.33,12,-5,-28,-28,-165,-2210,0,-1046,-5317.436,-11398.431,-15941.220000000001,-5,-27.625,-41.68500000000003,-2089.292,1,2,-1696175,-175.443,1410.4119999999998,25.72,-816,-4642,-11759,,-918,-5114.368,-12767.158000000001,-16508.420000000002,37.64,20.52,20.78,20.01,false,false,-4.4,-4.69,中期趨勢仍向下；ETF短中期同步減碼；ETF 1/3日已轉為減碼；外資持股5/10日下降，且外資5日賣超；20日趨勢尚未上彎；當下除權息調整價未守20日EMA；借券賣出與借券賣出餘額壓力升高
201,2344,華邦電,TWSE,半導體業,暫不承接,停止加碼／開始減碼,已有部位先停止加碼。反彈若仍未站回 156.22，分批降低部位；只有站回且ETF／外資賣壓收斂後才重新評估。,52.3,100,130,130,189.88,139.2,32.81,46.52,147.43,2.25,35.16,4.57,0.42,33,1627,4492,5096,4725,6426,-240,26332.964,-28734.032,-58192.73299999999,-131394.49499999997,-9683.203,-26050.023,-32324.501000000004,-112755.66000000003,2,3,-3086927725,2626.3869999999997,3430.305999999999,17.34,31877,-16430,-50620,,36320.84,-5310.396000000001,-29298.538,-25812.683999999994,37.99,15.55,18.91,8.82,false,false,-16.69,-15.86,中期趨勢仍向下；主動ETF 5日轉為減碼；投信5/10日持續且具金額意義的賣超；外資持股5/10日下降，且外資5日賣超；20日趨勢尚未上彎；當下除權息調整價未守20日EMA
202,3048,益登,TWSE,電子通路業,暫不承接,暫停加碼／跌破減碼,已有部位暫停加碼；若收盤跌破60日EMA約 55.75，且下一交易日仍未收復，先減碼三分之一；若ETF或外資繼續轉弱，再分批降低部位。,52.2,100,45.4,45.5,60.1,31.06,2.02,83.47,126.46,1.22,15.38,1.98,2.34,1,0,0,0,0,0,0,105.303,1403.541,1955.214,2005.6229999999998,0,0,0,0,0,0,0,-95.118,-202.332,8.39,10,1775,2945,,130.607,1498.6589999999999,2157.546,2389.036,30.33,18.8,16.26,23.87,true,false,-13.08,-9.92,中期趨勢仍向下；20日趨勢尚未上彎；當下除權息調整價未守20日EMA
203,1560,中砂,TWSE,電機機械,暫不承接,停止加碼／開始減碼,已有部位先停止加碼。反彈若仍未站回 669.32，分批降低部位；只有站回且ETF／外資賣壓收斂後才重新評估。,52.1,100,637,636.5,16.39,23.02,19.38,38.56,179.04,2.94,57.4,10.52,0.85,6,0,3,254,263,50,250,-221.458,-614.3689999999999,-1166.57,-1555.4389999999999,336,1439.76,1894.76,1359.76,5,0,837940320,-99.362,-158.85999999999999,37.92,-501,-1856,-2837,,-579.37,-1954.767,-2902.4700000000003,-2667.9939999999997,44.68,29.63,32.33,24.23,false,false,-4.83,-5.21,中期趨勢仍向下；外資持股5/10日下降，且外資5日賣超；20日趨勢尚未上彎；當下除權息調整價未守20日EMA
204,5243,乙盛-KY,TWSE,光電業,暫不承接,暫停加碼／跌破減碼,已有部位暫停加碼；若收盤跌破60日EMA約 97.54，且下一交易日仍未收復，先減碼三分之一；若ETF或外資繼續轉弱，再分批降低部位。,52.1,100,76.1,75.8,38.27,-0.89,11,37.79,176.08,1.47,14.76,1.4,3.06,1,0,0,0,4,4,0,-121.802,803.768,1437.321,1148.6919999999998,0,0,104,104,0,0,0,-516.241,-487.937,54.21,-99,1639,1956,,-97.57,1320.0090000000002,1821.258,1762.5870000000002,31.3,15.64,17.2,12.53,false,false,-13.69,-12.23,中期趨勢仍向下；20日趨勢尚未上彎；當下除權息調整價未守20日EMA
205,1319,東陽,TWSE,汽車工業,暫不承接,停止加碼／開始減碼,已有部位先停止加碼。反彈若仍未站回 80.24，分批降低部位；只有站回且ETF／外資賣壓收斂後才重新評估。,52,100,72.4,72.2,3.04,-14.34,15.76,22.37,232.66,1.62,12.82,1.45,7,8,-5,-5,-5,-1364,-1723,0,7.78,1523.3790000000001,506.1150000000003,-1737.8309999999997,-1,10,-1264.778,-1621.063,3,1,714000,-192.939,-855.701,9.31,-773,773,1583,,12.61,1706.3180000000002,2626.594,19.721000000000004,39.43,39.98,28.61,62.74,true,false,-2.81,0.42,累計營收負成長且當月改善不足；中期趨勢仍向下；ETF短中期同步減碼；ETF 1/3日已轉為減碼；20日趨勢尚未上彎；當下除權息調整價未守20日EMA
206,3413,京鼎,TWSE,半導體業,暫不承接,停止加碼／開始減碼,已有部位先停止加碼。反彈若仍未站回 323.73，分批降低部位；只有站回且ETF／外資賣壓收斂後才重新評估。,52,100,292.5,293.5,39.75,17.7,13.07,42.48,150.31,4.28,15,1.97,3.89,3,0,0,0,0,0,0,-318.09,-1828.0320000000002,-3094.7470000000003,1495.5759999999996,0,0,0,1599,0,0,0,-337.807,-712.73,26.36,-224,-1753,-2317,,-296.991,-1490.225,-2382.017,177.2260000000001,39.5,14.08,22.5,-2.74,false,false,-9.65,-10.69,中期趨勢仍向下；外資持股5/10日下降，且外資5日賣超；20日趨勢尚未上彎；當下除權息調整價未守20日EMA
207,3030,德律,TWSE,其他電子業,暫不承接,停止加碼／開始減碼,已有部位先停止加碼。反彈若仍未站回 311.71，分批降低部位；只有站回且ETF／外資賣壓收斂後才重新評估。,51.9,100,266,265.75,0.43,24.77,38.16,21.99,343.54,3.5,21.56,5.62,2.81,6,0,2,2,12,14,0,171.288,-487.56499999999994,-965.8199999999999,-6610.993,3,10,20,21,4,0,2490000,-224.928,-387.421,10.34,380,-210,-188,,208.658,-272.63700000000006,-598.3990000000001,-6150.498,38.29,24.96,29.69,15.51,false,false,-8.28,-9.06,中期趨勢仍向下；外資持股5/10日下降，且外資5日賣超；20日趨勢尚未上彎；當下除權息調整價未守20日EMA
208,2489,瑞軒,TWSE,光電業,暫不承接,暫停加碼／跌破減碼,已有部位暫停加碼；若收盤跌破60日EMA約 37.73，且下一交易日仍未收復，先減碼三分之一；若ETF或外資繼續轉弱，再分批降低部位。,51.9,93.8,26.15,26.17,23.43,12.6,1.07,40.71,197.42,0.15,22.48,1.15,4.9,3,14,20,20,23,31,0,-1425.192,6137.701,13511.354,12071.824,21,-3779,-3775,-3768,3,2,-92585500,-151.917,-313.30400000000003,7.25,-1579,11121,12919,,-1376.912,10068.618,17599.658,16618.883,26.34,13.71,11.53,18.08,true,false,-19.32,-13.12,中期趨勢仍向下；20日趨勢尚未上彎；當下除權息調整價未守20日EMA
209,2497,怡利電,TWSE,汽車工業,暫不承接,停止加碼／開始減碼,已有部位先停止加碼。反彈若仍未站回 55.82，分批降低部位；只有站回且ETF／外資賣壓收斂後才重新評估。,51.8,100,45.25,45.55,52.52,21.2,8.13,48.83,155.09,0.8,19.67,1.88,4.5,1,0,0,0,0,0,0,-767.095,-352.81000000000006,-1016.5250000000001,651.6980000000001,0,0,0,0,0,0,0,66.09,71.368,3.56,-681,-638,-1361,,-845,-418.9,-1087.893,570.516,30.77,16.91,12.68,25.36,true,false,-14.33,-13.15,中期趨勢仍向下；外資持股5/10日下降，且外資5日賣超；20日趨勢尚未上彎；當下除權息調整價未守20日EMA
210,3533,嘉澤,TWSE,電子零組件業,暫不承接,停止加碼／開始減碼,"已有部位先停止加碼。反彈若仍未站回 2,111.24，分批降低部位；只有站回且ETF／外資賣壓收斂後才重新評估。",51.8,100,1855,1850,17.26,17.24,29.04,19.05,381.17,21.37,23.75,4.52,2.07,23,1,6,7,-124,-516,0,178.191,-54.14299999999999,-656.812,-1071.527,1.767,-224.159,-584.058,-1221.922,2,3,-378828710,-0.40799999999999903,-11.356,49.8,137,44,-174,,170.841,170.424,-61.39799999999999,213.60299999999995,41.9,29.64,35.06,18.79,false,false,-4.81,-5.84,中期趨勢仍向下；投信5/10日持續且具金額意義的賣超；20日趨勢尚未上彎；當下除權息調整價未守20日EMA
211,1708,東鹼,TWSE,化學工業,暫不承接,暫停加碼／跌破減碼,已有部位暫停加碼；若收盤跌破60日EMA約 49.22，且下一交易日仍未收復，先減碼三分之一；若ETF或外資繼續轉弱，再分批降低部位。,51.8,85,47.7,47.68,3.25,11.5,16.67,41.95,100.39,1.11,13.71,1.55,3.46,1,5,5,34,622,622,0,-362.896,154.10499999999996,-322.327,-3984.238,5,34,622,622,3,0,1570800,-92.468,-169.22199999999998,9.77,-379,-713,-1303,,-357.831,212.57299999999992,-775.1050000000002,-4499.776000000001,38.33,14.59,19.76,4.25,false,false,-8.1,-9.49,中期趨勢仍向下；ETF加碼，但外資持股5/10日同步下降；20日趨勢尚未上彎；當下除權息調整價未守20日EMA
212,2401,凌陽,TWSE,半導體業,暫不承接,暫停加碼／跌破減碼,已有部位暫停加碼；若收盤跌破60日EMA約 28.27，且下一交易日仍未收復，先減碼三分之一；若ETF或外資繼續轉弱，再分批降低部位。,51.7,100,24.3,24.4,35.25,19.54,7.83,25.17,398.66,-0.02,,1.68,,2,0,16,16,31,51,0,-611.366,-3426.693,-4595.694,-4704.073,0,16,31,51,2,0,375200,-493.50100000000003,-980.376,18.23,-152,39,-104,,-555.477,-2949.192,-3646.3180000000007,-3045.802000000001,35.78,15.14,19.92,5.6,false,false,-13.09,-13.68,中期趨勢仍向下；20日趨勢尚未上彎；當下除權息調整價未守20日EMA；借券賣出與借券賣出餘額壓力升高
213,2493,揚博,TWSE,電子零組件業,暫不承接,暫停加碼／跌破減碼,已有部位暫停加碼；若收盤跌破60日EMA約 209.77，且下一交易日仍未收復，先減碼三分之一；若ETF或外資繼續轉弱，再分批降低部位。,51.7,100,177,175,32.06,9.46,17.97,51.53,160.67,1.26,39.13,7.23,2.42,2,2,2,17,314,339,0,144.856,1958.8429999999998,4693.4169999999995,5176.038999999999,2,17,314,241,3,0,2813500,-117.34,-65.474,10.46,162,1610,3560,,184.332,2059.183,4444.891,5111.956,37.12,11.25,14.4,4.95,false,false,-19.81,-16.71,中期趨勢仍向下；20日趨勢尚未上彎；當下除權息調整價未守20日EMA
214,6531,愛普*,TWSE,半導體業,暫不承接,停止加碼／開始減碼,已有部位先停止加碼。反彈若仍未站回 861.60，分批降低部位；只有站回且ETF／外資賣壓收斂後才重新評估。,51.7,100,667,667,59.48,94.68,28.01,22.86,396.63,4.15,61.69,8.37,1.15,20,-13,6,44,202,454,-12,1840.209,2265.846,2970.2509999999997,4192.277999999999,-426.716,-312.431,-640.006,-1453.201,2,3,-189645617,-298.532,-303.092,31.52,2339,2966,4129,,2335.064,2876.8089999999997,3913.3489999999997,6081.478,35.97,18.8,22.93,10.53,false,false,-17.95,-22.26,中期趨勢仍向下；主動ETF 5日轉為減碼；投信5/10日持續且具金額意義的賣超；20日趨勢尚未上彎；當下除權息調整價未守20日EMA
215,3673,TPK-KY,TWSE,光電業,暫不承接,暫停加碼／跌破減碼,已有部位暫停加碼；若收盤跌破60日EMA約 69.37，且下一交易日仍未收復，先減碼三分之一；若ETF或外資繼續轉弱，再分批降低部位。,51.7,85,53.9,53.95,7.03,14.87,-0.32,47.04,216.68,1.33,13.9,0.51,3.56,1,0,0,4,129,129,0,-479.619,2459.504,3066.5179999999996,2161.405999999999,0,4,129,129,1,0,202400,-574.332,-1253.3020000000001,38.58,-267,4726,7620,,-340.393,3029.8360000000002,4190.820000000001,3593.962,31.03,12.86,11.71,15.14,true,false,-17.07,-14.04,中期趨勢仍向下；20日趨勢尚未上彎；當下除權息調整價未守20日EMA；單季稅前獲利對營業外貢獻依賴偏高
216,3406,玉晶光,TWSE,光電業,暫不承接,停止加碼／開始減碼,已有部位先停止加碼。反彈若仍未站回 572.98，分批降低部位；只有站回且ETF／外資賣壓收斂後才重新評估。,51.5,100,474,474.75,4.51,17.17,19.55,41.75,231.81,7.9,13.56,1.93,3.8,7,0,0,2,-25,-117,0,-265.166,-256.898,-40.85400000000004,-1370.2480000000003,1,-253,-325,-262.7,2,3,-113217500,-91.85699999999997,-200.46899999999994,42.43,-243,-42,270,,-242.824,87.959,484.615,-603.02,34.01,17.59,14.56,23.67,true,false,-11.88,-6.51,中期趨勢仍向下；投信5/10日持續且具金額意義的賣超；20日趨勢尚未上彎；當下除權息調整價未守20日EMA
217,3450,聯鈞,TWSE,半導體業,暫不承接,暫停加碼／跌破減碼,已有部位暫停加碼；若收盤跌破60日EMA約 446.49，且下一交易日仍未收復，先減碼三分之一；若ETF或外資繼續轉弱，再分批降低部位。,51.3,100,369.5,368,88.18,9.91,12.75,43,192,0.69,100.74,9.46,0.3,3,0,100,300,300,300,300,1734.992,1111.4299999999998,2482.6899999999996,844.9249999999996,1,1564,2984,2984,5,0,529414000,-340.031,-207.98700000000002,18.55,1953,1100,2804,,1924.307,-112.53899999999976,-293.32299999999975,-1761.4579999999996,38.59,18.78,23.91,8.5,false,false,-15.39,-13.47,中期趨勢仍向下；20日趨勢尚未上彎；當下除權息調整價未守20日EMA；借券賣出與借券賣出餘額壓力升高
218,6239,力成,TWSE,半導體業,暫不承接,停止加碼／開始減碼,已有部位先停止加碼。反彈若仍未站回 289.13，分批降低部位；只有站回且ETF／外資賣壓收斂後才重新評估。,51.3,100,234.5,235.25,21.71,32.41,12.95,41.87,192.9,2.5,25.54,2.72,2.1,23,1143,1405,1744,2633,-6479,1325,-3421.334,-8474.144,-12062.448999999999,-11179.643999999998,3685.834,619.6769999999998,2320.8999999999996,-7593.150000000001,2,3,132920716,-506.1919999999999,-160.00599999999983,35.7,-6620,-8587,-14707,,-6582.485,-8587.629,-14223.342999999999,-1551.7469999999994,34.76,15.14,16.69,12.05,false,false,-16.02,-16.1,中期趨勢仍向下；外資持股5/10日下降，且外資5日賣超；20日趨勢尚未上彎；當下除權息調整價未守20日EMA
219,2406,國碩,TWSE,光電業,暫不承接,停止加碼／開始減碼,已有部位先停止加碼。反彈若仍未站回 34.31，分批降低部位；只有站回且ETF／外資賣壓收斂後才重新評估。,51.3,85,31.15,31.08,63,133.5,10.29,48.86,198.09,0.27,,2.72,,1,7,7,52,948,948,0,-281.531,-8217.970000000001,-18505.128,-49294.346000000005,7,52,948,948,3,0,1474200,-6.700000000000003,131.06799999999998,10.57,-225,-6567,-14976,,-268.476,-8263.27,-19584.196,-50081.702000000005,43.04,28.2,29.08,26.46,false,true,-6.3,-6.6,中期趨勢仍向下；外資持股5/10日下降，且外資5日賣超；20日趨勢尚未上彎；當下除權息調整價未守20日EMA；借券賣出與借券賣出餘額壓力升高
220,6944,兆聯實業,TWSE,綠能環保,暫不承接,停止加碼／開始減碼,已有部位先停止加碼。反彈若仍未站回 746.69，分批降低部位；只有站回且ETF／外資賣壓收斂後才重新評估。,51.1,100,702,705,29.98,44.54,22.51,49.71,177.5,10.08,18.54,5.7,3.03,4,0,0,1,17,16,0,-183.99,-1382.977,-1815.2959999999998,-1361.8889999999997,1.917,4.154,3.46,-19.36,3,0,2737486,-12.599999999999998,-52.04899999999999,15.14,-180,-1288,-1716,,-183.468,-1374.531,-1766.7069999999999,-1322.239,43.38,23.02,33.47,2.12,false,false,-5.99,-10.69,中期趨勢仍向下；外資持股5/10日下降，且外資5日賣超；20日趨勢尚未上彎；當下除權息調整價未守20日EMA
221,2368,金像電,TWSE,電子零組件業,暫不承接,停止加碼／開始減碼,"已有部位先停止加碼。反彈若仍未站回 1,096.61，分批降低部位；只有站回且ETF／外資賣壓收斂後才重新評估。",51,100,793,793,78.22,68.74,26.85,58.63,170.81,6.87,32.55,10.57,1.36,38,-529,-1045,-1280,-2978,-3201,-1639,-901.023,289.222,-758.5250000000002,-917.9560000000002,-862.087,-3886.261,-8950.112000000001,-13299.964999999998,0,5,-2801994181,-19.534999999999997,203.22500000000002,29.62,-107,4212,7972,,-97.528,4195.018,7988.361999999999,12915.742999999997,31.07,14.32,12.6,17.77,true,false,-16.38,-11.99,中期趨勢仍向下；ETF短中期同步減碼；ETF 1/3日已轉為減碼；主動ETF 5日轉為減碼；投信5/10日持續且具金額意義的賣超；20日趨勢尚未上彎；當下除權息調整價未守20日EMA
222,2375,凱美,TWSE,電子零組件業,暫不承接,暫停加碼／跌破減碼,已有部位暫停加碼；若收盤跌破60日EMA約 149.55，且下一交易日仍未收復，先減碼三分之一；若ETF或外資繼續轉弱，再分批降低部位。,50.9,100,112.5,113.25,18.39,8.62,6.01,33.33,175.11,0.78,32.22,1.15,1.13,2,2,2,15,287,287,0,-365.7,2586.067,5440.683999999999,4262.168,2,15,287,287,3,0,1590000,-93.931,-128.278,16.05,-343,2371,4525,,-324.192,2664.9979999999996,5281.9619999999995,4547.641999999999,30.29,8.84,6.44,13.64,true,false,-22.59,-14.12,中期趨勢仍向下；20日趨勢尚未上彎；當下除權息調整價未守20日EMA
223,2903,遠百,TWSE,貿易百貨,暫不承接,暫停加碼／跌破減碼,已有部位暫停加碼；若收盤跌破60日EMA約 22.54，且下一交易日仍未收復，先減碼三分之一；若ETF或外資繼續轉弱，再分批降低部位。,50.9,100,22.5,22.45,-2.42,-0.3,14.91,72.43,51.94,0.39,13.92,1.01,5.54,3,0,342,342,342,1788,0,1628.365,6632.715,7751.405000000001,10846.722,8,360,358,1797,3,0,8118000,-11.932000000000002,-410.101,8.09,1480,6598,8436,,1605.365,6284.647,7803.505999999999,9683.653999999997,51.26,74.87,68.34,87.92,false,false,0.48,1.12,累計營收負成長且當月改善不足；中期趨勢仍向下；20日趨勢尚未上彎
224,3592,瑞鼎,TWSE,半導體業,暫不承接,停止加碼／開始減碼,已有部位先停止加碼。反彈若仍未站回 251.97，分批降低部位；只有站回且ETF／外資賣壓收斂後才重新評估。,50.9,100,227,227,18.59,4.99,5.28,44.86,200.84,3.82,13.72,1.55,6.65,7,0,0,-62,-610,-42,-62,-13.645,42.650000000000006,616.06,987.927,0,-62,-648.931,-356.557,0,1,-13609000,3.4210000000000003,3.3680000000000008,15.3,4,183,1489,,-9.626,101.22900000000001,1261.623,1363.743,35.8,24.48,25.95,21.53,false,true,-6.3,-5.02,中期趨勢仍向下；ETF短中期同步減碼；主動ETF 5日轉為減碼；20日趨勢尚未上彎；當下除權息調整價未守20日EMA
225,1215,卜蜂,TWSE,食品工業,暫不承接,暫停加碼／跌破減碼,已有部位暫停加碼；若收盤跌破60日EMA約 118.54，且下一交易日仍未收復，先減碼三分之一；若ETF或外資繼續轉弱，再分批降低部位。,50.8,100,106,105.25,8.69,4.68,7.99,66.08,78.21,1.26,11.53,2.98,6.54,3,0,0,0,-87,-87,0,150.393,107.916,232.95900000000006,1836.001999999999,2,6,-81,-262,3,0,642000,-10.236,-18.993,38.05,72,974,188,,154.734,112.15200000000004,332.952,2092.3849999999998,31.98,32.96,30.95,37,true,false,-3.46,-3.2,中期趨勢仍向下；20日趨勢尚未上彎；當下除權息調整價未守20日EMA
226,4583,台灣精銳,TWSE,電機機械,暫不承接,暫停加碼／跌破減碼,已有部位暫停加碼；若收盤跌破60日EMA約 615.51，且下一交易日仍未收復，先減碼三分之一；若ETF或外資繼續轉弱，再分批降低部位。,50.7,100,426,433.75,29.98,14.06,35.52,16.5,589.27,3.56,33.44,3.64,2.22,4,0,0,0,0,0,0,732.382,818.01,802.8040000000001,858.4300000000001,0,0,0,0,0,0,0,11.32,2.8579999999999997,2.23,748,807,783,,737.081,806.69,799.9460000000001,850.4920000000001,17.98,12.09,23.78,-11.31,false,false,-23.15,-25.13,中期趨勢仍向下；20日趨勢尚未上彎；當下除權息調整價未守20日EMA
227,2303,聯電,TWSE,半導體業,暫不承接,停止加碼／開始減碼,已有部位先停止加碼。反彈若仍未站回 134.14，分批降低部位；只有站回且ETF／外資賣壓收斂後才重新評估。,50.4,100,121,121,22.85,11.28,18.47,32.2,271.87,1.29,16.54,3.11,2.37,59,1325,-1708,-7372,-19854,-92615,-14974,-39275.937,6174.275000000005,-107722.63999999998,-155992.50599999996,-3115.482,-36631.746,-61337.363999999994,-135745.06,1,4,-4029492060,-6938.135,-28887.091,41.41,-37440,41428,-81846,,-35485.588,49744.156,-17498.184999999998,19859.468999999997,41.86,22.23,17.34,32,true,false,-9.8,-5.47,中期趨勢仍向下；ETF短中期同步減碼；投信5/10日持續且具金額意義的賣超；外資持股趨勢資料不足或期間有非市場異動；20日趨勢尚未上彎；當下除權息調整價未守20日EMA
228,2374,佳能,TWSE,光電業,暫不承接,停止加碼／開始減碼,已有部位先停止加碼。反彈若仍未站回 72.68，分批降低部位；只有站回且ETF／外資賣壓收斂後才重新評估。,50.4,100,62.8,63.35,18.97,51.37,9.09,31.36,189.9,0.73,21.44,2.25,3.36,1,0,0,0,0,0,0,-23.761,-894.2959999999998,-386.3629999999999,1164.0170000000003,2,8,7,5,3,0,476800,-198.336,-580.024,4.56,405,-890,-228,,-1.629,-703.96,186.66099999999994,2013.027,35.64,23.71,22.9,25.31,true,false,-7.88,-6.96,中期趨勢仍向下；外資持股5/10日下降，且外資5日賣超；20日趨勢尚未上彎；當下除權息調整價未守20日EMA
229,3060,銘異,TWSE,電腦及週邊設備業,暫不承接,停止加碼／開始減碼,已有部位先停止加碼。反彈若仍未站回 31.54，分批降低部位；只有站回且ETF／外資賣壓收斂後才重新評估。,50.2,85,26.9,26.88,48.98,17.56,4.37,39.04,211.89,0.33,,1.27,0.79,1,3,3,22,392,392,0,-256.37,-2547.4210000000003,-3910.45,-6312.885,3,22,392,392,3,0,558800,26.872000000000007,40.87000000000001,11.87,-74,-2299,-3908,,-215.838,-2596.2929999999997,-4343.32,-6755.028999999999,36.33,19.18,15.63,26.26,true,false,-10.85,-6.92,中期趨勢仍向下；外資持股5/10日下降，且外資5日賣超；20日趨勢尚未上彎；當下除權息調整價未守20日EMA
230,3711,日月光投控,TWSE,半導體業,暫不承接,暫停加碼／跌破減碼,已有部位暫停加碼；若收盤跌破60日EMA約 584.45，且下一交易日仍未收復，先減碼三分之一；若ETF或外資繼續轉弱，再分批降低部位。,50.1,100,555,555,32.86,22.02,10.1,60.19,114.67,3.24,46.89,6.32,1.3,56,1326,3942,3227,6633,13670,359,-1409.794,-10311.705000000002,-20728.184999999998,-38724.094999999994,273.547,-181.4340000000002,4372.388,17433.921000000002,4,1,-91624170,3252.047,4454.683000000001,76.77,-3453,-14602,-31489,,-3065.746,-13382.318000000001,-29555.256,-62426.09399999999,42.64,26.37,26.42,26.27,false,false,-7.94,-9.46,中期趨勢仍向下；外資持股趨勢資料不足或期間有非市場異動；20日趨勢尚未上彎；當下除權息調整價未守20日EMA
231,2404,漢唐,TWSE,其他電子業,暫不承接,停止加碼／開始減碼,"已有部位先停止加碼。反彈若仍未站回 1,154.10，分批降低部位；只有站回且ETF／外資賣壓收斂後才重新評估。",50,100,1075,1067.5,50.9,76.24,19.57,82.86,114.62,16.31,18.77,13.26,3.96,21,1,-118,-117,-791,-1842,-127,-214.006,-904.661,-1081.7569999999998,-1169.71,4.922,-522.078,-1163.078,-3024.778,4,1,-527298780,-127.454,-243.53500000000003,37.84,-113,-148,437,,-199.439,-255.12900000000002,324.856,2728.7509999999997,41.55,23.28,18.97,31.9,true,false,-5.99,-4.02,中期趨勢仍向下；ETF短中期同步減碼；主動ETF 5日轉為減碼；20日趨勢尚未上彎；當下除權息調整價未守20日EMA
232,2379,瑞昱,TWSE,半導體業,暫不承接,暫停加碼／跌破減碼,已有部位暫停加碼；若收盤跌破60日EMA約 695.54，且下一交易日仍未收復，先減碼三分之一；若ETF或外資繼續轉弱，再分批降低部位。,49.9,100,671,669.5,20.6,10.52,11.89,68.4,114.69,8.44,25.09,7.95,3.59,46,127,661,786,1955,5819,-16,-222.352,709.7180000000001,395.54200000000003,-1978.7459999999999,62.383,610.9770000000001,1242.7800000000002,4424.218,5,0,425850969,-52.096999999999994,226.17900000000003,45.49,-529,-557,-1814,,-399.634,150.83799999999988,-1073.417,-7706.196999999999,39.26,27.94,37.95,7.91,false,true,-9,-9.81,中期趨勢仍向下；主動ETF 5日轉為減碼；外資持股趨勢資料不足或期間有非市場異動；20日趨勢尚未上彎；當下除權息調整價未守20日EMA；官方重大訊息出現高風險關鍵字，須查原文
233,6515,穎崴,TWSE,半導體業,暫不承接,停止加碼／開始減碼,"已有部位先停止加碼。反彈若仍未站回 7,711.88，分批降低部位；只有站回且ETF／外資賣壓收斂後才重新評估。",49.8,100,5815,5815,287.9,70.27,26.06,54.61,230.87,19.54,108.4,29.34,0.93,28,-169,-263,-254,-480,-570,-267,-9.676,-46.492,-150.16199999999998,-368.09900000000005,-153.896,-319.289,-876.789,-1095.861,2,3,-1689038810,4.909000000000001,13.958,22.59,142,313,760,,141.256,267.888,712.669,737.3090000000001,36.66,21.01,21.54,19.95,false,false,-13.28,-7.63,中期趨勢仍向下；ETF短中期同步減碼；ETF 1/3日已轉為減碼；主動ETF 5日轉為減碼；投信5/10日持續且具金額意義的賣超；20日趨勢尚未上彎；當下除權息調整價未守20日EMA
234,1609,大亞,TWSE,電器電纜,暫不承接,停止加碼／開始減碼,已有部位先停止加碼。反彈若仍未站回 36.95，分批降低部位；只有站回且ETF／外資賣壓收斂後才重新評估。,49.7,100,33.8,34.03,22.67,19.01,14.08,68.56,129.15,0.66,13.6,1.45,2.15,2,1,2,3,-12,-21,0,-266.812,-3814.0159999999996,-3844.8459999999995,3100.4809999999998,4,12,-1,-13,5,0,390000,-73.53,-479.53999999999996,12.62,-217,-1795,-1018,,-295.732,-3752.4860000000003,-3364.306,3501.079000000002,38.71,18.01,19.2,15.62,false,false,-7.29,-8.28,中期趨勢仍向下；外資持股5/10日下降，且外資5日賣超；20日趨勢尚未上彎；當下除權息調整價未守20日EMA
235,3019,亞光,TWSE,光電業,暫不承接,停止加碼／開始減碼,已有部位先停止加碼。反彈若仍未站回 141.19，分批降低部位；只有站回且ETF／外資賣壓收斂後才重新評估。,49.7,100,127,127.75,13.14,15.6,7.76,38.97,223.85,1.05,17.35,2.33,3.87,2,0,0,0,0,0,0,-237.867,-2465.0470000000005,-4273.215,-5174.865,0,0,0,0,0,0,0,-618.1070000000001,-1198.324,6.25,-177,-1075,-1205,,-261.516,-1846.94,-3074.8909999999996,-4167.933,40.57,24.67,25.59,22.84,false,false,-5.84,-4.15,中期趨勢仍向下；外資持股5/10日下降，且外資5日賣超；20日趨勢尚未上彎；當下除權息調整價未守20日EMA
236,6202,盛群,TWSE,半導體業,暫不承接,停止加碼／開始減碼,已有部位先停止加碼。反彈若仍未站回 59.20，分批降低部位；只有站回且ETF／外資賣壓收斂後才重新評估。,49.7,100,53.4,53.4,30.93,11.58,6.69,25.14,428.08,0.3,40.5,2.77,1.4,3,0,4,4,47,37,0,316.076,-2128.539,-3384.0789999999997,-1038.941000000001,0,4,47,37,1,0,194400,-265.048,-432.25800000000004,14.32,513,-1561,-2210,,340.712,-1867.4910000000002,-2998.8210000000004,-538.5360000000018,43.24,30.86,19.07,54.45,true,false,-6.89,-1.48,中期趨勢仍向下；外資持股5/10日下降，且外資5日賣超；20日趨勢尚未上彎；當下除權息調整價未守20日EMA；借券賣出與借券賣出餘額壓力升高
237,2455,全新,TWSE,通信網路業,暫不承接,暫停加碼／跌破減碼,已有部位暫停加碼；若收盤跌破60日EMA約 330.92，且下一交易日仍未收復，先減碼三分之一；若ETF或外資繼續轉弱，再分批降低部位。,49.7,98.7,285,285.5,23.55,27.65,23.63,32.02,359.31,1.06,83.75,13.39,0.99,14,0,3,75,124,40,74,-56.204,-2066.193,1777.233,-1093.8609999999994,-7,147,785,1156.6,4,1,39028500,-547.718,-416.42099999999994,28.89,-98,-425,2880,,-4.932,-1665.475,1408.654,30.346000000000572,41.1,32.46,41.61,14.17,false,true,-9.05,-14.41,中期趨勢仍向下；20日趨勢尚未上彎；當下除權息調整價未守20日EMA；估值高且成長不足以支撐；借券賣出與借券賣出餘額壓力升高
238,5269,祥碩,TWSE,半導體業,暫不承接,暫停加碼／跌破減碼,"已有部位暫停加碼；若收盤跌破60日EMA約 1,416.82，且下一交易日仍未收復，先減碼三分之一；若ETF或外資繼續轉弱，再分批降低部位。",49.6,100,1290,1320,-22.41,5.4,23.09,10.61,299.01,24.85,16.01,2.61,3.48,18,-3,4,12,301,1639,-3,-311.188,605.278,646.1789999999999,2338.518,-3.775,13.225,292.225,1630.0430000000001,4,1,17258625,-177.26500000000001,-246.901,8.77,-270,870,803,,-259.252,769.318,600.8549999999999,1052.6309999999999,34.44,22.11,32.5,1.32,false,true,-9.23,-6.86,中期趨勢仍向下；主動ETF 5日轉為減碼；20日趨勢尚未上彎；當下除權息調整價未守20日EMA；單季稅前獲利對營業外貢獻依賴偏高
239,1504,東元,TWSE,電機機械,暫不承接,停止加碼／開始減碼,已有部位先停止加碼。反彈若仍未站回 68.63，分批降低部位；只有站回且ETF／外資賣壓收斂後才重新評估。,49.5,100,63.7,63.65,0.15,5.92,8.28,36.63,211.34,0.51,26.89,1.69,3.31,10,2,169,172,1401,1332,0,-918.726,-8869.056,-14076.135000000002,-16910.018000000004,12.224,59.22399999999999,-855.268,-584.7150000000001,4,1,3583052,-428.947,-997.261,6.65,-192,-5691,-7930,,-973.446,-8499.332999999999,-12223.605999999998,-15291.194999999998,43.23,26.61,30.87,18.09,false,false,-3.83,-3.78,中期趨勢仍向下；外資持股5/10日下降，且外資5日賣超；20日趨勢尚未上彎；當下除權息調整價未守20日EMA
240,3596,智易,TWSE,通信網路業,暫不承接,暫停加碼／跌破減碼,已有部位暫停加碼；若收盤跌破60日EMA約 184.54，且下一交易日仍未收復，先減碼三分之一；若ETF或外資繼續轉弱，再分批降低部位。,49.5,100,174,174.25,3.96,1.92,6.43,70.73,123.01,3.12,13.32,2.36,5.34,5,0,0,0,1,89,0,89.917,-265.97900000000004,289.11799999999994,348.1999999999998,0,0,0.778,89.112,0,0,0,-67.916,-313.9409999999999,34.02,119,-142,592,,90,-198.063,602.281,564.2910000000002,40.15,34.76,38.23,27.83,false,false,-4.75,-5.95,中期趨勢仍向下；20日趨勢尚未上彎；當下除權息調整價未守20日EMA
241,1514,亞力,TWSE,電機機械,暫不承接,停止加碼／開始減碼,已有部位先停止加碼。反彈若仍未站回 112.52，分批降低部位；只有站回且ETF／外資賣壓收斂後才重新評估。,49.4,100,97.6,97.85,39.69,16.03,8.36,50.13,195.66,0.73,26.82,3.81,2.39,2,1,1,1,1,0,0,-6.146,-606.0319999999999,195.3350000000001,-3753.001,1,3,4,2,3,0,276000,-89.10499999999999,-113.95199999999998,12.94,-121,-1990,-2963,,21.458,-519.927,305.287,-3484.7490000000007,36.82,26.81,25.35,29.72,true,false,-7.62,-5.19,中期趨勢仍向下；外資持股5/10日下降，且外資5日賣超；20日趨勢尚未上彎；當下除權息調整價未守20日EMA
242,8081,致新,TWSE,半導體業,暫不承接,停止加碼／開始減碼,已有部位先停止加碼。反彈若仍未站回 269.76，分批降低部位；只有站回且ETF／外資賣壓收斂後才重新評估。,49.4,100,243,244.25,7.19,-1.3,17.55,29.64,259.16,4.62,13.2,2.74,6.9,10,0,0,0,-98,624,0,-259.549,-1820.568,-1855.9960000000005,-501.27900000000034,0,0,-97.84700000000001,78.46500000000002,0,0,0,4.590000000000002,-135.765,16.87,-228,-1475,-1261,,-257.51,-1825.158,-1622.384,131.33600000000013,39.93,32.79,37.31,23.76,false,true,-6.51,-7.25,累計營收負成長且當月改善不足；中期趨勢仍向下；外資持股5/10日下降，且外資5日賣超；20日趨勢尚未上彎；當下除權息調整價未守20日EMA
243,2337,旺宏,TWSE,半導體業,暫不承接,停止加碼／開始減碼,已有部位先停止加碼。反彈若仍未站回 137.65，分批降低部位；只有站回且ETF／外資賣壓收斂後才重新評估。,49.3,100,100.5,100.5,216.09,128.76,18.46,38.35,233.04,0.9,,3.59,,12,-4,-2407,-2388,-4851,-4404,-2506,-9787.721,-43166.401000000005,-28890.760000000002,-96920.858,5,-4034,-10618,-7453,2,3,-370321200,438.529,270.8409999999999,24.26,-10151,-38653,-20495,,-10175.291,-39570.93,-18543.601000000002,-92057.03,34.47,12.74,16.33,5.55,false,false,-19.51,-18.95,中期趨勢仍向下；ETF短中期同步減碼；ETF 1/3日已轉為減碼；主動ETF 5日轉為減碼；投信5/10日持續且具金額意義的賣超；外資持股5/10日下降，且外資5日賣超；20日趨勢尚未上彎；當下除權息調整價未守20日EMA
244,4576,大銀微系統,TWSE,電機機械,暫不承接,暫停加碼／跌破減碼,已有部位暫停加碼；若收盤跌破60日EMA約 203.61，且下一交易日仍未收復，先減碼三分之一；若ETF或外資繼續轉弱，再分批降低部位。,49.3,100,175.5,175,62.56,47.78,16.65,37.33,204.05,0.96,64.76,4.76,0.49,1,0,0,0,0,0,0,93.125,258.07400000000007,605.3149999999999,-378.2650000000001,0,0,0,0,0,0,0,-58.355,-80.005,5.85,115,427,119,,111.294,316.429,685.3199999999999,-169.62400000000014,38.9,23.1,24.27,20.78,false,false,-9.96,-8.36,中期趨勢仍向下；20日趨勢尚未上彎；當下除權息調整價未守20日EMA
245,6155,鈞寶,TWSE,電子零組件業,暫不承接,暫停加碼／跌破減碼,已有部位暫停加碼；若收盤跌破60日EMA約 65.66，且下一交易日仍未收復，先減碼三分之一；若ETF或外資繼續轉弱，再分批降低部位。,48.9,85,51.2,51.2,47.94,19.79,7.21,24.97,198.5,0.18,93.2,2.55,1.72,1,1,1,10,194,194,0,-386.972,290.04600000000005,880.76,964.5319999999999,1,10,194,194,3,0,466000,22.73,7.251999999999999,9.9,-351,244,879,,-352.465,257.31600000000003,679.508,742.777,32.47,16.97,12.7,25.53,true,false,-16.55,-8.08,中期趨勢仍向下；20日趨勢尚未上彎；當下除權息調整價未守20日EMA
246,2543,皇昌,TWSE,建材營造,暫不承接,暫停加碼／跌破減碼,已有部位暫停加碼；若收盤跌破60日EMA約 42.71，且下一交易日仍未收復，先減碼三分之一；若ETF或外資繼續轉弱，再分批降低部位。,48.8,100,37,37.05,105.33,54.81,9.02,50.36,105.92,0.37,14.33,1.87,4.3,1,0,0,0,0,0,0,227.212,806.209,1337.7910000000002,2492.0240000000003,2,8,9,8,3,0,284400,26.912999999999993,25.035999999999994,1.49,149,126,-69,,185.674,771.296,1303.7549999999999,2477.3569999999995,39.88,21.78,26.39,12.57,false,false,-4.34,-4.15,中期趨勢仍向下；20日趨勢尚未上彎；當下除權息調整價未守20日EMA
247,2351,順德,TWSE,半導體業,暫不承接,停止加碼／開始減碼,已有部位先停止加碼。反彈若仍未站回 174.29，分批降低部位；只有站回且ETF／外資賣壓收斂後才重新評估。,48.7,100,143,142.5,51.72,24.21,9.69,43.39,218.26,1.22,59.07,3.36,0.77,2,0,0,4,-212,582,4,434.377,4406.424,6622.915,13380.372000000001,-354,-1471,-1687,-1013,1,4,-196378500,-208.20899999999997,-466.10699999999997,21.99,803,5995,8721,,812.81,6085.633,8776.021999999999,15391.382999999998,37.08,19.95,13.43,32.99,true,false,-14.7,-11.18,中期趨勢仍向下；投信5/10日持續且具金額意義的賣超；20日趨勢尚未上彎；當下除權息調整價未守20日EMA
248,6415,矽力*-KY,TWSE,半導體業,暫不承接,停止加碼／開始減碼,已有部位先停止加碼。反彈若仍未站回 488.50，分批降低部位；只有站回且ETF／外資賣壓收斂後才重新評估。,48.7,100,413,413,37.77,25.54,8.03,16.19,578.28,1.98,50.47,3.82,0.68,15,35,-174,-47,-516,-480,-182,-125.541,260.57599999999996,-2032.996,-2631.239,-927,-3314.6400000000003,-3900.6400000000003,-6188.14,1,4,-1244647320,-260.089,-317.701,80.49,782,3522,1647,,800.628,3835.305,2185.345,3948.303000000001,38.44,22.77,21.86,24.59,true,false,-11.45,-11.66,中期趨勢仍向下；ETF短中期同步減碼；主動ETF 5日轉為減碼；投信5/10日持續且具金額意義的賣超；20日趨勢尚未上彎；當下除權息調整價未守20日EMA；單季稅前獲利對營業外貢獻依賴偏高
249,2486,一詮,TWSE,光電業,暫不承接,暫停加碼／跌破減碼,已有部位暫停加碼；若收盤跌破60日EMA約 231.53，且下一交易日仍未收復，先減碼三分之一；若ETF或外資繼續轉弱，再分批降低部位。,48.6,100,183,184.25,35.04,24.86,6.99,61.39,190.92,0.29,335.29,7.59,0.29,3,80,260,460,780,757,460,2982.256,562.8589999999999,-3515.7750000000005,1413.9229999999998,225,605,925,902,5,0,103455000,-1256.493,-1387.178,12.71,3212,1533,-1163,,3327.675,1214.3519999999999,-3053.5969999999998,1377.230000000001,36.97,13.15,15.93,7.61,false,false,-17.23,-16.44,中期趨勢仍向下；20日趨勢尚未上彎；當下除權息調整價未守20日EMA
250,2388,威盛,TWSE,半導體業,暫不承接,暫停加碼／跌破減碼,已有部位暫停加碼；若收盤跌破60日EMA約 70.93，且下一交易日仍未收復，先減碼三分之一；若ETF或外資繼續轉弱，再分批降低部位。,48.4,100,69.4,68.95,34.01,34.24,-24.02,38.87,195.46,0.08,362.78,1.66,0.08,3,0,28,28,-777,-778,0,-651.541,-907.7159999999997,503.71500000000015,-3471.749,0,28,-777,-778,2,0,1828400,-619.11,-1008.455,15.72,-361,-1252,3690,,-546.744,-316.6060000000002,2289.17,-2385.4530000000004,46.83,41.13,50.3,22.79,false,false,-2.61,-7.34,中期趨勢仍向下；20日趨勢尚未上彎；當下除權息調整價未守20日EMA；單季稅前獲利對營業外貢獻依賴偏高
251,3014,聯陽,TWSE,半導體業,暫不承接,停止加碼／開始減碼,已有部位先停止加碼。反彈若仍未站回 138.19，分批降低部位；只有站回且ETF／外資賣壓收斂後才重新評估。,48.2,100,124.5,124.75,-1.12,-2.09,28.74,37.14,205.88,2.85,12.92,3.2,7.11,11,-2,-12,-12,-81,1371,0,-294.515,1081.351,1104.95,-2776.441,-2,-11.779,-105.889,1163.651,0,2,-1407590,1.3169999999999966,-14.475000000000001,20.56,-35,1298,1581,,-259.546,1091.8129999999999,1225.3139999999999,-3783.567,37.66,30.38,32.02,27.1,false,true,-6.27,-3.49,累計營收負成長且當月改善不足；中期趨勢仍向下；ETF短中期同步減碼；20日累積後5日轉為調節；ETF 1/3日已轉為減碼；20日趨勢尚未上彎；當下除權息調整價未守20日EMA
252,1717,長興,TWSE,化學工業,暫不承接,暫停加碼／跌破減碼,已有部位暫停加碼；若收盤跌破60日EMA約 69.63，且下一交易日仍未收復，先減碼三分之一；若ETF或外資繼續轉弱，再分批降低部位。,48.1,100,60.1,60.1,16.21,8.32,5.22,52.21,169.15,0.37,37.64,2.27,1.8,4,2,4,5,10,21,0,-321.3,-6086.134,-16031.933,-5810.601999999994,952.482,1892.2199999999998,1894.9339999999997,2590.3379999999997,5,0,105396654,-1588.208,-2547.139,10.38,-1192,-4805,-10076,,-1289.48,-6390.146000000001,-15379.728000000003,-6472.782000000003,40.09,29.56,18.3,52.07,true,false,-6.69,-0.17,中期趨勢仍向下；外資持股趨勢資料不足或期間有非市場異動；20日趨勢尚未上彎；當下除權息調整價未守20日EMA
253,1605,華新,TWSE,電器電纜,暫不承接,停止加碼／開始減碼,已有部位先停止加碼。反彈若仍未站回 34.49，分批降低部位；只有站回且ETF／外資賣壓收斂後才重新評估。,47.9,100,31.25,31.45,29.34,-0.44,1.33,43.02,149.83,0.81,20.88,0.77,1.75,6,-1,17,26,40,-59,0,-2789.474,-30845.700999999997,-33005.327,-55962.464,18.997,96.227,105.61500000000001,-14.38300000000001,5,0,2752092,-2096.216,-2932.106,14.49,-2838,-29035,-34304,,-2513.468,-28845.712,-30178.836000000003,-51305.27700000002,42.21,27.27,27.12,27.57,true,false,-4.78,-4.87,中期趨勢仍向下；外資持股5/10日下降，且外資5日賣超；20日趨勢尚未上彎；當下除權息調整價未守20日EMA；單季稅前獲利對營業外貢獻依賴偏高
254,6120,達運,TWSE,光電業,暫不承接,停止加碼／開始減碼,已有部位先停止加碼。反彈若仍未站回 13.62，分批降低部位；只有站回且ETF／外資賣壓收斂後才重新評估。,47.9,100,12.65,12.6,42.06,-3.78,-2.25,47.11,196.07,-0.15,,0.83,2.02,1,0,14,14,26,26,0,1247.036,-2715.839,-5647.265000000001,-7035.957000000001,0,14,26,26,1,0,173600,45.754000000000005,226.558,8.68,1291,-2042,-5180,,1310.942,-2775.593,-5899.823,-7167.423000000001,43.22,33.91,26.33,49.05,true,false,-3.93,-2.69,中期趨勢仍向下；外資持股5/10日下降，且外資5日賣超；20日趨勢尚未上彎；當下除權息調整價未守20日EMA
255,3481,群創,TWSE,光電業,暫不承接,停止加碼／開始減碼,已有部位先停止加碼。反彈若仍未站回 51.67，分批降低部位；只有站回且ETF／外資賣壓收斂後才重新評估。,47.8,100,44.25,44.45,17.25,16.11,2.25,40.84,145.85,0.2,376.36,1.46,2.42,15,52,211,738,2064,2923,0,-4095.28,64433.883,19572.211999999992,-50603.532,81.065,-298.217,-70477.033,-75397.534,2,3,-12346184,-5133.733,-12303.519,22.4,-4882,66593,97058,,-2891.806,69865.83300000001,102352.76400000002,50447.94400000002,34.82,15.22,12.07,21.53,true,false,-14.36,-10.61,中期趨勢仍向下；投信5/10日持續且具金額意義的賣超；20日趨勢尚未上彎；當下除權息調整價未守20日EMA；估值高且成長不足以支撐
256,2302,麗正,TWSE,半導體業,暫不承接,停止加碼／開始減碼,已有部位先停止加碼。反彈若仍未站回 40.70，分批降低部位；只有站回且ETF／外資賣壓收斂後才重新評估。,47.7,85,35.45,36.13,45.71,22.13,7.43,33.36,146.92,0.25,42.34,3.11,1.05,1,2,2,13,246,246,0,341.765,-239.48000000000002,-96.49499999999989,-3517.2590000000005,2,13,246,246,3,0,434850,3.2569999999999903,-40.998000000000005,1.02,310,-232,-261,,364.763,-255.73700000000008,-301.49699999999973,-3740.2219999999998,39.23,15.78,20.45,6.42,false,false,-12.91,-17.56,中期趨勢仍向下；外資持股5/10日下降，且外資5日賣超；20日趨勢尚未上彎；當下除權息調整價未守20日EMA；單季稅前獲利對營業外貢獻依賴偏高
257,6278,台表科,TWSE,光電業,暫不承接,停止加碼／開始減碼,已有部位先停止加碼。反彈若仍未站回 176.53，分批降低部位；只有站回且ETF／外資賣壓收斂後才重新評估。,47.6,100,135,136.25,9.24,3.13,5.77,58.08,140.83,2.17,14.9,1.7,4.26,8,-362,-666,-658,-644,4372,-655,311.617,3625.93,3439.8700000000003,-8098.9209999999985,-359,-655,-1093,831,2,2,-85477500,-137.006,-306.258,17.16,883,4350,4896,,690.949,4417.936000000001,4839.128000000001,-7737.341999999999,28.58,12.48,13.74,9.94,false,false,-17.89,-15.36,中期趨勢仍向下；ETF短中期同步減碼；20日累積後5日轉為調節；ETF 1/3日已轉為減碼；主動ETF 5日轉為減碼；20日趨勢尚未上彎；當下除權息調整價未守20日EMA
258,1409,新纖,TWSE,紡織纖維,暫不承接,暫停加碼／跌破減碼,已有部位暫停加碼；若收盤跌破60日EMA約 23.31，且下一交易日仍未收復，先減碼三分之一；若ETF或外資繼續轉弱，再分批降低部位。,47.5,100,20.75,20.78,13.44,9.32,,77.76,102.04,0.39,14.96,0.78,4.46,2,0,-8,-8,20,2153,0,-2440.736,2106.253,-1830.86,-27043.56,10,27,53,2164,3,1,545400,-539.17,-997.5149999999999,11.56,-3080,5978,1940,,-2423.362,2618.4230000000002,-886.3449999999996,-27604.48200000001,34.78,12.91,13.99,10.75,false,false,-12.5,-11.13,中期趨勢仍向下；20日累積後5日轉為調節；20日趨勢尚未上彎；當下除權息調整價未守20日EMA
259,2371,大同,TWSE,電機機械,暫不承接,暫停加碼／跌破減碼,已有部位暫停加碼；若收盤跌破60日EMA約 27.93，且下一交易日仍未收復，先減碼三分之一；若ETF或外資繼續轉弱，再分批降低部位。,47.4,100,24.45,24.28,16.64,4.03,3.77,62.06,193.93,-0.05,,1.04,,4,0,9,9,-1049,-449,0,649.146,1959.1819999999996,885.3499999999995,12846.723,0,9,-1049,-448.1500000000001,2,0,211500,-473.432,-687.581,5.95,-391,-1612,-9200,,608.065,2423.6139999999996,2621.9309999999996,13816.293,35.29,18.89,17.85,20.95,true,false,-5.94,-5.23,中期趨勢仍向下；ETF加碼，但外資持股5/10日同步下降；20日趨勢尚未上彎；當下除權息調整價未守20日EMA
260,3714,富采,TWSE,光電業,暫不承接,暫停加碼／跌破減碼,已有部位暫停加碼；若收盤跌破60日EMA約 59.68，且下一交易日仍未收復，先減碼三分之一；若ETF或外資繼續轉弱，再分批降低部位。,47.3,100,47.7,47.55,18.97,1.73,-5.84,18.47,365.22,-0.2,,0.8,1.98,2,0,0,0,0,0,0,161.681,1736.7859999999998,6894.735000000001,7209.5599999999995,0,0,0,0,0,0,0,-37.597,-305.906,12.88,103,5632,11552,,125.65,1774.3829999999998,7200.641,7264.196999999997,32.53,17.53,18.12,16.34,false,false,-12.34,-12.64,中期趨勢仍向下；20日趨勢尚未上彎；當下除權息調整價未守20日EMA
261,3042,晶技,TWSE,電子零組件業,暫不承接,停止加碼／開始減碼,已有部位先停止加碼。反彈若仍未站回 175.60，分批降低部位；只有站回且ETF／外資賣壓收斂後才重新評估。,47.2,100,144,147,19.98,7.73,15.08,32.91,231.24,1.32,26.15,3.08,3.5,8,-115,-115,-139,-655,-451,-115,901.558,4363.388999999999,7971.018,-5484.910999999999,-113,-1306,-3801,-826,0,3,-178922000,-776.0279999999999,-698.6589999999999,20.34,1260,5799,11665,,1196.226,6445.4169999999995,12470.677,-897.8450000000048,35.24,13.65,13.12,14.71,true,false,-14.75,-12.73,中期趨勢仍向下；ETF短中期同步減碼；ETF 1/3日已轉為減碼；主動ETF 5日轉為減碼；投信5/10日持續且具金額意義的賣超；20日趨勢尚未上彎；當下除權息調整價未守20日EMA
262,8996,高力,TWSE,電機機械,暫不承接,停止加碼／開始減碼,"已有部位先停止加碼。反彈若仍未站回 1,137.55，分批降低部位；只有站回且ETF／外資賣壓收斂後才重新評估。",47.2,100,855,855,37.56,128.96,20.71,47.81,160.65,6.54,55.49,15.58,0.59,17,2,31,7,139,-591,-7,-46.866,544.755,-388.12699999999995,-1252.9189999999999,10.901,-1086.099,-963.1899999999999,-2101.3239999999996,2,3,-844985022,84.348,272.241,38.38,-64,1581,417,,-78.711,1546.5059999999999,302.82199999999983,621.9369999999999,33.69,14.23,15.89,10.92,false,false,-18.79,-14.93,中期趨勢仍向下；主動ETF 5日轉為減碼；投信5/10日持續且具金額意義的賣超；20日趨勢尚未上彎；當下除權息調整價未守20日EMA
263,2313,華通,TWSE,電子零組件業,暫不承接,停止加碼／開始減碼,已有部位先停止加碼。反彈若仍未站回 226.22，分批降低部位；只有站回且ETF／外資賣壓收斂後才重新評估。,47.1,100,169,169,20.96,13.2,9.92,49.86,156.65,1.26,27.16,3.92,1.82,17,10,119,137,204,956,0,-1954.194,6327.114000000001,-7860.260999999997,-16.672999999996136,12,-5870.41,-5023.41,8666.59,1,4,-904043140,-599.136,-3151.532,19.09,-1396,13593,14507,,-2023.556,12796.66,314.6809999999987,-5176.779,35.32,14.31,16.88,9.18,false,false,-16.9,-16.13,中期趨勢仍向下；投信5/10日持續且具金額意義的賣超；外資持股趨勢資料不足或期間有非市場異動；20日趨勢尚未上彎；當下除權息調整價未守20日EMA
264,3563,牧德,TWSE,光電業,暫不承接,暫停加碼／跌破減碼,已有部位暫停加碼；若收盤跌破60日EMA約 712.62，且下一交易日仍未收復，先減碼三分之一；若ETF或外資繼續轉弱，再分批降低部位。,47.1,100,594,597,15.62,8.47,38.68,29.36,306.97,4.61,32.92,6.47,2.5,3,0,0,0,-71,135,0,84.139,-107.59199999999997,56.23800000000004,-143.11799999999988,1,3,-44,249,3,0,1683000,-115.35999999999999,-180.96999999999997,7.46,139,117,162,,103.367,4.768000000000001,281.208,-220.079,37.96,27.23,33.57,14.55,false,true,-9.69,-10.94,中期趨勢仍向下；20日趨勢尚未上彎；當下除權息調整價未守20日EMA
265,6442,光聖,TWSE,通信網路業,暫不承接,停止加碼／開始減碼,"已有部位先停止加碼。反彈若仍未站回 1,611.21，分批降低部位；只有站回且ETF／外資賣壓收斂後才重新評估。",47.1,100,1140,1147.5,1.65,27.4,26.4,53.24,215.86,7.82,39.61,11.6,1.07,10,1,3,17,-8,170,14,121.645,-399.1859999999999,-1250.0119999999997,-197.52399999999955,-5,68,102.12299999999999,229.248,4,1,71400000,-49.18000000000001,-57.362000000000016,33.57,254,-151,-308,,196.753,-418.006,-1294.773,-223.4479999999998,35.13,22.9,27.57,13.56,false,false,-15.18,-13.96,中期趨勢仍向下；外資持股5/10日下降，且外資5日賣超；20日趨勢尚未上彎；當下除權息調整價未守20日EMA
266,2645,長榮航太,TWSE,航運業,暫不承接,暫停加碼／跌破減碼,已有部位暫停加碼；若收盤跌破60日EMA約 188.69，且下一交易日仍未收復，先減碼三分之一；若ETF或外資繼續轉弱，再分批降低部位。,47,100,183,181.25,13.01,12.44,23.83,48.63,239.47,2.58,26.87,5.21,2.84,6,36,97,94,-37,-81,0,23.718,495.1780000000001,2747.039,4100.014999999999,2,8,-2916,-3418.9,3,0,1408000,34.863,-123.10499999999999,10.67,9,139,5475,,4.408,452.31499999999994,5786.144,7599.543,41.93,11.36,11.97,10.14,false,false,-8.15,-6.87,中期趨勢仍向下；20日趨勢尚未上彎；當下除權息調整價未守20日EMA
267,1513,中興電,TWSE,電機機械,暫不承接,暫停加碼／跌破減碼,已有部位暫停加碼；若收盤跌破60日EMA約 164.05，且下一交易日仍未收復，先減碼三分之一；若ETF或外資繼續轉弱，再分批降低部位。,46.9,100,154.5,153.75,8.31,3.48,18.54,55.13,111.04,1.94,17.86,3.37,4.08,12,44,140,134,-2154,-2012,0,31.658,-3496.937,-4085.0450000000005,-2083.3220000000006,-10.495,-8.495,-2964.273,-3294.154000000001,2,2,-1248765,-485.366,-605.763,9.91,-21,-3280,146,,36.966,-3003.076,-515.0090000000002,437.1039999999998,40.57,24.29,22.38,28.11,true,false,-3.86,-2.22,中期趨勢仍向下；20日趨勢尚未上彎；當下除權息調整價未守20日EMA
268,2049,上銀,TWSE,電機機械,暫不承接,停止加碼／開始減碼,已有部位先停止加碼。反彈若仍未站回 320.92，分批降低部位；只有站回且ETF／外資賣壓收斂後才重新評估。,46.9,100,304,302.5,31.62,18.05,9.88,31.29,229.46,1.64,61.66,2.67,0.71,10,1,2,-17,-105,-230,-19,111.857,-177.65900000000002,-3.13900000000001,575.8589999999999,2.738,-78.262,-115.61500000000001,-417.524,1,3,-22148146,-130.233,-225.509,36.58,355,-333,306,,142.4,30.836000000000006,337.9849999999999,1220.7590000000002,44.76,34.13,33.78,34.83,true,true,-3.32,-2.88,中期趨勢仍向下；ETF短中期同步減碼；主動ETF 5日轉為減碼；投信5/10日持續且具金額意義的賣超；20日趨勢尚未上彎；當下除權息調整價未守20日EMA
269,2329,華泰,TWSE,半導體業,暫不承接,停止加碼／開始減碼,已有部位先停止加碼。反彈若仍未站回 50.90，分批降低部位；只有站回且ETF／外資賣壓收斂後才重新評估。,46.7,100,40.1,40.13,3.62,10.66,5.61,49.35,135.61,0.33,16.76,1.51,2.66,4,9,9,9,325,325,0,-1169.429,-3214.397,-6713.432999999999,-18089.724,9,9,325,325,1,0,337950,-615.455,-886.973,9.02,-1156,-1906,-3314,,-1138.197,-2607.942,-6151.459999999999,-16673.300999999996,34.07,17.12,19.73,11.89,false,false,-12.24,-10.99,中期趨勢仍向下；外資持股5/10日下降，且外資5日賣超；20日趨勢尚未上彎；當下除權息調整價未守20日EMA
270,2355,敬鵬,TWSE,電子零組件業,暫不承接,暫停加碼／跌破減碼,已有部位暫停加碼；若收盤跌破60日EMA約 49.02，且下一交易日仍未收復，先減碼三分之一；若ETF或外資繼續轉弱，再分批降低部位。,46.6,100,36.15,36.17,4.44,4.61,4.8,27.67,241.35,0.62,20.41,0.77,2.9,1,0,0,0,-578,-607,0,-739.598,480.952,1323.629,3205.496,0,0,-578,-607,0,0,0,-396.434,-822.852,17.18,-287,5457,7277,,-671.972,877.3859999999999,2724.4809999999998,5265.754000000001,24.46,11.46,11.51,11.36,false,false,-16.59,-11.83,中期趨勢仍向下；20日趨勢尚未上彎；當下除權息調整價未守20日EMA；借券賣出與借券賣出餘額壓力升高
271,2439,美律,TWSE,通信網路業,暫不承接,暫停加碼／跌破減碼,已有部位暫停加碼；若收盤跌破60日EMA約 87.31，且下一交易日仍未收復，先減碼三分之一；若ETF或外資繼續轉弱，再分批降低部位。,46.5,100,80.9,80.75,0.15,11.89,1.88,55.01,162.61,1.03,16.44,1.21,4.94,6,0,0,0,-10,-777,0,-30.295,-1102.867,-2876.6040000000003,-5918.200000000001,0,0,-10.501999999999999,-776.6759999999999,0,0,0,-165.618,-378.427,11,-2,307,-506,,-1.395,-937.249,-2487.675,-4522.025999999999,31.58,20.63,23.21,15.47,false,true,-4.29,-2.41,中期趨勢仍向下；20日趨勢尚未上彎；當下除權息調整價未守20日EMA；單季稅前獲利對營業外貢獻依賴偏高
272,2464,盟立,TWSE,其他電子業,暫不承接,暫停加碼／跌破減碼,已有部位暫停加碼；若收盤跌破60日EMA約 143.57，且下一交易日仍未收復，先減碼三分之一；若ETF或外資繼續轉弱，再分批降低部位。,46.5,100,133,134.5,43.05,19.87,2.24,55.04,125.76,0.24,,5.03,0.41,1,0,0,0,0,-44,0,-167.821,581.9010000000001,2814.0150000000003,-5081.632,150,430,430,386,2,0,52675000,-357.26199999999994,-574.953,7.95,-7,1146,2859,,-373.265,509.163,2958.968,-4161.628000000001,41.18,25.46,23.19,30,true,false,-8.37,-9.22,中期趨勢仍向下；外資持股趨勢資料不足或期間有非市場異動；20日趨勢尚未上彎；當下除權息調整價未守20日EMA
273,2481,強茂,TWSE,半導體業,暫不承接,停止加碼／開始減碼,已有部位先停止加碼。反彈若仍未站回 149.90，分批降低部位；只有站回且ETF／外資賣壓收斂後才重新評估。,46.5,100,114,113.75,27.37,13.98,6.5,48.21,180.12,0.75,33.97,2.82,1.68,4,0,0,4,-561,-254,4,-2454.423,-2501.1409999999996,-14217.775,-17385.652000000002,4,-11724,-10153,-15016.8,1,4,-1254468000,-1301.205,-2401.332,23.03,-2033,9397,-3231,,-2017.544,10524.064,-1663.4430000000002,163.26599999999925,33.57,8.24,7.62,9.49,true,false,-23,-18.57,中期趨勢仍向下；投信5/10日持續且具金額意義的賣超；20日趨勢尚未上彎；當下除權息調整價未守20日EMA
274,6449,鈺邦,TWSE,電子零組件業,暫不承接,暫停加碼／跌破減碼,已有部位暫停加碼；若收盤跌破60日EMA約 284.38，且下一交易日仍未收復，先減碼三分之一；若ETF或外資繼續轉弱，再分批降低部位。,46.5,85,206,206.5,23.29,22.31,19.21,41.31,128.28,2.11,24.9,3.06,2.19,1,0,0,0,44,44,0,-68.984,443.835,1211.087,2112.7019999999998,0,0,44,-130,0,0,0,-25.235000000000003,-41,7.36,-20,524,1247,,-55.203,469.06999999999994,1208.087,2333.21,32.85,13.21,12.18,15.27,true,false,-21.27,-14.7,中期趨勢仍向下；20日趨勢尚未上彎；當下除權息調整價未守20日EMA
275,6526,達發,TWSE,半導體業,暫不承接,暫停加碼／跌破減碼,已有部位暫停加碼；若收盤跌破60日EMA約 613.12，且下一交易日仍未收復，先減碼三分之一；若ETF或外資繼續轉弱，再分批降低部位。,46.4,100,517,519,14.4,9.3,14.96,28.83,249.76,4.47,28.3,4.61,2.74,15,0,6,7,41,421,0,-165.79,-77.68199999999996,137.94900000000004,262.5930000000001,-14,-74,-40,378.3,3,2,-36482000,-17.849,-32.512,7.19,-149,-153,37,,-144.074,14.166999999999987,210.46099999999998,-6.8070000000000235,34.36,19.81,21.43,16.58,false,false,-11.45,-11.93,中期趨勢仍向下；20日趨勢尚未上彎；當下除權息調整價未守20日EMA
276,1722,台肥,TWSE,化學工業,暫不承接,暫停加碼／跌破減碼,已有部位暫停加碼；若收盤跌破60日EMA約 47.03，且下一交易日仍未收復，先減碼三分之一；若ETF或外資繼續轉弱，再分批降低部位。,46.3,100,46.25,46.1,-10.47,6.42,-1.3,34.15,398.51,0.19,44.04,0.82,4.37,4,3,-1,-1,12,4,0,955.76,1824.83,816.9250000000001,4822.7880000000005,10,23,34,19,3,1,1053400,92.72500000000001,97.114,8.79,1221,1960,740,,946.891,1709.1049999999998,685.8109999999998,4702.585,43.84,25.09,17.81,39.64,true,false,-1.12,-0.43,中期趨勢仍向下；20日累積後5日轉為調節；20日趨勢尚未上彎；當下除權息調整價未守20日EMA；單季稅前獲利對營業外貢獻依賴偏高
277,4958,臻鼎-KY,TWSE,電子零組件業,暫不承接,停止加碼／開始減碼,已有部位先停止加碼。反彈若仍未站回 498.66，分批降低部位；只有站回且ETF／外資賣壓收斂後才重新評估。,46.1,100,413,413.5,32.83,13.89,6.15,41.45,158.83,1.33,53.03,3.2,0.91,40,-238,604,827,785,827,-614,-5994.295,4504.813999999999,-15483.444000000001,-11211.975999999999,-831.746,-3836.9869999999996,-4291.491999999999,-1751.7339999999992,1,4,-1442707112,757.821,-999.2740000000001,57.95,-5373,4997,-13640,,-5153.037,7583.98,-10192.678,-8295.829000000003,37.42,13.77,14.01,13.31,false,false,-17.18,-14.32,中期趨勢仍向下；主動ETF 5日轉為減碼；投信5/10日持續且具金額意義的賣超；20日趨勢尚未上彎；當下除權息調整價未守20日EMA
278,2369,菱生,TWSE,半導體業,暫不承接,停止加碼／開始減碼,已有部位先停止加碼。反彈若仍未站回 35.00，分批降低部位；只有站回且ETF／外資賣壓收斂後才重新評估。,45.7,100,28.8,28.78,36.52,37.3,1.56,34.01,247.52,0.1,,2.08,,1,0,0,0,0,0,0,-833.486,-7165.393,-19298.005999999998,-28987.818,0,0,0,0,0,0,0,-551.821,-1422.554,14.63,-103,-4861,-14225,,-749.399,-6613.572,-17875.452,-27687.719000000005,36.24,11.64,11.61,11.71,true,false,-15.55,-12.46,中期趨勢仍向下；外資持股5/10日下降，且外資5日賣超；20日趨勢尚未上彎；當下除權息調整價未守20日EMA；借券賣出與借券賣出餘額壓力升高
279,5234,達興材料,TWSE,光電業,暫不承接,暫停加碼／跌破減碼,已有部位暫停加碼；若收盤跌破60日EMA約 371.03，且下一交易日仍未收復，先減碼三分之一；若ETF或外資繼續轉弱，再分批降低部位。,45.7,100,313,312,21.77,10.01,20.1,41.63,176.52,2.21,38.12,9.77,2.21,4,0,0,0,3,0,0,-67.45,-257.38599999999997,-640.8639999999999,-1153.966,1,3,-24,-27,3,0,880500,-377.884,-416.89300000000003,9.19,22,262,-122,,-70.996,117.49800000000002,-199.97099999999998,-688.4339999999999,34.64,23.21,16.08,37.48,true,false,-8.18,-5.01,中期趨勢仍向下；20日趨勢尚未上彎；當下除權息調整價未守20日EMA
280,6472,保瑞,TWSE,生技醫療業,暫不承接,暫停加碼／跌破減碼,已有部位暫停加碼；若收盤跌破60日EMA約 409.98，且下一交易日仍未收復，先減碼三分之一；若ETF或外資繼續轉弱，再分批降低部位。,45.7,100,388.5,387.25,39.22,-1.14,10.18,63.32,138.18,0.21,30.43,3.36,2.6,2,0,0,0,-2,-4,0,288.958,533.323,491.768,-7.572000000000088,1,3,1,-1,3,0,1152000,-48.623,-156.95299999999997,11.03,290,591,274,,276.173,578.9459999999999,647.7209999999999,44.799999999999926,44.17,24.54,20.18,33.26,true,false,-3.07,-1.02,中期趨勢仍向下；外資持股趨勢資料不足或期間有非市場異動；20日趨勢尚未上彎；當下除權息調整價未守20日EMA；2日內除權息，等待價格重置
281,4585,達明,TWSE,其他電子業,暫不承接,停止加碼／開始減碼,已有部位先停止加碼。反彈若仍未站回 312.90，分批降低部位；只有站回且ETF／外資賣壓收斂後才重新評估。,45.6,100,277.5,278.25,41.88,11.7,5.4,11.23,441.99,0.65,204.55,4.11,0.37,2,0,0,0,0,0,0,-14.254,-73.767,-179.612,-14.154999999999973,1,3,3,3,3,0,810000,-37.82,-47.347,0.37,14,-4,-51,,7,-38.946999999999996,-135.265,-16.689999999999998,36.76,14.74,17.04,10.13,false,false,-7.44,-7.5,中期趨勢仍向下；外資持股5/10日下降，且外資5日賣超；20日趨勢尚未上彎；當下除權息調整價未守20日EMA；單季稅前獲利對營業外貢獻依賴偏高
282,9907,統一實,TWSE,其他,暫不承接,停止加碼／開始減碼,已有部位先停止加碼。反彈若仍未站回 15.89，分批降低部位；只有站回且ETF／外資賣壓收斂後才重新評估。,45.6,100,15.45,15.43,-6.1,-12.63,3.84,32.66,229.48,0.17,13.83,1.09,7.69,5,0,-33,-588,-5133,-8538,-555,2379.056,5726.832,6206.657,12364.325999999997,9,-556.351,-4567.583,-7980.517999999999,2,2,-8539988,221.90699999999998,64.96399999999997,15.79,3048,6714,9661,,2451.056,6061.276,10709.276,20209.469,51.91,75.9,63.51,100.68,false,false,0.92,1.98,累計營收負成長且當月改善不足；中期趨勢仍向下；ETF短中期同步減碼；主動ETF 5日轉為減碼；20日趨勢尚未上彎
283,2402,毅嘉,TWSE,電子零組件業,暫不承接,暫停加碼／跌破減碼,已有部位暫停加碼；若收盤跌破60日EMA約 62.11，且下一交易日仍未收復，先減碼三分之一；若ETF或外資繼續轉弱，再分批降低部位。,45.5,100,50.9,50.85,21.7,16.07,2.87,55.67,145.67,0.07,24.82,2.09,4.13,2,0,0,0,42,61,0,-101.068,-438.312,-1531.094,-4438.4710000000005,0,0,42,61,0,0,0,-385.232,-770.294,4.71,-165,245,-692,,-56.905,-53.08000000000004,-802.8000000000001,-3298.7409999999995,31.51,16.83,17.2,16.08,false,false,-12.38,-12.24,中期趨勢仍向下；20日趨勢尚未上彎；當下除權息調整價未守20日EMA
284,2353,宏碁,TWSE,電腦及週邊設備業,暫不承接,停止加碼／開始減碼,已有部位先停止加碼。反彈若仍未站回 31.27，分批降低部位；只有站回且ETF／外資賣壓收斂後才重新評估。,45.4,100,29.1,28.98,-3.02,23.35,1.11,64.82,129.54,0.23,21.14,1.15,4.66,15,394,1108,1208,-14940,-48427,0,-4611.683,-12303.078,-3470.897000000001,27640.540999999997,41.507,297.277,-18665.754,-55497.705,5,0,8294028,-81.54700000000005,2778.282,12.04,-4685,-15293,-11541,,-4603.154,-12518.808,12416.574999999999,76270.08099999999,40.03,29.55,29.11,30.43,true,false,-4.27,-3.16,中期趨勢仍向下；外資持股5/10日下降，且外資5日賣超；20日趨勢尚未上彎；當下除權息調整價未守20日EMA；單季稅前獲利對營業外貢獻依賴偏高
285,2312,金寶,TWSE,其他電子業,暫不承接,暫停加碼／跌破減碼,已有部位暫停加碼；若收盤跌破60日EMA約 32.27，且下一交易日仍未收復，先減碼三分之一；若ETF或外資繼續轉弱，再分批降低部位。,45.2,100,29.35,29.38,32.7,-5.29,2.47,70.62,122.81,0.35,26.59,1.85,2.17,4,15,24,24,134,31,0,-616.906,-1808.9520000000002,3375.2739999999994,6774.966999999998,15,24,134,31,2,0,663600,-1661.446,-2851.5049999999997,7.75,253,245,6006,,-211.611,-171.50600000000009,6092.779,9244.839000000002,39.81,24.77,29.83,14.63,false,false,-7.78,-7.85,中期趨勢仍向下；20日趨勢尚未上彎；當下除權息調整價未守20日EMA
286,6271,同欣電,TWSE,半導體業,暫不承接,停止加碼／開始減碼,已有部位先停止加碼。反彈若仍未站回 211.35，分批降低部位；只有站回且ETF／外資賣壓收斂後才重新評估。,45.2,100,155.5,156.5,10.56,1.65,13.96,23.83,258.7,1.89,16.76,1.14,2.01,3,-248,-496,-709,-770,-558,-709,-1197.391,-2022.5059999999999,-2039.3029999999999,-11684.726999999999,-439,-2701,-3269,-3936,0,5,-402449000,-6.820000000000004,-334.44399999999996,31.35,-759,-25,563,,-880.307,685.314,1564.141,-5748.907000000001,30.29,11.29,10.19,13.49,true,false,-21.47,-17.72,中期趨勢仍向下；ETF短中期同步減碼；ETF 1/3日已轉為減碼；主動ETF 5日轉為減碼；投信5/10日持續且具金額意義的賣超；20日趨勢尚未上彎；當下除權息調整價未守20日EMA
287,4764,雙鍵,TWSE,化學工業,暫不承接,停止加碼／開始減碼,已有部位先停止加碼。反彈若仍未站回 286.76，分批降低部位；只有站回且ETF／外資賣壓收斂後才重新評估。,45.1,100,260,255,22.36,26.34,14.65,51.67,136.61,1.03,125.8,8.35,0.42,1,0,0,0,0,53,0,641.022,1399.842,3169.2250000000004,3914.6000000000004,500,2060,3928,5771,4,0,487190000,-122.67599999999997,-162.74599999999998,26.26,207,-324,-750,,158.53,-537.482,-596.0289999999998,-1696.4319999999998,43.89,20.75,21.18,19.89,false,false,-9.33,-6.98,中期趨勢仍向下；外資持股5/10日下降，且外資5日賣超；20日趨勢尚未上彎；當下除權息調整價未守20日EMA；估值高且成長不足以支撐
288,6257,矽格,TWSE,半導體業,暫不承接,停止加碼／開始減碼,已有部位先停止加碼。反彈若仍未站回 213.29，分批降低部位；只有站回且ETF／外資賣壓收斂後才重新評估。,45.1,100,184,184.75,21,18.08,22.37,44.09,185.48,2.1,25.93,3.84,2.45,13,-10,216,29,-577,-382,-153,395.653,-3635.2249999999995,-8591.020999999999,-12648.432999999997,-6.461,-231.301,-762.496,-225.5399999999999,2,3,-40130723,-393.921,-609.58,29.84,294,-3305,-7261,,395.213,-3010.0029999999997,-7218.945,-11306.014999999998,35.89,17.18,22.56,6.4,false,false,-13.53,-15.21,中期趨勢仍向下；主動ETF 5日轉為減碼；投信5/10日持續且具金額意義的賣超；外資持股5/10日下降，且外資5日賣超；20日趨勢尚未上彎；當下除權息調整價未守20日EMA
289,6282,康舒,TWSE,電子零組件業,暫不承接,暫停加碼／跌破減碼,已有部位暫停加碼；若收盤跌破60日EMA約 52.70，且下一交易日仍未收復，先減碼三分之一；若ETF或外資繼續轉弱，再分批降低部位。,45,100,41.4,41.38,28.28,24.91,2.93,56.18,135.55,0.27,77.7,1.48,2.06,4,0,4,4,0,3314,0,-1679.459,-189.24800000000005,-2851.944,-23077.4,0,4,0,3314,2,0,155400,-194.867,-952.3729999999999,12.87,-1308,-2091,-3622,,-1544.528,1.6189999999999145,-1899.571,-25604.105,32.4,15,14.28,16.43,true,false,-14.99,-12.2,中期趨勢仍向下；ETF加碼，但外資持股5/10日同步下降；20日趨勢尚未上彎；當下除權息調整價未守20日EMA
290,6412,群電,TWSE,電子零組件業,暫不承接,暫停加碼／跌破減碼,已有部位暫停加碼；若收盤跌破60日EMA約 87.13，且下一交易日仍未收復，先減碼三分之一；若ETF或外資繼續轉弱，再分批降低部位。,45,100,79.1,78.1,-0.77,-7.65,4.29,57.97,135.6,1.01,14.5,2.09,4.91,5,7,7,7,4,-104,0,-117.549,-165.029,-277.279,-2363.9809999999998,7,7,4.45,-103.587,1,0,527800,-155.305,-285.692,5.65,-83,143,350,,-84.783,-16.724000000000004,3.963000000000001,-1677.5849999999996,39.14,29.9,26,37.7,true,true,-4.73,-2.71,累計營收負成長且當月改善不足；中期趨勢仍向下；20日趨勢尚未上彎；當下除權息調整價未守20日EMA
291,6719,力智,TWSE,半導體業,暫不承接,暫停加碼／跌破減碼,已有部位暫停加碼；若收盤跌破60日EMA約 233.15，且下一交易日仍未收復，先減碼三分之一；若ETF或外資繼續轉弱，再分批降低部位。,45,100,195,195.25,-3.56,-4.78,18.44,15.94,1465.57,2.1,26.18,1.38,2.45,2,0,1,1,1,1,0,62.395,-180.74099999999999,-471.73,-1426.7590000000002,1,4,4,4,4,0,752000,-183.36899999999997,-229.46399999999994,7.02,153,355,27,,71.459,-1.3719999999999999,-246.26599999999996,-1018.9970000000001,35.43,14.7,19.84,4.42,false,false,-15.26,-16.13,累計營收負成長且當月改善不足；中期趨勢仍向下；20日趨勢尚未上彎；當下除權息調整價未守20日EMA
292,6789,采鈺,TWSE,半導體業,暫不承接,暫停加碼／跌破減碼,已有部位暫停加碼；若收盤跌破60日EMA約 483.78，且下一交易日仍未收復，先減碼三分之一；若ETF或外資繼續轉弱，再分批降低部位。,44.9,100,419,416.5,15.55,9.04,22.83,15.27,482.54,1.5,82.8,6.48,0.78,8,-1,11,8,-135,-132,0,-122.351,1081.8680000000002,1751.2090000000003,2655.344,1,14,-129,-335.7,4,1,5390000,-155.64600000000002,-300.91700000000003,4.65,-56,1138,2494,,-129.097,1223.5140000000001,2181.1260000000007,3248.8959999999997,38.81,19.92,22.93,13.9,false,false,-10.23,-10.85,中期趨勢仍向下；20日趨勢尚未上彎；當下除權息調整價未守20日EMA；估值高且成長不足以支撐
293,3704,合勤控,TWSE,通信網路業,暫不承接,停止加碼／開始減碼,已有部位先停止加碼。反彈若仍未站回 44.78，分批降低部位；只有站回且ETF／外資賣壓收斂後才重新評估。,44.5,100,40.75,40.73,47.87,13.91,1.83,49.3,172.53,0.29,34.7,1.38,1,1,0,0,0,0,0,0,-5.504,-720.954,-961.385,4374.97,0,0,0,0,0,0,0,-48.962,13.587000000000003,14.44,172,-493,-795,,13.909,-671.992,-974.9719999999999,4297.6720000000005,37.9,17.83,25.98,1.53,false,false,-8.99,-12.93,中期趨勢仍向下；外資持股5/10日下降，且外資5日賣超；20日趨勢尚未上彎；當下除權息調整價未守20日EMA
294,4968,立積,TWSE,半導體業,暫不承接,暫停加碼／跌破減碼,已有部位暫停加碼；若收盤跌破60日EMA約 107.59，且下一交易日仍未收復，先減碼三分之一；若ETF或外資繼續轉弱，再分批降低部位。,44.5,100,95.1,95.7,-1.09,5.31,2.14,23.34,416.64,0.58,29.93,2.91,1.81,2,0,3,3,3,9,0,230.929,-207.882,-939.855,-1442.3809999999999,0,3,3,9,1,0,265800,-55.037000000000006,-87.146,4.12,271,446,343,,236.246,-155.84499999999997,-855.7089999999998,-1304.147,39.31,32.46,22.33,52.73,true,false,-5.22,-2.36,中期趨勢仍向下；20日趨勢尚未上彎；當下除權息調整價未守20日EMA；官方重大訊息出現高風險關鍵字，須查原文；單季稅前獲利對營業外貢獻依賴偏高
295,6213,聯茂,TWSE,電子零組件業,暫不承接,停止加碼／開始減碼,已有部位先停止加碼。反彈若仍未站回 310.38，分批降低部位；只有站回且ETF／外資賣壓收斂後才重新評估。,44.5,100,263,263,47.94,25.62,4.64,47.16,179.33,0.87,58.56,4.13,1.25,12,-52,-200,-30,613,941,-73,-1175.289,-4867.311,-11468.785,-17081.765,-332,-1987,975,5311.2,0,5,-475886500,-837.171,-1240.9800000000002,15.29,-811,-1718,-9513,,-690.928,-2043.1400000000003,-11202.805,-21012.338,38.36,10.38,13.06,5.03,false,false,-15.26,-15.02,中期趨勢仍向下；20日累積後5日轉為調節；ETF 1/3日已轉為減碼；主動ETF 5日轉為減碼；投信20日買超後近5日轉賣；外資持股5/10日下降，且外資5日賣超；20日趨勢尚未上彎；當下除權息調整價未守20日EMA
296,3189,景碩,TWSE,半導體業,暫不承接,停止加碼／開始減碼,已有部位先停止加碼。反彈若仍未站回 706.23，分批降低部位；只有站回且ETF／外資賣壓收斂後才重新評估。,44.4,100,635,635,32.27,29.79,8.02,38.47,187.51,1.17,162.82,7.06,0.26,22,220,284,318,193,324,301,-940.148,-4297.008,-4370.568999999999,-9027.713,196.385,-796.501,2866.075,2607.1429999999996,2,3,-460377578,-407.39599999999996,-1835.582,20.04,-1248,-3426,-5358,,-940.764,-3093.111,-5401.062,-10192.992,42.82,21.92,24.57,16.61,false,false,-10.09,-10.69,中期趨勢仍向下；投信20日買超後近5日轉賣；外資持股5/10日下降，且外資5日賣超；20日趨勢尚未上彎；當下除權息調整價未守20日EMA
297,2327,國巨*,TWSE,電子零組件業,暫不承接,停止加碼／開始減碼,已有部位先停止加碼。反彈若仍未站回 706.92，分批降低部位；只有站回且ETF／外資賣壓收斂後才重新評估。,44.3,100,502,502,38.91,29.35,25.19,57.9,116.8,3.9,35.94,5.63,1.31,41,-1995,-1092,-2594,-3561,-2879,-3854,-926.648,-4366.933999999999,-17747.136,-32748.928,-5718.291,-13920.190999999999,-18244.681,-28652.922,0,5,-6354567191,-1352.259,-2214.835,48.39,6472,9771,1088,,6347.077,10905.516000000001,2712.3800000000006,3442.1410000000005,30.39,9.03,9.87,7.36,false,false,-27.16,-21.81,中期趨勢仍向下；ETF短中期同步減碼；ETF 1/3日已轉為減碼；主動ETF 5日轉為減碼；投信5/10日持續且具金額意義的賣超；外資持股趨勢資料不足或期間有非市場異動；20日趨勢尚未上彎；當下除權息調整價未守20日EMA
298,3059,華晶科,TWSE,光電業,暫不承接,暫停加碼／跌破減碼,已有部位暫停加碼；若收盤跌破60日EMA約 43.26，且下一交易日仍未收復，先減碼三分之一；若ETF或外資繼續轉弱，再分批降低部位。,44.1,100,37.7,37.7,3.02,7.47,4.96,37.56,187.36,0.26,29.47,1.12,2.76,2,0,0,0,0,-1,0,-63.289,413.12399999999997,1209.608,5414.455,0,0,0,-1,0,0,0,-209.41,-599.754,8.14,68,867,2198,,-24.056,622.534,1809.362,6602.384,32.12,13.39,11.42,17.33,true,false,-9.54,-5.75,中期趨勢仍向下；20日趨勢尚未上彎；當下除權息調整價未守20日EMA
299,3715,定穎投控,TWSE,電子零組件業,暫不承接,暫停加碼／跌破減碼,已有部位暫停加碼；若收盤跌破60日EMA約 149.67，且下一交易日仍未收復，先減碼三分之一；若ETF或外資繼續轉弱，再分批降低部位。,43.9,100,98.8,99.55,45.48,36.23,2.32,72.15,133.12,-0.74,93.71,2.4,1.19,2,0,0,0,-417,-437,0,-1461.778,4155.264,6195.576000000001,-10791.671999999999,-120,-120,-510,-1102.1,0,1,-10908000,-449.942,-709.0740000000001,13.2,-1827,3930,8177,,-1243.029,4725.205999999999,7414.65,-8347.726,26.37,12.63,10.71,16.46,true,false,-21.11,-15.19,中期趨勢仍向下；20日趨勢尚未上彎；當下除權息調整價未守20日EMA
300,7795,長廣,TWSE,電子零組件業,暫不承接,停止加碼／開始減碼,已有部位先停止加碼。反彈若仍未站回 443.62，分批降低部位；只有站回且ETF／外資賣壓收斂後才重新評估。,43.8,100,365,365,62.55,2.93,10.99,32.61,363.61,0.21,119,9.3,0.65,1,0,0,0,0,0,0,-172.762,-315.774,-725.746,-1123.5549999999998,1,3,3,3,3,0,996000,-21.673000000000002,-3.4369999999999976,9.06,-151,-275,-690,,-167.282,-297.101,-725.3090000000001,-1153.3670000000002,37.48,12.41,8.92,19.37,true,false,-16.67,-7.01,中期趨勢仍向下；外資持股5/10日下降，且外資5日賣超；20日趨勢尚未上彎；當下除權息調整價未守20日EMA
301,1503,士電,TWSE,電機機械,暫不承接,停止加碼／開始減碼,已有部位先停止加碼。反彈若仍未站回 212.91，分批降低部位；只有站回且ETF／外資賣壓收斂後才重新評估。,43.7,100,194,193,-10.58,10.27,16.05,35.72,150.79,2.79,27.27,2.51,2.73,8,-2,2,2,1194,1201,0,-316.563,-1472.881,-1800.5439999999999,-3259.4349999999995,0.853,10.853,1201.853,1205.853,3,0,1986099,-74.60800000000003,-365.558,29.86,12,-627,-1588,,-287.567,-1409.1259999999997,-2636.839,-3724.3240000000014,39.83,28.92,31,24.75,false,false,-5.81,-5.13,中期趨勢仍向下；外資持股5/10日下降，且外資5日賣超；20日趨勢尚未上彎；當下除權息調整價未守20日EMA
302,5285,界霖,TWSE,半導體業,暫不承接,暫停加碼／跌破減碼,已有部位暫停加碼；若收盤跌破60日EMA約 81.92，且下一交易日仍未收復，先減碼三分之一；若ETF或外資繼續轉弱，再分批降低部位。,43.2,100,68.9,68.55,14.12,11.04,9.87,45.84,258.99,1,30.86,2.23,2.31,1,0,0,0,0,0,0,39.033,416.619,336.62399999999997,3037.607,0,0,0,0,0,0,0,-37.346999999999994,-81.56,8.36,54,558,683,,52.033,453.966,418.184,3015.79,34.16,11.76,9.12,17.06,true,false,-14.95,-11.1,中期趨勢仍向下；20日趨勢尚未上彎；當下除權息調整價未守20日EMA
303,8150,南茂,TWSE,半導體業,暫不承接,停止加碼／開始減碼,已有部位先停止加碼。反彈若仍未站回 93.06，分批降低部位；只有站回且ETF／外資賣壓收斂後才重新評估。,43.1,100,72.6,72.6,37.23,27.07,7.49,45.11,243.73,0.72,55.93,1.88,1.86,6,-236,-236,-236,-770,-139,-236,-1172.379,-7496.0019999999995,-59741.07899999999,-40101.93299999999,-2359,-9522,-13108,-3416,0,5,-628452000,-3232.703,-4491.893,39.43,1728,2987,-39573,,2387.922,5258.701,-42141.186,-33384.028000000006,35.63,7.95,9.75,4.37,false,false,-21.98,-20.04,中期趨勢仍向下；ETF短中期同步減碼；ETF 1/3日已轉為減碼；主動ETF 5日轉為減碼；投信5/10日持續且具金額意義的賣超；外資持股趨勢資料不足或期間有非市場異動；20日趨勢尚未上彎；當下除權息調整價未守20日EMA
304,2409,友達,TWSE,光電業,暫不承接,暫停加碼／跌破減碼,已有部位暫停加碼；若收盤跌破60日EMA約 24.96，且下一交易日仍未收復，先減碼三分之一；若ETF或外資繼續轉弱，再分批降低部位。,43,100,23.8,23.73,13.83,-1,-0.92,57.02,111.83,-0.15,69.38,1.12,1.8,10,17,175,239,4069,4282,0,-31955.34,17521.467999999997,-3359.9550000000054,-46473.86100000002,46.49,341.29900000000004,4164.293,4349.602,5,0,7576838,-3850.4790000000003,-7832.972000000001,10.25,-42941,-7909,-51112,,-32703.722,21030.647999999997,308.72399999999834,-35327.82000000001,41.37,24.58,21.34,31.05,true,true,-7.95,-6.67,中期趨勢仍向下；外資持股趨勢資料不足或期間有非市場異動；20日趨勢尚未上彎；當下除權息調整價未守20日EMA；官方重大訊息出現高風險關鍵字，須查原文
305,1718,中纖,TWSE,化學工業,暫不承接,暫停加碼／跌破減碼,已有部位暫停加碼；若收盤跌破60日EMA約 10.47，且下一交易日仍未收復，先減碼三分之一；若ETF或外資繼續轉弱，再分批降低部位。,43,81,8.75,8.68,1.92,1.56,,91,87.26,0.17,36,0.52,,1,23,23,156,2842,2842,0,-3175.621,6571.312999999999,4181.883,36973.801,23,156,2842,2842,3,0,1347840,-268.005,-4067.1510000000003,8.39,-2789,9568,9090,,-3003.292,6683.317999999999,5407.033999999998,31430.02,30.94,3.96,7.49,-3.11,false,false,-22.7,-20.45,中期趨勢仍向下；20日趨勢尚未上彎；當下除權息調整價未守20日EMA
306,1802,台玻,TWSE,玻璃陶瓷,暫不承接,停止加碼／開始減碼,已有部位先停止加碼。反彈若仍未站回 61.11，分批降低部位；只有站回且ETF／外資賣壓收斂後才重新評估。,42.9,100,45.25,45.23,27,11.68,7.88,42.7,141.11,0.2,327.69,2.49,,6,1,1,-568,-971,-1862,-569,1974.742,1997.6640000000007,-8961.671999999999,-82085.67500000002,-89,-711,-1117,-2789,1,3,-30288600,-573.205,-3091.812,5.05,1452,5886,608,,2284.765,3281.8690000000006,-4752.86,-82153.204,30.53,11.16,9.82,13.83,true,false,-17.61,-11.27,中期趨勢仍向下；ETF短中期同步減碼；主動ETF 5日轉為減碼；投信5/10日持續且具金額意義的賣超；20日趨勢尚未上彎；當下除權息調整價未守20日EMA
307,3661,世芯-KY,TWSE,半導體業,暫不承接,停止加碼／開始減碼,"已有部位先停止加碼。反彈若仍未站回 3,861.19，分批降低部位；只有站回且ETF／外資賣壓收斂後才重新評估。",42.3,100,2965,2985,15.39,-39.74,32.66,27.06,344.81,17.55,40.82,5.26,1.23,25,29,44,75,151,255,-43,-155.933,-1277.809,-1773.221,-4203.879999999999,-23,-115.672,-103.10100000000001,-221.33800000000002,2,3,-322146520,-48.873000000000005,-114.196,49.97,-134,-1278,-1874,,-139.193,-1113.264,-1555.924,-3755.3769999999995,33.39,18.61,16.71,22.4,true,false,-15.43,-12.92,中期趨勢仍向下；主動ETF 5日轉為減碼；投信5/10日持續且具金額意義的賣超；外資持股趨勢資料不足或期間有非市場異動；20日趨勢尚未上彎；當下除權息調整價未守20日EMA
308,6438,迅得,TWSE,其他電子業,暫不承接,停止加碼／開始減碼,已有部位先停止加碼。反彈若仍未站回 153.37，分批降低部位；只有站回且ETF／外資賣壓收斂後才重新評估。,42.1,100,133,133.75,-3.13,11.99,11.12,44.54,178.15,1.76,23.17,1.84,3.95,1,0,0,0,0,0,0,78.579,-281.84000000000003,-518.245,-1117.625,0,0,0,0,0,0,0,-83.614,-169.593,5.99,131,-453,-652,,100.328,-198.226,-348.652,-816.1550000000001,37.66,18.32,21.87,11.23,false,false,-7.78,-8.28,中期趨勢仍向下；外資持股5/10日下降，且外資5日賣超；20日趨勢尚未上彎；當下除權息調整價未守20日EMA
309,2498,宏達電,TWSE,通信網路業,暫不承接,暫停加碼／跌破減碼,已有部位暫停加碼；若收盤跌破60日EMA約 43.00，且下一交易日仍未收復，先減碼三分之一；若ETF或外資繼續轉弱，再分批降低部位。,42.1,93,39.55,39.67,-8.53,-9.73,-86.23,30.58,223.07,-0.29,18.29,1.17,1.32,4,0,1,1,3,-12,0,-125.791,-2888.266,-3054.3550000000005,-2604.637000000001,0,1,3,-12,1,0,37850,-428.446,-877.044,8.81,-118,470,4701,,-118.494,-2460.82,-2180.311,-1203.4710000000002,39.53,20.92,22.58,17.61,false,false,-5.16,-5.27,累計營收負成長且當月改善不足；中期趨勢仍向下；20日趨勢尚未上彎；當下除權息調整價未守20日EMA
310,3016,嘉晶,TWSE,半導體業,暫不承接,暫停加碼／跌破減碼,已有部位暫停加碼；若收盤跌破60日EMA約 106.19，且下一交易日仍未收復，先減碼三分之一；若ETF或外資繼續轉弱，再分批降低部位。,42,100,78,78.35,41.17,27.87,10.6,31.18,329.36,0.35,181.46,4.38,0.67,1,0,0,0,0,0,0,226.683,465.1410000000001,-752.945,-4472.160999999999,0,0,0,0,0,0,0,-137.727,-254.142,5.52,183,-344,-1049,,246.17,602.8679999999999,-498.8030000000003,-4105.211,31.53,8.22,8.61,7.43,false,false,-22.69,-18.15,中期趨勢仍向下；20日趨勢尚未上彎；當下除權息調整價未守20日EMA
311,2454,聯發科,TWSE,半導體業,暫不承接,停止加碼／開始減碼,"已有部位先停止加碼。反彈若仍未站回 3,665.73，分批降低部位；只有站回且ETF／外資賣壓收斂後才重新評估。",41.9,100,3555,3555,2.8,-0.77,15.35,46.07,122.07,15.17,51.55,13.23,1.65,67,658,1570,1202,1609,1246,291,-1805.839,-5705.481,-4363.433,-12066.05,430.877,-490.189,-149.13500000000005,-813.613,1,4,-1585761415,786.3270000000001,828.5680000000002,55.18,-2718,-6649,-5874,,-2585.805,-6001.619,-5042.866,-12543.862999999998,45.74,36.95,36.47,37.91,true,false,-3.02,-5.2,累計營收負成長且當月改善不足；中期趨勢仍向下；投信5/10日持續且具金額意義的賣超；外資持股5/10日下降，且外資5日賣超；20日趨勢尚未上彎；當下除權息調整價未守20日EMA
312,6890,來億-KY,TWSE,運動休閒,暫不承接,暫停加碼／跌破減碼,已有部位暫停加碼；若收盤跌破60日EMA約 191.59，且下一交易日仍未收復，先減碼三分之一；若ETF或外資繼續轉弱，再分批降低部位。,41.9,100,172,171.5,-3.2,-14.77,2.55,26.79,524.31,0.75,16.62,1.69,5.34,3,60,60,60,72,199,0,-25.694,529.7700000000001,749.2070000000001,892.0909999999999,62,66,78,205.158,3,0,11088000,80.99899999999998,70.60299999999998,86.28,-83,441,754,,-98.988,382.77099999999996,600.6039999999999,740.7459999999999,40.73,31.64,28.85,37.24,false,false,-5.54,-0.29,累計營收負成長且當月改善不足；中期趨勢仍向下；20日趨勢尚未上彎；當下除權息調整價未守20日EMA
313,6166,凌華,TWSE,電腦及週邊設備業,暫不承接,暫停加碼／跌破減碼,已有部位暫停加碼；若收盤跌破60日EMA約 125.44，且下一交易日仍未收復，先減碼三分之一；若ETF或外資繼續轉弱，再分批降低部位。,41.8,100,113.5,113.5,25.89,41.08,12.12,60.93,142.12,1.57,34.76,4.73,0.96,1,0,0,0,0,0,0,-899.289,-713.931,2653.606,3252.4929999999995,0.05,0.05,0.05,0.05,1,0,6275,-15.579,37.78,22.74,-822,-471,2861,,-896.94,-698.402,2615.7760000000003,3245.2430000000004,38.74,30.19,47.39,-4.23,false,false,-16.25,-31.83,中期趨勢仍向下；20日趨勢尚未上彎；當下除權息調整價未守20日EMA
314,4919,新唐,TWSE,半導體業,暫不承接,暫停加碼／跌破減碼,已有部位暫停加碼；若收盤跌破60日EMA約 152.19，且下一交易日仍未收復，先減碼三分之一；若ETF或外資繼續轉弱，再分批降低部位。,40.9,100,114.5,115,1.16,-1.55,-1.4,56.76,203.24,0.02,,3.38,,8,0,8,8,29,199,0,2170.501,9073.939,12479.840000000002,5392.537000000002,-0.089,7.911,-883.0889999999999,-3678.089,1,1,842522,-75.304,-263.692,4.34,2244,7431,10860,,2164.437,9141.331999999999,13626.621,9022.287999999999,32.97,17.07,15.87,19.47,true,false,-18.31,-15.5,累計營收負成長且當月改善不足；中期趨勢仍向下；20日趨勢尚未上彎；當下除權息調整價未守20日EMA；單季稅前獲利對營業外貢獻依賴偏高
315,6962,奕力-KY,TWSE,半導體業,暫不承接,停止加碼／開始減碼,已有部位先停止加碼。反彈若仍未站回 35.17，分批降低部位；只有站回且ETF／外資賣壓收斂後才重新評估。,40.9,100,30.4,30.4,-0.33,-5.7,3.76,20.83,263.36,0.58,19.86,0.7,3.45,1,0,0,0,11,18,0,-645.88,-2487.8250000000003,-5277.716,-7949.074000000002,0,0,11,18,0,0,0,-45.14,-93.635,38.36,-454,-2061,-5028,,-648,-2442.685,-5195.081,-7947.673999999999,34.78,18.67,17.1,21.8,true,false,-8.22,-6.75,累計營收負成長且當月改善不足；中期趨勢仍向下；外資持股5/10日下降，且外資5日賣超；20日趨勢尚未上彎；當下除權息調整價未守20日EMA
316,3035,智原,TWSE,半導體業,暫不承接,暫停加碼／跌破減碼,已有部位暫停加碼；若收盤跌破60日EMA約 193.12，且下一交易日仍未收復，先減碼三分之一；若ETF或外資繼續轉弱，再分批降低部位。,40.5,100,151,150.75,26.57,-50.61,3.7,31.04,227.18,0.4,59.25,2.29,1.2,5,0,3,3,127,130,0,-139.937,-1627.9870000000003,-1491.6460000000002,165.2969999999998,0,3,127,129.2,1,0,451500,-1092.287,-1421.8400000000001,12.71,233,-821,150,,195.716,-538.7,-196.80600000000027,1155.952,29.65,15.1,29.03,-12.77,false,true,-20.01,-23.54,中期趨勢仍向下；20日趨勢尚未上彎；當下除權息調整價未守20日EMA
317,2352,佳世達,TWSE,電腦及週邊設備業,暫不承接,停止加碼／開始減碼,已有部位先停止加碼。反彈若仍未站回 29.64，分批降低部位；只有站回且ETF／外資賣壓收斂後才重新評估。,40.1,100,27.95,27.78,-0.62,1.03,1.34,71.52,114.51,0.2,42.66,1.43,3.78,6,18,40,40,2978,25591,0,-117.474,-4465.679,-8482.984,-25310.964,18,40,2978,25591,3,0,1058000,498.18,-644.4069999999999,7.75,581,-2342,-2912,,-149.32,-5003.859,-10816.577000000001,-50259.695,40.95,18.7,15.75,24.6,true,false,-5.7,-4.28,中期趨勢仍向下；外資持股5/10日下降，且外資5日賣超；20日趨勢尚未上彎；當下除權息調整價未守20日EMA
318,2201,裕隆,TWSE,汽車工業,暫不承接,暫停加碼／跌破減碼,已有部位暫停加碼；若收盤跌破60日EMA約 27.90，且下一交易日仍未收復，先減碼三分之一；若ETF或外資繼續轉弱，再分批降低部位。,39.7,100,27.8,27.78,-8.06,-3.62,9.01,74.03,100.51,0.35,31.94,0.45,2.06,3,0,1,1,-528,-541,0,630.83,978.5770000000002,1839.6370000000002,10899.621,6,24,-500,-520,4,0,651600,-39.017,-97.114,5.06,1549,2040,2471,,581.412,993.594,2436.7509999999997,11201.634,49,28.61,24.29,37.25,true,false,-0.23,-0.36,累計營收負成長且當月改善不足；中期趨勢仍向下；20日趨勢尚未上彎；當下除權息調整價未守20日EMA
319,6831,邁科,TWSE,電腦及週邊設備業,暫不承接,停止加碼／開始減碼,已有部位先停止加碼。反彈若仍未站回 664.52，分批降低部位；只有站回且ETF／外資賣壓收斂後才重新評估。,38.9,100,525,525,29.3,18.23,6.55,47.68,164.08,0.66,97.05,12.05,0.63,5,-28,-28,-28,-24,-13,-28,71.08,-82.901,-978.662,-576.505,-166,-316,-917,-803,0,4,-150890000,16.660999999999998,57.11899999999999,16.13,231,219,-108,,230.6,216.43800000000002,-118.78099999999999,262.36800000000005,37.13,21.11,24.37,14.59,false,true,-18.15,-22.57,中期趨勢仍向下；ETF短中期同步減碼；ETF 1/3日已轉為減碼；主動ETF 5日轉為減碼；投信5/10日持續且具金額意義的賣超；20日趨勢尚未上彎；當下除權息調整價未守20日EMA
320,2208,台船,TWSE,航運業,暫不承接,停止加碼／開始減碼,已有部位先停止加碼。反彈若仍未站回 19.46，分批降低部位；只有站回且ETF／外資賣壓收斂後才重新評估。,38.8,100,19,18.95,14.86,-30.71,-3.8,85.17,110.85,0.07,,3.16,,1,0,0,0,0,0,0,-240.827,-2195.444,-2832.487,-3131.562,0,0,0,0,0,0,0,21,6,7.3,-238,-2216,-2838,,-237.827,-2216.444,-2838.487,-3176.5620000000013,47.12,14.21,13.75,15.13,true,false,-2.34,-4.28,中期趨勢仍向下；外資持股5/10日下降，且外資5日賣超；20日趨勢尚未上彎；當下除權息調整價未守20日EMA；單季稅前獲利對營業外貢獻依賴偏高
321,6451,訊芯-KY,TWSE,半導體業,暫不承接,暫停加碼／跌破減碼,已有部位暫停加碼；若收盤跌破60日EMA約 471.71，且下一交易日仍未收復，先減碼三分之一；若ETF或外資繼續轉弱，再分批降低部位。,38.5,100,340,336.75,40.55,-5.21,-5.18,59.67,166.56,-1.45,,4.88,0.07,2,0,0,0,-68,-160,0,963.642,2058.5069999999996,2719.2929999999997,3664.637,0,0,-68,-160,0,0,0,-71.43,-15.359000000000002,66.02,902,1835,2380,,1076.539,2129.9370000000004,2802.6520000000005,3995.656000000001,32.58,14.11,17.45,7.44,false,false,-21.48,-22.29,中期趨勢仍向下；20日趨勢尚未上彎；當下除權息調整價未守20日EMA
322,2484,希華,TWSE,電子零組件業,暫不承接,暫停加碼／跌破減碼,已有部位暫停加碼；若收盤跌破60日EMA約 65.18，且下一交易日仍未收復，先減碼三分之一；若ETF或外資繼續轉弱，再分批降低部位。,37.8,85,60.3,61.75,-1.4,-2.65,6.84,17.71,483.73,0.33,77.84,2.24,1.22,1,3,3,23,417,417,0,1653.443,2849.0639999999994,-810.8700000000009,-8301.594000000001,3,23,417,417,3,0,1324800,1.6939999999999995,-93.991,6.88,1649,2867,-733,,1649.033,2824.37,-1133.879,-8405.304,39.13,10.35,10.86,9.33,false,false,-15.48,-16.13,累計營收負成長且當月改善不足；中期趨勢仍向下；20日趨勢尚未上彎；當下除權息調整價未守20日EMA
323,1582,信錦,TWSE,電子零組件業,暫不承接,暫停加碼／跌破減碼,已有部位暫停加碼；若收盤跌破60日EMA約 83.03，且下一交易日仍未收復，先減碼三分之一；若ETF或外資繼續轉弱，再分批降低部位。,37.4,100,64.9,65.1,-9.5,-6.27,5.27,40.68,201.5,0.35,22.73,1.2,4.8,1,0,0,0,-194,-203,0,-147.276,-363.64300000000003,343.871,-539.884,0,0,-194,-203,0,0,0,-83.873,-331.23400000000004,4.59,-69,-247,557,,-132.884,-279.77,869.105,251.05900000000003,27.35,15.39,13.03,20.12,true,false,-10.63,-6.48,累計營收負成長且當月改善不足；中期趨勢仍向下；20日趨勢尚未上彎；當下除權息調整價未守20日EMA
324,2328,廣宇,TWSE,電子零組件業,暫不承接,暫停加碼／跌破減碼,已有部位暫停加碼；若收盤跌破60日EMA約 48.62，且下一交易日仍未收復，先減碼三分之一；若ETF或外資繼續轉弱，再分批降低部位。,36,100,40.95,40.9,-0.74,-15.92,-0.34,26.95,285.15,-0.16,39.59,1.34,2.32,2,0,6,6,6,6,0,-304.168,-722.994,-746.0709999999999,-6104.98,0,6,6,6,1,0,232800,-441.967,-934.7710000000001,8.69,-228,411,1416,,-239.78,-287.02699999999993,182.7000000000001,-4795.76,33.64,16.39,19,11.17,false,false,-10.12,-9.6,累計營收負成長且當月改善不足；中期趨勢仍向下；20日趨勢尚未上彎；當下除權息調整價未守20日EMA
325,3576,聯合再生,TWSE,光電業,暫不承接,暫停加碼／跌破減碼,已有部位暫停加碼；若收盤跌破60日EMA約 17.55，且下一交易日仍未收復，先減碼三分之一；若ETF或外資繼續轉弱，再分批降低部位。,35.6,100,16.65,16.52,-9.51,-24.09,-86.65,48.61,146.42,1.07,37.26,1.95,,1,0,0,0,0,0,0,-2331.757,-1508.643,24908.702,45338.715,0,0,0,0,0,0,0,124,45,14.46,-2311,-1633,24864,,-2310.757,-1632.643,24863.702,45271.244999999995,44.83,18.65,27.58,0.79,false,false,-3.9,-9.02,累計營收負成長且當月改善不足；中期趨勢仍向下；20日趨勢尚未上彎；當下除權息調整價未守20日EMA；單季稅前獲利對營業外貢獻依賴偏高
326,3583,辛耘,TWSE,半導體業,暫不承接,停止加碼／開始減碼,已有部位先停止加碼。反彈若仍未站回 764.25，分批降低部位；只有站回且ETF／外資賣壓收斂後才重新評估。,34.2,100,639,641.5,-2.67,6.79,12.95,70.99,109.29,4.14,40.27,6.25,0.97,8,0,-124,-162,-122,-548,-162,182.992,511.64700000000005,298.60100000000006,-139.9179999999999,0,-172,-132,-749.7,1,3,-102168000,-70.851,-109.49500000000002,21.69,179,744,464,,181.702,754.498,540.0960000000001,846.4790000000003,36.85,18.71,18.61,18.9,true,false,-13.33,-10.63,中期趨勢仍向下；ETF短中期同步減碼；投信5/10日持續且具金額意義的賣超；20日趨勢尚未上彎；當下除權息調整價未守20日EMA
327,8105,凌巨,TWSE,光電業,暫不承接,停止加碼／開始減碼,已有部位先停止加碼。反彈若仍未站回 17.99，分批降低部位；只有站回且ETF／外資賣壓收斂後才重新評估。,33.5,85,15.4,15.33,-8.9,-1.2,0.53,25.59,202.48,0.43,486.67,0.8,,1,5,5,33,603,603,0,-727.983,-1856.173,-5101.8189999999995,-238.7220000000002,5,33,603,603,3,0,481800,53,19.503999999999998,38.95,-574,-4737,-7987,,-711.983,-1942.173,-5724.323,-894.2260000000001,35.35,18.51,21.15,13.23,false,false,-11.93,-8.88,累計營收負成長且當月改善不足；中期趨勢仍向下；外資持股5/10日下降，且外資5日賣超；20日趨勢尚未上彎；當下除權息調整價未守20日EMA；估值高且成長不足以支撐；單季稅前獲利對營業外貢獻依賴偏高
328,2367,燿華,TWSE,電子零組件業,暫不承接,暫停加碼／跌破減碼,已有部位暫停加碼；若收盤跌破60日EMA約 53.21，且下一交易日仍未收復，先減碼三分之一；若ETF或外資繼續轉弱，再分批降低部位。,33.2,100,35.6,35.67,-4.14,-7.37,-7.71,50.74,95.51,-0.4,,1.86,0.6,2,0,0,0,0,0,0,664.019,7604.673000000001,15764.08,18940.764000000003,0,0,0,0,0,0,0,-426.91900000000004,-39.08700000000002,8.03,925,6271,10156,,808.075,8031.592000000001,15803.167,18723.201,27.49,11.61,11.56,11.72,true,false,-19.73,-15.44,累計營收負成長且當月改善不足；中期趨勢仍向下；20日趨勢尚未上彎；當下除權息調整價未守20日EMA
329,2338,光罩,TWSE,半導體業,暫不承接,停止加碼／開始減碼,已有部位先停止加碼。反彈若仍未站回 46.40，分批降低部位；只有站回且ETF／外資賣壓收斂後才重新評估。,33.1,100,35.5,35.85,0.08,-5.14,0.93,66.11,77.74,0.52,,1.81,,1,0,0,0,0,0,0,-9.319,-1290.607,-5540.5650000000005,-12676.669,0,0,0,0,0,0,0,-284.017,-459.352,4.93,172,-723,-3019,,101.932,-1006.5899999999999,-5081.213,-11997.621,30.68,12.4,12.8,11.6,false,false,-16.06,-12.67,累計營收負成長且當月改善不足；中期趨勢仍向下；外資持股5/10日下降，且外資5日賣超；20日趨勢尚未上彎；當下除權息調整價未守20日EMA；單季稅前獲利對營業外貢獻依賴偏高
330,3376,新日興,TWSE,電子零組件業,暫不承接,停止加碼／開始減碼,已有部位先停止加碼。反彈若仍未站回 196.37，分批降低部位；只有站回且ETF／外資賣壓收斂後才重新評估。,32,100,170,169.25,-4.76,-13.25,-0.44,22.67,276.74,0.15,235.29,1.8,2.5,3,0,0,0,0,-359,0,-121.212,-1268.025,-2501.415,-6432.040999999999,1,-997,-1496,-2106,2,2,-159520000,-71.26100000000001,-343.802,12.9,-136,-843,-1379,,-238.542,-199.764,-661.613,-4042.7329999999993,35.34,17.53,16.9,18.79,true,false,-8.28,-8.36,累計營收負成長且當月改善不足；中期趨勢仍向下；外資持股5/10日下降，且外資5日賣超；20日趨勢尚未上彎；當下除權息調整價未守20日EMA；估值高且成長不足以支撐；單季稅前獲利對營業外貢獻依賴偏高
331,4906,正文,TWSE,通信網路業,暫不承接,停止加碼／開始減碼,已有部位先停止加碼。反彈若仍未站回 38.30，分批降低部位；只有站回且ETF／外資賣壓收斂後才重新評估。,31.4,100,30.35,30.33,-5.24,-28.21,-6.58,43.62,153.18,-0.32,,1.15,1.62,1,0,0,0,-657,-690,0,-1156.943,-2656.928,-3067.886,-7005.544,0,0,-657,-690,0,0,0,-669.6700000000001,-989.6100000000002,8.52,-881,-1613,-1565,,-989.077,-1987.2580000000003,-1421.2760000000003,-4896.332,31.68,15.97,17.53,12.87,false,false,-14.07,-11,累計營收負成長且當月改善不足；中期趨勢仍向下；外資持股5/10日下降，且外資5日賣超；20日趨勢尚未上彎；當下除權息調整價未守20日EMA
332,6715,嘉基,TWSE,電子零組件業,暫不承接,暫停加碼／跌破減碼,已有部位暫停加碼；若收盤跌破60日EMA約 401.23，且下一交易日仍未收復，先減碼三分之一；若ETF或外資繼續轉弱，再分批降低部位。,28.9,100,309,311,-9.2,-0.12,15.89,19.28,332.23,1.02,139.57,5.41,0.66,1,0,0,0,-52,-146,0,106.402,104.21599999999997,-575.0740000000001,-1808.4320000000002,0,-81,-133,-227,0,1,-23854500,-32.654999999999994,-12.814999999999994,1.8,150,221,-452,,152,217.871,-429.259,-1404.037,35.49,15.09,25.72,-6.19,false,false,-18.68,-26.54,累計營收負成長且當月改善不足；中期趨勢仍向下；20日趨勢尚未上彎；當下除權息調整價未守20日EMA；估值高且成長不足以支撐；官方重大訊息出現高風險關鍵字，須查原文
333,5288,豐祥-KY,TWSE,電機機械,不建立部位,暫停加碼／跌破減碼,已有部位暫停加碼；若收盤跌破60日EMA約 177.82，且下一交易日仍未收復，先減碼三分之一；若ETF或外資繼續轉弱，再分批降低部位。,69,100,189,187.75,71.59,28.97,14.46,24.96,236.86,3.59,15.42,2.12,3.5,1,0,0,0,1,1,0,-2.64,25.901999999999994,250.66199999999995,315.8259999999999,4,24,101,101,4,0,4452000,9.026,6.894,59.93,-5,4,135,,-7,-7.123999999999999,142.768,186.67899999999997,53.14,45.72,49.89,37.37,false,false,0.74,-2.58,"單日成交金額低於5,000萬元"
334,5522,遠雄,TWSE,建材營造,不建立部位,暫停加碼／跌破減碼,已有部位暫停加碼；若收盤跌破60日EMA約 68.58，且下一交易日仍未收復，先減碼三分之一；若ETF或外資繼續轉弱，再分批降低部位。,68.7,100,66.3,65.95,2513.5,792.74,26.72,56.07,173.09,1.76,6.91,1.07,8.41,5,0,-8,-3,-214,172,0,28.038,535.896,2055.03,3841.3199999999997,2,5.049,-69.94999999999999,796.321,4,1,330205,41,50.669,4.75,178,428,1730,,8.038,489.847,2074.311,2925.33,46.06,27.41,28.92,24.38,false,false,-0.65,0.61,"單日成交金額低於5,000萬元；ETF短中期同步減碼；20日累積後5日轉為調節；當下除權息調整價未守20日EMA"
335,4736,泰博,TWSE,生技醫療業,不建立部位,暫停加碼／跌破減碼,已有部位暫停加碼；若收盤跌破60日EMA約 126.57，且下一交易日仍未收復，先減碼三分之一；若ETF或外資繼續轉弱，再分批降低部位。,67.9,100,130,128.5,2.09,1.25,25.4,23.84,273.12,2.99,6.96,1.26,3.94,2,0,0,1,30,30,0,7.503,296.74600000000004,479.99300000000005,1044.965,0,1,30,30,1,0,127000,15.594999999999999,14.594999999999999,6.53,11,295,431,,7.503,280.151,435.398,998.3700000000001,57.65,44.13,51.03,30.34,false,false,1.34,0.39,"單日成交金額低於5,000萬元；ETF加碼金額或跨基金共識不足"
336,2897,王道銀行,TWSE,金融保險業,不建立部位,暫停加碼／跌破減碼,已有部位暫停加碼；若收盤跌破60日EMA約 10.30，且下一交易日仍未收復，先減碼三分之一；若ETF或外資繼續轉弱，再分批降低部位。,66.8,100,10.35,10.38,14.1,30.36,,90.87,,0.28,15.07,0.7,5.07,2,0,0,132,164,1458,132,2147.418,12128.478000000001,10763.791000000003,13825.467000000004,0,132,164,1458,1,0,1353000,348.102,356.102,8.67,5783,15662,14582,,2125.418,11648.376,10243.689,11869.694,49.35,49.73,44.28,60.64,true,false,-0.04,1.97,"單日成交金額低於5,000萬元；20日趨勢尚未上彎"
337,1419,新紡,TWSE,紡織纖維,不建立部位,暫停加碼／跌破減碼,已有部位暫停加碼；若收盤跌破60日EMA約 66.13，且下一交易日仍未收復，先減碼三分之一；若ETF或外資繼續轉弱，再分批降低部位。,65.4,85,68.5,68.05,17.98,28.04,10.51,20.53,161.5,9.37,5.2,1,2.63,1,0,0,2,95,95,0,16,307.504,377.414,707.757,0,2,94,89,1,0,136800,8,3.91,1.48,356,662,565,,11,297.504,279.504,604.968,56.36,71.08,68.23,76.8,false,false,1.77,2.7,"單日成交金額低於5,000萬元；單季稅前獲利對營業外貢獻依賴偏高"
338,9935,慶豐富,TWSE,居家生活,不建立部位,暫停加碼／跌破減碼,已有部位暫停加碼；若收盤跌破60日EMA約 19.06，且下一交易日仍未收復，先減碼三分之一；若ETF或外資繼續轉弱，再分批降低部位。,65.1,100,19.75,19.73,17.01,7.96,10.69,69.03,106.69,0.51,11.8,1.31,6.2,1,0,-5,-5,39,235,0,63.031,438.135,752.2959999999999,1168.2499999999998,0,-4.284,39.495000000000005,235.602,0,1,-82895,17,20,6.23,66,501,814,,63.031,425.419,692.801,856.648,60.56,76.26,71.1,86.59,false,false,2.92,1.8,"單日成交金額低於5,000萬元；20日累積後5日轉為調節；20日趨勢尚未上彎"
339,2414,精技,TWSE,電子通路業,不建立部位,暫停加碼／跌破減碼,已有部位暫停加碼；若收盤跌破60日EMA約 55.86，且下一交易日仍未收復，先減碼三分之一；若ETF或外資繼續轉弱，再分批降低部位。,64.8,85,57.3,57.15,87.26,46.2,3.14,63.13,139.01,1.17,15.5,2.59,5.48,1,2,2,15,277,277,0,42,309.529,-633.871,-755.4819999999999,2,15,277,277,3,0,820500,-35,13,4.96,288,604,-718,,73,329.529,-923.871,-1124.482,48.09,44.86,30.5,73.58,false,false,-0.96,2.87,"單日成交金額低於5,000萬元；20日趨勢尚未上彎；當下除權息調整價未守20日EMA"
340,2527,宏璟,TWSE,建材營造,不建立部位,暫停加碼／跌破減碼,已有部位暫停加碼；若收盤跌破60日EMA約 40.57，且下一交易日仍未收復，先減碼三分之一；若ETF或外資繼續轉弱，再分批降低部位。,64.6,100,43.7,43.95,365.12,2533.23,24.56,35.23,156,3.45,8,0.49,3.7,1,0,0,2,85,85,0,-182.635,-451.80100000000004,101.08900000000006,3647.773,0,2,85,85,1,0,81100,72.90899999999999,50.221999999999994,44.13,-149,-15,315,,-205.904,-526.71,-34.13300000000004,3445.9790000000003,50.21,23.93,34.83,2.14,false,false,-1.25,-5.31,"單日成交金額低於5,000萬元；當下除權息調整價未守20日EMA"
341,5515,建國,TWSE,建材營造,不建立部位,暫停加碼／跌破減碼,已有部位暫停加碼；若收盤跌破60日EMA約 41.20，且下一交易日仍未收復，先減碼三分之一；若ETF或外資繼續轉弱，再分批降低部位。,64.3,100,42.85,42.8,24.55,27.59,13.33,50.62,177.24,1.96,7.19,1.52,7.69,2,0,0,2,60,-255,0,-27.028,168.319,655.825,926.6260000000001,0,2,60,-255,1,0,85800,36.732,-5.315000000000005,12.44,-88,109,610,,-43,129.587,601.14,1190.537,54.67,42.55,48.53,30.58,false,false,1.22,-1.61,"單日成交金額低於5,000萬元"
342,6277,宏正,TWSE,電腦及週邊設備業,不建立部位,暫停加碼／跌破減碼,已有部位暫停加碼；若收盤跌破60日EMA約 73.39，且下一交易日仍未收復，先減碼三分之一；若ETF或外資繼續轉弱，再分批降低部位。,64.3,100,77,78.45,35.12,12.79,14.42,32.83,208.56,1.08,22.98,1.92,4.69,2,0,0,0,37,37,0,109,537.607,1297.5569999999998,1311.9679999999998,0,0,37,37,0,0,0,19.013,19.013,10.46,152,629,1252,,119,518.5939999999999,1241.5439999999999,1256.5339999999999,54.83,31.6,38.05,18.68,false,false,1.73,-1.28,"單日成交金額低於5,000萬元"
343,1720,生達,TWSE,生技醫療業,不建立部位,暫停加碼／跌破減碼,已有部位暫停加碼；若收盤跌破60日EMA約 57.22，且下一交易日仍未收復，先減碼三分之一；若ETF或外資繼續轉弱，再分批降低部位。,63.5,100,57.7,57.35,9.11,1.64,20.8,25.03,204.52,1.3,10.65,1.7,5.22,1,0,0,0,10,9,0,5.243,623.3180000000001,28.457000000000065,367.721,0,0,4,3,0,0,0,4.855999999999998,5.864999999999995,5.59,185,865,110,,24.381,618.4620000000001,18.592000000000127,349.9240000000001,51.88,61.46,51.8,80.79,false,false,0.26,2.12,"單日成交金額低於5,000萬元；20日趨勢尚未上彎；當下除權息調整價未守20日EMA"
344,1232,大統益,TWSE,食品工業,不建立部位,暫停加碼／跌破減碼,已有部位暫停加碼；若收盤跌破60日EMA約 150.25，且下一交易日仍未收復，先減碼三分之一；若ETF或外資繼續轉弱，再分批降低部位。,62.9,100,157,156.25,16.3,9.34,8.14,38.02,271.83,2.33,17.28,4.53,4.62,1,0,0,2,30,30,0,109.917,499.526,-242.58500000000004,938.043,0,2,30,28,1,0,312000,4.995,-5.649999999999999,2.88,114,490,-208,,104.917,492.531,-266.935,907.698,57.14,26.87,25.59,29.41,true,false,2.2,1.95,"單日成交金額低於5,000萬元"
345,9946,三發地產,TWSE,建材營造,不建立部位,暫停加碼／跌破減碼,已有部位暫停加碼；若收盤跌破60日EMA約 18.20，且下一交易日仍未收復，先減碼三分之一；若ETF或外資繼續轉弱，再分批降低部位。,62.7,100,18.15,18.08,-11.49,4131.79,46.84,59.28,221.67,2.56,4.34,0.82,7.59,2,3,3,23,427,737,0,91.359,316.677,579.966,695.781,3,23,427,737,3,0,415150,47,46,3.46,288,548,531,,84.359,246.677,106.96600000000002,-104.21900000000002,45.21,45.24,32.75,70.22,true,false,-1.31,1.11,"單日成交金額低於5,000萬元；中期趨勢仍向下；20日趨勢尚未上彎；當下除權息調整價未守20日EMA"
346,4137,麗豐-KY,TWSE,生技醫療業,不建立部位,停止加碼／開始減碼,已有部位先停止加碼。反彈若仍未站回 101.34，分批降低部位；只有站回且ETF／外資賣壓收斂後才重新評估。,62.4,100,95.8,96,22.6,8.62,15.53,43.21,206.97,1.41,11.95,1.39,10.65,2,0,-3,-3,-5,-7,0,107.106,135.391,31.63199999999999,-798.376,0,-2.083,-4.8420000000000005,-6.930000000000001,0,1,-195594,30.148,31.147999999999996,54.72,109,171,180,,102.01,107.32600000000001,5.326000000000008,-694.747,42.6,49.93,37.18,75.43,true,true,-0.92,1.38,"單日成交金額低於5,000萬元；中期趨勢仍向下；ETF短中期同步減碼；20日趨勢尚未上彎；當下除權息調整價未守20日EMA"
347,2832,台產,TWSE,金融保險業,不建立部位,暫停加碼／跌破減碼,已有部位暫停加碼；若收盤跌破60日EMA約 55.12，且下一交易日仍未收復，先減碼三分之一；若ETF或外資繼續轉弱，再分批降低部位。,62.2,100,59,59.4,7.27,8.04,,52.67,,1.64,11.04,1.19,6.1,1,0,-5,-5,56,152,0,124.837,259.856,191.171,295.80499999999995,0,-4.5,56.071,152.09199999999998,0,1,-258300,4,1,4.41,140,269,145,,139.837,260.356,134.1,198.94200000000006,67.5,72.72,58.82,100.52,true,false,3.95,4.61,"單日成交金額低於5,000萬元；20日累積後5日轉為調節"
348,2607,榮運,TWSE,航運業,不建立部位,暫停加碼／跌破減碼,已有部位暫停加碼；若收盤跌破60日EMA約 48.21，且下一交易日仍未收復，先減碼三分之一；若ETF或外資繼續轉弱，再分批降低部位。,62.1,100,48.2,48.05,25.41,2.45,11.71,28.48,338.24,1.04,9.97,0.8,5.73,1,0,0,0,0,0,0,46.991,752.5060000000001,1225.6180000000002,1130.6009999999997,0,0,0,0,0,0,0,34,32.733000000000004,8.27,73,892,1337,,33.991,718.5060000000001,1192.8850000000002,1275.381,55.68,76.2,73.44,81.71,true,true,1.76,0.73,"單日成交金額低於5,000萬元；中期趨勢仍向下；20日趨勢尚未上彎"
349,6782,視陽,TWSE,生技醫療業,不建立部位,停止加碼／開始減碼,已有部位先停止加碼。反彈若仍未站回 194.58，分批降低部位；只有站回且ETF／外資賣壓收斂後才重新評估。,61.1,100,185.5,185.25,45.95,23.39,28.11,32.69,126.45,3.82,12.08,2.68,4.69,1,0,0,0,0,0,0,6.322,-241.266,-610.034,-31.842999999999847,0,0,100,100,0,0,0,-26.490000000000002,-8.953000000000007,7.31,-246,-376,-821,,6,-214.776,-701.0810000000001,-205.76900000000035,42.85,29.65,18.65,51.65,true,false,-2.25,1.37,"單日成交金額低於5,000萬元；中期趨勢仍向下；外資持股5/10日下降，且外資5日賣超；20日趨勢尚未上彎；當下除權息調整價未守20日EMA"
350,2480,敦陽科,TWSE,資訊服務業,不建立部位,暫停加碼／跌破減碼,已有部位暫停加碼；若收盤跌破60日EMA約 154.69，且下一交易日仍未收復，先減碼三分之一；若ETF或外資繼續轉弱，再分批降低部位。,60.9,100,164.5,166,14.66,14.96,12.41,64.43,134.91,2.63,18.89,5.64,4.92,5,0,0,0,28,23,0,78.174,266.19,586.0689999999998,1828.033,0,0,28.304,22.974999999999998,0,0,0,18.142,25.930000000000007,11.13,103,223,546,,95.332,248.048,531.835,1763.113,61.74,61.54,46.03,92.55,true,false,3.81,3.46,"單日成交金額低於5,000萬元"
351,1608,華榮,TWSE,電器電纜,不建立部位,暫停加碼／跌破減碼,已有部位暫停加碼；若收盤跌破60日EMA約 32.61，且下一交易日仍未收復，先減碼三分之一；若ETF或外資繼續轉弱，再分批降低部位。,60.1,100,28.65,29.05,13.35,15.81,12.15,35.31,187.04,0.37,4.89,1.17,7.42,3,20,20,26,19,635,0,-236.31,-1018.371,-6087.207,-8830.729000000001,24.31,40.566,37.825,648.8,4,0,1093254,4.2010000000000005,-403.493,2.14,-61,1328,-2163,,-260.252,-1063.138,-5721.539,-9120.725999999999,35.07,16.6,10.9,28,true,false,-7.02,-4.5,"單日成交金額低於5,000萬元；中期趨勢仍向下；20日趨勢尚未上彎；當下除權息調整價未守20日EMA"
352,2459,敦吉,TWSE,其他電子業,不建立部位,暫停加碼／跌破減碼,已有部位暫停加碼；若收盤跌破60日EMA約 65.44，且下一交易日仍未收復，先減碼三分之一；若ETF或外資繼續轉弱，再分批降低部位。,60,100,64.8,64.55,20.97,9.92,14.95,35.33,192.37,1.41,12.16,1.21,6.6,1,0,0,0,0,0,0,-3.82,-25.299999999999994,-249.992,-85.79599999999999,0,0,0,0,0,0,0,7,6,15.79,-4,-28,-250,,-3.82,-32.3,-255.992,-94.79599999999999,49.06,29.54,30.17,28.29,false,false,-0.06,-0.77,"單日成交金額低於5,000萬元；外資持股5/10日下降，且外資5日賣超；當下除權息調整價未守20日EMA"
353,9917,中保科,TWSE,其他,不建立部位,暫停加碼／跌破減碼,已有部位暫停加碼；若收盤跌破60日EMA約 110.62，且下一交易日仍未收復，先減碼三分之一；若ETF或外資繼續轉弱，再分批降低部位。,60,100,112,111.75,2.56,1.63,17.61,52.85,112.37,1.6,16.37,3.44,5.59,7,0,75,178,519,1105,0,181.316,1698.217,2997.6940000000004,3871.56,2,184,525,1110,5,0,20424000,40,33.628,39.32,187,1336,1808,,180.316,1474.217,2439.0660000000003,2719.062,60.78,84.23,77.77,97.14,false,false,2.21,1.82,"單日成交金額低於5,000萬元"
354,6183,關貿,TWSE,資訊服務業,不建立部位,暫停加碼／跌破減碼,已有部位暫停加碼；若收盤跌破60日EMA約 91.13，且下一交易日仍未收復，先減碼三分之一；若ETF或外資繼續轉弱，再分批降低部位。,59.8,100,91.9,91.65,7.45,9,29.1,35.05,207.12,1.07,22.54,4.57,3.89,2,0,0,1,47,47,0,-3,81.6,168.1,291.09900000000005,0,1,47,47,1,0,91300,1,0,1.17,1,83,126,,1,79.6,121.1,244.099,55.9,65.74,72.32,52.58,false,true,0.89,0.11,"單日成交金額低於5,000萬元"
355,2323,中環,TWSE,光電業,不建立部位,停止加碼／開始減碼,已有部位先停止加碼。反彈若仍未站回 10.74，分批降低部位；只有站回且ETF／外資賣壓收斂後才重新評估。,59.7,100,9.87,9.91,38.84,16.06,6.21,33.28,277.29,-0.41,4.3,0.54,2.13,1,25,47,47,158,58,0,-609.95,-15219.676000000001,-22573.161,-20824.488,25,47,158,58,2,0,440860,-841.905,-1762.39,9.91,995,-10171,-17707,,-633.094,-14424.770999999999,-20968.771,-18826.513000000003,40.52,23.11,22.9,23.53,true,false,-5.3,-4.64,"單日成交金額低於5,000萬元；中期趨勢仍向下；外資持股5/10日下降，且外資5日賣超；20日趨勢尚未上彎；當下除權息調整價未守20日EMA"
356,2923,鼎固-KY,TWSE,建材營造,不建立部位,暫停加碼／跌破減碼,已有部位暫停加碼；若收盤跌破60日EMA約 28.52，且下一交易日仍未收復，先減碼三分之一；若ETF或外資繼續轉弱，再分批降低部位。,58.8,100,35.75,35,294.84,170.39,52.88,59.07,293.58,0.02,,1.4,0.33,1,0,0,0,0,0,0,82,643.159,1054.7930000000001,1894.8410000000001,0,0,0,0,0,0,0,57.709,77.242,99.54,51,585,978,,51,585.45,977.551,1774.551,58.08,60.54,65.88,49.85,false,true,7.53,7.68,"單日成交金額低於5,000萬元"
357,4536,拓凱,TWSE,運動休閒,不建立部位,暫停加碼／跌破減碼,已有部位暫停加碼；若收盤跌破60日EMA約 164.01，且下一交易日仍未收復，先減碼三分之一；若ETF或外資繼續轉弱，再分批降低部位。,58.8,100,168,168,10.04,-0.91,17.11,33.18,279.74,3.61,12.26,1.63,4.86,2,-1,-1,-1,0,1,0,76.595,773.945,1213.941,1351.249,-1,-1,0,121,0,1,-164500,5.371999999999999,2.690999999999999,13.97,62,812,1256,,78.41,769.5730000000001,1211.25,1226.46,53.92,58.57,47.18,81.36,false,false,0.9,1.51,"單日成交金額低於5,000萬元；20日累積後5日轉為調節；ETF 1/3日已轉為減碼；20日趨勢尚未上彎"
358,8499,鼎炫-KY,TWSE,其他電子業,不建立部位,停止加碼／開始減碼,已有部位先停止加碼。反彈若仍未站回 282.58，分批降低部位；只有站回且ETF／外資賣壓收斂後才重新評估。,58.8,100,234.5,234.25,116.29,87,18.33,24.71,357.1,2.61,22.75,1.09,3.52,1,0,0,0,0,0,0,-15.628,-88.987,-208.714,-130.231,0,0,0,0,0,0,0,-6.3870000000000005,-10.093,71.94,-16,-81,-187,,-9,-82.6,-198.621,-110.21800000000002,31.19,8.88,8.11,10.43,true,false,-12.64,-11.17,"單日成交金額低於5,000萬元；中期趨勢仍向下；外資持股5/10日下降，且外資5日賣超；20日趨勢尚未上彎；當下除權息調整價未守20日EMA"
359,1615,大山,TWSE,電器電纜,不建立部位,暫停加碼／跌破減碼,已有部位暫停加碼；若收盤跌破60日EMA約 44.40，且下一交易日仍未收復，先減碼三分之一；若ETF或外資繼續轉弱，再分批降低部位。,58.1,85,42.3,42.05,28.36,2.23,19.03,23,277.39,0.94,8.81,1.68,6.23,1,0,0,1,63,63,0,27,131,-191.68300000000002,48.100999999999985,0,1,62,62,1,0,41750,7,14,0.91,3,191,-336,,23,123,-267.683,-25.898999999999987,35.79,24.01,19.89,32.27,true,false,-3.31,-1.4,"單日成交金額低於5,000萬元；中期趨勢仍向下；20日趨勢尚未上彎；當下除權息調整價未守20日EMA"
360,1537,廣隆,TWSE,電機機械,不建立部位,暫停加碼／跌破減碼,已有部位暫停加碼；若收盤跌破60日EMA約 125.85，且下一交易日仍未收復，先減碼三分之一；若ETF或外資繼續轉弱，再分批降低部位。,57.9,100,127,127.25,14.05,0.69,11.36,22.65,520.51,2.11,16.58,2.24,5.71,1,0,0,0,1,1,0,22.227,222.385,424.574,431.165,0,0,1,1,0,0,0,129.036,128.41099999999997,16.06,21,64,228,,21.227,93.349,295.163,298.295,53.72,44.43,49.93,33.44,false,true,0.49,-0.39,"單日成交金額低於5,000萬元"
361,2546,根基,TWSE,建材營造,不建立部位,暫停加碼／跌破減碼,已有部位暫停加碼；若收盤跌破60日EMA約 92.55，且下一交易日仍未收復，先減碼三分之一；若ETF或外資繼續轉弱，再分批降低部位。,57.6,100,101.5,100.75,44.27,21.26,5.33,61.72,157.79,1.43,10.36,2.08,6.09,2,0,1,1,66,66,0,156,415.51899999999995,599.7529999999999,700.5559999999998,0,1,66,66,1,0,98500,9,22,3.96,165,318,393,,167,405.51899999999995,511.75299999999993,582.5559999999998,73.46,81.15,74.25,94.96,true,false,5.51,5.73,"單日成交金額低於5,000萬元"
362,9942,茂順,TWSE,其他,不建立部位,暫停加碼／跌破減碼,已有部位暫停加碼；若收盤跌破60日EMA約 119.17，且下一交易日仍未收復，先減碼三分之一；若ETF或外資繼續轉弱，再分批降低部位。,57.6,100,114.5,114.25,26.64,15.31,24.47,24.59,354.85,2.22,13.64,2.06,6.25,1,0,0,0,2,2,0,7.52,93.09100000000001,51.92400000000002,483.0520000000001,0,0,2,2,0,0,0,-48,-6,4.75,72,109,52,,71.52,141.091,55.92400000000002,332.0520000000001,36.3,24.75,35.27,3.73,false,false,-4.53,-7.66,"單日成交金額低於5,000萬元；當下除權息調整價未守20日EMA"
363,5534,長虹,TWSE,建材營造,不建立部位,暫停加碼／跌破減碼,已有部位暫停加碼；若收盤跌破60日EMA約 78.97，且下一交易日仍未收復，先減碼三分之一；若ETF或外資繼續轉弱，再分批降低部位。,57.5,100,80,79.85,124.21,34.2,8.61,52.34,200.43,0.19,16,1.09,7.02,1,0,0,0,0,0,0,182.416,-142.09300000000002,568.011,1866.0600000000002,0,0,-165,-165,0,0,0,36.1,235.66500000000002,9.63,201,-380,226,,184.89,-178.193,497.34599999999995,2044.058,53.14,41.04,33.41,56.32,true,false,0.67,0.13,"單日成交金額低於5,000萬元；20日趨勢尚未上彎"
364,2108,南帝,TWSE,橡膠工業,不建立部位,暫停加碼／跌破減碼,已有部位暫停加碼；若收盤跌破60日EMA約 27.91，且下一交易日仍未收復，先減碼三分之一；若ETF或外資繼續轉弱，再分批降低部位。,57.5,85,27.25,27.28,31.78,23.46,12.41,12.75,771.21,0.34,30.52,0.91,3.77,1,0,0,4,156,156,0,73.824,-1107.586,-1371.282,664.7490000000003,0,4,156,156,1,0,106200,13.713000000000001,28.242000000000004,5.46,389,415,92,,46.335,-1125.299,-1555.5240000000001,465.1749999999999,43.8,28.77,31.46,23.4,false,false,-2.35,-3.71,"單日成交金額低於5,000萬元；中期趨勢仍向下；20日趨勢尚未上彎；當下除權息調整價未守20日EMA"
365,8341,日友,TWSE,綠能環保,不建立部位,暫停加碼／跌破減碼,已有部位暫停加碼；若收盤跌破60日EMA約 76.84，且下一交易日仍未收復，先減碼三分之一；若ETF或外資繼續轉弱，再分批降低部位。,57.2,85,76.6,76.45,6.99,17.68,31.59,46.31,118.1,1.51,16.04,1.92,5.31,1,0,0,1,41,41,0,98.218,368.944,601.085,1155.385,0,1,41,41,1,0,75400,12.365000000000002,12.962000000000002,5.52,104,452,671,,91.443,355.57900000000006,547.123,1093.1019999999999,49.52,40.86,47.66,27.25,false,true,0.05,-0.52,"單日成交金額低於5,000萬元；當下除權息調整價未守20日EMA"
366,6192,巨路,TWSE,其他電子業,不建立部位,停止加碼／開始減碼,已有部位先停止加碼。反彈若仍未站回 119.08，分批降低部位；只有站回且ETF／外資賣壓收斂後才重新評估。,57.1,100,110,111,16.94,5.75,17.1,42.57,213.85,2.63,10.95,1.42,5.42,1,0,0,0,3,3,0,-12.619,-271.31899999999996,-423.65899999999993,-83.4219999999999,0,0,3,3,0,0,0,-45.512,-45.775,24.58,21,-183,-325,,37.488,-225.807,-380.884,-45.11100000000003,36.21,24.37,22.29,28.54,true,false,-4.29,-4.35,"單日成交金額低於5,000萬元；中期趨勢仍向下；外資持股5/10日下降，且外資5日賣超；20日趨勢尚未上彎；當下除權息調整價未守20日EMA"
367,2528,皇普,TWSE,建材營造,不建立部位,暫停加碼／跌破減碼,已有部位暫停加碼；若收盤跌破60日EMA約 19.52，且下一交易日仍未收復，先減碼三分之一；若ETF或外資繼續轉弱，再分批降低部位。,57,100,19.7,19.77,-5.37,-68.41,-398.67,67.95,179.48,-0.11,8.08,1.17,15.54,1,0,-9,168,181,572,0,34.401,120.82899999999998,615.7819999999999,1267.5130000000001,0,-8.957,-94.854,294.419,0,1,-172870,-63,-107,1.31,115,16,329,,37.401,192.78599999999997,817.6360000000001,1074.0939999999998,56.61,69.48,62.4,83.65,true,false,2.07,0.69,"單日成交金額低於5,000萬元；累計營收負成長且當月改善不足"
368,2362,藍天,TWSE,電腦及週邊設備業,不建立部位,暫停加碼／跌破減碼,已有部位暫停加碼；若收盤跌破60日EMA約 42.72，且下一交易日仍未收復，先減碼三分之一；若ETF或外資繼續轉弱，再分批降低部位。,56.7,100,42.65,42.2,30.25,17.64,6.85,57.84,111.43,0.61,18.5,0.54,4.83,1,0,0,0,-309,-315,0,-175.47,28.724000000000018,862.1120000000001,245.87500000000017,0,0,-309,-315,0,0,0,23.444,4.628000000000003,9.74,-102,502,1574,,-180.977,5.280000000000001,1166.4840000000002,575.5960000000002,48.34,47.42,55.92,30.41,false,true,-0.58,-3.4,"單日成交金額低於5,000萬元；當下除權息調整價未守20日EMA"
369,4763,材料*-KY,TWSE,化學工業,不建立部位,優先出脫,已有部位應優先降低曝險；目前觸發「單月與累計營收同步明顯衰退」。待事件解除或基本面重新確認後再評估。,56.7,100,49.1,48.48,-10.11,-30.69,49.58,6.15,1311.55,1.13,9.21,2.18,6.41,7,-113,-113,-109,793,1233,-125,2232.068,-509.81600000000003,4900.26,2937.68,-108.282,-93.215,1110.576,1546.593,3,1,-4437034,-131.84799999999996,110.02700000000004,46.8,2976,3113,7406,,2225.772,-284.75300000000016,3679.6569999999997,1166.6149999999996,54.69,38.34,42.29,30.45,false,false,2.04,-2.58,營收動能同步衰退；累計營收負成長且當月改善不足；20日累積後5日轉為調節；ETF 1/3日已轉為減碼；主動ETF 5日轉為減碼；20日趨勢尚未上彎
370,9802,鈺齊-KY,TWSE,運動休閒,不建立部位,暫停加碼／跌破減碼,已有部位暫停加碼；若收盤跌破60日EMA約 75.85，且下一交易日仍未收復，先減碼三分之一；若ETF或外資繼續轉弱，再分批降低部位。,56.6,100,73.4,73.6,15.45,0.37,5.13,38.72,126.86,0.89,12.61,1.06,7.13,1,0,0,0,-132,-245,0,-25.53,480.26099999999997,542.2900000000001,2378.6500000000005,2,6,-124,-238,3,0,429000,14.290999999999999,26.387999999999998,41.93,59,650,452,,-28.53,459.97,639.902,2552.9269999999997,47.77,41.92,38.72,48.32,true,false,-0.4,2.09,"單日成交金額低於5,000萬元；中期趨勢仍向下；20日趨勢尚未上彎；當下除權息調整價未守20日EMA"
371,3708,上緯投控,TWSE,綠能環保,不建立部位,停止加碼／開始減碼,已有部位先停止加碼。反彈若仍未站回 108.30，分批降低部位；只有站回且ETF／外資賣壓收斂後才重新評估。,56.5,100,90.3,90.6,61.7,-2.02,-37.61,20.7,182.77,0.13,2.15,0.46,7.4,2,0,1,1,-29,232,0,-42.653,-650.025,-644.6519999999999,-479.2369999999999,0,1,-29,82,1,0,87800,-221.145,-239.89600000000002,7.35,13,-262,-152,,-37,-429.88,-375.756,-380.1069999999999,33.98,20.81,24.47,13.49,false,false,-8.87,-9.7,"單日成交金額低於5,000萬元；中期趨勢仍向下；外資持股5/10日下降，且外資5日賣超；20日趨勢尚未上彎；當下除權息調整價未守20日EMA；單季稅前獲利對營業外貢獻依賴偏高"
372,1307,三芳,TWSE,塑膠工業,不建立部位,暫停加碼／跌破減碼,已有部位暫停加碼；若收盤跌破60日EMA約 32.85，且下一交易日仍未收復，先減碼三分之一；若ETF或外資繼續轉弱，再分批降低部位。,56.2,100,31.65,31.6,11.11,4.77,13.9,45.87,164.97,0.97,11.19,1.25,7.18,1,0,0,0,-13,-54,0,211.684,-810.312,-94.65699999999998,-1899.9340000000002,0,0,177.28900000000002,136.928,0,0,0,-23.467000000000006,-38.846000000000004,7.22,320,-389,215,,227,-786.845,-233.10000000000002,-885.302,43.45,35.59,33.59,39.59,true,false,-1.67,-2.01,"單日成交金額低於5,000萬元；中期趨勢仍向下；20日趨勢尚未上彎；當下除權息調整價未守20日EMA"
373,2420,新巨,TWSE,電子零組件業,不建立部位,停止加碼／開始減碼,已有部位先停止加碼。反彈若仍未站回 58.37，分批降低部位；只有站回且ETF／外資賣壓收斂後才重新評估。,56.2,100,54.1,53.9,10.73,1.47,29.85,28.03,376.2,1.05,13.48,1.95,5.65,1,0,6,6,6,6,0,99.45,-114.521,-465.595,-761.1899999999999,0,6,6,6,1,0,318600,11.569,-13.727,7.24,76,-50,-288,,106.642,-132.09,-457.86800000000005,-885.4190000000002,31.79,25.49,25.69,25.08,false,false,-5.53,-4.59,"單日成交金額低於5,000萬元；中期趨勢仍向下；外資持股5/10日下降，且外資5日賣超；20日趨勢尚未上彎；當下除權息調整價未守20日EMA"
374,2206,三陽工業,TWSE,汽車工業,不建立部位,優先出脫,已有部位應優先降低曝險；目前觸發「單月與累計營收同步明顯衰退」。待事件解除或基本面重新確認後再評估。,56.1,100,66,65.75,-13.38,-5.33,9.42,55.08,146.51,1.37,11.41,1.83,4.73,3,0,0,32,415,2051,32,1262.907,3760.464,3986.5479999999993,7865.056,5,52,434,2064,4,0,3364400,18,97,7.88,1618,4212,3434,,1262.907,3690.464,3455.548,5721.056,63.07,76.19,62.97,102.64,false,false,4.4,7.49,營收動能同步衰退；累計營收負成長且當月改善不足
375,3679,新至陞,TWSE,電子零組件業,不建立部位,暫停加碼／跌破減碼,已有部位暫停加碼；若收盤跌破60日EMA約 113.37，且下一交易日仍未收復，先減碼三分之一；若ETF或外資繼續轉弱，再分批降低部位。,55.7,100,112.5,112.5,1.35,-10.64,19.63,49.63,245.99,2.67,12.9,1.47,8.22,1,0,-1,-1,-5,-6,0,5,118.137,169.007,145.031,0,-0.963,-4.564,-5.54,0,1,-105448,0,2,8.54,27,136,179,,7,119.1,171.571,147.571,53.05,53.16,55.02,49.42,true,true,1.58,2.74,"單日成交金額低於5,000萬元；累計營收負成長且當月改善不足；ETF短中期同步減碼"
376,1726,永記,TWSE,化學工業,不建立部位,暫停加碼／跌破減碼,已有部位暫停加碼；若收盤跌破60日EMA約 77.70，且下一交易日仍未收復，先減碼三分之一；若ETF或外資繼續轉弱，再分批降低部位。,55.3,85,78.1,77.65,-5.59,3.17,14.08,14.57,526.27,2.03,13.12,1.16,4.76,1,0,0,1,51,51,0,-3,78.81,-22.982,-39.083,0,1,51,51,1,0,77800,2,0,12.7,3,96,-54,,-1,75.81,-73.982,-91.083,51.32,49.98,39.62,70.69,true,false,0.34,2.76,"單日成交金額低於5,000萬元；20日趨勢尚未上彎；當下除權息調整價未守20日EMA"
377,6585,鼎基,TWSE,其他,不建立部位,暫停加碼／跌破減碼,已有部位暫停加碼；若收盤跌破60日EMA約 116.49，且下一交易日仍未收復，先減碼三分之一；若ETF或外資繼續轉弱，再分批降低部位。,55.2,85,112,112.5,91.44,13.81,20.46,26.69,164.32,1.86,21.94,2.09,4.19,1,1,1,3,57,57,0,-65.306,130.043,209.77499999999998,219.954,1,3,57,57,3,0,322500,6.3050000000000015,1.6930000000000014,3.91,-2,236,289,,-54,120.73800000000003,151.08200000000005,223.9790000000001,39.22,25.06,30.38,14.42,false,false,-7.03,-8.57,"單日成交金額低於5,000萬元；中期趨勢仍向下；20日趨勢尚未上彎；當下除權息調整價未守20日EMA"
378,6115,鎰勝,TWSE,電子零組件業,不建立部位,暫停加碼／跌破減碼,已有部位暫停加碼；若收盤跌破60日EMA約 46.99，且下一交易日仍未收復，先減碼三分之一；若ETF或外資繼續轉弱，再分批降低部位。,55.1,100,45.9,45.68,15.96,11.79,8.93,34.53,261.24,0.71,15.9,1.52,6.2,1,0,0,0,0,0,0,24,115.3,80.30000000000001,-617.02,0,0,0,0,0,0,0,12,6,5.37,42,148,156,,33,103.3,74.30000000000001,-627.682,44.71,54.15,49.29,63.88,true,true,-0.62,-0.11,"單日成交金額低於5,000萬元；中期趨勢仍向下；20日趨勢尚未上彎；當下除權息調整價未守20日EMA"
379,7722,LINEPAY,TWSE,數位雲端,不建立部位,暫停加碼／跌破減碼,已有部位暫停加碼；若收盤跌破60日EMA約 293.69，且下一交易日仍未收復，先減碼三分之一；若ETF或外資繼續轉弱，再分批降低部位。,54.8,85,272,273.5,14.16,14.91,5.19,54.81,188.17,1.97,37.87,1.68,0.75,1,0,0,3,50,50,0,-0.055,85.912,102.283,278.82399999999996,0,3,48,164,2,0,801000,2.082,-1.1270000000000002,58.94,-7,83,73,,-1,80.83,55.41,112.96700000000001,40.72,23.1,31.25,6.8,false,false,-5.42,-6.69,"單日成交金額低於5,000萬元；中期趨勢仍向下；20日趨勢尚未上彎；當下除權息調整價未守20日EMA；官方重大訊息出現高風險關鍵字，須查原文"
380,2423,固緯,TWSE,其他電子業,不建立部位,暫停加碼／跌破減碼,已有部位暫停加碼；若收盤跌破60日EMA約 72.24，且下一交易日仍未收復，先減碼三分之一；若ETF或外資繼續轉弱，再分批降低部位。,54.1,85,72.1,71.65,26.66,23.96,25.97,29.35,257.46,1.3,18.79,3.45,3.74,1,0,0,0,45,45,0,-6,-50.669000000000004,252.549,108.15700000000001,0,0,45,45,0,0,0,4,1.939,5.07,28,-8,280,,21,-54.669000000000004,205.60999999999999,69.21799999999999,46.12,28.93,21.25,44.28,true,false,-2.49,-2.44,"單日成交金額低於5,000萬元；中期趨勢仍向下；20日趨勢尚未上彎；當下除權息調整價未守20日EMA"
381,2501,國建,TWSE,建材營造,不建立部位,暫停加碼／跌破減碼,已有部位暫停加碼；若收盤跌破60日EMA約 23.36，且下一交易日仍未收復，先減碼三分之一；若ETF或外資繼續轉弱，再分批降低部位。,54,100,22.5,22.35,-71.58,26.93,17.44,61.26,165.66,1.21,5.79,0.82,5.36,2,1,1,10,388,988,1,268.994,708.2910000000002,1547.313,-6763.849,1,10,388,988,3,0,224000,58.61599999999999,24.804999999999993,12.35,1133,2012,1467,,240.994,639.675,1134.508,-7357.245,44.01,51.4,45.4,63.4,true,true,-1.59,-1.1,"單日成交金額低於5,000萬元；中期趨勢仍向下；20日趨勢尚未上彎；當下除權息調整價未守20日EMA"
382,9911,櫻花,TWSE,居家生活,不建立部位,暫停加碼／跌破減碼,已有部位暫停加碼；若收盤跌破60日EMA約 83.44，且下一交易日仍未收復，先減碼三分之一；若ETF或外資繼續轉弱，再分批降低部位。,54,100,83,82.35,6.72,6.3,16.6,44.5,144.79,1.87,12.91,2.89,6.09,2,-2,-2,-2,2,2,0,117,-11.747000000000005,83.316,756.7,-2,-2,2,1,0,1,-164200,13,22.878999999999998,19.06,176,123,181,,128,-22.747000000000007,58.43699999999999,730.821,49.05,37.39,27.13,57.9,true,false,-0.02,0.48,"單日成交金額低於5,000萬元；中期趨勢仍向下；20日累積後5日轉為調節；ETF 1/3日已轉為減碼；20日趨勢尚未上彎；當下除權息調整價未守20日EMA"
383,2547,日勝生,TWSE,建材營造,不建立部位,停止加碼／開始減碼,已有部位先停止加碼。反彈若仍未站回 10.67，分批降低部位；只有站回且ETF／外資賣壓收斂後才重新評估。,53.6,100,10.55,10.6,141.99,43.61,21.82,75.59,87.59,0.06,73.93,0.75,7.73,1,0,-26,-26,-56,-82,0,1536.326,7099.066,7206.521,8705.609999999999,0,-25.932,419.616,388.83799999999997,0,1,-268396,107.969,160.591,13.64,2000,7429,4909,,1521.323,7017.029,6626.314,8126.889000000001,48.02,57,35.29,100.42,true,false,-0.03,4.46,"單日成交金額低於5,000萬元；中期趨勢仍向下；ETF短中期同步減碼；20日趨勢尚未上彎"
384,2010,春源,TWSE,鋼鐵工業,不建立部位,暫停加碼／跌破減碼,已有部位暫停加碼；若收盤跌破60日EMA約 22.49，且下一交易日仍未收復，先減碼三分之一；若ETF或外資繼續轉弱，再分批降低部位。,53.4,85,21.3,21.42,-0.43,7.1,7.21,48.27,163.4,0.57,8.97,1.12,9.57,1,0,0,5,205,205,0,146.931,644.7549999999999,870.558,-1104.332,0,5,205,205,1,0,104500,53.965,68.27100000000002,7.83,703,822,965,,175.931,585.79,597.287,-1473.76,42.2,61.35,51.3,81.45,true,true,-0.74,0.95,"單日成交金額低於5,000萬元；中期趨勢仍向下；20日趨勢尚未上彎；當下除權息調整價未守20日EMA"
385,1712,興農,TWSE,化學工業,不建立部位,暫停加碼／跌破減碼,已有部位暫停加碼；若收盤跌破60日EMA約 40.12，且下一交易日仍未收復，先減碼三分之一；若ETF或外資繼續轉弱，再分批降低部位。,53.1,100,39.7,39.5,4.08,3.12,7.64,49.53,134.41,0.67,16.03,2.13,6.29,2,0,-12,-12,436,727,0,610.254,1067.467,-198.42599999999996,-344.741,3,-4.551,607.713,896.6129999999999,2,1,-180902,53.208999999999996,23.051999999999992,13.4,656,992,-645,,601.254,1018.809,-829.191,-1261.8780000000002,52.83,55.66,48.05,70.89,true,true,0.56,1.53,"單日成交金額低於5,000萬元；中期趨勢仍向下；20日累積後5日轉為調節；20日趨勢尚未上彎"
386,5236,凌陽創新,TWSE,半導體業,不建立部位,停止加碼／開始減碼,已有部位先停止加碼。反彈若仍未站回 155.85，分批降低部位；只有站回且ETF／外資賣壓收斂後才重新評估。,53.1,100,140,140.75,12.78,17.77,35.04,31.79,316.05,2.97,14.06,3.5,6.72,1,0,0,0,0,5,0,38.549,-82.72600000000001,-244.906,-323.832,0,0,0,0,0,0,0,2.9979999999999998,-0.7480000000000004,6.91,170,-279,-397,,42.895,-85.72399999999999,-244.15799999999996,-319.15799999999996,35.39,26.64,29.92,20.1,false,false,-6.59,-6.98,"單日成交金額低於5,000萬元；中期趨勢仍向下；外資持股5/10日下降，且外資5日賣超；20日趨勢尚未上彎；當下除權息調整價未守20日EMA"
387,2535,達欣工,TWSE,建材營造,不建立部位,暫停加碼／跌破減碼,已有部位暫停加碼；若收盤跌破60日EMA約 85.29，且下一交易日仍未收復，先減碼三分之一；若ETF或外資繼續轉弱，再分批降低部位。,52.9,100,88.7,88.65,19.94,22.31,10.61,67.39,168.08,2.88,10.36,2.27,5.32,1,0,0,0,6,6,0,43.975,42.137,17.200999999999997,-254.70299999999997,1,3,10,9,3,0,259200,13.407999999999998,22.178999999999995,7.18,83,66,-66,,64.642,25.728999999999978,-14.97800000000002,-227.168,53.34,52.27,43.76,69.31,true,false,0.94,0.91,"單日成交金額低於5,000萬元；20日趨勢尚未上彎"
388,1447,力鵬,TWSE,紡織纖維,不建立部位,暫停加碼／跌破減碼,已有部位暫停加碼；若收盤跌破60日EMA約 6.99，且下一交易日仍未收復，先減碼三分之一；若ETF或外資繼續轉弱，再分批降低部位。,52,85,6.82,6.82,53.19,10.86,0.72,51.28,123.65,0.1,,0.74,,1,14,14,93,1693,1693,0,-71.156,1216.604,1345.332,826.6480000000006,14,93,1693,1693,3,0,624030,10,109.528,3.26,-99,1114,-457,,-99.156,1113.604,-457.19599999999997,-380.1959999999999,40.28,11.72,12.41,10.32,false,false,-9,-9.07,"單日成交金額低於5,000萬元；中期趨勢仍向下；20日趨勢尚未上彎；當下除權息調整價未守20日EMA"
389,8213,志超,TWSE,電子零組件業,不建立部位,停止加碼／開始減碼,已有部位先停止加碼。反彈若仍未站回 34.42，分批降低部位；只有站回且ETF／外資賣壓收斂後才重新評估。,51.9,100,29.95,29.73,26.05,10.64,2.32,48.99,172.88,0.3,14.77,0.47,4,1,0,0,0,0,0,0,-236.221,-1721.283,-2459.33,-4175.545,0,0,0,0,0,0,0,27.000000000000007,15.952000000000009,20.94,-167,-1338,-2061,,-182,-1748.283,-2475.282,-4189.696,35.17,21.04,17.15,28.83,true,false,-6.49,-4.77,"單日成交金額低於5,000萬元；中期趨勢仍向下；外資持股5/10日下降，且外資5日賣超；20日趨勢尚未上彎；當下除權息調整價未守20日EMA"
390,4532,瑞智,TWSE,電機機械,不建立部位,停止加碼／開始減碼,已有部位先停止加碼。反彈若仍未站回 24.92，分批降低部位；只有站回且ETF／外資賣壓收斂後才重新評估。,51.5,100,23.85,23.75,28.8,1.91,5.88,63.19,130.18,0.48,12.84,1.11,6.38,2,0,-12,-12,-64,-127,0,39.415,-1572.2559999999999,-2271.888,-2624.7460000000005,0,-11.478,-63.281,-126.94599999999998,0,1,-269733,-1.7780000000000014,-217.585,18.26,36,-1498,-1821,,21,-1559,-1991.022,-2110.4539999999997,39.75,26.88,19.34,41.96,true,false,-3.6,-2.25,"單日成交金額低於5,000萬元；中期趨勢仍向下；ETF短中期同步減碼；外資持股5/10日下降，且外資5日賣超；20日趨勢尚未上彎；當下除權息調整價未守20日EMA"
391,2504,國產,TWSE,建材營造,不建立部位,優先出脫,已有部位應優先降低曝險；目前觸發「價格跌破60日EMA且20日趨勢向下」。待事件解除或基本面重新確認後再評估。,51.3,100,32,31.83,-18.57,-8.83,21.85,38.45,131.85,0.7,9.68,1.34,8.16,8,3,527,540,507,-5108,0,547.838,3241.192,2090.915,-3185.4300000000003,11,569.355,553.623,-5073.6720000000005,4,1,18133957,107.773,-59.52500000000001,6.27,560,3560,3333,,508.838,2564.0640000000003,1596.8170000000005,1772.496,48.15,68.46,59.35,86.7,true,false,0.23,0.95,營收動能同步衰退；累計營收負成長且當月改善不足；中期趨勢仍向下；20日趨勢尚未上彎；當下除權息調整價未守20日EMA
392,2015,豐興,TWSE,鋼鐵工業,不建立部位,暫停加碼／跌破減碼,已有部位暫停加碼；若收盤跌破60日EMA約 63.13，且下一交易日仍未收復，先減碼三分之一；若ETF或外資繼續轉弱，再分批降低部位。,51.1,100,66.6,66.35,-9.73,-11.51,9.2,19.29,277.39,0.91,15.54,1.75,4.96,3,0,0,5,114,114,0,471.446,1556.648,1709.3839999999998,3226.5699999999997,0,5,114,85,1,0,332500,28,22,12.81,484,1536,1601,,477.446,1523.648,1573.3839999999998,3114.5699999999997,70.36,79.93,76.94,85.91,false,false,4.09,4.39,"單日成交金額低於5,000萬元；累計營收負成長且當月改善不足"
393,2450,神腦,TWSE,通信網路業,不建立部位,暫停加碼／跌破減碼,已有部位暫停加碼；若收盤跌破60日EMA約 29.22，且下一交易日仍未收復，先減碼三分之一；若ETF或外資繼續轉弱，再分批降低部位。,51.1,100,28.85,28.75,16.42,15.9,0.71,45.77,159.98,0.25,18.73,1.21,5.41,1,0,0,0,0,0,0,15,155.32999999999998,73.32999999999998,95.34999999999998,0,0,0,0,0,0,0,15,10,1.38,21,178,120,,14,140.32999999999998,63.329999999999984,81.34999999999998,47.52,42.09,36.65,52.95,false,false,-0.05,-0.17,"單日成交金額低於5,000萬元；中期趨勢仍向下；20日趨勢尚未上彎；當下除權息調整價未守20日EMA"
394,2031,新光鋼,TWSE,鋼鐵工業,不建立部位,暫停加碼／跌破減碼,已有部位暫停加碼；若收盤跌破60日EMA約 39.46，且下一交易日仍未收復，先減碼三分之一；若ETF或外資繼續轉弱，再分批降低部位。,51,100,38.6,38.45,7.82,-2.42,9.32,60.87,148.59,0.22,8.42,1.17,6.49,2,0,0,0,-11,418,0,-84.807,132.39199999999997,820.565,4211.115000000001,0,0,89.807,516.858,0,0,0,-72.073,-26.38499999999999,8.47,96,354,929,,-87.066,204.46499999999997,757.143,3702.274,43.96,26.26,45.06,-11.34,false,false,-2.07,-3.86,"單日成交金額低於5,000萬元；累計營收負成長且當月改善不足；當下除權息調整價未守20日EMA"
395,3622,洋華,TWSE,光電業,不建立部位,優先出脫,已有部位應優先降低曝險；目前觸發「價格跌破60日EMA且20日趨勢向下」。待事件解除或基本面重新確認後再評估。,50.8,100,53,52.65,-19.47,-3.09,21.05,14.94,617.21,1.09,8.7,1.06,6.3,1,0,0,0,-4,7,0,-47.159,-269.20099999999996,-377.65,-879.001,0,0,-3.949,6.827999999999999,0,0,0,44.139,66.863,3.72,6,688,637,,-37,-313.34000000000003,-440.564,-948.614,44.12,39.35,32.45,53.14,true,true,-1.6,-1.12,"單日成交金額低於5,000萬元；營收動能同步衰退；累計營收負成長且當月改善不足；中期趨勢仍向下；20日趨勢尚未上彎；當下除權息調整價未守20日EMA；單季稅前獲利對營業外貢獻依賴偏高"
396,3090,日電貿,TWSE,電子零組件業,不建立部位,優先出脫,已有部位應優先降低曝險；目前觸發「價格跌破60日EMA且20日趨勢向下」。待事件解除或基本面重新確認後再評估。,50.6,100,125,121,32.37,22.69,13.32,29.72,147.32,1.7,23.75,1.86,4.21,7,4,4,129,518,82,0,-1479.227,-1296.1950000000002,1353.7899999999997,-880.7080000000003,-673,-1756,-5155,-16016,0,5,-200184000,153.21300000000002,224.187,14.21,-1190,585,6472,,-945,306.59200000000004,6284.603,15212.929,26.28,7.1,6.15,9.01,true,false,-34.2,-23.78,處置或交易限制風險；中期趨勢仍向下；投信5/10日持續且具金額意義的賣超；20日趨勢尚未上彎；當下除權息調整價未守20日EMA
397,2247,汎德永業,TWSE,汽車工業,不建立部位,暫停加碼／跌破減碼,已有部位暫停加碼；若收盤跌破60日EMA約 228.85，且下一交易日仍未收復，先減碼三分之一；若ETF或外資繼續轉弱，再分批降低部位。,50.4,100,231,230,-6.99,-26.05,2.55,41.59,264.5,2.35,14.52,1.5,6.29,2,0,-1,-1,22,21,0,62,183.882,210.93900000000002,218.442,0,-0.997,21.78,20.781000000000002,0,1,-229808,-3,-18.070999999999998,3.91,113,256,165,,66,187.87900000000002,207.23000000000005,210.73199999999997,55.54,63.96,48.92,94.05,false,false,1.49,2.67,"單日成交金額低於5,000萬元；累計營收負成長且當月改善不足；20日累積後5日轉為調節；20日趨勢尚未上彎"
398,8442,威宏-KY,TWSE,其他,不建立部位,暫停加碼／跌破減碼,已有部位暫停加碼；若收盤跌破60日EMA約 45.02，且下一交易日仍未收復，先減碼三分之一；若ETF或外資繼續轉弱，再分批降低部位。,50.4,100,43.45,43.78,32.95,9.28,0.73,52.46,170.15,0.03,24.16,0.84,6.94,1,0,-1,-1,-5,-6,0,-2,100.995,151.28199999999998,17.30699999999997,0,-1.205,-5.1,-6.316,0,1,-52116,23,33.982,56.31,45,154,183,,-5,79.2,122.4,-15.376999999999995,46.13,26.63,40.96,-2.03,false,false,-1.88,-5.65,"單日成交金額低於5,000萬元；ETF短中期同步減碼；當下除權息調整價未守20日EMA"
399,2373,震旦行,TWSE,其他電子業,不建立部位,暫停加碼／跌破減碼,已有部位暫停加碼；若收盤跌破60日EMA約 55.68，且下一交易日仍未收復，先減碼三分之一；若ETF或外資繼續轉弱，再分批降低部位。,50.3,100,54.2,53.9,4.91,-2.47,4.67,52.68,186.73,0.72,13.79,1.72,6.88,1,0,0,0,0,0,0,13,105.1,102.04299999999999,114.043,0,0,0,0,0,0,0,6,8,1.42,15,109,106,,13,99.1,94.04299999999999,101.043,43.16,35.23,28.36,48.97,true,true,-0.51,0.37,"單日成交金額低於5,000萬元；累計營收負成長且當月改善不足；中期趨勢仍向下；20日趨勢尚未上彎；當下除權息調整價未守20日EMA"
400,2397,友通,TWSE,電腦及週邊設備業,不建立部位,暫停加碼／跌破減碼,已有部位暫停加碼；若收盤跌破60日EMA約 58.67，且下一交易日仍未收復，先減碼三分之一；若ETF或外資繼續轉弱，再分批降低部位。,50.3,100,54,54.1,31.37,25.65,5.57,58.1,145.39,0.76,22.72,1.87,4.65,1,0,0,0,0,0,0,-36,-141.98,618.6809999999999,1596.8159999999998,0,0,0,0,0,0,0,6,1,14.2,8,-100,680,,-36,-147.98,617.6809999999999,1597.8159999999998,39.01,24.38,36.97,-0.8,false,false,-5.4,-8.78,"單日成交金額低於5,000萬元；中期趨勢仍向下；20日趨勢尚未上彎；當下除權息調整價未守20日EMA"
401,1444,力麗,TWSE,紡織纖維,不建立部位,暫停加碼／跌破減碼,已有部位暫停加碼；若收盤跌破60日EMA約 7.46，且下一交易日仍未收復，先減碼三分之一；若ETF或外資繼續轉弱，再分批降低部位。,50.3,85,7.13,7.08,25.55,24.23,-0.66,45.64,86.07,0.07,,0.71,,1,19,19,124,2257,2257,0,-245.845,490.1389999999999,124.22999999999992,-986.6189999999997,19,124,2257,2257,3,0,870480,71,7,5.33,-108,295,-2140,,-107.845,295.1389999999999,-2139.77,-3348.683000000001,38.26,9.38,12.27,3.6,false,false,-8.58,-10.87,"單日成交金額低於5,000萬元；中期趨勢仍向下；20日趨勢尚未上彎；當下除權息調整價未守20日EMA；單季稅前獲利對營業外貢獻依賴偏高"
402,6756,威鋒電子,TWSE,半導體業,不建立部位,停止加碼／開始減碼,已有部位先停止加碼。反彈若仍未站回 94.28，分批降低部位；只有站回且ETF／外資賣壓收斂後才重新評估。,50,100,89.1,89.1,50.06,16.36,-12.22,24.85,205.7,0.64,55.59,2.02,1.07,1,0,0,0,0,0,0,15.313,-91.389,-110.53099999999999,-136.03999999999996,0,0,0,0,0,0,0,-0.6889999999999983,-0.0669999999999984,3.05,40,-31,-67,,26,-90.7,-110.464,-133.447,42.21,31.54,34.42,25.78,false,false,-5,-8.14,"單日成交金額低於5,000萬元；中期趨勢仍向下；外資持股5/10日下降，且外資5日賣超；20日趨勢尚未上彎；當下除權息調整價未守20日EMA；單季稅前獲利對營業外貢獻依賴偏高"
403,1342,八貫,TWSE,其他,不建立部位,暫停加碼／跌破減碼,已有部位暫停加碼；若收盤跌破60日EMA約 106.49，且下一交易日仍未收復，先減碼三分之一；若ETF或外資繼續轉弱，再分批降低部位。,49.7,85,98.5,98.2,40.14,28.64,20.36,44.95,190.74,2.08,17.23,3.82,5.85,1,1,1,6,102,102,0,-32.523,-24.16800000000001,4.302999999999983,889.818,1,6,102,102,3,0,615000,3.761,4.376,33.32,2,100,27,,-27.512,-33.92900000000001,-102.07300000000004,781.722,30.68,15.09,22.97,-0.68,false,false,-9.66,-11.26,"單日成交金額低於5,000萬元；中期趨勢仍向下；20日趨勢尚未上彎；當下除權息調整價未守20日EMA"
404,2415,錩新,TWSE,電子零組件業,不建立部位,暫停加碼／跌破減碼,已有部位暫停加碼；若收盤跌破60日EMA約 31.83，且下一交易日仍未收復，先減碼三分之一；若ETF或外資繼續轉弱，再分批降低部位。,49.7,85,30.25,30.35,9.2,10.25,11.14,69.2,133.88,0.35,15.29,1.49,5.42,1,2,2,13,233,233,0,-25.976,114.88399999999999,67.354,882.369,2,13,233,233,3,0,381550,13.485,5.167999999999999,21.23,0,151,-111,,-13.976,88.399,-170.814,630.649,38.76,16.84,19.85,10.83,false,false,-8.09,-7.35,"單日成交金額低於5,000萬元；中期趨勢仍向下；20日趨勢尚未上彎；當下除權息調整價未守20日EMA"
405,3003,健和興,TWSE,電子零組件業,不建立部位,停止加碼／開始減碼,已有部位先停止加碼。反彈若仍未站回 60.85，分批降低部位；只有站回且ETF／外資賣壓收斂後才重新評估。,49.5,100,56,55.95,36.15,31.5,8.87,21.85,464.19,0.47,52.97,1.3,1.87,1,0,0,0,0,0,0,-144.251,-219.931,-1128.328,-698.435,0,0,0,0,0,0,0,6.136000000000002,33.108000000000004,3.97,-50,-398,-1442,,-126.9,-226.067,-1161.4360000000001,-755.8410000000001,37.74,19.27,17.92,21.98,true,false,-6.94,-5.25,"單日成交金額低於5,000萬元；中期趨勢仍向下；外資持股5/10日下降，且外資5日賣超；20日趨勢尚未上彎；當下除權息調整價未守20日EMA"
406,6176,瑞儀,TWSE,光電業,不建立部位,優先出脫,已有部位應優先降低曝險；目前觸發「價格跌破60日EMA且20日趨勢向下」。待事件解除或基本面重新確認後再評估。,49.5,100,85.1,85.2,-15.03,-5.98,11.95,49.96,165.92,2.29,9.05,1.08,4.13,7,0,0,4,-75,-5322,0,1560.235,2123.6710000000003,3270.0589999999997,9793.239,0,4,-154.469,-5401.728,1,0,339200,18.216999999999995,172.599,36.09,1406,1264,2278,,1406.193,2101.4539999999997,3251.929,15145.725999999999,40.88,44.23,43.91,44.87,true,true,-2.26,-3.41,營收動能同步衰退；累計營收負成長且當月改善不足；中期趨勢仍向下；20日趨勢尚未上彎；當下除權息調整價未守20日EMA；官方重大訊息出現高風險關鍵字，須查原文
407,6790,永豐實,TWSE,造紙工業,不建立部位,暫停加碼／跌破減碼,已有部位暫停加碼；若收盤跌破60日EMA約 39.52，且下一交易日仍未收復，先減碼三分之一；若ETF或外資繼續轉弱，再分批降低部位。,49.3,100,39.05,38.95,-4.83,-1.24,9.89,43.5,207.33,0.83,12.69,1.71,6.8,1,0,0,2,44,44,0,109,495.20799999999997,575.4929999999999,449.33299999999997,0,2,124,124,1,0,77900,12,16,2,112,457,500,,110,481.20799999999997,435.493,297.33299999999997,45.94,69.07,60.32,86.55,false,false,-0.38,0.77,"單日成交金額低於5,000萬元；累計營收負成長且當月改善不足；中期趨勢仍向下；20日趨勢尚未上彎；當下除權息調整價未守20日EMA"
408,6592,和潤企業,TWSE,其他,不建立部位,暫停加碼／跌破減碼,已有部位暫停加碼；若收盤跌破60日EMA約 60.85，且下一交易日仍未收復，先減碼三分之一；若ETF或外資繼續轉弱，再分批降低部位。,49.1,100,62.3,62.15,-6.2,-4.3,19.17,87.19,105.79,0.76,12.38,1.18,5.42,2,0,-9,-9,-317,-383,0,236.439,549.1969999999999,490.81399999999996,935.9490000000001,0,-9.429,-317.429,-382.739,0,1,-574226,-12.470000000000002,-15.355999999999998,22.95,420,743,5408,,233.943,571.096,823.5989999999999,1316.8809999999999,58.3,61.06,50.34,82.51,true,false,2.44,2.13,"單日成交金額低於5,000萬元；累計營收負成長且當月改善不足；ETF短中期同步減碼；外資持股趨勢資料不足或期間有非市場異動"
409,6743,安普新,TWSE,其他電子業,不建立部位,暫停加碼／跌破減碼,已有部位暫停加碼；若收盤跌破60日EMA約 29.49，且下一交易日仍未收復，先減碼三分之一；若ETF或外資繼續轉弱，再分批降低部位。,49,100,29.95,29.95,29.71,0.77,1.93,69.09,87.9,-0.19,36.1,1.62,10.14,1,0,-3,-3,-8,-11,0,-20.088,45.849000000000004,26.371000000000002,-159.08699999999993,0,-3.758,-8.015,-11.75,0,1,-111237,13,5,3.65,119,120,-61,,14.912,36.607,29.38600000000001,-166.337,48.25,43.17,43.91,41.71,false,true,-0.7,-1.8,"單日成交金額低於5,000萬元；ETF短中期同步減碼；20日趨勢尚未上彎；當下除權息調整價未守20日EMA"
410,2477,美隆電,TWSE,其他電子業,不建立部位,優先出脫,已有部位應優先降低曝險；目前觸發「價格跌破60日EMA且20日趨勢向下」。待事件解除或基本面重新確認後再評估。,48.7,100,21.6,21.5,-15.09,-7.77,1.55,48.26,226.32,0.11,13.21,0.83,6.54,1,0,-4,-4,38,185,0,34,83.328,200.549,59.185,0,-3.472,38.054,184.945,0,1,-74301,-2,2,23.79,36,510,511,,36,88.8,160.495,-131.76,52.23,66.41,63.48,72.29,false,false,0.83,1.41,"單日成交金額低於5,000萬元；營收動能同步衰退；累計營收負成長且當月改善不足；中期趨勢仍向下；20日累積後5日轉為調節；20日趨勢尚未上彎；單季稅前獲利對營業外貢獻依賴偏高"
411,2597,潤弘,TWSE,建材營造,不建立部位,暫停加碼／跌破減碼,已有部位暫停加碼；若收盤跌破60日EMA約 166.43，且下一交易日仍未收復，先減碼三分之一；若ETF或外資繼續轉弱，再分批降低部位。,48.6,100,166,164.75,2.95,15.29,13.49,57.34,134.72,2.38,14.22,5.39,5.99,5,3,3,4,12,12,0,2.968,455.62,514.756,590.5709999999999,4.668,11.617,19.202,17.142000000000003,3,0,1876146,18.137999999999998,10.681,2.15,39,359,571,,-4.691,425.865,484.873,574.7510000000001,51.08,61.2,46.38,90.85,false,false,0.96,3.11,"單日成交金額低於5,000萬元；中期趨勢仍向下；20日趨勢尚未上彎"
412,4441,振大環球,TWSE,紡織纖維,不建立部位,停止加碼／開始減碼,已有部位先停止加碼。反彈若仍未站回 190.29，分批降低部位；只有站回且ETF／外資賣壓收斂後才重新評估。,48.6,100,174.5,174.75,-3.51,10.64,17.54,28.19,286.75,4.81,11.92,1.76,6.35,1,0,0,0,0,0,0,5.546,1.5549999999999997,-28.751,71.655,0,0,0,0,0,0,0,4.949,12.511,1.29,11,-11,-46,,10.597,-3.394,-41.262,56.144000000000005,38.66,37.33,28.72,54.54,true,true,-2.63,-1.41,"單日成交金額低於5,000萬元；中期趨勢仍向下；外資持股5/10日下降，且外資5日賣超；20日趨勢尚未上彎；當下除權息調整價未守20日EMA"
413,9930,中聯資源,TWSE,綠能環保,不建立部位,暫停加碼／跌破減碼,已有部位暫停加碼；若收盤跌破60日EMA約 66.15，且下一交易日仍未收復，先減碼三分之一；若ETF或外資繼續轉弱，再分批降低部位。,48.6,100,63.5,63.35,-7.26,-6.65,10.6,38.06,133.9,1.1,13.34,2.27,6.34,2,0,0,2,23,21,0,78,429.396,485.293,638.065,0,2,23,21,1,0,126200,23,2.696999999999999,2.12,71,386,455,,78,404.396,459.596,608.368,42.4,55.13,55.98,53.42,false,true,-0.82,0.16,"單日成交金額低於5,000萬元；累計營收負成長且當月改善不足；中期趨勢仍向下；20日趨勢尚未上彎；當下除權息調整價未守20日EMA"
414,1707,葡萄王,TWSE,生技醫療業,不建立部位,暫停加碼／跌破減碼,已有部位暫停加碼；若收盤跌破60日EMA約 98.15，且下一交易日仍未收復，先減碼三分之一；若ETF或外資繼續轉弱，再分批降低部位。,48.5,100,91.8,91.25,-7.24,-2.69,14.72,23.5,159.55,1.18,11.39,1.35,6.59,1,0,0,0,-69,-71,0,89.241,289.339,294.604,655.137,0,0,3,1,0,0,0,6,-5,14.4,88,314,121,,90.241,283.339,296.604,665.073,43.41,34.75,29.73,44.79,true,false,-0.32,0.33,"單日成交金額低於5,000萬元；累計營收負成長且當月改善不足；中期趨勢仍向下；20日趨勢尚未上彎；當下除權息調整價未守20日EMA"
415,3550,聯穎,TWSE,電子零組件業,不建立部位,停止加碼／開始減碼,已有部位先停止加碼。反彈若仍未站回 24.62，分批降低部位；只有站回且ETF／外資賣壓收斂後才重新評估。,48,85,19.4,19.45,38.08,27.35,1.97,60.89,163.11,0.21,,1.19,,1,2,2,14,253,253,0,-385.352,-325.53299999999996,-423.5700000000001,-1486.9850000000004,2,14,253,253,3,0,259000,20.638,31.520000000000003,8.29,-433,-372,-734,,-393.977,-360.17099999999994,-708.0899999999998,-1750.645,31.88,12.33,11.2,14.58,true,false,-17.09,-11.62,"單日成交金額低於5,000萬元；中期趨勢仍向下；外資持股5/10日下降，且外資5日賣超；20日趨勢尚未上彎；當下除權息調整價未守20日EMA"
416,2474,可成,TWSE,其他電子業,不建立部位,優先出脫,已有部位應優先降低曝險；目前觸發「價格跌破60日EMA且20日趨勢向下」。待事件解除或基本面重新確認後再評估。,47.7,100,182.5,182.25,-55.07,-31.58,6.45,36.79,147.21,2.63,17.1,0.7,5.75,24,86,408,573,7257,12861,0,-102.039,-1135.0510000000002,-1916.5160000000003,-4920.603000000001,22.762,410.762,6600.732,11639.545,5,0,73321017,-208.75900000000001,-255.81400000000005,15.09,-38,248,-4405,,-139.857,-1337.0539999999999,-8261.434,-16931.834,37.84,25.87,29.51,18.57,false,false,-3.97,-3.69,營收動能同步衰退；累計營收負成長且當月改善不足；中期趨勢仍向下；20日趨勢尚未上彎；當下除權息調整價未守20日EMA；單季稅前獲利對營業外貢獻依賴偏高
417,1612,宏泰,TWSE,電器電纜,不建立部位,優先出脫,已有部位應優先降低曝險；目前觸發「價格跌破60日EMA且20日趨勢向下」。待事件解除或基本面重新確認後再評估。,47.1,100,30.6,30.58,-11.28,-1.37,14.25,17.94,333.61,0.82,9.87,1.15,8.45,2,0,0,2,88,51,0,20.24,-1184.981,-2400.893,-6699.579000000001,0,2,273.553,236.685,1,0,59200,41.69799999999999,-2.3270000000000066,15.01,173,-733,-2033,,-8.065,-1228.679,-2672.119,-6646.612,33.2,32.04,26.12,43.88,true,false,-4.27,-1.45,"單日成交金額低於5,000萬元；營收動能同步衰退；累計營收負成長且當月改善不足；中期趨勢仍向下；外資持股5/10日下降，且外資5日賣超；20日趨勢尚未上彎；當下除權息調整價未守20日EMA"
418,6189,豐藝,TWSE,電子通路業,不建立部位,暫停加碼／跌破減碼,已有部位暫停加碼；若收盤跌破60日EMA約 49.71，且下一交易日仍未收復，先減碼三分之一；若ETF或外資繼續轉弱，再分批降低部位。,47.1,100,47.5,47.3,4.49,-2.48,4.6,57.46,168.57,1,17.09,1.83,6.01,3,0,0,0,-14,-30,0,73.055,-271.026,-101.982,748.406,0,0,10.08,-8.125,0,0,0,31.075999999999993,32.434999999999995,7.33,121,-125,102,,88,-302.102,-144.49699999999996,686.498,44.12,33.63,33.59,33.71,true,false,-2.2,-2.96,"單日成交金額低於5,000萬元；累計營收負成長且當月改善不足；中期趨勢仍向下；20日趨勢尚未上彎；當下除權息調整價未守20日EMA"
419,2491,吉祥全,TWSE,光電業,不建立部位,暫停加碼／跌破減碼,已有部位暫停加碼；若收盤跌破60日EMA約 29.58，且下一交易日仍未收復，先減碼三分之一；若ETF或外資繼續轉弱，再分批降低部位。,46.9,85,22.7,22.73,7.63,-7.13,-126.79,15.89,662.97,0.85,6.44,1.82,,1,1,1,8,148,148,0,182,588.6,676.8499999999999,899.6889999999999,1,8,148,148,3,0,177200,11,6,6.8,178,572,526,,177,569.6,522.8499999999999,739.6889999999999,26.11,6.33,7.62,3.75,false,false,-24.08,-21.99,"單日成交金額低於5,000萬元；累計營收負成長且當月改善不足；中期趨勢仍向下；20日趨勢尚未上彎；當下除權息調整價未守20日EMA；單季稅前獲利對營業外貢獻依賴偏高"
420,4571,鈞興-KY,TWSE,電機機械,不建立部位,停止加碼／開始減碼,已有部位先停止加碼。反彈若仍未站回 169.56，分批降低部位；只有站回且ETF／外資賣壓收斂後才重新評估。,46.7,100,145,145.5,5.51,-1.05,18.97,19.94,401.3,2.41,15.37,2.13,3.81,1,0,0,0,1,1,0,-65.117,-304.58,-394.28799999999995,-927.405,0,0,1,1,0,0,0,-4.999,-13.404,63.79,-26,-181,-189,,-61,-299.581,-381.88400000000007,-911.6530000000001,35.54,23.7,25.96,19.18,false,true,-6.8,-4.29,"單日成交金額低於5,000萬元；累計營收負成長且當月改善不足；中期趨勢仍向下；外資持股5/10日下降，且外資5日賣超；20日趨勢尚未上彎；當下除權息調整價未守20日EMA"
421,6768,志強-KY,TWSE,運動休閒,不建立部位,停止加碼／開始減碼,已有部位先停止加碼。反彈若仍未站回 78.45，分批降低部位；只有站回且ETF／外資賣壓收斂後才重新評估。,46.7,100,70.7,70.45,5.2,-4.39,6.14,35.59,256.21,1.2,13.07,0.89,7.48,2,0,0,-82,-517,-754,-82,76.812,139.834,363.12899999999996,452.2960000000001,0,-82,-423.696,-660.437,0,1,-5658000,-7.698,-9.21,57.55,119,385,683,,77,229.53199999999998,796.0349999999999,1133.5379999999998,41.3,39.7,35.58,47.95,true,true,-1.68,2.46,"單日成交金額低於5,000萬元；累計營收負成長且當月改善不足；中期趨勢仍向下；ETF短中期同步減碼；主動ETF 5日轉為減碼；20日趨勢尚未上彎；當下除權息調整價未守20日EMA"
422,2387,精元,TWSE,電腦及週邊設備業,不建立部位,優先出脫,已有部位應優先降低曝險；目前觸發「價格跌破60日EMA且20日趨勢向下」。待事件解除或基本面重新確認後再評估。,46.5,100,38.15,38.1,-17.57,-9.89,2.13,44.48,180.59,0.49,13.12,0.7,10.7,3,0,-8,-8,127,335,0,128.694,-187.95499999999998,-467.59299999999996,-641.0409999999999,0,-8.005,127.01300000000002,335.06300000000005,0,1,-299387,26.650000000000002,4.585000000000004,9.26,143,10,-231,,152.98,-206.60000000000002,-599.191,-997.72,43.04,40.68,39.39,43.25,true,false,-1.39,-1.8,"單日成交金額低於5,000萬元；營收動能同步衰退；累計營收負成長且當月改善不足；中期趨勢仍向下；20日累積後5日轉為調節；20日趨勢尚未上彎；當下除權息調整價未守20日EMA；單季稅前獲利對營業外貢獻依賴偏高"
423,1810,和成,TWSE,玻璃陶瓷,不建立部位,優先出脫,已有部位應優先降低曝險；目前觸發「單月與累計營收同步明顯衰退」。待事件解除或基本面重新確認後再評估。,46.4,100,24.2,24.25,-11.91,-8.26,-19.13,20.48,326.07,3.64,6.22,0.88,0.85,1,34,34,43,58,66,0,-1506.825,-3420.877,1083.976000000001,-1536.8989999999988,33.999,42.79600000000001,57.48400000000001,66.199,2,0,1005706,-520.5799999999999,1274.9940000000001,4.69,-1252,-2214,476,,-1467.673,-2943.093,-248.50199999999813,-2936.486999999998,46.71,14.02,26.28,-10.49,false,false,-6.68,-15.38,營收動能同步衰退；累計營收負成長且當月改善不足；當下除權息調整價未守20日EMA；單季稅前獲利對營業外貢獻依賴偏高
424,2530,華建,TWSE,建材營造,不建立部位,優先出脫,已有部位應優先降低曝險；目前觸發「單月與累計營收同步明顯衰退」。待事件解除或基本面重新確認後再評估。,46,100,21.2,21.03,-96.97,-94.26,-2.09,66.65,160.8,-0.04,10.77,1.77,8.77,2,0,-16,-16,547,1346,0,216.055,1346.332,2154.735,1860.462,0,-14.998,989.049,1783.512,0,1,-316458,-33.109,-34.10900000000001,3.42,237,1555,1348,,227.055,1394.439,1199.795,841.0589999999997,64.5,82.94,74.22,100.36,false,false,5.96,6,"單日成交金額低於5,000萬元；營收動能同步衰退；累計營收負成長且當月改善不足；20日累積後5日轉為調節"
425,3703,欣陸,TWSE,建材營造,不建立部位,暫停加碼／跌破減碼,已有部位暫停加碼；若收盤跌破60日EMA約 20.99，且下一交易日仍未收復，先減碼三分之一；若ETF或外資繼續轉弱，再分批降低部位。,45.8,85,20.95,20.92,-5.55,-8.84,5.1,70.2,122.38,0.33,9.9,0.62,5.1,1,0,1,4,395,395,0,1490.587,2940.185,3799.945,4081.588999999999,3,13,406,403,5,0,267800,87.047,65.577,20.71,1475,3071,3777,,1430.587,2840.138,3328.368,3589.038,53.38,68.35,62.41,80.22,true,false,0.99,0.72,"單日成交金額低於5,000萬元；累計營收負成長且當月改善不足；中期趨勢仍向下；20日趨勢尚未上彎；官方重大訊息出現高風險關鍵字，須查原文"
426,8476,台境*,TWSE,綠能環保,不建立部位,暫停加碼／跌破減碼,已有部位暫停加碼；若收盤跌破60日EMA約 20.94，且下一交易日仍未收復，先減碼三分之一；若ETF或外資繼續轉弱，再分批降低部位。,45.5,85,19.55,19.55,66.05,3.11,2.34,55.74,159.3,0,46.67,1.7,1.02,1,3,3,18,324,324,0,-147,-1086.6970000000001,-909.2030000000002,-2566.232,3,18,324,324,3,0,352800,17,18,1.46,562,334,580,,-126,-1121.6970000000001,-1251.2030000000002,-2912.232,35.91,17.44,29.31,-6.3,false,false,-10.9,-15.91,"單日成交金額低於5,000萬元；中期趨勢仍向下；20日趨勢尚未上彎；當下除權息調整價未守20日EMA"
427,6281,全國電,TWSE,電子通路業,不建立部位,暫停加碼／跌破減碼,已有部位暫停加碼；若收盤跌破60日EMA約 52.00，且下一交易日仍未收復，先減碼三分之一；若ETF或外資繼續轉弱，再分批降低部位。,45.2,100,51.5,51.7,-0.86,-1.6,3.12,73.4,127.06,1.13,13.89,1.92,6.37,1,0,0,0,0,0,0,6,114.30000000000001,199.805,330.632,0,0,0,0,0,0,0,5,6,2.7,11,111,174,,9,109.30000000000001,193.805,321.632,48.59,38.2,46.09,22.42,false,true,-0.29,-0.77,"單日成交金額低於5,000萬元；累計營收負成長且當月改善不足"
428,2492,華新科,TWSE,電子零組件業,不建立部位,優先出脫,已有部位應優先降低曝險；目前觸發「價格跌破60日EMA且20日趨勢向下」。待事件解除或基本面重新確認後再評估。,44.8,100,218,218,25.84,14.67,7.54,38.88,156.23,1.69,38.03,1.8,1.26,8,10,29,395,-2450,-2016,0,-358.034,-429.0699999999999,-1800.875,-4154.759000000001,-38,-328,-5180,-7749.7,3,2,-65108000,-423.638,2098.991,24.62,-345,575,1525,,-424.327,322.568,1280.134,604.1690000000001,28.65,9.37,8.57,10.99,true,false,-32.33,-20.44,處置或交易限制風險；中期趨勢仍向下；20日趨勢尚未上彎；當下除權息調整價未守20日EMA
429,8028,昇陽半導體,TWSE,半導體業,不建立部位,優先出脫,已有部位應優先降低曝險；目前觸發「價格跌破60日EMA且20日趨勢向下」。待事件解除或基本面重新確認後再評估。,44.8,100,250,250,33.62,28.4,25.5,57.58,129.28,1.61,50.33,7.52,1.19,5,0,0,1,86,263,0,240.691,852.2579999999999,576.8089999999997,7312.295,-492,-973,280,-373.1,2,3,-221357500,14.578999999999995,-80.60900000000001,27.87,754,1698,916,,688.939,1810.679,377.41800000000035,7849.671,38.77,15.28,19.52,6.79,false,false,-13.88,-16.81,處置或交易限制風險；中期趨勢仍向下；20日趨勢尚未上彎；當下除權息調整價未守20日EMA
430,2331,精英,TWSE,電腦及週邊設備業,不建立部位,暫停加碼／跌破減碼,已有部位暫停加碼；若收盤跌破60日EMA約 20.70，且下一交易日仍未收復，先減碼三分之一；若ETF或外資繼續轉弱，再分批降低部位。,44.6,100,18.1,18.25,25.84,20.41,0.43,52.3,138.69,0.11,34.9,0.89,,1,0,0,0,0,-987,0,-128.635,-1383.429,-1288.885,-1054.4540000000002,0,0,0,-987,0,0,0,-27.653,-70.76899999999999,5.66,-109,107,67,,-125.906,-1355.776,-1218.116,76.79299999999999,35.47,19.86,21.48,16.6,false,false,-7.11,-5.97,"單日成交金額低於5,000萬元；中期趨勢仍向下；20日趨勢尚未上彎；當下除權息調整價未守20日EMA；單季稅前獲利對營業外貢獻依賴偏高"
431,3545,敦泰,TWSE,半導體業,不建立部位,暫停加碼／跌破減碼,已有部位暫停加碼；若收盤跌破60日EMA約 53.10，且下一交易日仍未收復，先減碼三分之一；若ETF或外資繼續轉弱，再分批降低部位。,44.4,100,48.65,48.9,2.16,-13.49,-5.88,31.93,219.88,0.02,,1.1,1.82,2,0,6,6,7,12,0,-80.732,-404.50300000000004,-172.89800000000002,-671.261,0,6,7,12,1,0,267000,-31.558,-137.059,14.72,520,99,354,,-66.493,-378.945,-42.839000000000055,-516.5150000000002,42.56,31.51,23.54,47.45,true,false,-3.59,-1.02,"單日成交金額低於5,000萬元；累計營收負成長且當月改善不足；中期趨勢仍向下；20日趨勢尚未上彎；當下除權息調整價未守20日EMA"
432,4942,嘉彰,TWSE,光電業,不建立部位,優先出脫,已有部位應優先降低曝險；目前觸發「價格跌破60日EMA且20日趨勢向下」。待事件解除或基本面重新確認後再評估。,44.4,100,34.6,34.65,-10.88,-6.79,5.6,20.11,341.31,0.52,11.59,0.54,5.83,1,0,0,0,0,0,0,-4,-244.257,-427.79200000000003,-259.79200000000003,0,0,0,0,0,0,0,2.0189999999999997,-0.911999999999999,6.44,-10,-324,-569,,0,-246.276,-426.88,-263.88,28.08,23.92,21.68,28.39,true,false,-5.05,-6.23,"單日成交金額低於5,000萬元；營收動能同步衰退；累計營收負成長且當月改善不足；中期趨勢仍向下；外資持股5/10日下降，且外資5日賣超；20日趨勢尚未上彎；當下除權息調整價未守20日EMA"
433,1229,聯華,TWSE,食品工業,不建立部位,優先出脫,已有部位應優先降低曝險；目前觸發「價格跌破60日EMA且20日趨勢向下」。待事件解除或基本面重新確認後再評估。,44.1,100,40.8,40.65,-52.01,-22.93,9.65,20.5,100.83,0.55,15.56,1.3,4.94,7,7,8,11,893,1258,0,202.398,770.0849999999998,-76.58600000000035,-3221.455000000001,17,46,925,1253,5,0,1860700,205.40399999999997,81.71399999999997,8.87,249,1819,2995,,188.731,518.6809999999999,-1083.3,-4561.663,48.64,32.42,39.66,17.95,false,true,-0.47,-2.04,營收動能同步衰退；累計營收負成長且當月改善不足；中期趨勢仍向下；20日趨勢尚未上彎；當下除權息調整價未守20日EMA；單季稅前獲利對營業外貢獻依賴偏高
434,3167,大量,TWSE,電機機械,不建立部位,優先出脫,已有部位應優先降低曝險；目前觸發「價格跌破60日EMA且20日趨勢向下」。待事件解除或基本面重新確認後再評估。,43.5,100,483.5,463.5,139.66,127.28,21.03,65.6,141.97,3.19,43.08,10.93,0.88,6,0,0,-149,-218,-110,-149,401.524,406.44200000000006,-301.2309999999999,228.70399999999995,-375,-1346,-1490,-185,0,5,-594932000,234.89300000000003,192.72700000000003,11.47,679,1368,1686,,680,1517.549,996.0419999999999,330.246,28.88,7.09,7.88,5.51,false,false,-27.3,-22.02,處置或交易限制風險；中期趨勢仍向下；ETF短中期同步減碼；主動ETF 5日轉為減碼；投信5/10日持續且具金額意義的賣超；外資持股趨勢資料不足或期間有非市場異動；20日趨勢尚未上彎；當下除權息調整價未守20日EMA
435,4746,台耀,TWSE,生技醫療業,不建立部位,停止加碼／開始減碼,已有部位先停止加碼。反彈若仍未站回 52.67，分批降低部位；只有站回且ETF／外資賣壓收斂後才重新評估。,42.9,100,50.5,50.6,0.29,-8.86,14.17,36.6,232.78,0.16,17.5,0.76,6.08,1,0,0,0,0,0,0,-39.563,-966.458,-1567.251,-447.89,0,0,0,0,0,0,0,48.935,39.82200000000001,8.42,-18,-843,-1398,,-41,-1015.393,-1607.073,-497.2150000000003,41.94,23.98,19.57,32.81,true,true,-2.44,-1.37,"單日成交金額低於5,000萬元；累計營收負成長且當月改善不足；中期趨勢仍向下；外資持股5/10日下降，且外資5日賣超；20日趨勢尚未上彎；當下除權息調整價未守20日EMA"
436,3015,全漢,TWSE,電子零組件業,不建立部位,優先出脫,已有部位應優先降低曝險；目前觸發「價格跌破60日EMA且20日趨勢向下」。待事件解除或基本面重新確認後再評估。,42.7,100,51.9,51.8,-14.01,-6.48,0.87,32.83,195.35,0.37,24.09,0.78,4.5,5,3,11,28,371,366,0,-280.673,-684.5600000000001,-2146.091,-834.3250000000005,3,28,371.326,366.353,4,0,1369200,-10.283000000000001,-46.208,9.44,-143,492,-946,,-286.525,-702.277,-2471.209,-1180.1870000000001,39.5,14.89,13.55,17.57,true,false,-7.97,-4.77,"單日成交金額低於5,000萬元；營收動能同步衰退；累計營收負成長且當月改善不足；中期趨勢仍向下；20日趨勢尚未上彎；當下除權息調整價未守20日EMA；單季稅前獲利對營業外貢獻依賴偏高"
437,3026,禾伸堂,TWSE,電子零組件業,不建立部位,優先出脫,已有部位應優先降低曝險；目前觸發「價格跌破60日EMA且20日趨勢向下」。待事件解除或基本面重新確認後再評估。,42.4,100,427.5,430.5,33.9,15.61,13.36,39.01,204.01,2.86,55.09,7.32,1.36,15,-125,-123,-110,791,5054,-137,-1050.036,-1280.4229999999998,5031.128000000001,8863.615000000002,-1324,-1982,-2545.5,6543.05,2,3,-847305000,-183.138,-276.425,19.21,407,936,6548,,387.367,884.715,7853.053,3468.0069999999982,29.96,1.73,4.9,-4.61,false,false,-34.49,-33.2,處置或交易限制風險；中期趨勢仍向下；20日累積後5日轉為調節；ETF 1/3日已轉為減碼；主動ETF 5日轉為減碼；投信5/10日持續且具金額意義的賣超；20日趨勢尚未上彎；當下除權息調整價未守20日EMA
438,4755,三福化,TWSE,化學工業,不建立部位,停止加碼／開始減碼,已有部位先停止加碼。反彈若仍未站回 132.49，分批降低部位；只有站回且ETF／外資賣壓收斂後才重新評估。,39.8,100,107.5,107.75,15.63,-1.64,9.51,33.58,142.21,1.01,28.67,1.87,3.57,1,0,0,0,0,0,0,-80.261,-800.6999999999999,-1108.499,-1078.1090000000004,0,0,0,0,0,0,0,-9.973,-11.262,23.4,99,-239,-524,,-73,-790.727,-1097.237,-1063.0790000000004,33.27,15.79,13.63,20.11,true,false,-11.37,-7.33,"單日成交金額低於5,000萬元；中期趨勢仍向下；外資持股5/10日下降，且外資5日賣超；20日趨勢尚未上彎；當下除權息調整價未守20日EMA"
439,2243,宏旭-KY,TWSE,汽車工業,不建立部位,停止加碼／開始減碼,已有部位先停止加碼。反彈若仍未站回 48.63，分批降低部位；只有站回且ETF／外資賣壓收斂後才重新評估。,39.6,100,41.3,41.35,-40.08,31.45,7.78,72.47,125.51,0.66,16,3.11,,1,1,1,8,68,64,0,31.6,-242.25599999999997,-475.82199999999995,-1828.272,1,8,68,64,3,0,318800,0.992,3.365000000000002,29.09,41,-239,-530,,40.6,-251.248,-547.1869999999999,-1884.117,37.87,12.14,21.15,-5.87,false,false,-15.08,-18.06,"單日成交金額低於5,000萬元；中期趨勢仍向下；外資持股5/10日下降，且外資5日賣超；20日趨勢尚未上彎；當下除權息調整價未守20日EMA"
440,8033,雷虎,TWSE,其他,不建立部位,優先出脫,已有部位應優先降低曝險；目前觸發「價格跌破60日EMA且20日趨勢向下」。待事件解除或基本面重新確認後再評估。,39.6,85,163,162.5,19.63,9.67,-0.7,45.47,219,0.34,223.88,11.87,,1,3,3,22,411,411,0,256.737,-1784.2999999999997,-2570.789,4075.6910000000003,3,22,411,411,3,0,3300000,-3.876999999999999,-169.89999999999998,13.93,250,-2253,-3194,,254.737,-1802.4230000000002,-2811.889,4583.5689999999995,41.28,12.02,12.35,11.36,false,false,-13.33,-12.83,處置或交易限制風險；中期趨勢仍向下；外資持股5/10日下降，且外資5日賣超；20日趨勢尚未上彎；當下除權息調整價未守20日EMA；估值高且成長不足以支撐；單季稅前獲利對營業外貢獻依賴偏高
441,3532,台勝科,TWSE,半導體業,不建立部位,優先出脫,已有部位應優先降低曝險；目前觸發「價格跌破60日EMA且20日趨勢向下」。待事件解除或基本面重新確認後再評估。,39.1,100,283.5,283,23.71,15.76,-3.18,52.65,251.18,-0.18,351.27,4.44,0.36,7,0,7,296,301,456,0,304.791,1364.1970000000001,-448.193,4972.099,-1495,-4444,-2677,5358.400000000001,0,5,-1233210000,-171.06699999999998,-1089.452,44.28,2060,5952,4517,,1925.809,5979.264,3318.259,1517.3889999999997,36.46,4.61,11.48,-9.14,false,false,-25.22,-25.3,處置或交易限制風險；中期趨勢仍向下；投信5/10日持續且具金額意義的賣超；20日趨勢尚未上彎；當下除權息調整價未守20日EMA；估值高且成長不足以支撐
442,8215,明基材,TWSE,光電業,不建立部位,停止加碼／開始減碼,已有部位先停止加碼。反彈若仍未站回 26.67，分批降低部位；只有站回且ETF／外資賣壓收斂後才重新評估。,39,100,22.55,22.55,13.05,5.47,-5.26,68.2,104.63,-0.64,,1.42,1.38,1,0,4,4,-1,-41,0,-84.74,-754.972,-1315.9389999999999,-2629.063,0,4,-1,-41,2,0,86800,-14.123999999999999,-39.128,1.5,174,-339,-1130,,-85.513,-744.848,-1275.8110000000001,-2500.357000000001,33,20.05,15.51,29.12,true,false,-10.2,-6.63,"單日成交金額低於5,000萬元；中期趨勢仍向下；外資持股5/10日下降，且外資5日賣超；20日趨勢尚未上彎；當下除權息調整價未守20日EMA"
443,1515,力山,TWSE,電機機械,不建立部位,優先出脫,已有部位應優先降低曝險；目前觸發「價格跌破60日EMA且20日趨勢向下」。待事件解除或基本面重新確認後再評估。,38.7,85,29.45,29,6.37,0.7,-0.43,48.31,104.05,0.07,27.96,1.28,2.19,1,4,4,23,417,417,0,-131.917,2462.801,1434.042,2566.1479999999997,4,23,417,417,3,0,630200,8.627,-321.54200000000003,5.48,-87,2596,1619,,-142.255,2431.174,1338.584,2121.34,40.29,8.05,12.33,-0.53,false,false,-14.17,-13.25,處置或交易限制風險；中期趨勢仍向下；20日趨勢尚未上彎；當下除權息調整價未守20日EMA；單季稅前獲利對營業外貢獻依賴偏高
444,2540,愛山林,TWSE,建材營造,不建立部位,優先出脫,已有部位應優先降低曝險；目前觸發「單月與累計營收同步明顯衰退」。待事件解除或基本面重新確認後再評估。,38.5,100,60.6,61.75,-49.07,-44.16,0.97,73.69,138.77,-0.01,98.17,3.39,10.19,1,0,0,0,0,0,0,1611.285,4523.188,5135.691,6431.949999999999,0,0,0,0,0,0,0,1301,1276,1.95,856,2253,2836,,1186.285,3222.188,3859.6910000000003,5177.549999999999,78.31,79.36,69.24,99.6,false,false,9.69,13.48,營收動能同步衰退；累計營收負成長且當月改善不足；短線過熱或乖離過大；估值高且成長不足以支撐
445,6230,尼得科超眾,TWSE,電腦及週邊設備業,不建立部位,暫停加碼／跌破減碼,已有部位暫停加碼；若收盤跌破60日EMA約 127.05，且下一交易日仍未收復，先減碼三分之一；若ETF或外資繼續轉弱，再分批降低部位。,38.4,100,108.5,108.75,-3.16,9.01,0.75,44.13,216.93,-0.91,,1.57,,1,0,0,0,0,0,0,60.004,62.08200000000001,31.340000000000007,50.38900000000001,0,0,0,0,0,0,0,0.18199999999999994,-1.999,87.06,70,74,54,,60,61.900000000000006,33.339,49.364999999999995,35.62,31.31,33.84,26.24,false,true,-6.75,-5.24,"單日成交金額低於5,000萬元；中期趨勢仍向下；20日趨勢尚未上彎；當下除權息調整價未守20日EMA"
446,5222,全訊,TWSE,半導體業,不建立部位,停止加碼／開始減碼,已有部位先停止加碼。反彈若仍未站回 120.91，分批降低部位；只有站回且ETF／外資賣壓收斂後才重新評估。,38.4,93,109,108.75,-4.97,-15.18,17.42,21.97,225.11,0.22,55.61,3.94,2.4,2,0,2,2,2,6,0,-16.409,-486.2,-649.503,-552.641,0,2,2,6,1,0,208000,-44.091,-75.08600000000001,3.55,-17,-242,-324,,-11.054,-444.109,-576.417,-504.6420000000001,39.09,19.88,16.7,26.24,true,false,-5.59,-5.63,"單日成交金額低於5,000萬元；累計營收負成長且當月改善不足；中期趨勢仍向下；外資持股5/10日下降，且外資5日賣超；20日趨勢尚未上彎；當下除權息調整價未守20日EMA"
447,1519,華城,TWSE,電機機械,不建立部位,優先出脫,已有部位應優先降低曝險；目前觸發「價格跌破60日EMA且20日趨勢向下」。待事件解除或基本面重新確認後再評估。,37.7,100,716,715,-25.78,-2.69,21.2,71.74,144.13,3.29,45.57,25.42,1.81,11,1,0,0,-23,-258,-1,87.181,503.404,1476.98,291.6120000000001,26.779,30.008,-1.0109999999999992,-584.785,3,0,19895304,-30.439999999999998,-86.08099999999999,18.44,-59,58,1086,,63.926,503.836,1564.0720000000001,1081.4529999999997,48.69,57.04,50.82,69.47,true,true,0.87,2.73,營收動能同步衰退；累計營收負成長且當月改善不足；中期趨勢仍向下；主動ETF 5日轉為減碼；20日趨勢尚未上彎
448,8163,達方,TWSE,電腦及週邊設備業,不建立部位,停止加碼／開始減碼,已有部位先停止加碼。反彈若仍未站回 35.29，分批降低部位；只有站回且ETF／外資賣壓收斂後才重新評估。,36.7,100,30,30.03,1.08,9.33,1.31,61.59,135.35,0.2,56.08,0.78,1.75,1,0,0,0,0,0,0,-196.748,-1345.8629999999998,-1798.6799999999998,-4065.6149999999993,0,0,0,0,0,0,0,-39.41,-108.539,9.22,-135,-1065,-1090,,-165.553,-1306.453,-1690.141,-3797.1529999999993,32.44,20.04,15.6,28.94,true,false,-10.35,-5.96,"單日成交金額低於5,000萬元；中期趨勢仍向下；外資持股5/10日下降，且外資5日賣超；20日趨勢尚未上彎；當下除權息調整價未守20日EMA"
449,2515,中工,TWSE,建材營造,不建立部位,停止加碼／開始減碼,已有部位先停止加碼。反彈若仍未站回 12.56，分批降低部位；只有站回且ETF／外資賣壓收斂後才重新評估。,36,100,11.85,11.93,-14.32,32.15,4.95,64.22,235.82,0.16,24.27,0.81,4.29,1,0,0,0,-795,-772,0,51.257,-15197.187,-18522.085,-20687.642999999996,0,0,-798,-837.258,0,0,0,-184.095,-450.738,7.53,399,-11673,-11462,,83.036,-15013.092,-17273.347,-19438.946,39.61,27.55,19.64,43.36,true,false,-3.44,-1.66,"單日成交金額低於5,000萬元；中期趨勢仍向下；外資持股5/10日下降，且外資5日賣超；20日趨勢尚未上彎；當下除權息調整價未守20日EMA"
450,9933,中鼎,TWSE,其他,不建立部位,優先出脫,已有部位應優先降低曝險；目前觸發「價格跌破60日EMA且20日趨勢向下」。待事件解除或基本面重新確認後再評估。,35.2,100,36.7,36.13,-16.64,-18.79,9.67,81.57,102.9,1,8.45,1.55,2.8,3,0,0,0,-452,-516,0,2.385,-1390.075,2036.3209999999997,3617.1199999999994,6,21.3,-431.586,-501.586,3,1,761475,223.252,152.142,18.64,-25,-1425,613,,-50.757,-1634.6270000000002,2315.7650000000003,3863.47,33.57,27.56,34.18,14.33,false,false,-6.62,-8.36,營收動能同步衰退；累計營收負成長且當月改善不足；中期趨勢仍向下；20日趨勢尚未上彎；當下除權息調整價未守20日EMA
451,1314,中石化,TWSE,塑膠工業,不建立部位,優先出脫,已有部位應優先降低曝險；目前觸發「價格跌破60日EMA且20日趨勢向下」。待事件解除或基本面重新確認後再評估。,33,100,7.53,7.56,-29.27,-30.03,-15.82,40.44,153.87,-0.07,,0.37,,1,0,0,0,0,0,0,-9150.498,-29977.486,-51288.61200000001,-53276.640999999996,0,0,0,0,0,0,0,-575.9689999999999,-1424.7999999999997,9.77,-5755,-6310,-23248,,-9009.928,-29401.517,-49863.81199999999,-53148.27399999998,36.9,7.62,7.86,7.13,false,false,-8.29,-8.95,營收動能同步衰退；累計營收負成長且當月改善不足；中期趨勢仍向下；外資持股5/10日下降，且外資5日賣超；20日趨勢尚未上彎；當下除權息調整價未守20日EMA
452,5292,華懋,TWSE,綠能環保,不建立部位,暫停加碼／跌破減碼,已有部位暫停加碼；若收盤跌破60日EMA約 186.33，且下一交易日仍未收復，先減碼三分之一；若ETF或外資繼續轉弱，再分批降低部位。,32.9,100,155.5,157.5,-8.28,-7.9,20.2,58.06,157.89,2.58,14.94,3.52,4.3,1,0,0,0,-42,-40,0,-34.984,-46.38000000000001,-181.022,-1203.3230000000003,0,0,-42,-44,0,0,0,-5.279999999999999,-8.706,4.4,256,256,206,,-34,-41.1,-130.316,-1105.335,31.16,15.56,17.54,11.6,false,false,-9.38,-6.04,"單日成交金額低於5,000萬元；累計營收負成長且當月改善不足；中期趨勢仍向下；外資持股趨勢資料不足或期間有非市場異動；20日趨勢尚未上彎；當下除權息調整價未守20日EMA"
453,6706,惠特,TWSE,光電業,不建立部位,優先出脫,已有部位應優先降低曝險；目前觸發「價格跌破60日EMA且20日趨勢向下」。待事件解除或基本面重新確認後再評估。,32.3,100,94.2,93.85,-26.07,-49.65,-77.09,51.32,219.71,-0.96,,1.85,,1,0,0,0,0,0,0,97.584,494.2660000000001,576.228,1494.9550000000002,0,0,0,0,0,0,0,-150.715,-286.232,7.43,113,543,597,,122.335,644.981,862.46,1923.0660000000003,28.91,12.75,14.16,9.92,false,false,-19,-13.58,營收動能同步衰退；累計營收負成長且當月改善不足；中期趨勢仍向下；20日趨勢尚未上彎；當下除權息調整價未守20日EMA
454,3062,建漢,TWSE,通信網路業,不建立部位,優先出脫,已有部位應優先降低曝險；目前觸發「價格跌破60日EMA且20日趨勢向下」。待事件解除或基本面重新確認後再評估。,30.7,100,18.85,19.02,-34.39,-1.86,-14.02,34.5,174.14,-0.54,,1.46,,1,0,0,0,0,0,0,-643.724,-1018.8990000000001,-1647.1470000000004,-4931.0380000000005,0,0,0,0,0,0,0,-92.057,-233.152,9.44,-487,-257,-678,,-622.375,-926.842,-1413.995,-4478.192999999999,24.39,12.74,13.01,12.18,false,false,-12.36,-9.37,"單日成交金額低於5,000萬元；營收動能同步衰退；累計營收負成長且當月改善不足；中期趨勢仍向下；外資持股5/10日下降，且外資5日賣超；20日趨勢尚未上彎；當下除權息調整價未守20日EMA"
455,6456,GIS-KY,TWSE,光電業,不建立部位,優先出脫,已有部位應優先降低曝險；目前觸發「價格跌破60日EMA且20日趨勢向下」。待事件解除或基本面重新確認後再評估。,30.4,100,54.7,54.75,-48.22,-22.34,-2,53.6,221.7,-0.61,,0.57,,1,0,0,0,0,0,0,-29.548,-2107.855,-125.803,1728.2389999999996,0,0,0,0,0,0,0,-298.973,-361.933,44.31,-6,-1143,819,,-15.362,-1808.882,236.12999999999988,1929.297,36.7,13.44,18.15,4.01,false,false,-13.36,-14.53,營收動能同步衰退；累計營收負成長且當月改善不足；中期趨勢仍向下；20日趨勢尚未上彎；當下除權息調整價未守20日EMA