排名,代號,名稱,市場,產業,新部位建議,既有部位狀態,今天動作,下一次確認,既有部位說明,短期時機分數,中期研究分數,長期初篩分數,長期方法覆蓋率%,資料健康度,資料健康狀態,收盤價,即時價,營收YoY%,累計營收YoY%,營益率%,負債比%,流動比率%,EPS,本益比,股價淨值比,殖利率%,ETF家數,ETF_1日增減張,ETF_3日增減張,ETF_5日增減張,ETF_10日增減張,ETF_20日增減張,主動ETF_5日增減張,法人1日張,法人5日張,法人10日張,法人20日張,投信買賣超1日張,投信買賣超5日張,投信買賣超10日張,投信買賣超20日張,投信5日買超天數,投信5日賣超天數,投信5日估算金額,自營商買賣超5日張,自營商買賣超10日張,外資持股比率%,外資持股1日增減張,外資持股5日增減張,外資持股10日增減張,外資持股20日增減張,外資買賣超1日張,外資買賣超5日張,外資買賣超10日張,外資買賣超20日張,RSI14,KD-K,KD-D,KD-J,KD近3日黃金交叉,KD近3日死亡交叉,距20EMA%,5日報酬%,淘汰原因
1,8271,宇瞻,TWSE,半導體業,可開始承接,符合加碼條件,只在回測承接區且法人未轉弱時分2–3批,回測時與每個交易日收盤後,已有部位可續抱；回測20日EMA約 216.15 且ETF、外資與投信未轉弱時，才考慮下一批。,75.3,82,68.8,85,100,完整,235.5,235.5,200.65,251.11,34.73,55.84,184.73,35.51,5.86,3.21,1.89,5,0,117,345,346,304,345,191.898,4124.508,8732.72,6482.121,0,345.102,348.102,306.102,3,1,81271521,-115.14,-193.97900000000004,12.98,263,7128,6855,,329.839,3894.5460000000003,8578.597,6149.011999999999,60.59,76.34,77.78,73.45,true,true,8.95,7.29,
2,2347,聯強,TWSE,電子通路業,可開始承接,符合加碼條件,只在回測承接區且法人未轉弱時分2–3批,回測時與每個交易日收盤後,已有部位可續抱；回測20日EMA約 90.64 且ETF、外資與投信未轉弱時，才考慮下一批。,74.6,74.2,57.1,85,100,完整,91.9,91.9,135.45,77.39,2.49,70.33,142.57,4.12,12.78,1.8,4.5,23,1109,1107,1168,2599,-9204,87,-109.164,1753.144,7464.753,34075.001,1111.368,1197.363,1897.363,-12318.760999999999,3,2,111833704,-767.4710000000001,-2043.6520000000003,29.84,-1397,10969,27950,,-1420.444,1323.252,7611.0419999999995,48861.562999999995,53.36,68.5,71.57,62.37,false,true,1.39,0.22,
3,3017,奇鋐,TWSE,電腦及週邊設備業,可開始承接,符合加碼條件,只在回測承接區且法人未轉弱時分2–3批,回測時與每個交易日收盤後,"已有部位可續抱；回測20日EMA約 2,500.15 且ETF、外資與投信未轉弱時，才考慮下一批。",76,71.2,48.2,85,90.7,可用,2765,2765,66.11,85.46,24.51,70.84,120.56,20.17,45.76,24.2,0.75,44,-23,239,596,1559,2269,438,243.505,7269.009,7556.990999999999,6751.660999999998,527.2,3057.61,4201.3640000000005,5782.97,5,0,8515443850,15.003000000000007,232.02800000000005,53.21,-414,3833,425,,-239.96,4196.396,3123.599,615.1979999999999,60.4,82.18,78.22,90.11,false,false,10.59,8.43,
4,2603,長榮,TWSE,航運業,可開始承接,符合加碼條件,只在回測承接區且法人未轉弱時分2–3批,回測時與每個交易日收盤後,已有部位可續抱；回測20日EMA約 203.68 且ETF、外資與投信未轉弱時，才考慮下一批。,75.8,69.2,65.2,85,91,可用,214,214,30.01,-2.44,10.34,35.3,161.2,3.84,9.07,0.77,7.71,31,1152,888,538,2830,-1324,929,3584.062,5856.222,15899.590999999999,62423.806000000004,1183,555.6869999999999,1073.1599999999999,-6789.159,1,4,115305052,-494.111,275.18399999999997,21.78,2669,9737,38475,,2472.468,5794.646000000001,14551.247,66176.061,64.6,82.11,73.58,99.18,false,false,5.07,3.13,
5,2451,創見,TWSE,半導體業,等待確認,正常持有,今天不下單,每個交易日收盤後，檢查趨勢與法人籌碼,已有部位可續抱觀察，但暫不追價；若收盤跌破60日EMA約 275.35 且法人籌碼轉弱，先減碼三分之一。,66.3,82.3,87.3,85,100,完整,295.5,295.5,381.55,422.17,73.7,28.68,309.01,46.63,5.17,3.33,3.97,18,-4,-23,-169,8,-1746,-9,2917.009,2040.0710000000008,2662.651000000001,-2868.720999999999,-4,-166.17600000000002,21.823999999999984,-1676.176,0,5,-49354272,-131.053,-31.108999999999995,11.16,2929,966,1083,,3001.646,2337.3,2671.935999999999,-1244.2450000000013,60.04,87.44,84.24,93.84,true,false,7.53,5.16,ETF 1/3日已轉為減碼；主動ETF 5日轉為減碼
6,2605,新興,TWSE,航運業,等待確認,正常持有,今天不下單,每個交易日收盤後，檢查趨勢與法人籌碼,已有部位可續抱觀察，但暫不追價；若收盤跌破60日EMA約 31.66 且法人籌碼轉弱，先減碼三分之一。,74,82.1,79.3,85,71,可用,33.1,33.1,51.62,32.98,35.32,22.98,186.53,0.66,15.57,1.08,3.07,1,0,0,0,6,187,0,1058.733,4535.562,5493.397999999999,14281.597,0,4,27,212,1,0,130200,-101.22400000000002,-1315.271,49.75,813,7431,9671,,813.453,4632.786,6781.669,15481.283000000001,62.28,75.13,61.21,102.96,false,false,5.09,6.09,
7,2408,南亞科,TWSE,半導體業,等待確認,正常持有,今天不下單,每個交易日收盤後，檢查趨勢與法人籌碼,已有部位可續抱觀察，但暫不追價；若收盤跌破60日EMA約 391.04 且法人籌碼轉弱，先減碼三分之一。,75.2,80.1,81.8,85,100,完整,502,502,621.34,643.12,69.08,16.78,691.01,23.38,17.73,4.89,0.3,36,41,478,1521,4377,11599,1216,2492.038,59860.912,45604.624,-12240.325999999994,-21,5191.87,3166.3889999999997,12195.906,2,3,2372684590,-1606.7799999999997,-761.3699999999999,13.9,-1156,38314,12005,,2147.57,56275.82200000001,43199.605,-26471.322999999997,62.25,85.42,69.35,117.56,false,false,18.25,26.61,短線過熱或乖離過大；高波動且5日漲幅過大；融資增幅與短線漲幅同步偏高
8,3006,晶豪科,TWSE,半導體業,等待確認,正常持有,今天不下單,每個交易日收盤後，檢查趨勢與法人籌碼,已有部位可續抱觀察，但暫不追價；若收盤跌破60日EMA約 215.14 且法人籌碼轉弱，先減碼三分之一。,69.2,78.3,74.5,85,100,完整,275.5,275.5,328.35,242.62,44.44,36.84,267.13,27.58,8.09,3.84,0.39,4,15,15,15,27,-362,0,1829.085,23022.77,15891.243000000004,16740.069000000003,15,15,32,-357,1,0,3847500,718.484,202.6330000000001,40.53,1634,13551,12657,,1792.25,22289.286,15656.610000000002,17870.025000000005,66.2,88.27,74.94,114.91,false,false,24.13,39.14,短線過熱或乖離過大；高波動且5日漲幅過大；ETF加碼金額或跨基金共識不足
9,9945,潤泰新,TWSE,其他,等待確認,正常持有,今天不下單,每個交易日收盤後，檢查趨勢與法人籌碼,已有部位可續抱觀察，但暫不追價；若收盤跌破60日EMA約 26.09 且法人籌碼轉弱，先減碼三分之一。,68.8,77.1,73.9,85,91,可用,27.25,27.25,29.57,40.43,17.71,41.18,181.95,0.99,7.51,0.67,4.11,5,0,0,-5,0,21,0,2737.533,-4710.752,13318.993,28662.551000000003,0,-5,0,21,0,1,-133750,-368.75199999999995,-58.321999999999974,7.71,2327,16255,27398,,2558.147,-4337,13377.314999999999,28705.406,60.54,65.38,58.44,79.27,true,false,2.77,1.11,20日累積後5日轉為調節；單季稅前獲利對營業外貢獻依賴偏高
10,3706,神達,TWSE,電腦及週邊設備業,等待確認,正常持有,今天不下單,每個交易日收盤後，檢查趨勢與法人籌碼,已有部位可續抱觀察，但暫不追價；若收盤跌破60日EMA約 88.19 且法人籌碼轉弱，先減碼三分之一。,80.8,77,62.1,85,91,可用,92.9,92.9,80.93,44.8,3.72,50.24,171.44,1.1,17.5,1.83,4.36,15,-171,548,512,1774,9300,727,-2093.546,22853.456,20673.136,31085.19099999999,-171,519,1806,9622,2,3,47592300,307.9,-450.912,9.28,-2723,16758,21560,,-1837.275,22026.556,19318.048,22441.838999999996,58.09,80.3,71.1,98.7,false,false,3.11,3.8,ETF加碼金額或跨基金共識不足
11,2027,大成鋼,TWSE,鋼鐵工業,等待確認,正常持有,今天不下單,每個交易日收盤後，檢查趨勢與法人籌碼,已有部位可續抱觀察，但暫不追價；若收盤跌破60日EMA約 41.96 且法人籌碼轉弱，先減碼三分之一。,70.5,75.6,69.6,85,91,可用,47.3,47.3,43.73,30.28,18.07,41.61,366.04,1.17,13.63,1.38,3.22,9,-4,592,-2089,404,10927,734,6107.248,26984.704,33684.937000000005,89086.98100000001,4865,-3258.45,3152.4000000000005,10161.913,2,3,-151843770,-1203.8279999999997,-1292.3649999999996,22.97,1711,32943,63311,,1783.441,31446.982000000004,31824.902000000002,76623.58799999999,69.29,83.61,76.12,98.59,false,false,7.96,6.41,20日累積後5日轉為調節；投信20日買超後近5日轉賣
12,2615,萬海,TWSE,航運業,等待確認,正常持有,今天不下單,每個交易日收盤後，檢查趨勢與法人籌碼,已有部位可續抱觀察，但暫不追價；若收盤跌破60日EMA約 81.87 且法人籌碼轉弱，先減碼三分之一。,69.5,75.6,76.5,85,90.2,可用,87.5,87.5,32.7,6.39,17.32,31.69,396.45,2.73,7.84,0.83,3.53,11,0,-16,-45,153,-242,-15,923.073,3883.469,11234.713999999998,49105.06800000001,0,-33.909,205.38,-192.866,0,4,-2878874,-349.825,-738.973,44.78,1516,21097,44226,,801.228,4267.2029999999995,11768.306999999999,49851.97600000001,61.92,64.98,61.11,72.72,true,false,3.96,1.63,主動ETF 5日轉為減碼
13,2476,鉅祥,TWSE,電子零組件業,等待確認,正常持有,今天不下單,每個交易日收盤後，檢查趨勢與法人籌碼,已有部位可續抱觀察，但暫不追價；若收盤跌破60日EMA約 119.63 且法人籌碼轉弱，先減碼三分之一。,72.5,75.4,74.7,85,100,完整,126,126,53.76,36.92,19.32,27.64,314.36,2.98,20.41,3.02,2.37,2,0,0,194,194,194,194,-209.165,1523.859,1444.947,2158.0809999999997,0,194,194,194,2,0,24347000,289.013,314.6839999999999,9.76,-529,48,-125,,-161.863,1040.846,936.263,1529.136,55.34,86.38,76.02,107.11,false,false,4.08,5.88,20日趨勢尚未上彎；ETF加碼金額或跨基金共識不足
14,2527,宏璟,TWSE,建材營造,等待確認,正常持有,今天不下單,每個交易日收盤後，檢查趨勢與法人籌碼,已有部位可續抱觀察，但暫不追價；若收盤跌破60日EMA約 41.48 且法人籌碼轉弱，先減碼三分之一。,65.1,75.2,73.9,85,91,可用,47.6,47.6,365.12,2533.23,24.56,35.23,156,3.45,9.29,0.57,3.18,1,0,0,0,3,86,0,150.086,-1157.625,-853.314,2256.7250000000004,0,0,3,86,0,0,0,-107.836,65.35,43.9,191,-667,1269,,150.16,-1049.789,-921.664,2036.111,58.26,67.03,51.94,97.2,true,false,6.19,5.66,
15,2855,統一證,TWSE,金融保險業,等待確認,保護持有,今天不新增部位；未完成確認前不機械式賣出,下一交易日收盤，確認是否收復防守區,已有部位暫停加碼；若收盤跌破60日EMA約 45.05，且下一交易日仍未收復，先減碼三分之一；若ETF或外資繼續轉弱，再分批降低部位。,64.6,75.1,72.7,85,90.7,可用,45.85,45.85,199.02,334.18,,84.35,116.12,1.43,9.96,1.71,4.74,11,579,1732,1938,4832,8194,-1131,-1006.476,-423.57500000000033,-813.9640000000003,-5200.241,579,1949,4884,8242.530999999999,4,1,86730500,0,0,7.29,-1304,-6962,-7720,,-1585.476,-2372.575,-5697.964,-13442.772,51.27,77.35,68.63,94.77,false,false,1.69,3.85,主動ETF 5日轉為減碼；外資持股5/10日下降，且外資5日賣超；20日趨勢尚未上彎；ETF加碼金額或跨基金共識不足
16,6691,洋基工程,TWSE,其他電子業,等待確認,正常持有,今天不下單,每個交易日收盤後，檢查趨勢與法人籌碼,已有部位可續抱觀察，但暫不追價；若收盤跌破60日EMA約 691.03 且法人籌碼轉弱，先減碼三分之一。,74.9,74.6,51.9,85,91,可用,732,732,115.19,84.29,15.74,73.14,132.4,7.19,27.23,14.88,2.99,11,-1,90,92,112,408,98,430.191,643.914,-415.8030000000001,-1379.7420000000002,-1,92,114,454,2,3,67620000,56.246,37.1,13.06,418,-694,-1722,,416.85,495.668,-566.903,-1875.9740000000002,56.51,75.68,61.71,103.6,false,false,4.66,10.57,ETF加碼，但外資持股5/10日同步下降；20日趨勢尚未上彎；ETF加碼金額或跨基金共識不足
17,7750,新代,TWSE,電機機械,等待確認,正常持有,今天不下單,每個交易日收盤後，檢查趨勢與法人籌碼,"已有部位可續抱觀察，但暫不追價；若收盤跌破60日EMA約 2,117.47 且法人籌碼轉弱，先減碼三分之一。",73.7,74,61.5,85,100,完整,2485,2485,151.4,81.37,27.76,45.28,228.69,42.53,40.05,12.43,0.69,5,0,0,122,122,122,122,-56.663,255.194,204.487,9.770999999999972,-39,109,150,158,2,1,253970000,-9.428,-8.84,17.79,-11,-29,-42,,-17.034,155.622,63.32700000000001,-139.361,63.76,83.63,76.11,98.67,false,false,14.07,11.19,ETF加碼，但外資持股5/10日同步下降；短線過熱或乖離過大；高波動且5日漲幅過大；ETF加碼金額或跨基金共識不足
18,1808,潤隆,TWSE,建材營造,等待確認,正常持有,今天不下單,每個交易日收盤後，檢查趨勢與法人籌碼,已有部位可續抱觀察，但暫不追價；若收盤跌破60日EMA約 31.27 且法人籌碼轉弱，先減碼三分之一。,69.1,74,55.1,85,91,可用,33.35,33.35,162537.27,17993.12,22.8,73.51,175.66,1.06,12.33,2.16,4.54,1,0,0,0,0,0,0,1098.931,-1580.559,783.004,4364.097,0,0,0,0,0,0,0,58,220,4.63,903,1270,2805,,923.931,-1638.559,563.004,4078.0969999999998,62.02,68.2,63.09,78.41,true,false,3.76,0.76,
19,2376,技嘉,TWSE,電腦及週邊設備業,等待確認,保護持有,今天不新增部位；未完成確認前不機械式賣出,下一交易日收盤，確認是否收復防守區,已有部位暫停加碼；若收盤跌破60日EMA約 329.46，且下一交易日仍未收復，先減碼三分之一；若ETF或外資繼續轉弱，再分批降低部位。,73.7,73.8,53.3,85,91,可用,349.5,349.5,68.55,48.36,7.06,72.95,137.4,7.86,16.07,3.57,3.49,31,-151,-399,-679,942,4683,-227,-113.757,13950.838,11228.494,9228.483,-167,-700.336,-890.0909999999999,1899.6040000000003,1,4,-240915584,-2529.331,-2775.991,22.6,219,13110,9363,,133.758,17180.505,14894.576,8217.768,56.38,74.65,61,101.96,false,false,3.31,7.7,20日累積後5日轉為調節；ETF 1/3日已轉為減碼；主動ETF 5日轉為減碼；投信5/10日持續且具金額意義的賣超
20,2344,華邦電,TWSE,半導體業,等待確認,保護持有,今天不新增部位；未完成確認前不機械式賣出,下一交易日收盤，確認是否收復防守區,已有部位暫停加碼；若收盤跌破60日EMA約 157.49，且下一交易日仍未收復，先減碼三分之一；若ETF或外資繼續轉弱，再分批降低部位。,65.4,73.5,64.6,85,100,完整,179.5,179.5,189.88,139.2,42.34,40.78,159.78,7.65,18.03,4.46,0.31,35,-104,1599,3046,8511,11615,2178,-46265.147,-13635.901000000002,-37727.864,-91589.37,-187,11420.172999999999,-542.7770000000006,-25649.756,3,2,1867198285,-2953.3909999999996,-820.0120000000001,16.63,-39497,-33302,-90016,,-43331.455,-22102.683,-36365.075000000004,-68192.10600000001,56.99,83.55,66.56,117.54,false,false,11.98,25.52,外資持股5/10日下降，且外資5日賣超；20日趨勢尚未上彎；短線過熱或乖離過大；高波動且5日漲幅過大；融資增幅與短線漲幅同步偏高
21,2330,台積電,TWSE,半導體業,等待確認,保護持有,今天不新增部位；未完成確認前不機械式賣出,下一交易日收盤，確認是否收復防守區,"已有部位暫停加碼；若收盤跌破60日EMA約 2,325.79，且下一交易日仍未收復，先減碼三分之一；若ETF或外資繼續轉弱，再分批降低部位。",68.7,73.1,65.6,85,90.9,可用,2380,2380,67.87,35.61,58.1,31.5,248.83,22.08,31.86,10.43,0.93,68,-564,-1078,1019,29991,52934,1243,1945.61,-18023.515,-10436.847,-72633.787,61,-404.6990000000001,10102.119999999999,17084.782000000003,3,2,-959136630,-4353.798000000001,11435.388,69.14,842,-49850,-98982,,641.66,-13265.018,-31974.355000000003,-112747.361,51.31,75.35,66.76,92.54,false,false,0.75,0.42,ETF 1/3日已轉為減碼；外資持股5/10日下降，且外資5日賣超；20日趨勢尚未上彎
22,1590,亞德客-KY,TWSE,電機機械,等待確認,正常持有,今天不下單,每個交易日收盤後，檢查趨勢與法人籌碼,"已有部位可續抱觀察，但暫不追價；若收盤跌破60日EMA約 1,372.17 且法人籌碼轉弱，先減碼三分之一。",72.5,72.5,71.1,85,91,可用,1570,1570,44.88,30.08,33.2,17.79,280.31,13.35,33.82,6.08,1.88,17,0,9,17,-167,379,18,-44.75,267.258,-101.02300000000002,674.415,-107,-36.266,-269.21399999999994,296.47800000000007,3,1,-56030970,-32.303000000000004,-36.327000000000005,80.73,77,-124,-265,,68.14,335.827,204.51799999999997,385.269,65.89,86.11,77.33,103.65,false,false,9.92,10.95,ETF加碼，但外資持股5/10日同步下降
23,6446,藥華藥,TWSE,生技醫療業,等待確認,正常持有,今天不下單,每個交易日收盤後，檢查趨勢與法人籌碼,"已有部位可續抱觀察，但暫不追價；若收盤跌破60日EMA約 1,059.18 且法人籌碼轉弱，先減碼三分之一。",73.4,72.5,69.2,85,91,可用,1330,1330,94.88,74.59,40.75,14.06,652.75,5.79,77.74,13.39,0.21,17,11,31,53,195,162,41,-254.721,-452.194,-1204.3559999999998,-2470.23,11,80.41,225.976,250.584,3,2,99708400,-53.401999999999994,19.509000000000007,24.87,-224,10453,8996,,-268.956,-479.20199999999994,-1449.841,-2744.731,61.05,71.65,60.9,93.14,false,false,10.93,14.16,20日趨勢尚未上彎；高波動且5日漲幅過大
24,1714,和桐,TWSE,化學工業,等待確認,保護持有,今天不新增部位；未完成確認前不機械式賣出,下一交易日收盤，確認是否收復防守區,已有部位暫停加碼；若收盤跌破60日EMA約 14.73，且下一交易日仍未收復，先減碼三分之一；若ETF或外資繼續轉弱，再分批降低部位。,70.7,72.2,67.5,85,100,完整,16.65,16.65,73.41,58.4,11.49,29.6,335.99,0.89,13.35,1.16,1.14,2,0,-58,1643,1767,3951,1695,-9676.277,-17120.384,-13193.360999999995,-15923.033999999996,0,1643,1767,3951,3,1,25877250,393.51,135.20799999999994,16.88,-8021,-13620,-11376,,-9750.633,-19156.894,-15095.569,-19429.138000000003,56.96,74.68,59.19,105.64,false,false,8.46,16.03,外資持股5/10日下降，且外資5日賣超；20日趨勢尚未上彎；高波動且5日漲幅過大；ETF加碼金額或跨基金共識不足；融資增幅與短線漲幅同步偏高；借券賣出與借券賣出餘額壓力升高
25,3036,文曄,TWSE,電子通路業,等待確認,保護持有,今天不新增部位；未完成確認前不機械式賣出,下一交易日收盤，確認是否收復防守區,已有部位暫停加碼；若收盤跌破60日EMA約 218.11，且下一交易日仍未收復，先減碼三分之一；若ETF或外資繼續轉弱，再分批降低部位。,70.6,72.2,49.4,85,91,可用,229,229,188.09,114.03,2.01,83.24,116.9,5.32,15,2.37,3.69,26,468,-343,338,1460,-3131,367,-7680.546,-14743.660999999998,-15911.515999999998,-19080.44,1159,5278.396000000001,5866.711,-2275.115,3,2,1116380754,377.1780000000001,754.854,26.22,-5526,-20711,-17398,,-8652.782,-20399.235,-22533.081000000002,-16861.917000000005,58.48,77.99,71.68,90.63,false,false,9.1,11.98,外資持股5/10日下降，且外資5日賣超；高波動且5日漲幅過大；融資增幅與短線漲幅同步偏高
26,6139,亞翔,TWSE,其他電子業,等待確認,保護持有,今天不新增部位；未完成確認前不機械式賣出,下一交易日收盤，確認是否收復防守區,已有部位暫停加碼；若收盤跌破60日EMA約 786.41，且下一交易日仍未收復，先減碼三分之一；若ETF或外資繼續轉弱，再分批降低部位。,72.3,72.1,54.9,85,91,可用,808,808,49.7,69.88,17.21,65.29,145.77,9.45,22.26,8.63,2.87,20,41,-68,741,911,2235,755,-1081.487,-7.677999999999997,-4400.471,-8724.555,-29,465.36,242.08700000000005,1656.087,2,3,373218720,304.762,7.091000000000065,24.21,-1038,-6436,-8820,,-1029.519,-777.8,-4649.649,-10326.99,51.02,73.56,58.86,102.94,false,false,1.73,5.62,外資持股5/10日下降，且外資5日賣超；20日趨勢尚未上彎
27,1736,喬山,TWSE,運動休閒,等待確認,正常持有,今天不下單,每個交易日收盤後，檢查趨勢與法人籌碼,已有部位可續抱觀察，但暫不追價；若收盤跌破60日EMA約 127.83 且法人籌碼轉弱，先減碼三分之一。,73.9,71.7,51.8,85,100,完整,139.5,139.5,14.49,9.38,7.5,70.85,125.91,3.27,12.39,3.03,3.28,2,0,402,518,518,518,518,-37.248,1336.712,915.951,786.279,0,561,599,918,2,1,76857000,-36.363,-15.130000000000003,5.4,64,364,50,,-34.357,812.0749999999999,332.0809999999999,-135.0320000000001,56.59,62.6,53.01,81.79,false,false,5.46,7.31,ETF加碼金額或跨基金共識不足
28,2357,華碩,TWSE,電腦及週邊設備業,等待確認,正常持有,今天不下單,每個交易日收盤後，檢查趨勢與法人籌碼,已有部位可續抱觀察，但暫不追價；若收盤跌破60日EMA約 733.19 且法人籌碼轉弱，先減碼三分之一。,67.9,71.5,62.6,85,91,可用,818,818,55.63,38.85,5.71,52.83,148.3,13.19,14.6,2.12,5.14,43,-230,-200,-100,2047,1616,-751,1329.773,3698.083,10656.310000000001,25109.195000000003,-1179,-819.444,541.617,-1670.8039999999999,2,3,-669485748,-150.308,810.336,37.8,2320,11141,19182,,2466.634,4667.835,9304.357,24408.696999999993,61.66,73.98,77.11,67.7,false,true,5.58,2.38,20日累積後5日轉為調節；ETF 1/3日已轉為減碼；主動ETF 5日轉為減碼
29,6214,精誠,TWSE,資訊服務業,等待確認,正常持有,今天不下單,每個交易日收盤後，檢查趨勢與法人籌碼,已有部位可續抱觀察，但暫不追價；若收盤跌破60日EMA約 137.97 且法人籌碼轉弱，先減碼三分之一。,65,71.4,66.2,85,91,可用,144.5,144.5,76.9,37,4.94,47.39,168.59,2.64,15.36,2.1,4.1,7,1,0,-4,1,-8,0,465.696,-1707.3279999999997,2508.87,4119.666,0.87,-4.725,1.077,216.809,1,2,-692212,-18.998000000000005,16.567999999999994,14.84,472,2297,3693,,468.581,-1683.605,2491.225,3846.189999999999,51.77,49.33,61.39,25.2,false,true,0.07,-2.69,
30,2887,台新新光金,TWSE,金融保險業,等待確認,正常持有,今天不下單,每個交易日收盤後，檢查趨勢與法人籌碼,已有部位可續抱觀察，但暫不追價；若收盤跌破60日EMA約 31.88 且法人籌碼轉弱，先減碼三分之一。,67.7,71,62.4,85,88,可用,35.9,35.9,329.5,334.28,,93.39,,0.82,17.23,1.54,3.13,35,-562,-3925,-5172,28249,237902,-3262,14484.01,12831.335000000001,78039.18999999999,97021.89799999999,55,-4282.756,4290.042,147187.719,1,4,-150538873,-1973.383,16346.993,23.21,10028,119529,-41031,,14196.618,19087.474000000002,57402.15500000002,-89603.21299999999,59.28,78.25,70.8,93.15,false,false,3.53,1.7,20日累積後5日轉為調節；ETF 1/3日已轉為減碼；主動ETF 5日轉為減碼；投信20日買超後近5日轉賣；外資持股趨勢資料不足或期間有非市場異動；20日趨勢尚未上彎
31,2727,王品,TWSE,觀光餐旅,等待確認,正常持有,今天不下單,每個交易日收盤後，檢查趨勢與法人籌碼,已有部位可續抱觀察，但暫不追價；若收盤跌破60日EMA約 233.21 且法人籌碼轉弱，先減碼三分之一。,67.8,70.8,52,85,100,完整,241.5,241.5,16.59,12.08,8.04,74.84,104.61,9.86,13.11,4.6,6.83,2,0,0,0,0,1,0,1158.492,377.0019999999999,3073.8019999999997,2103.285,0,0,2,4,0,0,0,-99.068,-215.57000000000002,32.53,1157,2891,3784,,1143.089,476.06999999999994,3287.372,2522.1719999999996,60.55,60.28,50.88,79.1,true,false,4.6,5.92,20日趨勢尚未上彎
32,2383,台光電,TWSE,電子零組件業,等待確認,保護持有,今天不新增部位；未完成確認前不機械式賣出,下一交易日收盤，確認是否收復防守區,"已有部位暫停加碼；若收盤跌破60日EMA約 4,857.56，且下一交易日仍未收復，先減碼三分之一；若ETF或外資繼續轉弱，再分批降低部位。",71.4,70.6,49.9,85,100,完整,5290,5290,120.69,81.82,24.72,63.23,135.5,42.46,81.94,32.19,0.48,51,-2,-49,425,1030,1811,335,-49.681,-909.897,-1898.2139999999997,-2045.4769999999999,-9,642.0360000000001,928.028,1670.2649999999999,3,2,3364268640,-206.435,-78.86900000000001,42.73,-32,-3161,-3961,,-39.277,-1345.498,-2747.373,-3748.2219999999998,55.88,83.36,74.93,100.22,false,false,5.75,6.22,ETF 1/3日已轉為減碼；外資持股5/10日下降，且外資5日賣超；20日趨勢尚未上彎
33,2542,興富發,TWSE,建材營造,等待確認,保護持有,今天不新增部位；未完成確認前不機械式賣出,下一交易日收盤，確認是否收復防守區,已有部位暫停加碼；若收盤跌破60日EMA約 43.00，且下一交易日仍未收復，先減碼三分之一；若ETF或外資繼續轉弱，再分批降低部位。,70,70.3,52.7,85,90.8,可用,44.35,44.35,16.47,461.12,24.17,75.42,144.92,1.15,13.63,1.7,9.03,10,509,1496,1436,1721,38349,0,675.709,-469.847,3435.929,7720.062000000002,509,1436,1738.6,38406.6,4,1,63614800,1489.3930000000003,2528.405,8,337,-494,-12050,,119,-3395.2400000000002,-831.076,-37219.49100000001,55.53,72.68,66.29,85.47,false,false,0.96,1.14,外資持股5/10日下降，且外資5日賣超；ETF加碼金額或跨基金共識不足
34,6770,力積電,TWSE,半導體業,等待確認,正常持有,今天不下單,每個交易日收盤後，檢查趨勢與法人籌碼,已有部位可續抱觀察，但暫不追價；若收盤跌破60日EMA約 66.58 且法人籌碼轉弱，先減碼三分之一。,68.6,70.2,59.9,85,88,可用,67.6,67.6,68.75,37.81,104.82,44.07,311.73,3.36,37.01,2.88,,10,0,48,389,491,1544,324,-17026.609,-12486.809999999998,-46042.186,-198687.649,0,-161,-564.509,1317.491,1,1,-10545500,3461.481,362.2560000000004,12.48,-11937,-52678,-186174,,-16911.014,-15787.290999999997,-45839.933,-195541.77700000006,53.65,79.39,62.49,113.18,false,false,5.95,23.58,外資持股趨勢資料不足或期間有非市場異動；20日趨勢尚未上彎；短線過熱或乖離過大；高波動且5日漲幅過大；ETF加碼金額或跨基金共識不足；借券賣出與借券賣出餘額壓力升高
35,6197,佳必琪,TWSE,電子零組件業,等待確認,保護持有,今天不新增部位；未完成確認前不機械式賣出,下一交易日收盤，確認是否收復防守區,已有部位暫停加碼；若收盤跌破60日EMA約 299.98，且下一交易日仍未收復，先減碼三分之一；若ETF或外資繼續轉弱，再分批降低部位。,67.5,69.8,65.2,85,100,完整,309,309,45.21,25.04,22.77,43.32,210.43,7,24.81,6.38,2.36,2,0,0,104,104,148,104,-1340.054,-1351.952,-1012.2639999999999,-1328.5,0,104,107,88,2,0,30524000,-118.07000000000001,-130.35500000000002,5.67,-1158,-702,-155,,-1221,-1337.882,-988.9090000000002,-1158.899,49.15,70.62,62.39,87.08,false,false,-0.03,2.15,外資持股5/10日下降，且外資5日賣超；20日趨勢尚未上彎；當下除權息調整價未守20日EMA；ETF加碼金額或跨基金共識不足
36,2360,致茂,TWSE,其他電子業,等待確認,正常持有,今天不下單,每個交易日收盤後，檢查趨勢與法人籌碼,"已有部位可續抱觀察，但暫不追價；若收盤跌破60日EMA約 2,038.73 且法人籌碼轉弱，先減碼三分之一。",64.4,69.7,61.3,85,100,完整,2030,2030,73.02,90.6,39.54,47.08,167.28,21.27,51.79,26.07,0.96,47,100,-140,-667,1164,2193,-703,154.773,-1326.068,-2594.826,-3339.2630000000004,165,-4056.408,264.35699999999997,3002.7690000000002,1,4,-8234508240,-91.70899999999999,-14.691,58.46,60,-3552,-6952,,144.7,2822.049,-2844.492,-6435.363,50.85,55.8,50.25,66.9,true,false,1.73,3.57,20日累積後5日轉為調節；主動ETF 5日轉為減碼；投信20日買超後近5日轉賣
37,2362,藍天,TWSE,電腦及週邊設備業,等待確認,正常持有,今天不下單,每個交易日收盤後，檢查趨勢與法人籌碼,已有部位可續抱觀察，但暫不追價；若收盤跌破60日EMA約 43.61 且法人籌碼轉弱，先減碼三分之一。,62.9,69.5,60.6,85,100,完整,46.8,46.8,30.25,17.64,5.93,57.37,114.49,4.05,8.31,0.62,3.96,1,0,0,0,0,-315,0,600.361,6694.5289999999995,6718.658999999999,7241.420999999999,0,0,0,-315,0,0,0,-74.225,10.495000000000003,10.81,603,7426,8255,,607.035,6768.753999999999,6708.164,7532.164,56.07,71.85,71.54,72.46,false,false,3.89,4.58,單季稅前獲利對營業外貢獻依賴偏高
38,6805,富世達,TWSE,電子零組件業,等待確認,保護持有,今天不新增部位；未完成確認前不機械式賣出,下一交易日收盤，確認是否收復防守區,"已有部位暫停加碼；若收盤跌破60日EMA約 1,607.33，且下一交易日仍未收復，先減碼三分之一；若ETF或外資繼續轉弱，再分批降低部位。",69.6,68.5,55.6,85,91,可用,1755,1755,32.66,62.64,26.78,54.2,183.93,13.38,42.62,15.42,0.75,14,10,255,254,284,606,255,299.79,767.746,1060.531,419.461,340,2104,2356,2519.6,4,0,3513680000,63.462999999999994,77.43299999999998,15.7,8,-1711,-2361,,9.334,-1399.717,-1372.902,-2208.5319999999997,61.42,82.43,75.36,96.57,false,false,15.02,19.39,外資持股5/10日下降，且外資5日賣超；短線過熱或乖離過大；高波動且5日漲幅過大
39,2108,南帝,TWSE,橡膠工業,等待確認,正常持有,今天不下單,每個交易日收盤後，檢查趨勢與法人籌碼,已有部位可續抱觀察，但暫不追價；若收盤跌破60日EMA約 27.97 且法人籌碼轉弱，先減碼三分之一。,65.6,68.5,69.4,85,71,可用,29.85,29.85,31.78,23.46,12.41,12.75,771.21,0.34,32.99,0.99,3.48,1,0,0,0,5,157,0,1318.19,1515.3680000000002,953.1880000000001,1119.1570000000002,0,0,5,157,0,0,0,-69.951,-41.94299999999999,5.84,1246,2498,1964,,1322.298,1585.319,990.1310000000001,973.153,63.86,72.68,56.57,104.9,false,false,6.33,8.55,20日趨勢尚未上彎
40,3617,碩天,TWSE,其他電子業,等待確認,正常持有,今天不下單,每個交易日收盤後，檢查趨勢與法人籌碼,已有部位可續抱觀察，但暫不追價；若收盤跌破60日EMA約 213.29 且法人籌碼轉弱，先減碼三分之一。,64.4,68.4,72.6,85,91,可用,234,234,25.6,8.89,16.26,37.35,279.17,4.13,16.43,2.4,4.28,3,1,0,-1,6,4,0,145.38,531.9300000000001,772.75,570.352,0.635,-1.498,5.502,3.388,1,2,-347536,-20.482000000000003,-10.096000000000004,9.46,168,823,1088,,167.964,553.91,777.3439999999999,621.3659999999999,61.7,85.2,76.23,103.15,false,false,6.26,6.85,20日累積後5日轉為調節；20日趨勢尚未上彎
41,2317,鴻海,TWSE,其他電子業,等待確認,正常持有,今天不下單,每個交易日收盤後，檢查趨勢與法人籌碼,已有部位可續抱觀察，但暫不追價；若收盤跌破60日EMA約 248.14 且法人籌碼轉弱，先減碼三分之一。,70.2,68.2,50.9,85,88,可用,264.5,264.5,52.11,34.99,3.57,61.98,145.13,3.56,18.47,2.05,2.76,44,-64,-1159,-737,16622,28413,343,-6754.537,61278.631,72022.826,144719.78100000005,-800,-2079.046,4760.392,7282.109999999999,2,3,-540551960,-2302.1580000000004,6231.972999999999,40.66,-5040,67090,114423,,-5328.129,65659.83499999999,61030.46099999999,120739.34199999998,59.59,85.91,77.1,103.52,false,false,5.34,4.55,20日累積後5日轉為調節；ETF 1/3日已轉為減碼；投信20日買超後近5日轉賣；外資持股趨勢資料不足或期間有非市場異動
42,2441,超豐,TWSE,半導體業,等待確認,保護持有,今天不新增部位；未完成確認前不機械式賣出,下一交易日收盤，確認是否收復防守區,已有部位暫停加碼；若收盤跌破60日EMA約 120.55，且下一交易日仍未收復，先減碼三分之一；若ETF或外資繼續轉弱，再分批降低部位。,65.6,67.8,68.6,85,100,完整,129,129,33.15,21.76,20.06,18.34,230.57,2.98,21.76,2.43,2.55,10,140,599,1431,1555,5201,1534,-756.034,-10.461000000000013,-4056.596,-12080.476,140,1431,1555,5201,4,1,168142500,142.564,-564.457,9.92,-1100,-6850,-11358,,-841.019,-1584.0249999999999,-5047.139,-15724.286,54.76,80.24,62.63,115.46,false,false,7.44,16.74,外資持股5/10日下降，且外資5日賣超；20日趨勢尚未上彎；高波動且5日漲幅過大；借券賣出與借券賣出餘額壓力升高
43,4916,事欣科,TWSE,電腦及週邊設備業,等待確認,正常持有,今天不下單,每個交易日收盤後，檢查趨勢與法人籌碼,已有部位可續抱觀察，但暫不追價；若收盤跌破60日EMA約 98.62 且法人籌碼轉弱，先減碼三分之一。,62.1,67.7,67.1,85,100,完整,104,104,80.52,48.63,9.14,32.64,257.18,5.45,16.54,3.71,0.46,1,0,0,0,1,39,0,-344.551,428.8739999999999,143.96899999999982,-2983.3340000000003,0,0,1,39,0,0,0,126.695,-23.250000000000014,5.29,-293,-200,-1381,,-353.19,302.179,166.21899999999994,-3032.781,51.35,72.43,61.09,95.1,false,false,1.33,9.47,20日趨勢尚未上彎；單季稅前獲利對營業外貢獻依賴偏高
44,6505,台塑化,TWSE,油電燃氣業,等待確認,正常持有,今天不下單,每個交易日收盤後，檢查趨勢與法人籌碼,已有部位可續抱觀察，但暫不追價；若收盤跌破60日EMA約 64.41 且法人籌碼轉弱，先減碼三分之一。,64,67.4,69.8,85,100,完整,69,69,18.46,8.2,13.74,16.6,520.61,4.32,12.33,1.39,1.69,9,-30,51,44,454,6514,0,-5914.665,-5380.696,-13143.028999999999,76467.583,0,85,-311.135,10968.535,2,1,6035000,-1017.298,-686.5320000000002,7.1,-5916,3971,30133,,-6535.221,-4448.398000000001,-12145.362000000005,62460.21800000001,49.05,23.6,19.28,32.24,true,false,-2.56,1.92,當下除權息調整價未守20日EMA；ETF加碼金額或跨基金共識不足
45,3702,大聯大,TWSE,電子通路業,等待確認,保護持有,今天不新增部位；未完成確認前不機械式賣出,下一交易日收盤，確認是否收復防守區,已有部位暫停加碼；若收盤跌破60日EMA約 111.22，且下一交易日仍未收復，先減碼三分之一；若ETF或外資繼續轉弱，再分批降低部位。,63.4,67.3,49.9,85,91,可用,130,130,131.85,55.18,2.68,80.68,123.6,3.3,14.96,2.29,3.1,31,1094,628,-1024,238,15328,-536,-432.506,261.33299999999986,935.594,-2598.5600000000004,1097.127,-964.995,-386.549,12990.261000000002,2,3,-118211887,-112.43800000000003,894.544,34.94,-970,-3819,-11665,,-981.245,1338.7659999999998,427.5990000000003,-19877.134000000002,63.39,84.04,73.63,104.85,false,false,10.89,12.07,20日累積後5日轉為調節；主動ETF 5日轉為減碼；投信5/10日持續且具金額意義的賣超
46,2374,佳能,TWSE,光電業,等待確認,正常持有,今天不下單,每個交易日收盤後，檢查趨勢與法人籌碼,已有部位可續抱觀察，但暫不追價；若收盤跌破60日EMA約 72.09 且法人籌碼轉弱，先減碼三分之一。,64.4,67,60.7,85,100,完整,72.4,72.4,18.97,51.37,9.83,37.89,158.61,1.55,25.18,2.64,2.86,1,0,0,0,0,0,0,-177.857,1330.417,1519.4660000000001,818.2370000000003,0,2,9,9,1,0,140000,76.988,-58.415000000000006,4.84,-510,168,414,,-177.8,1251.429,1568.8810000000003,1484.8890000000001,56.31,86.83,73.39,113.72,false,false,5.11,7.58,20日趨勢尚未上彎
47,8464,億豐,TWSE,居家生活,等待確認,正常持有,今天不下單,每個交易日收盤後，檢查趨勢與法人籌碼,已有部位可續抱觀察，但暫不追價；若收盤跌破60日EMA約 361.72 且法人籌碼轉弱，先減碼三分之一。,68,67,63.6,85,91,可用,379,379,11.73,1.69,28.11,34.78,246.69,5.62,17.26,4.09,4.2,11,77,71,63,66,125,-5,-42.138,117.322,271.291,711.7130000000001,77,63.652,92.616,152.401,1,3,24251412,-18.241999999999997,-6.109999999999998,40.59,-121,95,268,,-122.579,71.912,184.78500000000005,562.407,60.08,49.58,56.36,36,false,false,1.73,0.8,主動ETF 5日轉為減碼；ETF加碼金額或跨基金共識不足
48,3443,創意,TWSE,半導體業,等待確認,正常持有,今天不下單,每個交易日收盤後，檢查趨勢與法人籌碼,"已有部位可續抱觀察，但暫不追價；若收盤跌破60日EMA約 4,231.92 且法人籌碼轉弱，先減碼三分之一。",77.9,66.9,37.3,85,100,完整,4530,4530,103.72,93.05,13.81,63.98,144.84,23.89,116.51,45.23,0.44,42,-2,29,31,176,325,4,102.628,1007.4879999999999,1125.927,782.4449999999999,100.7,364.192,443.504,326.13599999999997,5,0,1655252640,4.841999999999999,-43.668000000000006,26.16,-4,478,-62,,19.022,638.454,726.0909999999999,532.7499999999998,56.34,82.3,72.99,100.94,false,false,7.62,8.24,
49,3033,威健,TWSE,電子通路業,等待確認,正常持有,今天不下單,每個交易日收盤後，檢查趨勢與法人籌碼,已有部位可續抱觀察，但暫不追價；若收盤跌破60日EMA約 47.15 且法人籌碼轉弱，先減碼三分之一。,69.3,66.9,49.4,85,91,可用,49.35,49.35,54.45,26.2,3.41,78.5,137.52,1.52,17.89,2.13,4.08,5,1,-3,504,511,641,530,-1146.319,3248.294,-257.71100000000024,1861.8140000000012,1.442,504.51199999999994,511.51199999999994,641.6049999999999,3,1,23737290,-591.203,-919.764,23.8,-1466,-713,-10836,,-1073,3334.985,150.5410000000004,3530.537000000001,53.38,71.45,55.78,102.77,false,false,2.87,5.67,ETF加碼，但外資持股5/10日同步下降；20日趨勢尚未上彎
50,2395,研華,TWSE,電腦及週邊設備業,等待確認,保護持有,今天不新增部位；未完成確認前不機械式賣出,下一交易日收盤，確認是否收復防守區,已有部位暫停加碼；若收盤跌破60日EMA約 520.52，且下一交易日仍未收復，先減碼三分之一；若ETF或外資繼續轉弱，再分批降低部位。,63.8,66.8,62.6,85,100,完整,667,667,73.39,32.18,19.04,40.5,171.12,9.05,40.15,9.96,1.76,30,-10,-63,-271,363,2808,-268,734.587,1989.467,2659.7880000000005,622.6110000000006,0.207,-1017.111,-23.442999999999955,2326.993,1,4,-644848374,35.57600000000001,206.28199999999998,35.51,757,1061,-1791,,697.544,2971.002,2476.949,-2436.317,73.86,73.76,66.99,87.3,false,false,14.87,15.8,20日累積後5日轉為調節；ETF 1/3日已轉為減碼；主動ETF 5日轉為減碼；投信5/10日持續且具金額意義的賣超；短線過熱或乖離過大
51,2301,光寶科,TWSE,電腦及週邊設備業,等待確認,正常持有,今天不下單,每個交易日收盤後，檢查趨勢與法人籌碼,已有部位可續抱觀察，但暫不追價；若收盤跌破60日EMA約 214.78 且法人籌碼轉弱，先減碼三分之一。,72.7,66.7,50.8,85,100,完整,271.5,271.5,36.98,25.08,12.8,59.6,138.63,4.8,28.89,5.85,2.02,27,-32,569,773,5240,3362,242,2296.56,61073.454,52934.988,55932.964,20,787.499,2956.988,-2631.9199999999996,4,1,194512253,699.201,2191.18,43.36,1901,50166,49119,,2128.749,59586.75399999999,47786.81999999999,52871.03999999999,68.58,85.01,75.63,103.75,false,false,19.38,18.3,短線過熱或乖離過大；高波動且5日漲幅過大
52,3665,貿聯-KY,TWSE,其他電子業,等待確認,正常持有,今天不下單,每個交易日收盤後，檢查趨勢與法人籌碼,"已有部位可續抱觀察，但暫不追價；若收盤跌破60日EMA約 2,091.38 且法人籌碼轉弱，先減碼三分之一。",69.8,66.7,57.2,85,86.7,可用,2190,2190,63.79,33.97,14.9,45.52,223.16,11.66,44.4,9.2,0.69,39,-514,-186,490,1720,3695,296,-1125.131,249.735,685.0219999999999,3342.884,-672,914.191,3034.5229999999997,7976.383999999999,4,1,2011220200,-30.903999999999996,-1.6509999999999998,52.73,239,-529,-1755,,-408.108,-633.5520000000001,-2347.85,-4668.475,53.26,57.38,62.9,46.33,false,true,2.65,4.53,ETF 1/3日已轉為減碼；外資持股趨勢資料不足或期間有非市場異動
53,2882,國泰金,TWSE,金融保險業,等待確認,正常持有,今天不下單,每個交易日收盤後，檢查趨勢與法人籌碼,已有部位可續抱觀察，但暫不追價；若收盤跌破60日EMA約 94.74 且法人籌碼轉弱，先減碼三分之一。,74.4,66.6,56.2,85,91,可用,101,101,-42.04,436.35,,94.35,,2.15,15.08,1.99,3.52,32,-246,-962,10312,31196,23350,366,4375.764,728.1009999999994,28937.323999999997,69775.619,-2,10517.197,23079.100000000002,8228.955,3,2,1045409382,-2457.907,4754.7339999999995,23.06,4324,2832,39953,,4316.898,-7331.189,1103.4900000000016,51148.901999999995,56.4,71.93,66.41,82.96,false,false,2.78,0.5,ETF 1/3日已轉為減碼
54,6166,凌華,TWSE,電腦及週邊設備業,等待確認,正常持有,今天不下單,每個交易日收盤後，檢查趨勢與法人籌碼,已有部位可續抱觀察，但暫不追價；若收盤跌破60日EMA約 127.47 且法人籌碼轉弱，先減碼三分之一。,65.4,66.6,49.1,85,91,可用,143,143,25.89,41.08,12.12,60.93,142.12,1.57,39.06,5.31,0.85,1,0,0,0,0,0,0,-485.14,1890.524,-3561.6950000000006,874.2299999999999,0,0,0.05,0.05,0,0,0,-49.684,219.011,21.77,-522,-158,948,,-479.872,1940.2079999999999,-3780.7560000000003,647.7829999999999,54.04,64.9,50.47,93.75,true,false,4.82,15.32,高波動且5日漲幅過大
55,3231,緯創,TWSE,電腦及週邊設備業,等待確認,正常持有,今天不下單,每個交易日收盤後，檢查趨勢與法人籌碼,已有部位可續抱觀察，但暫不追價；若收盤跌破60日EMA約 161.00 且法人籌碼轉弱，先減碼三分之一。,69.8,66.3,45.4,85,100,可用,193,193,53.85,94.01,3.59,82.37,118.14,7.78,18.41,3.07,3,43,-1195,10,8382,20420,15878,7183,7743.663,84050.95199999999,125086.65199999999,296803.806,-10276,10369.248,23114.98,18655.73,3,2,1902757008,-1391.6779999999997,-859.2569999999997,34.39,16354,221959,288806,,17158.21,75073.382,102830.929,269885.673,64.48,73.73,74.74,71.7,false,true,10.74,3.76,外資持股趨勢資料不足或期間有非市場異動
56,2885,元大金,TWSE,金融保險業,等待確認,正常持有,今天不下單,每個交易日收盤後，檢查趨勢與法人籌碼,已有部位可續抱觀察，但暫不追價；若收盤跌破60日EMA約 63.28 且法人籌碼轉弱，先減碼三分之一。,73.7,66.2,52.7,85,91,可用,68.2,68.2,72.83,142.25,,91.67,,1.08,20.83,2.51,3.25,40,-541,-2292,4084,25254,35788,6478,2960.705,7068.028,42957.515,52527.20799999999,351,9134.295,25592.169,15789.764000000003,4,1,618391772,-1566.171,7603.08,26.93,2454,15718,30890,,2635.069,-500.09599999999955,9762.266000000005,19845.772000000004,57.2,72.39,70.05,77.07,false,false,2.77,0.29,ETF 1/3日已轉為減碼；20日趨勢尚未上彎
57,3022,威強電,TWSE,電腦及週邊設備業,等待確認,正常持有,今天不下單,每個交易日收盤後，檢查趨勢與法人籌碼,已有部位可續抱觀察，但暫不追價；若收盤跌破60日EMA約 84.98 且法人籌碼轉弱，先減碼三分之一。,68.2,66.1,66.9,85,91,可用,113,113,79.97,18.78,2.29,27.05,323.07,0.96,29.18,1.58,3.4,3,2,342,339,339,337,343,1310.231,3272.3940000000002,2576.5580000000004,6804.286999999999,1.432,339.191,339.191,336.58299999999997,2,2,34936673,368.161,249.70800000000003,22.3,870,3767,5874,,1184.557,2565.0420000000004,1987.6590000000006,6085.500000000001,74.69,88.2,78.11,108.39,false,false,21.39,22.83,短線過熱或乖離過大；高波動且5日漲幅過大；單季稅前獲利對營業外貢獻依賴偏高
58,2356,英業達,TWSE,電腦及週邊設備業,等待確認,正常持有,今天不下單,每個交易日收盤後，檢查趨勢與法人籌碼,已有部位可續抱觀察，但暫不追價；若收盤跌破60日EMA約 61.98 且法人籌碼轉弱，先減碼三分之一。,71.7,65.9,41.1,85,91,可用,66,66,61.62,36.83,1.8,80.71,109.27,0.68,24.33,3.13,3.13,23,17,164,927,3714,-12209,0,561.857,19611.833,27579.541,30575.738999999998,-747,217.74399999999997,1558.6909999999998,-22952.718,2,3,13935616,-160.89300000000014,-702.8800000000001,18.02,1173,56274,116221,,1479.463,19554.982,26723.73,56417.558,55.02,77.49,71.36,89.74,false,false,3.75,3.29,20日趨勢尚未上彎
59,6196,帆宣,TWSE,其他電子業,等待確認,保護持有,今天不新增部位；未完成確認前不機械式賣出,下一交易日收盤，確認是否收復防守區,已有部位暫停加碼；若收盤跌破60日EMA約 495.59，且下一交易日仍未收復，先減碼三分之一；若ETF或外資繼續轉弱，再分批降低部位。,68.9,65.7,45.5,85,91,可用,507,507,120.99,39.48,8.25,69.23,128.63,5.08,31.43,6.22,1.31,12,0,98,6,77,-260,7,-46.956,447.281,510.319,1450.795,-458,-450,-337,-647.436,2,3,-222075000,51.385000000000005,30.019999999999996,17.99,411,933,1071,,410.159,845.896,817.2990000000001,2129.2709999999997,48.88,60.77,51.11,80.08,false,false,-0.22,2.63,投信5/10日持續且具金額意義的賣超；20日趨勢尚未上彎；當下除權息調整價未守20日EMA
60,3704,合勤控,TWSE,通信網路業,等待確認,正常持有,今天不下單,每個交易日收盤後，檢查趨勢與法人籌碼,已有部位可續抱觀察，但暫不追價；若收盤跌破60日EMA約 44.47 且法人籌碼轉弱，先減碼三分之一。,61,65.6,56.2,85,100,完整,50.4,50.4,47.87,13.91,5.46,57.31,152.64,1.55,13.73,1.54,0.87,1,0,0,0,0,0,0,-1081.659,1732.3829999999998,755.6319999999998,4738.5380000000005,0,0,0,0,0,0,0,-71.53999999999999,-123.517,14.81,-1219,697,-412,,-1094.773,1803.9230000000002,879.1490000000003,4719.196000000001,59.64,77.11,62.8,105.74,false,false,9.52,11.14,高波動且5日漲幅過大
61,6579,研揚,TWSE,電腦及週邊設備業,等待確認,正常持有,今天不下單,每個交易日收盤後，檢查趨勢與法人籌碼,已有部位可續抱觀察，但暫不追價；若收盤跌破60日EMA約 158.34 且法人籌碼轉弱，先減碼三分之一。,60.1,65.6,68.2,85,100,完整,164.5,164.5,47.1,28.75,10.2,26.1,221.03,6.15,31.47,2.78,2.19,1,0,0,0,0,0,0,-105.986,1201.8020000000001,1054.162,1620.8700000000001,0,2,7,7,1,0,343000,-28.009,-20.789,4.81,-93,923,1042,,-88.294,1227.8110000000001,1067.9510000000002,1480.9230000000002,49.92,53.29,51.76,56.34,false,false,-0.61,0.92,當下除權息調整價未守20日EMA
62,6781,AES-KY,TWSE,電子零組件業,等待確認,正常持有,今天不下單,每個交易日收盤後，檢查趨勢與法人籌碼,"已有部位可續抱觀察，但暫不追價；若收盤跌破60日EMA約 1,080.04 且法人籌碼轉弱，先減碼三分之一。",65.9,65.6,67.2,85,91,可用,1195,1195,25.58,26.01,24.16,32.21,291.85,10.64,29.26,5.41,1.67,5,0,0,0,0,0,0,1031.026,1525.7060000000001,1681.7920000000004,1445.2230000000002,0,0,10,25,0,0,0,63.967999999999996,12.54999999999999,69.92,1035,1692,1880,,1035.048,1461.738,1659.2420000000002,1454.3890000000001,63.9,84.95,72.33,110.19,false,false,14.72,23.96,20日趨勢尚未上彎；短線過熱或乖離過大；高波動且5日漲幅過大
63,1560,中砂,TWSE,電機機械,等待確認,保護持有,今天不新增部位；未完成確認前不機械式賣出,下一交易日收盤，確認是否收復防守區,已有部位暫停加碼；若收盤跌破60日EMA約 663.18，且下一交易日仍未收復，先減碼三分之一；若ETF或外資繼續轉弱，再分批降低部位。,68.6,65.1,53.9,85,91,可用,688,688,16.39,23.02,19.38,38.56,179.04,2.94,65.29,11.97,0.75,7,0,-1,414,816,582,413,-219.561,-276.47,-629.605,-1082.25,15,1143,2906.76,2874.76,3,1,756666000,-78.16699999999999,-148.43799999999996,36.85,-202,-3488,-4071,,-202.509,-1341.303,-3387.9270000000006,-3700.262,51.82,77,66.35,98.29,false,false,2.12,2.53,外資持股5/10日下降，且外資5日賣超；20日趨勢尚未上彎
64,6285,啟碁,TWSE,通信網路業,等待確認,正常持有,今天不下單,每個交易日收盤後，檢查趨勢與法人籌碼,已有部位可續抱觀察，但暫不追價；若收盤跌破60日EMA約 248.46 且法人籌碼轉弱，先減碼三分之一。,67.4,65,46,85,100,完整,256,256,84.37,22.8,5,65.98,133.19,5.75,25.52,3.15,1.85,16,-51,-99,39,382,-156,94,-2654.977,-1535.942,358.96600000000007,-2767.1009999999997,-57,253,-379.16999999999996,-2940.17,3,1,58949000,-200.61299999999997,-335.763,23.69,-2181,863,-347,,-2335.299,-1588.3289999999997,1073.8990000000003,5.356000000000051,53.14,72.03,64.19,87.71,false,false,4.73,7.11,ETF 1/3日已轉為減碼；20日趨勢尚未上彎；借券賣出與借券賣出餘額壓力升高
65,6672,騰輝電子-KY,TWSE,電子零組件業,等待確認,保護持有,今天不新增部位；未完成確認前不機械式賣出,下一交易日收盤，確認是否收復防守區,已有部位暫停加碼；若收盤跌破60日EMA約 228.31，且下一交易日仍未收復，先減碼三分之一；若ETF或外資繼續轉弱，再分批降低部位。,57.3,64.9,62.4,85,91,可用,251.5,251.5,68.12,34.55,11.67,42.48,319.89,1.73,41.41,4.4,1.46,1,0,-5,-4,5,78,0,-362.165,-586.796,-908.9359999999999,-5219.454999999999,0,-4,5,78,1,2,-916000,3.3899999999999975,-32.10800000000002,19.34,-396,-2209,-4568,,-415.957,-586.186,-881.828,-5110.987,56.58,82.58,62.95,121.83,false,false,9.1,18.91,20日累積後5日轉為調節；外資持股5/10日下降，且外資5日賣超；20日趨勢尚未上彎；高波動且5日漲幅過大
66,6834,天二科技,TWSE,電子零組件業,等待確認,正常持有,今天不下單,每個交易日收盤後，檢查趨勢與法人籌碼,已有部位可續抱觀察，但暫不追價；若收盤跌破60日EMA約 88.75 且法人籌碼轉弱，先減碼三分之一。,60.3,64.8,56.9,85,85,完整,96.6,96.6,66.46,36.56,10.85,40.75,153.28,1.6,38.22,5.04,0.46,1,0,-4,1,5,168,0,-14.429,-1925.4189999999999,-516.083,-1922.028,0,1,5,168,1,1,87900,-2.506,-6.814999999999998,12.46,0,171,411,,-14.429,-1923.913,-514.2679999999998,-1889.375,51.18,70.45,54.89,101.59,false,false,2.9,10.15,20日趨勢尚未上彎；高波動且5日漲幅過大
67,4576,大銀微系統,TWSE,電機機械,等待確認,正常持有,今天不下單,每個交易日收盤後，檢查趨勢與法人籌碼,已有部位可續抱觀察，但暫不追價；若收盤跌破60日EMA約 205.67 且法人籌碼轉弱，先減碼三分之一。,61.8,64.7,54.8,85,91,可用,226.5,226.5,62.56,47.78,16.65,37.33,204.05,0.96,85.83,6.31,0.37,1,0,0,0,0,0,0,-1294.681,-275.20399999999995,200.22900000000007,385.456,0,0,0,0,0,0,0,140.255,100.927,5.65,-1188,193,636,,-1308,-415.459,99.30199999999994,346.2379999999999,60.07,78.24,68.96,96.81,false,false,10.95,14.97,20日趨勢尚未上彎；高波動且5日漲幅過大
68,2884,玉山金,TWSE,金融保險業,等待確認,正常持有,今天不下單,每個交易日收盤後，檢查趨勢與法人籌碼,已有部位可續抱觀察，但暫不追價；若收盤跌破60日EMA約 35.19 且法人籌碼轉弱，先減碼三分之一。,67.9,64.5,56.5,85,91,可用,37.8,37.8,25.3,24.84,,93.91,,0.62,17.34,2.17,3.67,30,472,-146,308,21789,53096,-77,1373.904,-12030.633,60680.918999999994,210180.07899999997,1166,1017.676,5283.242,11624.759999999998,2,3,38824339,-1729.1970000000003,8732.552,31.96,1758,49097,157867,,267.117,-11319.112,46665.12500000001,171406.35,62.84,68.42,73.02,59.21,false,false,2.47,-1.69,主動ETF 5日轉為減碼
69,2105,正新,TWSE,橡膠工業,等待確認,正常持有,今天不下單,每個交易日收盤後，檢查趨勢與法人籌碼,已有部位可續抱觀察，但暫不追價；若收盤跌破60日EMA約 31.58 且法人籌碼轉弱，先減碼三分之一。,62.7,64.3,59.5,85,91,可用,31.7,31.7,15.01,4.92,9.93,41.86,262.14,0.57,19.38,1.2,5.73,13,113,23,-225,1208,-11257,-415,1629.133,448.47800000000007,2458.221,28360.961000000003,119,-167.63400000000001,-77.73100000000002,-17148.144,3,2,-5263708,-570.847,664.046,9.49,982,4679,31340,,1487.2,1186.9590000000003,1871.9060000000002,43247.75199999999,53.91,67.72,45.19,112.77,false,false,1.44,4.62,主動ETF 5日轉為減碼；20日趨勢尚未上彎
70,1708,東鹼,TWSE,化學工業,等待確認,正常持有,今天不下單,每個交易日收盤後，檢查趨勢與法人籌碼,已有部位可續抱觀察，但暫不追價；若收盤跌破60日EMA約 49.31 且法人籌碼轉弱，先減碼三分之一。,56.3,64.3,58.8,85,71,可用,49.95,49.95,3.25,11.5,16.67,41.95,100.39,1.11,14.47,1.64,3.28,1,0,-14,-13,18,625,0,88.515,497.52599999999995,559.6729999999999,-3736.1000000000004,0,-13,18,625,1,2,-633750,12.128,-87.915,9.78,102,-1265,-1839,,84.96,498.39799999999997,629.588,-4112.982,46.46,54.58,41.1,81.52,false,false,-1.77,2.78,20日趨勢尚未上彎；當下除權息調整價未守20日EMA
71,1101,台泥,TWSE,水泥工業,等待確認,正常持有,今天不下單,每個交易日收盤後，檢查趨勢與法人籌碼,已有部位可續抱觀察，但暫不追價；若收盤跌破60日EMA約 24.07 且法人籌碼轉弱，先減碼三分之一。,69,64.2,46.8,85,91,可用,24.55,24.55,32.4,1.54,8.42,49.01,223.86,0.1,,0.78,3.29,7,-2,2,-24,29,-3812,0,3299.414,-17023.755999999998,24772.75,52687.990999999995,-2,6,178,-3671,2,1,146100,-652.514,525.41,14.74,7567,66951,124833,,3459.974,-16377.242,24069.34,57000.673,56.97,52.8,45.52,67.38,true,false,2.1,3.15,
72,6669,緯穎,TWSE,電腦及週邊設備業,等待確認,保護持有,今天不新增部位；未完成確認前不機械式賣出,下一交易日收盤，確認是否收復防守區,"已有部位暫停加碼；若收盤跌破60日EMA約 5,179.50，且下一交易日仍未收復，先減碼三分之一；若ETF或外資繼續轉弱，再分批降低部位。",67.7,64,45.1,85,100,完整,6010,6010,29.79,41.71,6.79,75.35,132.12,156.38,20.45,8.09,2.69,41,68,-32,224,803,688,193,-48.128,613.19,1214.84,3082.976,92,878.521,2268.752,3105.071,3,2,5358978100,-74.924,-60.06100000000001,27.87,-234,-556,-256,,-138.166,-190.40699999999998,-993.8509999999998,-149.04599999999974,60.16,79.4,77.54,83.11,false,false,7.38,1.43,外資持股5/10日下降，且外資5日賣超
73,2324,仁寶,TWSE,電腦及週邊設備業,等待確認,正常持有,今天不下單,每個交易日收盤後，檢查趨勢與法人籌碼,已有部位可續抱觀察，但暫不追價；若收盤跌破60日EMA約 35.36 且法人籌碼轉弱，先減碼三分之一。,69.5,64,44.4,85,87.9,可用,36.3,36.3,58.38,15.82,1.31,67.75,130.7,0.45,27.48,1.22,3.01,12,-20,-462,1347,3715,5933,1503,-3081.719,37142.05,50294.972000000016,98431.12000000002,-13,1421.592,1975.921,-1946.4210000000005,2,3,51959188,-225.15199999999993,-613.17,37.02,-3671,65078,99796,,-2764.993,35945.61,48932.221000000005,94492.98,50.98,71.15,68.6,76.25,false,false,0.29,-0.14,ETF 1/3日已轉為減碼；外資持股趨勢資料不足或期間有非市場異動
74,2881,富邦金,TWSE,金融保險業,等待確認,正常持有,今天不下單,每個交易日收盤後，檢查趨勢與法人籌碼,已有部位可續抱觀察，但暫不追價；若收盤跌破60日EMA約 120.41 且法人籌碼轉弱，先減碼三分之一。,72.6,63.9,53.3,85,91,可用,128.5,128.5,-53.65,466.35,,92.11,,2.4,17.47,1.94,3.35,35,-354,-4042,6694,23893,38758,-1609,3245.811,5772.168000000001,28945.809999999998,62147.293999999994,-140,6733.32,16851.442,25748.246,2,3,855131640,-2076.179,3639.354,18.45,3580,11697,20834,,3370.012,1115.027000000001,8455.014,28675.912,54.25,62.62,63.74,60.37,false,true,1.27,-0.77,ETF 1/3日已轉為減碼；主動ETF 5日轉為減碼
75,7722,LINEPAY,TWSE,數位雲端,等待確認,正常持有,今天不下單,每個交易日收盤後，檢查趨勢與法人籌碼,已有部位可續抱觀察，但暫不追價；若收盤跌破60日EMA約 290.95 且法人籌碼轉弱，先減碼三分之一。,60.5,63.8,63.5,85,71,可用,293.5,293.5,14.16,14.91,5.19,54.81,188.17,1.97,42.77,1.89,0.66,1,0,-1,-1,1,50,0,51.53,19.767,100.042,119.95899999999999,0,-1,1,48,0,1,-301500,19.569,22.793,58.88,35,3,56,,28.803,1.1980000000000004,76.249,56.80199999999999,53.59,58.94,41.41,94,true,false,2.93,7.9,20日趨勢尚未上彎
76,2883,凱基金,TWSE,金融保險業,等待確認,正常持有,今天不下單,每個交易日收盤後，檢查趨勢與法人籌碼,已有部位可續抱觀察，但暫不追價；若收盤跌破60日EMA約 28.14 且法人籌碼轉弱，先減碼三分之一。,73.2,63.7,53.6,85,91,可用,31.05,31.05,-23.3,241.65,,91.24,,0.69,17.33,1.54,3.24,26,3775,5003,15063,43803,78849,-3126,514.792,30031.182,94539.925,241122.80099999995,3985,15347.203,24751.978999999996,21285.366999999995,3,2,473461213,-4751.152,11090.813999999998,26.62,-1870,92885,160625,,-3621.64,19435.131,58697.13200000002,186684.22,57.51,74.49,69.54,84.38,false,false,2.57,2.14,主動ETF 5日轉為減碼
77,2892,第一金,TWSE,金融保險業,等待確認,保護持有,今天不新增部位；未完成確認前不機械式賣出,下一交易日收盤，確認是否收復防守區,已有部位暫停加碼；若收盤跌破60日EMA約 32.82，且下一交易日仍未收復，先減碼三分之一；若ETF或外資繼續轉弱，再分批降低部位。,71.6,63.7,55.3,85,91,可用,34.95,34.95,9.73,22.32,,94.22,,0.57,18.23,1.72,3.66,27,1004,9480,13425,28253,83176,14858,-11670.041,-67952.01599999999,-30737.284999999985,14497.648000000016,1291,13817.099,19098.404000000002,65261.44,5,0,491197869,6898.522,20800.254,24.57,-12733,-81935,-96524,,-12690.979,-88667.637,-70635.943,-77190.208,54.95,50.03,62.84,24.39,false,false,0.44,-2.78,外資持股5/10日下降，且外資5日賣超
78,6944,兆聯實業,TWSE,綠能環保,等待確認,保護持有,今天不新增部位；未完成確認前不機械式賣出,下一交易日收盤，確認是否收復防守區,已有部位暫停加碼；若收盤跌破60日EMA約 741.46，且下一交易日仍未收復，先減碼三分之一；若ETF或外資繼續轉弱，再分批降低部位。,65.3,63.6,52.8,85,91,可用,755,755,29.98,44.54,22.51,49.71,177.5,10.08,21.69,6.67,2.59,5,0,0,134,134,150,134,-107.475,-64.64499999999998,-1211.308,-1701.6519999999998,0,118.54,121.45700000000001,103,2,1,91394340,-19.691,24.238000000000003,14.77,-63,-2000,-1901,,-107.624,-163.494,-1357.003,-1760.3759999999997,49.61,63.44,57.65,75.02,false,false,-0.45,3.99,外資持股5/10日下降，且外資5日賣超；當下除權息調整價未守20日EMA
79,2436,偉詮電,TWSE,半導體業,等待確認,正常持有,今天不下單,每個交易日收盤後，檢查趨勢與法人籌碼,已有部位可續抱觀察，但暫不追價；若收盤跌破60日EMA約 64.90 且法人籌碼轉弱，先減碼三分之一。,56.6,63.4,64.8,85,91,可用,67.4,67.4,18.28,28.04,13.67,31.86,264.43,0.7,18.28,2.8,3.18,2,-25,-25,-25,20,22,0,1434.006,525.754,-749.9940000000001,-4851.707,-25,-25,20,22,0,1,-1540000,19.755999999999993,-96.98600000000002,10.64,1484,-460,-2298,,1490.536,530.9980000000002,-673.0079999999998,-4317.074,59.58,83.59,68.5,113.78,false,false,10.56,17.42,20日累積後5日轉為調節；ETF 1/3日已轉為減碼；20日趨勢尚未上彎
80,2915,潤泰全,TWSE,貿易百貨,等待確認,正常持有,今天不下單,每個交易日收盤後，檢查趨勢與法人籌碼,已有部位可續抱觀察，但暫不追價；若收盤跌破60日EMA約 50.49 且法人籌碼轉弱，先減碼三分之一。,64.8,63.4,68.4,85,91,可用,53.4,53.4,12.84,-22.99,-1.96,9.9,483.12,2.59,6.08,0.48,3.66,3,0,0,1,1,2,0,626.869,-55.708999999999946,5706.7660000000005,4180.207000000001,0,1,1,2,1,0,51900,-205.286,-53.26899999999999,5.78,583,7123,9704,,629.793,148.577,5759.035000000001,4177.411000000001,61.34,70.28,59.41,92.02,true,true,3.19,1.71,單季稅前獲利對營業外貢獻依賴偏高
81,3008,大立光,TWSE,光電業,等待確認,保護持有,今天不新增部位；未完成確認前不機械式賣出,下一交易日收盤，確認是否收復防守區,"已有部位暫停加碼；若收盤跌破60日EMA約 3,945.42，且下一交易日仍未收復，先減碼三分之一；若ETF或外資繼續轉弱，再分批降低部位。",68.8,63.2,70.1,85,100,完整,4400,4400,-10.46,11.26,37.52,14.43,485.47,82.35,23.32,2.99,1.82,39,27,255,308,728,1239,277,-176.236,-696.125,-1314.111,-2587.171,28,632.913,1582.682,2770.8959999999997,5,0,2775323505,13.491999999999994,-38.153000000000006,27.26,-664,-3432,-4130,,-219.802,-1342.53,-2858.64,-5259.888999999999,55.4,70.48,67.04,77.35,false,false,4.74,11.11,外資持股5/10日下降，且外資5日賣超；高波動且5日漲幅過大
82,2379,瑞昱,TWSE,半導體業,等待確認,正常持有,今天不下單,每個交易日收盤後，檢查趨勢與法人籌碼,已有部位可續抱觀察，但暫不追價；若收盤跌破60日EMA約 703.86 且法人籌碼轉弱，先減碼三分之一。,70,63.2,43.8,85,91,可用,758,758,20.6,10.52,11.89,68.4,114.69,8.44,27,8.55,3.33,47,130,167,408,1891,3122,-29,374.411,2070.682,203.41799999999967,-2258.722,130.807,414.277,1666.402,2039.5130000000008,5,0,310707750,30.926000000000002,-231.06900000000002,45.24,222,-2687,-2010,,213.295,1625.4789999999998,-1231.9150000000004,-4749.654,53.94,71.19,59.46,94.65,false,false,2.47,7.67,主動ETF 5日轉為減碼；ETF加碼，但外資持股5/10日同步下降；20日趨勢尚未上彎
83,4536,拓凱,TWSE,運動休閒,等待確認,正常持有,今天不下單,每個交易日收盤後，檢查趨勢與法人籌碼,已有部位可續抱觀察，但暫不追價；若收盤跌破60日EMA約 164.65 且法人籌碼轉弱，先減碼三分之一。,62.8,63.2,66.6,85,91,可用,171.5,171.5,10.04,-0.91,17.11,33.18,279.74,3.61,12.67,1.69,4.71,2,0,0,0,6,8,0,110.119,75.68799999999999,841.72,1512.941,0,-120,-114,8,0,2,-20400000,-70.77499999999999,-71.24699999999999,14.41,83,1222,1605,,98.119,266.463,1026.967,1575.5830000000003,62.94,75.24,60.93,103.86,false,false,2.65,3.94,20日趨勢尚未上彎
84,1609,大亞,TWSE,電器電纜,等待確認,正常持有,今天不下單,每個交易日收盤後，檢查趨勢與法人籌碼,已有部位可續抱觀察，但暫不追價；若收盤跌破60日EMA約 36.76 且法人籌碼轉弱，先減碼三分之一。,63.1,63.1,48,85,91,可用,36.95,36.95,22.67,19.01,14.08,68.56,129.15,0.66,15.5,1.66,1.89,2,0,0,0,3,-21,0,37.946,743.196,-2213.036,-4239.737,0,2,14,-8,1,0,74100,-107.03400000000002,-69.37300000000002,12.71,143,-545,-2164,,126.345,848.23,-2157.6630000000005,-3754.492,51.88,64.53,52.46,88.69,false,false,1.8,6.64,20日趨勢尚未上彎
85,2397,友通,TWSE,電腦及週邊設備業,等待確認,正常持有,今天不下單,每個交易日收盤後，檢查趨勢與法人籌碼,已有部位可續抱觀察，但暫不追價；若收盤跌破60日EMA約 59.30 且法人籌碼轉弱，先減碼三分之一。,58.1,62.9,52.8,85,100,完整,68,68,31.37,25.65,6.75,61.22,141.25,2.05,24.25,2.25,3.7,1,0,0,0,0,0,0,478.337,1535.2230000000002,1330.226,2250.388,0,0,0,0,0,0,0,-20.057,-6.056999999999999,15.5,477,1567,2176,,477.319,1555.28,1336.283,2262.4449999999997,69.72,82.47,65.71,115.99,false,false,14.24,22.97,短線過熱或乖離過大
86,6239,力成,TWSE,半導體業,等待確認,保護持有,今天不新增部位；未完成確認前不機械式賣出,下一交易日收盤，確認是否收復防守區,已有部位暫停加碼；若收盤跌破60日EMA約 284.28，且下一交易日仍未收復，先減碼三分之一；若ETF或外資繼續轉弱，再分批降低部位。,64.2,62.8,49.2,85,100,完整,288.5,288.5,21.71,32.41,14.16,44.87,169.04,5.5,25.99,3.39,1.71,24,10,675,2283,4435,5280,2229,-2967.922,-9903.309,-15459.701000000001,-23660.927,1253,2032.9830000000002,3013.621,4088.683,3,2,533658038,-331.1479999999999,-304.40399999999977,33.96,-3814,-24181,-26504,,-3782.56,-11605.144,-18168.917999999998,-26073.655999999995,53.04,75.89,55.13,117.39,false,false,5.85,20.96,外資持股5/10日下降，且外資5日賣超；20日趨勢尚未上彎；短線過熱或乖離過大；高波動且5日漲幅過大
87,5471,松翰,TWSE,半導體業,等待確認,正常持有,今天不下單,每個交易日收盤後，檢查趨勢與法人籌碼,已有部位可續抱觀察，但暫不追價；若收盤跌破60日EMA約 54.69 且法人籌碼轉弱，先減碼三分之一。,57.9,62.8,66.6,85,91,可用,56.7,56.7,47.67,28.64,9.07,14,616.33,0.48,56.49,2.59,1.46,1,0,0,0,0,0,0,44.066,-877.525,-949.6009999999999,-4462.068,0,0,0,0,0,0,0,8.849000000000004,26.4,11.54,-127,129,-272,,42.862,-886.3739999999999,-976.0009999999999,-4460.282000000001,52.08,79.45,65.48,107.4,false,false,2.52,4.04,20日趨勢尚未上彎
88,3023,信邦,TWSE,電子零組件業,等待確認,保護持有,今天不新增部位；未完成確認前不機械式賣出,下一交易日收盤，確認是否收復防守區,已有部位暫停加碼；若收盤跌破60日EMA約 305.22，且下一交易日仍未收復，先減碼三分之一；若ETF或外資繼續轉弱，再分批降低部位。,68.3,62.7,53.1,85,100,完整,314.5,314.5,17.59,8.75,10.95,52.87,162.52,7.37,23.78,4.7,3.14,16,300,707,1063,1188,2160,610,-470.157,298.46,1462.858,-1066.973,300,991,1054,1487,5,0,315138000,92.595,564.582,40.24,-1624,-3258,-4055,,-790,-785.135,-155.724,-3486.569,53.43,78.45,67.62,100.11,false,false,2.51,5.01,外資持股5/10日下降，且外資5日賣超；20日趨勢尚未上彎
89,2845,遠東銀,TWSE,金融保險業,等待確認,正常持有,今天不下單,每個交易日收盤後，檢查趨勢與法人籌碼,已有部位可續抱觀察，但暫不追價；若收盤跌破60日EMA約 13.01 且法人籌碼轉弱，先減碼三分之一。,55.7,62.5,66.1,85,91,可用,13.15,13.15,20.15,17.21,,92.01,,0.25,15,0.9,4.77,7,0,0,1,2561,3089,0,1352.347,-7674.237,21825.155999999995,46054.349,0,1,2561,3067,1,0,13200,-594.6949999999999,-477.48199999999997,9.6,2780,18994,23235,,1301.347,-7080.542,19741.638,43118.48999999999,46.53,21.91,33.69,-1.65,false,false,-0.88,-1.5,20日趨勢尚未上彎；當下除權息調整價未守20日EMA
90,8114,振樺電,TWSE,電腦及週邊設備業,等待確認,正常持有,今天不下單,每個交易日收盤後，檢查趨勢與法人籌碼,已有部位可續抱觀察，但暫不追價；若收盤跌破60日EMA約 208.40 且法人籌碼轉弱，先減碼三分之一。,62.3,62.3,64.4,85,100,完整,223.5,223.5,19.14,-25.79,18.27,38.04,165.47,7.09,16.07,2.45,5.09,3,0,-1,-1,4,4,0,274.053,2080.353,1870.75,4395.227000000001,0,110,115,502,1,1,24805000,156.655,193.25900000000001,16.64,211,2592,3178,,241.854,1813.6979999999999,1562.491,3687.4550000000004,56.2,67.92,59.69,84.37,false,false,4.45,3.95,20日累積後5日轉為調節
91,2801,彰銀,TWSE,金融保險業,等待確認,保護持有,今天不新增部位；未完成確認前不機械式賣出,下一交易日收盤，確認是否收復防守區,已有部位暫停加碼；若收盤跌破60日EMA約 22.66，且下一交易日仍未收復，先減碼三分之一；若ETF或外資繼續轉弱，再分批降低部位。,62.2,62.1,63.5,85,91,可用,23.2,23.2,9.51,14.62,,93.51,,0.44,14.47,1.21,4.54,20,-332,5745,13071,14497,65964,7141,-2467.5,-88137.96299999999,-71684.62999999999,-56700.93099999999,-332,5804.226,7432.532999999999,58903.138,2,3,134367832,-10304.051,-1589.5849999999991,16.66,-2223,-99428,-113908,,-2165.314,-83638.138,-77527.578,-114340.29099999997,46.08,21.05,39.25,-15.34,false,false,-1.75,-6.38,外資持股5/10日下降，且外資5日賣超；當下除權息調整價未守20日EMA；借券賣出與借券賣出餘額壓力升高
92,4961,天鈺,TWSE,半導體業,等待確認,正常持有,今天不下單,每個交易日收盤後，檢查趨勢與法人籌碼,已有部位可續抱觀察，但暫不追價；若收盤跌破60日EMA約 163.41 且法人籌碼轉弱，先減碼三分之一。,60,61.9,67.4,85,100,完整,174,174,24.76,1.53,7.97,20.7,391.38,5.07,19.38,1.2,4.48,4,-10,-10,-10,42,532,0,847.706,1796.518,1747.043,1220.7219999999998,-10,-10,42,479,0,1,-1725000,10.043000000000006,-2.5129999999999955,22.02,801,1735,1962,,838.672,1796.4749999999997,1707.5559999999996,785.6699999999994,61.03,82.88,66.43,115.79,false,false,7.41,13.36,20日累積後5日轉為調節；ETF 1/3日已轉為減碼；20日趨勢尚未上彎
93,2880,華南金,TWSE,金融保險業,等待確認,保護持有,今天不新增部位；未完成確認前不機械式賣出,下一交易日收盤，確認是否收復防守區,已有部位暫停加碼；若收盤跌破60日EMA約 38.84，且下一交易日仍未收復，先減碼三分之一；若ETF或外資繼續轉弱，再分批降低部位。,69.9,61.8,50.6,85,91,可用,44,44,29.2,36.2,,94.52,,0.55,21.45,2.54,3.27,27,6651,21618,39539,73440,159016,11409,-3793.983,-3589.9720000000007,20160.086000000003,56726.698000000004,6911,40068.085,59707.455,117202.30700000002,5,0,1779022974,-873.565,15693.302,13.76,-14950,-82694,-104326,,-10745.773,-42784.492,-55240.671,-107426.486,70.79,76.32,76.63,75.72,true,true,4.82,2.21,外資持股5/10日下降，且外資5日賣超
94,2010,春源,TWSE,鋼鐵工業,等待確認,正常持有,今天不下單,每個交易日收盤後，檢查趨勢與法人籌碼,已有部位可續抱觀察，但暫不追價；若收盤跌破60日EMA約 22.37 且法人籌碼轉弱，先減碼三分之一。,61.2,61.8,57.4,85,85,完整,23.4,23.4,-0.43,7.1,7.89,45.34,176.99,1.35,9.14,1.19,8.71,1,0,0,0,7,207,0,3160.125,2891.339,3666.0959999999995,4720.013999999999,0,0,7,207,0,0,0,-63.790000000000006,4.174999999999988,8.33,3107,3895,4382,,3085.11,2955.1290000000004,3654.9210000000003,4469.495,70.64,81.56,66.7,111.28,true,false,7.92,10.9,
95,3029,零壹,TWSE,資訊服務業,等待確認,正常持有,今天不下單,每個交易日收盤後，檢查趨勢與法人籌碼,已有部位可續抱觀察，但暫不追價；若收盤跌破60日EMA約 103.43 且法人籌碼轉弱，先減碼三分之一。,63.2,61.7,50,85,100,完整,109,109,13.58,9.41,6.32,63.78,142.48,3.63,15.62,3.46,5.02,3,0,-2,-9,3,-5,0,258.95,96.52700000000016,3014.5669999999996,5237.227999999999,-0.82,-9.137,2.8629999999999995,-5.057,0,4,-1000502,-21.808,-13.743000000000002,7.02,151,3424,3332,,261.289,127.4720000000001,3025.447,5247.383999999999,58.64,69.51,65.27,77.99,false,false,3.46,4.81,
96,1476,儒鴻,TWSE,紡織纖維,等待確認,正常持有,今天不下單,每個交易日收盤後，檢查趨勢與法人籌碼,已有部位可續抱觀察，但暫不追價；若收盤跌破60日EMA約 341.56 且法人籌碼轉弱，先減碼三分之一。,61.8,61.6,69.2,85,100,完整,337,337,14.42,3.22,20.96,24,273.93,12.35,14.37,3.28,4.32,13,134,149,146,153,-1442,0,-957.707,304.309,1986.6770000000004,3945.569,134,125.545,138.669,-1456.7610000000002,3,2,43564115,184.95999999999998,216.738,30.66,-1067,1982,4226,,-1081.768,-6.196000000000083,1631.27,5237.581999999999,47.17,54.61,66.56,30.69,false,true,-1.89,-2.74,當下除權息調整價未守20日EMA
97,2850,新產,TWSE,金融保險業,等待確認,正常持有,今天不下單,每個交易日收盤後，檢查趨勢與法人籌碼,已有部位可續抱觀察，但暫不追價；若收盤跌破60日EMA約 146.09 且法人籌碼轉弱，先減碼三分之一。,60.9,61.6,59.9,85,91,可用,161.5,161.5,3.28,14.4,,62.41,,3.99,11.63,2.36,4.46,4,0,0,1,20,24,0,154.19,-111.45899999999999,746.848,894.3769999999998,0,3,27,32,1,0,489000,-50.038,-57.038,11.11,145,470,431,,158.191,-64.42099999999999,776.886,912.1339999999999,63,65.22,66.61,62.42,false,false,4.28,-2.12,
98,6202,盛群,TWSE,半導體業,等待確認,正常持有,今天不下單,每個交易日收盤後，檢查趨勢與法人籌碼,已有部位可續抱觀察，但暫不追價；若收盤跌破60日EMA約 59.53 且法人籌碼轉弱，先減碼三分之一。,67.8,61.4,57.3,85,100,完整,63.8,63.8,30.93,11.58,11.26,29.68,345.14,0.94,49.92,3.41,1.14,4,63,93,467,471,489,440,853.441,3731.3320000000003,2267.562,-5592.477999999999,63,467,471,489,3,0,27973300,38.43299999999999,-202.324,15.63,785,1289,-4464,,792.858,3225.8990000000003,1998.8860000000002,-5624.366,56.67,84.46,72.47,108.44,false,false,8.77,8.69,20日趨勢尚未上彎
99,1717,長興,TWSE,化學工業,等待確認,正常持有,今天不下單,每個交易日收盤後，檢查趨勢與法人籌碼,已有部位可續抱觀察，但暫不追價；若收盤跌破60日EMA約 68.90 且法人籌碼轉弱，先減碼三分之一。,71.2,61.3,39.2,85,100,可用,70,70,16.21,8.32,7.03,51.77,173.89,1.09,34.84,2.49,1.51,5,250,807,1308,1514,1526,1300,993.957,8382.264,3590.1509999999994,-16476.321,250,1314.484,3194.2059999999997,3811.589,5,0,87018841,325.648,-933.511,10.83,1040,1894,-4054,,765.893,6742.132,1329.4559999999988,-17575.786,56.93,87.35,73.57,114.9,false,false,7.42,13.45,外資持股趨勢資料不足或期間有非市場異動；20日趨勢尚未上彎
100,9941,裕融,TWSE,其他,等待確認,正常持有,今天不下單,每個交易日收盤後，檢查趨勢與法人籌碼,已有部位可續抱觀察，但暫不追價；若收盤跌破60日EMA約 80.84 且法人籌碼轉弱，先減碼三分之一。,70.1,60.8,43.3,85,100,完整,85.2,85.2,-4,-2.42,14.77,85.93,98.25,3.86,12.03,1.41,5.43,6,100,403,393,394,371,404,1426.985,1185.468,2821.8770000000004,4830.110000000001,100,393,394,370.852,3,2,33129900,23.683,163.445,5.26,919,1999,1375,,1323.81,768.785,2264.432,4124.515,64.27,72.73,55.02,108.15,false,false,3.41,4.03,累計營收負成長且當月改善不足
101,2493,揚博,TWSE,電子零組件業,等待確認,正常持有,今天不下單,每個交易日收盤後，檢查趨勢與法人籌碼,已有部位可續抱觀察，但暫不追價；若收盤跌破60日EMA約 210.47 且法人籌碼轉弱，先減碼三分之一。,60.9,60.7,51.2,85,91,可用,218,218,32.06,9.46,17.97,51.53,160.67,1.26,50.83,9.39,1.86,2,5,-2,7,14,323,0,-4.016,-2994.162,-1001.0729999999999,3753.272,5,7,14,225,2,1,1505000,101.66499999999999,78.358,7.88,58,-2086,654,,-34.911,-3102.827,-1093.431,3736.419,49.27,70.78,55.68,100.98,false,false,0.07,9,20日趨勢尚未上彎；融資增幅與短線漲幅同步偏高
102,2425,承啟,TWSE,電腦及週邊設備業,等待確認,保護持有,今天不新增部位；未完成確認前不機械式賣出,下一交易日收盤，確認是否收復防守區,已有部位暫停加碼；若收盤跌破60日EMA約 41.30，且下一交易日仍未收復，先減碼三分之一；若ETF或外資繼續轉弱，再分批降低部位。,59.3,60.7,45.1,85,71,可用,49.55,49.55,375.57,116.51,0.01,54.57,183.46,0.62,,2.04,0.19,1,0,-5,-5,5,208,0,-420.713,-2409.261,-1277.402,-1894.4319999999993,0,-5,5,208,1,2,-264500,9.433000000000002,-1.566999999999993,8.44,-400,-2594,-1693,,-453.862,-2413.694,-1280.835,-2132.878,59.26,78.09,75.18,83.91,false,false,7.08,2.59,外資持股5/10日下降，且外資5日賣超；單季稅前獲利對營業外貢獻依賴偏高
103,2890,永豐金,TWSE,金融保險業,等待確認,正常持有,今天不下單,每個交易日收盤後，檢查趨勢與法人籌碼,已有部位可續抱觀察，但暫不追價；若收盤跌破60日EMA約 36.89 且法人籌碼轉弱，先減碼三分之一。,59.2,60.4,55.3,85,88,可用,38.9,38.9,50.94,55.23,,92.98,,0.76,18.64,2.13,3.34,31,-329,-4460,-4971,17777,107987,-2387,2476.69,16024.123,74088.438,108010.633,33,-3131.9370000000004,6782.472,46081.852000000006,1,4,-121988946,-2629.715,5993.976,29.45,86603,153081,114092,,2427.705,21785.774999999998,61311.98999999999,40814.649,51.1,38.13,47.01,20.38,false,true,-0.38,-2.87,20日累積後5日轉為調節；ETF 1/3日已轉為減碼；主動ETF 5日轉為減碼；投信20日買超後近5日轉賣；外資持股趨勢資料不足或期間有非市場異動；20日趨勢尚未上彎；當下除權息調整價未守20日EMA
104,1303,南亞,TWSE,塑膠工業,等待確認,保護持有,今天不新增部位；未完成確認前不機械式賣出,下一交易日收盤，確認是否收復防守區,已有部位暫停加碼；若收盤跌破60日EMA約 153.49，且下一交易日仍未收復，先減碼三分之一；若ETF或外資繼續轉弱，再分批降低部位。,66.3,60.3,43.3,85,91,可用,185,185,31.79,15.98,5.45,38.16,147.43,1.8,81.39,3.88,0.43,26,736,-3725,4070,-603,152903,3325,-5199.437,-59259.814,-42167.672,-76401.97300000001,1758,9997.714,-11679.920000000002,151769.179,3,2,1879570232,1005.6389999999999,5360.272,31.39,-7429,-51551,-186948,,-7333.983,-70263.167,-35848.024,-239218.155,55.28,75.02,58.19,108.66,false,false,5.37,12.12,外資持股5/10日下降，且外資5日賣超；20日趨勢尚未上彎；高波動且5日漲幅過大；融資增幅與短線漲幅同步偏高；單季稅前獲利對營業外貢獻依賴偏高
105,2886,兆豐金,TWSE,金融保險業,等待確認,保護持有,今天不新增部位；未完成確認前不機械式賣出,下一交易日收盤，確認是否收復防守區,已有部位暫停加碼；若收盤跌破60日EMA約 46.32，且下一交易日仍未收復，先減碼三分之一；若ETF或外資繼續轉弱，再分批降低部位。,70.7,60.3,50.8,85,91,可用,51,51,1.53,19.42,,91.97,,0.63,20.69,1.88,3.44,37,2527,12146,22324,53323,104529,11647,-5821.479,-30335.945999999996,10310.544000000002,60578.44899999999,2849,22916.748,39038.511000000006,74021.788,5,0,1166462473,1193.053,15638.653,18.92,-12095,-56516,-55884,,-9246.612,-54445.747,-44366.62,-55474.5,62.86,48.86,59.42,27.74,false,false,2.87,-1.16,外資持股5/10日下降，且外資5日賣超；借券賣出與借券賣出餘額壓力升高
106,3048,益登,TWSE,電子通路業,等待確認,保護持有,今天不新增部位；未完成確認前不機械式賣出,下一交易日收盤，確認是否收復防守區,已有部位暫停加碼；若收盤跌破60日EMA約 55.92，且下一交易日仍未收復，先減碼三分之一；若ETF或外資繼續轉弱，再分批降低部位。,57.3,60.2,40.9,85,91,可用,57.3,57.3,60.1,31.06,2.02,83.47,126.46,1.22,20.68,2.66,1.74,1,0,0,0,0,0,0,-1609.537,-7511.893000000001,-6366.546000000001,-4510.145,0,0,0,0,0,0,0,167.474,92.493,5.99,-1878,-4550,-3663,,-1638,-7679.367,-6459.039000000002,-4386.000000000002,54.67,78.43,70.13,95.02,false,false,5.59,12.8,外資持股5/10日下降，且外資5日賣超；20日趨勢尚未上彎；高波動且5日漲幅過大；融資增幅與短線漲幅同步偏高；借券賣出與借券賣出餘額壓力升高
107,2207,和泰車,TWSE,汽車工業,等待確認,正常持有,今天不下單,每個交易日收盤後，檢查趨勢與法人籌碼,已有部位可續抱觀察，但暫不追價；若收盤跌破60日EMA約 494.36 且法人籌碼轉弱，先減碼三分之一。,64.5,60.2,38.6,85,88,可用,514,514,48.36,13.06,,77.85,100.73,7.95,15.11,3.63,3.88,15,4,15,11,15,-171,0,10.238,-185.068,1799.6309999999999,2657.303,4,13.030000000000001,23.846,-161.91300000000004,4,1,6723480,-66.861,-36.462,22.5,-20,1683,2464,,-1.893,-131.237,1812.2469999999998,2841.166,55.42,29.57,42.06,4.61,false,false,1.24,-1.53,
108,2891,中信金,TWSE,金融保險業,等待確認,正常持有,今天不下單,每個交易日收盤後，檢查趨勢與法人籌碼,已有部位可續抱觀察，但暫不追價；若收盤跌破60日EMA約 64.03 且法人籌碼轉弱，先減碼三分之一。,66.6,60.1,53.9,85,91,可用,66.5,66.5,-17.9,97.76,,93.83,,1.18,15.81,2.35,3.81,40,-537,-3512,-2043,25245,47177,-3164,6122.354,41230.409,84934.547,182600.758,-181,-1654.1580000000001,13332.528000000002,3171.887000000003,1,4,-108512765,-1470.4229999999998,11340.112000000001,35,5866,67960,115228,,6209.635,44354.990000000005,60261.907,165930.825,55.6,82.4,73.73,99.75,false,false,2.27,2.62,20日累積後5日轉為調節；ETF 1/3日已轉為減碼；主動ETF 5日轉為減碼；投信20日買超後近5日轉賣；20日趨勢尚未上彎
109,2302,麗正,TWSE,半導體業,等待確認,正常持有,今天不下單,每個交易日收盤後，檢查趨勢與法人籌碼,已有部位可續抱觀察，但暫不追價；若收盤跌破60日EMA約 38.59 且法人籌碼轉弱，先減碼三分之一。,61.5,60.1,46.6,85,71,可用,42.5,42.5,45.71,22.13,7.43,33.36,146.92,0.25,54.3,3.99,0.82,1,0,-5,2,7,248,0,-79.674,396.019,1577.3059999999998,161.69000000000005,0,2,7,248,2,1,85800,-36.696999999999996,-3.4769999999999945,1.56,-78,-704,-611,,-77.948,430.716,1573.7830000000001,-63.832999999999856,52.33,75.57,62.13,102.45,false,false,2.48,6.25,ETF加碼，但外資持股5/10日同步下降；20日趨勢尚未上彎；單季稅前獲利對營業外貢獻依賴偏高
110,2609,陽明,TWSE,航運業,等待確認,正常持有,今天不下單,每個交易日收盤後，檢查趨勢與法人籌碼,已有部位可續抱觀察，但暫不追價；若收盤跌破60日EMA約 51.16 且法人籌碼轉弱，先減碼三分之一。,66.4,59.7,58.5,85,88.7,可用,51.6,51.6,20.18,0.49,1.94,28.34,441.4,0.41,16.4,0.54,3.96,12,55,135,93,17,89,0,277.077,-6730.947,7558.956000000001,24960.858,55,103.15199999999999,68.70599999999999,-62.87699999999999,4,1,5209176,-522.608,-758.3430000000001,20.37,1100,27954,93370,,168.703,-6311.491,8248.593,27727.806999999997,54.69,61.64,53.74,77.44,true,false,1.66,1.57,20日趨勢尚未上彎；單季稅前獲利對營業外貢獻依賴偏高
111,2486,一詮,TWSE,光電業,等待確認,正常持有,今天不下單,每個交易日收盤後，檢查趨勢與法人籌碼,已有部位可續抱觀察，但暫不追價；若收盤跌破60日EMA約 230.61 且法人籌碼轉弱，先減碼三分之一。,66.8,59.6,42,85,100,完整,233,233,35.04,24.86,8.05,57.6,181.35,0.91,199.14,8.99,0.22,3,0,0,0,360,949,0,-399.031,2127.8469999999998,3545.238,-1238.3070000000007,0,850,1355,1944,2,0,196350000,-454.29400000000004,-1512.5430000000001,12.73,-798,3283,-256,,-388.887,1732.1409999999998,3702.781,-1995.511,52.32,74.03,59.83,102.42,false,false,4.51,12.83,20日趨勢尚未上彎；高波動且5日漲幅過大
112,4904,遠傳,TWSE,通信網路業,等待確認,正常持有,今天不下單,每個交易日收盤後，檢查趨勢與法人籌碼,已有部位可續抱觀察，但暫不追價；若收盤跌破60日EMA約 101.52 且法人籌碼轉弱，先減碼三分之一。,61.3,59.6,55.3,85,91,可用,101.5,101.5,15.9,10.14,17.63,45.96,92.82,1.03,26.14,3.88,3.7,35,712,1694,603,3373,2476,800,1747.791,7365.504,37938.89,76747.758,763,270.8979999999999,78.92300000000009,-7058.683,3,2,27902494,-224.547,1226.99,19.48,335,46696,72008,,944.453,7319.153,36632.977,76134.845,46.8,26.48,33.44,12.56,false,false,-1.26,-1.93,當下除權息調整價未守20日EMA
113,2610,華航,TWSE,航運業,等待確認,正常持有,今天不下單,每個交易日收盤後，檢查趨勢與法人籌碼,已有部位可續抱觀察，但暫不追價；若收盤跌破60日EMA約 21.12 且法人籌碼轉弱，先減碼三分之一。,59.1,59.1,49.8,85,100,完整,20.45,20.45,28.82,16.09,7.53,73.06,66.84,1.08,8.79,1.34,3.6,18,6997,7757,6129,12081,32696,8289,13405.434,39833.062,165930.057,196746.42699999994,6997,6150.629,12184.038,-9656.029999999999,3,2,138389153,-2232.97,347.8440000000003,17.6,6065,130176,150379,,6171.434,35915.403000000006,153398.17500000005,206440.55200000008,40.13,54.31,69.59,23.73,false,true,-5.82,-8.91,當下除權息調整價未守20日EMA
114,1907,永豐餘,TWSE,造紙工業,等待確認,正常持有,今天不下單,每個交易日收盤後，檢查趨勢與法人籌碼,已有部位可續抱觀察，但暫不追價；若收盤跌破60日EMA約 27.57 且法人籌碼轉弱，先減碼三分之一。,67.6,59,41.4,85,91,可用,30.85,30.85,12.66,4.44,-0.43,46.4,119.9,0.13,22.04,0.65,3.24,3,0,0,652,679,804,666,382.456,3106.245,7668.034,11959.284,0,661.4100000000001,696.4900000000001,803.1970000000001,2,0,20404499,-316,-202,12.9,509,6289,6980,,440.456,2760.835,7173.543999999999,11313.926,75.31,86.97,81.98,96.95,false,false,6.21,5.83,單季稅前獲利對營業外貢獻依賴偏高
115,4585,達明,TWSE,其他電子業,等待確認,正常持有,今天不下單,每個交易日收盤後，檢查趨勢與法人籌碼,已有部位可續抱觀察，但暫不追價；若收盤跌破60日EMA約 310.65 且法人籌碼轉弱，先減碼三分之一。,66.1,59,56.8,85,91,可用,316,316,41.88,11.7,5.4,11.23,441.99,0.65,233.71,4.7,0.32,2,0,0,0,0,0,0,124.901,159.701,103.138,7.41399999999998,0,0,2,3,0,0,0,-8.327,-27.76,0.55,123,198,215,,121.931,168.02800000000002,128.89800000000002,82.52500000000002,56.69,67.34,54.48,93.07,false,false,4.95,9.15,20日趨勢尚未上彎；單季稅前獲利對營業外貢獻依賴偏高
116,6213,聯茂,TWSE,電子零組件業,等待確認,正常持有,今天不下單,每個交易日收盤後，檢查趨勢與法人籌碼,已有部位可續抱觀察，但暫不追價；若收盤跌破60日EMA約 307.49 且法人籌碼轉弱，先減碼三分之一。,63.1,58.9,49.4,85,100,完整,427.5,427.5,47.94,25.62,10.99,47.81,173.03,4.39,60.31,6.26,0.77,12,-40,-56,53,-135,676,47,6606.16,9560.301999999998,11301.482,-1848.1740000000004,1073,2941,1522,3965,3,0,1144049000,109.49899999999998,-451.578,17.14,5817,-520,-1160,,5801.407,6509.803,10231.06,-3673.184000000001,68.19,84.51,64.59,124.34,false,false,27.9,47.92,ETF 1/3日已轉為減碼；ETF加碼，但外資持股5/10日同步下降；20日趨勢尚未上彎；短線過熱或乖離過大；高波動且5日漲幅過大；融資增幅與短線漲幅同步偏高
117,2388,威盛,TWSE,半導體業,等待確認,正常持有,今天不下單,每個交易日收盤後，檢查趨勢與法人籌碼,已有部位可續抱觀察，但暫不追價；若收盤跌破60日EMA約 72.53 且法人籌碼轉弱，先減碼三分之一。,68.5,58.8,39.5,85,91,可用,80.7,80.7,34.01,34.24,-24.02,38.87,195.46,0.08,432.78,1.98,0.06,4,-70,-170,-163,65,-761,0,142.242,10971.671,9898.151000000002,10689.855000000003,-70,-170,58,-768,0,2,-13243000,97.08999999999992,-500.1760000000001,17.76,162,9805,14015,,339.161,11044.580999999998,10340.326999999997,11657.211999999994,58.09,75.62,72.69,81.48,false,false,7.46,6.32,ETF 1/3日已轉為減碼；單季稅前獲利對營業外貢獻依賴偏高
118,2464,盟立,TWSE,其他電子業,等待確認,正常持有,今天不下單,每個交易日收盤後，檢查趨勢與法人籌碼,已有部位可續抱觀察，但暫不追價；若收盤跌破60日EMA約 148.36 且法人籌碼轉弱，先減碼三分之一。,68.2,58.7,36.6,85,100,可用,180,180,43.05,19.87,4.36,55.35,126.78,0.66,456.58,6.59,0.29,2,0,62,406,406,406,406,-436.562,4057.531,5767.457,4998.460000000001,0,406,836,836,2,0,70441000,312.212,53.821999999999974,9.5,-404,4667,6543,,-463.183,3339.3190000000004,4877.635,4558.857,62.72,83.66,72.64,105.71,false,false,15,22.03,外資持股趨勢資料不足或期間有非市場異動；短線過熱或乖離過大；高波動且5日漲幅過大；融資增幅與短線漲幅同步偏高
119,2834,臺企銀,TWSE,金融保險業,等待確認,保護持有,今天不新增部位；未完成確認前不機械式賣出,下一交易日收盤，確認是否收復防守區,已有部位暫停加碼；若收盤跌破60日EMA約 16.31，且下一交易日仍未收復，先減碼三分之一；若ETF或外資繼續轉弱，再分批降低部位。,60.1,58.2,64.2,85,91,可用,16.5,16.5,-7.72,4.14,,94.16,,0.35,12.6,1.08,6.06,13,0,-151,9771,9894,9601,8102,-10938.039,-117544.074,-64803.75699999999,-91632.332,0,8012.6359999999995,8269.103,7985.396,2,2,132208494,-4277.508,-1281.2739999999997,17.77,6651,-59814,-22920,,-10896.66,-121279.202,-71791.586,-98571.15599999999,43.71,23.48,39.35,-8.28,false,false,-1.39,-2.99,外資持股5/10日下降，且外資5日賣超；20日趨勢尚未上彎；當下除權息調整價未守20日EMA
120,5880,合庫金,TWSE,金融保險業,等待確認,正常持有,今天不下單,每個交易日收盤後，檢查趨勢與法人籌碼,已有部位可續抱觀察，但暫不追價；若收盤跌破60日EMA約 25.04 且法人籌碼轉弱，先減碼三分之一。,68.5,58.2,51.9,85,91,可用,26.1,26.1,-8.4,16.98,,94.65,,0.36,18.71,1.45,4.01,18,-268,-269,5961,18159,26468,6166,3247.84,-12717.667,102625.181,162546.128,0,6338.781,9617.863,9712.822999999997,3,1,166076062,-1455.299,5582.884,16.98,2615,81009,105954,,3220.84,-17601.149,87424.43400000001,141882.36200000002,54.68,37.25,54.02,3.72,false,false,0.3,-2.97,ETF 1/3日已轉為減碼
121,3711,日月光投控,TWSE,半導體業,等待確認,正常持有,今天不下單,每個交易日收盤後，檢查趨勢與法人籌碼,已有部位可續抱觀察，但暫不追價；若收盤跌破60日EMA約 588.24 且法人籌碼轉弱，先減碼三分之一。,65.5,58.1,36,85,87.6,可用,630,630,32.86,22.02,10.1,60.19,114.67,3.24,54.32,7.32,1.12,58,-154,1164,2931,7632,10721,2563,-2770.666,-12203.006000000001,-23030.704,-35263.691,557,5858.685,7284.142,13436.251999999999,5,0,3427330725,-920.0440000000001,2202.31,76.34,-2959,-34823,-51853,,-3053.732,-17141.647,-32517.156,-53400.581999999995,53.62,76.8,63.17,104.07,false,false,4.68,3.28,外資持股趨勢資料不足或期間有非市場異動；20日趨勢尚未上彎；借券賣出與借券賣出餘額壓力升高
122,1605,華新,TWSE,電器電纜,等待確認,正常持有,今天不下單,每個交易日收盤後，檢查趨勢與法人籌碼,已有部位可續抱觀察，但暫不追價；若收盤跌破60日EMA約 34.47 且法人籌碼轉弱，先減碼三分之一。,63.6,57.7,51.1,85,100,完整,38,38,29.34,-0.44,1.4,38.79,147.45,2.85,10.57,0.76,1.45,7,0,3,4,55,80,0,-669.322,26665.341999999997,14312.219999999992,6081.2179999999935,0,20.703999999999997,117.999,138.162,2,0,715323,851.978,389.273,15.39,-795,11881,3898,,-904.458,25792.66,13804.948000000004,6870.601000000002,63.19,84.21,70.39,111.85,false,false,12.48,15.85,短線過熱或乖離過大；單季稅前獲利對營業外貢獻依賴偏高
123,1326,台化,TWSE,塑膠工業,等待確認,保護持有,今天不新增部位；未完成確認前不機械式賣出,下一交易日收盤，確認是否收復防守區,已有部位暫停加碼；若收盤跌破60日EMA約 57.68，且下一交易日仍未收復，先減碼三分之一；若ETF或外資繼續轉弱，再分批降低部位。,64.8,57.6,54.5,85,100,完整,58.8,58.8,11.59,10.79,2.99,23.33,283.06,2.11,24.96,0.66,1.02,8,0,0,1135,2340,2423,1135,-1593.734,-7804.021000000001,-25803.617,10855.731999999998,0,1135,2340,2405,2,0,66851500,-1123.8039999999999,-2781.4249999999997,37.5,-1997,-21147,-8139,,-1738.677,-7815.217000000001,-25362.191999999995,8942.496000000003,46.56,34.34,24.06,54.9,true,false,-2.96,4.44,外資持股5/10日下降，且外資5日賣超；20日趨勢尚未上彎；當下除權息調整價未守20日EMA；借券賣出與借券賣出餘額壓力升高；單季稅前獲利對營業外貢獻依賴偏高
124,8150,南茂,TWSE,半導體業,等待確認,正常持有,今天不下單,每個交易日收盤後，檢查趨勢與法人籌碼,已有部位可續抱觀察，但暫不追價；若收盤跌破60日EMA約 91.59 且法人籌碼轉弱，先減碼三分之一。,60.1,57.6,45.2,85,88,可用,92.9,92.9,37.23,27.07,7.49,45.11,243.73,0.72,73.14,2.46,1.43,6,0,0,200,-36,-576,200,-3166.96,-11734.959,-12877.857,-59402.213999999985,0,-1511.847,-10504.847,-13764.847000000002,1,2,-130472396,707.659,-1551.3290000000002,37.98,-2954,-10330,-22272,,-3111.977,-10930.771,-821.6810000000005,-43531.204999999994,50.87,72.87,52.51,113.58,false,false,3.28,19.72,外資持股趨勢資料不足或期間有非市場異動；20日趨勢尚未上彎；高波動且5日漲幅過大；融資增幅與短線漲幅同步偏高
125,4571,鈞興-KY,TWSE,電機機械,等待確認,正常持有,今天不下單,每個交易日收盤後，檢查趨勢與法人籌碼,已有部位可續抱觀察，但暫不追價；若收盤跌破60日EMA約 168.41 且法人籌碼轉弱，先減碼三分之一。,58,57.3,64.1,85,91,可用,173,173,5.51,-1.05,18.97,19.94,401.3,2.41,19.03,2.64,3.07,1,0,0,0,0,1,0,18.245,171.553,-82.26500000000001,-245.409,0,0,0,1,0,0,0,52.21799999999999,55.980999999999995,64.18,42,27,27,,28.171,119.33500000000001,-138.246,-292.935,61.08,76.85,67.25,96.05,false,false,8.31,14.19,累計營收負成長且當月改善不足；20日趨勢尚未上彎
126,8454,富邦媒,TWSE,數位雲端,等待確認,正常持有,今天不下單,每個交易日收盤後，檢查趨勢與法人籌碼,已有部位可續抱觀察，但暫不追價；若收盤跌破60日EMA約 260.17 且法人籌碼轉弱，先減碼三分之一。,61.7,56.8,44.5,85,100,完整,274.5,274.5,6.5,2.38,2.94,70.81,68.67,4.81,27.29,9.05,3.53,7,0,0,-1,192,131,0,266.14,602.446,803.1560000000001,1373.873,0,0.812,200.52700000000002,139.877,1,1,230202,-68.27,-130.484,12.01,203,897,1237,,234.14,669.904,733.113,1482.562,55.23,76.36,68.61,91.88,false,false,4.98,10.91,20日累積後5日轉為調節；20日趨勢尚未上彎
127,2412,中華電,TWSE,通信網路業,等待確認,正常持有,今天不下單,每個交易日收盤後，檢查趨勢與法人籌碼,已有部位可續抱觀察，但暫不追價；若收盤跌破60日EMA約 138.66 且法人籌碼轉弱，先減碼三分之一。,53.5,56.8,66.6,85,91,可用,136.5,136.5,11.4,7.83,21.85,24.9,164.38,1.3,27.34,2.69,3.78,36,272,765,-570,3948,9666,-201,1750.394,-732.7780000000002,53380.82400000001,117242.51000000001,369.876,-565.7719999999999,742.3840000000001,3617.789,2,3,-77793650,-927.371,1443.555,17.28,-7024,61405,122440,,1407.518,760.365,51194.88500000001,108976.76000000001,41.06,19.38,30.64,-3.14,false,false,-1.27,-1.8,20日累積後5日轉為調節；主動ETF 5日轉為減碼；投信20日買超後近5日轉賣；當下除權息調整價未守20日EMA
128,6605,帝寶,TWSE,汽車工業,等待確認,正常持有,今天不下單,每個交易日收盤後，檢查趨勢與法人籌碼,已有部位可續抱觀察，但暫不追價；若收盤跌破60日EMA約 134.65 且法人籌碼轉弱，先減碼三分之一。,51.7,56.7,62.7,85,91,可用,133.5,133.5,4.45,-3.37,18.3,36.89,129.82,4.41,10.57,1.13,4.61,1,0,0,0,0,3,0,257.767,387.558,1212.875,1779.483,0,1,5,8,1,0,141000,-23.465999999999998,-0.8419999999999987,14.54,240,1172,2001,,261,410.02400000000006,1208.717,1827.299,48.93,68.38,67.71,69.74,false,false,-0.47,0,累計營收負成長且當月改善不足；當下除權息調整價未守20日EMA
129,6533,晶心科,TWSE,半導體業,等待確認,正常持有,今天不下單,每個交易日收盤後，檢查趨勢與法人籌碼,已有部位可續抱觀察，但暫不追價；若收盤跌破60日EMA約 217.12 且法人籌碼轉弱，先減碼三分之一。,60.2,56.2,45.8,85,91,可用,250,250,247.04,62.07,-62.19,28.8,595.6,-3.28,,2.98,,1,-20,-20,-20,3,3,0,-378.012,173.83300000000003,854.7550000000001,699.1350000000001,-20,-20,3,3,0,1,-5120000,35.397000000000006,31.54600000000001,11.94,-354,274,482,,-398.954,158.43599999999998,820.2090000000001,630.945,63.52,82.19,71.15,104.27,false,false,11.46,7.99,20日累積後5日轉為調節；ETF 1/3日已轉為減碼
130,2006,東和鋼鐵,TWSE,鋼鐵工業,等待確認,正常持有,今天不下單,每個交易日收盤後，檢查趨勢與法人籌碼,已有部位可續抱觀察，但暫不追價；若收盤跌破60日EMA約 72.50 且法人籌碼轉弱，先減碼三分之一。,53.9,56,58.4,85,100,完整,85.9,85.9,9.01,-1.3,12.1,35.77,165.62,4.07,11.75,1.89,4.86,11,-13,-22,-483,75,2315,-455,2904.572,14487.016,20068.749000000003,30532.413,-13,-479.119,97.08099999999996,2296.6409999999996,0,4,-42402032,-104.03800000000003,-80.03800000000003,27.85,2991,21233,26337,,2988.35,15070.172999999999,20051.706000000002,28354.651,70.69,89.83,89.28,90.92,true,false,11.31,6.84,累計營收負成長且當月改善不足；20日累積後5日轉為調節；ETF 1/3日已轉為減碼；主動ETF 5日轉為減碼；投信20日買超後近5日轉賣
131,3016,嘉晶,TWSE,半導體業,等待確認,保護持有,今天不新增部位；未完成確認前不機械式賣出,下一交易日收盤，確認是否收復防守區,已有部位暫停加碼；若收盤跌破60日EMA約 104.98，且下一交易日仍未收復，先減碼三分之一；若ETF或外資繼續轉弱，再分批降低部位。,55.6,56,49.3,85,100,完整,107,107,41.17,27.87,14.09,31.1,295.64,1,81.67,5.46,0.51,1,0,0,0,0,0,0,-889.077,-630.8420000000001,-814.8790000000002,-2205.184,0,0,0,0,0,0,0,141.297,123.335,4.73,-830,-1398,-3636,,-905.783,-772.1390000000001,-938.2140000000004,-2044.0510000000004,52.54,81.08,62.46,118.34,false,false,6.36,21.87,外資持股5/10日下降，且外資5日賣超；20日趨勢尚未上彎；短線過熱或乖離過大；高波動且5日漲幅過大
132,6409,旭隼,TWSE,其他電子業,等待確認,正常持有,今天不下單,每個交易日收盤後，檢查趨勢與法人籌碼,已有部位可續抱觀察，但暫不追價；若收盤跌破60日EMA約 952.80 且法人籌碼轉弱，先減碼三分之一。,61.2,56,53.2,85,91,可用,1040,1040,5.72,-8.79,18.11,42.09,188.74,4.46,29.07,8.62,3.62,12,-2,-7,-8,2,444,0,-16.551,-42.931,250.167,-114.513,-1.863,-8.396999999999998,3.7370000000000014,471.92,1,4,-8522955,15.402999999999997,-3.100000000000005,52.56,-11,639,278,,-12.464,-49.937000000000005,249.53,-577.6120000000001,56.61,66.75,53.47,93.32,false,false,4.88,11.35,累計營收負成長且當月改善不足；20日累積後5日轉為調節；ETF 1/3日已轉為減碼；20日趨勢尚未上彎
133,7795,長廣,TWSE,電子零組件業,等待確認,保護持有,今天不新增部位；未完成確認前不機械式賣出,下一交易日收盤，確認是否收復防守區,已有部位暫停加碼；若收盤跌破60日EMA約 438.52，且下一交易日仍未收復，先減碼三分之一；若ETF或外資繼續轉弱，再分批降低部位。,56.4,55.9,54.2,85,91,可用,457,457,62.55,2.93,10.99,32.61,363.61,0.21,153.58,12.01,0.5,1,0,0,0,0,0,0,-1498.551,-1813.325,-2217.264,-3059.572,0,0,2,3,0,0,0,3.8550000000000004,11.182,6.67,-1482,-2101,-2681,,-1494,-1817.18,-2230.446,-3058.698,53.19,73.58,57.83,105.07,false,false,5.85,18.55,外資持股5/10日下降，且外資5日賣超；20日趨勢尚未上彎；高波動且5日漲幅過大
134,2377,微星,TWSE,電腦及週邊設備業,等待確認,保護持有,今天不新增部位；未完成確認前不機械式賣出,下一交易日收盤，確認是否收復防守區,已有部位暫停加碼；若收盤跌破60日EMA約 136.42，且下一交易日仍未收復，先減碼三分之一；若ETF或外資繼續轉弱，再分批降低部位。,68.3,55.5,47.9,85,91,可用,155,155,-9.23,-7.56,6.89,53.89,187.47,4.04,15.99,2.35,2.75,21,-5,315,-330,222,4179,6,-719.301,16686.253,17905.336,35490.907,-3.107,-314.372,-118.68400000000003,2612.691,1,4,-48098916,1576.039,826.3870000000001,16.84,-1276,6971,17253,,-552.82,15424.586000000001,17197.633,28337.513000000006,62.25,76.94,65.67,99.5,false,false,5.68,8.39,累計營收負成長且當月改善不足；20日累積後5日轉為調節；投信5/10日持續且具金額意義的賣超
135,3450,聯鈞,TWSE,半導體業,等待確認,保護持有,今天不新增部位；未完成確認前不機械式賣出,下一交易日收盤，確認是否收復防守區,已有部位暫停加碼；若收盤跌破60日EMA約 450.88，且下一交易日仍未收復，先減碼三分之一；若ETF或外資繼續轉弱，再分批降低部位。,66.3,55.1,36.2,85,91,可用,524,524,88.18,9.91,12.75,43,192,0.69,141.96,13.32,0.21,6,200,965,1428,1728,1728,1428,1660.102,2236.05,5953.496,2824.895,340,-1972,-1157,1077,2,3,-940644000,274.232,32.48200000000002,20.98,1360,4587,6793,,1266.692,3933.8179999999998,7078.014,1669.6960000000008,59.25,80.06,64,112.17,false,false,15.5,28.12,投信5/10日持續且具金額意義的賣超；20日趨勢尚未上彎；短線過熱或乖離過大；高波動且5日漲幅過大
136,6472,保瑞,TWSE,生技醫療業,等待確認,正常持有,今天不下單,每個交易日收盤後，檢查趨勢與法人籌碼,已有部位可續抱觀察，但暫不追價；若收盤跌破60日EMA約 409.97 且法人籌碼轉弱，先減碼三分之一。,61.1,54.8,38.4,85,88,可用,431,431,39.22,-1.14,10.18,63.32,138.18,0.21,33.08,3.65,2.4,2,0,0,0,0,-4,0,149.642,780.249,1497.7979999999998,1230.735,0,0,3,0,0,0,0,63.315,22.744999999999997,11.51,149,795,360,,124.579,716.934,1472.053,1365.064,59.15,78.36,62.6,109.86,false,false,5.88,8.7,外資持股趨勢資料不足或期間有非市場異動；20日趨勢尚未上彎
137,1216,統一,TWSE,食品工業,等待確認,正常持有,今天不下單,每個交易日收盤後，檢查趨勢與法人籌碼,已有部位可續抱觀察，但暫不追價；若收盤跌破60日EMA約 75.37 且法人籌碼轉弱，先減碼三分之一。,62.3,54.3,35.3,85,100,完整,75.5,75.5,4.6,3.29,5.86,72.24,86.59,2.56,18.29,3.16,3.96,30,-233,-1910,-4457,7379,49592,-3731,20234.097,50829.743,98835.64700000001,112822.836,-97,-4329.5830000000005,840.1589999999997,31559.085000000003,0,5,-327749433,-916.8600000000001,4124.299,32.41,16523,78641,59585,,20335.509,56076.185999999994,93871.189,65659.813,48.24,37.02,28.22,54.63,true,false,-0.35,3.42,20日累積後5日轉為調節；ETF 1/3日已轉為減碼；主動ETF 5日轉為減碼；投信20日買超後近5日轉賣；20日趨勢尚未上彎；當下除權息調整價未守20日EMA
138,4746,台耀,TWSE,生技醫療業,等待確認,正常持有,今天不下單,每個交易日收盤後，檢查趨勢與法人籌碼,已有部位可續抱觀察，但暫不追價；若收盤跌破60日EMA約 52.75 且法人籌碼轉弱，先減碼三分之一。,58.3,53.8,52.5,85,91,可用,54.4,54.4,0.29,-8.86,14.17,36.6,232.78,0.16,19.15,0.84,5.56,1,0,0,0,0,0,0,653.623,1433.6950000000002,925.754,-137.63499999999993,0,0,0,0,0,0,0,216.39100000000002,237.543,9.07,361,-275,-649,,652.121,1217.3039999999999,688.2109999999998,-393.6780000000002,60.76,84.09,71.18,109.9,false,false,3.75,4.82,累計營收負成長且當月改善不足；20日趨勢尚未上彎
139,2454,聯發科,TWSE,半導體業,等待確認,正常持有,今天不下單,每個交易日收盤後，檢查趨勢與法人籌碼,"已有部位可續抱觀察，但暫不追價；若收盤跌破60日EMA約 3,688.39 且法人籌碼轉弱，先減碼三分之一。",67,53.1,36.6,85,100,完整,3960,3960,2.8,-0.77,15.19,45.06,123.94,30.44,64.41,14.67,1.37,70,-52,30,900,2772,2969,604,-72.681,2400.508,-3799.156,-5290.052,-128,1232.147,1118.5339999999999,920.537,2,3,4805373300,-302.25800000000004,205.25799999999998,55.21,307,-5623,-5988,,71.648,1470.6190000000001,-5122.947999999999,-7397.391,54.53,79.5,71.23,96.04,false,false,4.65,1.28,累計營收負成長且當月改善不足；ETF加碼，但外資持股5/10日同步下降；20日趨勢尚未上彎
140,1409,新纖,TWSE,紡織纖維,等待確認,保護持有,今天不新增部位；未完成確認前不機械式賣出,下一交易日收盤，確認是否收復防守區,已有部位暫停加碼；若收盤跌破60日EMA約 23.23，且下一交易日仍未收復，先減碼三分之一；若ETF或外資繼續轉弱，再分批降低部位。,62.8,52.7,30.8,85,88,可用,24.75,24.75,13.44,9.32,,77.76,102.04,0.39,16.67,0.86,4,2,0,0,221,213,363,226,-633.247,-549.7589999999999,-2111.4399999999996,-27992.217000000004,0,230,256,404,2,0,5175000,-120.631,-340.272,11.24,-657,-182,-2877,,-651.537,-659.1279999999999,-2027.1679999999997,-27509.746,55.26,76.33,56.96,115.08,false,false,5.94,13.53,外資持股5/10日下降，且外資5日賣超；20日趨勢尚未上彎
141,2312,金寶,TWSE,其他電子業,等待確認,正常持有,今天不下單,每個交易日收盤後，檢查趨勢與法人籌碼,已有部位可續抱觀察，但暫不追價；若收盤跌破60日EMA約 32.22 且法人籌碼轉弱，先減碼三分之一。,60.6,52.2,34.2,85,91,可用,32.5,32.5,32.7,-5.29,2.47,70.62,122.81,0.35,30.1,2.1,1.92,4,26,26,26,63,73,0,-1564.841,8641.965,10485.869,18495.249,26,26,63,73,1,0,813800,411.34299999999996,-423.4580000000002,8.28,-1958,9016,11519,,-1504.193,8204.622,10846.326999999997,19308.012,50.98,71.11,62.07,89.18,false,false,1.74,2.36,20日趨勢尚未上彎
142,5876,上海商銀,TWSE,金融保險業,等待確認,保護持有,今天不新增部位；未完成確認前不機械式賣出,下一交易日收盤，確認是否收復防守區,已有部位暫停加碼；若收盤跌破60日EMA約 42.61，且下一交易日仍未收復，先減碼三分之一；若ETF或外資繼續轉弱，再分批降低部位。,53.1,51.8,58.8,85,91,可用,43.35,43.35,-4.39,-1.56,,88.71,,1.05,13.79,1.01,4.14,20,312,-1289,-3776,5738,8765,-4473,699.548,2115.2340000000004,40049.88,99179.83600000001,320,-3629,-1760,-5252,2,3,-157680050,-768.823,-2338.4930000000004,54.37,520,44668,79361,,331.631,6513.057000000001,44148.373,99138.405,46.85,18.1,25.68,2.95,false,false,-1.46,-2.91,累計營收負成長且當月改善不足；20日累積後5日轉為調節；主動ETF 5日轉為減碼；投信5/10日持續且具金額意義的賣超；當下除權息調整價未守20日EMA
143,8039,台虹,TWSE,電子零組件業,等待確認,正常持有,今天不下單,每個交易日收盤後，檢查趨勢與法人籌碼,已有部位可續抱觀察，但暫不追價；若收盤跌破60日EMA約 172.31 且法人籌碼轉弱，先減碼三分之一。,66.6,51,46.7,85,100,完整,226,226,-6.57,2.45,6.25,32.38,237.55,1.56,75.4,5.6,0.84,3,0,0,267,267,267,267,-38.093,5898.544,-658.9919999999997,12856.092,0,990,-1569,1659,3,0,235125000,816.3979999999999,354.2469999999999,22.65,-528,5520,-279,,-102,4092.146,555.7610000000004,8930.938999999998,59.44,68.15,55.95,92.56,false,false,13.01,18.64,短線過熱或乖離過大；高波動且5日漲幅過大
144,2352,佳世達,TWSE,電腦及週邊設備業,等待確認,正常持有,今天不下單,每個交易日收盤後，檢查趨勢與法人籌碼,已有部位可續抱觀察，但暫不追價；若收盤跌破60日EMA約 29.31 且法人籌碼轉弱，先減碼三分之一。,59.7,50.3,34,85,100,完整,29.6,29.6,-0.62,1.03,1.29,69.11,115.41,0.58,45.65,1.53,3.53,6,32,34,34,109,2947,0,-1684.519,2212.991,2050.039,-11428.41,32,34,109,2947,2,0,962200,-250.25799999999998,94.81400000000002,7.92,-1355,3713,-1980,,-1686.642,2429.2490000000003,1846.2250000000001,-13688.679,50.66,66.99,51.35,98.26,false,false,1.29,4.04,20日趨勢尚未上彎
145,2354,鴻準,TWSE,其他電子業,等待確認,正常持有,今天不下單,每個交易日收盤後，檢查趨勢與法人籌碼,已有部位可續抱觀察，但暫不追價；若收盤跌破60日EMA約 56.92 且法人籌碼轉弱，先減碼三分之一。,59.7,50.3,49.4,85,100,完整,63.1,63.1,10.66,-21.9,1.29,36.29,219.89,1.1,26.19,0.77,2.43,6,0,-6,-21,34,80,0,4701.375,8772.392,11553.039,14234.690000000002,0,-15,63,107,1,2,-927000,709.108,912.694,11.6,4561,15720,19914,,4273.007,8078.284,10577.345,13688.667,68.48,80.05,73.31,93.54,false,false,10.02,11.88,20日累積後5日轉為調節；融資增幅與短線漲幅同步偏高；單季稅前獲利對營業外貢獻依賴偏高
146,2002,中鋼,TWSE,鋼鐵工業,等待確認,正常持有,今天不下單,每個交易日收盤後，檢查趨勢與法人籌碼,已有部位可續抱觀察，但暫不追價；若收盤跌破60日EMA約 18.97 且法人籌碼轉弱，先減碼三分之一。,68.4,47.4,20.1,85,100,完整,19.65,19.65,9.61,-0.16,1.81,51.15,126.1,-0.03,,0.97,0.79,8,0,7,31,125,63,0,11868.376,14713.463,72738.645,232201.33800000002,0,83.264,380.264,229.36400000000003,3,0,1586179,-3921.8050000000003,-2560.5380000000005,14.51,14118,124915,193428,,12050.525,18552.003999999997,74918.919,228577.38599999997,68.23,66.29,51.99,94.88,true,false,3.53,4.24,累計營收負成長且當月改善不足
147,2484,希華,TWSE,電子零組件業,等待確認,保護持有,今天不新增部位；未完成確認前不機械式賣出,下一交易日收盤，確認是否收復防守區,已有部位暫停加碼；若收盤跌破60日EMA約 66.13，且下一交易日仍未收復，先減碼三分之一；若ETF或外資繼續轉弱，再分批降低部位。,53.6,47.1,53.5,85,85,完整,74.3,74.3,-1.4,-2.65,10.26,19.25,453.99,0.86,51.58,2.79,0.98,1,0,-6,-8,12,419,0,-1531.441,-2234.926,-1909.841,-7019.492,0,-8,12,419,1,2,-573600,-43.010000000000005,-4.976000000000003,4,-1570,-1696,-7377,,-1500.716,-2183.916,-1916.8650000000007,-7380.915000000002,53.53,70.88,55.41,101.8,false,false,4.52,16.82,累計營收負成長且當月改善不足；外資持股5/10日下降，且外資5日賣超；20日趨勢尚未上彎；高波動且5日漲幅過大；融資增幅與短線漲幅同步偏高
148,6226,光鼎,TWSE,光電業,等待確認,正常持有,今天不下單,每個交易日收盤後，檢查趨勢與法人籌碼,已有部位可續抱觀察，但暫不追價；若收盤跌破60日EMA約 18.78 且法人籌碼轉弱，先減碼三分之一。,52.3,46.8,36.5,85,71,可用,21.4,21.4,22.5,4,-6.37,40.97,123.71,0.01,,2.12,,1,0,-6,-6,9,297,0,-518.241,241.36100000000033,-540.8379999999995,-5215.473,0,-6,9,297,2,2,-132300,-23,-84.16,6.4,-411,-1232,-4925,,-478.37,270.3609999999999,-465.6780000000001,-4730.305,51.52,54.65,53.14,57.68,false,false,0.84,-0.7,20日趨勢尚未上彎；單季稅前獲利對營業外貢獻依賴偏高
149,9910,豐泰,TWSE,運動休閒,等待確認,正常持有,今天不下單,每個交易日收盤後，檢查趨勢與法人籌碼,已有部位可續抱觀察，但暫不追價；若收盤跌破60日EMA約 71.55 且法人籌碼轉弱，先減碼三分之一。,57.5,46.5,40.8,85,91,可用,70.2,70.2,-3.9,-3.67,4,45.25,167.9,0.68,15.04,2.56,5.9,8,54,164,160,195,-2939,0,212.264,441.76700000000017,2413.2550000000006,-189.81199999999944,54,160.185,194.788,-2938.96,4,1,11132858,-147.209,-41.406000000000006,5.36,221,1608,3401,,152.775,428.79099999999994,2259.873,2768.994,53.46,53.1,43.56,72.19,true,false,1.7,4.46,累計營收負成長且當月改善不足
150,2409,友達,TWSE,光電業,等待確認,正常持有,今天不下單,每個交易日收盤後，檢查趨勢與法人籌碼,已有部位可續抱觀察，但暫不追價；若收盤跌破60日EMA約 24.98 且法人籌碼轉弱，先減碼三分之一。,62.9,44.3,24,85,88,可用,27,27,13.83,-1,-0.92,57.02,111.83,-0.15,76.72,1.24,1.63,11,-2,-32,1992,2442,6410,2112,17604.747,-23838.445,5198.5859999999975,-196160.72999999998,-2,2017,2566.499,6527.895,2,3,49517350,5114.066,4162.042000000001,10.89,15724,45230,-11253,,13144.5,-30969.511000000002,-1529.9549999999963,-184470.724,55.53,73.41,56.27,107.7,false,false,6.01,12.97,ETF 1/3日已轉為減碼；外資持股趨勢資料不足或期間有非市場異動；20日趨勢尚未上彎
151,2359,所羅門,TWSE,其他電子業,等待確認,正常持有,今天不下單,每個交易日收盤後，檢查趨勢與法人籌碼,已有部位可續抱觀察，但暫不追價；若收盤跌破60日EMA約 135.96 且法人籌碼轉弱，先減碼三分之一。,57.9,44,14.9,85,68,最低門檻,153.5,153.5,35.56,4.12,,,,,73.97,4.28,0.7,1,0,0,1,1,1,0,-229.137,6360.24,2470.56,4730.161,0,0,0,0,0,0,0,188.37099999999998,-133.51500000000001,7.02,-335,4246,1665,,-245.108,6171.869000000001,2604.0750000000003,4519.330000000001,61.09,73.36,59.01,102.05,false,false,10.15,15.85,高波動且5日漲幅過大
152,2466,冠西電,TWSE,光電業,等待確認,正常持有,今天不下單,每個交易日收盤後，檢查趨勢與法人籌碼,已有部位可續抱觀察，但暫不追價；若收盤跌破60日EMA約 81.04 且法人籌碼轉弱，先減碼三分之一。,52.4,43.2,25.5,85,71,可用,97.1,97.1,53.03,-11.62,-32.41,54.79,111.42,0.03,123.51,7.79,,1,0,-10,-9,12,420,0,-231.641,299.812,-899.799,-766.467,0,-9,12,420,1,2,-822600,-21,-5,12.48,-234,-875,-1276,,-233.641,329.812,-906.799,-1173.1399999999999,54.48,49.27,39.54,68.73,false,false,1.78,-0.31,20日趨勢尚未上彎；單季稅前獲利對營業外貢獻依賴偏高
153,9921,巨大,TWSE,運動休閒,等待確認,正常持有,今天不下單,每個交易日收盤後，檢查趨勢與法人籌碼,已有部位可續抱觀察，但暫不追價；若收盤跌破60日EMA約 80.23 且法人籌碼轉弱，先減碼三分之一。,53.7,41.7,29.5,85,91,可用,101.5,101.5,15.98,-10.5,-1.53,48.26,167.76,-0.51,231,1.06,1.95,2,0,0,0,0,2,0,501.664,1979.883,2346.436,6350.915,0,2,155,58,1,0,184800,26.290000000000003,2.4000000000000057,28.29,532,1746,2145,,440.667,1951.5929999999998,2189.0359999999996,6089.332999999999,77.47,76.76,58.64,113.01,true,false,17.55,20.83,短線過熱或乖離過大；估值高且成長不足以支撐
154,3576,聯合再生,TWSE,光電業,等待確認,正常持有,今天不下單,每個交易日收盤後，檢查趨勢與法人籌碼,已有部位可續抱觀察，但暫不追價；若收盤跌破60日EMA約 17.52 且法人籌碼轉弱，先減碼三分之一。,44.5,36.2,32.9,85,91,可用,17.15,17.15,-9.51,-24.09,-86.65,48.61,146.42,1.07,40.36,2.11,,1,0,0,0,0,0,0,-946.6,-705.4070000000003,-4395.4130000000005,54237.912,0,0,0,0,0,0,0,-207,22,14.33,-917,-5982,29340,,-916.6,-498.40700000000004,-4417.4130000000005,54217.912,48.94,55.03,46.28,72.53,false,false,-0.54,3,累計營收負成長且當月改善不足；當下除權息調整價未守20日EMA；單季稅前獲利對營業外貢獻依賴偏高
155,2637,慧洋-KY,TWSE,航運業,暫不承接,保護持有,今天不新增部位；未完成確認前不機械式賣出,下一交易日收盤，確認是否收復防守區,已有部位暫停加碼；若收盤跌破60日EMA約 79.20，且下一交易日仍未收復，先減碼三分之一；若ETF或外資繼續轉弱，再分批降低部位。,68.8,80.4,71.3,85,90.7,可用,88.1,88.1,57.92,32.32,27.6,40.19,109.87,1.6,12.36,1.3,3.98,7,-13,-22,-764,-761,7,-739,2227.239,5584.619,6144.367,11987.581,-82,808,2418,4987.653,2,3,71023200,-126.816,-75.57100000000001,25.2,2270,2927,3704,,2268.589,4903.4349999999995,3801.938,7127.661,65.87,83.97,71.74,108.41,false,false,6.39,6.14,ETF短中期同步減碼；20日累積後5日轉為調節；ETF 1/3日已轉為減碼；主動ETF 5日轉為減碼
156,6177,達麗,TWSE,建材營造,暫不承接,保護持有,今天不新增部位；未完成確認前不機械式賣出,下一交易日收盤，確認是否收復防守區,已有部位暫停加碼；若收盤跌破60日EMA約 46.73，且下一交易日仍未收復，先減碼三分之一；若ETF或外資繼續轉弱，再分批降低部位。,66,78.4,66.5,85,91,可用,48.5,48.5,1322.16,667.77,43.14,72.12,139.8,3.53,6.53,1.81,6.15,2,0,-4,-11,-25,-97,0,1274.02,-284.99400000000014,-29.026000000000053,4369.393999999999,0,-11.154,-25.002000000000002,468.18899999999996,0,2,-544315,321.74,192.222,7.15,750,-576,2373,,1134.02,-595.58,-196.24600000000015,3434.5389999999998,60.96,63.48,54.93,80.56,true,false,2.05,2.43,ETF短中期同步減碼
157,2606,裕民,TWSE,航運業,暫不承接,降低部位,停止加碼；反彈未站回恢復區時分批減碼,每個交易日收盤後，確認是否站回恢復區,已有部位先停止加碼。反彈若仍未站回 63.75，分批降低部位；只有站回且ETF／外資賣壓收斂後才重新評估。,69.8,77.8,69.9,85,90.9,可用,66.8,66.8,35.52,26.3,25.38,54.72,192.33,1.17,12.96,1.41,4.15,8,0,-1,-502,-510,-4671,-501,5860.984,9423.607000000002,14044.272,24889.407,-14,-877,-877,-5035,0,4,-59197500,357.78,220.84599999999998,20.77,5500,17378,24463,,5583.726,9942.827,14700.426,29791.012000000002,61.94,83.41,71.41,107.39,false,false,4.79,6.03,ETF短中期同步減碼；主動ETF 5日轉為減碼；投信5/10日持續且具金額意義的賣超
158,9958,世紀鋼,TWSE,鋼鐵工業,暫不承接,保護持有,今天不新增部位；未完成確認前不機械式賣出,下一交易日收盤，確認是否收復防守區,已有部位暫停加碼；若收盤跌破60日EMA約 111.80，且下一交易日仍未收復，先減碼三分之一；若ETF或外資繼續轉弱，再分批降低部位。,65.6,76.1,61.2,85,91,可用,116,116,64.09,29.18,28.83,49.86,123.34,2.63,14.48,2.44,3.96,3,0,0,-233,-233,55,-233,1182.86,2005.837,3222.2540000000004,2845.598,0,-231,-225,63,0,2,-26218500,108.34099999999998,-32.10300000000002,10.67,1101,3206,2555,,1110.152,2128.496,3479.357,2735.524,58.95,74.52,54.91,113.74,false,false,4.96,9.95,ETF短中期同步減碼；20日累積後5日轉為調節；主動ETF 5日轉為減碼；20日趨勢尚未上彎
159,4967,十銓,TWSE,半導體業,暫不承接,保護持有,今天不新增部位；未完成確認前不機械式賣出,下一交易日收盤，確認是否收復防守區,已有部位暫停加碼；若收盤跌破60日EMA約 248.46，且下一交易日仍未收復，先減碼三分之一；若ETF或外資繼續轉弱，再分批降低部位。,59.7,74.1,70.2,85,100,完整,280.5,280.5,35,67.74,35.94,50.67,191.64,53.44,4.16,2.13,3.57,2,0,0,-30,-29,117,0,1126.27,4829.06,6064.5199999999995,7113.373,0,-29.29,-27.29,118.71000000000001,1,2,-8201200,328.127,350.073,13.02,1097,5307,6007,,1198.506,4530.223,5741.737,6843.722000000002,68.42,90.76,86.5,99.28,false,false,13.72,16.87,ETF短中期同步減碼；20日累積後5日轉為調節；短線過熱或乖離過大
160,8112,至上,TWSE,電子通路業,暫不承接,降低部位,停止加碼；反彈未站回恢復區時分批減碼,每個交易日收盤後，確認是否站回恢復區,已有部位先停止加碼。反彈若仍未站回 86.63，分批降低部位；只有站回且ETF／外資賣壓收斂後才重新評估。,69.3,73.6,55.6,85,91,可用,92.4,92.4,231.17,153.98,3.1,81.61,145.57,3.91,10.99,2.6,4.17,7,1,-632,-636,-641,-1171,0,8561.29,28128.116,8612.146,31978.5,-49.635,-731.629,-736.629,-3086.114,0,4,-66724565,-38.18899999999998,-218.35600000000002,18.01,8408,15367,34014,,8478.001,28897.934,9567.131000000003,36203.55100000001,60.3,83.6,66.82,117.16,false,false,7.44,13.51,ETF短中期同步減碼；投信5/10日持續且具金額意義的賣超
161,5522,遠雄,TWSE,建材營造,暫不承接,降低部位,停止加碼；反彈未站回恢復區時分批減碼,每個交易日收盤後，確認是否站回恢復區,已有部位先停止加碼。反彈若仍未站回 67.80，分批降低部位；只有站回且ETF／外資賣壓收斂後才重新評估。,56.8,72.7,79.6,85,91,可用,65.1,65.1,2513.5,792.74,26.72,56.07,173.09,1.76,6.78,1.05,8.58,5,-5,-12,-11,-14,-148,0,1979,1266.5720000000001,1252.929,5093.905000000001,7,2.595,6.644000000000001,490.645,3,1,166340,-149,-59,5.01,1913,1987,3993,,1935,1412.9769999999999,1305.2849999999999,4567.591,44.68,26.18,18.67,41.19,true,false,-0.79,0,中期趨勢仍向下；ETF短中期同步減碼；ETF 1/3日已轉為減碼；20日趨勢尚未上彎；當下除權息調整價未守20日EMA
162,2618,長榮航,TWSE,航運業,暫不承接,降低部位,停止加碼；反彈未站回恢復區時分批減碼,每個交易日收盤後，確認是否站回恢復區,已有部位先停止加碼。反彈若仍未站回 42.56，分批降低部位；只有站回且ETF／外資賣壓收斂後才重新評估。,67.3,71.2,61.9,85,91,可用,42.65,42.65,26.58,16.36,18.64,63.19,112.11,1.53,8.43,1.77,4.5,29,118,-604,-5607,-944,-32761,-3388,22623.469,63612.801999999996,205258.549,387779.98,127,-5517.93,-5892.2080000000005,-45575.795,1,4,-244996092,-3242.0789999999997,1828.351,32,22043,236188,302397,,22000.373,72372.811,209322.40599999996,427729.983,52.12,71.04,74.02,65.06,false,true,0.21,-2.4,ETF短中期同步減碼；主動ETF 5日轉為減碼；投信5/10日持續且具金額意義的賣超
163,6782,視陽,TWSE,生技醫療業,暫不承接,保護持有,今天不新增部位；未完成確認前不機械式賣出,下一交易日收盤，確認是否收復防守區,已有部位暫停加碼；若收盤跌破60日EMA約 196.25，且下一交易日仍未收復，先減碼三分之一；若ETF或外資繼續轉弱，再分批降低部位。,60,70.3,65.8,85,100,完整,214,214,45.95,23.39,29.03,35.02,110.57,8.45,13.21,3.09,3.85,1,0,-31,-31,-31,-31,-31,806.317,1573.875,1575.4920000000002,979.6180000000003,0,-31,-31,69,0,1,-6758000,36.3,26.864,9.93,736,941,777,,755.908,1568.5749999999998,1579.6279999999997,848.3379999999997,66.06,87.3,75.93,110.05,false,false,8.99,13.23,ETF短中期同步減碼；主動ETF 5日轉為減碼；20日趨勢尚未上彎
164,5388,中磊,TWSE,通信網路業,暫不承接,保護持有,今天不新增部位；未完成確認前不機械式賣出,下一交易日收盤，確認是否收復防守區,已有部位暫停加碼；若收盤跌破60日EMA約 85.03，且下一交易日仍未收復，先減碼三分之一；若ETF或外資繼續轉弱，再分批降低部位。,67.2,69.9,49.4,85,91,可用,93.6,93.6,70.83,58.09,2.94,69.5,131.55,1.01,22.85,1.75,2.74,2,2,-1,-4,-4,-6,0,267.194,7387.063,5023.041000000001,17603.273000000005,1.467,-3.898,-3.898,365.432,1,2,-356277,457.592,-572.9110000000001,25.57,15,9449,10477,,45.386,6933.369000000001,5599.85,17292.038,62.69,76.8,64.3,101.82,false,false,6.96,7.09,ETF短中期同步減碼
165,1795,美時,TWSE,生技醫療業,暫不承接,降低部位,停止加碼；反彈未站回恢復區時分批減碼,每個交易日收盤後，確認是否站回恢復區,已有部位先停止加碼。反彈若仍未站回 197.74，分批降低部位；只有站回且ETF／外資賣壓收斂後才重新評估。,57.1,69.4,59.2,85,91,可用,193.5,193.5,225.46,84.17,22.66,77.65,159.47,2.18,12.82,2.06,1.43,2,0,0,-153,-153,-138,-153,170.908,1417.518,1636.14,389.1170000000003,0,-151,-145,-130,0,2,-28388000,-51.43600000000001,-109.271,52.26,-201,231,646,,152.923,1619.9540000000002,1890.411,947.7070000000002,54.53,81.55,64.14,116.38,false,false,2.88,3.48,中期趨勢仍向下；ETF短中期同步減碼；主動ETF 5日轉為減碼；20日趨勢尚未上彎
166,6670,復盛應用,TWSE,運動休閒,暫不承接,降低部位,停止加碼；反彈未站回恢復區時分批減碼,每個交易日收盤後，確認是否站回恢復區,已有部位先停止加碼。反彈若仍未站回 264.15，分批降低部位；只有站回且ETF／外資賣壓收斂後才重新評估。,66,69,66.9,85,91,可用,266.5,266.5,7.85,9.91,14.94,33.72,249.05,6.96,13,2.22,5.97,7,-62,-176,-210,-200,-632,-206,138.884,242.28299999999996,212.267,1056.348,-62,-210,-198,-775.645,1,4,-56280000,1.2919999999999998,-73.00200000000001,24.43,174,980,1672,,192.866,450.991,483.269,2074.923,53.71,58.06,48.89,76.38,true,false,1.32,2.7,ETF短中期同步減碼；ETF 1/3日已轉為減碼；主動ETF 5日轉為減碼；投信5/10日持續且具金額意義的賣超
167,2467,志聖,TWSE,電子零組件業,暫不承接,降低部位,停止加碼；反彈未站回恢復區時分批減碼,每個交易日收盤後，確認是否站回恢復區,已有部位先停止加碼。反彈若仍未站回 541.62，分批降低部位；只有站回且ETF／外資賣壓收斂後才重新評估。,57.7,68.5,59.6,85,100,完整,550,550,94.08,78.92,26.06,44,119.58,7.16,49.9,4.98,1.1,8,0,1,-120,-50,-187,-120,-112.9,136.288,182.01100000000002,628.8119999999999,0,-173.606,-100.163,-386.419,0,4,-86803000,-42.575,224.42499999999998,20.15,-104,-573,114,,-108.371,352.46900000000005,57.749000000000045,901.5189999999999,52.61,73.43,57.35,105.58,false,false,4.76,10.55,ETF短中期同步減碼；主動ETF 5日轉為減碼；投信5/10日持續且具金額意義的賣超；20日趨勢尚未上彎；高波動且5日漲幅過大
168,8422,可寧衛*,TWSE,綠能環保,暫不承接,降低部位,停止加碼；反彈未站回恢復區時分批減碼,每個交易日收盤後，確認是否站回恢復區,已有部位先停止加碼。反彈若仍未站回 27.11，分批降低部位；只有站回且ETF／外資賣壓收斂後才重新評估。,61.4,68.2,62.5,85,91,可用,26.8,26.8,50.34,24.01,34.38,48.24,158.92,0.21,24.35,2.77,4.56,4,-25,-41,-24,-1,-585,0,2862.95,5688.9839999999995,5464.738999999999,-1259.9970000000021,-25,-18,27,-2169,2,2,-473400,86.64199999999997,386.147,5.12,1845,9747,13880,,2605.735,5620.342,5051.592,673.6840000000011,53.48,80.85,67.35,107.85,false,false,2.32,0,中期趨勢仍向下；ETF短中期同步減碼；ETF 1/3日已轉為減碼；20日趨勢尚未上彎
169,6206,飛捷,TWSE,電腦及週邊設備業,暫不承接,降低部位,停止加碼；反彈未站回恢復區時分批減碼,每個交易日收盤後，確認是否站回恢復區,已有部位先停止加碼。反彈若仍未站回 134.80，分批降低部位；只有站回且ETF／外資賣壓收斂後才重新評估。,58.2,67.9,77.8,85,100,完整,158,158,26.29,24.61,29.65,29.6,275.95,5.93,15.91,3.92,3.82,6,0,-455,-460,-498,-4,-453,-104.146,5214.825999999999,4132.626999999999,4531.367999999997,-0.023,-460.311,-498.311,-3.852999999999952,0,5,-66284784,275.335,71.02799999999999,19.08,-130,5573,5465,,-128.51,5399.802,4559.91,4672.695,70.01,82.87,73,102.62,false,false,17.21,18.35,ETF短中期同步減碼；主動ETF 5日轉為減碼；投信5/10日持續且具金額意義的賣超；短線過熱或乖離過大
170,3005,神基,TWSE,電腦及週邊設備業,暫不承接,降低部位,停止加碼；反彈未站回恢復區時分批減碼,每個交易日收盤後，確認是否站回恢復區,已有部位先停止加碼。反彈若仍未站回 112.49，分批降低部位；只有站回且ETF／外資賣壓收斂後才重新評估。,62,67.9,66.1,85,91,可用,114.5,114.5,28.59,7.54,13.51,48.07,174.1,1.74,14.11,3.06,5.9,14,-12,-91,-420,-133,-727,-364,353.681,97.61399999999995,6081.3859999999995,9493.526,-10.82,-409.491,-398.84,-1854.929,0,5,-47091465,-359.775,11.460000000000024,14.51,241,4233,7355,,395.553,866.8799999999999,6468.7660000000005,10500.008,56.71,76.42,69.25,90.77,false,false,1.79,0,ETF短中期同步減碼；ETF 1/3日已轉為減碼；主動ETF 5日轉為減碼；投信5/10日持續且具金額意義的賣超
171,2337,旺宏,TWSE,半導體業,暫不承接,降低部位,停止加碼；反彈未站回恢復區時分批減碼,每個交易日收盤後，確認是否站回恢復區,已有部位先停止加碼。反彈若仍未站回 134.97，分批降低部位；只有站回且ETF／外資賣壓收斂後才重新評估。,55.1,67.2,64.4,85,100,完整,133.5,133.5,216.09,128.76,36.83,35.77,235.89,4.82,28.79,3.88,,11,-231,-41,-176,-2571,-4975,-363,-10549.107,-15829.842,-56988.960999999996,-74217.02299999999,-861,13391,9340,5494,2,3,1627006500,-1524.814,-902.86,22.79,-10501,-62478,-83218,,-9459.855,-27696.027999999995,-65426.100999999995,-80923.492,53.07,79.04,60.65,115.84,false,false,7.61,20.81,中期趨勢仍向下；ETF短中期同步減碼；ETF 1/3日已轉為減碼；主動ETF 5日轉為減碼；外資持股5/10日下降，且外資5日賣超；20日趨勢尚未上彎；短線過熱或乖離過大；高波動且5日漲幅過大；借券賣出與借券賣出餘額壓力升高
172,2421,建準,TWSE,電子零組件業,暫不承接,保護持有,今天不新增部位；未完成確認前不機械式賣出,下一交易日收盤，確認是否收復防守區,已有部位暫停加碼；若收盤跌破60日EMA約 141.27，且下一交易日仍未收復，先減碼三分之一；若ETF或外資繼續轉弱，再分批降低部位。,63.7,67.2,61.9,85,100,完整,149.5,149.5,18.65,18.27,15.56,50.21,164.23,4.78,16.29,4.12,3.46,7,-61,-61,-61,-61,-53,0,1414.575,9043.359,9978.988,6800.005999999999,-61,-59,-53,-45,1,1,-8938500,133.549,142.56199999999998,31.62,1521,8982,7608,,1532.877,8968.81,9889.426,7084.480999999999,59.73,84.63,79.06,95.76,false,false,7.82,9.52,ETF短中期同步減碼；ETF 1/3日已轉為減碼
173,6005,群益證,TWSE,金融保險業,暫不承接,降低部位,停止加碼；反彈未站回恢復區時分批減碼,每個交易日收盤後，確認是否站回恢復區,已有部位先停止加碼。反彈若仍未站回 34.85，分批降低部位；只有站回且ETF／外資賣壓收斂後才重新評估。,59.8,67,72.7,85,91,可用,33.8,33.8,101.2,127.6,,86.55,110.74,1.34,9.46,1.53,5.05,8,-11,-25,3374,3414,-23097,3396,-7757.913,-14550.395,-20861.713,-39515.495,-11,3385.7529999999997,3471.401,-23042.731,2,2,114607739,0,0,18.29,-7530,-22218,-10215,,-7746.913,-17936.147999999997,-24333.113999999994,-16472.763999999996,43.19,53.81,56.86,47.69,false,true,-2.27,-2.17,中期趨勢仍向下；ETF 1/3日已轉為減碼；外資持股5/10日下降，且外資5日賣超；20日趨勢尚未上彎；當下除權息調整價未守20日EMA；ETF加碼金額或跨基金共識不足
174,8016,矽創,TWSE,半導體業,暫不承接,降低部位,停止加碼；反彈未站回恢復區時分批減碼,每個交易日收盤後，確認是否站回恢復區,已有部位先停止加碼。反彈若仍未站回 295.30，分批降低部位；只有站回且ETF／外資賣壓收斂後才重新評估。,64.6,66.7,60.2,85,91,可用,311,311,26.61,28.95,11.53,34.06,215.56,4.6,19.5,3.19,3.7,12,-13,44,-303,-112,208,-192,259.594,1219.6090000000002,1495.4900000000002,1519.1050000000002,-13.579,-303.12,-112.12,91.821,1,4,-94118760,90.48200000000001,61.426000000000016,44.93,232,1282,1772,,255.103,1432.247,1546.1840000000004,1635.5340000000006,56.26,74.31,60.36,102.21,false,false,5.32,12.68,ETF短中期同步減碼；20日累積後5日轉為調節；主動ETF 5日轉為減碼；投信5/10日持續且具金額意義的賣超；20日趨勢尚未上彎
175,2404,漢唐,TWSE,其他電子業,暫不承接,降低部位,停止加碼；反彈未站回恢復區時分批減碼,每個交易日收盤後，確認是否站回恢復區,"已有部位先停止加碼。反彈若仍未站回 1,151.07，分批降低部位；只有站回且ETF／外資賣壓收斂後才重新評估。",59.2,66.5,53.3,85,91,可用,1150,1150,50.9,76.24,19.57,82.86,114.62,16.31,21.38,15.1,3.48,21,-2,-5,-901,-993,-1567,-818,-39.086,332.33900000000006,-1146.2359999999996,-1197.3709999999996,-2,-1148,-1646.078,-2396.078,0,4,-1320200000,-51.075,-140.911,38.14,70,496,1026,,16.715,1531.414,640.753,2037.008,49.71,76.12,61.9,104.56,false,false,0.73,4.07,中期趨勢仍向下；ETF短中期同步減碼；ETF 1/3日已轉為減碼；主動ETF 5日轉為減碼；投信5/10日持續且具金額意義的賣超；20日趨勢尚未上彎
176,1608,華榮,TWSE,電器電纜,暫不承接,保護持有,今天不新增部位；未完成確認前不機械式賣出,下一交易日收盤，確認是否收復防守區,已有部位暫停加碼；若收盤跌破60日EMA約 32.88，且下一交易日仍未收復，先減碼三分之一；若ETF或外資繼續轉弱，再分批降低部位。,62.2,66.4,66,85,100,完整,35.75,35.75,13.35,15.81,10.42,37.4,158.43,7.04,3.03,1.31,5.72,3,-2,-2,-27,-7,72,0,2057.394,4827.155,5179.945,-3558.4500000000007,-2,-23.192,12.117999999999999,94.633,0,3,-810560,-366.985,-281.22700000000003,2.96,1478,6000,3151,,2013.439,5217.332,5449.054,-2964.7950000000005,63.51,85.14,71.12,113.17,false,false,10.42,14.77,ETF短中期同步減碼；20日累積後5日轉為調節；ETF 1/3日已轉為減碼；單季稅前獲利對營業外貢獻依賴偏高
177,2495,普安,TWSE,電腦及週邊設備業,暫不承接,保護持有,今天不新增部位；未完成確認前不機械式賣出,下一交易日收盤，確認是否收復防守區,已有部位暫停加碼；若收盤跌破60日EMA約 42.16，且下一交易日仍未收復，先減碼三分之一；若ETF或外資繼續轉弱，再分批降低部位。,54.9,66.3,71.2,85,100,完整,39,39,40.29,43.44,14.2,42.69,215.77,0.61,18.15,2.22,2.17,2,15,15,15,30,30,0,-832.323,-576.7169999999999,245.04400000000012,-8143.115,15,15,30,30,1,0,552750,81.38199999999999,-21.92200000000001,7.37,-749,2390,1744,,-854,-673.099,236.96599999999992,-7698.583,46.86,75.52,60.93,104.68,false,false,-0.16,10.48,中期趨勢仍向下；20日趨勢尚未上彎；當下除權息調整價未守20日EMA；高波動且5日漲幅過大
178,2211,長榮鋼,TWSE,鋼鐵工業,暫不承接,降低部位,停止加碼；反彈未站回恢復區時分批減碼,每個交易日收盤後，確認是否站回恢復區,已有部位先停止加碼。反彈若仍未站回 92.33，分批降低部位；只有站回且ETF／外資賣壓收斂後才重新評估。,51,65.6,79.1,85,91,可用,88,88,47.25,2.08,18.62,20.87,278.83,1.07,10.77,1.35,7.38,4,-2,-2,-8,-7,-24,0,470.026,1704.671,2653.3540000000003,1707.5230000000001,-2,-55,-45,53.369,0,3,-4845500,-277.61,-456.823,4.14,507,4153,3228,,477.379,2037.2809999999997,3155.1769999999997,2191.2459999999996,40.88,45.23,35.19,65.32,true,true,-1.09,1.15,中期趨勢仍向下；ETF短中期同步減碼；ETF 1/3日已轉為減碼；20日趨勢尚未上彎；當下除權息調整價未守20日EMA
179,6414,樺漢,TWSE,電腦及週邊設備業,暫不承接,降低部位,停止加碼；反彈未站回恢復區時分批減碼,每個交易日收盤後，確認是否站回恢復區,已有部位先停止加碼。反彈若仍未站回 441.25，分批降低部位；只有站回且ETF／外資賣壓收斂後才重新評估。,63.9,65.5,48.6,85,91,可用,482,482,56.97,23.33,5.37,62.87,127.12,5.15,22.03,2.63,2.91,9,-13,-70,-70,-70,-90,0,50.643,853.661,1646.196,6244.0019999999995,-13,-70,-90,70,0,3,-33180000,73.74900000000001,-268.796,47.94,142,3128,5468,,106.876,849.912,2004.992,7169.244,64.03,67.83,54.22,95.06,false,false,9.23,10.17,ETF短中期同步減碼；ETF 1/3日已轉為減碼；投信5/10日持續且具金額意義的賣超；高波動且5日漲幅過大
180,3044,健鼎,TWSE,電子零組件業,暫不承接,降低部位,停止加碼；反彈未站回恢復區時分批減碼,每個交易日收盤後，確認是否站回恢復區,已有部位先停止加碼。反彈若仍未站回 436.32，分批降低部位；只有站回且ETF／外資賣壓收斂後才重新評估。,57.8,65.1,67.1,85,91,可用,401.5,401.5,41.97,30.8,18.34,43.71,185.42,5.61,19.14,3.55,3.22,22,31,-52,97,555,297,74,-138.625,-926.2560000000001,-2284.8070000000002,-4781.148000000001,161,696.968,1035.437,-248.68800000000013,5,0,274605392,-15.431000000000004,312.96,49.39,-329,-4408,-4217,,-329.076,-1607.7930000000001,-3633.2039999999997,-5328.237,46.32,78.37,65.14,104.83,false,false,-0.15,7.35,中期趨勢仍向下；外資持股5/10日下降，且外資5日賣超；20日趨勢尚未上彎；當下除權息調整價未守20日EMA
181,8021,尖點,TWSE,其他電子業,暫不承接,降低部位,停止加碼；反彈未站回恢復區時分批減碼,每個交易日收盤後，確認是否站回恢復區,已有部位先停止加碼。反彈若仍未站回 431.83，分批降低部位；只有站回且ETF／外資賣壓收斂後才重新評估。,57.3,65.1,62.2,85,91,可用,434.5,434.5,90.11,66.6,20.12,35.15,258.65,1.17,113.18,10.65,0.5,10,-167,-163,-423,-414,1174,-423,-1204.443,-2679.14,-743.6629999999998,-349.8869999999999,253,777,736,2707.893,3,2,306915000,-73.791,-106.401,19.57,-994,-993,-1183,,-1449.351,-3382.349,-1373.262,-2613.182,52.07,78.68,60.57,114.88,false,false,6.4,22.39,ETF短中期同步減碼；20日累積後5日轉為調節；ETF 1/3日已轉為減碼；主動ETF 5日轉為減碼；外資持股5/10日下降，且外資5日賣超；20日趨勢尚未上彎；短線過熱或乖離過大；高波動且5日漲幅過大；融資增幅與短線漲幅同步偏高；借券賣出與借券賣出餘額壓力升高
182,3028,增你強,TWSE,電子通路業,暫不承接,降低部位,停止加碼；反彈未站回恢復區時分批減碼,每個交易日收盤後，確認是否站回恢復區,已有部位先停止加碼。反彈若仍未站回 70.31，分批降低部位；只有站回且ETF／外資賣壓收斂後才重新評估。,53.6,65,53.9,85,93,完整,68.5,68.5,65.62,93.18,4.64,81.04,119.22,5.24,12.9,2.45,4.55,2,1,-2,-5,-26,3,0,-2263.527,-879.2680000000003,-2378.621,-6078.659,1.6,-4.2139999999999995,-20.214,8.872,2,2,-277703,-15.879999999999995,-230.895,10.64,-2343,-2709,-5916,,-2169,-859.1739999999999,-2127.5119999999997,-5732.504999999999,49.53,71.94,64.04,87.75,false,false,0.94,7.2,中期趨勢仍向下；ETF短中期同步減碼；20日累積後5日轉為調節；外資持股5/10日下降，且外資5日賣超；20日趨勢尚未上彎
183,1773,勝一,TWSE,化學工業,暫不承接,降低部位,停止加碼；反彈未站回恢復區時分批減碼,每個交易日收盤後，確認是否站回恢復區,已有部位先停止加碼。反彈若仍未站回 166.38，分批降低部位；只有站回且ETF／外資賣壓收斂後才重新評估。,55.4,64.8,59.3,85,100,完整,162,162,20.49,18.72,23.46,37.93,104.11,4.38,19.33,4.07,2.58,2,0,0,0,0,4,0,-196.13,-316.35200000000003,-1656.6550000000002,-2520.639,-85,-318,-311,-307,1,3,-49290000,-27.031000000000006,-30.341000000000008,7.13,-80,-2073,-2820,,-104.275,28.678999999999988,-1315.3139999999999,-2146.8309999999997,48.96,67.74,49.62,103.97,false,false,0.64,6.93,中期趨勢仍向下；投信5/10日持續且具金額意義的賣超；20日趨勢尚未上彎
184,3030,德律,TWSE,其他電子業,暫不承接,保護持有,今天不新增部位；未完成確認前不機械式賣出,下一交易日收盤，確認是否收復防守區,已有部位暫停加碼；若收盤跌破60日EMA約 308.54，且下一交易日仍未收復，先減碼三分之一；若ETF或外資繼續轉弱，再分批降低部位。,60.2,63.9,68,85,100,完整,296.5,296.5,0.43,24.77,38.59,34.3,215.96,7.36,21.97,7.04,2.41,6,0,0,-2,5,15,0,-253.374,127.53200000000001,117.29400000000001,-1401.0350000000003,0,0.6000000000000001,15.6,25.6,1,2,174000,43.704,-83.69399999999999,10.49,-213,283,231,,-243.9,83.228,185.38799999999986,-1257.757,50.08,72.69,63.63,90.81,false,false,1.56,3.49,中期趨勢仍向下；20日累積後5日轉為調節；20日趨勢尚未上彎
185,4766,南寶,TWSE,化學工業,暫不承接,降低部位,停止加碼；反彈未站回恢復區時分批減碼,每個交易日收盤後，確認是否站回恢復區,已有部位先停止加碼。反彈若仍未站回 340.16，分批降低部位；只有站回且ETF／外資賣壓收斂後才重新評估。,55.6,63.9,59.2,85,91,可用,338.5,338.5,12.82,9.33,17.63,50.01,191.82,6.55,15.73,3.02,5.51,6,0,-43,-42,-36,-3,0,158.428,210.77299999999997,106.09199999999998,-107.065,0,-42,-34,0,1,2,-13713000,-10.036999999999999,63.142,15.45,148,9,-31,,154.985,262.81,76.94999999999999,-156.39600000000004,55.72,75.83,56.97,113.55,false,false,3.26,5.78,中期趨勢仍向下；ETF短中期同步減碼；20日趨勢尚未上彎
186,8996,高力,TWSE,電機機械,暫不承接,降低部位,停止加碼；反彈未站回恢復區時分批減碼,每個交易日收盤後，確認是否站回恢復區,"已有部位先停止加碼。反彈若仍未站回 1,123.79，分批降低部位；只有站回且ETF／外資賣壓收斂後才重新評估。",64.3,63.8,52.8,85,91,可用,1075,1075,37.56,128.96,20.71,47.81,160.65,6.54,74.54,20.93,0.44,18,0,404,822,897,1004,820,-208.489,-1212.3880000000001,-769.35,-1813.2340000000002,258,1878.833,785.7340000000002,770.5430000000001,4,1,1963380485,-283.24,-220.32,35.23,-446,-2049,-2326,,-447.759,-2807.981,-1334.7640000000004,-2604.5410000000006,49.79,74.75,60.83,102.59,false,false,2.24,14.36,中期趨勢仍向下；外資持股5/10日下降，且外資5日賣超；20日趨勢尚未上彎；高波動且5日漲幅過大
187,7769,鴻勁,TWSE,半導體業,暫不承接,保護持有,今天不新增部位；未完成確認前不機械式賣出,下一交易日收盤，確認是否收復防守區,"已有部位暫停加碼；若收盤跌破60日EMA約 6,306.87，且下一交易日仍未收復，先減碼三分之一；若ETF或外資繼續轉弱，再分批降低部位。",57.9,63.8,67.9,85,90.9,可用,6280,6280,106.54,91.6,49.98,22.17,439.84,25.7,78.86,18.13,1.03,30,-63,-101,-23,90,292,-24,-33.16,123.99000000000001,386.06600000000003,303.269,-42,308.001,453.914,825.872,3,2,1946566320,-11.553,18.97,19.28,5,42,-217,,8.469,-172.458,-86.81799999999998,-577.5360000000001,49.22,74.89,68.88,86.9,false,false,-0.03,-2.26,中期趨勢仍向下；20日累積後5日轉為調節；ETF 1/3日已轉為減碼；20日趨勢尚未上彎；當下除權息調整價未守20日EMA
188,2812,台中銀,TWSE,金融保險業,暫不承接,降低部位,停止加碼；反彈未站回恢復區時分批減碼,每個交易日收盤後，確認是否站回恢復區,已有部位先停止加碼。反彈若仍未站回 18.99，分批降低部位；只有站回且ETF／外資賣壓收斂後才重新評估。,58.7,63.6,69.4,85,91,可用,18.7,18.7,16.56,22.61,,90.8,,0.4,12.03,1.2,5.68,8,0,-25,7538,7574,10430,6703,957.075,-55977.644,-24718.398999999994,15812.415,0,6499.222,6535.5,9373.258,2,1,121210490,-1793.022,-705.5699999999999,8.51,3172,-46814,-3857,,865.075,-60683.844000000005,-30548.329000000005,6800.556999999999,42.36,24.97,32.47,9.97,false,false,-1.54,-3.38,中期趨勢仍向下；外資持股5/10日下降，且外資5日賣超；20日趨勢尚未上彎；當下除權息調整價未守20日EMA
189,8210,勤誠,TWSE,電腦及週邊設備業,暫不承接,降低部位,停止加碼；反彈未站回恢復區時分批減碼,每個交易日收盤後，確認是否站回恢復區,"已有部位先停止加碼。反彈若仍未站回 1,183.11，分批降低部位；只有站回且ETF／外資賣壓收斂後才重新評估。",55.2,62.8,58,85,100,完整,1075,1075,98.03,55.56,24.82,56.81,149.43,21.83,29.23,11.2,1.26,16,0,179,194,232,-235,193,-1289.526,-626.665,-315.89900000000006,950.8169999999999,-36,647,1207,339.6,3,1,721405000,11.064999999999998,37.519,8.6,-1050,-865,-367,,-1223.929,-1284.7300000000002,-1560.4180000000001,608.4139999999999,44.66,57.67,58.34,56.35,false,true,-4.73,-1.83,中期趨勢仍向下；外資持股5/10日下降，且外資5日賣超；20日趨勢尚未上彎；當下除權息調整價未守20日EMA
190,2428,興勤,TWSE,電子零組件業,暫不承接,保護持有,今天不新增部位；未完成確認前不機械式賣出,下一交易日收盤，確認是否收復防守區,已有部位暫停加碼；若收盤跌破60日EMA約 251.82，且下一交易日仍未收復，先減碼三分之一；若ETF或外資繼續轉弱，再分批降低部位。,55.5,62.7,73.8,85,91,可用,229,229,46.62,20.42,19.9,31.64,370.61,2.21,20.41,2.45,2.63,3,0,122,122,122,82,122,-152.103,-140.78900000000002,155.7169999999999,-356.62900000000025,0,122,122,382,1,0,27389000,-14.892,-31.992,18.94,-145,-223,282,,-148.974,-247.89699999999996,65.70899999999997,-583.93,41.45,65.3,50.42,95.07,false,false,-5.42,2.23,中期趨勢仍向下；20日趨勢尚未上彎；當下除權息調整價未守20日EMA
191,8070,長華*,TWSE,電子通路業,暫不承接,降低部位,停止加碼；反彈未站回恢復區時分批減碼,每個交易日收盤後，確認是否站回恢復區,已有部位先停止加碼。反彈若仍未站回 49.77，分批降低部位；只有站回且ETF／外資賣壓收斂後才重新評估。,53.4,62.4,68.6,85,100,完整,48.8,48.8,32.82,24.87,12.01,39.01,235.2,1.3,28.02,1.25,5.72,7,0,-4,-21,-19,311,0,113.746,943.562,246.99299999999997,-3948.7380000000003,0.097,-16.571,-0.5710000000000015,327.055,1,3,-784637,-103.71000000000001,-73.977,11.35,96,237,-2392,,54.163,1063.843,321.54100000000017,-4011.7619999999997,50.48,79.83,65.24,109.01,false,false,1.77,3.83,中期趨勢仍向下；ETF短中期同步減碼；20日累積後5日轉為調節；20日趨勢尚未上彎
192,3406,玉晶光,TWSE,光電業,暫不承接,保護持有,今天不新增部位；未完成確認前不機械式賣出,下一交易日收盤，確認是否收復防守區,已有部位暫停加碼；若收盤跌破60日EMA約 564.73，且下一交易日仍未收復，先減碼三分之一；若ETF或外資繼續轉弱，再分批降低部位。,56.6,62.4,68.5,85,91,可用,546,546,4.51,17.17,19.55,41.75,231.81,7.9,16.55,2.36,3.11,7,-2,-3,-2,0,-125,0,-127.88,300.08400000000006,74.73600000000008,-196.40799999999996,-2,-199,-260,-767,2,2,-108654000,-13.559000000000012,-54.269000000000005,43.03,206,632,1154,,14.669,512.643,389.00500000000005,812.413,49.91,71.85,60.97,93.61,false,false,2.07,11.89,中期趨勢仍向下；ETF 1/3日已轉為減碼；20日趨勢尚未上彎
193,3533,嘉澤,TWSE,電子零組件業,暫不承接,降低部位,停止加碼；反彈未站回恢復區時分批減碼,每個交易日收盤後，確認是否站回恢復區,"已有部位先停止加碼。反彈若仍未站回 2,087.86，分批降低部位；只有站回且ETF／外資賣壓收斂後才重新評估。",61.1,62.2,71.5,85,91,可用,1960,1960,17.26,17.24,29.04,19.05,381.17,21.37,26.84,5.11,1.83,24,-1,-8,65,75,-32,65,-52.691,-219.08699999999993,-328.0159999999999,-967.47,17,-146.55,-491.18,-1010.6690000000001,2,3,-279910500,10.193000000000001,32.541000000000004,49.85,-38,165,-263,,-48.679,-82.72999999999996,130.62300000000005,82.83300000000003,48.46,69.31,61.56,84.82,false,false,0.22,-2.24,中期趨勢仍向下；ETF 1/3日已轉為減碼；投信5/10日持續且具金額意義的賣超；20日趨勢尚未上彎
194,6515,穎崴,TWSE,半導體業,暫不承接,降低部位,停止加碼；反彈未站回恢復區時分批減碼,每個交易日收盤後，確認是否站回恢復區,"已有部位先停止加碼。反彈若仍未站回 7,541.22，分批降低部位；只有站回且ETF／外資賣壓收斂後才重新評估。",56.3,61.9,49.1,85,90.9,可用,6830,6830,287.9,70.27,26.06,54.61,230.87,19.54,138.52,37.5,0.73,29,0,-45,-89,-380,-686,-93,-39.593,-240.148,-254.284,-477.275,-28,-72.61,-344.758,-1408.4940000000001,1,4,-490843600,-11.625,1.6359999999999997,22.17,-21,162,826,,-14.709,-155.913,88.838,923.171,48.89,73.45,63.03,94.3,false,false,1.85,9.28,中期趨勢仍向下；ETF短中期同步減碼；投信5/10日持續且具金額意義的賣超；20日趨勢尚未上彎
195,3515,華擎,TWSE,電腦及週邊設備業,暫不承接,降低部位,停止加碼；反彈未站回恢復區時分批減碼,每個交易日收盤後，確認是否站回恢復區,已有部位先停止加碼。反彈若仍未站回 217.44，分批降低部位；只有站回且ETF／外資賣壓收斂後才重新評估。,55.1,61.8,61.6,85,100,完整,215.5,215.5,47.6,4.43,8.04,52.42,174.78,7.1,13.73,2.26,5.18,3,0,-1,-2,-2,-3,0,-305.838,85.97799999999998,-13.22100000000001,715.135,0.494,-1.3130000000000002,-1.3130000000000002,-2.212,1,2,-279013,-24.261,-24.301000000000002,8.13,-236,295,-84,,-302.541,111.55199999999999,12.392999999999994,741.819,55.53,83.04,65.29,118.53,false,false,3.85,9.11,中期趨勢仍向下；ETF短中期同步減碼；20日趨勢尚未上彎
196,2382,廣達,TWSE,電腦及週邊設備業,暫不承接,保護持有,今天不新增部位；未完成確認前不機械式賣出,下一交易日收盤，確認是否收復防守區,已有部位暫停加碼；若收盤跌破60日EMA約 334.39，且下一交易日仍未收復，先減碼三分之一；若ETF或外資繼續轉弱，再分批降低部位。,52.2,61.7,49.6,85,88,可用,313.5,313.5,102.87,86.48,2.85,87.45,117.06,5.5,14.98,5.54,5.23,46,39,-178,-847,7581,19169,-657,-6602.511,-14544.454000000002,-40202.115,-34022.073000000004,79.332,-1196.699,4192.032,11406.23,1,4,-356616302,-1612.904,-1001.828,23.59,236031,202436,225089,,-6303.273,-11734.851000000002,-43392.319,-40811.353,44.52,52.79,39.18,80.03,false,false,-1.62,5.73,中期趨勢仍向下；20日累積後5日轉為調節；主動ETF 5日轉為減碼；投信20日買超後近5日轉賣；外資持股趨勢資料不足或期間有非市場異動；20日趨勢尚未上彎；當下除權息調整價未守20日EMA
197,2308,台達電,TWSE,電子零組件業,暫不承接,保護持有,今天不新增部位；未完成確認前不機械式賣出,下一交易日收盤，確認是否收復防守區,"已有部位暫停加碼；若收盤跌破60日EMA約 1,858.16，且下一交易日仍未收復，先減碼三分之一；若ETF或外資繼續轉弱，再分批降低部位。",56.3,61.5,52.2,85,100,可用,1815,1815,55.43,41.02,17.22,53.58,159.95,17.59,52.51,14.59,0.7,54,136,220,-556,3431,7555,-306,-1799.784,-2644.536,-12385.996,-18305.331,55.554,-1310.523,216.99900000000002,4709.286,2,3,-2162362950,-74.922,1367.7670000000003,62.27,-1544,-15933,-24854,,-1697.088,-1259.091,-13970.762000000002,-25525.302,52.57,71.82,53.52,108.42,false,false,4.78,14.87,中期趨勢仍向下；20日累積後5日轉為調節；主動ETF 5日轉為減碼；投信20日買超後近5日轉賣；外資持股趨勢資料不足或期間有非市場異動；20日趨勢尚未上彎；高波動且5日漲幅過大
198,5469,瀚宇博,TWSE,電子零組件業,暫不承接,保護持有,今天不新增部位；未完成確認前不機械式賣出,下一交易日收盤，確認是否收復防守區,已有部位暫停加碼；若收盤跌破60日EMA約 78.02，且下一交易日仍未收復，先減碼三分之一；若ETF或外資繼續轉弱，再分批降低部位。,53.9,61.3,60.2,85,91,可用,75.9,75.9,15.36,24.52,7.89,53.01,134.88,1.23,12.46,0.92,3.53,4,0,0,0,0,0,0,33,120.97000000000003,-736.6419999999999,-6476.6759999999995,0,3,15,14,1,0,214200,-278.567,-247.065,8.83,-48,486,-44,,12,396.537,-504.57700000000006,-6200.817,55.06,77.45,62.5,107.36,false,false,5.38,12.61,中期趨勢仍向下；20日趨勢尚未上彎
199,8131,福懋科,TWSE,半導體業,暫不承接,保護持有,今天不新增部位；未完成確認前不機械式賣出,下一交易日收盤，確認是否收復防守區,已有部位暫停加碼；若收盤跌破60日EMA約 67.68，且下一交易日仍未收復，先減碼三分之一；若ETF或外資繼續轉弱，再分批降低部位。,50.9,61,68.7,85,100,完整,64.6,64.6,60.87,40.86,15.72,21.17,277.62,1.93,18.17,1.8,1.59,3,0,0,0,1,-146,0,-528.225,1459.1169999999997,-5186.166,-11373.208,0,0,1,-146,0,0,0,22.504000000000016,-157.50799999999998,3.85,-498,-5255,-9292,,-557.435,1436.613,-5029.657999999999,-10896.921999999997,48.09,64.7,53.27,87.56,false,false,-0.6,7.67,中期趨勢仍向下；20日趨勢尚未上彎；當下除權息調整價未守20日EMA
200,3042,晶技,TWSE,電子零組件業,暫不承接,保護持有,今天不新增部位；未完成確認前不機械式賣出,下一交易日收盤，確認是否收復防守區,已有部位暫停加碼；若收盤跌破60日EMA約 174.94，且下一交易日仍未收復，先減碼三分之一；若ETF或外資繼續轉弱，再分批降低部位。,60.8,61,62.2,85,91,可用,180.5,180.5,19.98,7.73,15.08,32.91,231.24,1.32,32.06,3.78,2.86,8,0,0,-157,-268,-918,0,-1457.271,6110.491,10146.374,8108.510000000001,-5,-17.099999999999994,-1306.1,-3915.1,1,4,-2872800,-241.596,-364.86499999999995,21.54,-939,11704,11891,,-1020.862,6369.187,11817.338999999998,14493.925999999998,53.24,77.42,63.55,105.17,false,false,5.92,16.83,ETF短中期同步減碼；20日趨勢尚未上彎；高波動且5日漲幅過大；融資增幅與短線漲幅同步偏高
201,2363,矽統,TWSE,半導體業,暫不承接,保護持有,今天不新增部位；未完成確認前不機械式賣出,下一交易日收盤，確認是否收復防守區,已有部位暫停加碼；若收盤跌破60日EMA約 58.35，且下一交易日仍未收復，先減碼三分之一；若ETF或外資繼續轉弱，再分批降低部位。,51.3,60.8,68.9,85,91,可用,54,54,74.8,99.91,7.2,9.18,298.04,0.17,31.59,1.36,1.12,2,-80,-80,-80,44,70,0,928.691,3025.487,-115.26399999999944,-12517.934000000001,-80,-80,44,70,0,1,-4296000,2004.3799999999999,1660.518,6.8,-734,-363,-5228,,179.401,1101.107,-1819.7820000000002,-13807.925,45.55,74.61,55.91,112,false,false,-1.41,8.32,中期趨勢仍向下；20日累積後5日轉為調節；ETF 1/3日已轉為減碼；20日趨勢尚未上彎；當下除權息調整價未守20日EMA
202,3034,聯詠,TWSE,半導體業,暫不承接,降低部位,停止加碼；反彈未站回恢復區時分批減碼,每個交易日收盤後，確認是否站回恢復區,已有部位先停止加碼。反彈若仍未站回 518.18，分批降低部位；只有站回且ETF／外資賣壓收斂後才重新評估。,63.6,60.6,55.9,85,100,完整,544,544,18.96,-2.75,20.26,42.09,222.47,16.59,18.91,4.78,4.24,50,-12,-585,-1015,-246,-2667,-291,326.838,4073.2460000000005,8575.335000000001,22927.340000000004,-16,-1015.933,-516.826,-4142.821999999999,0,5,-550635686,-141.99200000000002,-23.259000000000036,41.99,466,13517,23819,,370.833,5231.171,9115.42,28059.332,60.22,68.82,70.29,65.86,false,true,4.98,4.82,ETF短中期同步減碼；ETF 1/3日已轉為減碼；主動ETF 5日轉為減碼；投信5/10日持續且具金額意義的賣超
203,5434,崇越,TWSE,電子通路業,暫不承接,降低部位,停止加碼；反彈未站回恢復區時分批減碼,每個交易日收盤後，確認是否站回恢復區,已有部位先停止加碼。反彈若仍未站回 517.08，分批降低部位；只有站回且ETF／外資賣壓收斂後才重新評估。,57.9,60.4,51.1,85,100,完整,514,514,32.86,20.2,7.4,53.86,133.72,14.79,18.68,4.41,2.69,25,0,-106,-260,-229,890,-176,-216.491,-509.88200000000006,196.65999999999994,2125.212,-243,-1555.903,-1525.201,1408.7099999999998,0,5,-776395597,-72.418,-60.47700000000002,31.03,27,1887,2531,,13.389,1118.439,1782.338,703.7660000000002,49.35,49.4,39.46,69.28,false,false,-0.6,1.58,ETF短中期同步減碼；20日累積後5日轉為調節；主動ETF 5日轉為減碼；投信5/10日持續且具金額意義的賣超；20日趨勢尚未上彎；當下除權息調整價未守20日EMA
204,3563,牧德,TWSE,光電業,暫不承接,保護持有,今天不新增部位；未完成確認前不機械式賣出,下一交易日收盤，確認是否收復防守區,已有部位暫停加碼；若收盤跌破60日EMA約 704.69，且下一交易日仍未收復，先減碼三分之一；若ETF或外資繼續轉弱，再分批降低部位。,57.6,60.3,66.6,85,100,完整,684,684,15.62,8.47,38.88,28.21,317.07,9.8,38.44,7.55,2.14,3,0,0,0,0,-73,0,-168.635,329.66200000000003,361.4860000000001,500.6560000000001,0,0,9,-39,0,0,0,31.698999999999995,-46.74900000000001,7.64,-186,255,378,,-128.804,297.96299999999997,399.235,676.033,51.85,77.69,66.62,99.82,false,false,3.21,9.62,中期趨勢仍向下；20日趨勢尚未上彎
205,2889,國票金,TWSE,金融保險業,暫不承接,保護持有,今天不新增部位；未完成確認前不機械式賣出,下一交易日收盤，確認是否收復防守區,已有部位暫停加碼；若收盤跌破60日EMA約 15.37，且下一交易日仍未收復，先減碼三分之一；若ETF或外資繼續轉弱，再分批降低部位。,51.2,60.1,62,85,91,可用,15.35,15.35,100.04,130.05,,88.34,,0.25,19.87,1.19,3.86,2,0,0,0,10,-97,0,548.022,-10931.87,-2617.971000000001,2301.1759999999995,0,0,10,1909,0,0,0,-192.87,-143.49,9.43,654,3872,4619,,474,-10739,-2484.481,251.4770000000002,45.8,31.41,36.71,20.8,false,false,-0.78,-1.29,中期趨勢仍向下；20日趨勢尚未上彎；當下除權息調整價未守20日EMA
206,1342,八貫,TWSE,其他,暫不承接,保護持有,今天不新增部位；未完成確認前不機械式賣出,下一交易日收盤，確認是否收復防守區,已有部位暫停加碼；若收盤跌破60日EMA約 105.72，且下一交易日仍未收復，先減碼三分之一；若ETF或外資繼續轉弱，再分批降低部位。,51.4,60.1,64.2,85,85,完整,103.5,103.5,40.14,28.64,18.32,41.09,208.83,4.1,14.71,3.6,5.77,1,0,-3,-3,2,102,0,232.572,743.1240000000001,-735.8189999999998,-478.32499999999993,0,-3,2,102,1,2,-312000,-0.4269999999999996,4.557,32.45,227,-622,-647,,226.572,746.551,-742.376,-585.175,44.1,55.53,38.77,89.05,false,false,-2.08,5.5,中期趨勢仍向下；20日趨勢尚未上彎；當下除權息調整價未守20日EMA
207,6191,精成科,TWSE,電子零組件業,暫不承接,保護持有,今天不新增部位；未完成確認前不機械式賣出,下一交易日收盤，確認是否收復防守區,已有部位暫停加碼；若收盤跌破60日EMA約 93.65，且下一交易日仍未收復，先減碼三分之一；若ETF或外資繼續轉弱，再分批降低部位。,52.9,60,59.2,85,100,完整,87.2,87.2,10.28,30.15,7.6,49.82,126.43,2.32,14.55,1.13,3.11,5,0,0,0,7,1537,0,-151.89,253.60200000000006,-187.36299999999994,-7886.052000000001,0,3,21,1550,1,0,250500,-60.903999999999996,-119.98800000000001,3.63,-217,955,290,,-160.16,311.506,-88.37500000000006,-8611.584,46.05,65.06,47.42,100.35,false,false,-0.5,6.08,中期趨勢仍向下；20日趨勢尚未上彎；當下除權息調整價未守20日EMA
208,2449,京元電子,TWSE,半導體業,暫不承接,降低部位,停止加碼；反彈未站回恢復區時分批減碼,每個交易日收盤後，確認是否站回恢復區,已有部位先停止加碼。反彈若仍未站回 273.14，分批降低部位；只有站回且ETF／外資賣壓收斂後才重新評估。,58.9,59.9,49.1,85,90.6,可用,248.5,248.5,28.64,36.08,27.2,51.9,152.33,1.87,32.84,5.44,0.62,35,27,-58,4554,12062,17700,4264,-3156.253,-11469.624,-27427.059999999998,-63487.092,7,5312.423000000001,8933.263,10856.823,4,1,1285606366,-335.63000000000005,-451.0480000000001,29.28,-3089,-39331,-58972,,-3166.54,-16446.417,-35909.275,-74145.163,46.11,67.13,53.71,93.96,false,false,-2.14,6.42,中期趨勢仍向下；外資持股5/10日下降，且外資5日賣超；20日趨勢尚未上彎；當下除權息調整價未守20日EMA
209,3010,華立,TWSE,電子通路業,暫不承接,降低部位,停止加碼；反彈未站回恢復區時分批減碼,每個交易日收盤後，確認是否站回恢復區,已有部位先停止加碼。反彈若仍未站回 122.95，分批降低部位；只有站回且ETF／外資賣壓收斂後才重新評估。,55.3,59.3,56.9,85,91,可用,122.5,122.5,13.92,17.66,3.83,55.43,159.26,2.47,12.85,1.32,4.4,5,1,-1,-2,-4,-9,0,-265.587,288.373,-853.1860000000001,-448.4530000000001,0.943,-0.507,3.4930000000000003,-1.2239999999999998,2,1,-61093,-51.223,52.651999999999994,19.31,-273,-276,-525,,-287,340.103,-909.331,-472.5480000000001,55.81,82.05,69.87,106.41,false,false,3.58,5.6,中期趨勢仍向下；ETF短中期同步減碼；20日趨勢尚未上彎
210,6525,捷敏-KY,TWSE,半導體業,暫不承接,保護持有,今天不新增部位；未完成確認前不機械式賣出,下一交易日收盤，確認是否收復防守區,已有部位暫停加碼；若收盤跌破60日EMA約 140.12，且下一交易日仍未收復，先減碼三分之一；若ETF或外資繼續轉弱，再分批降低部位。,53.8,59.3,55.1,85,91,可用,142,142,19.84,15.64,19.12,39.59,183.44,1.62,22.32,3.99,3.69,3,-1,-5,-8,-4,166,0,143.066,-627.3319999999999,159.57700000000023,2922.5560000000005,-1,-8,-4,165.984,0,3,-1084000,97.88100000000001,7.48000000000001,16.73,91,438,2364,,144.288,-717.213,156.09700000000004,2937.4109999999996,48.17,73.21,54.65,110.31,false,false,-0.9,11.37,ETF短中期同步減碼；20日累積後5日轉為調節；ETF 1/3日已轉為減碼；20日趨勢尚未上彎；當下除權息調整價未守20日EMA；高波動且5日漲幅過大
211,2368,金像電,TWSE,電子零組件業,暫不承接,降低部位,停止加碼；反彈未站回恢復區時分批減碼,每個交易日收盤後，確認是否站回恢復區,"已有部位先停止加碼。反彈若仍未站回 1,069.90，分批降低部位；只有站回且ETF／外資賣壓收斂後才重新評估。",48.1,59.2,56.2,85,91,可用,926,926,78.22,68.74,26.85,58.63,170.81,6.87,44.33,14.4,1,33,-67,-2230,-2341,-3739,-5529,-2408,-160.558,-5110.114,-5274.4439999999995,-5270.263999999999,535,-1607.0950000000003,-5344.03,-13162.76,2,3,-1578167290,-142.904,-96.53800000000001,28.98,-769,1737,4915,,-797.876,-3360.115,166.12400000000065,8471.703000000001,45.32,71.82,61.42,92.61,false,false,-1.88,6.19,中期趨勢仍向下；ETF短中期同步減碼；ETF 1/3日已轉為減碼；主動ETF 5日轉為減碼；投信5/10日持續且具金額意義的賣超；20日趨勢尚未上彎；當下除權息調整價未守20日EMA
212,2316,楠梓電,TWSE,電子零組件業,暫不承接,保護持有,今天不新增部位；未完成確認前不機械式賣出,下一交易日收盤，確認是否收復防守區,已有部位暫停加碼；若收盤跌破60日EMA約 163.87，且下一交易日仍未收復，先減碼三分之一；若ETF或外資繼續轉弱，再分批降低部位。,51.5,59.1,65.2,85,91,可用,163.5,163.5,27.83,30.96,-7.14,31.42,226.6,3.53,10.33,2.11,1.25,2,0,-9,-55,32,523,-57,-261.869,-604.101,-0.6649999999999778,-2363.003,0,-55,-84,407,1,2,-8772500,61.696,-54.217,36.09,-130,1966,1411,,-204.498,-610.7969999999999,137.55199999999994,-2515.4159999999993,49.27,78.62,62.21,111.43,false,false,1.2,9.73,中期趨勢仍向下；20日累積後5日轉為調節；主動ETF 5日轉為減碼；20日趨勢尚未上彎；單季稅前獲利對營業外貢獻依賴偏高
213,1215,卜蜂,TWSE,食品工業,暫不承接,保護持有,今天不新增部位；未完成確認前不機械式賣出,下一交易日收盤，確認是否收復防守區,已有部位暫停加碼；若收盤跌破60日EMA約 116.22，且下一交易日仍未收復，先減碼三分之一；若ETF或外資繼續轉弱，再分批降低部位。,53.8,59,51.6,85,100,完整,109,109,8.69,4.68,9.26,65.34,86.75,3.24,12.44,2.91,6.48,3,0,0,0,0,-89,0,-100.157,211.10899999999998,-794.2860000000001,1113.6749999999997,0,2,8,-81,1,0,216000,-25.256999999999998,-48.952,37.82,-203,-744,365,,-104.157,234.366,-753.334,1231.6170000000002,48.99,72.78,51.68,114.98,false,false,0.85,5.83,中期趨勢仍向下；20日趨勢尚未上彎
214,4938,和碩,TWSE,電腦及週邊設備業,暫不承接,保護持有,今天不新增部位；未完成確認前不機械式賣出,下一交易日收盤，確認是否收復防守區,已有部位暫停加碼；若收盤跌破60日EMA約 84.33，且下一交易日仍未收復，先減碼三分之一；若ETF或外資繼續轉弱，再分批降低部位。,72.9,59,42.6,85,91,可用,89.5,89.5,15.89,-3.93,1.16,60.1,131.03,0.58,20.02,1.15,4.6,26,711,758,1201,2968,-8997,275,618.343,15735.249,17018.913,48742.571,714.308,1243.519,1950.578,-13623.723,5,0,108310505,-575.532,633.636,31.02,96,31746,51964,,178.341,15067.262,14434.699,58142.939999999995,58.94,74.36,66.8,89.49,false,false,4.3,3.35,
215,6526,達發,TWSE,半導體業,暫不承接,保護持有,今天不新增部位；未完成確認前不機械式賣出,下一交易日收盤，確認是否收復防守區,已有部位暫停加碼；若收盤跌破60日EMA約 612.91，且下一交易日仍未收復，先減碼三分之一；若ETF或外資繼續轉弱，再分批降低部位。,58.6,58.5,56.6,85,91,可用,627,627,14.4,9.3,14.96,28.83,249.76,4.47,35.88,5.84,2.16,15,-10,-57,-108,-59,179,-86,9.989,336.333,174.82700000000006,210.58300000000003,27,-179,-212,61,3,2,-111875000,2.0869999999999997,-10.954,7.48,-1,301,295,,-17.791,513.246,397.781,185.01100000000014,54.58,78.36,66.76,101.56,false,false,5.06,13.59,ETF短中期同步減碼；20日累積後5日轉為調節；ETF 1/3日已轉為減碼；主動ETF 5日轉為減碼；20日趨勢尚未上彎；高波動且5日漲幅過大
216,8081,致新,TWSE,半導體業,暫不承接,降低部位,停止加碼；反彈未站回恢復區時分批減碼,每個交易日收盤後，確認是否站回恢復區,已有部位先停止加碼。反彈若仍未站回 267.63，分批降低部位；只有站回且ETF／外資賣壓收斂後才重新評估。,52.4,58.4,64.8,85,91,可用,268,268,7.19,-1.3,17.55,29.64,259.16,4.62,14.57,3.03,6.25,9,0,-1,-92,-45,207,-88,-283.106,-181.977,-1436.76,-1475.1940000000004,-4.534,-144.237,-97.237,154.916,0,5,-36924672,-19.061,-34.821999999999996,17.07,-233,-1605,-336,,-264.753,-18.678999999999974,-1304.701,-1408.409,52.68,75.28,65.19,95.47,false,false,3.27,7.2,累計營收負成長且當月改善不足；ETF短中期同步減碼；20日累積後5日轉為調節；主動ETF 5日轉為減碼；投信5/10日持續且具金額意義的賣超；外資持股5/10日下降，且外資5日賣超；20日趨勢尚未上彎
217,3209,全科,TWSE,電子通路業,暫不承接,保護持有,今天不新增部位；未完成確認前不機械式賣出,下一交易日收盤，確認是否收復防守區,已有部位暫停加碼；若收盤跌破60日EMA約 58.53，且下一交易日仍未收復，先減碼三分之一；若ETF或外資繼續轉弱，再分批降低部位。,47.1,58.3,51.3,85,91,可用,55.8,55.8,170.41,44.35,2.85,75.99,128.79,1.52,16.04,2.59,4.34,1,0,0,0,0,-340,0,-246.581,-348.586,351.1979999999999,-2364.904,0,0,0,-340,0,0,0,10.861999999999998,-4.788999999999999,18.16,-258,800,-984,,-252.563,-359.448,355.987,-1958.6719999999998,44.01,65.09,64.28,66.71,false,false,-2.7,0.54,中期趨勢仍向下；20日趨勢尚未上彎；當下除權息調整價未守20日EMA
218,2305,全友,TWSE,電腦及週邊設備業,暫不承接,降低部位,停止加碼；反彈未站回恢復區時分批減碼,每個交易日收盤後，確認是否站回恢復區,已有部位先停止加碼。反彈若仍未站回 30.80，分批降低部位；只有站回且ETF／外資賣壓收斂後才重新評估。,50.1,58.2,65.1,85,91,可用,29.05,29.05,142.33,79.62,7.52,21.16,492.74,0.16,98.15,2.28,,1,0,0,1,15,220,0,-2432.322,-3853.399,-4439.974999999999,-8442.072999999999,0,1,15,220,1,1,26500,-53.97,-3.3119999999999985,2.46,-2251,-8027,-7038,,-2442.322,-3800.4289999999996,-4451.663,-8668.914,45.29,27.62,29.81,23.24,false,true,-5.69,-9.08,中期趨勢仍向下；外資持股5/10日下降，且外資5日賣超；20日趨勢尚未上彎；當下除權息調整價未守20日EMA；單季稅前獲利對營業外貢獻依賴偏高
219,4551,智伸科,TWSE,汽車工業,暫不承接,保護持有,今天不新增部位；未完成確認前不機械式賣出,下一交易日收盤，確認是否收復防守區,已有部位暫停加碼；若收盤跌破60日EMA約 180.26，且下一交易日仍未收復，先減碼三分之一；若ETF或外資繼續轉弱，再分批降低部位。,53.9,58.2,58.5,85,91,可用,174,174,30.66,18.75,15.27,37.46,218.37,2.7,25.11,2.15,2.51,2,0,-5,0,5,596,0,-241.369,-628.34,815.4570000000001,2082.926,189,339,344,890,4,0,56782500,-10.561,-82.234,58.97,-428,406,387,,-426.758,-956.779,553.691,1367.413,45.61,63.85,45.95,99.65,false,false,-2.37,8.75,中期趨勢仍向下；20日趨勢尚未上彎；當下除權息調整價未守20日EMA
220,3413,京鼎,TWSE,半導體業,暫不承接,保護持有,今天不新增部位；未完成確認前不機械式賣出,下一交易日收盤，確認是否收復防守區,已有部位暫停加碼；若收盤跌破60日EMA約 321.78，且下一交易日仍未收復，先減碼三分之一；若ETF或外資繼續轉弱，再分批降低部位。,46.7,58,58.4,85,91,可用,307.5,307.5,39.75,17.7,13.07,42.48,150.31,4.28,16.41,2.15,3.55,3,0,0,0,0,0,0,-482.254,1265.242,121.99200000000019,1527.8920000000003,-15,-203,-203,-115,1,2,-62727000,0.695999999999998,-177.91899999999998,28.11,-377,-860,1124,,-386.583,1467.5459999999998,502.9109999999997,1773.9239999999998,44.49,55.74,49.1,69.03,false,false,-3.95,-2.54,中期趨勢仍向下；20日趨勢尚未上彎；當下除權息調整價未守20日EMA
221,2049,上銀,TWSE,電機機械,暫不承接,保護持有,今天不新增部位；未完成確認前不機械式賣出,下一交易日收盤，確認是否收復防守區,已有部位暫停加碼；若收盤跌破60日EMA約 328.46，且下一交易日仍未收復，先減碼三分之一；若ETF或外資繼續轉弱，再分批降低部位。,60.7,57.8,52.1,85,91,可用,387,387,31.62,18.05,9.88,31.29,229.46,1.64,84.31,3.65,0.52,9,-1080,-1080,-69,-67,-201,-68,2562.286,6904.932999999999,7081.449999999999,8401.096,-1540,-98.64799999999991,-157.9099999999999,-241.6519999999999,2,2,-38176776,640.7550000000001,556.3330000000001,38.44,3819,6413,7224,,3854.924,6362.826,6683.026999999999,8131.559,66.8,84.2,74.07,104.45,false,false,14.82,16.57,ETF短中期同步減碼；ETF 1/3日已轉為減碼；主動ETF 5日轉為減碼；短線過熱或乖離過大；高波動且5日漲幅過大
222,6282,康舒,TWSE,電子零組件業,暫不承接,保護持有,今天不新增部位；未完成確認前不機械式賣出,下一交易日收盤，確認是否收復防守區,已有部位暫停加碼；若收盤跌破60日EMA約 51.80，且下一交易日仍未收復，先減碼三分之一；若ETF或外資繼續轉弱，再分批降低部位。,63.8,57.8,43.9,85,91,可用,50,50,28.28,24.91,2.93,56.18,135.55,0.27,94.3,1.79,1.7,5,0,1,523,537,1033,522,-1426.888,3157.8830000000003,5047.616,-17482.062,0,523,537,1033,3,0,24659450,726.5,927.6970000000001,13.02,-2593,-19,-13321,,-1666.023,1908.383,3582.9189999999994,-19734.884,51.1,79.02,63.43,110.2,false,false,3.35,11.98,中期趨勢仍向下；ETF加碼，但外資持股5/10日同步下降；20日趨勢尚未上彎；高波動且5日漲幅過大
223,3019,亞光,TWSE,光電業,暫不承接,保護持有,今天不新增部位；未完成確認前不機械式賣出,下一交易日收盤，確認是否收復防守區,已有部位暫停加碼；若收盤跌破60日EMA約 139.64，且下一交易日仍未收復，先減碼三分之一；若ETF或外資繼續轉弱，再分批降低部位。,57.1,57.4,60.1,85,100,完整,134.5,134.5,13.14,15.6,9.05,40.75,215.07,2.98,21.84,2.43,3.55,2,0,0,0,0,0,0,-62.605,1793.812,1478.2549999999999,-978.991,0,0,0,0,0,0,0,-180.785,-568.412,7.35,-75,1685,1519,,36.814,1974.597,2046.667,-260.4070000000004,49.03,72.35,59.82,97.41,false,false,0.56,1.13,中期趨勢仍向下；20日趨勢尚未上彎
224,4583,台灣精銳,TWSE,電機機械,暫不承接,保護持有,今天不新增部位；未完成確認前不機械式賣出,下一交易日收盤，確認是否收復防守區,已有部位暫停加碼；若收盤跌破60日EMA約 594.03，且下一交易日仍未收復，先減碼三分之一；若ETF或外資繼續轉弱，再分批降低部位。,49.2,57.4,71.2,85,100,完整,501,501,29.98,14.06,34.42,10.76,1265.54,6.81,37.34,4.06,1.99,4,0,0,0,0,0,0,-37.499,21.000999999999994,907.862,978.6020000000001,0,0,0,0,0,0,0,-12.052,1.0619999999999998,2.33,-41,875,869,,-37,33.053,906.8,983.124,38.26,48.8,41.13,64.16,false,false,-5.7,2.66,中期趨勢仍向下；20日趨勢尚未上彎；當下除權息調整價未守20日EMA
225,2345,智邦,TWSE,通信網路業,暫不承接,降低部位,停止加碼；反彈未站回恢復區時分批減碼,每個交易日收盤後，確認是否站回恢復區,"已有部位先停止加碼。反彈若仍未站回 2,280.08，分批降低部位；只有站回且ETF／外資賣壓收斂後才重新評估。",54,57.2,47.8,85,100,完整,2165,2165,61.16,60.28,14.72,65.32,142.45,34.7,34.8,17.93,0.68,49,-35,-43,124,1205,2431,71,-1278.371,-635.0130000000001,-697.941,-1725.7830000000004,-3,137.81400000000002,469.067,1774.6219999999998,3,2,305258010,-74.401,51.832,57.5,-1228,-1582,-3281,,-1238.787,-698.426,-1218.8400000000001,-3350.2529999999997,45.34,57.63,60.75,51.4,false,true,-4.03,-7.28,中期趨勢仍向下；ETF 1/3日已轉為減碼；外資持股5/10日下降，且外資5日賣超；20日趨勢尚未上彎；當下除權息調整價未守20日EMA
226,2393,億光,TWSE,光電業,暫不承接,保護持有,今天不新增部位；未完成確認前不機械式賣出,下一交易日收盤，確認是否收復防守區,已有部位暫停加碼；若收盤跌破60日EMA約 65.91，且下一交易日仍未收復，先減碼三分之一；若ETF或外資繼續轉弱，再分批降低部位。,51.5,57.1,71.9,85,90.5,可用,62.4,62.4,10.58,3.16,7.41,31.13,236.99,0.91,14.53,1.31,7.39,13,1,-212,-11,0,-49,27,134.855,3218.9440000000004,-1493.5009999999993,-12393.646999999999,0.804,-10.827000000000027,0.5479999999999734,74.48799999999994,3,2,-659364,-2047.413,-2066.569,26.57,160,-2687,-9035,,162.395,5277.184,572.52,-13220.869000000002,44.03,61.64,44.46,96,false,false,-1.89,1.46,中期趨勢仍向下；20日趨勢尚未上彎；當下除權息調整價未守20日EMA
227,2031,新光鋼,TWSE,鋼鐵工業,暫不承接,保護持有,今天不新增部位；未完成確認前不機械式賣出,下一交易日收盤，確認是否收復防守區,已有部位暫停加碼；若收盤跌破60日EMA約 39.85，且下一交易日仍未收復，先減碼三分之一；若ETF或外資繼續轉弱，再分批降低部位。,55.2,56.8,51.2,85,100,完整,46.5,46.5,7.82,-2.42,9.27,59.27,154.73,5.23,6.97,1.21,5.56,2,-1,-1,-20,-20,49,0,4263.209,5578.938000000001,4749.131000000001,8265.980000000003,-1,-20,-20,149.80700000000002,0,3,-900000,76.669,-9.206000000000007,9.91,4142,5287,6087,,4147.307,5522.269,4778.337,8047.3200000000015,75.7,77.89,59.44,114.79,true,false,14.75,21.41,累計營收負成長且當月改善不足；ETF短中期同步減碼；20日累積後5日轉為調節；ETF 1/3日已轉為減碼；短線過熱或乖離過大；單季稅前獲利對營業外貢獻依賴偏高
228,2351,順德,TWSE,半導體業,暫不承接,保護持有,今天不新增部位；未完成確認前不機械式賣出,下一交易日收盤，確認是否收復防守區,已有部位暫停加碼；若收盤跌破60日EMA約 173.00，且下一交易日仍未收復，先減碼三分之一；若ETF或外資繼續轉弱，再分批降低部位。,62.6,56.8,41.4,85,91,可用,168.5,168.5,51.72,24.21,9.69,43.39,218.26,1.22,75.22,4.27,0.61,4,0,273,856,860,1444,856,-417.394,-242.27800000000002,3165.367,7563.812,0,773,-552,-112,3,1,131410000,56.488999999999976,-91.17100000000002,21.01,-275,4602,6487,,-279,-1071.767,3808.5380000000005,8112.527999999999,48.69,75.21,65.27,95.1,false,false,0.49,7.67,中期趨勢仍向下；20日趨勢尚未上彎
229,6491,晶碩,TWSE,生技醫療業,暫不承接,保護持有,今天不新增部位；未完成確認前不機械式賣出,下一交易日收盤，確認是否收復防守區,已有部位暫停加碼；若收盤跌破60日EMA約 336.44，且下一交易日仍未收復，先減碼三分之一；若ETF或外資繼續轉弱，再分批降低部位。,67.3,56.8,23.9,85,88,可用,379,379,33.94,24.22,,,,,17.93,2.58,2.68,2,0,164,235,235,211,235,383.229,1584.8239999999998,1507.3439999999998,1988.3189999999997,0,175,175,148,2,1,65275000,47.909,23.54999999999999,21.23,391,1363,1527,,383.829,1361.915,1308.794,1899.8899999999999,65.85,83.22,73.03,103.58,false,false,7.27,6.46,
230,6257,矽格,TWSE,半導體業,暫不承接,降低部位,停止加碼；反彈未站回恢復區時分批減碼,每個交易日收盤後，確認是否站回恢復區,已有部位先停止加碼。反彈若仍未站回 211.35，分批降低部位；只有站回且ETF／外資賣壓收斂後才重新評估。,49.8,56.7,54.8,85,100,完整,207.5,207.5,21,18.08,24.09,43.78,182.58,4.65,23.33,3.78,2.13,14,-4,-235,-180,314,-12,-29,-2061.575,-2001.9700000000003,-4453.094,-14221.501999999999,-85,-473.16,-254.35200000000003,-462.9939999999999,0,5,-94395420,-18.41200000000001,-278.494,29.3,-1518,-6028,-9931,,-1894.357,-1510.398,-3920.248,-12777.994999999999,48.13,67.88,52.68,98.28,false,false,-0.36,6.14,中期趨勢仍向下；ETF 1/3日已轉為減碼；主動ETF 5日轉為減碼；投信5/10日持續且具金額意義的賣超；外資持股5/10日下降，且外資5日賣超；20日趨勢尚未上彎；當下除權息調整價未守20日EMA
231,5243,乙盛-KY,TWSE,光電業,暫不承接,保護持有,今天不新增部位；未完成確認前不機械式賣出,下一交易日收盤，確認是否收復防守區,已有部位暫停加碼；若收盤跌破60日EMA約 95.47，且下一交易日仍未收復，先減碼三分之一；若ETF或外資繼續轉弱，再分批降低部位。,50.9,56.6,62.1,85,91,可用,88.7,88.7,38.27,-0.89,11,37.79,176.08,1.47,17.89,1.69,2.53,1,0,0,0,0,3,0,-279.201,227.793,1032.69,2302.942,0,-300,-600,-497,0,1,-26130000,473.30400000000003,19.19200000000002,54.26,-478,1785,1985,,-327.471,54.488999999999976,1613.4979999999998,2845.8329999999996,49.05,80.28,63.4,114.03,false,false,1.56,10.32,中期趨勢仍向下；20日趨勢尚未上彎
232,6449,鈺邦,TWSE,電子零組件業,暫不承接,保護持有,今天不新增部位；未完成確認前不機械式賣出,下一交易日收盤，確認是否收復防守區,已有部位暫停加碼；若收盤跌破60日EMA約 274.89，且下一交易日仍未收復，先減碼三分之一；若ETF或外資繼續轉弱，再分批降低部位。,46.7,56.5,58,85,71,可用,240.5,240.5,23.29,22.31,19.21,41.31,128.28,2.11,29.32,3.61,1.86,1,0,0,0,0,44,0,-106.628,-453.99,-105.31200000000004,842.7099999999999,0,0,0,44,0,0,0,5.222000000000001,-11.990999999999998,6.78,-93,-236,971,,-96.747,-459.212,-93.32099999999994,883.5699999999999,44.57,72.92,55.52,107.72,false,false,-3.19,6.89,中期趨勢仍向下；20日趨勢尚未上彎；當下除權息調整價未守20日EMA
233,2313,華通,TWSE,電子零組件業,暫不承接,保護持有,今天不新增部位；未完成確認前不機械式賣出,下一交易日收盤，確認是否收復防守區,已有部位暫停加碼；若收盤跌破60日EMA約 223.14，且下一交易日仍未收復，先減碼三分之一；若ETF或外資繼續轉弱，再分批降低部位。,63.6,56.3,47.2,85,100,可用,215,215,20.96,13.2,9.84,51.87,165.85,2.5,36.77,5.3,1.34,17,50,200,239,368,596,44,-8166.835,11169.908,28369.084,31325.405,409,9586,5201.59,18600.59,4,1,1998681000,-863.8339999999998,-840.4119999999998,19.64,-7086,29207,15144,,-7422.076,2447.7419999999997,24007.906000000003,15096.196000000002,51.75,79.09,64.76,107.74,false,false,4.4,15.9,中期趨勢仍向下；外資持股趨勢資料不足或期間有非市場異動；20日趨勢尚未上彎；高波動且5日漲幅過大
234,2867,三商壽,TWSE,金融保險業,暫不承接,保護持有,今天不新增部位；未完成確認前不機械式賣出,下一交易日收盤，確認是否收復防守區,已有部位暫停加碼；若收盤跌破60日EMA約 8.83，且下一交易日仍未收復，先減碼三分之一；若ETF或外資繼續轉弱，再分批降低部位。,60.7,56.3,33.5,85,91,可用,9.7,9.7,187.2,335.29,,95.07,,-0.03,70.07,0.74,,1,0,0,0,0,0,0,6741.713,16326.146,84687.446,148249.012,0,0,0,0,0,0,0,-2055,7329,22.75,6381,80493,122264,,6380.713,18381.146,77358.446,135912.532,66.91,66.96,70.06,60.74,false,false,2.82,-1.22,
235,9802,鈺齊-KY,TWSE,運動休閒,暫不承接,降低部位,停止加碼；反彈未站回恢復區時分批減碼,每個交易日收盤後，確認是否站回恢復區,已有部位先停止加碼。反彈若仍未站回 74.85，分批降低部位；只有站回且ETF／外資賣壓收斂後才重新評估。,45.4,56.1,60.4,85,91,可用,71.3,71.3,15.45,0.37,5.13,38.72,126.86,0.89,12.36,1.04,7.28,1,-153,-683,-683,-683,-928,-683,379.92,-75.11899999999997,1128.145,1665.317,-153,-681,-675,-918,1,3,-47738100,19.272,35.465999999999994,42.57,523,1876,1599,,531.33,586.6089999999999,1767.6789999999999,2535.26,44.68,33.05,28.83,41.5,true,false,-1.21,-0.97,中期趨勢仍向下；ETF短中期同步減碼；ETF 1/3日已轉為減碼；主動ETF 5日轉為減碼；投信5/10日持續且具金額意義的賣超；20日趨勢尚未上彎；當下除權息調整價未守20日EMA
236,2303,聯電,TWSE,半導體業,暫不承接,保護持有,今天不新增部位；未完成確認前不機械式賣出,下一交易日收盤，確認是否收復防守區,已有部位暫停加碼；若收盤跌破60日EMA約 128.29，且下一交易日仍未收復，先減碼三分之一；若ETF或外資繼續轉弱，再分批降低部位。,52,56,60.7,85,100,可用,123,123,22.85,11.28,20.21,33.34,216.6,4.68,17.44,3.28,2.25,63,-2390,-2056,1935,2387,-35426,828,-32730.478,-130371.56899999999,-142343.937,-273244.885,-6691,2254.0150000000012,-23071.999,-75794.54199999999,2,3,261465740,-4997.649,-11287.149000000001,40.45,-22854,-72221,-215643,,-23200.666,-127627.935,-107984.78899999998,-168532.346,45.11,59.34,47.01,83.99,false,false,-3.71,4.24,中期趨勢仍向下；ETF 1/3日已轉為減碼；外資持股趨勢資料不足或期間有非市場異動；20日趨勢尚未上彎；當下除權息調整價未守20日EMA；單季稅前獲利對營業外貢獻依賴偏高
237,1319,東陽,TWSE,汽車工業,暫不承接,降低部位,停止加碼；反彈未站回恢復區時分批減碼,每個交易日收盤後，確認是否站回恢復區,已有部位先停止加碼。反彈若仍未站回 79.13，分批降低部位；只有站回且ETF／外資賣壓收斂後才重新評估。,54.7,55.9,67.4,85,91,可用,77.6,77.6,3.04,-14.34,15.76,22.37,232.66,1.62,13.77,1.56,6.52,8,-80,-302,-308,-268,-1971,0,207.376,1425.6589999999999,3042.107,811.2829999999998,-80,-304,-249,-1862.778,1,4,-23316800,-69.897,-66.724,9.53,161,2090,2758,,271.798,1799.556,3357.8309999999997,2871.4699999999993,56.88,82.11,68.33,109.66,false,false,3.99,8.68,累計營收負成長且當月改善不足；中期趨勢仍向下；ETF短中期同步減碼；ETF 1/3日已轉為減碼；投信5/10日持續且具金額意義的賣超；20日趨勢尚未上彎
238,8110,華東,TWSE,半導體業,暫不承接,降低部位,停止加碼；反彈未站回恢復區時分批減碼,每個交易日收盤後，確認是否站回恢復區,已有部位先停止加碼。反彈若仍未站回 48.58，分批降低部位；只有站回且ETF／外資賣壓收斂後才重新評估。,50.3,55.7,61.5,85,91,可用,46.2,46.2,16.26,13.32,5.25,25.4,254.53,0.49,16.59,1.85,3.29,2,0,0,0,0,0,0,-318.474,-4441.721,-2602.294999999999,-6543.165999999999,0,0,0,0,0,0,0,13.663000000000011,7.459000000000012,1.11,-165,-1683,-681,,-284.8,-4455.384,-2609.754,-6132.297,52.05,80.57,66.34,109.03,false,false,4.71,13.24,中期趨勢仍向下；外資持股5/10日下降，且外資5日賣超；20日趨勢尚未上彎；高波動且5日漲幅過大；單季稅前獲利對營業外貢獻依賴偏高
239,6442,光聖,TWSE,通信網路業,暫不承接,降低部位,停止加碼；反彈未站回恢復區時分批減碼,每個交易日收盤後，確認是否站回恢復區,"已有部位先停止加碼。反彈若仍未站回 1,572.70，分批降低部位；只有站回且ETF／外資賣壓收斂後才重新評估。",50.5,55.5,54.4,85,91,可用,1425,1425,1.65,27.4,26.4,53.24,215.86,7.82,49.98,14.64,0.85,10,-108,-109,-108,-95,-82,-107,-261.113,-1239.649,-1141.784,-1764.9940000000001,-115,-332.15,-277.15,-377.676,0,4,-440098750,-2.4549999999999947,-9.719999999999995,32.65,-97,-1673,-1238,,-144.71,-905.0440000000001,-854.9140000000001,-1267.5199999999995,51.38,72.76,61.73,94.83,false,false,4.99,12.2,中期趨勢仍向下；ETF短中期同步減碼；ETF 1/3日已轉為減碼；主動ETF 5日轉為減碼；投信5/10日持續且具金額意義的賣超；外資持股5/10日下降，且外資5日賣超；20日趨勢尚未上彎；高波動且5日漲幅過大
240,3014,聯陽,TWSE,半導體業,暫不承接,降低部位,停止加碼；反彈未站回恢復區時分批減碼,每個交易日收盤後，確認是否站回恢復區,已有部位先停止加碼。反彈若仍未站回 137.01，分批降低部位；只有站回且ETF／外資賣壓收斂後才重新評估。,49.4,55.4,63.5,85,100,完整,136.5,136.5,-1.12,-2.09,28.48,33.51,218.05,5.88,13.64,3.05,6.3,10,-14,-305,-320,-226,480,-287,-2234.326,-2217.265,-2591.4919999999997,-1694.2389999999998,-14.113,-320.233,-226.012,274.87800000000004,0,5,-43231455,-24.983999999999995,-10.574999999999996,19.83,-1948,102,-108,,-2247.3,-1872.048,-2354.9049999999997,-1730.542,53.15,82.78,68.02,112.32,false,false,3.15,7.91,累計營收負成長且當月改善不足；中期趨勢仍向下；ETF短中期同步減碼；20日累積後5日轉為調節；ETF 1/3日已轉為減碼；主動ETF 5日轉為減碼；投信5/10日持續且具金額意義的賣超；20日趨勢尚未上彎
241,6278,台表科,TWSE,光電業,暫不承接,保護持有,今天不新增部位；未完成確認前不機械式賣出,下一交易日收盤，確認是否收復防守區,已有部位暫停加碼；若收盤跌破60日EMA約 173.73，且下一交易日仍未收復，先減碼三分之一；若ETF或外資繼續轉弱，再分批降低部位。,56.9,55.1,49.1,85,91,可用,171.5,171.5,9.24,3.13,5.77,58.08,140.83,2.17,17.81,2.03,3.56,9,0,0,175,-671,-740,325,383.331,270.029,2528.182,-1767.905999999999,0,17.930000000000007,-974.0699999999999,-4516.07,2,1,2797080,385.445,244.766,17.15,453,4499,4956,,403.14,-133.34600000000006,3257.486,3289.703,52.17,78.57,61.5,112.7,false,false,5.28,17.87,中期趨勢仍向下；20日趨勢尚未上彎；高波動且5日漲幅過大
242,3592,瑞鼎,TWSE,半導體業,暫不承接,降低部位,停止加碼；反彈未站回恢復區時分批減碼,每個交易日收盤後，確認是否站回恢復區,已有部位先停止加碼。反彈若仍未站回 250.27，分批降低部位；只有站回且ETF／外資賣壓收斂後才重新評估。,48,54.8,53.3,85,100,完整,244,244,18.59,4.99,5.23,47.33,188.43,8.35,14.36,1.63,5.97,6,-12,-12,-115,-67,-464,-99,104.332,-90.96900000000002,-63.965,102.92699999999991,-12,-115,-67,-502.93100000000004,0,3,-28117500,-10.035,-1.1889999999999992,15.58,147,545,1639,,114.321,34.066,4.223999999999991,647.0719999999997,49.09,81.41,70.34,103.56,false,false,0.69,4.95,中期趨勢仍向下；ETF短中期同步減碼；ETF 1/3日已轉為減碼；主動ETF 5日轉為減碼；投信5/10日持續且具金額意義的賣超；20日趨勢尚未上彎
243,9939,宏全,TWSE,其他,暫不承接,降低部位,停止加碼；反彈未站回恢復區時分批減碼,每個交易日收盤後，確認是否站回恢復區,已有部位先停止加碼。反彈若仍未站回 132.73，分批降低部位；只有站回且ETF／外資賣壓收斂後才重新評估。,57.9,54.8,40.4,85,91,可用,144.5,144.5,12.13,3.43,13.21,59.36,103.23,2.25,16.02,2.25,4.29,7,-1,-1,-223,-223,-34,-216,1318.217,5023.245,7259.919999999999,10736.711,-1,-221,-215,336.983,0,3,-31934500,53.288000000000004,-9.387,16.84,1276,6765,8614,,1292.04,5190.956999999999,7484.306999999999,10257.046,76.82,87.65,77.65,107.67,false,false,8.86,12.45,ETF短中期同步減碼；ETF 1/3日已轉為減碼；主動ETF 5日轉為減碼；投信5/10日持續且具金額意義的賣超；短線過熱或乖離過大
244,6271,同欣電,TWSE,半導體業,暫不承接,降低部位,停止加碼；反彈未站回恢復區時分批減碼,每個交易日收盤後，確認是否站回恢復區,已有部位先停止加碼。反彈若仍未站回 207.46，分批降低部位；只有站回且ETF／外資賣壓收斂後才重新評估。,49.6,54.6,63.2,85,100,完整,197,197,10.56,1.65,16.16,24.15,259.54,4.37,21.77,1.49,1.55,3,0,0,0,-955,-1018,0,1198.412,-2756.884,-7777.886000000001,-5748.380000000001,750,750,-2154,-3827,1,0,145125000,-52.58400000000006,-0.04000000000005244,28.51,893,-5933,-5088,,597.2,-3454.2999999999997,-5623.846,-1117.984,48.86,77.48,60.66,111.13,false,false,1.65,17.26,中期趨勢仍向下；外資持股5/10日下降，且外資5日賣超；20日趨勢尚未上彎；高波動且5日漲幅過大
245,2327,國巨*,TWSE,電子零組件業,暫不承接,降低部位,停止加碼；反彈未站回恢復區時分批減碼,每個交易日收盤後，確認是否站回恢復區,已有部位先停止加碼。反彈若仍未站回 680.79，分批降低部位；只有站回且ETF／外資賣壓收斂後才重新評估。,46.1,54.6,51.3,85,87.4,可用,573,573,38.91,29.35,25.19,57.9,116.8,3.9,42.52,6.65,1.11,42,-207,-94,1101,-1109,-2892,1128,-10721.046,-25798.365,-32180.869,-59226.907999999996,-1516,-331.3199999999996,-13451.327,-28511.993,2,3,-178912800,-1240.025,-2387.673,47.53,-9051,-14394,-30466,,-9347.045,-24227.019999999997,-16341.868999999993,-26094.283999999992,40.3,54.19,41.01,80.56,false,false,-9.39,3.8,中期趨勢仍向下；ETF 1/3日已轉為減碼；投信5/10日持續且具金額意義的賣超；外資持股趨勢資料不足或期間有非市場異動；20日趨勢尚未上彎；當下除權息調整價未守20日EMA；借券賣出與借券賣出餘額壓力升高
246,2406,國碩,TWSE,光電業,暫不承接,降低部位,停止加碼；反彈未站回恢復區時分批減碼,每個交易日收盤後，確認是否站回恢復區,已有部位先停止加碼。反彈若仍未站回 33.86，分批降低部位；只有站回且ETF／外資賣壓收斂後才重新評估。,47.7,54.6,50.5,85,71,可用,31.95,31.95,63,133.5,10.29,48.86,198.09,0.27,,3.01,,1,0,-22,-20,27,952,0,-25.766,-1137.712,-8542.571,-29236.543,0,-20,27,952,1,2,-627000,-125.774,-82.183,9.9,-104,-12264,-18466,,-29.85,-991.938,-8487.388,-30300.715999999997,46.37,64.6,54.21,85.37,false,false,-1.95,3.4,中期趨勢仍向下；外資持股5/10日下降，且外資5日賣超；20日趨勢尚未上彎；當下除權息調整價未守20日EMA
247,2645,長榮航太,TWSE,航運業,暫不承接,降低部位,停止加碼；反彈未站回恢復區時分批減碼,每個交易日收盤後，確認是否站回恢復區,已有部位先停止加碼。反彈若仍未站回 195.61，分批降低部位；只有站回且ETF／外資賣壓收斂後才重新評估。,52.5,54.4,51.2,85,90.5,可用,189.5,189.5,13.01,12.44,23.83,48.63,239.47,2.58,29.47,5.71,2.59,5,5,-24,-146,-19,-376,-145,-105.511,285.77400000000006,1511.504,773.2569999999996,-145,-291,-844,-4260,0,4,-56163000,-20.714999999999996,41.18000000000001,10.96,50,2185,6938,,42.141,597.489,2314.324,5228.939999999999,45.86,61.29,50.36,83.16,false,false,-3.12,2.71,ETF短中期同步減碼；主動ETF 5日轉為減碼；投信5/10日持續且具金額意義的賣超；20日趨勢尚未上彎；當下除權息調整價未守20日EMA
248,6415,矽力*-KY,TWSE,半導體業,暫不承接,降低部位,停止加碼；反彈未站回恢復區時分批減碼,每個交易日收盤後，確認是否站回恢復區,已有部位先停止加碼。反彈若仍未站回 479.57，分批降低部位；只有站回且ETF／外資賣壓收斂後才重新評估。,54.5,54.2,58.4,85,90.7,可用,465,465,37.77,25.54,8.03,16.19,578.28,1.98,59.34,4.5,0.58,15,-16,-306,-336,-503,-821,-394,577.475,1136.6589999999999,1632.277,-1355.8579999999997,-16,-1081,-4644.64,-7295.64,0,5,-477261500,-24.435999999999996,-233.51600000000002,81.11,646,5801,4786,,620.439,2242.0950000000003,6510.433,6295.631000000001,49.47,72.86,57.18,104.22,false,false,2.02,9.54,中期趨勢仍向下；ETF短中期同步減碼；ETF 1/3日已轉為減碼；主動ETF 5日轉為減碼；投信5/10日持續且具金額意義的賣超；20日趨勢尚未上彎；單季稅前獲利對營業外貢獻依賴偏高
249,2353,宏碁,TWSE,電腦及週邊設備業,暫不承接,降低部位,停止加碼；反彈未站回恢復區時分批減碼,每個交易日收盤後，確認是否站回恢復區,已有部位先停止加碼。反彈若仍未站回 31.02，分批降低部位；只有站回且ETF／外資賣壓收斂後才重新評估。,58.1,54,43.9,85,100,完整,31,31,-3.02,23.35,1.64,67.67,121.95,0.96,18.01,1.18,4.3,16,117,56,-1576,-20,-15651,257,-1982.775,4991.356999999999,6111.766999999998,26264.958999999995,122.371,-1522.111,-1208.42,-21111.557999999997,3,2,-46043858,-869.9189999999999,-184.9539999999999,12.96,1001,14008,27757,,-2280.782,7383.386999999999,7505.141,42986.007999999994,53.03,74.43,58.14,107,false,false,2.61,7.64,中期趨勢仍向下；ETF短中期同步減碼；20日趨勢尚未上彎；單季稅前獲利對營業外貢獻依賴偏高
250,3090,日電貿,TWSE,電子零組件業,暫不承接,降低部位,停止加碼；反彈未站回恢復區時分批減碼,每個交易日收盤後，確認是否站回恢復區,已有部位先停止加碼。反彈若仍未站回 195.91，分批降低部位；只有站回且ETF／外資賣壓收斂後才重新評估。,37.7,54,66.6,85,100,完整,161,161,32.37,22.69,12.12,30.9,156.34,4.91,19.93,2.33,3.19,6,0,-99,-173,-161,345,-175,-2153.563,-10106.044,-12683.037,-11851.025999999998,0,-2931,-5294,-18758,1,2,-441115500,-307.97099999999995,-153.55599999999995,11.69,-2352,-6466,1522,,-2102.426,-6867.073,-7235.481,7152.933,41.85,72.77,52.86,112.58,false,false,-6.45,17.09,中期趨勢仍向下；ETF短中期同步減碼；20日累積後5日轉為調節；主動ETF 5日轉為減碼；20日趨勢尚未上彎；當下除權息調整價未守20日EMA；高波動且5日漲幅過大；融資增幅與短線漲幅同步偏高
251,1513,中興電,TWSE,電機機械,暫不承接,降低部位,停止加碼；反彈未站回恢復區時分批減碼,每個交易日收盤後，確認是否站回恢復區,已有部位先停止加碼。反彈若仍未站回 163.07，分批降低部位；只有站回且ETF／外資賣壓收斂後才重新評估。,49.6,53.6,49.4,85,91,可用,159.5,159.5,8.31,3.48,18.54,55.13,111.04,1.94,19.14,3.61,3.81,11,-1,-48,-175,10,-2746,-154,-179.097,2162.2259999999997,534.1439999999992,260.80299999999943,0,-166.625,-175.12,-3826.2570000000005,0,3,-26243437,-114.323,-476.065,10.47,-152,-370,2807,,-145.021,2443.174,1185.3290000000002,3776.2960000000003,47.72,72.07,61.2,93.8,false,false,-0.22,2.57,中期趨勢仍向下；ETF 1/3日已轉為減碼；主動ETF 5日轉為減碼；投信5/10日持續且具金額意義的賣超；20日趨勢尚未上彎；當下除權息調整價未守20日EMA
252,2543,皇昌,TWSE,建材營造,暫不承接,保護持有,今天不新增部位；未完成確認前不機械式賣出,下一交易日收盤，確認是否收復防守區,已有部位暫停加碼；若收盤跌破60日EMA約 41.77，且下一交易日仍未收復，先減碼三分之一；若ETF或外資繼續轉弱，再分批降低部位。,55.8,53.6,45.1,85,91,可用,38.9,38.9,105.33,54.81,9.02,50.36,105.92,0.37,15.83,2.07,3.9,1,0,0,0,0,0,0,410.024,654.322,1968.572,3349.9919999999997,0,2,9,11,1,0,78500,-74.65,-35.15700000000002,1.66,444,842,1009,,408.65,726.972,1994.729,3378.4879999999994,50.36,54.45,41.78,79.79,false,false,1.34,3.87,中期趨勢仍向下；20日趨勢尚未上彎
253,8926,台汽電,TWSE,油電燃氣業,暫不承接,降低部位,停止加碼；反彈未站回恢復區時分批減碼,每個交易日收盤後，確認是否站回恢復區,已有部位先停止加碼。反彈若仍未站回 64.82，分批降低部位；只有站回且ETF／外資賣壓收斂後才重新評估。,39.8,53.3,50.4,85,91,可用,57,57,1719.48,712.57,8.45,63.98,169.34,2.11,15.2,2.6,3.42,5,0,1,-4,14,275,0,-2832.339,-6806.6230000000005,-11512.104000000001,-19435.828,0,-0.7250000000000001,34.691,295.196,1,1,-44950,-174.42200000000003,-109.56500000000003,7.54,-2426,-8403,-9387,,-2849.012,-6631.476000000001,-11437.230000000001,-19611.063,31.18,42.46,43.07,41.24,false,true,-10.75,-7.77,中期趨勢仍向下；20日累積後5日轉為調節；外資持股5/10日下降，且外資5日賣超；20日趨勢尚未上彎；當下除權息調整價未守20日EMA
254,3673,TPK-KY,TWSE,光電業,暫不承接,保護持有,今天不新增部位；未完成確認前不機械式賣出,下一交易日收盤，確認是否收復防守區,已有部位暫停加碼；若收盤跌破60日EMA約 67.85，且下一交易日仍未收復，先減碼三分之一；若ETF或外資繼續轉弱，再分批降低部位。,52.3,53.3,55.6,85,71,可用,63.3,63.3,7.03,14.87,-0.32,47.04,216.68,1.33,16.59,0.61,2.98,1,0,0,0,4,129,0,-717.707,668.758,2833.978,893.4649999999998,0,0,4,129,0,0,0,160.217,-318.69,38.59,-882,4941,6816,,-740.135,508.541,3148.668,1786.826,47.15,77.32,60.3,111.37,false,false,0.09,9.71,中期趨勢仍向下；20日趨勢尚未上彎；單季稅前獲利對營業外貢獻依賴偏高
255,2489,瑞軒,TWSE,光電業,暫不承接,保護持有,今天不新增部位；未完成確認前不機械式賣出,下一交易日收盤，確認是否收復防守區,已有部位暫停加碼；若收盤跌破60日EMA約 36.66，且下一交易日仍未收復，先減碼三分之一；若ETF或外資繼續轉弱，再分批降低部位。,53.6,53.2,54.1,85,79.9,可用,33.4,33.4,23.43,12.6,1.07,40.71,197.42,0.15,28.3,1.45,3.89,3,15,15,15,35,46,0,-1109.286,-10019.086,-5041.5329999999985,5725.255000000001,15,18.05,-3756.95,-3743.95,3,1,556843,173.732,-57.71700000000001,5.61,-1057,-15,3314,,-1154.835,-10210.868,-1226.866,9606.254,50.49,79.23,62.82,112.04,false,false,4.42,19.71,中期趨勢仍向下；20日趨勢尚未上彎；高波動且5日漲幅過大
256,1802,台玻,TWSE,玻璃陶瓷,暫不承接,降低部位,停止加碼；反彈未站回恢復區時分批減碼,每個交易日收盤後，確認是否站回恢復區,已有部位先停止加碼。反彈若仍未站回 59.56，分批降低部位；只有站回且ETF／外資賣壓收斂後才重新評估。,58.1,53.1,38.5,85,91,可用,54.7,54.7,27,11.68,7.88,42.7,141.11,0.2,408.46,3.11,,7,0,1,1,2,-1159,0,-2718.099,-4150.785,-863.1219999999998,-39986.911,0,8,-136,-2071,1,0,424800,-415.11899999999997,-715.221,4.8,-3090,-2506,-12844,,-2942.485,-3743.6659999999997,-11.901000000000295,-41684.097,48.35,74.99,59.2,106.58,false,false,1.15,15.04,中期趨勢仍向下；外資持股5/10日下降，且外資5日賣超；20日趨勢尚未上彎；高波動且5日漲幅過大
257,5269,祥碩,TWSE,半導體業,暫不承接,降低部位,停止加碼；反彈未站回恢復區時分批減碼,每個交易日收盤後，確認是否站回恢復區,"已有部位先停止加碼。反彈若仍未站回 1,413.30，分批降低部位；只有站回且ETF／外資賣壓收斂後才重新評估。",50.8,53.1,69.4,85,91,可用,1400,1400,-22.41,5.4,23.09,10.61,299.01,24.85,17.18,2.81,3.24,17,-9,-73,-72,-27,550,-38,24.646,413.73699999999997,1101.401,2049.3039999999996,-9,-60,-14.774999999999999,553.225,2,2,-84000000,11.092999999999996,-130.881,9.15,-9,1314,1000,,33.816,462.644,1247.057,1732.733,47.82,53.61,46.84,67.13,false,false,-0.62,4.48,中期趨勢仍向下；ETF短中期同步減碼；20日累積後5日轉為調節；ETF 1/3日已轉為減碼；主動ETF 5日轉為減碼；20日趨勢尚未上彎；當下除權息調整價未守20日EMA；單季稅前獲利對營業外貢獻依賴偏高
258,5871,中租-KY,TWSE,其他,暫不承接,降低部位,停止加碼；反彈未站回恢復區時分批減碼,每個交易日收盤後，確認是否站回恢復區,已有部位先停止加碼。反彈若仍未站回 113.03，分批降低部位；只有站回且ETF／外資賣壓收斂後才重新評估。,44.2,53.1,60.4,85,91,可用,109,109,-0.82,-2,30.94,79.13,112.36,3.26,10.21,1.07,5.5,30,29,-503,-1504,3851,21368,-1484,-273.493,-4832.387,13196.675,41865.64400000001,-13,-1558.943,-113.07600000000002,17313.697,1,4,-169924787,-542.712,-582.185,45.03,-1526,11535,24767,,-281.175,-2730.732,13891.936,23891.870999999996,37.66,12.26,17.32,2.15,false,false,-3.56,-3.54,累計營收負成長且當月改善不足；中期趨勢仍向下；20日累積後5日轉為調節；主動ETF 5日轉為減碼；投信5/10日持續且具金額意義的賣超；20日趨勢尚未上彎；當下除權息調整價未守20日EMA
259,1514,亞力,TWSE,電機機械,暫不承接,降低部位,停止加碼；反彈未站回恢復區時分批減碼,每個交易日收盤後，確認是否站回恢復區,已有部位先停止加碼。反彈若仍未站回 110.37，分批降低部位；只有站回且ETF／外資賣壓收斂後才重新評估。,50.1,53,47.9,85,91,可用,102,102,39.69,16.03,8.36,50.13,195.66,0.73,29.1,4.13,2.2,2,0,0,0,1,1,0,-245.079,-230.885,-234.62900000000002,-4664.387999999999,0,0,3,4,0,0,0,-39.196,-61.369,12.79,-156,-3539,-3589,,-244.85,-191.68900000000002,-176.26000000000002,-4431.149,44.68,74.16,59.62,103.25,false,false,-1.37,3.34,中期趨勢仍向下；外資持股5/10日下降，且外資5日賣超；20日趨勢尚未上彎；當下除權息調整價未守20日EMA
260,4915,致伸,TWSE,電子零組件業,暫不承接,降低部位,停止加碼；反彈未站回恢復區時分批減碼,每個交易日收盤後，確認是否站回恢復區,已有部位先停止加碼。反彈若仍未站回 68.40，分批降低部位；只有站回且ETF／外資賣壓收斂後才重新評估。,43,52.8,56.7,85,100,完整,60.7,60.7,27.58,12.84,4.03,62.65,127.13,2.55,12.02,1.38,7.68,11,8,8,-2,1972,-599,0,-2569.155,-4003.299,-2160.8909999999996,-1564.6729999999995,8,-2,1972,-492.274,1,2,-119000,-93.041,-35.556,26.46,-1773,-3547,-911,,-2555.6,-3908.258,-4097.335,-1055.024,32.85,19.6,27.84,3.12,false,true,-5.71,-6.04,中期趨勢仍向下；外資持股5/10日下降，且外資5日賣超；20日趨勢尚未上彎；當下除權息調整價未守20日EMA
261,8028,昇陽半導體,TWSE,半導體業,暫不承接,降低部位,停止加碼；反彈未站回恢復區時分批減碼,每個交易日收盤後，確認是否站回恢復區,已有部位先停止加碼。反彈若仍未站回 283.06，分批降低部位；只有站回且ETF／外資賣壓收斂後才重新評估。,49.8,52.8,40.7,85,91,可用,264,264,33.62,28.4,25.5,57.58,129.28,1.61,56.19,8.39,1.06,5,0,0,42,43,128,42,-3003.622,-5105.835,-4593.726,-1146.1529999999998,-801,-912,-1892,-668,1,3,-231648000,-119.915,-115.15899999999999,25.5,-2191,-2683,770,,-2172.746,-4073.9200000000005,-2586.5670000000005,-168.2960000000012,44.47,49.68,41.83,65.39,false,false,-5.52,1.34,中期趨勢仍向下；投信5/10日持續且具金額意義的賣超；20日趨勢尚未上彎；當下除權息調整價未守20日EMA
262,2204,中華,TWSE,汽車工業,暫不承接,降低部位,停止加碼；反彈未站回恢復區時分批減碼,每個交易日收盤後，確認是否站回恢復區,已有部位先停止加碼。反彈若仍未站回 54.25，分批降低部位；只有站回且ETF／外資賣壓收斂後才重新評估。,44.4,52.7,62.4,85,91,可用,51.8,51.8,6.71,10.1,4.62,24.95,116.52,1.18,9.37,0.76,7.09,4,-695,-2350,-2880,-2892,-3134,-2855,664.314,-105.16499999999996,1888.7859999999998,-749.281,-695,-2876.623,-2877.569,-2954.2599999999998,0,5,-146132448,-290.108,-275.43300000000005,18.37,1088,5016,2616,,1351,3061.5660000000003,5041.788,2183.2599999999993,41.42,28.04,22.9,38.31,false,false,-1.99,0.58,中期趨勢仍向下；ETF短中期同步減碼；ETF 1/3日已轉為減碼；主動ETF 5日轉為減碼；投信5/10日持續且具金額意義的賣超；20日趨勢尚未上彎；當下除權息調整價未守20日EMA
263,2472,立隆電,TWSE,電子零組件業,暫不承接,降低部位,停止加碼；反彈未站回恢復區時分批減碼,每個交易日收盤後，確認是否站回恢復區,已有部位先停止加碼。反彈若仍未站回 284.78，分批降低部位；只有站回且ETF／外資賣壓收斂後才重新評估。,43.6,52.4,68.1,85,91,可用,240.5,240.5,36.2,18.17,18.68,21.92,353.68,1.6,26.53,3.93,1.53,7,-2,-887,-814,-719,-1084,-814,-167.9,-743.489,1692.4840000000002,6592.52,-2,-1561.14,-2598.1400000000003,-4739.14,1,4,-358281630,-37.059,-26.804999999999993,11.71,-144,3542,5990,,-142.464,854.7099999999999,4317.429,11603.065,40.47,60.74,45.05,92.12,false,false,-8.45,4.34,中期趨勢仍向下；ETF短中期同步減碼；ETF 1/3日已轉為減碼；主動ETF 5日轉為減碼；投信5/10日持續且具金額意義的賣超；20日趨勢尚未上彎；當下除權息調整價未守20日EMA
264,1504,東元,TWSE,電機機械,暫不承接,保護持有,今天不新增部位；未完成確認前不機械式賣出,下一交易日收盤，確認是否收復防守區,已有部位暫停加碼；若收盤跌破60日EMA約 68.22，且下一交易日仍未收復，先減碼三分之一；若ETF或外資繼續轉弱，再分批降低部位。,57.2,52.2,51.1,85,91,可用,67.2,67.2,0.15,5.92,8.28,36.63,211.34,0.51,29.33,1.84,3.03,10,-1,-6,-17,167,1386,0,-635.509,4164.868,770.4809999999991,-2139.1980000000003,-1,-7.455,62.769000000000005,-662.17,0,3,-492030,-466.293,-553.26,6.95,-377,1355,645,,-662.008,4638.616,1260.9720000000002,-698.6589999999997,51.1,77.61,64.63,103.56,false,false,1.34,2.91,中期趨勢仍向下；20日累積後5日轉為調節；ETF 1/3日已轉為減碼；20日趨勢尚未上彎
265,2633,台灣高鐵,TWSE,航運業,暫不承接,降低部位,停止加碼；反彈未站回恢復區時分批減碼,每個交易日收盤後，確認是否站回恢復區,已有部位先停止加碼。反彈若仍未站回 26.07，分批降低部位；只有站回且ETF／外資賣壓收斂後才重新評估。,43.9,52,45.9,85,100,完整,25.9,25.9,2.77,4.03,40.17,81.85,76.96,0.67,21.15,2.07,4.46,10,487,1445,-2045,-1527,3354,-3454,184.46,-10585.795,2606.266999999999,15909.954999999998,487,-2031,-1459,3418,3,2,-52399800,-846.102,-490.102,6.15,1463,4420,9397,,-160.293,-7708.692999999999,4555.369000000001,12986.739000000001,47.39,23.87,29.14,13.33,false,false,-0.33,0,中期趨勢仍向下；ETF短中期同步減碼；20日累積後5日轉為調節；主動ETF 5日轉為減碼；20日趨勢尚未上彎；當下除權息調整價未守20日EMA
266,3481,群創,TWSE,光電業,暫不承接,降低部位,停止加碼；反彈未站回恢復區時分批減碼,每個交易日收盤後，確認是否站回恢復區,已有部位先停止加碼。反彈若仍未站回 50.45，分批降低部位；只有站回且ETF／外資賣壓收斂後才重新評估。,53.2,51.9,44.8,85,90.2,可用,52.3,52.3,17.25,16.11,2.25,40.84,145.85,0.2,432.27,1.67,2.1,14,0,-140,-1221,-657,1460,-1078,-53919.385,-84105.02100000001,-7101.014000000003,-93545.21100000002,0,-1516.603,-1491.6840000000002,-76746.101,0,4,-72114473,-7668.96,-6138.511999999999,21.2,-51260,-24391,2606,,-51201.712,-74919.458,529.182000000008,5074.583000000004,51.6,76.68,58.34,113.37,false,false,3.67,14.19,ETF短中期同步減碼；20日累積後5日轉為調節；主動ETF 5日轉為減碼；投信5/10日持續且具金額意義的賣超；20日趨勢尚未上彎；高波動且5日漲幅過大；估值高且成長不足以支撐
267,2458,義隆,TWSE,半導體業,暫不承接,降低部位,停止加碼；反彈未站回恢復區時分批減碼,每個交易日收盤後，確認是否站回恢復區,已有部位先停止加碼。反彈若仍未站回 160.15，分批降低部位；只有站回且ETF／外資賣壓收斂後才重新評估。,42,51.7,59.5,85,91,可用,145.5,145.5,7.13,4.54,24.15,41.37,173.47,2.46,15.58,4.19,5,18,-216,-205,-452,-272,1125,-102,-2608.231,-6387.311000000001,-6302.795,-3927.1469999999995,-554.227,-788.0559999999999,-601.0559999999999,2035.102,1,4,-111509924,-186.39100000000002,-350.451,21.34,-1752,-4531,-3081,,-2004.34,-5412.864000000001,-5351.288000000001,-5354.808000000002,38.2,23.64,26.88,17.14,false,true,-8.22,-7.03,中期趨勢仍向下；ETF短中期同步減碼；20日累積後5日轉為調節；ETF 1/3日已轉為減碼；主動ETF 5日轉為減碼；投信5/10日持續且具金額意義的賣超；外資持股5/10日下降，且外資5日賣超；20日趨勢尚未上彎；當下除權息調整價未守20日EMA
268,3550,聯穎,TWSE,電子零組件業,暫不承接,降低部位,停止加碼；反彈未站回恢復區時分批減碼,每個交易日收盤後，確認是否站回恢復區,已有部位先停止加碼。反彈若仍未站回 24.37，分批降低部位；只有站回且ETF／外資賣壓收斂後才重新評估。,50.6,51.7,40.2,85,71,可用,23.7,23.7,38.08,27.35,1.97,60.89,163.11,0.21,,1.58,,1,0,-6,-5,7,254,0,-96.609,-1145.707,-1263.7329999999997,-238.61099999999988,0,-5,7,254,1,2,-122750,-41.292,-7.338000000000002,7.08,-73,-1617,-2075,,-104.946,-1099.415,-1263.395,-499.39800000000014,49.72,77.48,63.26,105.91,false,false,2.18,13.4,中期趨勢仍向下；外資持股5/10日下降，且外資5日賣超；20日趨勢尚未上彎；高波動且5日漲幅過大
269,2731,雄獅,TWSE,觀光餐旅,暫不承接,降低部位,停止加碼；反彈未站回恢復區時分批減碼,每個交易日收盤後，確認是否站回恢復區,已有部位先停止加碼。反彈若仍未站回 151.10，分批降低部位；只有站回且ETF／外資賣壓收斂後才重新評估。,43.5,51.6,55.1,85,91,可用,145.5,145.5,-0.46,9.79,5.1,59.31,150.1,4.17,8.48,2.53,8.83,2,0,0,-2,3,8,0,-149.156,-1037.1370000000002,-291.46100000000024,-461.7440000000002,0,-2.307,2.2900000000000005,7.465,0,1,-334515,-34.503,-17.023999999999997,8.82,-116,-296,-406,,-144,-1000.327,-276.727,-434.98699999999997,45.25,55.76,58.05,51.16,false,true,-0.37,-0.68,中期趨勢仍向下；20日累積後5日轉為調節；外資持股5/10日下降，且外資5日賣超；20日趨勢尚未上彎；當下除權息調整價未守20日EMA
270,6155,鈞寶,TWSE,電子零組件業,暫不承接,保護持有,今天不新增部位；未完成確認前不機械式賣出,下一交易日收盤，確認是否收復防守區,已有部位暫停加碼；若收盤跌破60日EMA約 63.49，且下一交易日仍未收復，先減碼三分之一；若ETF或外資繼續轉弱，再分批降低部位。,45.9,51.1,58.7,85,71,可用,53.2,53.2,47.94,19.79,7.21,24.97,198.5,0.18,106.6,2.92,1.5,1,0,-5,1,5,195,0,-44.031,-267.776,185.62500000000003,1432.0990000000002,0,1,5,195,2,1,53300,-14.73,8.270000000000003,9.86,-46,339,580,,-44,-254.046,172.35500000000005,1234.099,37.18,64.99,54.67,85.64,false,false,-8.42,-0.56,中期趨勢仍向下；20日趨勢尚未上彎；當下除權息調整價未守20日EMA
271,2478,大毅,TWSE,電子零組件業,暫不承接,降低部位,停止加碼；反彈未站回恢復區時分批減碼,每個交易日收盤後，確認是否站回恢復區,已有部位先停止加碼。反彈若仍未站回 141.35，分批降低部位；只有站回且ETF／外資賣壓收斂後才重新評估。,36.9,51,65.4,85,91,可用,122,122,35.76,15.27,13.1,29.06,276.11,1.14,30.73,2.24,1.75,2,0,-8,-259,-242,128,-252,-416.925,-684.269,-556.4789999999998,1079.6150000000002,0,-259,-242,128,0,3,-29526000,-23.901000000000003,-34.771,19.98,-535,-596,348,,-417.822,-401.36799999999994,-279.70799999999997,1019.8769999999997,42.13,59.54,45.14,88.32,false,false,-7.86,3.39,中期趨勢仍向下；ETF短中期同步減碼；20日累積後5日轉為調節；主動ETF 5日轉為減碼；投信5/10日持續且具金額意義的賣超；20日趨勢尚未上彎；當下除權息調整價未守20日EMA
272,3059,華晶科,TWSE,光電業,暫不承接,保護持有,今天不新增部位；未完成確認前不機械式賣出,下一交易日收盤，確認是否收復防守區,已有部位暫停加碼；若收盤跌破60日EMA約 42.65，且下一交易日仍未收復，先減碼三分之一；若ETF或外資繼續轉弱，再分批降低部位。,48.9,50.9,57.2,85,100,完整,40.8,40.8,3.02,7.47,6.46,35.86,200.37,0.64,32.64,1.24,2.49,2,0,0,0,0,0,0,9.759,745.421,1445.846,3517.2880000000005,0,0,0,0,0,0,0,-83.045,-248.04200000000003,8.45,35,2050,2923,,15,828.466,1693.888,4603.226000000001,46.44,76.41,58.66,111.92,false,false,-0.28,6.39,中期趨勢仍向下；20日趨勢尚未上彎；當下除權息調整價未守20日EMA
273,3045,台灣大,TWSE,通信網路業,暫不承接,保護持有,今天不新增部位；未完成確認前不機械式賣出,下一交易日收盤，確認是否收復防守區,已有部位暫停加碼；若收盤跌破60日EMA約 113.00，且下一交易日仍未收復，先減碼三分之一；若ETF或外資繼續轉弱，再分批降低部位。,47.7,50.8,47.8,85,91,可用,110.5,110.5,6.57,3.74,11.92,57.77,54.69,1.37,22.62,3.71,4.25,37,64,-241,-1793,2998,-5586,-1723,1838.459,-3684.141,27154.318,96940.30900000001,105.063,-1725.467,606.4089999999999,-13222.602,2,3,-192389570,-153.62099999999998,1420.7620000000002,16.42,1730,38962,81570,,1724.407,-1805.0529999999999,25127.147,105156.611,40.3,22.65,30.11,7.73,false,false,-1.48,-1.34,中期趨勢仍向下；主動ETF 5日轉為減碼；20日趨勢尚未上彎；當下除權息調整價未守20日EMA
274,1210,大成,TWSE,食品工業,暫不承接,降低部位,停止加碼；反彈未站回恢復區時分批減碼,每個交易日收盤後，確認是否站回恢復區,已有部位先停止加碼。反彈若仍未站回 55.89，分批降低部位；只有站回且ETF／外資賣壓收斂後才重新評估。,47.5,50.6,48.2,85,91,可用,53.2,53.2,12.17,6.36,4.39,55.28,83.22,0.94,12.49,1.75,5.69,6,200,1147,1145,1374,2507,1147,-209.966,-5320.661,-6992.615000000001,-3271.483,200,1150,1401,2532,3,0,60605000,-833.468,-502.69499999999994,7.35,-1588,-9265,-8866,,55,-5637.193,-7890.92,-7818.750999999998,32.53,15.66,18.24,10.51,false,false,-4.82,-5,中期趨勢仍向下；外資持股5/10日下降，且外資5日賣超；20日趨勢尚未上彎；當下除權息調整價未守20日EMA
275,3661,世芯-KY,TWSE,半導體業,暫不承接,保護持有,今天不新增部位；未完成確認前不機械式賣出,下一交易日收盤，確認是否收復防守區,"已有部位暫停加碼；若收盤跌破60日EMA約 3,815.74，且下一交易日仍未收復，先減碼三分之一；若ETF或外資繼續轉弱，再分批降低部位。",55.6,50.5,55.4,85,88,可用,3800,3800,15.39,-39.74,32.66,27.06,344.81,17.55,54.45,7.02,0.92,24,-15,-43,-35,53,206,-30,-30.247,467.13700000000006,-940.663,-2608.6400000000003,-13,12,-34.672,-314.576,4,1,44580000,126.74499999999999,138.69099999999997,49.97,2,-1534,-1929,,-40.023,328.39200000000005,-1044.6819999999998,-2260.2339999999995,54.57,81.71,67.76,109.61,false,false,6.92,16.92,中期趨勢仍向下；20日累積後5日轉為調節；ETF 1/3日已轉為減碼；主動ETF 5日轉為減碼；外資持股趨勢資料不足或期間有非市場異動；20日趨勢尚未上彎；高波動且5日漲幅過大
276,1402,遠東新,TWSE,紡織纖維,暫不承接,降低部位,停止加碼；反彈未站回恢復區時分批減碼,每個交易日收盤後，確認是否站回恢復區,已有部位先停止加碼。反彈若仍未站回 27.35，分批降低部位；只有站回且ETF／外資賣壓收斂後才重新評估。,52.2,50.4,42.8,85,91,可用,27.25,27.25,12.06,5.35,7.99,52.4,105.62,0.61,17.08,0.63,4.55,14,120,248,-3757,-1252,13078,-3788,14320.275,33872.924,65244.48499999999,164785.883,120,-3736.318,-1149.2110000000002,13175.004,3,2,-102748745,-1274.7839999999999,-535.177,16.26,13762,91132,135308,,14004.021,38884.026,66928.873,150709.54200000002,48.61,49.43,41.64,65.01,true,false,-0.18,1.3,中期趨勢仍向下；ETF短中期同步減碼；20日累積後5日轉為調節；主動ETF 5日轉為減碼；20日趨勢尚未上彎；當下除權息調整價未守20日EMA
277,2355,敬鵬,TWSE,電子零組件業,暫不承接,保護持有,今天不新增部位；未完成確認前不機械式賣出,下一交易日收盤，確認是否收復防守區,已有部位暫停加碼；若收盤跌破60日EMA約 47.48，且下一交易日仍未收復，先減碼三分之一；若ETF或外資繼續轉弱，再分批降低部位。,48.1,50.4,61.2,85,91,可用,42.05,42.05,4.44,4.61,4.8,27.67,241.35,0.62,23.93,0.91,2.47,1,0,0,0,0,-594,0,-330.481,287.553,1182.3579999999997,3870.4389999999994,0,0,0,-594,0,0,0,88.10499999999999,-251.27800000000002,17.56,52,7352,9028,,-310,199.44799999999998,1433.6359999999997,5637.051,45.62,81.52,62.39,119.79,false,false,-0.24,9.93,中期趨勢仍向下；20日趨勢尚未上彎；當下除權息調整價未守20日EMA
278,2329,華泰,TWSE,半導體業,暫不承接,保護持有,今天不新增部位；未完成確認前不機械式賣出,下一交易日收盤，確認是否收復防守區,已有部位暫停加碼；若收盤跌破60日EMA約 49.57，且下一交易日仍未收復，先減碼三分之一；若ETF或外資繼續轉弱，再分批降低部位。,49.1,50.2,48.2,85,100,完整,44.85,44.85,3.62,10.66,5.98,38.44,141.36,0.96,19.64,1.77,2.27,4,12,12,12,21,337,0,-178.299,2051.3540000000003,771.5690000000004,-9551.275999999998,12,12,21,337,1,0,528000,-153.142,-343.594,9.31,-330,-1073,-2861,,-177.97,2192.496,1094.163,-8562.262,46.75,78.64,60.91,114.09,false,false,-0.24,5.9,中期趨勢仍向下；ETF加碼，但外資持股5/10日同步下降；20日趨勢尚未上彎；當下除權息調整價未守20日EMA
279,2439,美律,TWSE,通信網路業,暫不承接,降低部位,停止加碼；反彈未站回恢復區時分批減碼,每個交易日收盤後，確認是否站回恢復區,已有部位先停止加碼。反彈若仍未站回 86.17，分批降低部位；只有站回且ETF／外資賣壓收斂後才重新評估。,46.1,50.2,52.7,85,100,完整,82.3,82.3,0.15,11.89,0.98,54.44,163.73,1.54,14.64,1.19,4.99,6,1,-1,-4,-3,-15,0,-426.885,-2596.1050000000005,-4111.715000000001,-8665.849000000002,1.374,-3.653,-2.653,-15.155,1,2,-292971,64.849,-76.281,9.71,-317,-3604,-3926,,-414.241,-2657.301,-4032.7809999999995,-8079.406,43.72,47.95,35.3,73.26,false,false,-0.74,1.98,中期趨勢仍向下；ETF短中期同步減碼；外資持股5/10日下降，且外資5日賣超；20日趨勢尚未上彎；當下除權息調整價未守20日EMA；單季稅前獲利對營業外貢獻依賴偏高
280,4764,雙鍵,TWSE,化學工業,暫不承接,降低部位,停止加碼；反彈未站回恢復區時分批減碼,每個交易日收盤後，確認是否站回恢復區,已有部位先停止加碼。反彈若仍未站回 276.27，分批降低部位；只有站回且ETF／外資賣壓收斂後才重新評估。,44.5,50,42.2,85,91,可用,232,232,22.36,26.34,14.65,51.67,136.61,1.03,125.8,8.35,0.42,2,-26,-26,170,170,170,170,-671.068,-1380.443,-102.73399999999998,2575.1330000000003,-528,-832,668,3955,2,2,-196768000,-20.281,-153.155,25.91,-136,-622,-1261,,-134.95,-528.162,-617.5790000000002,-1205.0610000000001,38.56,21.96,26.82,12.26,false,true,-14.26,-11.79,中期趨勢仍向下；ETF 1/3日已轉為減碼；外資持股5/10日下降，且外資5日賣超；20日趨勢尚未上彎；當下除權息調整價未守20日EMA；估值高且成長不足以支撐
281,6831,邁科,TWSE,電腦及週邊設備業,暫不承接,降低部位,停止加碼；反彈未站回恢復區時分批減碼,每個交易日收盤後，確認是否站回恢復區,已有部位先停止加碼。反彈若仍未站回 656.52，分批降低部位；只有站回且ETF／外資賣壓收斂後才重新評估。,56.5,49.9,41.5,85,91,可用,619,619,29.3,18.23,6.55,47.68,164.08,0.66,129.47,16.07,0.47,5,0,-26,624,596,604,624,-162.39,-294.75499999999994,-502.154,-1742.1150000000002,0,469,189,-572,4,0,298753000,-59.309000000000005,-51.00299999999999,14.9,-93,-709,-1049,,-139.689,-704.446,-640.1510000000001,-1137.0720000000001,47.21,66.68,56.89,86.25,false,false,-1.89,9.56,中期趨勢仍向下；外資持股5/10日下降，且外資5日賣超；20日趨勢尚未上彎；當下除權息調整價未守20日EMA
282,2481,強茂,TWSE,半導體業,暫不承接,降低部位,停止加碼；反彈未站回恢復區時分批減碼,每個交易日收盤後，確認是否站回恢復區,已有部位先停止加碼。反彈若仍未站回 147.09，分批降低部位；只有站回且ETF／外資賣壓收斂後才重新評估。,46.1,49.7,42.5,85,91,可用,137.5,137.5,27.37,13.98,6.5,48.21,180.12,0.75,42.22,3.51,1.35,4,0,-154,-78,791,535,-78,-1963.088,-7036.221,-14638.408999999998,-30226.15499999999,0,2505.05,-3747.95,-7653.95,2,2,333171650,55.58300000000001,-1231.212,18.68,-1846,-15751,-19413,,-1845.196,-9596.854,-9659.247000000003,-17707.228999999996,45.77,73.26,55.97,107.84,false,false,-3.16,6.59,中期趨勢仍向下；20日累積後5日轉為調節；主動ETF 5日轉為減碼；外資持股5/10日下降，且外資5日賣超；20日趨勢尚未上彎；當下除權息調整價未守20日EMA
283,1477,聚陽,TWSE,紡織纖維,暫不承接,降低部位,停止加碼；反彈未站回恢復區時分批減碼,每個交易日收盤後，確認是否站回恢復區,已有部位先停止加碼。反彈若仍未站回 224.02，分批降低部位；只有站回且ETF／外資賣壓收斂後才重新評估。,56.1,49.5,51.6,85,100,完整,222,222,0.53,-3.12,14.44,42.05,180.12,7.65,15.29,4.01,6.7,16,20,67,368,550,940,321,-504.721,-1970.554,-441.6060000000001,-2293.7329999999997,20,369.972,556.6179999999999,978.324,5,0,82873728,-122.16299999999998,-49.96399999999998,17.96,-1590,-2375,-3541,,-520.113,-2218.3630000000003,-948.2600000000002,-3177.058000000001,52.13,70.85,70.38,71.79,false,false,0.59,1.6,累計營收負成長且當月改善不足；中期趨勢仍向下；外資持股5/10日下降，且外資5日賣超；20日趨勢尚未上彎
284,2375,凱美,TWSE,電子零組件業,暫不承接,保護持有,今天不新增部位；未完成確認前不機械式賣出,下一交易日收盤，確認是否收復防守區,已有部位暫停加碼；若收盤跌破60日EMA約 144.63，且下一交易日仍未收復，先減碼三分之一；若ETF或外資繼續轉弱，再分批降低部位。,51.5,49.5,54.4,85,91,可用,124,124,18.39,8.62,6.01,33.33,175.11,0.78,35.71,1.28,1.02,3,0,-6,194,209,489,200,-17.657,91.03300000000013,1489.0270000000003,7070.253000000001,0,194,209,489,2,1,22795000,-20.876000000000012,-35.61600000000002,14.69,-217,930,3291,,23.61,-82.09100000000012,1315.6429999999998,6888.871999999999,39.62,56.78,42.42,85.49,false,false,-8.11,2.48,中期趨勢仍向下；20日趨勢尚未上彎；當下除權息調整價未守20日EMA
285,4958,臻鼎-KY,TWSE,電子零組件業,暫不承接,降低部位,停止加碼；反彈未站回恢復區時分批減碼,每個交易日收盤後，確認是否站回恢復區,已有部位先停止加碼。反彈若仍未站回 488.00，分批降低部位；只有站回且ETF／外資賣壓收斂後才重新評估。,50.6,49.2,46.5,85,91,可用,470.5,470.5,32.83,13.89,6.15,41.45,158.83,1.33,66.71,4.03,0.72,40,-947,-1018,-83,816,2327,-454,-5214.453,-13974.179,-7327.621999999997,-17579.58899999999,119,5950.97,3285.378,10155.208999999999,5,0,2814808810,106.37999999999994,1153.91,56.03,-5327,-27768,-41449,,-5465.78,-20031.529,-11766.91,-27322.699999999997,46.26,70.18,55.59,99.35,false,false,-2.75,11.63,中期趨勢仍向下；20日累積後5日轉為調節；ETF 1/3日已轉為減碼；主動ETF 5日轉為減碼；外資持股5/10日下降，且外資5日賣超；20日趨勢尚未上彎；當下除權息調整價未守20日EMA；高波動且5日漲幅過大；融資增幅與短線漲幅同步偏高
286,9938,百和,TWSE,其他,暫不承接,降低部位,停止加碼；反彈未站回恢復區時分批減碼,每個交易日收盤後，確認是否站回恢復區,已有部位先停止加碼。反彈若仍未站回 45.21，分批降低部位；只有站回且ETF／外資賣壓收斂後才重新評估。,37,49.1,59.4,85,91,可用,42,42,21.21,0.03,12.89,53.72,118.79,0.87,12.24,0.97,7.13,4,-338,-1040,-1530,-1542,-1575,-1505,-620.02,-3834.0350000000003,-5893.2,-7385.759999999999,-338,-1529.397,-1542.3049999999998,-1272.7579999999998,1,4,-64387614,-399.29200000000003,-337.3280000000001,7.72,-29,-2684,-4305,,-250.318,-1905.346,-4013.567,-6530.024,30.35,7.24,15.21,-8.68,false,false,-5.8,-8.5,中期趨勢仍向下；ETF短中期同步減碼；ETF 1/3日已轉為減碼；主動ETF 5日轉為減碼；投信5/10日持續且具金額意義的賣超；外資持股5/10日下降，且外資5日賣超；20日趨勢尚未上彎；當下除權息調整價未守20日EMA
287,2548,華固,TWSE,建材營造,暫不承接,降低部位,停止加碼；反彈未站回恢復區時分批減碼,每個交易日收盤後，確認是否站回恢復區,已有部位先停止加碼。反彈若仍未站回 100.97，分批降低部位；只有站回且ETF／外資賣壓收斂後才重新評估。,38.9,48.8,63.1,85,100,完整,93.8,93.8,-88.82,181.43,20.15,61.37,222.93,2.81,7.63,1.45,9,1,0,0,0,0,-96,0,-1161.836,-5029.6539999999995,-6337.303,-8072.450000000001,-35,-64,-58,-154,1,2,-6041600,-105.707,-84.078,15.12,-892,-4524,-3115,,-1151.199,-4859.946999999999,-6195.224999999999,-7497.334,36.3,15.08,28.9,-12.57,false,false,-3.34,-4.67,中期趨勢仍向下；外資持股5/10日下降，且外資5日賣超；20日趨勢尚未上彎；當下除權息調整價未守20日EMA
288,2369,菱生,TWSE,半導體業,暫不承接,保護持有,今天不新增部位；未完成確認前不機械式賣出,下一交易日收盤，確認是否收復防守區,已有部位暫停加碼；若收盤跌破60日EMA約 34.70，且下一交易日仍未收復，先減碼三分之一；若ETF或外資繼續轉弱，再分批降低部位。,49.1,48.7,41.8,85,91,可用,33.6,33.6,36.52,37.3,1.56,34.01,247.52,0.1,,2.56,,1,0,0,0,0,0,0,-86.857,4496.337,-3658.2569999999996,-23736.651999999995,0,0,0,0,0,0,0,-33.70099999999999,-358.037,15.2,-128,-6954,-11919,,-30.976,4530.038,-3300.2200000000003,-21801.852000000006,48.03,75.95,61.11,105.62,false,false,-0.6,5,中期趨勢仍向下；20日趨勢尚未上彎；當下除權息調整價未守20日EMA
289,1503,士電,TWSE,電機機械,暫不承接,保護持有,今天不新增部位；未完成確認前不機械式賣出,下一交易日收盤，確認是否收復防守區,已有部位暫停加碼；若收盤跌破60日EMA約 209.58，且下一交易日仍未收復，先減碼三分之一；若ETF或外資繼續轉弱，再分批降低部位。,50.7,48.6,50.1,85,91,可用,195.5,195.5,-10.58,10.27,16.05,35.72,150.79,2.79,28.84,2.66,2.58,8,0,-1,-2,2,1194,0,-284.027,293.794,-361.47999999999996,-2666.486,0,0,12.853,1203.853,1,2,0,-21.793,-79.94800000000001,30.18,-236,937,-253,,-277.404,315.587,-294.38499999999993,-3398.4199999999996,42.1,59.64,50.16,78.61,false,false,-2.83,0.26,中期趨勢仍向下；20日累積後5日轉為調節；20日趨勢尚未上彎；當下除權息調整價未守20日EMA
290,2402,毅嘉,TWSE,電子零組件業,暫不承接,降低部位,停止加碼；反彈未站回恢復區時分批減碼,每個交易日收盤後，確認是否站回恢復區,已有部位先停止加碼。反彈若仍未站回 60.73，分批降低部位；只有站回且ETF／外資賣壓收斂後才重新評估。,42.5,48.5,45.8,85,91,可用,55.5,55.5,21.7,16.07,2.87,55.67,145.67,0.07,27.74,2.34,3.7,1,0,-61,-61,-61,0,-61,-43.633,83.54499999999999,-94.336,-1610.3760000000004,0,-61,-61,0,0,1,-3300100,3.963000000000001,-216.33,5.09,224,1512,99,,-24,140.582,182.99399999999997,-827.7410000000001,44.33,68.6,52.43,100.92,false,false,-1.69,4.32,中期趨勢仍向下；ETF短中期同步減碼；主動ETF 5日轉為減碼；20日趨勢尚未上彎；當下除權息調整價未守20日EMA
291,2634,漢翔,TWSE,航運業,暫不承接,降低部位,停止加碼；反彈未站回恢復區時分批減碼,每個交易日收盤後，確認是否站回恢復區,已有部位先停止加碼。反彈若仍未站回 61.27，分批降低部位；只有站回且ETF／外資賣壓收斂後才重新評估。,55,48,31.3,85,82.8,可用,61,61,7.23,7.04,3.59,64.76,142.74,0.28,77.13,3.2,1.26,3,0,-846,-1517,-631,1123,-1475,6.825,1756.3669999999993,-11878.942000000001,588.668999999998,-2,-1514,-607,1144,1,4,-93413800,493.47800000000007,-1266.3609999999999,4.46,-921,6494,-3910,,-29.145,2776.888999999999,-10005.581000000002,2382.655999999999,51.04,45.88,38.66,60.32,false,false,-0.44,0.49,ETF短中期同步減碼；20日累積後5日轉為調節；主動ETF 5日轉為減碼；投信5/10日持續且具金額意義的賣超；當下除權息調整價未守20日EMA
292,3715,定穎投控,TWSE,電子零組件業,暫不承接,保護持有,今天不新增部位；未完成確認前不機械式賣出,下一交易日收盤，確認是否收復防守區,已有部位暫停加碼；若收盤跌破60日EMA約 143.09，且下一交易日仍未收復，先減碼三分之一；若ETF或外資繼續轉弱，再分批降低部位。,53,47.9,27.4,85,91,可用,125.5,125.5,45.48,36.23,2.32,72.15,133.12,-0.74,118.04,3.02,0.94,2,0,0,0,0,-428,0,201.417,-1190.0949999999998,3596.1180000000004,3327.8560000000007,0,-88,-208,-609,0,2,-10076000,149.75400000000002,-110.314,12.79,285,2288,6879,,289.342,-1251.8490000000002,3914.432,4696.943,49.85,76.19,55.39,117.78,false,false,4.51,20.1,中期趨勢仍向下；20日趨勢尚未上彎；短線過熱或乖離過大；高波動且5日漲幅過大
293,3596,智易,TWSE,通信網路業,暫不承接,降低部位,停止加碼；反彈未站回恢復區時分批減碼,每個交易日收盤後，確認是否站回恢復區,已有部位先停止加碼。反彈若仍未站回 183.86，分批降低部位；只有站回且ETF／外資賣壓收斂後才重新評估。,37.7,47.8,49.4,85,100,完整,174,174,3.96,1.92,6.57,69.48,125.16,6.5,13.73,2.39,5.04,4,1,-1,-197,-197,-184,-195,-605.644,-312.61799999999994,-70.68699999999995,512.52,0.671,-196.784,-196.784,-184.006,1,3,-35125944,-31.766,-75.72599999999998,34.2,-605,311,763,,-603.097,-84.06799999999998,201.82300000000004,997.6930000000002,42.21,56.54,58.5,52.6,false,true,-4.16,-4.4,中期趨勢仍向下；ETF短中期同步減碼；主動ETF 5日轉為減碼；投信5/10日持續且具金額意義的賣超；20日趨勢尚未上彎；當下除權息調整價未守20日EMA
294,8261,富鼎,TWSE,半導體業,暫不承接,降低部位,停止加碼；反彈未站回恢復區時分批減碼,每個交易日收盤後，確認是否站回恢復區,已有部位先停止加碼。反彈若仍未站回 208.13，分批降低部位；只有站回且ETF／外資賣壓收斂後才重新評估。,36.8,47.7,67.5,85,100,完整,179,179,16.09,8.1,23.89,19.47,421.83,3.07,25.79,3.58,2.91,2,0,-5,-280,-269,-41,-275,-1075.292,-2491.413,-719.375,4227.8279999999995,0,-280,-269,-41,0,3,-48160000,-92.25999999999999,-288.793,9.18,-862,1625,3284,,-1009.877,-2119.153,-161.58199999999965,4657.813,39.31,39.61,27.72,63.39,false,false,-13.26,4.68,中期趨勢仍向下；ETF短中期同步減碼；主動ETF 5日轉為減碼；投信5/10日持續且具金額意義的賣超；20日趨勢尚未上彎；當下除權息調整價未守20日EMA
295,1102,亞泥,TWSE,水泥工業,暫不承接,降低部位,停止加碼；反彈未站回恢復區時分批減碼,每個交易日收盤後，確認是否站回恢復區,已有部位先停止加碼。反彈若仍未站回 34.12，分批降低部位；只有站回且ETF／外資賣壓收斂後才重新評估。,43.3,47.6,54.9,85,91,可用,32.95,32.95,-2.21,-7.24,7.99,39.06,129.35,0.56,11.02,0.66,7,17,116,45,-3637,-2125,941,-3860,295.085,-4832.1849999999995,7971.236000000001,-16678.699,121,-3579.143,-3430.6530000000002,-5030.6860000000015,3,2,-117574848,-588.63,658.8530000000001,12.65,203,22194,48238,,195.022,-664.4119999999997,10743.036,-6696.564999999997,43.08,45.78,41.53,54.26,true,false,-0.96,0.76,累計營收負成長且當月改善不足；中期趨勢仍向下；ETF短中期同步減碼；20日累積後5日轉為調節；主動ETF 5日轉為減碼；20日趨勢尚未上彎；當下除權息調整價未守20日EMA
296,2492,華新科,TWSE,電子零組件業,暫不承接,降低部位,停止加碼；反彈未站回恢復區時分批減碼,每個交易日收盤後，確認是否站回恢復區,已有部位先停止加碼。反彈若仍未站回 330.84，分批降低部位；只有站回且ETF／外資賣壓收斂後才重新評估。,43,47.1,53.8,85,100,完整,273.5,273.5,25.84,14.67,9.02,34.44,157.66,4.93,48.08,2.28,1,8,-1,-30,10,57,-2421,0,-985.863,-16673.212,-17121.599000000002,-19608.996000000006,-45,-1352,-1689,-12335,0,4,-339352000,-956.0149999999999,-1163.5759999999998,21.96,-1134,-11773,-12748,,-960.566,-14365.197,-14269.023,-10829.694,41.93,66.17,50.1,98.32,false,false,-6.68,14.2,中期趨勢仍向下；ETF 1/3日已轉為減碼；投信5/10日持續且具金額意義的賣超；外資持股5/10日下降，且外資5日賣超；20日趨勢尚未上彎；當下除權息調整價未守20日EMA；高波動且5日漲幅過大；融資增幅與短線漲幅同步偏高；借券賣出與借券賣出餘額壓力升高
297,2385,群光,TWSE,電子零組件業,暫不承接,降低部位,停止加碼；反彈未站回恢復區時分批減碼,每個交易日收盤後，確認是否站回恢復區,已有部位先停止加碼。反彈若仍未站回 112.21，分批降低部位；只有站回且ETF／外資賣壓收斂後才重新評估。,49.3,46.8,53.9,85,100,完整,103,103,-5.48,-5.27,5.03,52.04,143.4,5.06,11.39,1.66,7.09,26,-82,-400,-744,-299,-6513,-289,-880.2,-701.6129999999999,2542.0879999999997,7625.749999999999,-80.107,-729.547,-601.898,-7915.75,0,5,-74049020,-173.401,-692.718,22.39,-733,6156,16388,,-781.521,201.33500000000004,3836.703999999999,15760.016999999996,41.14,44.76,50.04,34.21,false,true,-1.92,-2.83,累計營收負成長且當月改善不足；中期趨勢仍向下；ETF短中期同步減碼；ETF 1/3日已轉為減碼；主動ETF 5日轉為減碼；投信5/10日持續且具金額意義的賣超；20日趨勢尚未上彎；當下除權息調整價未守20日EMA
298,9904,寶成,TWSE,運動休閒,暫不承接,保護持有,今天不新增部位；未完成確認前不機械式賣出,下一交易日收盤，確認是否收復防守區,已有部位暫停加碼；若收盤跌破60日EMA約 25.11，且下一交易日仍未收復，先減碼三分之一；若ETF或外資繼續轉弱，再分批降低部位。,48,46.8,53.2,85,91,可用,24.1,24.1,-3.26,-2.86,3.16,37.44,149.28,0.76,6.58,0.47,5.44,11,119,116,222,1326,-13038,0,2108.624,-33028.013999999996,-21731.33299999999,-16518.275999999987,123,262.33400000000006,322.8960000000001,-17545.815,4,1,6269783,-687.495,-256.578,28.37,1027,-13449,14795,,2078.735,-32602.853000000006,-21797.651,-488.1160000000024,45.75,46.28,34.3,70.23,true,false,-0.26,-0.82,累計營收負成長且當月改善不足；中期趨勢仍向下；20日趨勢尚未上彎；當下除權息調整價未守20日EMA
299,2646,星宇航空,TWSE,航運業,暫不承接,降低部位,停止加碼；反彈未站回恢復區時分批減碼,每個交易日收盤後，確認是否站回恢復區,已有部位先停止加碼。反彈若仍未站回 21.29，分批降低部位；只有站回且ETF／外資賣壓收斂後才重新評估。,40.6,46.6,33.9,85,91,可用,20.75,20.75,40.81,30,9.87,78.34,92.65,0.3,236.67,2.01,,2,0,0,-1789,-1789,-1662,-1789,813.572,-1682.2400000000002,12651.229000000001,22804.561,0,-1782,-1753,-1619,0,2,-37956600,-475.904,-142.672,3.49,520,8510,13263,,804.1,575.6640000000001,14546.901000000002,24318.493999999995,41.37,24.97,31.33,12.25,false,false,-2.52,-2.81,中期趨勢仍向下；ETF短中期同步減碼；主動ETF 5日轉為減碼；20日趨勢尚未上彎；當下除權息調整價未守20日EMA
300,6789,采鈺,TWSE,半導體業,暫不承接,保護持有,今天不新增部位；未完成確認前不機械式賣出,下一交易日收盤，確認是否收復防守區,已有部位暫停加碼；若收盤跌破60日EMA約 476.26，且下一交易日仍未收復，先減碼三分之一；若ETF或外資繼續轉弱，再分批降低部位。,53.2,46.2,50.2,85,100,完整,441.5,441.5,15.55,9.04,21.04,18.54,367.01,2.95,79.58,7.19,0.72,8,2,3,8,24,-121,0,-995.37,-746.8009999999999,789.5360000000001,1697.946,2,10,31,-114,4,0,4170000,-44.033,-134.386,4.45,-739,789,1961,,-955.188,-712.7679999999998,892.9220000000003,2071.911,45.57,57.24,48.68,74.37,false,false,-2.91,2.56,中期趨勢仍向下；20日趨勢尚未上彎；當下除權息調整價未守20日EMA
301,1722,台肥,TWSE,化學工業,暫不承接,降低部位,停止加碼；反彈未站回恢復區時分批減碼,每個交易日收盤後，確認是否站回恢復區,已有部位先停止加碼。反彈若仍未站回 46.74，分批降低部位；只有站回且ETF／外資賣壓收斂後才重新評估。,49.3,45.3,47.5,85,100,完整,46.1,46.1,-10.47,6.42,4.8,36.33,228.72,0.43,54.17,0.84,4.4,4,0,0,-2,-3,8,0,1139.072,-543.7610000000003,2414.924,2185.9900000000007,0,4,26,35,1,0,182000,213.17200000000003,328.702,8.74,1129,926,-52,,1121.402,-760.9330000000002,2060.2219999999998,1788.167,47.09,37.72,23.41,66.34,true,false,-0.14,1.32,中期趨勢仍向下；ETF短中期同步減碼；20日累積後5日轉為調節；20日趨勢尚未上彎；當下除權息調整價未守20日EMA
302,6412,群電,TWSE,電子零組件業,暫不承接,降低部位,停止加碼；反彈未站回恢復區時分批減碼,每個交易日收盤後，確認是否站回恢復區,已有部位先停止加碼。反彈若仍未站回 85.80，分批降低部位；只有站回且ETF／外資賣壓收斂後才重新評估。,46.3,44.8,47.3,85,100,完整,79.4,79.4,-0.77,-7.65,3.27,55.91,141.5,3.04,12.88,2.03,4.73,5,12,9,7,14,11,0,-48.545,-1569.1660000000002,-1656.759,-3458.7080000000005,11.401,6.277999999999999,13.277999999999999,10.727999999999998,1,2,490940,-48.083999999999996,-170.388,5.26,-30,-1387,-1562,,-59.565,-1527.3599999999997,-1499.6489999999994,-2953.392999999999,43.05,53.17,47.45,64.61,false,false,-2.18,0.89,累計營收負成長且當月改善不足；中期趨勢仍向下；外資持股5/10日下降，且外資5日賣超；20日趨勢尚未上彎；當下除權息調整價未守20日EMA；單季稅前獲利對營業外貢獻依賴偏高
303,2201,裕隆,TWSE,汽車工業,暫不承接,保護持有,今天不新增部位；未完成確認前不機械式賣出,下一交易日收盤，確認是否收復防守區,已有部位暫停加碼；若收盤跌破60日EMA約 27.82，且下一交易日仍未收復，先減碼三分之一；若ETF或外資繼續轉弱，再分批降低部位。,53,44.3,34.7,85,91,可用,27.55,27.55,-8.06,-3.62,9.01,74.03,100.51,0.35,32.06,0.45,2.06,4,0,0,790,791,251,790,-374.257,-1904.3039999999996,799.3590000000004,3279.741,0,795,818,283,2,0,21663750,-159.32299999999998,-130.694,4.81,-936,-638,1230,,-393.106,-2539.9809999999998,112.05300000000031,2873.7560000000003,47.98,36.73,33.93,42.32,false,false,-0.43,0.36,累計營收負成長且當月改善不足；中期趨勢仍向下；20日趨勢尚未上彎；當下除權息調整價未守20日EMA
304,3035,智原,TWSE,半導體業,暫不承接,保護持有,今天不新增部位；未完成確認前不機械式賣出,下一交易日收盤，確認是否收復防守區,已有部位暫停加碼；若收盤跌破60日EMA約 189.07，且下一交易日仍未收復，先減碼三分之一；若ETF或外資繼續轉弱，再分批降低部位。,48,44.1,45.2,85,100,完整,178,178,26.57,-50.61,6.21,28.62,211.45,1.16,67.72,2.62,1.05,5,-10,-10,-10,3,128,0,434.889,5531.773999999999,-865.1440000000003,-1324.5100000000002,-10,-10,3,128,0,1,-1720000,103.38400000000001,-1633.2280000000003,13.32,303,304,1678,,505.515,5438.389999999999,765.0839999999993,585.6099999999994,46.37,58.69,42.06,91.96,false,false,-1.39,11.25,中期趨勢仍向下；20日累積後5日轉為調節；ETF 1/3日已轉為減碼；20日趨勢尚未上彎；當下除權息調整價未守20日EMA；高波動且5日漲幅過大
305,2912,統一超,TWSE,貿易百貨,暫不承接,保護持有,今天不新增部位；未完成確認前不機械式賣出,下一交易日收盤，確認是否收復防守區,已有部位暫停加碼；若收盤跌破60日EMA約 230.00，且下一交易日仍未收復，先減碼三分之一；若ETF或外資繼續轉弱，再分批降低部位。,46.2,43.6,30,85,100,完整,219.5,219.5,6.31,5.05,4.22,83.11,76.89,6.03,19.91,5.61,4.07,21,-2,-35,-917,275,8321,-827,543.788,2968.831,8282.303,12866.342999999999,-352,-1264.171,334.087,8578.166,0,5,-279381791,-118.051,-532.4010000000001,14.04,997,4880,2095,,889.964,4351.053,8480.617,4717.425,34,11.1,15.96,1.39,false,false,-4.22,-0.45,中期趨勢仍向下；20日累積後5日轉為調節；ETF 1/3日已轉為減碼；主動ETF 5日轉為減碼；投信20日買超後近5日轉賣；20日趨勢尚未上彎；當下除權息調整價未守20日EMA
306,3583,辛耘,TWSE,半導體業,暫不承接,降低部位,停止加碼；反彈未站回恢復區時分批減碼,每個交易日收盤後，確認是否站回恢復區,已有部位先停止加碼。反彈若仍未站回 752.93，分批降低部位；只有站回且ETF／外資賣壓收斂後才重新評估。,52.1,43.5,31.2,85,91,可用,696,696,-2.67,6.79,12.95,70.99,109.29,4.14,46.98,7.29,0.83,8,90,129,131,101,-325,131,-320.229,-146.47099999999998,348.115,345.19699999999995,70,-100,-130,-682,2,3,-69300000,13.555999999999997,31.587999999999994,21.31,-344,386,687,,-355.01,-60.027,446.52700000000004,1062.534,44.88,68.78,57.63,91.09,false,false,-3.51,3.88,中期趨勢仍向下；投信5/10日持續且具金額意義的賣超；20日趨勢尚未上彎；當下除權息調整價未守20日EMA
307,3714,富采,TWSE,光電業,暫不承接,保護持有,今天不新增部位；未完成確認前不機械式賣出,下一交易日收盤，確認是否收復防守區,已有部位暫停加碼；若收盤跌破60日EMA約 59.04，且下一交易日仍未收復，先減碼三分之一；若ETF或外資繼續轉弱，再分批降低部位。,55.1,42.6,43.1,85,91,可用,59,59,18.97,1.73,-5.84,18.47,365.22,-0.2,,1.05,1.52,2,0,0,0,0,0,0,-66.969,3253.542,4906.102999999999,8792.744000000002,0,0,0,0,0,0,0,359.8620000000001,415.326,12.9,-668,5800,7911,,-481.834,2893.68,4490.776999999999,8696.082999999999,55.44,84.23,67.33,118.02,false,false,6.64,17.06,中期趨勢仍向下；20日趨勢尚未上彎
308,6719,力智,TWSE,半導體業,暫不承接,保護持有,今天不新增部位；未完成確認前不機械式賣出,下一交易日收盤，確認是否收復防守區,已有部位暫停加碼；若收盤跌破60日EMA約 228.95，且下一交易日仍未收復，先減碼三分之一；若ETF或外資繼續轉弱，再分批降低部位。,37.8,42.1,64.7,85,100,完整,205.5,205.5,-3.56,-4.78,17.85,18.57,987.87,4.2,24.04,1.6,2.15,2,-10,-10,-10,1,1,0,-60.867,355.997,-150.617,77.60099999999994,-10,-10,3,4,0,1,-2135000,20.445,-124.30699999999999,7.07,-48,460,103,,-44.638,345.552,-29.309999999999974,396.03999999999985,40.61,55.95,46.09,75.67,false,false,-7.27,-0.72,累計營收負成長且當月改善不足；中期趨勢仍向下；20日累積後5日轉為調節；ETF 1/3日已轉為減碼；20日趨勢尚未上彎；當下除權息調整價未守20日EMA
309,2371,大同,TWSE,電機機械,暫不承接,降低部位,停止加碼；反彈未站回恢復區時分批減碼,每個交易日收盤後，確認是否站回恢復區,已有部位先停止加碼。反彈若仍未站回 27.50，分批降低部位；只有站回且ETF／外資賣壓收斂後才重新評估。,50.7,42.1,29.1,85,91,可用,26.8,26.8,16.64,4.03,3.77,62.06,193.93,-0.05,,1.15,,4,0,2,-1057,-1024,-2023,-1059,1681.48,7678.305,13393.065999999999,14022.422999999997,0,-1057,-1024,-2022.15,1,2,-27429150,-275.682,-681.6339999999999,6.22,412,3274,-4539,,1711.103,9010.987,15098.699999999999,16807.653999999995,55.07,77.17,60.97,109.57,false,false,3.51,6.14,中期趨勢仍向下；ETF短中期同步減碼；主動ETF 5日轉為減碼；20日趨勢尚未上彎
310,4968,立積,TWSE,半導體業,暫不承接,保護持有,今天不新增部位；未完成確認前不機械式賣出,下一交易日收盤，確認是否收復防守區,已有部位暫停加碼；若收盤跌破60日EMA約 105.86，且下一交易日仍未收復，先減碼三分之一；若ETF或外資繼續轉弱，再分批降低部位。,41.5,42,53.2,85,100,完整,96,96,-1.09,5.31,3.27,25.03,385.26,1,25.73,3.25,1.68,2,-20,-20,-20,3,4,0,-80.386,63.19800000000002,540.147,-1103.8899999999999,-20,-20,3,4,0,1,-1904000,-26.525,-57.047,4.24,-97,445,294,,-40.725,109.723,594.194,-964.91,42.55,68.41,63.02,79.21,false,false,-3,0.1,中期趨勢仍向下；20日累積後5日轉為調節；ETF 1/3日已轉為減碼；20日趨勢尚未上彎；當下除權息調整價未守20日EMA
311,9914,美利達,TWSE,運動休閒,暫不承接,保護持有,今天不新增部位；未完成確認前不機械式賣出,下一交易日收盤，確認是否收復防守區,已有部位暫停加碼；若收盤跌破60日EMA約 74.87，且下一交易日仍未收復，先減碼三分之一；若ETF或外資繼續轉弱，再分批降低部位。,50.8,41.5,35.2,85,91,可用,86,86,-5.51,-15.29,5.21,43.46,142.15,1.09,21.84,1.21,3.47,1,0,0,-33,-33,-8,-33,326.806,2284.0840000000003,2474.5190000000007,8589.489000000001,0,-31,-24,-197,0,2,-2504800,-34.654,61.91799999999999,25.84,307,2151,7738,,357.245,2349.7379999999994,2436.6009999999997,8833.088999999998,69.48,67.91,50.11,103.5,false,false,9.32,12.57,累計營收負成長且當月改善不足；ETF短中期同步減碼；主動ETF 5日轉為減碼
312,2515,中工,TWSE,建材營造,暫不承接,降低部位,停止加碼；反彈未站回恢復區時分批減碼,每個交易日收盤後，確認是否站回恢復區,已有部位先停止加碼。反彈若仍未站回 12.47，分批降低部位；只有站回且ETF／外資賣壓收斂後才重新評估。,44.9,41.1,40.4,85,91,可用,11.95,11.95,-14.32,32.15,4.95,64.22,235.82,0.16,24.9,0.84,4.18,1,0,0,0,0,-772,0,1812.701,-5038.280000000001,-14474.326000000001,-31947.01,0,0,0,-827.258,0,0,0,-217.14999999999998,-359.752,7.47,2074,-11933,-19528,,1758.701,-4821.13,-14114.574,-30213.804,43.25,54.87,48.72,67.15,false,false,-1.44,-0.83,中期趨勢仍向下；外資持股5/10日下降，且外資5日賣超；20日趨勢尚未上彎；當下除權息調整價未守20日EMA
313,1718,中纖,TWSE,化學工業,暫不承接,降低部位,停止加碼；反彈未站回恢復區時分批減碼,每個交易日收盤後，確認是否站回恢復區,已有部位先停止加碼。反彈若仍未站回 10.73，分批降低部位；只有站回且ETF／外資賣壓收斂後才重新評估。,41.5,40.1,26.8,85,68,最低門檻,10.25,10.25,1.92,1.56,,91,87.26,0.17,41.29,0.59,,1,0,-64,-58,81,2854,0,511.041,-46842.726,-45219.42,-43689.5,0,-58,81,2854,2,2,-574780,72.86699999999996,-698.009,5.22,344,-26632,-42846,,-10.013,-46857.59299999999,-44602.411,-44134.54599999999,44.72,53.88,38.91,83.83,false,false,-4.47,6.77,中期趨勢仍向下；外資持股5/10日下降，且外資5日賣超；20日趨勢尚未上彎；當下除權息調整價未守20日EMA；借券賣出與借券賣出餘額壓力升高
314,6715,嘉基,TWSE,電子零組件業,暫不承接,降低部位,停止加碼；反彈未站回恢復區時分批減碼,每個交易日收盤後，確認是否站回恢復區,已有部位先停止加碼。反彈若仍未站回 392.85，分批降低部位；只有站回且ETF／外資賣壓收斂後才重新評估。,42.7,38.9,51.9,85,91,可用,363.5,363.5,-9.2,-0.12,15.89,19.28,332.23,1.02,158.06,6.12,0.58,1,0,0,0,0,-69,0,-180.283,-327.868,-283.688,-1415.488,-192,-680,-761,-830,0,3,-226780000,-6.941,-50.775,2.3,10,715,-209,,14,359.073,528.087,-574.186,47.52,54.82,41.89,80.69,false,false,-1.26,6.29,累計營收負成長且當月改善不足；中期趨勢仍向下；投信5/10日持續且具金額意義的賣超；20日趨勢尚未上彎；當下除權息調整價未守20日EMA；估值高且成長不足以支撐
315,9907,統一實,TWSE,其他,暫不承接,降低部位,停止加碼；反彈未站回恢復區時分批減碼,每個交易日收盤後，確認是否站回恢復區,已有部位先停止加碼。反彈若仍未站回 15.66，分批降低部位；只有站回且ETF／外資賣壓收斂後才重新評估。,38.9,37,48.2,85,100,完整,14.85,14.85,-6.1,-12.63,4.31,38.72,173.59,0.35,15.37,1.1,8.08,4,-8,-906,-2284,-2317,-9049,-2221,1733,-8941.742,-1464.9330000000002,5203.245000000001,-8,-2274.865,-2277.216,-8474.448,1,3,-33213029,-328.907,-103,15.53,1768,1413,7632,,1720,-6337.97,915.2829999999999,13788.693,43.43,26.39,25.55,28.07,true,false,-1.04,-1.33,累計營收負成長且當月改善不足；中期趨勢仍向下；ETF短中期同步減碼；ETF 1/3日已轉為減碼；主動ETF 5日轉為減碼；投信5/10日持續且具金額意義的賣超；20日趨勢尚未上彎；當下除權息調整價未守20日EMA
316,1301,台塑,TWSE,塑膠工業,暫不承接,降低部位,停止加碼；反彈未站回恢復區時分批減碼,每個交易日收盤後，確認是否站回恢復區,已有部位先停止加碼。反彈若仍未站回 57.19，分批降低部位；只有站回且ETF／外資賣壓收斂後才重新評估。,45.2,37,36.1,85,91,可用,55.6,55.6,-2.69,-3.62,-3.1,34.25,182.85,0.51,,0.91,0.9,6,0,-97,-261,-261,414,-261,1306.781,-6787.001,-38744.264,18230.25099999999,0,-261,-261,389.9,0,2,-14563800,-1407.437,-2181.561,33.46,565,-26186,-30525,,955.684,-5118.564,-36301.703,18271.716999999986,46.62,34.35,24.67,53.7,true,false,-2.78,3.35,累計營收負成長且當月改善不足；ETF短中期同步減碼；20日累積後5日轉為調節；主動ETF 5日轉為減碼；外資持股5/10日下降，且外資5日賣超；20日趨勢尚未上彎；當下除權息調整價未守20日EMA；單季稅前獲利對營業外貢獻依賴偏高
317,2498,宏達電,TWSE,通信網路業,暫不承接,保護持有,今天不新增部位；未完成確認前不機械式賣出,下一交易日收盤，確認是否收復防守區,已有部位暫停加碼；若收盤跌破60日EMA約 42.54，且下一交易日仍未收復，先減碼三分之一；若ETF或外資繼續轉弱，再分批降低部位。,46.3,36.9,45.1,85,93,完整,40.7,40.7,-8.53,-9.73,-89.63,32.56,220.19,-0.62,15.41,1.27,1.25,4,0,0,0,1,-14,0,-673.148,271.917,-399.76700000000045,-1155.3310000000004,0,0,1,-14,0,0,0,-49.76,-356.522,9.01,-697,4692,5620,,-696.776,321.67700000000013,-44.24499999999978,-194.51399999999984,45.88,62.37,48.59,89.93,false,false,-0.95,2.01,累計營收負成長且當月改善不足；中期趨勢仍向下；20日趨勢尚未上彎；當下除權息調整價未守20日EMA
318,6919,康霈*,TWSE,生技醫療業,暫不承接,保護持有,今天不新增部位；未完成確認前不機械式賣出,下一交易日收盤，確認是否收復防守區,已有部位暫停加碼；若收盤跌破60日EMA約 104.92，且下一交易日仍未收復，先減碼三分之一；若ETF或外資繼續轉弱，再分批降低部位。,59.6,34.8,29.1,85,91,可用,111,111,,-70.78,-12291550,1.82,4520.84,-0.07,,17.44,,4,0,0,0,0,2,0,-147.593,2716.307,10256.368999999999,16613.998999999996,0,0,0,-8,0,0,0,-185.592,-9.525000000000013,14.85,-140,9961,13836,,-139.61,2901.8990000000003,10265.894,16666.69,58.4,74.2,66.01,90.57,false,false,5.17,1.37,
319,6451,訊芯-KY,TWSE,半導體業,暫不承接,保護持有,今天不新增部位；未完成確認前不機械式賣出,下一交易日收盤，確認是否收復防守區,已有部位暫停加碼；若收盤跌破60日EMA約 462.81，且下一交易日仍未收復，先減碼三分之一；若ETF或外資繼續轉弱，再分批降低部位。,49.4,33.9,13.3,85,91,可用,456,456,40.55,-5.21,-5.18,59.67,166.56,-1.45,,6.38,0.05,2,0,0,0,0,-70,0,-363.858,-519.5909999999999,561.6140000000001,1906.1480000000006,0,0,0,-70,0,0,0,128.75799999999998,46.336999999999975,65.06,-53,374,1046,,-350.78,-648.3489999999999,515.277,1968.5569999999998,52.01,70.67,54.77,102.48,false,false,6.19,21.76,中期趨勢仍向下；20日趨勢尚未上彎；短線過熱或乖離過大；高波動且5日漲幅過大；融資增幅與短線漲幅同步偏高
320,2328,廣宇,TWSE,電子零組件業,暫不承接,降低部位,停止加碼；反彈未站回恢復區時分批減碼,每個交易日收盤後，確認是否站回恢復區,已有部位先停止加碼。反彈若仍未站回 47.87，分批降低部位；只有站回且ETF／外資賣壓收斂後才重新評估。,48.5,33.8,36.8,85,91,可用,47.05,47.05,-0.74,-15.92,-0.34,26.95,285.15,-0.16,46.07,1.56,1.99,3,18,18,28,34,34,0,-2148.556,-1422.5950000000003,-774.7090000000002,268.87499999999955,18,18,24,24,1,0,812700,-518.39,-719.003,8.41,-1369,-791,-229,,-1779.899,-922.2049999999999,-79.7059999999999,1247.3859999999997,53.6,77.02,58.93,113.21,false,false,4.09,10.19,累計營收負成長且當月改善不足；中期趨勢仍向下；外資持股5/10日下降，且外資5日賣超；20日趨勢尚未上彎
321,3376,新日興,TWSE,電子零組件業,暫不承接,保護持有,今天不新增部位；未完成確認前不機械式賣出,下一交易日收盤，確認是否收復防守區,已有部位暫停加碼；若收盤跌破60日EMA約 193.85，且下一交易日仍未收復，先減碼三分之一；若ETF或外資繼續轉弱，再分批降低部位。,44.8,33.4,42.2,85,91,可用,183.5,183.5,-4.76,-13.25,-0.44,22.67,276.74,0.15,271.32,2.08,2.17,3,0,0,0,0,-359,0,92.051,1230.901,1182.772,-2222.5870000000004,0,1,-495,-2083,1,0,184500,335.72299999999996,414.2389999999999,13.34,-148,-61,-1080,,130.684,894.1779999999999,1263.533,-621.3280000000003,47.12,74.68,61.89,100.26,false,false,-0.64,1.94,累計營收負成長且當月改善不足；中期趨勢仍向下；20日趨勢尚未上彎；當下除權息調整價未守20日EMA；估值高且成長不足以支撐；單季稅前獲利對營業外貢獻依賴偏高
322,4906,正文,TWSE,通信網路業,暫不承接,降低部位,停止加碼；反彈未站回恢復區時分批減碼,每個交易日收盤後，確認是否站回恢復區,已有部位先停止加碼。反彈若仍未站回 37.67，分批降低部位；只有站回且ETF／外資賣壓收斂後才重新評估。,42.4,28.5,23.6,85,91,可用,35.6,35.6,-5.24,-28.21,-6.58,43.62,153.18,-0.32,,1.35,1.38,1,0,0,0,0,-674,0,-1410.135,-2322.9539999999997,-4226.681,-6172.393999999999,0,0,0,-674,0,0,0,203.808,-349.093,8.28,-989,-2971,-4268,,-1400.92,-2526.7619999999997,-3877.5879999999997,-4568.130000000001,48.99,68.64,59.13,87.68,false,false,1.05,8.04,累計營收負成長且當月改善不足；中期趨勢仍向下；外資持股5/10日下降，且外資5日賣超；20日趨勢尚未上彎
323,2367,燿華,TWSE,電子零組件業,暫不承接,保護持有,今天不新增部位；未完成確認前不機械式賣出,下一交易日收盤，確認是否收復防守區,已有部位暫停加碼；若收盤跌破60日EMA約 51.12，且下一交易日仍未收復，先減碼三分之一；若ETF或外資繼續轉弱，再分批降低部位。,46.4,27.8,14.6,85,91,可用,44.25,44.25,-4.14,-7.37,-7.71,50.74,95.51,-0.4,,2.3,0.48,2,0,0,0,0,0,0,-924.609,-921.694,6970.267000000001,16531.892,0,0,0,0,0,0,0,-165.625,-425.55600000000004,8.07,-377,7033,5618,,-829.99,-756.069,7395.823000000001,16053.909,48.66,78.77,60.47,115.39,false,false,2.52,16.45,累計營收負成長且當月改善不足；中期趨勢仍向下；20日趨勢尚未上彎；高波動且5日漲幅過大
324,4919,新唐,TWSE,半導體業,暫不承接,降低部位,停止加碼；反彈未站回恢復區時分批減碼,每個交易日收盤後，確認是否站回恢復區,已有部位先停止加碼。反彈若仍未站回 147.55，分批降低部位；只有站回且ETF／外資賣壓收斂後才重新評估。,39.5,27.3,18.1,85,100,完整,127.5,127.5,1.16,-1.55,-2.79,46.5,189.95,-0.57,,3.25,,7,-44,-195,-521,-293,-244,-325,104.438,70.58200000000011,7543.147000000001,12325.822000000002,-44,-671,-443.089,-1306.089,0,5,-80520000,-383.27700000000004,-466.00900000000007,4.44,231,8071,10221,,219.614,1124.859,8452.244999999999,12535.107,43.21,63.54,52.75,85.11,false,false,-4.76,2.41,累計營收負成長且當月改善不足；中期趨勢仍向下；ETF短中期同步減碼；ETF 1/3日已轉為減碼；主動ETF 5日轉為減碼；投信5/10日持續且具金額意義的賣超；20日趨勢尚未上彎；當下除權息調整價未守20日EMA；單季稅前獲利對營業外貢獻依賴偏高
325,5288,豐祥-KY,TWSE,電機機械,不建立部位,保護持有,今天不新增部位；未完成確認前不機械式賣出,下一交易日收盤，確認是否收復防守區,已有部位暫停加碼；若收盤跌破60日EMA約 180.46，且下一交易日仍未收復，先減碼三分之一；若ETF或外資繼續轉弱，再分批降低部位。,75.9,76.9,70.1,85,100,完整,197.5,197.5,71.59,28.97,14.42,26.27,230.68,8.03,12.83,2.11,3.38,2,0,0,128,128,129,128,162.497,111.09500000000001,94.161,318.4769999999999,15,154,182,259,4,0,29645000,-12.905000000000001,-10.713,59.75,136,-116,-69,,145,-30,-77.126,68.06899999999999,59.8,77.04,63.95,103.2,false,false,4.23,4.22,"單日成交金額低於5,000萬元；外資持股5/10日下降，且外資5日賣超；ETF加碼金額或跨基金共識不足"
326,9946,三發地產,TWSE,建材營造,不建立部位,保護持有,今天不新增部位；未完成確認前不機械式賣出,下一交易日收盤，確認是否收復防守區,已有部位暫停加碼；若收盤跌破60日EMA約 18.14，且下一交易日仍未收復，先減碼三分之一；若ETF或外資繼續轉弱，再分批降低部位。,60.1,72.1,79.5,85,91,可用,18.2,18.2,-11.49,4131.79,46.84,59.28,221.67,2.56,4.31,0.82,7.63,2,0,-10,-9,12,479,0,69.999,-111.565,196.112,309.323,0,-9,12,479,1,2,-161550,-37,11,3.41,70,305,411,,69.999,-65.565,173.112,-198.67700000000002,48.98,63.49,49.95,90.55,false,false,0.11,2.25,"單日成交金額低於5,000萬元；20日累積後5日轉為調節；20日趨勢尚未上彎"
327,6277,宏正,TWSE,電腦及週邊設備業,不建立部位,保護持有,今天不新增部位；未完成確認前不機械式賣出,下一交易日收盤，確認是否收復防守區,已有部位暫停加碼；若收盤跌破60日EMA約 74.29，且下一交易日仍未收復，先減碼三分之一；若ETF或外資繼續轉弱，再分批降低部位。,66.8,71.8,70.8,85,91,可用,80,80,35.12,12.79,14.42,32.83,208.56,1.08,24.37,2.03,4.42,2,0,0,0,1,38,0,289,36.855999999999995,841.064,1640.494,0,0,1,38,0,0,0,-23.647,-5.616999999999994,10.89,293,1184,1786,,292,60.503000000000014,845.6809999999999,1600.1109999999999,58.37,57.54,48.15,76.31,true,true,4.04,3.36,"單日成交金額低於5,000萬元"
328,2459,敦吉,TWSE,其他電子業,不建立部位,保護持有,今天不新增部位；未完成確認前不機械式賣出,下一交易日收盤，確認是否收復防守區,已有部位暫停加碼；若收盤跌破60日EMA約 65.31，且下一交易日仍未收復，先減碼三分之一；若ETF或外資繼續轉弱，再分批降低部位。,62.6,71.6,75.8,85,91,可用,66.1,66.1,20.97,9.92,14.95,35.33,192.37,1.41,12.47,1.24,6.44,1,0,0,0,0,0,0,50,-70,-125.27,-30.866000000000014,0,0,0,0,0,0,0,-14,-4,15.75,34,-116,-123,,34,-56,-121.27,-32.866000000000014,58.51,61.36,44.53,95.03,false,false,1.99,3.28,"單日成交金額低於5,000萬元；外資持股5/10日下降，且外資5日賣超"
329,2851,中再保,TWSE,金融保險業,不建立部位,保護持有,今天不新增部位；未完成確認前不機械式賣出,下一交易日收盤，確認是否收復防守區,已有部位暫停加碼；若收盤跌破60日EMA約 35.42，且下一交易日仍未收復，先減碼三分之一；若ETF或外資繼續轉弱，再分批降低部位。,60.9,71.5,74.2,85,91,可用,36,36,6.04,148.43,,60.25,,2.3,6.84,1.21,6.21,2,0,0,0,0,293,0,245.398,-154.725,770.6279999999999,1182.7239999999995,0,0,0,293,0,0,0,-109.06,-153.287,9.18,280,1279,424,,217.02,-45.66499999999999,923.915,999.1330000000004,52.2,82.94,65.3,118.2,false,false,1.22,3.45,"單日成交金額低於5,000萬元；20日趨勢尚未上彎"
330,8499,鼎炫-KY,TWSE,其他電子業,不建立部位,保護持有,今天不新增部位；未完成確認前不機械式賣出,下一交易日收盤，確認是否收復防守區,已有部位暫停加碼；若收盤跌破60日EMA約 277.08，且下一交易日仍未收復，先減碼三分之一；若ETF或外資繼續轉弱，再分批降低部位。,55.7,71.2,81.3,85,91,可用,263,263,116.29,87,18.33,24.71,357.1,2.61,25.85,1.24,3.1,1,0,0,0,0,0,0,16.87,-7.598000000000001,-81.642,-194.148,0,0,0,0,0,0,0,-7.597999999999999,-11.042,71.87,15,-131,-210,,17,0,-70.6,-176.65900000000002,48.1,61.73,45.54,94.1,false,false,0.48,8.23,"單日成交金額低於5,000萬元；中期趨勢仍向下；20日趨勢尚未上彎"
331,4736,泰博,TWSE,生技醫療業,不建立部位,保護持有,今天不新增部位；未完成確認前不機械式賣出,下一交易日收盤，確認是否收復防守區,已有部位暫停加碼；若收盤跌破60日EMA約 126.94，且下一交易日仍未收復，先減碼三分之一；若ETF或外資繼續轉弱，再分批降低部位。,64.7,70,75.6,85,91,可用,130.5,130.5,2.09,1.25,25.4,23.84,273.12,2.99,7.15,1.3,3.83,2,0,0,0,1,30,0,44.786,-33.361000000000004,278.086,816.912,0,0,1,30,0,0,0,-33.166,-16.570999999999998,6.54,46,280,410,,44.786,-0.19500000000000028,293.65700000000004,804.4830000000001,59.48,67.09,53.38,94.49,false,false,1.37,1.56,"單日成交金額低於5,000萬元"
332,2607,榮運,TWSE,航運業,不建立部位,保護持有,今天不新增部位；未完成確認前不機械式賣出,下一交易日收盤，確認是否收復防守區,已有部位暫停加碼；若收盤跌破60日EMA約 48.05，且下一交易日仍未收復，先減碼三分之一；若ETF或外資繼續轉弱，再分批降低部位。,63.9,69.4,72.4,85,91,可用,48.5,48.5,25.41,2.45,11.71,28.48,338.24,1.04,10.13,0.81,5.64,1,0,0,0,0,0,0,87,-222.553,378.86800000000005,1732.0359999999996,0,0,0,0,0,0,0,-49,-8,8.27,92,1030,1446,,83,-173.553,386.86800000000005,1702.049,60.56,69.18,59.8,87.93,true,false,2.34,2.86,"單日成交金額低於5,000萬元"
333,8462,柏文,TWSE,運動休閒,不建立部位,保護持有,今天不新增部位；未完成確認前不機械式賣出,下一交易日收盤，確認是否收復防守區,已有部位暫停加碼；若收盤跌破60日EMA約 153.46，且下一交易日仍未收復，先減碼三分之一；若ETF或外資繼續轉弱，再分批降低部位。,65.7,68.8,44.9,85,91,可用,171.5,171.5,20.11,20.24,16.17,77.98,71.55,2.42,18.16,4.93,4.32,1,0,0,0,0,2,0,54.81,-48.254999999999995,493.8419999999999,1217.723,0,0,0,2,0,0,0,-10.249,-8.261000000000003,5.74,53,517,566,,52.81,-38.006,502.10299999999995,1227.984,66.23,67.72,63.22,76.73,true,true,5.7,3.94,"單日成交金額低於5,000萬元"
334,1723,中碳,TWSE,化學工業,不建立部位,保護持有,今天不新增部位；未完成確認前不機械式賣出,下一交易日收盤，確認是否收復防守區,已有部位暫停加碼；若收盤跌破60日EMA約 83.91，且下一交易日仍未收復，先減碼三分之一；若ETF或外資繼續轉弱，再分批降低部位。,67,68.1,59.4,85,100,完整,86.3,86.3,32.12,6.31,14.62,32.06,176.63,2.07,27.27,2.46,2.18,1,0,1,1,6,4,0,172.936,310.47400000000005,-637.149,1940.405,0,1,6,4,1,0,84800,-23.255000000000003,-65.27,9.09,166,121,1273,,163.741,332.72900000000004,-577.8789999999999,1973.5,53.57,60.95,43.21,96.43,false,false,1.76,3.35,"單日成交金額低於5,000萬元；ETF加碼金額或跨基金共識不足"
335,5515,建國,TWSE,建材營造,不建立部位,保護持有,今天不新增部位；未完成確認前不機械式賣出,下一交易日收盤，確認是否收復防守區,已有部位暫停加碼；若收盤跌破60日EMA約 41.52，且下一交易日仍未收復，先減碼三分之一；若ETF或外資繼續轉弱，再分批降低部位。,66.6,68.1,66.2,85,91,可用,44.45,44.45,24.55,27.59,13.33,50.62,177.24,1.96,7.24,1.53,7.63,2,0,0,0,2,15,0,77.193,-279.73900000000003,-352.8510000000001,506.0259999999999,0,0,2,15,0,0,0,-29.991999999999997,-22.58799999999999,12.39,55,106,475,,55.193,-249.74699999999999,-332.2629999999999,540.4100000000001,63.09,63.63,48.96,92.97,true,false,4.31,3.98,"單日成交金額低於5,000萬元"
336,6531,愛普*,TWSE,半導體業,不建立部位,優先降低風險,依風險與流動性分批降低部位,風險解除且基本面與趨勢重新確認後,已有部位應優先降低曝險；目前觸發「處置或交易限制事件」。待事件解除或基本面重新確認後再評估。,64.3,68,65.5,85,100,完整,923,923,59.48,94.68,29.44,24.47,373.6,8.33,54.84,12.34,0.74,19,2,-1,287,305,704,278,159.647,10.47599999999997,1390.705,2787.787,81,365.971,-250.402,-261.6859999999999,3,2,348038421,104.34099999999998,-39.77999999999999,30.62,25,1354,1787,,26.348,-459.836,1680.887,3074.3720000000003,55.66,78.41,64.94,105.34,false,false,9.88,25.92,處置或交易限制風險；20日趨勢尚未上彎；短線過熱或乖離過大；高波動且5日漲幅過大
337,4137,麗豐-KY,TWSE,生技醫療業,不建立部位,降低部位,停止加碼；反彈未站回恢復區時分批減碼,每個交易日收盤後，確認是否站回恢復區,已有部位先停止加碼。反彈若仍未站回 100.37，分批降低部位；只有站回且ETF／外資賣壓收斂後才重新評估。,48.9,67.8,77.5,85,91,可用,95.9,95.9,22.6,8.62,15.53,43.21,206.97,1.41,12.16,1.41,10.46,2,0,0,-1,-4,-7,0,34,-16.81800000000001,190.65699999999998,99.121,0,-1.678,-3.761,-7.52,0,2,-160417,-8.181000000000001,13.966999999999999,54.8,25,188,267,,24,-6.959,180.451,78.36699999999999,45.7,64.56,55.55,82.58,false,false,-0.19,0.84,"單日成交金額低於5,000萬元；中期趨勢仍向下；ETF短中期同步減碼；20日趨勢尚未上彎；當下除權息調整價未守20日EMA"
338,2707,晶華,TWSE,觀光餐旅,不建立部位,保護持有,今天不新增部位；未完成確認前不機械式賣出,下一交易日收盤，確認是否收復防守區,已有部位暫停加碼；若收盤跌破60日EMA約 178.88，且下一交易日仍未收復，先減碼三分之一；若ETF或外資繼續轉弱，再分批降低部位。,60.1,67.7,57.5,85,91,可用,180,180,13.94,5.11,28.9,65.43,123.74,5.73,12.82,6.46,5.99,1,0,0,0,0,3,0,77.19,-360.872,350.193,707.9399999999999,0,0,0,3,0,0,0,-16.267000000000003,-2.485000000000003,7.11,66,280,451,,66.19,-344.605,352.678,711.006,54.44,55.31,46.79,72.36,true,false,0.69,0.56,"單日成交金額低於5,000萬元；20日趨勢尚未上彎"
339,9935,慶豐富,TWSE,居家生活,不建立部位,保護持有,今天不新增部位；未完成確認前不機械式賣出,下一交易日收盤，確認是否收復防守區,已有部位暫停加碼；若收盤跌破60日EMA約 19.22，且下一交易日仍未收復，先減碼三分之一；若ETF或外資繼續轉弱，再分批降低部位。,55.8,67.6,59.9,85,91,可用,20.9,20.9,17.01,7.96,10.69,69.03,106.69,0.51,12.26,1.37,5.97,1,0,-1,-3,-8,36,0,334,358.188,720.3219999999999,1331.3179999999998,0,-3.4509999999999996,-7.734999999999999,36.044000000000004,0,2,-69365,-12,6,6.53,330,978,1334,,326,373.63899999999995,722.057,1282.274,72.86,81.13,77.79,87.81,true,true,6.91,6.63,"單日成交金額低於5,000萬元；ETF短中期同步減碼；20日累積後5日轉為調節；KD高檔死亡交叉，等待動能確認"
340,2059,川湖,TWSE,電子零組件業,不建立部位,優先降低風險,依風險與流動性分批降低部位,風險解除且基本面與趨勢重新確認後,已有部位應優先降低曝險；目前觸發「外資持股5/10日下降且外資5日賣超」。待事件解除或基本面重新確認後再評估。,59.8,67.4,70,85,100,完整,11905,11905,220.52,98.95,77.05,28.35,356.12,110.96,61.25,31.37,0.46,34,-15,2,50,184,291,39,-73.674,-49.782000000000025,157.48499999999996,439.43499999999995,-68,384.05,725.504,1145.9369999999997,4,1,4266795500,-8.34400000000001,41.69099999999999,23.37,-54,-377,-705,,-42.651,-425.488,-609.71,-758.596,78.61,92.09,81.89,112.5,false,false,33.98,37.87,處置或交易限制風險；外資持股5/10日下降，且外資5日賣超；短線過熱或乖離過大；高波動且5日漲幅過大
341,2753,八方雲集,TWSE,觀光餐旅,不建立部位,保護持有,今天不新增部位；未完成確認前不機械式賣出,下一交易日收盤，確認是否收復防守區,已有部位暫停加碼；若收盤跌破60日EMA約 180.29，且下一交易日仍未收復，先減碼三分之一；若ETF或外資繼續轉弱，再分批降低部位。,64.6,67.3,56.5,85,91,可用,184.5,184.5,10.85,7.26,12.55,52.65,148.58,3.56,13.44,3.4,6.63,3,-1,-2,-6,-8,-12,0,126.134,-61.073,758.207,1181.3719999999998,-1,-5.591,-7.566000000000001,-11.529,0,4,-1011971,-10.187000000000001,-9.025000000000002,6.1,124,843,1170,,125.134,-45.295,774.798,1207.258,61.12,77.52,67.84,96.86,false,false,2.73,2.79,"單日成交金額低於5,000萬元；ETF短中期同步減碼；ETF 1/3日已轉為減碼"
342,8341,日友,TWSE,綠能環保,不建立部位,保護持有,今天不新增部位；未完成確認前不機械式賣出,下一交易日收盤，確認是否收復防守區,已有部位暫停加碼；若收盤跌破60日EMA約 76.64，且下一交易日仍未收復，先減碼三分之一；若ETF或外資繼續轉弱，再分批降低部位。,60.4,67.1,66.7,85,85,完整,77.2,77.2,6.99,17.68,29.81,43.1,112.4,2.97,16.17,1.94,5.26,1,0,0,0,1,41,0,59.737,-160.205,113.93799999999999,715.2090000000001,0,0,1,41,0,0,0,-14.386,0.3230000000000004,5.44,51,341,706,,51,-145.81900000000002,112.61499999999998,664.573,55.15,52.3,36.8,83.3,true,false,1.23,1.58,"單日成交金額低於5,000萬元；20日趨勢尚未上彎"
343,9942,茂順,TWSE,其他,不建立部位,保護持有,今天不新增部位；未完成確認前不機械式賣出,下一交易日收盤，確認是否收復防守區,已有部位暫停加碼；若收盤跌破60日EMA約 118.70，且下一交易日仍未收復，先減碼三分之一；若ETF或外資繼續轉弱，再分批降低部位。,54.9,67,77.8,85,91,可用,118.5,118.5,26.64,15.31,24.47,24.59,354.85,2.22,14.07,2.12,6.06,1,0,0,0,0,2,0,3,-91.642,4.648000000000003,404.09900000000005,0,0,0,2,0,0,0,-13,-60,4.73,8,62,178,,8,-78.642,64.648,263.099,50.24,44.98,34.9,65.12,true,false,0.38,3.04,"單日成交金額低於5,000萬元；中期趨勢仍向下；20日趨勢尚未上彎"
344,6183,關貿,TWSE,資訊服務業,不建立部位,保護持有,今天不新增部位；未完成確認前不機械式賣出,下一交易日收盤，確認是否收復防守區,已有部位暫停加碼；若收盤跌破60日EMA約 91.33，且下一交易日仍未收復，先減碼三分之一；若ETF或外資繼續轉弱，再分批降低部位。,62.2,66.8,61.8,85,100,完整,92.9,92.9,7.45,9,29.53,49.64,147.35,2.41,20.4,5.13,3.87,2,0,0,0,1,47,0,2,2.944000000000001,89.54400000000001,289.044,0,0,1,47,0,0,0,-9.056,-6.055999999999999,1.18,-7,106,95,,-8,12,94.6,245.1,57.79,59.89,59.91,59.86,false,false,1.42,1.09,"單日成交金額低於5,000萬元"
345,6585,鼎基,TWSE,其他,不建立部位,保護持有,今天不新增部位；未完成確認前不機械式賣出,下一交易日收盤，確認是否收復防守區,已有部位暫停加碼；若收盤跌破60日EMA約 116.66，且下一交易日仍未收復，先減碼三分之一；若ETF或外資繼續轉弱，再分批降低部位。,56.5,66.1,69.3,85,85,完整,117.5,117.5,91.44,13.81,25.03,26.52,175.41,4.81,14.88,2.12,3.9,1,0,-1,-1,2,57,0,-141.966,-588.4920000000001,-326.6250000000001,-402.16200000000015,0,-1,2,57,0,1,-115500,-1.1129999999999995,-3.983999999999998,3.11,-152,-381,-348,,-143,-586.379,-324.64099999999996,-449.02399999999994,47.38,61.5,52.87,78.77,false,false,-1.33,4.91,"單日成交金額低於5,000萬元；外資持股5/10日下降，且外資5日賣超；20日趨勢尚未上彎；當下除權息調整價未守20日EMA"
346,2547,日勝生,TWSE,建材營造,不建立部位,保護持有,今天不新增部位；未完成確認前不機械式賣出,下一交易日收盤，確認是否收復防守區,已有部位暫停加碼；若收盤跌破60日EMA約 10.63，且下一交易日仍未收復，先減碼三分之一；若ETF或外資繼續轉弱，再分批降低部位。,61.4,65.7,46.6,85,91,可用,10.75,10.75,141.99,43.61,21.82,75.59,87.59,0.06,76.07,0.77,7.51,1,0,-8,-21,-47,-77,0,2570.457,3073.8899999999994,10570.477,8248.996,0,-20.887999999999998,-46.81999999999999,398.728,0,2,-222457,-94.59,-11.100000000000007,14.19,2507,12387,10203,,2504.457,3189.368,10628.397,7787.956000000001,56.41,74.7,58.45,107.21,false,false,2.25,4.37,"單日成交金額低於5,000萬元；ETF短中期同步減碼；20日趨勢尚未上彎"
347,3653,健策,TWSE,電子零組件業,不建立部位,優先降低風險,依風險與流動性分批降低部位,風險解除且基本面與趨勢重新確認後,已有部位應優先降低曝險；目前觸發「外資持股5/10日下降且外資5日賣超」。待事件解除或基本面重新確認後再評估。,64.6,65.4,63.3,85,91,可用,4135,4135,57.64,26.64,31.98,29.4,241.82,9.53,121.16,30.34,0.5,37,-1,194,523,1102,1460,508,45.377,892.0740000000001,935.859,1356.4610000000002,59,1633.6019999999999,2977,3870.303,5,0,7155176760,42.278000000000006,72.55900000000003,25.21,-18,-2236,-2757,,-14.805,-783.806,-2113.7,-2731.77,60.01,78.74,76.28,83.64,false,false,9.82,9.68,處置或交易限制風險；外資持股5/10日下降，且外資5日賣超
348,7749,意騰-KY,TWSE,半導體業,不建立部位,保護持有,今天不新增部位；未完成確認前不機械式賣出,下一交易日收盤，確認是否收復防守區,已有部位暫停加碼；若收盤跌破60日EMA約 401.71，且下一交易日仍未收復，先減碼三分之一；若ETF或外資繼續轉弱，再分批降低部位。,49.3,65.4,80,85,91,可用,355.5,355.5,64.48,64.12,32,10.43,897.15,3.56,27.61,4.06,2.62,1,-10,-10,-10,0,0,0,-19,-15.335999999999999,64.29599999999999,-83.66400000000002,-10,-10,0,0,0,1,-3440000,-5.349,-12.879999999999999,23.26,-21,312,191,,-9,0.0129999999999999,77.176,-60.80300000000001,44.83,75.77,59.51,108.29,false,false,-0.56,5.18,"單日成交金額低於5,000萬元；中期趨勢仍向下；ETF 1/3日已轉為減碼；20日趨勢尚未上彎；當下除權息調整價未守20日EMA"
349,4763,材料*-KY,TWSE,化學工業,不建立部位,優先降低風險,依風險與流動性分批降低部位,風險解除且基本面與趨勢重新確認後,已有部位應優先降低曝險；目前觸發「單月與累計營收同步明顯衰退」。待事件解除或基本面重新確認後再評估。,70.3,64.8,73.6,85,91,可用,50,50,-10.11,-30.69,49.58,6.15,1311.55,1.13,9.65,2.29,6.11,7,0,99,93,33,1370,99,3337.376,4337.561,3611.0789999999997,8831.502,0,97.112,51.83,1691.6879999999999,1,1,4845889,-64.73399999999998,-267.9,47.2,4290,4641,10438,,3285.176,4305.183000000001,3827.149000000001,7059.201000000001,57.04,63.21,55.07,79.48,false,false,2.73,0.3,營收動能同步衰退；累計營收負成長且當月改善不足
350,1232,大統益,TWSE,食品工業,不建立部位,保護持有,今天不新增部位；未完成確認前不機械式賣出,下一交易日收盤，確認是否收復防守區,已有部位暫停加碼；若收盤跌破60日EMA約 150.97，且下一交易日仍未收復，先減碼三分之一；若ETF或外資繼續轉弱，再分批降低部位。,66,64.5,49.9,85,100,完整,156,156,16.3,9.34,8.36,46.42,205.52,4.71,17.33,4.54,4.6,1,0,0,0,2,30,0,41.834,-269.536,189.12800000000004,497.768,0,0,2,29,0,0,0,-25,-20.004,2.83,71,338,125,,40.834,-244.536,207.132,486.41800000000006,55.39,50.76,38.2,75.86,true,false,1.37,1.63,"單日成交金額低於5,000萬元"
351,2420,新巨,TWSE,電子零組件業,不建立部位,保護持有,今天不新增部位；未完成確認前不機械式賣出,下一交易日收盤，確認是否收復防守區,已有部位暫停加碼；若收盤跌破60日EMA約 57.80，且下一交易日仍未收復，先減碼三分之一；若ETF或外資繼續轉弱，再分批降低部位。,55.2,64.5,80.7,85,91,可用,56.5,56.5,10.73,1.47,29.85,28.03,376.2,1.05,14.04,2.03,5.42,1,8,8,8,22,22,0,-76.056,424.942,328.60200000000003,-386.71799999999996,8,8,22,22,1,0,442400,-30.946999999999996,-7.701999999999995,7.58,-62,425,203,,-106.89,447.889,314.304,-422.178,47.53,70.07,53.22,103.76,false,false,0.24,3.86,"單日成交金額低於5,000萬元；中期趨勢仍向下；20日趨勢尚未上彎"
352,2539,櫻花建,TWSE,建材營造,不建立部位,保護持有,今天不新增部位；未完成確認前不機械式賣出,下一交易日收盤，確認是否收復防守區,已有部位暫停加碼；若收盤跌破60日EMA約 40.95，且下一交易日仍未收復，先減碼三分之一；若ETF或外資繼續轉弱，再分批降低部位。,64.7,64.4,67.1,85,91,可用,42.85,42.85,79.55,22.59,40.49,41.67,297.64,0.68,15.3,2.76,6.47,3,0,0,0,0,-154,0,282,367.126,3231.96,5246.478000000001,0,0,0,-154,0,0,0,-118.953,-46.719,2.35,510,3570,4036,,306,486.07899999999995,3278.6789999999996,5372.194,59.78,75.68,73.43,80.2,false,false,2.73,1.06,"單日成交金額低於5,000萬元"
353,2832,台產,TWSE,金融保險業,不建立部位,保護持有,今天不新增部位；未完成確認前不機械式賣出,下一交易日收盤，確認是否收復防守區,已有部位暫停加碼；若收盤跌破60日EMA約 55.79，且下一交易日仍未收復，先減碼三分之一；若ETF或外資繼續轉弱，再分批降低部位。,55.8,64.1,67.6,85,91,可用,58.5,58.5,7.27,8.04,,52.67,,1.64,11.27,1.21,5.97,1,0,-1,-3,-8,53,0,61,-67.39500000000001,485.03000000000003,586.162,0,-3.625,-8.125,52.446,0,2,-212425,-7.769999999999999,-14.769999999999996,4.52,50,424,419,,50,-56,507.92500000000007,549.4860000000001,57.43,62.67,65.12,57.79,false,true,1.47,-2.99,"單日成交金額低於5,000萬元；ETF短中期同步減碼；20日累積後5日轉為調節"
354,1419,新紡,TWSE,紡織纖維,不建立部位,保護持有,今天不新增部位；未完成確認前不機械式賣出,下一交易日收盤，確認是否收復防守區,已有部位暫停加碼；若收盤跌破60日EMA約 66.04，且下一交易日仍未收復，先減碼三分之一；若ETF或外資繼續轉弱，再分批降低部位。,59,64.1,70.4,85,71,可用,65,65,17.98,28.04,10.51,20.53,161.5,9.37,4.86,0.94,2.81,2,0,0,140,142,235,140,-15,-103.37100000000001,158.13299999999998,342.029,0,140,142,232,2,0,8960000,-26,-22,1.39,-43,367,234,,-25,-217.37099999999998,38.133000000000024,114.14100000000002,44.15,21.65,31.87,1.23,false,false,-2.07,-4.13,"單日成交金額低於5,000萬元；中期趨勢仍向下；20日趨勢尚未上彎；當下除權息調整價未守20日EMA；單季稅前獲利對營業外貢獻依賴偏高"
355,6024,群益期,TWSE,金融保險業,不建立部位,保護持有,今天不新增部位；未完成確認前不機械式賣出,下一交易日收盤，確認是否收復防守區,已有部位暫停加碼；若收盤跌破60日EMA約 57.83，且下一交易日仍未收復，先減碼三分之一；若ETF或外資繼續轉弱，再分批降低部位。,58.4,64,67.5,85,91,可用,62.1,62.1,124.15,-29.03,,87.11,113.58,1.76,10.03,1.37,5.79,2,0,-1,-5,15,138,0,107.982,83.61200000000001,218.85700000000008,218.67600000000007,0,-5,2,125,0,2,-299500,-14,-6,4.91,108,282,275,,107.982,102.61200000000001,222.85700000000008,94.67600000000007,66.95,71.61,55.86,103.1,false,false,4.2,6.52,"單日成交金額低於5,000萬元；20日累積後5日轉為調節；20日趨勢尚未上彎"
356,2423,固緯,TWSE,其他電子業,不建立部位,保護持有,今天不新增部位；未完成確認前不機械式賣出,下一交易日收盤，確認是否收復防守區,已有部位暫停加碼；若收盤跌破60日EMA約 72.47，且下一交易日仍未收復，先減碼三分之一；若ETF或外資繼續轉弱，再分批降低部位。,54.9,63.9,74.2,85,71,可用,72.5,72.5,26.66,23.96,25.97,29.35,257.46,1.3,21.49,3.95,3.27,2,0,3,7,8,53,0,27,54.68000000000001,204.99400000000003,246.55200000000008,0,0,1,46,0,0,0,-25.113,-23.113,5.18,26,181,412,,26,79.793,227.10700000000003,225.392,46.76,76.09,66.93,94.43,false,false,-1.94,0.42,"單日成交金額低於5,000萬元；20日趨勢尚未上彎；當下除權息調整價未守20日EMA"
357,6192,巨路,TWSE,其他電子業,不建立部位,降低部位,停止加碼；反彈未站回恢復區時分批減碼,每個交易日收盤後，確認是否站回恢復區,已有部位先停止加碼。反彈若仍未站回 118.37，分批降低部位；只有站回且ETF／外資賣壓收斂後才重新評估。,51.9,63.6,73.4,85,91,可用,116,116,16.94,5.75,17.1,42.57,213.85,2.63,11.82,1.53,5.02,1,0,0,0,0,2,0,12.715,-20.145,-335.664,-329.2799999999999,0,0,0,2,0,0,0,-11.531,-62.043000000000006,24.52,6,-263,-380,,6,-8.613999999999997,-273.621,-275.513,50.79,79.93,68.28,103.23,false,false,0.97,2.65,"單日成交金額低於5,000萬元；中期趨勢仍向下；外資持股5/10日下降，且外資5日賣超；20日趨勢尚未上彎"
358,2414,精技,TWSE,電子通路業,不建立部位,保護持有,今天不新增部位；未完成確認前不機械式賣出,下一交易日收盤，確認是否收復防守區,已有部位暫停加碼；若收盤跌破60日EMA約 56.23，且下一交易日仍未收復，先減碼三分之一；若ETF或外資繼續轉弱，再分批降低部位。,52.1,63.1,52.5,85,85,完整,56.7,56.7,87.26,46.2,2.85,76.08,120,2.53,13.55,2.86,5.39,1,0,-7,-6,7,278,0,-96,-329.259,114.04099999999998,-1196.0669999999998,0,-6,7,278,1,2,-334200,-94,-118,5,-111,501,-827,,-102,-229.25900000000004,225.04099999999994,-1390.0670000000002,46.94,48.65,55.38,35.17,false,true,-1.84,-1.05,"單日成交金額低於5,000萬元；20日趨勢尚未上彎；當下除權息調整價未守20日EMA"
359,3003,健和興,TWSE,電子零組件業,不建立部位,保護持有,今天不新增部位；未完成確認前不機械式賣出,下一交易日收盤，確認是否收復防守區,已有部位暫停加碼；若收盤跌破60日EMA約 60.94，且下一交易日仍未收復，先減碼三分之一；若ETF或外資繼續轉弱，再分批降低部位。,62,62,65.4,85,91,可用,68.7,68.7,36.15,31.5,8.87,21.85,464.19,0.47,61.88,1.51,1.6,2,0,0,1,1,1,0,215.286,580.761,642.375,-353.03800000000007,0,0,0,0,0,0,0,-28.455,-11.698999999999995,4.42,161,320,-378,,210,609.216,654.0740000000001,-436.515,65.96,82.41,63.95,119.33,false,false,12.96,20.32,"單日成交金額低於5,000萬元；20日趨勢尚未上彎；短線過熱或乖離過大"
360,8046,南電,TWSE,電子零組件業,不建立部位,優先降低風險,依風險與流動性分批降低部位,風險解除且基本面與趨勢重新確認後,已有部位應優先降低曝險；目前觸發「處置或交易限制事件」。待事件解除或基本面重新確認後再評估。,60.9,61.9,60.6,85,100,完整,1130,1130,50.03,37.2,17.18,24.03,338.73,5.53,126.91,14.17,0.19,32,-6,-9,17,420,2988,0,-816.736,-28.892999999999915,255.41699999999958,-4850.179,0,-152,-2096.02,10128.758,1,2,-164160000,701.7660000000001,1008.6560000000001,13.22,-74,1943,-4987,,-841.918,-578.6590000000001,1342.7810000000004,-15668.045000000002,53.84,72.27,55.36,106.09,false,false,5.58,18.57,處置或交易限制風險；ETF 1/3日已轉為減碼；20日趨勢尚未上彎；高波動且5日漲幅過大
361,9911,櫻花,TWSE,居家生活,不建立部位,降低部位,停止加碼；反彈未站回恢復區時分批減碼,每個交易日收盤後，確認是否站回恢復區,已有部位先停止加碼。反彈若仍未站回 83.21，分批降低部位；只有站回且ETF／外資賣壓收斂後才重新評估。,55.3,61.6,64.2,85,100,完整,82.8,82.8,6.72,6.3,15.65,37.15,166.9,3.26,12.81,2.78,6.05,2,0,0,1,15,18,0,88,-586.8509999999999,-616.3739999999998,-498.11899999999986,0,3,17,18,1,0,247800,-76.602,-61.602000000000004,18.86,98,-341,-246,,98,-513.249,-571.7719999999999,-473.396,50.85,49.92,35.47,78.81,true,false,0.28,0.98,"單日成交金額低於5,000萬元；中期趨勢仍向下；外資持股5/10日下降，且外資5日賣超；20日趨勢尚未上彎"
362,1537,廣隆,TWSE,電機機械,不建立部位,保護持有,今天不新增部位；未完成確認前不機械式賣出,下一交易日收盤，確認是否收復防守區,已有部位暫停加碼；若收盤跌破60日EMA約 125.91，且下一交易日仍未收復，先減碼三分之一；若ETF或外資繼續轉弱，再分批降低部位。,60.6,61,63.5,85,91,可用,127,127,14.05,0.69,11.36,22.65,520.51,2.11,16.71,2.26,5.67,1,0,0,0,0,1,0,-15.63,-106.703,19.873,343.95700000000005,0,0,0,1,0,0,0,-30.862000000000002,29.173999999999996,15.96,-38,-32,83,,-8.627,-75.84100000000001,-9.301000000000002,242.408,54.71,47.2,37.61,66.37,true,false,0.53,0.4,"單日成交金額低於5,000萬元"
363,2535,達欣工,TWSE,建材營造,不建立部位,保護持有,今天不新增部位；未完成確認前不機械式賣出,下一交易日收盤，確認是否收復防守區,已有部位暫停加碼；若收盤跌破60日EMA約 86.17，且下一交易日仍未收復，先減碼三分之一；若ETF或外資繼續轉弱，再分批降低部位。,69.2,60.8,48.1,85,100,完整,90.5,90.5,19.94,22.31,9.12,64.06,185.27,6.32,8.82,2.17,5.11,2,0,0,241,241,245,241,-211,-251.764,2.813999999999993,-66.554,0,241,244,249,2,0,21714100,-90.97999999999999,-90.28899999999999,7.18,-191,-64,-106,,-212,-401.784,-150.897,-229.06,55.71,65.95,65.86,66.12,false,false,1.91,1.23,"單日成交金額低於5,000萬元；外資持股5/10日下降，且外資5日賣超"
364,1720,生達,TWSE,生技醫療業,不建立部位,保護持有,今天不新增部位；未完成確認前不機械式賣出,下一交易日收盤，確認是否收復防守區,已有部位暫停加碼；若收盤跌破60日EMA約 57.09，且下一交易日仍未收復，先減碼三分之一；若ETF或外資繼續轉弱，再分批降低部位。,49.2,60.8,73.2,85,91,可用,56.7,56.7,9.11,1.64,20.8,25.03,204.52,1.3,10.56,1.69,5.26,1,0,0,0,1,9,0,143.936,207.86100000000002,717.32,327.45200000000006,0,0,1,3,0,0,0,-60.047,-55.191,5.63,140,543,272,,137.936,267.90799999999996,771.511,372.634,45.89,36.22,37.33,33.98,false,false,-0.68,-0.35,"單日成交金額低於5,000萬元；中期趨勢仍向下；20日趨勢尚未上彎；當下除權息調整價未守20日EMA"
365,4441,振大環球,TWSE,紡織纖維,不建立部位,保護持有,今天不新增部位；未完成確認前不機械式賣出,下一交易日收盤，確認是否收復防守區,已有部位暫停加碼；若收盤跌破60日EMA約 189.73，且下一交易日仍未收復，先減碼三分之一；若ETF或外資繼續轉弱，再分批降低部位。,56.3,60.7,66.4,85,100,完整,198.5,198.5,-3.51,10.64,17.62,30.51,243.38,9.08,10.55,1.89,5.67,1,0,0,0,0,0,0,-38,-87.075,-99.52,-21.825999999999993,0,0,0,0,0,0,0,4.051,9,1.1,-77,-169,-118,,-38,-91.126,-108.52000000000001,-40.388000000000005,66.17,85.37,73.52,109.08,false,false,8.17,13.11,"單日成交金額低於5,000萬元；外資持股5/10日下降，且外資5日賣超"
366,3037,欣興,TWSE,電子零組件業,不建立部位,優先降低風險,依風險與流動性分批降低部位,風險解除且基本面與趨勢重新確認後,已有部位應優先降低曝險；目前觸發「處置或交易限制事件」。待事件解除或基本面重新確認後再評估。,66,60.4,44.4,85,100,可用,992,992,36.31,28.42,11.71,59.23,176.35,11.7,63.58,12.26,0.21,48,40,898,5062,8158,13509,4665,-764.264,15308.168000000001,9583.785,4297.467000000001,74,9169.169,13857.042000000001,24601.440000000002,5,0,8756556395,-569.1859999999999,673.2910000000002,36.3,-959,-7040,33483,,-790.555,6708.185000000001,-4946.547999999999,-20725.357,58.98,84.89,73.61,107.45,false,false,11.68,14.68,處置或交易限制風險；外資持股趨勢資料不足或期間有非市場異動；高波動且5日漲幅過大；單季稅前獲利對營業外貢獻依賴偏高
367,1615,大山,TWSE,電器電纜,不建立部位,保護持有,今天不新增部位；未完成確認前不機械式賣出,下一交易日收盤，確認是否收復防守區,已有部位暫停加碼；若收盤跌破60日EMA約 43.98，且下一交易日仍未收復，先減碼三分之一；若ETF或外資繼續轉弱，再分批降低部位。,47.9,59.4,75.1,85,71,可用,42.25,42.25,28.36,2.23,19.03,23,277.39,0.94,8.9,1.7,6.16,1,0,0,0,1,63,0,-4.43,6.57,159.57,126.07799999999997,0,0,1,62,0,0,0,-10,0,0.93,-1,253,-155,,-3.43,16.57,158.57,53.077999999999975,37.74,44.98,37.2,60.55,false,false,-1.77,0.84,"單日成交金額低於5,000萬元；中期趨勢仍向下；20日趨勢尚未上彎；當下除權息調整價未守20日EMA"
368,2546,根基,TWSE,建材營造,不建立部位,保護持有,今天不新增部位；未完成確認前不機械式賣出,下一交易日收盤，確認是否收復防守區,已有部位暫停加碼；若收盤跌破60日EMA約 83.99，且下一交易日仍未收復，先減碼三分之一；若ETF或外資繼續轉弱，再分批降低部位。,66.7,59.1,46.7,85,100,完整,92.6,92.6,44.27,21.26,12.17,61.6,158.04,8.89,10.42,2.09,6.05,3,0,0,163,164,229,163,-148.595,-484.39500000000004,90.08399999999993,364.25499999999994,0,163,164,229,2,0,16153300,-30.714,-26.714,3.57,-158,-185,-204,,-149.001,-616.6809999999999,-47.2019999999999,114.96900000000011,66.6,63.6,62.93,64.93,true,false,5.44,-0.28,"單日成交金額低於5,000萬元；外資持股5/10日下降，且外資5日賣超"
369,6756,威鋒電子,TWSE,半導體業,不建立部位,保護持有,今天不新增部位；未完成確認前不機械式賣出,下一交易日收盤，確認是否收復防守區,已有部位暫停加碼；若收盤跌破60日EMA約 95.28，且下一交易日仍未收復，先減碼三分之一；若ETF或外資繼續轉弱，再分批降低部位。,58,58.4,52,85,91,可用,99.9,99.9,50.06,16.36,-12.22,24.85,205.7,0.64,65.46,2.38,0.9,1,0,0,0,0,0,0,16.531,380.71,326.31399999999996,215.262,0,0,0,0,0,0,0,-16.746000000000002,-9.441999999999998,3.71,27,434,340,,15.456,397.456,335.75600000000003,221.02100000000002,54.87,75.77,71.71,83.9,false,false,3.65,4.72,"單日成交金額低於5,000萬元；20日趨勢尚未上彎；單季稅前獲利對營業外貢獻依賴偏高"
370,2897,王道銀行,TWSE,金融保險業,不建立部位,降低部位,停止加碼；反彈未站回恢復區時分批減碼,每個交易日收盤後，確認是否站回恢復區,已有部位先停止加碼。反彈若仍未站回 10.28，分批降低部位；只有站回且ETF／外資賣壓收斂後才重新評估。,43,58.1,68.7,85,91,可用,10.15,10.15,14.1,30.36,,90.87,,0.28,14.93,0.69,5.12,1,0,0,-2669,-2669,-2357,-2669,1214,-2583.328,10447.376,9307.887000000002,0,-2669,-2669,-2357,0,2,-27090350,-617,-505.898,8.82,1203,19660,19175,,1209,702.672,13622.274000000001,12008.035000000003,42.03,32.88,37.81,23.03,false,true,-1.13,-0.49,"單日成交金額低於5,000萬元；中期趨勢仍向下；ETF短中期同步減碼；主動ETF 5日轉為減碼；20日趨勢尚未上彎；當下除權息調整價未守20日EMA"
371,2455,全新,TWSE,通信網路業,不建立部位,優先降低風險,依風險與流動性分批降低部位,風險解除且基本面與趨勢重新確認後,已有部位應優先降低曝險；目前觸發「處置或交易限制事件」。待事件解除或基本面重新確認後再評估。,56.6,57.8,53.4,85,98.9,完整,384.5,384.5,23.55,27.65,23.4,35.4,220.15,2.2,89.22,18.43,0.72,15,-1,-2,-9,229,318,-6,-1877.896,-1776.8169999999996,-2309.701,1432.246,4,547,759,1312,4,0,199108000,136.782,-228.85399999999998,27.53,-1774,-1339,885,,-1947.821,-2460.5989999999997,-2839.8469999999998,1085.404,59.77,79.77,71.86,95.6,false,false,13.87,19.78,處置或交易限制風險；20日累積後5日轉為調節；ETF 1/3日已轉為減碼；主動ETF 5日轉為減碼；短線過熱或乖離過大；高波動且5日漲幅過大；估值高且成長不足以支撐；融資增幅與短線漲幅同步偏高；借券賣出與借券賣出餘額壓力升高
372,3167,大量,TWSE,電機機械,不建立部位,優先降低風險,依風險與流動性分批降低部位,風險解除且基本面與趨勢重新確認後,已有部位應優先降低曝險；目前觸發「價格跌破60日EMA且20日趨勢向下」。待事件解除或基本面重新確認後再評估。,42.3,56.8,50.5,85,88,可用,655,655,139.66,127.28,21.03,65.6,141.97,3.19,67.35,17.09,0.57,4,0,0,-86,-147,-223,-86,35.348,-146.795,-276.66299999999995,-551.7869999999999,0,-340,-2529,-2132,0,3,-234940000,-99.027,225.55600000000004,11.98,25,2544,2287,,65.672,292.23199999999997,2026.781,1327.2539999999997,48.03,73.34,58.7,102.61,false,false,-0.09,22.66,處置或交易限制風險；中期趨勢仍向下；ETF短中期同步減碼；主動ETF 5日轉為減碼；投信5/10日持續且具金額意義的賣超；外資持股趨勢資料不足或期間有非市場異動；20日趨勢尚未上彎；當下除權息調整價未守20日EMA；短線過熱或乖離過大；高波動且5日漲幅過大
373,5236,凌陽創新,TWSE,半導體業,不建立部位,保護持有,今天不新增部位；未完成確認前不機械式賣出,下一交易日收盤，確認是否收復防守區,已有部位暫停加碼；若收盤跌破60日EMA約 154.15，且下一交易日仍未收復，先減碼三分之一；若ETF或外資繼續轉弱，再分批降低部位。,42.1,56.7,70.7,85,100,完整,144,144,12.78,17.77,33.2,30.49,329.86,5.86,13.88,3.46,6.32,1,-20,-20,-20,0,0,0,-48.326,-119.28999999999999,-157.03199999999998,-413.377,-20,-20,0,0,0,1,-2850000,-24.860000000000003,-5.404000000000002,6.81,-28,-362,4067,,-26,-74.42999999999999,-151.62800000000001,-400.318,42.52,58.53,56.8,61.99,false,false,-2.71,-0.35,"單日成交金額低於5,000萬元；中期趨勢仍向下；ETF 1/3日已轉為減碼；20日趨勢尚未上彎；當下除權息調整價未守20日EMA"
374,2497,怡利電,TWSE,汽車工業,不建立部位,保護持有,今天不新增部位；未完成確認前不機械式賣出,下一交易日收盤，確認是否收復防守區,已有部位暫停加碼；若收盤跌破60日EMA約 54.23，且下一交易日仍未收復，先減碼三分之一；若ETF或外資繼續轉弱，再分批降低部位。,46.1,56.7,56.1,85,91,可用,48.25,48.25,52.52,21.2,8.13,48.83,155.09,0.8,21.02,2.01,4.21,1,0,0,0,0,0,0,-201.657,-49.44000000000001,-613.627,-1350.2740000000001,0,0,0,0,0,0,0,-59.873999999999995,48.839000000000006,3.56,-150,-762,-1273,,-155.581,10.434000000000012,-662.466,-1404.1720000000003,40.86,60.5,45.38,90.74,false,false,-4.22,5.7,"單日成交金額低於5,000萬元；中期趨勢仍向下；20日趨勢尚未上彎；當下除權息調整價未守20日EMA"
375,1307,三芳,TWSE,塑膠工業,不建立部位,降低部位,停止加碼；反彈未站回恢復區時分批減碼,每個交易日收盤後，確認是否站回恢復區,已有部位先停止加碼。反彈若仍未站回 32.65，分批降低部位；只有站回且ETF／外資賣壓收斂後才重新評估。,39.9,56.6,64.7,85,91,可用,30.9,30.9,11.11,4.77,13.9,45.87,164.97,0.97,11.86,1.32,6.77,1,-2,-2,-24,-24,-37,0,118.001,292.59599999999995,-97.88600000000008,982.0799999999999,-2,-24,-24,153.28900000000002,0,3,-780000,-58.78500000000001,-62.29700000000002,7.35,63,263,859,,116.001,375.381,-11.589000000000055,1159.969,40.11,62.58,62.03,63.68,false,false,-3.45,-1.44,"單日成交金額低於5,000萬元；中期趨勢仍向下；ETF短中期同步減碼；ETF 1/3日已轉為減碼；20日趨勢尚未上彎；當下除權息調整價未守20日EMA"
376,2528,皇普,TWSE,建材營造,不建立部位,保護持有,今天不新增部位；未完成確認前不機械式賣出,下一交易日收盤，確認是否收復防守區,已有部位暫停加碼；若收盤跌破60日EMA約 19.62，且下一交易日仍未收復，先減碼三分之一；若ETF或外資繼續轉弱，再分批降低部位。,56.5,56.4,55.5,85,100,完整,20.75,20.75,-5.37,-68.41,23.42,65.26,190.14,0.57,8.37,1.19,14.56,1,0,-3,-9,159,172,0,106,118.215,-7.1419999999999675,1218.8449999999998,0,-8.305,-17.262,-103.159,0,2,-171083,-298,-339,1.46,140,513,1105,,147,424.52,349.12,1730.004,67.02,78.07,69.66,94.88,false,false,5.4,6.41,"單日成交金額低於5,000萬元；累計營收負成長且當月改善不足；20日累積後5日轉為調節"
377,3189,景碩,TWSE,半導體業,不建立部位,優先降低風險,依風險與流動性分批降低部位,風險解除且基本面與趨勢重新確認後,已有部位應優先降低曝險；目前觸發「外資持股5/10日下降且外資5日賣超」。待事件解除或基本面重新確認後再評估。,62.8,55.5,37.1,85,100,完整,836,836,32.27,29.79,10.89,37.32,172.99,3.74,152.69,9.75,0.18,21,37,1900,1908,2219,2094,1904,-2001.563,3536.039,1756.4680000000003,80.92700000000059,-142,3525.41,3702.891,6847.861,3,2,2901412430,174.045,-316.43,20.05,-1456,-4030,-5814,,-1660.821,-163.41599999999983,-1629.993,-5702.728999999999,58.41,85.49,71.2,114.08,false,false,11.16,19.77,處置或交易限制風險；外資持股5/10日下降，且外資5日賣超；高波動且5日漲幅過大
378,5534,長虹,TWSE,建材營造,不建立部位,降低部位,停止加碼；反彈未站回恢復區時分批減碼,每個交易日收盤後，確認是否站回恢復區,已有部位先停止加碼。反彈若仍未站回 78.74，分批降低部位；只有站回且ETF／外資賣壓收斂後才重新評估。,55.3,55.4,56.8,85,91,可用,78.3,78.3,124.21,34.2,8.61,52.34,200.43,0.19,16,1.09,7.02,2,0,0,284,284,284,284,91.456,-567.019,-715.729,858.9359999999999,0,134,134,-31,2,0,10505600,149.77200000000002,155.88300000000007,9.2,-501,-1768,-935,,87.2,-850.7909999999999,-1005.612,494.94599999999997,46.25,45.51,38.49,59.55,false,false,-0.48,0.9,"單日成交金額低於5,000萬元；中期趨勢仍向下；外資持股5/10日下降，且外資5日賣超；20日趨勢尚未上彎；當下除權息調整價未守20日EMA"
379,1712,興農,TWSE,化學工業,不建立部位,降低部位,停止加碼；反彈未站回恢復區時分批減碼,每個交易日收盤後，確認是否站回恢復區,已有部位先停止加碼。反彈若仍未站回 39.90，分批降低部位；只有站回且ETF／外資賣壓收斂後才重新評估。,48.9,55,49.2,85,100,完整,39.35,39.35,4.08,3.12,8.25,47.84,141.74,1.56,15.71,2.09,6.42,2,0,-3,-9,-21,424,0,70.634,-2053.4620000000004,-1146.2920000000008,-2552.4760000000006,0,-6.3039999999999985,-6.854999999999999,598.409,1,2,-245541,-98.524,-51.86300000000001,13.02,207,-1764,-2243,,63.634,-1948.634,-1087.5739999999998,-3088.441,51.11,34.69,30.28,43.53,true,false,0.4,1.03,"單日成交金額低於5,000萬元；中期趨勢仍向下；ETF短中期同步減碼；20日累積後5日轉為調節；外資持股5/10日下降，且外資5日賣超；20日趨勢尚未上彎"
380,2323,中環,TWSE,光電業,不建立部位,保護持有,今天不新增部位；未完成確認前不機械式賣出,下一交易日收盤，確認是否收復防守區,已有部位暫停加碼；若收盤跌破60日EMA約 10.65，且下一交易日仍未收復，先減碼三分之一；若ETF或外資繼續轉弱，再分批降低部位。,49.9,55,63.8,85,91,可用,10.25,10.25,38.84,16.06,6.21,33.28,277.29,-0.41,4.7,0.59,1.95,1,45,45,45,112,123,0,241.3,3087.9010000000003,-8303.41,-21120.516,45,45,112,123,1,0,461250,48.58600000000001,-605.062,10.4,118,-5057,-13537,,118.3,2994.315,-7810.348,-18733.34,46.23,74.64,63.3,97.33,false,false,-1.03,0.99,"單日成交金額低於5,000萬元；中期趨勢仍向下；ETF加碼，但外資持股5/10日同步下降；20日趨勢尚未上彎；當下除權息調整價未守20日EMA"
381,2415,錩新,TWSE,電子零組件業,不建立部位,保護持有,今天不新增部位；未完成確認前不機械式賣出,下一交易日收盤，確認是否收復防守區,已有部位暫停加碼；若收盤跌破60日EMA約 31.75，且下一交易日仍未收復，先減碼三分之一；若ETF或外資繼續轉弱，再分批降低部位。,45.2,54.9,54.8,85,71,可用,31,31,9.2,10.25,11.14,69.2,133.88,0.35,16.43,1.6,5.04,1,0,-5,-5,7,234,0,-20,-51.980000000000004,122.38599999999998,-50.301000000000016,0,-5,7,234,1,2,-157750,-15,-2.813999999999999,21.22,14,130,-124,,-20,-31.980000000000004,118.19999999999999,-287.682,42.77,59.82,47.38,84.72,false,false,-3.65,1.14,"單日成交金額低於5,000萬元；中期趨勢仍向下；20日趨勢尚未上彎；當下除權息調整價未守20日EMA"
382,5234,達興材料,TWSE,光電業,不建立部位,保護持有,今天不新增部位；未完成確認前不機械式賣出,下一交易日收盤，確認是否收復防守區,已有部位暫停加碼；若收盤跌破60日EMA約 364.38，且下一交易日仍未收復，先減碼三分之一；若ETF或外資繼續轉弱，再分批降低部位。,50.5,54.7,57.6,85,91,可用,333,333,21.77,10.01,20.1,41.63,176.52,2.21,42.34,10.85,1.99,4,0,0,0,1,3,0,-21.148,-20.816,-232.09900000000002,-1097.781,0,-5,-2,-29,0,1,-1630000,21.026999999999997,-334.156,9.13,-19,122,-405,,-18.359,-36.843,104.05699999999999,-622.703,45.8,77.97,64.46,104.99,false,false,-0.81,2.46,"單日成交金額低於5,000萬元；中期趨勢仍向下；20日趨勢尚未上彎；當下除權息調整價未守20日EMA"
383,6115,鎰勝,TWSE,電子零組件業,不建立部位,保護持有,今天不新增部位；未完成確認前不機械式賣出,下一交易日收盤，確認是否收復防守區,已有部位暫停加碼；若收盤跌破60日EMA約 46.68，且下一交易日仍未收復，先減碼三分之一；若ETF或外資繼續轉弱，再分批降低部位。,44.4,54.5,69.2,85,91,可用,45.25,45.25,15.96,11.79,8.93,34.53,261.24,0.71,15.95,1.53,6.18,1,0,0,0,0,0,0,126,46,117.3,-247.7,0,0,0,0,0,0,0,-30,-9,5.44,101,252,302,,101,76,126.3,-240.7,40.54,30.48,32.24,26.97,false,false,-1.05,0,"單日成交金額低於5,000萬元；中期趨勢仍向下；20日趨勢尚未上彎；當下除權息調整價未守20日EMA"
384,2597,潤弘,TWSE,建材營造,不建立部位,保護持有,今天不新增部位；未完成確認前不機械式賣出,下一交易日收盤，確認是否收復防守區,已有部位暫停加碼；若收盤跌破60日EMA約 166.02，且下一交易日仍未收復，先減碼三分之一；若ETF或外資繼續轉弱，再分批降低部位。,59.9,54.3,43.3,85,91,可用,168,168,2.95,15.29,13.49,57.34,134.72,2.38,14.61,5.54,5.83,5,0,0,-1,14,20,0,73.566,45.83000000000001,651.713,814.6809999999998,0,1.159,22.827,29.361000000000004,1,0,192394,-53.074,-26.048000000000002,2.2,77,513,744,,69.937,97.745,654.934,810.8250000000002,56.15,78,63.64,106.73,false,false,2.24,3.7,"單日成交金額低於5,000萬元；20日累積後5日轉為調節；20日趨勢尚未上彎"
385,2480,敦陽科,TWSE,資訊服務業,不建立部位,降低部位,停止加碼；反彈未站回恢復區時分批減碼,每個交易日收盤後，確認是否站回恢復區,已有部位先停止加碼。反彈若仍未站回 156.55，分批降低部位；只有站回且ETF／外資賣壓收斂後才重新評估。,44.1,54.1,52.9,85,100,完整,154.5,154.5,14.66,14.96,12.11,65.42,134.32,4.91,17.87,5.08,4.98,5,0,-2,-11,-11,17,0,184.044,-1252.286,-373.6500000000001,169.6649999999999,-0.217,-11.081,-11.081,17.223,0,4,-1734176,-32.918,-74.039,10.7,200,-170,63,,189.261,-1208.287,-288.53000000000003,190.51599999999993,47.03,35.05,35.78,33.59,true,true,-1.31,1.31,"單日成交金額低於5,000萬元；中期趨勢仍向下；ETF短中期同步減碼；20日累積後5日轉為調節；20日趨勢尚未上彎；當下除權息調整價未守20日EMA"
386,3708,上緯投控,TWSE,綠能環保,不建立部位,保護持有,今天不新增部位；未完成確認前不機械式賣出,下一交易日收盤，確認是否收復防守區,已有部位暫停加碼；若收盤跌破60日EMA約 106.09，且下一交易日仍未收復，先減碼三分之一；若ETF或外資繼續轉弱，再分批降低部位。,57.8,54.1,62.4,85,100,完整,102,102,61.7,-2.02,-7.81,13.77,187.94,-0.87,2.35,0.51,6.77,2,0,0,0,4,24,0,20.837,237.78399999999996,-364.846,-742.16,0,0,4,24,0,0,0,13.372999999999996,-226.36700000000002,7.46,-5,-188,-150,,12,224.411,-142.479,-487.70300000000003,52.99,72.14,56.75,102.9,false,false,3.88,11.48,"單日成交金額低於5,000萬元；中期趨勢仍向下；20日趨勢尚未上彎；單季稅前獲利對營業外貢獻依賴偏高"
387,3679,新至陞,TWSE,電子零組件業,不建立部位,保護持有,今天不新增部位；未完成確認前不機械式賣出,下一交易日收盤，確認是否收復防守區,已有部位暫停加碼；若收盤跌破60日EMA約 112.64，且下一交易日仍未收復，先減碼三分之一；若ETF或外資繼續轉弱，再分批降低部位。,43.7,54,68.9,85,100,完整,109.5,109.5,1.35,-10.64,17.76,48.94,241.4,4.18,9.35,1.44,8.14,1,0,0,0,-1,-5,0,-0.07,-25.846,148.291,251.161,0,-0.776,-1.7389999999999999,-5.34,0,2,-85748,-18,-7,8.59,-1,163,211,,-1.07,-7.07,157.03,257.501,46.84,25.98,28.16,21.63,false,false,-0.57,0.46,"單日成交金額低於5,000萬元；累計營收負成長且當月改善不足；當下除權息調整價未守20日EMA"
388,3622,洋華,TWSE,光電業,不建立部位,優先降低風險,依風險與流動性分批降低部位,風險解除且基本面與趨勢重新確認後,已有部位應優先降低曝險；目前觸發「價格跌破60日EMA且20日趨勢向下」。待事件解除或基本面重新確認後再評估。,46.7,53.9,76.2,85,91,可用,54.3,54.3,-19.47,-3.09,21.05,14.94,617.21,1.09,9.32,1.13,5.88,1,2,-2,-6,-6,-10,0,68.722,62.67899999999999,-101.47999999999999,-408.649,2.169,-5.765,-5.765,-9.713999999999999,1,2,-313616,-31.525,-10.344000000000001,3.77,37,667,636,,61.12,99.96900000000001,-85.37100000000001,-439.595,50.46,80.77,72.56,97.21,false,false,0.63,0.74,"單日成交金額低於5,000萬元；營收動能同步衰退；累計營收負成長且當月改善不足；中期趨勢仍向下；ETF短中期同步減碼；20日趨勢尚未上彎；單季稅前獲利對營業外貢獻依賴偏高"
389,6438,迅得,TWSE,其他電子業,不建立部位,保護持有,今天不新增部位；未完成確認前不機械式賣出,下一交易日收盤，確認是否收復防守區,已有部位暫停加碼；若收盤跌破60日EMA約 151.85，且下一交易日仍未收復，先減碼三分之一；若ETF或外資繼續轉弱，再分批降低部位。,52,53.7,55.5,85,91,可用,147,147,-3.13,11.99,11.12,44.54,178.15,1.76,26.56,2.11,3.45,1,0,0,0,0,0,0,52.466,466.024,355.51099999999997,-180.605,0,0,0,0,0,0,0,39.041,-10.141,6.32,43,-264,-419,,53.105,426.98299999999995,365.65199999999993,-83.8260000000001,50.88,76.63,62.9,104.08,false,false,1.63,6.52,"單日成交金額低於5,000萬元；中期趨勢仍向下；20日趨勢尚未上彎"
390,6120,達運,TWSE,光電業,不建立部位,保護持有,今天不新增部位；未完成確認前不機械式賣出,下一交易日收盤，確認是否收復防守區,已有部位暫停加碼；若收盤跌破60日EMA約 13.57，且下一交易日仍未收復，先減碼三分之一；若ETF或外資繼續轉弱，再分批降低部位。,51.8,53.5,57.9,85,100,完整,13.3,13.3,42.06,-3.78,-3.57,43,214.38,1.42,9.89,0.81,1.86,1,35,35,35,85,97,0,164.332,2538.035,398.0660000000005,-5893.209999999999,35,35,85,97,1,0,470750,-35.77300000000001,-74.01200000000003,9.24,103,954,-1971,,101.807,2538.808,387.078,-6063.325,49.38,76.34,68.02,92.99,false,false,0.34,3.91,"單日成交金額低於5,000萬元；中期趨勢仍向下；20日趨勢尚未上彎；單季稅前獲利對營業外貢獻依賴偏高"
391,1447,力鵬,TWSE,紡織纖維,不建立部位,保護持有,今天不新增部位；未完成確認前不機械式賣出,下一交易日收盤，確認是否收復防守區,已有部位暫停加碼；若收盤跌破60日EMA約 6.99，且下一交易日仍未收復，先減碼三分之一；若ETF或外資繼續轉弱，再分批降低部位。,53.1,53.5,40,85,71,可用,7.17,7.17,53.19,10.86,0.72,51.28,123.65,0.1,,0.78,,1,0,-38,-35,48,1700,0,-386.25,-363.799,289.856,331.39000000000004,0,-35,48,1700,2,2,-246400,-38,-59,3.14,-411,-623,-1868,,-411.25,-290.799,300.856,-1477.138,47.52,53.37,38.22,83.65,false,false,-1.54,4.06,"單日成交金額低於5,000萬元；外資持股5/10日下降，且外資5日賣超；20日趨勢尚未上彎；當下除權息調整價未守20日EMA"
392,1726,永記,TWSE,化學工業,不建立部位,保護持有,今天不新增部位；未完成確認前不機械式賣出,下一交易日收盤，確認是否收復防守區,已有部位暫停加碼；若收盤跌破60日EMA約 77.60，且下一交易日仍未收復，先減碼三分之一；若ETF或外資繼續轉弱，再分批降低部位。,46.1,53.4,71.3,85,71,可用,77.3,77.3,-5.59,3.17,14.08,14.57,526.27,2.03,13.04,1.15,4.79,1,0,0,0,1,51,0,1,-23,58.809999999999995,-12.982000000000006,0,0,1,51,0,0,0,-11,-8,12.7,-3,76,-59,,-3,-12,65.81,-56.982,47.3,38.39,41.19,32.79,false,true,-0.28,0.13,"單日成交金額低於5,000萬元；中期趨勢仍向下；20日趨勢尚未上彎；當下除權息調整價未守20日EMA"
393,2015,豐興,TWSE,鋼鐵工業,不建立部位,保護持有,今天不新增部位；未完成確認前不機械式賣出,下一交易日收盤，確認是否收復防守區,已有部位暫停加碼；若收盤跌破60日EMA約 63.45，且下一交易日仍未收復，先減碼三分之一；若ETF或外資繼續轉弱，再分批降低部位。,64.8,53.2,54.4,85,100,完整,65.9,65.9,-9.73,-11.51,9.45,15.81,342.19,2.36,15.37,1.74,5.02,5,0,0,116,123,232,113,132.321,140.616,1606.011,3055.35,0,113,120,229,2,0,7435400,-76,-14,12.84,122,1728,1918,,122.321,103.61600000000001,1500.011,2816.3499999999995,60.52,56.08,53.31,61.61,true,false,2.39,0.76,"單日成交金額低於5,000萬元；累計營收負成長且當月改善不足"
394,2474,可成,TWSE,其他電子業,不建立部位,優先降低風險,依風險與流動性分批降低部位,風險解除且基本面與趨勢重新確認後,已有部位應優先降低曝險；目前觸發「外資持股5/10日下降且外資5日賣超」。待事件解除或基本面重新確認後再評估。,55.5,52.7,57.3,85,91,可用,201,201,-55.07,-31.58,6.45,36.79,147.21,2.63,17.96,0.74,5.48,24,31,-90,-655,590,7041,-221,143.849,-993.17,-2363.7219999999998,-3467.16,31.567,-646.504,377.258,6082.228,2,3,-121219500,66.83699999999999,-89.14599999999999,15,-128,-1060,-4787,,-3.467,-413.50300000000004,-2651.8340000000003,-9572.511999999999,61.39,66.64,49.79,100.34,true,false,6.31,10.14,營收動能同步衰退；累計營收負成長且當月改善不足；20日累積後5日轉為調節；主動ETF 5日轉為減碼；投信20日買超後近5日轉賣；外資持股5/10日下降，且外資5日賣超；20日趨勢尚未上彎；單季稅前獲利對營業外貢獻依賴偏高
395,8213,志超,TWSE,電子零組件業,不建立部位,降低部位,停止加碼；反彈未站回恢復區時分批減碼,每個交易日收盤後，確認是否站回恢復區,已有部位先停止加碼。反彈若仍未站回 33.66，分批降低部位；只有站回且ETF／外資賣壓收斂後才重新評估。,44.4,52.7,57.8,85,91,可用,30.7,30.7,26.05,10.64,2.32,48.99,172.88,0.3,15.7,0.5,3.76,1,0,0,0,0,0,0,43.487,-109.222,-1611.7939999999999,-3186.765,0,0,0,0,0,0,0,-30.031999999999996,9.000000000000016,21.04,4,-1199,-1939,,0.84,-79.19,-1620.7939999999999,-3203.7169999999996,41.99,72,52.05,111.9,false,false,-1.63,3.37,"單日成交金額低於5,000萬元；中期趨勢仍向下；外資持股5/10日下降，且外資5日賣超；20日趨勢尚未上彎；當下除權息調整價未守20日EMA"
396,8442,威宏-KY,TWSE,其他,不建立部位,降低部位,停止加碼；反彈未站回恢復區時分批減碼,每個交易日收盤後，確認是否站回恢復區,已有部位先停止加碼。反彈若仍未站回 44.89，分批降低部位；只有站回且ETF／外資賣壓收斂後才重新評估。,45.5,52.6,52.4,85,91,可用,44,44,32.95,9.28,0.73,52.46,170.15,0.03,24.75,0.86,6.77,1,0,0,-1,-2,-6,0,-5,-40.970000000000006,26.02499999999999,97.99699999999999,0,-0.97,-2.175,-6.07,0,2,-42971,10,26,56.26,-5,157,143,,-5,-50,2.1999999999999993,65.4,48.7,39.19,38.97,39.62,true,false,-0.65,-0.68,"單日成交金額低於5,000萬元；中期趨勢仍向下；ETF短中期同步減碼；20日趨勢尚未上彎；當下除權息調整價未守20日EMA"
397,2331,精英,TWSE,電腦及週邊設備業,不建立部位,保護持有,今天不新增部位；未完成確認前不機械式賣出,下一交易日收盤，確認是否收復防守區,已有部位暫停加碼；若收盤跌破60日EMA約 20.46，且下一交易日仍未收復，先減碼三分之一；若ETF或外資繼續轉弱，再分批降低部位。,54.2,52.2,41.1,85,91,可用,19.95,19.95,25.84,20.41,0.43,52.3,138.69,0.11,39.6,1.01,,1,0,0,0,0,-137,0,451.285,909.4140000000001,718.6510000000001,584.865,0,0,0,-137,0,0,0,-29.92,-2.334000000000003,6.01,900,1616,1705,,387.205,939.3340000000001,720.9850000000001,762.0440000000001,52.23,80.55,64.48,112.7,false,false,2.26,6.68,"單日成交金額低於5,000萬元；中期趨勢仍向下；20日趨勢尚未上彎；單季稅前獲利對營業外貢獻依賴偏高"
398,2477,美隆電,TWSE,其他電子業,不建立部位,優先降低風險,依風險與流動性分批降低部位,風險解除且基本面與趨勢重新確認後,已有部位應優先降低曝險；目前觸發「ETF 5/10日同步減碼」。待事件解除或基本面重新確認後再評估。,53.1,52,55.8,85,91,可用,22.05,22.05,-15.09,-7.77,1.55,48.26,226.32,0.11,13.8,0.87,6.26,1,0,-1,-2,-6,36,0,118,205.60399999999998,385.932,492.3130000000001,0,-2.7960000000000003,-6.268000000000001,35.258,0,2,-62491,-30,-28,23.99,116,822,852,,116,238.4,420.2,478.05500000000006,56.28,73.59,70.15,80.48,true,false,1.89,0.23,"單日成交金額低於5,000萬元；營收動能同步衰退；累計營收負成長且當月改善不足；ETF短中期同步減碼；20日累積後5日轉為調節；單季稅前獲利對營業外貢獻依賴偏高"
399,3060,銘異,TWSE,電腦及週邊設備業,不建立部位,保護持有,今天不新增部位；未完成確認前不機械式賣出,下一交易日收盤，確認是否收復防守區,已有部位暫停加碼；若收盤跌破60日EMA約 31.04，且下一交易日仍未收復，先減碼三分之一；若ETF或外資繼續轉弱，再分批降低部位。,47.2,51.9,54.1,85,85,完整,29.55,29.55,48.98,17.56,4.73,40.82,202.51,0.68,43.28,1.45,0.69,1,0,-9,-8,11,393,0,2.521,477.155,-1571.215,-5913.849999999999,0,-8,11,393,2,2,-232000,-36.83,-20.537,12.39,3,-1536,-3428,,1.608,521.985,-1561.678,-6325.816000000001,47.2,73.19,60.44,98.69,false,false,-0.3,6.49,"單日成交金額低於5,000萬元；中期趨勢仍向下；20日趨勢尚未上彎；當下除權息調整價未守20日EMA"
400,2838,聯邦銀,TWSE,金融保險業,不建立部位,保護持有,今天不新增部位；未完成確認前不機械式賣出,下一交易日收盤，確認是否收復防守區,已有部位暫停加碼；若收盤跌破60日EMA約 20.55，且下一交易日仍未收復，先減碼三分之一；若ETF或外資繼續轉弱，再分批降低部位。,43.6,51.8,64.2,85,91,可用,20.15,20.15,-2.49,25.18,,91.93,,0.35,14.61,1.11,5.15,3,0,0,0,16,32,0,352.312,-1389.215,-1451.118,-8632.083999999999,0,18,83,-86,1,0,370800,-694.9739999999999,-552.0599999999998,4.28,455,2291,426,,382.92,-712.2409999999999,-982.0579999999999,-7814.545,40.46,36.68,45.38,19.27,true,true,-2.57,-3.59,"單日成交金額低於5,000萬元；中期趨勢仍向下；20日趨勢尚未上彎；當下除權息調整價未守20日EMA"
401,6902,GOGOLOOK,TWSE,數位雲端,不建立部位,保護持有,今天不新增部位；未完成確認前不機械式賣出,下一交易日收盤，確認是否收復防守區,已有部位暫停加碼；若收盤跌破60日EMA約 122.84，且下一交易日仍未收復，先減碼三分之一；若ETF或外資繼續轉弱，再分批降低部位。,53.1,51.1,26.4,85,68,最低門檻,127.5,127.5,36.46,27.5,,,,,41.13,5.63,,1,0,0,3,3,3,0,-9,37.853,120.38,78.01399999999998,0,0,0,0,0,0,0,-3.967,-8,3.92,-9,118,99,,-9,41.82,128.38,79.01399999999998,53.83,83.64,77.66,95.61,false,false,3.16,3.66,"單日成交金額低於5,000萬元；20日趨勢尚未上彎"
402,3026,禾伸堂,TWSE,電子零組件業,不建立部位,優先降低風險,依風險與流動性分批降低部位,風險解除且基本面與趨勢重新確認後,已有部位應優先降低曝險；目前觸發「價格跌破60日EMA且20日趨勢向下」。待事件解除或基本面重新確認後再評估。,42.8,51,55.1,85,100,完整,588,588,33.9,15.61,14.38,40.55,193.98,6.73,52.2,8.59,1.08,11,0,-10,-624,-1036,1734,-613,-120.302,636.2570000000001,-1451.859,4215.309,-145,-1689.9,-5032.9,-6038.4,0,5,-904096500,381.688,310.19699999999995,20.7,-83,2694,11278,,-87.005,1944.469,3270.8440000000005,10321.416,46.77,66.05,44.24,109.68,false,false,-2.71,27.97,處置或交易限制風險；中期趨勢仍向下；ETF短中期同步減碼；20日累積後5日轉為調節；主動ETF 5日轉為減碼；投信5/10日持續且具金額意義的賣超；20日趨勢尚未上彎；當下除權息調整價未守20日EMA；短線過熱或乖離過大；高波動且5日漲幅過大
403,2923,鼎固-KY,TWSE,建材營造,不建立部位,保護持有,今天不新增部位；未完成確認前不機械式賣出,下一交易日收盤，確認是否收復防守區,已有部位暫停加碼；若收盤跌破60日EMA約 28.63，且下一交易日仍未收復，先減碼三分之一；若ETF或外資繼續轉弱，再分批降低部位。,38.4,51,61.2,85,91,可用,27.55,27.55,294.84,170.39,52.88,59.07,293.58,0.02,,1.03,0.44,1,0,0,0,0,0,0,-1.049,-430.681,307.86199999999997,1483.473,0,0,0,0,0,0,0,-184,-87.887,99.53,7,411,867,,6.951,-246.68100000000004,395.74899999999997,1488.85,42.1,9.15,20.78,-14.1,false,false,-11.81,-16.52,"單日成交金額低於5,000萬元；當下除權息調整價未守20日EMA"
404,4532,瑞智,TWSE,電機機械,不建立部位,降低部位,停止加碼；反彈未站回恢復區時分批減碼,每個交易日收盤後，確認是否站回恢復區,已有部位先停止加碼。反彈若仍未站回 24.79，分批降低部位；只有站回且ETF／外資賣壓收斂後才重新評估。,43.8,50.6,50.7,85,91,可用,24,24,28.8,1.91,5.88,63.19,130.18,0.48,13.39,1.16,6.12,2,-1,-5,-41,-53,-105,0,-62,47.82900000000001,-1507.664,-2758.5999999999995,-1,-41.246,-52.724000000000004,-104.52699999999999,0,4,-1010527,-20.235,-11.25,18.27,-85,-1723,-1980,,-93,109.31,-1443.69,-2364.2529999999997,42.69,65.2,58.31,79,false,false,-2.04,0,"單日成交金額低於5,000萬元；中期趨勢仍向下；ETF短中期同步減碼；ETF 1/3日已轉為減碼；20日趨勢尚未上彎；當下除權息調整價未守20日EMA"
405,1707,葡萄王,TWSE,生技醫療業,不建立部位,降低部位,停止加碼；反彈未站回恢復區時分批減碼,每個交易日收盤後，確認是否站回恢復區,已有部位先停止加碼。反彈若仍未站回 96.53，分批降低部位；只有站回且ETF／外資賣壓收斂後才重新評估。,43.8,50.4,67.4,85,91,可用,90.3,90.3,-7.24,-2.69,14.72,23.5,159.55,1.18,11.15,1.32,6.73,1,0,0,0,0,-72,0,72.18,-738.194,-875.171,-604.532,0,0,0,0,0,0,0,-27.126,-14.126000000000001,13.83,83,-410,-763,,75.18,-711.0679999999999,-861.0449999999998,-582.4059999999998,43.77,32,24.58,46.83,true,false,-0.51,-0.22,"單日成交金額低於5,000萬元；累計營收負成長且當月改善不足；中期趨勢仍向下；外資持股5/10日下降，且外資5日賣超；20日趨勢尚未上彎；當下除權息調整價未守20日EMA"
406,9917,中保科,TWSE,其他,不建立部位,保護持有,今天不新增部位；未完成確認前不機械式賣出,下一交易日收盤，確認是否收復防守區,已有部位暫停加碼；若收盤跌破60日EMA約 110.12，且下一交易日仍未收復，先減碼三分之一；若ETF或外資繼續轉弱，再分批降低部位。,45.6,50.2,50,85,91,可用,107.5,107.5,2.56,1.63,17.61,52.85,112.37,1.6,15.93,3.35,5.74,7,-3,-5,-3,75,741,0,55.025,-305.11699999999996,976.5329999999999,3127.8809999999994,-3,-1,83,749,2,2,-108000,-70.303,-15.334999999999994,39.29,73,1223,1736,,58.025,-233.81399999999996,908.8679999999999,2385.718,41.8,16.43,28.52,-7.73,false,false,-1.17,-1.83,"單日成交金額低於5,000萬元；20日累積後5日轉為調節；ETF 1/3日已轉為減碼；當下除權息調整價未守20日EMA"
407,2373,震旦行,TWSE,其他電子業,不建立部位,保護持有,今天不新增部位；未完成確認前不機械式賣出,下一交易日收盤，確認是否收復防守區,已有部位暫停加碼；若收盤跌破60日EMA約 55.27，且下一交易日仍未收復，先減碼三分之一；若ETF或外資繼續轉弱，再分批降低部位。,41.3,50,61.1,85,91,可用,53.4,53.4,4.91,-2.47,4.67,52.68,186.73,0.72,13.67,1.7,6.94,1,0,0,0,0,0,0,-2,-46,60.099999999999994,127.043,0,0,0,0,0,0,0,-16,-6,1.41,-4,73,71,,-4,-30,66.1,127.043,37.14,24.52,25.96,21.65,false,false,-1.07,0,"單日成交金額低於5,000萬元；累計營收負成長且當月改善不足；中期趨勢仍向下；20日趨勢尚未上彎；當下除權息調整價未守20日EMA"
408,2450,神腦,TWSE,通信網路業,不建立部位,降低部位,停止加碼；反彈未站回恢復區時分批減碼,每個交易日收盤後，確認是否站回恢復區,已有部位先停止加碼。反彈若仍未站回 29.07，分批降低部位；只有站回且ETF／外資賣壓收斂後才重新評估。,41.6,49.7,58.5,85,100,完整,28.35,28.35,16.42,15.9,0.89,42.18,178.91,0.67,17.47,1.18,5.48,1,0,0,0,0,0,0,-9,-311,-161.67000000000002,-198.67000000000002,0,0,0,0,0,0,0,-32,-14,1.28,1,-112,-168,,-6,-279,-147.67000000000002,-189.67000000000002,37.52,17.1,20.38,10.56,false,false,-1.06,-1.05,"單日成交金額低於5,000萬元；中期趨勢仍向下；外資持股5/10日下降，且外資5日賣超；20日趨勢尚未上彎；當下除權息調整價未守20日EMA"
409,6189,豐藝,TWSE,電子通路業,不建立部位,降低部位,停止加碼；反彈未站回恢復區時分批減碼,每個交易日收盤後，確認是否站回恢復區,已有部位先停止加碼。反彈若仍未站回 49.45，分批降低部位；只有站回且ETF／外資賣壓收斂後才重新評估。,49.6,49.4,48.4,85,91,可用,49.05,49.05,4.49,-2.48,4.6,57.46,168.57,1,18.48,1.98,5.56,3,0,-4,-19,-19,-33,0,141.272,736.775,1073.1240000000003,1350.339,0.228,-18.919999999999998,-18.919999999999998,-8.839999999999995,1,3,-919512,-44.256,-20.526000000000007,7.77,143,965,687,,138.597,799.951,1112.57,1362.3079999999998,50.79,78.83,66.99,102.51,false,false,1.03,3.92,"單日成交金額低於5,000萬元；累計營收負成長且當月改善不足；中期趨勢仍向下；ETF短中期同步減碼；20日趨勢尚未上彎"
410,1612,宏泰,TWSE,電器電纜,不建立部位,優先降低風險,依風險與流動性分批降低部位,風險解除且基本面與趨勢重新確認後,已有部位應優先降低曝險；目前觸發「價格跌破60日EMA且20日趨勢向下」。待事件解除或基本面重新確認後再評估。,45.2,49.3,66.4,85,91,可用,32.95,32.95,-11.28,-1.37,14.25,17.94,333.61,0.82,10.55,1.23,7.9,2,-2,-2,-18,-16,70,0,-139.723,-781.8969999999999,-1807.2599999999998,-4853.504999999999,-2,-18,-16,255.553,0,3,-569700,-86.06199999999998,-40.81199999999999,14.86,-54,-1404,-3298,,-145.41,-677.8349999999999,-1750.448,-5024.682,56.56,73.25,60.45,98.83,false,false,4.06,8.21,"單日成交金額低於5,000萬元；營收動能同步衰退；累計營收負成長且當月改善不足；中期趨勢仍向下；ETF短中期同步減碼；20日累積後5日轉為調節；ETF 1/3日已轉為減碼；外資持股5/10日下降，且外資5日賣超；20日趨勢尚未上彎"
411,6592,和潤企業,TWSE,其他,不建立部位,保護持有,今天不新增部位；未完成確認前不機械式賣出,下一交易日收盤，確認是否收復防守區,已有部位暫停加碼；若收盤跌破60日EMA約 60.74，且下一交易日仍未收復，先減碼三分之一；若ETF或外資繼續轉弱，再分批降低部位。,44.7,49.3,46.4,85,88,可用,60.7,60.7,-6.2,-4.3,19.17,87.19,105.79,0.76,12.34,1.18,5.44,1,0,0,-10,-19,-334,-10,232.917,-359.647,343.55,1343.275,0,-10.14,-19.569000000000003,-333.879,0,2,-615498,-90.132,-81.72500000000001,23,225,1000,6285,,222.897,-259.375,444.844,1739.2540000000001,50.53,39.1,38.53,40.24,true,false,0.26,-0.33,"單日成交金額低於5,000萬元；累計營收負成長且當月改善不足；ETF短中期同步減碼；主動ETF 5日轉為減碼；外資持股趨勢資料不足或期間有非市場異動"
412,2903,遠百,TWSE,貿易百貨,不建立部位,保護持有,今天不新增部位；未完成確認前不機械式賣出,下一交易日收盤，確認是否收復防守區,已有部位暫停加碼；若收盤跌破60日EMA約 22.47，且下一交易日仍未收復，先減碼三分之一；若ETF或外資繼續轉弱，再分批降低部位。,45.7,49,45.4,85,91,可用,22.05,22.05,-2.42,-0.3,14.91,72.43,51.94,0.39,13.58,0.99,5.68,3,0,0,-3,339,337,0,567.365,-1203.482,3967.483,7481.43,0,4,373,359,1,0,88000,61.96300000000001,82.375,7.96,446,4481,7203,,435.365,-1269.445,3512.108,7795.533,45.39,24.03,33.73,4.65,false,false,-0.75,-1.34,"單日成交金額低於5,000萬元；累計營收負成長且當月改善不足；中期趨勢仍向下；20日累積後5日轉為調節；20日趨勢尚未上彎；當下除權息調整價未守20日EMA"
413,8411,福貞-KY,TWSE,其他,不建立部位,保護持有,今天不新增部位；未完成確認前不機械式賣出,下一交易日收盤，確認是否收復防守區,已有部位暫停加碼；若收盤跌破60日EMA約 12.55，且下一交易日仍未收復，先減碼三分之一；若ETF或外資繼續轉弱，再分批降低部位。,54.6,48.6,22,85,68,最低門檻,13.05,13.05,7.66,19.3,,,,,128,0.46,0.78,1,0,1,4,4,4,0,9,11,119.8,223.5,0,0,0,0,0,0,0,-32,-19,53.94,18,144,228,,18,43,138.8,242.5,56.8,44.11,52.72,26.88,false,false,1.46,0,"單日成交金額低於5,000萬元；估值高且成長不足以支撐"
414,1444,力麗,TWSE,紡織纖維,不建立部位,降低部位,停止加碼；反彈未站回恢復區時分批減碼,每個交易日收盤後，確認是否站回恢復區,已有部位先停止加碼。反彈若仍未站回 7.53，分批降低部位；只有站回且ETF／外資賣壓收斂後才重新評估。,44.9,48.5,39.5,85,71,可用,7.26,7.26,25.55,24.23,-0.66,45.64,86.07,0.07,,0.74,,1,0,-52,-47,64,2266,0,-100.057,-255.882,557.121,-2428.97,0,-47,64,2266,2,2,-341220,-109,-99,5.33,-152,-305,-3617,,-152.057,-99.882,592.121,-4639.969999999999,41.79,36.51,24.52,60.48,false,false,-3.53,1.54,"單日成交金額低於5,000萬元；中期趨勢仍向下；外資持股5/10日下降，且外資5日賣超；20日趨勢尚未上彎；當下除權息調整價未守20日EMA；單季稅前獲利對營業外貢獻依賴偏高"
415,2501,國建,TWSE,建材營造,不建立部位,降低部位,停止加碼；反彈未站回恢復區時分批減碼,每個交易日收盤後，確認是否站回恢復區,已有部位先停止加碼。反彈若仍未站回 23.15，分批降低部位；只有站回且ETF／外資賣壓收斂後才重新評估。,39.1,48.4,58.6,85,91,可用,22.2,22.2,-71.58,26.93,17.44,61.26,165.66,1.21,5.7,0.81,5.44,1,0,0,-1133,-1121,-627,-1133,-111.288,-2484.0310000000004,-3731.7290000000003,-5730.519,0,-1133,-1121,-627,0,2,-24982650,-196.54700000000003,-98.22900000000003,12.21,-242,545,1154,,-116,-1154.4840000000002,-2512.5,-4537.929,43.72,43.38,43.42,43.28,false,true,-1.52,-1.99,"單日成交金額低於5,000萬元；中期趨勢仍向下；ETF短中期同步減碼；主動ETF 5日轉為減碼；20日趨勢尚未上彎；當下除權息調整價未守20日EMA；借券賣出與借券賣出餘額壓力升高"
416,4755,三福化,TWSE,化學工業,不建立部位,降低部位,停止加碼；反彈未站回恢復區時分批減碼,每個交易日收盤後，確認是否站回恢復區,已有部位先停止加碼。反彈若仍未站回 129.42，分批降低部位；只有站回且ETF／外資賣壓收斂後才重新評估。,48.8,48.3,47.6,85,91,可用,118.5,118.5,15.63,-1.64,9.51,33.58,142.21,1.01,31.72,2.07,3.23,2,10,10,13,13,13,0,-23,-54.558,-444.101,-1235.6300000000003,10,10,10,10,1,0,1145000,-12.739999999999998,-29.235999999999997,23.29,-32,-401,-587,,-31,-51.818,-424.865,-1212.8600000000004,46.72,74.4,59.04,105.14,false,false,-0.2,4.41,"單日成交金額低於5,000萬元；中期趨勢仍向下；外資持股5/10日下降，且外資5日賣超；20日趨勢尚未上彎；當下除權息調整價未守20日EMA"
417,5285,界霖,TWSE,半導體業,不建立部位,保護持有,今天不新增部位；未完成確認前不機械式賣出,下一交易日收盤，確認是否收復防守區,已有部位暫停加碼；若收盤跌破60日EMA約 80.98，且下一交易日仍未收復，先減碼三分之一；若ETF或外資繼續轉弱，再分批降低部位。,44.3,47.5,46.6,85,91,可用,77.9,77.9,14.12,11.04,9.87,45.84,258.99,1,36.71,2.65,1.95,1,0,0,0,0,0,0,-93.086,86.877,7.759000000000036,732.173,0,-120,-120,-120,0,1,-9252000,-75.863,-48.902,8.22,-94,324,402,,-93.684,282.74,176.661,877.768,45.91,76.93,61.27,108.25,false,false,-1.63,5.99,"單日成交金額低於5,000萬元；中期趨勢仍向下；20日趨勢尚未上彎；當下除權息調整價未守20日EMA"
418,1810,和成,TWSE,玻璃陶瓷,不建立部位,優先降低風險,依風險與流動性分批降低部位,風險解除且基本面與趨勢重新確認後,已有部位應優先降低曝險；目前觸發「外資持股5/10日下降且外資5日賣超」。待事件解除或基本面重新確認後再評估。,49.4,47.4,57.1,85,91,可用,24.65,24.65,-11.91,-8.26,-19.13,20.48,326.07,3.64,6.51,0.92,0.81,2,0,5,14,48,72,0,445.378,-1159.269,-1977.2470000000003,-3240.762999999998,0,-17.062,16.937,40.422000000000004,0,1,-419725,-51.18300000000001,-35.94,3.99,332,-10383,-3841,,441.378,-1091.024,-1958.2439999999992,-4557.986999999999,48.26,41.14,30.07,63.28,true,false,-2.71,3.35,營收動能同步衰退；累計營收負成長且當月改善不足；外資持股5/10日下降，且外資5日賣超；當下除權息調整價未守20日EMA；單季稅前獲利對營業外貢獻依賴偏高
419,2504,國產,TWSE,建材營造,不建立部位,優先降低風險,依風險與流動性分批降低部位,風險解除且基本面與趨勢重新確認後,已有部位應優先降低曝險；目前觸發「價格跌破60日EMA且20日趨勢向下」。待事件解除或基本面重新確認後再評估。,46.8,47.4,56,85,91,可用,30.95,30.95,-18.57,-8.83,21.85,38.45,131.85,0.7,9.35,1.29,8.46,8,0,-39,-134,394,390,0,2562.978,-541.79,951.147,-768.9529999999997,0,-126.878,429.47700000000003,442.745,0,3,-3901498,-166.162,-33.414000000000016,6.27,2577,3805,4332,,2493.149,-248.7500000000001,555.084,-1228.9840000000002,43.3,28.25,28.91,26.93,false,false,-1.31,-1.75,營收動能同步衰退；累計營收負成長且當月改善不足；中期趨勢仍向下；20日累積後5日轉為調節；20日趨勢尚未上彎；當下除權息調整價未守20日EMA
420,2206,三陽工業,TWSE,汽車工業,不建立部位,優先降低風險,依風險與流動性分批降低部位,風險解除且基本面與趨勢重新確認後,已有部位應優先降低曝險；目前觸發「ETF 5/10日同步減碼」。待事件解除或基本面重新確認後再評估。,46.9,47,45.6,85,91,可用,62.7,62.7,-13.38,-5.33,9.42,55.08,146.51,1.37,10.93,1.75,4.94,2,0,0,-649,-649,479,-649,197.285,-967.8710000000001,3334.9879999999994,4108.200999999999,0,-644,-625,502,0,2,-39928000,-120,-48,7.93,186,4028,3724,,184.285,-203.87100000000004,4007.9879999999994,3586.2009999999987,50.81,34.4,37.34,28.52,false,false,0.27,-2.03,"單日成交金額低於5,000萬元；營收動能同步衰退；累計營收負成長且當月改善不足；ETF短中期同步減碼；20日累積後5日轉為調節；主動ETF 5日轉為減碼；20日趨勢尚未上彎"
421,3015,全漢,TWSE,電子零組件業,不建立部位,優先降低風險,依風險與流動性分批降低部位,風險解除且基本面與趨勢重新確認後,已有部位應優先降低曝險；目前觸發「單月與累計營收同步明顯衰退」。待事件解除或基本面重新確認後再評估。,54.5,46.9,53.2,85,100,完整,58.7,58.7,-14.01,-6.48,0.56,29.03,188.6,1.08,21.57,0.68,4.01,5,11,-1,-3,39,393,0,-277.015,396.783,-109.43799999999997,-1892.163,11.018,-3.3639999999999994,38.635999999999996,392.962,2,3,-184347,-18.17,-10.814000000000002,9.67,-266,921,-880,,-291.009,418.31699999999995,-137.26000000000005,-2207.954,53.45,76.57,61.98,105.76,false,false,4.05,8.5,"單日成交金額低於5,000萬元；營收動能同步衰退；累計營收負成長且當月改善不足；20日累積後5日轉為調節；20日趨勢尚未上彎；單季稅前獲利對營業外貢獻依賴偏高"
422,2401,凌陽,TWSE,半導體業,不建立部位,保護持有,今天不新增部位；未完成確認前不機械式賣出,下一交易日收盤，確認是否收復防守區,已有部位暫停加碼；若收盤跌破60日EMA約 28.09，且下一交易日仍未收復，先減碼三分之一；若ETF或外資繼續轉弱，再分批降低部位。,49.1,46.8,45.1,85,91,可用,27.95,27.95,35.25,19.54,7.83,25.17,398.66,-0.02,,1.94,,2,-40,-40,-40,36,56,0,-143.707,2415.601,-1360.058,-7429.195,-40,-40,36,56,0,1,-1082000,-67.87899999999999,-400.75800000000004,18.44,-323,-1224,458,,-106.982,2523.48,-995.3,-5530.127,49.62,75.34,58.68,108.65,false,false,0.99,8.12,"單日成交金額低於5,000萬元；中期趨勢仍向下；20日累積後5日轉為調節；ETF 1/3日已轉為減碼；20日趨勢尚未上彎"
423,2491,吉祥全,TWSE,光電業,不建立部位,保護持有,今天不新增部位；未完成確認前不機械式賣出,下一交易日收盤，確認是否收復防守區,已有部位暫停加碼；若收盤跌破60日EMA約 29.63，且下一交易日仍未收復，先減碼三分之一；若ETF或外資繼續轉弱，再分批降低部位。,46,46.6,60,85,71,可用,34.9,34.9,7.63,-7.13,-126.79,15.89,662.97,0.85,9.23,2.6,,1,0,-3,-3,4,148,0,-363.113,-484.608,78.99199999999998,441.15199999999993,0,-3,4,148,0,1,-95250,-56.608000000000004,-5.608000000000004,6.23,-353,90,77,,-359,-425,80.59999999999998,290.76,60.62,80.6,59.56,122.68,false,false,15.98,45.11,"單日成交金額低於5,000萬元；累計營收負成長且當月改善不足；20日趨勢尚未上彎；短線過熱或乖離過大；高波動且5日漲幅過大；單季稅前獲利對營業外貢獻依賴偏高"
424,6790,永豐實,TWSE,造紙工業,不建立部位,保護持有,今天不新增部位；未完成確認前不機械式賣出,下一交易日收盤，確認是否收復防守區,已有部位暫停加碼；若收盤跌破60日EMA約 39.28，且下一交易日仍未收復，先減碼三分之一；若ETF或外資繼續轉弱，再分批降低部位。,42.4,46.5,54.4,85,91,可用,38.25,38.25,-4.83,-1.24,9.89,43.5,207.33,0.83,12.49,1.68,6.91,1,0,0,0,3,45,0,4,-181.729,256.479,742.9719999999999,0,0,3,125,0,0,0,-173.52100000000002,-156.52100000000002,2,4,416,634,,4,-8.208000000000006,410,767.493,38.61,29.54,34.58,19.46,false,false,-1.34,0.13,"單日成交金額低於5,000萬元；累計營收負成長且當月改善不足；中期趨勢仍向下；20日趨勢尚未上彎；當下除權息調整價未守20日EMA"
425,1519,華城,TWSE,電機機械,不建立部位,優先降低風險,依風險與流動性分批降低部位,風險解除且基本面與趨勢重新確認後,已有部位應優先降低曝險；目前觸發「價格跌破60日EMA且20日趨勢向下」。待事件解除或基本面重新確認後再評估。,53.8,46.4,37.3,85,91,可用,671,671,-25.78,-2.69,21.2,71.74,144.13,3.29,44.88,25.04,1.84,12,0,-64,-53,37,12,-81,-253.688,-538.0029999999999,559.345,1648.986,0,-87.443,7.336000000000002,-42.45399999999999,1,1,-57100279,-61.08500000000001,-29.621000000000002,18.57,495,725,1223,,-246.312,-389.475,581.63,1833.174,53.81,78.06,71.91,90.35,false,false,3.19,4.99,營收動能同步衰退；累計營收負成長且當月改善不足；中期趨勢仍向下；20日累積後5日轉為調節；主動ETF 5日轉為減碼；20日趨勢尚未上彎
426,6768,志強-KY,TWSE,運動休閒,不建立部位,降低部位,停止加碼；反彈未站回恢復區時分批減碼,每個交易日收盤後，確認是否站回恢復區,已有部位先停止加碼。反彈若仍未站回 76.27，分批降低部位；只有站回且ETF／外資賣壓收斂後才重新評估。,40.2,45.9,60.4,85,91,可用,67.1,67.1,5.2,-4.39,6.14,35.59,256.21,1.2,12.65,0.86,7.72,2,-107,-383,-502,-502,-1240,-492,121.678,870.266,1361.0349999999999,1461.6009999999992,-107,-502,-502,-1146.696,0,5,-33533600,-7.69,-3.4730000000000008,57.98,-208,1296,1730,,229.199,1379.9560000000001,1866.5080000000003,2618.3849999999998,35.7,27.81,24.44,34.54,true,false,-3.43,-2.75,"單日成交金額低於5,000萬元；累計營收負成長且當月改善不足；中期趨勢仍向下；ETF短中期同步減碼；ETF 1/3日已轉為減碼；主動ETF 5日轉為減碼；投信5/10日持續且具金額意義的賣超；20日趨勢尚未上彎；當下除權息調整價未守20日EMA"
427,2247,汎德永業,TWSE,汽車工業,不建立部位,保護持有,今天不新增部位；未完成確認前不機械式賣出,下一交易日收盤，確認是否收復防守區,已有部位暫停加碼；若收盤跌破60日EMA約 229.01，且下一交易日仍未收復，先減碼三分之一；若ETF或外資繼續轉弱，再分批降低部位。,51.4,45.7,46.9,85,91,可用,229.5,229.5,-6.99,-26.05,2.55,41.59,264.5,2.35,14.39,1.49,6.35,2,0,0,-1,-2,21,0,40,59.184,248.853,336.03200000000004,0,-0.804,-1.8010000000000002,20.976,0,2,-183714,-4,-7,4.01,40,248,283,,40,63.988,257.654,336.127,52.83,54.12,53.18,56.01,true,false,0.79,0.66,"單日成交金額低於5,000萬元；累計營收負成長且當月改善不足；ETF短中期同步減碼；20日累積後5日轉為調節；20日趨勢尚未上彎"
428,2020,美亞,TWSE,鋼鐵工業,不建立部位,保護持有,今天不新增部位；未完成確認前不機械式賣出,下一交易日收盤，確認是否收復防守區,已有部位暫停加碼；若收盤跌破60日EMA約 21.62，且下一交易日仍未收復，先減碼三分之一；若ETF或外資繼續轉弱，再分批降低部位。,50.3,44.9,28,85,68,最低門檻,21.75,21.75,3.63,-4.2,,,,,11.11,1.41,8.35,1,0,1,4,4,4,0,230,1.867999999999995,156.56799999999998,717.174,0,0,0,0,0,0,0,-77.262,-76.262,1.77,229,266,455,,226,79.13,232.82999999999998,785.351,60.4,71.94,55.13,105.56,true,false,2.09,2.59,"單日成交金額低於5,000萬元；累計營收負成長且當月改善不足；20日趨勢尚未上彎"
429,6281,全國電,TWSE,電子通路業,不建立部位,保護持有,今天不新增部位；未完成確認前不機械式賣出,下一交易日收盤，確認是否收復防守區,已有部位暫停加碼；若收盤跌破60日EMA約 51.92，且下一交易日仍未收復，先減碼三分之一；若ETF或外資繼續轉弱，再分批降低部位。,42.7,44.6,44,85,100,完整,51.6,51.6,-0.86,-1.6,2.85,72.06,130.4,2.26,13.75,1.83,6.43,1,0,0,0,0,0,0,-8,-1,120.30000000000001,194.80500000000006,0,0,0,0,0,0,0,-4,2,2.7,-20,100,125,,-6,3,118.30000000000001,189.80500000000006,50.07,38.32,36.05,42.86,true,true,-0.02,-0.58,"單日成交金額低於5,000萬元；累計營收負成長且當月改善不足；中期趨勢仍向下；20日趨勢尚未上彎；當下除權息調整價未守20日EMA"
430,8163,達方,TWSE,電腦及週邊設備業,不建立部位,降低部位,停止加碼；反彈未站回恢復區時分批減碼,每個交易日收盤後，確認是否站回恢復區,已有部位先停止加碼。反彈若仍未站回 34.57，分批降低部位；只有站回且ETF／外資賣壓收斂後才重新評估。,44.1,44.6,38.5,85,100,完整,31.65,31.65,1.08,9.33,1.68,61.95,138.69,0.51,51.92,0.8,1.61,1,0,0,0,0,0,0,-41.414,-876.307,-1494.281,-2645.046,0,0,0,0,0,0,0,-100.48500000000001,-132.9,9.17,8,-1105,-1395,,-52.96,-775.822,-1361.3809999999999,-2378.9730000000004,42.45,65.47,54.6,87.23,false,false,-2.64,2.76,"單日成交金額低於5,000萬元；中期趨勢仍向下；外資持股5/10日下降，且外資5日賣超；20日趨勢尚未上彎；當下除權息調整價未守20日EMA"
431,4942,嘉彰,TWSE,光電業,不建立部位,優先降低風險,依風險與流動性分批降低部位,風險解除且基本面與趨勢重新確認後,已有部位應優先降低曝險；目前觸發「價格跌破60日EMA且20日趨勢向下」。待事件解除或基本面重新確認後再評估。,37.9,44.1,68.9,85,91,可用,34.4,34.4,-10.88,-6.79,5.6,20.11,341.31,0.52,11.62,0.54,5.81,1,0,0,0,0,0,0,-7,-84.312,-337.47900000000004,-373.10400000000004,0,0,0,0,0,0,0,-20.311999999999998,-17.203,6.4,-19,-437,-668,,-19,-64,-320.276,-359.88,32.6,35.27,25.59,54.62,true,false,-2.94,-0.29,"單日成交金額低於5,000萬元；營收動能同步衰退；累計營收負成長且當月改善不足；中期趨勢仍向下；外資持股5/10日下降，且外資5日賣超；20日趨勢尚未上彎；當下除權息調整價未守20日EMA"
432,5292,華懋,TWSE,綠能環保,不建立部位,保護持有,今天不新增部位；未完成確認前不機械式賣出,下一交易日收盤，確認是否收復防守區,已有部位暫停加碼；若收盤跌破60日EMA約 182.93，且下一交易日仍未收復，先減碼三分之一；若ETF或外資繼續轉弱，再分批降低部位。,49.6,43.9,36,85,91,可用,178.5,178.5,-8.28,-7.9,20.2,58.06,157.89,2.58,17.01,4.01,3.78,1,0,0,0,0,-43,0,-25.905,-59.994,-67.001,-627.1000000000001,0,0,0,-43,0,0,0,3.9059999999999997,-1.911,4.34,-31,221,148,,-31.9,-63.9,-65.09,-567.836,54.79,77.89,61.02,111.63,false,false,4.81,10.87,"單日成交金額低於5,000萬元；累計營收負成長且當月改善不足；中期趨勢仍向下；20日趨勢尚未上彎"
433,1582,信錦,TWSE,電子零組件業,不建立部位,保護持有,今天不新增部位；未完成確認前不機械式賣出,下一交易日收盤，確認是否收復防守區,已有部位暫停加碼；若收盤跌破60日EMA約 80.94，且下一交易日仍未收復，先減碼三分之一；若ETF或外資繼續轉弱，再分批降低部位。,47.1,43.7,49.2,85,100,完整,74.3,74.3,-9.5,-6.27,1.81,43.02,195.59,1.65,21.9,1.37,4.27,1,0,0,0,0,-199,0,-181.983,93.112,-23.727000000000018,605.8889999999999,0,0,0,-199,0,0,0,-44.1,-169.24099999999999,4.69,-225,189,721,,-184.983,137.21200000000002,145.514,1350.2930000000001,50.59,82.33,67.14,112.71,false,false,3.06,8.94,"單日成交金額低於5,000萬元；累計營收負成長且當月改善不足；中期趨勢仍向下；20日趨勢尚未上彎；單季稅前獲利對營業外貢獻依賴偏高"
434,6962,奕力-KY,TWSE,半導體業,不建立部位,保護持有,今天不新增部位；未完成確認前不機械式賣出,下一交易日收盤，確認是否收復防守區,已有部位暫停加碼；若收盤跌破60日EMA約 34.51，且下一交易日仍未收復，先減碼三分之一；若ETF或外資繼續轉弱，再分批降低部位。,43.6,43.7,55.4,85,91,可用,34.15,34.15,-0.33,-5.7,3.76,20.83,263.36,0.58,21.27,0.75,3.22,1,-15,-15,-15,5,18,0,113.394,686.483,-890.375,-6929.487000000001,-15,-15,5,18,0,1,-465750,-88.496,-37.669,38.43,108,-2263,-4844,,135,789.979,-857.7059999999999,-6819.798,54.63,71.57,53.56,107.58,false,false,4.87,9.28,"單日成交金額低於5,000萬元；累計營收負成長且當月改善不足；中期趨勢仍向下；20日累積後5日轉為調節；ETF 1/3日已轉為減碼；20日趨勢尚未上彎"
435,8473,山林水,TWSE,綠能環保,不建立部位,降低部位,停止加碼；反彈未站回恢復區時分批減碼,每個交易日收盤後，確認是否站回恢復區,已有部位先停止加碼。反彈若仍未站回 43.92，分批降低部位；只有站回且ETF／外資賣壓收斂後才重新評估。,41.9,43.6,31.2,85,68,最低門檻,42.3,42.3,18.1,11.68,,,,,14.35,1.05,4.6,1,0,1,2,2,2,0,-221.317,-275.29200000000003,-333.87300000000005,-226.4170000000001,0,0,0,0,0,0,0,-16.810000000000002,-17.336000000000006,4.16,-180,-41,-111,,-220.4,-258.482,-316.53700000000003,-219.52599999999993,44.86,49.47,33.43,81.54,false,false,-1.19,4.96,"單日成交金額低於5,000萬元；中期趨勢仍向下；外資持股5/10日下降，且外資5日賣超；20日趨勢尚未上彎；當下除權息調整價未守20日EMA"
436,8476,台境*,TWSE,綠能環保,不建立部位,保護持有,今天不新增部位；未完成確認前不機械式賣出,下一交易日收盤，確認是否收復防守區,已有部位暫停加碼；若收盤跌破60日EMA約 20.82，且下一交易日仍未收復，先減碼三分之一；若ETF或外資繼續轉弱，再分批降低部位。,44.9,43.2,33.1,85,71,可用,20.6,20.6,66.05,3.11,2.34,55.74,159.3,0,48.81,1.78,0.98,1,0,-7,-7,9,325,0,-242,-108.28200000000001,-591.979,-1747.753,0,-7,9,325,2,2,-143500,-14.512,-10.512,1.4,-178,590,518,,-241,-86.77000000000001,-590.467,-2071.241,45.13,45.39,33.05,70.05,true,false,-2.83,7.29,"單日成交金額低於5,000萬元；中期趨勢仍向下；20日趨勢尚未上彎；當下除權息調整價未守20日EMA"
437,1515,力山,TWSE,電機機械,不建立部位,優先降低風險,依風險與流動性分批降低部位,風險解除且基本面與趨勢重新確認後,已有部位應優先降低曝險；目前觸發「處置或交易限制事件」。待事件解除或基本面重新確認後再評估。,39.6,43,36.9,85,85,完整,31.2,31.2,6.37,0.7,-1.26,51.78,96.36,0.12,20.4,1.41,1.97,1,0,-10,-9,11,418,0,-25,-508,2278.708,1662.2440000000001,0,-9,11,418,1,2,-273600,33,44.534,5.06,-54,2469,1138,,-54,-532,2223.174,1389.3980000000001,46.38,51.24,36.39,80.94,false,false,-4.14,5.76,"單日成交金額低於5,000萬元；處置或交易限制風險；20日趨勢尚未上彎；當下除權息調整價未守20日EMA；單季稅前獲利對營業外貢獻依賴偏高"
438,6176,瑞儀,TWSE,光電業,不建立部位,優先降低風險,依風險與流動性分批降低部位,風險解除且基本面與趨勢重新確認後,已有部位應優先降低曝險；目前觸發「價格跌破60日EMA且20日趨勢向下」。待事件解除或基本面重新確認後再評估。,32.1,41.8,59.2,85,100,完整,82.3,82.3,-15.03,-5.98,10.12,48.32,178.45,2.81,10.31,1.06,4.2,6,1,-4,-441,-435,-665,-433,-1225.381,-935.9190000000001,-2222.514000000001,-3472.5160000000014,1.356,-440.605,-434.605,-744.0740000000001,1,4,-36746457,4.737000000000009,-146.81300000000002,35.03,-1415,-2186,-3439,,-1197.361,-500.05100000000004,-1641.096,-2566.3189999999995,38.36,37.35,43.19,25.67,false,true,-3.98,-4.52,營收動能同步衰退；累計營收負成長且當月改善不足；中期趨勢仍向下；ETF短中期同步減碼；主動ETF 5日轉為減碼；投信5/10日持續且具金額意義的賣超；外資持股5/10日下降，且外資5日賣超；20日趨勢尚未上彎；當下除權息調整價未守20日EMA
439,3545,敦泰,TWSE,半導體業,不建立部位,保護持有,今天不新增部位；未完成確認前不機械式賣出,下一交易日收盤，確認是否收復防守區,已有部位暫停加碼；若收盤跌破60日EMA約 52.61，且下一交易日仍未收復，先減碼三分之一；若ETF或外資繼續轉弱，再分批降低部位。,51.1,41.7,38,85,91,可用,51.1,51.1,2.16,-13.49,-5.88,31.93,219.88,0.02,,1.25,1.61,2,-5,5,5,11,12,0,-4.657,762.932,1185.24,-19.466999999999985,-5,5,11,12,1,1,252000,-31.631,-54.753,15.17,-33,950,916,,-3,789.5629999999999,1228.993,208.94199999999978,49.86,86.06,73.73,110.72,false,false,1.18,2,"單日成交金額低於5,000萬元；累計營收負成長且當月改善不足；中期趨勢仍向下；20日趨勢尚未上彎"
440,9930,中聯資源,TWSE,綠能環保,不建立部位,保護持有,今天不新增部位；未完成確認前不機械式賣出,下一交易日收盤，確認是否收復防守區,已有部位暫停加碼；若收盤跌破60日EMA約 65.47，且下一交易日仍未收復，先減碼三分之一；若ETF或外資繼續轉弱，再分批降低部位。,39.6,40.7,48.8,85,100,完整,62.3,62.3,-7.26,-6.65,9.79,43.21,90.16,2.16,14.1,2.5,6.42,2,0,0,0,2,21,0,-116,-382.165,64.231,343.41099999999994,0,0,2,21,0,0,0,-53.165,-34.165,2.03,-103,92,287,,-124,-329,96.396,349.879,34.94,31.76,32.93,29.44,false,false,-1.55,-1.42,"單日成交金額低於5,000萬元；累計營收負成長且當月改善不足；中期趨勢仍向下；20日趨勢尚未上彎；當下除權息調整價未守20日EMA"
441,5222,全訊,TWSE,半導體業,不建立部位,保護持有,今天不新增部位；未完成確認前不機械式賣出,下一交易日收盤，確認是否收復防守區,已有部位暫停加碼；若收盤跌破60日EMA約 119.47，且下一交易日仍未收復，先減碼三分之一；若ETF或外資繼續轉弱，再分批降低部位。,45.9,40.6,50,85,93,完整,117,117,-4.97,-15.18,16.7,15.68,245.71,0.63,58.9,3.5,2.22,2,-20,-21,-21,1,1,0,50.943,72.821,-280.39099999999996,-690.831,-20,-21,1,1,0,2,-2362500,-35.724999999999994,-52.269,3.6,74,-290,-362,,70,129.546,-229.122,-611.96,52.17,76.87,59.09,112.42,false,false,2.09,5.41,"單日成交金額低於5,000萬元；累計營收負成長且當月改善不足；中期趨勢仍向下；20日累積後5日轉為調節；ETF 1/3日已轉為減碼；20日趨勢尚未上彎"
442,1229,聯華,TWSE,食品工業,不建立部位,優先降低風險,依風險與流動性分批降低部位,風險解除且基本面與趨勢重新確認後,已有部位應優先降低曝險；目前觸發「價格跌破60日EMA且20日趨勢向下」。待事件解除或基本面重新確認後再評估。,42.8,39.8,47.9,85,91,可用,40.7,40.7,-52.01,-22.93,9.65,20.5,100.83,0.55,15.63,1.31,4.92,6,-11,-12,-658,-647,275,-657,407.748,-592.4399999999999,889.145,431.7999999999999,-10.626,-648.626,-603.626,315.374,0,4,-26366647,-349.945,-135.68800000000005,8.85,738,5892,6678,,400.169,406.131,1628.4589999999998,275.85299999999995,49.32,36.52,27.42,54.71,true,false,-0.04,1.24,營收動能同步衰退；累計營收負成長且當月改善不足；中期趨勢仍向下；ETF短中期同步減碼；20日累積後5日轉為調節；ETF 1/3日已轉為減碼；主動ETF 5日轉為減碼；投信5/10日持續且具金額意義的賣超；20日趨勢尚未上彎；當下除權息調整價未守20日EMA；單季稅前獲利對營業外貢獻依賴偏高
443,8215,明基材,TWSE,光電業,不建立部位,保護持有,今天不新增部位；未完成確認前不機械式賣出,下一交易日收盤，確認是否收復防守區,已有部位暫停加碼；若收盤跌破60日EMA約 26.23，且下一交易日仍未收復，先減碼三分之一；若ETF或外資繼續轉弱，再分批降低部位。,49.8,39.6,20.5,85,100,完整,25.55,25.55,13.05,5.47,-3.62,69.5,105.86,-0.96,,1.64,1.22,1,0,1,1,17,12,0,122.255,529.896,55.97099999999995,-1131.694,0,1,17,12,1,0,24500,-34.125,-39.20199999999999,1.71,72,493,-604,,120.323,563.021,78.17299999999994,-1055.0880000000002,52.01,82.13,63.3,119.79,false,false,3.43,11.82,"單日成交金額低於5,000萬元；中期趨勢仍向下；20日趨勢尚未上彎"
444,2243,宏旭-KY,TWSE,汽車工業,不建立部位,降低部位,停止加碼；反彈未站回恢復區時分批減碼,每個交易日收盤後，確認是否站回恢復區,已有部位先停止加碼。反彈若仍未站回 45.67，分批降低部位；只有站回且ETF／外資賣壓收斂後才重新評估。,35.8,39.5,36,85,91,可用,40.6,40.6,-40.08,31.45,7.78,72.47,125.51,0.66,16.08,3.13,,1,0,-3,-3,4,67,0,-79.537,-302.17600000000004,-250.95100000000002,-1239.93,0,-3,4,67,1,2,-120150,-7,-2.0249999999999995,28.49,-80,-615,-1090,,-80.537,-292.17600000000004,-252.926,-1293.278,38.19,16.47,18.43,12.55,false,true,-11.11,-6.02,"單日成交金額低於5,000萬元；中期趨勢仍向下；20日累積後5日轉為調節；外資持股5/10日下降，且外資5日賣超；20日趨勢尚未上彎；當下除權息調整價未守20日EMA"
445,2387,精元,TWSE,電腦及週邊設備業,不建立部位,優先降低風險,依風險與流動性分批降低部位,風險解除且基本面與趨勢重新確認後,已有部位應優先降低曝險；目前觸發「價格跌破60日EMA且20日趨勢向下」。待事件解除或基本面重新確認後再評估。,35.9,39.2,54.7,85,100,完整,37.55,37.55,-17.57,-9.89,1.59,42.64,184.67,0.66,12.89,0.71,10.42,3,3,-5,-14,-22,113,0,173.836,158.055,-16.899999999999974,-815.5070000000001,2.996,-14.411999999999999,-22.417,112.60100000000001,1,3,-553421,-30.461,-9.810999999999998,9.34,145,59,-40,,168.028,202.92799999999997,15.327999999999946,-919.263,40.39,53.37,47.75,64.61,false,false,-1.92,-0.53,"單日成交金額低於5,000萬元；營收動能同步衰退；累計營收負成長且當月改善不足；中期趨勢仍向下；ETF短中期同步減碼；20日累積後5日轉為調節；20日趨勢尚未上彎；當下除權息調整價未守20日EMA"
446,3703,欣陸,TWSE,建材營造,不建立部位,保護持有,今天不新增部位；未完成確認前不機械式賣出,下一交易日收盤，確認是否收復防守區,已有部位暫停加碼；若收盤跌破60日EMA約 20.88，且下一交易日仍未收復，先減碼三分之一；若ETF或外資繼續轉弱，再分批降低部位。,41,38.7,36.7,85,85,完整,20.2,20.2,-5.55,-8.84,5.41,70.54,121.44,0.57,9.81,0.62,5.15,1,0,0,0,4,395,0,415,-809.087,1672.026,3813.145000000001,0,2,15,408,1,0,40800,-34.236999999999995,69.81,20.75,305,3175,4600,,289,-776.85,1587.216,3324.089,37.58,27.32,34.18,13.59,false,false,-1.7,-1.46,"單日成交金額低於5,000萬元；累計營收負成長且當月改善不足；中期趨勢仍向下；20日趨勢尚未上彎；當下除權息調整價未守20日EMA"
447,8033,雷虎,TWSE,其他,不建立部位,優先降低風險,依風險與流動性分批降低部位,風險解除且基本面與趨勢重新確認後,已有部位應優先降低曝險；目前觸發「價格跌破60日EMA且20日趨勢向下」。待事件解除或基本面重新確認後再評估。,32.2,38.6,44.5,85,71,可用,172,172,19.63,9.67,-0.7,45.47,219,0.34,276.12,14.64,,1,0,-10,-9,11,413,0,-98.084,173.82399999999998,1381.592,-3616.6769999999997,0,-9,11,413,1,2,-1665000,-71,-43.568,14.1,-30,-1723,-3429,,-30.084,253.82399999999998,1414.1599999999999,-3730.785,44.76,69.04,59.13,88.85,false,false,-7.07,-0.29,處置或交易限制風險；中期趨勢仍向下；20日趨勢尚未上彎；當下除權息調整價未守20日EMA；估值高且成長不足以支撐；單季稅前獲利對營業外貢獻依賴偏高
448,9933,中鼎,TWSE,其他,不建立部位,優先降低風險,依風險與流動性分批降低部位,風險解除且基本面與趨勢重新確認後,已有部位應優先降低曝險；目前觸發「價格跌破60日EMA且20日趨勢向下」。待事件解除或基本面重新確認後再評估。,44.6,38.4,33.6,85,91,可用,38.25,38.25,-16.64,-18.79,9.67,81.57,102.9,1,8.92,1.63,2.65,3,0,1,-2,12,-452,0,159.356,1585.68,-1188.317,3320.7249999999995,0,3.1,37.5,-427.38599999999997,2,0,117025,-295.26599999999996,5.827000000000016,18.69,271,-731,1284,,263.823,1877.846,-1231.6440000000002,3717.8989999999994,47.3,55.3,39.54,86.81,true,false,-0.04,6.25,營收動能同步衰退；累計營收負成長且當月改善不足；中期趨勢仍向下；20日趨勢尚未上彎；當下除權息調整價未守20日EMA
449,6743,安普新,TWSE,其他電子業,不建立部位,降低部位,停止加碼；反彈未站回恢復區時分批減碼,每個交易日收盤後，確認是否站回恢復區,已有部位先停止加碼。反彈若仍未站回 28.93，分批降低部位；只有站回且ETF／外資賣壓收斂後才重新評估。,32.2,37.9,35.5,85,91,可用,25.95,25.95,29.71,0.77,1.93,69.09,87.9,-0.19,30.43,1.37,12.02,1,0,-1,-3,-6,-11,0,-76,-705.1189999999999,-832.2699999999999,-682.9759999999998,0,-3.027,-6.785,-11.042,0,2,-75524,-21.092,-8.091999999999999,3.3,55,-428,-514,,-76,-681,-817.3929999999999,-668.842,33.65,15.29,21.63,2.61,false,false,-8.65,-14.36,"單日成交金額低於5,000萬元；中期趨勢仍向下；ETF短中期同步減碼；外資持股5/10日下降，且外資5日賣超；20日趨勢尚未上彎；當下除權息調整價未守20日EMA"
450,2338,光罩,TWSE,半導體業,不建立部位,降低部位,停止加碼；反彈未站回恢復區時分批減碼,每個交易日收盤後，確認是否站回恢復區,已有部位先停止加碼。反彈若仍未站回 45.07，分批降低部位；只有站回且ETF／外資賣壓收斂後才重新評估。,46.2,36.1,22.5,85,91,可用,40.1,40.1,0.08,-5.14,0.93,66.11,77.74,0.52,,2.1,,2,0,0,4,4,4,0,-252.827,-196.42799999999997,-1040.8809999999999,-9069.762999999999,0,0,0,0,0,0,0,-179.407,-491.89300000000003,5.01,-238,-591,-2933,,-247.983,-17.021000000000072,-548.988,-8264.292,44.34,72.37,56.34,104.43,false,false,-2.14,6.65,"單日成交金額低於5,000萬元；累計營收負成長且當月改善不足；中期趨勢仍向下；外資持股5/10日下降，且外資5日賣超；20日趨勢尚未上彎；當下除權息調整價未守20日EMA；單季稅前獲利對營業外貢獻依賴偏高"
451,6890,來億-KY,TWSE,運動休閒,不建立部位,降低部位,停止加碼；反彈未站回恢復區時分批減碼,每個交易日收盤後，確認是否站回恢復區,已有部位先停止加碼。反彈若仍未站回 187.29，分批降低部位；只有站回且ETF／外資賣壓收斂後才重新評估。,40.2,35.2,44.8,85,91,可用,174.5,174.5,-3.2,-14.77,2.55,26.79,524.31,0.75,17.11,1.74,5.18,2,0,0,-140,-80,56,-140,56.758,94.69600000000001,590.45,1226.3590000000002,0,-138,-72,66,0,2,-23874000,-44.381,56.458,86.42,48,775,1102,,52.672,277.077,605.9920000000001,1168.464,45.18,53.45,38.92,82.53,false,false,-1.19,5.12,"單日成交金額低於5,000萬元；累計營收負成長且當月改善不足；中期趨勢仍向下；ETF短中期同步減碼；20日累積後5日轉為調節；主動ETF 5日轉為減碼；20日趨勢尚未上彎；當下除權息調整價未守20日EMA"
452,2208,台船,TWSE,航運業,不建立部位,降低部位,停止加碼；反彈未站回恢復區時分批減碼,每個交易日收盤後，確認是否站回恢復區,已有部位先停止加碼。反彈若仍未站回 19.38，分批降低部位；只有站回且ETF／外資賣壓收斂後才重新評估。,42.9,33.8,18,85,91,可用,19,19,14.86,-30.71,-3.8,85.17,110.85,0.07,,3.27,,1,0,0,0,0,0,0,-270.97,-1873.304,-2735.658,-3039.4950000000003,0,0,0,0,0,0,0,-91,-73,7.25,-272,-3881,-3980,,-271.97,-1782.304,-2662.658,-3008.495000000001,47.61,54.35,40.93,81.2,false,false,-1.18,0.8,"單日成交金額低於5,000萬元；中期趨勢仍向下；外資持股5/10日下降，且外資5日賣超；20日趨勢尚未上彎；當下除權息調整價未守20日EMA；單季稅前獲利對營業外貢獻依賴偏高"
453,8105,凌巨,TWSE,光電業,不建立部位,保護持有,今天不新增部位；未完成確認前不機械式賣出,下一交易日收盤，確認是否收復防守區,已有部位暫停加碼；若收盤跌破60日EMA約 17.71，且下一交易日仍未收復，先減碼三分之一；若ETF或外資繼續轉弱，再分批降低部位。,40,33.3,41.5,85,71,可用,16.65,16.65,-8.9,-1.2,0.53,25.59,202.48,0.43,546.67,0.9,,1,0,-13,-12,17,606,0,63,473.57700000000006,-1053.596,-4758.18,0,-12,17,606,2,2,-196800,-86,-41,39.11,22,-4736,-7406,,69,571.577,-1029.596,-5325.6810000000005,44.52,70.75,56.78,98.68,false,false,-2.17,5.71,"單日成交金額低於5,000萬元；累計營收負成長且當月改善不足；中期趨勢仍向下；20日趨勢尚未上彎；當下除權息調整價未守20日EMA；估值高且成長不足以支撐；單季稅前獲利對營業外貢獻依賴偏高"
454,6456,GIS-KY,TWSE,光電業,不建立部位,優先降低風險,依風險與流動性分批降低部位,風險解除且基本面與趨勢重新確認後,已有部位應優先降低曝險；目前觸發「單月與累計營收同步明顯衰退」。待事件解除或基本面重新確認後再評估。,48.9,31.1,24,85,100,完整,67.6,67.6,-48.22,-22.34,-4.23,47.73,231.73,-3.76,,0.7,,1,0,0,0,0,0,0,499.421,1541.1100000000001,848.8600000000001,1178.817,0,0,0,0,0,0,0,83.269,-101.548,44.48,323,-245,1492,,433.286,1457.841,950.4079999999998,1394.6650000000002,55.86,73.24,52.34,115.04,false,false,8.36,19.65,營收動能同步衰退；累計營收負成長且當月改善不足；20日趨勢尚未上彎；高波動且5日漲幅過大
455,6230,尼得科超眾,TWSE,電腦及週邊設備業,不建立部位,保護持有,今天不新增部位；未完成確認前不機械式賣出,下一交易日收盤，確認是否收復防守區,已有部位暫停加碼；若收盤跌破60日EMA約 123.92，且下一交易日仍未收復，先減碼三分之一；若ETF或外資繼續轉弱，再分批降低部位。,40.2,31.1,29.8,85,91,可用,110,110,-3.16,9.01,0.75,44.13,216.93,-0.91,,1.62,,1,0,0,0,0,0,0,4.888,2.9890000000000008,75.145,28.994999999999994,0,0,0,0,0,0,0,-14.214,-7.958000000000002,87.08,4,70,64,,4,17.203,83.10300000000001,35.557,41.12,49.72,43.65,61.88,false,false,-2.83,0.46,"單日成交金額低於5,000萬元；中期趨勢仍向下；20日趨勢尚未上彎；當下除權息調整價未守20日EMA"
456,3532,台勝科,TWSE,半導體業,不建立部位,優先降低風險,依風險與流動性分批降低部位,風險解除且基本面與趨勢重新確認後,已有部位應優先降低曝險；目前觸發「價格跌破60日EMA且20日趨勢向下」。待事件解除或基本面重新確認後再評估。,35,30,23.2,85,100,完整,283,283,23.71,15.76,-0.14,52.63,270.98,-0.05,240.38,4.99,0.32,7,0,5,5,14,317,0,64.478,-272.92400000000004,-224.98000000000013,2572.1439999999993,0,-756,-5186,313,1,2,-236250000,112.488,101.28400000000002,44.37,77,4708,4164,,79.537,370.588,4859.736,3450.942,38.84,36.89,28.61,53.44,false,false,-17.27,6.79,處置或交易限制風險；中期趨勢仍向下；20日趨勢尚未上彎；當下除權息調整價未守20日EMA；估值高且成長不足以支撐
457,2530,華建,TWSE,建材營造,不建立部位,優先降低風險,依風險與流動性分批降低部位,風險解除且基本面與趨勢重新確認後,已有部位應優先降低曝險；目前觸發「價格跌破60日EMA且20日趨勢向下」。待事件解除或基本面重新確認後再評估。,36.7,28.6,28.7,85,91,可用,19.4,19.4,-96.97,-94.26,-2.09,66.65,160.8,-0.04,9.92,1.63,9.51,2,0,-25,-33,-49,594,0,201,-349.155,640.606,1692.54,0,-28.886000000000003,-41.884,1036.163,1,2,-561833,-5,10.890999999999998,3.33,167,483,679,,196,-315.269,671.5989999999999,584.4859999999999,46.89,22.18,31.07,4.39,false,false,-1.41,-1.27,"單日成交金額低於5,000萬元；營收動能同步衰退；累計營收負成長且當月改善不足；中期趨勢仍向下；ETF短中期同步減碼；20日累積後5日轉為調節；20日趨勢尚未上彎；當下除權息調整價未守20日EMA"
458,9926,新海,TWSE,油電燃氣業,不建立部位,保護持有,今天不新增部位；未完成確認前不機械式賣出,下一交易日收盤，確認是否收復防守區,已有部位暫停加碼；若收盤跌破60日EMA約 49.54，且下一交易日仍未收復，先減碼三分之一；若ETF或外資繼續轉弱，再分批降低部位。,35.9,28.6,16.4,85,68,最低門檻,49.3,49.3,-1.61,-0.99,,,,,18.06,1.98,4.26,1,0,0,1,1,1,0,0,-1,94.1,245.10799999999998,0,0,0,0,0,0,0,-9,-5,0.8,0,154,197,,0,8,99.1,247.10799999999998,46.84,39.78,39.86,39.64,true,true,-0.44,-0.8,"單日成交金額低於5,000萬元；累計營收負成長且當月改善不足；中期趨勢仍向下；20日趨勢尚未上彎；當下除權息調整價未守20日EMA"
459,2601,益航,TWSE,航運業,不建立部位,優先降低風險,依風險與流動性分批降低部位,風險解除且基本面與趨勢重新確認後,已有部位應優先降低曝險；目前觸發「單月與累計營收同步明顯衰退」。待事件解除或基本面重新確認後再評估。,42.6,26.8,8.1,85,68,最低門檻,6.32,6.32,-51.78,-55,,,,,,0.69,,1,0,0,8,8,8,0,-206.572,-749.585,-115.394,290.59500000000025,0,0,0,0,0,0,0,-42,-29,13.15,-207,401,925,,-206.572,-707.585,-86.394,300.8900000000003,48.52,39.94,32.47,54.88,false,false,-1.21,1.28,"單日成交金額低於5,000萬元；營收動能同步衰退；累計營收負成長且當月改善不足；20日趨勢尚未上彎；當下除權息調整價未守20日EMA"
460,3062,建漢,TWSE,通信網路業,不建立部位,優先降低風險,依風險與流動性分批降低部位,風險解除且基本面與趨勢重新確認後,已有部位應優先降低曝險；目前觸發「價格跌破60日EMA且20日趨勢向下」。待事件解除或基本面重新確認後再評估。,41,25.3,23.9,85,91,可用,20.9,20.9,-34.39,-1.86,-14.02,34.5,174.14,-0.54,,1.61,,1,0,0,0,0,0,0,55.242,1289.257,634.1450000000001,-1727.626,0,0,0,0,0,0,0,-64.61500000000001,-115.685,9.71,-6,768,211,,54,1353.8719999999998,749.8299999999998,-1355.873,44.26,79.94,61.43,116.94,false,false,-0.8,4.5,"單日成交金額低於5,000萬元；營收動能同步衰退；累計營收負成長且當月改善不足；中期趨勢仍向下；20日趨勢尚未上彎；當下除權息調整價未守20日EMA"
461,1109,信大,TWSE,水泥工業,不建立部位,優先降低風險,依風險與流動性分批降低部位,風險解除且基本面與趨勢重新確認後,已有部位應優先降低曝險；目前觸發「價格跌破60日EMA且20日趨勢向下」。待事件解除或基本面重新確認後再評估。,30,25.3,20.7,85,68,最低門檻,13.55,13.55,-19.63,-16.39,,,,,17.09,0.54,6.67,1,0,3,9,9,9,0,32,-146.518,60.42100000000001,88.65700000000001,0,0,0,0,0,0,0,-61.638000000000005,-22.698999999999998,2.46,29,389,192,,29,-84.88,83.12,103.82000000000001,28.99,11.2,15.37,2.87,false,false,-2.09,-1.09,"單日成交金額低於5,000萬元；營收動能同步衰退；累計營收負成長且當月改善不足；中期趨勢仍向下；20日趨勢尚未上彎；當下除權息調整價未守20日EMA"
462,1314,中石化,TWSE,塑膠工業,不建立部位,優先降低風險,依風險與流動性分批降低部位,風險解除且基本面與趨勢重新確認後,已有部位應優先降低曝險；目前觸發「價格跌破60日EMA且20日趨勢向下」。待事件解除或基本面重新確認後再評估。,38.4,23.9,20.2,85,91,可用,7.74,7.74,-29.27,-30.03,-15.82,40.44,153.87,-0.07,,0.39,,1,0,0,0,0,0,0,-4763.398,-2381.3759999999997,-26679.885000000002,-53748.38500000001,0,0,0,0,0,0,0,-153.41700000000003,-558.211,9.89,-3775,-4848,-12019,,-4730.398,-2227.9590000000007,-26121.674,-53406.079999999994,41.99,48.09,36.13,72.02,false,false,-3.34,1.04,營收動能同步衰退；累計營收負成長且當月改善不足；中期趨勢仍向下；外資持股5/10日下降，且外資5日賣超；20日趨勢尚未上彎；當下除權息調整價未守20日EMA
463,6988,威力暘-創,TWSE,汽車工業,不建立部位,保護持有,今天不新增部位；未完成確認前不機械式賣出,下一交易日收盤，確認是否收復防守區,已有部位暫停加碼；若收盤跌破60日EMA約 13.59，且下一交易日仍未收復，先減碼三分之一；若ETF或外資繼續轉弱，再分批降低部位。,36.2,23.9,8.8,85,68,最低門檻,12.55,12.55,-2.26,-12.8,,,,,,0.82,,1,0,1,2,2,2,0,-0.001,-9.984,18.016,34.016,0,0,0,0,0,0,0,-9.984,12.216,3.88,0,1,12,,0,0,5.8,8.8,44.28,38.06,29.35,55.46,true,false,-0.93,5.02,"單日成交金額低於5,000萬元；累計營收負成長且當月改善不足；中期趨勢仍向下；20日趨勢尚未上彎；當下除權息調整價未守20日EMA"
464,6706,惠特,TWSE,光電業,不建立部位,優先降低風險,依風險與流動性分批降低部位,風險解除且基本面與趨勢重新確認後,已有部位應優先降低曝險；目前觸發「價格跌破60日EMA且20日趨勢向下」。待事件解除或基本面重新確認後再評估。,38.4,22.9,18.2,85,91,可用,115,115,-26.07,-49.65,-77.09,51.32,219.71,-0.96,,2.28,,1,0,0,0,0,0,0,-55.491,-628.9019999999999,135.38499999999996,1088.2469999999998,0,-34,-34,-34,0,1,-3706000,76.018,-94.624,6.48,-9,-772,43,,-50.02,-670.92,264.00900000000007,1599.4650000000001,47.52,73.6,58.71,103.36,false,false,1.17,16.99,營收動能同步衰退；累計營收負成長且當月改善不足；中期趨勢仍向下；20日趨勢尚未上彎；高波動且5日漲幅過大
465,2540,愛山林,TWSE,建材營造,不建立部位,優先降低風險,依風險與流動性分批降低部位,風險解除且基本面與趨勢重新確認後,已有部位應優先降低曝險；目前觸發「單月與累計營收同步明顯衰退」。待事件解除或基本面重新確認後再評估。,31,22.5,16.8,85,91,可用,45.2,45.2,-49.07,-44.16,0.97,73.69,138.77,-0.01,91.5,3.16,10.93,1,0,0,0,0,0,0,-339,-2236.9069999999997,4158.338000000001,5944.5,0,0,0,0,0,0,0,1085,2730,1.71,-293,-113,670,,-356,-3321.907,1428.338,3201.5,29.82,23.77,42.28,-13.25,false,false,-17.41,-24.67,營收動能同步衰退；累計營收負成長且當月改善不足；當下除權息調整價未守20日EMA；估值高且成長不足以支撐