排名,代號,名稱,市場,產業,新部位建議,既有部位狀態,持有判斷模式,今天動作,下一次確認,既有部位說明,主要原因,短期時機分數,中期研究分數,長期初篩分數,長期方法覆蓋率%,資料健康度,資料健康狀態,收盤價,即時價,營收YoY%,累計營收YoY%,營益率%,負債比%,流動比率%,EPS,本益比,股價淨值比,殖利率%,ETF家數,ETF_1日增減張,ETF_3日增減張,ETF_5日增減張,ETF_10日增減張,ETF_20日增減張,主動ETF_5日增減張,法人1日張,法人5日張,法人10日張,法人20日張,投信買賣超1日張,投信買賣超5日張,投信買賣超10日張,投信買賣超20日張,投信5日買超天數,投信5日賣超天數,投信5日估算金額,自營商買賣超5日張,自營商買賣超10日張,外資持股比率%,外資持股1日增減張,外資持股5日增減張,外資持股10日增減張,外資持股20日增減張,外資買賣超1日張,外資買賣超5日張,外資買賣超10日張,外資買賣超20日張,RSI14,KD-K,KD-D,KD-J,KD近3日黃金交叉,KD近3日死亡交叉,距20EMA%,5日報酬%,淘汰原因
1,6531,愛普*,TWSE,半導體業,可開始承接,符合加碼條件,add,只在回測承接區且法人未轉弱時分2–3批,回測時與每個交易日收盤後,已有部位可續抱；回測20日EMA約 885.19 且ETF、外資與投信未轉弱時，才考慮下一批。,未觸發明確減碼訊號,78.7,75.2,66.6,85,100,可用,958,958,144.57,102.88,29.44,24.47,373.6,8.33,53.46,12.03,0.75,19,0,430,730,458,387,744,406.213,1343.644,1728.7179999999998,1508.7349999999994,12,1270,-3929.219,-3902.2430000000004,4,1,1177290000,56.352,-128.573,33.75,417,26,5628,,415.214,17.292000000000012,5786.51,5334.627999999999,58.1,79.11,67.72,101.88,false,false,8.23,9.36,
2,3260,威剛,TPEX,半導體業,等待確認,正常持有,standard,今天不下單,每個交易日收盤後，檢查趨勢與法人籌碼,已有部位可續抱觀察，但暫不追價；若收盤跌破60日EMA約 404.00 且法人籌碼轉弱，先減碼三分之一。,未觸發明確減碼訊號,73.8,83.3,71.1,85,100,可用,412,412,331.29,206.73,38.98,62.91,181.44,62.46,5.35,3.4,4.11,14,-1,-46,421,227,145,171,611.506,611.506,611.506,611.506,-1,-1,-1,-1,0,1,-413500,108.924,108.924,24.22,,,,,503.582,503.582,503.582,503.582,52.12,42.57,48.3,31.11,false,false,0.7,-1.55,ETF 1/3日已轉為減碼；外資持股趨勢資料不足或期間有非市場異動
3,2637,慧洋-KY,TWSE,航運業,等待確認,保護持有,protect,今天不新增部位；未完成確認前不機械式賣出,下一交易日收盤，確認是否收復防守區,已有部位暫停加碼；若收盤跌破60日EMA約 84.69，且下一交易日仍未收復，先減碼三分之一；若ETF或外資繼續轉弱，再分批降低部位。,投信5/10日持續且具金額意義地賣超,69.5,80.6,70.6,85,100,可用,95.6,95.6,56.22,35.67,33.36,41.18,92.13,4.1,10.47,1.42,3.72,8,-2,-14,-9,213,-574,0,448.511,-1779.4519999999998,4898.447,10434.56,-2,-6294.269,-11435.969000000001,-11502.136,1,4,-592290713,-32.913,8.663999999999994,27.6,428,3652,16700,,412.11,4547.73,16325.752,22054.538000000004,59.99,35.92,45.27,17.23,false,false,5.01,0.1,ETF 1/3日已轉為減碼；投信5/10日持續且具金額意義的賣超
4,2027,大成鋼,TWSE,鋼鐵工業,等待確認,正常持有,standard,今天不下單,每個交易日收盤後，檢查趨勢與法人籌碼,已有部位可續抱觀察，但暫不追價；若收盤跌破60日EMA約 45.02 且法人籌碼轉弱，先減碼三分之一。,未觸發明確減碼訊號,71.4,78.7,71.5,85,100,完整,49.8,49.8,46.12,32.56,19.7,43.68,295.53,3.1,9.63,1.44,3.07,9,4030,3706,3674,1694,-4299,0,973.298,-3536.3489999999993,7234.143,67386.482,4088,4061.83,2045.83,-15754.882,1,2,198217304,-981.0110000000001,-3499.4809999999998,25.61,-2203,-6298,9046,,-3053.02,-6617.168,8687.794000000002,90272.767,60.11,36.14,44.64,19.14,false,false,3.07,-1.58,ETF加碼金額或跨基金共識不足
5,2855,統一證,TWSE,金融保險業,等待確認,正常持有,standard,今天不下單,每個交易日收盤後，檢查趨勢與法人籌碼,已有部位可續抱觀察，但暫不追價；若收盤跌破60日EMA約 46.06 且法人籌碼轉弱，先減碼三分之一。,未觸發明確減碼訊號,75.3,78.7,71.6,85,100,可用,50,50,19.6,252.71,,87.34,112.56,6.96,5.15,1.65,4.26,11,418,427,1604,5750,11807,0,987.174,4594.162,4025.5220000000004,5743.379000000001,418,1605.74,5734.74,11791.801,3,2,79564417,0,0,7.02,491,4280,-3284,,569.174,2988.422,-1709.218,-6048.422,65.18,84.26,72.04,108.69,false,false,5.98,8.23,ETF加碼金額或跨基金共識不足
6,8271,宇瞻,TWSE,半導體業,等待確認,正常持有,standard,今天不下單,每個交易日收盤後，檢查趨勢與法人籌碼,已有部位可續抱觀察，但暫不追價；若收盤跌破60日EMA約 216.12 且法人籌碼轉弱，先減碼三分之一。,未觸發明確減碼訊號,61.6,77.5,69.4,85,100,完整,226,226,164.99,235.51,34.73,55.84,184.73,35.51,5.66,3.1,1.96,5,0,0,0,-80,141,0,-725.189,-500.1809999999999,2042.676,3180.542,0,-0.4,-80.4,140.01999999999998,0,1,-91000,-129.93099999999998,-106.22299999999996,11.19,-682,-285,2050,,-693.155,-369.8499999999997,2229.299000000001,3402.9990000000016,50.95,39.58,48.32,22.12,false,true,-0.52,-1.74,當下除權息調整價未守20日EMA
7,5289,宜鼎,TPEX,電腦及週邊設備業,等待確認,正常持有,standard,今天不下單,每個交易日收盤後，檢查趨勢與法人籌碼,"已有部位可續抱觀察，但暫不追價；若收盤跌破60日EMA約 1,460.49 且法人籌碼轉弱，先減碼三分之一。",未觸發明確減碼訊號,63.9,76.4,77.1,85,100,可用,1450,1450,636.53,548.79,56.13,48.99,233.33,166.45,8.05,6,1.17,10,0,25,46,126,193,4,-280.797,-280.797,-280.797,-280.797,0,0,0,0,0,0,0,-128.121,-128.121,26.7,,,,,-152.676,-152.676,-152.676,-152.676,49.25,32.05,42.12,11.93,false,false,-0.67,-2.06,外資持股趨勢資料不足或期間有非市場異動；當下除權息調整價未守20日EMA；ETF加碼金額或跨基金共識不足
8,2605,新興,TWSE,航運業,等待確認,保護持有,protect,今天不新增部位；未完成確認前不機械式賣出,下一交易日收盤，確認是否收復防守區,已有部位暫停加碼；若收盤跌破60日EMA約 33.12，且下一交易日仍未收復，先減碼三分之一；若ETF或外資繼續轉弱，再分批降低部位。,外資持股5/10日下降且外資5日賣超,62.5,75.6,80.4,85,100,完整,34.75,34.75,36.27,35.12,33.49,26.88,212.23,3.67,7.21,1.07,2.83,1,0,0,0,-2,-2,0,-499.679,-8237.287,-11181.905999999999,-6417.021000000001,0,1,-8,-8,1,0,35350,-1192.642,-2092.621,48.5,-543,-6525,-8610,,-542.897,-7045.6449999999995,-9081.284999999998,-4731.205999999999,54.48,27.83,43.44,-3.41,false,false,1.07,-5.31,外資持股5/10日下降，且外資5日賣超；借券賣出與借券賣出餘額壓力升高；單季稅前獲利對營業外貢獻依賴偏高
9,6691,洋基工程,TWSE,其他電子業,等待確認,保護持有,protect,今天不新增部位；未完成確認前不機械式賣出,下一交易日收盤，確認是否收復防守區,已有部位暫停加碼；若收盤跌破60日EMA約 630.69，且下一交易日仍未收復，先減碼三分之一；若ETF或外資繼續轉弱，再分批降低部位。,外資持股5/10日下降且外資5日賣超,68.4,75,55.8,85,100,完整,631,631,177.06,98.1,16.22,72.04,135.24,17.46,18.4,10,3.58,10,0,-4,-3,837,950,0,-65.42,-514.684,-3055.21,-2747.518,0,14,328,440.501,2,1,8610000,-13.383000000000001,5.359999999999992,10.04,-30,-430,-3283,,-62.565,-515.301,-3388.57,-3209.851,49.85,49.58,39.97,68.8,false,false,0.26,2.44,20日累積後5日轉為調節；外資持股5/10日下降，且外資5日賣超
10,6670,復盛應用,TWSE,運動休閒,等待確認,正常持有,standard,今天不下單,每個交易日收盤後，檢查趨勢與法人籌碼,已有部位可續抱觀察，但暫不追價；若收盤跌破60日EMA約 266.30 且法人籌碼轉弱，先減碼三分之一。,未觸發明確減碼訊號,73,74.9,68,85,100,完整,277.5,277.5,25.09,11.6,15.25,40.17,200.45,13.1,11.74,2.58,5.57,6,0,19,18,17,-212,0,336.703,702.039,933.595,1046.0030000000002,0,56.393,54.393,-174.335,2,1,16212988,19.205000000000002,15.980000000000004,24.96,277,655,899,,335.248,626.441,863.222,1164.278,57.53,67.97,62.83,78.23,false,false,3.09,5.11,ETF加碼金額或跨基金共識不足
11,2476,鉅祥,TWSE,電子零組件業,等待確認,正常持有,standard,今天不下單,每個交易日收盤後，檢查趨勢與法人籌碼,已有部位可續抱觀察，但暫不追價；若收盤跌破60日EMA約 120.80 且法人籌碼轉弱，先減碼三分之一。,未觸發明確減碼訊號,70.2,74.1,73.3,85,100,完整,127.5,127.5,54.4,39.61,19.32,27.64,314.36,2.98,20.41,3.02,2.37,3,-7,-17,-9,1295,1374,-9,27.981,2027.124,728.4910000000001,880.5230000000004,-7,-9,1295,1374,1,2,-1129500,1324.246,1775.496,8.29,105,849,-1603,,-5.977,711.878,-2342.005,-2954.674,58.45,78.68,67.24,101.57,false,false,4.05,5.81,20日累積後5日轉為調節；ETF 1/3日已轉為減碼；主動ETF 5日轉為減碼
12,3515,華擎,TWSE,電腦及週邊設備業,等待確認,正常持有,standard,今天不下單,每個交易日收盤後，檢查趨勢與法人籌碼,已有部位可續抱觀察，但暫不追價；若收盤跌破60日EMA約 219.13 且法人籌碼轉弱，先減碼三分之一。,未觸發明確減碼訊號,74.3,74,60.8,85,100,完整,224.5,224.5,131.35,18.86,8.04,52.42,174.78,7.1,14.37,2.36,4.94,3,0,3,4,4,3,0,-10.018,176.144,-189.26400000000004,1181.176,0,4,4,3.59,2,0,890000,-4.99,23.659999999999993,8.61,31,205,-629,,-9.965,177.134,-216.92400000000006,1091.2260000000003,57.71,64,51.59,88.81,true,false,2.8,1.58,ETF加碼金額或跨基金共識不足
13,7750,新代,TWSE,電機機械,等待確認,保護持有,protect,今天不新增部位；未完成確認前不機械式賣出,下一交易日收盤，確認是否收復防守區,"已有部位暫停加碼；若收盤跌破60日EMA約 2,217.88，且下一交易日仍未收復，先減碼三分之一；若ETF或外資繼續轉弱，再分批降低部位。",外資持股5/10日下降且外資5日賣超,71.5,73.9,60.8,85,100,完整,2345,2345,202.65,95.42,27.76,45.28,228.69,42.53,39.02,12.11,0.7,5,0,0,0,108,229,0,38.083,-128.148,-372.966,-345.37,0,23,319,427.64,1,1,52210000,22.576000000000004,32.08500000000001,16.84,37,-161,-660,,40.135,-173.72400000000002,-724.051,-807.5590000000001,52.3,45.34,46.39,43.23,false,true,1.33,-0.21,外資持股5/10日下降，且外資5日賣超
14,2382,廣達,TWSE,電腦及週邊設備業,等待確認,正常持有,standard,今天不下單,每個交易日收盤後，檢查趨勢與法人籌碼,已有部位可續抱觀察，但暫不追價；若收盤跌破60日EMA約 332.73 且法人籌碼轉弱，先減碼三分之一。,未觸發明確減碼訊號,78.2,73.8,47.8,85,100,可用,342,342,131.32,92.67,3.1,87.6,112.75,12.93,14.75,5.36,4.61,48,1398,1571,1813,3051,2431,1,3793.217,11997.268999999998,15588.202,10368.421999999995,1450.963,1944.152,3181.7619999999997,4084.6500000000005,4,1,658095452,407.1839999999999,-89.89100000000013,23.36,3030,6779,956,,2660.019,9645.933,12496.331000000002,7956.753999999998,59.73,84.45,73.52,106.3,false,false,4.03,4.11,外資持股趨勢資料不足或期間有非市場異動
15,6491,晶碩,TWSE,生技醫療業,等待確認,正常持有,standard,今天不下單,每個交易日收盤後，檢查趨勢與法人籌碼,已有部位可續抱觀察，但暫不追價；若收盤跌破60日EMA約 352.96 且法人籌碼轉弱，先減碼三分之一。,未觸發明確減碼訊號,71.5,73.8,65.9,85,100,完整,396.5,396.5,17.42,23.1,28.18,31.22,147.7,13.13,16.66,2.65,2.51,2,0,0,0,-120,117,0,439.943,574.3399999999999,696.3169999999999,2398.4300000000003,0,0,-120,-13,0,0,0,-2.379999999999999,13.892000000000003,23.01,502,608,802,,423.341,576.72,802.425,2409.7450000000003,66.62,70.58,61.72,88.29,false,false,6.18,6.44,
16,6788,華景電,TPEX,半導體業,等待確認,正常持有,standard,今天不下單,每個交易日收盤後，檢查趨勢與法人籌碼,已有部位可續抱觀察，但暫不追價；若收盤跌破60日EMA約 373.35 且法人籌碼轉弱，先減碼三分之一。,未觸發明確減碼訊號,66,73.7,73.8,85,100,可用,379.5,379.5,61.53,18.22,34.89,32.23,315.71,9.79,18.69,5.3,4.16,2,0,0,0,-1,-3,0,-61.403,-61.403,-61.403,-61.403,0,0,0,0,0,0,0,-3.453,-3.453,12.67,,,,,-57.95,-57.95,-57.95,-57.95,59.62,69.69,64.4,80.27,false,false,5.52,7.51,外資持股趨勢資料不足或期間有非市場異動
17,2542,興富發,TWSE,建材營造,等待確認,正常持有,standard,今天不下單,每個交易日收盤後，檢查趨勢與法人籌碼,已有部位可續抱觀察，但暫不追價；若收盤跌破60日EMA約 44.76 且法人籌碼轉弱，先減碼三分之一。,未觸發明確減碼訊號,72.5,73.5,53.5,85,100,可用,47.9,47.9,196.59,404.28,24.76,77.72,140.2,2.45,10.8,1.99,8.57,10,1016,1008,2577,3804,10925,0,-571.253,2314.6989999999996,28044.862999999998,43509.409,1016,2585.3,3656.3,10777.350999999999,4,1,120604245,501.00499999999994,664.411,8.58,-1425,-1994,6045,,-1803.408,-771.6059999999999,23724.152000000002,30066.782,61.77,42.74,53.83,20.57,false,false,2.54,0.84,
18,3706,神達,TWSE,電腦及週邊設備業,等待確認,保護持有,protect,今天不新增部位；未完成確認前不機械式賣出,下一交易日收盤，確認是否收復防守區,已有部位暫停加碼；若收盤跌破60日EMA約 89.67，且下一交易日仍未收復，先減碼三分之一；若ETF或外資繼續轉弱，再分批降低部位。,外資持股5/10日下降且外資5日賣超,75.9,73.3,58.4,85,100,完整,95.7,95.7,49.73,45.52,3.96,56.75,189.14,2.58,16.52,1.61,4.32,14,473,1419,1404,4840,5549,1425,417.154,924.6179999999999,3104.215000000001,40798.72200000001,473.6,1405.6,4830.6,5539.103,2,3,130018000,408.1089999999999,2784.2509999999997,9.31,-6356,-5426,-10240,,-411.06,-889.0909999999999,-4510.6359999999995,31522.815000000002,64.54,74.28,60.01,102.82,false,false,4.45,4.7,外資持股5/10日下降，且外資5日賣超
19,6739,竹陞科技,TPEX,其他電子業,等待確認,正常持有,strong,強勢續抱；不追高,下一交易日收盤，確認是否守住20日EMA,"價格仍在20／60日EMA之上且短線強勢；法人未同步轉弱。若收盤跌破20日EMA約 1,049.29 且法人續弱，再轉為保護持有。",價格強勢站上20／60日EMA；法人未同步轉弱,66.1,73.1,64.6,85,100,可用,1150,1150,99.49,97.13,58.57,38.6,181.02,13.31,49.98,26.69,1.1,1,0,0,0,0,0,0,7.772,7.772,7.772,7.772,0,0,0,0,0,0,0,5.622,5.622,2.98,,,,,2.15,2.15,2.15,2.15,59.43,75.72,60.64,105.88,false,false,9.6,19.79,外資持股趨勢資料不足或期間有非市場異動
20,3167,大量,TWSE,電機機械,等待確認,正常持有,strong,強勢續抱；不追高,下一交易日收盤，確認是否守住20日EMA,價格仍在20／60日EMA之上且短線強勢；法人未同步轉弱。若收盤跌破20日EMA約 718.38 且法人續弱，再轉為保護持有。,價格強勢站上20／60日EMA；法人未同步轉弱,77.5,73,51.1,85,100,完整,800,800,152.87,131.8,24.48,64.49,143.75,9.26,55.68,16.55,0.49,5,0,-1,149,264,140,149,204.111,478.72700000000003,-1183.7099999999998,-2587.638,0,149,833,703,2,1,118306000,-90.479,-123.50500000000001,9.79,304,739,-655,,209.546,420.206,-1893.205,-3103.417,59.59,76.84,67.6,95.31,true,false,11.36,18.69,高波動且5日漲幅過大；ETF加碼金額或跨基金共識不足
21,2404,漢唐,TWSE,其他電子業,等待確認,保護持有,protect,今天不新增部位；未完成確認前不機械式賣出,下一交易日收盤，確認是否收復防守區,"已有部位暫停加碼；若收盤跌破60日EMA約 1,129.68，且下一交易日仍未收復，先減碼三分之一；若ETF或外資繼續轉弱，再分批降低部位。",外資持股5/10日下降且外資5日賣超,68.9,72.7,54.9,85,100,完整,1100,1100,63.77,73.9,19.79,81.91,117.19,36.23,15.99,11.18,3.77,19,145,145,155,337,-118,0,-250.752,-857.3789999999999,-1521.356,-1270.7879999999998,137,146.922,329.922,-911.563,2,1,155737320,-13.370999999999999,-236.95999999999998,37.5,-344,-980,-1681,,-376.919,-990.93,-1614.318,-50.694000000000074,48.21,41.88,29.94,65.77,true,false,0.1,2.8,外資持股5/10日下降，且外資5日賣超
22,2376,技嘉,TWSE,電腦及週邊設備業,等待確認,保護持有,protect,今天不新增部位；未完成確認前不機械式賣出,下一交易日收盤，確認是否收復防守區,已有部位暫停加碼；若收盤跌破60日EMA約 340.36，且下一交易日仍未收復，先減碼三分之一；若ETF或外資繼續轉弱，再分批降低部位。,投信5/10日持續且具金額意義地賣超,75,72.2,52.2,85,100,可用,359,359,59.67,49.96,6.23,74.46,144.47,17.73,13.4,3.61,3.35,31,426,122,349,1731,491,-247,1768.179,711.0630000000003,-6465.147999999999,15902.089,442.991,-1902.496,-637.7950000000001,-1981.8960000000002,2,3,-681093568,-231.25800000000004,-399.23800000000006,23.5,1475,2432,-5752,,1325.238,2844.8169999999996,-5428.115,18885.959000000003,55.11,66.73,45.08,110.02,true,false,2.36,3.31,主動ETF 5日轉為減碼；投信5/10日持續且具金額意義的賣超；ETF加碼金額或跨基金共識不足
23,2428,興勤,TWSE,電子零組件業,等待確認,正常持有,standard,今天不下單,每個交易日收盤後，檢查趨勢與法人籌碼,已有部位可續抱觀察，但暫不追價；若收盤跌破60日EMA約 252.89 且法人籌碼轉弱，先減碼三分之一。,未觸發明確減碼訊號,69,72.2,72.4,85,100,完整,256,256,48.36,24.42,22.64,36.2,299.37,7.55,17.91,2.73,2.34,4,-13,-34,28,2384,2494,27,-605.964,-1947.1250000000002,-2541.181000000001,-6428.964,-13,-1972,384,604.3240000000001,0,5,-496944000,11.553000000000003,24.568000000000005,13.91,-517,-102,-2757,,-581.419,13.322000000000045,-2949.749,-7174.68,51.97,32.28,36.11,24.64,false,false,1.63,2.61,ETF 1/3日已轉為減碼；投信20日買超後近5日轉賣；ETF加碼，但外資持股5/10日同步下降；ETF加碼金額或跨基金共識不足
24,3491,昇達科,TPEX,通信網路業,等待確認,正常持有,strong,強勢續抱；不追高,下一交易日收盤，確認是否守住20日EMA,"價格仍在20／60日EMA之上且短線強勢；法人未同步轉弱。若收盤跌破20日EMA約 1,329.71 且法人續弱，再轉為保護持有。",價格強勢站上20／60日EMA；法人未同步轉弱,72.3,72.2,63.4,85,100,可用,1480,1480,82.02,70.79,28.88,37.31,263.15,8.15,109.7,20.91,0.49,13,0,307,306,338,339,307,-80.832,-80.832,-80.832,-80.832,123,123,123,123,1,0,169740000,39.993,39.993,31.41,,,,,-243.825,-243.825,-243.825,-243.825,59.78,67.23,58.93,83.83,false,false,11.3,16.54,外資持股趨勢資料不足或期間有非市場異動；高波動且5日漲幅過大
25,1773,勝一,TWSE,化學工業,等待確認,保護持有,protect,今天不新增部位；未完成確認前不機械式賣出,下一交易日收盤，確認是否收復防守區,已有部位暫停加碼；若收盤跌破60日EMA約 163.88，且下一交易日仍未收復，先減碼三分之一；若ETF或外資繼續轉弱，再分批降低部位。,外資持股5/10日下降且外資5日賣超,68,71.9,57.5,85,100,完整,171.5,171.5,33.55,20.97,23.46,37.93,104.11,4.38,20.45,4.3,2.44,2,0,0,0,0,-3,0,-104.512,-135.568,-228.119,-787.033,0,0,-78,-1141.017,0,0,0,28.653000000000002,49.574999999999996,7.18,-104,-181,-215,,-115.024,-164.221,-199.69400000000002,298.07899999999995,64.24,75.79,65.73,95.91,false,false,6.66,8.54,外資持股5/10日下降，且外資5日賣超
26,2395,研華,TWSE,電腦及週邊設備業,等待確認,保護持有,protect,今天不新增部位；未完成確認前不機械式賣出,下一交易日收盤，確認是否收復防守區,已有部位暫停加碼；若收盤跌破60日EMA約 586.13，且下一交易日仍未收復，先減碼三分之一；若ETF或外資繼續轉弱，再分批降低部位。,外資持股5/10日下降且外資5日賣超,73.5,71.7,59.5,85,100,可用,711,711,87.58,40.26,19.04,40.5,171.12,9.05,42.88,10.63,1.65,34,-7,-55,532,2374,2049,533,125.996,110.56499999999997,137.56599999999997,3480.856,42,593.817,2680.1130000000003,2685.7599999999998,2,3,402014109,-54.53499999999998,-104.76499999999999,35.36,121,-476,-2987,,95.407,-428.71700000000004,-2437.782,1134.4559999999997,66.67,65.48,55.59,85.26,true,true,7.88,6.12,ETF 1/3日已轉為減碼；外資持股5/10日下降，且外資5日賣超
27,2885,元大金,TWSE,金融保險業,等待確認,保護持有,protect,今天不新增部位；未完成確認前不機械式賣出,下一交易日收盤，確認是否收復防守區,已有部位暫停加碼；若收盤跌破60日EMA約 62.33，且下一交易日仍未收復，先減碼三分之一；若ETF或外資繼續轉弱，再分批降低部位。,投信5/10日持續且具金額意義地賣超,75.6,71.5,57.9,85,100,可用,66.7,66.7,78.99,130.25,,92.04,,2.64,15.32,2.28,3.36,40,-1613,-3922,-3971,43638,43171,-445,5838.921,6038.704999999999,-46490.07800000001,-47773.02100000001,-1361.58,-3625.555,-7895.929,2346.4249999999997,0,5,-237111297,-1176.306,-1476.4500000000005,26.56,7992,10803,-36181,,7731.309,10840.565999999999,-37117.699,-46165.81399999999,60.34,67.8,45.68,112.04,true,false,3.91,6.89,20日累積後5日轉為調節；ETF 1/3日已轉為減碼；主動ETF 5日轉為減碼；投信5/10日持續且具金額意義的賣超；借券賣出與借券賣出餘額壓力升高
28,6505,台塑化,TWSE,油電燃氣業,等待確認,正常持有,standard,今天不下單,每個交易日收盤後，檢查趨勢與法人籌碼,已有部位可續抱觀察，但暫不追價；若收盤跌破60日EMA約 67.65 且法人籌碼轉弱，先減碼三分之一。,未觸發明確減碼訊號,73.6,71.4,69.1,85,100,完整,76.7,76.7,32.35,11.84,13.74,16.6,520.61,4.32,12.76,1.44,1.63,8,-4,22,35,-3544,-3531,0,2872.936,8740.064,-4634.944999999998,-21821.91,1,0.36800000000000005,-9594.264,-9464.386999999997,1,2,27048,133.01200000000003,250.75300000000004,7.03,3269,9091,3118,,2615.029,8606.684,4708.566000000001,-12235.256999999998,59.22,61.37,49.92,84.27,true,false,6.46,8.03,
29,6781,AES-KY,TWSE,電子零組件業,等待確認,正常持有,standard,今天不下單,每個交易日收盤後，檢查趨勢與法人籌碼,"已有部位可續抱觀察，但暫不追價；若收盤跌破60日EMA約 1,088.96 且法人籌碼轉弱，先減碼三分之一。",未觸發明確減碼訊號,77.1,71.3,65.6,85,100,完整,1155,1155,28.24,26.35,25.76,35.13,265.53,23.45,26.61,5.43,1.7,4,0,0,1,1,1,0,33.332,202.53399999999996,91.27099999999996,2628.394,0,1.286,1.286,0.9609999999999999,3,0,1446750,59.212999999999994,52.83899999999999,70.3,19,141,-219,,25.125,142.03500000000003,37.146000000000015,2553.7709999999997,59.21,73.85,57.61,106.32,false,false,6,8.45,ETF加碼金額或跨基金共識不足
30,2059,川湖,TWSE,電子零組件業,等待確認,正常持有,standard,今天不下單,每個交易日收盤後，檢查趨勢與法人籌碼,"已有部位可續抱觀察，但暫不追價；若收盤跌破60日EMA約 10,028.69 且法人籌碼轉弱，先減碼三分之一。",未觸發明確減碼訊號,69.8,71.1,70.1,85,100,可用,14150,14150,355.52,136.58,77.05,28.35,356.12,110.96,78.17,40.03,0.36,37,-36,-44,-26,73,35,-34,38.499,216.55900000000003,597.2860000000001,609.6590000000001,-33.85,9.663999999999987,538.822,715.807,1,4,137035520,47.763000000000005,67.19500000000001,23.55,68,225,-83,,68.325,159.132,-8.730999999999995,-169.387,70.55,60.56,66.04,49.59,false,false,9.5,-0.95,20日累積後5日轉為調節；ETF 1/3日已轉為減碼；主動ETF 5日轉為減碼
31,2615,萬海,TWSE,航運業,等待確認,正常持有,standard,今天不下單,每個交易日收盤後，檢查趨勢與法人籌碼,已有部位可續抱觀察，但暫不追價；若收盤跌破60日EMA約 93.18 且法人籌碼轉弱，先減碼三分之一。,未觸發明確減碼訊號,58.6,71,77.8,85,100,可用,114.5,114.5,50.13,12.83,22.16,33.53,299.27,6.84,7.83,1.11,2.63,12,0,-109,-93,1567,1479,-76,-5531.913,4379.536999999999,55364.056,109038.519,0,-90.83300000000001,1552.491,1457.6980000000003,1,3,-10354962,-382.013,2807.068,48.18,-6457,-4516,46091,,-5468.333,4852.383000000002,51004.496999999996,102103.606,66.16,45.45,59.42,17.51,false,false,8.03,-9.49,20日累積後5日轉為調節；主動ETF 5日轉為減碼；投信20日買超後近5日轉賣；借券賣出與借券賣出餘額壓力升高
32,7749,意騰-KY,TWSE,半導體業,等待確認,正常持有,standard,今天不下單,每個交易日收盤後，檢查趨勢與法人籌碼,已有部位可續抱觀察，但暫不追價；若收盤跌破60日EMA約 384.32 且法人籌碼轉弱，先減碼三分之一。,未觸發明確減碼訊號,59.3,70.8,79.3,85,100,完整,371,371,42.67,60.24,36.17,17.76,499.02,7.57,25.03,4.55,2.49,1,0,0,0,18,8,0,-40.558,-135.639,-183.08100000000002,-230.12299999999996,0,0,18,8,0,0,0,-5.632,-4.341999999999999,23.9,-13,-45,158,,-39.411,-130.007,-196.739,-227.99999999999997,53.44,70.92,70.02,72.73,false,false,2.73,-2.88,
33,2441,超豐,TWSE,半導體業,等待確認,保護持有,protect,今天不新增部位；未完成確認前不機械式賣出,下一交易日收盤，確認是否收復防守區,已有部位暫停加碼；若收盤跌破60日EMA約 119.30，且下一交易日仍未收復，先減碼三分之一；若ETF或外資繼續轉弱，再分批降低部位。,外資持股5/10日下降且外資5日賣超,71.7,70.6,68,85,100,完整,119.5,119.5,41.65,24.68,20.06,18.34,230.57,2.98,21.39,2.39,2.61,10,0,-25,1151,2053,3456,1175,-2525.536,-329.399,-3468.0660000000003,2350.1269999999995,0,1151,2053,3455.766,2,2,132940500,164.665,-687.5590000000001,9.87,-2384,-2415,-6111,,-2262.293,-1645.064,-4833.5070000000005,-1030.9870000000005,51.14,60.01,47.49,85.05,false,false,1.66,3.91,外資持股5/10日下降，且外資5日賣超
34,4772,台特化,TPEX,化學工業,等待確認,正常持有,standard,今天不下單,每個交易日收盤後，檢查趨勢與法人籌碼,已有部位可續抱觀察，但暫不追價；若收盤跌破60日EMA約 261.24 且法人籌碼轉弱，先減碼三分之一。,未觸發明確減碼訊號,62.9,70.4,60.7,85,100,可用,261.5,261.5,269.27,263.78,40.7,45.88,267.26,2.83,46.57,10.3,1.16,1,0,0,0,0,-2,0,-180.698,-180.698,-180.698,-180.698,-27,-27,-27,-27,0,1,-6966000,-19.748,-19.748,7.84,,,,,-133.95,-133.95,-133.95,-133.95,55.41,59.73,63.57,52.06,false,true,2.51,0.38,外資持股趨勢資料不足或期間有非市場異動
35,8112,至上,TWSE,電子通路業,等待確認,保護持有,protect,今天不新增部位；未完成確認前不機械式賣出,下一交易日收盤，確認是否收復防守區,已有部位暫停加碼；若收盤跌破60日EMA約 89.47，且下一交易日仍未收復，先減碼三分之一；若ETF或外資繼續轉弱，再分批降低部位。,外資持股5/10日下降且外資5日賣超,61.3,70.4,54.7,85,100,完整,91.3,91.3,333.48,180.42,3.16,85.96,127.95,9.45,6.87,2.23,4.19,7,0,-27,-40,849,1346,0,-1191.13,-13533.238,-7796.656999999999,43175.043,0,-40,849,889.9689999999998,1,3,-3632000,-889.413,-1137.972,19.4,-1076,-13149,-6789,,-1104.757,-12603.825,-7507.685000000001,44044.609,50.57,28.64,36.35,13.22,false,false,-0.27,-2.87,20日累積後5日轉為調節；外資持股5/10日下降，且外資5日賣超；當下除權息調整價未守20日EMA
36,1808,潤隆,TWSE,建材營造,等待確認,保護持有,protect,今天不新增部位；未完成確認前不機械式賣出,下一交易日收盤，確認是否收復防守區,已有部位暫停加碼；若收盤跌破60日EMA約 32.57，且下一交易日仍未收復，先減碼三分之一；若ETF或外資繼續轉弱，再分批降低部位。,外資持股5/10日下降且外資5日賣超,63.2,70.3,55.8,85,100,完整,34.85,34.85,3460.15,13488.27,22.07,73.55,166.02,2.52,8.06,2.21,4.4,1,0,0,0,0,-14,0,-425,-2425.8199999999997,1086.827,1271.122,0,0,0,-13.962,0,0,0,220.52,520.52,4.43,-943,-3018,-1342,,-488,-2646.3399999999997,566.307,678.5640000000001,55.83,44,55.85,20.31,false,false,1.96,-4.13,外資持股5/10日下降，且外資5日賣超
37,2889,國票金,TWSE,金融保險業,等待確認,正常持有,standard,今天不下單,每個交易日收盤後，檢查趨勢與法人籌碼,已有部位可續抱觀察，但暫不追價；若收盤跌破60日EMA約 15.36 且法人籌碼轉弱，先減碼三分之一。,未觸發明確減碼訊號,67.6,70,64.4,85,100,完整,15.65,15.65,16.12,104.08,,88.92,,0.77,13.07,1.22,3.7,2,0,0,0,0,-20,0,8122.023,24562.868,30949.697,23511.918,0,0,0,-2026.394,0,0,0,113.089,63.337,10.24,7999,25843,31121,,8144.285,24449.779,30886.36,25338.967000000004,54.11,53.17,62.57,34.37,false,true,0.61,1.21,2日內除權息，等待價格重置
38,6640,均華,TPEX,半導體業,等待確認,正常持有,strong,強勢續抱；不追高,下一交易日收盤，確認是否守住20日EMA,"價格仍在20／60日EMA之上且短線強勢；法人未同步轉弱。若收盤跌破20日EMA約 1,021.02 且法人續弱，再轉為保護持有。",價格強勢站上20／60日EMA；法人未同步轉弱,70.4,70,49.4,85,100,可用,1120,1120,266.01,72.66,19.3,43.77,100.76,9.52,68.06,6.36,1.32,2,3,3,2,2,2,3,9.649,9.649,9.649,9.649,17,17,17,17,1,0,19380000,13.408,13.408,5.08,,,,,-20.759,-20.759,-20.759,-20.759,59.23,64.82,57.64,79.18,false,false,9.69,14.29,外資持股趨勢資料不足或期間有非市場異動；高波動且5日漲幅過大；ETF加碼金額或跨基金共識不足
39,6664,群翊,TPEX,電子零組件業,等待確認,正常持有,standard,今天不下單,每個交易日收盤後，檢查趨勢與法人籌碼,已有部位可續抱觀察，但暫不追價；若收盤跌破60日EMA約 361.51 且法人籌碼轉弱，先減碼三分之一。,未觸發明確減碼訊號,65.5,70,61.6,85,100,可用,365,365,30.21,16.75,34.02,56.53,188.59,7.29,20.9,5.08,2.92,2,0,0,0,0,0,0,-29.994,-29.994,-29.994,-29.994,0,0,0,0,0,0,0,-9.844,-9.844,8.99,,,,,-20.15,-20.15,-20.15,-20.15,54.36,59.66,54.81,69.36,false,false,3.83,5.49,外資持股趨勢資料不足或期間有非市場異動
40,6672,騰輝電子-KY,TWSE,電子零組件業,等待確認,正常持有,standard,今天不下單,每個交易日收盤後，檢查趨勢與法人籌碼,已有部位可續抱觀察，但暫不追價；若收盤跌破60日EMA約 247.87 且法人籌碼轉弱，先減碼三分之一。,未觸發明確減碼訊號,68.1,70,66,85,100,完整,278.5,278.5,90.82,42.48,14.55,29.42,311.02,4.75,41.54,4.67,1.22,2,-3,-9,-6,539,535,-5,-893.96,568.3409999999999,1666.147,2019.569,-3,-6,539,535,1,2,-1650000,37.908,-142.06,21.34,-761,521,1061,,-821.603,536.4330000000002,1269.2070000000003,1362.8470000000007,56.67,60.35,60.7,59.65,true,true,4.22,2.96,20日累積後5日轉為調節；ETF 1/3日已轉為減碼；主動ETF 5日轉為減碼
41,3231,緯創,TWSE,電腦及週邊設備業,等待確認,保護持有,protect,今天不新增部位；未完成確認前不機械式賣出,下一交易日收盤，確認是否收復防守區,已有部位暫停加碼；若收盤跌破60日EMA約 170.01，且下一交易日仍未收復，先減碼三分之一；若ETF或外資繼續轉弱，再分批降低部位。,外資持股5/10日下降且外資5日賣超,71.3,69.9,46.9,85,100,可用,182,182,60.76,88.16,3.59,82.37,118.14,7.78,14.14,2.92,3.09,42,1171,887,1122,5249,-1769,-27,-3223.364,-24554.808,-54411.263000000006,20161.427999999993,1211.957,1368.156,2453.4339999999997,-5611.866999999998,3,2,243531768,-166.35899999999998,-1539.547,33.45,-2496,-23549,-56065,,-4651.544,-25756.605,-55325.15,30936.570999999996,53.73,40.81,31.41,59.59,false,false,1.12,1.96,主動ETF 5日轉為減碼；外資持股5/10日下降，且外資5日賣超；ETF加碼金額或跨基金共識不足
42,3135,凌航,TWSE,半導體業,等待確認,保護持有,protect,今天不新增部位；未完成確認前不機械式賣出,下一交易日收盤，確認是否收復防守區,已有部位暫停加碼；若收盤跌破60日EMA約 163.36，且下一交易日仍未收復，先減碼三分之一；若ETF或外資繼續轉弱，再分批降低部位。,外資持股5/10日下降且外資5日賣超,57.6,69.8,62.6,85,85,完整,173,173,204.32,247.31,20.31,53.77,264.03,20.87,7.88,3.8,2.05,1,0,0,0,288,288,0,1.231,-1253.1329999999998,-942.9539999999997,-1324.0639999999999,0,0,288,288,0,0,0,-20.341,3.501999999999999,1.36,-30,-1038,-1097,,-22.048,-1232.792,-1234.456,-1612.404,57.07,83.55,80.19,90.28,false,false,4.85,0.69,外資持股5/10日下降，且外資5日賣超；2日內除權息，等待價格重置
43,2449,京元電子,TWSE,半導體業,等待確認,正常持有,strong,強勢續抱；不追高,下一交易日收盤，確認是否守住20日EMA,價格仍在20／60日EMA之上且短線強勢；法人未同步轉弱。若收盤跌破20日EMA約 251.50 且法人續弱，再轉為保護持有。,價格強勢站上20／60日EMA；法人未同步轉弱,72.7,69.5,49.5,85,100,可用,279,279,36.75,36.18,26.25,51.32,147.28,3.91,33.68,5.01,0.58,33,1220,2511,2582,568,-545,2632,-15135.999,-736.3429999999996,-1528.4189999999999,-31916.983,2583.74,4571.197,1831.4170000000001,1306.2070000000003,5,0,1174797629,440.8650000000001,400.74500000000006,28.51,-16562,-1998,1635,,-16651.526,-5748.405000000002,-3760.5810000000015,-32219.57,60.66,76.13,62.68,103.03,false,false,10.94,16.49,
44,3022,威強電,TWSE,電腦及週邊設備業,等待確認,保護持有,protect,今天不新增部位；未完成確認前不機械式賣出,下一交易日收盤，確認是否收復防守區,已有部位暫停加碼；若收盤跌破60日EMA約 88.73，且下一交易日仍未收復，先減碼三分之一；若ETF或外資繼續轉弱，再分批降低部位。,外資持股5/10日下降且外資5日賣超,58.7,69.4,74.5,85,100,完整,92.5,92.5,73.92,26.75,6.47,32.04,248.51,3.29,11.99,1.4,3.88,2,0,0,1,-283,0,0,-21.478,-1289.212,-2003.864,1432.5429999999997,0,1,-283,-0.18999999999998352,1,0,90300,-69.50999999999999,-96.59599999999999,21.58,-12,-1189,-2215,,-6.89,-1220.702,-1624.268,1420.2119999999995,49.57,28.12,23.68,37,true,true,-0.66,-0.54,外資持股5/10日下降，且外資5日賣超；當下除權息調整價未守20日EMA；單季稅前獲利對營業外貢獻依賴偏高
45,2436,偉詮電,TWSE,半導體業,等待確認,保護持有,protect,今天不新增部位；未完成確認前不機械式賣出,下一交易日收盤，確認是否收復防守區,已有部位暫停加碼；若收盤跌破60日EMA約 65.32，且下一交易日仍未收復，先減碼三分之一；若ETF或外資繼續轉弱，再分批降低部位。,外資持股5/10日下降且外資5日賣超,62,69.1,67.2,85,100,完整,66.7,66.7,42.93,30.13,11.77,33,261.25,3.02,12.08,2.76,2.98,2,0,0,0,-2,-37,0,-1599.062,-4084.5250000000005,-8925.694,-1169.9789999999998,0,0,-2,-352,0,0,0,88.54599999999998,-103.03500000000003,10.84,-1298,-3477,-7587,,-1547.079,-4173.071,-8820.659,-699.6930000000008,55.18,58.74,49.04,78.13,false,false,2.93,4.87,外資持股5/10日下降，且外資5日賣超；單季稅前獲利對營業外貢獻依賴偏高
46,3003,健和興,TWSE,電子零組件業,等待確認,正常持有,standard,今天不下單,每個交易日收盤後，檢查趨勢與法人籌碼,已有部位可續抱觀察，但暫不追價；若收盤跌破60日EMA約 63.59 且法人籌碼轉弱，先減碼三分之一。,未觸發明確減碼訊號,67.7,69.1,69.9,85,93,可用,68,68,92.99,39.79,10.05,23.56,446.65,1.46,27.82,1.63,1.45,2,0,0,0,0,0,0,-458.361,1327.674,952.5790000000001,4298.148,0,0,0,0,0,0,0,38.798,80.186,6.85,-431,1273,798,,-423.256,1288.876,872.3929999999998,4219.523,55.57,55.72,50.52,66.14,false,false,2.96,4.13,
47,2317,鴻海,TWSE,其他電子業,等待確認,正常持有,standard,今天不下單,每個交易日收盤後，檢查趨勢與法人籌碼,已有部位可續抱觀察，但暫不追價；若收盤跌破60日EMA約 249.91 且法人籌碼轉弱，先減碼三分之一。,未觸發明確減碼訊號,71.2,69,50.5,85,100,可用,256,256,54.19,37.89,3.67,62.3,142.27,7.84,16.48,1.84,2.87,45,-93,190,438,-3304,-10215,562,-4058.718,-798.4929999999986,-38899.280999999995,5795.331000000011,166.574,-37.567999999999984,-3279.541,-9095.714000000002,3,2,-9392000,1245.4099999999999,-373.6990000000002,40.36,-3692,1225,-33214,,-3855.072,-2006.3349999999991,-35246.041,17062.712,54.6,68.66,49.46,107.06,false,false,1.95,5.35,外資持股趨勢資料不足或期間有非市場異動
48,4766,南寶,TWSE,化學工業,等待確認,正常持有,standard,今天不下單,每個交易日收盤後，檢查趨勢與法人籌碼,已有部位可續抱觀察，但暫不追價；若收盤跌破60日EMA約 341.60 且法人籌碼轉弱，先減碼三分之一。,未觸發明確減碼訊號,65.3,69,60.1,85,100,完整,350,350,20.76,11.03,16.69,49.05,191.73,13.82,14.72,2.94,5.22,5,0,0,0,0,-45,0,-27.02,-71.119,356.93,410.641,0,0,-1,-45.433,0,0,0,-76.40899999999999,-67.694,15.73,-10,-29,334,,-16.999,5.289999999999999,425.624,536.671,59.81,64.31,65.6,61.73,false,false,2.65,1.89,
49,2890,永豐金,TWSE,金融保險業,等待確認,正常持有,standard,今天不下單,每個交易日收盤後，檢查趨勢與法人籌碼,已有部位可續抱觀察，但暫不追價；若收盤跌破60日EMA約 38.12 且法人籌碼轉弱，先減碼三分之一。,未觸發明確減碼訊號,72.6,68.9,55.4,85,100,可用,41.5,41.5,51.3,54.62,,93.3,,1.66,15.51,2.25,3.16,31,-316,-2108,-2292,18221,36101,-467,22054.726,33261.445,29935.642,63205.34000000001,130.825,-284.789,20873.046000000002,49482.181000000004,2,3,-11704828,-2993.67,-3068.33,29.45,24574,37164,14323,,23141.421,36539.904,12130.926000000003,23236.042,66.52,67.42,51.11,100.04,true,false,4.46,5.6,20日累積後5日轉為調節；ETF 1/3日已轉為減碼；主動ETF 5日轉為減碼；投信20日買超後近5日轉賣
50,4576,大銀微系統,TWSE,電機機械,等待確認,正常持有,strong,強勢續抱；不追高,下一交易日收盤，確認是否守住20日EMA,價格仍在20／60日EMA之上且短線強勢；法人未同步轉弱。若收盤跌破20日EMA約 211.61 且法人續弱，再轉為保護持有。,價格強勢站上20／60日EMA；法人未同步轉弱,69.6,68.8,54.7,85,100,完整,230.5,230.5,60.14,49.67,17.35,38.14,200.45,1.92,66.01,6.04,0.37,1,0,0,0,0,0,0,77.355,643.125,-445.452,-28.96300000000008,0,0,0,0,0,0,0,16.639000000000003,-119.317,6.11,-30,346,-701,,53,626.486,-326.13500000000005,-90.96300000000016,61.78,63.42,46.87,96.5,false,false,8.93,17.01,
51,2357,華碩,TWSE,電腦及週邊設備業,等待確認,正常持有,standard,今天不下單,每個交易日收盤後，檢查趨勢與法人籌碼,已有部位可續抱觀察，但暫不追價；若收盤跌破60日EMA約 819.59 且法人籌碼轉弱，先減碼三分之一。,未觸發明確減碼訊號,68,68.7,55.2,85,100,可用,1010,1010,53.33,40.88,7.05,62.01,128,38.83,14.61,2.46,4.2,43,141,136,47,370,1042,-2,1293.602,2708.861000000001,2953.341000000001,17723.293,224.789,217.42699999999994,574.021,672.167,2,3,217209573,-61.51500000000001,-257.78499999999997,39.39,830,2136,1551,,986.268,2552.949,2637.1050000000005,17280.782,72.24,80.26,70.11,100.56,false,false,10.24,9.19,主動ETF 5日轉為減碼；ETF加碼金額或跨基金共識不足
52,8464,億豐,TWSE,居家生活,等待確認,正常持有,standard,今天不下單,每個交易日收盤後，檢查趨勢與法人籌碼,已有部位可續抱觀察，但暫不追價；若收盤跌破60日EMA約 365.83 且法人籌碼轉弱，先減碼三分之一。,未觸發明確減碼訊號,69.1,68.5,68.2,85,100,完整,372.5,372.5,16.43,3.86,27.66,25.49,384.65,10.37,16.34,3.8,4.28,11,31,27,85,104,228,-4,104.412,343.85900000000004,624.7600000000001,652.2620000000002,25,79.714,96.714,247.576,2,2,29813036,0.8440000000000003,1.4989999999999997,40.68,114,285,550,,83.47,263.301,526.547,413.932,50.91,65.79,51.82,93.74,false,false,0.18,1.36,主動ETF 5日轉為減碼；20日趨勢尚未上彎；ETF加碼金額或跨基金共識不足
53,2356,英業達,TWSE,電腦及週邊設備業,等待確認,正常持有,standard,今天不下單,每個交易日收盤後，檢查趨勢與法人籌碼,已有部位可續抱觀察，但暫不追價；若收盤跌破60日EMA約 63.76 且法人籌碼轉弱，先減碼三分之一。,未觸發明確減碼訊號,75,68.4,41.1,85,100,可用,66.6,66.6,65.73,40.78,1.78,83.6,108.21,1.76,21.52,3.08,3,22,662,901,642,-8,-1547,0,6677.669,3142.2889999999998,3384.0570000000007,54663.514,775.965,1242.595,544.368,309.457,2,3,82881087,207.86099999999993,-974.3980000000001,18.92,5368,2613,5921,,5121.318,1691.8329999999999,3814.087,54007.366,53.41,52.33,42.16,72.67,false,false,1.44,1.83,
54,3034,聯詠,TWSE,半導體業,等待確認,正常持有,standard,今天不下單,每個交易日收盤後，檢查趨勢與法人籌碼,已有部位可續抱觀察，但暫不追價；若收盤跌破60日EMA約 514.18 且法人籌碼轉弱，先減碼三分之一。,未觸發明確減碼訊號,74.4,68.4,58.6,85,100,可用,552,552,26.8,1.15,20.26,42.09,222.47,16.59,18.84,4.76,4.26,50,449,568,536,1141,-134,-18,476.751,4871.879,9001.701999999997,13641.663999999999,464.995,639.4630000000001,1235.8990000000001,312.3059999999998,3,2,345310020,-16.881999999999998,98.89500000000001,43.49,28,3408,7282,,62.94,4249.298,7666.907999999999,13855.697,58.65,67.52,67.21,68.16,false,false,3.12,-0.54,主動ETF 5日轉為減碼；ETF加碼金額或跨基金共識不足
55,2607,榮運,TWSE,航運業,等待確認,正常持有,standard,今天不下單,每個交易日收盤後，檢查趨勢與法人籌碼,已有部位可續抱觀察，但暫不追價；若收盤跌破60日EMA約 49.49 且法人籌碼轉弱，先減碼三分之一。,未觸發明確減碼訊號,61,68.3,69.5,85,100,完整,53.6,53.6,40.6,7.8,11.94,34.11,198.54,2.68,10.52,0.9,5.12,1,0,0,0,0,-10,0,-2.166,62.771,913.979,587.6700000000001,0,0,0,-9.541,0,0,0,-20.762,-2.673000000000001,8.29,71,-162,681,,-6.287,83.53299999999999,916.652,628.598,73.77,77.63,72.53,87.82,true,false,5.23,2.88,
56,3563,牧德,TWSE,光電業,等待確認,正常持有,standard,今天不下單,每個交易日收盤後，檢查趨勢與法人籌碼,已有部位可續抱觀察，但暫不追價；若收盤跌破60日EMA約 699.07 且法人籌碼轉弱，先減碼三分之一。,未觸發明確減碼訊號,68.7,68.2,67.3,85,100,完整,710,710,31.84,11.61,38.88,28.21,317.07,9.8,40.02,7.86,2.05,2,0,0,0,185,210,0,-88.345,88.89200000000001,-254.19499999999996,342.7790000000001,0,0,171,195.232,0,0,0,-3.1050000000000004,-46.144000000000005,6.76,-164,-72,-655,,-69.487,91.99700000000001,-379.051,161.08999999999995,56.17,71.65,58.3,98.35,false,false,4.13,8.23,
57,6446,藥華藥,TWSE,生技醫療業,等待確認,正常持有,standard,今天不下單,每個交易日收盤後，檢查趨勢與法人籌碼,"已有部位可續抱觀察，但暫不追價；若收盤跌破60日EMA約 1,220.25 且法人籌碼轉弱，先減碼三分之一。",未觸發明確減碼訊號,65.5,68.1,68.9,85,100,可用,1310,1310,92.59,77.46,43.77,16.54,527.8,11.35,68.32,14.16,0.18,20,0,-7,23,326,337,20,-1799.424,-1342.314,-1343.4879999999998,171.38700000000028,4.097,113.569,413.341,710.279,3,2,158428755,-42.075,-6.447000000000003,24.84,-961,-573,-977,,-1738.809,-1413.8079999999998,-1750.382,-444.3590000000002,45.96,34.2,53.11,-3.62,false,true,-6.39,-12.08,外資持股趨勢資料不足或期間有非市場異動；當下除權息調整價未守20日EMA；ETF加碼金額或跨基金共識不足
58,3017,奇鋐,TWSE,電腦及週邊設備業,等待確認,正常持有,strong,強勢續抱；不追高,下一交易日收盤，確認是否守住20日EMA,"價格仍在20／60日EMA之上且短線強勢；法人未同步轉弱。若收盤跌破20日EMA約 3,033.71 且法人續弱，再轉為保護持有。",價格強勢站上20／60日EMA；法人未同步轉弱,68.9,67.9,47.6,85,100,可用,3410,3410,57.39,80.34,25.97,68.07,126.07,44.54,45.65,24.37,0.61,46,-179,-77,186,25,302,79,338.942,1735.226,2352.9970000000003,12652.519000000002,-161.104,1890.775,2027.0500000000002,5546.862999999999,4,1,6475904375,301.306,-7.481000000000066,54.08,515,-187,498,,494.312,-456.85499999999996,333.428,6902.4439999999995,68.4,83.72,72.63,105.9,false,false,12.4,15.59,ETF 1/3日已轉為減碼；短線過熱或乖離過大
59,3081,聯亞,TPEX,通信網路業,等待確認,正常持有,strong,強勢續抱；不追高,下一交易日收盤，確認是否守住20日EMA,"價格仍在20／60日EMA之上且短線強勢；法人未同步轉弱。若收盤跌破20日EMA約 2,850.56 且法人續弱，再轉為保護持有。",價格強勢站上20／60日EMA；法人未同步轉弱,66.2,67.9,68,85,100,可用,3425,3425,176.54,120.95,44.5,24.1,288.03,7.75,303.79,69.2,0.11,19,104,185,278,597,1222,279,437.169,437.169,437.169,437.169,545,545,545,545,1,0,1923850000,24.416,24.416,19.98,,,,,-132.247,-132.247,-132.247,-132.247,68.88,84.49,81.69,90.1,false,false,20.15,15.71,外資持股趨勢資料不足或期間有非市場異動；短線過熱或乖離過大；高波動且5日漲幅過大
60,8996,高力,TWSE,電機機械,等待確認,保護持有,protect,今天不新增部位；未完成確認前不機械式賣出,下一交易日收盤，確認是否收復防守區,"已有部位暫停加碼；若收盤跌破60日EMA約 1,151.02，且下一交易日仍未收復，先減碼三分之一；若ETF或外資繼續轉弱，再分批降低部位。",外資持股5/10日下降且外資5日賣超,72.2,67.9,50.2,85,100,可用,1175,1175,57.63,115.43,17.58,50.01,160.68,8.69,79.12,21.34,0.39,24,-1,103,311,829,2111,313,-632.961,-3186.859,-3249.295,-5825.207999999999,-1,1404.873,2720.373,8147.141999999999,4,1,1650725775,141.871,248.30100000000002,25.17,-424,-3442,-4676,,-559.539,-4733.603,-6217.969000000001,-13931.758000000002,51.2,54.91,57.07,50.58,false,true,0.77,-3.29,外資持股5/10日下降，且外資5日賣超；借券賣出與借券賣出餘額壓力升高
61,1402,遠東新,TWSE,紡織纖維,等待確認,正常持有,standard,今天不下單,每個交易日收盤後，檢查趨勢與法人籌碼,已有部位可續抱觀察，但暫不追價；若收盤跌破60日EMA約 27.80 且法人籌碼轉弱，先減碼三分之一。,未觸發明確減碼訊號,69.3,67.8,48.7,85,100,完整,29.4,29.4,20.58,7.41,7.75,54.39,100.03,1.15,14.69,0.65,4.41,14,30,-51,7,1379,1957,0,740.351,-7843.972000000001,57272.805,119706.264,-44.801,1136.7179999999998,28273.423000000003,28851.362,2,3,32225955,12.342999999999986,-11.517999999999844,17.18,97,-9893,27085,,440.824,-8993.033,29010.9,91880.38099999998,60.81,45.25,50.54,34.67,false,false,3.93,1.38,ETF加碼金額或跨基金共識不足
62,2845,遠東銀,TWSE,金融保險業,等待確認,保護持有,protect,今天不新增部位；未完成確認前不機械式賣出,下一交易日收盤，確認是否收復防守區,已有部位暫停加碼；若收盤跌破60日EMA約 13.20，且下一交易日仍未收復，先減碼三分之一；若ETF或外資繼續轉弱，再分批降低部位。,外資持股5/10日下降且外資5日賣超,66,67.7,63.4,85,100,可用,13.65,13.65,5.43,15.28,,92.03,,0.54,13.37,0.92,4.67,8,0,-3,-3,5054,4927,0,5843.661,-702.309,8252.793,16902.026000000005,0,-3,5036,4908.858,0,1,-40500,1928.661,3361.661,9.66,582,-3868,-10729,,4038,-2627.9700000000003,-144.86800000000017,7994.507,61.23,62.39,59.1,68.97,true,false,1.59,1.11,20日累積後5日轉為調節；外資持股5/10日下降，且外資5日賣超；2日內除權息，等待價格重置
63,6196,帆宣,TWSE,其他電子業,等待確認,保護持有,protect,今天不新增部位；未完成確認前不機械式賣出,下一交易日收盤，確認是否收復防守區,已有部位暫停加碼；若收盤跌破60日EMA約 497.06，且下一交易日仍未收復，先減碼三分之一；若ETF或外資繼續轉弱，再分批降低部位。,外資持股5/10日下降且外資5日賣超,65.8,67.7,45.9,85,100,完整,507,507,101.35,47.39,8.65,72.75,122.81,13.26,21.97,5.98,1.33,14,-2,-7,-5,383,373,-3,-197.851,-522.164,-901.5940000000002,157.8909999999998,4,-63.3,322.7,-748.531,2,3,-30700500,-46.355999999999995,-164.41799999999998,18.19,-193,-425,-1120,,-193.431,-412.50800000000004,-1059.876,979.719,51.83,61.7,48.97,87.17,false,false,1.57,6.29,20日累積後5日轉為調節；ETF 1/3日已轉為減碼；主動ETF 5日轉為減碼；外資持股5/10日下降，且外資5日賣超
64,1409,新纖,TWSE,紡織纖維,等待確認,正常持有,standard,今天不下單,每個交易日收盤後，檢查趨勢與法人籌碼,已有部位可續抱觀察，但暫不追價；若收盤跌破60日EMA約 23.82 且法人籌碼轉弱，先減碼三分之一。,未觸發明確減碼訊號,69,67.5,43.6,85,100,可用,25.65,25.65,56.23,15.35,,76.61,103.39,1.18,11.18,0.82,3.66,3,0,0,0,-5,57,0,1282.596,351.9560000000001,1909.6870000000004,-9182.873,0,2,-17,44.8,1,0,49200,-45.85700000000004,1085.9109999999998,10.14,2519,-1445,-3792,,1326.545,395.81300000000005,840.7760000000001,-12076.851999999999,59.46,51.61,48.37,58.08,true,true,5,4.91,
65,3617,碩天,TWSE,其他電子業,等待確認,正常持有,standard,今天不下單,每個交易日收盤後，檢查趨勢與法人籌碼,已有部位可續抱觀察，但暫不追價；若收盤跌破60日EMA約 228.48 且法人籌碼轉弱，先減碼三分之一。,未觸發明確減碼訊號,62,67.4,73.4,85,100,完整,251.5,251.5,13.58,9.64,22.32,36.99,273.56,11.12,12.17,2.44,3.91,4,-8,-21,-12,591,591,-12,207.974,110.784,-206.33200000000002,1761.4610000000005,-8,-12,591,590.568,1,2,-3048000,-47.971,-58.69599999999999,10.03,237,216,-720,,217.357,170.75499999999997,-738.636,1138.4129999999998,57.83,39.08,44.09,29.06,false,false,2.86,1.62,20日累積後5日轉為調節；ETF 1/3日已轉為減碼；主動ETF 5日轉為減碼
66,7751,竑騰,TPEX,半導體業,等待確認,正常持有,standard,今天不下單,每個交易日收盤後，檢查趨勢與法人籌碼,"已有部位可續抱觀察，但暫不追價；若收盤跌破60日EMA約 1,490.62 且法人籌碼轉弱，先減碼三分之一。",未觸發明確減碼訊號,67,67.4,52.5,85,100,可用,1660,1660,50.97,64.94,33.81,48.73,198.28,13.85,62.6,18.4,1.11,2,0,5,27,13,-271,27,127.992,127.992,127.992,127.992,-126,-126,-126,-126,0,1,-203490000,-72.663,-72.663,9.45,,,,,326.655,326.655,326.655,326.655,55.06,58.64,71.7,32.51,false,true,4.87,-8.29,外資持股趨勢資料不足或期間有非市場異動；ETF加碼金額或跨基金共識不足
67,5434,崇越,TWSE,電子通路業,等待確認,保護持有,protect,今天不新增部位；未完成確認前不機械式賣出,下一交易日收盤，確認是否收復防守區,已有部位暫停加碼；若收盤跌破60日EMA約 507.33，且下一交易日仍未收復，先減碼三分之一；若ETF或外資繼續轉弱，再分批降低部位。,外資持股5/10日下降且外資5日賣超,70.4,67.3,49.6,85,100,可用,540,540,42.61,23.54,7.4,53.86,133.72,14.79,19.27,4.55,2.61,24,113,101,87,111,-56,-5,-342.306,-289.501,-580.464,-1279.8129999999999,113,107,523.639,-941.86,2,3,55105000,4.103999999999999,-56.535000000000004,30.25,-446,-431,-1249,,-466.018,-400.6049999999999,-1047.568,-292.50800000000004,55.15,49.4,40.1,68,true,true,2.76,3.65,主動ETF 5日轉為減碼；外資持股5/10日下降，且外資5日賣超；ETF加碼金額或跨基金共識不足
68,6510,精測,TPEX,半導體業,等待確認,正常持有,strong,漲停先續抱；不追價,下一交易日收盤，確認是否守住20日EMA,"價格仍在20／60日EMA之上且今日漲停；法人未同步轉弱。若收盤跌破20日EMA約 2,774.18 且法人續弱，再轉為保護持有。",今日漲停／趨勢站穩；法人未同步轉弱,70.3,67.2,62.2,85,100,可用,3125,3125,49.87,30,32.26,28.04,436.63,25.45,67.1,9.25,0.54,10,107,106,105,147,331,106,-10.983,-10.983,-10.983,-10.983,34,34,34,34,1,0,96730000,-10.186,-10.186,21.25,,,,,-34.797,-34.797,-34.797,-34.797,62.2,61.71,40.27,104.58,false,false,12.65,16.6,外資持股趨勢資料不足或期間有非市場異動；短線過熱或乖離過大
69,6197,佳必琪,TWSE,電子零組件業,等待確認,保護持有,protect,今天不新增部位；未完成確認前不機械式賣出,下一交易日收盤，確認是否收復防守區,已有部位暫停加碼；若收盤跌破60日EMA約 301.41，且下一交易日仍未收復，先減碼三分之一；若ETF或外資繼續轉弱，再分批降低部位。,外資持股5/10日下降且外資5日賣超,67.2,67,59.6,85,100,完整,317,317,15.29,23.42,22.77,43.32,210.43,7,25.57,6.58,2.29,2,0,0,0,0,43,0,-178.631,-79.832,-270.981,-971.758,0,0,-1,42.299,0,0,0,45.614999999999995,20.13299999999999,6.04,-169,-94,-404,,-192.567,-125.44700000000003,-290.1140000000001,-751.465,55.56,73.23,62.63,94.43,false,false,3.95,6.02,外資持股5/10日下降，且外資5日賣超
70,5880,合庫金,TWSE,金融保險業,等待確認,正常持有,standard,今天不下單,每個交易日收盤後，檢查趨勢與法人籌碼,已有部位可續抱觀察，但暫不追價；若收盤跌破60日EMA約 24.63 且法人籌碼轉弱，先減碼三分之一。,未觸發明確減碼訊號,71.9,66.9,56.9,85,100,可用,25.6,25.6,20.44,17.55,,94.53,,0.8,16.7,1.38,4.11,18,-50,141,162,26239,55069,0,8420.34,21522.573,36771.06,-3169.8550000000014,39.841,-7.965000000000003,26631.127,47643.937000000005,2,3,-203506,532.187,-486.09799999999996,16.77,9868,19662,14360,,8441.005,20998.351000000002,10626.031000000003,-49510.523,60.76,86.78,80.19,99.97,false,false,1.97,2.2,20日趨勢尚未上彎；借券賣出與借券賣出餘額壓力升高
71,6913,鴻呈,TPEX,電子零組件業,等待確認,正常持有,strong,強勢續抱；不追高,下一交易日收盤，確認是否守住20日EMA,價格仍在20／60日EMA之上且短線強勢；法人未同步轉弱。若收盤跌破20日EMA約 146.39 且法人續弱，再轉為保護持有。,價格強勢站上20／60日EMA；法人未同步轉弱,61.2,66.5,59.3,85,100,可用,162.5,162.5,67.45,37.13,13.78,51.27,228.81,4.11,25.27,4.16,1.51,1,0,0,0,0,9,0,33.996,33.996,33.996,33.996,0,0,0,0,0,0,0,30.723,30.723,8.45,,,,,3.273,3.273,3.273,3.273,70.71,74.71,62.23,99.68,false,false,11.01,16.07,外資持股趨勢資料不足或期間有非市場異動
72,8150,南茂,TWSE,半導體業,等待確認,正常持有,standard,今天不下單,每個交易日收盤後，檢查趨勢與法人籌碼,已有部位可續抱觀察，但暫不追價；若收盤跌破60日EMA約 91.26 且法人籌碼轉弱，先減碼三分之一。,未觸發明確減碼訊號,69.6,66.4,51.1,85,100,可用,93.2,93.2,43.6,29.53,10.25,47.09,238.63,2,27.76,2.51,1.38,7,0,0,3,1966,1965,0,-4105.4,-2647.479,-4544.697,-39096.80200000001,50,154,160,-10960.712,3,0,13721400,-0.30100000000001614,-721.5550000000001,35.72,-3595,-1723,-2083,,-4039.922,-2801.178,-3983.142,-27150.024,53.4,62.65,52.95,82.04,false,false,3.42,6.51,外資持股趨勢資料不足或期間有非市場異動
73,3324,雙鴻,TPEX,其他電子業,等待確認,正常持有,strong,漲停先續抱；不追價,下一交易日收盤，確認是否守住20日EMA,"價格仍在20／60日EMA之上且今日漲停；法人未同步轉弱。若收盤跌破20日EMA約 1,072.39 且法人續弱，再轉為保護持有。",今日漲停／趨勢站穩；法人未同步轉弱,62.8,66.3,54.9,85,100,可用,1375,1375,116.7,83.28,16.87,59.14,183.92,23.01,28.83,8.77,0.95,3,0,0,0,-1,-4,0,3257.558,3257.558,3257.558,3257.558,560,560,560,560,1,0,700000000,245.719,245.719,37.35,,,,,2451.839,2451.839,2451.839,2451.839,79.8,88.41,74.95,115.33,false,false,28.22,29.11,外資持股趨勢資料不足或期間有非市場異動；短線過熱或乖離過大
74,4763,材料*-KY,TWSE,化學工業,等待確認,保護持有,protect,今天不新增部位；未完成確認前不機械式賣出,下一交易日收盤，確認是否收復防守區,已有部位暫停加碼；若收盤跌破60日EMA約 47.68，且下一交易日仍未收復，先減碼三分之一；若ETF或外資繼續轉弱，再分批降低部位。,外資持股5/10日下降且外資5日賣超,62.1,66.2,75.3,85,100,完整,50,50,32.05,-24.98,41.68,18.57,438.89,1.85,11.1,2.34,6.59,7,1,4,6,6,-10,0,1685.856,-1102.3409999999994,-4819.636,-777.3930000000005,1,13,7,-21.423000000000002,4,0,601900,81.55199999999996,-150.91300000000004,46.62,-1593,-2468,-3101,,1621.551,-1196.893,-4675.723000000001,-306.8080000000018,55.39,43.29,29.06,71.75,true,false,3.48,11.23,外資持股5/10日下降，且外資5日賣超；20日趨勢尚未上彎
75,8070,長華*,TWSE,電子通路業,等待確認,正常持有,standard,今天不下單,每個交易日收盤後，檢查趨勢與法人籌碼,已有部位可續抱觀察，但暫不追價；若收盤跌破60日EMA約 49.94 且法人籌碼轉弱，先減碼三分之一。,未觸發明確減碼訊號,63.4,66.2,64.9,85,100,完整,50.3,50.3,33.63,26.21,12.01,39.01,235.2,1.3,29.7,1.33,5.4,8,-23,-64,-39,3605,3761,-32,-722.074,989.6590000000001,-641.509,1276.706,-23,-38.352999999999994,3599.647,3755.5630000000006,1,3,-1925321,21.179999999999996,87.44999999999999,10.9,-623,1045,-4279,,-685.591,1006.8320000000001,-4328.606000000001,-2666.469000000001,51.92,41,41.15,40.69,true,true,0.98,2.03,20日累積後5日轉為調節；ETF 1/3日已轉為減碼；主動ETF 5日轉為減碼
76,3088,艾訊,TPEX,電腦及週邊設備業,等待確認,正常持有,standard,今天不下單,每個交易日收盤後，檢查趨勢與法人籌碼,已有部位可續抱觀察，但暫不追價；若收盤跌破60日EMA約 130.08 且法人籌碼轉弱，先減碼三分之一。,未觸發明確減碼訊號,53.7,66.1,72.8,85,100,可用,125.5,125.5,66.92,45.48,12.29,33.69,239.98,4.28,15.41,2.46,2.38,1,0,0,0,0,0,0,-90.185,-90.185,-90.185,-90.185,0,0,0,0,0,0,0,-1.297,-1.297,18.33,,,,,-88.888,-88.888,-88.888,-88.888,44.81,32.01,20.85,54.34,true,false,-1.89,1.21,外資持股趨勢資料不足或期間有非市場異動；當下除權息調整價未守20日EMA
77,6584,南俊國際,TPEX,電子零組件業,等待確認,正常持有,strong,強勢續抱；不追高,下一交易日收盤，確認是否守住20日EMA,價格仍在20／60日EMA之上且短線強勢；法人未同步轉弱。若收盤跌破20日EMA約 597.66 且法人續弱，再轉為保護持有。,價格強勢站上20／60日EMA；法人未同步轉弱,64.8,66,59.9,85,100,可用,667,667,32.8,51.97,29.58,32.16,184.25,6.47,59.73,12.04,0.39,3,0,-1,0,66,65,0,-25.499,-25.499,-25.499,-25.499,0,0,0,0,0,0,0,-48.859,-48.859,12.01,,,,,23.36,23.36,23.36,23.36,62.62,66.29,61.12,76.65,false,false,11.6,12.29,外資持股趨勢資料不足或期間有非市場異動
78,1303,南亞,TWSE,塑膠工業,等待確認,正常持有,strong,強勢續抱；不追高,下一交易日收盤，確認是否守住20日EMA,價格仍在20／60日EMA之上且短線強勢；法人未同步轉弱。若收盤跌破20日EMA約 202.31 且法人續弱，再轉為保護持有。,價格強勢站上20／60日EMA；法人未同步轉弱,76.4,65.7,52,85,100,可用,234.5,234.5,44.53,19.94,9.92,31.17,177.84,5.17,39.11,4.03,0.33,27,-365,-251,2670,5980,10727,3481,12936.364,63565.856,22584.307000000008,-12437.891999999987,1191.948,20897.236,25756.749,28214.718,5,0,5067579730,3112.2219999999998,-483.25000000000034,31.09,10695,34212,-4121,,10702.601,39556.398,-2689.192,-46352.21400000001,64.55,79.17,70,97.52,false,false,15.91,24.4,ETF 1/3日已轉為減碼；短線過熱或乖離過大；高波動且5日漲幅過大；單季稅前獲利對營業外貢獻依賴偏高
79,3019,亞光,TWSE,光電業,等待確認,正常持有,standard,今天不下單,每個交易日收盤後，檢查趨勢與法人籌碼,已有部位可續抱觀察，但暫不追價；若收盤跌破60日EMA約 138.90 且法人籌碼轉弱，先減碼三分之一。,未觸發明確減碼訊號,74.9,65.7,55.5,85,100,完整,143.5,143.5,14.81,15.48,9.05,40.75,215.07,2.98,24.11,2.69,3.22,2,0,0,1,2,0,0,1943.585,2672.181,1547.5569999999998,6855.716,0,1,2,-0.589,1,0,143000,262.26099999999997,177.78399999999993,9.29,1616,3147,2981,,1669.111,2408.92,1367.7730000000001,6257.957000000001,59.82,63.4,55.22,79.77,false,false,4.55,7.89,
80,8422,可寧衛*,TWSE,綠能環保,等待確認,正常持有,standard,今天不下單,每個交易日收盤後，檢查趨勢與法人籌碼,已有部位可續抱觀察，但暫不追價；若收盤跌破60日EMA約 27.03 且法人籌碼轉弱，先減碼三分之一。,未觸發明確減碼訊號,59.1,65.7,55.1,85,100,完整,26.75,26.75,59.87,28.17,27.67,55.71,104.84,0.55,27.92,3.54,4.48,4,-7,-7,-7,3270,3653,0,113.827,3456.2270000000008,12036.363000000001,20117.537000000004,-7,-6,3262,3645.396,1,1,-160800,-152.211,-31.348000000000006,5.56,1057,1089,10325,,122,3614.438,8805.711000000001,16278.748,50.12,43.5,58.18,14.14,false,false,-0.08,-1.65,20日累積後5日轉為調節；ETF 1/3日已轉為減碼；當下除權息調整價未守20日EMA
81,6139,亞翔,TWSE,其他電子業,等待確認,保護持有,protect,今天不新增部位；未完成確認前不機械式賣出,下一交易日收盤，確認是否收復防守區,已有部位暫停加碼；若收盤跌破60日EMA約 784.37，且下一交易日仍未收復，先減碼三分之一；若ETF或外資繼續轉弱，再分批降低部位。,外資持股5/10日下降且外資5日賣超；投信5/10日持續且具金額意義地賣超,57.2,65.6,54.5,85,100,完整,770,770,62.28,68.37,18.19,75.95,125.12,25.91,15.21,8.59,3.05,21,164,118,124,8,405,-29,-484.462,-2827.5910000000003,-4508.415000000001,-6625.662000000001,-16,-422.323,-890.323,-629.784,1,4,-318853865,131.31,162.01800000000003,22.01,-343,-1963,-3074,,-419.321,-2536.578,-3780.1099999999997,-6447.224000000001,46.95,40.12,39.44,41.47,true,true,-1.36,0.26,主動ETF 5日轉為減碼；投信5/10日持續且具金額意義的賣超；外資持股5/10日下降，且外資5日賣超；當下除權息調整價未守20日EMA；2日內除權息，等待價格重置
82,6257,矽格,TWSE,半導體業,等待確認,正常持有,strong,強勢續抱；不追高,下一交易日收盤，確認是否守住20日EMA,價格仍在20／60日EMA之上且短線強勢；外資／投信偏弱先觀察，不因分歧減碼。若收盤跌破20日EMA約 207.29 且法人續弱，再轉為保護持有。,價格強勢站上20／60日EMA；外資／投信偏弱，先觀察,64.5,65.4,54.9,85,100,完整,221.5,221.5,26.62,19.31,24.09,43.78,182.58,4.65,24.39,3.95,2.04,12,305,281,514,-3777,-4075,0,-5979.256,-5113.3189999999995,-11490.224,-15717.364000000001,98,-702,-4987.415,-5393.1669999999995,2,3,-146367000,252.69000000000005,-53.116,27.26,-5385,-4655,-7175,,-5373.298,-4664.009,-6449.693,-10393.789,58.42,69.19,55.47,96.63,false,false,6.86,11.59,投信5/10日持續且具金額意義的賣超；外資持股5/10日下降，且外資5日賣超；借券賣出與借券賣出餘額壓力升高
83,6274,台燿,TPEX,電子零組件業,等待確認,正常持有,standard,今天不下單,每個交易日收盤後，檢查趨勢與法人籌碼,"已有部位可續抱觀察，但暫不追價；若收盤跌破60日EMA約 1,425.50 且法人籌碼轉弱，先減碼三分之一。",未觸發明確減碼訊號,65.5,65.4,55.5,85,100,可用,1450,1450,121.52,91.3,21.29,48.55,205.37,12.4,72.88,17.78,0.52,25,-502,-417,58,695,1576,-89,-347.058,-347.058,-347.058,-347.058,-1401,-1401,-1401,-1401,0,1,-2010435000,-74.88,-74.88,28.14,,,,,1128.822,1128.822,1128.822,1128.822,48.91,30.32,30.83,29.3,false,false,-1.6,-2.36,ETF 1/3日已轉為減碼；外資持股趨勢資料不足或期間有非市場異動；當下除權息調整價未守20日EMA
84,4961,天鈺,TWSE,半導體業,等待確認,保護持有,protect,今天不新增部位；未完成確認前不機械式賣出,下一交易日收盤，確認是否收復防守區,已有部位暫停加碼；若收盤跌破60日EMA約 164.28，且下一交易日仍未收復，先減碼三分之一；若ETF或外資繼續轉弱，再分批降低部位。,外資持股5/10日下降且外資5日賣超,63.1,65.3,68,85,100,完整,167.5,167.5,32.91,5.67,7.97,20.7,391.38,5.07,18.26,1.13,4.75,4,0,-2,-3,67,57,0,27.255,-110.04100000000001,212.011,2613.2540000000004,0,-3,67,57,0,3,-487500,-9.132000000000001,-6.796000000000003,22.29,100,-279,-311,,29.828,-97.90899999999998,151.80700000000007,2547.18,54.06,60.53,53.19,75.22,true,true,1.87,1.82,20日累積後5日轉為調節；外資持股5/10日下降，且外資5日賣超
85,3653,健策,TWSE,電子零組件業,等待確認,正常持有,strong,強勢續抱；不追高,下一交易日收盤，確認是否守住20日EMA,"價格仍在20／60日EMA之上且短線強勢；法人未同步轉弱。若收盤跌破20日EMA約 5,125.78 且法人續弱，再轉為保護持有。",價格強勢站上20／60日EMA；法人未同步轉弱,65.3,65.2,64.2,85,100,可用,5885,5885,90.96,35.95,35.34,28.69,256.61,25.33,135.18,37.28,0.36,37,-40,-47,-54,426,476,-55,92.965,212.01099999999997,2387.466,2850.925,151.496,132.485,1051.102,2048.236,3,2,793585150,24.105999999999995,-117.268,26.2,-66,42,1455,,-64.129,55.420000000000016,1453.632,656.622,69.36,84.42,83.73,85.8,true,false,14.81,13.06,20日累積後5日轉為調節；ETF 1/3日已轉為減碼；主動ETF 5日轉為減碼；短線過熱或乖離過大；高波動且5日漲幅過大
86,5471,松翰,TWSE,半導體業,等待確認,正常持有,standard,今天不下單,每個交易日收盤後，檢查趨勢與法人籌碼,已有部位可續抱觀察，但暫不追價；若收盤跌破60日EMA約 56.40 且法人籌碼轉弱，先減碼三分之一。,未觸發明確減碼訊號,65.7,65.2,63.8,85,100,完整,61.4,61.4,37.74,29.98,10.2,18.75,428.52,1.2,36.87,2.85,1.31,1,0,0,0,0,0,0,-126.756,1159.5320000000002,796.2730000000001,-977.4629999999997,0,0,0,0,0,0,0,32.681000000000004,19.499000000000002,11.56,-294,1185,1231,,-136.241,1126.851,776.7740000000001,-997.9390000000001,61.29,75.57,68.44,89.81,false,false,5.31,9.64,
87,2379,瑞昱,TWSE,半導體業,等待確認,正常持有,standard,今天不下單,每個交易日收盤後，檢查趨勢與法人籌碼,已有部位可續抱觀察，但暫不追價；若收盤跌破60日EMA約 714.56 且法人籌碼轉弱，先減碼三分之一。,未觸發明確減碼訊號,70.8,64.9,44.5,85,100,可用,744,744,32.54,13.31,10.89,65.75,118.89,15.86,26.14,7.37,3.47,48,118,83,90,733,756,-6,30.584,360.493,86.86899999999986,967.9099999999999,131.495,177.42000000000002,812.738,1144.7600000000002,3,2,127919820,79.92599999999999,87.58099999999999,44.39,-947,-1327,-3002,,-78.062,103.14699999999993,-813.45,-309.5889999999999,53.24,64.55,55.21,83.23,false,false,1.81,1.92,主動ETF 5日轉為減碼；ETF加碼，但外資持股5/10日同步下降
88,8086,宏捷科,TPEX,半導體業,等待確認,正常持有,standard,今天不下單,每個交易日收盤後，檢查趨勢與法人籌碼,已有部位可續抱觀察，但暫不追價；若收盤跌破60日EMA約 126.30 且法人籌碼轉弱，先減碼三分之一。,未觸發明確減碼訊號,59.9,64.9,69.2,85,100,可用,123,123,18.39,39.99,24.75,21.4,324.69,2.93,22.01,2.74,1.42,1,0,0,0,1,-1,0,-611.146,-611.146,-611.146,-611.146,0,0,0,0,0,0,0,112.076,112.076,16.94,,,,,-723.222,-723.222,-723.222,-723.222,54.8,64.6,52.3,89.21,false,false,4.44,6.49,外資持股趨勢資料不足或期間有非市場異動；2日內除權息，等待價格重置
89,2374,佳能,TWSE,光電業,等待確認,正常持有,standard,今天不下單,每個交易日收盤後，檢查趨勢與法人籌碼,已有部位可續抱觀察，但暫不追價；若收盤跌破60日EMA約 70.84 且法人籌碼轉弱，先減碼三分之一。,未觸發明確減碼訊號,57.7,64.8,63.1,85,100,完整,68.7,68.7,64.11,53.36,9.83,37.89,158.61,1.55,21.2,2.6,2.9,1,0,0,0,0,0,0,-15.76,889.8030000000001,-1984.522,-73.96999999999991,0,0,-3,-3,0,0,0,-73.015,-204.396,5.3,139,2452,465,,-11.6,962.818,-1777.126,42.03699999999995,48.58,54.19,47.77,67.03,false,false,-0.23,2.69,當下除權息調整價未守20日EMA
90,2353,宏碁,TWSE,電腦及週邊設備業,等待確認,正常持有,standard,今天不下單,每個交易日收盤後，檢查趨勢與法人籌碼,已有部位可續抱觀察，但暫不追價；若收盤跌破60日EMA約 31.12 且法人籌碼轉弱，先減碼三分之一。,未觸發明確減碼訊號,69.5,64.7,45.3,85,100,完整,31.75,31.75,21.93,23.14,1.64,67.67,121.95,0.96,18.75,1.23,4.13,16,848,420,436,751,-564,0,4786.699,6372.508,12396.506,44954.57,923,932.421,1202.612,1680.9470000000003,3,2,29371262,-342.247,160.511,13.79,2512,-7302,6412,,4039.741,5782.334000000001,11033.383,41405.44300000001,56.18,73.52,55.97,108.62,false,false,2.28,2.25,單季稅前獲利對營業外貢獻依賴偏高
91,5469,瀚宇博,TWSE,電子零組件業,等待確認,正常持有,standard,今天不下單,每個交易日收盤後，檢查趨勢與法人籌碼,已有部位可續抱觀察，但暫不追價；若收盤跌破60日EMA約 76.11 且法人籌碼轉弱，先減碼三分之一。,未觸發明確減碼訊號,63.2,64.5,59.5,85,100,完整,74,74,24.09,24.44,7.35,43.83,130.96,2.05,13.7,0.58,3.41,4,0,0,1,3,176,0,-111.475,777.6959999999999,-1142.3410000000001,-472.94900000000007,0,2,-1,171.573,2,0,148000,-10.328000000000003,-30.427999999999997,8.31,-413,1079,-1683,,-102.788,786.024,-1110.913,-590.798,52.16,61.66,49.66,85.65,false,false,1.33,3.64,
92,3090,日電貿,TWSE,電子零組件業,等待確認,保護持有,protect,今天不新增部位；未完成確認前不機械式賣出,下一交易日收盤，確認是否收復防守區,已有部位暫停加碼；若收盤跌破60日EMA約 185.28，且下一交易日仍未收復，先減碼三分之一；若ETF或外資繼續轉弱，再分批降低部位。,外資持股5/10日下降且外資5日賣超,57.5,64.4,64,85,100,完整,173,173,66.62,28.75,12.12,30.9,156.34,4.91,23.18,2.71,2.74,7,-17,-47,-26,3366,3330,-25,395.904,-1254.702,1496.344,-18322.74,-17,-26,2944,2748.872,1,2,-4550000,-40.147,-137.21899999999997,8.31,613,-268,-615,,457.826,-1188.555,-1310.4370000000004,-20759.201,49.23,49.1,44.79,57.73,true,false,1.44,4.22,20日累積後5日轉為調節；ETF 1/3日已轉為減碼；主動ETF 5日轉為減碼；外資持股5/10日下降，且外資5日賣超
93,2882,國泰金,TWSE,金融保險業,等待確認,正常持有,standard,今天不下單,每個交易日收盤後，檢查趨勢與法人籌碼,已有部位可續抱觀察，但暫不追價；若收盤跌破60日EMA約 97.83 且法人籌碼轉弱，先減碼三分之一。,未觸發明確減碼訊號,71.6,64.3,56.6,85,100,可用,111,111,-69.71,422.1,,92.45,,4.95,13.03,1.59,3.17,31,2381,3734,3751,2611,7129,-12,10266.894,28478.761,28659.403000000002,33090.693999999996,2495.864,2600.7490000000003,2060.141,7255.354,2,3,287382765,210.31400000000002,-839.995,23.28,9177,26247,28146,,7894.14,25667.698,27439.256999999998,28678.384999999995,70.2,81.44,69.32,105.68,false,false,8.54,7.77,主動ETF 5日轉為減碼
94,3443,創意,TWSE,半導體業,等待確認,正常持有,standard,今天不下單,每個交易日收盤後，檢查趨勢與法人籌碼,"已有部位可續抱觀察，但暫不追價；若收盤跌破60日EMA約 4,829.06 且法人籌碼轉弱，先減碼三分之一。",未觸發明確減碼訊號,75.7,64.3,35.5,85,100,可用,5995,5995,158.38,102.55,13.81,63.98,144.84,23.89,156.37,60.71,0.33,43,-54,-32,50,483,421,46,-17.752,675.6379999999999,1919.283,3289.9999999999995,-41.001,255.091,616.0409999999999,1310.263,4,1,1556055100,95.24199999999999,131.378,27.36,-19,374,1414,,-41.758,325.30499999999995,1171.864,1734.485,63.34,68.06,69.06,66.05,true,true,10.21,7.63,ETF 1/3日已轉為減碼
95,2633,台灣高鐵,TWSE,航運業,等待確認,正常持有,standard,今天不下單,每個交易日收盤後，檢查趨勢與法人籌碼,已有部位可續抱觀察，但暫不追價；若收盤跌破60日EMA約 26.08 且法人籌碼轉弱，先減碼三分之一。,未觸發明確減碼訊號,67.3,64.1,45.1,85,100,完整,26.25,26.25,4.27,4.06,40.17,81.85,76.96,0.67,21.31,2.09,4.42,10,152,145,467,1464,6993,0,-2115.363,-154.90599999999995,1367.1169999999997,-16605.586000000003,152,470,1444,6972.970000000001,4,1,12220000,84.452,71.13499999999999,5.93,-2121,492,1110,,-2253.363,-709.3579999999997,-148.01799999999957,-23270.924000000003,55.09,64.57,72.25,49.2,false,true,0.58,-0.19,
96,2006,東和鋼鐵,TWSE,鋼鐵工業,等待確認,保護持有,protect,今天不新增部位；未完成確認前不機械式賣出,下一交易日收盤，確認是否收復防守區,已有部位暫停加碼；若收盤跌破60日EMA約 76.44，且下一交易日仍未收復，先減碼三分之一；若ETF或外資繼續轉弱，再分批降低部位。,外資持股5/10日下降且外資5日賣超,61.8,64,60.5,85,100,完整,81.2,81.2,13.89,0.68,12.1,35.77,165.62,4.07,10.73,1.73,5.32,11,-2,-18,-20,398,435,0,-93.884,-241.18199999999996,-661.6390000000001,9620.402,-2,-18.247,392.753,430.14,1,3,-1474358,-80.87400000000001,28.25699999999999,27.56,-51,-276,-2365,,-78.572,-142.061,-1082.6490000000001,9312.452,54.58,38.34,41.23,32.57,false,true,0.6,-0.98,20日累積後5日轉為調節；ETF 1/3日已轉為減碼；外資持股5/10日下降，且外資5日賣超
97,2301,光寶科,TWSE,電腦及週邊設備業,等待確認,正常持有,standard,今天不下單,每個交易日收盤後，檢查趨勢與法人籌碼,已有部位可續抱觀察，但暫不追價；若收盤跌破60日EMA約 243.59 且法人籌碼轉弱，先減碼三分之一。,未觸發明確減碼訊號,68.9,64,46.4,85,100,可用,300.5,300.5,37.61,26.99,12.8,59.6,138.63,4.8,35.67,7.22,1.64,31,92,261,1258,5431,6248,938,-4064.029,2672.4490000000005,18917.632,92790.225,330.974,7860.648000000001,14351.145,16324.355000000001,5,0,2397497640,967.612,730.9319999999999,44.04,-4393,-6135,3255,,-4476.948,-6155.811000000001,3835.5549999999985,75933.165,63.26,78.21,79.41,75.79,false,true,8.45,1.52,
98,2421,建準,TWSE,電子零組件業,等待確認,正常持有,strong,強勢續抱；不追高,下一交易日收盤，確認是否守住20日EMA,價格仍在20／60日EMA之上且短線強勢；法人未同步轉弱。若收盤跌破20日EMA約 152.85 且法人續弱，再轉為保護持有。,價格強勢站上20／60日EMA；法人未同步轉弱,63.1,64,57.5,85,100,完整,177,177,31.65,20.34,15.56,50.21,164.23,4.78,19.3,4.88,2.92,7,0,0,0,2,-177,0,9656.304,17284.57,17083.492000000002,25698.404000000006,0,0,0,-179.087,2,2,0,501.647,367.40799999999996,36.9,9432,16650,16743,,9431.027,16782.922999999995,16716.083999999995,25505.470999999998,74.6,80.64,67.59,106.73,false,false,15.8,22.92,短線過熱或乖離過大
99,3016,嘉晶,TWSE,半導體業,等待確認,正常持有,standard,今天不下單,每個交易日收盤後，檢查趨勢與法人籌碼,已有部位可續抱觀察，但暫不追價；若收盤跌破60日EMA約 103.71 且法人籌碼轉弱，先減碼三分之一。,未觸發明確減碼訊號,72.6,64,49.5,85,100,完整,104,104,51.43,31.32,14.09,31.1,295.64,1,85.83,5.74,0.49,2,0,0,1,2,2,0,172.095,234.97100000000012,-604.92,-1690.062,0,1,2,2.681,1,0,103000,142.217,23.015000000000015,4.32,-61,255,-336,,70.276,91.75400000000013,-629.9349999999998,-2255.2009999999996,52.07,57.38,46.38,79.38,false,false,2.54,7.59,
100,8046,南電,TWSE,電子零組件業,等待確認,保護持有,protect,今天不新增部位；未完成確認前不機械式賣出,下一交易日收盤，確認是否收復防守區,"已有部位暫停加碼；若收盤跌破60日EMA約 1,093.34，且下一交易日仍未收復，先減碼三分之一；若ETF或外資繼續轉弱，再分批降低部位。",外資持股5/10日下降且外資5日賣超,70.5,64,58.8,85,100,可用,1225,1225,50.24,39.38,17.18,24.03,338.73,5.53,144.54,16.13,0.16,33,194,392,86,350,1336,84,96.438,-2115.705,-2005.694,-6677.603999999999,-521,1490.784,1680.6660000000002,6281.488,3,2,1833664320,-78.35500000000002,-9.095000000000027,11.33,732,-3881,-3925,,742.097,-3528.134,-3677.265,-12233.779,54.48,55.78,50.43,66.49,false,false,3.28,5.6,外資持股5/10日下降，且外資5日賣超
101,1904,正隆,TWSE,造紙工業,等待確認,正常持有,standard,今天不下單,每個交易日收盤後，檢查趨勢與法人籌碼,已有部位可續抱觀察，但暫不追價；若收盤跌破60日EMA約 22.91 且法人籌碼轉弱，先減碼三分之一。,未觸發明確減碼訊號,63,64,47.4,85,85,完整,24.85,24.85,22.82,7.53,6.98,58.93,121.21,1.45,11.61,0.91,1.79,1,0,0,0,0,3,0,430.046,1146.33,4876.151,18827.886,0,2,2,4.688000000000001,1,0,50400,46.647,92.286,12.03,470,1102,4907,,419.35,1097.683,4781.865,18545.678,58.54,37.05,52.79,5.57,false,false,1.38,-1.97,
102,2609,陽明,TWSE,航運業,等待確認,正常持有,standard,今天不下單,每個交易日收盤後，檢查趨勢與法人籌碼,已有部位可續抱觀察，但暫不追價；若收盤跌破60日EMA約 53.97 且法人籌碼轉弱，先減碼三分之一。,未觸發明確減碼訊號,63.6,63.9,65.6,85,100,可用,57.6,57.6,34.56,5.78,7.6,28.37,420.88,2.05,13.4,0.64,3.36,10,-7,-62,6,169,842,0,15356.18,-21984.808000000005,151571.967,187869.41899999997,-36.805,-22.653000000000006,123.90599999999999,796.5210000000001,2,3,-1347854,-1361.22,3943.987,25.4,12811,-29697,135602,,14787.981,-20600.935,147504.074,180764.516,54.31,33.29,49.17,1.53,false,false,1.51,-9.43,ETF 1/3日已轉為減碼
103,6907,雅特力-KY,TPEX,半導體業,等待確認,正常持有,standard,今天不下單,每個交易日收盤後，檢查趨勢與法人籌碼,已有部位可續抱觀察，但暫不追價；若收盤跌破60日EMA約 173.95 且法人籌碼轉弱，先減碼三分之一。,未觸發明確減碼訊號,58.5,63.9,56.9,85,82,可用,184.5,184.5,198.45,104.94,15.78,36.08,303.6,4,36.95,7.12,0.54,1,0,0,0,50,50,0,40.727,40.727,40.727,40.727,0,0,0,0,0,0,0,4.727,4.727,52.04,,,,,36,36,36,36,50.44,36.9,39.85,30.99,false,true,-0.07,1.37,外資持股趨勢資料不足或期間有非市場異動；當下除權息調整價未守20日EMA
104,2539,櫻花建,TWSE,建材營造,等待確認,正常持有,standard,今天不下單,每個交易日收盤後，檢查趨勢與法人籌碼,已有部位可續抱觀察，但暫不追價；若收盤跌破60日EMA約 34.08 且法人籌碼轉弱，先減碼三分之一。,未觸發明確減碼訊號,67.4,63.7,67.4,85,100,完整,35.55,35.55,-15.44,19.46,40.6,38.54,310.41,2.36,8.59,2.16,7.75,3,0,0,0,54,53,0,432.595,-709.898,-1965.7740000000001,-3112.0909999999994,0,0,-1,-1.615,0,0,0,-83.474,-133.386,2.3,912,785,-184,,515.869,-626.424,-1831.388,-3002.9919999999997,56.9,62.41,56.69,73.87,true,false,2.28,1.86,
105,1503,士電,TWSE,電機機械,等待確認,正常持有,standard,今天不下單,每個交易日收盤後，檢查趨勢與法人籌碼,已有部位可續抱觀察，但暫不追價；若收盤跌破60日EMA約 206.70 且法人籌碼轉弱，先減碼三分之一。,未觸發明確減碼訊號,68.9,63.6,49.9,85,100,完整,208.5,208.5,15.1,10.84,14.79,38.12,135.8,5.04,27.55,2.69,2.5,8,0,2,3,-70,-69,0,-613.212,-60.62499999999996,455.79099999999994,2162.8399999999997,0,2.8529999999999998,-74.147,-73.39800000000001,3,0,570600,124.811,-19.727000000000004,30.44,-444,-542,101,,-564.189,-188.289,549.665,2229.9139999999998,54.75,56.36,55.83,57.42,true,true,2.97,4.51,
106,3661,世芯-KY,TWSE,半導體業,等待確認,正常持有,strong,強勢續抱；不追高,下一交易日收盤，確認是否守住20日EMA,"價格仍在20／60日EMA之上且短線強勢；法人未同步轉弱。若收盤跌破20日EMA約 3,878.47 且法人續弱，再轉為保護持有。",價格強勢站上20／60日EMA；法人未同步轉弱,76.6,63.6,54,85,100,可用,4275,4275,181.78,-13.78,25.49,32.68,290.95,37.57,59.77,5.82,0.8,26,7,16,58,23,-114,59,215.576,644.808,-542.8969999999999,1451.511,117.008,175.965,127.922,-977.127,4,1,717057375,265.168,221.93400000000003,51.38,162,267,-1246,,71.132,203.675,-892.7529999999999,2008.532,62.78,72.55,54.85,107.94,true,false,10.22,10.61,
107,6245,立端,TPEX,通信網路業,等待確認,正常持有,standard,今天不下單,每個交易日收盤後，檢查趨勢與法人籌碼,已有部位可續抱觀察，但暫不追價；若收盤跌破60日EMA約 81.55 且法人籌碼轉弱，先減碼三分之一。,未觸發明確減碼訊號,53,63.6,67.6,85,100,可用,78.8,78.8,102.55,17.99,8.15,41.82,223.77,1.81,18.68,2.02,4.65,1,0,0,0,0,-2,0,-565.473,-565.473,-565.473,-565.473,0,0,0,0,0,0,0,-34.473,-34.473,10.72,,,,,-531,-531,-531,-531,41.46,29.49,35.32,17.82,false,true,-4.27,-2.96,外資持股趨勢資料不足或期間有非市場異動；2日內除權息，等待價格重置
108,3028,增你強,TWSE,電子通路業,等待確認,保護持有,protect,今天不新增部位；未完成確認前不機械式賣出,下一交易日收盤，確認是否收復防守區,已有部位暫停加碼；若收盤跌破60日EMA約 68.79，且下一交易日仍未收復，先減碼三分之一；若ETF或外資繼續轉弱，再分批降低部位。,外資持股5/10日下降且外資5日賣超,50.4,63.6,55.8,85,93,可用,64.6,64.6,117.59,96.81,4.64,81.04,119.22,5.24,9.01,2.12,4.64,2,0,-4,-3,17,7,0,-101.328,-1609.98,-1979.786,-3100.645,0,-3.8,-8.8,-19.088,1,1,-245860,-38.991,-36.647999999999996,9.73,-51,-1517,-2251,,-92.149,-1567.1889999999999,-1934.338,-2915.4209999999994,42.9,24.21,26.71,19.19,false,true,-2.72,-2.12,20日累積後5日轉為調節；外資持股5/10日下降，且外資5日賣超；當下除權息調整價未守20日EMA；官方重大訊息出現高風險關鍵字，須查原文
109,1712,興農,TWSE,化學工業,等待確認,保護持有,protect,今天不新增部位；未完成確認前不機械式賣出,下一交易日收盤，確認是否收復防守區,已有部位暫停加碼；若收盤跌破60日EMA約 39.78，且下一交易日仍未收復，先減碼三分之一；若ETF或外資繼續轉弱，再分批降低部位。,KD高檔死亡交叉（僅屬時機警示）,64.3,63.4,50.5,85,100,完整,40.15,40.15,21.54,5.25,8.25,47.84,141.74,1.56,15.08,2.04,6.26,2,0,0,0,-1,-16,0,-25.391,-14.297999999999973,64.52400000000003,-1318.27,0,4,3,-12.111999999999998,2,0,159800,-26.00999999999999,49.70300000000001,13.18,-53,-87,-156,,0.826,7.711999999999989,11.820999999999998,-1473.781,63.23,83.14,79.31,90.78,true,true,1.41,0.38,KD高檔死亡交叉，等待動能確認
110,2801,彰銀,TWSE,金融保險業,等待確認,正常持有,standard,今天不下單,每個交易日收盤後，檢查趨勢與法人籌碼,已有部位可續抱觀察，但暫不追價；若收盤跌破60日EMA約 23.28 且法人籌碼轉弱，先減碼三分之一。,未觸發明確減碼訊號,68,63.4,58.2,85,100,可用,25.2,25.2,7.11,13.38,,93.5,,0.94,14.79,1.29,4.17,20,589,-95,375,-248,6790,0,6601.178,13140.789000000002,26309.245000000003,-49410.268,607.896,442.98699999999997,-287.01300000000003,-548.7350000000001,2,3,11141123,698.359,259.326,16.99,6074,76328,89766,,6043.44,11999.443000000001,26336.932,-40077.50499999999,70.34,86.22,78.65,101.34,false,false,4.29,6.11,外資持股趨勢資料不足或期間有非市場異動
111,6173,信昌電,TPEX,電子零組件業,等待確認,正常持有,strong,強勢續抱；不追高,下一交易日收盤，確認是否守住20日EMA,價格仍在20／60日EMA之上且短線強勢；法人未同步轉弱。若收盤跌破20日EMA約 213.63 且法人續弱，再轉為保護持有。,價格強勢站上20／60日EMA；法人未同步轉弱,60,63.2,63.9,85,100,可用,261.5,261.5,47.87,21.96,21.45,17.1,208.65,2.98,46.33,4.15,0.73,1,0,0,0,3,2,0,-1133.171,-1133.171,-1133.171,-1133.171,0,0,0,0,0,0,0,-33.115,-33.115,12.81,,,,,-1100.056,-1100.056,-1100.056,-1100.056,65.74,77.77,68.9,95.53,true,false,22.41,28.5,外資持股趨勢資料不足或期間有非市場異動；短線過熱或乖離過大；高波動且5日漲幅過大
112,1504,東元,TWSE,電機機械,等待確認,正常持有,standard,今天不下單,每個交易日收盤後，檢查趨勢與法人籌碼,已有部位可續抱觀察，但暫不追價；若收盤跌破60日EMA約 69.60 且法人籌碼轉弱，先減碼三分之一。,未觸發明確減碼訊號,72.6,63,54.9,85,100,完整,73.5,73.5,13.81,7.05,9.49,33.82,217.56,1.63,26.27,1.77,2.76,11,0,17,14,3517,3498,0,-472.974,2236.525,6776.903,30525.374000000003,0,15.337,3502.337,3443.393,3,1,1111933,196.463,-272.52900000000005,7.4,-2997,-690,-3617,,-444.732,2024.7249999999995,3547.0949999999993,26579.094999999998,61.59,55.13,54.65,56.07,true,false,3.86,3.81,ETF加碼，但外資持股5/10日同步下降
113,6449,鈺邦,TWSE,電子零組件業,等待確認,正常持有,standard,今天不下單,每個交易日收盤後，檢查趨勢與法人籌碼,已有部位可續抱觀察，但暫不追價；若收盤跌破60日EMA約 256.22 且法人籌碼轉弱，先減碼三分之一。,未觸發明確減碼訊號,56.8,63,56.9,85,100,可用,236,236,34.78,24.24,17.33,39.73,114.61,4.42,25.84,3.04,1.81,1,0,0,0,0,0,0,-17.432,-1735.557,-1936.6380000000001,-2798.373,0,0,0,0,0,0,0,14.964999999999998,-7.0980000000000025,4.22,-21,-1413,-1738,,-8.677,-1750.522,-1929.54,-2802.174,49.17,63.84,51.71,88.11,false,false,1.54,5.36,外資持股趨勢資料不足或期間有非市場異動
114,2891,中信金,TWSE,金融保險業,等待確認,正常持有,standard,今天不下單,每個交易日收盤後，檢查趨勢與法人籌碼,已有部位可續抱觀察，但暫不追價；若收盤跌破60日EMA約 64.51 且法人籌碼轉弱，先減碼三分之一。,未觸發明確減碼訊號,73.4,62.9,52.4,85,100,可用,66.5,66.5,-18.42,66.45,,92.82,,1.96,15.48,1.85,3.86,38,2840,3647,3574,860,-4852,-29,2826.526,5880.881,-28091.348,3973.545000000002,3217.753,4815.864,2805.392,-317.2189999999996,2,3,311586401,-2578.255,-1654.1730000000007,35,1524,-147,-13782,,508.319,3643.272,-29242.567000000003,10146.711999999996,56.21,67.06,53.37,94.44,true,false,2.31,3.1,主動ETF 5日轉為減碼；ETF加碼，但外資持股5/10日同步下降
115,4916,事欣科,TWSE,電腦及週邊設備業,等待確認,正常持有,standard,今天不下單,每個交易日收盤後，檢查趨勢與法人籌碼,已有部位可續抱觀察，但暫不追價；若收盤跌破60日EMA約 99.81 且法人籌碼轉弱，先減碼三分之一。,未觸發明確減碼訊號,53.7,62.7,67.6,85,100,完整,99.7,99.7,128.95,58.42,9.14,32.64,257.18,5.45,15.3,3.43,0.5,1,0,0,0,0,0,0,-185.429,147.779,-840.585,-3816.031000000001,0,0,0,0,0,0,0,2.241999999999999,-40.546,2.45,-195,307,-155,,-171.02,145.53700000000003,-800.039,-3894.6209999999987,46.18,39.79,37.78,43.8,false,false,-1.83,-1.77,當下除權息調整價未守20日EMA；單季稅前獲利對營業外貢獻依賴偏高
116,2481,強茂,TWSE,半導體業,等待確認,正常持有,strong,強勢續抱；不追高,下一交易日收盤，確認是否守住20日EMA,價格仍在20／60日EMA之上且短線強勢；法人未同步轉弱。若收盤跌破20日EMA約 144.32 且法人續弱，再轉為保護持有。,價格強勢站上20／60日EMA；法人未同步轉弱,74.3,62.6,43.1,85,100,完整,157,157,30.98,16.46,9.31,47.75,162.68,2.03,40.05,3.83,1.19,6,0,110,260,-1238,-637,258,-5445.538,11294.541000000001,-7121.878,-22490.250000000004,33,1320,-53,2507.29,5,0,199320000,205.68699999999995,-1081.421,14.72,-5149,9480,-5843,,-5151.5,9768.854,-5987.457,-24939.184999999998,58.01,72.52,61.3,94.96,false,false,8.78,14.6,借券賣出與借券賣出餘額壓力升高
117,8131,福懋科,TWSE,半導體業,等待確認,正常持有,standard,今天不下單,每個交易日收盤後，檢查趨勢與法人籌碼,已有部位可續抱觀察，但暫不追價；若收盤跌破60日EMA約 65.84 且法人籌碼轉弱，先減碼三分之一。,未觸發明確減碼訊號,60.5,62.5,65.3,85,100,完整,63.5,63.5,28.83,38.9,15.72,21.17,277.62,1.93,18.46,1.83,1.57,3,0,0,2,3,-4,0,292.357,5.463000000000193,-491.5079999999998,535.5880000000002,0,2,3,-3.5999999999999996,1,0,127400,-22.747999999999998,-140.846,4.1,315,93,-401,,301.904,26.211000000000013,-353.662,730.32,48.78,62.65,51.26,85.43,false,false,0.1,3.25,
118,6548,長科*,TPEX,半導體業,等待確認,正常持有,standard,今天不下單,每個交易日收盤後，檢查趨勢與法人籌碼,已有部位可續抱觀察，但暫不追價；若收盤跌破60日EMA約 72.48 且法人籌碼轉弱，先減碼三分之一。,未觸發明確減碼訊號,65,62.4,47.6,85,100,可用,72.8,72.8,35.44,25.93,14.32,49.37,200.5,1.22,32.16,5.09,1.89,5,0,0,0,1,698,0,-108.279,-108.279,-108.279,-108.279,0,0,0,0,0,0,0,-10.114,-10.114,5.56,,,,,-98.165,-98.165,-98.165,-98.165,50.07,54.78,50.32,63.68,false,false,0.45,3.56,外資持股趨勢資料不足或期間有非市場異動
119,2881,富邦金,TWSE,金融保險業,等待確認,正常持有,standard,今天不下單,每個交易日收盤後，檢查趨勢與法人籌碼,已有部位可續抱觀察，但暫不追價；若收盤跌破60日EMA約 126.43 且法人籌碼轉弱，先減碼三分之一。,未觸發明確減碼訊號,72.2,62.3,53.5,85,100,可用,145,145,-79.15,4391.87,,90.67,,6.67,13.46,1.77,2.95,34,1404,3822,3862,1958,2493,1388,-800.552,17722.76,42961.42799999999,49619.53399999999,1458.878,5994.693,4539.42,5836.165,3,2,863235792,-371.589,-977.729,18.71,639,7289,34183,,-1983.166,12099.655999999999,39399.736999999994,46785.935,68.68,93.21,86.66,106.31,false,false,7.45,2.47,
120,2884,玉山金,TWSE,金融保險業,等待確認,正常持有,standard,今天不下單,每個交易日收盤後，檢查趨勢與法人籌碼,已有部位可續抱觀察，但暫不追價；若收盤跌破60日EMA約 36.48 且法人籌碼轉弱，先減碼三分之一。,未觸發明確減碼訊號,71.1,62.3,51.5,85,100,可用,39.9,39.9,4.75,21.58,,94.21,,1.32,16.49,2.28,3.52,30,882,1475,5831,50905,90202,-55,12372.325,7038.671,1684.3010000000004,-38979.221000000005,1554,8753.628,54921.07,100310.375,5,0,347956713,-2641.901,-3031.9640000000004,30.7,19680,377137,332804,,12893.565,926.9440000000013,-50204.805,-132130.301,69.59,88.54,80.7,104.22,false,false,4.46,2.31,主動ETF 5日轉為減碼；外資持股趨勢資料不足或期間有非市場異動
121,6239,力成,TWSE,半導體業,等待確認,保護持有,protect,今天不新增部位；未完成確認前不機械式賣出,下一交易日收盤，確認是否收復防守區,已有部位暫停加碼；若收盤跌破60日EMA約 281.21，且下一交易日仍未收復，先減碼三分之一；若ETF或外資繼續轉弱，再分批降低部位。,外資持股5/10日下降且外資5日賣超；投信5/10日持續且具金額意義地賣超,60.4,62.1,48.8,85,100,可用,284,284,29.37,31.93,14.16,44.87,169.04,5.5,27.43,3.58,1.62,23,-19,-155,-157,68,1178,0,-7234.622,-9078.61,-12481.231000000002,-29605.235999999997,0,-574,-2775.6310000000003,-637.1650000000002,0,4,-158998000,-8.884999999999962,-791.7869999999999,31.41,-6470,-7722,-8092,,-6544.963,-8495.724999999999,-8913.813,-28194.502000000004,53.09,59.56,56.09,66.49,false,false,2.83,3.84,20日累積後5日轉為調節；ETF 1/3日已轉為減碼；投信5/10日持續且具金額意義的賣超；外資持股5/10日下降，且外資5日賣超；借券賣出與借券賣出餘額壓力升高
122,2887,台新新光金,TWSE,金融保險業,等待確認,正常持有,standard,今天不下單,每個交易日收盤後，檢查趨勢與法人籌碼,已有部位可續抱觀察，但暫不追價；若收盤跌破60日EMA約 34.10 且法人籌碼轉弱，先減碼三分之一。,未觸發明確減碼訊號,68.7,62,54.7,85,100,可用,40.3,40.3,-15.63,163.8,,92.4,,1.69,14.28,1.42,2.85,35,773,3028,3532,53764,116516,-33,35163.295,47761.873,29761.668999999994,119407.94999999998,1227.286,4871.839000000001,56385.373999999996,128489.98299999998,5,0,187809393,-3313.1580000000004,-3494.085,23.18,42486,50570,-21383,,35113.822,46203.191999999995,-23129.620000000006,93.19499999999607,71.15,84.34,75.62,101.8,true,false,9.1,8.48,主動ETF 5日轉為減碼；外資持股趨勢資料不足或期間有非市場異動
123,6191,精成科,TWSE,電子零組件業,等待確認,正常持有,standard,今天不下單,每個交易日收盤後，檢查趨勢與法人籌碼,已有部位可續抱觀察，但暫不追價；若收盤跌破60日EMA約 89.64 且法人籌碼轉弱，先減碼三分之一。,未觸發明確減碼訊號,59,61.8,56.5,85,100,完整,84.3,84.3,18.97,28.12,7.6,49.82,126.43,2.32,14.58,1.14,3.11,5,0,0,1,297,491,0,-21.557,949.445,-296.75,2565.6130000000003,13,15,306,499.906,3,0,1255500,-17.283,-93.31200000000001,4.11,-17,1301,830,,-30.423,951.728,-509.438,2184.0559999999996,46.61,61.41,46.57,91.1,false,false,-0.13,4.2,當下除權息調整價未守20日EMA
124,1229,聯華,TWSE,食品工業,等待確認,正常持有,standard,今天不下單,每個交易日收盤後，檢查趨勢與法人籌碼,已有部位可續抱觀察，但暫不追價；若收盤跌破60日EMA約 41.28 且法人籌碼轉弱，先減碼三分之一。,未觸發明確減碼訊號,67.4,61.5,56,85,100,完整,41.6,41.6,114.98,-4.95,7.77,20.09,88.96,1.19,16.79,1.19,4.78,6,0,7,12,14,-318,0,9.38,1312.9740000000002,5816.277999999999,7702.446000000001,0,14,1,-331.03,3,0,585200,69.586,92.683,9,-812,1892,1202,,-0.849,1229.3880000000001,5722.595,8039.824000000001,51.7,55.12,66.4,32.56,false,true,0.12,-0.24,單季稅前獲利對營業外貢獻依賴偏高
125,9917,中保科,TWSE,其他,等待確認,保護持有,protect,今天不新增部位；未完成確認前不機械式賣出,下一交易日收盤，確認是否收復防守區,已有部位暫停加碼；若收盤跌破60日EMA約 104.74，且下一交易日仍未收復，先減碼三分之一；若ETF或外資繼續轉弱，再分批降低部位。,KD高檔死亡交叉（僅屬時機警示）,65.4,61.5,46,85,100,完整,106,106,4.94,2.09,17.46,58.36,98.74,3.35,15.45,3.75,5.85,7,577,582,582,581,573,0,-488.984,20.292999999999992,625.9279999999999,217.28099999999995,0,5,2,-5.554,1,0,530000,5,-2.286999999999999,39.32,-411,17,523,,-415.984,10.292999999999992,626.2149999999999,255.8449999999999,62.28,81.98,83.35,79.23,false,true,1.32,0.72,KD高檔死亡交叉，等待動能確認
126,1795,美時,TWSE,生技醫療業,等待確認,保護持有,protect,今天不新增部位；未完成確認前不機械式賣出,下一交易日收盤，確認是否收復防守區,已有部位暫停加碼；若收盤跌破60日EMA約 191.67，且下一交易日仍未收復，先減碼三分之一；若ETF或外資繼續轉弱，再分批降低部位。,外資持股5/10日下降且外資5日賣超,56.3,61.4,52.6,85,100,完整,186.5,186.5,3.94,67.97,24.59,77.62,146.44,4.65,13.14,2.04,1.45,2,0,0,0,0,-79,1,-345.199,-584.348,403.69399999999985,1305.6599999999999,0,0,-2,-81.119,0,0,0,-154.45,-56.626999999999974,51.74,-1219,-1763,-782,,-332.261,-429.89799999999997,462.321,1535.2530000000002,48.04,37.77,52.44,8.42,false,true,-0.76,-2.62,外資持股5/10日下降，且外資5日賣超；當下除權息調整價未守20日EMA
127,2892,第一金,TWSE,金融保險業,等待確認,正常持有,standard,今天不下單,每個交易日收盤後，檢查趨勢與法人籌碼,已有部位可續抱觀察，但暫不追價；若收盤跌破60日EMA約 33.24 且法人籌碼轉弱，先減碼三分之一。,未觸發明確減碼訊號,68,61.4,52.4,85,100,可用,35.9,35.9,2.37,18.65,,94.24,,1.24,16.5,1.68,3.68,26,-440,-1200,-2660,2466,45433,-3394,27112.066,105542.475,158040.38799999998,155788.52300000002,-428.163,-2929.335,3290.268,47701.494999999995,1,4,-103405525,253.299,-442.628,25.84,31059,108869,156297,,27774.983,108218.51100000001,155192.748,117909.80900000002,65.42,82.38,67.24,112.66,false,false,5.01,6.21,20日累積後5日轉為調節；ETF 1/3日已轉為減碼；主動ETF 5日轉為減碼；投信20日買超後近5日轉賣；20日趨勢尚未上彎
128,3693,營邦,TPEX,電腦及週邊設備業,等待確認,正常持有,strong,強勢續抱；不追高,下一交易日收盤，確認是否守住20日EMA,價格仍在20／60日EMA之上且短線強勢；法人未同步轉弱。若收盤跌破20日EMA約 543.48 且法人續弱，再轉為保護持有。,價格強勢站上20／60日EMA；法人未同步轉弱,60.4,61.4,51.8,85,100,可用,624,624,148.93,11.06,10.27,46.95,164.12,8.66,39.17,4.95,1.32,1,0,0,0,0,16,0,259.127,259.127,259.127,259.127,0,0,0,0,0,0,0,27.806,27.806,13.08,,,,,231.321,231.321,231.321,231.321,70.51,82.58,73.92,99.88,false,false,14.81,12.84,外資持股趨勢資料不足或期間有非市場異動；短線過熱或乖離過大
129,2312,金寶,TWSE,其他電子業,等待確認,正常持有,standard,今天不下單,每個交易日收盤後，檢查趨勢與法人籌碼,已有部位可續抱觀察，但暫不追價；若收盤跌破60日EMA約 32.24 且法人籌碼轉弱，先減碼三分之一。,未觸發明確減碼訊號,71.1,61.3,36.7,85,100,完整,33.05,33.05,49.23,1.22,2.82,73.25,123.94,0.7,27.18,2.01,1.85,4,0,0,6,15,25,0,2679.949,4316.121999999999,1303.1879999999978,15547.933999999997,0,6,15,24.731,1,0,194100,-482.661,-1817.589,9.04,1682,2619,-622,,2534.949,4792.782999999999,3105.777,16691.341,54.84,58.54,43.37,88.9,true,false,2.86,5.25,
130,8932,智通*,TPEX,數位雲端,等待確認,正常持有,standard,今天不下單,每個交易日收盤後，檢查趨勢與法人籌碼,已有部位可續抱觀察，但暫不追價；若收盤跌破60日EMA約 89.06 且法人籌碼轉弱，先減碼三分之一。,未觸發明確減碼訊號,64.2,61.3,58.4,85,100,可用,93.7,93.7,10.67,11.86,44.53,37.52,250.98,1.13,45.5,13.85,1.37,1,0,11,11,11,5,0,-401.125,-401.125,-401.125,-401.125,0,0,0,0,0,0,0,-369.472,-369.472,26.09,,,,,-31.653,-31.653,-31.653,-31.653,53.7,57.36,57.58,56.93,true,true,2.81,-0.26,外資持股趨勢資料不足或期間有非市場異動
131,3045,台灣大,TWSE,通信網路業,等待確認,保護持有,protect,今天不新增部位；未完成確認前不機械式賣出,下一交易日收盤，確認是否收復防守區,已有部位暫停加碼；若收盤跌破60日EMA約 113.24，且下一交易日仍未收復，先減碼三分之一；若ETF或外資繼續轉弱，再分批降低部位。,KD高檔死亡交叉（僅屬時機警示）,70.9,61.2,44.8,85,100,可用,115.5,115.5,7.14,4.2,12.15,61.22,52.55,2.86,21.93,4.2,4.09,36,-78,-514,-135,2019,-1952,361,2464.577,15806.592,58997.299,52339.95099999999,194.974,529.235,2731.667,246.79399999999998,2,3,61391260,-1154.032,-2067.096,17.91,2823,16741,56114,,2566.945,16431.389000000003,58332.728,54332.63100000001,61.87,91.8,92.29,90.81,false,true,1.53,0,ETF 1/3日已轉為減碼；KD高檔死亡交叉，等待動能確認
132,1326,台化,TWSE,塑膠工業,等待確認,正常持有,strong,強勢續抱；不追高,下一交易日收盤，確認是否守住20日EMA,價格仍在20／60日EMA之上且短線強勢；法人未同步轉弱。若收盤跌破20日EMA約 62.06 且法人續弱，再轉為保護持有。,價格強勢站上20／60日EMA；法人未同步轉弱,67.7,61,55.5,85,100,完整,74.3,74.3,34.18,13.89,2.99,23.33,283.06,2.11,28.94,0.77,0.88,8,0,0,0,1284,1560,0,19195.728,52192.045,35831.155999999995,33626.037,-68.051,-68.051,1205.949,1481.951,0,1,-4647883,2767.0919999999996,-1212.6430000000005,37.97,18418,48947,32225,,18151.932,49493.004,35837.85,33441.96699999999,71.19,83.81,69.63,112.16,false,false,19.73,28.1,短線過熱或乖離過大；單季稅前獲利對營業外貢獻依賴偏高
133,1609,大亞,TWSE,電器電纜,等待確認,正常持有,standard,今天不下單,每個交易日收盤後，檢查趨勢與法人籌碼,已有部位可續抱觀察，但暫不追價；若收盤跌破60日EMA約 37.09 且法人籌碼轉弱，先減碼三分之一。,未觸發明確減碼訊號,60.8,61,48.1,85,100,完整,37.25,37.25,11.53,17.91,12.94,68.3,151.61,2.24,13.87,1.58,1.86,2,0,0,0,0,-10,0,39.69,-1279.5320000000002,-460.39900000000034,4310.489,0,1,-3,-13.458,1,0,37600,24.603,-77.96300000000001,13.11,67,-105,192,,70.036,-1305.135,-379.43600000000004,4443.4209999999985,50.45,50.11,54.61,41.12,false,true,0,-0.27,
134,2455,全新,TWSE,通信網路業,等待確認,正常持有,strong,漲停先續抱；不追價,下一交易日收盤，確認是否守住20日EMA,價格仍在20／60日EMA之上且今日漲停；法人未同步轉弱。若收盤跌破20日EMA約 412.56 且法人續弱，再轉為保護持有。,今日漲停／趨勢站穩；法人未同步轉弱,70.9,61,53.2,85,100,可用,524,524,45.12,30.48,23.4,35.4,220.15,2.2,116.91,24.15,0.55,16,179,106,99,1617,1575,176,3523.603,9463.845000000001,8741.383,8536.230999999998,1511,1431,6105,6431.057,2,3,682587000,1397.26,1076.467,28.27,2324,4382,856,,2300.276,6635.585,1559.9160000000002,548.7139999999998,74.5,87.89,77.54,108.6,false,false,27.01,24.91,短線過熱或乖離過大；高波動且5日漲幅過大
135,4536,拓凱,TWSE,運動休閒,等待確認,正常持有,standard,今天不下單,每個交易日收盤後，檢查趨勢與法人籌碼,已有部位可續抱觀察，但暫不追價；若收盤跌破60日EMA約 166.34 且法人籌碼轉弱，先減碼三分之一。,未觸發明確減碼訊號,50.8,61,69.8,85,100,完整,164.5,164.5,20.39,2.23,16.23,34.22,265.4,6.55,12.23,1.56,4.94,2,0,0,0,-1,-1,0,-271.423,-244.44,121.719,557.894,0,0,-1,-121,0,0,0,-7.386,-5.075,14.61,-278,-229,101,,-268,-237.05399999999997,127.79400000000001,688.3580000000001,42.28,24.74,36.6,1.01,false,false,-1.94,-2.95,當下除權息調整價未守20日EMA
136,5483,中美晶,TPEX,半導體業,等待確認,正常持有,standard,今天不下單,每個交易日收盤後，檢查趨勢與法人籌碼,已有部位可續抱觀察，但暫不追價；若收盤跌破60日EMA約 181.15 且法人籌碼轉弱，先減碼三分之一。,未觸發明確減碼訊號,60.6,60.8,47.8,85,100,可用,183.5,183.5,27.72,5.36,11.23,54.63,131.28,5.02,19.84,2.14,1.97,12,-18,-52,-28,3255,3797,-27,-5378.294,-5378.294,-5378.294,-5378.294,-183,-183,-183,-183,0,1,-32574000,-780.042,-780.042,22.81,,,,,-4415.252,-4415.252,-4415.252,-4415.252,49.7,47.53,41.74,59.11,true,true,0.34,0.27,20日累積後5日轉為調節；ETF 1/3日已轉為減碼；主動ETF 5日轉為減碼；外資持股趨勢資料不足或期間有非市場異動
137,3374,精材,TPEX,半導體業,等待確認,正常持有,strong,強勢續抱；不追高,下一交易日收盤，確認是否守住20日EMA,價格仍在20／60日EMA之上且短線強勢；法人未同步轉弱。若收盤跌破20日EMA約 342.90 且法人續弱，再轉為保護持有。,價格強勢站上20／60日EMA；法人未同步轉弱,67.9,60.7,43.2,85,100,可用,421.5,421.5,30.96,32.62,22.9,46.4,178.27,2.88,66.33,11.63,0.59,4,69,67,67,69,67,69,8128.888,8128.888,8128.888,8128.888,5685,5685,5685,5685,1,0,2401912500,-108.183,-108.183,19.32,,,,,2552.071,2552.071,2552.071,2552.071,70.9,85.4,70.49,115.22,false,false,22.92,35.53,外資持股趨勢資料不足或期間有非市場異動；短線過熱或乖離過大；高波動且5日漲幅過大
138,5243,乙盛-KY,TWSE,光電業,等待確認,保護持有,protect,今天不新增部位；未完成確認前不機械式賣出,下一交易日收盤，確認是否收復防守區,已有部位暫停加碼；若收盤跌破60日EMA約 93.28，且下一交易日仍未收復，先減碼三分之一；若ETF或外資繼續轉弱，再分批降低部位。,外資持股5/10日下降且外資5日賣超,55.1,60.7,61.4,85,100,完整,91.9,91.9,48.1,4.89,11.49,39.81,168.64,3,17.23,1.76,2.44,1,0,0,0,0,-1,0,30.89,-387.797,-298.945,-174.594,0,0,0,-1,0,0,0,-25.431,-70.599,53.38,27,-242,-636,,39.81,-362.366,-228.34599999999998,-775.4379999999999,53.59,60.24,60.98,58.78,false,true,2.35,3.14,外資持股5/10日下降，且外資5日賣超
139,3014,聯陽,TWSE,半導體業,等待確認,保護持有,protect,今天不新增部位；未完成確認前不機械式賣出,下一交易日收盤，確認是否收復防守區,已有部位暫停加碼；若收盤跌破60日EMA約 134.72，且下一交易日仍未收復，先減碼三分之一；若ETF或外資繼續轉弱，再分批降低部位。,外資持股5/10日下降且外資5日賣超,56.3,60.6,66.4,85,100,可用,131.5,131.5,8.76,-0.58,28.48,33.51,218.05,5.88,12.98,2.9,6.61,11,0,-6,-12,317,-7,0,-484.961,-86.00400000000002,146.31499999999997,-3095.834,0,-11.044,317.756,-6.774000000000001,0,3,-1419154,8.065,-2.2359999999999993,19.27,-410,-5,-248,,-483.616,-83.02499999999998,-169.20499999999998,-3088.2830000000004,48.72,53.7,49.95,61.21,true,true,0.07,0.77,累計營收負成長且當月改善不足；外資持股5/10日下降，且外資5日賣超
140,2388,威盛,TWSE,半導體業,等待確認,保護持有,protect,今天不新增部位；未完成確認前不機械式賣出,下一交易日收盤，確認是否收復防守區,已有部位暫停加碼；若收盤跌破60日EMA約 73.16，且下一交易日仍未收復，先減碼三分之一；若ETF或外資繼續轉弱，再分批降低部位。,外資持股5/10日下降且外資5日賣超,66.9,60.3,44.6,85,100,可用,73.3,73.3,43.29,35.69,-15.21,38.79,190.19,0.34,45.44,1.82,0.07,4,0,0,2,4,-191,0,-896.515,-1570.036,-6090.439,685.9499999999994,0,2,4,-196.062,1,0,145400,-138.571,-310.005,15.59,-756,-1412,-6794,,-845.674,-1433.4650000000001,-5784.434,1049.4719999999998,48.46,40.28,31.85,57.14,false,false,-0.91,1.95,外資持股5/10日下降，且外資5日賣超；當下除權息調整價未守20日EMA；單季稅前獲利對營業外貢獻依賴偏高
141,6214,精誠,TWSE,資訊服務業,等待確認,保護持有,protect,今天不新增部位；未完成確認前不機械式賣出,下一交易日收盤，確認是否收復防守區,已有部位暫停加碼；若收盤跌破60日EMA約 153.29，且下一交易日仍未收復，先減碼三分之一；若ETF或外資繼續轉弱，再分批降低部位。,KD高檔死亡交叉（僅屬時機警示）,56,60.2,52.4,85,100,完整,182.5,182.5,31.82,36.21,4.26,57.26,154,6.15,17.13,2.72,3.27,8,0,-32,-12,3494,3486,-10,1142.57,951.6769999999999,6044.236,6449.834000000001,0,-12,3494,3485.764,1,3,-2202000,-64.494,-177.842,16.23,1131,1021,2012,,1148.044,1028.1710000000003,2728.078,2911.6029999999996,73.56,82.51,84.94,77.65,true,true,6.81,0.55,20日累積後5日轉為調節；主動ETF 5日轉為減碼；KD高檔死亡交叉，等待動能確認
142,2707,晶華,TWSE,觀光餐旅,等待確認,正常持有,standard,今天不下單,每個交易日收盤後，檢查趨勢與法人籌碼,已有部位可續抱觀察，但暫不追價；若收盤跌破60日EMA約 179.07 且法人籌碼轉弱，先減碼三分之一。,未觸發明確減碼訊號,51.9,60.1,58.6,85,100,完整,179,179,6.4,5.27,27.28,57.65,154.04,8.62,12.26,5.8,6.07,1,0,0,0,0,-1,0,-219.089,-264.95799999999997,152.145,-372.84,0,0,-1,-2,0,0,0,5.817,8.817,7.09,-218,-316,136,,-222,-270.775,144.328,-345.874,49.15,35.21,42.83,19.98,false,true,-0.19,-0.83,當下除權息調整價未守20日EMA
143,2880,華南金,TWSE,金融保險業,等待確認,正常持有,standard,今天不下單,每個交易日收盤後，檢查趨勢與法人籌碼,已有部位可續抱觀察，但暫不追價；若收盤跌破60日EMA約 39.17 且法人籌碼轉弱，先減碼三分之一。,未觸發明確減碼訊號,64.2,60.1,50.2,85,100,可用,41.95,41.95,6.47,30.37,,94.68,,1.24,17.9,2.38,3.51,26,-2671,-6586,-7667,1910,73400,-2241,14112.369,29075.178000000004,45558.652,32565.606,-2221.472,-5353.484,4610.404,69639.125,0,4,-221366563,-3490.056,-3838.058,14.18,20092,41375,115468,,17746.652,37918.71799999999,44786.306,-14837.962000000003,60.09,76.01,59.14,109.77,false,false,3.71,5.4,20日累積後5日轉為調節；ETF 1/3日已轉為減碼；主動ETF 5日轉為減碼；投信20日買超後近5日轉賣；外資持股趨勢資料不足或期間有非市場異動；20日趨勢尚未上彎
144,2363,矽統,TWSE,半導體業,等待確認,正常持有,standard,今天不下單,每個交易日收盤後，檢查趨勢與法人籌碼,已有部位可續抱觀察，但暫不追價；若收盤跌破60日EMA約 55.69 且法人籌碼轉弱，先減碼三分之一。,未觸發明確減碼訊號,57.6,59.9,58,85,100,完整,51.5,51.5,72.07,95.03,5.52,5.93,176.11,0.2,94.63,0.54,1.19,3,0,0,1,3,-105,0,-605.039,-1637.9010000000003,-3360.145,-1371.6740000000004,0,1,3,-105.729,1,0,51100,98.33099999999999,-67.197,6.34,-233,354,-129,,-529.745,-1737.2320000000002,-3295.9480000000003,-3924.1280000000006,44.35,45.12,36.04,63.28,false,false,-1.46,2.18,當下除權息調整價未守20日EMA
145,3265,台星科,TPEX,半導體業,等待確認,正常持有,standard,今天不下單,每個交易日收盤後，檢查趨勢與法人籌碼,已有部位可續抱觀察，但暫不追價；若收盤跌破60日EMA約 169.30 且法人籌碼轉弱，先減碼三分之一。,未觸發明確減碼訊號,56.8,59.7,53.8,85,100,可用,182.5,182.5,6.55,18.37,21.9,41.35,203.97,3.85,24.96,3.84,2.3,2,-19,-49,-27,3445,3347,-27,-578.356,-578.356,-578.356,-578.356,-19,-19,-19,-19,0,1,-3382000,-156.356,-156.356,9.19,,,,,-403,-403,-403,-403,57.84,70.4,61.32,88.57,false,false,6.15,8.63,20日累積後5日轉為調節；ETF 1/3日已轉為減碼；主動ETF 5日轉為減碼；外資持股趨勢資料不足或期間有非市場異動
146,6290,良維,TPEX,電子零組件業,等待確認,正常持有,standard,今天不下單,每個交易日收盤後，檢查趨勢與法人籌碼,已有部位可續抱觀察，但暫不追價；若收盤跌破60日EMA約 248.13 且法人籌碼轉弱，先減碼三分之一。,未觸發明確減碼訊號,61.4,59.7,58.6,85,100,可用,259.5,259.5,14.36,8.07,17.85,40.09,258.6,4.5,27,5.45,2.44,1,0,0,0,0,-5,0,418.483,418.483,418.483,418.483,0,0,0,0,0,0,0,45.09,45.09,19.21,,,,,373.393,373.393,373.393,373.393,62.56,85.41,81.01,94.22,false,false,10.43,8.58,外資持股趨勢資料不足或期間有非市場異動
147,8081,致新,TWSE,半導體業,等待確認,正常持有,standard,今天不下單,每個交易日收盤後，檢查趨勢與法人籌碼,已有部位可續抱觀察，但暫不追價；若收盤跌破60日EMA約 264.25 且法人籌碼轉弱，先減碼三分之一。,未觸發明確減碼訊號,56.6,59.7,66.7,85,100,可用,259.5,259.5,10.01,0.37,18.9,29.31,258.31,9.13,13.89,2.7,6.26,11,1,-2,-3,296,196,0,-198.574,32.00199999999995,76.51899999999998,1629.3020000000001,1,-2.6,296.5,144.114,2,3,-664300,-6.518,-17.775000000000002,18.48,-111,161,-265,,-188,41.119999999999976,-202.20600000000005,1591.285,49.6,64.16,57.6,77.27,false,false,0.27,2.57,20日累積後5日轉為調節
148,6669,緯穎,TWSE,電腦及週邊設備業,等待確認,正常持有,strong,漲停先續抱；不追價,下一交易日收盤，確認是否守住20日EMA,"價格仍在20／60日EMA之上且今日漲停；外資偏弱先觀察，不因分歧減碼。若收盤跌破20日EMA約 6,514.19 且法人續弱，再轉為保護持有。",今日漲停／趨勢站穩；外資偏弱，先觀察,63.1,59.5,42,85,100,可用,7800,7800,39.23,41.27,6.79,75.35,132.12,156.38,22.75,9.66,2.31,42,-48,-5,125,-222,-274,102,-297.946,-558.948,-1138.222,-1125.8129999999996,-66.101,143.21199999999996,-518.768,-397.42400000000015,2,3,1016089140,369.669,472.841,27.21,-392,-990,-1126,,-336.977,-1071.829,-1092.295,-1241.435,77.51,85.88,76.8,104.03,false,false,19.74,21.12,ETF 1/3日已轉為減碼；外資持股5/10日下降，且外資5日賣超；短線過熱或乖離過大；2日內除權息，等待價格重置
149,8110,華東,TWSE,半導體業,等待確認,正常持有,standard,今天不下單,每個交易日收盤後，檢查趨勢與法人籌碼,已有部位可續抱觀察，但暫不追價；若收盤跌破60日EMA約 47.39 且法人籌碼轉弱，先減碼三分之一。,未觸發明確減碼訊號,57.3,59.3,68.2,85,100,完整,45.15,45.15,18.51,14.06,2.74,18.15,273.44,2.59,8.38,1.22,3.26,2,0,0,2,3,3,0,390.659,1499.5929999999998,3194.2689999999993,1612.5829999999987,0,2,3,3.359,1,0,91300,-10.137999999999998,-59.999,2.14,365,1148,2709,,393,1507.7310000000002,3251.268,1614.388,48.83,57.57,57.24,58.23,false,false,-0.23,-1.1,當下除權息調整價未守20日EMA；單季稅前獲利對營業外貢獻依賴偏高
150,2313,華通,TWSE,電子零組件業,等待確認,正常持有,strong,強勢續抱；不追高,下一交易日收盤，確認是否守住20日EMA,價格仍在20／60日EMA之上且短線強勢；法人未同步轉弱。若收盤跌破20日EMA約 223.32 且法人續弱，再轉為保護持有。,價格強勢站上20／60日EMA；法人未同步轉弱,73.4,59.1,42.8,85,100,可用,252,252,16.01,13.61,9.84,51.87,165.85,2.5,40.02,6.1,1.13,17,500,471,425,673,940,402,7899.833,26853.816,29683.701999999997,33783.35199999999,1266,7082,11274.266,19980.155,5,0,1759877000,1492.842,1571.2780000000002,20.44,5782,16334,12295,,6413.125,18278.974000000002,16838.158000000003,11805.559000000005,66.33,78.44,71.9,91.53,false,false,12.84,15.86,短線過熱或乖離過大；融資增幅與短線漲幅同步偏高
151,3227,原相,TPEX,半導體業,等待確認,正常持有,standard,今天不下單,每個交易日收盤後，檢查趨勢與法人籌碼,已有部位可續抱觀察，但暫不追價；若收盤跌破60日EMA約 204.11 且法人籌碼轉弱，先減碼三分之一。,未觸發明確減碼訊號,51,59.1,73.1,85,100,可用,196.5,196.5,23.57,5.4,18.18,22.55,310.76,6.11,16.2,1.93,5.21,9,1,0,-5,418,409,0,-438.359,-438.359,-438.359,-438.359,-199,-199,-199,-199,0,1,-38208000,-1.823,-1.823,29.82,,,,,-237.536,-237.536,-237.536,-237.536,46.92,52.45,47.03,63.31,false,false,-0.76,1.29,20日累積後5日轉為調節；外資持股趨勢資料不足或期間有非市場異動；當下除權息調整價未守20日EMA
152,3105,穩懋,TPEX,半導體業,等待確認,正常持有,strong,漲停先續抱；不追價,下一交易日收盤，確認是否守住20日EMA,價格仍在20／60日EMA之上且今日漲停；法人未同步轉弱。若收盤跌破20日EMA約 401.36 且法人續弱，再轉為保護持有。,今日漲停／趨勢站穩；法人未同步轉弱,64.5,59,48.2,85,100,可用,492,492,31.18,33.42,11.91,30.31,161.86,3.56,52.59,4.33,0.45,13,0,663,590,944,2088,570,-5436.751,-5436.751,-5436.751,-5436.751,522,522,522,522,1,0,233595000,400.515,400.515,27.26,,,,,-6359.266,-6359.266,-6359.266,-6359.266,68.25,83.85,71.42,108.73,false,false,22.58,29.82,外資持股趨勢資料不足或期間有非市場異動；短線過熱或乖離過大；高波動且5日漲幅過大
153,2886,兆豐金,TWSE,金融保險業,等待確認,正常持有,standard,今天不下單,每個交易日收盤後，檢查趨勢與法人籌碼,已有部位可續抱觀察，但暫不追價；若收盤跌破60日EMA約 46.74 且法人籌碼轉弱，先減碼三分之一。,未觸發明確減碼訊號,66.5,58.9,49.4,85,100,可用,48.5,48.5,4.11,16.72,,92.31,,1.44,18.89,1.79,3.6,36,-2112,-6424,-6413,2636,46646,-2780,3259.893,68006.586,150219.43899999998,154333.26800000004,-1971.164,-5218.311,4395.686,56943.31800000001,1,4,-253348999,-1816.9830000000002,-2318.311,20,10151,81351,154967,,6279.814,75041.87999999999,148142.06399999998,114093.03499999997,53.89,68.38,56.1,92.94,false,false,1.41,3.19,20日累積後5日轉為調節；ETF 1/3日已轉為減碼；主動ETF 5日轉為減碼；投信20日買超後近5日轉賣；20日趨勢尚未上彎
154,3673,TPK-KY,TWSE,光電業,等待確認,正常持有,standard,今天不下單,每個交易日收盤後，檢查趨勢與法人籌碼,已有部位可續抱觀察，但暫不追價；若收盤跌破60日EMA約 66.58 且法人籌碼轉弱，先減碼三分之一。,未觸發明確減碼訊號,62.6,58.7,52,85,100,完整,67.8,67.8,16.67,15.13,-1.41,48,197.98,3.33,18.74,0.68,2.64,1,0,0,0,0,0,0,-261.306,3995.1589999999997,-1535.2140000000004,668.7309999999995,0,0,0,0,0,0,0,326.327,67.82199999999997,38.36,-409,3065,-2324,,-223.43,3668.8320000000003,-1603.0359999999996,509.71600000000035,56.36,81.44,79,86.3,false,false,4.4,2.73,單季稅前獲利對營業外貢獻依賴偏高
155,5285,界霖,TWSE,半導體業,等待確認,保護持有,protect,今天不新增部位；未完成確認前不機械式賣出,下一交易日收盤，確認是否收復防守區,已有部位暫停加碼；若收盤跌破60日EMA約 80.43，且下一交易日仍未收復，先減碼三分之一；若ETF或外資繼續轉弱，再分批降低部位。,外資持股5/10日下降且外資5日賣超,58.8,58.1,51.1,85,100,完整,81.5,81.5,27.24,13.48,9.77,45.73,333.32,2.01,26.21,2.68,1.85,1,0,0,0,0,0,0,-201,-165.52499999999998,-163.785,-224.71099999999998,0,0,0,0,0,0,0,27.344,62.094,7.74,-225,-254,-369,,-203,-192.86899999999997,-225.87899999999996,-300.85499999999996,52.45,66.03,65.54,66.99,false,false,1.96,4.22,外資持股5/10日下降，且外資5日賣超
156,7795,長廣,TWSE,電子零組件業,等待確認,保護持有,protect,今天不新增部位；未完成確認前不機械式賣出,下一交易日收盤，確認是否收復防守區,已有部位暫停加碼；若收盤跌破60日EMA約 483.00，且下一交易日仍未收復，先減碼三分之一；若ETF或外資繼續轉弱，再分批降低部位。,外資持股5/10日下降且外資5日賣超,59.1,57.9,56.5,85,100,完整,538,538,61.01,9.7,15.64,29.24,432.72,0.88,224.78,14.09,0.42,1,0,0,0,0,0,0,-249.655,-433.866,-323.619,-2078.958,0,0,-1,-1.053,0,0,0,64,66,6.22,-242,-461,-364,,-234.577,-497.866,-388.619,-2271.221,53.89,34.28,44.94,12.94,false,false,2.84,-2.36,外資持股5/10日下降，且外資5日賣超
157,4938,和碩,TWSE,電腦及週邊設備業,等待確認,正常持有,standard,今天不下單,每個交易日收盤後，檢查趨勢與法人籌碼,已有部位可續抱觀察，但暫不追價；若收盤跌破60日EMA約 86.81 且法人籌碼轉弱，先減碼三分之一。,未觸發明確減碼訊號,67,57.8,42.5,85,100,可用,91,91,11.56,-1.99,1.36,62.17,126.76,2.26,15.36,1.18,4.4,26,0,-358,-321,4151,14284,-4,3435.816,70.57499999999982,-4889.8369999999995,36217.149,62.969,96.977,4534.977,15994.322,3,2,8834605,-56.095000000000006,-280.324,31.79,3512,-62,-11772,,3238.235,29.69300000000021,-9144.49,24163.233999999997,56.68,54.96,40.83,83.23,true,false,1.96,2.48,20日累積後5日轉為調節；主動ETF 5日轉為減碼；官方重大訊息出現高風險關鍵字，須查原文
158,1605,華新,TWSE,電器電纜,等待確認,正常持有,standard,今天不下單,每個交易日收盤後，檢查趨勢與法人籌碼,已有部位可續抱觀察，但暫不追價；若收盤跌破60日EMA約 36.14 且法人籌碼轉弱，先減碼三分之一。,未觸發明確減碼訊號,66.4,57.7,48.9,85,100,可用,38.75,38.75,10.08,0.98,1.4,38.79,147.45,2.85,11.88,0.85,1.28,7,0,0,4,-9,-59,0,1333.372,22918.576,26578.679,158116.821,0,7.770000000000001,-34.492999999999995,-84.03800000000001,2,1,304584,-684.1180000000003,-681.8540000000003,18.39,2276,24381,29343,,1496.455,23594.924,27295.026,158199.84799999997,58.82,64.54,60.86,71.9,false,false,3.17,0.78,單季稅前獲利對營業外貢獻依賴偏高
159,1717,長興,TWSE,化學工業,等待確認,正常持有,strong,強勢續抱；不追高,下一交易日收盤，確認是否守住20日EMA,價格仍在20／60日EMA之上且短線強勢；法人未同步轉弱。若收盤跌破20日EMA約 73.45 且法人續弱，再轉為保護持有。,價格強勢站上20／60日EMA；法人未同步轉弱,67.5,57.7,39.6,85,100,可用,84.7,84.7,23.86,10.48,7.03,51.77,173.89,1.09,43.42,3.11,1.21,5,0,300,301,294,2294,300,16970.998,34070.083,33069.928,59537.04,3450,5652,5635.085999999999,7657.1539999999995,4,0,466290000,2655.589,2664.9940000000006,13.52,10735,23784,21678,,12571.379,25762.494000000002,24769.848000000005,49013.489,72.53,76.15,59.8,108.84,false,false,15.32,18.13,外資持股趨勢資料不足或期間有非市場異動；短線過熱或乖離過大
160,4958,臻鼎-KY,TWSE,電子零組件業,等待確認,正常持有,strong,強勢續抱；不追高,下一交易日收盤，確認是否守住20日EMA,價格仍在20／60日EMA之上且短線強勢；投信偏弱先觀察，不因分歧減碼。若收盤跌破20日EMA約 478.71 且法人續弱，再轉為保護持有。,價格強勢站上20／60日EMA；投信偏弱，先觀察,67.5,57.7,46.7,85,100,可用,535,535,31.82,16.5,7.03,39.71,160.6,3.55,59.17,3.59,0.68,39,645,171,80,-993,-7502,-456,3995.313,8349.734,-10687.992,-33363.84700000001,1230.006,-67.16400000000004,-3863.051,-3163.394999999999,2,3,-33582000,1525.0529999999999,-131.10800000000017,54.78,2977,6511,-5906,,2178.402,6891.845,-6693.8330000000005,-30764.497,60.99,70.72,53.05,106.06,false,false,11.76,20.5,主動ETF 5日轉為減碼；投信5/10日持續且具金額意義的賣超；短線過熱或乖離過大
161,2478,大毅,TWSE,電子零組件業,等待確認,正常持有,standard,今天不下單,每個交易日收盤後，檢查趨勢與法人籌碼,已有部位可續抱觀察，但暫不追價；若收盤跌破60日EMA約 134.86 且法人籌碼轉弱，先減碼三分之一。,未觸發明確減碼訊號,49.1,57.4,66.4,85,100,完整,123.5,123.5,47.49,19.84,15.93,29.93,259.07,2.91,25.41,2.42,1.62,3,-24,-62,-35,4446,4312,-33,-543.222,-267.92600000000004,527.0559999999998,-10639.449,-24,-35,4446,4312,1,2,-4322500,40.837,23.087000000000003,11.39,-393,170,-2897,,-491.347,-273.76300000000015,-3942.031,-15038.346,45.54,48.8,46.7,53,false,false,-2.34,2.49,20日累積後5日轉為調節；ETF 1/3日已轉為減碼；主動ETF 5日轉為減碼；當下除權息調整價未守20日EMA
162,6683,雍智科技,TPEX,半導體業,等待確認,正常持有,standard,今天不下單,每個交易日收盤後，檢查趨勢與法人籌碼,"已有部位可續抱觀察，但暫不追價；若收盤跌破60日EMA約 1,336.39 且法人籌碼轉弱，先減碼三分之一。",未觸發明確減碼訊號,55.8,57.3,59.5,85,100,可用,1330,1330,24.37,30.46,28.83,25.08,307.5,12.24,54.02,11.79,0.74,3,0,0,0,-1,-27,0,19.107,19.107,19.107,19.107,-58,-58,-58,-58,0,1,-70180000,-6.635,-6.635,18.53,,,,,83.742,83.742,83.742,83.742,56.23,66.75,48.27,103.7,false,false,9.62,17.7,外資持股趨勢資料不足或期間有非市場異動；高波動且5日漲幅過大
163,2464,盟立,TWSE,其他電子業,等待確認,保護持有,protect,今天不新增部位；未完成確認前不機械式賣出,下一交易日收盤，確認是否收復防守區,已有部位暫停加碼；若收盤跌破60日EMA約 164.96，且下一交易日仍未收復，先減碼三分之一；若ETF或外資繼續轉弱，再分批降低部位。,外資持股5/10日下降且外資5日賣超,60,57.1,36.5,85,100,完整,184.5,184.5,62.1,25.64,4.36,55.35,126.78,0.66,473.68,6.84,0.26,3,0,0,0,-1,406,0,79.08,-5348.563,-4765.420999999999,13464.712,0,150,329,1315.539,2,0,27000000,-42.771000000000015,42.70999999999998,12.82,580,-4923,-6600,,100.083,-5455.792000000001,-5137.131000000001,11819.830999999998,53.08,38.01,45.99,22.06,false,true,1.36,-4.4,外資持股5/10日下降，且外資5日賣超；2日內除權息，等待價格重置
164,6104,創惟,TPEX,半導體業,等待確認,正常持有,standard,今天不下單,每個交易日收盤後，檢查趨勢與法人籌碼,已有部位可續抱觀察，但暫不追價；若收盤跌破60日EMA約 96.37 且法人籌碼轉弱，先減碼三分之一。,未觸發明確減碼訊號,57,57.1,53.1,85,100,可用,98,98,4.49,0.44,13.92,35.3,172.53,2.87,20.46,4.1,4.63,1,0,0,0,70,20,0,-81.325,-81.325,-81.325,-81.325,0,0,0,0,0,0,0,-9.195,-9.195,21.54,,,,,-72.13,-72.13,-72.13,-72.13,54.68,67.22,72.92,55.8,false,true,2,0.72,外資持股趨勢資料不足或期間有非市場異動
165,9941,裕融,TWSE,其他,等待確認,保護持有,protect,今天不新增部位；未完成確認前不機械式賣出,下一交易日收盤，確認是否收復防守區,已有部位暫停加碼；若收盤跌破60日EMA約 81.08，且下一交易日仍未收復，先減碼三分之一；若ETF或外資繼續轉弱，再分批降低部位。,外資持股5/10日下降且外資5日賣超,61.2,57.1,44,85,100,完整,80,80,2.26,-1.74,14.77,85.93,98.25,3.86,12.4,1.45,5.27,8,292,609,819,1064,1459,825,413.213,119.25,1554.0839999999998,3336.3709999999987,292,821.872,1070.8719999999998,1465.562,5,0,71420677,78.786,377.18300000000005,4.88,38,-1054,-1001,,196,-781.408,106.02899999999997,1197.782,39.4,56.96,70.76,29.36,false,true,-3.78,-5.99,累計營收負成長且當月改善不足；外資持股5/10日下降，且外資5日賣超；2日內除權息，等待價格重置
166,6213,聯茂,TWSE,電子零組件業,等待確認,保護持有,protect,今天不新增部位；未完成確認前不機械式賣出,下一交易日收盤，確認是否收復防守區,已有部位暫停加碼；若收盤跌破60日EMA約 394.21，且下一交易日仍未收復，先減碼三分之一；若ETF或外資繼續轉弱，再分批降低部位。,投信5/10日持續且具金額意義地賣超,53.8,56.9,47.8,85,100,可用,550,550,96.88,34.73,10.99,47.81,173.03,4.39,84.96,8.82,0.55,14,0,-329,-332,424,468,-321,-1725.465,-5701.557999999999,465.6240000000014,25791.8,-850,-3626,-4091,-949.7960000000003,0,5,-1987048000,-385.265,-523.4790000000002,21.57,-1036,-1981,4512,,-859.228,-1690.2930000000001,5080.102999999999,25921.27,66.07,69.63,75.4,58.1,true,true,12.57,3.77,20日累積後5日轉為調節；主動ETF 5日轉為減碼；投信5/10日持續且具金額意義的賣超；短線過熱或乖離過大
167,6271,同欣電,TWSE,半導體業,等待確認,正常持有,strong,強勢續抱；不追高,下一交易日收盤，確認是否守住20日EMA,價格仍在20／60日EMA之上且短線強勢；外資偏弱先觀察，不因分歧減碼。若收盤跌破20日EMA約 203.39 且法人續弱，再轉為保護持有。,價格強勢站上20／60日EMA；外資偏弱，先觀察,53.1,56.6,62,85,100,完整,231,231,22.42,4.47,16.16,24.15,259.54,4.37,23.85,1.63,1.42,3,-1,-1,0,0,-4,-1,-631.858,-1672.633,-1497.2450000000001,-1315.173,-701,-700,-700,46.25699999999995,1,1,-148400000,-47.528999999999975,49.662000000000006,29.36,289,-626,-662,,184.329,-925.104,-846.9069999999999,-1351.3739999999998,67.39,81.5,72.63,99.25,false,false,13.57,15.79,ETF 1/3日已轉為減碼；主動ETF 5日轉為減碼；外資持股5/10日下降，且外資5日賣超；短線過熱或乖離過大
168,2207,和泰車,TWSE,汽車工業,等待確認,正常持有,standard,今天不下單,每個交易日收盤後，檢查趨勢與法人籌碼,已有部位可續抱觀察，但暫不追價；若收盤跌破60日EMA約 503.97 且法人籌碼轉弱，先減碼三分之一。,未觸發明確減碼訊號,64,56.5,36,85,100,可用,518,518,15.89,13.51,,77.58,99.75,21.57,12.62,3.34,3.9,15,1,1,4,27,136,0,-30.14,5.033999999999999,-35.619,-237.17099999999996,-9.005,-6.401000000000001,13.599,122.449,3,2,-3283713,8.535,11.189,22.42,-13,14,-26,,-19.391,2.9000000000000057,-60.407,-344.578,53.24,49.34,52.73,42.56,false,true,0.54,-0.19,20日趨勢尚未上彎
169,5425,台半,TPEX,半導體業,等待確認,正常持有,standard,今天不下單,每個交易日收盤後，檢查趨勢與法人籌碼,已有部位可續抱觀察，但暫不追價；若收盤跌破60日EMA約 92.44 且法人籌碼轉弱，先減碼三分之一。,未觸發明確減碼訊號,60.7,56.5,43.8,85,100,可用,95.2,95.2,24.09,5.52,8.99,50.58,181.79,1.52,34.47,3.04,2.13,1,-16,4219,4924,6468,6468,4924,-1739.477,-1739.477,-1739.477,-1739.477,-16,-16,-16,-16,0,1,-1516800,-608.457,-608.457,17.7,,,,,-1115.02,-1115.02,-1115.02,-1115.02,54.98,57.46,57.34,57.7,false,false,4.37,8.3,外資持股趨勢資料不足或期間有非市場異動
170,3576,聯合再生,TWSE,光電業,等待確認,正常持有,standard,今天不下單,每個交易日收盤後，檢查趨勢與法人籌碼,已有部位可續抱觀察，但暫不追價；若收盤跌破60日EMA約 17.59 且法人籌碼轉弱，先減碼三分之一。,未觸發明確減碼訊號,66.6,56.3,40.5,85,100,完整,17.8,17.8,72.75,-14.82,-55.84,46.52,154.12,0.93,33.7,2.3,,1,0,0,0,0,-6,0,2187.773,4709.718000000001,3113.9670000000015,10410.190000000002,0,0,0,-6.181,0,0,0,-54,-105.1,15.07,2290,4764,3219,,2289.773,4763.718000000001,3219.067000000001,10645.471000000001,54.4,65.14,51.15,93.13,true,false,2.47,4.09,單季稅前獲利對營業外貢獻依賴偏高
171,2377,微星,TWSE,電腦及週邊設備業,等待確認,正常持有,standard,今天不下單,每個交易日收盤後，檢查趨勢與法人籌碼,已有部位可續抱觀察，但暫不追價；若收盤跌破60日EMA約 142.12 且法人籌碼轉弱，先減碼三分之一。,未觸發明確減碼訊號,67.9,56.2,47.1,85,100,完整,154,154,-0.02,-6.48,6.74,54.86,182.8,7.59,13.44,2.26,2.71,20,-44,-198,-65,158,88,-33,8135.86,9276.113,-3371.1130000000016,20861.579999999998,-23,77.688,287.6880000000001,732.5310000000002,2,3,12041640,159.72599999999989,-1426.429,17.72,7855,15181,3625,,7426.478,9038.699,-2232.372000000002,19399.698999999997,56.69,66.94,46.31,108.2,false,false,3.57,6.94,累計營收負成長且當月改善不足；20日累積後5日轉為調節；ETF 1/3日已轉為減碼；主動ETF 5日轉為減碼
172,3048,益登,TWSE,電子通路業,等待確認,保護持有,protect,今天不新增部位；未完成確認前不機械式賣出,下一交易日收盤，確認是否收復防守區,已有部位暫停加碼；若收盤跌破60日EMA約 56.21，且下一交易日仍未收復，先減碼三分之一；若ETF或外資繼續轉弱，再分批降低部位。,外資持股5/10日下降且外資5日賣超,47.9,56.1,47.4,85,100,完整,54.8,54.8,54.6,34.3,2.25,81.14,133.57,3.15,11.66,2.01,1.82,1,0,0,0,0,0,0,-252.534,-1770.148,-1688.7710000000002,-9348.992,0,0,0,0,0,0,0,-72.49799999999999,-260.25699999999995,5.58,-151,-1702,-2141,,-244.752,-1697.6499999999996,-1428.5139999999994,-9328.313,45.77,25.94,30.15,17.53,false,true,-1.84,-1.44,外資持股5/10日下降，且外資5日賣超；當下除權息調整價未守20日EMA
173,5347,世界,TPEX,半導體業,等待確認,正常持有,standard,今天不下單,每個交易日收盤後，檢查趨勢與法人籌碼,已有部位可續抱觀察，但暫不追價；若收盤跌破60日EMA約 159.49 且法人籌碼轉弱，先減碼三分之一。,未觸發明確減碼訊號,53.1,56,46.4,85,100,可用,153.5,153.5,30.25,15.48,18.63,57.61,134.59,2.84,32.79,4.52,2.95,24,399,1112,1119,1683,-585,-10,-1529.695,-1529.695,-1529.695,-1529.695,-587.978,-587.978,-587.978,-587.978,0,1,-89078667,-117.744,-117.744,30.49,,,,,-823.973,-823.973,-823.973,-823.973,47.4,44.33,37.09,58.79,true,false,-0.61,1.99,主動ETF 5日轉為減碼；外資持股趨勢資料不足或期間有非市場異動；當下除權息調整價未守20日EMA
174,1215,卜蜂,TWSE,食品工業,等待確認,保護持有,protect,今天不新增部位；未完成確認前不機械式賣出,下一交易日收盤，確認是否收復防守區,已有部位暫停加碼；若收盤跌破60日EMA約 113.26，且下一交易日仍未收復，先減碼三分之一；若ETF或外資繼續轉弱，再分批降低部位。,外資持股5/10日下降且外資5日賣超,51.2,55.8,50.5,85,100,完整,108,108,8.05,5.17,9.26,65.34,86.75,3.24,12.38,2.9,6.51,3,0,0,0,0,-1,0,-78.993,-2.3339999999999748,-162.1339999999999,-378.336,0,8,117,115.566,1,0,860000,6.262,21.105999999999998,37.01,-76,-499,-1929,,-75.753,-16.596000000000032,-300.24000000000007,-512.452,46.14,27.17,40.73,0.04,false,false,-0.58,-0.92,外資持股5/10日下降，且外資5日賣超；當下除權息調整價未守20日EMA
175,6789,采鈺,TWSE,半導體業,等待確認,正常持有,strong,強勢續抱；不追高,下一交易日收盤，確認是否守住20日EMA,價格仍在20／60日EMA之上且短線強勢；法人未同步轉弱。若收盤跌破20日EMA約 450.59 且法人續弱，再轉為保護持有。,價格強勢站上20／60日EMA；法人未同步轉弱,65.7,55.3,50.6,85,100,完整,490,490,24.63,11.27,21.04,18.54,367.01,2.95,89.22,8.06,0.64,8,0,-3,-4,6,2,0,-119.095,385.855,289.7830000000001,169.36600000000007,0,-4,4,-0.34299999999999997,1,2,-1870000,69.257,-2.325999999999997,4.56,-283,-15,-71,,-114.758,320.59799999999996,288.1089999999999,169.02999999999994,61.28,78.31,64.06,106.83,false,false,8.75,16.53,20日累積後5日轉為調節；估值高且成長不足以支撐
176,6278,台表科,TWSE,光電業,等待確認,正常持有,strong,強勢續抱；不追高,下一交易日收盤，確認是否守住20日EMA,價格仍在20／60日EMA之上且短線強勢；外資偏弱先觀察，不因分歧減碼。若收盤跌破20日EMA約 183.62 且法人續弱，再轉為保護持有。,價格強勢站上20／60日EMA；外資偏弱，先觀察,60.1,55.1,43.9,85,100,完整,200,200,12.18,4.43,5.98,59.36,138.91,4.93,20.21,2.49,2.79,9,-1,1399,1457,-980,-528,1456,186.636,1592.364,347.17499999999995,2629.537,10,4068.6,4937.6,3988.186,4,0,811685700,432.418,-84.45100000000002,17.03,341,-2372,-2969,,231.217,-2908.654,-4505.974,-2246.716000000001,62.4,77.68,79.06,74.93,false,true,8.92,10.19,外資持股5/10日下降，且外資5日賣超
177,3583,辛耘,TWSE,半導體業,等待確認,正常持有,strong,強勢續抱；不追高,下一交易日收盤，確認是否守住20日EMA,價格仍在20／60日EMA之上且短線強勢；外資偏弱先觀察，不因分歧減碼。若收盤跌破20日EMA約 726.58 且法人續弱，再轉為保護持有。,價格強勢站上20／60日EMA；外資偏弱，先觀察,62.8,54.8,34,85,100,完整,773,773,6.58,6.76,14.84,64.8,115.15,9.16,44.42,5.96,0.79,4,0,0,0,-147,-816,0,-506.627,-212.09299999999996,-573.0829999999999,-385.68599999999986,0,0,-158,-1205.99,0,0,0,7.796000000000001,-126.47400000000002,22.42,-458,-237,-399,,-460.9,-219.88899999999998,-288.609,918.8670000000002,57.12,59.8,55.19,69.01,false,false,6.39,11.54,外資持股5/10日下降，且外資5日賣超
178,3714,富采,TWSE,光電業,等待確認,正常持有,standard,今天不下單,每個交易日收盤後，檢查趨勢與法人籌碼,已有部位可續抱觀察，但暫不追價；若收盤跌破60日EMA約 59.20 且法人籌碼轉弱，先減碼三分之一。,未觸發明確減碼訊號,67,54.4,52.9,85,100,完整,62.5,62.5,24.92,5.07,-5.92,18.44,355.3,1.49,,1.05,1.46,2,0,0,2,4,-5,0,-505.468,2787.3859999999995,791.2159999999999,7661.606999999999,0,2,4,-4.635999999999999,1,0,123200,235.24899999999997,265.53999999999996,13.45,-1874,1361,-47,,-517.148,2550.137,521.6759999999999,7179.698,59.07,76.51,72.77,83.99,false,false,5.85,4.87,單季稅前獲利對營業外貢獻依賴偏高
179,3035,智原,TWSE,半導體業,等待確認,正常持有,standard,今天不下單,每個交易日收盤後，檢查趨勢與法人籌碼,已有部位可續抱觀察，但暫不追價；若收盤跌破60日EMA約 183.43 且法人籌碼轉弱，先減碼三分之一。,未觸發明確減碼訊號,70.3,54.1,44.5,85,100,可用,183.5,183.5,9.97,-46.08,6.21,28.62,211.45,1.16,68.9,2.66,1.03,5,0,0,1,331,318,0,-683.242,1189.184,903.1280000000004,4297.277000000001,0,1,331,318.971,1,0,175000,213.06099999999995,1177.108,13.1,-441,769,-1240,,-474.843,975.1229999999999,-604.9800000000002,2814.694,54.03,65.84,57.66,82.2,false,false,3.72,6.69,累計營收負成長且當月改善不足
180,2351,順德,TWSE,半導體業,等待確認,正常持有,strong,強勢續抱；不追高,下一交易日收盤，確認是否守住20日EMA,價格仍在20／60日EMA之上且短線強勢；法人未同步轉弱。若收盤跌破20日EMA約 199.15 且法人續弱，再轉為保護持有。,價格強勢站上20／60日EMA；法人未同步轉弱,59.5,53.8,41.9,85,100,完整,226,226,54,28.51,10.82,41.64,196.42,2.82,59.46,5.51,0.44,3,0,0,1,-2352,-2129,0,1181.611,5745.4929999999995,4252.068999999999,3928.3909999999987,0,323,-1326,-1103,2,0,75097500,102.90900000000002,237.47500000000002,24.47,1298,5590,5883,,1280.709,5319.584,5340.593999999999,4843.1179999999995,67.16,82.6,85.64,76.5,false,true,13.48,13.28,短線過熱或乖離過大；KD高檔死亡交叉，等待動能確認
181,1514,亞力,TWSE,電機機械,等待確認,保護持有,protect,今天不新增部位；未完成確認前不機械式賣出,下一交易日收盤，確認是否收復防守區,已有部位暫停加碼；若收盤跌破60日EMA約 106.97，且下一交易日仍未收復，先減碼三分之一；若ETF或外資繼續轉弱，再分批降低部位。,外資持股5/10日下降且外資5日賣超,58.1,53.4,42.4,85,100,完整,103.5,103.5,6.51,14.57,9.84,54.56,175.67,1.65,27.95,4.39,2.16,2,0,6,6,7,4,0,-392.92,-1433.4689999999996,-1128.6819999999998,-1398.9569999999999,0,6,6,2.606,1,0,612000,24.942999999999998,32.651,12.2,-89,-926,-799,,-375.832,-1464.412,-1167.3329999999999,-1411.3899999999996,50.69,44.43,50.8,31.69,false,true,0.92,2.99,外資持股5/10日下降，且外資5日賣超
182,2489,瑞軒,TWSE,光電業,等待確認,正常持有,standard,今天不下單,每個交易日收盤後，檢查趨勢與法人籌碼,已有部位可續抱觀察，但暫不追價；若收盤跌破60日EMA約 36.88 且法人籌碼轉弱，先減碼三分之一。,未觸發明確減碼訊號,56.9,53,48.2,85,93,可用,42.8,42.8,32.24,15.51,0.78,42.95,188.56,0.44,30.36,1.95,2.84,3,0,-10,-10,242,246,0,13976.361,8174.342000000001,8049.929999999999,2852.7560000000008,0,-13,236,241.05,0,2,-548600,925.304,2163.341,7.86,14021,10243,9724,,13501.498,7262.0380000000005,5650.589,343.4670000000014,69.32,81.83,78.97,87.55,false,false,16.84,5.55,20日累積後5日轉為調節；短線過熱或乖離過大；單季稅前獲利對營業外貢獻依賴偏高
183,3715,定穎投控,TWSE,電子零組件業,等待確認,正常持有,strong,漲停先續抱；不追價,下一交易日收盤，確認是否守住20日EMA,價格仍在20／60日EMA之上且今日漲停；外資偏弱先觀察，不因分歧減碼。若收盤跌破20日EMA約 117.54 且法人續弱，再轉為保護持有。,今日漲停／趨勢站穩；外資偏弱，先觀察,59.8,52.5,26,85,100,完整,132.5,132.5,69.65,40.9,1.58,75.09,128.44,-1.55,,3.27,0.9,2,0,0,0,0,-1,0,-3648.517,-2514.211,-3211.1140000000005,-6592.014000000001,0,0,0,-44.982,0,0,0,212.587,97.26199999999997,10.02,-3253,-3255,-6715,,-3516.036,-2726.798,-3308.3759999999997,-6656.353,61.15,78.88,62.14,112.35,false,false,12.73,21,外資持股5/10日下降，且外資5日賣超；短線過熱或乖離過大
184,3008,大立光,TWSE,光電業,等待確認,正常持有,strong,強勢續抱；不追高,下一交易日收盤，確認是否守住20日EMA,"價格仍在20／60日EMA之上且短線強勢；外資偏弱先觀察，不因分歧減碼。若收盤跌破20日EMA約 5,794.10 且法人續弱，再轉為保護持有。",價格強勢站上20／60日EMA；外資偏弱，先觀察,58.1,52.4,63.2,85,100,可用,7580,7580,-10.66,7.49,37.52,14.43,485.47,82.35,40.69,5.22,1.05,40,72,199,115,106,547,110,-94.072,574.642,242.02500000000003,841.473,499.989,813.586,1362.635,2240.267,4,1,6223932900,-52.165,207.27100000000002,26.82,-631,-407,-1352,,-508.716,-186.77899999999997,-1327.8809999999999,-1826.4439999999995,83.04,91.28,91.95,89.95,false,true,30.82,32.52,外資持股5/10日下降，且外資5日賣超；短線過熱或乖離過大；KD高檔死亡交叉，等待動能確認；融資增幅與短線漲幅同步偏高
185,1301,台塑,TWSE,塑膠工業,等待確認,正常持有,strong,強勢續抱；不追高,下一交易日收盤，確認是否守住20日EMA,價格仍在20／60日EMA之上且短線強勢；法人未同步轉弱。若收盤跌破20日EMA約 60.30 且法人續弱，再轉為保護持有。,價格強勢站上20／60日EMA；法人未同步轉弱,69.9,52.2,46.7,85,100,完整,67.8,67.8,4.77,-2.48,1.77,26.47,301.26,2.19,40.37,0.73,0.76,6,0,-1,2611,2195,1915,2611,26084.914,73631.547,43750.708000000006,59021.29600000002,-0.056,2610.944,2171.944,1891.8179999999998,1,2,172844493,2151.5110000000004,398.5600000000003,34.23,25017,68988,40517,,24980.127,68869.09199999999,41180.20399999998,56251.09899999997,68.95,82.29,70.66,105.57,false,false,12.43,17.3,累計營收負成長且當月改善不足；短線過熱或乖離過大；單季稅前獲利對營業外貢獻依賴偏高
186,6962,奕力-KY,TWSE,半導體業,等待確認,正常持有,standard,今天不下單,每個交易日收盤後，檢查趨勢與法人籌碼,已有部位可續抱觀察，但暫不追價；若收盤跌破60日EMA約 33.31 且法人籌碼轉弱，先減碼三分之一。,未觸發明確減碼訊號,55.1,52.1,54.7,85,100,完整,32.45,32.45,23.91,-1.43,-1.55,22.41,239.24,0.61,21.61,0.78,3.17,1,0,0,0,250,230,0,245.339,-442.854,-735.2579999999999,-1131.6229999999998,0,0,250,230,0,0,0,-3.539999999999999,-22.128999999999998,39.11,321,-312,632,,255.605,-439.3140000000001,-963.1290000000001,-1276.9320000000005,52.52,58.22,52.33,70.01,false,false,2.13,3.84,單季稅前獲利對營業外貢獻依賴偏高
187,4991,環宇-KY,TPEX,半導體業,等待確認,正常持有,strong,強勢續抱；不追高,下一交易日收盤，確認是否守住20日EMA,價格仍在20／60日EMA之上且短線強勢；法人未同步轉弱。若收盤跌破20日EMA約 487.63 且法人續弱，再轉為保護持有。,價格強勢站上20／60日EMA；法人未同步轉弱,56.1,51.9,53.9,85,100,可用,544,544,-6.93,45.75,18.87,12.71,998.83,2.58,167.91,14.68,0,4,0,-3,-5,295,1225,-3,-415.554,-415.554,-415.554,-415.554,0,0,0,0,0,0,0,18.122,18.122,23.64,,,,,-433.676,-433.676,-433.676,-433.676,59.32,83.95,72.33,107.19,false,false,11.56,22.25,20日累積後5日轉為調節；主動ETF 5日轉為減碼；外資持股趨勢資料不足或期間有非市場異動；短線過熱或乖離過大；高波動且5日漲幅過大；估值高且成長不足以支撐
188,2543,皇昌,TWSE,建材營造,等待確認,正常持有,standard,今天不下單,每個交易日收盤後，檢查趨勢與法人籌碼,已有部位可續抱觀察，但暫不追價；若收盤跌破60日EMA約 40.68 且法人籌碼轉弱，先減碼三分之一。,未觸發明確減碼訊號,54.4,51.7,42,85,100,完整,38.65,38.65,93.82,60.82,12.32,57.93,101.48,1.34,13.77,2.19,3.84,1,0,0,0,0,-1,0,456.389,472.61,1322.922,1442.7040000000002,0,0,-3,-3.493,0,0,0,-91.869,-74.42999999999999,1.81,672,947,1200,,536.563,564.4789999999999,1400.3519999999999,1534.5339999999997,48.82,48.79,43.67,59.02,false,false,-0.26,0.39,當下除權息調整價未守20日EMA
189,2359,所羅門,TWSE,其他電子業,等待確認,保護持有,protect,今天不新增部位；未完成確認前不機械式賣出,下一交易日收盤，確認是否收復防守區,已有部位暫停加碼；若收盤跌破60日EMA約 142.60，且下一交易日仍未收復，先減碼三分之一；若ETF或外資繼續轉弱，再分批降低部位。,外資持股5/10日下降且外資5日賣超,49.7,51.5,52.7,85,73,可用,144,144,36.32,7.92,-0.42,38.21,223.7,4.55,21.54,3.87,0.69,1,0,0,0,0,0,0,4.008,-3962.603,-9388.780000000002,5143.994999999997,0,0,0,0,0,0,0,-88.127,-350.93999999999994,7.79,118,-3918,-9048,,33.508,-3874.4759999999997,-9037.839999999998,5129.104000000002,47.29,18.12,23.51,7.33,false,false,-2.8,-0.69,外資持股5/10日下降，且外資5日賣超；當下除權息調整價未守20日EMA；單季稅前獲利對營業外貢獻依賴偏高
190,6472,保瑞,TWSE,生技醫療業,等待確認,保護持有,protect,今天不新增部位；未完成確認前不機械式賣出,下一交易日收盤，確認是否收復防守區,已有部位暫停加碼；若收盤跌破60日EMA約 418.98，且下一交易日仍未收復，先減碼三分之一；若ETF或外資繼續轉弱，再分批降低部位。,外資持股5/10日下降且外資5日賣超,60.4,51.2,36.5,85,100,完整,420,420,5.77,-0.09,14.11,66.33,129.65,4.56,35.7,3.65,2.31,3,0,0,259,1033,1032,258,-109.417,-1133.2849999999999,-274.89699999999976,748.8100000000003,185,577,1810,1809.963,4,0,249841000,-55.283000000000015,63.01299999999999,10.92,-115,-984,-1148,,-288.149,-1655.002,-2147.91,-1118.3269999999998,47.75,37.69,55.05,2.99,false,false,-2.2,-10.64,累計營收負成長且當月改善不足；外資持股5/10日下降，且外資5日賣超；當下除權息調整價未守20日EMA
191,1519,華城,TWSE,電機機械,等待確認,正常持有,standard,今天不下單,每個交易日收盤後，檢查趨勢與法人籌碼,已有部位可續抱觀察，但暫不追價；若收盤跌破60日EMA約 708.31 且法人籌碼轉弱，先減碼三分之一。,未觸發明確減碼訊號,64.3,51.1,36,85,100,可用,761,761,-8.32,-3.68,21.68,71.6,146.34,6.52,47.71,25.02,1.65,12,0,0,0,1,-53,0,-741.847,-593.3719999999998,-2443.9979999999996,-3191.9909999999995,-8.803,96.083,97.083,62.22800000000001,1,2,70044507,154.533,155.84199999999996,17.85,-684,-183,3767,,-683.446,-843.9879999999999,-2696.9229999999993,-3436.7939999999994,62.9,65.5,65.61,65.29,false,true,6.34,6.14,累計營收負成長且當月改善不足；外資持股趨勢資料不足或期間有非市場異動
192,6284,佳邦,TPEX,電子零組件業,等待確認,正常持有,standard,今天不下單,每個交易日收盤後，檢查趨勢與法人籌碼,已有部位可續抱觀察，但暫不追價；若收盤跌破60日EMA約 83.74 且法人籌碼轉弱，先減碼三分之一。,未觸發明確減碼訊號,54.2,51,46.4,85,100,可用,80.1,80.1,0.76,-6.69,5.51,43.74,130.22,0.91,20.37,1.33,2.44,1,0,8,8,8,8,0,-709.666,-709.666,-709.666,-709.666,0,0,0,0,0,0,0,-13.328,-13.328,8.82,,,,,-696.338,-696.338,-696.338,-696.338,51.11,61.27,53.76,76.28,false,false,2.05,4.03,累計營收負成長且當月改善不足；外資持股趨勢資料不足或期間有非市場異動
193,2329,華泰,TWSE,半導體業,等待確認,正常持有,standard,今天不下單,每個交易日收盤後，檢查趨勢與法人籌碼,已有部位可續抱觀察，但暫不追價；若收盤跌破60日EMA約 47.26 且法人籌碼轉弱，先減碼三分之一。,未觸發明確減碼訊號,52.6,50.6,48.1,85,100,完整,43.7,43.7,1.84,9.26,5.98,38.44,141.36,0.96,19.42,1.75,2.3,4,0,0,2,4,7,0,-261.691,552.844,1320.9329999999998,880.0089999999998,0,2,4,6.492000000000001,1,0,87000,-111.11499999999998,-35.65199999999997,9.31,-300,816,1222,,-206.367,661.9590000000001,1352.585,961.0830000000001,46.11,52.75,50.15,57.96,false,false,-0.63,0.81,當下除權息調整價未守20日EMA
194,6831,邁科,TWSE,電腦及週邊設備業,等待確認,保護持有,protect,今天不新增部位；未完成確認前不機械式賣出,下一交易日收盤，確認是否收復防守區,已有部位暫停加碼；若收盤跌破60日EMA約 639.57，且下一交易日仍未收復，先減碼三分之一；若ETF或外資繼續轉弱，再分批降低部位。,外資持股5/10日下降且外資5日賣超；投信5/10日持續且具金額意義地賣超,56,50.5,39.9,85,100,完整,609,609,31.25,20.93,8.86,49.58,153.31,1.66,111.55,15.2,0.49,4,0,17,51,-332,-150,51,51.555,-399.44100000000003,-1200.5910000000003,-1382.6900000000003,-119,-348,-1401,-859,1,3,-215064000,310.687,276.05699999999996,14.64,144,-435,-114,,166.69,-362.128,-75.64799999999998,-727.8879999999999,47.91,58.16,44.65,85.19,false,false,-0.72,8.36,投信5/10日持續且具金額意義的賣超；外資持股5/10日下降，且外資5日賣超；當下除權息調整價未守20日EMA
195,1582,信錦,TWSE,電子零組件業,等待確認,正常持有,standard,今天不下單,每個交易日收盤後，檢查趨勢與法人籌碼,已有部位可續抱觀察，但暫不追價；若收盤跌破60日EMA約 78.44 且法人籌碼轉弱，先減碼三分之一。,未觸發明確減碼訊號,52.7,50.3,50.1,85,100,完整,75.9,75.9,22.47,-2.28,1.81,43.02,195.59,1.65,23.83,1.5,3.92,1,0,0,0,0,0,0,-47.606,-53.777000000000015,44.244999999999976,840.429,0,0,0,0,0,0,0,-6.154000000000001,-17.049000000000003,4.98,39,397,185,,-37.43,-47.62300000000002,61.29399999999998,826.022,54.88,73.65,69.73,81.49,false,false,2.13,3.69,單季稅前獲利對營業外貢獻依賴偏高
196,3481,群創,TWSE,光電業,等待確認,正常持有,standard,今天不下單,每個交易日收盤後，檢查趨勢與法人籌碼,已有部位可續抱觀察，但暫不追價；若收盤跌破60日EMA約 49.33 且法人籌碼轉弱，先減碼三分之一。,未觸發明確減碼訊號,62.6,50.2,40.7,85,100,可用,49.3,49.3,-1.94,13.55,2.4,43.52,150.57,0.77,63.91,1.77,2.01,14,-4,-104,-246,13026,11880,0,-16614.577,7270.093999999999,-109553.9,-107635.92899999999,-4.106,-25.884999999999994,12321.339,11847.434000000001,1,4,-1290367,1281.8169999999998,-13375.392,20.36,195,17545,-111255,,-12026.228,6014.162,-108499.847,-112342.91799999999,50.6,60.82,44.66,93.13,true,false,1.61,5.34,20日累積後5日轉為調節；ETF 1/3日已轉為減碼
197,2883,凱基金,TWSE,金融保險業,等待確認,正常持有,standard,今天不下單,每個交易日收盤後，檢查趨勢與法人籌碼,已有部位可續抱觀察，但暫不追價；若收盤跌破60日EMA約 29.74 且法人籌碼轉弱，先減碼三分之一。,未觸發明確減碼訊號,59.5,49.3,50.7,85,92,可用,34.95,34.95,,,,89.78,,1.64,11.84,1.34,2.95,26,-411,-1954,-1888,38775,102844,-41,28966.291,96931.056,114927.172,195879.89299999995,256.78,-6109.301999999999,29356.291,102875.59300000001,3,2,-206799873,-2319.5750000000003,-3126.456,27,35327,101605,83028,,29874.112,105359.93299999999,88697.337,103913.468,73.94,87.76,77.65,107.97,false,false,9.77,10.25,20日累積後5日轉為調節；ETF 1/3日已轉為減碼；主動ETF 5日轉為減碼；官方重大訊息出現高風險關鍵字，須查原文
198,6182,合晶,TPEX,半導體業,等待確認,正常持有,strong,漲停先續抱；不追價,下一交易日收盤，確認是否守住20日EMA,價格仍在20／60日EMA之上且今日漲停；法人未同步轉弱。若收盤跌破20日EMA約 110.35 且法人續弱，再轉為保護持有。,今日漲停／趨勢站穩；法人未同步轉弱,61,49.2,34.7,85,100,可用,116,116,18.9,10.52,2.25,33.96,210.31,0.06,458.7,3.88,0,2,0,0,0,6,-470,0,-3714.772,-3714.772,-3714.772,-3714.772,-110,-110,-110,-110,0,1,-11605000,-152.922,-152.922,18.48,,,,,-3451.85,-3451.85,-3451.85,-3451.85,53.35,44.42,35.09,63.06,true,false,5.12,7.41,外資持股趨勢資料不足或期間有非市場異動；估值高且成長不足以支撐
199,2201,裕隆,TWSE,汽車工業,等待確認,正常持有,standard,今天不下單,每個交易日收盤後，檢查趨勢與法人籌碼,已有部位可續抱觀察，但暫不追價；若收盤跌破60日EMA約 28.30 且法人籌碼轉弱，先減碼三分之一。,未觸發明確減碼訊號,60.7,49.1,34.2,85,100,完整,31.5,31.5,-3.92,-3.66,9.68,74.19,99.35,0.5,33.43,0.49,1.88,4,0,16,16,16,330,0,1981.97,1565.8020000000001,5253.557000000001,7803.050000000002,0,17,8,322.188,1,0,505750,181.98700000000002,173.882,5.2,1952,508,2082,,1808.364,1366.815,5071.675,7223.075999999999,73.37,70.08,59.04,92.16,true,false,9.15,9.76,累計營收負成長且當月改善不足
200,4585,達明,TWSE,其他電子業,等待確認,正常持有,standard,今天不下單,每個交易日收盤後，檢查趨勢與法人籌碼,已有部位可續抱觀察，但暫不追價；若收盤跌破60日EMA約 306.77 且法人籌碼轉弱，先減碼三分之一。,未觸發明確減碼訊號,51.3,49.1,56.2,85,100,完整,294.5,294.5,23.82,13.09,6.71,10.35,340.31,1.83,105.58,4.39,0.34,1,0,0,0,0,-1,0,-47.729,119.566,-205.275,-14.734000000000048,0,0,-1,-2.374,0,0,0,6.470999999999998,-16.514000000000003,0.45,-80,75,-149,,-42,113.095,-187.76099999999997,-7.227999999999966,44.91,25.73,28.5,20.2,false,true,-1.8,-1.83,當下除權息調整價未守20日EMA；估值高且成長不足以支撐；單季稅前獲利對營業外貢獻依賴偏高
201,2850,新產,TWSE,金融保險業,等待確認,保護持有,protect,今天不新增部位；未完成確認前不機械式賣出,下一交易日收盤，確認是否收復防守區,已有部位暫停加碼；若收盤跌破60日EMA約 152.70，且下一交易日仍未收復，先減碼三分之一；若ETF或外資繼續轉弱，再分批降低部位。,外資持股5/10日下降且外資5日賣超,53.1,48.9,52.2,85,92,可用,160.5,160.5,,,,63.76,,8.51,10.34,2.28,4.57,4,0,0,0,1,0,0,-97.377,-373.76399999999995,-258.887,-159.26199999999997,0,0,-1,-2.358,0,0,0,9.67,3.276,11.02,-94,-383,-261,,-92.775,-383.43399999999997,-261.16299999999995,-164.75999999999996,52.13,28.79,41.53,3.32,false,false,-0.04,-1.53,外資持股5/10日下降，且外資5日賣超；當下除權息調整價未守20日EMA
202,2369,菱生,TWSE,半導體業,等待確認,保護持有,protect,今天不新增部位；未完成確認前不機械式賣出,下一交易日收盤，確認是否收復防守區,已有部位暫停加碼；若收盤跌破60日EMA約 33.55，且下一交易日仍未收復，先減碼三分之一；若ETF或外資繼續轉弱，再分批降低部位。,外資持股5/10日下降且外資5日賣超,50,48.8,41.6,85,100,完整,31.7,31.7,34.22,36.82,3.21,34.41,239.33,0.29,,2.38,,1,0,0,0,0,0,0,-2168.886,-3858.895,-3546.462,858.8309999999994,0,0,0,0,0,0,0,-109.369,-263.016,14.69,-1345,-2708,-3156,,-2076.943,-3749.526,-3283.4459999999995,1096.3370000000004,46.4,49.9,46.58,56.53,false,false,-1.35,1.44,外資持股5/10日下降，且外資5日賣超；當下除權息調整價未守20日EMA
203,9933,中鼎,TWSE,其他,等待確認,保護持有,protect,今天不新增部位；未完成確認前不機械式賣出,下一交易日收盤，確認是否收復防守區,已有部位暫停加碼；若收盤跌破60日EMA約 40.05，且下一交易日仍未收復，先減碼三分之一；若ETF或外資繼續轉弱，再分批降低部位。,外資持股5/10日下降且外資5日賣超,55.7,48.7,38.7,85,100,完整,41,41,-0.72,-16.56,10.5,79.51,109.31,2.71,7.47,1.6,2.35,3,0,0,0,0,-21,0,-421.965,-1505.08,-984.468,6278.295000000001,0,1,-7,-27.708000000000002,1,0,40500,-16.508000000000003,47.001,19.37,-585,-1732,-1521,,-390.256,-1489.5720000000001,-1024.4690000000003,6929.409,52.2,30.82,39.47,13.51,false,false,0.41,-2.84,累計營收負成長且當月改善不足；外資持股5/10日下降，且外資5日賣超
204,2206,三陽工業,TWSE,汽車工業,等待確認,正常持有,standard,今天不下單,每個交易日收盤後，檢查趨勢與法人籌碼,已有部位可續抱觀察，但暫不追價；若收盤跌破60日EMA約 62.29 且法人籌碼轉弱，先減碼三分之一。,未觸發明確減碼訊號,52.2,48.6,43.9,85,100,完整,63.2,63.2,-5.94,-5.43,8.71,57.04,142.77,3.14,10.57,1.85,4.85,2,0,0,0,0,-332,0,-174.238,-355.953,1627.288,776.2389999999998,0,1,-7,-339.17,1,0,63100,28,26,8,-144,-380,1600,,-170.238,-384.953,1608.288,1138.261,52.62,57.44,67.33,37.65,false,true,0.4,-1.1,累計營收負成長且當月改善不足；20日趨勢尚未上彎
205,2352,佳世達,TWSE,電腦及週邊設備業,等待確認,保護持有,protect,今天不新增部位；未完成確認前不機械式賣出,下一交易日收盤，確認是否收復防守區,已有部位暫停加碼；若收盤跌破60日EMA約 29.01，且下一交易日仍未收復，先減碼三分之一；若ETF或外資繼續轉弱，再分批降低部位。,外資持股5/10日下降且外資5日賣超,51.3,47.8,36.7,85,100,完整,28.4,28.4,4.13,1.48,1.29,69.11,115.41,0.58,36.82,1.13,3.53,6,0,15,21,612,937,0,453.493,-5002.346,-7094.442999999999,-15108.621000000001,0,21,612,937.195,2,0,595350,-8.231000000000002,11.335000000000008,7.17,410,-1714,-4816,,493.969,-5015.115,-7717.778,-15912.959000000003,46.3,31.37,29.65,34.81,true,false,-0.86,0.89,外資持股5/10日下降，且外資5日賣超；當下除權息調整價未守20日EMA
206,6488,環球晶,TPEX,半導體業,等待確認,正常持有,strong,強勢續抱；不追高,下一交易日收盤，確認是否守住20日EMA,價格仍在20／60日EMA之上且短線強勢；法人未同步轉弱。若收盤跌破20日EMA約 975.98 且法人續弱，再轉為保護持有。,價格強勢站上20／60日EMA；法人未同步轉弱,57.1,47.6,30.8,85,100,可用,994,994,19.59,-4.44,9.93,55.88,128.14,11.87,44.27,4.51,0.84,20,-71,-92,-46,238,-1171,-36,-3176.541,-3176.541,-3176.541,-3176.541,-1392.089,-1392.089,-1392.089,-1392.089,0,1,-1269585168,-252.693,-252.693,27.48,,,,,-1531.759,-1531.759,-1531.759,-1531.759,50.73,41.96,36.14,53.61,true,false,1.85,1.43,ETF 1/3日已轉為減碼；主動ETF 5日轉為減碼；外資持股趨勢資料不足或期間有非市場異動；單季稅前獲利對營業外貢獻依賴偏高
207,2371,大同,TWSE,電機機械,等待確認,正常持有,standard,今天不下單,每個交易日收盤後，檢查趨勢與法人籌碼,已有部位可續抱觀察，但暫不追價；若收盤跌破60日EMA約 27.52 且法人籌碼轉弱，先減碼三分之一。,未觸發明確減碼訊號,62.6,47.3,32.7,85,100,完整,28.65,28.65,-14.15,1.24,4.56,60.69,195.43,0.91,,1.19,,4,0,0,2,1,-578,0,-1026.958,4227.871999999999,1029.1629999999996,14894.703,0,2,1,-578.884,1,0,56100,628.6769999999999,527.8909999999998,6.36,-1129,-561,-4621,,-1093.116,3597.1950000000006,500.27199999999993,15034.910999999998,61.04,61.91,70.15,45.45,false,false,4.63,3.43,ETF加碼，但外資持股5/10日同步下降
208,1810,和成,TWSE,玻璃陶瓷,等待確認,保護持有,protect,今天不新增部位；未完成確認前不機械式賣出,下一交易日收盤，確認是否收復防守區,已有部位暫停加碼；若收盤跌破60日EMA約 24.31，且下一交易日仍未收復，先減碼三分之一；若ETF或外資繼續轉弱，再分批降低部位。,外資持股5/10日下降且外資5日賣超,48.5,46.4,58.4,85,100,可用,24.7,24.7,-3.71,-7.6,-10.35,20.16,316.24,3.62,6.8,0.88,0.8,2,0,5,5,7,18,0,-210.679,-1600.921,-5176.227,-10613.047999999999,0,0,0,-2.7879999999999985,0,0,0,16.665,14.968,1.54,-146,-1658,-3458,,-207.471,-1617.586,-5191.195000000001,-10569.279,46.51,18.35,25.02,5.02,false,false,-2.79,-0.2,累計營收負成長且當月改善不足；外資持股5/10日下降，且外資5日賣超；當下除權息調整價未守20日EMA；單季稅前獲利對營業外貢獻依賴偏高
209,4966,譜瑞-KY,TPEX,半導體業,等待確認,正常持有,standard,今天不下單,每個交易日收盤後，檢查趨勢與法人籌碼,已有部位可續抱觀察，但暫不追價；若收盤跌破60日EMA約 606.20 且法人籌碼轉弱，先減碼三分之一。,未觸發明確減碼訊號,43.6,45.3,64.2,85,100,可用,580,580,-4.34,-0.78,13.79,14.61,478.03,14.43,18.38,2.01,3.08,9,0,-137,-417,75,-149,-419,-51.555,-51.555,-51.555,-51.555,0,0,0,0,0,0,0,-3.103,-3.103,39.58,,,,,-48.452,-48.452,-48.452,-48.452,47.89,62.57,55.36,76.99,false,false,-0.1,4.32,累計營收負成長且當月改善不足；主動ETF 5日轉為減碼；外資持股趨勢資料不足或期間有非市場異動；當下除權息調整價未守20日EMA
210,2328,廣宇,TWSE,電子零組件業,等待確認,正常持有,standard,今天不下單,每個交易日收盤後，檢查趨勢與法人籌碼,已有部位可續抱觀察，但暫不追價；若收盤跌破60日EMA約 47.07 且法人籌碼轉弱，先減碼三分之一。,未觸發明確減碼訊號,63.9,45.2,35.9,85,100,可用,47.5,47.5,16.37,-11.61,0,31.57,236.18,-0.24,108.84,1.66,1.92,3,0,0,1,3,31,0,235.937,2610.9939999999997,448.36699999999956,1988.5789999999993,0,1,3,21,1,0,46800,67.57600000000001,-150.03799999999998,9.17,-108,1782,319,,206.465,2542.4179999999997,595.4049999999995,2530.8479999999995,57.59,70.55,60.82,90.02,false,false,3.67,6.26,估值高且成長不足以支撐
211,8039,台虹,TWSE,電子零組件業,等待確認,正常持有,standard,今天不下單,每個交易日收盤後，檢查趨勢與法人籌碼,已有部位可續抱觀察，但暫不追價；若收盤跌破60日EMA約 221.30 且法人籌碼轉弱，先減碼三分之一。,未觸發明確減碼訊號,57.4,45,43.9,85,100,完整,319,319,-6.06,1.15,6.25,32.38,237.55,1.56,103.81,7.7,0.61,3,0,0,0,1,314,0,-2692.539,6050.168000000001,-3424.9569999999985,-854.9139999999978,8,2137,3337,4396.073,4,1,698799000,656.059,-1073.595,20.94,-3177,3268,-4603,,-2995.837,3257.1090000000004,-5688.361999999999,-4604.183999999999,63.63,71.73,78.51,58.16,false,true,14.05,9.43,短線過熱或乖離過大；估值高且成長不足以支撐
212,6830,汎銓,TWSE,其他電子業,等待確認,正常持有,strong,漲停先續抱；不追價,下一交易日收盤，確認是否守住20日EMA,價格仍在20／60日EMA之上且今日漲停；外資偏弱先觀察，不因分歧減碼。若收盤跌破20日EMA約 468.77 且法人續弱，再轉為保護持有。,今日漲停／趨勢站穩；外資偏弱，先觀察,57.6,44.5,24.6,85,100,完整,572,572,26.15,21.18,0.6,48.43,120.55,-0.25,2080,8.33,0.19,1,0,0,42,67,67,42,137.026,-354.94399999999996,-1333.233,-1532.815,0,192,338,448,3,0,99840000,42.874,95.912,4.5,114,-679,-1952,,129.948,-589.818,-1767.1450000000004,-2134.5400000000004,70.4,88.59,82.13,101.51,false,false,22.02,16.5,外資持股5/10日下降，且外資5日賣超；短線過熱或乖離過大；高波動且5日漲幅過大
213,4906,正文,TWSE,通信網路業,等待確認,保護持有,protect,今天不新增部位；未完成確認前不機械式賣出,下一交易日收盤，確認是否收復防守區,已有部位暫停加碼；若收盤跌破60日EMA約 36.92，且下一交易日仍未收復，先減碼三分之一；若ETF或外資繼續轉弱，再分批降低部位。,外資持股5/10日下降且外資5日賣超,56.8,43.1,29.6,85,100,完整,38.2,38.2,32.24,-21.48,-4.77,39.64,161.83,-0.42,301.67,1.45,1.3,1,0,0,0,0,0,0,-1022.726,-9519.546,-10114.685000000001,-10956.108000000002,0,0,0,0,0,0,0,43.388999999999996,-46.42500000000001,7.35,-244,-6319,-7962,,-1068,-9562.935,-10068.259999999998,-11453.889,58.41,72.22,62.13,92.38,false,false,6.61,10.56,外資持股5/10日下降，且外資5日賣超；官方重大訊息出現高風險關鍵字，須查原文
214,3228,金麗科,TPEX,半導體業,等待確認,正常持有,strong,強勢續抱；不追高,下一交易日收盤，確認是否守住20日EMA,價格仍在20／60日EMA之上且短線強勢；法人未同步轉弱。若收盤跌破20日EMA約 154.07 且法人續弱，再轉為保護持有。,價格強勢站上20／60日EMA；法人未同步轉弱,53.8,41.3,36.2,85,100,可用,180,180,27.57,12.87,-42.81,14.14,297.68,-1,,18.13,0,1,0,0,0,15,-85,0,27.95,27.95,27.95,27.95,0,0,0,0,0,0,0,7.95,7.95,6.74,,,,,20,20,20,20,71.05,80.01,66.09,107.84,false,false,16.83,26.76,外資持股趨勢資料不足或期間有非市場異動；短線過熱或乖離過大
215,9914,美利達,TWSE,運動休閒,等待確認,正常持有,standard,今天不下單,每個交易日收盤後，檢查趨勢與法人籌碼,已有部位可續抱觀察，但暫不追價；若收盤跌破60日EMA約 79.07 且法人籌碼轉弱，先減碼三分之一。,未觸發明確減碼訊號,46.4,40,36.9,85,100,完整,82.1,82.1,-1.08,-13.22,8.5,44.19,142.91,2.15,23.74,1.26,3.42,2,0,0,0,0,-18,0,-403.587,-1486.301,841.3969999999999,3715.0039999999995,0,0,-3,96.676,0,0,0,-126.432,376.22400000000005,26.9,-187,-809,2248,,-416.487,-1359.8690000000001,468.1729999999999,3021.2589999999996,48.61,16.15,26.66,-4.87,false,false,-1.69,-4.76,累計營收負成長且當月改善不足；當下除權息調整價未守20日EMA
216,6715,嘉基,TWSE,電子零組件業,等待確認,保護持有,protect,今天不新增部位；未完成確認前不機械式賣出,下一交易日收盤，確認是否收復防守區,已有部位暫停加碼；若收盤跌破60日EMA約 390.75，且下一交易日仍未收復，先減碼三分之一；若ETF或外資繼續轉弱，再分批降低部位。,外資持股5/10日下降且外資5日賣超,37.6,39.7,52.8,85,100,完整,335.5,335.5,23.35,2.68,6.77,20.15,319.88,0.89,209.54,5.88,0.61,1,0,0,1,-139,-138,0,-139.584,-876.3559999999999,-818.6149999999998,-1014.6829999999999,0,1,293,-387,1,0,318500,-11.789000000000005,37.454,1.11,-67,-762,-987,,-92.945,-865.567,-1149.069,-686.0129999999999,42.08,11.13,20.78,-8.17,false,false,-10.86,-7.7,外資持股5/10日下降，且外資5日賣超；當下除權息調整價未守20日EMA；估值高且成長不足以支撐
217,6706,惠特,TWSE,光電業,等待確認,保護持有,protect,今天不新增部位；未完成確認前不機械式賣出,下一交易日收盤，確認是否收復防守區,已有部位暫停加碼；若收盤跌破60日EMA約 128.21，且下一交易日仍未收復，先減碼三分之一；若ETF或外資繼續轉弱，再分批降低部位。,外資持股5/10日下降且外資5日賣超,51.6,38.6,24,85,100,完整,127,127,89.25,-42.75,-84.96,51.49,206.17,-2.85,,2.6,,1,0,0,0,0,0,0,98.907,-378.788,-308.78099999999995,-265.424,0,0,0,0,0,0,0,41.090999999999994,0.7019999999999946,7.21,109,-343,-251,,103.318,-419.87899999999996,-309.48299999999995,-378.1959999999999,57.13,71.3,66.17,81.58,false,false,5.88,3.25,外資持股5/10日下降，且外資5日賣超
218,6451,訊芯-KY,TWSE,半導體業,等待確認,正常持有,standard,今天不下單,每個交易日收盤後，檢查趨勢與法人籌碼,已有部位可續抱觀察，但暫不追價；若收盤跌破60日EMA約 452.74 且法人籌碼轉弱，先減碼三分之一。,未觸發明確減碼訊號,62.6,38.3,11.5,85,100,完整,455,455,7.42,-3.18,-0.79,54.01,153.7,-0.72,418.35,6.05,0.05,1,0,0,1,1,1,0,-152.316,1034.799,-1328.7109999999998,-894.7489999999998,0,1,1,0.28200000000000003,1,0,456000,38.361000000000004,19.949000000000005,65.65,-142,1028,-1034,,-153.393,995.438,-1349.66,-1012.7679999999999,53.19,73.79,64.02,93.34,false,false,3.94,7.57,累計營收負成長且當月改善不足；估值高且成長不足以支撐；單季稅前獲利對營業外貢獻依賴偏高
219,2367,燿華,TWSE,電子零組件業,等待確認,保護持有,protect,今天不新增部位；未完成確認前不機械式賣出,下一交易日收盤，確認是否收復防守區,已有部位暫停加碼；若收盤跌破60日EMA約 48.38，且下一交易日仍未收復，先減碼三分之一；若ETF或外資繼續轉弱，再分批降低部位。,外資持股5/10日下降且外資5日賣超,55.3,37.4,16.7,85,100,完整,44.65,44.65,24.95,-3.13,-6.5,56.05,95.69,-0.64,,2.55,0.45,2,0,0,3,5,0,0,193.878,-249.4949999999998,593.8590000000003,5352.6539999999995,0,3,5,0.8129999999999997,1,0,133350,-215.02700000000002,-816.101,8.72,242,-3027,-1187,,232.915,-37.46800000000013,1404.96,6095.855,51.62,64.22,59.59,73.48,false,false,1.95,3.72,外資持股5/10日下降，且外資5日賣超
220,2338,光罩,TWSE,半導體業,等待確認,保護持有,protect,今天不新增部位；未完成確認前不機械式賣出,下一交易日收盤，確認是否收復防守區,已有部位暫停加碼；若收盤跌破60日EMA約 42.88，且下一交易日仍未收復，先減碼三分之一；若ETF或外資繼續轉弱，再分批降低部位。,外資持股5/10日下降且外資5日賣超,45.6,35.4,20.8,85,93,可用,39.25,39.25,4.42,-3.89,0.07,65.87,86.6,0.61,,2.07,,2,0,0,0,5,6,0,-887.056,-1176.4859999999999,-1719.0829999999996,-1740.6249999999995,0,0,0,0,0,0,0,-34.792,-92.74799999999999,4.52,-576,-1154,-1568,,-826,-1141.694,-1626.335,-1605.851,46.13,41.15,42.67,38.13,false,true,-0.59,1.82,累計營收負成長且當月改善不足；外資持股5/10日下降，且外資5日賣超；當下除權息調整價未守20日EMA；單季稅前獲利對營業外貢獻依賴偏高
221,6643,M31,TPEX,半導體業,等待確認,正常持有,standard,今天不下單,每個交易日收盤後，檢查趨勢與法人籌碼,已有部位可續抱觀察，但暫不追價；若收盤跌破60日EMA約 448.73 且法人籌碼轉弱，先減碼三分之一。,未觸發明確減碼訊號,46.7,34.7,38.5,85,100,可用,422,422,29.21,-2.89,-10.18,10.91,573.46,-1.24,433.16,9.22,0.29,1,0,0,0,30,-21,0,-215.285,-215.285,-215.285,-215.285,0,0,0,0,0,0,0,-21.185,-21.185,14.4,,,,,-194.1,-194.1,-194.1,-194.1,48.03,44.15,45.25,41.95,false,true,-0.8,1.81,外資持股趨勢資料不足或期間有非市場異動；當下除權息調整價未守20日EMA
222,3363,上詮,TPEX,通信網路業,等待確認,正常持有,strong,強勢續抱；不追高,下一交易日收盤，確認是否守住20日EMA,價格仍在20／60日EMA之上且短線強勢；法人未同步轉弱。若收盤跌破20日EMA約 642.97 且法人續弱，再轉為保護持有。,價格強勢站上20／60日EMA；法人未同步轉弱,50.2,30.7,28.9,85,100,可用,786,786,12.09,-14.3,-30.58,11.1,873.99,-1.18,,14.85,0,2,0,0,0,0,27,0,-515.258,-515.258,-515.258,-515.258,0,0,0,0,0,0,0,-9.197,-9.197,21.5,,,,,-506.061,-506.061,-506.061,-506.061,68.93,87.02,76.5,108.08,false,false,22.24,26.16,外資持股趨勢資料不足或期間有非市場異動；短線過熱或乖離過大；高波動且5日漲幅過大
223,2451,創見,TWSE,半導體業,暫不承接,保護持有,protect,今天不新增部位；未完成確認前不機械式賣出,下一交易日收盤，確認是否收復防守區,已有部位暫停加碼；若收盤跌破60日EMA約 283.72，且下一交易日仍未收復，先減碼三分之一；若ETF或外資繼續轉弱，再分批降低部位。,ETF 5/10日同步減碼；投信5/10日持續且具金額意義地賣超,60.9,81.8,88.7,85,100,可用,295,295,307.66,402.68,73.7,28.68,309.01,46.63,5.12,3.3,4,17,-2,-52,-44,-501,-719,-14,-131.98,-5244.744,2489.483,10162.398,-2,-44.400000000000006,-504.4,-721.9179999999999,1,4,-13075800,-117.419,-7.204000000000008,11.83,64,-5961,1334,,-156.295,-5082.925,3001.0870000000014,11084.859,53.31,39.52,45.9,26.77,false,false,1.1,-1.34,ETF短中期同步減碼；ETF 1/3日已轉為減碼；主動ETF 5日轉為減碼；投信5/10日持續且具金額意義的賣超
224,8299,群聯,TPEX,半導體業,暫不承接,保護持有,protect,今天不新增部位；未完成確認前不機械式賣出,下一交易日收盤，確認是否收復防守區,"已有部位暫停加碼；若收盤跌破60日EMA約 2,077.47，且下一交易日仍未收復，先減碼三分之一；若ETF或外資繼續轉弱，再分批降低部位。",ETF 5/10日同步減碼,68.9,79.7,72.4,85,100,可用,2125,2125,377.55,263.52,37.86,47.31,257.91,187.43,9.92,4.69,1.07,17,4,-14,-14,-118,-774,-3,381.416,381.416,381.416,381.416,10.813,10.813,10.813,10.813,1,0,23410145,-51.497,-51.497,41.38,,,,,422.1,422.1,422.1,422.1,54.27,68.82,63.22,80,false,false,2.61,1.92,ETF短中期同步減碼；主動ETF 5日轉為減碼；外資持股趨勢資料不足或期間有非市場異動
225,2408,南亞科,TWSE,半導體業,暫不承接,保護持有,protect,今天不新增部位；未完成確認前不機械式賣出,下一交易日收盤，確認是否收復防守區,已有部位暫停加碼；若收盤跌破60日EMA約 443.01，且下一交易日仍未收復，先減碼三分之一；若ETF或外資繼續轉弱，再分批降低部位。,ETF 5/10日同步減碼,70.8,79.1,80.9,85,100,可用,518,518,719.61,660.87,69.08,16.78,691.01,23.38,21.07,5.81,0.25,36,-211,-570,-1732,-912,-1898,-1389,7857.118,39382.90900000001,51274.44400000001,177906.214,10.764,-682.7640000000001,2311.483,9964.841,4,1,-370740852,332.5620000000002,-192.91099999999986,17.79,10566,45157,59256,,7647.288,39733.111,49155.87199999999,168182.11,56.14,57.66,59.67,53.64,false,true,3.48,1.57,ETF短中期同步減碼；ETF 1/3日已轉為減碼；主動ETF 5日轉為減碼；借券賣出與借券賣出餘額壓力升高
226,3006,晶豪科,TWSE,半導體業,暫不承接,保護持有,protect,今天不新增部位；未完成確認前不機械式賣出,下一交易日收盤，確認是否收復防守區,已有部位暫停加碼；若收盤跌破60日EMA約 237.93，且下一交易日仍未收復，先減碼三分之一；若ETF或外資繼續轉弱，再分批降低部位。,ETF 5/10日同步減碼,66.2,78.8,74.7,85,100,可用,278.5,278.5,491.06,281.48,44.44,36.84,267.13,27.58,9.22,4.38,0.34,5,0,-20,-19,-34,-28,0,4800.149,2523.4130000000005,4886.664000000001,31860.197999999997,0,-19,-33,-27.715000000000003,1,1,-5557500,511.0350000000001,-225.1719999999998,44.5,4406,2199,5316,,4436.854,2031.3780000000002,5144.836,31892.894,58.3,75.36,73.22,79.65,false,false,6.54,3.15,ETF短中期同步減碼
227,4967,十銓,TWSE,半導體業,暫不承接,保護持有,protect,今天不新增部位；未完成確認前不機械式賣出,下一交易日收盤，確認是否收復防守區,已有部位暫停加碼；若收盤跌破60日EMA約 258.27，且下一交易日仍未收復，先減碼三分之一；若ETF或外資繼續轉弱，再分批降低部位。,ETF 5/10日同步減碼,62.2,78.5,71.6,85,100,完整,276,276,98.75,71.29,35.94,50.67,191.64,53.44,4.1,2.1,3.12,2,0,-7,-9,-9,-39,0,400.562,-455.4570000000001,-167.68900000000008,2910.3940000000007,0,-9.4,-9.4,-38.69,0,2,-2594400,-186.64100000000002,-146.06000000000003,8.67,284,-121,575,,383.743,-259.41599999999994,-12.228999999999814,3028.5989999999997,58.65,56.28,57.61,53.61,false,true,3.22,1.28,ETF短中期同步減碼
228,6005,群益證,TWSE,金融保險業,暫不承接,保護持有,protect,今天不新增部位；未完成確認前不機械式賣出,下一交易日收盤，確認是否收復防守區,已有部位暫停加碼；若收盤跌破60日EMA約 30.81，且下一交易日仍未收復，先減碼三分之一；若ETF或外資繼續轉弱，再分批降低部位。,ETF 5/10日同步減碼；外資持股5/10日下降且外資5日賣超,68.8,77.4,74.2,85,100,完整,32.05,32.05,25.09,110.96,,89.2,108.57,3.24,5.76,1.29,5.52,8,-3,-14,-23,-45,2519,0,-1873.735,-786.5619999999997,-5064.745999999999,-41755.793,-3,-19.531,-62.531,1082.228,0,3,-605461,0,0,17.15,-1547,-401,-4744,,-1870.735,-767.0309999999997,-5002.214999999999,-42838.021,61.19,75,62.85,99.3,false,false,4.02,5.6,ETF短中期同步減碼；20日累積後5日轉為調節；ETF 1/3日已轉為減碼；外資持股5/10日下降，且外資5日賣超
229,5351,鈺創,TPEX,半導體業,暫不承接,保護持有,protect,今天不新增部位；未完成確認前不機械式賣出,下一交易日收盤，確認是否收復防守區,已有部位暫停加碼；若收盤跌破60日EMA約 100.85，且下一交易日仍未收復，先減碼三分之一；若ETF或外資繼續轉弱，再分批降低部位。,ETF 5/10日同步減碼,65,76.4,66.9,85,100,可用,119.5,119.5,590.83,481.09,30.67,40.59,243.12,6.69,18.27,5.38,0,2,0,-20,-20,-40,712,0,-1701.168,-1701.168,-1701.168,-1701.168,0,0,0,0,0,0,0,0.682,0.682,39.16,,,,,-1701.85,-1701.85,-1701.85,-1701.85,57.76,35.15,32.18,41.08,true,false,4.58,3.46,ETF短中期同步減碼；20日累積後5日轉為調節；外資持股趨勢資料不足或期間有非市場異動
230,2344,華邦電,TWSE,半導體業,暫不承接,保護持有,protect,今天不新增部位；未完成確認前不機械式賣出,下一交易日收盤，確認是否收復防守區,已有部位暫停加碼；若收盤跌破60日EMA約 166.68，且下一交易日仍未收復，先減碼三分之一；若ETF或外資繼續轉弱，再分批降低部位。,ETF 5/10日同步減碼；投信5/10日持續且具金額意義地賣超,67.7,76,64.7,85,100,可用,176,176,291.55,160.97,42.34,40.78,159.78,7.65,20.12,4.98,0.27,34,-31,-3785,-3877,-18885,-37818,-3113,15440.607,19480.526000000005,27915.12200000001,41308.19600000001,249.036,-3306.2920000000004,-24446.941000000003,-49345.85700000001,1,4,-603398290,-1630.6759999999995,-2224.1809999999996,20.14,18588,38376,83908,,13528.303,24417.494,54586.244,92470.22799999997,51.42,52.33,56.99,43.02,false,true,0.25,-1.68,ETF短中期同步減碼；ETF 1/3日已轉為減碼；主動ETF 5日轉為減碼；投信5/10日持續且具金額意義的賣超；借券賣出與借券賣出餘額壓力升高
231,2330,台積電,TWSE,半導體業,暫不承接,保護持有,protect,今天不新增部位；未完成確認前不機械式賣出,下一交易日收盤，確認是否收復防守區,"已有部位暫停加碼；若收盤跌破60日EMA約 2,358.55，且下一交易日仍未收復，先減碼三分之一；若ETF或外資繼續轉弱，再分批降低部位。",ETF 5/10日同步減碼；投信5/10日持續且具金額意義地賣超,73.9,75.6,68.1,85,100,可用,2440,2440,44.69,37.01,59.29,30.94,245.76,49.33,27.88,9.7,0.91,69,-844,-2389,-2517,-3263,-6480,-2613,-5694.366,4782.5599999999995,861.068999999999,4638.618999999999,-961.13,-2905.868,-2098.892,-3472.078999999999,1,4,-6988612540,657.213,1683.354,69.2,-4497,6245,350,,-4554.24,7031.215,1276.6069999999995,9362.315000000002,56.27,76.13,67.06,94.27,false,false,1.82,1.67,ETF短中期同步減碼；ETF 1/3日已轉為減碼；主動ETF 5日轉為減碼；投信5/10日持續且具金額意義的賣超
232,3218,大學光,TPEX,生技醫療業,暫不承接,保護持有,protect,今天不新增部位；未完成確認前不機械式賣出,下一交易日收盤，確認是否收復防守區,已有部位暫停加碼；若收盤跌破60日EMA約 137.18，且下一交易日仍未收復，先減碼三分之一；若ETF或外資繼續轉弱，再分批降低部位。,ETF 5/10日同步減碼,64.8,74.5,69.2,85,100,可用,143,143,19.34,5.47,30.76,39,136.31,5.99,10.62,3.14,5.4,1,0,-1,-2,-7,-12,0,332.206,332.206,332.206,332.206,0,0,0,0,0,0,0,-0.934,-0.934,8.56,,,,,333.14,333.14,333.14,333.14,60.23,76.52,62.95,103.66,false,false,3.39,6.32,ETF短中期同步減碼；外資持股趨勢資料不足或期間有非市場異動
233,2467,志聖,TWSE,電子零組件業,暫不承接,正常持有,strong,強勢續抱；不追高,下一交易日收盤，確認是否守住20日EMA,價格仍在20／60日EMA之上且短線強勢；ETF偏弱先觀察，不因分歧減碼。若收盤跌破20日EMA約 565.77 且法人續弱，再轉為保護持有。,價格強勢站上20／60日EMA；ETF偏弱，先觀察,70.2,73.6,57.5,85,100,完整,624,624,132.73,87.05,26.06,44,119.58,7.16,61.18,6.11,0.9,9,0,-2,-3,-426,-503,0,-56.386,1206.319,841.0050000000001,2216.684,33,5,-435.227,-566.845,1,4,3065000,26.89999999999999,-6.520000000000008,21.64,-61,1023,1070,,-65.686,1174.419,1282.7520000000002,2792.7950000000005,62.57,77.04,64.64,101.82,false,false,10.29,16.64,ETF短中期同步減碼
234,2606,裕民,TWSE,航運業,暫不承接,保護持有,protect,今天不新增部位；未完成確認前不機械式賣出,下一交易日收盤，確認是否收復防守區,已有部位暫停加碼；若收盤跌破60日EMA約 66.90，且下一交易日仍未收復，先減碼三分之一；若ETF或外資繼續轉弱，再分批降低部位。,ETF 5/10日同步減碼；投信5/10日持續且具金額意義地賣超,63.7,73.2,68.4,85,100,可用,75,75,26.34,26.31,28.58,55.87,161.86,3.51,11.22,1.6,3.68,8,0,-413,-1433,-1503,-1765,0,4279.925,14458.801,25695.932999999997,37060.27,0,-2276,-1830,-2418.4269999999997,0,4,-173203600,-1120.258,-270.5590000000001,24.35,4175,17814,27893,,4190.56,17855.059,27796.492,39246.560000000005,61.46,61.38,65.81,52.52,false,false,6.25,-3.85,ETF短中期同步減碼；投信5/10日持續且具金額意義的賣超
235,2383,台光電,TWSE,電子零組件業,暫不承接,保護持有,protect,今天不新增部位；未完成確認前不機械式賣出,下一交易日收盤，確認是否收復防守區,"已有部位暫停加碼；若收盤跌破60日EMA約 5,228.48，且下一交易日仍未收復，先減碼三分之一；若ETF或外資繼續轉弱，再分批降低部位。",ETF 5/10日同步減碼；投信5/10日持續且具金額意義地賣超,72.2,71.7,48.7,85,100,可用,5640,5640,129.4,89.4,24.72,63.23,135.5,42.46,85.77,33.69,0.46,52,-73,-139,-246,-264,-77,-255,-19.691,-593.4269999999999,221.48500000000018,2061.327,-188.105,-778.417,-1695.991,-1086.2949999999996,1,4,-4269617245,132.449,257.92500000000007,43.57,267,169,1692,,151.663,52.54100000000001,1659.5510000000002,2952.869,52.74,32.08,34.44,27.35,false,false,1.37,0.8,ETF短中期同步減碼；ETF 1/3日已轉為減碼；主動ETF 5日轉為減碼；投信5/10日持續且具金額意義的賣超
236,2603,長榮,TWSE,航運業,暫不承接,保護持有,protect,今天不新增部位；未完成確認前不機械式賣出,下一交易日收盤，確認是否收復防守區,已有部位暫停加碼；若收盤跌破60日EMA約 216.30，且下一交易日仍未收復，先減碼三分之一；若ETF或外資繼續轉弱，再分批降低部位。,ETF 5/10日同步減碼,67.6,71.6,66.5,85,100,可用,238,238,43.07,4.21,14.77,39.75,138.81,11.24,9.26,0.9,6.85,31,-54,-363,-1069,-230,2336,-1017,-261.121,5744.942,62783.231,116915.64599999998,202.984,-5710.272,-4836.889999999999,-949.0669999999993,3,2,-1333348512,-1946.17,-2363.165,26.76,-837,13361,65619,,-289.998,13401.384,69983.286,118658.21899999998,62.02,39.83,51.33,16.82,false,false,3.82,-3.25,ETF短中期同步減碼；20日累積後5日轉為調節；ETF 1/3日已轉為減碼；主動ETF 5日轉為減碼
237,6770,力積電,TWSE,半導體業,暫不承接,保護持有,protect,今天不新增部位；未完成確認前不機械式賣出,下一交易日收盤，確認是否收復防守區,已有部位暫停加碼；若收盤跌破60日EMA約 68.45，且下一交易日仍未收復，先減碼三分之一；若ETF或外資繼續轉弱，再分批降低部位。,ETF 5/10日同步減碼,68.6,71.3,67.9,85,100,完整,70.8,70.8,70.54,42.68,58.03,34.6,495.94,4.08,24.33,2.67,,10,0,-42,-90,-741,-980,0,76450.075,51033.787,-33133.567,242825.855,0,-90.509,-695.509,-687.404,0,3,-6607157,4509.481,2580.071000000001,15.32,69877,32891,-43329,,73709.717,46614.81499999999,-35018.12900000002,230238.845,53.1,55.14,43.26,78.9,true,false,2.23,2.61,ETF短中期同步減碼
238,3044,健鼎,TWSE,電子零組件業,暫不承接,保護持有,protect,今天不新增部位；未完成確認前不機械式賣出,下一交易日收盤，確認是否收復防守區,已有部位暫停加碼；若收盤跌破60日EMA約 454.60，且下一交易日仍未收復，先減碼三分之一；若ETF或外資繼續轉弱，再分批降低部位。,ETF 5/10日同步減碼,67.6,71.2,60.9,85,100,可用,503,503,56.55,34.71,20.58,48.8,162.21,13.02,21.27,4.68,2.56,22,-14,-150,-165,-76,-418,-15,-441.861,687.524,-2493.931,-2232.383,-483,-231.04799999999997,798.792,3394.93,3,2,-114715332,-65.90499999999997,-386.51699999999994,48.48,116,1006,-2895,,91.366,984.477,-2906.2060000000006,-5314.1990000000005,64.34,68.6,58.71,88.39,true,false,7.97,8.64,ETF短中期同步減碼；ETF 1/3日已轉為減碼；主動ETF 5日轉為減碼
239,7828,創新服務,TPEX,半導體業,暫不承接,正常持有,strong,強勢續抱；不追高,下一交易日收盤，確認是否守住20日EMA,"價格仍在20／60日EMA之上且短線強勢；ETF偏弱先觀察，不因分歧減碼。若收盤跌破20日EMA約 1,685.75 且法人續弱，再轉為保護持有。",價格強勢站上20／60日EMA；ETF偏弱，先觀察,64,71.1,70.2,85,100,可用,1810,1810,397.16,235.8,39.39,10.55,741.72,4.52,179.01,13.83,0.26,2,0,-1,-1,-1,-3,-1,0.452,0.452,0.452,0.452,4,4,4,4,1,0,7060000,-0.229,-0.229,26.5,,,,,-3.319,-3.319,-3.319,-3.319,55.83,64.74,52.09,90.04,false,false,7.37,19.08,ETF短中期同步減碼；主動ETF 5日轉為減碼；外資持股趨勢資料不足或期間有非市場異動；高波動且5日漲幅過大
240,1708,東鹼,TWSE,化學工業,暫不承接,保護持有,protect,今天不新增部位；未完成確認前不機械式賣出,下一交易日收盤，確認是否收復防守區,已有部位暫停加碼；若收盤跌破60日EMA約 49.70，且下一交易日仍未收復，先減碼三分之一；若ETF或外資繼續轉弱，再分批降低部位。,ETF 5/10日同步減碼,65.3,71,61.3,85,100,完整,51.3,51.3,24.66,13.44,16.49,39.42,104.33,1.98,12.25,1.65,3.16,1,0,-4,-4,-8,-22,0,184.966,1642.2450000000001,-2949.839,-2176.1049999999987,0,-4,-8,-22,0,1,-202400,105.304,185.40999999999997,9.03,184,1883,-1741,,143.861,1540.9409999999998,-3127.2490000000003,-2354.3790000000004,53.69,51.64,52.18,50.56,false,false,1.66,1.38,ETF短中期同步減碼
241,1608,華榮,TWSE,電器電纜,暫不承接,保護持有,protect,今天不新增部位；未完成確認前不機械式賣出,下一交易日收盤，確認是否收復防守區,已有部位暫停加碼；若收盤跌破60日EMA約 34.55，且下一交易日仍未收復，先減碼三分之一；若ETF或外資繼續轉弱，再分批降低部位。,ETF 5/10日同步減碼,65.6,70.8,68.6,85,100,完整,37.35,37.35,42.67,19.38,10.42,37.4,158.43,7.04,3.27,1.42,5.31,3,0,-10,-15,-35,-58,0,626.19,7511.548000000002,9643.506000000003,25101.991000000005,0,-13.914,-39.914,-62.580000000000005,0,2,-524558,241.9,152.192,5.57,671,6408,7404,,666.435,7283.562,9531.228000000001,25343.984999999997,60.65,63.79,63.08,65.19,false,false,3.58,2.05,ETF短中期同步減碼；單季稅前獲利對營業外貢獻依賴偏高
242,1590,亞德客-KY,TWSE,電機機械,暫不承接,保護持有,protect,今天不新增部位；未完成確認前不機械式賣出,下一交易日收盤，確認是否收復防守區,"已有部位暫停加碼；若收盤跌破60日EMA約 1,409.79，且下一交易日仍未收復，先減碼三分之一；若ETF或外資繼續轉弱，再分批降低部位。",ETF 5/10日同步減碼；外資持股5/10日下降且外資5日賣超,64.9,70.6,72.8,85,100,完整,1445,1445,50.78,32.87,34.22,16.97,305.42,29.91,27.38,5.2,2.04,17,0,-4,-3,-27,-949,0,9.597,-328.7489999999999,-393.2869999999999,-650.5709999999998,-0.203,11.975,-12.793999999999999,-1070.944,4,1,17064375,-22.478,-29.952999999999996,80.85,69,-232,-284,,16.399,-318.246,-350.53999999999996,433.571,50.15,47.04,42.6,55.91,false,false,-0.33,-1.03,ETF短中期同步減碼；外資持股5/10日下降，且外資5日賣超；當下除權息調整價未守20日EMA
243,2305,全友,TWSE,電腦及週邊設備業,暫不承接,保護持有,protect,今天不新增部位；未完成確認前不機械式賣出,下一交易日收盤，確認是否收復防守區,已有部位暫停加碼；若收盤跌破60日EMA約 28.86，且下一交易日仍未收復，先減碼三分之一；若ETF或外資繼續轉弱，再分批降低部位。,ETF 5/10日同步減碼,60.7,69.9,72.1,85,100,完整,29.55,29.55,197.8,96.82,17.3,24.45,372.4,0.51,36.65,2.5,,1,0,-2,-2,-4,-11,0,565.078,1550.138,826.5829999999999,-2312.7260000000006,0,-2,-4,-11,0,1,-60100,16.485,18.458,3.46,546,1589,1120,,546.194,1535.6530000000002,812.1250000000002,-2289.228,50.62,60.67,52.41,77.2,false,false,1.59,4.79,ETF短中期同步減碼；20日趨勢尚未上彎
244,5274,信驊,TPEX,半導體業,暫不承接,正常持有,strong,強勢續抱；不追高,下一交易日收盤，確認是否守住20日EMA,"價格仍在20／60日EMA之上且短線強勢；ETF偏弱先觀察，不因分歧減碼。若收盤跌破20日EMA約 15,907.70 且法人續弱，再轉為保護持有。",價格強勢站上20／60日EMA；ETF偏弱，先觀察,68,69.8,54.2,85,100,可用,17120,17120,97.59,68.06,53.36,45.44,201.99,78.28,107.16,77.94,0.5,31,-106,-212,-213,-302,-181,-211,19.6,19.6,19.6,19.6,-91,-91,-91,-91,0,1,-1461915000,2.615,2.615,53.37,,,,,107.985,107.985,107.985,107.985,60.25,54.99,39.33,86.32,true,false,7.62,11.17,ETF短中期同步減碼；ETF 1/3日已轉為減碼；主動ETF 5日轉為減碼；外資持股趨勢資料不足或期間有非市場異動
245,2316,楠梓電,TWSE,電子零組件業,暫不承接,保護持有,protect,今天不新增部位；未完成確認前不機械式賣出,下一交易日收盤，確認是否收復防守區,已有部位暫停加碼；若收盤跌破60日EMA約 162.76，且下一交易日仍未收復，先減碼三分之一；若ETF或外資繼續轉弱，再分批降低部位。,ETF 5/10日同步減碼,63.1,69.4,66.8,85,100,完整,166.5,166.5,74.43,37.52,-11.96,31.91,225.44,6.54,11.15,2.01,1.25,1,0,-3,-3,-3477,-3543,0,-367.403,313.9389999999999,198.28099999999995,-784.9990000000004,0,-3,-3477,-3542.541,0,1,-478500,-27.061000000000003,-72.709,36.95,-86,-358,1651,,-278.085,344.00000000000006,3747.99,2845.724999999999,53.55,62.25,50.88,85,false,false,3.43,6.73,ETF短中期同步減碼；單季稅前獲利對營業外貢獻依賴偏高
246,8021,尖點,TWSE,其他電子業,暫不承接,正常持有,strong,強勢續抱；不追高,下一交易日收盤，確認是否守住20日EMA,價格仍在20／60日EMA之上且短線強勢；ETF／外資偏弱先觀察，不因分歧減碼。若收盤跌破20日EMA約 420.41 且法人續弱，再轉為保護持有。,價格強勢站上20／60日EMA；ETF／外資偏弱，先觀察,64.1,69.2,61.9,85,100,完整,450,450,102.56,72.33,24.71,37.35,239.28,3.25,87.7,10.15,0.45,8,0,-9,-8,-28,-114,-6,-1815.481,-1881.775,-6524.37,-6764.782999999999,0,-418,-1194,29.430000000000064,1,2,-181830000,69.452,-102.30200000000002,17.43,-1675,-1572,-5009,,-1802.544,-1533.227,-5228.068,-6721.186,56.13,69.7,57.46,94.19,false,false,7.04,11.39,ETF短中期同步減碼；主動ETF 5日轉為減碼；外資持股5/10日下降，且外資5日賣超；融資增幅與短線漲幅同步偏高
247,2360,致茂,TWSE,其他電子業,暫不承接,保護持有,protect,今天不新增部位；未完成確認前不機械式賣出,下一交易日收盤，確認是否收復防守區,"已有部位暫停加碼；若收盤跌破60日EMA約 2,072.00，且下一交易日仍未收復，先減碼三分之一；若ETF或外資繼續轉弱，再分批降低部位。",ETF 5/10日同步減碼；投信5/10日持續且具金額意義地賣超,62,68.8,61.8,85,100,可用,2030,2030,175.26,101.53,39.54,47.08,167.28,21.27,50,25.17,0.99,48,-21,-40,-33,-528,-1294,-59,281.256,140.66499999999996,-321.9280000000001,104.04399999999998,-33.205,-1353.1860000000001,-2455.791,-6103.32,0,5,-2652244560,149.856,143.58099999999996,59.06,367,1538,2093,,300.416,1343.995,1990.2819999999997,6104.094999999999,47.89,31.6,29.34,36.11,true,false,-1.41,3.31,ETF短中期同步減碼；ETF 1/3日已轉為減碼；主動ETF 5日轉為減碼；投信5/10日持續且具金額意義的賣超；當下除權息調整價未守20日EMA
248,3030,德律,TWSE,其他電子業,暫不承接,保護持有,protect,今天不新增部位；未完成確認前不機械式賣出,下一交易日收盤，確認是否收復防守區,已有部位暫停加碼；若收盤跌破60日EMA約 302.73，且下一交易日仍未收復，先減碼三分之一；若ETF或外資繼續轉弱，再分批降低部位。,ETF 5/10日同步減碼,63,68.4,69.6,85,100,完整,297.5,297.5,38.19,26.75,38.59,34.3,215.96,7.36,22.01,7.05,2.41,6,0,-1,-2,-2,-9,0,-99.198,144.39100000000002,-180.551,1098.733,0,-2.4,-4.4,-21.631999999999998,0,2,-697200,7.632999999999999,-138.462,10.34,-55,-118,-564,,-77.154,139.158,-37.68900000000002,1236.6100000000001,52.51,63.86,51.68,88.23,false,false,1.92,5.31,ETF短中期同步減碼
249,6279,胡連,TPEX,電子零組件業,暫不承接,保護持有,protect,今天不新增部位；未完成確認前不機械式賣出,下一交易日收盤，確認是否收復防守區,已有部位暫停加碼；若收盤跌破60日EMA約 122.03，且下一交易日仍未收復，先減碼三分之一；若ETF或外資繼續轉弱，再分批降低部位。,ETF 5/10日同步減碼,58.7,68.4,67.2,85,100,可用,126.5,126.5,38.2,12.36,11.54,42.65,146.91,4.4,11.01,1.65,4.38,1,0,-3,-4,-9,-16,0,-119.486,-119.486,-119.486,-119.486,0,0,0,0,0,0,0,-2.486,-2.486,9.71,,,,,-117,-117,-117,-117,55.22,45.21,51.89,31.85,true,true,0.67,-0.78,ETF短中期同步減碼；外資持股趨勢資料不足或期間有非市場異動
250,3264,欣銓,TPEX,半導體業,暫不承接,正常持有,strong,強勢續抱；不追高,下一交易日收盤，確認是否守住20日EMA,價格仍在20／60日EMA之上且短線強勢；ETF偏弱先觀察，不因分歧減碼。若收盤跌破20日EMA約 217.33 且法人續弱，再轉為保護持有。,價格強勢站上20／60日EMA；ETF偏弱，先觀察,62.5,68.1,52.5,85,100,可用,237.5,237.5,52.26,31.9,29.05,52.52,88.08,4.39,29.77,5.51,1.84,14,318,-727,-2941,-4836,-269,-3241,-941.868,-941.868,-941.868,-941.868,318,318,318,318,1,0,72504000,-256.778,-256.778,36.86,,,,,-1003.09,-1003.09,-1003.09,-1003.09,60.85,74.76,58.34,107.59,false,false,9.28,11.5,ETF短中期同步減碼；主動ETF 5日轉為減碼；外資持股趨勢資料不足或期間有非市場異動
251,2618,長榮航,TWSE,航運業,暫不承接,保護持有,protect,今天不新增部位；未完成確認前不機械式賣出,下一交易日收盤，確認是否收復防守區,已有部位暫停加碼；若收盤跌破60日EMA約 41.22，且下一交易日仍未收復，先減碼三分之一；若ETF或外資繼續轉弱，再分批降低部位。,ETF 5/10日同步減碼,66.7,68,56.4,85,100,完整,42.4,42.4,21.42,17.08,13.25,62.38,115.28,2.24,8.84,1.63,4.76,27,357,-67,-74,-1499,-5398,0,441.595,-2031.6449999999986,32743.367000000002,77274.78100000002,492,815.961,-513.3249999999999,-1002.9999999999999,5,0,34270362,-1982.659,-3941.46,32.67,1831,1128,37467,,605.731,-864.9470000000002,37198.152,85996.51200000002,51.59,50,58.28,33.43,false,true,0.42,0.47,ETF短中期同步減碼；20日趨勢尚未上彎；借券賣出與借券賣出餘額壓力升高
252,6613,朋億*,TPEX,其他電子業,暫不承接,保護持有,protect,今天不新增部位；未完成確認前不機械式賣出,下一交易日收盤，確認是否收復防守區,已有部位暫停加碼；若收盤跌破60日EMA約 283.36，且下一交易日仍未收復，先減碼三分之一；若ETF或外資繼續轉弱，再分批降低部位。,價格跌破60日EMA且20日趨勢向下,56.7,68,67.9,85,100,可用,274,274,64.32,49.04,15.82,45.74,202.18,8.51,16.47,3.37,3.59,1,0,0,0,0,0,0,-728.935,-728.935,-728.935,-728.935,0,0,0,0,0,0,0,3.985,3.985,5.68,,,,,-732.92,-732.92,-732.92,-732.92,49.29,64.45,51.11,91.13,false,false,1.19,10.71,中期趨勢仍向下；外資持股趨勢資料不足或期間有非市場異動；20日趨勢尚未上彎
253,3005,神基,TWSE,電腦及週邊設備業,暫不承接,保護持有,protect,今天不新增部位；未完成確認前不機械式賣出,下一交易日收盤，確認是否收復防守區,已有部位暫停加碼；若收盤跌破60日EMA約 112.35，且下一交易日仍未收復，先減碼三分之一；若ETF或外資繼續轉弱，再分批降低部位。,ETF 5/10日同步減碼,67,67.9,64.6,85,100,完整,118.5,118.5,16.14,8.73,15.34,44.17,195.75,4.27,13.9,2.87,5.8,14,-18,-129,-143,-145,-776,0,904.883,999.2440000000001,-1709.4949999999997,2756.988,-1,-34.624,-43.624,-284.135,0,3,-4051008,-114.855,-969.462,14.84,993,1779,-1250,,926.5,1148.723,-696.4090000000001,3785.875,60.74,55.69,40.43,86.21,true,false,2.28,3.04,ETF短中期同步減碼；ETF 1/3日已轉為減碼
254,1714,和桐,TWSE,化學工業,暫不承接,正常持有,strong,漲停先續抱；不追價,下一交易日收盤，確認是否守住20日EMA,價格仍在20／60日EMA之上且今日漲停；ETF偏弱先觀察，不因分歧減碼。若收盤跌破20日EMA約 16.64 且法人續弱，再轉為保護持有。,今日漲停／趨勢站穩；ETF偏弱，先觀察,63.7,67.7,64.8,85,100,完整,18.55,18.55,77.38,61.22,11.49,29.6,335.99,0.89,14.32,1.25,1.07,2,0,-18,-18,-35,599,0,1583.051,4379.740000000001,4804.5250000000015,-10981.644999999999,0,-18,-35,599,0,1,-304200,119.722,-188.51699999999997,17.45,824,6857,7505,,1535.204,4278.018,5028.0419999999995,-11728.586000000001,67.04,68.98,56.72,93.5,true,false,11.45,12.42,ETF短中期同步減碼；20日累積後5日轉為調節
255,5871,中租-KY,TWSE,其他,暫不承接,保護持有,protect,今天不新增部位；未完成確認前不機械式賣出,下一交易日收盤，確認是否收復防守區,已有部位暫停加碼；若收盤跌破60日EMA約 113.15，且下一交易日仍未收復，先減碼三分之一；若ETF或外資繼續轉弱，再分批降低部位。,ETF 5/10日同步減碼；投信5/10日持續且具金額意義地賣超,65.2,67.7,58.9,85,100,可用,114,114,6.82,-0.78,31.24,79.97,110.35,5.84,10.81,1.17,5.13,30,-596,-1224,-1217,-1167,-3299,-2,1445.142,4614.803,15225.323000000002,7021.2270000000035,-589.02,-1190.503,-1148.503,-2580.424,2,3,-139288851,-286.506,-1061.1829999999998,45.33,4408,3292,9661,,2259.38,6091.812,17435.008999999995,10846.752999999995,50.65,68.81,68.71,69,true,true,0.22,-0.87,累計營收負成長且當月改善不足；ETF短中期同步減碼；ETF 1/3日已轉為減碼；主動ETF 5日轉為減碼；投信5/10日持續且具金額意義的賣超
256,8016,矽創,TWSE,半導體業,暫不承接,保護持有,protect,今天不新增部位；未完成確認前不機械式賣出,下一交易日收盤，確認是否收復防守區,已有部位暫停加碼；若收盤跌破60日EMA約 293.50，且下一交易日仍未收復，先減碼三分之一；若ETF或外資繼續轉弱，再分批降低部位。,ETF 5/10日同步減碼,60.1,67.7,66.6,85,100,完整,297.5,297.5,34.48,29.75,14.18,31.5,231.35,12.28,14.44,2.57,3.98,11,0,-13,-26,-2429,-2645,0,-188.939,-380.53,-546.5989999999999,383.687,0,-25.794,-2428.794,-2644.885,0,4,-7454466,-3.408,-65.07900000000001,46.34,-134,-250,1792,,-186.896,-351.328,1947.2740000000001,3040.72,50.24,48.63,44.32,57.27,false,false,0.31,1.71,ETF短中期同步減碼
257,6206,飛捷,TWSE,電腦及週邊設備業,暫不承接,保護持有,protect,今天不新增部位；未完成確認前不機械式賣出,下一交易日收盤，確認是否收復防守區,已有部位暫停加碼；若收盤跌破60日EMA約 134.37，且下一交易日仍未收復，先減碼三分之一；若ETF或外資繼續轉弱，再分批降低部位。,ETF 5/10日同步減碼；外資持股5/10日下降且外資5日賣超,56.6,67.6,77.9,85,100,完整,139,139,38.19,26.39,29.65,29.6,275.95,5.93,15.25,3.76,3.99,6,0,-5,-8,-12,-471,0,22.918,-601.287,-694.266,3560.2670000000003,0,-7.568,-11.568,-470.236,0,3,-1044384,-125.178,-211.54199999999997,19.46,109,-587,-808,,109.023,-468.541,-471.15600000000006,4231.248,49.95,31,29.09,34.81,true,true,-0.68,-0.36,ETF短中期同步減碼；外資持股5/10日下降，且外資5日賣超；當下除權息調整價未守20日EMA
258,2308,台達電,TWSE,電子零組件業,暫不承接,保護持有,protect,今天不新增部位；未完成確認前不機械式賣出,下一交易日收盤，確認是否收復防守區,"已有部位暫停加碼；若收盤跌破60日EMA約 1,837.29，且下一交易日仍未收復，先減碼三分之一；若ETF或外資繼續轉弱，再分批降低部位。",ETF 5/10日同步減碼；投信5/10日持續且具金額意義地賣超,70.2,67.5,49.5,85,100,可用,1865,1865,47.75,42.08,17.22,53.58,159.95,17.59,58.56,16.27,0.63,55,-19,-52,-119,-606,-1586,-202,99.568,-2011.085,-7056.380000000001,-7345.714000000001,-160.328,-3532.7140000000004,-4533.687000000001,-4425.372000000001,0,5,-6500193760,639.0609999999999,338.619,62.06,-284,561,-3107,,271.93,882.5679999999998,-2861.3120000000004,-3427.0600000000004,57.15,70.08,51.04,108.14,true,false,4.41,9.06,ETF短中期同步減碼；ETF 1/3日已轉為減碼；主動ETF 5日轉為減碼；投信5/10日持續且具金額意義的賣超；外資持股趨勢資料不足或期間有非市場異動
259,2368,金像電,TWSE,電子零組件業,暫不承接,正常持有,strong,強勢續抱；不追高,下一交易日收盤，確認是否守住20日EMA,"價格仍在20／60日EMA之上且短線強勢；ETF／外資偏弱先觀察，不因分歧減碼。若收盤跌破20日EMA約 1,038.37 且法人續弱，再轉為保護持有。",價格強勢站上20／60日EMA；ETF／外資偏弱，先觀察,62,67.4,54.8,85,100,完整,1225,1225,77.38,70.29,26.62,56.53,165.77,16.17,41.82,14.3,0.84,37,-502,-508,-568,-1624,-5180,-585,64.517,1465.592,-1492.883,-9917.601,1662.014,1876.0140000000001,2289.803,5427.081,3,2,2185556310,274.1780000000001,12.024000000000143,26.69,-880,-273,-3654,,-940.639,-684.6,-3794.71,-15232.630000000001,68.52,77.69,65.2,102.68,false,false,17.97,26.16,ETF短中期同步減碼；ETF 1/3日已轉為減碼；主動ETF 5日轉為減碼；外資持股5/10日下降，且外資5日賣超；短線過熱或乖離過大；借券賣出與借券賣出餘額壓力升高
260,2834,臺企銀,TWSE,金融保險業,暫不承接,保護持有,protect,今天不新增部位；未完成確認前不機械式賣出,下一交易日收盤，確認是否收復防守區,已有部位暫停加碼；若收盤跌破60日EMA約 16.40，且下一交易日仍未收復，先減碼三分之一；若ETF或外資繼續轉弱，再分批降低部位。,ETF 5/10日同步減碼；投信5/10日持續且具金額意義地賣超,64,67.4,67.6,85,100,可用,17.1,17.1,18,6.18,,94,,0.71,12.46,1.07,5.9,13,-2988,-3003,-3075,-3350,1064,0,28488.108,19649.475,6416.694999999999,-160618.965,-3107.408,-3148.388,-3504.388,-699.1750000000002,0,3,-53365177,432.682,165.40200000000004,18.23,34281,146224,136642,,31632.834,22365.180999999997,9755.680999999997,-155729.611,64.99,68.78,54.05,98.24,true,false,3.05,4.59,ETF短中期同步減碼；20日累積後5日轉為調節；ETF 1/3日已轉為減碼；投信5/10日持續且具金額意義的賣超；外資持股趨勢資料不足或期間有非市場異動；20日趨勢尚未上彎
261,2337,旺宏,TWSE,半導體業,暫不承接,保護持有,protect,今天不新增部位；未完成確認前不機械式賣出,下一交易日收盤，確認是否收復防守區,已有部位暫停加碼；若收盤跌破60日EMA約 131.79，且下一交易日仍未收復，先減碼三分之一；若ETF或外資繼續轉弱，再分批降低部位。,ETF 5/10日同步減碼；投信5/10日持續且具金額意義地賣超,60.2,66.9,64.7,85,100,可用,122.5,122.5,180.48,137.83,36.83,35.77,235.89,4.82,29.86,4.03,,11,0,-174,-196,-2625,-4290,4,4214.924,12568.593000000003,2145.163000000006,-116.08599999999296,0,-564,-19740,-6756.468000000001,1,3,-71064000,319.8620000000001,-2842.9809999999998,25.04,3352,13997,25157,,4013.863,12812.731,24728.144,11103.089999999993,46.36,49.15,46.81,53.84,false,false,-2.3,0.41,ETF短中期同步減碼；投信5/10日持續且具金額意義的賣超；當下除權息調整價未守20日EMA
262,6442,光聖,TWSE,通信網路業,暫不承接,保護持有,protect,今天不新增部位；未完成確認前不機械式賣出,下一交易日收盤，確認是否收復防守區,"已有部位暫停加碼；若收盤跌破60日EMA約 1,578.25，且下一交易日仍未收復，先減碼三分之一；若ETF或外資繼續轉弱，再分批降低部位。",ETF 5/10日同步減碼；投信5/10日持續且具金額意義地賣超,64.8,66.3,63.8,85,100,完整,1635,1635,49.25,30.48,29.66,31.99,217.81,19.07,48.22,9.79,0.69,9,0,-33,-145,-147,-206,-144,176.723,-53.82499999999999,-66.79399999999998,-1273.147,-66,-390,-253,296.04600000000005,0,5,-635700000,35.582,29.109000000000005,32.24,256,249,168,,236.903,300.59299999999996,157.09699999999992,-1612.9380000000003,58.53,69.01,62.43,82.16,false,false,6.36,1.87,ETF短中期同步減碼；主動ETF 5日轉為減碼；投信5/10日持續且具金額意義的賣超
263,3665,貿聯-KY,TWSE,其他電子業,暫不承接,正常持有,strong,強勢續抱；不追高,下一交易日收盤，確認是否守住20日EMA,"價格仍在20／60日EMA之上且短線強勢；ETF偏弱先觀察，不因分歧減碼。若收盤跌破20日EMA約 2,166.01 且法人續弱，再轉為保護持有。",價格強勢站上20／60日EMA；ETF偏弱，先觀察,66.2,66.1,55.4,85,100,可用,2315,2315,59.59,37.93,16.12,46.24,213.69,26.94,39.85,8.54,0.7,38,-81,-164,-149,-299,-2027,-161,211.367,-764.485,-3685.261,-5247.472,-25.001,83.88700000000003,-470.2199999999999,-2559.6369999999997,2,3,182034790,-136.11999999999998,2.146000000000015,51.95,204,-1598,119,,280.491,-712.2520000000001,-3217.187,-2741.5799999999995,57.01,60.79,47.16,88.06,true,false,6.88,11.57,ETF短中期同步減碼；ETF 1/3日已轉為減碼；主動ETF 5日轉為減碼；外資持股趨勢資料不足或期間有非市場異動
264,5876,上海商銀,TWSE,金融保險業,暫不承接,保護持有,protect,今天不新增部位；未完成確認前不機械式賣出,下一交易日收盤，確認是否收復防守區,已有部位暫停加碼；若收盤跌破60日EMA約 42.87，且下一交易日仍未收復，先減碼三分之一；若ETF或外資繼續轉弱，再分批降低部位。,ETF 5/10日同步減碼；投信5/10日持續且具金額意義地賣超,60.7,66.1,66,85,100,可用,44.5,44.5,19.61,1.29,,88.62,,2.08,12.12,0.97,4.2,17,-1016,-2493,-2330,-1387,-5712,-8,-2154.736,-4111.062,4734.037,1652.3200000000002,-958.056,-1603.256,-728.2860000000001,-2203.67,2,3,-68779682,-927.3989999999999,-982.8749999999998,54.67,-264,-554,8908,,-680.064,-1580.407,6445.198,7268.568,58.29,61.83,58.2,69.07,true,false,2.35,1.71,ETF短中期同步減碼；ETF 1/3日已轉為減碼；主動ETF 5日轉為減碼；投信5/10日持續且具金額意義的賣超；20日趨勢尚未上彎
265,2812,台中銀,TWSE,金融保險業,暫不承接,保護持有,protect,今天不新增部位；未完成確認前不機械式賣出,下一交易日收盤，確認是否收復防守區,已有部位暫停加碼；若收盤跌破60日EMA約 18.87，且下一交易日仍未收復，先減碼三分之一；若ETF或外資繼續轉弱，再分批降低部位。,ETF 5/10日同步減碼,61.5,65.7,67.9,85,100,可用,19.1,19.1,1.56,19.29,,90.61,,0.87,11.34,1.19,5.56,8,-9,-15,-49,-55,3198,0,4544.301,4053.4890000000005,17544.369,-59227.189,-9,-49.169,-72.169,2297.215,0,3,-936669,147.5,-42.5,8.51,4580,33977,44432,,4596.509,3955.1580000000004,17659.038,-59698.678,55.9,79.93,72.5,94.79,true,true,0.9,0.79,ETF短中期同步減碼；20日累積後5日轉為調節；ETF 1/3日已轉為減碼；外資持股趨勢資料不足或期間有非市場異動；20日趨勢尚未上彎
266,6525,捷敏-KY,TWSE,半導體業,暫不承接,保護持有,protect,今天不新增部位；未完成確認前不機械式賣出,下一交易日收盤，確認是否收復防守區,已有部位暫停加碼；若收盤跌破60日EMA約 141.05，且下一交易日仍未收復，先減碼三分之一；若ETF或外資繼續轉弱，再分批降低部位。,ETF 5/10日同步減碼,62.7,65.7,61.1,85,100,完整,143,143,31.99,18.13,21.2,34.8,210.53,3.84,19.4,3.82,3.58,3,0,-5,-7,-12,-23,0,-272.768,95.02100000000007,-1688.958,-1366.306,0,-6.877,-11.876999999999999,169.123,0,2,-959341,-55.202,-124.40299999999999,15.57,-257,155,-1097,,-267.335,157.1,-1552.6779999999999,-1704.6049999999996,49.98,45.54,38.42,59.76,true,false,0.6,5.15,ETF短中期同步減碼
267,2302,麗正,TWSE,半導體業,暫不承接,保護持有,protect,今天不新增部位；未完成確認前不機械式賣出,下一交易日收盤，確認是否收復防守區,已有部位暫停加碼；若收盤跌破60日EMA約 40.78，且下一交易日仍未收復，先減碼三分之一；若ETF或外資繼續轉弱，再分批降低部位。,ETF 5/10日同步減碼,63.1,65.6,52.8,85,100,完整,44,44,81.16,30.47,14.17,34.29,148.18,0.6,41.26,4,0.79,1,0,-1,-1,-3,-8,0,145.96,1179.878,-1353.7360000000003,947.3259999999995,0,-1,-3,-8,0,1,-44150,25.061999999999998,-0.5770000000000028,2.02,158,1190,-1154,,140.659,1155.8159999999998,-1350.1590000000003,845.1209999999998,52.72,50.32,44.74,61.5,false,false,1.52,5.77,ETF短中期同步減碼
268,1560,中砂,TWSE,電機機械,暫不承接,正常持有,strong,強勢續抱；不追高,下一交易日收盤，確認是否守住20日EMA,價格仍在20／60日EMA之上且短線強勢；ETF偏弱先觀察，不因分歧減碼。若收盤跌破20日EMA約 694.88 且法人續弱，再轉為保護持有。,價格強勢站上20／60日EMA；ETF偏弱，先觀察,63.6,65.3,55.6,85,100,完整,744,744,26.56,23.56,21.9,36.64,166.07,6.44,58.08,11.27,0.72,8,0,-103,-103,-1154,-816,-103,-160.677,-196.224,-1129.254,131.59099999999995,0,-108,-1450,-768.471,2,1,-73764000,-10.729000000000003,-107.09100000000001,38.01,-138,-87,332,,-143.706,-77.495,427.837,1258.8220000000003,60.33,57.17,43.23,85.05,true,false,7.07,9.9,ETF短中期同步減碼；主動ETF 5日轉為減碼
269,6291,沛亨,TPEX,半導體業,暫不承接,正常持有,strong,強勢續抱；不追高,下一交易日收盤，確認是否守住20日EMA,價格仍在20／60日EMA之上且短線強勢；ETF偏弱先觀察，不因分歧減碼。若收盤跌破20日EMA約 393.03 且法人續弱，再轉為保護持有。,價格強勢站上20／60日EMA；ETF偏弱，先觀察,62.6,65.3,57.3,85,100,可用,424,424,39.45,41.76,24.29,36.66,247.35,6.36,34.97,11.96,1.48,2,0,0,-1,-1,-2,0,-5.999,-5.999,-5.999,-5.999,0,0,0,0,0,0,0,-12.949,-12.949,5.08,,,,,6.95,6.95,6.95,6.95,57.29,68.9,60.91,84.88,false,false,7.88,10.56,ETF短中期同步減碼；外資持股趨勢資料不足或期間有非市場異動
270,3029,零壹,TWSE,資訊服務業,暫不承接,保護持有,protect,今天不新增部位；未完成確認前不機械式賣出,下一交易日收盤，確認是否收復防守區,已有部位暫停加碼；若收盤跌破60日EMA約 106.63，且下一交易日仍未收復，先減碼三分之一；若ETF或外資繼續轉弱，再分批降低部位。,ETF 5/10日同步減碼,64.3,65,50.9,85,100,完整,112.5,112.5,59.18,16.2,6.32,63.78,142.48,3.63,16.12,3.57,4.87,3,1,-2,-4,-9,-17,0,699.721,478.616,1427.671,3550.9069999999997,1,-3.652,-8.652000000000001,-17.632,1,2,-412676,46.448,102.16399999999999,7.68,694,307,820,,699.355,435.8200000000001,1334.159,3430.974,58.17,67.04,67.98,65.15,false,true,2.23,1.81,ETF短中期同步減碼
271,6285,啟碁,TWSE,通信網路業,暫不承接,保護持有,protect,今天不新增部位；未完成確認前不機械式賣出,下一交易日收盤，確認是否收復防守區,已有部位暫停加碼；若收盤跌破60日EMA約 245.95，且下一交易日仍未收復，先減碼三分之一；若ETF或外資繼續轉弱，再分批降低部位。,ETF 5/10日同步減碼；投信5/10日持續且具金額意義地賣超,64.1,65,44.2,85,100,可用,249,249,89.82,32.02,5,65.98,133.19,5.75,26.73,3.3,1.76,17,-12,-251,-263,-302,-243,-7,-512.937,776.6019999999999,-650.734,-1580.6730000000005,-126.63,-306.5,-324.5,92.507,0,5,-74786000,139.224,-121.017,23.75,-353,1146,-438,,-320.06,943.8779999999999,-205.2170000000001,-1465.6440000000005,53.61,64.97,53.19,88.55,false,false,2.65,6.64,ETF短中期同步減碼；ETF 1/3日已轉為減碼；主動ETF 5日轉為減碼；投信5/10日持續且具金額意義的賣超；外資持股趨勢資料不足或期間有非市場異動
272,9945,潤泰新,TWSE,其他,暫不承接,保護持有,protect,今天不新增部位；未完成確認前不機械式賣出,下一交易日收盤，確認是否收復防守區,已有部位暫停加碼；若收盤跌破60日EMA約 27.18，且下一交易日仍未收復，先減碼三分之一；若ETF或外資繼續轉弱，再分批降低部位。,ETF 5/10日同步減碼；外資持股5/10日下降且外資5日賣超,53,64.9,74,85,100,完整,28.05,28.05,2.01,33.94,20.1,34.7,158.5,3.7,4.86,0.49,3.96,4,0,-1672,-2782,-3971,-3983,-2775,-699.289,-7696.205999999999,-5402.303999999999,7780.729000000001,0,-2782,-3971,-3983.024,0,2,-77339600,-89.16000000000001,-485.76800000000003,8.18,-255,-4494,-2227,,-682.674,-4825.046,-945.5360000000005,11715.363000000001,50.71,18.11,29.81,-5.29,false,false,-0.59,-2.43,ETF短中期同步減碼；主動ETF 5日轉為減碼；外資持股5/10日下降，且外資5日賣超；當下除權息調整價未守20日EMA；單季稅前獲利對營業外貢獻依賴偏高
273,2347,聯強,TWSE,電子通路業,暫不承接,降低部位,trim,停止加碼；反彈未站回恢復區時分批減碼,每個交易日收盤後，確認是否站回恢復區,已有部位先停止加碼。反彈若仍未站回 88.10，分批降低部位；只有站回且ETF／外資賣壓收斂後才重新評估。,價格跌破60日EMA且20日趨勢向下；外資持股5/10日下降且外資5日賣超,58.8,64.6,56.5,85,100,可用,86,86,126.88,84.54,2.49,70.33,142.57,4.12,11.9,1.68,4.83,24,824,535,619,1638,4009,5,-225.327,-3326.528,-4085.544,1391.783,867,908.549,1903.549,5321.961,3,2,79043763,-424.78000000000003,-640.339,29.66,-439,-3390,-5940,,-937.735,-3810.2969999999996,-5348.753999999999,-2191.063999999999,42.07,29.59,29.37,30.03,false,false,-2.36,-0.81,中期趨勢仍向下；外資持股5/10日下降，且外資5日賣超；20日趨勢尚未上彎；當下除權息調整價未守20日EMA；官方重大訊息出現高風險關鍵字，須查原文
274,5522,遠雄,TWSE,建材營造,暫不承接,降低部位,trim,停止加碼；反彈未站回恢復區時分批減碼,每個交易日收盤後，確認是否站回恢復區,已有部位先停止加碼。反彈若仍未站回 65.89，分批降低部位；只有站回且ETF／外資賣壓收斂後才重新評估。,價格跌破60日EMA且20日趨勢向下；ETF 5/10日同步減碼；外資持股5/10日下降且外資5日賣超,45.9,64.6,76.8,85,100,完整,62.4,62.4,189.24,453.3,23.71,56.27,172.19,1.99,6.15,1.01,8.91,5,-1,-5,-5,-5,-30,0,-672.421,-1061.421,-337.269,-2010.8549999999996,-1,-3,-6,-500.778,1,2,-185100,-38.191,-59.191,4.58,-743,-1040,-746,,-665.23,-1020.23,-272.078,-1342.734,40.63,34.96,45.91,13.05,false,true,-1.9,-2.04,中期趨勢仍向下；ETF短中期同步減碼；ETF 1/3日已轉為減碼；外資持股5/10日下降，且外資5日賣超；20日趨勢尚未上彎；當下除權息調整價未守20日EMA
275,5904,寶雅*,TPEX,居家生活,暫不承接,保護持有,protect,今天不新增部位；未完成確認前不機械式賣出,下一交易日收盤，確認是否收復防守區,已有部位暫停加碼；若收盤跌破60日EMA約 69.95，且下一交易日仍未收復，先減碼三分之一；若ETF或外資繼續轉弱，再分批降低部位。,ETF 5/10日同步減碼,56.7,64.5,51.9,85,100,可用,73.5,73.5,19.22,14.47,16.38,78.94,111.99,17.45,22.06,1.1,3.4,9,-3,-17,-449,-1090,8445,-442,705.442,705.442,705.442,705.442,-3,-3,-3,-3,0,1,-225000,-22.005,-22.005,25.6,,,,,730.447,730.447,730.447,730.447,48.52,9.57,14.51,-0.33,false,false,-1.74,-1.87,ETF短中期同步減碼；20日累積後5日轉為調節；ETF 1/3日已轉為減碼；主動ETF 5日轉為減碼；外資持股趨勢資料不足或期間有非市場異動；當下除權息調整價未守20日EMA
276,1815,富喬,TPEX,電子零組件業,暫不承接,正常持有,strong,強勢續抱；不追高,下一交易日收盤，確認是否守住20日EMA,價格仍在20／60日EMA之上且短線強勢；ETF偏弱先觀察，不因分歧減碼。若收盤跌破20日EMA約 106.07 且法人續弱，再轉為保護持有。,價格強勢站上20／60日EMA；ETF偏弱，先觀察,54.8,64.1,67.2,85,100,可用,129,129,68.11,46.9,23.66,36.17,273.98,2.24,36.67,5.4,0.79,3,0,-2,-2,-4,10030,0,-1991.146,-1991.146,-1991.146,-1991.146,-1811,-1811,-1811,-1811,0,1,-229091500,-568.712,-568.712,29.68,,,,,388.566,388.566,388.566,388.566,77.35,90.51,88.58,94.37,false,false,21.61,18.35,ETF短中期同步減碼；20日累積後5日轉為調節；外資持股趨勢資料不足或期間有非市場異動；短線過熱或乖離過大
277,3526,凡甲,TPEX,電子零組件業,暫不承接,降低部位,trim,停止加碼；反彈未站回恢復區時分批減碼,每個交易日收盤後，確認是否站回恢復區,已有部位先停止加碼。反彈若仍未站回 301.55，分批降低部位；只有站回且ETF／外資賣壓收斂後才重新評估。,價格跌破60日EMA且20日趨勢向下；ETF 5/10日同步減碼,50.9,64.1,74.2,85,95.5,可用,285,285,41.36,27.12,31.35,45.89,284.73,9.08,15.99,4.59,5.93,4,0,-2,-3,-1,-6,0,-59.516,-59.516,-59.516,-59.516,0,0,0,0,0,0,0,-45.516,-45.516,17.48,,,,,-14,-14,-14,-14,44.68,67.29,51.61,98.65,false,false,-0.68,2.52,中期趨勢仍向下；ETF短中期同步減碼；外資持股趨勢資料不足或期間有非市場異動；20日趨勢尚未上彎；當下除權息調整價未守20日EMA
278,3010,華立,TWSE,電子通路業,暫不承接,保護持有,protect,今天不新增部位；未完成確認前不機械式賣出,下一交易日收盤，確認是否收復防守區,已有部位暫停加碼；若收盤跌破60日EMA約 125.17，且下一交易日仍未收復，先減碼三分之一；若ETF或外資繼續轉弱，再分批降低部位。,ETF 5/10日同步減碼；外資持股5/10日下降且外資5日賣超,59.8,63.9,56.9,85,100,完整,128,128,31.45,19.64,4.04,53.53,149.98,5.93,11.44,1.21,4.14,5,0,-2,-2,-1,-3,0,82.942,-412.11400000000003,-678.193,1565.8010000000002,0,-2,-3,-4.8919999999999995,1,3,-256000,21.764,52.967999999999996,19.82,85,-370,-603,,82,-431.878,-728.161,1534.3950000000002,55.62,52.93,52.91,52.97,true,true,1.39,-1.54,ETF短中期同步減碼；外資持股5/10日下降，且外資5日賣超
279,6515,穎崴,TWSE,半導體業,暫不承接,保護持有,protect,今天不新增部位；未完成確認前不機械式賣出,下一交易日收盤，確認是否收復防守區,"已有部位暫停加碼；若收盤跌破60日EMA約 7,088.56，且下一交易日仍未收復，先減碼三分之一；若ETF或外資繼續轉弱，再分批降低部位。",ETF 5/10日同步減碼；投信5/10日持續且具金額意義地賣超,62.8,63.8,50.5,85,100,可用,6910,6910,155.57,82.29,24.63,44.89,225.07,38.24,102.9,26.57,0.79,25,0,-55,-53,-83,-228,-53,-34.021,50.658,1.8940000000000055,-318.14899999999994,-16,-242.502,-411.484,-1255.287,0,5,-1524125070,6.009,-2.592,24.77,-16,267,399,,-14.675,287.151,415.97,944.615,55.93,57.4,39.63,92.95,true,false,6.77,10.47,ETF短中期同步減碼；主動ETF 5日轉為減碼；投信5/10日持續且具金額意義的賣超
280,3680,家登,TPEX,半導體業,暫不承接,正常持有,strong,漲停先續抱；不追價,下一交易日收盤，確認是否守住20日EMA,價格仍在20／60日EMA之上且今日漲停；ETF偏弱先觀察，不因分歧減碼。若收盤跌破20日EMA約 477.66 且法人續弱，再轉為保護持有。,今日漲停／趨勢站穩；ETF偏弱，先觀察,58,63.7,56.7,85,100,可用,542,542,71.69,28.67,16.54,47.06,233.81,8.09,33.15,3.65,1.4,2,0,-1,-1,-1,-2,0,-88.372,-88.372,-88.372,-88.372,0,0,0,0,0,0,0,-58.764,-58.764,27.37,,,,,-29.608,-29.608,-29.608,-29.608,68,78.98,68.76,99.43,false,false,13.47,17.44,ETF短中期同步減碼；外資持股趨勢資料不足或期間有非市場異動；短線過熱或乖離過大
281,6121,新普,TPEX,電腦及週邊設備業,暫不承接,保護持有,protect,今天不新增部位；未完成確認前不機械式賣出,下一交易日收盤，確認是否收復防守區,已有部位暫停加碼；若收盤跌破60日EMA約 394.01，且下一交易日仍未收復，先減碼三分之一；若ETF或外資繼續轉弱，再分批降低部位。,ETF 5/10日同步減碼,61.1,63.5,64.6,85,100,可用,408.5,408.5,12.34,4.88,11.49,43.1,222.47,15.89,12.2,1.88,5.4,17,3,-5,-134,-34,91,-136,39.99,39.99,39.99,39.99,3,3,3,3,1,0,1212000,-1.266,-1.266,46.09,,,,,38.256,38.256,38.256,38.256,55.54,63.07,50.39,88.43,false,false,2.29,2.64,ETF短中期同步減碼；20日累積後5日轉為調節；主動ETF 5日轉為減碼；外資持股趨勢資料不足或期間有非市場異動
282,6187,萬潤,TPEX,半導體業,暫不承接,保護持有,protect,今天不新增部位；未完成確認前不機械式賣出,下一交易日收盤，確認是否收復防守區,"已有部位暫停加碼；若收盤跌破60日EMA約 1,139.19，且下一交易日仍未收復，先減碼三分之一；若ETF或外資繼續轉弱，再分批降低部位。",ETF 5/10日同步減碼,58.2,63.5,54.8,85,100,可用,1375,1375,73.44,42.72,29.5,35.14,178.04,11.9,69.73,15.37,0.87,17,-80,-537,-444,-969,-2298,-442,42.033,42.033,42.033,42.033,93,93,93,93,1,0,125085000,-14.949,-14.949,33.8,,,,,-36.018,-36.018,-36.018,-36.018,60.25,70.13,67.85,74.68,false,false,9.98,8.27,ETF短中期同步減碼；ETF 1/3日已轉為減碼；主動ETF 5日轉為減碼；外資持股趨勢資料不足或期間有非市場異動
283,5439,高技,TPEX,電子零組件業,暫不承接,正常持有,strong,強勢續抱；不追高,下一交易日收盤，確認是否守住20日EMA,價格仍在20／60日EMA之上且短線強勢；ETF偏弱先觀察，不因分歧減碼。若收盤跌破20日EMA約 251.52 且法人續弱，再轉為保護持有。,價格強勢站上20／60日EMA；ETF偏弱，先觀察,57.2,63.4,53.6,85,100,可用,275,275,4.48,40.78,15.78,67.67,169.55,8.15,14.79,6.16,2.69,2,-78,-268,-268,-400,-577,-268,-1426.612,-1426.612,-1426.612,-1426.612,-78,-78,-78,-78,0,1,-20865000,318.931,318.931,20.91,,,,,-1667.543,-1667.543,-1667.543,-1667.543,63.19,72.74,59.87,98.48,false,false,9.33,13.87,ETF短中期同步減碼；ETF 1/3日已轉為減碼；主動ETF 5日轉為減碼；外資持股趨勢資料不足或期間有非市場異動
284,2049,上銀,TWSE,電機機械,暫不承接,保護持有,protect,今天不新增部位；未完成確認前不機械式賣出,下一交易日收盤，確認是否收復防守區,已有部位暫停加碼；若收盤跌破60日EMA約 341.99，且下一交易日仍未收復，先減碼三分之一；若ETF或外資繼續轉弱，再分批降低部位。,ETF 5/10日同步減碼；外資持股5/10日下降且外資5日賣超,64.9,63.2,55.1,85,100,完整,359,359,33.94,20.36,11.98,31.19,225.94,4.03,53.03,3.16,0.57,8,0,-53,-53,-55,-1682,-55,-276.748,-906.9490000000001,-2962.6110000000003,6985.645999999999,-435,-869.369,2206.631,876.6659999999998,2,2,-304279150,59.806,-562.762,38.53,316,-54,-4056,,172.155,-97.386,-4606.4800000000005,6088.954,53.29,35.64,32.1,42.71,false,false,1.39,3.91,ETF短中期同步減碼；主動ETF 5日轉為減碼；外資持股5/10日下降，且外資5日賣超
285,3023,信邦,TWSE,電子零組件業,暫不承接,保護持有,protect,今天不新增部位；未完成確認前不機械式賣出,下一交易日收盤，確認是否收復防守區,已有部位暫停加碼；若收盤跌破60日EMA約 309.87，且下一交易日仍未收復，先減碼三分之一；若ETF或外資繼續轉弱，再分批降低部位。,ETF 5/10日同步減碼；投信5/10日持續且具金額意義地賣超,64.8,63.1,51.5,85,100,完整,320,320,28.97,11.44,10.95,52.87,162.52,7.37,23.37,4.62,3.2,15,-7,-145,-146,-392,322,-85,93.74,180.117,976.1079999999998,2258.758,0,-104,-278,488.914,1,3,-32500000,-68.095,-71.65899999999999,41.84,262,540,1294,,116.08,352.212,1325.7669999999998,2941.4259999999995,54.51,56.16,55.41,57.66,true,true,1.7,-0.16,ETF短中期同步減碼；20日累積後5日轉為調節；ETF 1/3日已轉為減碼；主動ETF 5日轉為減碼；投信5/10日持續且具金額意義的賣超
286,1319,東陽,TWSE,汽車工業,暫不承接,保護持有,protect,今天不新增部位；未完成確認前不機械式賣出,下一交易日收盤，確認是否收復防守區,已有部位暫停加碼；若收盤跌破60日EMA約 80.26，且下一交易日仍未收復，先減碼三分之一；若ETF或外資繼續轉弱，再分批降低部位。,ETF 5/10日同步減碼,65.1,63,62.6,85,100,完整,83.2,83.2,22.66,-10.21,15.76,29.8,156.04,2.98,13.41,1.81,6.05,8,1,-1,-2,-6,-539,0,379.09,1411.4319999999998,3600.94,15590.256999999998,1,0.96,-9.04,-393.493,2,2,79296,81.94000000000001,-95.18099999999997,11.51,208,762,2268,,368.39,1328.532,3705.1609999999996,15900.012999999999,64.14,45.5,45.11,46.26,true,false,3.08,0.73,ETF短中期同步減碼
287,1476,儒鴻,TWSE,紡織纖維,暫不承接,降低部位,trim,停止加碼；反彈未站回恢復區時分批減碼,每個交易日收盤後，確認是否站回恢復區,已有部位先停止加碼。反彈若仍未站回 331.08，分批降低部位；只有站回且ETF／外資賣壓收斂後才重新評估。,價格跌破60日EMA且20日趨勢向下；外資持股5/10日下降且外資5日賣超,56.7,62.9,73.3,85,100,完整,314.5,314.5,23.26,5.98,20.96,24,273.93,12.35,12.8,2.92,4.85,13,68,69,72,140,598,0,-205.271,-632.1939999999998,-580.5749999999999,-4066.058000000001,68,72.168,138.01,573.654,4,1,22299912,-55.519000000000005,-41.26400000000001,29.01,-323,-974,-1036,,-256.235,-648.8430000000001,-677.3210000000001,-4531.348,41.96,48.7,46.37,53.37,false,false,-2.08,-1.41,中期趨勢仍向下；外資持股5/10日下降，且外資5日賣超；20日趨勢尚未上彎；當下除權息調整價未守20日EMA
288,2303,聯電,TWSE,半導體業,暫不承接,保護持有,protect,今天不新增部位；未完成確認前不機械式賣出,下一交易日收盤，確認是否收復防守區,已有部位暫停加碼；若收盤跌破60日EMA約 126.11，且下一交易日仍未收復，先減碼三分之一；若ETF或外資繼續轉弱，再分批降低部位。,ETF 5/10日同步減碼,64.3,62.8,58.7,85,100,可用,132.5,132.5,18.98,12.41,20.21,33.34,216.6,4.68,19.4,3.65,2.02,59,926,-11857,-9955,-35634,-55071,-10463,-7502.161,12226.233999999988,13887.327999999989,-11391.029000000017,6339.869,-7345.593000000002,-47016.797000000006,-100102.929,3,2,-947581497,3157.654,56.17299999999989,41.42,-18622,25348,71129,,-12716.12,16414.172999999995,60847.952,75563.74000000002,56.52,78.95,67.62,101.6,false,false,6.29,6,ETF短中期同步減碼；主動ETF 5日轉為減碼；外資持股趨勢資料不足或期間有非市場異動；單季稅前獲利對營業外貢獻依賴偏高
289,3577,泓格,TPEX,電腦及週邊設備業,暫不承接,保護持有,protect,今天不新增部位；未完成確認前不機械式賣出,下一交易日收盤，確認是否收復防守區,已有部位暫停加碼；若收盤跌破60日EMA約 122.65，且下一交易日仍未收復，先減碼三分之一；若ETF或外資繼續轉弱，再分批降低部位。,價格跌破60日EMA且20日趨勢向下,49.1,61.4,71.4,85,100,可用,115,115,54.07,39.95,30.26,27.72,225.16,3.28,26.9,5.08,1.71,1,0,0,0,0,7,0,-130.725,-130.725,-130.725,-130.725,0,0,0,0,0,0,0,0.694,0.694,3.19,,,,,-131.419,-131.419,-131.419,-131.419,41.06,30.47,22.29,46.83,true,false,-4.62,0.88,中期趨勢仍向下；外資持股趨勢資料不足或期間有非市場異動；20日趨勢尚未上彎；當下除權息調整價未守20日EMA
290,4551,智伸科,TWSE,汽車工業,暫不承接,保護持有,protect,今天不新增部位；未完成確認前不機械式賣出,下一交易日收盤，確認是否收復防守區,已有部位暫停加碼；若收盤跌破60日EMA約 173.09，且下一交易日仍未收復，先減碼三分之一；若ETF或外資繼續轉弱，再分批降低部位。,ETF 5/10日同步減碼；外資持股5/10日下降且外資5日賣超,56.3,61.4,59.9,85,100,完整,167.5,167.5,23.12,19.4,14.4,37.61,221.94,4.77,16.74,1.99,2.63,2,0,-2,-2,-88,-92,0,-93.903,-318.67600000000004,-598.778,-2665.01,-16,318,232,1793,2,1,50721000,26.488999999999997,31.483999999999998,55.69,-78,-648,-814,,-77.606,-663.1650000000001,-862.2620000000002,-4623.2210000000005,49.39,56.51,45.21,79.11,false,false,1.08,8.06,ETF短中期同步減碼；外資持股5/10日下降，且外資5日賣超
291,8210,勤誠,TWSE,電腦及週邊設備業,暫不承接,降低部位,trim,停止加碼；反彈未站回恢復區時分批減碼,每個交易日收盤後，確認是否站回恢復區,"已有部位先停止加碼。反彈若仍未站回 1,099.75，分批降低部位；只有站回且ETF／外資賣壓收斂後才重新評估。",價格跌破60日EMA且20日趨勢向下；ETF 5/10日同步減碼；投信5/10日持續且具金額意義地賣超,54,61.3,54.8,85,100,完整,990,990,41.51,53.4,24.82,56.81,149.43,21.83,25.4,9.74,1.44,15,-50,-63,-43,-69,19,-42,-568.958,-160.11400000000003,-717.018,-3998.813000000001,-50,-228,-431,-2585.516,0,5,-220932000,11.615000000000002,18.727,8.57,-518,143,-254,,-495.357,56.27099999999993,-304.74500000000006,-1462.7850000000003,44.54,47.36,32.78,76.51,false,false,-1.97,2.59,中期趨勢仍向下；ETF短中期同步減碼；20日累積後5日轉為調節；ETF 1/3日已轉為減碼；主動ETF 5日轉為減碼；投信5/10日持續且具金額意義的賣超；20日趨勢尚未上彎；當下除權息調整價未守20日EMA
292,8358,金居,TPEX,電子零組件業,暫不承接,正常持有,strong,強勢續抱；不追高,下一交易日收盤，確認是否守住20日EMA,價格仍在20／60日EMA之上且短線強勢；ETF偏弱先觀察，不因分歧減碼。若收盤跌破20日EMA約 449.17 且法人續弱，再轉為保護持有。,價格強勢站上20／60日EMA；ETF偏弱，先觀察,60.8,61.2,60.4,85,100,可用,526,526,54.87,44.88,24.99,24.79,184.41,4.22,80.48,14.66,0.37,11,0,-172,-171,-33,-707,-170,3915.588,3915.588,3915.588,3915.588,9,9,9,9,1,0,4860000,390.444,390.444,29.08,,,,,3516.144,3516.144,3516.144,3516.144,65.76,84.07,79.92,92.38,false,false,17.1,22.61,ETF短中期同步減碼；外資持股趨勢資料不足或期間有非市場異動；短線過熱或乖離過大；高波動且5日漲幅過大
293,2851,中再保,TWSE,金融保險業,暫不承接,保護持有,protect,今天不新增部位；未完成確認前不機械式賣出,下一交易日收盤，確認是否收復防守區,已有部位暫停加碼；若收盤跌破60日EMA約 38.41，且下一交易日仍未收復，先減碼三分之一；若ETF或外資繼續轉弱，再分批降低部位。,ETF 5/10日同步減碼,54.1,61.1,67.1,85,100,完整,45.85,45.85,-33.46,111.05,,59.8,,7.91,4.38,1.41,4.76,2,0,-12,-16,-17,-37,0,267.199,3658.54,4828.037,7449.999000000001,0,-16,-17,-37,0,2,-739200,-112.08199999999997,-447.5269999999998,10.21,846,3974,5720,,453.194,3786.622,5292.563999999999,7813.580999999999,67.82,68.97,72.7,61.49,false,false,9.29,4.8,ETF短中期同步減碼
294,2327,國巨*,TWSE,電子零組件業,暫不承接,保護持有,protect,今天不新增部位；未完成確認前不機械式賣出,下一交易日收盤，確認是否收復防守區,已有部位暫停加碼；若收盤跌破60日EMA約 638.02，且下一交易日仍未收復，先減碼三分之一；若ETF或外資繼續轉弱，再分批降低部位。,ETF 5/10日同步減碼；外資持股5/10日下降且外資5日賣超；投信5/10日持續且具金額意義地賣超,53.9,61,51.2,85,100,可用,568,568,51.51,32.52,25.85,64.73,131.19,8.48,36.7,6.34,1.1,38,-647,-1978,-1450,-2108,772,138,-16926.07,-28223.085,-46107.329,-103828.773,-3641.525,-15286.389000000001,-19952.648,-14375.771,0,5,-8331082005,2085.079,6.7570000000001755,44.82,-12335,-14629,-24175,,-13468.029,-15021.775000000001,-26161.438000000002,-88471.17599999999,45.41,44.89,37.61,59.44,true,false,-2.55,4.41,ETF短中期同步減碼；20日累積後5日轉為調節；ETF 1/3日已轉為減碼；投信5/10日持續且具金額意義的賣超；外資持股5/10日下降，且外資5日賣超；當下除權息調整價未守20日EMA
295,4764,雙鍵,TWSE,化學工業,暫不承接,降低部位,trim,停止加碼；反彈未站回恢復區時分批減碼,每個交易日收盤後，確認是否站回恢復區,已有部位先停止加碼。反彈若仍未站回 256.49，分批降低部位；只有站回且ETF／外資賣壓收斂後才重新評估。,價格跌破60日EMA且20日趨勢向下；外資持股5/10日下降且外資5日賣超,58.2,61,43.5,85,100,完整,247,247,44.07,28.61,14.74,52.67,140.17,2.26,77.74,8.08,0.41,1,0,0,0,0,-82,0,-160.596,74.96099999999996,195.94499999999996,-765.463,0,600,630,-498,2,0,144600000,25.490000000000002,14.187999999999995,25.42,-95,-360,-293,,-149.908,-550.5289999999999,-448.24299999999994,-394.4609999999999,51.32,78.85,62.15,112.24,false,false,4.05,16.51,中期趨勢仍向下；外資持股5/10日下降，且外資5日賣超；20日趨勢尚未上彎；高波動且5日漲幅過大
296,2492,華新科,TWSE,電子零組件業,暫不承接,保護持有,protect,今天不新增部位；未完成確認前不機械式賣出,下一交易日收盤，確認是否收復防守區,已有部位暫停加碼；若收盤跌破60日EMA約 313.51，且下一交易日仍未收復，先減碼三分之一；若ETF或外資繼續轉弱，再分批降低部位。,ETF 5/10日同步減碼,64.4,60.6,55.1,85,100,完整,302.5,302.5,41.95,18.66,9.02,34.44,157.66,4.93,33.15,2.15,0.85,8,0,-13,-19,-32,-40,0,893.422,3752.7329999999993,-18343.960000000003,-67794.45,0,11,-23,2418.776,1,2,3245000,491.2239999999999,-127.81700000000006,12.24,2996,2179,-17911,,2379.273,3250.509,-18193.143,-65396.773,51.72,66.73,55.03,90.12,false,false,4.58,12.87,ETF短中期同步減碼；高波動且5日漲幅過大
297,3357,臺慶科,TPEX,電子零組件業,暫不承接,保護持有,protect,今天不新增部位；未完成確認前不機械式賣出,下一交易日收盤，確認是否收復防守區,已有部位暫停加碼；若收盤跌破60日EMA約 228.75，且下一交易日仍未收復，先減碼三分之一；若ETF或外資繼續轉弱，再分批降低部位。,ETF 5/10日同步減碼,45.8,60.5,70.5,85,100,可用,215.5,215.5,63.31,29.22,16.21,29.91,188.39,6.33,20.22,2.19,2.36,1,0,0,-90,-89,-91,-90,-75.768,-75.768,-75.768,-75.768,0,0,0,0,0,0,0,-124.298,-124.298,20.07,,,,,48.53,48.53,48.53,48.53,47.39,41.21,36.82,50,false,false,-0.87,2.86,ETF短中期同步減碼；主動ETF 5日轉為減碼；外資持股趨勢資料不足或期間有非市場異動；當下除權息調整價未守20日EMA
298,6805,富世達,TWSE,電子零組件業,暫不承接,正常持有,strong,強勢續抱；不追高,下一交易日收盤，確認是否守住20日EMA,"價格仍在20／60日EMA之上且短線強勢；ETF偏弱先觀察，不因分歧減碼。若收盤跌破20日EMA約 1,930.72 且法人續弱，再轉為保護持有。",價格強勢站上20／60日EMA；ETF偏弱，先觀察,60.7,60.4,54.9,85,100,完整,2285,2285,17.07,53.86,27.31,47.74,210.62,25.77,49.3,18.92,0.54,15,-540,-316,-164,-295,284,-163,585.873,3043.7569999999996,3211.8589999999995,5399.36,-495,1641,2928,8389.859,4,1,3782505000,33.745000000000005,-30.095999999999993,13.84,1130,1745,747,,1108.091,1369.0119999999997,313.95499999999964,-2952.4280000000003,69.22,80.34,74.44,92.13,false,false,18.35,23.85,ETF短中期同步減碼；20日累積後5日轉為調節；ETF 1/3日已轉為減碼；主動ETF 5日轉為減碼；短線過熱或乖離過大；高波動且5日漲幅過大
299,9958,世紀鋼,TWSE,鋼鐵工業,暫不承接,降低部位,trim,停止加碼；反彈未站回恢復區時分批減碼,每個交易日收盤後，確認是否站回恢復區,已有部位先停止加碼。反彈若仍未站回 106.14，分批降低部位；只有站回且ETF／外資賣壓收斂後才重新評估。,價格跌破60日EMA且20日趨勢向下；外資持股5/10日下降且外資5日賣超,44,60.4,57.5,85,100,完整,90.6,90.6,91.16,36.22,21.68,56.42,122.11,4.08,12.83,1.89,4.98,3,0,0,0,-201,-320,0,124.437,-2130.146,-5550.541,-7393.419000000002,0,0,-219,-338.43600000000004,0,0,0,14.290000000000001,-26.480000000000008,7.67,142,-914,-4039,,134.437,-2144.436,-5305.061,-6874.884000000001,28.34,3.33,5.25,-0.53,false,false,-8.76,-4.43,中期趨勢仍向下；外資持股5/10日下降，且外資5日賣超；20日趨勢尚未上彎；當下除權息調整價未守20日EMA
300,2345,智邦,TWSE,通信網路業,暫不承接,降低部位,trim,停止加碼；反彈未站回恢復區時分批減碼,每個交易日收盤後，確認是否站回恢復區,"已有部位先停止加碼。反彈若仍未站回 2,221.10，分批降低部位；只有站回且ETF／外資賣壓收斂後才重新評估。",價格跌破60日EMA且20日趨勢向下；ETF 5/10日同步減碼；外資持股5/10日下降且外資5日賣超,55.5,60.3,46.8,85,100,可用,2205,2205,71.69,62.36,14.72,65.32,142.45,34.7,31.97,16.48,0.74,49,-249,-251,-213,-594,-823,-182,-1316.697,-2521,-4163.6140000000005,-6812.598,-1041.007,-1792.011,-3009.6530000000002,-3869.242,1,4,-3646742385,10.494999999999997,63.769000000000005,56.93,-258,-678,-1291,,-284.371,-739.484,-1217.73,-3210.256999999999,51.73,50.77,34.79,82.73,false,false,2.52,8.62,中期趨勢仍向下；ETF短中期同步減碼；ETF 1/3日已轉為減碼；主動ETF 5日轉為減碼；投信5/10日持續且具金額意義的賣超；外資持股5/10日下降，且外資5日賣超；20日趨勢尚未上彎
301,1802,台玻,TWSE,玻璃陶瓷,暫不承接,保護持有,protect,今天不新增部位；未完成確認前不機械式賣出,下一交易日收盤，確認是否收復防守區,已有部位暫停加碼；若收盤跌破60日EMA約 59.44，且下一交易日仍未收復，先減碼三分之一；若ETF或外資繼續轉弱，再分批降低部位。,ETF 5/10日同步減碼,66.2,60.1,41.6,85,100,可用,61.3,61.3,28.45,14.22,10.45,41.77,135.23,0.64,70.7,3.42,,6,0,0,-357,-396,-400,-357,-2237.575,23226.849,18899.812999999995,30541.28899999999,47,-228,-282,-286.944,3,1,-13862400,1896.5769999999998,160.289,5.75,-3498,17560,15910,,-2264.689,21558.272,19021.523999999998,27983.469999999994,60.38,73.32,68.36,83.23,false,false,5.8,5.69,ETF短中期同步減碼；主動ETF 5日轉為減碼
302,3036,文曄,TWSE,電子通路業,暫不承接,降低部位,trim,停止加碼；反彈未站回恢復區時分批減碼,每個交易日收盤後，確認是否站回恢復區,已有部位先停止加碼。反彈若仍未站回 211.88，分批降低部位；只有站回且ETF／外資賣壓收斂後才重新評估。,價格跌破60日EMA且20日趨勢向下；ETF 5/10日同步減碼；投信5/10日持續且具金額意義地賣超,45.3,60.1,51.6,85,100,可用,196,196,94.85,111.03,2.11,84.66,111.03,13,10.06,2,3.98,23,-33,-452,-560,-3560,-4566,-313,-879.494,-8981.588,-14382.429999999998,-26539.192,-2,-342.101,-5658.1630000000005,-4570.075000000001,1,4,-67051796,-416.66,-1145.608,26.77,111,-6378,541,,-628.54,-8222.827000000001,-7578.6590000000015,-20484.918000000005,42.59,17.08,15.72,19.8,true,false,-3.19,-1.26,中期趨勢仍向下；ETF短中期同步減碼；ETF 1/3日已轉為減碼；主動ETF 5日轉為減碼；投信5/10日持續且具金額意義的賣超；外資持股趨勢資料不足或期間有非市場異動；20日趨勢尚未上彎；當下除權息調整價未守20日EMA
303,3042,晶技,TWSE,電子零組件業,暫不承接,保護持有,protect,今天不新增部位；未完成確認前不機械式賣出,下一交易日收盤，確認是否收復防守區,已有部位暫停加碼；若收盤跌破60日EMA約 179.28，且下一交易日仍未收復，先減碼三分之一；若ETF或外資繼續轉弱，再分批降低部位。,ETF 5/10日同步減碼,62.5,60.1,61.9,85,100,完整,182,182,22.91,9.94,16,31.85,238.42,2.96,32.04,4,2.59,8,0,-2,-2,-2,-4,0,4624.048,4576.018999999999,-8566.731,-2179.256000000001,0,57.9,1048.9,1047.607,2,2,10740450,-113.012,-2101.642,20.4,4680,3695,-7811,,4752.212,4631.131,-7513.989,-2115.856999999999,50.12,43.99,48.98,34.03,false,true,-0.25,-1.62,ETF短中期同步減碼；當下除權息調整價未守20日EMA
304,3702,大聯大,TWSE,電子通路業,暫不承接,降低部位,trim,停止加碼；反彈未站回恢復區時分批減碼,每個交易日收盤後，確認是否站回恢復區,已有部位先停止加碼。反彈若仍未站回 110.23，分批降低部位；只有站回且ETF／外資賣壓收斂後才重新評估。,價格跌破60日EMA且20日趨勢向下；外資持股5/10日下降且外資5日賣超,52.7,60.1,52.5,85,100,可用,100.5,100.5,90.83,59.92,2.64,83.99,119.79,8.42,8.53,1.79,3.65,28,-127,-480,5293,1105,1168,2358,-109.563,-7620.760999999999,-20768.328999999998,-33789.22900000001,-86,3764,-22,-943.409,2,3,374894400,-2246.606,-1772.9890000000003,33.28,459,-7985,-16193,,317.278,-9138.154999999999,-18973.339999999997,-32029.049999999992,37.89,15.99,17.42,13.14,false,false,-7.72,-8.64,中期趨勢仍向下；ETF 1/3日已轉為減碼；外資持股5/10日下降，且外資5日賣超；20日趨勢尚未上彎；當下除權息調整價未守20日EMA
305,3711,日月光投控,TWSE,半導體業,暫不承接,保護持有,protect,今天不新增部位；未完成確認前不機械式賣出,下一交易日收盤，確認是否收復防守區,已有部位暫停加碼；若收盤跌破60日EMA約 594.68，且下一交易日仍未收復，先減碼三分之一；若ETF或外資繼續轉弱，再分批降低部位。,ETF 5/10日同步減碼；投信5/10日持續且具金額意義地賣超,62.8,60.1,37.1,85,100,可用,610,610,43.15,25.13,10.59,60.87,107.01,8.04,42.26,6.6,1.13,56,-1521,-2421,-3791,-10090,-10652,-2958,-11031.609,-10929.539,-15659.704000000002,-27777.805,-1648.492,-5188.96,-16583.289,-21045.478000000003,1,4,-3030352640,675.4019999999999,602.6879999999999,76.69,-8244,-5585,-774,,-8938.916,-6415.981,320.8970000000006,-6652.56,51.65,54.14,48.61,65.2,false,false,1.39,3.21,ETF短中期同步減碼；ETF 1/3日已轉為減碼；主動ETF 5日轉為減碼；投信5/10日持續且具金額意義的賣超；外資持股趨勢資料不足或期間有非市場異動
306,7769,鴻勁,TWSE,半導體業,暫不承接,保護持有,protect,今天不新增部位；未完成確認前不機械式賣出,下一交易日收盤，確認是否收復防守區,"已有部位暫停加碼；若收盤跌破60日EMA約 6,331.08，且下一交易日仍未收復，先減碼三分之一；若ETF或外資繼續轉弱，再分批降低部位。",ETF 5/10日同步減碼；投信5/10日持續且具金額意義地賣超,50.2,60,63.9,85,100,可用,5870,5870,100.83,93.16,49.13,33.36,287.37,56.14,60.5,18.56,1.11,29,-66,-68,-80,-153,-328,-79,-582.291,-580.782,-587.512,-415.25999999999993,-327.001,-596.3389999999999,-630.3699999999999,-769.6899999999999,0,5,-3494546540,-3.959,-14.498000000000001,19.45,-237,16,38,,-246.23,19.516000000000023,57.35600000000002,377.70700000000005,40.28,22.5,29.18,9.13,true,true,-6.76,-5.48,ETF短中期同步減碼；ETF 1/3日已轉為減碼；主動ETF 5日轉為減碼；投信5/10日持續且具金額意義的賣超；當下除權息調整價未守20日EMA
307,1785,光洋科,TPEX,其他電子業,暫不承接,保護持有,protect,今天不新增部位；未完成確認前不機械式賣出,下一交易日收盤，確認是否收復防守區,已有部位暫停加碼；若收盤跌破60日EMA約 115.23，且下一交易日仍未收復，先減碼三分之一；若ETF或外資繼續轉弱，再分批降低部位。,ETF 5/10日同步減碼,50.3,59.5,55.2,85,100,可用,103,103,46.43,68.68,10.31,57.48,172.98,3.66,15.4,3.79,1.94,3,0,-3,-3,-4391,-4713,0,-1347.614,-1347.614,-1347.614,-1347.614,0,0,0,0,0,0,0,-2.388,-2.388,19.36,,,,,-1345.226,-1345.226,-1345.226,-1345.226,43.02,47.06,43.11,54.96,false,false,-2.13,0.49,ETF短中期同步減碼；外資持股趨勢資料不足或期間有非市場異動；當下除權息調整價未守20日EMA
308,2393,億光,TWSE,光電業,暫不承接,保護持有,protect,今天不新增部位；未完成確認前不機械式賣出,下一交易日收盤，確認是否收復防守區,已有部位暫停加碼；若收盤跌破60日EMA約 65.61，且下一交易日仍未收復，先減碼三分之一；若ETF或外資繼續轉弱，再分批降低部位。,ETF 5/10日同步減碼,55.2,59.5,66.7,85,100,可用,65.4,65.4,17.44,5.2,8.54,37.1,195.25,2.14,14.09,1.53,6.81,12,1,-19,-25,-367,-1140,0,108.241,1406.35,3821.943,11018.514,1,-20.34,-362.34,-1135.2540000000001,2,3,-1344474,-680.5229999999999,-709.7139999999998,28.28,232,2148,4494,,240.095,2107.2129999999997,4893.997,14315.637,51.44,68,74.76,54.48,false,true,0.56,0.31,ETF短中期同步減碼
309,2727,王品,TWSE,觀光餐旅,暫不承接,保護持有,protect,今天不新增部位；未完成確認前不機械式賣出,下一交易日收盤，確認是否收復防守區,已有部位暫停加碼；若收盤跌破60日EMA約 233.73，且下一交易日仍未收復，先減碼三分之一；若ETF或外資繼續轉弱，再分批降低部位。,ETF 5/10日同步減碼；投信5/10日持續且具金額意義地賣超,48,59.5,51.6,85,100,完整,232.5,232.5,15.19,12.51,8.04,74.84,104.61,9.86,13.08,4.59,6.85,2,-71,-123,-181,-246,-246,-181,45.59,-51.388999999999996,394.12699999999995,1273.516,-71,-181,-247,-247,0,3,-42625500,-4.486999999999999,15.939000000000002,33.11,133,127,516,,123.59,134.098,625.188,1592.2650000000003,48.23,41.15,51.82,19.8,false,false,-0.52,-1.9,ETF短中期同步減碼；ETF 1/3日已轉為減碼；主動ETF 5日轉為減碼；投信5/10日持續且具金額意義的賣超；當下除權息調整價未守20日EMA
310,1513,中興電,TWSE,電機機械,暫不承接,保護持有,protect,今天不新增部位；未完成確認前不機械式賣出,下一交易日收盤，確認是否收復防守區,已有部位暫停加碼；若收盤跌破60日EMA約 164.62，且下一交易日仍未收復，先減碼三分之一；若ETF或外資繼續轉弱，再分批降低部位。,ETF 5/10日同步減碼；投信5/10日持續且具金額意義地賣超,62.4,59.4,48,85,100,完整,166,166,3.83,3.53,19.35,56.3,105.97,4.5,18.45,3.89,3.66,11,-11,-211,-289,-417,-782,0,-1693.894,1477.1580000000001,-389.5179999999998,18137.926,0,-212.252,-347.252,-433.25899999999996,0,4,-34809328,83.06199999999997,-286.22800000000007,12.04,-1432,599,-6678,,-1568.752,1606.3480000000002,243.96200000000022,18399.780999999995,51.67,38.86,42.46,31.67,false,true,0.51,0.3,ETF短中期同步減碼；ETF 1/3日已轉為減碼；投信5/10日持續且具金額意義的賣超
311,8926,台汽電,TWSE,油電燃氣業,暫不承接,保護持有,protect,今天不新增部位；未完成確認前不機械式賣出,下一交易日收盤，確認是否收復防守區,已有部位暫停加碼；若收盤跌破60日EMA約 61.46，且下一交易日仍未收復，先減碼三分之一；若ETF或外資繼續轉弱，再分批降低部位。,價格跌破60日EMA且20日趨勢向下,54.3,59.4,46.5,85,100,完整,56.7,56.7,1459.06,776.03,8.18,62.23,145.36,3.27,15.36,2.34,3.79,5,0,0,0,0,-13,0,-390.441,-5.982000000000028,-559.8230000000001,-14455.446000000002,0,1,-33,-45.571,1,0,55900,118.97599999999998,113.625,6.85,-368,1493,-2311,,-384.06,-125.95799999999997,-640.448,-14399.875999999998,39.82,50.44,55.12,41.1,false,true,-2.4,-0.53,中期趨勢仍向下；20日趨勢尚未上彎；當下除權息調整價未守20日EMA
312,7734,印能科技,TPEX,半導體業,暫不承接,降低部位,trim,停止加碼；反彈未站回恢復區時分批減碼,每個交易日收盤後，確認是否站回恢復區,"已有部位先停止加碼。反彈若仍未站回 3,081.68，分批降低部位；只有站回且ETF／外資賣壓收斂後才重新評估。",價格跌破60日EMA且20日趨勢向下；ETF 5/10日同步減碼,45.2,59.1,68.9,85,100,可用,2880,2880,62.33,62.94,53.25,22.22,492.21,28.72,59.55,11.71,0.7,3,0,0,-34,-90,-59,-34,-158.411,-158.411,-158.411,-158.411,-143,-143,-143,-143,0,1,-403975000,-3.166,-3.166,4.54,,,,,-12.245,-12.245,-12.245,-12.245,44.71,36.67,33.53,42.96,false,false,-4.51,-0.35,中期趨勢仍向下；ETF短中期同步減碼；主動ETF 5日轉為減碼；外資持股趨勢資料不足或期間有非市場異動；20日趨勢尚未上彎；當下除權息調整價未守20日EMA
313,3026,禾伸堂,TWSE,電子零組件業,暫不承接,正常持有,strong,強勢續抱；不追高,下一交易日收盤，確認是否守住20日EMA,價格仍在20／60日EMA之上且短線強勢；ETF／投信偏弱先觀察，不因分歧減碼。若收盤跌破20日EMA約 668.62 且法人續弱，再轉為保護持有。,價格強勢站上20／60日EMA；ETF／投信偏弱，先觀察,61.2,58.7,50.8,85,100,完整,731,731,37.05,18.63,14.38,40.55,193.98,6.73,72.39,11.91,0.78,10,0,-4,-223,-91,-386,-217,499.103,-917.415,-519.9030000000001,-8799.188,865,-1167.3,-142.39999999999998,2260.7,1,4,-866136600,139.771,37.77899999999999,14.85,498,427,898,,-257.802,110.114,-415.28200000000004,-11046.669999999998,57.17,68.3,59.67,85.55,true,false,9.33,16.4,ETF短中期同步減碼；主動ETF 5日轉為減碼；投信5/10日持續且具金額意義的賣超；高波動且5日漲幅過大
314,6526,達發,TWSE,半導體業,暫不承接,正常持有,strong,漲停先續抱；不追價,下一交易日收盤，確認是否守住20日EMA,價格仍在20／60日EMA之上且今日漲停；ETF偏弱先觀察，不因分歧減碼。若收盤跌破20日EMA約 604.33 且法人續弱，再轉為保護持有。,今日漲停／趨勢站穩；ETF偏弱，先觀察,61.1,58.7,56.1,85,100,可用,667,667,17.44,10.55,14.98,31.02,239.33,9.72,33.67,5.39,2.22,13,0,-1,-2,-141,-254,0,-4.952,203.17399999999998,159.411,722.925,0,-2,-175,-359.33500000000004,2,2,-1214000,10.265,-13.486999999999998,7.83,8,133,303,,4.119,194.90900000000002,347.8980000000001,1080.2920000000001,64.54,76.83,60.15,110.18,false,false,10.37,15.4,ETF短中期同步減碼
315,2324,仁寶,TWSE,電腦及週邊設備業,暫不承接,保護持有,protect,今天不新增部位；未完成確認前不機械式賣出,下一交易日收盤，確認是否收復防守區,已有部位暫停加碼；若收盤跌破60日EMA約 37.32，且下一交易日仍未收復，先減碼三分之一；若ETF或外資繼續轉弱，再分批降低部位。,ETF 5/10日同步減碼,56.8,58.5,42.9,85,100,可用,39.9,39.9,38.26,18.82,1.25,70.57,122.78,1.18,20.28,1.24,2.73,12,-108,-785,-883,-1169,-3494,0,11678.335,-28130.818,-32600.888999999996,123086.72200000001,0,444.604,1507.681,1782.6430000000005,2,2,17939771,-2420.788,-5400.295,38.46,12157,-31614,-49575,,11724.302,-26154.634,-28708.275,116194.396,54.14,42.43,42.85,41.59,false,false,1.45,-2.21,ETF短中期同步減碼；ETF 1/3日已轉為減碼；外資持股趨勢資料不足或期間有非市場異動
316,6147,頎邦,TPEX,半導體業,暫不承接,保護持有,protect,今天不新增部位；未完成確認前不機械式賣出,下一交易日收盤，確認是否收復防守區,已有部位暫停加碼；若收盤跌破60日EMA約 175.50，且下一交易日仍未收復，先減碼三分之一；若ETF或外資繼續轉弱，再分批降低部位。,ETF 5/10日同步減碼,55.3,58.4,63.4,85,100,可用,183.5,183.5,39.18,20.94,16.68,13.08,262.19,1.87,42.39,2.23,1.6,8,0,-235,-515,-435,-2113,-502,-310.019,-310.019,-310.019,-310.019,0,0,0,0,0,0,0,-638.829,-638.829,34.28,,,,,328.81,328.81,328.81,328.81,56.49,62.93,66.43,55.94,false,true,8.03,8.58,ETF短中期同步減碼；主動ETF 5日轉為減碼；外資持股趨勢資料不足或期間有非市場異動
317,2610,華航,TWSE,航運業,暫不承接,降低部位,trim,停止加碼；反彈未站回恢復區時分批減碼,每個交易日收盤後，確認是否站回恢復區,已有部位先停止加碼。反彈若仍未站回 20.74，分批降低部位；只有站回且ETF／外資賣壓收斂後才重新評估。,價格跌破60日EMA且20日趨勢向下；外資持股5/10日下降且外資5日賣超,54.2,58.3,48.8,85,100,完整,20.35,20.35,25.34,17.43,7.53,73.06,66.84,1.08,9.38,1.24,4,17,667,581,631,-157,12199,0,-1758.965,-525.9820000000018,-3467.3570000000036,-120438.624,667,835.156,262.15599999999995,12617.923999999999,3,2,16911909,-195.43800000000007,-102.7460000000001,15.06,-2646,-2374,-6048,,-2300.943,-1165.7000000000007,-3626.767,-129027.178,44.65,46.83,50.91,38.66,false,true,-1.32,-0.25,中期趨勢仍向下；外資持股5/10日下降，且外資5日賣超；20日趨勢尚未上彎；當下除權息調整價未守20日EMA
318,6944,兆聯實業,TWSE,綠能環保,暫不承接,保護持有,protect,今天不新增部位；未完成確認前不機械式賣出,下一交易日收盤，確認是否收復防守區,已有部位暫停加碼；若收盤跌破60日EMA約 735.74，且下一交易日仍未收復，先減碼三分之一；若ETF或外資繼續轉弱，再分批降低部位。,ETF 5/10日同步減碼,53.5,58.3,55.1,85,100,可用,719,719,29.31,41.94,23.2,53.56,163.33,16.5,17.81,6.5,2.79,4,0,-1,-1,-1,55,-1,-12.457,-162.726,-558.399,-815.869,0,5,4,45.293,2,1,3585000,8.377,-12.020999999999997,14.67,-12,-96,3464,,-13.86,-176.10299999999995,-550.378,-864.8059999999999,45.8,34.8,27.94,48.51,false,false,-1.51,0.98,ETF短中期同步減碼；20日累積後5日轉為調節；主動ETF 5日轉為減碼；外資持股趨勢資料不足或期間有非市場異動；當下除權息調整價未守20日EMA
319,3529,力旺,TPEX,半導體業,暫不承接,保護持有,protect,今天不新增部位；未完成確認前不機械式賣出,下一交易日收盤，確認是否收復防守區,"已有部位暫停加碼；若收盤跌破60日EMA約 2,665.26，且下一交易日仍未收復，先減碼三分之一；若ETF或外資繼續轉弱，再分批降低部位。",ETF 5/10日同步減碼,54.7,58.2,51.5,85,100,可用,2640,2640,23.77,19.72,60.64,43.12,194.99,15.75,80.51,51.39,0.85,14,-44,-96,-106,-223,-268,-13,-472.985,-472.985,-472.985,-472.985,-49.083,-49.083,-49.083,-49.083,0,1,-117799200,24.96,24.96,65.22,,,,,-448.862,-448.862,-448.862,-448.862,54.97,64.17,49.06,94.39,false,false,7.14,20.27,ETF短中期同步減碼；ETF 1/3日已轉為減碼；主動ETF 5日轉為減碼；外資持股趨勢資料不足或期間有非市場異動；短線過熱或乖離過大；高波動且5日漲幅過大；估值高且成長不足以支撐
320,4583,台灣精銳,TWSE,電機機械,暫不承接,降低部位,trim,停止加碼；反彈未站回恢復區時分批減碼,每個交易日收盤後，確認是否站回恢復區,已有部位先停止加碼。反彈若仍未站回 545.80，分批降低部位；只有站回且ETF／外資賣壓收斂後才重新評估。,價格跌破60日EMA且20日趨勢向下；外資持股5/10日下降且外資5日賣超,52.1,58.2,69.9,85,100,完整,467.5,467.5,21.11,15.07,34.42,10.76,1265.54,6.81,34.15,3.71,2.17,3,0,0,0,0,-1,0,-9.324,-38.315999999999995,-55.311,193.71100000000004,0,0,0,-0.899,0,0,0,1.932,0.726,2.59,-9,-38,-60,,-9.345,-40.248,-56.037,200.79600000000002,38.94,31.5,28.28,37.93,false,false,-3.6,2.07,中期趨勢仍向下；外資持股5/10日下降，且外資5日賣超；20日趨勢尚未上彎；當下除權息調整價未守20日EMA
321,4749,新應材,TPEX,半導體業,暫不承接,保護持有,protect,今天不新增部位；未完成確認前不機械式賣出,下一交易日收盤，確認是否收復防守區,已有部位暫停加碼；若收盤跌破60日EMA約 830.45，且下一交易日仍未收復，先減碼三分之一；若ETF或外資繼續轉弱，再分批降低部位。,ETF 5/10日同步減碼,59.4,58,58.2,85,100,可用,799,799,22.53,18.07,25.14,28.91,445.09,6.94,59.66,6.9,1.04,6,0,-2,-2,-1,-8,0,-201.642,-201.642,-201.642,-201.642,0,0,0,0,0,0,0,-15.942,-15.942,12.39,,,,,-185.7,-185.7,-185.7,-185.7,52.77,66.93,55.04,90.7,false,false,2.44,5.13,ETF短中期同步減碼；外資持股趨勢資料不足或期間有非市場異動
322,3131,弘塑,TPEX,半導體業,暫不承接,保護持有,protect,今天不新增部位；未完成確認前不機械式賣出,下一交易日收盤，確認是否收復防守區,"已有部位暫停加碼；若收盤跌破60日EMA約 2,712.29，且下一交易日仍未收復，先減碼三分之一；若ETF或外資繼續轉弱，再分批降低部位。",ETF 5/10日同步減碼,56.8,57.9,42.5,85,100,可用,2480,2480,42.41,20.07,17.3,79.25,130.43,27.27,42.67,21.92,1.91,11,0,-10,-10,-109,-217,-11,175.554,175.554,175.554,175.554,1,1,1,1,1,0,2410000,-1.654,-1.654,34.07,,,,,176.208,176.208,176.208,176.208,47.64,53.7,46.47,68.17,false,false,0.1,9.73,ETF短中期同步減碼；主動ETF 5日轉為減碼；外資持股趨勢資料不足或期間有非市場異動
323,3533,嘉澤,TWSE,電子零組件業,暫不承接,降低部位,trim,停止加碼；反彈未站回恢復區時分批減碼,每個交易日收盤後，確認是否站回恢復區,"已有部位先停止加碼。反彈若仍未站回 1,927.45，分批降低部位；只有站回且ETF／外資賣壓收斂後才重新評估。",價格跌破60日EMA且20日趨勢向下；ETF 5/10日同步減碼；外資持股5/10日下降且外資5日賣超,49.6,57.8,70.6,85,100,完整,1745,1745,18.6,17.44,25.46,25.84,276.95,39.04,20.6,4.64,2.07,21,-1,-2,-278,-472,-1067,-275,-300.203,-1375.057,-2919.344,-8038.945999999999,-1.102,-691.484,-1143.643,-1826.624,1,4,-1168607960,77.265,57.695,44.56,-187,-662,-1723,,-275.691,-760.838,-1833.396,-6472.660000000002,47.26,66.74,48.3,103.63,false,false,0.3,8.72,中期趨勢仍向下；ETF短中期同步減碼；ETF 1/3日已轉為減碼；主動ETF 5日轉為減碼；投信5/10日持續且具金額意義的賣超；外資持股5/10日下降，且外資5日賣超；20日趨勢尚未上彎
324,6414,樺漢,TWSE,電腦及週邊設備業,暫不承接,降低部位,trim,停止加碼；反彈未站回恢復區時分批減碼,每個交易日收盤後，確認是否站回恢復區,已有部位先停止加碼。反彈若仍未站回 409.32，分批降低部位；只有站回且ETF／外資賣壓收斂後才重新評估。,價格跌破60日EMA且20日趨勢向下；ETF 5/10日同步減碼；外資持股5/10日下降且外資5日賣超,47.9,57.8,51.8,85,100,完整,396,396,55.07,27.54,5.47,64.66,128.3,12.31,16.18,2.06,3.54,9,0,-2,-2,-2,-73,0,-32.921,-612.538,-1459.006,-4306.849999999999,0,-2,10,-80.874,1,3,-779000,-4.460999999999999,-408.905,45.25,-21,-592,-1169,,-41.171,-606.077,-1060.1009999999999,-3765.9719999999998,44.11,28.53,22.06,41.46,true,true,-3.26,0.51,中期趨勢仍向下；ETF短中期同步減碼；外資持股5/10日下降，且外資5日賣超；20日趨勢尚未上彎；當下除權息調整價未守20日EMA
325,6166,凌華,TWSE,電腦及週邊設備業,暫不承接,降低部位,trim,停止加碼；反彈未站回恢復區時分批減碼,每個交易日收盤後，確認是否站回恢復區,已有部位先停止加碼。反彈若仍未站回 125.41，分批降低部位；只有站回且ETF／外資賣壓收斂後才重新評估。,價格跌破60日EMA且20日趨勢向下；外資持股5/10日下降且外資5日賣超,52.1,57.7,50.2,85,100,完整,117.5,117.5,38.15,40.63,11.38,62.79,137.33,3.12,22.04,4.08,1.04,2,0,0,1,1,2,0,100.542,-828.8139999999999,-2139.798,-3158.190999999999,0,1,1,1.5030000000000001,1,0,115500,22.687,193.50199999999998,20.32,55,-831,-2544,,92.201,-852.501,-2334.3,-3065.95,41.69,21.08,16.03,31.18,true,false,-5.09,1.29,中期趨勢仍向下；外資持股5/10日下降，且外資5日賣超；20日趨勢尚未上彎；當下除權息調整價未守20日EMA
326,5388,中磊,TWSE,通信網路業,暫不承接,降低部位,trim,停止加碼；反彈未站回恢復區時分批減碼,每個交易日收盤後，確認是否站回恢復區,已有部位先停止加碼。反彈若仍未站回 82.47，分批降低部位；只有站回且ETF／外資賣壓收斂後才重新評估。,價格跌破60日EMA且20日趨勢向下；外資持股5/10日下降且外資5日賣超,47.6,57.6,50.1,85,100,完整,77.1,77.1,51.3,56.86,3.13,72.17,130.23,2.59,17.27,1.43,3.24,3,0,0,0,0,-1,0,-964.718,-4422.347,-13682.651,-34932.986999999994,0,0,0,-372.451,0,0,0,-106.04000000000002,-39.597,13.75,-695,-3738,-12729,,-832.227,-4316.307,-13643.054,-35171.573,37.03,21.04,18.24,26.63,false,false,-3.76,0,中期趨勢仍向下；外資持股5/10日下降，且外資5日賣超；20日趨勢尚未上彎；當下除權息調整價未守20日EMA
327,2402,毅嘉,TWSE,電子零組件業,暫不承接,正常持有,strong,強勢續抱；不追高,下一交易日收盤，確認是否守住20日EMA,價格仍在20／60日EMA之上且短線強勢；法人未同步轉弱。若收盤跌破20日EMA約 56.46 且法人續弱，再轉為保護持有。,價格強勢站上20／60日EMA；法人未同步轉弱,62.5,57.5,44,85,100,完整,62.2,62.2,24.02,17.28,4.36,56.6,161.09,0.46,35.75,2.52,3.35,1,0,0,0,0,-61,0,438.543,1632.1940000000002,1455.3490000000004,1817.2330000000006,0,0,0,-61,0,0,0,189.586,100.06500000000001,6.06,465,1630,2138,,279.667,1442.608,1355.284,1775.8740000000003,66.65,83.4,73.91,102.38,false,false,10.17,11.47,
328,6202,盛群,TWSE,半導體業,暫不承接,保護持有,protect,今天不新增部位；未完成確認前不機械式賣出,下一交易日收盤，確認是否收復防守區,已有部位暫停加碼；若收盤跌破60日EMA約 59.40，且下一交易日仍未收復，先減碼三分之一；若ETF或外資繼續轉弱，再分批降低部位。,ETF 5/10日同步減碼,55.8,57.2,57.8,85,100,完整,59,59,40.77,15.61,11.26,29.68,345.14,0.94,48.25,3.3,1.17,4,0,-20,-20,-30,432,0,-145.706,183.35700000000008,-1054.904,2171.464,0,-20,-30,432,0,1,-1158000,9.407000000000002,-48.82,15.91,-210,-648,-1840,,-135,193.95,-976.0840000000001,1774.3910000000003,50.31,56.51,47.22,75.09,false,false,0.59,4.06,ETF短中期同步減碼；20日累積後5日轉為調節
329,6223,旺矽,TPEX,半導體業,暫不承接,降低部位,trim,停止加碼；反彈未站回恢復區時分批減碼,每個交易日收盤後，確認是否站回恢復區,"已有部位先停止加碼。反彈若仍未站回 5,729.01，分批降低部位；只有站回且ETF／外資賣壓收斂後才重新評估。",價格跌破60日EMA且20日趨勢向下；ETF 5/10日同步減碼,50.1,57.2,46.5,85,100,可用,5410,5410,66.5,52.26,33.54,55.09,161.51,28.08,109.85,31.6,0.43,38,-10,-222,-270,-155,40,-271,-103.749,-103.749,-103.749,-103.749,-83.302,-83.302,-83.302,-83.302,0,1,-427339260,7.881,7.881,28.77,,,,,-28.328,-28.328,-28.328,-28.328,46.06,44.15,33.29,65.87,true,false,-2.6,-3.39,中期趨勢仍向下；ETF短中期同步減碼；20日累積後5日轉為調節；ETF 1/3日已轉為減碼；主動ETF 5日轉為減碼；外資持股趨勢資料不足或期間有非市場異動；20日趨勢尚未上彎；當下除權息調整價未守20日EMA
330,6409,旭隼,TWSE,其他電子業,暫不承接,保護持有,protect,今天不新增部位；未完成確認前不機械式賣出,下一交易日收盤，確認是否收復防守區,已有部位暫停加碼；若收盤跌破60日EMA約 980.84，且下一交易日仍未收復，先減碼三分之一；若ETF或外資繼續轉弱，再分批降低部位。,未觸發明確減碼訊號,64.8,57,42.2,85,100,完整,1030,1030,25.81,-4.29,18.11,58.77,134.82,12.58,40.1,11.48,3.55,12,44,39,38,70,86,0,0.169,-1.704999999999993,110.554,123.89500000000007,44,38.94800000000001,154.916,210.113,2,3,40311180,4.122,20.56599999999999,52.66,-66,4,-22,,-47.139,-44.77500000000002,-64.92800000000005,-110.46700000000004,52.81,45.11,46.51,42.32,false,true,1.23,0.98,
331,2105,正新,TWSE,橡膠工業,暫不承接,保護持有,protect,今天不新增部位；未完成確認前不機械式賣出,下一交易日收盤，確認是否收復防守區,已有部位暫停加碼；若收盤跌破60日EMA約 31.41，且下一交易日仍未收復，先減碼三分之一；若ETF或外資繼續轉弱，再分批降低部位。,ETF 5/10日同步減碼；投信5/10日持續且具金額意義地賣超,51,56.8,59.5,85,100,完整,31.15,31.15,12.4,5.98,9.96,40.94,274.96,1.05,16.98,1.15,5.83,13,-43,-500,-481,-177,-784,0,-15.904,-8568.426,3654.946000000001,-9150.921,-26,-1883.3899999999999,-1626.3899999999999,-298.34299999999996,2,3,-58196751,-639.331,-750.5540000000001,9.11,-1292,-6144,2025,,269,-6045.705,6031.89,-6893.231,49.2,45.67,48.05,40.9,false,true,-0.03,-0.64,ETF短中期同步減碼；ETF 1/3日已轉為減碼；投信5/10日持續且具金額意義的賣超；當下除權息調整價未守20日EMA
332,6834,天二科技,TWSE,電子零組件業,暫不承接,保護持有,protect,今天不新增部位；未完成確認前不機械式賣出,下一交易日收盤，確認是否收復防守區,已有部位暫停加碼；若收盤跌破60日EMA約 91.35，且下一交易日仍未收復，先減碼三分之一；若ETF或外資繼續轉弱，再分批降低部位。,ETF 5/10日同步減碼；外資持股5/10日下降且外資5日賣超,47.1,56.8,54.4,85,100,完整,89.9,89.9,88.24,44.28,10.85,40.75,153.28,1.6,39.09,5.15,0.44,1,0,-1,-1,-2,-2,0,-361.735,-1046.6670000000001,-1463.8630000000003,-2907.674,0,-1,-2,-2,0,1,-89900,13.981000000000002,17.184,11.01,-282,-855,-1182,,-367.253,-1059.648,-1479.047,-2936.0740000000005,44.63,30.55,28.56,34.52,false,false,-4.02,-0.22,ETF短中期同步減碼；外資持股5/10日下降，且外資5日賣超；當下除權息調整價未守20日EMA
333,3406,玉晶光,TWSE,光電業,暫不承接,正常持有,strong,強勢續抱；不追高,下一交易日收盤，確認是否守住20日EMA,價格仍在20／60日EMA之上且短線強勢；ETF偏弱先觀察，不因分歧減碼。若收盤跌破20日EMA約 731.42 且法人續弱，再轉為保護持有。,價格強勢站上20／60日EMA；ETF偏弱，先觀察,58.1,56.6,58.4,85,100,完整,1005,1005,1.63,14.2,18.27,39.42,238.38,13.99,27.19,4.19,1.69,6,0,-65,-92,-93,-99,0,1114.801,5958.76,5625.149,7164.229000000001,616,2058,4293,4889.762,4,1,2068290000,198.60100000000003,-174.40099999999998,44.57,648,3736,1392,,598.804,3702.159,1506.55,2012.9070000000002,86.3,91.08,90.5,92.22,false,false,37.4,45.65,ETF短中期同步減碼；短線過熱或乖離過大；高波動且5日漲幅過大
334,3211,順達,TPEX,電腦及週邊設備業,暫不承接,正常持有,strong,強勢續抱；不追高,下一交易日收盤，確認是否守住20日EMA,價格仍在20／60日EMA之上且短線強勢；ETF偏弱先觀察，不因分歧減碼。若收盤跌破20日EMA約 374.22 且法人續弱，再轉為保護持有。,價格強勢站上20／60日EMA；ETF偏弱，先觀察,56,56.3,43.8,85,100,可用,406,406,20.88,21.66,9.45,52.5,143.34,3.4,52.09,6.66,2.97,7,0,-1,-101,-720,-605,-100,-615.082,-615.082,-615.082,-615.082,0,0,0,0,0,0,0,-51.259,-51.259,19.8,,,,,-563.823,-563.823,-563.823,-563.823,57.48,74.58,60.74,102.26,false,false,8.49,22.66,ETF短中期同步減碼；主動ETF 5日轉為減碼；外資持股趨勢資料不足或期間有非市場異動；短線過熱或乖離過大；高波動且5日漲幅過大
335,3189,景碩,TWSE,半導體業,暫不承接,保護持有,protect,今天不新增部位；未完成確認前不機械式賣出,下一交易日收盤，確認是否收復防守區,已有部位暫停加碼；若收盤跌破60日EMA約 762.56，且下一交易日仍未收復，先減碼三分之一；若ETF或外資繼續轉弱，再分批降低部位。,ETF 5/10日同步減碼；外資持股5/10日下降且外資5日賣超,62,56.2,37.3,85,100,可用,874,874,35.85,30.74,10.89,37.32,172.99,3.74,151.95,9.7,0.19,23,-1150,-1042,-742,-197,1706,-733,-8603.778,-4102.894000000001,-9096.470000000001,-4541.126,-3203,-679,98.70299999999997,3823.7019999999998,2,3,-556101000,1065.791,-342.47400000000005,18.45,-4935,-3688,-8048,,-5615.906,-4489.685,-8852.699000000002,-9979.047,55.35,50.83,50.13,52.24,true,true,4.39,4.67,ETF短中期同步減碼；20日累積後5日轉為調節；ETF 1/3日已轉為減碼；投信20日買超後近5日轉賣；外資持股5/10日下降，且外資5日賣超
336,1101,台泥,TWSE,水泥工業,暫不承接,保護持有,protect,今天不新增部位；未完成確認前不機械式賣出,下一交易日收盤，確認是否收復防守區,已有部位暫停加碼；若收盤跌破60日EMA約 24.24，且下一交易日仍未收復，先減碼三分之一；若ETF或外資繼續轉弱，再分批降低部位。,ETF 5/10日同步減碼,62.3,56,41.2,85,100,完整,25.3,25.3,1.54,1.54,7.25,49.78,179.65,0.38,,0.79,3.28,6,-103,-129,-132,-136,-238,0,-5265.504,-31317.801000000003,-13365.092000000008,-3674.499000000007,-300.585,-323.585,-377.585,-479.995,1,3,-7895474,176.02999999999997,300.894,15.38,-3518,-20577,6560,,-5028.783,-31170.246,-13288.401,-3130.565999999997,63.37,40.36,37.94,45.21,true,false,3.66,2.85,ETF短中期同步減碼；ETF 1/3日已轉為減碼
337,6138,茂達,TPEX,半導體業,暫不承接,保護持有,protect,今天不新增部位；未完成確認前不機械式賣出,下一交易日收盤，確認是否收復防守區,已有部位暫停加碼；若收盤跌破60日EMA約 302.95，且下一交易日仍未收復，先減碼三分之一；若ETF或外資繼續轉弱，再分批降低部位。,ETF 5/10日同步減碼,53.3,55.9,57.2,85,100,可用,293.5,293.5,9.03,11.92,19.7,36.78,238.48,7.64,19.64,5.78,3.75,5,0,0,-1,-117,-320,0,-86.633,-86.633,-86.633,-86.633,0,0,0,0,0,0,0,-7.826,-7.826,13.07,,,,,-78.807,-78.807,-78.807,-78.807,48.83,57.18,51.5,68.55,false,false,0.2,3.71,ETF短中期同步減碼；外資持股趨勢資料不足或期間有非市場異動
338,3033,威健,TWSE,電子通路業,暫不承接,降低部位,trim,停止加碼；反彈未站回恢復區時分批減碼,每個交易日收盤後，確認是否站回恢復區,已有部位先停止加碼。反彈若仍未站回 46.76，分批降低部位；只有站回且ETF／外資賣壓收斂後才重新評估。,價格跌破60日EMA且20日趨勢向下；ETF 5/10日同步減碼；外資持股5/10日下降且外資5日賣超,42.2,55.8,54.1,85,100,完整,44.25,44.25,78.71,32.99,3.65,78.4,133.84,3.38,9.79,1.83,4.31,5,0,-9,-13,-30,154,0,-911.744,-6519.544,-9085.944,-9768.108999999997,0,-13.664,-30.664,153.311,0,2,-608731,-615.023,-2303.6349999999998,22.28,-741,-5823,-6479,,-757.775,-5890.857,-6751.645,-6583.326,39.02,13.57,18.62,3.48,false,false,-4.26,-3.7,中期趨勢仍向下；ETF短中期同步減碼；20日累積後5日轉為調節；外資持股5/10日下降，且外資5日賣超；20日趨勢尚未上彎；當下除權息調整價未守20日EMA
339,3413,京鼎,TWSE,半導體業,暫不承接,降低部位,trim,停止加碼；反彈未站回恢復區時分批減碼,每個交易日收盤後，確認是否站回恢復區,已有部位先停止加碼。反彈若仍未站回 308.65，分批降低部位；只有站回且ETF／外資賣壓收斂後才重新評估。,價格跌破60日EMA且20日趨勢向下；外資持股5/10日下降且外資5日賣超,46.9,55.8,57.9,85,100,完整,284,284,30.07,19.5,12.62,40.54,166.04,8.89,13.89,1.87,3.94,2,0,0,1,1,-1,0,-1475.491,-2211.361,-3875.3529999999996,-4549.108999999999,-85,-156,-156,-390.469,1,2,-43524000,-58.006,-124.95599999999999,24.08,-1213,-1462,-3144,,-1351.828,-1997.355,-3594.397,-3822.5139999999997,38.68,30.4,24.23,42.75,false,false,-3.51,-0.53,中期趨勢仍向下；外資持股5/10日下降，且外資5日賣超；20日趨勢尚未上彎；當下除權息調整價未守20日EMA
340,3450,聯鈞,TWSE,半導體業,暫不承接,正常持有,strong,強勢續抱；不追高,下一交易日收盤，確認是否守住20日EMA,價格仍在20／60日EMA之上且短線強勢；ETF偏弱先觀察，不因分歧減碼。若收盤跌破20日EMA約 550.38 且法人續弱，再轉為保護持有。,價格強勢站上20／60日EMA；ETF偏弱，先觀察,60.6,55.4,39.8,85,100,完整,625,625,98,20.29,18.21,44.79,189.07,2.78,131.03,16.85,0.15,7,0,20,-1380,-309,1281,-1380,2542.644,7252.374000000001,8518.137,17811.101,679,152,4429,7009.904,4,1,98192000,106.667,-9.854000000000013,24.87,2105,5810,3669,,1864.37,6993.706999999999,4098.990999999998,10201.287999999999,63.02,84.64,77.48,98.95,false,false,13.56,17.26,ETF短中期同步減碼；20日累積後5日轉為調節；主動ETF 5日轉為減碼；短線過熱或乖離過大；高波動且5日漲幅過大
341,8114,振樺電,TWSE,電腦及週邊設備業,暫不承接,降低部位,trim,停止加碼；反彈未站回恢復區時分批減碼,每個交易日收盤後，確認是否站回恢復區,已有部位先停止加碼。反彈若仍未站回 204.86，分批降低部位；只有站回且ETF／外資賣壓收斂後才重新評估。,價格跌破60日EMA且20日趨勢向下；ETF 5/10日同步減碼；外資持股5/10日下降且外資5日賣超,46.1,55.4,66.7,85,100,完整,196,196,41.37,-18.68,18.27,38.04,165.47,7.09,13.68,2.09,5.97,3,0,-2,-3,-2,-3,0,-97.157,-257.616,-1299.539,-501.92799999999994,0,-3,-2,128,0,3,-576000,1.944,-6.164,14.18,-125,-246,-1473,,-96,-256.56,-1291.375,-549.6969999999999,43.73,40.05,32.49,55.16,false,false,-2.64,0.51,中期趨勢仍向下；ETF短中期同步減碼；外資持股5/10日下降，且外資5日賣超；20日趨勢尚未上彎；當下除權息調整價未守20日EMA
342,2412,中華電,TWSE,通信網路業,暫不承接,降低部位,trim,停止加碼；反彈未站回恢復區時分批減碼,每個交易日收盤後，確認是否站回恢復區,已有部位先停止加碼。反彈若仍未站回 137.66，分批降低部位；只有站回且ETF／外資賣壓收斂後才重新評估。,價格跌破60日EMA且20日趨勢向下；外資持股5/10日下降且外資5日賣超,54.1,55.3,59.4,85,100,可用,136,136,3.68,7.23,21.73,30.99,122.39,2.68,26.72,2.88,3.82,35,-31,20,108,4256,5437,-11,-377.636,-5124.913,-5848.99,-18881.479,189.944,666.518,5021.084000000001,6687.332000000001,4,1,90646448,157.988,94.25799999999998,17.01,177,-4911,-9978,,-535.58,-5949.419,-10964.331999999999,-25261.730000000003,44.04,42.57,41.09,45.53,true,false,-0.36,-0.37,中期趨勢仍向下；主動ETF 5日轉為減碼；外資持股5/10日下降，且外資5日賣超；20日趨勢尚未上彎；當下除權息調整價未守20日EMA
343,3037,欣興,TWSE,電子零組件業,暫不承接,保護持有,protect,今天不新增部位；未完成確認前不機械式賣出,下一交易日收盤，確認是否收復防守區,已有部位暫停加碼；若收盤跌破60日EMA約 956.25，且下一交易日仍未收復，先減碼三分之一；若ETF或外資繼續轉弱，再分批降低部位。,ETF 5/10日同步減碼,59.6,55.3,42.5,85,100,可用,971,971,43.69,30.76,11.71,59.23,176.35,11.7,66.51,12.82,0.2,49,-7,372,-399,-585,3031,-596,2151.502,12772.919,27713.173,74217.08099999998,44,606.5630000000001,-358.1429999999999,7170.173000000001,3,2,605956437,119.42700000000002,-188.21700000000004,40.07,2507,12410,28562,,2206.912,12046.929,28259.533,66813.173,45.43,33.65,49.92,1.13,false,true,-6.62,-11.32,ETF短中期同步減碼；20日累積後5日轉為調節；外資持股趨勢資料不足或期間有非市場異動；當下除權息調整價未守20日EMA；單季稅前獲利對營業外貢獻依賴偏高
344,1210,大成,TWSE,食品工業,暫不承接,保護持有,protect,今天不新增部位；未完成確認前不機械式賣出,下一交易日收盤，確認是否收復防守區,已有部位暫停加碼；若收盤跌破60日EMA約 54.27，且下一交易日仍未收復，先減碼三分之一；若ETF或外資繼續轉弱，再分批降低部位。,價格跌破60日EMA且20日趨勢向下,47.7,55.1,49.6,85,100,完整,51.7,51.7,21.5,8.41,3.89,55.78,84.62,1.48,12.63,1.68,5.84,5,0,0,0,-1069,430,0,-817.325,-1651.877,217.6060000000001,-6394.456999999999,0,1,-1077,422.41999999999996,1,0,51400,-62.129000000000005,-787.9639999999999,7.37,-693,-1189,1323,,-818.748,-1590.748,2082.5699999999997,-5014.968,35.14,21.56,32.58,-0.47,false,true,-2.56,-1.71,中期趨勢仍向下；20日趨勢尚未上彎；當下除權息調整價未守20日EMA
345,2454,聯發科,TWSE,半導體業,暫不承接,正常持有,strong,漲停先續抱；不追價,下一交易日收盤，確認是否守住20日EMA,"價格仍在20／60日EMA之上且今日漲停；ETF／投信偏弱先觀察，不因分歧減碼。若收盤跌破20日EMA約 3,919.67 且法人續弱，再轉為保護持有。",今日漲停／趨勢站穩；ETF／投信偏弱，先觀察,64.6,54.9,38.1,85,100,可用,4315,4315,12.16,0.84,15.19,45.06,123.94,30.44,64.82,14.77,1.36,70,-270,-369,-391,-2042,-2202,-336,-954.687,1204.0989999999997,-4790.921,1867.9549999999995,-329.089,-840.746,-5078.456999999999,-6605.388999999999,0,5,-3299928050,161.654,-514.299,55.79,-625,1419,582,,-613.435,1883.1909999999998,801.8349999999997,9946.693,62.24,71.21,51.14,111.34,false,false,10.09,15.53,ETF短中期同步減碼；ETF 1/3日已轉為減碼；主動ETF 5日轉為減碼；投信5/10日持續且具金額意義的賣超
346,3209,全科,TWSE,電子通路業,暫不承接,降低部位,trim,停止加碼；反彈未站回恢復區時分批減碼,每個交易日收盤後，確認是否站回恢復區,已有部位先停止加碼。反彈若仍未站回 53.09，分批降低部位；只有站回且ETF／外資賣壓收斂後才重新評估。,價格跌破60日EMA且20日趨勢向下；外資持股5/10日下降且外資5日賣超,41.9,54.9,55.3,85,100,完整,46.4,46.4,47.9,44.92,2.95,74.58,145.9,3.28,7.65,1.91,5.45,1,4,4,4,3,3,0,-2495.247,-6011.5869999999995,-8423.011,-10894.458999999999,0,0,-1,-1,0,0,0,84.99399999999999,96.55099999999997,13.55,-2408,-5386,-8304,,-2312.2,-6096.581,-8518.562,-10969.083,32.86,24.25,25.69,21.38,false,true,-7.3,-6.31,中期趨勢仍向下；外資持股5/10日下降，且外資5日賣超；20日趨勢尚未上彎；當下除權息調整價未守20日EMA
347,1707,葡萄王,TWSE,生技醫療業,暫不承接,降低部位,trim,停止加碼；反彈未站回恢復區時分批減碼,每個交易日收盤後，確認是否站回恢復區,已有部位先停止加碼。反彈若仍未站回 93.81，分批降低部位；只有站回且ETF／外資賣壓收斂後才重新評估。,價格跌破60日EMA且20日趨勢向下；外資持股5/10日下降且外資5日賣超,51.7,54.7,66.1,85,100,完整,90.8,90.8,-5.08,-3.01,15.96,22.65,158.79,2.75,11.54,1.29,6.71,1,0,0,0,0,-1,0,-107.518,-540.8340000000001,-878.3610000000001,-1810.034,0,1,1,0,1,0,89400,-0.01700000000000007,9.048,14.38,-100,-534,-863,,-97.149,-541.817,-888.4090000000001,-1787.566,51.71,58.34,57.61,59.79,true,true,0.71,0.78,累計營收負成長且當月改善不足；中期趨勢仍向下；外資持股5/10日下降，且外資5日賣超；20日趨勢尚未上彎
348,1102,亞泥,TWSE,水泥工業,暫不承接,保護持有,protect,今天不新增部位；未完成確認前不機械式賣出,下一交易日收盤，確認是否收復防守區,已有部位暫停加碼；若收盤跌破60日EMA約 34.15，且下一交易日仍未收復，先減碼三分之一；若ETF或外資繼續轉弱，再分批降低部位。,ETF 5/10日同步減碼；KD高檔死亡交叉（僅屬時機警示）,58,54.6,55.4,85,100,完整,35.15,35.15,-7.51,-7.28,8.87,38.22,147.03,2.13,9.54,0.66,6.66,17,-46,-511,-483,-145,-3317,0,-67.73,6004.911,37001.026999999995,28367.46799999999,36,-400.75199999999995,-109.57699999999994,-1321.534,3,2,-13845982,-2696.44,-4299.9529999999995,13.44,1363,10637,34505,,127.483,9102.103,41410.557,34997.446,61.87,81.06,82.47,78.24,false,true,2.82,0.72,累計營收負成長且當月改善不足；ETF短中期同步減碼；ETF 1/3日已轉為減碼；KD高檔死亡交叉，等待動能確認；單季稅前獲利對營業外貢獻依賴偏高
349,1718,中纖,TWSE,化學工業,暫不承接,保護持有,protect,今天不新增部位；未完成確認前不機械式賣出,下一交易日收盤，確認是否收復防守區,已有部位暫停加碼；若收盤跌破60日EMA約 10.53，且下一交易日仍未收復，先減碼三分之一；若ETF或外資繼續轉弱，再分批降低部位。,ETF 5/10日同步減碼,62.2,54.6,29.3,85,100,可用,11.15,11.15,11.17,3.08,,90.72,88.16,0.46,18.47,0.61,,1,0,-20,-20,-37,-101,0,4960.579,7008.383999999999,16677.03,-31614.908,0,-20,-37,-101,0,1,-218000,-98.64500000000001,-218.204,6.07,4807,5484,12748,,4907.565,7127.028999999999,16932.234,-31876.315,55.59,53.56,49.2,62.27,true,false,3.7,4.69,ETF短中期同步減碼
350,2355,敬鵬,TWSE,電子零組件業,暫不承接,保護持有,protect,今天不新增部位；未完成確認前不機械式賣出,下一交易日收盤，確認是否收復防守區,已有部位暫停加碼；若收盤跌破60日EMA約 45.59，且下一交易日仍未收復，先減碼三分之一；若ETF或外資繼續轉弱，再分批降低部位。,未觸發明確減碼訊號,56.7,54.6,57.4,85,100,完整,44.2,44.2,15.91,6.17,4.6,31.31,221.89,1.07,23.11,1,2.28,1,0,0,0,0,0,0,-346.877,1393.4450000000002,605.7930000000001,1675.3940000000002,0,0,0,0,0,0,0,265.95599999999996,381.81699999999995,17.73,-364,1216,-265,,-317.785,1127.4889999999998,223.97599999999989,1019.0049999999999,55.48,69.64,63.97,80.98,false,false,3.32,6.12,
351,1216,統一,TWSE,食品工業,暫不承接,保護持有,protect,今天不新增部位；未完成確認前不機械式賣出,下一交易日收盤，確認是否收復防守區,已有部位暫停加碼；若收盤跌破60日EMA約 75.94，且下一交易日仍未收復，先減碼三分之一；若ETF或外資繼續轉弱，再分批降低部位。,ETF 5/10日同步減碼；投信5/10日持續且具金額意義地賣超,60.1,54.4,37.3,85,100,可用,76.2,76.2,8.85,4.09,5.86,72.24,86.59,2.56,18.41,3.18,3.94,30,-1221,-3012,-3045,-3645,-13405,-5,2327.627,14281.415,60814.954,130239.90299999999,-1162.069,-2373.7889999999998,-2721.5099999999998,-8663.084,0,5,-180882722,-912.953,-1429.028,33.95,5388,20319,63869,,3932.482,17568.157,64965.492,142344.62399999998,48.32,43.18,57.15,15.24,false,false,-0.45,-2.18,ETF短中期同步減碼；ETF 1/3日已轉為減碼；主動ETF 5日轉為減碼；投信5/10日持續且具金額意義的賣超；當下除權息調整價未守20日EMA
352,8028,昇陽半導體,TWSE,半導體業,暫不承接,保護持有,protect,今天不新增部位；未完成確認前不機械式賣出,下一交易日收盤，確認是否收復防守區,已有部位暫停加碼；若收盤跌破60日EMA約 270.01，且下一交易日仍未收復，先減碼三分之一；若ETF或外資繼續轉弱，再分批降低部位。,價格跌破60日EMA且20日趨勢向下,52.8,54.3,42.1,85,100,完整,255,255,36.53,29.62,25.73,56.22,135.92,3.32,43.19,7.22,1.12,3,0,0,1,-187,-1108,0,541.619,-520.752,-3361.1939999999995,-9069.876999999999,-449,-597,-1917,-6689.843,0,2,-143877000,-24.436,-138.947,26.09,989,14,-1740,,1023.899,100.684,-1305.2469999999998,-2200.771,47.18,57.95,40.94,91.96,false,false,-0.24,5.37,中期趨勢仍向下；20日趨勢尚未上彎；當下除權息調整價未守20日EMA
353,6282,康舒,TWSE,電子零組件業,暫不承接,保護持有,protect,今天不新增部位；未完成確認前不機械式賣出,下一交易日收盤，確認是否收復防守區,已有部位暫停加碼；若收盤跌破60日EMA約 49.35，且下一交易日仍未收復，先減碼三分之一；若ETF或外資繼續轉弱，再分批降低部位。,ETF 5/10日同步減碼,51.6,54.1,46.1,85,100,完整,44.9,44.9,42.45,27.31,2.16,57.03,160.52,0.37,36.8,1.69,1.78,5,0,-33,-41,-38,84,0,-177.892,-1501.344,-5282.844999999999,-10470.657999999996,0,-41,-38,84.431,1,2,-1840900,-273.348,-935.6280000000002,12.77,549,8852,7615,,6.024,-1186.996,-4309.217,-9830.948,42.56,48.56,38.05,69.57,false,false,-2.44,2.05,ETF短中期同步減碼；20日累積後5日轉為調節；當下除權息調整價未守20日EMA
354,2472,立隆電,TWSE,電子零組件業,暫不承接,保護持有,protect,今天不新增部位；未完成確認前不機械式賣出,下一交易日收盤，確認是否收復防守區,已有部位暫停加碼；若收盤跌破60日EMA約 262.34，且下一交易日仍未收復，先減碼三分之一；若ETF或外資繼續轉弱，再分批降低部位。,ETF 5/10日同步減碼；投信5/10日持續且具金額意義地賣超,43.4,53.9,67.2,85,100,完整,224,224,36.23,20.85,20.37,26.28,287.97,3.98,22.81,3.87,1.56,6,-103,-118,-353,-1875,-2820,-353,-228.193,-2247.5890000000004,-2237.9950000000003,-5067.433,-603,-816.5,-2450.5,-3581.2349999999997,0,4,-182896000,61.750000000000014,11.981000000000016,10.93,465,-353,1553,,405.588,-1492.839,200.52400000000011,-1478.4089999999992,40.66,43.87,38.36,54.88,false,false,-4.72,2.75,ETF短中期同步減碼；ETF 1/3日已轉為減碼；主動ETF 5日轉為減碼；投信5/10日持續且具金額意義的賣超；當下除權息調整價未守20日EMA
355,4904,遠傳,TWSE,通信網路業,暫不承接,降低部位,trim,停止加碼；反彈未站回恢復區時分批減碼,每個交易日收盤後，確認是否站回恢復區,已有部位先停止加碼。反彈若仍未站回 101.51，分批降低部位；只有站回且ETF／外資賣壓收斂後才重新評估。,價格跌破60日EMA且20日趨勢向下；ETF 5/10日同步減碼；投信5/10日持續且具金額意義地賣超,51.1,53.9,50.8,85,100,可用,101,101,14.87,10.79,17.57,51.58,74.42,2.14,24.57,4.23,3.77,34,-97,-1171,-2631,-2537,-2440,-418,758.377,1646.6119999999996,10055.479,14745.410999999995,-28.024,-2144.149,-2124.2169999999996,-222.3039999999993,0,5,-216559049,-618.429,-467.29399999999987,19.88,1221,4813,11373,,1047.502,4409.19,12646.99,15895.124,47.36,50.72,58.31,35.55,false,true,-0.5,-1.46,中期趨勢仍向下；ETF短中期同步減碼；ETF 1/3日已轉為減碼；主動ETF 5日轉為減碼；投信5/10日持續且具金額意義的賣超；20日趨勢尚未上彎；當下除權息調整價未守20日EMA
356,9939,宏全,TWSE,其他,暫不承接,保護持有,protect,今天不新增部位；未完成確認前不機械式賣出,下一交易日收盤，確認是否收復防守區,已有部位暫停加碼；若收盤跌破60日EMA約 129.90，且下一交易日仍未收復，先減碼三分之一；若ETF或外資繼續轉弱，再分批降低部位。,ETF 5/10日同步減碼；投信5/10日持續且具金額意義地賣超,52.4,53.7,46.1,85,100,完整,132.5,132.5,-1,2.72,16.21,59.06,108.5,6.55,11.95,1.97,4.71,7,-124,-373,-498,-769,-889,-496,130.27,-399.281,616.476,5048.5109999999995,-124,-498.44100000000003,-772.441,-937.738,0,4,-65544991,7.3229999999999995,47.919999999999995,17.05,253,88,1490,,255.16,91.83700000000002,1340.9969999999998,5922.781999999999,50.76,47.01,48.05,44.91,false,true,-0.04,0,ETF短中期同步減碼；ETF 1/3日已轉為減碼；主動ETF 5日轉為減碼；投信5/10日持續且具金額意義的賣超；當下除權息調整價未守20日EMA
357,3550,聯穎,TWSE,電子零組件業,暫不承接,保護持有,protect,今天不新增部位；未完成確認前不機械式賣出,下一交易日收盤，確認是否收復防守區,已有部位暫停加碼；若收盤跌破60日EMA約 23.96，且下一交易日仍未收復，先減碼三分之一；若ETF或外資繼續轉弱，再分批降低部位。,ETF 5/10日同步減碼,52.9,53.1,41.2,85,100,完整,23.65,23.65,38.33,28.96,3.34,59.83,178.9,0.67,198.33,1.46,,1,0,-2,-2,-3,-9,0,-453.44,373.48600000000005,896.8,-1174.3470000000002,0,-2,-3,-9,0,1,-47600,-3.2110000000000003,0.574,7.27,-461,377,955,,-453.751,378.697,899.226,-1160.269,50.68,56.55,56.56,56.54,false,true,0.94,1.5,ETF短中期同步減碼
358,2838,聯邦銀,TWSE,金融保險業,暫不承接,降低部位,trim,停止加碼；反彈未站回恢復區時分批減碼,每個交易日收盤後，確認是否站回恢復區,已有部位先停止加碼。反彈若仍未站回 20.40，分批降低部位；只有站回且ETF／外資賣壓收斂後才重新評估。,價格跌破60日EMA且20日趨勢向下；外資持股5/10日下降且外資5日賣超,48.6,52.9,61.6,85,100,完整,20.25,20.25,-22.04,17.83,,91.54,,0.67,12.98,1.05,5.23,3,0,1,1,1,-14,0,-44.375,-1468.193,-847.6310000000001,-8692.117,0,5,5,-9.134,1,0,101250,217.015,87.477,4.08,-5,-1300,-942,,-17.166,-1690.2079999999999,-940.1079999999998,-8878.757,47.12,51.62,55.75,43.36,false,true,-0.24,0,中期趨勢仍向下；外資持股5/10日下降，且外資5日賣超；20日趨勢尚未上彎；當下除權息調整價未守20日EMA
359,3293,鈊象,TPEX,文化創意業,暫不承接,降低部位,trim,停止加碼；反彈未站回恢復區時分批減碼,每個交易日收盤後，確認是否站回恢復區,已有部位先停止加碼。反彈若仍未站回 744.51，分批降低部位；只有站回且ETF／外資賣壓收斂後才重新評估。,價格跌破60日EMA且20日趨勢向下；ETF 5/10日同步減碼,47.8,52.6,56.2,85,100,可用,711,711,25.86,17.13,59.05,55.02,152.62,22.77,16.87,13.61,4.93,17,-1998,-4661,-6749,-9514,-10038,-10,-607.394,-607.394,-607.394,-607.394,-2011.009,-2011.009,-2011.009,-2011.009,0,1,-1468036570,-17.277,-17.277,27.81,,,,,1420.892,1420.892,1420.892,1420.892,41.62,21.74,19.81,25.59,true,false,-3.07,0,中期趨勢仍向下；ETF短中期同步減碼；ETF 1/3日已轉為減碼；主動ETF 5日轉為減碼；外資持股趨勢資料不足或期間有非市場異動；20日趨勢尚未上彎；當下除權息調整價未守20日EMA
360,2484,希華,TWSE,電子零組件業,暫不承接,保護持有,protect,今天不新增部位；未完成確認前不機械式賣出,下一交易日收盤，確認是否收復防守區,已有部位暫停加碼；若收盤跌破60日EMA約 69.77，且下一交易日仍未收復，先減碼三分之一；若ETF或外資繼續轉弱，再分批降低部位。,ETF 5/10日同步減碼,57.3,52.5,55.4,85,100,完整,76.7,76.7,7.1,-1.19,10.26,19.25,453.99,0.86,53.24,2.88,0.95,1,0,-3,-3,-6,-15,0,368.06,-4231.799000000001,-2940.659,-2348.964,0,-3,-6,-15,0,1,-222000,47.359,63.21,5.08,1169,-27,440,,351.862,-4276.158000000001,-2997.869000000001,-2444.7250000000013,53.92,56.98,56.88,57.19,true,true,3.22,-3.28,累計營收負成長且當月改善不足；ETF短中期同步減碼；借券賣出與借券賣出餘額壓力升高
361,2645,長榮航太,TWSE,航運業,暫不承接,降低部位,trim,停止加碼；反彈未站回恢復區時分批減碼,每個交易日收盤後，確認是否站回恢復區,已有部位先停止加碼。反彈若仍未站回 185.16，分批降低部位；只有站回且ETF／外資賣壓收斂後才重新評估。,價格跌破60日EMA且20日趨勢向下；ETF 5/10日同步減碼；外資持股5/10日下降且外資5日賣超,47.8,52.5,52.2,85,100,可用,176,176,18.48,13.29,20.27,49.28,239.87,4.59,22.07,4.83,2.89,5,-8,-50,-53,-10,-230,0,-668.961,-3211.5410000000006,-7697.893000000001,-18665.561,0,124,164,-30.558999999999997,2,1,21452000,170.316,132,6.34,-670,-2898,-6953,,-648.904,-3505.8569999999995,-7993.892999999999,-18718.47299999999,44,26.51,22.99,33.55,false,false,-2.94,3.23,中期趨勢仍向下；ETF短中期同步減碼；ETF 1/3日已轉為減碼；外資持股5/10日下降，且外資5日賣超；20日趨勢尚未上彎；當下除權息調整價未守20日EMA；借券賣出與借券賣出餘額壓力升高
362,2354,鴻準,TWSE,其他電子業,暫不承接,保護持有,protect,今天不新增部位；未完成確認前不機械式賣出,下一交易日收盤，確認是否收復防守區,已有部位暫停加碼；若收盤跌破60日EMA約 59.16，且下一交易日仍未收復，先減碼三分之一；若ETF或外資繼續轉弱，再分批降低部位。,ETF 5/10日同步減碼,60.1,52.4,49.5,85,100,完整,65.9,65.9,37.46,-11.25,1.29,36.29,219.89,1.1,27.42,0.8,2.32,6,0,-12,-29,-36,-78,0,5806.022,9377.399,8848.08,38925.042,0,-28,-45,-86.835,0,4,-1811600,1560.367,1383.147,12.81,5448,7828,879,,5296.707,7845.032,7509.933000000001,36905.816,70.26,79.16,65.67,106.14,false,false,7.03,8.93,ETF短中期同步減碼；單季稅前獲利對營業外貢獻依賴偏高
363,2493,揚博,TWSE,電子零組件業,暫不承接,降低部位,trim,停止加碼；反彈未站回恢復區時分批減碼,每個交易日收盤後，確認是否站回恢復區,已有部位先停止加碼。反彈若仍未站回 202.75，分批降低部位；只有站回且ETF／外資賣壓收斂後才重新評估。,價格跌破60日EMA且20日趨勢向下；ETF 5/10日同步減碼,49,52.4,51.1,85,100,完整,187,187,25.93,11.87,17.43,51.21,163.49,2.67,34.32,7.38,2.23,2,0,-4,-6,-10,-7,0,472.52,109.26799999999992,-937.5140000000001,-5555.05,0,-6,-10,37,0,3,-1077000,18.649000000000004,-64.981,6.74,509,537,395,,473.408,96.61900000000003,-862.5329999999999,-5427.934,44.95,59.63,40.5,97.9,false,false,-3.42,9.36,中期趨勢仍向下；ETF短中期同步減碼；20日趨勢尚未上彎；當下除權息調整價未守20日EMA
364,4915,致伸,TWSE,電子零組件業,暫不承接,降低部位,trim,停止加碼；反彈未站回恢復區時分批減碼,每個交易日收盤後，確認是否站回恢復區,已有部位先停止加碼。反彈若仍未站回 64.89，分批降低部位；只有站回且ETF／外資賣壓收斂後才重新評估。,價格跌破60日EMA且20日趨勢向下；外資持股5/10日下降且外資5日賣超,45.6,52.1,52.4,85,100,完整,59.8,59.8,9.34,12.3,4.03,62.65,127.13,2.55,12,1.37,7.69,11,0,-13,-20,1034,2728,0,-39.826,-2854.177,-3033.2509999999997,-8679.534,0,-17.173000000000002,1036.827,2730.4330000000004,1,3,-1020076,-27.584,-154.773,25,125,-1614,-3166,,-30,-2809.42,-3915.305,-11214.385,38.1,40,43.72,32.56,false,true,-1.75,0,中期趨勢仍向下；20日累積後5日轉為調節；外資持股5/10日下降，且外資5日賣超；20日趨勢尚未上彎；當下除權息調整價未守20日EMA
365,2634,漢翔,TWSE,航運業,暫不承接,保護持有,protect,今天不新增部位；未完成確認前不機械式賣出,下一交易日收盤，確認是否收復防守區,已有部位暫停加碼；若收盤跌破60日EMA約 61.57，且下一交易日仍未收復，先減碼三分之一；若ETF或外資繼續轉弱，再分批降低部位。,ETF 5/10日同步減碼；外資持股5/10日下降且外資5日賣超,54.2,52,38,85,97,可用,67,67,19.99,8.92,9.96,63.19,151.33,1.3,32.32,3.43,1.17,3,0,-16,-20,-36,-1233,0,-3808.207,-22905.868,-31688.191999999995,6094.515000000002,-2,-21,-46,-1243.02,0,3,-1404900,-1261.927,-2721.648,3.72,-2662,-21903,-37008,,-3430.019,-21622.941,-28920.543999999994,7010.592000000006,52.09,21.74,34.26,-3.29,false,false,0.17,0.45,ETF短中期同步減碼；外資持股5/10日下降，且外資5日賣超
366,3592,瑞鼎,TWSE,半導體業,暫不承接,降低部位,trim,停止加碼；反彈未站回恢復區時分批減碼,每個交易日收盤後，確認是否站回恢復區,已有部位先停止加碼。反彈若仍未站回 240.67，分批降低部位；只有站回且ETF／外資賣壓收斂後才重新評估。,價格跌破60日EMA且20日趨勢向下；外資持股5/10日下降且外資5日賣超,45.5,51.6,53.2,85,100,完整,224.5,224.5,13.97,6.21,5.23,47.33,188.43,8.35,12.86,1.46,6.67,6,0,-3,-6,51,-16,0,-277.326,-252.16000000000003,-415.94399999999996,-1307.423,0,-5.695,51.305,-15.695,0,3,-1247205,-6.26,-14.032,15.39,-279,-177,-70,,-275.857,-240.20499999999998,-453.217,-1278.663,41.48,42.66,41.44,45.11,true,true,-2.12,-0.44,中期趨勢仍向下；外資持股5/10日下降，且外資5日賣超；20日趨勢尚未上彎；當下除權息調整價未守20日EMA
367,2406,國碩,TWSE,光電業,暫不承接,降低部位,trim,停止加碼；反彈未站回恢復區時分批減碼,每個交易日收盤後，確認是否站回恢復區,已有部位先停止加碼。反彈若仍未站回 31.99，分批降低部位；只有站回且ETF／外資賣壓收斂後才重新評估。,價格跌破60日EMA且20日趨勢向下；ETF 5/10日同步減碼；外資持股5/10日下降且外資5日賣超,45.8,51.4,45.8,85,100,完整,28.4,28.4,66.13,119.89,4.92,49.59,194.97,0.33,155.83,2.65,,1,0,-6,-6,-12,-33,0,-176.186,-1406.385,-4195.872,-9262.879,0,-6,-12,-33,0,1,-168300,-10.855,-43.653000000000006,7.7,-131,-1281,-3845,,-169.901,-1389.5299999999997,-4140.218999999999,-9032.032000000001,38.75,50.36,41.57,67.95,false,false,-4.01,0.35,中期趨勢仍向下；ETF短中期同步減碼；外資持股5/10日下降，且外資5日賣超；20日趨勢尚未上彎；當下除權息調整價未守20日EMA
368,5536,聖暉*,TPEX,其他電子業,暫不承接,降低部位,trim,停止加碼；反彈未站回恢復區時分批減碼,每個交易日收盤後，確認是否站回恢復區,"已有部位先停止加碼。反彈若仍未站回 1,001.73，分批降低部位；只有站回且ETF／外資賣壓收斂後才重新評估。",價格跌破60日EMA且20日趨勢向下；ETF 5/10日同步減碼,45.9,51.4,51.2,85,100,可用,883,883,3.41,24.33,17.71,55.52,160.97,23.73,21.59,6.45,2.31,9,0,-3,-3,-3224,-3817,0,-127.009,-127.009,-127.009,-127.009,0,0,0,0,0,0,0,-5.765,-5.765,44.05,,,,,-121.244,-121.244,-121.244,-121.244,39.28,49.49,37.52,73.43,false,false,-3.66,3.52,中期趨勢仍向下；ETF短中期同步減碼；外資持股趨勢資料不足或期間有非市場異動；20日趨勢尚未上彎；當下除權息調整價未守20日EMA
369,3596,智易,TWSE,通信網路業,暫不承接,降低部位,trim,停止加碼；反彈未站回恢復區時分批減碼,每個交易日收盤後，確認是否站回恢復區,已有部位先停止加碼。反彈若仍未站回 174.93，分批降低部位；只有站回且ETF／外資賣壓收斂後才重新評估。,價格跌破60日EMA且20日趨勢向下；外資持股5/10日下降且外資5日賣超,45.3,51.2,49.2,85,100,完整,159.5,159.5,7.74,2.77,6.57,69.48,125.16,6.5,12.15,2.12,5.7,4,0,0,0,1,-99,0,-1141.781,-2918.206,-5909.321,-14150.928999999996,0,0,1,-98.47,0,0,0,4.675000000000001,2.604,28.11,-1142,-2925,-5922,,-1139.574,-2922.8810000000003,-5912.925,-13986.794000000002,36.58,21.55,18.25,28.15,false,false,-3.46,0,中期趨勢仍向下；外資持股5/10日下降，且外資5日賣超；20日趨勢尚未上彎；當下除權息調整價未守20日EMA
370,5234,達興材料,TWSE,光電業,暫不承接,降低部位,trim,停止加碼；反彈未站回恢復區時分批減碼,每個交易日收盤後，確認是否站回恢復區,已有部位先停止加碼。反彈若仍未站回 341.06，分批降低部位；只有站回且ETF／外資賣壓收斂後才重新評估。,價格跌破60日EMA且20日趨勢向下；外資持股5/10日下降且外資5日賣超；投信5/10日持續且具金額意義地賣超,48.2,51,60.7,85,100,完整,301,301,11.51,10.23,20.09,31.51,235.6,4.44,35.26,9.15,2.2,3,0,0,1,1,-2,0,-142.268,-279.85,-649.3080000000001,-757.0980000000001,0,-83,-106,-118.559,0,3,-24526500,-20.59,-71.936,8.4,-67,-145,-598,,-134.508,-176.26000000000002,-471.372,-589.088,39.42,31.93,23.2,49.4,true,false,-3.26,0.67,中期趨勢仍向下；投信5/10日持續且具金額意義的賣超；外資持股5/10日下降，且外資5日賣超；20日趨勢尚未上彎；當下除權息調整價未守20日EMA
371,2375,凱美,TWSE,電子零組件業,暫不承接,保護持有,protect,今天不新增部位；未完成確認前不機械式賣出,下一交易日收盤，確認是否收復防守區,已有部位暫停加碼；若收盤跌破60日EMA約 137.46，且下一交易日仍未收復，先減碼三分之一；若ETF或外資繼續轉弱，再分批降低部位。,ETF 5/10日同步減碼；外資持股5/10日下降且外資5日賣超,46.5,50.9,58.2,85,100,完整,127,127,37.92,12.71,7.44,28.89,190.62,1.85,30.53,1.3,0.94,3,0,-2,-2,-4,68,0,-223.541,-2344.379,-2613.483,-6039.1010000000015,0,-2,-4,68,0,1,-254000,102.689,52.43000000000001,9.57,-98,-1820,-2070,,-183.583,-2445.0679999999998,-2661.9129999999996,-6198.272,46.37,47.16,47.45,46.56,false,true,-1.21,3.67,ETF短中期同步減碼；20日累積後5日轉為調節；外資持股5/10日下降，且外資5日賣超；當下除權息調整價未守20日EMA
372,2458,義隆,TWSE,半導體業,暫不承接,降低部位,trim,停止加碼；反彈未站回恢復區時分批減碼,每個交易日收盤後，確認是否站回恢復區,已有部位先停止加碼。反彈若仍未站回 152.33，分批降低部位；只有站回且ETF／外資賣壓收斂後才重新評估。,價格跌破60日EMA且20日趨勢向下；外資持股5/10日下降且外資5日賣超,45,50.9,64.1,85,100,完整,138,138,-13.21,2.03,22.95,31.65,227.9,5.53,12.59,3.46,5.22,17,0,-45,-181,1205,635,0,-822.307,-2250.825,-4371.103999999999,-14829.277999999998,0,-181.189,1201.8110000000001,-306.7639999999998,1,3,-24551109,-90.014,187.12999999999997,19.24,-454,-260,-4114,,-749.232,-1979.6219999999998,-5760.045,-14618.963,37.96,21.63,25.27,14.33,false,true,-4.14,0.36,中期趨勢仍向下；20日累積後5日轉為調節；外資持股5/10日下降，且外資5日賣超；20日趨勢尚未上彎；當下除權息調整價未守20日EMA
373,4123,晟德,TPEX,生技醫療業,暫不承接,保護持有,protect,今天不新增部位；未完成確認前不機械式賣出,下一交易日收盤，確認是否收復防守區,已有部位暫停加碼；若收盤跌破60日EMA約 34.99，且下一交易日仍未收復，先減碼三分之一；若ETF或外資繼續轉弱，再分批降低部位。,價格跌破60日EMA且20日趨勢向下,40.1,50.7,59.2,85,100,可用,31.05,31.05,15.28,18.09,51.98,28.42,184.68,-11.24,23.5,1.37,7.19,1,0,0,0,0,269,0,-576.93,-576.93,-576.93,-576.93,0,0,0,0,0,0,0,48.07,48.07,11.28,,,,,-625,-625,-625,-625,26.92,11.91,18.93,-2.13,false,false,-6.09,-4.31,中期趨勢仍向下；外資持股趨勢資料不足或期間有非市場異動；20日趨勢尚未上彎；當下除權息調整價未守20日EMA
374,6155,鈞寶,TWSE,電子零組件業,暫不承接,保護持有,protect,今天不新增部位；未完成確認前不機械式賣出,下一交易日收盤，確認是否收復防守區,已有部位暫停加碼；若收盤跌破60日EMA約 61.27，且下一交易日仍未收復，先減碼三分之一；若ETF或外資繼續轉弱，再分批降低部位。,ETF 5/10日同步減碼；外資持股5/10日下降且外資5日賣超,45.5,50.6,55.1,85,100,完整,57.6,57.6,22.68,20.21,8.88,31.23,167.27,0.82,31.72,3.08,1.4,1,0,-2,-2,-3,-7,0,-101.962,-34.12099999999998,-169.98899999999995,-2292.8200000000006,0,-2,-3,-7,0,1,-114200,-5,-23.212999999999997,7.29,-93,-46,-173,,-101.962,-27.12099999999998,-143.77599999999995,-2272.091,47.73,40.52,35.74,50.07,true,false,-0.31,4.16,ETF短中期同步減碼；外資持股5/10日下降，且外資5日賣超；當下除權息調整價未守20日EMA；單季稅前獲利對營業外貢獻依賴偏高
375,8261,富鼎,TWSE,半導體業,暫不承接,保護持有,protect,今天不新增部位；未完成確認前不機械式賣出,下一交易日收盤，確認是否收復防守區,已有部位暫停加碼；若收盤跌破60日EMA約 198.30，且下一交易日仍未收復，先減碼三分之一；若ETF或外資繼續轉弱，再分批降低部位。,ETF 5/10日同步減碼；外資持股5/10日下降且外資5日賣超,43.3,50.5,65.8,85,100,完整,182,182,10.26,8.42,23.89,19.47,421.83,3.07,26.76,3.72,2.8,2,0,-7,-7,-13,-161,0,-223.826,-841.375,-4456.156999999999,-9266.641,0,-7,-13,-161,0,1,-1249500,-79.20099999999998,-98.86399999999999,5.18,-230,-834,-3570,,-174.41,-755.1740000000002,-4344.293,-9086.425,44.41,35.32,32.97,40.02,false,false,-3.21,2.54,ETF短中期同步減碼；外資持股5/10日下降，且外資5日賣超；當下除權息調整價未守20日EMA
376,3479,安勤,TPEX,電腦及週邊設備業,暫不承接,保護持有,protect,今天不新增部位；未完成確認前不機械式賣出,下一交易日收盤，確認是否收復防守區,已有部位暫停加碼；若收盤跌破60日EMA約 131.51，且下一交易日仍未收復，先減碼三分之一；若ETF或外資繼續轉弱，再分批降低部位。,價格跌破60日EMA且20日趨勢向下,41.9,50.3,52.5,85,100,可用,125.5,125.5,19.67,14.6,8.25,57.39,155.72,3.95,17.35,2.75,3.65,1,0,0,0,0,-1,0,-104.123,-104.123,-104.123,-104.123,0,0,0,0,0,0,0,-0.123,-0.123,6.68,,,,,-104,-104,-104,-104,39.01,22.37,28.75,9.59,false,true,-4.66,-4.2,中期趨勢仍向下；外資持股趨勢資料不足或期間有非市場異動；20日趨勢尚未上彎；當下除權息調整價未守20日EMA
377,2548,華固,TWSE,建材營造,暫不承接,保護持有,protect,今天不新增部位；未完成確認前不機械式賣出,下一交易日收盤，確認是否收復防守區,已有部位暫停加碼；若收盤跌破60日EMA約 98.42，且下一交易日仍未收復，先減碼三分之一；若ETF或外資繼續轉弱，再分批降低部位。,價格跌破60日EMA且20日趨勢向下,40.1,50.3,62.6,85,90,可用,93.2,93.2,-91.05,102.17,20.15,61.37,222.93,2.81,7.51,1.43,9.15,2,0,-3,-6,174,170,0,-1041.087,-2435.4199999999996,-2356.6039999999994,-10366.456999999999,0,-6,171.2,100.99099999999999,0,2,-557400,-7.7319999999999975,-33.238,14.12,-912,-1653,-1646,,-1040.816,-2421.688,-2494.566,-10315.441,38.85,22.16,37.27,-8.05,false,true,-2,-3.32,中期趨勢仍向下；20日累積後5日轉為調節；外資持股趨勢資料不足或期間有非市場異動；20日趨勢尚未上彎；當下除權息調整價未守20日EMA
378,6415,矽力*-KY,TWSE,半導體業,暫不承接,保護持有,protect,今天不新增部位；未完成確認前不機械式賣出,下一交易日收盤，確認是否收復防守區,已有部位暫停加碼；若收盤跌破60日EMA約 467.47，且下一交易日仍未收復，先減碼三分之一；若ETF或外資繼續轉弱，再分批降低部位。,ETF 5/10日同步減碼；外資持股5/10日下降且外資5日賣超；投信5/10日持續且具金額意義地賣超,41.4,49.3,63.5,85,100,可用,418.5,418.5,58.55,30.14,10.43,14.57,718.18,6.03,41.88,3.97,0.62,12,0,-34,-36,-51,-923,-2,-1157.375,-2051.5330000000004,-1926.6140000000005,-902.5000000000005,-20,-675,-891,-3884.823,1,4,-278437500,-68.11500000000001,-63.39900000000001,81.38,-931,-802,-575,,-1062.143,-1308.4180000000001,-972.2150000000001,3025.651,40.3,30.27,38.26,14.3,false,true,-6.82,-7.31,ETF短中期同步減碼；主動ETF 5日轉為減碼；投信5/10日持續且具金額意義的賣超；外資持股5/10日下降，且外資5日賣超；當下除權息調整價未守20日EMA；借券賣出與借券賣出餘額壓力升高；單季稅前獲利對營業外貢獻依賴偏高
379,1477,聚陽,TWSE,紡織纖維,暫不承接,保護持有,protect,今天不新增部位；未完成確認前不機械式賣出,下一交易日收盤，確認是否收復防守區,已有部位暫停加碼；若收盤跌破60日EMA約 215.24，且下一交易日仍未收復，先減碼三分之一；若ETF或外資繼續轉弱，再分批降低部位。,價格跌破60日EMA且20日趨勢向下,46.4,49.2,54.4,85,100,完整,195.5,195.5,7.86,-1.63,14.44,42.05,180.12,7.65,13.28,3.48,7.71,16,8,-4,-9,277,878,-26,96.268,-87.53700000000003,-517.7100000000002,-9891.303,8,-141.322,98.678,690.1179999999999,2,3,-27487129,-31.931000000000008,-104.051,14.74,9,168,539,,99.969,85.71600000000012,-512.337,-10185.337999999998,34.43,26.86,27.99,24.62,false,true,-4.45,-2.74,累計營收負成長且當月改善不足；中期趨勢仍向下；20日累積後5日轉為調節；主動ETF 5日轉為減碼；投信20日買超後近5日轉賣；20日趨勢尚未上彎；當下除權息調整價未守20日EMA
380,6533,晶心科,TWSE,半導體業,暫不承接,保護持有,protect,今天不新增部位；未完成確認前不機械式賣出,下一交易日收盤，確認是否收復防守區,已有部位暫停加碼；若收盤跌破60日EMA約 232.37，且下一交易日仍未收復，先減碼三分之一；若ETF或外資繼續轉弱，再分批降低部位。,ETF 5/10日同步減碼,56.9,49.2,41.9,85,100,完整,262.5,262.5,22.24,56.03,-34.39,29.28,497.25,-4.62,,3.09,,1,0,-5,-5,-5,-25,0,10.377,300.914,153.088,-816.84,0,-5,-5,-25,0,1,-1305000,-0.5019999999999991,-2.839999999999999,10.17,6,266,32,,12,306.416,160.928,-781.945,62.4,62.87,68.52,51.57,false,true,5.02,4.37,ETF短中期同步減碼
381,6435,大中,TPEX,半導體業,暫不承接,保護持有,protect,今天不新增部位；未完成確認前不機械式賣出,下一交易日收盤，確認是否收復防守區,已有部位暫停加碼；若收盤跌破60日EMA約 268.38，且下一交易日仍未收復，先減碼三分之一；若ETF或外資繼續轉弱，再分批降低部位。,ETF 5/10日同步減碼,38,49.1,59.3,85,100,可用,248.5,248.5,24.17,12.78,15.98,31.26,221.08,7.35,18.3,4.08,3.07,1,-65,-195,-306,-372,-372,-306,-243.351,-243.351,-243.351,-243.351,-65,-65,-65,-65,0,1,-15860000,-23.351,-23.351,8.78,,,,,-155,-155,-155,-155,42.84,24.37,31.78,9.54,false,true,-4.05,-4.97,ETF短中期同步減碼；ETF 1/3日已轉為減碼；主動ETF 5日轉為減碼；外資持股趨勢資料不足或期間有非市場異動；當下除權息調整價未守20日EMA
382,2504,國產,TWSE,建材營造,暫不承接,保護持有,protect,今天不新增部位；未完成確認前不機械式賣出,下一交易日收盤，確認是否收復防守區,已有部位暫停加碼；若收盤跌破60日EMA約 32.25，且下一交易日仍未收復，先減碼三分之一；若ETF或外資繼續轉弱，再分批降低部位。,ETF 5/10日同步減碼；外資持股5/10日下降且外資5日賣超,48.6,49,52.7,85,100,完整,31.45,31.45,-4.67,-8.25,20.83,46.08,115.96,1.47,9.78,1.42,8.33,8,0,-15,-18,-18,-121,0,-1121.426,-2380.002,625.8580000000001,-2040.7039999999997,0,-12,-24,-126.82299999999998,1,2,-374400,-555.3210000000001,-364.32100000000014,6.12,-273,-1988,-46,,-537,-1812.681,1014.179,-1416.522,50,51.87,59.58,36.46,false,true,0.19,-1.26,累計營收負成長且當月改善不足；ETF短中期同步減碼；外資持股5/10日下降，且外資5日賣超
383,9921,巨大,TWSE,運動休閒,暫不承接,保護持有,protect,今天不新增部位；未完成確認前不機械式賣出,下一交易日收盤，確認是否收復防守區,已有部位暫停加碼；若收盤跌破60日EMA約 89.97，且下一交易日仍未收復，先減碼三分之一；若ETF或外資繼續轉弱，再分批降低部位。,未觸發明確減碼訊號,57.7,48.6,38.6,85,100,完整,102.5,102.5,12.75,-7.36,2.77,48.95,184.22,1.11,65.81,1.16,1.78,2,0,0,0,-1,-2,0,231.659,1001.362,4046.845,17116.538,0,0,-3,116.276,0,0,0,-203.015,46.991000000000035,32.08,510,2394,5333,,270.511,1204.377,4002.8540000000003,16874.667999999998,58.03,43.85,52.85,25.84,false,true,2.29,-1.91,
384,9904,寶成,TWSE,運動休閒,暫不承接,保護持有,protect,今天不新增部位；未完成確認前不機械式賣出,下一交易日收盤，確認是否收復防守區,已有部位暫停加碼；若收盤跌破60日EMA約 24.95，且下一交易日仍未收復，先減碼三分之一；若ETF或外資繼續轉弱，再分批降低部位。,ETF 5/10日同步減碼；外資持股5/10日下降且外資5日賣超；投信5/10日持續且具金額意義地賣超,48.5,48.4,54.9,85,100,完整,24.9,24.9,-0.64,-2.57,2.25,34.13,162.9,2.37,5.26,0.39,5.23,11,-21,-584,-828,-1056,-969,0,7422.265,-18030.379,-15344.738000000001,-42743.388999999996,41,-419.476,-676.476,891.22,1,4,-10423979,-281.47,-684.7239999999999,28.12,8435,-16933,-20150,,7527.902,-17329.433,-13983.538,-42910.902,54.34,44.42,50.73,31.81,false,false,0.99,-0.8,累計營收負成長且當月改善不足；ETF短中期同步減碼；ETF 1/3日已轉為減碼；投信5/10日持續且具金額意義的賣超；外資持股5/10日下降，且外資5日賣超；單季稅前獲利對營業外貢獻依賴偏高
385,1722,台肥,TWSE,化學工業,暫不承接,降低部位,trim,停止加碼；反彈未站回恢復區時分批減碼,每個交易日收盤後，確認是否站回恢復區,已有部位先停止加碼。反彈若仍未站回 46.18，分批降低部位；只有站回且ETF／外資賣壓收斂後才重新評估。,價格跌破60日EMA且20日趨勢向下；外資持股5/10日下降且外資5日賣超,49.8,47.3,50.2,85,100,完整,44.65,44.65,9.75,6.83,4.8,36.33,228.72,0.43,53.04,0.82,4.49,4,0,4,6,-56,-63,0,930.844,-201.73099999999977,-752.8269999999995,-3077.323,0,7,-65,-71.963,3,0,311850,-17.573999999999998,-51.357,7.97,968,-22,-1403,,930.047,-191.15699999999993,-636.4699999999998,-3659.66,37.91,15.97,25.7,-3.49,false,false,-1.64,0.11,中期趨勢仍向下；外資持股5/10日下降，且外資5日賣超；20日趨勢尚未上彎；當下除權息調整價未守20日EMA
386,2409,友達,TWSE,光電業,暫不承接,保護持有,protect,今天不新增部位；未完成確認前不機械式賣出,下一交易日收盤，確認是否收復防守區,已有部位暫停加碼；若收盤跌破60日EMA約 25.41，且下一交易日仍未收復，先減碼三分之一；若ETF或外資繼續轉弱，再分批降低部位。,ETF 5/10日同步減碼,64.6,46.8,27.4,85,100,完整,26.4,26.4,-2.64,-1.21,-0.3,55.81,116.87,0.03,111.04,1.3,1.5,11,0,-74,-179,-234,441,0,41204.595,70439.203,-4212.639000000003,-19742.609000000004,0,-178.65699999999998,-234.54699999999997,441.278,0,4,-4761209,378.9290000000002,-12566.585,11.01,36560,63061,20938,,41264.263,70238.931,8588.492999999991,-17909.368000000013,53.41,60.38,47,87.13,true,false,2.1,2.92,累計營收負成長且當月改善不足；ETF短中期同步減碼；20日累積後5日轉為調節；估值高且成長不足以支撐；單季稅前獲利對營業外貢獻依賴偏高
387,2515,中工,TWSE,建材營造,暫不承接,保護持有,protect,今天不新增部位；未完成確認前不機械式賣出,下一交易日收盤，確認是否收復防守區,已有部位暫停加碼；若收盤跌破60日EMA約 12.29，且下一交易日仍未收復，先減碼三分之一；若ETF或外資繼續轉弱，再分批降低部位。,未觸發明確減碼訊號,54.9,46.7,39.4,85,100,完整,12.05,12.05,-12.29,25.37,4.44,64.71,225.23,0.25,25.1,0.83,4.15,1,0,0,0,0,0,0,1012.9,-195.29299999999978,7350.571,4079.0910000000017,0,0,-14,-14,0,0,0,73.488,-14.166999999999987,7.73,1358,6,4259,,1016.954,-268.7809999999996,7378.737999999999,4279.579999999998,49.9,57.51,56.99,58.56,false,false,0.3,0.42,
388,3704,合勤控,TWSE,通信網路業,暫不承接,降低部位,trim,停止加碼；反彈未站回恢復區時分批減碼,每個交易日收盤後，確認是否站回恢復區,已有部位先停止加碼。反彈若仍未站回 43.55，分批降低部位；只有站回且ETF／外資賣壓收斂後才重新評估。,價格跌破60日EMA且20日趨勢向下；外資持股5/10日下降且外資5日賣超,42.9,46.6,48.1,85,100,完整,41.7,41.7,-11.75,10.29,5.46,57.31,152.64,1.55,12.47,1.4,0.96,1,0,0,0,0,0,0,-1010.867,-2351.09,-6268.133,-11430.133999999998,0,0,0,0,0,0,0,14.422,24.916,11.96,-1026,-2019,-5894,,-1006,-2365.5119999999997,-6293.048999999999,-11391.897999999997,44.55,33.83,31.98,37.54,false,false,-2.74,0.72,中期趨勢仍向下；外資持股5/10日下降，且外資5日賣超；20日趨勢尚未上彎；當下除權息調整價未守20日EMA
389,6768,志強-KY,TWSE,運動休閒,暫不承接,降低部位,trim,停止加碼；反彈未站回恢復區時分批減碼,每個交易日收盤後，確認是否站回恢復區,已有部位先停止加碼。反彈若仍未站回 71.71，分批降低部位；只有站回且ETF／外資賣壓收斂後才重新評估。,價格跌破60日EMA且20日趨勢向下；ETF 5/10日同步減碼,39.4,45.5,58.2,85,100,完整,64.6,64.6,6.64,-3.2,5.93,38.72,218.82,2.67,13.03,0.88,7.94,1,0,-2,-4,-16,-765,0,-2,-62.777,28.759000000000015,406.072,-22,-54.972,-200.972,-949.972,0,4,-3573180,-3.805,-3.3049999999999997,58.2,35,2,266,,26,-4,233.03600000000006,1366.9,38.38,44.81,46.01,42.4,true,true,-2.14,-1.67,累計營收負成長且當月改善不足；中期趨勢仍向下；ETF短中期同步減碼；20日趨勢尚未上彎；當下除權息調整價未守20日EMA
390,1515,力山,TWSE,電機機械,暫不承接,保護持有,protect,今天不新增部位；未完成確認前不機械式賣出,下一交易日收盤，確認是否收復防守區,已有部位暫停加碼；若收盤跌破60日EMA約 32.06，且下一交易日仍未收復，先減碼三分之一；若ETF或外資繼續轉弱，再分批降低部位。,ETF 5/10日同步減碼；外資持股5/10日下降且外資5日賣超,47.2,45.2,34.9,85,100,完整,32.95,32.95,4.61,1.32,-1.26,51.78,96.36,0.12,22.42,1.55,1.8,1,0,-3,-3,-6,-15,0,-262.826,-1290.616,-2969.132,-6631.9969999999985,0,-3,-6,-15,0,1,-100200,4.938000000000001,-46.073,2.7,-279,-827,-1598,,-260.622,-1292.554,-2917.059,-6498.249000000001,49.01,35.55,47.3,12.05,false,true,-1.31,-0.9,ETF短中期同步減碼；外資持股5/10日下降，且外資5日賣超；當下除權息調整價未守20日EMA；單季稅前獲利對營業外貢獻依賴偏高
391,2912,統一超,TWSE,貿易百貨,暫不承接,降低部位,trim,停止加碼；反彈未站回恢復區時分批減碼,每個交易日收盤後，確認是否站回恢復區,已有部位先停止加碼。反彈若仍未站回 225.43，分批降低部位；只有站回且ETF／外資賣壓收斂後才重新評估。,價格跌破60日EMA且20日趨勢向下；ETF 5/10日同步減碼；投信5/10日持續且具金額意義地賣超,43.9,44.7,32.8,85,100,完整,216,216,8.48,5.55,4.22,83.11,76.89,6.03,19.5,5.49,4.16,21,-301,-606,-612,-610,-1677,-1,-358.063,-9.968000000000075,5828.441,6128.5509999999995,-301,-610.493,-615.493,-2273.285,0,4,-132171735,-1.607999999999997,-77.485,14.46,-159,-549,5698,,-41.693,602.133,6521.419,8543.243,37.01,35.56,52.45,1.78,false,true,-2.32,-3.57,中期趨勢仍向下；ETF短中期同步減碼；ETF 1/3日已轉為減碼；主動ETF 5日轉為減碼；投信5/10日持續且具金額意義的賣超；20日趨勢尚未上彎；當下除權息調整價未守20日EMA
392,9910,豐泰,TWSE,運動休閒,暫不承接,保護持有,protect,今天不新增部位；未完成確認前不機械式賣出,下一交易日收盤，確認是否收復防守區,已有部位暫停加碼；若收盤跌破60日EMA約 70.65，且下一交易日仍未收復，先減碼三分之一；若ETF或外資繼續轉弱，再分批降低部位。,價格跌破60日EMA且20日趨勢向下,46.9,44.4,42,85,100,完整,68.3,68.3,1,-2.96,4.99,51.08,137.19,1.71,13.76,2.83,6.06,8,18,18,56,200,954,0,-332.133,-1755.681,557.645,4445.936000000001,18,56,192,945.6150000000001,3,0,3791200,53.775000000000006,-35.278999999999996,5.63,-749,-1781,392,,-394.974,-1865.456,400.9240000000002,3936.102,45.28,15.92,23.66,0.43,false,false,-1.15,-2.43,累計營收負成長且當月改善不足；中期趨勢仍向下；20日趨勢尚未上彎；當下除權息調整價未守20日EMA
393,2439,美律,TWSE,通信網路業,暫不承接,保護持有,protect,今天不新增部位；未完成確認前不機械式賣出,下一交易日收盤，確認是否收復防守區,已有部位暫停加碼；若收盤跌破60日EMA約 83.68，且下一交易日仍未收復，先減碼三分之一；若ETF或外資繼續轉弱，再分批降低部位。,價格跌破60日EMA且20日趨勢向下,45.3,44.3,48.6,85,100,可用,78.6,78.6,-0.29,9.93,0.98,54.44,163.73,1.54,14.38,1.17,5.18,7,0,10,9,436,436,0,-260.102,-595.3499999999999,-1911.0449999999998,-5262.463999999999,0,9,436,435.85900000000004,1,2,709200,-64.20200000000001,63.571999999999996,8.85,-37,-623,-1468,,-244.075,-540.148,-2410.617,-5855.357,37.08,28.81,43.08,0.28,false,false,-2.67,-4.5,中期趨勢仍向下；外資持股趨勢資料不足或期間有非市場異動；20日趨勢尚未上彎；當下除權息調整價未守20日EMA；單季稅前獲利對營業外貢獻依賴偏高
394,3532,台勝科,TWSE,半導體業,暫不承接,保護持有,protect,今天不新增部位；未完成確認前不機械式賣出,下一交易日收盤，確認是否收復防守區,已有部位暫停加碼；若收盤跌破60日EMA約 346.94，且下一交易日仍未收復，先減碼三分之一；若ETF或外資繼續轉弱，再分批降低部位。,未觸發明確減碼訊號,58.2,43.9,23.2,85,100,完整,402,402,28.77,17.64,-0.14,52.63,270.98,-0.05,291.54,6.05,0.26,6,0,-1,0,11,-148,0,-19.097,-1796.039,8859.963000000002,6631.100000000001,16,1444,5284,7455.608,5,0,547276000,-560.5600000000001,-615.4780000000001,44.36,-4,-2600,5102,,-0.747,-2679.4790000000003,4191.441,-47.76800000000022,58.9,73.17,72.34,74.84,true,true,9.74,6.35,
395,2498,宏達電,TWSE,通信網路業,暫不承接,保護持有,protect,今天不新增部位；未完成確認前不機械式賣出,下一交易日收盤，確認是否收復防守區,已有部位暫停加碼；若收盤跌破60日EMA約 41.66，且下一交易日仍未收復，先減碼三分之一；若ETF或外資繼續轉弱，再分批降低部位。,ETF 5/10日同步減碼；外資持股5/10日下降且外資5日賣超,47.7,43,47.4,85,93,可用,40.9,40.9,21.2,-6.79,-89.63,32.56,220.19,-0.62,15.52,1.28,1.24,4,0,-18,-22,-32,-33,0,-1177.184,-1091.4449999999997,-2670.2299999999996,89.5490000000002,0,-22,-32,-33.485,0,2,-884400,-78.76500000000001,43.52599999999998,9.01,-1283,-290,-2089,,-1133.319,-990.6800000000001,-2681.7560000000003,208.3839999999998,50.86,40.75,43.3,35.63,false,true,0.76,0.99,ETF短中期同步減碼；外資持股5/10日下降，且外資5日賣超
396,2646,星宇航空,TWSE,航運業,暫不承接,保護持有,protect,今天不新增部位；未完成確認前不機械式賣出,下一交易日收盤，確認是否收復防守區,已有部位暫停加碼；若收盤跌破60日EMA約 21.06，且下一交易日仍未收復，先減碼三分之一；若ETF或外資繼續轉弱，再分批降低部位。,價格跌破60日EMA且20日趨勢向下,46.2,41.5,21.9,85,100,完整,20.65,20.65,42.79,31.97,1.81,80.06,79.55,-0.11,,2.05,,2,0,0,0,0,-908,0,44.873,1003.017,10100.825,-3188.9290000000005,0,2,-10,-918.304,1,0,41800,71.09100000000001,-61.80800000000001,3.32,519,-345,6977,,60.223,929.9259999999999,10172.633,-2071.6490000000003,41.5,40.8,56.4,9.6,false,true,-1.66,-2.13,中期趨勢仍向下；20日趨勢尚未上彎；當下除權息調整價未守20日EMA
397,8033,雷虎,TWSE,其他,暫不承接,保護持有,protect,今天不新增部位；未完成確認前不機械式賣出,下一交易日收盤，確認是否收復防守區,已有部位暫停加碼；若收盤跌破60日EMA約 180.44，且下一交易日仍未收復，先減碼三分之一；若ETF或外資繼續轉弱，再分批降低部位。,ETF 5/10日同步減碼；外資持股5/10日下降且外資5日賣超,47.7,41.2,43.9,85,100,完整,185.5,185.5,-9.48,7.42,-0.26,23.39,337.66,0.62,389.58,9.46,,1,0,-3,-3,-5,-15,0,-362.957,-4290.806,-4328.4929999999995,-16474.286999999997,0,-3,-5,-15,0,1,-561000,-105.27200000000003,204.72799999999995,4.88,-250,-2811,-4106,,-367.098,-4182.534000000001,-4528.2210000000005,-16565.292999999998,49.29,37.87,41.8,30.03,false,true,-0.97,3.63,ETF短中期同步減碼；外資持股5/10日下降，且外資5日賣超；當下除權息調整價未守20日EMA；估值高且成長不足以支撐；借券賣出與借券賣出餘額壓力升高；單季稅前獲利對營業外貢獻依賴偏高
398,2002,中鋼,TWSE,鋼鐵工業,暫不承接,保護持有,protect,今天不新增部位；未完成確認前不機械式賣出,下一交易日收盤，確認是否收復防守區,已有部位暫停加碼；若收盤跌破60日EMA約 19.05，且下一交易日仍未收復，先減碼三分之一；若ETF或外資繼續轉弱，再分批降低部位。,ETF 5/10日同步減碼,48.6,40.8,24.4,85,100,可用,19.05,19.05,21.85,2.63,1.81,51.15,126.1,-0.03,,0.96,0.79,8,-20,-35,-35,-50,-165,0,-5327.72,-19969.815000000002,27844.851999999995,108124.08099999999,-164.168,-168.168,-284.168,-398.831,0,2,-3186784,-1229.718,-2338.4670000000006,14.98,-4324,-17814,23319,,-4683.21,-18571.929000000004,30467.486999999994,112147.26799999998,48.96,28.98,36.14,14.65,false,true,-0.33,0,ETF短中期同步減碼；ETF 1/3日已轉為減碼；當下除權息調整價未守20日EMA
399,8454,富邦媒,TWSE,數位雲端,暫不承接,保護持有,protect,今天不新增部位；未完成確認前不機械式賣出,下一交易日收盤，確認是否收復防守區,已有部位暫停加碼；若收盤跌破60日EMA約 258.36，且下一交易日仍未收復，先減碼三分之一；若ETF或外資繼續轉弱，再分批降低部位。,ETF 5/10日同步減碼,42.3,40.1,30.2,85,100,完整,247,247,5.23,2.77,2.94,70.81,68.67,4.81,23.77,7.88,4.05,7,0,0,-1,-15,-17,0,51.811,6.700000000000003,56.359,2.5830000000000695,0,-0.296,-17.477,-19.586000000000006,0,3,-73112,-6.411,0.2610000000000008,11.76,-34,234,132,,52.784,13.407000000000004,73.57500000000002,73.81699999999998,40.22,17.22,21.62,8.42,false,true,-3.3,-1.79,ETF短中期同步減碼；當下除權息調整價未守20日EMA
400,3703,欣陸,TWSE,建材營造,暫不承接,降低部位,trim,停止加碼；反彈未站回恢復區時分批減碼,每個交易日收盤後，確認是否站回恢復區,已有部位先停止加碼。反彈若仍未站回 20.39，分批降低部位；只有站回且ETF／外資賣壓收斂後才重新評估。,價格跌破60日EMA且20日趨勢向下；外資持股5/10日下降且外資5日賣超,42.6,38.9,35.1,85,100,完整,19.55,19.55,-9.88,-9,5.41,70.54,121.44,0.57,9.92,0.59,5.37,1,0,0,0,0,1,0,-328.053,-3120.941,-3436.1090000000004,-12852.686,0,1,-3,-2,1,0,19550,-78.117,-199.30800000000002,20.23,-146,-2819,-3086,,-239.824,-3043.824,-3233.8010000000004,-12660.374,36.6,45.04,44.38,46.36,true,true,-1.5,-0.51,累計營收負成長且當月改善不足；中期趨勢仍向下；外資持股5/10日下降，且外資5日賣超；20日趨勢尚未上彎；當下除權息調整價未守20日EMA
401,6176,瑞儀,TWSE,光電業,暫不承接,降低部位,trim,停止加碼；反彈未站回恢復區時分批減碼,每個交易日收盤後，確認是否站回恢復區,已有部位先停止加碼。反彈若仍未站回 112.71，分批降低部位；只有站回且ETF／外資賣壓收斂後才重新評估。,價格跌破60日EMA且20日趨勢向下；ETF 5/10日同步減碼,29,38.7,55.8,85,100,可用,92.1,92.1,-9.48,-6.48,10.12,48.32,178.45,2.81,11.27,1.16,3.84,6,0,0,-52,-2716,-2936,0,-446.594,-3227.636,-4212.389,-8675.571000000002,0,-52,-52,-272.301,0,2,-4742400,34.266000000000005,24.334000000000003,33.97,-951,-833,-41578,,-438.986,-3209.9019999999996,-4184.723,-8371.777000000002,17.98,5.58,5.77,5.21,false,false,-10.55,-7.81,累計營收負成長且當月改善不足；中期趨勢仍向下；ETF短中期同步減碼；外資持股趨勢資料不足或期間有非市場異動；20日趨勢尚未上彎；當下除權息調整價未守20日EMA；借券賣出與借券賣出餘額壓力升高
402,2540,愛山林,TWSE,建材營造,暫不承接,保護持有,protect,今天不新增部位；未完成確認前不機械式賣出,下一交易日收盤，確認是否收復防守區,已有部位暫停加碼；若收盤跌破60日EMA約 51.05，且下一交易日仍未收復，先減碼三分之一；若ETF或外資繼續轉弱，再分批降低部位。,價格跌破60日EMA且20日趨勢向下,41.5,37.9,27.3,85,100,完整,48.1,48.1,7.03,-37.39,2.6,82.96,121.15,0.02,,4.38,12.02,1,0,0,0,0,-7,0,-516.442,-1368.673,-412.6040000000002,-5499.175000000001,0,0,0,-6.923,0,0,0,-580.91,-583.91,1.64,-410,-677,541,,-440.532,-787.7629999999999,171.30600000000015,-3316.3419999999996,45.6,71.7,69.93,75.23,false,false,-1.4,3.22,累計營收負成長且當月改善不足；中期趨勢仍向下；20日趨勢尚未上彎；當下除權息調整價未守20日EMA
403,2466,冠西電,TWSE,光電業,暫不承接,保護持有,protect,今天不新增部位；未完成確認前不機械式賣出,下一交易日收盤，確認是否收復防守區,已有部位暫停加碼；若收盤跌破60日EMA約 88.34，且下一交易日仍未收復，先減碼三分之一；若ETF或外資繼續轉弱，再分批降低部位。,ETF 5/10日同步減碼；外資持股5/10日下降且外資5日賣超,48.4,36,20.4,85,100,完整,99.5,99.5,-9.82,-11.03,-12.17,58.31,118.6,0.05,63.06,8.86,,1,0,-3,-3,-5,-15,0,-244.833,-544.8199999999999,-1488.4689999999998,-1878.2410000000002,0,-3,-5,-15,0,1,-297000,6,-1.8280000000000003,11.5,-246,-548,-1482,,-245.833,-547.8199999999999,-1481.6409999999998,-1860.913,52.54,47.67,61.02,20.98,false,true,0.51,-3.4,累計營收負成長且當月改善不足；ETF短中期同步減碼；外資持股5/10日下降，且外資5日賣超；單季稅前獲利對營業外貢獻依賴偏高
404,4919,新唐,TWSE,半導體業,暫不承接,保護持有,protect,今天不新增部位；未完成確認前不機械式賣出,下一交易日收盤，確認是否收復防守區,已有部位暫停加碼；若收盤跌破60日EMA約 136.73，且下一交易日仍未收復，先減碼三分之一；若ETF或外資繼續轉弱，再分批降低部位。,ETF 5/10日同步減碼,51.5,34.6,20,85,100,完整,124,124,7.92,-0.34,-2.79,46.5,189.95,-0.57,,3.25,,7,0,-3,-11,-21,-395,0,251.046,474.3019999999999,-179.43500000000017,2782.0080000000003,0,-11.089,-21.089,-545.287,0,3,-1330680,40.7,298.654,4.31,169,276,-538,,252.789,444.6909999999999,-457.0000000000001,2687.9309999999996,47.66,64.47,51.03,91.36,false,false,0.56,5.98,累計營收負成長且當月改善不足；ETF短中期同步減碼；單季稅前獲利對營業外貢獻依賴偏高
405,6116,彩晶,TWSE,光電業,暫不承接,保護持有,protect,今天不新增部位；未完成確認前不機械式賣出,下一交易日收盤，確認是否收復防守區,已有部位暫停加碼；若收盤跌破60日EMA約 14.36，且下一交易日仍未收復，先減碼三分之一；若ETF或外資繼續轉弱，再分批降低部位。,未觸發明確減碼訊號,50,34,31.2,85,100,完整,14.3,14.3,-3.14,2.29,-15.24,20.77,179.8,-0.02,,1.11,,1,0,0,0,0,7,0,-1471.337,2297.084000000001,7315.867000000001,-15450.956000000002,0,0,0,6.712,0,0,0,-536.8969999999999,-582.066,4.89,-1173,2726,9875,,-1506.793,2833.9809999999993,7897.932999999999,-15075.403000000002,49.82,55.95,56.55,54.76,false,true,0.4,1.42,
406,6177,達麗,TWSE,建材營造,不建立部位,保護持有,protect,今天不新增部位；未完成確認前不機械式賣出,下一交易日收盤，確認是否收復防守區,已有部位暫停加碼；若收盤跌破60日EMA約 47.18，且下一交易日仍未收復，先減碼三分之一；若ETF或外資繼續轉弱，再分批降低部位。,未觸發明確減碼訊號,65.6,76.4,65.4,85,100,完整,47.55,47.55,470.04,637.82,35.66,73.72,132.76,5.03,5.19,1.85,6.37,2,0,0,0,0,-18,0,-105,1397.113,4497.202,476.5050000000002,0,6,6,-12.117,1,0,282600,194.45499999999998,465.395,6.89,-90,1266,3365,,-142,1196.658,4025.8070000000002,-366.5759999999999,49.35,47.55,48.84,44.96,false,true,-0.33,-1.04,"單日成交金額低於5,000萬元；當下除權息調整價未守20日EMA"
407,8109,博大,TPEX,電子零組件業,不建立部位,保護持有,protect,今天不新增部位；未完成確認前不機械式賣出,下一交易日收盤，確認是否收復防守區,已有部位暫停加碼；若收盤跌破60日EMA約 128.23，且下一交易日仍未收復，先減碼三分之一；若ETF或外資繼續轉弱，再分批降低部位。,未觸發明確減碼訊號,66.3,74.8,80,85,100,可用,132,132,45.35,26.9,36.05,22.91,415.49,3.84,17.36,3.5,3.49,1,0,0,0,0,-4,0,-0.235,-0.235,-0.235,-0.235,0,0,0,0,0,0,0,-0.235,-0.235,3.98,,,,,0,0,0,0,52.94,35.72,32.19,42.78,true,false,1.2,2.72,"單日成交金額低於5,000萬元；外資持股趨勢資料不足或期間有非市場異動"
408,3213,茂訊,TPEX,電腦及週邊設備業,不建立部位,保護持有,protect,今天不新增部位；未完成確認前不機械式賣出,下一交易日收盤，確認是否收復防守區,已有部位暫停加碼；若收盤跌破60日EMA約 127.37，且下一交易日仍未收復，先減碼三分之一；若ETF或外資繼續轉弱，再分批降低部位。,未觸發明確減碼訊號,60.4,73.8,82.8,85,100,可用,128.5,128.5,70.37,20.36,25.64,30.04,300.49,5.62,13.19,1.9,5.53,1,0,0,0,0,0,0,-14.197,-14.197,-14.197,-14.197,0,0,0,0,0,0,0,-0.197,-0.197,16.01,,,,,-14,-14,-14,-14,48.12,29.43,24.66,38.96,true,false,-0.68,1.58,"單日成交金額低於5,000萬元；外資持股趨勢資料不足或期間有非市場異動；當下除權息調整價未守20日EMA"
409,1419,新紡,TWSE,紡織纖維,不建立部位,保護持有,protect,今天不新增部位；未完成確認前不機械式賣出,下一交易日收盤，確認是否收復防守區,已有部位暫停加碼；若收盤跌破60日EMA約 65.81，且下一交易日仍未收復，先減碼三分之一；若ETF或外資繼續轉弱，再分批降低部位。,外資持股5/10日下降且外資5日賣超,64.9,73.7,72.4,85,100,完整,67.2,67.2,30.69,28.41,9.09,17.87,178.88,11.2,4.73,0.86,2.74,2,0,0,0,0,55,0,-28,-92.055,-65.50700000000002,-310.749,0,0,0,55,0,0,0,-6,-18,1.34,-27,-96,-124,,-26,-86.055,-47.50700000000002,-333.749,55.59,81.14,73.99,95.42,false,false,1.96,2.91,"單日成交金額低於5,000萬元；外資持股5/10日下降，且外資5日賣超；20日趨勢尚未上彎；單季稅前獲利對營業外貢獻依賴偏高"
410,4105,東洋,TPEX,生技醫療業,不建立部位,保護持有,protect,今天不新增部位；未完成確認前不機械式賣出,下一交易日收盤，確認是否收復防守區,已有部位暫停加碼；若收盤跌破60日EMA約 76.82，且下一交易日仍未收復，先減碼三分之一；若ETF或外資繼續轉弱，再分批降低部位。,未觸發明確減碼訊號,63.6,72.9,75.8,85,100,可用,77.9,77.9,11.28,7.4,30.78,34.48,213.15,3.42,11.16,2.78,5.78,2,0,0,0,1,-10,0,-63.289,-63.289,-63.289,-63.289,0,0,0,0,0,0,0,0.975,0.975,22.53,,,,,-64.264,-64.264,-64.264,-64.264,55.18,42.98,50.69,27.55,false,true,0.59,0.13,"單日成交金額低於5,000萬元；外資持股趨勢資料不足或期間有非市場異動"
411,8415,大國鋼,TPEX,鋼鐵工業,不建立部位,保護持有,protect,今天不新增部位；未完成確認前不機械式賣出,下一交易日收盤，確認是否收復防守區,已有部位暫停加碼；若收盤跌破60日EMA約 36.75，且下一交易日仍未收復，先減碼三分之一；若ETF或外資繼續轉弱，再分批降低部位。,未觸發明確減碼訊號,56.9,72.1,77.6,85,100,可用,37.15,37.15,36.76,21.39,21.86,35.39,194.62,2.17,9.26,1.29,4.08,1,0,0,0,0,-238,0,-164.799,-164.799,-164.799,-164.799,0,0,0,0,0,0,0,0.201,0.201,7.42,,,,,-165,-165,-165,-165,46.66,22.98,27.96,13.02,false,false,-1.05,-2.62,"單日成交金額低於5,000萬元；外資持股趨勢資料不足或期間有非市場異動；20日趨勢尚未上彎；當下除權息調整價未守20日EMA"
412,2108,南帝,TWSE,橡膠工業,不建立部位,保護持有,protect,今天不新增部位；未完成確認前不機械式賣出,下一交易日收盤，確認是否收復防守區,已有部位暫停加碼；若收盤跌破60日EMA約 28.88，且下一交易日仍未收復，先減碼三分之一；若ETF或外資繼續轉弱，再分批降低部位。,未觸發明確減碼訊號,63.8,71,75.2,85,100,完整,30.5,30.5,32.74,24.72,16.6,12.36,812.87,1.28,17.13,1.02,3.28,1,0,0,0,-1,-1,0,101.67,557.515,1136.3360000000005,6939.192000000001,0,0,-1,-1,0,0,0,42.911,10.357999999999997,6.69,97,428,1080,,96.977,514.6039999999999,1126.9779999999998,6848.895,57.3,54.47,56.6,50.19,false,false,2.44,1.5,"單日成交金額低於5,000萬元"
413,5288,豐祥-KY,TWSE,電機機械,不建立部位,保護持有,protect,今天不新增部位；未完成確認前不機械式賣出,下一交易日收盤，確認是否收復防守區,已有部位暫停加碼；若收盤跌破60日EMA約 184.33，且下一交易日仍未收復，先減碼三分之一；若ETF或外資繼續轉弱，再分批降低部位。,未觸發明確減碼訊號,64.8,71,71.1,85,100,完整,189.5,189.5,52.81,32.27,14.42,26.27,230.68,8.03,12.43,2.05,3.49,2,0,0,0,0,50,0,18.899,30.559,102.64999999999999,202.75300000000001,5,10,19,101,2,0,1865000,-3.762,-10.688,59.94,2,56,117,,12,24.320999999999998,94.338,111.54199999999997,50.46,37.99,34.01,45.94,true,false,-0.02,0.53,"單日成交金額低於5,000萬元；當下除權息調整價未守20日EMA"
414,8473,山林水,TWSE,綠能環保,不建立部位,保護持有,protect,今天不新增部位；未完成確認前不機械式賣出,下一交易日收盤，確認是否收復防守區,已有部位暫停加碼；若收盤跌破60日EMA約 44.50，且下一交易日仍未收復，先減碼三分之一；若ETF或外資繼續轉弱，再分批降低部位。,未觸發明確減碼訊號,63.7,70.7,65.1,85,73,可用,46.3,46.3,42.18,15.57,26.41,55.27,151.78,2.43,13.3,1.2,4.01,1,0,0,0,0,1,0,-33.559,249.60099999999997,-75.788,-196.64600000000004,0,0,0,0,0,0,0,-10.771999999999998,3.8970000000000007,3.97,-515,-248,-636,,-18.096,260.373,-79.68500000000002,-133.938,58.1,73.5,69.67,81.16,false,false,3,2.89,"單日成交金額低於5,000萬元"
415,2897,王道銀行,TWSE,金融保險業,不建立部位,保護持有,protect,今天不新增部位；未完成確認前不機械式賣出,下一交易日收盤，確認是否收復防守區,已有部位暫停加碼；若收盤跌破60日EMA約 10.28，且下一交易日仍未收復，先減碼三分之一；若ETF或外資繼續轉弱，再分批降低部位。,KD高檔死亡交叉（僅屬時機警示）,63.6,70.6,69.9,85,100,完整,10.6,10.6,17.35,28.22,,91.08,,0.54,12.94,0.69,5.02,1,0,0,0,0,-1368,0,99,8436.553,13347.738,8451.256,0,0,0,-1368.152,0,0,0,-107,-55,9.01,88,8660,9044,,-2,8543.553,13402.738,10011.408,68.72,81.57,79.18,86.35,true,true,3.04,3.92,"單日成交金額低於5,000萬元；KD高檔死亡交叉，等待動能確認"
416,6192,巨路,TWSE,其他電子業,不建立部位,保護持有,protect,今天不新增部位；未完成確認前不機械式賣出,下一交易日收盤，確認是否收復防守區,已有部位暫停加碼；若收盤跌破60日EMA約 117.94，且下一交易日仍未收復，先減碼三分之一；若ETF或外資繼續轉弱，再分批降低部位。,外資持股5/10日下降且外資5日賣超,58.7,70,75.8,85,100,完整,117.5,117.5,53.76,12.5,17.09,39.96,228.04,5.3,11.27,1.49,4.98,1,0,0,0,0,-1,0,-9.629,-77.32,-147.815,-426.66400000000004,0,0,0,-1,0,0,0,-6.820000000000001,-4.466000000000001,24.04,-9,-70,-145,,-9.629,-70.5,-143.34900000000002,-418.36500000000007,53.07,74.08,61.36,99.52,false,false,0.87,1.73,"單日成交金額低於5,000萬元；外資持股5/10日下降，且外資5日賣超"
417,8462,柏文,TWSE,運動休閒,不建立部位,保護持有,protect,今天不新增部位；未完成確認前不機械式賣出,下一交易日收盤，確認是否收復防守區,已有部位暫停加碼；若收盤跌破60日EMA約 162.03，且下一交易日仍未收復，先減碼三分之一；若ETF或外資繼續轉弱，再分批降低部位。,外資持股5/10日下降且外資5日賣超,64.9,69.1,48,85,100,完整,171.5,171.5,18.28,19.93,17.59,81.24,78.24,5.68,16.09,5.61,4.33,1,0,0,0,0,-1,0,-30.122,-82.925,-48.711,205.114,0,0,0,-1,0,0,0,2.9059999999999997,7.314,5.9,-33,-86,-56,,-33.122,-85.831,-56.025000000000006,186.8,53.1,36.56,38.68,32.32,false,false,0.1,-1.72,"單日成交金額低於5,000萬元；外資持股5/10日下降，且外資5日賣超"
418,2527,宏璟,TWSE,建材營造,不建立部位,保護持有,protect,今天不新增部位；未完成確認前不機械式賣出,下一交易日收盤，確認是否收復防守區,已有部位暫停加碼；若收盤跌破60日EMA約 42.55，且下一交易日仍未收復，先減碼三分之一；若ETF或外資繼續轉弱，再分批降低部位。,外資持股5/10日下降且外資5日賣超,59.5,69,70.6,85,100,完整,43.95,43.95,30.49,1500.25,22.9,25.51,148.94,3.99,7.52,0.3,3.5,1,0,0,0,-1,-1,0,-218.806,-889.938,-1127.493,-2455.058,0,0,-1,-1,0,0,0,-140.068,120.87100000000001,42.93,-166,-717,-1788,,-216.825,-749.8699999999999,-1247.364,-2462.8729999999996,49.86,51.4,40.57,73.07,false,false,-0.08,4.77,"單日成交金額低於5,000萬元；外資持股5/10日下降，且外資5日賣超；當下除權息調整價未守20日EMA"
419,6902,GOGOLOOK,TWSE,數位雲端,不建立部位,保護持有,protect,今天不新增部位；未完成確認前不機械式賣出,下一交易日收盤，確認是否收復防守區,已有部位暫停加碼；若收盤跌破60日EMA約 125.13，且下一交易日仍未收復，先減碼三分之一；若ETF或外資繼續轉弱，再分批降低部位。,未觸發明確減碼訊號,62.3,68.2,60.4,85,73,可用,127,127,30.83,28,19.35,43.02,231.06,3.33,26.51,5.56,,1,0,0,0,0,2,0,-27,21.929000000000002,-33.94,33.553999999999995,0,0,0,0,0,0,0,1,0.961,3.9,-28,20,-27,,-27,20.929000000000002,-34.900999999999996,30.554000000000006,49.83,43.51,38.68,53.18,true,false,-0.15,1.6,"單日成交金額低於5,000萬元；當下除權息調整價未守20日EMA"
420,2459,敦吉,TWSE,其他電子業,不建立部位,保護持有,protect,今天不新增部位；未完成確認前不機械式賣出,下一交易日收盤，確認是否收復防守區,已有部位暫停加碼；若收盤跌破60日EMA約 65.91，且下一交易日仍未收復，先減碼三分之一；若ETF或外資繼續轉弱，再分批降低部位。,未觸發明確減碼訊號,58.7,67.5,73.6,85,100,完整,66.7,66.7,18.4,11.23,15.75,34.67,199.27,3.19,11.97,1.19,6.28,1,0,0,0,0,0,0,-0.78,-45.804,54.174,49.103999999999985,0,0,0,0,0,0,0,-9,-11,15.71,-1,-33,69,,-0.78,-36.804,65.174,63.10400000000001,55.48,52.35,63.71,29.62,false,false,0.43,0,"單日成交金額低於5,000萬元"
421,6026,福邦證,TPEX,金融業,不建立部位,保護持有,protect,今天不新增部位；未完成確認前不機械式賣出,下一交易日收盤，確認是否收復防守區,已有部位暫停加碼；若收盤跌破60日EMA約 14.97，且下一交易日仍未收復，先減碼三分之一；若ETF或外資繼續轉弱，再分批降低部位。,ETF 5/10日同步減碼,58.7,67.2,71.6,85,100,可用,15.15,15.15,-44.17,159.98,,63.75,137.88,1.08,5.43,0.94,9.09,2,0,-9,-12,-12,-54,0,-412.01,-412.01,-412.01,-412.01,0,0,0,0,0,0,0,0,0,5.26,,,,,-412.01,-412.01,-412.01,-412.01,59.91,78.6,75.72,84.35,false,false,2.98,3.06,"單日成交金額低於5,000萬元；ETF短中期同步減碼；外資持股趨勢資料不足或期間有非市場異動"
422,2495,普安,TWSE,電腦及週邊設備業,不建立部位,保護持有,protect,今天不新增部位；未完成確認前不機械式賣出,下一交易日收盤，確認是否收復防守區,已有部位暫停加碼；若收盤跌破60日EMA約 40.58，且下一交易日仍未收復，先減碼三分之一；若ETF或外資繼續轉弱，再分批降低部位。,未觸發明確減碼訊號,56.8,66.7,69.5,85,100,完整,37.95,37.95,64.24,46.43,14.2,42.69,215.77,0.61,18.89,2.31,2.09,2,0,12,12,13,29,0,27.722,268.25599999999986,618.5229999999998,1315.7749999999999,0,12,13,29,1,0,460200,-15.995000000000001,-106.001,8.23,55,342,764,,32.143,272.25100000000003,711.5239999999999,1341.139,45.09,54.74,50.18,63.86,false,false,-1.16,-1.94,"單日成交金額低於5,000萬元；當下除權息調整價未守20日EMA"
423,9946,三發地產,TWSE,建材營造,不建立部位,降低部位,trim,停止加碼；反彈未站回恢復區時分批減碼,每個交易日收盤後，確認是否站回恢復區,已有部位先停止加碼。反彈若仍未站回 18.33，分批降低部位；只有站回且ETF／外資賣壓收斂後才重新評估。,價格跌破60日EMA且20日趨勢向下；ETF 5/10日同步減碼；外資持股5/10日下降且外資5日賣超,42,66.7,86.4,85,100,完整,17.3,17.3,1180.83,3975.11,45.27,58.38,224.99,2.84,3.7,0.78,8,2,0,-3,-3,-6,-15,0,-162.998,-825.7239999999999,-766.434,-290.99899999999997,0,-3,-6,-15,0,1,-51750,-21.008,-51.007999999999996,2.98,-82,-1082,-1108,,-162.998,-801.716,-709.426,-255.99100000000004,31.45,13.1,28.72,-18.13,false,false,-5.64,-9.66,"單日成交金額低於5,000萬元；中期趨勢仍向下；ETF短中期同步減碼；外資持股5/10日下降，且外資5日賣超；20日趨勢尚未上彎；當下除權息調整價未守20日EMA"
424,8499,鼎炫-KY,TWSE,其他電子業,不建立部位,保護持有,protect,今天不新增部位；未完成確認前不機械式賣出,下一交易日收盤，確認是否收復防守區,已有部位暫停加碼；若收盤跌破60日EMA約 272.90，且下一交易日仍未收復，先減碼三分之一；若ETF或外資繼續轉弱，再分批降低部位。,未觸發明確減碼訊號,51.7,66.5,78.1,85,100,完整,259,259,135.9,93.56,14.34,24.81,345.43,3.91,24.46,1.28,3.08,1,0,0,0,0,0,0,-30.469,-17.037000000000013,-0.39100000000001245,39.07199999999999,0,0,0,0,0,0,0,-3.037,-1.3909999999999998,72.03,-27,4,22,,-29,-14,1,43,45.41,30.07,43.32,3.58,false,true,-2.62,-2.26,"單日成交金額低於5,000萬元；當下除權息調整價未守20日EMA"
425,6024,群益期,TWSE,金融保險業,不建立部位,保護持有,protect,今天不新增部位；未完成確認前不機械式賣出,下一交易日收盤，確認是否收復防守區,已有部位暫停加碼；若收盤跌破60日EMA約 59.55，且下一交易日仍未收復，先減碼三分之一；若ETF或外資繼續轉弱，再分批降低部位。,未觸發明確減碼訊號,63.3,66.3,66.2,85,100,可用,63.1,63.1,81,-15.23,,92.26,107.73,4.09,8.75,1.47,5.46,2,0,0,0,0,-2,0,50.621,9.325000000000003,569.768,1147.355,0,0,0,-2,0,0,0,3,3,5.24,52,5,1305,,51.621,6.325000000000003,566.768,1150.355,61.29,72.06,69.47,77.23,true,false,2.34,1.45,"單日成交金額低於5,000萬元；外資持股趨勢資料不足或期間有非市場異動；單季稅前獲利對營業外貢獻依賴偏高"
426,2753,八方雲集,TWSE,觀光餐旅,不建立部位,保護持有,protect,今天不新增部位；未完成確認前不機械式賣出,下一交易日收盤，確認是否收復防守區,已有部位暫停加碼；若收盤跌破60日EMA約 174.16，且下一交易日仍未收復，先減碼三分之一；若ETF或外資繼續轉弱，再分批降低部位。,KD高檔死亡交叉（僅屬時機警示）,62.4,66,59.9,85,100,完整,179.5,179.5,10.39,7.72,12.11,50.44,168.25,7.01,12.97,3.21,6.59,3,0,-2,21,19,12,0,54.955,-105.818,445.11,393.2820000000001,0,-2.966,-4.966,-11.549999999999999,0,2,-539812,2.943,4.3,6.37,51,-286,238,,53.955,-105.79499999999999,445.77599999999995,407.63199999999983,61.53,77.97,85.21,63.49,true,true,1.5,-0.01,"單日成交金額低於5,000萬元；KD高檔死亡交叉，等待動能確認"
427,9935,慶豐富,TWSE,居家生活,不建立部位,保護持有,protect,今天不新增部位；未完成確認前不機械式賣出,下一交易日收盤，確認是否收復防守區,已有部位暫停加碼；若收盤跌破60日EMA約 19.60，且下一交易日仍未收復，先減碼三分之一；若ETF或外資繼續轉弱，再分批降低部位。,未觸發明確減碼訊號,55.4,65.7,60.9,85,100,完整,19.65,19.65,9.5,8.2,11.62,70.48,125.46,1.12,7.94,1.28,6.12,1,0,0,0,0,-5,0,-9.16,90.30199999999999,176.43099999999995,1029.7669999999998,0,0,0,-5.605,0,0,0,-19,-19,6.76,-8,107,107,,-9.16,109.30199999999999,195.43099999999995,1063.3719999999998,45.35,11.01,19.33,-5.63,false,false,-1.6,-2.48,"單日成交金額低於5,000萬元；當下除權息調整價未守20日EMA"
428,2031,新光鋼,TWSE,鋼鐵工業,不建立部位,保護持有,protect,今天不新增部位；未完成確認前不機械式賣出,下一交易日收盤，確認是否收復防守區,已有部位暫停加碼；若收盤跌破60日EMA約 42.19，且下一交易日仍未收復，先減碼三分之一；若ETF或外資繼續轉弱，再分批降低部位。,ETF 5/10日同步減碼,58.7,65.4,56.7,85,100,完整,45.15,45.15,37.57,2.27,9.27,59.27,154.73,5.23,6.97,1.21,5.56,2,0,-7,-11,-20,-38,0,-285.489,166.8,1432.032,6549.157,0,-6.878,-15.878,-33.878,1,2,-309510,6.921999999999997,13.778999999999996,10.14,-283,257,1539,,-290.397,166.75600000000003,1434.131,6450.645,57.31,41.14,56.64,10.16,false,true,1.36,-2.59,"單日成交金額低於5,000萬元；ETF短中期同步減碼；單季稅前獲利對營業外貢獻依賴偏高"
429,2423,固緯,TWSE,其他電子業,不建立部位,保護持有,protect,今天不新增部位；未完成確認前不機械式賣出,下一交易日收盤，確認是否收復防守區,已有部位暫停加碼；若收盤跌破60日EMA約 73.46，且下一交易日仍未收復，先減碼三分之一；若ETF或外資繼續轉弱，再分批降低部位。,未觸發明確減碼訊號,57.2,65.3,72.8,85,100,可用,74.3,74.3,17.46,23,24.89,30.95,250.79,2.49,17.46,3.58,3.39,2,0,0,0,0,3,0,-18,10.189999999999998,-95.788,-76.082,0,0,0,0,0,0,0,1,3,5.18,-16,9,-120,,-16,9.189999999999998,-98.788,-84.082,49.36,30.06,34.51,21.17,false,true,-0.28,0.68,"單日成交金額低於5,000萬元；當下除權息調整價未守20日EMA"
430,6605,帝寶,TWSE,汽車工業,不建立部位,保護持有,protect,今天不新增部位；未完成確認前不機械式賣出,下一交易日收盤，確認是否收復防守區,已有部位暫停加碼；若收盤跌破60日EMA約 136.42，且下一交易日仍未收復，先減碼三分之一；若ETF或外資繼續轉弱，再分批降低部位。,未觸發明確減碼訊號,56.8,65.1,66.5,85,100,完整,138,138,24.28,0.01,16.7,39.05,152.48,7.71,8.55,1.14,4.69,1,0,0,0,-1,-1,0,40.953,3.5979999999999848,408.108,711.627,0,0,-3,-3,0,0,0,10.838,42.972,14.53,19,5,197,,39.953,-7.240000000000009,368.13599999999997,667.606,50.78,36.95,55.37,0.09,false,true,-0.15,-0.36,"單日成交金額低於5,000萬元；當下除權息調整價未守20日EMA"
431,8213,志超,TWSE,電子零組件業,不建立部位,保護持有,protect,今天不新增部位；未完成確認前不機械式賣出,下一交易日收盤，確認是否收復防守區,已有部位暫停加碼；若收盤跌破60日EMA約 33.43，且下一交易日仍未收復，先減碼三分之一；若ETF或外資繼續轉弱，再分批降低部位。,未觸發明確減碼訊號,63.4,64.9,56.7,85,100,完整,33.5,33.5,38.39,14.72,3.54,47.82,177.28,0.93,16.7,0.53,3.47,1,0,0,0,0,0,0,108.007,296.392,125.92099999999999,584.3,0,0,0,0,0,0,0,-33.154,-32.636,21.2,112,425,192,,111.526,329.54599999999994,158.55699999999993,486.15200000000004,57.48,53.53,48.17,64.26,true,false,2.6,2.6,"單日成交金額低於5,000萬元"
432,1232,大統益,TWSE,食品工業,不建立部位,保護持有,protect,今天不新增部位；未完成確認前不機械式賣出,下一交易日收盤，確認是否收復防守區,已有部位暫停加碼；若收盤跌破60日EMA約 153.12，且下一交易日仍未收復，先減碼三分之一；若ETF或外資繼續轉弱，再分批降低部位。,未觸發明確減碼訊號,62.1,64.6,53.4,85,100,完整,157,157,41.52,13.95,8.36,46.42,205.52,4.71,17.39,4.55,4.59,1,0,0,0,-1,-1,0,-14.05,-8.479000000000003,289.69599999999997,60.40299999999996,0,0,-2,-2,0,0,0,-3.143,-1.1429999999999998,2.89,-3,-69,49,,-12.05,-5.336000000000002,292.839,68.54599999999999,55.72,55.32,59.3,47.35,false,true,0.75,0.32,"單日成交金額低於5,000萬元"
433,1723,中碳,TWSE,化學工業,不建立部位,保護持有,protect,今天不新增部位；未完成確認前不機械式賣出,下一交易日收盤，確認是否收復防守區,已有部位暫停加碼；若收盤跌破60日EMA約 84.89，且下一交易日仍未收復，先減碼三分之一；若ETF或外資繼續轉弱，再分批降低部位。,未觸發明確減碼訊號,60.5,64.3,58.2,85,100,完整,85.6,85.6,46.18,11.5,14.62,32.06,176.63,2.07,27.68,2.49,2.15,1,0,0,0,0,-5,0,47.108,-42.885,1030.696,1690.3579999999997,0,0,0,-5,0,0,0,4.756,46.27799999999999,9.77,54,12,1037,,49,-47.64100000000002,984.4179999999999,1653.2999999999997,48.9,30.16,43.77,2.94,false,false,-0.58,-2.06,"單日成交金額低於5,000萬元；當下除權息調整價未守20日EMA"
434,6146,耕興,TPEX,其他電子業,不建立部位,保護持有,protect,今天不新增部位；未完成確認前不機械式賣出,下一交易日收盤，確認是否收復防守區,已有部位暫停加碼；若收盤跌破60日EMA約 195.82，且下一交易日仍未收復，先減碼三分之一；若ETF或外資繼續轉弱，再分批降低部位。,未觸發明確減碼訊號,59.1,64.2,72.1,85,100,可用,194,194,10.64,9.37,30.97,34.5,233.06,6.04,16.87,3.67,6.23,3,0,0,0,0,-1,0,-38.556,-38.556,-38.556,-38.556,0,0,0,0,0,0,0,-0.556,-0.556,30.95,,,,,-38,-38,-38,-38,51.82,56.91,54.36,62.01,true,false,0.55,-0.51,"單日成交金額低於5,000萬元；外資持股趨勢資料不足或期間有非市場異動"
435,4441,振大環球,TWSE,紡織纖維,不建立部位,保護持有,protect,今天不新增部位；未完成確認前不機械式賣出,下一交易日收盤，確認是否收復防守區,已有部位暫停加碼；若收盤跌破60日EMA約 187.73，且下一交易日仍未收復，先減碼三分之一；若ETF或外資繼續轉弱，再分批降低部位。,未觸發明確減碼訊號,48.8,64.1,74,85,100,完整,172.5,172.5,27.99,13.84,17.62,30.51,243.38,9.08,9.5,1.7,6.3,1,0,0,0,0,0,0,-83,-72.99599999999998,-168.99599999999998,-262.924,-30,-30,-30,30,0,1,-5145000,-44,-43,0.73,19,42,-61,,-5,1.0039999999999996,-95.99600000000001,-341.97499999999997,37.29,11.64,12.8,9.32,false,false,-5.33,-1.99,"單日成交金額低於5,000萬元；當下除權息調整價未守20日EMA"
436,6577,勁豐,TPEX,電腦及週邊設備業,不建立部位,保護持有,protect,今天不新增部位；未完成確認前不機械式賣出,下一交易日收盤，確認是否收復防守區,已有部位暫停加碼；若收盤跌破60日EMA約 79.62，且下一交易日仍未收復，先減碼三分之一；若ETF或外資繼續轉弱，再分批降低部位。,未觸發明確減碼訊號,55.4,64.1,68.2,85,100,可用,80,80,19.45,3.52,18.63,45.78,188.58,3.52,11.16,3.43,6.2,1,0,0,0,0,-1,0,-6.947,-6.947,-6.947,-6.947,0,0,0,0,0,0,0,0.053,0.053,1.38,,,,,-7,-7,-7,-7,49.15,43.04,39.15,50.83,true,false,-0.46,0,"單日成交金額低於5,000萬元；外資持股趨勢資料不足或期間有非市場異動；當下除權息調整價未守20日EMA"
437,2323,中環,TWSE,光電業,不建立部位,保護持有,protect,今天不新增部位；未完成確認前不機械式賣出,下一交易日收盤，確認是否收復防守區,已有部位暫停加碼；若收盤跌破60日EMA約 10.75，且下一交易日仍未收復，先減碼三分之一；若ETF或外資繼續轉弱，再分批降低部位。,外資持股5/10日下降且外資5日賣超,60.1,64,68.2,85,100,完整,10.95,10.95,2.88,14,4.73,36.4,276.3,0.99,3.61,0.59,1.83,1,0,0,0,0,15,0,-559.482,-1720.002,-11107.497000000001,10275.038999999999,0,0,0,15,0,0,0,-740.292,-1198.1550000000002,11.04,-502,-980,-10612,,-501.894,-979.71,-9909.342,9890.560999999998,54.8,53.64,43.87,73.17,true,false,1.68,1.39,"單日成交金額低於5,000萬元；外資持股5/10日下降，且外資5日賣超；單季稅前獲利對營業外貢獻依賴偏高"
438,2204,中華,TWSE,汽車工業,不建立部位,保護持有,protect,今天不新增部位；未完成確認前不機械式賣出,下一交易日收盤，確認是否收復防守區,已有部位暫停加碼；若收盤跌破60日EMA約 53.98，且下一交易日仍未收復，先減碼三分之一；若ETF或外資繼續轉弱，再分批降低部位。,ETF 5/10日同步減碼,58.7,63.7,65.8,85,100,完整,54.8,54.8,13.64,10.58,5.12,24.02,123.61,3.19,8.79,0.78,6.67,3,0,-6,-9,-17,-2953,0,80.163,-456.80100000000004,2815.482,4982.4400000000005,0,-2.914,-15.914,-2951.415,1,2,-157356,18.938000000000002,-377.42299999999994,18.87,17,-712,1504,,80.288,-472.825,3208.8190000000004,8378.749000000002,58.21,61,63.05,56.9,false,false,2.31,1.48,"單日成交金額低於5,000萬元；ETF短中期同步減碼"
439,2211,長榮鋼,TWSE,鋼鐵工業,不建立部位,降低部位,trim,停止加碼；反彈未站回恢復區時分批減碼,每個交易日收盤後，確認是否站回恢復區,已有部位先停止加碼。反彈若仍未站回 88.69，分批降低部位；只有站回且ETF／外資賣壓收斂後才重新評估。,價格跌破60日EMA且20日趨勢向下；ETF 5/10日同步減碼,46.1,63.7,77.5,85,100,完整,83.1,83.1,38.3,6.54,20.01,25.6,197.65,3.26,11.19,1.25,7.87,4,0,-3,-5,-11,-23,0,-9.409,-537.9559999999999,85.75700000000009,54.28800000000024,0,-0.6040000000000001,-10.604,-71.615,1,2,-49890,-19.057,-84.17,3.83,-109,-282,47,,-2,-518.2950000000001,180.53099999999995,557.2820000000002,39.02,45.01,48.87,37.27,false,true,-1.69,-0.72,"單日成交金額低於5,000萬元；中期趨勢仍向下；ETF短中期同步減碼；20日趨勢尚未上彎；當下除權息調整價未守20日EMA"
440,2397,友通,TWSE,電腦及週邊設備業,不建立部位,保護持有,protect,今天不新增部位；未完成確認前不機械式賣出,下一交易日收盤，確認是否收復防守區,已有部位暫停加碼；若收盤跌破60日EMA約 61.26，且下一交易日仍未收復，先減碼三分之一；若ETF或外資繼續轉弱，再分批降低部位。,外資持股5/10日下降且外資5日賣超,57.8,63.7,52.2,85,100,完整,62.4,62.4,51.27,29.16,6.75,61.22,141.25,2.05,23.08,2.14,3.89,1,0,0,0,0,0,0,-91.985,-218.42000000000002,-419.424,899.6030000000002,0,0,0,0,0,0,0,-6,23,15.05,-93,-214,-491,,-92.985,-212.42000000000002,-442.424,835.603,49.96,28.21,29.96,24.7,false,false,-0.65,-0.16,"單日成交金額低於5,000萬元；外資持股5/10日下降，且外資5日賣超；當下除權息調整價未守20日EMA"
441,1615,大山,TWSE,電器電纜,不建立部位,保護持有,protect,今天不新增部位；未完成確認前不機械式賣出,下一交易日收盤，確認是否收復防守區,已有部位暫停加碼；若收盤跌破60日EMA約 44.07，且下一交易日仍未收復，先減碼三分之一；若ETF或外資繼續轉弱，再分批降低部位。,未觸發明確減碼訊號,56.8,63.6,71.5,85,100,可用,44.1,44.1,11.52,3.48,18.84,29.01,226.5,2.53,8.52,1.84,5.9,1,0,0,0,0,0,0,-39,165.687,306.34400000000005,355.434,0,0,0,0,0,0,0,-19,-19,1.09,-23,197,278,,-31,184.687,325.34400000000005,378.434,51.76,37.01,49.85,11.33,false,true,0.26,-0.23,"單日成交金額低於5,000萬元；外資持股趨勢資料不足或期間有非市場異動"
442,6703,軒郁,TPEX,生技醫療業,不建立部位,保護持有,protect,今天不新增部位；未完成確認前不機械式賣出,下一交易日收盤，確認是否收復防守區,已有部位暫停加碼；若收盤跌破60日EMA約 103.85，且下一交易日仍未收復，先減碼三分之一；若ETF或外資繼續轉弱，再分批降低部位。,價格跌破60日EMA且20日趨勢向下,49.6,63.5,68.4,85,100,可用,103,103,32.48,15.77,10.87,44.41,224.81,4.13,10.03,2.62,0.97,1,0,0,0,0,-2,0,-3.01,-3.01,-3.01,-3.01,0,0,0,0,0,0,0,-0.01,-0.01,14.23,,,,,-3,-3,-3,-3,43.93,60.85,60.16,62.22,false,false,-0.79,0,"單日成交金額低於5,000萬元；中期趨勢仍向下；外資持股趨勢資料不足或期間有非市場異動；20日趨勢尚未上彎；當下除權息調整價未守20日EMA"
443,9911,櫻花,TWSE,居家生活,不建立部位,保護持有,protect,今天不新增部位；未完成確認前不機械式賣出,下一交易日收盤，確認是否收復防守區,已有部位暫停加碼；若收盤跌破60日EMA約 83.01，且下一交易日仍未收復，先減碼三分之一；若ETF或外資繼續轉弱，再分批降低部位。,未觸發明確減碼訊號,57.8,63.3,64.1,85,100,可用,82.8,82.8,9.67,6.76,15.65,37.15,166.9,3.26,12.87,2.79,6.02,2,1,1,1,1,1,0,-103,-99.105,109.227,-682.0099999999999,1,1,1,1,1,0,83000,-18.105,-57.105000000000004,18.69,-63,-123,101,,-92,-82,165.332,-627.303,51.24,63.94,68.62,54.57,false,true,0.1,-0.24,"單日成交金額低於5,000萬元；外資持股趨勢資料不足或期間有非市場異動"
444,6756,威鋒電子,TWSE,半導體業,不建立部位,保護持有,protect,今天不新增部位；未完成確認前不機械式賣出,下一交易日收盤，確認是否收復防守區,已有部位暫停加碼；若收盤跌破60日EMA約 97.03，且下一交易日仍未收復，先減碼三分之一；若ETF或外資繼續轉弱，再分批降低部位。,未觸發明確減碼訊號,64.3,63,52.7,85,100,完整,102,102,70.68,22.5,-3.54,27.19,182.34,1.24,56.46,2.32,0.9,1,0,0,0,0,0,0,-14.093,88.045,-23.745000000000005,377.772,0,0,0,0,0,0,0,0.17200000000000015,1.3820000000000001,3.72,-12,23,-68,,-15,87.87299999999999,-25.12700000000001,370.329,57.15,67.29,62.15,77.56,false,false,2.92,0,"單日成交金額低於5,000萬元；單季稅前獲利對營業外貢獻依賴偏高"
445,2415,錩新,TWSE,電子零組件業,不建立部位,保護持有,protect,今天不新增部位；未完成確認前不機械式賣出,下一交易日收盤，確認是否收復防守區,已有部位暫停加碼；若收盤跌破60日EMA約 28.20，且下一交易日仍未收復，先減碼三分之一；若ETF或外資繼續轉弱，再分批降低部位。,外資持股5/10日下降且外資5日賣超,63.4,62.8,48.5,85,100,完整,28.95,28.95,8.33,9.96,6.5,71.54,127.59,0.47,18.44,1.51,5.49,1,0,50,50,49,44,0,-12.674,-19.948000000000008,70.964,-246.355,0,24,23,18,1,0,694800,2.206,0.20599999999999996,20.62,-5,-244,-268,,-11.973,-46.153999999999996,47.75800000000001,-264.46399999999994,55.27,74.43,69.16,84.98,false,false,2.97,4.78,"單日成交金額低於5,000萬元；外資持股5/10日下降，且外資5日賣超"
446,6679,鈺太,TPEX,半導體業,不建立部位,保護持有,protect,今天不新增部位；未完成確認前不機械式賣出,下一交易日收盤，確認是否收復防守區,已有部位暫停加碼；若收盤跌破60日EMA約 228.87，且下一交易日仍未收復，先減碼三分之一；若ETF或外資繼續轉弱，再分批降低部位。,未觸發明確減碼訊號,54.6,62.8,79.5,85,100,可用,208.5,208.5,8.73,7.32,24.37,6.41,1081.33,6.34,16.25,1.81,3.24,1,0,0,0,0,-10,0,7.602,7.602,7.602,7.602,0,0,0,0,0,0,0,-0.398,-0.398,10.78,,,,,8,8,8,8,48.04,57.81,46.5,80.44,false,false,0.76,5.3,"單日成交金額低於5,000萬元；外資持股趨勢資料不足或期間有非市場異動"
447,6277,宏正,TWSE,電腦及週邊設備業,不建立部位,保護持有,protect,今天不新增部位；未完成確認前不機械式賣出,下一交易日收盤，確認是否收復防守區,已有部位暫停加碼；若收盤跌破60日EMA約 77.17，且下一交易日仍未收復，先減碼三分之一；若ETF或外資繼續轉弱，再分批降低部位。,未觸發明確減碼訊號,53,62.7,70.2,85,100,完整,78.4,78.4,30.91,15.24,15.5,33.78,205.16,2.5,18.86,1.94,4.48,2,0,0,0,-1,-1,0,-60.076,-121.02100000000002,327.18299999999994,2434.14,0,0,-1,-1,0,0,0,-6.84,30.755000000000003,12.51,-43,-81,316,,-58.73,-114.181,297.428,2382.198,46.95,11.96,19.33,-2.79,false,false,-1.98,-1.63,"單日成交金額低於5,000萬元；當下除權息調整價未守20日EMA"
448,6585,鼎基,TWSE,其他,不建立部位,保護持有,protect,今天不新增部位；未完成確認前不機械式賣出,下一交易日收盤，確認是否收復防守區,已有部位暫停加碼；若收盤跌破60日EMA約 116.24，且下一交易日仍未收復，先減碼三分之一；若ETF或外資繼續轉弱，再分批降低部位。,外資持股5/10日下降且外資5日賣超,52,62.7,70.6,85,100,完整,112.5,112.5,50.26,18.13,25.03,26.52,175.41,4.81,14.5,2.07,4,1,0,0,0,0,-2,0,-26.483,-27.326999999999998,-215.57500000000002,-215.91299999999998,0,0,0,-2,0,0,0,-1.912,14.741,3.5,-25,-77,-293,,-25,-25.41499999999999,-230.316,-233.988,42.56,32.95,35.71,27.43,false,true,-2.86,-0.44,"單日成交金額低於5,000萬元；外資持股5/10日下降，且外資5日賣超；當下除權息調整價未守20日EMA"
449,4543,萬在,TPEX,電機機械,不建立部位,保護持有,protect,今天不新增部位；未完成確認前不機械式賣出,下一交易日收盤，確認是否收復防守區,已有部位暫停加碼；若收盤跌破60日EMA約 31.71，且下一交易日仍未收復，先減碼三分之一；若ETF或外資繼續轉弱，再分批降低部位。,未觸發明確減碼訊號,52.5,62.7,71.9,85,70,可用,30.45,30.45,17.86,21.13,15.89,30.31,241.58,1.37,11.72,0.96,2.33,1,0,0,0,1,2,0,-5,-5,-5,-5,0,0,0,0,0,0,0,0,0,9.87,,,,,-5,-5,-5,-5,48.04,32.57,40.38,16.96,false,false,-0.02,-1.14,"單日成交金額低於5,000萬元；外資持股趨勢資料不足或期間有非市場異動；當下除權息調整價未守20日EMA"
450,2420,新巨,TWSE,電子零組件業,不建立部位,保護持有,protect,今天不新增部位；未完成確認前不機械式賣出,下一交易日收盤，確認是否收復防守區,已有部位暫停加碼；若收盤跌破60日EMA約 57.23，且下一交易日仍未收復，先減碼三分之一；若ETF或外資繼續轉弱，再分批降低部位。,外資持股5/10日下降且外資5日賣超,50,62.6,76.4,85,100,完整,55.1,55.1,18.59,4.06,32.49,35.51,227.62,2.3,12.19,2.14,5.5,1,0,0,0,0,8,0,-87.176,-553.534,-622.276,1250.6640000000002,0,0,0,8,0,0,0,-103.841,-110.69999999999999,7.8,-105,-498,-693,,-89.075,-449.69300000000004,-511.57599999999996,1277.661,43.39,36.03,33.94,40.2,true,false,-1.78,-2.48,"單日成交金額低於5,000萬元；外資持股5/10日下降，且外資5日賣超；當下除權息調整價未守20日EMA"
451,8354,冠好,TPEX,其他,不建立部位,保護持有,protect,今天不新增部位；未完成確認前不機械式賣出,下一交易日收盤，確認是否收復防守區,已有部位暫停加碼；若收盤跌破60日EMA約 16.68，且下一交易日仍未收復，先減碼三分之一；若ETF或外資繼續轉弱，再分批降低部位。,未觸發明確減碼訊號,57.1,62.3,60.9,85,70,可用,17.3,17.23,12.68,5.73,2.18,49.29,123.61,1.39,6.35,0.62,0.64,1,0,0,0,0,1,0,-7.956,-7.956,-7.956,-7.956,0,0,0,0,0,0,0,0.044,0.044,0.98,,,,,-8,-8,-8,-8,55.18,28.96,35.18,16.52,false,false,1.05,-2.26,"單日成交金額低於5,000萬元；外資持股趨勢資料不足或期間有非市場異動；單季稅前獲利對營業外貢獻依賴偏高"
452,3169,亞信,TPEX,半導體業,不建立部位,保護持有,protect,今天不新增部位；未完成確認前不機械式賣出,下一交易日收盤，確認是否收復防守區,已有部位暫停加碼；若收盤跌破60日EMA約 103.21，且下一交易日仍未收復，先減碼三分之一；若ETF或外資繼續轉弱，再分批降低部位。,今日漲停／趨勢站穩；法人未同步轉弱,56.9,62.1,70.8,85,100,可用,110.5,110.5,22.42,4.74,26.67,19.13,496.46,1.96,26.38,3.6,3.18,1,0,0,0,0,0,0,-1.019,-1.019,-1.019,-1.019,0,0,0,0,0,0,0,-0.169,-0.169,5.23,,,,,-0.85,-0.85,-0.85,-0.85,66.41,60.84,43.06,96.4,false,false,8.51,11.84,"單日成交金額低於5,000萬元；外資持股趨勢資料不足或期間有非市場異動"
453,9942,茂順,TWSE,其他,不建立部位,保護持有,protect,今天不新增部位；未完成確認前不機械式賣出,下一交易日收盤，確認是否收復防守區,已有部位暫停加碼；若收盤跌破60日EMA約 117.22，且下一交易日仍未收復，先減碼三分之一；若ETF或外資繼續轉弱，再分批降低部位。,未觸發明確減碼訊號,51.9,62.1,71.9,85,100,完整,115,115,11.01,14.66,24.72,35.21,198.05,4.76,12.71,2.31,6.03,1,0,0,0,0,-1,0,-38.61,-107.844,-159.22899999999998,-330.215,0,0,0,-1,0,0,0,-120.00999999999999,-120.00999999999999,4.71,-39,12,-36,,-38.61,12.166000000000004,-39.219,-89.20499999999998,44.68,60.34,51.15,78.73,false,false,-0.61,0.88,"單日成交金額低於5,000萬元；當下除權息調整價未守20日EMA"
454,5515,建國,TWSE,建材營造,不建立部位,保護持有,protect,今天不新增部位；未完成確認前不機械式賣出,下一交易日收盤，確認是否收復防守區,已有部位暫停加碼；若收盤跌破60日EMA約 45.89，且下一交易日仍未收復，先減碼三分之一；若ETF或外資繼續轉弱，再分批降低部位。,未觸發明確減碼訊號,60.2,62,61.5,85,100,完整,52.5,52.5,30.84,28.06,12.56,54.43,163.72,6.08,5.3,1.8,6.31,2,0,0,0,-1,-1,0,-73.353,153.497,491.076,2303.332000000001,0,0,-1,-1,0,0,0,-11.655000000000001,15.263000000000005,13.72,-57,160,480,,-57.001,165.152,476.813,2250.1030000000005,63.61,33.16,49.27,0.94,false,false,4,-1.69,"單日成交金額低於5,000萬元；單季稅前獲利對營業外貢獻依賴偏高"
455,6438,迅得,TWSE,其他電子業,不建立部位,保護持有,protect,今天不新增部位；未完成確認前不機械式賣出,下一交易日收盤，確認是否收復防守區,已有部位暫停加碼；若收盤跌破60日EMA約 149.81，且下一交易日仍未收復，先減碼三分之一；若ETF或外資繼續轉弱，再分批降低部位。,未觸發明確減碼訊號,63.2,61.8,56.4,85,100,完整,156,156,5.38,10.93,11.24,42.36,182.26,3.79,25.74,1.92,3.37,1,0,0,0,-137,-137,0,-45.311,464.921,437.573,1153.863,0,0,-137,-137,0,0,0,9.758,-19.32,6.85,-68,240,306,,-35.481,455.163,593.893,1302.0640000000003,61.82,74.4,63.48,96.24,false,false,6.18,8.33,"單日成交金額低於5,000萬元"
456,5314,世紀*,TPEX,其他,不建立部位,優先降低風險,risk,依風險與流動性分批降低部位,風險解除且基本面與趨勢重新確認後,已有部位應優先降低曝險；目前觸發「KD高檔死亡交叉（僅屬時機警示）」。待事件解除或基本面重新確認後再評估。,價格強勢站上20／60日EMA；法人未同步轉弱,45.5,61.5,59.3,85,100,可用,35.3,35.3,149.63,159.94,12.5,49.57,97.87,0.66,7.78,5.82,4.9,1,0,0,0,0,1591,0,2059.695,2059.695,2059.695,2059.695,0,0,0,0,0,0,0,-851.409,-851.409,9,,,,,2911.104,2911.104,2911.104,2911.104,77.23,76.59,86.36,57.05,false,true,35.87,12.24,處置或交易限制風險；外資持股趨勢資料不足或期間有非市場異動；短線過熱或乖離過大；KD高檔死亡交叉，等待動能確認；高波動且5日漲幅過大
457,1336,台翰,TPEX,電子零組件業,不建立部位,保護持有,protect,今天不新增部位；未完成確認前不機械式賣出,下一交易日收盤，確認是否收復防守區,已有部位暫停加碼；若收盤跌破60日EMA約 15.68，且下一交易日仍未收復，先減碼三分之一；若ETF或外資繼續轉弱，再分批降低部位。,未觸發明確減碼訊號,60.2,61.5,49.5,85,70,可用,17,17,67.07,7.49,2.56,44.05,120.96,0.41,22.4,0.69,1.55,1,0,0,0,0,1,0,164.473,164.473,164.473,164.473,0,0,0,0,0,0,0,2,2,3.95,,,,,162.473,162.473,162.473,162.473,57.42,50.37,44.7,61.71,true,false,2.93,3.98,"單日成交金額低於5,000萬元；外資持股趨勢資料不足或期間有非市場異動"
458,2362,藍天,TWSE,電腦及週邊設備業,不建立部位,保護持有,protect,今天不新增部位；未完成確認前不機械式賣出,下一交易日收盤，確認是否收復防守區,已有部位暫停加碼；若收盤跌破60日EMA約 45.48，且下一交易日仍未收復，先減碼三分之一；若ETF或外資繼續轉弱，再分批降低部位。,未觸發明確減碼訊號,62.1,61.4,53.5,85,100,完整,47.7,47.7,-8.06,13.31,5.93,57.37,114.49,4.05,7.85,0.59,4.19,2,0,0,2,4,6,0,123.043,106.55900000000005,159.50100000000003,5485.792999999999,0,2,4,5.681,1,0,95500,16.017,-3.4230000000000014,10.7,97,58,105,,125.071,88.542,158.92399999999998,5504.3949999999995,52.9,44.89,49.31,36.07,false,true,0.46,-1.75,"單日成交金額低於5,000萬元；單季稅前獲利對營業外貢獻依賴偏高"
459,6183,關貿,TWSE,資訊服務業,不建立部位,保護持有,protect,今天不新增部位；未完成確認前不機械式賣出,下一交易日收盤，確認是否收復防守區,已有部位暫停加碼；若收盤跌破60日EMA約 92.06，且下一交易日仍未收復，先減碼三分之一；若ETF或外資繼續轉弱，再分批降低部位。,外資持股5/10日下降且外資5日賣超,49.9,61.2,62.5,85,100,完整,91.1,91.1,42.52,14.47,29.53,49.64,147.35,2.41,20.22,5.08,3.9,2,0,0,0,0,0,0,-22,-24.009999999999998,-27.009999999999998,-16.08,0,0,0,0,0,0,0,-5,-3,1.12,-52,-70,-74,,-21,-19.009999999999998,-24.009999999999998,-16.024,42.1,28.99,43.6,-0.23,false,true,-1.64,-3.09,"單日成交金額低於5,000萬元；外資持股5/10日下降，且外資5日賣超；當下除權息調整價未守20日EMA"
460,6763,綠界科技*,TPEX,數位雲端,不建立部位,保護持有,protect,今天不新增部位；未完成確認前不機械式賣出,下一交易日收盤，確認是否收復防守區,已有部位暫停加碼；若收盤跌破60日EMA約 43.57，且下一交易日仍未收復，先減碼三分之一；若ETF或外資繼續轉弱，再分批降低部位。,未觸發明確減碼訊號,49.2,60.8,59.5,85,100,可用,41.35,41.35,12.67,12.83,24.38,59.22,138.01,1.08,10.06,2.56,7.22,1,0,10,10,10,10,0,-42.125,-42.125,-42.125,-42.125,0,0,0,0,0,0,0,-0.125,-0.125,2.38,,,,,-42,-42,-42,-42,39.29,24.42,30.11,13.04,false,true,-1.77,-0.84,"單日成交金額低於5,000萬元；外資持股趨勢資料不足或期間有非市場異動；當下除權息調整價未守20日EMA"
461,4736,泰博,TWSE,生技醫療業,不建立部位,優先降低風險,risk,依風險與流動性分批降低部位,風險解除且基本面與趨勢重新確認後,已有部位應優先降低曝險；目前觸發「外資持股5/10日下降且外資5日賣超」。待事件解除或基本面重新確認後再評估。,外資持股5/10日下降且外資5日賣超；單月與累計營收同步明顯衰退,62.2,60.2,68.5,85,100,完整,126.5,126.5,-11.91,-1.06,19.54,21,319.04,16.6,4.68,1.09,3.98,2,0,6,6,6,6,0,69.017,-478.12699999999995,-413.63699999999994,534.6590000000001,100,202,352,352,2,0,25755000,-13.738000000000001,22.262,6.78,-39,-624,-588,,-33.983,-666.3889999999999,-787.8989999999999,64.56300000000012,56.54,37.52,40.77,31.04,false,false,1.46,1.7,營收動能同步衰退；累計營收負成長且當月改善不足；外資持股5/10日下降，且外資5日賣超；單季稅前獲利對營業外貢獻依賴偏高
462,6752,叡揚,TPEX,資訊服務業,不建立部位,保護持有,protect,今天不新增部位；未完成確認前不機械式賣出,下一交易日收盤，確認是否收復防守區,已有部位暫停加碼；若收盤跌破60日EMA約 97.47，且下一交易日仍未收復，先減碼三分之一；若ETF或外資繼續轉弱，再分批降低部位。,未觸發明確減碼訊號,54.7,60.2,57.2,85,70,可用,97,96.95,7.01,4.85,11.82,48.89,102.91,2.94,14.12,2.69,4.95,1,0,0,0,1,2,0,0.2,0.2,0.2,0.2,0,0,0,0,0,0,0,0.2,0.2,3.09,,,,,0,0,0,0,52.07,59.56,49.13,80.43,false,false,0.32,0.11,"單日成交金額低於5,000萬元；外資持股趨勢資料不足或期間有非市場異動"
463,8341,日友,TWSE,綠能環保,不建立部位,保護持有,protect,今天不新增部位；未完成確認前不機械式賣出,下一交易日收盤，確認是否收復防守區,已有部位暫停加碼；若收盤跌破60日EMA約 76.56，且下一交易日仍未收復，先減碼三分之一；若ETF或外資繼續轉弱，再分批降低部位。,未觸發明確減碼訊號,49.3,60,66.8,85,100,完整,75.4,75.4,17.55,17.66,29.81,43.1,112.4,2.97,14.48,1.85,5.27,1,0,0,0,0,0,0,-18.785,45.92399999999999,230.127,110.65000000000009,0,0,0,0,0,0,0,-25.178,-26.846999999999998,5.61,-4,77,243,,-12.982,71.10199999999999,256.97400000000005,131.858,41.46,28.06,40.22,3.73,false,true,-1.13,-1.82,"單日成交金額低於5,000萬元；當下除權息調整價未守20日EMA"
464,6509,聚和,TPEX,化學工業,不建立部位,保護持有,protect,今天不新增部位；未完成確認前不機械式賣出,下一交易日收盤，確認是否收復防守區,已有部位暫停加碼；若收盤跌破60日EMA約 47.00，且下一交易日仍未收復，先減碼三分之一；若ETF或外資繼續轉弱，再分批降低部位。,未觸發明確減碼訊號,50.8,59.7,67.2,85,100,可用,46,46,12,5.81,21.4,32.53,226.71,2.16,12.69,1.63,3.03,1,0,0,0,0,-10,0,-247.325,-247.325,-247.325,-247.325,0,0,0,0,0,0,0,-2.325,-2.325,11.83,,,,,-245,-245,-245,-245,47.3,48.91,40.09,66.55,true,false,-0.57,2.68,"單日成交金額低於5,000萬元；外資持股趨勢資料不足或期間有非市場異動；當下除權息調整價未守20日EMA"
465,6579,研揚,TWSE,電腦及週邊設備業,不建立部位,降低部位,trim,停止加碼；反彈未站回恢復區時分批減碼,每個交易日收盤後，確認是否站回恢復區,已有部位先停止加碼。反彈若仍未站回 155.00，分批降低部位；只有站回且ETF／外資賣壓收斂後才重新評估。,價格跌破60日EMA且20日趨勢向下；外資持股5/10日下降且外資5日賣超,50.1,59.3,69.4,85,100,完整,150,150,28.16,28.66,10.2,26.1,221.03,6.15,20.01,2.44,2.56,1,0,0,0,0,0,0,-42.195,-514.861,-1504.7559999999999,-1932.9959999999999,0,0,-2,-2,0,0,0,133.359,144.88799999999998,3.33,-31,-387,-1244,,-64.95,-648.2199999999999,-1647.6439999999998,-2061.1279999999997,44.66,48.69,32.83,80.4,false,false,-1.7,3.09,"單日成交金額低於5,000萬元；中期趨勢仍向下；外資持股5/10日下降，且外資5日賣超；20日趨勢尚未上彎；當下除權息調整價未守20日EMA"
466,1736,喬山,TWSE,運動休閒,不建立部位,降低部位,trim,停止加碼；反彈未站回恢復區時分批減碼,每個交易日收盤後，確認是否站回恢復區,已有部位先停止加碼。反彈若仍未站回 129.64，分批降低部位；只有站回且ETF／外資賣壓收斂後才重新評估。,價格跌破60日EMA且20日趨勢向下；外資持股5/10日下降且外資5日賣超,46.5,59.2,54.9,85,100,完整,124,124,35.8,12.75,7.5,70.85,125.91,3.27,11.39,2.79,3.57,2,0,0,0,0,402,0,9,-93.58500000000001,91.678,2386.445,0,0,-13,149.252,0,0,0,3,18,5.65,-5,-423,-581,,10,-96.58500000000001,86.678,2219.8100000000004,42.29,8.98,13.65,-0.37,false,false,-4.35,-1.98,"單日成交金額低於5,000萬元；中期趨勢仍向下；外資持股5/10日下降，且外資5日賣超；20日趨勢尚未上彎；當下除權息調整價未守20日EMA"
467,2832,台產,TWSE,金融保險業,不建立部位,保護持有,protect,今天不新增部位；未完成確認前不機械式賣出,下一交易日收盤，確認是否收復防守區,已有部位暫停加碼；若收盤跌破60日EMA約 57.38，且下一交易日仍未收復，先減碼三分之一；若ETF或外資繼續轉弱，再分批降低部位。,外資持股5/10日下降且外資5日賣超,54.5,59.1,64.8,85,100,完整,58.9,58.9,-5.13,5.74,,53.86,,3.33,9.7,1.22,6,1,0,0,0,0,-6,0,-294.716,-352.073,-145.43299999999996,-238.10399999999998,0,0,0,-5.8870000000000005,0,0,0,11.753,-2.208,4.47,-297,-364,-145,,-297.732,-363.82599999999996,-143.22499999999994,-224.49399999999994,49.85,40.96,51.35,20.17,false,false,-0.57,-2.64,"單日成交金額低於5,000萬元；外資持股5/10日下降，且外資5日賣超；當下除權息調整價未守20日EMA"
468,4953,緯致,TPEX,資訊服務業,不建立部位,保護持有,protect,今天不新增部位；未完成確認前不機械式賣出,下一交易日收盤，確認是否收復防守區,已有部位暫停加碼；若收盤跌破60日EMA約 124.29，且下一交易日仍未收復，先減碼三分之一；若ETF或外資繼續轉弱，再分批降低部位。,未觸發明確減碼訊號,51.3,59.1,65.8,85,100,可用,122.5,122.5,33.37,31.28,6.01,39.51,231.31,4.88,12.31,2.13,4.2,2,0,2,2,2,2,0,-45.003,-45.003,-45.003,-45.003,0,0,0,0,0,0,0,-0.004,-0.004,14.39,,,,,-44.999,-44.999,-44.999,-44.999,45.63,41.52,40.43,43.7,false,false,-0.91,0,"單日成交金額低於5,000萬元；外資持股趨勢資料不足或期間有非市場異動；當下除權息調整價未守20日EMA"
469,8442,威宏-KY,TWSE,其他,不建立部位,保護持有,protect,今天不新增部位；未完成確認前不機械式賣出,下一交易日收盤，確認是否收復防守區,已有部位暫停加碼；若收盤跌破60日EMA約 45.17，且下一交易日仍未收復，先減碼三分之一；若ETF或外資繼續轉弱，再分批降低部位。,外資持股5/10日下降且外資5日賣超,55.7,59.1,53.1,85,100,完整,45.4,45.4,13,9.87,3.35,54.91,161.46,1.38,14.57,0.86,6.62,1,0,0,0,0,-2,0,-28,-322,-190,-143.576,0,0,0,-1.576,0,0,0,-101,-102,56.04,21,-310,-211,,19,-221,-88,-44,50.74,30.35,44.2,2.64,false,false,-0.24,-8.47,"單日成交金額低於5,000萬元；外資持股5/10日下降，且外資5日賣超；當下除權息調整價未守20日EMA"
470,8411,福貞-KY,TWSE,其他,不建立部位,保護持有,protect,今天不新增部位；未完成確認前不機械式賣出,下一交易日收盤，確認是否收復防守區,已有部位暫停加碼；若收盤跌破60日EMA約 12.70，且下一交易日仍未收復，先減碼三分之一；若ETF或外資繼續轉弱，再分批降低部位。,外資持股5/10日下降且外資5日賣超,60.5,59.1,44.6,85,73,可用,12.9,12.9,28.17,20.63,1.24,53.65,115.95,0.21,38.24,0.46,0.77,1,0,0,0,1,2,0,-22,-30,-26,133,0,0,0,0,0,0,0,-19,-19,53.98,-14,-9,-5,,-16,-11,-7,154,51.37,73.93,62.9,95.98,false,false,0.11,1.57,"單日成交金額低於5,000萬元；外資持股5/10日下降，且外資5日賣超；20日趨勢尚未上彎"
471,5269,祥碩,TWSE,半導體業,不建立部位,優先降低風險,risk,依風險與流動性分批降低部位,風險解除且基本面與趨勢重新確認後,已有部位應優先降低曝險；目前觸發「單月與累計營收同步明顯衰退」。待事件解除或基本面重新確認後再評估。,單月與累計營收同步明顯衰退,66.7,58.9,61.8,85,100,可用,1470,1470,-37.99,-2.25,23.41,17.16,178.89,52.07,15.2,2.95,3.18,16,30,31,32,0,-70,0,-29.611,183.12400000000002,427.70000000000005,659.3720000000001,30,31.433,-1.5670000000000002,-87.01599999999999,3,1,44792025,-7.2399999999999975,165.339,9.11,-28,98,92,,-61.609,158.931,263.92800000000005,525.5960000000001,56.1,69.43,66.72,74.86,false,false,2.97,3.89,營收動能同步衰退；累計營收負成長且當月改善不足；外資持股趨勢資料不足或期間有非市場異動；單季稅前獲利對營業外貢獻依賴偏高
472,5534,長虹,TWSE,建材營造,不建立部位,保護持有,protect,今天不新增部位；未完成確認前不機械式賣出,下一交易日收盤，確認是否收復防守區,已有部位暫停加碼；若收盤跌破60日EMA約 78.33，且下一交易日仍未收復，先減碼三分之一；若ETF或外資繼續轉弱，再分批降低部位。,價格跌破60日EMA且20日趨勢向下,52.6,58.7,63.4,85,100,完整,75.9,75.9,269.79,63.45,17.45,56.25,185.49,1.05,13.32,1.12,6.71,2,0,0,0,313,429,0,-27.371,1110.8899999999999,1670.878,1601.9560000000004,0,0,313,429,0,0,0,-84.5,208.89000000000001,9.46,-4,1294,772,,-26.9,1195.3899999999999,1148.9879999999998,678.8099999999997,40.41,16.53,26.5,-3.43,false,false,-2.24,0.8,"單日成交金額低於5,000萬元；中期趨勢仍向下；20日趨勢尚未上彎；當下除權息調整價未守20日EMA"
473,2486,一詮,TWSE,光電業,不建立部位,優先降低風險,risk,依風險與流動性分批降低部位,風險解除且基本面與趨勢重新確認後,已有部位應優先降低曝險；目前觸發「處置或交易限制事件」。待事件解除或基本面重新確認後再評估。,處置或交易限制事件,68.7,58.6,39.6,85,100,完整,276,276,42.52,27.53,8.05,57.6,181.35,0.91,226.72,10.23,0.19,5,0,20,678,1746,1746,677,208.119,879.46,-2277.4780000000005,-1148.903000000001,0,765,3406,4671,3,0,201195000,75.191,-8.079999999999984,11.5,5,1409,-3868,,202.801,39.26900000000006,-5675.398000000001,-5628.019,66.51,90.22,84.26,102.14,false,false,11.73,6.98,處置或交易限制風險
474,3622,洋華,TWSE,光電業,不建立部位,保護持有,protect,今天不新增部位；未完成確認前不機械式賣出,下一交易日收盤，確認是否收復防守區,已有部位暫停加碼；若收盤跌破60日EMA約 54.00，且下一交易日仍未收復，先減碼三分之一；若ETF或外資繼續轉弱，再分批降低部位。,外資持股5/10日下降且外資5日賣超,52.5,58.3,78.1,85,100,完整,53.1,53.1,-6.03,-3.56,21.64,14.28,649.81,1.1,10.41,1.02,6.03,1,0,0,0,0,-2,0,-54.27,-233.426,-602.785,-1078.318,0,0,0,-1.7999999999999998,0,0,0,127.649,140.83,3.24,-46,-166,-306,,-47,-361.07500000000005,-743.615,-1269.6840000000002,50.78,74.78,67.51,89.3,false,false,0.67,-0.75,"單日成交金額低於5,000萬元；累計營收負成長且當月改善不足；外資持股5/10日下降，且外資5日賣超"
475,1612,宏泰,TWSE,電器電纜,不建立部位,保護持有,protect,今天不新增部位；未完成確認前不機械式賣出,下一交易日收盤，確認是否收復防守區,已有部位暫停加碼；若收盤跌破60日EMA約 34.14，且下一交易日仍未收復，先減碼三分之一；若ETF或外資繼續轉弱，再分批降低部位。,ETF 5/10日同步減碼,53.8,58.2,71.2,85,100,完整,34.75,34.75,7.44,-0.07,12.77,17.8,334.32,2.62,9,1.19,7.12,2,0,-9,-14,-30,-55,0,-34.437,785.3790000000001,1426.42,2817.3930000000005,0,-10.538,-26.538,-51.538,1,2,-369884,-31.325000000000003,-9.618000000000002,15.69,-18,393,963,,-14.637,827.242,1462.576,2899.991,58.57,52.62,64.41,29.03,false,true,1.69,0.58,"單日成交金額低於5,000萬元；累計營收負成長且當月改善不足；ETF短中期同步減碼"
476,4571,鈞興-KY,TWSE,電機機械,不建立部位,保護持有,protect,今天不新增部位；未完成確認前不機械式賣出,下一交易日收盤，確認是否收復防守區,已有部位暫停加碼；若收盤跌破60日EMA約 165.95，且下一交易日仍未收復，先減碼三分之一；若ETF或外資繼續轉弱，再分批降低部位。,外資持股5/10日下降且外資5日賣超,50.8,58.1,68.5,85,100,完整,157,157,36.12,3.89,17.19,25.38,311.88,4.16,17.43,2.49,3.38,1,0,0,0,0,-1,0,-77,-116.488,-190.5,-295.74100000000004,0,0,0,-1,0,0,0,1,11.526,63.45,-79,-112,-179,,-77,-117.488,-202.026,-326.468,44.51,26.11,25.44,27.45,false,false,-2.14,0.32,"單日成交金額低於5,000萬元；外資持股5/10日下降，且外資5日賣超；當下除權息調整價未守20日EMA"
477,2849,安泰銀,TWSE,金融保險業,不建立部位,降低部位,trim,停止加碼；反彈未站回恢復區時分批減碼,每個交易日收盤後，確認是否站回恢復區,已有部位先停止加碼。反彈若仍未站回 14.45，分批降低部位；只有站回且ETF／外資賣壓收斂後才重新評估。,價格跌破60日EMA且20日趨勢向下；外資持股5/10日下降且外資5日賣超,50.7,58.1,61.8,85,85,完整,14.4,14.4,11.12,19.62,,91.11,,0.54,14.64,0.77,3.59,1,0,0,0,0,4,0,-304,-312,-415,-674.331,0,0,0,3.769,0,0,0,-14,-67,59.01,-293,-298,-348,,-293,-298,-348,-509,48.28,54.92,54.5,55.77,true,true,-0.36,1.05,"單日成交金額低於5,000萬元；中期趨勢仍向下；外資持股5/10日下降，且外資5日賣超；20日趨勢尚未上彎；當下除權息調整價未守20日EMA"
478,1307,三芳,TWSE,塑膠工業,不建立部位,降低部位,trim,停止加碼；反彈未站回恢復區時分批減碼,每個交易日收盤後，確認是否站回恢復區,已有部位先停止加碼。反彈若仍未站回 31.88，分批降低部位；只有站回且ETF／外資賣壓收斂後才重新評估。,價格跌破60日EMA且20日趨勢向下；ETF 5/10日同步減碼,44.2,58,66.4,85,100,完整,30.6,30.6,11.02,5.71,12.33,46.72,186.74,1.46,9.12,1.22,7.2,1,0,-9,-14,-30,-50,0,107.459,574.871,852.2180000000001,-1060.3949999999998,0,-9.975,-25.975,-45.975,1,2,-304736,-18.18,-50.833,7.08,54,209,603,,123,603.0260000000001,929.0260000000001,-868.554,42.74,35.74,43.92,19.37,false,true,-1.14,0,"單日成交金額低於5,000萬元；中期趨勢仍向下；ETF短中期同步減碼；20日趨勢尚未上彎；當下除權息調整價未守20日EMA"
479,3402,漢科,TPEX,其他電子業,不建立部位,保護持有,protect,今天不新增部位；未完成確認前不機械式賣出,下一交易日收盤，確認是否收復防守區,已有部位暫停加碼；若收盤跌破60日EMA約 131.19，且下一交易日仍未收復，先減碼三分之一；若ETF或外資繼續轉弱，再分批降低部位。,價格跌破60日EMA且20日趨勢向下,49.1,57.8,51.3,85,100,可用,123,123,36.77,19.61,11.72,69.75,118.47,3.64,16.85,4.18,4.96,2,0,0,0,0,1,0,-26.578,-26.578,-26.578,-26.578,0,0,0,0,0,0,0,-1.578,-1.578,9.08,,,,,-25,-25,-25,-25,44.41,58.45,41.39,92.57,false,false,-1.18,2.07,"單日成交金額低於5,000萬元；中期趨勢仍向下；外資持股趨勢資料不足或期間有非市場異動；20日趨勢尚未上彎；當下除權息調整價未守20日EMA"
480,1342,八貫,TWSE,其他,不建立部位,保護持有,protect,今天不新增部位；未完成確認前不機械式賣出,下一交易日收盤，確認是否收復防守區,已有部位暫停加碼；若收盤跌破60日EMA約 104.61，且下一交易日仍未收復，先減碼三分之一；若ETF或外資繼續轉弱，再分批降低部位。,ETF 5/10日同步減碼,48,57.6,61.6,85,100,完整,103,103,76.92,34.14,18.32,41.09,208.83,4.1,14.64,3.59,5.8,1,0,-1,-1,-2,-4,0,-6.638,3.3540000000000063,50.18100000000001,558.6500000000001,0,-1,-2,-244.999,0,1,-103500,-3.8089999999999997,15.336000000000002,32.7,-14,-27,-29,,-5.88,8.163000000000004,36.845000000000006,785.89,45.71,57.68,62.95,47.13,false,true,-0.65,0,"單日成交金額低於5,000萬元；ETF短中期同步減碼；當下除權息調整價未守20日EMA"
481,6690,安碁資訊,TPEX,數位雲端,不建立部位,保護持有,protect,今天不新增部位；未完成確認前不機械式賣出,下一交易日收盤，確認是否收復防守區,已有部位暫停加碼；若收盤跌破60日EMA約 165.47，且下一交易日仍未收復，先減碼三分之一；若ETF或外資繼續轉弱，再分批降低部位。,未觸發明確減碼訊號,50.1,57.6,66.7,85,70,可用,164,164,8.89,14.33,14.18,37.1,213.57,5.1,15.02,1.63,5.47,1,0,0,0,0,0,0,-4,-4,-4,-4,0,0,0,0,0,0,0,0,0,4.21,,,,,-4,-4,-4,-4,49.4,46.94,46.4,48.01,false,false,-0.05,-0.3,"單日成交金額低於5,000萬元；外資持股趨勢資料不足或期間有非市場異動；當下除權息調整價未守20日EMA"
482,2731,雄獅,TWSE,觀光餐旅,不建立部位,保護持有,protect,今天不新增部位；未完成確認前不機械式賣出,下一交易日收盤，確認是否收復防守區,已有部位暫停加碼；若收盤跌破60日EMA約 148.33，且下一交易日仍未收復，先減碼三分之一；若ETF或外資繼續轉弱，再分批降低部位。,價格跌破60日EMA且20日趨勢向下,48.6,57.1,54.8,85,100,完整,143.5,143.5,13.41,10.33,4.43,65.83,134.89,7.27,8.86,3.01,8.89,2,0,0,0,0,-2,0,7,44.432,-97.71600000000001,-1558.1480000000001,0,0,-31,-229.377,0,0,0,-9.012,-9.873000000000001,8.6,8,10,-15,,9,53.444,-56.84300000000002,-1301.281,42.58,45.98,53.04,31.88,false,true,-0.9,-1.37,"單日成交金額低於5,000萬元；中期趨勢仍向下；20日趨勢尚未上彎；當下除權息調整價未守20日EMA"
483,3708,上緯投控,TWSE,綠能環保,不建立部位,保護持有,protect,今天不新增部位；未完成確認前不機械式賣出,下一交易日收盤，確認是否收復防守區,已有部位暫停加碼；若收盤跌破60日EMA約 104.80，且下一交易日仍未收復，先減碼三分之一；若ETF或外資繼續轉弱，再分批降低部位。,未觸發明確減碼訊號,57.6,57.1,65.5,85,100,完整,100.5,100.5,100.18,8.19,-7.81,13.77,187.94,-0.87,2.48,0.42,6.34,2,0,0,0,0,-4,0,127.818,24.05600000000001,-198.28,1218.261,0,0,0,-4,0,0,0,-34.842,-25.232,8.05,30,-94,-513,,131.039,58.897999999999996,-173.04800000000003,1259.1619999999998,47.65,28.79,43.53,-0.69,false,false,-0.94,-0.99,"單日成交金額低於5,000萬元；當下除權息調整價未守20日EMA；單季稅前獲利對營業外貢獻依賴偏高"
484,2474,可成,TWSE,其他電子業,不建立部位,優先降低風險,risk,依風險與流動性分批降低部位,風險解除且基本面與趨勢重新確認後,已有部位應優先降低曝險；目前觸發「單月與累計營收同步明顯衰退」。待事件解除或基本面重新確認後再評估。,單月與累計營收同步明顯衰退,68.7,56.9,55.5,85,100,完整,213.5,213.5,-34.29,-31.97,4.51,38.16,133.88,5.14,13.87,0.81,4.93,24,-6,-93,-88,320,262,0,1073.784,889.2580000000002,-437.8019999999997,1256.2749999999999,7,-2.2379999999999995,399.762,656.308,2,3,-466623,-337.505,-476.47099999999995,14.83,1100,55,-1890,,1170.556,1229.0010000000002,-361.0929999999999,1209.973,71.97,88.27,81.45,101.9,false,false,5.19,4.4,營收動能同步衰退；累計營收負成長且當月改善不足；20日累積後5日轉為調節；ETF 1/3日已轉為減碼；單季稅前獲利對營業外貢獻依賴偏高
485,4979,華星光,TPEX,通信網路業,不建立部位,優先降低風險,risk,依風險與流動性分批降低部位,風險解除且基本面與趨勢重新確認後,已有部位應優先降低曝險；目前觸發「處置或交易限制事件」。待事件解除或基本面重新確認後再評估。,處置或交易限制事件,60.2,56.7,56.6,85,91.3,可用,600,600,31.01,17.64,19.62,28.96,353.35,2.91,99.67,19.53,0.35,6,0,1283,1761,1872,3161,749,-15.663,-15.663,-15.663,-15.663,-411,-411,-411,-411,0,1,-250299000,108.973,108.973,17.63,,,,,286.364,286.364,286.364,286.364,61.84,68.13,69.15,66.09,false,true,8.53,-0.17,處置或交易限制風險；外資持股趨勢資料不足或期間有非市場異動
486,1720,生達,TWSE,生技醫療業,不建立部位,保護持有,protect,今天不新增部位；未完成確認前不機械式賣出,下一交易日收盤，確認是否收復防守區,已有部位暫停加碼；若收盤跌破60日EMA約 56.93，且下一交易日仍未收復，先減碼三分之一；若ETF或外資繼續轉弱，再分批降低部位。,價格跌破60日EMA且20日趨勢向下,43.2,56.5,73.6,85,100,可用,56.1,56.1,6.35,2.29,21.32,24.3,218.16,2.49,9.86,1.64,5.29,1,0,0,0,-1,-1,0,-122.244,-303.79499999999996,-58.97699999999998,-638.145,0,0,-1,-1,0,0,0,2.097999999999999,8.915999999999999,5.07,-114,624,671,,-118.2,-305.893,-66.89299999999999,-635.758,42.32,40.1,53.4,13.51,false,true,-1.03,-1.92,"單日成交金額低於5,000萬元；中期趨勢仍向下；外資持股趨勢資料不足或期間有非市場異動；20日趨勢尚未上彎；當下除權息調整價未守20日EMA"
487,2477,美隆電,TWSE,其他電子業,不建立部位,保護持有,protect,今天不新增部位；未完成確認前不機械式賣出,下一交易日收盤，確認是否收復防守區,已有部位暫停加碼；若收盤跌破60日EMA約 21.51，且下一交易日仍未收復，先減碼三分之一；若ETF或外資繼續轉弱，再分批降低部位。,外資持股5/10日下降且外資5日賣超,58,56.5,51.9,85,100,完整,21.6,21.6,34.11,-1.03,0.92,49.41,199.41,0.17,24.89,0.85,6.39,1,0,0,0,0,-4,0,-244.998,-331.998,-410.998,-431.23599999999993,0,0,0,-4.542,0,0,0,-0.9980000000000002,2.002,23.55,-204,-286,-391,,-240,-331,-413,-408.696,54.72,44.41,33.26,66.72,false,false,1.81,4.85,"單日成交金額低於5,000萬元；外資持股5/10日下降，且外資5日賣超；20日趨勢尚未上彎；單季稅前獲利對營業外貢獻依賴偏高"
488,2501,國建,TWSE,建材營造,不建立部位,保護持有,protect,今天不新增部位；未完成確認前不機械式賣出,下一交易日收盤，確認是否收復防守區,已有部位暫停加碼；若收盤跌破60日EMA約 23.03，且下一交易日仍未收復，先減碼三分之一；若ETF或外資繼續轉弱，再分批降低部位。,外資持股5/10日下降且外資5日賣超,48,56.5,58.1,85,100,完整,22.5,22.5,119.67,35.31,15.98,62.17,168.24,1.43,7.79,0.81,5.37,1,0,0,0,-2,-568,0,-882.282,-3357.6800000000003,-2697.270000000001,-3485.8370000000004,0,0,-2,-568,0,0,0,17.503,10.224,12.11,-848,-3334,-3205,,-874.378,-3375.1830000000004,-2705.4940000000006,-2834.2790000000005,45.07,21.61,34.64,-4.44,false,false,-1.05,-1.75,"單日成交金額低於5,000萬元；外資持股5/10日下降，且外資5日賣超；當下除權息調整價未守20日EMA"
489,4568,科際精密,TPEX,電機機械,不建立部位,保護持有,protect,今天不新增部位；未完成確認前不機械式賣出,下一交易日收盤，確認是否收復防守區,已有部位暫停加碼；若收盤跌破60日EMA約 40.16，且下一交易日仍未收復，先減碼三分之一；若ETF或外資繼續轉弱，再分批降低部位。,未觸發明確減碼訊號,51.6,56.5,58.4,85,65,最低門檻,40.1,39.45,28.44,4.56,2.91,38.03,248.44,0.51,22.17,1.2,4.96,1,0,0,0,0,2,0,0,0,0,0,0,0,0,0,0,0,0,0,0,19.96,,,,,0,0,0,0,56.68,90.74,79.01,114.19,false,false,0.88,1.26,"單日成交金額低於5,000萬元；外資持股趨勢資料不足或期間有非市場異動；當下除權息調整價未守20日EMA"
490,4523,永彰,TPEX,電機機械,不建立部位,保護持有,protect,今天不新增部位；未完成確認前不機械式賣出,下一交易日收盤，確認是否收復防守區,已有部位暫停加碼；若收盤跌破60日EMA約 25.92，且下一交易日仍未收復，先減碼三分之一；若ETF或外資繼續轉弱，再分批降低部位。,價格跌破60日EMA且20日趨勢向下,42,56.1,60.6,85,70,可用,24.1,24.1,106.54,75.86,-9.59,39.83,166.11,-0.92,0.89,0.85,11.1,1,0,1,1,1,1,0,-3.234,-3.234,-3.234,-3.234,0,0,0,0,0,0,0,-0.234,-0.234,3.36,,,,,-3,-3,-3,-3,41,36.3,27.5,53.91,false,false,-1.44,0.84,"單日成交金額低於5,000萬元；中期趨勢仍向下；外資持股趨勢資料不足或期間有非市場異動；20日趨勢尚未上彎；當下除權息調整價未守20日EMA"
491,2497,怡利電,TWSE,汽車工業,不建立部位,保護持有,protect,今天不新增部位；未完成確認前不機械式賣出,下一交易日收盤，確認是否收復防守區,已有部位暫停加碼；若收盤跌破60日EMA約 50.75，且下一交易日仍未收復，先減碼三分之一；若ETF或外資繼續轉弱，再分批降低部位。,外資持股5/10日下降且外資5日賣超,51.3,56,50.8,85,100,完整,45.2,45.2,16.54,20.16,8.69,55.57,125.63,1.59,14.11,2.01,4.44,1,0,10,10,10,10,0,-62.768,-69.62800000000001,-360.225,-651.3210000000001,0,10,10,10,1,0,450000,-17.01,-18.657000000000004,3.09,-61,-40,-407,,-62,-62.617999999999995,-351.568,-576.607,38.49,47.93,43.23,57.34,false,false,-3,-0.11,"單日成交金額低於5,000萬元；外資持股5/10日下降，且外資5日賣超；當下除權息調整價未守20日EMA"
492,6143,振曜,TPEX,通信網路業,不建立部位,保護持有,protect,今天不新增部位；未完成確認前不機械式賣出,下一交易日收盤，確認是否收復防守區,已有部位暫停加碼；若收盤跌破60日EMA約 92.69，且下一交易日仍未收復，先減碼三分之一；若ETF或外資繼續轉弱，再分批降低部位。,未觸發明確減碼訊號,46.5,56,64.8,85,100,可用,88.5,88.5,5.16,15.83,10.45,43.35,196.37,3.03,11.26,2.69,6.77,1,0,0,0,0,-1,0,-33.12,-33.12,-33.12,-33.12,0,0,0,0,0,0,0,-1,-1,5.48,,,,,-32.12,-32.12,-32.12,-32.12,42.33,23.09,32.19,4.9,false,true,-1.82,-0.78,"單日成交金額低於5,000萬元；外資持股趨勢資料不足或期間有非市場異動；當下除權息調整價未守20日EMA"
493,6561,是方,TPEX,通信網路業,不建立部位,保護持有,protect,今天不新增部位；未完成確認前不機械式賣出,下一交易日收盤，確認是否收復防守區,已有部位暫停加碼；若收盤跌破60日EMA約 329.88，且下一交易日仍未收復，先減碼三分之一；若ETF或外資繼續轉弱，再分批降低部位。,價格跌破60日EMA且20日趨勢向下,49.8,55.9,55.2,85,100,可用,322.5,322.5,18.04,0,37.23,53.51,68.34,7.57,21.37,7.57,4.45,3,0,2,2,2,2,0,-9.941,-9.941,-9.941,-9.941,0,0,0,0,0,0,0,-1.259,-1.259,7.05,,,,,-8.682,-8.682,-8.682,-8.682,47.76,49.29,44.59,58.69,false,false,-0.14,0.16,"單日成交金額低於5,000萬元；中期趨勢仍向下；外資持股趨勢資料不足或期間有非市場異動；20日趨勢尚未上彎；當下除權息調整價未守20日EMA"
494,1726,永記,TWSE,化學工業,不建立部位,降低部位,trim,停止加碼；反彈未站回恢復區時分批減碼,每個交易日收盤後，確認是否站回恢復區,已有部位先停止加碼。反彈若仍未站回 77.59，分批降低部位；只有站回且ETF／外資賣壓收斂後才重新評估。,價格跌破60日EMA且20日趨勢向下；外資持股5/10日下降且外資5日賣超,45.7,55.8,71.6,85,100,完整,77,77,11.56,4.27,13.07,18.14,405.41,3.66,12.09,1.19,4.77,1,0,0,0,0,0,0,-22,-34.237,-76.66300000000001,-128.71300000000002,0,0,0,0,0,0,0,2,2,12.62,-24,-36,-79,,-24,-36.237,-78.66300000000001,-124.71300000000001,44.23,53.09,58.63,42.01,false,true,-0.68,-0.65,"單日成交金額低於5,000萬元；中期趨勢仍向下；外資持股5/10日下降，且外資5日賣超；20日趨勢尚未上彎；當下除權息調整價未守20日EMA"
495,6743,安普新,TWSE,其他電子業,不建立部位,保護持有,protect,今天不新增部位；未完成確認前不機械式賣出,下一交易日收盤，確認是否收復防守區,已有部位暫停加碼；若收盤跌破60日EMA約 27.91，且下一交易日仍未收復，先減碼三分之一；若ETF或外資繼續轉弱，再分批降低部位。,未觸發明確減碼訊號,58.4,55.7,36.2,85,100,完整,28,28,50.24,9.62,4.18,75.63,84.26,0,24.86,1.79,10.87,1,0,0,0,0,-5,0,-99.04,178.666,91.25800000000001,-198.665,0,0,0,-4.917,0,0,0,-21,-6,3.62,-131,167,167,,-98.04,199.666,97.25800000000001,-193.65599999999995,55.2,74.88,61.22,102.2,false,false,3.77,10.24,"單日成交金額低於5,000萬元；20日趨勢尚未上彎"
496,8936,國統,TPEX,其他,不建立部位,降低部位,trim,停止加碼；反彈未站回恢復區時分批減碼,每個交易日收盤後，確認是否站回恢復區,已有部位先停止加碼。反彈若仍未站回 52.62，分批降低部位；只有站回且ETF／外資賣壓收斂後才重新評估。,價格跌破60日EMA且20日趨勢向下；ETF 5/10日同步減碼,42.2,55.5,67.1,85,100,可用,50.8,50.8,5.81,17.86,19.11,43.73,183.13,1.87,11.68,1.99,5.92,1,0,-6,-9,-21,-36,0,-136.484,-136.484,-136.484,-136.484,0,0,0,0,0,0,0,-8.484,-8.484,10.4,,,,,-128,-128,-128,-128,41.87,46.63,53.18,33.52,false,true,-1.08,-0.59,"單日成交金額低於5,000萬元；中期趨勢仍向下；ETF短中期同步減碼；外資持股趨勢資料不足或期間有非市場異動；20日趨勢尚未上彎；當下除權息調整價未守20日EMA"
497,4755,三福化,TWSE,化學工業,不建立部位,保護持有,protect,今天不新增部位；未完成確認前不機械式賣出,下一交易日收盤，確認是否收復防守區,已有部位暫停加碼；若收盤跌破60日EMA約 124.74，且下一交易日仍未收復，先減碼三分之一；若ETF或外資繼續轉弱，再分批降低部位。,外資持股5/10日下降且外資5日賣超,56.2,55.3,50.4,85,100,可用,120,120,12.89,0.25,10.78,33.59,165.2,2.33,25.71,1.74,3.14,2,0,0,0,0,12,0,-34,-106.55199999999999,-120.07399999999998,-69.148,0,0,0,10,0,0,0,-1,-9.299,23.15,-24,-118,-239,,-33,-105.55199999999999,-110.77499999999999,-69.083,52.51,59.94,56.27,67.27,false,false,1.83,4.35,"單日成交金額低於5,000萬元；外資持股5/10日下降，且外資5日賣超"
498,2414,精技,TWSE,電子通路業,不建立部位,降低部位,trim,停止加碼；反彈未站回恢復區時分批減碼,每個交易日收盤後，確認是否站回恢復區,已有部位先停止加碼。反彈若仍未站回 54.60，分批降低部位；只有站回且ETF／外資賣壓收斂後才重新評估。,價格跌破60日EMA且20日趨勢向下；ETF 5/10日同步減碼；外資持股5/10日下降且外資5日賣超,44.8,55.2,48.1,85,100,完整,52.3,52.3,25.35,42.94,2.85,76.08,120,2.53,12.6,2.66,5.79,1,0,-2,-2,-4,-10,0,-44,-241.551,-700.5509999999999,-1557.081,0,-2,-4,-10,0,1,-103600,-7.693,-26.692999999999998,4.22,-30,-249,-542,,-42,-231.858,-669.858,-1403.388,42,33.37,26.22,47.66,true,true,-1.93,1.16,"單日成交金額低於5,000萬元；中期趨勢仍向下；ETF短中期同步減碼；外資持股5/10日下降，且外資5日賣超；20日趨勢尚未上彎；當下除權息調整價未守20日EMA"
499,2020,美亞,TWSE,鋼鐵工業,不建立部位,優先降低風險,risk,依風險與流動性分批降低部位,風險解除且基本面與趨勢重新確認後,已有部位應優先降低曝險；目前觸發「單月與累計營收同步明顯衰退」。待事件解除或基本面重新確認後再評估。,單月與累計營收同步明顯衰退,56,55.1,50,85,73,可用,21.9,21.9,-62.27,-19.32,15.97,54.52,145.53,1.02,10.53,1.37,8.26,1,0,0,0,0,1,0,-8,142.481,495.28999999999996,422.25600000000014,0,0,0,0,0,0,0,-10,-24,1.93,-7,158,485,,-7,152.481,519.29,489.5190000000001,59.13,64.59,70.46,52.85,false,false,1.2,0.23,"單日成交金額低於5,000萬元；營收動能同步衰退；累計營收負成長且當月改善不足"
500,2546,根基,TWSE,建材營造,不建立部位,保護持有,protect,今天不新增部位；未完成確認前不機械式賣出,下一交易日收盤，確認是否收復防守區,已有部位暫停加碼；若收盤跌破60日EMA約 93.34，且下一交易日仍未收復，先減碼三分之一；若ETF或外資繼續轉弱，再分批降低部位。,未觸發明確減碼訊號,56.7,55,48.9,85,100,可用,104,104,5.52,18.75,12.17,61.6,158.04,8.89,7.12,2.12,5.63,3,0,0,0,0,88,0,8.418,-51.370000000000005,199.49300000000002,320.83900000000006,0,0,0,56,0,0,0,-18.677,-46.93700000000001,4.2,13,528,744,,8.418,-32.693,246.43,299.49,56.1,23.17,39.07,-8.62,false,false,1.01,-3.26,"單日成交金額低於5,000萬元；外資持股趨勢資料不足或期間有非市場異動"
501,2480,敦陽科,TWSE,資訊服務業,不建立部位,保護持有,protect,今天不新增部位；未完成確認前不機械式賣出,下一交易日收盤，確認是否收復防守區,已有部位暫停加碼；若收盤跌破60日EMA約 155.96，且下一交易日仍未收復，先減碼三分之一；若ETF或外資繼續轉弱，再分批降低部位。,價格跌破60日EMA且20日趨勢向下,50.9,54.8,51.3,85,100,完整,155.5,155.5,22.36,15.96,12.11,65.42,134.32,4.91,17.92,5.1,4.97,5,0,2,1,0,-10,0,34.217,38.521,223.516,798.7480000000002,0,0.845,-0.15500000000000003,-9.805,1,1,132665,2.9179999999999997,3.4759999999999995,11.42,35,40,246,,35.901,34.75800000000002,220.19500000000002,811.76,46.25,27.69,37.29,8.49,false,false,-1.17,-2.2,"單日成交金額低於5,000萬元；中期趨勢仍向下；20日趨勢尚未上彎；當下除權息調整價未守20日EMA"
502,3679,新至陞,TWSE,電子零組件業,不建立部位,保護持有,protect,今天不新增部位；未完成確認前不機械式賣出,下一交易日收盤，確認是否收復防守區,已有部位暫停加碼；若收盤跌破60日EMA約 111.21，且下一交易日仍未收復，先減碼三分之一；若ETF或外資繼續轉弱，再分批降低部位。,價格跌破60日EMA且20日趨勢向下,44.7,54.8,68.4,85,100,完整,108,108,18.38,-6.8,17.76,48.94,241.4,4.18,9.18,1.41,8.29,1,0,0,0,0,-1,0,-6,0.40600000000000014,59.494,96.20400000000001,0,0,0,-1.26,0,0,0,-3.594,-2.594,8.62,-7,4,51,,-7,4,62.088,104.05800000000002,43.99,30.24,29.39,31.96,true,false,-1.04,-1.37,"單日成交金額低於5,000萬元；中期趨勢仍向下；20日趨勢尚未上彎；當下除權息調整價未守20日EMA"
503,2425,承啟,TWSE,電腦及週邊設備業,不建立部位,降低部位,trim,停止加碼；反彈未站回恢復區時分批減碼,每個交易日收盤後，確認是否站回恢復區,已有部位先停止加碼。反彈若仍未站回 40.35，分批降低部位；只有站回且ETF／外資賣壓收斂後才重新評估。,價格跌破60日EMA且20日趨勢向下；ETF 5/10日同步減碼,43.6,54.4,51.6,85,100,完整,37.45,37.45,143.6,120.82,0.61,54.62,183.31,0.68,21.01,1.43,0.27,1,0,-2,-2,-3,-8,0,-70.919,286.982,741.7710000000001,-5499.105,0,-2,-3,-8,0,1,-74800,3.3129999999999997,16.957,5.48,-31,361,941,,-70.919,285.669,727.8140000000001,-5522.741999999999,38.86,27.99,24.63,34.71,false,false,-6.64,-0.79,"單日成交金額低於5,000萬元；中期趨勢仍向下；ETF短中期同步減碼；20日趨勢尚未上彎；當下除權息調整價未守20日EMA；單季稅前獲利對營業外貢獻依賴偏高"
504,4137,麗豐-KY,TWSE,生技醫療業,不建立部位,降低部位,trim,停止加碼；反彈未站回恢復區時分批減碼,每個交易日收盤後，確認是否站回恢復區,已有部位先停止加碼。反彈若仍未站回 95.72，分批降低部位；只有站回且ETF／外資賣壓收斂後才重新評估。,價格跌破60日EMA且20日趨勢向下；外資持股5/10日下降且外資5日賣超,38.9,54.3,66.4,85,100,完整,83.4,83.4,2.76,7.74,14.8,50.68,163.86,2.92,12.47,1.41,11.88,2,0,0,0,0,-2,0,-93.303,-432.63199999999995,-628.5469999999999,-1120.9459999999997,0,0,0,-2.7249999999999996,0,0,0,-47.004999999999995,-84.99999999999999,53.86,-52,-255,-368,,-88.769,-385.627,-543.5469999999999,-992.6959999999998,19.42,4.34,6.47,0.07,false,false,-7,-4.58,"單日成交金額低於5,000萬元；中期趨勢仍向下；外資持股5/10日下降，且外資5日賣超；20日趨勢尚未上彎；當下除權息調整價未守20日EMA"
505,5236,凌陽創新,TWSE,半導體業,不建立部位,保護持有,protect,今天不新增部位；未完成確認前不機械式賣出,下一交易日收盤，確認是否收復防守區,已有部位暫停加碼；若收盤跌破60日EMA約 147.37，且下一交易日仍未收復，先減碼三分之一；若ETF或外資繼續轉弱，再分批降低部位。,價格跌破60日EMA且20日趨勢向下,47.9,54.3,68.4,85,100,完整,137,137,-1.5,14.76,33.2,30.49,329.86,5.86,13.1,3.26,6.69,1,0,0,0,10,-11,0,-9.548,-19.339000000000002,-251.07000000000002,-508.16700000000003,0,0,10,-11,0,0,0,-7.018999999999999,-17.198,6.22,-5,10,-201,,-8.32,-12.32,-243.872,-475.73400000000004,42.31,41.54,36.82,50.97,true,true,-1.68,0.37,"單日成交金額低於5,000萬元；中期趨勢仍向下；20日趨勢尚未上彎；當下除權息調整價未守20日EMA"
506,6115,鎰勝,TWSE,電子零組件業,不建立部位,降低部位,trim,停止加碼；反彈未站回恢復區時分批減碼,每個交易日收盤後，確認是否站回恢復區,已有部位先停止加碼。反彈若仍未站回 45.78，分批降低部位；只有站回且ETF／外資賣壓收斂後才重新評估。,價格跌破60日EMA且20日趨勢向下；外資持股5/10日下降且外資5日賣超,45.3,54.1,65.1,85,100,完整,44.1,44.1,11.92,11.81,9.05,40.04,214.74,1.48,12.76,1.6,6.41,1,0,0,0,0,0,0,-113,-283,-397,-351,0,0,0,0,0,0,0,-34,-32,5.18,-122,-231,-322,,-109,-249,-365,-321,36.07,19.65,14.93,29.08,true,false,-1.15,0.11,"單日成交金額低於5,000萬元；中期趨勢仍向下；外資持股5/10日下降，且外資5日賣超；20日趨勢尚未上彎；當下除權息調整價未守20日EMA"
507,2547,日勝生,TWSE,建材營造,不建立部位,降低部位,trim,停止加碼；反彈未站回恢復區時分批減碼,每個交易日收盤後，確認是否站回恢復區,已有部位先停止加碼。反彈若仍未站回 10.42，分批降低部位；只有站回且ETF／外資賣壓收斂後才重新評估。,價格跌破60日EMA且20日趨勢向下；外資持股5/10日下降且外資5日賣超,46.5,54,45.1,85,100,完整,9.98,9.98,152.25,60.16,17.73,77.43,77.87,0.01,83,0.77,8.03,1,0,0,0,0,-34,0,-1277.611,-1581.8960000000002,-474.7960000000003,-171.00000000000045,0,13,13,-20.927,1,0,129480,-203.978,-246.978,13.78,-1227,-1300,-1703,,-1249,-1390.9180000000001,-240.8180000000002,73.5920000000001,40.03,16.01,26.63,-5.21,false,false,-2.03,-0.7,"單日成交金額低於5,000萬元；中期趨勢仍向下；外資持股5/10日下降，且外資5日賣超；20日趨勢尚未上彎；當下除權息調整價未守20日EMA"
508,1907,永豐餘,TWSE,造紙工業,不建立部位,保護持有,protect,今天不新增部位；未完成確認前不機械式賣出,下一交易日收盤，確認是否收復防守區,已有部位暫停加碼；若收盤跌破60日EMA約 28.62，且下一交易日仍未收復，先減碼三分之一；若ETF或外資繼續轉弱，再分批降低部位。,未觸發明確減碼訊號,57.9,53.8,43.4,85,100,完整,29.85,29.85,7.28,4.85,0.15,43.8,126.95,0.47,17.56,0.54,3.35,3,0,0,0,0,199,0,95.125,-434.35299999999995,2232.2720000000004,5436.660000000001,0,2,2,200.568,1,0,59700,78.2,185.2,12.99,109,-680,1801,,89.125,-514.553,2045.072,5180.892,51.71,35.05,50.55,4.04,false,true,-0.25,-1.97,"單日成交金額低於5,000萬元；當下除權息調整價未守20日EMA；單季稅前獲利對營業外貢獻依賴偏高"
509,1434,福懋,TWSE,紡織纖維,不建立部位,保護持有,protect,今天不新增部位；未完成確認前不機械式賣出,下一交易日收盤，確認是否收復防守區,已有部位暫停加碼；若收盤跌破60日EMA約 17.60，且下一交易日仍未收復，先減碼三分之一；若ETF或外資繼續轉弱，再分批降低部位。,未觸發明確減碼訊號,63.7,53.5,50.6,85,85,完整,18.35,18.35,-1.54,-4.42,2.41,24.34,260.28,0.5,19.73,0.63,2.75,1,0,0,0,0,4,0,537.941,3953.3269999999998,6377.8859999999995,7996.508000000001,0,1,-8,-3.808,1,0,18150,60.172999999999995,58.11699999999999,8.47,548,3698,5698,,542.941,3892.154,6327.769,8024.7880000000005,59.06,69.06,61.36,84.46,true,true,2.73,3.67,"單日成交金額低於5,000萬元；累計營收負成長且當月改善不足；單季稅前獲利對營業外貢獻依賴偏高"
510,7722,LINEPAY,TWSE,數位雲端,不建立部位,保護持有,protect,今天不新增部位；未完成確認前不機械式賣出,下一交易日收盤，確認是否收復防守區,已有部位暫停加碼；若收盤跌破60日EMA約 287.48，且下一交易日仍未收復，先減碼三分之一；若ETF或外資繼續轉弱，再分批降低部位。,ETF 5/10日同步減碼,47.8,53.2,47.2,85,100,完整,280.5,280.5,13.18,14.66,6.41,56.57,181.62,4.35,33.93,1.76,0.7,1,0,-1,-1,-1,-2,0,-2.477,37.083999999999996,49.349999999999994,-6.470000000000003,0,-1,-1,-2,0,1,-285000,1.311,2.5780000000000003,58.8,0,44,17,,-1.066,36.773,47.772,-19.607999999999997,47.18,52.56,53.23,51.23,false,true,-1.18,-0.88,"單日成交金額低於5,000萬元；ETF短中期同步減碼；當下除權息調整價未守20日EMA"
511,2010,春源,TWSE,鋼鐵工業,不建立部位,保護持有,protect,今天不新增部位；未完成確認前不機械式賣出,下一交易日收盤，確認是否收復防守區,已有部位暫停加碼；若收盤跌破60日EMA約 22.53，且下一交易日仍未收復，先減碼三分之一；若ETF或外資繼續轉弱，再分批降低部位。,未觸發明確減碼訊號,48.5,52.9,57.1,85,100,完整,22.45,22.45,-0.95,5.9,7.89,45.34,176.99,1.35,9.04,1.17,8.81,1,0,0,0,-2,-2,0,181.795,416.894,1445.461,6113.563,0,0,-2,-2,0,0,0,-33,17,8.71,176,423,1442,,175.795,449.894,1430.461,6188.740999999999,50.15,36.49,50.87,7.73,false,true,-0.29,-0.88,"單日成交金額低於5,000萬元；當下除權息調整價未守20日EMA"
512,4933,友輝,TPEX,光電業,不建立部位,優先降低風險,risk,依風險與流動性分批降低部位,風險解除且基本面與趨勢重新確認後,已有部位應優先降低曝險；目前觸發「單月與累計營收同步明顯衰退」。待事件解除或基本面重新確認後再評估。,單月與累計營收同步明顯衰退,46.9,52.8,73.4,85,100,可用,55.1,55.1,-29.49,-10.51,16.56,25.33,348.18,2.91,7.63,1.18,5.25,1,0,0,0,0,10,0,-26.241,-26.241,-26.241,-26.241,0,0,0,0,0,0,0,0.759,0.759,7.67,,,,,-27,-27,-27,-27,46.4,74.8,67.22,89.95,false,false,0.04,2.99,"單日成交金額低於5,000萬元；營收動能同步衰退；累計營收負成長且當月改善不足；外資持股趨勢資料不足或期間有非市場異動"
513,2535,達欣工,TWSE,建材營造,不建立部位,保護持有,protect,今天不新增部位；未完成確認前不機械式賣出,下一交易日收盤，確認是否收復防守區,已有部位暫停加碼；若收盤跌破60日EMA約 87.88，且下一交易日仍未收復，先減碼三分之一；若ETF或外資繼續轉弱，再分批降低部位。,外資持股5/10日下降且外資5日賣超,56.3,52.7,44.7,85,100,完整,89.2,89.2,20.63,22.05,9.12,64.06,185.27,6.32,8.84,2.17,5.09,2,0,0,0,0,85,0,-0.461,-135.971,-4.897999999999989,-308.942,0,0,-1,84,0,0,0,-16.674,-25.683,7.01,-1,-138,-16,,-3.286,-119.29700000000001,21.785000000000004,-349.547,48.1,42.49,54.27,18.92,false,true,-0.91,-1.11,"單日成交金額低於5,000萬元；外資持股5/10日下降，且外資5日賣超；當下除權息調整價未守20日EMA"
514,3163,波若威,TPEX,通信網路業,不建立部位,優先降低風險,risk,依風險與流動性分批降低部位,風險解除且基本面與趨勢重新確認後,已有部位應優先降低曝險；目前觸發「處置或交易限制事件」。待事件解除或基本面重新確認後再評估。,處置或交易限制事件,57,52.4,51.4,85,100,可用,761,761,28.65,18.96,3.61,25.12,374.74,3.5,75.61,18.16,0.47,2,0,0,0,0,0,0,144.055,144.055,144.055,144.055,0,0,0,0,0,0,0,89.101,89.101,10.63,,,,,54.954,54.954,54.954,54.954,56.64,60.32,65.99,48.97,false,true,5.02,-1.17,處置或交易限制風險；外資持股趨勢資料不足或期間有非市場異動；單季稅前獲利對營業外貢獻依賴偏高
515,2401,凌陽,TWSE,半導體業,不建立部位,保護持有,protect,今天不新增部位；未完成確認前不機械式賣出,下一交易日收盤，確認是否收復防守區,已有部位暫停加碼；若收盤跌破60日EMA約 27.22，且下一交易日仍未收復，先減碼三分之一；若ETF或外資繼續轉弱，再分批降低部位。,外資持股5/10日下降且外資5日賣超,51.8,52,53.1,85,100,完整,25.45,25.45,37.59,22.12,9.83,27.75,359.89,0.35,252.5,1.76,,2,0,0,0,230,170,0,-808.377,-1047.735,-5309.877,-5673.603000000003,0,0,230,170,0,0,0,49.50500000000001,-63.261999999999986,17.17,-719,-935,-5607,,-746.718,-1097.24,-5476.615,-6191.871,42.51,43.31,37.92,54.08,false,false,-2.71,1.19,"單日成交金額低於5,000萬元；外資持股5/10日下降，且外資5日賣超；當下除權息調整價未守20日EMA"
516,9938,百和,TWSE,其他,不建立部位,降低部位,trim,停止加碼；反彈未站回恢復區時分批減碼,每個交易日收盤後，確認是否站回恢復區,已有部位先停止加碼。反彈若仍未站回 43.98，分批降低部位；只有站回且ETF／外資賣壓收斂後才重新評估。,價格跌破60日EMA且20日趨勢向下；ETF 5/10日同步減碼；外資持股5/10日下降且外資5日賣超,43.1,52,57.1,85,100,完整,41.6,41.6,15.99,2.26,11.5,53.33,110.43,1.36,12.88,0.96,7.17,3,0,-7,-11,-38,-3238,0,-202.805,-267.23500000000007,224.42600000000004,-4129.763,0,-5.547000000000001,-32.547,-3232.434,1,2,-232142,-45.132,69.705,7.85,-36,-525,-202,,-179.778,-216.55600000000004,187.26799999999992,-595.1070000000001,36,46.59,61.79,16.2,false,true,-2.53,-2.23,"單日成交金額低於5,000萬元；中期趨勢仍向下；ETF短中期同步減碼；外資持股5/10日下降，且外資5日賣超；20日趨勢尚未上彎；當下除權息調整價未守20日EMA"
517,2597,潤弘,TWSE,建材營造,不建立部位,保護持有,protect,今天不新增部位；未完成確認前不機械式賣出,下一交易日收盤，確認是否收復防守區,已有部位暫停加碼；若收盤跌破60日EMA約 167.31，且下一交易日仍未收復，先減碼三分之一；若ETF或外資繼續轉弱，再分批降低部位。,未觸發明確減碼訊號,59.3,51.7,34,85,100,完整,170.5,170.5,3.13,13.32,13.16,68.77,112.85,5.08,14.67,7.14,5.65,5,0,0,0,-1,-3,0,25.763,352.206,534.9190000000001,1028,0,0,-1,-2.6430000000000002,0,0,0,-1.7960000000000003,-0.9670000000000005,2.16,-12,24,-233,,28.116,354.00199999999995,536.886,1191.9379999999999,56.81,68.58,69.68,66.38,false,true,1.21,1.49,"單日成交金額低於5,000萬元"
518,2903,遠百,TWSE,貿易百貨,不建立部位,保護持有,protect,今天不新增部位；未完成確認前不機械式賣出,下一交易日收盤，確認是否收復防守區,已有部位暫停加碼；若收盤跌破60日EMA約 22.37，且下一交易日仍未收復，先減碼三分之一；若ETF或外資繼續轉弱，再分批降低部位。,未觸發明確減碼訊號,52.6,51.7,44.7,85,100,完整,22.2,22.2,-1.69,-0.48,14.05,73.04,49.46,0.55,15,1.05,5.59,3,0,0,0,817,2256,0,-33,1235.121,11140.871000000001,3148.335000000001,0,1,806,2244.729,1,0,22350,42,34.287,8.14,35,1561,9999,,-25,1192.121,10300.584,510.61000000000104,48.33,40.11,53.67,13,false,false,-0.37,-1.99,"單日成交金額低於5,000萬元；累計營收負成長且當月改善不足；當下除權息調整價未守20日EMA"
519,4549,桓達,TPEX,電機機械,不建立部位,保護持有,protect,今天不新增部位；未完成確認前不機械式賣出,下一交易日收盤，確認是否收復防守區,已有部位暫停加碼；若收盤跌破60日EMA約 99.14，且下一交易日仍未收復，先減碼三分之一；若ETF或外資繼續轉弱，再分批降低部位。,未觸發明確減碼訊號,54,51.2,58.2,85,100,可用,102,102,-8.94,-8.63,23.7,33.36,475.96,2.28,25.31,3.11,3.11,1,0,0,0,0,0,0,-20.11,-20.11,-20.11,-20.11,0,0,0,0,0,0,0,0.814,0.814,3.63,,,,,-20.924,-20.924,-20.924,-20.924,58.31,60.13,64.73,50.92,false,false,2.67,0,"單日成交金額低於5,000萬元；累計營收負成長且當月改善不足；外資持股趨勢資料不足或期間有非市場異動"
520,8436,大江,TPEX,生技醫療業,不建立部位,優先降低風險,risk,依風險與流動性分批降低部位,風險解除且基本面與趨勢重新確認後,已有部位應優先降低曝險；目前觸發「單月與累計營收同步明顯衰退」。待事件解除或基本面重新確認後再評估。,單月與累計營收同步明顯衰退,56.7,51.2,55.9,85,100,可用,115.5,115.5,-12.19,-2.53,18.09,36.7,169.74,4.13,14.32,1.81,4.77,4,50,153,308,358,430,313,-5.519,-5.519,-5.519,-5.519,50,50,50,50,1,0,6300000,-1.519,-1.519,11.34,,,,,-54,-54,-54,-54,38.87,45.65,62.49,11.98,false,true,-5.52,-7.23,營收動能同步衰退；累計營收負成長且當月改善不足；外資持股趨勢資料不足或期間有非市場異動；當下除權息調整價未守20日EMA；2日內除權息，等待價格重置
521,5287,數字,TPEX,數位雲端,不建立部位,保護持有,protect,今天不新增部位；未完成確認前不機械式賣出,下一交易日收盤，確認是否收復防守區,已有部位暫停加碼；若收盤跌破60日EMA約 138.12，且下一交易日仍未收復，先減碼三分之一；若ETF或外資繼續轉弱，再分批降低部位。,未觸發明確減碼訊號,44.7,50.7,63.5,85,100,可用,136.5,137.25,-2.6,-1.84,38.3,39.46,155.27,7.68,8.9,2.95,8.2,1,0,0,13,13,12,0,-55.832,-55.832,-55.832,-55.832,0,0,0,0,0,0,0,-0.832,-0.832,15.37,,,,,-55,-55,-55,-55,43.4,18.45,31.82,-8.29,false,false,-1.39,-4.32,"單日成交金額低於5,000萬元；累計營收負成長且當月改善不足；外資持股趨勢資料不足或期間有非市場異動；當下除權息調整價未守20日EMA"
522,2915,潤泰全,TWSE,貿易百貨,不建立部位,優先降低風險,risk,依風險與流動性分批降低部位,風險解除且基本面與趨勢重新確認後,已有部位應優先降低曝險；目前觸發「外資持股5/10日下降且外資5日賣超」。待事件解除或基本面重新確認後再評估。,外資持股5/10日下降且外資5日賣超；單月與累計營收同步明顯衰退,50.7,50.5,63.1,85,100,完整,56.7,56.7,-18.52,-22.47,6.83,8.24,192.43,8.96,4.03,0.36,3.39,3,0,-2,-2,612,606,0,-1086.423,-2547.0330000000004,174.37300000000005,5934.233000000001,0,-2,612,605.489,0,1,-112000,-237.66599999999997,-376.65899999999993,6.19,-652,-3522,-2794,,-838.895,-2307.367,-60.96800000000053,5628.108,51.65,19.62,36.3,-13.73,false,false,-0.62,-3.9,營收動能同步衰退；累計營收負成長且當月改善不足；20日累積後5日轉為調節；外資持股5/10日下降，且外資5日賣超；當下除權息調整價未守20日EMA；單季稅前獲利對營業外貢獻依賴偏高
523,6462,神盾,TPEX,半導體業,不建立部位,保護持有,protect,今天不新增部位；未完成確認前不機械式賣出,下一交易日收盤，確認是否收復防守區,已有部位暫停加碼；若收盤跌破60日EMA約 104.91，且下一交易日仍未收復，先減碼三分之一；若ETF或外資繼續轉弱，再分批降低部位。,未觸發明確減碼訊號,55.2,50.3,33.8,85,100,可用,101,101,63.86,70.36,-21.7,32.94,114.5,-3.05,,1.23,0,1,0,0,0,0,-15,0,-4.826,-4.826,-4.826,-4.826,0,0,0,0,0,0,0,-4.895,-4.895,11.99,,,,,0.069,0.069,0.069,0.069,51.09,59.14,53.68,70.07,false,false,0.99,1.61,"單日成交金額低於5,000萬元；外資持股趨勢資料不足或期間有非市場異動"
524,2385,群光,TWSE,電子零組件業,不建立部位,優先降低風險,risk,依風險與流動性分批降低部位,風險解除且基本面與趨勢重新確認後,已有部位應優先降低曝險；目前觸發「ETF 5/10日同步減碼」。待事件解除或基本面重新確認後再評估。,ETF 5/10日同步減碼；單月與累計營收同步明顯衰退,55.1,50.1,50.5,85,100,可用,107,107,-12.24,-6.27,5.03,52.04,143.4,5.06,11.95,1.74,6.76,25,-9,-152,-156,-206,-1229,0,351.453,2553.159,4227.454,7177.507,10,-28.433999999999997,-89.59,-2226.434,2,3,-3028221,-127.862,-352.66,23.82,592,3335,5154,,393.371,2709.455,4669.704,10166.007000000003,51.82,52.34,59.26,38.48,false,true,0.67,0.94,營收動能同步衰退；累計營收負成長且當月改善不足；ETF短中期同步減碼；ETF 1/3日已轉為減碼
525,4532,瑞智,TWSE,電機機械,不建立部位,保護持有,protect,今天不新增部位；未完成確認前不機械式賣出,下一交易日收盤，確認是否收復防守區,已有部位暫停加碼；若收盤跌破60日EMA約 24.42，且下一交易日仍未收復，先減碼三分之一；若ETF或外資繼續轉弱，再分批降低部位。,ETF 5/10日同步減碼,45.7,50,48.2,85,100,完整,23.85,23.85,13.98,3.21,5.71,63.36,131.61,1.01,12.62,1.09,6.29,2,0,-13,-19,-51,-92,0,-192.78,-23.550999999999988,587.0409999999999,-1105.1650000000002,0,-19.529,-51.528999999999996,-92.546,0,2,-465767,-36.996,-47.404,18.11,-182,35,742,,-190,32.97399999999999,685.9739999999999,-951.509,44.16,45.87,54.96,27.69,false,true,-0.77,-0.62,"單日成交金額低於5,000萬元；ETF短中期同步減碼；當下除權息調整價未守20日EMA"
526,6122,擎邦,TPEX,電機機械,不建立部位,保護持有,protect,今天不新增部位；未完成確認前不機械式賣出,下一交易日收盤，確認是否收復防守區,已有部位暫停加碼；若收盤跌破60日EMA約 48.61，且下一交易日仍未收復，先減碼三分之一；若ETF或外資繼續轉弱，再分批降低部位。,未觸發明確減碼訊號,46.7,50,48.5,85,100,可用,48.05,48.05,16.11,-2.28,10.87,63.76,146.27,2.19,10.3,2.1,7.08,1,0,0,0,0,-4,0,-23.401,-23.401,-23.401,-23.401,0,0,0,0,0,0,0,-0.401,-0.401,4.9,,,,,-23,-23,-23,-23,48.17,64.21,72.14,48.36,false,true,-0.29,-1.74,"單日成交金額低於5,000萬元；外資持股趨勢資料不足或期間有非市場異動；當下除權息調整價未守20日EMA"
527,9930,中聯資源,TWSE,綠能環保,不建立部位,保護持有,protect,今天不新增部位；未完成確認前不機械式賣出,下一交易日收盤，確認是否收復防守區,已有部位暫停加碼；若收盤跌破60日EMA約 64.56，且下一交易日仍未收復，先減碼三分之一；若ETF或外資繼續轉弱，再分批降低部位。,外資持股5/10日下降且外資5日賣超,51,49.7,50.4,85,100,完整,63.2,63.2,11.94,-4.23,9.79,43.21,90.16,2.16,14.25,2.53,6.35,2,0,0,1,1,1,0,-17.234,-24.687000000000005,22.668999999999993,-315.24,0,1,1,1,1,0,63000,1.3129999999999995,6.074,2.02,-9,-32,-6,,-9,-27,15.594999999999999,-304.036,47.84,44.56,55.11,23.46,false,false,-0.06,0,"單日成交金額低於5,000萬元；外資持股5/10日下降，且外資5日賣超；當下除權息調整價未守20日EMA"
528,2528,皇普,TWSE,建材營造,不建立部位,優先降低風險,risk,依風險與流動性分批降低部位,風險解除且基本面與趨勢重新確認後,已有部位應優先降低曝險；目前觸發「單月與累計營收同步明顯衰退」。待事件解除或基本面重新確認後再評估。,單月與累計營收同步明顯衰退,51.1,49.6,52.4,85,100,完整,19.95,19.95,-33.23,-58.59,23.42,65.26,190.14,0.57,8.13,1.16,15,1,0,0,0,0,-14,0,26,397.979,975.0590000000001,1459.5880000000002,0,0,0,-13.489,0,0,0,-136,-131,1.57,35,194,353,,30,533.979,1106.059,1898.077,47.07,38.52,56.58,2.38,false,true,-1.33,-2.68,"單日成交金額低於5,000萬元；營收動能同步衰退；累計營收負成長且當月改善不足；當下除權息調整價未守20日EMA"
529,2015,豐興,TWSE,鋼鐵工業,不建立部位,保護持有,protect,今天不新增部位；未完成確認前不機械式賣出,下一交易日收盤，確認是否收復防守區,已有部位暫停加碼；若收盤跌破60日EMA約 63.77，且下一交易日仍未收復，先減碼三分之一；若ETF或外資繼續轉弱，再分批降低部位。,未觸發明確減碼訊號,52.8,49.3,57.2,85,100,可用,64.2,64.2,5.45,-9.32,9.45,15.81,342.19,2.36,14.91,1.68,5.17,5,0,0,0,0,42,0,-38,67.44200000000001,391.84400000000005,-216.301,0,0,-1,41.687,0,0,0,-3,-2,12.79,-30,77,394,,-33,70.44200000000001,394.84400000000005,-247.85299999999998,50.3,50.43,63.83,23.64,false,true,-0.11,-0.77,"單日成交金額低於5,000萬元；累計營收負成長且當月改善不足；20日趨勢尚未上彎；當下除權息調整價未守20日EMA"
530,4502,健信,TPEX,電機機械,不建立部位,保護持有,protect,今天不新增部位；未完成確認前不機械式賣出,下一交易日收盤，確認是否收復防守區,已有部位暫停加碼；若收盤跌破60日EMA約 15.73，且下一交易日仍未收復，先減碼三分之一；若ETF或外資繼續轉弱，再分批降低部位。,價格跌破60日EMA且20日趨勢向下,46.3,48.9,32.5,85,70,可用,15.65,15.63,48.21,29.79,-0.63,77.55,94.31,0.2,,1.64,0,1,0,0,0,0,1,0,-1,-1,-1,-1,0,0,0,0,0,0,0,0,0,4.09,,,,,-1,-1,-1,-1,43.35,77.75,79.13,74.98,true,true,-0.28,-0.32,"單日成交金額低於5,000萬元；中期趨勢仍向下；外資持股趨勢資料不足或期間有非市場異動；20日趨勢尚未上彎；當下除權息調整價未守20日EMA；單季稅前獲利對營業外貢獻依賴偏高"
531,2450,神腦,TWSE,通信網路業,不建立部位,降低部位,trim,停止加碼；反彈未站回恢復區時分批減碼,每個交易日收盤後，確認是否站回恢復區,已有部位先停止加碼。反彈若仍未站回 28.73，分批降低部位；只有站回且ETF／外資賣壓收斂後才重新評估。,價格跌破60日EMA且20日趨勢向下；外資持股5/10日下降且外資5日賣超,42.8,48.6,55.3,85,100,完整,28.15,28.15,13.06,15.51,0.89,42.18,178.91,0.67,17.35,1.17,5.52,1,0,0,0,0,0,0,-65,-60.343,-142.34300000000002,-611.543,0,0,0,0,0,0,0,-12.343,-10.343,1.17,-55,-43,-147,,-56,-48,-132,-592.2,41.44,49.76,50.65,47.98,false,true,-0.52,-0.18,"單日成交金額低於5,000萬元；中期趨勢仍向下；外資持股5/10日下降，且外資5日賣超；20日趨勢尚未上彎；當下除權息調整價未守20日EMA"
532,3059,華晶科,TWSE,光電業,不建立部位,保護持有,protect,今天不新增部位；未完成確認前不機械式賣出,下一交易日收盤，確認是否收復防守區,已有部位暫停加碼；若收盤跌破60日EMA約 41.49，且下一交易日仍未收復，先減碼三分之一；若ETF或外資繼續轉弱，再分批降低部位。,未觸發明確減碼訊號,46.9,48.6,55.6,85,100,可用,39.2,39.2,4.71,7.04,6.46,35.86,200.37,0.64,31.39,1.19,2.53,2,0,12,12,14,16,0,-41.629,-605.9920000000001,-820.392,1603.2299999999998,0,12,14,16,1,0,474600,-83.356,-140.42,7.99,-516,-1599,-2336,,-16.208,-534.636,-693.972,1801.621,41.25,47.72,43.26,56.63,false,false,-1.8,0.38,"單日成交金額低於5,000萬元；外資持股趨勢資料不足或期間有非市場異動；當下除權息調整價未守20日EMA"
533,8069,元太,TPEX,光電業,不建立部位,優先降低風險,risk,依風險與流動性分批降低部位,風險解除且基本面與趨勢重新確認後,已有部位應優先降低曝險；目前觸發「價格跌破60日EMA且20日趨勢向下」。待事件解除或基本面重新確認後再評估。,價格跌破60日EMA且20日趨勢向下；單月與累計營收同步明顯衰退,44.4,48.4,62.9,85,100,可用,158,158,-26.18,-3.79,33.72,36.32,154.89,5.65,15.22,2.39,3.76,12,22,9,-5,138,5,0,-4256.194,-4256.194,-4256.194,-4256.194,-218,-218,-218,-218,0,1,-34117000,-622.648,-622.648,39.91,,,,,-3415.546,-3415.546,-3415.546,-3415.546,37.01,38.47,37.08,41.23,false,false,-4.97,-0.32,營收動能同步衰退；累計營收負成長且當月改善不足；中期趨勢仍向下；20日累積後5日轉為調節；外資持股趨勢資料不足或期間有非市場異動；20日趨勢尚未上彎；當下除權息調整價未守20日EMA
534,2491,吉祥全,TWSE,光電業,不建立部位,保護持有,protect,今天不新增部位；未完成確認前不機械式賣出,下一交易日收盤，確認是否收復防守區,已有部位暫停加碼；若收盤跌破60日EMA約 34.85，且下一交易日仍未收復，先減碼三分之一；若ETF或外資繼續轉弱，再分批降低部位。,ETF 5/10日同步減碼；KD高檔死亡交叉（僅屬時機警示）,45,48.2,64.2,85,100,完整,45.75,45.75,6.55,-5.1,-170.2,17.78,507.82,29.98,1.59,1.02,,1,0,-1,-1,-2,-6,0,60,3269.807,2953.8559999999998,2440.812,0,-1,-2,-6,0,1,-50800,9.487999999999998,14.742999999999999,9.68,39,3234,2917,,58,3261.319,2941.113,2437.3129999999996,59.33,74.81,84.26,55.9,false,true,11.17,7.52,"單日成交金額低於5,000萬元；累計營收負成長且當月改善不足；ETF短中期同步減碼；KD高檔死亡交叉，等待動能確認；單季稅前獲利對營業外貢獻依賴偏高"
535,8054,安國,TPEX,半導體業,不建立部位,保護持有,protect,今天不新增部位；未完成確認前不機械式賣出,下一交易日收盤，確認是否收復防守區,已有部位暫停加碼；若收盤跌破60日EMA約 91.12，且下一交易日仍未收復，先減碼三分之一；若ETF或外資繼續轉弱，再分批降低部位。,未觸發明確減碼訊號,52.8,48,26.4,85,100,可用,83.7,83.7,97.88,164.72,-5.37,48.62,119.56,-0.23,,3.42,0,1,0,0,0,2,-18,0,-133.069,-133.069,-133.069,-133.069,0,0,0,0,0,0,0,-0.141,-0.141,4.27,,,,,-132.928,-132.928,-132.928,-132.928,46.92,59.06,53.11,70.95,false,false,0.11,2.83,"單日成交金額低於5,000萬元；外資持股趨勢資料不足或期間有非市場異動"
536,2247,汎德永業,TWSE,汽車工業,不建立部位,保護持有,protect,今天不新增部位；未完成確認前不機械式賣出,下一交易日收盤，確認是否收復防守區,已有部位暫停加碼；若收盤跌破60日EMA約 227.70，且下一交易日仍未收復，先減碼三分之一；若ETF或外資繼續轉弱，再分批降低部位。,未觸發明確減碼訊號,57.2,47.8,45.8,85,100,完整,231,231,-1.36,-22.82,3.09,41.1,269.81,6.55,16.63,1.46,6.29,2,0,0,0,0,-1,0,8.929,63.233999999999995,89.18100000000001,153.72400000000005,0,0,0,-1.3050000000000002,0,0,0,-2,-2,3.96,-9,35,51,,8.929,65.23400000000001,91.18100000000001,159.029,59.08,82.13,75.52,95.35,false,false,1.63,2.44,"單日成交金額低於5,000萬元；累計營收負成長且當月改善不足"
537,6592,和潤企業,TWSE,其他,不建立部位,保護持有,protect,今天不新增部位；未完成確認前不機械式賣出,下一交易日收盤，確認是否收復防守區,已有部位暫停加碼；若收盤跌破60日EMA約 60.85，且下一交易日仍未收復，先減碼三分之一；若ETF或外資繼續轉弱，再分批降低部位。,未觸發明確減碼訊號,44.3,47.8,46.7,85,100,可用,60.2,60.2,-3.15,-4.14,19.84,87.04,105.16,2.22,12.09,1.15,5.48,1,0,0,0,0,-14,0,-203.055,-204.63600000000002,-113.87700000000004,397.0549999999999,0,0,0,-14.172,0,0,0,8.866999999999999,15.947999999999999,22.96,-163,-243,-268,,-198.2,-213.50299999999996,-129.825,420.57299999999987,44.49,32.02,48.45,-0.83,false,true,-1.12,-2.27,"單日成交金額低於5,000萬元；累計營收負成長且當月改善不足；外資持股趨勢資料不足或期間有非市場異動；當下除權息調整價未守20日EMA"
538,1227,佳格,TWSE,食品工業,不建立部位,降低部位,trim,停止加碼；反彈未站回恢復區時分批減碼,每個交易日收盤後，確認是否站回恢復區,已有部位先停止加碼。反彈若仍未站回 29.14，分批降低部位；只有站回且ETF／外資賣壓收斂後才重新評估。,價格跌破60日EMA且20日趨勢向下；外資持股5/10日下降且外資5日賣超,43.9,47.7,50.5,85,85,完整,28.45,28.45,7.74,6.86,4.15,40.08,164.89,0.8,17.92,1.43,4.64,1,0,0,0,0,2,0,-913.918,-1818.4759999999999,-931.7639999999998,-3392.8570000000004,0,1,-5,-2.695,1,0,28850,20.974999999999998,24.828000000000003,7.06,-715,-1874,-1657,,-913.94,-1840.451,-951.592,-3303.0570000000002,40.83,24.79,36.12,2.13,false,false,-1.71,-1.39,"單日成交金額低於5,000萬元；中期趨勢仍向下；外資持股5/10日下降，且外資5日賣超；20日趨勢尚未上彎；當下除權息調整價未守20日EMA"
539,6412,群電,TWSE,電子零組件業,不建立部位,優先降低風險,risk,依風險與流動性分批降低部位,風險解除且基本面與趨勢重新確認後,已有部位應優先降低曝險；目前觸發「單月與累計營收同步明顯衰退」。待事件解除或基本面重新確認後再評估。,單月與累計營收同步明顯衰退,55.3,47.4,43.9,85,100,完整,79.1,79.1,-12.99,-8.41,3.27,55.91,141.5,3.04,13.01,2.05,4.68,5,0,8,10,12,18,0,-135.764,531.015,355.71799999999996,-825.695,0,10,12,18.366000000000003,2,0,790000,1.2859999999999996,-102.042,5.42,-161,507,96,,-125.459,519.7289999999999,445.76,-700.0830000000001,47.34,67.15,59.5,82.45,false,false,0.12,1.93,營收動能同步衰退；累計營收負成長且當月改善不足；單季稅前獲利對營業外貢獻依賴偏高
540,2243,宏旭-KY,TWSE,汽車工業,不建立部位,保護持有,protect,今天不新增部位；未完成確認前不機械式賣出,下一交易日收盤，確認是否收復防守區,已有部位暫停加碼；若收盤跌破60日EMA約 41.84，且下一交易日仍未收復，先減碼三分之一；若ETF或外資繼續轉弱，再分批降低部位。,今日漲停／趨勢站穩；ETF／外資偏弱，先觀察,53.9,46.9,27.5,85,100,完整,46.2,46.2,-8.57,25.9,2.46,69.45,133.26,0.33,40,3.03,,1,0,-1,-1,-2,-5,0,1,-212,-358.081,-652.6080000000001,0,-1,-2,-5,0,1,-42000,-1,-1,27.86,1,-204,-336,,1,-210,-355.081,-660.2600000000001,60.68,68.64,53.2,99.51,false,false,9.09,12.55,"單日成交金額低於5,000萬元；ETF短中期同步減碼；外資持股5/10日下降，且外資5日賣超"
541,6203,海韻電,TPEX,電子零組件業,不建立部位,優先降低風險,risk,依風險與流動性分批降低部位,風險解除且基本面與趨勢重新確認後,已有部位應優先降低曝險；目前觸發「價格跌破60日EMA且20日趨勢向下」。待事件解除或基本面重新確認後再評估。,價格跌破60日EMA且20日趨勢向下；單月與累計營收同步明顯衰退,40.5,46.8,71.3,85,100,可用,60.3,60.3,-37.17,-30.06,11.15,23.84,383.27,1.89,9.1,1.67,6.69,1,0,0,0,0,8,0,-5.058,-5.058,-5.058,-5.058,0,0,0,0,0,0,0,0,0,2.85,,,,,-5.058,-5.058,-5.058,-5.058,39.21,28.6,18.87,48.04,true,false,-0.8,0.67,"單日成交金額低於5,000萬元；營收動能同步衰退；累計營收負成長且當月改善不足；中期趨勢仍向下；外資持股趨勢資料不足或期間有非市場異動；20日趨勢尚未上彎；當下除權息調整價未守20日EMA"
542,2331,精英,TWSE,電腦及週邊設備業,不建立部位,保護持有,protect,今天不新增部位；未完成確認前不機械式賣出,下一交易日收盤，確認是否收復防守區,已有部位暫停加碼；若收盤跌破60日EMA約 20.17，且下一交易日仍未收復，先減碼三分之一；若ETF或外資繼續轉弱，再分批降低部位。,未觸發明確減碼訊號,52,46.7,40.1,85,100,完整,19.7,19.7,-13.43,14.75,0.32,49.75,146.68,0.53,19.41,1.01,,1,0,0,0,0,0,0,91.872,247.65300000000005,-886.2169999999999,-7.763999999999982,0,0,0,0,0,0,0,11.235,14.218,5.95,118,223,-740,,108.957,236.418,-900.435,-16.0090000000001,49.86,29.95,32.43,24.99,false,false,0.14,0.77,"單日成交金額低於5,000萬元；單季稅前獲利對營業外貢獻依賴偏高"
543,3060,銘異,TWSE,電腦及週邊設備業,不建立部位,降低部位,trim,停止加碼；反彈未站回恢復區時分批減碼,每個交易日收盤後，確認是否站回恢復區,已有部位先停止加碼。反彈若仍未站回 29.65，分批降低部位；只有站回且ETF／外資賣壓收斂後才重新評估。,價格跌破60日EMA且20日趨勢向下；ETF 5/10日同步減碼；外資持股5/10日下降且外資5日賣超,39.9,46.5,51.5,85,100,完整,26.7,26.7,36.44,19.99,4.73,40.82,202.51,0.68,39.55,1.33,0.75,1,0,-2,-2,-5,-14,0,-334.248,-878.5559999999999,-1465.327,-1166.3090000000002,0,-2,-5,-14,0,1,-53000,-11.119,-4.897,11.17,-187,-711,-1476,,-332.778,-865.4370000000001,-1455.4300000000003,-1128.1860000000004,36.25,16.03,19.23,9.63,false,true,-4.07,-1.66,"單日成交金額低於5,000萬元；中期趨勢仍向下；ETF短中期同步減碼；外資持股5/10日下降，且外資5日賣超；20日趨勢尚未上彎；當下除權息調整價未守20日EMA"
544,8163,達方,TWSE,電腦及週邊設備業,不建立部位,保護持有,protect,今天不新增部位；未完成確認前不機械式賣出,下一交易日收盤，確認是否收復防守區,已有部位暫停加碼；若收盤跌破60日EMA約 33.25，且下一交易日仍未收復，先減碼三分之一；若ETF或外資繼續轉弱，再分批降低部位。,未觸發明確減碼訊號,47.4,46.5,38.7,85,100,完整,31.2,31.2,16.17,10.35,1.68,61.95,138.69,0.51,51.83,0.8,1.61,1,0,0,0,0,0,0,-203.315,196.51099999999997,411.04299999999995,112.82899999999995,0,0,0,0,0,0,0,-0.9119999999999995,19.465999999999998,9.39,-196,198,-60,,-203.112,197.423,391.577,134.35299999999998,43.45,40.74,42.32,37.59,false,true,-1.18,0.81,"單日成交金額低於5,000萬元；當下除權息調整價未守20日EMA"
545,1447,力鵬,TWSE,紡織纖維,不建立部位,保護持有,protect,今天不新增部位；未完成確認前不機械式賣出,下一交易日收盤，確認是否收復防守區,已有部位暫停加碼；若收盤跌破60日EMA約 6.96，且下一交易日仍未收復，先減碼三分之一；若ETF或外資繼續轉弱，再分批降低部位。,ETF 5/10日同步減碼,46.9,46.4,34.1,85,100,完整,6.9,6.9,21.3,11.53,0.28,47.59,124.93,0.12,,0.71,,1,0,-12,-12,-22,-60,0,-159.902,90.35,-173.4090000000001,-737.6780000000001,0,-12,-22,-60,0,1,-82080,12,-62,3.11,-159,90,-89,,-158.902,90.35,-89.40900000000008,-589.6780000000001,46.15,22.97,26.82,15.26,false,false,-1.24,0.73,"單日成交金額低於5,000萬元；ETF短中期同步減碼；當下除權息調整價未守20日EMA；單季稅前獲利對營業外貢獻依賴偏高"
546,6189,豐藝,TWSE,電子通路業,不建立部位,保護持有,protect,今天不新增部位；未完成確認前不機械式賣出,下一交易日收盤，確認是否收復防守區,已有部位暫停加碼；若收盤跌破60日EMA約 49.02，且下一交易日仍未收復，先減碼三分之一；若ETF或外資繼續轉弱，再分批降低部位。,ETF 5/10日同步減碼,42.1,46.4,48.2,85,100,完整,48.15,48.15,5.87,-1.26,4.79,62.16,154.02,2.01,11.88,2.1,5.61,3,0,-7,-10,-26,-39,0,-3.957,-299.048,140.043,1441.481,0,-8.418,-24.418,-37.266,1,2,-404906,-51.715,-48.85600000000001,8.08,1,-172,258,,-2.199,-238.915,213.317,1542.382,47.07,40.76,47.44,27.41,false,true,-0.56,-1.43,"單日成交金額低於5,000萬元；累計營收負成長且當月改善不足；ETF短中期同步減碼；當下除權息調整價未守20日EMA"
547,1440,南紡,TWSE,紡織纖維,不建立部位,保護持有,protect,今天不新增部位；未完成確認前不機械式賣出,下一交易日收盤，確認是否收復防守區,已有部位暫停加碼；若收盤跌破60日EMA約 13.24，且下一交易日仍未收復，先減碼三分之一；若ETF或外資繼續轉弱，再分批降低部位。,未觸發明確減碼訊號,58.8,46.3,33.9,85,85,完整,13.85,13.85,16.29,-12.73,-1.69,37.31,136.81,0.14,463.33,0.8,2.16,1,0,0,0,0,4,0,238.493,1313.842,3237.564,9305.672999999999,0,2,2,5.943,1,0,27800,-27.837999999999997,-212.554,7.65,212,1263,3228,,286.218,1339.6799999999998,3448.118,9243.005,59.21,54.52,56.34,50.89,false,false,2.53,2.59,"單日成交金額低於5,000萬元；估值高且成長不足以支撐；單季稅前獲利對營業外貢獻依賴偏高"
548,9926,新海,TWSE,油電燃氣業,不建立部位,保護持有,protect,今天不新增部位；未完成確認前不機械式賣出,下一交易日收盤，確認是否收復防守區,已有部位暫停加碼；若收盤跌破60日EMA約 49.33，且下一交易日仍未收復，先減碼三分之一；若ETF或外資繼續轉弱，再分批降低部位。,價格跌破60日EMA且20日趨勢向下,45.3,46.2,45.5,85,73,可用,48.75,48.75,-0.93,-0.99,18.15,54.43,151.22,1.61,17.14,1.98,4.3,1,0,0,0,2,2,0,-5,27,8,-17,0,0,0,0,0,0,0,2,2,0.77,-5,25,6,,-5,25,6,-16,44.56,31.76,42.73,9.82,false,true,-0.75,-0.2,"單日成交金額低於5,000萬元；累計營收負成長且當月改善不足；中期趨勢仍向下；20日趨勢尚未上彎；當下除權息調整價未守20日EMA"
549,8938,明安,TPEX,運動休閒,不建立部位,保護持有,protect,今天不新增部位；未完成確認前不機械式賣出,下一交易日收盤，確認是否收復防守區,已有部位暫停加碼；若收盤跌破60日EMA約 53.99，且下一交易日仍未收復，先減碼三分之一；若ETF或外資繼續轉弱，再分批降低部位。,價格跌破60日EMA且20日趨勢向下,37.6,45.9,59.1,85,100,可用,50.8,50.8,15.6,-5.08,3,40.38,202.65,1.34,9.64,1.02,7.91,1,0,0,0,0,-4,0,-18.625,-18.625,-18.625,-18.625,0,0,0,0,0,0,0,-1.65,-1.65,6.41,,,,,-16.975,-16.975,-16.975,-16.975,27.83,18.79,22.44,11.49,false,false,-2.95,-2.12,"單日成交金額低於5,000萬元；中期趨勢仍向下；外資持股趨勢資料不足或期間有非市場異動；20日趨勢尚未上彎；當下除權息調整價未守20日EMA"
550,6281,全國電,TWSE,電子通路業,不建立部位,保護持有,protect,今天不新增部位；未完成確認前不機械式賣出,下一交易日收盤，確認是否收復防守區,已有部位暫停加碼；若收盤跌破60日EMA約 51.74，且下一交易日仍未收復，先減碼三分之一；若ETF或外資繼續轉弱，再分批降低部位。,價格跌破60日EMA且20日趨勢向下,42.6,45.8,44.5,85,100,完整,51.3,51.3,4.3,-0.66,2.85,72.06,130.4,2.26,13.75,1.83,6.43,1,0,0,0,0,0,0,-3,-19.709,-6.709,-24.709,0,0,0,0,0,0,0,-8.709,-8.709,2.7,-103,-11,2,,-3,-11,2,-17,45.29,44.65,53.03,27.88,false,true,-0.38,-0.77,"單日成交金額低於5,000萬元；累計營收負成長且當月改善不足；中期趨勢仍向下；20日趨勢尚未上彎；當下除權息調整價未守20日EMA；官方重大訊息出現高風險關鍵字，須查原文"
551,6971,惠民實業,TPEX,綠能環保,不建立部位,優先降低風險,risk,依風險與流動性分批降低部位,風險解除且基本面與趨勢重新確認後,已有部位應優先降低曝險；目前觸發「單月與累計營收同步明顯衰退」。待事件解除或基本面重新確認後再評估。,單月與累計營收同步明顯衰退,47.9,45.6,42.1,85,65,最低門檻,26.15,26.2,-25.15,-11.45,5.63,71.93,119.54,0.82,11.33,1.15,5.76,1,0,0,0,1,1,0,0,0,0,0,0,0,0,0,0,0,0,0,0,0.37,,,,,0,0,0,0,49.66,50.78,61.17,30,false,true,0.21,0,"單日成交金額低於5,000萬元；營收動能同步衰退；累計營收負成長且當月改善不足；外資持股趨勢資料不足或期間有非市場異動"
552,2373,震旦行,TWSE,其他電子業,不建立部位,降低部位,trim,停止加碼；反彈未站回恢復區時分批減碼,每個交易日收盤後，確認是否站回恢復區,已有部位先停止加碼。反彈若仍未站回 54.47，分批降低部位；只有站回且ETF／外資賣壓收斂後才重新評估。,價格跌破60日EMA且20日趨勢向下；外資持股5/10日下降且外資5日賣超,40.2,45.3,53.3,85,100,完整,53.1,53.1,-3.53,-2.63,5.2,51.07,134.22,1.63,14.2,1.61,6.97,1,0,0,0,0,0,0,-18,-14,-20,-56.019999999999996,0,0,0,0,0,0,0,-7,-7,1.39,-18,-7,-13,,-18,-7,-13,-45.019999999999996,40.3,29.18,32.45,22.62,false,true,-0.58,-0.56,"單日成交金額低於5,000萬元；累計營收負成長且當月改善不足；中期趨勢仍向下；外資持股5/10日下降，且外資5日賣超；20日趨勢尚未上彎；當下除權息調整價未守20日EMA"
553,6890,來億-KY,TWSE,運動休閒,不建立部位,保護持有,protect,今天不新增部位；未完成確認前不機械式賣出,下一交易日收盤，確認是否收復防守區,已有部位暫停加碼；若收盤跌破60日EMA約 178.91，且下一交易日仍未收復，先減碼三分之一；若ETF或外資繼續轉弱，再分批降低部位。,未觸發明確減碼訊號,46.6,45.2,54.1,85,100,完整,168,168,8.06,-12.03,7.73,31.24,364.73,4.53,16.06,1.79,5.37,2,0,0,0,0,-71,0,-27.015,237.10000000000002,-44.18699999999997,-121.601,0,0,-3,-74.512,0,0,0,-2.878,-9.857999999999999,86.26,-87,40,-220,,-25.5,239.978,-31.328999999999994,54.724999999999966,47.03,40.64,38.99,43.94,false,false,-0.7,5.33,"單日成交金額低於5,000萬元；累計營收負成長且當月改善不足；當下除權息調整價未守20日EMA"
554,6719,力智,TWSE,半導體業,不建立部位,優先降低風險,risk,依風險與流動性分批降低部位,風險解除且基本面與趨勢重新確認後,已有部位應優先降低曝險；目前觸發「價格跌破60日EMA且20日趨勢向下」。待事件解除或基本面重新確認後再評估。,價格跌破60日EMA且20日趨勢向下；外資持股5/10日下降且外資5日賣超；單月與累計營收同步明顯衰退,43,44.9,64.6,85,100,完整,192,192,-15.47,-6.28,17.85,18.57,987.87,4.2,21.17,1.41,2.45,2,0,0,0,50,40,0,-287.456,-481.137,-910.424,-1158.36,0,0,49,39,0,0,0,-5.5230000000000015,-41.104,6.22,-199,-236,-571,,-273.439,-475.61400000000003,-918.32,-1078.1910000000003,38.65,28.8,27.11,32.16,true,true,-4.13,0,營收動能同步衰退；累計營收負成長且當月改善不足；中期趨勢仍向下；外資持股5/10日下降，且外資5日賣超；20日趨勢尚未上彎；當下除權息調整價未守20日EMA
555,4420,光明,TPEX,紡織纖維,不建立部位,優先降低風險,risk,依風險與流動性分批降低部位,風險解除且基本面與趨勢重新確認後,已有部位應優先降低曝險；目前觸發「單月與累計營收同步明顯衰退」。待事件解除或基本面重新確認後再評估。,單月與累計營收同步明顯衰退,53.1,44.8,48.4,85,100,可用,37.7,37.7,-12.01,-8.81,2.22,11.91,222.84,0.94,27.54,1.05,8.13,1,0,0,0,0,-1,0,0.228,0.228,0.228,0.228,0,0,0,0,0,0,0,0.228,0.228,0.81,,,,,0,0,0,0,66.84,87.55,84.32,94.02,true,false,3.22,2.31,"單日成交金額低於5,000萬元；營收動能同步衰退；累計營收負成長且當月改善不足；外資持股趨勢資料不足或期間有非市場異動；單季稅前獲利對營業外貢獻依賴偏高"
556,4746,台耀,TWSE,生技醫療業,不建立部位,降低部位,trim,停止加碼；反彈未站回恢復區時分批減碼,每個交易日收盤後，確認是否站回恢復區,已有部位先停止加碼。反彈若仍未站回 52.07，分批降低部位；只有站回且ETF／外資賣壓收斂後才重新評估。,價格跌破60日EMA且20日趨勢向下；外資持股5/10日下降且外資5日賣超,36.6,44.8,57.9,85,100,完整,48.75,48.75,3.14,-7.23,10.89,40.35,186.2,0.04,12.31,0.79,6.15,2,-110,-180,-180,111,111,-180,-324.828,-939.328,-918.4970000000001,-257.46400000000006,-110,-180,111,111,0,2,-8775000,-0.828,-0.38399999999999934,7.76,-152,-547,-884,,-214.7,-758.5,-1029.113,-540.6919999999997,37.1,9.25,15.49,-3.21,false,false,-4.42,-0.61,"單日成交金額低於5,000萬元；累計營收負成長且當月改善不足；中期趨勢仍向下；20日累積後5日轉為調節；ETF 1/3日已轉為減碼；主動ETF 5日轉為減碼；外資持股5/10日下降，且外資5日賣超；20日趨勢尚未上彎；當下除權息調整價未守20日EMA"
557,5222,全訊,TWSE,半導體業,不建立部位,優先降低風險,risk,依風險與流動性分批降低部位,風險解除且基本面與趨勢重新確認後,已有部位應優先降低曝險；目前觸發「外資持股5/10日下降且外資5日賣超」。待事件解除或基本面重新確認後再評估。,外資持股5/10日下降且外資5日賣超；單月與累計營收同步明顯衰退,50.2,44.8,51.6,85,93,可用,107,107,-18.09,-15.6,16.7,15.68,245.71,0.63,55.5,3.3,2.36,2,0,0,0,-57,-79,0,-70.996,-164.3,-646.686,-288.4160000000001,0,0,-65,-87,0,0,0,-1.0129999999999995,-129.53900000000002,3.37,-69,-176,-454,,-68.753,-163.28699999999998,-452.14699999999993,-209.62600000000003,51.87,38.28,35.09,44.66,true,false,0.82,2.39,"單日成交金額低於5,000萬元；營收動能同步衰退；累計營收負成長且當月改善不足；外資持股5/10日下降，且外資5日賣超"
558,4968,立積,TWSE,半導體業,不建立部位,保護持有,protect,今天不新增部位；未完成確認前不機械式賣出,下一交易日收盤，確認是否收復防守區,已有部位暫停加碼；若收盤跌破60日EMA約 100.30，且下一交易日仍未收復，先減碼三分之一；若ETF或外資繼續轉弱，再分批降低部位。,價格跌破60日EMA且20日趨勢向下,48,44.7,54.1,85,100,完整,93,93,-1.63,3.65,3.27,25.03,385.26,1,24.54,3.1,1.76,2,0,0,0,15,-5,0,-14.617,89.80100000000002,-138.934,143.33600000000004,0,0,15,-5,0,0,0,-0.6219999999999999,-51.925,4.62,-1,170,209,,-17,90.423,-102.00899999999999,243.594,45.91,59.05,49.46,78.23,false,false,-0.54,3.68,"單日成交金額低於5,000萬元；中期趨勢仍向下；20日趨勢尚未上彎；當下除權息調整價未守20日EMA"
559,5309,系統電,TPEX,電子零組件業,不建立部位,保護持有,protect,今天不新增部位；未完成確認前不機械式賣出,下一交易日收盤，確認是否收復防守區,已有部位暫停加碼；若收盤跌破60日EMA約 57.03，且下一交易日仍未收復，先減碼三分之一；若ETF或外資繼續轉弱，再分批降低部位。,未觸發明確減碼訊號,47.8,44.1,47.4,85,100,可用,53.5,53.5,29.2,6.98,-5.41,32.97,447.01,0.06,317.06,2.34,0.93,1,0,0,0,0,-6,0,72.054,72.054,72.054,72.054,0,0,0,0,0,0,0,-18.939,-18.939,10.77,,,,,90.993,90.993,90.993,90.993,47.37,53.86,50.14,61.31,false,false,-0.3,2.49,"單日成交金額低於5,000萬元；外資持股趨勢資料不足或期間有非市場異動；當下除權息調整價未守20日EMA"
560,6790,永豐實,TWSE,造紙工業,不建立部位,降低部位,trim,停止加碼；反彈未站回恢復區時分批減碼,每個交易日收盤後，確認是否站回恢復區,已有部位先停止加碼。反彈若仍未站回 38.81，分批降低部位；只有站回且ETF／外資賣壓收斂後才重新評估。,價格跌破60日EMA且20日趨勢向下；外資持股5/10日下降且外資5日賣超,42.5,43.9,47.3,85,100,完整,38,38.08,-7.89,-2.2,8.88,48.59,152.4,1.52,12.32,1.81,6.98,1,0,0,0,-1,-1,0,-78.865,-69.704,-41.88499999999999,-387.433,0,2,1,1,1,0,75900,-19.703999999999997,-19.285999999999998,1.87,-102,-59,-28,,-78,-52,-23.599000000000007,-292.81,42.67,35.33,42.69,20.6,false,true,-0.56,0.13,"單日成交金額低於5,000萬元；累計營收負成長且當月改善不足；中期趨勢仍向下；外資持股5/10日下降，且外資5日賣超；20日趨勢尚未上彎；當下除權息調整價未守20日EMA"
561,1537,廣隆,TWSE,電機機械,不建立部位,降低部位,trim,停止加碼；反彈未站回恢復區時分批減碼,每個交易日收盤後，確認是否站回恢復區,已有部位先停止加碼。反彈若仍未站回 124.31，分批降低部位；只有站回且ETF／外資賣壓收斂後才重新評估。,價格跌破60日EMA且20日趨勢向下；ETF 5/10日同步減碼；外資持股5/10日下降且外資5日賣超,34.4,43.8,59.9,85,100,完整,118,118,7.08,1.6,11.23,32.26,319,4.01,14.33,2.3,6.08,1,0,-26,-51,-25,0,-51,-12,-97,-495.664,-830.225,0,-51,-25,0,0,2,-6043500,2,-116.664,15.33,4,-39,-356,,-12,-48,-354,-694.701,23.21,10.23,11.01,8.66,false,false,-3.34,-1.26,"單日成交金額低於5,000萬元；中期趨勢仍向下；ETF短中期同步減碼；主動ETF 5日轉為減碼；外資持股5/10日下降，且外資5日賣超；20日趨勢尚未上彎；當下除權息調整價未守20日EMA"
562,3483,力致,TPEX,電腦及週邊設備業,不建立部位,優先降低風險,risk,依風險與流動性分批降低部位,風險解除且基本面與趨勢重新確認後,已有部位應優先降低曝險；目前觸發「單月與累計營收同步明顯衰退」。待事件解除或基本面重新確認後再評估。,單月與累計營收同步明顯衰退,52.4,43.8,40.4,85,100,可用,75.4,75.4,-16.03,-3.4,0.44,48.8,166.92,0.69,25.46,1.49,4.05,2,0,0,0,0,-1,0,21.722,21.722,21.722,21.722,0,0,0,0,0,0,0,-3.528,-3.528,12.4,,,,,25.25,25.25,25.25,25.25,51.24,69.56,55.9,96.86,false,false,1.78,5.16,"單日成交金額低於5,000萬元；營收動能同步衰退；累計營收負成長且當月改善不足；外資持股趨勢資料不足或期間有非市場異動；單季稅前獲利對營業外貢獻依賴偏高"
563,2923,鼎固-KY,TWSE,建材營造,不建立部位,降低部位,trim,停止加碼；反彈未站回恢復區時分批減碼,每個交易日收盤後，確認是否站回恢復區,已有部位先停止加碼。反彈若仍未站回 27.39，分批降低部位；只有站回且ETF／外資賣壓收斂後才重新評估。,價格跌破60日EMA且20日趨勢向下；外資持股5/10日下降且外資5日賣超,41.8,43.7,45.8,85,100,完整,24.75,24.75,75.3,151.74,14.07,58.69,288.95,-0.11,,0.91,0.5,1,0,0,0,0,-26,0,-147.426,-97.99999999999999,-253.18199999999996,-741.4459999999999,0,0,0,-25.583,0,0,0,51,27.887,99.51,-154,-149,-281,,-154,-149,-281.06899999999996,-656.75,42.71,40.99,44.29,34.41,false,true,-6.82,0.41,"單日成交金額低於5,000萬元；中期趨勢仍向下；外資持股5/10日下降，且外資5日賣超；20日趨勢尚未上彎；當下除權息調整價未守20日EMA；2日內除權息，等待價格重置"
564,2718,全心投控,TPEX,建材營造,不建立部位,優先降低風險,risk,依風險與流動性分批降低部位,風險解除且基本面與趨勢重新確認後,已有部位應優先降低曝險；目前觸發「單月與累計營收同步明顯衰退」。待事件解除或基本面重新確認後再評估。,單月與累計營收同步明顯衰退,31.6,43.2,75.6,85,100,可用,41.8,41.8,-96.01,-89.11,33.05,17.92,536.6,2.72,4.01,0.59,13.36,1,0,0,0,0,-1,0,-10.87,-10.87,-10.87,-10.87,0,0,0,0,0,0,0,0.13,0.13,0.56,,,,,-11,-11,-11,-11,29.76,14.76,32.94,-21.6,false,false,-9.08,-15.56,"單日成交金額低於5,000萬元；營收動能同步衰退；累計營收負成長且當月改善不足；外資持股趨勢資料不足或期間有非市場異動；當下除權息調整價未守20日EMA；單季稅前獲利對營業外貢獻依賴偏高"
565,5903,全家,TPEX,居家生活,不建立部位,保護持有,protect,今天不新增部位；未完成確認前不機械式賣出,下一交易日收盤，確認是否收復防守區,已有部位暫停加碼；若收盤跌破60日EMA約 187.14，且下一交易日仍未收復，先減碼三分之一；若ETF或外資繼續轉弱，再分批降低部位。,價格跌破60日EMA且20日趨勢向下,44.4,43.2,28,85,100,可用,185.5,185.5,4.92,7.59,1.5,87.84,47.87,3.69,23.57,4.71,3.51,1,0,0,0,0,-2,0,2.179,2.179,2.179,2.179,0,0,0,0,0,0,0,-0.832,-0.832,50.99,,,,,3.011,3.011,3.011,3.011,45.9,60.31,61.58,57.77,false,true,-0.15,0,"單日成交金額低於5,000萬元；中期趨勢仍向下；外資持股趨勢資料不足或期間有非市場異動；20日趨勢尚未上彎；當下除權息調整價未守20日EMA"
566,4942,嘉彰,TWSE,光電業,不建立部位,保護持有,protect,今天不新增部位；未完成確認前不機械式賣出,下一交易日收盤，確認是否收復防守區,已有部位暫停加碼；若收盤跌破60日EMA約 35.30，且下一交易日仍未收復，先減碼三分之一；若ETF或外資繼續轉弱，再分批降低部位。,價格跌破60日EMA且20日趨勢向下,38.3,42.9,66.8,85,100,完整,33.2,33.2,-9.75,-7.23,4.58,18.47,371.26,0.77,11.43,0.51,6.03,1,0,0,0,0,0,0,-6.034,-4.122999999999999,-137.093,-375.303,0,0,0,0,0,0,0,1.877,-13.092999999999998,6.22,-5,13,-89,,-5,-6,-124,-350.532,34.52,39.06,39.65,37.89,false,true,-1.59,0.15,"單日成交金額低於5,000萬元；累計營收負成長且當月改善不足；中期趨勢仍向下；20日趨勢尚未上彎；當下除權息調整價未守20日EMA"
567,6226,光鼎,TWSE,光電業,不建立部位,優先降低風險,risk,依風險與流動性分批降低部位,風險解除且基本面與趨勢重新確認後,已有部位應優先降低曝險；目前觸發「ETF 5/10日同步減碼」。待事件解除或基本面重新確認後再評估。,價格強勢站上20／60日EMA；ETF偏弱，先觀察,45.5,42.9,39.8,85,100,完整,34,34,21.51,6.38,-4.11,38.7,205,0.03,,2.91,,1,0,-2,-2,-4,-10,0,1429.747,4876.34,8152.746,-961.3699999999997,0,-2,-4,-10,0,1,-63200,4.847000000000003,-48.99999999999999,9.14,1364,4829,8616,,1444.7,4873.4929999999995,8205.746,-821.3179999999996,72.56,84.42,83.15,86.94,false,false,32.6,32.81,處置或交易限制風險；ETF短中期同步減碼；短線過熱或乖離過大；高波動且5日漲幅過大；單季稅前獲利對營業外貢獻依賴偏高
568,6762,達亞,TPEX,生技醫療業,不建立部位,保護持有,protect,今天不新增部位；未完成確認前不機械式賣出,下一交易日收盤，確認是否收復防守區,已有部位暫停加碼；若收盤跌破60日EMA約 166.90，且下一交易日仍未收復，先減碼三分之一；若ETF或外資繼續轉弱，再分批降低部位。,價格跌破60日EMA且20日趨勢向下,41.4,42.9,33.5,85,65,最低門檻,163,159.5,31.77,0.84,5.37,52.58,55.97,0.21,326,4.4,0.61,1,0,0,0,0,2,0,0,0,0,0,0,0,0,0,0,0,0,0,0,5.82,,,,,0,0,0,0,38.92,17.63,20.12,12.66,false,true,-2.66,-4.12,"單日成交金額低於5,000萬元；中期趨勢仍向下；外資持股趨勢資料不足或期間有非市場異動；20日趨勢尚未上彎；當下除權息調整價未守20日EMA"
569,2387,精元,TWSE,電腦及週邊設備業,不建立部位,優先降低風險,risk,依風險與流動性分批降低部位,風險解除且基本面與趨勢重新確認後,已有部位應優先降低曝險；目前觸發「價格跌破60日EMA且20日趨勢向下」。待事件解除或基本面重新確認後再評估。,價格跌破60日EMA且20日趨勢向下；單月與累計營收同步明顯衰退,43.9,42.4,52.8,85,100,完整,36.9,36.9,-27.12,-12.55,1.59,42.64,184.67,0.66,12.28,0.68,10.93,3,0,0,0,0,-12,0,8.937,46.66999999999999,-294.81800000000004,-1975.056,0,0,0,-12.959,0,0,0,-7.3530000000000015,-4.681000000000001,8.75,-4,90,-107,,21,54.022999999999996,-290.137,-1935.4709999999998,46.29,80.65,69.68,102.58,false,false,-0.05,0.54,"單日成交金額低於5,000萬元；營收動能同步衰退；累計營收負成長且當月改善不足；中期趨勢仍向下；20日趨勢尚未上彎；當下除權息調整價未守20日EMA"
570,3376,新日興,TWSE,電子零組件業,不建立部位,優先降低風險,risk,依風險與流動性分批降低部位,風險解除且基本面與趨勢重新確認後,已有部位應優先降低曝險；目前觸發「單月與累計營收同步明顯衰退」。待事件解除或基本面重新確認後再評估。,價格強勢站上20／60日EMA；法人未同步轉弱,59.2,42,38.8,85,100,完整,213,213,-10.26,-12.84,-1.84,27.54,220.84,0.47,147.59,2.53,1.87,3,-1,-1,-1,0,-2,-1,-473.959,7714.562999999999,6480.244999999999,9311.822999999999,65.408,65.408,64.408,72.745,1,0,13997312,1049.711,781.7550000000002,17.39,-246,6328,4579,,-445.898,6599.4439999999995,5634.082,7736.8679999999995,65.85,77.31,71.2,89.52,false,false,8.6,12.7,營收動能同步衰退；累計營收負成長且當月改善不足；ETF 1/3日已轉為減碼；主動ETF 5日轉為減碼；估值高且成長不足以支撐；單季稅前獲利對營業外貢獻依賴偏高
571,6120,達運,TWSE,光電業,不建立部位,優先降低風險,risk,依風險與流動性分批降低部位,風險解除且基本面與趨勢重新確認後,已有部位應優先降低曝險；目前觸發「外資持股5/10日下降且外資5日賣超」。待事件解除或基本面重新確認後再評估。,外資持股5/10日下降且外資5日賣超；單月與累計營收同步明顯衰退,43.1,42,51.1,85,100,完整,12.65,12.65,-13.71,-4.91,-3.57,43,214.38,1.42,9.34,0.77,1.97,1,0,0,0,0,15,0,-201.312,-496.00699999999995,-806.741,-877.6040000000003,0,0,0,15,0,0,0,-60.686,-23.734,8.67,-141,-567,-1399,,-200.406,-435.321,-783.0070000000001,-1064.6840000000002,45.13,48.61,42.7,60.43,false,false,-1.07,1.2,"單日成交金額低於5,000萬元；營收動能同步衰退；累計營收負成長且當月改善不足；外資持股5/10日下降，且外資5日賣超；當下除權息調整價未守20日EMA；單季稅前獲利對營業外貢獻依賴偏高"
572,9907,統一實,TWSE,其他,不建立部位,保護持有,protect,今天不新增部位；未完成確認前不機械式賣出,下一交易日收盤，確認是否收復防守區,已有部位暫停加碼；若收盤跌破60日EMA約 15.48，且下一交易日仍未收復，先減碼三分之一；若ETF或外資繼續轉弱，再分批降低部位。,ETF 5/10日同步減碼；KD高檔死亡交叉（僅屬時機警示）,50.6,42,46.2,85,100,完整,15.45,15.45,-1.73,-11.15,4.31,38.72,173.59,0.35,16.05,1.15,7.74,4,0,-18,-26,-64,-2409,0,-34.53,4919.008,8902.941,3621.487000000002,0,-14.862,-52.862,-2397.227,1,2,-226645,130,152,16.03,337,5317,8018,,-25.53,4803.87,8803.803,6089.965,59.18,77.9,80.55,72.61,false,true,1.73,0.65,"單日成交金額低於5,000萬元；累計營收負成長且當月改善不足；ETF短中期同步減碼；KD高檔死亡交叉，等待動能確認"
573,4503,金雨,TPEX,電機機械,不建立部位,優先降低風險,risk,依風險與流動性分批降低部位,風險解除且基本面與趨勢重新確認後,已有部位應優先降低曝險；目前觸發「價格跌破60日EMA且20日趨勢向下」。待事件解除或基本面重新確認後再評估。,價格跌破60日EMA且20日趨勢向下；單月與累計營收同步明顯衰退,34.2,41.9,66.7,85,70,可用,24.8,24.8,-75.88,-3.41,23.96,25.76,1290.4,2.28,6.69,1.05,0,1,0,0,0,0,2,0,6.347,6.347,6.347,6.347,0,0,0,0,0,0,0,-0.583,-0.583,1.96,,,,,6.93,6.93,6.93,6.93,36.46,33.92,33.32,35.13,false,false,-7.68,1.02,"單日成交金額低於5,000萬元；營收動能同步衰退；累計營收負成長且當月改善不足；中期趨勢仍向下；外資持股趨勢資料不足或期間有非市場異動；20日趨勢尚未上彎；當下除權息調整價未守20日EMA；單季稅前獲利對營業外貢獻依賴偏高"
574,6469,大樹,TPEX,生技醫療業,不建立部位,保護持有,protect,今天不新增部位；未完成確認前不機械式賣出,下一交易日收盤，確認是否收復防守區,已有部位暫停加碼；若收盤跌破60日EMA約 73.13，且下一交易日仍未收復，先減碼三分之一；若ETF或外資繼續轉弱，再分批降低部位。,價格跌破60日EMA且20日趨勢向下,38.9,41.3,37.9,85,100,可用,67.6,67.6,5.77,1.86,2.34,73.33,149.2,1.57,19.83,2.79,5.51,1,0,0,0,0,144,0,-212.683,-212.683,-212.683,-212.683,0,0,0,0,0,0,0,-0.217,-0.217,4.48,,,,,-212.466,-212.466,-212.466,-212.466,33.29,27.57,35.97,10.76,false,true,-3.45,-1.46,"單日成交金額低於5,000萬元；中期趨勢仍向下；外資持股趨勢資料不足或期間有非市場異動；20日趨勢尚未上彎；當下除權息調整價未守20日EMA"
575,3015,全漢,TWSE,電子零組件業,不建立部位,保護持有,protect,今天不新增部位；未完成確認前不機械式賣出,下一交易日收盤，確認是否收復防守區,已有部位暫停加碼；若收盤跌破60日EMA約 55.91，且下一交易日仍未收復，先減碼三分之一；若ETF或外資繼續轉弱，再分批降低部位。,ETF 5/10日同步減碼；外資持股5/10日下降且外資5日賣超,44.7,40.5,52.1,85,100,完整,53.6,53.6,-4.07,-6.12,0.56,29.03,188.6,1.08,21.02,0.67,4.12,5,0,-2,-2,-4,-14,0,-76.102,-287.706,-383.87200000000007,237.20999999999992,0,-2,-4,-13.675,0,1,-106800,2.624,-0.20700000000000074,9.47,-137,-4,-653,,-75,-288.33000000000004,-379.6650000000001,238.16899999999987,45.06,49.77,42.61,64.09,false,false,-1.55,1.13,"單日成交金額低於5,000萬元；累計營收負成長且當月改善不足；ETF短中期同步減碼；外資持股5/10日下降，且外資5日賣超；當下除權息調整價未守20日EMA；單季稅前獲利對營業外貢獻依賴偏高"
576,3078,僑威,TPEX,電子零組件業,不建立部位,優先降低風險,risk,依風險與流動性分批降低部位,風險解除且基本面與趨勢重新確認後,已有部位應優先降低曝險；目前觸發「單月與累計營收同步明顯衰退」。待事件解除或基本面重新確認後再評估。,單月與累計營收同步明顯衰退,39.8,40.2,59.8,85,100,可用,48.45,48.45,-49.57,-46.65,6.99,35.08,273.61,1.02,14.42,1.73,7.71,3,0,0,0,1,-1,0,-1086.003,-1086.003,-1086.003,-1086.003,0,0,0,0,0,0,0,1.893,1.893,11.63,,,,,-1087.896,-1087.896,-1087.896,-1087.896,28.11,11.54,21.07,-7.52,false,false,-7.98,-8.58,營收動能同步衰退；累計營收負成長且當月改善不足；外資持股趨勢資料不足或期間有非市場異動；當下除權息調整價未守20日EMA；2日內除權息，等待價格重置
577,8215,明基材,TWSE,光電業,不建立部位,保護持有,protect,今天不新增部位；未完成確認前不機械式賣出,下一交易日收盤，確認是否收復防守區,已有部位暫停加碼；若收盤跌破60日EMA約 25.61，且下一交易日仍未收復，先減碼三分之一；若ETF或外資繼續轉弱，再分批降低部位。,未觸發明確減碼訊號,51.8,40,19.5,85,100,完整,25.25,25.25,11.38,6.31,-3.62,69.5,105.86,-0.96,,1.71,1.17,1,0,0,0,0,-15,0,-374.137,389.424,461.555,1635.257,0,0,0,-15,0,0,0,-0.9260000000000004,-10.759,1.84,-295,299,-57,,-372.982,390.34999999999997,472.314,1733.1240000000003,52.48,61.18,55.87,71.78,false,false,1.85,4.34,"單日成交金額低於5,000萬元"
578,1444,力麗,TWSE,紡織纖維,不建立部位,保護持有,protect,今天不新增部位；未完成確認前不機械式賣出,下一交易日收盤，確認是否收復防守區,已有部位暫停加碼；若收盤跌破60日EMA約 7.33，且下一交易日仍未收復，先減碼三分之一；若ETF或外資繼續轉弱，再分批降低部位。,ETF 5/10日同步減碼；外資持股5/10日下降且外資5日賣超,40.1,39.2,31.1,85,100,完整,7.08,7.08,-8.32,19.84,-1.41,44.94,88.37,0.14,,0.7,,1,0,-15,-15,-29,-79,0,-107.236,-375.81100000000004,-963.2189999999999,-604.4879999999998,0,-15,-29,-79,0,1,-106350,18,8,5.33,-81,-224,-787,,-103.236,-378.81100000000004,-942.2189999999999,-440.4879999999999,41.65,14.84,23,-1.49,false,false,-2.55,-1.26,"單日成交金額低於5,000萬元；ETF短中期同步減碼；外資持股5/10日下降，且外資5日賣超；當下除權息調整價未守20日EMA；單季稅前獲利對營業外貢獻依賴偏高"
579,5209,新鼎,TPEX,其他,不建立部位,優先降低風險,risk,依風險與流動性分批降低部位,風險解除且基本面與趨勢重新確認後,已有部位應優先降低曝險；目前觸發「單月與累計營收同步明顯衰退」。待事件解除或基本面重新確認後再評估。,單月與累計營收同步明顯衰退,38.3,38.9,45.1,85,100,可用,155.5,155.5,-25.02,-26.44,14.77,78.82,121.04,8.72,8.62,4.33,8.25,1,0,0,0,0,-1,0,-11.015,-11.015,-11.015,-11.015,0,0,0,0,0,0,0,-12.015,-12.015,2.12,,,,,1,1,1,1,38.42,16.67,20.8,8.43,false,false,-2.01,-2.51,"單日成交金額低於5,000萬元；營收動能同步衰退；累計營收負成長且當月改善不足；外資持股趨勢資料不足或期間有非市場異動；當下除權息調整價未守20日EMA"
580,3545,敦泰,TWSE,半導體業,不建立部位,優先降低風險,risk,依風險與流動性分批降低部位,風險解除且基本面與趨勢重新確認後,已有部位應優先降低曝險；目前觸發「單月與累計營收同步明顯衰退」。待事件解除或基本面重新確認後再評估。,單月與累計營收同步明顯衰退,48.7,38.1,34.9,85,100,可用,49.9,49.9,-14.27,-13.61,-5.92,33.53,207.81,0.64,,1.19,1.67,2,0,0,0,60,60,0,-46.364,-125.41399999999999,120.26000000000005,123.32600000000004,0,0,60,60,0,0,0,23.239000000000004,8.625000000000004,14.61,-433,-831,-1924,,-41.075,-148.653,51.63499999999999,121.91799999999994,48.98,47.36,51.27,39.54,false,true,0.16,-0.1,"單日成交金額低於5,000萬元；營收動能同步衰退；累計營收負成長且當月改善不足；外資持股趨勢資料不足或期間有非市場異動；單季稅前獲利對營業外貢獻依賴偏高"
581,6230,尼得科超眾,TWSE,電腦及週邊設備業,不建立部位,保護持有,protect,今天不新增部位；未完成確認前不機械式賣出,下一交易日收盤，確認是否收復防守區,已有部位暫停加碼；若收盤跌破60日EMA約 118.27，且下一交易日仍未收復，先減碼三分之一；若ETF或外資繼續轉弱，再分批降低部位。,未觸發明確減碼訊號,51.7,37.6,28.4,85,100,完整,110.5,110.75,-0.33,7.56,0.68,44.52,214.62,-1.82,,1.61,,1,0,0,0,0,0,0,1,53.101,48.19,21.447000000000003,0,0,0,0,0,0,0,1,1.089,87.09,1,52,40,,1,52.101,47.101,21.084,49.44,54.25,42.28,78.2,false,false,0.78,3.76,"單日成交金額低於5,000萬元；官方重大訊息出現高風險關鍵字，須查原文"
582,2208,台船,TWSE,航運業,不建立部位,保護持有,protect,今天不新增部位；未完成確認前不機械式賣出,下一交易日收盤，確認是否收復防守區,已有部位暫停加碼；若收盤跌破60日EMA約 19.34，且下一交易日仍未收復，先減碼三分之一；若ETF或外資繼續轉弱，再分批降低部位。,外資持股5/10日下降且外資5日賣超,46.5,37.5,21.3,85,100,完整,19.15,19.15,20.17,-26.52,-9.53,85.87,108.02,0.28,39.39,3.24,,1,0,0,0,0,-10,0,-65.595,-1920.183,-3273.449,-8540.3,0,0,0,-10.487,0,0,0,18,20,6.65,-62,-1938,-3293,,-61.595,-1938.183,-3293.449,-8508.813,48.31,19.57,20.95,16.81,true,true,-0.58,0.26,"單日成交金額低於5,000萬元；外資持股5/10日下降，且外資5日賣超；當下除權息調整價未守20日EMA；單季稅前獲利對營業外貢獻依賴偏高"
583,3558,神準,TPEX,通信網路業,不建立部位,保護持有,protect,今天不新增部位；未完成確認前不機械式賣出,下一交易日收盤，確認是否收復防守區,已有部位暫停加碼；若收盤跌破60日EMA約 128.16，且下一交易日仍未收復，先減碼三分之一；若ETF或外資繼續轉弱，再分批降低部位。,未觸發明確減碼訊號,40.6,37.5,34,85,100,可用,123,123,3.17,-14.05,1.15,56.65,127.18,0.81,57.24,1.21,2.45,1,0,0,0,0,0,0,-24.366,-24.366,-24.366,-24.366,0,0,0,0,0,0,0,-1.428,-1.428,3.04,,,,,-22.938,-22.938,-22.938,-22.938,43.02,22.62,31.98,3.92,false,true,-2.83,-1.99,"單日成交金額低於5,000萬元；累計營收負成長且當月改善不足；外資持股趨勢資料不足或期間有非市場異動；當下除權息調整價未守20日EMA"
584,2014,中鴻,TWSE,鋼鐵工業,不建立部位,保護持有,protect,今天不新增部位；未完成確認前不機械式賣出,下一交易日收盤，確認是否收復防守區,已有部位暫停加碼；若收盤跌破60日EMA約 17.32，且下一交易日仍未收復，先減碼三分之一；若ETF或外資繼續轉弱，再分批降低部位。,未觸發明確減碼訊號,46.1,37,23.1,85,85,完整,17.05,17.05,17.19,-5.05,1.16,53.43,139.58,0.07,,1.99,,1,0,0,0,0,4,0,-209.077,-577.764,2115.284,10120.521,0,0,0,3.595,0,0,0,15,15,7.27,-200,-650,1694,,-200.077,-592.764,2100.284,10169.926,46.6,30.05,38.37,13.4,false,true,-0.69,-0.87,"單日成交金額低於5,000萬元；當下除權息調整價未守20日EMA"
585,1314,中石化,TWSE,塑膠工業,不建立部位,優先降低風險,risk,依風險與流動性分批降低部位,風險解除且基本面與趨勢重新確認後,已有部位應優先降低曝險；目前觸發「單月與累計營收同步明顯衰退」。待事件解除或基本面重新確認後再評估。,單月與累計營收同步明顯衰退,60.5,36.9,21.1,85,100,完整,8.26,8.26,-35.6,-30.74,-9.51,39.62,167.64,-0.52,,0.41,,1,0,0,0,0,-66,0,10853.998,26700.073999999997,33900.306,18622.367999999995,0,0,0,-66.604,0,0,0,908.626,1190.9720000000002,9.92,9535,22722,19609,,10820.46,25791.447999999997,32709.334,16982.32899999999,57.2,66.44,62.84,73.63,true,true,3.19,4.56,營收動能同步衰退；累計營收負成長且當月改善不足
586,4188,安克,TPEX,生技醫療業,不建立部位,優先降低風險,risk,依風險與流動性分批降低部位,風險解除且基本面與趨勢重新確認後,已有部位應優先降低曝險；目前觸發「KD高檔死亡交叉（僅屬時機警示）」。待事件解除或基本面重新確認後再評估。,KD高檔死亡交叉（僅屬時機警示）；處置或交易限制事件,38.2,36.6,41.9,85,70,可用,14.55,14.55,56.55,-3.69,-311.28,4.75,1848.87,-0.45,,1.82,0,1,0,0,0,0,1,0,-1,-1,-1,-1,0,0,0,0,0,0,0,0,0,0.1,,,,,-1,-1,-1,-1,70.31,74.35,82.37,58.29,false,true,17.19,9.4,"單日成交金額低於5,000萬元；處置或交易限制風險；外資持股趨勢資料不足或期間有非市場異動；短線過熱或乖離過大；KD高檔死亡交叉，等待動能確認"
587,2601,益航,TWSE,航運業,不建立部位,優先降低風險,risk,依風險與流動性分批降低部位,風險解除且基本面與趨勢重新確認後,已有部位應優先降低曝險；目前觸發「外資持股5/10日下降且外資5日賣超」。待事件解除或基本面重新確認後再評估。,外資持股5/10日下降且外資5日賣超；單月與累計營收同步明顯衰退,50.4,36.4,27.8,85,73,可用,6.76,6.76,-53.33,-54.79,16.87,34.68,98.33,-0.2,,0.76,,1,0,0,0,0,3,0,-397.309,-1153.8380000000002,-3234.914,-3008.578,0,0,0,0,0,0,0,10,11,12.93,-396,-1164,-3246,,-396.309,-1163.8380000000002,-3245.914,-3003.578,52.65,24.37,37.94,-2.76,false,false,0.63,-5.72,"單日成交金額低於5,000萬元；營收動能同步衰退；累計營收負成長且當月改善不足；外資持股5/10日下降，且外資5日賣超"
588,1109,信大,TWSE,水泥工業,不建立部位,優先降低風險,risk,依風險與流動性分批降低部位,風險解除且基本面與趨勢重新確認後,已有部位應優先降低曝險；目前觸發「價格跌破60日EMA且20日趨勢向下」。待事件解除或基本面重新確認後再評估。,價格跌破60日EMA且20日趨勢向下；外資持股5/10日下降且外資5日賣超；單月與累計營收同步明顯衰退,38.4,35.7,53.2,85,73,可用,13.5,13.5,-20.64,-16.99,1.66,11.48,456.76,0.15,19.49,0.56,6.69,1,0,0,0,0,3,0,-30.003,-172.97099999999998,-105.61799999999998,-301.555,0,0,0,0,0,0,0,5.029,4.887999999999999,2.37,-29,-179,-128,,-29,-177.99999999999997,-110.50599999999997,-276.88,41.19,30.61,36.58,18.67,false,true,-0.83,0,"單日成交金額低於5,000萬元；營收動能同步衰退；累計營收負成長且當月改善不足；中期趨勢仍向下；外資持股5/10日下降，且外資5日賣超；20日趨勢尚未上彎；當下除權息調整價未守20日EMA"
589,6456,GIS-KY,TWSE,光電業,不建立部位,優先降低風險,risk,依風險與流動性分批降低部位,風險解除且基本面與趨勢重新確認後,已有部位應優先降低曝險；目前觸發「單月與累計營收同步明顯衰退」。待事件解除或基本面重新確認後再評估。,單月與累計營收同步明顯衰退,59.1,35.2,23.4,85,100,完整,70.4,70.4,-24.68,-22.66,-4.23,47.73,231.73,-3.76,,0.81,,1,0,0,1,2,2,0,-448.68,3562.906,4562.223,7516.692000000002,0,1,2,2,1,0,71600,171.77200000000002,106.07500000000003,46.22,-353,3623,4230,,-280.258,3390.134,4454.148000000001,7271.152000000002,54.84,61.47,63.19,58.04,false,true,3.6,3.99,營收動能同步衰退；累計營收負成長且當月改善不足
590,2023,燁輝,TWSE,鋼鐵工業,不建立部位,保護持有,protect,今天不新增部位；未完成確認前不機械式賣出,下一交易日收盤，確認是否收復防守區,已有部位暫停加碼；若收盤跌破60日EMA約 13.84，且下一交易日仍未收復，先減碼三分之一；若ETF或外資繼續轉弱，再分批降低部位。,未觸發明確減碼訊號,50.3,33.9,15.1,85,82,可用,13.7,13.7,10.99,-5.71,1.29,68.92,101.13,-0.52,,0.82,,1,0,0,0,0,5,0,1150.25,426.97499999999997,1725.8029999999999,1066.893,0,2,2,6.657,1,0,28300,-225.06,-196.06,4.03,1318,694,1956,,1354.31,650.0349999999999,1919.8629999999998,1413.679,46.41,43.54,49.17,32.28,true,true,-0.96,-1.08,"單日成交金額低於5,000萬元；外資持股趨勢資料不足或期間有非市場異動；當下除權息調整價未守20日EMA"
591,8476,台境*,TWSE,綠能環保,不建立部位,優先降低風險,risk,依風險與流動性分批降低部位,風險解除且基本面與趨勢重新確認後,已有部位應優先降低曝險；目前觸發「ETF 5/10日同步減碼」。待事件解除或基本面重新確認後再評估。,ETF 5/10日同步減碼；單月與累計營收同步明顯衰退,36,30.9,32,85,100,完整,19.35,19.35,-96.04,-6.72,5.87,57.13,181.25,0.12,69.29,1.68,1.03,1,0,-2,-2,-4,-11,0,-39,146.4,438.467,489.81899999999985,0,-2,-4,-11,0,1,-38800,2,2,1.48,-100,106,76,,-39,146.4,440.467,506.3309999999999,37.5,19.89,24.38,10.9,false,false,-3.84,-2.76,"單日成交金額低於5,000萬元；營收動能同步衰退；累計營收負成長且當月改善不足；ETF短中期同步減碼；當下除權息調整價未守20日EMA"
592,2530,華建,TWSE,建材營造,不建立部位,優先降低風險,risk,依風險與流動性分批降低部位,風險解除且基本面與趨勢重新確認後,已有部位應優先降低曝險；目前觸發「價格跌破60日EMA且20日趨勢向下」。待事件解除或基本面重新確認後再評估。,價格跌破60日EMA且20日趨勢向下；ETF 5/10日同步減碼；外資持股5/10日下降且外資5日賣超,44.7,29.9,23.4,85,100,完整,19.75,19.75,-99.96,-96.27,-19.93,67.08,170.33,-0.11,28.48,1.58,12.29,2,0,-12,-16,-16,-77,0,-972.099,-1814.158,-2121.26,-2468.0880000000006,0,-7,-7,-67.92999999999999,1,2,-131600,-39,-423,3.19,-2149,-2683,-2243,,-981.099,-1768.158,-1691.26,-1599.1580000000001,52.83,50.24,46.3,58.12,true,false,1.51,2.07,營收動能同步衰退；累計營收負成長且當月改善不足；中期趨勢仍向下；ETF短中期同步減碼；外資持股5/10日下降，且外資5日賣超；20日趨勢尚未上彎
593,6160,欣技,TPEX,電腦及週邊設備業,不建立部位,優先降低風險,risk,依風險與流動性分批降低部位,風險解除且基本面與趨勢重新確認後,已有部位應優先降低曝險；目前觸發「單月與累計營收同步明顯衰退」。待事件解除或基本面重新確認後再評估。,單月與累計營收同步明顯衰退,43.6,29.7,24,85,70,可用,15.05,15.1,-17.17,-18.06,-12.19,47.97,188.56,-0.82,,1.74,0,1,0,0,0,0,1,0,4,4,4,4,0,0,0,0,0,0,0,0,0,2.36,,,,,4,4,4,4,52.3,41.36,49.72,24.64,false,false,1.11,-2.27,"單日成交金額低於5,000萬元；營收動能同步衰退；累計營收負成長且當月改善不足；外資持股趨勢資料不足或期間有非市場異動"
594,8924,大田,TPEX,運動休閒,不建立部位,優先降低風險,risk,依風險與流動性分批降低部位,風險解除且基本面與趨勢重新確認後,已有部位應優先降低曝險；目前觸發「價格跌破60日EMA且20日趨勢向下」。待事件解除或基本面重新確認後再評估。,價格跌破60日EMA且20日趨勢向下；單月與累計營收同步明顯衰退,35.6,29.4,41.1,85,100,可用,50.5,50.5,-38.22,-1.33,-0.45,27.92,273.95,-0.58,18.29,1.08,8.55,1,0,0,0,0,-2,0,3.686,3.686,3.686,3.686,0,0,0,0,0,0,0,1.686,1.686,2.95,,,,,2,2,2,2,30.05,26.85,18.87,42.81,false,false,-1.69,0.2,"單日成交金額低於5,000萬元；營收動能同步衰退；累計營收負成長且當月改善不足；中期趨勢仍向下；外資持股趨勢資料不足或期間有非市場異動；20日趨勢尚未上彎；當下除權息調整價未守20日EMA"
595,3062,建漢,TWSE,通信網路業,不建立部位,保護持有,protect,今天不新增部位；未完成確認前不機械式賣出,下一交易日收盤，確認是否收復防守區,已有部位暫停加碼；若收盤跌破60日EMA約 22.42，且下一交易日仍未收復，先減碼三分之一；若ETF或外資繼續轉弱，再分批降低部位。,未觸發明確減碼訊號,40.9,28.8,26.2,85,100,可用,20.8,20.8,5.13,-0.85,-14.5,35.21,171.25,-0.88,,1.68,,1,0,0,0,0,0,0,-2.594,152.95200000000003,451.04400000000004,2824.179,0,0,0,0,0,0,0,-14.334,-70.242,9.79,-60,-131,-1060,,9,167.286,521.2860000000001,2912.151,46.89,53.79,53.36,54.63,false,false,-0.19,0.73,"單日成交金額低於5,000萬元；累計營收負成長且當月改善不足；外資持股趨勢資料不足或期間有非市場異動；當下除權息調整價未守20日EMA"
596,6823,濾能,TPEX,半導體業,不建立部位,保護持有,protect,今天不新增部位；未完成確認前不機械式賣出,下一交易日收盤，確認是否收復防守區,已有部位暫停加碼；若收盤跌破60日EMA約 65.66，且下一交易日仍未收復，先減碼三分之一；若ETF或外資繼續轉弱，再分批降低部位。,價格跌破60日EMA且20日趨勢向下,36.1,24.1,10.2,85,70,可用,61.3,61.3,-33.69,8.03,-46.47,59.08,104.4,-4.73,,3.83,0,1,0,0,0,0,2,0,36.816,36.816,36.816,36.816,0,0,0,0,0,0,0,0.816,0.816,22.59,,,,,36,36,36,36,41.25,44.74,48.24,37.75,false,true,-2.43,-2.08,"單日成交金額低於5,000萬元；中期趨勢仍向下；外資持股趨勢資料不足或期間有非市場異動；20日趨勢尚未上彎；當下除權息調整價未守20日EMA"
597,6988,威力暘-創,TWSE,汽車工業,不建立部位,優先降低風險,risk,依風險與流動性分批降低部位,風險解除且基本面與趨勢重新確認後,已有部位應優先降低曝險；目前觸發「價格跌破60日EMA且20日趨勢向下」。待事件解除或基本面重新確認後再評估。,價格跌破60日EMA且20日趨勢向下；外資持股5/10日下降且外資5日賣超；單月與累計營收同步明顯衰退,34,24,28,85,73,可用,11.4,11.53,-17.35,-13.42,-2.35,45,295.53,-0.2,,0.75,,1,0,0,0,0,1,0,-2,-85.084,-173.517,-287.579,0,0,0,0,0,0,0,12.916,12.483,3.28,-6,-98,-186,,-6,-98,-186,-284,30.69,29.25,28.02,31.71,false,false,-4.88,-1.3,"單日成交金額低於5,000萬元；營收動能同步衰退；累計營收負成長且當月改善不足；中期趨勢仍向下；外資持股5/10日下降，且外資5日賣超；20日趨勢尚未上彎；當下除權息調整價未守20日EMA"
598,6919,康霈*,TWSE,生技醫療業,不建立部位,優先降低風險,risk,依風險與流動性分批降低部位,風險解除且基本面與趨勢重新確認後,已有部位應優先降低曝險；目前觸發「價格跌破60日EMA且20日趨勢向下」。待事件解除或基本面重新確認後再評估。,價格跌破60日EMA且20日趨勢向下；ETF 5/10日同步減碼；外資持股5/10日下降且外資5日賣超,25,14.9,30.5,85,100,完整,91.2,91.2,-100,-82.2,-14263.34,2.37,6003.39,-0.21,,16.01,,3,-16,-16,-16,-16,-15,0,-7526.506,-16879.792,-14076.790000000005,-13971.014000000006,-48.175,-48.175,-56.175,-55.178999999999995,0,1,-4566990,236.17599999999996,182.53599999999997,13.93,-7650,-17227,-14362,,-7650.465,-17067.793,-14203.151000000002,-13980.990000000005,34.76,9.85,20.64,-11.73,false,false,-11.67,-13.55,營收動能同步衰退；累計營收負成長且當月改善不足；中期趨勢仍向下；ETF短中期同步減碼；ETF 1/3日已轉為減碼；外資持股5/10日下降，且外資5日賣超；20日趨勢尚未上彎；當下除權息調整價未守20日EMA