排名,代號,名稱,市場,產業,新部位建議,既有部位建議,既有部位說明,分數,信心度,收盤價,即時價,營收YoY%,累計營收YoY%,營益率%,負債比%,流動比率%,EPS,本益比,股價淨值比,殖利率%,ETF家數,ETF_1日增減張,ETF_3日增減張,ETF_5日增減張,ETF_10日增減張,ETF_20日增減張,主動ETF_5日增減張,法人1日張,法人5日張,法人10日張,法人20日張,投信買賣超1日張,投信買賣超5日張,投信買賣超10日張,投信買賣超20日張,投信5日買超天數,投信5日賣超天數,投信5日估算金額,自營商買賣超5日張,自營商買賣超10日張,外資持股比率%,外資持股1日增減張,外資持股5日增減張,外資持股10日增減張,外資持股20日增減張,外資買賣超1日張,外資買賣超5日張,外資買賣超10日張,外資買賣超20日張,RSI14,KD-K,KD-D,KD-J,KD近3日黃金交叉,KD近3日死亡交叉,距20EMA%,5日報酬%,淘汰原因
1,8271,宇瞻,TWSE,半導體業,等待確認,續抱觀察,已有部位可續抱觀察，但暫不追價；若收盤跌破60日EMA約 200.98 且法人籌碼轉弱，先減碼三分之一。,75.2,100,219.5,219.5,200.65,251.11,34.73,55.84,184.73,35.51,5.55,3.04,2,4,140,141,141,47,487,140,-1577.546,2895.957,2092.053,-514.2220000000002,140,143,49,489,3,0,31388500,-59.12600000000001,28.927999999999987,10.04,2594,4719,3373,,-1714.822,2812.0830000000005,2014.1250000000005,-1137.1129999999996,57.39,75.53,74.95,76.68,true,true,7.44,0.69,主動ETF當日持股未完整（21/22）；ETF加碼金額或跨基金共識不足
2,2347,聯強,TWSE,電子通路業,等待確認,續抱觀察,已有部位可續抱觀察，但暫不追價；若收盤跌破60日EMA約 87.12 且法人籌碼轉弱，先減碼三分之一。,74,88,91.7,91.7,135.45,77.39,,,,,16.3,1.99,4.48,23,30,554,1431,-3736,-888,13,-289.349,5463.074999999999,12461.661,13113.876,-106.501,551.499,-5359.845,-4858.719000000001,4,1,50572458,-1405.2670000000003,-1368.9130000000002,29.77,7745,6744,42452,,-121.466,6316.842999999999,19190.418999999998,22293.370999999992,56.55,67.64,62.15,78.62,true,false,3.69,3.5,主動ETF當日持股未完整（21/22）；20日趨勢尚未上彎
3,2451,創見,TWSE,半導體業,等待確認,續抱觀察,已有部位可續抱觀察，但暫不追價；若收盤跌破60日EMA約 272.95 且法人籌碼轉弱，先減碼三分之一。,73.7,100,281,281,381.55,422.17,73.7,28.68,309.01,46.63,5.1,3.29,4.02,18,-7,158,162,-1302,-1002,0,-4152.365,-2064.198,-6907.606,-10100.972,-4,175,-1229,-933,3,2,49175000,-45.008999999999986,176.53700000000003,10.69,2590,1000,-1493,,-4072.661,-2194.1890000000003,-5855.143000000001,-9264.701999999997,55.66,82.35,77.84,91.38,false,false,6.37,3.31,主動ETF當日持股未完整（21/22）
4,2027,大成鋼,TWSE,鋼鐵工業,等待確認,續抱觀察,已有部位可續抱觀察，但暫不追價；若收盤跌破60日EMA約 41.29 且法人籌碼轉弱，先減碼三分之一。,72.8,88,44.45,44.45,43.73,30.28,,,,,12.63,1.28,3.47,9,-2062,-1563,164,5125,13096,1246,3801.653,7774.372,44305.176,63671.67600000001,-5243.152,4072.6980000000003,4680.942000000001,9492.974000000002,2,3,181031426,-167.3649999999999,2042.5120000000002,21.75,-1839,412,44987,,8185.739,3869.0390000000007,37581.722,49349.62099999999,60.25,65.7,65.59,65.9,true,false,4.67,-0.22,主動ETF當日持股未完整（21/22）；ETF 1/3日已轉為減碼；ETF加碼金額或跨基金共識不足
5,2357,華碩,TWSE,電腦及週邊設備業,等待確認,續抱觀察,已有部位可續抱觀察，但暫不追價；若收盤跌破60日EMA約 716.98 且法人籌碼轉弱，先減碼三分之一。,72.8,88,799,799,55.63,38.85,,,,,14.47,2.1,5.19,43,-177,907,1416,1241,745,-131,8.231,7013.579999999999,13476.087,27904.654,-96.679,710.5329999999999,-32.04599999999999,-2127.7609999999995,4,1,567715867,978.089,1114.83,37.11,3482,5071,18972,,121.633,5324.9580000000005,12393.303,27562.119000000002,61.15,80.36,76.55,87.97,true,false,7.14,5.13,主動ETF當日持股未完整（21/22）；主動ETF 5日轉為減碼；ETF加碼金額或跨基金共識不足
6,3702,大聯大,TWSE,電子通路業,等待確認,續抱觀察,已有部位可續抱觀察，但暫不追價；若收盤跌破60日EMA約 108.71 且法人籌碼轉弱，先減碼三分之一。,72.3,87.9,116,116,131.85,55.18,,,,,13.74,2.1,3.38,31,-1087,-496,142,12601,19642,-28,1754.723,3238.6870000000004,7803.2,-3981.8060000000014,-1214.06,-679.56,11083.335000000001,15579.596000000001,4,1,-78828960,1049.9509999999998,2109.785,34.87,1101,-605,-21217,,2877.315,2868.2960000000003,-5389.919999999999,-23911.443,54.78,49.7,45.51,58.1,true,false,3.55,0,主動ETF當日持股未完整（21/22）；ETF 1/3日已轉為減碼；主動ETF 5日轉為減碼；ETF加碼，但外資持股5/10日同步下降；ETF加碼金額或跨基金共識不足
7,3706,神達,TWSE,電腦及週邊設備業,等待確認,續抱觀察,已有部位可續抱觀察，但暫不追價；若收盤跌破60日EMA約 87.46 且法人籌碼轉弱，先減碼三分之一。,71.9,88,89.5,89.5,80.93,44.8,,,,,16.68,1.75,4.58,15,-15,24,1199,5443,17409,0,3390.333,2297.459,11487.7,8527.811,-8,1231,5484,17724,3,2,110174500,-517.5129999999999,-1124.349,7.83,487,-3607,2350,,3393.181,1583.9719999999998,7128.048999999999,-6108.490000000002,51.95,46.05,45.28,47.58,true,false,0.87,-1.86,主動ETF當日持股未完整（21/22）；20日趨勢尚未上彎
8,2615,萬海,TWSE,航運業,等待確認,續抱觀察,已有部位可續抱觀察，但暫不追價；若收盤跌破60日EMA約 81.17 且法人籌碼轉弱，先減碼三分之一。,71.5,87.2,86.1,86.1,32.7,6.39,,,,,7.82,0.83,3.54,11,-14,29,109,460,79,0,2696.471,11988.532,38353.858,51136.88100000001,-3.645,160.857,525.737,116.596,3,1,13849788,143.05700000000002,-43.930999999999926,44.61,2264,6657,46655,,2740.69,11684.618,37872.052,51408.701,59.86,61.21,61.31,61.03,false,false,3.52,2.5,主動ETF當日持股未完整（21/22）；ETF加碼金額或跨基金共識不足
9,2317,鴻海,TWSE,其他電子業,等待確認,續抱觀察,已有部位可續抱觀察，但暫不追價；若收盤跌破60日EMA約 245.94 且法人籌碼轉弱，先減碼三分之一。,71.5,85,253,253,52.11,34.99,,,,,17.79,1.97,2.86,44,806,10500,17703,24442,37370,742,9141.318,17969.769,83995.141,75628.85899999998,213.516,6315.245,10449.342,14712.664999999999,5,0,1597756985,6670.2,9484.148000000001,40.23,47631,-5864,55355,,10136.158,4984.3240000000005,64061.651000000005,43863.209,54.53,58.06,52.01,70.17,true,false,3.16,0,主動ETF當日持股未完整（21/22）；外資持股趨勢資料不足或期間有非市場異動；20日趨勢尚未上彎；借券賣出與借券賣出餘額壓力升高
10,2637,慧洋-KY,TWSE,航運業,等待確認,續抱觀察,已有部位可續抱觀察，但暫不追價；若收盤跌破60日EMA約 77.93 且法人籌碼轉弱，先減碼三分之一。,71.3,87.7,83,83,57.92,32.32,,,,,11.01,1.16,4.47,8,-5,-8,-12,725,129,0,1252.21,2191.784,4499.509,18479.444000000003,847,1847,3938.866,5506.588000000001,5,0,153301000,3.3109999999999893,134.543,24.54,57,-2047,723,,443.989,341.473,426.1,12794.82,56.77,43.38,41.39,47.35,true,false,3.12,0.85,主動ETF當日持股未完整（21/22）；20日累積後5日轉為調節；ETF 1/3日已轉為減碼
11,6214,精誠,TWSE,資訊服務業,等待確認,續抱觀察,已有部位可續抱觀察，但暫不追價；若收盤跌破60日EMA約 136.24 且法人籌碼轉弱，先減碼三分之一。,70.8,88,148.5,148.5,76.9,37,,,,,16.14,2.21,3.9,7,-4,1,1,-2,-20,0,-1320.705,1832.336,3362.998,7908.475,-4.002,1.7999999999999998,-1.5430000000000001,205.79000000000002,1,1,267300,27.714,87.752,15.37,2484,3909,5306,,-1351,1802.822,3276.789,7603.894,59.66,74.48,73.31,76.81,false,false,4.32,2.06,主動ETF當日持股未完整（21/22）
12,2812,台中銀,TWSE,金融保險業,等待確認,續抱觀察,已有部位可續抱觀察，但暫不追價；若收盤跌破60日EMA約 20.14 且法人籌碼轉弱，先減碼三分之一。,69.8,92,20.65,20.65,16.56,22.61,,,,,13.23,1.32,5.17,8,4060,4043,4071,4112,6898,3938,2931.518,9567.311000000002,48712.34,87177.119,3904.676,3915.9539999999997,3956.3779999999997,6746.65,4,1,80864450,1455,1464.254,9.52,-910,20877,58001,,-1445.158,4196.357,43291.708,78971.847,58.77,61.98,64.45,57.05,false,true,0.9,-0.48,主動ETF當日持股未完整（21/22）；2日內除權息，等待價格重置；ETF加碼金額或跨基金共識不足
13,2603,長榮,TWSE,航運業,等待確認,續抱觀察,已有部位可續抱觀察，但暫不追價；若收盤跌破60日EMA約 202.11 且法人籌碼轉弱，先減碼三分之一。,69.7,88,207.5,207.5,30.01,-2.44,,,,,8.92,0.76,7.84,31,-291,891,1937,-92,-1170,224,3597.894,12763.272,31377.836,64058.105,-496.258,-56.78499999999998,-3373.79,-7754.171999999999,4,1,-11782887,814.982,790.5729999999999,21.56,1154,7009,43709,,4139.627,12005.074999999999,33961.053,68301.227,58.68,64.99,59.95,75.06,true,false,3.2,1.97,主動ETF當日持股未完整（21/22）
14,2395,研華,TWSE,電腦及週邊設備業,等待確認,暫停加碼／跌破減碼,已有部位暫停加碼；若收盤跌破60日EMA約 500.92，且下一交易日仍未收復，先減碼三分之一；若ETF或外資繼續轉弱，再分批降低部位。,69.6,100,576,576,73.39,32.18,19.04,40.5,171.12,9.05,43.68,9.85,1.98,30,20,295,635,1633,3258,121,60.901,208.192,-1365.607,-50.91899999999997,-750,228.66800000000003,1326.4830000000002,2680.7340000000004,4,1,131712768,349.489,572.652,35.13,-617,-639,-5474,,730.138,-369.96500000000003,-3264.742,-3636.2309999999984,60.74,50.58,53.45,44.85,false,false,5,-0.17,主動ETF當日持股未完整（21/22）；外資持股5/10日下降，且外資5日賣超
15,2610,華航,TWSE,航運業,等待確認,續抱觀察,已有部位可續抱觀察，但暫不追價；若收盤跌破60日EMA約 20.95 且法人籌碼轉弱，先減碼三分之一。,69.3,88,22.45,22.45,28.82,16.09,,,,,8.75,1.33,3.62,16,-2031,-1679,-538,10879,28814,0,7539.091,117271.67199999999,125173.52499999998,153429.27699999997,-2009.396,-434.98699999999985,11011.446,-13560.672000000006,4,1,-9765458,1926.554,1457.6350000000004,16.98,37629,110957,165245,,10116.837,115780.10500000001,112704.44400000002,168356.87900000002,60.25,77.75,64.87,103.49,false,false,4.1,5.65,主動ETF當日持股未完整（21/22）；20日累積後5日轉為調節；ETF 1/3日已轉為減碼；20日趨勢尚未上彎
16,3231,緯創,TWSE,電腦及週邊設備業,等待確認,續抱觀察,已有部位可續抱觀察，但暫不追價；若收盤跌破60日EMA約 155.59 且法人籌碼轉弱，先減碼三分之一。,68.2,85,186,186,53.85,94.01,,,,,17.65,2.94,3.13,42,4788,10582,16417,18023,21357,9627,25306.392,59496.71000000001,223851.55400000003,208632.57400000002,9288.339,18814.193,30693.571,23727.641000000003,5,0,3499439898,2566.7960000000003,7602.437999999999,31.8,14274,21952,237779,,13991.73,38115.721000000005,185555.54499999998,181407.583,65.92,77.24,71.25,89.21,true,true,13.61,5.08,主動ETF當日持股未完整（21/22）；外資持股趨勢資料不足或期間有非市場異動；短線過熱或乖離過大
17,2324,仁寶,TWSE,電腦及週邊設備業,等待確認,續抱觀察,已有部位可續抱觀察，但暫不追價；若收盤跌破60日EMA約 35.13 且法人籌碼轉弱，先減碼三分之一。,68.2,84.9,36.35,36.35,58.38,15.82,,,,,27.07,1.2,3.06,12,1397,2622,3743,6018,-5674,975,11194.906,27062.333000000002,62823.111000000004,90366.03800000002,1061.555,1565.535,1992.556,-15675.803,5,0,56907197,501.5279999999999,2089.43,36.19,20102,7182,64820,,9901.837,24995.27,58741.125,98057.714,52.4,52.87,48.71,61.19,true,false,1.49,-2.15,主動ETF當日持股未完整（21/22）；外資持股趨勢資料不足或期間有非市場異動
18,9945,潤泰新,TWSE,其他,等待確認,續抱觀察,已有部位可續抱觀察，但暫不追價；若收盤跌破60日EMA約 25.96 且法人籌碼轉弱，先減碼三分之一。,68.1,88,26.95,26.95,29.57,40.43,,,,,7.6,0.67,4.07,5,-5,-9,-9,21,-161,0,-1128.375,15237.564,22158.841999999997,32217.852000000003,-5,-9,21,-161,0,2,-242550,90.68699999999998,-18.759000000000025,7.79,6485,17824,34343,,-954.662,15155.877,22156.601000000002,32191.098000000005,58.5,63.65,56.03,78.88,true,false,2.16,2.28,主動ETF當日持股未完整（21/22）；ETF 1/3日已轉為減碼；20日趨勢尚未上彎
19,2887,台新新光金,TWSE,金融保險業,等待確認,續抱觀察,已有部位可續抱觀察，但暫不追價；若收盤跌破60日EMA約 31.22 且法人籌碼轉弱，先減碼三分之一。,68,92,35.3,35.3,329.5,334.28,,,,,17.62,1.58,3.06,34,848,16135,33605,112540,264329,9,1462.517,55462.926,61928.24600000001,147289.728,-953.974,7059.110000000001,38894.794,164024.29900000006,3,2,249186583,17377.205,15757.867999999999,23.13,49439,47177,-136375,,1368.383,31026.611,7275.584000000003,-62301.331,58.38,62.21,45.89,94.86,true,false,3.13,1,主動ETF當日持股未完整（21/22）；借券賣出與借券賣出餘額壓力升高
20,6533,晶心科,TWSE,半導體業,等待確認,續抱觀察,已有部位可續抱觀察，但暫不追價；若收盤跌破60日EMA約 213.25 且法人籌碼轉弱，先減碼三分之一。,67.7,88,231.5,231.5,247.04,62.07,,,,,,2.58,,1,0,20,23,23,23,0,441.733,1178.553,627.1170000000001,800.3460000000002,0,23,23,23,2,0,5324500,-3.2159999999999997,-23.621,11.91,401,636,526,,441.162,1158.769,627.7379999999998,752.328,58.97,51.49,38.74,76.98,true,false,8.17,8.43,主動ETF當日持股未完整（21/22）；ETF加碼金額或跨基金共識不足
21,2618,長榮航,TWSE,航運業,等待確認,暫停加碼／跌破減碼,已有部位暫停加碼；若收盤跌破60日EMA約 40.17，且下一交易日仍未收復，先減碼三分之一；若ETF或外資繼續轉弱，再分批降低部位。,66.8,88,43.7,43.7,26.58,16.36,,,,,8.22,1.73,4.62,29,-3053,-1415,499,-5468,-21245,-1687,9092.003,129707.88200000001,194060.627,431803.987,-3476.001,-5197.3240000000005,-13208.74,-46248.106999999996,2,3,-227123059,3391.175,3577.1119999999996,30.58,40121,138029,347422,,13613.595,131514.03100000002,203692.255,476852.96299999993,60.65,72.47,59.73,97.97,true,false,4.24,4.17,主動ETF當日持股未完整（21/22）；ETF 1/3日已轉為減碼；主動ETF 5日轉為減碼；投信5/10日持續且具金額意義的賣超；20日趨勢尚未上彎
22,1907,永豐餘,TWSE,造紙工業,等待確認,續抱觀察,已有部位可續抱觀察，但暫不追價；若收盤跌破60日EMA約 27.06 且法人籌碼轉弱，先減碼三分之一。,66.2,88,29.15,29.15,12.66,4.44,,,,,20.75,0.62,3.44,3,428,455,455,475,657,442,414.305,4798.813999999999,5074.933999999998,9722.401999999998,437.41,472.49,492.497,645.4549999999999,4,0,13773083,8,-28,12.72,653,2985,6667,,41.895,4318.324,4610.436999999999,9011.516,63.99,68.14,58.06,88.3,false,false,3.34,3.92,主動ETF當日持股未完整（21/22）
23,2356,英業達,TWSE,電腦及週邊設備業,等待確認,續抱觀察,已有部位可續抱觀察，但暫不追價；若收盤跌破60日EMA約 61.34 且法人籌碼轉弱，先減碼三分之一。,65.9,88,63.9,63.9,61.62,36.83,,,,,23.5,3.02,3.24,23,62,1172,2689,-7888,5747,0,12989.418,22398.932,40740.48499999999,26110.761,-207.142,950.9730000000001,-14975.966,-5937.330000000005,4,1,60767175,235.892,677.26,17.35,1452,19861,55652,,12570.486,21212.067000000003,55039.191000000006,33276.86100000002,52,57.37,46.72,78.65,true,true,2.32,0.16,主動ETF當日持股未完整（21/22）；20日趨勢尚未上彎
24,2476,鉅祥,TWSE,電子零組件業,等待確認,續抱觀察,已有部位可續抱觀察，但暫不追價；若收盤跌破60日EMA約 118.74 且法人籌碼轉弱，先減碼三分之一。,64.6,88,119,119,53.76,36.92,,,,,25.97,2.67,2.62,2,126,126,126,126,126,126,542.665,806.3,108.32799999999997,343.50899999999996,126,126,126,126,1,0,14994000,105.99499999999998,597.4399999999999,9.36,-275,-80,29,,328.383,574.305,-615.1120000000001,-847.306,49.2,52.55,41.05,75.54,true,false,0.31,0.42,主動ETF當日持股未完整（21/22）；20日趨勢尚未上彎
25,3005,神基,TWSE,電腦及週邊設備業,等待確認,續抱觀察,已有部位可續抱觀察，但暫不追價；若收盤跌破60日EMA約 108.00 且法人籌碼轉弱，先減碼三分之一。,64.6,88,114.5,114.5,28.59,7.54,,,,,13.99,3.04,5.96,14,-161,40,118,376,-644,-211,61.689,6044.445,6727.221,14748.311999999998,-212.157,-213.506,-232.44400000000002,-2090.306,3,2,-24446437,299.15000000000003,432.69399999999996,14.54,3302,5657,8872,,335,5958.8009999999995,6526.971,15372.688999999998,57.77,51.99,42.9,70.18,true,false,3.17,1.78,主動ETF當日持股未完整（21/22）；主動ETF 5日轉為減碼
26,2207,和泰車,TWSE,汽車工業,等待確認,續抱觀察,已有部位可續抱觀察，但暫不追價；若收盤跌破60日EMA約 490.55 且法人籌碼轉弱，先減碼三分之一。,64.3,88,522,522,48.36,13.06,,,,,16.34,3.92,3.58,15,-7,-7,-7,54,-71,0,-62.73,1860.141,1979.4350000000002,3096.6299999999997,-4.255,2.561,66.788,-64.69200000000002,3,1,1336842,-1.6129999999999995,-22.482000000000003,22.53,451,1966,2951,,-35.463,1859.193,1935.129,3137.8620000000005,59.93,68.61,72.7,60.44,false,true,3.71,4.82,主動ETF當日持股未完整（21/22）；ETF 1/3日已轉為減碼
27,1808,潤隆,TWSE,建材營造,等待確認,續抱觀察,已有部位可續抱觀察，但暫不追價；若收盤跌破60日EMA約 31.03 且法人籌碼轉弱，先減碼三分之一。,64.1,88,33.1,33.1,162537.27,17993.12,,,,,12.31,2.15,4.55,1,0,0,0,0,0,0,-475.8,1779.35,2382.279,5784.634999999999,0,0,0,0,0,0,0,188,185,4.8,1002,2325,6755,,-507.8,1591.35,2197.279,5528.634999999999,64.06,69.73,66.65,75.89,true,false,4.1,2.95,主動ETF當日持股未完整（21/22）
28,6669,緯穎,TWSE,電腦及週邊設備業,等待確認,暫停加碼／跌破減碼,"已有部位暫停加碼；若收盤跌破60日EMA約 5,004.54，且下一交易日仍未收復，先減碼三分之一；若ETF或外資繼續轉弱，再分批降低部位。",64,88,5925,5925,29.79,41.71,,,,,18.07,7.15,3.05,40,163,508,678,623,786,601,278.511,770.0439999999999,2311.9619999999995,3300.24,429.921,1366.0639999999999,2518.7659999999996,3931.9519999999998,5,0,8093929200,15.003000000000002,161.556,27.96,-205,-848,-35,,-131.166,-611.0229999999998,-368.35999999999984,-797.5789999999997,62.27,67.64,61.2,80.5,true,false,13,3.13,主動ETF當日持股未完整（21/22）；外資持股5/10日下降，且外資5日賣超；短線過熱或乖離過大
29,2383,台光電,TWSE,電子零組件業,等待確認,暫停加碼／跌破減碼,"已有部位暫停加碼；若收盤跌破60日EMA約 4,781.75，且下一交易日仍未收復，先減碼三分之一；若ETF或外資繼續轉弱，再分批降低部位。",63.9,100,4980,4980,120.69,81.82,24.72,63.23,135.5,42.46,74.2,29.15,0.53,50,358,695,905,1354,2411,540,-972.769,-1911.106,-2716.861,-3389.9669999999996,488.379,798.338,1354.409,2096.702,3,2,3975723240,50.23400000000001,-2.1829999999999856,43.09,-456,-1548,-2655,,-1385.068,-2759.678,-4069.0869999999995,-5669.552,51.4,53.02,43.3,72.46,true,false,2.86,3.43,主動ETF當日持股未完整（21/22）；外資持股5/10日下降，且外資5日賣超；20日趨勢尚未上彎
30,2425,承啟,TWSE,電腦及週邊設備業,等待確認,續抱觀察,已有部位可續抱觀察，但暫不追價；若收盤跌破60日EMA約 39.72 且法人籌碼轉弱，先減碼三分之一。,63.9,68,48.3,48.3,375.57,116.51,,,,,,1.81,0.21,1,-1,6,6,133,212,0,-834.218,1171.0690000000002,-208.82799999999963,-316.63899999999956,-1,6,133,212,2,1,289800,-11,-53.172,10.94,2139,1688,1120,,-832.218,1176.0690000000002,-288.65599999999984,-546.6519999999999,63.53,68.7,60.37,85.36,true,false,10.19,5,主動ETF當日持股未完整（21/22）
31,2845,遠東銀,TWSE,金融保險業,等待確認,續抱觀察,已有部位可續抱觀察，但暫不追價；若收盤跌破60日EMA約 12.97 且法人籌碼轉弱，先減碼三分之一。,63.3,92,13.35,13.35,20.15,17.21,,,,,15.34,0.92,4.67,7,0,5,2051,2551,5185,0,-2560.825,23864.059000000005,29081.102000000006,61031.51300000002,0,2051,2551,5149,4,0,27380850,-191.48199999999997,-240.24999999999997,9.69,11592,22788,38677,,-2324.13,22004.541,26770.352000000003,55670.65400000001,54.32,57.02,55.8,59.46,true,false,0.37,-0.37,主動ETF當日持股未完整（21/22）
32,2890,永豐金,TWSE,金融保險業,等待確認,續抱觀察,已有部位可續抱觀察，但暫不追價；若收盤跌破60日EMA約 36.45 且法人籌碼轉弱，先減碼三分之一。,63.3,92,40.05,40.05,50.94,55.23,,,,,19.43,2.22,3.2,30,501,11013,22160,84136,125143,9,2982.719,43422.312,73650.23999999999,143408.175,-94.858,8682.064,34805.357,55263.735000000015,4,1,347716663,7608.751,672.0580000000014,29.31,23312,41692,23832,,2710.853,27131.497,38172.825000000004,61358.962,59.27,66.08,57.53,83.19,false,false,2.65,1.14,主動ETF當日持股未完整（21/22）；借券賣出與借券賣出餘額壓力升高
33,2330,台積電,TWSE,半導體業,等待確認,暫停加碼／跌破減碼,"已有部位暫停加碼；若收盤跌破60日EMA約 2,316.14，且下一交易日仍未收復，先減碼三分之一；若ETF或外資繼續轉弱，再分批降低部位。",63.3,87.9,2370,2370,67.87,35.61,,,,,32.6,10.67,0.91,67,1470,18789,29855,39245,58439,1590,-10916.897,-2645.679000000002,-14503.349000000002,-80456.675,387.45,10327.414,13036.626000000002,19568.797000000002,5,0,24475971180,12791.437,13700.195,69.18,13210,-24706,-106761,,-9716.947,-25764.53,-41240.17,-126260.95,50.63,52.31,39.25,78.43,true,false,0.53,0.85,主動ETF當日持股未完整（21/22）；外資持股5/10日下降，且外資5日賣超；20日趨勢尚未上彎
34,2605,新興,TWSE,航運業,等待確認,續抱觀察,已有部位可續抱觀察，但暫不追價；若收盤跌破60日EMA約 31.55 且法人籌碼轉弱，先減碼三分之一。,63.1,68,31.2,31.2,51.62,32.98,,,,,14.52,1.01,3.29,1,0,2,2,6,187,0,1637.816,2741.3379999999997,5629.084999999999,11177.919,4,23,38,208,5,0,717600,-698.718,-1142.536,48.96,166,1644,10344,,1657.363,3417.056,6733.621000000001,12030.673000000003,51.08,33.52,39.64,21.28,false,false,0.64,-1.27,主動ETF當日持股未完整（21/22）
35,2884,玉山金,TWSE,金融保險業,等待確認,續抱觀察,已有部位可續抱觀察，但暫不追價；若收盤跌破60日EMA約 34.67 且法人籌碼轉弱，先減碼三分之一。,62.8,92,38.45,38.45,25.3,24.84,,,,,17.57,2.2,3.62,29,1153,12309,21866,35354,53415,504,-2446.409,58485.238,105418.757,271294.573,-210.552,3322.567,7145.2970000000005,3988.2519999999995,4,1,127752701,9422.073,12065.305,32.03,17840,60700,175323,,-2655.546,45740.598000000005,86208.15500000001,236612.8180000001,71.98,82.64,77.83,92.26,false,false,6.29,5.63,主動ETF當日持股未完整（21/22）
36,9938,百和,TWSE,其他,等待確認,暫停加碼／跌破減碼,已有部位暫停加碼；若收盤跌破60日EMA約 45.72，且下一交易日仍未收復，先減碼三分之一；若ETF或外資繼續轉弱，再分批降低部位。,62.4,88,45.9,45.9,21.21,0.03,,,,,13.26,1.05,6.58,4,312,312,300,263,240,314,-463.494,-2300.4010000000003,-5068.677,-3812.995,312,299.092,270.602,541.5859999999999,1,1,13728323,-153.17000000000002,574.942,7.98,-24,-798,-3196,,-755,-2446.3230000000003,-5914.2210000000005,-5140.363000000001,49.69,33.31,43.49,12.96,false,false,-0.41,-2.65,主動ETF當日持股未完整（21/22）；外資持股5/10日下降，且外資5日賣超；當下除權息調整價未守20日EMA；2日內除權息，等待價格重置
37,5522,遠雄,TWSE,建材營造,等待確認,續抱觀察,已有部位可續抱觀察，但暫不追價；若收盤跌破60日EMA約 68.43 且法人籌碼轉弱，先減碼三分之一。,62.2,88,65.1,65.1,2513.5,792.74,,,,,6.86,1.07,8.47,5,0,0,-8,11,107,0,-82,-113.68,-722.978,4041.7580000000003,2,1.0490000000000004,28.05,732.321,4,1,68290,6,-52.331,4.74,-41,-120,3077,,-8,-120.729,-698.697,3198.7680000000005,41.1,16.83,22.48,5.54,false,false,-2.04,-2.11,主動ETF當日持股未完整（21/22）；20日累積後5日轉為調節；當下除權息調整價未守20日EMA
38,6197,佳必琪,TWSE,電子零組件業,等待確認,續抱觀察,已有部位可續抱觀察，但暫不追價；若收盤跌破60日EMA約 298.64 且法人籌碼轉弱，先減碼三分之一。,62.1,88,302.5,302.5,45.21,25.04,,,,,28.2,7.73,2.39,2,61,61,61,62,113,61,26.633,329.56100000000004,205.695,-1544.9830000000002,61,64,66,52,4,0,19360000,106.71899999999997,118.59599999999998,6.59,26,526,1006,,-144.684,158.84199999999998,21.098999999999975,-1407.2440000000001,46.27,40.75,32.97,56.31,true,false,-2.44,-3.04,主動ETF當日持股未完整（21/22）；20日趨勢尚未上彎；當下除權息調整價未守20日EMA
39,3665,貿聯-KY,TWSE,其他電子業,等待確認,續抱觀察,"已有部位可續抱觀察，但暫不追價；若收盤跌破60日EMA約 2,057.42 且法人籌碼轉弱，先減碼三分之一。",62,84,2095,2095,63.79,33.97,,,,,42.38,8.78,0.72,38,241,776,1393,2857,3616,1043,-529.429,20.50999999999999,2104.244,3271.657,541.995,2422.298,6254.120999999999,8790.627999999997,5,0,5074714310,61.509,103.052,52.57,-243,-1190,-1298,,-1078.353,-2463.297,-4252.929,-5538.247000000001,52.3,52.7,59.55,38.99,false,true,2.62,-2.56,主動ETF當日持股未完整（21/22）；外資持股趨勢資料不足或期間有非市場異動；借券賣出與借券賣出餘額壓力升高
40,2834,臺企銀,TWSE,金融保險業,等待確認,續抱觀察,已有部位可續抱觀察，但暫不追價；若收盤跌破60日EMA約 17.38 且法人籌碼轉弱，先減碼三分之一。,61.7,92,18.2,18.2,-7.72,4.14,,,,,13.89,1.19,5.49,13,4873,4859,4981,4969,4688,4742,-27856.466,3600.497000000001,13785.139000000001,11804.899999999996,4742.954,4984.420999999999,5038.973999999999,4679.986,5,0,90716462,3649.592,3539.0609999999997,18.52,21221,14427,11409,,-33426.42,-5033.515999999997,5207.104000000005,3322.0940000000155,59.4,72.73,74.15,69.9,false,false,1.21,0,主動ETF當日持股未完整（21/22）；2日內除權息，等待價格重置
41,7769,鴻勁,TWSE,半導體業,等待確認,續抱觀察,"已有部位可續抱觀察，但暫不追價；若收盤跌破60日EMA約 6,293.84 且法人籌碼轉弱，先減碼三分之一。",61.6,87.9,6425,6425,106.54,91.6,,,,,77.12,17.73,1.05,30,77,131,170,248,437,105,207.552,426.1329999999999,392.2059999999999,349.795,339,518.913,542.461,903.284,3,2,3334016025,32.552,29.676999999999996,19.31,25,70,-363,,-136.418,-125.332,-179.932,-638.1100000000001,51.44,53.38,39.58,80.98,true,false,3.08,5.16,主動ETF當日持股未完整（21/22）；20日趨勢尚未上彎
42,3029,零壹,TWSE,資訊服務業,等待確認,續抱觀察,已有部位可續抱觀察，但暫不追價；若收盤跌破60日EMA約 102.51 且法人籌碼轉弱，先減碼三分之一。,61.3,88,104,104,13.58,9.41,,,,,16.1,3.6,5.02,3,-4,8,8,-2,-6,0,-781.689,2070.836,2629.4439999999995,5339.549999999999,-3.157,8.843,-1.9580000000000002,-5.679,1,2,919672,-11.471000000000002,-16.459000000000003,7.03,2533,3340,3780,,-761.996,2073.464,2647.861,5358.843000000001,51.77,52.84,47.52,63.47,true,false,0.7,0,主動ETF當日持股未完整（21/22）
43,3617,碩天,TWSE,其他電子業,等待確認,續抱觀察,已有部位可續抱觀察，但暫不追價；若收盤跌破60日EMA約 210.41 且法人籌碼轉弱，先減碼三分之一。,61.3,88,219,219,25.6,8.89,,,,,15.3,2.23,4.6,3,-1,6,6,4,4,0,53.162,265.72600000000006,584.888,480.4500000000001,-1.066,5.934,3.8200000000000003,3.8200000000000003,1,1,1299546,-38.080000000000005,-24.317000000000004,8.87,214,216,-213,,97.438,297.872,605.385,490.636,53.52,58.63,43.65,88.59,true,true,2.38,3.06,主動ETF當日持股未完整（21/22）；20日趨勢尚未上彎
44,8114,振樺電,TWSE,電腦及週邊設備業,等待確認,續抱觀察,已有部位可續抱觀察，但暫不追價；若收盤跌破60日EMA約 205.53 且法人籌碼轉弱，先減碼三分之一。,61.3,88,215,215,19.14,-25.79,,,,,13.03,1.97,5.87,3,0,5,5,2,2,0,554.152,323.36400000000003,2629.6330000000003,3118.9410000000003,0,5,230,389,1,0,1075000,31.883000000000006,54.563,14.54,25,-437,1753,,562.775,286.481,2345.0699999999997,2672.0029999999997,54.01,36.7,42.92,24.26,false,false,4.15,-1.15,主動ETF當日持股未完整（21/22）
45,1736,喬山,TWSE,運動休閒,等待確認,續抱觀察,已有部位可續抱觀察，但暫不追價；若收盤跌破60日EMA約 126.59 且法人籌碼轉弱，先減碼三分之一。,61.1,88,130,130,14.49,9.38,,,,,14.95,2.65,3.66,2,116,116,116,116,116,116,214.14,-193.329,-793.9190000000001,-320.89300000000014,219,277,429,573,4,1,36010000,5.234,-15.123999999999999,5.09,-172,85,-895,,6.14,-475.56300000000005,-1207.795,-920.567,50.92,30.83,35.94,20.62,false,false,0.05,-2.62,主動ETF當日持股未完整（21/22）；20日趨勢尚未上彎；2日內除權息，等待價格重置
46,2527,宏璟,TWSE,建材營造,等待確認,續抱觀察,已有部位可續抱觀察，但暫不追價；若收盤跌破60日EMA約 40.75 且法人籌碼轉弱，先減碼三分之一。,61.1,88,45.05,45.05,365.12,2533.23,,,,,8.79,0.54,3.37,1,0,1,1,3,86,0,-215.127,65.815,-138.949,3731.363,0,1,3,86,1,0,45050,118.68999999999998,116.81599999999997,44.23,251,622,3378,,-184,-53.87500000000003,-258.765,3443.7980000000002,53.11,32.95,34.74,29.38,false,false,1.46,-3.64,主動ETF當日持股未完整（21/22）
47,2059,川湖,TWSE,電子零組件業,等待確認,暫停加碼／跌破減碼,"已有部位暫停加碼；若收盤跌破60日EMA約 6,823.32，且下一交易日仍未收復，先減碼三分之一；若ETF或外資繼續轉弱，再分批降低部位。",61.1,87.9,8635,8635,220.52,98.95,,,,,69.19,23.73,0.65,33,27,87,129,172,368,73,40.086,200.406,554.529,533.8049999999998,140.085,358.505,560.684,1156.193,5,0,3095690675,54.991,-13.681000000000004,23.83,-20,-190,-352,,-91.041,-213.09,7.525999999999968,-677.8629999999999,60.6,57.67,41.83,89.35,true,false,10.61,4.35,主動ETF當日持股未完整（21/22）；外資持股5/10日下降，且外資5日賣超；20日趨勢尚未上彎
48,6277,宏正,TWSE,電腦及週邊設備業,等待確認,續抱觀察,已有部位可續抱觀察，但暫不追價；若收盤跌破60日EMA約 73.61 且法人籌碼轉弱，先減碼三分之一。,60.8,88,77.4,77.4,35.12,12.79,,,,,24.68,2.06,4.36,2,0,1,1,1,38,0,-178.49,623.608,1261.263,1418.569,0,1,1,38,1,0,77400,6.050000000000001,9.05,10.8,403,967,1518,,-169.51,616.558,1251.213,1365.098,54.04,45.42,43.75,48.74,true,false,1.67,-1.9,主動ETF當日持股未完整（21/22）
49,1232,大統益,TWSE,食品工業,等待確認,續抱觀察,已有部位可續抱觀察，但暫不追價；若收盤跌破60日EMA約 150.28 且法人籌碼轉弱，先減碼三分之一。,60.3,100,153.5,153.5,16.3,9.34,8.36,46.42,205.52,4.71,17.11,4.48,4.66,1,0,0,0,2,30,0,-121.561,197.10699999999997,299.36199999999997,490.7629999999999,0,0,2,28,0,0,0,0,0.35799999999999965,2.9,21,560,851,,-118.561,197.10699999999997,297.00399999999996,460.418,51.72,21.92,23.09,19.58,false,false,0.07,0,主動ETF當日持股未完整（21/22）
50,6024,群益期,TWSE,金融保險業,等待確認,續抱觀察,已有部位可續抱觀察，但暫不追價；若收盤跌破60日EMA約 57.41 且法人籌碼轉弱，先減碼三分之一。,60.2,92,58.3,58.3,124.15,-29.03,,,,,9.77,1.34,5.95,2,-4,15,15,15,139,0,-104.902,52.34299999999996,53.01399999999996,570.5519999999999,-4,2,2,126,1,1,116600,-3,-3,4.88,414,140,-71,,-92.902,53.34299999999996,54.01399999999996,440.5519999999999,43.45,34.01,41.9,18.23,false,false,-1.74,-3.85,主動ETF當日持股未完整（21/22）；當下除權息調整價未守20日EMA
51,2915,潤泰全,TWSE,貿易百貨,等待確認,續抱觀察,已有部位可續抱觀察，但暫不追價；若收盤跌破60日EMA約 50.17 且法人籌碼轉弱，先減碼三分之一。,60.2,88,52.5,52.5,12.84,-22.99,,,,,6.12,0.49,3.64,3,0,0,0,0,-200,0,651.127,6142.842000000001,7371.9490000000005,4633.231000000002,0,0,0,-200,0,0,0,79.257,59.861000000000004,5.79,1653,5069,9457,,707.127,6063.585000000001,7312.088000000001,4684.526000000002,57.86,59.9,46.99,85.71,true,false,1.88,1.94,主動ETF當日持股未完整（21/22）；20日趨勢尚未上彎
52,4938,和碩,TWSE,電腦及週邊設備業,等待確認,續抱觀察,已有部位可續抱觀察，但暫不追價；若收盤跌破60日EMA約 83.54 且法人籌碼轉弱，先減碼三分之一。,60.2,88,86.6,86.6,15.89,-3.93,,,,,19.4,1.11,4.75,26,386,1430,2136,-3541,-13608,187,4368.043,3820.593,32244.844,42350.026999999995,188.607,862.6659999999999,-5892.972,-19472.828,5,0,74706876,1213.761,1606.288,30.38,1791,-3028,33274,,4112.901,1744.1660000000004,36531.528,56249.03699999999,55.3,47.18,44.41,52.73,true,false,3.02,-0.92,主動ETF當日持股未完整（21/22）；20日趨勢尚未上彎
53,2882,國泰金,TWSE,金融保險業,等待確認,續抱觀察,已有部位可續抱觀察，但暫不追價；若收盤跌破60日EMA約 93.80 且法人籌碼轉弱，先減碼三分之一。,60.1,92,100.5,100.5,-42.04,436.35,,,,,15.4,2.03,3.45,31,6756,16292,27063,24643,15725,320,621.722,23561.620000000003,50040.381,90197.631,6596.709,18648.207000000002,12825.215000000002,-1290.106999999999,5,0,1874144804,5812.862999999999,6511.009999999999,23.11,16630,5264,52772,,-5442.173,-899.4499999999971,30704.156000000003,79791.643,56.88,64.84,54.78,84.95,true,false,3.16,2.03,主動ETF當日持股未完整（21/22）
54,2049,上銀,TWSE,電機機械,等待確認,續抱觀察,已有部位可續抱觀察，但暫不追價；若收盤跌破60日EMA約 321.37 且法人籌碼轉弱，先減碼三分之一。,60.1,88,332,332,31.62,18.05,,,,,66.34,2.87,0.66,11,429,430,431,323,315,430,1229.525,1257.0389999999998,2047.3449999999996,3383.9139999999993,659.616,600.354,491.1740000000001,584.1500000000001,3,2,199317528,-18.45300000000001,128.335,36.66,296,68,1778,,445.593,675.1379999999999,1427.8359999999998,2975.7429999999995,54.01,54.82,40.87,82.71,true,false,5.01,2.79,主動ETF當日持股未完整（21/22）；20日趨勢尚未上彎
55,2542,興富發,TWSE,建材營造,等待確認,續抱觀察,已有部位可續抱觀察，但暫不追價；若收盤跌破60日EMA約 42.76 且法人籌碼轉弱，先減碼三分之一。,59.8,84.8,43.85,43.85,16.47,461.12,,,,,13.54,1.68,9.09,10,-122,-122,68,20330,38412,0,-1100.042,4689.448,3452.618000000001,14824.878,-122,85,20354.6,38504.6,3,2,3727250,628.21,4835.620000000001,8.18,474,5911,-6833,,-801.136,3976.2380000000003,-21737.602000000003,-28466.500000000004,51.57,55.9,55.35,57,true,false,0.22,0.8,主動ETF當日持股未完整（21/22）；ETF 1/3日已轉為減碼；外資持股趨勢資料不足或期間有非市場異動
56,6446,藥華藥,TWSE,生技醫療業,等待確認,續抱觀察,"已有部位可續抱觀察，但暫不追價；若收盤跌破60日EMA約 1,019.56 且法人籌碼轉弱，先減碼三分之一。",59.7,85,1165,1165,94.88,74.59,,,,,66.46,11.44,0.24,17,0,7,17,160,387,6,151.248,-287.71599999999995,-1105.74,-3748.885,-0.41,19.856,135.36700000000002,346.154,3,1,23132240,54.89900000000001,58.278999999999996,24.96,10003,10493,9529,,151.118,-362.471,-1299.386,-4137.255000000001,52.99,34.25,20.41,61.94,true,false,1.89,-2.51,主動ETF當日持股未完整（21/22）；外資持股趨勢資料不足或期間有非市場異動；20日趨勢尚未上彎；借券賣出與借券賣出餘額壓力升高
57,3017,奇鋐,TWSE,電腦及週邊設備業,等待確認,暫停加碼／跌破減碼,"已有部位暫停加碼；若收盤跌破60日EMA約 2,366.83，且下一交易日仍未收復，先減碼三分之一；若ETF或外資繼續轉弱，再分批降低部位。",59.5,87.8,2550,2550,66.11,85.46,,,,,38.12,20.16,0.91,43,273,904,1214,1490,2155,836,1440.199,1791.3300000000002,2946.39,280.9839999999994,571,1546.754,3029.6599999999994,3534.573999999999,4,1,3944222700,248.50400000000002,386.47300000000007,52.19,-355,-1091,-3632,,825.06,-3.9279999999999973,-469.7429999999999,-3469.09,57.58,63.56,53.07,84.54,true,false,9.71,6.25,主動ETF當日持股未完整（21/22）；外資持股5/10日下降，且外資5日賣超；20日趨勢尚未上彎
58,2885,元大金,TWSE,金融保險業,等待確認,續抱觀察,已有部位可續抱觀察，但暫不追價；若收盤跌破60日EMA約 62.33 且法人籌碼轉弱，先減碼三分之一。,59.1,91.9,68,68,72.83,142.25,,,,,20.95,2.53,3.23,39,4140,13523,22550,26580,44262,5311,60.564,26662.499,82212.05799999999,48669.19799999998,3892.626,13844.096000000001,14958.849,14847.154000000002,5,0,941398528,7766.031,5023.566000000001,26.93,22310,10061,15680,,-3563.505,5052.372000000001,62229.643000000004,13482.768000000005,59.03,67.8,52.4,98.59,false,false,4.37,5.1,主動ETF當日持股未完整（21/22）；20日趨勢尚未上彎；借券賣出與借券賣出餘額壓力升高
59,2345,智邦,TWSE,通信網路業,等待確認,暫停加碼／跌破減碼,"已有部位暫停加碼；若收盤跌破60日EMA約 2,272.55，且下一交易日仍未收復，先減碼三分之一；若ETF或外資繼續轉弱，再分批降低部位。",59.1,87.8,2335,2335,61.16,60.28,,,,,40.19,18.18,0.71,48,109,686,1111,1423,2810,577,-502.536,-483.62699999999995,-1023.904,-2963.6029999999996,153.55,528.803,975.4269999999999,2265.9069999999997,5,0,1234755005,11.224000000000004,-32.105999999999995,57.61,-129,-485,-2711,,-533.209,-1023.6539999999999,-1967.225,-4932.670999999999,52.57,52.42,38.92,79.42,true,false,4.49,4.24,主動ETF當日持股未完整（21/22）；外資持股5/10日下降，且外資5日賣超；20日趨勢尚未上彎
60,2801,彰銀,TWSE,金融保險業,等待確認,續抱觀察,已有部位可續抱觀察，但暫不追價；若收盤跌破60日EMA約 23.07 且法人籌碼轉弱，先減碼三分之一。,58.8,92,25.4,25.4,9.51,14.62,,,,,15.75,1.31,4.17,18,4192,4192,4993,37694,56955,4131,-19724.578,-9041.170000000004,-1032.288000000004,29279.821,4244.253,5247.5599999999995,38038.036,57174.944,4,1,133288024,7849.465999999999,7767.216999999999,17.3,7112,211,-42414,,-23335.831,-22138.195999999996,-46837.541,-35935.147000000004,72.73,79.46,78.8,80.78,true,false,4.57,2.83,主動ETF當日持股未完整（21/22）；2日內除權息，等待價格重置
61,2301,光寶科,TWSE,電腦及週邊設備業,等待確認,暫停加碼／跌破減碼,已有部位暫停加碼；若收盤跌破60日EMA約 207.38，且下一交易日仍未收復，先減碼三分之一；若ETF或外資繼續轉弱，再分批降低部位。,58.7,100,229.5,229.5,36.98,25.08,12.8,59.6,138.63,4.8,30.74,5.38,2.39,25,203,1565,4215,5879,2055,0,199.003,-5666.594,3645.196,-1637.4509999999982,-3.929,1718.507,1987.7979999999998,-5077.202,3,2,394397357,2251.123,3379.6580000000004,40.81,3315,-12506,-7679,,-543.188,-9636.224,-1722.2600000000004,-2768.8110000000006,58.37,61.03,46.95,89.19,true,false,9.61,8.25,主動ETF當日持股未完整（21/22）；外資持股5/10日下降，且外資5日賣超；20日趨勢尚未上彎
62,3037,欣興,TWSE,電子零組件業,等待確認,續抱觀察,已有部位可續抱觀察，但暫不追價；若收盤跌破60日EMA約 850.96 且法人籌碼轉弱，先減碼三分之一。,58.5,100,865,865,36.31,28.42,11.71,59.23,176.35,11.7,52.4,10.1,0.25,47,508,2369,3425,5309,8623,1689,2404.603,-2318.33,1300.3499999999995,-34684.952,763.577,5481.450000000001,8719.241000000002,17653.765000000003,5,0,4741454250,786.9459999999999,774.1399999999999,35.86,-743,-11964,18266,,1785.144,-8586.726,-8193.031,-53085.91500000001,50.9,48.38,37.16,70.83,true,false,3.17,2,主動ETF當日持股未完整（21/22）；外資持股趨勢資料不足或期間有非市場異動；20日趨勢尚未上彎；單季稅前獲利對營業外貢獻依賴偏高
63,2535,達欣工,TWSE,建材營造,等待確認,續抱觀察,已有部位可續抱觀察，但暫不追價；若收盤跌破60日EMA約 85.43 且法人籌碼轉弱，先減碼三分之一。,58.3,88,89.4,89.4,19.94,22.31,,,,,10.58,2.32,5.22,2,156,156,156,156,160,156,-38.108,261.301,230.08499999999995,-61.05600000000004,156,159,161,163,4,0,14214600,-39.736000000000004,-57.480000000000004,7.27,232,325,149,,-158,142.03699999999998,126.56499999999997,-141.43400000000003,55.81,63.82,49.78,91.89,true,false,1.62,3.59,主動ETF當日持股未完整（21/22）；20日趨勢尚未上彎
64,2006,東和鋼鐵,TWSE,鋼鐵工業,等待確認,續抱觀察,已有部位可續抱觀察，但暫不追價；若收盤跌破60日EMA約 70.31 且法人籌碼轉弱，先減碼三分之一。,58.2,100,80.4,80.4,9.01,-1.3,12.1,35.77,165.62,4.07,9.91,1.59,5.76,11,-236,-225,28,808,3158,-227,4218.325,8196.353,13533.988,20988.055999999997,-232.119,50.08099999999999,796.676,3132.5939999999996,4,1,4026512,41.906000000000006,-13.359999999999992,25.8,1619,5722,14061,,4442.441,8104.366,12750.672,17859.482000000004,81.31,89.84,84.1,101.33,false,false,11.17,10.14,主動ETF當日持股未完整（21/22）；累計營收負成長且當月改善不足；ETF 1/3日已轉為減碼；主動ETF 5日轉為減碼；短線過熱或乖離過大
65,2305,全友,TWSE,電腦及週邊設備業,等待確認,暫停加碼／跌破減碼,已有部位暫停加碼；若收盤跌破60日EMA約 29.21，且下一交易日仍未收復，先減碼三分之一；若ETF或外資繼續轉弱，再分批降低部位。,58.2,88,31.95,31.95,142.33,79.62,,,,,111.48,2.59,,1,-1,8,8,141,217,0,-218.663,-111.25600000000003,-5029.25,-6548.547,-1,8,141,217,2,1,255600,-9.729,-4.224999999999999,4.18,-2166,-644,-4959,,-158.306,-109.52700000000016,-5166.025000000001,-6635.362000000001,49.45,37.16,25.91,59.66,true,false,-0.86,0.31,主動ETF當日持股未完整（21/22）；外資持股5/10日下降，且外資5日賣超；20日趨勢尚未上彎；當下除權息調整價未守20日EMA
66,3034,聯詠,TWSE,半導體業,等待確認,續抱觀察,已有部位可續抱觀察，但暫不追價；若收盤跌破60日EMA約 490.09 且法人籌碼轉弱，先減碼三分之一。,58.2,88,519,519,18.96,-2.75,,,,,21.27,4.39,4.43,49,-145,368,603,-896,556,-159,-22.784,3632.5159999999996,9536.785999999998,20105.663999999997,-193.56,285.17199999999997,-1480.571,-973.067,3,2,148004268,174.22199999999998,351.941,41.07,2032,4665,27616,,173.435,3173.122,10665.416,22237.869,54.95,71.56,67.47,79.73,false,false,3.13,0.19,主動ETF當日持股未完整（21/22）；主動ETF 5日轉為減碼；20日趨勢尚未上彎
67,3653,健策,TWSE,電子零組件業,等待確認,暫停加碼／跌破減碼,"已有部位暫停加碼；若收盤跌破60日EMA約 3,555.45，且下一交易日仍未收復，先減碼三分之一；若ETF或外資繼續轉弱，再分批降低部位。",58.2,88,3770,3770,57.64,26.64,,,,,95.3,23.86,0.63,34,77,353,652,859,1034,519,314.235,303.295,527.565,791.3489999999999,224,1500.391,2122.587,2318.8679999999995,5,0,5656474070,34.133,140.21699999999998,25.64,-246,-1080,-1727,,90.653,-1231.2289999999998,-1735.2389999999998,-1710.8639999999996,58.26,57.73,50.68,71.84,true,false,10.08,6.95,主動ETF當日持股未完整（21/22）；外資持股5/10日下降，且外資5日賣超；20日趨勢尚未上彎
68,3711,日月光投控,TWSE,半導體業,等待確認,續抱觀察,已有部位可續抱觀察，但暫不追價；若收盤跌破60日EMA約 585.48 且法人籌碼轉弱，先減碼三分之一。,58,84.5,610,610,32.86,22.02,,,,,51.53,6.95,1.19,57,217,2131,4747,6381,13475,279,6115.449,-4400.7080000000005,-4886.215,-21340.766,382.486,1645.279,2764.736,15109.695000000002,5,0,1003620190,3272.037,4356.611,76.68,-4093,-16622,-39203,,5452.644,-9318.024,-12007.562,-42568.767,50.24,40.79,31.21,59.96,true,false,1.07,0.33,主動ETF當日持股未完整（21/22）；外資持股趨勢資料不足或期間有非市場異動；20日趨勢尚未上彎
69,2412,中華電,TWSE,通信網路業,等待確認,續抱觀察,已有部位可續抱觀察，但暫不追價；若收盤跌破60日EMA約 139.00 且法人籌碼轉弱，先減碼三分之一。,57.7,88,139,139,11.4,7.83,,,,,27.73,2.73,3.73,36,-495,2967,3905,5619,18389,-2174,1048.132,41152.394,78653.959,92996.684,-632.434,581.8460000000001,921.925,11568.63,3,2,80876594,1833.446,3847.354,17.36,7849,50758,123626,,1908.566,38737.102000000006,73884.68000000001,86760.132,49.09,56.07,67.68,32.85,false,true,-0.1,-1.07,主動ETF當日持股未完整（21/22）；主動ETF 5日轉為減碼；20日趨勢尚未上彎；當下除權息調整價未守20日EMA
70,1101,台泥,TWSE,水泥工業,等待確認,續抱觀察,已有部位可續抱觀察，但暫不追價；若收盤跌破60日EMA約 24.05 且法人籌碼轉弱，先減碼三分之一。,57.6,88,23.8,23.8,32.4,1.54,,,,,,0.77,3.29,7,-26,8,27,-41,-3890,0,-23763.475,405.8709999999992,22916.702999999998,-1844.9230000000039,4,176,150,-3781,5,0,4188800,683.2019999999999,387.2889999999999,14.45,-5908,37162,114152,,-23554.419,-453.3309999999983,22379.414,2976.2910000000074,48.6,37.51,55.85,0.83,false,false,-0.56,-2.46,主動ETF當日持股未完整（21/22）；當下除權息調整價未守20日EMA
71,2883,凱基金,TWSE,金融保險業,等待確認,續抱觀察,已有部位可續抱觀察，但暫不追價；若收盤跌破60日EMA約 27.62 且法人籌碼轉弱，先減碼三分之一。,57.5,92,30.4,30.4,-23.3,241.65,,,,,17.33,1.54,3.24,25,12216,23835,40627,56852,77499,-266,2347.254,59205.939000000006,150911.784,265908.395,10520.086,19655.17,24463.653999999995,10645.125,4,1,597517168,14087.658,15443.266,26.46,56439,35739,162393,,-8512.896,25463.111000000004,111004.864,212270.415,55.83,57.11,50.98,69.35,true,false,1.88,-0.98,主動ETF當日持股未完整（21/22）；主動ETF 5日轉為減碼
72,2881,富邦金,TWSE,金融保險業,等待確認,續抱觀察,已有部位可續抱觀察，但暫不追價；若收盤跌破60日EMA約 118.99 且法人籌碼轉弱，先減碼三分之一。,57.4,92,129.5,129.5,-53.65,466.35,,,,,17.88,1.99,3.27,35,6218,14169,22964,28551,35932,2202,1524.812,20296.302,36259.712,58549.896,5904.525,15624.133000000002,18311.976,21427.087,5,0,2023325224,4914.378000000001,4793.905000000001,18.43,6290,5992,29351,,-4135.602,-242.20900000000074,13153.830999999998,28080.735,56.78,69.46,61.05,86.29,true,false,2.57,-0.38,主動ETF當日持股未完整（21/22）；借券賣出與借券賣出餘額壓力升高
73,2892,第一金,TWSE,金融保險業,等待確認,暫停加碼／跌破減碼,已有部位暫停加碼；若收盤跌破60日EMA約 32.34，且下一交易日仍未收復，先減碼三分之一；若ETF或外資繼續轉弱，再分批降低部位。,57.4,92,35.95,35.95,9.73,22.32,,,,,18.85,1.78,3.54,25,2719,9462,16252,47569,89429,3181,-18113.496,13780.944000000003,19124.958000000006,119036.884,2295.232,6350.032999999999,33622.715,68904.10499999998,5,0,228283686,14683.660999999998,15991.060999999998,25.15,14652,17986,9088,,-22190.049,-7252.749999999998,-30488.818,28907.034,68.38,83.38,83.51,83.11,false,true,4.53,3.3,主動ETF當日持股未完整（21/22）；KD高檔死亡交叉，等待動能確認
74,6670,復盛應用,TWSE,運動休閒,等待確認,續抱觀察,已有部位可續抱觀察，但暫不追價；若收盤跌破60日EMA約 264.49 且法人籌碼轉弱，先減碼三分之一。,57.4,88,259.5,259.5,7.85,9.91,,,,,12.32,2.1,6.3,8,17,27,27,-219,-568,19,108.864,-125.89299999999997,670.563,859.809,17,29,-215.44400000000002,-792.0699999999999,3,1,7525500,-41.43,-130.407,24.12,-313,194,1631,,106,-113.463,1016.414,1909.2200000000003,46.24,38.92,53.87,9.02,false,false,-1.24,-4.95,主動ETF當日持股未完整（21/22）；當下除權息調整價未守20日EMA
75,2408,南亞科,TWSE,半導體業,等待確認,停止加碼／開始減碼,已有部位先停止加碼。反彈若仍未站回 399.73，分批降低部位；只有站回且ETF／外資賣壓收斂後才重新評估。,57.1,88,396.5,396.5,621.34,643.12,,,,,32.27,5.79,0.37,35,154,1774,2911,6682,11427,793,13510.83,-1301.839,-8086.895000000001,-41467.657000000014,-101.065,-2331.053,-746.2389999999996,10905.792,1,3,-924262514,1291.47,809.389,12.09,-3328,-7599,-60565,,12888.995,-262.2560000000003,-8150.045,-55857.907000000014,49.4,32.39,26.32,44.52,true,false,-0.81,-9.06,主動ETF當日持股未完整（21/22）；投信5/10日持續且具金額意義的賣超；外資持股5/10日下降，且外資5日賣超；20日趨勢尚未上彎；當下除權息調整價未守20日EMA；借券賣出與借券賣出餘額壓力升高
76,7750,新代,TWSE,電機機械,等待確認,續抱觀察,"已有部位可續抱觀察，但暫不追價；若收盤跌破60日EMA約 2,063.83 且法人籌碼轉弱，先減碼三分之一。",57.1,88,2235,2235,151.4,81.37,,,,,50.77,12.78,0.79,4,0,0,0,0,-1,0,188.156,137.956,47.49499999999998,-52.74100000000002,0,36,49,48,3,0,80460000,-9.841999999999999,-4.4419999999999975,17.57,9,-97,-310,,196.561,111.79799999999999,2.9369999999999905,-81.36700000000002,58.13,63.25,51.29,87.17,true,false,9.77,8.5,主動ETF當日持股未完整（21/22）；20日趨勢尚未上彎
77,1590,亞德客-KY,TWSE,電機機械,等待確認,暫停加碼／跌破減碼,"已有部位暫停加碼；若收盤跌破60日EMA約 1,343.46，且下一交易日仍未收復，先減碼三分之一；若ETF或外資繼續轉弱，再分批降低部位。",56.8,88,1415,1415,44.88,30.08,,,,,29.01,5.21,2.2,16,0,2,-187,91,399,-192,59.621,-346.381,103.95400000000005,737.193,0,-233.94799999999998,50.05200000000002,367.24800000000005,3,1,-331036420,-22.160999999999998,2.915000000000001,80.58,-224,-225,-90,,75.23,-90.27200000000002,50.98699999999998,385.07899999999995,55.32,55.3,55.78,54.34,false,false,3.79,-1.74,主動ETF當日持股未完整（21/22）；20日累積後5日轉為調節；主動ETF 5日轉為減碼；外資持股5/10日下降，且外資5日賣超；20日趨勢尚未上彎
78,2867,三商壽,TWSE,金融保險業,等待確認,續抱觀察,已有部位可續抱觀察，但暫不追價；若收盤跌破60日EMA約 8.66 且法人籌碼轉弱，先減碼三分之一。,56.6,97,9.82,9.82,187.2,335.29,,95.07,,,70.71,0.75,,1,0,0,0,0,0,0,2787,57041.299999999996,76782.20099999999,162960.02599999998,0,0,0,0,0,0,0,7476,6859.48,22.44,19288,58847,154903,,4023,49565.299999999996,69922.72099999999,147416.54599999997,74.98,75.45,72.11,82.13,true,false,6.49,5.48,主動ETF當日持股未完整（21/22）
79,8462,柏文,TWSE,運動休閒,等待確認,續抱觀察,已有部位可續抱觀察，但暫不追價；若收盤跌破60日EMA約 150.93 且法人籌碼轉弱，先減碼三分之一。,56.6,88,165,165,20.11,20.24,,,,,18.16,4.93,4.32,1,0,0,0,0,2,0,-95.672,432.77500000000003,421.368,1378.7890000000002,0,0,0,2,0,0,0,0.738999999999999,-2.261000000000001,5.79,109,550,1286,,-95.423,432.036,423.62899999999996,1379.0500000000002,61.36,66.48,61.95,75.54,false,false,3.81,4.1,主動ETF當日持股未完整（21/22）
80,6579,研揚,TWSE,電腦及週邊設備業,等待確認,續抱觀察,已有部位可續抱觀察，但暫不追價；若收盤跌破60日EMA約 156.20 且法人籌碼轉弱，先減碼三分之一。,56.2,88,163,163,47.1,28.75,,,,,28.26,2.5,2.44,1,0,0,0,0,0,0,321.748,122.26299999999999,569.6610000000001,1446.9630000000002,2,7,9,6,4,0,1141000,19.624,180.066,4.09,-233,-391,237,,320.38,95.639,380.59499999999997,1238.156,50.68,32.8,39.17,20.06,false,false,0.51,-3.83,主動ETF當日持股未完整（21/22）；20日趨勢尚未上彎
81,2891,中信金,TWSE,金融保險業,等待確認,續抱觀察,已有部位可續抱觀察，但暫不追價；若收盤跌破60日EMA約 63.75 且法人籌碼轉弱，先減碼三分之一。,56,92,64.8,64.8,-17.9,97.76,,,,,15.64,2.32,3.85,39,255,12154,27083,39714,75260,3116,10822.915,58385.063,56747.022,136403.947,-1206.517,13366.567000000001,13575.720000000001,23677.684,3,2,866153542,11772.255000000001,13836.757,34.76,20012,25389,80778,,11095.659,33246.241,29334.545000000002,92259.17000000001,49.25,65.37,50.67,94.77,false,false,0.19,2.86,主動ETF當日持股未完整（21/22）；20日趨勢尚未上彎
82,4904,遠傳,TWSE,通信網路業,等待確認,暫停加碼／跌破減碼,已有部位暫停加碼；若收盤跌破60日EMA約 101.45，且下一交易日仍未收復，先減碼三分之一；若ETF或外資繼續轉弱，再分批降低部位。,55.9,88,103.5,103.5,15.9,10.14,,,,,26.65,3.95,3.63,35,-280,2729,2412,-2623,15333,-2767,4339.839,27995.449,51483.766,69980.657,-621.057,-913.365,-8324.57,4366.794,2,3,-94533277,1009.059,3061.083,19.3,3441,29259,67799,,5037.49,27899.754999999997,56747.253000000004,61384.256,50.93,49.7,63.94,21.22,false,true,0.03,-3.72,主動ETF當日持股未完整（21/22）；主動ETF 5日轉為減碼；投信5/10日持續且具金額意義的賣超
83,5434,崇越,TWSE,電子通路業,等待確認,續抱觀察,已有部位可續抱觀察，但暫不追價；若收盤跌破60日EMA約 490.34 且法人籌碼轉弱，先減碼三分之一。,55.6,100,506,506,32.86,20.2,7.4,53.86,133.72,14.79,21.21,5.04,2.68,25,-76,-64,-62,350,2672,-71,-122.607,632.3110000000001,617.6730000000001,2168.431,-73.763,-55.17800000000001,354.078,4489.6990000000005,3,2,-27920068,-6.961,1.1470000000000002,30.42,404,1050,-623,,-32.983,694.45,262.44800000000015,-2389.223,46.57,24.78,27.21,19.92,false,false,-3.18,-6.81,主動ETF當日持股未完整（21/22）；20日累積後5日轉為調節；ETF 1/3日已轉為減碼；主動ETF 5日轉為減碼；20日趨勢尚未上彎；當下除權息調整價未守20日EMA
84,2379,瑞昱,TWSE,半導體業,等待確認,續抱觀察,已有部位可續抱觀察，但暫不追價；若收盤跌破60日EMA約 696.43 且法人籌碼轉弱，先減碼三分之一。,55.6,85,704,704,20.6,10.52,,,,,24.59,7.79,3.66,46,138,1064,1598,2870,4807,-28,495.605,-2167.2210000000005,-2188.6930000000007,-1834.2990000000011,98.367,1328.129,2370.375,3455.367,5,0,935002816,-230.736,-316.364,44.97,-2642,-3303,-7575,,327.14,-3264.614,-4242.704000000001,-6462.1140000000005,44.74,34.42,37.79,27.7,false,true,-4.25,-7.61,主動ETF當日持股未完整（21/22）；主動ETF 5日轉為減碼；外資持股趨勢資料不足或期間有非市場異動；20日趨勢尚未上彎；當下除權息調整價未守20日EMA
85,2539,櫻花建,TWSE,建材營造,等待確認,續抱觀察,已有部位可續抱觀察，但暫不追價；若收盤跌破60日EMA約 40.57 且法人籌碼轉弱，先減碼三分之一。,55.3,88,42.4,42.4,79.55,22.59,,,,,15.07,2.72,6.57,3,0,0,0,8,-154,0,-133.609,2159.297,2823.7980000000002,5233.658,0,0,8,-154,0,0,0,25.625,60.39399999999999,2.29,57,2812,4213,,-96,2133.672,2755.404,5296.111000000001,63.31,71.17,69.51,74.48,false,false,3.42,2.42,主動ETF當日持股未完整（21/22）
86,1210,大成,TWSE,食品工業,等待確認,暫停加碼／跌破減碼,已有部位暫停加碼；若收盤跌破60日EMA約 55.77，且下一交易日仍未收復，先減碼三分之一；若ETF或外資繼續轉弱，再分批降低部位。,55,88,56,56,12.17,6.36,,,,,13.27,1.86,5.36,5,-2,-2,117,488,1783,0,-553.108,-2596.3089999999993,-1485.4829999999993,1632.7660000000008,3,144,523,1802,5,0,8064000,-21.880000000000024,1311.9180000000001,8.23,-2198,-1341,-1844,,-399.309,-2718.4290000000005,-3320.4010000000007,-2980.989000000001,43.8,25.74,35.74,5.75,true,true,-1.76,-3.61,主動ETF當日持股未完整（21/22）；ETF 1/3日已轉為減碼；外資持股5/10日下降，且外資5日賣超；20日趨勢尚未上彎；當下除權息調整價未守20日EMA
87,2880,華南金,TWSE,金融保險業,等待確認,暫停加碼／跌破減碼,已有部位暫停加碼；若收盤跌破60日EMA約 37.90，且下一交易日仍未收復，先減碼三分之一；若ETF或外資繼續轉弱，再分批降低部位。,54.7,92,43.05,43.05,29.2,36.2,,,,,21.11,2.5,3.32,25,10081,26015,40068,86914,135452,2986,-448.907,14631.622000000001,17947.132,76574.52700000002,8526,24210.370000000003,61333.944,84391.96200000001,5,0,1042256429,13366.243,21883.793,14.21,2591,1000,-41537,,-9802.919,-22944.990999999998,-65270.604999999996,-61472.53700000001,69.97,76.59,82.83,64.11,true,true,5.77,3.99,主動ETF當日持股未完整（21/22）；KD高檔死亡交叉，等待動能確認
88,2889,國票金,TWSE,金融保險業,等待確認,續抱觀察,已有部位可續抱觀察，但暫不追價；若收盤跌破60日EMA約 15.36 且法人籌碼轉弱，先減碼三分之一。,54.7,92,15.55,15.55,100.04,130.05,,,,,20.26,1.22,3.78,2,0,3,8,2,-97,0,-3173.19,4954.726999999999,7748.721999999999,32488.639000000003,0,8,2,1909,2,0,124400,-192.81,-217.81,9.71,5147,11665,11648,,-2984,5139.537,7964.532,30325.293000000005,51.99,53.39,49.08,62.01,true,false,-0.04,-0.96,主動ETF當日持股未完整（21/22）；當下除權息調整價未守20日EMA
89,2464,盟立,TWSE,其他電子業,等待確認,續抱觀察,已有部位可續抱觀察，但暫不追價；若收盤跌破60日EMA約 143.85 且法人籌碼轉弱，先減碼三分之一。,53.9,85,147.5,147.5,43.05,19.87,,,,,,5.52,0.37,1,0,0,0,0,0,0,510.21,1826.33,1417.5930000000003,-2723.624,0,430,430,430,2,0,63425000,6.013999999999982,-184.369,8.09,312,1889,2236,,445,1390.316,1171.962,-2213.8099999999995,49.79,45.21,30.84,73.96,true,false,1.37,3.51,主動ETF當日持股未完整（21/22）；外資持股趨勢資料不足或期間有非市場異動；20日趨勢尚未上彎
90,2838,聯邦銀,TWSE,金融保險業,等待確認,續抱觀察,已有部位可續抱觀察，但暫不追價；若收盤跌破60日EMA約 20.55 且法人籌碼轉弱，先減碼三分之一。,53.8,92,20.9,20.9,-2.49,25.18,,,,,14.72,1.12,5.11,3,0,4,9,4,32,0,505.589,563.0610000000003,-1257.5789999999997,-7045.567,18,76,71,-106,5,0,1588400,-141.62699999999998,-295.15199999999993,4.29,2240,2738,-2931,,705.266,628.688,-1033.4270000000001,-6691.234,50.78,61.28,43.79,96.26,false,false,0.32,2.2,主動ETF當日持股未完整（21/22）；20日趨勢尚未上彎
91,2850,新產,TWSE,金融保險業,等待確認,續抱觀察,已有部位可續抱觀察，但暫不追價；若收盤跌破60日EMA約 143.61 且法人籌碼轉弱，先減碼三分之一。,53.7,97,165,165,3.28,14.4,,62.41,,,11.49,2.33,4.52,4,1,20,20,18,24,0,-7.737,494.816,712.6119999999999,1097.7499999999998,3,27,28,31,3,1,4455000,-11,-49.095,11.14,512,623,763,,3.263,478.816,733.7069999999999,1103.4699999999998,75.2,82.01,73.47,99.09,false,false,8.8,4.43,主動ETF當日持股未完整（21/22）
92,3704,合勤控,TWSE,通信網路業,等待確認,續抱觀察,已有部位可續抱觀察，但暫不追價；若收盤跌破60日EMA約 43.96 且法人籌碼轉弱，先減碼三分之一。,53.7,88,45.35,45.35,47.87,13.91,,,,,36,1.43,0.97,1,0,0,0,0,0,0,953.483,441.4989999999999,442.3669999999999,3718.6290000000004,0,0,0,0,0,0,0,-53.411,-17.214999999999996,14.4,-200,-512,3304,,976.022,494.9100000000001,459.58200000000016,3658.019000000001,50.69,33.34,28.91,42.21,true,false,1.03,-1.95,主動ETF當日持股未完整（21/22）；20日趨勢尚未上彎
93,2388,威盛,TWSE,半導體業,等待確認,續抱觀察,已有部位可續抱觀察，但暫不追價；若收盤跌破60日EMA約 71.15 且法人籌碼轉弱，先減碼三分之一。,53.6,88,75.9,75.9,34.01,34.24,,,,,391.67,1.79,0.07,3,0,200,228,-261,-591,0,2491.098,2157.908,4136.578,595.5210000000002,0,228,-261,-591,3,0,17305200,-265.46000000000004,-492.221,15.85,706,-1658,3991,,2182.622,2195.3679999999995,4889.799,989.4130000000004,55.14,60.29,54.31,72.27,true,false,5.72,2.71,主動ETF當日持股未完整（21/22）；20日趨勢尚未上彎
94,2302,麗正,TWSE,半導體業,等待確認,續抱觀察,已有部位可續抱觀察，但暫不追價；若收盤跌破60日EMA約 37.88 且法人籌碼轉弱，先減碼三分之一。,53.5,68,40,40,45.71,22.13,,,,,46.52,3.42,0.95,1,5,7,7,158,251,0,75.116,983.3839999999999,-1053.6100000000001,-606.3510000000001,5,7,158,251,2,0,280000,0.5459999999999923,-18.458000000000006,1.19,272,1146,-229,,101.789,975.8379999999999,-1193.1520000000003,-835.8980000000003,48.24,30.68,24.59,42.87,true,false,-1.84,-3.61,主動ETF當日持股未完整（21/22）；20日趨勢尚未上彎；當下除權息調整價未守20日EMA
95,1560,中砂,TWSE,電機機械,等待確認,暫停加碼／跌破減碼,已有部位暫停加碼；若收盤跌破60日EMA約 660.13，且下一交易日仍未收復，先減碼三分之一；若ETF或外資繼續轉弱，再分批降低部位。,53.1,88,671,671,16.39,23.02,,,,,63.12,11.57,0.77,7,257,405,408,662,435,402,-26.015,-544.149,-183.77399999999997,-1376.108,694,1924.76,2737.76,2357.76,5,0,1291513960,-51.757,-92.529,37.74,-273,-1910,-2242,,-747.114,-2417.152,-2829.005,-3518.178,49.46,41.49,35.52,53.44,true,false,0.19,-2.75,主動ETF當日持股未完整（21/22）；外資持股5/10日下降，且外資5日賣超；20日趨勢尚未上彎
96,9917,中保科,TWSE,其他,等待確認,續抱觀察,已有部位可續抱觀察，但暫不追價；若收盤跌破60日EMA約 110.49 且法人籌碼轉弱，先減碼三分之一。,53,88,109.5,109.5,2.56,1.63,,,,,16.08,3.38,5.69,7,0,0,75,177,1055,0,-122.448,961.354,1393.882,3499.7929999999997,2,83,187,1062,5,0,9088500,23.968,11.596000000000004,39.33,51,989,1964,,-99.448,854.386,1195.286,2403.3269999999998,50.04,56.15,66.12,36.22,false,true,0.18,-0.9,主動ETF當日持股未完整（21/22）
97,6505,台塑化,TWSE,油電燃氣業,等待確認,續抱觀察,已有部位可續抱觀察，但暫不追價；若收盤跌破60日EMA約 63.64 且法人籌碼轉弱，先減碼三分之一。,52.7,88,67.7,67.7,18.46,8.2,,,,,25.38,1.8,1.69,9,48,872,1500,-1193,6718,0,2555.43,-5895.140999999998,12290.948000000002,95527.198,24,669.865,-2415.1859999999997,10881.246,5,0,45349861,326.8499999999999,-2009.1819999999998,7.15,-9203,-6674,67283,,3027.997,-6891.8560000000025,16715.316,81398.476,47.04,11.59,28.13,-21.48,false,false,-6.24,-13.09,主動ETF當日持股未完整（21/22）；當下除權息調整價未守20日EMA；借券賣出與借券賣出餘額壓力升高
98,2886,兆豐金,TWSE,金融保險業,等待確認,暫停加碼／跌破減碼,已有部位暫停加碼；若收盤跌破60日EMA約 45.48，且下一交易日仍未收復，先減碼三分之一；若ETF或外資繼續轉弱，再分批降低部位。,52.4,92,51.6,51.6,1.53,19.42,,,,,21.59,1.96,3.3,35,6032,20477,35394,64984,104452,6610,-3945.08,34723.733,37090.819,123925.33499999999,4646.631,18903.269,40465.335,79337.46099999998,5,0,975408680,12128.253,17376.852,19.29,8096,11954,-1870,,-8876.054,3692.2110000000007,-20751.368000000002,-586.1950000000008,70.97,82.23,84.8,77.09,false,true,5.81,4.45,主動ETF當日持股未完整（21/22）；KD高檔死亡交叉，等待動能確認；借券賣出與借券賣出餘額壓力升高
99,5880,合庫金,TWSE,金融保險業,等待確認,暫停加碼／跌破減碼,已有部位暫停加碼；若收盤跌破60日EMA約 24.80，且下一交易日仍未收復，先減碼三分之一；若ETF或外資繼續轉弱，再分批降低部位。,52.2,92,26.9,26.9,-8.4,16.98,,,,,19.71,1.53,3.8,17,4409,10819,16115,20421,26653,4000,-2897.464,94657.124,123266.86099999999,208356.88499999998,4020.432,6882.513999999999,7401.0869999999995,7428.871999999999,5,0,185139627,5946.861,6496.365,17.13,25810,101316,149365,,-6656.751,81827.74900000001,109369.40900000001,188337.759,69.78,85.8,88.08,81.25,false,true,4.05,3.66,主動ETF當日持股未完整（21/22）；KD高檔死亡交叉，等待動能確認
100,1303,南亞,TWSE,塑膠工業,等待確認,續抱觀察,已有部位可續抱觀察，但暫不追價；若收盤跌破60日EMA約 148.68 且法人籌碼轉弱，先減碼三分之一。,51.5,88,165,165,31.79,15.98,,,,,69.05,3.3,0.5,25,7604,11450,2918,21170,172944,-5181,-35536.205,-34548.419,-46681.560000000005,-67417.512,13225.714,-5048.920000000002,5765.300999999998,169280.44,3,2,-833071800,4227.982,3699.3260000000005,32.28,-1551,33017,-170281,,-49229.56,-33727.48099999999,-56146.18699999999,-248882.177,48.29,23.7,21.18,28.74,true,false,-4.25,-5.17,主動ETF當日持股未完整（21/22）；主動ETF 5日轉為減碼；20日趨勢尚未上彎；當下除權息調整價未守20日EMA
101,6226,光鼎,TWSE,光電業,等待確認,續抱觀察,已有部位可續抱觀察，但暫不追價；若收盤跌破60日EMA約 18.23 且法人籌碼轉弱，先減碼三分之一。,51.5,68,21.55,21.55,22.5,4,,,,,,1.88,,1,-2,8,8,189,301,0,3865.052,2948.013,-2591.332,593.7080000000003,-2,8,189,301,2,1,172400,140.052,-555.116,5.9,-921,-548,-4680,,3724,2799.961,-2225.2160000000003,100.82399999999984,52.98,43.7,36.02,59.07,false,false,3.43,15.55,主動ETF當日持股未完整（21/22）；ETF加碼，但外資持股5/10日同步下降；20日趨勢尚未上彎；高波動且5日漲幅過大
102,5876,上海商銀,TWSE,金融保險業,等待確認,續抱觀察,已有部位可續抱觀察，但暫不追價；若收盤跌破60日EMA約 42.39 且法人籌碼轉弱，先減碼三分之一。,51.3,91.9,44.65,44.65,-4.39,-1.56,,,,,14.43,1.06,3.96,20,-1147,-124,6620,6512,14818,-1368,1097.344,32573.528,51584.867,102936.557,-1510,-1418,-3469,-1500,3,2,-63313700,-1846.712,-1703.5099999999998,54.23,6670,32549,90718,,2664.32,35838.240000000005,56757.377000000015,95895.57500000001,55.26,44.6,50.98,31.85,false,false,1,-4.05,主動ETF當日持股未完整（21/22）；累計營收負成長且當月改善不足；ETF 1/3日已轉為減碼；主動ETF 5日轉為減碼
103,2002,中鋼,TWSE,鋼鐵工業,等待確認,續抱觀察,已有部位可續抱觀察，但暫不追價；若收盤跌破60日EMA約 18.95 且法人籌碼轉弱，先減碼三分之一。,51.2,88,18.85,18.85,9.61,-0.16,,,,,,0.98,0.79,8,0,68,94,22,-88,0,-7976.715,32329.356,171118.64,187511.85700000002,71.264,368.264,296.264,-74.63599999999997,5,0,6941776,-83.4000000000001,5984.975,14.37,7087,43245,173128,,-6855.253,32044.492000000002,164837.40099999998,181809.161,49.24,42.22,52.28,22.09,false,false,-0.18,-2.08,主動ETF當日持股未完整（21/22）；累計營收負成長且當月改善不足；當下除權息調整價未守20日EMA
104,2377,微星,TWSE,電腦及週邊設備業,等待確認,續抱觀察,已有部位可續抱觀察，但暫不追價；若收盤跌破60日EMA約 133.48 且法人籌碼轉弱，先減碼三分之一。,50.9,88,143,143,-9.23,-7.56,,,,,14.84,2.18,2.96,20,-339,-109,205,2647,9852,-171,1353.129,2266.6760000000004,12942.795999999998,37222.028999999995,-405.632,-223.94400000000002,1853.431,7864.4310000000005,3,2,-32023992,-333.907,910.4389999999999,15.66,1510,2304,8936,,1565.637,2824.527,10178.926,25802.331,51.45,36.26,40.76,27.26,false,false,0.19,-2.39,主動ETF當日持股未完整（21/22）；累計營收負成長且當月改善不足；ETF 1/3日已轉為減碼；主動ETF 5日轉為減碼；20日趨勢尚未上彎
105,2634,漢翔,TWSE,航運業,等待確認,續抱觀察,已有部位可續抱觀察，但暫不追價；若收盤跌破60日EMA約 55.95 且法人籌碼轉弱，先減碼三分之一。,50.6,82.5,60.7,60.7,7.23,7.04,,,,,77.38,3.21,1.26,5,-347,510,510,1589,2429,462,-4177.106,-6391.591,-15665.113000000003,-11264.202000000005,-342,536,1622,2446,4,1,32535200,-795.794,-3347.8089999999997,4.16,-1972,-12234,1069,,-3673.196,-6131.797,-13939.304,-11121.801000000003,51.32,16.81,21.32,7.81,false,false,-0.42,-1.78,主動ETF當日持股未完整（21/22）；當下除權息調整價未守20日EMA
106,2548,華固,TWSE,建材營造,等待確認,暫停加碼／跌破減碼,已有部位暫停加碼；若收盤跌破60日EMA約 101.94，且下一交易日仍未收復，先減碼三分之一；若ETF或外資繼續轉弱，再分批降低部位。,50.5,88,98.4,98.4,-88.82,181.43,,,,,7.6,1.51,8.73,1,0,0,0,0,-96,0,20.839,-1158.0600000000002,-2622.1130000000003,-4953.947000000001,2,8,10,-89,4,0,787200,8.177000000000003,-73.086,16.12,-592,-365,-990,,34.041,-1174.237,-2559.027,-4450.0109999999995,49.33,56.19,65.4,37.77,true,true,0.24,-1.01,主動ETF當日持股未完整（21/22）；外資持股5/10日下降，且外資5日賣超
107,3008,大立光,TWSE,光電業,等待確認,暫停加碼／跌破減碼,"已有部位暫停加碼；若收盤跌破60日EMA約 3,851.26，且下一交易日仍未收復，先減碼三分之一；若ETF或外資繼續轉弱，再分批降低部位。",50.3,88,3960,3960,-10.46,11.26,,,,,25.19,2.86,1.98,38,58,289,408,703,683,264,-377.444,-1040.6589999999999,-1474.3999999999999,-3055.5289999999995,66.913,594.682,1480.641,1886.516,5,0,2354940720,36.34400000000001,-137.288,28.71,-444,-1408,-3570,,-472.655,-1671.685,-2817.7529999999997,-4719.25,47.94,45.82,37.25,62.95,true,false,-1.72,-3.18,主動ETF當日持股未完整（21/22）；外資持股5/10日下降，且外資5日賣超；20日趨勢尚未上彎；當下除權息調整價未守20日EMA；借券賣出與借券賣出餘額壓力升高
108,3189,景碩,TWSE,半導體業,等待確認,暫停加碼／跌破減碼,已有部位暫停加碼；若收盤跌破60日EMA約 671.42，且下一交易日仍未收復，先減碼三分之一；若ETF或外資繼續轉弱，再分批降低部位。,50.3,87.4,698,698,32.27,29.79,,,,,178.87,7.75,0.24,22,-1,219,283,126,177,276,1065.538,-8.269999999999982,-5211.86,-842.0429999999991,-1,327.385,796.595,3152.738,3,2,228514730,-95.41600000000001,-721.154,19.98,-336,-1777,-5265,,973.648,-240.23900000000003,-5287.3009999999995,-2680.0069999999996,48.82,33.44,27.53,45.26,true,false,-1.06,-1.69,主動ETF當日持股未完整（21/22）；外資持股5/10日下降，且外資5日賣超；20日趨勢尚未上彎；當下除權息調整價未守20日EMA
109,9921,巨大,TWSE,運動休閒,等待確認,續抱觀察,已有部位可續抱觀察，但暫不追價；若收盤跌破60日EMA約 78.42 且法人籌碼轉弱，先減碼三分之一。,50,88,84,84,15.98,-10.5,,,,,211.25,0.96,2.13,2,0,0,0,1,2,0,-17.34,882.525,1262.019,3337.1220000000003,2,155,59,190,4,0,13020000,-6.4719999999999995,-35.543000000000006,27.9,-13,298,2818,,-18.337,733.997,1238.562,2985.316999999999,55.07,33.33,44.66,10.68,false,false,1.2,-1.75,主動ETF當日持股未完整（21/22）；估值高且成長不足以支撐
110,2454,聯發科,TWSE,半導體業,等待確認,暫停加碼／跌破減碼,"已有部位暫停加碼；若收盤跌破60日EMA約 3,643.44，且下一交易日仍未收復，先減碼三分之一；若ETF或外資繼續轉弱，再分批降低部位。",48.2,100,3910,3910,2.8,-0.77,15.19,45.06,123.94,30.44,58.71,13.38,1.5,68,142,1050,1962,1725,2144,294,1449.787,-3829.5519999999997,-4365.401999999999,-7617.742000000001,174.773,438.9890000000001,266.93100000000004,-538.212,3,2,1716446990,735.8430000000001,973.1360000000001,55.09,-1421,-7236,-9713,,1146.26,-5004.384,-5605.469,-8257.963,53.9,53.56,42.17,76.35,true,false,5.99,6.25,主動ETF當日持股未完整（21/22）；累計營收負成長且當月改善不足；外資持股5/10日下降，且外資5日賣超；20日趨勢尚未上彎
111,2466,冠西電,TWSE,光電業,等待確認,暫停加碼／跌破減碼,已有部位暫停加碼；若收盤跌破60日EMA約 78.61，且下一交易日仍未收復，先減碼三分之一；若ETF或外資繼續轉弱，再分批降低部位。,47.9,68,97.4,97.4,53.03,-11.62,,,,,123.11,7.76,,1,-2,12,12,269,427,0,462,-19.996999999999986,-585.226,1047.021,-2,12,269,427,2,1,1168800,-1.096,-26.172,12.29,-366,-1237,-1504,,482,-30.900999999999986,-828.054,619.3979999999999,55.44,22.5,24.57,18.37,false,false,1.86,3.73,主動ETF當日持股未完整（21/22）；外資持股5/10日下降，且外資5日賣超
112,2903,遠百,TWSE,貿易百貨,等待確認,續抱觀察,已有部位可續抱觀察，但暫不追價；若收盤跌破60日EMA約 22.53 且法人籌碼轉弱，先減碼三分之一。,47.5,88,22.35,22.35,-2.42,-0.3,,,,,13.67,1,5.64,3,-3,-3,339,339,335,0,593.991,4104.956,6401.867000000001,10673.668,4,373,373,350,5,0,8336550,-50.597,-475.766,8.05,-642,5065,10119,,643,3782.553,6504.633,10934.849999999999,49,63.8,64.23,62.93,false,true,-0.03,0.22,主動ETF當日持股未完整（21/22）；累計營收負成長且當月改善不足；ETF 1/3日已轉為減碼；當下除權息調整價未守20日EMA
113,6919,康霈*,TWSE,生技醫療業,等待確認,續抱觀察,已有部位可續抱觀察，但暫不追價；若收盤跌破60日EMA約 104.77 且法人籌碼轉弱，先減碼三分之一。,46.2,85,109.5,109.5,,-70.78,,,,,,17.11,,4,0,0,0,2,4,0,2656.792,9502.972,9626.649999999998,19408.640999999996,0,0,2,-13,0,0,0,73.828,-57.235,14.67,369,7128,13429,,2712.679,9429.144,9681.885,19306.029,57.84,55.94,37.99,91.84,true,false,5.38,7.35,主動ETF當日持股未完整（21/22）；外資持股趨勢資料不足或期間有非市場異動
114,2912,統一超,TWSE,貿易百貨,等待確認,續抱觀察,已有部位可續抱觀察，但暫不追價；若收盤跌破60日EMA約 231.52 且法人籌碼轉弱，先減碼三分之一。,45.4,100,220.5,220.5,6.31,5.05,4.22,83.11,76.89,6.03,20.18,5.68,4.02,24,-489,-567,266,4923,8884,-397,-666.337,5045.218,3108.623,12185.942000000001,-486.24,475.01800000000003,5537.132,9491.224999999999,3,2,104741469,-479.75100000000003,-494.519,13.59,2378,3143,-7,,-142.097,5049.951,-1933.9900000000002,3064.956,33.52,19.79,32.74,-6.12,false,true,-6.07,-7.93,主動ETF當日持股未完整（21/22）；ETF 1/3日已轉為減碼；主動ETF 5日轉為減碼；當下除權息調整價未守20日EMA
115,8039,台虹,TWSE,電子零組件業,等待確認,續抱觀察,已有部位可續抱觀察，但暫不追價；若收盤跌破60日EMA約 163.66 且法人籌碼轉弱，先減碼三分之一。,44.4,100,190.5,190.5,-6.57,2.45,6.25,32.38,237.55,1.56,55.08,4.09,1.15,2,0,0,0,0,-11,0,2113.687,-577.9250000000002,-2795.6100000000006,10958.056999999999,0,-613,-2410,658,1,1,-116776500,-1033.341,-557.0119999999998,21.15,-1216,-3604,7354,,2356.574,1068.4160000000002,171.40200000000027,9028.572999999999,52.7,25.78,36.3,4.75,false,false,2.33,-11.81,主動ETF當日持股未完整（21/22）
116,9910,豐泰,TWSE,運動休閒,等待確認,續抱觀察,已有部位可續抱觀察，但暫不追價；若收盤跌破60日EMA約 72.04 且法人籌碼轉弱，先減碼三分之一。,39,88,67.2,67.2,-3.9,-3.67,,,,,14.81,2.52,5.99,8,-16,-4,5,-1661,-2965,0,-609.334,1214.7430000000002,-1158.7889999999998,-1648.7789999999998,-15.815,4.788000000000002,-1661.245,-2969.4680000000003,3,2,321754,46.251999999999995,-29.016999999999996,5.29,-76,1792,2202,,-548.965,1163.703,531.4729999999998,1203.8810000000003,41.65,34.93,46.66,11.48,false,true,-2.67,-2.89,主動ETF當日持股未完整（21/22）；累計營收負成長且當月改善不足；ETF 1/3日已轉為減碼；當下除權息調整價未守20日EMA
117,3036,文曄,TWSE,電子通路業,暫不承接,停止加碼／開始減碼,已有部位先停止加碼。反彈若仍未站回 217.05，分批降低部位；只有站回且ETF／外資賣壓收斂後才重新評估。,70,88,204.5,204.5,188.09,114.03,,,,,13.94,2.21,3.97,26,242,915,1344,1467,-5918,476,-589.023,-2503.959,-5330.0509999999995,-9208.839,2599.427,3239.516,2942.6780000000003,-8657.82,5,0,662481022,566.4989999999999,202.22899999999987,27.35,-2820,-4272,-2856,,-3181.822,-6309.974000000001,-8474.958000000002,-485.4460000000024,49.12,53.69,44.27,72.51,true,false,1.43,0.49,主動ETF當日持股未完整（21/22）；中期趨勢仍向下；外資持股5/10日下降，且外資5日賣超；20日趨勢尚未上彎
118,8112,至上,TWSE,電子通路業,暫不承接,暫停加碼／跌破減碼,已有部位暫停加碼；若收盤跌破60日EMA約 86.21，且下一交易日仍未收復，先減碼三分之一；若ETF或外資繼續轉弱，再分批降低部位。,65.2,85,81.4,81.4,231.17,153.98,,,,,9.67,2.29,4.73,7,-4,-4,-9,1259,2346,0,2378.917,-5452.3550000000005,9661.433,-6257.364,-4.496,-9.496,-560.981,526.0190000000002,0,2,-772974,186.16199999999995,-298.5920000000001,13.07,524,-16653,10298,,2458.74,-5629.021000000001,10521.005999999998,-5540.095000000001,44.08,31.64,30.28,34.37,true,false,-3.02,-3.44,主動ETF當日持股未完整（21/22）；中期趨勢仍向下；20日累積後5日轉為調節；ETF 1/3日已轉為減碼；外資持股趨勢資料不足或期間有非市場異動；20日趨勢尚未上彎；當下除權息調整價未守20日EMA
119,6414,樺漢,TWSE,電腦及週邊設備業,暫不承接,暫停加碼／跌破減碼,已有部位暫停加碼；若收盤跌破60日EMA約 388.22，且下一交易日仍未收復，先減碼三分之一；若ETF或外資繼續轉弱，再分批降低部位。,63.8,88,437.5,437.5,56.97,23.33,,,,,18.82,2.24,3.4,9,0,0,-1,-4,-28,0,732.531,261.1379999999999,3892.7340000000004,8131.5109999999995,0,-1,-24,132,0,1,-437500,-100.74799999999999,-156.75799999999995,47.34,-929,1011,6199,,689.041,362.8860000000001,4073.492,9402.457,55.17,31,42.83,7.32,false,false,3.18,-6.72,主動ETF當日持股未完整（21/22）；ETF短中期同步減碼
120,3006,晶豪科,TWSE,半導體業,暫不承接,停止加碼／開始減碼,已有部位先停止加碼。反彈若仍未站回 209.09，分批降低部位；只有站回且ETF／外資賣壓收斂後才重新評估。,63.6,100,198,198,328.35,242.62,44.44,36.84,267.13,27.58,5.68,2.7,0.56,4,0,0,12,-229,-388,0,2466.666,-3870.908,-1894.915,6633.308999999999,0,17,-221,-481,3,0,3366000,-282.006,-128.909,33.1,-88,-7002,-4444,,2188.892,-3605.902,-1545.0059999999994,8259.262000000002,47.3,36.31,29.9,49.14,true,false,-2.2,-6.6,主動ETF當日持股未完整（21/22）；中期趨勢仍向下；外資持股5/10日下降，且外資5日賣超；20日趨勢尚未上彎；當下除權息調整價未守20日EMA
121,6177,達麗,TWSE,建材營造,暫不承接,暫停加碼／跌破減碼,已有部位暫停加碼；若收盤跌破60日EMA約 46.47，且下一交易日仍未收復，先減碼三分之一；若ETF或外資繼續轉弱，再分批降低部位。,63.5,88,47.35,47.35,1322.16,667.77,,,,,6.33,1.76,6.34,2,0,0,-14,-86,-101,0,-747.919,-605.0909999999997,502.2120000000004,4184.197,0,-13.848,-80.657,465.153,0,1,-655703,-86.518,163.482,7.4,-946,579,4344,,-868.919,-504.7250000000001,419.38699999999994,3474.412,53.52,40.57,47.94,25.81,false,false,0.42,-1.15,主動ETF當日持股未完整（21/22）；ETF短中期同步減碼
122,3033,威健,TWSE,電子通路業,暫不承接,暫停加碼／跌破減碼,已有部位暫停加碼；若收盤跌破60日EMA約 46.99，且下一交易日仍未收復，先減碼三分之一；若ETF或外資繼續轉弱，再分批降低部位。,63.1,88,46.7,46.7,54.45,26.2,,,,,16.84,2.01,4.33,5,310,311,313,294,428,324,1770.515,306.77800000000025,-441.8059999999997,1548.5080000000005,310.537,313.537,294.31899999999996,427.998,3,0,14642178,-152.31300000000005,-505.679,23.32,-460,-3420,-1221,,1514.998,145.5540000000001,-230.4459999999999,2890.715,46.03,28.08,22.59,39.07,true,false,-2.51,-4.6,主動ETF當日持股未完整（21/22）；中期趨勢仍向下；ETF加碼，但外資持股5/10日同步下降；20日趨勢尚未上彎；當下除權息調整價未守20日EMA
123,1608,華榮,TWSE,電器電纜,暫不承接,暫停加碼／跌破減碼,已有部位暫停加碼；若收盤跌破60日EMA約 32.57，且下一交易日仍未收復，先減碼三分之一；若ETF或外資繼續轉弱，再分批降低部位。,61.7,88,31.15,31.15,13.35,15.81,,,,,5.33,1.28,6.81,3,-12,8,8,-8,427,0,1384.673,2156.7509999999997,-591.7840000000003,-8192.050000000001,-8.192,27.118,21.263999999999996,445.94499999999994,4,1,844726,151.75599999999997,-219.46200000000005,2.25,738,2198,-2972,,1328.155,1977.877,-393.5859999999998,-8433.732,48.65,45.56,23.43,89.82,true,false,0.79,5.59,主動ETF當日持股未完整（21/22）；中期趨勢仍向下；20日趨勢尚未上彎
124,3022,威強電,TWSE,電腦及週邊設備業,暫不承接,暫停加碼／跌破減碼,已有部位暫停加碼；若收盤跌破60日EMA約 82.09，且下一交易日仍未收復，先減碼三分之一；若ETF或外資繼續轉弱，再分批降低部位。,61.7,88,92,92,79.97,18.78,,,,,24.08,1.31,4.12,2,-3,-3,-3,-5,-5,0,1190.001,748.127,4276.8,6463.271000000001,-2.619,-2.619,-5.227,-5.227,0,1,-240948,-21.767000000000007,112.75499999999998,20.96,-546,-474,4156,,1133.934,772.513,4169.272,6373.847000000001,57.71,57.91,57.96,57.81,false,true,5.37,0.33,主動ETF當日持股未完整（21/22）；ETF短中期同步減碼；ETF 1/3日已轉為減碼
125,2606,裕民,TWSE,航運業,暫不承接,暫停加碼／跌破減碼,已有部位暫停加碼；若收盤跌破60日EMA約 63.24，且下一交易日仍未收復，先減碼三分之一；若ETF或外資繼續轉弱，再分批降低部位。,61.6,87.9,63,63,35.52,26.3,,,,,12.02,1.3,4.47,8,-250,-254,-257,-2368,-4377,-250,668.485,5496.982,13579.808,20041.378000000004,-248,-247,-2352,-4913,2,2,-15561000,-40.233000000000004,-120.357,19.6,2189,3427,18048,,930.634,5784.215,16052.165,25232.505000000005,50.88,45.32,43.61,48.73,true,false,0.64,0.32,主動ETF當日持股未完整（21/22）；ETF短中期同步減碼；ETF 1/3日已轉為減碼；主動ETF 5日轉為減碼
126,2382,廣達,TWSE,電腦及週邊設備業,暫不承接,停止加碼／開始減碼,已有部位先停止加碼。反彈若仍未站回 339.76，分批降低部位；只有站回且ETF／外資賣壓收斂後才重新評估。,61.5,88,296.5,296.5,102.87,86.48,,,,,14.66,5.42,5.35,48,6,2711,5862,12149,28046,144,1728.935,-23643.074999999997,-20785.463999999996,-28273.035999999996,-234.966,2602.322,7133.969,19273.248999999996,4,1,771588473,131.71300000000002,765.3929999999999,19.09,-4022,-28909,-23218,,2009.889,-26377.110000000004,-28684.82600000001,-45073.02700000002,33.77,20.11,18.17,23.98,true,false,-9.65,-7.92,主動ETF當日持股未完整（21/22）；中期趨勢仍向下；外資持股5/10日下降，且外資5日賣超；20日趨勢尚未上彎；當下除權息調整價未守20日EMA
127,5388,中磊,TWSE,通信網路業,暫不承接,暫停加碼／跌破減碼,已有部位暫停加碼；若收盤跌破60日EMA約 83.88，且下一交易日仍未收復，先減碼三分之一；若ETF或外資繼續轉弱，再分批降低部位。,61.3,88,87.4,87.4,70.83,58.09,,,,,20.58,1.57,3.04,2,-3,-3,-3,-5,-183,0,2871.253,-2201.8569999999995,7048.798000000001,16785.202999999998,-2.681,-2.681,-5.351,188.649,0,1,-234319,-1093.786,-542.392,23.3,240,-735,9696,,2749.904,-1105.3900000000003,7596.540999999999,16188.344000000001,54.53,35.67,37.24,32.52,false,false,3.08,-3.53,主動ETF當日持股未完整（21/22）；ETF短中期同步減碼；ETF 1/3日已轉為減碼
128,6196,帆宣,TWSE,其他電子業,暫不承接,暫停加碼／跌破減碼,已有部位暫停加碼；若收盤跌破60日EMA約 494.76，且下一交易日仍未收復，先減碼三分之一；若ETF或外資繼續轉弱，再分批降低部位。,61.3,87.6,494,494,120.99,39.48,,,,,29.81,5.9,1.38,13,10,14,81,97,-780,9,377.846,590.9390000000001,725.0570000000001,1129.4710000000002,12,93,175,-709.636,5,0,45942000,-29.799,-48.150999999999996,17.72,-397,211,1572,,371.444,527.738,598.2080000000001,2055.668,45.53,29.67,24.27,40.47,true,false,-3.51,-3.14,主動ETF當日持股未完整（21/22）；中期趨勢仍向下；20日趨勢尚未上彎；當下除權息調整價未守20日EMA
129,4915,致伸,TWSE,電子零組件業,暫不承接,暫停加碼／跌破減碼,已有部位暫停加碼；若收盤跌破60日EMA約 69.54，且下一交易日仍未收復，先減碼三分之一；若ETF或外資繼續轉弱，再分批降低部位。,60.9,88,64.6,64.6,27.58,12.84,,,,,12.41,1.42,6.99,11,-4,898,1970,741,786,0,-512.028,1018.0870000000002,2068.532,2371.1600000000003,-4,1970,744.251,893.0430000000001,3,1,127262000,1.1640000000000015,-13.849999999999998,26.91,1028,-1489,2087,,-459,-953.0770000000001,1338.1309999999999,1467.4899999999998,40.03,46.79,38.68,63.01,true,false,-2.3,-0.77,主動ETF當日持股未完整（21/22）；中期趨勢仍向下；20日趨勢尚未上彎；當下除權息調整價未守20日EMA
130,1714,和桐,TWSE,化學工業,暫不承接,暫停加碼／跌破減碼,已有部位暫停加碼；若收盤跌破60日EMA約 14.58，且下一交易日仍未收復，先減碼三分之一；若ETF或外資繼續轉弱，再分批降低部位。,60.7,88,14.35,14.35,73.41,58.4,,,,,20.39,1,1.38,2,1088,1171,1171,2727,3396,1100,-1259.478,-2314.357000000001,-4956.988000000001,-66128.2,1088,1171,2727,3396,3,0,16803850,-10.054999999999977,104.31800000000003,18.56,-6632,3686,-320,,-2572.516,-3475.3019999999997,-7788.306,-67558.11,44.36,24.81,16.26,41.92,true,false,-5.2,-0.69,主動ETF當日持股未完整（21/22）；中期趨勢仍向下；20日趨勢尚未上彎；當下除權息調整價未守20日EMA
131,4967,十銓,TWSE,半導體業,暫不承接,停止加碼／開始減碼,已有部位先停止加碼。反彈若仍未站回 244.49，分批降低部位；只有站回且ETF／外資賣壓收斂後才重新評估。,60.6,88,240,240,35,67.74,,,,,5.98,2.8,4.28,2,-30,-29,-29,-29,567,0,-433.802,887.975,164.675,710.078,-30,-28,-28,568,2,1,-6720000,160.221,184.204,8.04,1321,1402,2467,,-529.63,755.754,8.471000000000004,492.11099999999993,53.47,79.2,65.07,107.45,false,false,4.77,7.38,主動ETF當日持股未完整（21/22）；中期趨勢仍向下；ETF短中期同步減碼；20日累積後5日轉為調節；ETF 1/3日已轉為減碼；20日趨勢尚未上彎
132,3209,全科,TWSE,電子通路業,暫不承接,暫停加碼／跌破減碼,已有部位暫停加碼；若收盤跌破60日EMA約 58.57，且下一交易日仍未收復，先減碼三分之一；若ETF或外資繼續轉弱，再分批降低部位。,60,88,55.5,55.5,170.41,44.35,,,,,15.54,2.51,4.48,1,0,0,0,-200,-345,0,-144.932,865.701,-607.5799999999999,-2559.1110000000003,0,0,-200,-345,0,0,0,-44.732,-52.016999999999996,18.36,344,1280,-864,,-113,910.433,-355.5630000000001,-2112.508,43,43.55,37.5,55.65,true,false,-2.81,-2.97,主動ETF當日持股未完整（21/22）；中期趨勢仍向下；20日趨勢尚未上彎；當下除權息調整價未守20日EMA
133,6005,群益證,TWSE,金融保險業,暫不承接,停止加碼／開始減碼,已有部位先停止加碼。反彈若仍未站回 34.94，分批降低部位；只有站回且ETF／外資賣壓收斂後才重新評估。,59.8,92,34.55,34.55,101.2,127.6,,,,,9.55,1.55,5,8,2195,2199,2206,-12602,-31973,2203,83.657,-7405.847000000001,-8529.443000000001,-37182.878000000004,2206.151,2262.799,-12528.869999999999,-31931.768999999997,5,0,78179705,0,0,19.12,2971,-8133,-603,,-2122.494,-9668.646,3999.4269999999997,-5251.109000000002,47.19,52.09,45.96,64.35,true,false,-0.6,-2.95,主動ETF當日持股未完整（21/22）；中期趨勢仍向下；外資持股5/10日下降，且外資5日賣超；20日趨勢尚未上彎；當下除權息調整價未守20日EMA
134,2376,技嘉,TWSE,電腦及週邊設備業,暫不承接,暫停加碼／跌破減碼,已有部位暫停加碼；若收盤跌破60日EMA約 327.12，且下一交易日仍未收復，先減碼三分之一；若ETF或外資繼續轉弱，再分批降低部位。,58.9,87.9,324.5,324.5,68.55,48.36,,,,,15.72,3.49,3.57,32,-182,573,793,4282,7544,-743,3027.165,1175.425,-242.981,-1214.2730000000001,-234.186,-1074.0349999999999,2131.077,4394.430000000001,3,2,-348524357,-1679.501,-811.7370000000002,19.73,-1341,-4856,-9627,,4572.182,3928.9610000000002,-1562.321,-6001.215,44.69,36.75,45.39,19.48,false,false,-3.2,-7.15,主動ETF當日持股未完整（21/22）；中期趨勢仍向下；ETF加碼，但外資持股5/10日同步下降；20日趨勢尚未上彎
135,2323,中環,TWSE,光電業,暫不承接,停止加碼／開始減碼,已有部位先停止加碼。反彈若仍未站回 10.73，分批降低部位；只有站回且ETF／外資賣壓收斂後才重新評估。,58.6,88,10.15,10.15,38.84,16.06,,,,,4.56,0.58,2.01,1,0,45,67,67,78,0,1490.929,-7703.701,-9674.557,-24724.499000000003,0,67,67,78,3,0,680050,-653.491,-894.02,10.04,1413,-9413,-19961,,1533,-7117.209999999999,-8847.537,-21950.163000000004,44.73,34.45,27.06,49.21,true,false,-2.42,-1.46,主動ETF當日持股未完整（21/22）；中期趨勢仍向下；外資持股5/10日下降，且外資5日賣超；20日趨勢尚未上彎；當下除權息調整價未守20日EMA
136,3023,信邦,TWSE,電子零組件業,暫不承接,暫停加碼／跌破減碼,已有部位暫停加碼；若收盤跌破60日EMA約 303.37，且下一交易日仍未收復，先減碼三分之一；若ETF或外資繼續轉弱，再分批降低部位。,58.5,100,299.5,299.5,17.59,8.75,10.95,52.87,162.52,7.37,22.14,4.37,3.38,15,232,294,357,1239,3776,237,308.502,1279.397,-83.35900000000012,-2919.9700000000003,238,299,899,2974.6,5,0,89550500,525.531,649.2399999999999,41.05,766,315,-2565,,-49.908,454.86599999999993,-1631.599,-6919.273999999999,47.84,40.22,29.27,62.13,true,false,-0.62,2.74,主動ETF當日持股未完整（21/22）；中期趨勢仍向下；20日趨勢尚未上彎；當下除權息調整價未守20日EMA
137,2855,統一證,TWSE,金融保險業,暫不承接,停止加碼／開始減碼,已有部位先停止加碼。反彈若仍未站回 45.01，分批降低部位；只有站回且ETF／外資賣壓收斂後才重新評估。,58.3,91.7,44.15,44.15,199.02,334.18,,,,,9.69,1.66,4.87,12,201,1128,2661,3404,7848,-566,440.316,231.63200000000006,-2438.09,-2454.8779999999992,212,2713,3470.228,7838.916,5,0,119778950,0,0,7.42,1262,-3339,-9085,,228.316,-2481.368,-5908.317999999999,-10293.794,45.19,49.82,34.32,80.82,true,false,-1.88,-1.89,主動ETF當日持股未完整（21/22）；中期趨勢仍向下；主動ETF 5日轉為減碼；外資持股5/10日下降，且外資5日賣超；20日趨勢尚未上彎；當下除權息調整價未守20日EMA
138,8926,台汽電,TWSE,油電燃氣業,暫不承接,停止加碼／開始減碼,已有部位先停止加碼。反彈若仍未站回 65.46，分批降低部位；只有站回且ETF／外資賣壓收斂後才重新評估。,57.8,88,61.8,61.8,1719.48,712.57,,,,,14.46,2.47,3.59,5,-5,12,13,473,250,0,-95.252,-3906.4259999999995,-7407.698,-14810.522,-1.725,33.691,500.12800000000004,265.89700000000005,3,2,2082104,-57.001999999999995,-97.706,8.21,-1353,-1814,-8906,,14.684,-3883.115,-7810.119999999999,-15081.146999999997,38.35,20.38,13.79,33.56,true,true,-5.59,-2.68,主動ETF當日持股未完整（21/22）；中期趨勢仍向下；外資持股5/10日下降，且外資5日賣超；20日趨勢尚未上彎；當下除權息調整價未守20日EMA；借券賣出與借券賣出餘額壓力升高
139,9958,世紀鋼,TWSE,鋼鐵工業,暫不承接,暫停加碼／跌破減碼,已有部位暫停加碼；若收盤跌破60日EMA約 112.10，且下一交易日仍未收復，先減碼三分之一；若ETF或外資繼續轉弱，再分批降低部位。,57.8,88,105.5,105.5,64.09,29.18,,,,,13.33,2.25,4.31,4,-117,-117,-117,155,196,-117,200.803,1153.4560000000001,1687.2,740.361,-115,-109,165,203,3,1,-11499500,-130.232,-71.861,10.22,66,1935,889,,310.376,1392.6879999999999,1594.061,620.511,40.23,22.31,20.52,25.88,true,false,-4.24,-3.21,主動ETF當日持股未完整（21/22）；中期趨勢仍向下；20日累積後5日轉為調節；ETF 1/3日已轉為減碼；主動ETF 5日轉為減碼；20日趨勢尚未上彎；當下除權息調整價未守20日EMA
140,6139,亞翔,TWSE,其他電子業,暫不承接,停止加碼／開始減碼,已有部位先停止加碼。反彈若仍未站回 785.88，分批降低部位；只有站回且ETF／外資賣壓收斂後才重新評估。,57.7,88,765,765,49.7,69.88,,,,,19.62,7.61,3.25,21,547,578,637,1502,3330,586,627.479,-887.828,-5008.568,-11439.131000000001,548,560.727,1396.7269999999999,3221.8269999999998,4,1,428956155,-61.890000000000015,107.91999999999997,24.63,-521,-3533,-8867,,5.837,-1386.6649999999997,-6513.214999999999,-14069.319,46.83,28.27,24.91,35,true,false,-2.66,0.39,主動ETF當日持股未完整（21/22）；中期趨勢仍向下；外資持股5/10日下降，且外資5日賣超；20日趨勢尚未上彎；當下除權息調整價未守20日EMA；借券賣出與借券賣出餘額壓力升高
141,3413,京鼎,TWSE,半導體業,暫不承接,暫停加碼／跌破減碼,已有部位暫停加碼；若收盤跌破60日EMA約 322.72，且下一交易日仍未收復，先減碼三分之一；若ETF或外資繼續轉弱，再分批降低部位。,57.4,88,315.5,315.5,39.75,17.7,,,,,15.83,2.07,3.68,3,0,0,0,0,0,0,572.333,-612.8109999999999,-1651.2699999999998,2857.863,30,30,30,1629,1,0,9465000,-83.041,-214.527,26.7,374,-1047,17,,463.24,-559.7700000000001,-1466.743,1290.075,47.19,24.33,23.57,25.85,true,false,-2.45,-4.1,主動ETF當日持股未完整（21/22）；中期趨勢仍向下；20日趨勢尚未上彎；當下除權息調整價未守20日EMA
142,7749,意騰-KY,TWSE,半導體業,暫不承接,暫停加碼／跌破減碼,已有部位暫停加碼；若收盤跌破60日EMA約 411.22，且下一交易日仍未收復，先減碼三分之一；若ETF或外資繼續轉弱，再分批降低部位。,57.4,88,338,338,64.48,64.12,,,,,25.68,3.78,2.81,1,0,10,10,10,10,0,4.226,68.273,32.424,-87.54700000000001,0,10,10,10,1,0,3380000,-10.868,-18.012999999999998,23.25,-29,228,151,,9,69.14099999999999,40.436999999999976,-66.40200000000002,36.68,27.88,18.84,45.95,true,false,-7.17,-5.45,主動ETF當日持股未完整（21/22）；中期趨勢仍向下；20日趨勢尚未上彎；當下除權息調整價未守20日EMA
143,8210,勤誠,TWSE,電腦及週邊設備業,暫不承接,暫停加碼／跌破減碼,"已有部位暫停加碼；若收盤跌破60日EMA約 1,189.02，且下一交易日仍未收復，先減碼三分之一；若ETF或外資繼續轉弱，再分批降低部位。",57.4,88,1095,1095,98.03,55.56,,,,,30.98,10.38,1.34,16,0,37,38,-223,-837,37,237.541,519.153,1048.845,910.628,286,846,279,-443.09999999999997,5,0,926370000,27.298000000000002,19.015,9.42,-104,-306,1541,,-56.008,-354.145,750.83,1394.475,45.81,36.39,31.71,45.74,true,false,-2.04,-2.23,主動ETF當日持股未完整（21/22）；中期趨勢仍向下；20日趨勢尚未上彎；當下除權息調整價未守20日EMA
144,6691,洋基工程,TWSE,其他電子業,暫不承接,停止加碼／開始減碼,已有部位先停止加碼。反彈若仍未站回 688.65，分批降低部位；只有站回且ETF／外資賣壓收斂後才重新評估。,57.4,87.7,662,662,115.19,84.29,,,,,24.08,13.16,3.38,11,-1,14,14,172,1482,0,5.465,-823.5060000000001,-1262.3370000000002,-2857.8780000000006,-1,16,175,1528.2,3,1,10592000,0.32099999999999973,-23.414,12.64,-256,-1023,-2435,,-8.995,-839.827,-1413.923,-4375.539000000001,44.13,28.44,25.21,34.89,true,false,-3.87,-4.89,主動ETF當日持股未完整（21/22）；中期趨勢仍向下；外資持股5/10日下降，且外資5日賣超；20日趨勢尚未上彎；當下除權息調整價未守20日EMA
145,2441,超豐,TWSE,半導體業,暫不承接,停止加碼／開始減碼,已有部位先停止加碼。反彈若仍未站回 120.32，分批降低部位；只有站回且ETF／外資賣壓收斂後才重新評估。,57.3,100,110.5,110.5,33.15,21.76,20.06,18.34,230.57,2.98,18.61,2.08,2.99,8,-1,116,123,1257,4432,0,1300.779,-2934.3010000000004,-5662.058,-5473.9090000000015,-1,123,1257,4432,3,2,13591500,-728.1800000000001,-737.5370000000001,10.33,-2788,-1908,-12452,,1325.613,-2329.121,-6181.521000000001,-8284.325000000003,43.08,24.63,18.18,37.53,true,false,-7.05,-7.14,主動ETF當日持股未完整（21/22）；中期趨勢仍向下；外資持股5/10日下降，且外資5日賣超；20日趨勢尚未上彎；當下除權息調整價未守20日EMA；借券賣出與借券賣出餘額壓力升高
146,2211,長榮鋼,TWSE,鋼鐵工業,暫不承接,停止加碼／開始減碼,已有部位先停止加碼。反彈若仍未站回 93.23，分批降低部位；只有站回且ETF／外資賣壓收斂後才重新評估。,57.3,88,87,87,47.25,2.08,,,,,10.64,1.33,7.47,4,-2,-1,-1,-8,-4,0,-159.019,518.03,558.109,-1066.6219999999998,0,10,121.541,117.959,3,0,870000,-218.73499999999999,-448.197,3.6,-117,1773,1098,,17.869,726.765,884.7649999999999,-785.1660000000002,30.72,28.77,27.67,30.98,true,false,-3.47,-1.81,主動ETF當日持股未完整（21/22）；中期趨勢仍向下；ETF短中期同步減碼；ETF 1/3日已轉為減碼；20日趨勢尚未上彎；當下除權息調整價未守20日EMA
147,8016,矽創,TWSE,半導體業,暫不承接,暫停加碼／跌破減碼,已有部位暫停加碼；若收盤跌破60日EMA約 288.32，且下一交易日仍未收復，先減碼三分之一；若ETF或外資繼續轉弱，再分批降低部位。,57.3,87.9,276,276,26.61,28.95,,,,,16.74,2.74,4.32,13,-146,-1,40,-43,500,-70,207.671,392.68800000000005,620.1949999999999,4040.522,-145.77,40.22999999999999,-42.73300000000001,382.999,3,1,11103480,-31.566000000000003,-35.466,43.86,2,68,126,,362.007,384.024,698.394,3935.552,42.77,28.35,25.17,34.69,true,false,-5.13,-5.96,主動ETF當日持股未完整（21/22）；中期趨勢仍向下；ETF 1/3日已轉為減碼；主動ETF 5日轉為減碼；20日趨勢尚未上彎；當下除權息調整價未守20日EMA
148,1795,美時,TWSE,生技醫療業,暫不承接,停止加碼／開始減碼,已有部位先停止加碼。反彈若仍未站回 200.09，分批降低部位；只有站回且ETF／外資賣壓收斂後才重新評估。,57.2,88,187,187,225.46,84.17,,,,,11.94,1.91,1.54,2,-76,-76,-76,-73,-40,-76,852.132,882.5010000000001,797.0900000000003,-1381.2739999999997,-74,-68,-63,-33,3,1,-12716000,-35.228,-161.204,51.93,-246,277,-94,,899.272,985.729,1021.2940000000001,-932.971,47.83,27.68,16.8,49.43,true,false,-0.09,1.63,主動ETF當日持股未完整（21/22）；中期趨勢仍向下；ETF短中期同步減碼；ETF 1/3日已轉為減碼；主動ETF 5日轉為減碼；20日趨勢尚未上彎；當下除權息調整價未守20日EMA
149,4961,天鈺,TWSE,半導體業,暫不承接,暫停加碼／跌破減碼,已有部位暫停加碼；若收盤跌破60日EMA約 162.88，且下一交易日仍未收復，先減碼三分之一；若ETF或外資繼續轉弱，再分批降低部位。,57.2,88,153.5,153.5,24.76,1.53,,,,,17.93,1.02,5.16,4,0,52,52,49,657,0,130.183,103.61800000000002,429.85699999999997,843.095,0,52,49,603,1,0,7982000,-33.086000000000006,-24.701000000000008,20.67,163,-132,147,,150,84.70399999999995,405.55799999999994,236.50900000000001,42.89,31.08,30.93,31.37,true,false,-3.39,-3.46,主動ETF當日持股未完整（21/22）；中期趨勢仍向下；20日趨勢尚未上彎；當下除權息調整價未守20日EMA
150,6206,飛捷,TWSE,電腦及週邊設備業,暫不承接,暫停加碼／跌破減碼,已有部位暫停加碼；若收盤跌破60日EMA約 125.52，且下一交易日仍未收復，先減碼三分之一；若ETF或外資繼續轉弱，再分批降低部位。,57.2,77,133.5,133.5,26.29,24.61,,,,,17.53,3.22,4.4,7,-4,-42,-42,-54,441,0,2073.85,1126.1839999999997,2668.2519999999995,1184.2559999999996,-4.643,-42.643,-53.973,440.549,1,2,-5692840,-134.853,-323.723,15.3,-703,-530,-892,,2040.572,1303.6799999999998,3045.948,1133.681,56.42,53.62,47.32,66.21,true,false,5.52,7.66,主動ETF當日持股未完整（21/22）；ETF短中期同步減碼；20日累積後5日轉為調節；ETF 1/3日已轉為減碼；20日趨勢尚未上彎
151,2455,全新,TWSE,通信網路業,暫不承接,暫停加碼／跌破減碼,已有部位暫停加碼；若收盤跌破60日EMA約 331.12，且下一交易日仍未收復，先減碼三分之一；若ETF或外資繼續轉弱，再分批降低部位。,57.1,98.9,321,321,23.55,27.65,23.4,35.4,220.15,2.2,71.57,14.78,0.9,15,0,205,208,281,247,200,362.444,238.66499999999996,-379.3860000000003,-184.35499999999956,241,423,1166,1522.6,4,1,135783000,-77.693,-119.89099999999999,28.6,-535,846,4471,,-1.691,-106.64200000000005,-1425.4950000000003,900.7039999999997,49.84,44.85,43.2,48.15,true,false,2,-1.68,主動ETF當日持股未完整（21/22）；中期趨勢仍向下；20日趨勢尚未上彎
152,3443,創意,TWSE,半導體業,暫不承接,暫停加碼／跌破減碼,"已有部位暫停加碼；若收盤跌破60日EMA約 4,200.87，且下一交易日仍未收復，先減碼三分之一；若ETF或外資繼續轉弱，再分批降低部位。",56.9,100,4185,4185,103.72,93.05,13.81,63.98,144.84,23.89,97.54,37.87,0.53,42,-2,44,103,302,553,12,381.731,422.128,87.4720000000001,-265.2969999999999,53.901,289.599,637.78,224.90299999999988,4,1,1211971815,-43.285,65.21100000000001,25.7,-64,103,-179,,272.573,175.81399999999996,-615.5190000000001,-329.24100000000016,50.7,48.62,40.43,65,true,false,3.03,3.33,主動ETF當日持股未完整（21/22）；中期趨勢仍向下；20日趨勢尚未上彎
153,8422,可寧衛*,TWSE,綠能環保,暫不承接,暫停加碼／跌破減碼,已有部位暫停加碼；若收盤跌破60日EMA約 27.32，且下一交易日仍未收復，先減碼三分之一；若ETF或外資繼續轉弱，再分批降低部位。,56.6,88,26.8,26.8,50.34,24.01,,,,,22.92,2.6,4.85,4,0,0,0,14,3313,0,4757.623,6322.114,7666.410999999999,-10622.075,6,28,57,1706,5,0,750400,324.60600000000005,141.54500000000002,4.74,147,3384,6421,,4737.308,5969.508,7467.866000000001,-12466.767,52.89,48.16,32.73,79.03,true,false,2.67,4.28,主動ETF當日持股未完整（21/22）；中期趨勢仍向下；20日趨勢尚未上彎
154,2731,雄獅,TWSE,觀光餐旅,暫不承接,暫停加碼／跌破減碼,已有部位暫停加碼；若收盤跌破60日EMA約 151.95，且下一交易日仍未收復，先減碼三分之一；若ETF或外資繼續轉弱，再分批降低部位。,56.5,88,146.5,146.5,-0.46,9.79,,,,,8.6,2.57,8.71,2,-2,3,3,4,3,0,-65.497,696.179,549.106,-416.21199999999993,-2.307,2.2900000000000005,3.4790000000000005,2.9259999999999997,1,1,335485,6.799999999999997,1.597999999999999,9.74,206,685,600,,-58.511,687.089,544.029,-416.10400000000004,47.68,63.06,56.32,76.54,false,false,0.14,0.34,主動ETF當日持股未完整（21/22）；中期趨勢仍向下；20日趨勢尚未上彎
155,3048,益登,TWSE,電子通路業,暫不承接,暫停加碼／跌破減碼,已有部位暫停加碼；若收盤跌破60日EMA約 55.61，且下一交易日仍未收復，先減碼三分之一；若ETF或外資繼續轉弱，再分批降低部位。,56.4,88,50.8,50.8,60.1,31.06,,,,,16.64,2.14,2.16,1,0,0,0,0,0,0,392.978,1469.21,1359.764,2246.805,0,0,0,0,0,0,0,-57.182,-106.767,8.31,-232,1432,4734,,373.384,1526.392,1466.531,2566.173,43.82,43.11,25.84,77.67,true,false,-2.62,1.91,主動ETF當日持股未完整（21/22）；中期趨勢仍向下；20日趨勢尚未上彎；當下除權息調整價未守20日EMA
156,2421,建準,TWSE,電子零組件業,暫不承接,暫停加碼／跌破減碼,已有部位暫停加碼；若收盤跌破60日EMA約 140.36，且下一交易日仍未收復，先減碼三分之一；若ETF或外資繼續轉弱，再分批降低部位。,56.3,88,136.5,136.5,18.65,18.27,,,,,16,3.31,4,7,0,0,0,-2,362,0,706.667,1664.9289999999999,1450.725,-1592.1760000000002,2,8,8,369,4,0,1092000,55.45800000000001,53.82700000000001,28.73,962,828,-507,,671.175,1601.4709999999998,1388.8979999999995,-1522.4120000000005,51.29,61.51,47.52,89.5,true,false,2.47,3.8,主動ETF當日持股未完整（21/22）；中期趨勢仍向下；20日趨勢尚未上彎
157,6770,力積電,TWSE,半導體業,暫不承接,暫停加碼／跌破減碼,已有部位暫停加碼；若收盤跌破60日EMA約 66.73，且下一交易日仍未收復，先減碼三分之一；若ETF或外資繼續轉弱，再分批降低部位。,56.2,85,54.7,54.7,68.75,37.81,,,,,30.79,2.39,,10,341,333,413,759,1126,324,-32408.292,-66432.601,-161579.172,-262048.18600000005,-209,293.491,-10841.509,1399.691,2,2,16053958,-3163.4619999999995,-3516.382,12.26,-3355,-14771,-171673,,-32777.937,-63562.62999999999,-147221.281,-254191.429,37.13,20.39,16,29.17,true,false,-12.8,-11.63,主動ETF當日持股未完整（21/22）；中期趨勢仍向下；外資持股趨勢資料不足或期間有非市場異動；20日趨勢尚未上彎；當下除權息調整價未守20日EMA；借券賣出與借券賣出餘額壓力升高
158,2851,中再保,TWSE,金融保險業,暫不承接,暫停加碼／跌破減碼,已有部位暫停加碼；若收盤跌破60日EMA約 35.44，且下一交易日仍未收復，先減碼三分之一；若ETF或外資繼續轉弱，再分批降低部位。,56.1,97,34.8,34.8,6.04,148.43,,60.25,,,6.66,1.17,6.38,2,0,0,0,0,844,0,44.358,981.387,2304.894,2051.0150000000003,0,0,0,844,0,0,0,-104.19900000000001,-143.341,9.18,226,1087,1241,,94.006,1085.586,2448.235,1305.9600000000005,41.2,36.08,26.11,56.02,true,false,-2.64,-1.56,主動ETF當日持股未完整（21/22）；中期趨勢仍向下；20日趨勢尚未上彎；當下除權息調整價未守20日EMA
159,2308,台達電,TWSE,電子零組件業,暫不承接,暫停加碼／跌破減碼,"已有部位暫停加碼；若收盤跌破60日EMA約 1,890.03，且下一交易日仍未收復，先減碼三分之一；若ETF或外資繼續轉弱，再分批降低部位。",55.9,100,1580,1580,55.43,41.02,17.22,53.58,159.95,17.59,52.2,14.5,0.71,55,131,2877,4033,6410,8378,1231,-3570.267,-12966.814999999999,-13191.935,-24196.69,-215.118,2396.768,4352.023999999999,5737.972999999999,3,2,3786893440,1587.67,1695.6660000000002,62.31,-5802,-13151,-25638,,-3341.798,-16951.253,-19239.625,-32704.564,36.81,28.83,28.86,28.75,false,false,-10.18,-9.97,主動ETF當日持股未完整（21/22）；中期趨勢仍向下；外資持股趨勢資料不足或期間有非市場異動；20日趨勢尚未上彎；當下除權息調整價未守20日EMA
160,2609,陽明,TWSE,航運業,暫不承接,停止加碼／開始減碼,已有部位先停止加碼。反彈若仍未站回 51.21，分批降低部位；只有站回且ETF／外資賣壓收斂後才重新評估。,55.9,85.6,50.8,50.8,20.18,0.49,,,,,16.49,0.54,3.94,12,-43,-101,-114,-210,142,0,563.178,16637.666,37965.321,24863.322,-32.221,-62.28,-143.933,-23.861000000000043,2,3,-3163824,-204.002,-413.446,20.38,5441,20671,79343,,638.223,16903.948,38522.700000000004,27648.77500000001,50.03,51.23,54.5,44.69,false,false,0.2,-0.59,主動ETF當日持股未完整（21/22）；中期趨勢仍向下；ETF短中期同步減碼；20日累積後5日轉為調節；ETF 1/3日已轉為減碼；20日趨勢尚未上彎
161,2316,楠梓電,TWSE,電子零組件業,暫不承接,暫停加碼／跌破減碼,已有部位暫停加碼；若收盤跌破60日EMA約 164.65，且下一交易日仍未收復，先減碼三分之一；若ETF或外資繼續轉弱，再分批降低部位。,55.8,88,149,149,27.83,30.96,,,,,9.2,1.88,1.41,2,8,12,80,349,586,68,-466.158,46.31,-2287.8160000000003,-3457.1840000000007,8,-36,233,470,3,2,-5364000,-66.85300000000001,-84.47700000000002,35.97,55,940,42,,-517.007,149.163,-2436.339,-3657.053,40.94,28.36,21.44,42.21,true,false,-8.38,-3.87,主動ETF當日持股未完整（21/22）；中期趨勢仍向下；20日趨勢尚未上彎；當下除權息調整價未守20日EMA
162,2436,偉詮電,TWSE,半導體業,暫不承接,暫停加碼／跌破減碼,已有部位暫停加碼；若收盤跌破60日EMA約 65.23，且下一交易日仍未收復，先減碼三分之一；若ETF或外資繼續轉弱，再分批降低部位。,55.8,88,57.4,57.4,18.28,28.04,,,,,16.29,2.49,3.57,2,0,30,45,45,47,0,915.064,154.99699999999996,-6.607000000000028,-5244.3330000000005,0,45,45,47,3,0,2583000,-112.24800000000003,-201.42600000000002,10.09,309,-1316,-5302,,941.387,222.2449999999999,149.81899999999987,-4341.130999999999,42.45,37.42,28.43,55.39,true,false,-4.34,-1.37,主動ETF當日持股未完整（21/22）；中期趨勢仍向下；ETF加碼，但外資持股5/10日同步下降；20日趨勢尚未上彎；當下除權息調整價未守20日EMA
163,3044,健鼎,TWSE,電子零組件業,暫不承接,停止加碼／開始減碼,已有部位先停止加碼。反彈若仍未站回 444.19，分批降低部位；只有站回且ETF／外資賣壓收斂後才重新評估。,55.8,88,374,374,41.97,30.8,,,,,17.93,3.33,3.44,24,193,442,642,913,-298,144,-375.875,-1443.0079999999998,-3828.7709999999997,-8744.459,151.982,478.34599999999995,317.379,-1813.711,5,0,178901404,298.296,383.48400000000004,49.46,-1615,-2668,-5619,,-574.814,-2219.65,-4529.634,-7259.2029999999995,37.1,34.37,26.73,49.64,true,false,-7.75,-4.23,主動ETF當日持股未完整（21/22）；中期趨勢仍向下；外資持股5/10日下降，且外資5日賣超；20日趨勢尚未上彎；當下除權息調整價未守20日EMA
164,2727,王品,TWSE,觀光餐旅,暫不承接,暫停加碼／跌破減碼,已有部位暫停加碼；若收盤跌破60日EMA約 233.63，且下一交易日仍未收復，先減碼三分之一；若ETF或外資繼續轉弱，再分批降低部位。,55.6,88,228,228,16.59,12.08,,,,,14.09,5.07,6.87,2,0,0,0,0,1,0,-259.133,2192.7929999999997,2649.5619999999994,1245.1649999999995,0,2,3,-26,2,0,456000,-145.25799999999998,-157.035,31.94,561,2482,2105,,-226.758,2336.051,2803.5969999999993,1628.3689999999997,45.13,60.98,61.3,60.34,false,true,-1.13,1.11,主動ETF當日持股未完整（21/22）；中期趨勢仍向下；20日趨勢尚未上彎；當下除權息調整價未守20日EMA
165,6285,啟碁,TWSE,通信網路業,暫不承接,暫停加碼／跌破減碼,已有部位暫停加碼；若收盤跌破60日EMA約 248.77，且下一交易日仍未收復，先減碼三分之一；若ETF或外資繼續轉弱，再分批降低部位。,55.6,86.1,239,239,84.37,22.8,,,,,32.74,3.07,1.94,16,52,219,339,-120,35,49,749.04,3118.585,2408.788,861.9239999999994,65,-627.17,-1031.17,-3263.27,3,2,-149893630,-145.139,-198.606,23.89,107,2666,1336,,701.112,3890.8940000000002,3638.564,3935.9999999999995,47.81,41.28,37.8,48.25,true,false,-0.93,-4.21,主動ETF當日持股未完整（21/22）；中期趨勢仍向下；20日趨勢尚未上彎；當下除權息調整價未守20日EMA
166,3010,華立,TWSE,電子通路業,暫不承接,停止加碼／開始減碼,已有部位先停止加碼。反彈若仍未站回 123.43，分批降低部位；只有站回且ETF／外資賣壓收斂後才重新評估。,55.2,88,116,116,13.92,17.66,,,,,11.99,1.23,4.71,5,-1,-1,-3,-7,-12,0,276.045,-569.0140000000001,-285.46500000000015,-2045.1760000000002,0.276,4.276,2.5589999999999997,-5.441000000000001,4,1,496016,73.41900000000001,119.02900000000001,19.17,-15,-868,-544,,302.239,-646.7090000000001,-407.053,-2045.9309999999998,46.04,42.32,41.56,43.84,true,false,-0.89,-1.28,主動ETF當日持股未完整（21/22）；中期趨勢仍向下；ETF短中期同步減碼；ETF 1/3日已轉為減碼；外資持股5/10日下降，且外資5日賣超；20日趨勢尚未上彎；當下除權息調整價未守20日EMA
167,3515,華擎,TWSE,電腦及週邊設備業,暫不承接,停止加碼／開始減碼,已有部位先停止加碼。反彈若仍未站回 218.75，分批降低部位；只有站回且ETF／外資賣壓收斂後才重新評估。,55.2,88,197.5,197.5,47.6,4.43,,,,,12.27,2.13,5.66,3,-1,-1,-1,-2,-2,0,83.974,44.70200000000003,172.29700000000003,659.074,-0.903,-0.903,-1.802,-1.802,0,1,-178342,-18.768,-20.048000000000002,7.95,48,62,628,,101.757,64.37300000000003,194.14700000000005,688.0240000000001,38.55,28.94,30.57,25.69,false,false,-3.83,-3.89,主動ETF當日持股未完整（21/22）；中期趨勢仍向下；ETF短中期同步減碼；ETF 1/3日已轉為減碼；20日趨勢尚未上彎；當下除權息調整價未守20日EMA
168,1476,儒鴻,TWSE,紡織纖維,暫不承接,暫停加碼／跌破減碼,已有部位暫停加碼；若收盤跌破60日EMA約 339.29，且下一交易日仍未收復，先減碼三分之一；若ETF或外資繼續轉弱，再分批降低部位。,55,88,346.5,346.5,14.42,3.22,,,,,16.74,3.45,4.34,13,-6,-5,-4,-910,-1216,0,47.759,1472.1390000000004,1864.1790000000003,5554.451000000001,-3.818,3.726,-899.8220000000001,-1206.594,3,1,1291059,10.390999999999998,2.679999999999996,30.73,172,1743,5482,,67.22,1458.022,2761.3210000000004,6829.840999999999,56.49,63.6,61.01,68.79,false,false,2.27,1.46,主動ETF當日持股未完整（21/22）；ETF短中期同步減碼；ETF 1/3日已轉為減碼
169,9802,鈺齊-KY,TWSE,運動休閒,暫不承接,暫停加碼／跌破減碼,已有部位暫停加碼；若收盤跌破60日EMA約 75.69，且下一交易日仍未收復，先減碼三分之一；若ETF或外資繼續轉弱，再分批降低部位。,54.9,88,72,72,15.45,0.37,,,,,12.86,1.08,7,1,0,0,0,0,-245,0,-141.003,498.261,770.309,2349.7929999999997,2,8,12,-236,4,0,576000,-12.809000000000001,0.3899999999999988,42.23,603,1358,1534,,-133,503.07000000000005,757.9190000000001,2530.747,43.27,36.74,37.29,35.65,true,true,-2.03,-3.1,主動ETF當日持股未完整（21/22）；中期趨勢仍向下；20日趨勢尚未上彎；當下除權息調整價未守20日EMA
170,3028,增你強,TWSE,電子通路業,暫不承接,停止加碼／開始減碼,已有部位先停止加碼。反彈若仍未站回 70.69，分批降低部位；只有站回且ETF／外資賣壓收斂後才重新評估。,54.9,76,63.9,63.9,65.62,93.18,,,,,12.04,2.29,4.88,2,-3,-3,-24,0,5,0,385.19,-375.59700000000004,-2084.848,-6188.4619999999995,-1.926,-17.926000000000002,6.159999999999997,11.159999999999997,2,2,-1145471,-187.799,-286.136,11.14,310,-1646,-4633,,352.466,-169.872,-1804.872,-5789.72,42.18,32.73,22.41,53.36,true,false,-4.63,-0.31,主動ETF當日持股未完整（21/22）；中期趨勢仍向下；20日累積後5日轉為調節；ETF 1/3日已轉為減碼；外資持股5/10日下降，且外資5日賣超；20日趨勢尚未上彎；當下除權息調整價未守20日EMA；借券賣出與借券賣出餘額壓力升高
171,2363,矽統,TWSE,半導體業,暫不承接,停止加碼／開始減碼,已有部位先停止加碼。反彈若仍未站回 59.23，分批降低部位；只有站回且ETF／外資賣壓收斂後才重新評估。,54.6,88,49.85,49.85,74.8,99.91,,,,,28.94,1.24,1.22,2,0,100,124,124,170,0,472.645,-2405.9429999999998,-5992.084999999999,-22329.528999999995,0,124,124,170,3,0,6181400,-307.854,-441.535,6.88,628,-786,-4278,,501,-2222.089,-5674.55,-20672.445,37.15,22.87,18.16,32.31,true,false,-10.78,-8.7,主動ETF當日持股未完整（21/22）；中期趨勢仍向下；外資持股5/10日下降，且外資5日賣超；20日趨勢尚未上彎；當下除權息調整價未守20日EMA
172,6944,兆聯實業,TWSE,綠能環保,暫不承接,停止加碼／開始減碼,已有部位先停止加碼。反彈若仍未站回 746.36，分批降低部位；只有站回且ETF／外資賣壓收斂後才重新評估。,54.1,88,726,726,29.98,44.54,,,,,20.29,6.24,2.77,5,85,85,85,102,100,85,-56.762,-1062.602,-1877.328,-1682.409,84.54,87.45700000000001,87.694,68.303,3,0,63493782,34.827,3.282,14.85,-221,-1091,-1564,,-138.494,-1184.886,-1968.3039999999996,-1742.4209999999998,46.78,30.62,33.32,25.23,false,false,-2.73,-7.63,主動ETF當日持股未完整（21/22）；中期趨勢仍向下；外資持股5/10日下降，且外資5日賣超；20日趨勢尚未上彎；當下除權息調整價未守20日EMA
173,8110,華東,TWSE,半導體業,暫不承接,暫停加碼／跌破減碼,已有部位暫停加碼；若收盤跌破60日EMA約 49.33，且下一交易日仍未收復，先減碼三分之一；若ETF或外資繼續轉弱，再分批降低部位。,54.1,88,40.8,40.8,16.26,13.32,,,,,13.59,1.51,4.02,2,0,0,0,0,0,0,234.768,2162.791,959.1169999999998,-3665.819,0,0,0,0,0,0,0,49.661000000000016,-20.495999999999984,1.74,40,2202,1942,,177,2113.13,979.6130000000003,-3179.169,42.46,30.86,18.41,55.75,true,false,-5.64,-1.45,主動ETF當日持股未完整（21/22）；中期趨勢仍向下；20日趨勢尚未上彎；當下除權息調整價未守20日EMA
174,2354,鴻準,TWSE,其他電子業,暫不承接,暫停加碼／跌破減碼,已有部位暫停加碼；若收盤跌破60日EMA約 56.41，且下一交易日仍未收復，先減碼三分之一；若ETF或外資繼續轉弱，再分批降低部位。,54,88,56.4,56.4,10.66,-21.9,,,,,26.78,0.75,2.65,6,0,36,54,69,103,0,663.402,4470.582,6881.738,7955.6990000000005,6,83,106,123,5,0,4681200,192.36199999999997,122.92099999999996,11.03,4741,4447,12428,,707.161,4195.22,6652.817,7988.8499999999985,51.72,62.18,53.48,79.58,true,false,1.24,0.36,主動ETF當日持股未完整（21/22）；中期趨勢仍向下；20日趨勢尚未上彎
175,8464,億豐,TWSE,居家生活,暫不承接,暫停加碼／跌破減碼,已有部位暫停加碼；若收盤跌破60日EMA約 358.43，且下一交易日仍未收復，先減碼三分之一；若ETF或外資繼續轉弱，再分批降低部位。,53.9,88,376,376,11.73,1.69,,,,,17.26,4.09,4.2,11,-6,-6,-6,-11,97,0,9.685,172.82,-61.59900000000002,289.1170000000001,-4.467,11.497,18.930000000000003,124.141,3,1,4322872,-5.195999999999999,-20.133,40.57,116,126,430,,27.39,166.519,-60.396,166.30400000000003,59.5,70.14,73.58,63.28,false,true,2.04,-0.79,主動ETF當日持股未完整（21/22）；ETF短中期同步減碼；20日累積後5日轉為調節；ETF 1/3日已轉為減碼
176,5469,瀚宇博,TWSE,電子零組件業,暫不承接,暫停加碼／跌破減碼,已有部位暫停加碼；若收盤跌破60日EMA約 79.31，且下一交易日仍未收復，先減碼三分之一；若ETF或外資繼續轉弱，再分批降低部位。,53.8,88,67.4,67.4,15.36,24.52,,,,,11.68,0.86,3.77,4,0,0,0,0,4710,0,-210.305,-866.6080000000001,-699.4590000000001,-8244.066000000003,3,15,19,4721,4,0,1011000,-215.655,-239.716,8.82,-412,-1263,514,,30.151,-665.953,-478.74300000000005,-12629.408,36.63,35.22,30.63,44.41,true,false,-6.77,-5.6,主動ETF當日持股未完整（21/22）；中期趨勢仍向下；20日趨勢尚未上彎；當下除權息調整價未守20日EMA
177,5534,長虹,TWSE,建材營造,暫不承接,暫停加碼／跌破減碼,已有部位暫停加碼；若收盤跌破60日EMA約 78.85，且下一交易日仍未收復，先減碼三分之一；若ETF或外資繼續轉弱，再分批降低部位。,53.8,88,77.6,77.6,124.21,34.2,,,,,15.84,1.08,7.09,2,184,184,184,184,184,184,-302.225,-362.0450000000001,-412.9390000000001,1092.626,34,34,-131,-131,1,0,2638400,-18.906999999999996,170.78,9.65,63,-285,868,,-317.9,-377.138,-452.71899999999994,1252.853,40.05,25.82,27.58,22.29,false,false,-1.87,-2.14,主動ETF當日持股未完整（21/22）；中期趨勢仍向下；20日趨勢尚未上彎；當下除權息調整價未守20日EMA
178,1723,中碳,TWSE,化學工業,暫不承接,暫停加碼／跌破減碼,已有部位暫停加碼；若收盤跌破60日EMA約 83.86，且下一交易日仍未收復，先減碼三分之一；若ETF或外資繼續轉弱，再分批降低部位。,53.7,100,83.5,83.5,32.12,6.31,14.62,32.06,176.63,2.07,26.14,2.36,2.28,1,0,4,5,1,-3,0,149.001,-447.41600000000005,242.65199999999987,1937.8639999999998,0,5,1,-3,2,0,417500,-25.987000000000002,-14.930000000000005,8.95,-528,-725,1951,,147.999,-426.4289999999999,256.58200000000005,1985.294,46.92,25.43,29.52,17.26,false,false,-1.81,-3.36,主動ETF當日持股未完整（21/22）；中期趨勢仍向下；20日趨勢尚未上彎；當下除權息調整價未守20日EMA
179,2337,旺宏,TWSE,半導體業,暫不承接,停止加碼／開始減碼,已有部位先停止加碼。反彈若仍未站回 136.75，分批降低部位；只有站回且ETF／外資賣壓收斂後才重新評估。,53.7,100,110.5,110.5,216.09,128.76,36.83,35.77,235.89,4.82,23.82,3.21,,12,-182,-186,-2589,-5452,-4915,-2693,6996.013,-31069.545,-32387.79,-68184.522,-182,-3945,-10897,-8021,1,3,-435922500,33.48100000000004,506.273,24.08,-3536,-37271,-55374,,7554.55,-27158.025999999998,-21997.063,-62241.91099999999,40.77,22.92,18.53,31.71,true,false,-10.52,-11.95,主動ETF當日持股未完整（21/22）；中期趨勢仍向下；ETF短中期同步減碼；ETF 1/3日已轉為減碼；主動ETF 5日轉為減碼；投信5/10日持續且具金額意義的賣超；外資持股5/10日下降，且外資5日賣超；20日趨勢尚未上彎；當下除權息調整價未守20日EMA；借券賣出與借券賣出餘額壓力升高
180,2753,八方雲集,TWSE,觀光餐旅,暫不承接,停止加碼／開始減碼,已有部位先停止加碼。反彈若仍未站回 180.15，分批降低部位；只有站回且ETF／外資賣壓收斂後才重新評估。,53.7,88,179.5,179.5,10.85,7.26,,,,,13.47,3.41,6.61,3,-2,-2,-4,-10,-13,0,-50.877,677.23,878.703,892.8869999999997,-2,-3.975,-10.007,-13.405,0,2,-713512,3.7819999999999996,-9.728,6.18,274,744,1347,,-46.67,677.423,898.438,921.6480000000001,50.52,64.66,58.49,77.01,true,false,0.37,1.13,主動ETF當日持股未完整（21/22）；中期趨勢仍向下；ETF短中期同步減碼；ETF 1/3日已轉為減碼；20日趨勢尚未上彎
181,6192,巨路,TWSE,其他電子業,暫不承接,停止加碼／開始減碼,已有部位先停止加碼。反彈若仍未站回 118.97，分批降低部位；只有站回且ETF／外資賣壓收斂後才重新評估。,53.7,88,113,113.25,16.94,5.75,,,,,11.41,1.48,5.2,1,0,0,0,0,2,0,2.294,-283.225,-346.579,-301.42999999999995,0,0,0,2,0,0,0,-58.515,-60.979,24.55,-31,-222,-205,,8.297,-224.70999999999998,-285.59999999999997,-251.11599999999999,43.5,39.32,28.82,60.33,true,false,-1.63,-0.88,主動ETF當日持股未完整（21/22）；中期趨勢仍向下；外資持股5/10日下降，且外資5日賣超；20日趨勢尚未上彎；當下除權息調整價未守20日EMA
182,2344,華邦電,TWSE,半導體業,暫不承接,停止加碼／開始減碼,已有部位先停止加碼。反彈若仍未站回 155.58，分批降低部位；只有站回且ETF／外資賣壓收斂後才重新評估。,53.5,88,143,143,189.88,139.2,,,,,38.58,5.02,0.38,33,413,2889,5754,4500,8978,0,26724.827,12486.462,-10329.166,-92354.676,-95.073,-12207.142,-31097.201999999997,-59711.63700000001,1,4,-1745621306,2351.319,4949.3009999999995,17.2,-6587,-21124,-67932,,25984.321,22342.285,15818.735000000002,-37523.90299999999,43.92,26.12,21.32,35.74,true,false,-7.62,-10.62,主動ETF當日持股未完整（21/22）；中期趨勢仍向下；投信5/10日持續且具金額意義的賣超；ETF加碼，但外資持股5/10日同步下降；20日趨勢尚未上彎；當下除權息調整價未守20日EMA
183,4916,事欣科,TWSE,電腦及週邊設備業,暫不承接,停止加碼／開始減碼,已有部位先停止加碼。反彈若仍未站回 100.87，分批降低部位；只有站回且ETF／外資賣壓收斂後才重新評估。,53.5,88,95,95,80.52,48.63,,,,,16.93,3.21,0.53,1,0,0,0,1,39,0,-709.09,-918.773,-1217.1399999999999,-4625.62,0,0,1,39,0,0,0,-68.87700000000001,-110.24100000000001,4.37,2,-18,-3523,,-746.936,-849.8960000000001,-1107.8990000000003,-4540.122000000001,43.34,23.3,22.59,24.73,true,false,-5.82,-6.86,主動ETF當日持股未完整（21/22）；中期趨勢仍向下；外資持股5/10日下降，且外資5日賣超；20日趨勢尚未上彎；當下除權息調整價未守20日EMA
184,8454,富邦媒,TWSE,數位雲端,暫不承接,暫停加碼／跌破減碼,已有部位暫停加碼；若收盤跌破60日EMA約 259.00，且下一交易日仍未收復，先減碼三分之一；若ETF或外資繼續轉弱，再分批降低部位。,53.4,100,247.5,247.5,6.5,2.38,2.94,70.81,68.67,4.81,23.43,6.29,4.07,7,-1,192,191,244,-9,0,86.148,196.06,600.549,958.8120000000001,0.903,199.95499999999998,256.257,-2.1529999999999916,4,0,49488862,-103.013,-204.58400000000003,11.72,1,-226,738,,117.891,99.118,548.876,1170.533,41.79,45.36,33.89,68.32,false,false,-3.91,1.23,主動ETF當日持股未完整（21/22）；中期趨勢仍向下；20日趨勢尚未上彎；當下除權息調整價未守20日EMA
185,2707,晶華,TWSE,觀光餐旅,暫不承接,暫停加碼／跌破減碼,已有部位暫停加碼；若收盤跌破60日EMA約 179.03，且下一交易日仍未收復，先減碼三分之一；若ETF或外資繼續轉弱，再分批降低部位。,53.4,88,179,179,13.94,5.11,,,,,12.71,6.41,6.04,1,0,0,0,0,3,0,-53.336,530.305,737.6399999999999,1272.4949999999997,0,0,0,2,0,0,0,3.4459999999999997,3.1069999999999993,7.36,-71,628,820,,-46,526.859,734.5330000000001,1264.6299999999999,49.22,54.64,58.61,46.71,false,true,-0.17,-0.28,主動ETF當日持股未完整（21/22）；中期趨勢仍向下；20日趨勢尚未上彎；當下除權息調整價未守20日EMA
186,6605,帝寶,TWSE,汽車工業,暫不承接,暫停加碼／跌破減碼,已有部位暫停加碼；若收盤跌破60日EMA約 134.40，且下一交易日仍未收復，先減碼三分之一；若ETF或外資繼續轉弱，再分批降低部位。,53.4,88,133.5,133.5,4.45,-3.37,,,,,10.04,1.08,4.85,1,0,0,0,0,3,0,-52.951,717.442,881.277,1037.638,1,5,7,7,4,0,667500,13.318,11.529999999999998,14.31,441,954,1742,,-50.899,699.124,862.7470000000001,1082.4020000000003,51.09,50.6,50.68,50.43,false,false,0.71,0.75,主動ETF當日持股未完整（21/22）；累計營收負成長且當月改善不足；中期趨勢仍向下；20日趨勢尚未上彎
187,9939,宏全,TWSE,其他,暫不承接,暫停加碼／跌破減碼,已有部位暫停加碼；若收盤跌破60日EMA約 125.78，且下一交易日仍未收復，先減碼三分之一；若ETF或外資繼續轉弱，再分批降低部位。,53.3,88,128.5,128.5,12.13,3.43,,,,,14.19,1.99,4.84,8,-110,-110,-110,-55,96,-108,28.275,2137.504,2692.2919999999995,7099.528,-108,-102,117.199,465.225,3,1,-13107000,-32.308,-21.454000000000004,15.09,-159,1739,5375,,147,2271.8120000000004,2596.5470000000005,6597.812,52.51,45.51,54.11,28.33,false,false,0.4,-0.39,主動ETF當日持股未完整（21/22）；ETF短中期同步減碼；20日累積後5日轉為調節；ETF 1/3日已轉為減碼；主動ETF 5日轉為減碼
188,6191,精成科,TWSE,電子零組件業,暫不承接,暫停加碼／跌破減碼,已有部位暫停加碼；若收盤跌破60日EMA約 95.36，且下一交易日仍未收復，先減碼三分之一；若ETF或外資繼續轉弱，再分批降低部位。,53.2,88,82.2,82.2,10.28,30.15,,,,,12.71,1.47,3.19,5,0,7,7,7,6826,0,-67.857,-38.42399999999995,-2895.52,-8301.492999999999,3,21,25,6754,4,0,1726200,-108.499,-145.531,3.56,-296,294,706,,-18.825,49.07500000000003,-2774.9889999999996,-14120.979,34.48,23.71,21.39,28.35,true,false,-8.17,-7.01,主動ETF當日持股未完整（21/22）；中期趨勢仍向下；20日趨勢尚未上彎；當下除權息調整價未守20日EMA
189,5871,中租-KY,TWSE,其他,暫不承接,暫停加碼／跌破減碼,已有部位暫停加碼；若收盤跌破60日EMA約 113.41，且下一交易日仍未收復，先減碼三分之一；若ETF或外資繼續轉弱，再分批降低部位。,53.2,87.9,113,113,-0.82,-2,,,,,10.44,1.09,5.38,29,-523,-645,4287,14075,21065,-461,521.43,16179.468,26730.758,43675.90600000001,-522.943,398.924,10155.558,17033.208000000002,2,3,45078412,-386.3109999999999,-564.865,45.14,1462,15987,31316,,1325.866,16166.855,17140.065,25471.397999999997,45.31,25.64,34.75,7.42,false,false,-1.77,-3.95,主動ETF當日持股未完整（21/22）；累計營收負成長且當月改善不足；中期趨勢仍向下；ETF 1/3日已轉為減碼；主動ETF 5日轉為減碼；20日趨勢尚未上彎；當下除權息調整價未守20日EMA
190,4766,南寶,TWSE,化學工業,暫不承接,暫停加碼／跌破減碼,已有部位暫停加碼；若收盤跌破60日EMA約 342.67，且下一交易日仍未收復，先減碼三分之一；若ETF或外資繼續轉弱，再分批降低部位。,53.1,88,320,320,12.82,9.33,,,,,14.86,2.85,5.83,6,1,5,5,6,234,0,124.157,61.07500000000001,-113.43599999999999,-822.4670000000001,1,7,9,237,3,0,2240000,68.795,55.493,15.31,-48,6,-280,,126.14,-14.719999999999999,-177.929,-1057.839,39.7,29.88,24.99,39.66,true,false,-2.8,-2.59,主動ETF當日持股未完整（21/22）；中期趨勢仍向下；20日趨勢尚未上彎；當下除權息調整價未守20日EMA
191,6805,富世達,TWSE,電子零組件業,暫不承接,暫停加碼／跌破減碼,"已有部位暫停加碼；若收盤跌破60日EMA約 1,593.56，且下一交易日仍未收復，先減碼三分之一；若ETF或外資繼續轉弱，再分批降低部位。",53.1,88,1470,1470,32.66,62.64,,,,,34.46,12.47,0.93,13,0,28,30,267,163,27,-102.728,91.558,-319.455,-371.56100000000004,0,139,593.6,-1579.9,4,0,204330000,55.400999999999996,108.28,17.71,136,27,-752,,-148.265,-102.84299999999999,-1021.335,1110.1119999999999,50.34,58.42,48.95,77.35,true,false,3.25,1.03,主動ETF當日持股未完整（21/22）；中期趨勢仍向下；20日趨勢尚未上彎
192,1717,長興,TWSE,化學工業,暫不承接,停止加碼／開始減碼,已有部位先停止加碼。反彈若仍未站回 69.35，分批降低部位；只有站回且ETF／外資賣壓收斂後才重新評估。,53,88,61.7,61.7,16.21,8.32,,,,,40.47,2.44,1.67,5,301,504,506,508,522,500,2013.187,-1743.6779999999999,-7100.591,-21809.908,307.265,1996.367,2807.724,2800.2230000000004,5,0,123175844,-1084.3029999999999,-1066.0890000000002,10.29,-1181,-2575,-16655,,1417.083,-2655.742,-8842.226,-22068.877999999997,43.08,43.66,26.63,77.71,true,false,-3.8,0.65,主動ETF當日持股未完整（21/22）；中期趨勢仍向下；外資持股5/10日下降，且外資5日賣超；20日趨勢尚未上彎；當下除權息調整價未守20日EMA
193,2458,義隆,TWSE,半導體業,暫不承接,暫停加碼／跌破減碼,已有部位暫停加碼；若收盤跌破60日EMA約 161.93，且下一交易日仍未收復，先減碼三分之一；若ETF或外資繼續轉弱，再分批降低部位。,52.8,88,156.5,156.5,7.13,4.54,,,,,16.63,4.47,4.68,18,-143,19,27,604,4948,-100,802.695,805.9850000000001,1735.7100000000003,8375.315000000002,-141.414,35.58600000000001,629.39,6192.993,4,1,5569209,-202.80900000000003,-188.02,23.01,-399,636,978,,992.27,973.208,1294.34,2664.096,42.62,25.92,23.22,31.32,true,false,-4.74,-5.72,主動ETF當日持股未完整（21/22）；中期趨勢仍向下；主動ETF 5日轉為減碼；20日趨勢尚未上彎；當下除權息調整價未守20日EMA
194,3045,台灣大,TWSE,通信網路業,暫不承接,暫停加碼／跌破減碼,已有部位暫停加碼；若收盤跌破60日EMA約 113.39，且下一交易日仍未收復，先減碼三分之一；若ETF或外資繼續轉弱，再分批降低部位。,52.6,88,112,112,6.57,3.74,,,,,22.82,3.74,4.21,37,-607,2274,4081,825,6974,-861,-1000.918,22621.166999999998,52982.806000000004,112934.30400000002,-900.047,1309.022,-3895.822,-2402.7169999999996,4,1,146610464,1203.478,1460.708,16.47,5443,27098,102249,,22.304,20108.667,55417.92,112093.45599999999,44.07,46.6,63.99,11.81,false,true,-0.92,-1.32,主動ETF當日持股未完整（21/22）；中期趨勢仍向下；主動ETF 5日轉為減碼；20日趨勢尚未上彎；當下除權息調整價未守20日EMA
195,9911,櫻花,TWSE,居家生活,暫不承接,暫停加碼／跌破減碼,已有部位暫停加碼；若收盤跌破60日EMA約 83.36，且下一交易日仍未收復，先減碼三分之一；若ETF或外資繼續轉弱，再分批降低部位。,52.6,88,82,82,6.72,6.3,,,,,12.88,2.88,6.11,2,1,15,15,14,18,0,-129.546,-196.149,-130.395,176.54099999999997,3,17,16,17,2,1,1394000,2,10.879,19.08,38,158,246,,-123.546,-215.149,-157.27399999999997,140.662,40.24,25.24,23.37,29,false,false,-0.99,-0.97,主動ETF當日持股未完整（21/22）；中期趨勢仍向下；20日趨勢尚未上彎；當下除權息調整價未守20日EMA
196,6781,AES-KY,TWSE,電子零組件業,暫不承接,暫停加碼／跌破減碼,"已有部位暫停加碼；若收盤跌破60日EMA約 1,076.31，且下一交易日仍未收復，先減碼三分之一；若ETF或外資繼續轉弱，再分批降低部位。",52.5,88,964,964,25.58,26.01,,,,,23.41,4.32,2.09,5,0,0,0,0,0,0,101.562,290.477,284.842,-471.3180000000001,0,10,10,24.879,1,0,9640000,-31.918,33.219,68.13,54,246,317,,87.711,312.395,241.623,-374.4000000000001,44.03,40.01,30.93,58.18,true,false,-3.34,-2.63,主動ETF當日持股未完整（21/22）；中期趨勢仍向下；20日趨勢尚未上彎；當下除權息調整價未守20日EMA
197,2360,致茂,TWSE,其他電子業,暫不承接,停止加碼／開始減碼,"已有部位先停止加碼。反彈若仍未站回 2,050.84，分批降低部位；只有站回且ETF／外資賣壓收斂後才重新評估。",52.5,87.8,1960,1960,73.02,90.6,,,,,66.23,32.08,0.93,47,175,1741,1990,2455,2968,1461,-972.746,-1892.3430000000003,-2516.463,-2583.7890000000007,-87.64,3978.4709999999995,6123.329,5379.700999999999,4,1,7797803160,85.00699999999999,80.677,57.81,-1930,-5693,-9222,,-895.059,-5955.821,-8720.469,-8233.083999999999,47.11,50.42,52.58,46.1,true,true,-2.39,-6.67,主動ETF當日持股未完整（21/22）；中期趨勢仍向下；外資持股5/10日下降，且外資5日賣超；20日趨勢尚未上彎；當下除權息調整價未守20日EMA
198,2351,順德,TWSE,半導體業,暫不承接,停止加碼／開始減碼,已有部位先停止加碼。反彈若仍未站回 173.80，分批降低部位；只有站回且ETF／外資賣壓收斂後才重新評估。,52.4,88,156.5,156.5,51.72,24.21,,,,,64.38,3.66,0.71,2,633,633,633,542,1217,633,233.38,3274.0649999999996,4146.190999999999,13199.251,550,-779,-1016,-256,1,3,-121913500,-68.4,-185.065,21.6,-699,4739,9010,,-298,4121.465,5347.255999999999,14310.974999999999,43.57,36.78,21.6,67.16,true,false,-6.17,-2.49,主動ETF當日持股未完整（21/22）；中期趨勢仍向下；投信5/10日持續且具金額意義的賣超；20日趨勢尚未上彎；當下除權息調整價未守20日EMA；2日內除權息，等待價格重置
199,8131,福懋科,TWSE,半導體業,暫不承接,停止加碼／開始減碼,已有部位先停止加碼。反彈若仍未站回 68.26，分批降低部位；只有站回且ETF／外資賣壓收斂後才重新評估。,52.4,88,60,60,60.87,40.86,,,,,28.38,1.97,1.78,3,0,0,1,1,-145,0,1161.096,-4715.885,-10105.883999999998,-9057.040999999997,0,1,1,-145,1,0,60000,-164.678,-232.535,3.46,-179,-3601,-7823,,1178.36,-4552.207,-9874.348999999998,-8093.044999999997,42.23,21.89,16.57,32.55,true,false,-8.03,-7.12,主動ETF當日持股未完整（21/22）；中期趨勢仍向下；外資持股5/10日下降，且外資5日賣超；20日趨勢尚未上彎；當下除權息調整價未守20日EMA；借券賣出與借券賣出餘額壓力升高
200,1409,新纖,TWSE,紡織纖維,暫不承接,暫停加碼／跌破減碼,已有部位暫停加碼；若收盤跌破60日EMA約 23.26，且下一交易日仍未收復，先減碼三分之一；若ETF或外資繼續轉弱，再分批降低部位。,52.3,88,21.8,21.8,13.44,9.32,,,,,15.37,0.8,4.34,2,163,163,155,183,1957,168,341.717,-1227.4470000000001,-7548.695,-37941.706,172,198,238,1988,4,1,4316400,-241.165,-515.0840000000001,11.31,-3946,1370,-19070,,286.758,-1184.2820000000002,-7271.611000000001,-37600.296,40.49,21.23,16.41,30.88,true,false,-7.36,-3.54,主動ETF當日持股未完整（21/22）；中期趨勢仍向下；20日趨勢尚未上彎；當下除權息調整價未守20日EMA
201,6239,力成,TWSE,半導體業,暫不承接,停止加碼／開始減碼,已有部位先停止加碼。反彈若仍未站回 287.74，分批降低部位；只有站回且ETF／外資賣壓收斂後才重新評估。,52.3,87.8,238.5,238.5,21.71,32.41,,,,,28.04,2.98,1.91,25,797,2677,2939,5001,122,2396,-3918.672,-9075.732,-13632.113,-13978.144999999997,-4.395,1207.4390000000003,3755.486,-1330.5849999999996,2,3,287974202,-380.71299999999997,161.1250000000001,35.47,-1738,-6622,-14652,,-3935.56,-9902.457999999999,-17548.724,-10826.191999999995,36.22,19.35,17.65,22.77,true,false,-13.41,-14.52,主動ETF當日持股未完整（21/22）；中期趨勢仍向下；外資持股5/10日下降，且外資5日賣超；20日趨勢尚未上彎；當下除權息調整價未守20日EMA
202,1609,大亞,TWSE,電器電纜,暫不承接,停止加碼／開始減碼,已有部位先停止加碼。反彈若仍未站回 36.87，分批降低部位；只有站回且ETF／外資賣壓收斂後才重新評估。,52,88,34.65,34.65,22.67,19.01,,,,,14.16,1.52,2.07,2,0,1,2,1,-21,0,593.879,-1719.554,-2190.0069999999996,2441.2889999999998,2,13,18,-11,5,0,450450,-65.41300000000001,-212.181,12.63,76,-620,-3013,,697.782,-1667.141,-1995.826,3061.1240000000016,42.39,25.57,21.38,33.94,true,false,-4.52,-4.81,主動ETF當日持股未完整（21/22）；中期趨勢仍向下；外資持股5/10日下降，且外資5日賣超；20日趨勢尚未上彎；當下除權息調整價未守20日EMA
203,6202,盛群,TWSE,半導體業,暫不承接,暫停加碼／跌破減碼,已有部位暫停加碼；若收盤跌破60日EMA約 59.23，且下一交易日仍未收復，先減碼三分之一；若ETF或外資繼續轉弱，再分批降低部位。,51.7,100,58.7,58.7,30.93,11.58,11.26,29.68,345.14,0.94,44.5,3.04,1.27,3,0,0,4,4,27,0,2973.329,1547.4429999999998,602.7959999999997,3737.797999999999,0,4,4,27,1,0,234800,-179.173,-346.66300000000007,14.38,133,-754,-9403,,2953.9,1722.616,945.4590000000001,4295.719999999998,50.12,53.03,30.39,98.31,true,false,2.13,10.13,主動ETF當日持股未完整（21/22）；中期趨勢仍向下；ETF加碼，但外資持股5/10日同步下降；20日趨勢尚未上彎；高波動且5日漲幅過大
204,2646,星宇航空,TWSE,航運業,暫不承接,暫停加碼／跌破減碼,已有部位暫停加碼；若收盤跌破60日EMA約 21.18，且下一交易日仍未收復，先減碼三分之一；若ETF或外資繼續轉弱，再分批降低部位。,51.7,88,21.35,21.35,40.81,30,,,,,240.56,2.04,,3,-895,-895,-895,-872,-576,-895,-1804.241,10711.762,13009.871000000001,23501.411000000004,-888,-859,-817,-541,4,1,-18339650,58.884000000000015,-68.267,3.5,1644,11737,17245,,-709.41,11511.878,13895.137999999999,23730.946999999996,50.28,42.51,47.31,32.9,false,true,-0.22,-1.16,主動ETF當日持股未完整（21/22）；ETF短中期同步減碼；ETF 1/3日已轉為減碼；主動ETF 5日轉為減碼；當下除權息調整價未守20日EMA
205,3592,瑞鼎,TWSE,半導體業,暫不承接,停止加碼／開始減碼,已有部位先停止加碼。反彈若仍未站回 251.48，分批降低部位；只有站回且ETF／外資賣壓收斂後才重新評估。,51.6,88,232.5,232.5,18.59,4.99,,,,,14.22,1.6,6.42,7,-52,-4,-4,-256,-295,-50,166.674,203.40800000000002,1084.26,907.1240000000003,-52,-4,-255.8,-609.71,1,1,-930000,-1.0049999999999992,-1.1699999999999986,15.38,57,4,1201,,229.475,208.413,1341.23,1539.062,40.51,35.14,29.16,47.09,true,false,-3.68,-2.72,主動ETF當日持股未完整（21/22）；中期趨勢仍向下；ETF短中期同步減碼；ETF 1/3日已轉為減碼；主動ETF 5日轉為減碼；20日趨勢尚未上彎；當下除權息調整價未守20日EMA
206,3019,亞光,TWSE,光電業,暫不承接,暫停加碼／跌破減碼,已有部位暫停加碼；若收盤跌破60日EMA約 141.15，且下一交易日仍未收復，先減碼三分之一；若ETF或外資繼續轉弱，再分批降低部位。,51.4,88,133,133,13.14,15.6,,,,,18.66,2.5,3.59,2,0,0,0,0,0,0,996.136,1123.9759999999999,1027.839,-3072.6650000000004,0,0,0,0,0,0,0,-212.28799999999998,-457.30499999999995,6.86,1710,687,342,,995.194,1336.2639999999997,1485.1439999999998,-2053.6690000000003,46.44,38.21,30.11,54.42,true,false,-1.32,-0.37,主動ETF當日持股未完整（21/22）；中期趨勢仍向下；20日趨勢尚未上彎；當下除權息調整價未守20日EMA
207,5269,祥碩,TWSE,半導體業,暫不承接,暫停加碼／跌破減碼,"已有部位暫停加碼；若收盤跌破60日EMA約 1,416.37，且下一交易日仍未收復，先減碼三分之一；若ETF或外資繼續轉弱，再分批降低部位。",51.3,87.7,1340,1340,-22.41,5.4,,,,,16.14,2.63,3.45,18,0,37,44,167,1131,0,141.006,837.1120000000001,709.8689999999999,1973.016,0,44.225,158.225,1122.0430000000001,3,1,59261500,-105.63,-162.494,8.6,-120,705,848,,122.73,898.517,714.138,1160.0240000000003,40.29,26.68,31.49,17.07,false,true,-5.34,-3.25,主動ETF當日持股未完整（21/22）；中期趨勢仍向下；20日趨勢尚未上彎；當下除權息調整價未守20日EMA
208,2449,京元電子,TWSE,半導體業,暫不承接,停止加碼／開始減碼,已有部位先停止加碼。反彈若仍未站回 277.78，分批降低部位；只有站回且ETF／外資賣壓收斂後才重新評估。,51.3,87.6,233.5,233.5,28.64,36.08,,,,,30.33,5.02,0.67,35,3986,5893,11172,13529,16970,5189,-2628.715,-16787.784,-24425.23,-64409.905000000006,3719.708,7429.692999999999,8202.669999999998,8973.349,4,1,1734833315,141.603,888.64,30.41,440,-17025,-56858,,-6398.287,-24359.08,-33516.54,-73387.126,40.87,25.97,21.12,35.69,true,false,-9.78,-11.17,主動ETF當日持股未完整（21/22）；中期趨勢仍向下；外資持股5/10日下降，且外資5日賣超；20日趨勢尚未上彎；當下除權息調整價未守20日EMA；借券賣出與借券賣出餘額壓力升高
209,6672,騰輝電子-KY,TWSE,電子零組件業,暫不承接,停止加碼／開始減碼,已有部位先停止加碼。反彈若仍未站回 229.52，分批降低部位；只有站回且ETF／外資賣壓收斂後才重新評估。,51.2,88,211.5,211.5,68.12,34.55,,,,,35.8,3.81,1.69,1,-1,5,5,55,79,0,39.678,-188.75800000000004,-2769.447,-5485.669999999999,-1,5,55,79,2,1,1057500,-10.927000000000021,39.18299999999998,19.83,-575,-848,-4479,,43.347,-182.83099999999996,-2863.63,-5233.1140000000005,41.77,26.66,16.42,47.14,true,false,-7.85,-4.3,主動ETF當日持股未完整（21/22）；中期趨勢仍向下；外資持股5/10日下降，且外資5日賣超；20日趨勢尚未上彎；當下除權息調整價未守20日EMA
210,4576,大銀微系統,TWSE,電機機械,暫不承接,暫停加碼／跌破減碼,已有部位暫停加碼；若收盤跌破60日EMA約 203.60，且下一交易日仍未收復，先減碼三分之一；若ETF或外資繼續轉弱，再分批降低部位。,51.1,88,197,197,62.56,47.78,,,,,71.06,5.23,0.44,1,0,0,0,0,0,0,512.26,876.494,1052.572,601.3219999999998,0,0,0,0,0,0,0,-10.555,-10.267999999999997,5.94,111,636,1036,,478.296,887.0489999999999,1062.8400000000001,774.9620000000001,48.93,46.57,32.6,74.5,true,false,0.75,0.25,主動ETF當日持股未完整（21/22）；中期趨勢仍向下；20日趨勢尚未上彎
211,2105,正新,TWSE,橡膠工業,暫不承接,暫停加碼／跌破減碼,已有部位暫停加碼；若收盤跌破60日EMA約 31.67，且下一交易日仍未收復，先減碼三分之一；若ETF或外資繼續轉弱，再分批降低部位。,51,88,30.3,30.3,15.01,4.92,,,,,18.8,1.16,5.91,13,-32,702,1402,-4552,-9485,-200,-2323.448,772.2210000000001,-7349.317999999999,42966.84300000001,-282.688,-213.78499999999997,-7540.062,-16959.879,4,1,-6477685,808.6320000000001,1094.185,9.51,3101,1029,41654,,-1950.333,177.37400000000014,-903.4409999999998,56096.271,36.72,11.38,12.88,8.37,false,false,-3.39,-1.62,主動ETF當日持股未完整（21/22）；中期趨勢仍向下；主動ETF 5日轉為減碼；20日趨勢尚未上彎；當下除權息調整價未守20日EMA；借券賣出與借券賣出餘額壓力升高
212,1773,勝一,TWSE,化學工業,暫不承接,停止加碼／開始減碼,已有部位先停止加碼。反彈若仍未站回 167.89，分批降低部位；只有站回且ETF／外資賣壓收斂後才重新評估。,50.8,100,151.5,151.5,20.49,18.72,23.46,37.93,104.11,4.38,18.77,3.95,2.66,2,0,0,0,0,4,0,9.503,-959.233,-2365.7129999999997,-2022.636,2,9,12,11,4,0,1363500,1.471,-49.356,7.11,-187,-1506,-2342,,15.039,-969.704,-2328.3569999999995,-2011.977999999999,35.09,19.39,16.25,25.68,true,false,-7.05,-5.31,主動ETF當日持股未完整（21/22）；中期趨勢仍向下；外資持股5/10日下降，且外資5日賣超；20日趨勢尚未上彎；當下除權息調整價未守20日EMA
213,5471,松翰,TWSE,半導體業,暫不承接,暫停加碼／跌破減碼,已有部位暫停加碼；若收盤跌破60日EMA約 54.54，且下一交易日仍未收復，先減碼三分之一；若ETF或外資繼續轉弱，再分批降低部位。,50.8,88,54.5,54.5,47.67,28.64,,,,,52.99,2.43,1.56,1,0,0,0,0,0,0,-781.298,-849.8309999999998,-2802.7189999999996,-603.7519999999993,0,0,0,0,0,0,0,53.12199999999999,37.37599999999999,11.97,-487,697,-2208,,-811.458,-902.953,-2840.095,-715.6650000000009,47.64,37.24,26.26,59.2,true,false,-1.49,-0.73,主動ETF當日持股未完整（21/22）；中期趨勢仍向下；20日趨勢尚未上彎；當下除權息調整價未守20日EMA
214,9904,寶成,TWSE,運動休閒,暫不承接,暫停加碼／跌破減碼,已有部位暫停加碼；若收盤跌破60日EMA約 25.33，且下一交易日仍未收復，先減碼三分之一；若ETF或外資繼續轉弱，再分批降低部位。,50.8,88,24.3,24.3,-3.26,-2.86,,,,,6.6,0.47,5.43,11,100,637,1182,-6988,-11972,0,3100.946,14505.836000000003,4632.858000000003,3716.4780000000064,-94.905,-72.343,-9298.003,-17685.884,2,2,-1757935,519.339,-410.99099999999993,29.21,2477,13128,36898,,3367.77,14058.840000000004,14341.852000000004,18493.015000000007,43.99,37.37,27.99,56.13,true,false,-0.36,0,主動ETF當日持股未完整（21/22）；累計營收負成長且當月改善不足；中期趨勢仍向下；20日趨勢尚未上彎；當下除權息調整價未守20日EMA
215,2401,凌陽,TWSE,半導體業,暫不承接,停止加碼／開始減碼,已有部位先停止加碼。反彈若仍未站回 28.22，分批降低部位；只有站回且ETF／外資賣壓收斂後才重新評估。,50.7,88,25.85,25.85,35.25,19.54,,,,,,1.78,,2,0,60,76,76,111,0,1145.988,-2075.351,-2515.443,-5037.836000000001,0,76,76,111,3,0,1964600,-488.81000000000006,-511.46300000000014,18.11,-706,-2222,-3742,,1327.77,-1662.541,-2079.9800000000005,-3465.7460000000015,41.8,24.16,21.9,28.68,true,false,-7.03,-5.83,主動ETF當日持股未完整（21/22）；中期趨勢仍向下；外資持股5/10日下降，且外資5日賣超；20日趨勢尚未上彎；當下除權息調整價未守20日EMA
216,3450,聯鈞,TWSE,半導體業,暫不承接,暫停加碼／跌破減碼,已有部位暫停加碼；若收盤跌破60日EMA約 445.44，且下一交易日仍未收復，先減碼三分之一；若ETF或外資繼續轉弱，再分批降低部位。,50.7,88,409,409,88.18,9.91,,,,,110.71,10.39,0.27,3,37,37,137,337,337,137,-888.458,2531.17,1534.674,-73.31300000000023,-1886,-1626,1023,1162,4,1,-665034000,-220.394,-150.53799999999998,18.48,-109,3022,1334,,950.372,4377.564,662.2120000000004,-999.8589999999995,44.89,27.97,25.37,33.17,true,false,-5.82,-6.62,主動ETF當日持股未完整（21/22）；中期趨勢仍向下；20日趨勢尚未上彎；當下除權息調整價未守20日EMA
217,8261,富鼎,TWSE,半導體業,暫不承接,暫停加碼／跌破減碼,已有部位暫停加碼；若收盤跌破60日EMA約 213.32，且下一交易日仍未收復，先減碼三分之一；若ETF或外資繼續轉弱，再分批降低部位。,50.6,100,171,171,16.09,8.1,23.89,19.47,421.83,3.07,24.51,3.41,3.06,3,-139,-131,-131,9,145,-138,679.813,2120.786,3422.8640000000005,7557.995999999999,-139,-131,9,145,2,1,-22401000,-141.951,-346.72900000000004,10.71,-1896,2623,7475,,869.609,2393.737,3760.5930000000008,7781.553999999998,34.64,7.53,7.27,8.04,true,false,-23.66,-21.02,主動ETF當日持股未完整（21/22）；中期趨勢仍向下；20日累積後5日轉為調節；ETF 1/3日已轉為減碼；主動ETF 5日轉為減碼；20日趨勢尚未上彎；當下除權息調整價未守20日EMA
218,2312,金寶,TWSE,其他電子業,暫不承接,暫停加碼／跌破減碼,已有部位暫停加碼；若收盤跌破60日EMA約 32.28，且下一交易日仍未收復，先減碼三分之一；若ETF或外資繼續轉弱，再分批降低部位。,50.6,88,31.75,31.75,32.7,-5.29,,,,,28.85,2.01,2,4,0,28,37,37,44,0,9244.699,11111.945000000002,15250.28,19426.429,0,37,37,44,3,0,1174750,1.63699999999983,-403.4700000000001,7.87,1793,3838,12376,,8621.769,11073.307999999999,15616.75,20312.475,48.19,40.45,34.08,53.19,true,false,-0.39,-0.63,主動ETF當日持股未完整（21/22）；中期趨勢仍向下；20日趨勢尚未上彎；當下除權息調整價未守20日EMA
219,2467,志聖,TWSE,電子零組件業,暫不承接,暫停加碼／跌破減碼,已有部位暫停加碼；若收盤跌破60日EMA約 545.73，且下一交易日仍未收復，先減碼三分之一；若ETF或外資繼續轉弱，再分批降低部位。,50.6,88,497.5,497.5,94.08,78.92,,,,,63.63,8.97,1.15,9,-45,-13,21,-75,-105,16,61.812,-20.147999999999996,-112.15299999999999,-542.2290000000002,-43.851,25.518,-248.321,-265.635,4,1,12695205,180.83499999999998,228.546,20.38,-248,-105,504,,128.156,-226.501,-92.37800000000001,-368.6250000000002,44.13,30.17,21.81,46.88,true,false,-5.9,-6.48,主動ETF當日持股未完整（21/22）；中期趨勢仍向下；ETF 1/3日已轉為減碼；20日趨勢尚未上彎；當下除權息調整價未守20日EMA
220,2472,立隆電,TWSE,電子零組件業,暫不承接,停止加碼／開始減碼,已有部位先停止加碼。反彈若仍未站回 293.46，分批降低部位；只有站回且ETF／外資賣壓收斂後才重新評估。,50.6,88,230.5,230.5,36.2,18.17,,,,,25.43,3.77,1.59,7,121,121,216,-9,-153,216,-671.417,1485.6920000000002,405.3820000000003,9166.033,-513,-1550,-1701,-2196,1,4,-357275000,54.032999999999994,15.485999999999997,11.31,-527,2606,8704,,-199.485,2981.659,2090.8959999999997,11845.721,36.25,19.26,12.62,32.52,true,false,-17.52,-11.52,主動ETF當日持股未完整（21/22）；中期趨勢仍向下；投信5/10日持續且具金額意義的賣超；20日趨勢尚未上彎；當下除權息調整價未守20日EMA
221,2375,凱美,TWSE,電子零組件業,暫不承接,暫停加碼／跌破減碼,已有部位暫停加碼；若收盤跌破60日EMA約 148.75，且下一交易日仍未收復，先減碼三分之一；若ETF或外資繼續轉弱，再分批降低部位。,50.5,88,121,121,18.39,8.62,,,,,35.41,1.26,1.03,3,120,130,130,306,415,122,-1170.82,-21.370999999999412,-938.0819999999994,5961.28,120,130,306,415,3,0,15730000,4.9489999999999945,-10.330000000000009,15.12,-1012,1407,5656,,-1302.7,-156.32000000000016,-1233.752,5922.293,35.67,19.61,11.44,35.97,true,false,-15.6,-7.63,主動ETF當日持股未完整（21/22）；中期趨勢仍向下；20日趨勢尚未上彎；當下除權息調整價未守20日EMA
222,3030,德律,TWSE,其他電子業,暫不承接,暫停加碼／跌破減碼,已有部位暫停加碼；若收盤跌破60日EMA約 310.92，且下一交易日仍未收復，先減碼三分之一；若ETF或外資繼續轉弱，再分批降低部位。,50.5,88,286.5,286.5,0.43,24.77,,,,,23.25,6.06,2.61,6,0,5,7,9,17,0,158.449,356.82700000000006,9.355000000000032,-2077.98,2,17,21,26,5,0,4870500,-63.753,-92.006,10.47,312,686,99,,111.377,403.58,80.36099999999999,-1839.627,46.39,39.12,33.12,51.13,true,false,-1.18,-3.37,主動ETF當日持股未完整（21/22）；中期趨勢仍向下；20日趨勢尚未上彎；當下除權息調整價未守20日EMA
223,6282,康舒,TWSE,電子零組件業,暫不承接,暫停加碼／跌破減碼,已有部位暫停加碼；若收盤跌破60日EMA約 52.46，且下一交易日仍未收復，先減碼三分之一；若ETF或外資繼續轉弱，再分批降低部位。,50.5,88,44.65,44.65,28.28,24.91,,,,,84.8,1.61,1.89,5,338,348,352,341,2732,338,2648.55,4130.462,2953.714,-20744.986,338,352,341,2732,4,0,15716800,654.2189999999999,58.00699999999994,12.85,-121,-871,-20605,,1898.303,3124.2429999999995,2554.7069999999994,-23488.764,39.94,29.05,19.81,47.52,true,false,-7.75,-4.59,主動ETF當日持股未完整（21/22）；中期趨勢仍向下；ETF加碼，但外資持股5/10日同步下降；20日趨勢尚未上彎；當下除權息調整價未守20日EMA
224,9941,裕融,TWSE,其他,暫不承接,暫停加碼／跌破減碼,已有部位暫停加碼；若收盤跌破60日EMA約 80.47，且下一交易日仍未收復，先減碼三分之一；若ETF或外資繼續轉弱，再分批降低部位。,50.4,88,81.9,81.9,-4,-2.42,,,,,12.01,1.32,5.59,6,-4,-4,-3,-13,-35,0,-102.187,1049.355,1055.8919999999998,4257.799999999999,-4,-3,-12.574,-62.658,1,1,-245700,33.749,210.78099999999998,5.28,348,1849,1824,,-95.025,1018.606,857.6850000000001,4015.3109999999997,51.23,34.69,34.7,34.67,false,false,0.01,-0.61,主動ETF當日持股未完整（21/22）；累計營收負成長且當月改善不足；ETF短中期同步減碼；ETF 1/3日已轉為減碼
225,3533,嘉澤,TWSE,電子零組件業,暫不承接,停止加碼／開始減碼,"已有部位先停止加碼。反彈若仍未站回 2,110.59，分批降低部位；只有站回且ETF／外資賣壓收斂後才重新評估。",50.3,88,2005,2005,17.26,17.24,,,,,26.06,4.96,1.88,23,4,8,13,-66,-90,0,161.411,142.72700000000003,-423.90299999999996,-858.768,-133,-478.63,-807.159,-1045.922,1,4,-959653150,27.965000000000003,26.43400000000001,49.79,-15,85,25,,296.362,593.392,356.822,256.36299999999994,50.45,42.86,37.66,53.26,true,false,2.6,2.56,主動ETF當日持股未完整（21/22）；中期趨勢仍向下；投信5/10日持續且具金額意義的賣超；20日趨勢尚未上彎；2日內除權息，等待價格重置
226,2374,佳能,TWSE,光電業,暫不承接,暫停加碼／跌破減碼,已有部位暫停加碼；若收盤跌破60日EMA約 72.54，且下一交易日仍未收復，先減碼三分之一；若ETF或外資繼續轉弱，再分批降低部位。,50.2,88,67.3,67.3,18.97,51.37,,,,,22.99,2.41,3.13,1,0,0,0,0,0,0,969.048,1792.6939999999997,1104.8809999999999,666.3039999999999,2,9,12,6,4,0,605700,-96.36600000000001,-190.08100000000002,4.72,539,-48,-422,,930.608,1880.06,1282.9619999999998,1576.1209999999996,45.83,44.48,30.87,71.7,true,false,-1.3,-1.17,主動ETF當日持股未完整（21/22）；中期趨勢仍向下；20日趨勢尚未上彎；當下除權息調整價未守20日EMA
227,8070,長華*,TWSE,電子通路業,暫不承接,停止加碼／開始減碼,已有部位先停止加碼。反彈若仍未站回 50.25，分批降低部位；只有站回且ETF／外資賣壓收斂後才重新評估。,50.2,88,47,47,32.82,24.87,,,,,43.07,1.82,5.94,7,-8,-7,-7,-26,3132,0,505.114,-170.6579999999999,-1118.6499999999999,-4386.135,-3.832,11.168,-3.147000000000002,3144.397,3,1,524896,23.344,6.078000000000001,11.22,863,-907,-4438,,516.239,-205.16999999999996,-1121.5810000000001,-7185.206999999999,44.68,39.81,26.51,66.4,true,false,-2.45,-0.21,主動ETF當日持股未完整（21/22）；中期趨勢仍向下；ETF短中期同步減碼；20日累積後5日轉為調節；ETF 1/3日已轉為減碼；外資持股5/10日下降，且外資5日賣超；20日趨勢尚未上彎；當下除權息調整價未守20日EMA
228,2393,億光,TWSE,光電業,暫不承接,停止加碼／開始減碼,已有部位先停止加碼。反彈若仍未站回 66.86，分批降低部位；只有站回且ETF／外資賣壓收斂後才重新評估。,50.2,86,61.5,61.5,10.58,3.16,,,,,14.92,1.35,7.2,13,225,259,236,-232,-876,229,-1563.423,-5493.664000000001,-11027.766,-16052.923,224.701,236.07600000000002,-109.53799999999998,-755.627,3,2,14518674,-513.3810000000001,427.71899999999994,25.49,-1028,-3930,-17397,,-1354.29,-5216.3589999999995,-11345.947,-17701.191,33.03,16.87,19.01,12.6,false,false,-6.01,-4.65,主動ETF當日持股未完整（21/22）；中期趨勢仍向下；外資持股5/10日下降，且外資5日賣超；20日趨勢尚未上彎；當下除權息調整價未守20日EMA；2日內除權息，等待價格重置
229,3563,牧德,TWSE,光電業,暫不承接,暫停加碼／跌破減碼,已有部位暫停加碼；若收盤跌破60日EMA約 710.52，且下一交易日仍未收復，先減碼三分之一；若ETF或外資繼續轉弱，再分批降低部位。,50,100,624,624,15.62,8.47,38.88,28.21,317.07,9.8,36.03,7.08,2.28,3,0,0,0,-43,41,0,-29.591,104.027,-225.84799999999996,142.9780000000001,0,9,-9,113,3,0,5616000,-57.245000000000005,-30.078999999999994,7.28,-119,98,337,,-46,152.272,-186.769,253.777,42.9,38.18,36.15,42.25,true,false,-4.91,-6.73,主動ETF當日持股未完整（21/22）；中期趨勢仍向下；20日趨勢尚未上彎；當下除權息調整價未守20日EMA
230,2497,怡利電,TWSE,汽車工業,暫不承接,停止加碼／開始減碼,已有部位先停止加碼。反彈若仍未站回 55.51，分批降低部位；只有站回且ETF／外資賣壓收斂後才重新評估。,49.9,88,45.65,45.65,52.52,21.2,,,,,20.24,1.93,4.37,1,0,0,0,0,0,0,-28.401,-470.6470000000002,-956.5330000000002,165.12599999999975,0,0,0,0,0,0,0,109.238,105.124,3.38,-227,-839,-1546,,-24.985,-579.8850000000001,-1061.6570000000002,48.37099999999987,32,22.1,16.09,34.12,true,false,-12.51,-13.54,主動ETF當日持股未完整（21/22）；中期趨勢仍向下；外資持股5/10日下降，且外資5日賣超；20日趨勢尚未上彎；當下除權息調整價未守20日EMA
231,3596,智易,TWSE,通信網路業,暫不承接,停止加碼／開始減碼,已有部位先停止加碼。反彈若仍未站回 184.47，分批降低部位；只有站回且ETF／外資賣壓收斂後才重新評估。,49.8,88,182,182,3.96,1.92,,,,,13.64,2.42,5.22,5,-99,-99,-99,-98,-65,-98,403.356,587.298,1192.614,1402.6670000000004,-99.227,-99.227,-98.449,-65.449,0,1,-18059314,-49.661,-253.04100000000003,34.26,521,377,960,,508.596,736.1859999999999,1544.1039999999998,1824.5569999999996,48.46,45.61,40.26,56.31,true,false,-0.26,-1.62,主動ETF當日持股未完整（21/22）；中期趨勢仍向下；ETF短中期同步減碼；ETF 1/3日已轉為減碼；主動ETF 5日轉為減碼；20日趨勢尚未上彎；當下除權息調整價未守20日EMA
232,6525,捷敏-KY,TWSE,半導體業,暫不承接,暫停加碼／跌破減碼,已有部位暫停加碼；若收盤跌破60日EMA約 140.59，且下一交易日仍未收復，先減碼三分之一；若ETF或外資繼續轉弱，再分批降低部位。,49.8,88,127.5,127.5,19.84,15.64,,,,,20.26,3.62,4.07,3,0,1,1,102,167,0,-1096.723,-323.977,1488.314,3791.4490000000005,0,1,101.44200000000001,166.483,1,0,127500,-85.71100000000001,-65.39700000000002,17.24,-90,325,2826,,-1101.751,-239.26599999999996,1452.269,3793.92,39.93,19.12,12.5,32.35,true,false,-13.19,-10.21,主動ETF當日持股未完整（21/22）；中期趨勢仍向下；20日趨勢尚未上彎；當下除權息調整價未守20日EMA
233,6257,矽格,TWSE,半導體業,暫不承接,停止加碼／開始減碼,已有部位先停止加碼。反彈若仍未站回 212.81，分批降低部位；只有站回且ETF／外資賣壓收斂後才重新評估。,49.8,87.5,195.5,195.5,21,18.08,,,,,27.88,4.13,2.28,14,194,450,676,12,102,309,-292.086,-1715.4019999999998,-6006.465999999999,-16043.449,-18.726,187.94799999999998,-354.75800000000004,-141.65799999999996,2,3,36743834,-163.58100000000002,-433.266,29.48,-1756,-2776,-11135,,-241.108,-1739.7690000000002,-5218.442,-14596.112999999998,41.67,25.59,23.88,29.02,true,false,-7.5,-9.28,主動ETF當日持股未完整（21/22）；中期趨勢仍向下；外資持股5/10日下降，且外資5日賣超；20日趨勢尚未上彎；當下除權息調整價未守20日EMA
234,1215,卜蜂,TWSE,食品工業,暫不承接,暫停加碼／跌破減碼,已有部位暫停加碼；若收盤跌破60日EMA約 117.98，且下一交易日仍未收復，先減碼三分之一；若ETF或外資繼續轉弱，再分批降低部位。,49.7,88,103,103,8.69,4.68,,,,,11.21,2.89,6.73,3,0,0,0,0,-89,0,173.523,-83.66199999999992,-1061.1109999999999,2463.831,2,8,10,-262,4,0,824000,-32.327000000000005,-69.02600000000001,37.82,-673,162,790,,182.615,-59.33499999999995,-1002.085,2750.042,26.75,19.75,25.24,8.78,true,true,-5.49,-2.37,主動ETF當日持股未完整（21/22）；中期趨勢仍向下；20日趨勢尚未上彎；當下除權息調整價未守20日EMA
235,2204,中華,TWSE,汽車工業,暫不承接,停止加碼／開始減碼,已有部位先停止加碼。反彈若仍未站回 54.78，分批降低部位；只有站回且ETF／外資賣壓收斂後才重新評估。,49.7,88,51.5,51.5,6.71,10.1,,,,,9.8,0.8,6.78,5,-261,-261,-273,-266,-486,-256,-827.444,1215.1,-1170.958,-1053.127,-258,-258.946,-81.95500000000004,-312.20000000000005,3,2,-13335719,-190.984,-186.76800000000003,17.84,1136,2663,-536,,-373.444,1665.0299999999997,-902.2350000000001,-1079.7540000000004,33.71,19.63,17.25,24.4,true,false,-4.6,-0.58,主動ETF當日持股未完整（21/22）；中期趨勢仍向下；ETF短中期同步減碼；ETF 1/3日已轉為減碼；主動ETF 5日轉為減碼；20日趨勢尚未上彎；當下除權息調整價未守20日EMA
236,2385,群光,TWSE,電子零組件業,暫不承接,暫停加碼／跌破減碼,已有部位暫停加碼；若收盤跌破60日EMA約 113.78，且下一交易日仍未收復，先減碼三分之一；若ETF或外資繼續轉弱，再分批降低部位。,49.7,88,106,106,-5.48,-5.27,,,,,11.96,1.87,6.79,26,-190,63,244,-2532,-7175,-144,300.515,3454.6420000000007,6398.994000000001,13498.183000000003,-248.729,-137.65,-3250.4300000000003,-8951.077,4,1,-14590900,-606.1669999999999,-869.462,22.27,4104,5283,16798,,578.607,4198.459,10518.885999999999,22291.117999999995,45.6,63.36,53.6,82.87,true,false,-0.24,0,主動ETF當日持股未完整（21/22）；累計營收負成長且當月改善不足；中期趨勢仍向下；主動ETF 5日轉為減碼；20日趨勢尚未上彎；當下除權息調整價未守20日EMA
237,4764,雙鍵,TWSE,化學工業,暫不承接,暫停加碼／跌破減碼,已有部位暫停加碼；若收盤跌破60日EMA約 281.33，且下一交易日仍未收復，先減碼三分之一；若ETF或外資繼續轉弱，再分批降低部位。,49.7,88,263,263,22.36,26.34,,,,,138.3,9.18,0.38,2,119,119,119,119,172,119,-224.075,698.9970000000001,1969.017,3692.5499999999993,119,1119,3252,5890,3,0,294297000,-144.031,-151.02900000000005,26.29,28,177,-983,,-333.476,-275.972,-1131.954,-2002.6029999999998,44.54,26.22,23.1,32.46,true,false,-7.67,-10.7,主動ETF當日持股未完整（21/22）；中期趨勢仍向下；20日趨勢尚未上彎；當下除權息調整價未守20日EMA；估值高且成長不足以支撐
238,1477,聚陽,TWSE,紡織纖維,暫不承接,暫停加碼／跌破減碼,已有部位暫停加碼；若收盤跌破60日EMA約 224.10，且下一交易日仍未收復，先減碼三分之一；若ETF或外資繼續轉弱，再分批降低部位。,49.6,100,218.5,218.5,0.53,-3.12,14.44,42.05,180.12,7.65,15.85,4.17,6.83,16,161,188,247,387,2015,183,-1037.648,221.74800000000027,-1372.0399999999995,1160.7010000000007,163,253.64600000000002,396.507,2053.078,5,0,55421651,6.829999999999998,32.67700000000001,19.23,-471,1363,-1506,,-1147.12,-38.727999999999724,-1801.2239999999997,-814.5249999999995,49.02,59.77,51.57,76.16,false,false,-0.09,0.23,主動ETF當日持股未完整（21/22）；累計營收負成長且當月改善不足；中期趨勢仍向下；20日趨勢尚未上彎；當下除權息調整價未守20日EMA
239,2404,漢唐,TWSE,其他電子業,暫不承接,停止加碼／開始減碼,"已有部位先停止加碼。反彈若仍未站回 1,153.72，分批降低部位；只有站回且ETF／外資賣壓收斂後才重新評估。",49.6,88,1105,1105,50.9,76.24,,,,,20.45,14.44,3.64,21,-459,-433,-552,-960,-1725,-480,11.134,-1490.085,-2195.4739999999997,-2709.026,-446,-945.078,-1330.078,-3388.778,3,2,-1044311190,-30.101000000000013,-58.23100000000001,37.31,-1019,-898,580,,418.077,-514.906,-807.165,1545.5070000000003,44.65,35.89,25.38,56.91,true,false,-3.24,-0.9,主動ETF當日持股未完整（21/22）；中期趨勢仍向下；ETF短中期同步減碼；ETF 1/3日已轉為減碼；主動ETF 5日轉為減碼；20日趨勢尚未上彎；當下除權息調整價未守20日EMA
240,2353,宏碁,TWSE,電腦及週邊設備業,暫不承接,暫停加碼／跌破減碼,已有部位暫停加碼；若收盤跌破60日EMA約 31.16，且下一交易日仍未收復，先減碼三分之一；若ETF或外資繼續轉弱，再分批降低部位。,49.5,88,28.8,28.8,-3.02,23.35,,,,,21.86,1.19,4.51,16,-1291,-472,242,-9286,-32172,167,1428.001,920.3140000000021,11551.443000000003,47432.113000000005,-1521.911,-1251.494,-12051.279999999999,-39100.877,4,1,-36043027,199.71099999999998,622.5319999999999,12.51,14239,3257,8895,,3173.79,1972.096999999998,22980.191,80055.176,38.19,29.34,28.64,30.74,true,false,-4.71,-4.32,主動ETF當日持股未完整（21/22）；中期趨勢仍向下；ETF 1/3日已轉為減碼；20日趨勢尚未上彎；當下除權息調整價未守20日EMA
241,1326,台化,TWSE,塑膠工業,暫不承接,暫停加碼／跌破減碼,已有部位暫停加碼；若收盤跌破60日EMA約 57.49，且下一交易日仍未收復，先減碼三分之一；若ETF或外資繼續轉弱，再分批降低部位。,49.3,88,56.3,56.3,11.59,10.79,,,,,382.67,0.9,1.05,8,852,2052,2057,2074,3106,2052,-5691.014,-20251.065,-501.3240000000028,-49364.11800000001,852,2057,2074,2978,4,0,115809100,-1348.636,-160.96200000000022,37.64,-6907,-13778,22735,,-6449.462,-20959.429,-2414.3619999999983,-50810.165,41.96,9.38,18.94,-9.74,false,false,-9.08,-13.38,主動ETF當日持股未完整（21/22）；中期趨勢仍向下；20日趨勢尚未上彎；當下除權息調整價未守20日EMA；估值高且成長不足以支撐；借券賣出與借券賣出餘額壓力升高
242,2368,金像電,TWSE,電子零組件業,暫不承接,停止加碼／開始減碼,"已有部位先停止加碼。反彈若仍未站回 1,090.21，分批降低部位；只有站回且ETF／外資賣壓收斂後才重新評估。",49.2,88,872,872,78.22,68.74,,,,,35.8,11.63,1.24,37,-29,-925,-1441,-3101,-3239,-1844,-729.364,-947.9910000000002,-3067.0450000000005,-2620.167000000001,-169.014,-3861.031,-8676.765,-14654.284999999998,0,5,-3366819032,28.372000000000007,125.64600000000002,29.63,29,3405,11438,,-501.544,2884.668,5484.0740000000005,12884.564,39.84,27.8,17.67,48.07,true,false,-7.34,-2.57,主動ETF當日持股未完整（21/22）；中期趨勢仍向下；ETF短中期同步減碼；ETF 1/3日已轉為減碼；主動ETF 5日轉為減碼；投信5/10日持續且具金額意義的賣超；20日趨勢尚未上彎；當下除權息調整價未守20日EMA
243,2428,興勤,TWSE,電子零組件業,暫不承接,暫停加碼／跌破減碼,已有部位暫停加碼；若收盤跌破60日EMA約 256.08，且下一交易日仍未收復，先減碼三分之一；若ETF或外資繼續轉弱，再分批降低部位。,49.2,88,224,224,46.62,20.42,,,,,19.86,2.38,2.7,2,0,0,0,-1,-41,0,-12.951,237.54199999999997,274.30899999999997,-430.0919999999998,0,0,199,1959,0,0,0,-21.540000000000003,-52.683,19.15,-297,68,-667,,-6.153,259.0819999999999,127.99199999999986,-2173.234,38.1,24.01,15.63,40.78,true,false,-10.85,-6.67,主動ETF當日持股未完整（21/22）；中期趨勢仍向下；20日趨勢尚未上彎；當下除權息調整價未守20日EMA
244,1605,華新,TWSE,電器電纜,暫不承接,停止加碼／開始減碼,已有部位先停止加碼。反彈若仍未站回 34.40，分批降低部位；只有站回且ETF／外資賣壓收斂後才重新評估。,49.1,88,32.8,32.8,29.34,-0.44,,,,,22.96,0.85,1.59,6,0,32,50,37,28,0,6857.157,-1946.561999999998,-2359.4459999999985,-32163.654999999995,17.836,114.168,125.76699999999998,67.62100000000001,5,0,3744710,28.178000000000225,-717.0099999999998,14.81,14375,-9954,-18111,,6366.66,-2088.9080000000013,-1768.2030000000009,-29233.046000000002,47.94,42.43,32.46,62.37,true,false,-0.1,0.46,主動ETF當日持股未完整（21/22）；中期趨勢仍向下；外資持股5/10日下降，且外資5日賣超；20日趨勢尚未上彎；當下除權息調整價未守20日EMA
245,2486,一詮,TWSE,光電業,暫不承接,暫停加碼／跌破減碼,已有部位暫停加碼；若收盤跌破60日EMA約 230.94，且下一交易日仍未收復，先減碼三分之一；若ETF或外資繼續轉弱，再分批降低部位。,49.1,88,206.5,206.5,35.04,24.86,,,,,368.63,8.34,0.27,3,0,80,260,780,949,260,1554.387,2743.842,1003.5630000000001,2241.9990000000003,0,405,925,1094,3,0,83632500,-1155.8899999999999,-1271.8880000000001,12.19,-1219,1794,-1411,,1729,3494.7319999999995,1350.450999999999,2145.7329999999997,44.58,26.6,19.94,39.92,true,false,-6.2,-9.23,主動ETF當日持股未完整（21/22）；中期趨勢仍向下；20日趨勢尚未上彎；當下除權息調整價未守20日EMA
246,2489,瑞軒,TWSE,光電業,暫不承接,暫停加碼／跌破減碼,已有部位暫停加碼；若收盤跌破60日EMA約 37.45，且下一交易日仍未收復，先減碼三分之一；若ETF或外資繼續轉弱，再分批降低部位。,49.1,76.8,27.9,27.9,23.43,12.6,,,,,24.5,1.26,4.49,3,0,14,20,23,31,0,1040.466,5333.656999999999,5564.1849999999995,13215.929,2,-1773,-3765,-3762,4,1,-49466700,-411.192,-129.55200000000002,7.14,-691,9830,15897,,1112.007,7517.849,9458.737,17876.023999999994,33.07,25.11,16.52,42.3,true,false,-12.9,-7.15,主動ETF當日持股未完整（21/22）；中期趨勢仍向下；20日趨勢尚未上彎；當下除權息調整價未守20日EMA
247,1504,東元,TWSE,電機機械,暫不承接,暫停加碼／跌破減碼,已有部位暫停加碼；若收盤跌破60日EMA約 68.60，且下一交易日仍未收復，先減碼三分之一；若ETF或外資繼續轉弱，再分批降低部位。,49,88,65.3,65.3,0.15,5.92,,,,,28.8,1.81,3.09,10,-11,3,170,258,1358,0,797.25,-2135.3370000000004,-4809.527,-14411.267,-1.342,215.882,-1973.9520000000002,-549.4900000000002,4,1,14097095,-78.912,-321.649,6.79,3312,-894,1186,,834.848,-2272.307,-2513.9259999999995,-12887.893,46.57,38.05,34.09,45.99,true,false,-1.42,-3.26,主動ETF當日持股未完整（21/22）；中期趨勢仍向下；20日趨勢尚未上彎；當下除權息調整價未守20日EMA
248,1514,亞力,TWSE,電機機械,暫不承接,停止加碼／開始減碼,已有部位先停止加碼。反彈若仍未站回 112.16，分批降低部位；只有站回且ETF／外資賣壓收斂後才重新評估。,48.8,88,98.7,98.7,39.69,16.03,,,,,28.45,4.04,2.25,2,0,1,1,1,0,0,-74.73,-126.546,-105.23399999999998,-2240.6400000000003,0,3,5,2,3,0,296100,-33.935,-68.471,12.61,-907,-1525,-6102,,-68.04,-95.611,-41.763000000000034,-2012.609,38.54,33.5,28.06,44.36,true,false,-5.99,-4.57,主動ETF當日持股未完整（21/22）；中期趨勢仍向下；外資持股5/10日下降，且外資5日賣超；20日趨勢尚未上彎；當下除權息調整價未守20日EMA
249,5243,乙盛-KY,TWSE,光電業,暫不承接,暫停加碼／跌破減碼,已有部位暫停加碼；若收盤跌破60日EMA約 97.09，且下一交易日仍未收復，先減碼三分之一；若ETF或外資繼續轉弱，再分批降低部位。,48.8,88,80.4,80.4,38.27,-0.89,,,,,15.81,1.5,2.86,1,0,0,0,0,3,0,104.935,795.7080000000001,659.0660000000001,976.013,-300,-600,-600,-497,0,2,-48240000,-450.103,-520.981,54.25,78,1778,2721,,409.127,1845.8110000000001,1780.047,2102.6880000000006,37.81,25.84,20.39,36.72,true,false,-8.12,-7.05,主動ETF當日持股未完整（21/22）；中期趨勢仍向下；20日趨勢尚未上彎；當下除權息調整價未守20日EMA
250,3673,TPK-KY,TWSE,光電業,暫不承接,暫停加碼／跌破減碼,已有部位暫停加碼；若收盤跌破60日EMA約 69.01，且下一交易日仍未收復，先減碼三分之一；若ETF或外資繼續轉弱，再分批降低部位。,48.7,68,57.7,57.7,7.03,14.87,,,,,15.03,0.55,3.29,1,0,0,0,4,129,0,130.3,2422.2560000000003,1643.1520000000005,-1786.4549999999997,0,0,4,129,0,0,0,-253.871,-636.732,38.5,-312,3012,5059,,24.425,2676.127,2275.8840000000005,-76.63200000000029,37.59,25,16.5,42,true,false,-10.36,-6.03,主動ETF當日持股未完整（21/22）；中期趨勢仍向下；20日趨勢尚未上彎；當下除權息調整價未守20日EMA
251,2480,敦陽科,TWSE,資訊服務業,暫不承接,停止加碼／開始減碼,已有部位先停止加碼。反彈若仍未站回 158.02，分批降低部位；只有站回且ETF／外資賣壓收斂後才重新評估。,48.6,100,152.5,152.5,14.66,14.96,12.11,65.42,134.32,4.91,18.95,5.39,4.7,5,-3,-3,-3,-9,20,0,-1299.867,-458.09599999999995,-97.03599999999994,810.7729999999999,-3.431,-3.431,-9.506,20.257999999999996,0,1,-523227,-63.768,-39.97,11.78,694,942,1004,,-1274.654,-390.897,-47.56,816.5329999999999,43.61,43.54,45,40.63,true,true,-3.49,-3.48,主動ETF當日持股未完整（21/22）；中期趨勢仍向下；ETF短中期同步減碼；20日累積後5日轉為調節；ETF 1/3日已轉為減碼；20日趨勢尚未上彎；當下除權息調整價未守20日EMA
252,6120,達運,TWSE,光電業,暫不承接,暫停加碼／跌破減碼,已有部位暫停加碼；若收盤跌破60日EMA約 13.60，且下一交易日仍未收復，先減碼三分之一；若ETF或外資繼續轉弱，再分批降低部位。,48.6,88,12.8,12.8,42.06,-3.78,,,,,,0.85,1.98,1,0,36,50,50,62,0,367.272,243.62500000000003,-1532.2030000000002,-6380.708999999999,0,50,50,62,2,0,640000,-129.645,-11.228000000000009,8.83,921,-1653,-7180,,389,323.27,-1570.9750000000001,-6500.682000000002,44.81,42.33,31.67,63.66,true,false,-2.54,1.59,主動ETF當日持股未完整（21/22）；中期趨勢仍向下；ETF加碼，但外資持股5/10日同步下降；20日趨勢尚未上彎；當下除權息調整價未守20日EMA
253,2406,國碩,TWSE,光電業,暫不承接,停止加碼／開始減碼,已有部位先停止加碼。反彈若仍未站回 34.22，分批降低部位；只有站回且ETF／外資賣壓收斂後才重新評估。,48.6,68,30.9,30.9,63,133.5,,,,,,2.99,,1,-5,26,26,608,967,0,15.039,-5089.743,-14432.479,-35035.942,-5,26,608,967,2,1,803400,-84.815,120.88399999999999,10.13,-1540,-6343,-23166,,123.58,-5030.928,-15161.363,-36224.306000000004,42.49,31.48,29.88,34.69,true,false,-6.43,-7.07,主動ETF當日持股未完整（21/22）；中期趨勢仍向下；外資持股5/10日下降，且外資5日賣超；20日趨勢尚未上彎；當下除權息調整價未守20日EMA
254,2303,聯電,TWSE,半導體業,暫不承接,暫停加碼／跌破減碼,已有部位暫停加碼；若收盤跌破60日EMA約 129.72，且下一交易日仍未收復，先減碼三分之一；若ETF或外資繼續轉弱，再分批降低部位。,48.5,100,118,118,22.85,11.28,20.21,33.34,216.6,4.68,18.2,3.42,2.16,60,5835,9254,6221,-13210,-55953,-12647,-74477.813,-114524.92,-108697.36000000002,-246733.97100000005,14663.724,-577.4679999999998,-38995.289,-90595.25899999999,3,2,-68141224,-1302.392,3557.272,41.32,-11152,20256,-65791,,-89164.346,-112645.06,-73259.343,-113718.53099999997,40.58,26.98,20.55,39.82,true,false,-11.01,-6.35,主動ETF當日持股未完整（21/22）；中期趨勢仍向下；外資持股趨勢資料不足或期間有非市場異動；20日趨勢尚未上彎；當下除權息調整價未守20日EMA；單季稅前獲利對營業外貢獻依賴偏高
255,2329,華泰,TWSE,半導體業,暫不承接,暫停加碼／跌破減碼,已有部位暫停加碼；若收盤跌破60日EMA約 50.61，且下一交易日仍未收復，先減碼三分之一；若ETF或外資繼續轉弱，再分批降低部位。,48.5,100,42.35,42.35,3.62,10.66,5.98,38.44,141.36,0.96,18.1,1.63,2.47,4,0,9,9,9,325,0,1240.422,312.6840000000001,-2308.1989999999996,-14907.086,0,9,9,325,1,0,381150,-308.24800000000005,-473.03200000000004,9.03,82,-736,-5455,,1397.513,611.932,-1844.1669999999995,-13599.335999999998,40.04,26.21,22.15,34.32,true,false,-6.74,-4.72,主動ETF當日持股未完整（21/22）；中期趨勢仍向下；ETF加碼，但外資持股5/10日同步下降；20日趨勢尚未上彎；當下除權息調整價未守20日EMA
256,2495,普安,TWSE,電腦及週邊設備業,暫不承接,暫停加碼／跌破減碼,已有部位暫停加碼；若收盤跌破60日EMA約 42.95，且下一交易日仍未收復，先減碼三分之一；若ETF或外資繼續轉弱，再分批降低部位。,48.5,88,35.3,35.3,40.29,43.44,,,,,30.58,2.02,2.32,2,0,7,15,15,14,0,-60.904,755.421,431.43300000000005,-1168.2339999999995,0,15,15,14,2,0,529500,-94.958,-148.261,7.57,27,2733,-5373,,-51.686,835.3789999999999,564.694,-636.1599999999996,34.59,27.37,17.99,46.12,true,false,-10.97,-3.68,主動ETF當日持股未完整（21/22）；中期趨勢仍向下；20日趨勢尚未上彎；當下除權息調整價未守20日EMA
257,1708,東鹼,TWSE,化學工業,暫不承接,停止加碼／開始減碼,已有部位先停止加碼。反彈若仍未站回 51.64，分批降低部位；只有站回且ETF／外資賣壓收斂後才重新評估。,48.5,68,48.6,48.6,3.25,11.5,,,,,14.32,1.62,3.32,1,-3,18,18,400,635,0,-162.657,-194.483,-2238.486,-5797.292,-3,18,400,635,2,1,874800,-117.03,-154.78,9.61,-402,-686,-4277,,-149.613,-95.45299999999999,-2483.706,-6036.8189999999995,41.18,19.38,20.04,18.05,false,false,-5.88,-7.43,主動ETF當日持股未完整（21/22）；中期趨勢仍向下；外資持股5/10日下降，且外資5日賣超；20日趨勢尚未上彎；當下除權息調整價未守20日EMA
258,6515,穎崴,TWSE,半導體業,暫不承接,停止加碼／開始減碼,"已有部位先停止加碼。反彈若仍未站回 7,671.87，分批降低部位；只有站回且ETF／外資賣壓收斂後才重新評估。",48.4,87.8,6250,6250,287.9,70.27,,,,,119.16,32.26,0.85,28,-24,-223,-317,-449,-607,-330,-112.263,-122.946,-304.491,-545.826,-4.61,-281.506,-535.899,-1291.4710000000002,1,4,-1759412500,11.024999999999999,13.378999999999998,22.62,10,290,1127,,-107.177,147.535,218.029,720.158,42.15,32.03,25.04,46.02,true,false,-6.19,-2.27,主動ETF當日持股未完整（21/22）；中期趨勢仍向下；ETF短中期同步減碼；ETF 1/3日已轉為減碼；主動ETF 5日轉為減碼；投信5/10日持續且具金額意義的賣超；20日趨勢尚未上彎；當下除權息調整價未守20日EMA
259,2409,友達,TWSE,光電業,暫不承接,暫停加碼／跌破減碼,已有部位暫停加碼；若收盤跌破60日EMA約 24.95，且下一交易日仍未收復，先減碼三分之一；若ETF或外資繼續轉弱，再分批降低部位。,48.4,85,23.9,23.9,13.83,-1,,,,,75.63,1.22,1.65,11,1291,1550,1708,1853,5743,1289,-14856.565,23275.811,-4170.578000000001,28780.981000000014,1315.445,1831.6889999999999,2011.5330000000001,5833.581,5,0,43777367,-37.6959999999999,-2681.728,9.9,-25888,-23631,-254790,,-15901.374,21481.818000000003,-3500.3829999999944,30738.060000000005,42.04,31.43,25.32,43.65,true,true,-7.02,0,主動ETF當日持股未完整（21/22）；中期趨勢仍向下；外資持股趨勢資料不足或期間有非市場異動；20日趨勢尚未上彎；當下除權息調整價未守20日EMA
260,1712,興農,TWSE,化學工業,暫不承接,暫停加碼／跌破減碼,已有部位暫停加碼；若收盤跌破60日EMA約 40.08，且下一交易日仍未收復，先減碼三分之一；若ETF或外資繼續轉弱，再分批降低部位。,48.3,88,38.95,38.95,4.08,3.12,,,,,15.73,2.09,6.41,2,0,0,-12,426,424,0,-522.008,30.547999999999973,-1255.705,-1154.942,3,2.449,444.713,596.6129999999999,4,1,95389,1.3079999999999927,-28.21,13.42,73,1038,-830,,-485.268,26.791000000000082,-1672.208,-1739.8950000000002,43.24,38.14,41.86,30.7,true,true,-1.06,-1.02,主動ETF當日持股未完整（21/22）；中期趨勢仍向下；20日累積後5日轉為調節；20日趨勢尚未上彎；當下除權息調整價未守20日EMA
261,2897,王道銀行,TWSE,金融保險業,暫不承接,停止加碼／開始減碼,已有部位先停止加碼。反彈若仍未站回 10.33，分批降低部位；只有站回且ETF／外資賣壓收斂後才重新評估。,48.2,92,10.2,10.2,14.1,30.36,,,,,15.07,0.7,5.07,2,-1335,-1335,-1335,-1171,-751,-1335,-1159.328,7191.274,16776.797000000002,12799.233000000002,-1335,-1335,-1171,-751,0,1,-13617000,-132,-132.898,8.79,3355,17179,15713,,309.672,8658.274000000001,18080.695000000003,13418.460000000003,42.61,41.23,41.92,39.87,false,true,-1.26,-0.97,主動ETF當日持股未完整（21/22）；中期趨勢仍向下；ETF短中期同步減碼；ETF 1/3日已轉為減碼；主動ETF 5日轉為減碼；20日趨勢尚未上彎；當下除權息調整價未守20日EMA
262,1319,東陽,TWSE,汽車工業,暫不承接,暫停加碼／跌破減碼,已有部位暫停加碼；若收盤跌破60日EMA約 79.97，且下一交易日仍未收復，先減碼三分之一；若ETF或外資繼續轉弱，再分批降低部位。,48.2,88,71.4,71.4,3.04,-14.34,,,,,12.78,1.44,7.02,8,-1,39,39,-785,-1673,0,72.084,1096.68,463.50600000000037,-232.78899999999953,3,58,-758.213,-1568.93,4,1,4141200,-49.14800000000001,-605.267,9.31,3,1062,1246,,113.553,1087.828,1826.9859999999999,1360.292,36.26,37.37,29.94,52.23,true,false,-3.64,-2.19,主動ETF當日持股未完整（21/22）；累計營收負成長且當月改善不足；中期趨勢仍向下；20日趨勢尚未上彎；當下除權息調整價未守20日EMA
263,2313,華通,TWSE,電子零組件業,暫不承接,暫停加碼／跌破減碼,已有部位暫停加碼；若收盤跌破60日EMA約 225.07，且下一交易日仍未收復，先減碼三分之一；若ETF或外資繼續轉弱，再分批降低部位。,47.9,87.7,185.5,185.5,20.96,13.2,,,,,29.81,4.3,1.66,17,-31,-29,80,63,895,-8,3784.236,18716.384000000002,18733.334000000003,15080.622999999996,19,25.590000000000032,-5004.41,9498.59,3,2,4746945,-851.952,-451.80900000000014,19.3,2659,22826,27761,,3962.967,19542.746,24189.553,9205.140000000001,42.05,25.57,19.78,37.16,true,false,-8.02,-7.02,主動ETF當日持股未完整（21/22）；中期趨勢仍向下；ETF 1/3日已轉為減碼；主動ETF 5日轉為減碼；20日趨勢尚未上彎；當下除權息調整價未守20日EMA
264,4583,台灣精銳,TWSE,電機機械,暫不承接,暫停加碼／跌破減碼,已有部位暫停加碼；若收盤跌破60日EMA約 611.54，且下一交易日仍未收復，先減碼三分之一；若ETF或外資繼續轉弱，再分批降低部位。,47.8,100,488,488,29.98,14.06,34.42,10.76,1265.54,6.81,33.04,3.59,2.25,4,0,0,0,0,0,0,39.111,916.933,918.6020000000001,990.9700000000001,0,0,0,0,0,0,0,9.935,1.7629999999999986,2.31,67,876,930,,43.251,906.998,916.8390000000002,985.523,33.35,22.83,24.28,19.93,false,false,-11.21,-15.72,主動ETF當日持股未完整（21/22）；中期趨勢仍向下；20日趨勢尚未上彎；當下除權息調整價未守20日EMA
265,4958,臻鼎-KY,TWSE,電子零組件業,暫不承接,暫停加碼／跌破減碼,已有部位暫停加碼；若收盤跌破60日EMA約 490.99，且下一交易日仍未收復，先減碼三分之一；若ETF或外資繼續轉弱，再分批降低部位。,47.8,88,421.5,421.5,32.83,13.89,,,,,58.32,3.52,0.83,42,1118,1098,1940,2094,1818,463,-8111.672,-1937.4859999999999,-24085.644999999997,-15436.164999999992,2859.655,779.6440000000007,1043.7960000000003,3757.487000000001,2,3,328619946,530.0889999999999,-374.5580000000001,57.86,-958,6670,-11758,,-10778.277,-3247.219000000001,-24754.883,-17732.043000000005,38.76,18.58,15.55,24.63,true,false,-14.22,-10.41,主動ETF當日持股未完整（21/22）；中期趨勢仍向下；20日趨勢尚未上彎；當下除權息調整價未守20日EMA
266,6278,台表科,TWSE,光電業,暫不承接,停止加碼／開始減碼,已有部位先停止加碼。反彈若仍未站回 175.71，分批降低部位；只有站回且ETF／外資賣壓收斂後才重新評估。,47.8,88,145.5,145.5,9.24,3.13,,,,,15.98,1.82,3.97,9,102,-448,-752,-793,2470,-599,100.652,2386.6400000000003,1325.5790000000004,-6452.643999999998,143,-857,-771,-797,2,3,-124693500,-127.673,-228.42999999999998,16.99,-491,3436,4527,,-7.519,3371.313,2325.009,-4249.293,36.34,23.92,17.97,35.83,true,false,-10.76,-7.32,主動ETF當日持股未完整（21/22）；中期趨勢仍向下；ETF短中期同步減碼；20日累積後5日轉為調節；投信5/10日持續且具金額意義的賣超；20日趨勢尚未上彎；當下除權息調整價未守20日EMA
267,6526,達發,TWSE,半導體業,暫不承接,停止加碼／開始減碼,已有部位先停止加碼。反彈若仍未站回 611.75，分批降低部位；只有站回且ETF／外資賣壓收斂後才重新評估。,47.8,88,552,552,14.4,9.3,,,,,29.85,4.86,2.6,15,1,43,49,51,349,0,17.964,-150.152,-18.415999999999965,30.874000000000052,1,36,-30,295.3,4,1,19872000,-34.18,-37.527,7.16,-60,-282,-437,,33.284,-151.97200000000004,49.11099999999996,-134.54500000000002,42.12,32.54,25.32,46.97,true,false,-5.01,-4.17,主動ETF當日持股未完整（21/22）；中期趨勢仍向下；外資持股5/10日下降，且外資5日賣超；20日趨勢尚未上彎；當下除權息調整價未守20日EMA
268,1216,統一,TWSE,食品工業,暫不承接,暫停加碼／跌破減碼,已有部位暫停加碼；若收盤跌破60日EMA約 75.56，且下一交易日仍未收復，先減碼三分之一；若ETF或外資繼續轉弱，再分批降低部位。,47.7,88,73,73,4.6,3.29,,,,,19.95,2.9,4.07,32,-906,2662,9357,30589,56453,-1022,4490.423,50693.655,42984.418,88774.97,-1567.583,2027.1589999999999,19138.05,34884.351999999984,3,2,147982607,4037.743,6749.47,31.49,11684,30269,12244,,6102.784,44628.753,17096.897999999994,35111.61299999999,33.42,19.14,31.98,-6.53,false,false,-4.79,-5.32,主動ETF當日持股未完整（21/22）；中期趨勢仍向下；20日趨勢尚未上彎；當下除權息調整價未守20日EMA
269,2439,美律,TWSE,通信網路業,暫不承接,停止加碼／開始減碼,已有部位先停止加碼。反彈若仍未站回 87.09，分批降低部位；只有站回且ETF／外資賣壓收斂後才重新評估。,47.6,100,80.7,80.7,0.15,11.89,0.98,54.44,163.73,1.54,14.64,1.19,4.99,6,-3,-2,-2,-7,-192,0,-147.251,-1637.937,-2709.966,-7771.87,-2.512,-1.512,-7.013999999999999,-192.014,1,1,-122018,-92.94500000000001,-157.143,10.66,-859,-421,-2488,,-181,-1543.48,-2545.809,-6929.465999999999,32.6,20.56,21.35,18.99,false,false,-4.05,-3.81,主動ETF當日持股未完整（21/22）；中期趨勢仍向下；ETF短中期同步減碼；ETF 1/3日已轉為減碼；外資持股5/10日下降，且外資5日賣超；20日趨勢尚未上彎；當下除權息調整價未守20日EMA；單季稅前獲利對營業外貢獻依賴偏高
270,2369,菱生,TWSE,半導體業,暫不承接,停止加碼／開始減碼,已有部位先停止加碼。反彈若仍未站回 34.91，分批降低部位；只有站回且ETF／外資賣壓收斂後才重新評估。,47.6,88,32,32,36.52,37.3,,,,,,2.27,,1,0,0,0,0,0,0,2014.508,-5406.652999999999,-14719.827,-30206.432999999994,0,0,0,0,0,0,0,-324.998,-483.07599999999996,13.98,-2459,-4720,-20664,,2044.99,-5081.655000000001,-14236.751,-29158.095,44.21,25.39,16.6,42.98,true,false,-5.75,-1.39,主動ETF當日持股未完整（21/22）；中期趨勢仍向下；外資持股5/10日下降，且外資5日賣超；20日趨勢尚未上彎；當下除權息調整價未守20日EMA；借券賣出與借券賣出餘額壓力升高
271,2493,揚博,TWSE,電子零組件業,暫不承接,暫停加碼／跌破減碼,已有部位暫停加碼；若收盤跌破60日EMA約 209.58，且下一交易日仍未收復，先減碼三分之一；若ETF或外資繼續轉弱，再分批降低部位。,47.5,88,200,200,32.06,9.46,,,,,43.03,7.95,2.2,2,0,2,2,195,334,0,-789.911,417.4859999999999,186.12599999999983,5074.428,0,2,195,236,1,0,400000,-48.364999999999995,-36.205,10.02,-552,1540,5646,,-805.196,463.8509999999999,27.33099999999979,4935.486999999999,44.05,21.38,17.1,29.94,true,false,-8.75,-4.76,主動ETF當日持股未完整（21/22）；中期趨勢仍向下；20日趨勢尚未上彎；當下除權息調整價未守20日EMA
272,1342,八貫,TWSE,其他,暫不承接,停止加碼／開始減碼,已有部位先停止加碼。反彈若仍未站回 107.86，分批降低部位；只有站回且ETF／外資賣壓收斂後才重新評估。,47.5,68,98.1,98.1,40.14,28.64,,,,,16.29,3.61,6.19,1,-1,3,3,65,104,0,70.7,-1445.9699999999998,-1460.4679999999998,-1052.2249999999997,-1,3,65,104,2,1,294300,-4.204,-2.9319999999999995,31.52,-1401,-1308,-1106,,77.181,-1444.766,-1522.536,-1156.021,31.91,14.19,19.61,3.36,false,false,-9.05,-10.82,主動ETF當日持股未完整（21/22）；中期趨勢仍向下；外資持股5/10日下降，且外資5日賣超；20日趨勢尚未上彎；當下除權息調整價未守20日EMA
273,2481,強茂,TWSE,半導體業,暫不承接,停止加碼／開始減碼,已有部位先停止加碼。反彈若仍未站回 149.34，分批降低部位；只有站回且ETF／外資賣壓收斂後才重新評估。,47.4,88,129,129,27.37,13.98,,,,,37.3,3.1,1.53,5,-155,714,714,153,460,714,83.341,-7272.852999999999,-25404.352999999996,-22719.977999999996,-149,-778,-7816,-11555.8,2,3,-100362000,-991.466,-1146.504,21.07,-7472,-600,-10108,,129.438,-5503.386999999999,-16441.849,-7416.496999999996,40.98,22.06,12.93,40.31,true,false,-11.97,-5.84,主動ETF當日持股未完整（21/22）；中期趨勢仍向下；投信5/10日持續且具金額意義的賣超；外資持股5/10日下降，且外資5日賣超；20日趨勢尚未上彎；當下除權息調整價未守20日EMA
274,3714,富采,TWSE,光電業,暫不承接,暫停加碼／跌破減碼,已有部位暫停加碼；若收盤跌破60日EMA約 59.39，且下一交易日仍未收復，先減碼三分之一；若ETF或外資繼續轉弱，再分批降低部位。,47.3,88,50.4,50.4,18.97,1.73,,,,,,0.85,1.87,2,0,0,0,0,0,0,1255.472,3564.352,3745.909,8829.793000000001,0,0,0,0,0,0,0,3.301000000000002,-127.672,12.7,-1277,1705,7789,,1307.985,3561.0509999999995,3873.580999999999,9081.642999999996,39.14,27.71,21.52,40.1,true,false,-6.77,-4.18,主動ETF當日持股未完整（21/22）；中期趨勢仍向下；20日趨勢尚未上彎；當下除權息調整價未守20日EMA
275,4968,立積,TWSE,半導體業,暫不承接,暫停加碼／跌破減碼,已有部位暫停加碼；若收盤跌破60日EMA約 107.37，且下一交易日仍未收復，先減碼三分之一；若ETF或外資繼續轉弱，再分批降低部位。,47.2,100,95.9,95.9,-1.09,5.31,3.27,25.03,385.26,1,26.32,3.33,1.64,2,0,20,23,23,24,0,-117.486,458.1909999999999,161.70799999999988,-1341.792,0,23,23,24,2,0,2205700,-39.975,-63.162,4.42,275,996,-42,,-107.301,475.16599999999994,201.86999999999995,-1205.584,41.15,45.84,31.09,75.36,true,false,-4.21,-2.14,主動ETF當日持股未完整（21/22）；中期趨勢仍向下；20日趨勢尚未上彎；當下除權息調整價未守20日EMA
276,1402,遠東新,TWSE,紡織纖維,暫不承接,暫停加碼／跌破減碼,已有部位暫停加碼；若收盤跌破60日EMA約 27.39，且下一交易日仍未收復，先減碼三分之一；若ETF或外資繼續轉弱，再分批降低部位。,46.9,88,26.9,26.9,12.06,5.35,,,,,16.86,0.62,4.6,15,-2115,-2142,-1794,3455,28485,-1894,-902.437,22543.218,67098.306,104347.66100000001,-2094.17,-1691.143,3587.411,28559.329,4,1,-45491747,317.96000000000004,-930.0759999999999,15.54,14666,31468,107687,,1532.198,23916.401,64440.971000000005,77245.14499999999,41.66,33.12,41.7,15.96,false,false,-1.83,-2,主動ETF當日持股未完整（21/22）；中期趨勢仍向下；20日累積後5日轉為調節；ETF 1/3日已轉為減碼；主動ETF 5日轉為減碼；20日趨勢尚未上彎；當下除權息調整價未守20日EMA
277,8081,致新,TWSE,半導體業,暫不承接,停止加碼／開始減碼,已有部位先停止加碼。反彈若仍未站回 269.33，分批降低部位；只有站回且ETF／外資賣壓收斂後才重新評估。,46.8,88,250,250,7.19,-1.3,,,,,14,2.91,6.5,10,-46,1,1,-2,372,-44,77.655,-634.643,-1145.1240000000003,-1383.3990000000003,-45.851,1.149000000000001,-1.697999999999999,-173.69799999999998,1,1,287250,-23.522000000000002,-101.803,16.89,24,-1067,-1178,,134,-612.27,-1041.623,-845.819,43.45,41.11,39.2,44.93,true,true,-3.57,-3.47,主動ETF當日持股未完整（21/22）；累計營收負成長且當月改善不足；中期趨勢仍向下；主動ETF 5日轉為減碼；外資持股5/10日下降，且外資5日賣超；20日趨勢尚未上彎；當下除權息調整價未守20日EMA
278,8996,高力,TWSE,電機機械,暫不承接,停止加碼／開始減碼,"已有部位先停止加碼。反彈若仍未站回 1,131.94，分批降低部位；只有站回且ETF／外資賣壓收斂後才重新評估。",46.8,88,940,940,37.56,128.96,,,,,60.98,17.12,0.53,18,0,42,71,68,-31,69,176.925,629.304,-255.512,-512.407,-0.099,-825.198,-953.2439999999999,-1387.4079999999994,1,3,-775686120,87.634,131.41899999999998,38.13,-234,1493,340,,160,1366.868,566.3129999999998,692.7169999999998,40.56,24.21,18.66,35.29,true,false,-9.8,-5.53,主動ETF當日持股未完整（21/22）；中期趨勢仍向下；投信5/10日持續且具金額意義的賣超；20日趨勢尚未上彎；當下除權息調整價未守20日EMA
279,1102,亞泥,TWSE,水泥工業,暫不承接,暫停加碼／跌破減碼,已有部位暫停加碼；若收盤跌破60日EMA約 34.35，且下一交易日仍未收復，先減碼三分之一；若ETF或外資繼續轉弱，再分批降低部位。,46.7,88,32.7,32.7,-2.21,-7.24,,,,,11.07,0.66,6.97,18,-1762,-987,-265,1389,4763,-1930,-2223.942,8600.83,19822.726000000002,-39629.90700000001,-2014.879,-1902.4049999999997,-1639.4609999999996,-2812.763,4,1,-62208643,724.118,920.2990000000002,12.6,5560,15406,516,,-34.063,9779.117,20541.888,-33261.19099999999,37.77,44.82,42.51,49.46,false,false,-2.65,-1.21,主動ETF當日持股未完整（21/22）；累計營收負成長且當月改善不足；中期趨勢仍向下；20日累積後5日轉為調節；ETF 1/3日已轉為減碼；主動ETF 5日轉為減碼；20日趨勢尚未上彎；當下除權息調整價未守20日EMA
280,6442,光聖,TWSE,通信網路業,暫不承接,暫停加碼／跌破減碼,"已有部位暫停加碼；若收盤跌破60日EMA約 1,602.85，且下一交易日仍未收復，先減碼三分之一；若ETF或外資繼續轉弱，再分批降低部位。",46.7,88,1270,1270,1.65,27.4,,,,,43.57,12.76,0.97,10,1,2,4,-13,89,1,195.245,470.635,-1116.167,-119.00499999999974,-4.15,18.85,136.85,-54.376000000000005,2,3,23939500,-21.590000000000003,57.01,33.41,-129,426,611,,194.511,473.375,-1310.027,95.54900000000008,43.14,34.12,29.98,42.41,true,false,-5.1,-4.51,主動ETF當日持股未完整（21/22）；中期趨勢仍向下；20日趨勢尚未上彎；當下除權息調整價未守20日EMA
281,3406,玉晶光,TWSE,光電業,暫不承接,暫停加碼／跌破減碼,已有部位暫停加碼；若收盤跌破60日EMA約 570.68，且下一交易日仍未收復，先減碼三分之一；若ETF或外資繼續轉弱，再分批降低部位。,46.5,88,488,488,4.51,17.17,,,,,14.58,2.08,3.53,7,0,0,0,-29,-157,0,145.818,-238.13499999999996,-162.18199999999996,-922.713,0,-63,-329,-303.7,1,2,-30744000,-21.666999999999984,-30.67999999999999,42.41,-18,-250,146,,117.659,-153.468,197.49800000000002,-171.75199999999995,37.34,28.45,19.7,45.95,true,false,-8.57,-5.61,主動ETF當日持股未完整（21/22）；中期趨勢仍向下；20日趨勢尚未上彎；當下除權息調整價未守20日EMA
282,8021,尖點,TWSE,其他電子業,暫不承接,暫停加碼／跌破減碼,已有部位暫停加碼；若收盤跌破60日EMA約 436.46，且下一交易日仍未收復，先減碼三分之一；若ETF或外資繼續轉弱，再分批降低部位。,46.3,88,355,355,90.11,66.6,,,,,92.55,8.71,0.61,11,-160,-157,-157,1179,1437,-167,-44.17,2039.924,2111.0319999999997,3149.8279999999995,-160,-118,1426.893,1759.893,2,1,-41890000,-11.172,-554.484,21.13,-20,2235,1384,,116.392,2169.096,1238.6229999999998,1754.4449999999997,40.07,23.86,14.82,41.94,true,false,-13.05,-9.09,主動ETF當日持股未完整（21/22）；中期趨勢仍向下；20日累積後5日轉為調節；ETF 1/3日已轉為減碼；主動ETF 5日轉為減碼；20日趨勢尚未上彎；當下除權息調整價未守20日EMA
283,6213,聯茂,TWSE,電子零組件業,暫不承接,停止加碼／開始減碼,已有部位先停止加碼。反彈若仍未站回 308.34，分批降低部位；只有站回且ETF／外資賣壓收斂後才重新評估。,46.3,86.8,289,289,47.94,25.62,,,,,64.3,4.53,1.14,12,0,-52,-200,336,813,-209,-1612.967,-294.3349999999996,-14094.531,-21490.046,0,-1392,-1706,5079.9,0,4,-402288000,-624.9639999999999,-764.0530000000001,15.09,-728,2352,-8768,,-1520,1722.629,-11624.478000000001,-24459.006000000005,45.01,18.44,14.85,25.61,true,false,-6.27,-5.86,主動ETF當日持股未完整（21/22）；中期趨勢仍向下；20日累積後5日轉為調節；主動ETF 5日轉為減碼；投信5/10日持續且具金額意義的賣超；20日趨勢尚未上彎；當下除權息調整價未守20日EMA
284,3014,聯陽,TWSE,半導體業,暫不承接,暫停加碼／跌破減碼,已有部位暫停加碼；若收盤跌破60日EMA約 137.84，且下一交易日仍未收復，先減碼三分之一；若ETF或外資繼續轉弱，再分批降低部位。,46.2,86.8,126.5,126.5,-1.12,-2.09,,,,,13.51,3.34,6.8,11,-7,97,87,21,991,0,63.896,-178.854,1751.2069999999999,-909.6810000000003,-6.62,87.601,-4.119,783.989,1,3,11081527,-28.307,-24.216,20.79,392,-402,996,,107.709,-238.148,1779.5420000000001,-1412.649,40.29,38.66,34.47,47.04,true,false,-4.36,-3.44,主動ETF當日持股未完整（21/22）；累計營收負成長且當月改善不足；中期趨勢仍向下；20日趨勢尚未上彎；當下除權息調整價未守20日EMA
285,2633,台灣高鐵,TWSE,航運業,暫不承接,暫停加碼／跌破減碼,已有部位暫停加碼；若收盤跌破60日EMA約 26.11，且下一交易日仍未收復，先減碼三分之一；若ETF或外資繼續轉弱，再分批降低部位。,45.7,88,25.9,25.9,2.77,4.03,,,,,21.53,1.96,4.41,10,-1826,-1801,-1395,330,5562,-1711,-2945,9136.746,10375.39,18389.586,-1812,-1327,417,5611,2,3,-34369300,-94,-205.051,6.23,2293,9672,18270,,-748,10557.746000000001,10163.441000000003,12891.397000000003,46.15,45.26,53.06,29.66,true,true,-0.7,-0.58,主動ETF當日持股未完整（21/22）；中期趨勢仍向下；20日累積後5日轉為調節；ETF 1/3日已轉為減碼；主動ETF 5日轉為減碼；投信20日買超後近5日轉賣；20日趨勢尚未上彎；當下除權息調整價未守20日EMA
286,2371,大同,TWSE,電機機械,暫不承接,停止加碼／開始減碼,已有部位先停止加碼。反彈若仍未站回 27.84，分批降低部位；只有站回且ETF／外資賣壓收斂後才重新評估。,45.6,88,25.25,25.25,16.64,4.03,,,,,,1.08,,4,-527,-503,-494,-502,-1382,-527,2087.026,6577.044,10221.983,13188.136999999999,-527,-494,-502,-1381.15,3,1,-12473500,-355.009,-462.63500000000005,6.01,1348,2292,-8385,,2522.051,7426.053,11186.617999999999,14671.756000000001,42.32,29.26,21.36,45.06,true,false,-2.55,-1.75,主動ETF當日持股未完整（21/22）；中期趨勢仍向下；ETF短中期同步減碼；ETF 1/3日已轉為減碼；主動ETF 5日轉為減碼；20日趨勢尚未上彎；當下除權息調整價未守20日EMA
287,2402,毅嘉,TWSE,電子零組件業,暫不承接,暫停加碼／跌破減碼,已有部位暫停加碼；若收盤跌破60日EMA約 61.91，且下一交易日仍未收復，先減碼三分之一；若ETF或外資繼續轉弱，再分批降低部位。,45.5,76,53.2,53.2,21.7,16.07,,,,,26.56,2.24,3.86,2,0,0,0,0,61,0,311.629,332.25300000000004,49.35900000000004,-3642.1440000000002,0,0,0,61,0,0,0,-130.923,-231.339,4.73,77,149,-874,,260.764,463.17600000000004,280.69800000000004,-2752.8659999999995,37.46,27.96,21.34,41.19,true,false,-7.81,-6.17,主動ETF當日持股未完整（21/22）；中期趨勢仍向下；20日趨勢尚未上彎；當下除權息調整價未守20日EMA
288,1513,中興電,TWSE,電機機械,暫不承接,暫停加碼／跌破減碼,已有部位暫停加碼；若收盤跌破60日EMA約 163.85，且下一交易日仍未收復，先減碼三分之一；若ETF或外資繼續轉弱，再分批降低部位。,45.4,88,155.5,155.5,8.31,3.48,,,,,18.65,3.52,3.91,12,-49,45,141,-905,-2337,-77,471.077,-552.6550000000002,-1886.409,-197.36100000000033,-85.295,-91.79,-1565.733,-3596.495000000001,2,2,-14273345,-274.556,-356.73800000000006,10.09,860,-1986,4188,,540.541,-186.3090000000002,36.0619999999999,2664.7739999999994,42.03,30.66,24.79,42.4,true,false,-2.89,-1.89,主動ETF當日持股未完整（21/22）；中期趨勢仍向下；主動ETF 5日轉為減碼；20日趨勢尚未上彎；當下除權息調整價未守20日EMA
289,6472,保瑞,TWSE,生技醫療業,暫不承接,暫停加碼／跌破減碼,已有部位暫停加碼；若收盤跌破60日EMA約 409.61，且下一交易日仍未收復，先減碼三分之一；若ETF或外資繼續轉弱，再分批降低部位。,45.3,85,396.5,396.5,39.22,-1.14,,,,,30.31,3.34,2.61,2,0,0,0,0,-4,0,143.513,765.895,542.573,-88.01499999999996,0,3,4,-1,3,0,1189500,-19.71,-69.51599999999999,10.95,-101,551,242,,137.004,782.6049999999999,608.0889999999998,125.65999999999988,47.78,30.48,22.86,45.73,true,false,-0.85,0,主動ETF當日持股未完整（21/22）；中期趨勢仍向下；外資持股趨勢資料不足或期間有非市場異動；20日趨勢尚未上彎；當下除權息調整價未守20日EMA
290,3545,敦泰,TWSE,半導體業,暫不承接,暫停加碼／跌破減碼,已有部位暫停加碼；若收盤跌破60日EMA約 53.02，且下一交易日仍未收復，先減碼三分之一；若ETF或外資繼續轉弱，再分批降低部位。,44.9,88,50.1,50.1,2.16,-13.49,,,,,,1.22,1.65,2,0,0,6,6,7,0,631.964,1293.9630000000002,1896.2810000000002,701.4710000000002,0,6,6,7,1,0,300600,-25.938000000000002,-77.768,14.98,581,521,-214,,642.17,1313.901,1968.0490000000002,867.7060000000001,46.58,50.09,32.7,84.85,true,false,-0.7,4.48,主動ETF當日持股未完整（21/22）；累計營收負成長且當月改善不足；中期趨勢仍向下；20日趨勢尚未上彎；當下除權息調整價未守20日EMA；2日內除權息，等待價格重置
291,6831,邁科,TWSE,電腦及週邊設備業,暫不承接,暫停加碼／跌破減碼,已有部位暫停加碼；若收盤跌破60日EMA約 661.44，且下一交易日仍未收復，先減碼三分之一；若ETF或外資繼續轉弱，再分批降低部位。,44.9,88,565,565,29.3,18.23,,,,,106.71,13.24,0.57,6,454,426,426,426,441,426,140.301,105.061,-368.74399999999997,-940.4010000000003,320,136,-180,-497,2,3,76840000,7.141000000000002,60.83,15.87,-175,61,-401,,-188.034,-38.07999999999999,-249.57399999999998,-411.53900000000004,41.48,28.9,25.88,34.95,true,false,-10.9,-10.32,主動ETF當日持股未完整（21/22）；中期趨勢仍向下；20日趨勢尚未上彎；當下除權息調整價未守20日EMA
292,2645,長榮航太,TWSE,航運業,暫不承接,暫停加碼／跌破減碼,已有部位暫停加碼；若收盤跌破60日EMA約 188.64，且下一交易日仍未收復，先減碼三分之一；若ETF或外資繼續轉弱，再分批降低部位。,44.9,87.5,184.5,184.5,13.01,12.44,,,,,27.94,5.41,2.73,6,-49,19,80,207,-155,-73,219.88,444.494,437.4250000000002,2107.268,-71,-624,-3137,-4039,2,2,-115128000,76.351,-188.195,10.82,588,1473,4452,,287.822,992.143,3762.6200000000003,6262.725999999999,42.81,14.82,12.92,18.62,true,false,-6.74,-4.9,主動ETF當日持股未完整（21/22）；中期趨勢仍向下；主動ETF 5日轉為減碼；20日趨勢尚未上彎；當下除權息調整價未守20日EMA
293,2478,大毅,TWSE,電子零組件業,暫不承接,暫停加碼／跌破減碼,已有部位暫停加碼；若收盤跌破60日EMA約 145.34，且下一交易日仍未收復，先減碼三分之一；若ETF或外資繼續轉弱，再分批降低部位。,44.8,88,118,118,35.76,15.27,,,,,29.25,2.13,1.84,3,-127,-116,-116,108,491,-126,198.406,-32.08800000000008,-1871.6550000000002,207.11200000000008,-127,-116,108,491,2,1,-13688000,9.152000000000001,5.494999999999997,19.87,-1626,-464,2073,,315.1,74.75999999999988,-1985.15,-134.36599999999999,38.46,19.75,12.76,33.73,true,false,-16.1,-8.17,主動ETF當日持股未完整（21/22）；中期趨勢仍向下；20日累積後5日轉為調節；ETF 1/3日已轉為減碼；主動ETF 5日轉為減碼；20日趨勢尚未上彎；當下除權息調整價未守20日EMA
294,6409,旭隼,TWSE,其他電子業,暫不承接,暫停加碼／跌破減碼,已有部位暫停加碼；若收盤跌破60日EMA約 945.70，且下一交易日仍未收復，先減碼三分之一；若ETF或外資繼續轉弱，再分批降低部位。,44.7,88,934,934,5.72,-8.79,,,,,27.41,8.13,3.84,12,-2,5,6,192,1429,0,-23.803,147.001,380.01599999999996,-42.80300000000011,-2.269,7.747,219.78199999999998,1457.556,3,1,7235698,-12.182000000000002,-1.3220000000000025,52.43,-25,390,-419,,-13.707,151.43599999999998,161.556,-1397.9350000000002,43.66,29.38,24.3,39.54,true,false,-5.37,-6.6,主動ETF當日持股未完整（21/22）；累計營收負成長且當月改善不足；中期趨勢仍向下；20日趨勢尚未上彎；當下除權息調整價未守20日EMA
295,1802,台玻,TWSE,玻璃陶瓷,暫不承接,暫停加碼／跌破減碼,已有部位暫停加碼；若收盤跌破60日EMA約 60.77，且下一交易日仍未收復，先減碼三分之一；若ETF或外資繼續轉弱，再分批降低部位。,44.6,88,47.55,47.55,27,11.68,,,,,351.54,2.68,,6,-1,0,0,-973,-1161,0,-1028.94,948.4889999999997,-9114.283,-66053.134,8,-136,-1096,-2081,3,2,-6466800,-1007.9799999999998,-2132.1629999999996,4.84,-5914,1245,-30943,,-310.08,2092.4690000000005,-5886.119999999999,-66444.238,35.32,20.37,13.56,33.99,true,false,-12.36,-9.43,主動ETF當日持股未完整（21/22）；中期趨勢仍向下；20日趨勢尚未上彎；當下除權息調整價未守20日EMA
296,6415,矽力*-KY,TWSE,半導體業,暫不承接,停止加碼／開始減碼,已有部位先停止加碼。反彈若仍未站回 486.53，分批降低部位；只有站回且ETF／外資賣壓收斂後才重新評估。,44.5,87.8,424.5,424.5,37.77,25.54,,,,,55.51,4.2,0.62,15,13,48,-161,-368,-451,-225,-260.914,-415.93899999999996,-1658.6329999999998,-3028.377,-302,-3862.6400000000003,-3883.6400000000003,-6624.64,0,5,-1639690680,-74.97399999999999,-217.732,80.54,176,4306,3618,,26.804,3521.675,2442.7389999999996,3957.107000000001,40.74,30.39,24.71,41.75,true,false,-8.2,-5.46,主動ETF當日持股未完整（21/22）；中期趨勢仍向下；ETF短中期同步減碼；主動ETF 5日轉為減碼；投信5/10日持續且具金額意義的賣超；20日趨勢尚未上彎；當下除權息調整價未守20日EMA
297,3035,智原,TWSE,半導體業,暫不承接,停止加碼／開始減碼,已有部位先停止加碼。反彈若仍未站回 192.01，分批降低部位；只有站回且ETF／外資賣壓收斂後才重新評估。,44.4,100,160,160,26.57,-50.61,6.21,28.62,211.45,1.16,58.86,2.28,1.2,5,0,10,13,12,140,0,3249.819,-3145.458,-1574.8950000000004,-2313.9120000000007,0,13,12,139.2,2,0,2080000,-1507.6400000000003,-1343.7790000000005,11.3,-3693,-4559,-5704,,3172.098,-1650.8180000000002,-243.11599999999999,-425.0739999999994,35.7,18.01,25.42,3.2,false,false,-13.94,-20.2,主動ETF當日持股未完整（21/22）；中期趨勢仍向下；外資持股5/10日下降，且外資5日賣超；20日趨勢尚未上彎；當下除權息調整價未守20日EMA
298,2201,裕隆,TWSE,汽車工業,暫不承接,暫停加碼／跌破減碼,已有部位暫停加碼；若收盤跌破60日EMA約 27.88，且下一交易日仍未收復，先減碼三分之一；若ETF或外資繼續轉弱，再分批降低部位。,44.4,88,27.45,27.45,-8.06,-3.62,,,,,32.94,0.46,2,4,512,512,513,513,-29,512,-1095.311,1596.7880000000002,852.7120000000002,6610.345000000001,517,540,555,-3,5,0,14823000,-24.004000000000005,-6.256000000000004,5.14,864,3056,4216,,-1573.962,1080.7920000000001,303.96800000000013,6392.9130000000005,45.52,33.22,27.94,43.76,true,false,-1.41,-0.72,主動ETF當日持股未完整（21/22）；累計營收負成長且當月改善不足；中期趨勢仍向下；20日趨勢尚未上彎；當下除權息調整價未守20日EMA
299,2501,國建,TWSE,建材營造,暫不承接,停止加碼／開始減碼,已有部位先停止加碼。反彈若仍未站回 23.32，分批降低部位；只有站回且ETF／外資賣壓收斂後才重新評估。,44.2,88,22.65,22.65,-71.58,26.93,,,,,5.68,0.81,5.45,2,-567,-563,-563,-534,55,-567,1185.908,1053.087,330.6960000000001,-7194.345000000001,-567,-563,-534,55,2,1,-12751950,16.467000000000002,-45.57700000000001,12.21,-1635,114,-3682,,1811.03,1599.62,910.2729999999999,-6841.235,46.69,50.49,42.98,65.51,true,true,-0.66,1.34,主動ETF當日持股未完整（21/22）；中期趨勢仍向下；ETF短中期同步減碼；20日累積後5日轉為調節；ETF 1/3日已轉為減碼；主動ETF 5日轉為減碼；20日趨勢尚未上彎；當下除權息調整價未守20日EMA
300,3042,晶技,TWSE,電子零組件業,暫不承接,停止加碼／開始減碼,已有部位先停止加碼。反彈若仍未站回 175.07，分批降低部位；只有站回且ETF／外資賣壓收斂後才重新評估。,44.2,88,154.5,154.5,19.98,7.73,,,,,28.53,3.36,3.21,8,-157,-270,-270,-631,-606,-115,5614.651,10164.768,4444.039000000001,-5015.344000000001,-138,-240,-3632,-3217,1,2,-37080000,589.414,904.498,19.61,-2516,5338,8409,,5167.618,9815.354000000001,7171.540999999999,1944.483999999995,41.03,27.62,18.89,45.08,true,false,-8.05,-2.52,主動ETF當日持股未完整（21/22）；中期趨勢仍向下；ETF短中期同步減碼；ETF 1/3日已轉為減碼；主動ETF 5日轉為減碼；20日趨勢尚未上彎；當下除權息調整價未守20日EMA
301,6412,群電,TWSE,電子零組件業,暫不承接,暫停加碼／跌破減碼,已有部位暫停加碼；若收盤跌破60日EMA約 86.83，且下一交易日仍未收復，先減碼三分之一；若ETF或外資繼續轉弱，再分批降低部位。,44.2,88,78.7,78.7,-0.77,-7.65,,,,,14.71,2.12,4.84,5,-2,5,5,2,-113,0,239.428,70.49600000000002,98.37400000000004,-3210.7279999999996,-2.56,4.4399999999999995,1.8899999999999997,-113.11,1,1,349428,-138.612,-158.421,5.62,-107,134,-553,,255.957,204.668,254.905,-2430.149,38.62,28.24,24.53,35.64,true,true,-4.48,-4.02,主動ETF當日持股未完整（21/22）；累計營收負成長且當月改善不足；中期趨勢仍向下；20日趨勢尚未上彎；當下除權息調整價未守20日EMA
302,3481,群創,TWSE,光電業,暫不承接,暫停加碼／跌破減碼,已有部位暫停加碼；若收盤跌破60日EMA約 50.15，且下一交易日仍未收復，先減碼三分之一；若ETF或外資繼續轉弱，再分批降低部位。,44.2,87.2,45.8,45.8,17.25,16.11,,,,,413.64,1.6,2.2,15,-415,-87,72,1463,2436,-411,-21206.917,-2226.743000000002,-50035.219000000005,-15418.464000000007,-710.211,-441.33900000000006,-21014.846,-76235.05600000001,3,2,-20213326,-3031.293,-6523.921,22.14,-21037,63417,68783,,-17706.581,1245.8890000000029,-22496.451999999997,81541.56199999999,38.05,25.18,17.12,41.3,true,false,-10.58,-3.27,主動ETF當日持股未完整（21/22）；中期趨勢仍向下；ETF 1/3日已轉為減碼；主動ETF 5日轉為減碼；20日趨勢尚未上彎；當下除權息調整價未守20日EMA；估值高且成長不足以支撐
303,6271,同欣電,TWSE,半導體業,暫不承接,停止加碼／開始減碼,已有部位先停止加碼。反彈若仍未站回 210.21，分批降低部位；只有站回且ETF／外資賣壓收斂後才重新評估。,44.1,100,168,168,10.56,1.65,16.16,24.15,259.54,4.37,18,1.23,1.88,3,0,-494,-742,-955,-805,-742,-557.782,-5950.319,-7398.295000000001,-5054.825000000002,0,-1619,-3284,-4340,0,4,-271992000,-25.98699999999999,-43.55299999999998,29.97,-2876,-2733,1177,,-449.181,-4305.332,-4070.742,386.5559999999996,36.36,21.33,14.38,35.25,true,false,-14.08,-8.45,主動ETF當日持股未完整（21/22）；中期趨勢仍向下；ETF短中期同步減碼；主動ETF 5日轉為減碼；投信5/10日持續且具金額意義的賣超；20日趨勢尚未上彎；當下除權息調整價未守20日EMA
304,2597,潤弘,TWSE,建材營造,暫不承接,暫停加碼／跌破減碼,已有部位暫停加碼；若收盤跌破60日EMA約 166.23，且下一交易日仍未收復，先減碼三分之一；若ETF或外資繼續轉弱，再分批降低部位。,44,88,162,162,2.95,15.29,,,,,14.39,5.46,5.91,5,-1,14,14,14,17,0,-75.918,336.83099999999996,537.9229999999999,837.8639999999997,1.159,22.827,25.776000000000003,22.739000000000004,4,0,3697974,-4.3919999999999995,-22.387999999999998,2.19,136,485,662,,-51.659,318.396,534.535,799.977,44.28,52.97,46.81,65.29,false,false,-1.2,-0.61,主動ETF當日持股未完整（21/22）；中期趨勢仍向下；20日趨勢尚未上彎；當下除權息調整價未守20日EMA
305,3090,日電貿,TWSE,電子零組件業,暫不承接,停止加碼／開始減碼,已有部位先停止加碼。反彈若仍未站回 203.90，分批降低部位；只有站回且ETF／外資賣壓收斂後才重新評估。,44,88,137.5,137.5,32.37,22.69,,,,,26.04,2.04,3.84,7,-88,-84,-84,234,249,-88,-2715.747,-5448.0019999999995,-4511.451,-4191.556,-2846,-4895,-5886,-19086,0,5,-673062500,173.923,323.49,14.14,-214,-256,13567,,114.15,-726.925,1051.0590000000002,14886.776000000002,31.51,15.85,9.38,28.78,true,false,-25.67,-11.86,主動ETF當日持股未完整（21/22）；中期趨勢仍向下；20日累積後5日轉為調節；ETF 1/3日已轉為減碼；主動ETF 5日轉為減碼；投信5/10日持續且具金額意義的賣超；20日趨勢尚未上彎；當下除權息調整價未守20日EMA
306,2355,敬鵬,TWSE,電子零組件業,暫不承接,暫停加碼／跌破減碼,已有部位暫停加碼；若收盤跌破60日EMA約 48.74，且下一交易日仍未收復，先減碼三分之一；若ETF或外資繼續轉弱，再分批降低部位。,43.8,88,38.25,38.25,4.44,4.61,,,,,21.69,0.82,2.73,1,0,0,0,-346,-603,0,172.881,864.0989999999999,711.1599999999999,3502.7400000000002,0,0,-346,-603,0,0,0,-451.519,-573.0609999999999,17.31,515,2892,10832,,317,1315.618,1630.221,5690.743,32.31,22.51,15.56,36.41,true,false,-10.83,-6.25,主動ETF當日持股未完整（21/22）；中期趨勢仍向下；20日趨勢尚未上彎；當下除權息調整價未守20日EMA；借券賣出與借券賣出餘額壓力升高
307,3715,定穎投控,TWSE,電子零組件業,暫不承接,暫停加碼／跌破減碼,已有部位暫停加碼；若收盤跌破60日EMA約 148.33，且下一交易日仍未收復，先減碼三分之一；若ETF或外資繼續轉弱，再分批降低部位。,43.8,88,104.5,104.5,45.48,36.23,,,,,102.99,2.63,1.08,2,0,0,0,-250,-434,0,-579.15,3060.3559999999998,2458.138000000001,-10115.732,-44,-164,-397,-1125.1,0,2,-17138000,-88.01900000000002,-323.32000000000005,13.2,21,3994,6019,,-629.97,3312.375,3178.4579999999996,-7832.407,31.74,21.37,14.46,35.17,true,false,-15.29,-8.33,主動ETF當日持股未完整（21/22）；中期趨勢仍向下；20日趨勢尚未上彎；當下除權息調整價未守20日EMA
308,2352,佳世達,TWSE,電腦及週邊設備業,暫不承接,暫停加碼／跌破減碼,已有部位暫停加碼；若收盤跌破60日EMA約 29.40，且下一交易日仍未收復，先減碼三分之一；若ETF或外資繼續轉弱，再分批降低部位。,43.7,88,28.45,28.45,-0.62,1.03,,,,,44.11,1.48,3.66,6,0,53,75,52,13824,0,2047.629,2738.71,-978.4389999999996,-22625.945,0,75,52,13824,4,0,2133750,-103.548,-344.8510000000001,7.84,1438,2580,-9910,,2117.114,2767.258,-685.5879999999997,-35734.021,43.78,25.2,18.11,39.37,true,false,-3.47,-1.04,主動ETF當日持股未完整（21/22）；中期趨勢仍向下；20日趨勢尚未上彎；當下除權息調整價未守20日EMA
309,5234,達興材料,TWSE,光電業,暫不承接,暫停加碼／跌破減碼,已有部位暫停加碼；若收盤跌破60日EMA約 369.72，且下一交易日仍未收復，先減碼三分之一；若ETF或外資繼續轉弱，再分批降低部位。,43.7,88,325,325,21.77,10.01,,,,,40.45,10.37,2.09,4,0,1,1,0,1,0,22.367,-198.523,-555.433,-1247.394,0,3,-27,-27,3,0,975000,-260.52200000000005,-396.31700000000006,9.11,-81,278,-536,,28.099,58.999,-132.116,-762.3799999999999,40.61,35.33,22.33,61.32,false,false,-4.2,-1.37,主動ETF當日持股未完整（21/22）；中期趨勢仍向下；20日趨勢尚未上彎；當下除權息調整價未守20日EMA
310,6789,采鈺,TWSE,半導體業,暫不承接,暫停加碼／跌破減碼,已有部位暫停加碼；若收盤跌破60日EMA約 482.19，且下一交易日仍未收復，先減碼三分之一；若ETF或外資繼續轉弱，再分批降低部位。,43.7,88,430.5,430.5,15.55,9.04,,,,,91.08,7.12,0.71,8,3,6,18,14,-128,0,25.609,1458.9389999999999,2273.9829999999997,3095.8839999999996,5,25,23,-319.7,5,0,10762500,-88.232,-136.363,4.61,-128,1444,2559,,40.392,1522.171,2387.346,3634.7389999999996,41.37,27.27,24.65,32.51,true,false,-7.15,-6.72,主動ETF當日持股未完整（21/22）；中期趨勢仍向下；20日趨勢尚未上彎；當下除權息調整價未守20日EMA；估值高且成長不足以支撐
311,1718,中纖,TWSE,化學工業,暫不承接,暫停加碼／跌破減碼,已有部位暫停加碼；若收盤跌破60日EMA約 10.45，且下一交易日仍未收復，先減碼三分之一；若ETF或外資繼續轉弱，再分批降低部位。,43.7,68,9.6,9.6,1.92,1.56,,,,,36.38,0.52,,1,-14,79,79,2722,2898,0,797.145,-13380.706,-9113.207,6112.802000000003,-14,79,2722,2898,2,1,758400,-1285.4959999999999,-4334.543,7.71,-11367,5354,6414,,1131.867,-12174.21,-7500.664000000001,3130.822,38.56,8.84,7.91,10.69,true,false,-13.93,-6.34,主動ETF當日持股未完整（21/22）；中期趨勢仍向下；20日趨勢尚未上彎；當下除權息調整價未守20日EMA
312,8150,南茂,TWSE,半導體業,暫不承接,停止加碼／開始減碼,已有部位先停止加碼。反彈若仍未站回 92.47，分批降低部位；只有站回且ETF／外資賣壓收斂後才重新評估。,43.4,85,77.6,77.6,37.23,27.07,,,,,61.53,2.07,1.69,6,200,-36,-36,-570,-180,-36,-2213.789,-7716.567999999999,-50266.534,-30853.142999999993,-1376.847,-10331.847,-16890.847,-12467.847000000002,0,5,-801751327,-826.279,-2162.303,39.47,279,7038,-29930,,-1687.493,3441.558,-31213.384,-15854.596999999998,39.52,14.36,11.28,20.51,true,false,-15.27,-13.68,主動ETF當日持股未完整（21/22）；中期趨勢仍向下；ETF短中期同步減碼；投信5/10日持續且具金額意義的賣超；外資持股趨勢資料不足或期間有非市場異動；20日趨勢尚未上彎；當下除權息調整價未守20日EMA
313,1722,台肥,TWSE,化學工業,暫不承接,停止加碼／開始減碼,已有部位先停止加碼。反彈若仍未站回 46.96，分批降低部位；只有站回且ETF／外資賣壓收斂後才重新評估。,43.3,88,45.5,45.5,-10.47,6.42,,,,,44.04,0.82,4.37,4,-2,1,-3,-3,2,0,-878.389,1331.0170000000003,1617.6990000000005,2936.1850000000004,4,26,34,22,4,1,1183000,25.560000000000002,58.479,8.93,1327,2957,2287,,-841.374,1279.4569999999999,1525.22,2814.463,37.03,16.73,16,18.17,true,false,-2.39,-2.57,主動ETF當日持股未完整（21/22）；中期趨勢仍向下；ETF短中期同步減碼；20日累積後5日轉為調節；20日趨勢尚未上彎；當下除權息調整價未守20日EMA
314,1707,葡萄王,TWSE,生技醫療業,暫不承接,暫停加碼／跌破減碼,已有部位暫停加碼；若收盤跌破60日EMA約 97.84，且下一交易日仍未收復，先減碼三分之一；若ETF或外資繼續轉弱，再分批降低部位。,43,88,90.5,90.5,-7.24,-2.69,,,,,11.16,1.32,6.72,1,0,0,0,0,-72,0,28.244,-95.73300000000005,-189.70300000000003,149.48299999999992,0,0,1,0,0,0,0,-2,-10,14.29,-156,90,378,,34.244,-93.73300000000005,-180.70300000000003,156.52699999999993,39.79,27.12,25.05,31.26,true,false,-1.34,-0.33,主動ETF當日持股未完整（21/22）；累計營收負成長且當月改善不足；中期趨勢仍向下；20日趨勢尚未上彎；當下除權息調整價未守20日EMA
315,3059,華晶科,TWSE,光電業,暫不承接,暫停加碼／跌破減碼,已有部位暫停加碼；若收盤跌破60日EMA約 43.13，且下一交易日仍未收復，先減碼三分之一；若ETF或外資繼續轉弱，再分批降低部位。,42.9,88,38.35,38.35,3.02,7.47,,,,,31.14,1.18,2.61,2,0,0,0,0,-1,0,121.301,804.069,1004.107,3062.142,0,0,0,-1,0,0,0,-168.468,-324.816,8.17,119,867,3415,,144.519,972.5369999999999,1328.923,4576.639,35.03,22.9,15.96,36.79,true,false,-7.4,-4.96,主動ETF當日持股未完整（21/22）；中期趨勢仍向下；20日趨勢尚未上彎；當下除權息調整價未守20日EMA
316,5285,界霖,TWSE,半導體業,暫不承接,暫停加碼／跌破減碼,已有部位暫停加碼；若收盤跌破60日EMA約 81.72，且下一交易日仍未收復，先減碼三分之一；若ETF或外資繼續轉弱，再分批降低部位。,42.9,88,73.5,73.5,14.12,11.04,,,,,33.76,2.43,2.12,1,0,0,0,0,0,0,76.57,-64.33499999999998,5.419000000000025,2520.652,-120,-120,-120,-120,0,1,-8820000,-20.266000000000005,-57.83100000000001,8.06,-303,2,824,,260.2,75.93099999999998,183.24999999999997,2625.931,40.13,25.73,15.4,46.41,true,false,-8.66,-3.92,主動ETF當日持股未完整（21/22）；中期趨勢仍向下；20日趨勢尚未上彎；當下除權息調整價未守20日EMA
317,9907,統一實,TWSE,其他,暫不承接,停止加碼／開始減碼,已有部位先停止加碼。反彈若仍未站回 15.85，分批降低部位；只有站回且ETF／外資賣壓收斂後才重新評估。,42.8,88,15.05,15.05,-6.1,-12.63,,,,,13.51,1.06,7.87,5,-2,-2,-35,-2853,-7916,0,-1251.706,6664.103,5853.122,12491.828,7,4.649000000000001,-2783.352,-7349.195,4,1,69967,70.17100000000002,-71.829,15.9,1773,7793,17414,,-1137.97,6589.282999999999,8708.303,19781.726000000002,41.51,38.48,49.1,17.23,false,true,-1.29,-0.33,主動ETF當日持股未完整（21/22）；累計營收負成長且當月改善不足；中期趨勢仍向下；ETF短中期同步減碼；ETF 1/3日已轉為減碼；20日趨勢尚未上彎；當下除權息調整價未守20日EMA
318,6719,力智,TWSE,半導體業,暫不承接,暫停加碼／跌破減碼,已有部位暫停加碼；若收盤跌破60日EMA約 232.54，且下一交易日仍未收復，先減碼三分之一；若ETF或外資繼續轉弱，再分批降低部位。,42.4,88,207,207,-3.56,-4.78,,,,,27.72,1.47,2.31,2,0,10,11,11,11,0,173.828,-120.402,-1217.1789999999999,758.2429999999999,0,13,14,13,4,0,2691000,-68.10900000000001,-106.809,6.6,-440,-121,286,,158.067,-65.29299999999998,-1124.37,1099.416,40.53,21.22,20.71,22.24,true,false,-9.31,-6.97,主動ETF當日持股未完整（21/22）；累計營收負成長且當月改善不足；中期趨勢仍向下；20日趨勢尚未上彎；當下除權息調整價未守20日EMA
319,2327,國巨*,TWSE,電子零組件業,暫不承接,停止加碼／開始減碼,已有部位先停止加碼。反彈若仍未站回 702.01，分批降低部位；只有站回且ETF／外資賣壓收斂後才重新評估。,42.4,84.4,552,552,38.91,29.35,,,,,39.53,6.19,1.2,42,-44,-1781,-878,-2236,-2900,-2322,3578.213,-3636.7459999999996,-12774.417000000001,-26427.438000000002,-42.121,-9173.834,-13883.84,-28153.089999999997,0,5,-5063956368,-1351.918,-1300.6449999999998,48.31,-1580,6828,-5463,,3675.238,6889.005999999999,2410.0679999999984,9340.544999999998,36.11,17.58,12.44,27.86,true,false,-18.36,-11.68,主動ETF當日持股未完整（21/22）；中期趨勢仍向下；ETF短中期同步減碼；ETF 1/3日已轉為減碼；主動ETF 5日轉為減碼；投信5/10日持續且具金額意義的賣超；外資持股趨勢資料不足或期間有非市場異動；20日趨勢尚未上彎；當下除權息調整價未守20日EMA
320,6449,鈺邦,TWSE,電子零組件業,暫不承接,暫停加碼／跌破減碼,已有部位暫停加碼；若收盤跌破60日EMA約 282.66，且下一交易日仍未收復，先減碼三分之一；若ETF或外資繼續轉弱，再分批降低部位。,41.7,68,225,225,23.29,22.31,,,,,27.37,3.37,2,1,0,0,0,0,44,0,-305.813,-138.08099999999996,-520.302,1184.896,0,0,0,-130,0,0,0,-4.142,-14.249000000000002,7.29,-63,426,1390,,-314.6,-133.939,-506.053,1385.2879999999998,38.54,25.07,16.87,41.48,true,false,-12.98,-5.86,主動ETF當日持股未完整（21/22）；中期趨勢仍向下；20日趨勢尚未上彎；當下除權息調整價未守20日EMA
321,1503,士電,TWSE,電機機械,暫不承接,暫停加碼／跌破減碼,已有部位暫停加碼；若收盤跌破60日EMA約 212.36，且下一交易日仍未收復，先減碼三分之一；若ETF或外資繼續轉弱，再分批降低部位。,41.6,88,195,195,-10.58,10.27,,,,,29.06,2.68,2.56,8,0,0,4,710,1203,0,-81.584,-524.983,-664.5200000000001,-2386.474,2,14.853,723.8530000000001,1209.853,4,0,2896335,-119.07000000000001,-130.655,29.92,321,389,-2426,,-65.357,-420.766,-1257.7179999999998,-2908.6040000000003,40.56,34.8,32.5,39.39,true,false,-4.88,-3.47,主動ETF當日持股未完整（21/22）；中期趨勢仍向下；20日趨勢尚未上彎；當下除權息調整價未守20日EMA
322,6166,凌華,TWSE,電腦及週邊設備業,暫不承接,停止加碼／開始減碼,已有部位先停止加碼。反彈若仍未站回 134.38，分批降低部位；只有站回且ETF／外資賣壓收斂後才重新評估。,41.6,88,124,124,25.89,41.08,,,,,31.3,4.25,1.06,1,0,0,0,0,0,0,1817.764,-3965.3400000000006,328.2949999999996,792.5339999999997,0,0.05,0.05,0.05,1,0,6200,290.456,299.494,20.88,-4052,-5588,-1013,,1800.35,-4255.8460000000005,28.750999999999685,500.55199999999957,44.89,27.23,40.61,0.48,false,false,-7.72,-17.33,主動ETF當日持股未完整（21/22）；中期趨勢仍向下；外資持股5/10日下降，且外資5日賣超；20日趨勢尚未上彎；當下除權息調整價未守20日EMA
323,4919,新唐,TWSE,半導體業,暫不承接,暫停加碼／跌破減碼,已有部位暫停加碼；若收盤跌破60日EMA約 151.37，且下一交易日仍未收復，先減碼三分之一；若ETF或外資繼續轉弱，再分批降低部位。,41.1,88,124.5,124.5,1.16,-1.55,,,,,,3.72,,8,-165,55,63,69,195,-163,-576.09,4893.669,7599.024,8232.718,-165,62.911,-843.0889999999999,-1955.089,2,2,7832420,-255.638,-257.557,4.07,-1126,6487,8832,,-222.149,5086.396,8699.67,9842.831,39.37,29.39,20.77,46.64,true,false,-10.36,-6.04,主動ETF當日持股未完整（21/22）；累計營收負成長且當月改善不足；中期趨勢仍向下；主動ETF 5日轉為減碼；20日趨勢尚未上彎；當下除權息調整價未守20日EMA
324,6451,訊芯-KY,TWSE,半導體業,暫不承接,暫停加碼／跌破減碼,已有部位暫停加碼；若收盤跌破60日EMA約 468.89，且下一交易日仍未收復，先減碼三分之一；若ETF或外資繼續轉弱，再分批降低部位。,41.1,88,374.5,374.5,40.55,-5.21,,,,,,5.16,0.06,2,0,0,0,-41,-71,0,396.833,1657.005,865.3620000000001,3242.9320000000007,0,0,-41,-71,0,0,0,-99.42,3.836000000000001,65.41,-690,1069,2431,,400.436,1756.425,902.5259999999998,3459.348,39.09,22.07,19.03,28.15,true,false,-12.4,-11.36,主動ETF當日持股未完整（21/22）；中期趨勢仍向下；20日趨勢尚未上彎；當下除權息調整價未守20日EMA
325,2208,台船,TWSE,航運業,暫不承接,停止加碼／開始減碼,已有部位先停止加碼。反彈若仍未站回 19.42，分批降低部位；只有站回且ETF／外資賣壓收斂後才重新評估。,40.7,88,18.85,18.85,14.86,-30.71,,,,,,3.3,,1,0,0,0,0,0,0,-913.344,-680.9050000000001,-2587.294,-5548.610000000001,0,0,0,0,0,0,0,-37,-90,7.39,1084,-880,-1226,,-873.344,-643.9050000000001,-2497.294,-5449.545,46.18,17.13,14.87,21.64,true,false,-2.82,-2.33,主動ETF當日持股未完整（21/22）；中期趨勢仍向下；外資持股5/10日下降，且外資5日賣超；20日趨勢尚未上彎；當下除權息調整價未守20日EMA
326,3016,嘉晶,TWSE,半導體業,暫不承接,停止加碼／開始減碼,已有部位先停止加碼。反彈若仍未站回 105.63，分批降低部位；只有站回且ETF／外資賣壓收斂後才重新評估。,40.6,88,87.8,87.8,41.17,27.87,,,,,194.88,4.71,0.63,1,0,0,0,0,0,0,347.532,-494.99800000000005,-2027.843,-7202.7699999999995,0,0,0,0,0,0,0,-6.509999999999998,-129.767,5.07,-1294,-1086,-1334,,359.606,-488.48800000000006,-1898.0760000000002,-6848.517,39.6,19.54,12.62,33.38,true,false,-12.04,-6.79,主動ETF當日持股未完整（21/22）；中期趨勢仍向下；外資持股5/10日下降，且外資5日賣超；20日趨勢尚未上彎；當下除權息調整價未守20日EMA
327,2498,宏達電,TWSE,通信網路業,暫不承接,暫停加碼／跌破減碼,已有部位暫停加碼；若收盤跌破60日EMA約 42.93，且下一交易日仍未收復，先減碼三分之一；若ETF或外資繼續轉弱，再分批降低部位。,40.4,76,39.9,39.9,-8.53,-9.73,,,,,19.3,1.23,1.25,4,0,0,1,2,-12,0,22.33,-165.46100000000013,161.64099999999985,747.2730000000001,0,1,2,-12,1,0,39900,-245.084,-303.299,9.04,1941,977,6166,,64.251,78.62300000000005,462.94000000000005,1810.5749999999998,41.08,28.25,24.98,34.78,true,false,-4,-4.09,主動ETF當日持股未完整（21/22）；累計營收負成長且當月改善不足；中期趨勢仍向下；20日趨勢尚未上彎；當下除權息調整價未守20日EMA
328,3661,世芯-KY,TWSE,半導體業,暫不承接,暫停加碼／跌破減碼,"已有部位暫停加碼；若收盤跌破60日EMA約 3,847.68，且下一交易日仍未收復，先減碼三分之一；若ETF或外資繼續轉弱，再分批降低部位。",39.9,85,3250,3250,15.39,-39.74,,,,,44.85,5.78,1.12,25,5,74,89,148,274,-43,36.706,-1448.565,-2013.7290000000003,-3806.334,1,-47.672,-105.144,-266.25300000000004,3,2,-154934000,26.268,64.012,49.53,-374,-1510,-3415,,9.183,-1427.1609999999998,-1972.5969999999998,-3264.274999999999,41.44,33.3,22.89,54.13,true,false,-6.87,-6.07,主動ETF當日持股未完整（21/22）；中期趨勢仍向下；主動ETF 5日轉為減碼；外資持股趨勢資料不足或期間有非市場異動；20日趨勢尚未上彎；當下除權息調整價未守20日EMA
329,7795,長廣,TWSE,電子零組件業,暫不承接,停止加碼／開始減碼,已有部位先停止加碼。反彈若仍未站回 441.17，分批降低部位；只有站回且ETF／外資賣壓收斂後才重新評估。,39.5,88,385.5,385.5,62.55,2.93,,,,,125.63,9.82,0.61,1,0,0,0,0,0,0,5.164,-361.43699999999995,-752.771,-1594.748,0,2,3,3,2,0,771000,17.491,33.727000000000004,8.94,-101,-384,-1203,,-6,-380.928,-789.498,-1624.7240000000002,41.33,21.7,12.36,40.37,true,false,-10.71,-4.22,主動ETF當日持股未完整（21/22）；中期趨勢仍向下；外資持股5/10日下降，且外資5日賣超；20日趨勢尚未上彎；當下除權息調整價未守20日EMA
330,2328,廣宇,TWSE,電子零組件業,暫不承接,暫停加碼／跌破減碼,已有部位暫停加碼；若收盤跌破60日EMA約 48.45，且下一交易日仍未收復，先減碼三分之一；若ETF或外資繼續轉弱，再分批降低部位。,37.6,88,42.7,42.7,-0.74,-15.92,,,,,41.99,1.42,2.19,2,0,0,6,6,6,0,558.864,1396.21,1075.1390000000001,1159.457,0,6,6,6,1,0,256200,-225.359,-397.87500000000006,8.65,-206,744,3573,,593.21,1615.5690000000002,1467.0140000000004,2046.1300000000006,39.71,25.38,21.28,33.57,true,false,-5.75,-5.43,主動ETF當日持股未完整（21/22）；累計營收負成長且當月改善不足；中期趨勢仍向下；20日趨勢尚未上彎；當下除權息調整價未守20日EMA
331,3583,辛耘,TWSE,半導體業,暫不承接,暫停加碼／跌破減碼,已有部位暫停加碼；若收盤跌破60日EMA約 761.56，且下一交易日仍未收復，先減碼三分之一；若ETF或外資繼續轉弱，再分批降低部位。,37.5,88,670,670,-2.67,6.79,,,,,44.07,6.84,0.88,8,25,107,-17,8,-432,-17,-45.127,267.981,494.74600000000004,654.984,39,-3,12,-565.7,2,2,-2010000,21.491999999999997,-7.208000000000004,21.39,-244,485,1107,,-83.392,249.489,489.95400000000006,1352.222,40.87,29.27,22.56,42.7,true,false,-8.45,-10.55,主動ETF當日持股未完整（21/22）；中期趨勢仍向下；20日趨勢尚未上彎；當下除權息調整價未守20日EMA
332,2515,中工,TWSE,建材營造,暫不承接,停止加碼／開始減碼,已有部位先停止加碼。反彈若仍未站回 12.54，分批降低部位；只有站回且ETF／外資賣壓收斂後才重新評估。,37.3,88,12.05,12.05,-14.32,32.15,,,,,24.69,0.83,4.22,1,0,0,0,0,-772,0,-1613.761,-6557.009999999999,-12614.826,-28929.134,0,0,0,-837.258,0,0,0,-164.175,-186.56400000000002,7.63,1591,-5426,-18102,,-1584.831,-6392.835,-12428.261999999999,-27560.314000000002,44.17,38.37,25.88,63.33,false,false,-1.64,1.26,主動ETF當日持股未完整（21/22）；中期趨勢仍向下；外資持股5/10日下降，且外資5日賣超；20日趨勢尚未上彎；當下除權息調整價未守20日EMA
333,1301,台塑,TWSE,塑膠工業,暫不承接,暫停加碼／跌破減碼,已有部位暫停加碼；若收盤跌破60日EMA約 54.81，且下一交易日仍未收復，先減碼三分之一；若ETF或外資繼續轉弱，再分批降低部位。,37.2,88,53.8,53.8,-2.69,-3.62,,,,,,0.9,0.91,6,0,0,0,691,679,0,-5461.593,-32063.892,-27296.696000000004,-17033.11,0,0,691,629.9,0,0,0,-867.266,-1580.734,33.53,-14151,-30797,24949,,-5079.62,-31196.626,-26406.962000000003,-16480.389000000014,42.66,10.13,20.47,-10.55,false,false,-7.64,-12.8,主動ETF當日持股未完整（21/22）；累計營收負成長且當月改善不足；中期趨勢仍向下；20日趨勢尚未上彎；當下除權息調整價未守20日EMA；借券賣出與借券賣出餘額壓力升高
334,9914,美利達,TWSE,運動休閒,暫不承接,暫停加碼／跌破減碼,已有部位暫停加碼；若收盤跌破60日EMA約 74.02，且下一交易日仍未收復，先減碼三分之一；若ETF或外資繼續轉弱，再分批降低部位。,36.9,88,76.4,76.4,-5.51,-15.29,,,,,20.76,1.15,3.65,1,-14,-14,-14,-9,47,-14,-216.901,320.30800000000016,374.1850000000002,5331.547000000001,-12,-5,-195,-144,3,1,-382000,87.431,36.74400000000001,25.18,-721,166,6499,,-194.548,237.8769999999999,532.4409999999999,5456.527000000001,49.06,19.32,25,7.96,false,false,-1.31,-2.05,主動ETF當日持股未完整（21/22）；累計營收負成長且當月改善不足；ETF短中期同步減碼；20日累積後5日轉為調節；ETF 1/3日已轉為減碼；主動ETF 5日轉為減碼；當下除權息調整價未守20日EMA
335,2338,光罩,TWSE,半導體業,暫不承接,停止加碼／開始減碼,已有部位先停止加碼。反彈若仍未站回 46.18，分批降低部位；只有站回且ETF／外資賣壓收斂後才重新評估。,35.4,88,37.6,37.6,0.08,-5.14,,,,,,1.99,,1,0,0,0,0,0,0,20.547,-641.681,-1839.475,-11771.109999999999,0,0,0,0,0,0,0,-440.312,-513.0160000000001,4.95,100,-275,-5305,,152.447,-201.36899999999994,-1326.4589999999998,-10911.175,36.66,23.84,17.25,37.01,true,false,-10.37,-8.96,主動ETF當日持股未完整（21/22）；累計營收負成長且當月改善不足；中期趨勢仍向下；外資持股5/10日下降，且外資5日賣超；20日趨勢尚未上彎；當下除權息調整價未守20日EMA
336,3576,聯合再生,TWSE,光電業,暫不承接,暫停加碼／跌破減碼,已有部位暫停加碼；若收盤跌破60日EMA約 17.53，且下一交易日仍未收復，先減碼三分之一；若ETF或外資繼續轉弱，再分批降低部位。,35.4,88,16.65,16.65,-9.51,-24.09,,,,,38.81,2.03,,1,0,0,0,0,0,0,754.813,-2705.824,14828.646999999999,45924.655,0,0,0,0,0,0,0,112,124,14.36,-1507,-3919,54716,,823.813,-2817.824,14704.646999999999,45799.655,45.02,18.46,24.05,7.26,false,false,-3.37,-6.72,主動ETF當日持股未完整（21/22）；累計營收負成長且當月改善不足；中期趨勢仍向下；20日趨勢尚未上彎；當下除權息調整價未守20日EMA
337,3376,新日興,TWSE,電子零組件業,暫不承接,暫停加碼／跌破減碼,已有部位暫停加碼；若收盤跌破60日EMA約 195.82，且下一交易日仍未收復，先減碼三分之一；若ETF或外資繼續轉弱，再分批降低部位。,35.1,88,180,180,-4.76,-13.25,,,,,251.47,1.92,2.34,3,0,0,0,0,-359,0,386.622,585.4,-523.4280000000001,-5160.557000000001,1,5,-1493,-2084,4,0,900000,66.93299999999999,102.39499999999998,13.01,216,162,-2183,,310.617,513.467,867.177,-2952.098,44.1,31.75,22.06,51.14,true,false,-2.66,-2.44,主動ETF當日持股未完整（21/22）；累計營收負成長且當月改善不足；中期趨勢仍向下；20日趨勢尚未上彎；當下除權息調整價未守20日EMA；估值高且成長不足以支撐
338,4906,正文,TWSE,通信網路業,暫不承接,暫停加碼／跌破減碼,已有部位暫停加碼；若收盤跌破60日EMA約 38.15，且下一交易日仍未收復，先減碼三分之一；若ETF或外資繼續轉弱，再分批降低部位。,33.9,88,32.95,32.95,-5.24,-28.21,,,,,,1.22,1.52,1,0,0,0,-393,-684,0,1494.498,-398.979,-1423.0989999999997,-7246.621999999999,0,0,-393,-684,0,0,0,-539.306,-771.4990000000001,8.57,232,-487,-2882,,1504.857,140.32699999999997,-258.6,-4988.701,40.69,30.34,22.32,46.39,true,false,-6.24,-3.23,主動ETF當日持股未完整（21/22）；累計營收負成長且當月改善不足；中期趨勢仍向下；20日趨勢尚未上彎；當下除權息調整價未守20日EMA
339,2484,希華,TWSE,電子零組件業,暫不承接,暫停加碼／跌破減碼,已有部位暫停加碼；若收盤跌破60日EMA約 65.17，且下一交易日仍未收復，先減碼三分之一；若ETF或外資繼續轉弱，再分批降低部位。,33.9,68,63.6,63.6,-1.4,-2.65,,,,,82.57,2.38,1.15,1,-2,11,11,267,425,0,736.698,2306.4519999999993,-1692.2400000000007,-7748.988,-2,11,267,425,2,1,699600,-7.472999999999999,-42.95099999999999,5.37,-2404,542,-4551,,788.81,2302.9249999999993,-1916.2890000000007,-7935.075000000001,42.72,19.22,13.94,29.79,true,false,-10.01,-13,主動ETF當日持股未完整（21/22）；累計營收負成長且當月改善不足；中期趨勢仍向下；20日趨勢尚未上彎；當下除權息調整價未守20日EMA；估值高且成長不足以支撐
340,2367,燿華,TWSE,電子零組件業,暫不承接,暫停加碼／跌破減碼,已有部位暫停加碼；若收盤跌破60日EMA約 52.83，且下一交易日仍未收復，先減碼三分之一；若ETF或外資繼續轉弱，再分批降低部位。,33.7,88,38,38,-4.14,-7.37,,,,,,2.02,0.55,2,0,0,0,0,0,0,-544.046,7166.938,9144.108999999999,17852.277000000002,0,0,0,0,0,0,0,-391.674,49.047000000000054,8.05,146,6535,10686,,-411.577,7558.612,9095.062000000002,17650.755,33.79,21.79,15.37,34.63,true,false,-13.25,-9.42,主動ETF當日持股未完整（21/22）；累計營收負成長且當月改善不足；中期趨勢仍向下；20日趨勢尚未上彎；當下除權息調整價未守20日EMA
341,6715,嘉基,TWSE,電子零組件業,暫不承接,暫停加碼／跌破減碼,已有部位暫停加碼；若收盤跌破60日EMA約 399.59，且下一交易日仍未收復，先減碼三分之一；若ETF或外資繼續轉弱，再分批降低部位。,26.7,88,342,342,-9.2,-0.12,,,,,147.39,5.71,0.62,1,0,0,0,-31,-146,0,41.964,145.13400000000001,-410.322,-1880.359,0,0,-112,-227,0,0,0,-51.739,-7.826999999999993,1.67,-90,235,-879,,47.873,196.873,-290.49499999999995,-1475.514,42.22,20.59,24.1,13.58,false,false,-9.17,-13.28,主動ETF當日持股未完整（21/22）；累計營收負成長且當月改善不足；中期趨勢仍向下；20日趨勢尚未上彎；當下除權息調整價未守20日EMA；估值高且成長不足以支撐
342,5288,豐祥-KY,TWSE,電機機械,不建立部位,暫停加碼／跌破減碼,已有部位暫停加碼；若收盤跌破60日EMA約 178.04，且下一交易日仍未收復，先減碼三分之一；若ETF或外資繼續轉弱，再分批降低部位。,70.3,88,189.5,189.5,71.59,28.97,,,,,15.21,2.09,3.55,2,78,78,78,78,79,78,24.012,13.02499999999999,134.683,216.87199999999996,78,102,182,183,5,0,19329000,-2.819000000000001,-5.853,59.81,-89,-58,20,,-46,-86.156,-41.46400000000001,36.40399999999999,53.69,43.24,45.78,38.17,false,false,1.19,-2.57,"主動ETF當日持股未完整（21/22）；單日成交金額低於5,000萬元；ETF加碼金額或跨基金共識不足"
343,1419,新紡,TWSE,紡織纖維,不建立部位,暫停加碼／跌破減碼,已有部位暫停加碼；若收盤跌破60日EMA約 66.22，且下一交易日仍未收復，先減碼三分之一；若ETF或外資繼續轉弱，再分批降低部位。,65,68,67.8,67.8,17.98,28.04,,,,,5.14,0.99,2.66,2,85,85,85,87,180,85,48,180.304,247.41400000000002,626.55,85,85,87,174,1,0,5763000,-5,-13.09,1.46,-42,420,505,,-32,100.304,173.50400000000002,438.761,53.39,61.94,64.92,55.97,false,true,0.77,-2.45,"主動ETF當日持股未完整（21/22）；單日成交金額低於5,000萬元"
344,2414,精技,TWSE,電子通路業,不建立部位,暫停加碼／跌破減碼,已有部位暫停加碼；若收盤跌破60日EMA約 55.93，且下一交易日仍未收復，先減碼三分之一；若ETF或外資繼續轉弱，再分批降低部位。,64.4,68,57.3,57.3,87.26,46.2,,,,,16.43,2.74,5.17,1,-1,8,8,178,283,0,-68,315.3,-493.971,-738.882,-1,8,178,283,2,1,458400,-20,-38,5.1,223,728,-899,,-44,327.3,-633.971,-1038.8819999999998,48.09,59.43,41.22,95.84,false,false,-0.97,0.17,"主動ETF當日持股未完整（21/22）；單日成交金額低於5,000萬元；20日趨勢尚未上彎；當下除權息調整價未守20日EMA"
345,2362,藍天,TWSE,電腦及週邊設備業,不建立部位,暫停加碼／跌破減碼,已有部位暫停加碼；若收盤跌破60日EMA約 42.76，且下一交易日仍未收復，先減碼三分之一；若ETF或外資繼續轉弱，再分批降低部位。,62.4,88,44.75,44.75,30.25,17.64,,,,,18.73,0.55,4.77,1,0,0,0,0,-315,0,914.916,892.073,1636.1079999999997,1207.381,0,0,0,-315,0,0,0,42.001999999999995,16.72399999999999,9.72,-136,-2,1313,,947.636,850.071,1619.384,1505.3339999999998,56.62,55.13,54.13,57.12,true,false,4.04,1.59,"主動ETF當日持股未完整（21/22）；單日成交金額低於5,000萬元"
346,9935,慶豐富,TWSE,居家生活,不建立部位,暫停加碼／跌破減碼,已有部位暫停加碼；若收盤跌破60日EMA約 19.08，且下一交易日仍未收復，先減碼三分之一；若ETF或外資繼續轉弱，再分批降低部位。,62.3,88,19.6,19.6,17.01,7.96,,,,,11.98,1.33,6.11,1,0,0,-5,39,35,0,-100.8,317.15099999999995,583.665,-58.756000000000085,0,-4.284,39.495000000000005,35.602000000000004,0,1,-83966,12,8,6.29,89,467,1089,,-96.8,309.435,536.1700000000001,477.64200000000005,58.16,74.12,71.41,79.56,false,false,1.97,1.29,"主動ETF當日持股未完整（21/22）；單日成交金額低於5,000萬元；20日累積後5日轉為調節；20日趨勢尚未上彎"
347,2546,根基,TWSE,建材營造,不建立部位,暫停加碼／跌破減碼,已有部位暫停加碼；若收盤跌破60日EMA約 92.93，且下一交易日仍未收復，先減碼三分之一；若ETF或外資繼續轉弱，再分批降低部位。,59.4,88,104,104,44.27,21.26,,,,,10.67,2.14,5.91,3,106,106,107,107,172,106,33.022,587.501,601.5350000000001,844.288,106,107,107,172,2,0,11128000,-12,0,4.06,132,524,489,,-57.978,492.5009999999999,494.5349999999999,634.2879999999998,77.75,84.32,77.6,97.75,false,false,7.28,7.44,"主動ETF當日持股未完整（21/22）；單日成交金額低於5,000萬元；短線過熱或乖離過大"
348,4736,泰博,TWSE,生技醫療業,不建立部位,暫停加碼／跌破減碼,已有部位暫停加碼；若收盤跌破60日EMA約 126.58，且下一交易日仍未收復，先減碼三分之一；若ETF或外資繼續轉弱，再分批降低部位。,59.1,88,128.5,128.5,2.09,1.25,,,,,7.04,1.28,3.89,2,0,0,0,1,30,0,-30.855,145.502,392.581,957.359,0,0,1,30,0,0,0,7.594999999999999,11.594999999999999,6.54,7,288,547,,-24.855,137.907,379.98600000000005,918.764,53.2,34.55,43.83,16,false,false,0.26,-1.91,"主動ETF當日持股未完整（21/22）；單日成交金額低於5,000萬元"
349,5515,建國,TWSE,建材營造,不建立部位,暫停加碼／跌破減碼,已有部位暫停加碼；若收盤跌破60日EMA約 41.25，且下一交易日仍未收復，先減碼三分之一；若ETF或外資繼續轉弱，再分批降低部位。,58.1,88,42.75,42.75,24.55,27.59,,,,,7.19,1.52,7.69,2,0,0,0,2,-155,0,-98.471,-199.553,178.297,858.5270000000002,0,0,2,-155,0,0,0,-46.629,-98.077,12.43,-26,-103,828,,-47.058,-152.924,274.374,1099.6689999999999,53.94,41.4,46.24,31.7,false,false,0.88,-1.95,"主動ETF當日持股未完整（21/22）；單日成交金額低於5,000萬元"
350,3708,上緯投控,TWSE,綠能環保,不建立部位,停止加碼／開始減碼,已有部位先停止加碼。反彈若仍未站回 107.81，分批降低部位；只有站回且ETF／外資賣壓收斂後才重新評估。,56.6,88,91.5,91.5,61.7,-2.02,,,,,2.25,0.48,7.07,2,0,3,4,1,170,0,-23.208,-486.77099999999996,-539.2349999999999,-878.3939999999999,0,4,1,170,2,0,366000,-250.871,-239.355,7.35,-3,-146,-382,,-19,-239.9,-300.88,-795.8639999999999,36.26,25.84,25.54,26.45,true,false,-7.11,-7.01,"主動ETF當日持股未完整（21/22）；單日成交金額低於5,000萬元；中期趨勢仍向下；外資持股5/10日下降，且外資5日賣超；20日趨勢尚未上彎；當下除權息調整價未守20日EMA"
351,4137,麗豐-KY,TWSE,生技醫療業,不建立部位,停止加碼／開始減碼,已有部位先停止加碼。反彈若仍未站回 101.14，分批降低部位；只有站回且ETF／外資賣壓收斂後才重新評估。,56.5,88,95.1,95.1,22.6,8.62,,,,,12.23,1.42,10.41,2,0,0,-3,-7,-8,0,-32.628,185.847,78.05100000000002,-226.403,0,-2.083,-6.8420000000000005,-7.930000000000001,0,1,-198093,11.52,20.567,54.8,70,248,286,,-24,176.41,64.326,-252.993,40.86,50.48,41.29,68.87,true,true,-1.52,0,"主動ETF當日持股未完整（21/22）；單日成交金額低於5,000萬元；中期趨勢仍向下；ETF短中期同步減碼；20日趨勢尚未上彎；當下除權息調整價未守20日EMA"
352,2607,榮運,TWSE,航運業,不建立部位,暫停加碼／跌破減碼,已有部位暫停加碼；若收盤跌破60日EMA約 48.15，且下一交易日仍未收復，先減碼三分之一；若ETF或外資繼續轉弱，再分批降低部位。,56.4,88,47.15,47.15,25.41,2.45,,,,,9.97,0.8,5.73,1,0,0,0,0,0,0,-75.401,551.02,1134.422,1935.4529999999995,0,0,0,0,0,0,0,17,1,8.3,111,750,2163,,-58.401,534.02,1133.422,1886.277,47.91,56.92,64.76,41.24,false,true,-0.22,-0.84,"主動ETF當日持股未完整（21/22）；單日成交金額低於5,000萬元；當下除權息調整價未守20日EMA"
353,6782,視陽,TWSE,生技醫療業,不建立部位,暫停加碼／跌破減碼,已有部位暫停加碼；若收盤跌破60日EMA約 194.48，且下一交易日仍未收復，先減碼三分之一；若ETF或外資繼續轉弱，再分批降低部位。,56.2,88,189,189,45.95,23.39,,,,,12.45,2.76,4.55,1,0,0,0,0,0,0,32.938,39.55900000000001,-424.77700000000004,-271.0319999999999,0,0,0,100,0,0,0,-5.183999999999999,-37.739,7.43,75,-172,-904,,35.831,44.742999999999995,-387.03800000000007,-438.05000000000024,47.33,49.49,28.63,91.22,false,false,-0.32,2.44,"主動ETF當日持股未完整（21/22）；單日成交金額低於5,000萬元；中期趨勢仍向下；20日趨勢尚未上彎；當下除權息調整價未守20日EMA"
354,2832,台產,TWSE,金融保險業,不建立部位,暫停加碼／跌破減碼,已有部位暫停加碼；若收盤跌破60日EMA約 55.30，且下一交易日仍未收復，先減碼三分之一；若ETF或外資繼續轉弱，再分批降低部位。,56.1,97,60.3,60.3,7.27,8.04,,52.67,,,11.42,1.23,5.89,1,0,0,-5,56,52,0,16,530.4090000000001,456.1020000000001,648.6750000000001,0,-4.5,56.071,52.092,0,1,-271350,-27,-40,4.54,327,573,616,,30,561.9090000000001,440.03100000000006,618.5830000000001,72.41,80.27,65.68,109.44,false,false,5.55,6.54,"主動ETF當日持股未完整（21/22）；單日成交金額低於5,000萬元；20日累積後5日轉為調節"
355,4536,拓凱,TWSE,運動休閒,不建立部位,暫停加碼／跌破減碼,已有部位暫停加碼；若收盤跌破60日EMA約 163.99，且下一交易日仍未收復，先減碼三分之一；若ETF或外資繼續轉弱，再分批降低部位。,55.3,88,165,165,10.04,-0.91,,,,,12.33,1.64,4.83,2,0,6,6,5,8,0,-135.121,565.8820000000001,827.815,1242.8729999999998,0,6,5,128,1,1,990000,-66.87199999999999,-72.079,14.08,101,787,1339,,-69.75,626.754,894.894,1180.9060000000002,47.23,44.98,43.98,46.98,false,false,-0.69,-0.3,"主動ETF當日持股未完整（21/22）；單日成交金額低於5,000萬元；20日趨勢尚未上彎；當下除權息調整價未守20日EMA"
356,8499,鼎炫-KY,TWSE,其他電子業,不建立部位,停止加碼／開始減碼,已有部位先停止加碼。反彈若仍未站回 281.26，分批降低部位；只有站回且ETF／外資賣壓收斂後才重新評估。,54.9,88,243,243,116.29,87,,,,,23.45,1.13,3.42,1,0,0,0,0,0,0,-3.063,-61.673,-168.452,-169.118,0,0,0,0,0,0,0,-9.073,-14.831999999999999,71.91,-10,-67,-151,,2,-52.599999999999994,-153.62,-147.65800000000002,36.36,16.69,10.89,28.29,true,false,-8.64,-6.9,"主動ETF當日持股未完整（21/22）；單日成交金額低於5,000萬元；中期趨勢仍向下；外資持股5/10日下降，且外資5日賣超；20日趨勢尚未上彎；當下除權息調整價未守20日EMA"
357,1720,生達,TWSE,生技醫療業,不建立部位,暫停加碼／跌破減碼,已有部位暫停加碼；若收盤跌破60日EMA約 57.18，且下一交易日仍未收復，先減碼三分之一；若ETF或外資繼續轉弱，再分批降低部位。,54.7,88,56.9,56.9,9.11,1.64,,,,,10.5,1.68,5.29,1,0,1,1,7,9,0,-11.42,336.045,-118.725,23.53800000000001,0,1,1,3,1,0,56900,-20.715000000000003,-30.608000000000008,5.55,-75,809,267,,10.157,355.76,-89.11699999999993,21.318000000000072,45.34,47.43,47.65,46.98,false,true,-0.88,-0.87,"主動ETF當日持股未完整（21/22）；單日成交金額低於5,000萬元；中期趨勢仍向下；20日趨勢尚未上彎；當下除權息調整價未守20日EMA"
358,2459,敦吉,TWSE,其他電子業,不建立部位,暫停加碼／跌破減碼,已有部位暫停加碼；若收盤跌破60日EMA約 65.38，且下一交易日仍未收復，先減碼三分之一；若ETF或外資繼續轉弱，再分批降低部位。,54.6,88,64,64,20.97,9.92,,,,,12.33,1.22,6.51,1,0,0,0,0,0,0,-37,-91.27000000000001,-129.25,-111.86600000000001,0,0,0,0,0,0,0,4,-1,15.79,-5,-60,166,,-33,-95.27000000000001,-128.25,-119.86600000000001,44.33,22.47,26.68,14.06,false,false,-1.13,-1.69,"主動ETF當日持股未完整（21/22）；單日成交金額低於5,000萬元；當下除權息調整價未守20日EMA"
359,5236,凌陽創新,TWSE,半導體業,不建立部位,暫停加碼／跌破減碼,已有部位暫停加碼；若收盤跌破60日EMA約 155.59，且下一交易日仍未收復，先減碼三分之一；若ETF或外資繼續轉弱，再分批降低部位。,54.5,85,144.5,144.5,12.78,17.77,,,,,14.95,3.72,6.32,1,0,20,20,20,20,0,-2.05,-17.241000000000014,-56.465000000000025,-296.137,0,20,20,20,1,0,2890000,-2.8520000000000003,-4.334000000000001,6.9,-4,-278,,,20.527,-34.388999999999996,-72.13099999999999,-305.361,41.31,40.59,34.47,52.81,true,false,-3.39,-2.36,"主動ETF當日持股未完整（21/22）；單日成交金額低於5,000萬元；中期趨勢仍向下；外資持股趨勢資料不足或期間有非市場異動；20日趨勢尚未上彎；當下除權息調整價未守20日EMA"
360,9946,三發地產,TWSE,建材營造,不建立部位,暫停加碼／跌破減碼,已有部位暫停加碼；若收盤跌破60日EMA約 18.18，且下一交易日仍未收復，先減碼三分之一；若ETF或外資繼續轉弱，再分批降低部位。,54.2,88,17.8,17.8,-11.49,4131.79,,,,,4.34,0.82,7.59,2,-3,11,11,273,665,0,-183,41.059,152.72699999999998,497.93500000000006,-3,11,273,665,2,1,195800,-51,-90,3.42,-128,319,175,,-82,81.059,-30.272999999999982,-134.065,40.04,37.94,33.74,46.34,false,false,-2.87,-1.66,"主動ETF當日持股未完整（21/22）；單日成交金額低於5,000萬元；中期趨勢仍向下；20日趨勢尚未上彎；當下除權息調整價未守20日EMA"
361,2923,鼎固-KY,TWSE,建材營造,不建立部位,暫停加碼／跌破減碼,已有部位暫停加碼；若收盤跌破60日EMA約 28.66，且下一交易日仍未收復，先減碼三分之一；若ETF或外資繼續轉弱，再分批降低部位。,53.4,88,33,33,294.84,170.39,,,,,,1.33,0.34,1,0,0,0,0,0,0,-18,684.5429999999999,725.5429999999999,1992.315,0,0,0,0,0,0,0,6.113000000000003,39.113,99.54,86,642,1736,,56,678.4300000000001,686.4300000000001,1884.5310000000002,51.98,48.04,59.62,24.88,false,true,-0.5,-4.21,"主動ETF當日持股未完整（21/22）；單日成交金額低於5,000萬元；當下除權息調整價未守20日EMA"
362,1537,廣隆,TWSE,電機機械,不建立部位,暫停加碼／跌破減碼,已有部位暫停加碼；若收盤跌破60日EMA約 125.86，且下一交易日仍未收復，先減碼三分之一；若ETF或外資繼續轉弱，再分批降低部位。,53.3,88,126.5,126.5,14.05,0.69,,,,,16.64,2.25,5.69,1,0,0,0,0,1,0,-21.216,74.362,239.40699999999998,410.488,0,0,0,1,0,0,0,-0.9640000000000004,116.03099999999999,16.07,12,38,188,,-11.214,75.326,123.37599999999999,287.452,51.31,38.26,45.22,24.36,false,false,0.12,-0.78,"主動ETF當日持股未完整（21/22）；單日成交金額低於5,000萬元"
363,6756,威鋒電子,TWSE,半導體業,不建立部位,暫停加碼／跌破減碼,已有部位暫停加碼；若收盤跌破60日EMA約 94.47，且下一交易日仍未收復，先減碼三分之一；若ETF或外資繼續轉弱，再分批降低部位。,53.3,88,95.4,95.4,50.06,16.36,,,,,60.86,2.22,0.97,1,0,0,0,0,0,0,43.399,38.98100000000001,96.96400000000001,-128.532,0,0,0,0,0,0,0,-6.318999999999999,-10.372,3.12,53,0,-115,,57,45.300000000000004,107.33600000000001,-122.44699999999997,50.59,55.21,43.11,79.42,true,false,1.23,0.42,"主動ETF當日持股未完整（21/22）；單日成交金額低於5,000萬元；20日趨勢尚未上彎"
364,1447,力鵬,TWSE,紡織纖維,不建立部位,暫停加碼／跌破減碼,已有部位暫停加碼；若收盤跌破60日EMA約 6.98，且下一交易日仍未收復，先減碼三分之一；若ETF或外資繼續轉弱，再分批降低部位。,52.8,68,6.89,6.89,53.19,10.86,,,,,,0.75,,1,-9,47,47,1376,1726,0,9.035,79.98500000000001,192.93100000000007,1674.4180000000001,-9,47,1376,1726,2,1,323830,-7,44,3.17,-809,592,-1186,,39.035,39.985000000000014,-1227.069,23.8900000000001,41.57,15.44,13.19,19.94,true,false,-7.31,-6.13,"主動ETF當日持股未完整（21/22）；單日成交金額低於5,000萬元；中期趨勢仍向下；20日趨勢尚未上彎；當下除權息調整價未守20日EMA"
365,2397,友通,TWSE,電腦及週邊設備業,不建立部位,暫停加碼／跌破減碼,已有部位暫停加碼；若收盤跌破60日EMA約 58.55，且下一交易日仍未收復，先減碼三分之一；若ETF或外資繼續轉弱，再分批降低部位。,52.3,88,55.3,55.3,31.37,25.65,,,,,23.15,1.9,4.56,1,0,0,0,0,0,0,146,-95.997,894.505,1172.808,0,0,0,0,0,0,0,0,-5,14.14,-74,-163,780,,157,-95.997,899.505,1177.808,43.54,26.21,33.13,12.38,false,false,-2.79,-3.83,"主動ETF當日持股未完整（21/22）；單日成交金額低於5,000萬元；中期趨勢仍向下；20日趨勢尚未上彎；當下除權息調整價未守20日EMA"
366,2450,神腦,TWSE,通信網路業,不建立部位,暫停加碼／跌破減碼,已有部位暫停加碼；若收盤跌破60日EMA約 29.19，且下一交易日仍未收復，先減碼三分之一；若ETF或外資繼續轉弱，再分批降低部位。,52.2,100,28.65,28.65,16.42,15.9,0.89,42.18,178.91,0.67,17.75,1.19,5.39,1,0,0,0,0,0,0,23,148,102.32999999999998,130.32999999999998,0,0,0,0,0,0,0,6,-6,1.39,25,167,226,,32,142,108.32999999999998,119.32999999999998,42.79,32.69,34.1,29.87,false,true,-0.64,-0.35,"主動ETF當日持股未完整（21/22）；單日成交金額低於5,000萬元；中期趨勢仍向下；20日趨勢尚未上彎；當下除權息調整價未守20日EMA"
367,2108,南帝,TWSE,橡膠工業,不建立部位,暫停加碼／跌破減碼,已有部位暫停加碼；若收盤跌破60日EMA約 27.90，且下一交易日仍未收復，先減碼三分之一；若ETF或外資繼續轉弱，再分批降低部位。,52.1,68,27.5,27.5,31.78,23.46,,,,,31.61,0.95,3.64,1,0,1,1,5,157,0,-19.956,-286.841,-607.5459999999999,100.28600000000017,0,1,5,157,1,0,27500,-12.652999999999995,-4.413999999999997,5.53,371,40,1562,,4,-275.18800000000005,-608.1320000000002,-97.14200000000017,45.82,36.3,33.68,41.55,true,false,-1.4,-1.61,"主動ETF當日持股未完整（21/22）；單日成交金額低於5,000萬元；中期趨勢仍向下；20日趨勢尚未上彎；當下除權息調整價未守20日EMA"
368,6183,關貿,TWSE,資訊服務業,不建立部位,暫停加碼／跌破減碼,已有部位暫停加碼；若收盤跌破60日EMA約 91.21，且下一交易日仍未收復，先減碼三分之一；若ETF或外資繼續轉弱，再分批降低部位。,52,88,91.9,91.9,7.45,9,,,,,23.11,4.68,3.79,2,0,0,0,1,47,0,9,90.6,98.6,311.09900000000005,0,0,1,47,0,0,0,-3,-6,1.17,6,86,188,,14,93.6,103.6,264.09900000000005,53.63,71.86,75.37,64.84,true,true,0.64,0.99,"主動ETF當日持股未完整（21/22）；單日成交金額低於5,000萬元"
369,6834,天二科技,TWSE,電子零組件業,不建立部位,暫停加碼／跌破減碼,已有部位暫停加碼；若收盤跌破60日EMA約 88.09，且下一交易日仍未收復，先減碼三分之一；若ETF或外資繼續轉弱，再分批降低部位。,51.8,85,87.7,87.7,66.46,36.56,10.85,40.75,153.28,1.6,34.7,4.58,0.5,1,0,1,1,104,167,0,-512.782,1159.2169999999999,-976.4140000000002,209.60299999999964,0,1,104,167,1,0,87700,-3.6549999999999976,-10.580999999999998,14.42,20,1345,95,,-509.023,1161.872,-1069.8329999999999,157.94100000000032,44.03,23.4,15.17,39.85,true,false,-7.57,-4.05,"主動ETF當日持股未完整（21/22）；單日成交金額低於5,000萬元；中期趨勢仍向下；20日趨勢尚未上彎；當下除權息調整價未守20日EMA"
370,4532,瑞智,TWSE,電機機械,不建立部位,停止加碼／開始減碼,已有部位先停止加碼。反彈若仍未站回 24.89，分批降低部位；只有站回且ETF／外資賣壓收斂後才重新評估。,51.6,88,24,24,28.8,1.91,,,,,12.92,1.12,6.34,2,-13,-13,-25,-84,-114,0,158.911,-1339.234,-1387.5709999999997,-3259.9120000000003,-13,-24.478,-83.72,-113.922,0,2,-587472,-24.756,-52.736000000000004,18.26,1,-1416,-2483,,198,-1290,-1251.115,-2735.316,41.66,32.83,23.11,52.25,true,false,-2.65,-1.64,"主動ETF當日持股未完整（21/22）；單日成交金額低於5,000萬元；中期趨勢仍向下；ETF短中期同步減碼；ETF 1/3日已轉為減碼；外資持股5/10日下降，且外資5日賣超；20日趨勢尚未上彎；當下除權息調整價未守20日EMA"
371,1615,大山,TWSE,電器電纜,不建立部位,暫停加碼／跌破減碼,已有部位暫停加碼；若收盤跌破60日EMA約 44.31，且下一交易日仍未收復，先減碼三分之一；若ETF或外資繼續轉弱，再分批降低部位。,51.6,68,41.9,41.9,28.36,2.23,,,,,8.86,1.69,6.19,1,0,0,0,2,63,0,13,107,-130.01000000000002,78.10099999999998,0,0,1,62,0,0,0,7,8,0.94,57,220,-65,,15,100,-139.01000000000002,4.100999999999981,32.02,23.1,20.01,29.28,true,false,-3.78,-3.12,"主動ETF當日持股未完整（21/22）；單日成交金額低於5,000萬元；中期趨勢仍向下；20日趨勢尚未上彎；當下除權息調整價未守20日EMA"
372,2015,豐興,TWSE,鋼鐵工業,不建立部位,暫停加碼／跌破減碼,已有部位暫停加碼；若收盤跌破60日EMA約 63.17，且下一交易日仍未收復，先減碼三分之一；若ETF或外資繼續轉弱，再分批降低部位。,51.4,100,65.4,65.4,-9.73,-11.51,9.45,15.81,342.19,2.36,15.23,1.72,5.06,4,73,75,75,80,189,73,39.834,1214.8249999999998,1630.3599999999997,3145.4519999999993,73,75,80,160,2,0,4905000,27,15,12.82,25,1385,2622,,-7.166,1112.8249999999998,1535.3599999999997,2945.4519999999993,60.89,65.31,70.95,54.03,false,true,2.2,1.4,"主動ETF當日持股未完整（21/22）；單日成交金額低於5,000萬元；累計營收負成長且當月改善不足"
373,6743,安普新,TWSE,其他電子業,不建立部位,停止加碼／開始減碼,已有部位先停止加碼。反彈若仍未站回 30.17，分批降低部位；只有站回且ETF／外資賣壓收斂後才重新評估。,51.4,88,30.3,30.3,29.71,0.77,,,,,36.4,1.64,10.05,1,0,0,-3,-8,-11,0,-182,-355.151,-348.67900000000003,146.635,0,-3.758,-8.015,-11.75,0,1,-113867,-9,-43,3.57,-126,-43,-38,,-161,-342.39300000000003,-297.66400000000004,158.38499999999993,51.62,49.77,45.45,58.41,true,true,0.44,-1.94,"主動ETF當日持股未完整（21/22）；單日成交金額低於5,000萬元；ETF短中期同步減碼；外資持股5/10日下降，且外資5日賣超；20日趨勢尚未上彎；2日內除權息，等待價格重置"
374,8442,威宏-KY,TWSE,其他,不建立部位,暫停加碼／跌破減碼,已有部位暫停加碼；若收盤跌破60日EMA約 45.01，且下一交易日仍未收復，先減碼三分之一；若ETF或外資繼續轉弱，再分批降低部位。,51.4,88,44.3,44.23,32.95,9.28,,,,,24.66,0.85,6.8,1,0,0,-1,-5,-6,0,-5,36.995,142.1,47.083999999999975,0,-1.205,-5.1,-6.316,0,1,-53381,12,26,56.33,17,127,173,,-9,26.2,121.2,17.400000000000006,50.94,35.6,40.75,25.31,false,false,-0.1,-3.49,"主動ETF當日持股未完整（21/22）；單日成交金額低於5,000萬元；ETF短中期同步減碼；當下除權息調整價未守20日EMA"
375,2420,新巨,TWSE,電子零組件業,不建立部位,暫停加碼／跌破減碼,已有部位暫停加碼；若收盤跌破60日EMA約 58.23，且下一交易日仍未收復，先減碼三分之一；若ETF或外資繼續轉弱，再分批降低部位。,51.3,88,54.4,54.4,10.73,1.47,,,,,13.65,1.98,5.58,1,0,8,14,14,14,0,288.148,175.80800000000005,200.70700000000005,-661.2599999999999,0,14,14,14,2,0,761600,-20.606999999999996,-25.797999999999995,7.26,37,-1,-532,,330,182.41499999999996,212.50499999999994,-766.3130000000001,33.83,28.1,26.16,31.99,true,false,-4.51,-4.39,"主動ETF當日持股未完整（21/22）；單日成交金額低於5,000萬元；中期趨勢仍向下；ETF加碼，但外資持股5/10日同步下降；20日趨勢尚未上彎；當下除權息調整價未守20日EMA"
376,2010,春源,TWSE,鋼鐵工業,不建立部位,暫停加碼／跌破減碼,已有部位暫停加碼；若收盤跌破60日EMA約 22.44，且下一交易日仍未收復，先減碼三分之一；若ETF或外資繼續轉弱，再分批降低部位。,51,68,21.1,21.1,-0.43,7.1,,,,,9.08,1.13,9.46,1,0,2,2,7,207,0,-263.642,435.116,1009.6100000000001,1251.901,0,2,7,207,1,0,42200,-7.13000000000001,-18.131000000000007,7.87,202,1138,1904,,-197.546,440.246,1020.741,935.2769999999998,38.22,51.5,48.98,56.55,true,true,-1.46,-0.24,"主動ETF當日持股未完整（21/22）；單日成交金額低於5,000萬元；中期趨勢仍向下；20日趨勢尚未上彎；當下除權息調整價未守20日EMA"
377,1307,三芳,TWSE,塑膠工業,不建立部位,停止加碼／開始減碼,已有部位先停止加碼。反彈若仍未站回 32.80，分批降低部位；只有站回且ETF／外資賣壓收斂後才重新評估。,50.9,88,31.35,31.35,11.11,4.77,,,,,11.59,1.29,6.93,1,-10,-10,-10,-30,-44,0,-108.617,-47.91600000000004,60.52999999999997,-1172.402,-10,-10,-27.029,146.76000000000002,0,1,-313500,11.053999999999995,1.4039999999999944,7.29,286,0,1955,,-118,-48.97,86.15499999999997,-109.82600000000002,41.64,39.47,35.8,46.81,true,false,-2.39,-0.32,"主動ETF當日持股未完整（21/22）；單日成交金額低於5,000萬元；中期趨勢仍向下；ETF短中期同步減碼；ETF 1/3日已轉為減碼；20日趨勢尚未上彎；當下除權息調整價未守20日EMA"
378,4551,智伸科,TWSE,汽車工業,不建立部位,暫停加碼／跌破減碼,已有部位暫停加碼；若收盤跌破60日EMA約 182.42，且下一交易日仍未收復，先減碼三分之一；若ETF或外資繼續轉弱，再分批降低部位。,50.8,88,160,160,30.66,18.75,,,,,24.44,2.1,2.58,2,3,5,5,126,599,0,-241.499,780.3120000000001,832.953,2429.228,3,5,126,-118,2,0,800000,-76.15799999999999,-98.91299999999998,59.8,765,1545,2215,,-240,851.47,805.866,2752.2940000000003,36.97,22.1,18.77,28.77,true,true,-13.3,-12.09,"主動ETF當日持股未完整（21/22）；單日成交金額低於5,000萬元；中期趨勢仍向下；20日趨勢尚未上彎；當下除權息調整價未守20日EMA"
379,1444,力麗,TWSE,紡織纖維,不建立部位,暫停加碼／跌破減碼,已有部位暫停加碼；若收盤跌破60日EMA約 7.45，且下一交易日仍未收復，先減碼三分之一；若ETF或外資繼續轉弱，再分批降低部位。,50.7,68,7.15,7.15,25.55,24.23,,,,,,0.72,,1,-12,63,63,1447,2301,0,96.878,964.981,431.09499999999997,505.85399999999987,-12,63,1447,2301,2,1,450450,-1,-104,5.34,80,692,-4540,,162.878,902.981,-911.9050000000001,-1871.211000000001,38.81,9.92,10.99,7.78,false,false,-7.51,-7.5,"主動ETF當日持股未完整（21/22）；單日成交金額低於5,000萬元；中期趨勢仍向下；20日趨勢尚未上彎；當下除權息調整價未守20日EMA"
380,2547,日勝生,TWSE,建材營造,不建立部位,停止加碼／開始減碼,已有部位先停止加碼。反彈若仍未站回 10.65，分批降低部位；只有站回且ETF／外資賣壓收斂後才重新評估。,50.5,88,10.3,10.3,141.99,43.61,,,,,75,0.76,7.62,1,0,0,-26,-56,-82,0,-813.969,5852.767,7725.6089999999995,5464.083999999999,0,-25.932,419.616,388.83799999999997,0,1,-267100,-56.33,-95.381,13.81,1747,7892,2691,,-689,5935.029,7401.374000000001,5001.332,41.12,50.04,39.59,70.93,false,false,-2.13,1.48,"主動ETF當日持股未完整（21/22）；單日成交金額低於5,000萬元；中期趨勢仍向下；ETF短中期同步減碼；20日趨勢尚未上彎；當下除權息調整價未守20日EMA"
381,6585,鼎基,TWSE,其他,不建立部位,暫停加碼／跌破減碼,已有部位暫停加碼；若收盤跌破60日EMA約 116.40，且下一交易日仍未收復，先減碼三分之一；若ETF或外資繼續轉弱，再分批降低部位。,50.4,68,112,112,91.44,13.81,,,,,23.16,2.21,3.96,1,0,2,2,37,58,0,-28.936,132.97500000000002,109.40100000000004,220.22600000000008,0,2,37,58,2,0,224000,-6.662000000000001,-9.778000000000002,3.93,19,380,314,,-25.703,137.637,82.179,211.48400000000007,39.8,28.06,30.08,24.01,false,false,-6.51,-7.44,"主動ETF當日持股未完整（21/22）；單日成交金額低於5,000萬元；中期趨勢仍向下；20日趨勢尚未上彎；當下除權息調整價未守20日EMA"
382,2423,固緯,TWSE,其他電子業,不建立部位,暫停加碼／跌破減碼,已有部位暫停加碼；若收盤跌破60日EMA約 72.26，且下一交易日仍未收復，先減碼三分之一；若ETF或外資繼續轉弱，再分批降低部位。,50.3,68,72.2,72.2,26.66,23.96,,,,,20.34,3.74,3.45,1,0,1,1,1,46,0,20.888,174.372,238.02,240.02800000000008,0,1,1,46,1,0,72200,-12.113,-23.174,5.15,115,190,262,,39.001,185.485,260.194,211.20200000000006,46.31,39.77,27.59,64.13,true,false,-2.17,-1.9,"主動ETF當日持股未完整（21/22）；單日成交金額低於5,000萬元；中期趨勢仍向下；20日趨勢尚未上彎；當下除權息調整價未守20日EMA"
383,2477,美隆電,TWSE,其他電子業,不建立部位,優先出脫,已有部位應優先降低曝險；目前觸發「單月與累計營收同步明顯衰退」。待事件解除或基本面重新確認後再評估。,50.2,88,22,22,-15.09,-7.77,,,,,13.33,0.84,6.48,1,0,0,-4,38,35,0,13,155.328,259.85400000000004,194.60000000000008,0,-3.472,38.054,34.945,0,1,-76384,-4,-3,23.84,80,216,631,,17,162.8,224.8,153.65500000000003,58.04,77.61,68.19,96.45,false,false,2.44,1.85,"主動ETF當日持股未完整（21/22）；單日成交金額低於5,000萬元；營收動能同步衰退；累計營收負成長且當月改善不足；20日累積後5日轉為調節；20日趨勢尚未上彎"
384,9942,茂順,TWSE,其他,不建立部位,暫停加碼／跌破減碼,已有部位暫停加碼；若收盤跌破60日EMA約 119.05，且下一交易日仍未收復，先減碼三分之一；若ETF或外資繼續轉弱，再分批降低部位。,50.1,88,115,115,26.64,15.31,,,,,14.01,2.11,6.09,1,0,0,0,0,2,0,-32,84.29,27.792000000000005,457.1310000000001,0,0,0,2,0,0,0,-52,-29,4.73,-21,84,332,,-27,136.29000000000002,56.79200000000003,310.13100000000003,37.76,27.2,32.85,15.9,false,false,-3.77,-6.5,"主動ETF當日持股未完整（21/22）；單日成交金額低於5,000萬元；中期趨勢仍向下；20日趨勢尚未上彎；當下除權息調整價未守20日EMA"
385,6115,鎰勝,TWSE,電子零組件業,不建立部位,暫停加碼／跌破減碼,已有部位暫停加碼；若收盤跌破60日EMA約 46.93，且下一交易日仍未收復，先減碼三分之一；若ETF或外資繼續轉弱，再分批降低部位。,50,88,45.25,45.25,15.96,11.79,,,,,16.13,1.54,6.11,1,0,0,0,0,0,0,-77,-26.700000000000003,44.3,-889.7,0,0,0,0,0,0,0,0,-9,5.37,-11,103,-95,,-58,-26.7,53.3,-895.7,39.38,44.04,47.01,38.09,true,true,-1.82,-1.63,"主動ETF當日持股未完整（21/22）；單日成交金額低於5,000萬元；中期趨勢仍向下；20日趨勢尚未上彎；當下除權息調整價未守20日EMA"
386,8213,志超,TWSE,電子零組件業,不建立部位,停止加碼／開始減碼,已有部位先停止加碼。反彈若仍未站回 34.28，分批降低部位；只有站回且ETF／外資賣壓收斂後才重新評估。,50,88,29.7,29.7,26.05,10.64,,,,,15.49,0.49,3.81,1,0,0,0,0,0,0,-44.032,-1360.6219999999998,-1475.6519999999998,-4128.575,0,0,0,0,0,0,0,-41.001,-41.048,21.01,191,-1072,-3272,,24,-1319.621,-1434.604,-4101.527,34.12,25.14,19.74,35.95,true,false,-6.61,-3.88,"主動ETF當日持股未完整（21/22）；單日成交金額低於5,000萬元；中期趨勢仍向下；外資持股5/10日下降，且外資5日賣超；20日趨勢尚未上彎；當下除權息調整價未守20日EMA"
387,7722,LINEPAY,TWSE,數位雲端,不建立部位,暫停加碼／跌破減碼,已有部位暫停加碼；若收盤跌破60日EMA約 292.99，且下一交易日仍未收復，先減碼三分之一；若ETF或外資繼續轉弱，再分批降低部位。,50,68,272,272,14.16,14.91,,,,,38.3,1.69,0.74,1,0,1,1,33,51,0,-6.408,69.676,32.177,238.054,0,1,31,159,1,0,272000,-0.399,-3.686,58.88,-44,59,76,,-4.785,69.075,4.862999999999999,77.83300000000001,40.81,21.11,27.46,8.41,false,false,-4.87,-7.33,"主動ETF當日持股未完整（21/22）；單日成交金額低於5,000萬元；中期趨勢仍向下；20日趨勢尚未上彎；當下除權息調整價未守20日EMA"
388,2031,新光鋼,TWSE,鋼鐵工業,不建立部位,暫停加碼／跌破減碼,已有部位暫停加碼；若收盤跌破60日EMA約 39.40，且下一交易日仍未收復，先減碼三分之一；若ETF或外資繼續轉弱，再分批降低部位。,49.9,88,38.3,38.3,7.82,-2.42,,,,,8.29,1.15,6.6,2,-7,-7,-7,-22,297,0,54.127,-1065.431,213.662,2775.6220000000003,-7,-7,78.39,395.315,0,1,-268100,-120.499,-44.10999999999999,8.21,-847,-547,2522,,72,-937.932,179.38199999999995,2395.287,43,23.61,37.63,-4.42,false,false,-2.42,-6.47,"主動ETF當日持股未完整（21/22）；單日成交金額低於5,000萬元；累計營收負成長且當月改善不足；ETF短中期同步減碼；20日累積後5日轉為調節；ETF 1/3日已轉為減碼；當下除權息調整價未守20日EMA"
389,4763,材料*-KY,TWSE,化學工業,不建立部位,優先出脫,已有部位應優先降低曝險；目前觸發「ETF 5/10日同步減碼」。待事件解除或基本面重新確認後再評估。,49.6,84.1,49.85,49.85,-10.11,-30.69,,,,,9.33,2.21,6.32,7,-6,-66,-66,-67,1253,0,4197.443,4728.842000000001,8208.305,5521.994999999999,-1.888,-47.169999999999995,-34.102999999999994,1570.1660000000002,3,2,-2351424,60.66500000000008,453.79900000000004,46.66,-1457,1755,8351,,3939.459,4715.347000000001,7788.609,4219.097000000002,57.1,40.4,40.83,39.54,false,false,3.4,0.3,主動ETF當日持股未完整（21/22）；營收動能同步衰退；累計營收負成長且當月改善不足；ETF短中期同步減碼；20日累積後5日轉為調節；ETF 1/3日已轉為減碼；外資持股趨勢資料不足或期間有非市場異動；20日趨勢尚未上彎
390,2415,錩新,TWSE,電子零組件業,不建立部位,暫停加碼／跌破減碼,已有部位暫停加碼；若收盤跌破60日EMA約 31.81，且下一交易日仍未收復，先減碼三分之一；若ETF或外資繼續轉弱，再分批降低部位。,49.6,68,30.65,30.65,9.2,10.25,,,,,15.96,1.56,5.19,1,-2,6,6,149,237,0,-5,81.515,-40.994,590.2620000000001,-2,6,149,237,2,1,183900,-2.664999999999999,-16.384,21.17,-53,119,-213,,10,78.17999999999999,-173.60999999999999,348.33500000000004,40.58,21.23,20.73,22.24,true,false,-6.36,-4.81,"主動ETF當日持股未完整（21/22）；單日成交金額低於5,000萬元；中期趨勢仍向下；20日趨勢尚未上彎；當下除權息調整價未守20日EMA"
391,2543,皇昌,TWSE,建材營造,不建立部位,暫停加碼／跌破減碼,已有部位暫停加碼；若收盤跌破60日EMA約 42.49，且下一交易日仍未收復，先減碼三分之一；若ETF或外資繼續轉弱，再分批降低部位。,49.5,88,37.45,37.45,105.33,54.81,,,,,14.92,1.95,4.14,1,0,0,0,0,0,0,270.476,1094.286,1784.2120000000002,3086.672,2,9,14,9,4,0,337050,14.260999999999996,-17.571000000000005,1.58,439,566,1197,,286.248,1071.025,1787.7830000000001,3073.183,42.18,26.98,26.59,27.77,true,false,-2.88,-3.97,"主動ETF當日持股未完整（21/22）；單日成交金額低於5,000萬元；中期趨勢仍向下；20日趨勢尚未上彎；當下除權息調整價未守20日EMA；2日內除權息，等待價格重置"
392,2528,皇普,TWSE,建材營造,不建立部位,暫停加碼／跌破減碼,已有部位暫停加碼；若收盤跌破60日EMA約 19.51，且下一交易日仍未收復，先減碼三分之一；若ETF或外資繼續轉弱，再分批降低部位。,49.2,88,19.5,19.5,-5.37,-68.41,,,,,8.12,1.18,15.46,1,0,0,-9,181,172,0,1,71.643,441.38199999999995,1442.4130000000002,0,-8.957,4.145999999999999,-105.581,0,1,-174662,-8,-126,1.34,106,-40,933,,13,88.6,563.236,1660.994,54.04,56.37,56.86,55.4,false,false,1.07,1.93,"主動ETF當日持股未完整（21/22）；單日成交金額低於5,000萬元；累計營收負成長且當月改善不足；中期趨勢仍向下；20日累積後5日轉為調節；20日趨勢尚未上彎"
393,6531,愛普*,TWSE,半導體業,不建立部位,優先出脫,已有部位應優先降低曝險；目前觸發「價格跌破60日EMA且20日趨勢向下」。待事件解除或基本面重新確認後再評估。,48.3,87.9,733,733,59.48,94.68,,,,,67.78,9.19,1.05,20,303,298,317,485,754,292,-98.431,880.059,1547.433,2777.868,303.145,-292.299,-115.14399999999998,-489.9999999999999,2,3,-214255167,-54.27799999999998,-52.88199999999997,30.89,-1023,2230,3765,,-431.762,1226.636,1715.459,3569.253,42.13,27.62,24.49,33.88,true,false,-8.98,-5.17,主動ETF當日持股未完整（21/22）；處置或交易限制風險；中期趨勢仍向下；投信5/10日持續且具金額意義的賣超；20日趨勢尚未上彎；當下除權息調整價未守20日EMA
394,3060,銘異,TWSE,電腦及週邊設備業,不建立部位,停止加碼／開始減碼,已有部位先停止加碼。反彈若仍未站回 31.40，分批降低部位；只有站回且ETF／外資賣壓收斂後才重新評估。,48.3,68,27.75,27.75,48.98,17.56,,,,,,1.36,0.74,1,-1,11,11,252,400,0,60.664,-1801.386,-2560.6829999999995,-5993.406,-1,11,252,400,2,1,305250,2.0390000000000015,-13.015999999999998,12.03,220,-1743,-6267,,76,-1814.425,-2799.6669999999995,-6433.699,39.78,30.13,20.79,48.82,true,false,-7.39,-2.97,"主動ETF當日持股未完整（21/22）；單日成交金額低於5,000萬元；中期趨勢仍向下；外資持股5/10日下降，且外資5日賣超；20日趨勢尚未上彎；當下除權息調整價未守20日EMA"
395,3550,聯穎,TWSE,電子零組件業,不建立部位,暫停加碼／跌破減碼,已有部位暫停加碼；若收盤跌破60日EMA約 24.52，且下一交易日仍未收復，先減碼三分之一；若ETF或外資繼續轉弱，再分批降低部位。,48.1,68,20.9,20.9,38.08,27.35,,,,,,1.27,,1,-1,7,7,162,258,0,-31.867,-197.42000000000002,-1073.347,355.03499999999985,-1,7,162,258,2,1,146300,9.559999999999999,-1.8119999999999994,8.17,-132,-179,595,,-2,-213.97999999999996,-1233.5349999999999,81.86600000000027,38.63,26.59,16.84,46.09,true,false,-9.88,-2.34,"主動ETF當日持股未完整（21/22）；單日成交金額低於5,000萬元；中期趨勢仍向下；20日趨勢尚未上彎；當下除權息調整價未守20日EMA"
396,8341,日友,TWSE,綠能環保,不建立部位,暫停加碼／跌破減碼,已有部位暫停加碼；若收盤跌破60日EMA約 76.80，且下一交易日仍未收復，先減碼三分之一；若ETF或外資繼續轉弱，再分批降低部位。,47.9,68,76,76,6.99,17.68,,,,,16.26,1.95,5.24,1,0,0,0,1,41,0,-28.175,184.825,350.675,1000.3340000000001,0,0,1,41,0,0,0,5.391000000000001,1.2530000000000006,5.53,16,330,964,,-22,179.43400000000003,348.4220000000001,939.1750000000001,46.2,34.5,42.7,18.1,false,false,-0.64,-1.81,"主動ETF當日持股未完整（21/22）；單日成交金額低於5,000萬元；中期趨勢仍向下；20日趨勢尚未上彎；當下除權息調整價未守20日EMA"
397,6281,全國電,TWSE,電子通路業,不建立部位,暫停加碼／跌破減碼,已有部位暫停加碼；若收盤跌破60日EMA約 52.00，且下一交易日仍未收復，先減碼三分之一；若ETF或外資繼續轉弱，再分批降低部位。,47.7,88,51.9,51.9,-0.86,-1.6,,,,,13.89,1.92,6.37,1,0,0,0,0,0,0,7,69.3,142.34400000000002,226.80500000000006,0,0,0,0,0,0,0,4,3,2.71,10,117,143,,9,65.3,139.34400000000002,219.80500000000006,53.53,43.01,46.24,36.56,false,true,0.39,-0.57,"主動ETF當日持股未完整（21/22）；單日成交金額低於5,000萬元；累計營收負成長且當月改善不足"
398,2206,三陽工業,TWSE,汽車工業,不建立部位,優先出脫,已有部位應優先降低曝險；目前觸發「ETF 5/10日同步減碼」。待事件解除或基本面重新確認後再評估。,47,88,64,64,-13.38,-5.33,,,,,11.43,1.83,4.72,3,-325,-325,-325,-286,1513,-325,-457.704,2986.087,4347.605,5979.817,-320,-301,-255,1531,4,1,-19264000,8,77,7.96,553,4777,3427,,-84.704,3279.087,4525.605,4365.816999999999,54.94,68.15,63.48,77.49,false,false,1.28,1.43,主動ETF當日持股未完整（21/22）；營收動能同步衰退；累計營收負成長且當月改善不足；ETF短中期同步減碼；20日累積後5日轉為調節；ETF 1/3日已轉為減碼；主動ETF 5日轉為減碼
399,3679,新至陞,TWSE,電子零組件業,不建立部位,暫停加碼／跌破減碼,已有部位暫停加碼；若收盤跌破60日EMA約 113.15，且下一交易日仍未收復，先減碼三分之一；若ETF或外資繼續轉弱，再分批降低部位。,46.7,88,109,109,1.35,-10.64,,,,,12.96,1.47,8.18,1,0,0,-1,-5,-6,0,-37,126.137,163.649,211.031,0,-0.963,-4.564,-5.54,0,1,-104967,-2,-5,8.63,56,179,298,,-24,129.1,173.213,214.571,45.14,32.66,45.26,7.47,false,true,-1.24,-0.46,"主動ETF當日持股未完整（21/22）；單日成交金額低於5,000萬元；累計營收負成長且當月改善不足；ETF短中期同步減碼；當下除權息調整價未守20日EMA"
400,2331,精英,TWSE,電腦及週邊設備業,不建立部位,暫停加碼／跌破減碼,已有部位暫停加碼；若收盤跌破60日EMA約 20.65，且下一交易日仍未收復，先減碼三分之一；若ETF或外資繼續轉弱，再分批降低部位。,46.4,88,18.7,18.7,25.84,20.41,,,,,36.8,0.94,,1,0,0,0,0,-737,0,235.986,284.38,336.5920000000001,-562.0099999999998,0,0,0,-737,0,0,0,-67.271,-72.44,5.75,508,94,1181,,287,351.65100000000007,409.032,317.98299999999995,41.24,31.23,25.44,42.81,true,false,-3.79,-2.6,"主動ETF當日持股未完整（21/22）；單日成交金額低於5,000萬元；中期趨勢仍向下；20日趨勢尚未上彎；當下除權息調整價未守20日EMA"
401,8046,南電,TWSE,電子零組件業,不建立部位,優先出脫,已有部位應優先降低曝險；目前觸發「價格跌破60日EMA且20日趨勢向下」。待事件解除或基本面重新確認後再評估。,46.3,88,953,953,50.03,37.2,,,,,194.92,12.73,0.22,32,10,234,365,611,3935,123,211.163,-61.07100000000014,-2211.714,-2840.206,38,-1867.02,814.884,14757.895,3,2,-1779270060,834.356,551.0160000000001,13.23,-362,2285,-14259,,-168.039,971.5930000000001,-3577.614,-17576.967999999997,44.05,20.53,19.22,23.16,true,false,-10.01,-11.35,主動ETF當日持股未完整（21/22）；處置或交易限制風險；中期趨勢仍向下；20日趨勢尚未上彎；當下除權息調整價未守20日EMA
402,2373,震旦行,TWSE,其他電子業,不建立部位,暫停加碼／跌破減碼,已有部位暫停加碼；若收盤跌破60日EMA約 55.60，且下一交易日仍未收復，先減碼三分之一；若ETF或外資繼續轉弱，再分批降低部位。,46.2,88,53.4,53.4,4.91,-2.47,,,,,13.85,1.72,6.85,1,0,0,0,0,0,0,-12,86.1,42.04299999999999,149.043,0,0,0,0,0,0,0,3,-2,1.42,0,108,172,,-6,83.1,44.04299999999999,140.043,35.82,28.78,27.8,30.74,true,true,-1.76,-0.74,"主動ETF當日持股未完整（21/22）；單日成交金額低於5,000萬元；累計營收負成長且當月改善不足；中期趨勢仍向下；20日趨勢尚未上彎；當下除權息調整價未守20日EMA"
403,3003,健和興,TWSE,電子零組件業,不建立部位,暫停加碼／跌破減碼,已有部位暫停加碼；若收盤跌破60日EMA約 60.72，且下一交易日仍未收復，先減碼三分之一；若ETF或外資繼續轉弱，再分批降低部位。,46.1,88,57.1,57.1,36.15,31.5,,,,,54.65,1.34,1.81,1,0,0,0,0,0,0,141.28,169.84,144.616,-550.8489999999999,0,0,0,0,0,0,0,-15.057999999999996,-10.532999999999994,4.08,183,-118,-1280,,169.07,184.89799999999997,155.14899999999997,-592.616,41.11,26.28,20.05,38.73,true,false,-4.54,-4.83,"主動ETF當日持股未完整（21/22）；單日成交金額低於5,000萬元；中期趨勢仍向下；20日趨勢尚未上彎；當下除權息調整價未守20日EMA"
404,8028,昇陽半導體,TWSE,半導體業,不建立部位,優先出脫,已有部位應優先降低曝險；目前觸發「價格跌破60日EMA且20日趨勢向下」。待事件解除或基本面重新確認後再評估。,46,88,260.5,260.5,33.62,28.4,,,,,54.2,8.09,1.1,5,42,42,42,42,215,42,-108.175,-657.799,-1642.009,5164.670999999999,85,-896,-237,-580.1,1,4,-233408000,-77.335,29.909999999999997,27.74,-233,1218,4225,,-181.773,315.53599999999994,-1434.9189999999999,6121.308999999999,41.99,21.06,19.63,23.9,true,false,-9.24,-16.24,主動ETF當日持股未完整（21/22）；處置或交易限制風險；中期趨勢仍向下；投信5/10日持續且具金額意義的賣超；20日趨勢尚未上彎；當下除權息調整價未守20日EMA
405,3622,洋華,TWSE,光電業,不建立部位,優先出脫,已有部位應優先降低曝險；目前觸發「價格跌破60日EMA且20日趨勢向下」。待事件解除或基本面重新確認後再評估。,45.4,88,53.9,53.9,-19.47,-3.09,,,,,9.08,1.1,6.04,1,-4,-4,-4,-8,-8,0,-0.969,-178.95399999999998,-150.325,-511.7619999999999,-3.965,-3.965,-7.914,-7.914,0,1,-213713,-2.4980000000000007,61.606,3.8,120,-91,581,,13.849,-172.49099999999999,-204.017,-561.7649999999999,48.31,55.5,40.13,86.23,true,true,0.06,-0.74,"主動ETF當日持股未完整（21/22）；單日成交金額低於5,000萬元；營收動能同步衰退；累計營收負成長且當月改善不足；中期趨勢仍向下；ETF短中期同步減碼；ETF 1/3日已轉為減碼；20日趨勢尚未上彎"
406,8476,台境*,TWSE,綠能環保,不建立部位,暫停加碼／跌破減碼,已有部位暫停加碼；若收盤跌破60日EMA約 20.87，且下一交易日仍未收復，先減碼三分之一；若ETF或外資繼續轉弱，再分批降低部位。,45.4,68,19.2,19.2,66.05,3.11,,,,,46.07,1.68,1.03,1,-2,9,9,208,330,0,-38,-101.1,-1574.0030000000002,-2525.446,-2,9,208,330,2,1,172800,-3,-20,1.37,-145,585,214,,-31,-107.1,-1762.0030000000002,-2863.446,34.52,12.31,23.39,-9.86,false,false,-11.37,-10.7,"主動ETF當日持股未完整（21/22）；單日成交金額低於5,000萬元；中期趨勢仍向下；20日趨勢尚未上彎；當下除權息調整價未守20日EMA"
407,6189,豐藝,TWSE,電子通路業,不建立部位,停止加碼／開始減碼,已有部位先停止加碼。反彈若仍未站回 49.70，分批降低部位；只有站回且ETF／外資賣壓收斂後才重新評估。,45.3,88,47.2,47.2,4.49,-2.48,,,,,18.12,1.94,5.67,3,-10,-10,-10,-28,-38,0,22.523,394.0490000000001,529.7700000000001,1091.1100000000001,-10.072,-10.072,-3.8859999999999992,-15.647999999999998,0,1,-475398,-3.498000000000001,-40.926,7.53,532,488,152,,66,407.619,574.5820000000001,1077.6980000000003,43.25,38.77,35.53,45.26,true,false,-2.58,-2.58,"主動ETF當日持股未完整（21/22）；單日成交金額低於5,000萬元；累計營收負成長且當月改善不足；中期趨勢仍向下；ETF短中期同步減碼；ETF 1/3日已轉為減碼；20日趨勢尚未上彎；當下除權息調整價未守20日EMA"
408,3167,大量,TWSE,電機機械,不建立部位,優先出脫,已有部位應優先降低曝險；目前觸發「價格跌破60日EMA且20日趨勢向下」。待事件解除或基本面重新確認後再評估。,44.9,88,534,534,139.66,127.28,,,,,47.37,12.02,0.8,6,-28,-28,-28,-244,-90,-28,0.717,42.007999999999996,-588.185,-100.11400000000026,-276,-2109,-2890,-1433,0,5,-1126206000,344.351,401.605,11.8,294,1617,2360,,226,1806.657,1900.21,1107.7359999999999,35.39,15.07,10.33,24.56,true,false,-18.2,-10.25,主動ETF當日持股未完整（21/22）；處置或交易限制風險；中期趨勢仍向下；ETF短中期同步減碼；ETF 1/3日已轉為減碼；主動ETF 5日轉為減碼；投信5/10日持續且具金額意義的賣超；20日趨勢尚未上彎；當下除權息調整價未守20日EMA
409,2504,國產,TWSE,建材營造,不建立部位,優先出脫,已有部位應優先降低曝險；目前觸發「價格跌破60日EMA且20日趨勢向下」。待事件解除或基本面重新確認後再評估。,44.7,88,31.5,31.5,-18.57,-8.83,,,,,9.48,1.31,8.33,8,-80,-77,447,446,-2266,0,349.388,1032.3249999999998,514.79,-3818.9580000000005,-73,482.355,510.62300000000005,-2225.672,3,2,15194183,34.035000000000004,-93.768,6.2,-914,1910,4622,,495.101,515.9350000000001,97.93499999999995,-1685.883,44.7,49.61,51.87,45.09,true,true,-0.99,-1.25,主動ETF當日持股未完整（21/22）；營收動能同步衰退；累計營收負成長且當月改善不足；中期趨勢仍向下；ETF 1/3日已轉為減碼；20日趨勢尚未上彎；當下除權息調整價未守20日EMA
410,6155,鈞寶,TWSE,電子零組件業,不建立部位,暫停加碼／跌破減碼,已有部位暫停加碼；若收盤跌破60日EMA約 65.25，且下一交易日仍未收復，先減碼三分之一；若ETF或外資繼續轉弱，再分批降低部位。,44.7,68,53.5,53.5,47.94,19.79,,,,,102.4,2.81,1.56,1,4,5,5,124,198,0,-422.736,-18.285999999999945,-243.79499999999996,1083.7710000000002,4,5,124,198,2,0,267500,24.136000000000003,-0.9389999999999983,10.23,290,391,1875,,-428.93,-47.42199999999997,-366.856,852.9459999999999,36.47,25.62,17.01,42.86,true,false,-11.72,-2.73,"主動ETF當日持股未完整（21/22）；單日成交金額低於5,000萬元；中期趨勢仍向下；20日趨勢尚未上彎；當下除權息調整價未守20日EMA"
411,2247,汎德永業,TWSE,汽車工業,不建立部位,停止加碼／開始減碼,已有部位先停止加碼。反彈若仍未站回 228.78，分批降低部位；只有站回且ETF／外資賣壓收斂後才重新評估。,44.6,88,228,228,-6.99,-26.05,,,,,14.48,1.5,6.3,2,0,0,-1,-3,21,0,-18.593,167.07600000000002,167.15900000000002,244.25600000000003,0,-0.997,-3.2199999999999998,20.781000000000002,0,1,-227316,-4,-23.070999999999998,3.93,18,261,223,,-17.593,172.07300000000004,193.45000000000005,243.54600000000005,50.3,61.05,52.5,78.13,false,false,0.2,1.11,"主動ETF當日持股未完整（21/22）；單日成交金額低於5,000萬元；累計營收負成長且當月改善不足；中期趨勢仍向下；ETF短中期同步減碼；20日累積後5日轉為調節；20日趨勢尚未上彎"
412,6592,和潤企業,TWSE,其他,不建立部位,暫停加碼／跌破減碼,已有部位暫停加碼；若收盤跌破60日EMA約 60.84，且下一交易日仍未收復，先減碼三分之一；若ETF或外資繼續轉弱，再分批降低部位。,44.6,88,60.9,60.9,-6.2,-4.3,,,,,12.48,1.19,5.37,2,-6,-6,-15,-15,-330,-6,-27.781,599.36,726.8600000000001,1056.0470000000003,-6,-15.429,-15.429,-329.739,0,2,-939626,-36.188,-50.44200000000001,22.99,295,849,7591,,12.758,650.9770000000001,792.7310000000001,1389.6360000000002,50.61,52.42,49.23,58.8,true,false,0.25,0.66,"主動ETF當日持股未完整（21/22）；單日成交金額低於5,000萬元；累計營收負成長且當月改善不足；ETF短中期同步減碼；ETF 1/3日已轉為減碼；主動ETF 5日轉為減碼"
413,4441,振大環球,TWSE,紡織纖維,不建立部位,暫停加碼／跌破減碼,已有部位暫停加碼；若收盤跌破60日EMA約 189.88，且下一交易日仍未收復，先減碼三分之一；若ETF或外資繼續轉弱，再分批降低部位。,44.5,88,175.5,175.5,-3.51,10.64,,,,,12.2,1.8,6.21,1,0,0,0,0,0,0,-11.147,-22.592,-10.150999999999996,41.31700000000001,0,0,0,0,0,0,0,-2.051,4.510999999999999,1.29,-3,-26,50,,-5.147,-20.541,-14.661999999999999,30.806000000000008,40.6,48.28,34.85,75.13,true,true,-1.85,0,"主動ETF當日持股未完整（21/22）；單日成交金額低於5,000萬元；中期趨勢仍向下；20日趨勢尚未上彎；當下除權息調整價未守20日EMA"
414,4585,達明,TWSE,其他電子業,不建立部位,停止加碼／開始減碼,已有部位先停止加碼。反彈若仍未站回 312.48，分批降低部位；只有站回且ETF／外資賣壓收斂後才重新評估。,44.4,88,289.5,289.5,41.88,11.7,,,,,214.02,4.3,0.35,2,0,0,0,0,0,0,17.474,-52.277,-23.204000000000004,-66.49199999999998,0,2,3,3,2,0,579000,-24.147000000000006,-28.699000000000005,0.37,-8,-9,-1,,22,-30.129999999999995,2.4950000000000028,32.69,43.46,27.71,21.45,40.22,true,false,-3.26,-4.3,"主動ETF當日持股未完整（21/22）；單日成交金額低於5,000萬元；中期趨勢仍向下；外資持股5/10日下降，且外資5日賣超；20日趨勢尚未上彎；當下除權息調整價未守20日EMA"
415,6176,瑞儀,TWSE,光電業,不建立部位,優先出脫,已有部位應優先降低曝險；目前觸發「價格跌破60日EMA且20日趨勢向下」。待事件解除或基本面重新確認後再評估。,44.2,100,86.2,86.2,-15.03,-5.98,10.12,48.32,178.45,2.81,10.17,1.04,4.25,7,-221,-219,-219,-208,-3075,-217,710.799,99.33799999999975,3819.7599999999998,3423.099,-220.479,-218.479,-207.948,-3154.948,1,1,-18832890,-36.170000000000016,179.94399999999996,35.32,-3572,-2439,-3633,,853.032,353.98700000000025,3847.764,6701.848,46.39,43.25,41.34,47.08,true,false,-0.63,-1.15,主動ETF當日持股未完整（21/22）；營收動能同步衰退；累計營收負成長且當月改善不足；中期趨勢仍向下；ETF短中期同步減碼；ETF 1/3日已轉為減碼；主動ETF 5日轉為減碼；20日趨勢尚未上彎；當下除權息調整價未守20日EMA
416,6962,奕力-KY,TWSE,半導體業,不建立部位,停止加碼／開始減碼,已有部位先停止加碼。反彈若仍未站回 35.05，分批降低部位；只有站回且ETF／外資賣壓收斂後才重新評估。,44.2,88,31.25,31.25,-0.33,-5.7,,,,,21.2,0.75,3.23,1,0,20,20,20,33,0,306.541,-781.897,-2367.4620000000004,-8677.394,0,20,20,33,1,0,625000,-11.293,-26.462,38.3,-287,-2133,-7274,,366.081,-790.604,-2361,-8609.499999999998,39.15,30.09,22.15,45.97,true,false,-5.28,-2.8,"主動ETF當日持股未完整（21/22）；單日成交金額低於5,000萬元；累計營收負成長且當月改善不足；中期趨勢仍向下；外資持股5/10日下降，且外資5日賣超；20日趨勢尚未上彎；當下除權息調整價未守20日EMA"
417,9930,中聯資源,TWSE,綠能環保,不建立部位,暫停加碼／跌破減碼,已有部位暫停加碼；若收盤跌破60日EMA約 66.05，且下一交易日仍未收復，先減碼三分之一；若ETF或外資繼續轉弱，再分批降低部位。,44.2,88,63.2,63.2,-7.26,-6.65,,,,,13.36,2.27,6.33,2,0,0,0,2,21,0,-55,265.396,253.09300000000002,653.3050000000001,0,0,2,21,0,0,0,-2,-27.303,2.13,13,437,780,,-40,267.396,278.396,632.6080000000001,39.79,46.01,51.42,35.19,false,true,-1.12,-1.25,"主動ETF當日持股未完整（21/22）；單日成交金額低於5,000萬元；累計營收負成長且當月改善不足；中期趨勢仍向下；20日趨勢尚未上彎；當下除權息調整價未守20日EMA"
418,2387,精元,TWSE,電腦及週邊設備業,不建立部位,優先出脫,已有部位應優先降低曝險；目前觸發「價格跌破60日EMA且20日趨勢向下」。待事件解除或基本面重新確認後再評估。,44.1,88,37.75,37.75,-17.57,-9.89,,,,,13.23,0.71,10.61,3,-6,-6,-14,121,114,0,86.522,-66.86999999999999,165.57,-604.4009999999998,-5.478,-13.483,121.53500000000001,114.70300000000002,0,2,-508983,4.213000000000001,-12.374000000000002,9.29,44,28,-692,,106,-57.599999999999994,56.40899999999999,-729.72,39.01,36.38,37.15,34.83,false,false,-2.1,-1.95,"主動ETF當日持股未完整（21/22）；單日成交金額低於5,000萬元；營收動能同步衰退；累計營收負成長且當月改善不足；中期趨勢仍向下；20日累積後5日轉為調節；ETF 1/3日已轉為減碼；20日趨勢尚未上彎；當下除權息調整價未守20日EMA"
419,2491,吉祥全,TWSE,光電業,不建立部位,暫停加碼／跌破減碼,已有部位暫停加碼；若收盤跌破60日EMA約 29.40，且下一交易日仍未收復，先減碼三分之一；若ETF或外資繼續轉弱，再分批降低部位。,44.1,68,24.05,24.05,7.63,-7.13,,,,,6.67,1.88,,1,0,4,4,95,151,0,-54,500.4,399.4499999999999,834.6889999999999,0,4,95,151,2,0,96200,7,-6,6.74,-57,507,719,,-6,489.4,310.44999999999993,673.6889999999999,31.54,11.53,9.09,16.42,true,false,-18.1,-14.72,"主動ETF當日持股未完整（21/22）；單日成交金額低於5,000萬元；累計營收負成長且當月改善不足；中期趨勢仍向下；20日趨勢尚未上彎；當下除權息調整價未守20日EMA"
420,6768,志強-KY,TWSE,運動休閒,不建立部位,停止加碼／開始減碼,已有部位先停止加碼。反彈若仍未站回 78.09，分批降低部位；只有站回且ETF／外資賣壓收斂後才重新評估。,43.9,88,69,69,5.2,-4.39,,,,,13.07,0.89,7.48,2,-2,-2,-2,-284,-748,0,65.457,416.173,467.31499999999994,688.0699999999999,-2,-2,-282.94,-654.576,0,1,-138000,-1.3520000000000003,-1.297000000000001,57.58,64,639,1155,,72,419.525,751.5519999999999,1361.4899999999998,34.42,25.56,29.67,17.34,false,true,-3.47,-4.17,"主動ETF當日持股未完整（21/22）；單日成交金額低於5,000萬元；累計營收負成長且當月改善不足；中期趨勢仍向下；ETF短中期同步減碼；ETF 1/3日已轉為減碼；20日趨勢尚未上彎；當下除權息調整價未守20日EMA"
421,4746,台耀,TWSE,生技醫療業,不建立部位,停止加碼／開始減碼,已有部位先停止加碼。反彈若仍未站回 52.62，分批降低部位；只有站回且ETF／外資賣壓收斂後才重新評估。,43.6,88,51.9,51.9,0.29,-8.86,,,,,17.98,0.78,5.92,1,0,0,0,0,0,0,256.895,-259.84900000000005,-866.7830000000001,-529.825,0,0,0,0,0,0,0,80.126,126.077,8.54,151,-438,-1395,,176.118,-339.975,-992.8600000000001,-663.4510000000004,49.33,38.21,26.06,62.51,true,true,0.2,0.58,"主動ETF當日持股未完整（21/22）；單日成交金額低於5,000萬元；累計營收負成長且當月改善不足；中期趨勢仍向下；外資持股5/10日下降，且外資5日賣超；20日趨勢尚未上彎"
422,1726,永記,TWSE,化學工業,不建立部位,暫停加碼／跌破減碼,已有部位暫停加碼；若收盤跌破60日EMA約 77.69，且下一交易日仍未收復，先減碼三分之一；若ETF或外資繼續轉弱，再分批降低部位。,43.2,68,77.2,77.2,-5.59,3.17,,,,,13.17,1.16,4.74,1,0,0,0,1,51,0,-3,57.809999999999995,-24.211,-17.083,0,0,1,51,0,0,0,-4,-8,12.7,8,103,-23,,3,61.809999999999995,-17.211,-64.083,45.88,49.99,43.08,63.8,false,false,-0.74,0.65,"主動ETF當日持股未完整（21/22）；單日成交金額低於5,000萬元；中期趨勢仍向下；20日趨勢尚未上彎；當下除權息調整價未守20日EMA"
423,2243,宏旭-KY,TWSE,汽車工業,不建立部位,暫停加碼／跌破減碼,已有部位暫停加碼；若收盤跌破60日EMA約 42.39，且下一交易日仍未收復，先減碼三分之一；若ETF或外資繼續轉弱，再分批降低部位。,43.1,88,43.2,43.2,-40.08,31.45,,,,,16.69,3.24,,1,-1,4,4,47,67,0,-103.35,69.81300000000002,-658.3280000000001,-2007.7510000000002,-1,4,47,67,2,1,172800,1.9830000000000005,-6.651999999999999,28.91,-128,45,-966,,-100.35,63.83000000000001,-698.676,-2065.5789999999997,41.69,14.78,19.13,6.06,false,false,-10.26,-10,"主動ETF當日持股未完整（21/22）；單日成交金額低於5,000萬元；20日趨勢尚未上彎；當下除權息調整價未守20日EMA"
424,6790,永豐實,TWSE,造紙工業,不建立部位,暫停加碼／跌破減碼,已有部位暫停加碼；若收盤跌破60日EMA約 39.47，且下一交易日仍未收復，先減碼三分之一；若ETF或外資繼續轉弱，再分批降低部位。,43.1,88,38.2,38.2,-4.83,-1.24,,,,,12.61,1.7,6.85,1,0,1,1,3,45,0,-135,250.99699999999999,214.993,464.0829999999999,0,1,7,125,1,0,38200,-76,-78,2,9,429,815,,-44,325.99699999999996,285.993,398.08299999999997,35.96,42.6,52.34,23.12,false,true,-2.23,-2.05,"主動ETF當日持股未完整（21/22）；單日成交金額低於5,000萬元；累計營收負成長且當月改善不足；中期趨勢仍向下；20日趨勢尚未上彎；當下除權息調整價未守20日EMA"
425,2474,可成,TWSE,其他電子業,不建立部位,優先出脫,已有部位應優先降低曝險；目前觸發「價格跌破60日EMA且20日趨勢向下」。待事件解除或基本面重新確認後再評估。,42.8,88,182.5,182.5,-55.07,-31.58,,,,,17.53,0.72,5.61,24,-388,368,690,4252,9226,-120,-90.273,-1373.8459999999998,-2731.154,-6003.045,-429.035,424.727,3762.697,8021.697,4,1,77512677,-196.165,-292.23600000000005,14.99,-561,-1137,-2500,,354.256,-1602.408,-6201.615,-13367.167999999998,38.08,28.68,29.45,27.14,false,false,-3.62,-3.18,主動ETF當日持股未完整（21/22）；營收動能同步衰退；累計營收負成長且當月改善不足；中期趨勢仍向下；主動ETF 5日轉為減碼；外資持股5/10日下降，且外資5日賣超；20日趨勢尚未上彎；當下除權息調整價未守20日EMA
426,3015,全漢,TWSE,電子零組件業,不建立部位,優先出脫,已有部位應優先降低曝險；目前觸發「價格跌破60日EMA且20日趨勢向下」。待事件解除或基本面重新確認後再評估。,42.7,88,54.1,54.1,-14.01,-6.48,,,,,26.06,0.84,4.16,5,-5,23,31,251,387,0,161.014,-364.9719999999999,-1661.4959999999999,167.7650000000001,-5.689,30.311,250.637,386.637,3,1,1639825,-7.886000000000001,-34.247,9.45,14,-95,-1772,,181.18,-387.397,-1877.886,-180.28099999999995,44.18,26.92,18.64,43.49,true,false,-3.84,-1.81,"主動ETF當日持股未完整（21/22）；單日成交金額低於5,000萬元；營收動能同步衰退；累計營收負成長且當月改善不足；中期趨勢仍向下；外資持股5/10日下降，且外資5日賣超；20日趨勢尚未上彎；當下除權息調整價未守20日EMA"
427,1810,和成,TWSE,玻璃陶瓷,不建立部位,優先出脫,已有部位應優先降低曝險；目前觸發「外資持股5/10日下降且外資5日賣超」。待事件解除或基本面重新確認後再評估。,42.4,88,23.85,23.85,-11.91,-8.26,,,,,6.46,0.92,0.82,1,-17,17,17,26,7,0,40.623,-18.242999999999938,4331.757000000001,-6625.495999999998,-17.062,16.937,25.734,6.849000000000004,1,1,403947,-5.47699999999999,1206.9250000000002,4.33,-1087,-125,-1253,,66.563,-29.70299999999969,3099.098000000001,-7954.038999999999,45.88,12.29,21.75,-6.63,false,false,-7.39,-10,主動ETF當日持股未完整（21/22）；營收動能同步衰退；累計營收負成長且當月改善不足；外資持股5/10日下降，且外資5日賣超；當下除權息調整價未守20日EMA
428,4571,鈞興-KY,TWSE,電機機械,不建立部位,停止加碼／開始減碼,已有部位先停止加碼。反彈若仍未站回 169.09，分批降低部位；只有站回且ETF／外資賣壓收斂後才重新評估。,42.3,88,151.5,151.5,5.51,-1.05,,,,,16.37,2.27,3.57,1,0,0,0,0,1,0,24.118,-228.083,-221.12699999999998,-635.525,0,0,0,1,0,0,0,-1.118999999999999,-1.7439999999999989,63.89,54,-147,-134,,29,-226.964,-219.38299999999998,-624.653,42.77,39.65,31.42,56.09,true,false,-2.51,-1.3,"主動ETF當日持股未完整（21/22）；單日成交金額低於5,000萬元；累計營收負成長且當月改善不足；中期趨勢仍向下；外資持股5/10日下降，且外資5日賣超；20日趨勢尚未上彎；當下除權息調整價未守20日EMA"
429,2530,華建,TWSE,建材營造,不建立部位,優先出脫,已有部位應優先降低曝險；目前觸發「單月與累計營收同步明顯衰退」。待事件解除或基本面重新確認後再評估。,41.9,88,19.65,19.65,-96.97,-94.26,,,,,10.15,1.67,9.3,2,0,0,-16,547,616,0,-158,601.761,638.0709999999999,2439.461,4,-8.998,561.049,1053.512,2,1,-176811,47.891,-60.109,3.35,-575,1285,1072,,-156,562.8679999999999,137.13099999999991,1337.058,48.35,52.4,63.1,31.01,false,true,-1.07,-2.48,"主動ETF當日持股未完整（21/22）；單日成交金額低於5,000萬元；營收動能同步衰退；累計營收負成長且當月改善不足；20日累積後5日轉為調節；當下除權息調整價未守20日EMA"
430,3703,欣陸,TWSE,建材營造,不建立部位,暫停加碼／跌破減碼,已有部位暫停加碼；若收盤跌破60日EMA約 20.96，且下一交易日仍未收復，先減碼三分之一；若ETF或外資繼續轉弱，再分批降低部位。,41.7,68,20.5,20.5,-5.55,-8.84,,,,,9.9,0.62,5.1,1,0,0,1,0,395,0,-442.881,1687.232,2580.137,4148.5869999999995,2,12,17,405,5,0,246000,18.066000000000006,-15.305999999999997,20.75,271,2565,4705,,-374.9,1657.1660000000002,2578.443,3699.663,43.7,48.34,54.48,36.07,false,false,-0.93,-1.44,"主動ETF當日持股未完整（21/22）；單日成交金額低於5,000萬元；累計營收負成長且當月改善不足；中期趨勢仍向下；20日趨勢尚未上彎；當下除權息調整價未守20日EMA"
431,4942,嘉彰,TWSE,光電業,不建立部位,優先出脫,已有部位應優先降低曝險；目前觸發「價格跌破60日EMA且20日趨勢向下」。待事件解除或基本面重新確認後再評估。,41.6,88,34.5,34.5,-10.88,-6.79,,,,,11.69,0.54,5.78,1,0,0,0,0,0,0,-18,-268.812,-382.726,-326.04200000000003,0,0,0,0,0,0,0,-1.5360000000000005,-5.449999999999999,6.44,-3,-334,-515,,-15,-267.276,-377.276,-329.13,27.5,25.23,22.87,29.96,true,false,-4.84,-6.76,"主動ETF當日持股未完整（21/22）；單日成交金額低於5,000萬元；營收動能同步衰退；累計營收負成長且當月改善不足；中期趨勢仍向下；外資持股5/10日下降，且外資5日賣超；20日趨勢尚未上彎；當下除權息調整價未守20日EMA"
432,8033,雷虎,TWSE,其他,不建立部位,優先出脫,已有部位應優先降低曝險；目前觸發「價格跌破60日EMA且20日趨勢向下」。待事件解除或基本面重新確認後再評估。,41.6,68,172.5,172.5,19.63,9.67,,,,,246.27,13.05,,1,-2,12,12,264,420,0,-130.309,560.6360000000001,-1541.1909999999998,-933.4069999999991,-2,12,264,420,2,1,2070000,67.432,22.096000000000018,13.95,28,763,-4609,,-138.309,481.204,-1827.2870000000003,-845.5149999999993,45.07,21.78,15.69,33.97,true,false,-7.63,-7.26,主動ETF當日持股未完整（21/22）；處置或交易限制風險；中期趨勢仍向下；20日趨勢尚未上彎；當下除權息調整價未守20日EMA；估值高且成長不足以支撐
433,6438,迅得,TWSE,其他電子業,不建立部位,暫停加碼／跌破減碼,已有部位暫停加碼；若收盤跌破60日EMA約 152.82，且下一交易日仍未收復，先減碼三分之一；若ETF或外資繼續轉弱，再分批降低部位。,41.4,88,138,138,-3.13,11.99,,,,,24.54,1.95,3.73,1,0,0,0,0,0,0,106.028,77.46300000000002,-85.01699999999998,-851.4180000000001,0,0,0,0,0,0,0,-30.206000000000003,-76.61399999999999,5.98,-11,-383,-747,,94,107.66899999999998,-8.40300000000002,-561.802,42.74,28.15,24.24,35.96,true,false,-3.98,-3.5,"主動ETF當日持股未完整（21/22）；單日成交金額低於5,000萬元；中期趨勢仍向下；20日趨勢尚未上彎；當下除權息調整價未守20日EMA"
434,1519,華城,TWSE,電機機械,不建立部位,優先出脫,已有部位應優先降低曝險；目前觸發「價格跌破60日EMA且20日趨勢向下」。待事件解除或基本面重新確認後再評估。,40.5,88,703,703,-25.78,-2.69,,,,,48.45,27.03,1.7,12,0,91,90,90,-171,89,-82.197,574.535,1429.86,788.2219999999999,2.557,97.336,99.565,-407.326,4,0,68427208,-7.27,-26.382,18.58,437,646,1736,,-57.465,484.46900000000005,1356.6770000000001,1376.386,46.2,59.88,52.95,73.75,true,false,-0.74,-3.3,主動ETF當日持股未完整（21/22）；營收動能同步衰退；累計營收負成長且當月改善不足；中期趨勢仍向下；20日趨勢尚未上彎；當下除權息調整價未守20日EMA；2日內除權息，等待價格重置
435,1612,宏泰,TWSE,電器電纜,不建立部位,優先出脫,已有部位應優先降低曝險；目前觸發「價格跌破60日EMA且20日趨勢向下」。待事件解除或基本面重新確認後再評估。,40.2,88,30.45,30.45,-11.28,-1.37,,,,,10.13,1.18,8.22,2,-2,-2,-2,-18,68,0,-118.564,-1158.9470000000001,-1886.5980000000002,-6295.780000000001,-2,-2,-12.267,253.42399999999998,0,1,-60900,-2.0680000000000014,-16.713000000000008,14.99,-40,-512,-3790,,-105.265,-1154.879,-1857.618,-6519.437999999999,31.67,35.59,28.75,49.25,true,false,-4.26,-2.25,"主動ETF當日持股未完整（21/22）；單日成交金額低於5,000萬元；營收動能同步衰退；累計營收負成長且當月改善不足；中期趨勢仍向下；ETF短中期同步減碼；20日累積後5日轉為調節；ETF 1/3日已轉為減碼；外資持股5/10日下降，且外資5日賣超；20日趨勢尚未上彎；當下除權息調整價未守20日EMA"
436,2540,愛山林,TWSE,建材營造,不建立部位,優先出脫,已有部位應優先降低曝險；目前觸發「單月與累計營收同步明顯衰退」。待事件解除或基本面重新確認後再評估。,40.2,88,60,60,-49.07,-44.16,,,,,101.67,3.51,9.84,1,0,0,0,0,0,0,-153.497,5892.807000000001,6547.563,8115.509999999999,0,0,0,0,0,0,0,2612,2569,2.11,1552,3896,5340,,-1137.497,3280.8070000000002,3978.563,5522.11,72.2,80.05,73.03,94.11,false,false,7.65,10.5,主動ETF當日持股未完整（21/22）；營收動能同步衰退；累計營收負成長且當月改善不足；估值高且成長不足以支撐
437,8215,明基材,TWSE,光電業,不建立部位,停止加碼／開始減碼,已有部位先停止加碼。反彈若仍未站回 26.55，分批降低部位；只有站回且ETF／外資賣壓收斂後才重新評估。,39.9,100,22.85,22.85,13.05,5.47,-3.62,69.5,105.86,-0.96,,1.52,1.32,1,0,12,16,4,-7,0,21.65,-358.66700000000003,-768.7130000000001,-2259.6730000000007,0,16,4,-7,3,0,365600,-17.667,-54.35,1.51,57,-60,-1218,,34.848,-357,-718.363,-2159.7290000000007,34.97,27.97,19.92,44.08,true,false,-8.27,-3.99,"主動ETF當日持股未完整（21/22）；單日成交金額低於5,000萬元；中期趨勢仍向下；外資持股5/10日下降，且外資5日賣超；20日趨勢尚未上彎；當下除權息調整價未守20日EMA"
438,2492,華新科,TWSE,電子零組件業,不建立部位,優先出脫,已有部位應優先降低曝險；目前觸發「價格跌破60日EMA且20日趨勢向下」。待事件解除或基本面重新確認後再評估。,39.6,88,239.5,239.5,25.84,14.67,,,,,41.76,1.98,1.15,8,0,10,29,-2500,-2024,0,-507.521,-946.7759999999998,-2564.6059999999998,-3918.935999999998,-1020,-1036,-6250,-8707.8,2,2,-248122000,-84.13000000000001,2568.6450000000004,24.65,178,461,4052,,133,173.35399999999998,1116.7489999999998,1436.4430000000002,33.49,19.71,12.28,34.58,true,false,-23.8,-11.95,主動ETF當日持股未完整（21/22）；處置或交易限制風險；中期趨勢仍向下；20日趨勢尚未上彎；當下除權息調整價未守20日EMA
439,4755,三福化,TWSE,化學工業,不建立部位,暫停加碼／跌破減碼,已有部位暫停加碼；若收盤跌破60日EMA約 131.93，且下一交易日仍未收復，先減碼三分之一；若ETF或外資繼續轉弱，再分批降低部位。,39.6,88,113.5,113.5,15.63,-1.64,,,,,29.92,1.95,3.43,1,0,0,0,0,0,0,-83.708,-282.05999999999995,-1122.07,-1336.9110000000003,0,0,0,0,0,0,0,-23.230999999999998,-24.92,23.28,-120,91,-430,,-77.818,-258.82900000000006,-1097.15,-1311.9910000000004,40.24,27.64,18.45,46.02,true,false,-5.88,-1.3,"主動ETF當日持股未完整（21/22）；單日成交金額低於5,000萬元；中期趨勢仍向下；20日趨勢尚未上彎；當下除權息調整價未守20日EMA"
440,8163,達方,TWSE,電腦及週邊設備業,不建立部位,停止加碼／開始減碼,已有部位先停止加碼。反彈若仍未站回 35.16，分批降低部位；只有站回且ETF／外資賣壓收斂後才重新評估。,38.8,88,30.8,30.8,1.08,9.33,,,,,60,0.83,1.63,1,0,0,0,0,0,0,144.007,-374.83399999999995,-1177.3229999999999,-3380.894,0,0,0,0,0,0,0,-87.67899999999999,-149.671,9.27,127,-546,-822,,204.404,-287.15500000000003,-1027.652,-3060.865,36.25,32.01,21.82,52.38,true,false,-7.4,-1.75,"主動ETF當日持股未完整（21/22）；單日成交金額低於5,000萬元；中期趨勢仍向下；外資持股5/10日下降，且外資5日賣超；20日趨勢尚未上彎；當下除權息調整價未守20日EMA"
441,3026,禾伸堂,TWSE,電子零組件業,不建立部位,優先出脫,已有部位應優先降低曝險；目前觸發「價格跌破60日EMA且20日趨勢向下」。待事件解除或基本面重新確認後再評估。,38.6,87.5,459.5,459.5,33.9,15.61,,,,,57.99,7.71,1.29,14,-336,-749,-747,-132,4447,-765,339.634,-1171.7780000000002,952.4849999999999,7390.103000000002,-1131,-3993,-4548,1638,2,3,-1834783500,15.280000000000006,-54.96899999999999,19.56,580,1513,8064,,1412.358,2805.942,5555.454000000001,6579.265000000001,33.26,8.62,6.99,11.89,true,false,-27.77,-21.45,主動ETF當日持股未完整（21/22）；處置或交易限制風險；中期趨勢仍向下；ETF短中期同步減碼；20日累積後5日轉為調節；ETF 1/3日已轉為減碼；主動ETF 5日轉為減碼；投信5/10日持續且具金額意義的賣超；20日趨勢尚未上彎；當下除權息調整價未守20日EMA
442,1515,力山,TWSE,電機機械,不建立部位,優先出脫,已有部位應優先降低曝險；目前觸發「價格跌破60日EMA且20日趨勢向下」。待事件解除或基本面重新確認後再評估。,38.4,68,29.5,29.5,6.37,0.7,,,,,29.39,1.35,2.08,1,-2,12,12,267,425,0,-115,1743.642,1073.382,1984.429,-2,12,267,425,2,1,354000,10.546,-534.672,5.36,-220,2859,2071,,-107,1721.096,1341.054,1524.87,40.53,9.33,11.06,5.86,false,false,-12.72,-9.09,"主動ETF當日持股未完整（21/22）；單日成交金額低於5,000萬元；處置或交易限制風險；中期趨勢仍向下；20日趨勢尚未上彎；當下除權息調整價未守20日EMA"
443,6230,尼得科超眾,TWSE,電腦及週邊設備業,不建立部位,暫停加碼／跌破減碼,已有部位暫停加碼；若收盤跌破60日EMA約 126.52，且下一交易日仍未收復，先減碼三分之一；若ETF或外資繼續轉弱，再分批降低部位。,38.2,88,109.5,109.5,-3.16,9.01,,,,,,1.63,,1,0,0,0,0,0,0,2,69.91799999999999,54.053999999999995,23.53499999999999,0,0,0,0,0,0,0,-3.982,-5.886000000000001,87.06,0,76,43,,10,73.9,59.940000000000005,24.364999999999995,37.25,33.87,34.17,33.29,false,false,-5.43,-4.37,"主動ETF當日持股未完整（21/22）；單日成交金額低於5,000萬元；中期趨勢仍向下；20日趨勢尚未上彎；當下除權息調整價未守20日EMA"
444,3532,台勝科,TWSE,半導體業,不建立部位,優先出脫,已有部位應優先降低曝險；目前觸發「價格跌破60日EMA且20日趨勢向下」。待事件解除或基本面重新確認後再評估。,38.1,88,265,265,23.71,15.76,,,,,343.67,4.34,0.37,7,1,3,10,303,458,0,-573.337,-730.5350000000001,-2504.2690000000002,3091.8899999999994,-760,-4438,-5151,3324.3,0,5,-1176070000,271.831,-617.885,44.33,199,4843,4695,,-54.604,3435.634,3264.616,1474.1239999999996,34.25,4.16,8.91,-5.33,false,false,-27.83,-30.17,主動ETF當日持股未完整（21/22）；處置或交易限制風險；中期趨勢仍向下；投信5/10日持續且具金額意義的賣超；20日趨勢尚未上彎；當下除權息調整價未守20日EMA；估值高且成長不足以支撐
445,5222,全訊,TWSE,半導體業,不建立部位,停止加碼／開始減碼,已有部位先停止加碼。反彈若仍未站回 120.72，分批降低部位；只有站回且ETF／外資賣壓收斂後才重新評估。,37.9,76,111,111,-4.97,-15.18,,,,,59.63,4.22,2.24,2,0,20,22,22,21,0,20.222,-224.02199999999996,-382.88199999999995,-443.5899999999999,0,22,22,21,2,0,2442000,-38.1,-49.979000000000006,3.51,-34,-251,-292,,43,-207.922,-354.903,-406.92500000000007,42.22,30.56,22.18,47.33,true,false,-3.68,-3.48,"主動ETF當日持股未完整（21/22）；單日成交金額低於5,000萬元；累計營收負成長且當月改善不足；中期趨勢仍向下；外資持股5/10日下降，且外資5日賣超；20日趨勢尚未上彎；當下除權息調整價未守20日EMA"
446,1582,信錦,TWSE,電子零組件業,不建立部位,暫停加碼／跌破減碼,已有部位暫停加碼；若收盤跌破60日EMA約 82.58，且下一交易日仍未收復，先減碼三分之一；若ETF或外資繼續轉弱，再分批降低部位。,37.4,88,68.2,68.2,-9.5,-6.27,,,,,24,1.27,4.55,1,0,0,0,-116,-202,0,-67.03,-206.387,-155.41199999999998,-328.65399999999994,0,0,-116,-202,0,0,0,-169.676,-341.08,4.63,52,-171,924,,-19.013,-36.71099999999999,301.668,548.1179999999999,36.17,32.27,20.22,56.38,true,false,-5.66,-1.73,"主動ETF當日持股未完整（21/22）；單日成交金額低於5,000萬元；累計營收負成長且當月改善不足；中期趨勢仍向下；20日趨勢尚未上彎；當下除權息調整價未守20日EMA"
447,9933,中鼎,TWSE,其他,不建立部位,優先出脫,已有部位應優先降低曝險；目前觸發「價格跌破60日EMA且20日趨勢向下」。待事件解除或基本面重新確認後再評估。,36.9,88,36,36,-16.64,-18.79,,,,,8.33,1.52,2.84,3,-3,11,11,-4,-478,0,1839.102,-941.0689999999998,1761.0080000000003,4210.255999999999,2,36.4,28.1,-459.586,4,1,1310400,241.559,63.66000000000001,18.49,-1437,-2945,271,,1884.927,-1219.0280000000002,1669.2479999999998,4395.5019999999995,30.93,19.08,27.14,2.96,false,false,-7.37,-9.66,主動ETF當日持股未完整（21/22）；營收動能同步衰退；累計營收負成長且當月改善不足；中期趨勢仍向下；20日趨勢尚未上彎；當下除權息調整價未守20日EMA
448,1314,中石化,TWSE,塑膠工業,不建立部位,優先出脫,已有部位應優先降低曝險；目前觸發「價格跌破60日EMA且20日趨勢向下」。待事件解除或基本面重新確認後再評估。,35,88,7.66,7.66,-29.27,-30.03,,,,,,0.38,,1,0,0,0,0,0,0,-3178.75,-17635.696,-35831.747,-124693.791,0,0,0,0,0,0,0,-479.67699999999996,-1146.068,9.84,2981,-7405,-17079,,-2974.204,-17156.019,-34685.679,-122360.03599999996,39.7,13.09,9.81,19.65,true,false,-6.14,-4.73,主動ETF當日持股未完整（21/22）；營收動能同步衰退；累計營收負成長且當月改善不足；中期趨勢仍向下；外資持股5/10日下降，且外資5日賣超；20日趨勢尚未上彎；當下除權息調整價未守20日EMA
449,5292,華懋,TWSE,綠能環保,不建立部位,暫停加碼／跌破減碼,已有部位暫停加碼；若收盤跌破60日EMA約 185.55，且下一交易日仍未收復，先減碼三分之一；若ETF或外資繼續轉弱，再分批降低部位。,34.4,85,161,161,-8.28,-7.9,,,,,15.43,3.64,4.17,1,0,0,0,-23,-40,0,-28.814,-26.569000000000003,-139.592,-1227.4120000000003,0,0,-23,-44,0,0,0,-4.379,-4.752,4.48,39,294,-172,,-28,-22.19,-111.84,-1128.3249999999998,37.41,26.35,20.6,37.84,true,false,-5.64,-3.3,"主動ETF當日持股未完整（21/22）；單日成交金額低於5,000萬元；累計營收負成長且當月改善不足；中期趨勢仍向下；外資持股趨勢資料不足或期間有非市場異動；20日趨勢尚未上彎；當下除權息調整價未守20日EMA"
450,6890,來億-KY,TWSE,運動休閒,不建立部位,暫停加碼／跌破減碼,已有部位暫停加碼；若收盤跌破60日EMA約 190.42，且下一交易日仍未收復，先減碼三分之一；若ETF或外資繼續轉弱，再分批降低部位。,33.8,88,166,166,-3.2,-14.77,,,,,16.62,1.69,5.34,3,-70,-10,-10,2,129,-70,-88.812,222.88299999999998,315.46899999999994,886.4689999999998,-68,-2,12,139.158,3,1,-332000,73.61099999999999,57.14799999999998,86.27,-44,352,999,,0.923,151.272,246.32099999999997,807.4459999999998,36.7,17.08,23.28,4.69,false,true,-7.89,-5.41,"主動ETF當日持股未完整（21/22）；單日成交金額低於5,000萬元；累計營收負成長且當月改善不足；中期趨勢仍向下；20日累積後5日轉為調節；ETF 1/3日已轉為減碼；主動ETF 5日轉為減碼；20日趨勢尚未上彎；當下除權息調整價未守20日EMA"
451,1229,聯華,TWSE,食品工業,不建立部位,優先出脫,已有部位應優先降低曝險；目前觸發「價格跌破60日EMA且20日趨勢向下」。待事件解除或基本面重新確認後再評估。,33.2,88,40.2,40.2,-52.01,-22.93,,,,,15.52,1.3,4.96,7,-329,-322,-321,-313,716,-329,-181.342,1596.673,-1230.641,-3514.308,-320,-278,-258,719,4,1,-11175600,69.56499999999998,-4.724000000000018,8.84,-662,1598,3275,,252.436,1805.108,-967.917,-4243.525,44.67,19.66,31.71,-4.45,false,false,-1.66,-3.6,主動ETF當日持股未完整（21/22）；營收動能同步衰退；累計營收負成長且當月改善不足；中期趨勢仍向下；ETF短中期同步減碼；20日累積後5日轉為調節；ETF 1/3日已轉為減碼；主動ETF 5日轉為減碼；20日趨勢尚未上彎；當下除權息調整價未守20日EMA
452,3062,建漢,TWSE,通信網路業,不建立部位,優先出脫,已有部位應優先降低曝險；目前觸發「價格跌破60日EMA且20日趨勢向下」。待事件解除或基本面重新確認後再評估。,32.6,88,20,20,-34.39,-1.86,,,,,,1.53,,1,0,0,0,0,0,0,337.616,-308.70400000000006,-562.806,-4270.682,0,0,0,0,0,0,0,-90.66199999999999,-185.29500000000002,9.46,77,-37,-1239,,393,-218.04199999999997,-377.511,-3802.743,35.33,27.35,18.67,44.71,true,false,-6.56,-3.38,"主動ETF當日持股未完整（21/22）；單日成交金額低於5,000萬元；營收動能同步衰退；累計營收負成長且當月改善不足；中期趨勢仍向下；外資持股5/10日下降，且外資5日賣超；20日趨勢尚未上彎；當下除權息調整價未守20日EMA"
453,6706,惠特,TWSE,光電業,不建立部位,優先出脫,已有部位應優先降低曝險；目前觸發「價格跌破60日EMA且20日趨勢向下」。待事件解除或基本面重新確認後再評估。,31.8,88,98.3,98.3,-26.07,-49.65,,,,,,2.03,,1,0,0,0,0,0,0,154.994,563.154,-292.3610000000001,1643.1049999999998,-34,-34,-34,-34,0,1,-3342200,-172.34199999999998,-41.759999999999984,7.41,-11,752,1800,,184.71,769.4960000000001,-216.60099999999986,2250.0230000000006,32.74,20.55,16.9,27.86,true,false,-14.39,-8.56,主動ETF當日持股未完整（21/22）；營收動能同步衰退；累計營收負成長且當月改善不足；中期趨勢仍向下；20日趨勢尚未上彎；當下除權息調整價未守20日EMA
454,8105,凌巨,TWSE,光電業,不建立部位,停止加碼／開始減碼,已有部位先停止加碼。反彈若仍未站回 17.93，分批降低部位；只有站回且ETF／外資賣壓收斂後才重新評估。,31.7,68,15.75,15.75,-8.9,-1.2,,,,,525,0.86,,1,-3,17,17,387,615,0,76.06,-1392.707,-4717.58,-1640.326,-3,17,387,615,2,1,267750,-19.594,-94.49600000000001,38.97,93,-5011,-8875,,136.06,-1390.113,-5010.084000000001,-2251.8300000000004,37.68,25.35,23.24,29.59,true,false,-9.22,-6.25,"主動ETF當日持股未完整（21/22）；單日成交金額低於5,000萬元；累計營收負成長且當月改善不足；中期趨勢仍向下；外資持股5/10日下降，且外資5日賣超；20日趨勢尚未上彎；當下除權息調整價未守20日EMA；估值高且成長不足以支撐"
455,6456,GIS-KY,TWSE,光電業,不建立部位,優先出脫,已有部位應優先降低曝險；目前觸發「價格跌破60日EMA且20日趨勢向下」。待事件解除或基本面重新確認後再評估。,30.9,88,56.5,56.5,-48.22,-22.34,,,,,,0.61,,1,0,0,0,0,0,0,213.183,-49.732000000000085,876.4949999999998,1388.7229999999995,0,0,0,0,0,0,0,-193.81,-228.461,44.25,-210,-964,744,,238.313,144.07799999999986,1104.956,1587.376,39.55,17.76,18.09,17.1,false,false,-9.63,-10.46,主動ETF當日持股未完整（21/22）；營收動能同步衰退；累計營收負成長且當月改善不足；中期趨勢仍向下；20日趨勢尚未上彎；當下除權息調整價未守20日EMA