排名,代號,名稱,市場,產業,新部位建議,既有部位狀態,持有判斷模式,今天動作,下一次確認,既有部位說明,主要原因,短期時機分數,中期研究分數,長期初篩分數,長期方法覆蓋率%,資料健康度,資料健康狀態,收盤價,即時價,營收YoY%,累計營收YoY%,營益率%,負債比%,流動比率%,EPS,本益比,股價淨值比,殖利率%,ETF家數,ETF_1日增減張,ETF_3日增減張,ETF_5日增減張,ETF_10日增減張,ETF_20日增減張,主動ETF_5日增減張,法人1日張,法人5日張,法人10日張,法人20日張,投信買賣超1日張,投信買賣超5日張,投信買賣超10日張,投信買賣超20日張,投信5日買超天數,投信5日賣超天數,投信5日估算金額,自營商買賣超5日張,自營商買賣超10日張,外資持股比率%,外資持股1日增減張,外資持股5日增減張,外資持股10日增減張,外資持股20日增減張,外資買賣超1日張,外資買賣超5日張,外資買賣超10日張,外資買賣超20日張,RSI14,KD-K,KD-D,KD-J,KD近3日黃金交叉,KD近3日死亡交叉,距20EMA%,5日報酬%,淘汰原因
1,6770,力積電,TWSE,半導體業,可開始承接,符合加碼條件,add,只在回測承接區且法人未轉弱時分2–3批,回測時與每個交易日收盤後,已有部位可續抱；回測20日EMA約 72.68 且ETF、外資與投信未轉弱時，才考慮下一批。,未觸發明確減碼訊號,84.1,78.3,67.9,85,100,可用,75.8,76,76.19,47.08,58.03,34.6,495.94,4.08,25.27,2.77,,12,33,314,346,4194,4552,246,-17187.228,95803.561,150995.38,263202.445,33,345.938,4194.512,12026.511999999999,5,0,26222100,5628.231999999999,13152.150999999998,17.85,-14491,89951,125210,,-15614.027,89829.391,133648.717,233087.41800000003,58.5,76.88,75.99,78.65,false,false,4.29,5.28,ETF加碼金額或跨基金共識尚未同時成立
2,7749,意騰-KY,TWSE,半導體業,可開始承接,符合加碼條件,add,只在回測承接區且法人未轉弱時分2–3批,回測時與每個交易日收盤後,已有部位可續抱；回測20日EMA約 378.92 且ETF、外資與投信未轉弱時，才考慮下一批。,未觸發明確減碼訊號,68.4,76.3,79.8,85,100,完整,399,401,60.5,60.27,36.17,17.76,499.02,7.57,27.59,5.01,2.26,1,0,0,40,60,66,0,25.539,75.958,151.60999999999999,176.815,0,40,60.009,66.009,2,0,15960000,-5.545,7.333,22.54,32,62,77,,26.838,41.503,84.26800000000001,116.275,62.35,75.55,74.97,76.69,true,false,5.3,0.88,ETF加碼金額或跨基金共識尚未同時成立
3,2376,技嘉,TWSE,電腦及週邊設備業,可開始承接,符合加碼條件,add,只在回測承接區且法人未轉弱時分2–3批,回測時與每個交易日收盤後,已有部位可續抱；回測20日EMA約 362.27 且ETF、外資與投信未轉弱時，才考慮下一批。,未觸發明確減碼訊號,77.1,73,52.5,85,100,可用,388.5,398,98.43,55.23,6.23,74.46,144.47,17.73,14.54,3.91,3.09,28,289,795,659,707,6442,341,3420.363,7291.697,9296.25,3803.6650000000027,203,388.28099999999995,428.518,5224.943000000001,4,1,150847168,259.048,-31.39100000000002,24.68,3955,6205,17008,,3143.592,6644.368,8899.123000000001,-1396.3639999999987,68.53,68.28,61.84,81.17,false,false,7.24,7.47,
4,8070,長華*,TWSE,電子通路業,可開始承接,符合加碼條件,add,只在回測承接區且法人未轉弱時分2–3批,回測時與每個交易日收盤後,已有部位可續抱；回測20日EMA約 50.12 且ETF、外資與投信未轉弱時，才考慮下一批。,未觸發明確減碼訊號,75.6,72.1,65.5,85,100,完整,51.7,52.5,37.57,27.68,12.01,39.01,235.2,1.3,30.59,1.37,5.24,7,497,494,490,483,955,500,1340.221,2208.9069999999997,1711.0069999999996,2695.508999999999,497,490.26,482.52,794.5629999999999,1,2,25346442,345.235,439.82900000000006,11.06,658,1166,482,,638.364,1373.412,788.6580000000001,1492.817,60.63,72.08,65.25,85.73,false,false,3.15,4.02,ETF加碼金額或跨基金共識尚未同時成立
5,3702,大聯大,TWSE,電子通路業,可開始承接,符合加碼條件,add,只在回測承接區且法人未轉弱時分2–3批,回測時與每個交易日收盤後,已有部位可續抱；回測20日EMA約 113.01 且ETF、外資與投信未轉弱時，才考慮下一批。,未觸發明確減碼訊號,71.5,70.5,50.5,85,100,可用,119,121,80.46,62.39,2.64,83.99,119.79,8.42,10.19,2.14,3.06,24,262,987,1681,2897,3011,0,1117.232,5576.139999999999,10802.677999999998,24690.626000000004,-10,546,1818.526,1625.5319999999997,2,3,64974000,415.19700000000006,191.66400000000007,34.72,1014,4551,7938,,1137.108,4614.942999999999,8792.487999999998,23720.939,63.52,81.52,81,82.58,true,false,5.3,1.28,
6,6505,台塑化,TWSE,油電燃氣業,可開始承接,正常持有,strong,強勢續抱；不追高,今日收盤確認是否守住20日EMA,價格仍在20／60日EMA之上且短線強勢；法人未同步轉弱。若收盤跌破20日EMA約 88.26 且法人續弱，再轉為保護持有。,價格強勢站上20／60日EMA；法人未同步轉弱,75.5,70,66.6,85,100,完整,98.6,96.6,50.29,16.72,13.74,16.6,520.61,4.32,17.12,1.93,1.22,13,25,7684,13021,13358,20389,12822,-3246.389,24319.739,28911.252000000004,33145.507,651.579,22770.578999999998,24917.077,45148.602000000006,5,0,2245179089,-288.97200000000004,-1.1140000000000327,6.79,-3183,1737,4683,,-3365.787,1838.1320000000023,3995.289000000002,-12800.657,69.65,78.89,78.23,80.23,false,false,11.72,13.07,
7,6214,精誠,TWSE,資訊服務業,可開始承接,符合加碼條件,add,只在回測承接區且法人未轉弱時分2–3批,回測時與每個交易日收盤後,已有部位可續抱；回測20日EMA約 187.15 且ETF、外資與投信未轉弱時，才考慮下一批。,未觸發明確減碼訊號,67.7,68.9,55.1,85,100,完整,188.5,188,61.91,39.65,4.26,57.26,154,6.15,17.6,2.79,3.18,8,10,20,30,7,4,0,121.804,166.714,1482.54,3741.187999999999,10,30,9,-159.80200000000002,3,0,5655000,-47.635999999999996,-26.732999999999997,17.91,115,335,2153,,115.804,184.35,1500.2729999999997,4101.629,61.01,49.67,52.36,44.31,false,false,0.72,-1.05,ETF加碼金額或跨基金共識尚未同時成立
8,2451,創見,TWSE,半導體業,等待確認,正常持有,standard,今天不下單,每個交易日收盤後，檢查趨勢與法人籌碼,已有部位可續抱觀察，但暫不追價；若收盤跌破60日EMA約 284.32 且法人籌碼轉弱，先減碼三分之一。,未觸發明確減碼訊號,74.6,86.7,89.3,85,100,可用,289.5,289.5,275.47,384,73.7,28.68,309.01,46.63,5.04,3.25,4.07,14,134,307,330,290,-26,-12,484.006,2208.502,3796.892,2290.111,134,330,292.8,-85.2,5,0,95535000,41.477000000000004,48.197,11.87,303,701,1733,,340.967,1837.025,3455.895,2383.9509999999996,54,81.39,77.29,89.61,false,false,1.13,1.76,主動ETF 5日轉為減碼；20日趨勢尚未上彎；ETF加碼金額或跨基金共識尚未同時成立
9,3006,晶豪科,TWSE,半導體業,等待確認,正常持有,standard,今天不下單,每個交易日收盤後，檢查趨勢與法人籌碼,已有部位可續抱觀察，但暫不追價；若收盤跌破60日EMA約 261.66 且法人籌碼轉弱，先減碼三分之一。,未觸發明確減碼訊號,80.3,84.7,76,85,100,可用,282,283,605.24,324.38,44.44,36.84,267.13,27.58,8.89,4.22,0.35,7,0,0,15,496,486,0,-1740.527,1638.847,-4676.665999999999,-9790.738999999998,0,15,498,527,1,1,4230000,830.511,1172.85,38.3,-1727,722,-6103,,-1863.717,793.3359999999998,-6347.516000000001,-11230.829000000002,52.13,56.98,51.46,68.02,false,false,0.48,2.55,ETF加碼金額或跨基金共識尚未同時成立
10,2408,南亞科,TWSE,半導體業,等待確認,正常持有,standard,今天不下單,每個交易日收盤後，檢查趨勢與法人籌碼,已有部位可續抱觀察，但暫不追價；若收盤跌破60日EMA約 475.95 且法人籌碼轉弱，先減碼三分之一。,未觸發明確減碼訊號,80.2,84.4,82.1,85,100,可用,530,530,560.85,638.19,69.08,16.78,691.01,23.38,20.57,5.67,0.25,38,-729,784,1196,4917,5382,-821,1982.035,25945.754999999997,42177.418999999994,57150.13199999999,-1817.473,-1411.8909999999998,-143.5299999999993,-5968.966999999999,3,2,-748302230,2089.558,2143.8019999999997,16.97,1521,18917,37949,,3060.981,25268.088,40177.147000000004,60191.988,56.95,78.04,68.68,96.76,false,false,3.97,5.37,主動ETF 5日轉為減碼；ETF加碼金額或跨基金共識尚未同時成立
11,8299,群聯,TPEX,半導體業,等待確認,正常持有,standard,今天不下單,每個交易日收盤後，檢查趨勢與法人籌碼,"已有部位可續抱觀察，但暫不追價；若收盤跌破60日EMA約 2,075.17 且法人籌碼轉弱，先減碼三分之一。",未觸發明確減碼訊號,74.4,81.9,73.6,85,100,可用,2100,2115,376.52,278.99,37.86,47.31,257.91,187.43,9.62,4.55,1.1,19,23,49,54,127,-390,-2,373.192,373.192,373.192,373.192,22.4,22.4,22.4,22.4,1,0,47040000,19.867,19.867,44.35,,,,,330.925,330.925,330.925,330.925,51.46,33.35,45.33,9.4,false,false,0.37,-1.18,主動ETF 5日轉為減碼；外資持股尚未完成5／10日可比核對或期間有非市場異動；此項不給分，不解讀為轉弱；ETF加碼金額或跨基金共識尚未同時成立
12,2344,華邦電,TWSE,半導體業,等待確認,保護持有,protect,今天不新增部位；未完成確認前不機械式賣出,今天收盤後；若跌破，再看下一交易日是否收復,已有部位暫停加碼；若收盤跌破60日EMA約 170.57，且下一交易日仍未收復，先減碼三分之一；若ETF或外資繼續轉弱，再分批降低部位。,投信5/10日持續且具金額意義地賣超,77.1,81.8,66,85,100,可用,181,182,289.43,177.39,42.34,40.78,159.78,7.65,19.96,4.94,0.28,35,629,1114,1728,1861,-4490,-735,20866.475,76319.78099999999,77971.396,72513.19399999997,-1848.134,-14574.275,-34566.955,-55173.712,0,5,-2637943775,4814.195,6812.749,20.35,19672,79441,105777,,22053.19,86079.861,105725.602,118174.01000000001,55.48,79.19,72.48,92.63,false,false,3.16,5.54,主動ETF 5日轉為減碼；投信5/10日持續且具金額意義的賣超；ETF加碼金額或跨基金共識尚未同時成立
13,2637,慧洋-KY,TWSE,航運業,等待確認,正常持有,standard,今天不下單,每個交易日收盤後，檢查趨勢與法人籌碼,已有部位可續抱觀察，但暫不追價；若收盤跌破60日EMA約 92.22 且法人籌碼轉弱，先減碼三分之一。,未觸發明確減碼訊號,70,78.8,69.2,85,100,可用,97.7,99,34.96,35.38,33.36,41.18,92.13,4.1,10.87,1.47,3.58,10,11,328,328,13,1315,319,6.982,-411.20799999999986,438.58800000000014,7043.812,11,329.44000000000005,17.880000000000052,3902.041,4,1,32186288,-29.501,35.388999999999996,28.45,8,-651,426,,7.59,-711.1469999999999,385.31899999999996,3171.434,51.08,29.67,32.25,24.52,false,false,-0.35,-2.79,ETF加碼金額或跨基金共識尚未同時成立
14,2027,大成鋼,TWSE,鋼鐵工業,等待確認,保護持有,protect,今天不新增部位；未完成確認前不機械式賣出,今天收盤後；若跌破，再看下一交易日是否收復,已有部位暫停加碼；若收盤跌破60日EMA約 46.37，且下一交易日仍未收復，先減碼三分之一；若ETF或外資繼續轉弱，再分批降低部位。,外資持股5/10日下降且外資5日賣超,69.7,77,72.1,85,100,完整,47.9,48.2,46.09,34.23,19.7,43.68,295.53,3.1,9.45,1.41,3.13,11,378,2950,3199,4862,20407,0,-31.092,-1208.7240000000002,4272.43,7491.417999999999,-12,2161,3662.755,17570.755,1,3,103511900,674.499,1381.62,25.24,-92,-3727,-579,,-133.691,-4044.223,-771.9449999999999,-10738.228000000001,52.61,59.81,58.38,62.67,false,false,0.7,0.63,外資持股5/10日下降，且外資5日賣超；20日趨勢尚未上彎
15,2330,台積電,TWSE,半導體業,等待確認,正常持有,standard,今天不下單,每個交易日收盤後，檢查趨勢與法人籌碼,"已有部位可續抱觀察，但暫不追價；若收盤跌破60日EMA約 2,409.99 且法人籌碼轉弱，先減碼三分之一。",未觸發明確減碼訊號,77.4,76.5,69.2,85,100,可用,2575,2570,53.32,39.26,59.29,30.94,245.76,49.33,29.85,10.38,0.85,68,1142,3023,6476,3828,-2953,1143,10851.283,8671.582999999999,16913.61,10707.870999999997,589.108,2829.6339999999996,1206.4809999999995,1514.7809999999995,5,0,7286307550,1928.461,4938.758,69.2,9011,-272,-1635,,9770.52,3913.488,10768.371,2163.2580000000007,67.66,86.9,79.45,101.8,false,false,4.43,4.04,外資持股尚未完成5／10日可比核對或期間有非市場異動；此項不給分，不解讀為轉弱
16,5351,鈺創,TPEX,半導體業,等待確認,正常持有,standard,今天不下單,每個交易日收盤後，檢查趨勢與法人籌碼,已有部位可續抱觀察，但暫不追價；若收盤跌破60日EMA約 106.06 且法人籌碼轉弱，先減碼三分之一。,未觸發明確減碼訊號,68.7,76.3,67.1,85,100,可用,114,114,525.32,488.92,30.67,40.59,243.12,6.69,17.65,5.2,0,2,0,0,60,0,-30,0,-4524.987,-4524.987,-4524.987,-4524.987,0,0,0,0,0,0,0,-97.223,-97.223,32.68,,,,,-4427.764,-4427.764,-4427.764,-4427.764,53.74,68.53,56.18,93.21,false,false,2.59,5.56,外資持股尚未完成5／10日可比核對或期間有非市場異動；此項不給分，不解讀為轉弱；20日趨勢尚未上彎；ETF加碼金額或跨基金共識尚未同時成立
17,6613,朋億*,TPEX,其他電子業,等待確認,正常持有,standard,今天不下單,每個交易日收盤後，檢查趨勢與法人籌碼,已有部位可續抱觀察，但暫不追價；若收盤跌破60日EMA約 275.25 且法人籌碼轉弱，先減碼三分之一。,未觸發明確減碼訊號,65.8,75.4,69.8,85,100,可用,284.5,285.75,186.82,63.62,15.82,45.74,202.18,8.51,16.82,3.45,3.51,1,0,0,0,0,-1,0,81.495,81.495,81.495,81.495,0,0,0,0,0,0,0,8.287,8.287,6.76,,,,,73.208,73.208,73.208,73.208,62.08,90.27,85.44,99.93,false,false,5.14,5.18,外資持股尚未完成5／10日可比核對或期間有非市場異動；此項不給分，不解讀為轉弱
18,2855,統一證,TWSE,金融保險業,等待確認,正常持有,standard,今天不下單,每個交易日收盤後，檢查趨勢與法人籌碼,已有部位可續抱觀察，但暫不追價；若收盤跌破60日EMA約 50.45 且法人籌碼轉弱，先減碼三分之一。,未觸發明確減碼訊號,64.5,75.3,70.4,85,100,可用,58.2,58.2,109.88,217.4,,87.34,112.56,6.96,6.04,1.94,3.63,12,31,602,611,942,11684,-211,1062.877,258.6099999999997,13527.839,20948.952,31,613.429,953.1579999999999,11898.904999999999,4,1,35701568,0,0,7.4,1002,-4052,7744,,1031.877,-354.81899999999996,12574.680999999999,9050.046999999999,70.41,70.66,69.57,72.83,true,false,6.75,0.69,主動ETF 5日轉為減碼；ETF加碼金額或跨基金共識尚未同時成立
19,2395,研華,TWSE,電腦及週邊設備業,等待確認,正常持有,standard,今天不下單,每個交易日收盤後，檢查趨勢與法人籌碼,已有部位可續抱觀察，但暫不追價；若收盤跌破60日EMA約 644.68 且法人籌碼轉弱，先減碼三分之一。,未觸發明確減碼訊號,80,75,60.2,85,100,可用,740,750,87.52,45.88,19.04,40.5,171.12,9.05,46.87,11.62,1.51,33,115,270,338,-257,-1110,253,1049.965,1317.2109999999998,3419.43,5921.473,118.831,921.331,465.361,-43.23199999999997,4,1,681784940,-27.866000000000003,91.276,36.18,864,87,2663,,866.941,423.7460000000001,2862.7929999999997,5927.537999999999,65.08,66.35,66.28,66.5,true,true,5.42,2.49,
20,2059,川湖,TWSE,電子零組件業,等待確認,正常持有,standard,今天不下單,每個交易日收盤後，檢查趨勢與法人籌碼,"已有部位可續抱觀察，但暫不追價；若收盤跌破60日EMA約 11,322.30 且法人籌碼轉弱，先減碼三分之一。",未觸發明確減碼訊號,75.7,74.3,70.9,85,100,可用,13355,13520,344.42,163.96,77.05,28.35,356.12,110.96,73.63,37.7,0.38,34,10,-6,4,-8,-35,-4,34.44,134.794,-10.850999999999985,-309.243,31.98,14.280000000000005,-29.424999999999997,-269.405,3,2,190709400,41.131,82.075,23.43,5,41,-63,,10.536,79.383,-63.501000000000005,-85.23200000000001,60.42,49.63,36.34,76.22,true,false,6.85,8.14,主動ETF 5日轉為減碼；20日趨勢尚未上彎
21,2605,新興,TWSE,航運業,等待確認,保護持有,protect,今天不新增部位；未完成確認前不機械式賣出,今天收盤後；若跌破，再看下一交易日是否收復,已有部位暫停加碼；若收盤跌破60日EMA約 34.72，且下一交易日仍未收復，先減碼三分之一；若ETF或外資繼續轉弱，再分批降低部位。,外資持股5/10日下降且外資5日賣超,57,73.9,82.4,85,100,完整,35.15,36.2,58.75,38.72,33.49,26.88,212.23,3.67,7.17,1.06,2.84,1,0,0,0,0,0,0,-2973.089,-10680.647,-11823.791,-11.145999999999958,0,-200,-200,-380,0,1,-7030000,-628.35,709.059,47.69,-2829,-9867,-13151,,-2829.354,-9852.296999999999,-12332.849999999997,-2518.7729999999974,46.68,16.25,26.7,-4.64,false,false,-1.94,-3.7,外資持股5/10日下降，且外資5日賣超；單季稅前獲利對營業外貢獻依賴偏高
22,5274,信驊,TPEX,半導體業,等待確認,正常持有,standard,今天不下單,每個交易日收盤後，檢查趨勢與法人籌碼,"已有部位可續抱觀察，但暫不追價；若收盤跌破60日EMA約 17,231.21 且法人籌碼轉弱，先減碼三分之一。",未觸發明確減碼訊號,76.5,73.2,54.1,85,100,可用,19520,18800,118.42,74.49,53.36,45.44,201.99,78.28,130.21,94.71,0.41,32,0,5,22,-40,-119,21,17.71,17.71,17.71,17.71,0.9,0.9,0.9,0.9,1,0,17568000,4.932,4.932,53.36,,,,,11.878,11.878,11.878,11.878,58.21,32.45,41.41,14.52,false,false,4.09,-1.59,外資持股尚未完成5／10日可比核對或期間有非市場異動；此項不給分，不解讀為轉弱
23,9945,潤泰新,TWSE,其他,等待確認,保護持有,protect,今天不新增部位；未完成確認前不機械式賣出,今天收盤後；若跌破，再看下一交易日是否收復,已有部位暫停加碼；若收盤跌破60日EMA約 27.94，且下一交易日仍未收復，先減碼三分之一；若ETF或外資繼續轉弱，再分批降低部位。,外資持股5/10日下降且外資5日賣超,65.1,72.6,75.1,85,100,完整,28.65,28.65,37.99,34.41,20.1,34.7,158.5,3.7,5.01,0.5,3.84,5,40,46,54,753,2234,0,-1870.892,-1409.2410000000002,2274.28,12466.574000000002,40,1454,2153,3624,4,0,41657100,82.20999999999998,123.68599999999998,8.43,-1736,-5166,-1603,,-1984.599,-2945.451,-2.4059999999997217,7293.869,49.83,34.12,51.12,0.13,false,false,-0.58,-4.18,外資持股5/10日下降，且外資5日賣超；當下除權息調整價未守20日EMA；ETF加碼金額或跨基金共識尚未同時成立；單季稅前獲利對營業外貢獻依賴偏高
24,6531,愛普*,TWSE,半導體業,等待確認,正常持有,standard,今天不下單,每個交易日收盤後，檢查趨勢與法人籌碼,已有部位可續抱觀察，但暫不追價；若收盤跌破60日EMA約 919.03 且法人籌碼轉弱，先減碼三分之一。,未觸發明確減碼訊號,71.7,72.3,66.2,85,100,可用,1055,1085,150.82,109.13,29.44,24.47,373.6,8.33,60.84,13.69,0.66,20,92,250,241,364,1017,247,-70.654,-1045.479,577.3029999999999,2425.791,158,317,451.62,2007.916,2,3,334435000,-14.678999999999988,28.268000000000015,33.72,-256,-707,1188,,-234.137,-1347.8,97.41500000000019,384.50800000000027,61.32,60.16,50.75,78.98,true,false,10.24,6.24,短線過熱或乖離過大
25,3231,緯創,TWSE,電腦及週邊設備業,等待確認,正常持有,standard,今天不下單,每個交易日收盤後，檢查趨勢與法人籌碼,已有部位可續抱觀察，但暫不追價；若收盤跌破60日EMA約 178.33 且法人籌碼轉弱，先減碼三分之一。,未觸發明確減碼訊號,74,72.2,47.6,85,100,可用,189.5,191,166.48,98.87,3.59,82.37,118.14,7.78,15.05,3.11,2.9,39,483,369,1309,4048,17001,-54,25078.912,40559.722,3584.0480000000025,-56585.048999999985,-181.107,-795.095,-10983.347000000002,1526.6439999999993,3,2,-150670502,2082.031,3394.7960000000003,35.66,23900,26378,-36754,,24878.27,39272.786,11172.599000000006,-61271.19599999999,56.01,69.45,57.18,93.99,false,false,2.21,2.71,主動ETF 5日轉為減碼；外資持股尚未完成5／10日可比核對或期間有非市場異動；此項不給分，不解讀為轉弱；ETF加碼金額或跨基金共識尚未同時成立
26,3491,昇達科,TPEX,通信網路業,等待確認,正常持有,strong,漲停先續抱；不追價,今日收盤確認是否守住20日EMA,"價格仍在20／60日EMA之上且今日漲停；法人未同步轉弱。若收盤跌破20日EMA約 1,483.93 且法人續弱，再轉為保護持有。",今日漲停／趨勢站穩；法人未同步轉弱,75.5,72.1,63.5,85,100,可用,1630,1790,93.19,73.4,28.88,37.31,263.15,8.15,129.57,24.7,0.42,16,117,118,125,285,488,124,621.778,621.778,621.778,621.778,117,117,117,117,1,0,190710000,-8.668,-8.668,31.9,,,,,513.446,513.446,513.446,513.446,62.54,61.04,57.88,67.38,true,false,9.84,4.82,外資持股尚未完成5／10日可比核對或期間有非市場異動；此項不給分，不解讀為轉弱；短線過熱或乖離過大
27,4916,事欣科,TWSE,電腦及週邊設備業,等待確認,正常持有,standard,今天不下單,每個交易日收盤後，檢查趨勢與法人籌碼,已有部位可續抱觀察，但暫不追價；若收盤跌破60日EMA約 100.01 且法人籌碼轉弱，先減碼三分之一。,未觸發明確減碼訊號,69.2,71.7,66.8,85,100,完整,105,107,82.96,61.85,9.14,32.64,257.18,5.45,16.08,3.6,0.48,1,0,0,0,0,0,0,791.764,1581.7769999999998,2633.8369999999995,2893.0969999999993,0,0.035,0.035,0.035,1,0,3675,-20.035000000000004,107.958,4.93,834,1415,2342,,795.126,1601.777,2525.8440000000005,2800.9860000000003,58.29,68.04,66.68,70.78,true,true,3.32,2.44,單季稅前獲利對營業外貢獻依賴偏高
28,2615,萬海,TWSE,航運業,等待確認,保護持有,protect,今天不新增部位；未完成確認前不機械式賣出,今天收盤後；若跌破，再看下一交易日是否收復,已有部位暫停加碼；若收盤跌破60日EMA約 104.08，且下一交易日仍未收復，先減碼三分之一；若ETF或外資繼續轉弱，再分批降低部位。,外資持股5/10日下降且外資5日賣超,60.2,71.5,80.6,85,100,可用,110.5,110.5,65.59,19.2,22.16,33.53,299.27,6.84,7.59,1.07,2.71,12,-65,165,126,-1037,-1422,169,-413.475,-1577.638,-5097.794,-3156.588999999998,-65,128.411,-1027.775,-1472.819,2,2,14189416,-1136.955,-1958.6889999999999,48.41,233,-223,-2399,,-248.277,-569.0939999999998,-2111.33,244.08999999999992,48.05,12.95,23.79,-8.73,false,false,-2.23,-4.33,外資持股5/10日下降，且外資5日賣超；20日趨勢尚未上彎；當下除權息調整價未守20日EMA
29,2603,長榮,TWSE,航運業,等待確認,保護持有,protect,今天不新增部位；未完成確認前不機械式賣出,今天收盤後；若跌破，再看下一交易日是否收復,已有部位暫停加碼；若收盤跌破60日EMA約 227.37，且下一交易日仍未收復，先減碼三分之一；若ETF或外資繼續轉弱，再分批降低部位。,外資持股5/10日下降且外資5日賣超,64.8,71.2,68,85,100,可用,234.5,238.5,48.64,9.78,14.77,39.75,138.81,11.24,9.3,0.91,6.82,32,492,276,935,5031,15200,-739,-2738.32,-4309.541,-1329.6709999999998,2551.043999999998,-748.408,-1439.8559999999998,2556.241,16819.734999999997,2,3,-337646232,341.688,757.5979999999998,25.7,-2226,-2902,-10194,,-1813.717,-3211.3730000000005,-4643.510000000002,-15340.739000000003,48.44,34.34,51.06,0.92,false,false,-1.22,-3.5,主動ETF 5日轉為減碼；投信20日買超後近5日轉賣；外資持股5/10日下降，且外資5日賣超；ETF加碼金額或跨基金共識尚未同時成立
30,6691,洋基工程,TWSE,其他電子業,等待確認,正常持有,strong,強勢續抱；不追高,今日收盤確認是否守住20日EMA,價格仍在20／60日EMA之上且短線強勢；法人未同步轉弱。若收盤跌破20日EMA約 670.87 且法人續弱，再轉為保護持有。,價格強勢站上20／60日EMA；法人未同步轉弱,70.5,71,52.8,85,100,完整,794,798,213.7,112.82,16.22,72.04,135.24,17.46,23.75,12.91,2.77,11,4,89,87,86,-108,100,571.577,1931.6929999999998,2422.058,1965.3650000000007,4,119.4,148.4,-20.599999999999994,4,1,94803600,70.431,101.24799999999999,13.75,470,1474,1815,,512.789,1741.8619999999999,2172.41,1880.3839999999996,78.35,91.56,85.64,103.41,false,false,18.35,19.04,短線過熱或乖離過大
31,2885,元大金,TWSE,金融保險業,等待確認,保護持有,protect,今天不新增部位；未完成確認前不機械式賣出,今天收盤後；若跌破，再看下一交易日是否收復,已有部位暫停加碼；若收盤跌破60日EMA約 65.86，且下一交易日仍未收復，先減碼三分之一；若ETF或外資繼續轉弱，再分批降低部位。,外資持股5/10日下降且外資5日賣超,73.4,70.9,59.5,85,100,可用,68.2,68.4,57.94,116.28,,92.04,,2.64,15.97,2.37,3.23,39,1408,7740,12423,4660,1539,4361,5666.204,-12512.677,-9754.011000000002,256.3679999999986,-50.205,4448.07,-3864.928,-7940.291000000001,3,2,303358374,4105.852,5814.040000000001,26.79,3338,-22970,-14317,,4059.265,-21066.599000000002,-11703.123000000001,2644.947999999994,50.94,22.91,28.11,12.52,false,false,-0.23,-1.45,外資持股5/10日下降，且外資5日賣超；借券賣出與借券賣出餘額壓力升高
32,2327,國巨*,TWSE,電子零組件業,等待確認,正常持有,standard,今天不下單,每個交易日收盤後，檢查趨勢與法人籌碼,已有部位可續抱觀察，但暫不追價；若收盤跌破60日EMA約 600.35 且法人籌碼轉弱，先減碼三分之一。,未觸發明確減碼訊號,71.8,70.7,51.5,85,100,可用,626,640,51.8,34.95,25.85,64.73,131.19,8.48,42.15,7.28,0.96,39,694,1034,573,-57,-67,145,-9284.368,1435.530999999999,13781.853,22672.699,3094.423,6243.262,7152.421,8209.477,3,2,3908282012,2572.174,5633.223,44.6,-12556,-7312,884,,-12365.94,-7379.905000000001,996.208999999998,8454.819999999994,60.43,69.61,62.36,84.12,true,false,8.9,7.93,
33,7610,聯友金屬-創,TWSE,綠能環保,等待確認,保護持有,protect,今天不新增部位；未完成確認前不機械式賣出,今天收盤後；若跌破，再看下一交易日是否收復,"已有部位暫停加碼；若收盤跌破60日EMA約 1,718.20，且下一交易日仍未收復，先減碼三分之一；若ETF或外資繼續轉弱，再分批降低部位。",外資持股5/10日下降且外資5日賣超,62.9,70.7,64.4,85,100,完整,1800,1895,852.63,563.52,63.23,52.41,289.5,25.37,51.66,28.06,0.14,1,0,0,0,11,11,0,137.907,-150.194,-354.801,-765.0360000000002,0,0,11,11,0,0,0,22.889,23.648000000000003,19.07,193,-176,-419,,125.313,-173.083,-389.449,-783.672,50.73,30.16,34.96,20.57,false,false,0.44,-1.64,外資持股5/10日下降，且外資5日賣超
34,2476,鉅祥,TWSE,電子零組件業,等待確認,正常持有,standard,今天不下單,每個交易日收盤後，檢查趨勢與法人籌碼,已有部位可續抱觀察，但暫不追價；若收盤跌破60日EMA約 121.62 且法人籌碼轉弱，先減碼三分之一。,未觸發明確減碼訊號,66,70.5,73.1,85,100,完整,128.5,130,41.04,39.81,19.32,27.64,314.36,2.98,20.89,3.09,2.31,1,0,0,0,0,-4,0,444.069,1207.147,2554.6269999999995,1603.906,0,0,0,-4,0,0,0,349.68,1075.124,8.35,449,766,1343,,400.383,857.4670000000001,1479.503,-68.75400000000008,62.55,85.25,75.95,103.84,false,false,4.47,4.9,20日趨勢尚未上彎
35,2606,裕民,TWSE,航運業,等待確認,保護持有,protect,今天不新增部位；未完成確認前不機械式賣出,今天收盤後；若跌破，再看下一交易日是否收復,已有部位暫停加碼；若收盤跌破60日EMA約 71.68，且下一交易日仍未收復，先減碼三分之一；若ETF或外資繼續轉弱，再分批降低部位。,外資持股5/10日下降且外資5日賣超,61.9,70.5,68.7,85,100,可用,74.3,74.3,18.16,25.1,28.58,55.87,161.86,3.51,10.96,1.56,3.77,8,21,661,664,1112,2423,0,-586.932,-649.6479999999999,-206.35299999999995,1236.6669999999997,21,665,1115,2604,4,1,49409500,18.03900000000001,160.395,24.32,-581,-1575,-2112,,-569.03,-1332.687,-1481.748,-1028.145,48.89,28.73,30.47,25.24,true,true,-1.16,-3.13,外資持股5/10日下降，且外資5日賣超；20日趨勢尚未上彎；當下除權息調整價未守20日EMA；ETF加碼金額或跨基金共識尚未同時成立
36,3022,威強電,TWSE,電腦及週邊設備業,等待確認,正常持有,standard,今天不下單,每個交易日收盤後，檢查趨勢與法人籌碼,已有部位可續抱觀察，但暫不追價；若收盤跌破60日EMA約 89.35 且法人籌碼轉弱，先減碼三分之一。,未觸發明確減碼訊號,60.9,70.4,74.6,85,100,完整,92,92,84.98,32.41,6.47,32.04,248.51,3.29,12.22,1.42,3.8,1,0,0,0,0,-1,0,99.151,93.762,1183.763,1197.0880000000002,0,0,0,-1.264,0,0,0,3.735,23.603,21.72,104,-212,444,,104.051,90.027,1160.1599999999999,1217.4830000000002,52.56,51.13,61.12,31.13,false,true,1.19,-1.18,單季稅前獲利對營業外貢獻依賴偏高
37,2357,華碩,TWSE,電腦及週邊設備業,等待確認,保護持有,protect,今天不新增部位；未完成確認前不機械式賣出,今天收盤後；若跌破，再看下一交易日是否收復,已有部位暫停加碼；若收盤跌破60日EMA約 894.47，且下一交易日仍未收復，先減碼三分之一；若ETF或外資繼續轉弱，再分批降低部位。,投信5/10日持續且具金額意義地賣超,71.6,70.3,55.5,85,100,可用,995,995,51.17,42.3,7.05,62.01,128,38.83,14.55,2.45,4.22,43,43,166,254,-600,3883,0,887.074,2125.8059999999996,971.8629999999995,1140.0419999999995,-107.247,-236.405,-1144.7459999999999,3605.364,1,4,-235222975,344.533,434.632,39.48,1726,1859,-1463,,940.394,2017.6780000000003,1681.9770000000003,-2118.807,61.7,80.12,72.12,96.12,false,false,3.89,4.41,投信5/10日持續且具金額意義的賣超；20日趨勢尚未上彎
38,3036,文曄,TWSE,電子通路業,等待確認,正常持有,standard,今天不下單,每個交易日收盤後，檢查趨勢與法人籌碼,已有部位可續抱觀察，但暫不追價；若收盤跌破60日EMA約 206.63 且法人籌碼轉弱，先減碼三分之一。,未觸發明確減碼訊號,63,70.1,50.7,85,100,可用,213.5,215,98.21,109.2,2.11,84.66,111.03,13,10.96,2.18,3.65,21,230,170,288,472,1262,-241,-727.895,-2278.9219999999996,-3643.4129999999996,-9783.381999999998,24,-275.26599999999996,792.109,3107.0919999999996,1,4,-58769291,770.9449999999999,968.012,27.32,-4049,-4089,-16129,,-774.74,-2774.6009999999997,-5403.534,-14260.702000000001,64.54,84.05,83.51,85.12,false,false,4.54,3.14,主動ETF 5日轉為減碼；投信20日買超後近5日轉賣；外資持股尚未完成5／10日可比核對或期間有非市場異動；此項不給分，不解讀為轉弱；ETF加碼金額或跨基金共識尚未同時成立
39,2347,聯強,TWSE,電子通路業,等待確認,正常持有,standard,今天不下單,每個交易日收盤後，檢查趨勢與法人籌碼,已有部位可續抱觀察，但暫不追價；若收盤跌破60日EMA約 90.00 且法人籌碼轉弱，先減碼三分之一。,未觸發明確減碼訊號,67.7,70,55.3,85,100,可用,97,96.8,122.02,89.66,2.49,70.33,142.57,4.12,13.27,1.87,4.33,22,-18,977,1308,2047,6067,-65,967.588,7971.102,11853.249,17259.771,-309,533.0790000000001,1150.158,4535.771,3,2,51708663,495.914,617.4639999999999,30.46,1219,6795,9914,,1287.321,6942.1089999999995,10085.627,11889.804000000002,73.2,69.57,70.01,68.69,false,false,5.08,2.65,主動ETF 5日轉為減碼；ETF加碼金額或跨基金共識尚未同時成立
40,1815,富喬,TPEX,電子零組件業,等待確認,正常持有,standard,今天不下單,每個交易日收盤後，檢查趨勢與法人籌碼,已有部位可續抱觀察，但暫不追價；若收盤跌破60日EMA約 107.21 且法人籌碼轉弱，先減碼三分之一。,未觸發明確減碼訊號,64.5,69.8,68.2,85,100,可用,128.5,129.5,79.21,51.2,23.66,36.17,273.98,2.24,37.25,5.49,0.78,4,0,7,-44,15,213,0,11716.759,11716.759,11716.759,11716.759,0,0,0,0,0,0,0,489.527,489.527,18.15,,,,,11227.232,11227.232,11227.232,11227.232,63.95,55.7,42.2,82.69,true,false,9.03,10.78,20日累積後5日轉為調節；外資持股尚未完成5／10日可比核對或期間有非市場異動；此項不給分，不解讀為轉弱；20日趨勢尚未上彎
41,4772,台特化,TPEX,化學工業,等待確認,正常持有,strong,強勢續抱；不追高,今日收盤確認是否守住20日EMA,價格仍在20／60日EMA之上且短線強勢；法人未同步轉弱。若收盤跌破20日EMA約 257.00 且法人續弱，再轉為保護持有。,價格強勢站上20／60日EMA；法人未同步轉弱,67.3,69.7,57.1,85,100,可用,278,280,18.89,184.6,40.7,45.88,267.26,2.83,50.18,11.09,1.08,1,0,1,1,1,1,0,-454.176,-454.176,-454.176,-454.176,0,0,0,0,0,0,0,-7.644,-7.644,9.42,,,,,-446.532,-446.532,-446.532,-446.532,65.38,75.03,73.45,78.2,false,false,8.17,11.87,外資持股尚未完成5／10日可比核對或期間有非市場異動；此項不給分，不解讀為轉弱；ETF加碼金額或跨基金共識尚未同時成立
42,6442,光聖,TWSE,通信網路業,等待確認,正常持有,standard,今天不下單,每個交易日收盤後，檢查趨勢與法人籌碼,"已有部位可續抱觀察，但暫不追價；若收盤跌破60日EMA約 1,589.16 且法人籌碼轉弱，先減碼三分之一。",未觸發明確減碼訊號,65.4,69.7,67.2,85,100,完整,1705,1740,152.24,42.6,29.66,31.99,217.81,19.07,50.44,10.24,0.66,7,0,68,10,-166,-169,10,-189.533,-453.135,-1407.849,-2426.6259999999997,0,-316,-1590,-1839.5,1,1,-538780000,71.602,101.133,32.57,-144,-108,212,,-175.293,-208.737,81.018,-579.1260000000001,59.55,54.32,32.38,98.2,true,false,8.2,11.44,20日趨勢尚未上彎
43,1773,勝一,TWSE,化學工業,等待確認,正常持有,standard,今天不下單,每個交易日收盤後，檢查趨勢與法人籌碼,已有部位可續抱觀察，但暫不追價；若收盤跌破60日EMA約 164.12 且法人籌碼轉弱，先減碼三分之一。,未觸發明確減碼訊號,65.3,69.6,58.6,85,100,完整,180.5,183,44.62,23.96,23.46,37.93,104.11,4.38,22.51,4.74,2.22,2,0,0,0,0,0,0,1094.676,1983.46,1576.3009999999997,1669.2449999999997,0,1,3,2,1,0,180500,103.05599999999998,90.58699999999997,7.31,1043,1579,1738,,1049.724,1879.404,1482.7140000000002,1610.2520000000002,73.32,81.08,73.67,95.91,false,false,9.05,9.73,
44,2317,鴻海,TWSE,其他電子業,等待確認,正常持有,standard,今天不下單,每個交易日收盤後，檢查趨勢與法人籌碼,已有部位可續抱觀察，但暫不追價；若收盤跌破60日EMA約 250.22 且法人籌碼轉弱，先減碼三分之一。,未觸發明確減碼訊號,73.6,69.5,50.8,85,100,可用,254,261,51.98,39.73,3.67,62.3,142.27,7.84,16.74,1.87,2.82,41,612,1964,3336,3087,2622,-248,13383.722,11732.519,-8330.514,3672.488000000001,-63.478,99.41400000000004,647.9170000000003,5293.96,2,3,25251156,891.7109999999999,3881.8639999999996,40.36,12702,10123,-3338,,13072.342,10741.394,-12860.294999999998,-1386.25,53.73,58.87,57.42,61.77,true,true,0.97,1.4,主動ETF 5日轉為減碼；外資持股尚未完成5／10日可比核對或期間有非市場異動；此項不給分，不解讀為轉弱；ETF加碼金額或跨基金共識尚未同時成立
45,6414,樺漢,TWSE,電腦及週邊設備業,等待確認,正常持有,standard,今天不下單,每個交易日收盤後，檢查趨勢與法人籌碼,已有部位可續抱觀察，但暫不追價；若收盤跌破60日EMA約 392.40 且法人籌碼轉弱，先減碼三分之一。,未觸發明確減碼訊號,71.2,69.5,50.7,85,100,完整,407.5,408,43.06,29.39,5.47,64.66,128.3,12.31,16.92,2.15,3.38,7,3,3,-1,1,27,0,361.988,871.708,322.91499999999996,-759.3460000000001,3,57,34,101,2,2,23227500,153.986,161.76899999999995,44.33,309,650,11,,304.914,660.722,127.146,-959.2080000000001,59.92,78.5,67.3,100.9,false,false,4.81,8.96,20日累積後5日轉為調節
46,2368,金像電,TWSE,電子零組件業,等待確認,保護持有,protect,今天不新增部位；未完成確認前不機械式賣出,今天收盤後；若跌破，再看下一交易日是否收復,"已有部位暫停加碼；若收盤跌破60日EMA約 1,069.99，且下一交易日仍未收復，先減碼三分之一；若ETF或外資繼續轉弱，再分批降低部位。",外資持股5/10日下降且外資5日賣超,69.2,69,55.9,85,100,可用,1215,1300,76.39,71.25,26.62,56.53,165.77,16.17,43.61,14.91,0.81,36,5,139,1005,2406,1784,917,1282.022,-4535.878000000001,-8358.283,-15497.616,17.872,1911.591,3992.7960000000003,2427.0330000000004,4,1,2322583065,556.354,1575.691,22.16,892,-7197,-13916,,917.601,-7003.823,-13926.77,-19053.54,63.56,81.68,72.7,99.64,false,false,12.12,9.95,外資持股5/10日下降，且外資5日賣超；20日趨勢尚未上彎；短線過熱或乖離過大；借券賣出與借券賣出餘額壓力升高
47,2404,漢唐,TWSE,其他電子業,等待確認,正常持有,standard,今天不下單,每個交易日收盤後，檢查趨勢與法人籌碼,"已有部位可續抱觀察，但暫不追價；若收盤跌破60日EMA約 1,137.89 且法人籌碼轉弱，先減碼三分之一。",未觸發明確減碼訊號,66,68.8,51.9,85,100,完整,1310,1325,59.05,71.61,19.79,81.91,117.19,36.23,19.76,13.81,3.05,15,-17,42,195,244,196,34,459.691,1570.662,5155.011,5156.401999999999,-17,1883.892,3671.892,3550.892,3,2,2467898520,-66.571,217.718,37.78,444,-204,1387,,465.044,-246.6590000000001,1265.4009999999998,1438.5969999999998,68.01,85.27,84.9,86.03,false,false,11.02,1.95,短線過熱或乖離過大
48,6664,群翊,TPEX,電子零組件業,等待確認,正常持有,standard,今天不下單,每個交易日收盤後，檢查趨勢與法人籌碼,已有部位可續抱觀察，但暫不追價；若收盤跌破60日EMA約 359.22 且法人籌碼轉弱，先減碼三分之一。,未觸發明確減碼訊號,67.9,68.8,61.6,85,100,可用,385,391.5,32.28,18.74,34.02,56.53,188.59,7.29,23.15,5.62,2.63,2,2,4,4,6,12,0,259.08,259.08,259.08,259.08,2,2,2,2,1,0,770000,17.637,17.637,11.71,,,,,239.443,239.443,239.443,239.443,66.72,79.71,73.65,91.84,false,false,7.43,7.39,外資持股尚未完成5／10日可比核對或期間有非市場異動；此項不給分，不解讀為轉弱；ETF加碼金額或跨基金共識尚未同時成立
49,3661,世芯-KY,TWSE,半導體業,等待確認,正常持有,standard,今天不下單,每個交易日收盤後，檢查趨勢與法人籌碼,"已有部位可續抱觀察，但暫不追價；若收盤跌破60日EMA約 3,805.82 且法人籌碼轉弱，先減碼三分之一。",未觸發明確減碼訊號,76,68.5,59.6,85,100,可用,3950,4010,273.61,13.58,25.49,32.68,290.95,37.57,57.93,5.64,0.82,21,42,50,58,-2079,-2357,37,604.685,534.836,1092.859,-3193.915,270,272,-1904.224,-2747.324,2,3,1074400000,48.836000000000006,244.04500000000002,50.82,393,314,2524,,314.372,214.00000000000003,2753.038,-519.064,56.77,75.46,65.87,94.63,false,false,5.02,4.77,20日趨勢尚未上彎
50,6907,雅特力-KY,TPEX,半導體業,等待確認,正常持有,standard,今天不下單,每個交易日收盤後，檢查趨勢與法人籌碼,已有部位可續抱觀察，但暫不追價；若收盤跌破60日EMA約 180.96 且法人籌碼轉弱，先減碼三分之一。,未觸發明確減碼訊號,67.1,68.5,57.5,85,100,可用,193.5,193.5,198.72,115.32,15.78,36.08,303.6,4,38.86,7.48,0.51,1,0,0,40,60,60,0,258.216,258.216,258.216,258.216,0,0,0,0,0,0,0,-22.932,-22.932,53.41,,,,,281.148,281.148,281.148,281.148,54.41,61.25,57.38,69,false,false,2.98,6.32,外資持股尚未完成5／10日可比核對或期間有非市場異動；此項不給分，不解讀為轉弱；ETF加碼金額或跨基金共識尚未同時成立
51,8016,矽創,TWSE,半導體業,等待確認,正常持有,standard,今天不下單,每個交易日收盤後，檢查趨勢與法人籌碼,已有部位可續抱觀察，但暫不追價；若收盤跌破60日EMA約 288.51 且法人籌碼轉弱，先減碼三分之一。,未觸發明確減碼訊號,68.9,68,64.7,85,100,完整,293.5,294.5,23.69,28.97,14.18,31.5,231.35,12.28,14.67,2.61,3.92,10,75,167,212,168,252,0,181.667,478.16099999999994,766.6189999999999,677.2629999999999,75,212.404,167.809,252.045,5,0,62340574,9.568999999999999,14.834,46.92,119,271,733,,109.498,256.188,583.976,458.3000000000001,57.53,88.84,77.51,111.48,false,false,2.63,3.53,20日趨勢尚未上彎；ETF加碼金額或跨基金共識尚未同時成立
52,2383,台光電,TWSE,電子零組件業,等待確認,正常持有,standard,今天不下單,每個交易日收盤後，檢查趨勢與法人籌碼,"已有部位可續抱觀察，但暫不追價；若收盤跌破60日EMA約 5,193.18 且法人籌碼轉弱，先減碼三分之一。",未觸發明確減碼訊號,67.7,67.9,48.9,85,100,可用,5700,6270,129.85,95.18,24.72,63.23,135.5,42.46,89.13,35.01,0.44,52,-6,66,244,-79,-192,199,19.644,-552.713,-1831.011,-2874.9660000000003,-17.107,25.923000000000002,-2415.163,-3921.2690000000002,2,3,147761100,165.05299999999997,471.185,43.54,-107,-1021,38,,-99.57,-743.6890000000001,112.96699999999993,515.755,62.56,75.88,56.83,113.98,false,false,10.07,12.87,20日趨勢尚未上彎；短線過熱或乖離過大
53,7751,竑騰,TPEX,半導體業,等待確認,正常持有,standard,今天不下單,每個交易日收盤後，檢查趨勢與法人籌碼,"已有部位可續抱觀察，但暫不追價；若收盤跌破60日EMA約 1,508.79 且法人籌碼轉弱，先減碼三分之一。",未觸發明確減碼訊號,68.7,67.6,52.2,85,100,可用,1605,1635,41.32,61.38,33.81,48.73,198.28,13.85,62.21,18.28,1.12,2,0,40,98,98,113,98,12.989,12.989,12.989,12.989,0,0,0,0,0,0,0,4.981,4.981,10.35,,,,,8.008,8.008,8.008,8.008,55.76,77.2,74.86,81.88,false,false,4.76,5.94,外資持股尚未完成5／10日可比核對或期間有非市場異動；此項不給分，不解讀為轉弱；20日趨勢尚未上彎
54,1326,台化,TWSE,塑膠工業,等待確認,正常持有,standard,今天不下單,每個交易日收盤後，檢查趨勢與法人籌碼,已有部位可續抱觀察，但暫不追價；若收盤跌破60日EMA約 64.28 且法人籌碼轉弱，先減碼三分之一。,未觸發明確減碼訊號,82.3,67.4,54.5,85,100,完整,71.6,71.7,31.7,15.97,2.99,23.33,283.06,2.11,30.34,0.81,0.84,8,0,421,421,863,-139,417,-2093.676,19578.236000000004,13408.885000000006,14974.724000000002,0,421,863,-2.230000000000018,2,0,30143600,183.851,434.51,38.93,-3105,17537,12986,,-1787.309,18973.385,12111.374999999996,15204.960999999994,59.84,70.61,56.13,99.58,false,false,5.17,6.87,ETF加碼金額或跨基金共識尚未同時成立；單季稅前獲利對營業外貢獻依賴偏高
55,2890,永豐金,TWSE,金融保險業,等待確認,保護持有,protect,今天不新增部位；未完成確認前不機械式賣出,今天收盤後；若跌破，再看下一交易日是否收復,已有部位暫停加碼；若收盤跌破60日EMA約 41.30，且下一交易日仍未收復，先減碼三分之一；若ETF或外資繼續轉弱，再分批降低部位。,外資持股5/10日下降且外資5日賣超,73.1,67.4,54.5,85,100,可用,44.05,43.95,49.48,53.91,,93.3,,1.66,16.62,2.41,2.95,32,3333,11231,15536,19288,59634,3558,-844.364,-4320.473,-4822.614,14224.179000000002,652.197,7368.376,10377.306,54885.27099999999,4,1,324576963,4500.35,6365.844000000001,29.36,-3516,-20506,-23228,,-1735.964,-16189.199,-21565.764,-48581.819,55.4,30.63,38.85,14.17,false,false,0.47,-2.44,外資持股5/10日下降，且外資5日賣超
56,3014,聯陽,TWSE,半導體業,等待確認,保護持有,protect,今天不新增部位；未完成確認前不機械式賣出,今天收盤後；若跌破，再看下一交易日是否收復,已有部位暫停加碼；若收盤跌破60日EMA約 135.80，且下一交易日仍未收復，先減碼三分之一；若ETF或外資繼續轉弱，再分批降低部位。,KD高檔死亡交叉（僅屬時機警示）,68.3,67.2,66.9,85,100,可用,146.5,146.5,5.33,0.16,28.48,33.51,218.05,5.88,14.8,3.31,5.8,10,153,222,273,461,621,0,-109.913,1153.886,1408.79,2075.459,153,273.482,461.904,622.12,5,0,40065113,41.894,76.247,20.27,-33,969,1006,,-273.087,838.51,870.639,1377.935,70.45,84.02,80.6,90.86,true,true,6.08,4.27,KD高檔死亡交叉，等待動能確認；ETF加碼金額或跨基金共識尚未同時成立
57,6187,萬潤,TPEX,半導體業,等待確認,正常持有,strong,強勢續抱；不追高,今日收盤確認是否守住20日EMA,"價格仍在20／60日EMA之上且短線強勢；法人未同步轉弱。若收盤跌破20日EMA約 1,289.00 且法人續弱，再轉為保護持有。",價格強勢站上20／60日EMA；法人未同步轉弱,67.4,67.2,55.2,85,100,可用,1490,1530,103.06,51.11,29.5,35.14,178.04,11.9,77.24,17.03,0.78,17,-13,-83,36,-53,76,38,533.586,533.586,533.586,533.586,-16,-16,-16,-16,0,1,-23840000,60.725,60.725,34.02,,,,,488.861,488.861,488.861,488.861,67.91,69.93,52.85,104.08,false,false,15.59,24.69,ETF 1/3日已轉為減碼；外資持股尚未完成5／10日可比核對或期間有非市場異動；此項不給分，不解讀為轉弱；短線過熱或乖離過大
58,4766,南寶,TWSE,化學工業,等待確認,正常持有,standard,今天不下單,每個交易日收盤後，檢查趨勢與法人籌碼,已有部位可續抱觀察，但暫不追價；若收盤跌破60日EMA約 341.90 且法人籌碼轉弱，先減碼三分之一。,未觸發明確減碼訊號,62.7,67,60,85,100,完整,346.5,350,14.17,11.43,16.69,49.05,191.73,13.82,14.78,2.95,5.19,5,0,0,0,-13,-13,0,-41.831,212.75199999999995,343.183,420.64300000000003,0,0,-13,-26,0,0,0,3.5870000000000006,2.8090000000000006,16.06,-131,215,348,,-34.768,209.165,353.374,468.62500000000006,54.74,66.16,68.46,61.56,true,true,1.09,0.87,20日趨勢尚未上彎
59,5243,乙盛-KY,TWSE,光電業,等待確認,正常持有,standard,今天不下單,每個交易日收盤後，檢查趨勢與法人籌碼,已有部位可續抱觀察，但暫不追價；若收盤跌破60日EMA約 92.00 且法人籌碼轉弱，先減碼三分之一。,未觸發明確減碼訊號,65,67,62.5,85,100,完整,95.7,98,54.12,10.26,11.49,39.81,168.64,3,18.26,1.86,2.3,1,0,0,0,0,0,0,431.411,686.534,104.99600000000007,-559.788,0,0.02,0.02,0.02,1,0,1914,146.273,-23.657000000000004,52.43,231,212,-368,,319.174,540.241,128.633,-384.74499999999995,61.9,81.2,70.46,102.7,false,false,5.51,7.41,
60,3030,德律,TWSE,其他電子業,等待確認,正常持有,standard,今天不下單,每個交易日收盤後，檢查趨勢與法人籌碼,已有部位可續抱觀察，但暫不追價；若收盤跌破60日EMA約 288.78 且法人籌碼轉弱，先減碼三分之一。,未觸發明確減碼訊號,63.2,66.7,70,85,100,完整,305.5,321,31.88,27.42,38.59,34.3,215.96,7.36,23.14,7.42,2.29,5,0,0,0,-2,-2,0,-517.924,910.017,1207.5990000000002,-587.0400000000001,0,0,0,9.3,0,0,0,326.39899999999994,330.72999999999996,9.97,-415,912,855,,-509.094,583.618,876.8689999999999,-698.7049999999999,68.32,85.36,75.28,105.51,false,false,9.13,13.15,20日趨勢尚未上彎；短線過熱或乖離過大
61,3324,雙鴻,TPEX,其他電子業,等待確認,正常持有,standard,今天不下單,每個交易日收盤後，檢查趨勢與法人籌碼,"已有部位可續抱觀察，但暫不追價；若收盤跌破60日EMA約 1,256.78 且法人籌碼轉弱，先減碼三分之一。",未觸發明確減碼訊號,66.7,66.5,53.6,85,100,可用,1550,1610,67.18,81.01,16.87,59.14,183.92,23.01,35.75,10.88,0.77,6,0,5,6,67,62,3,-444.997,-444.997,-444.997,-444.997,0,0,0,0,0,0,0,140.963,140.963,38.92,,,,,-585.96,-585.96,-585.96,-585.96,59.7,44.62,58.38,17.1,false,false,6.28,-9.36,外資持股尚未完成5／10日可比核對或期間有非市場異動；此項不給分，不解讀為轉弱
62,6197,佳必琪,TWSE,電子零組件業,等待確認,正常持有,strong,強勢續抱；不追高,今日收盤確認是否守住20日EMA,價格仍在20／60日EMA之上且短線強勢；法人未同步轉弱。若收盤跌破20日EMA約 318.45 且法人續弱，再轉為保護持有。,價格強勢站上20／60日EMA；法人未同步轉弱,70.9,66.5,60.1,85,100,完整,345,379,25.35,23.68,22.77,43.32,210.43,7,29.16,7.5,2.01,2,0,191,191,191,191,191,24.685,483.62,896.9730000000001,704.7260000000001,0,191,191.027,155.027,2,0,65895000,-16.168999999999997,-68.227,5.12,62,146,542,,63.45,308.789,774.173,725.01,69.11,85.61,81.27,94.28,false,false,8.34,7.81,短線過熱或乖離過大
63,9958,世紀鋼,TWSE,鋼鐵工業,等待確認,正常持有,standard,今天不下單,每個交易日收盤後，檢查趨勢與法人籌碼,已有部位可續抱觀察，但暫不追價；若收盤跌破60日EMA約 98.13 且法人籌碼轉弱，先減碼三分之一。,未觸發明確減碼訊號,52.3,66.5,59.6,85,100,完整,89.8,90.9,91.07,41.49,21.68,56.42,122.11,4.08,12.76,1.88,5.01,3,0,0,0,385,385,0,-542.876,-536.111,173.50800000000004,2864.2199999999993,0,0,385,323.477,0,0,0,-59.784000000000006,-76.516,9.1,-281,-48,1280,,-520.238,-476.327,-134.976,2681.596,39.49,32.73,52.22,-6.23,false,true,-2.68,-2.6,當下除權息調整價未守20日EMA
64,2421,建準,TWSE,電子零組件業,等待確認,正常持有,standard,今天不下單,每個交易日收盤後，檢查趨勢與法人籌碼,已有部位可續抱觀察，但暫不追價；若收盤跌破60日EMA約 156.05 且法人籌碼轉弱，先減碼三分之一。,未觸發明確減碼訊號,65.9,66.4,58.5,85,100,完整,169.5,172,26.03,21.08,15.56,50.21,164.23,4.78,18.23,4.61,3.09,5,1,30,14,-153,-330,0,768.153,1116.622,2243.578,380.7209999999995,1,15,-150,-224,2,3,2542500,-8.456000000000017,47.31199999999998,37.06,751,1292,2498,,735.749,1110.078,2346.2659999999996,608.8049999999996,58.13,57.09,49.15,72.97,true,false,3.46,1.5,20日趨勢尚未上彎
65,3653,健策,TWSE,電子零組件業,等待確認,保護持有,protect,今天不新增部位；未完成確認前不機械式賣出,今天收盤後；若跌破，再看下一交易日是否收復,"已有部位暫停加碼；若收盤跌破60日EMA約 5,282.00，且下一交易日仍未收復，先減碼三分之一；若ETF或外資繼續轉弱，再分批降低部位。",外資持股5/10日下降且外資5日賣超,67.9,66.4,64.5,85,100,可用,7205,7205,90.9,42.93,35.34,28.69,256.61,25.33,162.6,44.84,0.3,38,20,116,180,196,331,154,-81.201,-556.845,-633.3730000000002,-125.90700000000021,18.468,295.706,642.931,831.2060000000002,5,0,2130561730,14.075,41.839,25.53,-70,-916,-1376,,-99.383,-866.626,-1318.143,-916.931,73.74,83.36,80.05,89.96,false,false,16.22,4.12,外資持股5/10日下降，且外資5日賣超；短線過熱或乖離過大
66,3005,神基,TWSE,電腦及週邊設備業,等待確認,正常持有,standard,今天不下單,每個交易日收盤後，檢查趨勢與法人籌碼,已有部位可續抱觀察，但暫不追價；若收盤跌破60日EMA約 114.11 且法人籌碼轉弱，先減碼三分之一。,未觸發明確減碼訊號,65.1,66.3,65.8,85,100,完整,117,117,18.39,9.96,15.34,44.17,195.75,4.27,13.9,2.87,5.8,13,147,269,365,999,1626,0,-100.548,461.09299999999996,1203.1519999999998,5410.407999999999,38,77.541,668.483,1412.211,5,0,9072297,276.13,422.83200000000005,15.07,-262,-993,-2172,,-163.259,107.42199999999997,111.83699999999993,3633.7890000000007,52.62,36.46,45.61,18.15,false,false,0.27,0.43,ETF加碼，但外資持股5/10日同步下降
67,6274,台燿,TPEX,電子零組件業,等待確認,正常持有,strong,強勢續抱；不追高,今日收盤確認是否守住20日EMA,"價格仍在20／60日EMA之上且短線強勢；法人未同步轉弱。若收盤跌破20日EMA約 1,491.12 且法人續弱，再轉為保護持有。",價格強勢站上20／60日EMA；法人未同步轉弱,68.1,66.3,55.4,85,100,可用,1780,1920,132.48,97.01,21.29,48.55,205.37,12.4,90.4,22.06,0.42,23,-27,120,314,769,-1929,324,301.621,301.621,301.621,301.621,496,496,496,496,1,0,882880000,246.595,246.595,31.09,,,,,-440.974,-440.974,-440.974,-440.974,72.86,89.47,82.78,102.84,false,false,19.37,19.06,外資持股尚未完成5／10日可比核對或期間有非市場異動；此項不給分，不解讀為轉弱；短線過熱或乖離過大
68,2618,長榮航,TWSE,航運業,等待確認,正常持有,standard,今天不下單,每個交易日收盤後，檢查趨勢與法人籌碼,已有部位可續抱觀察，但暫不追價；若收盤跌破60日EMA約 41.68 且法人籌碼轉弱，先減碼三分之一。,未觸發明確減碼訊號,64.7,66.1,56.9,85,100,完整,41.9,41.8,24.92,18.06,13.25,62.38,115.28,2.24,8.82,1.62,4.77,29,868,306,2914,29129,38631,-4652,-878.465,7430.286,30901.550999999996,42281.246999999996,-27,519.8410000000001,26358.071000000004,36212.72400000001,3,2,21781338,1963.9650000000001,3299.6639999999998,32.8,-1224,3130,3543,,-920.518,4946.48,1243.815999999999,3282.9429999999993,48.31,47.38,55.01,32.13,false,true,-0.58,-0.24,主動ETF 5日轉為減碼；20日趨勢尚未上彎；當下除權息調整價未守20日EMA
69,5536,聖暉*,TPEX,其他電子業,等待確認,正常持有,standard,今天不下單,每個交易日收盤後，檢查趨勢與法人籌碼,已有部位可續抱觀察，但暫不追價；若收盤跌破60日EMA約 939.76 且法人籌碼轉弱，先減碼三分之一。,未觸發明確減碼訊號,67.1,66,54.2,85,100,可用,954,975,44.54,26.89,17.71,55.52,160.97,23.73,23.84,7.13,2.1,8,1,5,16,15,62,0,324.99,324.99,324.99,324.99,3,3,3,3,1,0,2862000,40.962,40.962,42.24,,,,,281.028,281.028,281.028,281.028,61.16,84.59,83.09,87.61,false,false,5.94,5.76,外資持股尚未完成5／10日可比核對或期間有非市場異動；此項不給分，不解讀為轉弱
70,2441,超豐,TWSE,半導體業,等待確認,正常持有,standard,今天不下單,每個交易日收盤後，檢查趨勢與法人籌碼,已有部位可續抱觀察，但暫不追價；若收盤跌破60日EMA約 119.87 且法人籌碼轉弱，先減碼三分之一。,未觸發明確減碼訊號,62.4,65.9,67.3,85,100,完整,124,124.5,41.98,26.93,20.06,18.34,230.57,2.98,22.96,2.57,2.43,7,244,565,617,-1534,-2077,0,-812.813,-1001.175,4202.412,4610.378,244,618,-1251,-1688,4,1,76632000,-6.180000000000003,164.12099999999998,11.08,-725,-1110,4536,,-993.523,-1612.9950000000001,5289.290999999999,6349.245,54.76,46.92,56.95,26.86,false,false,1.95,0,
71,6788,華景電,TPEX,半導體業,等待確認,正常持有,standard,今天不下單,每個交易日收盤後，檢查趨勢與法人籌碼,已有部位可續抱觀察，但暫不追價；若收盤跌破60日EMA約 358.39 且法人籌碼轉弱，先減碼三分之一。,未觸發明確減碼訊號,60.6,65.8,70.4,85,100,可用,376.5,376.5,20.38,18.49,34.89,32.23,315.71,9.79,19.5,5.53,3.98,2,0,0,0,-1,-1,0,143.296,143.296,143.296,143.296,0,0,0,0,0,0,0,11.474,11.474,14.32,,,,,131.822,131.822,131.822,131.822,65.53,78.55,73.09,89.45,false,false,8.4,11.06,外資持股尚未完成5／10日可比核對或期間有非市場異動；此項不給分，不解讀為轉弱；20日趨勢尚未上彎
72,8131,福懋科,TWSE,半導體業,等待確認,正常持有,standard,今天不下單,每個交易日收盤後，檢查趨勢與法人籌碼,已有部位可續抱觀察，但暫不追價；若收盤跌破60日EMA約 63.45 且法人籌碼轉弱，先減碼三分之一。,未觸發明確減碼訊號,64.6,65.8,64.8,85,100,完整,63.5,64,29.25,37.5,15.72,21.17,277.62,1.93,18.41,1.82,1.57,2,0,0,0,-1,-1,0,-74.702,1654.94,739.613,-3595.13,0,0,-1,-1,0,0,0,30.153,64.39699999999999,3.22,-48,1457,688,,-68.127,1624.787,676.216,-3614.9200000000005,56.37,64.5,62.14,69.23,false,false,2.57,3.42,
73,4961,天鈺,TWSE,半導體業,等待確認,正常持有,standard,今天不下單,每個交易日收盤後，檢查趨勢與法人籌碼,已有部位可續抱觀察，但暫不追價；若收盤跌破60日EMA約 171.76 且法人籌碼轉弱，先減碼三分之一。,未觸發明確減碼訊號,66.9,65.6,66.9,85,100,完整,184,185,50.15,10.63,7.97,20.7,391.38,5.07,20.67,1.28,4.2,3,109,153,180,198,199,0,315.489,865.233,1782.841,5566.234,109,180,198,199,3,1,33120000,25.509,-14.011000000000001,26.04,288,764,1266,,210.012,659.7239999999999,1598.8519999999999,5195.214999999999,60.12,62.93,65.45,57.9,false,false,2.97,1.94,
74,6245,立端,TPEX,通信網路業,等待確認,正常持有,standard,今天不下單,每個交易日收盤後，檢查趨勢與法人籌碼,已有部位可續抱觀察，但暫不追價；若收盤跌破60日EMA約 83.26 且法人籌碼轉弱，先減碼三分之一。,未觸發明確減碼訊號,61.1,65.5,64.7,85,100,可用,89.1,90,38.36,20.67,8.15,41.82,223.77,1.81,20.34,2.2,4.26,1,0,0,0,0,-1,0,327.575,327.575,327.575,327.575,0,0,0,0,0,0,0,0.697,0.697,13.65,,,,,326.878,326.878,326.878,326.878,61.37,68.93,66.29,74.23,false,false,4.19,3.97,外資持股尚未完成5／10日可比核對或期間有非市場異動；此項不給分，不解讀為轉弱
75,3034,聯詠,TWSE,半導體業,等待確認,正常持有,standard,今天不下單,每個交易日收盤後，檢查趨勢與法人籌碼,已有部位可續抱觀察，但暫不追價；若收盤跌破60日EMA約 529.70 且法人籌碼轉弱，先減碼三分之一。,未觸發明確減碼訊號,70.7,65.4,58.9,85,100,可用,543,543,26.33,4.11,20.26,42.09,222.47,16.59,18.95,4.79,4.24,50,264,699,492,580,1269,43,1073.826,2905.161,5922.799000000001,12965.067,163,173.61,219.577,950.493,3,2,94270230,258.394,587.239,45.39,839,2990,6377,,878.954,2473.157,5115.983,11295.851999999999,50.59,43.07,47.76,33.69,false,false,-0.09,0,當下除權息調整價未守20日EMA
76,8926,台汽電,TWSE,油電燃氣業,等待確認,正常持有,standard,今天不下單,每個交易日收盤後，檢查趨勢與法人籌碼,已有部位可續抱觀察，但暫不追價；若收盤跌破60日EMA約 59.86 且法人籌碼轉弱，先減碼三分之一。,未觸發明確減碼訊號,63.4,65.4,46.1,85,100,完整,59.1,59.1,1263.62,824.82,8.18,62.23,145.36,3.27,16.24,2.47,3.59,5,-16,-21,220,401,610,0,116.116,776.7089999999998,759.0869999999998,-3113.982,-16,221,406,637.746,2,2,13061100,68.44500000000001,109.38600000000001,6.57,200,-547,-371,,132.311,487.264,243.70099999999996,-3903.197,52.55,48.44,50.25,44.82,false,false,0.85,0.51,ETF 1/3日已轉為減碼；ETF加碼，但外資持股5/10日同步下降
77,2308,台達電,TWSE,電子零組件業,等待確認,正常持有,standard,今天不下單,每個交易日收盤後，檢查趨勢與法人籌碼,"已有部位可續抱觀察，但暫不追價；若收盤跌破60日EMA約 1,826.18 且法人籌碼轉弱，先減碼三分之一。",未觸發明確減碼訊號,73.7,65.2,48.5,85,100,可用,2005,2085,34.95,41.06,17.22,53.58,159.95,17.59,63.81,17.73,0.58,53,-184,51,777,2225,827,288,8351.782,4838.927999999999,15236.956999999999,2059.827999999998,29.292,1113.224,6758.698,3630.2890000000007,5,0,2232014120,554.846,1992.4250000000002,61.71,7974,2828,6035,,7962.966,3170.858000000001,6485.834000000001,-3394.51,64.63,81.56,75.63,93.41,false,false,9.16,4.97,外資持股尚未完成5／10日可比核對或期間有非市場異動；此項不給分，不解讀為轉弱；短線過熱或乖離過大
78,3665,貿聯-KY,TWSE,其他電子業,等待確認,正常持有,standard,今天不下單,每個交易日收盤後，檢查趨勢與法人籌碼,"已有部位可續抱觀察，但暫不追價；若收盤跌破60日EMA約 2,185.74 且法人籌碼轉弱，先減碼三分之一。",未觸發明確減碼訊號,73.1,65.2,55.1,85,100,可用,2485,2610,53.99,40.01,16.12,46.24,213.69,26.94,45.63,9.78,0.61,38,2,88,572,200,-80,629,496.994,2198.092,2419.928,-249.04300000000006,-1759.066,156.13400000000001,749.2090000000001,581.575,4,1,387992990,-64.703,9.562999999999992,50.42,1832,1773,1598,,2229.745,2106.661,1661.1560000000002,-795.1609999999996,62.35,74.94,79.88,65.06,false,true,8.35,6.2,短線過熱或乖離過大
79,3533,嘉澤,TWSE,電子零組件業,等待確認,正常持有,strong,強勢續抱；不追高,今日收盤確認是否守住20日EMA,"價格仍在20／60日EMA之上且短線強勢；外資偏弱先觀察，不因分歧減碼。若收盤跌破20日EMA約 1,715.93 且法人續弱，再轉為保護持有。",價格強勢站上20／60日EMA；外資偏弱，先觀察,66.2,65,70.2,85,100,可用,1875,2025,19.58,17.7,25.46,25.84,276.95,39.04,22.86,5.15,1.86,16,77,40,6,-113,-253,42,77.496,397.907,-385.5910000000001,-1425.5020000000004,433,669,664.059,491.5439999999999,3,1,1254375000,30.483999999999998,75.86399999999999,43.39,-243,-172,-990,,-335.493,-301.57699999999994,-1125.514,-1898.0079999999998,65.42,90.58,82.04,107.67,false,false,9.27,10.95,外資持股5/10日下降，且外資5日賣超；短線過熱或乖離過大；借券賣出與借券賣出餘額壓力升高
80,2472,立隆電,TWSE,電子零組件業,等待確認,保護持有,protect,今天不新增部位；未完成確認前不機械式賣出,今天收盤後；若跌破，再看下一交易日是否收復,已有部位暫停加碼；若收盤跌破60日EMA約 238.88，且下一交易日仍未收復，先減碼三分之一；若ETF或外資繼續轉弱，再分批降低部位。,外資持股5/10日下降且外資5日賣超,60.7,64.9,69.5,85,100,完整,227,232,51.19,24.38,20.37,26.28,287.97,3.98,23.12,3.92,1.54,3,0,0,0,0,-206,0,-425.308,-2018.9040000000002,-3658.9059999999995,-3183.5899999999992,0,9,-1315,-6016.8,1,0,2043000,38.69,66.211,13.25,-350,-1503,-2145,,-398.293,-2066.5940000000005,-2410.117000000001,2810.495999999999,53.37,66.16,60.05,78.38,true,false,3.13,3.89,外資持股5/10日下降，且外資5日賣超
81,2527,宏璟,TWSE,建材營造,等待確認,正常持有,standard,今天不下單,每個交易日收盤後，檢查趨勢與法人籌碼,已有部位可續抱觀察，但暫不追價；若收盤跌破60日EMA約 44.50 且法人籌碼轉弱，先減碼三分之一。,未觸發明確減碼訊號,59.2,64.9,65.6,85,100,完整,51.8,52.3,4.18,1088.12,22.9,25.51,148.94,3.99,9.1,0.37,2.9,1,0,0,0,0,0,0,708.212,1783.689,2851.5,2223.3109999999997,0,0,0,0,0,0,0,3.772000000000001,32.5,43.94,697,1368,2356,,697.114,1779.9170000000001,2819.0000000000005,2206.37,72.64,80.16,79.72,81.03,false,false,10.18,8.03,
82,4904,遠傳,TWSE,通信網路業,等待確認,保護持有,protect,今天不新增部位；未完成確認前不機械式賣出,今天收盤後；若跌破，再看下一交易日是否收復,已有部位暫停加碼；若收盤跌破60日EMA約 103.28，且下一交易日仍未收復，先減碼三分之一；若ETF或外資繼續轉弱，再分批降低部位。,投信5/10日持續且具金額意義地賣超,69.4,64.9,51.4,85,100,可用,105.5,105.5,15.65,11.38,17.57,51.58,74.42,2.14,25.67,4.42,3.61,32,-522,70,556,1338,2593,-28,-413.413,2041.328,3887.448,12088.839,-1152.651,-1236.651,-687.8290000000001,1099.1109999999999,1,3,-130466680,1558.5430000000001,2263.732,20.26,240,1124,1686,,597.962,1719.4359999999997,2311.5449999999996,8619.809,54.69,54.58,50.11,63.53,true,false,0.68,0,主動ETF 5日轉為減碼；投信5/10日持續且具金額意義的賣超
83,2889,國票金,TWSE,金融保險業,等待確認,正常持有,standard,今天不下單,每個交易日收盤後，檢查趨勢與法人籌碼,已有部位可續抱觀察，但暫不追價；若收盤跌破60日EMA約 16.00 且法人籌碼轉弱，先減碼三分之一。,未觸發明確減碼訊號,51.8,64.8,67.8,85,100,可用,16,16,51.9,94.92,,88.92,,0.77,13.11,1.22,3.69,2,0,0,0,-3,-3,0,-5854.95,-17564.072,-29840.004,921.107,0,0,-3,-3,0,0,0,-450.501,-143.85799999999995,10.99,-6075,-19280,-28896,,-5714.95,-17113.571,-29693.145999999997,881.8470000000079,41.3,10.77,20.45,-8.58,false,false,-2.68,-3.32,外資持股尚未完成5／10日可比核對或期間有非市場異動；此項不給分，不解讀為轉弱；當下除權息調整價未守20日EMA
84,2363,矽統,TWSE,半導體業,等待確認,保護持有,protect,今天不新增部位；未完成確認前不機械式賣出,今天收盤後；若跌破，再看下一交易日是否收復,已有部位暫停加碼；若收盤跌破60日EMA約 55.69，且下一交易日仍未收復，先減碼三分之一；若ETF或外資繼續轉弱，再分批降低部位。,外資持股5/10日下降且外資5日賣超,64.6,64.6,57.2,85,100,完整,59.6,59.8,81.06,92.6,5.52,5.93,176.11,0.2,110.37,0.63,1.02,2,0,0,40,60,60,0,-3127.324,-1658.0300000000007,-992.1200000000013,-486.414000000001,0,40,60,60,2,0,2384000,949.557,2271.004,6.3,-1284,-1512,-1818,,-2526.88,-2647.587,-3323.124000000001,-3097.7180000000008,60.58,70.25,70.71,69.33,false,true,5.08,1.53,外資持股5/10日下降，且外資5日賣超
85,4551,智伸科,TWSE,汽車工業,等待確認,正常持有,strong,強勢續抱；不追高,今日收盤確認是否守住20日EMA,價格仍在20／60日EMA之上且短線強勢；外資偏弱先觀察，不因分歧減碼。若收盤跌破20日EMA約 168.70 且法人續弱，再轉為保護持有。,價格強勢站上20／60日EMA；外資偏弱，先觀察,63.1,64.5,59.3,85,100,完整,186,190.5,33.5,21.06,14.4,37.61,221.94,4.77,19.52,2.32,2.26,2,0,-2,-3,89,86,0,-1920.698,-3644.8649999999993,-3589.0819999999994,-5289.950000000001,223,351,443,36,2,2,65286000,58.133,55.226,50.93,-1901,-3650,-3685,,-2105.433,-4053.9980000000005,-4087.308000000001,-5325.664000000001,63.98,75.95,67.12,93.61,false,false,10.25,13.76,20日累積後5日轉為調節；外資持股5/10日下降，且外資5日賣超；短線過熱或乖離過大；融資增幅與短線漲幅同步偏高
86,8081,致新,TWSE,半導體業,等待確認,正常持有,standard,今天不下單,每個交易日收盤後，檢查趨勢與法人籌碼,已有部位可續抱觀察，但暫不追價；若收盤跌破60日EMA約 257.80 且法人籌碼轉弱，先減碼三分之一。,未觸發明確減碼訊號,65.4,64.4,67.1,85,100,可用,259,261.5,10.57,1.63,18.9,29.31,258.31,9.13,14.08,2.73,6.18,10,82,118,152,172,201,0,159.373,227.699,242.44799999999998,541.416,53,63.6,83.8,112.68899999999998,4,1,16472400,-133.211,-128.159,18.94,70,186,34,,101.623,297.30999999999995,286.8069999999999,571.49,56.72,82.56,73.44,100.82,true,false,2.13,1.97,20日趨勢尚未上彎
87,2449,京元電子,TWSE,半導體業,等待確認,正常持有,standard,今天不下單,每個交易日收盤後，檢查趨勢與法人籌碼,已有部位可續抱觀察，但暫不追價；若收盤跌破60日EMA約 273.53 且法人籌碼轉弱，先減碼三分之一。,未觸發明確減碼訊號,61.6,64.3,48.5,85,100,可用,294,297.5,31.58,35.53,26.25,51.32,147.28,3.91,38.53,5.74,0.51,33,162,-254,-33,1269,1626,0,-4140.777,-27616.334,20759.953,21461.504,202.581,-2809.419,4242.349,5000.763,3,2,-825969186,-1990.2019999999998,2191.8360000000002,28.67,-5206,-26394,8186,,-4134.255,-22816.713000000003,14325.768,14145.619999999999,57.17,35.39,50.43,5.31,false,false,3.18,-5.47,20日累積後5日轉為調節
88,2609,陽明,TWSE,航運業,等待確認,正常持有,standard,今天不下單,每個交易日收盤後，檢查趨勢與法人籌碼,已有部位可續抱觀察，但暫不追價；若收盤跌破60日EMA約 56.65 且法人籌碼轉弱，先減碼三分之一。,未觸發明確減碼訊號,64.6,64.3,66.7,85,100,可用,58.7,58.6,56.17,11.93,7.6,28.37,420.88,2.05,13.22,0.63,3.41,9,-59,-100,-48,78,175,0,-2728.686,2734.5729999999994,10220.050999999998,71937.98500000002,-59,-45,88.428,557.631,3,2,-2641500,-445.82400000000007,-192.79800000000006,25.98,-2276,1095,6474,,-2393.057,3225.397,10324.420999999998,72110.58,49.99,24.59,31.33,11.1,false,false,-0.72,-1.51,20日累積後5日轉為調節；ETF 1/3日已轉為減碼；當下除權息調整價未守20日EMA
89,1609,大亞,TWSE,電器電纜,等待確認,正常持有,standard,今天不下單,每個交易日收盤後，檢查趨勢與法人籌碼,已有部位可續抱觀察，但暫不追價；若收盤跌破60日EMA約 37.44 且法人籌碼轉弱，先減碼三分之一。,未觸發明確減碼訊號,60.7,64.2,50.6,85,100,完整,38.2,38,34.84,20.01,12.94,68.3,151.61,2.24,14.1,1.61,1.83,2,0,0,0,0,0,0,-56.281,-1029.4780000000003,1013.5289999999995,5124.225,0,0,0,-104,0,0,0,214.656,357.957,13.59,-26,-1063,184,,-57.122,-1244.134,655.572,4916.594000000001,54.51,60.22,66.29,48.08,false,true,0.58,0.92,
90,6291,沛亨,TPEX,半導體業,等待確認,正常持有,standard,今天不下單,每個交易日收盤後，檢查趨勢與法人籌碼,已有部位可續抱觀察，但暫不追價；若收盤跌破60日EMA約 453.74 且法人籌碼轉弱，先減碼三分之一。,未觸發明確減碼訊號,63.9,64.2,56,85,100,可用,488,496,33.42,40.5,24.29,36.66,247.35,6.36,42.14,14.41,1.23,2,0,0,30,39,39,0,-53.001,-53.001,-53.001,-53.001,0,0,0,0,0,0,0,-18.701,-18.701,4.28,,,,,-34.3,-34.3,-34.3,-34.3,55.41,33.79,44.38,12.6,false,false,1.88,0.83,外資持股尚未完成5／10日可比核對或期間有非市場異動；此項不給分，不解讀為轉弱
91,7828,創新服務,TPEX,半導體業,等待確認,正常持有,standard,今天不下單,每個交易日收盤後，檢查趨勢與法人籌碼,"已有部位可續抱觀察，但暫不追價；若收盤跌破60日EMA約 1,818.36 且法人籌碼轉弱，先減碼三分之一。",未觸發明確減碼訊號,54.3,64,69.9,85,100,可用,1840,1857.5,192.14,226.2,39.39,10.55,741.72,4.52,186.61,14.42,0.25,2,0,0,0,0,2,0,-28.672,-28.672,-28.672,-28.672,0,0,0,0,0,0,0,0.065,0.065,28.4,,,,,-28.737,-28.737,-28.737,-28.737,47.42,9.3,19.24,-10.6,false,false,-3.07,-6.6,外資持股尚未完成5／10日可比核對或期間有非市場異動；此項不給分，不解讀為轉弱；當下除權息調整價未守20日EMA
92,2881,富邦金,TWSE,金融保險業,等待確認,正常持有,standard,今天不下單,每個交易日收盤後，檢查趨勢與法人籌碼,已有部位可續抱觀察，但暫不追價；若收盤跌破60日EMA約 139.05 且法人籌碼轉弱，先減碼三分之一。,未觸發明確減碼訊號,73.9,63.9,53.6,85,100,可用,152,152,-48.02,172.43,,90.67,,6.67,14.21,1.87,2.8,35,664,6064,4989,-37,3998,2194,2489.964,3534.623999999999,2102.9869999999983,8156.0859999999975,406.941,2988.1939999999995,-2150.4230000000007,4543.204999999999,3,2,454205488,-376.534,1625.946,18.75,-545,695,1785,,2098.18,922.9639999999999,2627.464,2299.134,59.87,43.49,47.58,35.31,false,false,1.76,1.33,
93,3563,牧德,TWSE,光電業,等待確認,保護持有,protect,今天不新增部位；未完成確認前不機械式賣出,今天收盤後；若跌破，再看下一交易日是否收復,已有部位暫停加碼；若收盤跌破60日EMA約 708.09，且下一交易日仍未收復，先減碼三分之一；若ETF或外資繼續轉弱，再分批降低部位。,外資持股5/10日下降且外資5日賣超,59.9,63.9,68,85,100,完整,767,771,35.68,14.39,38.88,28.21,317.07,9.8,45.01,8.84,1.83,1,0,0,0,0,9,0,251.682,-351.075,-280.128,-597.1540000000001,0,0,0,-23,0,0,0,12.940999999999999,139.704,6.85,194,-315,-124,,221.2,-364.01599999999996,-419.83199999999994,-662.877,61.03,68.19,69.35,65.86,false,true,6.06,-0.26,外資持股5/10日下降，且外資5日賣超
94,3617,碩天,TWSE,其他電子業,等待確認,正常持有,standard,今天不下單,每個交易日收盤後，檢查趨勢與法人籌碼,已有部位可續抱觀察，但暫不追價；若收盤跌破60日EMA約 235.85 且法人籌碼轉弱，先減碼三分之一。,未觸發明確減碼訊號,56.5,63.8,74.6,85,100,完整,241.5,241.5,13.31,10.15,22.32,36.99,273.56,11.12,11.57,2.32,4.12,3,0,0,0,0,48,0,30.717,128.231,256.877,360.08,0,0,0,47.485,0,0,0,2.363,-22.351999999999997,10.04,37,146,317,,33.237,125.86800000000001,279.22900000000004,363.5080000000001,48.6,27.44,33.98,14.35,false,false,-0.66,-0.41,20日趨勢尚未上彎；當下除權息調整價未守20日EMA
95,2801,彰銀,TWSE,金融保險業,等待確認,保護持有,protect,今天不新增部位；未完成確認前不機械式賣出,今天收盤後；若跌破，再看下一交易日是否收復,已有部位暫停加碼；若收盤跌破60日EMA約 25.58，且下一交易日仍未收復，先減碼三分之一；若ETF或外資繼續轉弱，再分批降低部位。,外資持股5/10日下降且外資5日賣超,65.5,63.7,59.5,85,100,可用,27.2,27.25,21.13,14.34,,93.5,,0.94,16,1.39,3.86,20,1411,14722,15915,16657,78702,1122,-5978.289,-2139.28,-19018.629,-19704.653,1411,15870,16514.184,79090.00899999999,4,1,431664000,-148.202,1244.0539999999999,16.34,-5465,-16479,-22887,,-7368.063,-17861.077999999998,-36776.867,-101079.75600000001,52.04,15.2,24.95,-4.31,false,false,-0.62,-1.98,外資持股5/10日下降，且外資5日賣超；當下除權息調整價未守20日EMA
96,3529,力旺,TPEX,半導體業,等待確認,正常持有,standard,今天不下單,每個交易日收盤後，檢查趨勢與法人籌碼,"已有部位可續抱觀察，但暫不追價；若收盤跌破60日EMA約 2,799.01 且法人籌碼轉弱，先減碼三分之一。",未觸發明確減碼訊號,66.1,63.7,52.4,85,100,可用,3155,3160,42.77,21.9,60.64,43.12,194.99,15.75,105.84,67.56,0.65,17,-3,-27,-16,43,133,86,-34.221,-34.221,-34.221,-34.221,-174,-174,-174,-174,0,1,-548970000,36.273,36.273,58.1,,,,,103.506,103.506,103.506,103.506,60.67,56.65,68.16,33.64,false,false,6.59,-2.32,20日累積後5日轉為調節；ETF 1/3日已轉為減碼；外資持股尚未完成5／10日可比核對或期間有非市場異動；此項不給分，不解讀為轉弱
97,6271,同欣電,TWSE,半導體業,等待確認,正常持有,standard,今天不下單,每個交易日收盤後，檢查趨勢與法人籌碼,已有部位可續抱觀察，但暫不追價；若收盤跌破60日EMA約 217.18 且法人籌碼轉弱，先減碼三分之一。,未觸發明確減碼訊號,67.2,63.7,60.9,85,100,完整,238.5,241.5,23.09,6.76,16.16,24.15,259.54,4.37,26.83,1.83,1.26,3,0,0,0,-37,303,0,863.175,1480.999,2749.534,6296.177,0,0,-37,1522,0,0,0,303.83000000000004,325.4080000000001,32.3,835,982,2218,,831.061,1177.1689999999999,2461.1259999999997,4505.171,64.43,67.28,62.66,76.51,true,false,5.42,4.15,
98,1303,南亞,TWSE,塑膠工業,等待確認,正常持有,strong,強勢續抱；不追高,今日收盤確認是否守住20日EMA,價格仍在20／60日EMA之上且短線強勢；法人未同步轉弱。若收盤跌破20日EMA約 241.14 且法人續弱，再轉為保護持有。,價格強勢站上20／60日EMA；法人未同步轉弱,72.5,63.6,51.1,85,100,可用,286,300,46.75,23.17,9.92,31.17,177.84,5.17,46.13,4.75,0.28,33,1529,3326,7149,1469,8080,3099,7641.182,46990.965000000004,22626.25100000001,12377.12000000001,525.194,9133.194,7542.783,48673.604999999996,4,1,2612093484,5350.166,6434.295999999999,30.4,6179,28047,8396,,7047.771,32507.605000000003,8649.172000000006,-41089.238999999994,73.64,83.34,71.49,107.04,false,false,18.6,20.17,短線過熱或乖離過大；借券賣出與借券賣出餘額壓力升高；單季稅前獲利對營業外貢獻依賴偏高
99,6147,頎邦,TPEX,半導體業,等待確認,正常持有,standard,今天不下單,每個交易日收盤後，檢查趨勢與法人籌碼,已有部位可續抱觀察，但暫不追價；若收盤跌破60日EMA約 192.14 且法人籌碼轉弱，先減碼三分之一。,未觸發明確減碼訊號,68.3,63.3,61.9,85,100,可用,216,217.5,43.61,23.86,16.68,13.08,262.19,1.87,52.17,2.75,1.3,12,139,1086,1093,1706,1389,770,-7898.69,-7898.69,-7898.69,-7898.69,372,372,372,372,1,0,80352000,-599.097,-599.097,32.84,,,,,-7671.593,-7671.593,-7671.593,-7671.593,57.89,50.37,58.45,34.22,false,false,4.56,1.17,外資持股尚未完成5／10日可比核對或期間有非市場異動；此項不給分，不解讀為轉弱
100,2379,瑞昱,TWSE,半導體業,等待確認,正常持有,standard,今天不下單,每個交易日收盤後，檢查趨勢與法人籌碼,已有部位可續抱觀察，但暫不追價；若收盤跌破60日EMA約 725.00 且法人籌碼轉弱，先減碼三分之一。,未觸發明確減碼訊號,70.4,63.2,43.4,85,100,可用,755,755,28.08,14.97,10.89,65.75,118.89,15.86,27.37,7.72,3.31,48,222,758,1051,1632,1930,-323,323.712,2319.435,7977.12,12913.23,137,782.2280000000001,1326.761,1601.846,5,0,590582140,104.91600000000001,439.23800000000006,46.17,174,1065,5133,,131.343,1432.2909999999997,6211.120999999999,11246.871,56.57,55.78,60.58,46.16,false,false,1.98,0.8,主動ETF 5日轉為減碼
101,1513,中興電,TWSE,電機機械,等待確認,正常持有,standard,今天不下單,每個交易日收盤後，檢查趨勢與法人籌碼,已有部位可續抱觀察，但暫不追價；若收盤跌破60日EMA約 164.92 且法人籌碼轉弱，先減碼三分之一。,未觸發明確減碼訊號,69,63.1,49.1,85,100,完整,166.5,166.5,8.93,4.21,19.35,56.3,105.97,4.5,18.73,3.95,3.6,11,94,177,233,1093,1345,0,357.201,2053.3830000000003,4496.892,8434.577999999998,16,126.72200000000001,954.639,1243.6390000000001,4,1,21099213,233.29199999999997,449.562,13.2,541,907,1551,,339.316,1693.3690000000001,3092.6910000000003,6713.45,52.06,61.82,64.17,57.12,false,true,0.33,0.3,
102,2884,玉山金,TWSE,金融保險業,等待確認,保護持有,protect,今天不新增部位；未完成確認前不機械式賣出,今天收盤後；若跌破，再看下一交易日是否收復,已有部位暫停加碼；若收盤跌破60日EMA約 41.02，且下一交易日仍未收復，先減碼三分之一；若ETF或外資繼續轉弱，再分批降低部位。,外資持股5/10日下降且外資5日賣超,71.2,63.1,50.9,85,100,可用,44.8,44.7,19.29,21.26,,94.21,,1.32,18.59,2.57,3.13,32,1673,18180,25572,35022,90148,1438,1510.993,5427.927,-1183.0859999999975,45557.55100000001,-500.861,17663.097999999998,26267.215999999997,89134.226,4,1,791306790,3431.521,6001.513000000002,30.12,46,-20535,-58869,,1838.741,-15666.692000000003,-33451.815,-50761.356,56.99,28.66,34.33,17.32,false,false,0.5,-1.75,外資持股5/10日下降，且外資5日賣超
103,2049,上銀,TWSE,電機機械,等待確認,正常持有,standard,今天不下單,每個交易日收盤後，檢查趨勢與法人籌碼,已有部位可續抱觀察，但暫不追價；若收盤跌破60日EMA約 340.83 且法人籌碼轉弱，先減碼三分之一。,未觸發明確減碼訊號,67.8,63,56.1,85,100,完整,345.5,352,42.3,23.03,11.98,31.19,225.94,4.03,52.35,3.12,0.58,6,0,0,0,-4,-3,0,1805.445,2369.7389999999996,390.78299999999956,1285.2759999999994,-483,-733,-735.419,-326.419,0,2,-253251500,157.607,121.18600000000002,39.2,2354,2463,570,,2176.413,2945.1319999999996,1005.0159999999996,1613.9389999999996,52.56,59.94,52.36,75.09,false,false,1.84,6.14,20日趨勢尚未上彎
104,1717,長興,TWSE,化學工業,等待確認,正常持有,standard,今天不下單,每個交易日收盤後，檢查趨勢與法人籌碼,已有部位可續抱觀察，但暫不追價；若收盤跌破60日EMA約 71.98 且法人籌碼轉弱，先減碼三分之一。,未觸發明確減碼訊號,75.5,62.8,40.8,85,100,完整,74.6,76.1,20.95,11.78,7.03,51.77,173.89,1.09,39.26,2.81,1.34,6,0,0,250,-114,-1699,250,1865.797,4056.8920000000003,284.1200000000001,-26039.8,0,652,744,-1326.786,2,0,48639200,145.34,27.449999999999996,12.12,2147,2966,-846,,1846.949,3259.552,-487.3299999999997,-23448.829,56.93,70.58,67.85,76.05,false,false,2.62,4.48,20日趨勢尚未上彎
105,2301,光寶科,TWSE,電腦及週邊設備業,等待確認,保護持有,protect,今天不新增部位；未完成確認前不機械式賣出,今天收盤後；若跌破，再看下一交易日是否收復,已有部位暫停加碼；若收盤跌破60日EMA約 265.70，且下一交易日仍未收復，先減碼三分之一；若ETF或外資繼續轉弱，再分批降低部位。,投信5/10日持續且具金額意義地賣超,68.9,62.6,46.4,85,100,可用,298,306.5,25.2,26.73,12.8,59.6,138.63,4.8,34.85,7.06,1.68,32,262,379,833,980,1224,-273,12460.049,4060.674000000002,404.21700000000146,-15320.902999999998,-56.717,-475.143,-1437.5910000000001,-3192.667000000001,1,4,-141592614,1203.1750000000002,1470.96,43.28,11734,2874,3079,,11841.503,3332.642000000001,370.8480000000013,-10633.497,59.42,48.23,39.57,65.54,true,false,4.68,3.83,主動ETF 5日轉為減碼；投信5/10日持續且具金額意義的賣超；20日趨勢尚未上彎
106,3592,瑞鼎,TWSE,半導體業,等待確認,保護持有,protect,今天不新增部位；未完成確認前不機械式賣出,今天收盤後；若跌破，再看下一交易日是否收復,已有部位暫停加碼；若收盤跌破60日EMA約 233.42，且下一交易日仍未收復，先減碼三分之一；若ETF或外資繼續轉弱，再分批降低部位。,外資持股5/10日下降且外資5日賣超,63.2,62.5,52.6,85,100,完整,239,239,22.85,8.17,5.23,47.33,188.43,8.35,14.03,1.59,6.11,5,74,104,141,157,168,0,100.804,-358.4000000000001,-309.04600000000005,-179.07900000000004,74,140.602,157.20399999999998,168.10799999999998,4,0,33603878,21.726,22.871,14.03,122,-583,-551,,24.704,-520.728,-489.1209999999999,-354.46099999999996,64.15,82.72,76.58,94.99,false,false,4.32,6.46,外資持股5/10日下降，且外資5日賣超
107,2492,華新科,TWSE,電子零組件業,等待確認,正常持有,strong,強勢續抱；不追高,今日收盤確認是否守住20日EMA,價格仍在20／60日EMA之上且短線強勢；法人未同步轉弱。若收盤跌破20日EMA約 317.07 且法人續弱，再轉為保護持有。,價格強勢站上20／60日EMA；法人未同步轉弱,68.1,62.4,54.5,85,100,可用,368.5,372,45.54,22.1,9.02,34.44,157.66,4.93,41.4,2.69,0.68,8,0,-9,-14,7,-37,0,-5301.36,11881.374000000003,15914.292000000003,12924.322000000004,3126,4598,4475,-378,2,2,1694363000,1181.611,2151.577,13.89,-9292,8598,11364,,-8910.769,6101.763,9287.715,10986.176,66.7,69.48,56.61,95.23,true,false,16.22,18.3,短線過熱或乖離過大；高波動且5日漲幅過大；融資增幅與短線漲幅同步偏高
108,3479,安勤,TPEX,電腦及週邊設備業,等待確認,正常持有,standard,今天不下單,每個交易日收盤後，檢查趨勢與法人籌碼,已有部位可續抱觀察，但暫不追價；若收盤跌破60日EMA約 131.46 且法人籌碼轉弱，先減碼三分之一。,未觸發明確減碼訊號,58.9,62.4,53.9,85,100,可用,136,136,35.43,17.27,8.25,57.39,155.72,3.95,18.66,2.96,3.4,1,0,0,0,0,-1,0,170.373,170.373,170.373,170.373,0,0,0,0,0,0,0,-3.408,-3.408,9.43,,,,,173.781,173.781,173.781,173.781,56.94,68.11,67.56,69.21,false,false,2.38,0,外資持股尚未完成5／10日可比核對或期間有非市場異動；此項不給分，不解讀為轉弱
109,6166,凌華,TWSE,電腦及週邊設備業,等待確認,正常持有,strong,強勢續抱；不追高,今日收盤確認是否守住20日EMA,價格仍在20／60日EMA之上且短線強勢；法人未同步轉弱。若收盤跌破20日EMA約 124.38 且法人續弱，再轉為保護持有。,價格強勢站上20／60日EMA；法人未同步轉弱,57.7,62.4,50.8,85,100,完整,129.5,141.5,47.83,41.6,11.38,62.79,137.33,3.12,24.71,4.57,0.93,1,0,0,0,0,0,0,196.574,214.534,1361.48,137.11899999999991,0,0,0,0,0,0,0,-144.581,130.95400000000004,19.52,195,330,987,,194.538,359.1150000000001,1230.526,180.59900000000005,57.94,60.17,64.27,51.95,false,true,4.12,-1.89,短線過熱或乖離過大
110,1802,台玻,TWSE,玻璃陶瓷,等待確認,正常持有,standard,今天不下單,每個交易日收盤後，檢查趨勢與法人籌碼,已有部位可續抱觀察，但暫不追價；若收盤跌破60日EMA約 59.04 且法人籌碼轉弱，先減碼三分之一。,未觸發明確減碼訊號,67.9,62.2,43.1,85,93,可用,59.3,60,32.59,16.58,10.45,41.77,135.23,0.64,68.95,3.34,,6,0,-5,-108,15,454,0,3407.449,7667.263000000001,178.33400000000074,4322.980000000001,0,-106,25,449,1,2,-6285800,987.073,1344.865,5.57,3533,7607,1227,,3253.226,6786.1900000000005,-1191.530999999999,1744.5640000000008,52.32,50.72,47.45,57.27,false,false,0.92,1.54,20日累積後5日轉為調節；20日趨勢尚未上彎
111,1560,中砂,TWSE,電機機械,等待確認,正常持有,standard,今天不下單,每個交易日收盤後，檢查趨勢與法人籌碼,已有部位可續抱觀察，但暫不追價；若收盤跌破60日EMA約 776.41 且法人籌碼轉弱，先減碼三分之一。,未觸發明確減碼訊號,68.4,62.1,55.5,85,100,可用,1040,1040,30.38,24.45,21.9,36.64,166.07,6.44,88.44,17.16,0.48,13,-12,75,75,276,526,74,187.628,995.6150000000001,3143.574,5272.630999999999,33,251,1278.9,1564.5,4,1,261040000,95.377,-52.14200000000001,40.97,109,655,1974,,109.061,649.238,1916.8159999999998,3909.092,79.51,90.9,89.98,92.73,false,false,17.28,7.11,短線過熱或乖離過大
112,2883,凱基金,TWSE,金融保險業,等待確認,保護持有,protect,今天不新增部位；未完成確認前不機械式賣出,今天收盤後；若跌破，再看下一交易日是否收復,已有部位暫停加碼；若收盤跌破60日EMA約 34.11，且下一交易日仍未收復，先減碼三分之一；若ETF或外資繼續轉弱，再分批降低部位。,外資持股5/10日下降且外資5日賣超,67.6,62.1,57.3,85,100,可用,37.3,37.3,-51.73,4170.37,,89.78,,1.64,13.04,1.48,2.68,28,2753,25103,28949,29555,53119,4242,1967.26,13231.830999999998,-1014.2879999999986,43723.257000000005,27.225,20640.862,19383.509000000002,45170.94,5,0,769904153,5175.985000000001,6825.71,29.55,-9062,-24664,-32525,,1676.771,-12585.016000000001,-27223.507,-10126.371,52.65,27.13,39.41,2.55,false,false,-0.65,-4.24,外資持股5/10日下降，且外資5日賣超；當下除權息調整價未守20日EMA
113,3045,台灣大,TWSE,通信網路業,等待確認,正常持有,standard,今天不下單,每個交易日收盤後，檢查趨勢與法人籌碼,已有部位可續抱觀察，但暫不追價；若收盤跌破60日EMA約 117.53 且法人籌碼轉弱，先減碼三分之一。,未觸發明確減碼訊號,69.1,62.1,44.9,85,100,可用,122.5,122.5,8.5,4.73,12.15,61.22,52.55,2.86,23.16,4.44,3.87,34,516,1024,1279,3502,4848,-970,-1273.137,3465.8460000000005,14141.214,34999.431,-36.518,-436.301,1286.2220000000002,2939.16,1,3,-53446872,1141.594,1446.24,19.14,-1486,2225,11391,,-1292.546,2760.553,11408.751999999999,31924.282,60.64,52.36,51.2,54.68,true,false,1.27,0,主動ETF 5日轉為減碼；投信20日買超後近5日轉賣
114,3023,信邦,TWSE,電子零組件業,等待確認,正常持有,standard,今天不下單,每個交易日收盤後，檢查趨勢與法人籌碼,已有部位可續抱觀察，但暫不追價；若收盤跌破60日EMA約 315.24 且法人籌碼轉弱，先減碼三分之一。,未觸發明確減碼訊號,64.9,62,52.6,85,100,完整,322.5,323.5,32.47,13.93,10.95,52.87,162.52,7.37,24.12,4.76,3.1,12,33,39,62,19,304,-27,718.062,1274.599,1116.909,1232.278,-9,-9,-69,277,1,4,-2902500,104.031,99.09400000000001,42.6,690,927,1008,,702.887,1179.5679999999998,1086.8149999999998,862.2639999999998,54.22,37.14,23.03,65.36,true,false,1.77,3.7,主動ETF 5日轉為減碼；20日趨勢尚未上彎
115,6944,兆聯實業,TWSE,綠能環保,等待確認,正常持有,standard,今天不下單,每個交易日收盤後，檢查趨勢與法人籌碼,已有部位可續抱觀察，但暫不追價；若收盤跌破60日EMA約 735.49 且法人籌碼轉弱，先減碼三分之一。,未觸發明確減碼訊號,60.5,61.8,52.6,85,100,完整,814,825,37.21,41.23,23.2,53.56,163.33,16.5,20.22,7.38,2.46,2,0,0,0,-5,-1,0,187.619,523.377,892.6099999999999,754.451,0,0,-10.6,0.1530000000000009,0,0,0,16.718999999999998,40.473,15.23,178,443,738,,171.981,506.658,862.7370000000001,736.94,73.52,89.65,83.21,102.53,false,false,8.99,7.11,
116,3515,華擎,TWSE,電腦及週邊設備業,等待確認,正常持有,standard,今天不下單,每個交易日收盤後，檢查趨勢與法人籌碼,已有部位可續抱觀察，但暫不追價；若收盤跌破60日EMA約 216.67 且法人籌碼轉弱，先減碼三分之一。,未觸發明確減碼訊號,63,61.7,56.1,85,100,完整,217.5,222,3.32,16.88,8.04,52.42,174.78,7.1,14.05,2.31,5.06,2,0,0,0,0,29,0,177.553,449.152,591.4879999999999,42.10499999999985,0,0,0,28.564,0,0,0,43.614,-0.6190000000000033,8.73,120,337,416,,133.744,405.538,592.107,80.60599999999997,53.42,71.28,65.96,81.94,false,false,1.39,3.08,20日趨勢尚未上彎
117,6213,聯茂,TWSE,電子零組件業,等待確認,正常持有,strong,漲停先續抱；不追價,今日收盤確認是否守住20日EMA,價格仍在20／60日EMA之上且今日漲停；法人未同步轉弱。若收盤跌破20日EMA約 582.06 且法人續弱，再轉為保護持有。,今日漲停／趨勢站穩；法人未同步轉弱,70.7,61.7,46.8,85,100,可用,751,826,97.93,42.25,10.99,47.81,173.03,4.39,116.43,12.09,0.4,16,0,87,269,504,1256,301,133.798,1630.9859999999999,15413.02,1237.9210000000007,52,1244,2755,3807,5,0,934244000,-183.96,543.894,21.3,275,661,11593,,141.441,570.946,12114.125999999998,-2465.6480000000006,81.22,91.85,84.01,107.52,false,false,29.03,26.22,短線過熱或乖離過大
118,6290,良維,TPEX,電子零組件業,等待確認,正常持有,standard,今天不下單,每個交易日收盤後，檢查趨勢與法人籌碼,已有部位可續抱觀察，但暫不追價；若收盤跌破60日EMA約 259.82 且法人籌碼轉弱，先減碼三分之一。,未觸發明確減碼訊號,64.8,61.7,58.8,85,100,可用,281.5,286,18.19,9.34,17.85,40.09,258.6,4.5,29.98,6.05,2.2,1,0,2,2,2,2,0,355.824,355.824,355.824,355.824,0,0,0,0,0,0,0,44.376,44.376,21.68,,,,,311.448,311.448,311.448,311.448,60.77,53.03,54.09,50.92,false,true,4.63,2.74,外資持股尚未完成5／10日可比核對或期間有非市場異動；此項不給分，不解讀為轉弱
119,2882,國泰金,TWSE,金融保險業,等待確認,保護持有,protect,今天不新增部位；未完成確認前不機械式賣出,今天收盤後；若跌破，再看下一交易日是否收復,已有部位暫停加碼；若收盤跌破60日EMA約 104.94，且下一交易日仍未收復，先減碼三分之一；若ETF或外資繼續轉弱，再分批降低部位。,外資持股5/10日下降且外資5日賣超,69.8,61.6,54.6,85,100,可用,111.5,111.5,-69.47,62.51,,92.45,,4.95,13.15,1.61,3.14,33,1405,9375,10656,5310,12059,1973,1476.202,6309.628000000001,139.2550000000001,-3411.9719999999993,1061.503,8261.028,2668.706,12601.468,3,2,921104622,-58.53200000000001,962.6209999999999,23.11,-442,-3447,-1557,,461.973,-1892.8679999999995,-3492.0719999999997,-17289.846999999998,56.07,42.26,43.03,40.71,false,false,0.96,0.9,外資持股5/10日下降，且外資5日賣超
120,8046,南電,TWSE,電子零組件業,等待確認,正常持有,strong,強勢續抱；不追高,今日收盤確認是否守住20日EMA,"價格仍在20／60日EMA之上且短線強勢；法人未同步轉弱。若收盤跌破20日EMA約 1,240.67 且法人續弱，再轉為保護持有。",價格強勢站上20／60日EMA；法人未同步轉弱,73.2,61.6,57.2,85,100,可用,1495,1530,40.59,39.56,17.18,24.03,338.73,5.53,175.68,19.61,0.13,33,225,861,952,1496,2134,885,1151.533,9133.635999999999,17598.702999999998,20587.844999999994,883.908,4567.772,3997.6730000000002,1083.3980000000006,4,1,6828819140,85.652,907.3980000000001,13.29,300,3746,11763,,387.199,4480.2119999999995,12693.632,18677.667,73.5,91.02,87,99.04,false,false,20.5,20.56,短線過熱或乖離過大
121,5880,合庫金,TWSE,金融保險業,等待確認,保護持有,protect,今天不新增部位；未完成確認前不機械式賣出,今天收盤後；若跌破，再看下一交易日是否收復,已有部位暫停加碼；若收盤跌破60日EMA約 25.70，且下一交易日仍未收復，先減碼三分之一；若ETF或外資繼續轉弱，再分批降低部位。,外資持股5/10日下降且外資5日賣超,60,61.5,58.8,85,100,可用,25.9,25.85,23.6,18.31,,94.53,,0.8,16.93,1.4,4.05,17,342,1427,2988,2359,1844,0,-2156.968,-4012.004,-2610.9109999999996,52085.104,-44.935,443.065,-275.5379999999998,2073.5280000000002,3,2,11475384,943.632,4685.8769999999995,17.3,-2404,-8084,-10763,,-2087.82,-5398.701000000001,-7021.250000000002,42395.030999999995,42.85,19.3,25.46,6.98,false,false,-1.9,-2.08,外資持股5/10日下降，且外資5日賣超；當下除權息調整價未守20日EMA
122,1605,華新,TWSE,電器電纜,等待確認,正常持有,standard,今天不下單,每個交易日收盤後，檢查趨勢與法人籌碼,已有部位可續抱觀察，但暫不追價；若收盤跌破60日EMA約 36.81 且法人籌碼轉弱，先減碼三分之一。,未觸發明確減碼訊號,74.1,61.4,50.5,85,100,完整,38.4,39.2,14.97,2.47,1.4,38.79,147.45,2.85,11.64,0.83,1.3,6,-58,180,3522,3240,3988,3636,2475.605,25071.855,21069.011,21129.805,-58,3526.521,3258.1940000000004,3959.9250000000006,3,2,135418406,722.5509999999999,1203.145,18.66,3545,20896,17817,,2805.54,20822.783,16607.672,17168.791999999998,57.48,63.37,51.54,87.04,false,false,2.13,4.77,20日趨勢尚未上彎；單季稅前獲利對營業外貢獻依賴偏高
123,2892,第一金,TWSE,金融保險業,等待確認,正常持有,standard,今天不下單,每個交易日收盤後，檢查趨勢與法人籌碼,已有部位可續抱觀察，但暫不追價；若收盤跌破60日EMA約 36.14 且法人籌碼轉弱，先減碼三分之一。,未觸發明確減碼訊號,67.1,61.3,53.5,85,100,可用,38.05,37.95,13.9,17.99,,94.24,,1.24,17.78,1.81,3.42,28,339,10530,16715,20051,60569,3143,-2609.713,6006.4130000000005,31540.335,142293.57,-64.107,14180.76,17423.267000000003,60953.371,4,1,539577918,87.443,1629.2959999999998,26.65,-3211,-10465,22368,,-2481.899,-8261.79,12487.771999999999,77967.17599999999,50.91,15.42,29.79,-13.33,false,false,-0.9,-3.67,當下除權息調整價未守20日EMA
124,3402,漢科,TPEX,其他電子業,等待確認,正常持有,standard,今天不下單,每個交易日收盤後，檢查趨勢與法人籌碼,已有部位可續抱觀察，但暫不追價；若收盤跌破60日EMA約 129.69 且法人籌碼轉弱，先減碼三分之一。,未觸發明確減碼訊號,57,61.2,49.1,85,100,可用,140,137.5,32.84,21.37,11.72,69.75,118.47,3.64,19.5,4.84,4.29,1,0,0,0,0,-1,0,343.321,343.321,343.321,343.321,0,0,0,0,0,0,0,15.047,15.047,11.42,,,,,328.274,328.274,328.274,328.274,72.11,88.61,86.17,93.5,false,false,7.55,8.11,外資持股尚未完成5／10日可比核對或期間有非市場異動；此項不給分，不解讀為轉弱
125,4991,環宇-KY,TPEX,半導體業,等待確認,正常持有,standard,今天不下單,每個交易日收盤後，檢查趨勢與法人籌碼,已有部位可續抱觀察，但暫不追價；若收盤跌破60日EMA約 486.80 且法人籌碼轉弱，先減碼三分之一。,未觸發明確減碼訊號,65.9,61.2,59.5,85,100,可用,524,525,45.62,45.57,18.87,12.71,998.83,2.58,163.24,14.27,0,4,29,50,50,-1151,-1150,51,-1414.621,-1414.621,-1414.621,-1414.621,235,235,235,235,1,0,123140000,-93.58,-93.58,21.92,,,,,-1556.041,-1556.041,-1556.041,-1556.041,58.32,77.26,67.11,97.55,false,false,8.5,13.05,外資持股尚未完成5／10日可比核對或期間有非市場異動；此項不給分，不解讀為轉弱；20日趨勢尚未上彎；高波動且5日漲幅過大
126,8110,華東,TWSE,半導體業,等待確認,正常持有,standard,今天不下單,每個交易日收盤後，檢查趨勢與法人籌碼,已有部位可續抱觀察，但暫不追價；若收盤跌破60日EMA約 46.67 且法人籌碼轉弱，先減碼三分之一。,未觸發明確減碼訊號,58,61.1,68,85,100,完整,49.2,50,24.85,15.54,2.74,18.15,273.44,2.59,9.03,1.31,3.03,1,0,0,0,0,0,0,-1490.02,222.498,-7125.379999999999,-8389.770999999999,0,0,0,0,0,0,0,-127.388,474.778,1.29,-1127,1716,-3454,,-1296.414,349.8860000000001,-7600.157999999999,-8731.093999999997,58.25,50.36,59.57,31.94,false,true,4.46,0.41,單季稅前獲利對營業外貢獻依賴偏高
127,3019,亞光,TWSE,光電業,等待確認,正常持有,standard,今天不下單,每個交易日收盤後，檢查趨勢與法人籌碼,已有部位可續抱觀察，但暫不追價；若收盤跌破60日EMA約 138.26 且法人籌碼轉弱，先減碼三分之一。,未觸發明確減碼訊號,65,60.9,56.5,85,100,完整,141.5,143,15.29,15.45,9.05,40.75,215.07,2.98,23.86,2.66,3.25,1,0,0,0,0,0,0,1427.64,3109.313,-1759.1710000000003,-6715.043,0,0,0,0,0,0,0,377.102,183.197,8.77,1230,3384,-798,,1163.171,2732.2110000000002,-1942.3679999999995,-6885.451999999999,56.77,75.66,62.25,102.49,false,false,2.83,4.81,20日趨勢尚未上彎
128,6239,力成,TWSE,半導體業,等待確認,保護持有,protect,今天不新增部位；未完成確認前不機械式賣出,今天收盤後；若跌破，再看下一交易日是否收復,已有部位暫停加碼；若收盤跌破60日EMA約 282.30，且下一交易日仍未收復，先減碼三分之一；若ETF或外資繼續轉弱，再分批降低部位。,外資持股5/10日下降且外資5日賣超,63.2,60.9,47.1,85,100,可用,297.5,303,24.46,30.83,14.16,44.87,169.04,5.5,29.46,3.85,1.51,22,272,245,355,-5148,-5366,-31,-11038.379,-9853.713000000002,-7923.376000000001,-9942.422,150,272.591,-5727.359,-7719.947,5,0,81095823,2184.033,3228.433,30.89,-10387,-12862,-6335,,-10753.842,-12310.337000000001,-5424.450000000003,-4955.916000000001,57.73,61.09,61.63,60.02,true,true,3.97,3.66,主動ETF 5日轉為減碼；外資持股5/10日下降，且外資5日賣超
129,5876,上海商銀,TWSE,金融保險業,等待確認,正常持有,standard,今天不下單,每個交易日收盤後，檢查趨勢與法人籌碼,已有部位可續抱觀察，但暫不追價；若收盤跌破60日EMA約 45.88 且法人籌碼轉弱，先減碼三分之一。,未觸發明確減碼訊號,63.3,60.8,59.2,85,100,可用,48.65,48.55,7.06,1.96,,88.62,,2.08,13.74,1.1,3.7,19,341,-2581,-946,1613,6686,-4336,807.481,5269.665999999999,8948.007,46379.503000000004,-428,-3025,-859.1379999999999,4300.862,3,2,-147166250,1721.691,2961.242,55.79,903,6077,7058,,1125.664,6572.974999999999,6845.902999999999,38735.428,57.16,42.22,49.05,28.54,false,false,0.8,-0.61,20日累積後5日轉為調節；主動ETF 5日轉為減碼
130,6257,矽格,TWSE,半導體業,等待確認,正常持有,strong,漲停先續抱；不追價,今日收盤確認是否守住20日EMA,價格仍在20／60日EMA之上且今日漲停；法人未同步轉弱。若收盤跌破20日EMA約 236.45 且法人續弱，再轉為保護持有。,今日漲停／趨勢站穩；法人未同步轉弱,60.1,60.7,52.7,85,100,可用,260,286,28.58,20.49,24.09,43.78,182.58,4.65,30.41,4.93,1.63,11,127,292,313,221,-94,0,-1130.955,1783.5329999999994,22465.309,31953.376,432,2083,2023,1669.613,5,0,541580000,338.469,2248.028,31.72,-1456,-623,18173,,-1556.139,-637.9360000000001,18194.281,27511.876000000004,69.31,71.98,72.42,71.09,false,true,9.96,7,短線過熱或乖離過大
131,3293,鈊象,TPEX,文化創意業,等待確認,保護持有,protect,今天不新增部位；未完成確認前不機械式賣出,今天收盤後；若跌破，再看下一交易日是否收復,已有部位暫停加碼；若收盤跌破60日EMA約 742.48，且下一交易日仍未收復，先減碼三分之一；若ETF或外資繼續轉弱，再分批降低部位。,KD高檔死亡交叉（僅屬時機警示）,61,60.6,56.2,85,100,可用,794,792,24.8,18.09,59.05,55.02,152.62,22.77,18.35,14.8,4.53,17,-20,366,401,799,1509,-56,469.892,469.892,469.892,469.892,-20,-20,-20,-20,0,1,-15880000,0.223,0.223,32.26,,,,,489.669,489.669,489.669,489.669,66.63,83.24,85.47,78.79,false,true,5.77,4.34,主動ETF 5日轉為減碼；外資持股尚未完成5／10日可比核對或期間有非市場異動；此項不給分，不解讀為轉弱；KD高檔死亡交叉，等待動能確認
132,2351,順德,TWSE,半導體業,等待確認,正常持有,standard,今天不下單,每個交易日收盤後，檢查趨勢與法人籌碼,已有部位可續抱觀察，但暫不追價；若收盤跌破60日EMA約 207.85 且法人籌碼轉弱，先減碼三分之一。,未觸發明確減碼訊號,65.4,60.5,43.5,85,100,完整,222,228,61.22,32.46,10.82,41.64,196.42,2.82,56.78,5.26,0.46,2,0,21,21,21,13,21,350.333,-735.542,2370.2850000000003,4441.309,0,-499,-434,-162,1,1,-110778000,197.657,-38.00699999999999,27.21,259,-640,2824,,184.505,-434.199,2842.292,4776.988,50.73,26.96,23.37,34.15,true,false,-0.43,1.14,20日趨勢尚未上彎
133,2834,臺企銀,TWSE,金融保險業,等待確認,保護持有,protect,今天不新增部位；未完成確認前不機械式賣出,今天收盤後；若跌破，再看下一交易日是否收復,已有部位暫停加碼；若收盤跌破60日EMA約 17.13，且下一交易日仍未收復，先減碼三分之一；若ETF或外資繼續轉弱，再分批降低部位。,外資持股5/10日下降且外資5日賣超,55.4,60.2,66.7,85,100,可用,17.3,17.3,8.82,6.52,,94,,0.71,12.72,1.09,5.78,7,0,0,0,46,-4754,0,-17689.261,-48796.438,-91050.15900000001,-18334.09200000002,0,9,68.41199999999999,-4856.583,1,0,155700,-264.41700000000003,885.948,16.05,-21159,-52485,-94306,,-17675.08,-48541.02100000001,-92004.51900000001,-14625.209000000028,44.53,8.45,20.17,-14.99,false,false,-2.04,-3.08,外資持股5/10日下降，且外資5日賣超；當下除權息調整價未守20日EMA
134,1736,喬山,TWSE,運動休閒,等待確認,正常持有,standard,今天不下單,每個交易日收盤後，檢查趨勢與法人籌碼,已有部位可續抱觀察，但暫不追價；若收盤跌破60日EMA約 127.12 且法人籌碼轉弱，先減碼三分之一。,未觸發明確減碼訊號,51.2,60.1,51.9,85,100,完整,124,124,22.66,14.11,7.5,70.85,125.91,3.27,11.21,2.74,3.63,1,0,0,0,0,0,0,75.356,150.395,272.3310000000001,583.789,0,0,-152,-410,0,0,0,-2.519,15.224,5.92,86,-69,237,,82.321,152.914,409.10699999999997,999.842,44.93,29.72,38.08,12.99,false,true,-1.81,-2.75,當下除權息調整價未守20日EMA
135,2353,宏碁,TWSE,電腦及週邊設備業,等待確認,保護持有,protect,今天不新增部位；未完成確認前不機械式賣出,今天收盤後；若跌破，再看下一交易日是否收復,已有部位暫停加碼；若收盤跌破60日EMA約 31.40，且下一交易日仍未收復，先減碼三分之一；若ETF或外資繼續轉弱，再分批降低部位。,外資持股5/10日下降且外資5日賣超,59.7,60.1,46.9,85,100,可用,31.4,31.4,38.41,25.08,1.64,67.67,121.95,0.96,18.69,1.22,4.14,15,348,1110,1538,2136,6626,0,-20.928,-4315.976999999999,-10861.355,2619.4539999999997,-150,212.394,603.669,5182.506,4,1,6669172,-2659.649,-1796.455,13.53,338,-7732,-16287,,230.551,-1868.7219999999998,-9668.569,-4224.142,48.84,27.27,35.05,11.72,false,false,-0.54,-1.1,外資持股5/10日下降，且外資5日賣超；當下除權息調整價未守20日EMA；單季稅前獲利對營業外貢獻依賴偏高
136,2454,聯發科,TWSE,半導體業,等待確認,正常持有,standard,今天不下單,每個交易日收盤後，檢查趨勢與法人籌碼,"已有部位可續抱觀察，但暫不追價；若收盤跌破60日EMA約 4,318.92 且法人籌碼轉弱，先減碼三分之一。",未觸發明確減碼訊號,69.1,60,38.9,85,100,可用,5165,5175,44.08,5.76,15.19,45.06,123.94,30.44,85.3,19.43,1.04,69,78,321,573,202,-406,196,1357.578,-5941.094,4096.305,11119.162,-61.768,290.94,550.164,1979.029,3,2,1502705100,169.704,1040.049,56.2,1247,-6767,2394,,1297.381,-6401.738,2506.092,7474.1990000000005,65.03,52.38,55.52,46.1,false,false,7.92,-2.27,
137,8932,智通*,TPEX,數位雲端,等待確認,正常持有,standard,今天不下單,每個交易日收盤後，檢查趨勢與法人籌碼,已有部位可續抱觀察，但暫不追價；若收盤跌破60日EMA約 90.33 且法人籌碼轉弱，先減碼三分之一。,未觸發明確減碼訊號,57.3,59.9,62.6,85,100,可用,91.4,91.8,12.76,11.97,44.53,37.52,250.98,1.13,43.32,13.19,1.44,1,0,0,0,0,0,0,337.037,337.037,337.037,337.037,0,0,0,0,0,0,0,209.957,209.957,26.05,,,,,127.08,127.08,127.08,127.08,49.49,35.64,50.59,5.73,false,true,-0.45,-1.3,外資持股尚未完成5／10日可比核對或期間有非市場異動；此項不給分，不解讀為轉弱；20日趨勢尚未上彎；當下除權息調整價未守20日EMA
138,6472,保瑞,TWSE,生技醫療業,等待確認,正常持有,standard,今天不下單,每個交易日收盤後，檢查趨勢與法人籌碼,已有部位可續抱觀察，但暫不追價；若收盤跌破60日EMA約 418.27 且法人籌碼轉弱，先減碼三分之一。,未觸發明確減碼訊號,58.5,59.8,43.4,85,100,完整,420.5,420.5,59.22,6.09,14.11,66.33,129.65,4.56,34.67,3.55,2.38,2,0,0,0,-2,-1,0,51.007,-0.29400000000001114,519.777,785.6469999999999,0,0,264.611,280.611,0,0,0,-73.31700000000001,-80.366,12.89,63,74,428,,74.958,73.02299999999998,335.532,558.329,49.46,26.2,39.09,0.41,false,false,-0.37,-0.24,20日趨勢尚未上彎；當下除權息調整價未守20日EMA
139,2880,華南金,TWSE,金融保險業,等待確認,保護持有,protect,今天不新增部位；未完成確認前不機械式賣出,今天收盤後；若跌破，再看下一交易日是否收復,已有部位暫停加碼；若收盤跌破60日EMA約 42.48，且下一交易日仍未收復，先減碼三分之一；若ETF或外資繼續轉弱，再分批降低部位。,外資持股5/10日下降且外資5日賣超,67.1,59.6,50.4,85,100,可用,44.6,44.5,11.95,27.69,,94.68,,1.24,19.31,2.57,3.25,23,2720,10631,13459,9007,1370,3307,53.883,-97.21299999999974,-1071.7839999999999,32523.461000000003,-110.405,4691.595,-926.8699999999999,-5491.9980000000005,3,2,209245137,5833.016,9164.806,14.41,-985,-12680,-33968,,-131.676,-10621.824,-9309.719999999998,28474.354000000007,50.25,22.9,31.08,6.55,false,false,-0.93,-2.51,外資持股5/10日下降，且外資5日賣超；當下除權息調整價未守20日EMA
140,3037,欣興,TWSE,電子零組件業,等待確認,正常持有,strong,強勢續抱；不追高,今日收盤確認是否守住20日EMA,"價格仍在20／60日EMA之上且短線強勢；法人未同步轉弱。若收盤跌破20日EMA約 1,115.49 且法人續弱，再轉為保護持有。",價格強勢站上20／60日EMA；法人未同步轉弱,68.6,59.3,42.8,85,100,可用,1325,1310,56.26,34.16,11.71,59.23,176.35,11.7,88.22,17.01,0.15,49,-185,648,1287,1482,1917,856,2227.75,9845.196,29263.038999999997,33632.992999999995,-1274.484,801.6220000000001,2492.2039999999997,-1290.1160000000004,4,1,1062149150,-50.825,279.16999999999996,42.48,3697,8800,26398,,3690.708,9094.399000000001,26491.665000000005,35418.681,75.71,87.71,86.88,89.38,false,false,18.78,11.81,外資持股尚未完成5／10日可比核對或期間有非市場異動；此項不給分，不解讀為轉弱；短線過熱或乖離過大；單季稅前獲利對營業外貢獻依賴偏高
141,4958,臻鼎-KY,TWSE,電子零組件業,等待確認,正常持有,strong,強勢續抱；不追高,今日收盤確認是否守住20日EMA,價格仍在20／60日EMA之上且短線強勢；法人未同步轉弱。若收盤跌破20日EMA約 502.68 且法人續弱，再轉為保護持有。,價格強勢站上20／60日EMA；法人未同步轉弱,69.3,59.2,47.5,85,100,可用,576,582,41.05,19.89,7.03,39.71,160.6,3.55,68.17,4.14,0.59,40,76,287,7,1102,1362,-245,7328.734,39420.727,14183.146999999997,10372.821999999996,1322.71,6799.71,2745.7270000000003,5379.529,3,2,3916632960,1457.6660000000004,1383.5460000000007,54.72,4988,28094,14792,,6264.346,31163.350999999995,10053.873999999994,2747.210999999994,69,82.26,68.51,109.78,false,false,14.59,21.14,主動ETF 5日轉為減碼；短線過熱或乖離過大
142,5434,崇越,TWSE,電子通路業,等待確認,正常持有,strong,強勢續抱；不追高,今日收盤確認是否守住20日EMA,價格仍在20／60日EMA之上且短線強勢；法人未同步轉弱。若收盤跌破20日EMA約 551.08 且法人續弱，再轉為保護持有。,價格強勢站上20／60日EMA；法人未同步轉弱,63.8,59.1,47.2,85,100,可用,620,630,36.34,25.2,7.4,53.86,133.72,14.79,23.2,5.47,2.16,21,-22,28,25,-145,-101,34,300.324,542.349,145.73400000000004,-120.80099999999996,-22,25,-145,-90.33599999999998,2,2,15500000,62.88700000000001,52.60800000000001,30.28,348,441,334,,299.269,454.46199999999993,238.12599999999995,-23.57600000000003,77.8,86.62,75.17,109.53,false,false,12.51,14.39,短線過熱或乖離過大
143,3042,晶技,TWSE,電子零組件業,等待確認,正常持有,standard,今天不下單,每個交易日收盤後，檢查趨勢與法人籌碼,已有部位可續抱觀察，但暫不追價；若收盤跌破60日EMA約 186.61 且法人籌碼轉弱，先減碼三分之一。,未觸發明確減碼訊號,62.5,59,61.1,85,100,完整,222,223.5,23.48,11.7,16,31.85,238.42,2.96,38.34,4.79,2.16,7,5,623,622,425,4,84,-2437.551,540.326,7761.342000000001,9256.503999999999,149,3953,5067,4699.3,5,0,877566000,-411.46400000000006,1836.1819999999998,23.82,-1329,-664,2704,,-1471.319,-3001.21,858.1599999999994,3595.433999999999,67.64,81.02,77.2,88.64,false,false,12.09,9.36,短線過熱或乖離過大；借券賣出與借券賣出餘額壓力升高
144,5347,世界,TPEX,半導體業,等待確認,正常持有,standard,今天不下單,每個交易日收盤後，檢查趨勢與法人籌碼,已有部位可續抱觀察，但暫不追價；若收盤跌破60日EMA約 163.91 且法人籌碼轉弱，先減碼三分之一。,未觸發明確減碼訊號,57.9,58.9,45.5,85,100,可用,184,186.5,40.48,18.42,18.63,57.61,134.59,2.84,39.83,5.49,2.43,21,344,821,907,-247,-1340,0,-2546.306,-2546.306,-2546.306,-2546.306,350.024,350.024,350.024,350.024,1,0,64404416,-44.678,-44.678,32.66,,,,,-2851.652,-2851.652,-2851.652,-2851.652,67.04,83,81.18,86.65,false,false,7.83,7.92,外資持股尚未完成5／10日可比核對或期間有非市場異動；此項不給分，不解讀為轉弱
145,3265,台星科,TPEX,半導體業,等待確認,正常持有,standard,今天不下單,每個交易日收盤後，檢查趨勢與法人籌碼,已有部位可續抱觀察，但暫不追價；若收盤跌破60日EMA約 173.40 且法人籌碼轉弱，先減碼三分之一。,未觸發明確減碼訊號,56.6,58.6,53.3,85,100,可用,188,188,3.36,16.45,21.9,41.35,203.97,3.85,26.37,4.06,2.18,1,0,0,0,-24,-73,0,-177.63,-177.63,-177.63,-177.63,0,0,0,0,0,0,0,-32.557,-32.557,11.54,,,,,-145.073,-145.073,-145.073,-145.073,59.69,57.8,59.2,55,false,true,5.12,2.73,外資持股尚未完成5／10日可比核對或期間有非市場異動；此項不給分，不解讀為轉弱
146,1101,台泥,TWSE,水泥工業,等待確認,正常持有,standard,今天不下單,每個交易日收盤後，檢查趨勢與法人籌碼,已有部位可續抱觀察，但暫不追價；若收盤跌破60日EMA約 24.52 且法人籌碼轉弱，先減碼三分之一。,未觸發明確減碼訊號,71,58.5,41.5,85,100,完整,25,25,10.65,2.7,7.25,49.78,179.65,0.38,,0.81,3.2,7,-99,-134,4689,4613,7582,4878,-12072.791,2153.098000000001,26484.252,6716.5560000000005,-99,4695,4639,7280,2,2,117375000,1006.9090000000001,3112.0820000000003,12.74,-23453,833,4421,,-11976.48,-3548.810999999992,18733.170000000006,-3503.5659999999943,52.03,51.92,57.53,40.7,false,true,0.35,-0.99,ETF 1/3日已轉為減碼
147,1301,台塑,TWSE,塑膠工業,等待確認,正常持有,standard,今天不下單,每個交易日收盤後，檢查趨勢與法人籌碼,已有部位可續抱觀察，但暫不追價；若收盤跌破60日EMA約 61.44 且法人籌碼轉弱，先減碼三分之一。,未觸發明確減碼訊號,78,58.2,47.4,85,100,完整,68.5,68.6,6.79,-1.47,1.77,26.47,301.26,2.19,41.77,0.76,0.73,5,0,5,491,489,510,486,2446.164,43462.068999999996,38640.756,41921.210999999996,0,491,489,473,2,0,33633500,1055.4099999999999,1378.0259999999996,35.13,2815,41620,35438,,2577.907,41915.659,36773.73,42456.012,62.65,76.24,67.01,94.72,false,false,5.16,6.86,累計營收負成長且當月改善不足；單季稅前獲利對營業外貢獻依賴偏高
148,6202,盛群,TWSE,半導體業,等待確認,正常持有,standard,今天不下單,每個交易日收盤後，檢查趨勢與法人籌碼,已有部位可續抱觀察，但暫不追價；若收盤跌破60日EMA約 58.38 且法人籌碼轉弱，先減碼三分之一。,未觸發明確減碼訊號,58.3,58.1,58.4,85,100,完整,60.8,54.9,43.73,18.93,11.26,29.68,345.14,0.94,50.67,3.46,1.12,1,0,0,30,50,50,0,-606.358,115.30600000000001,1325.804,736.9359999999999,0,30,50,50,2,0,1824000,63.274000000000015,128.966,16.62,-607,7,1191,,-583.414,22.03199999999994,1146.8380000000002,649.4450000000002,57.74,76.06,75.56,77.05,false,false,4.1,4.47,當下除權息調整價未守20日EMA
149,8150,南茂,TWSE,半導體業,等待確認,正常持有,strong,強勢續抱；不追高,今日收盤確認是否守住20日EMA,價格仍在20／60日EMA之上且短線強勢；法人未同步轉弱。若收盤跌破20日EMA約 104.22 且法人續弱，再轉為保護持有。,價格強勢站上20／60日EMA；法人未同步轉弱,64.4,58,46.7,85,100,可用,124,127.5,33.27,30.04,10.25,47.09,238.63,2,38.63,3.49,0.99,7,90,110,110,115,184,30,-4354.239,5391.341,70715.12,66409.262,396,791,798,1005,4,0,98084000,284.6160000000001,4025.371,46.25,-4630,3583,62107,,-4588.932,4315.7249999999985,65891.74900000001,62649.05500000002,71.41,85.81,82.33,92.76,false,false,18.98,10.71,外資持股尚未完成5／10日可比核對或期間有非市場異動；此項不給分，不解讀為轉弱；短線過熱或乖離過大；高波動且5日漲幅過大；融資增幅與短線漲幅同步偏高
150,2377,微星,TWSE,電腦及週邊設備業,等待確認,正常持有,standard,今天不下單,每個交易日收盤後，檢查趨勢與法人籌碼,已有部位可續抱觀察，但暫不追價；若收盤跌破60日EMA約 147.64 且法人籌碼轉弱，先減碼三分之一。,未觸發明確減碼訊號,74.5,57.9,47.4,85,100,可用,155,157.5,-6.06,-6.42,6.74,54.86,182.8,7.59,13.44,2.26,2.71,19,122,1428,1891,1919,4069,89,2232.159,4385.137,5998.343,16516.303,-21,1509.5700000000002,1477.5700000000002,3610.782,3,2,233983350,467.30199999999996,562.626,19.61,2744,1326,3246,,2081.048,2408.2649999999994,3958.146999999999,12284.559000000001,55.2,52.8,48.72,60.96,true,false,1.72,2.31,累計營收負成長且當月改善不足
151,2401,凌陽,TWSE,半導體業,等待確認,保護持有,protect,今天不新增部位；未完成確認前不機械式賣出,今天收盤後；若跌破，再看下一交易日是否收復,已有部位暫停加碼；若收盤跌破60日EMA約 26.34，且下一交易日仍未收復，先減碼三分之一；若ETF或外資繼續轉弱，再分批降低部位。,外資持股5/10日下降且外資5日賣超,62.5,57.8,52.1,85,100,完整,26.65,27.15,40.95,24.27,9.83,27.75,359.89,0.35,266.5,1.85,,1,0,0,40,70,70,0,-1214.395,-2345.192,-1536.901,-2912.9480000000003,0,40,70,70,2,0,1066000,43.85600000000001,214.907,16.31,-906,-2572,-3585,,-937.094,-2429.0480000000002,-1821.8080000000002,-3016.695,56.05,73.27,75.79,68.23,false,true,2.86,4.31,外資持股5/10日下降，且外資5日賣超
152,2464,盟立,TWSE,其他電子業,等待確認,正常持有,standard,今天不下單,每個交易日收盤後，檢查趨勢與法人籌碼,已有部位可續抱觀察，但暫不追價；若收盤跌破60日EMA約 179.43 且法人籌碼轉弱，先減碼三分之一。,未觸發明確減碼訊號,63.7,57.4,37.3,85,100,可用,191,191,73.71,31.44,4.36,55.35,126.78,0.66,502.63,7.25,0.25,3,0,79,79,93,199,79,-2493.267,-2819.776,-3914.052999999999,-15822.194999999998,0,79,93,449,1,0,15089000,30.560000000000002,313.695,11.97,-2646,-3291,-2852,,-2533.869,-2929.3360000000002,-4320.748,-16303.572000000002,50.89,53.33,60.72,38.54,false,true,-0.1,-2.3,外資持股尚未完成5／10日可比核對或期間有非市場異動；此項不給分，不解讀為轉弱；20日趨勢尚未上彎；當下除權息調整價未守20日EMA
153,2634,漢翔,TWSE,航運業,等待確認,正常持有,standard,今天不下單,每個交易日收盤後，檢查趨勢與法人籌碼,已有部位可續抱觀察，但暫不追價；若收盤跌破60日EMA約 62.86 且法人籌碼轉弱，先減碼三分之一。,未觸發明確減碼訊號,72.5,57.4,36.9,85,98.2,可用,64.6,65.1,13.15,9.47,9.96,63.19,151.33,1.3,31.21,3.31,1.21,5,-1,446,436,434,486,483,-2602.922,2138.6800000000003,1186.9500000000003,-8091.959999999999,-2,437,441,558,3,2,28230200,32.17299999999996,-839.678,3.47,-1231,3845,3413,,-2161.084,1669.5070000000003,1585.6280000000002,-8805.115999999998,50.31,61.07,52.48,78.25,false,false,0.22,2.38,20日趨勢尚未上彎
154,5483,中美晶,TPEX,半導體業,等待確認,正常持有,strong,強勢續抱；不追高,今日收盤確認是否守住20日EMA,價格仍在20／60日EMA之上且短線強勢；法人未同步轉弱。若收盤跌破20日EMA約 194.07 且法人續弱，再轉為保護持有。,價格強勢站上20／60日EMA；法人未同步轉弱,60.6,56.9,44.4,85,100,可用,214.5,213.5,11.68,6.1,11.23,54.63,131.28,5.02,23.91,2.58,1.63,11,200,276,257,204,406,0,-5667.961,-5667.961,-5667.961,-5667.961,202,202,202,202,1,0,43329000,-958.714,-958.714,28.96,,,,,-4911.247,-4911.247,-4911.247,-4911.247,65.26,74.01,71.56,78.91,false,false,10.53,13.79,外資持股尚未完成5／10日可比核對或期間有非市場異動；此項不給分，不解讀為轉弱
155,2887,台新新光金,TWSE,金融保險業,等待確認,保護持有,protect,今天不新增部位；未完成確認前不機械式賣出,今天收盤後；若跌破，再看下一交易日是否收復,已有部位暫停加碼；若收盤跌破60日EMA約 38.41，且下一交易日仍未收復，先減碼三分之一；若ETF或外資繼續轉弱，再分批降低部位。,外資持股5/10日下降且外資5日賣超,63.5,56.7,53.1,85,100,可用,40.85,40.8,-44.54,81.88,,92.4,,1.69,15.13,1.5,2.69,34,2593,21430,28514,28294,112552,6312,13870.824,-17142.561,-58121.333000000006,-19873.494000000013,-12.594,18385.847999999998,17185.264999999996,108829.264,3,2,751061891,4048.888,7890.866,22.79,8130,-50712,-85865,,13700.689,-39577.297000000006,-83197.464,-140357.446,47.81,18.65,26.92,2.1,false,false,-1.93,-3.88,外資持股5/10日下降，且外資5日賣超；當下除權息調整價未守20日EMA
156,8261,富鼎,TWSE,半導體業,等待確認,正常持有,strong,漲停先續抱；不追價,今日收盤確認是否守住20日EMA,價格仍在20／60日EMA之上且今日漲停；法人未同步轉弱。若收盤跌破20日EMA約 180.18 且法人續弱，再轉為保護持有。,今日漲停／趨勢站穩；法人未同步轉弱,64.1,56.7,62,85,100,完整,205,225.5,-3,6.81,23.89,19.47,421.83,3.07,30.73,4.27,2.44,2,0,-2,22,42,38,0,68.478,403.51200000000006,1776.949,2691.305,0,22,42.021,38.021,2,1,4510000,155.344,312.18,7.15,237,418,1606,,12.935,226.16800000000003,1422.748,2414.928,66.02,81.07,72.35,98.51,true,false,13.78,16.48,短線過熱或乖離過大
157,8028,昇陽半導體,TWSE,半導體業,等待確認,保護持有,protect,今天不新增部位；未完成確認前不機械式賣出,今天收盤後；若跌破，再看下一交易日是否收復,已有部位暫停加碼；若收盤跌破60日EMA約 262.50，且下一交易日仍未收復，先減碼三分之一；若ETF或外資繼續轉弱，再分批降低部位。,外資持股5/10日下降且外資5日賣超,56.9,56.5,40,85,100,完整,281.5,287.5,25.57,29.06,25.73,56.22,135.92,3.32,50.45,8.43,0.96,2,0,0,0,0,0,0,-421.871,-4918.725,-5319.381,-10179.746,0,2202,10453,15712,1,0,619863000,-81.281,83.06299999999999,13.1,-206,-6633,-12373,,-382.242,-7039.4439999999995,-15855.443999999998,-25985.411,61.86,74.86,76.59,71.39,false,true,7.32,4.65,外資持股5/10日下降，且外資5日賣超；借券賣出與借券賣出餘額壓力升高
158,3105,穩懋,TPEX,半導體業,等待確認,正常持有,strong,強勢續抱；不追高,今日收盤確認是否守住20日EMA,價格仍在20／60日EMA之上且短線強勢；法人未同步轉弱。若收盤跌破20日EMA約 501.78 且法人續弱，再轉為保護持有。,價格強勢站上20／60日EMA；法人未同步轉弱,66.8,56.3,44.6,85,100,可用,615,616,30.55,33.01,11.91,30.31,161.86,3.56,72.27,5.95,0.33,16,142,151,190,204,143,194,11577.225,11577.225,11577.225,11577.225,1023,1023,1023,1023,1,0,629145000,812.618,812.618,39.61,,,,,9741.607,9741.607,9741.607,9741.607,77.27,90.18,85.72,99.1,false,false,22.56,22.51,外資持股尚未完成5／10日可比核對或期間有非市場異動；此項不給分，不解讀為轉弱；短線過熱或乖離過大
159,6715,嘉基,TWSE,電子零組件業,等待確認,保護持有,protect,今天不新增部位；未完成確認前不機械式賣出,今天收盤後；若跌破，再看下一交易日是否收復,已有部位暫停加碼；若收盤跌破60日EMA約 399.96，且下一交易日仍未收復，先減碼三分之一；若ETF或外資繼續轉弱，再分批降低部位。,外資持股5/10日下降且外資5日賣超,62.6,56.3,55.4,85,100,完整,480.5,498,113.02,10.24,6.77,20.15,319.88,0.89,316.12,8.87,0.4,2,140,140,140,140,140,140,188.974,131.89499999999995,-752.2340000000002,0.3439999999997383,140,140,-125,-770,1,0,67270000,12.825,-44.623000000000005,2.38,81,-34,-519,,45.057,-20.930000000000007,-582.611,722.932,65.72,79.35,78.49,81.06,true,false,14.33,2.56,外資持股5/10日下降，且外資5日賣超；短線過熱或乖離過大
160,3189,景碩,TWSE,半導體業,等待確認,正常持有,strong,強勢續抱；不追高,今日收盤確認是否守住20日EMA,價格仍在20／60日EMA之上且短線強勢；法人未同步轉弱。若收盤跌破20日EMA約 917.08 且法人續弱，再轉為保護持有。,價格強勢站上20／60日EMA；法人未同步轉弱,72.5,56.1,35.8,85,100,可用,1095,1100,40.58,32.09,10.89,37.32,172.99,3.74,203.15,12.98,0.14,27,351,926,939,1704,3101,714,1885.609,9154.841,33209.829999999994,30675.109999999997,1150,4038,5252.001,6326.224,5,0,4421610000,49.10899999999998,1997.265,23.03,707,3611,24342,,838.354,5067.732,25960.564,23162.961999999996,75.8,86.56,83.22,93.25,false,false,19.4,13.83,短線過熱或乖離過大
161,3583,辛耘,TWSE,半導體業,等待確認,正常持有,standard,今天不下單,每個交易日收盤後，檢查趨勢與法人籌碼,已有部位可續抱觀察，但暫不追價；若收盤跌破60日EMA約 726.12 且法人籌碼轉弱，先減碼三分之一。,未觸發明確減碼訊號,65.9,56.1,35.4,85,100,完整,744,756,18.06,8.12,14.84,64.8,115.15,9.16,45.64,6.12,0.77,3,0,0,0,0,-368,0,420.957,394.44899999999996,195.16999999999993,-1085.028,0,0,0,-482,0,0,0,79.934,74.417,21.72,395,331,74,,401.803,314.51499999999993,120.7529999999999,-638.2280000000001,58.43,63.24,54.57,80.57,false,false,4.62,6.59,20日趨勢尚未上彎
162,2886,兆豐金,TWSE,金融保險業,等待確認,保護持有,protect,今天不新增部位；未完成確認前不機械式賣出,今天收盤後；若跌破，再看下一交易日是否收復,已有部位暫停加碼；若收盤跌破60日EMA約 48.51，且下一交易日仍未收復，先減碼三分之一；若ETF或外資繼續轉弱，再分批降低部位。,價格跌破60日EMA且20日趨勢向下,62,55.6,52.9,85,100,可用,48.55,48.5,15.55,16.58,,92.31,,1.44,18.89,1.79,3.6,35,1875,11045,14825,20134,42365,4036,-1583.934,27009.855999999996,39365.167,108005.989,-5455.334,-3949.8329999999996,-16105.873,9936.459,3,2,-191764392,5071.848,7851.945,20.98,2651,23838,55568,,3598.995,25887.841,47619.09500000001,89184.65100000001,42.58,11.53,18.04,-1.51,false,false,-2.24,-2.12,20日趨勢尚未上彎；當下除權息調整價未守20日EMA
163,3714,富采,TWSE,光電業,等待確認,正常持有,standard,今天不下單,每個交易日收盤後，檢查趨勢與法人籌碼,已有部位可續抱觀察，但暫不追價；若收盤跌破60日EMA約 62.98 且法人籌碼轉弱，先減碼三分之一。,未觸發明確減碼訊號,70.6,55.5,51.6,85,100,完整,68.2,68.7,14.23,6.22,-5.92,18.44,355.3,1.49,,1.16,1.32,2,0,900,900,900,900,900,-6712.275,7400.031000000001,6841.194000000001,14792.741999999998,0,900,902,1045,2,0,61380000,72.33800000000001,424.78999999999996,14.7,-6501,6309,3571,,-6501.026,6427.692999999999,5514.403999999999,13321.724,57.65,55.8,62.72,41.95,false,true,2.89,0.89,單季稅前獲利對營業外貢獻依賴偏高
164,2313,華通,TWSE,電子零組件業,等待確認,正常持有,standard,今天不下單,每個交易日收盤後，檢查趨勢與法人籌碼,已有部位可續抱觀察，但暫不追價；若收盤跌破60日EMA約 226.86 且法人籌碼轉弱，先減碼三分之一。,未觸發明確減碼訊號,68.6,55.4,43.1,85,100,可用,248.5,259.5,6.87,12.68,9.84,51.87,165.85,2.5,40.02,6.1,1.13,20,-3,60,-42,25,391,62,9398.44,13347.927000000001,7994.413000000002,-26744.993000000002,412,1775.226,1081.468,-12007.065,4,1,441143661,1292.22,1103.9519999999998,19.18,8083,6386,4132,,7879.903,10280.481000000002,5808.993000000002,-15387.936999999998,64.36,68.21,53.61,97.4,false,false,9.22,11.69,20日累積後5日轉為調節；20日趨勢尚未上彎；短線過熱或乖離過大
165,3673,TPK-KY,TWSE,光電業,等待確認,正常持有,strong,強勢續抱；不追高,今日收盤確認是否守住20日EMA,價格仍在20／60日EMA之上且短線強勢；外資偏弱先觀察，不因分歧減碼。若收盤跌破20日EMA約 68.81 且法人續弱，再轉為保護持有。,價格強勢站上20／60日EMA；外資偏弱，先觀察,53.5,54.5,53.1,85,100,完整,76.8,77.4,16.14,15.26,-1.41,48,197.98,3.33,16.77,0.77,2.34,1,0,0,0,0,0,0,-6334.666,-8631.987000000001,-9258.248,-9405.832999999999,0,0,0.076,0.076,0,0,0,858.359,892.8890000000001,36.96,-4121,-6429,-7090,,-5351.754,-9490.346000000001,-10151.213000000002,-9913.017,65,83.83,80.91,89.67,false,false,11.61,17.07,外資持股5/10日下降，且外資5日賣超；短線過熱或乖離過大；融資增幅與短線漲幅同步偏高；借券賣出與借券賣出餘額壓力升高；單季稅前獲利對營業外貢獻依賴偏高
166,3715,定穎投控,TWSE,電子零組件業,等待確認,保護持有,protect,今天不新增部位；未完成確認前不機械式賣出,今天收盤後；若跌破，再看下一交易日是否收復,已有部位暫停加碼；若收盤跌破60日EMA約 128.40，且下一交易日仍未收復，先減碼三分之一；若ETF或外資繼續轉弱，再分批降低部位。,外資持股5/10日下降且外資5日賣超,61.6,54.5,26.5,85,100,完整,133,137,83.96,46.5,1.58,75.09,128.44,-1.55,,3.6,0.81,1,0,0,0,0,0,0,-1484.457,-1145.511,-598.256,-3856.6899999999996,0,0,0,0,0,0,0,205.15,342.074,9.48,-1326,-733,-716,,-1444.482,-1350.661,-940.33,-4198.219,59.98,75.54,63.46,99.71,false,false,6.71,8.13,外資持股5/10日下降，且外資5日賣超
167,6789,采鈺,TWSE,半導體業,等待確認,正常持有,standard,今天不下單,每個交易日收盤後，檢查趨勢與法人籌碼,已有部位可續抱觀察，但暫不追價；若收盤跌破60日EMA約 465.42 且法人籌碼轉弱，先減碼三分之一。,未觸發明確減碼訊號,67.6,54.2,49.8,85,100,完整,488,500,17.99,12.16,21.04,18.54,367.01,2.95,93.13,8.42,0.61,6,1,4,7,2,-486,0,182.779,414.916,700.345,513.2149999999998,1,7,2,-502,5,0,3416000,30.927000000000007,136.012,4.47,-69,577,122,,207.462,376.989,562.333,927.355,59.7,73.74,71.94,77.35,false,false,4.13,4.83,估值高，現有成長幅度尚未支撐目前估值
168,2891,中信金,TWSE,金融保險業,等待確認,保護持有,protect,今天不新增部位；未完成確認前不機械式賣出,今天收盤後；若跌破，再看下一交易日是否收復,已有部位暫停加碼；若收盤跌破60日EMA約 66.62，且下一交易日仍未收復，先減碼三分之一；若ETF或外資繼續轉弱，再分批降低部位。,外資持股5/10日下降且外資5日賣超,57.9,54,52.6,85,100,可用,67.4,67.2,-32.01,36.5,,92.82,,1.96,16.12,1.93,3.71,36,3221,11850,16602,20517,49300,-2131,416.264,-8305.008,-7312.714999999998,39377.424,1017.512,8137.998,11172.270999999999,45240.39400000001,5,0,548501065,3880.0229999999997,7316.058999999999,34.89,-2174,-27467,-32648,,-769.993,-20323.029,-25801.045,-15282.240999999998,47.69,17.18,30.4,-9.25,false,false,-1.02,-1.61,主動ETF 5日轉為減碼；外資持股5/10日下降，且外資5日賣超；當下除權息調整價未守20日EMA
169,5425,台半,TPEX,半導體業,等待確認,正常持有,strong,強勢續抱；不追高,今日收盤確認是否守住20日EMA,價格仍在20／60日EMA之上且短線強勢；法人未同步轉弱。若收盤跌破20日EMA約 95.23 且法人續弱，再轉為保護持有。,價格強勢站上20／60日EMA；法人未同步轉弱,56.6,54,43.2,85,100,可用,105.5,115,22.43,7.49,8.99,50.58,181.79,1.52,38.36,3.38,1.92,1,0,0,0,-21,-63,0,1023.032,1023.032,1023.032,1023.032,0,0,0,0,0,0,0,33.553,33.553,21.74,,,,,989.479,989.479,989.479,989.479,70.16,78,79.8,74.39,false,true,10.79,11.64,外資持股尚未完成5／10日可比核對或期間有非市場異動；此項不給分，不解讀為轉弱；短線過熱或乖離過大
170,6962,奕力-KY,TWSE,半導體業,等待確認,正常持有,standard,今天不下單,每個交易日收盤後，檢查趨勢與法人籌碼,已有部位可續抱觀察，但暫不追價；若收盤跌破60日EMA約 32.49 且法人籌碼轉弱，先減碼三分之一。,未觸發明確減碼訊號,61.1,53.2,53.4,85,100,完整,33.9,34.15,7.16,-0.21,-1.55,22.41,239.24,0.61,23.22,0.84,2.95,1,0,0,40,60,60,0,876.841,3451.094,3684.012,4130.2429999999995,0,40,60.076,60.076,2,0,1356000,-1.5029999999999997,8.949,37.73,631,594,-1474,,873.867,3412.5969999999998,3614.986999999999,4205.491999999999,68.57,87.39,80.62,100.94,false,false,5.92,7.79,累計營收負成長且當月改善不足；單季稅前獲利對營業外貢獻依賴偏高
171,2489,瑞軒,TWSE,光電業,等待確認,保護持有,protect,今天不新增部位；未完成確認前不機械式賣出,今天收盤後；若跌破，再看下一交易日是否收復,已有部位暫停加碼；若收盤跌破60日EMA約 38.87，且下一交易日仍未收復，先減碼三分之一；若ETF或外資繼續轉弱，再分批降低部位。,外資持股5/10日下降且外資5日賣超,55,52.6,49.2,85,93,可用,40.4,40.2,23.59,16.63,0.78,42.95,188.56,0.44,29.06,1.86,2.97,1,0,20,73,85,145,0,-1251.05,-7597.5819999999985,-21858.974,-10506.333999999997,0,72.5,84.3,61.39999999999999,3,0,2929000,-1418.181,-3629.3009999999995,5.73,354,-4434,-13752,,-364.729,-6251.901,-18313.972999999998,-6443.466999999999,51.48,23.59,37.66,-4.56,false,false,-0.23,-0.98,外資持股5/10日下降，且外資5日賣超；20日趨勢尚未上彎；當下除權息調整價未守20日EMA；單季稅前獲利對營業外貢獻依賴偏高
172,2354,鴻準,TWSE,其他電子業,等待確認,保護持有,protect,今天不新增部位；未完成確認前不機械式賣出,今天收盤後；若跌破，再看下一交易日是否收復,已有部位暫停加碼；若收盤跌破60日EMA約 62.29，且下一交易日仍未收復，先減碼三分之一；若ETF或外資繼續轉弱，再分批降低部位。,外資持股5/10日下降且外資5日賣超,55.5,51.8,52.8,85,100,完整,64.4,63.9,58.42,-1.69,1.29,36.29,219.89,1.1,27.29,0.8,2.33,4,0,0,0,-11,-126,0,-3249.975,-6722.641,-8183.938999999999,5880.7339999999995,0,2,-3,-58,1,0,128800,-424.73400000000004,-588.873,13.97,-1426,-4686,-6577,,-3045.782,-6299.906999999999,-7592.065999999999,6530.353000000001,49.51,20.07,29.04,2.13,false,false,-0.88,-2.28,外資持股5/10日下降，且外資5日賣超；當下除權息調整價未守20日EMA；單季稅前獲利對營業外貢獻依賴偏高
173,8054,安國,TPEX,半導體業,等待確認,正常持有,standard,今天不下單,每個交易日收盤後，檢查趨勢與法人籌碼,已有部位可續抱觀察，但暫不追價；若收盤跌破60日EMA約 87.54 且法人籌碼轉弱，先減碼三分之一。,未觸發明確減碼訊號,58.3,51.6,26.2,85,100,可用,87.3,91,157.45,163.51,-5.37,48.62,119.56,-0.23,,3.6,0,1,0,0,50,80,80,0,-189.547,-189.547,-189.547,-189.547,0,0,0,0,0,0,0,-0.551,-0.551,5.01,,,,,-188.996,-188.996,-188.996,-188.996,55.72,56.98,58.54,53.86,false,true,2.14,3.19,外資持股尚未完成5／10日可比核對或期間有非市場異動；此項不給分，不解讀為轉弱
174,4968,立積,TWSE,半導體業,等待確認,保護持有,protect,今天不新增部位；未完成確認前不機械式賣出,今天收盤後；若跌破，再看下一交易日是否收復,已有部位暫停加碼；若收盤跌破60日EMA約 96.38，且下一交易日仍未收復，先減碼三分之一；若ETF或外資繼續轉弱，再分批降低部位。,外資持股5/10日下降且外資5日賣超,58.5,51.3,53.6,85,100,完整,99.1,99.1,-2.44,2.84,3.27,25.03,385.26,1,26.78,3.39,1.61,1,0,0,50,80,80,0,-156.747,-33.764000000000095,287.4569999999999,717.6479999999998,0,50,80,80,2,0,4955000,59.812,64.832,4.28,-200,-524,-519,,-154.222,-143.57599999999996,142.62500000000003,569.167,63.07,76.77,78.05,74.21,false,true,5.14,7.14,外資持股5/10日下降，且外資5日賣超
175,6830,汎銓,TWSE,其他電子業,等待確認,正常持有,standard,今天不下單,每個交易日收盤後，檢查趨勢與法人籌碼,已有部位可續抱觀察，但暫不追價；若收盤跌破60日EMA約 516.31 且法人籌碼轉弱，先減碼三分之一。,未觸發明確減碼訊號,66.7,50.3,24.9,85,100,完整,550,550,31.95,22.67,0.6,48.43,120.55,-0.25,2200,8.81,0.18,1,6,6,6,6,18,6,-117.782,-104.172,-1.7570000000000618,38.65899999999992,0,0,0.006,-0.9939999999999998,0,0,0,-0.2480000000000004,-9.646999999999998,5.93,-110,6,467,,-116.173,-103.92399999999998,7.8840000000000146,101.89399999999999,55.8,35.45,35.31,35.74,true,false,2.23,1.85,20日趨勢尚未上彎
176,9904,寶成,TWSE,運動休閒,等待確認,保護持有,protect,今天不新增部位；未完成確認前不機械式賣出,今天收盤後；若跌破，再看下一交易日是否收復,已有部位暫停加碼；若收盤跌破60日EMA約 24.76，且下一交易日仍未收復，先減碼三分之一；若ETF或外資繼續轉弱，再分批降低部位。,外資持股5/10日下降且外資5日賣超,47.8,50.1,58.1,85,100,完整,24.3,24.3,4.33,-1.77,2.25,34.13,162.9,2.37,5.15,0.38,5.35,11,334,746,1092,4645,12081,0,-9808.317,-14887.664999999999,-13392.096,-29097.070000000007,-78,-6.483000000000018,3371.637,10866.417000000001,2,3,-157537,679.9409999999999,1044.821,26.63,-8324,-15219,-15370,,-9676.359,-15561.123000000001,-17808.554,-41998.833,43.37,41.1,61.54,0.24,false,true,-1.44,-2.61,累計營收負成長且當月改善不足；外資持股5/10日下降，且外資5日賣超；當下除權息調整價未守20日EMA；單季稅前獲利對營業外貢獻依賴偏高
177,6284,佳邦,TPEX,電子零組件業,等待確認,正常持有,standard,今天不下單,每個交易日收盤後，檢查趨勢與法人籌碼,已有部位可續抱觀察，但暫不追價；若收盤跌破60日EMA約 80.19 且法人籌碼轉弱，先減碼三分之一。,未觸發明確減碼訊號,53.6,48.8,44.6,85,100,可用,80.2,80,-0.77,-5.93,5.51,43.74,130.22,0.91,21.05,1.37,2.36,1,0,0,0,0,60,0,-1066.052,-1066.052,-1066.052,-1066.052,0,0,0,0,0,0,0,-8.052,-8.052,8.81,,,,,-1058,-1058,-1058,-1058,56.69,62.13,50.6,85.2,false,false,3.72,7.94,累計營收負成長且當月改善不足；外資持股尚未完成5／10日可比核對或期間有非市場異動；此項不給分，不解讀為轉弱
178,6122,擎邦,TPEX,電機機械,等待確認,保護持有,protect,今天不新增部位；未完成確認前不機械式賣出,今天收盤後；若跌破，再看下一交易日是否收復,已有部位暫停加碼；若收盤跌破60日EMA約 51.82，且下一交易日仍未收復，先減碼三分之一；若ETF或外資繼續轉弱，再分批降低部位。,KD高檔死亡交叉（僅屬時機警示）,47.7,47,43.6,85,100,可用,61.8,61.8,13.59,-0.19,10.87,63.76,146.27,2.19,13.26,2.71,5.5,1,0,1,3,53,83,0,-152.144,-152.144,-152.144,-152.144,0,0,0,0,0,0,0,-17.151,-17.151,10.1,,,,,-134.993,-134.993,-134.993,-134.993,76.81,91.63,91.78,91.35,false,true,11.02,6.19,外資持股尚未完成5／10日可比核對或期間有非市場異動；此項不給分，不解讀為轉弱；短線過熱或乖離過大；KD高檔死亡交叉，等待動能確認
179,6488,環球晶,TPEX,半導體業,等待確認,正常持有,strong,強勢續抱；不追高,今日收盤確認是否守住20日EMA,"價格仍在20／60日EMA之上且短線強勢；法人未同步轉弱。若收盤跌破20日EMA約 1,006.45 且法人續弱，再轉為保護持有。",價格強勢站上20／60日EMA；法人未同步轉弱,64.1,46.6,28.1,85,100,可用,1180,1180,7.61,-3.11,9.93,55.88,128.14,11.87,57.28,5.83,0.65,21,128,533,427,301,-18,292,162.796,162.796,162.796,162.796,248.2,248.2,248.2,248.2,1,0,292876000,-529.757,-529.757,36.31,,,,,444.353,444.353,444.353,444.353,69.76,81.31,72.23,99.49,false,false,17.24,24.47,累計營收負成長且當月改善不足；外資持股尚未完成5／10日可比核對或期間有非市場異動；此項不給分，不解讀為轉弱；短線過熱或乖離過大；單季稅前獲利對營業外貢獻依賴偏高
180,6462,神盾,TPEX,半導體業,等待確認,正常持有,standard,今天不下單,每個交易日收盤後，檢查趨勢與法人籌碼,已有部位可續抱觀察，但暫不追價；若收盤跌破60日EMA約 102.54 且法人籌碼轉弱，先減碼三分之一。,未觸發明確減碼訊號,54.9,45.7,29.8,85,100,可用,103.5,102,11.1,61.61,-21.7,32.94,114.5,-3.05,,1.28,0,1,0,0,60,90,90,0,-69.134,-69.134,-69.134,-69.134,0,0,0,0,0,0,0,4.576,4.576,13.63,,,,,-73.71,-73.71,-73.71,-73.71,56.18,64.02,65.2,61.67,false,true,2.17,3.81,外資持股尚未完成5／10日可比核對或期間有非市場異動；此項不給分，不解讀為轉弱
181,6116,彩晶,TWSE,光電業,等待確認,保護持有,protect,今天不新增部位；未完成確認前不機械式賣出,今天收盤後；若跌破，再看下一交易日是否收復,已有部位暫停加碼；若收盤跌破60日EMA約 14.58，且下一交易日仍未收復，先減碼三分之一；若ETF或外資繼續轉弱，再分批降低部位。,外資持股5/10日下降且外資5日賣超,55.2,40.9,33.4,85,100,完整,15.9,15.9,8,2.93,-15.24,20.77,179.8,-0.02,,1.22,,1,0,0,0,0,0,0,-30095.918,-10697.007000000005,-12883.200000000004,-16601.023000000005,0,0,0.1,0.1,0,0,0,847.5350000000001,2208.2630000000004,4.07,-27556,-10212,-11601,,-27574.299,-11544.541999999996,-15091.563000000002,-18600.061000000005,60.35,65.81,64.33,68.77,false,false,6.2,6.71,外資持股5/10日下降，且外資5日賣超
182,2498,宏達電,TWSE,通信網路業,等待確認,正常持有,standard,今天不下單,每個交易日收盤後，檢查趨勢與法人籌碼,已有部位可續抱觀察，但暫不追價；若收盤跌破60日EMA約 41.38 且法人籌碼轉弱，先減碼三分之一。,未觸發明確減碼訊號,49.2,40.8,44.4,85,90,可用,42.05,42,-7.71,-6.92,-89.63,32.56,220.19,-0.62,16.24,1.34,1.19,2,0,0,0,-344,-351,0,-743.133,-4689.647999999999,-11267.250999999998,-15926.377999999995,0,0,-344,-351,0,0,0,41.64300000000003,401.16600000000005,8.14,-581,116,-5433,,-481.792,-4731.290999999999,-11324.416999999998,-15664.215999999997,55.16,48.31,52.42,40.09,false,true,1.46,0.6,累計營收負成長且當月改善不足；外資持股尚未完成5／10日可比核對或期間有非市場異動；此項不給分，不解讀為轉弱
183,3228,金麗科,TPEX,半導體業,等待確認,正常持有,standard,今天不下單,每個交易日收盤後，檢查趨勢與法人籌碼,已有部位可續抱觀察，但暫不追價；若收盤跌破60日EMA約 166.22 且法人籌碼轉弱，先減碼三分之一。,未觸發明確減碼訊號,55,40.3,34.7,85,100,可用,172,170,10.79,12.61,-42.81,14.14,297.68,-1,,18.18,0,1,0,0,35,65,55,0,2.903,2.903,2.903,2.903,0,0,0,0,0,0,0,-8.719,-8.719,7.53,,,,,11.622,11.622,11.622,11.622,52.9,51.81,57.18,41.07,false,true,0.63,-1.15,外資持股尚未完成5／10日可比核對或期間有非市場異動；此項不給分，不解讀為轉弱；當下除權息調整價未守20日EMA
184,9910,豐泰,TWSE,運動休閒,等待確認,保護持有,protect,今天不新增部位；未完成確認前不機械式賣出,今天收盤後；若跌破，再看下一交易日是否收復,已有部位暫停加碼；若收盤跌破60日EMA約 69.45，且下一交易日仍未收復，先減碼三分之一；若ETF或外資繼續轉弱，再分批降低部位。,外資持股5/10日下降且外資5日賣超,44.2,39.3,38.2,85,100,完整,66.7,66.7,-2.79,-2.94,4.99,51.08,137.19,1.71,13.56,2.78,6.15,8,106,298,355,1063,2839,0,-1626.882,-1465.409,-0.3629999999999711,2845.3849999999998,106,355,1063,2828.346,4,1,23678500,-2.4260000000000006,62.455,5.69,-1587,-1707,-749,,-1726.815,-1817.983,-1125.818,-104.2919999999998,39.66,22.88,35.87,-3.11,false,true,-2.72,-3.89,累計營收負成長且當月改善不足；外資持股5/10日下降，且外資5日賣超；當下除權息調整價未守20日EMA
185,2409,友達,TWSE,光電業,等待確認,正常持有,strong,強勢續抱；不追高,今日收盤確認是否守住20日EMA,價格仍在20／60日EMA之上且短線強勢；法人未同步轉弱。若收盤跌破20日EMA約 33.60 且法人續弱，再轉為保護持有。,價格強勢站上20／60日EMA；法人未同步轉弱,54.6,37.3,25.8,85,100,可用,39.05,38.85,-5.86,-1.82,-0.3,55.81,116.87,0.03,162.71,1.91,1.02,12,0,6980,6980,10013,9915,3320,-234189.314,-88201.96800000001,135460.59500000003,337123.369,0,7129.327,10912.446,10790.782000000001,3,0,278400219,-11764.322,12957.083999999999,15.17,-202053,-102136,52040,,-212135.842,-83566.97300000001,111591.06499999994,300356.419,70.39,79.87,82.35,74.9,false,true,16.21,14.18,累計營收負成長且當月改善不足；外資持股尚未完成5／10日可比核對或期間有非市場異動；此項不給分，不解讀為轉弱；短線過熱或乖離過大；KD高檔死亡交叉，等待動能確認；高波動且5日漲幅過大；估值高，現有成長幅度尚未支撐目前估值；單季稅前獲利對營業外貢獻依賴偏高
186,2367,燿華,TWSE,電子零組件業,等待確認,正常持有,strong,漲停先續抱；不追價,今日收盤確認是否守住20日EMA,價格仍在20／60日EMA之上且今日漲停；法人未同步轉弱。若收盤跌破20日EMA約 43.09 且法人續弱，再轉為保護持有。,今日漲停／趨勢站穩；法人未同步轉弱,51.2,36.2,17.1,85,100,完整,49.65,54.6,26.13,-0.08,-6.5,56.05,95.69,-0.64,,2.85,0.4,1,0,0,0,0,0,0,-2960.094,867.547,2485.83,3948.8949999999995,0,0,0,0,0,0,0,1190.4009999999998,1128.4479999999999,9.09,-3145,-251,1907,,-3821.758,-322.85400000000004,1357.382,3126.768,74.8,90.35,79.17,112.72,false,false,15.22,19.06,短線過熱或乖離過大
187,4919,新唐,TWSE,半導體業,等待確認,正常持有,strong,強勢續抱；不追高,今日收盤確認是否守住20日EMA,價格仍在20／60日EMA之上且短線強勢；法人未同步轉弱。若收盤跌破20日EMA約 133.96 且法人續弱，再轉為保護持有。,價格強勢站上20／60日EMA；法人未同步轉弱,50.1,35.9,20.9,85,100,可用,155.5,150,12.1,1.01,-2.79,46.5,189.95,-0.57,,4.21,,4,-3,-3,37,-338,-341,0,-3751.775,-6299.3,-21354.977,-20006.471,-3,37.876999999999995,-334.63800000000003,-256.63800000000003,2,2,5889874,-181.59200000000016,146.9299999999999,0.69,-1357,-3902,-16496,,-2285.279,-6155.585000000001,-21167.269000000004,-20077.277000000002,69.11,81.97,79.41,87.08,false,false,16.08,14.34,ETF 1/3日已轉為減碼；外資持股尚未完成5／10日可比核對或期間有非市場異動；此項不給分，不解讀為轉弱；融資增幅與短線漲幅同步偏高；借券賣出與借券賣出餘額壓力升高；單季稅前獲利對營業外貢獻依賴偏高
188,3363,上詮,TPEX,通信網路業,等待確認,保護持有,protect,今天不新增部位；未完成確認前不機械式賣出,今天收盤後；若跌破，再看下一交易日是否收復,已有部位暫停加碼；若收盤跌破60日EMA約 658.60，且下一交易日仍未收復，先減碼三分之一；若ETF或外資繼續轉弱，再分批降低部位。,價格跌破60日EMA且20日趨勢向下,46.8,28.8,29.3,85,100,可用,664,641,13.2,-10.56,-30.58,11.1,873.99,-1.18,,13.2,0,3,0,0,0,0,389,0,-406.24,-406.24,-406.24,-406.24,0,0,0,0,0,0,0,-7.723,-7.723,22,,,,,-398.517,-398.517,-398.517,-398.517,50.07,46.06,34.49,69.19,false,false,-0.19,1.84,外資持股尚未完成5／10日可比核對或期間有非市場異動；此項不給分，不解讀為轉弱；20日趨勢尚未上彎；當下除權息調整價未守20日EMA
189,7856,漢測,TPEX,半導體業,等待確認,正常持有,standard,今天不下單,每個交易日收盤後，檢查趨勢與法人籌碼,已有部位可續抱觀察，但暫不追價；若收盤跌破60日EMA約 — 且法人籌碼轉弱，先減碼三分之一。,未觸發明確減碼訊號,35,27.8,36.4,85,76,可用,4280,4250,,,33.59,39.29,216.19,21.5,158.64,63.84,0.02,2,0,3,8,12,12,4,80.201,80.201,80.201,80.201,4,4,4,4,1,0,17120000,2,2,15.83,,,,,74.201,74.201,74.201,74.201,,,,,,,,,外資持股尚未完成5／10日可比核對或期間有非市場異動；此項不給分，不解讀為轉弱
190,6005,群益證,TWSE,金融保險業,暫不承接,保護持有,protect,今天不新增部位；未完成確認前不機械式賣出,今天收盤後；若跌破，再看下一交易日是否收復,已有部位暫停加碼；若收盤跌破60日EMA約 31.42，且下一交易日仍未收復，先減碼三分之一；若ETF或外資繼續轉弱，再分批降低部位。,ETF 5/10日同步減碼；外資持股5/10日下降且外資5日賣超,70.5,77.8,74,85,100,完整,33,33,45.35,99.72,,89.2,108.57,3.24,6.13,1.38,5.18,6,-1,-1,-1,-548,-5493,0,4836.159,-775.544000000001,-4789.641,-19101.307,-1,3,-532.738,-5408.6140000000005,1,1,99000,0,0,16.84,5135,-1488,-4402,,4837.159,-778.544000000001,-4256.903,-13692.693000000001,61.59,62.38,53.3,80.52,true,true,3.41,3.13,ETF短中期同步減碼；ETF 1/3日已轉為減碼；外資持股5/10日下降，且外資5日賣超
191,2360,致茂,TWSE,其他電子業,暫不承接,保護持有,protect,今天不新增部位；未完成確認前不機械式賣出,今天收盤後；若跌破，再看下一交易日是否收復,"已有部位暫停加碼；若收盤跌破60日EMA約 2,140.19，且下一交易日仍未收復，先減碼三分之一；若ETF或外資繼續轉弱，再分批降低部位。",ETF 5/10日同步減碼；投信5/10日持續且具金額意義地賣超,72.4,75.5,61.8,85,100,可用,2325,2370,156.3,108.41,39.54,47.08,167.28,21.27,59.31,29.85,0.84,46,198,6,-206,-808,-726,-159,492.267,-682.7819999999999,126.35200000000012,1656.196,-19.135,-2666.6859999999997,-3429.1809999999996,-2093.1220000000003,0,5,-6200044950,47.670000000000016,272.264,59.82,628,1837,3262,,578.621,1936.234,3283.269,3440.2780000000002,57.24,38.07,35.5,43.22,true,false,5.79,1.31,ETF短中期同步減碼；主動ETF 5日轉為減碼；投信5/10日持續且具金額意義的賣超
192,5289,宜鼎,TPEX,電腦及週邊設備業,暫不承接,降低部位,trim,停止加碼；反彈未站回恢復區時分批減碼,每個交易日收盤後，確認是否站回恢復區,"已有部位先停止加碼。反彈若仍未站回 1,382.59，分批降低部位；只有站回且ETF／外資賣壓收斂後才重新評估。",價格跌破60日EMA且20日趨勢向下；ETF 5/10日同步減碼,54,73.8,78.8,85,100,可用,1295,1345,576.29,553.15,56.13,48.99,233.33,166.45,7.19,5.36,1.32,7,-31,-53,-50,-104,-69,-54,-53.347,-53.347,-53.347,-53.347,-35.87,-35.87,-35.87,-35.87,0,1,-46451650,-7.107,-7.107,17.68,,,,,-10.37,-10.37,-10.37,-10.37,42.99,26.35,29.22,20.62,false,false,-1.79,-0.77,中期趨勢仍向下；ETF短中期同步減碼；ETF 1/3日已轉為減碼；主動ETF 5日轉為減碼；外資持股尚未完成5／10日可比核對或期間有非市場異動；此項不給分，不解讀為轉弱；20日趨勢尚未上彎
193,3260,威剛,TPEX,半導體業,暫不承接,保護持有,protect,今天不新增部位；未完成確認前不機械式賣出,今天收盤後；若跌破，再看下一交易日是否收復,已有部位暫停加碼；若收盤跌破60日EMA約 397.90，且下一交易日仍未收復，先減碼三分之一；若ETF或外資繼續轉弱，再分批降低部位。,價格跌破60日EMA且20日趨勢向下,54.6,73.4,71.8,85,100,可用,378,379,279.81,218.14,38.98,62.91,181.44,62.46,4.89,3.11,4.5,14,131,18,50,138,850,-156,-986.877,-986.877,-986.877,-986.877,-14,-14,-14,-14,0,1,-5292000,71.064,71.064,22.87,,,,,-1043.941,-1043.941,-1043.941,-1043.941,38.85,21.03,17.92,27.27,true,false,-2.99,0,中期趨勢仍向下；外資持股尚未完成5／10日可比核對或期間有非市場異動；此項不給分，不解讀為轉弱；20日趨勢尚未上彎；當下除權息調整價未守20日EMA；ETF加碼金額或跨基金共識尚未同時成立
194,4967,十銓,TWSE,半導體業,暫不承接,保護持有,protect,今天不新增部位；未完成確認前不機械式賣出,今天收盤後；若跌破，再看下一交易日是否收復,已有部位暫停加碼；若收盤跌破60日EMA約 266.52，且下一交易日仍未收復，先減碼三分之一；若ETF或外資繼續轉弱，再分批降低部位。,ETF 5/10日同步減碼；外資持股5/10日下降且外資5日賣超；投信5/10日持續且具金額意義地賣超,52.6,73.3,71.9,85,100,完整,269.5,273,275.06,87.02,35.94,50.67,191.64,53.44,4,2.05,3.2,2,-1,-250,-255,-255,-234,-249,-883.172,-842.3170000000001,-690.7500000000001,1780.0409999999997,-1,-255,-254.992,-234.392,0,4,-68722500,-54.788,-99.60700000000001,10.61,-848,-699,-717,,-864.623,-532.5290000000001,-336.1510000000002,2272.5239999999994,47.45,36.57,43.14,23.45,false,true,-1.19,-1.1,ETF短中期同步減碼；ETF 1/3日已轉為減碼；主動ETF 5日轉為減碼；投信5/10日持續且具金額意義的賣超；外資持股5/10日下降，且外資5日賣超；20日趨勢尚未上彎
195,2337,旺宏,TWSE,半導體業,暫不承接,保護持有,protect,今天不新增部位；未完成確認前不機械式賣出,今天收盤後；若跌破，再看下一交易日是否收復,已有部位暫停加碼；若收盤跌破60日EMA約 126.01，且下一交易日仍未收復，先減碼三分之一；若ETF或外資繼續轉弱，再分批降低部位。,價格跌破60日EMA且20日趨勢向下,68.9,73.1,66.7,85,100,可用,121.5,122,218.53,149.14,36.83,35.77,235.89,4.82,28.79,3.88,,9,17,30,2,-453,-2330,0,-1080.995,14743.003,13091.214,17628.437,17,4,-541,-2634,4,1,486000,101.042,1121.856,24.84,-841,12854,9090,,-1105.941,14637.961,12510.358,18610.635,50.22,64.87,55.65,83.3,false,false,0.65,3.85,中期趨勢仍向下；20日趨勢尚未上彎
196,2428,興勤,TWSE,電子零組件業,暫不承接,保護持有,protect,今天不新增部位；未完成確認前不機械式賣出,今天收盤後；若跌破，再看下一交易日是否收復,已有部位暫停加碼；若收盤跌破60日EMA約 253.84，且下一交易日仍未收復，先減碼三分之一；若ETF或外資繼續轉弱，再分批降低部位。,ETF 5/10日同步減碼；外資持股5/10日下降且外資5日賣超,66,72.8,73.4,85,100,完整,262,264.5,51.21,27.61,22.64,36.2,299.37,7.55,18.62,2.84,2.25,2,0,-1,-2,-19,-208,0,-74.427,9.105999999999995,-416.102,31.016000000000076,0,-2,-19,-208,0,2,-524000,21.035000000000004,20.495,14.07,-46,-140,-279,,-56.245,-9.928999999999974,-417.5969999999999,206.61100000000022,56.92,57.65,50.38,72.19,true,false,2.39,2.75,ETF短中期同步減碼；外資持股5/10日下降，且外資5日賣超
197,8271,宇瞻,TWSE,半導體業,暫不承接,降低部位,trim,停止加碼；反彈未站回恢復區時分批減碼,每個交易日收盤後，確認是否站回恢復區,已有部位先停止加碼。反彈若仍未站回 211.04，分批降低部位；只有站回且ETF／外資賣壓收斂後才重新評估。,價格跌破60日EMA且20日趨勢向下；外資持股5/10日下降且外資5日賣超,53.5,72.5,70.4,85,100,完整,200.5,210,177.1,226.89,34.73,55.84,184.73,35.51,4.99,2.73,2.22,2,0,0,0,0,-37,0,-263.985,-785.0190000000001,-1837.3010000000004,-4202.218000000001,0,0,0,-37.6,0,0,0,8.538999999999998,-2.847000000000002,8.21,-201,-882,-1129,,-256.206,-793.558,-1834.454,-4133.129000000001,39.71,30.53,25.5,40.59,false,false,-2.95,0.25,中期趨勢仍向下；外資持股5/10日下降，且外資5日賣超；20日趨勢尚未上彎
198,3044,健鼎,TWSE,電子零組件業,暫不承接,保護持有,protect,今天不新增部位；未完成確認前不機械式賣出,今天收盤後；若跌破，再看下一交易日是否收復,已有部位暫停加碼；若收盤跌破60日EMA約 487.40，且下一交易日仍未收復，先減碼三分之一；若ETF或外資繼續轉弱，再分批降低部位。,ETF 5/10日同步減碼；投信5/10日持續且具金額意義地賣超,67.9,71.1,60.6,85,100,可用,557,558,65.48,38.72,20.58,48.8,162.21,13.02,23.86,5.25,2.28,21,81,32,-106,-294,691,-285,768.597,898.7149999999999,3122.42,1766.1350000000004,62,-494,-436.322,400.88300000000004,2,3,-275158000,297.989,326.585,48.72,577,999,3204,,603.508,1094.7259999999999,3232.157,1288.9430000000002,68.1,78.95,75.16,86.53,true,false,7.41,3.53,ETF短中期同步減碼；20日累積後5日轉為調節；主動ETF 5日轉為減碼；投信5/10日持續且具金額意義的賣超
199,8109,博大,TPEX,電子零組件業,暫不承接,保護持有,protect,今天不新增部位；未完成確認前不機械式賣出,今天收盤後；若跌破，再看下一交易日是否收復,已有部位暫停加碼；若收盤跌破60日EMA約 130.92，且下一交易日仍未收復，先減碼三分之一；若ETF或外資繼續轉弱，再分批降低部位。,ETF 5/10日同步減碼,57,70.7,80.6,85,100,可用,139,139.5,56.12,30.7,36.05,22.91,415.49,3.84,18.71,3.77,3.24,1,-5,-36,-39,-39,19,0,-83.872,-83.872,-83.872,-83.872,-5,-5,-5,-5,0,1,-695000,6.063,6.063,5.34,,,,,-84.935,-84.935,-84.935,-84.935,58.15,74.41,77.51,68.23,false,true,3.4,5.3,ETF短中期同步減碼；20日累積後5日轉為調節；ETF 1/3日已轉為減碼；外資持股尚未完成5／10日可比核對或期間有非市場異動；此項不給分，不解讀為轉弱
200,3081,聯亞,TPEX,通信網路業,暫不承接,保護持有,protect,今天不新增部位；未完成確認前不機械式賣出,今天收盤後；若跌破，再看下一交易日是否收復,"已有部位暫停加碼；若收盤跌破60日EMA約 2,625.25，且下一交易日仍未收復，先減碼三分之一；若ETF或外資繼續轉弱，再分批降低部位。",ETF 5/10日同步減碼,66,70.1,68.1,85,99.6,可用,3000,3060,180.9,129.04,44.5,24.1,288.03,7.75,258.18,58.81,0.13,20,-5,-94,-60,-56,-173,-64,-167.061,-167.061,-167.061,-167.061,676.1,676.1,676.1,676.1,1,0,2028300000,3.557,3.557,18.25,,,,,-846.718,-846.718,-846.718,-846.718,57.83,59,43.36,90.27,true,false,6.43,11.11,ETF短中期同步減碼；ETF 1/3日已轉為減碼；主動ETF 5日轉為減碼；外資持股尚未完成5／10日可比核對或期間有非市場異動；此項不給分，不解讀為轉弱；20日趨勢尚未上彎
201,6139,亞翔,TWSE,其他電子業,暫不承接,保護持有,protect,今天不新增部位；未完成確認前不機械式賣出,今天收盤後；若跌破，再看下一交易日是否收復,已有部位暫停加碼；若收盤跌破60日EMA約 758.97，且下一交易日仍未收復，先減碼三分之一；若ETF或外資繼續轉弱，再分批降低部位。,ETF 5/10日同步減碼；外資持股5/10日下降且外資5日賣超；投信5/10日持續且具金額意義地賣超,65,70,52.7,85,100,完整,790,790,41.69,63.37,18.19,75.95,125.12,25.91,15.91,8.99,2.91,15,26,-255,-260,-667,-1158,-242,-588.448,-2418.618,-3132.4979999999996,-4373.9800000000005,93,-180.1,-928.6,-1777.1,2,3,-142279000,4.11399999999999,83.85199999999999,21.78,-290,-914,-452,,-714.016,-2242.632,-2287.7500000000005,-2249.038,59.74,84.27,74.81,103.19,false,false,5.71,4.91,ETF短中期同步減碼；主動ETF 5日轉為減碼；投信5/10日持續且具金額意義的賣超；外資持股5/10日下降，且外資5日賣超
202,3017,奇鋐,TWSE,電腦及週邊設備業,暫不承接,保護持有,protect,今天不新增部位；未完成確認前不機械式賣出,今天收盤後；若跌破，再看下一交易日是否收復,"已有部位暫停加碼；若收盤跌破60日EMA約 3,073.97，且下一交易日仍未收復，先減碼三分之一；若ETF或外資繼續轉弱，再分批降低部位。",ETF 5/10日同步減碼；投信5/10日持續且具金額意義地賣超,70.1,69.7,47.9,85,100,可用,3585,3650,54.34,76.1,25.97,68.07,126.07,44.54,47.79,25.5,0.58,48,205,-122,-452,-426,-484,-523,938.978,-355.2850000000001,32.182999999999936,526.1049999999999,246.883,-440.082,-122.49999999999996,-109.41999999999996,2,3,-1577693970,76.257,354.63199999999995,54.3,634,-8,80,,724.397,8.540000000000077,-199.9489999999999,329.5510000000001,60.69,67.66,66.98,69.02,true,true,6.1,0.84,ETF短中期同步減碼；主動ETF 5日轉為減碼；投信5/10日持續且具金額意義的賣超
203,3028,增你強,TWSE,電子通路業,暫不承接,保護持有,protect,今天不新增部位；未完成確認前不機械式賣出,今天收盤後；若跌破，再看下一交易日是否收復,已有部位暫停加碼；若收盤跌破60日EMA約 65.52，且下一交易日仍未收復，先減碼三分之一；若ETF或外資繼續轉弱，再分批降低部位。,價格跌破60日EMA且20日趨勢向下,62.6,69.7,55.6,85,93,可用,63.4,63.4,87.95,95.6,4.64,81.04,119.22,5.24,8.83,2.07,4.73,2,0,9,32,37,62,0,-58.672,-197.74499999999998,-130.63699999999994,-1407.1899999999998,0,32.025,37.225,60.61300000000001,3,0,2030385,-85.393,-75.075,10.02,29,441,1125,,-33.612,-144.37699999999998,-92.78699999999998,-1413.422,50.22,63.07,58.89,71.44,false,false,0.76,1.44,中期趨勢仍向下；20日趨勢尚未上彎；ETF加碼金額或跨基金共識尚未同時成立
204,2467,志聖,TWSE,電子零組件業,暫不承接,保護持有,protect,今天不新增部位；未完成確認前不機械式賣出,今天收盤後；若跌破，再看下一交易日是否收復,已有部位暫停加碼；若收盤跌破60日EMA約 553.42，且下一交易日仍未收復，先減碼三分之一；若ETF或外資繼續轉弱，再分批降低部位。,ETF 5/10日同步減碼,64.6,69.5,58,85,100,完整,577,586,60.73,83.37,26.06,44,119.58,7.16,57.58,5.75,0.95,7,0,-221,-221,-222,-204,-221,298.731,166.19399999999996,-413.6060000000001,-1892.5550000000003,0,-221,-222,-205.212,0,1,-127517000,25.409000000000002,53.317,20.71,278,351,-273,,276.503,361.78499999999997,-244.92299999999997,-1673.481,58.29,64.28,49.21,94.4,false,false,5.07,9.07,ETF短中期同步減碼；主動ETF 5日轉為減碼；20日趨勢尚未上彎
205,3357,臺慶科,TPEX,電子零組件業,暫不承接,保護持有,protect,今天不新增部位；未完成確認前不機械式賣出,今天收盤後；若跌破，再看下一交易日是否收復,已有部位暫停加碼；若收盤跌破60日EMA約 217.10，且下一交易日仍未收復，先減碼三分之一；若ETF或外資繼續轉弱，再分批降低部位。,ETF 5/10日同步減碼,61.9,69.4,70.7,85,100,可用,218,219,53.07,32.22,16.21,29.91,188.39,6.33,20.45,2.21,2.33,1,0,0,-1,-1,-1,0,427.385,427.385,427.385,427.385,0,0,0,0,0,0,0,40.245,40.245,22.04,,,,,387.14,387.14,387.14,387.14,57.61,61.79,55.32,74.75,true,false,4.18,5.83,ETF短中期同步減碼；外資持股尚未完成5／10日可比核對或期間有非市場異動；此項不給分，不解讀為轉弱；20日趨勢尚未上彎
206,5314,世紀*,TPEX,其他,暫不承接,保護持有,protect,今天不新增部位；未完成確認前不機械式賣出,今天收盤後；若跌破，再看下一交易日是否收復,已有部位暫停加碼；若收盤跌破60日EMA約 26.08，且下一交易日仍未收復，先減碼三分之一；若ETF或外資繼續轉弱，再分批降低部位。,ETF 5/10日同步減碼,52.7,68.7,65.1,85,100,可用,28.7,30,102.52,151.4,12.5,49.57,97.87,0.66,6.2,4.64,110.17,1,-19,-19,-19,-33,-78,0,-2444.341,-2444.341,-2444.341,-2444.341,-19,-19,-19,-19,0,1,-545300,-187.984,-187.984,4.13,,,,,-2237.357,-2237.357,-2237.357,-2237.357,48.14,51.72,41.1,72.96,false,false,-4.6,8.71,ETF短中期同步減碼；ETF 1/3日已轉為減碼；外資持股尚未完成5／10日可比核對或期間有非市場異動；此項不給分，不解讀為轉弱；20日趨勢尚未上彎；當下除權息調整價未守20日EMA
207,7750,新代,TWSE,電機機械,暫不承接,降低部位,trim,停止加碼；反彈未站回恢復區時分批減碼,每個交易日收盤後，確認是否站回恢復區,"已有部位先停止加碼。反彈若仍未站回 2,121.98，分批降低部位；只有站回且ETF／外資賣壓收斂後才重新評估。",價格跌破60日EMA且20日趨勢向下；外資持股5/10日下降且外資5日賣超,65.8,68.7,62.1,85,100,完整,2070,2070,151.07,101.32,27.76,45.28,228.69,42.53,35.58,11.04,0.77,5,42,32,6,6,0,6,61.098,-33.91400000000001,-129.729,-418.741,44,8,3,2,1,2,16560000,20.854,39.120999999999995,16.13,-3,-65,-172,,-4.548,-62.768,-171.85,-445.081,50.66,47.57,34.4,73.91,true,true,2.16,5.08,中期趨勢仍向下；外資持股5/10日下降，且外資5日賣超；20日趨勢尚未上彎；ETF加碼金額或跨基金共識尚未同時成立
208,2316,楠梓電,TWSE,電子零組件業,暫不承接,保護持有,protect,今天不新增部位；未完成確認前不機械式賣出,今天收盤後；若跌破，再看下一交易日是否收復,已有部位暫停加碼；若收盤跌破60日EMA約 161.55，且下一交易日仍未收復，先減碼三分之一；若ETF或外資繼續轉弱，再分批降低部位。,ETF 5/10日同步減碼,64.3,68.2,66.4,85,100,完整,171.5,176,61.19,40.6,-11.96,31.91,225.44,6.54,11.98,2.16,1.17,1,0,-3,-5,-5,-12,0,242.016,65.52000000000001,-190.503,-174.74599999999995,0,-5,-4.976,-11.975999999999999,0,2,-857500,42.759,47.932,38.02,276,682,731,,249.227,27.760999999999967,-233.459,-204.34699999999995,63.38,77.58,70.26,92.21,false,false,5.72,6.85,ETF短中期同步減碼；單季稅前獲利對營業外貢獻依賴偏高
209,6206,飛捷,TWSE,電腦及週邊設備業,暫不承接,保護持有,protect,今天不新增部位；未完成確認前不機械式賣出,今天收盤後；若跌破，再看下一交易日是否收復,已有部位暫停加碼；若收盤跌破60日EMA約 136.46，且下一交易日仍未收復，先減碼三分之一；若ETF或外資繼續轉弱，再分批降低部位。,ETF 5/10日同步減碼；外資持股5/10日下降且外資5日賣超,54.8,68,80.4,85,100,完整,137.5,136,62.18,30.08,29.65,29.6,275.95,5.93,15.19,3.75,4,6,-3,-7,-10,-14,294,0,59.652,-105.05199999999996,-78.02199999999999,1216.695,-3,-10.152000000000001,-13.303,551.1769999999999,0,4,-1395900,-28.218000000000004,-35.94500000000001,19.85,70,-203,-197,,58.804,-66.68200000000002,-28.774,621.3500000000001,48.1,28.84,42.61,1.31,false,false,-0.96,-1.08,ETF短中期同步減碼；20日累積後5日轉為調節；ETF 1/3日已轉為減碼；外資持股5/10日下降，且外資5日賣超；當下除權息調整價未守20日EMA
210,1708,東鹼,TWSE,化學工業,暫不承接,保護持有,protect,今天不新增部位；未完成確認前不機械式賣出,今天收盤後；若跌破，再看下一交易日是否收復,已有部位暫停加碼；若收盤跌破60日EMA約 50.64，且下一交易日仍未收復，先減碼三分之一；若ETF或外資繼續轉弱，再分批降低部位。,ETF 5/10日同步減碼,58.6,67.3,61.3,85,100,完整,56.8,58.5,33.17,15.97,16.49,39.42,104.33,1.98,13.75,1.86,2.82,1,0,-5,-8,-8,-18,0,1406.444,1956.5169999999998,4262.989,5425.490000000001,0,-8,-8,-18,0,2,-454400,163.862,114.58200000000001,11.07,1158,1415,3395,,1392.26,1800.655,4156.407,5364.984,73.12,84.93,79.39,96.03,false,false,9.23,8.6,ETF短中期同步減碼；短線過熱或乖離過大
211,2478,大毅,TWSE,電子零組件業,暫不承接,保護持有,protect,今天不新增部位；未完成確認前不機械式賣出,今天收盤後；若跌破，再看下一交易日是否收復,已有部位暫停加碼；若收盤跌破60日EMA約 127.62，且下一交易日仍未收復，先減碼三分之一；若ETF或外資繼續轉弱，再分批降低部位。,ETF 5/10日同步減碼,65.3,67.3,66.7,85,100,完整,126.5,128,43.63,22.77,15.93,29.93,259.07,2.91,26.03,2.48,1.58,2,0,-3,-5,-34,-97,0,342.236,188.53399999999993,994.2079999999999,2331.8999999999996,0,-5,-34,-97,0,2,-632500,75.88600000000001,62.72,12.26,366,-7,937,,341.493,117.64799999999991,965.4879999999998,2273.1629999999996,54.83,63.15,54.96,79.52,true,false,3.53,5.42,ETF短中期同步減碼
212,3680,家登,TPEX,半導體業,暫不承接,保護持有,protect,今天不新增部位；未完成確認前不機械式賣出,今天收盤後；若跌破，再看下一交易日是否收復,已有部位暫停加碼；若收盤跌破60日EMA約 506.99，且下一交易日仍未收復，先減碼三分之一；若ETF或外資繼續轉弱，再分批降低部位。,ETF 5/10日同步減碼,65.1,67.2,56.1,85,100,可用,561,570,49.94,31.32,16.54,47.06,233.81,8.09,37.73,4.15,1.23,3,0,0,-2,-1,37,0,659.557,659.557,659.557,659.557,0,0,0,0,0,0,0,56.889,56.889,32.28,,,,,602.668,602.668,602.668,602.668,61.44,75.92,73.57,80.62,false,false,5.33,3.51,ETF短中期同步減碼；20日累積後5日轉為調節；外資持股尚未完成5／10日可比核對或期間有非市場異動；此項不給分，不解讀為轉弱
213,6739,竹陞科技,TPEX,其他電子業,暫不承接,保護持有,protect,今天不新增部位；未完成確認前不機械式賣出,今天收盤後；若跌破，再看下一交易日是否收復,"已有部位暫停加碼；若收盤跌破60日EMA約 1,112.95，且下一交易日仍未收復，先減碼三分之一；若ETF或外資繼續轉弱，再分批降低部位。",ETF 5/10日同步減碼,52.9,66.9,66.1,85,100,可用,1125,1180,96.73,97.06,58.57,38.6,181.02,13.31,47.65,25.45,1.16,0,-50,-50,-50,-50,-50,-50,-122.604,-122.604,-122.604,-122.604,-50,-50,-50,-50,0,1,-56250000,5.907,5.907,2.63,,,,,-78.511,-78.511,-78.511,-78.511,51.2,57.05,48.27,74.63,false,false,0.72,1.35,ETF短中期同步減碼；ETF 1/3日已轉為減碼；主動ETF 5日轉為減碼；外資持股尚未完成5／10日可比核對或期間有非市場異動；此項不給分，不解讀為轉弱；20日趨勢尚未上彎
214,3706,神達,TWSE,電腦及週邊設備業,暫不承接,保護持有,protect,今天不新增部位；未完成確認前不機械式賣出,今天收盤後；若跌破，再看下一交易日是否收復,已有部位暫停加碼；若收盤跌破60日EMA約 80.99，且下一交易日仍未收復，先減碼三分之一；若ETF或外資繼續轉弱，再分批降低部位。,ETF 5/10日同步減碼,58.3,66.8,63.2,85,100,可用,80.4,81.6,119.89,52.57,3.96,56.75,189.14,2.58,14.36,1.4,4.98,12,-143,-96,-113,-4158,-3285,0,-447.561,2034.4499999999998,-4939.821,-20747.202,-143,-111,-4182.175,-3491.175,1,4,-8924400,628.687,273.385,9.24,87,10067,7841,,-374.43,1516.763,-1031.031,-15547.097,48.07,57.82,50.01,73.43,false,false,-0.28,2.42,中期趨勢仍向下；ETF短中期同步減碼；ETF 1/3日已轉為減碼；外資持股尚未完成5／10日可比核對或期間有非市場異動；此項不給分，不解讀為轉弱；20日趨勢尚未上彎
215,4576,大銀微系統,TWSE,電機機械,暫不承接,保護持有,protect,今天不新增部位；未完成確認前不機械式賣出,今天收盤後；若跌破，再看下一交易日是否收復,已有部位暫停加碼；若收盤跌破60日EMA約 222.70，且下一交易日仍未收復，先減碼三分之一；若ETF或外資繼續轉弱，再分批降低部位。,ETF 5/10日同步減碼,63.9,66.7,55.6,85,100,完整,235,235.5,98.05,55.75,17.35,38.14,200.45,1.92,71.65,6.56,0.34,1,0,-70,-70,-70,-70,-70,280.936,542.689,271.84099999999984,453.69799999999987,0,-70,-70,90,0,1,-16450000,77.4,89.53900000000002,7.48,238,267,7,,282.084,535.289,252.30200000000002,238.322,53.35,63.95,57.96,75.95,false,false,1.31,4.44,ETF短中期同步減碼；主動ETF 5日轉為減碼
216,8021,尖點,TWSE,其他電子業,暫不承接,正常持有,strong,強勢續抱；不追高,今日收盤確認是否守住20日EMA,價格仍在20／60日EMA之上且短線強勢；ETF偏弱先觀察，不因分歧減碼。若收盤跌破20日EMA約 477.08 且法人續弱，再轉為保護持有。,價格強勢站上20／60日EMA；ETF偏弱，先觀察,65.4,66.6,61.2,85,100,完整,556.34,561,97.75,76.07,24.71,37.35,239.28,3.25,112.9,13.06,0.35,7,34,-15,-18,-18,-13,-12,1015.601,4810.038,6846.7919999999995,11012.031,35,554,2352,1464,2,2,310240000,-8.974,54.56999999999999,20.2,753,3983,3722,,983.796,4265.012,4440.222,9299.793999999998,74.37,93.16,91.9,95.68,false,false,16.61,15.9,ETF短中期同步減碼；主動ETF 5日轉為減碼；短線過熱或乖離過大
217,2305,全友,TWSE,電腦及週邊設備業,暫不承接,保護持有,protect,今天不新增部位；未完成確認前不機械式賣出,今天收盤後；若跌破，再看下一交易日是否收復,已有部位暫停加碼；若收盤跌破60日EMA約 40.91，且下一交易日仍未收復，先減碼三分之一；若ETF或外資繼續轉弱，再分批降低部位。,ETF 5/10日同步減碼,56.1,66.4,68.7,85,100,完整,57.8,57.8,239.99,113.21,17.3,24.45,372.4,0.51,70.49,4.81,,1,0,-2,-4,-4,-8,0,771.151,-1174.3000000000002,3342.261,9971.328000000001,0,-4,-4,-8,0,2,-231200,-202.632,-148.097,7.4,747,-1342,2939,,899.427,-967.668,3494.358,9647.963,62.85,46.24,68.28,2.15,false,false,8.6,-8.11,ETF短中期同步減碼
218,7769,鴻勁,TWSE,半導體業,暫不承接,降低部位,trim,停止加碼；反彈未站回恢復區時分批減碼,每個交易日收盤後，確認是否站回恢復區,"已有部位先停止加碼。反彈若仍未站回 6,168.50，分批降低部位；只有站回且ETF／外資賣壓收斂後才重新評估。",價格跌破60日EMA且20日趨勢向下；外資持股5/10日下降且外資5日賣超；投信5/10日持續且具金額意義地賣超,59.5,66.1,64.9,85,100,可用,5815,5995,91.58,92.92,49.13,33.36,287.37,56.14,60.04,18.42,1.12,27,23,42,23,-414,-403,37,-12.434,-474.10300000000007,-1775.785,-1013.3349999999999,-2.021,-360.536,-1363.2279999999998,-1083.5699999999995,0,5,-2096516840,20.341,29.980000000000004,19.96,-2,-205,-475,,-19.151,-133.90800000000002,-442.537,23.726000000000028,45.47,20.68,15.6,30.85,true,false,-2.39,2.56,中期趨勢仍向下；投信5/10日持續且具金額意義的賣超；外資持股5/10日下降，且外資5日賣超；20日趨勢尚未上彎
219,1795,美時,TWSE,生技醫療業,暫不承接,保護持有,protect,今天不新增部位；未完成確認前不機械式賣出,今天收盤後；若跌破，再看下一交易日是否收復,已有部位暫停加碼；若收盤跌破60日EMA約 183.99，且下一交易日仍未收復，先減碼三分之一；若ETF或外資繼續轉弱，再分批降低部位。,價格跌破60日EMA且20日趨勢向下,56.3,66,57.4,85,100,完整,177.5,177.5,81.68,69.19,24.59,77.62,146.44,4.65,12.54,1.94,1.52,2,0,0,0,0,0,0,14.919,-323.10499999999996,-528.6389999999999,-1524.4819999999995,0,0,2,7,0,0,0,14.221,-12.820999999999998,49.84,67,216,83,,6.587,-337.326,-517.818,-1478.599,45.23,35.6,42.33,22.15,false,true,-0.72,1.14,中期趨勢仍向下；20日趨勢尚未上彎；當下除權息調整價未守20日EMA
220,6669,緯穎,TWSE,電腦及週邊設備業,暫不承接,保護持有,protect,今天不新增部位；未完成確認前不機械式賣出,今天收盤後；若跌破，再看下一交易日是否收復,"已有部位暫停加碼；若收盤跌破60日EMA約 2,082.03，且下一交易日仍未收復，先減碼三分之一；若ETF或外資繼續轉弱，再分批降低部位。",ETF 5/10日同步減碼；投信5/10日持續且具金額意義地賣超,57,66,56.6,85,100,可用,2150,2185,50.36,42.8,6.79,75.35,132.12,156.38,6.89,2.93,7.64,44,-22,-637,-643,-2298,-2369,-722,178.599,-2144.188,-4757.627,-14923.707,-296.854,-1208.504,-5081.596,-8324.836,0,5,-2598283600,5.889999999999999,90.56200000000001,26.03,105412,104433,105715,,428.889,-941.574,233.40699999999998,-5998.354,47.71,29.3,17.78,52.35,true,true,-1.12,1.65,ETF短中期同步減碼；ETF 1/3日已轉為減碼；主動ETF 5日轉為減碼；投信5/10日持續且具金額意義的賣超；外資持股尚未完成5／10日可比核對或期間有非市場異動；此項不給分，不解讀為轉弱；20日趨勢尚未上彎
221,8112,至上,TWSE,電子通路業,暫不承接,降低部位,trim,停止加碼；反彈未站回恢復區時分批減碼,每個交易日收盤後，確認是否站回恢復區,已有部位先停止加碼。反彈若仍未站回 86.97，分批降低部位；只有站回且ETF／外資賣壓收斂後才重新評估。,價格跌破60日EMA且20日趨勢向下；外資持股5/10日下降且外資5日賣超,56.7,66,55.5,85,100,完整,84.1,84.2,154.83,177.42,3.16,85.96,127.95,9.45,6.36,2.07,4.52,6,-10,660,625,1478,3651,0,-1991.864,-7522.674,-15121.747,-37808.816000000006,-10,626,1481,3769.795,1,4,52646600,-110.185,-165.6,12.21,-1486,-7922,-15012,,-1942.092,-8038.4890000000005,-16437.147,-41135.52,43.47,70.42,54.01,103.26,false,false,-0.84,0.72,中期趨勢仍向下；外資持股5/10日下降，且外資5日賣超；20日趨勢尚未上彎；當下除權息調整價未守20日EMA
222,6509,聚和,TPEX,化學工業,暫不承接,保護持有,protect,今天不新增部位；未完成確認前不機械式賣出,今天收盤後；若跌破，再看下一交易日是否收復,已有部位暫停加碼；若收盤跌破60日EMA約 47.12，且下一交易日仍未收復，先減碼三分之一；若ETF或外資繼續轉弱，再分批降低部位。,ETF 5/10日同步減碼；KD高檔死亡交叉（僅屬時機警示）,55.1,65.9,68.4,85,100,可用,49.9,50.1,20.02,7.33,21.4,32.53,226.71,2.16,13.78,1.77,2.79,1,-14,-69,-76,-76,95,0,20.779,20.779,20.779,20.779,-14,-14,-14,-14,0,1,-698600,-9.965,-9.965,12.68,,,,,44.744,44.744,44.744,44.744,69.62,84.85,83.21,88.12,true,true,4.92,4.94,ETF短中期同步減碼；20日累積後5日轉為調節；ETF 1/3日已轉為減碼；外資持股尚未完成5／10日可比核對或期間有非市場異動；此項不給分，不解讀為轉弱；KD高檔死亡交叉，等待動能確認
223,2436,偉詮電,TWSE,半導體業,暫不承接,保護持有,protect,今天不新增部位；未完成確認前不機械式賣出,今天收盤後；若跌破，再看下一交易日是否收復,已有部位暫停加碼；若收盤跌破60日EMA約 67.89，且下一交易日仍未收復，先減碼三分之一；若ETF或外資繼續轉弱，再分批降低部位。,ETF 5/10日同步減碼,60.9,65.7,65.5,85,100,完整,73.2,73.8,32.15,30.41,11.77,33,261.25,3.02,13.46,3.07,2.68,2,0,0,-24,-4,667,0,-496.56,3036.7929999999997,3736.013999999999,4842.4,0,-24,-4,667,0,2,-1756800,-96.19499999999994,311.26600000000013,13.09,-199,1517,1603,,-323.159,3156.9880000000003,3428.748,3876.158,57.57,71.35,74.01,66.05,false,true,3.52,1.1,ETF短中期同步減碼；20日累積後5日轉為調節；單季稅前獲利對營業外貢獻依賴偏高
224,3693,營邦,TPEX,電腦及週邊設備業,暫不承接,保護持有,protect,今天不新增部位；未完成確認前不機械式賣出,今天收盤後；若跌破，再看下一交易日是否收復,已有部位暫停加碼；若收盤跌破60日EMA約 608.90，且下一交易日仍未收復，先減碼三分之一；若ETF或外資繼續轉弱，再分批降低部位。,ETF 5/10日同步減碼,62.5,65.1,53.2,85,100,可用,689,695,171.01,25.27,10.27,46.95,164.12,8.66,44.68,5.64,1.16,1,0,-32,-32,-32,-32,-32,146.572,146.572,146.572,146.572,0,0,0,0,0,0,0,48.931,48.931,20.66,,,,,97.641,97.641,97.641,97.641,57.36,37.19,45.19,21.2,false,false,2.42,-5.49,ETF短中期同步減碼；主動ETF 5日轉為減碼；外資持股尚未完成5／10日可比核對或期間有非市場異動；此項不給分，不解讀為轉弱
225,8358,金居,TPEX,電子零組件業,暫不承接,正常持有,strong,漲停先續抱；不追價,今日收盤確認是否守住20日EMA,價格仍在20／60日EMA之上且今日漲停；ETF偏弱先觀察，不因分歧減碼。若收盤跌破20日EMA約 502.63 且法人續弱，再轉為保護持有。,今日漲停／趨勢站穩；ETF偏弱，先觀察,66.2,64.8,60.5,85,96.2,可用,570,627,59.71,46.82,24.99,24.79,184.41,4.22,84.95,15.47,0.35,11,46,-126,-153,-128,-277,-121,6100,6100,6100,6100,96,96,96,96,1,0,54720000,996.605,996.605,28.58,,,,,5007.395,5007.395,5007.395,5007.395,65.22,70.77,55.89,100.55,false,false,13.4,11.55,ETF短中期同步減碼；主動ETF 5日轉為減碼；外資持股尚未完成5／10日可比核對或期間有非市場異動；此項不給分，不解讀為轉弱；短線過熱或乖離過大
226,3090,日電貿,TWSE,電子零組件業,暫不承接,保護持有,protect,今天不新增部位；未完成確認前不機械式賣出,今天收盤後；若跌破，再看下一交易日是否收復,已有部位暫停加碼；若收盤跌破60日EMA約 175.24，且下一交易日仍未收復，先減碼三分之一；若ETF或外資繼續轉弱，再分批降低部位。,價格跌破60日EMA且20日趨勢向下,62.1,64.7,64,85,100,完整,173,174,38.45,30.03,12.12,30.9,156.34,4.91,22.91,2.68,2.77,6,0,-4,-7,207,237,0,-611.794,518.6619999999999,1740.9180000000001,2923.913,0,343,559,645,1,1,59339000,3.628000000000007,25.515000000000008,7.85,-265,-333,475,,-586.958,172.0340000000001,1156.403,2301.978,55.21,62.1,52.11,82.09,true,false,3.7,4.85,中期趨勢仍向下；20日累積後5日轉為調節；20日趨勢尚未上彎
227,6446,藥華藥,TWSE,生技醫療業,暫不承接,降低部位,trim,停止加碼；反彈未站回恢復區時分批減碼,每個交易日收盤後，確認是否站回恢復區,"已有部位先停止加碼。反彈若仍未站回 1,225.10，分批降低部位；只有站回且ETF／外資賣壓收斂後才重新評估。",價格跌破60日EMA且20日趨勢向下；外資持股5/10日下降且外資5日賣超,56.3,64.5,68.6,85,100,可用,1190,1190,105.43,81.24,43.77,16.54,527.8,11.35,58.28,12.08,0.22,23,10,-36,7,8497,8415,-54,508.846,-537.794,-2927.913,-4059.6809999999996,-1.116,-78.116,8429.501,8386.172999999999,0,4,-92958040,-41.446,75.158,21.74,-282,-892,-12843,,468.445,-418.23199999999997,-11432.572,-12534.192,43.91,46.9,40.65,59.41,false,false,-2.87,3.03,中期趨勢仍向下；主動ETF 5日轉為減碼；投信20日買超後近5日轉賣；外資持股5/10日下降，且外資5日賣超；20日趨勢尚未上彎；當下除權息調整價未守20日EMA
228,6834,天二科技,TWSE,電子零組件業,暫不承接,正常持有,strong,強勢續抱；不追高,今日收盤確認是否守住20日EMA,價格仍在20／60日EMA之上且短線強勢；ETF偏弱先觀察，不因分歧減碼。若收盤跌破20日EMA約 109.26 且法人續弱，再轉為保護持有。,價格強勢站上20／60日EMA；ETF偏弱，先觀察,61.3,64.5,53.6,85,100,完整,125.5,127,114.3,52.76,10.85,40.75,153.28,1.6,54.57,7.2,0.32,1,0,-2,-3,-3,-5,0,-504.043,1427.295,1343.713,3247.065,0,-2.972,-2.972,-4.9719999999999995,0,2,-372986,-25.248999999999995,116.812,14.37,-405,1446,941,,-392.503,1455.516,1229.873,3048.984,64.39,73.56,67.86,84.96,true,false,14.87,11.24,ETF短中期同步減碼；短線過熱或乖離過大；高波動且5日漲幅過大
229,2345,智邦,TWSE,通信網路業,暫不承接,保護持有,protect,今天不新增部位；未完成確認前不機械式賣出,今天收盤後；若跌破，再看下一交易日是否收復,"已有部位暫停加碼；若收盤跌破60日EMA約 2,067.95，且下一交易日仍未收復，先減碼三分之一；若ETF或外資繼續轉弱，再分批降低部位。",ETF 5/10日同步減碼；投信5/10日持續且具金額意義地賣超,66.1,64.4,46.6,85,100,可用,2075,2095,59.42,61.86,14.72,65.32,142.45,34.7,32.6,16.8,0.72,45,-60,-19,-1096,-1812,-2502,-1398,132.378,-2540.7659999999996,-5678.482999999999,-10025.437999999998,-188.994,-3485.317,-6131.106,-10391.064999999999,1,4,-7232032775,213.795,543.962,56.87,198,635,-59,,213.91,730.7560000000001,-91.33899999999994,-175.0340000000002,57.11,68.22,50.39,103.86,true,false,7.03,9.5,ETF短中期同步減碼；ETF 1/3日已轉為減碼；主動ETF 5日轉為減碼；投信5/10日持續且具金額意義的賣超；20日趨勢尚未上彎；融資增幅與短線漲幅同步偏高
230,2480,敦陽科,TWSE,資訊服務業,暫不承接,保護持有,protect,今天不新增部位；未完成確認前不機械式賣出,今天收盤後；若跌破，再看下一交易日是否收復,已有部位暫停加碼；若收盤跌破60日EMA約 158.04，且下一交易日仍未收復，先減碼三分之一；若ETF或外資繼續轉弱，再分批降低部位。,ETF 5/10日同步減碼,63.1,64.4,50.4,85,100,完整,166.5,166.5,20.16,16.45,12.11,65.42,134.32,4.91,19.01,5.41,4.68,4,-1,-2,-3,-5,18,0,-300.141,-344.153,141.785,699.5409999999999,-1,-3.322,-5.643000000000001,17.185,0,3,-553113,13.064000000000002,21.46,12.08,-270,-390,94,,-307.974,-353.89500000000004,125.96799999999993,654.5619999999999,65.93,41.24,38.42,46.88,true,false,3.7,3.42,ETF短中期同步減碼；20日累積後5日轉為調節；ETF 1/3日已轉為減碼
231,5469,瀚宇博,TWSE,電子零組件業,暫不承接,保護持有,protect,今天不新增部位；未完成確認前不機械式賣出,今天收盤後；若跌破，再看下一交易日是否收復,已有部位暫停加碼；若收盤跌破60日EMA約 74.57，且下一交易日仍未收復，先減碼三分之一；若ETF或外資繼續轉弱，再分批降低部位。,ETF 5/10日同步減碼,61.4,64.4,58.4,85,100,完整,78.4,78.5,26.41,24.72,7.35,43.83,130.96,2.05,14.52,0.62,3.21,3,0,0,-45,-45,874,0,-290.547,337.0809999999999,-575.6460000000002,-582.0970000000003,0,-45,-45,740,0,1,-3528000,19.591,36.57,7.74,-191,-514,-1211,,-299.831,362.49,-567.216,-1403.2540000000001,68.08,77.84,62.04,109.46,false,false,6.18,7.4,ETF短中期同步減碼；20日累積後5日轉為調節
232,6191,精成科,TWSE,電子零組件業,暫不承接,保護持有,protect,今天不新增部位；未完成確認前不機械式賣出,今天收盤後；若跌破，再看下一交易日是否收復,已有部位暫停加碼；若收盤跌破60日EMA約 86.07，且下一交易日仍未收復，先減碼三分之一；若ETF或外資繼續轉弱，再分批降低部位。,ETF 5/10日同步減碼,61.4,64.4,55.6,85,100,可用,85.9,86.3,20.45,26.98,7.6,49.82,126.43,2.32,14.97,1.17,3.03,4,0,-2,-29,-62,57,0,300.411,2160.499,1913.4629999999997,3321.4959999999996,0,-29,-62,-24,1,2,-2491100,27.52,52.727999999999994,4.5,196,2334,2468,,276.534,2161.9790000000003,1922.7350000000001,3292.557000000001,59.1,78.26,71,92.79,false,false,2.78,4.37,ETF短中期同步減碼；20日累積後5日轉為調節；外資持股尚未完成5／10日可比核對或期間有非市場異動；此項不給分，不解讀為轉弱
233,1714,和桐,TWSE,化學工業,暫不承接,保護持有,protect,今天不新增部位；未完成確認前不機械式賣出,今天收盤後；若跌破，再看下一交易日是否收復,已有部位暫停加碼；若收盤跌破60日EMA約 15.95，且下一交易日仍未收復，先減碼三分之一；若ETF或外資繼續轉弱，再分批降低部位。,ETF 5/10日同步減碼,58.4,64.3,63.8,85,100,完整,18.5,19,56.11,60.54,11.49,29.6,335.99,0.89,15.68,1.37,0.97,1,0,-19,-35,-35,-73,0,6877.251,13273.285000000002,14167.265000000001,8113.238000000004,0,-35,-35,-73,0,2,-647500,597.65,445.989,17.65,6688,11662,11520,,6575.43,12710.634999999998,13756.275999999998,7741.534999999999,66.9,77.9,68.7,96.3,false,false,12.98,17.46,ETF短中期同步減碼；20日趨勢尚未上彎；短線過熱或乖離過大；融資增幅與短線漲幅同步偏高
234,3264,欣銓,TPEX,半導體業,暫不承接,保護持有,protect,今天不新增部位；未完成確認前不機械式賣出,今天收盤後；若跌破，再看下一交易日是否收復,已有部位暫停加碼；若收盤跌破60日EMA約 228.85，且下一交易日仍未收復，先減碼三分之一；若ETF或外資繼續轉弱，再分批降低部位。,ETF 5/10日同步減碼,56.6,64.3,52,85,100,可用,241.5,246,46.57,33.89,29.05,52.52,88.08,4.39,31.53,5.83,1.74,17,-4153,-3666,-3642,-5830,-4568,-3998,-10860.824,-10860.824,-10860.824,-10860.824,-6962,-6962,-6962,-6962,0,1,-1681323000,-183.554,-183.554,38.07,,,,,-3715.27,-3715.27,-3715.27,-3715.27,51.43,22.05,34.95,-3.77,false,false,-0.21,-1.83,ETF短中期同步減碼；ETF 1/3日已轉為減碼；主動ETF 5日轉為減碼；外資持股尚未完成5／10日可比核對或期間有非市場異動；此項不給分，不解讀為轉弱
235,2302,麗正,TWSE,半導體業,暫不承接,保護持有,protect,今天不新增部位；未完成確認前不機械式賣出,今天收盤後；若跌破，再看下一交易日是否收復,已有部位暫停加碼；若收盤跌破60日EMA約 42.59，且下一交易日仍未收復，先減碼三分之一；若ETF或外資繼續轉弱，再分批降低部位。,ETF 5/10日同步減碼,61.1,64.2,52.6,85,100,完整,49.85,50.2,87.72,37.96,14.17,34.29,148.18,0.6,46.59,4.51,0.7,1,0,-1,-3,-3,-7,0,-239.254,2631.509,2062.148,4166.351000000001,0,-2.9610000000000003,-2.9610000000000003,-6.961,0,2,-147606,78.89599999999999,215.328,3.97,-295,2578,1615,,-279.845,2555.574,1849.7810000000002,3861.158000000001,69.33,76.61,73.46,82.91,false,false,11.11,8.25,ETF短中期同步減碼
236,1608,華榮,TWSE,電器電纜,暫不承接,保護持有,protect,今天不新增部位；未完成確認前不機械式賣出,今天收盤後；若跌破，再看下一交易日是否收復,已有部位暫停加碼；若收盤跌破60日EMA約 35.26，且下一交易日仍未收復，先減碼三分之一；若ETF或外資繼續轉弱，再分批降低部位。,ETF 5/10日同步減碼,58,64.1,67.3,85,100,完整,35.85,36,17.9,19.18,10.42,37.4,158.43,7.04,3.11,1.35,5.58,3,-5,-10,-15,-24,-23,0,-599.611,74.05799999999999,-531.195,-619.6539999999998,-5,-14.876999999999999,-24.754,-186.85800000000003,0,3,-533340,5.4460000000000015,5.997000000000002,5.06,-360,-286,-838,,-580.22,83.48900000000003,-512.4379999999999,-286.41599999999977,49.69,56.93,47.18,76.43,false,false,-0.29,0.99,ETF短中期同步減碼；ETF 1/3日已轉為減碼；20日趨勢尚未上彎；單季稅前獲利對營業外貢獻依賴偏高
237,8936,國統,TPEX,其他,暫不承接,保護持有,protect,今天不新增部位；未完成確認前不機械式賣出,今天收盤後；若跌破，再看下一交易日是否收復,已有部位暫停加碼；若收盤跌破60日EMA約 52.11，且下一交易日仍未收復，先減碼三分之一；若ETF或外資繼續轉弱，再分批降低部位。,ETF 5/10日同步減碼,60.2,63.9,59.9,85,100,可用,53.1,53.2,12.34,17.13,19.11,43.73,183.13,1.87,12.24,2.08,5.65,1,-3,-6,-9,-15,-25,0,561.118,561.118,561.118,561.118,-3,-3,-3,-3,0,1,-159300,222.924,222.924,11.9,,,,,341.194,341.194,341.194,341.194,63.41,64.58,64.86,64.04,false,true,2.24,1.92,ETF短中期同步減碼；ETF 1/3日已轉為減碼；外資持股尚未完成5／10日可比核對或期間有非市場異動；此項不給分，不解讀為轉弱
238,1785,光洋科,TPEX,其他電子業,暫不承接,保護持有,protect,今天不新增部位；未完成確認前不機械式賣出,今天收盤後；若跌破，再看下一交易日是否收復,已有部位暫停加碼；若收盤跌破60日EMA約 106.79，且下一交易日仍未收復，先減碼三分之一；若ETF或外資繼續轉弱，再分批降低部位。,價格跌破60日EMA且20日趨勢向下,60.4,63.3,54.8,85,100,可用,102.5,102.5,30.71,63.4,10.31,57.48,172.98,3.66,15.32,3.77,1.95,3,0,7,20,23,22,0,-430.157,-430.157,-430.157,-430.157,0,0,0,0,0,0,0,40.265,40.265,19.4,,,,,-470.422,-470.422,-470.422,-470.422,55.66,72.25,62.68,91.4,false,false,2.98,6.99,中期趨勢仍向下；外資持股尚未完成5／10日可比核對或期間有非市場異動；此項不給分，不解讀為轉弱；20日趨勢尚未上彎
239,5439,高技,TPEX,電子零組件業,暫不承接,保護持有,protect,今天不新增部位；未完成確認前不機械式賣出,今天收盤後；若跌破，再看下一交易日是否收復,已有部位暫停加碼；若收盤跌破60日EMA約 262.85，且下一交易日仍未收復，先減碼三分之一；若ETF或外資繼續轉弱，再分批降低部位。,未觸發明確減碼訊號,61.7,63.3,53.9,85,100,可用,261,268.5,5.24,34.29,15.78,67.67,169.55,8.15,14.43,6.01,2.76,2,0,0,0,204,204,0,450.56,450.56,450.56,450.56,0,0,0,0,0,0,0,35.095,35.095,24.23,,,,,415.465,415.465,415.465,415.465,57.05,59.01,55.19,66.64,true,true,3.4,3.16,中期趨勢仍向下；外資持股尚未完成5／10日可比核對或期間有非市場異動；此項不給分，不解讀為轉弱；20日趨勢尚未上彎
240,6223,旺矽,TPEX,半導體業,暫不承接,保護持有,protect,今天不新增部位；未完成確認前不機械式賣出,今天收盤後；若跌破，再看下一交易日是否收復,"已有部位暫停加碼；若收盤跌破60日EMA約 5,583.31，且下一交易日仍未收復，先減碼三分之一；若ETF或外資繼續轉弱，再分批降低部位。",ETF 5/10日同步減碼,61.4,63.2,46.4,85,100,可用,5520,5505,69.87,54.79,33.54,55.09,161.51,28.08,118.2,34.01,0.4,36,-7,-134,-487,-676,-375,-430,177.333,177.333,177.333,177.333,-7.7,-7.7,-7.7,-7.7,0,1,-42504000,-4.028,-4.028,31.46,,,,,189.061,189.061,189.061,189.061,51.29,36.65,31.23,47.49,true,false,1.9,1.94,ETF短中期同步減碼；ETF 1/3日已轉為減碼；主動ETF 5日轉為減碼；外資持股尚未完成5／10日可比核對或期間有非市場異動；此項不給分，不解讀為轉弱
241,6805,富世達,TWSE,電子零組件業,暫不承接,保護持有,protect,今天不新增部位；未完成確認前不機械式賣出,今天收盤後；若跌破，再看下一交易日是否收復,"已有部位暫停加碼；若收盤跌破60日EMA約 2,048.00，且下一交易日仍未收復，先減碼三分之一；若ETF或外資繼續轉弱，再分批降低部位。",ETF 5/10日同步減碼；投信5/10日持續且具金額意義地賣超,62.7,62.9,56.2,85,100,可用,2450,2500,29.14,49.81,27.31,47.74,210.62,25.77,52.41,20.11,0.51,16,-544,-984,-1094,-916,-867,-1124,-540.325,-929.855,245.08999999999997,1907.258,-790,-2689,-521.3,-383.19999999999993,0,5,-6588050000,-7.722999999999998,-12.760000000000005,17.56,209,1540,760,,238.361,1766.8680000000002,779.1500000000003,2350.636,59.25,43.78,54.41,22.51,false,true,6.2,-3.16,ETF短中期同步減碼；ETF 1/3日已轉為減碼；主動ETF 5日轉為減碼；投信5/10日持續且具金額意義的賣超
242,3010,華立,TWSE,電子通路業,暫不承接,保護持有,protect,今天不新增部位；未完成確認前不機械式賣出,今天收盤後；若跌破，再看下一交易日是否收復,已有部位暫停加碼；若收盤跌破60日EMA約 125.55，且下一交易日仍未收復，先減碼三分之一；若ETF或外資繼續轉弱，再分批降低部位。,ETF 5/10日同步減碼,61.6,62.6,55.9,85,100,完整,130,132,23.63,20.14,4.04,53.53,149.98,5.93,11.62,1.23,4.08,4,-1,-3,-4,-5,-8,0,521.363,577.622,388.801,-497.81500000000005,-1,-4,-5,-38.833,0,3,-520000,22.224,27.98,19.65,532,532,368,,533.031,559.3979999999999,365.82099999999986,-466.90700000000015,63.03,73.44,65.26,89.8,false,false,3.12,3.17,ETF短中期同步減碼；ETF 1/3日已轉為減碼；20日趨勢尚未上彎
243,6515,穎崴,TWSE,半導體業,暫不承接,降低部位,trim,停止加碼；反彈未站回恢復區時分批減碼,每個交易日收盤後，確認是否站回恢復區,"已有部位先停止加碼。反彈若仍未站回 6,722.60，分批降低部位；只有站回且ETF／外資賣壓收斂後才重新評估。",價格跌破60日EMA且20日趨勢向下；外資持股5/10日下降且外資5日賣超；投信5/10日持續且具金額意義地賣超,59.9,62.5,51.3,85,100,可用,6205,6230,233.37,97.88,24.63,44.89,225.07,38.24,101.59,26.23,0.8,23,0,0,8,-128,6,4,5.475,-157.729,-1418.587,-1768.9859999999999,-7,-108.711,-956.912,-677.4979999999998,0,5,-674551755,10.056999999999999,27.112000000000002,20.49,-29,-49,-541,,11.589,-59.075,-488.787,-1132.359,48.27,43.54,30.91,68.82,false,false,-0.14,6.07,中期趨勢仍向下；投信5/10日持續且具金額意義的賣超；外資持股5/10日下降，且外資5日賣超；20日趨勢尚未上彎
244,6285,啟碁,TWSE,通信網路業,暫不承接,保護持有,protect,今天不新增部位；未完成確認前不機械式賣出,今天收盤後；若跌破，再看下一交易日是否收復,已有部位暫停加碼；若收盤跌破60日EMA約 239.62，且下一交易日仍未收復，先減碼三分之一；若ETF或外資繼續轉弱，再分批降低部位。,ETF 5/10日同步減碼,59.7,62.3,45.1,85,100,可用,249.5,255,81.21,37.83,5,65.98,133.19,5.75,27.33,3.37,1.72,12,88,-111,-59,-17,-1096,-300,551.554,-205.9530000000001,1458.8569999999995,-1372.891,4,-471.234,-464.234,-1358.984,3,2,-117572883,647.7850000000001,1155.489,23.65,74,-360,429,,12.95,-382.5039999999999,767.6020000000002,-947.0439999999999,61.05,81.4,72.05,100.08,false,false,6.06,4.83,ETF短中期同步減碼；主動ETF 5日轉為減碼；20日趨勢尚未上彎
245,6548,長科*,TPEX,半導體業,暫不承接,保護持有,protect,今天不新增部位；未完成確認前不機械式賣出,今天收盤後；若跌破，再看下一交易日是否收復,已有部位暫停加碼；若收盤跌破60日EMA約 72.70，且下一交易日仍未收復，先減碼三分之一；若ETF或外資繼續轉弱，再分批降低部位。,ETF 5/10日同步減碼,62,62.3,47.9,85,100,可用,78,78.9,43.66,28.26,14.32,49.37,200.5,1.22,35.14,5.56,1.73,4,470,-1212,-1221,-1245,-1341,-1855,-2833.241,-2833.241,-2833.241,-2833.241,470,470,470,470,1,0,36660000,7.141,7.141,5.72,,,,,-3310.382,-3310.382,-3310.382,-3310.382,62.29,57.13,43.64,84.12,true,false,6.59,9.4,ETF短中期同步減碼；主動ETF 5日轉為減碼；外資持股尚未完成5／10日可比核對或期間有非市場異動；此項不給分，不解讀為轉弱
246,6781,AES-KY,TWSE,電子零組件業,暫不承接,降低部位,trim,停止加碼；反彈未站回恢復區時分批減碼,每個交易日收盤後，確認是否站回恢復區,"已有部位先停止加碼。反彈若仍未站回 1,055.19，分批降低部位；只有站回且ETF／外資賣壓收斂後才重新評估。",價格跌破60日EMA且20日趨勢向下；外資持股5/10日下降且外資5日賣超,58.6,62.1,67.4,85,100,完整,1050,1055,26.64,26.39,25.76,35.13,265.53,23.45,24.83,5.07,1.82,3,0,0,0,0,1,0,16.413,-27.706,-193.188,-436.4889999999999,0,0,0,8.478,0,0,0,18.017,32.658,70.18,27,-113,-277,,15.14,-45.723,-225.846,-419.37899999999996,53.13,74.32,62.38,98.19,false,false,1.84,4.48,中期趨勢仍向下；外資持股5/10日下降，且外資5日賣超；20日趨勢尚未上彎
247,3029,零壹,TWSE,資訊服務業,暫不承接,保護持有,protect,今天不新增部位；未完成確認前不機械式賣出,今天收盤後；若跌破，再看下一交易日是否收復,已有部位暫停加碼；若收盤跌破60日EMA約 111.77，且下一交易日仍未收復，先減碼三分之一；若ETF或外資繼續轉弱，再分批降低部位。,ETF 5/10日同步減碼,60.7,61.9,50.4,85,100,完整,117.5,118,44.44,20.13,6.32,63.78,142.48,3.63,16.76,3.71,4.68,3,-1,-2,-4,-6,-12,0,67.861,430.048,3044.4970000000003,506.6400000000003,-1,-4.321,-6.624999999999999,-12.646999999999998,0,3,-507717,80.138,118.11200000000001,7.88,-32,-87,2324,,38.341,354.231,2933.01,453.13800000000026,52.92,26.42,37.35,4.56,false,false,0.34,-2.08,ETF短中期同步減碼；ETF 1/3日已轉為減碼
248,2393,億光,TWSE,光電業,暫不承接,保護持有,protect,今天不新增部位；未完成確認前不機械式賣出,今天收盤後；若跌破，再看下一交易日是否收復,已有部位暫停加碼；若收盤跌破60日EMA約 64.74，且下一交易日仍未收復，先減碼三分之一；若ETF或外資繼續轉弱，再分批降低部位。,ETF 5/10日同步減碼；投信5/10日持續且具金額意義地賣超,58.6,61.8,66.5,85,100,可用,67,67.8,14.1,6.28,8.54,37.1,195.25,2.14,14.29,1.55,6.72,9,-262,-546,-837,-1220,-960,-733,1387.1,3425.844,3619.912,3771.6829999999995,-262,-831.275,-1214.525,-954.8060000000002,1,4,-55695425,-82.78099999999999,-346.077,29.61,1742,3579,4460,,1636.203,4339.9,5180.514,5226.503,63.33,84.62,78.03,97.79,false,false,4.4,5.68,ETF短中期同步減碼；ETF 1/3日已轉為減碼；主動ETF 5日轉為減碼；投信5/10日持續且具金額意義的賣超；20日趨勢尚未上彎
249,2303,聯電,TWSE,半導體業,暫不承接,保護持有,protect,今天不新增部位；未完成確認前不機械式賣出,今天收盤後；若跌破，再看下一交易日是否收復,已有部位暫停加碼；若收盤跌破60日EMA約 137.79，且下一交易日仍未收復，先減碼三分之一；若ETF或外資繼續轉弱，再分批降低部位。,ETF 5/10日同步減碼,59.6,61.7,58.8,85,100,可用,152.5,149.5,30.71,14.66,20.21,33.34,216.6,4.68,22.93,4.31,1.71,60,-17660,-12520,-8446,-16851,5866,-13980,-120685.72,-82823.129,-25683.25,74375.413,-35930.277,-17821.693,3470.179,90471.20300000001,4,1,-2717808182,799.771,8969.77,40.77,-75969,-71206,-38919,,-81562.142,-65801.20700000001,-38123.19900000002,-30299.026000000027,56.45,43.93,58.72,14.36,false,false,2.36,-0.97,ETF短中期同步減碼；20日累積後5日轉為調節；ETF 1/3日已轉為減碼；主動ETF 5日轉為減碼；外資持股尚未完成5／10日可比核對或期間有非市場異動；此項不給分，不解讀為轉弱；借券賣出與借券賣出餘額壓力升高；單季稅前獲利對營業外貢獻依賴偏高
250,2382,廣達,TWSE,電腦及週邊設備業,暫不承接,保護持有,protect,今天不新增部位；未完成確認前不機械式賣出,今天收盤後；若跌破，再看下一交易日是否收復,已有部位暫停加碼；若收盤跌破60日EMA約 335.20，且下一交易日仍未收復，先減碼三分之一；若ETF或外資繼續轉弱，再分批降低部位。,價格跌破60日EMA且20日趨勢向下,55.1,61.6,48.8,85,100,可用,331,332,177.45,102.63,3.1,87.6,112.75,12.93,14.42,5.24,4.71,46,567,2828,3449,13510,22727,-269,-2750.562,-10215.437,-15406.084,10606.804,130.031,1955.913,11775.195,20847.187999999995,4,1,647407203,976.9119999999999,1809.802,23.1,-3106,-13887,-37104,,-2930.158,-13148.261999999999,-28991.081,-12656.329999999994,45.06,17.65,30.69,-8.45,false,false,-1.48,-2.22,中期趨勢仍向下；主動ETF 5日轉為減碼；外資持股尚未完成5／10日可比核對或期間有非市場異動；此項不給分，不解讀為轉弱；20日趨勢尚未上彎；當下除權息調整價未守20日EMA
251,2412,中華電,TWSE,通信網路業,暫不承接,保護持有,protect,今天不新增部位；未完成確認前不機械式賣出,今天收盤後；若跌破，再看下一交易日是否收復,已有部位暫停加碼；若收盤跌破60日EMA約 140.40，且下一交易日仍未收復，先減碼三分之一；若ETF或外資繼續轉弱，再分批降低部位。,ETF 5/10日同步減碼；投信5/10日持續且具金額意義地賣超,60.1,61.6,61.6,85,100,可用,145.5,145.5,25.61,9.5,21.73,30.99,122.39,2.68,28.59,3.08,3.57,35,-1737,-2552,-2088,-1847,-3026,-1095,2939.038,11811.127,29835.121,95783.26,-1874.299,-2985.983,-2710.2,-2874.355,1,4,-434460527,-213,133.98000000000002,18.37,4378,11557,27575,,4768.337,15010.11,32411.341,98782.02,66.74,71.25,74.85,64.05,false,false,1.67,0.34,ETF短中期同步減碼；ETF 1/3日已轉為減碼；主動ETF 5日轉為減碼；投信5/10日持續且具金額意義的賣超；外資持股尚未完成5／10日可比核對或期間有非市場異動；此項不給分，不解讀為轉弱
252,2548,華固,TWSE,建材營造,暫不承接,降低部位,trim,停止加碼；反彈未站回恢復區時分批減碼,每個交易日收盤後，確認是否站回恢復區,已有部位先停止加碼。反彈若仍未站回 95.83，分批降低部位；只有站回且ETF／外資賣壓收斂後才重新評估。,價格跌破60日EMA且20日趨勢向下；外資持股5/10日下降且外資5日賣超,49.5,61.6,68.5,85,93,可用,91.5,91.5,139.53,105.33,20.15,61.37,222.93,2.81,7.4,1.41,9.29,2,0,4,17,20,34,0,-796.428,-2346.87,-2088.1939999999995,-3389.97,0,17.2,20,6.300000000000001,3,0,1573800,-141.32500000000002,-152.00500000000002,13.28,-468,-2193,-2136,,-795.952,-2222.745,-1956.1889999999996,-3299.1169999999997,41.43,9.4,15.69,-3.18,false,false,-1.84,-1.82,中期趨勢仍向下；外資持股5/10日下降，且外資5日賣超；20日趨勢尚未上彎；當下除權息調整價未守20日EMA
253,1590,亞德客-KY,TWSE,電機機械,暫不承接,降低部位,trim,停止加碼；反彈未站回恢復區時分批減碼,每個交易日收盤後，確認是否站回恢復區,"已有部位先停止加碼。反彈若仍未站回 1,328.71，分批降低部位；只有站回且ETF／外資賣壓收斂後才重新評估。",價格跌破60日EMA且20日趨勢向下；外資持股5/10日下降且外資5日賣超；投信5/10日持續且具金額意義地賣超,53,61.5,73.3,85,100,完整,1180,1220,43.33,34.08,34.22,16.97,305.42,29.91,22.67,4.31,2.47,18,-2,1,14,22,31,0,-64.333,-155.505,-1035.591,-1590.9509999999996,-2,-60.479,-52.479,-70.088,1,4,-71365220,-6.492,5.204000000000004,80.02,-99,-125,-899,,-62.061,-88.534,-988.316,-1527.9320000000002,28.75,30.43,28.23,34.83,false,false,-6.12,-2.48,中期趨勢仍向下；投信5/10日持續且具金額意義的賣超；外資持股5/10日下降，且外資5日賣超；20日趨勢尚未上彎；當下除權息調整價未守20日EMA
254,6173,信昌電,TPEX,電子零組件業,暫不承接,保護持有,protect,今天不新增部位；未完成確認前不機械式賣出,今天收盤後；若跌破，再看下一交易日是否收復,已有部位暫停加碼；若收盤跌破60日EMA約 251.26，且下一交易日仍未收復，先減碼三分之一；若ETF或外資繼續轉弱，再分批降低部位。,ETF 5/10日同步減碼,55.2,61.5,64.2,85,100,可用,292,292,54.27,26.14,21.45,17.1,208.65,2.98,54.99,4.93,0.62,1,0,-359,-359,-359,-146,-359,-408.789,-408.789,-408.789,-408.789,0,0,0,0,0,0,0,-42.441,-42.441,14.5,,,,,-366.348,-366.348,-366.348,-366.348,55.15,33.4,40.13,19.95,false,false,1.54,-4.73,ETF短中期同步減碼；主動ETF 5日轉為減碼；外資持股尚未完成5／10日可比核對或期間有非市場異動；此項不給分，不解讀為轉弱
255,2851,中再保,TWSE,金融保險業,暫不承接,保護持有,protect,今天不新增部位；未完成確認前不機械式賣出,今天收盤後；若跌破，再看下一交易日是否收復,已有部位暫停加碼；若收盤跌破60日EMA約 42.74，且下一交易日仍未收復，先減碼三分之一；若ETF或外資繼續轉弱，再分批降低部位。,ETF 5/10日同步減碼；投信5/10日持續且具金額意義地賣超,52.9,61.4,67.4,85,100,完整,45.6,45.6,-31.48,75.57,,59.8,,7.91,4.32,1.39,4.82,4,0,-834,-840,-840,701,-834,3.499,-950.0049999999999,1342.2350000000001,5053.187000000001,0,-840,-840,701,0,3,-38304000,-157.47699999999998,-626.3530000000001,10.96,102,-250,2598,,55,47.471999999999994,2808.5879999999997,5235.973999999998,50.16,25.54,43.21,-9.78,false,false,-1.23,-4,ETF短中期同步減碼；20日累積後5日轉為調節；主動ETF 5日轉為減碼；投信5/10日持續且具金額意義的賣超；當下除權息調整價未守20日EMA
256,6525,捷敏-KY,TWSE,半導體業,暫不承接,保護持有,protect,今天不新增部位；未完成確認前不機械式賣出,今天收盤後；若跌破，再看下一交易日是否收復,已有部位暫停加碼；若收盤跌破60日EMA約 136.93，且下一交易日仍未收復，先減碼三分之一；若ETF或外資繼續轉弱，再分批降低部位。,ETF 5/10日同步減碼,56,61,60.9,85,100,完整,140,154,30.53,19.76,21.2,34.8,210.53,3.84,19.47,3.83,3.57,3,-2,-5,-8,-11,-20,0,10.643,390.87899999999996,660.6669999999999,525.5649999999999,-2,-7.774000000000001,-11.525,-212.184,0,3,-1088360,66.133,73.75399999999999,15.37,13,-145,-327,,-5.882,332.52,598.438,762.0589999999997,57.21,68.8,70.49,65.42,false,true,3.71,4.87,ETF短中期同步減碼；ETF 1/3日已轉為減碼；20日趨勢尚未上彎；短線過熱或乖離過大
257,2006,東和鋼鐵,TWSE,鋼鐵工業,暫不承接,保護持有,protect,今天不新增部位；未完成確認前不機械式賣出,今天收盤後；若跌破，再看下一交易日是否收復,已有部位暫停加碼；若收盤跌破60日EMA約 80.33，且下一交易日仍未收復，先減碼三分之一；若ETF或外資繼續轉弱，再分批降低部位。,ETF 5/10日同步減碼；投信5/10日持續且具金額意義地賣超,56,60.9,59.9,85,100,完整,85.8,85.4,15.12,2.35,12.1,35.77,165.62,4.07,11.39,1.83,5.01,11,-2,-1103,-716,-373,-1517,-1098,-28.393,-572.3349999999999,1950.1999999999998,4037.4190000000003,-2,-711.5160000000001,-365.0310000000001,-1502.4120000000003,1,3,-61048073,58.92300000000001,57.88800000000002,28.24,-32,-199,1904,,-31.723,80.25799999999987,2257.343,5338.319999999999,56.85,51.39,56.35,41.48,false,false,1.76,-2.28,ETF短中期同步減碼；ETF 1/3日已轉為減碼；主動ETF 5日轉為減碼；投信5/10日持續且具金額意義的賣超
258,2493,揚博,TWSE,電子零組件業,暫不承接,保護持有,protect,今天不新增部位；未完成確認前不機械式賣出,今天收盤後；若跌破，再看下一交易日是否收復,已有部位暫停加碼；若收盤跌破60日EMA約 195.60，且下一交易日仍未收復，先減碼三分之一；若ETF或外資繼續轉弱，再分批降低部位。,ETF 5/10日同步減碼,62.7,60.9,51.1,85,100,完整,208,212.5,29.35,14.07,17.43,51.21,163.49,2.67,39.77,8.55,1.92,2,-1,-3,-5,-7,-13,0,-240.418,401.44399999999996,-518.6560000000001,-61.08400000000023,-1,-5,-6.962,-82.962,0,3,-1040000,115.73399999999998,54.601,7.96,-597,9,328,,-369.494,290.7099999999999,-566.2950000000001,-235.5220000000002,59.12,76.79,70.28,89.8,false,false,8.04,8.9,ETF短中期同步減碼；ETF 1/3日已轉為減碼
259,3131,弘塑,TPEX,半導體業,暫不承接,保護持有,protect,今天不新增部位；未完成確認前不機械式賣出,今天收盤後；若跌破，再看下一交易日是否收復,"已有部位暫停加碼；若收盤跌破60日EMA約 2,582.41，且下一交易日仍未收復，先減碼三分之一；若ETF或外資繼續轉弱，再分批降低部位。",ETF 5/10日同步減碼,62.3,60.9,42.8,85,99.2,可用,2530,2540,43.35,22.9,17.3,79.25,130.43,27.27,44.79,23.01,1.82,12,-4,-4,-18,-46,-97,-16,215.719,215.719,215.719,215.719,6,6,6,6,1,0,15180000,28.404,28.404,34.8,,,,,181.315,181.315,181.315,181.315,54.3,54.11,49.58,63.18,true,true,3.66,4.98,ETF短中期同步減碼；ETF 1/3日已轉為減碼；主動ETF 5日轉為減碼；外資持股尚未完成5／10日可比核對或期間有非市場異動；此項不給分，不解讀為轉弱
260,6510,精測,TPEX,半導體業,暫不承接,保護持有,protect,今天不新增部位；未完成確認前不機械式賣出,今天收盤後；若跌破，再看下一交易日是否收復,"已有部位暫停加碼；若收盤跌破60日EMA約 3,129.75，且下一交易日仍未收復，先減碼三分之一；若ETF或外資繼續轉弱，再分批降低部位。",ETF 5/10日同步減碼,55.8,60.4,63.2,85,100,可用,3105,3295,54.27,33.14,32.26,28.04,436.63,25.45,73.23,10.1,0.49,13,-55,-170,-201,-472,-319,-171,-66.189,-66.189,-66.189,-66.189,-56,-56,-56,-56,0,1,-173880000,9.324,9.324,18.04,,,,,-19.513,-19.513,-19.513,-19.513,46.8,16.09,21.04,6.18,false,false,-3.64,-6.19,中期趨勢仍向下；ETF短中期同步減碼；ETF 1/3日已轉為減碼；主動ETF 5日轉為減碼；外資持股尚未完成5／10日可比核對或期間有非市場異動；此項不給分，不解讀為轉弱；20日趨勢尚未上彎
261,6640,均華,TPEX,半導體業,暫不承接,保護持有,protect,今天不新增部位；未完成確認前不機械式賣出,今天收盤後；若跌破，再看下一交易日是否收復,"已有部位暫停加碼；若收盤跌破60日EMA約 1,090.01，且下一交易日仍未收復，先減碼三分之一；若ETF或外資繼續轉弱，再分批降低部位。",ETF 5/10日同步減碼,58.8,60.2,45.4,85,100,可用,1165,1140,18.69,60.51,19.3,43.77,100.76,9.52,69.55,6.5,1.29,2,0,0,-105,-103,39,0,62.474,62.474,62.474,62.474,0,0,0,0,0,0,0,18.372,18.372,4.86,,,,,44.102,44.102,44.102,44.102,56.66,55.44,37.27,91.77,true,false,5.67,15.35,ETF短中期同步減碼；20日累積後5日轉為調節；外資持股尚未完成5／10日可比核對或期間有非市場異動；此項不給分，不解讀為轉弱；20日趨勢尚未上彎
262,6196,帆宣,TWSE,其他電子業,暫不承接,正常持有,strong,強勢續抱；不追高,今日收盤確認是否守住20日EMA,價格仍在20／60日EMA之上且短線強勢；ETF偏弱先觀察，不因分歧減碼。若收盤跌破20日EMA約 559.21 且法人續弱，再轉為保護持有。,價格強勢站上20／60日EMA；ETF偏弱，先觀察,58.2,59.9,42.8,85,100,完整,679,681,83.89,51.72,8.65,72.75,122.81,13.26,30.75,8.37,0.95,9,-34,-34,-34,-96,-52,-33,233.728,1958.0489999999998,2784.2459999999996,4154.7210000000005,-34,-34,-96,-55.45,0,1,-23086000,77.78800000000001,155.689,20.81,167,1906,2697,,178.542,1914.261,2724.5569999999993,4039.9769999999985,78.82,94.05,86.88,108.38,false,false,21.42,20.18,ETF短中期同步減碼；ETF 1/3日已轉為減碼；主動ETF 5日轉為減碼；短線過熱或乖離過大
263,6449,鈺邦,TWSE,電子零組件業,暫不承接,降低部位,trim,停止加碼；反彈未站回恢復區時分批減碼,每個交易日收盤後，確認是否站回恢復區,已有部位先停止加碼。反彈若仍未站回 236.22，分批降低部位；只有站回且ETF／外資賣壓收斂後才重新評估。,價格跌破60日EMA且20日趨勢向下；外資持股5/10日下降且外資5日賣超,54.2,59.9,57.1,85,100,完整,227,233.5,21.17,23.82,17.33,39.73,114.61,4.42,25.28,2.98,1.85,1,0,0,0,0,0,0,154.494,-451.12699999999995,-804.2469999999998,-2475.39,0,0,0.007,-3717.993,0,0,0,29.55,30.913,5.06,212,-397,-686,,155.458,-480.677,-835.167,1223.7669999999998,53.03,62.38,46.37,94.41,true,false,3.38,8.35,中期趨勢仍向下；外資持股5/10日下降，且外資5日賣超；20日趨勢尚未上彎
264,3033,威健,TWSE,電子通路業,暫不承接,降低部位,trim,停止加碼；反彈未站回恢復區時分批減碼,每個交易日收盤後，確認是否站回恢復區,已有部位先停止加碼。反彈若仍未站回 44.40，分批降低部位；只有站回且ETF／外資賣壓收斂後才重新評估。,價格跌破60日EMA且20日趨勢向下；ETF 5/10日同步減碼,50.9,59.8,53.9,85,100,完整,42.4,42.9,56.84,35.67,3.65,78.4,133.84,3.38,9.32,1.75,4.53,4,-5,-10,-14,-24,-42,0,-37.704,1.4040000000000532,-2914.6769999999997,-10749.372,-5,-14.373000000000001,-23.698,-41.909,0,3,-609415,-280.32,-861.027,19.8,210,-247,-3166,,-26.776,296.097,-2029.952,-9931.089,44.19,66.9,62.13,76.45,false,false,-0.42,1.44,中期趨勢仍向下；ETF短中期同步減碼；ETF 1/3日已轉為減碼；20日趨勢尚未上彎
265,4749,新應材,TPEX,半導體業,暫不承接,保護持有,protect,今天不新增部位；未完成確認前不機械式賣出,今天收盤後；若跌破，再看下一交易日是否收復,已有部位暫停加碼；若收盤跌破60日EMA約 788.41，且下一交易日仍未收復，先減碼三分之一；若ETF或外資繼續轉弱，再分批降低部位。,ETF 5/10日同步減碼,57.5,59.8,60.6,85,100,可用,806,820,41.95,20.99,25.14,28.91,445.09,6.94,62.53,7.23,0.99,5,0,-94,-97,-96,-165,-95,-235.886,-235.886,-235.886,-235.886,0,0,0,0,0,0,0,15.739,15.739,13.6,,,,,-251.625,-251.625,-251.625,-251.625,62.35,76.44,62.66,104,false,false,6.37,10.71,ETF短中期同步減碼；主動ETF 5日轉為減碼；外資持股尚未完成5／10日可比核對或期間有非市場異動；此項不給分，不解讀為轉弱；20日趨勢尚未上彎
266,8210,勤誠,TWSE,電腦及週邊設備業,暫不承接,降低部位,trim,停止加碼；反彈未站回恢復區時分批減碼,每個交易日收盤後，確認是否站回恢復區,已有部位先停止加碼。反彈若仍未站回 991.22，分批降低部位；只有站回且ETF／外資賣壓收斂後才重新評估。,價格跌破60日EMA且20日趨勢向下；ETF 5/10日同步減碼；外資持股5/10日下降且外資5日賣超,48.8,59.7,56.6,85,100,完整,890,890,40.54,51.68,24.82,56.81,149.43,21.83,23.33,8.94,1.57,10,-296,-526,-526,-979,-2393,-526,-790.699,-4411.42,-4996.787,-6834.209000000002,-324,-617,-1417,-3161,0,4,-549130000,60.867,72.835,6.62,-125,-2915,-2715,,-525.858,-3855.287,-3652.622,-3680.276999999999,45.01,37.55,29.49,53.68,true,false,-0.79,-0.78,中期趨勢仍向下；ETF短中期同步減碼；ETF 1/3日已轉為減碼；主動ETF 5日轉為減碼；投信5/10日持續且具金額意義的賣超；外資持股5/10日下降，且外資5日賣超；20日趨勢尚未上彎；當下除權息調整價未守20日EMA
267,1476,儒鴻,TWSE,紡織纖維,暫不承接,保護持有,protect,今天不新增部位；未完成確認前不機械式賣出,今天收盤後；若跌破，再看下一交易日是否收復,已有部位暫停加碼；若收盤跌破60日EMA約 306.33，且下一交易日仍未收復，先減碼三分之一；若ETF或外資繼續轉弱，再分批降低部位。,價格跌破60日EMA且20日趨勢向下,57.1,59.5,71.4,85,100,完整,278.5,277,-1.13,5.04,20.96,24,273.93,12.35,11.54,2.63,5.39,12,-1,38,222,335,600,0,231.113,739.5690000000001,-1121.7939999999999,-3788.5469999999996,-1,312.126,375.9119999999999,634.785,4,1,86927091,4.093999999999999,43.807,27.67,234,424,-1501,,232.95,423.349,-1541.5130000000001,-4294.05,34.35,37.71,25.68,61.78,false,false,-2.6,0.72,中期趨勢仍向下；20日趨勢尚未上彎；當下除權息調整價未守20日EMA
268,6138,茂達,TPEX,半導體業,暫不承接,保護持有,protect,今天不新增部位；未完成確認前不機械式賣出,今天收盤後；若跌破，再看下一交易日是否收復,已有部位暫停加碼；若收盤跌破60日EMA約 289.21，且下一交易日仍未收復，先減碼三分之一；若ETF或外資繼續轉弱，再分批降低部位。,未觸發明確減碼訊號,61.6,59.4,57.1,85,100,可用,287.5,295,2.5,10.67,19.7,36.78,238.48,7.64,19.33,5.69,3.81,4,-1,-2,27,33,32,0,21.545,21.545,21.545,21.545,-1,-1,-1,-1,0,1,-287500,14.502,14.502,13.66,,,,,8.043,8.043,8.043,8.043,55.19,70.24,69.7,71.32,false,false,2.83,3.05,中期趨勢仍向下；ETF 1/3日已轉為減碼；外資持股尚未完成5／10日可比核對或期間有非市場異動；此項不給分，不解讀為轉弱；20日趨勢尚未上彎
269,2406,國碩,TWSE,光電業,暫不承接,保護持有,protect,今天不新增部位；未完成確認前不機械式賣出,今天收盤後；若跌破，再看下一交易日是否收復,已有部位暫停加碼；若收盤跌破60日EMA約 30.28，且下一交易日仍未收復，先減碼三分之一；若ETF或外資繼續轉弱，再分批降低部位。,ETF 5/10日同步減碼,58.8,59.3,46.5,85,100,完整,31.45,32.1,86.11,114.85,4.92,49.59,194.97,0.33,174.72,2.98,,1,0,-7,-13,-13,-27,0,330.858,355.842,-4323.845,-4033.9230000000007,0,-12.9,-12.9,-26.9,0,2,-405705,323.336,366.53700000000003,6.81,231,288,-3468,,66.823,45.40599999999995,-4677.482,-4206.178,64.25,84.96,80.92,93.04,false,false,6.47,3.11,ETF短中期同步減碼
270,6415,矽力*-KY,TWSE,半導體業,暫不承接,降低部位,trim,停止加碼；反彈未站回恢復區時分批減碼,每個交易日收盤後，確認是否站回恢復區,已有部位先停止加碼。反彈若仍未站回 442.57，分批降低部位；只有站回且ETF／外資賣壓收斂後才重新評估。,價格跌破60日EMA且20日趨勢向下；ETF 5/10日同步減碼；投信5/10日持續且具金額意義地賣超,58.2,59.3,63.8,85,100,完整,442,437,52.54,33.04,10.43,14.57,718.18,6.03,44.87,4.25,0.58,9,-19,-100,-101,-223,-282,-140,257.306,-19.083000000000013,796.434,-2242.246,-37,-254.23000000000002,-380.23,-424,1,4,-112369660,81.062,-19.934999999999995,81.21,257,157,1300,,234.368,154.08499999999995,1196.599,-1820.4860000000003,55.58,50.35,44.75,61.54,true,false,4.26,3.88,中期趨勢仍向下；ETF短中期同步減碼；ETF 1/3日已轉為減碼；主動ETF 5日轉為減碼；投信5/10日持續且具金額意義的賣超；20日趨勢尚未上彎；單季稅前獲利對營業外貢獻依賴偏高
271,6438,迅得,TWSE,其他電子業,暫不承接,保護持有,protect,今天不新增部位；未完成確認前不機械式賣出,今天收盤後；若跌破，再看下一交易日是否收復,已有部位暫停加碼；若收盤跌破60日EMA約 152.74，且下一交易日仍未收復，先減碼三分之一；若ETF或外資繼續轉弱，再分批降低部位。,未觸發明確減碼訊號,60.5,59.3,56.5,85,100,完整,167.5,168.5,15.54,11.5,11.24,42.36,182.26,3.79,29.03,2.17,2.99,1,0,0,0,0,0,0,-20.549,1777.529,2228.9440000000004,2168.9520000000007,0,0.016,0.016,0.016,1,0,2680,79.563,234.628,9.1,-36,1541,1756,,-13.549,1697.95,1994.3,1988.689,71.01,81.36,73.7,96.67,false,false,7.3,6.35,
272,5904,寶雅*,TPEX,居家生活,暫不承接,保護持有,protect,今天不新增部位；未完成確認前不機械式賣出,今天收盤後；若跌破，再看下一交易日是否收復,已有部位暫停加碼；若收盤跌破60日EMA約 70.49，且下一交易日仍未收復，先減碼三分之一；若ETF或外資繼續轉弱，再分批降低部位。,價格跌破60日EMA且20日趨勢向下,54.8,59.1,49.5,85,100,可用,68.8,68.8,10.32,13.91,16.38,78.94,111.99,17.45,20.24,1.01,3.7,9,88,701,36,1036,2539,-140,692.504,692.504,692.504,692.504,88,88,88,88,1,0,6054400,-8.173,-8.173,25.63,,,,,612.677,612.677,612.677,612.677,38.83,11.9,14.04,7.61,false,false,-2.99,-0.72,中期趨勢仍向下；外資持股尚未完成5／10日可比核對或期間有非市場異動；此項不給分，不解讀為轉弱；20日趨勢尚未上彎；當下除權息調整價未守20日EMA
273,3227,原相,TPEX,半導體業,暫不承接,保護持有,protect,今天不新增部位；未完成確認前不機械式賣出,今天收盤後；若跌破，再看下一交易日是否收復,已有部位暫停加碼；若收盤跌破60日EMA約 194.30，且下一交易日仍未收復，先減碼三分之一；若ETF或外資繼續轉弱，再分批降低部位。,價格跌破60日EMA且20日趨勢向下,54.1,59,71.4,85,100,可用,188.5,189,10.13,5.98,18.18,22.55,310.76,6.11,15.91,1.89,5.31,9,100,153,202,449,524,0,-70.712,-70.712,-70.712,-70.712,-10,-10,-10,-10,0,1,-1885000,-6.114,-6.114,28.99,,,,,-54.598,-54.598,-54.598,-54.598,50.59,69.63,62.19,84.5,false,false,0.86,2.72,中期趨勢仍向下；外資持股尚未完成5／10日可比核對或期間有非市場異動；此項不給分，不解讀為轉弱；20日趨勢尚未上彎
274,1402,遠東新,TWSE,紡織纖維,暫不承接,降低部位,trim,停止加碼；反彈未站回恢復區時分批減碼,每個交易日收盤後，確認是否站回恢復區,已有部位先停止加碼。反彈若仍未站回 28.09，分批降低部位；只有站回且ETF／外資賣壓收斂後才重新評估。,價格跌破60日EMA且20日趨勢向下；ETF 5/10日同步減碼,50.1,58.5,51.8,85,100,完整,27.75,27.75,15.2,8.35,7.75,54.39,100.03,1.15,14.38,0.64,4.5,13,-72,-4933,-3849,-2444,-1098,-6658,-544.91,-1211.9560000000001,-1505.494,-12683.650999999996,-72,-3844.9480000000003,-6645.264,-28286.522,3,2,-106697307,513.36,855.8330000000001,17.47,-411,2325,4502,,-619.979,2119.6320000000005,4283.937,15215.369,45.09,49.36,54.08,39.91,false,true,-1.22,-1.42,中期趨勢仍向下；ETF短中期同步減碼；ETF 1/3日已轉為減碼；主動ETF 5日轉為減碼；20日趨勢尚未上彎；當下除權息調整價未守20日EMA
275,4915,致伸,TWSE,電子零組件業,暫不承接,保護持有,protect,今天不新增部位；未完成確認前不機械式賣出,今天收盤後；若跌破，再看下一交易日是否收復,已有部位暫停加碼；若收盤跌破60日EMA約 64.13，且下一交易日仍未收復，先減碼三分之一；若ETF或外資繼續轉弱，再分批降低部位。,未觸發明確減碼訊號,56.8,58.5,52.2,85,100,完整,63.7,63.8,20.38,13.33,4.03,62.65,127.13,2.55,12.87,1.47,7.17,9,-1,602,600,1136,2954,0,-254.006,-1269.881,1833.8600000000001,-1948.934,-1,602.6320000000001,1138.2640000000001,2956.713,2,3,38387658,-48.17700000000001,-219.55599999999998,24.85,-298,-605,2602,,-256.41,-1824.3360000000002,915.1519999999996,-4252.573,51.89,35.87,41.74,24.14,false,false,0.21,-0.62,
276,6683,雍智科技,TPEX,半導體業,暫不承接,正常持有,strong,強勢續抱；不追高,今日收盤確認是否守住20日EMA,"價格仍在20／60日EMA之上且短線強勢；ETF偏弱先觀察，不因分歧減碼。若收盤跌破20日EMA約 1,475.69 且法人續弱，再轉為保護持有。",價格強勢站上20／60日EMA；ETF偏弱，先觀察,55.3,57.8,58,85,100,可用,1440,1545,25.74,29.82,28.83,25.08,307.5,12.24,64.29,14.04,0.63,3,-26,-26,-26,-42,35,-26,-147.567,-147.567,-147.567,-147.567,-98,-98,-98,-98,0,1,-141120000,8.148,8.148,18.4,,,,,-57.715,-57.715,-57.715,-57.715,49.39,25.74,42.58,-7.94,false,false,-2.42,-5.26,ETF短中期同步減碼；20日累積後5日轉為調節；ETF 1/3日已轉為減碼；主動ETF 5日轉為減碼；外資持股尚未完成5／10日可比核對或期間有非市場異動；此項不給分，不解讀為轉弱
277,3450,聯鈞,TWSE,半導體業,暫不承接,保護持有,protect,今天不新增部位；未完成確認前不機械式賣出,今天收盤後；若跌破，再看下一交易日是否收復,已有部位暫停加碼；若收盤跌破60日EMA約 515.67，且下一交易日仍未收復，先減碼三分之一；若ETF或外資繼續轉弱，再分批降低部位。,ETF 5/10日同步減碼；外資持股5/10日下降且外資5日賣超,59.2,57.5,39.9,85,100,可用,548,550,109.76,29.44,18.21,44.79,189.07,2.78,111.16,14.29,0.18,6,-245,-757,-757,-628,-354,-757,-87.518,-2567.1209999999996,-6765.1810000000005,-14339.919,463,990,2276,-367,3,1,542520000,-56.21800000000001,-194.86900000000003,14.53,-690,-3644,-7169,,-438.285,-3500.903,-8846.312,-14057.699,53.65,49.33,43.01,61.98,true,false,2.85,6.82,ETF短中期同步減碼；ETF 1/3日已轉為減碼；主動ETF 5日轉為減碼；外資持股5/10日下降，且外資5日賣超；20日趨勢尚未上彎
278,2486,一詮,TWSE,光電業,暫不承接,保護持有,protect,今天不新增部位；未完成確認前不機械式賣出,今天收盤後；若跌破，再看下一交易日是否收復,已有部位暫停加碼；若收盤跌破60日EMA約 239.97，且下一交易日仍未收復，先減碼三分之一；若ETF或外資繼續轉弱，再分批降低部位。,ETF 5/10日同步減碼；投信5/10日持續且具金額意義地賣超,62,57.4,40.4,85,100,完整,247,251,46.07,30,8.05,57.6,181.35,0.91,212.93,9.61,0.2,4,-140,-140,-140,-140,-140,-140,1429.95,-417.95099999999985,-1663.3049999999998,-8321.3,-209,-297,-447,-905,0,3,-73359000,8.157000000000002,136.14300000000003,7.54,1703,643,122,,1616.509,-129.108,-1352.448,-6862.742,54.36,57.94,51.75,70.34,false,false,2.38,5.56,ETF短中期同步減碼；ETF 1/3日已轉為減碼；主動ETF 5日轉為減碼；投信5/10日持續且具金額意義的賣超；20日趨勢尚未上彎
279,6155,鈞寶,TWSE,電子零組件業,暫不承接,正常持有,strong,強勢續抱；不追高,今日收盤確認是否守住20日EMA,價格仍在20／60日EMA之上且短線強勢；ETF／外資偏弱先觀察，不因分歧減碼。若收盤跌破20日EMA約 61.49 且法人續弱，再轉為保護持有。,價格強勢站上20／60日EMA；ETF／外資偏弱，先觀察,52.6,57.3,56.7,85,100,完整,71,72,50.05,23.8,8.88,31.23,167.27,0.82,39.44,3.83,1.13,1,0,-2,-3,-3,-6,0,80.749,-1546.4470000000001,-485.08,123.69600000000003,0,-3,-3,-6,0,2,-213000,65.542,48.997,7.26,124,-1512,-382,,89.106,-1608.989,-531.077,60.69900000000007,70.91,81.52,76.9,90.76,false,false,15.46,17.94,ETF短中期同步減碼；外資持股5/10日下降，且外資5日賣超；短線過熱或乖離過大；單季稅前獲利對營業外貢獻依賴偏高
280,3026,禾伸堂,TWSE,電子零組件業,暫不承接,保護持有,protect,今天不新增部位；未完成確認前不機械式賣出,今天收盤後；若跌破，再看下一交易日是否收復,已有部位暫停加碼；若收盤跌破60日EMA約 710.75，且下一交易日仍未收復，先減碼三分之一；若ETF或外資繼續轉弱，再分批降低部位。,ETF 5/10日同步減碼；外資持股5/10日下降且外資5日賣超,57.6,57.1,50.7,85,100,可用,817,818,33.22,20.41,14.38,40.55,193.98,6.73,79.71,13.12,0.71,12,-404,-408,-410,-378,-41,-404,-1131.027,-2848.7980000000002,-2732.217,-2414.0490000000004,-1036,-162,298,4158.802,4,1,-132354000,26.791999999999994,137.14399999999998,10.97,-92,-2603,-2068,,-140.003,-2713.5899999999997,-3167.361,-6869.178000000002,57.6,58.08,59.46,55.31,true,true,5.25,0.86,ETF短中期同步減碼；ETF 1/3日已轉為減碼；主動ETF 5日轉為減碼；外資持股5/10日下降，且外資5日賣超
281,2481,強茂,TWSE,半導體業,暫不承接,保護持有,protect,今天不新增部位；未完成確認前不機械式賣出,今天收盤後；若跌破，再看下一交易日是否收復,已有部位暫停加碼；若收盤跌破60日EMA約 156.30，且下一交易日仍未收復，先減碼三分之一；若ETF或外資繼續轉弱，再分批降低部位。,ETF 5/10日同步減碼,62.1,57,40.7,85,100,完整,180.5,181.5,29.82,18.1,9.31,47.75,162.68,2.03,47.88,4.58,1,6,-700,-1700,-1700,-1700,1009,-1700,11322.584,6159.250999999998,7629.537999999999,-12751.897999999997,-1440,-2857,-1550,8910.6,2,2,-515688500,335.6290000000002,876.0890000000003,12.54,11575,8977,8901,,12256.955,8680.622,8303.449000000002,-21207.666999999994,64.36,66.57,71.73,56.27,false,true,8.33,3.44,ETF短中期同步減碼；20日累積後5日轉為調節；ETF 1/3日已轉為減碼；主動ETF 5日轉為減碼
282,6584,南俊國際,TPEX,電子零組件業,暫不承接,降低部位,trim,停止加碼；反彈未站回恢復區時分批減碼,每個交易日收盤後，確認是否站回恢復區,已有部位先停止加碼。反彈若仍未站回 579.64，分批降低部位；只有站回且ETF／外資賣壓收斂後才重新評估。,價格跌破60日EMA且20日趨勢向下；ETF 5/10日同步減碼,46.6,56.9,62.1,85,100,可用,541,555,37.66,50.05,29.58,32.16,184.25,6.47,51.38,10.36,0.45,2,-210,-370,-371,-389,-463,-370,-329.935,-329.935,-329.935,-329.935,-301,-301,-301,-301,0,1,-162841000,7.205,7.205,12.19,,,,,-36.14,-36.14,-36.14,-36.14,43.44,17.78,17.87,17.6,false,false,-2.92,-0.55,中期趨勢仍向下；ETF短中期同步減碼；ETF 1/3日已轉為減碼；主動ETF 5日轉為減碼；外資持股尚未完成5／10日可比核對或期間有非市場異動；此項不給分，不解讀為轉弱；20日趨勢尚未上彎；當下除權息調整價未守20日EMA
283,8069,元太,TPEX,光電業,暫不承接,降低部位,trim,停止加碼；反彈未站回恢復區時分批減碼,每個交易日收盤後，確認是否站回恢復區,已有部位先停止加碼。反彈若仍未站回 161.54，分批降低部位；只有站回且ETF／外資賣壓收斂後才重新評估。,價格跌破60日EMA且20日趨勢向下；ETF 5/10日同步減碼,52.2,56.9,67.6,85,100,可用,146.5,149,3.29,-2.88,33.72,36.32,154.89,5.65,14.25,2.23,4.02,11,-6,-22,-13,-1463,-767,0,39.306,39.306,39.306,39.306,-6,-6,-6,-6,0,1,-879000,132.933,132.933,40.1,,,,,-87.627,-87.627,-87.627,-87.627,42.95,56.32,42.12,84.71,false,false,-0.82,0.34,累計營收負成長且當月改善不足；中期趨勢仍向下；ETF短中期同步減碼；ETF 1/3日已轉為減碼；外資持股尚未完成5／10日可比核對或期間有非市場異動；此項不給分，不解讀為轉弱；20日趨勢尚未上彎
284,2610,華航,TWSE,航運業,暫不承接,降低部位,trim,停止加碼；反彈未站回恢復區時分批減碼,每個交易日收盤後，確認是否站回恢復區,已有部位先停止加碼。反彈若仍未站回 20.50，分批降低部位；只有站回且ETF／外資賣壓收斂後才重新評估。,價格跌破60日EMA且20日趨勢向下；外資持股5/10日下降且外資5日賣超,51.9,56.6,48.9,85,100,完整,20.1,20.25,27.22,18.65,7.53,73.06,66.84,1.08,9.31,1.23,4.03,18,-208,3786,7812,26857,31121,0,-7540.875,-3835.928000000001,16053.943000000003,20230.94,-208,7817,27079.765,31288.765,3,2,157121700,385,1053.202,15.05,-8252,-10831,-9452,,-7398,-12037.928000000002,-12079.024000000001,-12252.950000000003,44.62,43.85,52.43,26.71,false,true,-1.09,-0.99,中期趨勢仍向下；外資持股5/10日下降，且外資5日賣超；20日趨勢尚未上彎；當下除權息調整價未守20日EMA
285,2897,王道銀行,TWSE,金融保險業,暫不承接,保護持有,protect,今天不新增部位；未完成確認前不機械式賣出,今天收盤後；若跌破，再看下一交易日是否收復,已有部位暫停加碼；若收盤跌破60日EMA約 10.63，且下一交易日仍未收復，先減碼三分之一；若ETF或外資繼續轉弱，再分批降低部位。,ETF 5/10日同步減碼；外資持股5/10日下降且外資5日賣超,42.1,56.6,66.6,85,100,完整,10.6,10.65,7.89,25.14,,91.08,,0.54,13.25,0.71,4.91,1,0,-2785,-2785,-2785,-2782,-2785,-1284.062,-8976.155,-15622.529,-3470.1890000000003,0,-2785,-2785,-2782,0,1,-29521000,15.131999999999998,431.88100000000003,9.61,-1283,-6429,-13493,,-1283.318,-6206.287,-13269.41,-1327.016999999999,41.09,14.17,25.98,-9.45,false,false,-2.45,-4.07,ETF短中期同步減碼；主動ETF 5日轉為減碼；外資持股5/10日下降，且外資5日賣超；當下除權息調整價未守20日EMA
286,3605,宏致,TWSE,電子零組件業,暫不承接,保護持有,protect,今天不新增部位；未完成確認前不機械式賣出,今天收盤後；若跌破，再看下一交易日是否收復,已有部位暫停加碼；若收盤跌破60日EMA約 127.06，且下一交易日仍未收復，先減碼三分之一；若ETF或外資繼續轉弱，再分批降低部位。,未觸發明確減碼訊號,65.2,56.6,47.5,85,100,完整,168,168,17.24,17.16,6.38,44.58,178.17,1.89,44.21,3.3,0.93,2,22,402,402,412,412,402,703.439,1905.6370000000004,10055.717,6564.271999999999,-258,130,5160.1,5387.1,2,1,21840000,-433.973,-931.581,22.91,762,1305,4905,,969.851,2209.61,5827.198,1619.840000000002,62.42,62.99,74.1,40.76,false,false,8.09,-8.45,
287,2375,凱美,TWSE,電子零組件業,暫不承接,降低部位,trim,停止加碼；反彈未站回恢復區時分批減碼,每個交易日收盤後，確認是否站回恢復區,已有部位先停止加碼。反彈若仍未站回 128.67，分批降低部位；只有站回且ETF／外資賣壓收斂後才重新評估。,價格跌破60日EMA且20日趨勢向下；ETF 5/10日同步減碼；外資持股5/10日下降且外資5日賣超,52.7,56.4,59.5,85,100,完整,126,126,37.59,15.91,7.44,28.89,190.62,1.85,30.29,1.29,0.95,1,0,-3,-4,-4,-9,0,-229.944,-750.231,-892.801,-1001.135,0,-4,-4,-9,0,2,-504000,35.678,25.402999999999995,8.12,-41,-528,-655,,-198.167,-781.9089999999999,-914.2040000000001,-1016.8040000000001,55.03,59.97,47.89,84.14,true,false,3.4,7.23,中期趨勢仍向下；ETF短中期同步減碼；外資持股5/10日下降，且外資5日賣超；20日趨勢尚未上彎
288,3060,銘異,TWSE,電腦及週邊設備業,暫不承接,正常持有,strong,強勢續抱；不追高,今日收盤確認是否守住20日EMA,價格仍在20／60日EMA之上且短線強勢；ETF偏弱先觀察，不因分歧減碼。若收盤跌破20日EMA約 27.34 且法人續弱，再轉為保護持有。,價格強勢站上20／60日EMA；ETF偏弱，先觀察,54.8,56.3,52.8,85,100,完整,28.5,30.95,46.39,23.06,4.73,40.82,202.51,0.68,42.54,1.43,0.7,1,0,-3,-6,-6,-12,0,260.645,648.0169999999999,475.71399999999994,-388.55100000000004,0,-5.976,-5.976,-11.975999999999999,1,2,-170316,18.88,26.863999999999997,10.22,87,383,255,,260.237,635.113,454.826,-404.639,59.4,69.91,66.02,77.68,false,false,4.26,7.34,ETF短中期同步減碼；短線過熱或乖離過大
289,5388,中磊,TWSE,通信網路業,暫不承接,降低部位,trim,停止加碼；反彈未站回恢復區時分批減碼,每個交易日收盤後，確認是否站回恢復區,已有部位先停止加碼。反彈若仍未站回 77.37，分批降低部位；只有站回且ETF／外資賣壓收斂後才重新評估。,價格跌破60日EMA且20日趨勢向下；外資持股5/10日下降且外資5日賣超,45,56.2,51.4,85,100,完整,71.7,72,45.05,55.15,3.13,72.17,130.23,2.59,16.04,1.33,3.49,2,0,0,0,0,-2,0,-314.707,-3610.142,-5277.138,-9358.515,0,0,0,-1.294,0,0,0,-307.132,50.52400000000001,10.57,-64,-2029,-3815,,-22.184,-3303.01,-5327.662,-8622.354000000001,37.8,26.37,30.8,17.51,false,false,-2.08,-2.32,中期趨勢仍向下；外資持股5/10日下降，且外資5日賣超；20日趨勢尚未上彎；當下除權息調整價未守20日EMA
290,6282,康舒,TWSE,電子零組件業,暫不承接,降低部位,trim,停止加碼；反彈未站回恢復區時分批減碼,每個交易日收盤後，確認是否站回恢復區,已有部位先停止加碼。反彈若仍未站回 46.09，分批降低部位；只有站回且ETF／外資賣壓收斂後才重新評估。,價格跌破60日EMA且20日趨勢向下；ETF 5/10日同步減碼；外資持股5/10日下降且外資5日賣超,54.2,56.2,47.1,85,100,完整,44.45,44.55,38.47,28.85,2.16,57.03,160.52,0.37,36.43,1.67,1.8,3,-19,-25,-67,-67,168,0,-823.794,-1052.3519999999999,-4097.5109999999995,-5667.856999999999,-19,-67,-67,168,0,4,-2978150,-96.502,109.64100000000002,11.23,-251,-2026,-4563,,-762.726,-888.85,-4140.152,-5701.6950000000015,53.25,63.53,55.46,79.65,true,true,1.87,3.73,中期趨勢仍向下；ETF短中期同步減碼；20日累積後5日轉為調節；ETF 1/3日已轉為減碼；外資持股5/10日下降，且外資5日賣超；20日趨勢尚未上彎
291,5234,達興材料,TWSE,光電業,暫不承接,保護持有,protect,今天不新增部位；未完成確認前不機械式賣出,今天收盤後；若跌破，再看下一交易日是否收復,已有部位暫停加碼；若收盤跌破60日EMA約 318.02，且下一交易日仍未收復，先減碼三分之一；若ETF或外資繼續轉弱，再分批降低部位。,ETF 5/10日同步減碼；外資持股5/10日下降且外資5日賣超；投信5/10日持續且具金額意義地賣超,51.7,56,61.4,85,100,完整,307,320,18.52,11.28,20.09,31.51,235.6,4.44,36.63,9.51,2.12,2,-2,-2,-3,-3,15,0,-170.3,-937.8330000000002,-996.4520000000001,-1346.17,-2,-56,-56,-47,0,3,-17192000,-12.058000000000003,31.186999999999994,7.25,-128,-768,-825,,-173.697,-869.775,-971.639,-1237.51,52.58,51.12,54.89,43.56,false,true,1.91,4.78,ETF短中期同步減碼；20日累積後5日轉為調節；ETF 1/3日已轉為減碼；投信5/10日持續且具金額意義的賣超；外資持股5/10日下降，且外資5日賣超
292,1477,聚陽,TWSE,紡織纖維,暫不承接,保護持有,protect,今天不新增部位；未完成確認前不機械式賣出,今天收盤後；若跌破，再看下一交易日是否收復,已有部位暫停加碼；若收盤跌破60日EMA約 202.82，且下一交易日仍未收復，先減碼三分之一；若ETF或外資繼續轉弱，再分批降低部位。,價格跌破60日EMA且20日趨勢向下,61.7,55.9,53.1,85,100,完整,197.5,199,-5.12,-2.17,14.44,42.05,180.12,7.65,13.48,3.53,7.59,13,-41,369,710,1031,1240,0,1140.549,957.6379999999998,817.4789999999997,455.54699999999974,-41,709.888,1132.893,1528.989,4,1,140202880,12.698000000000002,55.836999999999996,14.92,1511,576,85,,1169.112,235.05200000000008,-371.2509999999999,-1095.8459999999998,52.86,56.73,43.58,83.05,true,true,1.62,3.4,累計營收負成長且當月改善不足；中期趨勢仍向下；20日趨勢尚未上彎
293,3406,玉晶光,TWSE,光電業,暫不承接,保護持有,protect,今天不新增部位；未完成確認前不機械式賣出,今天收盤後；若跌破，再看下一交易日是否收復,已有部位暫停加碼；若收盤跌破60日EMA約 812.07，且下一交易日仍未收復，先減碼三分之一；若ETF或外資繼續轉弱，再分批降低部位。,ETF 5/10日同步減碼；外資持股5/10日下降且外資5日賣超,55.5,55.8,58.8,85,100,完整,1055,1100,0.72,11.8,18.27,39.42,238.38,13.99,28.54,4.4,1.61,6,-4,7,-21,-127,-294,15,-99.034,-705.7349999999999,-3448.475,-3457.7649999999994,144,472.5,542.5,4711.12,4,1,498487500,-48.148,-80.50800000000001,38.25,-218,-1176,-3770,,-222.862,-1130.087,-3910.467,-8291.437,64.17,58.51,35.88,103.78,true,false,12.59,17.09,ETF短中期同步減碼；外資持股5/10日下降，且外資5日賣超；20日趨勢尚未上彎；短線過熱或乖離過大；高波動且5日漲幅過大
294,1504,東元,TWSE,電機機械,暫不承接,保護持有,protect,今天不新增部位；未完成確認前不機械式賣出,今天收盤後；若跌破，再看下一交易日是否收復,已有部位暫停加碼；若收盤跌破60日EMA約 69.46，且下一交易日仍未收復，先減碼三分之一；若ETF或外資繼續轉弱，再分批降低部位。,未觸發明確減碼訊號,59.8,55.7,56,85,100,完整,69,69.9,16.83,8.22,9.49,33.82,217.56,1.63,25,1.68,2.9,12,-34,44,32,-750,1608,0,372.778,1987.3129999999999,-4955.485,-4546.83,-34,34.003,-742.0609999999999,1515.939,2,3,2346207,47.373000000000005,177.494,7.11,1143,196,-5892,,409.4,1905.937,-4390.918,-6044.853,46.19,43.12,33.02,63.33,false,false,-0.85,0.73,中期趨勢仍向下；20日趨勢尚未上彎
295,8422,可寧衛*,TWSE,綠能環保,暫不承接,保護持有,protect,今天不新增部位；未完成確認前不機械式賣出,今天收盤後；若跌破，再看下一交易日是否收復,已有部位暫停加碼；若收盤跌破60日EMA約 26.40，且下一交易日仍未收復，先減碼三分之一；若ETF或外資繼續轉弱，再分批降低部位。,價格跌破60日EMA且20日趨勢向下,46.4,55.7,52.2,85,100,完整,25.3,25.6,105.85,35.88,27.67,55.71,104.84,0.55,26.35,3.34,4.74,3,0,0,0,-910,-1738,0,-2106.67,-2361.069,-7463.945,-9011.392999999998,0,1,-906,-1822,1,0,25300,-58,-342,5.3,-2357,5,-3074,,-2094.67,-2304.069,-6215.945,-6581.868,38.67,11.57,14.77,5.17,false,true,-2.31,-0.98,中期趨勢仍向下；20日趨勢尚未上彎；當下除權息調整價未守20日EMA
296,2329,華泰,TWSE,半導體業,暫不承接,保護持有,protect,今天不新增部位；未完成確認前不機械式賣出,今天收盤後；若跌破，再看下一交易日是否收復,已有部位暫停加碼；若收盤跌破60日EMA約 45.22，且下一交易日仍未收復，先減碼三分之一；若ETF或外資繼續轉弱，再分批降低部位。,未觸發明確減碼訊號,57.3,55.6,47.4,85,100,完整,45,45.85,4.76,8.67,5.98,38.44,141.36,0.96,20.09,1.81,2.22,2,0,0,0,0,0,0,-734.872,1089.803,1398.0439999999999,2600.0580000000004,0,0,0,0,0,0,0,2.3069999999999977,32.001,9.66,-872,-471,857,,-706.501,1087.496,1366.0430000000001,2577.5989999999997,57.44,70.45,71.75,67.87,false,true,2.61,1.35,
297,3008,大立光,TWSE,光電業,暫不承接,保護持有,protect,今天不新增部位；未完成確認前不機械式賣出,今天收盤後；若跌破，再看下一交易日是否收復,"已有部位暫停加碼；若收盤跌破60日EMA約 5,624.93，且下一交易日仍未收復，先減碼三分之一；若ETF或外資繼續轉弱，再分批降低部位。",ETF 5/10日同步減碼；外資持股5/10日下降且外資5日賣超,56.5,54.9,65.3,85,100,可用,6730,6820,-16.23,3.71,37.52,14.43,485.47,82.35,35.79,4.6,1.19,41,19,32,-33,-53,-898,-41,-148.861,-835.914,-2240.13,-2987.3660000000004,159.966,-252.651,46.19399999999999,-1128.5770000000002,3,2,-1700341230,96.73099999999998,420.02599999999995,24.76,-461,-477,-2674,,-318.236,-679.994,-2706.3500000000004,-2424.7780000000002,58.85,54.14,38.27,85.88,true,false,6.93,7.77,ETF短中期同步減碼；外資持股5/10日下降，且外資5日賣超；20日趨勢尚未上彎
298,4763,材料*-KY,TWSE,化學工業,暫不承接,降低部位,trim,停止加碼；反彈未站回恢復區時分批減碼,每個交易日收盤後，確認是否站回恢復區,已有部位先停止加碼。反彈若仍未站回 47.85，分批降低部位；只有站回且ETF／外資賣壓收斂後才重新評估。,價格跌破60日EMA且20日趨勢向下；ETF 5/10日同步減碼,42.3,54.7,75.5,85,100,完整,46.35,46.35,20.82,-20.91,41.68,18.57,438.89,1.85,11.12,2.35,6.58,8,58,-1905,-1895,-895,1271,-1972,-402.773,-2443.3670000000006,-8798.615,-16538.499,58,-1887,-883,1348.93,4,1,-87462450,-115.626,-546.6550000000001,46.2,-12,4813,4690,,-465.789,-440.74099999999953,-7368.959999999999,-18860.274999999998,45.15,22,28,9.99,false,false,-3.02,0.54,中期趨勢仍向下；ETF短中期同步減碼；20日累積後5日轉為調節；主動ETF 5日轉為減碼；20日趨勢尚未上彎；當下除權息調整價未守20日EMA
299,7734,印能科技,TPEX,半導體業,暫不承接,降低部位,trim,停止加碼；反彈未站回恢復區時分批減碼,每個交易日收盤後，確認是否站回恢復區,"已有部位先停止加碼。反彈若仍未站回 2,892.61，分批降低部位；只有站回且ETF／外資賣壓收斂後才重新評估。",價格跌破60日EMA且20日趨勢向下；ETF 5/10日同步減碼,48.5,54.7,63.6,85,100,可用,2790,2790,-1.27,52.61,53.25,22.22,492.21,28.72,58.81,11.57,0.71,1,0,-80,-110,-150,-150,-110,-3.556,-3.556,-3.556,-3.556,0,0,0,0,0,0,0,-4.423,-4.423,6.66,,,,,0.867,0.867,0.867,0.867,50.93,67.44,60.6,81.11,false,false,1.93,1.45,中期趨勢仍向下；ETF短中期同步減碼；主動ETF 5日轉為減碼；外資持股尚未完成5／10日可比核對或期間有非市場異動；此項不給分，不解讀為轉弱；20日趨勢尚未上彎
300,6121,新普,TPEX,電腦及週邊設備業,暫不承接,保護持有,protect,今天不新增部位；未完成確認前不機械式賣出,今天收盤後；若跌破，再看下一交易日是否收復,已有部位暫停加碼；若收盤跌破60日EMA約 386.86，且下一交易日仍未收復，先減碼三分之一；若ETF或外資繼續轉弱，再分批降低部位。,價格跌破60日EMA且20日趨勢向下,49.3,54.5,65.5,85,100,可用,382,378,4.65,4.85,11.49,43.1,222.47,15.89,11.54,1.78,5.71,16,-16,-20,-13,206,892,0,46.895,46.895,46.895,46.895,-16,-16,-16,-16,0,1,-6112000,-1.314,-1.314,45.37,,,,,64.209,64.209,64.209,64.209,48.95,69.89,61.78,86.12,false,false,0.15,1.6,中期趨勢仍向下；20日累積後5日轉為調節；ETF 1/3日已轉為減碼；外資持股尚未完成5／10日可比核對或期間有非市場異動；此項不給分，不解讀為轉弱；20日趨勢尚未上彎；當下除權息調整價未守20日EMA
301,2388,威盛,TWSE,半導體業,暫不承接,保護持有,protect,今天不新增部位；未完成確認前不機械式賣出,今天收盤後；若跌破，再看下一交易日是否收復,已有部位暫停加碼；若收盤跌破60日EMA約 73.04，且下一交易日仍未收復，先減碼三分之一；若ETF或外資繼續轉弱，再分批降低部位。,價格跌破60日EMA且20日趨勢向下,53.9,54.3,46.6,85,100,完整,71.8,70.4,77.39,39.64,-15.21,38.79,190.19,0.34,44.88,1.8,0.07,2,0,0,50,90,90,0,84.092,2383.673,-1195.7180000000003,-5732.146000000001,0,50,90,90,2,0,3590000,10.5,32.787,15.4,22,2144,1202,,121.747,2323.173,-1318.505,-5277.314000000002,47.2,47.66,40.8,61.39,false,false,-1.03,2.43,中期趨勢仍向下；20日趨勢尚未上彎；當下除權息調整價未守20日EMA；單季稅前獲利對營業外貢獻依賴偏高
302,2105,正新,TWSE,橡膠工業,暫不承接,保護持有,protect,今天不新增部位；未完成確認前不機械式賣出,今天收盤後；若跌破，再看下一交易日是否收復,已有部位暫停加碼；若收盤跌破60日EMA約 30.86，且下一交易日仍未收復，先減碼三分之一；若ETF或外資繼續轉弱，再分批降低部位。,價格跌破60日EMA且20日趨勢向下,53.3,54.1,58,85,100,完整,30.15,30.15,4.64,5.81,9.96,40.94,274.96,1.05,16.57,1.12,5.97,12,362,1763,2213,2983,4495,0,-698.96,2270.9280000000003,238.0079999999998,-13786.012,-175,782.96,1329.6260000000002,2966.5490000000004,4,1,23606244,1145.492,1719.408,8.54,-59,8,-3473,,-560.413,342.4759999999998,-2811.026,-18428.194,43.38,46.62,49.05,41.78,false,true,-0.78,0.17,中期趨勢仍向下；20日趨勢尚未上彎；當下除權息調整價未守20日EMA
303,3481,群創,TWSE,光電業,暫不承接,保護持有,protect,今天不新增部位；未完成確認前不機械式賣出,今天收盤後；若跌破，再看下一交易日是否收復,已有部位暫停加碼；若收盤跌破60日EMA約 49.61，且下一交易日仍未收復，先減碼三分之一；若ETF或外資繼續轉弱，再分批降低部位。,未觸發明確減碼訊號,67.2,54,42.8,85,100,可用,52.3,52.5,0.02,11.86,2.4,43.52,150.57,0.77,67.05,1.86,1.91,14,0,37,43,-1908,-2103,0,-6171.293,15197.387999999999,-12048.595000000005,21834.725000000002,0,648.988,-9860.609,-11457.763,3,0,33942072,4904.017,2775.222,20.76,341,22788,2680,,-4951.561,9644.383000000002,-4963.207999999995,23832.681999999997,57.21,59.45,61.33,55.69,false,true,3.92,5.55,
304,3711,日月光投控,TWSE,半導體業,暫不承接,保護持有,protect,今天不新增部位；未完成確認前不機械式賣出,今天收盤後；若跌破，再看下一交易日是否收復,已有部位暫停加碼；若收盤跌破60日EMA約 627.50，且下一交易日仍未收復，先減碼三分之一；若ETF或外資繼續轉弱，再分批降低部位。,ETF 5/10日同步減碼；投信5/10日持續且具金額意義地賣超,58.5,53.9,35.3,85,100,可用,742,742,45.66,27.98,10.59,60.87,107.01,8.04,53.69,8.38,0.89,54,-662,-2168,-2354,-7732,-11083,-3939,2376.798,4877.456999999999,31635.385000000002,52210.164,-879.217,-4485.411,-7784.569,-9521.225999999999,1,4,-3328174962,454.881,3779.392,78.15,3067,8428,34930,,3081.011,8907.987000000001,35640.562000000005,58048.903,72.25,85.29,82.52,90.84,false,false,11.22,6.15,ETF短中期同步減碼；ETF 1/3日已轉為減碼；投信5/10日持續且具金額意義的賣超；外資持股尚未完成5／10日可比核對或期間有非市場異動；此項不給分，不解讀為轉弱
305,4583,台灣精銳,TWSE,電機機械,暫不承接,降低部位,trim,停止加碼；反彈未站回恢復區時分批減碼,每個交易日收盤後，確認是否站回恢復區,已有部位先停止加碼。反彈若仍未站回 487.80，分批降低部位；只有站回且ETF／外資賣壓收斂後才重新評估。,價格跌破60日EMA且20日趨勢向下；外資持股5/10日下降且外資5日賣超,42.3,53.9,71.2,85,100,完整,419,421,23.63,15.97,34.42,10.76,1265.54,6.81,31.11,3.38,2.39,1,0,0,0,-4,-34,0,22.381,-31.353,-52.417,-75.62800000000001,0,0,-3.859,-46.859,0,0,0,-1.475,1.6019999999999999,2.3,14,-51,-11,,22.201,-29.878,-50.16,-28.220999999999993,33.69,25.86,28.61,20.38,false,true,-3.9,-2.33,中期趨勢仍向下；外資持股5/10日下降，且外資5日賣超；20日趨勢尚未上彎；當下除權息調整價未守20日EMA
306,6177,達麗,TWSE,建材營造,暫不承接,降低部位,trim,停止加碼；反彈未站回恢復區時分批減碼,每個交易日收盤後，確認是否站回恢復區,已有部位先停止加碼。反彈若仍未站回 47.11，分批降低部位；只有站回且ETF／外資賣壓收斂後才重新評估。,價格跌破60日EMA且20日趨勢向下；ETF 5/10日同步減碼；外資持股5/10日下降且外資5日賣超,36.7,53.1,58.8,85,100,完整,45.3,45,-8.72,322.35,35.66,73.72,132.76,5.03,4.99,1.78,6.62,2,0,-744,-730,-487,-322,-748,-738.048,-1979.522,-3249.333,-4972.165999999999,0,-720.956,-477.1580000000001,-1001.8310000000001,1,1,-32659307,7,-3.688,6.7,-602,-1370,-1922,,-735,-1265.5659999999998,-2768.487,-3675.394,36.99,7.57,11.79,-0.87,false,false,-3.33,-1.95,中期趨勢仍向下；ETF短中期同步減碼；主動ETF 5日轉為減碼；外資持股5/10日下降，且外資5日賣超；20日趨勢尚未上彎；當下除權息調整價未守20日EMA
307,9939,宏全,TWSE,其他,暫不承接,降低部位,trim,停止加碼；反彈未站回恢復區時分批減碼,每個交易日收盤後，確認是否站回恢復區,已有部位先停止加碼。反彈若仍未站回 128.13，分批降低部位；只有站回且ETF／外資賣壓收斂後才重新評估。,價格跌破60日EMA且20日趨勢向下；ETF 5/10日同步減碼,48.6,53.1,48.7,85,100,完整,126.5,125.75,7.08,3.29,16.21,59.06,108.5,6.55,11.5,1.89,4.9,6,-2,-3,-5,-8,-13,0,380.395,292.10699999999997,247.584,-1402.4099999999999,-2,-4.896,-52.792,-139.13600000000002,0,3,-619344,-7.984999999999999,11.009,16.4,171,-192,-81,,387.972,304.98799999999994,289.36699999999996,-1230.268,46.63,58,40.14,93.72,false,false,-0.2,1.61,中期趨勢仍向下；ETF短中期同步減碼；ETF 1/3日已轉為減碼；20日趨勢尚未上彎；當下除權息調整價未守20日EMA
308,2484,希華,TWSE,電子零組件業,暫不承接,正常持有,strong,強勢續抱；不追高,今日收盤確認是否守住20日EMA,價格仍在20／60日EMA之上且短線強勢；ETF偏弱先觀察，不因分歧減碼。若收盤跌破20日EMA約 75.79 且法人續弱，再轉為保護持有。,價格強勢站上20／60日EMA；ETF偏弱，先觀察,57.1,53,58,85,100,完整,86.4,86.6,25.09,1.71,10.26,19.25,453.99,0.86,62.16,3.36,0.81,1,0,-3,-6,-6,-12,0,2621.107,10660.282,8986.378999999999,11506.328000000001,0,-5.9830000000000005,-5.9830000000000005,-11.983,0,2,-516931,71.618,129.34699999999998,12.07,1814,9248,7309,,2671.328,10594.647,8863.015,11420.310000000001,72.08,78.52,76.8,81.94,false,false,14,18.68,ETF短中期同步減碼；短線過熱或乖離過大
309,1102,亞泥,TWSE,水泥工業,暫不承接,保護持有,protect,今天不新增部位；未完成確認前不機械式賣出,今天收盤後；若跌破，再看下一交易日是否收復,已有部位暫停加碼；若收盤跌破60日EMA約 34.78，且下一交易日仍未收復，先減碼三分之一；若ETF或外資繼續轉弱，再分批降低部位。,ETF 5/10日同步減碼；投信5/10日持續且具金額意義地賣超,53.1,52.9,56.1,85,100,完整,35.15,35.05,-1.3,-6.56,8.87,38.22,147.03,2.13,9.71,0.68,6.54,17,341,-3934,-3485,-1259,1365,-4789,-973.292,3917.962,12175.660999999998,25486.161,-204,-4934.681,-2936.196,-252.56599999999946,2,3,-173454037,1308.927,1846.6709999999996,14.25,-294,7646,13229,,-842.122,7543.715999999999,13265.186,24695.637,50.2,52.62,63.02,31.82,false,false,-0.36,-1.54,累計營收負成長且當月改善不足；ETF短中期同步減碼；20日累積後5日轉為調節；主動ETF 5日轉為減碼；投信5/10日持續且具金額意義的賣超；當下除權息調整價未守20日EMA；單季稅前獲利對營業外貢獻依賴偏高
310,1409,新纖,TWSE,紡織纖維,暫不承接,保護持有,protect,今天不新增部位；未完成確認前不機械式賣出,今天收盤後；若跌破，再看下一交易日是否收復,已有部位暫停加碼；若收盤跌破60日EMA約 24.24，且下一交易日仍未收復，先減碼三分之一；若ETF或外資繼續轉弱，再分批降低部位。,ETF 5/10日同步減碼,57.6,52.9,36.4,85,100,可用,25.3,25.2,-8.56,12.01,,76.61,103.39,1.18,11.5,0.85,3.56,3,0,-154,-155,-155,-157,-154,2398.507,6639.907000000001,3909.153000000002,-4491.563999999999,0,-154,-150,-358,1,2,-3896200,-239.65400000000002,-567.6270000000001,9.57,2367,5629,3669,,2047.492,7033.561,4626.78,-1896.777999999998,56.29,62.58,50.03,87.7,false,false,2.83,4.12,ETF短中期同步減碼；主動ETF 5日轉為減碼；20日趨勢尚未上彎
311,3596,智易,TWSE,通信網路業,暫不承接,降低部位,trim,停止加碼；反彈未站回恢復區時分批減碼,每個交易日收盤後，確認是否站回恢復區,已有部位先停止加碼。反彈若仍未站回 164.11，分批降低部位；只有站回且ETF／外資賣壓收斂後才重新評估。,價格跌破60日EMA且20日趨勢向下；外資持股5/10日下降且外資5日賣超,48.3,52.7,49.1,85,100,完整,156,157,1.93,2.66,6.57,69.48,125.16,6.5,12,2.09,5.77,3,0,0,0,0,-1,0,10.623,-712.667,-2123.635,-4589.7119999999995,0,0,0,-0.592,0,0,0,78.648,89.66499999999999,25.18,-9,-800,-2235,,-12.99,-791.315,-2213.3,-4589.942,47.25,50.85,38.96,74.62,true,false,0.29,1.63,中期趨勢仍向下；外資持股5/10日下降，且外資5日賣超；20日趨勢尚未上彎
312,2645,長榮航太,TWSE,航運業,暫不承接,降低部位,trim,停止加碼；反彈未站回恢復區時分批減碼,每個交易日收盤後，確認是否站回恢復區,已有部位先停止加碼。反彈若仍未站回 178.48，分批降低部位；只有站回且ETF／外資賣壓收斂後才重新評估。,價格跌破60日EMA且20日趨勢向下；外資持股5/10日下降且外資5日賣超,48.8,52.2,53.6,85,100,可用,172,172.5,25.97,14.87,20.27,49.28,239.87,4.59,21.94,4.8,2.91,5,49,90,121,142,-217,0,-172.272,-1.0359999999999658,-198.79899999999998,-1308.9979999999998,0,-9,-10,-401,0,2,-1548000,103.96400000000001,249.79,5.97,-181,-276,-866,,-168.058,-96.00000000000003,-438.58900000000006,-1066.722,43.97,26.94,29.31,22.18,true,true,-1,0,中期趨勢仍向下；外資持股5/10日下降，且外資5日賣超；20日趨勢尚未上彎；當下除權息調整價未守20日EMA
313,2812,台中銀,TWSE,金融保險業,暫不承接,降低部位,trim,停止加碼；反彈未站回恢復區時分批減碼,每個交易日收盤後，確認是否站回恢復區,已有部位先停止加碼。反彈若仍未站回 19.02，分批降低部位；只有站回且ETF／外資賣壓收斂後才重新評估。,價格跌破60日EMA且20日趨勢向下；外資持股5/10日下降且外資5日賣超,43.1,52.2,66.6,85,100,完整,18.55,18.6,1.76,16.74,,90.61,,0.87,11.04,1.16,5.71,6,0,0,0,60,-2135,0,-19222.384,-41671.17199999999,-58340.49099999999,-42968.33899999999,0,-11,48.788,-2161.37,0,1,-204050,-18.23700000000001,499.81199999999995,8.63,-17163,-42644,-57375,,-19205.109,-41641.935,-58889.091,-41644.429000000004,34.66,7.24,14.91,-8.11,false,false,-2.48,-2.37,中期趨勢仍向下；外資持股5/10日下降，且外資5日賣超；20日趨勢尚未上彎；當下除權息調整價未守20日EMA
314,4938,和碩,TWSE,電腦及週邊設備業,暫不承接,保護持有,protect,今天不新增部位；未完成確認前不機械式賣出,今天收盤後；若跌破，再看下一交易日是否收復,已有部位暫停加碼；若收盤跌破60日EMA約 88.82，且下一交易日仍未收復，先減碼三分之一；若ETF或外資繼續轉弱，再分批降低部位。,外資持股5/10日下降且外資5日賣超,51.2,52,47.1,85,100,可用,88.7,89.4,34.11,1.49,1.36,62.17,126.76,2.26,14.96,1.15,4.52,24,518,2292,2414,1744,9417,0,-719.108,-6496.114,-9811.907000000001,-12052.353,97,1293.582,446.4610000000002,8214.125,2,3,114740723,744.67,1669.6240000000003,30.94,-1071,-7304,-7422,,-876.685,-8534.366,-11927.992,-22008.775,44.44,16.29,30.78,-12.68,false,false,-1.62,-2.85,中期趨勢仍向下；外資持股5/10日下降，且外資5日賣超；20日趨勢尚未上彎；當下除權息調整價未守20日EMA
315,3211,順達,TPEX,電腦及週邊設備業,暫不承接,保護持有,protect,今天不新增部位；未完成確認前不機械式賣出,今天收盤後；若跌破，再看下一交易日是否收復,已有部位暫停加碼；若收盤跌破60日EMA約 380.43，且下一交易日仍未收復，先減碼三分之一；若ETF或外資繼續轉弱，再分批降低部位。,ETF 5/10日同步減碼,52.3,51.9,43.9,85,100,可用,399,359.5,17.34,20.9,9.45,52.5,143.34,3.4,53.77,6.87,2.87,7,-3,-31,-31,-31,206,-29,-144.703,-144.703,-144.703,-144.703,-34,-34,-34,-34,0,1,-13566000,56.428,56.428,19.14,,,,,-167.131,-167.131,-167.131,-167.131,58.11,75.84,70.3,86.94,false,false,4.24,5.42,ETF短中期同步減碼；20日累積後5日轉為調節；ETF 1/3日已轉為減碼；主動ETF 5日轉為減碼；外資持股尚未完成5／10日可比核對或期間有非市場異動；此項不給分，不解讀為轉弱；當下除權息調整價未守20日EMA
316,1210,大成,TWSE,食品工業,暫不承接,降低部位,trim,停止加碼；反彈未站回恢復區時分批減碼,每個交易日收盤後，確認是否站回恢復區,已有部位先停止加碼。反彈若仍未站回 53.12，分批降低部位；只有站回且ETF／外資賣壓收斂後才重新評估。,價格跌破60日EMA且20日趨勢向下；外資持股5/10日下降且外資5日賣超,47.9,51.8,44.4,85,100,完整,51.6,51.6,13.42,9.05,3.89,55.78,84.62,1.48,12.68,1.69,5.81,5,0,200,199,46,56,0,-540,-1790.6329999999998,-1684.286,-1310.339,0,200,51,49,2,1,10320000,-7.212999999999997,99.906,7.51,-412,-1587,-1069,,-540.94,-1983.42,-1835.1920000000002,-1344.4480000000003,41.99,25.62,32.05,12.77,false,false,-0.85,-0.58,中期趨勢仍向下；外資持股5/10日下降，且外資5日賣超；20日趨勢尚未上彎；當下除權息調整價未守20日EMA
317,2352,佳世達,TWSE,電腦及週邊設備業,暫不承接,保護持有,protect,今天不新增部位；未完成確認前不機械式賣出,今天收盤後；若跌破，再看下一交易日是否收復,已有部位暫停加碼；若收盤跌破60日EMA約 29.00，且下一交易日仍未收復，先減碼三分之一；若ETF或外資繼續轉弱，再分批降低部位。,ETF 5/10日同步減碼,54.7,51.4,37.5,85,100,完整,28.95,29.4,11.82,2.74,1.29,69.11,115.41,0.58,37.6,1.15,3.45,4,-38,-51,-73,-73,2840,0,-1182.513,1508.0500000000002,4083.2980000000002,8182.382000000001,-38,-73,-73,2820,0,3,-2113350,-15.272000000000002,-109.83099999999999,7.18,-119,1215,1571,,-1148.513,1596.3220000000001,4266.129000000001,5077.658000000001,49.23,33.05,46.2,6.75,false,true,-0.29,-0.17,ETF短中期同步減碼；20日累積後5日轉為調節；ETF 1/3日已轉為減碼
318,4966,譜瑞-KY,TPEX,半導體業,暫不承接,保護持有,protect,今天不新增部位；未完成確認前不機械式賣出,今天收盤後；若跌破，再看下一交易日是否收復,已有部位暫停加碼；若收盤跌破60日EMA約 582.01，且下一交易日仍未收復，先減碼三分之一；若ETF或外資繼續轉弱，再分批降低部位。,價格跌破60日EMA且20日趨勢向下,51.9,51.2,65.6,85,100,可用,574,574,0.23,-0.66,13.79,14.61,478.03,14.43,18.26,1.99,3.1,6,27,45,45,65,71,0,29.438,29.438,29.438,29.438,27,27,27,27,1,0,15498000,3.222,3.222,39.48,,,,,-0.784,-0.784,-0.784,-0.784,53.12,64.84,68.62,57.29,false,true,1.4,0.35,累計營收負成長且當月改善不足；中期趨勢仍向下；外資持股尚未完成5／10日可比核對或期間有非市場異動；此項不給分，不解讀為轉弱；20日趨勢尚未上彎
319,6278,台表科,TWSE,光電業,暫不承接,保護持有,protect,今天不新增部位；未完成確認前不機械式賣出,今天收盤後；若跌破，再看下一交易日是否收復,已有部位暫停加碼；若收盤跌破60日EMA約 190.47，且下一交易日仍未收復，先減碼三分之一；若ETF或外資繼續轉弱，再分批降低部位。,ETF 5/10日同步減碼；投信5/10日持續且具金額意義地賣超,54.5,51.2,43.1,85,100,可用,220,225,10.87,5.23,5.98,59.36,138.91,4.93,22.29,2.75,2.53,10,-1608,-3012,-3600,-3625,-3122,-3466,685.744,3381.971,4795.401,5915.7660000000005,-262,-1894,-1902,1142,0,5,-416680000,188.58800000000002,1330.95,18.96,813,5237,6066,,836.163,5087.383,5366.451,3680.1320000000014,67.1,85.45,81.25,93.86,false,false,8.11,3.77,ETF短中期同步減碼；ETF 1/3日已轉為減碼；主動ETF 5日轉為減碼；投信5/10日持續且具金額意義的賣超
320,3163,波若威,TPEX,通信網路業,暫不承接,保護持有,protect,今天不新增部位；未完成確認前不機械式賣出,今天收盤後；若跌破，再看下一交易日是否收復,已有部位暫停加碼；若收盤跌破60日EMA約 700.15，且下一交易日仍未收復，先減碼三分之一；若ETF或外資繼續轉弱，再分批降低部位。,ETF 5/10日同步減碼,56,50.8,49.9,85,100,可用,709,710,9.69,17.73,3.61,25.12,374.74,3.5,72.35,17.38,0.49,1,0,0,-1,-14,-14,0,-726.589,-726.589,-726.589,-726.589,0,0,0,0,0,0,0,16.153,16.153,9.09,,,,,-742.742,-742.742,-742.742,-742.742,54.97,59.16,42.09,93.31,true,false,3.98,8.58,ETF短中期同步減碼；外資持股尚未完成5／10日可比核對或期間有非市場異動；此項不給分，不解讀為轉弱；20日趨勢尚未上彎；單季稅前獲利對營業外貢獻依賴偏高
321,2501,國建,TWSE,建材營造,暫不承接,降低部位,trim,停止加碼；反彈未站回恢復區時分批減碼,每個交易日收盤後，確認是否站回恢復區,已有部位先停止加碼。反彈若仍未站回 22.24，分批降低部位；只有站回且ETF／外資賣壓收斂後才重新評估。,價格跌破60日EMA且20日趨勢向下；外資持股5/10日下降且外資5日賣超,37.9,50.5,59.3,85,100,完整,20.35,20.35,60.18,37.18,15.98,62.17,168.24,1.43,7.09,0.74,5.9,1,0,0,0,0,0,0,-2209.404,-5913.991999999999,-10607.798999999999,-17314.331,0,0,0,0,0,0,0,-27.754,44.172,10.76,-1658,-6138,-10505,,-2210,-5886.238,-10651.971,-17250.012000000002,24.37,8.24,13.59,-2.46,false,false,-5.21,-3.55,中期趨勢仍向下；外資持股5/10日下降，且外資5日賣超；20日趨勢尚未上彎；當下除權息調整價未守20日EMA
322,8436,大江,TPEX,生技醫療業,暫不承接,降低部位,trim,停止加碼；反彈未站回恢復區時分批減碼,每個交易日收盤後，確認是否站回恢復區,已有部位先停止加碼。反彈若仍未站回 112.75，分批降低部位；只有站回且ETF／外資賣壓收斂後才重新評估。,價格跌破60日EMA且20日趨勢向下；ETF 5/10日同步減碼,40.8,50.3,63.4,85,100,可用,104.5,104,2.05,-1.98,18.09,36.7,169.74,4.13,11.88,1.5,5.75,1,-1,-2,-3,-70,-377,0,78.197,78.197,78.197,78.197,-1,-1,-1,-1,0,1,-104500,-46.803,-46.803,12.95,,,,,126,126,126,126,35.47,45.25,46.51,42.73,false,true,-2.69,-0.48,累計營收負成長且當月改善不足；中期趨勢仍向下；ETF短中期同步減碼；ETF 1/3日已轉為減碼；外資持股尚未完成5／10日可比核對或期間有非市場異動；此項不給分，不解讀為轉弱；20日趨勢尚未上彎；當下除權息調整價未守20日EMA
323,3708,上緯投控,TWSE,綠能環保,暫不承接,降低部位,trim,停止加碼；反彈未站回恢復區時分批減碼,每個交易日收盤後，確認是否站回恢復區,已有部位先停止加碼。反彈若仍未站回 101.16，分批降低部位；只有站回且ETF／外資賣壓收斂後才重新評估。,價格跌破60日EMA且20日趨勢向下；ETF 5/10日同步減碼；外資持股5/10日下降且外資5日賣超,41.9,50.1,63.8,85,100,完整,96.3,98.2,534.57,23.25,-7.81,13.77,187.94,-0.87,2.33,0.4,6.75,2,-5,-6,-9,-9,49,0,-248.631,-486.26599999999996,-515.894,-892.516,-5,-9,-9,49,0,3,-866700,0.9480000000000001,7.194,6.52,-185,-911,-1126,,-242,-478.21399999999994,-514.088,-867.899,43.78,41.52,53.54,17.46,false,true,-2.12,-3.41,中期趨勢仍向下；ETF短中期同步減碼；20日累積後5日轉為調節；ETF 1/3日已轉為減碼；外資持股5/10日下降，且外資5日賣超；20日趨勢尚未上彎；當下除權息調整價未守20日EMA；單季稅前獲利對營業外貢獻依賴偏高
324,1319,東陽,TWSE,汽車工業,暫不承接,保護持有,protect,今天不新增部位；未完成確認前不機械式賣出,今天收盤後；若跌破，再看下一交易日是否收復,已有部位暫停加碼；若收盤跌破60日EMA約 79.59，且下一交易日仍未收復，先減碼三分之一；若ETF或外資繼續轉弱，再分批降低部位。,價格跌破60日EMA且20日趨勢向下,48.2,50,62.8,85,100,完整,77.8,78.4,7.4,-8.29,15.76,29.8,156.04,2.98,12.63,1.7,6.43,7,-2,216,213,361,65,0,479.156,1446.8580000000002,1846.9180000000001,1818.0170000000003,-2,216.899,366.798,51.648,2,3,16874742,11.103000000000002,33.306,11.82,618,1077,1438,,498.05,1218.856,1446.8139999999999,1430.1269999999995,41.81,19.67,27.03,4.95,false,false,-1.67,-1.39,累計營收負成長且當月改善不足；中期趨勢仍向下；20日趨勢尚未上彎；當下除權息調整價未守20日EMA
325,2542,興富發,TWSE,建材營造,暫不承接,保護持有,protect,今天不新增部位；未完成確認前不機械式賣出,今天收盤後；若跌破，再看下一交易日是否收復,已有部位暫停加碼；若收盤跌破60日EMA約 44.17，且下一交易日仍未收復，先減碼三分之一；若ETF或外資繼續轉弱，再分批降低部位。,價格跌破60日EMA且20日趨勢向下,42.1,49.8,51.1,85,100,可用,38.05,38.05,-20.88,261.31,24.76,77.72,140.2,2.45,8.81,1.63,10.51,13,148,-3123,-3074,6879,25102,-3203,-6044.443,-8528.987000000001,-10818.067000000001,-18359.643999999997,148,-3061.7,6891.689,25106.489000000005,2,3,-116497685,-249.859,-2845.1569999999997,7.17,-3665,7810,-8359,,-6134,-5217.428,-14864.598999999998,-40695.878,24.61,4.92,9.99,-5.22,false,false,-10.85,-3.67,中期趨勢仍向下；20日累積後5日轉為調節；主動ETF 5日轉為減碼；投信20日買超後近5日轉賣；20日趨勢尚未上彎；當下除權息調整價未守20日EMA
326,8033,雷虎,TWSE,其他,暫不承接,降低部位,trim,停止加碼；反彈未站回恢復區時分批減碼,每個交易日收盤後，確認是否站回恢復區,已有部位先停止加碼。反彈若仍未站回 175.94，分批降低部位；只有站回且ETF／外資賣壓收斂後才重新評估。,價格跌破60日EMA且20日趨勢向下；ETF 5/10日同步減碼,51.5,49.8,51.1,85,100,完整,173,174,74.96,14.45,-0.26,23.39,337.66,0.62,360.42,8.75,,1,0,-3,-6,-6,-12,0,-90.813,592.2349999999999,705.6769999999999,-1057.5680000000002,0,-6,-6,-12,0,2,-1038000,20.843,0.7830000000000013,4.35,40,633,607,,-91.571,577.392,710.894,-1061.183,47.56,66.44,55.45,88.44,false,false,-0.45,2.67,中期趨勢仍向下；ETF短中期同步減碼；20日趨勢尚未上彎；單季稅前獲利對營業外貢獻依賴偏高
327,1718,中纖,TWSE,化學工業,暫不承接,保護持有,protect,今天不新增部位；未完成確認前不機械式賣出,今天收盤後；若跌破，再看下一交易日是否收復,已有部位暫停加碼；若收盤跌破60日EMA約 10.60，且下一交易日仍未收復，先減碼三分之一；若ETF或外資繼續轉弱，再分批降低部位。,ETF 5/10日同步減碼,57.6,49.5,27.8,85,100,可用,11.15,11.55,4.43,3.25,,90.72,88.16,0.46,18.9,0.63,,1,0,-22,-39,-39,-82,0,9815.298,22137.537,23988.399,43399.958000000006,0,-39,-39,-82,0,2,-434850,2073.421,2882.0949999999993,7.36,8612,15835,14608,,8155.131,20103.115999999998,21145.304,40113.784,58.44,53.68,49.94,61.15,true,true,4.17,6.19,ETF短中期同步減碼；20日趨勢尚未上彎
328,2312,金寶,TWSE,其他電子業,暫不承接,保護持有,protect,今天不新增部位；未完成確認前不機械式賣出,今天收盤後；若跌破，再看下一交易日是否收復,已有部位暫停加碼；若收盤跌破60日EMA約 31.65，且下一交易日仍未收復，先減碼三分之一；若ETF或外資繼續轉弱，再分批降低部位。,未觸發明確減碼訊號,53.7,49.4,36.2,85,100,完整,30.7,33.7,22.38,3.52,2.82,73.25,123.94,0.7,25.8,1.91,1.95,2,100,100,100,110,170,0,-22.296,516.6019999999999,260.24399999999946,-5385.9580000000005,100,102,118,471,2,0,3131400,175.20900000000003,-176.78799999999998,8.64,189,-6579,-6432,,-67.961,239.39300000000011,319.0320000000004,-4278.215,44.1,39.83,43.15,33.18,false,true,-1.43,0.16,中期趨勢仍向下；ETF加碼，但外資持股5/10日同步下降；20日趨勢尚未上彎
329,5871,中租-KY,TWSE,其他,暫不承接,降低部位,trim,停止加碼；反彈未站回恢復區時分批減碼,每個交易日收盤後，確認是否站回恢復區,已有部位先停止加碼。反彈若仍未站回 111.49，分批降低部位；只有站回且ETF／外資賣壓收斂後才重新評估。,價格跌破60日EMA且20日趨勢向下；外資持股5/10日下降且外資5日賣超,39.9,49.2,56.8,85,100,可用,105.5,105.5,-0.68,-0.77,31.24,79.97,110.35,5.84,9.75,1.06,5.69,30,-119,-891,-725,989,3332,-1615,-583.935,-11272.363,-32274.297000000002,-31100.417999999998,-119,-1653.589,45.530000000000086,2367.0840000000003,1,4,-174453639,132.44,420.569,43.55,766,-9691,-22705,,-486.935,-9751.214,-32740.396,-33973.409999999996,34.42,6.17,9.72,-0.93,true,true,-3.55,-1.4,累計營收負成長且當月改善不足；中期趨勢仍向下；20日累積後5日轉為調節；ETF 1/3日已轉為減碼；主動ETF 5日轉為減碼；投信20日買超後近5日轉賣；外資持股5/10日下降，且外資5日賣超；20日趨勢尚未上彎；當下除權息調整價未守20日EMA
330,1215,卜蜂,TWSE,食品工業,暫不承接,降低部位,trim,停止加碼；反彈未站回恢復區時分批減碼,每個交易日收盤後，確認是否站回恢復區,已有部位先停止加碼。反彈若仍未站回 109.94，分批降低部位；只有站回且ETF／外資賣壓收斂後才重新評估。,價格跌破60日EMA且20日趨勢向下；外資持股5/10日下降且外資5日賣超,41.8,49.1,48.2,85,100,完整,104,104,1.31,4.69,9.26,65.34,86.75,3.24,11.98,2.8,6.73,4,0,0,0,0,200,0,-330.615,-643.816,-2413.288,-3134.206,0,0,0,425,0,0,0,-5.801,12.865000000000002,35.94,-169,-554,-2090,,-330.8,-638.0149999999999,-2426.1530000000002,-3565.4890000000005,37.34,13.53,19.34,1.91,false,false,-2.47,-1.42,中期趨勢仍向下；外資持股5/10日下降，且外資5日賣超；20日趨勢尚未上彎；當下除權息調整價未守20日EMA
331,5534,長虹,TWSE,建材營造,暫不承接,降低部位,trim,停止加碼；反彈未站回恢復區時分批減碼,每個交易日收盤後，確認是否站回恢復區,已有部位先停止加碼。反彈若仍未站回 76.26，分批降低部位；只有站回且ETF／外資賣壓收斂後才重新評估。,價格跌破60日EMA且20日趨勢向下；ETF 5/10日同步減碼；外資持股5/10日下降且外資5日賣超,34.7,48.9,61.9,85,100,完整,71.8,71.8,88.58,67.05,17.45,56.25,185.49,1.05,12.69,1.07,7.05,1,-268,-970,-1053,-1371,-1371,-1053,-1655.493,-3085.647,-3224.931,-5472.1359999999995,-267.5,-1053,-1371,-1668,0,4,-75605400,12.933,-14.209999999999997,8.78,-1259,-1734,-1408,,-1386,-2045.58,-1839.721,-3429.5830000000005,32.89,10.24,14.8,1.11,false,false,-3.3,-2.84,中期趨勢仍向下；ETF短中期同步減碼；ETF 1/3日已轉為減碼；主動ETF 5日轉為減碼；投信5/10日持續且具金額意義的賣超；外資持股5/10日下降，且外資5日賣超；20日趨勢尚未上彎；當下除權息調整價未守20日EMA
332,2539,櫻花建,TWSE,建材營造,暫不承接,降低部位,trim,停止加碼；反彈未站回恢復區時分批減碼,每個交易日收盤後，確認是否站回恢復區,已有部位先停止加碼。反彈若仍未站回 34.54，分批降低部位；只有站回且ETF／外資賣壓收斂後才重新評估。,價格跌破60日EMA且20日趨勢向下；ETF 5/10日同步減碼；外資持股5/10日下降且外資5日賣超,37.9,48.8,69.5,85,100,完整,33.5,34,-8.69,17.78,40.6,38.54,310.41,2.36,7.96,2,8.36,2,0,0,-27,-27,-152,0,-233.973,-285.72200000000004,54.99099999999993,520.385,0,-26.62,-26.62,-151.62,0,1,-891770,8.13,105.807,2.12,-529,-4661,-3861,,-234.83,-267.2320000000001,-24.19600000000014,575.8509999999999,40.45,12.07,21.52,-6.83,false,false,-3.01,-2.76,中期趨勢仍向下；ETF短中期同步減碼；外資持股5/10日下降，且外資5日賣超；20日趨勢尚未上彎；當下除權息調整價未守20日EMA
333,2324,仁寶,TWSE,電腦及週邊設備業,暫不承接,降低部位,trim,停止加碼；反彈未站回恢復區時分批減碼,每個交易日收盤後，確認是否站回恢復區,已有部位先停止加碼。反彈若仍未站回 37.37，分批降低部位；只有站回且ETF／外資賣壓收斂後才重新評估。,價格跌破60日EMA且20日趨勢向下；外資持股5/10日下降且外資5日賣超,46.1,48.3,42.7,85,100,可用,35.8,36.45,14.5,18.31,1.25,70.57,122.78,1.18,17.99,1.1,3.07,10,722,1493,1969,2941,2388,0,-25135.457,-74361.069,-123110.32000000002,-182230.033,0,45.339,811.1510000000001,192.36700000000002,3,0,1623136,1969.6650000000002,3038.519,33.56,-15660,-63606,-110644,,-25066.307,-76376.07299999999,-126959.99,-179781.98700000002,38.83,10.72,14.57,3.01,false,true,-4.15,-1.92,中期趨勢仍向下；外資持股5/10日下降，且外資5日賣超；20日趨勢尚未上彎；當下除權息調整價未守20日EMA；借券賣出與借券賣出餘額壓力升高
334,2845,遠東銀,TWSE,金融保險業,暫不承接,降低部位,trim,停止加碼；反彈未站回恢復區時分批減碼,每個交易日收盤後，確認是否站回恢復區,已有部位先停止加碼。反彈若仍未站回 13.29，分批降低部位；只有站回且ETF／外資賣壓收斂後才重新評估。,價格跌破60日EMA且20日趨勢向下；ETF 5/10日同步減碼；投信5/10日持續且具金額意義地賣超,32.2,48.3,66.5,85,100,可用,12.8,12.8,5.07,13.97,,92.03,,0.54,12.67,0.87,4.92,5,-53,-7111,-7111,-6388,-5783,-10211,-5722.349,-23367.416999999998,-29722.212999999996,-9634.934000000001,-52.72,-7110.284,-6387.284,-5792.284,0,3,-91011635,-929.538,-2049.585,10.61,-5470,-14749,-20500,,-5514.455,-15327.595000000001,-21285.343999999997,-1965.693999999999,32.21,5.68,13.07,-9.08,false,false,-3.67,-3.76,中期趨勢仍向下；ETF短中期同步減碼；ETF 1/3日已轉為減碼；主動ETF 5日轉為減碼；投信5/10日持續且具金額意義的賣超；外資持股尚未完成5／10日可比核對或期間有非市場異動；此項不給分，不解讀為轉弱；20日趨勢尚未上彎；當下除權息調整價未守20日EMA
335,2356,英業達,TWSE,電腦及週邊設備業,暫不承接,降低部位,trim,停止加碼；反彈未站回恢復區時分批減碼,每個交易日收盤後，確認是否站回恢復區,已有部位先停止加碼。反彈若仍未站回 62.58，分批降低部位；只有站回且ETF／外資賣壓收斂後才重新評估。,價格跌破60日EMA且20日趨勢向下；外資持股5/10日下降且外資5日賣超；投信5/10日持續且具金額意義地賣超,42.5,48.2,41.6,85,100,可用,58.3,58.5,35.83,40.12,1.78,83.6,108.21,1.76,18.81,2.69,3.43,22,457,937,1051,-249,78,0,-5078.062,-19457.344,-31781.938,-50502.778,-119,-482.561,-2023.473,-1615.4309999999994,1,4,-28133306,939.2030000000001,1296.669,17.8,-2544,-15986,-22684,,-4948.869,-19913.986,-31055.134000000002,-50712.12200000001,33.02,6.18,10.66,-2.78,false,false,-4.86,-2.67,中期趨勢仍向下；投信5/10日持續且具金額意義的賣超；外資持股5/10日下降，且外資5日賣超；20日趨勢尚未上彎；當下除權息調整價未守20日EMA
336,1503,士電,TWSE,電機機械,暫不承接,保護持有,protect,今天不新增部位；未完成確認前不機械式賣出,今天收盤後；若跌破，再看下一交易日是否收復,已有部位暫停加碼；若收盤跌破60日EMA約 202.25，且下一交易日仍未收復，先減碼三分之一；若ETF或外資繼續轉弱，再分批降低部位。,價格跌破60日EMA且20日趨勢向下,52.1,48.1,47.5,85,100,完整,196,196,-0.38,9.54,14.79,38.12,135.8,5.04,27,2.64,2.55,8,-3,12,14,87,152,0,-189.196,-109.065,-490.264,26.130999999999972,-3,14.798,89.798,158.798,3,2,2900408,34.351,40.312,30.66,-173,165,528,,-190.091,-158.21400000000003,-620.374,-71.00699999999995,44.32,35.86,31.14,45.3,false,false,-1.23,0,中期趨勢仍向下；20日趨勢尚未上彎；當下除權息調整價未守20日EMA
337,2504,國產,TWSE,建材營造,暫不承接,降低部位,trim,停止加碼；反彈未站回恢復區時分批減碼,每個交易日收盤後，確認是否站回恢復區,已有部位先停止加碼。反彈若仍未站回 31.57，分批降低部位；只有站回且ETF／外資賣壓收斂後才重新評估。,價格跌破60日EMA且20日趨勢向下；外資持股5/10日下降且外資5日賣超,49.6,47.6,51.4,85,100,完整,30.95,30.95,-8.07,-8.23,20.83,46.08,115.96,1.47,9.7,1.41,8.4,8,0,9,23,526,805,0,-8.975,-2261.486,-5703.964,-6974.993999999999,0,29.253,536.581,678.7070000000001,2,1,905380,236.78400000000002,401.727,5.83,91,-1608,-3888,,-230.005,-2527.523,-6642.272,-8245.162,48.32,31.96,29.4,37.07,true,false,-0.08,0.16,累計營收負成長且當月改善不足；中期趨勢仍向下；外資持股5/10日下降，且外資5日賣超；20日趨勢尚未上彎；當下除權息調整價未守20日EMA
338,2207,和泰車,TWSE,汽車工業,暫不承接,保護持有,protect,今天不新增部位；未完成確認前不機械式賣出,今天收盤後；若跌破，再看下一交易日是否收復,已有部位暫停加碼；若收盤跌破60日EMA約 512.71，且下一交易日仍未收復，先減碼三分之一；若ETF或外資繼續轉弱，再分批降低部位。,價格跌破60日EMA且20日趨勢向下,52.9,47.4,35.6,85,100,可用,510,510,10.57,13.13,,77.58,99.75,21.57,12.54,3.32,3.92,14,-2,26,33,120,-14,0,7.84,73.849,-184.082,81.64800000000002,-2,33,121.822,-28.931999999999967,4,1,16830000,4.840000000000001,44.738,22.47,26,64,-433,,9.844,36.008999999999986,-350.642,66.49699999999999,43.91,16.44,18.63,12.05,false,false,-1.68,0,中期趨勢仍向下；20日趨勢尚未上彎；當下除權息調整價未守20日EMA
339,9933,中鼎,TWSE,其他,暫不承接,正常持有,strong,強勢續抱；不追高,今日收盤確認是否守住20日EMA,價格仍在20／60日EMA之上且短線強勢；ETF／投信偏弱先觀察，不因分歧減碼。若收盤跌破20日EMA約 41.90 且法人續弱，再轉為保護持有。,價格強勢站上20／60日EMA；ETF／投信偏弱，先觀察,49.7,46.8,39.6,85,100,可用,46.35,46.35,5.25,-14.13,10.5,79.51,109.31,2.71,8.55,1.83,2.05,4,-26,-870,-886,-886,-622,-835,3119.044,8320.225999999999,7106.593999999998,8429.564999999997,-25.7,-884.3,-882.3,-731.5999999999998,1,4,-40987305,-1203.927,-1115.09,20.37,3959,13912,12615,,3958.657,10408.453000000001,9103.984,10969.053,73.8,59.95,48.42,83.01,true,false,10.63,13.05,累計營收負成長且當月改善不足；ETF短中期同步減碼；ETF 1/3日已轉為減碼；主動ETF 5日轉為減碼；投信5/10日持續且具金額意義的賣超；外資持股尚未完成5／10日可比核對或期間有非市場異動；此項不給分，不解讀為轉弱；融資增幅與短線漲幅同步偏高
340,2633,台灣高鐵,TWSE,航運業,暫不承接,降低部位,trim,停止加碼；反彈未站回恢復區時分批減碼,每個交易日收盤後，確認是否站回恢復區,已有部位先停止加碼。反彈若仍未站回 25.94，分批降低部位；只有站回且ETF／外資賣壓收斂後才重新評估。,價格跌破60日EMA且20日趨勢向下；ETF 5/10日同步減碼；外資持股5/10日下降且外資5日賣超,40.6,46.3,42.2,85,100,完整,25.65,25.65,-1.57,3.32,40.17,81.85,76.96,0.67,21.02,2.06,4.48,9,-651,-3816,-3383,-465,7608,-3057,-1572.5,-10313.203,-26954.981,-31482.620000000003,-651.5,-3379,-450.39599999999996,7586.604,2,3,-86671350,1.9349999999999996,193.14800000000002,5.28,-1540,-9476,-26777,,-921,-6936.138,-26697.733,-39360.465,42.82,40.22,30.75,59.17,false,false,-0.58,0.39,中期趨勢仍向下；ETF短中期同步減碼；20日累積後5日轉為調節；ETF 1/3日已轉為減碼；主動ETF 5日轉為減碼；投信5/10日持續且具金額意義的賣超；外資持股5/10日下降，且外資5日賣超；20日趨勢尚未上彎；當下除權息調整價未守20日EMA
341,2204,中華,TWSE,汽車工業,暫不承接,降低部位,trim,停止加碼；反彈未站回恢復區時分批減碼,每個交易日收盤後，確認是否站回恢復區,已有部位先停止加碼。反彈若仍未站回 53.22，分批降低部位；只有站回且ETF／外資賣壓收斂後才重新評估。,價格跌破60日EMA且20日趨勢向下；外資持股5/10日下降且外資5日賣超,39.4,46,62.2,85,100,完整,51.1,51,-3.04,9.09,5.12,24.02,123.61,3.19,8.32,0.74,7.05,3,-3,-2,6,205,318,0,-988.629,-1823.7490000000003,-2031.3490000000006,-3065.279000000001,-3,13.305,212.28500000000003,205.16000000000003,2,3,679886,9.899,47.15,18.35,-675,-2180,-2440,,-984.954,-1846.953,-2290.7839999999997,-3341.328,32.23,14.83,22.83,-1.17,false,false,-2.65,-2.67,中期趨勢仍向下；ETF 1/3日已轉為減碼；外資持股5/10日下降，且外資5日賣超；20日趨勢尚未上彎；當下除權息調整價未守20日EMA
342,3035,智原,TWSE,半導體業,暫不承接,保護持有,protect,今天不新增部位；未完成確認前不機械式賣出,今天收盤後；若跌破，再看下一交易日是否收復,已有部位暫停加碼；若收盤跌破60日EMA約 188.06，且下一交易日仍未收復，先減碼三分之一；若ETF或外資繼續轉弱，再分批降低部位。,ETF 5/10日同步減碼,52.7,46,45.4,85,100,可用,216,216,29.88,-41.07,6.21,28.62,211.45,1.16,85.04,3.29,0.83,4,0,0,-28,-8,32,0,1822.633,5970.295999999999,13303.583,14459.449000000002,0,-28,-8,32,0,2,-6048000,253.718,1854.512,18.41,1590,5100,11302,,1834.927,5744.5779999999995,11457.070999999998,12953.882,74.43,85.64,84.79,87.36,false,false,9.97,4.6,ETF短中期同步減碼；20日累積後5日轉為調節
343,1519,華城,TWSE,電機機械,暫不承接,降低部位,trim,停止加碼；反彈未站回恢復區時分批減碼,每個交易日收盤後，確認是否站回恢復區,已有部位先停止加碼。反彈若仍未站回 705.97，分批降低部位；只有站回且ETF／外資賣壓收斂後才重新評估。,價格跌破60日EMA且20日趨勢向下；ETF 5/10日同步減碼；外資持股5/10日下降且外資5日賣超,47.6,45.5,39.8,85,100,完整,691,692,12.5,-1.77,21.68,71.6,146.34,6.52,45.22,23.71,1.74,13,-1,-1,-2,-14,191,0,-221.014,-1105.664,-1109.825,-230.3470000000001,-1,32.843,44.843,217.793,1,2,22694513,-18.282000000000004,-7.232999999999997,17.92,-126,-1040,-941,,-129.731,-1120.225,-1147.4349999999997,-361.4729999999996,43.98,18.29,18.36,18.16,false,false,-1.88,-1.14,中期趨勢仍向下；ETF短中期同步減碼；20日累積後5日轉為調節；ETF 1/3日已轉為減碼；外資持股5/10日下降，且外資5日賣超；20日趨勢尚未上彎；當下除權息調整價未守20日EMA
344,5309,系統電,TPEX,電子零組件業,暫不承接,正常持有,strong,強勢續抱；不追高,今日收盤確認是否守住20日EMA,價格仍在20／60日EMA之上且短線強勢；ETF偏弱先觀察，不因分歧減碼。若收盤跌破20日EMA約 56.50 且法人續弱，再轉為保護持有。,價格強勢站上20／60日EMA；ETF偏弱，先觀察,49.6,45.5,46.9,85,100,可用,67.1,67.5,27.55,9.37,-5.41,32.97,447.01,0.06,394.71,2.91,0.74,1,-9,-12,-17,-17,96,0,1495.619,1495.619,1495.619,1495.619,-9,-9,-9,-9,0,1,-603900,249.649,249.649,15.34,,,,,1254.97,1254.97,1254.97,1254.97,82.34,85.86,81.61,94.38,false,false,18.76,24.72,ETF短中期同步減碼；20日累積後5日轉為調節；ETF 1/3日已轉為減碼；外資持股尚未完成5／10日可比核對或期間有非市場異動；此項不給分，不解讀為轉弱；短線過熱或乖離過大
345,2466,冠西電,TWSE,光電業,暫不承接,正常持有,strong,漲停先續抱；不追價,今日收盤確認是否守住20日EMA,價格仍在20／60日EMA之上且今日漲停；ETF偏弱先觀察，不因分歧減碼。若收盤跌破20日EMA約 117.21 且法人續弱，再轉為保護持有。,今日漲停／趨勢站穩；ETF偏弱，先觀察,51.6,45.4,28.2,85,100,完整,155,170.5,59.92,1.39,-12.17,58.31,118.6,0.05,98.73,13.88,,1,0,-4,-6,-6,-13,0,259.707,1032.92,2054.033,2599.4739999999997,0,-6,-5.951,-12.951,0,2,-930000,79.166,81.166,12.67,226,960,1979,,226.458,959.754,1978.8179999999998,2530.2589999999996,79.79,91.68,84.43,106.2,false,false,32.25,29.71,ETF短中期同步減碼；短線過熱或乖離過大；單季稅前獲利對營業外貢獻依賴偏高
346,6831,邁科,TWSE,電腦及週邊設備業,暫不承接,降低部位,trim,停止加碼；反彈未站回恢復區時分批減碼,每個交易日收盤後，確認是否站回恢復區,已有部位先停止加碼。反彈若仍未站回 580.70，分批降低部位；只有站回且ETF／外資賣壓收斂後才重新評估。,價格跌破60日EMA且20日趨勢向下；ETF 5/10日同步減碼；外資持股5/10日下降且外資5日賣超,44,45,40.9,85,100,完整,489,519,29.1,22.27,8.86,49.58,153.31,1.66,88.27,12.02,0.61,2,0,-100,-250,-250,-250,-250,-97.079,-441.12299999999993,-1019.5749999999998,-1851.5030000000002,0,-443.384,-929.384,-1418.384,0,3,-216814776,53.716,51.44900000000001,13.94,-78,-91,-297,,-97.371,-51.455,-141.64000000000001,-456.98800000000006,37.4,15.79,11.78,23.8,true,false,-6.26,-1.71,中期趨勢仍向下；ETF短中期同步減碼；主動ETF 5日轉為減碼；投信5/10日持續且具金額意義的賣超；外資持股5/10日下降，且外資5日賣超；20日趨勢尚未上彎；當下除權息調整價未守20日EMA
347,2439,美律,TWSE,通信網路業,暫不承接,保護持有,protect,今天不新增部位；未完成確認前不機械式賣出,今天收盤後；若跌破，再看下一交易日是否收復,已有部位暫停加碼；若收盤跌破60日EMA約 80.34，且下一交易日仍未收復，先減碼三分之一；若ETF或外資繼續轉弱，再分批降低部位。,價格跌破60日EMA且20日趨勢向下,46.2,44.7,49.1,85,100,完整,75.3,78.8,-6.7,7.23,0.98,54.44,163.73,1.54,13.74,1.12,5.42,5,-1,17,15,14,-325,0,-391.647,-902.437,289.782,1373.5649999999996,-1,15,14,-324.212,1,2,1129500,-18.764,-102.63599999999998,10.14,-140,-713,367,,-361.66,-898.673,378.418,1882.0380000000002,35.43,22.04,39.21,-12.32,false,false,-2.92,-3.71,中期趨勢仍向下；20日趨勢尚未上彎；單季稅前獲利對營業外貢獻依賴偏高
348,6643,M31,TPEX,半導體業,暫不承接,保護持有,protect,今天不新增部位；未完成確認前不機械式賣出,今天收盤後；若跌破，再看下一交易日是否收復,已有部位暫停加碼；若收盤跌破60日EMA約 457.46，且下一交易日仍未收復，先減碼三分之一；若ETF或外資繼續轉弱，再分批降低部位。,ETF 5/10日同步減碼,51.5,44.5,42.7,85,100,可用,508,508,73.08,4.06,-10.18,10.91,573.46,-1.24,534.74,11.39,0.23,1,0,0,-11,-1,14,0,10.259,10.259,10.259,10.259,0,0,0,0,0,0,0,-2.86,-2.86,14.02,,,,,13.119,13.119,13.119,13.119,59.57,67.4,73.77,54.66,false,true,6.76,-1.36,ETF短中期同步減碼；20日累積後5日轉為調節；外資持股尚未完成5／10日可比核對或期間有非市場異動；此項不給分，不解讀為轉弱
349,6226,光鼎,TWSE,光電業,暫不承接,保護持有,protect,今天不新增部位；未完成確認前不機械式賣出,今天收盤後；若跌破，再看下一交易日是否收復,已有部位暫停加碼；若收盤跌破60日EMA約 31.14，且下一交易日仍未收復，先減碼三分之一；若ETF或外資繼續轉弱，再分批降低部位。,ETF 5/10日同步減碼；外資持股5/10日下降且外資5日賣超,50.2,44.3,38.9,85,100,完整,43,43.05,13.06,7.14,-4.11,38.7,205,0.03,,3.96,,1,0,-2,-4,-4,-9,0,-3207.63,-13954.170999999998,-12117.436999999998,-8641.963999999996,0,-4,-4,-9,0,2,-172000,-484.004,-675.391,1.9,-2921,-13328,-11496,,-3128.63,-13466.166999999998,-11438.045999999997,-8779.963999999996,59.9,49.28,67.33,13.18,true,true,6.81,-2.27,ETF短中期同步減碼；外資持股5/10日下降，且外資5日賣超；單季稅前獲利對營業外貢獻依賴偏高
350,1514,亞力,TWSE,電機機械,暫不承接,保護持有,protect,今天不新增部位；未完成確認前不機械式賣出,今天收盤後；若跌破，再看下一交易日是否收復,已有部位暫停加碼；若收盤跌破60日EMA約 104.07，且下一交易日仍未收復，先減碼三分之一；若ETF或外資繼續轉弱，再分批降低部位。,價格跌破60日EMA且20日趨勢向下,53.1,44.1,38.2,85,100,完整,102,102,-26.52,7.94,9.84,54.56,175.67,1.65,27.95,4.39,2.16,2,0,20,20,24,109,0,198.419,1362.6370000000002,1776.8300000000002,2948.6719999999996,0,20,24,204.321,1,0,2040000,-1.6390000000000011,-3.705,13.24,190,862,1447,,198.318,1344.276,1756.5350000000003,2820.744,49.3,46.51,49.06,41.41,false,true,-0.07,0,中期趨勢仍向下；20日趨勢尚未上彎；當下除權息調整價未守20日EMA
351,2002,中鋼,TWSE,鋼鐵工業,暫不承接,保護持有,protect,今天不新增部位；未完成確認前不機械式賣出,今天收盤後；若跌破，再看下一交易日是否收復,已有部位暫停加碼；若收盤跌破60日EMA約 18.96，且下一交易日仍未收復，先減碼三分之一；若ETF或外資繼續轉弱，再分批降低部位。,ETF 5/10日同步減碼,58,44.1,23.2,85,100,可用,18.9,19,12.97,3.81,1.81,51.15,126.1,-0.03,,0.96,0.79,8,-130,-178,-251,-294,-2376,0,-7480.052,38539.857,-4526.744999999997,-55909.77500000001,-130,-238,-240.422,-3259.2989999999995,1,3,-4498200,375.28099999999995,1482.185,14.91,-6934,42632,23148,,-7383.957,38402.576,-5768.508,-52957.17300000001,49.67,50.19,42.54,65.5,false,false,0.04,1.34,中期趨勢仍向下；ETF短中期同步減碼；ETF 1/3日已轉為減碼；20日趨勢尚未上彎
352,2597,潤弘,TWSE,建材營造,暫不承接,降低部位,trim,停止加碼；反彈未站回恢復區時分批減碼,每個交易日收盤後，確認是否站回恢復區,已有部位先停止加碼。反彈若仍未站回 168.18，分批降低部位；只有站回且ETF／外資賣壓收斂後才重新評估。,價格跌破60日EMA且20日趨勢向下；外資持股5/10日下降且外資5日賣超,43,42.4,34.4,85,100,完整,163.5,163.5,40.91,16.72,13.16,68.77,112.85,5.08,14.02,6.83,5.91,5,0,90,90,90,93,0,-129.602,-241.54200000000003,-298.40000000000003,506.86999999999995,0,91,93,125.017,2,0,14878500,-0.6290000000000004,15.363,2.22,-126,-538,-560,,-129.602,-331.913,-406.763,328.422,37.69,13.56,21.78,-2.87,false,false,-2.78,-2.39,中期趨勢仍向下；外資持股5/10日下降，且外資5日賣超；20日趨勢尚未上彎；當下除權息調整價未守20日EMA
353,2912,統一超,TWSE,貿易百貨,暫不承接,降低部位,trim,停止加碼；反彈未站回恢復區時分批減碼,每個交易日收盤後，確認是否站回恢復區,已有部位先停止加碼。反彈若仍未站回 219.91，分批降低部位；只有站回且ETF／外資賣壓收斂後才重新評估。,價格跌破60日EMA且20日趨勢向下；ETF 5/10日同步減碼；投信5/10日持續且具金額意義地賣超,44.6,42.4,29.6,85,100,完整,211,210.5,4.82,5.46,4.22,83.11,76.89,6.03,19.01,5.35,4.27,20,3,-846,-861,-665,-115,0,80.33,-1110.0230000000001,-3224.424,-2276.817,3,-860,-582.961,137.53799999999998,2,3,-181460000,48.058,182.846,14.35,384,949,-2423,,66.33,-298.081,-2824.309,-2606.4220000000005,33.95,15.21,16.15,13.33,true,true,-1.63,-0.71,中期趨勢仍向下；ETF短中期同步減碼；投信5/10日持續且具金額意義的賣超；20日趨勢尚未上彎；當下除權息調整價未守20日EMA
354,1216,統一,TWSE,食品工業,暫不承接,降低部位,trim,停止加碼；反彈未站回恢復區時分批減碼,每個交易日收盤後，確認是否站回恢復區,已有部位先停止加碼。反彈若仍未站回 75.29，分批降低部位；只有站回且ETF／外資賣壓收斂後才重新評估。,價格跌破60日EMA且20日趨勢向下；外資持股5/10日下降且外資5日賣超；投信5/10日持續且具金額意義地賣超,45.5,42.2,33.9,85,100,可用,72.7,72.8,3.79,4.05,5.86,72.24,86.59,2.56,17.56,3.03,4.13,30,419,-920,263,112,-1786,415,-2157.674,-15999.920000000002,-15822.545000000002,-10589.06,-670.812,-3298.812,-3831.2729999999997,-4074.1079999999997,1,4,-239823632,1815.358,2928.4049999999997,33.92,-1436,-14890,-16950,,-1415.677,-14516.466,-14919.677,-9110.336,34.55,12.18,21.45,-6.34,false,false,-2.52,-2.42,中期趨勢仍向下；投信5/10日持續且具金額意義的賣超；外資持股5/10日下降，且外資5日賣超；20日趨勢尚未上彎；當下除權息調整價未守20日EMA
355,9941,裕融,TWSE,其他,暫不承接,降低部位,trim,停止加碼；反彈未站回恢復區時分批減碼,每個交易日收盤後，確認是否站回恢復區,已有部位先停止加碼。反彈若仍未站回 80.29，分批降低部位；只有站回且ETF／外資賣壓收斂後才重新評估。,價格跌破60日EMA且20日趨勢向下；ETF 5/10日同步減碼；外資持股5/10日下降且外資5日賣超,30.5,42.1,46.8,85,100,完整,75.9,75.9,1.87,-1.3,14.77,85.93,98.25,3.86,10.83,1.27,6.03,6,-315,-1585,-1964,-2659,-1882,-2258,-826.642,-2587.8630000000003,-3792.7879999999996,-2322.703,-314.5,-1967.969,-2662.3360000000002,-1888.8850000000002,0,5,-149368847,-86.116,-52.287000000000006,4.23,-66,-3207,-2973,,-428.652,-533.7779999999999,-1078.165,-313.14900000000006,27.37,9.18,10.42,6.71,false,false,-4.41,-4.17,累計營收負成長且當月改善不足；中期趨勢仍向下；ETF短中期同步減碼；ETF 1/3日已轉為減碼；主動ETF 5日轉為減碼；投信5/10日持續且具金額意義的賣超；外資持股5/10日下降，且外資5日賣超；20日趨勢尚未上彎；當下除權息調整價未守20日EMA
356,6182,合晶,TPEX,半導體業,暫不承接,保護持有,protect,今天不新增部位；未完成確認前不機械式賣出,今天收盤後；若跌破，再看下一交易日是否收復,已有部位暫停加碼；若收盤跌破60日EMA約 112.78，且下一交易日仍未收復，先減碼三分之一；若ETF或外資繼續轉弱，再分批降低部位。,ETF 5/10日同步減碼,47.4,41.8,34.1,85,100,可用,131.5,137,19.97,11.75,2.25,33.96,210.31,0.06,571.74,4.83,0,1,0,-1,-3,-3,-3,0,-17859.62,-17859.62,-17859.62,-17859.62,-59,-59,-59,-59,0,1,-7758500,-2443.754,-2443.754,21.05,,,,,-15356.866,-15356.866,-15356.866,-15356.866,62.56,75.76,76.07,75.12,false,true,10.06,9.13,ETF短中期同步減碼；外資持股尚未完成5／10日可比核對或期間有非市場異動；此項不給分，不解讀為轉弱；短線過熱或乖離過大；估值高，現有成長幅度尚未支撐目前估值
357,6409,旭隼,TWSE,其他電子業,暫不承接,降低部位,trim,停止加碼；反彈未站回恢復區時分批減碼,每個交易日收盤後，確認是否站回恢復區,已有部位先停止加碼。反彈若仍未站回 937.98，分批降低部位；只有站回且ETF／外資賣壓收斂後才重新評估。,價格跌破60日EMA且20日趨勢向下；ETF 5/10日同步減碼；外資持股5/10日下降且外資5日賣超,43.4,41.5,40.8,85,100,完整,891,891,-3.16,-4.14,18.11,58.77,134.82,12.58,34.52,9.89,4.13,10,-5,-13,-21,-62,47,0,60.122,-36.766999999999996,-123.53399999999999,-158.451,-5,-12,-52.501000000000005,45.07099999999999,1,4,-10692000,-9.308,-13.364000000000003,51.88,62,-69,-262,,61.38,-15.458999999999993,-57.66899999999998,-170.184,42.83,45.4,42.32,51.56,false,false,-1.88,1.37,累計營收負成長且當月改善不足；中期趨勢仍向下；ETF短中期同步減碼；20日累積後5日轉為調節；ETF 1/3日已轉為減碼；投信5/10日持續且具金額意義的賣超；外資持股5/10日下降，且外資5日賣超；20日趨勢尚未上彎；當下除權息調整價未守20日EMA
358,2646,星宇航空,TWSE,航運業,暫不承接,降低部位,trim,停止加碼；反彈未站回恢復區時分批減碼,每個交易日收盤後，確認是否站回恢復區,已有部位先停止加碼。反彈若仍未站回 20.64，分批降低部位；只有站回且ETF／外資賣壓收斂後才重新評估。,價格跌破60日EMA且20日趨勢向下；外資持股5/10日下降且外資5日賣超,44,40.8,21.6,85,100,完整,20.05,20.05,47.79,33.98,1.81,80.06,79.55,-0.11,,1.96,,2,0,0,0,3,11,0,-738.258,-3580.479,-4084.6869999999994,-14955.985999999999,0,2,11,-1,1,0,40100,-406,-244.20600000000005,3.02,-324,-2713,-2090,,-703.258,-3176.4790000000003,-3851.4810000000007,-14645.833999999999,38.43,18.18,23.01,8.53,false,false,-1.29,-0.74,中期趨勢仍向下；外資持股5/10日下降，且外資5日賣超；20日趨勢尚未上彎；當下除權息調整價未守20日EMA
359,8454,富邦媒,TWSE,數位雲端,暫不承接,降低部位,trim,停止加碼；反彈未站回恢復區時分批減碼,每個交易日收盤後，確認是否站回恢復區,已有部位先停止加碼。反彈若仍未站回 249.32，分批降低部位；只有站回且ETF／外資賣壓收斂後才重新評估。,價格跌破60日EMA且20日趨勢向下；外資持股5/10日下降且外資5日賣超,40.2,40.8,34.1,85,100,完整,234.5,234,7.8,3.38,2.94,70.81,68.67,4.81,22.57,7.48,4.26,6,0,0,0,8,8,0,-196.724,-166.433,-206.35200000000003,302.46399999999994,0,0.276,8.426,-40.94700000000001,1,0,64722,-2.278,18.452,11.96,-96,-53,-180,,-195.747,-164.431,-233.23,325.091,39.5,16.66,26.99,-4.02,false,false,-3.19,-1.88,中期趨勢仍向下；外資持股5/10日下降，且外資5日賣超；20日趨勢尚未上彎；當下除權息調整價未守20日EMA
360,6592,和潤企業,TWSE,其他,暫不承接,降低部位,trim,停止加碼；反彈未站回恢復區時分批減碼,每個交易日收盤後，確認是否站回恢復區,已有部位先停止加碼。反彈若仍未站回 59.69，分批降低部位；只有站回且ETF／外資賣壓收斂後才重新評估。,價格跌破60日EMA且20日趨勢向下；ETF 5/10日同步減碼；外資持股5/10日下降且外資5日賣超,29.7,40.4,47.8,85,100,完整,55.4,55.1,-4.05,-4.12,19.84,87.04,105.16,2.22,11.12,1.06,5.96,1,0,-357,-357,-357,-355,-357,-355.032,-1889.602,-3294.3450000000003,-3594.692,-0.5,-357,-357,-355,0,3,-19777800,60.649,108.077,22.65,-93,-1117,-2272,,-355.7,-1593.2510000000002,-3045.422,-3354.534,18.51,6.61,6.48,6.86,true,true,-4.95,-3.82,累計營收負成長且當月改善不足；中期趨勢仍向下；ETF短中期同步減碼；主動ETF 5日轉為減碼；投信5/10日持續且具金額意義的賣超；外資持股5/10日下降，且外資5日賣超；20日趨勢尚未上彎；當下除權息調整價未守20日EMA
361,8215,明基材,TWSE,光電業,暫不承接,保護持有,protect,今天不新增部位；未完成確認前不機械式賣出,今天收盤後；若跌破，再看下一交易日是否收復,已有部位暫停加碼；若收盤跌破60日EMA約 26.47，且下一交易日仍未收復，先減碼三分之一；若ETF或外資繼續轉弱，再分批降低部位。,ETF 5/10日同步減碼,51,40.2,19.1,85,100,完整,28.6,28.8,4.88,6.13,-3.62,69.5,105.86,-0.96,,1.91,1.05,1,-20,-27,-39,-39,224,0,-415.624,1048.02,2439.8100000000004,1848.4480000000005,-20,-39,-39,224,0,3,-1115400,20.196,44.913,2.15,-294,481,2019,,-383.185,1066.824,2433.8970000000004,1592.2690000000002,58.06,55.45,61.42,43.52,false,true,4.1,2.51,ETF短中期同步減碼；20日累積後5日轉為調節；ETF 1/3日已轉為減碼
362,3532,台勝科,TWSE,半導體業,暫不承接,保護持有,protect,今天不新增部位；未完成確認前不機械式賣出,今天收盤後；若跌破，再看下一交易日是否收復,已有部位暫停加碼；若收盤跌破60日EMA約 393.74，且下一交易日仍未收復，先減碼三分之一；若ETF或外資繼續轉弱，再分批降低部位。,ETF 5/10日同步減碼；外資持股5/10日下降且外資5日賣超,50.8,39.7,22.7,85,100,完整,469.5,473,29.28,19.14,-0.14,52.63,270.98,-0.05,361.15,7.5,0.21,7,1,-153,-152,-78,2,-155,-535.102,-2048.22,-2131.1839999999997,1076.7100000000003,-76,-229,-154,3239,2,2,-107515500,-449.375,-1061.275,43.81,-423,-1584,-1071,,-361.25,-1369.845,-915.9090000000001,-1913.9390000000005,65.68,64.6,65.95,61.89,false,true,7.11,3.76,ETF短中期同步減碼；20日累積後5日轉為調節；主動ETF 5日轉為減碼；外資持股5/10日下降，且外資5日賣超
363,1722,台肥,TWSE,化學工業,暫不承接,降低部位,trim,停止加碼；反彈未站回恢復區時分批減碼,每個交易日收盤後，確認是否站回恢復區,已有部位先停止加碼。反彈若仍未站回 44.19，分批降低部位；只有站回且ETF／外資賣壓收斂後才重新評估。,價格跌破60日EMA且20日趨勢向下；外資持股5/10日下降且外資5日賣超,40.7,39.2,47.3,85,100,完整,40.85,40.9,-11.28,4.58,4.8,36.33,228.72,0.43,48.63,0.76,4.9,4,0,0,-1,265,268,0,-1162.408,-2247.341,-5435.257,-14251.894999999999,0,0,268,119,1,1,0,-18,38,7.6,-869,-1784,-4217,,-1164.408,-2229.341,-5741.257,-13889.674,23.95,8.61,11.21,3.42,false,true,-3.46,-1.09,中期趨勢仍向下；20日累積後5日轉為調節；外資持股5/10日下降，且外資5日賣超；20日趨勢尚未上彎；當下除權息調整價未守20日EMA
364,2208,台船,TWSE,航運業,暫不承接,降低部位,trim,停止加碼；反彈未站回恢復區時分批減碼,每個交易日收盤後，確認是否站回恢復區,已有部位先停止加碼。反彈若仍未站回 19.13，分批降低部位；只有站回且ETF／外資賣壓收斂後才重新評估。,價格跌破60日EMA且20日趨勢向下；外資持股5/10日下降且外資5日賣超,38.5,35,23.4,85,100,完整,18.45,18.65,55.64,-19.76,-9.53,85.87,108.02,0.28,37.65,3.1,,1,0,0,0,0,0,0,-3203.8,-6509.946,-3814.9030000000002,-3562.4330000000004,0,0,0,0,0,0,0,13,75,6.28,-3205,-6523,-3890,,-3204.8,-6522.946,-3889.9030000000002,-3652.4330000000004,38.25,18.2,35.21,-15.82,false,false,-3.01,-4.9,中期趨勢仍向下；外資持股5/10日下降，且外資5日賣超；20日趨勢尚未上彎；當下除權息調整價未守20日EMA；單季稅前獲利對營業外貢獻依賴偏高
365,9921,巨大,TWSE,運動休閒,暫不承接,保護持有,protect,今天不新增部位；未完成確認前不機械式賣出,今天收盤後；若跌破，再看下一交易日是否收復,已有部位暫停加碼；若收盤跌破60日EMA約 91.25，且下一交易日仍未收復，先減碼三分之一；若ETF或外資繼續轉弱，再分批降低部位。,價格跌破60日EMA且20日趨勢向下,38,34.5,36.2,85,100,完整,89.1,89.1,3.21,-6.11,2.77,48.95,184.22,1.11,57.48,1.02,2.04,1,0,0,0,-162,-162,0,-88.43,416.169,955.516,-965.4199999999998,0,0,-162,-173,0,0,0,22.894,12.304999999999998,31.9,15,-360,-147,,-90.065,393.275,1105.211,-597.3129999999995,40.32,30.8,42.15,8.1,false,true,-3.97,-1.66,累計營收負成長且當月改善不足；中期趨勢仍向下；20日趨勢尚未上彎；當下除權息調整價未守20日EMA
366,2201,裕隆,TWSE,汽車工業,暫不承接,降低部位,trim,停止加碼；反彈未站回恢復區時分批減碼,每個交易日收盤後，確認是否站回恢復區,已有部位先停止加碼。反彈若仍未站回 29.38，分批降低部位；只有站回且ETF／外資賣壓收斂後才重新評估。,價格跌破60日EMA且20日趨勢向下；外資持股5/10日下降且外資5日賣超,33.9,34,32.6,85,100,完整,28.35,28.25,-2.02,-3.46,9.68,74.19,99.35,0.5,31.85,0.47,1.98,2,0,0,0,-133,77,0,-1145.535,-6020.122000000001,-12430.130000000001,-18049.778000000002,0,0,-131,-28,0,0,0,-30.483000000000004,202.76600000000002,4.01,-1029,-5547,-12381,,-1085.509,-5989.639,-12501.896,-18776.246000000003,37.63,2.52,5.72,-3.89,false,false,-3.49,-3.08,累計營收負成長且當月改善不足；中期趨勢仍向下；外資持股5/10日下降，且外資5日賣超；20日趨勢尚未上彎；當下除權息調整價未守20日EMA
367,6949,沛爾生醫*-創,TWSE,生技醫療業,暫不承接,保護持有,protect,今天不新增部位；未完成確認前不機械式賣出,今天收盤後；若跌破，再看下一交易日是否收復,已有部位暫停加碼；若收盤跌破60日EMA約 496.63，且下一交易日仍未收復，先減碼三分之一；若ETF或外資繼續轉弱，再分批降低部位。,價格跌破60日EMA且20日趨勢向下,36.5,32.5,37.3,85,100,完整,47.6,43.5,164.71,4.21,-1292.9,10.57,1007.25,-2.54,,24.29,,1,0,0,0,209,209,0,910.067,-178.42700000000002,-3052.696,-12482.761,0,0,209,209,0,0,0,-612.2049999999999,-942.174,3.25,1054,434,-2320,,1054.35,433.7779999999999,-2319.522,-11304.097,22.38,17.27,16.5,18.82,true,false,-71.61,-5.37,中期趨勢仍向下；20日趨勢尚未上彎；當下除權息調整價未守20日EMA；官方重大訊息出現高風險關鍵字，須查原文
368,3718,中光電投控,TPEX,光電業,暫不承接,保護持有,protect,今天不新增部位；未完成確認前不機械式賣出,今天收盤後；若跌破，再看下一交易日是否收復,已有部位暫停加碼；若收盤跌破60日EMA約 72.06，且下一交易日仍未收復，先減碼三分之一；若ETF或外資繼續轉弱，再分批降低部位。,價格跌破60日EMA且20日趨勢向下,37.3,17.3,0,85,73,可用,65,66,,,,,,,,,,1,0,6,6,6,6,0,47.492,47.492,47.492,47.492,0,0,0,0,0,0,0,-3.999,-3.999,8.31,,,,,51.491,51.491,51.491,51.491,33.14,33.57,44.26,12.19,false,true,-2.94,-0.15,中期趨勢仍向下；外資持股尚未完成5／10日可比核對或期間有非市場異動；此項不給分，不解讀為轉弱；20日趨勢尚未上彎；當下除權息調整價未守20日EMA
369,6026,福邦證,TPEX,金融業,不建立部位,保護持有,protect,今天不新增部位；未完成確認前不機械式賣出,今天收盤後；若跌破，再看下一交易日是否收復,已有部位暫停加碼；若收盤跌破60日EMA約 15.29，且下一交易日仍未收復，先減碼三分之一；若ETF或外資繼續轉弱，再分批降低部位。,未觸發明確減碼訊號,64.7,78.9,80.4,85,100,可用,16,16.05,231.78,170.4,,63.75,137.88,1.08,5.8,1.01,8.53,2,0,5,13,300,509,0,151,151,151,151,0,0,0,0,0,0,0,0,0,6.94,,,,,151,151,151,151,64.51,73.03,73.86,71.36,false,true,2.57,0.95,"單日成交金額低於5,000萬元；外資持股尚未完成5／10日可比核對或期間有非市場異動；此項不給分，不解讀為轉弱；ETF加碼金額或跨基金共識尚未同時成立"
370,4105,東洋,TPEX,生技醫療業,不建立部位,保護持有,protect,今天不新增部位；未完成確認前不機械式賣出,今天收盤後；若跌破，再看下一交易日是否收復,已有部位暫停加碼；若收盤跌破60日EMA約 77.42，且下一交易日仍未收復，先減碼三分之一；若ETF或外資繼續轉弱，再分批降低部位。,未觸發明確減碼訊號,64,72.8,73.9,85,100,可用,78.3,78.8,14.86,8.28,30.78,34.48,213.15,3.42,11.23,2.8,5.75,2,0,3,11,155,224,0,-144.488,-144.488,-144.488,-144.488,0,0,0,0,0,0,0,28,28,22.61,,,,,-172.488,-172.488,-172.488,-172.488,52.06,46.85,58.06,24.44,false,false,0.03,0,"單日成交金額低於5,000萬元；外資持股尚未完成5／10日可比核對或期間有非市場異動；此項不給分，不解讀為轉弱；ETF加碼金額或跨基金共識尚未同時成立"
371,2495,普安,TWSE,電腦及週邊設備業,不建立部位,保護持有,protect,今天不新增部位；未完成確認前不機械式賣出,今天收盤後；若跌破，再看下一交易日是否收復,已有部位暫停加碼；若收盤跌破60日EMA約 39.22，且下一交易日仍未收復，先減碼三分之一；若ETF或外資繼續轉弱，再分批降低部位。,未觸發明確減碼訊號,61.6,72.5,71.1,85,100,完整,38.45,39.3,106.21,53.01,14.2,42.69,215.77,0.61,18.94,2.32,2.08,1,0,0,0,0,130,0,195.857,569.195,502.71500000000003,1321.2589999999998,0,0.04,0.04,130.04,1,0,1538,-30.245,-19.613000000000003,8.24,-66,-466,-731,,206.867,599.4,522.288,1319.6480000000001,51.43,41.09,50.89,21.5,false,true,0.53,-1.54,"單日成交金額低於5,000萬元"
372,3167,大量,TWSE,電機機械,不建立部位,優先降低風險,risk,依風險與流動性分批降低部位,風險解除且基本面與趨勢重新確認後,已有部位應優先降低曝險；目前觸發「處置或交易限制事件」。待事件解除或基本面重新確認後再評估。,處置或交易限制事件,64.1,69.4,51.2,85,100,完整,996,1005,152.98,135.15,24.48,64.49,143.75,9.26,69.85,20.76,0.39,4,0,0,0,0,300,0,135.292,1431.955,986.9290000000002,3486.7790000000005,0,183,276,1008,2,0,182268000,-15.015999999999998,-14.367000000000004,12.56,58,1005,1562,,125.029,1263.971,725.2959999999997,2630.868,65.51,84.65,74.34,105.25,false,false,13.57,4.95,處置或交易限制風險；短線過熱或乖離過大
373,9946,三發地產,TWSE,建材營造,不建立部位,降低部位,trim,停止加碼；反彈未站回恢復區時分批減碼,每個交易日收盤後，確認是否站回恢復區,已有部位先停止加碼。反彈若仍未站回 17.63，分批降低部位；只有站回且ETF／外資賣壓收斂後才重新評估。,價格跌破60日EMA且20日趨勢向下；ETF 5/10日同步減碼,47.6,69.2,85.1,85,100,完整,16.7,16.83,185.26,2974.14,45.27,58.38,224.99,2.84,3.58,0.75,8.26,2,0,-3,-6,-6,-12,0,7,78.262,276.33799999999997,5.3409999999999656,0,-6,-6,-12,0,2,-100200,14,93,3.09,-168,-90,76,,7,70.262,189.33799999999997,-78.65900000000003,39.33,15.19,20,5.57,false,false,-2.51,-2.34,"單日成交金額低於5,000萬元；中期趨勢仍向下；ETF短中期同步減碼；20日趨勢尚未上彎；當下除權息調整價未守20日EMA"
374,4736,泰博,TWSE,生技醫療業,不建立部位,保護持有,protect,今天不新增部位；未完成確認前不機械式賣出,今天收盤後；若跌破，再看下一交易日是否收復,已有部位暫停加碼；若收盤跌破60日EMA約 124.77，且下一交易日仍未收復，先減碼三分之一；若ETF或外資繼續轉弱，再分批降低部位。,未觸發明確減碼訊號,59.9,68.6,76.2,85,100,完整,128.5,128.5,42.69,3.28,19.54,21,319.04,16.6,4.71,1.1,3.95,2,0,0,0,0,17,0,-11,15.697000000000006,129.37400000000002,472.8520000000001,0,0,100,216,0,0,0,9,4,6.88,-308,-441,-333,,-12,6.697000000000006,25.374000000000006,353.06999999999994,50.39,24.88,38.92,-3.21,false,false,-0.49,-0.77,"單日成交金額低於5,000萬元；當下除權息調整價未守20日EMA；單季稅前獲利對營業外貢獻依賴偏高"
375,6670,復盛應用,TWSE,運動休閒,不建立部位,保護持有,protect,今天不新增部位；未完成確認前不機械式賣出,今天收盤後；若跌破，再看下一交易日是否收復,已有部位暫停加碼；若收盤跌破60日EMA約 269.76，且下一交易日仍未收復，先減碼三分之一；若ETF或外資繼續轉弱，再分批降低部位。,外資持股5/10日下降且外資5日賣超,57.7,68.5,69.1,85,100,完整,270,270,45.02,14.88,15.25,40.17,200.45,13.1,11.03,2.42,5.93,6,9,26,25,153,173,-13,-19.965,-66.807,-59.775000000000006,-88.05400000000002,9,24.78,152.56,158.73000000000002,2,2,6690600,2.6820000000000004,-90.958,24.81,-44,-188,-111,,-28.96,-94.26900000000002,-121.37700000000002,-59.39300000000003,46.42,28.48,34.46,16.53,false,true,-0.8,-1.1,"單日成交金額低於5,000萬元；主動ETF 5日轉為減碼；外資持股5/10日下降，且外資5日賣超；20日趨勢尚未上彎；當下除權息調整價未守20日EMA；ETF加碼金額或跨基金共識尚未同時成立"
376,2607,榮運,TWSE,航運業,不建立部位,保護持有,protect,今天不新增部位；未完成確認前不機械式賣出,今天收盤後；若跌破，再看下一交易日是否收復,已有部位暫停加碼；若收盤跌破60日EMA約 51.47，且下一交易日仍未收復，先減碼三分之一；若ETF或外資繼續轉弱，再分批降低部位。,未觸發明確減碼訊號,58.4,68.3,71.4,85,100,完整,53.2,53,49.39,12.76,11.94,34.11,198.54,2.68,10.62,0.91,5.08,1,0,0,0,0,0,0,43.322,96.31400000000002,447.068,934.0989999999998,0,0,0,0,0,0,0,8.456999999999999,38.63,8.39,43,-196,39,,43.322,87.85700000000003,408.43800000000005,891.2599999999999,54.75,55.34,67.87,30.29,false,true,0.07,-0.93,"單日成交金額低於5,000萬元；當下除權息調整價未守20日EMA"
377,5288,豐祥-KY,TWSE,電機機械,不建立部位,保護持有,protect,今天不新增部位；未完成確認前不機械式賣出,今天收盤後；若跌破，再看下一交易日是否收復,已有部位暫停加碼；若收盤跌破60日EMA約 185.62，且下一交易日仍未收復，先減碼三分之一；若ETF或外資繼續轉弱，再分批降低部位。,未觸發明確減碼訊號,58.4,68.2,72.6,85,100,完整,187,187.25,60.1,35.38,14.42,26.27,230.68,8.03,12.47,2.05,3.48,1,0,0,0,0,0,0,-40.117,100.26199999999999,225.99,316.797,0,-40,-40,-30,0,3,-7480000,6.342999999999999,9.983999999999998,60.16,-37,52,186,,-39.419,133.91899999999998,256.0059999999999,327.72699999999986,49.24,51.01,54.25,44.54,false,false,-0.19,-0.27,"單日成交金額低於5,000萬元；20日趨勢尚未上彎；當下除權息調整價未守20日EMA"
378,3526,凡甲,TPEX,電子零組件業,不建立部位,保護持有,protect,今天不新增部位；未完成確認前不機械式賣出,今天收盤後；若跌破，再看下一交易日是否收復,已有部位暫停加碼；若收盤跌破60日EMA約 286.38，且下一交易日仍未收復，先減碼三分之一；若ETF或外資繼續轉弱，再分批降低部位。,價格跌破60日EMA且20日趨勢向下,57.7,67.9,75.2,85,94.3,可用,276,277.75,38.84,28.57,31.35,45.89,284.73,9.08,15.54,4.46,6.1,4,-1,0,3,3,6,0,-36.987,-36.987,-36.987,-36.987,-1,-1,-1,-1,0,1,-276000,1.15,1.15,16.73,,,,,-37.137,-37.137,-37.137,-37.137,50.8,83.26,72.85,104.1,false,false,0.89,2.22,"單日成交金額低於5,000萬元；中期趨勢仍向下；外資持股尚未完成5／10日可比核對或期間有非市場異動；此項不給分，不解讀為轉弱；20日趨勢尚未上彎；ETF加碼金額或跨基金共識尚未同時成立"
379,2753,八方雲集,TWSE,觀光餐旅,不建立部位,保護持有,protect,今天不新增部位；未完成確認前不機械式賣出,今天收盤後；若跌破，再看下一交易日是否收復,已有部位暫停加碼；若收盤跌破60日EMA約 177.19，且下一交易日仍未收復，先減碼三分之一；若ETF或外資繼續轉弱，再分批降低部位。,未觸發明確減碼訊號,65.5,66.7,56.8,85,100,完整,183.5,183.5,9.29,7.92,12.11,50.44,168.25,7.01,13.08,3.24,6.54,3,-1,-2,-1,33,51,0,-5.293,489.80499999999995,558.2119999999999,405.786,-1,-0.22599999999999998,33.371,50.92300000000001,2,3,-41471,1.475,4.353,6.66,-7,310,366,,-4.193,488.556,520.4879999999999,351.1269999999999,63.07,82.25,77.39,91.96,false,false,1.81,1.94,"單日成交金額低於5,000萬元；20日累積後5日轉為調節；ETF 1/3日已轉為減碼"
380,4441,振大環球,TWSE,紡織纖維,不建立部位,降低部位,trim,停止加碼；反彈未站回恢復區時分批減碼,每個交易日收盤後，確認是否站回恢復區,已有部位先停止加碼。反彈若仍未站回 178.85，分批降低部位；只有站回且ETF／外資賣壓收斂後才重新評估。,價格跌破60日EMA且20日趨勢向下；外資持股5/10日下降且外資5日賣超,47.8,65.6,75.8,85,100,完整,169.5,171,20.56,14.76,17.62,30.51,243.38,9.08,9.39,1.68,6.37,1,0,0,0,0,0,0,1.08,-16.72,-15.779999999999998,31.580000000000002,0,0,0,0,0,0,0,1,-2,0.88,1,-18,-8,,1.08,-17.72,-13.779999999999998,35.580000000000005,38.27,17.91,22.17,9.4,false,true,-1.69,-0.88,"單日成交金額低於5,000萬元；中期趨勢仍向下；外資持股5/10日下降，且外資5日賣超；20日趨勢尚未上彎；當下除權息調整價未守20日EMA"
381,3213,茂訊,TPEX,電腦及週邊設備業,不建立部位,保護持有,protect,今天不新增部位；未完成確認前不機械式賣出,今天收盤後；若跌破，再看下一交易日是否收復,已有部位暫停加碼；若收盤跌破60日EMA約 125.80，且下一交易日仍未收復，先減碼三分之一；若ETF或外資繼續轉弱，再分批降低部位。,未觸發明確減碼訊號,55.1,65.1,78.5,85,100,可用,125.5,127.5,6.49,17.96,25.64,30.04,300.49,5.62,13.09,1.89,5.58,1,0,0,0,0,-1,0,112.514,112.514,112.514,112.514,0,0,0,0,0,0,0,3.514,3.514,14.35,,,,,109,109,109,109,50.55,56.03,56.06,55.97,false,true,0.52,0.8,"單日成交金額低於5,000萬元；中期趨勢仍向下；外資持股尚未完成5／10日可比核對或期間有非市場異動；此項不給分，不解讀為轉弱；20日趨勢尚未上彎"
382,2727,王品,TWSE,觀光餐旅,不建立部位,保護持有,protect,今天不新增部位；未完成確認前不機械式賣出,今天收盤後；若跌破，再看下一交易日是否收復,已有部位暫停加碼；若收盤跌破60日EMA約 232.30，且下一交易日仍未收復，先減碼三分之一；若ETF或外資繼續轉弱，再分批降低部位。,ETF 5/10日同步減碼；投信5/10日持續且具金額意義地賣超,56.1,64.2,49.6,85,100,完整,233.5,233,11.31,12.33,8.04,74.84,104.61,9.86,12.97,4.55,6.9,1,-49,-98,-197,-321,-321,-197,-18.633,182.97199999999998,340.28400000000005,-169.77099999999993,-49,-197,-321,-320,0,3,-45999500,-16.805,-111.66000000000001,33.64,34,398,755,,32.367,396.777,772.9440000000001,397.1690000000001,55.24,80.12,75.19,89.99,false,false,0.76,0.65,"單日成交金額低於5,000萬元；ETF短中期同步減碼；ETF 1/3日已轉為減碼；主動ETF 5日轉為減碼；投信5/10日持續且具金額意義的賣超"
383,1612,宏泰,TWSE,電器電纜,不建立部位,保護持有,protect,今天不新增部位；未完成確認前不機械式賣出,今天收盤後；若跌破，再看下一交易日是否收復,已有部位暫停加碼；若收盤跌破60日EMA約 34.57，且下一交易日仍未收復，先減碼三分之一；若ETF或外資繼續轉弱，再分批降低部位。,ETF 5/10日同步減碼,56.6,63.9,75.5,85,100,完整,35,35.05,19.6,2.06,12.77,17.8,334.32,2.62,8.97,1.18,7.14,2,-5,-9,-14,-23,-37,0,-44.486,541.983,877.901,1821.689,-5,-10.120999999999999,-19.241,-32.919000000000004,1,3,-354235,54.982,16.552,15.94,-33,441,585,,-39,497.12200000000007,880.5900000000001,1790.8110000000001,52.94,48.33,59.66,25.67,false,true,0.11,-0.14,"單日成交金額低於5,000萬元；ETF短中期同步減碼；ETF 1/3日已轉為減碼"
384,1307,三芳,TWSE,塑膠工業,不建立部位,保護持有,protect,今天不新增部位；未完成確認前不機械式賣出,今天收盤後；若跌破，再看下一交易日是否收復,已有部位暫停加碼；若收盤跌破60日EMA約 31.24，且下一交易日仍未收復，先減碼三分之一；若ETF或外資繼續轉弱，再分批降低部位。,ETF 5/10日同步減碼,51.8,63.7,66.9,85,100,完整,30.85,31,10.83,6.38,12.33,46.72,186.74,1.46,9.21,1.23,7.13,1,-5,-10,-15,-25,-40,0,-193,-104.96399999999994,-306.15199999999993,-662.481,-5,-10.001000000000001,-20.000000000000004,-34.997,1,3,-308531,-612,-659.646,7.15,413,528,562,,413,517.037,373.494,113.67600000000007,49.55,65.94,70.45,56.92,false,true,-0.03,0.49,"單日成交金額低於5,000萬元；ETF短中期同步減碼；ETF 1/3日已轉為減碼"
385,2031,新光鋼,TWSE,鋼鐵工業,不建立部位,保護持有,protect,今天不新增部位；未完成確認前不機械式賣出,今天收盤後；若跌破，再看下一交易日是否收復,已有部位暫停加碼；若收盤跌破60日EMA約 43.74，且下一交易日仍未收復，先減碼三分之一；若ETF或外資繼續轉弱，再分批降低部位。,ETF 5/10日同步減碼,58.9,63.7,55.1,85,100,完整,45.8,45.6,18.59,3.91,9.27,59.27,154.73,5.23,7.09,1.23,5.46,2,-4,-8,-12,-20,-31,0,-234.076,1092.873,2894.4249999999997,2567.266,-4,-6.7940000000000005,-14.588000000000001,-26.276000000000003,1,3,-311165,38.42,39.85,11.08,-186,1124,2906,,-241.441,1061.247,2869.163,2623.361,55.5,71.51,75.4,63.71,false,true,1.1,-0.65,"單日成交金額低於5,000萬元；ETF短中期同步減碼；ETF 1/3日已轉為減碼；單季稅前獲利對營業外貢獻依賴偏高"
386,2108,南帝,TWSE,橡膠工業,不建立部位,降低部位,trim,停止加碼；反彈未站回恢復區時分批減碼,每個交易日收盤後，確認是否站回恢復區,已有部位先停止加碼。反彈若仍未站回 28.79，分批降低部位；只有站回且ETF／外資賣壓收斂後才重新評估。,價格跌破60日EMA且20日趨勢向下；外資持股5/10日下降且外資5日賣超,48.9,63,77.2,85,100,完整,28.1,28.2,41.83,26.69,16.6,12.36,812.87,1.28,15.79,0.94,3.56,1,0,0,0,0,0,0,-132.19,-444.687,-468.551,-1158.74,0,0,0,0,0,0,0,29.849,76.784,6.41,-123,-1020,-1067,,-138.13,-474.536,-545.335,-1203.809,42.79,23.45,38.97,-7.57,false,true,-2.11,-2.09,"單日成交金額低於5,000萬元；中期趨勢仍向下；外資持股5/10日下降，且外資5日賣超；20日趨勢尚未上彎；當下除權息調整價未守20日EMA"
387,2423,固緯,TWSE,其他電子業,不建立部位,降低部位,trim,停止加碼；反彈未站回恢復區時分批減碼,每個交易日收盤後，確認是否站回恢復區,已有部位先停止加碼。反彈若仍未站回 73.17，分批降低部位；只有站回且ETF／外資賣壓收斂後才重新評估。,價格跌破60日EMA且20日趨勢向下；外資持股5/10日下降且外資5日賣超,51.6,63,74.8,85,100,完整,72.6,73.1,28.15,23.65,24.89,30.95,250.79,2.49,17.2,3.52,3.44,1,0,0,0,0,0,0,13,-153.734,-181.627,-182.58200000000002,0,0.015,0.015,0.015,1,0,1089,1,11,4.86,13,-239,-268,,13,-154.749,-192.642,-197.597,47.05,40.27,37.59,45.65,true,false,-0.44,0.41,"單日成交金額低於5,000萬元；中期趨勢仍向下；外資持股5/10日下降，且外資5日賣超；20日趨勢尚未上彎"
388,2414,精技,TWSE,電子通路業,不建立部位,保護持有,protect,今天不新增部位；未完成確認前不機械式賣出,今天收盤後；若跌破，再看下一交易日是否收復,已有部位暫停加碼；若收盤跌破60日EMA約 53.66，且下一交易日仍未收復，先減碼三分之一；若ETF或外資繼續轉弱，再分批降低部位。,ETF 5/10日同步減碼；外資持股5/10日下降且外資5日賣超,52.5,62.7,50.9,85,100,完整,53.1,53.5,79.52,47.82,2.85,76.08,120,2.53,12.92,2.72,5.65,1,0,-2,-4,-4,-8,0,33,17.089999999999996,27.536,71.83,0,-3.9859999999999998,-3.9859999999999998,-7.986,0,2,-211657,25,20,4.19,35,-195,-179,,34,-3.9239999999999995,11.522000000000006,40.815999999999995,50.23,63.65,67.08,56.79,false,true,0.29,0.38,"單日成交金額低於5,000萬元；ETF短中期同步減碼；外資持股5/10日下降，且外資5日賣超"
389,2849,安泰銀,TWSE,金融保險業,不建立部位,保護持有,protect,今天不新增部位；未完成確認前不機械式賣出,今天收盤後；若跌破，再看下一交易日是否收復,已有部位暫停加碼；若收盤跌破60日EMA約 15.11，且下一交易日仍未收復，先減碼三分之一；若ETF或外資繼續轉弱，再分批降低部位。,未觸發明確減碼訊號,57.1,62.7,61.3,85,100,完整,15.55,15.53,18.9,19.5,,91.11,,0.54,16.03,0.84,3.28,1,0,0,0,0,0,0,36,-79.932,207.52399999999997,624.396,0,0,0,0,0,0,0,-28.932000000000002,95.068,59.04,90,0,165,,39,-51,112.45599999999999,509.328,50.56,31.34,44.51,5.01,false,false,-0.48,-0.64,"單日成交金額低於5,000萬元；當下除權息調整價未守20日EMA"
390,6577,勁豐,TPEX,電腦及週邊設備業,不建立部位,保護持有,protect,今天不新增部位；未完成確認前不機械式賣出,今天收盤後；若跌破，再看下一交易日是否收復,已有部位暫停加碼；若收盤跌破60日EMA約 79.66，且下一交易日仍未收復，先減碼三分之一；若ETF或外資繼續轉弱，再分批降低部位。,未觸發明確減碼訊號,56.5,62.7,67.3,85,100,可用,80.5,82.4,2.79,3.43,18.63,45.78,188.58,3.52,11.13,3.42,6.21,1,0,0,1,9,16,0,-1,-1,-1,-1,0,0,0,0,0,0,0,0,0,1.57,,,,,-1,-1,-1,-1,54.18,75.97,72.89,82.11,false,false,0.74,0.88,"單日成交金額低於5,000萬元；外資持股尚未完成5／10日可比核對或期間有非市場異動；此項不給分，不解讀為轉弱；20日趨勢尚未上彎"
391,1419,新紡,TWSE,紡織纖維,不建立部位,降低部位,trim,停止加碼；反彈未站回恢復區時分批減碼,每個交易日收盤後，確認是否站回恢復區,已有部位先停止加碼。反彈若仍未站回 66.02，分批降低部位；只有站回且ETF／外資賣壓收斂後才重新評估。,價格跌破60日EMA且20日趨勢向下；外資持股5/10日下降且外資5日賣超,48.8,62.6,71.1,85,100,完整,65.3,65.15,5.94,24.56,9.09,17.87,178.88,11.2,4.7,0.86,2.76,1,0,0,0,0,0,0,1,-32,-9.022999999999996,-156.273,0,0,0,-77,0,0,0,8,23,1.34,1,-34,-42,,1,-40,-32.022999999999996,-97.273,44.28,24.19,35.52,1.52,false,true,-1.09,-1.06,"單日成交金額低於5,000萬元；中期趨勢仍向下；外資持股5/10日下降，且外資5日賣超；20日趨勢尚未上彎；當下除權息調整價未守20日EMA；單季稅前獲利對營業外貢獻依賴偏高"
392,6279,胡連,TPEX,電子零組件業,不建立部位,降低部位,trim,停止加碼；反彈未站回恢復區時分批減碼,每個交易日收盤後，確認是否站回恢復區,已有部位先停止加碼。反彈若仍未站回 117.46，分批降低部位；只有站回且ETF／外資賣壓收斂後才重新評估。,價格跌破60日EMA且20日趨勢向下；ETF 5/10日同步減碼,50.9,62.6,67.2,85,100,可用,116.5,116.75,29.82,14.56,11.54,42.65,146.91,4.4,10.22,1.53,4.72,1,-1,-3,-5,-8,-12,0,92.101,92.101,92.101,92.101,-1,-1,-1,-1,0,1,-116500,1.154,1.154,10.13,,,,,91.947,91.947,91.947,91.947,52.65,71.55,63.59,87.46,false,false,1.53,3.56,"單日成交金額低於5,000萬元；中期趨勢仍向下；ETF短中期同步減碼；ETF 1/3日已轉為減碼；外資持股尚未完成5／10日可比核對或期間有非市場異動；此項不給分，不解讀為轉弱；20日趨勢尚未上彎"
393,8442,威宏-KY,TWSE,其他,不建立部位,保護持有,protect,今天不新增部位；未完成確認前不機械式賣出,今天收盤後；若跌破，再看下一交易日是否收復,已有部位暫停加碼；若收盤跌破60日EMA約 45.30，且下一交易日仍未收復，先減碼三分之一；若ETF或外資繼續轉弱，再分批降低部位。,未觸發明確減碼訊號,65.6,62.5,50.2,85,100,完整,45.95,45.95,36.95,12.91,3.35,54.91,161.46,1.38,14.77,0.87,6.53,1,0,1,2,23,36,0,1,6.194999999999999,-19.898000000000003,-5.502000000000008,0,1.548,22.455000000000002,36.228,2,0,71131,-10,-15,55.96,2,17,-26,,2,14.646999999999998,-27.353,-26.730000000000004,53.5,65.89,57.72,82.23,false,false,0.66,3.37,"單日成交金額低於5,000萬元"
394,6672,騰輝電子-KY,TWSE,電子零組件業,不建立部位,優先降低風險,risk,依風險與流動性分批降低部位,風險解除且基本面與趨勢重新確認後,已有部位應優先降低曝險；目前觸發「ETF 5/10日同步減碼」。待事件解除或基本面重新確認後再評估。,價格強勢站上20／60日EMA；ETF偏弱，先觀察,56,62.4,64.5,85,100,完整,451,457,133.24,53.6,14.55,29.42,311.02,4.75,68.13,7.66,0.74,2,0,-2,-3,-6,-15,0,-420.902,4244.741999999999,9569.599000000002,9117.565,0,-3,-3.989,86.011,0,2,-1353000,131.042,348.1840000000001,32.77,-729,3380,7885,,-425.196,4116.700000000001,9225.404000000002,8591.977000000003,84.32,95.11,88.97,107.39,false,false,32.87,33.63,處置或交易限制風險；ETF短中期同步減碼；短線過熱或乖離過大
395,8996,高力,TWSE,電機機械,不建立部位,優先降低風險,risk,依風險與流動性分批降低部位,風險解除且基本面與趨勢重新確認後,已有部位應優先降低曝險；目前觸發「外資持股5/10日下降且外資5日賣超」。待事件解除或基本面重新確認後再評估。,外資持股5/10日下降且外資5日賣超；處置或交易限制事件,58.6,62.3,51.1,85,100,可用,1595,1600,112.84,115.03,17.58,50.01,160.68,8.69,107.41,28.96,0.29,23,0,-48,43,-97,-1058,35,677.924,-848.123,-136.70299999999997,-2836.566,-18,327.957,944.4100000000001,-61.08999999999992,3,2,523091415,232.466,122.12800000000001,23.11,566,-681,-111,,601.842,-1408.546,-1203.241,-3079.237,62.02,71.53,74.44,65.72,false,true,10.64,4.25,處置或交易限制風險；外資持股5/10日下降，且外資5日賣超
396,5209,新鼎,TPEX,其他,不建立部位,保護持有,protect,今天不新增部位；未完成確認前不機械式賣出,今天收盤後；若跌破，再看下一交易日是否收復,已有部位暫停加碼；若收盤跌破60日EMA約 164.59，且下一交易日仍未收復，先減碼三分之一；若ETF或外資繼續轉弱，再分批降低部位。,未觸發明確減碼訊號,62.9,62.2,51.6,85,100,可用,174.5,174.75,92.18,-11.97,14.77,78.82,121.04,8.72,9.58,4.81,7.42,1,0,1,1,9,14,0,-10.347,-10.347,-10.347,-10.347,0,0,0,0,0,0,0,0.072,0.072,3.47,,,,,-10.419,-10.419,-10.419,-10.419,63.72,53.71,40.11,80.91,true,false,3.56,4.8,"單日成交金額低於5,000萬元；外資持股尚未完成5／10日可比核對或期間有非市場異動；此項不給分，不解讀為轉弱"
397,6679,鈺太,TPEX,半導體業,不建立部位,保護持有,protect,今天不新增部位；未完成確認前不機械式賣出,今天收盤後；若跌破，再看下一交易日是否收復,已有部位暫停加碼；若收盤跌破60日EMA約 214.91，且下一交易日仍未收復，先減碼三分之一；若ETF或外資繼續轉弱，再分批降低部位。,未觸發明確減碼訊號,55.9,61.7,78,85,100,可用,206.5,206,0.32,6.47,24.37,6.41,1081.33,6.34,16.73,1.87,3.15,1,0,0,60,90,90,0,-9.514,-9.514,-9.514,-9.514,0,0,0,0,0,0,0,-1.614,-1.614,9.53,,,,,-7.9,-7.9,-7.9,-7.9,53.7,73.24,71.58,76.57,false,false,1.7,1.98,"單日成交金額低於5,000萬元；外資持股尚未完成5／10日可比核對或期間有非市場異動；此項不給分，不解讀為轉弱"
398,2731,雄獅,TWSE,觀光餐旅,不建立部位,保護持有,protect,今天不新增部位；未完成確認前不機械式賣出,今天收盤後；若跌破，再看下一交易日是否收復,已有部位暫停加碼；若收盤跌破60日EMA約 145.55，且下一交易日仍未收復，先減碼三分之一；若ETF或外資繼續轉弱，再分批降低部位。,未觸發明確減碼訊號,56.4,61.6,53.3,85,100,完整,144.5,144.25,6.99,9.93,4.43,65.83,134.89,7.27,8.89,3.02,8.86,2,0,0,0,0,4,0,53.173,94.88900000000001,165.52300000000002,28.72200000000003,0,0,0,3.781000000000001,0,0,0,-1.529,5.879,8.09,64,-157,-186,,53.278,96.41799999999999,159.644,13.366000000000028,53.66,69.38,70.15,67.85,false,true,0.66,0.35,"單日成交金額低於5,000萬元"
399,6763,綠界科技*,TPEX,數位雲端,不建立部位,保護持有,protect,今天不新增部位；未完成確認前不機械式賣出,今天收盤後；若跌破，再看下一交易日是否收復,已有部位暫停加碼；若收盤跌破60日EMA約 42.29，且下一交易日仍未收復，先減碼三分之一；若ETF或外資繼續轉弱，再分批降低部位。,價格跌破60日EMA且20日趨勢向下,45.8,61.1,61.4,85,100,可用,41.1,41.18,14.91,13.08,24.38,59.22,138.01,1.08,9.95,2.54,7.3,1,0,0,0,0,85,0,-31.096,-31.096,-31.096,-31.096,0,0,0,0,0,0,0,-0.607,-0.607,2.8,,,,,-30.489,-30.489,-30.489,-30.489,44.97,23.16,34.71,0.05,false,false,-0.56,-0.72,"單日成交金額低於5,000萬元；中期趨勢仍向下；外資持股尚未完成5／10日可比核對或期間有非市場異動；此項不給分，不解讀為轉弱；20日趨勢尚未上彎；當下除權息調整價未守20日EMA"
400,3218,大學光,TPEX,生技醫療業,不建立部位,降低部位,trim,停止加碼；反彈未站回恢復區時分批減碼,每個交易日收盤後，確認是否站回恢復區,已有部位先停止加碼。反彈若仍未站回 135.89，分批降低部位；只有站回且ETF／外資賣壓收斂後才重新評估。,價格跌破60日EMA且20日趨勢向下；ETF 5/10日同步減碼,44.6,60.7,68.5,85,100,可用,133.5,133,9.38,5.96,30.76,39,136.31,5.99,9.88,2.92,5.81,1,-1,-2,-3,-6,-10,0,-123.33,-123.33,-123.33,-123.33,-1,-1,-1,-1,0,1,-133500,-0.33,-0.33,7.68,,,,,-122,-122,-122,-122,43.12,25.69,28.08,20.91,false,true,-0.96,-0.74,"單日成交金額低於5,000萬元；中期趨勢仍向下；ETF短中期同步減碼；ETF 1/3日已轉為減碼；外資持股尚未完成5／10日可比核對或期間有非市場異動；此項不給分，不解讀為轉弱；20日趨勢尚未上彎；當下除權息調整價未守20日EMA"
401,6585,鼎基,TWSE,其他,不建立部位,保護持有,protect,今天不新增部位；未完成確認前不機械式賣出,今天收盤後；若跌破，再看下一交易日是否收復,已有部位暫停加碼；若收盤跌破60日EMA約 110.77，且下一交易日仍未收復，先減碼三分之一；若ETF或外資繼續轉弱，再分批降低部位。,未觸發明確減碼訊號,52.3,60.7,67.6,85,100,完整,103.5,113.5,12.09,17.34,25.03,26.52,175.41,4.81,13.34,1.9,4.35,1,0,0,0,0,-1,0,-51.98,5.999000000000009,-38.82399999999999,-227.09400000000002,0,0,0,-1,0,0,0,-0.904,1.086,2.97,-52,-40,-88,,-51.87,6.903000000000006,-39.91,-206.62300000000005,39.33,35.74,40.57,26.08,false,false,-2.44,-1.9,"單日成交金額低於5,000萬元；中期趨勢仍向下；20日趨勢尚未上彎"
402,3679,新至陞,TWSE,電子零組件業,不建立部位,保護持有,protect,今天不新增部位；未完成確認前不機械式賣出,今天收盤後；若跌破，再看下一交易日是否收復,已有部位暫停加碼；若收盤跌破60日EMA約 109.55，且下一交易日仍未收復，先減碼三分之一；若ETF或外資繼續轉弱，再分批降低部位。,未觸發明確減碼訊號,53.4,60.5,69.6,85,100,完整,108.5,108.25,28.18,-2.82,17.76,48.94,241.4,4.18,9.18,1.41,8.29,1,0,0,1,18,30,0,-11,-9.754,37.011,75.03,0,1.246,18.011000000000003,29.473000000000003,3,0,135191,1,6,8.61,-11,-12,13,,-11,-12,13,40.557,50.62,34.42,41.67,19.92,false,false,0.18,-0.46,"單日成交金額低於5,000萬元；當下除權息調整價未守20日EMA"
403,2211,長榮鋼,TWSE,鋼鐵工業,不建立部位,降低部位,trim,停止加碼；反彈未站回恢復區時分批減碼,每個交易日收盤後，確認是否站回恢復區,已有部位先停止加碼。反彈若仍未站回 84.55，分批降低部位；只有站回且ETF／外資賣壓收斂後才重新評估。,價格跌破60日EMA且20日趨勢向下；外資持股5/10日下降且外資5日賣超,45.5,60.4,76.1,85,100,完整,79,79,11.85,7.22,20.01,25.6,197.65,3.26,10.7,1.19,8.23,4,-1,98,96,93,88,0,-285.398,-840.9620000000001,-2395.705,-2620.6939999999995,-1,100.775,97.55000000000001,25.71400000000001,2,3,7961225,9.917,34.039,3.33,-126,-619,-1790,,-285,-951.654,-2527.294,-2597.874,34.15,20,20.26,19.47,false,true,-2.13,-0.75,"單日成交金額低於5,000萬元；中期趨勢仍向下；外資持股5/10日下降，且外資5日賣超；20日趨勢尚未上彎；當下除權息調整價未守20日EMA"
404,6192,巨路,TWSE,其他電子業,不建立部位,降低部位,trim,停止加碼；反彈未站回恢復區時分批減碼,每個交易日收盤後，確認是否站回恢復區,已有部位先停止加碼。反彈若仍未站回 114.40，分批降低部位；只有站回且ETF／外資賣壓收斂後才重新評估。,價格跌破60日EMA且20日趨勢向下；外資持股5/10日下降且外資5日賣超,47.2,59.3,72.9,85,100,完整,110.5,110.25,12.99,12.56,17.09,39.96,228.04,5.3,10.69,1.41,5.25,1,0,0,0,0,0,0,-16.995,-193.54399999999998,-212.87399999999997,-536.682,0,0.008,0.008,0.008,1,0,884,4.9430000000000005,3.7430000000000003,23.29,-17,-292,-304,,-16.995,-198.495,-216.625,-542.9710000000001,42.51,43.83,36.17,59.14,true,false,-0.81,0,"單日成交金額低於5,000萬元；中期趨勢仍向下；外資持股5/10日下降，且外資5日賣超；20日趨勢尚未上彎；當下除權息調整價未守20日EMA"
405,4532,瑞智,TWSE,電機機械,不建立部位,保護持有,protect,今天不新增部位；未完成確認前不機械式賣出,今天收盤後；若跌破，再看下一交易日是否收復,已有部位暫停加碼；若收盤跌破60日EMA約 24.39，且下一交易日仍未收復，先減碼三分之一；若ETF或外資繼續轉弱，再分批降低部位。,外資持股5/10日下降且外資5日賣超,59.8,59.2,48.9,85,100,完整,24.55,24.5,21.41,4.72,5.71,63.36,131.61,1.01,12.99,1.12,6.11,2,-1,-4,0,186,292,0,-94.039,-301.25300000000004,188.88399999999993,1060.83,-1,0.572000000000001,185.999,292.37500000000006,2,3,14043,-0.45500000000000007,6.544,18.16,-87,-681,-411,,-93.539,-301.37,-3.658999999999992,717.4770000000001,52.26,31.32,49.76,-5.57,false,true,0.21,-2.58,"單日成交金額低於5,000萬元；ETF 1/3日已轉為減碼；外資持股5/10日下降，且外資5日賣超"
406,8462,柏文,TWSE,運動休閒,不建立部位,降低部位,trim,停止加碼；反彈未站回恢復區時分批減碼,每個交易日收盤後，確認是否站回恢復區,已有部位先停止加碼。反彈若仍未站回 161.28，分批降低部位；只有站回且ETF／外資賣壓收斂後才重新評估。,價格跌破60日EMA且20日趨勢向下；外資持股5/10日下降且外資5日賣超,49.1,58.8,46.7,85,100,完整,157.5,157.75,16.75,19.49,17.59,81.24,78.24,5.68,15.09,5.26,4.62,1,0,0,0,0,0,0,-7.656,-33.437,-78.707,-297.239,0,0,0,0,0,0,0,2.286,5.656000000000001,5.34,-8,-56,-126,,-7.76,-35.723,-84.363,-306.579,39.15,38.26,32.47,49.85,false,false,-2.08,-0.32,"單日成交金額低於5,000萬元；中期趨勢仍向下；外資持股5/10日下降，且外資5日賣超；20日趨勢尚未上彎；當下除權息調整價未守20日EMA"
407,1904,正隆,TWSE,造紙工業,不建立部位,保護持有,protect,今天不新增部位；未完成確認前不機械式賣出,今天收盤後；若跌破，再看下一交易日是否收復,已有部位暫停加碼；若收盤跌破60日EMA約 23.80，且下一交易日仍未收復，先減碼三分之一；若ETF或外資繼續轉弱，再分批降低部位。,外資持股5/10日下降且外資5日賣超,50.1,58.7,49.9,85,100,完整,24,23.9,23.12,9.49,6.98,58.93,121.21,1.45,11.06,0.87,1.88,1,0,0,0,0,0,0,-319.042,-2119.201,-916.4970000000001,-846.827,0,0,0,-309,0,0,0,38,78.47,11.95,-293,-3465,-2266,,-319.042,-2157.201,-994.9670000000001,-262.2010000000002,44.17,19.53,27.81,2.97,false,false,-2.14,-3.61,"單日成交金額低於5,000萬元；外資持股5/10日下降，且外資5日賣超；20日趨勢尚未上彎；當下除權息調整價未守20日EMA"
408,2243,宏旭-KY,TWSE,汽車工業,不建立部位,保護持有,protect,今天不新增部位；未完成確認前不機械式賣出,今天收盤後；若跌破，再看下一交易日是否收復,已有部位暫停加碼；若收盤跌破60日EMA約 46.08，且下一交易日仍未收復，先減碼三分之一；若ETF或外資繼續轉弱，再分批降低部位。,ETF 5/10日同步減碼,61.3,58.7,34.2,85,100,完整,54.5,53.8,106.44,34.09,2.46,69.45,133.26,0.33,51.9,3.94,,1,0,-1,-2,-2,-4,0,-1.95,105.01800000000003,-37.562999999999946,-367.1929999999999,0,-2,-2,-4,0,2,-109000,3,2.706,26.93,-4,97,-32,,-3.95,104.01800000000003,-38.26899999999998,-368.161,65.79,59.36,56.64,64.8,true,false,9.2,8.57,"單日成交金額低於5,000萬元；ETF短中期同步減碼"
409,8464,億豐,TWSE,居家生活,不建立部位,保護持有,protect,今天不新增部位；未完成確認前不機械式賣出,今天收盤後；若跌破，再看下一交易日是否收復,已有部位暫停加碼；若收盤跌破60日EMA約 367.57，且下一交易日仍未收復，先減碼三分之一；若ETF或外資繼續轉弱，再分批降低部位。,價格跌破60日EMA且20日趨勢向下,51.9,58.7,67.3,85,100,完整,362.5,362.5,17.76,5.52,27.66,25.49,384.65,10.37,15.84,3.69,4.41,11,5,6,53,-25,-133,0,24.519,2.942999999999998,285.61,833.558,5,83,22.247999999999998,-52.102999999999994,4,1,30087500,9.459,29.512,40.81,22,-206,128,,17.541,-89.516,233.84999999999997,839.377,42.56,11.44,20.51,-6.7,false,false,-1.88,-2.68,"單日成交金額低於5,000萬元；中期趨勢仍向下；20日趨勢尚未上彎；當下除權息調整價未守20日EMA"
410,5287,數字,TPEX,數位雲端,不建立部位,保護持有,protect,今天不新增部位；未完成確認前不機械式賣出,今天收盤後；若跌破，再看下一交易日是否收復,已有部位暫停加碼；若收盤跌破60日EMA約 137.33，且下一交易日仍未收復，先減碼三分之一；若ETF或外資繼續轉弱，再分批降低部位。,未觸發明確減碼訊號,53.6,58.5,67.3,85,100,可用,137.5,137,2.31,-1.31,38.3,39.46,155.27,7.68,9,2.98,8.11,1,0,1,2,24,38,0,-29.094,-29.094,-29.094,-29.094,0,0,0,0,0,0,0,0,0,15.93,,,,,-29.094,-29.094,-29.094,-29.094,53.38,64.36,62.23,68.63,true,true,0.36,0.36,"單日成交金額低於5,000萬元；累計營收負成長且當月改善不足；外資持股尚未完成5／10日可比核對或期間有非市場異動；此項不給分，不解讀為轉弱；當下除權息調整價未守20日EMA"
411,6605,帝寶,TWSE,汽車工業,不建立部位,保護持有,protect,今天不新增部位；未完成確認前不機械式賣出,今天收盤後；若跌破，再看下一交易日是否收復,已有部位暫停加碼；若收盤跌破60日EMA約 136.90，且下一交易日仍未收復，先減碼三分之一；若ETF或外資繼續轉弱，再分批降低部位。,價格跌破60日EMA且20日趨勢向下,45,58.3,68.5,85,100,完整,135.5,135.5,28.25,3.08,16.7,39.05,152.48,7.71,8.36,1.12,4.8,1,0,0,0,0,0,0,-116.938,-32.27299999999998,313.78200000000004,1392.419,0,0,0,-42,0,0,0,-2.646,3.646,15.13,-179,-181,25,,-118,-29.62700000000001,310.13599999999997,1461.781,43.64,33.94,48.72,4.38,true,true,-1.53,-2.17,"單日成交金額低於5,000萬元；中期趨勢仍向下；20日趨勢尚未上彎；當下除權息調整價未守20日EMA"
412,2850,新產,TWSE,金融保險業,不建立部位,保護持有,protect,今天不新增部位；未完成確認前不機械式賣出,今天收盤後；若跌破，再看下一交易日是否收復,已有部位暫停加碼；若收盤跌破60日EMA約 155.79，且下一交易日仍未收復，先減碼三分之一；若ETF或外資繼續轉弱，再分批降低部位。,ETF 5/10日同步減碼,53.5,58.2,60.1,85,100,完整,159.5,159.5,4.71,9.52,,63.76,,8.51,10.38,2.29,4.56,4,0,-224,-224,-223,-221,-224,69.192,-139.27200000000002,137.79199999999997,-382.74800000000005,0,-224,-223,-223,0,1,-35728000,18.869,48.32899999999999,10.91,73,158,411,,71.192,65.85899999999998,312.463,-213.42499999999998,51.33,48.93,54.07,38.67,false,true,0.29,1.27,"單日成交金額低於5,000萬元；ETF短中期同步減碼；主動ETF 5日轉為減碼；20日趨勢尚未上彎"
413,2425,承啟,TWSE,電腦及週邊設備業,不建立部位,保護持有,protect,今天不新增部位；未完成確認前不機械式賣出,今天收盤後；若跌破，再看下一交易日是否收復,已有部位暫停加碼；若收盤跌破60日EMA約 38.67，且下一交易日仍未收復，先減碼三分之一；若ETF或外資繼續轉弱，再分批降低部位。,ETF 5/10日同步減碼,49.9,58.1,52.5,85,100,完整,37.25,37.8,118.46,120.45,0.61,54.62,183.31,0.68,20.93,1.43,0.27,1,0,-1,-3,-3,-6,0,-76,103.285,160.019,1365.387,0,-2.99,-2.99,-5.99,1,2,-111378,1,-3.657,6.85,-69,50,100,,-76,105.275,166.666,1466.334,45.81,58.06,62.42,49.34,false,true,-0.86,0.81,"單日成交金額低於5,000萬元；ETF短中期同步減碼；單季稅前獲利對營業外貢獻依賴偏高"
414,9917,中保科,TWSE,其他,不建立部位,保護持有,protect,今天不新增部位；未完成確認前不機械式賣出,今天收盤後；若跌破，再看下一交易日是否收復,已有部位暫停加碼；若收盤跌破60日EMA約 105.58，且下一交易日仍未收復，先減碼三分之一；若ETF或外資繼續轉弱，再分批降低部位。,未觸發明確減碼訊號,60.4,58.1,44,85,100,可用,106.5,106.5,4.4,2.38,17.46,58.36,98.74,3.35,15.52,3.76,5.82,7,0,10,10,-78,-304,0,8.44,-78.689,-54.51299999999998,-307.76899999999995,0,11,-75,-259,2,0,1171500,16,28,39.26,23,-28,8936,,8.44,-105.689,-7.512999999999977,-84.76899999999996,54.35,29.68,30.54,27.96,false,false,0.45,0.47,"單日成交金額低於5,000萬元；外資持股尚未完成5／10日可比核對或期間有非市場異動；此項不給分，不解讀為轉弱"
415,9942,茂順,TWSE,其他,不建立部位,降低部位,trim,停止加碼；反彈未站回恢復區時分批減碼,每個交易日收盤後，確認是否站回恢復區,已有部位先停止加碼。反彈若仍未站回 115.49，分批降低部位；只有站回且ETF／外資賣壓收斂後才重新評估。,價格跌破60日EMA且20日趨勢向下；外資持股5/10日下降且外資5日賣超,45.7,58,70.1,85,100,完整,113,113.5,13.63,14.53,24.72,35.21,198.05,4.76,12.38,2.25,6.19,1,0,0,0,0,0,0,2.196,-24.764,-44.864999999999995,-76.303,0,0,0,0,0,0,0,0,2,4.48,2,-102,-127,,2.196,-24.764,-46.864999999999995,-88.303,40.34,38.44,47.43,20.48,true,true,-0.97,-0.88,"單日成交金額低於5,000萬元；中期趨勢仍向下；外資持股5/10日下降，且外資5日賣超；20日趨勢尚未上彎；當下除權息調整價未守20日EMA"
416,3209,全科,TWSE,電子通路業,不建立部位,保護持有,protect,今天不新增部位；未完成確認前不機械式賣出,今天收盤後；若跌破，再看下一交易日是否收復,已有部位暫停加碼；若收盤跌破60日EMA約 49.28，且下一交易日仍未收復，先減碼三分之一；若ETF或外資繼續轉弱，再分批降低部位。,價格跌破60日EMA且20日趨勢向下,48.3,57.9,53.5,85,100,可用,46.1,46.5,27.44,42.65,2.95,74.58,145.9,3.28,7.7,1.92,5.42,1,0,0,0,0,0,0,-331.879,-1046.8809999999999,-1165.2759999999998,-3110.286,0,0.032,0.032,0.032,1,0,1475,4.57,9.631,11.75,-259,-1563,5,,-317,-1051.483,-1174.939,-2990.5430000000006,45.07,63.9,59.51,72.68,true,true,-0.12,0.66,"單日成交金額低於5,000萬元；中期趨勢仍向下；外資持股尚未完成5／10日可比核對或期間有非市場異動；此項不給分，不解讀為轉弱；20日趨勢尚未上彎"
417,1808,潤隆,TWSE,建材營造,不建立部位,降低部位,trim,停止加碼；反彈未站回恢復區時分批減碼,每個交易日收盤後，確認是否站回恢復區,已有部位先停止加碼。反彈若仍未站回 33.09，分批降低部位；只有站回且ETF／外資賣壓收斂後才重新評估。,價格跌破60日EMA且20日趨勢向下；ETF 5/10日同步減碼,41.2,57.7,56.7,85,100,完整,31.35,31.3,33032.93,13849.62,22.07,73.55,166.02,2.52,7.41,2.03,4.78,1,0,-1033,-1033,-1033,-1065,-1033,-228.71,-1053.8410000000001,336.6840000000002,-3316.4399999999996,0,-1033,-1362,-383,0,1,-32384550,-42,-422,4.1,-194,-368,-2118,,-208.71,21.158999999999992,2120.684,-2670.4399999999996,37.36,8.03,14.11,-4.14,false,false,-5.25,-1.72,"單日成交金額低於5,000萬元；中期趨勢仍向下；ETF短中期同步減碼；主動ETF 5日轉為減碼；20日趨勢尚未上彎；當下除權息調整價未守20日EMA"
418,2455,全新,TWSE,通信網路業,不建立部位,優先降低風險,risk,依風險與流動性分批降低部位,風險解除且基本面與趨勢重新確認後,已有部位應優先降低曝險；目前觸發「ETF 5/10日同步減碼」。待事件解除或基本面重新確認後再評估。,ETF 5/10日同步減碼；投信5/10日持續且具金額意義地賣超；處置或交易限制事件,57.6,57.7,54.1,85,100,可用,606,635,71.16,35.87,23.4,35.4,220.15,2.2,148.53,30.68,0.43,16,-45,-831,-831,-843,-2198,-831,370.234,1165.496,-525.3120000000004,3542.006,-45,-2056,-755,-1221.49,1,3,-1245936000,1303.6580000000001,2727.6820000000002,31.85,70,1954,-2300,,99.35,1917.838,-2497.9939999999997,1555.0910000000001,70.26,74.77,64.32,95.66,true,false,12.87,9.39,處置或交易限制風險；ETF短中期同步減碼；ETF 1/3日已轉為減碼；主動ETF 5日轉為減碼；投信5/10日持續且具金額意義的賣超；短線過熱或乖離過大
419,1720,生達,TWSE,生技醫療業,不建立部位,降低部位,trim,停止加碼；反彈未站回恢復區時分批減碼,每個交易日收盤後，確認是否站回恢復區,已有部位先停止加碼。反彈若仍未站回 56.48，分批降低部位；只有站回且ETF／外資賣壓收斂後才重新評估。,價格跌破60日EMA且20日趨勢向下；外資持股5/10日下降且外資5日賣超,44.4,57.6,73.4,85,100,完整,55.8,55.95,7.78,2.98,21.32,24.3,218.16,2.49,9.7,1.61,5.38,1,0,0,0,0,0,0,-193.074,-326.70200000000006,-416.91200000000003,-611.381,0,0,0,0,0,0,0,1.55,15.785,4.66,-173,-382,-487,,-193.174,-328.252,-432.697,-658.0459999999999,41.59,41.9,49.68,26.35,false,true,-0.58,-0.71,"單日成交金額低於5,000萬元；中期趨勢仍向下；外資持股5/10日下降，且外資5日賣超；20日趨勢尚未上彎；當下除權息調整價未守20日EMA"
420,6146,耕興,TPEX,其他電子業,不建立部位,降低部位,trim,停止加碼；反彈未站回恢復區時分批減碼,每個交易日收盤後，確認是否站回恢復區,已有部位先停止加碼。反彈若仍未站回 187.93，分批降低部位；只有站回且ETF／外資賣壓收斂後才重新評估。,價格跌破60日EMA且20日趨勢向下；ETF 5/10日同步減碼,47.7,57.6,73.5,85,100,可用,181,182.5,10.46,9.51,30.97,34.5,233.06,6.04,15.86,3.45,6.63,3,0,-1,-2,-2,-2,0,-70.302,-70.302,-70.302,-70.302,0,0,0,0,0,0,0,0.698,0.698,30.95,,,,,-71,-71,-71,-71,44.66,71.36,73.37,67.35,false,true,-0.55,0,"單日成交金額低於5,000萬元；中期趨勢仍向下；ETF短中期同步減碼；外資持股尚未完成5／10日可比核對或期間有非市場異動；此項不給分，不解讀為轉弱；20日趨勢尚未上彎"
421,6561,是方,TPEX,通信網路業,不建立部位,保護持有,protect,今天不新增部位；未完成確認前不機械式賣出,今天收盤後；若跌破，再看下一交易日是否收復,已有部位暫停加碼；若收盤跌破60日EMA約 321.54，且下一交易日仍未收復，先減碼三分之一；若ETF或外資繼續轉弱，再分批降低部位。,價格跌破60日EMA且20日趨勢向下,50.6,57.5,56.1,85,100,可用,314,314.75,16.38,1.88,37.23,53.51,68.34,7.57,20.91,7.41,4.55,2,0,0,0,0,14,0,-20.028,-20.028,-20.028,-20.028,0,0,0,0,0,0,0,6.972,6.972,7.31,,,,,-27,-27,-27,-27,47.62,56.97,43.88,83.15,true,false,0.01,1.95,"單日成交金額低於5,000萬元；中期趨勢仍向下；外資持股尚未完成5／10日可比核對或期間有非市場異動；此項不給分，不解讀為轉弱；20日趨勢尚未上彎"
422,5236,凌陽創新,TWSE,半導體業,不建立部位,降低部位,trim,停止加碼；反彈未站回恢復區時分批減碼,每個交易日收盤後，確認是否站回恢復區,已有部位先停止加碼。反彈若仍未站回 140.77，分批降低部位；只有站回且ETF／外資賣壓收斂後才重新評估。,價格跌破60日EMA且20日趨勢向下；外資持股5/10日下降且外資5日賣超,48.1,57.4,71.6,85,100,完整,134,132,13.22,14.58,33.2,30.49,329.86,5.86,13.05,3.25,6.72,1,0,0,40,60,60,0,-41.555,-3.8220000000000036,-10.924000000000003,-51.204,0,40.007000000000005,60.007000000000005,60.007000000000005,2,0,5360938,7.077999999999999,8.078,5.93,-38,-82,-84,,-39,-50.90699999999999,-79.009,-116.98499999999996,44.08,50.99,64.93,23.1,false,true,-1.03,-1.11,"單日成交金額低於5,000萬元；中期趨勢仍向下；外資持股5/10日下降，且外資5日賣超；20日趨勢尚未上彎；當下除權息調整價未守20日EMA"
423,6703,軒郁,TPEX,生技醫療業,不建立部位,保護持有,protect,今天不新增部位；未完成確認前不機械式賣出,今天收盤後；若跌破，再看下一交易日是否收復,已有部位暫停加碼；若收盤跌破60日EMA約 102.39，且下一交易日仍未收復，先減碼三分之一；若ETF或外資繼續轉弱，再分批降低部位。,價格跌破60日EMA且20日趨勢向下,48.1,57.2,62.7,85,100,可用,100.5,100.5,1.83,13.89,10.87,44.41,224.81,4.13,9.79,2.56,1,1,0,0,1,18,38,0,5,5,5,5,0,0,0,0,0,0,0,0,0,13.99,,,,,5,5,5,5,42.03,43.63,43.19,44.51,true,false,-0.53,0,"單日成交金額低於5,000萬元；中期趨勢仍向下；外資持股尚未完成5／10日可比核對或期間有非市場異動；此項不給分，不解讀為轉弱；20日趨勢尚未上彎；當下除權息調整價未守20日EMA"
424,5269,祥碩,TWSE,半導體業,不建立部位,優先降低風險,risk,依風險與流動性分批降低部位,風險解除且基本面與趨勢重新確認後,已有部位應優先降低曝險；目前觸發「單月與累計營收同步明顯衰退」。待事件解除或基本面重新確認後再評估。,單月與累計營收同步明顯衰退,61.1,57.1,61.4,85,100,可用,1475,1485,-32.51,-6.92,23.41,17.16,178.89,52.07,15.73,3.05,3.08,15,23,31,30,36,185,0,114.813,2.2970000000000113,372.58,884.667,23,30,36.622,186.587,2,1,44250000,8.748999999999999,-11.025000000000006,10.32,120,-153,198,,99.594,-36.45200000000001,346.98299999999995,735.079,55.52,44.63,58.25,17.4,false,false,1.57,-0.34,營收動能同步衰退；累計營收負成長且當月改善不足；單季稅前獲利對營業外貢獻依賴偏高
425,6183,關貿,TWSE,資訊服務業,不建立部位,保護持有,protect,今天不新增部位；未完成確認前不機械式賣出,今天收盤後；若跌破，再看下一交易日是否收復,已有部位暫停加碼；若收盤跌破60日EMA約 91.73，且下一交易日仍未收復，先減碼三分之一；若ETF或外資繼續轉弱，再分批降低部位。,未觸發明確減碼訊號,48.3,56.9,60.2,85,100,完整,91.4,90.1,5.57,13.35,29.53,49.64,147.35,2.41,20.31,5.1,3.88,1,0,0,0,0,0,0,2,0,2,18.338,0,0,0,0,0,0,0,-2,1,1.13,2,2,1,,2,2,1,10.338000000000001,47.9,62.19,58.12,70.31,false,false,-0.23,0.11,"單日成交金額低於5,000萬元；當下除權息調整價未守20日EMA"
426,1232,大統益,TWSE,食品工業,不建立部位,保護持有,protect,今天不新增部位；未完成確認前不機械式賣出,今天收盤後；若跌破，再看下一交易日是否收復,已有部位暫停加碼；若收盤跌破60日EMA約 153.95，且下一交易日仍未收復，先減碼三分之一；若ETF或外資繼續轉弱，再分批降低部位。,外資持股5/10日下降且外資5日賣超,51.2,56.8,51.5,85,100,完整,153.5,154,34.56,16.57,8.36,46.42,205.52,4.71,17,4.45,4.69,1,0,0,0,0,0,0,-16.992,-102.16,-42.794,-33.02600000000001,0,0,0,-28,0,0,0,-0.899,8.100999999999999,2.71,-17,-210,-190,,-16.992,-101.261,-50.894999999999996,-18.12700000000001,43.14,17.2,19.8,12,false,false,-0.66,-0.65,"單日成交金額低於5,000萬元；中期趨勢仍向下；外資持股5/10日下降，且外資5日賣超；20日趨勢尚未上彎；當下除權息調整價未守20日EMA"
427,4953,緯致,TPEX,資訊服務業,不建立部位,保護持有,protect,今天不新增部位；未完成確認前不機械式賣出,今天收盤後；若跌破，再看下一交易日是否收復,已有部位暫停加碼；若收盤跌破60日EMA約 121.40，且下一交易日仍未收復，先減碼三分之一；若ETF或外資繼續轉弱，再分批降低部位。,未觸發明確減碼訊號,47.9,56.7,66.5,85,100,可用,116.5,127.5,26.64,30.66,6.01,39.51,231.31,4.88,11.71,2.02,4.41,2,0,0,0,0,36,0,-74.538,-74.538,-74.538,-74.538,0,0,0,0,0,0,0,-1.563,-1.563,12.62,,,,,-72.975,-72.975,-72.975,-72.975,40,13.36,17.01,6.05,false,false,-1.97,-0.85,"單日成交金額低於5,000萬元；中期趨勢仍向下；外資持股尚未完成5／10日可比核對或期間有非市場異動；此項不給分，不解讀為轉弱；20日趨勢尚未上彎"
428,6277,宏正,TWSE,電腦及週邊設備業,不建立部位,保護持有,protect,今天不新增部位；未完成確認前不機械式賣出,今天收盤後；若跌破，再看下一交易日是否收復,已有部位暫停加碼；若收盤跌破60日EMA約 77.60，且下一交易日仍未收復，先減碼三分之一；若ETF或外資繼續轉弱，再分批降低部位。,價格跌破60日EMA且20日趨勢向下,46.3,56.6,70,85,100,完整,77.1,77.4,17.1,15.48,15.5,33.78,205.16,2.5,18.62,1.92,4.54,1,0,0,0,0,0,0,27.096,43.751000000000005,75.71700000000001,7.014000000000008,0,0,0,0,0,0,0,6.821,12.821,12.37,30,-202,-279,,27.096,36.92999999999999,62.895999999999994,54.568,45.45,31.18,37.69,18.15,false,false,-0.98,-0.9,"單日成交金額低於5,000萬元；中期趨勢仍向下；20日趨勢尚未上彎；當下除權息調整價未守20日EMA"
429,2477,美隆電,TWSE,其他電子業,不建立部位,保護持有,protect,今天不新增部位；未完成確認前不機械式賣出,今天收盤後；若跌破，再看下一交易日是否收復,已有部位暫停加碼；若收盤跌破60日EMA約 21.98，且下一交易日仍未收復，先減碼三分之一；若ETF或外資繼續轉弱，再分批降低部位。,未觸發明確減碼訊號,56.7,56.3,54,85,100,完整,22.65,22.45,27.95,3.73,0.92,49.41,199.41,0.17,25.74,0.88,6.18,1,0,1,5,65,103,0,2.8,-18.104999999999997,401.04100000000005,457.107,0,4.471,64.517,102.567,2,0,101268,1,11,23.4,36,-34,12,,2.8,-23.576,325.524,337.953,57.33,54.42,67.74,27.78,false,true,0.86,-1.74,"單日成交金額低於5,000萬元；當下除權息調整價未守20日EMA；單季稅前獲利對營業外貢獻依賴偏高"
430,9911,櫻花,TWSE,居家生活,不建立部位,降低部位,trim,停止加碼；反彈未站回恢復區時分批減碼,每個交易日收盤後，確認是否站回恢復區,已有部位先停止加碼。反彈若仍未站回 82.22，分批降低部位；只有站回且ETF／外資賣壓收斂後才重新評估。,價格跌破60日EMA且20日趨勢向下；外資持股5/10日下降且外資5日賣超,47.4,56.3,63.1,85,100,完整,81.3,81.3,6.79,6.77,15.65,37.15,166.9,3.26,12.6,2.74,6.15,2,0,0,0,1,1,0,-31,-135.28799999999998,-289.288,-1225.778,0,0,3,14,0,0,0,-5,8,18.12,-23,-83,-200,,-31,-130.28799999999998,-300.288,-1251.778,40.53,23.96,27.19,17.51,false,false,-0.44,-0.12,"單日成交金額低於5,000萬元；中期趨勢仍向下；外資持股5/10日下降，且外資5日賣超；20日趨勢尚未上彎；當下除權息調整價未守20日EMA"
431,5515,建國,TWSE,建材營造,不建立部位,保護持有,protect,今天不新增部位；未完成確認前不機械式賣出,今天收盤後；若跌破，再看下一交易日是否收復,已有部位暫停加碼；若收盤跌破60日EMA約 48.59，且下一交易日仍未收復，先減碼三分之一；若ETF或外資繼續轉弱，再分批降低部位。,外資持股5/10日下降且外資5日賣超,56.5,56.1,57.4,85,100,完整,51.2,51.5,-4.38,23.08,12.56,54.43,163.72,6.08,5.19,1.77,6.45,2,0,0,0,0,0,0,19,-141.031,8.035000000000004,-989.5820000000001,0,0,0,0,0,0,0,19.958,-19.524,12.93,21,-356,-135,,21.01,-160.989,27.55900000000002,-910.2,53.08,59.29,62.36,53.14,false,true,0.4,-2.85,"單日成交金額低於5,000萬元；外資持股5/10日下降，且外資5日賣超；20日趨勢尚未上彎；單季稅前獲利對營業外貢獻依賴偏高"
432,2832,台產,TWSE,金融保險業,不建立部位,降低部位,trim,停止加碼；反彈未站回恢復區時分批減碼,每個交易日收盤後，確認是否站回恢復區,已有部位先停止加碼。反彈若仍未站回 57.59，分批降低部位；只有站回且ETF／外資賣壓收斂後才重新評估。,價格跌破60日EMA且20日趨勢向下；外資持股5/10日下降且外資5日賣超,45.1,55.8,68.4,85,100,完整,56.3,56.4,11.73,6.47,,53.86,,3.33,9.37,1.18,6.22,1,0,1,6,83,130,0,-76.928,-272.376,-413.943,0.22099999999999476,0,5.721,83.02199999999999,130.126,2,0,322092,-7.868,0.5760000000000005,4.39,-53,-236,-460,,-76.917,-270.229,-497.541,-142.60199999999995,36.47,11.73,24.83,-14.45,false,false,-2.25,-2.09,"單日成交金額低於5,000萬元；中期趨勢仍向下；外資持股5/10日下降，且外資5日賣超；20日趨勢尚未上彎；當下除權息調整價未守20日EMA"
433,1615,大山,TWSE,電器電纜,不建立部位,降低部位,trim,停止加碼；反彈未站回恢復區時分批減碼,每個交易日收盤後，確認是否站回恢復區,已有部位先停止加碼。反彈若仍未站回 43.55，分批降低部位；只有站回且ETF／外資賣壓收斂後才重新評估。,價格跌破60日EMA且20日趨勢向下；外資持股5/10日下降且外資5日賣超,41.1,55.5,74.6,85,100,完整,42.25,42.63,20.26,5.24,18.84,29.01,226.5,2.53,8.17,1.77,6.15,1,0,0,0,0,0,0,-9,-68.82,-3.7839999999999936,-2.489999999999993,0,0,0,0,0,0,0,-8,17,0.9,-3,-187,-190,,-9,-60.82,-20.784,-29.489999999999995,34.91,14.88,19.81,5.02,false,true,-1.88,-1.05,"單日成交金額低於5,000萬元；中期趨勢仍向下；外資持股5/10日下降，且外資5日賣超；20日趨勢尚未上彎；當下除權息調整價未守20日EMA"
434,1723,中碳,TWSE,化學工業,不建立部位,降低部位,trim,停止加碼；反彈未站回恢復區時分批減碼,每個交易日收盤後，確認是否站回恢復區,已有部位先停止加碼。反彈若仍未站回 83.34，分批降低部位；只有站回且ETF／外資賣壓收斂後才重新評估。,價格跌破60日EMA且20日趨勢向下；ETF 5/10日同步減碼；外資持股5/10日下降且外資5日賣超,43.6,55.3,58.9,85,100,完整,80.1,80.1,46.94,15.22,14.62,32.06,176.63,2.07,25.76,2.32,2.31,1,-57,-110,-113,-113,-26,0,-40.035,-586.843,-1145.292,-3685.58,-57,-113,-113,-26,0,3,-9051300,-38.642,-15.811000000000003,8.78,22,-388,-651,,17,-435.201,-1016.481,-3503.5570000000002,38.13,21.69,19.25,26.58,true,true,-1.8,-0.5,"單日成交金額低於5,000萬元；中期趨勢仍向下；ETF短中期同步減碼；ETF 1/3日已轉為減碼；外資持股5/10日下降，且外資5日賣超；20日趨勢尚未上彎；當下除權息調整價未守20日EMA"
435,3374,精材,TPEX,半導體業,不建立部位,優先降低風險,risk,依風險與流動性分批降低部位,風險解除且基本面與趨勢重新確認後,已有部位應優先降低曝險；目前觸發「ETF 5/10日同步減碼」。待事件解除或基本面重新確認後再評估。,價格強勢站上20／60日EMA；ETF偏弱，先觀察,52.8,55.2,42.1,85,100,可用,498.5,519,36.74,33.24,22.9,46.4,178.27,2.88,78.26,13.72,0.5,4,0,0,-3,-2,-92,0,885.876,885.876,885.876,885.876,0,0,0,0,0,0,0,684.635,684.635,19.97,,,,,201.241,201.241,201.241,201.241,66.06,71.71,63.05,89.04,false,false,11.88,11.02,處置或交易限制風險；ETF短中期同步減碼；外資持股尚未完成5／10日可比核對或期間有非市場異動；此項不給分，不解讀為轉弱；短線過熱或乖離過大；高波動且5日漲幅過大
436,9802,鈺齊-KY,TWSE,運動休閒,不建立部位,降低部位,trim,停止加碼；反彈未站回恢復區時分批減碼,每個交易日收盤後，確認是否站回恢復區,已有部位先停止加碼。反彈若仍未站回 69.44，分批降低部位；只有站回且ETF／外資賣壓收斂後才重新評估。,價格跌破60日EMA且20日趨勢向下；ETF 5/10日同步減碼；投信5/10日持續且具金額意義地賣超,41.6,55.2,58.7,85,100,完整,64.2,64.3,35.31,8.32,5.03,39.53,126.09,1.78,12.66,0.95,7.94,1,0,-410,-470,-900,-447,-470,1.129,-20.847999999999985,-468.78,-2261.666,0,-470,-900,-514,0,3,-30174000,4.941000000000001,-189.618,41.78,-21,35,61,,-3.871,444.211,620.838,-1557.9950000000001,35.29,53.25,48.05,63.64,false,false,-2.56,0.78,"單日成交金額低於5,000萬元；中期趨勢仍向下；ETF短中期同步減碼；主動ETF 5日轉為減碼；投信5/10日持續且具金額意義的賣超；20日趨勢尚未上彎；當下除權息調整價未守20日EMA"
437,6189,豐藝,TWSE,電子通路業,不建立部位,保護持有,protect,今天不新增部位；未完成確認前不機械式賣出,今天收盤後；若跌破，再看下一交易日是否收復,已有部位暫停加碼；若收盤跌破60日EMA約 48.66，且下一交易日仍未收復，先減碼三分之一；若ETF或外資繼續轉弱，再分批降低部位。,ETF 5/10日同步減碼；KD高檔死亡交叉（僅屬時機警示）,54.4,55.1,50.1,85,100,完整,49.4,49.4,11.83,0.18,4.79,62.16,154.02,2.01,12.2,2.15,5.47,2,-1,-4,-8,-15,-27,0,135.298,1063.902,2035.023,2179.736999999999,-1,-4.870000000000001,-11.740000000000002,-24.007,1,3,-240578,5.925999999999998,0.5699999999999985,8.9,97,347,1337,,136.158,1062.846,2046.1929999999998,2211.541,56.98,78.53,83.45,68.68,false,true,1.38,0.41,"單日成交金額低於5,000萬元；ETF短中期同步減碼；ETF 1/3日已轉為減碼；KD高檔死亡交叉，等待動能確認"
438,4979,華星光,TPEX,通信網路業,不建立部位,優先降低風險,risk,依風險與流動性分批降低部位,風險解除且基本面與趨勢重新確認後,已有部位應優先降低曝險；目前觸發「ETF 5/10日同步減碼」。待事件解除或基本面重新確認後再評估。,ETF 5/10日同步減碼；處置或交易限制事件,52,55,57.1,85,100,可用,598,611,37.45,20.32,19.62,28.96,353.35,2.91,97.87,19.18,0.36,3,0,-1,-1,-1750,-4054,0,-103.655,-103.655,-103.655,-103.655,-213,-213,-213,-213,0,1,-127374000,20.413,20.413,18.43,,,,,88.932,88.932,88.932,88.932,55.08,42.47,43.04,41.32,false,false,3.92,6.22,處置或交易限制風險；ETF短中期同步減碼；外資持股尚未完成5／10日可比核對或期間有非市場異動；此項不給分，不解讀為轉弱；20日趨勢尚未上彎
439,9935,慶豐富,TWSE,居家生活,不建立部位,降低部位,trim,停止加碼；反彈未站回恢復區時分批減碼,每個交易日收盤後，確認是否站回恢復區,已有部位先停止加碼。反彈若仍未站回 19.04，分批降低部位；只有站回且ETF／外資賣壓收斂後才重新評估。,價格跌破60日EMA且20日趨勢向下；外資持股5/10日下降且外資5日賣超,47.4,54.8,55.5,85,100,完整,18.3,18.35,-4.68,6.4,11.62,70.48,125.46,1.12,7.41,1.2,6.56,1,0,1,6,79,125,0,7,-56.155,-227.434,-1278.5410000000002,0,5.468,79.341,124.5,2,0,100064,0,5,6.03,22,-43,-280,,7,-61.62299999999999,-311.775,-1378.0410000000002,38.54,58.62,56.95,61.97,false,false,-1.45,0.27,"單日成交金額低於5,000萬元；中期趨勢仍向下；外資持股5/10日下降，且外資5日賣超；20日趨勢尚未上彎；當下除權息調整價未守20日EMA"
440,2415,錩新,TWSE,電子零組件業,不建立部位,保護持有,protect,今天不新增部位；未完成確認前不機械式賣出,今天收盤後；若跌破，再看下一交易日是否收復,已有部位暫停加碼；若收盤跌破60日EMA約 27.83，且下一交易日仍未收復，先減碼三分之一；若ETF或外資繼續轉弱，再分批降低部位。,ETF 5/10日同步減碼,53.5,54.7,46.4,85,100,完整,27.9,28.08,-0.6,8.38,6.5,71.54,127.59,0.47,17.77,1.45,5.7,1,0,-2,-4,-4,-8,0,41.238,113.576,54.20499999999999,21.626999999999978,0,-3.995,-3.995,-7.995,1,2,-111460,0.015000000000000013,2.644,20.78,-18,98,130,,42.223,117.556,55.556,26.88799999999997,54.6,70.71,55.98,100.17,false,false,1.69,3.33,"單日成交金額低於5,000萬元；ETF短中期同步減碼；20日趨勢尚未上彎"
441,2707,晶華,TWSE,觀光餐旅,不建立部位,降低部位,trim,停止加碼；反彈未站回恢復區時分批減碼,每個交易日收盤後，確認是否站回恢復區,已有部位先停止加碼。反彈若仍未站回 178.01，分批降低部位；只有站回且ETF／外資賣壓收斂後才重新評估。,價格跌破60日EMA且20日趨勢向下；外資持股5/10日下降且外資5日賣超,42,54.5,58.1,85,100,完整,174.5,174.5,7.58,5.56,27.28,57.65,154.04,8.62,12.08,5.72,6.16,1,0,0,0,0,0,0,-29,-163.575,-144.922,-376.765,0,0,0,-26,0,0,0,0.08200000000000007,6.454,6.77,-28,-164,-138,,-29,-163.65699999999998,-151.37599999999998,-359.938,34.14,11.28,21.07,-8.31,false,false,-1.3,-1.13,"單日成交金額低於5,000萬元；中期趨勢仍向下；外資持股5/10日下降，且外資5日賣超；20日趨勢尚未上彎；當下除權息調整價未守20日EMA"
442,5522,遠雄,TWSE,建材營造,不建立部位,降低部位,trim,停止加碼；反彈未站回恢復區時分批減碼,每個交易日收盤後，確認是否站回恢復區,已有部位先停止加碼。反彈若仍未站回 63.71，分批降低部位；只有站回且ETF／外資賣壓收斂後才重新評估。,價格跌破60日EMA且20日趨勢向下；外資持股5/10日下降且外資5日賣超,43.5,54.4,69.4,85,100,完整,60.1,60.1,-46.74,85.24,23.71,56.27,172.19,1.99,5.99,0.99,9.15,4,0,2,6,-19,-500,0,-339,-726.9230000000001,-1796.8840000000002,-4213.124,0,9.829,-11.378,-409.28800000000007,2,1,590723,49,188,4.07,-99,-1210,-2419,,-336,-785.7520000000002,-1973.5060000000003,-4109.836,37.22,16.62,24.68,0.48,false,false,-2.23,-0.99,"單日成交金額低於5,000萬元；中期趨勢仍向下；外資持股5/10日下降，且外資5日賣超；20日趨勢尚未上彎；當下除權息調整價未守20日EMA"
443,3443,創意,TWSE,半導體業,不建立部位,優先降低風險,risk,依風險與流動性分批降低部位,風險解除且基本面與趨勢重新確認後,已有部位應優先降低曝險；目前觸發「ETF 5/10日同步減碼」。待事件解除或基本面重新確認後再評估。,ETF 5/10日同步減碼；投信5/10日持續且具金額意義地賣超；處置或交易限制事件,54.1,54.2,33.5,85,100,可用,8600,9000,111.02,103.84,13.81,63.98,144.84,23.89,220.46,85.59,0.23,43,2,-40,-92,-270,-289,-99,41.568,-110.286,50.38100000000003,178.78900000000002,-12.329,-498.383,-745.841,326.8910000000001,0,5,-4286093800,107.35499999999999,269.858,27.34,28,199,377,,31.122,280.742,526.364,-130.81799999999998,73.1,82.54,81.75,84.12,true,false,17.93,0.88,處置或交易限制風險；ETF短中期同步減碼；主動ETF 5日轉為減碼；投信5/10日持續且具金額意義的賣超；短線過熱或乖離過大
444,2010,春源,TWSE,鋼鐵工業,不建立部位,保護持有,protect,今天不新增部位；未完成確認前不機械式賣出,今天收盤後；若跌破，再看下一交易日是否收復,已有部位暫停加碼；若收盤跌破60日EMA約 22.40，且下一交易日仍未收復，先減碼三分之一；若ETF或外資繼續轉弱，再分批降低部位。,未觸發明確減碼訊號,51,54,55.3,85,100,完整,22.35,22.4,-6.24,4.31,7.89,45.34,176.99,1.35,8.9,1.15,8.95,1,0,0,0,0,0,0,-416,-102.67199999999988,758.0930000000002,-471.3769999999998,0,0,0,0,0,0,0,18.709,-1.6709999999999958,8.65,-411,-764,32,,-416,-121.38099999999994,759.7640000000001,-553.9649999999999,50.95,58.99,62.09,52.79,false,true,0.21,0,"單日成交金額低於5,000萬元；中期趨勢仍向下；20日趨勢尚未上彎"
445,1342,八貫,TWSE,其他,不建立部位,降低部位,trim,停止加碼；反彈未站回恢復區時分批減碼,每個交易日收盤後，確認是否站回恢復區,已有部位先停止加碼。反彈若仍未站回 102.52，分批降低部位；只有站回且ETF／外資賣壓收斂後才重新評估。,價格跌破60日EMA且20日趨勢向下；ETF 5/10日同步減碼；外資持股5/10日下降且外資5日賣超,44.4,53.7,59.6,85,100,完整,99.8,99.8,62.83,37.04,18.32,41.09,208.83,4.1,14.12,3.46,6.01,1,0,0,-1,-1,-3,0,7.69,-53.791999999999994,24.157000000000007,-201.405,0,-1,-1,-3,0,1,-99800,1.267,3.708,31.43,8,-158,-217,,7.69,-54.05899999999999,21.44900000000001,-183.98,41.15,22.24,34,-1.28,false,false,-1.1,-1.19,"單日成交金額低於5,000萬元；中期趨勢仍向下；ETF短中期同步減碼；外資持股5/10日下降，且外資5日賣超；20日趨勢尚未上彎；當下除權息調整價未守20日EMA"
446,2497,怡利電,TWSE,汽車工業,不建立部位,降低部位,trim,停止加碼；反彈未站回恢復區時分批減碼,每個交易日收盤後，確認是否站回恢復區,已有部位先停止加碼。反彈若仍未站回 47.26，分批降低部位；只有站回且ETF／外資賣壓收斂後才重新評估。,價格跌破60日EMA且20日趨勢向下；外資持股5/10日下降且外資5日賣超,46.9,53.7,51.1,85,100,完整,44.05,43.9,17.29,19.77,8.69,55.57,125.63,1.59,13.81,1.97,4.54,1,0,0,0,5,95,0,24.211,-22.770000000000014,-233.14600000000002,-565.297,0,0,5,95,0,0,0,-5.727,-4.029999999999999,2.59,27,-171,-272,,25,-17.043000000000003,-234.11599999999999,-643.49,45.27,53.93,55.25,51.3,false,true,-0.21,0.57,"單日成交金額低於5,000萬元；中期趨勢仍向下；外資持股5/10日下降，且外資5日賣超；20日趨勢尚未上彎；當下除權息調整價未守20日EMA"
447,4536,拓凱,TWSE,運動休閒,不建立部位,保護持有,protect,今天不新增部位；未完成確認前不機械式賣出,今天收盤後；若跌破，再看下一交易日是否收復,已有部位暫停加碼；若收盤跌破60日EMA約 164.58，且下一交易日仍未收復，先減碼三分之一；若ETF或外資繼續轉弱，再分批降低部位。,價格跌破60日EMA且20日趨勢向下,45.9,53.6,64.6,85,100,完整,160.5,160.25,7.74,2.9,16.23,34.22,265.4,6.55,12.11,1.54,4.98,2,0,0,0,0,0,0,-29.606,-9.392000000000003,444.882,441.11600000000004,0,0,0,0,0,0,0,0.44799999999999984,0.45799999999999974,15.15,-22,-70,416,,-29.263,-9.839999999999996,444.42400000000004,447.1310000000001,39.21,22.19,35.55,-4.52,false,false,-1.81,-2.73,"單日成交金額低於5,000萬元；中期趨勢仍向下；20日趨勢尚未上彎；當下除權息調整價未守20日EMA"
448,7722,LINEPAY,TWSE,數位雲端,不建立部位,降低部位,trim,停止加碼；反彈未站回恢復區時分批減碼,每個交易日收盤後，確認是否站回恢復區,已有部位先停止加碼。反彈若仍未站回 274.63，分批降低部位；只有站回且ETF／外資賣壓收斂後才重新評估。,價格跌破60日EMA且20日趨勢向下；ETF 5/10日同步減碼；外資持股5/10日下降且外資5日賣超,46.4,53.5,53.9,85,100,完整,262,265,8.66,13.82,6.41,56.57,181.62,4.35,31.19,1.62,0.76,1,0,-1,-1,-1,-2,0,4.377,-23.334,-50.793000000000006,-71.71200000000002,0,-1,-1,4,0,1,-262000,-2,0,58.74,4,-9,-27,,1.377,-20.334,-49.793000000000006,-76.65400000000001,42.22,35.41,29.31,47.62,true,false,-1.16,0.77,"單日成交金額低於5,000萬元；中期趨勢仍向下；ETF短中期同步減碼；外資持股5/10日下降，且外資5日賣超；20日趨勢尚未上彎；當下除權息調整價未守20日EMA"
449,8114,振樺電,TWSE,電腦及週邊設備業,不建立部位,降低部位,trim,停止加碼；反彈未站回恢復區時分批減碼,每個交易日收盤後，確認是否站回恢復區,已有部位先停止加碼。反彈若仍未站回 191.80，分批降低部位；只有站回且ETF／外資賣壓收斂後才重新評估。,價格跌破60日EMA且20日趨勢向下；ETF 5/10日同步減碼；外資持股5/10日下降且外資5日賣超,42.4,53.5,68.1,85,100,完整,179,180.5,38.75,-14.2,18.27,38.04,165.47,7.09,12.76,1.94,6.41,3,-1,-3,-5,-6,-7,0,9.349,-80.534,-179.755,-1067.274,-1,-5,-6,-525,0,3,-895000,-1.9659999999999997,0.05699999999999994,13.72,-6,-150,-135,,15.349,-73.568,-173.812,-541.491,41.52,59.69,50.3,78.48,false,false,-1.34,0.85,"單日成交金額低於5,000萬元；中期趨勢仍向下；ETF短中期同步減碼；ETF 1/3日已轉為減碼；外資持股5/10日下降，且外資5日賣超；20日趨勢尚未上彎；當下除權息調整價未守20日EMA"
450,8341,日友,TWSE,綠能環保,不建立部位,降低部位,trim,停止加碼；反彈未站回恢復區時分批減碼,每個交易日收盤後，確認是否站回恢復區,已有部位先停止加碼。反彈若仍未站回 75.47，分批降低部位；只有站回且ETF／外資賣壓收斂後才重新評估。,價格跌破60日EMA且20日趨勢向下；外資持股5/10日下降且外資5日賣超,42.9,53.4,65.8,85,100,完整,73.8,73.8,3.97,15.68,29.81,43.1,112.4,2.97,14.08,1.8,5.42,1,0,0,0,0,0,0,-62.03,-122.97,-64.02799999999999,-419.875,0,0,0,0,0,0,0,11.636000000000001,19.352,5.22,-53,-170,-67,,-62,-134.606,-83.38,-452.68899999999996,35.05,11.36,21.72,-9.38,false,false,-1.12,-0.94,"單日成交金額低於5,000萬元；中期趨勢仍向下；外資持股5/10日下降，且外資5日賣超；20日趨勢尚未上彎；當下除權息調整價未守20日EMA"
451,2362,藍天,TWSE,電腦及週邊設備業,不建立部位,降低部位,trim,停止加碼；反彈未站回恢復區時分批減碼,每個交易日收盤後，確認是否站回恢復區,已有部位先停止加碼。反彈若仍未站回 47.22，分批降低部位；只有站回且ETF／外資賣壓收斂後才重新評估。,價格跌破60日EMA且20日趨勢向下；外資持股5/10日下降且外資5日賣超,42.4,53.3,56.1,85,100,完整,46.25,46.25,12.1,13.15,5.93,57.37,114.49,4.05,7.61,0.57,4.32,1,0,0,0,0,0,0,-261.715,-901.1999999999999,-681.8989999999999,-288.432,0,0,0,0,0,0,0,9.353,31.341,10.54,-173,-1082,-883,,-261.987,-910.553,-713.24,-328.4580000000001,43.4,13.76,26.94,-12.59,false,false,-2.05,-2.84,"單日成交金額低於5,000萬元；中期趨勢仍向下；外資持股5/10日下降，且外資5日賣超；20日趨勢尚未上彎；當下除權息調整價未守20日EMA；單季稅前獲利對營業外貢獻依賴偏高"
452,2547,日勝生,TWSE,建材營造,不建立部位,降低部位,trim,停止加碼；反彈未站回恢復區時分批減碼,每個交易日收盤後，確認是否站回恢復區,已有部位先停止加碼。反彈若仍未站回 10.13，分批降低部位；只有站回且ETF／外資賣壓收斂後才重新評估。,價格跌破60日EMA且20日趨勢向下；外資持股5/10日下降且外資5日賣超,47,53.3,44.4,85,100,完整,9.66,9.73,81.23,63.45,17.73,77.43,77.87,0.01,80.5,0.74,8.28,1,0,8,33,476,715,0,-869,-912.421,-295.95500000000015,-2482.4900000000002,0,51.784,494.726,734.169,2,0,500233,112.795,142.957,13.53,-861,-1660,-1232,,-869,-1077,-933.6379999999999,-3356.5019999999995,36.02,17.47,31.42,-10.44,false,false,-2.21,-1.63,"單日成交金額低於5,000萬元；中期趨勢仍向下；外資持股5/10日下降，且外資5日賣超；20日趨勢尚未上彎；當下除權息調整價未守20日EMA"
453,4746,台耀,TWSE,生技醫療業,不建立部位,保護持有,protect,今天不新增部位；未完成確認前不機械式賣出,今天收盤後；若跌破，再看下一交易日是否收復,已有部位暫停加碼；若收盤跌破60日EMA約 49.55，且下一交易日仍未收復，先減碼三分之一；若ETF或外資繼續轉弱，再分批降低部位。,ETF 5/10日同步減碼；投信5/10日持續且具金額意義地賣超,43.5,53.3,60.9,85,100,完整,47.35,47.5,25.69,-3.37,10.89,40.35,186.2,0.04,11.96,0.77,6.34,1,-169,-277,-392,-758,-758,-392,-214.3,153.863,1055.467,1777.9990000000003,-169,-392,-758,-758,0,3,-18561200,0,3,9.12,-46,244,1252,,-45.3,545.863,1810.467,2672.3700000000003,44.98,42.52,59.19,9.18,false,true,-1.27,-1.46,"單日成交金額低於5,000萬元；ETF短中期同步減碼；ETF 1/3日已轉為減碼；主動ETF 5日轉為減碼；投信5/10日持續且具金額意義的賣超；當下除權息調整價未守20日EMA"
454,2838,聯邦銀,TWSE,金融保險業,不建立部位,保護持有,protect,今天不新增部位；未完成確認前不機械式賣出,今天收盤後；若跌破，再看下一交易日是否收復,已有部位暫停加碼；若收盤跌破60日EMA約 20.72，且下一交易日仍未收復，先減碼三分之一；若ETF或外資繼續轉弱，再分批降低部位。,外資持股5/10日下降且外資5日賣超,42.6,53.1,65.4,85,100,完整,20.2,20.15,3.88,15.77,,91.54,,0.67,12.95,1.05,5.25,3,0,0,0,-3,10,0,-1557.346,-6694.776000000001,-7481.375,-2952.2189999999996,0,5,17,12,1,0,101000,20.375000000000004,435.094,4.03,-1598,-8058,-8927,,-1571.149,-6720.151,-7933.469,-3345.7980000000007,37.75,8.23,20.13,-15.56,false,false,-3.12,-3.81,"單日成交金額低於5,000萬元；外資持股5/10日下降，且外資5日賣超；當下除權息調整價未守20日EMA"
455,6526,達發,TWSE,半導體業,不建立部位,優先降低風險,risk,依風險與流動性分批降低部位,風險解除且基本面與趨勢重新確認後,已有部位應優先降低曝險；目前觸發「處置或交易限制事件」。待事件解除或基本面重新確認後再評估。,處置或交易限制事件,53.4,53,54.4,85,100,可用,841,850,26.11,12.53,14.98,31.02,239.33,9.72,46.64,7.47,1.61,12,43,98,93,140,-95,0,33.464,330.758,5892.6359999999995,6268.528,15,37,84,-155,3,1,31117000,-113.60199999999999,578.296,11.01,86,381,5121,,86.945,407.36,5230.34,5839.324000000001,75.42,83.61,83.5,83.83,false,false,13.1,0.12,處置或交易限制風險；短線過熱或乖離過大
456,2474,可成,TWSE,其他電子業,不建立部位,優先降低風險,risk,依風險與流動性分批降低部位,風險解除且基本面與趨勢重新確認後,已有部位應優先降低曝險；目前觸發「外資持股5/10日下降且外資5日賣超」。待事件解除或基本面重新確認後再評估。,外資持股5/10日下降且外資5日賣超；單月與累計營收同步明顯衰退,59.1,52.4,56.4,85,100,可用,207,206,-40.46,-33.11,4.51,38.16,133.88,5.14,13.77,0.81,4.96,22,51,72,108,1080,3337,0,-317.645,-1056.41,-2616.6810000000005,-3866.6140000000014,-35,-122.328,813.7660000000001,3104.267,0,5,-25321896,-0.8830000000000027,92.35199999999999,13.42,-251,-1358,-3770,,-212.96,-933.1990000000001,-3522.799,-6933.268999999999,52.28,30.87,38.79,15.04,false,false,0.11,0.24,營收動能同步衰退；累計營收負成長且當月改善不足；投信20日買超後近5日轉賣；外資持股5/10日下降，且外資5日賣超；20日趨勢尚未上彎；當下除權息調整價未守20日EMA；單季稅前獲利對營業外貢獻依賴偏高
457,4137,麗豐-KY,TWSE,生技醫療業,不建立部位,降低部位,trim,停止加碼；反彈未站回恢復區時分批減碼,每個交易日收盤後，確認是否站回恢復區,已有部位先停止加碼。反彈若仍未站回 86.01，分批降低部位；只有站回且ETF／外資賣壓收斂後才重新評估。,價格跌破60日EMA且20日趨勢向下；外資持股5/10日下降且外資5日賣超,42.9,52.4,62.6,85,100,完整,75.8,76.8,-10.71,5.24,14.8,50.68,163.86,2.92,11.23,1.27,13.19,2,0,0,2,38,60,0,1.816,-14.617,-89.02600000000001,-531.1310000000001,0,2.6550000000000002,38.533,60.139,2,0,201249,-3.184,3.205,53.15,13,-139,-218,,3,-14.087999999999997,-130.764,-556.3249999999999,31.65,16.96,30.63,-10.39,false,false,-3.24,-0.52,"單日成交金額低於5,000萬元；中期趨勢仍向下；外資持股5/10日下降，且外資5日賣超；20日趨勢尚未上彎；當下除權息調整價未守20日EMA"
458,2458,義隆,TWSE,半導體業,不建立部位,優先降低風險,risk,依風險與流動性分批降低部位,風險解除且基本面與趨勢重新確認後,已有部位應優先降低曝險；目前觸發「外資持股5/10日下降且外資5日賣超」。待事件解除或基本面重新確認後再評估。,外資持股5/10日下降且外資5日賣超；單月與累計營收同步明顯衰退,54.8,52.2,61.3,85,100,完整,134,134.5,-36.72,-3.41,22.95,31.65,227.9,5.53,12.45,3.42,5.28,15,276,670,775,583,23,0,-180.769,-27.860000000000042,-1151.3310000000001,-1556.2250000000001,276,774.6100000000001,582.22,-351.046,5,0,103797740,-160.91199999999998,-103.63899999999998,18.97,-189,-97,-1468,,-315.112,-641.558,-1629.912,-1111.807,47.24,74.56,78.26,67.16,false,true,-0.29,-2.55,營收動能同步衰退；累計營收負成長且當月改善不足；外資持股5/10日下降，且外資5日賣超
459,6719,力智,TWSE,半導體業,不建立部位,優先降低風險,risk,依風險與流動性分批降低部位,風險解除且基本面與趨勢重新確認後,已有部位應優先降低曝險；目前觸發「價格跌破60日EMA且20日趨勢向下」。待事件解除或基本面重新確認後再評估。,價格跌破60日EMA且20日趨勢向下；外資持股5/10日下降且外資5日賣超；單月與累計營收同步明顯衰退,54.6,51.9,64.1,85,100,完整,191.5,193.5,-15.97,-7.64,17.85,18.57,987.87,4.2,21.57,1.43,2.4,1,0,0,40,60,81,0,-162.785,-219.90999999999997,-323.6700000000001,201.0889999999999,0,40,60,52,2,0,7660000,27.57,42.693,6.56,-126,-264,-245,,-193.778,-287.48,-426.36299999999994,138.13500000000005,53.06,67.39,59.83,82.51,false,false,2.2,4.08,營收動能同步衰退；累計營收負成長且當月改善不足；中期趨勢仍向下；外資持股5/10日下降，且外資5日賣超；20日趨勢尚未上彎
460,1726,永記,TWSE,化學工業,不建立部位,降低部位,trim,停止加碼；反彈未站回恢復區時分批減碼,每個交易日收盤後，確認是否站回恢復區,已有部位先停止加碼。反彈若仍未站回 77.13，分批降低部位；只有站回且ETF／外資賣壓收斂後才重新評估。,價格跌破60日EMA且20日趨勢向下；外資持股5/10日下降且外資5日賣超,42.5,51.8,70.2,85,100,完整,76.1,75.9,0.15,3.8,13.07,18.14,405.41,3.66,11.87,1.16,4.86,1,0,0,0,0,0,0,-10.741,-28.843,-105.02300000000001,-137.14399999999998,0,0,0,0,0,0,0,0,4,12.52,-11,-29,-109,,-10.741,-28.843,-109.02300000000001,-138.14399999999998,38.06,7.4,12.13,-2.08,false,false,-0.79,-0.26,"單日成交金額低於5,000萬元；中期趨勢仍向下；外資持股5/10日下降，且外資5日賣超；20日趨勢尚未上彎；當下除權息調整價未守20日EMA"
461,3550,聯穎,TWSE,電子零組件業,不建立部位,保護持有,protect,今天不新增部位；未完成確認前不機械式賣出,今天收盤後；若跌破，再看下一交易日是否收復,已有部位暫停加碼；若收盤跌破60日EMA約 23.88，且下一交易日仍未收復，先減碼三分之一；若ETF或外資繼續轉弱，再分批降低部位。,ETF 5/10日同步減碼,51,51.6,40.1,85,100,完整,25.1,26.8,33.66,29.52,3.34,59.83,178.9,0.67,209.17,1.54,,1,0,-2,-3,-3,-7,0,-30.23,-1162.328,275.64199999999994,693.9709999999999,0,-2.9619999999999997,-2.9619999999999997,-6.962,1,2,-74346,1.367,4.965,7.69,-50,-1315,115,,-30.563,-1160.7330000000002,273.6389999999998,713.0339999999998,57.81,60.36,67.49,46.09,false,true,3.76,5.24,"單日成交金額低於5,000萬元；ETF短中期同步減碼"
462,3622,洋華,TWSE,光電業,不建立部位,優先降低風險,risk,依風險與流動性分批降低部位,風險解除且基本面與趨勢重新確認後,已有部位應優先降低曝險；目前觸發「價格跌破60日EMA且20日趨勢向下」。待事件解除或基本面重新確認後再評估。,價格跌破60日EMA且20日趨勢向下；單月與累計營收同步明顯衰退,43.7,51.4,77.5,85,100,完整,46.2,46.68,-35.95,-8.19,21.64,14.28,649.81,1.1,9.06,0.89,6.93,1,0,0,0,0,-2,0,27.479,114.107,-239.478,-1178.286,0,0.01,0.01,-1.904,1,0,462,-52.359,-140.94400000000002,2.74,99,228,152,,80.37,166.45600000000002,-98.54399999999998,-1035.0230000000001,41.85,64.3,50.33,92.25,false,false,-1.44,4.52,"單日成交金額低於5,000萬元；營收動能同步衰退；累計營收負成長且當月改善不足；中期趨勢仍向下；20日趨勢尚未上彎；當下除權息調整價未守20日EMA"
463,6024,群益期,TWSE,金融保險業,不建立部位,降低部位,trim,停止加碼；反彈未站回恢復區時分批減碼,每個交易日收盤後，確認是否站回恢復區,已有部位先停止加碼。反彈若仍未站回 60.79，分批降低部位；只有站回且ETF／外資賣壓收斂後才重新評估。,價格跌破60日EMA且20日趨勢向下；外資持股5/10日下降且外資5日賣超,42.5,50.4,64.7,85,100,完整,59.7,59.6,7.8,-12.89,,92.26,107.73,4.09,8.22,1.38,5.81,2,0,0,0,0,0,0,-96,-349.89200000000005,-298.59600000000006,-810.624,0,0,0,0,0,0,0,0,6,4.94,-97,-351,-290,,-96,-349.89200000000005,-304.59600000000006,-817.624,38.46,14.97,25.97,-7.04,false,false,-1.79,-1.81,"單日成交金額低於5,000萬元；累計營收負成長且當月改善不足；中期趨勢仍向下；外資持股5/10日下降，且外資5日賣超；20日趨勢尚未上彎；當下除權息調整價未守20日EMA；單季稅前獲利對營業外貢獻依賴偏高"
464,8938,明安,TPEX,運動休閒,不建立部位,保護持有,protect,今天不新增部位；未完成確認前不機械式賣出,今天收盤後；若跌破，再看下一交易日是否收復,已有部位暫停加碼；若收盤跌破60日EMA約 52.92，且下一交易日仍未收復，先減碼三分之一；若ETF或外資繼續轉弱，再分批降低部位。,未觸發明確減碼訊號,45.1,50.3,57.1,85,100,可用,51.6,51.95,17.8,-3.04,3,40.38,202.65,1.34,9.83,1.04,7.75,1,0,1,5,75,213,0,16.692,16.692,16.692,16.692,0,0,0,0,0,0,0,-0.308,-0.308,6.71,,,,,17,17,17,17,45.13,56.24,67.34,34.03,false,true,-1.03,-0.96,"單日成交金額低於5,000萬元；外資持股尚未完成5／10日可比核對或期間有非市場異動；此項不給分，不解讀為轉弱；當下除權息調整價未守20日EMA"
465,6104,創惟,TPEX,半導體業,不建立部位,保護持有,protect,今天不新增部位；未完成確認前不機械式賣出,今天收盤後；若跌破，再看下一交易日是否收復,已有部位暫停加碼；若收盤跌破60日EMA約 93.90，且下一交易日仍未收復，先減碼三分之一；若ETF或外資繼續轉弱，再分批降低部位。,價格跌破60日EMA且20日趨勢向下,45.1,50,54.6,85,100,可用,90.7,90.3,3.37,0.77,13.92,35.3,172.53,2.87,19.09,3.83,4.96,1,0,0,40,60,60,0,-185.138,-185.138,-185.138,-185.138,0,0,0,0,0,0,0,-6.138,-6.138,21.7,,,,,-179,-179,-179,-179,43.86,58.1,54.72,64.87,false,false,-1.32,0.78,"單日成交金額低於5,000萬元；中期趨勢仍向下；外資持股尚未完成5／10日可比核對或期間有非市場異動；此項不給分，不解讀為轉弱；20日趨勢尚未上彎；當下除權息調整價未守20日EMA"
466,3059,華晶科,TWSE,光電業,不建立部位,保護持有,protect,今天不新增部位；未完成確認前不機械式賣出,今天收盤後；若跌破，再看下一交易日是否收復,已有部位暫停加碼；若收盤跌破60日EMA約 39.73，且下一交易日仍未收復，先減碼三分之一；若ETF或外資繼續轉弱，再分批降低部位。,價格跌破60日EMA且20日趨勢向下,47.1,49.7,56.9,85,100,完整,38.25,38.6,8.25,7.21,6.46,35.86,200.37,0.64,30.36,1.16,2.61,1,0,0,0,0,150,0,44.436,170.30400000000003,383.5260000000001,408.02800000000013,0,0,0,150,0,0,0,-24.32,-41.062000000000005,7.88,153,4,529,,67,194.62400000000002,424.5880000000001,380.7450000000001,46.6,60.03,62.99,54.1,false,true,-0.31,1.06,"單日成交金額低於5,000萬元；中期趨勢仍向下；20日趨勢尚未上彎"
467,5222,全訊,TWSE,半導體業,不建立部位,保護持有,protect,今天不新增部位；未完成確認前不機械式賣出,今天收盤後；若跌破，再看下一交易日是否收復,已有部位暫停加碼；若收盤跌破60日EMA約 106.03，且下一交易日仍未收復，先減碼三分之一；若ETF或外資繼續轉弱，再分批降低部位。,ETF 5/10日同步減碼,45.7,49.7,59.1,85,93,可用,105.5,103.5,59.94,-10.15,16.7,15.68,245.71,0.63,55.24,3.29,2.37,1,0,-2,-2,-5,-2,0,34.796,184.758,352.555,266.771,0,-1.983,-4.382,-1.3819999999999997,1,2,-209206,0.6259999999999999,6.821,3.14,28,-63,-47,,34.796,186.115,350.116,261.865,50.59,57.52,60.96,50.64,false,true,0.15,0.48,"單日成交金額低於5,000萬元；ETF短中期同步減碼；當下除權息調整價未守20日EMA"
468,2491,吉祥全,TWSE,光電業,不建立部位,保護持有,protect,今天不新增部位；未完成確認前不機械式賣出,今天收盤後；若跌破，再看下一交易日是否收復,已有部位暫停加碼；若收盤跌破60日EMA約 38.01，且下一交易日仍未收復，先減碼三分之一；若ETF或外資繼續轉弱，再分批降低部位。,ETF 5/10日同步減碼,48.1,49.6,64.5,85,100,完整,40.05,40.05,10.9,-3.23,-170.2,17.78,507.82,29.98,1.25,0.81,,1,0,-1,-2,-2,-5,0,-465.02,45.23400000000004,-475.77599999999995,-798.3620000000001,0,-1.995,-1.995,-4.995,1,2,-79900,-1,2,9.56,-466,39,-494,,-466.02,48.22900000000004,-475.78099999999995,-761.3670000000001,48.62,30.66,31.32,29.35,false,true,-1.67,1.26,"單日成交金額低於5,000萬元；ETF短中期同步減碼；20日趨勢尚未上彎；當下除權息調整價未守20日EMA；單季稅前獲利對營業外貢獻依賴偏高"
469,4571,鈞興-KY,TWSE,電機機械,不建立部位,降低部位,trim,停止加碼；反彈未站回恢復區時分批減碼,每個交易日收盤後，確認是否站回恢復區,已有部位先停止加碼。反彈若仍未站回 158.62，分批降低部位；只有站回且ETF／外資賣壓收斂後才重新評估。,價格跌破60日EMA且20日趨勢向下；外資持股5/10日下降且外資5日賣超,47.5,49,61.9,85,100,完整,154,151.5,-4.01,2.64,17.19,25.38,311.88,4.16,17.21,2.46,3.42,1,0,0,0,0,0,0,-32,-16.839000000000002,-2.5120000000000005,-160.672,0,0,0,0,0,0,0,-11,-11,63.08,-21,-23,-6,,-32,-5.8389999999999995,8.488000000000001,-141.22199999999998,49.41,77.2,76.12,79.35,false,false,0.36,0.98,"單日成交金額低於5,000萬元；中期趨勢仍向下；外資持股5/10日下降，且外資5日賣超；20日趨勢尚未上彎；當下除權息調整價未守20日EMA"
470,2915,潤泰全,TWSE,貿易百貨,不建立部位,優先降低風險,risk,依風險與流動性分批降低部位,風險解除且基本面與趨勢重新確認後,已有部位應優先降低曝險；目前觸發「外資持股5/10日下降且外資5日賣超」。待事件解除或基本面重新確認後再評估。,外資持股5/10日下降且外資5日賣超；單月與累計營收同步明顯衰退,47.5,48.5,62.8,85,100,完整,56.9,56.8,-15.65,-21.69,6.83,8.24,192.43,8.96,4.09,0.37,3.34,2,0,0,0,0,-504,0,-351.678,-771.264,823.5759999999999,1958.6689999999999,0,0,0,-504,0,0,0,42.079,220.75,6.39,-467,-1951,-179,,-353,-813.343,602.8259999999999,2668.505,44.78,29.76,49.75,-10.22,false,false,-1.94,-5.17,營收動能同步衰退；累計營收負成長且當月改善不足；外資持股5/10日下降，且外資5日賣超；當下除權息調整價未守20日EMA；單季稅前獲利對營業外貢獻依賴偏高
471,2718,全心投控,TPEX,建材營造,不建立部位,優先降低風險,risk,依風險與流動性分批降低部位,風險解除且基本面與趨勢重新確認後,已有部位應優先降低曝險；目前觸發「價格跌破60日EMA且20日趨勢向下」。待事件解除或基本面重新確認後再評估。,價格跌破60日EMA且20日趨勢向下；單月與累計營收同步明顯衰退,40.2,48.4,75.6,85,97,可用,40.3,39.92,-93.1,-89.69,33.05,17.92,536.6,2.72,3.87,0.57,13.82,1,0,0,1,16,25,0,0,0,0,0,0,0,0,0,0,0,0,0,0,0.52,,,,,0,0,0,0,36.78,32.54,44.04,9.54,false,true,-2,-1.23,"單日成交金額低於5,000萬元；營收動能同步衰退；累計營收負成長且當月改善不足；中期趨勢仍向下；外資持股尚未完成5／10日可比核對或期間有非市場異動；此項不給分，不解讀為轉弱；20日趨勢尚未上彎；當下除權息調整價未守20日EMA；單季稅前獲利對營業外貢獻依賴偏高"
472,1712,興農,TWSE,化學工業,不建立部位,降低部位,trim,停止加碼；反彈未站回恢復區時分批減碼,每個交易日收盤後，確認是否站回恢復區,已有部位先停止加碼。反彈若仍未站回 39.88，分批降低部位；只有站回且ETF／外資賣壓收斂後才重新評估。,價格跌破60日EMA且20日趨勢向下；外資持股5/10日下降且外資5日賣超,47.3,48.3,46.6,85,100,完整,39.65,39.65,-2.71,4.31,8.25,47.84,141.74,1.56,14.96,2.03,6.31,2,0,4,15,209,296,0,-152.565,-762.375,-1179.55,-1907.2779999999998,0,20.374,216.58399999999997,323.789,2,0,807829,19.49,46.677,12.3,-154,-1491,-1898,,-152,-802.239,-1442.8110000000001,-2065.27,45.44,17.87,20.08,13.45,true,true,-0.58,-0.5,"單日成交金額低於5,000萬元；中期趨勢仍向下；外資持股5/10日下降，且外資5日賣超；20日趨勢尚未上彎；當下除權息調整價未守20日EMA"
473,6768,志強-KY,TWSE,運動休閒,不建立部位,降低部位,trim,停止加碼；反彈未站回恢復區時分批減碼,每個交易日收盤後，確認是否站回恢復區,已有部位先停止加碼。反彈若仍未站回 66.94，分批降低部位；只有站回且ETF／外資賣壓收斂後才重新評估。,價格跌破60日EMA且20日趨勢向下；ETF 5/10日同步減碼；外資持股5/10日下降且外資5日賣超,42.2,48.3,58.4,85,100,完整,63.1,63.8,6.86,-2.38,5.93,38.72,218.82,2.67,12.65,0.86,8.18,1,-1,-3,-5,-9,-15,0,-59.205,-32.54,47.383999999999986,-22.106999999999992,-1,-1.9640000000000004,-5.928000000000001,-40.873000000000005,1,3,-123928,-1.7489999999999999,2.4090000000000003,57.56,-19,-386,-429,,-58,-28.826999999999998,50.90299999999999,18.907999999999987,45.43,65.83,63.7,70.08,false,false,-0.19,0.48,"單日成交金額低於5,000萬元；累計營收負成長且當月改善不足；中期趨勢仍向下；ETF短中期同步減碼；ETF 1/3日已轉為減碼；外資持股5/10日下降，且外資5日賣超；20日趨勢尚未上彎"
474,3016,嘉晶,TWSE,半導體業,不建立部位,優先降低風險,risk,依風險與流動性分批降低部位,風險解除且基本面與趨勢重新確認後,已有部位應優先降低曝險；目前觸發「處置或交易限制事件」。待事件解除或基本面重新確認後再評估。,價格強勢站上20／60日EMA；法人未同步轉弱,44.6,48.2,47.4,85,100,可用,181.5,187,57.79,34.73,14.09,31.1,295.64,1,151.25,10.12,0.28,1,0,0,0,0,0,0,490.647,2786.803,26279.746000000003,23143.904000000002,0,0,0,7,0,0,0,-256.91499999999996,484.319,11.88,346,765,23795,,521.743,3043.7180000000003,25795.427,22237.734999999997,84.77,91.83,91.4,92.69,false,false,29.04,13.44,處置或交易限制風險；外資持股尚未完成5／10日可比核對或期間有非市場異動；此項不給分，不解讀為轉弱；短線過熱或乖離過大
475,1227,佳格,TWSE,食品工業,不建立部位,降低部位,trim,停止加碼；反彈未站回恢復區時分批減碼,每個交易日收盤後，確認是否站回恢復區,已有部位先停止加碼。反彈若仍未站回 28.67，分批降低部位；只有站回且ETF／外資賣壓收斂後才重新評估。,價格跌破60日EMA且20日趨勢向下；外資持股5/10日下降且外資5日賣超,40.8,47.5,50.4,85,100,完整,27.75,27.75,10.7,7.39,4.15,40.08,164.89,0.8,17.24,1.38,4.83,1,0,0,0,0,0,0,-813,-1838.17,-2233.285,-3036.947,0,0,0,-144,0,0,0,-6.756,46.126999999999995,6.65,-749,-2118,-2043,,-813,-1831.414,-2279.4120000000003,-2953.947,34.15,12.24,19.18,-1.64,false,false,-1.72,-1.42,"單日成交金額低於5,000萬元；中期趨勢仍向下；外資持股5/10日下降，且外資5日賣超；20日趨勢尚未上彎；當下除權息調整價未守20日EMA"
476,3015,全漢,TWSE,電子零組件業,不建立部位,保護持有,protect,今天不新增部位；未完成確認前不機械式賣出,今天收盤後；若跌破，再看下一交易日是否收復,已有部位暫停加碼；若收盤跌破60日EMA約 54.30，且下一交易日仍未收復，先減碼三分之一；若ETF或外資繼續轉弱，再分批降低部位。,ETF 5/10日同步減碼,50.3,47.5,54.5,85,100,完整,53.8,54.8,1.3,-5.23,0.56,29.03,188.6,1.08,21.18,0.67,4.09,3,-51,-97,-106,-106,25,0,14.998,224.872,314.714,240.08100000000005,-51,-106,-106,24.22,0,3,-5702800,8.1,14,9.51,52,133,276,,65.998,322.77200000000005,406.71400000000006,235.74100000000007,52,67.78,69.63,64.08,false,true,0.8,0.94,"單日成交金額低於5,000萬元；累計營收負成長且當月改善不足；ETF短中期同步減碼；20日累積後5日轉為調節；ETF 1/3日已轉為減碼；單季稅前獲利對營業外貢獻依賴偏高"
477,2923,鼎固-KY,TWSE,建材營造,不建立部位,保護持有,protect,今天不新增部位；未完成確認前不機械式賣出,今天收盤後；若跌破，再看下一交易日是否收復,已有部位暫停加碼；若收盤跌破60日EMA約 26.19，且下一交易日仍未收復，先減碼三分之一；若ETF或外資繼續轉弱，再分批降低部位。,未觸發明確減碼訊號,43.2,47.4,48,85,100,完整,24.25,23.9,218.99,159.22,14.07,58.69,288.95,-0.11,,0.91,0.49,1,0,0,0,0,0,0,28,-43.99,75.00999999999998,-146.739,0,0,0,0,0,0,0,-4,44,99.49,13,-40,35,,13,-39.99,31.00999999999999,-181.73900000000003,45.16,27.74,40.75,1.72,false,true,-3.88,-0.21,"單日成交金額低於5,000萬元；當下除權息調整價未守20日EMA"
478,2546,根基,TWSE,建材營造,不建立部位,保護持有,protect,今天不新增部位；未完成確認前不機械式賣出,今天收盤後；若跌破，再看下一交易日是否收復,已有部位暫停加碼；若收盤跌破60日EMA約 99.43，且下一交易日仍未收復，先減碼三分之一；若ETF或外資繼續轉弱，再分批降低部位。,ETF 5/10日同步減碼；外資持股5/10日下降且外資5日賣超,51,47.2,42.7,85,100,完整,106,105.75,-24.41,11.19,12.17,61.6,158.04,8.89,7.09,2.11,5.66,2,0,-19,-19,-19,-19,-20,16.32,-70.80199999999999,32.82899999999999,-100.92100000000002,0,-19.56,-19.56,-19.56,0,1,-2073360,7,4.827,4.04,-5,-133,-61,,16.32,-58.242000000000004,47.56199999999999,-106.39,54.28,42.56,47.76,32.17,false,false,0.86,-0.47,"單日成交金額低於5,000萬元；ETF短中期同步減碼；主動ETF 5日轉為減碼；外資持股5/10日下降，且外資5日賣超；20日趨勢尚未上彎"
479,1434,福懋,TWSE,紡織纖維,不建立部位,保護持有,protect,今天不新增部位；未完成確認前不機械式賣出,今天收盤後；若跌破，再看下一交易日是否收復,已有部位暫停加碼；若收盤跌破60日EMA約 17.76，且下一交易日仍未收復，先減碼三分之一；若ETF或外資繼續轉弱，再分批降低部位。,未觸發明確減碼訊號,50.2,46.8,51.2,85,100,完整,17.85,17.8,-7.17,-4.73,2.41,24.34,260.28,0.5,19.4,0.62,2.8,1,0,0,0,0,0,0,-1192.32,-205.56099999999998,872.62,1761.754,0,0,4,-22,0,0,0,17.2,114.2,8.57,-1174,-204,890,,-1192.52,-222.76100000000002,754.42,1595.9189999999999,48.5,55.92,62.76,42.23,false,true,-0.47,-0.56,"單日成交金額低於5,000萬元；累計營收負成長且當月改善不足；20日趨勢尚未上彎；當下除權息調整價未守20日EMA；單季稅前獲利對營業外貢獻依賴偏高"
480,1810,和成,TWSE,玻璃陶瓷,不建立部位,保護持有,protect,今天不新增部位；未完成確認前不機械式賣出,今天收盤後；若跌破，再看下一交易日是否收復,已有部位暫停加碼；若收盤跌破60日EMA約 24.08，且下一交易日仍未收復，先減碼三分之一；若ETF或外資繼續轉弱，再分批降低部位。,價格跌破60日EMA且20日趨勢向下,43,46.5,61.9,85,100,完整,23.7,23.75,4.61,-6.31,-10.35,20.16,316.24,3.62,6.48,0.84,0.84,1,0,0,0,0,28,0,75.428,856.0920000000001,2051.1259999999997,2686.208,0,0,0,27.967999999999996,0,0,0,3.692,20.935000000000002,2.15,2,272,1430,,75.428,852.4,2030.1909999999998,2647.683,44.37,32.22,42.02,12.61,false,true,-1.51,-1.04,"單日成交金額低於5,000萬元；累計營收負成長且當月改善不足；中期趨勢仍向下；20日趨勢尚未上彎；當下除權息調整價未守20日EMA；單季稅前獲利對營業外貢獻依賴偏高"
481,6743,安普新,TWSE,其他電子業,不建立部位,保護持有,protect,今天不新增部位；未完成確認前不機械式賣出,今天收盤後；若跌破，再看下一交易日是否收復,已有部位暫停加碼；若收盤跌破60日EMA約 29.27，且下一交易日仍未收復，先減碼三分之一；若ETF或外資繼續轉弱，再分批降低部位。,價格強勢站上20／60日EMA；法人未同步轉弱,52.8,46.5,31.2,85,100,完整,35.6,39.1,12.68,10.16,4.18,75.63,84.26,0,32.07,2.3,8.43,1,0,1,4,69,103,0,-148.802,712.6400000000001,1233.512,1351.868,0,4.7669999999999995,68.938,103.49400000000001,2,0,169705,1,12,4.31,-223,456,934,,-148.802,706.873,1152.5739999999998,1230.3739999999996,88.05,88.36,86.89,91.3,false,false,15.15,16.34,"單日成交金額低於5,000萬元；短線過熱或乖離過大"
482,3483,力致,TPEX,電腦及週邊設備業,不建立部位,優先降低風險,risk,依風險與流動性分批降低部位,風險解除且基本面與趨勢重新確認後,已有部位應優先降低曝險；目前觸發「單月與累計營收同步明顯衰退」。待事件解除或基本面重新確認後再評估。,單月與累計營收同步明顯衰退,55.9,46.4,40,85,100,可用,81.3,81.05,-32.24,-7.86,0.44,48.8,166.92,0.69,27.94,1.64,3.69,1,0,0,0,0,-1,0,-67.007,-67.007,-67.007,-67.007,0,0,0,0,0,0,0,-1.378,-1.378,13.61,,,,,-65.629,-65.629,-65.629,-65.629,61.59,75.41,68.85,88.55,false,false,4.96,4.9,營收動能同步衰退；累計營收負成長且當月改善不足；外資持股尚未完成5／10日可比核對或期間有非市場異動；此項不給分，不解讀為轉弱；單季稅前獲利對營業外貢獻依賴偏高
483,2543,皇昌,TWSE,建材營造,不建立部位,保護持有,protect,今天不新增部位；未完成確認前不機械式賣出,今天收盤後；若跌破，再看下一交易日是否收復,已有部位暫停加碼；若收盤跌破60日EMA約 39.35，且下一交易日仍未收復，先減碼三分之一；若ETF或外資繼續轉弱，再分批降低部位。,價格跌破60日EMA且20日趨勢向下,46.5,46.2,40.6,85,100,完整,38.05,38.05,51.51,59.41,12.32,57.93,101.48,1.34,13.17,2.09,4.02,1,0,0,0,0,0,0,27.036,627.491,424.6199999999999,1686.976,0,0,0,-81,0,0,0,84.06200000000001,121.135,1.72,114,-170,-853,,-28.964,543.429,303.4849999999999,1654.1270000000004,46.09,17.32,25.57,0.84,false,false,-0.92,-0.26,"單日成交金額低於5,000萬元；中期趨勢仍向下；20日趨勢尚未上彎；當下除權息調整價未守20日EMA"
484,2385,群光,TWSE,電子零組件業,不建立部位,優先降低風險,risk,依風險與流動性分批降低部位,風險解除且基本面與趨勢重新確認後,已有部位應優先降低曝險；目前觸發「價格跌破60日EMA且20日趨勢向下」。待事件解除或基本面重新確認後再評估。,價格跌破60日EMA且20日趨勢向下；單月與累計營收同步明顯衰退,50.2,46.1,50.6,85,100,可用,105,105,-23.13,-8.49,5.03,52.04,143.4,5.06,11.78,1.72,6.86,22,51,195,226,638,286,0,1289.666,2514.0639999999994,2712.4359999999997,4857.984,-76,-110.859,247.88200000000003,-38.303999999999945,1,4,-11640195,250.575,360.473,24.8,1529,2447,1616,,1353.976,2374.348,2104.0809999999997,4393.0869999999995,47.57,46.14,44.9,48.62,true,true,-0.3,0.48,營收動能同步衰退；累計營收負成長且當月改善不足；中期趨勢仍向下；20日趨勢尚未上彎；當下除權息調整價未守20日EMA
485,6143,振曜,TPEX,通信網路業,不建立部位,保護持有,protect,今天不新增部位；未完成確認前不機械式賣出,今天收盤後；若跌破，再看下一交易日是否收復,已有部位暫停加碼；若收盤跌破60日EMA約 87.24，且下一交易日仍未收復，先減碼三分之一；若ETF或外資繼續轉弱，再分批降低部位。,價格跌破60日EMA且20日趨勢向下,36.4,46,62.6,85,100,可用,80.1,80.5,-12.97,11.48,10.45,43.35,196.37,3.03,10.18,2.44,7.49,1,0,0,0,0,-1,0,-62,-62,-62,-62,-120,-120,-120,-120,0,1,-9612000,0,0,5.87,,,,,58,58,58,58,31.51,15.13,24.63,-3.88,false,false,-3.13,-1.72,"單日成交金額低於5,000萬元；中期趨勢仍向下；外資持股尚未完成5／10日可比核對或期間有非市場異動；此項不給分，不解讀為轉弱；20日趨勢尚未上彎；當下除權息調整價未守20日EMA"
486,1537,廣隆,TWSE,電機機械,不建立部位,降低部位,trim,停止加碼；反彈未站回恢復區時分批減碼,每個交易日收盤後，確認是否站回恢復區,已有部位先停止加碼。反彈若仍未站回 119.55，分批降低部位；只有站回且ETF／外資賣壓收斂後才重新評估。,價格跌破60日EMA且20日趨勢向下；外資持股5/10日下降且外資5日賣超,38.7,45.6,61.4,85,100,完整,113.5,113.75,10.98,2.73,11.23,32.26,319,4.01,13.72,2.2,6.34,1,0,0,0,0,0,0,-13,-79.844,-63.163,-206.295,0,0,0,0,0,0,0,3,-10.318999999999999,15.15,-13,-198,-126,,-13,-82.844,-52.843999999999994,-201.976,31.81,23.43,34.38,1.52,false,false,-1.98,-1.3,"單日成交金額低於5,000萬元；中期趨勢仍向下；外資持股5/10日下降，且外資5日賣超；20日趨勢尚未上彎；當下除權息調整價未守20日EMA"
487,1707,葡萄王,TWSE,生技醫療業,不建立部位,優先降低風險,risk,依風險與流動性分批降低部位,風險解除且基本面與趨勢重新確認後,已有部位應優先降低曝險；目前觸發「價格跌破60日EMA且20日趨勢向下」。待事件解除或基本面重新確認後再評估。,價格跌破60日EMA且20日趨勢向下；外資持股5/10日下降且外資5日賣超；單月與累計營收同步明顯衰退,37,45.3,65.1,85,100,完整,84.6,84.6,-20.14,-5.36,15.96,22.65,158.79,2.75,10.92,1.22,7.09,1,0,0,0,0,0,0,-147.272,-613.575,-905.12,-2039.99,0,2,2,2,1,0,169200,-0.16000000000000003,5.7490000000000006,11.93,-101,-776,-1119,,-147.869,-615.415,-912.869,-2037.0290000000002,28.58,5.47,9.58,-2.73,false,false,-2.95,-2.76,"單日成交金額低於5,000萬元；營收動能同步衰退；累計營收負成長且當月改善不足；中期趨勢仍向下；外資持股5/10日下降，且外資5日賣超；20日趨勢尚未上彎；當下除權息調整價未守20日EMA"
488,2015,豐興,TWSE,鋼鐵工業,不建立部位,降低部位,trim,停止加碼；反彈未站回恢復區時分批減碼,每個交易日收盤後，確認是否站回恢復區,已有部位先停止加碼。反彈若仍未站回 64.20，分批降低部位；只有站回且ETF／外資賣壓收斂後才重新評估。,價格跌破60日EMA且20日趨勢向下；外資持股5/10日下降且外資5日賣超,43.4,45.2,60,85,100,完整,63.8,63.6,9.67,-7.35,9.45,15.81,342.19,2.36,14.91,1.68,5.17,3,0,0,0,0,0,0,-10.802,-37.771000000000015,-100.72000000000003,-120.87500000000003,0,0,0,0,0,0,0,11,52,12.78,-11,-49,-150,,-10.802,-48.771000000000015,-152.72000000000003,-189.87500000000003,46.3,38.16,41.28,31.94,true,true,-0.62,-1.09,"單日成交金額低於5,000萬元；累計營收負成長且當月改善不足；中期趨勢仍向下；外資持股5/10日下降，且外資5日賣超；20日趨勢尚未上彎；當下除權息調整價未守20日EMA"
489,2535,達欣工,TWSE,建材營造,不建立部位,降低部位,trim,停止加碼；反彈未站回恢復區時分批減碼,每個交易日收盤後，確認是否站回恢復區,已有部位先停止加碼。反彈若仍未站回 89.30，分批降低部位；只有站回且ETF／外資賣壓收斂後才重新評估。,價格跌破60日EMA且20日趨勢向下；ETF 5/10日同步減碼；外資持股5/10日下降且外資5日賣超,41.7,45,44.4,85,100,完整,88.3,88.3,44.17,24.72,9.12,64.06,185.27,6.32,8.65,2.12,5.21,1,-1,-1,-1,-1,-1,0,-93.253,-217.883,-56.35400000000001,-81.32300000000001,-1,-1,-1,-37,0,1,-88300,8.08,16.022,6.81,-86,-539,-364,,-91.728,-224.96300000000002,-71.37600000000002,-68.88000000000002,42.5,15.2,22.92,-0.22,false,false,-1.12,-1.67,"單日成交金額低於5,000萬元；中期趨勢仍向下；ETF短中期同步減碼；ETF 1/3日已轉為減碼；外資持股5/10日下降，且外資5日賣超；20日趨勢尚未上彎；當下除權息調整價未守20日EMA"
490,9938,百和,TWSE,其他,不建立部位,降低部位,trim,停止加碼；反彈未站回恢復區時分批減碼,每個交易日收盤後，確認是否站回恢復區,已有部位先停止加碼。反彈若仍未站回 41.18，分批降低部位；只有站回且ETF／外資賣壓收斂後才重新評估。,價格跌破60日EMA且20日趨勢向下；外資持股5/10日下降且外資5日賣超,42.5,44.9,52.5,85,100,完整,37.9,38,-3.18,1.5,11.5,53.33,110.43,1.36,11.66,0.87,7.92,2,-4,-4,5,219,341,0,-274.88,-197.4329999999999,-871.4869999999999,-2785.1949999999997,-4,13.256,227.505,349.23999999999995,2,3,502402,-13.843000000000002,-1.409000000000001,7.37,-209,-108,-695,,-270,-196.84600000000012,-1097.583,-2650.843,30.23,33.34,37.53,24.96,false,true,-2.62,-0.39,"單日成交金額低於5,000萬元；中期趨勢仍向下；ETF 1/3日已轉為減碼；外資持股5/10日下降，且外資5日賣超；20日趨勢尚未上彎；當下除權息調整價未守20日EMA"
491,6176,瑞儀,TWSE,光電業,不建立部位,優先降低風險,risk,依風險與流動性分批降低部位,風險解除且基本面與趨勢重新確認後,已有部位應優先降低曝險；目前觸發「價格跌破60日EMA且20日趨勢向下」。待事件解除或基本面重新確認後再評估。,價格跌破60日EMA且20日趨勢向下；ETF 5/10日同步減碼；外資持股5/10日下降且外資5日賣超,40.7,44.4,55.5,85,100,完整,92.3,92.3,-13.63,-7.43,10.12,48.32,178.45,2.81,11.41,1.17,3.79,4,-1,-1,-31,-84,-84,0,178.839,-57.644000000000005,-2122.49,-2788.1990000000005,-1,-31,-84.172,-84.069,0,2,-2861300,3.2110000000000003,2.3500000000000014,32.76,339,-121,-1916,,182.461,-29.855000000000018,-2040.6679999999997,-2756.7019999999993,42.76,31.07,33.8,25.62,false,false,-0.97,0.54,營收動能同步衰退；累計營收負成長且當月改善不足；中期趨勢仍向下；ETF短中期同步減碼；ETF 1/3日已轉為減碼；外資持股5/10日下降，且外資5日賣超；20日趨勢尚未上彎；當下除權息調整價未守20日EMA
492,6412,群電,TWSE,電子零組件業,不建立部位,優先降低風險,risk,依風險與流動性分批降低部位,風險解除且基本面與趨勢重新確認後,已有部位應優先降低曝險；目前觸發「外資持股5/10日下降且外資5日賣超」。待事件解除或基本面重新確認後再評估。,外資持股5/10日下降且外資5日賣超；單月與累計營收同步明顯衰退,47.2,43.8,45.1,85,100,完整,75.1,82.6,-19.67,-9.88,3.27,55.91,141.5,3.04,12.37,1.95,4.93,3,0,0,0,5,81,0,-19.011,-113.959,-16.543999999999997,-1163.926,0,0,5,80.764,0,0,0,-39.599999999999994,-40.596999999999994,5.12,4,-148,-50,,-16.596,-74.35900000000001,19.05299999999998,-1036.655,45.05,54.19,54.07,54.44,false,false,-0.02,0.67,營收動能同步衰退；累計營收負成長且當月改善不足；中期趨勢仍向下；外資持股5/10日下降，且外資5日賣超；20日趨勢尚未上彎；單季稅前獲利對營業外貢獻依賴偏高
493,4420,光明,TPEX,紡織纖維,不建立部位,保護持有,protect,今天不新增部位；未完成確認前不機械式賣出,今天收盤後；若跌破，再看下一交易日是否收復,已有部位暫停加碼；若收盤跌破60日EMA約 36.95，且下一交易日仍未收復，先減碼三分之一；若ETF或外資繼續轉弱，再分批降低部位。,價格跌破60日EMA且20日趨勢向下,41.6,43.5,55.2,85,100,可用,35.2,35.5,13.51,-6.33,2.22,11.91,222.84,0.94,26.27,1,8.52,1,0,1,2,16,25,0,18,18,18,18,0,0,0,0,0,0,0,0,0,0.9,,,,,18,18,18,18,34.68,22.65,23.76,20.42,true,true,-3.65,-1.68,"單日成交金額低於5,000萬元；中期趨勢仍向下；外資持股尚未完成5／10日可比核對或期間有非市場異動；此項不給分，不解讀為轉弱；20日趨勢尚未上彎；當下除權息調整價未守20日EMA；單季稅前獲利對營業外貢獻依賴偏高"
494,3078,僑威,TPEX,電子零組件業,不建立部位,優先降低風險,risk,依風險與流動性分批降低部位,風險解除且基本面與趨勢重新確認後,已有部位應優先降低曝險；目前觸發「價格跌破60日EMA且20日趨勢向下」。待事件解除或基本面重新確認後再評估。,價格跌破60日EMA且20日趨勢向下；單月與累計營收同步明顯衰退,42.6,43.2,61.5,85,100,可用,46,46.15,-49.34,-46.93,6.99,35.08,273.61,1.02,12.78,1.53,8.7,2,0,3,12,175,289,0,273.412,273.412,273.412,273.412,0,0,0,0,0,0,0,-3.012,-3.012,12.84,,,,,276.424,276.424,276.424,276.424,44.16,80.68,77.31,87.43,false,false,-0.46,1.21,"單日成交金額低於5,000萬元；營收動能同步衰退；累計營收負成長且當月改善不足；中期趨勢仍向下；外資持股尚未完成5／10日可比核對或期間有非市場異動；此項不給分，不解讀為轉弱；20日趨勢尚未上彎；當下除權息調整價未守20日EMA"
495,9930,中聯資源,TWSE,綠能環保,不建立部位,降低部位,trim,停止加碼；反彈未站回恢復區時分批減碼,每個交易日收盤後，確認是否站回恢復區,已有部位先停止加碼。反彈若仍未站回 62.75，分批降低部位；只有站回且ETF／外資賣壓收斂後才重新評估。,價格跌破60日EMA且20日趨勢向下；ETF 5/10日同步減碼；外資持股5/10日下降且外資5日賣超,38.5,43.1,50.9,85,100,完整,59.4,59.3,6.03,-3.03,9.79,43.21,90.16,2.16,13.44,2.39,6.73,2,-1,-1,-1,-1,-1,0,-35.519,-60.948,-98.03200000000001,-177.776,-1,-1,-1,-1,0,1,-59400,1.8820000000000001,23.408,1.89,-13,-64,-120,,-34,-61.83,-120.44,-200.976,21.33,8.32,10.85,3.25,true,true,-2.61,-1.66,"單日成交金額低於5,000萬元；累計營收負成長且當月改善不足；中期趨勢仍向下；ETF短中期同步減碼；ETF 1/3日已轉為減碼；外資持股5/10日下降，且外資5日賣超；20日趨勢尚未上彎；當下除權息調整價未守20日EMA"
496,3576,聯合再生,TWSE,光電業,不建立部位,優先降低風險,risk,依風險與流動性分批降低部位,風險解除且基本面與趨勢重新確認後,已有部位應優先降低曝險；目前觸發「單月與累計營收同步明顯衰退」。待事件解除或基本面重新確認後再評估。,單月與累計營收同步明顯衰退,55.7,42.7,34.6,85,100,完整,18.85,18.9,-13.03,-14.58,-55.84,46.52,154.12,0.93,34.91,2.38,,1,0,0,0,0,0,0,-5798.517,11882.163,20686.287,18826.778000000002,0,0,0.1,0.1,0,0,0,-3,100,16.12,-5796,11885,20589,,-5795.517,11885.162999999999,20586.186999999998,18730.678,58.66,68.99,69.51,67.94,false,true,5.54,3.29,營收動能同步衰退；累計營收負成長且當月改善不足；單季稅前獲利對營業外貢獻依賴偏高
497,6790,永豐實,TWSE,造紙工業,不建立部位,降低部位,trim,停止加碼；反彈未站回恢復區時分批減碼,每個交易日收盤後，確認是否站回恢復區,已有部位先停止加碼。反彈若仍未站回 38.28，分批降低部位；只有站回且ETF／外資賣壓收斂後才重新評估。,價格跌破60日EMA且20日趨勢向下；外資持股5/10日下降且外資5日賣超,38.9,42.5,48.4,85,100,完整,37.25,38,-4.1,-2.43,8.88,48.59,152.4,1.52,12.09,1.78,7.11,1,0,0,0,0,0,0,-70.058,-189.42000000000002,-129.07200000000003,-9.195000000000036,0,3,3,3,1,0,111750,-0.4200000000000001,4.928,1.84,-56,-265,-212,,-70,-192,-137,-24.426999999999992,32.96,12.42,21.43,-5.61,false,true,-1.36,-1.19,"單日成交金額低於5,000萬元；累計營收負成長且當月改善不足；中期趨勢仍向下；外資持股5/10日下降，且外資5日賣超；20日趨勢尚未上彎"
498,6890,來億-KY,TWSE,運動休閒,不建立部位,降低部位,trim,停止加碼；反彈未站回恢復區時分批減碼,每個交易日收盤後，確認是否站回恢復區,已有部位先停止加碼。反彈若仍未站回 164.25，分批降低部位；只有站回且ETF／外資賣壓收斂後才重新評估。,價格跌破60日EMA且20日趨勢向下；外資持股5/10日下降且外資5日賣超,43.1,42.3,53.4,85,100,完整,147,147,3.13,-10.53,7.73,31.24,364.73,4.53,14.13,1.58,6.1,2,0,40,40,40,40,0,2.174,-33.26,-327.701,-1350.4479999999999,0,40,40,-4,1,0,5880000,-0.6299999999999999,12.232,85.84,14,-56,-346,,1.845,-72.63,-379.933,-1373.7630000000004,37.05,33.9,34.06,33.57,false,true,-3.06,0.34,"單日成交金額低於5,000萬元；累計營收負成長且當月改善不足；中期趨勢仍向下；外資持股5/10日下降，且外資5日賣超；20日趨勢尚未上彎；當下除權息調整價未守20日EMA"
499,2206,三陽工業,TWSE,汽車工業,不建立部位,保護持有,protect,今天不新增部位；未完成確認前不機械式賣出,今天收盤後；若跌破，再看下一交易日是否收復,已有部位暫停加碼；若收盤跌破60日EMA約 62.79，且下一交易日仍未收復，先減碼三分之一；若ETF或外資繼續轉弱，再分批降低部位。,價格跌破60日EMA且20日趨勢向下,42.7,42.2,45.4,85,100,完整,62.6,62.5,-0.22,-4.83,8.71,57.04,142.77,3.14,10.49,1.84,4.89,2,0,0,0,-150,-150,0,68.19,162.626,340.87100000000004,303.60500000000013,0,2,-142,-45,1,0,125200,34.003,86.003,7.9,57,-276,-225,,48.19,126.62299999999996,396.86799999999994,238.60199999999998,44.37,25.05,28.64,17.86,false,false,-0.79,-0.48,"單日成交金額低於5,000萬元；累計營收負成長且當月改善不足；中期趨勢仍向下；20日趨勢尚未上彎；當下除權息調整價未守20日EMA"
500,2528,皇普,TWSE,建材營造,不建立部位,優先降低風險,risk,依風險與流動性分批降低部位,風險解除且基本面與趨勢重新確認後,已有部位應優先降低曝險；目前觸發「價格跌破60日EMA且20日趨勢向下」。待事件解除或基本面重新確認後再評估。,價格跌破60日EMA且20日趨勢向下；外資持股5/10日下降且外資5日賣超；單月與累計營收同步明顯衰退,40.3,42.1,53.2,85,100,完整,19.05,19.05,-76.39,-62.18,23.42,65.26,190.14,0.57,7.74,1.1,15.75,1,0,3,13,194,332,0,-158,-668.793,-731.9780000000001,-371.0490000000001,0,13.422,194.77300000000002,332.07200000000006,2,0,255689,-480,-1024,1.48,-215,-657,-556,,-79,-202.215,97.24899999999998,669.424,37.6,12.06,20.85,-5.51,false,false,-3.16,-2.56,"單日成交金額低於5,000萬元；營收動能同步衰退；累計營收負成長且當月改善不足；中期趨勢仍向下；外資持股5/10日下降，且外資5日賣超；20日趨勢尚未上彎；當下除權息調整價未守20日EMA"
501,1440,南紡,TWSE,紡織纖維,不建立部位,保護持有,protect,今天不新增部位；未完成確認前不機械式賣出,今天收盤後；若跌破，再看下一交易日是否收復,已有部位暫停加碼；若收盤跌破60日EMA約 13.34，且下一交易日仍未收復，先減碼三分之一；若ETF或外資繼續轉弱，再分批降低部位。,未觸發明確減碼訊號,52.7,41.9,32.6,85,100,完整,13.4,13.5,-4.23,-11.81,-1.69,37.31,136.81,0.14,446.67,0.78,2.24,1,0,0,0,0,0,0,-364.762,189.40300000000002,1053.9650000000001,-178.91099999999983,0,0,0,-387,0,0,0,9,150,7.85,-327,-204,1228,,-364.762,180.40300000000002,903.965,124.28700000000003,49.53,53.6,56.06,48.69,false,true,-0.15,-0.74,"單日成交金額低於5,000萬元；累計營收負成長且當月改善不足；20日趨勢尚未上彎；估值高，現有成長幅度尚未支撐目前估值；單季稅前獲利對營業外貢獻依賴偏高"
502,2247,汎德永業,TWSE,汽車工業,不建立部位,保護持有,protect,今天不新增部位；未完成確認前不機械式賣出,今天收盤後；若跌破，再看下一交易日是否收復,已有部位暫停加碼；若收盤跌破60日EMA約 228.25，且下一交易日仍未收復，先減碼三分之一；若ETF或外資繼續轉弱，再分批降低部位。,價格跌破60日EMA且20日趨勢向下,46.2,41.8,48.4,85,100,完整,226,227,0.71,-20.63,3.09,41.1,269.81,6.55,16.31,1.43,6.42,2,0,1,2,19,29,0,3,14.716,36.911,137.641,0,1.271,18.439,13.720999999999998,2,0,287246,1,3,4.09,3,8,13,,3,12.445,15.472000000000001,121.31100000000002,43.5,35.69,38.17,30.73,false,false,-0.97,-1.31,"單日成交金額低於5,000萬元；累計營收負成長且當月改善不足；中期趨勢仍向下；20日趨勢尚未上彎；當下除權息調整價未守20日EMA"
503,2540,愛山林,TWSE,建材營造,不建立部位,保護持有,protect,今天不新增部位；未完成確認前不機械式賣出,今天收盤後；若跌破，再看下一交易日是否收復,已有部位暫停加碼；若收盤跌破60日EMA約 49.73，且下一交易日仍未收復，先減碼三分之一；若ETF或外資繼續轉弱，再分批降低部位。,未觸發明確減碼訊號,43.1,41.4,30,85,100,完整,47.45,47.1,98.38,-25.15,2.6,82.96,121.15,0.02,,4.16,12.64,1,0,0,0,0,0,0,-42.246,36.166,151.08499999999998,2164.206,0,0,0,0,0,0,0,-5,74,1.59,67,-1283,-1201,,-34.246,41.166,77.08499999999998,2024.2060000000001,44.09,11.43,19.72,-5.16,false,false,-2.31,-3.16,"單日成交金額低於5,000萬元；當下除權息調整價未守20日EMA"
504,2387,精元,TWSE,電腦及週邊設備業,不建立部位,優先降低風險,risk,依風險與流動性分批降低部位,風險解除且基本面與趨勢重新確認後,已有部位應優先降低曝險；目前觸發「價格跌破60日EMA且20日趨勢向下」。待事件解除或基本面重新確認後再評估。,價格跌破60日EMA且20日趨勢向下；單月與累計營收同步明顯衰退,42.7,41.1,53.3,85,100,完整,36.15,36.17,-17.12,-13.16,1.59,42.64,184.67,0.66,12.13,0.67,11.07,2,0,2,10,148,227,0,59,-16.94999999999999,225.276,107.231,0,10.189,147.858,226.725,2,0,368332,14.853,20.343000000000004,8.72,23,-62,37,,55,-41.992000000000004,57.074999999999996,-146.176,42.03,27.13,40.2,1,false,false,-1.18,-1.36,"單日成交金額低於5,000萬元；營收動能同步衰退；累計營收負成長且當月改善不足；中期趨勢仍向下；20日趨勢尚未上彎；當下除權息調整價未守20日EMA"
505,2903,遠百,TWSE,貿易百貨,不建立部位,降低部位,trim,停止加碼；反彈未站回恢復區時分批減碼,每個交易日收盤後，確認是否站回恢復區,已有部位先停止加碼。反彈若仍未站回 22.25，分批降低部位；只有站回且ETF／外資賣壓收斂後才重新評估。,價格跌破60日EMA且20日趨勢向下；ETF 5/10日同步減碼；外資持股5/10日下降且外資5日賣超,34.1,41.1,41.5,85,100,完整,21.75,21.7,-0.64,-0.5,14.05,73.04,49.46,0.55,14.6,1.02,5.75,3,0,-1595,-977,-792,-321,-1595,-944.955,-4382.287,-3850.313,-6048.255999999999,-0.5,-977,-792,-618,1,3,-21249750,185.933,245.933,7.6,-935,-4891,-4529,,-945.455,-3591.22,-3304.2459999999996,-5894.382999999999,40.63,15.98,29.85,-11.75,false,false,-1.54,-1.58,"單日成交金額低於5,000萬元；累計營收負成長且當月改善不足；中期趨勢仍向下；ETF短中期同步減碼；主動ETF 5日轉為減碼；投信5/10日持續且具金額意義的賣超；外資持股5/10日下降，且外資5日賣超；20日趨勢尚未上彎；當下除權息調整價未守20日EMA"
506,1907,永豐餘,TWSE,造紙工業,不建立部位,降低部位,trim,停止加碼；反彈未站回恢復區時分批減碼,每個交易日收盤後，確認是否站回恢復區,已有部位先停止加碼。反彈若仍未站回 28.71，分批降低部位；只有站回且ETF／外資賣壓收斂後才重新評估。,價格跌破60日EMA且20日趨勢向下；ETF 5/10日同步減碼；外資持股5/10日下降且外資5日賣超,31.6,40.6,45.4,85,100,完整,27.6,27.5,6.03,5,0.15,43.8,126.95,0.47,16.24,0.5,3.62,2,0,-1178,-1178,-1178,-1261,-1178,-397.628,-1753.0580000000002,-2518.684,-3042.651,0,-1175,-1167,-1247.723,1,2,-32430000,-20.47,100.53,12.94,-392,-908,-1383,,-397.628,-557.588,-1452.2139999999997,-1823.453,33.64,11.37,16.02,2.09,false,false,-3.76,-2.3,"單日成交金額低於5,000萬元；中期趨勢仍向下；ETF短中期同步減碼；主動ETF 5日轉為減碼；外資持股5/10日下降，且外資5日賣超；20日趨勢尚未上彎；當下除權息調整價未守20日EMA；單季稅前獲利對營業外貢獻依賴偏高"
507,8039,台虹,TWSE,電子零組件業,不建立部位,優先降低風險,risk,依風險與流動性分批降低部位,風險解除且基本面與趨勢重新確認後,已有部位應優先降低曝險；目前觸發「外資持股5/10日下降且外資5日賣超」。待事件解除或基本面重新確認後再評估。,外資持股5/10日下降且外資5日賣超；單月與累計營收同步明顯衰退,51.5,39.8,42,85,93,可用,303.5,318,-13.83,-0.91,6.25,32.38,237.55,1.56,96.35,7.15,0.66,3,0,-1,-18,2,72,0,-2637.875,-6991.492,-8168.964000000001,-26812.976,-4,41,-1948,-3982,2,3,12443500,94.20699999999991,-32.91800000000006,13.22,482,-4775,-4347,,-2067.648,-7126.6990000000005,-6188.046,-21883.888000000003,58.56,77.84,60.11,113.31,false,false,7.93,17.41,營收動能同步衰退；累計營收負成長且當月改善不足；20日累積後5日轉為調節；外資持股5/10日下降，且外資5日賣超；20日趨勢尚未上彎；短線過熱或乖離過大；高波動且5日漲幅過大；估值高，現有成長幅度尚未支撐目前估值；融資增幅與短線漲幅同步偏高；借券賣出與借券賣出餘額壓力升高
508,3703,欣陸,TWSE,建材營造,不建立部位,降低部位,trim,停止加碼；反彈未站回恢復區時分批減碼,每個交易日收盤後，確認是否站回恢復區,已有部位先停止加碼。反彈若仍未站回 20.04，分批降低部位；只有站回且ETF／外資賣壓收斂後才重新評估。,價格跌破60日EMA且20日趨勢向下；外資持股5/10日下降且外資5日賣超,38.7,39.5,36.5,85,100,完整,19.4,19.4,15.27,-6.39,5.41,70.54,121.44,0.57,9.85,0.58,5.41,1,0,0,0,0,1,0,-486,-1705,-2545.173,-3110.861,0,0,0,-103,0,0,0,2,60,19.16,-572,-2773,-3526,,-486,-1707,-2605.173,-3063.861,40.11,8.31,15.55,-6.17,false,false,-1.49,-1.77,"單日成交金額低於5,000萬元；中期趨勢仍向下；外資持股5/10日下降，且外資5日賣超；20日趨勢尚未上彎；當下除權息調整價未守20日EMA"
509,2371,大同,TWSE,電機機械,不建立部位,優先降低風險,risk,依風險與流動性分批降低部位,風險解除且基本面與趨勢重新確認後,已有部位應優先降低曝險；目前觸發「ETF 5/10日同步減碼」。待事件解除或基本面重新確認後再評估。,ETF 5/10日同步減碼；外資持股5/10日下降且外資5日賣超；單月與累計營收同步明顯衰退,49.7,39.4,30.1,85,100,完整,30.15,30.15,-11.49,-0.69,4.56,60.69,195.43,0.91,,1.28,,2,-43,-58,-82,-468,82,0,-7132.396,-5326.994999999999,-8344.875999999998,10789.482000000002,-43,-82,-467.861,74.13900000000001,0,3,-2472300,647.626,365.8019999999999,6.61,-5146,-11031,-10706,,-6918.597,-5892.621000000001,-8242.817000000001,10193.402999999998,59.26,66.59,68.31,63.16,false,true,3.24,4.51,營收動能同步衰退；累計營收負成長且當月改善不足；ETF短中期同步減碼；20日累積後5日轉為調節；ETF 1/3日已轉為減碼；外資持股5/10日下降，且外資5日賣超
510,8476,台境*,TWSE,綠能環保,不建立部位,優先降低風險,risk,依風險與流動性分批降低部位,風險解除且基本面與趨勢重新確認後,已有部位應優先降低曝險；目前觸發「ETF 5/10日同步減碼」。待事件解除或基本面重新確認後再評估。,ETF 5/10日同步減碼；單月與累計營收同步明顯衰退,48.3,39.2,29.9,85,100,完整,20.2,20.02,-94.33,-17.76,5.87,57.13,181.25,0.12,72.14,1.75,0.99,1,0,-2,-4,-4,-9,0,52,138.20600000000002,579.9050000000001,570.5800000000002,0,-4,-4,-9,0,2,-80800,-1,-15,1.48,-83,-223,99,,52,143.20600000000002,598.9050000000001,593.5800000000002,55.67,63.06,64.43,60.34,false,true,1.81,3.59,"單日成交金額低於5,000萬元；營收動能同步衰退；累計營收負成長且當月改善不足；ETF短中期同步減碼"
511,1444,力麗,TWSE,紡織纖維,不建立部位,降低部位,trim,停止加碼；反彈未站回恢復區時分批減碼,每個交易日收盤後，確認是否站回恢復區,已有部位先停止加碼。反彈若仍未站回 7.11，分批降低部位；只有站回且ETF／外資賣壓收斂後才重新評估。,價格跌破60日EMA且20日趨勢向下；ETF 5/10日同步減碼,40,38.7,30.7,85,100,完整,6.8,6.93,-14.56,16.04,-1.41,44.94,88.37,0.14,,0.67,,1,0,-17,-31,-31,-65,0,-509,250.60899999999998,-361.2370000000001,-3421.8369999999995,0,-31,-31,-65,0,2,-210800,-295,75,5.21,-457,533,-320,,-509,576.6089999999999,-405.23699999999997,-3447.8369999999995,43.08,31.6,45.62,3.54,false,true,-2.04,-0.87,"單日成交金額低於5,000萬元；中期趨勢仍向下；ETF短中期同步減碼；20日趨勢尚未上彎；當下除權息調整價未守20日EMA；單季稅前獲利對營業外貢獻依賴偏高"
512,3455,由田,TPEX,光電業,不建立部位,優先降低風險,risk,依風險與流動性分批降低部位,風險解除且基本面與趨勢重新確認後,已有部位應優先降低曝險；目前觸發「處置或交易限制事件」。待事件解除或基本面重新確認後再評估。,處置或交易限制事件,47.4,37.8,31.4,85,100,可用,283.5,284,22.43,-20.02,-17.45,42.2,178.96,-0.44,79.41,7.07,1.23,1,48,183,183,183,183,183,-382.196,-382.196,-382.196,-382.196,109,109,109,109,1,0,30901500,-61.022,-61.022,14.02,,,,,-430.174,-430.174,-430.174,-430.174,67.22,77.05,74.31,82.52,false,false,10.66,9.88,處置或交易限制風險；外資持股尚未完成5／10日可比核對或期間有非市場異動；此項不給分，不解讀為轉弱
513,6533,晶心科,TWSE,半導體業,不建立部位,優先降低風險,risk,依風險與流動性分批降低部位,風險解除且基本面與趨勢重新確認後,已有部位應優先降低曝險；目前觸發「處置或交易限制事件」。待事件解除或基本面重新確認後再評估。,價格強勢站上20／60日EMA；法人未同步轉弱,44.5,37.6,37.1,85,100,完整,336,336,-25.73,40.4,-34.39,29.28,497.25,-4.62,,3.97,,1,0,0,-10,0,-11,0,-56.628,1649.2699999999998,4494.145,3917.2020000000007,0,0,10,-1,1,2,0,23.238,70.935,16.78,-703,901,3359,,-37.478,1626.0320000000002,4413.21,3829.273,67.31,84.42,82.56,88.15,false,false,17.23,21.74,處置或交易限制風險；短線過熱或乖離過大；高波動且5日漲幅過大
514,1229,聯華,TWSE,食品工業,不建立部位,優先降低風險,risk,依風險與流動性分批降低部位,風險解除且基本面與趨勢重新確認後,已有部位應優先降低曝險；目前觸發「價格跌破60日EMA且20日趨勢向下」。待事件解除或基本面重新確認後再評估。,價格跌破60日EMA且20日趨勢向下；ETF 5/10日同步減碼；外資持股5/10日下降且外資5日賣超,36.5,35.8,46.4,85,100,完整,39.65,39.7,-13.13,-5.93,7.77,20.09,88.96,1.19,15.92,1.13,5.04,5,-1,-1523,-1523,-1527,-1369,-1543,-789.296,-1966.243,-2909.014,-2957.0289999999995,-0.5,-1520,-1514.883,-1277.883,1,3,-60268000,74.732,12.757000000000005,8.96,-1600,-2255,-2587,,-793.198,-520.9749999999999,-1406.888,-1701.6040000000003,38.79,24.63,23.16,27.57,false,false,-1.91,-1.12,營收動能同步衰退；累計營收負成長且當月改善不足；中期趨勢仍向下；ETF短中期同步減碼；ETF 1/3日已轉為減碼；主動ETF 5日轉為減碼；投信5/10日持續且具金額意義的賣超；外資持股5/10日下降，且外資5日賣超；20日趨勢尚未上彎；當下除權息調整價未守20日EMA；單季稅前獲利對營業外貢獻依賴偏高
515,3545,敦泰,TWSE,半導體業,不建立部位,保護持有,protect,今天不新增部位；未完成確認前不機械式賣出,今天收盤後；若跌破，再看下一交易日是否收復,已有部位暫停加碼；若收盤跌破60日EMA約 51.12，且下一交易日仍未收復，先減碼三分之一；若ETF或外資繼續轉弱，再分批降低部位。,外資持股5/10日下降且外資5日賣超,46.1,35.8,34.6,85,100,完整,50.4,50.5,-8.27,-12.95,-5.92,33.53,207.81,0.64,,1.23,1.61,1,0,0,40,60,60,0,-198.145,-216.83399999999997,682.166,1152.531,0,40,60,60,2,0,2016000,2.9319999999999986,19.235999999999997,15.38,-121,-830,-28,,-197.976,-259.766,602.9300000000001,1089.101,47.77,36.9,52.59,5.52,false,true,-0.93,-1.18,"單日成交金額低於5,000萬元；累計營收負成長且當月改善不足；外資持股5/10日下降，且外資5日賣超；當下除權息調整價未守20日EMA；單季稅前獲利對營業外貢獻依賴偏高"
516,9907,統一實,TWSE,其他,不建立部位,優先降低風險,risk,依風險與流動性分批降低部位,風險解除且基本面與趨勢重新確認後,已有部位應優先降低曝險；目前觸發「價格跌破60日EMA且20日趨勢向下」。待事件解除或基本面重新確認後再評估。,價格跌破60日EMA且20日趨勢向下；外資持股5/10日下降且外資5日賣超；單月與累計營收同步明顯衰退,41.5,33.9,42.6,85,100,完整,14.8,14.8,-10.05,-11.02,4.31,38.72,173.59,0.35,15.58,1.12,7.97,4,-9,-8,15,568,866,0,-158,-796.6490000000001,-1542.2430000000002,-1971.6680000000001,-9,29.416,582.144,514.424,2,3,435357,-64.72999999999999,26.759000000000015,15.92,-90,-2031,-3514,,-149,-761.3349999999999,-2151.1459999999997,-2432.9219999999996,41.85,38.25,30.56,53.62,false,false,-1.1,-0.34,"單日成交金額低於5,000萬元；營收動能同步衰退；累計營收負成長且當月改善不足；中期趨勢仍向下；ETF 1/3日已轉為減碼；外資持股5/10日下降，且外資5日賣超；20日趨勢尚未上彎；當下除權息調整價未守20日EMA"
517,1447,力鵬,TWSE,紡織纖維,不建立部位,降低部位,trim,停止加碼；反彈未站回恢復區時分批減碼,每個交易日收盤後，確認是否站回恢復區,已有部位先停止加碼。反彈若仍未站回 6.74，分批降低部位；只有站回且ETF／外資賣壓收斂後才重新評估。,價格跌破60日EMA且20日趨勢向下；ETF 5/10日同步減碼；外資持股5/10日下降且外資5日賣超,37.4,33.2,27.8,85,100,完整,6.41,6.44,-34.08,3.93,0.28,47.59,124.93,0.12,,0.67,,1,0,-13,-23,-23,-49,0,-436.227,-850.7459999999999,-1134.6599999999999,-1161.37,0,-23,-23,-49,0,2,-147430,0,20,2.98,-436,-828,-1132,,-436.227,-827.7459999999999,-1131.6599999999999,-1137.37,42.79,31.39,38.09,17.99,false,true,-2.4,0.31,"單日成交金額低於5,000萬元；中期趨勢仍向下；ETF短中期同步減碼；外資持股5/10日下降，且外資5日賣超；20日趨勢尚未上彎；當下除權息調整價未守20日EMA；單季稅前獲利對營業外貢獻依賴偏高"
518,1314,中石化,TWSE,塑膠工業,不建立部位,優先降低風險,risk,依風險與流動性分批降低部位,風險解除且基本面與趨勢重新確認後,已有部位應優先降低曝險；目前觸發「單月與累計營收同步明顯衰退」。待事件解除或基本面重新確認後再評估。,單月與累計營收同步明顯衰退,52,32.4,21.1,85,100,完整,8.67,8.67,-24.41,-30.19,-9.51,39.62,167.64,-0.52,,0.44,,1,0,0,0,0,0,0,-19898.148,4487.830999999998,-5376.482000000002,27246.792,0,0,0,0,0,0,0,333.9960000000001,243.45800000000008,10.18,-20128,-11943,-22340,,-19051.289,4153.835000000001,-5619.9400000000005,24733.996999999996,53.1,35.25,47.99,9.77,false,true,0.53,-2.14,營收動能同步衰退；累計營收負成長且當月改善不足
519,2014,中鴻,TWSE,鋼鐵工業,不建立部位,優先降低風險,risk,依風險與流動性分批降低部位,風險解除且基本面與趨勢重新確認後,已有部位應優先降低曝險；目前觸發「單月與累計營收同步明顯衰退」。待事件解除或基本面重新確認後再評估。,單月與累計營收同步明顯衰退,47.7,32.1,17.5,85,100,完整,16.85,17,-29.31,-7.63,1.16,53.43,139.58,0.07,,1.97,,1,0,0,0,0,0,0,-633.41,1674.5670000000002,5384.464,1724.3870000000004,0,0,0,0,0,0,0,-7,77,7.34,-633,1682,5309,,-633.41,1681.5670000000002,5307.464,1635.921,48.93,64.24,66.19,60.33,false,true,-0.15,-0.3,"單日成交金額低於5,000萬元；營收動能同步衰退；累計營收負成長且當月改善不足"
520,2023,燁輝,TWSE,鋼鐵工業,不建立部位,優先降低風險,risk,依風險與流動性分批降低部位,風險解除且基本面與趨勢重新確認後,已有部位應優先降低曝險；目前觸發「價格跌破60日EMA且20日趨勢向下」。待事件解除或基本面重新確認後再評估。,價格跌破60日EMA且20日趨勢向下；單月與累計營收同步明顯衰退,51.5,31.4,11.8,85,100,完整,13.8,13.75,-14.31,-6.72,1.29,68.92,101.13,-0.52,,0.8,,1,0,0,0,0,0,0,-115.72,678.4369999999999,-1117.467,-1323.8920000000003,0,2,8,-146,1,0,27600,-28,68,3.96,-214,513,-1712,,-115.72,704.4369999999999,-1193.467,-1340.8950000000004,51.41,44.78,35.84,62.67,false,false,0.3,1.1,"單日成交金額低於5,000萬元；營收動能同步衰退；累計營收負成長且當月改善不足；20日趨勢尚未上彎；當下除權息調整價未守20日EMA"
521,9914,美利達,TWSE,運動休閒,不建立部位,優先降低風險,risk,依風險與流動性分批降低部位,風險解除且基本面與趨勢重新確認後,已有部位應優先降低曝險；目前觸發「價格跌破60日EMA且20日趨勢向下」。待事件解除或基本面重新確認後再評估。,價格跌破60日EMA且20日趨勢向下；外資持股5/10日下降且外資5日賣超；單月與累計營收同步明顯衰退,34,31.4,37.2,85,100,完整,66.4,66.4,-20.71,-14.17,8.5,44.19,142.91,2.15,19.25,1.02,4.22,1,0,0,0,0,0,0,-1133.054,-1404.5099999999998,-2637.002,-7319.382,0,-236,-236,-277,0,1,-15670400,18.204,4.9239999999999995,24.53,-754,-1523,-3473,,-1126.878,-1186.714,-2405.9259999999995,-6278.578999999999,30.35,50.12,45.53,59.3,false,false,-5.88,-0.45,營收動能同步衰退；累計營收負成長且當月改善不足；中期趨勢仍向下；外資持股5/10日下降，且外資5日賣超；20日趨勢尚未上彎；當下除權息調整價未守20日EMA
522,3376,新日興,TWSE,電子零組件業,不建立部位,優先降低風險,risk,依風險與流動性分批降低部位,風險解除且基本面與趨勢重新確認後,已有部位應優先降低曝險；目前觸發「價格跌破60日EMA且20日趨勢向下」。待事件解除或基本面重新確認後再評估。,價格跌破60日EMA且20日趨勢向下；外資持股5/10日下降且外資5日賣超；單月與累計營收同步明顯衰退,36.8,30.3,41.6,85,100,完整,171.5,171.5,-10.01,-12.5,-1.84,27.54,220.84,0.47,118.28,2.03,2.33,2,0,0,0,0,0,0,-283.893,-2022.584,-4229.207,-20037.605000000003,-117,-117,-73,15,0,1,-20065500,-65.435,-184.619,9.99,-10,-1728,-3326,,-138.634,-1840.149,-3971.5879999999997,-18665.345999999998,37.51,20.08,23.06,14.13,false,true,-5.05,-1.44,營收動能同步衰退；累計營收負成長且當月改善不足；中期趨勢仍向下；外資持股5/10日下降，且外資5日賣超；20日趨勢尚未上彎；當下除權息調整價未守20日EMA；估值高，現有成長幅度尚未支撐目前估值；單季稅前獲利對營業外貢獻依賴偏高
523,1515,力山,TWSE,電機機械,不建立部位,降低部位,trim,停止加碼；反彈未站回恢復區時分批減碼,每個交易日收盤後，確認是否站回恢復區,已有部位先停止加碼。反彈若仍未站回 30.88，分批降低部位；只有站回且ETF／外資賣壓收斂後才重新評估。,價格跌破60日EMA且20日趨勢向下；ETF 5/10日同步減碼,32.6,29.8,31.9,85,100,完整,28.7,28.5,-7.59,-0.1,-1.26,51.78,96.36,0.12,19.26,1.33,2.09,1,0,-3,-6,-6,-12,0,-218.476,-144.154,273.18600000000004,-105.35899999999992,0,-6,-6,-12,0,2,-172200,4.110000000000001,13.869000000000002,2.7,-90,79,502,,-217,-142.26399999999998,265.31700000000006,-87.21899999999988,39.52,24.11,32.57,7.19,false,true,-4.51,-2.55,"單日成交金額低於5,000萬元；累計營收負成長且當月改善不足；中期趨勢仍向下；ETF短中期同步減碼；20日趨勢尚未上彎；當下除權息調整價未守20日EMA；單季稅前獲利對營業外貢獻依賴偏高"
524,2530,華建,TWSE,建材營造,不建立部位,優先降低風險,risk,依風險與流動性分批降低部位,風險解除且基本面與趨勢重新確認後,已有部位應優先降低曝險；目前觸發「外資持股5/10日下降且外資5日賣超」。待事件解除或基本面重新確認後再評估。,外資持股5/10日下降且外資5日賣超；單月與累計營收同步明顯衰退,45.8,29.3,23.1,85,100,完整,19.85,19.65,-99.87,-96.56,-19.93,67.08,170.33,-0.11,30.08,1.67,11.64,2,0,5,15,303,571,0,-514.83,-516.696,-802.0730000000001,-1569.4089999999999,0,27.334000000000003,321.585,696.9790000000002,2,1,542580,-282,-843.125,2.62,-1,-989,-487,,-265.83,-262.0299999999999,-280.53299999999996,-957.2629999999997,48.42,23.62,32.49,5.87,false,false,-0.79,-1.49,"單日成交金額低於5,000萬元；營收動能同步衰退；累計營收負成長且當月改善不足；外資持股5/10日下降，且外資5日賣超；當下除權息調整價未守20日EMA"
525,8924,大田,TPEX,運動休閒,不建立部位,優先降低風險,risk,依風險與流動性分批降低部位,風險解除且基本面與趨勢重新確認後,已有部位應優先降低曝險；目前觸發「價格跌破60日EMA且20日趨勢向下」。待事件解除或基本面重新確認後再評估。,價格跌破60日EMA且20日趨勢向下；單月與累計營收同步明顯衰退,36.3,26.9,37.3,85,100,可用,49.2,49.63,-39.66,-8,-0.45,27.92,273.95,-0.58,17.89,1.06,8.74,1,0,1,3,39,90,0,7.497,7.497,7.497,7.497,0,0,0,0,0,0,0,-0.503,-0.503,3.26,,,,,8,8,8,8,35.34,32.04,35.01,26.09,true,true,-1.47,-0.2,"單日成交金額低於5,000萬元；營收動能同步衰退；累計營收負成長且當月改善不足；中期趨勢仍向下；外資持股尚未完成5／10日可比核對或期間有非市場異動；此項不給分，不解讀為轉弱；20日趨勢尚未上彎；當下除權息調整價未守20日EMA"
526,6919,康霈*,TWSE,生技醫療業,不建立部位,優先降低風險,risk,依風險與流動性分批降低部位,風險解除且基本面與趨勢重新確認後,已有部位應優先降低曝險；目前觸發「價格跌破60日EMA且20日趨勢向下」。待事件解除或基本面重新確認後再評估。,價格跌破60日EMA且20日趨勢向下；外資持股5/10日下降且外資5日賣超；單月與累計營收同步明顯衰退,36.4,21.7,30.6,85,100,完整,78.8,80,-100,-86.08,-14263.34,2.37,6003.39,-0.21,,13.31,,2,0,0,0,3,9,0,-551.566,-1627.882,-5031.8859999999995,-15535.698999999997,0,0,3,-215,0,0,0,-32.31,31.810000000000002,11.74,-545,-1596,-5067,,-544.566,-1595.5720000000001,-5066.696,-15295.017,35.16,7.98,14.45,-4.96,false,false,-5.55,-1.62,營收動能同步衰退；累計營收負成長且當月改善不足；中期趨勢仍向下；外資持股5/10日下降，且外資5日賣超；20日趨勢尚未上彎；當下除權息調整價未守20日EMA