排名,代號,名稱,市場,產業,新部位建議,既有部位狀態,持有判斷模式,今天動作,下一次確認,既有部位說明,主要原因,短期時機分數,中期研究分數,長期初篩分數,長期方法覆蓋率%,資料健康度,資料健康狀態,收盤價,即時價,營收YoY%,累計營收YoY%,營益率%,負債比%,流動比率%,EPS,本益比,股價淨值比,殖利率%,ETF家數,ETF_1日增減張,ETF_3日增減張,ETF_5日增減張,ETF_10日增減張,ETF_20日增減張,主動ETF_5日增減張,法人1日張,法人5日張,法人10日張,法人20日張,投信買賣超1日張,投信買賣超5日張,投信買賣超10日張,投信買賣超20日張,投信5日買超天數,投信5日賣超天數,投信5日估算金額,自營商買賣超5日張,自營商買賣超10日張,外資持股比率%,外資持股1日增減張,外資持股5日增減張,外資持股10日增減張,外資持股20日增減張,外資買賣超1日張,外資買賣超5日張,外資買賣超10日張,外資買賣超20日張,RSI14,KD-K,KD-D,KD-J,KD近3日黃金交叉,KD近3日死亡交叉,距20EMA%,5日報酬%,淘汰原因
1,6770,力積電,TWSE,半導體業,可開始承接,符合加碼條件,add,只在回測承接區且法人未轉弱時分2–3批,回測時與每個交易日收盤後,已有部位可續抱；回測20日EMA約 71.06 且ETF、外資與投信未轉弱時，才考慮下一批。,未觸發明確減碼訊號,82.6,78.9,68.1,85,100,可用,73.1,,76.19,47.08,58.03,34.6,495.94,4.08,24.37,2.67,,13,-12,48,3838,4240,4110,0,25104.592,136058.649,101375.14400000001,181573.14400000003,-11,3839.574,4282.5740000000005,11579.574,2,3,280672859,13159.697,11196.457,16.82,24087,121417,69179,,24015.432,119059.378,85896.113,158286.113,54.96,68.93,60.8,85.19,false,false,2.87,4.58,
2,6531,愛普*,TWSE,半導體業,可開始承接,符合加碼條件,add,只在回測承接區且法人未轉弱時分2–3批,回測時與每個交易日收盤後,已有部位可續抱；回測20日EMA約 940.02 且ETF、外資與投信未轉弱時，才考慮下一批。,未觸發明確減碼訊號,84,77.7,66,85,100,可用,987,,150.82,109.13,29.44,24.47,373.6,8.33,56.92,12.81,0.71,19,-6,61,56,496,1161,60,1216.19,1154.0550000000003,1730.7640000000001,3042.764,139.62,77.62,1124.62,2855.62,4,1,76610940,50.262,11.806999999999992,34.12,1256,1305,917,,1032.914,1026.1730000000002,594.3370000000002,184.33700000000044,55.72,47.61,40.45,61.94,true,false,5,4,
3,2376,技嘉,TWSE,電腦及週邊設備業,可開始承接,符合加碼條件,add,只在回測承接區且法人未轉弱時分2–3批,回測時與每個交易日收盤後,已有部位可續抱；回測20日EMA約 355.67 且ETF、外資與投信未轉弱時，才考慮下一批。,未觸發明確減碼訊號,82.3,76.3,52.6,85,100,可用,365,,98.43,55.23,6.23,74.46,144.47,17.73,13.66,3.68,3.29,30,26,12,1528,4797,7660,7,341.771,2498.828,-538.9900000000002,-3894.99,-13,1662.237,4492.4800000000005,5480.4800000000005,3,2,606716505,-154.517,0.07799999999999585,23.49,4912,8220,3385,,441.507,991.108,-5031.548000000001,-8527.548,57.48,62.09,51.21,83.86,false,false,2.62,4.29,
4,3005,神基,TWSE,電腦及週邊設備業,可開始承接,符合加碼條件,add,只在回測承接區且法人未轉弱時分2–3批,回測時與每個交易日收盤後,已有部位可續抱；回測20日EMA約 116.39 且ETF、外資與投信未轉弱時，才考慮下一批。,未觸發明確減碼訊號,70.4,68.8,64.4,85,100,完整,117.5,,18.39,9.96,15.34,44.17,195.75,4.27,13.95,2.88,5.78,14,-83,377,706,1169,894,0,-477.779,2970.163,3949.2360000000003,4751.236000000001,-120.191,799.8240000000001,1239.8700000000001,1220.8700000000001,4,1,93979320,181.659,83.77799999999999,15.25,-457,802,2042,,-364.758,1988.68,2625.588,3683.588,55,73.48,70.92,78.59,false,false,0.95,2.17,
5,2449,京元電子,TWSE,半導體業,可開始承接,正常持有,strong,強勢續抱；不追高,今日收盤確認是否守住20日EMA,價格仍在20／60日EMA之上且短線強勢；法人未同步轉弱。若收盤跌破20日EMA約 275.03 且法人續弱，再轉為保護持有。,價格強勢站上20／60日EMA；法人未同步轉弱,75.8,68.1,47.8,85,100,可用,304,,31.58,35.53,26.25,51.32,147.28,3.91,39.84,5.93,0.49,35,-125,1969,1326,1254,6963,1641,-4893.406,50204.223,49999.041999999994,39827.041999999994,-162,7227.477999999999,6721.580999999999,16699.581,2,3,2197153312,4699.048000000001,4224.899,30.65,-4307,36009,38862,,-3966.715,38277.69700000001,39052.562,18635.561999999998,63.98,70.6,63.68,84.44,false,false,10.53,16.25,
6,2408,南亞科,TWSE,半導體業,等待確認,正常持有,standard,今天不下單,每個交易日收盤後，檢查趨勢與法人籌碼,已有部位可續抱觀察，但暫不追價；若收盤跌破60日EMA約 466.98 且法人籌碼轉弱，先減碼三分之一。,未觸發明確減碼訊號,82.4,83.7,81.9,85,100,可用,515,,560.85,638.19,69.08,16.78,691.01,23.38,19.98,5.51,0.26,38,500,595,4456,5269,2979,1758,29607.502,39915.979,10467.832999999997,11390.832999999999,-180,4210.362,-469.2179999999999,-5029.218,2,3,2168336430,535.259,63.75300000000006,17.01,29416,40519,10611,,29196.171,35170.358,10873.298,19573.298000000003,53.64,58.78,49.2,77.92,false,false,2.52,4.57,20日趨勢尚未上彎；借券賣出與借券賣出餘額壓力升高
7,2605,新興,TWSE,航運業,等待確認,正常持有,standard,今天不下單,每個交易日收盤後，檢查趨勢與法人籌碼,已有部位可續抱觀察，但暫不追價；若收盤跌破60日EMA約 34.50 且法人籌碼轉弱，先減碼三分之一。,未觸發明確減碼訊號,71.7,81.6,82,85,100,完整,37.05,,58.75,38.72,33.49,26.88,212.23,3.67,7.56,1.12,2.7,1,0,0,0,0,0,0,-561.517,8508.119999999999,9933.893999999998,13815.893999999998,0,0,-173,-178,0,0,0,2304.008,3135.3269999999998,49.88,-535,6220,6988,,-527.924,6204.112000000001,6971.567,8949.567,58.31,56.16,49.18,70.12,true,false,2.73,2.77,單季稅前獲利對營業外貢獻依賴偏高
8,8299,群聯,TPEX,半導體業,等待確認,正常持有,strong,強勢續抱；不追高,今日收盤確認是否守住20日EMA,"價格仍在20／60日EMA之上且短線強勢；法人未同步轉弱。若收盤跌破20日EMA約 2,074.48 且法人續弱，再轉為保護持有。",價格強勢站上20／60日EMA；法人未同步轉弱,70.8,81.6,72.8,85,100,可用,2215,,376.52,278.99,37.86,47.31,257.91,187.43,10.15,4.8,1.05,20,-15,-25,232,-421,-577,-19,-261.687,-261.687,-261.687,993.313,-15,-15,-15,-266,0,1,-33225000,-153.478,-153.478,44.55,,,,,-93.209,-93.209,-93.209,1500.791,61.53,69.01,57.76,91.5,false,false,6.77,11.59,ETF 1/3日已轉為減碼；主動ETF 5日轉為減碼；外資持股尚未完成5／10日可比核對或期間有非市場異動；此項不給分，不解讀為轉弱
9,3006,晶豪科,TWSE,半導體業,等待確認,保護持有,protect,今天不新增部位；未完成確認前不機械式賣出,今天收盤後；若跌破，再看下一交易日是否收復,已有部位暫停加碼；若收盤跌破60日EMA約 257.39，且下一交易日仍未收復，先減碼三分之一；若ETF或外資繼續轉弱，再分批降低部位。,外資持股5/10日下降且外資5日賣超,70.1,79.8,75.6,85,100,可用,274,,605.24,324.38,44.44,36.84,267.13,27.58,8.64,4.1,0.36,8,-1,19,501,532,687,0,-1995.807,-6128.509,-15734.046999999999,-13323.046999999999,0,503,564,729,3,0,137822000,235.578,-429.141,38.7,-1983,-5922,-13939,,-1942.017,-6867.087,-15868.906000000003,-14469.906000000003,49.51,31.95,35.95,23.94,false,false,-1.79,-2.49,外資持股5/10日下降，且外資5日賣超；當下除權息調整價未守20日EMA；ETF加碼金額或跨基金共識尚未同時成立
10,4967,十銓,TWSE,半導體業,等待確認,正常持有,standard,今天不下單,每個交易日收盤後，檢查趨勢與法人籌碼,已有部位可續抱觀察，但暫不追價；若收盤跌破60日EMA約 265.91 且法人籌碼轉弱，先減碼三分之一。,未觸發明確減碼訊號,66,79.7,72.6,85,100,完整,272,,275.06,87.02,35.94,50.67,191.64,53.44,4.04,2.07,3.17,3,0,0,0,0,237,0,6.028,24.448000000000036,-570.8399999999999,3113.16,0.008,0.008,-0.392,236.608,1,0,2176,-68.91499999999999,-171.09499999999997,11.59,-362,-47,-283,,15.057,93.35500000000002,-399.35299999999995,3209.647,50.33,37.28,37.73,36.4,false,true,-0.43,-1.09,當下除權息調整價未守20日EMA
11,9945,潤泰新,TWSE,其他,等待確認,正常持有,standard,今天不下單,每個交易日收盤後，檢查趨勢與法人籌碼,已有部位可續抱觀察，但暫不追價；若收盤跌破60日EMA約 27.66 且法人籌碼轉弱，先減碼三分之一。,未觸發明確減碼訊號,75.7,77.9,75.1,85,100,完整,29.55,,37.99,34.41,20.1,34.7,158.5,3.7,5.17,0.52,3.72,5,0,10,1586,2180,508,0,3203.776,9967.563999999998,14376.438999999998,6231.4389999999985,0,1586,2170,498,3,0,46866300,1190.425,1522.074,8.63,3083,7293,10618,,3056.661,7191.139,10684.365000000002,3996.3650000000016,63.82,74.44,63.38,96.57,false,false,3.63,5.35,20日趨勢尚未上彎；ETF加碼金額或跨基金共識尚未同時成立；官方重大訊息出現高風險關鍵字，須查原文；單季稅前獲利對營業外貢獻依賴偏高
12,2606,裕民,TWSE,航運業,等待確認,保護持有,protect,今天不新增部位；未完成確認前不機械式賣出,今天收盤後；若跌破，再看下一交易日是否收復,已有部位暫停加碼；若收盤跌破60日EMA約 71.02，且下一交易日仍未收復，先減碼三分之一；若ETF或外資繼續轉弱，再分批降低部位。,外資持股5/10日下降且外資5日賣超,74.5,77.2,68.2,85,100,可用,76.7,,18.16,25.1,28.58,55.87,161.86,3.51,11.31,1.61,3.65,8,446,386,720,1770,1574,446,115.034,791.8620000000001,1067.681,8611.681,447,722,1853,1631,3,1,55377400,227.28500000000003,-306.06899999999996,24.59,-283,-49,-482,,-346.401,-157.423,-479.2500000000001,7101.75,56.64,43.37,42.05,46,true,false,1.32,0.92,外資持股5/10日下降，且外資5日賣超；ETF加碼金額或跨基金共識尚未同時成立
13,2855,統一證,TWSE,金融保險業,等待確認,正常持有,strong,強勢續抱；不追高,今日收盤確認是否守住20日EMA,價格仍在20／60日EMA之上且短線強勢；法人未同步轉弱。若收盤跌破20日EMA約 52.40 且法人續弱，再轉為保護持有。,價格強勢站上20／60日EMA；法人未同步轉弱,70.5,76.6,71.4,85,100,可用,57.7,,109.88,217.4,,87.34,112.56,6.96,5.99,1.92,3.66,12,-41,-77,790,7436,15951,0,1241.583,14275.872,17234.297,24236.297,-28.9,806.9159999999999,7444.516,16177.516,3,2,46559053,0,0,7.64,615,13629,10940,,1270.483,13468.956,9789.780999999999,8059.780999999999,77.22,77.16,76.61,78.25,false,false,10.12,11.82,ETF 1/3日已轉為減碼；短線過熱或乖離過大；ETF加碼金額或跨基金共識尚未同時成立
14,2637,慧洋-KY,TWSE,航運業,等待確認,正常持有,standard,今天不下單,每個交易日收盤後，檢查趨勢與法人籌碼,已有部位可續抱觀察，但暫不追價；若收盤跌破60日EMA約 91.11 且法人籌碼轉弱，先減碼三分之一。,未觸發明確減碼訊號,63.7,76.1,68.9,85,100,可用,100.5,,34.96,35.38,33.36,41.18,92.13,4.1,11.18,1.51,3.48,9,0,3,-724,448,1079,-25,148.616,764.0219999999999,6948.1669999999995,12496.167,2,-600.279,3036.721,3873.721,2,2,-60328039,54.102000000000004,-48.521,28.55,153,1334,3890,,136.944,1310.199,3959.9669999999996,8401.967,57.9,57.21,59.73,52.16,false,true,1.84,-1.95,20日累積後5日轉為調節；主動ETF 5日轉為減碼
15,2027,大成鋼,TWSE,鋼鐵工業,等待確認,正常持有,standard,今天不下單,每個交易日收盤後，檢查趨勢與法人籌碼,已有部位可續抱觀察，但暫不追價；若收盤跌破60日EMA約 46.05 且法人籌碼轉弱，先減碼三分之一。,未觸發明確減碼訊號,71.8,75.8,71.6,85,100,完整,46.6,,46.09,34.23,19.7,43.68,295.53,3.1,9.19,1.37,3.22,11,1218,1157,2699,10227,24550,357,2402.083,5650.93,10421.096,8253.095999999998,1082,3031.755,9379.755000000001,23662.755,3,2,141279783,-72.394,-1743.698,25.3,1305,2545,2833,,1305.254,2691.569,2785.0390000000007,-14489.961,45.51,44.42,35.36,62.52,false,false,-1.74,0.11,20日趨勢尚未上彎；當下除權息調整價未守20日EMA
16,6670,復盛應用,TWSE,運動休閒,等待確認,正常持有,standard,今天不下單,每個交易日收盤後，檢查趨勢與法人籌碼,已有部位可續抱觀察，但暫不追價；若收盤跌破60日EMA約 269.66 且法人籌碼轉弱，先減碼三分之一。,未觸發明確減碼訊號,70.3,75.4,68.1,85,100,完整,273,,45.02,14.88,15.25,40.17,200.45,13.1,11.15,2.45,5.86,6,30,90,109,112,283,0,30.276,17.378999999999998,-68.004,630.996,30,109.39,98.39,307.39,4,0,29863470,-74.638,-127.757,24.95,85,125,93,,23.452,-17.373000000000005,-38.637,512.363,51.17,32.21,28.45,39.71,true,true,0.06,1.11,ETF加碼金額或跨基金共識尚未同時成立
17,1773,勝一,TWSE,化學工業,等待確認,正常持有,standard,今天不下單,每個交易日收盤後，檢查趨勢與法人籌碼,已有部位可續抱觀察，但暫不追價；若收盤跌破60日EMA約 162.78 且法人籌碼轉弱，先減碼三分之一。,未觸發明確減碼訊號,70.8,74.4,58.1,85,100,完整,165,,44.62,23.96,23.46,37.93,104.11,4.38,20.57,4.33,2.42,2,0,0,0,0,0,0,14.119,-114.57900000000001,-509.06299999999993,-1908.0629999999999,1,2,40,1,2,0,330000,-2.7789999999999973,-36.91199999999999,6.77,39,398,-232,,11.2,-113.79999999999998,-512.151,-1883.1509999999998,55.69,64.51,51.24,91.04,false,false,2.18,3.77,
18,7749,意騰-KY,TWSE,半導體業,等待確認,正常持有,strong,強勢續抱；不追高,今日收盤確認是否守住20日EMA,價格仍在20／60日EMA之上且短線強勢；法人未同步轉弱。若收盤跌破20日EMA約 365.19 且法人續弱，再轉為保護持有。,價格強勢站上20／60日EMA；法人未同步轉弱,64.3,74.3,79.5,85,100,完整,402,,60.5,60.27,36.17,17.76,499.02,7.57,27.8,5.05,2.24,1,0,0,0,0,6,0,43.482,95.584,-17.12299999999999,-28.12299999999999,0.009,0.009,0.009,6.009,1,0,3618,13.850000000000001,1.5570000000000004,22.67,45,71,-1,,37.031,81.72500000000002,-18.68899999999997,-32.688999999999965,67.94,81.94,69.02,107.79,false,false,10.08,11.98,
19,3167,大量,TWSE,電機機械,等待確認,保護持有,protect,今天不新增部位；未完成確認前不機械式賣出,今天收盤後；若跌破，再看下一交易日是否收復,已有部位暫停加碼；若收盤跌破60日EMA約 762.57，且下一交易日仍未收復，先減碼三分之一；若ETF或外資繼續轉弱，再分批降低部位。,外資持股5/10日下降且外資5日賣超,76.2,74.2,50.7,85,100,完整,890,,152.98,135.15,24.48,64.49,143.75,9.26,62.41,18.55,0.44,4,0,0,150,300,277,150,-531.913,-1637.2019999999998,-3090.6119999999996,1210.3880000000004,0,343,520,712,3,1,305270000,15.878,41.077,10.32,-381,-604,-3331,,-541.25,-1996.08,-3651.689,709.3110000000001,60.14,56.95,44.6,81.66,true,false,9.31,8.01,外資持股5/10日下降，且外資5日賣超；ETF加碼金額或跨基金共識尚未同時成立；借券賣出與借券賣出餘額壓力升高
20,2603,長榮,TWSE,航運業,等待確認,保護持有,protect,今天不新增部位；未完成確認前不機械式賣出,今天收盤後；若跌破，再看下一交易日是否收復,已有部位暫停加碼；若收盤跌破60日EMA約 224.87，且下一交易日仍未收復，先減碼三分之一；若ETF或外資繼續轉弱，再分批降低部位。,外資持股5/10日下降且外資5日賣超,73.8,74,67.4,85,100,可用,243,,48.64,9.78,14.77,39.75,138.81,11.24,9.64,0.94,6.58,32,2109,3109,4917,12529,15703,121,169.132,6058.17,11321.640000000001,14585.640000000001,1961.7,5268.901,15176.000999999998,13525.000999999997,4,1,1280342943,791.7620000000001,1025.957,25.89,-1830,-6930,-13556,,-1900.346,-2.493000000000052,-4880.318000000001,442.6819999999989,60.94,81.13,75.48,92.42,false,false,2.76,1.67,外資持股5/10日下降，且外資5日賣超；20日趨勢尚未上彎
21,3491,昇達科,TPEX,通信網路業,等待確認,正常持有,standard,今天不下單,每個交易日收盤後，檢查趨勢與法人籌碼,"已有部位可續抱觀察，但暫不追價；若收盤跌破60日EMA約 1,401.34 且法人籌碼轉弱，先減碼三分之一。",未觸發明確減碼訊號,77.3,73.9,62.9,85,100,可用,1565,,93.19,73.4,28.88,37.31,263.15,8.15,124.4,23.71,0.43,16,29,12,225,248,791,219,371.714,371.714,371.714,-232.28600000000006,72,72,72,1398,1,0,112680000,-2.397,-2.397,31.49,,,,,302.111,302.111,302.111,-1634.8890000000001,59.47,76.06,65.29,97.59,false,false,8.31,8.68,外資持股尚未完成5／10日可比核對或期間有非市場異動；此項不給分，不解讀為轉弱
22,2347,聯強,TWSE,電子通路業,等待確認,保護持有,protect,今天不新增部位；未完成確認前不機械式賣出,今天收盤後；若跌破，再看下一交易日是否收復,已有部位暫停加碼；若收盤跌破60日EMA約 88.73，且下一交易日仍未收復，先減碼三分之一；若ETF或外資繼續轉弱，再分批降低部位。,KD高檔死亡交叉（僅屬時機警示）,75.7,73.7,54.7,85,100,可用,94.5,,122.02,89.66,2.49,70.33,142.57,4.12,12.93,1.82,4.44,23,322,501,230,2491,4010,3,3414.885,4085.598,6181.136,7638.136,223,480.04,1709.4330000000002,3043.433,4,1,45363780,48.17599999999999,241.14299999999997,30.06,3178,3632,4278,,3188.361,3557.3819999999996,4230.5599999999995,4784.5599999999995,67.76,80.24,75.65,89.42,true,true,5.6,6.54,KD高檔死亡交叉，等待動能確認；ETF加碼金額或跨基金共識尚未同時成立
23,3017,奇鋐,TWSE,電腦及週邊設備業,等待確認,正常持有,standard,今天不下單,每個交易日收盤後，檢查趨勢與法人籌碼,"已有部位可續抱觀察，但暫不追價；若收盤跌破60日EMA約 2,981.99 且法人籌碼轉弱，先減碼三分之一。",未觸發明確減碼訊號,77.6,73.7,47.5,85,100,可用,3470,,54.34,76.1,25.97,68.07,126.07,44.54,46.25,24.69,0.6,49,44,-7,68,105,57,120,291.464,79.71500000000002,457.4599999999999,2665.46,224,317.81199999999995,222.57499999999996,1756.5749999999998,4,1,1102807640,291.01099999999997,214.29599999999994,54.25,-240,-242,77,,20.62,-529.108,20.589,726.5889999999999,59.85,66,54.65,88.69,false,false,5.57,9.29,
24,6206,飛捷,TWSE,電腦及週邊設備業,等待確認,正常持有,standard,今天不下單,每個交易日收盤後，檢查趨勢與法人籌碼,已有部位可續抱觀察，但暫不追價；若收盤跌破60日EMA約 135.92 且法人籌碼轉弱，先減碼三分之一。,未觸發明確減碼訊號,66,73.7,79.2,85,100,完整,139,,62.18,30.08,29.65,29.6,275.95,5.93,15.36,3.79,3.96,7,0,0,-1,174,294,0,-10.201,467.47999999999996,874.548,1036.548,0,-0.575,430.632,550.6320000000001,0,1,-79925,95.624,89.356,19.98,-23,436,420,,-1.056,372.43100000000004,354.56000000000006,614.5600000000001,50.7,68.4,66.4,72.39,false,false,0.19,0.72,20日累積後5日轉為調節；20日趨勢尚未上彎
25,2059,川湖,TWSE,電子零組件業,等待確認,保護持有,protect,今天不新增部位；未完成確認前不機械式賣出,今天收盤後；若跌破，再看下一交易日是否收復,"已有部位暫停加碼；若收盤跌破60日EMA約 11,105.06，且下一交易日仍未收復，先減碼三分之一；若ETF或外資繼續轉弱，再分批降低部位。",外資持股5/10日下降且外資5日賣超,72,73.1,70.5,85,100,可用,12390,,344.42,163.96,77.05,28.35,356.12,110.96,68.31,34.98,0.41,35,-20,5,11,10,-153,17,34.914,-286.45099999999996,-359.91499999999996,-582.915,-42,66.351,69.44399999999999,-514.556,4,1,822088890,23.513,-32.522999999999996,23.26,63,-334,-388,,60.3,-376.31500000000005,-396.836,-81.83600000000001,48.98,46.77,37.37,65.56,false,false,-1.8,2.86,外資持股5/10日下降，且外資5日賣超；20日趨勢尚未上彎；當下除權息調整價未守20日EMA
26,2618,長榮航,TWSE,航運業,等待確認,正常持有,standard,今天不下單,每個交易日收盤後，檢查趨勢與法人籌碼,已有部位可續抱觀察，但暫不追價；若收盤跌破60日EMA約 41.59 且法人籌碼轉弱，先減碼三分之一。,未觸發明確減碼訊號,79.5,73.1,56.7,85,100,完整,42.85,,24.92,18.06,13.25,62.38,115.28,2.24,9.02,1.66,4.67,29,7794,12647,23559,28698,39771,2237,19319.371,37931.78400000001,39118.075000000004,51667.075000000004,7481,24313.811,28668.882999999998,41759.883,5,0,1041846801,1467.811,1355.8989999999997,32.93,11576,14336,2733,,11207.675,12150.161999999997,9093.292999999996,10974.292999999998,55.7,72.37,58.28,100.56,false,false,1.66,3.75,20日趨勢尚未上彎
27,1815,富喬,TPEX,電子零組件業,等待確認,正常持有,standard,今天不下單,每個交易日收盤後，檢查趨勢與法人籌碼,已有部位可續抱觀察，但暫不追價；若收盤跌破60日EMA約 104.58 且法人籌碼轉弱，先減碼三分之一。,未觸發明確減碼訊號,68.5,72.9,67.5,85,100,可用,120,,79.21,51.2,23.66,36.17,273.98,2.24,34.78,5.12,0.83,4,0,0,82,143,582,0,-3224.52,-3224.52,-3224.52,54137.479999999996,0,0,0,24350,0,0,0,38.609,38.609,26.11,,,,,-3263.129,-3263.129,-3263.129,31883.871,56.48,45.24,42.56,50.59,true,false,3.07,1.27,外資持股尚未完成5／10日可比核對或期間有非市場異動；此項不給分，不解讀為轉弱；ETF加碼金額或跨基金共識尚未同時成立
28,2368,金像電,TWSE,電子零組件業,等待確認,正常持有,strong,強勢續抱；不追高,今日收盤確認是否守住20日EMA,"價格仍在20／60日EMA之上且短線強勢；外資偏弱先觀察，不因分歧減碼。若收盤跌破20日EMA約 1,044.83 且法人續弱，再轉為保護持有。",價格強勢站上20／60日EMA；外資偏弱，先觀察,74.8,72.9,55.2,85,100,可用,1140,,76.39,71.25,26.62,56.53,165.77,16.17,40.92,13.99,0.86,37,94,249,1445,945,-474,1248,150.989,-5433.884,-6908.0960000000005,-10539.096000000001,505,1457.2060000000001,-901.9799999999999,3198.02,4,1,1661214840,1057.535,271.4970000000002,23.99,-523,-8106,-6300,,-554.329,-7948.625,-6277.613,-14282.613000000001,58.75,60.36,38.95,103.18,true,false,9.11,14.92,外資持股5/10日下降，且外資5日賣超；高波動且5日漲幅過大；融資增幅與短線漲幅同步偏高；借券賣出與借券賣出餘額壓力升高
29,6672,騰輝電子-KY,TWSE,電子零組件業,等待確認,正常持有,standard,今天不下單,每個交易日收盤後，檢查趨勢與法人籌碼,已有部位可續抱觀察，但暫不追價；若收盤跌破60日EMA約 267.93 且法人籌碼轉弱，先減碼三分之一。,未觸發明確減碼訊號,73.1,72.9,66.1,85,100,完整,307,,133.24,53.6,14.55,29.42,311.02,4.75,46.37,5.22,1.09,2,0,0,0,-3,-24,0,917.904,885.2890000000002,1568.7680000000003,2506.768,0.011,2.011,98.011,77.011,2,0,617377,54.44399999999999,104.12299999999999,24.25,806,479,1383,,823.233,828.8340000000001,1366.634,2280.634,59.59,62.66,58.99,70,true,false,5.18,0.99,
30,5351,鈺創,TPEX,半導體業,等待確認,正常持有,standard,今天不下單,每個交易日收盤後，檢查趨勢與法人籌碼,已有部位可續抱觀察，但暫不追價；若收盤跌破60日EMA約 105.04 且法人籌碼轉弱，先減碼三分之一。,未觸發明確減碼訊號,62.6,72.7,67.1,85,100,可用,109.5,,525.32,488.92,30.67,40.59,243.12,6.69,16.95,4.99,0,2,0,0,0,30,-212,0,-815.018,-815.018,-815.018,-19024.018,0,0,0,-242,0,0,0,6.18,6.18,33.6,,,,,-821.198,-821.198,-821.198,-18557.198,49.08,37.06,29.74,51.7,false,false,-1.07,3.79,外資持股尚未完成5／10日可比核對或期間有非市場異動；此項不給分，不解讀為轉弱；20日趨勢尚未上彎；當下除權息調整價未守20日EMA
31,6505,台塑化,TWSE,油電燃氣業,等待確認,正常持有,standard,今天不下單,每個交易日收盤後，檢查趨勢與法人籌碼,已有部位可續抱觀察，但暫不追價；若收盤跌破60日EMA約 74.25 且法人籌碼轉弱，先減碼三分之一。,未觸發明確減碼訊號,79.6,72.6,68.5,85,100,完整,87.3,,50.29,16.72,13.74,16.6,520.61,4.32,15.16,1.71,1.37,11,309,417,1867,7536,7257,1933,3629.242,18954.968,-4878.177,7286.823,309,7500.498,21811.498,23015.498,4,1,654793475,1413.328,-991.962,6.77,2340,11004,-25730,,3215.873,10041.142,-25697.713,-16959.713,63.57,67.61,65.27,72.27,true,false,6.44,8.45,
32,3702,大聯大,TWSE,電子通路業,等待確認,正常持有,standard,今天不下單,每個交易日收盤後，檢查趨勢與法人籌碼,已有部位可續抱觀察，但暫不追價；若收盤跌破60日EMA約 109.69 且法人籌碼轉弱，先減碼三分之一。,未觸發明確減碼訊號,73.6,72.2,50.1,85,100,可用,114,,80.46,62.39,2.64,83.99,119.79,8.42,9.76,2.05,3.19,25,-1632,-513,1238,938,394,-3233,306.041,8096.210999999999,13606.262999999999,11057.262999999999,-1557,1639.526,800.5320000000002,-1021.4679999999998,3,2,186905964,177.01299999999992,-326.9040000000001,34.3,1808,6335,12886,,1808.576,6279.6720000000005,13132.635000000002,16932.635000000002,59.15,83.01,81.07,86.88,false,false,4.25,7.55,ETF 1/3日已轉為減碼；主動ETF 5日轉為減碼；ETF加碼金額或跨基金共識尚未同時成立
33,4916,事欣科,TWSE,電腦及週邊設備業,等待確認,正常持有,strong,強勢續抱；不追高,今日收盤確認是否守住20日EMA,價格仍在20／60日EMA之上且短線強勢；法人未同步轉弱。若收盤跌破20日EMA約 100.01 且法人續弱，再轉為保護持有。,價格強勢站上20／60日EMA；法人未同步轉弱,69,71.9,65.9,85,100,完整,104.5,,82.96,61.85,9.14,32.64,257.18,5.45,16,3.59,0.48,1,0,0,0,0,0,0,213.371,1483.719,1467.4859999999999,476.4859999999999,0,0,0,0,0,0,0,171.721,157.05900000000003,3.64,300,1414,1598,,271.652,1311.998,1310.4270000000001,475.42700000000013,58.96,71.99,57.96,100.05,false,false,4.49,11.29,單季稅前獲利對營業外貢獻依賴偏高
34,2382,廣達,TWSE,電腦及週邊設備業,等待確認,正常持有,standard,今天不下單,每個交易日收盤後，檢查趨勢與法人籌碼,已有部位可續抱觀察，但暫不追價；若收盤跌破60日EMA約 335.30 且法人籌碼轉弱，先減碼三分之一。,未觸發明確減碼訊號,71.6,71.7,47.4,85,100,可用,341.5,,177.45,102.63,3.1,87.6,112.75,12.93,14.88,5.4,4.57,48,838,4138,12342,17612,22546,-30,-1993.083,5526.535,9557.628,39370.628,673,12097.282,16441.524999999998,22844.524999999998,5,0,4131221803,828.922,692.5190000000002,23.53,-2993,-14904,-14284,,-2763.736,-7399.668999999999,-7576.415999999999,14743.584,54.27,66.61,62.42,74.99,false,false,1.12,0.29,主動ETF 5日轉為減碼；外資持股尚未完成5／10日可比核對或期間有非市場異動；此項不給分，不解讀為轉弱；ETF加碼金額或跨基金共識尚未同時成立
35,2476,鉅祥,TWSE,電子零組件業,等待確認,正常持有,standard,今天不下單,每個交易日收盤後，檢查趨勢與法人籌碼,已有部位可續抱觀察，但暫不追價；若收盤跌破60日EMA約 120.87 且法人籌碼轉弱，先減碼三分之一。,未觸發明確減碼訊號,67.2,71.4,72.5,85,100,完整,122,,41.04,39.81,19.32,27.64,314.36,2.98,19.84,2.93,2.43,2,0,0,0,0,-235,0,89.242,1282.004,743.9029999999999,1096.9029999999998,0,0,0,-235,0,0,0,734.125,960.001,8.01,-76,739,308,,-121.304,547.879,-216.09799999999993,-603.098,51.21,65.74,56.42,84.38,false,false,0.5,3.83,
36,3044,健鼎,TWSE,電子零組件業,等待確認,正常持有,standard,今天不下單,每個交易日收盤後，檢查趨勢與法人籌碼,已有部位可續抱觀察，但暫不追價；若收盤跌破60日EMA約 476.63 且法人籌碼轉弱，先減碼三分之一。,未觸發明確減碼訊號,69.9,71.2,59.9,85,100,可用,543,,65.48,38.72,20.58,48.8,162.21,13.02,23.26,5.12,2.34,23,-39,-74,-318,723,1034,-36,-121.162,1664.4270000000001,556.4130000000004,1931.4130000000005,35,39.678,823.605,1035.605,2,3,21545154,-19.113,-187.457,48.54,-159,1721,-155,,-159.426,1643.862,-79.7349999999999,1241.265,68.32,82.63,74,99.88,true,false,7.83,7.74,20日累積後5日轉為調節；ETF 1/3日已轉為減碼；主動ETF 5日轉為減碼
37,3022,威強電,TWSE,電腦及週邊設備業,等待確認,正常持有,standard,今天不下單,每個交易日收盤後，檢查趨勢與法人籌碼,已有部位可續抱觀察，但暫不追價；若收盤跌破60日EMA約 88.73 且法人籌碼轉弱，先減碼三分之一。,未觸發明確減碼訊號,62.5,71.1,74.2,85,100,完整,90.7,,84.98,32.41,6.47,32.04,248.51,3.29,12.05,1.4,3.86,2,0,0,0,-1,-1,0,-112.066,1592.8429999999998,2134.585,-140.41499999999996,0,0,-1.264,-1.264,0,0,0,68.406,52.259,21.8,-116,1502,2055,,-116.768,1524.4370000000001,2083.5900000000006,-39.4099999999994,51.2,67.04,55.31,90.5,false,false,1.06,5.47,20日趨勢尚未上彎；單季稅前獲利對營業外貢獻依賴偏高
38,2357,華碩,TWSE,電腦及週邊設備業,等待確認,保護持有,protect,今天不新增部位；未完成確認前不機械式賣出,今天收盤後；若跌破，再看下一交易日是否收復,已有部位暫停加碼；若收盤跌破60日EMA約 878.63，且下一交易日仍未收復，先減碼三分之一；若ETF或外資繼續轉弱，再分批降低部位。,外資持股5/10日下降且外資5日賣超,66.9,71,55.1,85,100,可用,958,,51.17,42.3,7.05,62.01,128,38.83,14.01,2.36,4.38,44,62,76,-1338,1123,5647,-9,74.298,-1212.782,-1757.6940000000002,4248.306,18.3,-1232.063,1094.6169999999997,6207.617,2,3,-1180316354,113.245,-553.5699999999999,39.27,-420,-2616,-2399,,15.99,-93.96399999999988,-2298.741,-1101.741,54.21,60.24,49.45,81.82,false,false,0.95,2.02,20日累積後5日轉為調節；主動ETF 5日轉為減碼；投信20日買超後近5日轉賣；外資持股5/10日下降，且外資5日賣超
39,1708,東鹼,TWSE,化學工業,等待確認,正常持有,standard,今天不下單,每個交易日收盤後，檢查趨勢與法人籌碼,已有部位可續抱觀察，但暫不追價；若收盤跌破60日EMA約 49.84 且法人籌碼轉弱，先減碼三分之一。,未觸發明確減碼訊號,63.7,70.7,62,85,100,完整,50.1,,33.17,15.97,16.49,39.42,104.33,1.98,12.13,1.64,3.19,1,0,0,0,0,-19,0,139.747,2554.4410000000003,2053.0819999999994,2861.0819999999994,0,0,0,-19,0,0,0,-12.035999999999987,-75.27499999999999,9.93,184,2419,2191,,164.499,2566.477,2128.357,2947.357,50.07,64.75,56.08,82.07,false,false,0.16,1.62,20日趨勢尚未上彎
40,2428,興勤,TWSE,電子零組件業,等待確認,正常持有,standard,今天不下單,每個交易日收盤後，檢查趨勢與法人籌碼,已有部位可續抱觀察，但暫不追價；若收盤跌破60日EMA約 253.13 且法人籌碼轉弱，先減碼三分之一。,未觸發明確減碼訊號,61.3,70.4,72.4,85,100,完整,254.5,,51.21,27.61,22.64,36.2,299.37,7.55,18.09,2.76,2.32,3,0,0,0,-17,-243,0,-154.732,-409.29999999999984,-12.861999999999853,-1480.8619999999999,0,0,-17,-1110,0,0,0,1.6739999999999973,16.019,14.2,-27,-97,242,,-147,-410.97400000000005,-11.881000000000043,-378.8810000000001,50.52,52.12,52.68,51.01,false,true,0.15,0.2,
41,2889,國票金,TWSE,金融保險業,等待確認,正常持有,standard,今天不下單,每個交易日收盤後，檢查趨勢與法人籌碼,已有部位可續抱觀察，但暫不追價；若收盤跌破60日EMA約 15.96 且法人籌碼轉弱，先減碼三分之一。,未觸發明確減碼訊號,61.3,70.4,66.9,85,100,可用,16.8,,51.9,94.92,,88.92,,0.77,13.77,1.28,3.51,2,0,0,0,0,0,0,1239.451,-8893.161,7132.520000000001,79469.52,0,0,0,0,0,0,0,381.316,578.444,11.64,765,-6193,9204,,1250.072,-9274.476999999999,6554.076000000002,78791.076,58.49,57.97,70.33,33.27,false,false,1.21,-2.89,外資持股尚未完成5／10日可比核對或期間有非市場異動；此項不給分，不解讀為轉弱
42,3036,文曄,TWSE,電子通路業,等待確認,正常持有,standard,今天不下單,每個交易日收盤後，檢查趨勢與法人籌碼,已有部位可續抱觀察，但暫不追價；若收盤跌破60日EMA約 206.05 且法人籌碼轉弱，先減碼三分之一。,未觸發明確減碼訊號,67.1,69.9,50.7,85,100,可用,206,,98.21,109.2,2.11,84.66,111.03,13,10.57,2.1,3.79,23,-285,-315,1182,1154,-123,364,1137.012,1925.4649999999997,-1827.1200000000003,-27564.120000000003,-357,3651.375,3561.2,2775.2,3,2,752183250,535.067,954.7679999999999,27.7,-1307,-10182,52898,,1478.401,-2260.977,-6343.088,-30496.088,57.96,78.28,72.05,90.72,false,false,3.44,7.85,ETF 1/3日已轉為減碼；外資持股尚未完成5／10日可比核對或期間有非市場異動；此項不給分，不解讀為轉弱
43,6213,聯茂,TWSE,電子零組件業,等待確認,保護持有,protect,今天不新增部位；未完成確認前不機械式賣出,今天收盤後；若跌破，再看下一交易日是否收復,已有部位暫停加碼；若收盤跌破60日EMA約 447.33，且下一交易日仍未收復，先減碼三分之一；若ETF或外資繼續轉弱，再分批降低部位。,外資持股5/10日下降且外資5日賣超,79.9,69.7,47.9,85,100,可用,541,,97.93,42.25,10.99,47.81,173.03,4.39,83.88,8.71,0.55,17,94,99,531,948,603,481,466.986,278.9979999999996,1532.2069999999999,-2225.793,95,1267,1921,-1470,4,1,685447000,380.044,-136.356,20.91,-115,-1098,-631,,314.842,-1368.0460000000003,-252.43700000000032,-293.43700000000035,58.25,59.96,52.92,74.03,true,false,4.58,-1.64,外資持股5/10日下降，且外資5日賣超；借券賣出與借券賣出餘額壓力升高
44,6166,凌華,TWSE,電腦及週邊設備業,等待確認,正常持有,strong,強勢續抱；不追高,今日收盤確認是否守住20日EMA,價格仍在20／60日EMA之上且短線強勢；法人未同步轉弱。若收盤跌破20日EMA約 118.67 且法人續弱，再轉為保護持有。,價格強勢站上20／60日EMA；法人未同步轉弱,70.4,69.6,49.6,85,100,完整,126.5,,47.83,41.6,11.38,62.79,137.33,3.12,24.14,4.47,0.95,2,0,0,0,0,0,0,-186.15,630.962,712.342,-2883.658,0,0,0,0,0,0,0,46.010000000000005,-125.36999999999998,19.34,-192,665,805,,-175.434,584.9520000000001,837.7120000000001,-2754.288,58.6,65.23,51.39,92.9,false,false,6.6,15.53,
45,7610,聯友金屬-創,TWSE,綠能環保,等待確認,保護持有,protect,今天不新增部位；未完成確認前不機械式賣出,今天收盤後；若跌破，再看下一交易日是否收復,"已有部位暫停加碼；若收盤跌破60日EMA約 1,706.29，且下一交易日仍未收復，先減碼三分之一；若ETF或外資繼續轉弱，再分批降低部位。",外資持股5/10日下降且外資5日賣超,59.9,69.5,64.4,85,100,完整,1825,,852.63,563.52,63.23,52.41,289.5,25.37,52.38,28.45,0.14,1,0,0,11,11,11,0,-40.787,-413.37600000000003,-1181.6040000000003,-593.6040000000003,0,11,11,11,1,0,20075000,0.7420000000000001,-0.4929999999999999,19.26,-45,-329,-856,,-40.583,-425.118,-1192.1109999999999,-595.1109999999999,51.22,49.17,47.92,51.66,true,false,0.62,5.49,外資持股5/10日下降，且外資5日賣超
46,2327,國巨*,TWSE,電子零組件業,等待確認,正常持有,standard,今天不下單,每個交易日收盤後，檢查趨勢與法人籌碼,已有部位可續抱觀察，但暫不追價；若收盤跌破60日EMA約 602.63 且法人籌碼轉弱，先減碼三分之一。,未觸發明確減碼訊號,73.2,69.4,50.8,85,100,可用,573,,51.8,34.95,25.85,64.73,131.19,8.48,38.59,6.66,1.05,38,-638,-540,-146,142,-4208,-398,-5433.851,8239.708,-1463.7189999999998,-24760.719,-335,1331.159,3295.188,-14332.812,4,1,762754107,2717.8650000000002,1957.8470000000007,44.85,-6188,4247,-6663,,-5206.226,4190.684,-6716.754,-14156.754,51.06,56.44,46.57,76.18,true,false,2.31,6.9,ETF 1/3日已轉為減碼
47,2851,中再保,TWSE,金融保險業,等待確認,正常持有,standard,今天不下單,每個交易日收盤後，檢查趨勢與法人籌碼,已有部位可續抱觀察，但暫不追價；若收盤跌破60日EMA約 41.90 且法人籌碼轉弱，先減碼三分之一。,未觸發明確減碼訊號,69.2,69.2,66.8,85,100,完整,47.95,,-31.48,75.57,,59.8,,7.91,4.54,1.46,4.59,4,0,0,0,1379,2306,0,727.687,4151.06,6807.9980000000005,7741.9980000000005,0,0,1379,2306,0,0,0,-450.569,-602.1229999999999,10.96,845,4617,6245,,845,4601.629,6031.120999999999,6211.120999999999,64.21,78.1,73.03,88.25,false,false,4.38,3.45,
48,2302,麗正,TWSE,半導體業,等待確認,正常持有,standard,今天不下單,每個交易日收盤後，檢查趨勢與法人籌碼,已有部位可續抱觀察，但暫不追價；若收盤跌破60日EMA約 41.71 且法人籌碼轉弱，先減碼三分之一。,未觸發明確減碼訊號,68.2,69.1,53.3,85,100,完整,45.75,,87.72,37.96,14.17,34.29,148.18,0.6,42.76,4.14,0.77,1,0,0,0,0,-7,0,-609.193,407.69599999999997,2515.5110000000004,561.5110000000004,0,0,0,-7,0,0,0,157.712,149.39299999999997,2.73,-599,5,2078,,-665.146,249.9840000000001,2366.1180000000004,468.1180000000004,59.42,71.33,60.59,92.79,false,false,5.62,3.51,
49,2317,鴻海,TWSE,其他電子業,等待確認,正常持有,standard,今天不下單,每個交易日收盤後，檢查趨勢與法人籌碼,已有部位可續抱觀察，但暫不追價；若收盤跌破60日EMA約 249.90 且法人籌碼轉弱，先減碼三分之一。,未觸發明確減碼訊號,72.2,69.1,49.8,85,100,可用,256,,51.98,39.73,3.67,62.3,142.27,7.84,16.88,1.88,2.8,44,-67,236,-111,1775,-84,-21,7773.711,13983.773000000001,2344.245000000001,35052.245,967.926,920.6070000000001,4331.981,6475.981,3,2,235675392,3912.014,-90.91899999999941,40.46,5866,19215,-453,,5860.754,9151.152000000002,-1896.8169999999982,30062.183,56.85,72.58,56.72,104.31,false,false,1.95,3.23,主動ETF 5日轉為減碼；外資持股尚未完成5／10日可比核對或期間有非市場異動；此項不給分，不解讀為轉弱
50,7828,創新服務,TPEX,半導體業,等待確認,正常持有,standard,今天不下單,每個交易日收盤後，檢查趨勢與法人籌碼,"已有部位可續抱觀察，但暫不追價；若收盤跌破60日EMA約 1,804.58 且法人籌碼轉弱，先減碼三分之一。",未觸發明確減碼訊號,64.3,69.1,69.5,85,100,可用,1970,,192.14,226.2,39.39,10.55,741.72,4.52,199.8,15.44,0.23,2,0,0,0,2,1,0,10.64,10.64,10.64,710.64,0,0,0,52,0,0,0,4.184,4.184,28.62,,,,,6.456,6.456,6.456,689.456,53.82,41.58,45.87,33.02,false,false,2.97,-1.75,外資持股尚未完成5／10日可比核對或期間有非市場異動；此項不給分，不解讀為轉弱
51,2308,台達電,TWSE,電子零組件業,等待確認,正常持有,strong,強勢續抱；不追高,今日收盤確認是否守住20日EMA,"價格仍在20／60日EMA之上且短線強勢；法人未同步轉弱。若收盤跌破20日EMA約 1,775.90 且法人續弱，再轉為保護持有。",價格強勢站上20／60日EMA；法人未同步轉弱,78.7,69,48.2,85,100,可用,1900,,34.95,41.06,17.22,53.58,159.95,17.59,60.47,16.8,0.61,54,-39,1710,1624,1160,270,1550,135.287,10008.275,-4186.664000000001,-8636.664,211.002,5478.972,2789.5290000000005,-328.47099999999955,4,1,10410046800,1550.134,1014.4600000000003,61.63,-264,3289,-7936,,-139.009,2979.169,-7990.653,-9506.653,60.48,73.77,60.02,101.27,false,false,6.99,11.11,外資持股尚未完成5／10日可比核對或期間有非市場異動；此項不給分，不解讀為轉弱
52,2436,偉詮電,TWSE,半導體業,等待確認,正常持有,standard,今天不下單,每個交易日收盤後，檢查趨勢與法人籌碼,已有部位可續抱觀察，但暫不追價；若收盤跌破60日EMA約 66.57 且法人籌碼轉弱，先減碼三分之一。,未觸發明確減碼訊號,64.4,68.6,65.9,85,100,完整,69.6,,32.15,30.41,11.77,33,261.25,3.02,12.79,2.92,2.82,3,0,0,-18,272,671,-18,-324.904,369.1899999999999,46.380000000000024,-1198.62,0,-18,272,671,0,1,-1252800,138.11,128.414,12.33,-410,1453,1629,,-208.924,249.08000000000004,-354.0340000000001,-2245.0339999999997,56.04,66.67,56.44,87.13,true,false,2.79,2.35,20日累積後5日轉為調節；主動ETF 5日轉為減碼；借券賣出與借券賣出餘額壓力升高；單季稅前獲利對營業外貢獻依賴偏高
53,3653,健策,TWSE,電子零組件業,等待確認,正常持有,strong,強勢續抱；不追高,今日收盤確認是否守住20日EMA,"價格仍在20／60日EMA之上且短線強勢；法人未同步轉弱。若收盤跌破20日EMA約 5,600.79 且法人續弱，再轉為保護持有。",價格強勢站上20／60日EMA；法人未同步轉弱,70.6,68.5,64.1,85,100,可用,6410,,90.9,42.93,35.34,28.69,256.61,25.33,144.66,39.89,0.34,39,-8,-13,15,148,56,9,69.025,104.01,478.27099999999996,881.271,-22,152.172,492.61199999999997,112.61199999999997,3,2,975422520,25.717999999999996,39.28400000000001,26.4,23,-56,-46,,43.119,-73.88,-53.625000000000014,799.375,68.41,71.02,53.47,106.1,true,false,14.45,22.33,ETF 1/3日已轉為減碼；外資持股尚未完成5／10日可比核對或期間有非市場異動；此項不給分，不解讀為轉弱；短線過熱或乖離過大
54,3324,雙鴻,TPEX,其他電子業,等待確認,正常持有,strong,強勢續抱；不追高,今日收盤確認是否守住20日EMA,"價格仍在20／60日EMA之上且短線強勢；法人未同步轉弱。若收盤跌破20日EMA約 1,370.01 且法人續弱，再轉為保護持有。",價格強勢站上20／60日EMA；法人未同步轉弱,71.4,68.4,52.4,85,100,可用,1595,,67.18,81.01,16.87,59.14,183.92,23.01,36.79,11.19,0.75,5,35,36,40,36,39,35,351.586,351.586,351.586,9798.586,217,217,217,428,1,0,346115000,42.7,42.7,41.53,,,,,91.886,91.886,91.886,8842.886,69.1,82.01,69.86,106.3,false,false,16.42,17.28,外資持股尚未完成5／10日可比核對或期間有非市場異動；此項不給分，不解讀為轉弱；短線過熱或乖離過大；高波動且5日漲幅過大；ETF加碼金額或跨基金共識尚未同時成立
55,3563,牧德,TWSE,光電業,等待確認,正常持有,strong,強勢續抱；不追高,今日收盤確認是否守住20日EMA,價格仍在20／60日EMA之上且短線強勢；法人未同步轉弱。若收盤跌破20日EMA約 681.50 且法人續弱，再轉為保護持有。,價格強勢站上20／60日EMA；法人未同步轉弱,68.4,68.1,67.5,85,100,完整,753,,35.68,14.39,38.88,28.21,317.07,9.8,44.19,8.68,1.86,2,0,0,0,0,9,0,-127.033,278.97499999999997,-45.52600000000004,-14.526000000000067,0,0,-31,-31,0,0,0,109.10300000000001,66.31200000000001,7.65,55,486,350,,-193.346,169.87199999999999,-80.83800000000002,-40.83800000000002,65.68,61.69,41.89,101.3,false,false,10.49,17.29,
56,3014,聯陽,TWSE,半導體業,等待確認,正常持有,standard,今天不下單,每個交易日收盤後，檢查趨勢與法人籌碼,已有部位可續抱觀察，但暫不追價；若收盤跌破60日EMA約 134.24 且法人籌碼轉弱，先減碼三分之一。,未觸發明確減碼訊號,68.1,66.9,66.9,85,100,可用,143,,5.33,0.16,28.48,33.51,218.05,5.88,14.44,3.23,5.94,11,-52,136,189,245,310,0,-1474.381,1403.581,2393.4809999999998,1336.4809999999998,-48.894,191.627,247.82700000000003,313.827,4,1,27402661,35.605000000000004,33.784000000000006,20.12,-1379,1099,1951,,-1437.018,1176.349,2111.8699999999994,1028.8699999999994,72.08,81.63,74.27,96.36,false,false,6.65,7.92,
57,6197,佳必琪,TWSE,電子零組件業,等待確認,正常持有,standard,今天不下單,每個交易日收盤後，檢查趨勢與法人籌碼,已有部位可續抱觀察，但暫不追價；若收盤跌破60日EMA約 304.01 且法人籌碼轉弱，先減碼三分之一。,未觸發明確減碼訊號,67.5,66.8,59.6,85,100,完整,316.5,,25.35,23.68,22.77,43.32,210.43,7,26.75,6.88,2.19,1,0,0,0,0,-181,0,-29.377,477.462,264.399,-2451.601,0.027,0.027,-33.973,-216.973,1,0,8546,-18.916999999999987,-174.72699999999998,4.87,-13,431,492,,-18.258,496.352,473.0989999999999,-2187.9010000000003,55.72,66.08,54.41,89.42,false,false,2.86,7.29,
58,6214,精誠,TWSE,資訊服務業,等待確認,正常持有,standard,今天不下單,每個交易日收盤後，檢查趨勢與法人籌碼,已有部位可續抱觀察，但暫不追價；若收盤跌破60日EMA約 167.91 且法人籌碼轉弱，先減碼三分之一。,未觸發明確減碼訊號,65.4,66.8,53.6,85,100,完整,190,,61.91,39.65,4.26,57.26,154,6.15,17.74,2.81,3.16,9,0,0,0,-42,305,0,299.823,1388.608,2843.6879999999996,3033.6879999999996,1,2,-206.211,140.789,2,0,380000,36.833,-139.215,17.54,457,1365,3647,,304.823,1349.7749999999999,3189.114,3103.114,67.42,64.37,71.57,49.96,false,true,2.28,-0.52,
59,1609,大亞,TWSE,電器電纜,等待確認,正常持有,standard,今天不下單,每個交易日收盤後，檢查趨勢與法人籌碼,已有部位可續抱觀察，但暫不追價；若收盤跌破60日EMA約 37.23 且法人籌碼轉弱，先減碼三分之一。,未觸發明確減碼訊號,66,66.5,50.7,85,100,完整,37.85,,34.84,20.01,12.94,68.3,151.61,2.24,13.97,1.59,1.85,2,0,0,0,0,-1,0,737.295,3158.743,3025.048,3819.048,0,0,-100,-102,0,0,0,146.661,83.144,13.76,642,2743,2657,,735.898,3012.0820000000003,3041.9040000000005,3857.9040000000005,53.8,60.9,58.31,66.06,false,false,0.66,1.47,
60,2609,陽明,TWSE,航運業,等待確認,正常持有,standard,今天不下單,每個交易日收盤後，檢查趨勢與法人籌碼,已有部位可續抱觀察，但暫不追價；若收盤跌破60日EMA約 56.13 且法人籌碼轉弱，先減碼三分之一。,未觸發明確減碼訊號,70.3,66.4,66.5,85,100,可用,59.9,,56.17,11.93,7.6,28.37,420.88,2.05,13.49,0.64,3.34,9,67,166,491,-93,268,0,3244.436,30650.986,64275.002,66403.00200000001,71,498.428,103.31099999999998,621.3109999999999,4,1,29855837,1326.831,743.7510000000002,26,4017,29539,63684,,3211.004,28825.727,63427.94,65500.94,55.57,59.09,64.42,48.42,false,true,1.26,-0.5,20日趨勢尚未上彎
61,2801,彰銀,TWSE,金融保險業,等待確認,保護持有,protect,今天不新增部位；未完成確認前不機械式賣出,今天收盤後；若跌破，再看下一交易日是否收復,已有部位暫停加碼；若收盤跌破60日EMA約 25.14，且下一交易日仍未收復，先減碼三分之一；若ETF或外資繼續轉弱，再分批降低部位。,外資持股5/10日下降且外資5日賣超,70.7,66.4,59.6,85,100,可用,27.85,,21.13,14.34,,93.5,,0.94,16.38,1.43,3.77,19,1165,832,10279,45294,68844,170,-1649.232,-11928.494999999999,-3747.5889999999954,16407.411000000004,1165,10240.184,45869.009,69377.00899999999,2,3,285189124,1845.9279999999999,2164.1229999999996,16.44,-312,-14817,-40916,,-2794.26,-24014.607000000004,-51780.721000000005,-55479.721000000005,59.88,60.98,74.2,34.55,false,false,2.2,-3.63,外資持股5/10日下降，且外資5日賣超；借券賣出與借券賣出餘額壓力升高
62,2379,瑞昱,TWSE,半導體業,等待確認,正常持有,standard,今天不下單,每個交易日收盤後，檢查趨勢與法人籌碼,已有部位可續抱觀察，但暫不追價；若收盤跌破60日EMA約 717.51 且法人籌碼轉弱，先減碼三分之一。,未觸發明確減碼訊號,73.2,66.3,44.1,85,100,可用,761,,28.08,14.97,10.89,65.75,118.89,15.86,27.59,7.78,3.29,49,193,119,-72,142,2198,-6,1221.455,7435.2,10458.659,9713.659,165,3.5330000000000013,122.41600000000003,2343.416,1,4,2688613,203.779,15.488999999999974,46.14,1063,5971,13384,,1104.412,7227.888,10320.754,7444.754000000001,60.09,75.15,66.78,91.9,false,false,4.7,5.69,20日累積後5日轉為調節；主動ETF 5日轉為減碼
63,4551,智伸科,TWSE,汽車工業,等待確認,保護持有,protect,今天不新增部位；未完成確認前不機械式賣出,今天收盤後；若跌破，再看下一交易日是否收復,已有部位暫停加碼；若收盤跌破60日EMA約 167.95，且下一交易日仍未收復，先減碼三分之一；若ETF或外資繼續轉弱，再分批降低部位。,外資持股5/10日下降且外資5日賣超,68,66.3,60.6,85,100,完整,163.5,,33.5,21.06,14.4,37.61,221.94,4.77,17.16,2.04,2.57,2,0,92,92,92,86,92,-52.691,76.011,-404.00500000000005,-2328.005,0,92,92,252,1,0,15042000,-2.4319999999999995,-3.2829999999999986,54.11,-47,-29,-490,,-48.149,-13.556999999999999,-492.722,-2488.7219999999998,50.78,45.65,35.26,66.44,false,false,1.56,5.14,外資持股5/10日下降，且外資5日賣超
64,3680,家登,TPEX,半導體業,等待確認,正常持有,standard,今天不下單,每個交易日收盤後，檢查趨勢與法人籌碼,已有部位可續抱觀察，但暫不追價；若收盤跌破60日EMA約 497.49 且法人籌碼轉弱，先減碼三分之一。,未觸發明確減碼訊號,64.6,66.2,55.5,85,100,可用,528,,49.94,31.32,16.54,47.06,233.81,8.09,35.51,3.91,1.31,3,0,0,1,10,38,0,-134.685,-134.685,-134.685,4187.3150000000005,0,0,0,74,0,0,0,-37.79,-37.79,30.92,,,,,-96.895,-96.895,-96.895,3882.105,54.54,55.11,48.88,67.56,false,false,2.25,3.33,外資持股尚未完成5／10日可比核對或期間有非市場異動；此項不給分，不解讀為轉弱
65,6223,旺矽,TPEX,半導體業,等待確認,正常持有,standard,今天不下單,每個交易日收盤後，檢查趨勢與法人籌碼,"已有部位可續抱觀察，但暫不追價；若收盤跌破60日EMA約 5,649.73 且法人籌碼轉弱，先減碼三分之一。",未觸發明確減碼訊號,65.5,65.5,46.7,85,100,可用,5620,,69.87,54.79,33.54,55.09,161.51,28.08,120.34,34.62,0.39,37,55,-72,-45,27,-345,-43,234.919,234.919,234.919,-539.081,-52,-52,-52,-1264,0,1,-292240000,-9.613,-9.613,30.06,,,,,296.532,296.532,296.532,696.5319999999999,51.17,48.79,46.99,52.4,true,false,1.52,0.36,主動ETF 5日轉為減碼；外資持股尚未完成5／10日可比核對或期間有非市場異動；此項不給分，不解讀為轉弱
66,6805,富世達,TWSE,電子零組件業,等待確認,正常持有,strong,強勢續抱；不追高,今日收盤確認是否守住20日EMA,"價格仍在20／60日EMA之上且短線強勢；法人未同步轉弱。若收盤跌破20日EMA約 2,203.21 且法人續弱，再轉為保護持有。",價格強勢站上20／60日EMA；法人未同步轉弱,67.8,65.5,55.2,85,100,可用,2600,,29.14,49.81,27.31,47.74,210.62,25.77,55.61,21.34,0.48,17,-17,211,259,167,-371,219,472.725,1561.068,2450.252,4133.252,590,2576.7,2103.7,2118.7,5,0,6699420000,27.479,-42.922000000000004,15.2,-109,-903,475,,-112.598,-1043.1109999999999,389.47400000000016,2156.474,69.53,74.08,61.58,99.08,false,false,18.01,27.14,短線過熱或乖離過大；高波動且5日漲幅過大
67,6834,天二科技,TWSE,電子零組件業,等待確認,正常持有,strong,強勢續抱；不追高,今日收盤確認是否守住20日EMA,價格仍在20／60日EMA之上且短線強勢；外資偏弱先觀察，不因分歧減碼。若收盤跌破20日EMA約 102.61 且法人續弱，再轉為保護持有。,價格強勢站上20／60日EMA；外資偏弱，先觀察,61.9,65.5,53.6,85,100,完整,113.5,,114.3,52.76,10.85,40.75,153.28,1.6,49.35,6.51,0.35,1,0,0,0,0,-5,0,-198.767,-29.431999999999988,375.79200000000003,935.7919999999999,0,0,0,-5,0,0,0,146.094,185.68599999999998,12.79,-291,-539,-159,,-300.619,-175.52599999999995,190.10600000000005,723.106,62.86,65.04,60.93,73.26,false,false,10.61,13.5,外資持股5/10日下降，且外資5日賣超
68,2834,臺企銀,TWSE,金融保險業,等待確認,正常持有,standard,今天不下單,每個交易日收盤後，檢查趨勢與法人籌碼,已有部位可續抱觀察，但暫不追價；若收盤跌破60日EMA約 17.03 且法人籌碼轉弱，先減碼三分之一。,未觸發明確減碼訊號,63.3,65.3,66.4,85,100,可用,17.9,,8.82,6.52,,94,,0.71,13.16,1.13,5.59,7,0,0,68,-4315,-15347,0,-9025.164,-9705.340999999997,13220.481000000003,52282.481,0,81.41199999999999,-4357.267,-15562.267,3,0,1457275,1654.065,1455.069,16.65,-9701,-8214,1221,,-9087.656,-11440.818000000003,16122.678999999996,66103.679,55.89,56.03,71.15,25.8,false,false,0.81,-1.65,
69,4904,遠傳,TWSE,通信網路業,等待確認,正常持有,standard,今天不下單,每個交易日收盤後，檢查趨勢與法人籌碼,已有部位可續抱觀察，但暫不追價；若收盤跌破60日EMA約 102.89 且法人籌碼轉弱，先減碼三分之一。,未觸發明確減碼訊號,73.3,65.3,50.5,85,100,可用,105.5,,15.65,11.38,17.57,51.58,74.42,2.14,25.67,4.42,3.61,33,1145,1531,254,1267,-497,717,737.992,2444.089,6362.7210000000005,14938.721000000001,946,731.8220000000001,1066.592,1123.592,4,1,77207221,579.549,743.0059999999999,20.22,-384,1244,5338,,-361.557,1132.7179999999998,4553.123,14142.123,56.13,63.99,73.27,45.44,false,true,0.9,0.48,
70,2363,矽統,TWSE,半導體業,等待確認,正常持有,strong,強勢續抱；不追高,今日收盤確認是否守住20日EMA,價格仍在20／60日EMA之上且短線強勢；法人未同步轉弱。若收盤跌破20日EMA約 53.97 且法人續弱，再轉為保護持有。,價格強勢站上20／60日EMA；法人未同步轉弱,65.9,65.2,57.4,85,100,完整,59.2,,81.06,92.6,5.52,5.93,176.11,0.2,109.63,0.62,1.03,3,0,0,0,0,0,0,-628.51,4417.629,5363.272999999999,1508.2729999999992,0,0,0,0,0,0,0,1515.386,1112.1509999999996,7.04,189,3726,5635,,-147.569,2902.2429999999995,4251.121999999999,-381.8780000000006,66.03,69.02,57.61,91.85,false,false,9.7,13.85,
71,5536,聖暉*,TPEX,其他電子業,等待確認,正常持有,standard,今天不下單,每個交易日收盤後，檢查趨勢與法人籌碼,已有部位可續抱觀察，但暫不追價；若收盤跌破60日EMA約 941.89 且法人籌碼轉弱，先減碼三分之一。,未觸發明確減碼訊號,62.9,65.1,54.1,85,100,可用,893,,44.54,26.89,17.71,55.52,160.97,23.73,22.31,6.67,2.24,8,-1,-1,1,23,4,0,-539.276,-539.276,-539.276,-1112.2759999999998,-1,-1,-1,68,0,1,-893000,4.793,4.793,42.71,,,,,-543.069,-543.069,-543.069,-1197.069,51.52,71.32,58.59,96.77,false,false,2.47,6.44,ETF 1/3日已轉為減碼；外資持股尚未完成5／10日可比核對或期間有非市場異動；此項不給分，不解讀為轉弱
72,1513,中興電,TWSE,電機機械,等待確認,正常持有,standard,今天不下單,每個交易日收盤後，檢查趨勢與法人籌碼,已有部位可續抱觀察，但暫不追價；若收盤跌破60日EMA約 164.63 且法人籌碼轉弱，先減碼三分之一。,未觸發明確減碼訊號,72.2,65,48.8,85,100,完整,165.5,,8.93,4.21,19.35,56.3,105.97,4.5,18.62,3.93,3.63,11,28,419,1182,1233,701,0,343.67,2902.6630000000005,3177.3960000000006,7047.396000000001,1,1247.917,1238.917,885.9169999999999,4,0,206530263,237.807,188.22299999999998,12.97,308,853,3178,,324.973,1416.939,1750.2559999999999,5960.255999999999,51.03,58.87,49.99,76.65,false,false,0.21,1.85,
73,2316,楠梓電,TWSE,電子零組件業,等待確認,正常持有,standard,今天不下單,每個交易日收盤後，檢查趨勢與法人籌碼,已有部位可續抱觀察，但暫不追價；若收盤跌破60日EMA約 160.63 且法人籌碼轉弱，先減碼三分之一。,未觸發明確減碼訊號,58.3,64.9,65.8,85,100,完整,159,,61.19,40.6,-11.96,31.91,225.44,6.54,11.11,2,1.26,1,0,0,0,0,-13,0,-592.302,-684.152,-768.04,-1085.04,0.024,0.024,0.024,-12.975999999999999,1,0,3816,-25.112000000000002,-42.681,37.6,-416,-94,284,,-531.824,-659.064,-725.3829999999999,-1004.3829999999998,50,46.93,39.45,61.88,true,true,0.41,0.32,單季稅前獲利對營業外貢獻依賴偏高
74,1560,中砂,TWSE,電機機械,等待確認,正常持有,strong,強勢續抱；不追高,今日收盤確認是否守住20日EMA,價格仍在20／60日EMA之上且短線強勢；法人未同步轉弱。若收盤跌破20日EMA約 797.13 且法人續弱，再轉為保護持有。,價格強勢站上20／60日EMA；法人未同步轉弱,73.1,64.7,54.8,85,100,可用,955,,30.38,24.45,21.9,36.64,166.07,6.44,81.21,15.76,0.52,13,83,166,218,550,382,208,554.139,2382.603,3321.8149999999996,4333.815,329.3,1274.9,1807.5,1445.5,5,0,1217529500,-18.85900000000001,-173.509,40.07,228,1166,1707,,253.366,1126.5620000000001,1687.824,3075.824,75.73,89,84.68,97.63,false,false,19.8,28.88,短線過熱或乖離過大
75,5439,高技,TPEX,電子零組件業,等待確認,正常持有,standard,今天不下單,每個交易日收盤後，檢查趨勢與法人籌碼,已有部位可續抱觀察，但暫不追價；若收盤跌破60日EMA約 264.87 且法人籌碼轉弱，先減碼三分之一。,未觸發明確減碼訊號,65.7,64.7,53.6,85,100,可用,253,,5.24,34.29,15.78,67.67,169.55,8.15,13.99,5.83,2.85,2,85,204,204,204,-64,204,-171.934,-171.934,-171.934,-3341.934,85,85,85,-183,1,0,21505000,-25.699,-25.699,23.23,,,,,-231.235,-231.235,-231.235,-3126.235,50.86,48.58,33.2,79.34,true,false,0.91,3.9,外資持股尚未完成5／10日可比核對或期間有非市場異動；此項不給分，不解讀為轉弱
76,1714,和桐,TWSE,化學工業,等待確認,正常持有,standard,今天不下單,每個交易日收盤後，檢查趨勢與法人籌碼,已有部位可續抱觀察，但暫不追價；若收盤跌破60日EMA約 15.80 且法人籌碼轉弱，先減碼三分之一。,未觸發明確減碼訊號,57.8,64.6,66,85,100,完整,15.8,,56.11,60.54,11.49,29.6,335.99,0.89,13.39,1.17,1.14,1,0,0,0,0,-1865,0,-1085.332,2199.4069999999997,-3883.069,-18490.069,0,0,0,-1865,0,0,0,-150.22299999999998,-313.73199999999997,16.4,-1198,1965,-1882,,-1044.015,2349.63,-3569.3369999999995,-16908.337,47.03,59.97,47.72,84.47,false,false,-1.74,1.28,20日趨勢尚未上彎；當下除權息調整價未守20日EMA
77,3231,緯創,TWSE,電腦及週邊設備業,等待確認,保護持有,protect,今天不新增部位；未完成確認前不機械式賣出,今天收盤後；若跌破，再看下一交易日是否收復,已有部位暫停加碼；若收盤跌破60日EMA約 176.46，且下一交易日仍未收復，先減碼三分之一；若ETF或外資繼續轉弱，再分批降低部位。,投信5/10日持續且具金額意義地賣超,59.9,64.5,47.6,85,100,可用,180,,166.48,98.87,3.59,82.37,118.14,7.78,14.3,2.95,3.06,40,-941,-800,3632,9649,19419,-1293,-6787.994,-32985.013999999996,-86548.198,-88999.198,-2870,-7233.252,-3309.937000000001,26872.063,2,3,-1301985360,1395.1129999999998,-1186.1360000000002,34.76,-14833,-57360,128892,,-4021.314,-27146.875,-82052.125,-116885.125,45.96,22.48,31,5.44,false,true,-2.17,-1.64,ETF 1/3日已轉為減碼；主動ETF 5日轉為減碼；投信5/10日持續且具金額意義的賣超；外資持股尚未完成5／10日可比核對或期間有非市場異動；此項不給分，不解讀為轉弱；當下除權息調整價未守20日EMA
78,2890,永豐金,TWSE,金融保險業,等待確認,保護持有,protect,今天不新增部位；未完成確認前不機械式賣出,今天收盤後；若跌破，再看下一交易日是否收復,已有部位暫停加碼；若收盤跌破60日EMA約 40.64，且下一交易日仍未收復，先減碼三分之一；若ETF或外資繼續轉弱，再分批降低部位。,外資持股5/10日下降且外資5日賣超,67.3,64.4,54.5,85,100,可用,45.05,,49.48,53.91,,93.3,,1.66,17,2.46,2.89,32,1856,2328,6415,43426,44119,0,-2151.328,1642.758,12877.868,70883.868,1456,8926.93,43233.515,53463.515,4,1,402158196,1637.527,3241.6500000000005,29.5,-4128,-6012,-16818,,-3896.912,-8921.699,-33597.297000000006,18264.702999999994,66.06,76.08,81.67,64.9,false,false,3.32,-0.55,外資持股5/10日下降，且外資5日賣超
79,3034,聯詠,TWSE,半導體業,等待確認,正常持有,standard,今天不下單,每個交易日收盤後，檢查趨勢與法人籌碼,已有部位可續抱觀察，但暫不追價；若收盤跌破60日EMA約 526.66 且法人籌碼轉弱，先減碼三分之一。,未觸發明確減碼訊號,65.8,64.4,58.2,85,100,可用,545,,26.33,4.11,20.26,42.09,222.47,16.59,19.02,4.81,4.22,50,8,-180,-103,539,1548,-31,-655.669,3241.3619999999996,7458.562,12964.562,-26,-15.625,515.677,1786.6770000000001,1,4,-8515625,289.235,428.0109999999999,44.95,-209,3407,4955,,-593.615,2967.752,6514.874,10934.874,51.53,62.64,65.33,57.27,false,true,0.14,-0.55,20日累積後5日轉為調節；主動ETF 5日轉為減碼
80,3693,營邦,TPEX,電腦及週邊設備業,等待確認,正常持有,standard,今天不下單,每個交易日收盤後，檢查趨勢與法人籌碼,已有部位可續抱觀察，但暫不追價；若收盤跌破60日EMA約 591.11 且法人籌碼轉弱，先減碼三分之一。,未觸發明確減碼訊號,63.6,64.4,52,85,100,可用,732,,171.01,25.27,10.27,46.95,164.12,8.66,47.47,5.99,1.09,1,0,0,0,0,0,0,441.898,441.898,441.898,4623.898,-5,-5,-5,-5,0,1,-3660000,29.812,29.812,21.64,,,,,417.086,417.086,417.086,4358.086,71.43,75.63,69.9,87.1,true,true,10.66,7.49,外資持股尚未完成5／10日可比核對或期間有非市場異動；此項不給分，不解讀為轉弱
81,5880,合庫金,TWSE,金融保險業,等待確認,正常持有,standard,今天不下單,每個交易日收盤後，檢查趨勢與法人籌碼,已有部位可續抱觀察，但暫不追價；若收盤跌破60日EMA約 25.60 且法人籌碼轉弱，先減碼三分之一。,未觸發明確減碼訊號,63.5,64.4,59.1,85,100,可用,26.75,,23.6,18.31,,94.53,,0.8,17.48,1.45,3.93,17,-125,766,-924,1751,-7567,0,-2366.2,9868.26,34211.331,114920.331,-100,-980.6030000000001,1713.2469999999998,-4438.753000000001,3,2,-26231130,3218.8450000000003,4580.6320000000005,17.37,-2492,6221,28938,,-3106.001,7630.017999999999,27917.451999999997,113556.45199999999,55.42,51.94,70.34,15.13,false,false,0.34,-2.19,外資持股尚未完成5／10日可比核對或期間有非市場異動；此項不給分，不解讀為轉弱
82,1303,南亞,TWSE,塑膠工業,等待確認,保護持有,protect,今天不新增部位；未完成確認前不機械式賣出,今天收盤後；若跌破，再看下一交易日是否收復,已有部位暫停加碼；若收盤跌破60日EMA約 198.44，且下一交易日仍未收復，先減碼三分之一；若ETF或外資繼續轉弱，再分批降低部位。,外資持股5/10日下降且外資5日賣超,69.9,64.3,51.8,85,100,可用,227.5,,46.75,23.17,9.92,31.17,177.84,5.17,36.69,3.78,0.35,31,-859,-168,6302,7417,8724,7223,-9269.772,-19532.319000000003,-46491.434,-17179.434,-739,26793.589,34671.448000000004,66416.448,4,1,6095541498,302.19300000000004,-1478.021,29.85,-8569,-40894,-72834,,-8547.891,-46628.101,-79684.86099999999,-79182.86099999999,53.27,42.55,49.96,27.73,false,true,0.5,1.56,ETF 1/3日已轉為減碼；外資持股5/10日下降，且外資5日賣超；借券賣出與借券賣出餘額壓力升高；單季稅前獲利對營業外貢獻依賴偏高
83,8926,台汽電,TWSE,油電燃氣業,等待確認,正常持有,standard,今天不下單,每個交易日收盤後，檢查趨勢與法人籌碼,已有部位可續抱觀察，但暫不追價；若收盤跌破60日EMA約 60.10 且法人籌碼轉弱，先減碼三分之一。,未觸發明確減碼訊號,61.8,64.3,46,85,100,完整,58.4,,1263.62,824.82,8.18,62.23,145.36,3.27,16.04,2.44,3.63,5,0,0,8,120,337,0,-19.9,-22.21700000000004,-3840.625,-4578.625,2,12,154.023,366.023,3,0,700800,58.995999999999995,67.96799999999999,6.62,-104,540,-836,,-17.967,-93.21299999999997,-4062.616,-5000.616,48.97,56.02,59.76,48.54,false,true,0.1,-0.17,
84,8932,智通*,TPEX,數位雲端,等待確認,正常持有,standard,今天不下單,每個交易日收盤後，檢查趨勢與法人籌碼,已有部位可續抱觀察，但暫不追價；若收盤跌破60日EMA約 89.94 且法人籌碼轉弱，先減碼三分之一。,未觸發明確減碼訊號,63.2,64.3,62.6,85,100,可用,93.2,,12.76,11.97,44.53,37.52,250.98,1.13,44.17,13.45,1.42,1,0,0,0,0,0,0,-76.325,-76.325,-76.325,-5887.325,0,0,0,0,0,0,0,-210.761,-210.761,28.16,,,,,134.436,134.436,134.436,-4043.564,53.14,68.11,58.65,87.02,false,false,1.72,4.37,外資持股尚未完成5／10日可比核對或期間有非市場異動；此項不給分，不解讀為轉弱
85,6426,統新,TWSE,通信網路業,等待確認,正常持有,strong,強勢續抱；不追高,今日收盤確認是否守住20日EMA,價格仍在20／60日EMA之上且短線強勢；法人未同步轉弱。若收盤跌破20日EMA約 317.17 且法人續弱，再轉為保護持有。,價格強勢站上20／60日EMA；法人未同步轉弱,58.9,64.1,68.4,85,100,完整,391.5,,78.21,68.31,26.07,10.23,811.46,2.96,98.86,15.1,0.13,1,0,0,0,-33,118,0,109.331,673.682,71.36700000000008,3126.367,0,0,-33,118,0,0,0,11.630999999999997,-13.112,16.3,109,730,305,,92.285,662.0509999999999,117.47899999999993,2963.479,74.22,87.94,85.84,92.15,true,true,23.44,18.64,短線過熱或乖離過大；KD高檔死亡交叉，等待動能確認；高波動且5日漲幅過大
86,3081,聯亞,TPEX,通信網路業,等待確認,正常持有,standard,今天不下單,每個交易日收盤後，檢查趨勢與法人籌碼,"已有部位可續抱觀察，但暫不追價；若收盤跌破60日EMA約 2,583.35 且法人籌碼轉弱，先減碼三分之一。",未觸發明確減碼訊號,58.6,64.1,68,85,99.6,可用,2680,,180.9,129.04,44.5,24.1,288.03,7.75,230.64,52.54,0.15,20,-25,-23,4,11,132,0,-370.247,-370.247,-370.247,1457.753,-308,-308,-308,-181,0,1,-825440000,-22.145,-22.145,18.64,,,,,-40.102,-40.102,-40.102,1635.8980000000001,45.41,35.52,31.04,44.49,false,false,-5.68,-4.46,ETF 1/3日已轉為減碼；外資持股尚未完成5／10日可比核對或期間有非市場異動；此項不給分，不解讀為轉弱；20日趨勢尚未上彎；當下除權息調整價未守20日EMA
87,2812,台中銀,TWSE,金融保險業,等待確認,正常持有,standard,今天不下單,每個交易日收盤後，檢查趨勢與法人籌碼,已有部位可續抱觀察，但暫不追價；若收盤跌破60日EMA約 19.05 且法人籌碼轉弱，先減碼三分之一。,未觸發明確減碼訊號,60.7,63.9,66.6,85,100,完整,19.15,,1.76,16.74,,90.61,,0.87,11.4,1.2,5.54,6,0,0,62,-2106,-8411,0,-3995.808,-5336.624000000001,21331.411999999997,54987.412,0,63.788,-2121.37,-8427.369999999999,2,0,1221540,642.204,686.387,9.41,-2639,-5123,22271,,-3990.808,-6042.615999999998,22766.395000000004,62534.395000000004,48.75,43.32,55.64,18.68,false,true,-0.41,-0.78,當下除權息調整價未守20日EMA
88,1608,華榮,TWSE,電器電纜,等待確認,正常持有,standard,今天不下單,每個交易日收盤後，檢查趨勢與法人籌碼,已有部位可續抱觀察，但暫不追價；若收盤跌破60日EMA約 35.15 且法人籌碼轉弱，先減碼三分之一。,未觸發明確減碼訊號,57.8,63.8,67.2,85,100,完整,35.75,,17.9,19.18,10.42,37.4,158.43,7.04,3.1,1.34,5.59,3,0,0,-5,1,-33,0,550.334,139.90999999999983,-1027.381,3227.6189999999997,0,-4.937,-156.417,-195.417,0,1,-176498,-1.8019999999999996,-184.675,5.19,596,382,-326,,566.613,146.64900000000006,-686.2889999999999,3384.7110000000002,48.64,26.1,23.3,31.72,true,true,-0.76,-0.69,20日趨勢尚未上彎；當下除權息調整價未守20日EMA；單季稅前獲利對營業外貢獻依賴偏高
89,4915,致伸,TWSE,電子零組件業,等待確認,正常持有,standard,今天不下單,每個交易日收盤後，檢查趨勢與法人籌碼,已有部位可續抱觀察，但暫不追價；若收盤跌破60日EMA約 64.16 且法人籌碼轉弱，先減碼三分之一。,未觸發明確減碼訊號,66.9,63.8,51.8,85,100,完整,64.4,,20.38,13.33,4.03,62.65,127.13,2.55,13.01,1.49,7.1,11,300,300,298,2051,2185,0,-46.62,1180.72,102.96700000000011,-3112.033,300,297.817,2050.817,2187.817,1,1,19179415,-168.528,-490.1700000000001,24.95,-663,1612,348,,-389,1051.431,-1457.68,-4626.68,57.51,68.58,73.77,58.22,false,true,1.95,-1.83,
90,8110,華東,TWSE,半導體業,等待確認,正常持有,strong,強勢續抱；不追高,今日收盤確認是否守住20日EMA,價格仍在20／60日EMA之上且短線強勢；外資偏弱先觀察，不因分歧減碼。若收盤跌破20日EMA約 45.44 且法人續弱，再轉為保護持有。,價格強勢站上20／60日EMA；外資偏弱，先觀察,59.9,63.6,68.2,85,100,完整,49.7,,24.85,15.54,2.74,18.15,273.44,2.59,9.12,1.33,3,2,0,0,0,0,0,0,-3063.937,-8921.996,-7932.588000000001,-7319.588,0,0,0,0,0,0,0,541.758,472.52099999999996,0.97,-2804,-6318,-4929,,-3173.27,-9463.754,-8405.109,-7650.109,61.99,69.68,57.46,94.13,false,false,9.39,18.62,外資持股5/10日下降，且外資5日賣超；融資增幅與短線漲幅同步偏高；借券賣出與借券賣出餘額壓力升高；單季稅前獲利對營業外貢獻依賴偏高
91,4576,大銀微系統,TWSE,電機機械,等待確認,正常持有,standard,今天不下單,每個交易日收盤後，檢查趨勢與法人籌碼,已有部位可續抱觀察，但暫不追價；若收盤跌破60日EMA約 219.78 且法人籌碼轉弱，先減碼三分之一。,未觸發明確減碼訊號,58.6,63.5,55.1,85,100,完整,223.5,,98.05,55.75,17.35,38.14,200.45,1.92,68.14,6.24,0.36,1,0,0,0,0,0,0,2.064,-301.207,26.265000000000043,1705.265,0,0,81,160,0,0,0,67.43700000000001,75.12400000000002,7.38,141,-129,361,,12.85,-368.64399999999995,-129.85899999999992,1305.141,47.8,25.89,35.06,7.55,false,false,-2.61,-4.08,當下除權息調整價未守20日EMA
92,2353,宏碁,TWSE,電腦及週邊設備業,等待確認,正常持有,standard,今天不下單,每個交易日收盤後，檢查趨勢與法人籌碼,已有部位可續抱觀察，但暫不追價；若收盤跌破60日EMA約 31.36 且法人籌碼轉弱，先減碼三分之一。,未觸發明確減碼訊號,65.2,63.3,46.4,85,100,完整,31.55,,38.41,25.08,1.64,67.67,121.95,0.96,18.78,1.23,4.12,16,286,407,685,3117,10669,0,988.356,236.65100000000075,12900.188,12496.188000000002,113,1111.275,3032.187,11714.187,5,0,35060726,762.8599999999999,4262.373999999999,13.89,-1901,1949,20580,,-81.779,-1637.4840000000004,5605.6269999999995,-1883.3729999999996,50.33,45.25,47.21,41.33,false,true,-0.09,-1.41,當下除權息調整價未守20日EMA；單季稅前獲利對營業外貢獻依賴偏高
93,5876,上海商銀,TWSE,金融保險業,等待確認,正常持有,standard,今天不下單,每個交易日收盤後，檢查趨勢與法人籌碼,已有部位可續抱觀察，但暫不追價；若收盤跌破60日EMA約 45.23 且法人籌碼轉弱，先減碼三分之一。,未觸發明確減碼訊號,69,63.2,59.4,85,100,可用,49.25,,7.06,1.96,,88.62,,2.08,13.91,1.12,3.65,19,667,1222,1370,4626,6681,0,183.244,6417.334999999999,19947.751,57184.751000000004,390,1983.862,4354.862,8146.862000000001,5,0,97705204,1105.9610000000002,1474.6290000000001,55.68,-1085,4064,13261,,-466.903,3327.5119999999997,14118.259999999998,49402.259999999995,65.15,83.35,87.88,74.28,false,false,3,-1.01,
94,6907,雅特力-KY,TPEX,半導體業,等待確認,正常持有,standard,今天不下單,每個交易日收盤後，檢查趨勢與法人籌碼,已有部位可續抱觀察，但暫不追價；若收盤跌破60日EMA約 179.40 且法人籌碼轉弱，先減碼三分之一。,未觸發明確減碼訊號,55.9,63.1,57.8,85,100,可用,184.5,,198.72,115.32,15.78,36.08,303.6,4,37.05,7.13,0.54,1,0,0,0,0,0,0,-60.846,-60.846,-60.846,-32.846000000000004,0,0,0,0,0,0,0,-15.854,-15.854,52.27,,,,,-44.992,-44.992,-44.992,-136.99199999999996,49.81,44.64,35.71,62.49,true,false,-0.22,1.65,外資持股尚未完成5／10日可比核對或期間有非市場異動；此項不給分，不解讀為轉弱；20日趨勢尚未上彎；當下除權息調整價未守20日EMA
95,8046,南電,TWSE,電子零組件業,等待確認,正常持有,standard,今天不下單,每個交易日收盤後，檢查趨勢與法人籌碼,"已有部位可續抱觀察，但暫不追價；若收盤跌破60日EMA約 1,095.02 且法人籌碼轉弱，先減碼三分之一。",未觸發明確減碼訊號,71.5,63.1,57.9,85,100,可用,1210,,40.59,39.56,17.18,24.03,338.73,5.53,142.19,15.87,0.17,34,52,-500,788,1044,2347,-209,3802.105,5804.578,7133.289000000001,-0.7109999999993306,44,-611.099,-488.09900000000005,-6665.099,3,2,-739429790,836.832,897.293,12.6,2811,6269,6665,,3401.458,5578.844999999999,6724.094999999999,6554.094999999999,57.58,73.24,57.56,104.59,false,false,7.99,9.5,主動ETF 5日轉為減碼；20日趨勢尚未上彎
96,2464,盟立,TWSE,其他電子業,等待確認,正常持有,standard,今天不下單,每個交易日收盤後，檢查趨勢與法人籌碼,已有部位可續抱觀察，但暫不追價；若收盤跌破60日EMA約 176.47 且法人籌碼轉弱，先減碼三分之一。,未觸發明確減碼訊號,69.5,63,36.8,85,100,可用,195,,73.71,31.44,4.36,55.35,126.78,0.66,513.16,7.41,0.24,4,0,6,25,0,202,0,257.909,-403.5449999999994,-3598.2469999999994,-4056.2469999999994,0,25,50,702,3,0,4875000,203.04399999999998,-52.320000000000036,14.57,114,1114,773,,173.894,-631.5890000000002,-3595.9269999999997,-5077.927,53.8,57.8,44.71,83.97,false,false,2.9,6.56,借券賣出與借券賣出餘額壓力升高
97,3529,力旺,TPEX,半導體業,等待確認,正常持有,strong,強勢續抱；不追高,今日收盤確認是否守住20日EMA,"價格仍在20／60日EMA之上且短線強勢；法人未同步轉弱。若收盤跌破20日EMA約 2,739.61 且法人續弱，再轉為保護持有。",價格強勢站上20／60日EMA；法人未同步轉弱,65.5,63,52.2,85,98.8,可用,3305,,42.77,21.9,60.64,43.12,194.99,15.75,110.87,70.77,0.62,15,27,34,32,62,-24,36,-68.097,-68.097,-68.097,-1408.097,1080,1080,1080,2434,1,0,3569400000,-62.924,-62.924,59.46,,,,,-1085.173,-1085.173,-1085.173,-3940.173,68.97,85.8,77.48,102.43,false,false,20.64,22.41,外資持股尚未完成5／10日可比核對或期間有非市場異動；此項不給分，不解讀為轉弱；短線過熱或乖離過大；高波動且5日漲幅過大
98,2892,第一金,TWSE,金融保險業,等待確認,正常持有,standard,今天不下單,每個交易日收盤後，檢查趨勢與法人籌碼,已有部位可續抱觀察，但暫不追價；若收盤跌破60日EMA約 35.57 且法人籌碼轉弱，先減碼三分之一。,未觸發明確減碼訊號,72,62.9,53.3,85,100,可用,39.85,,13.9,17.99,,94.24,,1.24,18.62,1.9,3.26,27,3212,3661,8843,37877,45559,0,1867.364,34089.099,92708.73700000001,259913.73700000002,3234,8780.507,37840.38799999999,48749.38799999999,4,1,349903204,1805.2089999999998,2932.6099999999997,26.72,-1033,36104,54350,,-1406.694,23503.383,51935.739,208419.739,70.63,73.16,79.69,60.09,false,false,4.27,-0.38,借券賣出與借券賣出餘額壓力升高
99,3479,安勤,TPEX,電腦及週邊設備業,等待確認,正常持有,standard,今天不下單,每個交易日收盤後，檢查趨勢與法人籌碼,已有部位可續抱觀察，但暫不追價；若收盤跌破60日EMA約 130.39 且法人籌碼轉弱，先減碼三分之一。,未觸發明確減碼訊號,58.1,62.9,53.6,85,100,可用,130.5,,35.43,17.27,8.25,57.39,155.72,3.95,17.9,2.84,3.54,1,0,0,0,-1,-1,0,-8.718,-8.718,-8.718,289.282,0,0,0,0,0,0,0,-1.421,-1.421,8.16,,,,,-7.297,-7.297,-7.297,308.703,50.34,46.72,56.21,27.76,false,true,0.48,1.16,外資持股尚未完成5／10日可比核對或期間有非市場異動；此項不給分，不解讀為轉弱
100,3293,鈊象,TPEX,文化創意業,等待確認,正常持有,standard,今天不下單,每個交易日收盤後，檢查趨勢與法人籌碼,已有部位可續抱觀察，但暫不追價；若收盤跌破60日EMA約 731.55 且法人籌碼轉弱，先減碼三分之一。,未觸發明確減碼訊號,67.4,62.8,56.2,85,100,可用,729,,24.8,18.09,59.05,55.02,152.62,22.77,16.84,13.59,4.94,17,35,125,621,986,-7625,46,295.503,295.503,295.503,-5019.497,35,35,35,-8588,1,0,25515000,-17.341,-17.341,28.86,,,,,277.844,277.844,277.844,3674.844,54.03,89.12,76.17,115.04,false,false,1.43,2.97,外資持股尚未完成5／10日可比核對或期間有非市場異動；此項不給分，不解讀為轉弱
101,6173,信昌電,TPEX,電子零組件業,等待確認,正常持有,standard,今天不下單,每個交易日收盤後，檢查趨勢與法人籌碼,已有部位可續抱觀察，但暫不追價；若收盤跌破60日EMA約 240.92 且法人籌碼轉弱，先減碼三分之一。,未觸發明確減碼訊號,59.6,62.8,63.3,85,100,可用,302.5,,54.27,26.14,21.45,17.1,208.65,2.98,56.97,5.1,0.6,2,0,0,0,199,359,0,-181.537,-181.537,-181.537,2660.4629999999997,0,0,0,308,0,0,0,23.747,23.747,14.04,,,,,-205.284,-205.284,-205.284,2707.716,62.47,62.91,69.79,49.15,false,false,8.43,-3.97,外資持股尚未完成5／10日可比核對或期間有非市場異動；此項不給分，不解讀為轉弱
102,6472,保瑞,TWSE,生技醫療業,等待確認,正常持有,standard,今天不下單,每個交易日收盤後，檢查趨勢與法人籌碼,已有部位可續抱觀察，但暫不追價；若收盤跌破60日EMA約 417.82 且法人籌碼轉弱，先減碼三分之一。,未觸發明確減碼訊號,65.6,62.8,41.9,85,100,可用,436,,59.22,6.09,14.11,66.33,129.65,4.56,35.94,3.68,2.29,2,0,0,-1,0,-1,0,334.519,1101.808,1159.906,-177.09400000000005,-43,265.611,283.611,508.611,1,3,115806396,87.30499999999999,89.895,12.88,251,951,2969,,293.574,748.892,786.4000000000001,-675.5999999999999,56.32,64.28,56.37,80.11,false,false,3.49,5.83,外資持股尚未完成5／10日可比核對或期間有非市場異動；此項不給分，不解讀為轉弱；20日趨勢尚未上彎
103,2884,玉山金,TWSE,金融保險業,等待確認,保護持有,protect,今天不新增部位；未完成確認前不機械式賣出,今天收盤後；若跌破，再看下一交易日是否收復,已有部位暫停加碼；若收盤跌破60日EMA約 40.09，且下一交易日仍未收復，先減碼三分之一；若ETF或外資繼續轉弱，再分批降低部位。,外資持股5/10日下降且外資5日賣超,69.2,62.5,51.2,85,100,可用,45.6,,19.29,21.26,,94.21,,1.32,18.92,2.62,3.07,31,3555,4788,12533,37107,70597,0,-1472.453,4697.207,25327.067,57383.066999999995,3005,14237.118,39730.571,82010.571,5,0,649212581,2757.868,3352.144,30.31,-4410,-17738,-37898,,-5007.225,-12297.779,-17755.648,-26680.648,64.94,63.02,76.74,35.57,false,false,3.35,-1.83,外資持股5/10日下降，且外資5日賣超；借券賣出與借券賣出餘額壓力升高
104,8070,長華*,TWSE,電子通路業,等待確認,正常持有,standard,今天不下單,每個交易日收盤後，檢查趨勢與法人籌碼,已有部位可續抱觀察，但暫不追價；若收盤跌破60日EMA約 49.91 且法人籌碼轉弱，先減碼三分之一。,未觸發明確減碼訊號,58.8,62.5,65.5,85,100,完整,49.55,,37.57,27.68,12.01,39.01,235.2,1.3,29.32,1.31,5.47,8,0,0,417,415,358,420,-254.014,364.581,711.4770000000001,-400.5229999999999,0,416.631,260.782,199.78199999999998,1,1,20644066,96.59700000000001,60.47800000000002,10.91,-311,-211,271,,-290,-148.64699999999988,390.2170000000001,-552.7829999999999,48.59,57.69,55.38,62.32,false,false,-0.56,0.61,當下除權息調整價未守20日EMA
105,6202,盛群,TWSE,半導體業,等待確認,正常持有,standard,今天不下單,每個交易日收盤後，檢查趨勢與法人籌碼,已有部位可續抱觀察，但暫不追價；若收盤跌破60日EMA約 58.12 且法人籌碼轉弱，先減碼三分之一。,未觸發明確減碼訊號,65.2,62.4,58.1,85,100,完整,59,,43.73,18.93,11.26,29.68,345.14,0.94,49.17,3.36,1.15,3,0,0,0,0,-460,0,244.755,942.749,752.6780000000001,1103.678,0,0,0,-460,0,0,0,110.22599999999998,41.522999999999975,16.53,193,913,784,,189.065,832.5230000000001,711.1550000000002,1557.1550000000002,55.86,66.02,46.03,105.99,false,false,3.52,8.26,20日趨勢尚未上彎
106,6739,竹陞科技,TPEX,其他電子業,等待確認,正常持有,standard,今天不下單,每個交易日收盤後，檢查趨勢與法人籌碼,"已有部位可續抱觀察，但暫不追價；若收盤跌破60日EMA約 1,105.12 且法人籌碼轉弱，先減碼三分之一。",未觸發明確減碼訊號,49.2,62.4,65.3,85,100,可用,1060,,96.73,97.06,58.57,38.6,181.02,13.31,44.9,23.98,1.23,1,0,0,0,0,0,0,47.438,47.438,47.438,106.43799999999999,0,0,0,17,0,0,0,1.438,1.438,3.19,,,,,46,46,46,34,46.71,13.15,21.68,-3.92,false,false,-4.13,0.95,外資持股尚未完成5／10日可比核對或期間有非市場異動；此項不給分，不解讀為轉弱；當下除權息調整價未守20日EMA
107,6271,同欣電,TWSE,半導體業,等待確認,正常持有,standard,今天不下單,每個交易日收盤後，檢查趨勢與法人籌碼,已有部位可續抱觀察，但暫不追價；若收盤跌破60日EMA約 213.94 且法人籌碼轉弱，先減碼三分之一。,未觸發明確減碼訊號,64.9,62.3,61.5,85,100,完整,228.5,,23.09,6.76,16.16,24.15,259.54,4.37,25.7,1.75,1.31,4,0,0,0,340,339,0,26.691,1434.8720000000003,1763.2730000000001,5315.273,0,0,1259,858,0,0,0,-19.312999999999995,-73.419,31.69,66,1544,680,,64.579,1454.185,577.6919999999998,4653.692,57.6,66.08,57.22,83.79,false,false,3.03,0.22,
108,2881,富邦金,TWSE,金融保險業,等待確認,正常持有,standard,今天不下單,每個交易日收盤後，檢查趨勢與法人籌碼,已有部位可續抱觀察，但暫不追價；若收盤跌破60日EMA約 136.40 且法人籌碼轉弱，先減碼三分之一。,未觸發明確減碼訊號,65.8,61.6,54,85,100,可用,153,,-48.02,172.43,,90.67,,6.67,14.3,1.88,2.78,35,-223,-2891,-6130,1818,5203,-865,-1388.771,2087.6079999999993,7888.83,10648.83,-227,-6207.617,2192.2949999999996,9454.295,0,5,-949765401,1364.916,1586.4919999999997,18.79,440,9674,5341,,-1258.323,6930.308999999999,4110.043,-911.9570000000003,63.53,75.3,73.11,79.66,true,false,3.33,0,20日累積後5日轉為調節；ETF 1/3日已轉為減碼；主動ETF 5日轉為減碼；投信20日買超後近5日轉賣
109,3189,景碩,TWSE,半導體業,等待確認,正常持有,strong,強勢續抱；不追高,今日收盤確認是否守住20日EMA,價格仍在20／60日EMA之上且短線強勢；法人未同步轉弱。若收盤跌破20日EMA約 836.15 且法人續弱，再轉為保護持有。,價格強勢站上20／60日EMA；法人未同步轉弱,79.7,61.6,36.9,85,100,可用,906,,40.58,32.09,10.89,37.32,172.99,3.74,168.09,10.74,0.17,26,160,166,681,1584,1208,613,2991.624,12398.64,15119.095000000001,8023.095000000001,-183,543,1674,-2417,3,2,491958000,1500.9169999999997,875.9019999999997,21.21,3774,11599,13145,,3762.864,10354.723,12569.193,9211.193,60.76,74.46,60.5,102.37,false,false,8.35,10.49,
110,4938,和碩,TWSE,電腦及週邊設備業,等待確認,保護持有,protect,今天不新增部位；未完成確認前不機械式賣出,今天收盤後；若跌破，再看下一交易日是否收復,已有部位暫停加碼；若收盤跌破60日EMA約 88.54，且下一交易日仍未收復，先減碼三分之一；若ETF或外資繼續轉弱，再分批降低部位。,外資持股5/10日下降且外資5日賣超,64,61.5,45.8,85,100,可用,91.3,,34.11,1.49,1.36,62.17,126.76,2.26,15.4,1.18,4.39,26,-153,-512,-935,963,10545,0,2170.099,-1496.1750000000002,-7135.859,-8052.859,-300,-576.06,895.7850000000001,11459.785,2,3,-52594278,491.489,424.43399999999997,31.13,2489,-822,-5676,,2321.315,-1411.604,-8456.078,-19873.078,53.92,56.12,42.73,82.9,false,false,0.99,2.58,20日累積後5日轉為調節；ETF 1/3日已轉為減碼；投信20日買超後近5日轉賣；外資持股5/10日下降，且外資5日賣超
111,2882,國泰金,TWSE,金融保險業,等待確認,正常持有,standard,今天不下單,每個交易日收盤後，檢查趨勢與法人籌碼,已有部位可續抱觀察，但暫不追價；若收盤跌破60日EMA約 103.57 且法人籌碼轉弱，先減碼三分之一。,未觸發明確減碼訊號,66.2,61.3,57.1,85,100,可用,111.5,,-69.47,62.51,,92.45,,4.95,13.15,1.61,3.14,33,1312,1349,-8828,2400,14379,-175,-1348.954,-5056.916,-2904.5920000000006,12134.408,1307,-8933.322,2299.917,17919.917,2,3,-996065403,1596.0889999999997,2358.7969999999996,23.16,-2774,6037,-7701,,-2723.844,2280.317,-7563.3060000000005,-8851.306,56.9,56.01,53.15,61.73,true,false,1.47,-0.89,20日累積後5日轉為調節；主動ETF 5日轉為減碼；投信20日買超後近5日轉賣
112,6147,頎邦,TPEX,半導體業,等待確認,正常持有,standard,今天不下單,每個交易日收盤後，檢查趨勢與法人籌碼,已有部位可續抱觀察，但暫不追價；若收盤跌破60日EMA約 186.40 且法人籌碼轉弱，先減碼三分之一。,未觸發明確減碼訊號,65.4,61.3,61.6,85,100,可用,214.5,,43.61,23.86,16.68,13.08,262.19,1.87,51.81,2.73,1.31,12,-281,550,607,455,442,672,-609.943,-609.943,-609.943,-5702.942999999999,-381,-381,-381,-617,0,1,-81724500,-379.24,-379.24,33.87,,,,,150.297,150.297,150.297,-6558.7029999999995,60.53,78.94,79.53,77.77,false,true,8.14,3.37,外資持股尚未完成5／10日可比核對或期間有非市場異動；此項不給分，不解讀為轉弱
113,2303,聯電,TWSE,半導體業,等待確認,正常持有,strong,強勢續抱；不追高,今日收盤確認是否守住20日EMA,價格仍在20／60日EMA之上且短線強勢；法人未同步轉弱。若收盤跌破20日EMA約 142.88 且法人續弱，再轉為保護持有。,價格強勢站上20／60日EMA；法人未同步轉弱,66.5,61.2,58,85,100,可用,160,,30.71,14.66,20.21,33.34,216.6,4.68,24.06,4.52,1.63,61,818,1812,14121,17707,10388,18947,-10134.633,141750.949,158879.81100000002,188847.81100000002,1374,58671.872,90606.382,109660.382,5,0,9387499520,11296.04,13501.491999999998,41.6,-11011,68628,52644,,-10353.99,71783.03700000001,54771.93700000001,58146.937000000005,69.85,78.54,80.33,74.96,false,true,11.99,12.68,外資持股尚未完成5／10日可比核對或期間有非市場異動；此項不給分，不解讀為轉弱；KD高檔死亡交叉，等待動能確認；單季稅前獲利對營業外貢獻依賴偏高
114,3169,亞信,TPEX,半導體業,等待確認,正常持有,standard,今天不下單,每個交易日收盤後，檢查趨勢與法人籌碼,已有部位可續抱觀察，但暫不追價；若收盤跌破60日EMA約 103.48 且法人籌碼轉弱，先減碼三分之一。,未觸發明確減碼訊號,58.6,61.2,68.6,85,100,可用,111,,9.62,5.36,26.67,19.13,496.46,1.96,29.13,3.97,2.88,1,0,0,0,0,0,0,192.511,192.511,192.511,-376.48900000000003,0,0,0,0,0,0,0,10.854,10.854,5.54,,,,,181.657,181.657,181.657,-383.34299999999996,66.21,62.32,44.92,97.12,false,false,7.06,9.9,外資持股尚未完成5／10日可比核對或期間有非市場異動；此項不給分，不解讀為轉弱
115,2481,強茂,TWSE,半導體業,等待確認,正常持有,standard,今天不下單,每個交易日收盤後，檢查趨勢與法人籌碼,已有部位可續抱觀察，但暫不追價；若收盤跌破60日EMA約 151.75 且法人籌碼轉弱，先減碼三分之一。,未觸發明確減碼訊號,69.5,61.1,41.2,85,100,完整,173,,29.82,18.1,9.31,47.75,162.68,2.03,45.89,4.39,1.04,7,0,0,260,1060,4169,260,-2654.107,-7158.629999999999,12567.116000000002,-3836.883999999998,11,3215,8238.6,15781.6,5,0,556195000,594.25,84.34899999999996,10.45,-3029,-10932,3873,,-2593.093,-10967.88,4244.167000000002,-18334.833,62.45,76.4,70.09,89.01,false,false,8.89,2.67,
116,1102,亞泥,TWSE,水泥工業,等待確認,正常持有,standard,今天不下單,每個交易日收盤後，檢查趨勢與法人籌碼,已有部位可續抱觀察，但暫不追價；若收盤跌破60日EMA約 34.59 且法人籌碼轉弱，先減碼三分之一。,未觸發明確減碼訊號,69.6,60.9,55.1,85,100,完整,35.95,,-1.3,-6.56,8.87,38.22,147.03,2.13,9.93,0.69,6.4,18,358,555,1594,3377,8657,0,5504.909,12917.401,18018.595,29055.595,168,2058.008,3196.2580000000003,9302.258,5,0,73985388,448.59200000000004,19.246000000000038,14.07,4004,10490,16469,,5215.618,10410.801,14803.091,21320.091,65.55,81.07,74.78,93.64,true,false,2.48,2.86,累計營收負成長且當月改善不足；單季稅前獲利對營業外貢獻依賴偏高
117,2886,兆豐金,TWSE,金融保險業,等待確認,正常持有,standard,今天不下單,每個交易日收盤後，檢查趨勢與法人籌碼,已有部位可續抱觀察，但暫不追價；若收盤跌破60日EMA約 48.39 且法人籌碼轉弱，先減碼三分之一。,未觸發明確減碼訊號,67.2,60.9,52.9,85,100,可用,50,,15.55,16.58,,92.31,,1.44,19.46,1.84,3.5,34,783,1927,6148,26714,18848,-669,1916.376,18311.195,45489.804,187353.804,-3276,-8800.04,9702.641,9877.641,2,3,-440002000,2610.395,3467.2329999999997,20.83,3755,34764,33062,,4641.259,24500.84,32319.93,177426.93,50.53,38.78,54.16,8.02,false,false,-0.47,-1.77,主動ETF 5日轉為減碼；投信20日買超後近5日轉賣；當下除權息調整價未守20日EMA
118,3374,精材,TPEX,半導體業,等待確認,正常持有,strong,強勢續抱；不追高,今日收盤確認是否守住20日EMA,價格仍在20／60日EMA之上且短線強勢；法人未同步轉弱。若收盤跌破20日EMA約 428.84 且法人續弱，再轉為保護持有。,價格強勢站上20／60日EMA；法人未同步轉弱,61.7,60.6,42.8,85,100,可用,472,,36.74,33.24,22.9,46.4,178.27,2.88,74.1,12.99,0.53,4,0,0,1,-99,48,0,-2853.099,-2853.099,-2853.099,22018.900999999998,0,0,0,11094,0,0,0,329.315,329.315,20.61,,,,,-3182.414,-3182.414,-3182.414,10580.586,62.62,61.55,52.9,78.87,true,false,10.07,11.32,外資持股尚未完成5／10日可比核對或期間有非市場異動；此項不給分，不解讀為轉弱；高波動且5日漲幅過大
119,2406,國碩,TWSE,光電業,等待確認,保護持有,protect,今天不新增部位；未完成確認前不機械式賣出,今天收盤後；若跌破，再看下一交易日是否收復,已有部位暫停加碼；若收盤跌破60日EMA約 30.19，且下一交易日仍未收復，先減碼三分之一；若ETF或外資繼續轉弱，再分批降低部位。,外資持股5/10日下降且外資5日賣超,60,60.5,45.8,85,100,完整,29.9,,86.11,114.85,4.92,49.59,194.97,0.33,166.11,2.83,,1,0,0,0,0,-28,0,-430.76,-4370.8240000000005,-4782.282000000001,-6395.282000000001,0,0,0,-28,0,0,0,25.113999999999997,-121.818,6.87,-95,-3136,-3365,,-430.84,-4395.938,-4660.464000000001,-6228.464000000001,58.45,72.39,56.87,103.42,false,false,5.85,13.04,外資持股5/10日下降，且外資5日賣超
120,3211,順達,TPEX,電腦及週邊設備業,等待確認,正常持有,standard,今天不下單,每個交易日收盤後，檢查趨勢與法人籌碼,已有部位可續抱觀察，但暫不追價；若收盤跌破60日EMA約 376.91 且法人籌碼轉弱，先減碼三分之一。,未觸發明確減碼訊號,65.8,59.9,43.4,85,100,可用,380,,17.34,20.9,9.45,52.5,143.34,3.4,51.21,6.55,3.02,7,0,0,3,134,263,0,-134.882,-134.882,-134.882,-3965.8819999999996,90,90,90,-28,1,0,34200000,-36.166,-36.166,19.26,,,,,-188.716,-188.716,-188.716,-3695.716,52.12,59.51,49.28,79.98,false,false,1.56,2.7,外資持股尚未完成5／10日可比核對或期間有非市場異動；此項不給分，不解讀為轉弱
121,6683,雍智科技,TPEX,半導體業,等待確認,正常持有,standard,今天不下單,每個交易日收盤後，檢查趨勢與法人籌碼,"已有部位可續抱觀察，但暫不追價；若收盤跌破60日EMA約 1,397.52 且法人籌碼轉弱，先減碼三分之一。",未觸發明確減碼訊號,64.8,59.9,57.5,85,100,可用,1555,,25.74,29.82,28.83,25.08,307.5,12.24,69.42,15.16,0.58,4,-18,-8,3,16,69,4,74.01,74.01,74.01,-1002.99,-13,-13,-13,-227,0,1,-20215000,15.022,15.022,19.3,,,,,71.988,71.988,71.988,-743.012,59.15,73.09,74.22,70.81,false,true,7.52,-2.51,ETF 1/3日已轉為減碼；外資持股尚未完成5／10日可比核對或期間有非市場異動；此項不給分，不解讀為轉弱
122,9904,寶成,TWSE,運動休閒,等待確認,正常持有,standard,今天不下單,每個交易日收盤後，檢查趨勢與法人籌碼,已有部位可續抱觀察，但暫不追價；若收盤跌破60日EMA約 24.76 且法人籌碼轉弱，先減碼三分之一。,未觸發明確減碼訊號,66.9,59.9,57.3,85,100,完整,24.9,,4.33,-1.77,2.25,34.13,162.9,2.37,5.28,0.39,5.22,11,242,442,6012,10478,9840,0,5110.876,7381.201999999999,-5998.514,-37202.513999999996,96,6358.862,10361.862000000001,10685.862000000001,5,0,158335664,592.038,796.6570000000002,27.15,4529,2735,-11705,,4973.74,430.30200000000013,-17157.033,-49673.032999999996,55.76,76.46,66.37,96.63,false,false,1.24,1.63,累計營收負成長且當月改善不足；20日趨勢尚未上彎；單季稅前獲利對營業外貢獻依賴偏高
123,6278,台表科,TWSE,光電業,等待確認,正常持有,strong,強勢續抱；不追高,今日收盤確認是否守住20日EMA,價格仍在20／60日EMA之上且短線強勢；法人未同步轉弱。若收盤跌破20日EMA約 192.45 且法人續弱，再轉為保護持有。,價格強勢站上20／60日EMA；法人未同步轉弱,70.3,59.8,42.2,85,100,可用,209,,10.87,5.23,5.98,59.36,138.91,4.93,21.18,2.61,2.66,10,0,0,39,55,2104,0,-1744.223,1532.264,1933.9229999999998,4139.923,16,56,458,6722,4,0,11704000,787.1469999999999,731.6729999999999,17.3,-1419,1316,1096,,-1653.725,689.1170000000001,744.2500000000001,-2889.75,62.39,73.48,58.36,103.72,false,false,8.6,14.21,融資增幅與短線漲幅同步偏高
124,2891,中信金,TWSE,金融保險業,等待確認,正常持有,standard,今天不下單,每個交易日收盤後，檢查趨勢與法人籌碼,已有部位可續抱觀察，但暫不追價；若收盤跌破60日EMA約 66.23 且法人籌碼轉弱，先減碼三分之一。,未觸發明確減碼訊號,70.1,59.7,51.8,85,100,可用,68.9,,-32.01,36.5,,92.82,,1.96,16.48,1.97,3.63,39,2458,3334,3775,23403,48090,-2355,-3230.899,10505.326000000001,52282.157,71454.157,1892,4964.273,23181.492000000002,56731.492,3,2,342038410,2522.653,4681.956999999999,35.1,-5051,14251,1547,,-5502.465,3018.4000000000005,24418.707999999995,13253.707999999995,54.89,61.8,69.81,45.79,false,false,1,-2.68,主動ETF 5日轉為減碼
125,3026,禾伸堂,TWSE,電子零組件業,等待確認,保護持有,protect,今天不新增部位；未完成確認前不機械式賣出,今天收盤後；若跌破，再看下一交易日是否收復,已有部位暫停加碼；若收盤跌破60日EMA約 686.63，且下一交易日仍未收復，先減碼三分之一；若ETF或外資繼續轉弱，再分批降低部位。,外資持股5/10日下降且外資5日賣超,65,59.7,50.5,85,100,可用,768,,33.22,20.41,14.38,40.55,193.98,6.73,74.93,12.33,0.76,12,-1,3,68,246,805,0,-935.261,-2741.674,-4573.119,-3949.1189999999997,2,1048,2435.8019999999997,5379.802,5,0,804864000,118.40499999999999,259.677,10.85,-935,-2725,-5197,,-897.847,-3908.0789999999997,-7268.598,-9461.598,55.03,50.09,56.24,37.77,false,true,3.58,-0.52,外資持股5/10日下降，且外資5日賣超；借券賣出與借券賣出餘額壓力升高
126,6191,精成科,TWSE,電子零組件業,等待確認,正常持有,standard,今天不下單,每個交易日收盤後，檢查趨勢與法人籌碼,已有部位可續抱觀察，但暫不追價；若收盤跌破60日EMA約 86.56 且法人籌碼轉弱，先減碼三分之一。,未觸發明確減碼訊號,54.5,59.7,55.6,85,100,可用,82.8,,20.45,26.98,7.6,49.82,126.43,2.32,14.43,1.12,3.14,6,0,0,47,85,344,0,-409.466,-218.13400000000001,537.8929999999999,1651.893,0,47,8,264,2,0,3891600,41.007,27.937999999999995,4.35,-80,202,1002,,-403.547,-306.141,501.95500000000004,1401.955,47.44,63.77,57.02,77.28,false,false,-0.28,0.12,當下除權息調整價未守20日EMA
127,3105,穩懋,TPEX,半導體業,等待確認,正常持有,standard,今天不下單,每個交易日收盤後，檢查趨勢與法人籌碼,已有部位可續抱觀察，但暫不追價；若收盤跌破60日EMA約 429.35 且法人籌碼轉弱，先減碼三分之一。,未觸發明確減碼訊號,67.5,59.6,46.5,85,100,可用,497,,30.55,33.01,11.91,30.31,161.86,3.56,58.4,4.81,0.4,14,-8,-5,229,189,517,215,-3375.905,-3375.905,-3375.905,5978.094999999999,795,795,795,14831,1,0,395115000,-249.005,-249.005,31.86,,,,,-3921.9,-3921.9,-3921.9,-8825.9,62.97,77.69,71.26,90.57,false,false,8.33,5.19,ETF 1/3日已轉為減碼；外資持股尚未完成5／10日可比核對或期間有非市場異動；此項不給分，不解讀為轉弱
128,3265,台星科,TPEX,半導體業,等待確認,正常持有,strong,強勢續抱；不追高,今日收盤確認是否守住20日EMA,價格仍在20／60日EMA之上且短線強勢；法人未同步轉弱。若收盤跌破20日EMA約 173.38 且法人續弱，再轉為保護持有。,價格強勢站上20／60日EMA；法人未同步轉弱,57.7,59.6,53.4,85,100,可用,180,,3.36,16.45,21.9,41.35,203.97,3.85,25.25,3.88,2.28,2,0,0,0,-24,-125,0,-955.871,-955.871,-955.871,-1393.871,0,0,0,-101,0,0,0,-130.891,-130.891,10.94,,,,,-824.98,-824.98,-824.98,-1308.98,55.35,60.66,51.73,78.51,false,false,3.82,11.11,外資持股尚未完成5／10日可比核對或期間有非市場異動；此項不給分，不解讀為轉弱
129,3037,欣興,TWSE,電子零組件業,等待確認,正常持有,standard,今天不下單,每個交易日收盤後，檢查趨勢與法人籌碼,已有部位可續抱觀察，但暫不追價；若收盤跌破60日EMA約 971.45 且法人籌碼轉弱，先減碼三分之一。,未觸發明確減碼訊號,68.2,59.5,42.7,85,100,可用,1160,,56.26,34.16,11.71,59.23,176.35,11.7,77.23,14.89,0.17,50,206,133,448,1517,1039,589,5629.629,16989.629,16568.752,28115.752,575,49.583000000000084,1197.958,-7315.0419999999995,3,2,57516280,543.231,112.239,41.85,5941,16958,15841,,5946.719,16396.815000000002,15258.555000000002,35091.555,66.69,78.17,68.34,97.83,false,false,14.35,20.71,外資持股尚未完成5／10日可比核對或期間有非市場異動；此項不給分，不解讀為轉弱；20日趨勢尚未上彎；短線過熱或乖離過大；單季稅前獲利對營業外貢獻依賴偏高
130,2883,凱基金,TWSE,金融保險業,等待確認,正常持有,standard,今天不下單,每個交易日收盤後，檢查趨勢與法人籌碼,已有部位可續抱觀察，但暫不追價；若收盤跌破60日EMA約 33.23 且法人籌碼轉弱，先減碼三分之一。,未觸發明確減碼訊號,60.5,59.4,56.7,85,100,可用,39.35,,-51.73,4170.37,,89.78,,1.64,13.76,1.56,2.54,28,556,808,-3235,13529,18429,0,-512.66,-905.7059999999983,31200.076,92682.076,-652,-3486.353,10520.783000000001,19655.783000000003,1,4,-137187991,1852.135,2810.84,29.7,1608,5604,20724,,-345.337,728.5120000000024,17868.453,71558.45300000001,69.06,75.38,82.77,60.6,false,false,5.7,0.51,20日累積後5日轉為調節；投信20日買超後近5日轉賣；外資持股尚未完成5／10日可比核對或期間有非市場異動；此項不給分，不解讀為轉弱
131,3045,台灣大,TWSE,通信網路業,等待確認,正常持有,standard,今天不下單,每個交易日收盤後，檢查趨勢與法人籌碼,已有部位可續抱觀察，但暫不追價；若收盤跌破60日EMA約 116.62 且法人籌碼轉弱，先減碼三分之一。,未觸發明確減碼訊號,67.1,59.3,43.9,85,100,可用,123,,8.5,4.73,12.15,61.22,52.55,2.86,23.25,4.45,3.85,36,161,89,1722,2613,4644,-100,1451.386,10488.757,20779.255999999998,50985.255999999994,-15,2006.5230000000001,2348.7880000000005,5984.7880000000005,3,2,246802329,506.21599999999995,-509.03100000000006,19.04,1316,8438,19450,,1316.372,7976.017999999999,18939.499,47150.498999999996,69.1,74.6,84.7,54.4,false,false,2.15,-1.2,主動ETF 5日轉為減碼
132,5425,台半,TPEX,半導體業,等待確認,正常持有,standard,今天不下單,每個交易日收盤後，檢查趨勢與法人籌碼,已有部位可續抱觀察，但暫不追價；若收盤跌破60日EMA約 92.10 且法人籌碼轉弱，先減碼三分之一。,未觸發明確減碼訊號,61.6,59.3,43.9,85,100,可用,95.7,,22.43,7.49,8.99,50.58,181.79,1.52,34.8,3.07,2.11,1,0,0,0,-21,4154,0,-1348.134,-1348.134,-1348.134,-10997.134,0,0,0,5175,0,0,0,-202.64,-202.64,19.23,,,,,-1145.494,-1145.494,-1145.494,-13103.493999999999,57.12,78.11,66.67,100.99,false,false,4.06,0.95,外資持股尚未完成5／10日可比核對或期間有非市場異動；此項不給分，不解讀為轉弱
133,6290,良維,TPEX,電子零組件業,等待確認,正常持有,standard,今天不下單,每個交易日收盤後，檢查趨勢與法人籌碼,已有部位可續抱觀察，但暫不追價；若收盤跌破60日EMA約 256.20 且法人籌碼轉弱，先減碼三分之一。,未觸發明確減碼訊號,58.1,59.2,58.1,85,100,可用,274,,18.19,9.34,17.85,40.09,258.6,4.5,29.18,5.89,2.26,1,0,0,0,0,0,0,-549.822,-549.822,-549.822,-533.8220000000001,0,0,0,0,0,0,0,-79.25,-79.25,21.57,,,,,-470.572,-470.572,-470.572,-624.5720000000001,58.45,61.01,59.69,63.65,false,false,4.4,3.79,外資持股尚未完成5／10日可比核對或期間有非市場異動；此項不給分，不解讀為轉弱
134,8150,南茂,TWSE,半導體業,等待確認,正常持有,strong,強勢續抱；不追高,今日收盤確認是否守住20日EMA,價格仍在20／60日EMA之上且短線強勢；法人未同步轉弱。若收盤跌破20日EMA約 93.42 且法人續弱，再轉為保護持有。,價格強勢站上20／60日EMA；法人未同步轉弱,61,59.2,48.6,85,100,可用,107,,33.27,30.04,10.25,47.09,238.63,2,33.33,3.01,1.15,7,-5,-5,-5,30,66,0,8266.196,52803.395000000004,38561.211,56830.211,-3,-3,77,358,0,1,-321000,4506.648,3448.4050000000007,43.89,9040,46866,34133,,9255.162,48299.746999999996,35035.806,53073.806,69.61,69.63,57.42,94.07,false,false,14.53,22.85,20日累積後5日轉為調節；ETF 1/3日已轉為減碼；外資持股尚未完成5／10日可比核對或期間有非市場異動；此項不給分，不解讀為轉弱；短線過熱或乖離過大
135,2351,順德,TWSE,半導體業,等待確認,正常持有,standard,今天不下單,每個交易日收盤後，檢查趨勢與法人籌碼,已有部位可續抱觀察，但暫不追價；若收盤跌破60日EMA約 206.04 且法人籌碼轉弱，先減碼三分之一。,未觸發明確減碼訊號,64.6,59,42.8,85,100,完整,226,,61.22,32.46,10.82,41.64,196.42,2.82,57.8,5.36,0.46,3,0,0,0,8,115,0,1713.517,1889.3960000000002,3703.325,10661.325,0,95,103,1042,2,0,21470000,-178.103,-473.79400000000004,26.75,1948,2453,4650,,1834.684,1972.499,4074.119,10032.119,51.08,33.11,48.81,1.71,false,false,-1.5,-4.24,當下除權息調整價未守20日EMA
136,2845,遠東銀,TWSE,金融保險業,等待確認,正常持有,standard,今天不下單,每個交易日收盤後，檢查趨勢與法人籌碼,已有部位可續抱觀察，但暫不追價；若收盤跌破60日EMA約 13.25 且法人籌碼轉弱，先減碼三分之一。,未觸發明確減碼訊號,50.9,59,65.5,85,100,可用,13.35,,5.07,13.97,,92.03,,0.54,13.22,0.91,4.72,8,0,0,-6,1469,4933,0,-2605.964,-1161.5899999999992,8604.699,62735.69899999999,0,-6,1468,4870,0,2,-80100,70.928,117.13499999999998,10.92,-2300,7505,15661,,-2324.365,-1226.5179999999996,7019.564000000001,56168.564,46.27,30.8,49.14,-5.9,false,false,-1.15,-1.84,20日累積後5日轉為調節；外資持股尚未完成5／10日可比核對或期間有非市場異動；此項不給分，不解讀為轉弱；當下除權息調整價未守20日EMA
137,2887,台新新光金,TWSE,金融保險業,等待確認,保護持有,protect,今天不新增部位；未完成確認前不機械式賣出,今天收盤後；若跌破，再看下一交易日是否收復,已有部位暫停加碼；若收盤跌破60日EMA約 37.74，且下一交易日仍未收復，先減碼三分之一；若ETF或外資繼續轉弱，再分批降低部位。,外資持股5/10日下降且外資5日賣超,64.8,59,53.1,85,100,可用,42.95,,-44.54,81.88,,92.4,,1.69,15.91,1.58,2.56,35,2610,1893,5717,36627,101745,-1088,305.269,-43462.612,-595.2800000000043,82317.72,2006,7030.4169999999995,36851.799999999996,112989.79999999999,3,2,301956410,3236.0919999999996,5885.602,23,-5119,-37453,-46790,,-2121.149,-53729.121,-43332.682,-34351.682,62.62,59.99,73.59,32.79,false,false,2.56,-3.27,主動ETF 5日轉為減碼；外資持股5/10日下降，且外資5日賣超
138,2301,光寶科,TWSE,電腦及週邊設備業,等待確認,保護持有,protect,今天不新增部位；未完成確認前不機械式賣出,今天收盤後；若跌破，再看下一交易日是否收復,已有部位暫停加碼；若收盤跌破60日EMA約 261.52，且下一交易日仍未收復，先減碼三分之一；若ETF或外資繼續轉弱，再分批降低部位。,投信5/10日持續且具金額意義地賣超,61.3,58.9,45.3,85,100,可用,283.5,,25.2,26.73,12.8,59.6,138.63,4.8,33.16,6.71,1.76,34,116,84,-162,262,967,-24,-2655.125,-3820.7720000000004,-12990.473000000002,-25033.473,-530,-786.4480000000001,-2471.4130000000005,2925.5869999999995,2,3,-222958008,168.568,-2513.578,43.16,-1733,157,-6600,,-1962.419,-3202.892,-8005.482,-25112.482,51.71,40.81,32.94,56.53,false,false,-0.09,2.35,20日累積後5日轉為調節；主動ETF 5日轉為減碼；投信5/10日持續且具金額意義的賣超；20日趨勢尚未上彎；當下除權息調整價未守20日EMA
139,4763,材料*-KY,TWSE,化學工業,等待確認,正常持有,standard,今天不下單,每個交易日收盤後，檢查趨勢與法人籌碼,已有部位可續抱觀察，但暫不追價；若收盤跌破60日EMA約 48.07 且法人籌碼轉弱，先減碼三分之一。,未觸發明確減碼訊號,52.8,58.9,75.6,85,100,完整,46.4,,20.82,-20.91,41.68,18.57,438.89,1.85,11.13,2.35,6.57,9,0,15,2268,2964,5354,0,-4820.784,-2682.982,-8386.198,-6320.198,2,2272,3040.046,5432.046,4,0,105420800,-282.823,816.714,45.81,-2844,1932,-4173,,-4596.144,-4672.158999999999,-12242.957999999997,-13407.957999999999,44.3,37.52,43.01,26.56,false,true,-4.18,3.34,當下除權息調整價未守20日EMA
140,1101,台泥,TWSE,水泥工業,等待確認,正常持有,standard,今天不下單,每個交易日收盤後，檢查趨勢與法人籌碼,已有部位可續抱觀察，但暫不追價；若收盤跌破60日EMA約 24.30 且法人籌碼轉弱，先減碼三分之一。,未觸發明確減碼訊號,71.8,58,40.5,85,100,完整,25.65,,10.65,2.7,7.25,49.78,179.65,0.38,,0.83,3.12,6,-34,-74,2,2433,3492,0,30781.867,49587.759000000005,16240.008000000002,-1720.9919999999984,-24,22,2182,2997,3,2,564300,2846.125,3244.726,12.94,29012,30934,-21766,,30065.221,46719.634,10813.282000000003,-7562.717999999997,63.95,56.94,41.75,87.32,false,false,4.78,6.65,ETF 1/3日已轉為減碼；20日趨勢尚未上彎
141,8028,昇陽半導體,TWSE,半導體業,等待確認,保護持有,protect,今天不新增部位；未完成確認前不機械式賣出,今天收盤後；若跌破，再看下一交易日是否收復,已有部位暫停加碼；若收盤跌破60日EMA約 258.49，且下一交易日仍未收復，先減碼三分之一；若ETF或外資繼續轉弱，再分批降低部位。,外資持股5/10日下降且外資5日賣超,58.6,57.9,40.6,85,100,完整,258,,25.57,29.06,25.73,56.22,135.92,3.32,46.24,7.73,1.05,3,0,0,0,0,0,0,-2061.398,-2156.063,-4579.739,-9021.739,0,7913,10357,10437,3,0,2041554000,68.58500000000001,88.05300000000001,16.61,-1853,-7779,-12514,,-2018.77,-10137.648,-15024.791999999998,-19419.791999999998,55.27,71.73,61.29,92.59,false,false,4.57,10.73,外資持股5/10日下降，且外資5日賣超；融資增幅與短線漲幅同步偏高；借券賣出與借券賣出餘額壓力升高
142,5483,中美晶,TPEX,半導體業,等待確認,正常持有,standard,今天不下單,每個交易日收盤後，檢查趨勢與法人籌碼,已有部位可續抱觀察，但暫不追價；若收盤跌破60日EMA約 181.64 且法人籌碼轉弱，先減碼三分之一。,未觸發明確減碼訊號,59,57.8,45.9,85,100,可用,184.5,,11.68,6.1,11.23,54.63,131.28,5.02,20.57,2.22,1.9,11,-13,-28,-28,163,-122,0,-21592.464,-21592.464,-21592.464,-16403.464,-8,-8,-8,-446,0,1,-1476000,-934.729,-934.729,25.99,,,,,-20649.735,-20649.735,-20649.735,-14283.735,51.03,62.3,62.07,62.76,false,false,0.71,0.54,ETF 1/3日已轉為減碼；外資持股尚未完成5／10日可比核對或期間有非市場異動；此項不給分，不解讀為轉弱
143,3443,創意,TWSE,半導體業,等待確認,正常持有,strong,強勢續抱；不追高,今日收盤確認是否守住20日EMA,"價格仍在20／60日EMA之上且短線強勢；法人未同步轉弱。若收盤跌破20日EMA約 6,584.53 且法人續弱，再轉為保護持有。",價格強勢站上20／60日EMA；法人未同步轉弱,62.1,57.3,34.6,85,100,可用,8385,,111.02,103.84,13.81,63.98,144.84,23.89,214.94,83.45,0.24,44,-16,-40,-48,32,-39,-35,421.404,209.38299999999995,387.419,513.419,-29,434.74199999999996,1025.839,1095.839,3,2,3645311670,56.36099999999999,-73.61000000000001,27.2,449,86,-250,,452.245,-281.7200000000001,-564.8100000000001,-469.81000000000006,80.62,90.13,80.72,108.96,false,false,27.34,35.9,ETF 1/3日已轉為減碼；主動ETF 5日轉為減碼；短線過熱或乖離過大
144,2492,華新科,TWSE,電子零組件業,等待確認,保護持有,protect,今天不新增部位；未完成確認前不機械式賣出,今天收盤後；若跌破，再看下一交易日是否收復,已有部位暫停加碼；若收盤跌破60日EMA約 310.76，且下一交易日仍未收復，先減碼三分之一；若ETF或外資繼續轉弱，再分批降低部位。,外資持股5/10日下降且外資5日賣超；投信5/10日持續且具金額意義地賣超,56.2,57,54.9,85,100,可用,306,,45.54,22.1,9.02,34.44,157.66,4.93,34.38,2.23,0.82,9,-1,5,21,1,-26,0,-5175.745,-5539.895,-18164.541,-4352.541000000001,0,-1647,-4950,-5261,0,3,-503982000,743.784,-414.00299999999993,11.51,-5261,-5510,-10508,,-5210.847,-4636.679,-12800.538,669.4619999999995,50.67,34.43,39.03,25.22,false,false,0.64,-0.49,投信5/10日持續且具金額意義的賣超；外資持股5/10日下降，且外資5日賣超
145,3450,聯鈞,TWSE,半導體業,等待確認,保護持有,protect,今天不新增部位；未完成確認前不機械式賣出,今天收盤後；若跌破，再看下一交易日是否收復,已有部位暫停加碼；若收盤跌破60日EMA約 512.89，且下一交易日仍未收復，先減碼三分之一；若ETF或外資繼續轉弱，再分批降低部位。,外資持股5/10日下降且外資5日賣超,62.2,56.6,40.9,85,100,可用,520,,109.76,29.44,18.21,44.79,189.07,2.78,105.48,13.56,0.19,8,0,203,407,483,1252,398,-730.875,-5564.89,-8184.223999999999,-6185.223999999998,-63,2429,1496,1622,3,2,1263080000,-275.528,-192.76,17.03,-430,-6066,-7951,,-609.233,-7718.362,-9487.464,-7985.464,47.41,45.72,41.2,54.77,false,false,-2.87,-3.88,外資持股5/10日下降，且外資5日賣超；20日趨勢尚未上彎；當下除權息調整價未守20日EMA；借券賣出與借券賣出餘額壓力升高
146,1326,台化,TWSE,塑膠工業,等待確認,正常持有,standard,今天不下單,每個交易日收盤後，檢查趨勢與法人籌碼,已有部位可續抱觀察，但暫不追價；若收盤跌破60日EMA約 63.14 且法人籌碼轉弱，先減碼三分之一。,未觸發明確減碼訊號,62.6,56.4,54.8,85,100,完整,65.4,,31.7,15.97,2.99,23.33,283.06,2.11,27.71,0.74,0.92,8,0,0,442,-560,-353,0,-2801.508,2039.777,-17419.588,74041.412,0,442,-566.23,-284.23,1,0,28906800,725.66,-1072.85,38.63,-2650,1827,-20465,,-2697.605,872.1170000000002,-15780.508000000002,74860.492,47.86,20.82,27.22,8.02,false,false,-2.29,-0.61,當下除權息調整價未守20日EMA；單季稅前獲利對營業外貢獻依賴偏高
147,2484,希華,TWSE,電子零組件業,等待確認,正常持有,standard,今天不下單,每個交易日收盤後，檢查趨勢與法人籌碼,已有部位可續抱觀察，但暫不追價；若收盤跌破60日EMA約 69.83 且法人籌碼轉弱，先減碼三分之一。,未觸發明確減碼訊號,59.2,56.2,58.7,85,100,完整,72.9,,25.09,1.71,10.26,19.25,453.99,0.86,52.45,2.83,0.96,1,0,0,0,0,-12,0,-1601.497,-1402.1309999999999,1207.6940000000002,-2254.3059999999996,0,0,0,-12,0,0,0,77.737,95.36099999999999,6.32,-1067,-1546,763,,-1682.942,-1479.868,1112.333,-2294.667,53.57,62.92,52.7,83.35,false,false,2.8,2.1,20日趨勢尚未上彎
148,2489,瑞軒,TWSE,光電業,等待確認,正常持有,standard,今天不下單,每個交易日收盤後，檢查趨勢與法人籌碼,已有部位可續抱觀察，但暫不追價；若收盤跌破60日EMA約 38.38 且法人籌碼轉弱，先減碼三分之一。,未觸發明確減碼訊號,60.5,55.6,47.4,85,93,可用,41.05,,23.59,16.63,0.78,42.95,188.56,0.44,29.53,1.89,2.92,3,0,0,0,45,50,0,-470.259,-5060.435000000001,-567.1550000000015,3071.8449999999975,11.8,11.8,-24.700000000000003,-20.700000000000003,1,0,484390,-275.51800000000026,-368.22100000000023,6.59,720,-2564,2570,,-265.947,-4796.717,-174.23400000000004,3803.7659999999996,54.6,62.37,60.88,65.34,false,false,2.33,-0.48,單季稅前獲利對營業外貢獻依賴偏高
149,1802,台玻,TWSE,玻璃陶瓷,等待確認,保護持有,protect,今天不新增部位；未完成確認前不機械式賣出,今天收盤後；若跌破，再看下一交易日是否收復,已有部位暫停加碼；若收盤跌破60日EMA約 59.04，且下一交易日仍未收復，先減碼三分之一；若ETF或外資繼續轉弱，再分批降低部位。,外資持股5/10日下降且外資5日賣超,57.8,54.5,41.8,85,93,可用,57.6,,32.59,16.58,10.45,41.77,135.23,0.64,66.98,3.24,,6,0,0,170,312,1269,0,-5413.189,-7499.437,-7790.996000000001,-3265.996000000001,4,178,319,1365,4,0,10252800,912.9510000000001,1275.1749999999997,5.29,-4522,-6060,-8307,,-5151.565,-8590.387999999999,-9385.171,-5450.171,46.99,42.23,42.16,42.38,false,false,-1.66,-1.54,外資持股5/10日下降，且外資5日賣超；當下除權息調整價未守20日EMA
150,3016,嘉晶,TWSE,半導體業,等待確認,正常持有,strong,強勢續抱；不追高,今日收盤確認是否守住20日EMA,價格仍在20／60日EMA之上且短線強勢；法人未同步轉弱。若收盤跌破20日EMA約 114.02 且法人續弱，再轉為保護持有。,價格強勢站上20／60日EMA；法人未同步轉弱,57.4,54.4,48.2,85,100,可用,145.5,,57.79,34.73,14.09,31.1,295.64,1,121.25,8.11,0.34,2,0,0,0,0,0,0,6278.453,13587.32,12769.237,9578.237,0,0,7,7,0,0,0,339.412,838.378,8.89,6320,14254,15369,,6240.402,13247.908000000001,11923.859000000002,8642.859000000002,80.24,90.58,81.65,108.45,false,false,27.61,25.97,外資持股尚未完成5／10日可比核對或期間有非市場異動；此項不給分，不解讀為轉弱；短線過熱或乖離過大；融資增幅與短線漲幅同步偏高
151,3023,信邦,TWSE,電子零組件業,等待確認,正常持有,standard,今天不下單,每個交易日收盤後，檢查趨勢與法人籌碼,已有部位可續抱觀察，但暫不追價；若收盤跌破60日EMA約 316.08 且法人籌碼轉弱，先減碼三分之一。,未觸發明確減碼訊號,50.7,54,52.1,85,100,完整,312,,32.47,13.93,10.95,52.87,162.52,7.37,23.34,4.61,3.21,14,15,8,-157,203,-280,0,-322.13,-156.98999999999998,242.722,1401.722,0,-121,196,-91,0,4,-37752000,9.074,26.166000000000004,42.24,-234,150,150,,-313,-45.06399999999999,20.555999999999997,1542.556,44.32,19.23,24.76,8.16,true,true,-2.73,-2.65,當下除權息調整價未守20日EMA
152,6122,擎邦,TPEX,電機機械,等待確認,正常持有,standard,今天不下單,每個交易日收盤後，檢查趨勢與法人籌碼,已有部位可續抱觀察，但暫不追價；若收盤跌破60日EMA約 49.76 且法人籌碼轉弱，先減碼三分之一。,未觸發明確減碼訊號,56,53.8,46.1,85,100,可用,55.2,,13.59,-0.19,10.87,63.76,146.27,2.19,11.85,2.42,6.16,1,-14,40,56,70,78,0,50.013,50.013,50.013,751.013,-14.369,-14.369,-14.369,-8.369,0,1,-793169,-1.354,-1.354,6.76,,,,,65.736,65.736,65.736,743.736,77.17,85.15,75.37,104.71,false,false,8.22,8.02,外資持股尚未完成5／10日可比核對或期間有非市場異動；此項不給分，不解讀為轉弱；短線過熱或乖離過大
153,2466,冠西電,TWSE,光電業,等待確認,正常持有,standard,今天不下單,每個交易日收盤後，檢查趨勢與法人籌碼,已有部位可續抱觀察，但暫不追價；若收盤跌破60日EMA約 95.04 且法人籌碼轉弱，先減碼三分之一。,未觸發明確減碼訊號,63.5,53.4,29.2,85,100,完整,113.5,,59.92,1.39,-12.17,58.31,118.6,0.05,72.29,10.16,,1,0,0,0,0,-13,0,-266.314,451.60699999999997,236.83299999999997,-8.16700000000003,0.049,0.049,0.049,-12.951,1,0,5562,4,5,11.73,-266,448,232,,-266.361,447.558,231.784,-1.2160000000000082,62.62,71.24,66.08,81.56,false,false,8.56,9.13,單季稅前獲利對營業外貢獻依賴偏高
154,3715,定穎投控,TWSE,電子零組件業,等待確認,保護持有,protect,今天不新增部位；未完成確認前不機械式賣出,今天收盤後；若跌破，再看下一交易日是否收復,已有部位暫停加碼；若收盤跌破60日EMA約 128.38，且下一交易日仍未收復，先減碼三分之一；若ETF或外資繼續轉弱，再分批降低部位。,外資持股5/10日下降且外資5日賣超,59.4,52.7,26.1,85,100,完整,125.5,,83.96,46.5,1.58,75.09,128.44,-1.55,,3.4,0.86,2,0,0,0,0,0,0,-1432.488,-200.27999999999975,-3430.0449999999996,-8185.045,0,0,0,0,0,0,0,112.365,-282.759,9.97,-1197,-365,-586,,-1333.909,-312.64499999999987,-3147.286,-8349.286,53.42,40.67,31.11,59.79,true,false,3.08,1.62,外資持股5/10日下降，且外資5日賣超
155,4966,譜瑞-KY,TPEX,半導體業,等待確認,正常持有,standard,今天不下單,每個交易日收盤後，檢查趨勢與法人籌碼,已有部位可續抱觀察，但暫不追價；若收盤跌破60日EMA約 584.59 且法人籌碼轉弱，先減碼三分之一。,未觸發明確減碼訊號,52.4,52.6,66,85,100,可用,564,,0.23,-0.66,13.79,14.61,478.03,14.43,17.94,1.96,3.15,7,0,0,0,8,-480,0,-434.974,-434.974,-434.974,-1197.974,0,0,0,-800,0,0,0,-72.714,-72.714,38.95,,,,,-362.26,-362.26,-362.26,-302.26,49.75,72.35,60.76,95.52,false,false,0.53,4.25,累計營收負成長且當月改善不足；外資持股尚未完成5／10日可比核對或期間有非市場異動；此項不給分，不解讀為轉弱
156,3605,宏致,TWSE,電子零組件業,等待確認,正常持有,strong,強勢續抱；不追高,今日收盤確認是否守住20日EMA,價格仍在20／60日EMA之上且短線強勢；法人未同步轉弱。若收盤跌破20日EMA約 139.61 且法人續弱，再轉為保護持有。,價格強勢站上20／60日EMA；法人未同步轉弱,56.7,52.5,46.1,85,100,完整,180,,17.24,17.16,6.38,44.58,178.17,1.89,47.37,3.53,0.87,1,10,10,10,10,10,10,3787.905,7575.112999999999,7220.266,-1018.7340000000004,1569.1,4056.1,4056.1,5075.1,2,0,730098000,-488.369,-84.9,22.31,2381,4399,4796,,2398.682,4007.382,3249.0660000000007,-6036.933999999999,78.65,87.77,81.41,100.48,false,false,28.93,28.57,短線過熱或乖離過大；高波動且5日漲幅過大
157,1605,華新,TWSE,電器電纜,等待確認,正常持有,standard,今天不下單,每個交易日收盤後，檢查趨勢與法人籌碼,已有部位可續抱觀察，但暫不追價；若收盤跌破60日EMA約 36.58 且法人籌碼轉弱，先減碼三分之一。,未觸發明確減碼訊號,52.7,52.2,50.8,85,100,完整,36.65,,14.97,2.47,1.4,38.79,147.45,2.85,11.11,0.79,1.36,5,0,0,-252,160,931,0,-3056.597,-963.8450000000005,-6240.432000000001,6734.567999999999,7,-238.327,154.006,906.006,3,1,-8734685,846.1890000000001,-686.9389999999999,18.22,-1980,524,-2807,,-3014.526,-1571.7069999999994,-5707.498999999999,8517.501,45.23,27.11,27.81,25.73,false,true,-1.71,-0.27,20日累積後5日轉為調節；20日趨勢尚未上彎；當下除權息調整價未守20日EMA；單季稅前獲利對營業外貢獻依賴偏高
158,6640,均華,TPEX,半導體業,等待確認,正常持有,standard,今天不下單,每個交易日收盤後，檢查趨勢與法人籌碼,"已有部位可續抱觀察，但暫不追價；若收盤跌破60日EMA約 1,088.17 且法人籌碼轉弱，先減碼三分之一。",未觸發明確減碼訊號,51.3,52.1,45.6,85,90,可用,1050,,18.69,60.51,19.3,43.77,100.76,9.52,62.69,5.86,1.43,3,0,0,2,26,248,2,-27.431,-27.431,-27.431,105.56900000000002,0,0,0,552,0,0,0,3.482,3.482,4.42,,,,,-30.913,-30.913,-30.913,-478.913,45.29,16.99,22.29,6.39,false,false,-5.58,-5.83,外資持股尚未完成5／10日可比核對或期間有非市場異動；此項不給分，不解讀為轉弱；當下除權息調整價未守20日EMA
159,3019,亞光,TWSE,光電業,等待確認,保護持有,protect,今天不新增部位；未完成確認前不機械式賣出,今天收盤後；若跌破，再看下一交易日是否收復,已有部位暫停加碼；若收盤跌破60日EMA約 138.50，且下一交易日仍未收復，先減碼三分之一；若ETF或外資繼續轉弱，再分批降低部位。,外資持股5/10日下降且外資5日賣超,48.4,51.9,56,85,100,完整,135,,15.29,15.45,9.05,40.75,215.07,2.98,22.77,2.54,3.41,2,0,0,0,0,0,0,-649.392,-2217.224,-3223.366,-1480.366,0,0,0,0,0,0,0,-264.30899999999997,-27.231000000000023,8.47,-444,-1974,-2853,,-590.2,-1952.915,-3196.1349999999998,-1320.1350000000002,46.2,37.04,33.51,44.12,false,false,-1.79,-1.82,外資持股5/10日下降，且外資5日賣超；當下除權息調整價未守20日EMA
160,3714,富采,TWSE,光電業,等待確認,保護持有,protect,今天不新增部位；未完成確認前不機械式賣出,今天收盤後；若跌破，再看下一交易日是否收復,已有部位暫停加碼；若收盤跌破60日EMA約 61.62，且下一交易日仍未收復，先減碼三分之一；若ETF或外資繼續轉弱，再分批降低部位。,外資持股5/10日下降且外資5日賣超,59.6,51.7,51.6,85,100,完整,67.5,,14.23,6.22,-5.92,18.44,355.3,1.49,,1.15,1.33,2,0,0,0,0,0,0,633.227,-1349.2740000000008,3090.4369999999994,13956.437,1,2,145,145,2,0,135000,411.873,408.9470000000001,14.04,645,-2469,-983,,632.271,-1763.1470000000006,2536.489999999999,13131.489999999998,61.06,65.02,58.87,77.31,false,false,5.36,4.98,外資持股5/10日下降，且外資5日賣超；單季稅前獲利對營業外貢獻依賴偏高
161,4958,臻鼎-KY,TWSE,電子零組件業,等待確認,保護持有,protect,今天不新增部位；未完成確認前不機械式賣出,今天收盤後；若跌破，再看下一交易日是否收復,已有部位暫停加碼；若收盤跌破60日EMA約 483.87，且下一交易日仍未收復，先減碼三分之一；若ETF或外資繼續轉弱，再分批降低部位。,外資持股5/10日下降且外資5日賣超；投信5/10日持續且具金額意義地賣超,53.5,51.4,48,85,100,可用,473,,41.05,19.89,7.03,39.71,160.6,3.55,55.98,3.4,0.72,41,-153,672,1207,1202,2806,653,-16355.935,-27130.000999999997,-28450.175,-22552.175000000003,-1312,-4320.983,-3628.577,5799.423,1,4,-2043824959,-411.24199999999996,-190.562,52.56,-9031,-13254,-15236,,-14428.875,-22397.776,-24631.036000000004,-28259.036000000007,47.21,29.14,31.94,23.54,false,false,-1.98,-4.15,投信5/10日持續且具金額意義的賣超；外資持股5/10日下降，且外資5日賣超；當下除權息調整價未守20日EMA；借券賣出與借券賣出餘額壓力升高
162,2207,和泰車,TWSE,汽車工業,等待確認,正常持有,standard,今天不下單,每個交易日收盤後，檢查趨勢與法人籌碼,已有部位可續抱觀察，但暫不追價；若收盤跌破60日EMA約 513.19 且法人籌碼轉弱，先減碼三分之一。,未觸發明確減碼訊號,55.5,51.1,35.6,85,100,可用,520,,10.57,13.13,,77.58,99.75,21.57,12.79,3.38,3.85,14,10,22,124,-96,-10,0,-27.586,-12.697999999999993,-51.75399999999999,188.246,11,125.822,-107.692,-35.69199999999999,5,0,65427440,48.034,49.586000000000006,22.49,-7,-214,188,,-39.108,-186.55400000000003,6.351999999999958,183.35199999999998,47.9,31.24,42.33,9.05,false,true,-1,0,當下除權息調整價未守20日EMA
163,9910,豐泰,TWSE,運動休閒,等待確認,正常持有,standard,今天不下單,每個交易日收盤後，檢查趨勢與法人籌碼,已有部位可續抱觀察，但暫不追價；若收盤跌破60日EMA約 69.69 且法人籌碼轉弱，先減碼三分之一。,未觸發明確減碼訊號,64.5,50.5,36.5,85,100,完整,70,,-2.79,-2.94,4.99,51.08,137.19,1.71,14.23,2.92,5.86,8,70,180,1132,2101,2615,0,1068.717,2073.915,1781.3089999999997,4385.308999999999,70,1132,2100.441,2604.441,5,0,79240000,58.812,93.564,5.88,1040,1239,500,,997.151,883.1029999999998,-412.69600000000014,1596.304,55.25,50.72,33.52,85.11,true,false,1.75,3.7,累計營收負成長且當月改善不足；20日趨勢尚未上彎
164,2208,台船,TWSE,航運業,等待確認,正常持有,standard,今天不下單,每個交易日收盤後，檢查趨勢與法人籌碼,已有部位可續抱觀察，但暫不追價；若收盤跌破60日EMA約 19.18 且法人籌碼轉弱，先減碼三分之一。,未觸發明確減碼訊號,63.5,50.4,23.2,85,100,完整,19.6,,55.64,-19.76,-9.53,85.87,108.02,0.28,40,3.29,,1,0,0,0,0,0,0,1793.294,3359.477,3154.5939999999996,756.5939999999996,0,0,0,0,0,0,0,68,68,6.83,1790,3291,3087,,1790.294,3291.477,3086.5939999999996,683.5939999999996,59.84,75.07,60.34,104.53,false,false,2.56,3.98,單季稅前獲利對營業外貢獻依賴偏高
165,2313,華通,TWSE,電子零組件業,等待確認,保護持有,protect,今天不新增部位；未完成確認前不機械式賣出,今天收盤後；若跌破，再看下一交易日是否收復,已有部位暫停加碼；若收盤跌破60日EMA約 225.37，且下一交易日仍未收復，先減碼三分之一；若ETF或外資繼續轉弱，再分批降低部位。,外資持股5/10日下降且外資5日賣超,54,50.3,42.9,85,100,可用,224,,6.87,12.68,9.84,51.87,165.85,2.5,36.07,5.5,1.25,20,-58,-109,109,177,1892,-85,1791.082,-11288.538999999999,-10911.658000000001,-19342.658000000003,-53,-135.75800000000015,820.2689999999998,-4660.731,2,3,-30409792,-44.68800000000003,-959.752,18.82,1413,-7179,-4485,,1729.102,-11108.092999999999,-10772.175,-14547.175,49.42,40.71,33.78,54.57,false,false,-0.61,-0.44,ETF 1/3日已轉為減碼；主動ETF 5日轉為減碼；外資持股5/10日下降，且外資5日賣超；當下除權息調整價未守20日EMA
166,2377,微星,TWSE,電腦及週邊設備業,等待確認,正常持有,standard,今天不下單,每個交易日收盤後，檢查趨勢與法人籌碼,已有部位可續抱觀察，但暫不追價；若收盤跌破60日EMA約 146.53 且法人籌碼轉弱，先減碼三分之一。,未觸發明確減碼訊號,58.6,50.1,46.6,85,100,完整,151,,-6.06,-6.42,6.74,54.86,182.8,7.59,13.1,2.2,2.78,20,37,41,-312,919,2067,0,-628.196,2811.361,3174.5639999999994,22962.564,-14,-191,843.212,2323.212,1,4,-28841000,168.531,-43.24099999999987,19.37,-347,2594,3098,,-549.123,2833.83,2374.5930000000008,21135.593,49.53,57.94,53.97,65.89,false,false,-0.6,-1.63,累計營收負成長且當月改善不足；20日累積後5日轉為調節；投信20日買超後近5日轉賣；當下除權息調整價未守20日EMA
167,8054,安國,TPEX,半導體業,等待確認,正常持有,standard,今天不下單,每個交易日收盤後，檢查趨勢與法人籌碼,已有部位可續抱觀察，但暫不追價；若收盤跌破60日EMA約 87.58 且法人籌碼轉弱，先減碼三分之一。,未觸發明確減碼訊號,53.8,49.5,26,85,100,可用,84.5,,157.45,163.51,-5.37,48.62,119.56,-0.23,,3.49,0,1,0,0,0,0,0,0,-217.336,-217.336,-217.336,-403.336,0,0,0,0,0,0,0,-2.843,-2.843,4.65,,,,,-214.493,-214.493,-214.493,-400.49299999999994,52.09,53.51,52.71,55.11,false,false,1.33,3.05,外資持股尚未完成5／10日可比核對或期間有非市場異動；此項不給分，不解讀為轉弱
168,1718,中纖,TWSE,化學工業,等待確認,正常持有,standard,今天不下單,每個交易日收盤後，檢查趨勢與法人籌碼,已有部位可續抱觀察，但暫不追價；若收盤跌破60日EMA約 10.57 且法人籌碼轉弱，先減碼三分之一。,未觸發明確減碼訊號,57.2,48.8,27.9,85,100,可用,10.6,,4.43,3.25,,90.72,88.16,0.46,17.97,0.6,,1,0,0,0,0,-85,0,240.739,14404.738000000001,13782.208000000002,12617.208000000002,0,0,0,-85,0,0,0,1332.7379999999998,1311.7959999999998,6.47,-762,11122,10584,,-88,13072,12470.412,11956.412,48.68,52.37,48.45,60.19,false,false,-0.45,0.95,當下除權息調整價未守20日EMA
169,1301,台塑,TWSE,塑膠工業,等待確認,正常持有,standard,今天不下單,每個交易日收盤後，檢查趨勢與法人籌碼,已有部位可續抱觀察，但暫不追價；若收盤跌破60日EMA約 60.21 且法人籌碼轉弱，先減碼三分之一。,未觸發明確減碼訊號,60.2,47.9,46.9,85,100,完整,63.1,,6.79,-1.47,1.77,26.47,301.26,2.19,38.48,0.7,0.79,5,0,0,-2,19,-1528,0,-1649.259,3208.826000000001,-24209.729,71640.27100000001,0,-2,-8,-1565,0,1,-126200,711.79,-1737.1850000000002,34.45,-1700,1574,-27136,,-1677.647,2499.036,-22464.544,72891.456,50.23,47.36,44.52,53.05,false,false,-0.81,1.12,累計營收負成長且當月改善不足；當下除權息調整價未守20日EMA；單季稅前獲利對營業外貢獻依賴偏高
170,6120,達運,TWSE,光電業,等待確認,保護持有,protect,今天不新增部位；未完成確認前不機械式賣出,今天收盤後；若跌破，再看下一交易日是否收復,已有部位暫停加碼；若收盤跌破60日EMA約 12.85，且下一交易日仍未收復，先減碼三分之一；若ETF或外資繼續轉弱，再分批降低部位。,外資持股5/10日下降且外資5日賣超,51,47.8,51.1,85,100,完整,12.8,,-3.09,-4.69,-3.57,43,214.38,1.42,9.41,0.77,1.95,1,0,0,0,0,0,0,-1045.221,-2028.2520000000002,-2547.831,-4097.831,0,0,0,0,0,0,0,49.069,74.634,8.13,-898,-1575,-2118,,-1043.789,-2077.321,-2622.4649999999997,-3973.465,55.09,55.02,45.36,74.36,false,false,2.64,6.67,累計營收負成長且當月改善不足；外資持股5/10日下降，且外資5日賣超；單季稅前獲利對營業外貢獻依賴偏高
171,6182,合晶,TPEX,半導體業,等待確認,正常持有,standard,今天不下單,每個交易日收盤後，檢查趨勢與法人籌碼,已有部位可續抱觀察，但暫不追價；若收盤跌破60日EMA約 109.30 且法人籌碼轉弱，先減碼三分之一。,未觸發明確減碼訊號,57.1,47.7,34.5,85,100,可用,115.5,,19.97,11.75,2.25,33.96,210.31,0.06,502.17,4.25,0,1,0,0,0,0,-157,0,-26977.614,-26977.614,-26977.614,-39507.614,0,0,0,-167,0,0,0,-147.833,-147.833,21.94,,,,,-26829.781,-26829.781,-26829.781,-36451.781,54.1,66.25,59.7,79.35,false,false,3.65,3.13,外資持股尚未完成5／10日可比核對或期間有非市場異動；此項不給分，不解讀為轉弱；估值高，現有成長幅度尚未支撐目前估值
172,6643,M31,TPEX,半導體業,等待確認,正常持有,strong,強勢續抱；不追高,今日收盤確認是否守住20日EMA,價格仍在20／60日EMA之上且短線強勢；法人未同步轉弱。若收盤跌破20日EMA約 439.81 且法人續弱，再轉為保護持有。,價格強勢站上20／60日EMA；法人未同步轉弱,56.7,47.5,42.8,85,100,可用,476.5,,73.08,4.06,-10.18,10.91,573.46,-1.24,501.58,10.68,0.25,1,0,0,0,0,15,0,-88.946,-88.946,-88.946,-370.946,0,0,0,15,0,0,0,-73.299,-73.299,14.97,,,,,-15.647,-15.647,-15.647,-302.647,61.71,70.23,64.18,82.35,false,false,8.34,13.45,外資持股尚未完成5／10日可比核對或期間有非市場異動；此項不給分，不解讀為轉弱
173,2409,友達,TWSE,光電業,等待確認,正常持有,strong,強勢續抱；不追高,今日收盤確認是否守住20日EMA,價格仍在20／60日EMA之上且短線強勢；法人未同步轉弱。若收盤跌破20日EMA約 30.05 且法人續弱，再轉為保護持有。,價格強勢站上20／60日EMA；法人未同步轉弱,64.1,43.1,25.6,85,100,可用,34.7,,-5.86,-1.82,-0.3,55.81,116.87,0.03,144.58,1.7,1.15,11,-21,-91,3018,2981,542,0,-162137.606,357087.47599999997,188187.45399999997,609459.4539999999,229,3768.119,3698.8650000000002,1259.8650000000002,2,3,130753729,24939.987999999998,12729.027999999998,17.87,-157265,312214,166298,,-153888.176,328379.36899999995,171759.56099999996,571512.561,68.15,79.55,71.59,95.48,true,false,15.48,18.03,累計營收負成長且當月改善不足；ETF 1/3日已轉為減碼；短線過熱或乖離過大；估值高，現有成長幅度尚未支撐目前估值；融資增幅與短線漲幅同步偏高；單季稅前獲利對營業外貢獻依賴偏高
174,6706,惠特,TWSE,光電業,等待確認,保護持有,protect,今天不新增部位；未完成確認前不機械式賣出,今天收盤後；若跌破，再看下一交易日是否收復,已有部位暫停加碼；若收盤跌破60日EMA約 132.53，且下一交易日仍未收復，先減碼三分之一；若ETF或外資繼續轉弱，再分批降低部位。,外資持股5/10日下降且外資5日賣超,53.7,40.1,24,85,100,完整,144,,120.53,-34.99,-84.96,51.49,206.17,-2.85,,3.05,,1,0,0,0,0,0,0,-209.696,-59.58999999999992,-269.9559999999999,-1484.956,0,0,0,0,0,0,0,-38.46200000000002,669.32,4.94,-361,-137,-717,,-124.684,-21.127999999999815,-939.2759999999998,-2127.276,56.12,64.11,68.79,54.75,false,true,4.55,-2.04,外資持股5/10日下降，且外資5日賣超
175,2338,光罩,TWSE,半導體業,等待確認,正常持有,standard,今天不下單,每個交易日收盤後，檢查趨勢與法人籌碼,已有部位可續抱觀察，但暫不追價；若收盤跌破60日EMA約 43.74 且法人籌碼轉弱，先減碼三分之一。,未觸發明確減碼訊號,51.1,37.3,18,85,100,完整,46.45,,-8.95,-4.54,0.07,65.87,86.6,0.61,,2.47,,1,0,0,0,0,0,0,163.154,-1603.9270000000001,-6040.594,-7687.594,0,0,0,0,0,0,0,-675.633,-85.54500000000002,3.64,361,295,-3024,,221,-928.2940000000001,-5955.049000000001,-7528.049000000001,56.57,45.15,57.22,21.02,false,true,3.64,-8.38,累計營收負成長且當月改善不足；單季稅前獲利對營業外貢獻依賴偏高
176,6451,訊芯-KY,TWSE,半導體業,等待確認,正常持有,standard,今天不下單,每個交易日收盤後，檢查趨勢與法人籌碼,已有部位可續抱觀察，但暫不追價；若收盤跌破60日EMA約 444.35 且法人籌碼轉弱，先減碼三分之一。,未觸發明確減碼訊號,43.9,35.4,17.6,85,100,完整,416,,49.81,1.77,-0.79,54.01,153.7,-0.72,381.65,5.52,0.05,1,0,0,0,0,0,0,-280.146,-230.79200000000006,565.295,-4940.705,0,0,22,22,0,0,0,-27.933,-143.644,63.31,-312,117,1180,,-274.962,-202.85899999999998,686.9390000000002,-4871.061,46.06,48.06,43.18,57.84,false,false,-3.11,-1.19,當下除權息調整價未守20日EMA；單季稅前獲利對營業外貢獻依賴偏高
177,3363,上詮,TPEX,通信網路業,等待確認,正常持有,standard,今天不下單,每個交易日收盤後，檢查趨勢與法人籌碼,已有部位可續抱觀察，但暫不追價；若收盤跌破60日EMA約 659.21 且法人籌碼轉弱，先減碼三分之一。,未觸發明確減碼訊號,47.8,26.9,29.2,85,100,可用,643,,13.2,-10.56,-30.58,11.1,873.99,-1.18,,12.78,0,3,0,0,89,389,389,89,-78.272,-78.272,-78.272,-1361.272,0,0,0,-130,0,0,0,4.099,4.099,21.94,,,,,-82.371,-82.371,-82.371,-1248.371,45.64,17.04,17.86,15.41,false,false,-4.46,-5.99,外資持股尚未完成5／10日可比核對或期間有非市場異動；此項不給分，不解讀為轉弱；當下除權息調整價未守20日EMA
178,7856,漢測,TPEX,半導體業,等待確認,正常持有,standard,今天不下單,每個交易日收盤後，檢查趨勢與法人籌碼,已有部位可續抱觀察，但暫不追價；若收盤跌破60日EMA約 — 且法人籌碼轉弱，先減碼三分之一。,未觸發明確減碼訊號,27.5,26.4,36.6,85,76,可用,4730,,,,33.59,39.29,216.19,21.5,175.32,70.55,0.02,1,4,4,4,4,4,4,167.442,167.442,167.442,167.442,182,182,182,182,1,0,860860000,0,0,15.86,,,,,-14.558,-14.558,-14.558,-14.558,,,,,,,,,外資持股尚未完成5／10日可比核對或期間有非市場異動；此項不給分，不解讀為轉弱
179,2451,創見,TWSE,半導體業,暫不承接,保護持有,protect,今天不新增部位；未完成確認前不機械式賣出,今天收盤後；若跌破，再看下一交易日是否收復,已有部位暫停加碼；若收盤跌破60日EMA約 284.01，且下一交易日仍未收復，先減碼三分之一；若ETF或外資繼續轉弱，再分批降低部位。,ETF 5/10日同步減碼；投信5/10日持續且具金額意義地賣超,69.6,84.3,88.8,85,100,可用,284.5,,275.47,384,73.7,28.68,309.01,46.63,4.95,3.19,4.14,16,-12,-32,-64,-359,-395,38,292.341,1120.6219999999998,62.27599999999984,-2669.724,-10.2,-141.2,-449.20000000000005,-454.20000000000005,0,5,-40171400,-32.288,-54.08399999999999,11.74,327,912,924,,301.405,1294.1100000000001,565.5600000000001,-2160.44,49.82,65.35,50.8,94.45,false,false,0,0.71,ETF短中期同步減碼；ETF 1/3日已轉為減碼；投信5/10日持續且具金額意義的賣超；20日趨勢尚未上彎
180,6005,群益證,TWSE,金融保險業,暫不承接,保護持有,protect,今天不新增部位；未完成確認前不機械式賣出,今天收盤後；若跌破，再看下一交易日是否收復,已有部位暫停加碼；若收盤跌破60日EMA約 31.25，且下一交易日仍未收復，先減碼三分之一；若ETF或外資繼續轉弱，再分批降低部位。,ETF 5/10日同步減碼；投信5/10日持續且具金額意義地賣超,69.8,77.4,74.4,85,100,完整,32.55,,45.35,99.72,,89.2,108.57,3.24,6.05,1.36,5.25,6,-2,-4,-1211,-5437,-8575,0,1012.087,1459.7309999999998,-11077.580000000002,-15019.580000000002,4,-1199.738,-5335.6140000000005,-8489.614000000001,2,3,-39051472,0,0,17.07,1079,3158,-4477,,1008.087,2659.469,-5741.965999999999,-6529.966,59.57,59.77,47.3,84.73,true,false,2.63,5.51,ETF短中期同步減碼；ETF 1/3日已轉為減碼；投信5/10日持續且具金額意義的賣超
181,2330,台積電,TWSE,半導體業,暫不承接,保護持有,protect,今天不新增部位；未完成確認前不機械式賣出,今天收盤後；若跌破，再看下一交易日是否收復,"已有部位暫停加碼；若收盤跌破60日EMA約 2,388.23，且下一交易日仍未收復，先減碼三分之一；若ETF或外資繼續轉弱，再分批降低部位。",ETF 5/10日同步減碼；投信5/10日持續且具金額意義地賣超,70.8,74.9,68.8,85,100,可用,2500,,53.32,39.26,59.29,30.94,245.76,49.33,28.98,10.08,0.88,69,-1139,-1588,-1454,-1677,-12038,-1295,6304.723,19198.637000000002,-14291.165999999997,-145.16599999999744,-1142.808,-395.025,-338.5490000000001,-3752.549,2,3,-987562500,3276.757,4088.0540000000005,69.22,7046,7488,-17705,,7123.363,16316.904999999999,-18040.671000000002,-1320.671000000002,60.99,69.71,54.51,100.11,false,false,2.82,5.04,ETF短中期同步減碼；ETF 1/3日已轉為減碼；主動ETF 5日轉為減碼；投信5/10日持續且具金額意義的賣超；外資持股尚未完成5／10日可比核對或期間有非市場異動；此項不給分，不解讀為轉弱
182,6691,洋基工程,TWSE,其他電子業,暫不承接,保護持有,protect,今天不新增部位；未完成確認前不機械式賣出,今天收盤後；若跌破，再看下一交易日是否收復,已有部位暫停加碼；若收盤跌破60日EMA約 626.57，且下一交易日仍未收復，先減碼三分之一；若ETF或外資繼續轉弱，再分批降低部位。,ETF 5/10日同步減碼,69.7,74.9,54.7,85,100,可用,646,,213.7,112.82,16.22,72.04,135.24,17.46,19.32,10.51,3.41,10,0,1,-6,-210,-178,0,10.246,158.156,-202.50900000000001,-800.509,0,24,-171,-124,1,2,15504000,31.355,25.035,12.55,41,156,4847,,8.931,102.80100000000004,-56.543999999999926,-697.5439999999999,56.61,72.31,61.75,93.44,false,false,3.22,4.53,ETF短中期同步減碼；外資持股尚未完成5／10日可比核對或期間有非市場異動；此項不給分，不解讀為轉弱
183,2344,華邦電,TWSE,半導體業,暫不承接,保護持有,protect,今天不新增部位；未完成確認前不機械式賣出,今天收盤後；若跌破，再看下一交易日是否收復,已有部位暫停加碼；若收盤跌破60日EMA約 169.27，且下一交易日仍未收復，先減碼三分之一；若ETF或外資繼續轉弱，再分批降低部位。,ETF 5/10日同步減碼；投信5/10日持續且具金額意義地賣超,65.5,74.7,66.1,85,100,可用,172.5,,289.43,177.39,42.34,40.78,159.78,7.65,19.02,4.7,0.29,36,98,200,-503,-1469,-17267,-98,6946.172,10408.136000000002,-70444.336,-61889.33600000001,-3272,-19881.679,-35666.976,-52604.976,0,5,-3429589627,3065.1800000000003,2652.2179999999994,19,8289,33544,-37412,,10124.159,27224.63500000001,-37429.577999999994,-5626.577999999994,49.47,51.65,43.64,67.67,false,false,-0.5,2.07,ETF短中期同步減碼；主動ETF 5日轉為減碼；投信5/10日持續且具金額意義的賣超；20日趨勢尚未上彎；當下除權息調整價未守20日EMA；借券賣出與借券賣出餘額壓力升高
184,2615,萬海,TWSE,航運業,暫不承接,保護持有,protect,今天不新增部位；未完成確認前不機械式賣出,今天收盤後；若跌破，再看下一交易日是否收復,已有部位暫停加碼；若收盤跌破60日EMA約 102.09，且下一交易日仍未收復，先減碼三分之一；若ETF或外資繼續轉弱，再分批降低部位。,ETF 5/10日同步減碼；投信5/10日持續且具金額意義地賣超,61.8,74.1,80.2,85,100,可用,113.5,,65.59,19.2,22.16,33.53,299.27,6.84,7.8,1.1,2.64,12,-145,-311,-1097,-1462,-1072,-120,-2553.325,2248.656,-1185.0539999999983,-6695.053999999998,-141,-1090.1860000000001,-1497.9640000000002,-1119.9640000000002,0,4,-123736111,1150.7670000000003,242.38400000000001,48.39,-2079,3125,2276,,-2112.565,2188.075,70.52599999999984,-5483.474,53.46,50.81,58.34,35.77,false,true,0.1,-1.3,ETF短中期同步減碼；ETF 1/3日已轉為減碼；主動ETF 5日轉為減碼；投信5/10日持續且具金額意義的賣超；20日趨勢尚未上彎
185,2360,致茂,TWSE,其他電子業,暫不承接,正常持有,strong,強勢續抱；不追高,今日收盤確認是否守住20日EMA,"價格仍在20／60日EMA之上且短線強勢；ETF／投信偏弱先觀察，不因分歧減碼。若收盤跌破20日EMA約 2,192.99 且法人續弱，再轉為保護持有。",價格強勢站上20／60日EMA；ETF／投信偏弱，先觀察,69.5,73.3,60.8,85,100,可用,2325,,156.3,108.41,39.54,47.08,167.28,21.27,59.31,29.85,0.84,49,-222,-536,-449,-494,-474,-548,61.781,371.034,-137.91700000000003,1971.083,-276,-552.6879999999999,-469.72599999999983,450.2740000000001,1,4,-1284999600,187.009,218.264,59.23,255,773,94,,251.314,736.713,113.54499999999996,1282.545,58.38,55.53,48.28,70.03,true,false,6.02,11.24,ETF短中期同步減碼；ETF 1/3日已轉為減碼；主動ETF 5日轉為減碼；投信5/10日持續且具金額意義的賣超
186,5289,宜鼎,TPEX,電腦及週邊設備業,暫不承接,降低部位,trim,停止加碼；反彈未站回恢復區時分批減碼,每個交易日收盤後，確認是否站回恢復區,"已有部位先停止加碼。反彈若仍未站回 1,403.86，分批降低部位；只有站回且ETF／外資賣壓收斂後才重新評估。",價格跌破60日EMA且20日趨勢向下；ETF 5/10日同步減碼,51.9,72.1,77.5,85,100,可用,1305,,576.29,553.15,56.13,48.99,233.33,166.45,7.25,5.4,1.31,10,-52,-55,-54,-54,-71,-55,-428.965,-428.965,-428.965,-3306.965,-52,-52,-52,-221,0,1,-67860000,28.528,28.528,17.35,,,,,-405.493,-405.493,-405.493,-2916.493,43.27,39.98,31.46,57.02,false,false,-2.61,0.77,中期趨勢仍向下；ETF短中期同步減碼；ETF 1/3日已轉為減碼；主動ETF 5日轉為減碼；外資持股尚未完成5／10日可比核對或期間有非市場異動；此項不給分，不解讀為轉弱；20日趨勢尚未上彎；當下除權息調整價未守20日EMA
187,2395,研華,TWSE,電腦及週邊設備業,暫不承接,保護持有,protect,今天不新增部位；未完成確認前不機械式賣出,今天收盤後；若跌破，再看下一交易日是否收復,已有部位暫停加碼；若收盤跌破60日EMA約 626.74，且下一交易日仍未收復，先減碼三分之一；若ETF或外資繼續轉弱，再分批降低部位。,ETF 5/10日同步減碼；投信5/10日持續且具金額意義地賣超,71.5,71.8,59.6,85,100,可用,701,,87.52,45.88,19.04,40.5,171.12,9.05,44.4,11.01,1.59,35,-326,-402,-410,-508,-996,-401,340.399,2825.328,5018.238,5120.238,-325,-421.97,-493.97,-408.97,1,4,-295800970,67.886,26.60600000000001,36.1,661,3293,5856,,661.295,3179.4120000000003,5485.602,5622.602,58.4,70.99,62.78,87.4,false,false,2.83,0.86,ETF短中期同步減碼；ETF 1/3日已轉為減碼；主動ETF 5日轉為減碼；投信5/10日持續且具金額意義的賣超
188,3260,威剛,TPEX,半導體業,暫不承接,保護持有,protect,今天不新增部位；未完成確認前不機械式賣出,今天收盤後；若跌破，再看下一交易日是否收復,已有部位暫停加碼；若收盤跌破60日EMA約 402.85，且下一交易日仍未收復，先減碼三分之一；若ETF或外資繼續轉弱，再分批降低部位。,價格跌破60日EMA且20日趨勢向下,50.6,70.6,71.5,85,100,可用,383,,279.81,218.14,38.98,62.91,181.44,62.46,4.95,3.15,4.44,15,-9,-76,220,730,913,-19,-436.799,-436.799,-436.799,-4101.799,-6.5,-6.5,-6.5,247.5,0,1,-2489500,-46.277,-46.277,23.46,,,,,-384.022,-384.022,-384.022,-5020.022,39.69,11.55,19.78,-4.89,false,false,-3.9,-4.13,中期趨勢仍向下；ETF 1/3日已轉為減碼；主動ETF 5日轉為減碼；外資持股尚未完成5／10日可比核對或期間有非市場異動；此項不給分，不解讀為轉弱；20日趨勢尚未上彎；當下除權息調整價未守20日EMA；ETF加碼金額或跨基金共識尚未同時成立
189,2404,漢唐,TWSE,其他電子業,暫不承接,正常持有,strong,強勢續抱；不追高,今日收盤確認是否守住20日EMA,"價格仍在20／60日EMA之上且短線強勢；ETF偏弱先觀察，不因分歧減碼。若收盤跌破20日EMA約 1,093.25 且法人續弱，再轉為保護持有。",價格強勢站上20／60日EMA；ETF偏弱，先觀察,66.2,70.1,52.2,85,100,完整,1250,,59.05,71.61,19.79,81.91,117.19,36.23,18.85,13.18,3.2,15,-258,-242,-357,-454,-159,-249,1984.5,3098.527,3144.9120000000007,1394.9120000000007,353,1120,956,1192,4,1,1400000000,287.348,235.388,37.99,1481,1738,1943,,1498.076,1691.179,1953.5240000000001,-47.47599999999966,71,80.96,66.39,110.11,false,false,14.34,20.77,ETF短中期同步減碼；ETF 1/3日已轉為減碼；主動ETF 5日轉為減碼；短線過熱或乖離過大
190,6274,台燿,TPEX,電子零組件業,暫不承接,保護持有,protect,今天不新增部位；未完成確認前不機械式賣出,今天收盤後；若跌破，再看下一交易日是否收復,"已有部位暫停加碼；若收盤跌破60日EMA約 1,410.21，且下一交易日仍未收復，先減碼三分之一；若ETF或外資繼續轉弱，再分批降低部位。",ETF 5/10日同步減碼,68.8,69.1,55.5,85,100,可用,1460,,132.48,97.01,21.29,48.55,205.37,12.4,74.15,18.09,0.51,23,181,470,-1079,-1562,-2904,-1126,670.289,670.289,670.289,-6195.711,169,169,169,-10357,1,0,246740000,18.902,18.902,31.68,,,,,482.387,482.387,482.387,4202.387000000001,53.82,68.62,59.35,87.18,false,false,3.47,3.18,ETF短中期同步減碼；主動ETF 5日轉為減碼；外資持股尚未完成5／10日可比核對或期間有非市場異動；此項不給分，不解讀為轉弱；20日趨勢尚未上彎
191,9958,世紀鋼,TWSE,鋼鐵工業,暫不承接,保護持有,protect,今天不新增部位；未完成確認前不機械式賣出,今天收盤後；若跌破，再看下一交易日是否收復,已有部位暫停加碼；若收盤跌破60日EMA約 99.77，且下一交易日仍未收復，先減碼三分之一；若ETF或外資繼續轉弱，再分批降低部位。,價格跌破60日EMA且20日趨勢向下,60.7,69.1,58.6,85,100,可用,91.9,,91.07,41.49,21.68,56.42,122.11,4.08,13.05,1.93,4.9,3,175,175,175,175,175,175,347.001,1422.239,2210.8440000000005,597.8440000000005,175,169.477,116.477,113.477,1,1,15574936,13.853000000000002,-15.151999999999994,8.88,309,1737,4192,,166.001,1238.909,2109.5190000000002,607.5190000000002,44.24,65.06,65.8,63.59,false,true,-0.99,3.03,中期趨勢仍向下；外資持股尚未完成5／10日可比核對或期間有非市場異動；此項不給分，不解讀為轉弱；20日趨勢尚未上彎；當下除權息調整價未守20日EMA；ETF加碼金額或跨基金共識尚未同時成立
192,8271,宇瞻,TWSE,半導體業,暫不承接,降低部位,trim,停止加碼；反彈未站回恢復區時分批減碼,每個交易日收盤後，確認是否站回恢復區,已有部位先停止加碼。反彈若仍未站回 213.69，分批降低部位；只有站回且ETF／外資賣壓收斂後才重新評估。,價格跌破60日EMA且20日趨勢向下；外資持股5/10日下降且外資5日賣超,48.2,68.9,70.1,85,100,完整,200.5,,177.1,226.89,34.73,55.84,184.73,35.51,4.99,2.73,2.22,3,0,0,0,0,-280,0,-229.137,-1949.805,-2885.795,-3541.795,0,0,-0.6,-280.6,0,0,0,-46.34,-29.011,8.89,-209,-997,-1718,,-228.997,-1903.4650000000001,-2856.184,-3117.184,37.95,17.32,18.17,15.61,false,true,-5.06,-4.52,中期趨勢仍向下；外資持股5/10日下降，且外資5日賣超；20日趨勢尚未上彎；當下除權息調整價未守20日EMA
193,6196,帆宣,TWSE,其他電子業,暫不承接,保護持有,protect,今天不新增部位；未完成確認前不機械式賣出,今天收盤後；若跌破，再看下一交易日是否收復,已有部位暫停加碼；若收盤跌破60日EMA約 507.54，且下一交易日仍未收復，先減碼三分之一；若ETF或外資繼續轉弱，再分批降低部位。,ETF 5/10日同步減碼,70,68.1,43.8,85,100,完整,549,,83.89,51.72,8.65,72.75,122.81,13.26,24.86,6.77,1.17,11,0,-61,-61,-23,-326,-60,353.812,602.209,1514.165,2921.165,0,-61,-25.450000000000003,-357.45,1,2,-33489000,109.375,146.057,19.87,278,564,1457,,281.631,553.8340000000001,1393.558,3145.558,61.48,73.28,68.63,82.59,false,false,5.39,5.37,ETF短中期同步減碼；主動ETF 5日轉為減碼
194,2885,元大金,TWSE,金融保險業,暫不承接,保護持有,protect,今天不新增部位；未完成確認前不機械式賣出,今天收盤後；若跌破，再看下一交易日是否收復,已有部位暫停加碼；若收盤跌破60日EMA約 65.33，且下一交易日仍未收復，先減碼三分之一；若ETF或外資繼續轉弱，再分批降低部位。,ETF 5/10日同步減碼；投信5/10日持續且具金額意義地賣超,66.2,68,59.5,85,100,可用,69.6,,57.94,116.28,,92.04,,2.64,16.3,2.42,3.16,40,302,-196,-11162,-6407,-15504,-4683,-4717.385,5611.738,-531.2989999999993,49419.701,-56,-14649.688,-10987.755000000001,-14728.755000000001,1,4,-1019618285,1545.137,1688.551,26.98,-4104,19214,10932,,-4960.944,18716.288999999997,8767.904999999995,64812.905,57.45,58.4,63.79,47.62,true,true,1.43,0.29,ETF短中期同步減碼；主動ETF 5日轉為減碼；投信5/10日持續且具金額意義的賣超；外資持股尚未完成5／10日可比核對或期間有非市場異動；此項不給分，不解讀為轉弱；借券賣出與借券賣出餘額壓力升高
195,5274,信驊,TPEX,半導體業,暫不承接,正常持有,strong,強勢續抱；不追高,今日收盤確認是否守住20日EMA,"價格仍在20／60日EMA之上且短線強勢；ETF偏弱先觀察，不因分歧減碼。若收盤跌破20日EMA約 18,378.15 且法人續弱，再轉為保護持有。",價格強勢站上20／60日EMA；ETF偏弱，先觀察,64.5,67.5,54.1,85,100,可用,20280,,118.42,74.49,53.36,45.44,201.99,78.28,135.28,98.39,0.4,32,-22,-23,-16,-28,-200,-18,-7.972,-7.972,-7.972,245.02800000000002,-55.5,-55.5,-55.5,84.5,0,1,-1125540000,-1.416,-1.416,53.33,,,,,48.944,48.944,48.944,151.94400000000002,65.99,71.41,65.75,82.71,false,false,10.35,11.12,ETF短中期同步減碼；ETF 1/3日已轉為減碼；主動ETF 5日轉為減碼；外資持股尚未完成5／10日可比核對或期間有非市場異動；此項不給分，不解讀為轉弱
196,8464,億豐,TWSE,居家生活,暫不承接,保護持有,protect,今天不新增部位；未完成確認前不機械式賣出,今天收盤後；若跌破，再看下一交易日是否收復,已有部位暫停加碼；若收盤跌破60日EMA約 368.45，且下一交易日仍未收復，先減碼三分之一；若ETF或外資繼續轉弱，再分批降低部位。,ETF 5/10日同步減碼,65.5,67.5,66.2,85,100,完整,374.5,,17.76,5.52,27.66,25.49,384.65,10.37,16.36,3.81,4.27,11,-1,0,-154,-190,26,0,122.34,305.435,643.963,840.963,0,-136.752,-124.10900000000001,74.89099999999999,1,2,-51213624,24.875999999999998,37.412,40.87,121,417,759,,121.353,417.311,730.6599999999999,733.6599999999999,51.89,47.71,49.24,44.64,false,false,0.5,0.13,ETF短中期同步減碼；20日累積後5日轉為調節
197,2337,旺宏,TWSE,半導體業,暫不承接,降低部位,trim,停止加碼；反彈未站回恢復區時分批減碼,每個交易日收盤後，確認是否站回恢復區,已有部位先停止加碼。反彈若仍未站回 127.36，分批降低部位；只有站回且ETF／外資賣壓收斂後才重新評估。,價格跌破60日EMA且20日趨勢向下；ETF 5/10日同步減碼；投信5/10日持續且具金額意義地賣超,57.5,67.1,66.6,85,100,可用,119,,218.53,149.14,36.83,35.77,235.89,4.82,28.2,3.8,,10,-644,-605,-534,-1328,-4913,-637,3493.393,3949.684999999999,-6483.196,-1450.196,-737,-624,-1624,-6013,2,3,-74256000,1089.0130000000001,797.2320000000002,24.63,3325,2118,-5728,,3729.894,3484.6720000000005,-5656.428000000001,3822.572,46.5,37.16,32.64,46.19,false,false,-1.46,0,中期趨勢仍向下；ETF短中期同步減碼；ETF 1/3日已轉為減碼；主動ETF 5日轉為減碼；投信5/10日持續且具金額意義的賣超；20日趨勢尚未上彎；當下除權息調整價未守20日EMA
198,1795,美時,TWSE,生技醫療業,暫不承接,保護持有,protect,今天不新增部位；未完成確認前不機械式賣出,今天收盤後；若跌破，再看下一交易日是否收復,已有部位暫停加碼；若收盤跌破60日EMA約 185.41，且下一交易日仍未收復，先減碼三分之一；若ETF或外資繼續轉弱，再分批降低部位。,價格跌破60日EMA且20日趨勢向下,58.9,66.9,57.3,85,100,完整,177.5,,81.68,69.19,24.59,77.62,146.44,4.65,12.54,1.94,1.52,2,0,0,0,0,-44,0,100.875,319.14,-317.247,-2096.2470000000003,1,2,10,-37,2,0,355000,0.6840000000000002,-42.690999999999995,49.81,182,666,943,,96,316.45599999999996,-284.556,-1889.556,42.51,60.38,54.09,72.96,false,false,-1.48,-0.28,中期趨勢仍向下；20日趨勢尚未上彎；當下除權息調整價未守20日EMA
199,2441,超豐,TWSE,半導體業,暫不承接,保護持有,protect,今天不新增部位；未完成確認前不機械式賣出,今天收盤後；若跌破，再看下一交易日是否收復,已有部位暫停加碼；若收盤跌破60日EMA約 118.94，且下一交易日仍未收復，先減碼三分之一；若ETF或外資繼續轉弱，再分批降低部位。,ETF 5/10日同步減碼；投信5/10日持續且具金額意義地賣超,63.4,66.5,67.3,85,100,完整,125,,41.98,26.93,20.06,18.34,230.57,2.98,23.15,2.59,2.41,8,-892,-1672,-1679,-1860,-3199,-1530,-1077.13,7822.017,8822.821,4920.821,-891,-1397,-1473,-2812,1,4,-174625000,292.72999999999996,199.10499999999996,11.33,-55,8255,9501,,-75.12,8926.287,10096.715999999999,7945.7159999999985,58.53,75.31,68.57,88.78,false,false,4.82,7.3,ETF短中期同步減碼；ETF 1/3日已轉為減碼；主動ETF 5日轉為減碼；投信5/10日持續且具金額意義的賣超
200,2006,東和鋼鐵,TWSE,鋼鐵工業,暫不承接,保護持有,protect,今天不新增部位；未完成確認前不機械式賣出,今天收盤後；若跌破，再看下一交易日是否收復,已有部位暫停加碼；若收盤跌破60日EMA約 79.12，且下一交易日仍未收復，先減碼三分之一；若ETF或外資繼續轉弱，再分批降低部位。,ETF 5/10日同步減碼,66.9,65.6,59.2,85,100,完整,85.8,,15.12,2.35,12.1,35.77,165.62,4.07,11.39,1.83,5.01,11,628,627,-383,-1129,343,628,119.703,4145.661,4331.584,4773.584,630,-379.257,-1111.982,360.01800000000003,2,2,-32540251,30.898000000000003,106.598,28.22,-510,4510,5380,,-496.171,4494.02,5336.968,4343.968,61.18,61.87,58.6,68.41,false,false,3.35,5.8,ETF短中期同步減碼；20日累積後5日轉為調節
201,3264,欣銓,TPEX,半導體業,暫不承接,正常持有,strong,強勢續抱；不追高,今日收盤確認是否守住20日EMA,價格仍在20／60日EMA之上且短線強勢；ETF偏弱先觀察，不因分歧減碼。若收盤跌破20日EMA約 240.58 且法人續弱，再轉為保護持有。,價格強勢站上20／60日EMA；ETF偏弱，先觀察,59.2,65.3,51.6,85,100,可用,252,,46.57,33.89,29.05,52.52,88.08,4.39,32.9,6.09,1.67,17,-566,-1360,-397,-721,-1329,-352,-7928.178,-7928.178,-7928.178,-3561.178,-6963,-6963,-6963,-8489,0,1,-1754676000,-182.434,-182.434,40.71,,,,,-782.744,-782.744,-782.744,4466.255999999999,56.26,65.96,62.89,72.09,false,false,4.75,13,ETF短中期同步減碼；ETF 1/3日已轉為減碼；外資持股尚未完成5／10日可比核對或期間有非市場異動；此項不給分，不解讀為轉弱；高波動且5日漲幅過大
202,3665,貿聯-KY,TWSE,其他電子業,暫不承接,正常持有,strong,強勢續抱；不追高,今日收盤確認是否守住20日EMA,"價格仍在20／60日EMA之上且短線強勢；ETF偏弱先觀察，不因分歧減碼。若收盤跌破20日EMA約 2,123.07 且法人續弱，再轉為保護持有。",價格強勢站上20／60日EMA；ETF偏弱，先觀察,66.7,65,54.8,85,100,可用,2340,,53.99,40.01,16.12,46.24,213.69,26.94,42.97,9.21,0.65,40,-24,-289,-305,-298,-503,-292,70.316,641.4490000000001,-392.6009999999999,-3912.6009999999997,148,662.457,585.43,1151.4299999999998,4,1,1550149380,84.031,46.73899999999999,49.62,58,152,-1036,,-108.046,-105.03900000000002,-1024.77,-5034.77,60.9,83.45,68.06,114.23,false,false,10.22,17.29,ETF短中期同步減碼；ETF 1/3日已轉為減碼；主動ETF 5日轉為減碼；高波動且5日漲幅過大
203,2421,建準,TWSE,電子零組件業,暫不承接,保護持有,protect,今天不新增部位；未完成確認前不機械式賣出,今天收盤後；若跌破，再看下一交易日是否收復,已有部位暫停加碼；若收盤跌破60日EMA約 154.17，且下一交易日仍未收復，先減碼三分之一；若ETF或外資繼續轉弱，再分批降低部位。,ETF 5/10日同步減碼；投信5/10日持續且具金額意義地賣超,60.8,64.8,58.2,85,100,完整,163,,26.03,21.08,15.56,50.21,164.23,4.78,17.53,4.43,3.21,7,-44,-74,-89,-196,-267,0,-156.53,1002.4399999999999,752.7769999999998,15475.777,-43,-87,-156,-33,0,3,-14181000,40.80599999999999,-322.05199999999996,36.48,52,984,1158,,43.145,1048.634,1230.829,15568.829,52.55,49.27,43.38,61.07,false,false,0.24,1.56,ETF短中期同步減碼；ETF 1/3日已轉為減碼；投信5/10日持續且具金額意義的賣超
204,6139,亞翔,TWSE,其他電子業,暫不承接,降低部位,trim,停止加碼；反彈未站回恢復區時分批減碼,每個交易日收盤後，確認是否站回恢復區,已有部位先停止加碼。反彈若仍未站回 759.72，分批降低部位；只有站回且ETF／外資賣壓收斂後才重新評估。,價格跌破60日EMA且20日趨勢向下；ETF 5/10日同步減碼；投信5/10日持續且具金額意義地賣超,54.7,64.6,53.3,85,100,完整,736,,41.69,63.37,18.19,75.95,125.12,25.91,14.83,8.38,3.13,17,-175,-178,-570,-732,-721,-165,-288.767,-1365.118,-2258.455,-5803.455,-516.5,-911.5,-1281,-2134,1,4,-670864000,14.896000000000008,-302.911,22.08,32,-52,713,,105.138,-468.51399999999995,-674.544,-3106.544,48.69,45.67,34.46,68.09,false,false,0.28,4.1,中期趨勢仍向下；ETF短中期同步減碼；ETF 1/3日已轉為減碼；主動ETF 5日轉為減碼；投信5/10日持續且具金額意義的賣超；20日趨勢尚未上彎
205,2383,台光電,TWSE,電子零組件業,暫不承接,降低部位,trim,停止加碼；反彈未站回恢復區時分批減碼,每個交易日收盤後，確認是否站回恢復區,"已有部位先停止加碼。反彈若仍未站回 5,203.54，分批降低部位；只有站回且ETF／外資賣壓收斂後才重新評估。",價格跌破60日EMA且20日趨勢向下；投信5/10日持續且具金額意義地賣超,64.1,64.5,48.9,85,100,可用,5020,,129.85,95.18,24.72,63.23,135.5,42.46,78.5,30.84,0.5,53,1,-22,-2,32,-95,119,-187.627,-1151.701,-1670.938,-3277.938,-30,-2779.086,-3190.0350000000003,-4322.035,0,5,-13951011720,523.115,394.69200000000006,43.76,-191,1145,1127,,-187.855,1104.27,1124.405,656.405,43.99,31.17,23.3,46.9,true,false,-3.28,-1.28,中期趨勢仍向下；投信5/10日持續且具金額意義的賣超；20日趨勢尚未上彎；當下除權息調整價未守20日EMA
206,6664,群翊,TPEX,電子零組件業,暫不承接,保護持有,protect,今天不新增部位；未完成確認前不機械式賣出,今天收盤後；若跌破，再看下一交易日是否收復,已有部位暫停加碼；若收盤跌破60日EMA約 354.63，且下一交易日仍未收復，先減碼三分之一；若ETF或外資繼續轉弱，再分批降低部位。,價格跌破60日EMA且20日趨勢向下,59.6,64.5,61.5,85,100,可用,346,,32.28,18.74,34.02,56.53,188.59,7.29,20.81,5.05,2.93,2,2,2,2,5,9,0,9.835,9.835,9.835,346.83500000000004,2,2,2,43,1,0,692000,-1.563,-1.563,10.15,,,,,9.398,9.398,9.398,317.398,49.5,51.58,34.74,85.25,false,false,0.24,2.98,中期趨勢仍向下；外資持股尚未完成5／10日可比核對或期間有非市場異動；此項不給分，不解讀為轉弱；20日趨勢尚未上彎
207,8112,至上,TWSE,電子通路業,暫不承接,降低部位,trim,停止加碼；反彈未站回恢復區時分批減碼,每個交易日收盤後，確認是否站回恢復區,已有部位先停止加碼。反彈若仍未站回 87.78，分批降低部位；只有站回且ETF／外資賣壓收斂後才重新評估。,價格跌破60日EMA且20日趨勢向下；外資持股5/10日下降且外資5日賣超,54.5,64.5,55.1,85,100,完整,82.6,,154.83,177.42,3.16,85.96,127.95,9.45,6.25,2.03,4.6,7,494,494,494,493,2751,0,-757.716,-8614.705,-17359.059,-46427.059,495,496,609.7950000000001,2867.795,2,0,40969600,-34.523,-441.538,13.75,-676,-7202,-14736,,-1199.572,-9076.182,-17527.316,-48625.316,35.04,8.94,8.46,9.89,true,true,-3.77,0.12,中期趨勢仍向下；外資持股5/10日下降，且外資5日賣超；20日趨勢尚未上彎；當下除權息調整價未守20日EMA；借券賣出與借券賣出餘額壓力升高
208,2610,華航,TWSE,航運業,暫不承接,保護持有,protect,今天不新增部位；未完成確認前不機械式賣出,今天收盤後；若跌破，再看下一交易日是否收復,已有部位暫停加碼；若收盤跌破60日EMA約 20.56，且下一交易日仍未收復，先減碼三分之一；若ETF或外資繼續轉弱，再分批降低部位。,價格跌破60日EMA且20日趨勢向下,65.9,64,49.1,85,100,完整,20.45,,27.22,18.65,7.53,73.06,66.84,1.08,9.47,1.26,3.96,18,5289,11524,14692,16130,22060,0,20352.987,36183.740000000005,21995.217,20381.217000000004,5498,14909.765,16325.765,22229.765,5,0,304904694,1228.351,991.7330000000001,15.44,14612,20759,5194,,14583.315,20045.624000000003,4677.7190000000055,-1535.2809999999954,50.21,65.83,50.91,95.65,false,false,0.38,2.51,中期趨勢仍向下；20日趨勢尚未上彎
209,6446,藥華藥,TWSE,生技醫療業,暫不承接,降低部位,trim,停止加碼；反彈未站回恢復區時分批減碼,每個交易日收盤後，確認是否站回恢復區,"已有部位先停止加碼。反彈若仍未站回 1,260.65，分批降低部位；只有站回且ETF／外資賣壓收斂後才重新評估。",價格跌破60日EMA且20日趨勢向下；外資持股5/10日下降且外資5日賣超,56.7,64,68.9,85,100,可用,1175,,105.43,81.24,43.77,16.54,527.8,11.35,57.54,11.92,0.22,22,-4,-50,8508,8430,8268,-5,-452.107,-2462.578,-2467.721,-6453.721,16,8525.617,8445.878999999999,7585.878999999999,4,1,10017599975,134.434,116.62100000000001,22.14,-528,-11719,-10496,,-533.077,-11122.629,-11030.221,-14129.221,39.4,15.34,11.81,22.41,true,false,-6.79,-2.49,中期趨勢仍向下；ETF 1/3日已轉為減碼；主動ETF 5日轉為減碼；外資持股5/10日下降，且外資5日賣超；20日趨勢尚未上彎；當下除權息調整價未守20日EMA；借券賣出與借券賣出餘額壓力升高
210,6669,緯穎,TWSE,電腦及週邊設備業,暫不承接,保護持有,protect,今天不新增部位；未完成確認前不機械式賣出,今天收盤後；若跌破，再看下一交易日是否收復,"已有部位暫停加碼；若收盤跌破60日EMA約 2,077.39，且下一交易日仍未收復，先減碼三分之一；若ETF或外資繼續轉弱，再分批降低部位。",ETF 5/10日同步減碼；投信5/10日持續且具金額意義地賣超,57.8,63.9,56.5,85,100,可用,2105,,50.36,42.8,6.79,75.35,132.12,156.38,6.75,2.87,7.8,46,-363,-1068,-1690,-1240,-1242,-1850,-404.488,-2610.7360000000003,-7268.069,-18571.069,-699.3,-3917.591,-3502.2019999999998,-6404.201999999999,0,5,-8246529055,112.44600000000001,-94.18499999999993,22.27,417,1360,-3176,,308.526,1194.4090000000003,-3671.6820000000007,-11068.682,42.19,11.89,14.65,6.38,false,false,-5.5,-2.77,ETF短中期同步減碼；ETF 1/3日已轉為減碼；主動ETF 5日轉為減碼；投信5/10日持續且具金額意義的賣超；20日趨勢尚未上彎；當下除權息調整價未守20日EMA
211,6510,精測,TPEX,半導體業,暫不承接,保護持有,protect,今天不新增部位；未完成確認前不機械式賣出,今天收盤後；若跌破，再看下一交易日是否收復,"已有部位暫停加碼；若收盤跌破60日EMA約 3,134.48，且下一交易日仍未收復，先減碼三分之一；若ETF或外資繼續轉弱，再分批降低部位。",ETF 5/10日同步減碼,59.9,63.9,62.2,85,99.1,可用,3475,,54.27,33.14,32.26,28.04,436.63,25.45,81.96,11.3,0.44,14,-161,-202,-192,-333,237,-191,-209.797,-209.797,-209.797,-507.797,-168,-168,-168,1777,0,1,-583800000,7.341,7.341,17.12,,,,,-49.138,-49.138,-49.138,-2269.138,56.98,50.98,43.57,65.78,true,false,4.7,7.59,ETF短中期同步減碼；20日累積後5日轉為調節；ETF 1/3日已轉為減碼；主動ETF 5日轉為減碼；外資持股尚未完成5／10日可比核對或期間有非市場異動；此項不給分，不解讀為轉弱
212,6944,兆聯實業,TWSE,綠能環保,暫不承接,保護持有,protect,今天不新增部位；未完成確認前不機械式賣出,今天收盤後；若跌破，再看下一交易日是否收復,已有部位暫停加碼；若收盤跌破60日EMA約 723.40，且下一交易日仍未收復，先減碼三分之一；若ETF或外資繼續轉弱，再分批降低部位。,ETF 5/10日同步減碼,62.1,63.6,52.6,85,100,完整,731,,37.21,41.23,23.2,53.56,163.33,16.5,18.16,6.62,2.74,2,0,0,-5,-3,-159,-5,108.308,225.71200000000002,43.58300000000004,-315.417,0,-10.6,-1.306999999999999,-176.30700000000002,0,1,-7748600,21.093999999999998,-7.956000000000005,14.72,106,208,35,,109.955,215.218,52.846,-145.154,55.98,69.2,53.22,101.16,false,false,2.81,6.72,ETF短中期同步減碼；主動ETF 5日轉為減碼；20日趨勢尚未上彎
213,2493,揚博,TWSE,電子零組件業,暫不承接,保護持有,protect,今天不新增部位；未完成確認前不機械式賣出,今天收盤後；若跌破，再看下一交易日是否收復,已有部位暫停加碼；若收盤跌破60日EMA約 195.16，且下一交易日仍未收復，先減碼三分之一；若ETF或外資繼續轉弱，再分批降低部位。,ETF 5/10日同步減碼,64.7,63.5,50.9,85,100,完整,197,,29.35,14.07,17.43,51.21,163.49,2.67,37.67,8.1,2.03,2,0,-2,-2,-4,-12,0,-216.156,-632.8570000000001,-539.7500000000001,246.2499999999999,0.038,-1.962,-73.962,-81.962,1,1,-386514,58.265,167.95799999999997,8.25,-269,684,1125,,-148.597,-689.1600000000001,-633.7460000000002,151.2539999999998,53.73,65.42,58.32,79.61,false,false,4.97,4.79,ETF短中期同步減碼；借券賣出與借券賣出餘額壓力升高
214,2548,華固,TWSE,建材營造,暫不承接,保護持有,protect,今天不新增部位；未完成確認前不機械式賣出,今天收盤後；若跌破，再看下一交易日是否收復,已有部位暫停加碼；若收盤跌破60日EMA約 96.59，且下一交易日仍未收復，先減碼三分之一；若ETF或外資繼續轉弱，再分批降低部位。,價格跌破60日EMA且20日趨勢向下,53.7,63.2,68,85,93,可用,93.4,,139.53,105.33,20.15,61.37,222.93,2.81,7.55,1.43,9.1,2,0,0,0,10,11,0,-205.168,673.4410000000001,-1246.3760000000002,-3116.376,2.8,2.8,-11.6,-12.6,1,0,261520,34.954,44.95,13.92,-747,130,-1606,,-159.85,635.6869999999999,-1279.726,-3092.726,46.48,35.21,36.89,31.87,false,true,-0.79,1.63,中期趨勢仍向下；20日趨勢尚未上彎；當下除權息調整價未守20日EMA
215,3042,晶技,TWSE,電子零組件業,暫不承接,保護持有,protect,今天不新增部位；未完成確認前不機械式賣出,今天收盤後；若跌破，再看下一交易日是否收復,已有部位暫停加碼；若收盤跌破60日EMA約 180.08，且下一交易日仍未收復，先減碼三分之一；若ETF或外資繼續轉弱，再分批降低部位。,ETF 5/10日同步減碼；投信5/10日持續且具金額意義地賣超,64.7,62.8,61.5,85,100,完整,198,,23.48,11.7,16,31.85,238.42,2.96,34.2,4.27,2.42,8,-196,-196,-313,-487,-496,-313,1346.198,9177.69,9229.446,19714.446,-145,-182,-295.7,-312.7,2,3,-36036000,1647.987,729.937,25.03,492,8024,9351,,235.297,7711.7029999999995,8795.208999999999,20109.209,61.35,69.53,59.9,88.79,false,false,8.42,6.74,ETF短中期同步減碼；ETF 1/3日已轉為減碼；主動ETF 5日轉為減碼；投信5/10日持續且具金額意義的賣超
216,3090,日電貿,TWSE,電子零組件業,暫不承接,保護持有,protect,今天不新增部位；未完成確認前不機械式賣出,今天收盤後；若跌破，再看下一交易日是否收復,已有部位暫停加碼；若收盤跌破60日EMA約 177.02，且下一交易日仍未收復，先減碼三分之一；若ETF或外資繼續轉弱，再分批降低部位。,價格跌破60日EMA且20日趨勢向下,63.1,62.8,63.1,85,100,完整,165,,38.45,30.03,12.12,30.9,156.34,4.91,21.85,2.55,2.91,7,102,236,236,214,190,236,357.247,1512.3280000000002,2231.364,-842.636,103,238,272,871,3,0,39270000,-13.538999999999998,-2.487000000000009,8.15,241,1404,1694,,262.476,1287.8670000000002,1961.851,-1739.149,47.49,44.29,35.07,62.74,false,false,-0.61,0.92,中期趨勢仍向下；20日趨勢尚未上彎；當下除權息調整價未守20日EMA
217,3135,凌航,TWSE,半導體業,暫不承接,保護持有,protect,今天不新增部位；未完成確認前不機械式賣出,今天收盤後；若跌破，再看下一交易日是否收復,已有部位暫停加碼；若收盤跌破60日EMA約 164.27，且下一交易日仍未收復，先減碼三分之一；若ETF或外資繼續轉弱，再分批降低部位。,價格跌破60日EMA且20日趨勢向下,46.9,62.8,63.2,85,100,可用,159,,237.79,246.13,20.31,53.77,264.03,20.87,6.86,3.31,2.35,1,0,0,0,-87,-288,0,-5.891,-260.472,-312.40099999999995,-1474.4009999999998,0.007,0.007,-86.993,-287.993,1,0,1113,-4.337,-27.712,0.88,0,-146,111,,-6.193,-256.142,-197.69599999999997,-1126.696,43.36,17.68,18.4,16.25,false,true,-2.92,-1.85,中期趨勢仍向下；外資持股尚未完成5／10日可比核對或期間有非市場異動；此項不給分，不解讀為轉弱；20日趨勢尚未上彎；當下除權息調整價未守20日EMA
218,4961,天鈺,TWSE,半導體業,暫不承接,保護持有,protect,今天不新增部位；未完成確認前不機械式賣出,今天收盤後；若跌破，再看下一交易日是否收復,已有部位暫停加碼；若收盤跌破60日EMA約 169.09，且下一交易日仍未收復，先減碼三分之一；若ETF或外資繼續轉弱，再分批降低部位。,ETF 5/10日同步減碼,59.7,62.8,67.5,85,100,完整,178.5,,50.15,10.63,7.97,20.7,391.38,5.07,20.06,1.24,4.32,4,-1,-1,-1,-1,-4,0,31.133,1382.999,3007.5600000000004,4275.56,-1,-1,-1,-4,0,1,-178500,-47.986000000000004,68.09299999999999,25.56,23,1156,2324,,29.188,1431.9850000000001,2940.467,4142.467000000001,57.73,70.18,75.53,59.49,false,true,2.1,-1.38,ETF短中期同步減碼；ETF 1/3日已轉為減碼
219,8996,高力,TWSE,電機機械,暫不承接,正常持有,strong,強勢續抱；不追高,今日收盤確認是否守住20日EMA,"價格仍在20／60日EMA之上且短線強勢；ETF偏弱先觀察，不因分歧減碼。若收盤跌破20日EMA約 1,339.66 且法人續弱，再轉為保護持有。",價格強勢站上20／60日EMA；ETF偏弱，先觀察,63.6,62.8,50.6,85,100,可用,1540,,112.84,115.03,17.58,50.01,160.68,8.69,103.7,27.96,0.3,23,-146,-110,-126,-367,-784,-127,45.253,996.922,-195.74900000000008,-4472.749,203.8,654.453,1096.953,819.953,2,3,1007857620,-91.15200000000002,-20.340000000000018,24.18,7,779,-597,,-19.059,433.621,-1272.362,-5443.362,62.56,80.29,72.26,96.37,false,false,14.95,18.46,ETF短中期同步減碼；ETF 1/3日已轉為減碼；主動ETF 5日轉為減碼；短線過熱或乖離過大；高波動且5日漲幅過大
220,3533,嘉澤,TWSE,電子零組件業,暫不承接,保護持有,protect,今天不新增部位；未完成確認前不機械式賣出,今天收盤後；若跌破，再看下一交易日是否收復,"已有部位暫停加碼；若收盤跌破60日EMA約 1,803.67，且下一交易日仍未收復，先減碼三分之一；若ETF或外資繼續轉弱，再分批降低部位。",ETF 5/10日同步減碼；外資持股5/10日下降且外資5日賣超；投信5/10日持續且具金額意義地賣超,57.8,62.4,70.1,85,100,完整,1690,,19.58,17.7,25.46,25.84,276.95,39.04,20.6,4.64,2.07,18,-1,-81,-159,-259,-329,-158,-663.128,-717.3140000000001,-1602.114,-2128.114,116,-54.995000000000005,-177.445,-450.445,1,4,-92941550,63.391999999999996,-58.17800000000001,43.57,-666,-721,-1220,,-662.709,-725.711,-1366.491,-1606.491,51.93,63.56,46.11,98.44,false,false,2.85,11.92,ETF短中期同步減碼；ETF 1/3日已轉為減碼；主動ETF 5日轉為減碼；投信5/10日持續且具金額意義的賣超；外資持股5/10日下降，且外資5日賣超
221,3029,零壹,TWSE,資訊服務業,暫不承接,保護持有,protect,今天不新增部位；未完成確認前不機械式賣出,今天收盤後；若跌破，再看下一交易日是否收復,已有部位暫停加碼；若收盤跌破60日EMA約 110.41，且下一交易日仍未收復，先減碼三分之一；若ETF或外資繼續轉弱，再分批降低部位。,ETF 5/10日同步減碼,63.1,62.3,49.4,85,100,完整,118.5,,44.44,20.13,6.32,63.78,142.48,3.63,16.9,3.74,4.64,3,0,0,-1,-2,-17,0,8.572,2445.408,-1164.3049999999998,336.69500000000016,0.017,-1.643,-2.684,-16.684,1,1,-194695,-45.958000000000006,-19.076999999999998,7.65,-83,2558,-88,,31.498,2493.009,-1142.5439999999999,296.45600000000013,56.7,58.41,61.83,51.58,false,true,2.25,-0.84,ETF短中期同步減碼
222,5434,崇越,TWSE,電子通路業,暫不承接,保護持有,protect,今天不新增部位；未完成確認前不機械式賣出,今天收盤後；若跌破，再看下一交易日是否收復,已有部位暫停加碼；若收盤跌破60日EMA約 518.67，且下一交易日仍未收復，先減碼三分之一；若ETF或外資繼續轉弱，再分批降低部位。,ETF 5/10日同步減碼；外資持股5/10日下降且外資5日賣超；投信5/10日持續且具金額意義地賣超,60.7,62.3,48.4,85,100,可用,542,,36.34,25.2,7.4,53.86,133.72,14.79,20.28,4.79,2.48,22,-4,-29,-284,-206,-77,-7,-8.541,-524.707,-525.978,-1364.978,-4,-284,-206,-24,0,5,-153928000,-1.709000000000001,5.096999999999998,30.06,18,-137,-126,,-14.932,-238.998,-325.07499999999993,-1279.0749999999998,55.14,56.96,54.39,62.12,true,false,1.58,0.93,ETF短中期同步減碼；ETF 1/3日已轉為減碼；主動ETF 5日轉為減碼；投信5/10日持續且具金額意義的賣超；外資持股5/10日下降，且外資5日賣超
223,6291,沛亨,TPEX,半導體業,暫不承接,保護持有,protect,今天不新增部位；未完成確認前不機械式賣出,今天收盤後；若跌破，再看下一交易日是否收復,已有部位暫停加碼；若收盤跌破60日EMA約 444.68，且下一交易日仍未收復，先減碼三分之一；若ETF或外資繼續轉弱，再分批降低部位。,ETF 5/10日同步減碼,59.6,62.3,55.6,85,100,可用,493,,33.42,40.5,24.29,36.66,247.35,6.36,42.57,14.56,1.22,2,0,0,-1,-1,0,0,-68.875,-68.875,-68.875,-1440.875,9,9,9,-311,1,0,4437000,-34.033,-34.033,4.69,,,,,-43.842,-43.842,-43.842,-1166.842,58.58,63.07,66.46,56.29,false,true,5.28,0.51,ETF短中期同步減碼；外資持股尚未完成5／10日可比核對或期間有非市場異動；此項不給分，不解讀為轉弱
224,6187,萬潤,TPEX,半導體業,暫不承接,保護持有,protect,今天不新增部位；未完成確認前不機械式賣出,今天收盤後；若跌破，再看下一交易日是否收復,"已有部位暫停加碼；若收盤跌破60日EMA約 1,193.84，且下一交易日仍未收復，先減碼三分之一；若ETF或外資繼續轉弱，再分批降低部位。",ETF 5/10日同步減碼,54.6,62.1,56.5,85,100,可用,1205,,103.06,51.11,29.5,35.14,178.04,11.9,62.47,13.77,0.97,18,-26,-90,-91,-48,-423,-89,-202.886,-202.886,-202.886,1017.114,-148,-148,-148,1564,0,1,-178340000,1.522,1.522,33.3,,,,,-56.408,-56.408,-56.408,-551.4079999999999,45.7,21.2,20.28,23.03,true,false,-3.64,-1.23,ETF短中期同步減碼；ETF 1/3日已轉為減碼；主動ETF 5日轉為減碼；外資持股尚未完成5／10日可比核對或期間有非市場異動；此項不給分，不解讀為轉弱；20日趨勢尚未上彎；當下除權息調整價未守20日EMA
225,1402,遠東新,TWSE,紡織纖維,暫不承接,降低部位,trim,停止加碼；反彈未站回恢復區時分批減碼,每個交易日收盤後，確認是否站回恢復區,已有部位先停止加碼。反彈若仍未站回 28.19，分批降低部位；只有站回且ETF／外資賣壓收斂後才重新評估。,價格跌破60日EMA且20日趨勢向下；投信5/10日持續且具金額意義地賣超,57.3,61.8,51.8,85,100,完整,27.9,,15.2,8.35,7.75,54.39,100.03,1.15,14.46,0.64,4.48,14,147,346,1292,1404,9785,0,1583.722,2545.8210000000004,-8375.381999999998,-8117.381999999998,154,-4773.316,-17135.758,-17475.758,2,3,-133175516,449.51500000000004,-100.68599999999996,17.41,1234,7038,8703,,1264.037,6869.622,8861.062000000002,8441.062000000002,45.92,35.25,32.93,39.9,false,false,-1.04,1.82,中期趨勢仍向下；投信5/10日持續且具金額意義的賣超；20日趨勢尚未上彎；當下除權息調整價未守20日EMA
226,3357,臺慶科,TPEX,電子零組件業,暫不承接,保護持有,protect,今天不新增部位；未完成確認前不機械式賣出,今天收盤後；若跌破，再看下一交易日是否收復,已有部位暫停加碼；若收盤跌破60日EMA約 218.78，且下一交易日仍未收復，先減碼三分之一；若ETF或外資繼續轉弱，再分批降低部位。,價格跌破60日EMA且20日趨勢向下,49,61.4,70.4,85,100,可用,206,,53.07,32.22,16.21,29.91,188.39,6.33,19.32,2.09,2.47,1,0,0,0,0,0,0,-35.246,-35.246,-35.246,-814.246,0,0,0,0,0,0,0,-3.587,-3.587,21.12,,,,,-31.659,-31.659,-31.659,-748.659,46.47,56.3,47.25,74.4,false,false,-0.95,2.49,中期趨勢仍向下；外資持股尚未完成5／10日可比核對或期間有非市場異動；此項不給分，不解讀為轉弱；20日趨勢尚未上彎；當下除權息調整價未守20日EMA
227,7750,新代,TWSE,電機機械,暫不承接,降低部位,trim,停止加碼；反彈未站回恢復區時分批減碼,每個交易日收盤後，確認是否站回恢復區,"已有部位先停止加碼。反彈若仍未站回 2,157.70，分批降低部位；只有站回且ETF／外資賣壓收斂後才重新評估。",價格跌破60日EMA且20日趨勢向下；外資持股5/10日下降且外資5日賣超,52.3,61.4,61.6,85,100,完整,1950,,151.07,101.32,27.76,45.28,228.69,42.53,33.52,10.4,0.82,6,0,0,0,3,4,0,-9.663,-111.21000000000001,-443.90099999999995,-664.901,0,1,3,4,1,1,1950000,14.142000000000001,-6.24,16.23,-10,-122,-430,,-10.382,-126.35200000000002,-440.661,-643.6610000000001,39.26,21.05,17.58,28.01,true,false,-6.58,2.9,中期趨勢仍向下；外資持股5/10日下降，且外資5日賣超；20日趨勢尚未上彎；當下除權息調整價未守20日EMA
228,1590,亞德客-KY,TWSE,電機機械,暫不承接,降低部位,trim,停止加碼；反彈未站回恢復區時分批減碼,每個交易日收盤後，確認是否站回恢復區,"已有部位先停止加碼。反彈若仍未站回 1,357.57，分批降低部位；只有站回且ETF／外資賣壓收斂後才重新評估。",價格跌破60日EMA且20日趨勢向下；外資持股5/10日下降且外資5日賣超,52.6,61.3,73.1,85,100,完整,1230,,43.33,34.08,34.22,16.97,305.42,29.91,23.63,4.49,2.37,18,2,-1,5,14,6,-1,-81.556,-1026.231,-1243.6399999999999,-1749.6399999999999,2,4.9079999999999995,16.808,-22.192,2,3,6036840,20.479,31.616000000000003,80.11,-106,-923,-1260,,-77.274,-1051.618,-1292.064,-1705.064,33.98,17.58,15.37,22,true,false,-6.13,-0.81,中期趨勢仍向下；主動ETF 5日轉為減碼；外資持股5/10日下降，且外資5日賣超；20日趨勢尚未上彎；當下除權息調整價未守20日EMA
229,6257,矽格,TWSE,半導體業,暫不承接,正常持有,strong,強勢續抱；不追高,今日收盤確認是否守住20日EMA,價格仍在20／60日EMA之上且短線強勢；ETF／投信偏弱先觀察，不因分歧減碼。若收盤跌破20日EMA約 223.25 且法人續弱，再轉為保護持有。,價格強勢站上20／60日EMA；ETF／投信偏弱，先觀察,59.1,61.1,53.5,85,100,可用,247,,28.58,20.49,24.09,43.78,182.58,4.65,28.89,4.68,1.72,12,-4,-90,-110,-700,-385,-62,551.779,33631.806,37342.17399999999,22680.17399999999,-3,-66,-672,-1396,2,3,-16302000,2635.061,2735.184,32.66,482,31337,35080,,516.425,31062.745,35278.99,21432.989999999998,67.85,73.07,65.35,88.51,false,false,10.64,17.62,ETF短中期同步減碼；ETF 1/3日已轉為減碼；主動ETF 5日轉為減碼；投信5/10日持續且具金額意義的賣超
230,3030,德律,TWSE,其他電子業,暫不承接,降低部位,trim,停止加碼；反彈未站回恢復區時分批減碼,每個交易日收盤後，確認是否站回恢復區,已有部位先停止加碼。反彈若仍未站回 288.92，分批降低部位；只有站回且ETF／外資賣壓收斂後才重新評估。,價格跌破60日EMA且20日趨勢向下；ETF 5/10日同步減碼,50.9,60.7,70.4,85,100,完整,264.5,,31.88,27.42,38.59,34.3,215.96,7.36,20.04,6.42,2.65,6,-1,-1,-2,-3,-6,0,20.356,58.57700000000002,155.15000000000003,-1812.85,0,0,12.3,6.300000000000001,1,1,0,6.611000000000001,-65.048,9.64,107,75,230,,35.031,51.966,207.89799999999997,-1628.102,39.71,44.49,34.47,64.55,false,false,-3.01,0.76,中期趨勢仍向下；ETF短中期同步減碼；ETF 1/3日已轉為減碼；20日趨勢尚未上彎；當下除權息調整價未守20日EMA
231,5904,寶雅*,TPEX,居家生活,暫不承接,保護持有,protect,今天不新增部位；未完成確認前不機械式賣出,今天收盤後；若跌破，再看下一交易日是否收復,已有部位暫停加碼；若收盤跌破60日EMA約 70.83，且下一交易日仍未收復，先減碼三分之一；若ETF或外資繼續轉弱，再分批降低部位。,價格跌破60日EMA且20日趨勢向下,59.9,60.7,48.2,85,100,可用,70.8,,10.32,13.91,16.38,78.94,111.99,17.45,20.82,1.04,3.6,9,69,230,1592,2408,1891,208,-259.236,-259.236,-259.236,-10605.236,69,69,69,-824,1,0,4885200,-2.069,-2.069,26.03,,,,,-326.167,-326.167,-326.167,-9607.167,42.55,21.09,36.93,-10.59,false,false,-2.38,-3.8,中期趨勢仍向下；外資持股尚未完成5／10日可比核對或期間有非市場異動；此項不給分，不解讀為轉弱；20日趨勢尚未上彎；當下除權息調整價未守20日EMA
232,6239,力成,TWSE,半導體業,暫不承接,保護持有,protect,今天不新增部位；未完成確認前不機械式賣出,今天收盤後；若跌破，再看下一交易日是否收復,已有部位暫停加碼；若收盤跌破60日EMA約 279.96，且下一交易日仍未收復，先減碼三分之一；若ETF或外資繼續轉弱，再分批降低部位。,ETF 5/10日同步減碼；投信5/10日持續且具金額意義地賣超,61.5,60.7,47.5,85,100,可用,286.5,,24.46,30.83,14.16,44.87,169.04,5.5,28.37,3.7,1.57,24,-189,-3100,-5664,-5553,-5943,-5571,-1004.769,4014.351,-657.0419999999996,-9485.042,-17,-6003.95,-7822.95,-8370.95,0,5,-1720131675,1204.105,1109.4300000000003,32.69,-831,8674,6288,,-823.816,8814.196,6056.478,-1075.5220000000008,54.71,65.25,58.24,79.26,false,false,2.35,4.37,ETF短中期同步減碼；ETF 1/3日已轉為減碼；主動ETF 5日轉為減碼；投信5/10日持續且具金額意義的賣超
233,4772,台特化,TPEX,化學工業,暫不承接,保護持有,protect,今天不新增部位；未完成確認前不機械式賣出,今天收盤後；若跌破，再看下一交易日是否收復,已有部位暫停加碼；若收盤跌破60日EMA約 253.69，且下一交易日仍未收復，先減碼三分之一；若ETF或外資繼續轉弱，再分批降低部位。,價格跌破60日EMA且20日趨勢向下,52.4,60.6,57.3,85,100,可用,245,,18.89,184.6,40.7,45.88,267.26,2.83,44.22,9.78,1.22,1,0,0,0,0,0,0,35.711,35.711,35.711,-433.289,0,0,0,-107,0,0,0,-1.364,-1.364,8.61,,,,,37.075,37.075,37.075,-292.92499999999995,47.86,64.62,53.74,86.4,false,false,-0.47,2.08,中期趨勢仍向下；外資持股尚未完成5／10日可比核對或期間有非市場異動；此項不給分，不解讀為轉弱；20日趨勢尚未上彎；當下除權息調整價未守20日EMA
234,5347,世界,TPEX,半導體業,暫不承接,保護持有,protect,今天不新增部位；未完成確認前不機械式賣出,今天收盤後；若跌破，再看下一交易日是否收復,已有部位暫停加碼；若收盤跌破60日EMA約 159.96，且下一交易日仍未收復，先減碼三分之一；若ETF或外資繼續轉弱，再分批降低部位。,ETF 5/10日同步減碼,59,60.6,45.5,85,100,可用,173,,40.48,18.42,18.63,57.61,134.59,2.84,37.45,5.16,2.59,22,-37,-236,-2507,-1949,-857,-1351,276.833,276.833,276.833,3657.8329999999987,-356.1,-356.1,-356.1,-931.0999999999999,0,1,-61605300,-505.96,-505.96,32.42,,,,,1138.893,1138.893,1138.893,5408.893,63.31,74.49,73.18,77.12,false,false,7.08,9.49,ETF短中期同步減碼；ETF 1/3日已轉為減碼；主動ETF 5日轉為減碼；外資持股尚未完成5／10日可比核對或期間有非市場異動；此項不給分，不解讀為轉弱
235,6442,光聖,TWSE,通信網路業,暫不承接,降低部位,trim,停止加碼；反彈未站回恢復區時分批減碼,每個交易日收盤後，確認是否站回恢復區,"已有部位先停止加碼。反彈若仍未站回 1,592.25，分批降低部位；只有站回且ETF／外資賣壓收斂後才重新評估。",價格跌破60日EMA且20日趨勢向下；ETF 5/10日同步減碼；投信5/10日持續且具金額意義地賣超,47,60.6,66.8,85,100,完整,1515,,152.24,42.6,29.66,31.99,217.81,19.07,44.82,9.1,0.74,9,0,-73,-71,-73,89,-73,-47.274,-1588.272,-1208.73,-512.73,-215,-1270,-1340,-977,0,5,-1924050000,-28.349000000000004,-127.737,32.52,172,-275,303,,172.046,-289.923,259.00699999999995,444.00699999999995,45.21,10.49,14.77,1.93,false,false,-4.34,-3.81,中期趨勢仍向下；ETF短中期同步減碼；20日累積後5日轉為調節；主動ETF 5日轉為減碼；投信5/10日持續且具金額意義的賣超；20日趨勢尚未上彎；當下除權息調整價未守20日EMA
236,2412,中華電,TWSE,通信網路業,暫不承接,保護持有,protect,今天不新增部位；未完成確認前不機械式賣出,今天收盤後；若跌破，再看下一交易日是否收復,已有部位暫停加碼；若收盤跌破60日EMA約 139.40，且下一交易日仍未收復，先減碼三分之一；若ETF或外資繼續轉弱，再分批降低部位。,ETF 5/10日同步減碼；KD高檔死亡交叉（僅屬時機警示）,61.6,60.5,60.2,85,100,可用,145.5,,25.61,9.5,21.73,30.99,122.39,2.68,28.59,3.08,3.57,36,960,1285,-380,-443,-1620,465,4591.294,24785.542999999998,67781.33899999999,89113.33899999999,970,-366.2170000000001,-428.36700000000013,141.63299999999987,3,2,-53284574,569,231.81599999999997,18.18,2687,20628,64942,,3633.294,24582.76,67977.88999999998,88690.88999999998,76.41,96.08,95.48,97.28,true,true,2.8,1.39,ETF短中期同步減碼；外資持股尚未完成5／10日可比核對或期間有非市場異動；此項不給分，不解讀為轉弱；短線過熱或乖離過大；KD高檔死亡交叉，等待動能確認
237,2467,志聖,TWSE,電子零組件業,暫不承接,降低部位,trim,停止加碼；反彈未站回恢復區時分批減碼,每個交易日收盤後，確認是否站回恢復區,已有部位先停止加碼。反彈若仍未站回 553.83，分批降低部位；只有站回且ETF／外資賣壓收斂後才重新評估。,價格跌破60日EMA且20日趨勢向下；ETF 5/10日同步減碼；外資持股5/10日下降且外資5日賣超,48.6,60.5,57.5,85,100,完整,522,,60.73,83.37,26.06,44,119.58,7.16,52.1,5.2,1.05,9,-1,-1,-1,-1,134,0,-168.211,-757.457,-1597.19,-757.19,-1,-1,-1,166,0,1,-522000,31.448,3.2909999999999995,20.49,-143,-774,-1430,,-159.212,-787.905,-1599.481,-882.4809999999998,40.91,12.35,13.05,10.96,false,false,-4.87,0.58,中期趨勢仍向下；ETF短中期同步減碼；20日累積後5日轉為調節；ETF 1/3日已轉為減碼；外資持股5/10日下降，且外資5日賣超；20日趨勢尚未上彎；當下除權息調整價未守20日EMA
238,3706,神達,TWSE,電腦及週邊設備業,暫不承接,降低部位,trim,停止加碼；反彈未站回恢復區時分批減碼,每個交易日收盤後，確認是否站回恢復區,已有部位先停止加碼。反彈若仍未站回 81.24，分批降低部位；只有站回且ETF／外資賣壓收斂後才重新評估。,價格跌破60日EMA且20日趨勢向下；ETF 5/10日同步減碼；投信5/10日持續且具金額意義地賣超,47.1,60.3,62,85,100,完整,78.6,,119.89,52.57,3.96,56.75,189.14,2.58,14.04,1.37,5.09,14,-1637,-2987,-3159,-4148,1702,-2665,-2100.99,-3411.9909999999995,-11791.766999999998,-11781.767,-1634,-3153.175,-4138.175,1179.8249999999998,0,5,-247839555,-441.268,-1391.7569999999998,9.39,343,1248,4027,,-366.385,182.45200000000023,-6261.835,-11380.835,39.65,31.37,29.38,35.36,false,false,-2.9,-0.51,中期趨勢仍向下；ETF短中期同步減碼；20日累積後5日轉為調節；ETF 1/3日已轉為減碼；主動ETF 5日轉為減碼；投信5/10日持續且具金額意義的賣超；20日趨勢尚未上彎；當下除權息調整價未守20日EMA
239,6177,達麗,TWSE,建材營造,暫不承接,降低部位,trim,停止加碼；反彈未站回恢復區時分批減碼,每個交易日收盤後，確認是否站回恢復區,已有部位先停止加碼。反彈若仍未站回 47.49，分批降低部位；只有站回且ETF／外資賣壓收斂後才重新評估。,價格跌破60日EMA且20日趨勢向下；外資持股5/10日下降且外資5日賣超,51.6,60.2,59.1,85,100,完整,46.5,,-8.72,322.35,35.66,73.72,132.76,5.03,5.13,1.83,6.45,3,-71,197,273,254,1167,0,-617.324,-448.24399999999986,-1882.445,-1058.4449999999997,-70.989,273.233,-434.667,434.333,4,1,12705335,-15.677,-3.0699999999999994,6.96,-472,-456,-1184,,-548,-705.8,-1444.7079999999999,-1214.7079999999996,43.24,24.37,29.14,14.84,false,true,-2.08,-0.43,中期趨勢仍向下；外資持股5/10日下降，且外資5日賣超；20日趨勢尚未上彎；當下除權息調整價未守20日EMA
240,3661,世芯-KY,TWSE,半導體業,暫不承接,降低部位,trim,停止加碼；反彈未站回恢復區時分批減碼,每個交易日收盤後，確認是否站回恢復區,"已有部位先停止加碼。反彈若仍未站回 3,816.73，分批降低部位；只有站回且ETF／外資賣壓收斂後才重新評估。",價格跌破60日EMA且20日趨勢向下；ETF 5/10日同步減碼；投信5/10日持續且具金額意義地賣超,58,60.1,59.5,85,100,可用,3760,,273.61,13.58,25.49,32.68,290.95,37.57,55.15,5.37,0.87,21,-3,-24,-2364,-2401,-2403,-238,117.094,-33.48299999999995,-2699.154,-2867.154,-4,-2520.724,-2736.224,-2652.224,1,4,-9477922240,228.79799999999997,-6.566000000000045,50.68,80,2137,64,,120.521,2258.443,43.63600000000017,-355.3639999999998,50.16,49.12,34.45,78.47,true,false,0.79,12.41,中期趨勢仍向下；ETF短中期同步減碼；ETF 1/3日已轉為減碼；主動ETF 5日轉為減碼；投信5/10日持續且具金額意義的賣超；20日趨勢尚未上彎
241,1808,潤隆,TWSE,建材營造,暫不承接,保護持有,protect,今天不新增部位；未完成確認前不機械式賣出,今天收盤後；若跌破，再看下一交易日是否收復,已有部位暫停加碼；若收盤跌破60日EMA約 33.34，且下一交易日仍未收復，先減碼三分之一；若ETF或外資繼續轉弱，再分批降低部位。,價格跌破60日EMA且20日趨勢向下,44.6,59.8,58.4,85,100,完整,31.9,,33032.93,13849.62,22.07,73.55,166.02,2.52,7.54,2.06,4.7,2,0,0,0,-126,1033,0,-1025,2639.3150000000005,-336.7649999999993,-2461.7649999999994,0,0,885,2044,0,0,0,-210,-17,4.09,-976,-1821,-1814,,-743,2849.3150000000005,-1204.7649999999992,-4708.764999999999,39.48,35.38,40.87,24.41,false,true,-7,-5.2,中期趨勢仍向下；20日趨勢尚未上彎；當下除權息調整價未守20日EMA
242,3413,京鼎,TWSE,半導體業,暫不承接,保護持有,protect,今天不新增部位；未完成確認前不機械式賣出,今天收盤後；若跌破，再看下一交易日是否收復,已有部位暫停加碼；若收盤跌破60日EMA約 297.25，且下一交易日仍未收復，先減碼三分之一；若ETF或外資繼續轉弱，再分批降低部位。,價格跌破60日EMA且20日趨勢向下,55,59.5,56.4,85,100,完整,285.5,,23.54,20.05,12.62,40.54,166.04,8.89,14.22,1.91,3.85,2,0,0,0,0,0,0,106.664,214.25300000000001,-298.543,-2584.543,0,0,198,-134,0,0,0,21.878999999999998,7.510999999999998,24.08,138,480,164,,106.9,192.37399999999997,-504.05400000000003,-2418.054,48.53,67.78,58.25,86.85,false,false,0.47,3.25,中期趨勢仍向下；20日趨勢尚未上彎
243,8131,福懋科,TWSE,半導體業,暫不承接,降低部位,trim,停止加碼；反彈未站回恢復區時分批減碼,每個交易日收盤後，確認是否站回恢復區,已有部位先停止加碼。反彈若仍未站回 63.69，分批降低部位；只有站回且ETF／外資賣壓收斂後才重新評估。,價格跌破60日EMA且20日趨勢向下；外資持股5/10日下降且外資5日賣超,52.7,59.5,65.9,85,100,完整,61.4,,29.25,37.5,15.72,21.17,277.62,1.93,17.8,1.76,1.63,3,0,0,0,0,0,0,-59.065,-950.002,-3436.2,-5615.2,0,0,0,0,0,0,0,27.215000000000003,-9.375999999999992,2.92,60,-724,-2682,,-56.346,-977.2170000000001,-3426.8240000000005,-5589.8240000000005,48.77,50.02,38.49,73.07,false,false,0.16,4.24,中期趨勢仍向下；外資持股5/10日下降，且外資5日賣超；20日趨勢尚未上彎
244,8210,勤誠,TWSE,電腦及週邊設備業,暫不承接,降低部位,trim,停止加碼；反彈未站回恢復區時分批減碼,每個交易日收盤後，確認是否站回恢復區,"已有部位先停止加碼。反彈若仍未站回 1,020.52，分批降低部位；只有站回且ETF／外資賣壓收斂後才重新評估。",價格跌破60日EMA且20日趨勢向下；ETF 5/10日同步減碼；投信5/10日持續且具金額意義地賣超,50,59.1,55.4,85,100,完整,892,,40.54,51.68,24.82,56.81,149.43,21.83,23.38,8.96,1.57,11,-76,-281,-433,-1064,-1943,-432,-205.831,-566.246,-1236.618,-2206.618,-231,-837,-1445,-2744,0,5,-746604000,15.310000000000002,10.871000000000004,9.08,35,333,96,,35.712,255.44399999999996,197.511,559.511,38.66,38.61,30.05,55.71,false,false,-3.55,1.02,中期趨勢仍向下；ETF短中期同步減碼；ETF 1/3日已轉為減碼；主動ETF 5日轉為減碼；投信5/10日持續且具金額意義的賣超；20日趨勢尚未上彎；當下除權息調整價未守20日EMA
245,2472,立隆電,TWSE,電子零組件業,暫不承接,降低部位,trim,停止加碼；反彈未站回恢復區時分批減碼,每個交易日收盤後，確認是否站回恢復區,已有部位先停止加碼。反彈若仍未站回 242.71，分批降低部位；只有站回且ETF／外資賣壓收斂後才重新評估。,價格跌破60日EMA且20日趨勢向下；投信5/10日持續且具金額意義地賣超,49.3,58.9,68.5,85,100,完整,216.5,,51.19,24.38,20.37,26.28,287.97,3.98,22.05,3.74,1.62,4,0,0,0,-106,-430,0,-824.977,-1691.341,-954.8799999999999,-3272.88,6,-1650,-4262.8,-7069.8,1,3,-357225000,7.4840000000000035,-8.722999999999994,14.26,-909,-167,3556,,-831.086,-48.8250000000001,3316.6429999999996,3810.643,45.21,50.35,39.65,71.76,false,false,-0.93,2.85,中期趨勢仍向下；投信5/10日持續且具金額意義的賣超；20日趨勢尚未上彎；當下除權息調整價未守20日EMA
246,3227,原相,TPEX,半導體業,暫不承接,保護持有,protect,今天不新增部位；未完成確認前不機械式賣出,今天收盤後；若跌破，再看下一交易日是否收復,已有部位暫停加碼；若收盤跌破60日EMA約 196.26，且下一交易日仍未收復，先減碼三分之一；若ETF或外資繼續轉弱，再分批降低部位。,價格跌破60日EMA且20日趨勢向下,55.8,58.9,71.9,85,100,可用,185.5,,10.13,5.98,18.18,22.55,310.76,6.11,15.65,1.86,5.39,9,129,236,237,251,322,239,-49.19,-49.19,-49.19,-2174.19,19,19,19,-378,1,0,3524500,-5.55,-5.55,28.85,,,,,-62.64,-62.64,-62.64,-1669.6399999999999,43.59,57.85,41.38,90.79,false,false,-1.06,0.82,中期趨勢仍向下；外資持股尚未完成5／10日可比核對或期間有非市場異動；此項不給分，不解讀為轉弱；20日趨勢尚未上彎；當下除權息調整價未守20日EMA
247,7769,鴻勁,TWSE,半導體業,暫不承接,降低部位,trim,停止加碼；反彈未站回恢復區時分批減碼,每個交易日收盤後，確認是否站回恢復區,"已有部位先停止加碼。反彈若仍未站回 6,290.38，分批降低部位；只有站回且ETF／外資賣壓收斂後才重新評估。",價格跌破60日EMA且20日趨勢向下；ETF 5/10日同步減碼；投信5/10日持續且具金額意義地賣超,46.7,58.8,64.2,85,100,可用,5975,,91.58,92.92,49.13,33.36,287.37,56.14,61.69,18.93,1.09,29,-59,-309,-314,-334,-466,-311,-221.272,-702.321,-992.4870000000002,-372.4870000000002,-84.32,-726.14,-804.01,-1452.01,1,4,-4338686500,35.257,26.908999999999995,20.22,-153,93,125,,-134.405,-11.43800000000001,-215.38600000000002,1034.614,44.71,19.82,27.04,5.37,false,false,-4.25,-2.45,中期趨勢仍向下；ETF短中期同步減碼；ETF 1/3日已轉為減碼；主動ETF 5日轉為減碼；投信5/10日持續且具金額意義的賣超；20日趨勢尚未上彎；當下除權息調整價未守20日EMA
248,6781,AES-KY,TWSE,電子零組件業,暫不承接,降低部位,trim,停止加碼；反彈未站回恢復區時分批減碼,每個交易日收盤後，確認是否站回恢復區,"已有部位先停止加碼。反彈若仍未站回 1,063.91，分批降低部位；只有站回且ETF／外資賣壓收斂後才重新評估。",價格跌破60日EMA且20日趨勢向下；外資持股5/10日下降且外資5日賣超,52.1,58.6,66.5,85,100,完整,1015,,26.64,26.39,25.76,35.13,265.53,23.45,24.01,4.9,1.88,4,0,0,0,0,0,0,20.572,-186.548,-371.309,71.69099999999997,0,-0.022,7.978,24.978,0,1,-22330,5.9410000000000025,-20.891,70.34,22,-175,-255,,19.553,-192.467,-358.396,95.60399999999998,44.58,40.84,26.5,69.54,false,false,-2.04,1,中期趨勢仍向下；外資持股5/10日下降，且外資5日賣超；20日趨勢尚未上彎；當下除權息調整價未守20日EMA
249,7751,竑騰,TPEX,半導體業,暫不承接,保護持有,protect,今天不新增部位；未完成確認前不機械式賣出,今天收盤後；若跌破，再看下一交易日是否收復,"已有部位暫停加碼；若收盤跌破60日EMA約 1,486.15，且下一交易日仍未收復，先減碼三分之一；若ETF或外資繼續轉弱，再分批降低部位。",價格跌破60日EMA且20日趨勢向下,48.7,58.3,53.2,85,100,可用,1435,,41.32,61.38,33.81,48.73,198.28,13.85,55.62,16.35,1.25,1,0,0,0,5,20,0,6.099,6.099,6.099,35.09899999999999,0,0,0,-186,0,0,0,0.049,0.049,10,,,,,6.05,6.05,6.05,284.05,46.88,47.96,37.17,69.54,false,false,-3.27,2.5,中期趨勢仍向下；外資持股尚未完成5／10日可比核對或期間有非市場異動；此項不給分，不解讀為轉弱；20日趨勢尚未上彎；當下除權息調整價未守20日EMA
250,1476,儒鴻,TWSE,紡織纖維,暫不承接,降低部位,trim,停止加碼；反彈未站回恢復區時分批減碼,每個交易日收盤後，確認是否站回恢復區,已有部位先停止加碼。反彈若仍未站回 313.69，分批降低部位；只有站回且ETF／外資賣壓收斂後才重新評估。,價格跌破60日EMA且20日趨勢向下；外資持股5/10日下降且外資5日賣超,52.3,58.2,71.4,85,100,完整,281,,-1.13,5.04,20.96,24,273.93,12.35,11.64,2.66,5.34,12,11,31,158,316,757,0,430.234,-1917.364,-2605.142,-4183.142,-5,125.786,282.385,720.385,3,2,35345866,45.818,-118.27900000000001,27.58,365,-1890,-2523,,425.764,-2088.9680000000003,-2769.2480000000005,-4737.2480000000005,30.22,17.08,10.25,30.74,true,false,-4.46,-1.06,中期趨勢仍向下；外資持股5/10日下降，且外資5日賣超；20日趨勢尚未上彎；當下除權息調整價未守20日EMA
251,1785,光洋科,TPEX,其他電子業,暫不承接,保護持有,protect,今天不新增部位；未完成確認前不機械式賣出,今天收盤後；若跌破，再看下一交易日是否收復,已有部位暫停加碼；若收盤跌破60日EMA約 108.27，且下一交易日仍未收復，先減碼三分之一；若ETF或外資繼續轉弱，再分批降低部位。,價格跌破60日EMA且20日趨勢向下,52,58.1,54.7,85,100,可用,96.5,,30.71,63.4,10.31,57.48,172.98,3.66,14.42,3.55,2.07,3,0,0,7,3,0,0,-229.678,-229.678,-229.678,-2417.678,0,0,0,-4,0,0,0,-2.68,-2.68,19.29,,,,,-226.998,-226.998,-226.998,-2406.998,40.62,40.91,29.83,63.08,false,false,-2.32,1.9,中期趨勢仍向下；外資持股尚未完成5／10日可比核對或期間有非市場異動；此項不給分，不解讀為轉弱；20日趨勢尚未上彎；當下除權息調整價未守20日EMA
252,8016,矽創,TWSE,半導體業,暫不承接,降低部位,trim,停止加碼；反彈未站回恢復區時分批減碼,每個交易日收盤後，確認是否站回恢復區,已有部位先停止加碼。反彈若仍未站回 288.69，分批降低部位；只有站回且ETF／外資賣壓收斂後才重新評估。,價格跌破60日EMA且20日趨勢向下；ETF 5/10日同步減碼；投信5/10日持續且具金額意義地賣超,50.5,58.1,65.4,85,100,完整,281.5,,23.69,28.97,14.18,31.5,231.35,12.28,14.07,2.51,4.09,11,-16,-62,-62,-51,16,0,-20.472,244.95000000000005,355.15000000000003,64.15000000000009,-16,-62.797,-51.168000000000006,13.831999999999994,0,4,-17677355,4.891,-23.617,46.71,60,467,627,,-4,302.856,429.935,98.93499999999995,45.55,56.18,44.82,78.9,false,false,-0.93,1.44,中期趨勢仍向下；ETF短中期同步減碼；20日累積後5日轉為調節；ETF 1/3日已轉為減碼；投信5/10日持續且具金額意義的賣超；20日趨勢尚未上彎；當下除權息調整價未守20日EMA
253,4979,華星光,TPEX,通信網路業,暫不承接,保護持有,protect,今天不新增部位；未完成確認前不機械式賣出,今天收盤後；若跌破，再看下一交易日是否收復,已有部位暫停加碼；若收盤跌破60日EMA約 540.18，且下一交易日仍未收復，先減碼三分之一；若ETF或外資繼續轉弱，再分批降低部位。,ETF 5/10日同步減碼,58.2,58,57.2,85,90,可用,590,,37.45,20.32,19.62,28.96,353.35,2.91,96.56,18.92,0.36,5,0,-610,-610,-1826,-2620,0,-1663.273,-1663.273,-1663.273,-368.27300000000014,-1482,-1482,-1482,730,0,1,-874380000,13.939,13.939,18.33,,,,,-195.212,-195.212,-195.212,-1269.212,53.45,58.5,49.18,77.14,false,false,2.47,7.86,ETF短中期同步減碼；外資持股尚未完成5／10日可比核對或期間有非市場異動；此項不給分，不解讀為轉弱
254,2880,華南金,TWSE,金融保險業,暫不承接,保護持有,protect,今天不新增部位；未完成確認前不機械式賣出,今天收盤後；若跌破，再看下一交易日是否收復,已有部位暫停加碼；若收盤跌破60日EMA約 41.87，且下一交易日仍未收復，先減碼三分之一；若ETF或外資繼續轉弱，再分批降低部位。,ETF 5/10日同步減碼；投信5/10日持續且具金額意義地賣超,61.1,57.9,50.2,85,100,可用,45.8,,11.95,27.69,,94.68,,1.24,19.83,2.64,3.17,22,899,-563,-9725,-9219,-31570,-656,-205.887,2249.3149999999996,20479.084000000003,75208.084,22,-7696.465,-9808.665,-23555.665,1,4,-352498097,2847.775,3417.8109999999997,14.56,1089,-6227,15327,,-1050.495,7098.005,26869.938000000002,101189.938,59.87,59.23,74.91,27.86,false,false,1.83,-3.27,ETF短中期同步減碼；主動ETF 5日轉為減碼；投信5/10日持續且具金額意義的賣超；外資持股尚未完成5／10日可比核對或期間有非市場異動；此項不給分，不解讀為轉弱
255,8086,宏捷科,TPEX,半導體業,暫不承接,保護持有,protect,今天不新增部位；未完成確認前不機械式賣出,今天收盤後；若跌破，再看下一交易日是否收復,已有部位暫停加碼；若收盤跌破60日EMA約 119.36，且下一交易日仍未收復，先減碼三分之一；若ETF或外資繼續轉弱，再分批降低部位。,價格跌破60日EMA且20日趨勢向下,48,57.9,69.9,85,100,可用,109,,12.56,35.83,24.75,21.4,324.69,2.93,20.34,2.53,1.54,1,0,0,0,0,0,0,-288.17,-288.17,-288.17,-5418.17,0,0,0,0,0,0,0,109.66,109.66,16.19,,,,,-397.83,-397.83,-397.83,-5357.83,44.15,55.79,45.26,76.87,false,false,-1.87,1.4,中期趨勢仍向下；外資持股尚未完成5／10日可比核對或期間有非市場異動；此項不給分，不解讀為轉弱；20日趨勢尚未上彎；當下除權息調整價未守20日EMA
256,6525,捷敏-KY,TWSE,半導體業,暫不承接,降低部位,trim,停止加碼；反彈未站回恢復區時分批減碼,每個交易日收盤後，確認是否站回恢復區,已有部位先停止加碼。反彈若仍未站回 137.02，分批降低部位；只有站回且ETF／外資賣壓收斂後才重新評估。,價格跌破60日EMA且20日趨勢向下；ETF 5/10日同步減碼,50.7,57.7,61.3,85,100,完整,133,,30.53,19.76,21.2,34.8,210.53,3.84,18.5,3.64,3.76,3,0,0,-1,-1,-25,0,-93.414,345.234,307.3810000000001,-235.61899999999991,0.022,-1.8639999999999999,-193.864,-217.864,1,1,-247912,36.611000000000004,-28.449999999999996,15.77,-135,176,240,,-87.852,310.4869999999999,529.6949999999999,85.69499999999994,47.64,67.98,56.96,90.01,false,false,-0.35,3.5,中期趨勢仍向下；ETF短中期同步減碼；20日趨勢尚未上彎；當下除權息調整價未守20日EMA
257,3033,威健,TWSE,電子通路業,暫不承接,降低部位,trim,停止加碼；反彈未站回恢復區時分批減碼,每個交易日收盤後，確認是否站回恢復區,已有部位先停止加碼。反彈若仍未站回 44.89，分批降低部位；只有站回且ETF／外資賣壓收斂後才重新評估。,價格跌破60日EMA且20日趨勢向下；ETF 5/10日同步減碼；外資持股5/10日下降且外資5日賣超,46.2,57.6,53.6,85,100,完整,41.6,,56.84,35.67,3.65,78.4,133.84,3.38,9.14,1.71,4.62,4,0,0,-5,-7,-581,0,-712.439,-2656.201,-2196.714,-15177.714,0.048,-4.637,-6.7909999999999995,-579.7909999999999,1,1,-192899,-516.518,-605.669,20.04,-767,-1924,-1204,,-491.206,-2135.0460000000003,-1584.2540000000004,-13761.254,36.84,47.68,38.31,66.43,false,false,-2.82,0.24,中期趨勢仍向下；ETF短中期同步減碼；外資持股5/10日下降，且外資5日賣超；20日趨勢尚未上彎；當下除權息調整價未守20日EMA
258,2454,聯發科,TWSE,半導體業,暫不承接,正常持有,strong,強勢續抱；不追高,今日收盤確認是否守住20日EMA,"價格仍在20／60日EMA之上且短線強勢；ETF偏弱先觀察，不因分歧減碼。若收盤跌破20日EMA約 4,582.20 且法人續弱，再轉為保護持有。",價格強勢站上20／60日EMA；ETF偏弱，先觀察,67.3,57.4,39.4,85,100,可用,5185,,44.08,5.76,15.19,45.06,123.94,30.44,85.63,19.51,1.03,70,-55,15,-230,-802,-853,41,519.792,9786.252000000002,11509.122000000003,17372.122000000003,-17.857,585.309,352.691,2819.691,3,2,3034827165,819.184,1067.879,56.56,528,8619,9715,,496.417,8381.759,10088.552000000001,12896.552000000001,72.2,68.32,62.23,80.48,true,false,13.16,14.46,ETF短中期同步減碼；短線過熱或乖離過大
259,2374,佳能,TWSE,光電業,暫不承接,保護持有,protect,今天不新增部位；未完成確認前不機械式賣出,今天收盤後；若跌破，再看下一交易日是否收復,已有部位暫停加碼；若收盤跌破60日EMA約 69.24，且下一交易日仍未收復，先減碼三分之一；若ETF或外資繼續轉弱，再分批降低部位。,價格跌破60日EMA且20日趨勢向下,47.1,57.3,61.3,85,100,完整,66.1,,34.7,50.06,9.83,37.89,158.61,1.55,20.4,2.5,3.01,1,0,0,0,0,0,0,171.4,-75.93600000000002,1086.3609999999999,-1896.6390000000001,0,0,-84,-87,0,0,0,1.525000000000004,-56.648999999999994,5.72,241,353,1944,,171,-77.46100000000001,1227.0100000000002,-1644.9899999999998,41.89,28.72,27.52,31.11,false,false,-1.91,-0.9,中期趨勢仍向下；20日趨勢尚未上彎；當下除權息調整價未守20日EMA
260,6121,新普,TPEX,電腦及週邊設備業,暫不承接,保護持有,protect,今天不新增部位；未完成確認前不機械式賣出,今天收盤後；若跌破，再看下一交易日是否收復,已有部位暫停加碼；若收盤跌破60日EMA約 388.48，且下一交易日仍未收復，先減碼三分之一；若ETF或外資繼續轉弱，再分批降低部位。,價格跌破60日EMA且20日趨勢向下,56.3,57.2,64.9,85,100,可用,376.5,,4.65,4.85,11.49,43.1,222.47,15.89,11.37,1.75,5.79,16,84,201,218,751,934,170,-18.262,-18.262,-18.262,-325.262,84,84,84,268,1,0,31626000,1.578,1.578,45.37,,,,,-103.84,-103.84,-103.84,-534.84,43.23,38.96,27.53,61.81,true,false,-1.62,0,中期趨勢仍向下；外資持股尚未完成5／10日可比核對或期間有非市場異動；此項不給分，不解讀為轉弱；20日趨勢尚未上彎；當下除權息調整價未守20日EMA
261,2478,大毅,TWSE,電子零組件業,暫不承接,保護持有,protect,今天不新增部位；未完成確認前不機械式賣出,今天收盤後；若跌破，再看下一交易日是否收復,已有部位暫停加碼；若收盤跌破60日EMA約 128.78，且下一交易日仍未收復，先減碼三分之一；若ETF或外資繼續轉弱，再分批降低部位。,價格跌破60日EMA且20日趨勢向下,50.3,57,66.2,85,100,完整,119.5,,43.63,22.77,15.93,29.93,259.07,2.91,24.59,2.35,1.67,3,0,0,0,-29,-161,0,-26.542,358.44499999999994,-41.688000000000045,-121.6880000000001,0,0,-29,-161,0,0,0,-5.523999999999998,23.202000000000005,12.09,9,481,159,,-4.528,363.96899999999994,-35.889999999999986,-14.889999999999873,45.79,47.83,41.87,59.73,false,false,-1.57,-0.42,中期趨勢仍向下；20日趨勢尚未上彎；當下除權息調整價未守20日EMA
262,6285,啟碁,TWSE,通信網路業,暫不承接,降低部位,trim,停止加碼；反彈未站回恢復區時分批減碼,每個交易日收盤後，確認是否站回恢復區,已有部位先停止加碼。反彈若仍未站回 239.35，分批降低部位；只有站回且ETF／外資賣壓收斂後才重新評估。,價格跌破60日EMA且20日趨勢向下；ETF 5/10日同步減碼,55.3,56.9,44.6,85,100,完整,230,,81.21,37.83,5,65.98,133.19,5.75,25.19,3.11,1.87,14,30,28,-64,-684,-2313,0,-528.151,1018.1129999999999,-2385.374,-2716.374,1,8,-501.713,-1968.713,4,0,1840000,135.085,-16.22899999999997,23.56,-422,959,-1564,,-463.889,875.028,-1867.4319999999998,-397.4319999999998,46.63,55.88,42.88,81.9,false,false,-0.96,5.02,中期趨勢仍向下；ETF短中期同步減碼；20日趨勢尚未上彎；當下除權息調整價未守20日EMA
263,5388,中磊,TWSE,通信網路業,暫不承接,降低部位,trim,停止加碼；反彈未站回恢復區時分批減碼,每個交易日收盤後，確認是否站回恢復區,已有部位先停止加碼。反彈若仍未站回 78.55，分批降低部位；只有站回且ETF／外資賣壓收斂後才重新評估。,價格跌破60日EMA且20日趨勢向下；外資持股5/10日下降且外資5日賣超,46.1,56.8,50.6,85,100,完整,72.6,,45.05,55.15,3.13,72.17,130.23,2.59,16.24,1.34,3.44,3,0,0,0,-1,-1,0,107.914,-846.1449999999999,-2244.861,-12168.861,0,0,-1.294,-1.294,0,0,0,37.665000000000006,-235.506,11.46,479,-556,-1394,,80.4,-883.8100000000001,-2008.0610000000001,-11214.061,37.9,52.59,45.33,67.1,false,false,-2.38,0.97,中期趨勢仍向下；外資持股5/10日下降，且外資5日賣超；20日趨勢尚未上彎；當下除權息調整價未守20日EMA
264,2345,智邦,TWSE,通信網路業,暫不承接,降低部位,trim,停止加碼；反彈未站回恢復區時分批減碼,每個交易日收盤後，確認是否站回恢復區,"已有部位先停止加碼。反彈若仍未站回 2,102.77，分批降低部位；只有站回且ETF／外資賣壓收斂後才重新評估。",價格跌破60日EMA且20日趨勢向下；ETF 5/10日同步減碼；外資持股5/10日下降且外資5日賣超,50.6,56.7,46.5,85,100,可用,1890,,59.42,61.86,14.72,65.32,142.45,34.7,29.69,15.3,0.79,46,-238,-478,-483,-780,-1668,-463,-1143.01,-3351.95,-4608.6669999999995,-10221.667,-532,-3370.788,-4740.322,-8594.322,0,5,-6370789320,355.99699999999996,303.92199999999997,56.76,-585,-220,-139,,-594.803,-337.159,-172.26700000000005,-2020.267,42.12,38.87,24.64,67.31,true,false,-3.42,2.72,中期趨勢仍向下；ETF短中期同步減碼；ETF 1/3日已轉為減碼；主動ETF 5日轉為減碼；投信5/10日持續且具金額意義的賣超；外資持股5/10日下降，且外資5日賣超；20日趨勢尚未上彎；當下除權息調整價未守20日EMA
265,6414,樺漢,TWSE,電腦及週邊設備業,暫不承接,降低部位,trim,停止加碼；反彈未站回恢復區時分批減碼,每個交易日收盤後，確認是否站回恢復區,已有部位先停止加碼。反彈若仍未站回 391.31，分批降低部位；只有站回且ETF／外資賣壓收斂後才重新評估。,價格跌破60日EMA且20日趨勢向下；外資持股5/10日下降且外資5日賣超,48.5,56.5,51.4,85,100,完整,371.5,,43.06,29.39,5.47,64.66,128.3,12.31,15.43,1.96,3.71,9,1,1,1,11,20,0,-263.169,-493.577,-882.503,-2556.503,1,-24,32,41,1,1,-8916000,10.215,-26.766000000000002,43.9,-299,-569,-940,,-262.62,-479.7919999999999,-887.7369999999999,-2544.737,40.44,48.55,38.57,68.51,false,false,-2.66,1.09,中期趨勢仍向下；外資持股5/10日下降，且外資5日賣超；20日趨勢尚未上彎；當下除權息調整價未守20日EMA
266,3711,日月光投控,TWSE,半導體業,暫不承接,正常持有,strong,強勢續抱；不追高,今日收盤確認是否守住20日EMA,價格仍在20／60日EMA之上且短線強勢；ETF偏弱先觀察，不因分歧減碼。若收盤跌破20日EMA約 630.60 且法人續弱，再轉為保護持有。,價格強勢站上20／60日EMA；ETF偏弱，先觀察,61.8,56.4,35.6,85,100,可用,693,,45.66,27.98,10.59,60.87,107.01,8.04,50.14,7.83,0.95,55,-2461,-2636,-3451,-5137,-13322,-2325,1907.819,30058.192000000003,21992.429,41736.429000000004,-2276.36,-757.1580000000001,-2086.5630000000006,-10441.563,3,2,-524710494,3525.7369999999996,2570.3009999999995,77.92,3278,27124,22005,,4008.437,27289.613,21508.691000000003,47974.691000000006,66.19,75.64,65.75,95.41,false,false,9.89,14.55,ETF短中期同步減碼；ETF 1/3日已轉為減碼；主動ETF 5日轉為減碼；外資持股尚未完成5／10日可比核對或期間有非市場異動；此項不給分，不解讀為轉弱
267,5285,界霖,TWSE,半導體業,暫不承接,保護持有,protect,今天不新增部位；未完成確認前不機械式賣出,今天收盤後；若跌破，再看下一交易日是否收復,已有部位暫停加碼；若收盤跌破60日EMA約 83.47，且下一交易日仍未收復，先減碼三分之一；若ETF或外資繼續轉弱，再分批降低部位。,未觸發明確減碼訊號,59.2,56.4,48.9,85,100,完整,92.2,,19.93,14.29,9.77,45.73,333.32,2.01,29.84,3.05,1.63,1,0,0,0,0,0,0,-107.313,395.17999999999995,526.5440000000001,226.5440000000001,0,0,0,0,0,0,0,71.979,50.14500000000001,8.23,-67,320,561,,-111.937,323.2010000000001,476.39900000000006,111.39900000000011,60.41,77.49,72.22,88.04,false,false,6.19,9.76,
268,2329,華泰,TWSE,半導體業,暫不承接,保護持有,protect,今天不新增部位；未完成確認前不機械式賣出,今天收盤後；若跌破，再看下一交易日是否收復,已有部位暫停加碼；若收盤跌破60日EMA約 45.47，且下一交易日仍未收復，先減碼三分之一；若ETF或外資繼續轉弱，再分批降低部位。,未觸發明確減碼訊號,59.8,56.3,47.9,85,100,完整,44.35,,4.76,8.67,5.98,38.44,141.36,0.96,19.8,1.78,2.25,4,0,0,0,0,0,0,477.167,733.153,1958.997,2514.9970000000003,0,0,0,0,0,0,0,9.756999999999994,-23.201,9.78,737,1890,3455,,502.363,723.396,1982.1979999999996,2707.1979999999994,55.21,69.28,59.46,88.91,false,false,2.58,4.23,
269,3406,玉晶光,TWSE,光電業,暫不承接,保護持有,protect,今天不新增部位；未完成確認前不機械式賣出,今天收盤後；若跌破，再看下一交易日是否收復,已有部位暫停加碼；若收盤跌破60日EMA約 783.12，且下一交易日仍未收復，先減碼三分之一；若ETF或外資繼續轉弱，再分批降低部位。,ETF 5/10日同步減碼；外資持股5/10日下降且外資5日賣超,54.1,55.8,58.9,85,100,完整,905,,0.72,11.8,18.27,39.42,238.38,13.99,24.49,3.77,1.88,7,12,-29,-170,-234,-362,59,-130.914,-3510.689,-2678.1549999999997,5895.845,12,124,3490.62,8658.619999999999,3,2,112220000,16.25499999999998,-3.8230000000000075,39.39,-22,-3330,-5643,,-95.949,-3650.944,-6164.951999999999,-2819.9519999999993,50.96,13.95,25.29,-8.73,false,false,-2.4,-9.95,ETF短中期同步減碼；外資持股5/10日下降，且外資5日賣超；當下除權息調整價未守20日EMA；借券賣出與借券賣出餘額壓力升高
270,5243,乙盛-KY,TWSE,光電業,暫不承接,降低部位,trim,停止加碼；反彈未站回恢復區時分批減碼,每個交易日收盤後，確認是否站回恢復區,已有部位先停止加碼。反彈若仍未站回 91.56，分批降低部位；只有站回且ETF／外資賣壓收斂後才重新評估。,價格跌破60日EMA且20日趨勢向下；外資持股5/10日下降且外資5日賣超,45.4,55.7,62.6,85,100,完整,87.5,,54.12,10.26,11.49,39.81,168.64,3,16.7,1.7,2.51,1,0,0,0,0,0,0,-186.035,-302.3929999999999,-634.5549999999998,-1887.5549999999998,0,0,0,0,0,0,0,-162.77700000000002,-325.356,52.32,-81,-313,-721,,-83.733,-139.616,-309.19899999999996,-1528.199,45.67,41.73,36.8,51.59,false,false,-1.99,-1.02,中期趨勢仍向下；外資持股5/10日下降，且外資5日賣超；20日趨勢尚未上彎；當下除權息調整價未守20日EMA
271,6415,矽力*-KY,TWSE,半導體業,暫不承接,降低部位,trim,停止加碼；反彈未站回恢復區時分批減碼,每個交易日收盤後，確認是否站回恢復區,已有部位先停止加碼。反彈若仍未站回 447.32，分批降低部位；只有站回且ETF／外資賣壓收斂後才重新評估。,價格跌破60日EMA且20日趨勢向下；ETF 5/10日同步減碼；投信5/10日持續且具金額意義地賣超,53.8,55.7,63.5,85,100,完整,426,,52.54,33.04,10.43,14.57,718.18,6.03,43.25,4.1,0.6,10,-101,-127,-139,-171,-163,-93,-156.574,772.5429999999999,-637.7820000000002,-4743.782,-100,-137,-161.77,-1896.77,0,5,-58362000,-116.736,-85.119,81.21,-36,1186,-289,,-44.355,1026.279,-390.8929999999999,-2690.893,48.65,71.11,62.43,88.48,false,false,0.07,1.79,中期趨勢仍向下；ETF短中期同步減碼；ETF 1/3日已轉為減碼；主動ETF 5日轉為減碼；投信5/10日持續且具金額意義的賣超；20日趨勢尚未上彎；單季稅前獲利對營業外貢獻依賴偏高
272,2352,佳世達,TWSE,電腦及週邊設備業,暫不承接,保護持有,protect,今天不新增部位；未完成確認前不機械式賣出,今天收盤後；若跌破，再看下一交易日是否收復,已有部位暫停加碼；若收盤跌破60日EMA約 28.97，且下一交易日仍未收復，先減碼三分之一；若ETF或外資繼續轉弱，再分批降低部位。,未觸發明確減碼訊號,63.7,55.6,37.1,85,100,完整,29,,11.82,2.74,1.29,69.11,115.41,0.58,37.66,1.15,3.45,6,0,0,20,2290,3256,0,-474.922,4481.5779999999995,5089.74,8530.74,0,20,2290,3256,1,0,580000,23.956999999999987,270.216,7.22,-176,4195,3739,,-357.55,4437.621,2529.5240000000003,4849.524,50.63,62,60.13,65.73,false,false,0.2,-0.51,
273,7795,長廣,TWSE,電子零組件業,暫不承接,降低部位,trim,停止加碼；反彈未站回恢復區時分批減碼,每個交易日收盤後，確認是否站回恢復區,已有部位先停止加碼。反彈若仍未站回 503.62，分批降低部位；只有站回且ETF／外資賣壓收斂後才重新評估。,價格跌破60日EMA且20日趨勢向下；外資持股5/10日下降且外資5日賣超,51.4,55.6,59.1,85,100,完整,490.5,,111.5,24.77,15.64,29.24,432.72,0.88,217.04,13.61,0.44,1,0,0,0,0,0,0,-216.74,-785.462,-1035.589,-1009.5889999999999,0,6,24,43,1,0,2943000,36.925000000000004,-37,5.75,-221,-760,-814,,-229.253,-828.3870000000001,-1022.5890000000002,-1042.5890000000002,47.1,30.67,24.24,43.54,true,false,-2.6,3.05,中期趨勢仍向下；外資持股5/10日下降，且外資5日賣超；20日趨勢尚未上彎；當下除權息調整價未守20日EMA
274,2354,鴻準,TWSE,其他電子業,暫不承接,保護持有,protect,今天不新增部位；未完成確認前不機械式賣出,今天收盤後；若跌破，再看下一交易日是否收復,已有部位暫停加碼；若收盤跌破60日EMA約 61.61，且下一交易日仍未收復，先減碼三分之一；若ETF或外資繼續轉弱，再分批降低部位。,ETF 5/10日同步減碼,60.5,55.5,51.4,85,100,完整,65.9,,58.42,-1.69,1.29,36.29,219.89,1.1,27.92,0.82,2.28,5,-3,-6,-11,-116,-132,0,1384.106,797.9990000000003,14358.954000000002,35835.954,0,-5,-43,-67,1,2,-329500,103.13399999999999,332.91700000000003,14.46,1678,1917,13755,,1370.59,699.8649999999998,14069.037,34877.037,59.46,42.24,43.78,39.15,false,false,2.05,1.07,ETF短中期同步減碼；ETF 1/3日已轉為減碼；單季稅前獲利對營業外貢獻依賴偏高
275,6548,長科*,TPEX,半導體業,暫不承接,保護持有,protect,今天不新增部位；未完成確認前不機械式賣出,今天收盤後；若跌破，再看下一交易日是否收復,已有部位暫停加碼；若收盤跌破60日EMA約 72.45，且下一交易日仍未收復，先減碼三分之一；若ETF或外資繼續轉弱，再分批降低部位。,ETF 5/10日同步減碼,51.5,55.2,48.5,85,100,可用,72,,43.66,28.26,14.32,49.37,200.5,1.22,32.43,5.13,1.88,5,0,-12,-22,-202,513,0,-321.687,-321.687,-321.687,-3945.687,0,0,0,715,0,0,0,66.376,66.376,5.75,,,,,-388.063,-388.063,-388.063,-4670.063,48.56,48.22,48.45,47.76,false,true,-0.71,0.56,ETF短中期同步減碼；20日累積後5日轉為調節；外資持股尚未完成5／10日可比核對或期間有非市場異動；此項不給分，不解讀為轉弱；當下除權息調整價未守20日EMA
276,6789,采鈺,TWSE,半導體業,暫不承接,保護持有,protect,今天不新增部位；未完成確認前不機械式賣出,今天收盤後；若跌破，再看下一交易日是否收復,已有部位暫停加碼；若收盤跌破60日EMA約 460.90，且下一交易日仍未收復，先減碼三分之一；若ETF或外資繼續轉弱，再分批降低部位。,ETF 5/10日同步減碼,63.6,54.9,50.2,85,100,完整,468,,17.99,12.16,21.04,18.54,367.01,2.95,89.31,8.07,0.64,7,-3,-4,-4,-475,-459,0,-203.737,377.938,231.8839999999999,-506.1160000000001,-3,-4,-489,-476,1,3,-1872000,106.91300000000001,38.597,4.43,-96,-58,278,,-152.59,275.025,682.2869999999999,-106.71300000000008,54.89,57.45,42.71,86.94,false,false,2.89,7.83,ETF短中期同步減碼；ETF 1/3日已轉為減碼；估值高，現有成長幅度尚未支撐目前估值
277,3673,TPK-KY,TWSE,光電業,暫不承接,保護持有,protect,今天不新增部位；未完成確認前不機械式賣出,今天收盤後；若跌破，再看下一交易日是否收復,已有部位暫停加碼；若收盤跌破60日EMA約 65.68，且下一交易日仍未收復，先減碼三分之一；若ETF或外資繼續轉弱，再分批降低部位。,價格跌破60日EMA且20日趨勢向下,52.5,54.7,53.8,85,100,完整,64.8,,16.14,15.26,-1.41,48,197.98,3.33,14.15,0.65,2.78,1,0,0,0,0,0,0,-835.006,-848.3969999999998,-491.28999999999974,-621.2899999999997,0.076,0.076,0.076,0.076,1,0,4925,94.81700000000001,64.68500000000002,38.66,-764,-52,1002,,-837.304,-943.2900000000001,-556.0510000000002,-82.05100000000016,50.84,64.87,56.24,82.13,false,false,0.59,1.25,中期趨勢仍向下；20日趨勢尚未上彎；單季稅前獲利對營業外貢獻依賴偏高
278,6515,穎崴,TWSE,半導體業,暫不承接,降低部位,trim,停止加碼；反彈未站回恢復區時分批減碼,每個交易日收盤後，確認是否站回恢復區,"已有部位先停止加碼。反彈若仍未站回 6,912.61，分批降低部位；只有站回且ETF／外資賣壓收斂後才重新評估。",價格跌破60日EMA且20日趨勢向下；ETF 5/10日同步減碼；外資持股5/10日下降且外資5日賣超,44.6,54.6,51.3,85,100,可用,5995,,233.37,97.88,24.63,44.89,225.07,38.24,98.15,25.35,0.82,24,-29,-132,-152,-149,63,-51,-77.613,-1220.582,-1428.652,-1465.652,-25,-853.216,-995.7860000000001,-218.78600000000006,0,5,-5115029920,23.894,32.611999999999995,21.03,-91,-426,-425,,-58.521,-391.26,-465.478,-1284.478,41.63,15.94,15.26,17.3,true,false,-6.89,-3.46,中期趨勢仍向下；ETF短中期同步減碼；20日累積後5日轉為調節；ETF 1/3日已轉為減碼；主動ETF 5日轉為減碼；投信5/10日持續且具金額意義的賣超；外資持股5/10日下降，且外資5日賣超；20日趨勢尚未上彎；當下除權息調整價未守20日EMA
279,6526,達發,TWSE,半導體業,暫不承接,正常持有,strong,強勢續抱；不追高,今日收盤確認是否守住20日EMA,價格仍在20／60日EMA之上且短線強勢；ETF／投信偏弱先觀察，不因分歧減碼。若收盤跌破20日EMA約 669.46 且法人續弱，再轉為保護持有。,價格強勢站上20／60日EMA；ETF／投信偏弱，先觀察,55.7,54.6,54,85,100,可用,840,,26.11,12.53,14.98,31.02,239.33,9.72,46.59,7.46,1.61,13,-1,-44,-45,-276,-257,0,1142.233,4615.9580000000005,4837.963000000001,4713.963000000001,-1,-45,-268,-261,0,3,-37800000,663.2449999999999,661.829,10.24,874,3936,4313,,927.892,3997.7129999999997,4444.134,4273.134,82.51,82.65,67.13,113.7,false,false,25.47,33.55,ETF短中期同步減碼；ETF 1/3日已轉為減碼；投信5/10日持續且具金額意義的賣超；短線過熱或乖離過大
280,6449,鈺邦,TWSE,電子零組件業,暫不承接,保護持有,protect,今天不新增部位；未完成確認前不機械式賣出,今天收盤後；若跌破，再看下一交易日是否收復,已有部位暫停加碼；若收盤跌破60日EMA約 240.34，且下一交易日仍未收復，先減碼三分之一；若ETF或外資繼續轉弱，再分批降低部位。,價格跌破60日EMA且20日趨勢向下,44.2,54.4,57.1,85,100,完整,210.5,,21.17,23.82,17.33,39.73,114.61,4.42,23.44,2.76,2,1,0,0,0,0,0,0,-60.66,-380.81399999999996,-1049.964,-3342.964,0.007,0.007,-2217.993,-3717.993,1,0,1474,1.6540000000000004,8.752000000000004,5.6,-51,-321,1081,,-55.455,-382.475,1159.277,378.27700000000004,42.08,25.56,27.46,21.76,false,true,-4.33,-3,中期趨勢仍向下；20日趨勢尚未上彎；當下除權息調整價未守20日EMA
281,8261,富鼎,TWSE,半導體業,暫不承接,保護持有,protect,今天不新增部位；未完成確認前不機械式賣出,今天收盤後；若跌破，再看下一交易日是否收復,已有部位暫停加碼；若收盤跌破60日EMA約 187.79，且下一交易日仍未收復，先減碼三分之一；若ETF或外資繼續轉弱，再分批降低部位。,價格跌破60日EMA且20日趨勢向下,58.2,54.4,63.2,85,100,完整,180.5,,-3,6.81,23.89,19.47,421.83,3.07,27.06,3.76,2.77,2,0,0,0,0,-12,0,-112.265,1658.897,3114.8869999999997,1330.8869999999997,0.021,0.021,0.021,-11.979,1,0,3791,46.129999999999995,83.843,7.28,-153,1643,2945,,-105.529,1612.746,3031.023,1391.0230000000001,51.08,74.26,58.58,105.61,false,false,2.5,4.03,中期趨勢仍向下；20日趨勢尚未上彎
282,5234,達興材料,TWSE,光電業,暫不承接,降低部位,trim,停止加碼；反彈未站回恢復區時分批減碼,每個交易日收盤後，確認是否站回恢復區,已有部位先停止加碼。反彈若仍未站回 320.30，分批降低部位；只有站回且ETF／外資賣壓收斂後才重新評估。,價格跌破60日EMA且20日趨勢向下；外資持股5/10日下降且外資5日賣超,52.8,54.2,61.1,85,100,完整,295.5,,18.52,11.28,20.09,31.51,235.6,4.44,35.26,9.15,2.2,3,0,0,1,11,30,0,-3.798,27.123999999999988,-221,-729,0,21,4,-48,1,0,6205500,48.20099999999999,-24.306,8.02,-2,-20,-176,,-7.99,-42.077000000000005,-200.69400000000002,-612.694,46.41,54.72,46.44,71.28,false,false,-0.13,4.6,中期趨勢仍向下；外資持股5/10日下降，且外資5日賣超；20日趨勢尚未上彎；當下除權息調整價未守20日EMA
283,3008,大立光,TWSE,光電業,暫不承接,保護持有,protect,今天不新增部位；未完成確認前不機械式賣出,今天收盤後；若跌破，再看下一交易日是否收復,"已有部位暫停加碼；若收盤跌破60日EMA約 5,487.73，且下一交易日仍未收復，先減碼三分之一；若ETF或外資繼續轉弱，再分批降低部位。",ETF 5/10日同步減碼；外資持股5/10日下降且外資5日賣超,55.4,54,64.9,85,100,可用,6190,,-16.23,3.71,37.52,14.43,485.47,82.35,32.92,4.23,1.29,41,-3,6,-162,-480,-632,-80,-313.826,-1048.221,-823.0429999999999,-1007.0429999999997,-29,438.39099999999996,331.9669999999999,285.96699999999987,4,1,2713640290,358.21599999999995,160.27499999999992,25.28,-266,-1939,-2029,,-311.896,-1844.8280000000002,-1315.285,-1613.285,50.19,34.41,31.6,40.02,false,false,-1.95,-0.56,ETF短中期同步減碼；外資持股5/10日下降，且外資5日賣超；當下除權息調整價未守20日EMA
284,6584,南俊國際,TPEX,電子零組件業,暫不承接,降低部位,trim,停止加碼；反彈未站回恢復區時分批減碼,每個交易日收盤後，確認是否站回恢復區,已有部位先停止加碼。反彈若仍未站回 587.58，分批降低部位；只有站回且ETF／外資賣壓收斂後才重新評估。,價格跌破60日EMA且20日趨勢向下；ETF 5/10日同步減碼,41.3,54,61.3,85,100,可用,542,,37.66,50.05,29.58,32.16,184.25,6.47,51.47,10.38,0.45,3,-18,-18,-18,-105,-22,-18,-46.294,-46.294,-46.294,43.70600000000002,-23,-23,-23,58,0,1,-12466000,-1.537,-1.537,12.26,,,,,-21.757,-21.757,-21.757,4.242999999999995,42.35,26.71,25.8,28.54,false,false,-5.44,-2.34,中期趨勢仍向下；ETF短中期同步減碼；ETF 1/3日已轉為減碼；主動ETF 5日轉為減碼；外資持股尚未完成5／10日可比核對或期間有非市場異動；此項不給分，不解讀為轉弱；20日趨勢尚未上彎；當下除權息調整價未守20日EMA
285,3515,華擎,TWSE,電腦及週邊設備業,暫不承接,保護持有,protect,今天不新增部位；未完成確認前不機械式賣出,今天收盤後；若跌破，再看下一交易日是否收復,已有部位暫停加碼；若收盤跌破60日EMA約 217.43，且下一交易日仍未收復，先減碼三分之一；若ETF或外資繼續轉弱，再分批降低部位。,價格跌破60日EMA且20日趨勢向下,52.2,53.9,55.3,85,100,完整,211.5,,3.32,16.88,8.04,52.42,174.78,7.1,13.66,2.25,5.2,3,0,0,0,11,36,0,-59.767,242.26999999999998,-629.9460000000001,275.05399999999986,0,0,10.564,35.564,0,0,0,-60.937,-64.89,8.49,-67,139,-555,,-23,303.207,-575.62,345.38,46.18,49.9,38.43,72.84,false,false,-1.5,0.24,中期趨勢仍向下；20日趨勢尚未上彎；當下除權息調整價未守20日EMA
286,8422,可寧衛*,TWSE,綠能環保,暫不承接,降低部位,trim,停止加碼；反彈未站回恢復區時分批減碼,每個交易日收盤後，確認是否站回恢復區,已有部位先停止加碼。反彈若仍未站回 26.59，分批降低部位；只有站回且ETF／外資賣壓收斂後才重新評估。,價格跌破60日EMA且20日趨勢向下；ETF 5/10日同步減碼；外資持股5/10日下降且外資5日賣超,40.9,53.9,52.2,85,100,完整,25.65,,105.85,35.88,27.67,55.71,104.84,0.55,26.72,3.39,4.68,3,0,-1,-1925,-1901,-1715,0,-726.9,-5710.625,-5381.024000000001,-3955.0240000000013,2,-1922,-1978,-1798,1,2,-49299300,-232.079,-413,5.36,-481,-1109,-884,,-747.9,-3556.546,-2990.024,-1020.0239999999999,41.08,16.21,23.55,1.53,false,true,-2.06,-1.35,中期趨勢仍向下；ETF短中期同步減碼；外資持股5/10日下降，且外資5日賣超；20日趨勢尚未上彎；當下除權息調整價未守20日EMA
287,6282,康舒,TWSE,電子零組件業,暫不承接,降低部位,trim,停止加碼；反彈未站回恢復區時分批減碼,每個交易日收盤後，確認是否站回恢復區,已有部位先停止加碼。反彈若仍未站回 46.71，分批降低部位；只有站回且ETF／外資賣壓收斂後才重新評估。,價格跌破60日EMA且20日趨勢向下；外資持股5/10日下降且外資5日賣超,53.5,53.7,46.2,85,100,完整,43,,38.47,28.85,2.16,57.03,160.52,0.37,35.25,1.62,1.86,4,0,0,10,137,-221,0,-2255.505,-2765.9,-4532.807,-7946.807,0,10,137,-221,1,0,430000,155.35600000000002,-18.45899999999999,11.52,-1779,-2111,-3502,,-2168.785,-2931.2559999999994,-4651.348,-7077.348,42.77,50.39,40.84,69.49,false,false,-1.42,0.82,中期趨勢仍向下；外資持股5/10日下降，且外資5日賣超；20日趨勢尚未上彎；當下除權息調整價未守20日EMA
288,2393,億光,TWSE,光電業,暫不承接,保護持有,protect,今天不新增部位；未完成確認前不機械式賣出,今天收盤後；若跌破，再看下一交易日是否收復,已有部位暫停加碼；若收盤跌破60日EMA約 64.73，且下一交易日仍未收復，先減碼三分之一；若ETF或外資繼續轉弱，再分批降低部位。,價格跌破60日EMA且20日趨勢向下,45.8,53.6,66.5,85,100,可用,62.2,,14.1,6.28,8.54,37.1,195.25,2.14,13.26,1.44,7.23,11,-366,-134,-8,130,-872,-461,-780.403,86.3970000000001,427.88700000000006,498.88700000000006,-360.326,-2.8530000000000157,135.636,-863.364,4,1,-177457,-288.461,-417.67900000000003,28.65,-423,361,787,,-423,377.71100000000007,709.9300000000001,2387.9300000000003,42.62,57.53,55.9,60.8,false,false,-2.14,-1.43,中期趨勢仍向下；ETF 1/3日已轉為減碼；主動ETF 5日轉為減碼；20日趨勢尚未上彎；當下除權息調整價未守20日EMA
289,1514,亞力,TWSE,電機機械,暫不承接,保護持有,protect,今天不新增部位；未完成確認前不機械式賣出,今天收盤後；若跌破，再看下一交易日是否收復,已有部位暫停加碼；若收盤跌破60日EMA約 104.68，且下一交易日仍未收復，先減碼三分之一；若ETF或外資繼續轉弱，再分批降低部位。,未觸發明確減碼訊號,67.9,53.4,37.8,85,100,完整,105,,-26.52,7.94,9.84,54.56,175.67,1.65,28.77,4.51,2.1,2,4,4,4,34,105,0,7.348,1119.308,674.49,97.49000000000001,4,3.3209999999999997,0.32099999999999795,200.321,1,1,348705,13.858,-60.02199999999999,12.99,55,1156,970,,0.789,1102.129,734.191,-31.80899999999997,58.37,63.52,41.8,106.94,false,false,2.96,5.21,
290,2388,威盛,TWSE,半導體業,暫不承接,降低部位,trim,停止加碼；反彈未站回恢復區時分批減碼,每個交易日收盤後，確認是否站回恢復區,已有部位先停止加碼。反彈若仍未站回 73.35，分批降低部位；只有站回且ETF／外資賣壓收斂後才重新評估。,價格跌破60日EMA且20日趨勢向下；外資持股5/10日下降且外資5日賣超,48.7,53.3,46.7,85,100,完整,70.8,,77.39,39.64,-15.21,38.79,190.19,0.34,44.25,1.77,0.07,3,0,0,0,0,0,0,-437.217,-3308.282,-6352.474,-8433.474,0,0,0,0,0,0,0,87.384,-348.77299999999997,15.1,395,-1335,-3397,,-380.052,-3395.666,-6003.701000000001,-7829.701000000001,44.62,13.84,14.03,13.46,false,false,-2.77,-0.7,中期趨勢仍向下；外資持股5/10日下降，且外資5日賣超；20日趨勢尚未上彎；當下除權息調整價未守20日EMA；單季稅前獲利對營業外貢獻依賴偏高
291,4749,新應材,TPEX,半導體業,暫不承接,保護持有,protect,今天不新增部位；未完成確認前不機械式賣出,今天收盤後；若跌破，再看下一交易日是否收復,已有部位暫停加碼；若收盤跌破60日EMA約 793.54，且下一交易日仍未收復，先減碼三分之一；若ETF或外資繼續轉弱，再分批降低部位。,價格跌破60日EMA且20日趨勢向下,49.6,53.3,61.4,85,100,可用,726,,41.95,20.99,25.14,28.91,445.09,6.94,56.32,6.51,1.1,6,0,0,1,-67,-63,0,-120.928,-120.928,-120.928,-615.928,-210.11,-210.11,-210.11,-206.11,0,1,-152539860,-33.145,-33.145,13.57,,,,,122.327,122.327,122.327,-406.673,41.57,35.23,28.82,48.06,false,false,-2.76,1.4,中期趨勢仍向下；外資持股尚未完成5／10日可比核對或期間有非市場異動；此項不給分，不解讀為轉弱；20日趨勢尚未上彎；當下除權息調整價未守20日EMA
292,2501,國建,TWSE,建材營造,暫不承接,降低部位,trim,停止加碼；反彈未站回恢復區時分批減碼,每個交易日收盤後，確認是否站回恢復區,已有部位先停止加碼。反彈若仍未站回 22.55，分批降低部位；只有站回且ETF／外資賣壓收斂後才重新評估。,價格跌破60日EMA且20日趨勢向下；外資持股5/10日下降且外資5日賣超,41.5,53,58.7,85,100,完整,21.2,,60.18,37.18,15.98,62.17,168.24,1.43,7.39,0.77,5.66,1,0,0,0,0,0,0,-926.801,-3955.1780000000003,-9461.268,-13237.268,0,0,0,0,0,0,0,64.373,-52.848,11.31,-742,-3710,-8454,,-926,-4019.5510000000004,-9408.42,-13199.42,33.69,26.63,26.37,27.16,false,false,-3.39,0.24,中期趨勢仍向下；外資持股5/10日下降，且外資5日賣超；20日趨勢尚未上彎；當下除權息調整價未守20日EMA
293,2105,正新,TWSE,橡膠工業,暫不承接,降低部位,trim,停止加碼；反彈未站回恢復區時分批減碼,每個交易日收盤後，確認是否站回恢復區,已有部位先停止加碼。反彈若仍未站回 30.96，分批降低部位；只有站回且ETF／外資賣壓收斂後才重新評估。,價格跌破60日EMA且20日趨勢向下；外資持股5/10日下降且外資5日賣超,49.2,52.8,57.6,85,100,完整,30.1,,4.64,5.81,9.96,40.94,274.96,1.05,16.54,1.12,5.98,12,341,530,-23,1516,577,0,74.736,-2378.5370000000003,-13526.012,-23964.012000000002,154,435.621,1425.17,-202.82999999999993,4,0,13112192,421.968,465.0759999999999,8.57,-24,-2491,-12839,,-165.458,-3236.1259999999997,-15416.258,-23620.258,41.03,27.23,21.63,38.43,true,false,-1.06,0.67,中期趨勢仍向下；20日累積後5日轉為調節；外資持股5/10日下降，且外資5日賣超；20日趨勢尚未上彎；當下除權息調整價未守20日EMA；借券賣出與借券賣出餘額壓力升高
294,2375,凱美,TWSE,電子零組件業,暫不承接,保護持有,protect,今天不新增部位；未完成確認前不機械式賣出,今天收盤後；若跌破，再看下一交易日是否收復,已有部位暫停加碼；若收盤跌破60日EMA約 130.24，且下一交易日仍未收復，先減碼三分之一；若ETF或外資繼續轉弱，再分批降低部位。,價格跌破60日EMA且20日趨勢向下,47.5,52.5,59.2,85,100,完整,118,,37.59,15.91,7.44,28.89,190.62,1.85,28.37,1.21,1.02,2,0,0,0,0,-209,0,-56.641,-59.872999999999976,-6.089999999999918,-4059.09,0,0,0,-209,0,0,0,-23.811,-27.028,8.8,-88,-1,241,,-53.909,-36.06200000000001,20.938000000000017,-3835.062,42.51,34.51,30.67,42.21,false,false,-2.94,-2.07,中期趨勢仍向下；20日趨勢尚未上彎；當下除權息調整價未守20日EMA
295,8114,振樺電,TWSE,電腦及週邊設備業,暫不承接,保護持有,protect,今天不新增部位；未完成確認前不機械式賣出,今天收盤後；若跌破，再看下一交易日是否收復,已有部位暫停加碼；若收盤跌破60日EMA約 194.90，且下一交易日仍未收復，先減碼三分之一；若ETF或外資繼續轉弱，再分批降低部位。,價格跌破60日EMA且20日趨勢向下,42.2,52.4,67.5,85,100,完整,175,,38.75,-14.2,18.27,38.04,165.47,7.09,12.47,1.9,6.55,3,0,0,0,0,-4,0,-29.528,-54.186999999999955,-89.94499999999996,-1339.945,0,0,-238,-522,0,0,0,3.71,3.902,13.83,-12,39,261,,-30,-57.897000000000006,144.15299999999996,-814.847,34.43,17.56,18.96,14.78,false,true,-4.79,-1.13,中期趨勢仍向下；20日趨勢尚未上彎；當下除權息調整價未守20日EMA
296,3481,群創,TWSE,光電業,暫不承接,保護持有,protect,今天不新增部位；未完成確認前不機械式賣出,今天收盤後；若跌破，再看下一交易日是否收復,已有部位暫停加碼；若收盤跌破60日EMA約 49.11，且下一交易日仍未收復，先減碼三分之一；若ETF或外資繼續轉弱，再分批降低部位。,ETF 5/10日同步減碼；外資持股5/10日下降且外資5日賣超；投信5/10日持續且具金額意義地賣超,58.9,52.1,42.4,85,100,可用,49.6,,0.02,11.86,2.4,43.52,150.57,0.77,63.59,1.76,2.02,15,-25,-92,-1959,-2023,-2397,0,-57815.692,-27598.892000000007,-63007.15800000001,34194.84199999999,-3734.9,-11713.597,-11824.625,-12136.625,0,5,-580994411,578.9730000000004,-208.02099999999905,20.5,-42063,-19601,-50328,,-47830.253,-16464.267999999996,-50974.511999999995,43680.488000000005,52.22,56.69,49.19,71.69,false,false,1.43,1.85,ETF短中期同步減碼；ETF 1/3日已轉為減碼；投信5/10日持續且具金額意義的賣超；外資持股5/10日下降，且外資5日賣超
297,3704,合勤控,TWSE,通信網路業,暫不承接,降低部位,trim,停止加碼；反彈未站回恢復區時分批減碼,每個交易日收盤後，確認是否站回恢復區,已有部位先停止加碼。反彈若仍未站回 42.25，分批降低部位；只有站回且ETF／外資賣壓收斂後才重新評估。,價格跌破60日EMA且20日趨勢向下；外資持股5/10日下降且外資5日賣超,44.1,52.1,52.8,85,100,完整,40.3,,28.11,12.38,5.46,57.31,152.64,1.55,12.07,1.36,0.99,1,0,0,0,0,0,0,-390.25,-992.4739999999999,-5682.620000000001,-10651.62,0,0,0,0,0,0,0,38.242,-6.519999999999982,10.46,313,-437,-3923,,-395,-1030.7160000000001,-5676.1,-10675.1,45.27,54.6,51.66,60.47,false,false,-1.76,0.37,中期趨勢仍向下；外資持股5/10日下降，且外資5日賣超；20日趨勢尚未上彎；當下除權息調整價未守20日EMA；借券賣出與借券賣出餘額壓力升高
298,3131,弘塑,TPEX,半導體業,暫不承接,保護持有,protect,今天不新增部位；未完成確認前不機械式賣出,今天收盤後；若跌破，再看下一交易日是否收復,"已有部位暫停加碼；若收盤跌破60日EMA約 2,598.14，且下一交易日仍未收復，先減碼三分之一；若ETF或外資繼續轉弱，再分批降低部位。",ETF 5/10日同步減碼,45.8,51.9,43.2,85,99.2,可用,2365,,43.35,22.9,17.3,79.25,130.43,27.27,41.87,21.51,1.95,13,-26,-31,-27,-156,-53,-30,-54.574,-54.574,-54.574,404.426,-26,-26,-26,65,0,1,-61490000,-11.533,-11.533,33.66,,,,,-17.041,-17.041,-17.041,372.959,44.96,41.75,36.36,52.52,false,false,-2.42,1.72,ETF短中期同步減碼；ETF 1/3日已轉為減碼；主動ETF 5日轉為減碼；外資持股尚未完成5／10日可比核對或期間有非市場異動；此項不給分，不解讀為轉弱；當下除權息調整價未守20日EMA
299,3035,智原,TWSE,半導體業,暫不承接,正常持有,strong,強勢續抱；不追高,今日收盤確認是否守住20日EMA,價格仍在20／60日EMA之上且短線強勢；法人未同步轉弱。若收盤跌破20日EMA約 183.21 且法人續弱，再轉為保護持有。,價格強勢站上20／60日EMA；法人未同步轉弱,62.4,51.8,45.3,85,100,可用,204,,29.88,-41.07,6.21,28.62,211.45,1.16,80.31,3.11,0.88,5,0,0,0,0,40,0,-126.293,7574.625000000001,7043.497000000001,7922.497000000001,0,0,0,40,0,0,0,1801.4640000000002,1470.8110000000001,16.01,106,6406,6604,,-239.707,5773.161000000001,5572.686000000001,6760.686000000001,68.37,79.1,67.23,102.84,false,false,11.35,17.58,
300,5871,中租-KY,TWSE,其他,暫不承接,降低部位,trim,停止加碼；反彈未站回恢復區時分批減碼,每個交易日收盤後，確認是否站回恢復區,已有部位先停止加碼。反彈若仍未站回 112.51，分批降低部位；只有站回且ETF／外資賣壓收斂後才重新評估。,價格跌破60日EMA且20日趨勢向下；外資持股5/10日下降且外資5日賣超,47.7,51.8,56.6,85,100,可用,108,,-0.68,-0.77,31.24,79.97,110.35,5.84,9.98,1.08,5.56,30,1745,1734,1581,3211,6207,0,-3631.491,-19547.009,-18769.901999999995,-25693.901999999995,1746,1578.61,3191.4929999999995,5285.4929999999995,2,3,170489880,239.919,213.873,44.15,-4255,-11895,-13398,,-5378.188,-21365.538,-22175.268,-31193.268,39.14,13.04,18.69,1.72,false,false,-3.3,-4,累計營收負成長且當月改善不足；中期趨勢仍向下；外資持股5/10日下降，且外資5日賣超；20日趨勢尚未上彎；當下除權息調整價未守20日EMA
301,2369,菱生,TWSE,半導體業,暫不承接,降低部位,trim,停止加碼；反彈未站回恢復區時分批減碼,每個交易日收盤後，確認是否站回恢復區,已有部位先停止加碼。反彈若仍未站回 32.37，分批降低部位；只有站回且ETF／外資賣壓收斂後才重新評估。,價格跌破60日EMA且20日趨勢向下；外資持股5/10日下降且外資5日賣超,54.1,51.4,41.5,85,100,完整,31.65,,32.9,36.28,3.21,34.41,239.33,0.29,,2.41,,1,0,0,0,0,0,0,-2050.546,-7692.508,-8614.408000000001,-10029.408000000001,0,0,0,0,0,0,0,-7.725999999999999,-158.46099999999998,13.09,-1870,-5317,-6421,,-2043.684,-7684.781999999999,-8455.946999999998,-9634.946999999998,52.62,54.92,45.32,74.12,false,false,2.33,7.47,中期趨勢仍向下；外資持股5/10日下降，且外資5日賣超；20日趨勢尚未上彎
302,2645,長榮航太,TWSE,航運業,暫不承接,降低部位,trim,停止加碼；反彈未站回恢復區時分批減碼,每個交易日收盤後，確認是否站回恢復區,已有部位先停止加碼。反彈若仍未站回 179.77，分批降低部位；只有站回且ETF／外資賣壓收斂後才重新評估。,價格跌破60日EMA且20日趨勢向下；ETF 5/10日同步減碼；外資持股5/10日下降且外資5日賣超,45.6,51.3,53.1,85,100,可用,172,,25.97,14.87,20.27,49.28,239.87,4.59,21.94,4.8,2.91,5,18,15,-40,-342,-420,0,-167.698,262.056,-832.576,-4935.576,0,0,-395,-230,1,1,0,382.251,298.844,6.09,-155,-44,-554,,-159.145,-120.19500000000005,-736.4200000000001,-5098.42,43.66,31.69,32.78,29.51,false,true,-1.45,0.88,中期趨勢仍向下；ETF短中期同步減碼；外資持股5/10日下降，且外資5日賣超；20日趨勢尚未上彎；當下除權息調整價未守20日EMA
303,2542,興富發,TWSE,建材營造,暫不承接,降低部位,trim,停止加碼；反彈未站回恢復區時分批減碼,每個交易日收盤後，確認是否站回恢復區,已有部位先停止加碼。反彈若仍未站回 46.04，分批降低部位；只有站回且ETF／外資賣壓收斂後才重新評估。,價格跌破60日EMA且20日趨勢向下；外資持股5/10日下降且外資5日賣超,47.1,51.2,51.3,85,100,可用,39.55,,-20.88,261.31,24.76,77.72,140.2,2.45,9.16,1.69,10.11,14,1902,4037,11158,18433,34651,1007,125.308,-1040.2899999999997,-12546.073,-1726.0730000000003,1911,11167.389,18434.289,34661.289000000004,5,0,441670235,-2478.55,-2438.401,6.86,-513,-14215,-31829,,-251.48,-9729.128999999999,-28541.961,-34663.960999999996,25.92,24.94,33.83,7.15,false,true,-14.09,-13.83,中期趨勢仍向下；外資持股5/10日下降，且外資5日賣超；20日趨勢尚未上彎；當下除權息調整價未守20日EMA
304,2356,英業達,TWSE,電腦及週邊設備業,暫不承接,降低部位,trim,停止加碼；反彈未站回恢復區時分批減碼,每個交易日收盤後，確認是否站回恢復區,已有部位先停止加碼。反彈若仍未站回 63.33，分批降低部位；只有站回且ETF／外資賣壓收斂後才重新評估。,價格跌破60日EMA且20日趨勢向下；ETF 5/10日同步減碼；外資持股5/10日下降且外資5日賣超,46.3,51.1,40.5,85,100,可用,61,,35.83,40.12,1.78,83.6,108.21,1.76,19.68,2.82,3.28,24,68,-505,-2037,-1874,82,0,-3887.652,-7910.726000000001,-17536.572,-23597.572,-132,-1545.9120000000003,-2011.4880000000003,1312.5119999999997,1,4,-94300632,588.3530000000001,1528.6110000000003,18.35,-2960,-2327,-6552,,-3854.687,-6953.1669999999995,-17053.695,-24704.695,40.12,21.38,20.08,24,true,false,-3.16,-1.13,中期趨勢仍向下；ETF短中期同步減碼；20日累積後5日轉為調節；投信5/10日持續且具金額意義的賣超；外資持股5/10日下降，且外資5日賣超；20日趨勢尚未上彎；當下除權息調整價未守20日EMA
305,6138,茂達,TPEX,半導體業,暫不承接,降低部位,trim,停止加碼；反彈未站回恢復區時分批減碼,每個交易日收盤後，確認是否站回恢復區,已有部位先停止加碼。反彈若仍未站回 291.05，分批降低部位；只有站回且ETF／外資賣壓收斂後才重新評估。,價格跌破60日EMA且20日趨勢向下；ETF 5/10日同步減碼,45.3,50.9,57.4,85,100,可用,274.5,,2.5,10.67,19.7,36.78,238.48,7.64,18.46,5.44,3.99,4,0,-14,-14,-15,-14,-13,-73.719,-73.719,-73.719,-998.719,0,0,0,-166,0,0,0,-2.744,-2.744,13.12,,,,,-70.975,-70.975,-70.975,-821.975,45.76,59.56,45.47,87.73,false,false,-1.09,0.73,中期趨勢仍向下；ETF短中期同步減碼；主動ETF 5日轉為減碼；外資持股尚未完成5／10日可比核對或期間有非市場異動；此項不給分，不解讀為轉弱；20日趨勢尚未上彎；當下除權息調整價未守20日EMA
306,1319,東陽,TWSE,汽車工業,暫不承接,保護持有,protect,今天不新增部位；未完成確認前不機械式賣出,今天收盤後；若跌破，再看下一交易日是否收復,已有部位暫停加碼；若收盤跌破60日EMA約 79.94，且下一交易日仍未收復，先減碼三分之一；若ETF或外資繼續轉弱，再分批降低部位。,價格跌破60日EMA且20日趨勢向下,49.1,50.7,62.6,85,100,完整,78.8,,7.4,-8.29,15.76,29.8,156.04,2.98,12.79,1.72,6.35,7,150,150,148,-1,-63,0,-290.921,712.0100000000001,1141.0130000000001,1877.0130000000001,151,149.95,-12.050000000000011,-76.05000000000001,2,2,11816060,81.037,555.7019999999999,11.62,-198,986,686,,-435,481.0230000000001,597.3610000000001,1554.361,44.87,52.13,47.62,61.13,false,false,-1.4,0,累計營收負成長且當月改善不足；中期趨勢仍向下；20日趨勢尚未上彎；當下除權息調整價未守20日EMA
307,2486,一詮,TWSE,光電業,暫不承接,降低部位,trim,停止加碼；反彈未站回恢復區時分批減碼,每個交易日收盤後，確認是否站回恢復區,已有部位先停止加碼。反彈若仍未站回 240.08，分批降低部位；只有站回且ETF／外資賣壓收斂後才重新評估。,價格跌破60日EMA且20日趨勢向下；外資持股5/10日下降且外資5日賣超,50.9,50.3,40.4,85,100,完整,232,,46.07,30,8.05,57.6,181.35,0.91,200,9.03,0.22,5,0,0,0,1,21,0,-267.588,-2014.361,-3790.0290000000005,-10260.029,0,-150,-498,-588,0,1,-34800000,140.412,-332.594,7.31,-199,-943,-1531,,-261.209,-2004.7730000000001,-2959.4350000000004,-9213.435000000001,44.08,22.19,17.5,31.56,false,false,-3.36,1.09,中期趨勢仍向下；外資持股5/10日下降，且外資5日賣超；20日趨勢尚未上彎；當下除權息調整價未守20日EMA
308,1504,東元,TWSE,電機機械,暫不承接,降低部位,trim,停止加碼；反彈未站回恢復區時分批減碼,每個交易日收盤後，確認是否站回恢復區,已有部位先停止加碼。反彈若仍未站回 70.06，分批降低部位；只有站回且ETF／外資賣壓收斂後才重新評估。,價格跌破60日EMA且20日趨勢向下；外資持股5/10日下降且外資5日賣超,48.3,50,55.6,85,100,完整,68.6,,16.83,8.22,9.49,33.82,217.56,1.63,24.86,1.67,2.92,12,-15,-56,-11,2049,1978,0,201.4,-6517.768000000001,-5785.771000000001,-2545.7710000000006,-12,-5.064,1969.936,1726.9359999999997,2,3,-347390,229.692,553.1069999999999,7.11,248,-5689,-6512,,268.615,-6742.396,-8308.814,-3920.8140000000003,43.61,8.2,14.83,-5.06,false,true,-2.08,-2.28,中期趨勢仍向下；20日累積後5日轉為調節；ETF 1/3日已轉為減碼；外資持股5/10日下降，且外資5日賣超；20日趨勢尚未上彎；當下除權息調整價未守20日EMA
309,2355,敬鵬,TWSE,電子零組件業,暫不承接,保護持有,protect,今天不新增部位；未完成確認前不機械式賣出,今天收盤後；若跌破，再看下一交易日是否收復,已有部位暫停加碼；若收盤跌破60日EMA約 43.95，且下一交易日仍未收復，先減碼三分之一；若ETF或外資繼續轉弱，再分批降低部位。,價格跌破60日EMA且20日趨勢向下,48.4,49.9,57.9,85,100,完整,41.6,,13.43,7.07,4.6,31.31,221.89,1.07,21.89,0.94,2.4,1,0,0,0,0,0,0,39.775,482.05100000000004,458.7790000000001,1629.779,0,0,0,0,0,0,0,-5.891999999999996,-43.13099999999999,17.39,95,570,444,,40,487.943,501.90999999999997,1729.9099999999999,47.21,46.71,32.33,75.46,false,false,-0.33,2.21,中期趨勢仍向下；20日趨勢尚未上彎；當下除權息調整價未守20日EMA
310,6830,汎銓,TWSE,其他電子業,暫不承接,保護持有,protect,今天不新增部位；未完成確認前不機械式賣出,今天收盤後；若跌破，再看下一交易日是否收復,已有部位暫停加碼；若收盤跌破60日EMA約 508.63，且下一交易日仍未收復，先減碼三分之一；若ETF或外資繼續轉弱，再分批降低部位。,未觸發明確減碼訊號,63.6,49.9,24.7,85,100,完整,545,,31.95,22.67,0.6,48.43,120.55,-0.25,2180,8.73,0.18,1,0,0,0,0,12,0,-98.529,34.79499999999993,92.6049999999999,88.6049999999999,0.006,0.006,-12.994,149.006,1,0,3270,-15.358,-2.929000000000002,5.65,-17,320,321,,-100.568,50.14700000000006,108.52800000000005,6.52800000000002,54.39,40.35,35.42,50.2,true,false,1.59,3.02,
311,8069,元太,TPEX,光電業,暫不承接,降低部位,trim,停止加碼；反彈未站回恢復區時分批減碼,每個交易日收盤後，確認是否站回恢復區,已有部位先停止加碼。反彈若仍未站回 165.34，分批降低部位；只有站回且ETF／外資賣壓收斂後才重新評估。,價格跌破60日EMA且20日趨勢向下；ETF 5/10日同步減碼,41.3,49.9,66.5,85,100,可用,144,,3.29,-2.88,33.72,36.32,154.89,5.65,14.01,2.2,4.09,11,0,66,-1585,-1154,-789,0,-116.366,-116.366,-116.366,-13499.366,0,0,0,764,0,0,0,-8.207,-8.207,40.08,,,,,-108.159,-108.159,-108.159,-14321.159,34.04,20.23,22.54,15.61,false,true,-4.24,-2.7,累計營收負成長且當月改善不足；中期趨勢仍向下；ETF短中期同步減碼；外資持股尚未完成5／10日可比核對或期間有非市場異動；此項不給分，不解讀為轉弱；20日趨勢尚未上彎；當下除權息調整價未守20日EMA
312,1717,長興,TWSE,化學工業,暫不承接,降低部位,trim,停止加碼；反彈未站回恢復區時分批減碼,每個交易日收盤後，確認是否站回恢復區,已有部位先停止加碼。反彈若仍未站回 72.01，分批降低部位；只有站回且ETF／外資賣壓收斂後才重新評估。,價格跌破60日EMA且20日趨勢向下；ETF 5/10日同步減碼；外資持股5/10日下降且外資5日賣超,49.4,49.7,39.6,85,100,完整,71.1,,20.95,11.78,7.03,51.77,173.89,1.09,37.42,2.68,1.41,6,-600,-600,-364,-348,-1348,-362,40.275,-3132.6240000000003,-10309.215,11009.785000000003,-597,92,269,3974,2,1,6541200,-95.011,114.66800000000009,12.04,455,-1870,-8148,,745.651,-3129.6130000000003,-10692.883,7016.116999999998,47.51,53.53,41.69,77.21,false,false,-1.26,0.57,中期趨勢仍向下；ETF短中期同步減碼；ETF 1/3日已轉為減碼；主動ETF 5日轉為減碼；外資持股5/10日下降，且外資5日賣超；20日趨勢尚未上彎；當下除權息調整價未守20日EMA
313,1477,聚陽,TWSE,紡織纖維,暫不承接,保護持有,protect,今天不新增部位；未完成確認前不機械式賣出,今天收盤後；若跌破，再看下一交易日是否收復,已有部位暫停加碼；若收盤跌破60日EMA約 205.94，且下一交易日仍未收復，先減碼三分之一；若ETF或外資繼續轉弱，再分批降低部位。,價格跌破60日EMA且20日趨勢向下,51.2,49.5,53.1,85,100,完整,192.5,,-5.12,-2.17,14.44,42.05,180.12,7.65,13.14,3.44,7.79,13,38,298,-131,103,-70,0,476.907,496.086,-1018.233,-1007.233,38.427,71.20800000000003,393.66700000000003,195.66700000000003,3,2,13707540,37.199000000000005,-10.241999999999992,14.83,438,596,-446,,433.501,387.679,-1401.658,-1183.658,39.44,34.75,34.22,35.81,true,true,-1.72,0.79,累計營收負成長且當月改善不足；中期趨勢仍向下；20日趨勢尚未上彎；當下除權息調整價未守20日EMA
314,2049,上銀,TWSE,電機機械,暫不承接,降低部位,trim,停止加碼；反彈未站回恢復區時分批減碼,每個交易日收盤後，確認是否站回恢復區,已有部位先停止加碼。反彈若仍未站回 342.28，分批降低部位；只有站回且ETF／外資賣壓收斂後才重新評估。,價格跌破60日EMA且20日趨勢向下；ETF 5/10日同步減碼；外資持股5/10日下降且外資5日賣超,42.9,49.2,56,85,100,完整,323.5,,42.3,23.03,11.98,31.19,225.94,4.03,49.02,2.92,0.62,6,0,0,-5,-3,-220,0,-832.283,-1091.344,-6072.7970000000005,-2217.7970000000005,1,-3.4189999999999996,17.581,-1565.4189999999999,2,2,-1106046,-16.938000000000002,-354.149,38.53,-819,-1139,-5397,,-817.066,-1070.987,-5736.229,-474.22900000000027,40.26,24.72,29.11,15.94,false,false,-5.49,-2.41,中期趨勢仍向下；ETF短中期同步減碼；外資持股5/10日下降，且外資5日賣超；20日趨勢尚未上彎；當下除權息調整價未守20日EMA
315,1215,卜蜂,TWSE,食品工業,暫不承接,降低部位,trim,停止加碼；反彈未站回恢復區時分批減碼,每個交易日收盤後，確認是否站回恢復區,已有部位先停止加碼。反彈若仍未站回 111.10，分批降低部位；只有站回且ETF／外資賣壓收斂後才重新評估。,價格跌破60日EMA且20日趨勢向下；外資持股5/10日下降且外資5日賣超,42.6,49.1,47.4,85,100,完整,105.5,,1.31,4.69,9.26,65.34,86.75,3.24,12.15,2.84,6.64,4,0,0,0,200,200,0,-279.983,-1468.292,-2495.1459999999997,-2311.1459999999997,0,0,428,433,0,0,0,19.952,21.102,36.2,-252,-1268,-2676,,-277.001,-1488.244,-2944.248,-2764.248,41.23,19.74,29.28,0.67,false,true,-2.29,-0.47,中期趨勢仍向下；外資持股5/10日下降，且外資5日賣超；20日趨勢尚未上彎；當下除權息調整價未守20日EMA
316,7734,印能科技,TPEX,半導體業,暫不承接,降低部位,trim,停止加碼；反彈未站回恢復區時分批減碼,每個交易日收盤後，確認是否站回恢復區,"已有部位先停止加碼。反彈若仍未站回 2,914.29，分批降低部位；只有站回且ETF／外資賣壓收斂後才重新評估。",價格跌破60日EMA且20日趨勢向下；ETF 5/10日同步減碼,39.5,48.8,63.8,85,100,可用,2580,,-1.27,52.61,53.25,22.22,492.21,28.72,54.38,10.7,0.77,2,-25,-40,-40,-40,-55,-40,-0.882,-0.882,-0.882,-323.882,-20,-20,-20,-543,0,1,-51600000,-0.839,-0.839,6.11,,,,,19.957,19.957,19.957,241.957,41.94,36.18,29.56,49.43,false,false,-5.16,3.61,中期趨勢仍向下；ETF短中期同步減碼；ETF 1/3日已轉為減碼；主動ETF 5日轉為減碼；外資持股尚未完成5／10日可比核對或期間有非市場異動；此項不給分，不解讀為轉弱；20日趨勢尚未上彎；當下除權息調整價未守20日EMA
317,8033,雷虎,TWSE,其他,暫不承接,保護持有,protect,今天不新增部位；未完成確認前不機械式賣出,今天收盤後；若跌破，再看下一交易日是否收復,已有部位暫停加碼；若收盤跌破60日EMA約 176.94，且下一交易日仍未收復，先減碼三分之一；若ETF或外資繼續轉弱，再分批降低部位。,價格跌破60日EMA且20日趨勢向下,51.9,48.8,51.1,85,100,完整,168.5,,74.96,14.45,-0.26,23.39,337.66,0.62,351.04,8.52,,1,0,0,0,0,-12,0,-219.872,502.004,-977.3340000000001,-4660.334,0,0,0,-12,0,0,0,-24.997999999999998,-30.972999999999995,4.08,-169,421,-978,,-219.892,527.002,-946.361,-4503.361,42.63,23.35,22.45,25.16,false,false,-3.44,-0.3,中期趨勢仍向下；20日趨勢尚未上彎；當下除權息調整價未守20日EMA；單季稅前獲利對營業外貢獻依賴偏高
318,1503,士電,TWSE,電機機械,暫不承接,保護持有,protect,今天不新增部位；未完成確認前不機械式賣出,今天收盤後；若跌破，再看下一交易日是否收復,已有部位暫停加碼；若收盤跌破60日EMA約 203.76，且下一交易日仍未收復，先減碼三分之一；若ETF或外資繼續轉弱，再分批降低部位。,價格跌破60日EMA且20日趨勢向下,53,48.3,46.7,85,100,完整,196.5,,-0.38,9.54,14.79,38.12,135.8,5.04,27.07,2.65,2.54,8,5,0,73,92,138,0,-60.223,-266.27,-1023.9340000000001,-240.9340000000002,6,75,102,144,2,2,14737500,5.336999999999998,-14.793000000000003,30.61,147,453,-192,,-52.999,-346.60699999999997,-1111.141,-431.1410000000001,43.91,18.35,19.52,16.01,true,true,-1.81,0.51,中期趨勢仍向下；20日趨勢尚未上彎；當下除權息調整價未守20日EMA
319,2324,仁寶,TWSE,電腦及週邊設備業,暫不承接,降低部位,trim,停止加碼；反彈未站回恢復區時分批減碼,每個交易日收盤後，確認是否站回恢復區,已有部位先停止加碼。反彈若仍未站回 38.17，分批降低部位；只有站回且ETF／外資賣壓收斂後才重新評估。,價格跌破60日EMA且20日趨勢向下；外資持股5/10日下降且外資5日賣超,45.8,48.3,42.1,85,100,可用,36.8,,14.5,18.31,1.25,70.57,122.78,1.18,18.49,1.13,2.99,11,246,99,40,546,-2689,0,-9584.012,-43753.913,-90333.71,-161293.71000000002,3,661.812,188.876,-1084.124,3,2,24354682,1307.94,-3323.3110000000006,35.13,-10285,-41909,-85552,,-9770.369,-45723.66499999999,-87199.275,-154207.275,41.56,12.47,15.99,5.43,false,true,-3.59,-1.47,中期趨勢仍向下；外資持股5/10日下降，且外資5日賣超；20日趨勢尚未上彎；當下除權息調整價未守20日EMA
320,2633,台灣高鐵,TWSE,航運業,暫不承接,降低部位,trim,停止加碼；反彈未站回恢復區時分批減碼,每個交易日收盤後，確認是否站回恢復區,已有部位先停止加碼。反彈若仍未站回 26.00，分批降低部位；只有站回且ETF／外資賣壓收斂後才重新評估。,價格跌破60日EMA且20日趨勢向下；外資持股5/10日下降且外資5日賣超,47.4,48.3,42.6,85,100,完整,25.6,,-1.57,3.32,40.17,81.85,76.96,0.67,20.98,2.06,4.49,10,592,1452,3401,7804,12477,0,-414.5,-14246.767,-17071.879,-18358.879,598,3411.6040000000003,7801.604,12456.604,5,0,87337062,208.21300000000002,263.438,5.48,-993,-14163,-21099,,-1048.5,-17866.584,-25136.921000000002,-31110.921000000002,36.61,14.11,20.78,0.78,false,false,-1.23,-1.35,中期趨勢仍向下；外資持股5/10日下降，且外資5日賣超；20日趨勢尚未上彎；當下除權息調整價未守20日EMA
321,4991,環宇-KY,TPEX,半導體業,暫不承接,降低部位,trim,停止加碼；反彈未站回恢復區時分批減碼,每個交易日收盤後，確認是否站回恢復區,已有部位先停止加碼。反彈若仍未站回 483.31，分批降低部位；只有站回且ETF／外資賣壓收斂後才重新評估。,價格跌破60日EMA且20日趨勢向下；ETF 5/10日同步減碼,42.2,48.3,60.2,85,100,可用,447.5,,45.62,45.57,18.87,12.71,998.83,2.58,139.41,12.19,0,4,-1050,-1201,-1201,-1200,-1130,-1200,-546.905,-546.905,-546.905,-1544.9049999999997,-1032.5,-1032.5,-1032.5,-612.5,0,1,-462043750,11.347,11.347,21.5,,,,,474.248,474.248,474.248,-1008.752,45.67,44.17,38.92,54.66,false,false,-4.76,4.56,中期趨勢仍向下；ETF短中期同步減碼；ETF 1/3日已轉為減碼；主動ETF 5日轉為減碼；外資持股尚未完成5／10日可比核對或期間有非市場異動；此項不給分，不解讀為轉弱；20日趨勢尚未上彎；當下除權息調整價未守20日EMA
322,6533,晶心科,TWSE,半導體業,暫不承接,保護持有,protect,今天不新增部位；未完成確認前不機械式賣出,今天收盤後；若跌破，再看下一交易日是否收復,已有部位暫停加碼；若收盤跌破60日EMA約 239.11，且下一交易日仍未收復，先減碼三分之一；若ETF或外資繼續轉弱，再分批降低部位。,未觸發明確減碼訊號,65.9,48.2,38.2,85,100,完整,251,,-25.73,40.4,-34.39,29.28,497.25,-4.62,,2.97,,1,0,10,10,20,-6,0,-135.747,1609.5570000000002,1596.5960000000002,1129.5960000000002,0,10,20,-6,1,0,2510000,12.597999999999999,1.2230000000000008,12.58,-263,1426,1626,,-131.822,1586.9589999999998,1575.3729999999998,1142.3729999999998,51.69,55.22,49.4,66.86,false,false,0.58,9.61,
323,1216,統一,TWSE,食品工業,暫不承接,降低部位,trim,停止加碼；反彈未站回恢復區時分批減碼,每個交易日收盤後，確認是否站回恢復區,已有部位先停止加碼。反彈若仍未站回 75.61，分批降低部位；只有站回且ETF／外資賣壓收斂後才重新評估。,價格跌破60日EMA且20日趨勢向下；ETF 5/10日同步減碼,55.5,48,32.8,85,100,可用,75.4,,3.79,4.05,5.86,72.24,86.59,2.56,18.21,3.14,3.98,30,350,586,-1345,-622,-8070,0,3210.922,4369.526,1081.6060000000002,15708.606,22,-587.461,-761.5290000000001,-4679.529,4,1,-44294559,846.9200000000001,730.088,34.24,2945,3777,1018,,2806.606,4110.067,1113.047,21461.047,48.7,51.49,38.44,77.57,false,false,-0.04,1.21,中期趨勢仍向下；ETF短中期同步減碼；20日趨勢尚未上彎；當下除權息調整價未守20日EMA
324,3596,智易,TWSE,通信網路業,暫不承接,降低部位,trim,停止加碼；反彈未站回恢復區時分批減碼,每個交易日收盤後，確認是否站回恢復區,已有部位先停止加碼。反彈若仍未站回 166.63，分批降低部位；只有站回且ETF／外資賣壓收斂後才重新評估。,價格跌破60日EMA且20日趨勢向下；外資持股5/10日下降且外資5日賣超,39.9,47.6,48.7,85,100,完整,152,,1.93,2.66,6.57,69.48,125.16,6.5,11.69,2.04,5.92,4,0,0,0,0,0,0,-527.241,-1225.2179999999998,-2516.488,-7311.487999999999,0,0,-0.592,-0.592,0,0,0,15.697,-69.062,25.63,-529,-1238,-2513,,-529,-1240.915,-2446.834,-7254.834,36.17,31.32,32.16,29.63,false,true,-3.1,-0.65,中期趨勢仍向下；外資持股5/10日下降，且外資5日賣超；20日趨勢尚未上彎；當下除權息調整價未守20日EMA
325,1519,華城,TWSE,電機機械,暫不承接,保護持有,protect,今天不新增部位；未完成確認前不機械式賣出,今天收盤後；若跌破，再看下一交易日是否收復,已有部位暫停加碼；若收盤跌破60日EMA約 710.70，且下一交易日仍未收復，先減碼三分之一；若ETF或外資繼續轉弱，再分批降低部位。,價格跌破60日EMA且20日趨勢向下,54.3,47.4,39.4,85,100,完整,704,,12.5,-1.77,21.68,71.6,146.34,6.52,46.07,24.16,1.7,13,-4,-9,-8,193,194,0,-129.901,157.806,-23.13300000000001,923.867,-4,16,97.313,438.313,2,3,11264000,15.449000000000002,-121.894,18.24,-104,234,279,,-115.751,126.35700000000003,1.4480000000000075,387.448,46.97,35.19,29.67,46.23,false,false,-1.49,-0.28,中期趨勢仍向下；20日累積後5日轉為調節；ETF 1/3日已轉為減碼；20日趨勢尚未上彎；當下除權息調整價未守20日EMA
326,3532,台勝科,TWSE,半導體業,暫不承接,保護持有,protect,今天不新增部位；未完成確認前不機械式賣出,今天收盤後；若跌破，再看下一交易日是否收復,已有部位暫停加碼；若收盤跌破60日EMA約 377.71，且下一交易日仍未收復，先減碼三分之一；若ETF或外資繼續轉弱，再分批降低部位。,未觸發明確減碼訊號,70.8,47.2,22.9,85,100,完整,445,,29.28,19.14,-0.14,52.63,270.98,-0.05,342.31,7.1,0.22,9,68,66,64,135,307,70,1618.306,-232.19299999999998,797.9050000000002,4320.905000000001,69,65,1139,6016,1,3,28925000,-643.84,230.5029999999999,44.28,1481,390,-415,,1458.827,346.64699999999993,-571.5980000000001,-1653.598,61.91,58.15,60.64,53.17,false,true,7.36,1.14,
327,2504,國產,TWSE,建材營造,暫不承接,降低部位,trim,停止加碼；反彈未站回恢復區時分批減碼,每個交易日收盤後，確認是否站回恢復區,已有部位先停止加碼。反彈若仍未站回 31.79，分批降低部位；只有站回且ETF／外資賣壓收斂後才重新評估。,價格跌破60日EMA且20日趨勢向下；外資持股5/10日下降且外資5日賣超,47.9,46.6,52.2,85,100,完整,31.1,,-8.07,-8.23,20.83,46.08,115.96,1.47,9.75,1.41,8.36,8,-147,407,563,728,711,0,-954.532,-2580.2129999999997,-4056.2659999999996,-6285.266,-144.559,567.097,606.95,584.95,4,1,17636717,178.43900000000002,319.279,6,-558,-2009,-3193,,-843.856,-3325.749,-4982.495,-6452.495,47.88,53.24,45.99,67.73,false,false,-0.29,1.8,累計營收負成長且當月改善不足；中期趨勢仍向下；外資持股5/10日下降，且外資5日賣超；20日趨勢尚未上彎；當下除權息調整價未守20日EMA
328,4906,正文,TWSE,通信網路業,暫不承接,保護持有,protect,今天不新增部位；未完成確認前不機械式賣出,今天收盤後；若跌破，再看下一交易日是否收復,已有部位暫停加碼；若收盤跌破60日EMA約 36.87，且下一交易日仍未收復，先減碼三分之一；若ETF或外資繼續轉弱，再分批降低部位。,未觸發明確減碼訊號,62,46.5,30.8,85,100,完整,38.1,,56.09,-14.39,-4.77,39.64,161.83,-0.42,317.5,1.53,1.23,1,0,0,0,0,0,0,-1570.943,3407.913,3803.442,-9636.558,0,0,0,0,0,0,0,221.665,74.403,7.58,-1034,3245,4540,,-1434.925,3186.248,3729.0390000000007,-9635.961,57.77,63.32,56.31,77.35,false,false,3.92,7.17,
329,3583,辛耘,TWSE,半導體業,暫不承接,降低部位,trim,停止加碼；反彈未站回恢復區時分批減碼,每個交易日收盤後，確認是否站回恢復區,已有部位先停止加碼。反彈若仍未站回 727.29，分批降低部位；只有站回且ETF／外資賣壓收斂後才重新評估。,價格跌破60日EMA且20日趨勢向下；外資持股5/10日下降且外資5日賣超,47.1,46.1,36.4,85,100,完整,691,,18.06,8.12,14.84,64.8,115.15,9.16,42.39,5.69,0.83,4,0,0,0,-200,-368,0,-166.582,-74.412,-732.673,-2105.673,0,0,-254,-482,0,0,0,6.122999999999999,-52.583999999999996,21.43,-85,-78,-473,,-147.044,-80.535,-426.089,-1571.089,45.25,40.85,32.07,58.4,false,false,-2.14,2.98,中期趨勢仍向下；外資持股5/10日下降，且外資5日賣超；20日趨勢尚未上彎；當下除權息調整價未守20日EMA
330,2312,金寶,TWSE,其他電子業,暫不承接,保護持有,protect,今天不新增部位；未完成確認前不機械式賣出,今天收盤後；若跌破，再看下一交易日是否收復,已有部位暫停加碼；若收盤跌破60日EMA約 31.84，且下一交易日仍未收復，先減碼三分之一；若ETF或外資繼續轉弱，再分批降低部位。,價格跌破60日EMA且20日趨勢向下,50,46,35.3,85,100,完整,30.6,,22.38,3.52,2.82,73.25,123.94,0.7,25.71,1.9,1.96,4,10,10,10,30,56,0,-1312.623,768.0079999999998,-5288.042000000001,357.9579999999987,13,16,349,375,2,0,489600,-574.0160000000001,-1611.05,9.04,-1210,2075,-964,,-1148.847,1326.0240000000003,-4025.9919999999997,1998.0079999999998,42.65,44.45,40.04,53.27,false,false,-2.49,-1.13,中期趨勢仍向下；20日趨勢尚未上彎；當下除權息調整價未守20日EMA
331,9941,裕融,TWSE,其他,暫不承接,保護持有,protect,今天不新增部位；未完成確認前不機械式賣出,今天收盤後；若跌破，再看下一交易日是否收復,已有部位暫停加碼；若收盤跌破60日EMA約 80.92，且下一交易日仍未收復，先減碼三分之一；若ETF或外資繼續轉弱，再分批降低部位。,價格跌破60日EMA且20日趨勢向下,38.7,46,44.6,85,100,可用,79.7,,1.87,-1.3,14.77,85.93,98.25,3.86,11.37,1.33,5.75,8,-131,-340,-443,593,1245,-440,-19.285,-1155.171,489.69199999999995,1358.692,-131,-442.183,593.817,1230.817,0,4,-35241985,26.461999999999996,-43.66800000000002,4.76,300,216,552,,141.42,-739.45,-60.45700000000025,177.54299999999967,41.7,18.74,24.97,6.28,false,false,-1.59,-1.36,累計營收負成長且當月改善不足；中期趨勢仍向下；20日累積後5日轉為調節；ETF 1/3日已轉為減碼；主動ETF 5日轉為減碼；投信20日買超後近5日轉賣；外資持股尚未完成5／10日可比核對或期間有非市場異動；此項不給分，不解讀為轉弱；20日趨勢尚未上彎；當下除權息調整價未守20日EMA
332,6116,彩晶,TWSE,光電業,暫不承接,保護持有,protect,今天不新增部位；未完成確認前不機械式賣出,今天收盤後；若跌破，再看下一交易日是否收復,已有部位暫停加碼；若收盤跌破60日EMA約 14.35，且下一交易日仍未收復，先減碼三分之一；若ETF或外資繼續轉弱，再分批降低部位。,未觸發明確減碼訊號,65.1,45.8,33.5,85,100,完整,15,,8,2.93,-15.24,20.77,179.8,-0.02,,1.15,,1,0,0,0,0,0,0,-17301.889,4146.4360000000015,-9242.365,-12122.364999999998,0.1,0.1,0.1,0.1,1,0,1500,617.652,521.1090000000002,4.68,-16268,4776,-7668,,-16225.115,3528.6839999999993,-9763.574,-12437.574,56.87,52.75,44.25,69.75,true,false,4.29,6.01,
333,8454,富邦媒,TWSE,數位雲端,暫不承接,保護持有,protect,今天不新增部位；未完成確認前不機械式賣出,今天收盤後；若跌破，再看下一交易日是否收復,已有部位暫停加碼；若收盤跌破60日EMA約 251.77，且下一交易日仍未收復，先減碼三分之一；若ETF或外資繼續轉弱，再分批降低部位。,價格跌破60日EMA且20日趨勢向下,49.4,45.6,34.1,85,100,完整,244.5,,7.8,3.38,2.94,70.81,68.67,4.81,23.53,7.8,4.09,6,0,-1,8,9,28,0,120.065,235.398,389.94599999999997,255.9459999999999,0,8.15,-36.68000000000001,-22.680000000000007,1,2,1992675,20.326999999999998,35.733999999999995,12.02,126,143,699,,119.738,206.921,390.89200000000005,257.89200000000005,46.92,61.96,63.79,58.28,false,true,-0.53,0.62,中期趨勢仍向下；20日趨勢尚未上彎；當下除權息調整價未守20日EMA
334,2439,美律,TWSE,通信網路業,暫不承接,保護持有,protect,今天不新增部位；未完成確認前不機械式賣出,今天收盤後；若跌破，再看下一交易日是否收復,已有部位暫停加碼；若收盤跌破60日EMA約 81.07，且下一交易日仍未收復，先減碼三分之一；若ETF或外資繼續轉弱，再分批降低部位。,價格跌破60日EMA且20日趨勢向下,47,45,47.4,85,100,完整,78,,-6.7,7.23,0.98,54.44,163.73,1.54,14.23,1.16,5.23,6,0,0,0,-68,-323,0,453.212,2159.086,3543.6519999999996,812.6519999999996,0,0,-68.212,-323.212,0,0,0,11.551,2.949000000000005,10.32,564,1917,3471,,453.76,2147.535,3608.915,1393.915,46.42,74.1,71.5,79.3,false,false,-0.38,0,中期趨勢仍向下；20日趨勢尚未上彎；當下除權息調整價未守20日EMA；單季稅前獲利對營業外貢獻依賴偏高
335,2646,星宇航空,TWSE,航運業,暫不承接,保護持有,protect,今天不新增部位；未完成確認前不機械式賣出,今天收盤後；若跌破，再看下一交易日是否收復,已有部位暫停加碼；若收盤跌破60日EMA約 20.76，且下一交易日仍未收復，先減碼三分之一；若ETF或外資繼續轉弱，再分批降低部位。,價格跌破60日EMA且20日趨勢向下,52.5,45,21.5,85,100,完整,20.35,,47.79,33.98,1.81,80.06,79.55,-0.11,,1.99,,2,0,0,3,11,11,0,1794.833,-86.15699999999993,-7642.022999999999,-13442.023,3,9,9,0,3,0,183150,136.865,144.097,3.12,1618,2351,-1260,,1793.833,-232.02199999999993,-7795.12,-13555.119999999999,44.14,37.18,24.63,62.27,false,false,-0.62,0.99,中期趨勢仍向下；20日趨勢尚未上彎；當下除權息調整價未守20日EMA
336,6831,邁科,TWSE,電腦及週邊設備業,暫不承接,降低部位,trim,停止加碼；反彈未站回恢復區時分批減碼,每個交易日收盤後，確認是否站回恢復區,已有部位先停止加碼。反彈若仍未站回 601.19，分批降低部位；只有站回且ETF／外資賣壓收斂後才重新評估。,價格跌破60日EMA且20日趨勢向下；投信5/10日持續且具金額意義地賣超,46.2,44.9,40.5,85,100,完整,515,,29.1,22.27,8.86,49.58,153.31,1.66,92.96,12.66,0.58,4,0,0,0,0,17,0,-57.096,-399.246,-1043.6329999999998,-1658.6329999999998,-125,-389,-554,-1326,0,4,-200335000,-2.6739999999999986,-38.484,14.43,26,131,-269,,64.43,-7.572000000000001,-451.149,-453.149,38.57,12.75,14.24,9.75,false,false,-6.85,-1.9,中期趨勢仍向下；投信5/10日持續且具金額意義的賣超；20日趨勢尚未上彎；當下除權息調整價未守20日EMA
337,2634,漢翔,TWSE,航運業,暫不承接,降低部位,trim,停止加碼；反彈未站回恢復區時分批減碼,每個交易日收盤後，確認是否站回恢復區,已有部位先停止加碼。反彈若仍未站回 64.56，分批降低部位；只有站回且ETF／外資賣壓收斂後才重新評估。,價格跌破60日EMA且20日趨勢向下；外資持股5/10日下降且外資5日賣超,47,44.5,37.2,85,96.6,可用,62.5,,13.15,9.47,9.96,63.19,151.33,1.3,30.19,3.2,1.25,4,-1,-2,-2,43,19,0,-550.802,-1847.5110000000002,-3019.6990000000005,-33508.699,2,4,122,92,2,1,250000,-1130.398,629.4220000000001,3.12,115,-403,-982,,-43.19,-721.113,-3771.121,-32344.121,43.69,26.33,28.26,22.49,false,true,-3.19,-3.85,中期趨勢仍向下；20日累積後5日轉為調節；ETF 1/3日已轉為減碼；外資持股5/10日下降，且外資5日賣超；20日趨勢尚未上彎；當下除權息調整價未守20日EMA
338,1409,新纖,TWSE,紡織纖維,暫不承接,保護持有,protect,今天不新增部位；未完成確認前不機械式賣出,今天收盤後；若跌破，再看下一交易日是否收復,已有部位暫停加碼；若收盤跌破60日EMA約 24.14，且下一交易日仍未收復，先減碼三分之一；若ETF或外資繼續轉弱，再分批降低部位。,價格跌破60日EMA且20日趨勢向下,46.3,44.3,36.4,85,100,可用,24.1,,-8.56,12.01,,76.61,103.39,1.18,10.95,0.81,3.73,3,0,0,0,0,327,0,-505.424,1591.9439999999995,-27811.138000000003,-27817.138000000003,2,4,-185,128,2,0,96400,-319.25100000000003,-1779.82,9.15,-647,2587,-23105,,-313.422,1907.1949999999997,-25846.318,-26435.318,47,19.22,20.58,16.5,false,false,-1.55,0.63,中期趨勢仍向下；20日趨勢尚未上彎；當下除權息調整價未守20日EMA
339,3062,建漢,TWSE,通信網路業,暫不承接,保護持有,protect,今天不新增部位；未完成確認前不機械式賣出,今天收盤後；若跌破，再看下一交易日是否收復,已有部位暫停加碼；若收盤跌破60日EMA約 21.83，且下一交易日仍未收復，先減碼三分之一；若ETF或外資繼續轉弱，再分批降低部位。,未觸發明確減碼訊號,56.9,44.1,30.4,85,100,完整,22.2,,34.74,2.58,-14.5,35.21,171.25,-0.88,,1.8,,1,0,0,0,0,0,0,-37.036,-657.6809999999998,-153.12999999999977,38.87000000000023,0,0,0,0,0,0,0,28.190999999999995,112.62,9.61,206,99,415,,-35,-685.8720000000001,-265.75000000000006,-38.75000000000006,59.54,72.39,66.33,84.5,false,false,4.78,6.73,
340,2912,統一超,TWSE,貿易百貨,暫不承接,降低部位,trim,停止加碼；反彈未站回恢復區時分批減碼,每個交易日收盤後，確認是否站回恢復區,已有部位先停止加碼。反彈若仍未站回 221.37，分批降低部位；只有站回且ETF／外資賣壓收斂後才重新評估。,價格跌破60日EMA且20日趨勢向下；外資持股5/10日下降且外資5日賣超,47.7,43.6,29.4,85,100,完整,213,,4.82,5.46,4.22,83.11,76.89,6.03,19.19,5.4,4.23,20,0,-12,392,673,-491,-1,-113.498,-1102.025,-239.078,-2156.078,73,473.039,925.0140000000001,-236.98599999999988,3,1,100757307,116.788,118.929,14.32,-274,-2277,-1361,,-226.498,-1691.8519999999999,-1283.0210000000002,-1964.0210000000002,36.26,15.3,28.24,-10.6,false,true,-1.74,-0.93,中期趨勢仍向下；主動ETF 5日轉為減碼；外資持股5/10日下降，且外資5日賣超；20日趨勢尚未上彎；當下除權息調整價未守20日EMA
341,8215,明基材,TWSE,光電業,暫不承接,保護持有,protect,今天不新增部位；未完成確認前不機械式賣出,今天收盤後；若跌破，再看下一交易日是否收復,已有部位暫停加碼；若收盤跌破60日EMA約 25.96，且下一交易日仍未收復，先減碼三分之一；若ETF或外資繼續轉弱，再分批降低部位。,未觸發明確減碼訊號,59.2,43.5,18.7,85,100,完整,27.85,,4.88,6.13,-3.62,69.5,105.86,-0.96,,1.86,1.08,1,0,0,10,153,430,0,95.115,1777.3870000000002,874.2610000000002,1107.2610000000002,0,10,153,430,1,0,278500,29.671999999999993,18.647999999999996,2.21,111,2545,1440,,104.4,1737.7150000000001,702.6130000000002,669.6130000000002,59.25,63.76,62.07,67.13,false,false,5.85,7.74,
342,6488,環球晶,TPEX,半導體業,暫不承接,降低部位,trim,停止加碼；反彈未站回恢復區時分批減碼,每個交易日收盤後，確認是否站回恢復區,已有部位先停止加碼。反彈若仍未站回 958.55，分批降低部位；只有站回且ETF／外資賣壓收斂後才重新評估。,價格跌破60日EMA且20日趨勢向下；ETF 5/10日同步減碼,53.6,43.4,30.2,85,100,可用,950,,7.61,-3.11,9.93,55.88,128.14,11.87,46.12,4.7,0.81,20,-7,-40,-73,-406,-381,90,-5661.506,-5661.506,-5661.506,-11212.506000000001,363,363,363,-1540,1,0,344850000,57.808,57.808,26.09,,,,,-6082.314,-6082.314,-6082.314,-9473.314,49.67,54.8,47.92,68.55,false,false,0.43,1.39,累計營收負成長且當月改善不足；中期趨勢仍向下；ETF短中期同步減碼；ETF 1/3日已轉為減碼；外資持股尚未完成5／10日可比核對或期間有非市場異動；此項不給分，不解讀為轉弱；20日趨勢尚未上彎；單季稅前獲利對營業外貢獻依賴偏高
343,3163,波若威,TPEX,通信網路業,暫不承接,降低部位,trim,停止加碼；反彈未站回恢復區時分批減碼,每個交易日收盤後，確認是否站回恢復區,已有部位先停止加碼。反彈若仍未站回 703.37，分批降低部位；只有站回且ETF／外資賣壓收斂後才重新評估。,價格跌破60日EMA且20日趨勢向下；ETF 5/10日同步減碼,41,41.7,50,85,100,可用,663,,9.69,17.73,3.61,25.12,374.74,3.5,67.65,16.25,0.53,1,0,-13,-13,-13,-13,-13,-87.267,-87.267,-87.267,-926.267,-4,-4,-4,-5,0,1,-2652000,0.201,0.201,9.68,,,,,-83.468,-83.468,-83.468,-981.4680000000001,44.17,33.73,24.01,53.17,false,false,-3.75,0,中期趨勢仍向下；ETF短中期同步減碼；主動ETF 5日轉為減碼；外資持股尚未完成5／10日可比核對或期間有非市場異動；此項不給分，不解讀為轉弱；20日趨勢尚未上彎；當下除權息調整價未守20日EMA；單季稅前獲利對營業外貢獻依賴偏高
344,2498,宏達電,TWSE,通信網路業,暫不承接,保護持有,protect,今天不新增部位；未完成確認前不機械式賣出,今天收盤後；若跌破，再看下一交易日是否收復,已有部位暫停加碼；若收盤跌破60日EMA約 41.10，且下一交易日仍未收復，先減碼三分之一；若ETF或外資繼續轉弱，再分批降低部位。,ETF 5/10日同步減碼；外資持股5/10日下降且外資5日賣超,50.2,41.6,43.1,85,93,可用,41.65,,-7.71,-6.92,-89.63,32.56,220.19,-0.62,16.08,1.33,1.2,3,0,0,-344,-344,-370,0,-4122.891,-6603.576999999999,-6994.077,-11281.077000000001,0,-344,-344,-370,0,1,-14327600,27.575999999999993,162.995,8.32,-2674,-3110,-2894,,-4149.77,-6287.153000000001,-6813.072,-11106.072,58.82,43.5,32.51,65.46,false,false,3.12,3.61,累計營收負成長且當月改善不足；ETF短中期同步減碼；外資持股5/10日下降，且外資5日賣超；20日趨勢尚未上彎
345,1722,台肥,TWSE,化學工業,暫不承接,降低部位,trim,停止加碼；反彈未站回恢復區時分批減碼,每個交易日收盤後，確認是否站回恢復區,已有部位先停止加碼。反彈若仍未站回 44.85，分批降低部位；只有站回且ETF／外資賣壓收斂後才重新評估。,價格跌破60日EMA且20日趨勢向下；外資持股5/10日下降且外資5日賣超,45.7,41.1,45.9,85,100,完整,41.75,,-11.28,4.58,4.8,36.33,228.72,0.43,49.7,0.77,4.79,4,0,0,265,270,270,0,-514.608,-1476.8679999999997,-9280.042,-6225.0419999999995,1,267,130,122,3,1,11147250,75,45.543,7.9,111,-485,-3394,,-517.608,-1818.8679999999997,-9455.585,-5611.584999999999,24.42,8.68,11.11,3.84,false,true,-3.48,-0.24,中期趨勢仍向下；外資持股5/10日下降，且外資5日賣超；20日趨勢尚未上彎；當下除權息調整價未守20日EMA
346,2201,裕隆,TWSE,汽車工業,暫不承接,保護持有,protect,今天不新增部位；未完成確認前不機械式賣出,今天收盤後；若跌破，再看下一交易日是否收復,已有部位暫停加碼；若收盤跌破60日EMA約 29.04，且下一交易日仍未收復，先減碼三分之一；若ETF或外資繼續轉弱，再分批降低部位。,ETF 5/10日同步減碼；外資持股5/10日下降且外資5日賣超,43.8,40.6,32.4,85,100,完整,29.25,,-2.02,-3.46,9.68,74.19,99.35,0.5,32.87,0.48,1.91,2,10,10,-133,-58,-706,0,-426.25,-4676.645,-6319.4529999999995,-17953.453,11,-131,-155,-809,2,1,-3831750,274.978,835.6280000000002,4.61,-938,-3786,-956,,-442.465,-4820.6230000000005,-7000.081,-17535.081,46.38,10.91,18.55,-4.37,false,false,-1.66,-2.01,累計營收負成長且當月改善不足；ETF短中期同步減碼；外資持股5/10日下降，且外資5日賣超；當下除權息調整價未守20日EMA
347,6409,旭隼,TWSE,其他電子業,暫不承接,保護持有,protect,今天不新增部位；未完成確認前不機械式賣出,今天收盤後；若跌破，再看下一交易日是否收復,已有部位暫停加碼；若收盤跌破60日EMA約 949.51，且下一交易日仍未收復，先減碼三分之一；若ETF或外資繼續轉弱，再分批降低部位。,價格跌破60日EMA且20日趨勢向下,41.7,40.3,40.1,85,100,完整,883,,-3.16,-4.14,18.11,58.77,134.82,12.58,34.21,9.8,4.16,11,-1,-2,-72,10,144,0,5.274,-44.35100000000001,-76.041,-410.041,-1.02,-66.501,3.796999999999991,138.797,0,4,-58720383,-4.097,-12.011000000000001,52,-11,-129,-251,,11.494,26.247000000000018,-67.82699999999998,-513.827,38.57,40.21,32.25,56.14,false,false,-4.4,0.34,累計營收負成長且當月改善不足；中期趨勢仍向下；20日累積後5日轉為調節；ETF 1/3日已轉為減碼；投信20日買超後近5日轉賣；20日趨勢尚未上彎；當下除權息調整價未守20日EMA
348,4919,新唐,TWSE,半導體業,暫不承接,正常持有,strong,強勢續抱；不追高,今日收盤確認是否守住20日EMA,價格仍在20／60日EMA之上且短線強勢；ETF／外資偏弱先觀察，不因分歧減碼。若收盤跌破20日EMA約 122.11 且法人續弱，再轉為保護持有。,價格強勢站上20／60日EMA；ETF／外資偏弱，先觀察,54,40,21.3,85,100,完整,134,,12.1,1.01,-2.79,46.5,189.95,-0.57,,3.63,,5,0,-4,-395,-400,-398,0,-6236.959,-13279.904999999999,-12640.063999999998,-11798.063999999998,1,-392.515,-315.515,-313.515,2,2,-52597010,182.395,324.424,2.06,-5565,-10981,-10071,,-5755.924,-13069.785,-12648.972999999998,-11619.972999999998,61.64,68.03,57.04,90,false,false,9.74,15.52,ETF短中期同步減碼；外資持股5/10日下降，且外資5日賣超；融資增幅與短線漲幅同步偏高；借券賣出與借券賣出餘額壓力升高；單季稅前獲利對營業外貢獻依賴偏高
349,2002,中鋼,TWSE,鋼鐵工業,暫不承接,降低部位,trim,停止加碼；反彈未站回恢復區時分批減碼,每個交易日收盤後，確認是否站回恢復區,已有部位先停止加碼。反彈若仍未站回 18.96，分批降低部位；只有站回且ETF／外資賣壓收斂後才重新評估。,價格跌破60日EMA且20日趨勢向下；外資持股5/10日下降且外資5日賣超,45.7,36.7,23.1,85,100,可用,18.65,,12.97,3.81,1.81,51.15,126.1,-0.03,,0.95,0.8,8,-23,-50,44,-2677,-715,0,-4457.462,-41146.687,-111342.15900000001,-112106.15900000001,-2,84.578,-2795.299,-1736.299,3,2,1577380,1454.8600000000001,-2644.061,14.62,3878,-19636,-67544,,-4744.889,-42686.125,-105902.799,-109086.799,40.41,8.88,10.93,4.8,false,false,-1.13,0,中期趨勢仍向下；ETF 1/3日已轉為減碼；外資持股5/10日下降，且外資5日賣超；20日趨勢尚未上彎；當下除權息調整價未守20日EMA
350,9921,巨大,TWSE,運動休閒,暫不承接,降低部位,trim,停止加碼；反彈未站回恢復區時分批減碼,每個交易日收盤後，確認是否站回恢復區,已有部位先停止加碼。反彈若仍未站回 93.82，分批降低部位；只有站回且ETF／外資賣壓收斂後才重新評估。,價格跌破60日EMA且20日趨勢向下；ETF 5/10日同步減碼,39.8,35.6,35.3,85,100,完整,90.3,,3.21,-6.11,2.77,48.95,184.22,1.11,58.26,1.03,2.02,1,0,0,-162,-162,-162,0,222.171,529.712,-1103.048,-1214.048,0,-162,-171,-173,0,1,-14628600,2.7349999999999994,-114.73,32,-18,457,-249,,235.06,688.977,-817.318,-721.318,41.43,39.48,34.28,49.88,false,false,-3.76,-0.44,累計營收負成長且當月改善不足；中期趨勢仍向下；ETF短中期同步減碼；20日趨勢尚未上彎；當下除權息調整價未守20日EMA
351,2367,燿華,TWSE,電子零組件業,暫不承接,保護持有,protect,今天不新增部位；未完成確認前不機械式賣出,今天收盤後；若跌破，再看下一交易日是否收復,已有部位暫停加碼；若收盤跌破60日EMA約 45.49，且下一交易日仍未收復，先減碼三分之一；若ETF或外資繼續轉弱，再分批降低部位。,價格跌破60日EMA且20日趨勢向下,47.1,33.3,17.2,85,100,完整,41.7,,26.13,-0.08,-6.5,56.05,95.69,-0.64,,2.39,0.48,2,0,0,0,0,0,0,34.608,1049.369,1495.0859999999998,1715.0859999999998,0,0,0,0,0,0,0,-38.59199999999999,-326.088,9.07,76,1736,2472,,42.042,1087.961,1821.1739999999998,2233.174,47.4,56.07,41.11,85.98,false,false,-0.19,4.77,中期趨勢仍向下；20日趨勢尚未上彎；當下除權息調整價未守20日EMA
352,6949,沛爾生醫*-創,TWSE,生技醫療業,暫不承接,降低部位,trim,停止加碼；反彈未站回恢復區時分批減碼,每個交易日收盤後，確認是否站回恢復區,已有部位先停止加碼。反彈若仍未站回 595.07，分批降低部位；只有站回且ETF／外資賣壓收斂後才重新評估。,價格跌破60日EMA且20日趨勢向下；外資持股5/10日下降且外資5日賣超,30.6,30.1,37.2,85,100,完整,50.3,,164.71,4.21,-1292.9,10.57,1007.25,-2.54,,25.66,,1,0,0,209,209,209,0,-389.055,-2369.694,-5342.621000000001,-11584.621000000001,0,209,209,209,1,0,10512700,-374.062,-654.2259999999999,3.27,-335,-2205,-4897,,-335.261,-2204.632,-4897.395,-11117.395,21.9,24.16,23.27,25.94,false,false,-81.08,-5.27,中期趨勢仍向下；外資持股5/10日下降，且外資5日賣超；20日趨勢尚未上彎；當下除權息調整價未守20日EMA；官方重大訊息出現高風險關鍵字，須查原文
353,6026,福邦證,TPEX,金融業,不建立部位,保護持有,protect,今天不新增部位；未完成確認前不機械式賣出,今天收盤後；若跌破，再看下一交易日是否收復,已有部位暫停加碼；若收盤跌破60日EMA約 15.14，且下一交易日仍未收復，先減碼三分之一；若ETF或外資繼續轉弱，再分批降低部位。,未觸發明確減碼訊號,66.9,80.2,80.4,85,100,可用,15.95,,231.78,170.4,,63.75,137.88,1.08,5.78,1,8.55,2,-84,232,322,407,469,0,683.084,683.084,683.084,3620.084,-83.845,-83.845,-83.845,-22.845,0,1,-1337328,0,0,6.9,,,,,766.929,766.929,766.929,3641.929,69.27,77.24,70.29,91.14,false,false,4.17,4.59,"單日成交金額低於5,000萬元；外資持股尚未完成5／10日可比核對或期間有非市場異動；此項不給分，不解讀為轉弱；ETF加碼金額或跨基金共識尚未同時成立"
354,8109,博大,TPEX,電子零組件業,不建立部位,保護持有,protect,今天不新增部位；未完成確認前不機械式賣出,今天收盤後；若跌破，再看下一交易日是否收復,已有部位暫停加碼；若收盤跌破60日EMA約 128.99，且下一交易日仍未收復，先減碼三分之一；若ETF或外資繼續轉弱，再分批降低部位。,未觸發明確減碼訊號,65.5,74.8,80.6,85,100,可用,132,,56.12,30.7,36.05,22.91,415.49,3.84,17.77,3.58,3.41,1,0,0,3,34,95,0,1.379,1.379,1.379,-370.621,0,0,0,58,0,0,0,-1.876,-1.876,4.59,,,,,3.255,3.255,3.255,-392.745,53.42,66.89,60.92,78.84,false,false,1.16,1.54,"單日成交金額低於5,000萬元；外資持股尚未完成5／10日可比核對或期間有非市場異動；此項不給分，不解讀為轉弱；ETF加碼金額或跨基金共識尚未同時成立"
355,9946,三發地產,TWSE,建材營造,不建立部位,保護持有,protect,今天不新增部位；未完成確認前不機械式賣出,今天收盤後；若跌破，再看下一交易日是否收復,已有部位暫停加碼；若收盤跌破60日EMA約 17.82，且下一交易日仍未收復，先減碼三分之一；若ETF或外資繼續轉弱，再分批降低部位。,價格跌破60日EMA且20日趨勢向下,55,73.9,85.2,85,100,完整,17.3,,185.26,2974.14,45.27,58.38,224.99,2.84,3.71,0.78,7.98,2,0,0,0,0,-12,0,34,249.07600000000002,31.076000000000022,-575.924,0,0,0,-9,0,0,0,94,95,3.11,40,190,122,,34,155.07600000000002,-63.92399999999998,-625.924,47.02,35.52,26.9,52.75,false,false,-0.24,3.9,"單日成交金額低於5,000萬元；中期趨勢仍向下；20日趨勢尚未上彎；當下除權息調整價未守20日EMA"
356,2495,普安,TWSE,電腦及週邊設備業,不建立部位,保護持有,protect,今天不新增部位；未完成確認前不機械式賣出,今天收盤後；若跌破，再看下一交易日是否收復,已有部位暫停加碼；若收盤跌破60日EMA約 39.40，且下一交易日仍未收復，先減碼三分之一；若ETF或外資繼續轉弱，再分批降低部位。,未觸發明確減碼訊號,64.6,73.4,70,85,100,完整,38.85,,106.21,53.01,14.2,42.69,215.77,0.61,19.14,2.34,2.06,2,0,0,0,40,170,0,227.918,322.559,279.178,1019.178,0,0,40,170,0,0,0,17.742,-51.522999999999996,8.48,258,506,538,,228.918,304.81700000000006,290.70100000000014,977.7010000000001,55.04,59.49,53.22,72.04,false,false,2.59,4.86,"單日成交金額低於5,000萬元"
357,4105,東洋,TPEX,生技醫療業,不建立部位,保護持有,protect,今天不新增部位；未完成確認前不機械式賣出,今天收盤後；若跌破，再看下一交易日是否收復,已有部位暫停加碼；若收盤跌破60日EMA約 77.24，且下一交易日仍未收復，先減碼三分之一；若ETF或外資繼續轉弱，再分批降低部位。,未觸發明確減碼訊號,64.7,73,73.6,85,100,可用,78.7,,14.86,8.28,30.78,34.48,213.15,3.42,11.29,2.81,5.72,2,-42,116,162,204,201,0,29.702,29.702,29.702,-671.298,-41.842,-41.842,-41.842,-53.842,0,1,-3292965,-1,-1,22.65,,,,,72.544,72.544,72.544,-607.456,59.28,85.23,83.51,88.68,false,false,0.84,0.13,"單日成交金額低於5,000萬元；外資持股尚未完成5／10日可比核對或期間有非市場異動；此項不給分，不解讀為轉弱；ETF加碼金額或跨基金共識尚未同時成立"
358,6613,朋億*,TPEX,其他電子業,不建立部位,保護持有,protect,今天不新增部位；未完成確認前不機械式賣出,今天收盤後；若跌破，再看下一交易日是否收復,已有部位暫停加碼；若收盤跌破60日EMA約 275.08，且下一交易日仍未收復，先減碼三分之一；若ETF或外資繼續轉弱，再分批降低部位。,未觸發明確減碼訊號,59.3,71.8,69.4,85,100,可用,269,,186.82,63.62,15.82,45.74,202.18,8.51,15.91,3.26,3.72,1,0,0,0,-1,-1,0,14.249,14.249,14.249,-1457.751,0,0,0,0,0,0,0,0.213,0.213,6.23,,,,,14.036,14.036,14.036,-1461.964,51.47,74.66,63.48,97.02,false,false,1.49,1.89,"單日成交金額低於5,000萬元；外資持股尚未完成5／10日可比核對或期間有非市場異動；此項不給分，不解讀為轉弱"
359,2607,榮運,TWSE,航運業,不建立部位,保護持有,protect,今天不新增部位；未完成確認前不機械式賣出,今天收盤後；若跌破，再看下一交易日是否收復,已有部位暫停加碼；若收盤跌破60日EMA約 51.02，且下一交易日仍未收復，先減碼三分之一；若ETF或外資繼續轉弱，再分批降低部位。,未觸發明確減碼訊號,61.7,70.4,71.2,85,100,完整,53.7,,49.39,12.76,11.94,34.11,198.54,2.68,10.72,0.91,5.03,1,0,0,0,0,0,0,98.965,445.218,594.925,984.925,0,0,0,0,0,0,0,46.173,39.295,8.43,120,415,550,,98.965,399.04499999999996,555.6299999999999,947.6299999999999,66.55,79.09,70.09,97.09,false,false,1.55,1.13,"單日成交金額低於5,000萬元"
360,6509,聚和,TPEX,化學工業,不建立部位,保護持有,protect,今天不新增部位；未完成確認前不機械式賣出,今天收盤後；若跌破，再看下一交易日是否收復,已有部位暫停加碼；若收盤跌破60日EMA約 46.73，且下一交易日仍未收復，先減碼三分之一；若ETF或外資繼續轉弱，再分批降低部位。,未觸發明確減碼訊號,65.2,70.3,68.1,85,100,可用,47.3,,20.02,7.33,21.4,32.53,226.71,2.16,13.07,1.67,2.95,1,0,0,7,99,279,0,99.237,99.237,99.237,-446.76300000000003,0,0,0,180,0,0,0,-1,-1,11.97,,,,,100.237,100.237,100.237,-598.763,57.19,82.67,68.69,110.62,false,false,2.06,3.5,"單日成交金額低於5,000萬元；外資持股尚未完成5／10日可比核對或期間有非市場異動；此項不給分，不解讀為轉弱；ETF加碼金額或跨基金共識尚未同時成立"
361,4736,泰博,TWSE,生技醫療業,不建立部位,保護持有,protect,今天不新增部位；未完成確認前不機械式賣出,今天收盤後；若跌破，再看下一交易日是否收復,已有部位暫停加碼；若收盤跌破60日EMA約 123.77，且下一交易日仍未收復，先減碼三分之一；若ETF或外資繼續轉弱，再分批降低部位。,KD高檔死亡交叉（僅屬時機警示）,63.7,69.8,75.9,85,100,完整,132,,42.69,3.28,19.54,21,319.04,16.6,4.84,1.13,3.84,2,0,0,0,0,19,0,15,288.716,480.21000000000004,396.21000000000004,0,109,149,488,3,0,14388000,2.1470000000000002,21.372999999999998,7.4,114,328,485,,15,177.569,309.837,-2.163000000000011,63.28,79.72,81.74,75.68,false,true,2.34,1.54,"單日成交金額低於5,000萬元；KD高檔死亡交叉，等待動能確認；單季稅前獲利對營業外貢獻依賴偏高"
362,8021,尖點,TWSE,其他電子業,不建立部位,優先降低風險,risk,依風險與流動性分批降低部位,風險解除且基本面與趨勢重新確認後,已有部位應優先降低曝險；目前觸發「處置或交易限制事件」。待事件解除或基本面重新確認後再評估。,處置或交易限制事件,67.4,69.8,61.2,85,100,完整,478,,97.75,76.07,24.71,37.35,239.28,3.25,96.37,11.15,0.41,9,0,0,0,0,137,0,637.652,3367.4680000000003,2644.6730000000007,-367.3269999999993,0,1773,1628,657,2,2,847494000,-42.234000000000016,136.148,17.32,186,1158,-1465,,465.652,1636.7020000000002,880.5250000000002,-1158.4750000000004,59.93,81.8,69.57,106.26,false,false,7.2,8.64,處置或交易限制風險
363,5288,豐祥-KY,TWSE,電機機械,不建立部位,保護持有,protect,今天不新增部位；未完成確認前不機械式賣出,今天收盤後；若跌破，再看下一交易日是否收復,已有部位暫停加碼；若收盤跌破60日EMA約 185.24，且下一交易日仍未收復，先減碼三分之一；若ETF或外資繼續轉弱，再分批降低部位。,未觸發明確減碼訊號,61.4,69.5,71.8,85,100,可用,189,,60.1,35.38,14.42,26.27,230.68,8.03,12.6,2.07,3.44,1,0,0,0,0,-128,0,70.968,201.11899999999997,213.54399999999998,187.54399999999998,0,0,10,-108,0,0,0,6.056,12.416,60.04,72,167,-25,,70.968,195.06300000000002,191.128,293.128,52.83,71.51,61.95,90.64,false,false,0.82,1.89,"單日成交金額低於5,000萬元；外資持股尚未完成5／10日可比核對或期間有非市場異動；此項不給分，不解讀為轉弱；20日趨勢尚未上彎"
364,2527,宏璟,TWSE,建材營造,不建立部位,保護持有,protect,今天不新增部位；未完成確認前不機械式賣出,今天收盤後；若跌破，再看下一交易日是否收復,已有部位暫停加碼；若收盤跌破60日EMA約 43.36，且下一交易日仍未收復，先減碼三分之一；若ETF或外資繼續轉弱，再分批降低部位。,價格強勢站上20／60日EMA；法人未同步轉弱,63.4,69.1,67.6,85,100,完整,48.4,,4.18,1088.12,22.9,25.51,148.94,3.99,8.51,0.34,3.1,1,0,0,0,0,0,0,173.622,1338.583,837.613,373.61300000000006,0,0,0,0,0,0,0,35.619,22.656999999999996,43.5,155,1301,945,,177.12,1302.9640000000002,814.9560000000001,607.9560000000001,67.51,80.63,65.17,111.54,false,false,7.92,12.43,"單日成交金額低於5,000萬元"
365,2753,八方雲集,TWSE,觀光餐旅,不建立部位,保護持有,protect,今天不新增部位；未完成確認前不機械式賣出,今天收盤後；若跌破，再看下一交易日是否收復,已有部位暫停加碼；若收盤跌破60日EMA約 176.12，且下一交易日仍未收復，先減碼三分之一；若ETF或外資繼續轉弱，再分批降低部位。,未觸發明確減碼訊號,70.1,68.1,55.8,85,100,完整,180,,9.29,7.92,12.11,50.44,168.25,7.01,12.83,3.18,6.67,3,-10,29,39,50,44,0,11.506,79.31400000000001,9.652000000000006,-130.34799999999998,-10.322,38.802,49.285000000000004,43.285000000000004,4,1,6984360,5.664,1.3690000000000007,6.22,37,79,13,,21.828,34.848,-41.002,-177.002,57.33,72.04,56.91,102.31,false,false,0.76,1.12,"單日成交金額低於5,000萬元；ETF加碼金額或跨基金共識尚未同時成立"
366,3088,艾訊,TPEX,電腦及週邊設備業,不建立部位,保護持有,protect,今天不新增部位；未完成確認前不機械式賣出,今天收盤後；若跌破，再看下一交易日是否收復,已有部位暫停加碼；若收盤跌破60日EMA約 128.07，且下一交易日仍未收復，先減碼三分之一；若ETF或外資繼續轉弱，再分批降低部位。,未觸發明確減碼訊號,56.8,67.9,72.1,85,100,可用,127,,78.53,49.5,12.29,33.69,239.98,4.28,15.91,2.54,2.31,1,0,0,0,0,0,0,-21.152,-21.152,-21.152,-954.152,0,0,0,0,0,0,0,-3.362,-3.362,18.53,,,,,-17.79,-17.79,-17.79,-943.79,50.71,60.93,59.05,64.67,false,false,0.74,2.42,"單日成交金額低於5,000萬元；外資持股尚未完成5／10日可比核對或期間有非市場異動；此項不給分，不解讀為轉弱"
367,6605,帝寶,TWSE,汽車工業,不建立部位,保護持有,protect,今天不新增部位；未完成確認前不機械式賣出,今天收盤後；若跌破，再看下一交易日是否收復,已有部位暫停加碼；若收盤跌破60日EMA約 136.83，且下一交易日仍未收復，先減碼三分之一；若ETF或外資繼續轉弱，再分批降低部位。,未觸發明確減碼訊號,60.1,67.9,68.4,85,100,完整,138.5,,28.25,3.08,16.7,39.05,152.48,7.71,8.55,1.14,4.69,1,0,0,0,0,0,0,-1.386,894.2239999999999,1249.656,1161.656,0,0,-40,-42,0,0,0,7.744000000000001,-22.895,15.3,-5,876,1220,,-1.385,886.48,1312.5510000000002,1219.5510000000002,52.5,69.06,60.74,85.72,false,false,0.49,1.84,"單日成交金額低於5,000萬元；20日趨勢尚未上彎"
368,3617,碩天,TWSE,其他電子業,不建立部位,保護持有,protect,今天不新增部位；未完成確認前不機械式賣出,今天收盤後；若跌破，再看下一交易日是否收復,已有部位暫停加碼；若收盤跌破60日EMA約 234.53，且下一交易日仍未收復，先減碼三分之一；若ETF或外資繼續轉弱，再分批降低部位。,未觸發明確減碼訊號,65.8,67.8,73.5,85,100,完整,243,,13.31,10.15,22.32,36.99,273.56,11.12,11.64,2.33,4.09,4,0,0,50,49,14,50,34.608,159.005,204.82899999999998,120.82899999999998,0,50,49.485,14.485,1,0,12150000,-26.839999999999996,-47.995999999999995,9.82,54,147,240,,52.883,135.845,203.34,207.34000000000003,50.2,52.45,49.96,57.45,false,false,-0.34,0,"單日成交金額低於5,000萬元；20日趨勢尚未上彎；當下除權息調整價未守20日EMA；ETF加碼金額或跨基金共識尚未同時成立"
369,2423,固緯,TWSE,其他電子業,不建立部位,保護持有,protect,今天不新增部位；未完成確認前不機械式賣出,今天收盤後；若跌破，再看下一交易日是否收復,已有部位暫停加碼；若收盤跌破60日EMA約 73.43，且下一交易日仍未收復，先減碼三分之一；若ETF或外資繼續轉弱，再分批降低部位。,未觸發明確減碼訊號,58.1,67.7,73.6,85,100,完整,73.9,,28.15,23.65,24.89,30.95,250.79,2.49,17.51,3.59,3.38,1,0,0,0,0,0,0,3.022,52.022,56.32199999999999,1.3219999999999885,0,0,0,0,0,0,0,10,14,5.07,3,43,37,,3.022,42.022,42.32199999999999,-15.678000000000011,50.82,66.98,50.95,99.04,false,false,0.39,1.79,"單日成交金額低於5,000萬元；20日趨勢尚未上彎"
370,6763,綠界科技*,TPEX,數位雲端,不建立部位,保護持有,protect,今天不新增部位；未完成確認前不機械式賣出,今天收盤後；若跌破，再看下一交易日是否收復,已有部位暫停加碼；若收盤跌破60日EMA約 42.50，且下一交易日仍未收復，先減碼三分之一；若ETF或外資繼續轉弱，再分批降低部位。,價格跌破60日EMA且20日趨勢向下,55.4,66.9,61.4,85,100,可用,41.85,,14.91,13.08,24.38,59.22,138.01,1.08,10.13,2.58,7.17,1,0,0,0,25,115,0,42.175,42.175,42.175,-57.82499999999999,0,0,0,85,0,0,0,0.175,0.175,2.74,,,,,42,42,42,-137,54.86,69.09,58.62,90.04,false,false,1.12,2.07,"單日成交金額低於5,000萬元；中期趨勢仍向下；外資持股尚未完成5／10日可比核對或期間有非市場異動；此項不給分，不解讀為轉弱；20日趨勢尚未上彎"
371,8415,大國鋼,TPEX,鋼鐵工業,不建立部位,保護持有,protect,今天不新增部位；未完成確認前不機械式賣出,今天收盤後；若跌破，再看下一交易日是否收復,已有部位暫停加碼；若收盤跌破60日EMA約 36.30，且下一交易日仍未收復，先減碼三分之一；若ETF或外資繼續轉弱，再分批降低部位。,價格跌破60日EMA且20日趨勢向下,47,66.6,77.5,85,100,可用,35.15,,38.11,23.4,21.86,35.39,194.62,2.17,8.85,1.23,4.27,1,0,0,0,-510,-87,0,23.081,23.081,23.081,245.08100000000002,0,0,0,423,0,0,0,0,0,7.37,,,,,23.081,23.081,23.081,-538.919,38.73,25.52,16.37,43.8,true,false,-1.95,1.44,"單日成交金額低於5,000萬元；中期趨勢仍向下；外資持股尚未完成5／10日可比核對或期間有非市場異動；此項不給分，不解讀為轉弱；20日趨勢尚未上彎；當下除權息調整價未守20日EMA"
372,4441,振大環球,TWSE,紡織纖維,不建立部位,保護持有,protect,今天不新增部位；未完成確認前不機械式賣出,今天收盤後；若跌破，再看下一交易日是否收復,已有部位暫停加碼；若收盤跌破60日EMA約 181.01，且下一交易日仍未收復，先減碼三分之一；若ETF或外資繼續轉弱，再分批降低部位。,價格跌破60日EMA且20日趨勢向下,48.9,66.5,75.8,85,100,完整,171,,20.56,14.76,17.62,30.51,243.38,9.08,9.47,1.7,6.32,1,0,0,0,0,0,0,3,5.940000000000001,26.690000000000005,-100.31,0,0,0,-60,0,0,0,-4,-5,0.88,8,16,37,,8,9.940000000000001,31.690000000000005,61.69,39.72,26.85,31.62,17.3,false,false,-1.83,-0.29,"單日成交金額低於5,000萬元；中期趨勢仍向下；20日趨勢尚未上彎；當下除權息調整價未守20日EMA"
373,2897,王道銀行,TWSE,金融保險業,不建立部位,保護持有,protect,今天不新增部位；未完成確認前不機械式賣出,今天收盤後；若跌破，再看下一交易日是否收復,已有部位暫停加碼；若收盤跌破60日EMA約 10.59，且下一交易日仍未收復，先減碼三分之一；若ETF或外資繼續轉弱，再分批降低部位。,未觸發明確減碼訊號,56.9,66.2,66.6,85,100,完整,11.1,,7.89,25.14,,91.08,,0.54,13.88,0.74,4.68,2,0,0,0,-243,2785,0,-86.084,-2609.8210000000004,3890.8870000000006,33147.887,0,0,-243,2785,0,0,0,281.749,445.97299999999996,9.89,-189,-2929,3588,,-86.084,-2891.57,3687.9139999999998,29858.914,60.77,66.76,72.92,54.43,false,false,1.71,-0.45,"單日成交金額低於5,000萬元"
374,2397,友通,TWSE,電腦及週邊設備業,不建立部位,保護持有,protect,今天不新增部位；未完成確認前不機械式賣出,今天收盤後；若跌破，再看下一交易日是否收復,已有部位暫停加碼；若收盤跌破60日EMA約 61.00，且下一交易日仍未收復，先減碼三分之一；若ETF或外資繼續轉弱，再分批降低部位。,未觸發明確減碼訊號,60.9,65.7,52.1,85,100,完整,62.1,,48.01,31.4,6.75,61.22,141.25,2.05,22.75,2.11,3.95,1,0,0,0,0,0,0,-12.829,173.183,163.09300000000002,-519.9069999999999,0,0,0,0,0,0,0,1,-44,14.71,-12,175,202,,-12.829,172.183,207.09300000000002,-477.9069999999999,54.15,62.72,50.13,87.89,false,false,1.35,5.25,"單日成交金額低於5,000萬元；20日趨勢尚未上彎"
375,3402,漢科,TPEX,其他電子業,不建立部位,保護持有,protect,今天不新增部位；未完成確認前不機械式賣出,今天收盤後；若跌破，再看下一交易日是否收復,已有部位暫停加碼；若收盤跌破60日EMA約 128.43，且下一交易日仍未收復，先減碼三分之一；若ETF或外資繼續轉弱，再分批降低部位。,未觸發明確減碼訊號,61.6,65.7,49.9,85,100,可用,129,,32.84,21.37,11.72,69.75,118.47,3.64,17.97,4.46,4.65,1,0,0,0,-1,-1,0,53.69,53.69,53.69,-1.3100000000000023,0,0,0,0,0,0,0,0.509,0.509,9.95,,,,,53.181,53.181,53.181,7.180999999999983,57.1,75.61,71.5,83.83,false,false,2.99,3.2,"單日成交金額低於5,000萬元；外資持股尚未完成5／10日可比核對或期間有非市場異動；此項不給分，不解讀為轉弱"
376,4766,南寶,TWSE,化學工業,不建立部位,保護持有,protect,今天不新增部位；未完成確認前不機械式賣出,今天收盤後；若跌破，再看下一交易日是否收復,已有部位暫停加碼；若收盤跌破60日EMA約 341.40，且下一交易日仍未收復，先減碼三分之一；若ETF或外資繼續轉弱，再分批降低部位。,ETF 5/10日同步減碼,59.4,65.6,59.1,85,100,完整,341.5,,14.17,11.43,16.69,49.05,191.73,13.82,14.57,2.91,5.27,5,0,0,-13,-13,-13,0,30.433,153.536,162.45499999999998,193.45499999999998,0,-13,-25,-26,0,1,-4439500,0.5409999999999999,-17.982000000000003,15.85,28,143,187,,30.449,165.995,205.43699999999998,254.43699999999998,51.02,68.73,57.58,91.02,false,false,0.16,1.49,"單日成交金額低於5,000萬元；ETF短中期同步減碼；20日趨勢尚未上彎"
377,8358,金居,TPEX,電子零組件業,不建立部位,優先降低風險,risk,依風險與流動性分批降低部位,風險解除且基本面與趨勢重新確認後,已有部位應優先降低曝險；目前觸發「處置或交易限制事件」。待事件解除或基本面重新確認後再評估。,處置或交易限制事件,64.6,65.6,60.8,85,96.3,可用,497,,59.71,46.82,24.99,24.79,184.41,4.22,74.07,13.49,0.4,12,0,0,37,5,-302,0,356.715,356.715,356.715,4084.715,-116,-116,-116,-433,0,1,-57652000,248.75,248.75,26.85,,,,,223.965,223.965,223.965,5395.965,53.03,32.85,34.91,28.75,false,false,1.71,-2.55,處置或交易限制風險；外資持股尚未完成5／10日可比核對或期間有非市場異動；此項不給分，不解讀為轉弱
378,1612,宏泰,TWSE,電器電纜,不建立部位,保護持有,protect,今天不新增部位；未完成確認前不機械式賣出,今天收盤後；若跌破，再看下一交易日是否收復,已有部位暫停加碼；若收盤跌破60日EMA約 34.43，且下一交易日仍未收復，先減碼三分之一；若ETF或外資繼續轉弱，再分批降低部位。,ETF 5/10日同步減碼,58.1,65.3,75.6,85,100,完整,34.95,,19.6,2.06,12.77,17.8,334.32,2.62,8.96,1.18,7.15,2,0,0,-4,-4,-45,0,49.981,353.126,580.1129999999999,1726.1129999999998,0,-4.559,-4.559,-42.559,0,1,-159337,0.5870000000000002,62.275000000000006,15.84,56,365,326,,50,357.098,522.397,1732.397,56.43,58.86,51.6,73.37,false,false,0.6,0.29,"單日成交金額低於5,000萬元；ETF短中期同步減碼"
379,8499,鼎炫-KY,TWSE,其他電子業,不建立部位,保護持有,protect,今天不新增部位；未完成確認前不機械式賣出,今天收盤後；若跌破，再看下一交易日是否收復,已有部位暫停加碼；若收盤跌破60日EMA約 264.60，且下一交易日仍未收復，先減碼三分之一；若ETF或外資繼續轉弱，再分批降低部位。,價格跌破60日EMA且20日趨勢向下,50.5,65.3,77.3,85,100,完整,253,,91.24,93.23,14.34,24.81,345.43,3.91,23.8,1.25,3.16,1,0,0,0,0,0,0,3,28.519,65.041,54.041,0,0,0,0,0,0,0,3.302,2.541,72.2,4,15,38,,3,25.217,62.5,53.5,44.24,25.89,20.55,36.58,false,false,-1.19,0.8,"單日成交金額低於5,000萬元；中期趨勢仍向下；20日趨勢尚未上彎；當下除權息調整價未守20日EMA"
380,2031,新光鋼,TWSE,鋼鐵工業,不建立部位,保護持有,protect,今天不新增部位；未完成確認前不機械式賣出,今天收盤後；若跌破，再看下一交易日是否收復,已有部位暫停加碼；若收盤跌破60日EMA約 43.20，且下一交易日仍未收復，先減碼三分之一；若ETF或外資繼續轉弱，再分批降低部位。,ETF 5/10日同步減碼,60.3,64.5,54.8,85,100,完整,45.35,,18.59,3.91,9.27,59.27,154.73,5.23,7.02,1.22,5.51,2,0,0,-4,-4,-38,0,65.913,1525.1879999999999,1163.8719999999996,922.8719999999996,0,-3.896,-3.896,-34.896,0,1,-176684,8.886,-49.666,10.59,79,1489,1155,,78.455,1520.1979999999999,1217.434,1009.434,57.22,73.34,57.7,104.61,false,false,1.7,4.37,"單日成交金額低於5,000萬元；ETF短中期同步減碼；20日趨勢尚未上彎；單季稅前獲利對營業外貢獻依賴偏高"
381,2108,南帝,TWSE,橡膠工業,不建立部位,保護持有,protect,今天不新增部位；未完成確認前不機械式賣出,今天收盤後；若跌破，再看下一交易日是否收復,已有部位暫停加碼；若收盤跌破60日EMA約 28.89，且下一交易日仍未收復，先減碼三分之一；若ETF或外資繼續轉弱，再分批降低部位。,價格跌破60日EMA且20日趨勢向下,52.1,64.5,76.5,85,100,完整,28.75,,41.83,26.69,16.6,12.36,812.87,1.28,16.15,0.96,3.48,1,0,0,0,0,0,0,47.062,293.962,-82.48699999999992,-64.48699999999997,0,0,0,0,0,0,0,56.508,-51.22999999999999,6.61,51,246,22,,47.061,237.454,-31.25700000000002,-75.25700000000006,47.33,58.75,46.82,82.61,false,false,-0.82,2.13,"單日成交金額低於5,000萬元；中期趨勢仍向下；20日趨勢尚未上彎；當下除權息調整價未守20日EMA"
382,2323,中環,TWSE,光電業,不建立部位,保護持有,protect,今天不新增部位；未完成確認前不機械式賣出,今天收盤後；若跌破，再看下一交易日是否收復,已有部位暫停加碼；若收盤跌破60日EMA約 10.75，且下一交易日仍未收復，先減碼三分之一；若ETF或外資繼續轉弱，再分批降低部位。,未觸發明確減碼訊號,60.1,64.4,69.2,85,100,完整,10.8,,20.09,14.78,4.73,36.4,276.3,0.99,3.56,0.59,1.85,1,0,0,0,0,0,0,-1005.687,2729.706,-862.9929999999997,-8095.992999999999,0,0,0,0,0,0,0,149.793,39.84100000000004,10.08,-961,2064,-3595,,-960.888,2579.913,-902.8340000000001,-7585.833999999999,52.55,66.91,53.56,93.6,false,false,0.71,2.37,"單日成交金額低於5,000萬元；20日趨勢尚未上彎；單季稅前獲利對營業外貢獻依賴偏高"
383,2838,聯邦銀,TWSE,金融保險業,不建立部位,保護持有,protect,今天不新增部位；未完成確認前不機械式賣出,今天收盤後；若跌破，再看下一交易日是否收復,已有部位暫停加碼；若收盤跌破60日EMA約 20.75，且下一交易日仍未收復，先減碼三分之一；若ETF或外資繼續轉弱，再分批降低部位。,未觸發明確減碼訊號,62.2,64.3,64.7,85,100,完整,21.2,,3.88,15.77,,91.54,,0.67,13.59,1.1,5,3,0,0,2,15,13,0,-379.26,646.211,2786.3199999999997,4694.32,8,17,21,17,3,0,360400,415.848,386.188,4.22,-82,480,2671,,-405.414,213.36299999999994,2379.132,4378.132,53.61,59.8,71.26,36.87,false,false,0.4,-1.62,"單日成交金額低於5,000萬元"
384,1904,正隆,TWSE,造紙工業,不建立部位,保護持有,protect,今天不新增部位；未完成確認前不機械式賣出,今天收盤後；若跌破，再看下一交易日是否收復,已有部位暫停加碼；若收盤跌破60日EMA約 23.68，且下一交易日仍未收復，先減碼三分之一；若ETF或外資繼續轉弱，再分批降低部位。,未觸發明確減碼訊號,61.1,64.2,48.4,85,100,完整,24.85,,23.12,9.49,6.98,58.93,121.21,1.45,11.45,0.9,1.81,1,0,0,0,0,0,0,60.009,1556.5430000000001,1686.814,2298.8140000000003,0,0,-297,-306,0,0,0,64.098,-37.917,12.22,56,1529,1957,,56.008,1492.4450000000002,2021.7310000000002,2903.731,53.31,45.54,44.09,48.43,true,true,0.56,1.84,"單日成交金額低於5,000萬元；20日趨勢尚未上彎"
385,2414,精技,TWSE,電子通路業,不建立部位,保護持有,protect,今天不新增部位；未完成確認前不機械式賣出,今天收盤後；若跌破，再看下一交易日是否收復,已有部位暫停加碼；若收盤跌破60日EMA約 53.80，且下一交易日仍未收復，先減碼三分之一；若ETF或外資繼續轉弱，再分批降低部位。,未觸發明確減碼訊號,55.9,64.2,50.4,85,100,完整,53.1,,79.52,47.82,2.85,76.08,120,2.53,12.92,2.72,5.65,1,0,0,0,0,-8,0,10.384,55.446000000000005,41.99400000000001,-55.006,0,0,0,-8,0,0,0,-2,20,4.31,4,51,28,,10.384,57.446000000000005,21.994000000000007,-67.006,50.14,68.05,62.67,78.81,false,false,0.47,1.92,"單日成交金額低於5,000萬元"
386,6245,立端,TPEX,通信網路業,不建立部位,保護持有,protect,今天不新增部位；未完成確認前不機械式賣出,今天收盤後；若跌破，再看下一交易日是否收復,已有部位暫停加碼；若收盤跌破60日EMA約 82.17，且下一交易日仍未收復，先減碼三分之一；若ETF或外資繼續轉弱，再分批降低部位。,未觸發明確減碼訊號,57.7,64.1,64.5,85,100,可用,84.6,,38.36,20.67,8.15,41.82,223.77,1.81,19.32,2.09,4.49,1,0,0,0,-1,-1,0,57.967,57.967,57.967,-784.033,0,0,0,0,0,0,0,-20.529,-20.529,13.06,,,,,78.496,78.496,78.496,-712.504,53.6,59.23,63.69,50.3,false,true,1.45,1.44,"單日成交金額低於5,000萬元；外資持股尚未完成5／10日可比核對或期間有非市場異動；此項不給分，不解讀為轉弱"
387,1419,新紡,TWSE,紡織纖維,不建立部位,保護持有,protect,今天不新增部位；未完成確認前不機械式賣出,今天收盤後；若跌破，再看下一交易日是否收復,已有部位暫停加碼；若收盤跌破60日EMA約 66.04，且下一交易日仍未收復，先減碼三分之一；若ETF或外資繼續轉弱，再分批降低部位。,未觸發明確減碼訊號,50.4,63.7,71.1,85,100,完整,65.7,,5.94,24.56,9.09,17.87,178.88,11.2,4.73,0.86,2.74,1,0,0,0,0,-140,0,5,38.977000000000004,-148.265,-197.265,0,0,-77,-217,0,0,0,17,14,1.36,-2,4,-102,,5,21.977,-85.265,12.735,46.47,37.02,38.72,33.63,false,false,-0.88,0.31,"單日成交金額低於5,000萬元；當下除權息調整價未守20日EMA；單季稅前獲利對營業外貢獻依賴偏高"
388,7780,大研生醫*,TWSE,食品工業,不建立部位,保護持有,protect,今天不新增部位；未完成確認前不機械式賣出,今天收盤後；若跌破，再看下一交易日是否收復,已有部位暫停加碼；若收盤跌破60日EMA約 16.96，且下一交易日仍未收復，先減碼三分之一；若ETF或外資繼續轉弱，再分批降低部位。,價格跌破60日EMA且20日趨勢向下,49.3,63.5,74.2,85,100,完整,16.2,,38.14,36.33,17.32,21.13,474.92,0.29,30.57,2.68,8.89,1,0,0,0,-60,645,0,266.963,704.318,30.820999999999856,-3.1790000000000873,0,0,-60,645,0,0,0,-2.732,-26.879,0.77,341,1050,512,,267,707.05,117.69999999999996,-595.3000000000002,40.5,37.05,32.48,46.19,false,false,-1.46,0.31,"單日成交金額低於5,000萬元；中期趨勢仍向下；20日趨勢尚未上彎；當下除權息調整價未守20日EMA"
389,8213,志超,TWSE,電子零組件業,不建立部位,保護持有,protect,今天不新增部位；未完成確認前不機械式賣出,今天收盤後；若跌破，再看下一交易日是否收復,已有部位暫停加碼；若收盤跌破60日EMA約 33.11，且下一交易日仍未收復，先減碼三分之一；若ETF或外資繼續轉弱，再分批降低部位。,未觸發明確減碼訊號,60.3,63.4,56.7,85,100,完整,33.15,,35.05,17.29,3.54,47.82,177.28,0.93,16.83,0.53,3.44,1,0,0,0,0,0,0,21.147,163.785,-19.348,282.652,0,0,0,0,0,0,0,15.175,-83.81800000000001,21.06,24,158,5,,21.187,148.61,64.47000000000001,363.47,54.73,71.76,60.97,93.34,false,false,1.07,2,"單日成交金額低於5,000萬元"
390,3526,凡甲,TPEX,電子零組件業,不建立部位,保護持有,protect,今天不新增部位；未完成確認前不機械式賣出,今天收盤後；若跌破，再看下一交易日是否收復,已有部位暫停加碼；若收盤跌破60日EMA約 289.38，且下一交易日仍未收復，先減碼三分之一；若ETF或外資繼續轉弱，再分批降低部位。,價格跌破60日EMA且20日趨勢向下,50,63.4,74.5,85,94.9,可用,269,,38.84,28.57,31.35,45.89,284.73,9.08,15.15,4.35,6.26,4,0,0,-1,2,-2,0,-71.009,-71.009,-71.009,-407.009,0.9,0.9,0.9,-4.1,1,0,242100,-0.762,-0.762,16.85,,,,,-71.147,-71.147,-71.147,-345.147,39.85,48.52,35.35,74.85,false,false,-1.88,1.13,"單日成交金額低於5,000萬元；中期趨勢仍向下；外資持股尚未完成5／10日可比核對或期間有非市場異動；此項不給分，不解讀為轉弱；20日趨勢尚未上彎；當下除權息調整價未守20日EMA"
391,3028,增你強,TWSE,電子通路業,不建立部位,保護持有,protect,今天不新增部位；未完成確認前不機械式賣出,今天收盤後；若跌破，再看下一交易日是否收復,已有部位暫停加碼；若收盤跌破60日EMA約 66.12，且下一交易日仍未收復，先減碼三分之一；若ETF或外資繼續轉弱，再分批降低部位。,價格跌破60日EMA且20日趨勢向下,52.1,63.4,55.4,85,93,可用,61.7,,87.95,95.6,4.64,81.04,119.22,5.24,8.59,2.02,4.86,2,0,0,0,18,21,0,38.2,-250.39499999999998,-339.144,-2750.1440000000002,5.2,5.2,21.688000000000002,23.688000000000002,1,0,320840,15,36.21900000000001,9.75,309,509,560,,34,-270.595,-397.05100000000004,-2747.051,41.09,43.33,35.13,59.75,false,false,-2,0.82,"單日成交金額低於5,000萬元；中期趨勢仍向下；20日趨勢尚未上彎；當下除權息調整價未守20日EMA"
392,2849,安泰銀,TWSE,金融保險業,不建立部位,保護持有,protect,今天不新增部位；未完成確認前不機械式賣出,今天收盤後；若跌破，再看下一交易日是否收復,已有部位暫停加碼；若收盤跌破60日EMA約 14.97，且下一交易日仍未收復，先減碼三分之一；若ETF或外資繼續轉弱，再分批降低部位。,KD高檔死亡交叉（僅屬時機警示）,57.7,63.2,61.3,85,100,完整,15.95,,18.9,19.5,,91.11,,0.54,16.44,0.86,3.2,1,0,0,0,0,0,0,4,492.476,369.476,503.476,0,0,0,0,0,0,0,132,149,59.05,-3,363,230,,-3,360.476,220.476,380.476,59.61,78.48,83.24,68.98,false,true,2.34,-0.31,"單日成交金額低於5,000萬元；KD高檔死亡交叉，等待動能確認"
393,6438,迅得,TWSE,其他電子業,不建立部位,保護持有,protect,今天不新增部位；未完成確認前不機械式賣出,今天收盤後；若跌破，再看下一交易日是否收復,已有部位暫停加碼；若收盤跌破60日EMA約 150.24，且下一交易日仍未收復，先減碼三分之一；若ETF或外資繼續轉弱，再分批降低部位。,未觸發明確減碼訊號,64.1,62.9,56.5,85,100,完整,153,,15.54,11.5,11.24,42.36,182.26,3.79,26.52,1.98,3.27,1,0,0,0,0,0,0,-21.644,314.16700000000003,71.66800000000003,1277.6680000000001,0,0,0,0,0,0,0,143.45299999999997,109.90899999999999,7.18,-3,189,-114,,-13.423,170.71399999999997,-38.24100000000003,1140.759,56.54,51.09,37.69,77.91,false,false,2.53,6.25,"單日成交金額低於5,000萬元"
394,6577,勁豐,TPEX,電腦及週邊設備業,不建立部位,保護持有,protect,今天不新增部位；未完成確認前不機械式賣出,今天收盤後；若跌破，再看下一交易日是否收復,已有部位暫停加碼；若收盤跌破60日EMA約 79.53，且下一交易日仍未收復，先減碼三分之一；若ETF或外資繼續轉弱，再分批降低部位。,未觸發明確減碼訊號,55.9,62.9,66.4,85,100,可用,79.8,,2.79,3.43,18.63,45.78,188.58,3.52,11.04,3.39,6.27,1,-3,7,9,12,15,0,-1.525,-1.525,-1.525,30.475,-2.525,-2.525,-2.525,-1.525,0,1,-201495,0,0,1.53,,,,,1,1,1,32,50.95,67.29,60.53,80.82,false,false,0.27,0.13,"單日成交金額低於5,000萬元；外資持股尚未完成5／10日可比核對或期間有非市場異動；此項不給分，不解讀為轉弱；20日趨勢尚未上彎"
395,2362,藍天,TWSE,電腦及週邊設備業,不建立部位,保護持有,protect,今天不新增部位；未完成確認前不機械式賣出,今天收盤後；若跌破，再看下一交易日是否收復,已有部位暫停加碼；若收盤跌破60日EMA約 46.38，且下一交易日仍未收復，先減碼三分之一；若ETF或外資繼續轉弱，再分批降低部位。,未觸發明確減碼訊號,57.9,62.8,56,85,100,完整,47.75,,12.1,13.15,5.93,57.37,114.49,4.05,7.85,0.59,4.19,2,0,0,0,0,0,0,-21.738,336.185,-74.20700000000001,-314.207,0,0,0,0,0,0,0,35.988,28.695999999999998,10.71,44,161,-227,,-21.738,300.197,-102.90299999999999,-342.903,51.52,61.78,52.11,81.12,false,false,0.27,1.6,"單日成交金額低於5,000萬元；20日趨勢尚未上彎；單季稅前獲利對營業外貢獻依賴偏高"
396,2420,新巨,TWSE,電子零組件業,不建立部位,保護持有,protect,今天不新增部位；未完成確認前不機械式賣出,今天收盤後；若跌破，再看下一交易日是否收復,已有部位暫停加碼；若收盤跌破60日EMA約 55.83，且下一交易日仍未收復，先減碼三分之一；若ETF或外資繼續轉弱，再分批降低部位。,價格跌破60日EMA且20日趨勢向下,48.3,62.8,77.6,85,100,完整,53.7,,33.83,7.17,32.49,35.51,227.62,2.3,12.01,2.11,5.59,1,0,0,0,0,0,0,56.998,98.822,98.087,455.087,0,0,0,0,0,0,0,11.013,-60.578,8.04,45,83,198,,57,87.809,158.665,511.66499999999996,42.16,44.6,37.06,59.69,true,false,-1,0.19,"單日成交金額低於5,000萬元；中期趨勢仍向下；20日趨勢尚未上彎；當下除權息調整價未守20日EMA"
397,2305,全友,TWSE,電腦及週邊設備業,不建立部位,優先降低風險,risk,依風險與流動性分批降低部位,風險解除且基本面與趨勢重新確認後,已有部位應優先降低曝險；目前觸發「KD高檔死亡交叉（僅屬時機警示）」。待事件解除或基本面重新確認後再評估。,價格強勢站上20／60日EMA；法人未同步轉弱,52.2,62.7,67.8,85,100,完整,63.6,,239.99,113.21,17.3,24.45,372.4,0.51,77.56,5.29,,1,0,0,0,0,-8,0,-359.206,5668.069,12476.763,8818.763,0,0,0,-8,0,0,0,85.09299999999999,269.14099999999996,7.87,-387,5416,12182,,-387.206,5582.976000000001,12207.622000000001,8183.622000000001,89.9,93.44,93.48,93.35,false,true,40.59,28.74,處置或交易限制風險；短線過熱或乖離過大；KD高檔死亡交叉，等待動能確認；高波動且5日漲幅過大
398,4532,瑞智,TWSE,電機機械,不建立部位,保護持有,protect,今天不新增部位；未完成確認前不機械式賣出,今天收盤後；若跌破，再看下一交易日是否收復,已有部位暫停加碼；若收盤跌破60日EMA約 24.31，且下一交易日仍未收復，先減碼三分之一；若ETF或外資繼續轉弱，再分批降低部位。,未觸發明確減碼訊號,66.7,62.7,48.6,85,100,完整,24.9,,21.41,4.72,5.71,63.36,131.61,1.01,13.17,1.14,6.02,2,-58,160,216,274,250,0,199.088,1104.485,659.976,390.9760000000001,-57.814,215.96200000000002,274.68100000000004,250.68100000000004,4,1,5377454,17.881999999999998,40.593999999999994,18.2,232,776,195,,256.902,870.6410000000001,344.701,93.70100000000002,60.81,68.41,58.26,88.69,false,false,2.78,5.51,"單日成交金額低於5,000萬元"
399,4536,拓凱,TWSE,運動休閒,不建立部位,保護持有,protect,今天不新增部位；未完成確認前不機械式賣出,今天收盤後；若跌破，再看下一交易日是否收復,已有部位暫停加碼；若收盤跌破60日EMA約 165.23，且下一交易日仍未收復，先減碼三分之一；若ETF或外資繼續轉弱，再分批降低部位。,未觸發明確減碼訊號,61.5,62.5,63.3,85,100,完整,165.5,,7.74,2.9,16.23,34.22,265.4,6.55,12.49,1.59,4.83,2,0,0,0,0,0,0,148.667,413.473,429.83500000000004,148.83500000000004,0,0,0,0,0,0,0,0.010000000000000009,-0.050000000000000044,15.13,159,443,444,,148.657,413.463,429.88500000000005,158.88500000000005,50.52,75.43,67.16,91.99,false,false,0.28,0.91,"單日成交金額低於5,000萬元；20日趨勢尚未上彎"
400,2480,敦陽科,TWSE,資訊服務業,不建立部位,保護持有,protect,今天不新增部位；未完成確認前不機械式賣出,今天收盤後；若跌破，再看下一交易日是否收復,已有部位暫停加碼；若收盤跌破60日EMA約 157.29，且下一交易日仍未收復，先減碼三分之一；若ETF或外資繼續轉弱，再分批降低部位。,未觸發明確減碼訊號,61.2,62.3,50.4,85,100,完整,161,,20.16,16.45,12.11,65.42,134.32,4.91,18.38,5.23,4.84,5,0,0,-1,8,25,0,-16.126,558.2629999999999,987.6049999999999,1244.605,0,-1.16,8.149000000000001,28.149,0,1,-186760,10.726,14.139,12.42,-16,541,936,,-16.761,548.697,965.317,1203.317,54.7,65.68,69.7,57.65,false,true,0.87,0.63,"單日成交金額低於5,000萬元；20日累積後5日轉為調節"
401,2832,台產,TWSE,金融保險業,不建立部位,保護持有,protect,今天不新增部位；未完成確認前不機械式賣出,今天收盤後；若跌破，再看下一交易日是否收復,已有部位暫停加碼；若收盤跌破60日EMA約 57.59，且下一交易日仍未收復，先減碼三分之一；若ETF或外資繼續轉弱，再分批降低部位。,未觸發明確減碼訊號,54.6,62.1,68.4,85,100,完整,57.8,,11.73,6.47,,53.86,,3.33,9.62,1.21,6.06,1,-23,62,86,109,119,0,-63.212,103.93599999999998,461.892,-178.108,-22.509,86.634,109.495,119.495,4,1,5007445,14.474,18.587000000000003,4.49,-37,7,338,,-41,2.828000000000003,333.81,-338.19,46.22,61.69,61.07,62.93,false,false,-0.79,-0.52,"單日成交金額低於5,000萬元；20日趨勢尚未上彎；當下除權息調整價未守20日EMA"
402,6679,鈺太,TPEX,半導體業,不建立部位,保護持有,protect,今天不新增部位；未完成確認前不機械式賣出,今天收盤後；若跌破，再看下一交易日是否收復,已有部位暫停加碼；若收盤跌破60日EMA約 216.92，且下一交易日仍未收復，先減碼三分之一；若ETF或外資繼續轉弱，再分批降低部位。,未觸發明確減碼訊號,53.7,62,78.6,85,100,可用,201.5,,0.32,6.47,24.37,6.41,1081.33,6.34,16.33,1.82,3.23,1,0,0,0,0,0,0,27.747,27.747,27.747,-726.2529999999999,0,0,0,0,0,0,0,31.442,31.442,9.55,,,,,-3.695,-3.695,-3.695,-747.6949999999999,48.37,62.33,45.73,95.52,false,false,0.43,2.03,"單日成交金額低於5,000萬元；外資持股尚未完成5／10日可比核對或期間有非市場異動；此項不給分，不解讀為轉弱"
403,3679,新至陞,TWSE,電子零組件業,不建立部位,保護持有,protect,今天不新增部位；未完成確認前不機械式賣出,今天收盤後；若跌破，再看下一交易日是否收復,已有部位暫停加碼；若收盤跌破60日EMA約 109.82，且下一交易日仍未收復，先減碼三分之一；若ETF或外資繼續轉弱，再分批降低部位。,價格跌破60日EMA且20日趨勢向下,54.8,61.6,69.3,85,100,完整,108.5,,28.18,-2.82,17.76,48.94,241.4,4.18,9.18,1.41,8.29,1,-5,14,19,24,28,0,-5.882,47.789,48.746,78.74600000000001,-4.882,18.789,23.746000000000002,26.746000000000002,4,1,2038607,5,4,8.62,-1,9,-16,,-1,24,21,47,50.55,58.18,62.12,50.32,false,true,0.25,0.93,"單日成交金額低於5,000萬元；中期趨勢仍向下；20日趨勢尚未上彎"
404,1307,三芳,TWSE,塑膠工業,不建立部位,降低部位,trim,停止加碼；反彈未站回恢復區時分批減碼,每個交易日收盤後，確認是否站回恢復區,已有部位先停止加碼。反彈若仍未站回 31.34，分批降低部位；只有站回且ETF／外資賣壓收斂後才重新評估。,價格跌破60日EMA且20日趨勢向下；ETF 5/10日同步減碼,47.8,61.2,66.1,85,100,完整,30.65,,10.83,6.38,12.33,46.72,186.74,1.46,9.15,1.22,7.18,1,0,0,-5,-5,-49,0,-2.999,-19.366000000000014,-547.9209999999999,-309.92099999999994,0,-4.998,-4.998,-44.998000000000005,0,1,-153189,-41.646,-58.21000000000001,7.01,99,170,-443,,31.021,27.278000000000006,-484.71299999999997,-130.71299999999997,48.24,61.66,53.46,78.08,false,false,0.02,0.99,"單日成交金額低於5,000萬元；中期趨勢仍向下；ETF短中期同步減碼；20日趨勢尚未上彎"
405,9942,茂順,TWSE,其他,不建立部位,保護持有,protect,今天不新增部位；未完成確認前不機械式賣出,今天收盤後；若跌破，再看下一交易日是否收復,已有部位暫停加碼；若收盤跌破60日EMA約 115.86，且下一交易日仍未收復，先減碼三分之一；若ETF或外資繼續轉弱，再分批降低部位。,外資持股5/10日下降且外資5日賣超,49.6,60.9,70.1,85,100,完整,114,,13.63,14.53,24.72,35.21,198.05,4.76,12.49,2.27,6.14,1,0,0,0,0,0,0,-2,-14.781999999999998,-60.122,-144.122,0,0,0,0,0,0,0,2,9,4.6,-2,-19,-78,,-2,-16.781999999999996,-69.122,-109.12200000000001,44.14,62.74,58.17,71.87,false,false,-0.38,0,"單日成交金額低於5,000萬元；外資持股5/10日下降，且外資5日賣超；當下除權息調整價未守20日EMA"
406,6756,威鋒電子,TWSE,半導體業,不建立部位,保護持有,protect,今天不新增部位；未完成確認前不機械式賣出,今天收盤後；若跌破，再看下一交易日是否收復,已有部位暫停加碼；若收盤跌破60日EMA約 97.28，且下一交易日仍未收復，先減碼三分之一；若ETF或外資繼續轉弱，再分批降低部位。,未觸發明確減碼訊號,59,60.8,53.6,85,100,完整,98.5,,96.94,29.55,-3.54,27.19,182.34,1.24,55.34,2.27,0.91,1,0,0,0,0,0,0,23,116.499,97.64500000000001,361.645,0,0,0,0,0,0,0,3.019,-2.9179999999999997,4.17,22,116,90,,23,113.48,100.56299999999999,362.563,51.71,54.13,40.1,82.18,false,false,0.76,3.03,"單日成交金額低於5,000萬元；20日趨勢尚未上彎；單季稅前獲利對營業外貢獻依賴偏高"
407,3577,泓格,TPEX,電腦及週邊設備業,不建立部位,保護持有,protect,今天不新增部位；未完成確認前不機械式賣出,今天收盤後；若跌破，再看下一交易日是否收復,已有部位暫停加碼；若收盤跌破60日EMA約 118.78，且下一交易日仍未收復，先減碼三分之一；若ETF或外資繼續轉弱，再分批降低部位。,未觸發明確減碼訊號,49.7,60.6,70,85,100,可用,114,,34.05,39.27,30.26,27.72,225.16,3.28,26.21,4.95,1.75,1,0,0,0,0,0,0,-19.296,-19.296,-19.296,-357.296,0,0,0,0,0,0,0,-1,-1,3.76,,,,,-18.296,-18.296,-18.296,-440.296,46.58,65.06,68.52,58.14,false,true,-0.99,0.88,"單日成交金額低於5,000萬元；外資持股尚未完成5／10日可比核對或期間有非市場異動；此項不給分，不解讀為轉弱；當下除權息調整價未守20日EMA"
408,2731,雄獅,TWSE,觀光餐旅,不建立部位,保護持有,protect,今天不新增部位；未完成確認前不機械式賣出,今天收盤後；若跌破，再看下一交易日是否收復,已有部位暫停加碼；若收盤跌破60日EMA約 145.92，且下一交易日仍未收復，先減碼三分之一；若ETF或外資繼續轉弱，再分批降低部位。,價格跌破60日EMA且20日趨勢向下,56.4,60.5,52.1,85,100,完整,144.5,,6.99,9.93,4.43,65.83,134.89,7.27,8.89,3.02,8.86,2,0,0,0,1,4,0,47.944,199.477,128.70600000000005,-170.29399999999995,0,0,1.475000000000001,1.475000000000001,0,0,0,8.446,9.198,8.35,-9,155,52,,47.944,191.031,118.03300000000002,-181.96699999999998,54.22,76.96,61.73,107.41,false,false,0.9,2.48,"單日成交金額低於5,000萬元；中期趨勢仍向下；20日趨勢尚未上彎"
409,5236,凌陽創新,TWSE,半導體業,不建立部位,保護持有,protect,今天不新增部位；未完成確認前不機械式賣出,今天收盤後；若跌破，再看下一交易日是否收復,已有部位暫停加碼；若收盤跌破60日EMA約 141.85，且下一交易日仍未收復，先減碼三分之一；若ETF或外資繼續轉弱，再分批降低部位。,價格跌破60日EMA且20日趨勢向下,51,60.5,70.6,85,100,完整,136.5,,13.22,14.58,33.2,30.49,329.86,5.86,13.29,3.31,6.59,1,0,0,0,0,0,0,-12,6.128000000000001,-11.556000000000001,36.444,0,0,0,0,0,0,0,6,2.729000000000001,6.08,2,10,14,,-12,0.1280000000000019,-14.284999999999998,37.715,50.73,68.64,50.49,104.93,false,false,1.05,4.2,"單日成交金額低於5,000萬元；中期趨勢仍向下；20日趨勢尚未上彎"
410,1736,喬山,TWSE,運動休閒,不建立部位,降低部位,trim,停止加碼；反彈未站回恢復區時分批減碼,每個交易日收盤後，確認是否站回恢復區,已有部位先停止加碼。反彈若仍未站回 127.34，分批降低部位；只有站回且ETF／外資賣壓收斂後才重新評估。,價格跌破60日EMA且20日趨勢向下；投信5/10日持續且具金額意義地賣超,52.7,60.3,50.6,85,100,完整,126,,22.66,14.11,7.5,70.85,125.91,3.27,11.39,2.79,3.57,1,0,0,0,0,-518,0,118.669,240.024,261.587,-201.413,0,-212,-409,-1017,0,3,-26712000,19.505000000000003,-1.8469999999999982,5.9,78,516,780,,118.455,432.519,672.4340000000001,838.4340000000001,48.6,29.79,28.56,32.23,true,false,-0.26,0.4,"單日成交金額低於5,000萬元；中期趨勢仍向下；投信5/10日持續且具金額意義的賣超；20日趨勢尚未上彎；當下除權息調整價未守20日EMA"
411,4123,晟德,TPEX,生技醫療業,不建立部位,保護持有,protect,今天不新增部位；未完成確認前不機械式賣出,今天收盤後；若跌破，再看下一交易日是否收復,已有部位暫停加碼；若收盤跌破60日EMA約 33.13，且下一交易日仍未收復，先減碼三分之一；若ETF或外資繼續轉弱，再分批降低部位。,價格跌破60日EMA且20日趨勢向下,53.6,60.3,59.2,85,100,可用,31.5,,61.53,22.2,51.98,28.42,184.68,-11.24,23.68,1.38,7.13,1,0,0,0,0,-618,0,335.113,335.113,335.113,-6105.887,0,0,0,-618,0,0,0,-176.765,-176.765,9.33,,,,,511.878,511.878,511.878,-5688.122,49.34,89.3,79.43,109.05,false,false,1.04,2.44,"單日成交金額低於5,000萬元；中期趨勢仍向下；外資持股尚未完成5／10日可比核對或期間有非市場異動；此項不給分，不解讀為轉弱；20日趨勢尚未上彎"
412,6277,宏正,TWSE,電腦及週邊設備業,不建立部位,保護持有,protect,今天不新增部位；未完成確認前不機械式賣出,今天收盤後；若跌破，再看下一交易日是否收復,已有部位暫停加碼；若收盤跌破60日EMA約 77.52，且下一交易日仍未收復，先減碼三分之一；若ETF或外資繼續轉弱，再分批降低部位。,未觸發明確減碼訊號,51.4,60.3,68.9,85,100,完整,77.7,,17.1,15.48,15.5,33.78,205.16,2.5,18.77,1.93,4.5,2,0,0,0,0,0,0,-2,84.062,51.02799999999999,-133.972,0,0,0,0,0,0,0,9,-49.492999999999995,12.54,1,-23,48,,-2,75.062,100.521,-73.479,46.92,57.86,49.92,73.75,false,false,-0.88,2.24,"單日成交金額低於5,000萬元；20日趨勢尚未上彎；當下除權息調整價未守20日EMA"
413,5306,桂盟,TWSE,運動休閒,不建立部位,保護持有,protect,今天不新增部位；未完成確認前不機械式賣出,今天收盤後；若跌破，再看下一交易日是否收復,已有部位暫停加碼；若收盤跌破60日EMA約 91.01，且下一交易日仍未收復，先減碼三分之一；若ETF或外資繼續轉弱，再分批降低部位。,價格跌破60日EMA且20日趨勢向下,46.7,60.1,65.6,85,100,完整,88.8,,12.06,11.01,22.73,34.61,153.49,3.94,12.58,1.18,4.22,1,0,0,0,-9,113,0,7.983,-17.539,-210.494,-282.494,0,0,-9,113,0,0,0,12,0,12.95,8,62,-107,,7.983,-29.539000000000005,-201.494,-393.494,39.46,38.24,33.14,48.43,true,false,-2.36,-1,"單日成交金額低於5,000萬元；中期趨勢仍向下；20日趨勢尚未上彎；當下除權息調整價未守20日EMA"
414,2211,長榮鋼,TWSE,鋼鐵工業,不建立部位,降低部位,trim,停止加碼；反彈未站回恢復區時分批減碼,每個交易日收盤後，確認是否站回恢復區,已有部位先停止加碼。反彈若仍未站回 85.74，分批降低部位；只有站回且ETF／外資賣壓收斂後才重新評估。,價格跌破60日EMA且20日趨勢向下；ETF 5/10日同步減碼；外資持股5/10日下降且外資5日賣超,43.3,60,76,85,100,完整,80.4,,11.85,7.22,20.01,25.6,197.65,3.26,10.89,1.21,8.08,4,0,0,-2,-2,34,0,-142.162,-1116.96,-1423.7199999999998,-1323.7199999999998,0,-1.612,-64.612,-28.611999999999995,0,1,-129605,25.292,21.925,3.56,-65,-884,-1142,,-142,-1140.64,-1381.0330000000001,-1221.0330000000001,36.16,12.99,15.65,7.68,false,false,-1.84,0.37,"單日成交金額低於5,000萬元；中期趨勢仍向下；ETF短中期同步減碼；20日累積後5日轉為調節；外資持股5/10日下降，且外資5日賣超；20日趨勢尚未上彎；當下除權息調整價未守20日EMA"
415,8936,國統,TPEX,其他,不建立部位,保護持有,protect,今天不新增部位；未完成確認前不機械式賣出,今天收盤後；若跌破，再看下一交易日是否收復,已有部位暫停加碼；若收盤跌破60日EMA約 52.09，且下一交易日仍未收復，先減碼三分之一；若ETF或外資繼續轉弱，再分批降低部位。,ETF 5/10日同步減碼,52.7,59.7,61.3,85,100,可用,52,,12.34,17.13,19.11,43.73,183.13,1.87,11.98,2.04,5.77,1,0,0,-3,-3,-32,0,192,192,192,983,0,0,0,-27,0,0,0,20,20,11.39,,,,,172,172,172,471,55.83,73.18,73.86,71.81,false,true,1.04,0.58,"單日成交金額低於5,000萬元；ETF短中期同步減碼；外資持股尚未完成5／10日可比核對或期間有非市場異動；此項不給分，不解讀為轉弱"
416,3218,大學光,TPEX,生技醫療業,不建立部位,降低部位,trim,停止加碼；反彈未站回恢復區時分批減碼,每個交易日收盤後，確認是否站回恢復區,已有部位先停止加碼。反彈若仍未站回 136.39，分批降低部位；只有站回且ETF／外資賣壓收斂後才重新評估。,價格跌破60日EMA且20日趨勢向下；ETF 5/10日同步減碼,43.5,59.5,67.3,85,100,可用,133.5,,9.38,5.96,30.76,39,136.31,5.99,9.88,2.92,5.81,1,0,0,-1,-1,-11,0,-58.78,-58.78,-58.78,223.22000000000003,0,0,0,-8,0,0,0,0.22,0.22,7.89,,,,,-59,-59,-59,233,41.17,24.19,21.77,29.03,false,false,-1.46,0,"單日成交金額低於5,000萬元；中期趨勢仍向下；ETF短中期同步減碼；外資持股尚未完成5／10日可比核對或期間有非市場異動；此項不給分，不解讀為轉弱；20日趨勢尚未上彎；當下除權息調整價未守20日EMA"
417,5314,世紀*,TPEX,其他,不建立部位,優先降低風險,risk,依風險與流動性分批降低部位,風險解除且基本面與趨勢重新確認後,已有部位應優先降低曝險；目前觸發「ETF 5/10日同步減碼」。待事件解除或基本面重新確認後再評估。,ETF 5/10日同步減碼；處置或交易限制事件,35.8,59.5,65.1,85,100,可用,26,,102.52,151.4,12.5,49.57,97.87,0.66,5.62,4.2,121.61,1,0,0,-14,-17,-32,0,-775.155,-775.155,-775.155,11421.845000000001,0,0,0,-15,0,0,0,-145.254,-145.254,4.56,,,,,-629.901,-629.901,-629.901,13410.099,43.46,8.81,17.79,-9.17,false,false,-16.49,-15.58,處置或交易限制風險；ETF短中期同步減碼；外資持股尚未完成5／10日可比核對或期間有非市場異動；此項不給分，不解讀為轉弱；20日趨勢尚未上彎；當下除權息調整價未守20日EMA
418,5469,瀚宇博,TWSE,電子零組件業,不建立部位,保護持有,protect,今天不新增部位；未完成確認前不機械式賣出,今天收盤後；若跌破，再看下一交易日是否收復,已有部位暫停加碼；若收盤跌破60日EMA約 74.50，且下一交易日仍未收復，先減碼三分之一；若ETF或外資繼續轉弱，再分批降低部位。,外資持股5/10日下降且外資5日賣超,51.9,59.4,59.2,85,100,完整,72.6,,26.41,24.72,7.35,43.83,130.96,2.05,13.44,0.57,3.47,4,0,0,0,858,919,0,-82.84,-1825.031,-944.863,-839.863,0,0,729,786,0,0,0,28.038999999999998,52.994000000000014,7.83,-131,-1557,-1425,,-80.84,-1853.07,-1726.857,-1638.857,49.16,39.75,41.34,36.57,false,true,-0.15,-2.81,"單日成交金額低於5,000萬元；外資持股5/10日下降，且外資5日賣超；當下除權息調整價未守20日EMA"
419,5209,新鼎,TPEX,其他,不建立部位,保護持有,protect,今天不新增部位；未完成確認前不機械式賣出,今天收盤後；若跌破，再看下一交易日是否收復,已有部位暫停加碼；若收盤跌破60日EMA約 163.27，且下一交易日仍未收復，先減碼三分之一；若ETF或外資繼續轉弱，再分批降低部位。,未觸發明確減碼訊號,57.7,59.1,51.6,85,100,可用,167.5,,92.18,-11.97,14.77,78.82,121.04,8.72,9.2,4.62,7.73,1,-2,7,9,12,13,0,0.668,0.668,0.668,-162.332,-2.445,-2.445,-2.445,-1.4449999999999998,0,1,-409537,-2.887,-2.887,3.52,,,,,6,6,6,-29,54.54,37.95,52.5,8.84,false,true,0.64,-3.18,"單日成交金額低於5,000萬元；外資持股尚未完成5／10日可比核對或期間有非市場異動；此項不給分，不解讀為轉弱"
420,6788,華景電,TPEX,半導體業,不建立部位,降低部位,trim,停止加碼；反彈未站回恢復區時分批減碼,每個交易日收盤後，確認是否站回恢復區,已有部位先停止加碼。反彈若仍未站回 359.06，分批降低部位；只有站回且ETF／外資賣壓收斂後才重新評估。,價格跌破60日EMA且20日趨勢向下；ETF 5/10日同步減碼,47.3,59.1,71.6,85,100,可用,336,,20.38,18.49,34.89,32.23,315.71,9.79,17.4,4.93,4.46,2,0,-1,-1,-1,-1,0,2.966,2.966,2.966,-138.034,0,0,0,0,0,0,0,0.966,0.966,13.28,,,,,2,2,2,-136,44.87,51.56,37.38,79.93,false,false,-1.58,2.91,"單日成交金額低於5,000萬元；中期趨勢仍向下；ETF短中期同步減碼；外資持股尚未完成5／10日可比核對或期間有非市場異動；此項不給分，不解讀為轉弱；20日趨勢尚未上彎；當下除權息調整價未守20日EMA"
421,1723,中碳,TWSE,化學工業,不建立部位,降低部位,trim,停止加碼；反彈未站回恢復區時分批減碼,每個交易日收盤後，確認是否站回恢復區,已有部位先停止加碼。反彈若仍未站回 83.89，分批降低部位；只有站回且ETF／外資賣壓收斂後才重新評估。,價格跌破60日EMA且20日趨勢向下；外資持股5/10日下降且外資5日賣超,52.8,58.9,58.4,85,100,完整,80.7,,46.94,15.22,14.62,32.06,176.63,2.07,25.95,2.34,2.29,1,0,0,3,50,142,0,-69.39,-430.61699999999996,-1851.4769999999999,-3317.477,0,3,50,142,1,0,242100,24.516,-91.896,8.97,3,-27,-810,,-73,-458.133,-1809.5810000000001,-3329.581,36.39,18.94,14.57,27.68,true,false,-2.39,0.75,"單日成交金額低於5,000萬元；中期趨勢仍向下；外資持股5/10日下降，且外資5日賣超；20日趨勢尚未上彎；當下除權息調整價未守20日EMA"
422,2477,美隆電,TWSE,其他電子業,不建立部位,保護持有,protect,今天不新增部位；未完成確認前不機械式賣出,今天收盤後；若跌破，再看下一交易日是否收復,已有部位暫停加碼；若收盤跌破60日EMA約 21.77，且下一交易日仍未收復，先減碼三分之一；若ETF或外資繼續轉弱，再分批降低部位。,未觸發明確減碼訊號,60.6,58.9,52.9,85,100,完整,22.9,,27.95,3.73,0.92,49.41,199.41,0.17,26.02,0.89,6.11,1,-18,48,67,85,95,0,-5.384,435.3960000000001,468.15400000000005,-89.84599999999995,-17.484,67.296,85.05400000000002,89.05400000000002,4,1,1541078,15,14,23.57,-55,283,272,,12.1,353.1,369.1,-188.89999999999998,66.98,74.9,71.09,82.53,false,false,3.82,5.05,"單日成交金額低於5,000萬元；單季稅前獲利對營業外貢獻依賴偏高"
423,3003,健和興,TWSE,電子零組件業,不建立部位,保護持有,protect,今天不新增部位；未完成確認前不機械式賣出,今天收盤後；若跌破，再看下一交易日是否收復,已有部位暫停加碼；若收盤跌破60日EMA約 61.86，且下一交易日仍未收復，先減碼三分之一；若ETF或外資繼續轉弱，再分批降低部位。,價格跌破60日EMA且20日趨勢向下,48.6,58.9,70.7,85,100,完整,58.6,,59.31,42.13,10.05,23.56,446.65,1.46,23.63,1.38,1.71,1,0,0,0,0,0,0,199.352,222.24599999999995,-78.08100000000007,-1528.0810000000001,0,0,0,0,0,0,0,-39.245000000000005,-56.266000000000005,4.42,202,303,-10,,205.77,261.491,-21.814999999999998,-1443.815,41.77,59.67,46.07,86.88,false,false,-2.99,1.21,"單日成交金額低於5,000萬元；中期趨勢仍向下；20日趨勢尚未上彎；當下除權息調整價未守20日EMA"
424,6579,研揚,TWSE,電腦及週邊設備業,不建立部位,保護持有,protect,今天不新增部位；未完成確認前不機械式賣出,今天收盤後；若跌破，再看下一交易日是否收復,已有部位暫停加碼；若收盤跌破60日EMA約 152.85，且下一交易日仍未收復，先減碼三分之一；若ETF或外資繼續轉弱，再分批降低部位。,未觸發明確減碼訊號,51.3,58.8,68,85,100,完整,150,,26.58,28.37,10.2,26.1,221.03,6.15,20.49,2.5,2.5,1,0,0,0,0,0,0,-8.788,228.93699999999998,277.79699999999997,-218.20300000000003,0,0,-52,-54,0,0,0,8.29,1.6619999999999981,3.4,-15,194,277,,-7,220.647,328.135,-331.865,47.78,68.61,69.82,66.19,false,true,-0.43,0.67,"單日成交金額低於5,000萬元；當下除權息調整價未守20日EMA"
425,6146,耕興,TPEX,其他電子業,不建立部位,保護持有,protect,今天不新增部位；未完成確認前不機械式賣出,今天收盤後；若跌破，再看下一交易日是否收復,已有部位暫停加碼；若收盤跌破60日EMA約 189.37，且下一交易日仍未收復，先減碼三分之一；若ETF或外資繼續轉弱，再分批降低部位。,價格跌破60日EMA且20日趨勢向下,51,58.7,72.6,85,100,可用,181,,10.46,9.51,30.97,34.5,233.06,6.04,15.86,3.45,6.63,3,0,0,0,0,-1,0,47.286,47.286,47.286,-912.7139999999999,0,0,0,-1,0,0,0,0.598,0.598,30.72,,,,,46.688,46.688,46.688,-900.312,42.95,60.11,39.76,100.81,false,false,-0.77,3.13,"單日成交金額低於5,000萬元；中期趨勢仍向下；外資持股尚未完成5／10日可比核對或期間有非市場異動；此項不給分，不解讀為轉弱；20日趨勢尚未上彎；當下除權息調整價未守20日EMA"
426,3213,茂訊,TPEX,電腦及週邊設備業,不建立部位,保護持有,protect,今天不新增部位；未完成確認前不機械式賣出,今天收盤後；若跌破，再看下一交易日是否收復,已有部位暫停加碼；若收盤跌破60日EMA約 126.06，且下一交易日仍未收復，先減碼三分之一；若ETF或外資繼續轉弱，再分批降低部位。,價格跌破60日EMA且20日趨勢向下,43.8,58.4,77.9,85,100,可用,124,,6.49,17.96,25.64,30.04,300.49,5.62,12.93,1.86,5.65,1,0,0,0,-1,-1,0,-22.212,-22.212,-22.212,-1291.212,0,0,0,0,0,0,0,-0.056,-0.056,14,,,,,-22.156,-22.156,-22.156,-1251.156,45.73,60.99,49.72,83.53,false,false,-0.93,1.22,"單日成交金額低於5,000萬元；中期趨勢仍向下；外資持股尚未完成5／10日可比核對或期間有非市場異動；此項不給分，不解讀為轉弱；20日趨勢尚未上彎；當下除權息調整價未守20日EMA"
427,6192,巨路,TWSE,其他電子業,不建立部位,保護持有,protect,今天不新增部位；未完成確認前不機械式賣出,今天收盤後；若跌破，再看下一交易日是否收復,已有部位暫停加碼；若收盤跌破60日EMA約 115.40，且下一交易日仍未收復，先減碼三分之一；若ETF或外資繼續轉弱，再分批降低部位。,價格跌破60日EMA且20日趨勢向下,45.7,58.4,72.6,85,100,完整,111,,12.99,12.56,17.09,39.96,228.04,5.3,10.74,1.42,5.23,1,0,0,0,0,0,0,1,9.030000000000001,-163.652,-434.652,0,0,0,0,0,0,0,2,2.548,23.62,5,7,-165,,1,7.030000000000001,-166.2,-436.2,40.56,43.99,32.35,67.28,false,false,-1.45,1.37,"單日成交金額低於5,000萬元；中期趨勢仍向下；20日趨勢尚未上彎；當下除權息調整價未守20日EMA"
428,2539,櫻花建,TWSE,建材營造,不建立部位,保護持有,protect,今天不新增部位；未完成確認前不機械式賣出,今天收盤後；若跌破，再看下一交易日是否收復,已有部位暫停加碼；若收盤跌破60日EMA約 34.44，且下一交易日仍未收復，先減碼三分之一；若ETF或外資繼續轉弱，再分批降低部位。,未觸發明確減碼訊號,53.1,58.3,69.8,85,100,可用,34.9,,-8.69,17.78,40.6,38.54,310.41,2.36,8.29,2.08,8.02,3,0,0,0,-121,-110,0,1.825,446.012,-415.92600000000004,626.0740000000001,0,0,-121,-110,0,0,0,108,70.556,2.43,77,822,6250,,-16.92,338.012,-365.48199999999997,712.518,50.28,50.82,46.69,59.07,false,false,-0.15,2.8,"單日成交金額低於5,000萬元；外資持股尚未完成5／10日可比核對或期間有非市場異動；此項不給分，不解讀為轉弱；20日趨勢尚未上彎；當下除權息調整價未守20日EMA"
429,3550,聯穎,TWSE,電子零組件業,不建立部位,保護持有,protect,今天不新增部位；未完成確認前不機械式賣出,今天收盤後；若跌破，再看下一交易日是否收復,已有部位暫停加碼；若收盤跌破60日EMA約 23.54，且下一交易日仍未收復，先減碼三分之一；若ETF或外資繼續轉弱，再分批降低部位。,未觸發明確減碼訊號,62.8,58.3,40.1,85,100,完整,23.8,,33.66,29.52,3.34,59.83,178.9,0.67,198.33,1.46,,1,0,0,0,0,-8,0,198.904,1534.585,1684.452,1858.452,0,0,0,-8,0,0,0,0.7880000000000003,-15.336,8.74,199,1533,1691,,198.904,1533.797,1699.7880000000002,1883.7880000000002,54.6,68.29,55.05,94.76,false,false,2.83,6.25,"單日成交金額低於5,000萬元"
430,1720,生達,TWSE,生技醫療業,不建立部位,降低部位,trim,停止加碼；反彈未站回恢復區時分批減碼,每個交易日收盤後，確認是否站回恢復區,已有部位先停止加碼。反彈若仍未站回 56.54，分批降低部位；只有站回且ETF／外資賣壓收斂後才重新評估。,價格跌破60日EMA且20日趨勢向下；外資持股5/10日下降且外資5日賣超,46.5,58.2,72,85,100,完整,56.1,,7.78,2.98,21.32,24.3,218.16,2.49,9.76,1.62,5.35,1,0,0,0,0,0,0,37.124,-52.206,-246.93600000000004,-678.936,0,0,0,0,0,0,0,16.235,39.115,4.88,37,-33,-238,,37.124,-68.441,-286.051,-704.0509999999999,46.7,46.65,41.34,57.29,false,false,-0.14,0.36,"單日成交金額低於5,000萬元；中期趨勢仍向下；外資持股5/10日下降，且外資5日賣超；20日趨勢尚未上彎；當下除權息調整價未守20日EMA"
431,2727,王品,TWSE,觀光餐旅,不建立部位,降低部位,trim,停止加碼；反彈未站回恢復區時分批減碼,每個交易日收盤後，確認是否站回恢復區,已有部位先停止加碼。反彈若仍未站回 231.80，分批降低部位；只有站回且ETF／外資賣壓收斂後才重新評估。,價格跌破60日EMA且20日趨勢向下；ETF 5/10日同步減碼；外資持股5/10日下降且外資5日賣超,47.4,58.2,49.2,85,100,完整,230,,11.31,12.33,8.04,74.84,104.61,9.86,12.78,4.48,7.01,2,-43,-75,-75,-75,-278,-75,4.225,-206.91,-459.18,-711.1800000000001,-43,-75,-73,-277,0,2,-17250000,-72.34,-131.392,32.72,46,-57,-251,,67.225,-59.57000000000001,-254.788,-185.788,49.29,48.53,27.61,90.36,true,false,0.14,1.32,"單日成交金額低於5,000萬元；中期趨勢仍向下；ETF短中期同步減碼；ETF 1/3日已轉為減碼；主動ETF 5日轉為減碼；外資持股5/10日下降，且外資5日賣超；20日趨勢尚未上彎"
432,6585,鼎基,TWSE,其他,不建立部位,降低部位,trim,停止加碼；反彈未站回恢復區時分批減碼,每個交易日收盤後，確認是否站回恢復區,已有部位先停止加碼。反彈若仍未站回 112.24，分批降低部位；只有站回且ETF／外資賣壓收斂後才重新評估。,價格跌破60日EMA且20日趨勢向下；外資持股5/10日下降且外資5日賣超,48.1,58.2,67.6,85,100,完整,106,,12.09,17.34,25.03,26.52,175.41,4.81,13.66,1.95,4.25,1,0,0,0,0,-2,0,-0.069,-18.823000000000004,-98.271,-346.271,0,0,0,-2,0,0,0,1.9900000000000002,-18.093,3.02,0,-37,-111,,-0.069,-20.813000000000006,-80.178,-328.178,41.25,65.66,47.7,101.58,false,false,-1.79,2.91,"單日成交金額低於5,000萬元；中期趨勢仍向下；外資持股5/10日下降，且外資5日賣超；20日趨勢尚未上彎；當下除權息調整價未守20日EMA"
433,1232,大統益,TWSE,食品工業,不建立部位,保護持有,protect,今天不新增部位；未完成確認前不機械式賣出,今天收盤後；若跌破，再看下一交易日是否收復,已有部位暫停加碼；若收盤跌破60日EMA約 154.02，且下一交易日仍未收復，先減碼三分之一；若ETF或外資繼續轉弱，再分批降低部位。,未觸發明確減碼訊號,54.8,58.1,50.4,85,100,完整,154.5,,34.56,16.57,8.36,46.42,205.52,4.71,17.11,4.48,4.66,1,0,0,0,0,0,0,-0.988,87.235,-85.363,98.637,0,0,-28,-28,0,0,0,11,11,2.87,1,82,-101,,-0.988,76.235,-68.363,114.637,46.59,34.34,32.74,37.54,true,true,-0.5,0.32,"單日成交金額低於5,000萬元；20日趨勢尚未上彎；當下除權息調整價未守20日EMA"
434,1615,大山,TWSE,電器電纜,不建立部位,保護持有,protect,今天不新增部位；未完成確認前不機械式賣出,今天收盤後；若跌破，再看下一交易日是否收復,已有部位暫停加碼；若收盤跌破60日EMA約 43.78，且下一交易日仍未收復，先減碼三分之一；若ETF或外資繼續轉弱，再分批降低部位。,價格跌破60日EMA且20日趨勢向下,44.4,58.1,74.2,85,100,完整,42.95,,20.26,5.24,18.84,29.01,226.5,2.53,8.31,1.8,6.05,1,0,0,0,0,0,0,2,63.036,21.036,78.036,0,0,0,0,0,0,0,25,35,1.01,5,13,-73,,2,38.036,-13.963999999999999,62.036,40.86,27.54,21.46,39.71,true,false,-1.14,-0.12,"單日成交金額低於5,000萬元；中期趨勢仍向下；20日趨勢尚未上彎；當下除權息調整價未守20日EMA"
435,2455,全新,TWSE,通信網路業,不建立部位,優先降低風險,risk,依風險與流動性分批降低部位,風險解除且基本面與趨勢重新確認後,已有部位應優先降低曝險；目前觸發「ETF 5/10日同步減碼」。待事件解除或基本面重新確認後再評估。,ETF 5/10日同步減碼；外資持股5/10日下降且外資5日賣超；處置或交易限制事件,53.9,57.9,54,85,100,可用,552,,71.16,35.87,23.4,35.4,220.15,2.2,135.29,27.95,0.47,17,-1,0,-454,-625,-1212,-456,807.995,-1083.4420000000005,-1814.0190000000007,14600.981,-228,1860,1686.71,4940.71,3,2,1026720000,1591.7890000000002,1414.2740000000001,30.71,-215,-4357,-4747,,-190.289,-4535.231,-4915.003,7803.997,63.34,64.12,65.06,62.25,false,true,7.73,7.18,處置或交易限制風險；ETF短中期同步減碼；主動ETF 5日轉為減碼；外資持股5/10日下降，且外資5日賣超
436,2474,可成,TWSE,其他電子業,不建立部位,優先降低風險,risk,依風險與流動性分批降低部位,風險解除且基本面與趨勢重新確認後,已有部位應優先降低曝險；目前觸發「外資持股5/10日下降且外資5日賣超」。待事件解除或基本面重新確認後再評估。,外資持股5/10日下降且外資5日賣超；單月與累計營收同步明顯衰退,69.8,57.9,55.1,85,100,完整,209,,-40.46,-33.11,4.51,38.16,133.88,5.14,13.91,0.81,4.91,23,710,659,1274,2728,3116,0,35.357,-238.94499999999994,-1501.241,-1455.241,680,1349.094,2723.5950000000003,3315.5950000000003,4,1,281960646,108.333,126.90999999999998,13.8,-642,-1449,-4328,,-531.946,-1696.372,-4351.746,-4338.746,56.76,68.95,63.74,79.36,false,false,1.06,0.97,營收動能同步衰退；累計營收負成長且當月改善不足；外資持股5/10日下降，且外資5日賣超；單季稅前獲利對營業外貢獻依賴偏高
437,2547,日勝生,TWSE,建材營造,不建立部位,保護持有,protect,今天不新增部位；未完成確認前不機械式賣出,今天收盤後；若跌破，再看下一交易日是否收復,已有部位暫停加碼；若收盤跌破60日EMA約 10.21，且下一交易日仍未收復，先減碼三分之一；若ETF或外資繼續轉弱，再分批降低部位。,價格跌破60日EMA且20日趨勢向下,53.7,57.6,44.9,85,100,完整,9.94,,81.23,63.45,17.73,77.43,77.87,0.01,82.83,0.76,8.05,1,-129,358,496,627,663,0,237.034,1718.256,-615.3299999999998,-1363.33,-128.976,496.42,627.4150000000001,676.4150000000001,4,1,4934415,34.112,14.438999999999997,13.77,432,1403,-564,,366.01,1187.7240000000002,-1257.1839999999997,-1947.1839999999997,46.46,61.12,52.05,79.25,false,false,-0.3,2.58,"單日成交金額低於5,000萬元；中期趨勢仍向下；20日趨勢尚未上彎；當下除權息調整價未守20日EMA"
438,6189,豐藝,TWSE,電子通路業,不建立部位,保護持有,protect,今天不新增部位；未完成確認前不機械式賣出,今天收盤後；若跌破，再看下一交易日是否收復,已有部位暫停加碼；若收盤跌破60日EMA約 48.42，且下一交易日仍未收復，先減碼三分之一；若ETF或外資繼續轉弱，再分批降低部位。,ETF 5/10日同步減碼,58.1,57.6,49.3,85,100,完整,49.1,,11.83,0.18,4.79,62.16,154.02,2.01,12.12,2.14,5.5,3,0,0,-4,-6,-37,0,543.18,1150.6999999999998,1413.387,1173.387,0,-3.434,-5.399,-34.399,0,1,-168609,1.2510000000000003,5.695,8.76,569,1192,1672,,557.254,1152.883,1413.0910000000001,1260.0910000000001,59.85,80.48,65.27,110.89,false,false,2.76,5.14,"單日成交金額低於5,000萬元；ETF短中期同步減碼；20日趨勢尚未上彎"
439,9917,中保科,TWSE,其他,不建立部位,保護持有,protect,今天不新增部位；未完成確認前不機械式賣出,今天收盤後；若跌破，再看下一交易日是否收復,已有部位暫停加碼；若收盤跌破60日EMA約 105.43，且下一交易日仍未收復，先減碼三分之一；若ETF或外資繼續轉弱，再分批降低部位。,ETF 5/10日同步減碼,58,57.6,44.9,85,100,完整,106.5,,4.4,2.38,17.46,58.36,98.74,3.35,15.52,3.76,5.82,7,0,0,-202,-348,-297,0,31.551,77.62200000000001,-204.352,-836.3519999999999,1,-200,-301,-254,2,2,-21300000,14,17,39.27,35,264,174,,30.551,263.622,79.64800000000002,-600.352,54.73,46.68,51.65,36.74,false,true,0.46,0.47,"單日成交金額低於5,000萬元；ETF短中期同步減碼"
440,2850,新產,TWSE,金融保險業,不建立部位,保護持有,protect,今天不新增部位；未完成確認前不機械式賣出,今天收盤後；若跌破，再看下一交易日是否收復,已有部位暫停加碼；若收盤跌破60日EMA約 154.96，且下一交易日仍未收復，先減碼三分之一；若ETF或外資繼續轉弱，再分批降低部位。,未觸發明確減碼訊號,55.2,57.5,60.2,85,100,完整,158.5,,4.71,9.52,,63.76,,8.51,10.31,2.28,4.59,5,0,0,1,-17,224,0,-24.862,123.26800000000001,-73.731,-804.731,0,1,-17,224,1,0,158500,32.748999999999995,32.29899999999999,10.79,-29,94,-113,,-28.859,89.519,-89.03,-1064.03,49.83,63.46,55.86,78.64,false,false,-0.16,0.96,"單日成交金額低於5,000萬元；20日趨勢尚未上彎；當下除權息調整價未守20日EMA"
441,5269,祥碩,TWSE,半導體業,不建立部位,優先降低風險,risk,依風險與流動性分批降低部位,風險解除且基本面與趨勢重新確認後,已有部位應優先降低曝險；目前觸發「單月與累計營收同步明顯衰退」。待事件解除或基本面重新確認後再評估。,單月與累計營收同步明顯衰退,62.4,57.3,61.2,85,100,可用,1480,,-32.51,-6.92,23.41,17.16,178.89,52.07,15.78,3.06,3.07,17,-1,-2,-4,53,231,0,24.065,597.742,1155.6809999999996,1116.6809999999996,-1,-3.4130000000000003,53.587,230.587,0,4,-5051240,-39.186,12.447999999999999,10.55,77,623,1129,,41.881,640.341,1089.6460000000004,956.6460000000004,57.34,82.52,72.29,102.97,false,false,2.98,0.34,營收動能同步衰退；累計營收負成長且當月改善不足；20日累積後5日轉為調節；ETF 1/3日已轉為減碼；單季稅前獲利對營業外貢獻依賴偏高
442,5515,建國,TWSE,建材營造,不建立部位,保護持有,protect,今天不新增部位；未完成確認前不機械式賣出,今天收盤後；若跌破，再看下一交易日是否收復,已有部位暫停加碼；若收盤跌破60日EMA約 47.88，且下一交易日仍未收復，先減碼三分之一；若ETF或外資繼續轉弱，再分批降低部位。,未觸發明確減碼訊號,58.4,57.3,58,85,100,完整,51.2,,-4.38,23.08,12.56,54.43,163.72,6.08,5.19,1.77,6.45,2,0,0,0,0,-1,0,42.837,53.927,-647.4000000000001,-1011.4000000000001,0,0,0,0,0,0,0,-21.482,-41.50700000000001,13.04,50,107,-596,,48.185,75.40900000000002,-605.893,-888.893,56.02,48.91,34.98,76.78,false,false,1.63,4.38,"單日成交金額低於5,000萬元；20日趨勢尚未上彎；單季稅前獲利對營業外貢獻依賴偏高"
443,2707,晶華,TWSE,觀光餐旅,不建立部位,保護持有,protect,今天不新增部位；未完成確認前不機械式賣出,今天收盤後；若跌破，再看下一交易日是否收復,已有部位暫停加碼；若收盤跌破60日EMA約 178.48，且下一交易日仍未收復，先減碼三分之一；若ETF或外資繼續轉弱，再分批降低部位。,價格跌破60日EMA且20日趨勢向下,47.7,57.2,57.2,85,100,完整,177.5,,7.58,5.56,27.28,57.65,154.04,8.62,12.29,5.82,6.06,1,0,0,0,0,0,0,5.97,25.149,-87.929,-564.929,0,0,-26,-26,0,0,0,6.856999999999999,7.619999999999999,6.9,8,31,-82,,6,18.292,-69.54899999999999,-553.549,45.36,54.16,42.01,78.46,false,false,-0.27,0.28,"單日成交金額低於5,000萬元；中期趨勢仍向下；20日趨勢尚未上彎；當下除權息調整價未守20日EMA"
444,2459,敦吉,TWSE,其他電子業,不建立部位,降低部位,trim,停止加碼；反彈未站回恢復區時分批減碼,每個交易日收盤後，確認是否站回恢復區,已有部位先停止加碼。反彈若仍未站回 65.83，分批降低部位；只有站回且ETF／外資賣壓收斂後才重新評估。,價格跌破60日EMA且20日趨勢向下；外資持股5/10日下降且外資5日賣超,43.2,57.1,73.1,85,100,完整,65.4,,15.37,11.74,15.75,34.67,199.27,3.19,11.7,1.16,6.42,1,0,0,0,0,0,0,-18,-67,-84.185,-93.185,0,0,0,0,0,0,0,9,12,15.49,-18,-76,-107,,-18,-76,-96.185,-107.185,41.96,42.89,35.09,58.49,false,false,-0.62,-0.15,"單日成交金額低於5,000萬元；中期趨勢仍向下；外資持股5/10日下降，且外資5日賣超；20日趨勢尚未上彎；當下除權息調整價未守20日EMA"
445,2450,神腦,TWSE,通信網路業,不建立部位,保護持有,protect,今天不新增部位；未完成確認前不機械式賣出,今天收盤後；若跌破，再看下一交易日是否收復,已有部位暫停加碼；若收盤跌破60日EMA約 28.53，且下一交易日仍未收復，先減碼三分之一；若ETF或外資繼續轉弱，再分批降低部位。,未觸發明確減碼訊號,52.8,56.8,56.4,85,100,完整,28.3,,27.64,17.04,0.89,42.18,178.91,0.67,17.47,1.18,5.48,1,0,0,0,0,0,0,-5,90,81,97,0,0,0,0,0,0,0,14,33,1.22,-5,76,48,,-5,76,48,78,49.72,64.06,60.57,71.05,false,false,0.07,0.18,"單日成交金額低於5,000萬元"
446,4746,台耀,TWSE,生技醫療業,不建立部位,降低部位,trim,停止加碼；反彈未站回恢復區時分批減碼,每個交易日收盤後，確認是否站回恢復區,已有部位先停止加碼。反彈若仍未站回 49.87，分批降低部位；只有站回且ETF／外資賣壓收斂後才重新評估。,價格跌破60日EMA且20日趨勢向下；ETF 5/10日同步減碼,50.4,56.8,59.5,85,100,完整,48.65,,25.69,-3.37,10.89,40.35,186.2,0.04,12.29,0.79,6.17,1,-109,-200,-200,-200,-491,-200,416.5,1638.469,1912.7390000000003,-202.2609999999995,-109,-200,-200,-491,0,2,-9730000,3,1.2199999999999998,8.93,514,1553,2095,,525.5,1835.469,2111.5190000000002,628.5190000000002,52.36,73.03,62.84,93.41,false,false,1.8,5.99,"單日成交金額低於5,000萬元；中期趨勢仍向下；ETF短中期同步減碼；ETF 1/3日已轉為減碼；主動ETF 5日轉為減碼；20日趨勢尚未上彎"
447,1342,八貫,TWSE,其他,不建立部位,保護持有,protect,今天不新增部位；未完成確認前不機械式賣出,今天收盤後；若跌破，再看下一交易日是否收復,已有部位暫停加碼；若收盤跌破60日EMA約 102.97，且下一交易日仍未收復，先減碼三分之一；若ETF或外資繼續轉弱，再分批降低部位。,價格跌破60日EMA且20日趨勢向下,49.3,56.7,60.1,85,100,可用,101,,62.83,37.04,18.32,41.09,208.83,4.1,14.29,3.5,5.94,1,0,0,0,0,-3,0,68.598,102.849,3.3680000000000057,-324.632,0,0,0,-3,0,0,0,3.441,-12.657,31.76,68,67,-44,,68.181,99.408,16.025000000000016,-306.97499999999997,46.09,55.62,43.86,79.15,false,false,-0.46,1.1,"單日成交金額低於5,000萬元；中期趨勢仍向下；外資持股尚未完成5／10日可比核對或期間有非市場異動；此項不給分，不解讀為轉弱；20日趨勢尚未上彎；當下除權息調整價未守20日EMA"
448,2425,承啟,TWSE,電腦及週邊設備業,不建立部位,保護持有,protect,今天不新增部位；未完成確認前不機械式賣出,今天收盤後；若跌破，再看下一交易日是否收復,已有部位暫停加碼；若收盤跌破60日EMA約 38.98，且下一交易日仍未收復，先減碼三分之一；若ETF或外資繼續轉弱，再分批降低部位。,價格跌破60日EMA且20日趨勢向下,48.7,56.6,50.9,85,100,完整,37.1,,118.46,120.45,0.61,54.62,183.31,0.68,20.84,1.42,0.27,1,0,0,0,0,-6,0,24,159.772,589.3159999999999,1360.3159999999998,0,0,0,-6,0,0,0,-3.657,-94.957,6.78,19,177,705,,24,163.42900000000003,684.273,1410.2730000000001,44.68,60.36,52.95,75.17,false,false,-1.4,2.49,"單日成交金額低於5,000萬元；中期趨勢仍向下；20日趨勢尚未上彎；當下除權息調整價未守20日EMA；單季稅前獲利對營業外貢獻依賴偏高"
449,5287,數字,TPEX,數位雲端,不建立部位,保護持有,protect,今天不新增部位；未完成確認前不機械式賣出,今天收盤後；若跌破，再看下一交易日是否收復,已有部位暫停加碼；若收盤跌破60日EMA約 137.27，且下一交易日仍未收復，先減碼三分之一；若ETF或外資繼續轉弱，再分批降低部位。,價格跌破60日EMA且20日趨勢向下,49.9,56.5,67.3,85,100,可用,137,,2.31,-1.31,38.3,39.46,155.27,7.68,8.97,2.97,8.14,1,-6,18,25,31,35,0,-12.914,-12.914,-12.914,-591.914,-6.404,-6.404,-6.404,-3.404,0,1,-877348,0,0,16.11,,,,,-6.51,-6.51,-6.51,-586.51,51.13,63.56,58.05,74.58,false,false,0.25,1.48,"單日成交金額低於5,000萬元；累計營收負成長且當月改善不足；中期趨勢仍向下；外資持股尚未完成5／10日可比核對或期間有非市場異動；此項不給分，不解讀為轉弱；20日趨勢尚未上彎"
450,6024,群益期,TWSE,金融保險業,不建立部位,保護持有,protect,今天不新增部位；未完成確認前不機械式賣出,今天收盤後；若跌破，再看下一交易日是否收復,已有部位暫停加碼；若收盤跌破60日EMA約 60.35，且下一交易日仍未收復，先減碼三分之一；若ETF或外資繼續轉弱，再分批降低部位。,未觸發明確減碼訊號,51.8,56.2,64.6,85,100,完整,60.9,,7.8,-12.89,,92.26,107.73,4.09,8.39,1.41,5.7,2,0,0,0,0,0,0,-18.861,252.94099999999997,159.85799999999995,-318.14200000000005,0,0,0,0,0,0,0,7,7,5.1,-19,255,178,,-18.861,245.94099999999997,152.85799999999995,-327.14200000000005,46.5,53.06,46.72,65.75,false,false,-0.78,0.5,"單日成交金額低於5,000萬元；累計營收負成長且當月改善不足；20日趨勢尚未上彎；當下除權息調整價未守20日EMA；單季稅前獲利對營業外貢獻依賴偏高"
451,8462,柏文,TWSE,運動休閒,不建立部位,降低部位,trim,停止加碼；反彈未站回恢復區時分批減碼,每個交易日收盤後，確認是否站回恢復區,已有部位先停止加碼。反彈若仍未站回 163.62，分批降低部位；只有站回且ETF／外資賣壓收斂後才重新評估。,價格跌破60日EMA且20日趨勢向下；外資持股5/10日下降且外資5日賣超,45.8,56.2,45.9,85,100,完整,158,,16.75,19.49,17.59,81.24,78.24,5.68,15.13,5.28,4.61,1,0,0,0,0,0,0,-21.043,-31.996,-203.843,-401.84299999999996,0,0,0,0,0,0,0,3.387,5.171,5.44,-21,-40,-215,,-21.43,-35.382999999999996,-209.01399999999998,-411.014,37.82,22.87,25.56,17.49,false,true,-3.43,-0.32,"單日成交金額低於5,000萬元；中期趨勢仍向下；外資持股5/10日下降，且外資5日賣超；20日趨勢尚未上彎；當下除權息調整價未守20日EMA"
452,2401,凌陽,TWSE,半導體業,不建立部位,保護持有,protect,今天不新增部位；未完成確認前不機械式賣出,今天收盤後；若跌破，再看下一交易日是否收復,已有部位暫停加碼；若收盤跌破60日EMA約 26.31，且下一交易日仍未收復，先減碼三分之一；若ETF或外資繼續轉弱，再分批降低部位。,未觸發明確減碼訊號,58.3,56,52.6,85,100,完整,25.7,,40.95,24.27,9.83,27.75,359.89,0.35,257,1.79,,2,0,0,0,0,0,0,67.16,1095.467,195.46800000000005,-1884.532,0,0,0,0,0,0,0,201.18699999999998,59.593999999999994,16.93,-39,365,-402,,56.159,894.28,135.87399999999997,-1782.126,51.29,67.03,56.01,89.09,false,false,1.41,5.33,"單日成交金額低於5,000萬元"
453,9911,櫻花,TWSE,居家生活,不建立部位,降低部位,trim,停止加碼；反彈未站回恢復區時分批減碼,每個交易日收盤後，確認是否站回恢復區,已有部位先停止加碼。反彈若仍未站回 82.47，分批降低部位；只有站回且ETF／外資賣壓收斂後才重新評估。,價格跌破60日EMA且20日趨勢向下；外資持股5/10日下降且外資5日賣超,48,56,60.9,85,100,完整,81.5,,6.79,6.77,15.65,37.15,166.9,3.26,12.64,2.74,6.13,2,0,0,0,0,0,0,-9,-195,-584,-1320,1,2,13,13,2,0,163000,19,14,18.17,3,-136,-541,,-10,-216,-611,-1341,42.8,32.76,33.03,32.23,false,true,-0.41,0.25,"單日成交金額低於5,000萬元；中期趨勢仍向下；外資持股5/10日下降，且外資5日賣超；20日趨勢尚未上彎；當下除權息調整價未守20日EMA"
454,2243,宏旭-KY,TWSE,汽車工業,不建立部位,保護持有,protect,今天不新增部位；未完成確認前不機械式賣出,今天收盤後；若跌破，再看下一交易日是否收復,已有部位暫停加碼；若收盤跌破60日EMA約 44.69，且下一交易日仍未收復，先減碼三分之一；若ETF或外資繼續轉弱，再分批降低部位。,未觸發明確減碼訊號,56.8,55.8,34,85,100,完整,51.3,,106.44,34.09,2.46,69.45,133.26,0.33,48.86,3.7,,1,0,0,0,0,-4,0,-86.504,-4.152999999999977,-453.654,-867.654,0,0,0,-3,0,0,0,0.11400000000000012,0.6890000000000001,26.83,-81,3,-432,,-85.504,-4.267000000000024,-454.343,-865.3430000000001,60.65,63.3,67.9,54.11,true,true,7.13,7.21,"單日成交金額低於5,000萬元"
455,4583,台灣精銳,TWSE,電機機械,不建立部位,降低部位,trim,停止加碼；反彈未站回恢復區時分批減碼,每個交易日收盤後，確認是否站回恢復區,已有部位先停止加碼。反彈若仍未站回 501.59，分批降低部位；只有站回且ETF／外資賣壓收斂後才重新評估。,價格跌破60日EMA且20日趨勢向下；ETF 5/10日同步減碼,44.2,55.6,70.5,85,100,完整,430.5,,23.63,15.97,34.42,10.76,1265.54,6.81,31.96,3.47,2.32,1,0,-1,-4,-34,-34,0,5,8.854,-45.124,-106.124,0,-3.859,-46.859,-46.859,0,2,-1661299,2.995,-0.08800000000000008,2.38,5,81,-13,,5,9.718,1.8230000000000022,-62.177,37.19,29.85,20.8,47.96,false,false,-3.51,2.01,"單日成交金額低於5,000萬元；中期趨勢仍向下；ETF短中期同步減碼；20日趨勢尚未上彎；當下除權息調整價未守20日EMA"
456,6155,鈞寶,TWSE,電子零組件業,不建立部位,保護持有,protect,今天不新增部位；未完成確認前不機械式賣出,今天收盤後；若跌破，再看下一交易日是否收復,已有部位暫停加碼；若收盤跌破60日EMA約 59.12，且下一交易日仍未收復，先減碼三分之一；若ETF或外資繼續轉弱，再分批降低部位。,未觸發明確減碼訊號,51.6,55.6,57.4,85,100,完整,56.2,,50.05,23.8,8.88,31.23,167.27,0.82,31.22,3.03,1.42,1,0,0,0,0,-6,0,99.392,667.1179999999999,465.8829999999998,634.8829999999998,0,0,0,-6,0,0,0,-4,5,8.37,100,731,454,,99.392,671.1179999999999,460.8829999999998,624.8829999999998,47.53,51.15,46.84,59.77,false,false,-0.65,-0.35,"單日成交金額低於5,000萬元；當下除權息調整價未守20日EMA；單季稅前獲利對營業外貢獻依賴偏高"
457,6279,胡連,TPEX,電子零組件業,不建立部位,降低部位,trim,停止加碼；反彈未站回恢復區時分批減碼,每個交易日收盤後，確認是否站回恢復區,已有部位先停止加碼。反彈若仍未站回 118.35，分批降低部位；只有站回且ETF／外資賣壓收斂後才重新評估。,價格跌破60日EMA且20日趨勢向下；ETF 5/10日同步減碼,39.4,55.6,67.2,85,100,可用,111,,29.82,14.56,11.54,42.65,146.91,4.4,9.74,1.46,4.95,1,0,0,-2,-2,-16,0,-30.39,-30.39,-30.39,-1239.3899999999999,0,0,0,-14,0,0,0,-0.39,-0.39,9.47,,,,,-30,-30,-30,-1662,32.42,42.4,36.75,53.71,false,false,-3.68,0,"單日成交金額低於5,000萬元；中期趨勢仍向下；ETF短中期同步減碼；外資持股尚未完成5／10日可比核對或期間有非市場異動；此項不給分，不解讀為轉弱；20日趨勢尚未上彎；當下除權息調整價未守20日EMA"
458,3010,華立,TWSE,電子通路業,不建立部位,降低部位,trim,停止加碼；反彈未站回恢復區時分批減碼,每個交易日收盤後，確認是否站回恢復區,已有部位先停止加碼。反彈若仍未站回 125.30，分批降低部位；只有站回且ETF／外資賣壓收斂後才重新評估。,價格跌破60日EMA且20日趨勢向下；外資持股5/10日下降且外資5日賣超,49.5,55.5,55.9,85,100,完整,125,,23.63,20.14,4.04,53.53,149.98,5.93,11.17,1.19,4.24,5,0,0,0,-1,-6,0,121.281,-242.33800000000002,-474.409,-1156.409,0,0,-28.833,-36.833,0,0,0,13.192,-7.892000000000001,19.45,137,-213,-402,,121.281,-255.53000000000003,-437.68399999999997,-1139.684,49.12,46.37,34.49,70.14,false,false,-0.24,2.04,"單日成交金額低於5,000萬元；中期趨勢仍向下；外資持股5/10日下降，且外資5日賣超；20日趨勢尚未上彎；當下除權息調整價未守20日EMA"
459,3209,全科,TWSE,電子通路業,不建立部位,保護持有,protect,今天不新增部位；未完成確認前不機械式賣出,今天收盤後；若跌破，再看下一交易日是否收復,已有部位暫停加碼；若收盤跌破60日EMA約 50.10，且下一交易日仍未收復，先減碼三分之一；若ETF或外資繼續轉弱，再分批降低部位。,價格跌破60日EMA且20日趨勢向下,44.1,55.5,53.1,85,100,可用,45.75,,27.44,42.65,2.95,74.58,145.9,3.28,7.64,1.91,5.46,1,0,0,0,0,0,0,-106.101,-103.69100000000002,-696.7980000000001,-6717.798000000001,0,0,0,0,0,0,0,7.444,-77.60499999999999,12.34,1648,1731,1604,,-106.999,-111.13499999999998,-619.193,-6664.193,40.55,65.4,51.47,93.25,false,false,-1.63,0.88,"單日成交金額低於5,000萬元；中期趨勢仍向下；外資持股尚未完成5／10日可比核對或期間有非市場異動；此項不給分，不解讀為轉弱；20日趨勢尚未上彎；當下除權息調整價未守20日EMA"
460,6183,關貿,TWSE,資訊服務業,不建立部位,保護持有,protect,今天不新增部位；未完成確認前不機械式賣出,今天收盤後；若跌破，再看下一交易日是否收復,已有部位暫停加碼；若收盤跌破60日EMA約 91.80，且下一交易日仍未收復，先減碼三分之一；若ETF或外資繼續轉弱，再分批降低部位。,價格跌破60日EMA且20日趨勢向下,45.9,55.5,59.1,85,100,完整,91.2,,5.57,13.35,29.53,49.64,147.35,2.41,20.27,5.09,3.89,2,0,0,0,0,0,0,-3,12,-5.999,-12.998999999999999,0,0,0,0,0,0,0,8,12,1.13,-3,4,-19,,-3,4,-17.999000000000002,-22.999000000000002,45.43,46.34,43.49,52.04,false,false,-0.52,0.22,"單日成交金額低於5,000萬元；中期趨勢仍向下；20日趨勢尚未上彎；當下除權息調整價未守20日EMA"
461,2535,達欣工,TWSE,建材營造,不建立部位,保護持有,protect,今天不新增部位；未完成確認前不機械式賣出,今天收盤後；若跌破，再看下一交易日是否收復,已有部位暫停加碼；若收盤跌破60日EMA約 88.54，且下一交易日仍未收復，先減碼三分之一；若ETF或外資繼續轉弱，再分批降低部位。,未觸發明確減碼訊號,59,55.4,44.7,85,100,完整,89.9,,44.17,24.72,9.12,64.06,185.27,6.32,8.81,2.16,5.12,1,0,0,0,0,-241,0,143.05,266.924,203.152,-159.848,0,0,-34,-277,0,0,0,12.96,24.103,7.03,150,260,68,,143.05,253.964,213.04899999999998,102.04899999999998,51.73,46.25,49.9,38.97,false,true,0.28,1.24,"單日成交金額低於5,000萬元；20日趨勢尚未上彎"
462,3708,上緯投控,TWSE,綠能環保,不建立部位,保護持有,protect,今天不新增部位；未完成確認前不機械式賣出,今天收盤後；若跌破，再看下一交易日是否收復,已有部位暫停加碼；若收盤跌破60日EMA約 101.87，且下一交易日仍未收復，先減碼三分之一；若ETF或外資繼續轉弱，再分批降低部位。,價格跌破60日EMA且20日趨勢向下,56.4,55.4,63.8,85,100,可用,97.5,,534.57,23.25,-7.81,13.77,187.94,-0.87,2.36,0.4,6.67,2,0,0,2,34,96,0,-150.591,189.59699999999998,-243.21400000000003,-385.21400000000006,0,2,34,93,1,0,195000,10.571,-19.662,7.51,-195,17,-324,,-149.986,177.026,-257.552,-358.552,46.38,53.55,44.6,71.45,false,false,-0.93,4.28,"單日成交金額低於5,000萬元；中期趨勢仍向下；外資持股尚未完成5／10日可比核對或期間有非市場異動；此項不給分，不解讀為轉弱；20日趨勢尚未上彎；當下除權息調整價未守20日EMA；單季稅前獲利對營業外貢獻依賴偏高"
463,8341,日友,TWSE,綠能環保,不建立部位,保護持有,protect,今天不新增部位；未完成確認前不機械式賣出,今天收盤後；若跌破，再看下一交易日是否收復,已有部位暫停加碼；若收盤跌破60日EMA約 75.75，且下一交易日仍未收復，先減碼三分之一；若ETF或外資繼續轉弱，再分批降低部位。,價格跌破60日EMA且20日趨勢向下,45.9,55.3,65.8,85,100,完整,74.6,,3.97,15.68,29.81,43.1,112.4,2.97,14.24,1.82,5.36,1,0,0,0,0,0,0,-19.774,49.233999999999995,-156.71099999999998,-364.711,0,0,0,0,0,0,0,8.632,14.630999999999998,5.35,-4,73,-157,,-19.774,40.602,-171.342,-354.342,42.92,48.42,39.76,65.74,false,false,-0.53,0.67,"單日成交金額低於5,000萬元；中期趨勢仍向下；20日趨勢尚未上彎；當下除權息調整價未守20日EMA"
464,6703,軒郁,TPEX,生技醫療業,不建立部位,保護持有,protect,今天不新增部位；未完成確認前不機械式賣出,今天收盤後；若跌破，再看下一交易日是否收復,已有部位暫停加碼；若收盤跌破60日EMA約 102.83，且下一交易日仍未收復，先減碼三分之一；若ETF或外資繼續轉弱，再分批降低部位。,價格跌破60日EMA且20日趨勢向下,45.1,55.2,61.9,85,100,可用,100,,1.83,13.89,10.87,44.41,224.81,4.13,9.74,2.55,1,1,-5,14,19,24,37,0,-6.99,-6.99,-6.99,-12.99,-4.99,-4.99,-4.99,-3.99,0,1,-499000,0,0,14.17,,,,,-2,-2,-2,-9,36.39,46.62,45.09,49.7,false,false,-1.51,-0.99,"單日成交金額低於5,000萬元；中期趨勢仍向下；外資持股尚未完成5／10日可比核對或期間有非市場異動；此項不給分，不解讀為轉弱；20日趨勢尚未上彎；當下除權息調整價未守20日EMA"
465,1712,興農,TWSE,化學工業,不建立部位,保護持有,protect,今天不新增部位；未完成確認前不機械式賣出,今天收盤後；若跌破，再看下一交易日是否收復,已有部位暫停加碼；若收盤跌破60日EMA約 39.93，且下一交易日仍未收復，先減碼三分之一；若ETF或外資繼續轉弱，再分批降低部位。,外資持股5/10日下降且外資5日賣超,58.3,55.1,45.5,85,100,完整,39.95,,-2.71,4.31,8.25,47.84,141.74,1.56,15.08,2.04,6.26,2,-57,157,217,275,267,0,-106.669,-313.92599999999993,-1187.343,117.65699999999993,-55.551,219.658,301.09399999999994,292.09399999999994,4,1,8775337,29.186999999999998,-187.68200000000002,12.67,4,-449,-1357,,-51,-562.771,-1300.7549999999999,97.24500000000012,49.72,25.09,25.91,23.44,false,false,-0.15,0.88,"單日成交金額低於5,000萬元；外資持股5/10日下降，且外資5日賣超；當下除權息調整價未守20日EMA"
466,3048,益登,TWSE,電子通路業,不建立部位,降低部位,trim,停止加碼；反彈未站回恢復區時分批減碼,每個交易日收盤後，確認是否站回恢復區,已有部位先停止加碼。反彈若仍未站回 54.15，分批降低部位；只有站回且ETF／外資賣壓收斂後才重新評估。,價格跌破60日EMA且20日趨勢向下；外資持股5/10日下降且外資5日賣超,45.9,55,47.9,85,100,完整,50.4,,50.31,36.26,2.25,81.14,133.57,3.15,10.7,1.85,1.98,1,0,0,0,0,0,0,72.931,-101.89800000000002,196.56499999999997,-1839.435,0,0,0,0,0,0,0,-10.664,28.120000000000005,5.45,128,-160,-20,,82,-91.23399999999998,168.445,-1785.555,38.17,39.24,31.08,55.55,false,false,-2.99,0,"單日成交金額低於5,000萬元；中期趨勢仍向下；外資持股5/10日下降，且外資5日賣超；20日趨勢尚未上彎；當下除權息調整價未守20日EMA"
467,6115,鎰勝,TWSE,電子零組件業,不建立部位,保護持有,protect,今天不新增部位；未完成確認前不機械式賣出,今天收盤後；若跌破，再看下一交易日是否收復,已有部位暫停加碼；若收盤跌破60日EMA約 45.09，且下一交易日仍未收復，先減碼三分之一；若ETF或外資繼續轉弱，再分批降低部位。,外資持股5/10日下降且外資5日賣超,46.4,54.7,63.9,85,100,完整,44.15,,10.76,11.67,9.05,40.04,214.74,1.48,12.91,1.62,6.34,1,0,0,0,0,0,0,-13,-52,6,-95,0,0,0,0,0,0,0,2,8,5.2,0,-36,-6,,-13,-54,-2,-83,46.61,39.43,40.09,38.1,false,true,-0.3,0.8,"單日成交金額低於5,000萬元；外資持股5/10日下降，且外資5日賣超；當下除權息調整價未守20日EMA"
468,5534,長虹,TWSE,建材營造,不建立部位,降低部位,trim,停止加碼；反彈未站回恢復區時分批減碼,每個交易日收盤後，確認是否站回恢復區,已有部位先停止加碼。反彈若仍未站回 76.89，分批降低部位；只有站回且ETF／外資賣壓收斂後才重新評估。,價格跌破60日EMA且20日趨勢向下；ETF 5/10日同步減碼,45.2,54.6,62.2,85,100,完整,74.3,,88.58,67.05,17.45,56.25,185.49,1.05,13.13,1.1,6.81,2,-113,-232,-232,-232,-27,-232,-41.369,133.63300000000004,-1972.087,-2232.087,-113,-232,-529,-324,0,2,-17237600,-33.027,-392.305,9.34,91,563,-765,,72,398.66,-1050.782,-1526.782,42.7,32.11,30.93,34.47,false,false,-1.32,1.92,"單日成交金額低於5,000萬元；中期趨勢仍向下；ETF短中期同步減碼；ETF 1/3日已轉為減碼；主動ETF 5日轉為減碼；20日趨勢尚未上彎；當下除權息調整價未守20日EMA"
469,9935,慶豐富,TWSE,居家生活,不建立部位,降低部位,trim,停止加碼；反彈未站回恢復區時分批減碼,每個交易日收盤後，確認是否站回恢復區,已有部位先停止加碼。反彈若仍未站回 19.22，分批降低部位；只有站回且ETF／外資賣壓收斂後才重新評估。,價格跌破60日EMA且20日趨勢向下；外資持股5/10日下降且外資5日賣超,48,54.6,54,85,100,完整,18.3,,-4.68,6.4,11.62,70.48,125.46,1.12,7.41,1.2,6.56,1,-22,59,82,104,115,0,8.49,-87.35000000000001,-913.4780000000001,-1266.478,-21.51,82.79199999999999,104.63799999999998,120.63799999999998,4,1,1515094,5,-40,6.08,35,-165,-923,,30,-175.142,-978.1160000000001,-1367.116,36.81,32.11,20.23,55.86,false,false,-2.66,1.67,"單日成交金額低於5,000萬元；中期趨勢仍向下；外資持股5/10日下降，且外資5日賣超；20日趨勢尚未上彎；當下除權息調整價未守20日EMA"
470,6913,鴻呈,TPEX,電子零組件業,不建立部位,保護持有,protect,今天不新增部位；未完成確認前不機械式賣出,今天收盤後；若跌破，再看下一交易日是否收復,已有部位暫停加碼；若收盤跌破60日EMA約 134.41，且下一交易日仍未收復，先減碼三分之一；若ETF或外資繼續轉弱，再分批降低部位。,價格跌破60日EMA且20日趨勢向下,43.9,54.2,59.2,85,100,可用,128,,25.04,35.39,13.78,51.27,228.81,4.11,19.48,3.2,1.95,1,0,0,0,0,0,0,-10.86,-10.86,-10.86,-1178.8600000000001,0,0,0,0,0,0,0,11.14,11.14,5.17,,,,,-22,-22,-22,-1044,40.65,54.52,42.32,78.92,false,false,-4.39,1.19,"單日成交金額低於5,000萬元；中期趨勢仍向下；外資持股尚未完成5／10日可比核對或期間有非市場異動；此項不給分，不解讀為轉弱；20日趨勢尚未上彎；當下除權息調整價未守20日EMA"
471,5522,遠雄,TWSE,建材營造,不建立部位,降低部位,trim,停止加碼；反彈未站回恢復區時分批減碼,每個交易日收盤後，確認是否站回恢復區,已有部位先停止加碼。反彈若仍未站回 64.33，分批降低部位；只有站回且ETF／外資賣壓收斂後才重新評估。,價格跌破60日EMA且20日趨勢向下；ETF 5/10日同步減碼；外資持股5/10日下降且外資5日賣超,40.7,54,70,85,100,完整,60.9,,-46.74,85.24,23.71,56.27,172.19,1.99,6.07,1,9.03,4,-38,107,-180,-507,-513,0,-457.996,-942.2840000000001,-3216.0120000000006,-4128.012000000001,-36.667,-176.17400000000004,-418.90200000000004,-430.90200000000004,2,3,-10728997,63,150,4.29,-443,-581,-2502,,-421.329,-829.11,-2947.11,-3878.11,40.72,38.85,35.91,44.74,false,false,-2.07,1.5,"單日成交金額低於5,000萬元；中期趨勢仍向下；ETF短中期同步減碼；投信5/10日持續且具金額意義的賣超；外資持股5/10日下降，且外資5日賣超；20日趨勢尚未上彎；當下除權息調整價未守20日EMA"
472,4137,麗豐-KY,TWSE,生技醫療業,不建立部位,降低部位,trim,停止加碼；反彈未站回恢復區時分批減碼,每個交易日收盤後，確認是否站回恢復區,已有部位先停止加碼。反彈若仍未站回 88.19，分批降低部位；只有站回且ETF／外資賣壓收斂後才重新評估。,價格跌破60日EMA且20日趨勢向下；外資持股5/10日下降且外資5日賣超,45.4,53.9,61.5,85,100,完整,77.6,,-10.71,5.24,14.8,50.68,163.86,2.92,11.5,1.3,12.89,2,-10,29,41,51,56,0,-25.355,-51.93000000000001,-257.528,-1181.528,-10.447,40.21,50.82,55.82,4,1,3120296,6.5360000000000005,5.328000000000001,53.41,-18,-11,-73,,-15,-98.676,-313.676,-1163.676,33.24,72.65,59.26,99.44,false,false,-3.04,1.04,"單日成交金額低於5,000萬元；中期趨勢仍向下；外資持股5/10日下降，且外資5日賣超；20日趨勢尚未上彎；當下除權息調整價未守20日EMA"
473,8081,致新,TWSE,半導體業,不建立部位,保護持有,protect,今天不新增部位；未完成確認前不機械式賣出,今天收盤後；若跌破，再看下一交易日是否收復,已有部位暫停加碼；若收盤跌破60日EMA約 258.37，且下一交易日仍未收復，先減碼三分之一；若ETF或外資繼續轉弱，再分批降低部位。,價格跌破60日EMA且20日趨勢向下,44.6,53.7,66.8,85,100,可用,250.5,,10.57,1.63,18.9,29.31,258.31,9.13,13.62,2.64,6.39,11,0,-1,-5,26,73,-4,-22.077,11.617999999999995,222.99,-12.009999999999991,1.2,-3.8,27.488999999999997,74.489,1,2,-951900,6.056,-3.526,18.78,-17,16,202,,-23.167,9.362000000000009,199.02700000000004,-17.972999999999956,46.4,63.88,53.47,84.71,false,false,-0.58,1.21,"單日成交金額低於5,000萬元；中期趨勢仍向下；20日累積後5日轉為調節；主動ETF 5日轉為減碼；20日趨勢尚未上彎；當下除權息調整價未守20日EMA"
474,1726,永記,TWSE,化學工業,不建立部位,降低部位,trim,停止加碼；反彈未站回恢復區時分批減碼,每個交易日收盤後，確認是否站回恢復區,已有部位先停止加碼。反彈若仍未站回 77.32，分批降低部位；只有站回且ETF／外資賣壓收斂後才重新評估。,價格跌破60日EMA且20日趨勢向下；外資持股5/10日下降且外資5日賣超,44.3,53.6,70.5,85,100,完整,76.8,,0.15,3.8,13.07,18.14,405.41,3.66,11.98,1.18,4.82,1,0,0,0,0,0,0,-2,-6.18,-32.108999999999995,-94.109,0,0,0,0,0,0,0,5,1,12.58,-2,-11,-36,,-2,-11.18,-33.109,-95.10900000000001,44.91,24.55,25.09,23.46,false,false,-0.32,0,"單日成交金額低於5,000萬元；中期趨勢仍向下；外資持股5/10日下降，且外資5日賣超；20日趨勢尚未上彎；當下除權息調整價未守20日EMA"
475,3592,瑞鼎,TWSE,半導體業,不建立部位,保護持有,protect,今天不新增部位；未完成確認前不機械式賣出,今天收盤後；若跌破，再看下一交易日是否收復,已有部位暫停加碼；若收盤跌破60日EMA約 233.09，且下一交易日仍未收復，先減碼三分之一；若ETF或外資繼續轉弱，再分批降低部位。,ETF 5/10日同步減碼,47.2,53.6,53.8,85,100,完整,223,,22.85,8.17,5.23,47.33,188.43,8.35,13.09,1.49,6.55,6,0,-2,-2,-4,3,0,-96.116,101.15700000000001,160.77800000000002,-1.22199999999998,0,-1.6989999999999998,-3.699,5.301,0,2,-378877,2.145,-10.699,14.84,-97,204,303,,-93.761,100.71100000000001,175.17600000000002,18.176000000000045,46.16,69.46,65.98,76.4,false,false,-0.65,0.22,"單日成交金額低於5,000萬元；ETF短中期同步減碼；20日累積後5日轉為調節；當下除權息調整價未守20日EMA"
476,6715,嘉基,TWSE,電子零組件業,不建立部位,優先降低風險,risk,依風險與流動性分批降低部位,風險解除且基本面與趨勢重新確認後,已有部位應優先降低曝險；目前觸發「處置或交易限制事件」。待事件解除或基本面重新確認後再評估。,價格強勢站上20／60日EMA；法人未同步轉弱,50.6,53.6,55.6,85,100,可用,459.5,,113.02,10.24,6.77,20.15,319.88,0.89,302.3,8.48,0.42,1,0,0,0,0,0,0,40.147,-727.6590000000001,-580.7930000000001,-844.7930000000001,0,-936,-910,-910,0,2,-430092000,-49.265,39.940000000000005,2.4,88,400,651,,39.848,257.606,289.2669999999999,29.266999999999825,65.47,84.49,77.69,98.08,false,false,18.09,16.92,處置或交易限制風險；外資持股尚未完成5／10日可比核對或期間有非市場異動；此項不給分，不解讀為轉弱；短線過熱或乖離過大；高波動且5日漲幅過大
477,8938,明安,TPEX,運動休閒,不建立部位,保護持有,protect,今天不新增部位；未完成確認前不機械式賣出,今天收盤後；若跌破，再看下一交易日是否收復,已有部位暫停加碼；若收盤跌破60日EMA約 53.12，且下一交易日仍未收復，先減碼三分之一；若ETF或外資繼續轉弱，再分批降低部位。,價格跌破60日EMA且20日趨勢向下,49.8,53.6,56.1,85,100,可用,52.3,,17.8,-3.04,3,40.38,202.65,1.34,9.96,1.05,7.65,1,-21,56,78,99,205,0,-3.398,-3.398,-3.398,124.602,-20.346,-20.346,-20.346,82.654,0,1,-1064096,-0.052,-0.052,6.67,,,,,17,17,17,44,50.61,69.92,62.55,84.66,true,false,0.41,-0.19,"單日成交金額低於5,000萬元；中期趨勢仍向下；外資持股尚未完成5／10日可比核對或期間有非市場異動；此項不給分，不解讀為轉弱；20日趨勢尚未上彎"
478,2497,怡利電,TWSE,汽車工業,不建立部位,保護持有,protect,今天不新增部位；未完成確認前不機械式賣出,今天收盤後；若跌破，再看下一交易日是否收復,已有部位暫停加碼；若收盤跌破60日EMA約 47.86，且下一交易日仍未收復，先減碼三分之一；若ETF或外資繼續轉弱，再分批降低部位。,價格跌破60日EMA且20日趨勢向下,47.1,53.4,51.5,85,100,完整,43.4,,17.29,19.77,8.69,55.57,125.63,1.59,13.61,1.94,4.61,1,5,5,5,35,125,0,24,-171.33300000000003,-387.841,-668.841,5,5,35,125,1,0,217000,3.4959999999999996,-9.985,2.71,22,1,-186,,19,-179.82899999999998,-412.856,-775.856,38.46,54.72,48.64,66.86,false,false,-1.95,0.12,"單日成交金額低於5,000萬元；中期趨勢仍向下；20日趨勢尚未上彎；當下除權息調整價未守20日EMA"
479,4953,緯致,TPEX,資訊服務業,不建立部位,保護持有,protect,今天不新增部位；未完成確認前不機械式賣出,今天收盤後；若跌破，再看下一交易日是否收復,已有部位暫停加碼；若收盤跌破60日EMA約 122.33，且下一交易日仍未收復，先減碼三分之一；若ETF或外資繼續轉弱，再分批降低部位。,價格跌破60日EMA且20日趨勢向下,43.5,53.4,65.3,85,100,可用,117,,26.64,30.66,6.01,39.51,231.31,4.88,11.76,2.03,4.39,2,0,0,0,11,47,0,-159.438,-159.438,-159.438,-605.438,0,0,0,36,0,0,0,-2.459,-2.459,12.98,,,,,-156.979,-156.979,-156.979,-610.979,39.93,25.72,34.66,7.85,false,true,-2.74,-3.31,"單日成交金額低於5,000萬元；中期趨勢仍向下；外資持股尚未完成5／10日可比核對或期間有非市場異動；此項不給分，不解讀為轉弱；20日趨勢尚未上彎；當下除權息調整價未守20日EMA"
480,6561,是方,TPEX,通信網路業,不建立部位,保護持有,protect,今天不新增部位；未完成確認前不機械式賣出,今天收盤後；若跌破，再看下一交易日是否收復,已有部位暫停加碼；若收盤跌破60日EMA約 324.07，且下一交易日仍未收復，先減碼三分之一；若ETF或外資繼續轉弱，再分批降低部位。,價格跌破60日EMA且20日趨勢向下,45.4,53.2,55.1,85,100,可用,310,,16.38,1.88,37.23,53.51,68.34,7.57,20.64,7.31,4.61,3,0,0,0,4,18,0,18.764,18.764,18.764,51.763999999999996,0,0,0,5,0,0,0,6.764,6.764,7.15,,,,,12,12,12,41,36.89,43.56,41.88,46.92,false,false,-2.13,-0.96,"單日成交金額低於5,000萬元；中期趨勢仍向下；外資持股尚未完成5／10日可比核對或期間有非市場異動；此項不給分，不解讀為轉弱；20日趨勢尚未上彎；當下除權息調整價未守20日EMA"
481,6743,安普新,TWSE,其他電子業,不建立部位,保護持有,protect,今天不新增部位；未完成確認前不機械式賣出,今天收盤後；若跌破，再看下一交易日是否收復,已有部位暫停加碼；若收盤跌破60日EMA約 28.45，且下一交易日仍未收復，先減碼三分之一；若ETF或外資繼續轉弱，再分批降低部位。,未觸發明確減碼訊號,61.4,53.2,32.1,85,100,完整,30.35,,12.68,10.16,4.18,75.63,84.26,0,27.34,1.96,9.88,1,-18,52,72,91,96,0,146.324,450.45899999999995,545.9849999999999,653.9849999999999,-18.686,71.91900000000001,90.89700000000002,100.89700000000002,4,1,2182742,12,17,3.97,162,395,489,,164.01,366.54,438.08799999999997,542.088,69.48,83.53,79.45,91.7,true,false,4.96,4.12,"單日成交金額低於5,000萬元"
482,7722,LINEPAY,TWSE,數位雲端,不建立部位,保護持有,protect,今天不新增部位；未完成確認前不機械式賣出,今天收盤後；若跌破，再看下一交易日是否收復,已有部位暫停加碼；若收盤跌破60日EMA約 278.28，且下一交易日仍未收復，先減碼三分之一；若ETF或外資繼續轉弱，再分批降低部位。,價格跌破60日EMA且20日趨勢向下,47.1,53.2,53.9,85,100,完整,262,,8.66,13.82,6.41,56.57,181.62,4.35,31.19,1.62,0.76,1,0,0,0,0,-2,0,13.26,4.541,-41.29,-29.29,0,0,6,5,0,0,0,4,3.9189999999999996,58.78,16,9,-49,,14.26,0.5410000000000004,-51.208999999999996,-38.208999999999996,39.33,34.49,27.92,47.64,false,false,-2.69,0,"單日成交金額低於5,000萬元；中期趨勢仍向下；20日趨勢尚未上彎；當下除權息調整價未守20日EMA"
483,2915,潤泰全,TWSE,貿易百貨,不建立部位,優先降低風險,risk,依風險與流動性分批降低部位,風險解除且基本面與趨勢重新確認後,已有部位應優先降低曝險；目前觸發「單月與累計營收同步明顯衰退」。待事件解除或基本面重新確認後再評估。,單月與累計營收同步明顯衰退,56.4,53.1,62.5,85,100,完整,60.1,,-15.65,-21.69,6.83,8.24,192.43,8.96,4.32,0.39,3.16,2,0,0,0,-494,-460,0,652.531,2620.2299999999996,2471.2149999999997,361.2149999999997,0,0,-494,-460,0,0,0,203.654,-236.174,6.56,913,3256,4138,,610.204,2416.576,3201.389,1451.3890000000001,66.21,85.01,73.34,108.36,false,false,3.81,6.18,營收動能同步衰退；累計營收負成長且當月改善不足；20日趨勢尚未上彎；單季稅前獲利對營業外貢獻依賴偏高
484,9802,鈺齊-KY,TWSE,運動休閒,不建立部位,降低部位,trim,停止加碼；反彈未站回恢復區時分批減碼,每個交易日收盤後，確認是否站回恢復區,已有部位先停止加碼。反彈若仍未站回 70.62，分批降低部位；只有站回且ETF／外資賣壓收斂後才重新評估。,價格跌破60日EMA且20日趨勢向下；ETF 5/10日同步減碼；投信5/10日持續且具金額意義地賣超,40.8,52.9,57.4,85,100,完整,64.2,,35.31,8.32,5.03,39.53,126.09,1.78,12.66,0.95,7.94,2,-60,-280,-370,-405,722,-370,100,-149.571,-1370.2579999999998,-2000.2579999999998,-60,-370,-471,655,0,4,-23754000,23.406000000000002,22.618000000000006,41.82,147,102,-525,,157,197.023,-921.876,-2884.876,32.47,23.19,17.49,34.6,true,false,-4.28,0.78,"單日成交金額低於5,000萬元；中期趨勢仍向下；ETF短中期同步減碼；ETF 1/3日已轉為減碼；主動ETF 5日轉為減碼；投信5/10日持續且具金額意義的賣超；20日趨勢尚未上彎；當下除權息調整價未守20日EMA"
485,1434,福懋,TWSE,紡織纖維,不建立部位,保護持有,protect,今天不新增部位；未完成確認前不機械式賣出,今天收盤後；若跌破，再看下一交易日是否收復,已有部位暫停加碼；若收盤跌破60日EMA約 17.71，且下一交易日仍未收復，先減碼三分之一；若ETF或外資繼續轉弱，再分批降低部位。,未觸發明確減碼訊號,59.8,52.3,51.2,85,100,完整,17.9,,-7.17,-4.73,2.41,24.34,260.28,0.5,19.46,0.62,2.79,1,0,0,0,0,0,0,248.886,2198.851,1121.088,4679.088,2,4,-14,-20,2,0,71600,104,159.625,8.56,247,2080,349,,246.886,2090.851,975.463,4497.463,50.82,61.42,48.44,87.39,false,false,0.17,2.29,"單日成交金額低於5,000萬元；累計營收負成長且當月改善不足；單季稅前獲利對營業外貢獻依賴偏高"
486,4755,三福化,TWSE,化學工業,不建立部位,保護持有,protect,今天不新增部位；未完成確認前不機械式賣出,今天收盤後；若跌破，再看下一交易日是否收復,已有部位暫停加碼；若收盤跌破60日EMA約 120.47，且下一交易日仍未收復，先減碼三分之一；若ETF或外資繼續轉弱，再分批降低部位。,價格跌破60日EMA且20日趨勢向下,50.4,52,50.9,85,100,完整,115,,10.88,1.6,10.78,33.59,165.2,2.33,25.05,1.7,3.22,1,0,0,0,0,0,0,-12,-12.169,-151.345,-334.345,0,0,0,0,0,0,0,7,26,23.03,-12,208,70,,-12,-19.169,-177.345,-378.345,48.35,54.45,45.27,72.81,false,false,0.06,1.32,"單日成交金額低於5,000萬元；中期趨勢仍向下；20日趨勢尚未上彎"
487,2520,冠德,TWSE,建材營造,不建立部位,保護持有,protect,今天不新增部位；未完成確認前不機械式賣出,今天收盤後；若跌破，再看下一交易日是否收復,已有部位暫停加碼；若收盤跌破60日EMA約 35.67，且下一交易日仍未收復，先減碼三分之一；若ETF或外資繼續轉弱，再分批降低部位。,未觸發明確減碼訊號,56.5,51.6,48.9,85,100,完整,36.95,,-26.5,16.93,18.25,57.5,171.93,1.87,11,0.91,4.38,1,0,0,0,-108,976,0,242,2360.692,1507.2579999999998,-100.74200000000019,0,-0.9,-283.9,795.1,0,1,-33255,192.59199999999998,44.14399999999998,13.17,228,2769,2367,,225.427,2169,1747.0140000000001,-894.9859999999999,53.32,42.83,51.65,25.17,false,true,0.43,1.51,"單日成交金額低於5,000萬元"
488,2204,中華,TWSE,汽車工業,不建立部位,降低部位,trim,停止加碼；反彈未站回恢復區時分批減碼,每個交易日收盤後，確認是否站回恢復區,已有部位先停止加碼。反彈若仍未站回 53.51，分批降低部位；只有站回且ETF／外資賣壓收斂後才重新評估。,價格跌破60日EMA且20日趨勢向下；外資持股5/10日下降且外資5日賣超,48.4,51.4,62,85,100,完整,52.5,,-3.04,9.09,5.12,24.02,123.61,3.19,8.55,0.76,6.86,3,-59,166,227,288,284,0,-180.38,-164.44400000000002,-783.1630000000001,-1225.163,-59.644,226.64,171.218,168.218,4,1,11898600,39.672000000000004,48.71000000000001,18.74,-66,-251,-588,,-119.951,-430.75600000000003,-1003.0909999999999,-1453.091,43.22,41.76,32.99,59.31,false,false,-0.9,0.77,"單日成交金額低於5,000萬元；中期趨勢仍向下；外資持股5/10日下降，且外資5日賣超；20日趨勢尚未上彎；當下除權息調整價未守20日EMA"
489,5471,松翰,TWSE,半導體業,不建立部位,降低部位,trim,停止加碼；反彈未站回恢復區時分批減碼,每個交易日收盤後，確認是否站回恢復區,已有部位先停止加碼。反彈若仍未站回 55.26，分批降低部位；只有站回且ETF／外資賣壓收斂後才重新評估。,價格跌破60日EMA且20日趨勢向下；外資持股5/10日下降且外資5日賣超,44.8,51.4,63.9,85,100,完整,51.6,,20.44,28.77,10.2,18.75,428.52,1.2,31.08,2.4,1.55,1,0,0,0,0,0,0,55.007,-60.18600000000001,-304.547,-962.547,0,0,0,0,0,0,0,10.004,-41.711,10.36,-93,-144,-370,,56.007,-70.19,-262.836,-909.8360000000002,38.28,38.9,27.43,61.86,false,false,-4.54,1.78,"單日成交金額低於5,000萬元；中期趨勢仍向下；外資持股5/10日下降，且外資5日賣超；20日趨勢尚未上彎；當下除權息調整價未守20日EMA"
490,9933,中鼎,TWSE,其他,不建立部位,保護持有,protect,今天不新增部位；未完成確認前不機械式賣出,今天收盤後；若跌破，再看下一交易日是否收復,已有部位暫停加碼；若收盤跌破60日EMA約 40.04，且下一交易日仍未收復，先減碼三分之一；若ETF或外資繼續轉弱，再分批降低部位。,未觸發明確減碼訊號,58,51.3,39.6,85,100,完整,41.1,,5.25,-14.13,10.5,79.51,109.31,2.71,7.58,1.62,2.31,4,0,0,14,49,1384,0,-12.802,-1330.3390000000002,3483.797,-2532.203,1,15.7,-51.69999999999996,1253.3000000000002,3,0,645270,91.967,-519.299,19.3,-4,-1429,4099,,-2.769,-1438.0059999999999,4054.7960000000003,-3202.2039999999997,52.48,54.51,66.29,30.95,false,true,0.31,-3.86,"單日成交金額低於5,000萬元；累計營收負成長且當月改善不足"
491,1210,大成,TWSE,食品工業,不建立部位,降低部位,trim,停止加碼；反彈未站回恢復區時分批減碼,每個交易日收盤後，確認是否站回恢復區,已有部位先停止加碼。反彈若仍未站回 53.41，分批降低部位；只有站回且ETF／外資賣壓收斂後才重新評估。,價格跌破60日EMA且20日趨勢向下；ETF 5/10日同步減碼,47.9,51.2,42.7,85,100,完整,52.3,,13.42,9.05,3.89,55.78,84.62,1.48,12.85,1.71,5.74,5,0,0,-153,-143,-13,0,-137.023,414.5,-708.3660000000001,-1477.366,2,-149,-143,-19,2,1,-7792700,113.119,47.036,7.65,128,475,1352,,-180.983,450.381,-612.402,-1320.402,47.11,59.34,53.28,71.45,false,false,-0.05,1.55,"單日成交金額低於5,000萬元；中期趨勢仍向下；ETF短中期同步減碼；20日趨勢尚未上彎；當下除權息調整價未守20日EMA"
492,5222,全訊,TWSE,半導體業,不建立部位,降低部位,trim,停止加碼；反彈未站回恢復區時分批減碼,每個交易日收盤後，確認是否站回恢復區,已有部位先停止加碼。反彈若仍未站回 106.37，分批降低部位；只有站回且ETF／外資賣壓收斂後才重新評估。,價格跌破60日EMA且20日趨勢向下；ETF 5/10日同步減碼,48,51.2,58.2,85,93,可用,106,,59.94,-10.15,16.7,15.68,245.71,0.63,55.5,3.3,2.36,1,0,-3,-3,-3,0,0,17.67,162.053,95.49800000000002,-140.50199999999998,0,-2.399,-2.399,0.601,0,1,-254294,7.346,5.8469999999999995,3.28,-14,94,45,,17.77,157.106,92.05000000000001,-138.95,53.12,65.65,52.28,92.39,false,false,1.15,2.91,"單日成交金額低於5,000萬元；中期趨勢仍向下；ETF短中期同步減碼；20日趨勢尚未上彎"
493,8442,威宏-KY,TWSE,其他,不建立部位,降低部位,trim,停止加碼；反彈未站回恢復區時分批減碼,每個交易日收盤後，確認是否站回恢復區,已有部位先停止加碼。反彈若仍未站回 45.79，分批降低部位；只有站回且ETF／外資賣壓收斂後才重新評估。,價格跌破60日EMA且20日趨勢向下；外資持股5/10日下降且外資5日賣超,47.7,51.1,50.5,85,100,完整,45.1,,36.95,12.91,3.35,54.91,161.46,1.38,14.5,0.85,6.65,1,-6,17,23,29,34,0,-19.088,5.430999999999998,-12.387000000000002,-21.387,-6.088,23.431,29.613,30.613,4,1,1056738,-2,5,55.97,-13,-21,-73,,-13,-16,-47,-4,44.66,51.13,53.05,47.3,false,true,-1.51,-1.31,"單日成交金額低於5,000萬元；中期趨勢仍向下；外資持股5/10日下降，且外資5日賣超；20日趨勢尚未上彎；當下除權息調整價未守20日EMA"
494,1227,佳格,TWSE,食品工業,不建立部位,保護持有,protect,今天不新增部位；未完成確認前不機械式賣出,今天收盤後；若跌破，再看下一交易日是否收復,已有部位暫停加碼；若收盤跌破60日EMA約 28.81，且下一交易日仍未收復，先減碼三分之一；若ETF或外資繼續轉弱，再分批降低部位。,價格跌破60日EMA且20日趨勢向下,47.1,51,49.2,85,100,完整,28.25,,10.7,7.39,4.15,40.08,164.89,0.8,17.55,1.4,4.74,1,0,0,0,0,0,0,39.826,-333.866,-881.4659999999999,-4003.466,0,0,-142,-143,0,0,0,56.882999999999996,63.21799999999999,6.87,80,46,-373,,40.249,-390.749,-802.684,-3932.684,43.07,33.35,28.63,42.81,false,false,-0.66,0.71,"單日成交金額低於5,000萬元；中期趨勢仍向下；20日趨勢尚未上彎；當下除權息調整價未守20日EMA"
495,4933,友輝,TPEX,光電業,不建立部位,優先降低風險,risk,依風險與流動性分批降低部位,風險解除且基本面與趨勢重新確認後,已有部位應優先降低曝險；目前觸發「價格跌破60日EMA且20日趨勢向下」。待事件解除或基本面重新確認後再評估。,價格跌破60日EMA且20日趨勢向下；單月與累計營收同步明顯衰退,43.8,50.9,73.3,85,100,可用,53.1,,-35.64,-13.53,16.56,25.33,348.18,2.91,7.36,1.13,5.44,1,0,0,0,0,0,0,8.807,8.807,8.807,-87.193,0,0,0,0,0,0,0,-0.193,-0.193,7.85,,,,,9,9,9,-87,47.44,64.04,44.78,102.56,false,false,0.36,3.71,"單日成交金額低於5,000萬元；營收動能同步衰退；累計營收負成長且當月改善不足；中期趨勢仍向下；外資持股尚未完成5／10日可比核對或期間有非市場異動；此項不給分，不解讀為轉弱；20日趨勢尚未上彎"
496,9939,宏全,TWSE,其他,不建立部位,降低部位,trim,停止加碼；反彈未站回恢復區時分批減碼,每個交易日收盤後，確認是否站回恢復區,已有部位先停止加碼。反彈若仍未站回 128.79，分批降低部位；只有站回且ETF／外資賣壓收斂後才重新評估。,價格跌破60日EMA且20日趨勢向下；ETF 5/10日同步減碼,44.1,50.9,50.2,85,100,完整,125,,7.08,3.29,16.21,59.06,108.5,6.55,11.36,1.87,4.96,6,0,0,-2,-2,-510,0,8.721,14.940000000000007,-556.934,-2145.934,-45,-46.448,-74.44800000000001,-695.448,0,2,-5806000,14.967,-49.218999999999994,16.47,36,114,-400,,53.421,46.42099999999999,-433.267,-1425.267,36.82,21.14,24.65,14.11,false,true,-2.39,-0.4,"單日成交金額低於5,000萬元；中期趨勢仍向下；ETF短中期同步減碼；20日趨勢尚未上彎；當下除權息調整價未守20日EMA"
497,2597,潤弘,TWSE,建材營造,不建立部位,保護持有,protect,今天不新增部位；未完成確認前不機械式賣出,今天收盤後；若跌破，再看下一交易日是否收復,已有部位暫停加碼；若收盤跌破60日EMA約 168.25，且下一交易日仍未收復，先減碼三分之一；若ETF或外資繼續轉弱，再分批降低部位。,未觸發明確減碼訊號,56.1,50.8,34.4,85,100,完整,168.5,,40.91,16.72,13.16,68.77,112.85,5.08,14.45,7.04,5.74,5,0,0,0,1,53,0,47.784,111.63900000000001,207.14499999999998,1393.145,1,2,32.177,84.17699999999999,2,0,337000,21.19,46.949,2.42,38,174,177,,48.675,88.449,128.019,1251.019,47.81,37.98,43.24,27.47,false,true,-0.73,0,"單日成交金額低於5,000萬元；當下除權息調整價未守20日EMA"
498,2923,鼎固-KY,TWSE,建材營造,不建立部位,保護持有,protect,今天不新增部位；未完成確認前不機械式賣出,今天收盤後；若跌破，再看下一交易日是否收復,已有部位暫停加碼；若收盤跌破60日EMA約 26.54，且下一交易日仍未收復，先減碼三分之一；若ETF或外資繼續轉弱，再分批降低部位。,未觸發明確減碼訊號,48.5,50.8,47.3,85,100,完整,25.7,,218.99,159.22,14.07,58.69,288.95,-0.11,,0.97,0.47,1,0,0,0,0,0,0,0,272,-217.035,-182.03499999999997,0,0,0,0,0,0,0,37,46.965,99.5,4,239,-260,,4,235,-264,-268,48.77,63.89,54.64,82.41,false,false,-0.39,8.44,"單日成交金額低於5,000萬元；當下除權息調整價未守20日EMA"
499,2546,根基,TWSE,建材營造,不建立部位,保護持有,protect,今天不新增部位；未完成確認前不機械式賣出,今天收盤後；若跌破，再看下一交易日是否收復,已有部位暫停加碼；若收盤跌破60日EMA約 98.08，且下一交易日仍未收復，先減碼三分之一；若ETF或外資繼續轉弱，再分批降低部位。,未觸發明確減碼訊號,58.3,50.7,43.4,85,100,完整,106,,-24.41,11.19,12.17,61.6,158.04,8.89,7.09,2.11,5.66,3,0,0,0,0,-163,0,18.362,117.03199999999998,13.327999999999978,-324.672,0,0,0,-163,0,0,0,5,22.83,4.12,16,64,-13,,19.362,112.03199999999998,-9.502000000000013,-179.502,55.1,60.43,52.09,77.1,false,false,1.36,-0.47,"單日成交金額低於5,000萬元；20日趨勢尚未上彎"
500,2373,震旦行,TWSE,其他電子業,不建立部位,保護持有,protect,今天不新增部位；未完成確認前不機械式賣出,今天收盤後；若跌破，再看下一交易日是否收復,已有部位暫停加碼；若收盤跌破60日EMA約 53.87，且下一交易日仍未收復，先減碼三分之一；若ETF或外資繼續轉弱，再分批降低部位。,價格跌破60日EMA且20日趨勢向下,44.6,50.6,54.8,85,100,完整,53.1,,3.6,-1.83,5.2,51.07,134.22,1.63,14.2,1.61,6.97,1,0,0,0,0,0,0,-3,22,4,21,0,0,0,0,0,0,0,9,8,1.41,-3,13,-7,,-3,13,-4,13,47.84,57.4,47.74,76.72,false,false,0,0.76,"單日成交金額低於5,000萬元；累計營收負成長且當月改善不足；中期趨勢仍向下；20日趨勢尚未上彎"
501,2491,吉祥全,TWSE,光電業,不建立部位,保護持有,protect,今天不新增部位；未完成確認前不機械式賣出,今天收盤後；若跌破，再看下一交易日是否收復,已有部位暫停加碼；若收盤跌破60日EMA約 37.50，且下一交易日仍未收復，先減碼三分之一；若ETF或外資繼續轉弱，再分批降低部位。,外資持股5/10日下降且外資5日賣超,47.8,50.3,64.6,85,100,完整,40.15,,10.9,-3.23,-170.2,17.78,507.82,29.98,1.26,0.81,,1,0,0,0,0,-4,0,-31.953,-271.209,-218.75000000000006,1737.25,0,0,0,-4,0,0,0,2,-27,9.76,-33,-282,-191,,-32.953,-273.209,-191.75000000000006,1776.25,49.05,33.13,30.29,38.81,false,false,-1.94,-0.99,"單日成交金額低於5,000萬元；外資持股5/10日下降，且外資5日賣超；20日趨勢尚未上彎；當下除權息調整價未守20日EMA；單季稅前獲利對營業外貢獻依賴偏高"
502,4549,桓達,TPEX,電機機械,不建立部位,保護持有,protect,今天不新增部位；未完成確認前不機械式賣出,今天收盤後；若跌破，再看下一交易日是否收復,已有部位暫停加碼；若收盤跌破60日EMA約 97.02，且下一交易日仍未收復，先減碼三分之一；若ETF或外資繼續轉弱，再分批降低部位。,價格跌破60日EMA且20日趨勢向下,47.4,50.2,61.3,85,100,可用,97,,5.66,-6.99,23.7,33.36,475.96,2.28,23.83,2.93,3.3,1,0,0,0,0,0,0,2,2,2,43,0,0,0,0,0,0,0,0,0,1.2,,,,,2,2,2,43,50.18,51.23,41.07,71.57,false,false,0.02,2.11,"單日成交金額低於5,000萬元；累計營收負成長且當月改善不足；中期趨勢仍向下；外資持股尚未完成5／10日可比核對或期間有非市場異動；此項不給分，不解讀為轉弱；20日趨勢尚未上彎"
503,2206,三陽工業,TWSE,汽車工業,不建立部位,保護持有,protect,今天不新增部位；未完成確認前不機械式賣出,今天收盤後；若跌破，再看下一交易日是否收復,已有部位暫停加碼；若收盤跌破60日EMA約 62.81，且下一交易日仍未收復，先減碼三分之一；若ETF或外資繼續轉弱，再分批降低部位。,ETF 5/10日同步減碼,53,50.1,45.3,85,100,完整,63.7,,-0.22,-4.83,8.71,57.04,142.77,3.14,10.67,1.87,4.8,2,0,0,-150,-150,-150,0,133.083,489.286,-52.29499999999996,-77.29499999999996,3,-144,-39,-45,2,1,-9172800,60,66,7.94,124,358,-324,,125.083,573.2860000000001,-79.2949999999999,-117.2949999999999,53.49,62.67,64.69,58.63,false,true,0.27,0.16,"單日成交金額低於5,000萬元；累計營收負成長且當月改善不足；ETF短中期同步減碼"
504,2903,遠百,TWSE,貿易百貨,不建立部位,保護持有,protect,今天不新增部位；未完成確認前不機械式賣出,今天收盤後；若跌破，再看下一交易日是否收復,已有部位暫停加碼；若收盤跌破60日EMA約 22.31，且下一交易日仍未收復，先減碼三分之一；若ETF或外資繼續轉弱，再分批降低部位。,價格跌破60日EMA且20日趨勢向下,50.9,49.8,40.8,85,100,完整,22.25,,-0.64,-0.5,14.05,73.04,49.46,0.55,14.93,1.04,5.62,4,0,0,0,328,2097,0,-20,630.597,-1553.239,-1793.239,0,0,42,1802,0,0,0,78,271.19399999999996,7.96,-40,624,-825,,-21,552.597,-1866.4330000000004,-3877.4330000000004,50.32,57.76,46.84,79.61,false,false,0.1,2.06,"單日成交金額低於5,000萬元；累計營收負成長且當月改善不足；中期趨勢仍向下；20日趨勢尚未上彎"
505,2718,全心投控,TPEX,建材營造,不建立部位,優先降低風險,risk,依風險與流動性分批降低部位,風險解除且基本面與趨勢重新確認後,已有部位應優先降低曝險；目前觸發「價格跌破60日EMA且20日趨勢向下」。待事件解除或基本面重新確認後再評估。,價格跌破60日EMA且20日趨勢向下；單月與累計營收同步明顯衰退,41.4,49.6,75.9,85,100,可用,40.65,,-93.1,-89.69,33.05,17.92,536.6,2.72,3.9,0.57,13.7,1,-4,12,17,22,23,0,-4.402,-4.402,-4.402,-80.402,-4.402,-4.402,-4.402,-4.402,0,1,-178941,0,0,0.54,,,,,0,0,0,-71,36.8,67.34,51.24,99.54,false,false,-2.59,1.63,"單日成交金額低於5,000萬元；營收動能同步衰退；累計營收負成長且當月改善不足；中期趨勢仍向下；外資持股尚未完成5／10日可比核對或期間有非市場異動；此項不給分，不解讀為轉弱；20日趨勢尚未上彎；當下除權息調整價未守20日EMA；單季稅前獲利對營業外貢獻依賴偏高"
506,3060,銘異,TWSE,電腦及週邊設備業,不建立部位,保護持有,protect,今天不新增部位；未完成確認前不機械式賣出,今天收盤後；若跌破，再看下一交易日是否收復,已有部位暫停加碼；若收盤跌破60日EMA約 28.32，且下一交易日仍未收復，先減碼三分之一；若ETF或外資繼續轉弱，再分批降低部位。,價格跌破60日EMA且20日趨勢向下,44.4,49.6,52.5,85,100,完整,26.3,,46.39,23.06,4.73,40.82,202.51,0.68,39.25,1.32,0.76,1,0,0,0,0,-11,0,8.062,-19.74600000000001,-748.975,-2619.975,0,0,0,-11,0,0,0,-9.516000000000002,3.2349999999999994,10,17,61,-510,,7.986,-10.230000000000004,-752.21,-2615.21,43.9,54.5,52.73,58.03,false,false,-1.58,0.77,"單日成交金額低於5,000萬元；中期趨勢仍向下；20日趨勢尚未上彎；當下除權息調整價未守20日EMA"
507,2010,春源,TWSE,鋼鐵工業,不建立部位,保護持有,protect,今天不新增部位；未完成確認前不機械式賣出,今天收盤後；若跌破，再看下一交易日是否收復,已有部位暫停加碼；若收盤跌破60日EMA約 22.37，且下一交易日仍未收復，先減碼三分之一；若ETF或外資繼續轉弱，再分批降低部位。,價格跌破60日EMA且20日趨勢向下,44.5,49.4,55.1,85,100,完整,21.9,,-6.24,4.31,7.89,45.34,176.99,1.35,8.73,1.13,9.13,1,0,0,0,0,0,0,-155,751.865,-136.50900000000001,128.49099999999999,0,0,0,0,0,0,0,42.62,119.686,8.7,-193,691,-38,,-157,709.2450000000001,-256.19499999999994,-2.1949999999999363,44.64,44.45,34.48,64.38,false,false,-0.97,1.39,"單日成交金額低於5,000萬元；中期趨勢仍向下；20日趨勢尚未上彎；當下除權息調整價未守20日EMA"
508,2247,汎德永業,TWSE,汽車工業,不建立部位,保護持有,protect,今天不新增部位；未完成確認前不機械式賣出,今天收盤後；若跌破，再看下一交易日是否收復,已有部位暫停加碼；若收盤跌破60日EMA約 228.73，且下一交易日仍未收復，先減碼三分之一；若ETF或外資繼續轉弱，再分批降低部位。,未觸發明確減碼訊號,56.4,48.9,48.1,85,100,完整,230,,0.71,-20.63,3.09,41.1,269.81,6.55,16.59,1.46,6.3,2,-5,14,19,24,26,0,0.001,64.238,77.935,195.935,-4.999,19.241,9.317999999999998,10.317999999999998,4,1,4425430,2,2,4.09,7,44,87,,5,42.997,66.617,187.61700000000002,50.67,65.75,60.73,75.79,false,false,-0.08,0.22,"單日成交金額低於5,000萬元；累計營收負成長且當月改善不足；當下除權息調整價未守20日EMA"
509,2387,精元,TWSE,電腦及週邊設備業,不建立部位,優先降低風險,risk,依風險與流動性分批降低部位,風險解除且基本面與趨勢重新確認後,已有部位應優先降低曝險；目前觸發「單月與累計營收同步明顯衰退」。待事件解除或基本面重新確認後再評估。,單月與累計營收同步明顯衰退,54.5,48.9,52.6,85,100,完整,37,,-17.12,-13.16,1.59,42.64,184.67,0.66,12.42,0.68,10.81,3,-40,111,154,192,210,0,11.281,240.374,224.466,402.466,-40.086,154.29000000000002,192.36,211.36,4,1,5708730,6.49,15.490000000000002,8.74,69,74,-54,,51.367,79.594,16.61599999999999,190.61599999999999,52.93,76.35,67.57,93.91,false,false,0.76,1.79,"單日成交金額低於5,000萬元；營收動能同步衰退；累計營收負成長且當月改善不足"
510,3059,華晶科,TWSE,光電業,不建立部位,保護持有,protect,今天不新增部位；未完成確認前不機械式賣出,今天收盤後；若跌破，再看下一交易日是否收復,已有部位暫停加碼；若收盤跌破60日EMA約 40.07，且下一交易日仍未收復，先減碼三分之一；若ETF或外資繼續轉弱，再分批降低部位。,價格跌破60日EMA且20日趨勢向下,46.9,48.9,56.1,85,100,完整,37.95,,8.25,7.21,6.46,35.86,200.37,0.64,30.12,1.15,2.64,2,0,0,0,50,187,0,437.105,525.793,674.504,-2047.496,0,0,50,187,0,0,0,-12.515,-58.528000000000006,7.87,427,765,1196,,439.067,538.308,683.0319999999999,-1988.968,41.72,61.88,50.96,83.73,false,false,-1.21,0.26,"單日成交金額低於5,000萬元；中期趨勢仍向下；20日趨勢尚未上彎；當下除權息調整價未守20日EMA"
511,1810,和成,TWSE,玻璃陶瓷,不建立部位,保護持有,protect,今天不新增部位；未完成確認前不機械式賣出,今天收盤後；若跌破，再看下一交易日是否收復,已有部位暫停加碼；若收盤跌破60日EMA約 24.11，且下一交易日仍未收復，先減碼三分之一；若ETF或外資繼續轉弱，再分批降低部位。,價格跌破60日EMA且20日趨勢向下,47.1,48.6,61.6,85,100,完整,23.85,,4.61,-6.31,-10.35,20.16,316.24,3.62,6.52,0.84,0.84,1,0,0,0,11,28,0,344.054,1384.103,1105.294,-610.7059999999999,0,0,10.913999999999998,27.913999999999998,0,0,0,7.243000000000002,25.160000000000004,2,353,1413,1169,,344.054,1376.8600000000001,1069.22,-636.78,44.82,40.67,31.91,58.19,false,false,-1.27,1.49,"單日成交金額低於5,000萬元；累計營收負成長且當月改善不足；中期趨勢仍向下；20日趨勢尚未上彎；當下除權息調整價未守20日EMA；單季稅前獲利對營業外貢獻依賴偏高"
512,6104,創惟,TPEX,半導體業,不建立部位,保護持有,protect,今天不新增部位；未完成確認前不機械式賣出,今天收盤後；若跌破，再看下一交易日是否收復,已有部位暫停加碼；若收盤跌破60日EMA約 94.55，且下一交易日仍未收復，先減碼三分之一；若ETF或外資繼續轉弱，再分批降低部位。,價格跌破60日EMA且20日趨勢向下,41.5,48.4,54.5,85,100,可用,90.3,,3.37,0.77,13.92,35.3,172.53,2.87,19.01,3.81,4.98,1,0,0,0,0,0,0,-43.459,-43.459,-43.459,197.54099999999994,0,0,0,0,0,0,0,0.541,0.541,21.29,,,,,-44,-44,-44,228,41.47,29.85,23.01,43.54,false,false,-2.33,-0.66,"單日成交金額低於5,000萬元；中期趨勢仍向下；外資持股尚未完成5／10日可比核對或期間有非市場異動；此項不給分，不解讀為轉弱；20日趨勢尚未上彎；當下除權息調整價未守20日EMA"
513,4968,立積,TWSE,半導體業,不建立部位,保護持有,protect,今天不新增部位；未完成確認前不機械式賣出,今天收盤後；若跌破，再看下一交易日是否收復,已有部位暫停加碼；若收盤跌破60日EMA約 96.15，且下一交易日仍未收復，先減碼三分之一；若ETF或外資繼續轉弱，再分批降低部位。,未觸發明確減碼訊號,51.5,48.3,54.4,85,100,完整,92,,-2.44,2.84,3.27,25.03,385.26,1,24.86,3.14,1.74,2,0,0,0,0,0,0,23.24,430.515,605.3579999999998,799.3579999999998,0,0,0,0,0,0,0,9.748,5.471999999999998,4.97,-16,207,468,,23,420.76700000000005,599.8860000000001,808.8860000000001,50.05,72.32,62.89,91.18,false,false,0.68,2.56,"單日成交金額低於5,000萬元"
514,2015,豐興,TWSE,鋼鐵工業,不建立部位,保護持有,protect,今天不新增部位；未完成確認前不機械式賣出,今天收盤後；若跌破，再看下一交易日是否收復,已有部位暫停加碼；若收盤跌破60日EMA約 64.05，且下一交易日仍未收復，先減碼三分之一；若ETF或外資繼續轉弱，再分批降低部位。,外資持股5/10日下降且外資5日賣超,48.4,48.2,58.8,85,100,完整,64.2,,9.67,-7.35,9.45,15.81,342.19,2.36,15,1.69,5.14,3,0,0,0,0,-120,0,-2,-28.712000000000003,-209.11,-12.110000000000014,0,0,0,-120,0,0,0,43,64,12.78,-2,-70,-287,,-2,-71.712,-273.11,63.889999999999986,48.25,48.33,51.86,41.26,false,true,-0.35,0.78,"單日成交金額低於5,000萬元；累計營收負成長且當月改善不足；外資持股5/10日下降，且外資5日賣超；20日趨勢尚未上彎；當下除權息調整價未守20日EMA"
515,3703,欣陸,TWSE,建材營造,不建立部位,保護持有,protect,今天不新增部位；未完成確認前不機械式賣出,今天收盤後；若跌破，再看下一交易日是否收復,已有部位暫停加碼；若收盤跌破60日EMA約 20.15，且下一交易日仍未收復，先減碼三分之一；若ETF或外資繼續轉弱，再分批降低部位。,外資持股5/10日下降且外資5日賣超,51.4,48.2,37.1,85,100,完整,19.9,,15.27,-6.39,5.41,70.54,121.44,0.57,10.1,0.6,5.28,1,0,0,0,1,-1,0,-22,-308.14300000000003,-1248.903,-2187.9030000000002,0,0,-99,-104,0,0,0,62,48,19.53,-74,-234,-1053,,-22,-370.14300000000003,-1197.903,-2062.9030000000002,51.12,34.55,39.38,24.88,false,true,0.42,1.53,"單日成交金額低於5,000萬元；外資持股5/10日下降，且外資5日賣超"
516,6962,奕力-KY,TWSE,半導體業,不建立部位,保護持有,protect,今天不新增部位；未完成確認前不機械式賣出,今天收盤後；若跌破，再看下一交易日是否收復,已有部位暫停加碼；若收盤跌破60日EMA約 32.40，且下一交易日仍未收復，先減碼三分之一；若ETF或外資繼續轉弱，再分批降低部位。,價格跌破60日EMA且20日趨勢向下,50.7,48.2,53.9,85,100,完整,31.55,,7.16,-0.21,-1.55,22.41,239.24,0.61,21.61,0.78,3.17,1,0,0,0,0,0,0,-205.852,406.204,983.883,-3163.117,0.076,0.076,0.076,0.076,1,0,2398,12.738,-93.188,38.07,-75,1415,2160,,-204.943,393.39,1076.995,-3044.005,50.87,64.9,49.49,95.73,false,false,0.76,2.44,"單日成交金額低於5,000萬元；累計營收負成長且當月改善不足；中期趨勢仍向下；20日趨勢尚未上彎；單季稅前獲利對營業外貢獻依賴偏高"
517,3015,全漢,TWSE,電子零組件業,不建立部位,保護持有,protect,今天不新增部位；未完成確認前不機械式賣出,今天收盤後；若跌破，再看下一交易日是否收復,已有部位暫停加碼；若收盤跌破60日EMA約 54.35，且下一交易日仍未收復，先減碼三分之一；若ETF或外資繼續轉弱，再分批降低部位。,價格跌破60日EMA且20日趨勢向下,54.9,48.1,53.8,85,100,完整,53.3,,1.3,-5.23,0.56,29.03,188.6,1.08,20.98,0.67,4.13,5,0,0,6,78,212,0,46.467,77.62,-15.979999999999997,-510.98,0,6,78.22,212.22,1,0,319800,8.604,-24.602000000000004,9.41,65,139,62,,46.223,63.01599999999999,-69.59800000000001,-689.598,51.32,58.94,45.69,85.44,false,false,1.14,4.72,"單日成交金額低於5,000萬元；累計營收負成長且當月改善不足；中期趨勢仍向下；20日趨勢尚未上彎；單季稅前獲利對營業外貢獻依賴偏高"
518,4571,鈞興-KY,TWSE,電機機械,不建立部位,保護持有,protect,今天不新增部位；未完成確認前不機械式賣出,今天收盤後；若跌破，再看下一交易日是否收復,已有部位暫停加碼；若收盤跌破60日EMA約 159.95，且下一交易日仍未收復，先減碼三分之一；若ETF或外資繼續轉弱，再分批降低部位。,價格跌破60日EMA且20日趨勢向下,45.8,48,61.6,85,100,完整,153,,-4.01,2.64,17.19,25.38,311.88,4.16,17.09,2.44,3.44,1,0,0,0,0,0,0,-0.315,18.768,-43.35900000000001,-328.35900000000004,0,0,0,0,0,0,0,0,-5.804,63.14,2,36,-11,,-0.315,18.768,-37.555,-316.555,47.11,61.4,40.73,102.74,false,false,-0.26,2.68,"單日成交金額低於5,000萬元；中期趨勢仍向下；20日趨勢尚未上彎；當下除權息調整價未守20日EMA"
519,2402,毅嘉,TWSE,電子零組件業,不建立部位,保護持有,protect,今天不新增部位；未完成確認前不機械式賣出,今天收盤後；若跌破，再看下一交易日是否收復,已有部位暫停加碼；若收盤跌破60日EMA約 57.07，且下一交易日仍未收復，先減碼三分之一；若ETF或外資繼續轉弱，再分批降低部位。,價格跌破60日EMA且20日趨勢向下,44.4,47.9,44.4,85,100,完整,53.6,,16.42,17.17,4.36,56.6,161.09,0.46,32.1,2.27,3.73,1,0,0,0,0,0,0,-171.835,-408.803,-625.3609999999999,-2845.361,0,0,0,0,0,0,0,-122.72999999999999,-215.36799999999997,5.4,-68,-197,444,,-147.82,-286.073,-409.99300000000005,-2444.993,42.12,36.66,31.71,46.56,false,false,-2.35,-1.65,"單日成交金額低於5,000萬元；中期趨勢仍向下；20日趨勢尚未上彎；當下除權息調整價未守20日EMA"
520,1537,廣隆,TWSE,電機機械,不建立部位,保護持有,protect,今天不新增部位；未完成確認前不機械式賣出,今天收盤後；若跌破，再看下一交易日是否收復,已有部位暫停加碼；若收盤跌破60日EMA約 120.60，且下一交易日仍未收復，先減碼三分之一；若ETF或外資繼續轉弱，再分批降低部位。,價格跌破60日EMA且20日趨勢向下,42.2,47.7,61.3,85,100,完整,115,,10.98,2.73,11.23,32.26,319,4.01,13.91,2.23,6.26,1,0,0,0,0,-26,0,-15,0.8419999999999987,-46.968,-320.968,0,0,0,-26,0,0,0,-10.158,-7.1579999999999995,15.37,-14,53,71,,-15,11,-39.81,-288.81,36.71,46.61,48.08,43.65,false,true,-1.48,0,"單日成交金額低於5,000萬元；中期趨勢仍向下；20日趨勢尚未上彎；當下除權息調整價未守20日EMA"
521,2540,愛山林,TWSE,建材營造,不建立部位,保護持有,protect,今天不新增部位；未完成確認前不機械式賣出,今天收盤後；若跌破，再看下一交易日是否收復,已有部位暫停加碼；若收盤跌破60日EMA約 50.05，且下一交易日仍未收復，先減碼三分之一；若ETF或外資繼續轉弱，再分批降低部位。,未觸發明確減碼訊號,53.3,47.6,29.6,85,100,完整,49.65,,98.38,-25.15,2.6,82.96,121.15,0.02,,4.36,12.08,1,0,0,0,0,0,0,196.23,644.731,1216.241,151.24099999999999,0,0,0,0,0,0,0,84,138,1.73,127,841,861,,196.23,560.731,1078.241,510.241,52.89,40.2,48.11,24.38,false,true,1.57,2.37,"單日成交金額低於5,000萬元"
522,9938,百和,TWSE,其他,不建立部位,降低部位,trim,停止加碼；反彈未站回恢復區時分批減碼,每個交易日收盤後，確認是否站回恢復區,已有部位先停止加碼。反彈若仍未站回 41.87，分批降低部位；只有站回且ETF／外資賣壓收斂後才重新評估。,價格跌破60日EMA且20日趨勢向下；外資持股5/10日下降且外資5日賣超,46.9,47.1,52.2,85,100,完整,38.35,,-3.18,1.5,11.5,53.33,110.43,1.36,11.8,0.88,7.82,2,-64,179,245,310,-245,0,117.1,-258.74299999999994,-938.904,-3528.904,-64.461,244.54199999999997,310.01199999999994,-240.98800000000006,4,1,9378186,12.912000000000003,-464.419,7.53,324,-137,-227,,177.562,-516.197,-784.497,-2783.497,29.06,28.75,17.1,52.04,true,false,-2.95,1.19,"單日成交金額低於5,000萬元；中期趨勢仍向下；外資持股5/10日下降，且外資5日賣超；20日趨勢尚未上彎；當下除權息調整價未守20日EMA"
523,8436,大江,TPEX,生技醫療業,不建立部位,降低部位,trim,停止加碼；反彈未站回恢復區時分批減碼,每個交易日收盤後，確認是否站回恢復區,已有部位先停止加碼。反彈若仍未站回 114.43，分批降低部位；只有站回且ETF／外資賣壓收斂後才重新評估。,價格跌破60日EMA且20日趨勢向下；ETF 5/10日同步減碼,34.9,47,62.2,85,100,可用,105,,2.05,-1.98,18.09,36.7,169.74,4.13,11.93,1.51,5.73,1,-64,-64,-65,-65,-430,-64,-209.337,-209.337,-209.337,-2319.337,-64,-64,-64,-432,0,1,-6720000,-2.337,-2.337,12.62,,,,,-143,-143,-143,-1685,33.08,34.45,22.6,58.14,false,false,-3.97,1.45,"單日成交金額低於5,000萬元；累計營收負成長且當月改善不足；中期趨勢仍向下；ETF短中期同步減碼；ETF 1/3日已轉為減碼；主動ETF 5日轉為減碼；外資持股尚未完成5／10日可比核對或期間有非市場異動；此項不給分，不解讀為轉弱；20日趨勢尚未上彎；當下除權息調整價未守20日EMA"
524,1707,葡萄王,TWSE,生技醫療業,不建立部位,優先降低風險,risk,依風險與流動性分批降低部位,風險解除且基本面與趨勢重新確認後,已有部位應優先降低曝險；目前觸發「價格跌破60日EMA且20日趨勢向下」。待事件解除或基本面重新確認後再評估。,價格跌破60日EMA且20日趨勢向下；外資持股5/10日下降且外資5日賣超；單月與累計營收同步明顯衰退,40.1,46.9,63.8,85,100,完整,87.1,,-20.14,-5.36,15.96,22.65,158.79,2.75,11.24,1.26,6.89,1,0,0,0,0,0,0,-3.377,-246.27399999999997,-1421.099,-1731.099,0,0,0,1,0,0,0,5.63,-4.057000000000001,12.5,-11,-262,-1337,,-3,-251.904,-1417.042,-1719.042,38.93,17.14,18.14,15.12,false,false,-1.61,0.69,"單日成交金額低於5,000萬元；營收動能同步衰退；累計營收負成長且當月改善不足；中期趨勢仍向下；外資持股5/10日下降，且外資5日賣超；20日趨勢尚未上彎；當下除權息調整價未守20日EMA"
525,6768,志強-KY,TWSE,運動休閒,不建立部位,降低部位,trim,停止加碼；反彈未站回恢復區時分批減碼,每個交易日收盤後，確認是否站回恢復區,已有部位先停止加碼。反彈若仍未站回 67.95，分批降低部位；只有站回且ETF／外資賣壓收斂後才重新評估。,價格跌破60日EMA且20日趨勢向下；ETF 5/10日同步減碼,40.8,46.8,57.5,85,100,完整,62.9,,6.86,-2.38,5.93,38.72,218.82,2.67,12.61,0.86,8.2,1,0,0,-2,-2,-18,0,89.99,206.237,87.60299999999995,-187.39700000000005,0,-1.981,-1.981,-110.981,0,1,-124605,5.818,2.8179999999999996,57.77,-14,86,-67,,90,202.39999999999998,86.76599999999996,-77.23400000000004,41.85,55.98,43.37,81.2,false,false,-0.72,1.45,"單日成交金額低於5,000萬元；累計營收負成長且當月改善不足；中期趨勢仍向下；ETF短中期同步減碼；20日趨勢尚未上彎；當下除權息調整價未守20日EMA"
526,3576,聯合再生,TWSE,光電業,不建立部位,優先降低風險,risk,依風險與流動性分批降低部位,風險解除且基本面與趨勢重新確認後,已有部位應優先降低曝險；目前觸發「單月與累計營收同步明顯衰退」。待事件解除或基本面重新確認後再評估。,單月與累計營收同步明顯衰退,62.7,46.7,33.5,85,100,完整,17.75,,-13.03,-14.58,-55.84,46.52,154.12,0.93,32.87,2.24,,1,0,0,0,0,0,0,1882.913,8801.511,5634.476000000001,11680.476,0.1,0.1,0.1,0.1,1,0,1775,114,84,15.35,1884,8690,5553,,1883.813,8687.411,5550.376,11647.376,58.06,60.23,47.49,85.71,false,false,3.95,8.9,營收動能同步衰退；累計營收負成長且當月改善不足；單季稅前獲利對營業外貢獻依賴偏高
527,6143,振曜,TPEX,通信網路業,不建立部位,保護持有,protect,今天不新增部位；未完成確認前不機械式賣出,今天收盤後；若跌破，再看下一交易日是否收復,已有部位暫停加碼；若收盤跌破60日EMA約 88.72，且下一交易日仍未收復，先減碼三分之一；若ETF或外資繼續轉弱，再分批降低部位。,價格跌破60日EMA且20日趨勢向下,37.1,46.7,61.9,85,100,可用,81.2,,-12.97,11.48,10.45,43.35,196.37,3.03,10.32,2.47,7.39,1,0,0,0,-1,-1,0,73.861,73.861,73.861,-614.139,0,0,0,0,0,0,0,-0.077,-0.077,5.55,,,,,73.938,73.938,73.938,-572.062,33.22,47.39,39.97,62.23,false,false,-3.63,-1.58,"單日成交金額低於5,000萬元；中期趨勢仍向下；外資持股尚未完成5／10日可比核對或期間有非市場異動；此項不給分，不解讀為轉弱；20日趨勢尚未上彎；當下除權息調整價未守20日EMA"
528,2543,皇昌,TWSE,建材營造,不建立部位,保護持有,protect,今天不新增部位；未完成確認前不機械式賣出,今天收盤後；若跌破，再看下一交易日是否收復,已有部位暫停加碼；若收盤跌破60日EMA約 39.72，且下一交易日仍未收復，先減碼三分之一；若ETF或外資繼續轉弱，再分批降低部位。,價格跌破60日EMA且20日趨勢向下,45.9,46.6,40.2,85,100,完整,38.3,,51.51,59.41,12.32,57.93,101.48,1.34,13.25,2.1,3.99,1,0,0,0,0,0,0,66.286,168.6699999999999,-46.88500000000004,1487.115,0,0,-79,-81,0,0,0,39.075,33.66199999999999,1.8,-279,110,-240,,65.82,129.59499999999997,-1.5470000000000734,1576.453,47.76,40.16,43.48,33.54,false,true,-0.63,-1.03,"單日成交金額低於5,000萬元；中期趨勢仍向下；20日趨勢尚未上彎；當下除權息調整價未守20日EMA"
529,6203,海韻電,TPEX,電子零組件業,不建立部位,優先降低風險,risk,依風險與流動性分批降低部位,風險解除且基本面與趨勢重新確認後,已有部位應優先降低曝險；目前觸發「價格跌破60日EMA且20日趨勢向下」。待事件解除或基本面重新確認後再評估。,價格跌破60日EMA且20日趨勢向下；單月與累計營收同步明顯衰退,39.6,46.6,71.2,85,100,可用,59.9,,-32.19,-30.32,11.15,23.84,383.27,1.89,9.12,1.68,6.68,1,0,0,0,0,0,0,13,13,13,164,0,0,0,0,0,0,0,0,0,3.1,,,,,13,13,13,166,44.97,25.71,23.68,29.77,true,true,-0.22,0.67,"單日成交金額低於5,000萬元；營收動能同步衰退；累計營收負成長且當月改善不足；中期趨勢仍向下；外資持股尚未完成5／10日可比核對或期間有非市場異動；此項不給分，不解讀為轉弱；20日趨勢尚未上彎；當下除權息調整價未守20日EMA"
530,2528,皇普,TWSE,建材營造,不建立部位,優先降低風險,risk,依風險與流動性分批降低部位,風險解除且基本面與趨勢重新確認後,已有部位應優先降低曝險；目前觸發「價格跌破60日EMA且20日趨勢向下」。待事件解除或基本面重新確認後再評估。,價格跌破60日EMA且20日趨勢向下；單月與累計營收同步明顯衰退,46.8,46.3,53.1,85,100,完整,19.85,,-76.39,-62.18,23.42,65.26,190.14,0.57,8.07,1.15,15.11,1,-53,147,203,257,311,0,-239.806,53.709999999999965,15.796999999999969,487.797,-52.806,203.246,256.878,310.878,4,1,4034433,-652,-897.545,1.66,-294,298,195,,-127,502.464,656.4639999999999,1138.464,47.72,57.97,51.02,71.87,false,false,-0.74,1.53,"單日成交金額低於5,000萬元；營收動能同步衰退；累計營收負成長且當月改善不足；中期趨勢仍向下；20日趨勢尚未上彎；當下除權息調整價未守20日EMA"
531,3622,洋華,TWSE,光電業,不建立部位,優先降低風險,risk,依風險與流動性分批降低部位,風險解除且基本面與趨勢重新確認後,已有部位應優先降低曝險；目前觸發「價格跌破60日EMA且20日趨勢向下」。待事件解除或基本面重新確認後再評估。,價格跌破60日EMA且20日趨勢向下；單月與累計營收同步明顯衰退,34.8,46.3,77.8,85,100,完整,44.45,,-35.95,-8.19,21.64,14.28,649.81,1.1,8.72,0.85,7.2,1,0,0,0,-2,-2,0,-107,-173.71799999999996,-760.7399999999999,-1664.7399999999998,0,0,-1.914,-1.914,0,0,0,-29.218999999999998,-31.999999999999996,2.59,0,172,-17,,-68,-144.499,-726.826,-1724.826,29.67,29.36,27.23,33.62,false,false,-7.22,-1.77,"單日成交金額低於5,000萬元；營收動能同步衰退；累計營收負成長且當月改善不足；中期趨勢仍向下；20日趨勢尚未上彎；當下除權息調整價未守20日EMA"
532,2415,錩新,TWSE,電子零組件業,不建立部位,保護持有,protect,今天不新增部位；未完成確認前不機械式賣出,今天收盤後；若跌破，再看下一交易日是否收復,已有部位暫停加碼；若收盤跌破60日EMA約 27.93，且下一交易日仍未收復，先減碼三分之一；若ETF或外資繼續轉弱，再分批降低部位。,價格跌破60日EMA且20日趨勢向下,38.6,45,46.5,85,100,可用,26.85,,-0.6,8.38,6.5,71.54,127.59,0.47,17.1,1.4,5.92,1,0,0,0,0,-8,0,-8,-22.406999999999996,-13.751999999999997,-280.752,0,0,0,-8,0,0,0,2.593,4,20.67,27,56,1994,,-8,-25,-17.752000000000002,-277.752,41.59,24.09,22.72,26.83,true,false,-2.32,-0.92,"單日成交金額低於5,000萬元；中期趨勢仍向下；外資持股尚未完成5／10日可比核對或期間有非市場異動；此項不給分，不解讀為轉弱；20日趨勢尚未上彎；當下除權息調整價未守20日EMA"
533,2458,義隆,TWSE,半導體業,不建立部位,優先降低風險,risk,依風險與流動性分批降低部位,風險解除且基本面與趨勢重新確認後,已有部位應優先降低曝險；目前觸發「價格跌破60日EMA且20日趨勢向下」。待事件解除或基本面重新確認後再評估。,價格跌破60日EMA且20日趨勢向下；ETF 5/10日同步減碼；外資持股5/10日下降且外資5日賣超,39.9,45,61.3,85,100,完整,129,,-36.72,-3.41,22.95,31.65,227.9,5.53,11.99,3.3,5.48,16,-2,-105,-233,-584,-777,0,-227.042,-1068.293,-1405.5069999999998,-3650.5069999999996,-2,-233.195,-634.877,-1149.877,0,4,-30082155,31.01,182.85699999999997,19.28,-166,-584,-270,,-220.204,-866.108,-953.487,-2379.487,37.83,60.67,54.52,72.97,false,false,-2.56,0.39,營收動能同步衰退；累計營收負成長且當月改善不足；中期趨勢仍向下；ETF短中期同步減碼；ETF 1/3日已轉為減碼；投信5/10日持續且具金額意義的賣超；外資持股5/10日下降，且外資5日賣超；20日趨勢尚未上彎；當下除權息調整價未守20日EMA
534,2385,群光,TWSE,電子零組件業,不建立部位,優先降低風險,risk,依風險與流動性分批降低部位,風險解除且基本面與趨勢重新確認後,已有部位應優先降低曝險；目前觸發「價格跌破60日EMA且20日趨勢向下」。待事件解除或基本面重新確認後再評估。,價格跌破60日EMA且20日趨勢向下；單月與累計營收同步明顯衰退,46.5,44.4,49.9,85,100,可用,104,,-23.13,-8.49,5.03,52.04,143.4,5.06,11.67,1.7,6.92,23,-10,-70,256,-77,-257,0,386.924,58.99099999999993,1064.5059999999996,5532.505999999999,-51.7,369.02700000000004,-60.45599999999996,57.54400000000004,3,2,38378808,80.97999999999999,170.248,24.47,330,-664,1306,,422.14,-391.016,954.7139999999999,5434.714,42.82,46.27,46.26,46.3,false,false,-1.67,-1.42,營收動能同步衰退；累計營收負成長且當月改善不足；中期趨勢仍向下；ETF 1/3日已轉為減碼；20日趨勢尚未上彎；當下除權息調整價未守20日EMA
535,1907,永豐餘,TWSE,造紙工業,不建立部位,降低部位,trim,停止加碼；反彈未站回恢復區時分批減碼,每個交易日收盤後，確認是否站回恢復區,已有部位先停止加碼。反彈若仍未站回 29.25，分批降低部位；只有站回且ETF／外資賣壓收斂後才重新評估。,價格跌破60日EMA且20日趨勢向下；外資持股5/10日下降且外資5日賣超,42.2,44.3,43.8,85,100,完整,28.45,,6.03,5,0.15,43.8,126.95,0.47,16.74,0.52,3.51,3,0,0,0,-96,-479,0,-351.57,-503.54100000000005,-475.87199999999996,-1211.8719999999998,4,8,-89.307,-464.307,2,0,227600,111,57.995000000000005,13,-152,-172,-45,,-359.57,-622.541,-444.5600000000002,-792.5600000000002,38.32,26.33,31.47,16.05,false,true,-2.75,-1.39,"單日成交金額低於5,000萬元；中期趨勢仍向下；外資持股5/10日下降，且外資5日賣超；20日趨勢尚未上彎；當下除權息調整價未守20日EMA；單季稅前獲利對營業外貢獻依賴偏高"
536,9930,中聯資源,TWSE,綠能環保,不建立部位,降低部位,trim,停止加碼；反彈未站回恢復區時分批減碼,每個交易日收盤後，確認是否站回恢復區,已有部位先停止加碼。反彈若仍未站回 63.34，分批降低部位；只有站回且ETF／外資賣壓收斂後才重新評估。,價格跌破60日EMA且20日趨勢向下；外資持股5/10日下降且外資5日賣超,40,43.9,50.9,85,100,完整,60.8,,6.03,-3.03,9.79,43.21,90.16,2.16,13.76,2.44,6.58,2,0,0,0,0,-1,0,1.38,-37.937,-160.615,-128.615,0,0,0,0,0,0,0,18.673000000000002,18.995000000000005,1.91,2,-86,-237,,1.38,-56.61,-179.61,-142.61,31.7,15.35,15.36,15.34,false,true,-1.65,-0.33,"單日成交金額低於5,000萬元；累計營收負成長且當月改善不足；中期趨勢仍向下；外資持股5/10日下降，且外資5日賣超；20日趨勢尚未上彎；當下除權息調整價未守20日EMA"
537,6719,力智,TWSE,半導體業,不建立部位,優先降低風險,risk,依風險與流動性分批降低部位,風險解除且基本面與趨勢重新確認後,已有部位應優先降低曝險；目前觸發「價格跌破60日EMA且20日趨勢向下」。待事件解除或基本面重新確認後再評估。,價格跌破60日EMA且20日趨勢向下；單月與累計營收同步明顯衰退,39.2,43.5,64.6,85,100,完整,183,,-15.97,-7.64,17.85,18.57,987.87,4.2,20.61,1.37,2.51,2,0,0,0,0,21,0,-114.572,-254.15499999999997,-85.073,9.927000000000021,0,0,-27,-8,0,0,0,24.792,4.648000000000002,6.76,-74,-111,75,,-97.318,-278.947,-62.72099999999999,57.278999999999996,41.75,49.75,41.12,67.02,false,false,-2.2,1.39,營收動能同步衰退；累計營收負成長且當月改善不足；中期趨勢仍向下；20日趨勢尚未上彎；當下除權息調整價未守20日EMA
538,5309,系統電,TPEX,電子零組件業,不建立部位,保護持有,protect,今天不新增部位；未完成確認前不機械式賣出,今天收盤後；若跌破，再看下一交易日是否收復,已有部位暫停加碼；若收盤跌破60日EMA約 54.43，且下一交易日仍未收復，先減碼三分之一；若ETF或外資繼續轉弱，再分批降低部位。,價格跌破60日EMA且20日趨勢向下,46.5,43.2,47.5,85,100,可用,51.5,,27.55,9.37,-5.41,32.97,447.01,0.06,302.94,2.24,0.97,1,0,0,4,66,185,0,-3.247,-3.247,-3.247,-1659.2469999999998,0,0,0,119,0,0,0,-10.432,-10.432,11.18,,,,,7.185,7.185,7.185,-1704.815,47.77,66.09,54.61,89.04,false,false,-0.01,1.98,"單日成交金額低於5,000萬元；中期趨勢仍向下；外資持股尚未完成5／10日可比核對或期間有非市場異動；此項不給分，不解讀為轉弱；20日趨勢尚未上彎；當下除權息調整價未守20日EMA"
539,3078,僑威,TPEX,電子零組件業,不建立部位,優先降低風險,risk,依風險與流動性分批降低部位,風險解除且基本面與趨勢重新確認後,已有部位應優先降低曝險；目前觸發「價格跌破60日EMA且20日趨勢向下」。待事件解除或基本面重新確認後再評估。,價格跌破60日EMA且20日趨勢向下；單月與累計營收同步明顯衰退,43.3,43.1,60.9,85,100,可用,45.2,,-49.34,-46.93,6.99,35.08,273.61,1.02,12.56,1.51,8.85,3,-47,131,183,230,269,0,-77.6,-77.6,-77.6,-2764.6,-47.215,-47.215,-47.215,-5.215000000000003,0,1,-2134118,-11.385,-11.385,12.32,,,,,-19,-19,-19,-2674,38.13,69.47,56.79,94.83,false,false,-2.82,0.56,"單日成交金額低於5,000萬元；營收動能同步衰退；累計營收負成長且當月改善不足；中期趨勢仍向下；外資持股尚未完成5／10日可比核對或期間有非市場異動；此項不給分，不解讀為轉弱；20日趨勢尚未上彎；當下除權息調整價未守20日EMA"
540,6281,全國電,TWSE,電子通路業,不建立部位,保護持有,protect,今天不新增部位；未完成確認前不機械式賣出,今天收盤後；若跌破，再看下一交易日是否收復,已有部位暫停加碼；若收盤跌破60日EMA約 51.52，且下一交易日仍未收復，先減碼三分之一；若ETF或外資繼續轉弱，再分批降低部位。,價格跌破60日EMA且20日趨勢向下,38.2,43.1,44,85,100,完整,50.9,,3.33,-0.17,2.85,72.06,130.4,2.26,13.65,1.81,6.48,1,0,0,0,0,0,0,1,9,4,-9,0,0,0,0,0,0,0,3,2,2.63,1,5,-11,,1,6,2,0,40.14,15.45,21.03,4.3,false,false,-0.62,0,"單日成交金額低於5,000萬元；累計營收負成長且當月改善不足；中期趨勢仍向下；20日趨勢尚未上彎；當下除權息調整價未守20日EMA"
541,6462,神盾,TPEX,半導體業,不建立部位,保護持有,protect,今天不新增部位；未完成確認前不機械式賣出,今天收盤後；若跌破，再看下一交易日是否收復,已有部位暫停加碼；若收盤跌破60日EMA約 102.10，且下一交易日仍未收復，先減碼三分之一；若ETF或外資繼續轉弱，再分批降低部位。,價格跌破60日EMA且20日趨勢向下,49.5,43.1,30.1,85,100,可用,99.2,,11.1,61.61,-21.7,32.94,114.5,-3.05,,1.22,0,1,0,0,0,0,0,0,100.914,100.914,100.914,521.914,0,0,0,0,0,0,0,-1.936,-1.936,13.11,,,,,102.85,102.85,102.85,555.85,50.22,45.13,38.71,57.96,false,false,0.47,1.02,"單日成交金額低於5,000萬元；中期趨勢仍向下；外資持股尚未完成5／10日可比核對或期間有非市場異動；此項不給分，不解讀為轉弱；20日趨勢尚未上彎"
542,2328,廣宇,TWSE,電子零組件業,不建立部位,保護持有,protect,今天不新增部位；未完成確認前不機械式賣出,今天收盤後；若跌破，再看下一交易日是否收復,已有部位暫停加碼；若收盤跌破60日EMA約 46.71，且下一交易日仍未收復，先減碼三分之一；若ETF或外資繼續轉弱，再分批降低部位。,未觸發明確減碼訊號,58,42.9,35.9,85,100,完整,47.1,,19.67,-7.84,0,31.57,236.18,-0.24,109.53,1.67,1.91,2,0,0,0,0,0,0,158.677,1298.156,1845.1299999999997,5462.129999999999,0,0,0,0,0,0,0,158.077,251.53900000000002,9.44,-73,242,735,,156.717,1140.079,1593.5909999999997,5223.590999999999,55.21,62.25,51.96,82.82,false,false,1.72,2.95,"單日成交金額低於5,000萬元；估值高，現有成長幅度尚未支撐目前估值"
543,8163,達方,TWSE,電腦及週邊設備業,不建立部位,保護持有,protect,今天不新增部位；未完成確認前不機械式賣出,今天收盤後；若跌破，再看下一交易日是否收復,已有部位暫停加碼；若收盤跌破60日EMA約 31.95，且下一交易日仍未收復，先減碼三分之一；若ETF或外資繼續轉弱，再分批降低部位。,價格跌破60日EMA且20日趨勢向下,41.6,42.9,38.2,85,100,完整,29.8,,11.18,10.46,1.68,61.95,138.69,0.51,49.67,0.76,1.68,1,0,0,0,0,0,0,16.068,42.098,-94.62199999999999,-555.622,0,0,0,0,0,0,0,19.754,32.79,9.13,20,120,-12,,16,22.343999999999998,-127.412,-589.412,41.5,56.08,44.47,79.29,false,false,-1.88,0.51,"單日成交金額低於5,000萬元；中期趨勢仍向下；20日趨勢尚未上彎；當下除權息調整價未守20日EMA"
544,3558,神準,TPEX,通信網路業,不建立部位,保護持有,protect,今天不新增部位；未完成確認前不機械式賣出,今天收盤後；若跌破，再看下一交易日是否收復,已有部位暫停加碼；若收盤跌破60日EMA約 125.13，且下一交易日仍未收復，先減碼三分之一；若ETF或外資繼續轉弱，再分批降低部位。,價格跌破60日EMA且20日趨勢向下,43.6,42.7,36.6,85,100,可用,122.5,,36.8,-8.32,1.15,56.65,127.18,0.81,57.24,1.21,2.45,1,0,0,0,0,0,0,2.777,2.777,2.777,-154.223,0,0,0,0,0,0,0,0.377,0.377,3.61,,,,,2.4,2.4,2.4,-151.6,48.57,62.95,50.01,88.84,false,false,-0.06,1.24,"單日成交金額低於5,000萬元；中期趨勢仍向下；外資持股尚未完成5／10日可比核對或期間有非市場異動；此項不給分，不解讀為轉弱；20日趨勢尚未上彎；當下除權息調整價未守20日EMA"
545,6592,和潤企業,TWSE,其他,不建立部位,降低部位,trim,停止加碼；反彈未站回恢復區時分批減碼,每個交易日收盤後，確認是否站回恢復區,已有部位先停止加碼。反彈若仍未站回 60.39，分批降低部位；只有站回且ETF／外資賣壓收斂後才重新評估。,價格跌破60日EMA且20日趨勢向下；外資持股5/10日下降且外資5日賣超,35.1,42.7,45.8,85,100,完整,58,,-4.05,-4.12,19.84,87.04,105.16,2.22,11.65,1.11,5.69,2,0,0,0,-30,357,0,-180.88,-1211.8640000000003,-1586.0070000000003,-1576.0070000000003,0,0,-30,357,0,0,0,50.276,48.214999999999996,22.86,-68,-740,-913,,-181.02,-1262.14,-1604.222,-1975.222,29.67,7.71,10.7,1.71,false,false,-2.84,-2.68,"單日成交金額低於5,000萬元；累計營收負成長且當月改善不足；中期趨勢仍向下；外資持股5/10日下降，且外資5日賣超；20日趨勢尚未上彎；當下除權息調整價未守20日EMA"
546,4420,光明,TPEX,紡織纖維,不建立部位,保護持有,protect,今天不新增部位；未完成確認前不機械式賣出,今天收盤後；若跌破，再看下一交易日是否收復,已有部位暫停加碼；若收盤跌破60日EMA約 37.38，且下一交易日仍未收復，先減碼三分之一；若ETF或外資繼續轉弱，再分批降低部位。,價格跌破60日EMA且20日趨勢向下,39.5,42.6,55.2,85,100,可用,35.7,,13.51,-6.33,2.22,11.91,222.84,0.94,26.64,1.02,8.4,1,-5,11,15,20,23,0,-3.135,-3.135,-3.135,27.865000000000002,-4.135,-4.135,-4.135,-3.135,0,1,-147620,0,0,0.83,,,,,1,1,1,34,37,19.93,31.92,-4.05,false,false,-4.24,-7.27,"單日成交金額低於5,000萬元；中期趨勢仍向下；外資持股尚未完成5／10日可比核對或期間有非市場異動；此項不給分，不解讀為轉弱；20日趨勢尚未上彎；當下除權息調整價未守20日EMA；單季稅前獲利對營業外貢獻依賴偏高"
547,3545,敦泰,TWSE,半導體業,不建立部位,保護持有,protect,今天不新增部位；未完成確認前不機械式賣出,今天收盤後；若跌破，再看下一交易日是否收復,已有部位暫停加碼；若收盤跌破60日EMA約 50.97，且下一交易日仍未收復，先減碼三分之一；若ETF或外資繼續轉弱，再分批降低部位。,未觸發明確減碼訊號,55.5,42.4,34.6,85,100,完整,51.3,,-8.27,-12.95,-5.92,33.53,207.81,0.64,,1.25,1.58,2,0,0,0,0,0,0,13.532,1197.757,1230.6,1931.6,0,0,0,0,0,0,0,19.412,-0.889000000000002,15.77,90,1045,1536,,10.16,1178.345,1231.489,1971.489,54.15,66.98,61.49,77.98,false,false,1.59,2.91,"單日成交金額低於5,000萬元；累計營收負成長且當月改善不足；單季稅前獲利對營業外貢獻依賴偏高"
548,4942,嘉彰,TWSE,光電業,不建立部位,優先降低風險,risk,依風險與流動性分批降低部位,風險解除且基本面與趨勢重新確認後,已有部位應優先降低曝險；目前觸發「價格跌破60日EMA且20日趨勢向下」。待事件解除或基本面重新確認後再評估。,價格跌破60日EMA且20日趨勢向下；外資持股5/10日下降且外資5日賣超；單月與累計營收同步明顯衰退,37,42.3,66.6,85,100,完整,31.4,,-13.5,-7.99,4.58,18.47,371.26,0.77,10.83,0.48,6.37,1,0,0,0,0,0,0,3.351,-15.496000000000002,-199.66,-266.65999999999997,0,0,0,0,0,0,0,9.454,7.209999999999999,6.13,5,-2,-63,,3,-24.950000000000003,-206.87,-270.87,25.42,29.66,25.23,38.52,false,false,-2.39,0,"單日成交金額低於5,000萬元；營收動能同步衰退；累計營收負成長且當月改善不足；中期趨勢仍向下；外資持股5/10日下降，且外資5日賣超；20日趨勢尚未上彎；當下除權息調整價未守20日EMA"
549,3483,力致,TPEX,電腦及週邊設備業,不建立部位,優先降低風險,risk,依風險與流動性分批降低部位,風險解除且基本面與趨勢重新確認後,已有部位應優先降低曝險；目前觸發「單月與累計營收同步明顯衰退」。待事件解除或基本面重新確認後再評估。,單月與累計營收同步明顯衰退,50.4,42.1,39.2,85,100,可用,76.6,,-32.24,-7.86,0.44,48.8,166.92,0.69,26.32,1.54,3.92,2,0,0,0,-1,-1,0,-24.967,-24.967,-24.967,-220.96699999999998,0,0,0,0,0,0,0,0.251,0.251,13.15,,,,,-25.218,-25.218,-25.218,-230.21800000000002,51.46,43.13,32.2,64.99,true,false,0.95,2.54,"單日成交金額低於5,000萬元；營收動能同步衰退；累計營收負成長且當月改善不足；外資持股尚未完成5／10日可比核對或期間有非市場異動；此項不給分，不解讀為轉弱；單季稅前獲利對營業外貢獻依賴偏高"
550,6790,永豐實,TWSE,造紙工業,不建立部位,保護持有,protect,今天不新增部位；未完成確認前不機械式賣出,今天收盤後；若跌破，再看下一交易日是否收復,已有部位暫停加碼；若收盤跌破60日EMA約 38.42，且下一交易日仍未收復，先減碼三分之一；若ETF或外資繼續轉弱，再分批降低部位。,價格跌破60日EMA且20日趨勢向下,39.2,42.1,46.5,85,100,完整,37.75,,-4.1,-2.43,8.88,48.59,152.4,1.52,12.26,1.8,7.02,1,0,0,0,0,0,0,22,54.998000000000005,106.65100000000001,104.65100000000001,0,0,0,0,0,0,0,6.998,11.651000000000002,1.94,22,48,86,,22,48,95,114,41.9,37.7,34.99,43.13,false,false,-0.48,0.27,"單日成交金額低於5,000萬元；累計營收負成長且當月改善不足；中期趨勢仍向下；20日趨勢尚未上彎；當下除權息調整價未守20日EMA"
551,2371,大同,TWSE,電機機械,不建立部位,優先降低風險,risk,依風險與流動性分批降低部位,風險解除且基本面與趨勢重新確認後,已有部位應優先降低曝險；目前觸發「ETF 5/10日同步減碼」。待事件解除或基本面重新確認後再評估。,ETF 5/10日同步減碼；單月與累計營收同步明顯衰退,55.7,41.9,30.1,85,100,完整,29,,-11.49,-0.69,4.56,60.69,195.43,0.91,,1.23,,2,0,-1,-364,-63,187,0,-268.848,12547.317,14923.410999999998,21559.411,0,-363.861,-70.86099999999999,179.139,1,2,-10551969,409.8639999999999,177.5349999999999,7.21,318,16101,17305,,-109.275,12501.314,14816.737000000001,20722.737,56.34,68.37,67.61,69.9,false,false,2.05,2.65,營收動能同步衰退；累計營收負成長且當月改善不足；ETF短中期同步減碼；20日累積後5日轉為調節
552,6176,瑞儀,TWSE,光電業,不建立部位,優先降低風險,risk,依風險與流動性分批降低部位,風險解除且基本面與趨勢重新確認後,已有部位應優先降低曝險；目前觸發「價格跌破60日EMA且20日趨勢向下」。待事件解除或基本面重新確認後再評估。,價格跌破60日EMA且20日趨勢向下；ETF 5/10日同步減碼；外資持股5/10日下降且外資5日賣超,34.8,41.9,54.9,85,100,完整,92.8,,-13.63,-7.43,10.12,48.32,178.45,2.81,11.47,1.18,3.77,5,0,0,-36,-38,-36,0,221.76,-833.3770000000003,-1572.4550000000002,-5237.455,0,-36.172,-38.068999999999996,-36.068999999999996,0,2,-3356762,0.03200000000000025,-2.056999999999995,32.99,440,-735,-1091,,223.261,-797.2369999999996,-1532.3289999999995,-5231.329,41.01,63.79,62.98,65.42,false,false,-1.82,0.65,營收動能同步衰退；累計營收負成長且當月改善不足；中期趨勢仍向下；ETF短中期同步減碼；外資持股5/10日下降，且外資5日賣超；20日趨勢尚未上彎；當下除權息調整價未守20日EMA
553,1582,信錦,TWSE,電子零組件業,不建立部位,降低部位,trim,停止加碼；反彈未站回恢復區時分批減碼,每個交易日收盤後，確認是否站回恢復區,已有部位先停止加碼。反彈若仍未站回 75.53，分批降低部位；只有站回且ETF／外資賣壓收斂後才重新評估。,價格跌破60日EMA且20日趨勢向下；外資持股5/10日下降且外資5日賣超,40.2,41.6,49.2,85,100,完整,70.4,,1.6,-1.8,1.81,43.02,195.59,1.65,21.93,1.38,4.26,1,0,0,0,0,0,0,20.445,-138.84300000000002,-173.798,-399.798,0,0,0,0,0,0,0,-5.4590000000000005,-0.4150000000000027,4.96,28,-148,-63,,21.445,-133.384,-173.38299999999998,-349.383,41.19,52.91,40.29,78.16,false,false,-1.72,0.72,"單日成交金額低於5,000萬元；累計營收負成長且當月改善不足；中期趨勢仍向下；外資持股5/10日下降，且外資5日賣超；20日趨勢尚未上彎；當下除權息調整價未守20日EMA；單季稅前獲利對營業外貢獻依賴偏高"
554,4585,達明,TWSE,其他電子業,不建立部位,保護持有,protect,今天不新增部位；未完成確認前不機械式賣出,今天收盤後；若跌破，再看下一交易日是否收復,已有部位暫停加碼；若收盤跌破60日EMA約 301.83，且下一交易日仍未收復，先減碼三分之一；若ETF或外資繼續轉弱，再分批降低部位。,未觸發明確減碼訊號,44.9,41.5,51.6,85,100,完整,295,,-6.11,10.42,6.71,10.35,340.31,1.83,106.12,4.42,0.34,1,0,0,0,0,0,0,0.069,38.70099999999999,361.88599999999997,724.886,0,0,-24,-24,0,0,0,-4.899000000000001,-22.353,1.33,-1,75,516,,2,43.599999999999994,408.239,776.239,46.93,53.92,55.36,51.04,false,true,-0.79,0.17,"單日成交金額低於5,000萬元；當下除權息調整價未守20日EMA；估值高，現有成長幅度尚未支撐目前估值；單季稅前獲利對營業外貢獻依賴偏高"
555,1444,力麗,TWSE,紡織纖維,不建立部位,降低部位,trim,停止加碼；反彈未站回恢復區時分批減碼,每個交易日收盤後，確認是否站回恢復區,已有部位先停止加碼。反彈若仍未站回 7.15，分批降低部位；只有站回且ETF／外資賣壓收斂後才重新評估。,價格跌破60日EMA且20日趨勢向下；外資持股5/10日下降且外資5日賣超,44.1,41.3,30.7,85,100,完整,6.86,,-14.56,16.04,-1.41,44.94,88.37,0.14,,0.67,,1,0,0,0,0,-67,0,2.223,-51.785000000000025,-1976.295,-3881.295,0,0,0,-67,0,0,0,539,541,5.14,131,-339,-1865,,32.223,-590.7849999999999,-2517.2949999999996,-4364.295,43.84,49.07,39.94,67.33,false,false,-1.45,2.54,"單日成交金額低於5,000萬元；中期趨勢仍向下；外資持股5/10日下降，且外資5日賣超；20日趨勢尚未上彎；當下除權息調整價未守20日EMA；單季稅前獲利對營業外貢獻依賴偏高"
556,3228,金麗科,TPEX,半導體業,不建立部位,保護持有,protect,今天不新增部位；未完成確認前不機械式賣出,今天收盤後；若跌破，再看下一交易日是否收復,已有部位暫停加碼；若收盤跌破60日EMA約 163.63，且下一交易日仍未收復，先減碼三分之一；若ETF或外資繼續轉弱，再分批降低部位。,未觸發明確減碼訊號,54.7,41.2,34.6,85,100,可用,167,,10.79,12.61,-42.81,14.14,297.68,-1,,17.65,0,1,0,0,0,0,-10,0,41.812,41.812,41.812,141.812,0,0,0,-10,0,0,0,-5.329,-5.329,7.19,,,,,47.141,47.141,47.141,-58.85900000000001,52.39,42.19,37.92,50.73,true,false,0.61,1.52,"單日成交金額低於5,000萬元；外資持股尚未完成5／10日可比核對或期間有非市場異動；此項不給分，不解讀為轉弱"
557,6890,來億-KY,TWSE,運動休閒,不建立部位,降低部位,trim,停止加碼；反彈未站回恢復區時分批減碼,每個交易日收盤後，確認是否站回恢復區,已有部位先停止加碼。反彈若仍未站回 168.37，分批降低部位；只有站回且ETF／外資賣壓收斂後才重新評估。,價格跌破60日EMA且20日趨勢向下；外資持股5/10日下降且外資5日賣超,39.9,41,52.6,85,100,完整,148.5,,3.13,-10.53,7.73,31.24,364.73,4.53,14.28,1.59,6.04,2,0,0,0,0,20,0,12.654,-267.253,-673.8409999999999,-1212.841,0,0,-43,-24,0,0,0,14.801,24.77,85.88,24,-182,-447,,12.969,-282.05400000000003,-655.6110000000001,-1217.611,37.11,26.66,15.85,48.28,true,true,-4.3,1.71,"單日成交金額低於5,000萬元；累計營收負成長且當月改善不足；中期趨勢仍向下；外資持股5/10日下降，且外資5日賣超；20日趨勢尚未上彎；當下除權息調整價未守20日EMA"
558,6226,光鼎,TWSE,光電業,不建立部位,優先降低風險,risk,依風險與流動性分批降低部位,風險解除且基本面與趨勢重新確認後,已有部位應優先降低曝險；目前觸發「處置或交易限制事件」。待事件解除或基本面重新確認後再評估。,處置或交易限制事件,44.4,40.9,38.2,85,100,完整,42.7,,13.06,7.14,-4.11,38.7,205,0.03,,3.94,,1,0,0,0,0,-9,0,-499.176,6201.889,8337.458,10244.458,0,0,0,-9,0,0,0,670.898,630.004,13.47,-574,5300,7800,,-574.176,5530.991,7707.453999999999,9670.453999999998,67.64,78.3,77.38,80.14,false,false,18.32,7.02,處置或交易限制風險；短線過熱或乖離過大；單季稅前獲利對營業外貢獻依賴偏高
559,6412,群電,TWSE,電子零組件業,不建立部位,優先降低風險,risk,依風險與流動性分批降低部位,風險解除且基本面與趨勢重新確認後,已有部位應優先降低曝險；目前觸發「價格跌破60日EMA且20日趨勢向下」。待事件解除或基本面重新確認後再評估。,價格跌破60日EMA且20日趨勢向下；單月與累計營收同步明顯衰退,44.4,40.7,44.2,85,100,完整,74.3,,-19.67,-9.88,3.27,55.91,141.5,3.04,12.24,1.93,4.98,5,5,5,5,29,101,0,-43.19,319.96500000000003,375.725,-931.2750000000001,5,5,28.764,100.764,1,0,371500,19.553,-55.742999999999995,5.16,-21,297,520,,-41.2,295.41200000000003,402.704,-842.296,34.71,53.34,39.17,81.69,false,false,-1.49,0.68,"單日成交金額低於5,000萬元；營收動能同步衰退；累計營收負成長且當月改善不足；中期趨勢仍向下；20日趨勢尚未上彎；當下除權息調整價未守20日EMA；單季稅前獲利對營業外貢獻依賴偏高"
560,2331,精英,TWSE,電腦及週邊設備業,不建立部位,保護持有,protect,今天不新增部位；未完成確認前不機械式賣出,今天收盤後；若跌破，再看下一交易日是否收復,已有部位暫停加碼；若收盤跌破60日EMA約 19.66，且下一交易日仍未收復，先減碼三分之一；若ETF或外資繼續轉弱，再分批降低部位。,價格跌破60日EMA且20日趨勢向下,42.2,39.7,39.1,85,100,完整,19,,-20.16,9.46,0.32,49.75,146.68,0.53,18.81,0.98,,1,0,0,0,0,0,0,-48,755.895,851.2650000000001,-294.7349999999999,0,0,0,0,0,0,0,28,-27.581999999999997,5.87,136,450,397,,-46,727.895,878.8470000000001,-199.1529999999999,46.51,54.51,45.8,71.94,false,false,-0.79,1.06,"單日成交金額低於5,000萬元；中期趨勢仍向下；20日趨勢尚未上彎；當下除權息調整價未守20日EMA；單季稅前獲利對營業外貢獻依賴偏高"
561,8039,台虹,TWSE,電子零組件業,不建立部位,優先降低風險,risk,依風險與流動性分批降低部位,風險解除且基本面與趨勢重新確認後,已有部位應優先降低曝險；目前觸發「單月與累計營收同步明顯衰退」。待事件解除或基本面重新確認後再評估。,單月與累計營收同步明顯衰退,54.6,39.6,42.2,85,93,可用,256,,-13.83,-0.91,6.25,32.38,237.55,1.56,81.27,6.03,0.78,4,0,0,27,50,107,0,291.598,-3158.2259999999997,-8815.604,-21403.604,1,-3574,-3842,-2567,2,2,-914944000,-262.94500000000005,-413.16700000000003,15.28,445,1495,-1924,,359.955,678.719,-4560.437,-18516.436999999998,44.53,13.64,15.02,10.88,true,true,-6.83,-7.08,營收動能同步衰退；累計營收負成長且當月改善不足；20日趨勢尚未上彎；當下除權息調整價未守20日EMA；估值高，現有成長幅度尚未支撐目前估值
562,6284,佳邦,TPEX,電子零組件業,不建立部位,保護持有,protect,今天不新增部位；未完成確認前不機械式賣出,今天收盤後；若跌破，再看下一交易日是否收復,已有部位暫停加碼；若收盤跌破60日EMA約 80.71，且下一交易日仍未收復，先減碼三分之一；若ETF或外資繼續轉弱，再分批降低部位。,價格跌破60日EMA且20日趨勢向下,38.8,38.8,44.7,85,100,可用,74.5,,-0.77,-5.93,5.51,43.74,130.22,0.91,19.55,1.28,2.54,1,0,0,0,20,79,0,-88.699,-88.699,-88.699,-1204.699,0,0,0,59,0,0,0,-5.702,-5.702,9.14,,,,,-82.997,-82.997,-82.997,-1254.997,43,14.58,18.98,5.77,false,false,-2.73,-1.72,"單日成交金額低於5,000萬元；累計營收負成長且當月改善不足；中期趨勢仍向下；外資持股尚未完成5／10日可比核對或期間有非市場異動；此項不給分，不解讀為轉弱；20日趨勢尚未上彎；當下除權息調整價未守20日EMA"
563,1229,聯華,TWSE,食品工業,不建立部位,優先降低風險,risk,依風險與流動性分批降低部位,風險解除且基本面與趨勢重新確認後,已有部位應優先降低曝險；目前觸發「價格跌破60日EMA且20日趨勢向下」。待事件解除或基本面重新確認後再評估。,價格跌破60日EMA且20日趨勢向下；ETF 5/10日同步減碼；外資持股5/10日下降且外資5日賣超,40.9,38.3,46.8,85,100,完整,40,,-13.13,-5.93,7.77,20.09,88.96,1.19,16.06,1.14,5,6,10,10,-4,-53,1733,0,471.423,-1063.8519999999999,-2930.968,1145.0320000000002,15,5.116999999999999,39.117000000000004,1824.117,2,2,204680,-54.008,-112.448,9.07,462,-178,-187,,456.423,-1014.961,-2857.637,-669.6370000000002,38.59,9.31,14.31,-0.7,false,true,-2.09,-0.12,營收動能同步衰退；累計營收負成長且當月改善不足；中期趨勢仍向下；ETF短中期同步減碼；20日累積後5日轉為調節；外資持股5/10日下降，且外資5日賣超；20日趨勢尚未上彎；當下除權息調整價未守20日EMA；單季稅前獲利對營業外貢獻依賴偏高
564,1440,南紡,TWSE,紡織纖維,不建立部位,保護持有,protect,今天不新增部位；未完成確認前不機械式賣出,今天收盤後；若跌破，再看下一交易日是否收復,已有部位暫停加碼；若收盤跌破60日EMA約 13.33，且下一交易日仍未收復，先減碼三分之一；若ETF或外資繼續轉弱，再分批降低部位。,價格跌破60日EMA且20日趨勢向下,43.8,35.8,32.6,85,100,完整,13.25,,-4.23,-11.81,-1.69,37.31,136.81,0.14,441.67,0.77,2.26,1,0,0,0,0,0,0,779,1923.767,389.6429999999999,3534.643,0,0,-390,-384,0,0,0,149,38.967000000000006,7.85,846,2113,1125,,767,1774.767,740.676,3714.676,46.06,42.55,35.44,56.76,false,false,-1.28,2.71,"單日成交金額低於5,000萬元；累計營收負成長且當月改善不足；中期趨勢仍向下；20日趨勢尚未上彎；當下除權息調整價未守20日EMA；估值高，現有成長幅度尚未支撐目前估值；單季稅前獲利對營業外貢獻依賴偏高"
565,1314,中石化,TWSE,塑膠工業,不建立部位,優先降低風險,risk,依風險與流動性分批降低部位,風險解除且基本面與趨勢重新確認後,已有部位應優先降低曝險；目前觸發「單月與累計營收同步明顯衰退」。待事件解除或基本面重新確認後再評估。,價格強勢站上20／60日EMA；法人未同步轉弱,58.3,35.7,20.6,85,100,完整,9.01,,-24.41,-30.19,-9.51,39.62,167.64,-0.52,,0.45,,1,0,0,0,0,0,0,8986.491,29237.074999999997,28338.033,60508.032999999996,0,0,0,0,0,0,0,2494.8720000000003,2260.174,10.86,7860,29669,28752,,9221.857,26742.202999999998,26077.859000000004,57979.859000000004,64.89,62.11,57.9,70.54,false,false,6.74,10.55,營收動能同步衰退；累計營收負成長且當月改善不足；融資增幅與短線漲幅同步偏高
566,6230,尼得科超眾,TWSE,電腦及週邊設備業,不建立部位,保護持有,protect,今天不新增部位；未完成確認前不機械式賣出,今天收盤後；若跌破，再看下一交易日是否收復,已有部位暫停加碼；若收盤跌破60日EMA約 114.94，且下一交易日仍未收復，先減碼三分之一；若ETF或外資繼續轉弱，再分批降低部位。,未觸發明確減碼訊號,48,35.6,27.8,85,100,完整,111.5,,-0.86,6.45,0.68,44.52,214.62,-1.82,,1.66,,1,0,0,0,0,0,0,5,46.251000000000005,18.380000000000003,70.38,0,0,0,0,0,0,0,5,4.91,87.13,6,40,1,,5,41.251000000000005,13.470000000000004,65.47,51.49,44.3,44.27,44.35,true,true,0.97,1.36,"單日成交金額低於5,000萬元"
567,2530,華建,TWSE,建材營造,不建立部位,優先降低風險,risk,依風險與流動性分批降低部位,風險解除且基本面與趨勢重新確認後,已有部位應優先降低曝險；目前觸發「單月與累計營收同步明顯衰退」。待事件解除或基本面重新確認後再評估。,單月與累計營收同步明顯衰退,55.5,35,22.5,85,100,完整,20.15,,-99.87,-96.56,-19.93,67.08,170.33,-0.11,30.53,1.7,11.46,2,-84,233,323,408,524,0,-72.933,-139.067,-985.8810000000001,-2634.8810000000003,-80.933,329.053,523.299,648.299,4,1,6630418,-558.125,-559.125,2.73,189,562,-774,,8,90.005,-950.0550000000001,-2229.0550000000003,52.43,49.54,52.29,44.04,false,true,0.8,1.77,"單日成交金額低於5,000萬元；營收動能同步衰退；累計營收負成長且當月改善不足"
568,1447,力鵬,TWSE,紡織纖維,不建立部位,保護持有,protect,今天不新增部位；未完成確認前不機械式賣出,今天收盤後；若跌破，再看下一交易日是否收復,已有部位暫停加碼；若收盤跌破60日EMA約 6.79，且下一交易日仍未收復，先減碼三分之一；若ETF或外資繼續轉弱，再分批降低部位。,價格跌破60日EMA且20日趨勢向下,39.9,34.4,27.8,85,100,完整,6.42,,-34.08,3.93,0.28,47.59,124.93,0.12,,0.67,,1,0,0,0,0,-51,0,218.85,192.43200000000002,-347.63699999999994,-245.63699999999994,0,0,0,-51,0,0,0,25,24,3.09,220,167,-372,,219.85,167.43200000000002,-371.63699999999994,-227.63699999999994,39.86,37.61,34.7,43.45,false,false,-2.85,1.58,"單日成交金額低於5,000萬元；中期趨勢仍向下；20日趨勢尚未上彎；當下除權息調整價未守20日EMA；單季稅前獲利對營業外貢獻依賴偏高"
569,9907,統一實,TWSE,其他,不建立部位,優先降低風險,risk,依風險與流動性分批降低部位,風險解除且基本面與趨勢重新確認後,已有部位應優先降低曝險；目前觸發「價格跌破60日EMA且20日趨勢向下」。待事件解除或基本面重新確認後再評估。,價格跌破60日EMA且20日趨勢向下；外資持股5/10日下降且外資5日賣超；單月與累計營收同步明顯衰退,42.1,34.4,42.6,85,100,完整,14.85,,-10.05,-11.02,4.31,38.72,173.59,0.35,15.63,1.12,7.95,4,-166,462,631,799,771,0,-348.941,-403.39199999999994,-994.0910000000001,4847.909,-166.13,630.52,437.2489999999999,417.2489999999999,4,1,9363222,98.899,3.969999999999999,16.08,-416,-1010,-1194,,-182.811,-1132.8110000000001,-1435.3100000000002,4380.69,39.36,9.78,13.84,1.65,false,true,-1.42,0,"單日成交金額低於5,000萬元；營收動能同步衰退；累計營收負成長且當月改善不足；中期趨勢仍向下；外資持股5/10日下降，且外資5日賣超；20日趨勢尚未上彎；當下除權息調整價未守20日EMA"
570,1515,力山,TWSE,電機機械,不建立部位,保護持有,protect,今天不新增部位；未完成確認前不機械式賣出,今天收盤後；若跌破，再看下一交易日是否收復,已有部位暫停加碼；若收盤跌破60日EMA約 31.25，且下一交易日仍未收復，先減碼三分之一；若ETF或外資繼續轉弱，再分批降低部位。,價格跌破60日EMA且20日趨勢向下,40.1,33.8,31.5,85,100,完整,29.55,,-7.59,-0.1,-1.26,51.78,96.36,0.12,19.83,1.37,2.03,1,0,0,0,0,-12,0,72.817,467.85800000000006,146.82000000000008,-2263.18,0,0,0,-12,0,0,0,9.517,-10.661000000000001,2.6,78,567,265,,70.2,458.341,157.48100000000005,-2242.5190000000002,42.75,37.64,32.23,48.46,false,false,-3.82,1.03,"單日成交金額低於5,000萬元；累計營收負成長且當月改善不足；中期趨勢仍向下；20日趨勢尚未上彎；當下除權息調整價未守20日EMA；單季稅前獲利對營業外貢獻依賴偏高"
571,6456,GIS-KY,TWSE,光電業,不建立部位,優先降低風險,risk,依風險與流動性分批降低部位,風險解除且基本面與趨勢重新確認後,已有部位應優先降低曝險；目前觸發「單月與累計營收同步明顯衰退」。待事件解除或基本面重新確認後再評估。,價格強勢站上20／60日EMA；法人未同步轉弱,54.3,33,23.2,85,100,完整,78.6,,-29.98,-23.62,-4.23,47.73,231.73,-3.76,,0.89,,1,0,0,0,0,0,0,2848.401,9282.167,7710.140999999998,6923.140999999998,0,0,0,0,0,0,0,756.6419999999999,670.1809999999999,47.54,1903,8088,7269,,2600.529,8525.525000000001,7039.960000000001,6376.960000000001,68.52,69.4,51.84,104.52,false,false,15,21.3,營收動能同步衰退；累計營收負成長且當月改善不足；短線過熱或乖離過大；融資增幅與短線漲幅同步偏高
572,8476,台境*,TWSE,綠能環保,不建立部位,優先降低風險,risk,依風險與流動性分批降低部位,風險解除且基本面與趨勢重新確認後,已有部位應優先降低曝險；目前觸發「價格跌破60日EMA且20日趨勢向下」。待事件解除或基本面重新確認後再評估。,價格跌破60日EMA且20日趨勢向下；單月與累計營收同步明顯衰退,38.8,32.2,29.9,85,100,完整,19.5,,-94.33,-17.76,5.87,57.13,181.25,0.12,69.64,1.69,1.03,1,0,0,0,0,-10,0,31.6,444.4,281.049,476.049,0,0,0,-10,0,0,0,5,5,1.57,-62,353,166,,31.6,439.4,276.049,482.049,44.7,56.17,63.01,42.49,false,true,-0.96,0,"單日成交金額低於5,000萬元；營收動能同步衰退；累計營收負成長且當月改善不足；中期趨勢仍向下；20日趨勢尚未上彎；當下除權息調整價未守20日EMA"
573,9914,美利達,TWSE,運動休閒,不建立部位,優先降低風險,risk,依風險與流動性分批降低部位,風險解除且基本面與趨勢重新確認後,已有部位應優先降低曝險；目前觸發「價格跌破60日EMA且20日趨勢向下」。待事件解除或基本面重新確認後再評估。,價格跌破60日EMA且20日趨勢向下；外資持股5/10日下降且外資5日賣超；單月與累計營收同步明顯衰退,34.4,31,37.1,85,100,完整,66.4,,-20.71,-14.17,8.5,44.19,142.91,2.15,19.25,1.02,4.22,1,0,0,0,0,-305,0,-224.493,-1355.754,-4716.0650000000005,-8413.065,0,38,-39,-346,1,0,2523200,-8.579,-698.922,25.09,-274,-2031,-4036,,-233.232,-1385.175,-3978.1429999999996,-7201.143,26.66,4.68,7.69,-1.34,false,false,-9.09,-2.21,營收動能同步衰退；累計營收負成長且當月改善不足；中期趨勢仍向下；外資持股5/10日下降，且外資5日賣超；20日趨勢尚未上彎；當下除權息調整價未守20日EMA
574,3376,新日興,TWSE,電子零組件業,不建立部位,優先降低風險,risk,依風險與流動性分批降低部位,風險解除且基本面與趨勢重新確認後,已有部位應優先降低曝險；目前觸發「價格跌破60日EMA且20日趨勢向下」。待事件解除或基本面重新確認後再評估。,價格跌破60日EMA且20日趨勢向下；外資持股5/10日下降且外資5日賣超；單月與累計營收同步明顯衰退,38.5,30.8,40.2,85,100,完整,176.5,,-10.01,-12.5,-1.84,27.54,220.84,0.47,121.72,2.09,2.27,3,0,0,0,0,-1,0,-569.728,-2193.813,-14524.628,-11745.628,0,44,134,197,1,0,7766000,-172.577,-953,11.05,-480,-1611,-11043,,-556.89,-2065.236,-13705.627999999999,-10821.627999999997,39.86,23.24,19.38,30.96,true,false,-5.47,0,營收動能同步衰退；累計營收負成長且當月改善不足；中期趨勢仍向下；外資持股5/10日下降，且外資5日賣超；20日趨勢尚未上彎；當下除權息調整價未守20日EMA；估值高，現有成長幅度尚未支撐目前估值；單季稅前獲利對營業外貢獻依賴偏高
575,2014,中鴻,TWSE,鋼鐵工業,不建立部位,優先降低風險,risk,依風險與流動性分批降低部位,風險解除且基本面與趨勢重新確認後,已有部位應優先降低曝險；目前觸發「價格跌破60日EMA且20日趨勢向下」。待事件解除或基本面重新確認後再評估。,價格跌破60日EMA且20日趨勢向下；單月與累計營收同步明顯衰退,43.6,28.9,17.1,85,100,完整,16.65,,-29.31,-7.63,1.16,53.43,139.58,0.07,,1.95,,1,0,0,0,0,0,0,1083.848,2093.42,-2112.6910000000003,-3196.6910000000003,0,0,0,0,0,0,0,83,82.466,7.09,1084,2012,-2337,,1083.848,2010.42,-2195.157,-3289.157,44.06,49.15,35.36,76.72,false,false,-0.6,1.83,"單日成交金額低於5,000萬元；營收動能同步衰退；累計營收負成長且當月改善不足；中期趨勢仍向下；20日趨勢尚未上彎；當下除權息調整價未守20日EMA"
576,8924,大田,TPEX,運動休閒,不建立部位,優先降低風險,risk,依風險與流動性分批降低部位,風險解除且基本面與趨勢重新確認後,已有部位應優先降低曝險；目前觸發「價格跌破60日EMA且20日趨勢向下」。待事件解除或基本面重新確認後再評估。,價格跌破60日EMA且20日趨勢向下；單月與累計營收同步明顯衰退,33.6,25.9,37.8,85,100,可用,49.5,,-39.66,-8,-0.45,27.92,273.95,-0.58,18,1.06,8.69,1,-11,29,41,51,85,0,-16.67,-16.67,-16.67,93.33,-10.559,-10.559,-10.559,17.441000000000003,0,1,-522670,-0.111,-0.111,3.1,,,,,-6,-6,-6,81,33.8,35.02,33.54,37.98,false,false,-1.65,-0.8,"單日成交金額低於5,000萬元；營收動能同步衰退；累計營收負成長且當月改善不足；中期趨勢仍向下；外資持股尚未完成5／10日可比核對或期間有非市場異動；此項不給分，不解讀為轉弱；20日趨勢尚未上彎；當下除權息調整價未守20日EMA"
577,2023,燁輝,TWSE,鋼鐵工業,不建立部位,優先降低風險,risk,依風險與流動性分批降低部位,風險解除且基本面與趨勢重新確認後,已有部位應優先降低曝險；目前觸發「價格跌破60日EMA且20日趨勢向下」。待事件解除或基本面重新確認後再評估。,價格跌破60日EMA且20日趨勢向下；外資持股5/10日下降且外資5日賣超；單月與累計營收同步明顯衰退,41.3,25.2,11.3,85,100,完整,13.6,,-14.31,-6.72,1.29,68.92,101.13,-0.52,,0.79,,1,0,0,0,0,0,0,-188.779,-1981.307,-3407.411,-2231.411,3,6,-151,-144,2,0,81600,103,124,3.91,-272,-1724,-2765,,-191.779,-2090.307,-3380.411,-2116.411,41.27,10.43,17.17,-3.04,false,false,-1.16,-0.73,"單日成交金額低於5,000萬元；營收動能同步衰退；累計營收負成長且當月改善不足；中期趨勢仍向下；外資持股5/10日下降，且外資5日賣超；20日趨勢尚未上彎；當下除權息調整價未守20日EMA"
578,6919,康霈*,TWSE,生技醫療業,不建立部位,優先降低風險,risk,依風險與流動性分批降低部位,風險解除且基本面與趨勢重新確認後,已有部位應優先降低曝險；目前觸發「價格跌破60日EMA且20日趨勢向下」。待事件解除或基本面重新確認後再評估。,價格跌破60日EMA且20日趨勢向下；外資持股5/10日下降且外資5日賣超；單月與累計營收同步明顯衰退,37.5,21.2,30.6,85,100,完整,80.6,,-100,-86.08,-14263.34,2.37,6003.39,-0.21,,13.61,,2,0,0,3,9,-8,0,-467.433,-2880.885,-8806.412,-45872.412,0,3,-211,-264,1,0,241800,89.767,64.50399999999998,11.86,-419,-2974,-8792,,-419.285,-2973.652,-8659.916000000001,-45421.916,36.4,41.06,44.63,33.93,false,true,-7.12,-1.23,營收動能同步衰退；累計營收負成長且當月改善不足；中期趨勢仍向下；外資持股5/10日下降，且外資5日賣超；20日趨勢尚未上彎；當下除權息調整價未守20日EMA
579,3718,中光電投控,TPEX,光電業,不建立部位,保護持有,protect,今天不新增部位；未完成確認前不機械式賣出,今天收盤後；若跌破，再看下一交易日是否收復,已有部位暫停加碼；若收盤跌破60日EMA約 —，且下一交易日仍未收復，先減碼三分之一；若ETF或外資繼續轉弱，再分批降低部位。,未觸發明確減碼訊號,18.8,6.6,0,85,60,需補強，暫不列入A級新部位,64.7,,,,,,,,,,,1,0,0,0,0,64,0,-297.987,-297.987,-297.987,-4596.987,0,0,0,0,0,0,0,-64.053,-64.053,8.02,,,,,-233.934,-233.934,-233.934,-3576.934,,,,,,,,,資料健康度低於65%門檻；外資持股尚未完成5／10日可比核對或期間有非市場異動；此項不給分，不解讀為轉弱